Dataset: StandWalkJump
Arguments: Namespace(batch_size=8, dataset='StandWalkJump', epochs=1000, eval=True, gpu=1, irregular=0, iters=None, loader='UEA', lr=0.001, max_threads=8, max_train_length=3000, repr_dims=320, run_name='UEA', save_every=None, seed=42)
Loading data... done
Epoch #0: train loss = 57.226643, val loss = 23.839775, total loss = 40.533209, Epoch time: 0.81 seconds, remaining time: 13.55 minutes
Epoch #1: train loss = 26.480083, val loss = 18.352400, total loss = 22.416242, Epoch time: 0.19 seconds, remaining time: 8.37 minutes
Epoch #2: train loss = 13.266316, val loss = 13.151390, total loss = 13.208853, Epoch time: 0.19 seconds, remaining time: 6.63 minutes
Epoch #3: train loss = 9.911743, val loss = 8.194921, total loss = 9.053332, Epoch time: 0.13 seconds, remaining time: 5.51 minutes
Epoch #4: train loss = 7.015396, val loss = 6.662944, total loss = 6.839170, Epoch time: 0.21 seconds, remaining time: 5.10 minutes
Epoch #5: train loss = 6.256516, val loss = 4.668810, total loss = 5.462663, Epoch time: 0.19 seconds, remaining time: 4.77 minutes
Epoch #6: train loss = 5.918348, val loss = 5.743335, total loss = 5.830842, Epoch time: 0.16 seconds, remaining time: 4.47 minutes
Epoch #7: train loss = 4.489515, val loss = 3.796704, total loss = 4.143110, Epoch time: 0.19 seconds, remaining time: 4.30 minutes
Epoch #8: train loss = 4.496482, val loss = 4.764072, total loss = 4.630277, Epoch time: 0.13 seconds, remaining time: 4.05 minutes
Epoch #9: train loss = 3.346363, val loss = 3.404596, total loss = 3.375480, Epoch time: 0.11 seconds, remaining time: 3.82 minutes
Epoch #10: train loss = 3.843250, val loss = 4.610831, total loss = 4.227040, Epoch time: 0.12 seconds, remaining time: 2.67 minutes
Epoch #11: train loss = 3.945055, val loss = 3.112959, total loss = 3.529007, Epoch time: 0.15 seconds, remaining time: 2.60 minutes
Epoch #12: train loss = 3.884709, val loss = 3.155699, total loss = 3.520204, Epoch time: 0.15 seconds, remaining time: 2.52 minutes
Epoch #13: train loss = 3.734539, val loss = 4.675541, total loss = 4.205040, Epoch time: 0.18 seconds, remaining time: 2.60 minutes
Epoch #14: train loss = 3.682911, val loss = 2.775612, total loss = 3.229262, Epoch time: 0.15 seconds, remaining time: 2.50 minutes
Epoch #15: train loss = 3.507152, val loss = 2.894967, total loss = 3.201060, Epoch time: 0.15 seconds, remaining time: 2.43 minutes
Epoch #16: train loss = 3.418734, val loss = 4.518952, total loss = 3.968843, Epoch time: 0.22 seconds, remaining time: 2.51 minutes
Epoch #17: train loss = 2.901371, val loss = 4.519991, total loss = 3.710681, Epoch time: 0.11 seconds, remaining time: 2.39 minutes
Epoch #18: train loss = 3.127241, val loss = 4.523768, total loss = 3.825505, Epoch time: 0.13 seconds, remaining time: 2.39 minutes
Epoch #19: train loss = 3.519835, val loss = 2.663239, total loss = 3.091537, Epoch time: 0.19 seconds, remaining time: 2.51 minutes
Epoch #20: train loss = 3.271485, val loss = 4.494639, total loss = 3.883062, Epoch time: 0.21 seconds, remaining time: 2.67 minutes
Epoch #21: train loss = 3.104649, val loss = 4.657115, total loss = 3.880882, Epoch time: 0.14 seconds, remaining time: 2.65 minutes
Epoch #22: train loss = 3.290272, val loss = 2.648411, total loss = 2.969341, Epoch time: 0.17 seconds, remaining time: 2.68 minutes
Epoch #23: train loss = 3.163199, val loss = 4.582234, total loss = 3.872717, Epoch time: 0.12 seconds, remaining time: 2.58 minutes
Epoch #24: train loss = 3.268983, val loss = 2.894428, total loss = 3.081706, Epoch time: 0.16 seconds, remaining time: 2.59 minutes
Epoch #25: train loss = 3.337069, val loss = 2.784784, total loss = 3.060927, Epoch time: 0.13 seconds, remaining time: 2.55 minutes
Epoch #26: train loss = 3.134444, val loss = 4.726549, total loss = 3.930497, Epoch time: 0.12 seconds, remaining time: 2.40 minutes
Epoch #27: train loss = 3.129103, val loss = 4.788663, total loss = 3.958883, Epoch time: 0.13 seconds, remaining time: 2.43 minutes
Epoch #28: train loss = 3.117203, val loss = 4.640139, total loss = 3.878671, Epoch time: 0.17 seconds, remaining time: 2.49 minutes
Epoch #29: train loss = 3.063746, val loss = 2.676562, total loss = 2.870154, Epoch time: 0.23 seconds, remaining time: 2.56 minutes
Epoch #30: train loss = 3.121288, val loss = 2.981847, total loss = 3.051567, Epoch time: 0.23 seconds, remaining time: 2.59 minutes
Epoch #31: train loss = 3.103505, val loss = 2.743010, total loss = 2.923257, Epoch time: 0.14 seconds, remaining time: 2.59 minutes
Epoch #32: train loss = 3.033108, val loss = 4.807106, total loss = 3.920107, Epoch time: 0.15 seconds, remaining time: 2.56 minutes
Epoch #33: train loss = 3.050101, val loss = 4.481789, total loss = 3.765945, Epoch time: 0.17 seconds, remaining time: 2.64 minutes
Epoch #34: train loss = 2.999657, val loss = 2.627573, total loss = 2.813615, Epoch time: 0.22 seconds, remaining time: 2.74 minutes
Epoch #35: train loss = 2.771359, val loss = 4.596298, total loss = 3.683829, Epoch time: 0.11 seconds, remaining time: 2.72 minutes
Epoch #36: train loss = 2.998361, val loss = 5.164978, total loss = 4.081669, Epoch time: 0.12 seconds, remaining time: 2.72 minutes
Epoch #37: train loss = 3.022587, val loss = 3.031938, total loss = 3.027263, Epoch time: 0.25 seconds, remaining time: 2.90 minutes
Epoch #38: train loss = 2.894521, val loss = 5.440774, total loss = 4.167648, Epoch time: 0.15 seconds, remaining time: 2.86 minutes
Epoch #39: train loss = 2.886886, val loss = 4.792798, total loss = 3.839842, Epoch time: 0.23 seconds, remaining time: 2.85 minutes
Epoch #40: train loss = 3.006450, val loss = 2.693070, total loss = 2.849760, Epoch time: 0.16 seconds, remaining time: 2.73 minutes
Epoch #41: train loss = 3.050299, val loss = 5.437879, total loss = 4.244089, Epoch time: 0.16 seconds, remaining time: 2.77 minutes
Epoch #42: train loss = 2.971404, val loss = 4.907371, total loss = 3.939387, Epoch time: 0.13 seconds, remaining time: 2.72 minutes
Epoch #43: train loss = 2.602391, val loss = 5.958022, total loss = 4.280207, Epoch time: 0.11 seconds, remaining time: 2.62 minutes
Epoch #44: train loss = 2.968956, val loss = 5.598085, total loss = 4.283520, Epoch time: 0.18 seconds, remaining time: 2.56 minutes
Epoch #45: train loss = 2.946145, val loss = 2.641469, total loss = 2.793807, Epoch time: 0.18 seconds, remaining time: 2.66 minutes
Epoch #46: train loss = 2.843320, val loss = 6.074760, total loss = 4.459040, Epoch time: 0.24 seconds, remaining time: 2.84 minutes
Epoch #47: train loss = 2.869233, val loss = 5.090910, total loss = 3.980071, Epoch time: 0.17 seconds, remaining time: 2.71 minutes
Epoch #48: train loss = 2.848068, val loss = 2.415929, total loss = 2.631998, Epoch time: 0.19 seconds, remaining time: 2.77 minutes
Epoch #49: train loss = 2.529079, val loss = 2.807174, total loss = 2.668127, Epoch time: 0.11 seconds, remaining time: 2.58 minutes
Epoch #50: train loss = 2.892645, val loss = 6.073718, total loss = 4.483181, Epoch time: 0.14 seconds, remaining time: 2.54 minutes
Epoch #51: train loss = 2.790803, val loss = 6.688928, total loss = 4.739866, Epoch time: 0.11 seconds, remaining time: 2.46 minutes
Epoch #52: train loss = 2.716530, val loss = 2.620706, total loss = 2.668618, Epoch time: 0.22 seconds, remaining time: 2.60 minutes
Epoch #53: train loss = 2.973813, val loss = 2.643980, total loss = 2.808896, Epoch time: 0.13 seconds, remaining time: 2.63 minutes
Epoch #54: train loss = 2.784617, val loss = 6.727767, total loss = 4.756192, Epoch time: 0.12 seconds, remaining time: 2.53 minutes
Epoch #55: train loss = 2.766077, val loss = 5.582180, total loss = 4.174128, Epoch time: 0.15 seconds, remaining time: 2.48 minutes
Epoch #56: train loss = 2.749952, val loss = 2.235300, total loss = 2.492626, Epoch time: 0.11 seconds, remaining time: 2.27 minutes
Epoch #57: train loss = 2.773745, val loss = 3.234059, total loss = 3.003902, Epoch time: 0.22 seconds, remaining time: 2.35 minutes
Epoch #58: train loss = 2.571055, val loss = 6.232580, total loss = 4.401817, Epoch time: 0.11 seconds, remaining time: 2.23 minutes
Epoch #59: train loss = 2.729482, val loss = 3.003541, total loss = 2.866511, Epoch time: 0.21 seconds, remaining time: 2.39 minutes
Epoch #60: train loss = 2.844330, val loss = 2.783264, total loss = 2.813797, Epoch time: 0.17 seconds, remaining time: 2.44 minutes
Epoch #61: train loss = 2.611458, val loss = 3.134238, total loss = 2.872848, Epoch time: 0.20 seconds, remaining time: 2.58 minutes
Epoch #62: train loss = 2.758011, val loss = 5.780560, total loss = 4.269286, Epoch time: 0.13 seconds, remaining time: 2.43 minutes
Epoch #63: train loss = 2.816738, val loss = 6.677057, total loss = 4.746897, Epoch time: 0.24 seconds, remaining time: 2.60 minutes
Epoch #64: train loss = 2.585488, val loss = 6.744825, total loss = 4.665156, Epoch time: 0.13 seconds, remaining time: 2.62 minutes
Epoch #65: train loss = 2.492538, val loss = 6.834323, total loss = 4.663430, Epoch time: 0.11 seconds, remaining time: 2.55 minutes
Epoch #66: train loss = 2.679067, val loss = 2.564202, total loss = 2.621635, Epoch time: 0.19 seconds, remaining time: 2.67 minutes
Epoch #67: train loss = 2.467635, val loss = 3.066636, total loss = 2.767135, Epoch time: 0.11 seconds, remaining time: 2.50 minutes
Epoch #68: train loss = 2.671498, val loss = 8.411338, total loss = 5.541418, Epoch time: 0.20 seconds, remaining time: 2.64 minutes
Epoch #69: train loss = 2.262676, val loss = 2.784627, total loss = 2.523651, Epoch time: 0.10 seconds, remaining time: 2.46 minutes
Epoch #70: train loss = 2.552223, val loss = 6.176546, total loss = 4.364385, Epoch time: 0.23 seconds, remaining time: 2.55 minutes
Epoch #71: train loss = 2.618278, val loss = 2.989662, total loss = 2.803970, Epoch time: 0.23 seconds, remaining time: 2.58 minutes
Epoch #72: train loss = 2.778284, val loss = 6.544098, total loss = 4.661191, Epoch time: 0.19 seconds, remaining time: 2.67 minutes
Epoch #73: train loss = 2.635037, val loss = 8.509602, total loss = 5.572319, Epoch time: 0.17 seconds, remaining time: 2.55 minutes
Epoch #74: train loss = 2.611346, val loss = 3.313251, total loss = 2.962298, Epoch time: 0.15 seconds, remaining time: 2.57 minutes
Epoch #75: train loss = 2.691150, val loss = 8.245641, total loss = 5.468395, Epoch time: 0.13 seconds, remaining time: 2.60 minutes
Epoch #76: train loss = 2.705554, val loss = 2.954210, total loss = 2.829882, Epoch time: 0.18 seconds, remaining time: 2.59 minutes
Epoch #77: train loss = 2.635482, val loss = 2.692993, total loss = 2.664237, Epoch time: 0.11 seconds, remaining time: 2.60 minutes
Epoch #78: train loss = 2.506260, val loss = 7.669186, total loss = 5.087723, Epoch time: 0.22 seconds, remaining time: 2.62 minutes
Epoch #79: train loss = 2.444913, val loss = 7.881355, total loss = 5.163134, Epoch time: 0.25 seconds, remaining time: 2.86 minutes
Epoch #80: train loss = 2.728320, val loss = 2.739510, total loss = 2.733915, Epoch time: 0.13 seconds, remaining time: 2.69 minutes
Epoch #81: train loss = 2.392433, val loss = 2.344948, total loss = 2.368690, Epoch time: 0.11 seconds, remaining time: 2.52 minutes
Epoch #82: train loss = 2.473123, val loss = 8.018087, total loss = 5.245605, Epoch time: 0.22 seconds, remaining time: 2.56 minutes
Epoch #83: train loss = 2.864596, val loss = 2.337218, total loss = 2.600907, Epoch time: 0.16 seconds, remaining time: 2.54 minutes
Epoch #84: train loss = 2.642567, val loss = 7.524597, total loss = 5.083582, Epoch time: 0.14 seconds, remaining time: 2.53 minutes
Epoch #85: train loss = 2.456159, val loss = 3.013978, total loss = 2.735068, Epoch time: 0.10 seconds, remaining time: 2.49 minutes
Epoch #86: train loss = 2.406445, val loss = 8.287916, total loss = 5.347181, Epoch time: 0.14 seconds, remaining time: 2.42 minutes
Epoch #87: train loss = 2.601303, val loss = 9.677656, total loss = 6.139479, Epoch time: 0.15 seconds, remaining time: 2.48 minutes
Epoch #88: train loss = 2.891958, val loss = 1.880942, total loss = 2.386450, Epoch time: 0.13 seconds, remaining time: 2.33 minutes
Epoch #89: train loss = 2.491414, val loss = 9.712456, total loss = 6.101935, Epoch time: 0.16 seconds, remaining time: 2.19 minutes
Epoch #90: train loss = 2.193208, val loss = 3.144268, total loss = 2.668738, Epoch time: 0.11 seconds, remaining time: 2.16 minutes
Epoch #91: train loss = 2.611096, val loss = 8.581135, total loss = 5.596115, Epoch time: 0.13 seconds, remaining time: 2.18 minutes
Epoch #92: train loss = 2.331764, val loss = 2.445686, total loss = 2.388725, Epoch time: 0.10 seconds, remaining time: 2.01 minutes
Epoch #93: train loss = 2.430217, val loss = 10.223701, total loss = 6.326959, Epoch time: 0.11 seconds, remaining time: 1.94 minutes
Epoch #94: train loss = 2.430340, val loss = 2.713149, total loss = 2.571744, Epoch time: 0.24 seconds, remaining time: 2.08 minutes
Epoch #95: train loss = 2.514235, val loss = 2.306873, total loss = 2.410554, Epoch time: 0.18 seconds, remaining time: 2.20 minutes
Epoch #96: train loss = 2.408605, val loss = 2.905603, total loss = 2.657104, Epoch time: 0.12 seconds, remaining time: 2.17 minutes
Epoch #97: train loss = 2.266972, val loss = 2.143774, total loss = 2.205373, Epoch time: 0.16 seconds, remaining time: 2.18 minutes
Epoch #98: train loss = 2.523080, val loss = 2.242557, total loss = 2.382819, Epoch time: 0.16 seconds, remaining time: 2.23 minutes
Epoch #99: train loss = 2.446745, val loss = 8.590690, total loss = 5.518717, Epoch time: 0.16 seconds, remaining time: 2.22 minutes
Epoch #100: train loss = 2.493834, val loss = 9.148792, total loss = 5.821313, Epoch time: 0.12 seconds, remaining time: 2.23 minutes
Epoch #101: train loss = 2.504201, val loss = 2.920259, total loss = 2.712230, Epoch time: 0.13 seconds, remaining time: 2.23 minutes
Epoch #102: train loss = 2.282705, val loss = 9.365750, total loss = 5.824227, Epoch time: 0.20 seconds, remaining time: 2.38 minutes
Epoch #103: train loss = 2.153638, val loss = 9.432404, total loss = 5.793021, Epoch time: 0.13 seconds, remaining time: 2.40 minutes
Epoch #104: train loss = 2.404197, val loss = 8.449905, total loss = 5.427051, Epoch time: 0.19 seconds, remaining time: 2.31 minutes
Epoch #105: train loss = 2.492362, val loss = 8.807718, total loss = 5.650040, Epoch time: 0.10 seconds, remaining time: 2.19 minutes
Epoch #106: train loss = 2.264782, val loss = 1.812344, total loss = 2.038563, Epoch time: 0.12 seconds, remaining time: 2.18 minutes
Epoch #107: train loss = 2.295631, val loss = 9.354876, total loss = 5.825253, Epoch time: 0.12 seconds, remaining time: 2.12 minutes
Epoch #108: train loss = 1.806042, val loss = 10.801459, total loss = 6.303751, Epoch time: 0.09 seconds, remaining time: 2.02 minutes
Epoch #109: train loss = 2.439505, val loss = 3.183572, total loss = 2.811538, Epoch time: 0.18 seconds, remaining time: 2.04 minutes
Epoch #110: train loss = 2.315385, val loss = 3.497293, total loss = 2.906339, Epoch time: 0.12 seconds, remaining time: 2.05 minutes
Epoch #111: train loss = 2.295112, val loss = 3.244352, total loss = 2.769732, Epoch time: 0.18 seconds, remaining time: 2.12 minutes
Epoch #112: train loss = 2.069930, val loss = 12.793303, total loss = 7.431616, Epoch time: 0.16 seconds, remaining time: 2.06 minutes
Epoch #113: train loss = 2.169297, val loss = 1.900215, total loss = 2.034756, Epoch time: 0.16 seconds, remaining time: 2.10 minutes
Epoch #114: train loss = 2.139665, val loss = 8.726622, total loss = 5.433143, Epoch time: 0.22 seconds, remaining time: 2.15 minutes
Epoch #115: train loss = 2.095728, val loss = 11.798897, total loss = 6.947312, Epoch time: 0.22 seconds, remaining time: 2.33 minutes
Epoch #116: train loss = 2.164330, val loss = 1.695824, total loss = 1.930077, Epoch time: 0.20 seconds, remaining time: 2.45 minutes
Epoch #117: train loss = 2.028497, val loss = 12.685362, total loss = 7.356929, Epoch time: 0.16 seconds, remaining time: 2.51 minutes
Epoch #118: train loss = 2.468089, val loss = 9.532736, total loss = 6.000412, Epoch time: 0.13 seconds, remaining time: 2.56 minutes
Epoch #119: train loss = 2.150510, val loss = 10.501081, total loss = 6.325796, Epoch time: 0.16 seconds, remaining time: 2.53 minutes
Epoch #120: train loss = 2.064162, val loss = 1.512939, total loss = 1.788550, Epoch time: 0.12 seconds, remaining time: 2.52 minutes
Epoch #121: train loss = 2.142675, val loss = 1.654393, total loss = 1.898534, Epoch time: 0.11 seconds, remaining time: 2.42 minutes
Epoch #122: train loss = 2.127835, val loss = 8.967989, total loss = 5.547912, Epoch time: 0.16 seconds, remaining time: 2.42 minutes
Epoch #123: train loss = 1.982664, val loss = 11.701464, total loss = 6.842064, Epoch time: 0.24 seconds, remaining time: 2.53 minutes
Epoch #124: train loss = 2.061445, val loss = 7.991210, total loss = 5.026328, Epoch time: 0.13 seconds, remaining time: 2.39 minutes
Epoch #125: train loss = 2.030672, val loss = 8.434941, total loss = 5.232807, Epoch time: 0.21 seconds, remaining time: 2.37 minutes
Epoch #126: train loss = 2.059845, val loss = 1.588357, total loss = 1.824101, Epoch time: 0.22 seconds, remaining time: 2.39 minutes
Epoch #127: train loss = 1.953199, val loss = 7.889661, total loss = 4.921430, Epoch time: 0.16 seconds, remaining time: 2.38 minutes
Epoch #128: train loss = 2.442750, val loss = 6.699665, total loss = 4.571208, Epoch time: 0.12 seconds, remaining time: 2.36 minutes
Epoch #129: train loss = 1.871475, val loss = 7.713172, total loss = 4.792324, Epoch time: 0.24 seconds, remaining time: 2.47 minutes
Epoch #130: train loss = 1.821959, val loss = 1.834445, total loss = 1.828202, Epoch time: 0.12 seconds, remaining time: 2.47 minutes
Epoch #131: train loss = 2.069840, val loss = 1.936917, total loss = 2.003379, Epoch time: 0.16 seconds, remaining time: 2.54 minutes
Epoch #132: train loss = 1.690612, val loss = 1.705829, total loss = 1.698220, Epoch time: 0.12 seconds, remaining time: 2.48 minutes
Epoch #133: train loss = 2.270796, val loss = 8.361529, total loss = 5.316163, Epoch time: 0.11 seconds, remaining time: 2.29 minutes
Epoch #134: train loss = 1.855457, val loss = 1.878510, total loss = 1.866983, Epoch time: 0.23 seconds, remaining time: 2.44 minutes
Epoch #135: train loss = 2.051391, val loss = 6.782590, total loss = 4.416991, Epoch time: 0.15 seconds, remaining time: 2.35 minutes
Epoch #136: train loss = 2.039836, val loss = 9.013266, total loss = 5.526551, Epoch time: 0.11 seconds, remaining time: 2.20 minutes
Epoch #137: train loss = 1.705016, val loss = 6.786281, total loss = 4.245648, Epoch time: 0.22 seconds, remaining time: 2.28 minutes
Epoch #138: train loss = 1.900327, val loss = 2.336291, total loss = 2.118309, Epoch time: 0.11 seconds, remaining time: 2.27 minutes
Epoch #139: train loss = 1.661671, val loss = 8.603027, total loss = 5.132349, Epoch time: 0.22 seconds, remaining time: 2.24 minutes
Epoch #140: train loss = 1.743661, val loss = 2.406370, total loss = 2.075016, Epoch time: 0.16 seconds, remaining time: 2.29 minutes
Epoch #141: train loss = 1.816092, val loss = 1.059291, total loss = 1.437691, Epoch time: 0.14 seconds, remaining time: 2.26 minutes
Epoch #142: train loss = 1.700208, val loss = 9.038649, total loss = 5.369428, Epoch time: 0.11 seconds, remaining time: 2.24 minutes
Epoch #143: train loss = 1.650954, val loss = 1.720357, total loss = 1.685655, Epoch time: 0.22 seconds, remaining time: 2.40 minutes
Epoch #144: train loss = 2.163102, val loss = 7.713277, total loss = 4.938190, Epoch time: 0.14 seconds, remaining time: 2.25 minutes
Epoch #145: train loss = 1.765907, val loss = 8.535946, total loss = 5.150926, Epoch time: 0.11 seconds, remaining time: 2.20 minutes
Epoch #146: train loss = 1.718461, val loss = 1.492126, total loss = 1.605294, Epoch time: 0.19 seconds, remaining time: 2.30 minutes
Epoch #147: train loss = 1.439453, val loss = 7.399704, total loss = 4.419578, Epoch time: 0.11 seconds, remaining time: 2.14 minutes
Epoch #148: train loss = 1.651419, val loss = 1.472329, total loss = 1.561874, Epoch time: 0.16 seconds, remaining time: 2.20 minutes
Epoch #149: train loss = 1.753034, val loss = 7.210554, total loss = 4.481794, Epoch time: 0.15 seconds, remaining time: 2.10 minutes
Epoch #150: train loss = 1.394622, val loss = 0.998239, total loss = 1.196431, Epoch time: 0.22 seconds, remaining time: 2.18 minutes
Epoch #151: train loss = 1.506925, val loss = 1.127936, total loss = 1.317430, Epoch time: 0.17 seconds, remaining time: 2.22 minutes
Epoch #152: train loss = 1.484078, val loss = 1.418574, total loss = 1.451326, Epoch time: 0.18 seconds, remaining time: 2.31 minutes
Epoch #153: train loss = 1.589457, val loss = 1.411448, total loss = 1.500453, Epoch time: 0.13 seconds, remaining time: 2.17 minutes
Epoch #154: train loss = 1.696034, val loss = 1.625610, total loss = 1.660822, Epoch time: 0.12 seconds, remaining time: 2.14 minutes
Epoch #155: train loss = 1.601073, val loss = 6.690558, total loss = 4.145816, Epoch time: 0.11 seconds, remaining time: 2.14 minutes
Epoch #156: train loss = 1.461205, val loss = 7.430424, total loss = 4.445814, Epoch time: 0.15 seconds, remaining time: 2.09 minutes
Epoch #157: train loss = 1.473506, val loss = 1.013790, total loss = 1.243648, Epoch time: 0.14 seconds, remaining time: 2.13 minutes
Epoch #158: train loss = 1.517236, val loss = 1.020923, total loss = 1.269080, Epoch time: 0.14 seconds, remaining time: 2.10 minutes
Epoch #159: train loss = 1.334445, val loss = 10.233265, total loss = 5.783855, Epoch time: 0.23 seconds, remaining time: 2.22 minutes
Epoch #160: train loss = 1.268979, val loss = 1.430220, total loss = 1.349599, Epoch time: 0.22 seconds, remaining time: 2.22 minutes
Epoch #161: train loss = 1.660336, val loss = 0.941607, total loss = 1.300971, Epoch time: 0.11 seconds, remaining time: 2.14 minutes
Epoch #162: train loss = 1.410649, val loss = 10.455570, total loss = 5.933110, Epoch time: 0.16 seconds, remaining time: 2.12 minutes
Epoch #163: train loss = 1.531409, val loss = 7.075731, total loss = 4.303570, Epoch time: 0.11 seconds, remaining time: 2.10 minutes
Epoch #164: train loss = 2.034358, val loss = 1.018979, total loss = 1.526668, Epoch time: 0.11 seconds, remaining time: 2.08 minutes
Epoch #165: train loss = 1.372086, val loss = 1.707827, total loss = 1.539957, Epoch time: 0.16 seconds, remaining time: 2.16 minutes
Epoch #166: train loss = 1.300093, val loss = 0.988113, total loss = 1.144103, Epoch time: 0.23 seconds, remaining time: 2.26 minutes
Epoch #167: train loss = 1.328663, val loss = 8.192455, total loss = 4.760559, Epoch time: 0.19 seconds, remaining time: 2.33 minutes
Epoch #168: train loss = 1.319523, val loss = 1.658896, total loss = 1.489209, Epoch time: 0.18 seconds, remaining time: 2.39 minutes
Epoch #169: train loss = 1.346608, val loss = 1.471269, total loss = 1.408938, Epoch time: 0.15 seconds, remaining time: 2.27 minutes
Epoch #170: train loss = 1.274369, val loss = 1.292524, total loss = 1.283447, Epoch time: 0.18 seconds, remaining time: 2.21 minutes
Epoch #171: train loss = 1.165739, val loss = 8.566215, total loss = 4.865977, Epoch time: 0.19 seconds, remaining time: 2.31 minutes
Epoch #172: train loss = 1.343521, val loss = 8.981508, total loss = 5.162514, Epoch time: 0.12 seconds, remaining time: 2.25 minutes
Epoch #173: train loss = 1.283661, val loss = 0.748263, total loss = 1.015962, Epoch time: 0.11 seconds, remaining time: 2.24 minutes
Epoch #174: train loss = 1.156338, val loss = 7.487000, total loss = 4.321669, Epoch time: 0.24 seconds, remaining time: 2.42 minutes
Epoch #175: train loss = 1.314857, val loss = 10.471544, total loss = 5.893200, Epoch time: 0.15 seconds, remaining time: 2.40 minutes
Epoch #176: train loss = 1.647750, val loss = 10.599910, total loss = 6.123830, Epoch time: 0.11 seconds, remaining time: 2.24 minutes
Epoch #177: train loss = 1.178583, val loss = 10.311441, total loss = 5.745012, Epoch time: 0.16 seconds, remaining time: 2.20 minutes
Epoch #178: train loss = 1.535498, val loss = 10.451345, total loss = 5.993422, Epoch time: 0.12 seconds, remaining time: 2.11 minutes
Epoch #179: train loss = 1.132239, val loss = 10.072639, total loss = 5.602439, Epoch time: 0.21 seconds, remaining time: 2.20 minutes
Epoch #180: train loss = 1.306535, val loss = 6.676070, total loss = 3.991302, Epoch time: 0.14 seconds, remaining time: 2.13 minutes
Epoch #181: train loss = 1.293854, val loss = 1.429593, total loss = 1.361723, Epoch time: 0.14 seconds, remaining time: 2.06 minutes
Epoch #182: train loss = 1.649943, val loss = 7.229293, total loss = 4.439618, Epoch time: 0.13 seconds, remaining time: 2.08 minutes
Epoch #183: train loss = 1.080979, val loss = 1.159572, total loss = 1.120276, Epoch time: 0.21 seconds, remaining time: 2.20 minutes
Epoch #184: train loss = 1.364901, val loss = 1.550166, total loss = 1.457534, Epoch time: 0.13 seconds, remaining time: 2.05 minutes
Epoch #185: train loss = 1.056793, val loss = 10.957645, total loss = 6.007219, Epoch time: 0.24 seconds, remaining time: 2.17 minutes
Epoch #186: train loss = 1.329715, val loss = 8.391846, total loss = 4.860780, Epoch time: 0.13 seconds, remaining time: 2.18 minutes
Epoch #187: train loss = 1.608498, val loss = 7.806863, total loss = 4.707681, Epoch time: 0.12 seconds, remaining time: 2.11 minutes
Epoch #188: train loss = 1.125680, val loss = 0.720246, total loss = 0.922963, Epoch time: 0.18 seconds, remaining time: 2.19 minutes
Epoch #189: train loss = 2.129532, val loss = 0.631008, total loss = 1.380270, Epoch time: 0.10 seconds, remaining time: 2.04 minutes
Epoch #190: train loss = 1.182632, val loss = 0.600511, total loss = 0.891572, Epoch time: 0.16 seconds, remaining time: 2.07 minutes
Epoch #191: train loss = 1.372040, val loss = 0.605270, total loss = 0.988655, Epoch time: 0.13 seconds, remaining time: 2.06 minutes
Epoch #192: train loss = 1.225635, val loss = 5.917931, total loss = 3.571783, Epoch time: 0.13 seconds, remaining time: 2.04 minutes
Epoch #193: train loss = 1.195357, val loss = 0.655917, total loss = 0.925637, Epoch time: 0.13 seconds, remaining time: 1.93 minutes
Epoch #194: train loss = 1.103755, val loss = 0.884420, total loss = 0.994087, Epoch time: 0.19 seconds, remaining time: 2.02 minutes
Epoch #195: train loss = 1.138343, val loss = 1.067129, total loss = 1.102736, Epoch time: 0.15 seconds, remaining time: 1.89 minutes
Epoch #196: train loss = 1.155277, val loss = 5.547910, total loss = 3.351593, Epoch time: 0.12 seconds, remaining time: 1.88 minutes
Epoch #197: train loss = 1.033603, val loss = 0.597090, total loss = 0.815347, Epoch time: 0.22 seconds, remaining time: 2.02 minutes
Epoch #198: train loss = 1.227793, val loss = 0.640773, total loss = 0.934283, Epoch time: 0.12 seconds, remaining time: 1.94 minutes
Epoch #199: train loss = 0.952308, val loss = 5.821430, total loss = 3.386869, Epoch time: 0.23 seconds, remaining time: 2.11 minutes
Epoch #200: train loss = 1.099508, val loss = 6.208223, total loss = 3.653865, Epoch time: 0.18 seconds, remaining time: 2.13 minutes
Epoch #201: train loss = 1.200969, val loss = 0.616428, total loss = 0.908699, Epoch time: 0.11 seconds, remaining time: 2.11 minutes
Epoch #202: train loss = 1.254534, val loss = 6.759051, total loss = 4.006793, Epoch time: 0.12 seconds, remaining time: 2.10 minutes
Epoch #203: train loss = 1.085374, val loss = 0.846626, total loss = 0.966000, Epoch time: 0.16 seconds, remaining time: 2.14 minutes
Epoch #204: train loss = 0.929498, val loss = 6.235145, total loss = 3.582321, Epoch time: 0.23 seconds, remaining time: 2.18 minutes
Epoch #205: train loss = 1.020154, val loss = 6.288103, total loss = 3.654128, Epoch time: 0.16 seconds, remaining time: 2.18 minutes
Epoch #206: train loss = 1.187440, val loss = 0.466568, total loss = 0.827004, Epoch time: 0.11 seconds, remaining time: 2.17 minutes
Epoch #207: train loss = 1.192384, val loss = 5.872200, total loss = 3.532292, Epoch time: 0.14 seconds, remaining time: 2.06 minutes
Epoch #208: train loss = 0.988370, val loss = 0.928245, total loss = 0.958308, Epoch time: 0.17 seconds, remaining time: 2.11 minutes
Epoch #209: train loss = 1.050702, val loss = 0.489377, total loss = 0.770040, Epoch time: 0.14 seconds, remaining time: 1.98 minutes
Epoch #210: train loss = 1.076904, val loss = 0.434091, total loss = 0.755498, Epoch time: 0.13 seconds, remaining time: 1.92 minutes
Epoch #211: train loss = 0.980124, val loss = 0.461945, total loss = 0.721035, Epoch time: 0.14 seconds, remaining time: 1.95 minutes
Epoch #212: train loss = 1.068292, val loss = 6.658699, total loss = 3.863496, Epoch time: 0.12 seconds, remaining time: 1.95 minutes
Epoch #213: train loss = 1.223395, val loss = 0.505773, total loss = 0.864584, Epoch time: 0.13 seconds, remaining time: 1.92 minutes
Epoch #214: train loss = 0.943477, val loss = 0.812285, total loss = 0.877881, Epoch time: 0.19 seconds, remaining time: 1.87 minutes
Epoch #215: train loss = 1.863714, val loss = 7.096588, total loss = 4.480151, Epoch time: 0.11 seconds, remaining time: 1.81 minutes
Epoch #216: train loss = 1.015234, val loss = 0.478994, total loss = 0.747114, Epoch time: 0.18 seconds, remaining time: 1.89 minutes
Epoch #217: train loss = 1.144878, val loss = 0.481331, total loss = 0.813104, Epoch time: 0.11 seconds, remaining time: 1.85 minutes
Epoch #218: train loss = 0.927660, val loss = 7.793789, total loss = 4.360725, Epoch time: 0.12 seconds, remaining time: 1.80 minutes
Epoch #219: train loss = 0.941556, val loss = 0.686044, total loss = 0.813800, Epoch time: 0.21 seconds, remaining time: 1.88 minutes
Epoch #220: train loss = 1.120356, val loss = 0.949323, total loss = 1.034840, Epoch time: 0.15 seconds, remaining time: 1.90 minutes
Epoch #221: train loss = 0.945065, val loss = 0.895692, total loss = 0.920378, Epoch time: 0.15 seconds, remaining time: 1.91 minutes
Epoch #222: train loss = 1.006487, val loss = 7.018970, total loss = 4.012729, Epoch time: 0.15 seconds, remaining time: 1.94 minutes
Epoch #223: train loss = 0.967078, val loss = 0.443443, total loss = 0.705261, Epoch time: 0.13 seconds, remaining time: 1.93 minutes
Epoch #224: train loss = 1.055621, val loss = 0.914695, total loss = 0.985158, Epoch time: 0.13 seconds, remaining time: 1.85 minutes
Epoch #225: train loss = 0.973042, val loss = 0.878719, total loss = 0.925880, Epoch time: 0.13 seconds, remaining time: 1.88 minutes
Epoch #226: train loss = 0.966934, val loss = 6.170796, total loss = 3.568865, Epoch time: 0.12 seconds, remaining time: 1.80 minutes
Epoch #227: train loss = 1.972438, val loss = 1.144580, total loss = 1.558509, Epoch time: 0.11 seconds, remaining time: 1.79 minutes
Epoch #228: train loss = 2.828143, val loss = 1.233947, total loss = 2.031045, Epoch time: 0.11 seconds, remaining time: 1.77 minutes
Epoch #229: train loss = 1.123220, val loss = 7.983564, total loss = 4.553392, Epoch time: 0.11 seconds, remaining time: 1.65 minutes
Epoch #230: train loss = 1.168604, val loss = 1.625203, total loss = 1.396904, Epoch time: 0.19 seconds, remaining time: 1.70 minutes
Epoch #231: train loss = 2.566601, val loss = 1.671920, total loss = 2.119261, Epoch time: 0.10 seconds, remaining time: 1.63 minutes
Epoch #232: train loss = 1.252482, val loss = 5.280747, total loss = 3.266615, Epoch time: 0.12 seconds, remaining time: 1.59 minutes
Epoch #233: train loss = 1.111353, val loss = 5.846462, total loss = 3.478907, Epoch time: 0.22 seconds, remaining time: 1.71 minutes
Epoch #234: train loss = 1.212606, val loss = 1.018247, total loss = 1.115427, Epoch time: 0.13 seconds, remaining time: 1.71 minutes
Epoch #235: train loss = 1.469525, val loss = 5.349977, total loss = 3.409751, Epoch time: 0.11 seconds, remaining time: 1.67 minutes
Epoch #236: train loss = 1.148799, val loss = 4.918753, total loss = 3.033776, Epoch time: 0.14 seconds, remaining time: 1.69 minutes
Epoch #237: train loss = 1.254331, val loss = 0.604997, total loss = 0.929664, Epoch time: 0.13 seconds, remaining time: 1.71 minutes
Epoch #238: train loss = 1.098756, val loss = 0.849871, total loss = 0.974314, Epoch time: 0.17 seconds, remaining time: 1.79 minutes
Epoch #239: train loss = 1.071787, val loss = 5.381447, total loss = 3.226617, Epoch time: 0.16 seconds, remaining time: 1.84 minutes
Epoch #240: train loss = 0.995786, val loss = 4.706787, total loss = 2.851287, Epoch time: 0.24 seconds, remaining time: 1.91 minutes
Epoch #241: train loss = 1.002918, val loss = 6.381132, total loss = 3.692025, Epoch time: 0.15 seconds, remaining time: 1.97 minutes
Epoch #242: train loss = 2.212377, val loss = 0.548378, total loss = 1.380378, Epoch time: 0.10 seconds, remaining time: 1.95 minutes
Epoch #243: train loss = 0.950718, val loss = 6.866035, total loss = 3.908377, Epoch time: 0.23 seconds, remaining time: 1.96 minutes
Epoch #244: train loss = 0.987028, val loss = 5.615263, total loss = 3.301145, Epoch time: 0.18 seconds, remaining time: 2.01 minutes
Epoch #245: train loss = 0.964587, val loss = 7.255619, total loss = 4.110103, Epoch time: 0.23 seconds, remaining time: 2.16 minutes
Epoch #246: train loss = 0.990056, val loss = 0.607511, total loss = 0.798783, Epoch time: 0.19 seconds, remaining time: 2.23 minutes
Epoch #247: train loss = 0.856485, val loss = 6.856130, total loss = 3.856307, Epoch time: 0.21 seconds, remaining time: 2.33 minutes
Epoch #248: train loss = 1.216767, val loss = 0.549761, total loss = 0.883264, Epoch time: 0.13 seconds, remaining time: 2.28 minutes
Epoch #249: train loss = 0.858119, val loss = 0.769844, total loss = 0.813982, Epoch time: 0.18 seconds, remaining time: 2.30 minutes
Epoch #250: train loss = 0.899972, val loss = 0.983063, total loss = 0.941518, Epoch time: 0.17 seconds, remaining time: 2.21 minutes
Epoch #251: train loss = 0.956836, val loss = 8.875306, total loss = 4.916071, Epoch time: 0.14 seconds, remaining time: 2.19 minutes
Epoch #252: train loss = 1.184402, val loss = 0.438825, total loss = 0.811614, Epoch time: 0.13 seconds, remaining time: 2.22 minutes
Epoch #253: train loss = 0.858825, val loss = 8.079479, total loss = 4.469152, Epoch time: 0.20 seconds, remaining time: 2.17 minutes
Epoch #254: train loss = 0.866063, val loss = 0.564249, total loss = 0.715156, Epoch time: 0.16 seconds, remaining time: 2.15 minutes
Epoch #255: train loss = 0.766279, val loss = 0.822127, total loss = 0.794203, Epoch time: 0.21 seconds, remaining time: 2.12 minutes
Epoch #256: train loss = 1.667958, val loss = 8.922867, total loss = 5.295413, Epoch time: 0.11 seconds, remaining time: 2.01 minutes
Epoch #257: train loss = 1.134736, val loss = 8.943634, total loss = 5.039185, Epoch time: 0.12 seconds, remaining time: 1.89 minutes
Epoch #258: train loss = 0.991519, val loss = 8.840288, total loss = 4.915903, Epoch time: 0.14 seconds, remaining time: 1.91 minutes
Epoch #259: train loss = 2.268291, val loss = 0.575598, total loss = 1.421945, Epoch time: 0.10 seconds, remaining time: 1.81 minutes
Epoch #260: train loss = 1.031817, val loss = 6.521439, total loss = 3.776628, Epoch time: 0.14 seconds, remaining time: 1.77 minutes
Epoch #261: train loss = 1.008238, val loss = 7.149021, total loss = 4.078630, Epoch time: 0.18 seconds, remaining time: 1.81 minutes
Epoch #262: train loss = 1.089752, val loss = 1.393800, total loss = 1.241776, Epoch time: 0.16 seconds, remaining time: 1.85 minutes
Epoch #263: train loss = 0.836157, val loss = 6.759319, total loss = 3.797738, Epoch time: 0.22 seconds, remaining time: 1.87 minutes
Epoch #264: train loss = 1.150808, val loss = 1.017428, total loss = 1.084118, Epoch time: 0.12 seconds, remaining time: 1.82 minutes
Epoch #265: train loss = 1.005979, val loss = 0.525649, total loss = 0.765814, Epoch time: 0.11 seconds, remaining time: 1.70 minutes
Epoch #266: train loss = 0.865438, val loss = 5.618902, total loss = 3.242170, Epoch time: 0.23 seconds, remaining time: 1.85 minutes
Epoch #267: train loss = 0.983245, val loss = 7.047697, total loss = 4.015471, Epoch time: 0.14 seconds, remaining time: 1.86 minutes
Epoch #268: train loss = 0.994639, val loss = 7.977388, total loss = 4.486014, Epoch time: 0.13 seconds, remaining time: 1.85 minutes
Epoch #269: train loss = 0.931654, val loss = 6.718407, total loss = 3.825031, Epoch time: 0.23 seconds, remaining time: 2.01 minutes
Epoch #270: train loss = 1.137564, val loss = 0.848729, total loss = 0.993146, Epoch time: 0.12 seconds, remaining time: 1.99 minutes
Epoch #271: train loss = 1.123852, val loss = 0.549413, total loss = 0.836632, Epoch time: 0.12 seconds, remaining time: 1.90 minutes
Epoch #272: train loss = 0.828079, val loss = 0.646603, total loss = 0.737341, Epoch time: 0.12 seconds, remaining time: 1.85 minutes
Epoch #273: train loss = 0.984044, val loss = 6.529076, total loss = 3.756560, Epoch time: 0.14 seconds, remaining time: 1.75 minutes
Epoch #274: train loss = 1.024583, val loss = 6.325284, total loss = 3.674933, Epoch time: 0.12 seconds, remaining time: 1.76 minutes
Epoch #275: train loss = 0.835091, val loss = 5.559860, total loss = 3.197475, Epoch time: 0.22 seconds, remaining time: 1.89 minutes
Epoch #276: train loss = 0.978712, val loss = 5.949792, total loss = 3.464252, Epoch time: 0.12 seconds, remaining time: 1.75 minutes
Epoch #277: train loss = 0.967568, val loss = 6.337147, total loss = 3.652357, Epoch time: 0.12 seconds, remaining time: 1.72 minutes
Epoch #278: train loss = 1.307541, val loss = 0.790073, total loss = 1.048807, Epoch time: 0.11 seconds, remaining time: 1.70 minutes
Epoch #279: train loss = 0.995139, val loss = 5.652129, total loss = 3.323634, Epoch time: 0.12 seconds, remaining time: 1.56 minutes
Epoch #280: train loss = 0.825225, val loss = 0.908831, total loss = 0.867028, Epoch time: 0.18 seconds, remaining time: 1.63 minutes
Epoch #281: train loss = 0.825528, val loss = 5.695589, total loss = 3.260558, Epoch time: 0.23 seconds, remaining time: 1.77 minutes
Epoch #282: train loss = 0.918541, val loss = 0.454967, total loss = 0.686754, Epoch time: 0.24 seconds, remaining time: 1.91 minutes
Epoch #283: train loss = 0.936860, val loss = 0.913518, total loss = 0.925189, Epoch time: 0.12 seconds, remaining time: 1.88 minutes
Epoch #284: train loss = 0.829995, val loss = 5.619728, total loss = 3.224861, Epoch time: 0.19 seconds, remaining time: 1.95 minutes
Epoch #285: train loss = 1.004212, val loss = 6.319935, total loss = 3.662073, Epoch time: 0.12 seconds, remaining time: 1.84 minutes
Epoch #286: train loss = 1.015374, val loss = 5.332319, total loss = 3.173846, Epoch time: 0.12 seconds, remaining time: 1.84 minutes
Epoch #287: train loss = 0.827084, val loss = 5.999057, total loss = 3.413070, Epoch time: 0.16 seconds, remaining time: 1.88 minutes
Epoch #288: train loss = 1.880052, val loss = 0.413163, total loss = 1.146608, Epoch time: 0.11 seconds, remaining time: 1.89 minutes
Epoch #289: train loss = 0.969939, val loss = 0.795788, total loss = 0.882864, Epoch time: 0.14 seconds, remaining time: 1.91 minutes
Epoch #290: train loss = 0.918533, val loss = 5.798555, total loss = 3.358544, Epoch time: 0.12 seconds, remaining time: 1.82 minutes
Epoch #291: train loss = 0.971324, val loss = 0.693746, total loss = 0.832535, Epoch time: 0.11 seconds, remaining time: 1.68 minutes
Epoch #292: train loss = 0.761604, val loss = 6.602569, total loss = 3.682087, Epoch time: 0.18 seconds, remaining time: 1.61 minutes
Epoch #293: train loss = 0.843577, val loss = 0.399466, total loss = 0.621522, Epoch time: 0.17 seconds, remaining time: 1.68 minutes
Epoch #294: train loss = 0.947764, val loss = 5.416292, total loss = 3.182028, Epoch time: 0.12 seconds, remaining time: 1.60 minutes
Epoch #295: train loss = 1.025893, val loss = 0.447653, total loss = 0.736773, Epoch time: 0.11 seconds, remaining time: 1.58 minutes
Epoch #296: train loss = 0.973250, val loss = 7.173827, total loss = 4.073539, Epoch time: 0.13 seconds, remaining time: 1.59 minutes
Epoch #297: train loss = 0.748530, val loss = 6.069386, total loss = 3.408958, Epoch time: 0.20 seconds, remaining time: 1.64 minutes
Epoch #298: train loss = 0.855511, val loss = 0.854051, total loss = 0.854781, Epoch time: 0.15 seconds, remaining time: 1.68 minutes
Epoch #299: train loss = 0.932845, val loss = 5.394484, total loss = 3.163664, Epoch time: 0.12 seconds, remaining time: 1.66 minutes
Epoch #300: train loss = 0.697086, val loss = 7.373647, total loss = 4.035366, Epoch time: 0.21 seconds, remaining time: 1.76 minutes
Epoch #301: train loss = 0.880429, val loss = 5.428041, total loss = 3.154235, Epoch time: 0.13 seconds, remaining time: 1.78 minutes
Epoch #302: train loss = 0.950327, val loss = 6.318349, total loss = 3.634338, Epoch time: 0.13 seconds, remaining time: 1.71 minutes
Epoch #303: train loss = 0.861185, val loss = 5.893130, total loss = 3.377157, Epoch time: 0.14 seconds, remaining time: 1.67 minutes
Epoch #304: train loss = 1.608897, val loss = 5.851885, total loss = 3.730391, Epoch time: 0.11 seconds, remaining time: 1.66 minutes
Epoch #305: train loss = 0.739679, val loss = 6.993423, total loss = 3.866551, Epoch time: 0.17 seconds, remaining time: 1.72 minutes
Epoch #306: train loss = 0.848841, val loss = 6.135455, total loss = 3.492148, Epoch time: 0.12 seconds, remaining time: 1.71 minutes
Epoch #307: train loss = 0.986308, val loss = 5.612947, total loss = 3.299628, Epoch time: 0.13 seconds, remaining time: 1.63 minutes
Epoch #308: train loss = 0.962866, val loss = 5.130653, total loss = 3.046759, Epoch time: 0.11 seconds, remaining time: 1.58 minutes
Epoch #309: train loss = 0.771901, val loss = 6.516801, total loss = 3.644351, Epoch time: 0.15 seconds, remaining time: 1.61 minutes
Epoch #310: train loss = 0.976008, val loss = 0.405774, total loss = 0.690891, Epoch time: 0.11 seconds, remaining time: 1.50 minutes
Epoch #311: train loss = 0.849994, val loss = 0.539647, total loss = 0.694820, Epoch time: 0.12 seconds, remaining time: 1.49 minutes
Epoch #312: train loss = 0.777676, val loss = 6.929964, total loss = 3.853820, Epoch time: 0.16 seconds, remaining time: 1.53 minutes
Epoch #313: train loss = 0.698698, val loss = 0.765424, total loss = 0.732061, Epoch time: 0.24 seconds, remaining time: 1.65 minutes
Epoch #314: train loss = 0.762022, val loss = 0.752467, total loss = 0.757244, Epoch time: 0.18 seconds, remaining time: 1.72 minutes
Epoch #315: train loss = 0.930754, val loss = 0.796441, total loss = 0.863598, Epoch time: 0.13 seconds, remaining time: 1.68 minutes
Epoch #316: train loss = 0.785935, val loss = 0.658959, total loss = 0.722447, Epoch time: 0.16 seconds, remaining time: 1.72 minutes
Epoch #317: train loss = 0.845820, val loss = 0.584000, total loss = 0.714910, Epoch time: 0.13 seconds, remaining time: 1.71 minutes
Epoch #318: train loss = 0.701753, val loss = 0.681747, total loss = 0.691750, Epoch time: 0.23 seconds, remaining time: 1.83 minutes
Epoch #319: train loss = 0.752175, val loss = 0.587763, total loss = 0.669969, Epoch time: 0.15 seconds, remaining time: 1.83 minutes
Epoch #320: train loss = 3.286282, val loss = 0.743941, total loss = 2.015112, Epoch time: 0.10 seconds, remaining time: 1.82 minutes
Epoch #321: train loss = 3.529526, val loss = 0.740509, total loss = 2.135018, Epoch time: 0.10 seconds, remaining time: 1.78 minutes
Epoch #322: train loss = 2.858441, val loss = 5.947614, total loss = 4.403028, Epoch time: 0.09 seconds, remaining time: 1.70 minutes
Epoch #323: train loss = 1.101370, val loss = 5.061382, total loss = 3.081376, Epoch time: 0.14 seconds, remaining time: 1.58 minutes
Epoch #324: train loss = 1.252084, val loss = 4.715444, total loss = 2.983764, Epoch time: 0.13 seconds, remaining time: 1.53 minutes
Epoch #325: train loss = 1.224400, val loss = 1.348865, total loss = 1.286633, Epoch time: 0.11 seconds, remaining time: 1.50 minutes
Epoch #326: train loss = 1.339427, val loss = 1.153183, total loss = 1.246305, Epoch time: 0.17 seconds, remaining time: 1.52 minutes
Epoch #327: train loss = 1.222732, val loss = 3.998177, total loss = 2.610454, Epoch time: 0.21 seconds, remaining time: 1.61 minutes
Epoch #328: train loss = 1.360129, val loss = 3.942457, total loss = 2.651293, Epoch time: 0.11 seconds, remaining time: 1.47 minutes
Epoch #329: train loss = 1.045914, val loss = 4.784093, total loss = 2.915004, Epoch time: 0.24 seconds, remaining time: 1.57 minutes
Epoch #330: train loss = 1.003721, val loss = 5.693407, total loss = 3.348564, Epoch time: 0.18 seconds, remaining time: 1.65 minutes
Epoch #331: train loss = 1.102108, val loss = 5.482188, total loss = 3.292148, Epoch time: 0.13 seconds, remaining time: 1.68 minutes
Epoch #332: train loss = 1.023568, val loss = 4.317276, total loss = 2.670422, Epoch time: 0.15 seconds, remaining time: 1.74 minutes
Epoch #333: train loss = 1.625415, val loss = 4.641184, total loss = 3.133300, Epoch time: 0.11 seconds, remaining time: 1.70 minutes
Epoch #334: train loss = 0.969900, val loss = 5.252769, total loss = 3.111335, Epoch time: 0.18 seconds, remaining time: 1.75 minutes
Epoch #335: train loss = 1.410322, val loss = 6.033960, total loss = 3.722141, Epoch time: 0.11 seconds, remaining time: 1.74 minutes
Epoch #336: train loss = 1.090886, val loss = 5.730602, total loss = 3.410744, Epoch time: 0.13 seconds, remaining time: 1.70 minutes
Epoch #337: train loss = 1.319081, val loss = 5.764771, total loss = 3.541926, Epoch time: 0.11 seconds, remaining time: 1.59 minutes
Epoch #338: train loss = 2.963068, val loss = 7.722063, total loss = 5.342565, Epoch time: 0.10 seconds, remaining time: 1.58 minutes
Epoch #339: train loss = 1.090115, val loss = 0.688114, total loss = 0.889114, Epoch time: 0.13 seconds, remaining time: 1.45 minutes
Epoch #340: train loss = 0.925782, val loss = 6.110677, total loss = 3.518230, Epoch time: 0.24 seconds, remaining time: 1.51 minutes
Epoch #341: train loss = 0.965827, val loss = 0.967832, total loss = 0.966829, Epoch time: 0.21 seconds, remaining time: 1.61 minutes
Epoch #342: train loss = 1.021998, val loss = 0.541227, total loss = 0.781612, Epoch time: 0.13 seconds, remaining time: 1.59 minutes
Epoch #343: train loss = 0.958639, val loss = 0.993914, total loss = 0.976277, Epoch time: 0.24 seconds, remaining time: 1.73 minutes
Epoch #344: train loss = 1.233680, val loss = 5.044442, total loss = 3.139061, Epoch time: 0.12 seconds, remaining time: 1.67 minutes
Epoch #345: train loss = 1.104855, val loss = 0.766555, total loss = 0.935705, Epoch time: 0.11 seconds, remaining time: 1.67 minutes
Epoch #346: train loss = 1.012919, val loss = 0.517338, total loss = 0.765128, Epoch time: 0.11 seconds, remaining time: 1.64 minutes
Epoch #347: train loss = 0.986528, val loss = 0.912977, total loss = 0.949753, Epoch time: 0.11 seconds, remaining time: 1.64 minutes
Epoch #348: train loss = 0.851777, val loss = 0.461499, total loss = 0.656638, Epoch time: 0.15 seconds, remaining time: 1.69 minutes
Epoch #349: train loss = 1.004020, val loss = 0.967566, total loss = 0.985793, Epoch time: 0.13 seconds, remaining time: 1.69 minutes
Epoch #350: train loss = 2.901994, val loss = 0.989184, total loss = 1.945589, Epoch time: 0.09 seconds, remaining time: 1.54 minutes
Epoch #351: train loss = 0.928884, val loss = 0.507017, total loss = 0.717951, Epoch time: 0.18 seconds, remaining time: 1.50 minutes
Epoch #352: train loss = 1.149108, val loss = 5.127538, total loss = 3.138323, Epoch time: 0.11 seconds, remaining time: 1.47 minutes
Epoch #353: train loss = 0.896965, val loss = 0.715680, total loss = 0.806323, Epoch time: 0.15 seconds, remaining time: 1.37 minutes
Epoch #354: train loss = 0.887271, val loss = 0.683125, total loss = 0.785198, Epoch time: 0.14 seconds, remaining time: 1.39 minutes
Epoch #355: train loss = 0.942877, val loss = 5.259334, total loss = 3.101106, Epoch time: 0.15 seconds, remaining time: 1.43 minutes
Epoch #356: train loss = 1.278645, val loss = 0.889580, total loss = 1.084112, Epoch time: 0.10 seconds, remaining time: 1.43 minutes
Epoch #357: train loss = 1.018677, val loss = 5.749854, total loss = 3.384266, Epoch time: 0.12 seconds, remaining time: 1.43 minutes
Epoch #358: train loss = 0.868217, val loss = 6.266688, total loss = 3.567453, Epoch time: 0.19 seconds, remaining time: 1.47 minutes
Epoch #359: train loss = 0.830387, val loss = 0.500189, total loss = 0.665288, Epoch time: 0.18 seconds, remaining time: 1.51 minutes
Epoch #360: train loss = 1.450658, val loss = 6.227653, total loss = 3.839155, Epoch time: 0.10 seconds, remaining time: 1.52 minutes
Epoch #361: train loss = 0.882005, val loss = 4.925013, total loss = 2.903509, Epoch time: 0.13 seconds, remaining time: 1.46 minutes
Epoch #362: train loss = 0.980685, val loss = 5.062986, total loss = 3.021835, Epoch time: 0.12 seconds, remaining time: 1.46 minutes
Epoch #363: train loss = 0.858868, val loss = 0.790286, total loss = 0.824577, Epoch time: 0.13 seconds, remaining time: 1.44 minutes
Epoch #364: train loss = 0.943733, val loss = 7.116372, total loss = 4.030053, Epoch time: 0.12 seconds, remaining time: 1.42 minutes
Epoch #365: train loss = 0.831374, val loss = 0.483372, total loss = 0.657373, Epoch time: 0.17 seconds, remaining time: 1.44 minutes
Epoch #366: train loss = 0.846207, val loss = 7.413837, total loss = 4.130022, Epoch time: 0.17 seconds, remaining time: 1.50 minutes
Epoch #367: train loss = 0.893500, val loss = 5.542021, total loss = 3.217760, Epoch time: 0.15 seconds, remaining time: 1.53 minutes
Epoch #368: train loss = 0.780744, val loss = 0.475551, total loss = 0.628147, Epoch time: 0.12 seconds, remaining time: 1.46 minutes
Epoch #369: train loss = 1.956331, val loss = 0.564421, total loss = 1.260376, Epoch time: 0.08 seconds, remaining time: 1.36 minutes
Epoch #370: train loss = 0.785118, val loss = 6.497795, total loss = 3.641457, Epoch time: 0.12 seconds, remaining time: 1.38 minutes
Epoch #371: train loss = 0.839583, val loss = 0.696499, total loss = 0.768041, Epoch time: 0.08 seconds, remaining time: 1.33 minutes
Epoch #372: train loss = 0.923028, val loss = 0.779081, total loss = 0.851055, Epoch time: 0.08 seconds, remaining time: 1.29 minutes
Epoch #373: train loss = 0.777106, val loss = 0.407384, total loss = 0.592245, Epoch time: 0.12 seconds, remaining time: 1.28 minutes
Epoch #374: train loss = 0.816657, val loss = 0.480621, total loss = 0.648639, Epoch time: 0.13 seconds, remaining time: 1.28 minutes
Epoch #375: train loss = 1.003852, val loss = 6.591604, total loss = 3.797728, Epoch time: 0.09 seconds, remaining time: 1.19 minutes
Epoch #376: train loss = 0.925502, val loss = 5.999948, total loss = 3.462725, Epoch time: 0.09 seconds, remaining time: 1.11 minutes
Epoch #377: train loss = 1.228513, val loss = 0.371809, total loss = 0.800161, Epoch time: 0.09 seconds, remaining time: 1.05 minutes
Epoch #378: train loss = 0.868831, val loss = 0.395738, total loss = 0.632284, Epoch time: 0.09 seconds, remaining time: 1.02 minutes
Epoch #379: train loss = 0.711523, val loss = 6.215419, total loss = 3.463471, Epoch time: 0.15 seconds, remaining time: 1.08 minutes
Epoch #380: train loss = 1.358986, val loss = 6.051724, total loss = 3.705355, Epoch time: 0.09 seconds, remaining time: 1.04 minutes
Epoch #381: train loss = 0.745335, val loss = 6.487069, total loss = 3.616202, Epoch time: 0.13 seconds, remaining time: 1.09 minutes
Epoch #382: train loss = 0.737476, val loss = 0.544464, total loss = 0.640970, Epoch time: 0.12 seconds, remaining time: 1.13 minutes
Epoch #383: train loss = 0.840857, val loss = 0.431365, total loss = 0.636111, Epoch time: 0.09 seconds, remaining time: 1.09 minutes
Epoch #384: train loss = 1.998226, val loss = 0.449134, total loss = 1.223680, Epoch time: 0.08 seconds, remaining time: 1.04 minutes
Epoch #385: train loss = 0.774108, val loss = 5.463457, total loss = 3.118782, Epoch time: 0.09 seconds, remaining time: 1.04 minutes
Epoch #386: train loss = 0.732631, val loss = 0.472687, total loss = 0.602659, Epoch time: 0.13 seconds, remaining time: 1.08 minutes
Epoch #387: train loss = 0.652713, val loss = 0.414272, total loss = 0.533492, Epoch time: 0.17 seconds, remaining time: 1.16 minutes
Epoch #388: train loss = 1.362295, val loss = 6.789302, total loss = 4.075798, Epoch time: 0.08 seconds, remaining time: 1.15 minutes
Epoch #389: train loss = 0.826002, val loss = 0.462032, total loss = 0.644017, Epoch time: 0.10 seconds, remaining time: 1.09 minutes
Epoch #390: train loss = 0.766081, val loss = 0.662394, total loss = 0.714238, Epoch time: 0.10 seconds, remaining time: 1.11 minutes
Epoch #391: train loss = 2.107014, val loss = 0.764500, total loss = 1.435757, Epoch time: 0.08 seconds, remaining time: 1.05 minutes
Epoch #392: train loss = 0.716432, val loss = 5.647947, total loss = 3.182189, Epoch time: 0.15 seconds, remaining time: 1.08 minutes
Epoch #393: train loss = 0.786263, val loss = 5.998050, total loss = 3.392156, Epoch time: 0.09 seconds, remaining time: 1.08 minutes
Epoch #394: train loss = 0.738657, val loss = 6.415114, total loss = 3.576885, Epoch time: 0.18 seconds, remaining time: 1.18 minutes
Epoch #395: train loss = 0.815509, val loss = 0.806631, total loss = 0.811070, Epoch time: 0.12 seconds, remaining time: 1.21 minutes
Epoch #396: train loss = 0.900107, val loss = 0.465902, total loss = 0.683004, Epoch time: 0.09 seconds, remaining time: 1.16 minutes
Epoch #397: train loss = 0.997486, val loss = 0.553933, total loss = 0.775709, Epoch time: 0.08 seconds, remaining time: 1.06 minutes
Epoch #398: train loss = 0.698808, val loss = 0.647106, total loss = 0.672957, Epoch time: 0.17 seconds, remaining time: 1.15 minutes
Epoch #399: train loss = 0.702453, val loss = 0.726752, total loss = 0.714603, Epoch time: 0.16 seconds, remaining time: 1.21 minutes
Epoch #400: train loss = 0.894931, val loss = 6.143021, total loss = 3.518976, Epoch time: 0.09 seconds, remaining time: 1.19 minutes
Epoch #401: train loss = 0.685970, val loss = 0.408912, total loss = 0.547441, Epoch time: 0.18 seconds, remaining time: 1.29 minutes
Epoch #402: train loss = 0.729344, val loss = 0.572991, total loss = 0.651167, Epoch time: 0.15 seconds, remaining time: 1.29 minutes
Epoch #403: train loss = 1.054839, val loss = 5.948897, total loss = 3.501868, Epoch time: 0.08 seconds, remaining time: 1.28 minutes
Epoch #404: train loss = 0.631575, val loss = 5.553086, total loss = 3.092331, Epoch time: 0.18 seconds, remaining time: 1.29 minutes
Epoch #405: train loss = 1.172937, val loss = 0.570710, total loss = 0.871824, Epoch time: 0.08 seconds, remaining time: 1.25 minutes
Epoch #406: train loss = 0.773079, val loss = 6.184016, total loss = 3.478547, Epoch time: 0.12 seconds, remaining time: 1.28 minutes
Epoch #407: train loss = 0.728848, val loss = 5.834113, total loss = 3.281481, Epoch time: 0.14 seconds, remaining time: 1.33 minutes
Epoch #408: train loss = 0.871375, val loss = 0.617150, total loss = 0.744262, Epoch time: 0.09 seconds, remaining time: 1.26 minutes
Epoch #409: train loss = 0.786673, val loss = 0.565743, total loss = 0.676208, Epoch time: 0.09 seconds, remaining time: 1.19 minutes
Epoch #410: train loss = 0.825222, val loss = 0.469286, total loss = 0.647254, Epoch time: 0.10 seconds, remaining time: 1.19 minutes
Epoch #411: train loss = 0.766036, val loss = 7.364166, total loss = 4.065101, Epoch time: 0.09 seconds, remaining time: 1.11 minutes
Epoch #412: train loss = 0.672270, val loss = 6.481026, total loss = 3.576648, Epoch time: 0.18 seconds, remaining time: 1.13 minutes
Epoch #413: train loss = 0.653360, val loss = 0.490265, total loss = 0.571813, Epoch time: 0.17 seconds, remaining time: 1.21 minutes
Epoch #414: train loss = 0.621105, val loss = 7.483336, total loss = 4.052221, Epoch time: 0.18 seconds, remaining time: 1.21 minutes
Epoch #415: train loss = 0.622184, val loss = 0.424116, total loss = 0.523150, Epoch time: 0.18 seconds, remaining time: 1.30 minutes
Epoch #416: train loss = 0.817140, val loss = 6.844777, total loss = 3.830959, Epoch time: 0.09 seconds, remaining time: 1.27 minutes
Epoch #417: train loss = 0.789545, val loss = 0.770202, total loss = 0.779874, Epoch time: 0.11 seconds, remaining time: 1.24 minutes
Epoch #418: train loss = 0.637891, val loss = 7.079816, total loss = 3.858854, Epoch time: 0.15 seconds, remaining time: 1.29 minutes
Epoch #419: train loss = 0.787613, val loss = 0.468171, total loss = 0.627892, Epoch time: 0.09 seconds, remaining time: 1.29 minutes
Epoch #420: train loss = 0.716651, val loss = 7.509658, total loss = 4.113154, Epoch time: 0.09 seconds, remaining time: 1.27 minutes
Epoch #421: train loss = 0.681257, val loss = 0.439510, total loss = 0.560384, Epoch time: 0.13 seconds, remaining time: 1.31 minutes
Epoch #422: train loss = 0.803284, val loss = 8.329765, total loss = 4.566525, Epoch time: 0.10 seconds, remaining time: 1.23 minutes
Epoch #423: train loss = 0.592818, val loss = 8.080006, total loss = 4.336412, Epoch time: 0.16 seconds, remaining time: 1.22 minutes
Epoch #424: train loss = 0.635461, val loss = 8.562843, total loss = 4.599152, Epoch time: 0.15 seconds, remaining time: 1.19 minutes
Epoch #425: train loss = 0.528352, val loss = 8.637087, total loss = 4.582720, Epoch time: 0.17 seconds, remaining time: 1.18 minutes
Epoch #426: train loss = 0.892769, val loss = 0.589500, total loss = 0.741134, Epoch time: 0.08 seconds, remaining time: 1.17 minutes
Epoch #427: train loss = 0.728192, val loss = 0.535436, total loss = 0.631814, Epoch time: 0.09 seconds, remaining time: 1.15 minutes
Epoch #428: train loss = 0.632479, val loss = 6.901217, total loss = 3.766848, Epoch time: 0.15 seconds, remaining time: 1.15 minutes
Epoch #429: train loss = 0.683857, val loss = 0.441560, total loss = 0.562708, Epoch time: 0.11 seconds, remaining time: 1.17 minutes
Epoch #430: train loss = 0.650392, val loss = 7.364914, total loss = 4.007653, Epoch time: 0.15 seconds, remaining time: 1.22 minutes
Epoch #431: train loss = 0.550913, val loss = 7.331491, total loss = 3.941202, Epoch time: 0.19 seconds, remaining time: 1.27 minutes
Epoch #432: train loss = 0.692157, val loss = 0.632178, total loss = 0.662168, Epoch time: 0.12 seconds, remaining time: 1.28 minutes
Epoch #433: train loss = 0.845003, val loss = 0.704213, total loss = 0.774608, Epoch time: 0.09 seconds, remaining time: 1.21 minutes
Epoch #434: train loss = 0.629987, val loss = 6.610976, total loss = 3.620482, Epoch time: 0.12 seconds, remaining time: 1.18 minutes
Epoch #435: train loss = 0.682070, val loss = 0.465246, total loss = 0.573658, Epoch time: 0.09 seconds, remaining time: 1.10 minutes
Epoch #436: train loss = 0.534783, val loss = 8.000311, total loss = 4.267547, Epoch time: 0.18 seconds, remaining time: 1.19 minutes
Epoch #437: train loss = 0.665038, val loss = 7.832458, total loss = 4.248748, Epoch time: 0.12 seconds, remaining time: 1.22 minutes
Epoch #438: train loss = 0.800595, val loss = 7.386820, total loss = 4.093707, Epoch time: 0.10 seconds, remaining time: 1.18 minutes
Epoch #439: train loss = 1.263680, val loss = 7.632583, total loss = 4.448131, Epoch time: 0.08 seconds, remaining time: 1.15 minutes
Epoch #440: train loss = 0.656983, val loss = 8.007507, total loss = 4.332245, Epoch time: 0.10 seconds, remaining time: 1.11 minutes
Epoch #441: train loss = 0.641614, val loss = 7.310891, total loss = 3.976253, Epoch time: 0.11 seconds, remaining time: 1.04 minutes
Epoch #442: train loss = 0.675622, val loss = 7.586275, total loss = 4.130949, Epoch time: 0.14 seconds, remaining time: 1.06 minutes
Epoch #443: train loss = 0.759125, val loss = 0.408451, total loss = 0.583788, Epoch time: 0.09 seconds, remaining time: 1.06 minutes
Epoch #444: train loss = 0.638927, val loss = 0.587355, total loss = 0.613141, Epoch time: 0.12 seconds, remaining time: 1.06 minutes
Epoch #445: train loss = 0.889416, val loss = 7.131095, total loss = 4.010255, Epoch time: 0.08 seconds, remaining time: 1.05 minutes
Epoch #446: train loss = 0.615687, val loss = 7.445148, total loss = 4.030417, Epoch time: 0.13 seconds, remaining time: 1.00 minutes
Epoch #447: train loss = 0.900237, val loss = 0.314373, total loss = 0.607305, Epoch time: 0.08 seconds, remaining time: 0.97 minutes
Epoch #448: train loss = 0.841687, val loss = 7.099988, total loss = 3.970838, Epoch time: 0.09 seconds, remaining time: 0.96 minutes
Epoch #449: train loss = 0.732437, val loss = 8.043456, total loss = 4.387947, Epoch time: 0.10 seconds, remaining time: 0.98 minutes
Epoch #450: train loss = 0.572520, val loss = 0.491438, total loss = 0.531979, Epoch time: 0.17 seconds, remaining time: 1.04 minutes
Epoch #451: train loss = 0.631191, val loss = 8.523849, total loss = 4.577520, Epoch time: 0.13 seconds, remaining time: 1.05 minutes
Epoch #452: train loss = 0.559465, val loss = 0.674281, total loss = 0.616873, Epoch time: 0.19 seconds, remaining time: 1.09 minutes
Epoch #453: train loss = 0.543550, val loss = 8.709501, total loss = 4.626526, Epoch time: 0.16 seconds, remaining time: 1.16 minutes
Epoch #454: train loss = 0.603018, val loss = 0.587208, total loss = 0.595113, Epoch time: 0.16 seconds, remaining time: 1.19 minutes
Epoch #455: train loss = 0.583397, val loss = 0.593770, total loss = 0.588583, Epoch time: 0.13 seconds, remaining time: 1.23 minutes
Epoch #456: train loss = 0.791209, val loss = 0.677707, total loss = 0.734458, Epoch time: 0.10 seconds, remaining time: 1.19 minutes
Epoch #457: train loss = 1.382463, val loss = 10.276911, total loss = 5.829687, Epoch time: 0.08 seconds, remaining time: 1.19 minutes
Epoch #458: train loss = 0.710380, val loss = 0.901711, total loss = 0.806045, Epoch time: 0.11 seconds, remaining time: 1.20 minutes
Epoch #459: train loss = 0.633396, val loss = 9.523006, total loss = 5.078201, Epoch time: 0.12 seconds, remaining time: 1.22 minutes
Epoch #460: train loss = 1.018665, val loss = 1.002630, total loss = 1.010647, Epoch time: 0.09 seconds, remaining time: 1.14 minutes
Epoch #461: train loss = 0.604513, val loss = 8.081890, total loss = 4.343202, Epoch time: 0.14 seconds, remaining time: 1.15 minutes
Epoch #462: train loss = 0.723458, val loss = 6.582206, total loss = 3.652832, Epoch time: 0.10 seconds, remaining time: 1.07 minutes
Epoch #463: train loss = 0.536103, val loss = 8.311045, total loss = 4.423574, Epoch time: 0.19 seconds, remaining time: 1.09 minutes
Epoch #464: train loss = 0.576079, val loss = 0.818448, total loss = 0.697264, Epoch time: 0.15 seconds, remaining time: 1.08 minutes
Epoch #465: train loss = 0.680540, val loss = 7.899189, total loss = 4.289864, Epoch time: 0.11 seconds, remaining time: 1.06 minutes
Epoch #466: train loss = 1.242497, val loss = 8.104196, total loss = 4.673346, Epoch time: 0.09 seconds, remaining time: 1.05 minutes
Epoch #467: train loss = 0.592174, val loss = 8.708585, total loss = 4.650379, Epoch time: 0.14 seconds, remaining time: 1.09 minutes
Epoch #468: train loss = 1.103678, val loss = 7.675777, total loss = 4.389728, Epoch time: 0.08 seconds, remaining time: 1.07 minutes
Epoch #469: train loss = 0.676691, val loss = 0.513635, total loss = 0.595163, Epoch time: 0.10 seconds, remaining time: 1.05 minutes
Epoch #470: train loss = 1.023160, val loss = 8.083946, total loss = 4.553553, Epoch time: 0.09 seconds, remaining time: 1.05 minutes
Epoch #471: train loss = 0.562621, val loss = 0.339298, total loss = 0.450959, Epoch time: 0.18 seconds, remaining time: 1.08 minutes
Epoch #472: train loss = 0.898661, val loss = 7.515858, total loss = 4.207260, Epoch time: 0.09 seconds, remaining time: 1.07 minutes
Epoch #473: train loss = 0.642284, val loss = 0.397344, total loss = 0.519814, Epoch time: 0.12 seconds, remaining time: 1.01 minutes
Epoch #474: train loss = 0.791061, val loss = 0.496120, total loss = 0.643591, Epoch time: 0.09 seconds, remaining time: 0.95 minutes
Epoch #475: train loss = 0.792230, val loss = 5.972309, total loss = 3.382269, Epoch time: 0.09 seconds, remaining time: 0.93 minutes
Epoch #476: train loss = 0.560832, val loss = 0.346695, total loss = 0.453764, Epoch time: 0.16 seconds, remaining time: 1.00 minutes
Epoch #477: train loss = 0.580566, val loss = 7.232883, total loss = 3.906725, Epoch time: 0.16 seconds, remaining time: 1.02 minutes
Epoch #478: train loss = 0.583770, val loss = 6.795879, total loss = 3.689825, Epoch time: 0.12 seconds, remaining time: 1.04 minutes
Epoch #479: train loss = 0.601995, val loss = 7.725405, total loss = 4.163700, Epoch time: 0.12 seconds, remaining time: 1.06 minutes
Epoch #480: train loss = 0.598097, val loss = 0.765330, total loss = 0.681714, Epoch time: 0.15 seconds, remaining time: 1.12 minutes
Epoch #481: train loss = 0.609201, val loss = 7.865640, total loss = 4.237421, Epoch time: 0.12 seconds, remaining time: 1.06 minutes
Epoch #482: train loss = 0.623705, val loss = 0.564150, total loss = 0.593927, Epoch time: 0.14 seconds, remaining time: 1.10 minutes
Epoch #483: train loss = 0.584941, val loss = 0.438277, total loss = 0.511609, Epoch time: 0.15 seconds, remaining time: 1.12 minutes
Epoch #484: train loss = 0.817446, val loss = 0.434769, total loss = 0.626108, Epoch time: 0.09 seconds, remaining time: 1.12 minutes
Epoch #485: train loss = 0.709521, val loss = 9.337648, total loss = 5.023585, Epoch time: 0.10 seconds, remaining time: 1.12 minutes
Epoch #486: train loss = 0.579348, val loss = 0.794627, total loss = 0.686987, Epoch time: 0.13 seconds, remaining time: 1.09 minutes
Epoch #487: train loss = 0.628473, val loss = 8.901336, total loss = 4.764904, Epoch time: 0.09 seconds, remaining time: 1.02 minutes
Epoch #488: train loss = 0.649224, val loss = 10.609221, total loss = 5.629223, Epoch time: 0.10 seconds, remaining time: 1.00 minutes
Epoch #489: train loss = 0.553892, val loss = 9.222999, total loss = 4.888445, Epoch time: 0.17 seconds, remaining time: 1.04 minutes
Epoch #490: train loss = 0.534931, val loss = 0.540498, total loss = 0.537715, Epoch time: 0.18 seconds, remaining time: 1.06 minutes
Epoch #491: train loss = 1.061891, val loss = 9.457751, total loss = 5.259821, Epoch time: 0.09 seconds, remaining time: 1.03 minutes
Epoch #492: train loss = 0.639279, val loss = 10.455673, total loss = 5.547476, Epoch time: 0.10 seconds, remaining time: 1.00 minutes
Epoch #493: train loss = 0.864309, val loss = 11.275431, total loss = 6.069870, Epoch time: 0.09 seconds, remaining time: 0.95 minutes
Epoch #494: train loss = 0.610540, val loss = 0.706219, total loss = 0.658379, Epoch time: 0.12 seconds, remaining time: 0.97 minutes
Epoch #495: train loss = 0.573236, val loss = 8.489208, total loss = 4.531222, Epoch time: 0.15 seconds, remaining time: 1.01 minutes
Epoch #496: train loss = 0.519530, val loss = 0.384876, total loss = 0.452203, Epoch time: 0.17 seconds, remaining time: 1.05 minutes
Epoch #497: train loss = 0.576496, val loss = 8.628494, total loss = 4.602495, Epoch time: 0.12 seconds, remaining time: 1.07 minutes
Epoch #498: train loss = 0.755412, val loss = 0.395992, total loss = 0.575702, Epoch time: 0.09 seconds, remaining time: 1.07 minutes
Epoch #499: train loss = 0.983562, val loss = 6.716608, total loss = 3.850085, Epoch time: 0.09 seconds, remaining time: 1.00 minutes
Epoch #500: train loss = 0.478988, val loss = 9.591996, total loss = 5.035492, Epoch time: 0.19 seconds, remaining time: 1.01 minutes
Epoch #501: train loss = 0.592402, val loss = 0.537137, total loss = 0.564769, Epoch time: 0.10 seconds, remaining time: 1.02 minutes
Epoch #502: train loss = 0.469481, val loss = 8.329615, total loss = 4.399548, Epoch time: 0.18 seconds, remaining time: 1.08 minutes
Epoch #503: train loss = 0.670250, val loss = 7.896038, total loss = 4.283144, Epoch time: 0.09 seconds, remaining time: 1.08 minutes
Epoch #504: train loss = 0.833052, val loss = 0.635727, total loss = 0.734390, Epoch time: 0.09 seconds, remaining time: 1.05 minutes
Epoch #505: train loss = 0.602859, val loss = 9.383702, total loss = 4.993281, Epoch time: 0.11 seconds, remaining time: 1.02 minutes
Epoch #506: train loss = 0.494795, val loss = 8.309298, total loss = 4.402046, Epoch time: 0.19 seconds, remaining time: 1.03 minutes
Epoch #507: train loss = 0.615307, val loss = 10.079348, total loss = 5.347328, Epoch time: 0.11 seconds, remaining time: 1.02 minutes
Epoch #508: train loss = 0.581653, val loss = 0.349298, total loss = 0.465476, Epoch time: 0.11 seconds, remaining time: 1.04 minutes
Epoch #509: train loss = 0.997543, val loss = 7.843095, total loss = 4.420319, Epoch time: 0.08 seconds, remaining time: 1.03 minutes
Epoch #510: train loss = 0.504027, val loss = 8.431258, total loss = 4.467642, Epoch time: 0.18 seconds, remaining time: 1.02 minutes
Epoch #511: train loss = 0.558717, val loss = 0.452832, total loss = 0.505774, Epoch time: 0.15 seconds, remaining time: 1.05 minutes
Epoch #512: train loss = 0.753920, val loss = 0.369491, total loss = 0.561706, Epoch time: 0.09 seconds, remaining time: 0.98 minutes
Epoch #513: train loss = 0.529618, val loss = 8.073361, total loss = 4.301490, Epoch time: 0.11 seconds, remaining time: 0.99 minutes
Epoch #514: train loss = 0.586811, val loss = 1.012656, total loss = 0.799733, Epoch time: 0.12 seconds, remaining time: 1.01 minutes
Epoch #515: train loss = 0.501558, val loss = 0.765229, total loss = 0.633394, Epoch time: 0.16 seconds, remaining time: 1.05 minutes
Epoch #516: train loss = 0.489402, val loss = 10.276839, total loss = 5.383121, Epoch time: 0.17 seconds, remaining time: 1.03 minutes
Epoch #517: train loss = 0.914623, val loss = 0.592613, total loss = 0.753618, Epoch time: 0.09 seconds, remaining time: 1.00 minutes
Epoch #518: train loss = 0.556502, val loss = 9.009640, total loss = 4.783071, Epoch time: 0.12 seconds, remaining time: 1.00 minutes
Epoch #519: train loss = 0.584302, val loss = 0.424709, total loss = 0.504505, Epoch time: 0.10 seconds, remaining time: 1.02 minutes
Epoch #520: train loss = 1.073946, val loss = 8.411645, total loss = 4.742795, Epoch time: 0.08 seconds, remaining time: 0.94 minutes
Epoch #521: train loss = 0.583550, val loss = 10.770109, total loss = 5.676830, Epoch time: 0.13 seconds, remaining time: 0.92 minutes
Epoch #522: train loss = 0.523249, val loss = 0.484004, total loss = 0.503626, Epoch time: 0.16 seconds, remaining time: 0.97 minutes
Epoch #523: train loss = 0.489615, val loss = 10.142413, total loss = 5.316014, Epoch time: 0.15 seconds, remaining time: 1.00 minutes
Epoch #524: train loss = 0.524706, val loss = 0.757647, total loss = 0.641177, Epoch time: 0.15 seconds, remaining time: 1.03 minutes
Epoch #525: train loss = 0.502681, val loss = 9.678757, total loss = 5.090719, Epoch time: 0.18 seconds, remaining time: 1.04 minutes
Epoch #526: train loss = 1.549967, val loss = 0.425735, total loss = 0.987851, Epoch time: 0.08 seconds, remaining time: 0.98 minutes
Epoch #527: train loss = 0.592389, val loss = 0.494258, total loss = 0.543324, Epoch time: 0.12 seconds, remaining time: 1.00 minutes
Epoch #528: train loss = 0.479171, val loss = 0.416969, total loss = 0.448070, Epoch time: 0.19 seconds, remaining time: 1.06 minutes
Epoch #529: train loss = 0.570823, val loss = 0.444744, total loss = 0.507783, Epoch time: 0.12 seconds, remaining time: 1.07 minutes
Epoch #530: train loss = 0.473513, val loss = 9.245824, total loss = 4.859669, Epoch time: 0.19 seconds, remaining time: 1.15 minutes
Epoch #531: train loss = 0.543822, val loss = 8.790169, total loss = 4.666996, Epoch time: 0.16 seconds, remaining time: 1.17 minutes
Epoch #532: train loss = 0.547188, val loss = 9.005964, total loss = 4.776576, Epoch time: 0.14 seconds, remaining time: 1.16 minutes
Epoch #533: train loss = 0.507306, val loss = 8.186272, total loss = 4.346789, Epoch time: 0.17 seconds, remaining time: 1.17 minutes
Epoch #534: train loss = 0.658464, val loss = 0.800746, total loss = 0.729605, Epoch time: 0.10 seconds, remaining time: 1.13 minutes
Epoch #535: train loss = 1.175335, val loss = 1.319520, total loss = 1.247427, Epoch time: 0.09 seconds, remaining time: 1.05 minutes
Epoch #536: train loss = 0.534114, val loss = 0.503278, total loss = 0.518696, Epoch time: 0.12 seconds, remaining time: 1.07 minutes
Epoch #537: train loss = 1.307742, val loss = 0.384737, total loss = 0.846240, Epoch time: 0.09 seconds, remaining time: 1.05 minutes
Epoch #538: train loss = 0.604140, val loss = 0.933957, total loss = 0.769049, Epoch time: 0.13 seconds, remaining time: 1.00 minutes
Epoch #539: train loss = 0.582694, val loss = 0.420600, total loss = 0.501647, Epoch time: 0.12 seconds, remaining time: 1.00 minutes
Epoch #540: train loss = 0.723266, val loss = 9.694557, total loss = 5.208912, Epoch time: 0.10 seconds, remaining time: 0.93 minutes
Epoch #541: train loss = 0.480610, val loss = 8.781454, total loss = 4.631032, Epoch time: 0.18 seconds, remaining time: 0.95 minutes
Epoch #542: train loss = 0.674062, val loss = 0.391200, total loss = 0.532631, Epoch time: 0.09 seconds, remaining time: 0.91 minutes
Epoch #543: train loss = 0.503602, val loss = 0.924276, total loss = 0.713939, Epoch time: 0.18 seconds, remaining time: 0.91 minutes
Epoch #544: train loss = 0.553029, val loss = 0.364069, total loss = 0.458549, Epoch time: 0.12 seconds, remaining time: 0.93 minutes
Epoch #545: train loss = 0.568647, val loss = 11.062304, total loss = 5.815476, Epoch time: 0.11 seconds, remaining time: 0.94 minutes
Epoch #546: train loss = 0.477124, val loss = 10.747667, total loss = 5.612396, Epoch time: 0.16 seconds, remaining time: 0.97 minutes
Epoch #547: train loss = 0.584099, val loss = 8.689077, total loss = 4.636588, Epoch time: 0.11 seconds, remaining time: 0.98 minutes
Epoch #548: train loss = 0.477352, val loss = 0.341835, total loss = 0.409594, Epoch time: 0.18 seconds, remaining time: 1.02 minutes
Epoch #549: train loss = 0.797166, val loss = 1.199994, total loss = 0.998580, Epoch time: 0.09 seconds, remaining time: 0.99 minutes
Epoch #550: train loss = 0.519282, val loss = 1.122714, total loss = 0.820998, Epoch time: 0.15 seconds, remaining time: 1.03 minutes
Epoch #551: train loss = 0.683993, val loss = 0.900774, total loss = 0.792383, Epoch time: 0.09 seconds, remaining time: 0.95 minutes
Epoch #552: train loss = 0.557216, val loss = 0.304974, total loss = 0.431095, Epoch time: 0.11 seconds, remaining time: 0.97 minutes
Epoch #553: train loss = 0.536415, val loss = 11.153694, total loss = 5.845055, Epoch time: 0.13 seconds, remaining time: 0.93 minutes
Epoch #554: train loss = 0.830823, val loss = 9.185058, total loss = 5.007940, Epoch time: 0.08 seconds, remaining time: 0.90 minutes
Epoch #555: train loss = 0.585847, val loss = 1.321155, total loss = 0.953501, Epoch time: 0.12 seconds, remaining time: 0.90 minutes
Epoch #556: train loss = 0.753296, val loss = 0.677277, total loss = 0.715286, Epoch time: 0.09 seconds, remaining time: 0.84 minutes
Epoch #557: train loss = 0.565738, val loss = 0.572765, total loss = 0.569251, Epoch time: 0.12 seconds, remaining time: 0.85 minutes
Epoch #558: train loss = 0.440935, val loss = 0.744688, total loss = 0.592812, Epoch time: 0.16 seconds, remaining time: 0.83 minutes
Epoch #559: train loss = 0.451099, val loss = 10.806435, total loss = 5.628767, Epoch time: 0.18 seconds, remaining time: 0.89 minutes
Epoch #560: train loss = 0.698309, val loss = 13.065529, total loss = 6.881919, Epoch time: 0.09 seconds, remaining time: 0.84 minutes
Epoch #561: train loss = 0.542942, val loss = 10.465568, total loss = 5.504255, Epoch time: 0.13 seconds, remaining time: 0.87 minutes
Epoch #562: train loss = 0.833038, val loss = 10.728367, total loss = 5.780703, Epoch time: 0.09 seconds, remaining time: 0.85 minutes
Epoch #563: train loss = 0.610356, val loss = 0.547121, total loss = 0.578739, Epoch time: 0.10 seconds, remaining time: 0.83 minutes
Epoch #564: train loss = 0.499147, val loss = 0.581997, total loss = 0.540572, Epoch time: 0.14 seconds, remaining time: 0.87 minutes
Epoch #565: train loss = 0.793615, val loss = 10.940112, total loss = 5.866864, Epoch time: 0.08 seconds, remaining time: 0.84 minutes
Epoch #566: train loss = 0.596157, val loss = 0.353446, total loss = 0.474802, Epoch time: 0.10 seconds, remaining time: 0.85 minutes
Epoch #567: train loss = 0.936027, val loss = 0.735054, total loss = 0.835541, Epoch time: 0.08 seconds, remaining time: 0.83 minutes
Epoch #568: train loss = 0.534089, val loss = 0.970360, total loss = 0.752225, Epoch time: 0.11 seconds, remaining time: 0.79 minutes
Epoch #569: train loss = 0.614160, val loss = 9.201841, total loss = 4.908001, Epoch time: 0.10 seconds, remaining time: 0.74 minutes
Epoch #570: train loss = 0.529302, val loss = 9.154522, total loss = 4.841912, Epoch time: 0.15 seconds, remaining time: 0.78 minutes
Epoch #571: train loss = 1.111375, val loss = 0.727898, total loss = 0.919636, Epoch time: 0.08 seconds, remaining time: 0.74 minutes
Epoch #572: train loss = 0.547555, val loss = 8.760703, total loss = 4.654129, Epoch time: 0.12 seconds, remaining time: 0.77 minutes
Epoch #573: train loss = 0.702746, val loss = 8.656292, total loss = 4.679519, Epoch time: 0.09 seconds, remaining time: 0.76 minutes
Epoch #574: train loss = 0.683798, val loss = 8.851180, total loss = 4.767489, Epoch time: 0.09 seconds, remaining time: 0.72 minutes
Epoch #575: train loss = 0.504882, val loss = 7.994962, total loss = 4.249922, Epoch time: 0.15 seconds, remaining time: 0.77 minutes
Epoch #576: train loss = 0.484177, val loss = 0.352416, total loss = 0.418297, Epoch time: 0.15 seconds, remaining time: 0.80 minutes
Epoch #577: train loss = 0.563348, val loss = 9.869414, total loss = 5.216381, Epoch time: 0.13 seconds, remaining time: 0.83 minutes
Epoch #578: train loss = 0.518952, val loss = 9.277247, total loss = 4.898100, Epoch time: 0.12 seconds, remaining time: 0.83 minutes
Epoch #579: train loss = 0.507662, val loss = 0.749685, total loss = 0.628674, Epoch time: 0.14 seconds, remaining time: 0.86 minutes
Epoch #580: train loss = 0.522323, val loss = 9.836739, total loss = 5.179531, Epoch time: 0.15 seconds, remaining time: 0.86 minutes
Epoch #581: train loss = 0.452075, val loss = 0.698130, total loss = 0.575103, Epoch time: 0.16 seconds, remaining time: 0.92 minutes
Epoch #582: train loss = 1.487426, val loss = 9.834163, total loss = 5.660795, Epoch time: 0.08 seconds, remaining time: 0.88 minutes
Epoch #583: train loss = 0.444139, val loss = 9.987427, total loss = 5.215783, Epoch time: 0.18 seconds, remaining time: 0.94 minutes
Epoch #584: train loss = 0.607954, val loss = 0.456175, total loss = 0.532065, Epoch time: 0.10 seconds, remaining time: 0.94 minutes
Epoch #585: train loss = 2.301636, val loss = 0.589454, total loss = 1.445545, Epoch time: 0.08 seconds, remaining time: 0.89 minutes
Epoch #586: train loss = 0.439643, val loss = 8.665336, total loss = 4.552489, Epoch time: 0.16 seconds, remaining time: 0.90 minutes
Epoch #587: train loss = 0.485772, val loss = 8.098402, total loss = 4.292087, Epoch time: 0.19 seconds, remaining time: 0.94 minutes
Epoch #588: train loss = 0.515758, val loss = 0.429749, total loss = 0.472754, Epoch time: 0.14 seconds, remaining time: 0.95 minutes
Epoch #589: train loss = 0.978938, val loss = 0.385958, total loss = 0.682448, Epoch time: 0.09 seconds, remaining time: 0.91 minutes
Epoch #590: train loss = 0.571937, val loss = 10.009693, total loss = 5.290815, Epoch time: 0.12 seconds, remaining time: 0.88 minutes
Epoch #591: train loss = 0.526920, val loss = 8.783445, total loss = 4.655183, Epoch time: 0.14 seconds, remaining time: 0.87 minutes
Epoch #592: train loss = 0.518646, val loss = 8.225864, total loss = 4.372255, Epoch time: 0.16 seconds, remaining time: 0.92 minutes
Epoch #593: train loss = 0.689723, val loss = 0.992820, total loss = 0.841272, Epoch time: 0.10 seconds, remaining time: 0.86 minutes
Epoch #594: train loss = 0.505331, val loss = 9.244072, total loss = 4.874701, Epoch time: 0.18 seconds, remaining time: 0.91 minutes
Epoch #595: train loss = 0.631178, val loss = 9.491117, total loss = 5.061148, Epoch time: 0.09 seconds, remaining time: 0.92 minutes
Epoch #596: train loss = 0.959067, val loss = 8.888020, total loss = 4.923544, Epoch time: 0.08 seconds, remaining time: 0.86 minutes
Epoch #597: train loss = 0.699413, val loss = 0.383055, total loss = 0.541234, Epoch time: 0.10 seconds, remaining time: 0.80 minutes
Epoch #598: train loss = 0.900039, val loss = 8.946243, total loss = 4.923141, Epoch time: 0.08 seconds, remaining time: 0.75 minutes
Epoch #599: train loss = 0.670211, val loss = 7.285450, total loss = 3.977831, Epoch time: 0.09 seconds, remaining time: 0.76 minutes
Epoch #600: train loss = 0.519126, val loss = 9.996605, total loss = 5.257865, Epoch time: 0.12 seconds, remaining time: 0.76 minutes
Epoch #601: train loss = 0.673013, val loss = 0.689628, total loss = 0.681320, Epoch time: 0.09 seconds, remaining time: 0.73 minutes
Epoch #602: train loss = 2.608800, val loss = 7.498727, total loss = 5.053764, Epoch time: 0.08 seconds, remaining time: 0.67 minutes
Epoch #603: train loss = 1.764765, val loss = 0.461124, total loss = 1.112945, Epoch time: 0.08 seconds, remaining time: 0.65 minutes
Epoch #604: train loss = 0.664411, val loss = 11.642595, total loss = 6.153503, Epoch time: 0.09 seconds, remaining time: 0.59 minutes
Epoch #605: train loss = 0.994638, val loss = 0.436213, total loss = 0.715426, Epoch time: 0.09 seconds, remaining time: 0.59 minutes
Epoch #606: train loss = 0.913995, val loss = 1.251321, total loss = 1.082658, Epoch time: 0.08 seconds, remaining time: 0.59 minutes
Epoch #607: train loss = 0.679952, val loss = 9.362608, total loss = 5.021280, Epoch time: 0.16 seconds, remaining time: 0.63 minutes
Epoch #608: train loss = 0.820993, val loss = 8.615401, total loss = 4.718197, Epoch time: 0.10 seconds, remaining time: 0.64 minutes
Epoch #609: train loss = 0.680645, val loss = 1.307055, total loss = 0.993850, Epoch time: 0.15 seconds, remaining time: 0.67 minutes
Epoch #610: train loss = 0.769029, val loss = 1.579116, total loss = 1.174073, Epoch time: 0.08 seconds, remaining time: 0.64 minutes
Epoch #611: train loss = 0.683485, val loss = 0.550644, total loss = 0.617065, Epoch time: 0.11 seconds, remaining time: 0.65 minutes
Epoch #612: train loss = 0.697139, val loss = 7.889805, total loss = 4.293472, Epoch time: 0.12 seconds, remaining time: 0.68 minutes
Epoch #613: train loss = 0.690387, val loss = 9.210451, total loss = 4.950419, Epoch time: 0.11 seconds, remaining time: 0.70 minutes
Epoch #614: train loss = 0.633999, val loss = 0.488307, total loss = 0.561153, Epoch time: 0.13 seconds, remaining time: 0.72 minutes
Epoch #615: train loss = 0.829522, val loss = 10.643250, total loss = 5.736386, Epoch time: 0.09 seconds, remaining time: 0.72 minutes
Epoch #616: train loss = 0.804504, val loss = 11.203526, total loss = 6.004015, Epoch time: 0.08 seconds, remaining time: 0.72 minutes
Epoch #617: train loss = 0.807167, val loss = 7.450564, total loss = 4.128866, Epoch time: 0.09 seconds, remaining time: 0.67 minutes
Epoch #618: train loss = 0.680908, val loss = 0.991282, total loss = 0.836095, Epoch time: 0.15 seconds, remaining time: 0.70 minutes
Epoch #619: train loss = 0.712540, val loss = 9.774138, total loss = 5.243339, Epoch time: 0.10 seconds, remaining time: 0.67 minutes
Epoch #620: train loss = 0.572856, val loss = 0.960794, total loss = 0.766825, Epoch time: 0.15 seconds, remaining time: 0.71 minutes
Epoch #621: train loss = 0.981367, val loss = 9.471537, total loss = 5.226452, Epoch time: 0.08 seconds, remaining time: 0.69 minutes
Epoch #622: train loss = 0.705845, val loss = 9.775766, total loss = 5.240805, Epoch time: 0.17 seconds, remaining time: 0.72 minutes
Epoch #623: train loss = 0.673482, val loss = 0.823328, total loss = 0.748405, Epoch time: 0.09 seconds, remaining time: 0.71 minutes
Epoch #624: train loss = 0.603236, val loss = 0.865797, total loss = 0.734517, Epoch time: 0.10 seconds, remaining time: 0.69 minutes
Epoch #625: train loss = 0.665958, val loss = 8.985695, total loss = 4.825827, Epoch time: 0.10 seconds, remaining time: 0.70 minutes
Epoch #626: train loss = 1.206517, val loss = 11.850582, total loss = 6.528549, Epoch time: 0.08 seconds, remaining time: 0.69 minutes
Epoch #627: train loss = 0.778659, val loss = 1.172801, total loss = 0.975730, Epoch time: 0.09 seconds, remaining time: 0.69 minutes
Epoch #628: train loss = 0.583514, val loss = 0.886153, total loss = 0.734834, Epoch time: 0.15 seconds, remaining time: 0.69 minutes
Epoch #629: train loss = 1.115707, val loss = 9.623925, total loss = 5.369816, Epoch time: 0.08 seconds, remaining time: 0.68 minutes
Epoch #630: train loss = 0.583447, val loss = 10.168863, total loss = 5.376155, Epoch time: 0.12 seconds, remaining time: 0.66 minutes
Epoch #631: train loss = 0.627177, val loss = 9.997750, total loss = 5.312464, Epoch time: 0.11 seconds, remaining time: 0.67 minutes
Epoch #632: train loss = 0.709379, val loss = 0.874997, total loss = 0.792188, Epoch time: 0.09 seconds, remaining time: 0.62 minutes
Epoch #633: train loss = 0.797852, val loss = 0.357983, total loss = 0.577917, Epoch time: 0.08 seconds, remaining time: 0.61 minutes
Epoch #634: train loss = 0.606873, val loss = 0.434476, total loss = 0.520674, Epoch time: 0.13 seconds, remaining time: 0.63 minutes
Epoch #635: train loss = 0.784125, val loss = 7.385676, total loss = 4.084901, Epoch time: 0.09 seconds, remaining time: 0.62 minutes
Epoch #636: train loss = 0.556077, val loss = 7.212464, total loss = 3.884270, Epoch time: 0.19 seconds, remaining time: 0.68 minutes
Epoch #637: train loss = 0.640675, val loss = 7.319631, total loss = 3.980153, Epoch time: 0.09 seconds, remaining time: 0.68 minutes
Epoch #638: train loss = 0.539693, val loss = 9.355992, total loss = 4.947843, Epoch time: 0.14 seconds, remaining time: 0.67 minutes
Epoch #639: train loss = 0.746271, val loss = 8.215325, total loss = 4.480798, Epoch time: 0.09 seconds, remaining time: 0.67 minutes
Epoch #640: train loss = 0.579862, val loss = 0.558779, total loss = 0.569320, Epoch time: 0.12 seconds, remaining time: 0.67 minutes
Epoch #641: train loss = 0.737078, val loss = 0.600165, total loss = 0.668622, Epoch time: 0.09 seconds, remaining time: 0.66 minutes
Epoch #642: train loss = 0.484235, val loss = 8.785076, total loss = 4.634655, Epoch time: 0.16 seconds, remaining time: 0.70 minutes
Epoch #643: train loss = 0.660931, val loss = 0.470598, total loss = 0.565765, Epoch time: 0.08 seconds, remaining time: 0.70 minutes
Epoch #644: train loss = 0.521573, val loss = 7.557500, total loss = 4.039537, Epoch time: 0.15 seconds, remaining time: 0.71 minutes
Epoch #645: train loss = 0.538957, val loss = 7.342975, total loss = 3.940966, Epoch time: 0.14 seconds, remaining time: 0.74 minutes
Epoch #646: train loss = 0.550113, val loss = 0.536367, total loss = 0.543240, Epoch time: 0.12 seconds, remaining time: 0.70 minutes
Epoch #647: train loss = 0.445704, val loss = 0.448507, total loss = 0.447106, Epoch time: 0.18 seconds, remaining time: 0.75 minutes
Epoch #648: train loss = 0.661733, val loss = 8.737851, total loss = 4.699792, Epoch time: 0.10 seconds, remaining time: 0.72 minutes
Epoch #649: train loss = 0.451100, val loss = 0.634755, total loss = 0.542927, Epoch time: 0.18 seconds, remaining time: 0.78 minutes
Epoch #650: train loss = 0.578506, val loss = 10.965446, total loss = 5.771976, Epoch time: 0.12 seconds, remaining time: 0.77 minutes
Epoch #651: train loss = 0.465487, val loss = 0.386620, total loss = 0.426054, Epoch time: 0.18 seconds, remaining time: 0.82 minutes
Epoch #652: train loss = 0.497278, val loss = 0.451604, total loss = 0.474441, Epoch time: 0.15 seconds, remaining time: 0.82 minutes
Epoch #653: train loss = 0.435070, val loss = 8.083138, total loss = 4.259104, Epoch time: 0.18 seconds, remaining time: 0.87 minutes
Epoch #654: train loss = 0.719699, val loss = 0.768178, total loss = 0.743938, Epoch time: 0.09 seconds, remaining time: 0.83 minutes
Epoch #655: train loss = 0.572759, val loss = 0.489837, total loss = 0.531298, Epoch time: 0.11 seconds, remaining time: 0.81 minutes
Epoch #656: train loss = 0.469292, val loss = 0.555129, total loss = 0.512211, Epoch time: 0.13 seconds, remaining time: 0.82 minutes
Epoch #657: train loss = 0.497051, val loss = 9.707294, total loss = 5.102173, Epoch time: 0.13 seconds, remaining time: 0.78 minutes
Epoch #658: train loss = 0.621017, val loss = 0.637224, total loss = 0.629120, Epoch time: 0.11 seconds, remaining time: 0.79 minutes
Epoch #659: train loss = 0.411932, val loss = 0.383811, total loss = 0.397872, Epoch time: 0.19 seconds, remaining time: 0.79 minutes
Epoch #660: train loss = 0.559901, val loss = 0.429448, total loss = 0.494674, Epoch time: 0.11 seconds, remaining time: 0.78 minutes
Epoch #661: train loss = 0.612821, val loss = 0.751443, total loss = 0.682132, Epoch time: 0.10 seconds, remaining time: 0.73 minutes
Epoch #662: train loss = 0.572867, val loss = 0.522670, total loss = 0.547769, Epoch time: 0.11 seconds, remaining time: 0.71 minutes
Epoch #663: train loss = 0.598841, val loss = 9.711199, total loss = 5.155020, Epoch time: 0.10 seconds, remaining time: 0.66 minutes
Epoch #664: train loss = 0.432495, val loss = 9.745691, total loss = 5.089093, Epoch time: 0.17 seconds, remaining time: 0.70 minutes
Epoch #665: train loss = 1.239845, val loss = 9.830382, total loss = 5.535114, Epoch time: 0.08 seconds, remaining time: 0.68 minutes
Epoch #666: train loss = 0.462419, val loss = 11.175323, total loss = 5.818871, Epoch time: 0.14 seconds, remaining time: 0.68 minutes
Epoch #667: train loss = 0.474896, val loss = 8.275653, total loss = 4.375274, Epoch time: 0.15 seconds, remaining time: 0.69 minutes
Epoch #668: train loss = 0.407815, val loss = 0.342943, total loss = 0.375379, Epoch time: 0.19 seconds, remaining time: 0.73 minutes
Epoch #669: train loss = 1.080136, val loss = 9.433972, total loss = 5.257054, Epoch time: 0.09 seconds, remaining time: 0.68 minutes
Epoch #670: train loss = 0.813070, val loss = 0.593869, total loss = 0.703469, Epoch time: 0.09 seconds, remaining time: 0.66 minutes
Epoch #671: train loss = 1.839586, val loss = 0.499003, total loss = 1.169295, Epoch time: 0.08 seconds, remaining time: 0.65 minutes
Epoch #672: train loss = 0.495467, val loss = 1.085710, total loss = 0.790588, Epoch time: 0.11 seconds, remaining time: 0.65 minutes
Epoch #673: train loss = 0.518905, val loss = 0.589959, total loss = 0.554432, Epoch time: 0.13 seconds, remaining time: 0.66 minutes
Epoch #674: train loss = 0.507667, val loss = 0.933840, total loss = 0.720754, Epoch time: 0.14 seconds, remaining time: 0.64 minutes
Epoch #675: train loss = 1.156654, val loss = 8.836482, total loss = 4.996568, Epoch time: 0.09 seconds, remaining time: 0.65 minutes
Epoch #676: train loss = 0.558386, val loss = 8.826344, total loss = 4.692365, Epoch time: 0.12 seconds, remaining time: 0.64 minutes
Epoch #677: train loss = 0.575546, val loss = 0.754148, total loss = 0.664847, Epoch time: 0.10 seconds, remaining time: 0.61 minutes
Epoch #678: train loss = 0.520990, val loss = 1.137352, total loss = 0.829171, Epoch time: 0.12 seconds, remaining time: 0.57 minutes
Epoch #679: train loss = 0.503706, val loss = 0.807363, total loss = 0.655535, Epoch time: 0.16 seconds, remaining time: 0.60 minutes
Epoch #680: train loss = 1.060854, val loss = 8.044223, total loss = 4.552538, Epoch time: 0.09 seconds, remaining time: 0.60 minutes
Epoch #681: train loss = 0.622680, val loss = 10.301890, total loss = 5.462285, Epoch time: 0.09 seconds, remaining time: 0.60 minutes
Epoch #682: train loss = 0.547927, val loss = 9.526508, total loss = 5.037218, Epoch time: 0.13 seconds, remaining time: 0.62 minutes
Epoch #683: train loss = 0.471061, val loss = 10.054370, total loss = 5.262715, Epoch time: 0.18 seconds, remaining time: 0.64 minutes
Epoch #684: train loss = 0.453005, val loss = 7.506036, total loss = 3.979520, Epoch time: 0.19 seconds, remaining time: 0.67 minutes
Epoch #685: train loss = 0.659398, val loss = 0.790268, total loss = 0.724833, Epoch time: 0.10 seconds, remaining time: 0.67 minutes
Epoch #686: train loss = 0.505925, val loss = 9.073738, total loss = 4.789831, Epoch time: 0.14 seconds, remaining time: 0.68 minutes
Epoch #687: train loss = 0.437249, val loss = 10.456538, total loss = 5.446894, Epoch time: 0.18 seconds, remaining time: 0.72 minutes
Epoch #688: train loss = 0.458124, val loss = 8.370861, total loss = 4.414492, Epoch time: 0.14 seconds, remaining time: 0.72 minutes
Epoch #689: train loss = 0.553030, val loss = 0.359363, total loss = 0.456197, Epoch time: 0.11 seconds, remaining time: 0.70 minutes
Epoch #690: train loss = 0.428827, val loss = 0.534586, total loss = 0.481707, Epoch time: 0.18 seconds, remaining time: 0.74 minutes
Epoch #691: train loss = 1.496277, val loss = 10.694285, total loss = 6.095281, Epoch time: 0.08 seconds, remaining time: 0.74 minutes
Epoch #692: train loss = 0.683882, val loss = 0.300660, total loss = 0.492271, Epoch time: 0.09 seconds, remaining time: 0.71 minutes
Epoch #693: train loss = 0.512558, val loss = 1.464797, total loss = 0.988678, Epoch time: 0.14 seconds, remaining time: 0.69 minutes
Epoch #694: train loss = 0.518724, val loss = 10.041845, total loss = 5.280285, Epoch time: 0.11 seconds, remaining time: 0.65 minutes
Epoch #695: train loss = 0.720560, val loss = 0.821138, total loss = 0.770849, Epoch time: 0.09 seconds, remaining time: 0.64 minutes
Epoch #696: train loss = 0.677785, val loss = 0.631617, total loss = 0.654701, Epoch time: 0.09 seconds, remaining time: 0.61 minutes
Epoch #697: train loss = 0.743471, val loss = 1.421050, total loss = 1.082260, Epoch time: 0.08 seconds, remaining time: 0.56 minutes
Epoch #698: train loss = 0.919544, val loss = 0.820226, total loss = 0.869885, Epoch time: 0.08 seconds, remaining time: 0.53 minutes
Epoch #699: train loss = 0.432174, val loss = 10.342134, total loss = 5.387154, Epoch time: 0.16 seconds, remaining time: 0.55 minutes
Epoch #700: train loss = 0.485626, val loss = 0.601286, total loss = 0.543456, Epoch time: 0.13 seconds, remaining time: 0.52 minutes
Epoch #701: train loss = 0.436600, val loss = 0.598837, total loss = 0.517719, Epoch time: 0.16 seconds, remaining time: 0.56 minutes
Epoch #702: train loss = 1.002520, val loss = 0.613838, total loss = 0.808179, Epoch time: 0.08 seconds, remaining time: 0.56 minutes
Epoch #703: train loss = 0.496464, val loss = 7.813309, total loss = 4.154886, Epoch time: 0.12 seconds, remaining time: 0.55 minutes
Epoch #704: train loss = 0.462324, val loss = 0.505168, total loss = 0.483746, Epoch time: 0.17 seconds, remaining time: 0.57 minutes
Epoch #705: train loss = 0.523676, val loss = 8.892307, total loss = 4.707992, Epoch time: 0.12 seconds, remaining time: 0.58 minutes
Epoch #706: train loss = 0.513982, val loss = 7.917711, total loss = 4.215847, Epoch time: 0.13 seconds, remaining time: 0.60 minutes
Epoch #707: train loss = 0.588457, val loss = 8.821081, total loss = 4.704769, Epoch time: 0.09 seconds, remaining time: 0.60 minutes
Epoch #708: train loss = 0.448783, val loss = 10.305433, total loss = 5.377108, Epoch time: 0.16 seconds, remaining time: 0.64 minutes
Epoch #709: train loss = 0.599552, val loss = 0.583452, total loss = 0.591502, Epoch time: 0.09 seconds, remaining time: 0.60 minutes
Epoch #710: train loss = 0.631453, val loss = 9.283533, total loss = 4.957493, Epoch time: 0.09 seconds, remaining time: 0.58 minutes
Epoch #711: train loss = 0.435319, val loss = 9.124191, total loss = 4.779755, Epoch time: 0.12 seconds, remaining time: 0.56 minutes
Epoch #712: train loss = 1.388817, val loss = 0.614372, total loss = 1.001594, Epoch time: 0.08 seconds, remaining time: 0.56 minutes
Epoch #713: train loss = 0.554649, val loss = 9.878898, total loss = 5.216773, Epoch time: 0.09 seconds, remaining time: 0.54 minutes
Epoch #714: train loss = 0.496127, val loss = 11.378080, total loss = 5.937103, Epoch time: 0.11 seconds, remaining time: 0.51 minutes
Epoch #715: train loss = 0.507866, val loss = 0.910544, total loss = 0.709205, Epoch time: 0.11 seconds, remaining time: 0.51 minutes
Epoch #716: train loss = 0.729806, val loss = 0.426172, total loss = 0.577989, Epoch time: 0.09 seconds, remaining time: 0.48 minutes
Epoch #717: train loss = 0.456746, val loss = 0.963562, total loss = 0.710154, Epoch time: 0.15 seconds, remaining time: 0.51 minutes
Epoch #718: train loss = 0.399559, val loss = 0.525340, total loss = 0.462450, Epoch time: 0.17 seconds, remaining time: 0.51 minutes
Epoch #719: train loss = 0.394122, val loss = 0.563770, total loss = 0.478946, Epoch time: 0.19 seconds, remaining time: 0.56 minutes
Epoch #720: train loss = 0.516373, val loss = 9.814639, total loss = 5.165506, Epoch time: 0.11 seconds, remaining time: 0.56 minutes
Epoch #721: train loss = 0.487961, val loss = 10.085583, total loss = 5.286772, Epoch time: 0.12 seconds, remaining time: 0.56 minutes
Epoch #722: train loss = 0.390525, val loss = 10.279860, total loss = 5.335192, Epoch time: 0.19 seconds, remaining time: 0.61 minutes
Epoch #723: train loss = 0.455361, val loss = 10.148780, total loss = 5.302071, Epoch time: 0.14 seconds, remaining time: 0.63 minutes
Epoch #724: train loss = 0.662212, val loss = 12.518410, total loss = 6.590311, Epoch time: 0.08 seconds, remaining time: 0.62 minutes
Epoch #725: train loss = 0.590116, val loss = 10.656183, total loss = 5.623150, Epoch time: 0.09 seconds, remaining time: 0.61 minutes
Epoch #726: train loss = 0.386146, val loss = 9.300696, total loss = 4.843421, Epoch time: 0.19 seconds, remaining time: 0.65 minutes
Epoch #727: train loss = 0.627012, val loss = 0.704916, total loss = 0.665964, Epoch time: 0.11 seconds, remaining time: 0.63 minutes
Epoch #728: train loss = 0.467001, val loss = 9.372684, total loss = 4.919843, Epoch time: 0.14 seconds, remaining time: 0.62 minutes
Epoch #729: train loss = 0.447929, val loss = 0.386289, total loss = 0.417109, Epoch time: 0.15 seconds, remaining time: 0.60 minutes
Epoch #730: train loss = 0.430660, val loss = 9.729422, total loss = 5.080041, Epoch time: 0.13 seconds, remaining time: 0.60 minutes
Epoch #731: train loss = 0.596551, val loss = 10.296409, total loss = 5.446480, Epoch time: 0.09 seconds, remaining time: 0.59 minutes
Epoch #732: train loss = 0.403227, val loss = 1.054736, total loss = 0.728981, Epoch time: 0.14 seconds, remaining time: 0.56 minutes
Epoch #733: train loss = 0.569758, val loss = 0.312967, total loss = 0.441362, Epoch time: 0.09 seconds, remaining time: 0.54 minutes
Epoch #734: train loss = 0.453098, val loss = 10.626343, total loss = 5.539720, Epoch time: 0.13 seconds, remaining time: 0.56 minutes
Epoch #735: train loss = 0.428953, val loss = 11.189695, total loss = 5.809324, Epoch time: 0.14 seconds, remaining time: 0.57 minutes
Epoch #736: train loss = 0.376446, val loss = 11.180984, total loss = 5.778715, Epoch time: 0.18 seconds, remaining time: 0.57 minutes
Epoch #737: train loss = 0.398507, val loss = 0.307514, total loss = 0.353010, Epoch time: 0.16 seconds, remaining time: 0.59 minutes
Epoch #738: train loss = 0.538912, val loss = 9.949017, total loss = 5.243964, Epoch time: 0.10 seconds, remaining time: 0.57 minutes
Epoch #739: train loss = 0.440870, val loss = 0.438533, total loss = 0.439701, Epoch time: 0.16 seconds, remaining time: 0.57 minutes
Epoch #740: train loss = 0.724465, val loss = 1.104151, total loss = 0.914308, Epoch time: 0.09 seconds, remaining time: 0.55 minutes
Epoch #741: train loss = 0.454918, val loss = 0.554269, total loss = 0.504593, Epoch time: 0.10 seconds, remaining time: 0.55 minutes
Epoch #742: train loss = 0.648000, val loss = 0.528214, total loss = 0.588107, Epoch time: 0.09 seconds, remaining time: 0.52 minutes
Epoch #743: train loss = 0.442045, val loss = 0.403708, total loss = 0.422877, Epoch time: 0.12 seconds, remaining time: 0.53 minutes
Epoch #744: train loss = 0.600331, val loss = 9.274773, total loss = 4.937552, Epoch time: 0.09 seconds, remaining time: 0.51 minutes
Epoch #745: train loss = 0.363361, val loss = 9.453224, total loss = 4.908293, Epoch time: 0.16 seconds, remaining time: 0.52 minutes
Epoch #746: train loss = 0.448567, val loss = 0.409963, total loss = 0.429265, Epoch time: 0.12 seconds, remaining time: 0.49 minutes
Epoch #747: train loss = 0.442809, val loss = 1.099352, total loss = 0.771081, Epoch time: 0.12 seconds, remaining time: 0.47 minutes
Epoch #748: train loss = 0.434466, val loss = 0.491854, total loss = 0.463160, Epoch time: 0.12 seconds, remaining time: 0.48 minutes
Epoch #749: train loss = 1.448284, val loss = 1.061041, total loss = 1.254662, Epoch time: 0.08 seconds, remaining time: 0.45 minutes
Epoch #750: train loss = 0.811900, val loss = 9.561293, total loss = 5.186596, Epoch time: 0.08 seconds, remaining time: 0.44 minutes
Epoch #751: train loss = 0.481420, val loss = 0.655864, total loss = 0.568642, Epoch time: 0.11 seconds, remaining time: 0.45 minutes
Epoch #752: train loss = 1.142236, val loss = 8.515690, total loss = 4.828963, Epoch time: 0.08 seconds, remaining time: 0.45 minutes
Epoch #753: train loss = 0.461304, val loss = 9.874221, total loss = 5.167762, Epoch time: 0.11 seconds, remaining time: 0.44 minutes
Epoch #754: train loss = 1.199525, val loss = 0.841043, total loss = 1.020284, Epoch time: 0.08 seconds, remaining time: 0.44 minutes
Epoch #755: train loss = 0.591694, val loss = 0.856779, total loss = 0.724236, Epoch time: 0.09 seconds, remaining time: 0.41 minutes
Epoch #756: train loss = 1.190378, val loss = 8.974047, total loss = 5.082212, Epoch time: 0.09 seconds, remaining time: 0.40 minutes
Epoch #757: train loss = 0.610224, val loss = 0.587018, total loss = 0.598621, Epoch time: 0.09 seconds, remaining time: 0.38 minutes
Epoch #758: train loss = 0.565103, val loss = 1.271589, total loss = 0.918346, Epoch time: 0.10 seconds, remaining time: 0.38 minutes
Epoch #759: train loss = 0.499960, val loss = 8.558044, total loss = 4.529002, Epoch time: 0.12 seconds, remaining time: 0.39 minutes
Epoch #760: train loss = 0.493804, val loss = 0.732244, total loss = 0.613024, Epoch time: 0.17 seconds, remaining time: 0.42 minutes
Epoch #761: train loss = 0.564948, val loss = 0.485456, total loss = 0.525202, Epoch time: 0.10 seconds, remaining time: 0.41 minutes
Epoch #762: train loss = 0.465043, val loss = 7.399131, total loss = 3.932087, Epoch time: 0.17 seconds, remaining time: 0.45 minutes
Epoch #763: train loss = 1.809174, val loss = 1.085858, total loss = 1.447516, Epoch time: 0.08 seconds, remaining time: 0.43 minutes
Epoch #764: train loss = 0.714336, val loss = 1.159834, total loss = 0.937085, Epoch time: 0.08 seconds, remaining time: 0.43 minutes
Epoch #765: train loss = 0.630665, val loss = 1.286479, total loss = 0.958572, Epoch time: 0.10 seconds, remaining time: 0.43 minutes
Epoch #766: train loss = 0.622327, val loss = 9.704863, total loss = 5.163595, Epoch time: 0.09 seconds, remaining time: 0.43 minutes
Epoch #767: train loss = 0.573644, val loss = 0.501064, total loss = 0.537354, Epoch time: 0.10 seconds, remaining time: 0.43 minutes
Epoch #768: train loss = 0.601829, val loss = 10.371880, total loss = 5.486854, Epoch time: 0.09 seconds, remaining time: 0.42 minutes
Epoch #769: train loss = 0.835461, val loss = 10.084484, total loss = 5.459972, Epoch time: 0.09 seconds, remaining time: 0.41 minutes
Epoch #770: train loss = 0.622451, val loss = 10.149321, total loss = 5.385886, Epoch time: 0.09 seconds, remaining time: 0.38 minutes
Epoch #771: train loss = 0.494219, val loss = 0.462911, total loss = 0.478565, Epoch time: 0.18 seconds, remaining time: 0.40 minutes
Epoch #772: train loss = 0.662195, val loss = 0.446252, total loss = 0.554224, Epoch time: 0.09 seconds, remaining time: 0.37 minutes
Epoch #773: train loss = 0.610198, val loss = 10.096606, total loss = 5.353402, Epoch time: 0.09 seconds, remaining time: 0.37 minutes
Epoch #774: train loss = 0.996159, val loss = 0.597887, total loss = 0.797023, Epoch time: 0.08 seconds, remaining time: 0.37 minutes
Epoch #775: train loss = 0.614949, val loss = 0.616023, total loss = 0.615486, Epoch time: 0.10 seconds, remaining time: 0.37 minutes
Epoch #776: train loss = 0.693610, val loss = 9.077747, total loss = 4.885679, Epoch time: 0.09 seconds, remaining time: 0.37 minutes
Epoch #777: train loss = 0.505539, val loss = 0.450877, total loss = 0.478208, Epoch time: 0.13 seconds, remaining time: 0.38 minutes
Epoch #778: train loss = 0.494885, val loss = 0.518950, total loss = 0.506917, Epoch time: 0.11 seconds, remaining time: 0.39 minutes
Epoch #779: train loss = 0.652330, val loss = 7.117212, total loss = 3.884771, Epoch time: 0.09 seconds, remaining time: 0.39 minutes
Epoch #780: train loss = 0.464156, val loss = 1.273170, total loss = 0.868663, Epoch time: 0.14 seconds, remaining time: 0.40 minutes
Epoch #781: train loss = 0.420764, val loss = 1.398258, total loss = 0.909511, Epoch time: 0.18 seconds, remaining time: 0.40 minutes
Epoch #782: train loss = 0.423077, val loss = 10.437775, total loss = 5.430426, Epoch time: 0.18 seconds, remaining time: 0.43 minutes
Epoch #783: train loss = 0.401879, val loss = 0.490297, total loss = 0.446088, Epoch time: 0.19 seconds, remaining time: 0.46 minutes
Epoch #784: train loss = 0.529157, val loss = 1.126074, total loss = 0.827615, Epoch time: 0.09 seconds, remaining time: 0.47 minutes
Epoch #785: train loss = 0.388588, val loss = 0.546296, total loss = 0.467442, Epoch time: 0.16 seconds, remaining time: 0.49 minutes
Epoch #786: train loss = 0.616925, val loss = 14.550059, total loss = 7.583492, Epoch time: 0.09 seconds, remaining time: 0.48 minutes
Epoch #787: train loss = 0.459555, val loss = 0.472827, total loss = 0.466191, Epoch time: 0.13 seconds, remaining time: 0.48 minutes
Epoch #788: train loss = 0.730526, val loss = 11.376037, total loss = 6.053281, Epoch time: 0.09 seconds, remaining time: 0.47 minutes
Epoch #789: train loss = 0.432208, val loss = 1.240712, total loss = 0.836460, Epoch time: 0.13 seconds, remaining time: 0.48 minutes
Epoch #790: train loss = 0.377341, val loss = 0.403110, total loss = 0.390226, Epoch time: 0.17 seconds, remaining time: 0.49 minutes
Epoch #791: train loss = 0.539581, val loss = 15.823771, total loss = 8.181676, Epoch time: 0.10 seconds, remaining time: 0.46 minutes
Epoch #792: train loss = 0.602267, val loss = 11.726062, total loss = 6.164164, Epoch time: 0.10 seconds, remaining time: 0.43 minutes
Epoch #793: train loss = 0.411385, val loss = 14.354790, total loss = 7.383087, Epoch time: 0.12 seconds, remaining time: 0.40 minutes
Epoch #794: train loss = 0.592533, val loss = 10.612123, total loss = 5.602328, Epoch time: 0.09 seconds, remaining time: 0.40 minutes
Epoch #795: train loss = 0.442457, val loss = 0.821198, total loss = 0.631827, Epoch time: 0.11 seconds, remaining time: 0.38 minutes
Epoch #796: train loss = 0.425874, val loss = 12.953113, total loss = 6.689493, Epoch time: 0.12 seconds, remaining time: 0.39 minutes
Epoch #797: train loss = 0.559598, val loss = 12.561213, total loss = 6.560406, Epoch time: 0.10 seconds, remaining time: 0.38 minutes
Epoch #798: train loss = 0.626470, val loss = 0.862492, total loss = 0.744481, Epoch time: 0.09 seconds, remaining time: 0.38 minutes
Epoch #799: train loss = 0.456656, val loss = 10.089392, total loss = 5.273024, Epoch time: 0.11 seconds, remaining time: 0.37 minutes
Epoch #800: train loss = 0.365768, val loss = 8.852062, total loss = 4.608915, Epoch time: 0.18 seconds, remaining time: 0.37 minutes
Epoch #801: train loss = 0.350418, val loss = 0.310065, total loss = 0.330242, Epoch time: 0.17 seconds, remaining time: 0.39 minutes
Epoch #802: train loss = 0.491804, val loss = 10.978922, total loss = 5.735363, Epoch time: 0.09 seconds, remaining time: 0.39 minutes
Epoch #803: train loss = 0.409624, val loss = 13.124545, total loss = 6.767085, Epoch time: 0.16 seconds, remaining time: 0.40 minutes
Epoch #804: train loss = 0.420308, val loss = 9.853914, total loss = 5.137111, Epoch time: 0.11 seconds, remaining time: 0.40 minutes
Epoch #805: train loss = 0.659231, val loss = 1.621058, total loss = 1.140144, Epoch time: 0.08 seconds, remaining time: 0.39 minutes
Epoch #806: train loss = 0.477338, val loss = 12.438292, total loss = 6.457815, Epoch time: 0.11 seconds, remaining time: 0.38 minutes
Epoch #807: train loss = 0.504890, val loss = 12.301239, total loss = 6.403065, Epoch time: 0.09 seconds, remaining time: 0.38 minutes
Epoch #808: train loss = 0.515051, val loss = 11.731285, total loss = 6.123168, Epoch time: 0.09 seconds, remaining time: 0.38 minutes
Epoch #809: train loss = 0.366429, val loss = 12.711880, total loss = 6.539154, Epoch time: 0.16 seconds, remaining time: 0.39 minutes
Epoch #810: train loss = 0.472090, val loss = 0.471299, total loss = 0.471695, Epoch time: 0.11 seconds, remaining time: 0.37 minutes
Epoch #811: train loss = 4.989296, val loss = 0.875302, total loss = 2.932299, Epoch time: 0.07 seconds, remaining time: 0.33 minutes
Epoch #812: train loss = 0.538511, val loss = 9.422573, total loss = 4.980542, Epoch time: 0.09 seconds, remaining time: 0.33 minutes
Epoch #813: train loss = 2.138889, val loss = 9.605670, total loss = 5.872280, Epoch time: 0.08 seconds, remaining time: 0.31 minutes
Epoch #814: train loss = 0.527906, val loss = 9.703031, total loss = 5.115468, Epoch time: 0.18 seconds, remaining time: 0.33 minutes
Epoch #815: train loss = 0.761622, val loss = 10.321526, total loss = 5.541574, Epoch time: 0.10 seconds, remaining time: 0.33 minutes
Epoch #816: train loss = 0.717170, val loss = 7.238915, total loss = 3.978043, Epoch time: 0.09 seconds, remaining time: 0.33 minutes
Epoch #817: train loss = 0.868497, val loss = 1.167393, total loss = 1.017945, Epoch time: 0.08 seconds, remaining time: 0.32 minutes
Epoch #818: train loss = 2.324272, val loss = 0.626129, total loss = 1.475201, Epoch time: 0.08 seconds, remaining time: 0.32 minutes
Epoch #819: train loss = 0.670430, val loss = 6.290941, total loss = 3.480685, Epoch time: 0.18 seconds, remaining time: 0.32 minutes
Epoch #820: train loss = 0.830021, val loss = 0.615028, total loss = 0.722524, Epoch time: 0.10 seconds, remaining time: 0.31 minutes
Epoch #821: train loss = 0.800663, val loss = 6.648927, total loss = 3.724795, Epoch time: 0.11 seconds, remaining time: 0.32 minutes
Epoch #822: train loss = 0.780997, val loss = 7.367873, total loss = 4.074435, Epoch time: 0.14 seconds, remaining time: 0.33 minutes
Epoch #823: train loss = 0.799681, val loss = 0.944325, total loss = 0.872003, Epoch time: 0.12 seconds, remaining time: 0.34 minutes
Epoch #824: train loss = 0.747384, val loss = 9.321787, total loss = 5.034585, Epoch time: 0.12 seconds, remaining time: 0.32 minutes
Epoch #825: train loss = 0.813901, val loss = 12.360420, total loss = 6.587161, Epoch time: 0.10 seconds, remaining time: 0.32 minutes
Epoch #826: train loss = 0.667910, val loss = 11.497416, total loss = 6.082663, Epoch time: 0.17 seconds, remaining time: 0.34 minutes
Epoch #827: train loss = 0.668619, val loss = 0.446113, total loss = 0.557366, Epoch time: 0.11 seconds, remaining time: 0.35 minutes
Epoch #828: train loss = 0.659268, val loss = 11.475447, total loss = 6.067357, Epoch time: 0.12 seconds, remaining time: 0.36 minutes
Epoch #829: train loss = 0.832827, val loss = 10.580023, total loss = 5.706425, Epoch time: 0.10 seconds, remaining time: 0.33 minutes
Epoch #830: train loss = 0.746047, val loss = 1.235982, total loss = 0.991015, Epoch time: 0.09 seconds, remaining time: 0.33 minutes
Epoch #831: train loss = 0.601287, val loss = 0.476422, total loss = 0.538854, Epoch time: 0.11 seconds, remaining time: 0.33 minutes
Epoch #832: train loss = 0.761606, val loss = 2.625673, total loss = 1.693639, Epoch time: 0.09 seconds, remaining time: 0.32 minutes
Epoch #833: train loss = 0.694796, val loss = 12.302715, total loss = 6.498756, Epoch time: 0.09 seconds, remaining time: 0.31 minutes
Epoch #834: train loss = 0.712155, val loss = 2.377915, total loss = 1.545035, Epoch time: 0.18 seconds, remaining time: 0.32 minutes
Epoch #835: train loss = 0.844258, val loss = 17.202789, total loss = 9.023524, Epoch time: 0.08 seconds, remaining time: 0.31 minutes
Epoch #836: train loss = 0.588583, val loss = 1.930179, total loss = 1.259381, Epoch time: 0.12 seconds, remaining time: 0.30 minutes
Epoch #837: train loss = 0.637299, val loss = 1.211696, total loss = 0.924498, Epoch time: 0.10 seconds, remaining time: 0.29 minutes
Epoch #838: train loss = 0.651787, val loss = 2.251494, total loss = 1.451640, Epoch time: 0.11 seconds, remaining time: 0.29 minutes
Epoch #839: train loss = 0.634194, val loss = 2.199608, total loss = 1.416901, Epoch time: 0.09 seconds, remaining time: 0.29 minutes
Epoch #840: train loss = 0.656859, val loss = 2.384145, total loss = 1.520502, Epoch time: 0.09 seconds, remaining time: 0.28 minutes
Epoch #841: train loss = 0.614824, val loss = 0.522047, total loss = 0.568435, Epoch time: 0.17 seconds, remaining time: 0.30 minutes
Epoch #842: train loss = 0.599954, val loss = 1.378435, total loss = 0.989194, Epoch time: 0.10 seconds, remaining time: 0.30 minutes
Epoch #843: train loss = 0.575847, val loss = 1.194033, total loss = 0.884940, Epoch time: 0.15 seconds, remaining time: 0.31 minutes
Epoch #844: train loss = 0.530290, val loss = 12.380206, total loss = 6.455248, Epoch time: 0.13 seconds, remaining time: 0.29 minutes
Epoch #845: train loss = 0.680804, val loss = 0.406853, total loss = 0.543829, Epoch time: 0.09 seconds, remaining time: 0.29 minutes
Epoch #846: train loss = 0.886976, val loss = 0.196755, total loss = 0.541865, Epoch time: 0.09 seconds, remaining time: 0.28 minutes
Epoch #847: train loss = 0.477028, val loss = 11.592795, total loss = 6.034912, Epoch time: 0.15 seconds, remaining time: 0.29 minutes
Epoch #848: train loss = 0.675626, val loss = 11.033743, total loss = 5.854684, Epoch time: 0.10 seconds, remaining time: 0.29 minutes
Epoch #849: train loss = 0.547767, val loss = 10.298735, total loss = 5.423251, Epoch time: 0.11 seconds, remaining time: 0.29 minutes
Epoch #850: train loss = 0.484395, val loss = 11.758220, total loss = 6.121307, Epoch time: 0.16 seconds, remaining time: 0.30 minutes
Epoch #851: train loss = 0.748398, val loss = 0.295033, total loss = 0.521715, Epoch time: 0.11 seconds, remaining time: 0.29 minutes
Epoch #852: train loss = 0.523614, val loss = 9.470245, total loss = 4.996930, Epoch time: 0.11 seconds, remaining time: 0.29 minutes
Epoch #853: train loss = 0.670508, val loss = 11.842878, total loss = 6.256693, Epoch time: 0.08 seconds, remaining time: 0.27 minutes
Epoch #854: train loss = 0.732245, val loss = 10.925110, total loss = 5.828678, Epoch time: 0.09 seconds, remaining time: 0.26 minutes
Epoch #855: train loss = 0.484063, val loss = 0.373588, total loss = 0.428825, Epoch time: 0.11 seconds, remaining time: 0.26 minutes
Epoch #856: train loss = 0.467935, val loss = 11.180328, total loss = 5.824132, Epoch time: 0.12 seconds, remaining time: 0.27 minutes
Epoch #857: train loss = 0.629692, val loss = 9.606243, total loss = 5.117968, Epoch time: 0.09 seconds, remaining time: 0.26 minutes
Epoch #858: train loss = 0.463732, val loss = 0.939010, total loss = 0.701371, Epoch time: 0.11 seconds, remaining time: 0.26 minutes
Epoch #859: train loss = 0.481258, val loss = 0.723372, total loss = 0.602315, Epoch time: 0.12 seconds, remaining time: 0.26 minutes
Epoch #860: train loss = 0.463133, val loss = 12.916199, total loss = 6.689666, Epoch time: 0.11 seconds, remaining time: 0.24 minutes
Epoch #861: train loss = 0.544503, val loss = 14.228765, total loss = 7.386634, Epoch time: 0.11 seconds, remaining time: 0.24 minutes
Epoch #862: train loss = 0.465603, val loss = 9.699668, total loss = 5.082635, Epoch time: 0.12 seconds, remaining time: 0.24 minutes
Epoch #863: train loss = 0.510625, val loss = 13.221022, total loss = 6.865823, Epoch time: 0.10 seconds, remaining time: 0.24 minutes
Epoch #864: train loss = 0.432798, val loss = 0.762831, total loss = 0.597815, Epoch time: 0.15 seconds, remaining time: 0.26 minutes
Epoch #865: train loss = 0.581455, val loss = 0.963789, total loss = 0.772622, Epoch time: 0.10 seconds, remaining time: 0.25 minutes
Epoch #866: train loss = 0.468258, val loss = 0.975428, total loss = 0.721843, Epoch time: 0.14 seconds, remaining time: 0.25 minutes
Epoch #867: train loss = 0.379325, val loss = 10.349037, total loss = 5.364181, Epoch time: 0.17 seconds, remaining time: 0.27 minutes
Epoch #868: train loss = 0.571382, val loss = 15.550944, total loss = 8.061163, Epoch time: 0.10 seconds, remaining time: 0.27 minutes
Epoch #869: train loss = 0.381771, val loss = 12.902025, total loss = 6.641898, Epoch time: 0.18 seconds, remaining time: 0.28 minutes
Epoch #870: train loss = 0.568153, val loss = 0.535925, total loss = 0.552039, Epoch time: 0.10 seconds, remaining time: 0.27 minutes
Epoch #871: train loss = 3.617808, val loss = 0.960188, total loss = 2.288998, Epoch time: 0.08 seconds, remaining time: 0.27 minutes
Epoch #872: train loss = 0.540816, val loss = 0.983134, total loss = 0.761975, Epoch time: 0.10 seconds, remaining time: 0.26 minutes
Epoch #873: train loss = 0.512013, val loss = 9.139957, total loss = 4.825985, Epoch time: 0.11 seconds, remaining time: 0.26 minutes
Epoch #874: train loss = 0.972879, val loss = 10.181431, total loss = 5.577155, Epoch time: 0.09 seconds, remaining time: 0.24 minutes
Epoch #875: train loss = 0.572924, val loss = 0.611765, total loss = 0.592344, Epoch time: 0.16 seconds, remaining time: 0.26 minutes
Epoch #876: train loss = 0.671235, val loss = 0.479235, total loss = 0.575235, Epoch time: 0.10 seconds, remaining time: 0.25 minutes
Epoch #877: train loss = 0.627402, val loss = 0.385810, total loss = 0.506606, Epoch time: 0.11 seconds, remaining time: 0.23 minutes
Epoch #878: train loss = 0.639763, val loss = 0.808556, total loss = 0.724160, Epoch time: 0.11 seconds, remaining time: 0.23 minutes
Epoch #879: train loss = 0.553742, val loss = 0.389169, total loss = 0.471456, Epoch time: 0.14 seconds, remaining time: 0.22 minutes
Epoch #880: train loss = 0.499379, val loss = 0.335273, total loss = 0.417326, Epoch time: 0.15 seconds, remaining time: 0.23 minutes
Epoch #881: train loss = 0.491776, val loss = 0.494190, total loss = 0.492983, Epoch time: 0.18 seconds, remaining time: 0.25 minutes
Epoch #882: train loss = 0.481556, val loss = 1.023086, total loss = 0.752321, Epoch time: 0.18 seconds, remaining time: 0.26 minutes
Epoch #883: train loss = 0.504250, val loss = 15.604960, total loss = 8.054605, Epoch time: 0.13 seconds, remaining time: 0.26 minutes
Epoch #884: train loss = 0.614476, val loss = 9.298336, total loss = 4.956406, Epoch time: 0.09 seconds, remaining time: 0.26 minutes
Epoch #885: train loss = 0.477330, val loss = 0.583716, total loss = 0.530523, Epoch time: 0.13 seconds, remaining time: 0.25 minutes
Epoch #886: train loss = 0.666194, val loss = 0.403885, total loss = 0.535040, Epoch time: 0.09 seconds, remaining time: 0.25 minutes
Epoch #887: train loss = 0.490250, val loss = 0.400759, total loss = 0.445504, Epoch time: 0.14 seconds, remaining time: 0.25 minutes
Epoch #888: train loss = 0.473035, val loss = 0.894980, total loss = 0.684007, Epoch time: 0.13 seconds, remaining time: 0.25 minutes
Epoch #889: train loss = 0.567303, val loss = 10.413496, total loss = 5.490399, Epoch time: 0.10 seconds, remaining time: 0.24 minutes
Epoch #890: train loss = 0.439053, val loss = 0.471446, total loss = 0.455250, Epoch time: 0.18 seconds, remaining time: 0.24 minutes
Epoch #891: train loss = 0.641560, val loss = 16.091705, total loss = 8.366632, Epoch time: 0.09 seconds, remaining time: 0.23 minutes
Epoch #892: train loss = 0.490169, val loss = 0.215349, total loss = 0.352759, Epoch time: 0.11 seconds, remaining time: 0.21 minutes
Epoch #893: train loss = 0.441118, val loss = 9.124331, total loss = 4.782724, Epoch time: 0.11 seconds, remaining time: 0.21 minutes
Epoch #894: train loss = 0.446204, val loss = 0.307065, total loss = 0.376634, Epoch time: 0.16 seconds, remaining time: 0.22 minutes
Epoch #895: train loss = 0.584130, val loss = 0.564107, total loss = 0.574118, Epoch time: 0.09 seconds, remaining time: 0.21 minutes
Epoch #896: train loss = 0.388114, val loss = 0.387987, total loss = 0.388051, Epoch time: 0.16 seconds, remaining time: 0.22 minutes
Epoch #897: train loss = 1.025562, val loss = 14.971504, total loss = 7.998533, Epoch time: 0.08 seconds, remaining time: 0.21 minutes
Epoch #898: train loss = 0.593538, val loss = 13.480014, total loss = 7.036776, Epoch time: 0.09 seconds, remaining time: 0.20 minutes
Epoch #899: train loss = 0.438076, val loss = 10.711162, total loss = 5.574619, Epoch time: 0.15 seconds, remaining time: 0.20 minutes
Epoch #900: train loss = 0.373613, val loss = 10.230862, total loss = 5.302237, Epoch time: 0.18 seconds, remaining time: 0.20 minutes
Epoch #901: train loss = 0.687603, val loss = 11.209406, total loss = 5.948504, Epoch time: 0.08 seconds, remaining time: 0.20 minutes
Epoch #902: train loss = 0.701849, val loss = 0.356762, total loss = 0.529305, Epoch time: 0.09 seconds, remaining time: 0.19 minutes
Epoch #903: train loss = 0.452798, val loss = 0.824779, total loss = 0.638788, Epoch time: 0.11 seconds, remaining time: 0.19 minutes
Epoch #904: train loss = 0.494939, val loss = 0.461351, total loss = 0.478145, Epoch time: 0.10 seconds, remaining time: 0.18 minutes
Epoch #905: train loss = 3.940588, val loss = 0.391832, total loss = 2.166210, Epoch time: 0.07 seconds, remaining time: 0.18 minutes
Epoch #906: train loss = 0.420367, val loss = 0.519915, total loss = 0.470141, Epoch time: 0.14 seconds, remaining time: 0.17 minutes
Epoch #907: train loss = 0.408707, val loss = 7.147962, total loss = 3.778334, Epoch time: 0.17 seconds, remaining time: 0.18 minutes
Epoch #908: train loss = 0.496965, val loss = 6.708165, total loss = 3.602565, Epoch time: 0.13 seconds, remaining time: 0.19 minutes
Epoch #909: train loss = 0.483772, val loss = 5.494535, total loss = 2.989153, Epoch time: 0.18 seconds, remaining time: 0.19 minutes
Epoch #910: train loss = 0.798693, val loss = 5.396262, total loss = 3.097478, Epoch time: 0.09 seconds, remaining time: 0.17 minutes
Epoch #911: train loss = 0.923620, val loss = 6.500989, total loss = 3.712305, Epoch time: 0.09 seconds, remaining time: 0.17 minutes
Epoch #912: train loss = 0.475944, val loss = 0.497769, total loss = 0.486856, Epoch time: 0.17 seconds, remaining time: 0.18 minutes
Epoch #913: train loss = 0.636139, val loss = 5.618342, total loss = 3.127241, Epoch time: 0.10 seconds, remaining time: 0.18 minutes
Epoch #914: train loss = 0.500195, val loss = 0.553984, total loss = 0.527089, Epoch time: 0.18 seconds, remaining time: 0.19 minutes
Epoch #915: train loss = 0.586636, val loss = 0.597578, total loss = 0.592107, Epoch time: 0.12 seconds, remaining time: 0.19 minutes
Epoch #916: train loss = 0.760234, val loss = 6.038148, total loss = 3.399191, Epoch time: 0.09 seconds, remaining time: 0.18 minutes
Epoch #917: train loss = 0.610247, val loss = 0.459283, total loss = 0.534765, Epoch time: 0.10 seconds, remaining time: 0.17 minutes
Epoch #918: train loss = 0.467880, val loss = 6.539871, total loss = 3.503876, Epoch time: 0.16 seconds, remaining time: 0.17 minutes
Epoch #919: train loss = 0.601295, val loss = 6.213378, total loss = 3.407337, Epoch time: 0.11 seconds, remaining time: 0.16 minutes
Epoch #920: train loss = 0.504685, val loss = 0.493662, total loss = 0.499174, Epoch time: 0.19 seconds, remaining time: 0.17 minutes
Epoch #921: train loss = 0.730494, val loss = 4.919717, total loss = 2.825105, Epoch time: 0.08 seconds, remaining time: 0.17 minutes
Epoch #922: train loss = 0.492909, val loss = 6.412327, total loss = 3.452618, Epoch time: 0.19 seconds, remaining time: 0.17 minutes
Epoch #923: train loss = 0.535754, val loss = 0.431904, total loss = 0.483829, Epoch time: 0.15 seconds, remaining time: 0.18 minutes
Epoch #924: train loss = 0.533848, val loss = 6.531834, total loss = 3.532841, Epoch time: 0.11 seconds, remaining time: 0.16 minutes
Epoch #925: train loss = 0.770158, val loss = 0.434648, total loss = 0.602403, Epoch time: 0.09 seconds, remaining time: 0.16 minutes
Epoch #926: train loss = 0.563962, val loss = 0.438103, total loss = 0.501032, Epoch time: 0.11 seconds, remaining time: 0.16 minutes
Epoch #927: train loss = 0.473344, val loss = 0.537379, total loss = 0.505362, Epoch time: 0.16 seconds, remaining time: 0.16 minutes
Epoch #928: train loss = 0.911555, val loss = 6.411888, total loss = 3.661721, Epoch time: 0.08 seconds, remaining time: 0.15 minutes
Epoch #929: train loss = 0.435021, val loss = 6.597957, total loss = 3.516489, Epoch time: 0.18 seconds, remaining time: 0.16 minutes
Epoch #930: train loss = 0.526313, val loss = 0.462694, total loss = 0.494503, Epoch time: 0.14 seconds, remaining time: 0.15 minutes
Epoch #931: train loss = 0.539616, val loss = 6.915840, total loss = 3.727728, Epoch time: 0.13 seconds, remaining time: 0.15 minutes
Epoch #932: train loss = 1.052162, val loss = 0.367937, total loss = 0.710049, Epoch time: 0.09 seconds, remaining time: 0.14 minutes
Epoch #933: train loss = 0.436604, val loss = 6.485713, total loss = 3.461159, Epoch time: 0.12 seconds, remaining time: 0.13 minutes
Epoch #934: train loss = 0.589491, val loss = 5.777709, total loss = 3.183600, Epoch time: 0.09 seconds, remaining time: 0.13 minutes
Epoch #935: train loss = 0.490885, val loss = 5.744015, total loss = 3.117450, Epoch time: 0.14 seconds, remaining time: 0.13 minutes
Epoch #936: train loss = 2.740784, val loss = 5.336921, total loss = 4.038852, Epoch time: 0.08 seconds, remaining time: 0.13 minutes
Epoch #937: train loss = 0.491528, val loss = 6.352569, total loss = 3.422048, Epoch time: 0.12 seconds, remaining time: 0.12 minutes
Epoch #938: train loss = 0.419966, val loss = 6.106415, total loss = 3.263191, Epoch time: 0.18 seconds, remaining time: 0.13 minutes
Epoch #939: train loss = 0.501310, val loss = 6.264524, total loss = 3.382917, Epoch time: 0.13 seconds, remaining time: 0.12 minutes
Epoch #940: train loss = 0.578379, val loss = 0.388180, total loss = 0.483279, Epoch time: 0.11 seconds, remaining time: 0.12 minutes
Epoch #941: train loss = 0.523602, val loss = 5.269755, total loss = 2.896679, Epoch time: 0.11 seconds, remaining time: 0.11 minutes
Epoch #942: train loss = 0.801556, val loss = 6.138391, total loss = 3.469973, Epoch time: 0.09 seconds, remaining time: 0.11 minutes
Epoch #943: train loss = 0.458202, val loss = 5.248060, total loss = 2.853131, Epoch time: 0.19 seconds, remaining time: 0.12 minutes
Epoch #944: train loss = 0.487269, val loss = 6.885922, total loss = 3.686596, Epoch time: 0.15 seconds, remaining time: 0.12 minutes
Epoch #945: train loss = 0.500347, val loss = 0.417202, total loss = 0.458775, Epoch time: 0.13 seconds, remaining time: 0.12 minutes
Epoch #946: train loss = 2.064309, val loss = 0.423753, total loss = 1.244031, Epoch time: 0.08 seconds, remaining time: 0.11 minutes
Epoch #947: train loss = 0.520270, val loss = 0.557965, total loss = 0.539117, Epoch time: 0.11 seconds, remaining time: 0.11 minutes
Epoch #948: train loss = 0.503656, val loss = 6.920991, total loss = 3.712324, Epoch time: 0.14 seconds, remaining time: 0.11 minutes
Epoch #949: train loss = 0.516569, val loss = 0.541146, total loss = 0.528857, Epoch time: 0.11 seconds, remaining time: 0.10 minutes
Epoch #950: train loss = 0.474130, val loss = 0.523415, total loss = 0.498773, Epoch time: 0.16 seconds, remaining time: 0.10 minutes
Epoch #951: train loss = 0.548400, val loss = 0.474009, total loss = 0.511204, Epoch time: 0.11 seconds, remaining time: 0.10 minutes
Epoch #952: train loss = 0.618295, val loss = 6.464960, total loss = 3.541627, Epoch time: 0.09 seconds, remaining time: 0.10 minutes
Epoch #953: train loss = 0.470638, val loss = 0.562747, total loss = 0.516692, Epoch time: 0.16 seconds, remaining time: 0.09 minutes
Epoch #954: train loss = 0.650647, val loss = 6.326823, total loss = 3.488735, Epoch time: 0.10 seconds, remaining time: 0.09 minutes
Epoch #955: train loss = 0.475865, val loss = 6.502748, total loss = 3.489306, Epoch time: 0.14 seconds, remaining time: 0.09 minutes
Epoch #956: train loss = 0.498841, val loss = 0.496431, total loss = 0.497636, Epoch time: 0.10 seconds, remaining time: 0.09 minutes
Epoch #957: train loss = 0.444124, val loss = 0.456210, total loss = 0.450167, Epoch time: 0.16 seconds, remaining time: 0.09 minutes
Epoch #958: train loss = 0.483709, val loss = 0.577301, total loss = 0.530505, Epoch time: 0.11 seconds, remaining time: 0.08 minutes
Epoch #959: train loss = 0.451518, val loss = 7.847715, total loss = 4.149617, Epoch time: 0.14 seconds, remaining time: 0.08 minutes
Epoch #960: train loss = 0.469638, val loss = 0.437557, total loss = 0.453598, Epoch time: 0.11 seconds, remaining time: 0.08 minutes
Epoch #961: train loss = 0.580080, val loss = 8.891925, total loss = 4.736003, Epoch time: 0.09 seconds, remaining time: 0.08 minutes
Epoch #962: train loss = 1.505904, val loss = 6.917860, total loss = 4.211882, Epoch time: 0.08 seconds, remaining time: 0.07 minutes
Epoch #963: train loss = 1.337644, val loss = 6.736075, total loss = 4.036860, Epoch time: 0.09 seconds, remaining time: 0.07 minutes
Epoch #964: train loss = 0.528824, val loss = 7.793388, total loss = 4.161106, Epoch time: 0.09 seconds, remaining time: 0.06 minutes
Epoch #965: train loss = 0.494470, val loss = 6.589934, total loss = 3.542202, Epoch time: 0.11 seconds, remaining time: 0.06 minutes
Epoch #966: train loss = 0.386985, val loss = 0.383285, total loss = 0.385135, Epoch time: 0.17 seconds, remaining time: 0.06 minutes
Epoch #967: train loss = 0.670744, val loss = 0.420630, total loss = 0.545687, Epoch time: 0.09 seconds, remaining time: 0.06 minutes
Epoch #968: train loss = 0.478892, val loss = 0.290480, total loss = 0.384686, Epoch time: 0.13 seconds, remaining time: 0.06 minutes
Epoch #969: train loss = 0.467520, val loss = 8.967745, total loss = 4.717632, Epoch time: 0.11 seconds, remaining time: 0.05 minutes
Epoch #970: train loss = 0.579900, val loss = 0.545101, total loss = 0.562500, Epoch time: 0.10 seconds, remaining time: 0.05 minutes
Epoch #971: train loss = 0.359731, val loss = 7.923135, total loss = 4.141433, Epoch time: 0.17 seconds, remaining time: 0.05 minutes
Epoch #972: train loss = 0.597234, val loss = 8.733040, total loss = 4.665137, Epoch time: 0.10 seconds, remaining time: 0.05 minutes
Epoch #973: train loss = 2.747572, val loss = 9.368769, total loss = 6.058170, Epoch time: 0.07 seconds, remaining time: 0.05 minutes
Epoch #974: train loss = 0.397617, val loss = 8.198099, total loss = 4.297858, Epoch time: 0.17 seconds, remaining time: 0.05 minutes
Epoch #975: train loss = 1.175373, val loss = 6.446280, total loss = 3.810827, Epoch time: 0.09 seconds, remaining time: 0.05 minutes
Epoch #976: train loss = 1.022873, val loss = 7.728589, total loss = 4.375731, Epoch time: 0.08 seconds, remaining time: 0.04 minutes
Epoch #977: train loss = 0.448779, val loss = 0.520129, total loss = 0.484454, Epoch time: 0.15 seconds, remaining time: 0.04 minutes
Epoch #978: train loss = 0.518824, val loss = 0.508119, total loss = 0.513471, Epoch time: 0.13 seconds, remaining time: 0.04 minutes
Epoch #979: train loss = 0.510408, val loss = 7.303205, total loss = 3.906807, Epoch time: 0.13 seconds, remaining time: 0.04 minutes
Epoch #980: train loss = 0.562507, val loss = 6.944526, total loss = 3.753517, Epoch time: 0.11 seconds, remaining time: 0.04 minutes
Epoch #981: train loss = 0.411902, val loss = 9.425879, total loss = 4.918891, Epoch time: 0.19 seconds, remaining time: 0.04 minutes
Epoch #982: train loss = 0.526592, val loss = 7.379438, total loss = 3.953015, Epoch time: 0.10 seconds, remaining time: 0.03 minutes
Epoch #983: train loss = 0.621287, val loss = 0.640609, total loss = 0.630948, Epoch time: 0.10 seconds, remaining time: 0.03 minutes
Epoch #984: train loss = 0.600398, val loss = 0.421225, total loss = 0.510812, Epoch time: 0.09 seconds, remaining time: 0.03 minutes
Epoch #985: train loss = 1.062307, val loss = 0.426927, total loss = 0.744617, Epoch time: 0.08 seconds, remaining time: 0.03 minutes
Epoch #986: train loss = 0.569298, val loss = 6.756675, total loss = 3.662986, Epoch time: 0.10 seconds, remaining time: 0.03 minutes
Epoch #987: train loss = 0.825533, val loss = 7.169902, total loss = 3.997718, Epoch time: 0.09 seconds, remaining time: 0.02 minutes
Epoch #988: train loss = 0.539922, val loss = 0.357484, total loss = 0.448703, Epoch time: 0.11 seconds, remaining time: 0.02 minutes
Epoch #989: train loss = 0.549199, val loss = 0.374531, total loss = 0.461865, Epoch time: 0.10 seconds, remaining time: 0.02 minutes
Epoch #990: train loss = 0.471943, val loss = 6.517230, total loss = 3.494586, Epoch time: 0.12 seconds, remaining time: 0.02 minutes
Epoch #991: train loss = 0.509353, val loss = 0.393127, total loss = 0.451240, Epoch time: 0.11 seconds, remaining time: 0.01 minutes
Epoch #992: train loss = 0.505502, val loss = 7.836475, total loss = 4.170989, Epoch time: 0.11 seconds, remaining time: 0.01 minutes
Epoch #993: train loss = 0.566084, val loss = 7.050245, total loss = 3.808164, Epoch time: 0.10 seconds, remaining time: 0.01 minutes
Epoch #994: train loss = 0.457392, val loss = 7.593030, total loss = 4.025211, Epoch time: 0.14 seconds, remaining time: 0.01 minutes
Epoch #995: train loss = 1.244547, val loss = 8.081103, total loss = 4.662825, Epoch time: 0.08 seconds, remaining time: 0.01 minutes
Epoch #996: train loss = 0.377823, val loss = 0.558863, total loss = 0.468343, Epoch time: 0.19 seconds, remaining time: 0.01 minutes
Epoch #997: train loss = 0.481182, val loss = 7.190794, total loss = 3.835988, Epoch time: 0.11 seconds, remaining time: 0.00 minutes
Epoch #998: train loss = 0.414951, val loss = 0.602995, total loss = 0.508973, Epoch time: 0.15 seconds, remaining time: 0.00 minutes
Epoch #999: train loss = 0.498938, val loss = 6.178806, total loss = 3.338872, Epoch time: 0.10 seconds, remaining time: 0.00 minutes

Training time: 0:02:16.174239

Classification evaluation results:
{'acc': 0.5333333333333333, 'auprc': 0.43662337662337664}
Clustering evaluation results:
{'kmeans': {'acc': 0.4, 'ri': 0.4095238095238095, 'nmi': 0.21258643271272062}, 'spectral': {'acc': 0.4666666666666667, 'ri': 0.47619047619047616, 'nmi': 0.10034042974498203}}
Finished.
