tsne-2d-one,tsne-2d-two,cluster_label
69.4446,34.89523,0
59.653633,-96.24519,0
-50.72754,-122.36376,0
-110.29012,-4.8400993,0
68.973915,34.61595,0
117.635765,57.104916,0
57.5006,36.76869,0
-6.757161,-51.508972,0
76.816246,54.076626,0
53.016407,-68.673004,0
-30.739033,-116.386284,0
-117.08832,-24.82471,0
76.77611,55.116505,0
106.25753,53.314747,0
74.64861,58.32971,0
2.5745568,-69.122505,0
67.89576,-9.905784,0
78.328835,-77.595474,0
-46.45378,-149.15996,0
-94.073006,-13.56239,0
67.39281,-9.233193,0
108.31249,68.080894,0
59.557682,-2.3796961,0
17.367506,-56.04989,0
24.98677,36.261616,0
58.69398,-113.081726,0
-63.31398,-132.36818,0
-107.035934,11.436253,0
25.23903,36.075916,0
134.42072,67.91846,0
26.593737,34.377384,0
-15.554821,-42.96293,0
51.149788,27.140488,0
63.710716,-101.46768,0
-48.741158,-131.24835,0
-106.83313,2.4065125,0
50.77404,27.521685,0
119.66182,60.725388,0
47.29396,26.812214,0
-3.1421385,-44.750557,0
-16.614286,105.37714,0
29.915855,-116.774025,0
-75.251,-89.37757,0
-168.53638,-9.744513,0
-17.232826,104.976395,0
153.51228,-3.0901282,0
-21.517334,101.29739,0
-57.70352,-44.170753,0
35.96629,12.246559,0
82.61174,-85.09931,0
-52.419712,-155.208,0
-97.57186,0.8083729,0
36.1079,12.243002,0
117.73267,81.51689,0
30.787567,15.625005,0
20.613815,-47.774967,0
-6.5496793,114.55135,0
40.40262,-118.52393,0
-68.74835,-89.831406,0
-168.3634,-1.8253902,0
-6.7205253,114.80165,0
146.00499,-1.1427363,0
-9.46269,117.74872,0
-45.21102,-47.394444,0
44.054623,32.047512,0
60.57817,-104.43667,0
-57.703682,-127.20949,0
-110.47052,8.090436,0
44.448784,31.875935,0
143.18399,52.087353,0
44.924797,31.31998,0
-18.239553,-50.388203,0
98.549675,-11.367381,0
-4.720114,-120.265755,0
127.44007,-62.53096,0
106.46858,-9.618219,0
101.2156,-13.701408,0
172.02036,65.90781,0
105.091415,-10.136915,0
101.3361,-14.69722,0
77.78944,80.1202,0
33.974506,-67.3479,0
-30.01822,-100.051765,0
-137.14365,-20.62153,0
83.37431,93.58516,0
163.40277,34.593376,0
69.37735,87.10315,0
-6.0039287,-80.91898,0
-90.25595,82.88323,0
-5.0470366,-146.42741,0
-101.09044,-51.37589,0
-186.7804,23.277414,0
-89.318695,83.088875,0
173.09972,-5.8801894,0
-86.84893,85.22582,0
-78.26949,7.5679975,0
60.164932,112.140076,0
21.41879,-88.67934,0
-54.534763,-88.78848,0
-162.0988,-16.258463,0
59.76423,112.30745,0
161.48438,-4.3597174,0
58.627438,115.507164,0
-33.049427,-77.39119,0
-6.688955,69.33666,0
35.350353,-54.82903,0
-101.32002,-144.37975,0
-161.07565,18.660149,0
-6.847018,69.60517,0
148.91275,11.834743,0
-9.663286,69.432556,0
-39.58499,-36.57878,0
-113.665886,90.24143,0
-8.726783,-170.56648,0
-140.14555,-70.08593,0
-171.29175,33.047127,0
-113.668045,90.447685,0
187.8913,3.734357,0
-113.446106,91.47802,0
-114.52337,57.74831,0
63.555267,104.43934,0
27.55619,-78.29014,0
-44.217083,-93.71774,0
-146.73688,-17.305468,0
63.085377,104.330765,0
153.50146,26.584991,0
62.14681,104.32861,0
-19.567183,-79.057465,0
5.828571,90.619675,0
33.655903,-106.98343,0
-74.568375,-112.4919,0
-169.15974,-29.793955,0
5.8290334,91.17334,0
141.9604,-9.454075,0
4.94543,92.847664,0
-42.421597,-55.926228,0
-32.250538,126.8137,0
0.58717877,-110.77039,0
-66.27667,-63.43122,0
-151.01245,-8.720226,0
-31.517624,126.34003,0
173.13979,26.648645,0
-26.57612,120.59604,0
-24.262169,1.118696,0
44.070465,110.31548,0
21.456339,-80.78355,0
-47.779507,-89.2765,0
-143.59547,-8.304493,0
43.809982,110.096,0
154.06429,31.032,0
49.39202,110.70425,0
-25.153103,-80.85071,0
23.834745,15.536514,0
79.85783,-90.187614,0
-57.328457,-152.72267,0
-110.57065,2.3700356,0
24.092625,15.717849,0
139.12631,50.616142,0
26.213049,14.863818,0
17.609266,-42.978416,0
-91.80938,41.064857,0
9.782917,-168.89151,0
-118.832634,-66.88416,0
-197.88513,10.752746,0
-91.29066,41.4441,0
173.95088,6.1786795,0
-88.81303,40.110664,0
-55.36529,8.589033,0
39.843258,78.76679,0
48.55853,-71.69321,0
-33.94982,-111.65853,0
-118.905304,-10.746252,0
39.980835,78.6782,0
127.36955,36.249954,0
68.420044,61.40533,0
-2.3603384,-71.3615,0
-8.710627,101.069466,0
34.877033,-112.77179,0
-73.361465,-94.56152,0
-149.72588,-24.774176,0
-8.824674,101.11365,0
141.1373,38.021942,0
25.203321,109.17322,0
-54.75324,-50.08397,0
66.40601,-13.040601,0
80.2162,-76.53064,0
-45.56453,-151.48834,0
-94.890396,-15.46443,0
67.84303,-8.375108,0
108.95139,73.37217,0
55.0807,-6.353369,0
19.915596,-56.354885,0
-3.863857,79.13259,0
26.411013,-111.19196,0
-79.420044,-118.106865,0
-175.57854,-26.737894,0
-2.9322596,80.41711,0
136.35701,25.040987,0
-2.221527,81.372185,0
-49.343307,-53.281845,0
52.388237,27.54851,0
64.12184,-100.89822,0
-47.331066,-130.95703,0
-107.68241,4.9950104,0
51.59472,28.301685,0
120.22555,64.319824,0
47.355373,26.635866,0
-2.7283924,-45.25393,0
-16.24372,71.28176,0
35.346165,-50.629517,0
-101.029976,-148.65604,0
-161.74995,15.142922,0
-16.942726,71.10171,0
154.48476,-1.0928985,0
-18.134506,69.84917,0
-43.53973,-34.983555,0
-39.950832,156.92169,0
109.97172,-95.892204,0
131.06064,-37.983738,0
116.19469,-30.990381,0
-40.138737,156.22067,0
89.97213,127.95246,1
-39.139904,155.38983,0
-39.842087,155.62689,0
14.768348,106.25883,0
37.269707,-100.767746,0
-68.724014,-108.414536,0
-161.99306,-30.196878,0
14.446245,106.37423,0
140.5279,-8.226314,0
13.977823,106.5648,0
-38.998726,-60.406376,0
68.496216,-12.136546,0
77.89138,-78.69329,0
-47.475143,-149.60226,0
-98.258286,-13.338381,0
68.53397,-11.616408,0
97.72912,64.482315,0
55.501106,-2.6386962,0
18.510546,-56.78726,0
20.34733,95.90825,0
51.67248,-96.278366,0
-55.34945,-114.06715,0
-126.42249,-31.961351,0
20.148556,95.907425,0
135.3717,33.172676,0
33.228653,102.1503,0
-28.823265,-61.392128,0
78.6391,19.9131,0
64.63402,-81.00851,0
-33.989872,-124.1722,0
-108.755844,-19.886322,0
78.774765,19.950724,0
108.79592,56.344456,0
67.35631,13.57381,0
5.0072064,-59.62404,0
-18.977549,10.954135,0
45.48851,-133.06172,0
-100.558846,-107.851265,0
-131.75182,8.94791,0
-19.071222,11.500992,0
125.09083,28.824125,0
-18.866005,12.494874,0
-2.1868243,-24.30949,0
-8.002353,63.543552,0
38.09362,-55.275406,0
-98.95493,-143.10318,0
-154.37868,17.386782,0
-8.792732,64.675224,0
145.36742,14.914531,0
-12.655971,57.84038,0
-37.54927,-34.69777,0
-30.195148,87.31131,0
20.043633,-121.160065,0
-79.53427,-68.72559,0
-142.14136,-2.3509493,0
-29.617338,86.128265,0
115.77322,20.471432,0
5.7094517,82.049675,0
-35.598553,-12.947425,0
49.241722,33.59361,0
59.65489,-102.50791,0
-57.533714,-122.04072,0
-114.182556,-13.025816,0
49.160698,33.661495,0
120.890816,33.71231,0
47.28393,34.60963,0
-17.615301,-55.715298,0
30.742552,9.526158,0
79.054695,-88.05075,0
-55.150875,-151.78345,0
-108.90821,-0.18507251,0
29.222088,10.476373,0
123.354355,80.51739,0
28.29332,12.902406,0
17.236223,-45.376324,0
-38.626656,19.218357,0
46.610516,-150.83162,0
-114.45791,-100.269775,0
-134.19843,19.022816,0
-38.78577,20.06502,0
120.415,20.038116,0
-40.961987,22.960533,0
-63.58085,-32.467335,0
40.13664,28.330019,0
58.58652,-104.79843,0
-55.656296,-127.84011,0
-101.87394,8.577795,0
40.395184,28.23993,0
147.28055,46.51979,0
41.082455,27.922173,0
-9.003856,-45.671444,0
-49.557487,64.28243,0
17.175215,-157.38507,0
-88.10205,-81.397125,0
-176.49385,-2.920984,0
-49.867596,64.311905,0
139.76721,1.8897684,0
-51.06569,65.17301,0
-70.349976,-15.407976,0
33.90777,-17.130375,0
83.87307,-115.24042,0
-30.078,-147.87859,0
-91.76391,5.8044505,0
33.30342,-17.046104,0
131.65381,73.58104,0
29.156033,-12.723604,0
13.491782,-30.79772,0
70.85085,23.530823,0
65.78125,-88.87894,0
-39.669483,-128.15396,0
-103.40884,-9.234761,0
70.65592,23.27549,0
111.528404,51.106792,0
62.851276,18.928751,0
3.296067,-53.1693,0
39.0207,21.314898,0
65.52915,-109.11614,0
-71.9355,-130.17139,0
-108.92159,10.373046,0
38.970245,21.40221,0
138.08131,73.320175,0
39.050808,22.906395,0
-5.4557543,-38.588303,0
41.305023,40.205387,0
51.894306,-103.96723,0
-64.92756,-124.775276,0
-126.57255,6.105133,0
41.048496,40.65914,0
133.08435,47.65176,0
45.831802,37.128742,0
-21.213694,-50.074272,0
-35.85486,74.32992,0
22.17681,-154.7445,0
-91.174324,-83.04581,0
-169.33266,3.1675706,0
-35.78338,73.914116,0
157.31602,8.870576,0
-35.684452,70.30184,0
-63.54447,-15.065386,0
-3.8663235,4.3870645,0
57.156673,-129.29898,0
-109.218834,-118.8108,0
-139.0562,13.265389,0
-2.9081726,4.262479,0
124.83491,-4.4000983,0
-2.3889215,3.004684,0
-5.0279503,-17.518137,0
-61.129715,20.37368,0
44.518494,-159.53114,0
-120.8987,-93.97939,0
-184.88295,-6.2633944,0
-60.718647,20.379234,0
126.90787,3.7122335,0
-57.89676,24.466642,0
-70.60265,-28.926739,0
73.16351,77.70134,0
47.096912,-72.10352,0
-33.396183,-112.74999,0
-119.995544,-19.794716,0
73.18295,77.514336,0
112.45713,43.911404,0
69.024925,60.13308,0
-2.7584553,-70.17606,0
77.73399,88.18775,0
35.170555,-73.51779,0
-35.749386,-99.2548,0
-139.08249,-19.477833,0
77.03816,87.79574,0
156.06363,37.414,0
67.69153,85.84884,0
-10.994423,-79.01321,0
33.730774,92.26793,0
35.656338,-91.7874,0
-61.353855,-115.402824,0
-152.82622,-29.288805,0
33.409355,92.39004,0
144.64879,37.476345,0
32.87553,92.39827,0
-24.35433,-60.50092,0
63.377213,-12.226361,0
81.60271,-78.63747,0
-43.421585,-150.9088,0
-92.15102,-14.431885,0
62.720432,-11.8406515,0
111.47856,77.934204,0
56.463108,-8.560863,0
19.903624,-53.9146,0
9.800807,-11.999894,0
92.761475,-97.54342,0
-22.515999,-139.32576,0
-106.19213,23.378767,0
9.406489,-12.339508,0
139.8448,77.09105,0
8.787372,-12.864028,0
7.6182823,-14.44884,0
47.85194,53.07131,0
3.204163,-100.55283,0
-21.31508,-112.066086,0
-124.837234,-9.084322,0
47.56663,53.515446,0
174.81482,31.273365,0
47.11031,54.810963,0
8.170178,-75.933205,0
34.27004,97.4628,0
49.23886,-97.306854,0
-55.058094,-115.358154,0
-128.54608,-29.113537,0
34.183876,97.52532,0
143.05925,30.07842,0
35.103466,98.99862,0
-27.33202,-61.296677,0
-2.105092,53.538326,0
44.40596,-58.897186,0
-91.78024,-142.4766,0
-147.88309,21.257486,0
-2.1583116,53.297615,0
109.405495,31.672028,0
-4.3648243,51.859215,0
-32.886616,-29.060854,0
103.13575,-7.6172957,0
-5.4043803,-119.65831,0
100.95723,-7.1894045,0
129.72025,-64.76425,0
91.22324,-6.7304983,0
169.79129,64.58648,0
106.48489,-14.036416,0
105.67441,-13.936234,0
-30.446838,14.736665,0
44.58175,-137.53133,0
-106.379166,-104.361206,0
-161.93777,-7.58544,0
-30.381964,15.148718,0
132.80954,30.215439,0
-29.087887,16.33559,0
-49.622818,-29.324121,0
13.727533,87.00594,0
42.984035,-107.212204,0
-70.24815,-116.71611,0
-156.40453,-41.03043,0
13.7836275,87.08964,0
138.74136,-11.505755,0
14.37293,90.79041,0
-29.92373,-50.834507,0
-16.909418,71.67059,0
35.27421,-50.514668,0
-101.31193,-148.95395,0
-167.38217,-10.546509,0
-17.489206,71.3922,0
143.06458,11.519269,0
-18.400625,70.93382,0
-43.80028,-35.21784,0
2.0311258,52.073753,0
46.19011,-56.85193,0
-91.46127,-140.1456,0
-144.97816,21.751202,0
1.9484439,51.964096,0
108.06612,33.096428,0
-2.3198543,49.44678,0
-30.730558,-29.683743,0
-132.55186,79.12944,0
-18.28221,-173.00522,0
-150.34737,-70.28856,0
-168.79036,43.305218,0
-132.14586,79.84304,0
196.50218,-6.9839964,0
-130.81917,82.10842,0
-125.03286,53.09953,0
59.33764,26.43571,0
65.46642,-98.42808,0
-50.462326,-130.02922,0
-108.59529,-4.0702896,0
59.071697,26.517212,0
119.14202,61.83329,0
45.430714,25.205675,0
-2.6153593,-47.984295,0
-1.266394,57.35166,0
43.15658,-54.653618,0
-94.26499,-142.1348,0
-147.43631,19.210278,0
-1.7501512,57.53981,0
109.24113,29.181412,0
-7.4661984,52.92458,0
-33.567173,-31.205505,0
23.844944,71.14325,0
7.570761,-101.09655,0
-23.304422,-107.46557,0
-129.10681,-25.727257,0
24.700367,72.68698,0
105.329735,44.844334,0
24.953339,73.6394,0
3.7544909,-80.20402,0
-111.445114,88.85282,0
-9.406192,-170.85896,0
-140.69725,-69.335144,0
-170.22156,31.06362,0
-111.34418,89.32771,0
196.19003,0.3488165,0
-110.81107,86.00042,0
-116.17819,56.901768,0
34.952755,56.421658,0
27.988012,-85.74232,0
-51.34873,-98.7603,0
-127.90824,-3.3864136,0
35.033367,56.57035,0
143.06685,35.114388,0
37.13067,57.04742,0
-25.123302,-73.715256,0
-4.0734234,32.467525,0
70.6789,-144.13383,0
-79.35146,-144.06487,0
-116.028496,23.167154,0
-5.2214627,32.4183,0
150.49951,66.62201,0
-7.34624,33.979683,0
-20.906654,-24.344725,0
1.4668272,28.785416,0
71.38268,-139.66281,0
-75.81673,-147.13715,0
-114.715546,20.13921,0
1.3795049,27.833742,0
150.79218,61.542965,0
0.7413367,25.709389,0
-17.673206,-28.047817,0
84.403366,-15.376457,0
10.579106,-166.03137,0
118.30694,-57.488823,0
89.96899,-28.957607,0
86.25089,-25.338009,0
180.54124,57.96553,0
86.58253,-25.991976,0
86.268654,-23.950254,0
72.28616,102.80204,0
30.063053,-73.69951,0
-40.2067,-93.855194,0
-137.18219,-16.192804,0
72.520836,102.8903,0
160.35603,33.764828,0
73.49966,103.48507,0
-18.570555,-81.60602,0
4.965023,46.606224,0
48.431107,-55.607407,0
-91.36503,-136.01703,0
-135.77853,30.44825,0
3.9793699,46.868343,0
105.72034,29.183977,0
-0.46611825,46.068554,0
-28.007574,-28.58168,0
2.21438,-5.8501973,0
61.083042,-129.25797,0
-110.38998,-115.65363,0
-141.37674,8.128055,0
1.8492768,-4.958034,0
126.35719,-9.233445,0
-0.40139523,-2.547798,0
-2.7060895,-14.319589,0
25.229563,151.46341,0
104.19323,-67.21431,0
134.76158,-67.747925,0
40.354103,155.89014,0
38.531567,149.50294,0
69.36189,140.13882,1
40.615295,157.62592,0
37.553528,147.40771,0
14.631778,2.8784444,0
74.69667,-123.05988,0
-94.41224,-113.55933,0
-114.63954,13.418376,0
14.706895,2.8062446,0
129.33708,62.841034,0
19.092342,-4.071003,0
-1.8649848,-27.566185,0
-136.06325,85.5253,0
-19.567514,-174.5629,0
-148.0775,-71.185524,0
-169.1972,43.982693,0
-136.08344,85.32902,0
192.99525,-7.428151,0
-131.29578,85.10148,0
-126.0625,51.23184,0
-35.620358,58.64854,0
27.403166,-160.80988,0
-90.47166,-86.95638,0
-115.3788,29.020468,0
-35.73503,58.583836,0
153.0921,64.96838,0
-38.734917,57.938656,0
-65.88013,-20.16509,0
-10.451239,101.76877,0
34.676376,-113.43809,0
-74.03976,-93.55046,0
-168.86897,-8.726314,0
-10.265864,101.86393,0
134.50102,-3.8320367,0
-9.151636,102.932175,0
-55.198414,-48.981945,0
-91.13583,46.47296,0
8.626601,-167.00955,0
-117.09651,-65.87144,0
-196.6443,9.961519,0
-90.45385,47.423367,0
175.45486,7.7343535,0
-89.80699,48.39197,0
-56.950264,8.475313,0
27.029123,39.18379,0
55.67694,-113.45933,0
-63.600533,-130.58218,0
-115.67879,4.7976108,0
27.320055,38.66176,0
141.30289,55.975037,0
29.496134,36.058796,0
-17.939972,-44.65691,0
-47.140015,65.15482,0
19.184202,-157.44142,0
-89.2297,-80.42512,0
-176.72673,-0.5720149,0
-47.104973,65.082726,0
158.97519,3.9518197,0
-46.782463,63.745808,0
-68.68908,-16.633583,0
-35.17708,91.614,0
30.0331,-131.5286,0
-80.793274,-77.17017,0
-163.5279,-8.644506,0
-36.457653,92.007965,0
163.53667,19.045298,0
-38.73366,93.74965,0
-53.18979,-30.98812,0
-79.64412,32.722878,0
15.816647,-172.06154,0
-121.414276,-73.691666,0
-202.78917,5.194718,0
-79.99577,33.067204,0
116.546974,11.154631,0
-85.44688,34.257942,0
-49.273285,4.0656185,0
-48.286446,97.63708,0
21.08048,-125.05941,0
-82.943726,-68.11323,0
-145.35172,-2.6884563,0
-48.145554,96.987656,0
166.24811,20.740582,0
-47.553,94.94328,0
-38.51922,-10.989476,0
77.79061,-48.35951,0
116.13346,-93.08873,0
73.86895,-54.419594,0
-87.57532,-36.680153,0
77.167564,-48.614765,0
118.83579,104.28531,0
76.46204,-48.92166,0
74.95795,-50.69505,0
43.4193,39.900745,0
54.335655,-103.92824,0
-62.528946,-124.33266,0
-117.26336,-12.49329,0
44.233635,39.934784,0
136.94038,43.828693,0
44.64762,39.15487,0
-20.423002,-52.06553,0
-81.16843,30.856293,0
14.7804575,-172.5854,0
-121.720116,-72.74403,0
-204.24084,7.4329605,0
-80.7377,32.8409,0
120.06361,9.488641,0
-85.78359,34.39866,0
-49.189873,5.2314115,0
25.912252,151.44026,0
104.76506,-67.25325,0
134.84229,-68.39528,0
41.466255,155.67795,0
39.088463,149.49731,0
69.07453,140.14902,1
41.527096,157.14598,0
38.23253,148.05722,0
-89.76216,92.18921,0
-6.3190427,-143.75006,0
-99.09771,-49.33985,0
-182.64972,22.330904,0
-89.48208,91.68007,0
174.294,-6.301636,0
-87.95775,88.84063,0
-77.34879,9.585556,0
-26.069023,75.571785,0
23.120138,-125.9733,0
-83.17184,-70.631325,0
-144.84914,-1.0683616,0
-26.906479,75.579216,0
130.35484,37.40945,0
-28.39046,76.01605,0
-40.019833,-12.826435,0
77.97332,71.339584,0
42.106377,-67.89312,0
-26.80065,-104.90941,0
-132.55077,-23.707956,0
77.700615,70.68242,0
106.22145,44.077454,0
77.3074,68.1766,0
-1.6676903,-78.592354,0
50.51939,42.314243,0
53.3886,-101.3574,0
-55.62131,-118.75396,0
-116.10871,-4.8656645,0
51.308647,41.9923,0
138.66838,47.39925,0
51.96077,41.696293,0
-19.09965,-52.77348,0
61.102436,62.079746,0
54.172047,-102.50726,0
-60.890823,-123.04165,0
-124.012505,-26.565746,0
61.360313,62.144398,0
121.640625,52.35369,0
62.325554,61.7406,0
-19.690964,-53.785126,0
53.48144,89.52617,0
33.431087,-82.34832,0
-44.478065,-97.44494,0
-140.86746,-27.262283,0
53.13649,88.79028,0
143.47963,29.231245,0
53.073074,88.69812,0
-21.250872,-71.64847,0
-29.088045,107.68464,0
9.018529,-117.05483,0
-67.791176,-72.54078,0
-157.80089,-8.744853,0
-29.259975,106.9202,0
179.8624,18.511719,0
-29.456926,106.20169,0
-31.99312,-2.1706069,0
-71.88281,78.493965,0
10.980127,-136.714,0
-109.006004,-64.745895,0
-189.044,9.860109,0
-71.91456,78.051796,0
177.0373,10.233533,0
-70.15832,75.78242,0
-64.78094,2.2842424,0
66.48723,30.285679,0
62.468067,-92.92499,0
-44.619953,-125.02973,0
-109.717865,-10.159431,0
66.52627,30.611593,0
119.787506,49.746216,0
58.588333,33.173832,0
-2.6134539,-53.835762,0
74.04068,-3.794001,0
74.0307,-75.90002,0
-51.848557,-146.6006,0
-97.536514,-10.510188,0
74.3557,-3.8682485,0
104.740814,62.028008,0
64.3457,3.296497,0
15.599547,-61.803276,0
-127.44137,72.66609,0
-15.912645,-168.37729,0
-146.70856,-76.16854,0
-163.98735,40.475533,0
-127.14074,72.6335,0
196.85118,-0.4459122,0
-126.49417,73.04077,0
-124.325356,58.48555,0
-63.45881,67.997185,0
11.639361,-147.33377,0
-98.41131,-68.82414,0
-183.35635,14.6171,0
-63.266476,68.56535,0
171.8432,3.3577926,0
-62.084183,70.45146,0
-67.32591,-2.9527755,0
17.917326,90.37485,0
43.979393,-105.19955,0
-68.224945,-117.50878,0
-110.89048,9.273613,0
18.321207,90.108986,0
143.41267,48.290363,0
19.590536,89.57798,0
-29.361778,-52.819267,0
42.290558,70.55424,0
43.98404,-82.2031,0
-44.219093,-105.62445,0
-131.71358,-10.165589,0
42.904675,69.84994,0
128.57935,40.377666,0
44.32718,68.792366,0
-16.112272,-68.897705,0
9.933387,29.905657,0
76.772415,-136.53491,0
-70.70963,-141.73427,0
-117.90694,16.73796,0
9.848296,30.460997,0
136.59753,58.319366,0
9.240075,31.873308,0
-15.974705,-32.15405,0
64.0757,120.05631,0
22.294,-90.30005,0
-55.698887,-88.730515,0
-156.15216,-18.770187,0
63.986153,120.06708,0
159.29767,-6.4802012,0
59.23674,119.15165,0
-34.398983,-77.38807,0
0.57751936,4.6043377,0
56.754158,-128.24918,0
-107.976395,-118.85255,0
-139.84221,12.26509,0
0.6335962,4.104563,0
140.13579,62.917915,0
0.82040006,2.462448,0
-4.030515,-17.89803,0
14.794498,148.32011,0
107.52105,-66.97369,0
132.23825,-58.588066,0
15.088943,147.12463,0
14.61089,146.97986,0
76.05633,136.67442,1
14.989782,147.1906,0
14.507896,146.67352,0
12.69834,100.91978,0
37.034653,-104.52981,0
-70.055756,-110.44075,0
-162.26279,-33.4452,0
12.0750065,100.64533,0
144.40619,-12.50797,0
10.392818,99.47509,0
-38.159996,-56.16412,0
64.38562,77.463615,0
39.21205,-68.651245,0
-30.64093,-102.39039,0
-135.29802,-24.837053,0
64.477844,77.02073,0
155.69409,35.477642,0
63.78943,74.87473,0
-4.60885,-78.22912,0
28.689857,82.97452,0
39.2245,-93.42939,0
-63.21967,-119.8735,0
-156.00354,-34.97847,0
28.178427,83.715965,0
143.7654,42.59696,0
27.152267,84.96062,0
-23.285683,-55.585293,0
-40.60357,75.62161,0
22.982355,-151.9359,0
-92.98742,-76.12423,0
-174.25136,6.2553453,0
-40.6428,75.71072,0
161.50455,13.239627,0
-51.675797,79.3127,0
-61.95993,-13.014227,0
-37.66947,90.14333,0
15.895036,-133.27725,0
-78.78202,-76.43108,0
-159.20042,-7.1124363,0
-37.725033,90.54822,0
173.11946,15.020916,0
-39.502434,91.536514,0
-32.62179,-5.0327487,0
32.98874,120.0875,0
32.865417,-94.6159,0
-66.50392,-102.34696,0
-154.87703,-24.00182,0
33.70587,119.46237,0
165.83435,-14.203047,0
34.8314,118.30509,0
-37.08987,-67.424576,0
50.44703,-17.392248,0
97.10638,-89.66863,0
-37.779446,-149.99493,0
-86.05468,-11.74946,0
50.310127,-17.452995,0
116.63447,78.265236,0
50.018375,-17.615572,0
49.761116,-18.407074,0
15.350917,88.29728,0
43.17397,-106.087944,0
-69.24451,-116.99356,0
-159.05542,-36.441284,0
15.254589,88.486046,0
142.16321,-18.861982,0
15.215945,90.42857,0
-29.835394,-51.987213,0
-70.66795,44.135853,0
22.690142,-138.77211,0
-112.45529,-78.72027,0
-195.7962,1.2377849,0
-70.13434,44.976013,0
124.34613,9.669385,0
-69.69882,45.949768,0
-52.56502,-2.7396848,0
-88.96434,74.851555,0
-0.5405287,-145.03358,0
-98.7192,-55.207684,0
-186.28146,17.156408,0
-88.99894,74.54104,0
178.46556,-5.0027266,0
-81.10614,83.56522,0
-73.11715,5.5138445,0
-116.0435,101.45323,0
-11.097039,-163.88802,0
-141.11935,-75.765495,0
-175.69063,31.389309,0
-116.64,101.63997,0
192.63493,-2.5282474,0
-117.48375,101.642,0
-118.998085,63.08556,0
16.99813,-5.306257,0
74.08825,-120.99275,0
-97.42172,-118.15454,0
-127.027664,14.163846,0
17.269846,-4.872466,0
118.658165,-7.9928284,0
17.666065,-3.1528602,0
2.5452833,-26.515709,0
68.52126,25.219656,0
64.04766,-87.802605,0
-40.85639,-126.6474,0
-100.77135,-16.611412,0
67.947845,25.462357,0
113.11331,59.314777,0
64.92145,19.478046,0
3.232714,-54.653122,0
-29.686678,54.65049,0
32.470394,-158.03326,0
-90.10734,-91.5603,0
-177.84738,-15.123489,0
-29.690039,54.815628,0
169.12943,-11.81066,0
-28.682674,55.00932,0
-63.267536,-41.031956,0
40.05382,-6.043965,0
81.86521,-102.485954,0
-36.620007,-146.44133,0
-88.73952,-7.1705914,0
39.51496,-5.6481023,0
112.77907,78.85384,0
38.957096,-4.716885,0
12.857478,-40.960163,0
-7.6898627,69.61717,0
35.16031,-54.667343,0
-101.54649,-144.45477,0
-158.34213,17.194761,0
-8.114251,69.740715,0
185.88675,12.614646,0
-9.339736,70.0777,0
-39.98144,-36.55629,0
-3.1755228,106.535416,0
45.30791,-115.11488,0
-64.74131,-94.31053,0
-118.58477,-1.2049583,0
-2.853714,106.421936,0
139.42589,19.161785,0
-0.10085918,105.82636,0
-38.115875,-45.90652,0
-60.15782,19.28119,0
45.66891,-158.35016,0
-121.17491,-95.42766,0
-186.81044,-6.8355684,0
-60.609123,19.369162,0
126.43127,4.9606504,0
-56.841007,23.177826,0
-70.03474,-30.686026,0
81.72399,-53.803432,0
116.78609,-94.93139,0
75.1574,-57.24209,0
-86.181915,-35.861862,0
82.23628,-54.920567,0
116.72355,104.1715,0
82.57474,-55.83231,0
78.99586,-57.506184,0
51.53868,69.923904,0
42.96473,-80.21815,0
-42.188305,-105.64623,0
-132.08943,-11.131969,0
50.51997,70.239235,0
124.230995,42.564804,0
49.728355,70.08563,0
-12.50748,-69.56134,0
4.1646314,112.2459,0
52.959553,-113.65946,0
-63.505093,-91.215645,0
-160.09673,4.798666,0
3.8542542,111.83959,0
139.51471,55.70259,0
3.629675,111.52577,0
-19.693764,-45.86892,0
34.695095,61.119267,0
48.059727,-83.94868,0
-50.829994,-104.190704,0
-130.4566,-2.852906,0
35.38045,61.099094,0
135.11533,39.40993,0
36.05435,60.67004,0
-14.289872,-62.88897,0
54.971405,60.96204,0
56.990463,-72.19118,0
-39.099808,-115.50219,0
-121.497025,-15.695319,0
55.472412,60.857536,0
122.55159,34.986797,0
56.818066,60.790455,0
0.06515298,-67.17153,0
77.65594,86.47412,0
34.143486,-73.58409,0
-35.84823,-98.45747,0
-137.57996,-19.300348,0
77.43455,86.71863,0
158.14209,37.60883,0
70.31393,92.61664,0
-11.963395,-80.28488,0
68.457466,20.286863,0
62.848835,-86.028534,0
-37.51254,-128.82855,0
-100.98244,-17.927618,0
68.06922,20.126667,0
109.64906,56.619553,0
66.84063,19.12044,0
3.0829475,-55.35574,0
86.25013,-17.923738,0
7.432037,-136.81747,0
-78.29935,-50.528038,0
121.51347,-56.68383,0
84.04596,-10.748004,0
178.7556,55.88271,0
88.07396,-21.459091,0
86.54805,-21.74637,0
62.18183,87.96956,0
33.907703,-77.551346,0
-38.72197,-98.49686,0
-142.1482,-24.636435,0
62.454803,88.164055,0
159.25742,31.408554,0
64.712135,89.64584,0
-15.9392805,-76.2029,0
-8.458318,112.66948,0
39.568073,-117.30044,0
-69.54044,-91.40491,0
-172.48454,-32.018776,0
-8.516781,112.67966,0
144.08852,-10.601842,0
-9.197012,115.80591,0
-44.810642,-48.6847,0
66.70253,41.877506,0
57.47859,-99.672066,0
-53.932835,-124.10717,0
-115.83647,0.52102524,0
66.57594,41.693016,0
131.96425,55.788048,0
53.62927,34.429768,0
-13.656469,-48.861332,0
-33.099354,53.15467,0
33.97497,-155.31883,0
-94.00018,-90.184235,0
-183.79543,-13.161347,0
-33.11016,52.444756,0
155.5594,15.229668,0
-33.398197,51.822464,0
-60.794098,-22.68526,0
-57.903324,117.59317,0
13.377042,-132.43831,0
-78.758095,-61.7784,0
113.03892,-25.919622,0
-53.085533,117.56724,0
183.09921,41.932095,0
-59.962082,118.483765,0
-62.17915,119.57102,0
-58.386208,113.66454,0
7.175871,-111.11938,0
-75.90143,-57.943737,0
115.77789,-25.714266,0
-54.102165,114.56931,0
180.65414,45.37706,0
-60.340168,114.02683,0
-61.80772,113.3927,0
11.669674,54.54399,0
55.48655,-88.31217,0
-89.54978,-129.90367,0
-139.00847,25.277754,0
11.420612,54.582554,0
110.29613,27.963507,0
10.962735,54.458233,0
-27.235193,-33.868565,0
-0.46006575,30.659132,0
71.88025,-140.73174,0
-76.61375,-145.99733,0
-115.339554,20.982111,0
0.3717557,30.075485,0
140.0476,66.57079,0
0.520867,23.351826,0
-18.022444,-26.893394,0
-136.47807,76.39381,0
-20.28324,-170.09113,0
-151.93678,-74.534966,0
-164.11357,44.526154,0
-136.37358,76.04756,0
199.57306,-7.0958037,0
-135.87476,75.34806,0
-128.67465,56.327774,0
-133.95947,79.07265,0
-18.835033,-172.31,0
-151.14415,-71.46274,0
-166.26112,43.578777,0
-133.74948,79.453835,0
196.9996,-8.595728,0
-132.3291,81.223236,0
-125.995125,54.023304,0
-52.385902,46.36848,0
26.07119,-143.14949,0
-106.950066,-83.42817,0
-193.29674,-2.454439,0
-52.978096,46.15618,0
131.19125,12.130498,0
-58.274746,46.421024,0
-53.88012,-8.37201,0
26.591782,0.66288745,0
73.19186,-117.98372,0
-94.99773,-115.55215,0
-121.390724,12.249359,0
26.657764,0.8205238,0
125.29048,62.270565,0
17.84629,-0.5448969,0
0.2624812,-28.484617,0
47.50567,-3.8533635,0
79.425995,-102.77043,0
-34.474594,-139.23756,0
-88.17598,-8.534343,0
48.183266,-3.882763,0
112.35999,71.67402,0
49.14704,-3.9361575,0
10.779497,-40.925728,0
-107.04598,77.210976,0
-5.8254375,-176.73741,0
-139.64548,-61.5861,0
-167.25461,28.386126,0
-106.791756,77.88411,0
189.46019,7.517199,0
-106.467384,79.55093,0
-110.19769,54.228943,0
-5.5610576,59.997726,0
40.273342,-55.73322,0
-97.49288,-141.91342,0
-151.12404,17.931673,0
-5.532506,59.219536,0
143.01376,15.48041,0
-10.291053,56.14261,0
-35.915794,-33.26714,0
33.35044,96.53282,0
48.23369,-98.695015,0
-57.951733,-114.19134,0
-119.138695,-7.19613,0
33.287045,96.53255,0
140.87349,32.97665,0
29.282677,97.32415,0
-29.824299,-58.35185,0
4.7772875,25.381687,0
73.9483,-138.56752,0
-73.03027,-145.93158,0
-108.807434,19.623558,0
4.506198,24.9121,0
123.37683,66.18099,0
3.2071965,22.343422,0
-14.446976,-27.928877,0
-41.188774,71.08175,0
23.755346,-150.69064,0
-94.98829,-78.196365,0
-175.98643,8.098991,0
-41.04088,70.96021,0
150.62064,26.441885,0
-40.040504,70.55514,0
-62.395794,-14.475241,0
-26.745604,33.321682,0
53.6802,-151.86044,0
-106.32811,-130.59695,0
-151.27448,28.341808,0
-26.748932,33.958694,0
125.94437,7.6272206,0
-26.488735,35.1722,0
-37.20919,-18.104748,0
25.00047,152.10513,0
103.78365,-66.92084,0
134.61955,-67.5756,0
39.940475,155.90256,0
37.832764,149.86842,0
70.21932,140.32559,1
39.0215,156.74861,0
36.93489,148.58595,0
-32.59658,122.26561,0
2.0122895,-112.1273,0
-64.16623,-66.52205,0
-151.43994,-6.467204,0
-31.810823,123.28359,0
171.10823,28.463482,0
-28.000486,119.82875,0
-25.133493,-3.5017438,0
-108.917694,94.73042,0
-10.862674,-168.58301,0
-142.41212,-71.36687,0
-176.65355,35.403744,0
-109.50301,94.242226,0
187.91869,-2.9698734,0
-110.720024,93.675156,0
-119.16003,58.077293,0
81.753204,-42.517685,0
113.47123,-90.93565,0
15.482389,158.62086,0
-85.10205,-33.01356,0
81.8023,-42.507645,0
116.55708,101.00634,0
81.76473,-42.582623,0
81.53296,-43.126133,0
-44.495796,18.46406,0
46.44696,-153.94144,0
-116.65381,-98.814926,0
-189.63028,-9.248345,0
-44.926582,18.71276,0
121.27464,17.964325,0
-46.215874,18.744968,0
-65.6417,-32.64813,0
-60.92886,91.05982,0
3.0761378,-131.53949,0
-98.08557,-103.045364,0
-145.56422,7.58636,0
-60.651093,91.27756,0
134.05154,21.790981,0
-59.2806,92.367195,0
-43.054638,-4.3865585,0
-2.9581676,134.51494,0
40.509148,-127.19439,0
-67.23282,-80.88999,0
-161.0289,-1.8441198,0
-2.359028,134.12985,0
158.79378,26.957273,0
-0.4860872,130.22025,0
-49.613823,-39.870533,0
14.438445,94.65144,0
40.009815,-104.90358,0
-69.03226,-113.12318,0
-163.4948,-35.99441,0
14.276204,95.04984,0
135.7708,-15.009508,0
12.66197,97.00943,0
-36.331264,-54.843376,0
7.5831766,-10.923404,0
92.992,-98.25111,0
-22.618279,-138.49226,0
-106.827866,22.982752,0
7.5877457,-11.513606,0
139.96747,78.7461,0
7.0740294,-11.837617,0
6.500448,-14.457142,0
-92.17871,75.50925,0
-0.5647447,-144.66768,0
-99.28777,-54.53192,0
-187.80772,15.755107,0
-92.12305,75.349304,0
163.5811,3.5352645,0
-80.66765,83.19207,0
-73.30529,4.926556,0
77.53643,84.31359,0
38.501953,-73.91803,0
-52.573586,-108.46512,0
-134.22652,-18.223698,0
77.756905,84.434814,0
147.54132,36.810696,0
31.683788,74.058365,0
-11.202825,-75.933975,0
45.455982,66.54928,0
45.583214,-81.2677,0
-42.70864,-103.30263,0
-133.9073,-8.580889,0
45.55621,66.92126,0
157.91165,38.026363,0
46.60543,70.076546,0
-12.320327,-68.24602,0
-112.08749,88.101006,0
-10.138872,-171.40672,0
-141.44972,-68.942726,0
-170.9213,32.28142,0
-112.04062,87.49424,0
190.81125,-0.009610197,0
-112.03943,86.953674,0
-116.8843,56.42984,0
25.945936,150.61914,0
105.6355,-68.324776,0
135.52574,-69.94611,0
43.61998,157.45914,0
39.878746,148.06075,0
68.34346,140.25655,1
42.991173,159.64322,0
37.379204,146.46075,0
25.274086,99.04111,0
46.825314,-99.584435,0
-60.594406,-113.27036,0
-147.25777,-35.20379,0
25.745867,98.73716,0
144.19899,36.312366,0
27.235073,97.9394,0
-28.160458,-57.76743,0
10.85221,30.459011,0
61.585423,-122.084755,0
-70.497955,-139.4316,0
-126.821556,16.780375,0
10.684703,31.110653,0
135.19046,38.041378,0
9.9209,32.48633,0
-18.225786,-32.932026,0
48.938248,31.090466,0
61.933186,-102.73621,0
-48.81316,-133.16724,0
-108.143875,4.159322,0
47.874912,30.643728,0
120.35011,66.69088,0
47.01951,30.099903,0
-3.4332902,-42.76096,0
39.419277,83.12418,0
45.079746,-90.424614,0
-57.366386,-119.62855,0
-117.974846,-21.828342,0
39.31825,83.40007,0
149.17064,31.205763,0
38.853477,84.83971,0
-17.751917,-57.108406,0
12.470722,154.18106,0
119.5447,-80.81465,0
140.71162,-55.731194,0
2.6919172,162.72539,0
3.8715432,163.01157,0
80.62803,136.56097,1
2.9292808,162.97804,0
4.416473,163.22784,0
23.9927,113.167656,0
34.00873,-100.01859,0
-67.25345,-105.412476,0
-158.78525,-23.873213,0
24.014574,112.733345,0
154.7084,23.666815,0
25.585575,111.45854,0
-36.722103,-63.93329,0
-52.431202,86.49331,0
18.920681,-133.54147,0
-96.708786,-63.749313,0
-157.9812,24.725172,0
-52.400295,86.54418,0
169.9945,18.004576,0
-51.1306,88.10189,0
-43.774014,-8.796418,0
-68.78205,48.699696,0
19.29479,-139.5739,0
-109.83924,-76.98798,0
-194.43828,-0.89844537,0
-68.042175,48.562107,0
171.58865,10.021341,0
-66.02855,47.93815,0
-56.67777,-1.4613253,0
47.550964,14.80187,0
70.08374,-106.047035,0
-46.60577,-136.4518,0
-106.13094,7.736544,0
46.96346,15.314669,0
121.44157,71.16697,0
45.975376,16.29805,0
-0.07093514,-39.421288,0
65.710754,28.098635,0
63.62869,-93.096985,0
-43.752632,-126.528534,0
-109.469826,-9.002008,0
64.89691,27.765778,0
117.26619,54.263336,0
59.47025,31.265974,0
-1.6649969,-50.724243,0
54.073288,24.412352,0
65.09623,-102.14596,0
-45.61306,-131.71298,0
-102.90504,-5.734111,0
54.185158,24.033035,0
109.32147,72.39772,0
50.039745,24.639952,0
0.88004315,-45.781578,0
-62.9956,24.748367,0
42.707047,-160.92055,0
-120.69484,-91.857124,0
-182.33803,-6.376574,0
-62.335396,25.205046,0
171.01141,-6.6569514,0
-60.167515,26.250961,0
-71.140816,-26.72626,0
78.57303,75.33843,0
48.319263,-68.47822,0
-30.47313,-111.9964,0
-124.9385,-21.895447,0
78.65662,75.550705,0
108.68561,44.733242,0
77.198204,63.020634,0
0.66411483,-72.08109,0
-7.42446,68.645424,0
35.682648,-54.683155,0
-100.84157,-144.37866,0
-157.20728,16.616556,0
-8.022193,68.77045,0
146.07193,14.536539,0
-9.381316,69.249435,0
-39.587833,-36.00502,0
-5.765624,3.6014357,0
56.48808,-128.96198,0
-108.35021,-119.14582,0
-140.57965,13.742696,0
-4.7760916,2.7844372,0
140.77364,62.291237,0
-3.649231,1.1388959,0
-4.72274,-18.275187,0
18.47045,43.49209,0
57.70948,-109.05183,0
-76.83945,-119.57309,0
-112.37869,12.511474,0
18.272055,43.833923,0
138.92549,45.122185,0
1.3025086,80.35513,0
-31.44015,-45.730316,0
-33.82595,76.80259,0
22.690598,-131.716,0
-86.8973,-73.41824,0
-182.90535,4.696672,0
-33.43031,77.12283,0
166.83188,19.881796,0
-33.043346,77.61056,0
-45.41011,-11.645476,0
71.50202,19.189625,0
66.18423,-85.47409,0
-35.9467,-127.120186,0
-101.01787,-14.534069,0
70.86446,18.667576,0
110.20624,61.23633,0
64.54209,15.7536745,0
5.306878,-55.905792,0
16.130878,155.979,0
105.76935,-76.736855,0
136.34953,-52.389687,0
13.077204,168.81746,0
13.793969,170.26779,0
77.36294,141.72874,1
13.294689,169.39291,0
13.87795,170.40941,0
-34.676735,77.13458,0
22.44705,-131.86168,0
-87.24386,-73.62057,0
-179.45937,-5.796558,0
-34.28462,77.45936,0
167.61157,18.809011,0
-33.734436,78.42232,0
-45.652325,-11.242991,0
-12.7714815,43.129654,0
58.084633,-147.7571,0
-100.98171,-133.44344,0
-146.83113,25.99534,0
-12.663539,43.066654,0
111.4763,21.740664,0
-18.844646,46.52386,0
-35.90668,-24.089422,0
44.956974,74.194916,0
46.271847,-79.49713,0
-40.532402,-105.129456,0
-135.35226,-10.451365,0
45.93721,73.321724,0
160.61998,46.585155,0
46.433807,72.19969,0
-11.960581,-66.241066,0
3.331865,-3.6967669,0
60.47688,-128.50786,0
-109.02623,-116.430504,0
-139.63214,10.010662,0
3.2354913,-3.660791,0
123.85497,-7.0432596,0
0.5815258,-0.95411956,0
-2.7173116,-15.371243,0
-107.9534,92.58454,0
-11.568677,-169.93318,0
-143.62695,-70.41243,0
-175.62164,36.604156,0
-108.16695,92.38408,0
190.6312,-6.48987,0
-109.57034,91.759895,0
-119.29951,56.460964,0
56.247784,48.48156,0
62.1264,-74.0177,0
-41.046165,-118.94737,0
111.45656,-27.07882,0
56.01041,49.30865,0
174.90396,47.545013,0
-47.27018,129.3855,0
8.932382,-69.7308,0
77.63774,105.02956,0
26.799341,-69.51473,0
-34.08755,-90.26407,0
-146.02414,-21.046246,0
77.46649,104.92217,0
166.83878,34.629387,0
77.418884,103.49946,0
-14.8598,-86.88227,0
-79.37363,39.41848,0
15.393109,-168.73267,0
-118.1078,-72.80724,0
-200.65506,3.8530753,0
-79.62778,39.23985,0
118.517334,5.5971847,0
-80.73982,40.17304,0
-52.55612,3.584828,0
36.88109,26.699907,0
62.51276,-109.92534,0
-57.963665,-131.52124,0
-106.440796,10.604577,0
36.73352,26.76993,0
132.66731,64.33909,0
34.975224,27.085194,0
-13.236538,-45.86106,0
4.8670316,180.00421,0
107.82198,-80.59592,0
135.52647,-66.19384,0
122.609566,-24.783592,0
6.332799,178.86487,0
72.6819,137.80952,1
7.3183317,180.54254,0
6.955331,179.35538,0
-53.538868,47.916748,0
25.06263,-143.66959,0
-106.27472,-82.528404,0
-189.60014,-1.5133543,0
-54.900047,47.79205,0
123.93739,7.2409697,0
-56.933296,48.278522,0
-55.314102,-7.4711323,0
-64.96512,148.48865,0
100.028,-85.54382,0
122.22373,-40.07946,0
105.52752,-38.9695,0
-66.52738,148.846,0
93.80179,121.81667,1
-67.25241,152.79305,0
-67.27058,150.9475,0
85.27341,-40.53871,0
112.243,-84.41698,0
19.214226,158.29196,0
-84.41167,-30.668217,0
85.4752,-40.194847,0
115.42223,99.40269,0
85.52964,-39.857407,0
85.97429,-39.260635,0
-30.404566,126.28955,0
-0.6262723,-109.75965,0
-65.67104,-65.19441,0
-151.47327,-10.539728,0
-30.086681,125.7601,0
178.76434,26.456598,0
-27.258839,122.68626,0
-24.79474,-1.0016897,0
-85.41185,71.15571,0
-0.037696708,-149.47417,0
-100.35958,-57.871975,0
-189.56927,19.402693,0
-84.74572,71.29266,0
178.86026,-4.39015,0
-82.70269,72.159294,0
-77.23008,2.714991,0
-6.4099116,80.889305,0
26.258642,-109.079475,0
-80.36652,-115.368576,0
-172.85797,-24.87072,0
-6.543427,80.02069,0
150.14517,8.025809,0
-3.2298334,83.616684,0
-49.354664,-55.773914,0
-4.0989633,30.707949,0
71.10787,-143.01387,0
-78.26819,-144.23901,0
-114.072495,23.437977,0
-4.838062,31.120888,0
144.2751,63.67819,0
-2.9272914,23.971457,0
-19.47981,-25.299091,0
57.481342,-31.23077,0
106.024666,-101.286224,0
57.531773,-37.97186,0
-92.49455,-28.407858,0
57.384857,-31.49396,0
125.189445,93.196976,0
57.2325,-31.740202,0
57.176914,-32.860416,0
82.73988,93.99086,0
31.593958,-68.58494,0
-32.35224,-94.743996,0
-143.72232,-21.223253,0
83.311195,94.49709,0
159.2709,33.702026,0
75.90315,99.71643,0
-10.4119835,-84.1342,0
-58.17885,18.324398,0
44.959934,-157.73228,0
-119.21961,-95.43062,0
-186.23499,-8.367361,0
-58.188953,18.54843,0
128.2325,6.328352,0
-55.746975,23.240881,0
-68.603714,-30.33538,0
16.200323,123.107025,0
28.35999,-101.75678,0
-74.89762,-104.80884,0
-165.6532,-24.955732,0
16.331049,123.313416,0
151.38916,-14.878345,0
17.297157,124.56906,0
-46.042206,-63.469826,0
78.44143,79.30588,0
36.84684,-68.0582,0
-30.513817,-100.787506,0
-130.56647,-22.747482,0
78.47608,79.28852,0
155.00644,35.205547,0
70.20311,86.14882,0
-6.0828786,-79.761,0
-11.309501,47.573364,0
40.105537,-59.220116,0
-99.74103,-138.43352,0
-150.92738,22.283758,0
-11.078599,48.13713,0
106.607185,16.982277,0
-13.026236,50.074482,0
-37.020046,-28.151207,0
-57.458458,117.96288,0
8.506638,-168.3501,0
-80.125534,-60.940727,0
112.97393,-25.95282,0
-54.74016,118.075195,0
183.58557,40.462925,0
-60.60254,118.82853,0
-62.37995,120.12715,0
60.581196,-13.284422,0
83.45466,-78.6758,0
-42.418995,-152.21637,0
-91.53672,-13.776553,0
60.15218,-12.719497,0
110.85566,79.588615,0
55.599106,-9.811481,0
22.020628,-52.48898,0
-88.75086,76.93272,0
-0.6767184,-145.68596,0
-100.3423,-55.087593,0
-186.9482,18.513235,0
-88.51633,77.27896,0
177.61989,1.3485668,0
-81.36164,81.64805,0
-73.083305,4.786396,0
-78.75152,29.500103,0
16.727076,-173.96626,0
-122.57708,-74.99107,0
-204.81007,4.4941688,0
-78.62165,29.931616,0
119.16581,11.510576,0
-84.09034,30.92349,0
-47.157368,4.108571,0
80.55238,-53.843174,0
116.624245,-94.7263,0
75.16219,-56.591564,0
-86.66826,-35.94582,0
80.4817,-55.036453,0
117.44424,103.49987,0
81.2581,-56.18452,0
78.84342,-56.379757,0
-33.083965,118.90005,0
2.9167764,-114.19925,0
-65.18274,-68.46471,0
-154.52972,-6.430959,0
-32.42576,118.27701,0
175.11302,28.278708,0
-29.416746,118.070656,0
-27.009161,-3.6727006,0
66.95552,103.74402,0
25.566113,-73.993454,0
-39.77604,-90.30172,0
-145.33032,-16.127104,0
67.13617,103.682045,0
161.16357,30.02033,0
67.46797,106.46681,0
-18.14919,-85.009544,0
51.76005,98.76666,0
25.966587,-88.52306,0
-55.286373,-93.71476,0
-157.64883,-29.177204,0
50.7892,99.04446,0
140.55539,2.4065938,0
49.16597,99.65822,0
-30.909657,-73.47759,0
42.210957,-4.5035453,0
77.53522,-104.34796,0
-34.987286,-141.51079,0
-91.945274,-6.4884267,0
42.001373,-3.848532,0
114.03266,74.48967,0
42.041397,-0.18608215,0
7.558921,-40.044155,0
14.524459,15.637873,0
72.15634,-134.30066,0
-69.94254,-148.37543,0
-110.54199,16.622213,0
13.751044,15.924706,0
138.728,68.75581,0
9.650094,19.934765,0
-8.337085,-33.414715,0
75.60676,79.35531,0
37.555676,-70.68358,0
-34.806416,-106.31246,0
-131.8587,-20.993029,0
75.58716,79.65223,0
164.15793,40.440536,0
70.10667,83.78227,0
-8.058865,-78.91579,0
-17.281034,103.516304,0
32.110477,-117.98986,0
-78.04541,-88.682594,0
-170.57549,-12.500441,0
-18.720865,101.21547,0
150.94412,-1.3016648,0
-20.051498,99.38347,0
-60.288998,-46.20437,0
-48.82687,97.94164,0
20.644348,-124.90554,0
-82.94458,-67.24375,0
-146.56294,-2.51081,0
-49.047832,97.79794,0
167.6413,22.851685,0
-47.092937,94.81337,0
-38.163685,-10.02582,0
21.191643,104.48504,0
43.34933,-99.145905,0
-62.404,-109.37863,0
-151.38434,-33.932632,0
21.404272,104.74113,0
147.16516,39.81896,0
24.331299,106.78928,0
-34.81778,-59.921337,0
33.621716,55.751556,0
27.486862,-87.283424,0
-52.966656,-98.06847,0
-157.07451,-30.660986,0
33.391026,55.864803,0
143.21375,2.820951,0
32.757988,56.30712,0
-27.162333,-73.022064,0
25.218578,-0.22338547,0
73.106514,-118.424675,0
-95.2042,-115.75687,0
-122.55873,12.75605,0
24.92309,-0.38388246,0
128.9763,33.98839,0
19.382124,-0.77411586,0
-0.3323514,-28.888502,0
30.648666,10.396867,0
79.64481,-87.68249,0
-55.14049,-152.66013,0
-102.74157,4.013585,0
29.944263,11.001858,0
122.63058,80.81372,0
28.624605,13.845155,0
18.131702,-44.851025,0
-34.19038,75.01553,0
23.765144,-132.0408,0
-91.80773,-83.776794,0
-178.79895,-8.617884,0
-33.662704,74.43921,0
137.73987,15.1487665,0
-32.564552,74.04502,0
-58.60304,-17.568861,0
76.77176,4.1896935,0
70.54966,-76.59768,0
-48.49035,-143.48119,0
-106.12324,-17.413431,0
76.19555,4.058104,0
105.02575,59.222664,0
66.22153,7.798189,0
11.396391,-59.79672,0
15.45182,88.98949,0
42.754612,-105.840775,0
-69.12767,-116.632095,0
-160.11203,-35.897434,0
15.715152,89.30816,0
138.88348,-12.558291,0
15.413175,90.21693,0
-30.191017,-52.210117,0
69.8805,105.547195,0
26.832869,-74.94263,0
-40.290123,-91.94757,0
-143.35608,-15.901688,0
69.95022,106.06656,0
161.79623,31.664814,0
70.01327,106.9443,0
-18.45711,-82.95547,0
26.059254,10.173096,0
78.676025,-90.38422,0
-57.25395,-151.35394,0
-110.36388,0.50211984,0
26.214775,10.497848,0
138.62653,51.917007,0
26.332489,12.357219,0
16.017685,-42.875626,0
71.950294,67.53918,0
44.00658,-66.12024,0
-27.646473,-106.78617,0
-126.75555,-24.796684,0
71.90457,67.39791,0
111.750595,39.290703,0
70.657646,65.98762,0
-1.0137925,-76.65503,0
26.641308,120.44766,0
32.459194,-97.464226,0
-69.35076,-103.96009,0
-162.75754,-25.335129,0
26.495499,120.44453,0
152.03748,-19.661871,0
26.949638,118.26228,0
-39.790794,-64.65894,0
-81.1425,37.22295,0
14.460764,-170.3101,0
-119.43122,-71.61174,0
-200.7607,6.916924,0
-81.60236,36.891087,0
119.148476,4.106382,0
-84.89842,36.55522,0
-51.767075,5.062087,0
-7.747684,81.150375,0
25.448645,-109.09893,0
-80.88364,-115.381294,0
-173.9002,-25.209488,0
-7.737809,81.30394,0
150.8468,8.701406,0
-3.5354939,83.89282,0
-50.158306,-55.747528,0
-30.978655,158.78381,0
102.79605,-85.113144,0
135.65564,-40.33185,0
119.918976,-27.064045,0
-30.749151,156.34344,0
91.86543,132.19833,1
-30.138548,153.12888,0
-29.9957,154.78902,0
27.4426,-21.202375,0
84.67412,-119.04703,0
-91.516426,-109.79446,0
-94.187294,10.682944,0
26.433802,-20.730747,0
132.4338,70.627625,0
24.675457,-16.680279,0
10.395853,-27.331572,0
68.27869,-4.034494,0
74.71161,-81.30285,0
-49.707584,-148.08772,0
-95.87406,-15.406552,0
68.09281,-5.0096574,0
103.53309,54.374382,0
62.03803,4.3497367,0
14.031663,-53.51507,0
-40.131096,17.782663,0
46.854504,-150.28915,0
-113.56322,-100.72833,0
-134.33516,16.967867,0
-40.509274,18.628431,0
110.671265,8.949699,0
-40.70329,21.554945,0
-61.457283,-33.536476,0
32.536163,-18.411804,0
84.7878,-116.81432,0
-28.72724,-147.7909,0
-91.95253,8.118732,0
32.249763,-18.137619,0
131.64586,74.80004,0
27.13217,-14.467195,0
11.729614,-29.183083,0
-44.991486,55.44569,0
32.652008,-150.22746,0
-98.96458,-83.96663,0
-167.40436,8.934472,0
-44.760338,55.671974,0
137.41037,17.213594,0
-44.034687,56.167545,0
-57.12933,-19.515095,0
66.68106,-35.54227,0
110.58127,-97.27362,0
64.14316,-39.84087,0
-87.92585,-31.82154,0
66.67813,-36.01475,0
119.0347,99.16336,0
66.70546,-36.378674,0
65.896,-37.23855,0
-118.65869,86.31818,0
-12.620815,-176.95657,0
-145.89929,-64.67226,0
-173.1202,40.047684,0
-118.02935,86.2058,0
188.08942,-7.8901787,0
-115.89625,86.147995,0
-117.911804,50.586292,0
36.274975,102.07014,0
49.37452,-94.89862,0
-54.484383,-112.99356,0
-130.46252,-28.106054,0
35.918118,102.40579,0
140.36461,30.099115,0
34.40967,102.718,0
-28.32371,-62.8931,0
-8.302174,130.39003,0
39.138588,-124.654625,0
-68.91606,-83.02068,0
-164.2521,-3.2052107,0
-8.06505,130.54832,0
156.75247,-6.9314446,0
-3.7624638,128.20966,0
-50.197083,-42.65602,0
-14.902845,41.164165,0
58.877495,-148.43077,0
-101.0435,-134.03203,0
-151.58582,25.289137,0
-14.750748,41.66814,0
114.99671,13.085312,0
-17.211313,45.921078,0
-37.038548,-24.07613,0
-28.52474,127.53129,0
0.04473851,-107.7692,0
-63.66046,-64.51274,0
-152.07222,-8.24629,0
-28.442694,126.95675,0
177.39906,30.572266,0
-24.304508,120.31278,0
-23.902676,-2.4230783,0
-90.515175,35.57989,0
11.282216,-171.68991,0
-120.993454,-69.36361,0
-201.25023,8.666584,0
-89.94746,35.947426,0
119.70901,3.1470916,0
-88.39036,36.814327,0
-52.217896,7.5991225,0
45.684914,111.99333,0
22.324396,-82.052315,0
-49.02858,-90.54611,0
-154.87466,-15.29692,0
46.368816,112.302055,0
160.82845,26.302439,0
50.56196,110.7913,0
-26.455564,-80.23237,0
-41.137516,66.174095,0
24.403507,-156.46497,0
-92.94131,-82.32477,0
-174.87448,4.539758,0
-40.951508,65.79363,0
152.84872,12.097357,0
-40.44826,64.23029,0
-62.6746,-16.60539,0
-115.696884,102.9206,0
-11.018979,-164.01817,0
-140.80981,-75.77654,0
-176.3106,33.346615,0
-116.1025,102.86863,0
191.76752,-1.3409784,0
-118.87803,101.73515,0
-118.96751,62.696037,0
-18.785383,41.24625,0
57.15313,-150.26033,0
-103.31574,-133.12633,0
-153.02603,26.912247,0
-19.879633,42.175888,0
115.46005,16.486473,0
-20.681889,43.030125,0
-37.57533,-21.718115,0
15.445085,8.282667,0
76.17224,-72.35065,0
-48.5467,-157.1145,0
-91.73849,-19.727016,0
15.820743,8.383998,0
104.56341,68.74959,0
56.8593,0.48708022,0
19.95014,-58.981003,0
29.390072,21.49195,0
74.55024,-85.880554,0
-56.79333,-146.32158,0
-121.216995,-11.2989,0
29.56012,21.326937,0
124.05581,53.191227,0
29.429426,19.934883,0
12.034584,-53.306755,0
33.88394,15.822182,0
81.98138,-87.620224,0
-55.049942,-155.06285,0
-105.5582,2.3046334,0
32.23726,16.455675,0
126.40719,78.34854,0
29.898272,16.931171,0
20.312658,-44.593536,0
-30.87894,158.5788,0
102.81692,-84.994774,0
135.72734,-40.6084,0
120.316605,-26.926767,0
-30.61905,156.31807,0
92.09026,132.0804,1
-29.906143,153.52057,0
-29.760988,154.88707,0
54.449192,7.771633,0
74.88585,-96.59547,0
-35.757915,-136.02939,0
-95.81709,-6.134438,0
54.691696,7.8181796,0
113.9793,68.57149,0
50.286476,9.157674,0
5.72196,-47.764553,0
-7.127169,60.773026,0
39.626038,-56.376617,0
-98.11281,-141.31935,0
-151.93022,13.8383,0
-7.18284,60.12147,0
139.55388,15.378959,0
-9.977995,56.677326,0
-35.705246,-34.012486,0
-86.685875,70.54603,0
-0.0137038585,-150.27794,0
-99.941444,-57.75444,0
-189.96378,22.146004,0
-86.57833,70.50314,0
176.52484,-4.2925124,0
-82.17845,72.67412,0
-78.25036,2.8869672,0
54.313976,5.2734203,0
75.01172,-97.909836,0
-37.346516,-134.20387,0
-101.117516,-20.170515,0
54.89484,5.4037247,0
115.05508,66.906364,0
59.338177,13.829027,0
8.165035,-47.079765,0
71.18473,-35.874073,0
110.94683,-95.22501,0
65.63833,-41.711582,0
-86.426216,-31.961288,0
71.30902,-36.139477,0
117.63539,99.65973,0
71.34684,-36.26139,0
70.17821,-38.240894,0
-39.709957,62.506664,0
24.516027,-157.96034,0
-91.989075,-82.64643,0
-174.90315,2.4680185,0
-39.861683,62.363987,0
156.09613,6.956257,0
-40.275074,61.621216,0
-64.24432,-18.397118,0
-2.3914378,111.79119,0
42.895752,-116.96272,0
-66.22964,-91.6584,0
-160.11693,8.713973,0
-2.168514,111.56186,0
145.22174,-1.8345186,0
0.6717614,110.29587,0
-42.317734,-46.25443,0
-13.648165,152.16138,0
112.51791,-78.466156,0
113.18165,-21.105513,0
120.60097,-53.023087,0
-14.236482,151.58054,0
88.85481,131.03297,1
-14.48393,151.64618,0
-14.3834305,151.67215,0
84.417404,-15.69266,0
4.4563627,-138.05486,0
118.12019,-57.234085,0
89.87385,-29.066362,0
85.91498,-25.631933,0
181.00342,58.14375,0
86.19639,-26.528103,0
85.764114,-24.205893,0
74.98482,39.82635,0
56.67739,-93.38624,0
-49.68907,-119.08698,0
-112.69216,-9.537201,0
75.04695,40.018696,0
110.33721,44.43232,0
59.247597,39.72354,0
-5.8230877,-54.955204,0
48.228592,1.6790572,0
76.306816,-101.51719,0
-36.429153,-138.02611,0
-95.86014,-4.810381,0
48.50899,2.0648623,0
114.40966,69.55521,0
47.354847,5.8852677,0
7.6875653,-42.978226,0
-3.3903096,110.04233,0
42.085155,-116.81485,0
-67.025215,-92.079735,0
-162.88748,5.779295,0
-2.965381,109.827866,0
144.66347,-1.3250967,0
0.41101918,109.35014,0
-42.410248,-47.311153,0
-26.050165,10.974587,0
46.60398,-135.80547,0
-104.68077,-107.31213,0
-134.74173,3.4306216,0
-25.33446,11.651025,0
127.10003,28.308737,0
-23.910177,13.205909,0
-6.0807524,-23.792122,0
21.864641,95.35738,0
44.279636,-101.84225,0
-64.48857,-114.12365,0
-142.46277,-35.144485,0
21.840412,94.970764,0
135.07707,44.320488,0
24.338928,93.51886,0
-31.420979,-54.671364,0
65.17643,36.191452,0
69.71747,-95.97996,0
-51.123928,-125.76564,0
-112.38651,-4.7372403,0
64.83158,35.999077,0
123.35167,62.91485,0
60.46075,35.85924,0
-8.871677,-48.14256,0
-40.65479,156.78996,0
110.10818,-96.12948,0
130.62003,-38.127285,0
116.18749,-31.038399,0
-40.92039,156.36288,0
89.57522,127.60388,1
-40.217697,155.60397,0
-40.616806,155.85847,0
28.265696,151.69339,0
109.50614,-71.8309,0
135.01608,-70.095436,0
42.969067,155.46725,0
43.518734,150.75996,0
68.1628,139.0108,1
43.72431,154.33636,0
43.957558,150.10196,0
-90.5521,90.98634,0
-6.148091,-144.37563,0
-99.989105,-49.59216,0
-184.11203,24.177624,0
-90.092964,90.70074,0
175.58131,-5.862936,0
-89.30782,89.48501,0
-77.91638,9.858272,0
-18.85227,117.49124,0
3.322671,-103.18017,0
-59.57045,-67.38455,0
-149.23615,-11.841508,0
-19.110823,117.58419,0
178.15334,33.710293,0
-19.787619,117.78439,0
-21.783201,-5.93227,0
-66.033134,58.05991,0
15.675718,-145.23244,0
-102.108826,-72.44268,0
-185.1688,2.3396106,0
-66.33238,58.317036,0
170.96721,-4.9614096,0
-66.39522,60.439377,0
-63.003784,-3.7673879,0
-19.702406,10.543604,0
46.536285,-132.78893,0
-99.64449,-108.86286,0
-127.54653,11.880527,0
-19.74845,10.807013,0
133.01874,57.446217,0
-19.6519,12.240986,0
-1.648871,-25.650644,0
29.279295,-0.42653406,0
73.95485,-116.17545,0
-93.27908,-116.953896,0
-94.69878,-0.9133592,0
28.567532,-0.6670956,0
119.19424,68.74493,0
27.465166,-1.7989357,0
2.7514153,-33.347397,0
17.27414,100.681015,0
42.4544,-102.31528,0
-66.06267,-112.242134,0
-160.23555,-33.939957,0
17.878426,100.17418,0
138.48524,24.735138,0
17.787846,99.61031,0
-33.676064,-56.194042,0
24.918026,123.7864,0
28.597221,-98.85641,0
-72.41506,-103.159454,0
-164.5268,-25.844301,0
24.318449,123.62849,0
158.81293,-12.621404,0
20.240664,125.31157,0
-42.753242,-66.08901,0
49.358803,87.980675,0
36.496326,-65.12319,0
-26.665712,-97.93941,0
-159.50299,-10.87521,0
49.477974,87.713295,0
166.03539,36.819096,0
50.27102,86.936485,0
-23.115864,-68.923325,0
-50.05192,98.84441,0
9.249941,-112.15626,0
-82.15546,-65.32773,0
-147.145,-3.0586877,0
-50.400852,99.0485,0
170.20782,24.85107,0
-50.878857,99.01978,0
-37.18506,-7.6948447,0
41.057487,92.05607,0
38.69958,-96.36786,0
-62.479618,-115.395744,0
-154.01738,-31.329805,0
41.092003,92.11802,0
137.17744,22.658857,0
40.375286,91.916664,0
-24.24349,-65.699326,0
-57.94876,109.8254,0
61.87414,-72.95962,0
-42.561207,-119.257095,0
118.99417,-25.654263,0
40.042866,58.627834,0
178.58408,48.78854,0
-58.710453,109.57313,0
-58.682774,109.41452,0
50.39774,61.936134,0
47.75004,-76.196144,0
-42.733414,-112.08187,0
-132.39159,0.5727747,0
49.005943,61.70516,0
121.46202,42.59258,0
48.14749,61.008053,0
-5.0526004,-64.82085,0
-0.6278545,6.421827,0
53.884426,-129.64934,0
-106.85871,-119.59733,0
-138.23402,10.950356,0
-0.8126523,6.1501713,0
128.6497,64.15686,0
0.046584032,2.637025,0
-5.571488,-19.693829,0
25.133553,150.76596,0
104.459236,-66.253006,0
135.71204,-69.75828,0
43.62786,157.76964,0
39.318497,147.19327,0
69.24568,141.2097,1
43.256878,160.23227,0
37.508743,145.87074,0
-117.9032,82.118774,0
-11.472568,-175.04924,0
-144.37085,-65.70184,0
-170.06659,38.341274,0
-117.90314,82.55099,0
193.56528,-1.0808052,0
-115.388405,84.09194,0
-117.01331,52.83679,0
82.97398,84.6736,0
38.262726,-71.89099,0
-33.275883,-101.28627,0
-144.79117,-24.190195,0
82.8871,84.76442,0
165.06572,31.255604,0
65.71675,97.041595,0
-13.461635,-77.98034,0
70.03373,45.75041,0
59.56631,-89.67322,0
-44.330364,-121.10148,0
-120.09458,-27.727022,0
69.99618,45.874947,0
117.10055,40.546387,0
60.223713,44.395527,0
-11.92917,-55.767418,0
-30.891293,36.9061,0
32.329018,-140.19704,0
-98.963066,-95.85424,0
-128.10695,8.778663,0
-30.937193,36.829174,0
126.50996,16.746893,0
-31.424997,36.09796,0
-48.01867,-12.696372,0
50.75487,35.42037,0
55.3393,-99.51957,0
-54.40725,-122.397606,0
-113.89687,12.235457,0
51.495697,35.506153,0
130.07047,57.001328,0
52.723495,35.868557,0
-15.753378,-51.35694,0
-58.242058,38.589016,0
29.298141,-139.67012,0
-110.40412,-84.70806,0
-198.08446,-3.4501417,0
-58.64866,38.943996,0
125.12082,15.578245,0
-59.243767,41.107044,0
-49.448574,-8.34092,0
-33.159077,62.73662,0
26.506323,-152.12296,0
-95.783005,-85.7211,0
-182.17813,1.663413,0
-33.149193,62.92231,0
162.14436,15.552702,0
-33.55228,64.035706,0
-58.806232,-15.843913,0
-128.22365,90.54485,0
-16.950146,-177.07648,0
-149.40088,-66.8792,0
-170.3095,42.49302,0
-128.19427,89.86357,0
193.63788,-10.966979,0
-127.55054,85.53996,0
-122.251465,49.74483,0
53.065712,67.497406,0
43.44435,-79.06541,0
-39.830906,-109.79479,0
-131.97034,-12.994919,0
52.64689,67.815575,0
122.24663,41.927418,0
59.85474,69.27399,0
-10.886401,-69.775185,0
26.027798,128.74168,0
26.86613,-97.17352,0
-72.439575,-100.4354,0
-161.28075,-21.716747,0
25.25281,129.19771,0
161.68591,-11.764317,0
22.275793,129.87062,0
-43.127968,-68.88313,0
-130.97383,90.17332,0
-17.904863,-176.02266,0
-149.93385,-68.5223,0
-169.01256,42.51406,0
-130.69478,89.58437,0
193.17357,-9.434482,0
-129.01416,86.06992,0
-123.90303,50.27245,0
44.846867,34.93265,0
55.94987,-103.45788,0
-53.875465,-133.16524,0
-107.31597,3.211266,0
44.575153,34.520035,0
129.00766,48.3305,0
44.785095,33.856613,0
-9.788357,-41.792847,0
56.14276,52.452072,0
73.721565,-82.406296,0
-29.802141,-121.96041,0
-110.65579,-0.782239,0
56.0901,52.808296,0
103.19549,66.39014,0
54.241467,55.45298,0
10.80907,-54.44067,0
43.904736,-31.8248,0
101.09232,-105.51451,0
-19.703035,-128.08147,0
-118.83149,-34.50469,0
43.918514,-31.987017,0
130.01001,89.36369,0
44.273617,-32.525455,0
43.466858,-33.712627,0
-60.15748,100.36255,0
2.4027653,-126.56691,0
-87.55392,-61.46996,0
-156.6387,-1.3934972,0
-60.11614,100.72921,0
172.88487,22.188025,0
-60.184258,101.44201,0
-37.75956,-2.4346676,0
29.11176,-25.355387,0
81.969154,-120.73038,0
-97.308266,-109.09619,0
-99.0843,8.0759325,0
29.023956,-25.379715,0
130.84358,31.442245,0
23.854572,-14.441482,0
8.074474,-28.700388,0
9.375326,150.0255,0
108.3936,-67.81888,0
141.36674,-57.616978,0
4.0612917,147.33368,0
6.820977,148.03937,0
79.25512,133.99164,1
5.3468194,147.74861,0
7.9451733,147.4713,0
17.059587,84.096306,0
46.235367,-106.40042,0
-68.4926,-120.001366,0
-111.6099,8.408332,0
17.412212,84.26486,0
144.15837,49.43742,0
19.327772,86.58976,0
-27.169216,-51.040485,0
78.83506,77.78529,0
36.947746,-68.60935,0
-30.160234,-99.171295,0
-134.83432,-22.301254,0
78.70195,77.539825,0
109.67452,42.79852,0
72.037895,87.3543,0
-7.4404373,-81.80775,0
1.9924408,95.12468,0
28.400024,-103.20833,0
-76.26856,-108.76479,0
-166.54512,-29.875893,0
1.8274815,95.05783,0
150.70078,-13.553914,0
1.3692279,95.4602,0
-46.174538,-61.551044,0
-34.44416,119.91713,0
-0.3383213,-113.95522,0
-66.934204,-66.74302,0
-154.59854,-8.039211,0
-34.30163,120.0398,0
176.40639,24.460684,0
-28.473034,120.6777,0
-27.048609,-1.5904605,0
37.702656,39.125156,0
50.0079,-106.09207,0
-67.58396,-123.62819,0
-115.95951,10.808272,0
37.958607,39.541588,0
142.73584,50.14679,0
37.19848,41.27295,0
-24.189451,-49.492805,0
16.43957,7.692006,0
76.10212,-72.32052,0
-48.3067,-157.93013,0
-92.46378,-18.9621,0
17.065657,7.880296,0
101.60984,65.198586,0
18.385147,8.273242,0
19.857979,-58.81323,0
55.582012,90.38891,0
33.31729,-81.14095,0
-41.872353,-98.90559,0
-147.41483,-22.811699,0
55.912342,90.263084,0
153.02621,17.056257,0
57.39367,89.71758,0
-20.663599,-73.11624,0
-52.842346,90.74676,0
18.084736,-125.39845,0
-84.102554,-65.20574,0
-172.46008,18.053083,0
-52.049694,90.17368,0
189.8074,12.885262,0
-51.653187,89.7221,0
-41.10683,-9.884054,0
-4.679087,33.158405,0
69.885284,-143.80502,0
-79.77809,-144.7581,0
-115.80261,25.390495,0
-5.3550076,33.26427,0
134.58571,15.89503,0
-6.829247,34.22418,0
-21.231255,-24.831768,0
40.79546,38.749287,0
51.756367,-103.395386,0
-64.39958,-124.937386,0
-150.83446,-40.546505,0
40.701794,38.533726,0
147.59947,55.661602,0
43.79399,37.738304,0
-20.736609,-50.89557,0
-5.5164313,81.28798,0
26.940731,-109.174805,0
-79.372505,-116.138306,0
-171.8851,-25.814062,0
-4.737541,82.19147,0
148.9334,7.1107554,0
-2.0402703,84.307945,0
-49.136482,-55.465088,0
-32.940598,91.98844,0
32.5121,-131.09743,0
-79.64059,-79.94046,0
-163.1397,-10.11712,0
-32.539295,91.86383,0
133.41998,40.14775,0
-37.421272,93.95544,0
-50.960377,-31.358225,0
-16.843496,105.50171,0
30.616081,-116.47264,0
-75.450905,-89.902176,0
-168.62955,-10.701333,0
-17.244717,105.27233,0
149.53972,-3.7622364,0
-20.85248,101.17273,0
-57.2911,-45.104305,0
1.0717446,15.965777,0
77.01817,-138.66046,0
-71.71957,-143.79362,0
-107.61027,19.14923,0
0.5161595,16.784796,0
118.75821,79.45206,0
0.23401213,18.461859,0
-12.352486,-26.561832,0
10.187054,91.53343,0
38.85424,-107.16793,0
-71.45837,-114.188034,0
-165.08656,-37.064137,0
10.10878,91.55956,0
143.22246,-11.191903,0
11.099421,90.98039,0
-39.252956,-54.332783,0
44.037395,92.22223,0
31.169067,-86.56484,0
-42.226185,-93.865135,0
-143.06268,-13.569001,0
44.13449,91.963455,0
131.00493,38.83333,0
43.971725,91.4889,0
-20.39226,-80.85253,0
86.65131,-18.04438,0
3.8945518,-138.91153,0
-77.49438,-50.245068,0
121.66621,-56.832073,0
83.717285,-10.282972,0
179.04684,56.556976,0
87.98727,-21.286406,0
86.89946,-20.921999,0
51.39415,6.4763913,0
73.67562,-99.455505,0
-39.34499,-136.2475,0
-97.65412,-5.978777,0
50.557945,6.8967566,0
122.98256,74.69553,0
47.983406,9.018779,0
5.6524167,-45.07433,0
56.311337,112.53181,0
21.999846,-87.3435,0
-53.397785,-89.78782,0
-158.86948,-16.423788,0
55.864777,113.52586,0
159.22838,-7.8590765,0
56.470306,115.15726,0
-31.622879,-78.11683,0
-5.8011928,3.5089781,0
57.240288,-130.99986,0
-110.70353,-119.5851,0
-140.98625,12.297303,0
-5.3837824,2.5906172,0
126.811745,-3.3997545,0
-3.6471145,0.93920916,0
-6.627847,-15.971024,0
27.24611,41.515812,0
53.686634,-113.29527,0
-64.672264,-128.87415,0
-159.15135,6.272271,0
27.70729,41.773922,0
138.77092,54.56319,0
29.961456,38.825542,0
-19.864384,-44.928284,0
33.141655,14.888562,0
81.29639,-89.15293,0
-56.35828,-154.19447,0
-102.75059,4.879891,0
32.204044,14.988512,0
143.61397,55.578457,0
27.885641,16.330208,0
19.474752,-42.924686,0
-1.045124,33.999664,0
68.48319,-142.75504,0
-79.38435,-146.32246,0
-117.177246,24.117516,0
-0.7699128,34.357555,0
128.72992,-0.8384685,0
-0.5988428,34.607895,0
-21.854834,-26.066168,0
30.161617,100.93156,0
48.22964,-96.43271,0
-57.490955,-112.24443,0
-133.53705,-0.6792475,0
30.12323,101.34043,0
137.75984,28.012115,0
30.088226,102.28018,0
-30.011183,-61.12516,0
-52.01195,47.062668,0
26.416185,-143.5854,0
-106.36067,-83.17578,0
-190.1125,-2.415145,0
-52.802647,46.76906,0
131.89345,14.570937,0
-57.28918,47.045795,0
-54.36094,-8.338906,0
-7.3320174,89.33003,0
28.124226,-105.612625,0
-78.5938,-110.99083,0
-169.97995,-28.480907,0
-6.489351,89.257256,0
146.68895,-8.820466,0
-4.3687997,89.251495,0
-47.398586,-58.788677,0
-57.29789,118.11003,0
14.910762,-136.59323,0
-78.91722,-60.819355,0
112.64672,-26.107412,0
-54.129555,117.99403,0
183.75562,42.50018,0
-60.38821,118.95981,0
-61.789795,119.926414,0
-37.819305,114.93328,0
4.28597,-116.21634,0
-70.28208,-68.01222,0
-155.0352,-3.8040817,0
-38.256176,114.45453,0
182.48721,24.94251,0
-38.657864,113.65708,0
-29.849043,2.561454,0
-23.627773,31.82667,0
57.841824,-145.33853,0
-99.297646,-130.44814,0
-148.31343,27.740042,0
-23.565018,32.017006,0
105.166565,30.446993,0
-23.5935,34.948185,0
-33.67026,-22.473734,0
72.40614,-2.8409014,0
74.54507,-77.22111,0
-51.263996,-145.82274,0
-105.41565,-13.97278,0
72.06367,-1.9925534,0
109.14507,65.53847,0
65.505486,3.5236518,0
14.720683,-58.967365,0
66.218544,49.149567,0
62.661148,-78.96276,0
-34.582756,-120.67208,0
-120.012245,-18.722698,0
66.6387,49.117283,0
104.562386,56.15345,0
61.408035,58.30507,0
2.9344935,-62.53607,0
-37.333454,62.522522,0
25.6771,-157.49269,0
-92.70723,-84.689026,0
-169.71986,1.9524593,0
-37.597942,62.558823,0
157.79353,6.682549,0
-37.941658,62.752777,0
-62.73137,-19.231518,0
-31.232143,158.3633,0
102.752174,-85.09843,0
135.58102,-40.298798,0
120.30111,-27.116768,0
-30.987263,156.27333,0
91.554924,131.93088,1
-30.485523,152.82346,0
-30.261488,154.69931,0
-126.585464,67.69465,0
-15.023724,-166.58174,0
-145.04253,-77.57441,0
-163.3177,36.709248,0
-126.49575,68.01157,0
198.72536,1.8886105,0
-125.71499,68.20331,0
-125.008026,62.619804,0
50.84831,-33.016136,0
103.83408,-104.36791,0
52.12311,-38.946404,0
-119.18984,-36.507797,0
51.07311,-33.716515,0
128.59146,92.2628,0
51.117077,-34.0357,0
50.246365,-35.80392,0
-46.084805,66.602615,0
17.409483,-156.04163,0
-90.6744,-79.92486,0
-175.74648,-1.1771027,0
-46.06318,66.55741,0
159.52426,5.908892,0
-51.858192,66.69248,0
-69.4223,-13.349661,0
89.75257,-17.633568,0
10.68345,-166.33669,0
-79.82085,-49.95965,0
122.45058,-57.51514,0
86.045975,-10.070178,0
177.04391,57.065865,0
90.64443,-19.48409,0
90.1545,-18.961697,0
78.15059,54.46556,0
52.360268,-68.17567,0
-29.891392,-115.71024,0
-110.63522,-24.25159,0
78.18587,54.62103,0
106.49903,49.257065,0
75.420364,58.77659,0
3.629789,-69.508255,0
-2.771025,108.55345,0
43.339745,-115.697914,0
-65.82264,-93.459015,0
-160.04292,5.865818,0
-1.3180418,108.57636,0
145.28769,0.46927395,0
0.12988049,108.2828,0
-40.63767,-46.849365,0
72.9319,66.13266,0
45.153748,-67.058266,0
-28.222322,-107.721115,0
-125.5153,-24.789331,0
73.04864,66.19718,0
113.51148,39.962284,0
72.01067,61.95026,0
-1.4148957,-75.593666,0
95.54532,-14.668812,0
-3.5975235,-119.4314,0
94.27253,-12.972321,0
125.99185,-60.043266,0
89.077545,-8.964584,0
172.36684,62.80567,0
95.86522,-15.814768,0
95.45748,-15.405346,0
-29.353472,131.12837,0
2.1673698,-107.62106,0
-63.755642,-62.150406,0
-148.15445,-7.298015,0
-28.646145,130.96056,0
172.76552,30.229996,0
-23.375395,122.533714,0
-21.942451,-1.01,0
-47.50737,71.80695,0
20.096,-155.6978,0
-88.82816,-78.40234,0
-179.53455,-1.3007298,0
-47.437893,71.61299,0
157.59561,10.10497,0
-50.637203,74.17067,0
-67.55185,-15.613483,0
-129.35933,77.0229,0
-16.455044,-171.31953,0
-153.59418,-71.83335,0
-165.33789,39.853317,0
-129.32513,77.22709,0
198.31488,-5.084459,0
-127.664635,78.296455,0
-123.5288,55.833603,0
18.89186,61.61379,0
53.525513,-83.27127,0
-82.61016,-130.91176,0
-128.7478,-11.034516,0
19.371851,61.525547,0
126.80966,40.879917,0
21.62417,60.071804,0
-30.987486,-36.988174,0
-33.092247,111.84988,0
5.102405,-117.749695,0
-69.5577,-70.47501,0
-161.22041,-5.2472296,0
-33.72108,111.77557,0
181.02924,23.945189,0
-34.485073,111.70328,0
-30.76153,0.41632986,0
13.866104,84.71366,0
44.67975,-108.13075,0
-70.62685,-118.36814,0
-156.27231,-38.397232,0
14.184207,84.96632,0
145.41145,51.3339,0
12.413759,89.2104,0
-31.35893,-50.167152,0
-4.583645,167.57684,0
107.869125,-77.18456,0
140.14104,-50.971523,0
132.47427,-62.47609,0
11.345842,170.74571,0
79.99637,142.19446,1
-4.988249,169.41707,0
-4.795535,168.97472,0
-56.14408,153.25856,0
100.36498,-93.759834,0
125.876976,-39.34325,0
111.05856,-34.035366,0
-57.35069,155.6291,0
96.295975,125.71778,1
-58.16155,159.72104,0
-57.53642,157.38698,0
-7.6950135,165.61127,0
106.84816,-78.05265,0
135.18051,-41.358746,0
133.33467,-64.62033,0
-7.5498962,154.94908,0
84.33285,134.88033,1
-10.759268,168.89383,0
-10.109653,168.33755,0
18.621336,62.543125,0
53.065334,-83.95907,0
-82.35621,-130.22989,0
-135.51288,-9.8747015,0
18.807384,62.63429,0
112.48716,29.695864,0
21.437294,60.56382,0
-30.117645,-37.326412,0
72.54696,3.348949,0
70.44803,-74.791954,0
-51.205757,-143.27974,0
-107.460075,-15.314257,0
72.042496,3.0300393,0
106.74734,60.799175,0
67.624084,5.0025067,0
13.283039,-61.43591,0
-53.83338,73.80857,0
16.480682,-149.83778,0
-96.22022,-74.018486,0
-180.27457,9.051481,0
-53.801804,73.92404,0
166.3018,9.701259,0
-53.887135,70.34251,0
-65.666595,-8.815153,0
-66.8961,66.34096,0
14.596576,-146.55087,0
-100.48621,-69.965126,0
-182.72139,11.032314,0
-66.59188,65.94604,0
168.69395,11.250777,0
-65.49151,65.145935,0
-65.00134,-5.0136843,0
51.518726,49.36609,0
56.701103,-79.36067,0
-43.32805,-115.62684,0
-115.41278,-16.23165,0
51.4549,49.646782,0
122.56971,46.98383,0
46.415665,59.056297,0
-5.836166,-62.024532,0
7.3585615,73.21389,0
13.110208,-102.197685,0
-59.076492,-75.26645,0
-148.58119,0.5219115,0
7.616454,72.67327,0
166.67148,39.83344,0
7.4979544,71.63821,0
-23.730124,-11.828691,0
51.951515,73.76135,0
40.780407,-79.51795,0
-42.291134,-107.424225,0
-135.56567,-11.455159,0
52.22456,73.770454,0
123.31191,43.743908,0
54.132484,74.57663,0
-8.986807,-65.373566,0
74.966156,17.780949,0
66.23167,-83.3978,0
-34.48766,-127.73734,0
-99.24205,-18.416965,0
73.35615,17.8261,0
108.11625,56.640556,0
66.65657,15.515074,0
6.404915,-56.58197,0
3.4314198,42.81961,0
47.17753,-58.25403,0
-89.73752,-137.91818,0
-144.7985,24.01723,0
2.30369,42.65803,0
105.20214,32.332832,0
-0.72104603,42.51088,0
-28.234358,-31.147713,0
-31.67603,23.608555,0
44.67313,-144.82556,0
-108.598,-98.476944,0
-104.96788,20.130907,0
-31.741123,23.841848,0
129.91144,66.46236,0
-32.90878,25.2328,0
-8.586033,-27.78337,0
21.897455,2.031776,0
71.39952,-118.49195,0
-94.78867,-116.44681,0
-118.64606,8.739839,0
21.504944,1.8828299,0
131.58495,34.437786,0
19.633137,1.6759745,0
-0.009044734,-30.79996,0
14.944352,56.16839,0
55.470924,-87.35665,0
-87.13193,-129.18848,0
-136.99504,24.939583,0
17.242462,53.753372,0
131.35004,49.69029,0
18.566984,52.981712,0
-25.074339,-37.85753,0
76.89241,88.94576,0
33.172432,-73.89092,0
-36.135315,-97.71722,0
-137.82518,-18.530598,0
76.79912,88.64157,0
157.26407,36.105503,0
70.715355,93.830376,0
-13.795288,-80.636795,0
74.097244,10.466158,0
72.33171,-131.7743,0
-65.55854,-148.34692,0
-105.986984,-22.081913,0
73.77096,10.7777815,0
126.95402,69.92975,0
66.43472,9.851294,0
-8.280764,-31.776028,0
30.459974,-18.56587,0
84.28793,-117.13392,0
-28.36813,-147.43697,0
-93.68215,8.03647,0
29.758778,-18.125141,0
132.8804,70.97259,0
28.004314,-14.674075,0
11.254125,-29.714363,0
32.038704,107.490974,0
45.89424,-95.0213,0
-57.986015,-108.82732,0
-147.24507,-28.418211,0
31.517092,107.641106,0
149.79233,37.126476,0
29.800798,107.02882,0
-31.446249,-63.934185,0
-15.803811,36.237675,0
56.816376,-147.26672,0
-99.977135,-131.76926,0
-145.84268,30.841599,0
-15.177473,36.637077,0
110.78053,23.53081,0
-14.851021,36.7089,0
-31.398958,-24.56986,0
22.275188,66.3099,0
12.60507,-110.113945,0
-83.12467,-124.92884,0
-141.55132,20.101793,0
22.244596,66.17798,0
174.99617,36.586796,0
21.973263,65.70132,0
-10.397112,-59.842346,0
-62.16966,38.49438,0
27.675335,-138.00107,0
-112.26918,-85.08079,0
-200.79047,-6.719861,0
-62.068676,38.86418,0
122.32018,12.61199,0
-61.973915,39.62654,0
-48.678825,-7.4899135,0
-85.0614,69.86899,0
0.49090114,-149.54022,0
-99.90632,-58.377132,0
-191.58247,20.362936,0
-84.40874,70.550835,0
180.69931,-1.4464537,0
-82.42193,71.28053,0
-77.1488,2.082064,0
-33.94965,94.49449,0
30.66171,-129.79185,0
-80.96629,-79.30837,0
-163.87984,-11.174159,0
-34.513016,94.85671,0
164.0486,-0.8215557,0
-36.873295,95.66805,0
-53.64812,-33.089005,0
-25.905766,129.4769,0
0.24132435,-105.51954,0
-62.39253,-64.32716,0
-148.65239,-11.506863,0
-25.873137,128.72115,0
176.90869,31.488953,0
-22.622358,124.27578,0
-22.600822,-3.8231533,0
64.99926,41.80399,0
58.747856,-91.5969,0
-46.514282,-120.960075,0
-116.41867,-8.227428,0
64.03369,42.2769,0
160.90346,48.75178,0
61.727947,42.13958,0
-13.283248,-52.995274,0
71.15782,40.080303,0
57.673145,-93.82172,0
-48.69519,-119.833145,0
-113.04727,-10.819903,0
71.04974,40.159027,0
103.986,49.09555,0
58.079346,40.048603,0
4.2646403,-66.93364,0
56.391594,107.59381,0
24.791592,-86.624146,0
-53.53398,-92.371475,0
-154.55292,-18.474491,0
56.381817,107.63656,0
150.83723,3.9609232,0
54.984592,106.954956,0
-29.7809,-75.848465,0
18.51472,131.68436,0
25.53764,-98.6642,0
-74.37901,-100.66987,0
-162.72386,-21.45815,0
18.41583,131.1723,0
160.58598,-12.299505,0
19.990957,129.26503,0
-44.942417,-68.48109,0
41.350273,78.4029,0
47.91193,-71.286705,0
-33.668358,-110.85762,0
-122.846245,-19.581064,0
41.60653,78.38804,0
112.254005,43.038223,0
69.631256,61.168835,0
-3.768813,-70.51783,0
48.12249,113.7559,0
20.972315,-82.07011,0
-48.671997,-89.3046,0
-145.03647,-11.514431,0
49.820827,113.04196,0
153.2516,20.813429,0
50.447002,112.329895,0
-24.718037,-81.775185,0
-56.10965,28.754118,0
41.202103,-159.31532,0
-118.5789,-91.67626,0
-182.34145,-9.368893,0
-56.58686,28.477346,0
133.80692,2.6366675,0
-58.033554,27.857622,0
-68.84726,-26.134048,0
-136.35657,84.269104,0
-21.195343,-173.06088,0
-147.7674,-73.281746,0
-169.20613,45.745667,0
-135.77667,84.40254,0
194.37408,-4.3640127,0
-133.25047,84.68169,0
-128.33597,52.237755,0
-39.18014,47.136524,0
29.972298,-150.02707,0
-98.58669,-88.78253,0
-129.76541,1.1508864,0
-39.552567,47.3181,0
126.90181,22.549507,0
-40.74825,47.961327,0
-52.75875,-16.438581,0
32.73354,76.886,0
38.11649,-99.24496,0
-64.96811,-109.97059,0
-149.33118,-39.115673,0
33.06751,76.428154,0
139.51677,-6.3526783,0
33.215706,76.14863,0
-23.855644,-62.519417,0
-33.418476,91.84404,0
32.533,-131.39961,0
-79.56458,-80.267,0
-163.64941,-9.853488,0
-33.49109,91.9072,0
131.77335,-3.3796868,0
-37.283398,93.813866,0
-51.466103,-31.54388,0
80.939606,-54.516598,0
117.08449,-94.73494,0
75.4247,-56.91684,0
-85.55983,-36.03746,0
81.26238,-55.41379,0
117.426315,103.93112,0
81.515045,-56.555927,0
79.302246,-56.923103,0
3.8972285,16.605408,0
76.88579,-134.20544,0
-71.032364,-144.06924,0
-107.35728,14.231058,0
3.6777563,16.527203,0
118.12968,78.264175,0
1.5551784,19.104092,0
-11.873204,-27.43086,0
-44.47405,72.72775,0
20.647486,-150.43745,0
-94.40749,-76.190735,0
-182.46707,3.2043793,0
-44.305325,72.54484,0
160.83461,11.032212,0
-51.372444,77.41173,0
-62.46366,-11.15266,0
5.100878,180.42993,0
111.19744,-78.728516,0
136.78006,-51.876545,0
124.83758,-25.57701,0
7.1368995,176.98293,0
73.766205,138.21628,1
8.587439,179.59729,0
8.006193,178.67357,0
-5.1343713,134.7273,0
40.48269,-126.30989,0
-67.133484,-81.40457,0
-162.54378,-0.9294503,0
-5.0594325,134.57954,0
157.5806,-5.180171,0
-1.1796504,129.91443,0
-49.383263,-40.676205,0
40.69785,-32.0361,0
100.14442,-106.47834,0
-21.036884,-128.58073,0
-118.76458,-32.70988,0
40.562164,-32.25444,0
129.73056,88.09872,0
40.40245,-32.74791,0
39.56475,-33.620014,0
-35.92915,33.645924,0
38.442642,-145.58392,0
-105.25972,-93.809265,0
-120.57413,18.041607,0
-36.085724,33.50551,0
115.59287,28.89833,0
-37.83537,35.252846,0
-46.478737,-20.408781,0
-18.999117,102.987854,0
31.044487,-118.56644,0
-77.29113,-89.486115,0
-171.59712,-11.7513,0
-19.483315,102.62109,0
150.8588,-3.679544,0
-21.05856,99.70579,0
-59.648117,-44.565567,0
13.190851,152.85233,0
118.63573,-80.422874,0
139.55681,-56.130287,0
4.0672107,158.08617,0
6.257298,159.0903,0
78.80459,137.5608,1
4.8399,158.61478,0
7.0126734,159.68803,0
-54.04956,74.84931,0
17.65353,-149.43835,0
-93.80976,-74.22777,0
-181.1792,7.851999,0
-53.79584,75.15533,0
167.64796,10.475112,0
-53.020077,77.81747,0
-64.53814,-9.510475,0
10.107185,151.79474,0
117.428,-79.48623,0
141.54163,-56.643013,0
2.8086283,150.94125,0
2.9236062,153.00229,0
80.433334,134.32019,1
3.458914,151.90205,0
3.5781002,153.97939,0
37.8126,158.4563,0
111.5617,-75.18617,0
137.81683,-64.95316,0
133.68004,-60.736095,0
35.22596,156.82565,0
70.28265,138.00082,1
36.900723,158.78488,0
37.05536,158.54263,0
-78.40028,90.743355,0
-0.85101014,-140.90833,0
-95.63086,-54.730656,0
-180.18828,13.6154585,0
-78.22758,89.732056,0
178.87215,0.039345484,0
-77.98236,87.80015,0
-71.21536,8.46554,0
-81.09357,44.737564,0
13.961551,-165.60329,0
-115.395676,-71.184654,0
-195.50053,6.4661584,0
-80.505066,45.16184,0
167.98538,-0.13145386,0
-80.2093,46.132614,0
-55.89864,3.425573,0
20.253374,-25.515352,0
85.05263,-124.78987,0
-93.12406,-106.104965,0
-132.34322,13.199443,0
20.19815,-25.481108,0
131.60963,25.644169,0
19.602407,-19.65293,0
7.5123425,-21.641705,0
16.523361,26.713678,0
35.6196,-149.67142,0
-91.84874,-114.22102,0
-119.61315,15.560705,0
16.411072,26.634497,0
136.7625,18.892714,0
13.7145,26.765345,0
-10.409565,-24.83231,0
-66.603165,39.686485,0
32.492443,-142.44327,0
-110.824165,-82.743774,0
-198.25168,0.11270013,0
-66.52777,39.998978,0
127.43154,17.528166,0
-61.58206,43.205837,0
-50.84817,-6.171277,0
24.231539,10.582011,0
55.3446,-116.62626,0
-58.378475,-151.22998,0
-111.53977,2.0572517,0
24.305008,11.441299,0
144.7199,55.669006,0
25.152353,12.754878,0
-16.857784,-40.14442,0
7.589425,44.484085,0
49.735546,-56.401745,0
-92.12751,-134.40779,0
-136.22865,31.812061,0
7.626478,44.46226,0
105.65953,24.308416,0
-1.4723666,44.69167,0
-28.020348,-25.930386,0
32.367416,96.65294,0
48.94081,-98.7173,0
-57.5391,-114.51224,0
-143.86197,-36.59018,0
32.174828,96.54898,0
133.18335,35.967487,0
29.666286,96.59769,0
-29.431246,-58.75343,0
-24.974344,126.735405,0
-1.6089264,-108.27153,0
-62.643307,-66.062065,0
-152.78311,-12.172404,0
-24.95362,126.1205,0
177.504,24.843584,0
-24.685606,124.69109,0
-25.986313,-1.5069784,0
-26.000282,19.308338,0
47.747597,-136.94728,0
-106.43561,-107.94566,0
-131.30743,4.924426,0
-26.118067,19.191328,0
124.12307,31.743906,0
-24.509592,17.348902,0
-7.7285886,-23.836857,0
41.515305,23.716976,0
65.73121,-105.26116,0
-51.267315,-133.21458,0
-102.41589,10.211129,0
42.65253,23.734676,0
119.933136,62.77087,0
43.551247,24.735552,0
-7.046647,-42.65228,0
-32.79045,119.23189,0
2.6142325,-113.76039,0
-64.729126,-68.11053,0
-154.10751,-6.9670186,0
-32.130707,119.04777,0
173.0406,25.510162,0
-29.333973,118.38138,0
-26.345007,-3.3920977,0
-35.953667,29.916721,0
39.733013,-145.44475,0
-106.217545,-95.752556,0
-124.10294,26.156021,0
-35.269527,29.910007,0
119.378494,26.730185,0
-30.14806,28.889666,0
-44.368187,-21.62207,0
19.79572,103.729645,0
37.415916,-103.2067,0
-66.824615,-109.739494,0
-158.51233,-36.972485,0
20.182346,104.12994,0
145.60007,-12.907793,0
8.692168,98.67441,0
-36.49222,-58.608883,0
-46.458454,98.25448,0
20.201107,-123.55337,0
-82.0694,-68.59652,0
-145.99252,-1.3419037,0
-46.494034,97.789764,0
162.51617,23.927313,0
-45.824787,95.32371,0
-37.164177,-12.048295,0
51.46098,19.46662,0
67.46107,-100.90124,0
-44.042587,-132.34016,0
-101.27626,-5.9150043,0
51.502438,19.475147,0
122.74892,70.98685,0
46.063812,23.099604,0
-0.62901264,-47.566742,0
6.835242,70.65291,0
14.85562,-101.521324,0
-58.80863,-77.30471,0
-150.31512,2.5077102,0
6.4162097,70.16833,0
164.77997,46.444916,0
5.896085,68.72005,0
-23.95585,-13.414444,0
63.74499,9.051134,0
71.627945,-81.28473,0
-39.456562,-124.07943,0
-110.266525,-14.448796,0
70.10173,24.225994,0
105.50783,55.2622,0
62.958824,10.831479,0
11.132696,-56.586636,0
61.62971,77.81137,0
41.419006,-70.834305,0
-31.391823,-103.99084,0
-125.863365,-17.771921,0
61.576225,77.56525,0
111.97532,37.478386,0
61.46188,75.33119,0
-4.9248595,-76.45156,0
-53.97337,127.319595,0
7.575742,-110.0735,0
-73.25711,-59.79291,0
106.97075,-33.365555,0
-49.869713,122.48787,0
175.77458,40.699196,0
-56.70135,129.06512,0
-55.275146,131.57414,0
34.988163,82.55302,0
38.598396,-90.42478,0
-59.619324,-119.621346,0
-136.74419,-32.892185,0
35.31011,83.28698,0
111.23286,43.668518,0
35.985004,85.99054,0
-20.665106,-58.131268,0
24.455095,101.11991,0
45.36189,-99.03337,0
-61.19317,-111.06777,0
-149.92061,-35.90553,0
24.578802,101.37481,0
141.72704,31.498943,0
27.308798,104.30913,0
-32.130848,-59.71172,0
1.3685716,16.8555,0
75.2838,-138.88908,0
-73.06326,-144.05421,0
-108.6605,13.213631,0
1.0654551,17.582724,0
141.20526,69.259865,0
1.572536,20.900236,0
-14.248758,-27.145315,0
-11.106495,0.12847146,0
56.60294,-133.88986,0
-113.23285,-121.86498,0
-179.27199,-23.530264,0
-10.428377,0.079957955,0
128.23589,-4.8324594,0
-9.700009,0.028052196,0
-9.760061,-14.542075,0
-52.746628,25.9163,0
42.303486,-157.43784,0
-117.648476,-93.41934,0
-183.95222,-11.208706,0
-53.283836,25.77723,0
130.25179,2.6917024,0
-53.90403,25.447342,0
-67.814674,-28.131327,0
56.1299,69.360115,0
41.845497,-77.74891,0
-40.407753,-107.63375,0
-139.09065,-11.186917,0
56.45913,69.593704,0
156.41092,35.09445,0
58.08048,69.53468,0
-10.007468,-70.19215,0
-54.527424,53.482887,0
21.904715,-145.12148,0
-103.175705,-80.69408,0
-180.60188,-6.019626,0
-54.63563,53.473774,0
125.87334,2.3685544,0
-55.779152,52.62251,0
-58.230675,-8.213122,0
80.47755,29.671694,0
49.90858,-71.79587,0
-37.72435,-122.72731,0
-114.64296,-14.737897,0
80.42181,29.89128,0
112.45093,48.033142,0
61.799385,14.703794,0
-2.8754702,-61.722054,0
25.405811,123.52924,0
29.874353,-98.28002,0
-70.93591,-103.23534,0
-161.35303,-25.145153,0
24.044458,124.17538,0
155.7058,-12.003051,0
21.295414,123.85905,0
-41.17966,-66.51987,0
13.120628,152.57626,0
118.663925,-80.15365,0
139.4783,-56.40412,0
4.086178,157.75543,0
6.4255247,158.80795,0
78.4386,137.03769,1
4.9885325,158.36778,0
7.3283625,159.64204,0
35.61324,62.893917,0
47.460968,-83.22754,0
-49.70198,-103.636536,0
-130.52538,-6.2908564,0
35.04428,63.93957,0
130.66899,35.553135,0
33.789047,65.00348,0
-13.23313,-62.732525,0
-57.103756,38.56316,0
29.101936,-140.63474,0
-109.94039,-85.18743,0
-199.18561,-3.012393,0
-57.120045,39.167786,0
126.831245,15.312321,0
-58.890217,41.60537,0
-50.86056,-8.14898,0
65.67732,64.51316,0
49.727325,-92.827576,0
-52.726902,-112.55924,0
-133.23814,-17.530052,0
65.5695,64.32917,0
117.84646,39.848885,0
65.17362,63.542812,0
-8.955407,-57.859444,0
-87.88826,93.514915,0
-5.4222436,-142.46516,0
-97.88284,-50.109005,0
-183.31468,21.374296,0
-87.63771,92.52973,0
175.13493,-6.2684183,0
-86.64281,90.77334,0
-75.69564,10.635838,0
66.741936,29.007732,0
63.115555,-92.50836,0
-44.048195,-125.21481,0
-109.31372,-9.433316,0
67.17941,29.234941,0
114.13784,57.78213,0
59.14438,31.644253,0
-2.0251987,-50.092003,0
21.200924,-24.058718,0
84.83128,-123.62652,0
-92.972084,-107.17464,0
-131.3868,13.683484,0
20.995926,-24.007376,0
129.18123,28.713999,0
20.374178,-17.986101,0
7.523679,-23.445303,0
63.144352,33.930336,0
65.97006,-93.43145,0
-46.161747,-123.95025,0
-104.76779,-10.860237,0
62.550552,33.8982,0
120.51571,59.32743,0
60.665676,34.538048,0
-3.6328459,-49.965057,0
16.164864,124.03072,0
28.283716,-101.20562,0
-74.5328,-104.12816,0
-164.6941,-24.715818,0
16.63418,124.13423,0
151.13266,-13.248884,0
17.427773,125.898476,0
-45.201714,-64.186745,0
-115.558586,98.44521,0
-10.944999,-165.40207,0
-141.79,-74.518234,0
-174.06111,32.751328,0
-115.71056,97.76624,0
194.50151,-0.7469667,0
-115.841255,96.42951,0
-118.93749,61.443157,0
-34.361053,99.00159,0
29.095297,-128.77977,0
-83.14489,-79.13416,0
-176.981,-6.467999,0
-34.9237,99.0199,0
163.1262,-2.997933,0
-37.535686,98.6332,0
-55.440914,-33.31269,0
49.072277,38.162113,0
52.455734,-100.56162,0
-59.34919,-124.192825,0
-118.78114,-12.188544,0
49.180458,38.098656,0
138.23251,43.768677,0
47.259636,38.658714,0
-18.064837,-52.25236,0
-54.312916,73.104416,0
15.863896,-149.34116,0
-96.23496,-72.86307,0
-181.40137,9.1292305,0
-54.532578,72.53849,0
166.25748,10.679686,0
-55.047512,71.38361,0
-65.89177,-8.287741,0
14.799942,22.371725,0
69.88734,-136.98204,0
-74.764206,-147.19614,0
-118.524,16.683014,0
14.834532,22.37982,0
123.05656,54.221577,0
9.997184,23.881865,0
-12.490641,-33.18785,0
45.83998,74.716324,0
46.65719,-79.29934,0
-39.88695,-104.828964,0
-137.55696,-1.512376,0
46.015736,74.16011,0
158.80995,38.159275,0
46.287334,72.40009,0
-12.595369,-66.46088,0
-37.00869,119.618034,0
-1.6299356,-114.548935,0
-69.17669,-66.04865,0
-155.82207,-10.81755,0
-37.670994,119.24822,0
178.41359,24.358202,0
-38.326405,118.55065,0
-27.843826,1.8302765,0
-15.863305,32.088306,0
62.81062,-141.79562,0
-93.92677,-129.9431,0
-135.70377,27.119452,0
-15.657416,31.994183,0
114.32183,26.321152,0
-15.143965,31.439903,0
-30.696127,-21.919302,0
14.240544,153.64351,0
118.95155,-79.195305,0
138.14882,-54.321457,0
5.1184063,161.55827,0
7.010008,162.32364,0
78.5775,139.05025,1
5.352235,161.57805,0
7.5761914,162.37682,0
4.4024653,72.276405,0
14.556778,-103.612724,0
-60.931206,-76.255196,0
-152.7221,0.99459183,0
4.2461553,71.40935,0
166.2321,39.150764,0
3.9964805,69.93507,0
-25.819098,-12.425848,0
-91.83677,80.81328,0
-4.118187,-148.08554,0
-102.624626,-52.491283,0
-187.47191,20.182161,0
-91.54139,80.91652,0
171.95544,-4.2149863,0
-85.19243,83.19939,0
-77.98969,5.491759,0
31.520788,106.22666,0
45.582264,-96.47882,0
-57.97233,-110.15335,0
-147.47086,-28.866018,0
31.165886,105.91014,0
131.39665,-15.447363,0
30.069263,105.84037,0
-31.332281,-62.609344,0
-34.784805,90.651,0
30.927933,-131.52335,0
-80.27246,-77.49223,0
-160.82426,-9.683225,0
-36.070946,91.30604,0
133.38477,16.594429,0
-38.723602,94.34791,0
-52.645428,-31.269804,0
32.595634,105.59414,0
47.809967,-94.661064,0
-56.019363,-110.97844,0
-126.99733,-30.11473,0
32.66942,105.1388,0
137.18771,32.067505,0
32.441772,103.76699,0
-29.462029,-63.653767,0
16.449434,14.679265,0
70.06865,-131.64435,0
-65.20106,-146.31921,0
-105.42763,-0.32797843,0
16.533417,14.580834,0
128.33514,53.963116,0
11.334723,20.702072,0
-44.80472,-19.199913,0
-76.88183,127.64148,0
13.328663,-113.133064,0
108.72646,-42.555878,0
-84.235954,128.6022,0
-78.28236,127.78701,0
101.727234,117.007095,1
-78.598495,127.59311,0
-79.37754,128.76868,0
-66.84937,54.042732,0
17.557095,-141.74158,0
-107.57963,-75.522385,0
-192.33739,4.3614984,0
-67.24708,53.95863,0
171.56226,5.743303,0
-67.97845,54.445736,0
-58.9934,-2.0986238,0
-1.1546544,28.046661,0
72.95089,-140.67357,0
-75.626236,-145.06213,0
-113.37636,20.993814,0
-1.0706773,27.429329,0
141.29784,66.03854,0
-0.35265106,24.449379,0
-16.818201,-26.581865,0
9.518129,86.35352,0
42.72472,-108.74009,0
-72.85254,-117.11842,0
-158.43898,-41.368656,0
9.210641,86.438,0
142.36627,-10.269444,0
8.352158,86.308266,0
-28.980085,-49.114334,0
-65.524,147.33284,0
99.27758,-87.18105,0
116.476364,-39.706867,0
105.030365,-39.11019,0
-67.84243,146.90414,0
95.13825,121.72654,1
-69.19915,149.7826,0
-68.397156,148.89914,0
81.29392,21.210058,0
63.95337,-79.42046,0
-33.84576,-121.57568,0
-113.577324,-20.015293,0
80.73667,21.603931,0
109.09323,53.22624,0
62.590992,58.654503,0
3.7423406,-62.209618,0
-1.3448625,31.67214,0
70.632195,-141.50677,0
-77.74251,-146.06389,0
-119.25821,23.656527,0
-1.5876669,31.3974,0
103.372314,21.68667,0
1.1547501,24.12538,0
-19.338156,-26.548296,0
35.62358,99.98299,0
52.532364,-93.908714,0
-52.203056,-114.80052,0
-114.610634,-7.501524,0
34.895084,100.27866,0
148.92969,39.459904,0
34.569862,100.80946,0
-10.684141,-54.640694,0
-38.102833,89.507645,0
15.510731,-132.31783,0
-78.318825,-76.24982,0
-160.17453,-7.869108,0
-38.555744,90.07535,0
183.42761,18.441078,0
-39.578632,90.77612,0
-33.30482,-4.480066,0
6.7039905,173.80344,0
112.48544,-78.29553,0
136.80621,-51.126896,0
120.71321,-52.583424,0
6.993198,174.87796,0
75.41097,139.18867,1
7.5729833,174.10994,0
7.388071,174.58287,0
21.462585,-25.568716,0
84.48756,-124.49366,0
-92.59177,-106.50884,0
-141.4778,10.062251,0
21.478193,-25.422228,0
131.98544,26.808626,0
20.466661,-19.273836,0
7.011676,-22.228537,0
82.65356,-17.715685,0
0.0060303733,-114.92152,0
-76.90412,-51.561054,0
119.25886,-55.0237,0
82.51049,-10.9403,0
179.17357,54.661674,0
81.62305,-23.930592,0
80.64584,-21.649939,0
23.154325,25.192862,0
72.63279,-88.22493,0
-58.889534,-144.19342,0
-106.66446,-1.2175511,0
22.489271,24.699371,0
110.79974,64.10745,0
23.202976,23.219936,0
1.5038615,-50.272152,0
15.466263,127.72442,0
26.831236,-101.08242,0
-75.429756,-103.14867,0
-165.78778,-22.680733,0
15.813091,127.680176,0
153.50726,-15.89423,0
17.169317,126.95381,0
-46.34544,-65.1363,0
-45.585976,36.549232,0
35.048363,-144.22914,0
-106.3641,-90.490074,0
-126.36171,23.054134,0
-45.331375,36.553284,0
119.97708,27.165209,0
-43.236675,37.877186,0
-48.18122,-17.72531,0
69.32473,103.21997,0
27.829151,-75.5918,0
-39.839443,-92.92253,0
-137.2055,-14.854785,0
69.368095,103.292885,0
161.85275,30.395382,0
70.88444,106.95978,0
-17.52712,-82.16731,0
62.203896,-53.80976,0
97.86412,-84.54367,0
55.346943,-49.840843,0
-83.945,-17.513453,0
61.479145,-53.55276,0
114.01452,88.12021,0
60.454575,-52.82379,0
58.061016,-51.783813,0
2.9380274,176.79362,0
108.32439,-79.45309,0
138.20952,-50.83642,0
123.57262,-25.903734,0
4.6869993,174.29112,0
81.03533,140.89238,1
3.6014066,175.71913,0
4.2355776,175.30115,0
-8.326476,113.56149,0
39.58475,-117.25108,0
-69.530136,-91.68404,0
-167.61942,-34.07997,0
-8.627564,114.37312,0
152.06264,-7.144019,0
-9.135055,115.51745,0
-43.863106,-50.326077,0
65.18093,114.663124,0
26.217026,-72.82712,0
-38.107746,-90.77776,0
-157.62747,-19.007557,0
65.22419,114.146034,0
169.05891,27.210222,0
65.126625,113.60399,0
-16.863817,-84.61025,0
-8.713001,-8.126069,0
61.245983,-133.75215,0
-115.43699,-117.59177,0
-175.27899,-5.7603626,0
-8.634413,-8.246793,0
129.61118,-9.618116,0
-5.5655446,-6.5512147,0
-6.4894147,-10.91296,0
-116.50251,89.93536,0
-13.617959,-169.23723,0
-144.92056,-69.29258,0
-172.75879,35.420162,0
-116.86272,90.13965,0
192.8349,-4.904747,0
-117.47238,90.78947,0
-121.89672,58.281223,0
-120.94449,69.80937,0
-15.004752,-165.63095,0
-144.10413,-78.32011,0
-161.8619,32.52333,0
-121.1784,69.379776,0
194.66759,4.8874426,0
-121.3429,69.1878,0
-123.58042,62.05533,0
27.758688,40.012924,0
54.730335,-113.510704,0
-64.43799,-130.18697,0
-117.3003,4.6471868,0
27.940914,39.493744,0
138.5532,53.599712,0
29.468847,37.74193,0
-18.66586,-45.113422,0
-64.01164,75.84159,0
12.542338,-138.6457,0
-106.83346,-66.938484,0
-187.79372,4.946142,0
-66.682884,78.10884,0
170.65062,10.788953,0
-66.43323,77.31519,0
-62.089027,1.3915075,0
-87.08843,93.890884,0
-5.0988216,-142.07527,0
-97.321884,-50.265797,0
-183.023,19.1339,0
-86.909096,92.774574,0
176.28502,-5.3689957,0
-86.4492,91.10382,0
-75.21444,10.781876,0
-85.08915,69.50295,0
0.6556554,-149.55371,0
-99.62233,-58.333515,0
-191.14058,19.522593,0
-84.21656,69.953156,0
177.60199,-4.078775,0
-82.35967,70.84942,0
-77.1093,2.2465513,0
9.750014,93.80323,0
37.32536,-105.81333,0
-71.39361,-111.5814,0
-167.2745,-32.65005,0
9.320924,94.626884,0
141.81796,-14.38844,0
8.5522785,96.428894,0
-39.448387,-55.75833,0
68.65193,50.37338,0
50.494038,-74.42238,0
-35.57592,-114.37998,0
-113.69902,-19.38673,0
68.76604,50.203236,0
159.77296,37.88952,0
64.94237,58.34018,0
0.9113344,-63.741066,0
36.087334,4.3893523,0
77.15668,-132.97269,0
-51.6189,-156.33641,0
-97.22102,-0.029836303,0
36.01319,4.2969112,0
119.77052,79.37447,0
53.7257,-2.6338706,0
-4.686258,-35.381752,0
-11.97613,47.796555,0
40.162605,-59.52343,0
-100.040634,-137.55122,0
-150.93527,23.482136,0
-12.436098,48.298733,0
143.76534,18.06076,0
-13.267179,49.634754,0
-36.77194,-27.518444,0
30.178957,55.75675,0
23.10974,-116.247734,0
-52.84824,-102.404144,0
-119.06358,28.834904,0
1.5851672,35.294224,0
143.25124,8.137153,0
30.407402,65.8403,0
-35.121555,-41.646545,0
81.11431,79.868484,0
35.270866,-68.08669,0
-30.137676,-98.23551,0
-136.55275,-22.337107,0
81.2982,79.98469,0
163.8269,36.43505,0
71.11738,87.36367,0
-7.3563557,-82.55925,0
-1.4592595,29.827883,0
72.67249,-142.75626,0
-77.10283,-143.94893,0
-115.35785,22.271137,0
-1.8593103,29.554323,0
145.30397,67.384796,0
-2.2872539,23.212479,0
-18.109379,-24.608156,0
-5.077822,25.969202,0
74.76758,-141.30553,0
-74.764015,-143.3484,0
-110.73308,23.68115,0
-5.196261,25.575338,0
144.8733,65.10445,0
-1.3572208,21.892994,0
-15.662631,-25.026752,0
-123.783775,76.91699,0
-15.115005,-171.73796,0
-153.35153,-70.570984,0
-167.51979,40.05127,0
-123.89059,76.95377,0
196.15262,-2.540855,0
-124.76697,76.897194,0
-122.26514,55.10728,0
49.757618,66.344055,0
45.829308,-77.40988,0
-36.741264,-107.38759,0
-128.76697,-17.297626,0
49.782677,66.92281,0
125.36705,41.427223,0
50.060474,67.92913,0
-8.208906,-72.02711,0
-62.54934,24.152878,0
43.19139,-160.70946,0
-120.86251,-92.40063,0
-183.00082,-6.529868,0
-62.000534,25.310774,0
158.79144,1.7532761,0
-60.034737,26.051685,0
-71.173256,-27.356657,0
-41.525356,32.802505,0
36.990055,-145.55603,0
-105.10008,-92.50056,0
-123.90528,19.839329,0
-41.416897,33.91059,0
127.268715,18.608076,0
-40.957134,34.945545,0
-47.79462,-20.559528,0
-32.090755,158.94382,0
102.4573,-86.62675,0
134.94926,-39.520107,0
119.29701,-27.508484,0
-31.964966,156.1216,0
92.217476,131.35422,1
-31.970562,152.8465,0
-31.352655,154.14757,0
-78.52982,31.482035,0
15.469105,-173.8425,0
-122.31561,-73.99514,0
-204.47507,4.9895535,0
-78.71255,31.400639,0
118.23921,8.773707,0
-84.63089,31.888033,0
-47.915466,4.9253955,0
10.991108,-13.218443,0
91.86245,-96.62467,0
-22.846992,-140.34534,0
-95.02747,14.651798,0
10.733275,-13.43617,0
129.34071,78.77731,0
10.691839,-13.829231,0
9.403345,-15.006817,0
-71.16963,58.200386,0
7.733103,-150.9328,0
-105.144356,-72.81414,0
-187.06845,-2.1284506,0
-71.25403,58.62727,0
165.5932,1.0254114,0
-71.56291,59.586967,0
-72.70316,-3.3779888,0
-55.471546,121.99034,0
12.851137,-138.00273,0
-103.55623,-68.84539,0
108.47697,-29.462973,0
-54.01383,120.01925,0
168.77832,16.759974,0
-57.757965,123.73019,0
-60.289837,122.65046,0
3.9946172,42.11218,0
73.15366,-70.20502,0
-88.57497,-137.42921,0
-144.62973,25.43546,0
2.8331683,42.265812,0
105.863,32.779892,0
1.0898644,41.994446,0
-26.639048,-30.685211,0
-71.33075,83.24122,0
6.007194,-139.36563,0
-107.58875,-61.191917,0
-189.03555,11.511406,0
-71.90577,83.39432,0
178.10332,9.767583,0
-73.25361,83.662094,0
-66.43449,5.64522,0
-7.852178,74.21122,0
33.10372,-55.31266,0
-83.20747,-116.51538,0
-159.59822,17.52335,0
-8.461886,74.04772,0
138.89882,13.192475,0
-9.625817,73.66374,0
-40.82309,-38.582966,0
-51.265205,47.007095,0
26.604864,-144.44629,0
-106.2024,-83.027306,0
-190.42476,-1.5928061,0
-54.972237,47.69696,0
133.60799,13.046291,0
-57.0205,47.33204,0
-54.922867,-8.077308,0
36.86315,21.614326,0
58.03026,-108.267334,0
-75.794556,-122.91367,0
-111.24568,14.837305,0
36.84673,21.421537,0
135.66614,56.618767,0
16.350117,46.210133,0
-6.9438643,-38.04744,0
-137.30542,81.92891,0
-20.582787,-173.19302,0
-148.58487,-73.3475,0
-168.41605,44.605816,0
-136.60326,81.79967,0
196.71625,-9.559984,0
-132.57431,83.88198,0
-128.49377,52.922894,0
37.35582,67.22438,0
43.918777,-84.854416,0
-47.398273,-104.409355,0
-133.82932,-6.458318,0
36.512627,67.48887,0
128.63344,41.24296,0
34.147232,68.24966,0
-15.080162,-65.473816,0
0.26288894,62.36596,0
38.47251,-58.79165,0
-98.62919,-139.08127,0
-149.91518,16.061743,0
0.3315367,62.683506,0
113.93636,31.99457,0
0.5211353,63.109306,0
-34.071293,-36.25632,0
54.00253,6.3033767,0
73.56853,-97.577324,0
-38.116394,-134.06873,0
-103.92441,-19.754839,0
54.127678,6.3593583,0
105.07143,51.67972,0
49.215454,11.049762,0
6.684489,-47.107872,0
64.99671,50.087727,0
53.906075,-75.61328,0
-36.47581,-117.13977,0
-109.79518,-15.0932865,0
64.54848,50.403896,0
118.80633,47.560337,0
61.899693,57.02693,0
-1.8458589,-64.52823,0
58.760754,10.038222,0
66.01556,-95.6444,0
-43.51381,-128.91092,0
-99.87117,-22.49415,0
58.55238,10.359982,0
115.520966,60.66197,0
60.314877,13.198018,0
-3.2137413,-51.113087,0
82.37593,95.43115,0
30.670881,-68.942375,0
-32.957592,-94.00893,0
-143.30168,-19.011951,0
82.65704,96.23845,0
162.5268,34.693203,0
77.1235,98.89445,0
-11.750389,-84.40441,0
42.91185,41.59136,0
53.81939,-103.37315,0
-63.494667,-123.580795,0
-114.62196,9.8139,0
42.776833,42.187786,0
143.35767,46.401352,0
42.806885,43.398827,0
-21.322783,-52.313232,0
9.286068,72.76615,0
13.475891,-101.53097,0
-58.182404,-75.95367,0
-149.59,2.4506137,0
8.680476,72.61056,0
164.99706,43.7073,0
8.084013,71.98581,0
-23.47323,-12.329211,0
-4.0822067,68.201775,0
33.877087,-58.701202,0
-86.44204,-123.67858,0
-159.99995,-26.829748,0
-3.8149414,68.15474,0
167.9173,20.642595,0
-3.480636,67.673935,0
-37.654987,-39.018158,0
-121.81231,84.537766,0
-15.227411,-175.76428,0
-147.36833,-67.8194,0
-171.7026,40.15513,0
-121.787605,84.57672,0
189.84492,-10.381694,0
-127.49452,84.201706,0
-121.220566,51.18177,0
-77.816154,75.31955,0
4.875474,-144.15335,0
-103.372375,-59.579212,0
-190.36758,15.615637,0
-77.90553,75.7202,0
180.4609,7.6241546,0
-77.67117,77.3397,0
-69.527,2.254193,0
27.08009,81.63646,0
39.178528,-94.938446,0
-64.159515,-119.59872,0
-155.5711,-32.951107,0
26.992777,81.85319,0
145.04897,45.866955,0
25.33658,86.45039,0
-24.718414,-54.96908,0
-68.67239,73.07554,0
13.211943,-139.03105,0
-108.663765,-67.36276,0
-193.80467,7.9071994,0
-68.136406,74.43521,0
175.11305,9.9242325,0
-67.464836,75.08381,0
-60.484085,1.1502283,0
27.082184,57.996735,0
49.815655,-84.25915,0
-49.543606,-108.84913,0
-135.96228,23.022835,0
26.461872,58.324863,0
159.55406,44.708527,0
25.79223,58.539993,0
-12.829092,-61.308178,0
-32.66677,123.39258,0
2.0845046,-111.1879,0
-63.984013,-66.19675,0
-150.74658,-6.7164173,0
-32.120003,123.62233,0
167.70349,31.98342,0
-26.22189,119.91384,0
-24.513817,-3.0998912,0
23.15889,44.527985,0
57.697395,-107.664696,0
-76.494995,-123.48437,0
-108.41011,9.23911,0
35.614784,22.501186,0
141.86989,72.03224,0
18.939795,47.645916,0
-24.658699,-42.67892,0
-10.624588,126.83238,0
41.324932,-124.559525,0
-65.76807,-82.0682,0
-156.76196,11.260672,0
-10.212809,126.58039,0
142.26973,7.1228876,0
-2.1696265,126.413414,0
-48.231197,-40.420956,0
-32.79329,96.868454,0
30.786484,-128.62599,0
-81.812355,-78.47339,0
-162.27736,-11.773963,0
-33.08792,97.06908,0
161.13547,-1.2030416,0
-38.573387,95.819916,0
-53.82892,-32.443024,0
-40.570847,31.80488,0
38.911762,-143.79407,0
-107.40091,-94.76875,0
-123.64384,21.798992,0
-40.46554,32.91102,0
126.324135,55.7364,0
-40.360806,34.269325,0
-45.487568,-18.68989,0
-50.152077,136.62112,0
-2.8436956,-119.78628,0
-67.30091,-59.075336,0
112.48945,-20.001526,0
-48.628952,136.74257,0
177.0205,38.24045,0
-50.14676,136.52492,0
-50.249733,136.45024,0
-33.04242,126.96302,0
1.255586,-110.00132,0
-64.79846,-64.3102,0
-150.78236,-9.430359,0
-33.176903,126.55427,0
170.07034,29.480072,0
-25.46422,120.73236,0
-24.061356,-1.6443102,0
-13.111752,100.98804,0
33.712246,-115.63224,0
-75.49715,-92.486374,0
-170.65674,-8.000554,0
-13.379488,100.37228,0
146.35628,-2.0588424,0
-15.347325,98.740776,0
-57.515423,-48.019245,0
-64.64627,69.24366,0
10.90393,-146.42645,0
-98.81329,-67.87617,0
-184.87341,15.351658,0
-64.78525,71.11397,0
181.52982,5.894524,0
-62.875126,71.5773,0
-67.08274,-1.6349996,0
41.591263,68.72185,0
44.992615,-82.9071,0
-45.117134,-106.321724,0
-132.353,-7.8450665,0
42.10015,68.807175,0
124.39033,46.462013,0
43.30471,67.326836,0
-17.50902,-68.01868,0
-67.20644,144.2346,0
98.48645,-89.26551,0
115.95528,-39.85782,0
104.537796,-37.839752,0
-68.9987,145.31372,0
96.25591,121.26376,1
-70.99875,146.35728,0
-70.57315,145.42157,0
18.022537,56.54014,0
55.75913,-85.20981,0
-86.56987,-131.262,0
-138.68484,26.000725,0
18.256641,56.63251,0
104.06396,30.38168,0
21.027035,56.1599,0
-26.184896,-35.133793,0
71.415215,35.30516,0
59.17003,-95.125885,0
-50.238953,-122.69926,0
-111.20922,-6.389044,0
71.78086,35.7167,0
108.31864,48.52055,0
57.290146,35.33621,0
-8.06149,-51.337673,0
-0.36312294,-5.5379143,0
60.41337,-130.58392,0
-111.68639,-116.72936,0
-140.20271,10.753529,0
-0.6186976,-4.9953003,0
124.993576,-9.326615,0
-0.9535757,-1.9006256,0
-4.0574903,-14.10534,0
-64.141716,149.45428,0
100.15958,-84.5816,0
122.82962,-40.11252,0
105.66725,-37.65286,0
-65.63255,149.7719,0
93.91856,122.303635,1
-66.172386,153.3902,0
-66.379196,151.52858,0
-3.9206865,54.44861,0
43.295326,-59.192947,0
-92.88093,-143.61476,0
-150.08232,21.043259,0
-4.2968426,54.234764,0
140.55618,16.618422,0
-8.784541,51.67904,0
-34.7946,-29.273098,0
-19.78673,104.88342,0
30.173681,-118.39683,0
-76.89245,-88.660446,0
-171.95695,-10.943415,0
-19.746223,104.343346,0
153.06987,-4.1298337,0
-21.949455,99.58848,0
-59.0793,-44.120964,0
18.13127,-11.918497,0
89.22475,-119.15682,0
-95.5573,-126.196396,0
-133.33926,24.53006,0
17.661673,-12.446161,0
111.29536,20.857553,0
17.368208,-13.172235,0
-30.521196,-20.57231,0
-40.28812,83.97678,0
13.777013,-128.74628,0
-78.01309,-74.193596,0
-176.69771,9.748382,0
-40.351337,84.33115,0
164.24876,19.79306,0
-40.452663,84.62616,0
-33.467922,-6.2530017,0
-3.9255145,111.04817,0
41.62375,-117.04817,0
-67.71159,-91.4849,0
-161.3271,8.972073,0
-3.9701295,111.174835,0
146.59563,1.5132887,0
0.08166165,109.062386,0
-43.468708,-47.289227,0
15.851091,102.43669,0
35.564617,-103.03062,0
-70.15499,-108.29393,0
-163.64336,-28.257698,0
16.23218,102.28678,0
140.22455,4.812337,0
8.334862,99.76653,0
-40.01595,-61.03392,0
31.614393,99.609634,0
51.29736,-96.37021,0
-55.936474,-113.53194,0
-132.04579,-35.94637,0
31.512274,99.79431,0
138.25609,35.953537,0
19.791592,98.06965,0
-29.01,-61.283382,0
58.26003,81.62552,0
35.024296,-82.4407,0
-43.08637,-99.613304,0
-139.63855,-28.896776,0
58.487133,81.88038,0
139.78067,37.948723,0
55.03766,86.66554,0
-20.671392,-71.0191,0
-88.0075,75.87154,0
-0.2206518,-146.4289,0
-100.83439,-55.92145,0
-187.44783,18.111307,0
-85.262535,76.70103,0
174.84467,-0.78500414,0
-81.20326,81.2572,0
-73.82286,3.7069807,0
-73.95895,58.228752,0
6.883086,-151.56656,0
-106.34811,-73.07708,0
-187.5939,-3.4500053,0
-73.88358,58.49404,0
167.30402,4.7495127,0
-73.98389,58.926773,0
-73.25812,-4.6314125,0
20.110125,-7.005963,0
72.9465,-121.40749,0
-96.88018,-115.83032,0
-97.75042,13.904454,0
19.889698,-6.7605753,0
122.0542,28.80267,0
19.79418,-5.546216,0
2.4946797,-27.977892,0
-42.740063,75.037224,0
20.65661,-150.89375,0
-92.75105,-74.71577,0
-179.99251,7.456891,0
-42.947765,75.24995,0
174.52663,11.907098,0
-50.784626,79.591515,0
-64.71528,-11.087019,0
70.47419,25.328989,0
65.80596,-89.314705,0
-40.88215,-125.46749,0
-111.60437,-17.825552,0
70.45075,24.905155,0
113.29176,60.30316,0
62.72968,19.606947,0
1.2628366,-54.29365,0
-23.980814,128.85497,0
2.0321941,-105.10906,0
-62.055126,-65.25528,0
-151.07494,-11.423388,0
-24.234816,128.581,0
175.53516,30.331535,0
-25.145546,121.010796,0
-23.429962,-2.743607,0
17.338608,-22.806095,0
86.75288,-124.62836,0
-95.04196,-106.76395,0
-133.15355,13.88926,0
17.267511,-21.970089,0
129.65779,25.310638,0
16.637243,-18.955603,0
9.052751,-21.50597,0
51.266983,47.000744,0
57.795784,-77.9881,0
-53.69732,-138.04718,0
-120.601135,-7.4216914,0
51.225574,47.05766,0
96.90979,39.828194,0
44.941086,58.906975,0
10.092969,-64.455246,0
15.249176,152.44678,0
118.7481,-79.11316,0
137.11555,-55.119846,0
10.623593,158.10011,0
10.072089,160.08353,0
76.70037,138.94022,1
10.61796,158.42702,0
10.130867,160.34462,0
25.2052,24.831167,0
72.63939,-86.811485,0
-59.23813,-143.29547,0
-108.73109,-2.5497012,0
25.586563,24.790262,0
124.54935,48.65156,0
28.49023,24.89672,0
1.2012614,-51.661285,0
31.235752,109.26293,0
44.93833,-94.91492,0
-58.052235,-107.48977,0
-147.27145,-30.388813,0
30.83011,109.26423,0
153.38039,37.63377,0
28.942892,109.47799,0
-33.019226,-63.698708,0
39.698517,-1.6256539,0
75.34545,-105.254135,0
-36.860226,-139.55331,0
-93.69119,-1.8203093,0
39.566074,-1.0908673,0
117.71973,66.634094,0
40.15246,0.5384002,0
4.402758,-46.13794,0
9.809257,113.28083,0
47.350643,-112.51598,0
-60.14188,-103.466606,0
-145.46344,-32.572884,0
9.718155,112.90524,0
145.69499,21.957144,0
9.7050905,112.390076,0
-36.158516,-49.433884,0
-2.3135297,30.4753,0
71.671196,-142.42064,0
-77.656746,-144.50693,0
-114.36741,22.635487,0
-2.5622854,30.211807,0
150.63022,64.81124,0
-1.4997617,24.084152,0
-18.658884,-25.544497,0
47.00207,104.36299,0
25.569021,-83.119804,0
-50.23036,-94.15671,0
-152.47829,-18.431093,0
48.32915,104.32027,0
151.08484,22.358,0
50.816315,105.75961,0
-26.220861,-76.49405,0
61.964775,26.511663,0
64.36241,-97.61286,0
-46.299667,-128.15698,0
-104.36383,-5.887772,0
61.75982,26.633018,0
117.751434,60.789608,0
44.24352,25.940823,0
-6.899298,-40.786522,0
14.979015,125.3314,0
27.476122,-101.588455,0
-75.47988,-104.157295,0
-165.32733,-24.148144,0
15.9173355,125.542786,0
152.05188,-13.760335,0
16.855085,125.86494,0
-46.188427,-64.51719,0
6.5673842,19.489788,0
72.95785,-135.55672,0
-69.67732,-147.25153,0
-117.72559,20.280758,0
6.5122523,19.46036,0
131.04262,63.896027,0
7.718675,19.35707,0
-10.744509,-31.459528,0
-43.554276,30.663227,0
38.469105,-142.31796,0
-106.15062,-95.05556,0
-120.435814,22.335485,0
-43.708168,31.185444,0
120.75997,28.428272,0
-39.39228,37.0408,0
-46.41337,-18.358381,0
-6.4873147,63.812275,0
38.290356,-54.46414,0
-98.68889,-143.74013,0
-154.90958,16.313753,0
-6.55182,63.70283,0
144.84305,15.646665,0
-13.159193,57.360634,0
-38.36272,-33.77466,0
46.323647,83.144585,0
31.224201,-80.55288,0
-45.791355,-87.647995,0
-143.9194,-9.282122,0
46.5799,83.06748,0
150.84532,34.647823,0
47.29835,82.58667,0
-13.945443,-75.26678,0
35.4457,58.904663,0
27.386724,-84.746254,0
-50.587685,-98.293785,0
-127.39245,-2.102867,0
35.662678,58.448128,0
136.65137,27.749323,0
37.188393,57.93287,0
-24.600882,-74.695816,0
-112.39733,75.4708,0
-8.112272,-174.14262,0
-140.3784,-64.735146,0
-167.26843,34.089455,0
-112.510826,75.67348,0
193.50317,2.790378,0
-109.48519,82.24106,0
-113.678,55.415462,0
-72.22924,77.167694,0
11.192508,-136.68849,0
-109.3858,-65.41109,0
-189.09862,4.392141,0
-72.19518,76.93405,0
175.14835,12.731809,0
-69.71458,75.370094,0
-64.21361,1.9547737,0
-7.255742,166.34113,0
107.36905,-78.48923,0
135.0456,-41.110344,0
130.52792,-61.586697,0
-7.5844817,155.03679,0
84.381386,135.53165,1
-9.13048,169.01099,0
-8.573894,168.73859,0
81.14811,-54.12924,0
116.98289,-94.5997,0
75.22133,-56.91226,0
-86.085,-36.71121,0
81.41872,-55.084938,0
117.298386,104.058784,0
81.91899,-56.116165,0
78.847725,-56.786896,0
35.605125,58.35447,0
27.480478,-84.317215,0
-50.548573,-97.38011,0
-128.75632,-4.068967,0
35.825565,58.047764,0
146.2006,23.463428,0
37.2896,59.205772,0
-24.186203,-75.26757,0
-7.5248585,-0.030050825,0
58.137897,-131.95772,0
-112.15418,-119.43787,0
-145.26923,13.43963,0
-7.24563,0.01329922,0
138.05197,48.741943,0
-4.623089,-1.5580593,0
-8.588311,-14.4097,0
62.33675,119.08509,0
22.433304,-91.699455,0
-57.81648,-89.13062,0
-164.32022,-17.424088,0
61.786514,118.82342,0
152.00719,1.3255222,0
60.413982,118.453354,0
-35.28087,-76.39135,0
-8.572127,-6.761434,0
60.451283,-133.83215,0
-114.92459,-118.17041,0
-165.14058,20.33255,0
-7.898463,-6.75527,0
129.1788,-9.341371,0
-6.3393507,-5.9250937,0
-7.119884,-11.544825,0
-41.10064,69.80509,0
24.126211,-154.36891,0
-94.36642,-79.864426,0
-173.75386,8.006071,0
-41.013924,69.64055,0
161.0277,12.387263,0
-40.287014,69.14098,0
-62.164913,-15.606472,0
33.874928,107.97011,0
46.70986,-93.77037,0
-56.57291,-108.838875,0
-130.83282,-30.21968,0
33.653534,107.991035,0
148.75333,32.138123,0
34.069126,106.733505,0
-30.89788,-64.98108,0
-67.66901,80.4427,0
9.668545,-137.30498,0
-107.26074,-65.80727,0
-186.65392,6.800826,0
-67.17487,80.17706,0
174.74286,14.819672,0
-64.7538,77.88898,0
-62.62969,3.2479322,0
3.6438134,28.350597,0
70.48005,-139.0107,0
-74.88904,-148.31873,0
-112.681404,19.389194,0
4.1197615,28.587208,0
140.25449,67.74145,0
4.722545,28.648104,0
-17.766886,-29.177502,0
-78.12637,66.667145,0
6.3051395,-144.88083,0
-97.253494,-63.00095,0
-182.00815,13.512139,0
-78.16984,66.88175,0
172.29913,14.076544,0
-50.133514,88.58209,0
-43.25547,-8.22921,0
11.876341,99.97436,0
35.27974,-103.71388,0
-70.51191,-108.52402,0
-164.59532,-30.817621,0
9.702321,100.47846,0
151.32803,-17.346313,0
8.898319,100.08208,0
-40.90527,-60.164093,0
90.6601,-17.373756,0
12.101597,-135.02281,0
-79.50726,-50.601635,0
122.802574,-57.846992,0
86.32671,-10.450207,0
177.41663,56.865547,0
91.51721,-19.252064,0
91.04387,-18.951439,0
27.704681,128.27682,0
29.816225,-96.89745,0
-70.03417,-101.887985,0
-158.33946,-23.22907,0
27.686222,128.85625,0
155.64888,-12.956435,0
23.823858,130.61243,0
-40.280834,-67.46833,0
74.64267,52.435467,0
53.70571,-70.525185,0
-31.844378,-116.49495,0
-112.591255,-13.706644,0
73.74249,52.379288,0
106.85765,47.275036,0
73.21829,59.370785,0
1.8366805,-67.97467,0
35.307636,15.637743,0
82.43107,-87.562004,0
-54.929596,-155.74992,0
-100.93371,4.448778,0
35.166065,15.824009,0
125.44475,79.183945,0
29.607649,17.436014,0
21.197569,-44.679115,0
31.099577,109.85636,0
44.696407,-95.02321,0
-58.50054,-107.44276,0
-149.79529,-27.123167,0
30.493504,110.00443,0
144.56763,34.162388,0
28.830788,109.70244,0
-33.414196,-63.486214,0
-69.13162,78.02151,0
10.784176,-138.8205,0
-108.53338,-66.58984,0
-191.61401,7.075823,0
-69.04941,77.7455,0
175.65456,9.499432,0
-67.39332,75.91752,0
-60.831135,1.4502207,0
-32.06161,127.35753,0
0.97566324,-110.22858,0
-65.40226,-63.927727,0
-151.88156,-9.198981,0
-31.631794,127.25963,0
177.53561,27.154434,0
-25.608137,121.677124,0
-24.090141,-0.36287284,0
-3.7170765,123.16996,0
41.531925,-123.12399,0
-66.069756,-84.749435,0
-162.80934,2.4309094,0
-3.257203,123.50006,0
156.40482,-5.58717,0
-3.3930802,124.74117,0
-48.075108,-43.429405,0
-43.10621,79.29272,0
19.903196,-149.47627,0
-92.0458,-73.70244,0
-177.97192,3.9709823,0
-43.805695,80.287254,0
169.98767,14.473479,0
-50.13546,81.51196,0
-62.36335,-11.4428005,0
7.7113113,108.79632,0
47.335934,-113.49567,0
-61.247288,-98.012825,0
-161.80049,3.4136372,0
7.4850945,108.54034,0
149.00641,1.1101753,0
7.264774,108.356735,0
-36.18914,-48.142647,0
25.99713,90.54293,0
36.63094,-96.85367,0
-65.48968,-117.00433,0
-158.46158,-33.420815,0
26.028807,90.357254,0
137.2432,-18.290766,0
24.656258,89.245445,0
-27.042103,-54.814087,0
-69.95377,43.431416,0
22.37926,-139.51433,0
-111.4101,-78.93704,0
-186.6905,2.036662,0
-69.43646,43.922638,0
132.71579,9.923029,0
-68.273926,46.86618,0
-53.618134,-2.7827854,0
-2.4069245,52.469917,0
44.88435,-59.054085,0
-91.44891,-141.82724,0
-147.69838,21.802788,0
-2.5648928,52.356606,0
107.95595,35.45763,0
-4.065981,50.79787,0
-32.430557,-29.02566,0
82.92966,-15.400073,0
11.571554,-129.75851,0
117.577965,-56.288895,0
89.15028,-29.473549,0
84.247475,-25.7068,0
180.68015,57.377205,0
84.40581,-26.431225,0
84.521515,-24.568913,0
-77.14009,126.44569,0
14.099492,-113.78558,0
108.14346,-42.946297,0
-84.50349,127.65969,0
-78.82119,126.338646,0
101.93347,116.43051,1
-79.0243,126.47095,0
-79.89367,127.571335,0
75.85545,0.77058184,0
73.302055,-79.874535,0
-49.244984,-146.49104,0
-108.01442,-17.956379,0
75.38959,0.9694638,0
107.44715,59.94644,0
62.81823,5.3215904,0
11.751286,-57.837555,0
71.02595,71.50349,0
41.431625,-65.55862,0
-29.431654,-105.41546,0
-133.43452,-27.457756,0
70.49582,71.74486,0
149.43266,32.573544,0
69.2828,71.71776,0
-3.256526,-77.15192,0
9.983592,108.54813,0
47.976547,-111.7923,0
-60.34331,-102.11652,0
-151.68665,-35.75923,0
9.892035,109.12174,0
146.05331,19.36586,0
9.610131,109.61896,0
-34.60122,-48.8804,0
-7.7559304,73.39925,0
33.653557,-55.09922,0
-83.498726,-116.35751,0
-160.39508,17.77194,0
-8.287383,73.330284,0
146.67331,11.216622,0
-9.625123,73.25544,0
-40.732334,-37.992275,0
81.023224,-54.278133,0
116.95118,-94.64447,0
75.22581,-56.9184,0
-85.905624,-36.28135,0
81.209335,-55.327824,0
117.24906,104.30356,0
81.83363,-56.290592,0
78.890625,-56.73674,0
0.80208474,84.89224,0
28.823416,-109.64857,0
-77.67168,-115.02449,0
-161.37265,-32.524265,0
0.49092075,84.87165,0
135.16733,-7.6675706,0
-0.05095424,85.105286,0
-52.254574,-55.411053,0
14.895162,153.10617,0
115.94556,-78.60095,0
136.23755,-54.162045,0
10.995557,163.79309,0
9.394315,161.87054,0
78.07702,138.99014,1
11.15153,163.68083,0
9.895604,161.77939,0
24.728518,-20.508686,0
86.60244,-120.762596,0
-94.08274,-109.16668,0
-131.83336,16.057535,0
24.76826,-20.112774,0
130.05115,72.2113,0
18.383139,-18.42135,0
10.478681,-24.449133,0
-4.2911563,114.90729,0
41.034252,-119.00823,0
-68.14588,-89.16864,0
-170.0025,-2.3531988,0
-4.5657268,115.3869,0
149.66881,-1.2065473,0
-5.373067,116.74582,0
-44.51482,-46.33204,0
-33.856647,124.60756,0
1.2294041,-111.44778,0
-64.76392,-65.90612,0
-152.71294,-8.10274,0
-33.72438,124.38729,0
177.27473,27.764982,0
-26.423155,119.2421,0
-25.364326,-2.8306649,0
21.746162,62.482597,0
51.93247,-84.97872,0
-82.997604,-129.03766,0
-131.84349,-0.8736043,0
22.120981,61.671825,0
125.12354,40.489307,0
22.682396,60.953053,0
-29.446323,-39.001595,0
42.263077,16.45783,0
69.408394,-104.06243,0
-44.62162,-136.11638,0
-99.083755,-1.6008742,0
42.68158,16.521574,0
122.6013,72.90277,0
43.964874,17.052483,0
1.2207108,-41.10963,0
-7.6390386,132.17525,0
37.896156,-125.13006,0
-70.14127,-82.30102,0
-164.53903,-3.7099671,0
-7.1412,131.95816,0
155.19003,-9.384778,0
-4.23065,129.09833,0
-51.44686,-42.837208,0
73.00789,21.47354,0
64.3631,-85.16094,0
-36.764717,-126.576935,0
-102.29593,-17.686531,0
71.536,21.14616,0
110.1896,57.023632,0
65.9365,18.084515,0
3.4872074,-55.50976,0
-115.009995,98.68402,0
-10.283041,-165.52278,0
-141.29448,-74.19918,0
-173.91852,32.27649,0
-115.05281,97.739815,0
189.43175,-1.7765582,0
-115.0454,96.28744,0
-117.78021,61.62103,0
74.77047,26.646719,0
59.9496,-81.30847,0
-38.61951,-126.16944,0
-105.205215,-11.678592,0
74.652435,26.445389,0
116.19276,51.93567,0
62.705265,17.621521,0
0.37480375,-58.93326,0
-8.890065,41.860035,0
56.901997,-143.94853,0
-96.574974,-130.51471,0
-141.16536,25.385166,0
-8.553962,42.21122,0
114.49093,23.473242,0
-7.842161,42.573566,0
-33.059322,-25.98716,0
-13.966556,2.2327201,0
56.244663,-135.35838,0
-113.63145,-123.39812,0
-109.674324,12.44055,0
-13.70491,2.0645409,0
127.80021,-5.8524837,0
-13.160747,1.789342,0
-11.1502695,-15.038486,0
-65.76999,67.396835,0
13.825839,-146.3292,0
-100.97076,-70.79297,0
-183.88754,11.404027,0
-65.773094,67.14853,0
167.60988,8.432905,0
-65.45508,63.423634,0
-65.855995,-5.7213936,0
65.66149,69.19524,0
48.651623,-76.99673,0
-39.251358,-110.9164,0
-126.57534,-13.178816,0
65.631294,69.14652,0
136.76779,38.219803,0
63.950943,68.84938,0
-8.142057,-59.619076,0
-134.76332,64.15939,0
-21.024326,-165.40384,0
-151.87903,-79.748535,0
-157.91844,44.701996,0
-134.61784,64.1978,0
142.23495,76.68461,0
-134.51472,64.24227,0
-133.25073,62.90629,0
63.889534,-5.012336,0
80.03088,-83.25239,0
-49.695805,-152.8289,0
-96.29181,-11.337258,0
63.177853,-4.491195,0
120.30152,82.087875,0
57.86078,0.5577222,0
18.483646,-49.02915,0
-75.52893,79.6852,0
5.200814,-142.57626,0
-103.820694,-61.03146,0
-181.7659,17.98266,0
-75.59032,79.6424,0
175.9537,19.006771,0
-76.44205,79.54013,0
-68.42077,2.9249203,0
12.354867,108.88215,0
48.450104,-112.69185,0
-61.380417,-102.2285,0
-159.64267,-29.317049,0
12.718211,109.238106,0
147.4455,45.212097,0
11.821347,110.14802,0
-35.059135,-47.981606,0
-31.602219,120.51292,0
1.6384306,-113.54478,0
-64.93716,-67.24188,0
-154.45273,-8.875765,0
-30.199656,120.2552,0
174.80275,27.11477,0
-28.747316,119.46841,0
-25.81726,-3.5832448,0
-29.726595,128.11089,0
0.83494943,-108.54382,0
-64.09596,-64.38954,0
-151.38795,-8.078832,0
-29.725029,127.92527,0
175.13696,31.327667,0
-24.654074,119.53052,0
-24.406385,-2.3149974,0
40.25136,80.24615,0
41.165802,-71.826805,0
-32.278366,-103.22839,0
-125.989845,-19.76968,0
40.38286,80.48429,0
140.16922,28.204182,0
54.209488,79.29234,0
-5.24885,-75.63412,0
44.750538,40.950405,0
54.924747,-103.599625,0
-62.30943,-123.112175,0
-108.82256,3.6251557,0
45.590443,40.45762,0
121.37882,67.08693,0
45.422005,38.41624,0
-21.245068,-53.53707,0
-87.016754,79.44194,0
-2.6992605,-145.69035,0
-101.11096,-54.428234,0
-187.90472,22.630825,0
-86.68833,80.35717,0
175.13522,-3.7297494,0
-83.43037,82.46066,0
-75.09667,5.6809926,0
-64.462944,40.9989,0
22.013033,-140.71545,0
-109.65704,-79.60274,0
-196.96088,-3.5700305,0
-64.05002,41.52788,0
135.36499,9.372693,0
-61.611126,44.254356,0
-54.69154,-3.1512506,0
-4.988064,3.735869,0
57.579235,-129.99681,0
-110.11115,-118.94837,0
-140.23811,13.206471,0
-4.769925,3.219114,0
124.214615,-3.470277,0
-3.686884,1.5654064,0
-5.5883036,-16.193283,0
9.928959,149.58289,0
108.20058,-67.90807,0
140.76442,-58.16089,0
4.911039,146.17209,0
7.345026,146.61888,0
78.526764,134.19922,1
6.161687,145.99785,0
8.45151,146.25386,0
64.60245,-18.079308,0
61.270897,-86.040955,0
-44.03738,-155.12051,0
-93.55107,-18.846518,0
64.54199,-18.092016,0
101.61571,73.91504,0
53.627693,-6.377023,0
21.604763,-57.49487,0
-12.480313,96.64915,0
33.30575,-117.29674,0
-77.56147,-91.7395,0
-170.82585,-14.531367,0
-12.924123,96.44365,0
139.65689,-4.9046006,0
-18.240946,98.55537,0
-59.280277,-46.685905,0
34.033493,121.50368,0
34.163918,-93.45725,0
-65.2714,-102.69949,0
-152.86803,-26.93278,0
34.34583,120.76236,0
146.21825,37.804012,0
35.561523,117.573975,0
-35.795654,-67.90278,0
-48.74771,59.849876,0
15.804727,-152.7826,0
-96.87543,-79.68085,0
-179.51855,-0.03844279,0
-48.241375,60.17288,0
164.49384,8.768686,0
-45.932667,60.4233,0
-68.26699,-11.365151,0
-42.29686,44.367695,0
31.60349,-146.42665,0
-100.96643,-89.18855,0
-130.63698,18.226864,0
-42.021664,44.90355,0
128.58145,33.10143,0
-42.197433,45.76636,0
-51.311783,-14.786151,0
-19.478289,39.563644,0
56.610935,-149.6851,0
-103.12829,-131.93268,0
-150.0312,30.006344,0
-19.863926,39.83717,0
108.58415,20.045311,0
-20.193258,39.97394,0
-36.607384,-21.122192,0
-84.28557,94.121376,0
3.4519374,-140.95955,0
-104.99707,-61.186234,0
-183.21742,18.02537,0
-84.24918,93.91371,0
178.64763,11.63868,0
-84.22108,91.84057,0
-68.21009,5.1495786,0
-52.010777,155.42473,0
99.49302,-97.02945,0
127.47581,-37.24372,0
113.42838,-33.312283,0
-52.35389,157.19647,0
96.55705,128.0869,1
-52.713367,158.89914,0
-52.358303,158.14484,0
-32.965954,158.28476,0
100.76749,-88.17979,0
133.02333,-38.70582,0
117.50056,-29.134932,0
-32.91304,156.02193,0
91.85733,130.69785,1
-33.171223,153.29884,0
-32.64562,154.58592,0
20.003796,-22.931622,0
87.40727,-122.866875,0
-94.51997,-108.82747,0
-131.53271,16.530495,0
19.671057,-22.888966,0
129.34262,25.474066,0
17.152704,-17.331507,0
10.017399,-24.079954,0
44.19222,35.75659,0
55.82747,-102.66902,0
-52.798847,-130.54825,0
-106.44142,1.3821824,0
44.270355,35.64613,0
136.95598,47.777115,0
45.400776,28.482437,0
-5.1818285,-46.927147,0
-38.76273,72.8206,0
22.821047,-149.9196,0
-94.08696,-74.64876,0
-173.45334,2.6110797,0
-38.66367,72.85413,0
165.64816,11.14732,0
-37.511253,69.86979,0
-61.142387,-13.89726,0
-45.886276,74.894646,0
19.715986,-151.19597,0
-91.84113,-74.55955,0
-180.55037,6.0243373,0
-46.20334,75.00161,0
169.65117,8.602959,0
-50.128204,77.88912,0
-63.669422,-11.2430105,0
-46.49632,36.310585,0
34.005085,-143.02448,0
-107.48362,-89.228935,0
-203.42769,1.2363797,0
-46.375866,36.70704,0
118.58172,30.83632,0
-44.988453,38.589794,0
-49.770096,-4.1548715,0
-17.32876,16.515001,0
32.514633,-133.40923,0
-100.530334,-104.93828,0
-139.28056,3.4433951,0
-17.997744,16.255587,0
166.10695,14.501783,0
-19.153425,15.765059,0
-38.65916,-5.05125,0
4.9065485,180.13245,0
111.71259,-78.54317,0
136.67868,-51.796158,0
124.67013,-25.399546,0
7.1678014,176.81714,0
74.282135,138.47801,1
8.530684,179.2519,0
7.722896,178.44693,0
-128.12773,75.564964,0
-16.290014,-170.11755,0
-147.38991,-69.96103,0
-169.67981,42.466843,0
-127.619606,75.74152,0
194.62471,-5.593462,0
-126.77671,75.93038,0
-124.76164,56.8322,0
15.783985,26.869596,0
68.35987,-130.3224,0
-65.9272,-143.53058,0
-121.34293,18.150227,0
15.579322,26.803183,0
125.348564,60.238583,0
13.723705,26.778614,0
-13.45218,-33.986717,0
19.605083,68.79103,0
8.958389,-108.992424,0
-61.59541,-72.58123,0
-141.16045,-1.363873,0
19.23689,68.62623,0
172.98589,35.34107,0
18.874378,68.44019,0
-23.016651,-8.495255,0
-24.16768,53.54814,0
34.82972,-160.5351,0
-87.73991,-92.87333,0
-179.63422,-17.716597,0
-24.438416,53.78794,0
138.60356,-2.9110405,0
-25.364214,54.2566,0
-58.907192,-27.00451,0
-131.42334,75.79071,0
-17.4387,-171.29564,0
-149.80173,-70.726845,0
-167.4934,42.480457,0
-131.23181,75.27006,0
196.40718,-6.075505,0
-129.0586,80.91314,0
-124.578896,55.04333,0
70.252686,32.947178,0
60.99742,-93.99468,0
-47.447857,-123.219696,0
-110.532326,-7.630419,0
70.24781,32.85955,0
114.997116,61.166134,0
58.44767,34.592968,0
-4.7697797,-50.734894,0
77.723976,1.6529638,0
71.62529,-76.83699,0
-48.486454,-144.3661,0
-105.32455,-16.610935,0
77.12926,2.8375368,0
106.07076,62.290184,0
65.912674,6.032524,0
11.5291395,-59.007336,0
7.0536213,11.887359,0
75.88539,-132.28401,0
-67.47201,-149.48094,0
-105.70345,15.549044,0
6.9470897,12.092388,0
117.92677,78.69559,0
6.4276876,12.8861265,0
-5.5917087,-33.5127,0
-30.160006,93.73091,0
33.45404,-129.89667,0
-103.67969,-104.181335,0
-150.82518,-23.452753,0
-30.07569,93.58089,0
122.62598,0.53285414,0
-29.094383,92.87598,0
-50.570316,-32.786438,0
31.51552,-18.164831,0
85.62141,-115.90337,0
-28.78807,-149.20653,0
-90.860565,6.8921065,0
31.232264,-17.667728,0
130.32532,74.321075,0
28.362803,-13.926005,0
11.871224,-30.456207,0
-8.229627,62.179394,0
39.226093,-56.400085,0
-98.369865,-141.41702,0
-151.95795,16.99337,0
-8.585216,60.244194,0
143.09454,16.134058,0
-10.699945,57.593037,0
-36.003185,-34.04441,0
-77.09188,91.64067,0
-0.44391134,-139.83469,0
-94.57403,-55.247356,0
-180.89632,16.249538,0
-76.64102,90.89353,0
179.11874,1.7056261,0
-76.222115,89.903885,0
-69.94187,9.637059,0
-53.509953,93.36306,0
19.723465,-128.0512,0
-86.336975,-67.175705,0
-175.66063,17.27035,0
-53.334076,93.258766,0
162.56554,1.2007055,0
-48.64527,91.89673,0
-40.00832,-7.256283,0
-9.528288,23.66394,0
75.74493,-144.61598,0
-76.29682,-140.15492,0
-111.03836,28.601212,0
-9.096563,23.194897,0
146.18187,69.26315,0
-7.78691,22.61713,0
-16.331326,-21.368708,0
-46.129333,76.49424,0
19.89438,-154.04443,0
-89.26938,-76.219864,0
-179.90767,4.4347215,0
-46.50547,76.76284,0
164.86977,5.174478,0
-48.23342,77.26456,0
-65.958115,-13.492919,0
-26.061611,129.22688,0
0.15642379,-105.79312,0
-62.66234,-64.28344,0
-150.0228,-10.853424,0
-26.101696,128.42166,0
175.40198,32.0252,0
-23.134346,124.04931,0
-22.798141,-3.3086267,0
74.31237,23.427599,0
63.557507,-83.18259,0
-37.30455,-124.85434,0
-106.72678,-27.437168,0
74.54578,23.391567,0
111.18565,58.411266,0
60.783073,19.325087,0
2.069695,-56.3267,0
24.165014,26.34641,0
71.1781,-87.148346,0
-58.390717,-142.60303,0
-110.587585,-16.201382,0
24.676754,26.629343,0
130.78525,66.09944,0
28.863735,26.003345,0
2.11389,-52.407272,0
69.285126,97.23007,0
30.91805,-75.78359,0
-37.877426,-95.137634,0
-142.2733,-14.809025,0
68.98511,96.74703,0
152.17691,20.962324,0
68.73059,95.85337,0
-15.267312,-81.04299,0
-4.0574145,132.7975,0
39.124577,-126.807846,0
-68.57423,-80.76738,0
-160.58498,-3.9423537,0
-3.6580307,132.21413,0
160.45668,-7.1184287,0
-2.9536817,130.84814,0
-50.864452,-40.78371,0
35.61511,97.15463,0
53.193424,-95.84678,0
-53.097084,-116.85189,0
-114.29753,-0.47347477,0
35.612823,97.200485,0
139.7267,35.29629,0
56.31739,39.574127,0
-9.103869,-53.528667,0
25.798716,21.473814,0
58.98802,-117.27549,0
-65.28364,-138.30623,0
-111.621605,5.211959,0
26.06444,21.31906,0
137.22559,61.981968,0
12.294361,36.057156,0
-16.760796,-37.98819,0
-55.03676,55.80478,0
20.772295,-145.22147,0
-104.04656,-78.89301,0
-183.27487,-3.1045449,0
-55.72504,55.569405,0
130.82341,9.762883,0
-57.074585,54.340855,0
-59.74533,-6.11745,0
5.149413,25.86444,0
74.186356,-139.0416,0
-73.48545,-145.86115,0
-110.725525,20.574692,0
5.053518,25.44007,0
142.46349,70.18558,0
3.484781,23.273577,0
-14.917534,-27.713186,0
-64.78683,95.95034,0
0.7395538,-129.36113,0
-90.380554,-62.802677,0
-177.61891,18.928616,0
-65.08819,96.1891,0
167.2439,-3.8308609,0
-65.890755,97.69146,0
-40.65676,-1.4063355,0
-53.17493,28.486734,0
41.13456,-156.94762,0
-116.62052,-93.109344,0
-183.0486,-11.754697,0
-53.185253,28.5734,0
138.6078,1.8648959,0
-50.58305,28.279287,0
-66.52972,-27.936407,0
76.18795,73.11528,0
35.190945,-65.80292,0
-27.628138,-100.458755,0
-138.04848,-25.26764,0
76.47663,73.03525,0
165.01923,37.218273,0
68.28338,89.767365,0
-13.771735,-86.99476,0
78.388855,-49.199043,0
116.36322,-93.44571,0
74.005684,-54.942604,0
-87.3936,-36.610653,0
77.73715,-49.28795,0
118.582306,104.16946,0
76.56969,-49.455982,0
75.37111,-51.648495,0
55.6926,58.11885,0
54.655643,-78.3866,0
-39.688705,-116.23545,0
-111.37399,-18.553955,0
56.170162,58.74811,0
124.689186,43.804012,0
58.24612,59.180458,0
-4.802704,-63.862244,0
-136.83315,67.47578,0
-21.32208,-166.71732,0
-151.88324,-77.99424,0
-159.25813,44.706177,0
-136.90463,67.711426,0
141.02539,74.72685,0
-137.1977,68.579865,0
-132.09471,60.42969,0
41.038322,62.915627,0
46.186333,-84.04675,0
-46.33872,-108.141716,0
-132.29778,-5.115028,0
41.40481,62.797726,0
126.17974,45.180218,0
42.61303,60.952652,0
-17.870403,-64.582504,0
-2.9471548,115.30786,0
42.341995,-119.13356,0
-67.00218,-89.39602,0
-167.84035,-0.85762465,0
-2.7606597,115.51796,0
144.54773,3.7787726,0
-2.2496972,117.165085,0
-44.082195,-45.36285,0
23.109215,113.32469,0
33.546326,-100.4653,0
-67.71388,-105.623116,0
-158.33664,-25.688084,0
23.207846,113.10725,0
160.1823,-8.856053,0
24.445013,111.809586,0
-37.703,-63.94444,0
20.528414,-26.73328,0
84.15767,-125.392494,0
-92.00356,-104.94627,0
-130.38316,13.891103,0
-12.846251,19.745653,0
133.19643,26.89835,0
-12.792332,20.583984,0
6.1150413,-21.57439,0
32.66365,21.511694,0
65.775635,-75.68625,0
-55.925747,-143.38751,0
-121.47491,-6.0022535,0
32.485447,21.588896,0
124.27754,51.30192,0
42.79907,57.256313,0
9.358657,-63.696236,0
-138.75366,85.26499,0
-21.92775,-173.9727,0
-147.24124,-72.30412,0
-170.66473,46.987442,0
-138.298,85.62164,0
193.63924,-4.0061507,0
-133.46136,85.89418,0
-128.31143,50.831337,0
29.588743,85.81601,0
37.649105,-93.94691,0
-63.19102,-118.10515,0
-156.9102,-34.25655,0
29.129585,86.47626,0
144.74683,40.563816,0
27.607786,87.49963,0
-24.234348,-56.908524,0
-26.386816,58.17904,0
32.761074,-161.30103,0
-86.83054,-91.419846,0
-177.58264,-16.500668,0
-26.39884,57.91372,0
148.35081,-16.743958,0
-25.617859,56.77663,0
-60.44925,-27.643827,0
23.053267,10.525456,0
77.30711,-90.68188,0
-58.477833,-150.22598,0
-111.64001,1.4712611,0
23.371773,10.885008,0
123.65649,83.80855,0
24.006397,12.018103,0
-16.120472,-40.482834,0
89.061844,-50.666344,0
99.23011,-68.754906,0
97.321465,-51.609997,0
-84.05793,-34.064747,0
89.78387,-50.8374,0
114.61565,102.80651,0
91.25684,-50.870148,0
92.93925,-50.970615,0
76.1536,19.446384,0
64.24409,-80.964966,0
-34.704353,-123.23282,0
-112.97285,-20.865974,0
78.84468,21.729548,0
107.32226,57.13309,0
66.54586,14.404225,0
5.601755,-57.968197,0
72.913734,43.86621,0
51.485184,-91.843994,0
-49.055824,-115.30669,0
-117.47914,-8.785216,0
72.85616,43.96942,0
122.73447,51.191708,0
55.29552,41.865566,0
-7.650333,-57.37546,0
32.11415,49.179516,0
51.84745,-117.383606,0
-62.33139,-135.96297,0
-124.58794,-0.5849143,0
31.768866,49.461163,0
140.6868,-3.8144546,0
31.562857,50.21279,0
-20.801762,-40.718018,0
-81.4967,27.487555,0
15.114435,-175.21619,0
-124.194725,-73.570656,0
-205.10577,6.4449487,0
-81.80122,28.014845,0
116.646416,8.977264,0
-85.46671,29.755033,0
-46.36568,5.829266,0
53.028973,117.60957,0
20.795576,-87.37034,0
-53.540695,-87.550934,0
-165.67085,-14.095573,0
53.56973,117.7029,0
158.27684,-8.835455,0
54.745544,117.677155,0
-31.987965,-76.96004,0
34.084423,-16.275682,0
84.06468,-114.23448,0
-30.866755,-148.44038,0
-93.01144,4.7163515,0
32.63913,-15.339672,0
129.20056,74.85136,0
30.237963,-12.800771,0
12.182248,-31.860052,0
34.286484,33.788635,0
49.74821,-113.28859,0
-59.518692,-129.0048,0
-117.90112,2.5310915,0
33.94417,33.65917,0
134.0331,34.56676,0
33.30103,33.09941,0
-15.78288,-47.43663,0
-45.93357,67.97505,0
17.903067,-155.13475,0
-91.534225,-79.50327,0
-178.11731,0.78434354,0
-46.0571,68.109825,0
158.91652,7.3481784,0
-51.750526,67.683685,0
-68.24121,-12.874414,0
55.325474,105.050606,0
25.286325,-80.42092,0
-47.17915,-93.06505,0
-150.00679,-16.450258,0
54.773884,105.351425,0
157.39351,27.94017,0
53.762516,105.14911,0
-22.93017,-77.75625,0
77.99949,-48.668045,0
116.30618,-93.19948,0
73.99245,-54.72962,0
-87.424225,-36.39973,0
77.377754,-48.99319,0
118.640915,104.590004,0
76.45698,-49.172016,0
75.15195,-51.031536,0
-7.246881,4.2218094,0
56.438396,-131.62613,0
-110.3059,-121.2073,0
-140.85693,14.320712,0
-7.2008147,3.8360949,0
127.3434,-4.742131,0
-2.1016693,0.6695886,0
-7.9580092,-16.679396,0
-29.593737,107.94671,0
8.794259,-116.94173,0
-68.27898,-72.34555,0
-158.21964,-8.692136,0
-29.684563,107.49941,0
178.93178,19.642973,0
-29.974731,106.15497,0
-32.048523,-1.8013573,0
46.86358,13.452445,0
70.89665,-103.08011,0
-42.259106,-136.40424,0
-98.86401,-3.3069043,0
46.49067,13.752879,0
119.12996,70.08296,0
45.54788,15.052541,0
2.601447,-42.929523,0
31.160383,118.32344,0
33.86426,-95.6895,0
-66.92586,-99.43503,0
-154.5161,-26.495428,0
31.340845,118.08497,0
153.35313,-10.680741,0
31.673285,117.50013,0
-36.66674,-65.80605,0
6.3683257,94.54275,0
35.221542,-105.38809,0
-73.31563,-111.13405,0
-165.49365,-30.846943,0
6.334741,94.896645,0
146.10674,-14.90478,0
5.8838778,95.566574,0
-41.422665,-57.611282,0
37.22446,61.935535,0
48.343464,-82.73503,0
-48.08957,-108.52214,0
-129.43463,-3.4333584,0
37.62321,61.56704,0
128.98021,43.039124,0
38.10897,60.96763,0
-12.3163,-63.722622,0
9.072035,75.43832,0
11.630922,-102.98377,0
-59.668056,-73.77628,0
-148.05403,0.8764914,0
8.943497,75.67194,0
176.76073,29.64208,0
7.7039323,75.492966,0
-24.918543,-8.701952,0
45.899223,102.712204,0
26.534964,-84.64129,0
-51.460556,-95.92441,0
-155.23494,-28.412727,0
45.88632,102.711815,0
150.8037,23.17953,0
50.325016,102.36947,0
-26.126078,-75.08715,0
-33.866272,95.60489,0
29.816078,-129.34848,0
-81.72647,-79.023415,0
-162.7226,-10.624435,0
-34.5929,95.86559,0
164.21805,-9.729409,0
-37.727978,96.404755,0
-54.541695,-33.010307,0
-65.472755,52.25209,0
19.118406,-141.77225,0
-108.02337,-77.19241,0
-193.45193,3.8042974,0
-65.40814,51.94936,0
169.9647,7.5390086,0
-64.27929,50.662445,0
-57.945255,-2.9444277,0
32.20158,9.542442,0
79.94228,-86.04355,0
-52.830006,-152.81856,0
-103.064835,1.5343188,0
32.58694,9.44614,0
122.54935,78.95362,0
29.241674,13.001078,0
18.244312,-46.932503,0
22.815788,124.94948,0
25.14349,-96.42603,0
-71.92077,-99.29228,0
-164.33084,-16.041107,0
22.52796,125.00232,0
159.06792,-14.321333,0
22.164442,131.71706,0
-41.17703,-70.81458,0
-2.497775,6.4663696,0
54.046288,-130.22151,0
-107.31092,-120.61525,0
-137.47359,13.200401,0
-2.215009,6.179656,0
135.93347,51.782143,0
-0.8015344,2.697203,0
-6.2632694,-19.341234,0
-138.79881,84.243965,0
-21.795307,-173.57556,0
-148.27779,-72.0966,0
-169.1085,46.609314,0
-138.40932,84.45497,0
194.18283,-11.112908,0
-133.66371,85.76012,0
-127.4698,50.754868,0
25.103369,150.67578,0
104.56644,-66.06157,0
135.94069,-69.800446,0
43.869858,157.9612,0
39.26183,147.13739,0
68.92318,141.3681,1
43.574696,160.3747,0
37.98621,145.68861,0
42.512997,-38.656364,0
103.45228,-106.90245,0
-20.405504,-125.47453,0
-121.9958,-34.88886,0
43.117714,-38.79362,0
131.15015,93.4619,0
44.1458,-38.463478,0
46.1489,-38.897488,0
-15.582886,62.88291,0
40.702644,-50.629845,0
-96.65832,-147.29636,0
-153.89938,19.712845,0
-15.906525,62.765274,0
140.3636,13.680305,0
-16.595274,62.296432,0
-40.98231,-30.156672,0
25.52747,151.50412,0
104.408325,-67.5157,0
134.76138,-67.690796,0
40.658375,155.82875,0
38.798,149.31828,0
69.22725,140.33276,1
40.580383,157.3296,0
37.764523,147.62057,0
2.9344893,47.529823,0
47.745617,-55.341194,0
-92.11424,-136.37027,0
-138.47289,28.184582,0
2.6319604,47.5588,0
102.50507,35.219143,0
-2.6719503,45.562943,0
-28.625053,-27.974817,0
-81.78212,123.00938,0
83.45373,-108.93628,0
107.34933,-43.405033,0
-84.91298,126.52043,0
-81.00148,123.267624,0
102.64234,114.69641,1
-80.916695,123.49804,0
-80.968216,122.564674,0
32.794388,15.81953,0
80.11956,-88.24703,0
-55.7546,-153.09818,0
-105.21306,4.6707563,0
32.410378,15.496587,0
136.42535,62.862316,0
28.185793,15.466885,0
18.900354,-44.269302,0
33.793163,10.776596,0
80.621574,-86.39875,0
-53.204674,-153.67339,0
-96.29653,-10.157734,0
33.623844,11.680864,0
122.10256,78.90586,0
29.977543,13.85218,0
18.799767,-46.14397,0
-82.16096,25.655455,0
16.48422,-176.06366,0
-125.244194,-75.17202,0
-131.21896,20.729513,0
-82.94675,26.01999,0
117.63591,12.902169,0
-85.06546,27.078733,0
-45.04672,5.094102,0
42.755653,-16.01635,0
81.542435,-107.78914,0
-31.058146,-141.49644,0
-88.94273,-3.317544,0
42.470734,-15.023073,0
108.24397,78.821724,0
42.130207,-13.8510895,0
13.496038,-38.051476,0
-136.76898,82.9389,0
-20.37855,-173.6943,0
-148.99313,-71.98282,0
-168.23882,44.69315,0
-135.2367,83.43744,0
194.1197,-10.112271,0
-132.49203,84.43508,0
-127.6149,52.467045,0
59.58742,107.941696,0
27.04528,-80.15377,0
-52.4856,-90.87566,0
-150.70055,-18.08735,0
59.632484,107.17674,0
156.1421,28.688797,0
59.484024,105.98784,0
-20.89106,-78.46461,0
53.651615,67.06438,0
45.142242,-76.113464,0
-38.662823,-109.27165,0
-132.2911,-13.729419,0
53.999516,66.611115,0
155.19852,41.048923,0
60.373688,69.627525,0
-9.129418,-71.26422,0
-6.3229146,113.16349,0
40.44581,-117.55313,0
-68.94145,-90.64844,0
-161.35643,11.505226,0
-6.7241983,113.67511,0
147.70036,-2.1591794,0
-10.3883705,117.10247,0
-45.01971,-48.04616,0
-62.824467,60.23229,0
9.537892,-153.74585,0
-103.825134,-74.42597,0
-196.32346,3.685673,0
-62.83797,60.749584,0
157.09421,6.4194903,0
-62.458233,62.110115,0
-72.6504,-7.6119933,0
-68.363014,42.122807,0
23.067982,-139.82388,0
-112.03073,-80.02962,0
-194.75766,0.112421416,0
-68.96681,42.630444,0
123.67163,11.472095,0
-63.414787,47.47087,0
-53.385723,-3.7536864,0
9.879522,79.60469,0
46.381874,-122.72793,0
-62.608597,-83.65789,0
-162.14894,1.4901178,0
10.146507,79.59942,0
147.51704,14.250107,0
11.265233,80.46391,0
-45.8353,-39.925446,0
1.2594979,112.92815,0
45.874435,-118.6086,0
-63.33309,-90.02565,0
-137.15166,0.107088886,0
1.8541324,113.1354,0
147.43323,12.45123,0
2.7803054,113.29807,0
-41.7452,-43.40078,0
16.581892,39.857277,0
57.45356,-119.733116,0
-67.62199,-135.86745,0
-122.591675,3.3824444,0
16.049137,39.600395,0
140.5479,58.032513,0
14.6346035,39.74533,0
-19.547852,-37.08106,0
-68.29665,143.0609,0
97.9633,-90.53367,0
114.80973,-40.254597,0
104.11048,-38.25017,0
-70.051476,143.03725,0
97.83674,120.977554,1
-71.52353,143.24187,0
-71.158615,143.23064,0
-90.344635,32.52935,0
13.217714,-174.68239,0
-123.746635,-71.85606,0
-204.90176,8.851083,0
-90.11145,32.671432,0
118.895226,9.7816515,0
-87.33474,32.29934,0
-47.46975,7.3438506,0
70.38378,33.7589,0
59.072712,-96.31021,0
-50.80832,-122.149124,0
-109.54525,-8.030688,0
71.76406,33.206326,0
117.96319,58.81825,0
55.593132,37.05751,0
-6.019917,-51.322926,0
22.80759,84.31531,0
44.91258,-104.408516,0
-65.857056,-118.02751,0
-157.87376,-34.141,0
23.289865,84.8262,0
145.12012,50.18717,0
23.651718,87.92769,0
-26.776937,-53.923473,0
48.348362,102.428894,0
26.708647,-82.63288,0
-51.648193,-94.18715,0
-155.33742,-18.346085,0
48.996426,103.56154,0
145.14932,25.27985,0
50.964054,104.51143,0
-27.674534,-74.95926,0
-83.63394,65.860664,0
3.2341404,-150.08513,0
-97.95241,-60.618214,0
-191.73892,17.56168,0
-83.33055,65.94016,0
156.55995,0.8311562,0
-80.809555,67.91066,0
-77.20839,-1.2431966,0
68.57367,36.394047,0
60.10785,-96.05785,0
-49.698513,-123.30258,0
-109.38354,-7.1609817,0
68.6976,36.21538,0
125.250015,61.578407,0
57.218685,36.26285,0
-7.2916465,-51.376144,0
63.138943,116.93618,0
21.156466,-90.935234,0
-56.493053,-87.977135,0
-159.87813,-18.555758,0
62.162895,117.189804,0
161.85231,-8.786913,0
61.051163,117.10264,0
-35.11304,-79.08901,0
46.732346,2.5700936,0
75.77406,-101.70972,0
-37.413662,-138.21648,0
-95.912025,-5.3193665,0
46.37898,3.255868,0
115.781456,72.57785,0
47.562492,7.0846853,0
7.2577887,-43.828594,0
-79.21876,33.451904,0
15.417206,-171.74829,0
-120.831856,-73.3374,0
-201.87056,5.5124025,0
-79.5489,33.480236,0
121.18679,10.348667,0
-84.45327,34.367535,0
-49.445595,4.584406,0
17.92283,95.31847,0
41.51982,-103.25617,0
-66.96137,-113.802574,0
-162.4625,-37.77065,0
18.078714,95.80576,0
136.01305,34.837646,0
18.038609,97.441505,0
-33.550144,-54.176228,0
-7.9189982,111.05444,0
40.83808,-116.036766,0
-68.88548,-92.43521,0
-179.12129,-19.425934,0
-7.931241,110.98922,0
144.3839,0.17143658,0
-7.6055675,109.292465,0
-43.096004,-48.896408,0
29.188818,29.133099,0
60.698326,-112.60958,0
-60.087643,-133.9004,0
-105.83259,11.76259,0
29.59537,29.102509,0
139.6659,54.222633,0
29.629906,30.25132,0
-15.652256,-45.143024,0
-136.42336,88.67158,0
-20.622469,-175.31682,0
-145.54013,-71.653824,0
-169.40929,40.539913,0
-135.95233,88.46416,0
192.18866,-4.6184635,0
-119.91995,92.23731,0
-126.32106,52.13805,0
77.48679,22.468292,0
63.962154,-78.01217,0
-32.519714,-123.55708,0
-109.91996,-21.550674,0
77.99912,22.757364,0
107.11386,55.38595,0
69.00826,13.878069,0
5.607653,-61.481125,0
-68.10535,143.03403,0
98.5752,-90.01586,0
114.6189,-40.29898,0
103.51605,-37.996506,0
-69.72313,143.1454,0
96.67188,120.946236,1
-70.21459,143.11043,0
-70.646355,143.15924,0
-109.24234,77.32384,0
-7.0200334,-175.67845,0
-140.03328,-62.526543,0
-167.45656,30.4848,0
-108.89462,77.55516,0
191.03545,3.8024974,0
-108.36575,80.46876,0
-112.08579,54.275826,0
97.80232,-10.01789,0
-6.573185,-120.46914,0
131.67764,-65.508705,0
38.399418,152.99245,0
104.343765,-16.314434,0
170.85031,66.313095,0
104.98716,-16.39499,0
103.57275,-16.221073,0
83.86168,-18.392073,0
2.6384661,-107.78168,0
-76.078415,-51.33301,0
120.18405,-55.775257,0
82.23926,-10.459725,0
179.33075,55.237034,0
83.128395,-22.745459,0
82.13521,-21.272509,0
-16.166306,26.233032,0
38.762707,-138.5112,0
-100.84088,-97.99641,0
-129.86407,19.389977,0
-16.276909,26.441582,0
129.77281,22.383953,0
-15.532791,28.472967,0
-41.045944,-17.87905,0
65.67504,42.796726,0
59.507618,-92.67445,0
-47.921185,-123.63086,0
-114.25622,-4.7432847,0
65.144,43.00722,0
123.76459,58.388813,0
61.451466,41.414345,0
-11.171011,-50.828445,0
29.566677,-19.267626,0
84.48204,-118.06766,0
-27.646776,-147.1077,0
-95.50885,8.804526,0
27.632864,-18.841923,0
132.11493,69.481316,0
26.30538,-16.830547,0
10.827963,-28.625488,0
12.027822,94.70093,0
38.36889,-106.482574,0
-71.04422,-112.526474,0
-165.22517,-34.889286,0
11.627377,95.478676,0
140.13927,-11.160496,0
9.638408,96.88567,0
-39.280266,-54.88887,0
13.499535,71.265236,0
13.812506,-99.116615,0
-56.90368,-76.59907,0
-148.2269,2.8192115,0
13.323397,70.68708,0
163.85884,42.721287,0
12.610385,69.943054,0
-21.651464,-13.027754,0
-11.4116335,-2.959475,0
58.141144,-133.49216,0
-113.647194,-120.19415,0
-143.99826,12.737852,0
-11.374486,-2.8775256,0
123.74905,-6.0780616,0
-6.441478,-2.3251297,0
-7.541971,-13.69925,0
35.18952,-31.786379,0
97.483826,-107.73652,0
-22.843094,-130.93034,0
-99.51974,18.179922,0
34.98401,-31.870348,0
131.29352,83.79587,0
34.84123,-32.01052,0
32.106586,-32.230495,0
61.21354,63.05239,0
49.834366,-76.51554,0
-37.869644,-112.29505,0
-124.46892,-16.728336,0
61.841625,63.28874,0
153.91753,43.964108,0
63.25762,61.816975,0
-5.8025603,-67.971886,0
9.72903,108.36831,0
47.684704,-111.430214,0
-60.433918,-102.04505,0
-168.96823,-38.903797,0
9.46093,108.59132,0
141.16762,-6.4332633,0
9.26773,109.517555,0
-34.652393,-48.903145,0
-26.778708,126.9973,0
-1.3326861,-107.15023,0
-63.07271,-65.18857,0
-154.32462,-11.22841,0
-26.709911,126.88794,0
178.43332,32.23044,0
-23.989363,123.640785,0
-26.277323,-1.9476007,0
73.11042,101.4387,0
30.21266,-72.24104,0
-39.758385,-94.46091,0
-146.67107,-19.902042,0
73.35841,101.44345,0
162.60268,38.742928,0
73.613235,101.38105,0
-13.251349,-82.568245,0
-12.616424,157.84966,0
104.50216,-82.869705,0
132.66992,-35.101254,0
122.00868,-54.989574,0
-12.515556,154.69513,0
87.277885,131.22365,1
-16.272453,156.61906,0
-15.028178,156.77672,0
0.58417636,115.19748,0
44.614338,-119.3741,0
-63.74166,-88.63114,0
-157.09532,3.0226018,0
0.7300075,115.19175,0
147.8175,6.0421863,0
2.7527385,115.31113,0
-42.895935,-43.09192,0
4.911024,-3.1289265,0
60.661736,-127.96443,0
-108.81327,-115.39901,0
-139.42934,8.780959,0
4.2608037,-3.0706189,0
133.23277,30.991613,0
2.2086809,-1.0796851,0
-1.5707546,-15.557574,0
30.893703,7.8848424,0
76.57102,-84.463,0
-52.336426,-150.26624,0
-104.26394,-26.074286,0
59.9409,5.711744,0
106.90306,63.85806,0
58.2564,4.443775,0
14.372974,-48.87655,0
-54.95346,123.396286,0
7.885907,-132.8868,0
-78.05719,-60.080597,0
108.21021,-29.958416,0
-53.093952,119.71387,0
179.75945,41.485584,0
-57.597504,124.80018,0
-60.62644,123.20074,0
79.99354,23.476986,0
63.008106,-79.36316,0
-34.490517,-120.98568,0
-113.9165,-20.853432,0
80.23877,23.460033,0
109.4871,55.511074,0
62.54556,58.223278,0
3.1650739,-61.315014,0
8.308015,-0.9905737,0
70.06598,-114.399216,0
-105.45808,-115.93641,0
-135.65756,14.428701,0
8.112558,-0.16755712,0
121.9802,66.17859,0
5.5455594,2.107657,0
0.8123192,-18.34174,0
-126.354004,90.21247,0
-16.462208,-178.35304,0
-150.38124,-65.76524,0
-171.61348,42.208065,0
-126.41856,89.64287,0
192.24106,-9.83558,0
-126.93293,87.63264,0
-121.48561,48.125557,0
-1.2478155,17.223553,0
75.95704,-141.95601,0
-74.77551,-142.00256,0
-108.861115,14.518451,0
-1.3349062,17.785225,0
145.15385,69.75971,0
-2.1524587,20.052467,0
-15.387909,-23.777966,0
-53.409847,40.86191,0
28.81384,-141.91016,0
-108.169846,-85.62429,0
-196.24226,-6.688883,0
-54.47892,41.212902,0
126.208435,13.320046,0
-57.02704,43.001347,0
-51.715538,-9.6552725,0
-82.34431,90.79732,0
-0.42820773,-142.37506,0
-96.67073,-55.430206,0
-184.73364,17.731897,0
-82.087746,90.62922,0
164.38708,-0.077115536,0
-79.61724,85.933334,0
-71.54447,6.3979707,0
-121.647224,83.51927,0
-14.744157,-175.49052,0
-146.89966,-67.57486,0
-168.84758,39.71891,0
-121.759575,83.74154,0
191.58224,-8.230222,0
-127.59064,83.3256,0
-120.62857,51.62297,0
-68.03099,82.07539,0
6.883193,-137.87234,0
-106.57491,-63.2142,0
-187.91068,10.199767,0
-68.023285,82.12276,0
178.0705,14.205566,0
-63.7393,77.95872,0
-64.92144,5.8973374,0
34.36086,-33.655663,0
96.50854,-108.312836,0
-23.776375,-131.75793,0
-118.014786,12.9044075,0
34.056915,-33.74328,0
129.68774,85.24516,0
33.723003,-33.778564,0
32.12417,-33.60866,0
45.42988,3.9731143,0
74.884476,-102.40037,0
-38.71816,-138.9247,0
-95.30179,-4.029855,0
45.427143,3.8696792,0
117.8978,72.21288,0
46.52384,7.061597,0
4.9881344,-42.051025,0
43.61459,-15.360579,0
81.63099,-107.639046,0
-31.188465,-141.46783,0
-88.04356,-3.6667094,0
43.258686,-14.602626,0
106.75911,78.53626,0
42.65384,-13.658574,0
13.770613,-37.837578,0
-56.733795,57.080673,0
18.860634,-145.45415,0
-104.008095,-77.532684,0
-182.75334,-1.5207702,0
-56.856762,57.054993,0
163.09575,6.050982,0
-58.90294,56.523148,0
-60.525223,-5.098249,0
31.337648,83.20423,0
38.25966,-92.34374,0
-61.604496,-118.922104,0
-139.5182,-32.311943,0
31.971848,84.2205,0
143.09076,40.94615,0
33.876537,86.2812,0
-22.434067,-57.392426,0
-31.746862,49.400627,0
32.621902,-156.79257,0
-92.29784,-91.49362,0
-180.46147,-15.408963,0
-31.252962,49.466106,0
146.65039,-9.820435,0
-30.351038,49.864334,0
-58.32549,-23.449606,0
104.13283,-8.354682,0
-5.4110146,-119.882065,0
100.621956,-7.4221473,0
128.75745,-63.922874,0
90.98907,-7.161968,0
170.7,64.60654,0
106.43274,-12.383643,0
104.51052,-12.779646,0
-36.386578,42.324944,0
33.13591,-151.35439,0
-97.06153,-91.290146,0
-187.18387,-16.862658,0
-36.72624,42.081844,0
136.26437,19.66955,0
-37.690334,41.2717,0
-51.863663,-19.65588,0
72.6609,54.458237,0
53.723045,-71.32194,0
-33.2066,-115.58573,0
-127.10102,-23.421638,0
72.483505,55.02925,0
113.69691,45.04987,0
71.847824,60.014153,0
-0.44020763,-68.380615,0
60.108257,88.43281,0
32.064007,-79.1221,0
-42.620804,-97.62323,0
-136.14314,-18.173908,0
59.85986,88.673645,0
153.10275,26.034328,0
59.5541,89.98427,0
-18.75337,-75.577484,0
82.38757,-17.25879,0
2.2441602,-115.20199,0
-77.278755,-52.029324,0
118.97943,-54.56734,0
82.46524,-11.613016,0
178.85454,54.412796,0
80.654175,-24.038324,0
80.203415,-21.917135,0
-22.798136,130.52876,0
3.4215784,-104.83285,0
-28.384287,-97.768364,0
-135.1569,-23.777777,0
-22.800846,130.51843,0
169.83885,27.914267,0
69.12381,88.331985,0
-5.812066,-83.76802,0
-28.288635,107.804794,0
9.128624,-117.072174,0
-67.90373,-72.542496,0
-158.59761,-8.300758,0
-28.478487,107.28815,0
179.20853,19.321678,0
-29.33974,105.85566,0
-32.15132,-2.3218126,0
-2.985239,28.13896,0
73.39762,-142.0436,0
-76.25327,-143.77481,0
-113.79944,22.102259,0
-2.6802506,28.58428,0
144.54807,67.83938,0
-1.5426902,23.12284,0
-17.447569,-24.807726,0
5.068511,48.393356,0
48.909943,-54.335327,0
-91.66043,-137.27028,0
-138.61385,30.508558,0
4.7311254,48.408623,0
105.17989,28.868753,0
0.15495957,47.295,0
-27.755085,-26.937063,0
-122.817314,82.5195,0
-14.064924,-174.40935,0
-145.91661,-67.06622,0
-168.18242,39.58307,0
-122.81414,82.54987,0
194.82751,-3.1396701,0
-127.21808,82.69617,0
-119.59088,52.781338,0
-119.31448,86.96323,0
-13.069344,-174.92863,0
-145.5664,-66.5458,0
-171.4016,37.360153,0
-118.79905,87.26845,0
194.351,-6.408442,0
-117.83301,87.46142,0
-119.06629,52.421535,0
23.874685,149.64929,0
105.73479,-66.34811,0
137.4869,-70.67452,0
45.798164,160.23988,0
39.58181,144.63737,0
68.89009,142.8493,1
45.18046,162.06183,0
38.50426,143.53645,0
52.47832,75.299255,0
46.24237,-75.4066,0
-37.25612,-108.51971,0
-127.528275,-17.282162,0
52.97241,75.40768,0
164.04886,39.05392,0
54.05584,75.734,0
-8.196103,-65.25165,0
65.56851,35.980103,0
69.29016,-95.41182,0
-51.10887,-125.13502,0
-111.70773,-5.4952483,0
65.079025,35.909595,0
98.531456,46.93494,0
60.320477,36.635807,0
-9.425209,-49.69776,0
60.492416,-7.2039037,0
82.61022,-83.15196,0
-47.46537,-154.49123,0
-93.03065,-10.496458,0
60.032482,-6.925931,0
114.372314,81.06515,0
56.409317,-4.4614143,0
20.88881,-48.817,0
-13.851787,25.503744,0
39.59845,-139.02579,0
-101.851,-97.641304,0
-127.21268,20.667448,0
-14.16302,25.585665,0
118.624084,24.638546,0
-14.709186,25.251827,0
-43.288273,-20.564833,0
19.412706,30.229422,0
62.325546,-117.52947,0
-60.664597,-139.12851,0
-116.24943,-3.5198064,0
19.417665,30.539885,0
120.715485,57.781105,0
19.42701,31.402891,0
-13.178893,-38.92642,0
32.02576,83.40634,0
37.44759,-91.77234,0
-60.74567,-118.354164,0
-139.29825,-33.50341,0
33.173233,85.21162,0
146.07094,39.01253,0
33.42929,86.18345,0
-22.229198,-58.41328,0
80.00489,19.905075,0
65.06173,-79.96875,0
-33.254883,-123.17231,0
-111.76301,-21.13102,0
79.7122,20.165306,0
110.2102,51.69904,0
68.2665,13.534889,0
4.7770286,-61.196903,0
33.32576,35.898174,0
54.115055,-115.04839,0
-61.244892,-133.26663,0
-116.48011,1.474061,0
32.84915,36.272755,0
149.17235,55.07285,0
32.207253,36.36356,0
-16.669415,-45.758667,0
54.554462,63.972607,0
49.71362,-78.447235,0
-40.32214,-110.239624,0
-129.4886,-13.517985,0
55.38777,63.05013,0
125.066376,44.901157,0
58.065006,62.921963,0
-7.904841,-67.78079,0
60.937267,-7.9273396,0
82.51747,-82.69209,0
-46.906715,-154.21835,0
-93.01107,-12.08035,0
60.202763,-7.21215,0
117.00675,80.78057,0
57.571312,-5.188966,0
20.730497,-49.516678,0
71.76851,64.14987,0
46.770718,-65.8014,0
-27.670715,-110.43291,0
-120.31714,-23.069109,0
71.54391,63.98705,0
136.2955,36.97467,0
71.35072,63.015343,0
0.926078,-74.794235,0
24.56411,119.823814,0
32.531788,-99.41541,0
-69.90393,-105.66544,0
-162.77228,-26.636269,0
24.501863,119.62839,0
145.40543,29.818438,0
20.925701,122.26206,0
-39.306667,-63.6916,0
52.313847,47.268967,0
57.21457,-77.60837,0
-53.988026,-137.3928,0
-117.51407,1.1422617,0
52.573193,47.217804,0
99.64857,49.51584,0
43.7987,58.493168,0
8.819185,-64.922356,0
78.0747,51.733578,0
51.79215,-69.805786,0
-29.08746,-116.873795,0
-110.91832,-22.43361,0
78.27105,51.966064,0
113.04368,41.946148,0
71.05528,57.755257,0
3.945098,-68.47298,0
64.18394,106.52237,0
25.248491,-75.16675,0
-40.872868,-90.00199,0
-147.50143,-16.015306,0
63.931683,108.04099,0
169.00168,32.103527,0
65.76035,108.70057,0
-19.72066,-85.1372,0
57.295536,83.59084,0
36.51332,-81.12153,0
-42.2174,-101.31076,0
-132.5837,-8.75976,0
56.842777,84.00206,0
143.98428,27.123283,0
56.24565,86.14206,0
-17.491468,-70.661026,0
26.627703,126.56511,0
28.031181,-96.89367,0
-71.3684,-101.157455,0
-159.78613,-22.743013,0
24.7203,128.28792,0
162.0894,-14.745093,0
23.417625,128.8582,0
-41.983105,-68.53816,0
-61.325943,60.10342,0
10.757047,-154.08958,0
-102.76336,-74.27941,0
-180.97232,0.69333404,0
-61.485996,60.926884,0
170.41965,-1.7117356,0
-61.513775,62.10487,0
-72.41878,-8.898307,0
72.16548,-36.064453,0
111.14384,-94.81402,0
66.24109,-41.97737,0
-86.25668,-32.525425,0
72.10096,-36.24915,0
117.47052,100.378685,0
72.246994,-36.36249,0
72.534775,-36.838066,0
-50.874577,155.52281,0
99.73244,-96.647705,0
127.934654,-36.43841,0
113.90741,-33.18059,0
-50.6324,157.44066,0
95.011566,127.69549,1
-50.652515,159.44887,0
-50.8729,158.36555,0
46.393295,12.238111,0
71.35905,-101.88785,0
-41.300472,-136.5171,0
-97.06608,-3.1977153,0
46.48111,11.9585905,0
134.26332,66.31723,0
47.458473,11.603112,0
3.4418633,-43.9348,0
92.229706,5.7379193,0
0.09223117,-117.29804,0
124.96372,-27.875134,0
96.4404,4.330655,0
94.29795,4.9458585,0
184.90494,52.66258,0
94.67663,4.638682,0
93.278336,2.1240726,0
-23.415895,55.25498,0
34.35939,-161.42857,0
-86.85383,-93.006645,0
-111.36925,29.59767,0
-23.90681,55.34437,0
139.48071,-2.3352365,0
-24.30692,55.931698,0
-58.658806,-28.20504,0
-37.698715,67.193436,0
25.939898,-155.22974,0
-94.80457,-83.11656,0
-171.78284,5.0076303,0
-37.77253,66.91369,0
158.54898,8.014769,0
-37.63338,66.21698,0
-61.708374,-18.340307,0
18.686172,94.80858,0
41.828983,-103.21657,0
-66.697105,-114.0755,0
-161.97029,-37.716537,0
18.745146,95.032745,0
136.48924,34.816666,0
18.443802,96.75236,0
-33.14874,-53.75143,0
69.71967,30.0468,0
61.904087,-90.34414,0
-43.663017,-123.65036,0
-110.19243,-8.235383,0
69.49357,29.849117,0
110.65291,59.1271,0
60.643047,32.37525,0
-0.7353036,-54.832035,0
-3.2333014,110.432396,0
42.472244,-117.10501,0
-66.86571,-92.11171,0
-163.59708,6.392619,0
-2.5558703,110.227806,0
146.11636,1.9999961,0
2.2197082,108.276436,0
-42.91816,-47.047817,0
36.3717,108.7143,0
46.264107,-92.60915,0
-55.37367,-108.52578,0
-132.99512,-32.073616,0
36.274315,108.47991,0
154.10318,28.963097,0
35.9476,108.260025,0
-29.805029,-66.03801,0
91.59859,5.022534,0
0.4143935,-117.28449,0
124.1566,-28.447071,0
96.25841,2.9396012,0
92.85003,3.6333177,0
184.33943,52.946423,0
93.288635,3.4373188,0
92.63369,2.4133255,0
-16.77829,15.064819,0
43.136288,-132.99751,0
-101.087296,-105.254005,0
-138.29323,3.0166206,0
-17.280134,15.004572,0
131.68733,30.442053,0
-18.595541,14.9365015,0
-1.591352,-21.660763,0
12.260836,30.345673,0
62.195652,-121.14825,0
-69.65348,-139.60468,0
-115.30871,17.837543,0
11.779715,31.036856,0
133.71014,60.35837,0
10.7175,32.724464,0
-16.863667,-33.230446,0
50.637177,-32.631237,0
103.63784,-104.193985,0
52.364265,-39.130234,0
-118.67627,-36.324028,0
50.67624,-33.228443,0
128.17955,92.68402,0
50.723812,-33.71727,0
50.15112,-35.631607,0
37.04522,67.81689,0
43.935604,-84.99688,0
-47.354485,-104.10738,0
-135.28114,-6.390062,0
35.816574,67.799065,0
126.571434,41.792202,0
34.126736,68.7266,0
-15.284815,-65.22977,0
-75.89763,28.697327,0
54.86729,-148.7942,0
-123.0113,-77.5321,0
-205.51193,3.2508137,0
-75.74699,28.54547,0
111.42155,19.226358,0
-22.156185,35.97715,0
-44.51118,1.3789116,0
-51.342125,125.906975,0
8.726993,-115.33729,0
-74.52958,-60.301456,0
109.99821,-27.817114,0
-51.234722,121.7225,0
180.1531,42.694088,0
-51.175198,128.33252,0
-52.43601,130.65758,0
-130.29369,76.15026,0
-17.483313,-171.9793,0
-150.51181,-70.848404,0
-165.4162,42.68924,0
-130.3812,76.033806,0
196.1751,-6.2993627,0
-128.88226,81.033676,0
-124.347145,54.66268,0
-7.855768,89.95674,0
27.72313,-105.14512,0
-78.79997,-110.48731,0
-169.62543,-20.633106,0
-7.834052,90.00878,0
149.73805,-11.968708,0
-5.3049045,90.37549,0
-47.455173,-59.88719,0
-45.921715,155.70798,0
106.248276,-96.450294,0
128.60893,-35.743584,0
115.00218,-32.48426,0
-46.012585,156.84016,0
89.901436,129.3316,1
-46.52736,157.03564,0
-46.508118,156.89374,0
20.419353,73.54871,0
54.84974,-77.106,0
-42.983974,-113.31521,0
-127.8726,-33.36912,0
20.759932,73.862366,0
115.23704,47.64317,0
22.83373,76.028076,0
-4.762878,-65.88058,0
45.560966,111.044846,0
21.960665,-83.875084,0
-50.043022,-89.78822,0
-145.15129,-9.370177,0
48.697525,112.010284,0
157.884,19.440554,0
50.146935,111.35954,0
-26.881529,-80.95357,0
5.6923056,42.268066,0
75.04455,-71.19753,0
-89.16511,-135.61363,0
-135.01491,30.855825,0
5.280445,42.29028,0
100.26395,65.71177,0
0.25582966,42.738182,0
-25.787668,-29.137901,0
-0.49263152,58.340588,0
43.082684,-54.223713,0
-94.57831,-141.7064,0
-147.43149,18.840351,0
-1.0841025,58.301334,0
108.15005,29.581886,0
-8.904167,53.808235,0
-33.944416,-32.55854,0
74.29352,16.538534,0
67.13867,-83.60513,0
-33.746994,-128.36134,0
-96.93316,-18.768665,0
73.409035,16.515936,0
108.728645,74.993164,0
68.879875,15.708287,0
7.1671243,-55.811928,0
46.446743,114.66357,0
22.22394,-82.66578,0
-48.621357,-91.815346,0
-151.16827,-15.248535,0
46.510204,114.704506,0
156.52731,19.512344,0
51.8444,109.67113,0
-25.171719,-79.04488,0
-115.48332,81.69757,0
-10.61589,-176.79388,0
-144.56462,-63.711376,0
-169.57909,38.53701,0
-115.03477,81.74529,0
192.08716,0.07542626,0
-114.41546,82.56419,0
-115.68101,51.033813,0
37.157524,50.288418,0
66.50736,-70.95772,0
-54.35519,-140.01572,0
-123.16005,-6.4789357,0
36.966145,50.294716,0
100.53794,44.659298,0
41.49081,55.754723,0
10.681206,-65.55302,0
-36.596275,18.738382,0
47.09968,-148.71422,0
-111.658035,-101.1375,0
-132.74786,20.816723,0
-36.637627,18.725178,0
122.302025,22.6959,0
-39.903263,24.416586,0
-64.33346,-34.278965,0
-56.76975,153.34962,0
100.41444,-94.76423,0
126.07642,-39.467426,0
110.52301,-34.1997,0
-57.811672,155.78392,0
96.13247,125.33422,1
-58.868095,159.35156,0
-58.287594,157.53336,0
17.128712,84.74196,0
45.659386,-106.46109,0
-68.61488,-119.50569,0
-112.562294,7.702173,0
17.747437,84.9636,0
145.4469,48.628883,0
19.29665,86.67268,0
-27.71109,-51.160225,0
-45.758656,75.23221,0
19.782526,-151.59546,0
-91.4634,-74.76702,0
-182.31725,6.750433,0
-46.2148,75.5373,0
164.75182,7.1623564,0
-50.52759,77.53501,0
-64.13827,-11.348331,0
-38.992218,53.42303,0
29.968426,-155.61807,0
-93.78821,-87.36358,0
-170.45512,3.4679132,0
-38.84729,53.398743,0
152.55577,10.826788,0
-38.044163,53.17328,0
-62.40796,-20.516771,0
72.77777,32.645073,0
59.21004,-97.34012,0
-51.198112,-123.04246,0
-107.95316,-7.153834,0
72.75799,32.264347,0
117.434654,58.051575,0
56.067112,34.74755,0
-5.960345,-50.54294,0
13.713293,85.25864,0
44.60217,-108.2665,0
-70.90977,-118.26373,0
-154.4107,-40.048428,0
13.939632,85.40804,0
141.06697,-7.495947,0
12.771201,89.026566,0
-31.446753,-49.892563,0
-29.58164,12.967036,0
44.241337,-136.4571,0
-104.95029,-105.000145,0
-136.13281,6.893082,0
-29.126694,13.509264,0
132.5322,29.443586,0
-28.21089,14.718506,0
-50.245316,-30.40463,0
62.567875,50.023933,0
54.090294,-73.46251,0
-35.15659,-117.58846,0
-117.54187,-17.90592,0
62.342743,50.58982,0
115.78693,42.719868,0
60.82912,55.29387,0
-1.4893864,-66.79714,0
-16.201591,96.00736,0
33.70146,-117.819275,0
-78.11934,-92.00773,0
-173.47029,-15.605574,0
-16.27302,96.52507,0
147.66774,-5.1090937,0
-17.088564,97.40917,0
-60.32377,-47.532078,0
-137.32481,87.629555,0
-20.542604,-174.73639,0
-147.08202,-73.26614,0
-167.27405,45.24983,0
-137.10358,87.82535,0
193.40166,-5.550699,0
-132.73976,86.47632,0
-126.81503,52.296303,0
-8.4405365,99.19571,0
36.070866,-111.44299,0
-74.7996,-95.433205,0
-157.56708,-31.35919,0
-8.4526415,99.18443,0
135.94267,-10.333424,0
-7.3136806,97.41197,0
-35.906254,-52.97006,0
-86.724915,77.44348,0
-1.4969,-146.85121,0
-102.67462,-55.103676,0
-188.16159,21.806973,0
-85.96841,77.76062,0
178.48834,-1.2607148,0
-82.577354,80.80568,0
-74.85431,4.7288556,0
-88.550354,76.1455,0
-0.24965902,-147.11812,0
-100.875465,-55.379414,0
-188.8846,23.166319,0
-87.372505,76.82171,0
178.46144,-3.6359267,0
-82.18938,81.73222,0
-74.81468,3.1533163,0
-35.15146,67.63805,0
26.16965,-153.9457,0
-94.91659,-83.969864,0
-171.15701,5.526441,0
-35.360214,67.35666,0
141.0442,21.134125,0
-35.97993,66.5103,0
-60.260902,-17.145758,0
-88.02838,45.16293,0
10.191454,-166.90521,0
-116.86458,-67.38736,0
-196.82858,8.700686,0
-88.0136,45.440247,0
174.85916,8.40839,0
-88.17984,46.194256,0
-56.686474,7.382559,0
38.295593,67.77136,0
43.548523,-85.146996,0
-47.319843,-104.55858,0
-134.676,-5.1193366,0
36.857174,68.558075,0
129.5782,39.857956,0
34.985462,69.092964,0
-15.925794,-65.55651,0
16.663658,32.808468,0
60.1842,-119.275406,0
-67.49942,-138.34396,0
-124.61959,4.2248883,0
16.6059,32.87343,0
141.86932,60.538513,0
12.481138,34.686073,0
-17.070942,-35.80449,0
-19.928274,105.85461,0
32.16118,-117.41651,0
-77.45045,-90.85804,0
-171.92357,-10.27152,0
-19.16536,103.66649,0
148.83026,-4.701713,0
-21.805649,99.01478,0
-59.404953,-45.941505,0
35.365253,54.00471,0
29.150341,-85.42724,0
-52.171932,-98.85021,0
-126.09648,-4.461917,0
35.62041,54.005646,0
155.16551,20.70763,0
36.799274,55.153263,0
-25.73026,-73.32958,0
98.61803,-10.998178,0
-5.777011,-120.49251,0
127.96004,-62.89496,0
106.321915,-10.145916,0
102.08269,-13.494117,0
171.92062,65.96865,0
105.222115,-10.435125,0
102.10434,-14.587966,0
25.953701,113.14118,0
40.90247,-97.39616,0
-63.59893,-106.27178,0
-145.54826,-29.886284,0
26.057322,113.012436,0
136.90047,-15.300284,0
26.56589,114.01883,0
-32.62406,-56.102776,0
-42.4354,71.000145,0
17.319983,-148.51859,0
-94.506744,-78.57279,0
-179.13564,10.112013,0
-42.415573,70.89999,0
163.99284,13.745897,0
-39.553257,69.721825,0
-64.49826,-8.1981,0
22.66814,101.19316,0
44.416775,-100.2459,0
-62.35097,-111.11063,0
-151.72028,-38.018955,0
22.529926,101.077286,0
133.39105,-9.425426,0
21.256037,100.25702,0
-31.932827,-58.968094,0
-36.23129,36.543495,0
36.915993,-147.71489,0
-103.60604,-91.82565,0
-125.79972,21.615473,0
-36.76668,36.994946,0
117.64895,23.382149,0
-38.081112,37.457905,0
-49.445766,-19.226274,0
87.773766,-15.358867,0
1.0779667,-116.64672,0
120.41688,-59.156982,0
92.67006,-26.406586,0
92.096565,-23.265985,0
178.559,59.479504,0
92.33232,-23.925335,0
91.55766,-22.339468,0
-49.93978,70.906456,0
17.383028,-150.82693,0
-95.80324,-75.09205,0
-183.72224,3.4546888,0
-50.541916,71.11308,0
162.69821,13.88952,0
-52.25342,70.59145,0
-66.819405,-8.962855,0
-41.43367,54.77026,0
22.113054,-147.99492,0
-95.982,-76.80222,0
-183.0093,0.5708386,0
-41.462013,55.22773,0
163.17644,9.2929125,0
-41.610302,56.019127,0
-60.46889,-9.359443,0
29.951801,111.778114,0
43.17002,-95.2333,0
-60.011364,-106.96043,0
-150.08395,-27.819765,0
29.93411,111.22283,0
153.2748,-12.798704,0
27.957565,110.6115,0
-34.500412,-63.610043,0
-80.27433,43.772625,0
14.137016,-166.35823,0
-115.902916,-71.65574,0
-198.43834,5.0179276,0
-79.93461,43.89998,0
173.0732,6.6308002,0
-79.535446,45.305458,0
-55.046234,3.7639465,0
16.451157,96.02573,0
40.903008,-103.563225,0
-67.82955,-113.68415,0
-161.17813,-37.689312,0
16.534962,96.305626,0
134.75914,33.14776,0
16.83431,97.783905,0
-34.41227,-53.879307,0
17.63518,122.41705,0
29.423325,-100.91821,0
-73.49264,-104.90383,0
-164.88556,-26.473745,0
17.583435,122.6881,0
153.74615,-14.967931,0
19.218847,123.192024,0
-43.33878,-63.36067,0
6.0227556,47.904575,0
49.20237,-55.36366,0
-90.54576,-135.59569,0
-103.37322,-13.053748,0
6.0715795,48.031456,0
102.95157,29.43278,0
0.75230074,45.623943,0
-27.384684,-27.994898,0
34.0027,-17.371294,0
83.94348,-115.34188,0
-29.991327,-147.80898,0
-92.83356,3.822214,0
33.964252,-17.845959,0
131.22717,75.37731,0
29.4257,-12.279349,0
13.100515,-30.96282,0
-57.31443,30.135197,0
38.901745,-158.41362,0
-117.49407,-90.2642,0
-182.92693,-8.521367,0
-57.36701,29.90836,0
135.239,2.9070957,0
-58.21228,29.783052,0
-68.25878,-24.766981,0
-44.344353,91.55046,0
20.654486,-128.42035,0
-81.65216,-75.43955,0
-175.42621,15.978335,0
-44.61514,91.435646,0
165.51904,19.264109,0
-45.805027,91.3815,0
-38.368996,-8.759035,0
-51.21863,94.3289,0
19.274996,-126.196075,0
-84.626,-66.60444,0
-173.5832,15.573174,0
-50.88267,93.76418,0
169.81337,22.768604,0
-49.687298,92.937614,0
-40.38782,-9.856113,0
-0.9241356,-6.1139364,0
61.0262,-130.76613,0
-112.078995,-116.048096,0
-141.67102,6.1024795,0
-1.2518857,-5.7410817,0
162.31168,20.930532,0
-1.6159354,-4.018077,0
-3.8971686,-13.394975,0
4.2479157,72.25728,0
14.231316,-103.99868,0
-60.995678,-75.94805,0
-153.03908,0.34020674,0
3.8909442,71.277054,0
183.92479,26.453161,0
4.0873737,70.25076,0
-26.007141,-11.834088,0
36.28506,-6.508849,0
77.29977,-114.6596,0
-35.31739,-146.91846,0
-92.561905,-9.318417,0
35.877148,-5.8808417,0
116.69135,75.44108,0
36.358192,-3.4105182,0
6.004797,-34.51101,0
-60.952335,36.04676,0
27.575748,-139.66135,0
-111.62773,-84.23799,0
-199.14973,-3.6454973,0
-60.967773,36.152126,0
127.75578,13.002365,0
-61.160408,41.667,0
-50.116634,-7.1965704,0
-58.28259,111.62262,0
7.6152253,-110.93313,0
-75.53635,-57.040455,0
118.25398,-25.7158,0
-54.41528,113.5387,0
181.19421,46.11971,0
-59.46201,111.2332,0
-60.366707,111.14391,0
18.236286,58.72933,0
56.045887,-84.112015,0
-83.660675,-132.00859,0
-127.86781,-10.933285,0
18.5687,58.35398,0
102.87243,37.251266,0
20.684217,57.70876,0
-27.95122,-35.864044,0
55.572384,112.35991,0
22.592623,-87.21969,0
-54.046516,-91.00223,0
-160.40002,-16.26647,0
55.584248,112.9048,0
193.14482,4.0183487,0
56.542244,114.54798,0
-31.308489,-76.37938,0
-124.73926,71.63471,0
-15.250599,-167.33719,0
-145.36275,-76.965706,0
-163.01112,35.55637,0
-125.23363,71.2842,0
197.17967,-2.8550642,0
-125.34837,70.83902,0
-124.05005,59.964962,0
42.082317,83.78749,0
53.29394,-97.9894,0
-54.15041,-118.81454,0
-129.79909,-30.886265,0
52.46091,39.85298,0
119.43884,56.292206,0
52.919685,40.10652,0
-10.534017,-56.69468,0
-36.952694,63.896103,0
25.158455,-156.12706,0
-93.61756,-83.17332,0
-173.19891,4.443613,0
-37.376423,64.21867,0
154.23764,11.910424,0
-38.83602,63.987106,0
-61.35231,-17.142946,0
-103.64881,75.01625,0
-3.4942887,-176.0352,0
-137.5326,-61.55532,0
-169.33705,30.107056,0
-103.65376,75.14412,0
169.51007,45.547222,0
-103.26255,78.65086,0
-107.92008,55.76118,0
-55.149117,37.49912,0
30.556538,-142.60452,0
-109.46012,-87.46732,0
-131.68805,19.256279,0
-55.38027,37.206726,0
129.41173,14.358825,0
-55.29308,36.457188,0
-50.54369,-17.920212,0
-81.6305,31.710964,0
13.803385,-171.93694,0
-121.71628,-71.76001,0
-207.57576,5.8777676,0
-82.29522,31.780731,0
121.59003,9.762445,0
-86.13688,33.702766,0
-49.667084,8.254318,0
56.95665,101.468285,0
28.557064,-81.41803,0
-47.17333,-96.70616,0
-149.09865,-18.369291,0
57.11784,101.67333,0
143.32233,22.863676,0
58.106136,103.58507,0
-21.582283,-77.011536,0
-85.22139,44.55782,0
11.153878,-168.71147,0
-118.30111,-68.73742,0
-198.34366,8.228268,0
-85.17409,44.772106,0
175.38945,4.7271175,0
-87.141785,41.163353,0
-54.20605,7.207731,0
18.069256,60.299934,0
54.652946,-83.217094,0
-83.426956,-131.30444,0
-128.99702,-11.891478,0
18.666866,59.852848,0
123.89198,44.82076,0
21.24247,58.654903,0
-8.106188,-61.094486,0
31.711859,111.50364,0
43.842762,-94.851234,0
-59.280384,-106.87252,0
-148.29872,-27.600721,0
30.935728,111.524345,0
154.92567,24.205713,0
28.495327,110.85716,0
-33.936142,-64.47393,0
67.07545,26.07942,0
63.536182,-88.81911,0
-41.558796,-126.4916,0
-106.040695,-9.786715,0
66.849815,26.264158,0
112.18652,59.249374,0
62.450554,24.705454,0
0.696965,-53.0846,0
-15.02019,94.39651,0
34.96455,-117.696,0
-78.77741,-93.10329,0
-168.98958,-35.449673,0
-15.102049,93.83135,0
147.78172,-0.7360865,0
-15.683899,93.28852,0
-60.649616,-48.63952,0
60.8563,106.381744,0
27.057981,-79.62957,0
-45.36184,-93.67141,0
-149.35574,-17.51091,0
60.060627,106.54701,0
156.79276,29.059261,0
59.900173,105.451965,0
-20.608576,-78.54438,0
17.855238,60.471943,0
54.675175,-83.04374,0
-83.499695,-131.02716,0
-128.0196,-13.154748,0
18.816092,60.29207,0
122.57569,44.583324,0
21.623178,58.91276,0
-29.18969,-37.018837,0
-1.7515223,32.519157,0
72.6752,-143.4361,0
-78.52689,-145.3956,0
-116.63469,21.91223,0
-2.2300577,32.228336,0
148.1106,68.57943,0
-1.7580783,25.510595,0
-18.844416,-24.454391,0
81.64362,22.040588,0
63.692566,-79.73042,0
-34.159714,-121.770966,0
-112.33214,-20.068932,0
79.96346,22.334833,0
109.50459,52.322998,0
63.36478,58.16661,0
3.4444485,-62.191578,0
-18.579782,39.996376,0
56.73623,-149.13524,0
-102.495346,-132.28809,0
-150.1948,26.793777,0
-19.081297,39.93804,0
110.26783,20.012014,0
-19.998943,40.952988,0
-36.002216,-21.690516,0
59.493473,50.366432,0
54.339333,-76.04703,0
-37.786533,-116.82001,0
-117.8914,-9.930561,0
59.76401,50.950733,0
125.09806,36.138435,0
59.745247,56.99614,0
-2.6973457,-63.717422,0
-79.10393,26.319723,0
16.988472,-175.3679,0
-124.578384,-75.6058,0
-205.65251,3.9579513,0
-79.72216,25.924013,0
118.11626,12.205392,0
-85.43998,27.991993,0
-45.489475,4.3021913,0
-30.496359,93.27199,0
33.412453,-129.67354,0
-103.43289,-104.16585,0
-160.34933,-12.219059,0
-29.79425,92.68955,0
121.9909,-0.38651007,0
-29.444128,92.44783,0
-51.477974,-32.992958,0
64.3225,79.51499,0
42.52641,-72.82597,0
-33.850018,-105.39073,0
-130.15526,-19.018423,0
64.412544,78.91553,0
152.09467,29.61251,0
62.82818,73.62751,0
-7.4437423,-73.904305,0
8.759233,65.12864,0
15.952695,-102.20701,0
-59.8538,-78.056366,0
-151.53447,3.0475616,0
8.356982,65.52315,0
167.75792,43.84838,0
6.312968,67.72576,0
-25.037762,-14.337652,0
-54.46659,126.83947,0
4.392773,-109.14492,0
-72.12873,-58.852135,0
107.428246,-32.014385,0
-49.514214,123.53154,0
176.96515,41.916164,0
-57.406986,128.54086,0
-54.749203,131.26799,0
-30.479223,60.700687,0
30.166882,-158.58939,0
-87.25445,-87.35293,0
-185.74535,-19.238169,0
-30.282648,60.712418,0
140.85103,7.362498,0
-29.710503,60.663017,0
-63.480434,-22.537575,0
9.823405,71.34527,0
14.423648,-100.40887,0
-57.95553,-77.85274,0
-148.57797,3.443706,0
9.263989,70.22152,0
131.79007,35.648636,0
8.4859,69.56021,0
-22.850819,-12.957787,0
-31.73807,158.26302,0
102.76737,-86.31856,0
135.6137,-40.098305,0
120.32169,-27.199291,0
-31.546267,156.07484,0
91.94118,131.54346,1
-31.471289,152.36229,0
-31.323462,154.5916,0
29.267391,120.37344,0
32.072422,-97.70778,0
-68.96921,-102.99388,0
-165.42734,-21.7057,0
29.40369,120.14191,0
151.2736,-6.1391006,0
29.148432,119.243416,0
-44.713478,-62.568954,0
81.28419,96.57063,0
28.410194,-68.1661,0
-31.151688,-93.005104,0
-142.61198,-21.570786,0
80.53726,97.57078,0
173.42262,26.947414,0
78.995804,98.36578,0
-11.922051,-87.318855,0
74.839455,80.8816,0
45.09241,-71.49603,0
-33.018353,-107.45268,0
-132.9285,-20.332186,0
74.219666,80.99532,0
112.35875,44.439014,0
71.5983,83.112686,0
-7.778477,-76.54307,0
4.0580945,40.236298,0
73.4983,-71.05893,0
-87.83328,-136.71729,0
-103.79133,16.503149,0
2.3621893,40.239834,0
104.96727,33.240948,0
1.2115989,40.58818,0
-25.62456,-30.583143,0
13.5801935,154.19734,0
119.40443,-79.74332,0
139.72688,-54.124893,0
3.8146856,165.26485,0
6.1719117,164.17906,0
79.48393,138.4067,1
4.2397304,165.21938,0
6.974825,163.93468,0
1.6335204,175.56682,0
106.97389,-82.012955,0
138.79756,-51.73857,0
122.44891,-25.602365,0
3.2701128,173.20872,0
81.477104,139.9327,1
1.9112324,174.36713,0
2.471534,173.74545,0
73.37564,34.09459,0
58.814568,-97.89066,0
-52.098938,-123.00629,0
-110.73604,-3.16921,0
73.91871,33.474323,0
120.59915,55.128246,0
54.99395,36.036194,0
-7.014649,-49.675186,0
24.934984,150.768,0
104.40272,-65.90864,0
135.75475,-69.87811,0
43.784363,158.0853,0
39.275555,147.057,0
69.49032,141.37587,1
43.4849,160.37819,0
37.696453,145.6159,0
-32.460808,122.486694,0
2.8468468,-111.931755,0
-63.892685,-66.8048,0
-148.42334,-12.869039,0
-31.925312,122.63093,0
176.8136,27.10255,0
-27.02057,119.33619,0
-24.752169,-4.3562794,0
-6.859491,119.03896,0
39.078796,-120.35104,0
-70.03648,-87.85943,0
-168.5141,-2.8902147,0
-7.4588284,119.08937,0
153.77019,-7.9700727,0
-8.103053,119.16569,0
-47.72862,-47.82037,0
59.276596,23.478148,0
70.21735,-97.33784,0
-50.29176,-128.21704,0
-102.895096,-10.02936,0
58.748363,23.40841,0
115.45525,64.00329,0
58.01498,22.933182,0
3.4134748,-48.714302,0
26.512955,127.74214,0
28.121168,-96.52308,0
-70.89436,-101.09852,0
-158.71902,-22.289202,0
25.629604,128.00504,0
172.78775,23.907333,0
23.536411,129.30496,0
-41.27424,-68.7105,0
-25.204184,130.07886,0
1.1631926,-105.09474,0
-61.527325,-64.37508,0
-149.19861,-10.661005,0
-25.19777,129.93892,0
176.15747,31.675508,0
-21.42734,124.61639,0
-22.797085,-4.115988,0
-108.130394,76.966805,0
-6.397003,-176.26746,0
-139.99178,-62.08378,0
-166.34032,30.969536,0
-107.90584,77.973015,0
190.3988,8.912182,0
-107.82695,79.940994,0
-111.108475,54.29175,0
-27.952658,111.50434,0
6.136136,-113.651,0
-65.0426,-71.24322,0
-153.98286,-2.0696084,0
-27.894901,111.710464,0
177.73357,29.770618,0
-28.081123,113.350655,0
-27.059662,-7.4247894,0
47.73898,112.19298,0
22.30467,-83.71189,0
-50.13186,-90.29914,0
-155.19237,-14.498148,0
48.52021,112.18761,0
158.83752,19.615234,0
50.79612,110.958084,0
-27.299715,-80.04271,0
43.865566,8.082073,0
73.48703,-101.07967,0
-39.851604,-137.73926,0
-103.55309,-0.75220764,0
44.172264,8.430051,0
112.12944,72.87752,0
45.744637,9.458631,0
5.339869,-43.682007,0
-59.20474,151.53505,0
100.418274,-90.886215,0
124.24378,-40.483147,0
108.20416,-35.29548,0
-61.11046,153.52695,0
94.79735,124.039185,1
-61.94604,157.22751,0
-61.22247,155.52086,0
-74.99114,129.88821,0
62.659492,-76.40211,0
110.33989,-41.85008,0
-83.983635,129.97388,0
-76.59102,130.36348,0
100.17605,117.90273,1
-76.80061,130.32603,0
-78.32142,131.1154,0
4.489659,18.330961,0
74.19151,-137.04726,0
-71.3896,-146.0644,0
-109.246086,17.075788,0
4.440747,18.590101,0
136.08194,70.34461,0
3.8191884,20.144476,0
-13.242956,-29.680649,0
13.518842,-5.9350424,0
72.047325,-123.65067,0
-97.704445,-112.45352,0
-134.72934,12.7763605,0
13.733699,-5.5667844,0
131.26984,32.181892,0
15.521277,-2.8271928,0
2.446398,-24.698322,0
-32.887848,95.05895,0
31.241552,-129.39665,0
-81.239334,-80.24639,0
-163.3437,-12.438288,0
-33.18093,95.09449,0
162.12383,-1.3543566,0
-36.36684,96.15526,0
-53.240185,-34.055508,0
-62.251804,53.621502,0
18.350067,-143.74635,0
-105.79777,-76.949066,0
-191.31436,1.1416214,0
-62.05101,53.924915,0
169.92992,6.3635993,0
-62.805603,54.462906,0
-60.252117,-4.2382903,0
53.195946,25.566387,0
64.06293,-102.841225,0
-46.97748,-132.40498,0
-104.44084,-2.6203327,0
52.65972,25.693165,0
120.426125,67.854385,0
49.263424,25.435266,0
-2.204453,-43.299667,0
22.652008,118.89139,0
31.305916,-100.43776,0
-71.62172,-105.62464,0
-162.04993,-26.717306,0
22.424175,118.858345,0
157.35942,-16.191721,0
20.278097,120.99156,0
-41.475563,-63.08104,0
-46.27192,76.97447,0
19.510008,-153.79228,0
-89.4656,-75.9282,0
-179.83032,4.0312643,0
-46.83558,77.530754,0
164.37248,5.9282575,0
-47.699356,77.8975,0
-65.794304,-13.218012,0
77.842316,79.51253,0
37.017868,-67.59589,0
-30.029531,-100.66699,0
-137.2791,-24.567846,0
77.66526,79.24788,0
162.5497,36.296997,0
69.71338,86.75086,0
-5.9140973,-80.510956,0
47.816936,-30.147257,0
101.92524,-103.87892,0
-18.150639,-129.02133,0
-117.0384,-35.305466,0
47.68737,-30.518162,0
127.86175,90.54202,0
47.838882,-31.685951,0
47.17021,-34.393402,0
-88.04274,92.97348,0
-5.536672,-142.57297,0
-98.05538,-49.794224,0
-183.22505,20.675041,0
-87.91212,92.43566,0
175.85643,-0.041150115,0
-86.85695,90.29188,0
-76.15206,10.599773,0
-43.894367,75.75375,0
21.694532,-152.7842,0
-91.442726,-76.656364,0
-177.15695,3.7615864,0
-43.996304,75.91028,0
162.38136,12.399851,0
-49.506992,77.653564,0
-63.337578,-13.4472,0
-122.49641,76.17634,0
-14.412592,-171.526,0
-142.38338,-67.87894,0
-160.49405,40.860416,0
-122.445175,75.97191,0
198.36949,-6.8900557,0
-122.70589,75.23439,0
-121.274475,55.17347,0
57.040653,100.26386,0
28.939602,-81.49561,0
-47.179222,-97.36243,0
-138.66655,-10.466824,0
57.13936,100.428215,0
123.03335,36.668,0
57.91642,103.123344,0
-21.323652,-76.30171,0
-74.2809,37.714264,0
17.76864,-169.89034,0
-118.2775,-75.29599,0
-197.37048,3.2949908,0
-74.78461,37.761772,0
119.15059,6.2358146,0
-75.30156,37.702827,0
-49.260998,2.1590424,0
64.639595,-11.098252,0
79.762535,-79.40574,0
-44.349392,-150.21045,0
-92.788345,-16.50998,0
64.07208,-9.604136,0
107.550865,68.88986,0
59.110012,-1.0797291,0
18.316854,-53.489147,0
-66.814964,95.80043,0
0.22190815,-129.3661,0
-90.87655,-62.331715,0
-179.20177,20.110985,0
-66.766815,96.61853,0
183.829,6.7413993,0
-66.91939,97.28421,0
-40.70991,-0.92711586,0
-66.00302,42.999622,0
24.80297,-139.56691,0
-111.20906,-81.30349,0
-200.36739,0.5704838,0
-65.73529,43.792084,0
127.52714,12.480576,0
-63.61967,45.015163,0
-51.789352,-5.09328,0
17.583937,130.89555,0
25.81165,-99.314064,0
-74.74971,-101.44594,0
-161.964,-19.638426,0
17.997818,130.45567,0
157.96709,-12.847787,0
19.066936,129.14378,0
-45.414204,-67.68315,0
6.8514338,72.983,0
13.304841,-102.71132,0
-59.288982,-75.39498,0
-150.64758,0.46403137,0
6.9365854,72.625656,0
174.55383,25.989395,0
7.2743073,71.78138,0
-24.057474,-11.556954,0
-28.479881,86.540886,0
20.769413,-121.08363,0
-79.2412,-68.313805,0
-142.6152,-1.5709532,0
-28.52143,85.93771,0
152.00626,36.02497,0
-28.517649,84.920746,0
-34.67551,-12.605444,0
-82.535355,76.90897,0
0.5589097,-144.66565,0
-102.99517,-56.40738,0
-188.09409,16.777212,0
-82.05014,77.76081,0
178.40862,-2.3088918,0
-81.15847,79.33714,0
-72.09726,4.702372,0
40.04918,40.99576,0
51.212364,-103.9317,0
-65.40111,-125.180244,0
-133.91663,-2.695834,0
39.90551,41.186604,0
148.7259,42.773476,0
33.572876,70.5928,0
-20.58171,-50.235443,0
-45.842937,57.31412,0
27.395138,-156.0804,0
-96.969795,-82.12622,0
-163.64386,11.083573,0
-45.68206,57.615204,0
155.28918,7.8671603,0
-44.92279,58.360718,0
-59.175297,-19.531708,0
19.494616,107.67065,0
41.909855,-98.333336,0
-64.051216,-107.975784,0
-152.24236,-32.614445,0
19.599737,108.47372,0
143.65701,33.189114,0
19.277157,109.03602,0
-35.23863,-61.16277,0
-74.9283,32.009712,0
18.851507,-172.22046,0
-121.46384,-76.40662,0
-206.26685,1.9272403,0
-74.55231,32.044792,0
117.75993,10.164805,0
-73.76504,32.25897,0
-47.0235,1.4119775,0
45.54159,110.28227,0
23.065807,-81.48413,0
-47.91977,-90.54032,0
-143.13747,-11.724533,0
46.142506,110.09602,0
156.11983,23.799871,0
49.265175,109.96338,0
-25.892677,-80.0983,0
16.681982,153.37636,0
114.090546,-77.44647,0
135.39027,-53.240494,0
13.707065,165.70784,0
13.692998,162.48169,0
76.988045,140.12299,1
13.876688,165.15628,0
13.567248,162.15411,0
13.723668,74.103775,0
13.450207,-100.11993,0
-56.06112,-78.34548,0
-131.8967,-27.380617,0
13.655515,74.63914,0
163.56778,47.521835,0
13.455816,75.15691,0
-22.46613,-12.362916,0
61.333256,-7.9620137,0
82.009056,-81.577576,0
-46.244473,-153.23026,0
-94.24084,-12.56472,0
59.46179,-5.969451,0
113.96877,79.921616,0
58.05623,-4.402169,0
19.982838,-51.42457,0
-4.942792,118.05036,0
41.08704,-120.6362,0
-68.10295,-87.14996,0
-170.4691,-3.0276742,0
-5.0513344,118.512085,0
147.26958,4.7389774,0
-4.6342835,119.66194,0
-45.941162,-44.549225,0
38.233063,72.51736,0
41.817513,-83.45879,0
-44.60019,-103.17814,0
-136.22876,-8.425229,0
37.834026,72.540504,0
156.70311,42.619488,0
35.427456,72.54423,0
-13.961788,-66.96706,0
-79.46229,35.94007,0
14.761161,-170.10677,0
-119.53783,-72.37677,0
-201.68593,5.116794,0
-79.96953,35.94808,0
121.283844,6.2208524,0
-84.05329,35.846695,0
-51.485695,4.3940063,0
26.062382,80.82246,0
48.73349,-103.81852,0
-63.95803,-121.325836,0
-112.4062,8.717569,0
26.04951,81.2174,0
144.04233,46.203766,0
25.419506,82.8648,0
-23.139797,-53.447403,0
62.32956,107.735374,0
26.50096,-78.13409,0
-44.46799,-91.98495,0
-148.85027,-16.424541,0
62.47217,107.9637,0
157.70396,21.804409,0
62.182697,109.531494,0
-21.573359,-81.325455,0
-48.592735,127.22842,0
5.1827364,-104.564804,0
-69.79513,-58.856464,0
110.44917,-27.38543,0
-47.008377,125.80504,0
176.22346,42.859215,0
-49.1069,129.40228,0
-49.824013,131.27199,0
71.75887,3.9973214,0
70.369415,-73.495125,0
-51.84269,-142.4754,0
-108.696075,-14.64121,0
70.99692,4.1076756,0
101.295044,61.63329,0
68.5168,5.472177,0
13.697425,-62.931583,0
2.2157211,17.127275,0
76.11428,-138.63167,0
-72.32022,-144.28494,0
-108.37245,15.7328415,0
2.0434341,17.632692,0
137.59392,75.16492,0
2.0570974,20.53728,0
-13.302076,-27.144733,0
88.56595,-51.70849,0
99.65999,-68.938644,0
97.447624,-52.373913,0
-84.50386,-33.617737,0
88.83005,-51.825535,0
114.9675,102.708565,0
91.077,-51.763123,0
93.190094,-51.787556,0
-128.82115,90.65551,0
-16.535156,-176.26059,0
-148.86615,-67.62058,0
-172.06207,43.90908,0
-128.48787,89.818504,0
191.71025,-8.336013,0
-127.8086,84.92584,0
-122.33269,50.51889,0
72.45331,39.208828,0
57.076443,-95.33541,0
-50.589996,-120.01092,0
-112.1594,-8.959502,0
71.954025,39.321247,0
117.64597,38.49432,0
57.522377,38.92363,0
-7.8329396,-53.012707,0
-18.362745,37.427032,0
56.00645,-148.54108,0
-101.93315,-131.68352,0
-148.59464,30.376324,0
-18.944561,37.79952,0
113.58291,19.392593,0
-20.23639,37.81807,0
-35.267582,-21.180666,0
-82.320915,88.58089,0
-1.3571736,-143.63852,0
-98.42786,-54.202385,0
-185.07951,20.441195,0
-82.060295,88.35726,0
173.20369,1.2936668,0
-81.81279,85.2331,0
-72.57627,6.2605085,0
-32.999325,115.83023,0
6.8115067,-120.36042,0
-67.60504,-68.84891,0
-166.40941,-9.482539,0
-32.54249,115.54782,0
181.23547,19.156399,0
-31.67309,115.29975,0
-29.116728,-1.4356723,0
63.53698,44.399303,0
59.885303,-91.01936,0
-45.79874,-121.51529,0
-115.749504,-6.5936227,0
62.551964,43.5374,0
101.52322,53.470642,0
60.92527,42.72258,0
-11.573298,-52.535038,0
-28.41043,33.09406,0
52.289494,-152.2336,0
-107.276245,-129.42252,0
-185.74152,-9.955259,0
-28.360172,33.309208,0
111.92038,14.036918,0
-28.68727,33.519726,0
-37.018307,-16.720297,0
-45.213943,89.83414,0
17.404179,-127.39406,0
-80.99957,-69.79656,0
-145.12254,5.196393,0
-45.332592,89.87157,0
163.39462,22.992746,0
-46.44116,90.017105,0
-35.763016,-9.868431,0
-82.29566,37.68768,0
12.826683,-170.83348,0
-120.46959,-70.6081,0
-202.22795,7.8376436,0
-86.16576,36.63643,0
120.48929,6.9583926,0
-86.248474,36.761826,0
-51.219967,6.4829416,0
-59.20613,19.875559,0
44.47143,-158.78612,0
-120.03953,-94.484116,0
-186.28372,-6.113386,0
-58.780396,20.452087,0
131.56004,5.3946996,0
-56.879753,24.359463,0
-69.70958,-29.551441,0
69.89502,97.15965,0
31.150316,-74.8371,0
-37.566982,-95.136665,0
-155.6352,-21.598736,0
69.824715,96.67299,0
160.92853,28.753344,0
69.48018,95.19829,0
-14.793808,-80.86842,0
-25.440443,19.396664,0
47.38327,-137.43224,0
-106.55954,-107.20617,0
-132.87927,8.448915,0
-24.915491,19.081537,0
126.45476,28.2221,0
-23.963081,17.832851,0
-7.7702093,-23.626505,0
-8.562335,81.89411,0
24.899836,-108.43674,0
-81.379776,-114.79284,0
-174.73085,-22.702585,0
-8.513246,82.44485,0
150.59,7.5737805,0
-4.15009,84.74935,0
-51.308674,-57.042236,0
34.894245,11.176008,0
81.40943,-85.95262,0
-52.624954,-154.58714,0
-103.9684,2.6144705,0
35.3036,11.096738,0
121.992065,77.77335,0
30.715307,16.241936,0
20.570436,-45.8977,0
32.649414,-14.501955,0
84.62971,-113.6369,0
-30.676651,-149.69978,0
-95.18696,4.8083663,0
32.22163,-14.0822,0
129.24281,75.59424,0
28.634275,-11.31689,0
11.643193,-32.541615,0
-38.384743,89.40023,0
15.4472885,-132.82266,0
-77.833694,-76.59885,0
-159.37906,-7.991724,0
-38.854847,89.70559,0
181.40471,21.557066,0
-40.144627,90.600975,0
-33.142406,-3.7537506,0
66.14047,75.16084,0
46.046352,-72.273605,0
-33.513668,-108.59944,0
-119.3804,-17.128788,0
65.62328,75.00198,0
113.367355,42.73989,0
64.531395,73.70486,0
-3.6535573,-69.58332,0
77.24344,52.11002,0
52.267925,-69.45001,0
-30.039644,-116.47998,0
-114.35085,-18.889048,0
77.31647,52.637325,0
106.68719,53.975784,0
72.45844,58.65366,0
3.428801,-67.6299,0
70.47282,79.130264,0
46.720448,-71.65543,0
-33.854645,-109.949165,0
-124.7978,-19.597372,0
70.22998,79.02638,0
115.46329,34.720062,0
67.47544,61.42168,0
-3.7602367,-72.07146,0
-53.656315,37.39509,0
30.607195,-143.60934,0
-103.94278,-84.51653,0
-195.41728,-7.690919,0
-53.752316,37.04383,0
157.84106,14.547296,0
-53.87317,36.10271,0
-54.608444,-11.521265,0
-52.945538,124.787605,0
5.354384,-115.41073,0
-74.29111,-59.31267,0
109.60449,-28.15825,0
-51.671066,123.006996,0
178.74173,40.864174,0
-56.52739,125.93123,0
-53.584274,129.83627,0
80.195045,96.276985,0
28.071484,-68.85986,0
-30.97825,-93.39582,0
-152.23152,-10.126394,0
79.77665,97.04304,0
165.27296,32.334717,0
78.55228,98.010605,0
-10.654971,-86.67308,0
74.51926,-1.1972414,0
73.5373,-77.481926,0
-51.78957,-145.3557,0
-106.89472,-13.560794,0
74.130005,-0.68772864,0
109.43628,64.3883,0
65.16042,4.499548,0
14.242799,-58.169514,0
-47.912724,35.733257,0
33.37234,-142.58257,0
-107.99002,-89.218834,0
-124.375084,22.815987,0
-47.85489,35.731403,0
121.91698,11.844343,0
-44.85689,39.603233,0
-50.171715,-3.1037529,0
-32.171387,45.4112,0
33.6277,-152.8713,0
-95.285126,-92.26064,0
-186.98924,-21.369635,0
-31.738596,45.23132,0
138.05795,21.294018,0
-31.016394,45.329605,0
-55.02078,-22.448158,0
-7.0392385,29.230543,0
72.8234,-144.66908,0
-78.516106,-142.19383,0
-113.202324,25.673477,0
-6.701094,29.022587,0
136.19286,0.3594019,0
-4.9165535,23.908037,0
-19.19213,-23.179447,0
-6.149057,110.92258,0
41.159283,-116.228645,0
-68.227936,-92.41242,0
-171.55328,-5.7272253,0
-6.2792807,110.94011,0
145.7903,-12.062039,0
-6.8933034,109.56497,0
-42.688385,-48.761276,0
24.606466,-3.7111554,0
75.764915,-118.681435,0
-94.87094,-119.46734,0
-96.52986,3.252067,0
24.006996,-4.2212105,0
124.75767,66.306,0
22.65646,-4.934531,0
2.7170873,-31.015364,0
-40.152786,31.359818,0
38.631744,-143.78926,0
-107.0523,-94.62304,0
-122.08726,20.924725,0
-39.955513,32.106976,0
119.33136,51.661865,0
-39.920322,34.72413,0
-45.535397,-18.935081,0
-65.47302,56.618874,0
16.568295,-144.47626,0
-102.95355,-72.467606,0
-185.45573,-2.024705,0
-65.59688,56.477566,0
166.89656,6.806471,0
-65.98255,59.931744,0
-61.544247,-3.598685,0
-7.116794,7.5157332,0
54.850803,-128.84375,0
-106.88558,-121.81125,0
-138.91078,12.247735,0
-7.3305693,7.6291127,0
121.60302,-4.605474,0
-7.7256126,8.125923,0
-9.647585,-18.187181,0
-6.8707695,-7.3586082,0
61.21599,-132.9242,0
-114.49718,-117.463135,0
-143.56473,9.991576,0
-6.556047,-7.09287,0
128.4898,-10.215249,0
-5.401282,-6.085908,0
-5.574503,-11.667182,0
-49.455067,70.046844,0
17.126734,-155.5639,0
-90.67162,-79.35412,0
-178.88138,-0.6291865,0
-49.77925,69.64845,0
159.76746,6.925939,0
-52.199043,70.124855,0
-67.57322,-8.869136,0
51.981804,30.071192,0
63.069874,-100.57695,0
-47.695705,-130.19612,0
-115.80714,-12.330483,0
51.69636,29.964384,0
117.176796,61.93959,0
47.449406,37.527435,0
-3.2246368,-45.69936,0
1.2117316,175.62077,0
106.48908,-82.11751,0
139.53046,-51.893463,0
121.82514,-25.758297,0
2.78605,172.62338,0
81.889046,139.4753,1
1.3190247,174.1286,0
2.1597586,173.50957,0
-114.26187,77.447205,0
-9.398217,-174.3454,0
-141.76913,-65.22901,0
-169.27553,34.778732,0
-114.399506,77.795265,0
192.83339,-0.0329186,0
-110.55046,83.15775,0
-115.008965,54.688545,0
24.366066,14.271057,0
79.415924,-90.58682,0
-57.753113,-152.2217,0
-111.068054,3.0324504,0
24.992788,14.613554,0
139.90823,50.578133,0
25.811949,14.034127,0
16.819538,-42.440376,0
21.631073,-21.241503,0
86.544334,-121.78741,0
-93.21212,-109.09027,0
-130.09303,14.709349,0
21.670319,-20.810232,0
135.2125,-5.54058,0
18.7435,-18.310913,0
11.020061,-23.553047,0
-35.437737,39.043495,0
36.383457,-145.74814,0
-103.68373,-93.22144,0
-122.67602,18.454065,0
-35.87741,38.98073,0
119.5609,24.066809,0
-38.10727,39.170197,0
-48.46489,-19.538929,0
13.637509,93.14334,0
40.18112,-108.483955,0
-70.27105,-114.39481,0
-165.98016,-38.830933,0
13.512346,92.85834,0
138.25015,-8.808539,0
13.318627,92.42917,0
-35.094795,-51.787205,0
-16.657179,20.878054,0
14.966515,-121.33955,0
-89.636826,-104.45836,0
-131.35986,10.706553,0
-16.395031,21.418667,0
133.22699,27.622826,0
-16.118046,22.016,0
-30.86704,-11.2506695,0
0.8015558,28.512344,0
71.54889,-139.78285,0
-75.82703,-146.88132,0
-112.2265,19.802998,0
0.6868097,27.695414,0
143.22446,64.93699,0
0.63345337,25.359634,0
-17.475822,-27.984556,0
-86.49825,43.87705,0
10.973519,-168.32603,0
-118.04854,-68.548584,0
-197.88535,8.701827,0
-86.85277,43.750793,0
175.14067,5.5441856,0
-87.359215,41.448116,0
-54.48013,7.0277653,0
-60.42921,20.745523,0
44.21877,-159.46384,0
-121.022514,-93.781204,0
-185.84158,-6.3009424,0
-59.708305,20.85692,0
162.72612,3.6495626,0
-57.83051,24.91308,0
-70.38411,-28.71265,0
-73.73866,77.70674,0
48.8139,-155.23729,0
-110.52198,-66.390816,0
-189.95825,6.3197803,0
-73.79298,77.73901,0
175.18683,18.075186,0
-70.56402,74.41635,0
-64.30345,0.67253846,0
25.574165,151.33551,0
104.42307,-67.33185,0
134.8501,-68.235245,0
41.550217,155.80444,0
38.983273,149.23717,0
69.12623,140.40335,1
41.53568,157.33873,0
38.111057,147.76971,0
-127.335785,71.80714,0
-16.182901,-167.1128,0
-146.8879,-77.23544,0
-160.27823,38.33068,0
-127.03582,71.90201,0
199.6811,0.17470153,0
-126.60702,71.6602,0
-124.97217,60.97719,0
-85.3845,70.811615,0
-0.14506423,-149.61919,0
-100.33602,-58.14468,0
-190.88632,20.474396,0
-84.26989,71.32148,0
175.6324,-3.6852536,0
-82.76874,71.85605,0
-77.13059,2.9910572,0
-60.557518,74.96502,0
9.695363,-144.14714,0
-100.00672,-65.942085,0
-159.99817,20.077984,0
-60.64271,75.10725,0
171.9528,11.360165,0
-60.607365,75.972786,0
-69.39318,-1.462371,0
76.72971,-1.0830169,0
72.54892,-78.81442,0
-54.0477,-145.41757,0
-105.81249,-15.144505,0
29.058569,22.935099,0
132.62396,60.63564,0
29.201048,23.121838,0
-10.055835,-34.45365,0
-14.392843,44.906246,0
60.31126,-148.68575,0
-101.23162,-135.88725,0
-151.81676,24.28286,0
-14.8361225,45.52681,0
109.6155,14.874887,0
-15.893703,47.789547,0
-36.85483,-25.715147,0
-53.066654,29.957207,0
40.16561,-157.9013,0
-116.0765,-92.19186,0
-185.22675,-13.021104,0
-53.17979,30.24588,0
132.2605,2.1396194,0
-53.116913,30.734901,0
-65.93232,-27.226107,0
-2.9540176,32.770596,0
69.61472,-144.62822,0
-80.47113,-144.28458,0
-114.853065,23.023024,0
-6.095207,33.282467,0
151.60623,64.53206,0
-7.732633,34.028687,0
-21.984428,-24.671825,0
3.26089,72.66633,0
14.623839,-104.4581,0
-61.716095,-76.21833,0
-153.72652,1.289385,0
2.73899,71.80332,0
169.38763,40.830894,0
2.38651,71.13727,0
-26.585,-11.771321,0
-79.96712,31.277462,0
14.787002,-172.81328,0
-122.078545,-73.28125,0
-206.05495,5.5614533,0
-80.42506,31.577461,0
121.938774,7.101552,0
-85.384605,33.40735,0
-48.915886,5.5201683,0
-85.02704,68.21021,0
1.9622321,-149.67305,0
-98.25493,-58.988136,0
-189.96985,20.143253,0
-83.910355,68.121826,0
171.35683,-1.2862256,0
-81.7768,69.63683,0
-75.59249,0.3134146,0
0.6601341,61.00082,0
41.278027,-58.77897,0
-97.64913,-138.56427,0
-146.89636,23.866173,0
-10.733669,50.503265,0
99.33599,31.181076,0
-11.501583,50.942154,0
-33.32938,-35.018486,0
51.381023,29.029663,0
63.97806,-100.93185,0
-47.333603,-131.04181,0
-107.79279,-8.924481,0
51.236656,28.78839,0
119.3061,67.35761,0
47.759457,27.195337,0
-2.260578,-45.49613,0
42.775486,32.235992,0
61.22256,-104.19451,0
-54.566875,-130.30104,0
-109.017624,6.0599875,0
43.246525,31.925133,0
130.89966,57.13762,0
45.56388,31.099674,0
-4.2074065,-42.40236,0
24.971909,47.522655,0
55.43218,-106.42094,0
-79.13321,-124.52106,0
-127.33545,2.3118348,0
24.688461,47.786926,0
131.68602,51.50076,0
19.521088,49.754265,0
-25.328388,-41.41472,0
41.437977,32.339428,0
60.669586,-105.58511,0
-55.345764,-129.70462,0
-104.33524,-0.2580582,0
41.606636,31.753834,0
133.08649,62.949596,0
43.896564,27.8303,0
-6.5189853,-46.11496,0
43.478195,7.923183,0
73.6252,-101.7462,0
-40.255325,-138.1944,0
-96.84614,-1.9718562,0
44.73085,8.936636,0
120.50413,74.72052,0
45.8669,8.807607,0
5.183908,-43.018288,0
-137.08131,84.36794,0
-20.54587,-174.144,0
-148.20389,-72.681526,0
-167.88033,46.631523,0
-136.84546,84.82542,0
200.27904,-4.129558,0
-134.34656,84.63223,0
-127.18017,52.171272,0
14.7207575,152.43683,0
116.33183,-78.81319,0
138.45406,-55.10485,0
7.7657385,156.27533,0
7.91358,158.95403,0
77.502174,138.29233,1
8.446825,156.62357,0
9.357479,159.59628,0
58.89014,83.866394,0
36.163326,-79.46122,0
-41.004375,-100.93678,0
-133.01826,-12.056088,0
58.565697,85.26424,0
155.47571,36.70531,0
57.578625,86.86764,0
-17.18217,-71.89455,0
44.58566,93.23414,0
51.59323,-77.25033,0
-38.773453,-113.64677,0
-121.23565,-29.11857,0
44.6589,93.195076,0
127.507996,41.25623,0
65.163574,59.74594,0
-1.505688,-62.15439,0
-58.248203,151.69168,0
100.46411,-90.06755,0
124.65005,-40.074467,0
108.8838,-34.833122,0
-61.04905,153.11694,0
95.23857,123.93838,1
-61.133316,158.3936,0
-60.53152,155.76852,0
-46.838356,74.00742,0
19.141708,-151.72679,0
-90.79172,-74.51814,0
-180.9275,2.1389415,0
-47.101337,74.26519,0
165.81047,5.5760818,0
-50.020947,75.927376,0
-63.669373,-10.814222,0
81.30585,-53.87879,0
116.79063,-94.53292,0
74.96856,-56.908295,0
-85.97392,-36.664032,0
81.66216,-55.06417,0
117.73855,104.34197,0
82.27778,-56.31486,0
78.577835,-56.973373,0
74.569756,16.220774,0
67.120544,-84.236916,0
-33.02061,-128.38084,0
-97.75925,-19.55755,0
73.2151,16.643318,0
109.48455,76.089775,0
69.027336,16.525734,0
8.255679,-54.582603,0
-47.567528,47.845367,0
28.246008,-145.93057,0
-103.28831,-86.917404,0
-190.44162,-11.958402,0
-47.4223,47.786343,0
130.76004,15.264415,0
-46.674034,47.510925,0
-55.98902,-18.668966,0
81.95671,77.09752,0
35.81384,-66.864136,0
-28.321259,-98.84729,0
-136.28943,-23.705044,0
82.09311,77.33691,0
164.3738,35.177086,0
69.867615,88.67769,0
-5.3892035,-82.91366,0
42.311115,20.180456,0
67.441185,-105.21195,0
-47.53241,-134.93288,0
-100.215614,-2.392676,0
42.72573,20.076471,0
117.415146,59.79487,0
44.998837,21.104223,0
-1.6787922,-40.61278,0
18.308874,131.31105,0
25.538445,-98.85544,0
-74.72431,-100.969025,0
-162.51534,-20.982044,0
18.421831,130.60722,0
160.27295,-12.303685,0
19.583729,128.90097,0
-45.302574,-68.18968,0
90.26653,-46.08943,0
99.968475,-66.78192,0
98.51456,-49.75112,0
-82.48853,-32.979687,0
91.31366,-46.16562,0
114.24906,100.74121,0
92.33847,-46.39833,0
94.57025,-47.36776,0
-34.077667,58.31748,0
28.575628,-160.8843,0
-89.69322,-86.24928,0
-179.50931,-7.1137304,0
-33.92256,58.038857,0
158.18187,4.8297963,0
-40.635517,58.06236,0
-67.23796,-19.242928,0
-34.616386,92.16812,0
30.756119,-131.07402,0
-80.38147,-78.3224,0
-161.90729,-10.545404,0
-34.932842,92.54401,0
171.09119,4.487025,0
-38.204197,94.278076,0
-52.99459,-31.78243,0
15.370227,96.85946,0
40.38583,-104.33678,0
-68.64423,-113.177704,0
-162.4071,-32.906567,0
15.600124,96.9609,0
135.42914,-13.744235,0
15.89891,98.005714,0
-35.672783,-55.16173,0
-117.70233,98.391106,0
-11.670762,-166.36531,0
-142.77141,-73.93031,0
-173.86325,31.108828,0
-117.584175,98.08047,0
163.43471,1.8185868,0
-117.208,95.39454,0
-119.542206,60.050476,0
43.53147,40.944706,0
54.54484,-103.4282,0
-62.586605,-123.955025,0
-120.56967,0.4903089,0
43.973145,40.68637,0
140.07817,47.458435,0
45.200466,39.233288,0
-20.510267,-52.3701,0
47.983727,-30.168047,0
101.986305,-103.805504,0
-18.036871,-128.70241,0
-118.19581,-35.333546,0
47.965694,-30.525734,0
126.66626,90.60971,0
47.84022,-31.98792,0
47.29615,-34.41727,0
-118.67056,85.27327,0
-12.622787,-176.72025,0
-146.01756,-64.976135,0
-170.50343,39.38721,0
-118.01822,85.38984,0
190.03749,-7.914825,0
-116.65827,85.72496,0
-117.57719,50.98963,0
43.10426,113.29698,0
41.80419,-112.62822,0
-48.475708,-87.65272,0
-153.16693,-15.582718,0
43.013863,113.442444,0
150.85309,24.893167,0
42.479336,114.00087,0
-40.058353,-48.89923,0
-41.859303,85.39964,0
14.464388,-129.90071,0
-79.315834,-74.049576,0
-150.60983,9.327047,0
-42.137627,85.290695,0
163.43654,18.28021,0
-42.754604,85.847466,0
-34.41239,-6.5869336,0
-48.95148,72.35251,0
18.28386,-151.744,0
-97.25514,-75.70254,0
-182.07997,3.921638,0
-49.29914,72.951546,0
162.3433,10.693067,0
-50.852226,73.64721,0
-68.6544,-8.990719,0
-19.626762,23.094526,0
14.253087,-123.88238,0
-94.67023,-104.464165,0
-137.64977,18.012554,0
-19.37678,23.298088,0
133.31105,25.688208,0
-18.882088,23.338228,0
-31.180193,-16.397505,0
40.897835,49.942314,0
67.983025,-72.76423,0
-52.47173,-140.75581,0
-123.95345,-6.674751,0
41.38088,50.478966,0
123.0047,38.835735,0
42.12419,53.64031,0
13.111232,-64.798065,0
52.781513,22.976118,0
65.51399,-99.6132,0
-45.910473,-130.84618,0
-103.77586,-2.9736433,0
52.086926,23.1136,0
116.124245,59.946217,0
47.39608,24.355904,0
-1.3040468,-46.611736,0
10.481084,15.13656,0
73.481026,-134.2638,0
-68.941574,-147.60184,0
-115.21822,19.318409,0
10.559963,15.294084,0
136.85045,68.29293,0
8.631575,19.153143,0
-10.293123,-31.806702,0
72.33996,79.79604,0
35.447166,-72.22828,0
-34.563698,-99.701584,0
-131.86105,-20.430258,0
72.33412,80.74179,0
165.77432,32.56813,0
69.71923,84.17638,0
-8.768366,-79.13787,0
41.461597,86.82681,0
49.731415,-101.26372,0
-58.98256,-125.22328,0
-119.28289,1.1683046,0
41.526783,86.964325,0
137.22198,52.658295,0
41.939198,87.467735,0
-26.775787,-58.437763,0
40.81996,69.17876,0
44.224773,-83.00903,0
-45.508358,-105.66068,0
-133.99818,-3.8946605,0
41.64895,69.14058,0
123.322624,41.828503,0
42.74583,67.818634,0
-17.27551,-67.61714,0
74.31996,4.4209085,0
72.410355,-77.564705,0
-51.479927,-144.68497,0
-109.20211,-15.518168,0
74.30017,3.7380974,0
103.98316,62.697693,0
65.037895,5.719208,0
13.038582,-58.92687,0
2.3754816,121.670555,0
43.876984,-122.92245,0
-64.23199,-85.31638,0
-158.88715,0.9236569,0
2.1729386,121.840836,0
158.77324,50.316547,0
2.6077356,123.63384,0
-44.574833,-42.105694,0
17.355104,13.32155,0
70.25761,-130.566,0
-64.10407,-147.25212,0
-99.74734,-9.3504925,0
17.283463,13.028277,0
99.11767,38.098583,0
17.525621,12.12474,0
5.553298,-50.484917,0
-78.57929,30.313864,0
16.259926,-173.38185,0
-122.26351,-74.51244,0
-204.09998,3.942987,0
-79.21152,31.034023,0
116.75328,9.75779,0
-84.15317,32.54638,0
-48.231525,4.272399,0
88.83241,-49.572815,0
99.00748,-68.11071,0
98.25219,-51.450584,0
-83.11772,-33.978638,0
90.217255,-49.624023,0
114.96599,101.74604,0
91.29477,-50.102615,0
94.480835,-50.42755,0
-71.05601,49.500694,0
15.328352,-139.22337,0
-110.36729,-75.14224,0
-196.04425,2.4683273,0
-70.700294,49.1311,0
175.26562,11.23087,0
-70.499535,48.879456,0
-59.071793,0.18012887,0
22.587595,2.2984614,0
71.82434,-117.81776,0
-94.16236,-116.50063,0
-117.41255,9.696774,0
22.367498,2.1863782,0
125.377106,68.86497,0
20.019587,1.3254569,0
0.44200015,-31.5621,0
62.82518,106.62544,0
25.96839,-75.84166,0
-41.07726,-90.946785,0
-148.0727,-17.026617,0
64.64436,107.27139,0
161.86937,28.941093,0
65.269554,107.67812,0
-19.092173,-83.70827,0
-57.77671,38.38889,0
29.664335,-139.843,0
-110.35499,-84.831604,0
-200.2987,-4.7025185,0
-58.349743,39.69874,0
122.611275,10.905333,0
-58.793983,40.651764,0
-49.634132,-8.408895,0
-41.646935,74.87761,0
22.198645,-150.8313,0
-93.77191,-75.9089,0
-178.62097,8.083089,0
-41.66256,74.88255,0
165.00041,12.689575,0
-53.02999,79.426155,0
-63.73425,-9.342297,0
72.09663,0.6438677,0
74.16225,-76.93185,0
-50.32141,-145.7244,0
-104.68158,-15.33107,0
72.174835,0.016024444,0
108.33966,63.775852,0
65.66484,3.4933333,0
14.338338,-58.58293,0
-19.89926,95.36042,0
33.49717,-119.271576,0
-79.33094,-91.39871,0
-175.32672,-14.619724,0
-19.688602,95.19543,0
149.06328,-7.0982265,0
-20.013666,92.82721,0
-61.8134,-46.906536,0
-93.9767,49.443977,0
6.65544,-166.06134,0
-116.31671,-63.996155,0
-194.27074,11.720125,0
-92.611206,50.10376,0
177.77077,6.554365,0
-90.92841,50.70938,0
-59.352825,9.571804,0
-68.114006,79.39036,0
12.083639,-139.01749,0
-107.53602,-66.93748,0
-188.43391,6.61995,0
-67.97114,79.15688,0
169.98918,10.953334,0
-65.92481,76.55225,0
-62.544247,1.4753106,0
-120.0832,96.786736,0
-12.198617,-166.50926,0
-144.72789,-73.66492,0
-168.11516,47.944836,0
-119.51599,96.33114,0
195.01582,-1.9698107,0
-119.39111,94.91873,0
-120.00433,60.044655,0
-11.314059,62.40299,0
37.07847,-57.383785,0
-100.31617,-141.16907,0
-158.63739,19.290518,0
-11.284558,62.174023,0
147.36588,17.147825,0
-12.556139,59.84441,0
-36.911304,-36.22978,0
73.20612,35.985806,0
57.416527,-97.22528,0
-52.077213,-121.63477,0
-112.55106,-1.8936713,0
73.56791,36.193935,0
121.947205,53.74352,0
54.498524,35.113144,0
-8.290126,-50.291706,0
68.91453,-36.05164,0
110.9104,-96.34262,0
64.470085,-41.272896,0
-87.56457,-31.3756,0
68.90926,-36.38816,0
118.600266,99.85665,0
68.90077,-36.83782,0
68.29823,-37.941925,0
37.12462,0.80755275,0
68.2704,-86.74339,0
-31.104044,-126.72753,0
-92.25198,-1.6212655,0
37.23016,0.8055003,0
105.80382,73.81365,0
38.20794,0.9099811,0
3.038046,-57.81318,0
43.04643,18.048077,0
67.15749,-103.72418,0
-46.565987,-134.27742,0
-107.322395,7.6754065,0
43.49033,18.273367,0
120.06417,71.00995,0
45.172493,19.347494,0
-0.9908127,-42.065025,0
90.34756,7.3436,0
12.859538,-130.81502,0
-89.47424,-69.6205,0
122.63299,-27.36647,0
-36.822254,80.47794,0
181.75569,48.099895,0
90.18037,7.7360888,0
89.55202,7.984113,0
16.544815,94.85211,0
41.401825,-103.820496,0
-67.510635,-113.67841,0
-161.15898,-35.537876,0
16.776102,95.08369,0
135.10602,-10.420649,0
17.724516,97.46429,0
-34.08666,-54.463642,0
-15.794326,11.75034,0
45.45638,-131.48703,0
-101.63802,-107.74654,0
-136.68172,4.159906,0
-16.073353,11.875925,0
128.62854,42.267666,0
-17.620735,12.3303585,0
-3.1489007,-22.524876,0
52.57128,9.571714,0
72.444,-97.33452,0
-39.431313,-134.4645,0
-100.29997,-8.855517,0
51.87739,9.70535,0
108.05157,70.86685,0
50.45724,10.900208,0
5.708426,-46.774326,0
-69.299675,81.95355,0
8.478322,-137.67815,0
-107.34614,-63.96642,0
-189.66666,9.137743,0
-68.96566,81.5327,0
174.0906,12.661699,0
-65.06581,78.57144,0
-64.47267,4.1771946,0
-31.924482,131.17822,0
3.9992404,-106.61343,0
-61.669613,-62.961662,0
-150.15292,-8.335614,0
-31.92432,131.09492,0
175.49097,35.377407,0
-21.37419,122.83224,0
-20.756275,-2.6518328,0
-84.46873,64.81771,0
3.4870422,-150.64053,0
-97.00221,-61.069214,0
-169.8472,18.64433,0
-84.23819,65.04756,0
136.66106,16.283772,0
-80.58214,67.04714,0
-76.51766,-1.3698982,0
-8.637748,164.80424,0
106.02556,-80.37201,0
135.51073,-37.625813,0
129.85239,-61.359917,0
-8.399689,153.83293,0
84.605415,133.3842,1
-12.501951,168.20767,0
-11.483399,167.09685,0
51.043987,62.647377,0
51.854507,-82.97827,0
-45.132595,-112.7486,0
-125.040276,-12.705252,0
25.360865,59.304554,0
124.56379,41.426723,0
24.966534,59.706585,0
-12.58203,-60.21504,0
66.582184,104.85665,0
25.472578,-74.2651,0
-40.087944,-89.98604,0
-145.81998,-15.551454,0
66.654625,105.0343,0
159.79654,32.81544,0
67.05078,107.3786,0
-18.63362,-85.148315,0
-90.40578,46.25641,0
8.967828,-166.85356,0
-117.22511,-66.115944,0
-195.96315,10.935834,0
-90.08396,46.56145,0
174.39928,7.3611107,0
-89.31044,47.902695,0
-57.487217,8.299597,0
-20.725819,95.11229,0
33.426662,-120.110245,0
-80.00148,-90.45208,0
-175.38058,-13.53155,0
-20.884333,94.45254,0
147.71971,-7.7410035,0
-20.671707,93.18058,0
-62.204357,-46.620167,0
56.594433,16.945517,0
69.27521,-98.5616,0
-37.183647,-132.94856,0
-106.18351,-25.214712,0
56.816196,16.529747,0
125.67153,57.75048,0
57.100483,15.7024765,0
8.286668,-48.17555,0
-10.299555,61.816372,0
38.190224,-57.583344,0
-99.63018,-140.80457,0
-153.42456,15.687843,0
-10.684407,60.921253,0
112.67918,30.801914,0
-11.597815,59.154827,0
-36.13329,-35.645603,0
-112.025345,76.67164,0
-8.964441,-173.64102,0
-141.9965,-65.38417,0
-168.97287,31.939789,0
-111.6044,76.66064,0
189.23624,-6.9419913,0
-109.909676,83.88071,0
-115.17885,55.123543,0
-24.68642,76.60973,0
23.239855,-127.14517,0
-84.42102,-71.60687,0
-173.3894,11.708018,0
-25.330158,77.573166,0
164.61449,21.52236,0
-24.926931,78.43004,0
-41.780735,-12.736248,0
74.27499,27.647839,0
67.76993,-97.64418,0
-38.78718,-127.0489,0
-101.83854,-7.903362,0
74.200874,27.816263,0
119.40282,71.03706,0
62.11438,18.619953,0
1.6411685,-47.019325,0
-31.885696,94.38118,0
31.618952,-128.89542,0
-81.46355,-78.2228,0
-162.03238,-14.004913,0
-32.11409,94.034225,0
153.00494,7.796755,0
-38.30638,95.7547,0
-52.89435,-32.95444,0
6.2536335,52.924835,0
41.677074,-52.062294,0
-95.87999,-145.86012,0
-148.23795,17.512476,0
6.20141,52.909737,0
164.41061,50.73216,0
-9.288636,53.809395,0
-39.40225,-30.636345,0
15.485416,152.32681,0
118.82054,-79.12209,0
137.00769,-55.341194,0
11.023844,157.91484,0
10.297206,159.8618,0
75.171524,140.15915,1
10.860799,158.2557,0
10.302588,160.01733,0
-68.54848,58.23401,0
9.68732,-151.27254,0
-104.98629,-56.571503,0
-190.88683,22.760876,0
-68.4399,58.367462,0
169.59007,-3.780878,0
-68.117256,60.416954,0
-73.03714,1.3236539,0
-126.56849,79.738655,0
-16.464928,-173.25832,0
-152.53354,-69.78723,0
-168.94873,41.681274,0
-126.49127,79.98988,0
198.1041,-7.9427657,0
-126.968376,80.69044,0
-122.949326,52.774837,0
-1.5544245,89.27705,0
28.748198,-106.27049,0
-77.90631,-111.46014,0
-169.67496,-29.365726,0
-1.2917401,89.03135,0
145.11761,-8.650913,0
-3.1558526,89.9044,0
-46.705673,-58.51125,0
47.45395,14.317306,0
70.06322,-105.590576,0
-46.299908,-135.92952,0
-99.18074,-4.1870584,0
47.05594,14.399262,0
121.79896,72.23893,0
45.888393,16.491215,0
0.21892029,-39.839737,0
-81.86459,26.098166,0
16.000528,-175.8925,0
-125.2616,-74.59736,0
-129.48093,21.687996,0
-82.92005,26.563698,0
115.585724,9.529793,0
-84.40146,27.26105,0
-45.301395,5.4545054,0
29.589975,83.560524,0
38.955135,-93.42829,0
-62.960964,-119.296776,0
-111.15801,7.6395726,0
29.312572,83.73204,0
143.68256,44.547157,0
26.203611,86.11857,0
-23.798666,-55.559418,0
21.750862,73.73972,0
7.912093,-103.48532,0
-61.30128,-69.17259,0
-130.5721,-23.837215,0
21.78445,74.43243,0
170.45082,34.31056,0
22.62051,75.156105,0
2.5617483,-79.61099,0
38.51206,87.29139,0
36.333164,-89.908,0
-63.627747,-115.397804,0
-144.48674,-27.82748,0
38.36435,87.499725,0
150.87813,29.20165,0
37.585804,87.69537,0
-22.062498,-60.568577,0
64.0239,35.698685,0
70.58328,-96.034546,0
-50.600945,-126.6578,0
-112.781525,-4.001223,0
63.416504,35.649624,0
116.8643,67.78716,0
61.876736,36.011997,0
-8.756789,-47.701546,0
-122.48521,87.679245,0
-15.105805,-176.94965,0
-147.85834,-65.87922,0
-170.75491,39.86609,0
-122.63181,87.25395,0
193.3584,-10.415772,0
-126.04585,85.086845,0
-120.31689,49.95872,0
11.290704,9.144403,0
73.82132,-129.7373,0
-93.6372,-131.88461,0
-106.59333,17.898825,0
10.9855385,8.937235,0
99.051895,68.12962,0
10.368401,8.686475,0
-5.2873588,-31.89988,0
72.04798,72.44788,0
40.25468,-65.79279,0
-28.357578,-102.32894,0
-134.35402,-27.724348,0
71.74433,72.49553,0
157.77472,29.969347,0
70.52796,72.9689,0
-3.817034,-80.69381,0
-8.198535,166.41646,0
107.31101,-78.987854,0
134.97198,-40.960873,0
129.11037,-60.336178,0
-7.8932652,155.09807,0
84.9378,134.92007,1
-9.9934435,169.94843,0
-9.593833,169.69414,0
65.64509,51.27433,0
53.111977,-75.37961,0
-36.0442,-116.71081,0
-115.58179,-14.328198,0
65.6212,51.898518,0
119.11535,50.509094,0
62.8887,56.678726,0
-0.73663765,-64.99301,0
-40.17303,18.305862,0
45.82999,-150.84543,0
-113.73793,-99.98235,0
-134.7729,17.51402,0
-40.526176,19.146168,0
124.522095,19.420301,0
-41.394733,21.546604,0
-62.501137,-32.52832,0
27.382961,-3.6927228,0
75.191895,-117.936005,0
-93.69502,-118.421455,0
-95.39166,4.277066,0
26.339619,-4.1620517,0
126.32712,64.44787,0
26.326769,-2.8096879,0
3.8039315,-31.422562,0
-51.466133,35.13494,0
31.679682,-141.9613,0
-108.812614,-87.07439,0
-121.467606,24.667574,0
-51.521477,35.297947,0
126.57757,14.417844,0
-51.02172,37.50408,0
-49.82703,-12.936958,0
99.14798,-10.656358,0
-6.0828557,-121.16378,0
128.03926,-63.718143,0
19.421892,146.62715,0
103.08438,-12.654284,0
172.13211,66.44437,0
104.42229,-10.877999,0
102.81304,-13.16362,0
54.8654,8.713221,0
74.17889,-96.209404,0
-36.00743,-134.60205,0
-108.32788,-22.798288,0
54.867058,8.738892,0
114.93153,69.06611,0
52.23013,11.960581,0
6.499937,-48.61198,0
65.804245,53.73991,0
52.627098,-76.99577,0
-38.14713,-119.50345,0
-115.33686,-21.177105,0
65.7154,54.39248,0
113.26374,53.792217,0
64.96251,55.903458,0
-0.4716265,-60.940044,0
-43.11769,156.76065,0
108.2731,-96.718346,0
130.6461,-33.519527,0
115.80836,-31.841364,0
-43.49179,157.66762,0
88.26337,128.4883,1
-43.65327,158.48102,0
-43.80246,157.88582,0
89.76079,-46.479546,0
99.90688,-67.081,0
98.6722,-50.17582,0
-83.24335,-32.71409,0
90.68249,-46.484272,0
113.83137,101.18333,0
92.070305,-46.845264,0
95.025276,-47.851665,0
-115.03855,98.85092,0
-10.356433,-165.566,0
-141.28453,-74.15745,0
-173.44145,32.23271,0
-115.22299,98.07984,0
190.1125,-0.4142933,0
-115.155975,95.83122,0
-118.11039,61.348003,0
39.930878,40.017708,0
50.61804,-105.270615,0
-66.9107,-123.641624,0
-152.94583,-41.174458,0
39.86528,40.108994,0
147.96419,60.517944,0
38.095203,42.456238,0
-24.10454,-48.740944,0
-28.02076,111.395706,0
6.237769,-113.85076,0
-65.34795,-71.31056,0
-153.49506,-1.6532081,0
-28.200068,111.587,0
176.24998,29.391766,0
-28.390303,113.16699,0
-27.305252,-6.9493537,0
39.082527,121.6669,0
32.470547,-91.09846,0
-64.133995,-100.18211,0
-144.7812,-27.039654,0
39.21605,120.739944,0
155.06737,31.04112,0
38.677013,119.49251,0
-34.27581,-69.52241,0
51.67374,70.71391,0
42.510025,-80.44435,0
-42.81941,-105.30933,0
-134.68571,-10.618589,0
51.140644,70.74318,0
126.42947,43.276424,0
48.727375,69.7353,0
-13.366079,-69.794334,0
31.251328,-16.18877,0
85.32624,-114.30809,0
-29.866207,-149.78311,0
-92.901634,6.388408,0
30.99784,-15.82047,0
129.76584,75.557495,0
29.630028,-14.278835,0
13.376286,-31.795464,0
-64.08996,81.682304,0
8.342438,-136.73561,0
-106.58306,-64.17864,0
-186.0193,8.839332,0
-64.20483,81.277084,0
175.44423,14.029637,0
-64.3977,79.77072,0
-64.06581,4.72461,0
-5.3540583,59.727566,0
40.786663,-55.526806,0
-97.00449,-141.38643,0
-151.94696,19.326778,0
-5.743594,59.27466,0
143.9577,14.46504,0
-9.730315,54.54843,0
-35.497677,-32.997353,0
-93.66349,52.562378,0
5.3122582,-166.08235,0
-116.60386,-62.563965,0
-194.1441,13.394035,0
-93.43592,52.614155,0
178.39256,5.8693814,0
-92.16796,52.88619,0
-60.11589,10.686762,0
21.029417,23.865469,0
73.342896,-88.42091,0
-59.50925,-144.72119,0
-107.02753,-0.71488625,0
21.463266,23.93688,0
141.01057,70.759514,0
23.124468,23.079464,0
1.9395753,-49.92261,0
15.780405,56.98912,0
56.157406,-86.22161,0
-86.294876,-130.35715,0
-139.01521,24.36231,0
16.227846,57.03002,0
102.855095,39.221874,0
19.462667,56.62617,0
-26.700499,-36.47428,0
-39.630753,67.43873,0
24.887613,-155.59532,0
-94.135445,-81.36182,0
-172.7599,7.6811466,0
-39.67352,66.985344,0
154.48383,4.4397244,0
-39.376934,65.638756,0
-62.12697,-17.153973,0
-56.42589,152.23094,0
100.40654,-93.529884,0
126.35131,-38.499817,0
111.63377,-34.02809,0
-57.813686,154.65536,0
95.53989,125.57591,1
-57.74242,159.03935,0
-58.639404,156.61543,0
54.71149,50.77612,0
58.54498,-75.58346,0
-41.253838,-114.98206,0
-119.02782,-19.333958,0
54.989475,50.639095,0
121.61366,43.844387,0
48.1514,59.27204,0
-6.445359,-64.06609,0
-78.27809,123.16321,0
14.892982,-114.94802,0
107.31871,-43.43327,0
-84.89618,126.56436,0
-79.23377,123.45159,0
102.93863,115.32889,1
-79.62472,124.07636,0
-80.25449,122.29518,0
9.542851,66.94904,0
17.148037,-101.37108,0
-60.36068,-79.03698,0
-153.14893,4.117462,0
9.172835,67.38539,0
167.3268,46.748646,0
8.623744,67.7862,0
-24.784275,-15.670808,0
-128.39388,92.94563,0
-16.300587,-176.04596,0
-148.28325,-67.5145,0
-173.10773,41.48642,0
-128.42299,93.06528,0
192.37747,-7.140961,0
-128.61116,85.36097,0
-121.92648,50.715088,0
54.716774,59.036747,0
54.536537,-79.02713,0
-40.589096,-115.8336,0
-120.967224,-14.300504,0
54.921875,58.883217,0
124.672714,39.260838,0
57.639053,59.2127,0
-6.0130777,-64.71635,0
8.068668,93.80238,0
36.260536,-105.5151,0
-72.012405,-110.712234,0
-165.68031,-31.418262,0
7.9253583,94.44705,0
142.47409,-12.447983,0
7.773019,97.86409,0
-40.1027,-56.84656,0
-67.469025,64.72562,0
14.352246,-145.73282,0
-101.31739,-70.539085,0
-192.69054,5.360352,0
-66.98946,64.274765,0
168.18066,8.212447,0
-66.43123,63.86632,0
-64.38115,-4.3425183,0
73.814354,2.478588,0
71.33212,-74.81661,0
-50.365158,-143.54568,0
-106.34349,-15.633506,0
73.35047,2.4062128,0
103.59897,60.31565,0
66.70875,4.9348173,0
13.132705,-61.25298,0
-1.657085,76.93151,0
31.769276,-109.066864,0
-75.148865,-120.06756,0
-156.15045,-33.59942,0
-1.3514178,77.29255,0
138.83263,21.814333,0
2.4766362,81.81541,0
-28.153774,-46.953682,0
-80.62601,89.03084,0
-1.7944819,-142.6453,0
-97.74846,-53.631943,0
-182.30011,20.52621,0
-80.752075,88.22952,0
175.75392,-0.9705193,0
-80.871994,85.891556,0
-72.712585,7.620525,0
54.193146,113.71481,0
22.0112,-86.2249,0
-52.26147,-89.282,0
-159.52065,-15.71975,0
53.54415,113.80583,0
156.11244,2.7049656,0
52.70751,113.73028,0
-30.281578,-77.281334,0
33.01743,39.886406,0
52.165943,-113.25118,0
-62.054657,-126.98585,0
-122.33069,-1.5349474,0
32.98492,39.5617,0
140.33359,52.953316,0
32.191074,38.80048,0
-17.904251,-48.028477,0
62.308655,-53.607903,0
97.89926,-84.63676,0
55.364185,-49.760303,0
-84.29548,-17.518106,0
61.627598,-53.21311,0
114.33842,87.9206,0
60.404415,-52.802017,0
58.189186,-51.493195,0
65.93488,-35.15779,0
110.12738,-97.55739,0
63.49444,-39.322544,0
-87.749435,-31.317688,0
65.820526,-35.503437,0
119.07598,98.93342,0
65.28376,-35.780094,0
65.161964,-36.755806,0
-2.7334902,77.494484,0
55.513218,-109.19131,0
-77.046814,-120.92116,0
-175.27641,-28.450226,0
-2.5415797,77.6045,0
139.31122,43.737522,0
18.155142,47.571854,0
-28.266317,-45.488876,0
-60.86154,55.29875,0
13.151771,-140.08984,0
-108.0379,-68.31007,0
-189.48207,5.7142186,0
-60.706066,55.025665,0
170.55005,6.7260733,0
-66.2183,74.662674,0
-61.63123,-0.072594784,0
-3.3313146,111.76055,0
42.6584,-116.89325,0
-66.665596,-91.8127,0
-159.9108,7.8306084,0
-3.1048074,111.685684,0
144.42586,-0.522973,0
0.27891552,110.18063,0
-42.262268,-46.919785,0
-24.52566,38.780476,0
55.863106,-151.9919,0
-105.80804,-132.3307,0
-190.62643,3.5782127,0
-24.636515,38.78473,0
113.046005,17.528563,0
-24.606478,39.235336,0
-38.93861,-20.014368,0
69.59993,-4.241975,0
75.88778,-80.53677,0
-44.2522,-146.54251,0
-100.61673,-22.890789,0
69.37235,-4.1069846,0
109.17598,70.42649,0
60.63536,2.157214,0
14.943055,-52.083916,0
25.07578,37.814514,0
57.671165,-113.5908,0
-63.548923,-132.11977,0
-115.21786,4.1847334,0
25.530546,37.938442,0
134.26103,55.36142,0
27.191166,34.122684,0
-16.489538,-43.14755,0
75.62263,-45.988003,0
115.22161,-93.70263,0
72.62085,-54.218735,0
-87.66514,-35.383095,0
75.1786,-46.395306,0
118.43997,103.07768,0
74.678345,-46.846092,0
73.835815,-47.78862,0
-81.459595,27.270933,0
15.316187,-175.24792,0
-124.55902,-73.8961,0
-206.30753,6.979346,0
-82.54425,27.529863,0
118.34263,10.150702,0
-84.71382,29.110546,0
-46.441936,5.8286386,0
79.73262,68.95416,0
43.79198,-69.30817,0
-30.864119,-108.48745,0
-129.07083,-22.485886,0
79.46003,68.4526,0
155.82016,38.45337,0
78.924545,67.639336,0
-3.677711,-74.73304,0
-49.27159,19.356972,0
45.369175,-154.6769,0
-117.08059,-97.43589,0
-189.47957,-11.229326,0
-49.212967,19.478352,0
115.29942,7.914008,0
-46.62797,22.78055,0
-65.99295,-31.564735,0
5.3133016,71.92424,0
14.546249,-103.21274,0
-60.56327,-76.54009,0
-151.00504,2.069028,0
5.134823,71.11052,0
159.94936,23.794699,0
4.773162,69.68825,0
-25.468916,-12.855772,0
-75.29445,131.6053,0
13.918283,-113.19022,0
111.04058,-41.58491,0
-83.85226,130.77466,0
-76.99457,132.19936,0
100.60874,118.57351,1
-77.21096,132.00279,0
-78.43496,132.48209,0
24.278156,-3.460399,0
75.5234,-118.854866,0
-94.95062,-119.3449,0
-96.08348,3.749026,0
23.991398,-4.135653,0
127.24874,65.55827,0
22.669891,-4.763655,0
3.2263684,-31.173542,0
63.463486,51.029907,0
54.52378,-74.80789,0
-35.8579,-118.23589,0
-116.877556,-18.236956,0
62.902107,51.4134,0
121.273674,46.368805,0
60.992268,56.446815,0
-2.3468177,-65.9519,0
-17.361462,41.035004,0
57.922817,-149.3756,0
-102.13415,-133.31558,0
-149.57613,26.929602,0
-17.315336,41.316166,0
107.02949,16.718565,0
-19.309841,43.6537,0
-36.538467,-22.863253,0
63.205257,-7.0807476,0
80.60685,-81.981575,0
-48.065926,-152.981,0
-94.689,-12.103677,0
63.24469,-5.9948134,0
113.964836,79.27762,0
56.798157,-1.6888474,0
19.033827,-50.26235,0
41.708622,22.762407,0
65.79699,-105.32163,0
-51.047157,-133.64005,0
-102.33861,9.2916765,0
42.142345,22.845346,0
121.183525,61.32139,0
43.635227,23.984644,0
-6.8578506,-42.541023,0
62.87099,81.9972,0
42.084732,-73.3481,0
-35.370556,-104.586914,0
-131.44556,-16.271255,0
62.441887,81.9777,0
125.85219,37.832264,0
67.125465,83.65949,0
-7.0122457,-74.02222,0
-81.48,33.48051,0
13.805463,-171.20107,0
-120.748535,-71.93035,0
-202.11859,6.6544533,0
-81.66246,33.272175,0
114.631004,3.4880822,0
-85.52629,35.20436,0
-50.54574,5.669652,0
21.703758,2.6392672,0
71.41951,-119.17022,0
-94.871216,-116.85623,0
-118.27163,10.425788,0
20.821585,2.6314287,0
131.78842,33.686546,0
19.165873,1.1573154,0
-0.33249184,-30.43853,0
-9.976608,10.168623,0
57.97903,-140.61446,0
-98.93273,-126.06632,0
-141.77974,17.159966,0
-9.99418,9.749284,0
105.614395,19.787,0
-10.135407,8.727884,0
-27.633717,-20.561289,0
36.807735,28.010279,0
61.691067,-109.433685,0
-58.589397,-130.77429,0
-105.76998,9.483443,0
36.25465,28.19055,0
145.24637,54.469273,0
34.32017,28.642914,0
-13.587797,-45.54802,0
20.542242,4.7468204,0
70.22997,-119.72855,0
-96.48044,-121.88988,0
-135.37874,25.700539,0
20.140503,4.6974344,0
124.1955,55.066906,0
19.709204,4.5135856,0
-1.4742639,-31.618874,0
89.24734,-47.82046,0
99.53211,-67.61516,0
98.290115,-50.67525,0
-82.91536,-33.42613,0
90.28164,-48.150227,0
114.24288,102.02941,0
91.64814,-48.18839,0
94.77662,-49.049892,0
-43.57648,15.32235,0
48.13459,-153.04141,0
-116.54562,-100.89907,0
-188.98192,-8.397739,0
-44.32068,15.850923,0
123.5247,20.127592,0
-45.91251,16.314207,0
-66.09397,-34.465595,0
83.33093,-17.974957,0
0.7313622,-112.32879,0
-76.44573,-51.612167,0
119.315704,-55.38137,0
82.40525,-10.966826,0
179.56639,54.6757,0
82.185814,-23.636827,0
81.41395,-21.672548,0
-17.837154,41.9712,0
57.58834,-150.2345,0
-103.570595,-133.45563,0
-152.90172,26.120375,0
-18.790787,41.942097,0
113.72414,16.781555,0
-20.691452,43.842136,0
-37.491634,-22.088602,0
-6.3783865,85.136894,0
27.840544,-107.2293,0
-78.80575,-113.146355,0
-171.65445,-26.248259,0
-6.087874,85.07584,0
144.25427,-7.8466077,0
-3.4812694,87.491135,0
-48.081936,-57.802395,0
-74.06845,53.13836,0
15.886038,-141.59131,0
-109.90536,-73.72681,0
-187.23221,1.1031339,0
-73.84543,53.112434,0
163.43828,15.38294,0
-73.53675,53.033665,0
-60.266712,-1.5449198,0
29.530228,68.45532,0
15.638872,-111.275246,0
-47.893005,-109.71708,0
-139.28282,-3.318378,0
29.523497,68.43941,0
156.76393,54.312424,0
31.063072,68.73543,0
-11.4976425,-62.53988,0
29.324894,81.836174,0
39.787796,-93.26812,0
-63.1132,-120.36341,0
-112.00562,7.764296,0
29.286404,82.20049,0
143.0412,43.643738,0
26.83241,84.27383,0
-22.66796,-54.77197,0
-90.8525,81.2138,0
-4.114642,-147.23427,0
-101.26925,-52.354397,0
-187.49469,21.60597,0
-89.72628,81.76761,0
174.16808,-3.7840476,0
-86.26492,83.914734,0
-77.33553,6.461948,0
-45.73122,37.33304,0
34.305763,-144.91187,0
-105.78466,-89.85335,0
-126.155624,23.362389,0
-45.79135,37.509277,0
130.35812,16.597744,0
-42.32218,38.421394,0
-48.5222,-17.143007,0
-85.84402,43.909985,0
11.022804,-168.12883,0
-117.76801,-68.6213,0
-197.41283,8.226623,0
-86.26936,43.446167,0
172.51164,5.1571856,0
-87.50063,41.875492,0
-54.901253,7.73671,0
-43.903446,15.136366,0
47.713604,-154.05673,0
-117.32785,-100.01647,0
-190.55408,-8.723149,0
-44.84783,15.408211,0
122.64674,19.41729,0
-45.90524,15.754267,0
-66.42496,-33.68944,0
32.964203,109.784164,0
45.63175,-94.02868,0
-57.10163,-108.15137,0
-146.9699,-27.480856,0
32.93791,109.61988,0
146.03102,31.92642,0
29.306648,108.46285,0
-31.625862,-64.77451,0
94.572044,7.578821,0
13.08323,-137.06262,0
-87.29796,-53.98255,0
125.58772,-26.516157,0
-66.71217,88.73171,0
186.79646,50.30732,0
94.920494,7.682403,0
94.6143,7.997973,0
65.12614,34.652668,0
69.96725,-95.536224,0
-51.22916,-126.23203,0
-106.61815,-7.6406207,0
64.8839,34.675682,0
102.793755,55.259377,0
61.02118,36.23014,0
-9.559541,-48.626274,0
44.440216,104.96444,0
25.647558,-84.167,0
-50.59431,-96.05945,0
-140.26524,-5.168901,0
44.72633,104.95265,0
146.83122,24.956392,0
49.305912,106.31879,0
-24.863478,-76.233925,0
-57.448677,99.882675,0
4.0972733,-126.997284,0
-86.27368,-62.481346,0
-141.35333,-23.680634,0
-57.61298,99.98498,0
148.41896,30.228058,0
-57.155098,100.54398,0
-36.70437,-3.1214917,0
75.97761,83.25483,0
37.45578,-72.84105,0
-34.54266,-101.20762,0
-135.2858,-20.908726,0
75.59869,83.54525,0
154.95207,38.51208,0
72.04886,84.050064,0
-9.461876,-77.67068,0
-39.423428,55.467728,0
30.604946,-158.14363,0
-88.16863,-86.86733,0
-174.89604,-4.536447,0
-39.46362,55.724808,0
139.52736,3.9948125,0
-40.020634,56.66908,0
-63.036842,-21.752539,0
14.161256,152.61409,0
118.944305,-79.52212,0
138.33192,-55.418056,0
7.8434415,157.42178,0
7.9454417,160.2004,0
78.12196,137.99097,1
8.50946,157.60669,0
8.417544,160.68347,0
22.871548,119.457794,0
31.353502,-100.46207,0
-71.40316,-105.77786,0
-161.84723,-27.266092,0
22.22508,119.65962,0
156.22852,-15.540033,0
20.387762,120.843575,0
-41.248898,-62.790718,0
64.24375,65.342186,0
48.559013,-80.607666,0
-49.045773,-113.631714,0
-124.44666,-29.491926,0
64.14936,65.02617,0
157.9113,46.44734,0
63.868576,64.30902,0
-13.305945,-57.46106,0
21.92953,1.1223767,0
71.90967,-118.77284,0
-95.46925,-117.129524,0
-110.947945,10.522402,0
21.370836,1.0351638,0
129.74828,53.259754,0
19.473816,0.3343258,0
0.8468322,-30.71019,0
-53.89724,26.68422,0
41.86065,-158.4651,0
-118.17525,-92.54482,0
-183.45331,-9.930608,0
-54.19953,26.243074,0
131.48665,2.2260714,0
-54.777733,25.815163,0
-68.4679,-26.81311,0
84.05179,96.04516,0
30.964905,-67.77825,0
-32.384583,-93.85602,0
-143.19434,-16.917246,0
83.871185,96.21402,0
163.574,34.191845,0
77.08676,100.26265,0
-11.158346,-85.484024,0
72.20545,14.065019,0
69.08577,-84.688,0
-34.10697,-130.7839,0
-102.374466,-19.85513,0
71.589325,14.295012,0
111.93507,70.666176,0
64.25402,12.81621,0
8.336018,-52.774998,0
-42.27931,41.75518,0
33.641277,-139.69936,0
-104.05035,-88.947014,0
-121.52269,31.565601,0
-42.191402,41.6855,0
131.56625,19.320496,0
-41.76487,41.368378,0
-47.82151,-14.155907,0
59.960716,84.585976,0
36.158844,-78.33585,0
-40.07844,-100.50919,0
-133.09074,-15.504829,0
59.871925,84.80552,0
114.49832,41.315792,0
63.52024,86.90517,0
-16.47952,-72.32309,0
17.129751,117.06567,0
24.388882,-92.01695,0
-58.11985,-91.171165,0
-163.94867,-19.09997,0
16.47823,117.61613,0
154.62578,-12.340321,0
16.453281,118.430855,0
-34.399715,-74.41799,0
11.186688,66.08726,0
16.859198,-100.22809,0
-58.297714,-79.45447,0
-150.55493,5.516816,0
11.229638,66.54192,0
162.1704,44.80266,0
11.1448345,67.25596,0
-23.54965,-16.399126,0
-50.252388,19.31414,0
45.109055,-155.57973,0
-117.42436,-96.93612,0
-189.3636,-10.555292,0
-50.234238,19.460468,0
132.37675,5.9274116,0
-46.772915,22.93206,0
-67.09563,-30.595743,0
21.822203,28.454216,0
63.649025,-115.74861,0
-60.43457,-139.98921,0
-120.437294,8.271511,0
22.010124,28.45895,0
123.322365,55.59527,0
23.127625,30.630238,0
-12.399044,-40.122086,0
-106.354,76.758064,0
-5.2800093,-177.02512,0
-139.04498,-60.973495,0
-165.98195,27.59192,0
-105.82443,77.75663,0
189.00691,8.647333,0
-105.2424,78.614914,0
-109.42006,54.22467,0
51.885284,22.927225,0
64.68177,-99.04168,0
-50.581528,-131.35907,0
-103.34794,-1.8509431,0
51.6675,23.076092,0
118.03212,61.549927,0
45.53266,25.977726,0
-1.7902608,-47.36407,0
-58.22837,112.86706,0
4.8569136,-110.90414,0
-75.97119,-57.12749,0
117.12471,-25.692787,0
-53.778233,113.6959,0
180.58286,46.54449,0
-59.931156,112.56866,0
-61.143074,112.42055,0
31.520975,81.48463,0
39.53712,-91.93594,0
-60.75185,-120.63126,0
-120.27384,-3.431182,0
31.066914,81.5984,0
140.9762,43.01354,0
35.72449,85.3569,0
-20.954117,-56.605396,0
-61.25729,66.691605,0
12.610558,-150.04308,0
-99.03084,-73.093704,0
-185.31702,12.134002,0
-59.702797,66.37743,0
162.35898,8.016525,0
-58.720303,66.61244,0
-68.18081,-5.699218,0
48.162495,-28.961737,0
101.5991,-103.11751,0
-17.489689,-129.10135,0
-115.94963,-35.128727,0
48.25997,-28.993467,0
126.28712,90.22332,0
48.399727,-28.86315,0
47.04402,-33.661163,0
-31.70898,158.60616,0
102.999146,-86.13665,0
135.53755,-40.055897,0
119.85372,-27.294182,0
-31.382313,156.06152,0
92.02126,131.59563,1
-31.242449,152.8847,0
-30.779573,154.37433,0
91.10475,4.7351737,0
0.82227474,-117.84532,0
123.874306,-28.581223,0
96.19862,2.5932074,0
91.95202,3.5959413,0
183.75961,53.454414,0
92.14098,3.4794452,0
91.89511,2.2534513,0
80.47318,91.01924,0
33.125916,-69.71513,0
-32.459496,-96.65326,0
-137.7653,-21.551147,0
80.18154,90.5591,0
161.31894,35.113407,0
72.59711,89.75549,0
-9.866982,-82.84356,0
6.0325294,49.74584,0
46.796413,-53.885925,0
-89.828384,-139.90593,0
-138.13028,32.76626,0
5.8940806,49.986294,0
112.90037,33.35587,0
0.1355735,48.399734,0
-29.49703,-27.956148,0
74.2208,77.91189,0
44.87258,-72.3409,0
-33.985687,-107.32116,0
-128.90775,-20.292603,0
74.438736,78.01293,0
119.38036,39.842922,0
69.187065,82.31635,0
-5.016457,-72.572174,0
57.218372,24.207504,0
70.76762,-98.62548,0
-58.241863,-138.49948,0
-106.299774,-0.74929047,0
57.030525,23.856659,0
112.63404,68.08455,0
56.81172,22.784405,0
2.8217266,-48.52352,0
-38.560123,49.793118,0
29.93684,-155.41733,0
-94.26954,-87.49391,0
-185.32721,-17.914759,0
-38.979946,50.09236,0
152.11505,12.60195,0
-39.573753,50.267597,0
-62.356354,-20.629318,0
51.58236,5.7186956,0
74.338264,-99.24729,0
-38.4955,-136.27162,0
-98.321846,-7.168821,0
50.676456,5.7338815,0
115.79521,67.572464,0
48.93016,8.02456,0
6.929352,-45.72935,0
44.5678,110.22533,0
22.052242,-81.08371,0
-48.029953,-89.94819,0
-142.38205,-5.9763684,0
44.645096,110.044075,0
154.3958,32.152016,0
49.68381,110.187096,0
-25.318804,-80.02179,0
-118.207,82.32373,0
-11.36175,-175.32788,0
-144.20583,-65.353424,0
-169.14484,36.91715,0
-117.5931,82.59709,0
192.68091,1.7792987,0
-115.51799,83.874725,0
-116.73174,52.509895,0
17.460192,37.94935,0
57.563194,-118.46387,0
-66.27286,-136.03482,0
-121.10834,3.7792692,0
16.482136,37.754074,0
143.29752,59.08636,0
13.791607,37.92103,0
-18.724016,-38.27248,0
-77.69491,120.81793,0
16.053122,-115.968155,0
106.48788,-43.908592,0
-85.86614,125.777374,0
-78.41325,120.830025,0
103.87154,113.92323,1
-78.81613,120.798904,0
-79.82976,120.44333,0
37.13436,22.168581,0
58.10655,-108.634865,0
-75.24171,-122.25356,0
-111.85775,11.776331,0
18.086378,44.55792,0
141.55203,44.951084,0
17.63468,45.50058,0
-30.90032,-45.559708,0
-58.321632,112.996056,0
5.583609,-110.50626,0
-75.731064,-57.882717,0
117.02437,-25.706919,0
-54.09232,114.47962,0
181.19414,45.646393,0
-60.09118,113.29405,0
-61.258186,112.78784,0
-24.92404,32.510223,0
53.338554,-151.12723,0
-105.83838,-129.91086,0
-147.77281,27.844927,0
-24.935598,32.8212,0
113.011024,18.140444,0
-24.98787,34.64481,0
-36.224228,-18.296,0
-60.601486,23.624395,0
42.35688,-159.34586,0
-119.467384,-92.39573,0
-184.50453,-3.6842513,0
-60.426315,23.923151,0
131.2599,1.3021698,0
-58.7724,26.131714,0
-69.99753,-26.993488,0
18.500793,-21.861917,0
87.00234,-123.99474,0
-94.58828,-106.981125,0
-132.8155,15.033141,0
18.280914,-21.075657,0
128.76268,26.034098,0
17.736284,-19.41656,0
9.800317,-21.714754,0
-10.318843,-4.0204725,0
59.32473,-133.71667,0
-114.22126,-119.45368,0
-144.01305,12.188326,0
-8.62777,-3.3633795,0
128.514,-8.5684,0
-6.7532377,-3.478018,0
-7.7074027,-12.698202,0
31.384531,87.256485,0
36.204872,-92.94381,0
-61.69028,-117.03289,0
-140.32623,-33.36399,0
31.505499,87.75274,0
141.33727,38.68383,0
32.00253,88.1858,0
-23.606955,-59.053173,0
38.87971,35.295795,0
51.757786,-106.23367,0
-60.58773,-127.617874,0
-114.90303,0.62705475,0
38.7173,35.824142,0
145.09409,53.708958,0
37.74733,36.15101,0
-21.35197,-48.34439,0
32.694168,31.782036,0
49.79474,-115.220726,0
-68.02622,-128.11119,0
-170.81303,-37.70504,0
32.3776,31.532421,0
145.64465,57.554333,0
32.15869,31.157566,0
-21.204838,-46.7326,0
17.969015,107.23921,0
35.593277,-101.497444,0
-67.30517,-107.32614,0
-161.52272,-31.259153,0
17.8366,107.86797,0
155.24385,-10.538781,0
17.464151,108.77268,0
-37.88641,-60.140305,0
23.467632,36.3509,0
57.940853,-114.216034,0
-64.31694,-132.69771,0
-117.75445,5.8395405,0
23.756044,35.820724,0
141.15192,58.614468,0
26.281023,34.248577,0
-17.110418,-42.698112,0
-0.90316504,58.983,0
42.464333,-54.88479,0
-94.577675,-141.7067,0
-148.76263,18.250175,0
-1.3335692,59.255005,0
142.33968,19.641233,0
-7.8029056,53.843254,0
-34.432007,-31.876183,0
-10.607198,97.827835,0
35.947124,-115.36208,0
-77.32773,-95.166954,0
-175.16025,-18.629757,0
-9.993687,97.154564,0
136.57442,-4.8893256,0
-8.900894,96.598175,0
-22.247593,-44.020004,0
17.159071,-6.7806664,0
74.1835,-121.9778,0
-97.64041,-116.82012,0
-101.77083,13.121491,0
17.737965,-6.2367144,0
131.59102,68.224754,0
18.68849,-4.504984,0
2.2922673,-27.501034,0
68.82845,69.138596,0
46.173954,-63.80828,0
-29.433321,-109.03425,0
-119.61448,-5.937255,0
68.76911,69.37699,0
106.32449,37.666718,0
67.58071,68.74191,0
2.3970845,-74.75125,0
38.342873,67.26695,0
43.729435,-85.44099,0
-47.33724,-104.70444,0
-132.89197,-6.795487,0
38.141407,67.02983,0
130.8273,40.03017,0
35.208656,68.66935,0
-15.922658,-65.16672,0
-7.903342,26.553389,0
74.65967,-144.80466,0
-77.33062,-140.51659,0
-111.55194,26.196865,0
-7.554947,25.47082,0
146.89024,67.393776,0
-6.766802,22.916752,0
-17.394703,-21.823092,0
-92.20336,36.054825,0
13.691776,-173.05911,0
-121.82611,-70.979164,0
-203.99295,9.485357,0
-91.75088,36.215736,0
119.21646,8.630917,0
-87.15106,35.404213,0
-49.320248,6.50258,0
-48.70786,96.83596,0
20.952541,-125.2432,0
-83.27007,-67.97628,0
-145.44969,-2.5225406,0
-47.958084,95.96637,0
166.12494,21.67744,0
-47.57558,94.89079,0
-38.528465,-10.7327795,0
-28.533033,52.008545,0
34.7312,-157.89435,0
-90.77104,-93.20181,0
-181.0927,-17.260324,0
-28.750505,51.41949,0
137.85286,1.0043107,0
-29.180058,51.001274,0
-58.207813,-24.946863,0
-74.707275,134.90288,0
95.59542,-97.06069,0
113.04344,-40.797802,0
-107.71645,-33.894688,0
-75.70816,135.32875,0
99.8182,120.123024,1
-76.45207,135.42691,0
-77.467384,136.3503,0
1.3093354,16.846529,0
75.94884,-139.31079,0
-72.929214,-144.209,0
-109.92232,18.514557,0
0.762908,17.510546,0
142.11972,69.4467,0
-0.04876097,19.526348,0
-13.813601,-26.660587,0
5.530815,-3.982146,0
61.52905,-127.39228,0
-107.678154,-116.12537,0
-139.33685,9.412379,0
5.4462256,-4.0747733,0
130.44934,61.457073,0
2.9217284,0.66092813,0
-1.6214453,-17.083776,0
-32.83261,17.53623,0
44.936172,-139.10196,0
-107.76276,-104.02952,0
-135.42738,7.7211137,0
-32.552547,17.445192,0
124.60007,24.78478,0
-30.148579,17.79707,0
-48.600983,-28.039394,0
-26.467735,77.24982,0
22.499823,-126.66028,0
-83.854515,-69.98424,0
-144.61014,-4.5535116,0
-27.165026,77.59911,0
169.12508,23.046703,0
-27.870726,77.525406,0
-40.47467,-12.042141,0
74.12135,1.7701604,0
72.30145,-75.50038,0
-50.055893,-144.2154,0
-105.434746,-16.066225,0
72.70821,2.1003926,0
105.96417,60.23428,0
66.76177,4.4894004,0
13.277267,-60.138596,0
67.63658,77.26993,0
34.803032,-66.33931,0
-28.731762,-100.2019,0
-134.44893,-16.808617,0
67.72913,77.270164,0
151.08385,33.128498,0
68.06745,88.164276,0
-5.184607,-81.74739,0
-61.07014,66.3342,0
12.3208,-149.78998,0
-99.22589,-72.58147,0
-185.42853,13.224439,0
-60.753162,66.55571,0
165.92212,7.65063,0
-58.48471,66.11714,0
-68.218285,-5.1167626,0
23.426796,97.567764,0
43.87626,-102.83563,0
-64.459076,-113.02409,0
-154.25568,-37.27329,0
23.290113,97.20308,0
137.41528,-14.1901455,0
22.985672,92.92502,0
-30.334301,-55.90751,0
-55.771362,27.734148,0
41.69049,-159.38617,0
-118.87466,-92.23616,0
-181.36446,-6.8946667,0
-56.017235,27.600988,0
136.81345,3.53369,0
-57.475636,26.684866,0
-69.12566,-27.21478,0
30.399435,59.652878,0
48.57115,-86.401024,0
-50.43728,-106.30503,0
-128.03464,5.789467,0
30.081423,59.92233,0
126.98394,49.26589,0
28.88965,61.571655,0
-16.589542,-61.944973,0
-67.50468,65.76679,0
14.85261,-146.6311,0
-100.56429,-70.02715,0
-192.18382,3.217068,0
-66.327835,65.258644,0
170.0889,9.565658,0
-65.27799,64.69206,0
-64.76704,-5.249906,0
-9.149788,132.7821,0
37.31123,-126.019684,0
-70.40786,-81.034225,0
-167.34021,-16.902847,0
-5.6879125,129.63779,0
156.813,-8.942797,0
-4.9436116,129.38983,0
-52.645794,-41.613964,0
-32.917587,52.97232,0
33.660465,-155.13992,0
-93.71933,-90.40557,0
-182.1796,-13.863478,0
-32.625584,52.214504,0
139.62737,20.533188,0
-33.101345,51.721344,0
-60.401222,-22.652899,0
2.2664952,50.52807,0
47.188118,-56.899845,0
-91.04288,-138.3575,0
-139.98799,28.867031,0
1.866459,50.42725,0
108.06574,33.790443,0
-2.0433095,47.986176,0
-29.660255,-29.746939,0
-119.36507,98.77646,0
-12.744647,-165.50761,0
-143.60645,-75.22559,0
-173.66432,29.53722,0
-119.571884,98.53895,0
194.5887,-1.5904149,0
-120.107346,98.442085,0
-121.67541,60.90088,0
-57.121117,117.119316,0
13.332116,-124.90326,0
-77.6915,-63.14181,0
113.4703,-25.712574,0
-51.459198,116.98215,0
185.0407,42.99091,0
-60.941666,118.127335,0
-63.00265,119.41283,0
-6.9474816,64.927826,0
37.36954,-54.498898,0
-99.276436,-143.9144,0
-155.54024,16.644464,0
-6.595991,64.95425,0
149.97885,14.056429,0
-12.9842205,56.945534,0
-39.025528,-34.674046,0
-76.9523,63.08046,0
6.351456,-149.89767,0
-105.37908,-71.23009,0
-193.8942,16.807684,0
-76.235466,63.273884,0
135.07854,4.7860928,0
-75.19117,63.513187,0
-74.61587,-4.0018883,0
-31.566198,22.169788,0
45.002537,-144.14072,0
-108.00353,-99.05905,0
-124.162186,20.053602,0
-32.00204,22.523771,0
124.94483,25.645123,0
-33.106266,26.111994,0
-8.036783,-27.413948,0
-3.8402658,167.684,0
107.57162,-77.20368,0
139.4047,-50.14125,0
132.57088,-62.528214,0
10.592925,169.65907,0
78.87313,142.36574,1
-3.5321414,169.3941,0
-3.294212,169.01604,0
-31.649294,158.94135,0
102.25109,-85.84552,0
135.09332,-39.708225,0
119.52424,-27.428799,0
-31.750443,156.266,0
91.69694,131.66824,1
-31.568848,152.80652,0
-30.899366,154.1657,0
13.235053,151.89197,0
118.536995,-80.2363,0
139.04138,-57.64191,0
6.011194,156.0179,0
6.344636,156.92607,0
77.8475,136.73,1
6.456322,156.15999,0
8.707726,159.31415,0
19.78359,62.586815,0
53.372364,-83.96916,0
-83.098,-130.32861,0
-128.47476,-12.1362705,0
20.110296,62.388798,0
99.98575,24.138613,0
21.812517,59.394756,0
-29.584095,-37.282185,0
-76.9803,31.054104,0
17.607256,-173.4559,0
-120.41025,-76.51706,0
-203.78494,2.214032,0
-77.35118,30.876339,0
120.20464,10.339838,0
-83.008766,32.921494,0
-48.434017,0.59631723,0
19.157957,94.12799,0
46.85306,-102.12869,0
-65.9778,-114.553795,0
-161.61397,-38.64263,0
19.349665,94.23377,0
136.23505,35.744064,0
20.572987,93.11871,0
-32.252464,-53.411686,0
8.572829,58.096565,0
51.42556,-80.84366,0
-96.76501,-99.2102,0
-130.79442,-4.2265854,0
7.9720974,58.220478,0
136.13625,29.084753,0
7.528318,58.60692,0
-49.868767,-14.929595,0
32.833923,110.02944,0
45.092564,-93.9002,0
-57.309933,-107.91565,0
-147.96927,-27.065638,0
32.531788,109.829285,0
159.72208,24.657608,0
29.514744,108.9209,0
-31.948809,-64.94995,0
4.7152386,91.06655,0
33.97715,-107.66426,0
-74.45113,-112.966415,0
-168.66177,-30.408804,0
4.9361463,91.50027,0
141.20108,-9.891056,0
4.5782914,92.21449,0
-42.637863,-55.289646,0
37.434986,98.8439,0
50.55496,-95.02167,0
-53.89643,-115.525856,0
-128.99266,-27.146673,0
37.994736,99.240555,0
137.61047,37.422886,0
38.810726,99.65204,0
-26.517805,-63.21384,0
5.443311,88.267105,0
32.662815,-107.85177,0
-74.441055,-114.4056,0
-160.44016,-39.64327,0
5.3119283,88.269394,0
142.5775,-9.009426,0
4.0582957,87.388794,0
-44.04566,-55.368637,0
27.297443,21.236874,0
76.33396,-87.14172,0
-56.33702,-144.85724,0
-122.2738,-3.4520123,0
27.598652,21.57731,0
124.38907,58.000683,0
27.95876,19.992693,0
19.010595,-43.948017,0
-6.979577,85.67797,0
26.387794,-107.30833,0
-79.698944,-113.23336,0
-173.90993,-23.648605,0
-6.5141463,85.856346,0
137.34033,7.643004,0
-5.127609,86.520454,0
-49.72588,-57.67513,0
42.55677,70.5173,0
44.511337,-82.19554,0
-44.27936,-105.67563,0
-133.03064,-9.696788,0
43.066246,70.428185,0
123.469505,41.3708,0
45.87773,69.72849,0
-15.847313,-68.09039,0
74.471214,-30.672838,0
104.50334,-93.37975,0
75.60728,-30.345589,0
-88.3714,-24.471682,0
74.43896,-30.669806,0
195.4866,9.581586,0
74.450935,-30.459345,0
74.723595,-30.349789,0
-67.61375,95.60409,0
-0.10400489,-129.76385,0
-91.43887,-62.56723,0
-180.12344,20.192163,0
-67.84625,95.747925,0
165.36824,-2.6641805,0
-67.21115,97.56314,0
-41.442513,-0.99859685,0
52.821747,81.06502,0
38.563107,-85.71408,0
-46.73552,-115.05473,0
-132.48932,-2.162833,0
52.86144,81.349236,0
140.46156,39.790672,0
52.517075,82.2545,0
-19.55965,-66.65875,0
-93.211655,49.2923,0
6.942559,-166.55081,0
-116.647545,-64.46716,0
-196.59683,11.973405,0
-92.29425,49.907223,0
176.75066,5.9701166,0
-90.63461,49.843063,0
-58.739452,9.755117,0
-26.531763,69.729774,0
29.377125,-148.47556,0
-99.38529,-90.92067,0
-142.25255,5.011306,0
-26.70001,69.09444,0
129.91888,19.86808,0
-27.454016,68.6303,0
-54.83445,-16.922031,0
64.38114,52.542168,0
59.81872,-80.656845,0
-36.95256,-119.411255,0
-113.9284,-15.824557,0
64.37281,53.60187,0
118.16712,51.971912,0
62.361706,55.92884,0
0.23813258,-59.447033,0
-42.74261,33.266056,0
36.77722,-145.1745,0
-105.36256,-92.771805,0
-123.86795,20.967136,0
-42.23548,33.4528,0
125.64097,19.128384,0
-41.141716,36.14038,0
-47.470303,-20.772196,0
-63.51613,149.71254,0
100.676445,-83.92094,0
123.62346,-40.208897,0
106.40049,-36.614605,0
-64.93264,150.45076,0
93.691734,123.06215,1
-65.65467,153.9192,0
-65.48618,152.42502,0
10.699001,71.93017,0
14.537121,-100.86083,0
-58.044186,-77.19165,0
-148.88478,1.8293527,0
10.674356,71.72363,0
163.98178,48.27457,0
6.7755904,68.976036,0
-23.29523,-13.3421545,0
62.827038,78.86759,0
43.33223,-72.86436,0
-33.500095,-105.03669,0
-126.068214,-18.431574,0
62.769463,78.53534,0
123.8086,43.124275,0
62.970627,74.16263,0
-7.7894397,-73.22176,0
-59.189842,21.639055,0
43.743862,-158.70255,0
-119.55507,-93.92085,0
-184.87744,-6.967688,0
-58.68659,21.840036,0
130.7227,3.846666,0
-57.38722,25.1434,0
-69.6061,-28.635746,0
47.127777,101.0862,0
34.123325,-91.86206,0
-63.792953,-103.038,0
-152.33641,-25.886913,0
37.08715,115.25061,0
154.01408,27.499973,0
36.849407,115.61515,0
-34.800945,-67.66821,0
-45.784035,51.931793,0
35.005493,-135.58151,0
-99.34124,-82.82158,0
-173.34836,-2.592965,0
-45.739708,52.23723,0
136.21764,13.720955,0
-45.848442,52.92912,0
-57.486237,-18.309072,0
47.881474,1.0447115,0
77.30417,-102.058075,0
-34.747147,-138.37488,0
-94.91009,-5.5733137,0
47.90928,0.53549063,0
114.08447,71.97114,0
46.838192,0.22487645,0
8.496979,-41.822163,0
-30.299417,159.0384,0
103.45079,-84.37355,0
135.10191,-41.955452,0
120.80295,-26.582977,0
-29.653172,156.65686,0
91.23044,132.43962,1
-28.037266,154.43707,0
-28.399124,155.40656,0
-72.55947,63.43896,0
7.723437,-153.97456,0
-108.24103,-72.363525,0
-171.03871,-17.920454,0
-72.43372,63.435226,0
155.53383,3.773628,0
-71.57492,63.234154,0
-74.57209,-7.0959125,0
65.86944,-10.497027,0
80.2226,-78.50262,0
-45.079136,-150.50337,0
-93.14405,-13.596675,0
65.89853,-9.766782,0
112.42462,75.25959,0
59.16842,-3.9325128,0
19.065199,-53.07609,0
62.789753,-5.212918,0
80.34676,-82.995155,0
-48.57234,-153.4085,0
-91.79179,-11.270996,0
62.654945,-5.0257106,0
120.52948,80.75832,0
58.09136,-1.0542958,0
18.952011,-49.621056,0
92.262985,5.3410697,0
0.09602201,-118.18326,0
125.57621,-27.750717,0
96.203926,4.0684857,0
94.69216,4.034978,0
184.86377,53.222084,0
95.248024,3.8995564,0
93.884895,2.395812,0
52.22606,74.86369,0
46.26781,-75.9233,0
-37.6915,-108.20461,0
-134.79007,-12.780269,0
52.50977,74.819176,0
155.76884,50.39732,0
53.880577,75.20369,0
-8.420441,-64.859665,0
-13.654102,103.68222,0
31.077549,-115.58357,0
-74.51493,-91.10158,0
-169.21536,-8.219153,0
-13.946874,103.48967,0
155.95476,-0.6490333,0
-17.40088,100.10247,0
-56.55914,-46.09814,0
9.654305,89.90526,0
38.508286,-107.83052,0
-71.6185,-113.59385,0
-164.36646,-35.017742,0
9.053747,89.99542,0
141.21733,-5.181176,0
7.2707133,96.8516,0
-39.678,-53.627777,0
33.62455,13.550924,0
81.07409,-87.44459,0
-54.332523,-154.07634,0
-104.11958,2.0131843,0
33.245213,13.580089,0
122.745,78.04125,0
29.58185,14.884277,0
19.561838,-45.46552,0
-78.39973,34.824986,0
15.716349,-171.0331,0
-120.02232,-73.865555,0
-202.39113,4.2392936,0
-78.80257,34.64495,0
120.22188,10.883173,0
-84.20038,34.53751,0
-50.350033,3.8440096,0
36.478565,100.60031,0
52.13523,-94.38986,0
-52.699272,-115.3149,0
-128.02264,-23.53032,0
36.240124,100.85639,0
136.4982,32.667076,0
34.820583,101.263794,0
-10.544022,-54.744267,0
59.160015,96.29716,0
32.08238,-82.19527,0
-43.607403,-96.06007,0
-151.28564,-20.73709,0
59.336494,96.13747,0
163.29848,27.317575,0
60.95216,96.01621,0
-18.008348,-80.55884,0
-131.5135,77.89261,0
-17.86737,-172.2541,0
-151.2795,-70.852135,0
-166.10631,42.370804,0
-130.83936,78.62257,0
196.09537,-8.883015,0
-129.68423,80.03213,0
-124.773674,54.301228,0
-36.432854,65.73408,0
26.871185,-155.24168,0
-95.67002,-83.45906,0
-170.76295,4.619556,0
-36.386616,65.582954,0
139.48132,8.176997,0
-36.695896,65.21279,0
-59.98869,-18.73054,0
-32.47461,119.34303,0
2.616583,-113.86897,0
-64.142166,-68.34574,0
-154.12067,-6.34612,0
-31.618258,119.056915,0
178.14183,28.221453,0
-29.313194,118.82301,0
-26.660666,-3.487084,0
33.299515,-16.047586,0
84.19384,-114.6377,0
-30.059107,-148.6639,0
-92.40149,5.3171453,0
32.562225,-15.790575,0
126.81365,73.254944,0
29.472134,-13.258212,0
11.685395,-31.646519,0
-90.11091,80.21753,0
-3.3497648,-146.9453,0
-101.53137,-53.121433,0
-186.2946,21.52498,0
-89.61478,80.28374,0
174.73508,-2.28233,0
-84.57842,83.94746,0
-76.05005,6.8609385,0
61.128895,76.83386,0
41.975,-71.20454,0
-31.957155,-104.14691,0
-130.31303,-26.36351,0
61.07138,76.51968,0
122.113235,37.424694,0
61.043953,75.22592,0
-5.01647,-76.2683,0
41.253635,71.27812,0
43.22173,-82.2651,0
-43.83816,-104.25651,0
-133.48825,-10.516293,0
40.688297,71.3267,0
128.30913,39.65942,0
44.863327,69.84905,0
-15.786131,-69.075005,0
-15.023475,66.038605,0
38.20817,-50.837486,0
-98.85235,-147.21507,0
-157.82922,14.014259,0
-15.703508,65.74911,0
145.57968,11.603863,0
-17.329624,65.280334,0
-41.581867,-32.560394,0
7.882362,47.69841,0
60.965183,-140.74126,0
-91.730804,-133.9127,0
-135.29437,29.006706,0
7.8973103,47.64408,0
106.26727,27.753115,0
-2.5431929,44.40234,0
-27.619638,-24.688253,0
49.118946,36.10982,0
51.694984,-98.8786,0
-57.652237,-120.83636,0
-120.018616,-0.6147417,0
48.976257,36.234047,0
145.73894,34.327324,0
48.225224,36.05165,0
-19.07266,-55.99898,0
-13.93585,33.920155,0
61.134037,-143.45107,0
-94.850494,-132.48036,0
-141.12146,29.873173,0
-13.741173,34.43134,0
103.60082,31.635975,0
-13.127913,35.174164,0
-29.942307,-24.453222,0
16.60812,21.880669,0
68.728134,-132.79895,0
-63.650867,-144.63866,0
-107.336754,-1.9226025,0
15.928725,22.360594,0
118.53869,53.301136,0
12.305735,22.99923,0
-10.910107,-35.551746,0
-36.183846,60.387093,0
25.899025,-159.68996,0
-91.22466,-85.35551,0
-174.04256,5.445519,0
-36.743095,60.628643,0
153.68456,14.406033,0
-39.38312,59.931282,0
-65.18316,-19.147064,0
49.10392,-32.136597,0
102.406494,-104.67288,0
-19.368137,-129.00319,0
-101.37388,23.29878,0
49.19125,-32.36673,0
127.64041,91.21885,0
48.464127,-32.954437,0
48.243855,-34.295856,0
79.42037,94.237076,0
28.635181,-71.29685,0
-34.90588,-92.73116,0
-141.19225,-21.008755,0
79.12878,94.18018,0
161.257,33.4288,0
75.5124,97.316124,0
-14.192927,-84.4565,0
23.053236,17.34504,0
46.03261,-104.04385,0
-65.73505,-119.291626,0
-155.7713,-36.529015,0
23.161663,17.270914,0
138.88243,48.158043,0
24.162857,87.48591,0
-26.190369,-53.35551,0
10.048671,66.30495,0
17.238682,-101.193115,0
-60.277943,-79.358284,0
-152.26706,5.0114064,0
10.06283,66.5738,0
161.87772,46.70152,0
8.523968,67.45912,0
-24.683178,-15.9830265,0
73.99975,21.004833,0
64.35119,-83.95645,0
-36.713917,-125.7352,0
-110.809975,-18.15122,0
71.01405,20.426313,0
110.31505,62.057922,0
64.85761,16.312414,0
3.8118432,-57.052452,0
34.82076,11.88612,0
81.50643,-86.58736,0
-53.522522,-154.7532,0
-102.32206,3.3974965,0
34.33413,12.406906,0
124.99539,79.17973,0
30.06797,15.391494,0
20.036804,-45.649456,0
-57.80817,118.515854,0
10.684685,-132.42096,0
-78.3064,-60.69466,0
112.26359,-26.144352,0
-53.65935,118.442345,0
182.96771,42.827187,0
-59.949593,119.26602,0
-61.628048,120.51599,0
59.073414,20.930618,0
70.16368,-89.67408,0
-58.905235,-140.90244,0
-100.1153,-7.72001,0
59.10112,20.62384,0
119.657295,58.886635,0
59.60474,15.479392,0
3.293985,-51.17762,0
-84.835655,42.46808,0
12.138886,-168.92284,0
-118.62264,-69.69583,0
-198.66359,9.928456,0
-84.94818,42.34505,0
117.10932,3.5719492,0
-86.3102,39.60673,0
-53.610023,5.842465,0
-17.766186,104.16517,0
30.645956,-117.29537,0
-76.33337,-89.83179,0
-172.36497,-11.224073,0
-18.229021,103.768295,0
151.92227,-3.1900363,0
-20.476088,100.130165,0
-58.50407,-44.52713,0
83.3025,-18.048895,0
2.3994346,-110.62142,0
-76.23064,-51.70687,0
119.35038,-55.450294,0
82.01956,-10.734699,0
179.83745,54.44444,0
82.390465,-23.426323,0
81.33493,-21.485983,0
44.452972,-2.4801636,0
77.166756,-103.395164,0
-34.373707,-139.76314,0
-90.904236,-3.608006,0
44.138393,-1.9041005,0
107.201645,72.22192,0
43.819763,-0.024699979,0
8.904039,-39.835377,0
12.763711,13.933053,0
72.987015,-132.18208,0
-67.72786,-145.96855,0
-118.16161,18.791378,0
12.671969,14.371729,0
123.9173,60.758533,0
8.42866,17.82617,0
-8.56185,-30.415167,0
14.275509,53.90399,0
54.32961,-87.917625,0
-86.03349,-128.22731,0
-140.00276,23.127295,0
14.628005,53.705227,0
132.50002,50.27319,0
16.532207,52.412666,0
-26.76484,-38.324856,0
54.020256,69.8873,0
41.71409,-78.499626,0
-41.179512,-107.127106,0
-139.9917,-11.148716,0
54.467594,70.302376,0
147.07976,23.133282,0
58.383442,70.22176,0
-10.72308,-70.476135,0
24.235516,149.47333,0
105.55415,-66.6224,0
137.27945,-70.37914,0
46.044655,160.12172,0
40.004036,144.05261,0
68.54057,142.65094,1
45.797855,161.86792,0
38.84945,143.43602,0
-26.498951,70.490685,0
31.91995,-148.99625,0
-98.72423,-91.2414,0
-141.9185,3.9855611,0
-27.239237,70.29789,0
129.84174,21.41522,0
-28.81229,68.85692,0
-54.107025,-18.038404,0
-37.17847,119.66505,0
-1.8959754,-114.55177,0
-69.297226,-66.002815,0
-156.34138,-11.0513935,0
-37.590298,119.37325,0
180.5993,16.130068,0
-38.525623,118.61222,0
-27.900513,2.0174096,0
73.83868,-38.47159,0
112.66494,-94.49364,0
72.61767,-41.295933,0
-86.54036,-32.99421,0
73.75087,-38.510372,0
118.27229,101.64901,0
73.710785,-38.520847,0
73.73911,-39.00871,0
-54.361706,31.595789,0
39.22599,-159.23956,0
-116.56181,-91.10548,0
-182.20354,-12.4031105,0
-54.8067,31.280123,0
135.15155,0.04051582,0
-55.538826,31.282799,0
-67.01199,-24.635101,0
14.861782,18.688955,0
71.185646,-133.1031,0
-66.49929,-146.31819,0
-114.828804,17.013046,0
14.391529,18.701916,0
101.95204,67.60321,0
10.2164345,20.301434,0
-9.574045,-32.967716,0
-30.791908,86.451614,0
20.592361,-121.91878,0
-80.17725,-67.980125,0
-141.55975,-3.4631817,0
-30.090374,85.70065,0
167.1279,26.847597,0
-29.953556,84.54033,0
-35.63329,-11.737647,0
-132.00577,78.449684,0
-17.974638,-172.75018,0
-151.1672,-70.61955,0
-167.80865,43.16812,0
-131.71242,78.64671,0
195.15013,-8.035705,0
-130.16997,80.173546,0
-124.95269,53.875137,0
5.8742347,7.283078,0
60.522915,-141.49101,0
-95.44831,-128.56526,0
-139.72723,26.362755,0
6.337514,7.282266,0
107.87898,23.25533,0
7.1750474,7.0812783,0
-28.18055,-23.70522,0
-52.252766,94.30695,0
19.593363,-126.97922,0
-85.1577,-67.24838,0
-174.82346,17.185272,0
-50.90887,92.67213,0
169.96437,21.300674,0
-49.408985,92.4882,0
-39.49036,-8.870976,0
-67.350815,81.80947,0
8.381483,-137.49016,0
-107.1936,-64.59876,0
-188.66322,8.725223,0
-67.28625,81.45175,0
176.22308,13.01811,0
-64.878174,78.45997,0
-63.473076,3.498424,0
14.973975,155.64577,0
108.862,-82.170265,0
136.84064,-52.65104,0
12.24533,168.0033,0
10.444913,167.4457,0
79.28647,140.43019,1
12.195275,167.5287,0
10.343608,167.18495,0
-53.99148,62.200043,0
13.70878,-154.4105,0
-99.13813,-75.46317,0
-177.74406,-3.9984329,0
-54.485992,62.709427,0
168.77856,-1.1859171,0
-54.057903,64.474464,0
-70.98335,-11.355754,0
23.692373,126.75164,0
26.820532,-98.5767,0
-73.62085,-101.66038,0
-162.58963,-22.301018,0
21.382582,128.16429,0
156.72644,-11.705578,0
20.476908,128.13339,0
-43.960033,-67.595,0
16.817099,85.7877,0
44.617924,-106.13621,0
-68.63728,-118.32252,0
-157.45282,-36.97793,0
17.331156,85.96735,0
145.58871,47.86081,0
19.975977,88.44236,0
-28.677315,-51.77126,0
3.3776715,92.739105,0
33.471485,-106.51085,0
-74.68457,-111.309616,0
-166.74472,-30.673037,0
3.6870046,93.55513,0
199.19417,-11.538557,0
3.9647934,94.20452,0
-42.659424,-56.746525,0
-19.26555,38.62369,0
55.919495,-149.12773,0
-102.703865,-131.47914,0
-147.36967,29.80738,0
-19.519838,38.747257,0
110.4165,19.627958,0
-20.387573,38.75443,0
-35.83484,-20.810946,0
16.535887,104.3159,0
34.252087,-98.426285,0
-72.46524,-108.52182,0
-159.2602,-31.723692,0
16.260458,104.39034,0
146.4964,-6.3781595,0
15.522715,104.45457,0
-39.59621,-61.67551,0
43.221493,10.133547,0
72.43549,-101.65665,0
-41.108788,-137.58377,0
-97.81105,-2.3642476,0
43.710045,10.200093,0
123.46073,63.758533,0
44.496426,10.442532,0
4.33969,-43.43317,0
6.501715,89.6531,0
33.83815,-106.764015,0
-74.46166,-111.82906,0
-168.11465,-30.51506,0
6.6307616,89.504196,0
199.46765,-10.581225,0
4.7304516,93.85658,0
-42.558125,-56.55954,0
35.45159,30.993965,0
59.908302,-109.85502,0
-59.89045,-130.70541,0
-157.25307,-42.402073,0
34.95355,30.773216,0
143.8347,52.926826,0
33.519714,29.627382,0
-14.517412,-44.613262,0
6.0253134,46.450554,0
49.03235,-55.40132,0
-90.73051,-136.00392,0
-134.6918,32.112003,0
6.4020367,46.117874,0
101.57842,27.189528,0
0.24563147,45.671085,0
-27.306236,-27.783033,0
31.464739,104.89226,0
47.743984,-95.63829,0
-56.739212,-111.13781,0
-146.87982,-31.503008,0
30.999304,104.209656,0
141.18492,32.364986,0
31.121212,103.4364,0
-29.761347,-62.463154,0
-39.16347,46.361885,0
29.167603,-150.64703,0
-98.22848,-88.26743,0
-166.76556,11.580627,0
-39.522266,46.414536,0
139.52003,30.497108,0
-40.804844,47.595078,0
-53.00047,-15.969953,0
-24.948854,26.903189,0
51.659794,-146.39214,0
-101.13647,-127.853584,0
-136.96065,23.249168,0
-25.595903,27.110567,0
113.17607,25.059803,0
-27.98465,27.795073,0
-32.782417,-19.670076,0
-121.78535,86.76109,0
-13.702184,-177.02304,0
-146.94434,-65.36974,0
-169.7082,39.788906,0
-122.578636,86.31413,0
190.8855,-7.777682,0
-123.98974,85.60161,0
-119.18856,50.56068,0
-32.718,19.311066,0
44.790825,-139.72707,0
-108.09936,-102.98183,0
-124.9307,19.799654,0
-32.391293,19.352474,0
123.63315,15.65857,0
-30.304155,18.885927,0
-49.625393,-27.92153,0
45.81923,111.7568,0
23.400698,-82.40656,0
-49.49555,-91.36737,0
-153.01656,-16.821215,0
47.76549,110.10651,0
150.47238,21.256172,0
50.615135,109.186455,0
-26.801382,-79.13528,0
-60.596813,37.49607,0
27.965536,-140.0567,0
-111.192375,-84.57934,0
-135.68483,9.000804,0
-60.50102,37.833015,0
124.571014,15.16169,0
-59.59129,42.67239,0
-50.723152,-7.461946,0
41.88471,8.380864,0
73.2522,-103.25192,0
-41.567364,-138.8905,0
-95.49973,-1.7449611,0
42.129776,8.747479,0
119.543785,73.91225,0
44.091625,14.827491,0
3.5756214,-41.05149,0
-66.15116,146.3699,0
99.15663,-87.919136,0
116.74902,-39.622963,0
105.55817,-39.049725,0
-68.183624,146.45297,0
95.64615,121.42597,1
-70.743744,147.63712,0
-68.94794,148.28908,0
70.00351,39.643383,0
57.980423,-94.81768,0
-49.350468,-120.16952,0
-112.977745,-7.2307053,0
69.93117,39.726166,0
116.86534,56.58258,0
58.453026,39.13298,0
-6.2639117,-52.338936,0
-3.789693,167.6352,0
107.64741,-77.39633,0
139.88954,-50.05654,0
132.25209,-62.578266,0
10.449043,170.00189,0
78.98714,142.40373,1
-3.3809507,169.44243,0
-3.2996244,169.08868,0
-60.42884,64.924164,0
11.859072,-150.67676,0
-99.70744,-73.153336,0
-185.547,13.070065,0
-59.849857,64.95976,0
171.87727,-6.333069,0
-58.7398,65.116554,0
-69.29525,-5.2027535,0
-76.60236,128.0618,0
11.752604,-113.31542,0
109.29376,-42.25274,0
-84.08415,128.97276,0
-77.9315,128.42804,0
101.930595,117.187,1
-78.23911,128.4229,0
-79.24341,129.30074,0
39.45578,-31.284882,0
99.43681,-106.68745,0
-21.573524,-129.38112,0
-100.00343,17.127087,0
39.560417,-31.827314,0
132.42912,86.84453,0
38.926723,-31.875868,0
38.909798,-33.478622,0
19.250813,83.38403,0
45.89526,-105.734245,0
-68.01856,-119.42804,0
-111.62522,6.5954547,0
19.116129,84.33757,0
144.70985,48.037624,0
20.329947,87.44026,0
-27.284414,-51.781876,0
56.001476,20.999924,0
66.37806,-98.82303,0
-42.827667,-130.82599,0
-100.63998,-13.928504,0
55.30674,20.954554,0
116.02878,61.130684,0
60.862865,16.504128,0
0.15536757,-48.515064,0
18.26441,24.477365,0
48.74352,-83.291954,0
-51.968468,-103.96819,0
-127.38912,-0.5391603,0
18.315804,24.631395,0
129.77686,36.239357,0
32.126797,64.63783,0
-33.79386,-41.027454,0
4.2711043,32.228508,0
68.897865,-139.0672,0
-76.9785,-148.75705,0
-136.72493,25.910862,0
4.2810225,32.033257,0
136.15096,65.63357,0
3.8106894,31.172852,0
-19.779379,-29.7094,0
73.89477,2.0488052,0
72.162,-75.304054,0
-50.015076,-144.03256,0
-106.11019,-16.441652,0
73.075714,2.1805408,0
106.0014,63.730373,0
67.12243,4.614274,0
13.310168,-60.446304,0
12.46928,152.59015,0
119.047226,-80.19006,0
140.08078,-56.908318,0
3.872472,156.84741,0
5.460749,157.37065,0
78.902374,136.30667,1
4.3623285,157.06216,0
6.160783,158.22804,0
26.14857,41.493484,0
53.838615,-112.42713,0
-64.18329,-128.07745,0
-116.00865,4.0044456,0
26.220987,41.663105,0
137.48827,54.01037,0
31.558294,43.02237,0
-14.054878,-54.264763,0
7.809637,64.45328,0
16.00763,-101.69031,0
-59.383804,-78.56919,0
-151.17445,2.9729636,0
7.338418,65.7897,0
163.98558,46.980495,0
6.999343,67.40486,0
-24.484777,-14.245816,0
-29.811096,126.76647,0
-0.92447716,-110.25361,0
-66.560814,-64.795494,0
-155.54305,-8.824045,0
-28.383919,124.65412,0
175.74385,29.581398,0
-26.254486,122.90828,0
-25.826311,0.30106664,0
10.629783,92.989845,0
37.756924,-105.508545,0
-70.62766,-111.658905,0
-163.98962,-33.82204,0
10.539997,93.12615,0
140.70628,-9.295768,0
9.5236435,97.84162,0
-38.739906,-55.66471,0
-51.533756,155.32254,0
99.789665,-96.197,0
127.525764,-37.07024,0
113.64505,-33.284084,0
-51.623665,157.11815,0
95.99195,127.72322,1
-51.958855,159.23027,0
-51.624657,158.22166,0
56.67487,77.82436,0
44.31378,-75.55404,0
-37.799526,-106.55551,0
-132.17316,-17.124315,0
56.98863,77.44962,0
113.92749,48.363934,0
59.527,73.02408,0
-6.9563494,-72.05225,0
73.720856,-1.2617688,0
73.62206,-77.85428,0
-52.402275,-146.15294,0
-106.34229,-14.1869135,0
73.64206,-1.3661529,0
108.969345,63.88279,0
64.466095,4.1310377,0
14.1516285,-57.68264,0
-21.380152,39.449974,0
56.761555,-151.3419,0
-104.76581,-132.7568,0
-202.72241,-1.6323886,0
-21.369404,39.450047,0
113.94649,15.284699,0
-21.951908,43.333187,0
-38.75249,-20.719786,0
-68.10215,49.213665,0
19.711706,-140.2051,0
-109.42194,-77.48025,0
-194.11908,-1.5471932,0
-67.81517,49.02666,0
169.1249,5.65335,0
-67.0974,48.237312,0
-56.964035,-2.4252653,0
-130.3001,69.97707,0
-17.54316,-166.72705,0
-147.72044,-77.973625,0
-163.28899,41.907238,0
-130.28816,70.13893,0
198.22385,-0.7234426,0
-128.73134,70.17915,0
-126.95528,60.693512,0
22.312216,0.35056826,0
72.25228,-119.22365,0
-95.36528,-117.49172,0
-100.640854,11.461564,0
21.806664,0.0593908,0
129.00717,56.100403,0
20.272108,-1.6381165,0
1.1719193,-30.552633,0
-52.736748,39.76421,0
34.150196,-143.985,0
-107.63571,-87.63384,0
-125.094765,22.615997,0
-52.72936,39.944767,0
119.85187,25.79919,0
-56.286407,41.983494,0
-50.086246,-11.995186,0
-30.315065,129.03879,0
1.8464372,-108.8221,0
-64.42543,-63.3111,0
-149.73798,-9.384068,0
-30.214533,128.52808,0
173.29494,28.50123,0
-24.01198,121.25729,0
-22.883484,-1.5634793,0
21.378296,107.069176,0
43.004017,-98.36601,0
-61.94245,-106.90822,0
-149.82649,-33.46115,0
21.694357,107.47878,0
146.5696,18.590681,0
22.14588,108.159256,0
-33.671738,-57.951096,0
65.448616,23.841454,0
60.972275,-87.41543,0
-41.33214,-129.96794,0
-101.940926,-7.199291,0
65.2133,23.725883,0
101.83077,41.561764,0
64.62926,21.335003,0
4.426167,-51.985737,0
-0.14412041,113.41268,0
44.866535,-118.32383,0
-63.95779,-89.41388,0
-157.9344,4.5659018,0
0.21651182,113.769455,0
161.77602,45.685497,0
3.5470047,114.53869,0
-41.181866,-42.997616,0
-79.69788,34.161488,0
15.07076,-171.54918,0
-120.76499,-72.93633,0
-202.81322,4.69968,0
-80.16381,34.10393,0
120.02573,8.176084,0
-84.736786,33.86026,0
-49.709324,4.7092514,0
-12.689861,159.84135,0
105.495255,-81.26545,0
133.81245,-37.356167,0
127.94221,-59.4422,0
-11.513857,155.12637,0
87.20372,132.01065,1
-15.499577,159.2163,0
-14.738732,159.13809,0
-138.20386,84.09396,0
-21.54213,-173.46338,0
-148.44179,-71.95702,0
-168.73181,46.144264,0
-137.88881,84.426956,0
196.40143,-10.596251,0
-133.46434,85.22068,0
-127.31614,51.124603,0
7.886912,27.616886,0
71.94281,-136.86578,0
-72.60107,-148.19263,0
-116.69501,12.424293,0
7.5873013,27.286789,0
139.89879,69.009224,0
7.6552005,26.721819,0
-15.831007,-30.680523,0
27.357,122.29211,0
31.96992,-96.620544,0
-69.885445,-104.05062,0
-161.37144,-28.737602,0
27.326014,122.25324,0
154.1722,18.431826,0
27.629272,117.226944,0
-38.864403,-66.50083,0
-136.32002,68.3227,0
-20.839844,-166.97633,0
-151.45847,-77.53653,0
-159.35735,43.901497,0
-136.431,68.65341,0
200.96425,0.9297577,0
-136.8388,69.309685,0
-131.27815,59.683342,0
-4.392849,7.7441807,0
54.287487,-131.19603,0
-108.55831,-121.18832,0
-134.08147,10.674478,0
-4.832684,7.7824273,0
122.99142,26.626293,0
-0.8098621,1.5048444,0
-6.836372,-19.102219,0
61.99766,8.291881,0
72.422874,-81.298294,0
-50.465168,-148.16684,0
-104.06691,-12.650787,0
62.515587,8.201152,0
102.896835,65.41604,0
62.517227,6.9434834,0
12.665463,-52.535126,0
-65.874016,146.39235,0
99.29578,-87.882935,0
116.8496,-39.60568,0
105.334274,-38.690414,0
-68.171616,146.43419,0
95.36672,121.37677,1
-70.09638,148.27492,0
-68.97212,147.88504,0
38.782417,-17.56415,0
82.03517,-115.96682,0
-29.463148,-145.28989,0
-89.36023,-1.3171767,0
39.02337,-17.237747,0
127.599724,72.438774,0
31.75974,-9.844674,0
9.478014,-31.177895,0
83.28631,-15.311389,0
2.6410978,-119.17893,0
117.527695,-56.26959,0
89.04098,-29.537859,0
83.8757,-25.767681,0
181.10898,56.667263,0
84.056335,-26.40074,0
83.93448,-24.69276,0
8.735824,12.764138,0
74.59539,-133.16492,0
-68.71529,-148.1718,0
-105.160355,16.339506,0
8.657499,13.076255,0
111.09877,65.39742,0
7.470715,15.44717,0
-6.611789,-33.071545,0
-3.5751693,102.28996,0
43.51215,-112.50959,0
-62.258774,-95.04095,0
-146.33907,-23.756426,0
-3.5154088,102.047195,0
150.63754,41.669216,0
-2.1357584,101.42963,0
-25.197906,-62.096394,0
104.912346,-8.629002,0
-4.770565,-119.91209,0
100.12363,-7.577306,0
127.89684,-63.307926,0
90.67065,-7.619522,0
171.42499,63.931133,0
106.866776,-11.342689,0
103.88146,-12.111418,0
70.79077,64.59152,0
46.518864,-65.32562,0
-27.960972,-110.949715,0
-125.99903,-22.382679,0
70.8753,64.0787,0
111.823006,41.85468,0
70.75307,63.326725,0
1.5943612,-74.361855,0
-19.752995,34.579033,0
54.99443,-148.57542,0
-101.51863,-130.47188,0
-147.04103,30.82019,0
-20.27243,34.915035,0
107.24448,20.401884,0
-22.205126,35.662987,0
-34.970154,-20.107296,0
-26.687801,114.42793,0
10.515778,-129.42805,0
-75.581,-72.45036,0
-157.19054,-5.11157,0
-26.581062,114.50618,0
173.4244,32.619408,0
-49.03922,82.9216,0
-60.10807,-11.601621,0
19.864632,131.27899,0
26.361805,-98.52493,0
-73.73891,-101.124245,0
-162.14294,-21.56475,0
20.057865,130.31833,0
158.43114,-13.374361,0
20.52452,128.90715,0
-44.315033,-68.11605,0
-8.507407,164.707,0
107.02786,-79.298904,0
135.60382,-37.649956,0
129.49965,-61.337498,0
-7.910151,153.62436,0
84.04675,133.67218,1
-12.662406,168.40512,0
-11.540366,167.68672,0
-53.81072,154.30028,0
99.93254,-95.422935,0
127.151566,-37.46749,0
113.204735,-33.46204,0
-53.22872,156.79059,0
96.48275,127.43327,1
-53.924442,158.96909,0
-53.991817,157.92117,0
50.7566,30.36158,0
63.558178,-100.890236,0
-47.509403,-131.4432,0
-110.730064,-9.179427,0
50.832745,30.973072,0
115.59579,62.937244,0
48.48322,28.542494,0
-1.9499148,-44.621212,0
-78.2156,116.03612,0
4.041006,-136.79205,0
105.9619,-44.321648,0
-86.305405,125.46549,0
-78.40565,116.12801,0
182.92068,37.305565,0
-78.483734,116.21107,0
-78.76197,115.75183,0
16.907764,154.21162,0
114.471535,-77.099976,0
135.67953,-53.33673,0
15.539318,165.27448,0
15.262214,163.03568,0
77.55876,140.61864,1
15.396301,165.1284,0
15.530387,162.83235,0
-8.003466,11.202459,0
53.3256,-128.51567,0
-103.6589,-122.845505,0
-135.53246,24.224873,0
-7.7655563,10.62755,0
121.55071,-7.7922983,0
-7.521562,10.127872,0
-11.141483,-18.97436,0
-64.638405,148.99878,0
100.10171,-84.83796,0
122.52091,-40.113605,0
106.03171,-38.205315,0
-66.25277,149.28146,0
93.80354,122.01989,1
-66.73733,153.27484,0
-66.84979,151.38,0
16.21609,40.740612,0
56.58074,-119.845604,0
-68.02722,-135.01337,0
-123.93624,2.473072,0
15.562396,40.537033,0
145.55977,-0.29922628,0
14.725935,41.06003,0
-20.510008,-37.394833,0
22.40779,-23.70527,0
83.786354,-123.46528,0
-91.931725,-107.43282,0
-131.13847,11.895018,0
22.567549,-23.33359,0
129.29091,27.510044,0
20.7666,-17.439665,0
7.528658,-23.869022,0
42.256943,72.41003,0
42.243767,-81.38318,0
-43.570816,-104.89116,0
-137.50043,-9.719209,0
42.572014,72.97194,0
127.83764,37.92625,0
43.552254,72.43849,0
-14.139756,-69.654434,0
-52.504223,40.494427,0
29.631079,-141.37817,0
-108.86933,-85.177505,0
-137.28427,19.108076,0
-55.780582,40.606216,0
124.98685,17.941761,0
-57.39793,41.846386,0
-51.27868,-8.702072,0
82.90107,91.37218,0
33.30892,-67.90291,0
-32.166443,-98.17706,0
-142.4328,-17.674725,0
83.012924,91.93199,0
162.02293,34.83137,0
70.158134,90.77664,0
-7.7661176,-80.62606,0
67.737686,30.762392,0
59.539745,-77.546684,0
-41.69573,-122.789085,0
-118.450775,-8.718698,0
67.63013,31.006578,0
121.54017,36.15113,0
59.822018,33.08278,0
-4.7379446,-58.374874,0
80.241936,81.042175,0
34.899326,-68.77237,0
-30.957731,-98.06953,0
-139.43182,-21.370344,0
80.202934,80.878365,0
168.48396,30.57507,0
71.91194,88.135445,0
-8.026316,-83.26906,0
26.798042,126.85677,0
28.386568,-96.72153,0
-70.97891,-101.177315,0
-160.01865,-23.201805,0
26.432188,127.39548,0
163.32358,-13.353315,0
23.510777,129.35352,0
-41.22053,-68.33223,0
25.254305,0.4155954,0
73.07836,-118.54631,0
-95.51653,-115.30941,0
-119.52877,11.7015705,0
24.333252,1.1516626,0
126.4718,58.526054,0
18.767208,-0.47985786,0
-0.39916587,-28.330336,0
-49.616226,126.90247,0
7.0759478,-108.4019,0
-71.113884,-59.47913,0
109.70589,-27.960348,0
-48.332695,124.57023,0
176.60266,41.41829,0
-49.793037,128.96973,0
-50.8426,130.94945,0
-90.97555,36.800205,0
11.7399235,-170.93007,0
-120.47522,-69.784004,0
-201.84727,7.547369,0
-90.358315,37.25686,0
117.85791,6.6108704,0
-88.13495,37.325657,0
-52.829197,7.2180457,0
9.303618,-11.496052,0
93.44828,-97.1586,0
-22.076485,-139.27994,0
-105.0897,22.664326,0
9.006021,-11.737541,0
136.67702,79.158485,0
8.335676,-12.53681,0
7.547158,-13.821429,0
-39.414227,156.78372,0
111.73727,-94.92083,0
130.99063,-38.123486,0
116.17617,-31.015173,0
-39.663277,156.34052,0
89.948784,128.20789,1
-38.91614,155.41457,0
-39.435913,155.841,0
49.204376,-30.013802,0
102.692635,-103.343056,0
-17.397676,-127.714005,0
-118.6569,-35.46174,0
49.4161,-30.421982,0
132.64919,91.38654,0
49.575344,-30.864222,0
48.29442,-35.83562,0
-60.89946,21.458439,0
44.87988,-159.89923,0
-120.42556,-93.939514,0
-183.77477,-6.833987,0
-58.119778,21.48911,0
127.663605,5.913053,0
-57.53197,22.881592,0
-71.33878,-28.97432,0
-58.281197,114.0793,0
8.192042,-109.561646,0
-75.70833,-58.03703,0
115.29916,-25.700306,0
-54.570957,114.96261,0
181.89537,44.3975,0
-60.413036,114.36591,0
-61.38767,113.447464,0
4.409623,-5.8057127,0
61.961376,-128.72113,0
-109.46343,-115.20379,0
-141.5233,9.11959,0
4.597808,-5.73796,0
126.79654,-7.1974864,0
1.2244478,-1.4323492,0
-1.6815037,-14.290193,0
9.902627,151.7943,0
116.9322,-79.46927,0
141.56432,-56.592148,0
2.4303365,150.97299,0
2.6343224,152.96257,0
80.30883,134.2988,1
2.9886384,151.76791,0
3.3135111,154.06377,0
12.097312,-4.391941,0
71.17683,-123.791466,0
-98.2469,-114.04424,0
-136.42992,11.979775,0
12.562357,-3.6436176,0
129.91867,32.87549,0
13.579613,-2.007356,0
0.71965927,-25.781324,0
8.989137,81.52629,0
47.441498,-121.75935,0
-61.785755,-84.76435,0
-115.587616,-0.95532423,0
9.250979,81.61387,0
145.52393,6.357066,0
9.854556,81.96638,0
-20.817593,-43.31784,0
40.16225,50.66072,0
67.42434,-72.23317,0
-52.892006,-140.62077,0
-124.891205,-7.233963,0
40.625843,51.521694,0
107.71077,38.423943,0
41.66697,54.63006,0
12.802879,-65.51697,0
-72.96384,89.18415,0
3.0807755,-137.30475,0
-93.00566,-56.319702,0
-181.67093,16.275558,0
-72.832726,88.55197,0
181.43153,13.031082,0
-73.21642,88.495445,0
-68.923904,9.031853,0
1.1833744,51.87075,0
45.841343,-57.418697,0
-92.219406,-139.80174,0
-144.01382,22.423414,0
-0.29582852,51.599674,0
108.8274,35.679874,0
-2.4002833,48.06421,0
-30.492708,-30.078543,0
-9.2869425,127.21007,0
40.0422,-124.31337,0
-68.02027,-83.555374,0
-164.57982,-2.809174,0
-9.290505,127.08274,0
155.93578,-6.1991053,0
-3.5738544,126.869865,0
-49.356922,-43.112812,0
23.382507,95.12063,0
45.276226,-102.36772,0
-68.14492,-115.59984,0
-153.81566,-35.375816,0
24.145538,95.23473,0
150.4314,49.869255,0
22.956484,91.3072,0
-29.915363,-55.068405,0
-31.808414,129.7337,0
2.7438774,-109.258156,0
-65.017136,-62.533722,0
-149.6427,-8.386069,0
-31.617065,129.33955,0
174.31238,29.222958,0
-24.654589,122.299355,0
-22.88974,-0.10289804,0
29.489138,-5.88501,0
77.063736,-116.54094,0
-34.615505,-147.75261,0
-93.8353,2.6856146,0
29.14705,-6.044216,0
123.05341,68.17498,0
28.91607,-6.76154,0
5.090356,-32.137066,0
47.21576,103.79951,0
26.28344,-83.214714,0
-50.422276,-94.881355,0
-151.1757,-18.631094,0
47.620644,103.82097,0
144.45198,23.685318,0
49.884865,104.45851,0
-26.032553,-75.80703,0
16.142172,129.70503,0
26.788275,-99.5366,0
-74.29349,-102.31743,0
-163.31003,-23.065868,0
16.56919,129.80257,0
156.69073,-14.32668,0
18.95471,127.04936,0
-44.648556,-66.807724,0
76.02099,-46.57541,0
115.35721,-93.85324,0
72.60746,-54.619854,0
-87.76716,-35.79447,0
75.63341,-47.088375,0
118.90333,103.11879,0
75.157646,-47.446644,0
74.031364,-48.283825,0
16.619757,55.204643,0
53.971684,-86.65477,0
-88.39992,-130.88504,0
-140.34904,24.975592,0
17.292248,54.602753,0
101.67748,35.467903,0
19.044014,54.199627,0
-26.369352,-34.0022,0
-45.90988,45.295605,0
30.30943,-145.73894,0
-104.36633,-86.71116,0
-178.38878,-9.5715885,0
-45.95792,45.307533,0
121.73018,31.020918,0
-43.27793,45.67566,0
-52.37699,-13.648556,0
-11.508958,100.49762,0
36.276104,-114.26566,0
-75.324554,-93.55917,0
-171.53474,-7.8980355,0
-11.412096,100.102486,0
138.41953,16.838423,0
-11.989888,99.30757,0
-55.072975,-46.88406,0
76.69671,3.7540097,0
70.8195,-76.7163,0
-48.34066,-143.75967,0
-105.516754,-18.931475,0
76.38689,3.6110964,0
106.52738,61.850258,0
67.09955,7.455126,0
11.425803,-59.446445,0
3.7003238,42.11339,0
72.836296,-69.98656,0
-88.853195,-137.7144,0
-144.02957,24.819324,0
2.7911248,42.074512,0
99.66178,33.131126,0
-0.2464256,41.96521,0
-27.695375,-31.202854,0
76.19718,52.349113,0
53.987667,-68.69001,0
-30.42295,-117.69378,0
-115.08071,-24.972244,0
76.23309,52.340794,0
106.62747,52.44878,0
73.387314,57.362892,0
6.2760634,-67.88578,0
28.676023,8.8749895,0
78.36167,-89.053154,0
-56.02324,-151.10667,0
-109.70002,-0.73376465,0
28.567953,9.674144,0
126.031456,82.66719,0
27.242523,11.939556,0
16.315975,-44.392403,0
93.915215,-15.644683,0
11.080059,-127.811485,0
93.312515,-13.307225,0
124.45371,-59.120754,0
88.2762,-9.583071,0
173.18823,61.991066,0
94.46756,-16.874235,0
93.90779,-16.510094,0
80.57783,74.382774,0
49.10245,-67.669075,0
-29.819855,-112.27115,0
-121.19627,-21.756573,0
80.36907,74.298355,0
109.55087,47.208687,0
77.924385,62.79858,0
1.0905852,-72.20247,0
-55.09095,153.74753,0
99.81729,-94.73191,0
126.743935,-37.84806,0
112.493515,-33.740196,0
-55.42197,156.8532,0
96.2457,126.51688,1
-55.806606,159.15901,0
-55.69397,157.81418,0
-111.229126,96.84528,0
-10.137278,-167.41928,0
-141.76181,-72.42679,0
-173.88531,33.884743,0
-111.59896,95.78584,0
188.15033,-1.3500262,0
-112.43777,94.74576,0
-118.12952,59.08764,0
-25.907972,83.2927,0
14.6380415,-126.83736,0
-76.29976,-70.18816,0
-144.08934,-0.057212364,0
-25.82147,83.43175,0
133.86284,23.399853,0
-26.0169,84.00136,0
-33.787247,-9.738633,0
64.405594,-13.140909,0
81.69869,-78.14305,0
-43.193554,-150.74846,0
-92.20631,-15.833605,0
63.86655,-13.22187,0
109.461334,79.24334,0
57.04928,-9.315352,0
19.721304,-53.40384,0
49.4713,-1.9755089,0
77.765274,-100.10513,0
-38.072674,-140.33905,0
-100.26497,-12.802876,0
50.05572,-2.0303602,0
115.33005,71.50278,0
50.768,-2.0680711,0
9.188233,-44.24049,0
8.9029665,93.50599,0
36.760315,-106.00468,0
-71.88908,-111.31291,0
-165.965,-33.160885,0
8.524321,94.12775,0
141.4011,-12.165005,0
8.537083,96.52098,0
-39.914116,-55.802807,0
36.120663,112.32272,0
33.863247,-89.77292,0
-62.65701,-100.65125,0
-146.65788,-26.539574,0
35.986412,112.399124,0
161.67894,41.506622,0
68.021225,94.307785,0
-32.02258,-68.28203,0
-50.89821,155.59624,0
99.95192,-96.600296,0
128.19418,-36.27163,0
114.49504,-32.817005,0
-50.078068,157.44446,0
95.4015,127.7352,1
-49.92378,159.09467,0
-50.47604,158.23233,0
56.503242,82.388176,0
36.161846,-81.837906,0
-42.80453,-100.502625,0
-140.54616,-29.984236,0
56.51699,82.808556,0
119.864,35.471107,0
55.36783,86.14767,0
-18.41185,-71.119896,0
-140.18646,80.75367,0
-21.85947,-171.85585,0
-150.32573,-73.601974,0
-165.89195,46.41498,0
-139.78214,80.53692,0
197.4369,-9.373999,0
-139.17052,80.35327,0
-129.76341,53.54231,0
-21.974483,7.1052165,0
48.67057,-133.82259,0
-103.08201,-109.887596,0
-133.0914,2.0012717,0
-22.036875,7.1862116,0
117.44129,49.251537,0
-19.14527,7.254541,0
-4.8641987,-26.099646,0
76.41005,48.17931,0
67.78829,-88.260735,0
-40.015762,-122.578384,0
-111.97982,-23.060162,0
76.24493,48.34137,0
99.04323,42.434246,0
58.560627,44.267666,0
0.022059733,-55.976246,0
4.3339324,-4.903656,0
61.727375,-128.59558,0
-109.23143,-115.100975,0
-140.18141,9.512788,0
3.7065568,-4.5063887,0
131.34232,-6.5923204,0
1.1898631,-1.6815245,0
-1.6259743,-14.901092,0
31.162773,-21.90946,0
82.63979,-117.918434,0
-28.343145,-145.45506,0
-96.94234,8.597257,0
31.14722,-22.2162,0
125.07349,72.21164,0
25.582365,-14.772707,0
9.84343,-29.867489,0
-3.1260402,78.27466,0
26.757397,-110.56791,0
-78.56372,-117.98723,0
-174.09502,-27.942963,0
-2.608079,78.74111,0
113.22927,-1.1048546,0
-1.4630287,82.40199,0
-49.71625,-54.125362,0
44.490364,2.012107,0
76.5988,-104.061066,0
-33.8223,-140.61353,0
-92.426926,-2.628282,0
44.01549,1.9696724,0
118.0495,73.91659,0
43.036926,1.5726893,0
8.07724,-39.095043,0
-58.895245,55.00225,0
19.374517,-144.03377,0
-105.28554,-78.63755,0
-189.67058,0.6070226,0
-59.131367,54.46168,0
170.88953,6.744441,0
-58.422203,53.65216,0
-58.47252,-5.5106974,0
-79.580284,89.70742,0
-1.1934428,-141.50453,0
-96.000916,-54.43675,0
-182.18954,16.718323,0
-79.36388,89.26921,0
177.88911,-0.19073123,0
-78.37107,87.36923,0
-71.42453,8.14567,0
77.10217,19.52204,0
64.996086,-82.02573,0
-34.519844,-125.14919,0
-107.642494,-19.199472,0
77.691864,19.450945,0
111.656685,55.643204,0
67.257484,12.148832,0
5.1404843,-59.02401,0
34.52778,91.93546,0
35.61407,-91.42529,0
-60.62988,-115.577866,0
-135.96088,-35.22452,0
34.65982,91.72818,0
146.63512,43.058895,0
35.76626,90.77289,0
-24.357233,-60.272926,0
46.716248,110.964424,0
23.413383,-83.07142,0
-49.75561,-91.59738,0
-144.4209,-7.381853,0
47.239193,110.37249,0
155.65857,18.60244,0
50.08659,109.3256,0
-26.25531,-78.849266,0
62.8744,-52.82146,0
98.16527,-85.61323,0
55.582024,-49.140305,0
-84.75495,-17.146742,0
62.285873,-52.43937,0
113.94805,87.326256,0
61.12091,-51.944477,0
58.443264,-50.713837,0
-50.10987,22.463814,0
43.313618,-153.9217,0
-115.165436,-96.17881,0
-187.53741,-13.600793,0
-49.88463,22.891836,0
120.39115,16.867382,0
-46.65515,25.328314,0
-64.582886,-29.68749,0
79.4092,52.16092,0
52.316437,-66.59521,0
-27.923517,-113.483696,0
-112.418236,-24.125708,0
79.117386,52.637447,0
104.98523,48.219463,0
74.288025,57.035763,0
2.5813859,-73.14345,0
75.65084,92.024956,0
30.622139,-70.92274,0
-34.702545,-94.59351,0
-140.10143,-17.608564,0
75.33699,92.16081,0
161.92572,38.246197,0
74.029465,92.36743,0
-10.839812,-81.34366,0
-35.036686,19.872713,0
46.630047,-148.07283,0
-110.27086,-100.85125,0
-126.8121,24.329626,0
-35.204647,19.967983,0
123.049225,21.290255,0
-38.838585,25.51412,0
-48.852505,-24.731619,0
-6.9730077,81.96674,0
27.201832,-108.44361,0
-79.91385,-114.91341,0
-172.0077,-24.567003,0
-6.700853,82.00606,0
143.3822,-4.666679,0
-2.953722,85.25671,0
-48.421272,-55.882957,0
-3.156826,27.58368,0
73.96224,-142.61827,0
-76.16236,-143.09421,0
-111.98675,22.94575,0
-3.2867332,27.55185,0
145.85931,67.650566,0
-2.3901706,22.429098,0
-16.887175,-23.839525,0
-22.976648,53.159515,0
34.205353,-160.48705,0
-87.90184,-92.27385,0
-112.45592,28.010654,0
-23.231495,53.357372,0
148.75331,66.83595,0
-25.860184,55.34158,0
-59.01434,-26.941578,0
-30.360245,58.23472,0
31.400204,-159.3159,0
-88.44989,-86.903694,0
-183.516,-20.04407,0
-30.46204,58.28732,0
138.9526,0.29916593,0
-36.481354,53.461533,0
-63.43845,-21.49336,0
53.71081,60.705246,0
56.52143,-76.257675,0
-39.7019,-114.69714,0
-128.1039,-7.8115034,0
53.677097,60.56855,0
109.64077,48.210037,0
44.181942,59.670815,0
-3.7426696,-65.156654,0
67.23525,22.272732,0
62.74252,-87.46126,0
-40.537685,-129.62206,0
-100.31903,-17.208849,0
67.1548,22.069761,0
114.15649,61.405518,0
65.70842,20.316727,0
4.7729044,-52.71502,0
95.39402,7.284972,0
12.419347,-136.55089,0
-87.43001,-53.84103,0
125.748665,-26.653881,0
-67.128914,88.7163,0
186.93752,50.66841,0
95.681885,7.0269947,0
95.45166,7.5211334,0
-90.88358,74.92147,0
0.7175497,-146.07474,0
-99.43724,-55.81929,0
-188.3873,15.543733,0
-90.82494,74.88597,0
172.21623,0.6336625,0
-80.82621,82.46005,0
-73.223854,3.96557,0
46.057884,80.52933,0
21.830637,-78.72402,0
-45.944225,-88.822334,0
-142.63774,-7.795503,0
46.614,80.63742,0
157.05428,33.60593,0
47.38311,81.05743,0
-13.081555,-74.635925,0
-14.99925,19.982328,0
82.71226,-124.56058,0
-90.60587,-105.20318,0
-132.23619,11.480312,0
-14.984293,20.171972,0
130.96346,27.109314,0
-14.837765,20.940565,0
5.477003,-20.495935,0
75.717636,4.311611,0
70.89382,-75.95095,0
-49.12768,-143.48657,0
-109.07975,-16.56641,0
75.54248,4.506769,0
104.50807,61.252403,0
66.57728,6.7158713,0
11.756928,-59.894684,0
-39.498528,75.64298,0
24.447075,-151.66924,0
-92.97395,-76.83864,0
-173.62424,6.4453425,0
-39.59329,75.41309,0
130.81212,22.931965,0
-49.783257,80.27482,0
-59.56527,-13.5227585,0
63.352505,66.635925,0
48.711063,-80.150314,0
-47.666058,-113.16336,0
-126.584755,-15.177195,0
63.309532,66.5106,0
159.37894,46.949875,0
62.505287,66.08044,0
-12.174973,-57.966896,0
-1.7920077,52.445335,0
45.124306,-58.794952,0
-91.65054,-141.65591,0
-148.4307,21.388638,0
-2.5721612,51.62453,0
107.49892,36.30224,0
-3.944031,50.717506,0
-32.03679,-29.30506,0
24.541666,150.43848,0
104.899956,-66.04417,0
136.43492,-70.184044,0
44.968975,158.9445,0
39.43244,146.19499,0
69.03684,142.10614,1
44.37725,161.06862,0
38.235226,144.78574,0
-38.4506,19.352657,0
47.81771,-150.2514,0
-113.79614,-101.539955,0
-135.46292,19.414244,0
-38.6094,19.869165,0
118.03002,19.799967,0
-40.490147,23.586058,0
-62.361046,-34.58443,0
69.38826,-9.63931,0
77.73146,-77.14901,0
-47.299103,-148.69029,0
-97.71069,-14.414183,0
68.76905,-9.352828,0
117.09755,83.22196,0
60.045994,-2.600556,0
17.45018,-56.650486,0
37.346664,101.61324,0
51.074333,-94.02746,0
-53.45433,-113.999214,0
-131.65268,-24.758604,0
37.15453,101.597984,0
139.11787,34.893394,0
35.052074,102.2543,0
-27.557016,-64.052414,0
64.77337,82.66708,0
35.371326,-73.84285,0
-36.218727,-99.31491,0
-135.29579,-18.722572,0
64.96121,83.29035,0
156.55396,37.15085,0
66.80429,85.89852,0
-11.163661,-78.53627,0
-7.803655,63.941372,0
37.812313,-55.857048,0
-99.75529,-142.75949,0
-153.68527,13.785695,0
-7.6334367,64.448326,0
144.05952,15.948312,0
-11.89871,57.613823,0
-37.84525,-35.10048,0
-91.84755,82.172516,0
-4.9891953,-147.42361,0
-102.215706,-51.479366,0
-187.85898,24.727455,0
-91.40415,82.56143,0
172.50052,-4.6511664,0
-87.07836,84.19244,0
-78.073654,6.232916,0
-71.24053,77.64814,0
10.797553,-136.61185,0
-109.3598,-64.8497,0
-184.53122,5.5701146,0
-70.984314,77.47483,0
174.28758,13.835058,0
-69.10119,75.64212,0
-65.468185,2.58485,0
47.805473,14.918169,0
70.256165,-106.17299,0
-46.506706,-136.73395,0
-107.0223,4.3831697,0
47.16096,15.799294,0
133.80621,58.551376,0
46.510887,16.502537,0
0.36151633,-39.091843,0
-51.528698,48.08731,0
25.812304,-144.05513,0
-105.658585,-81.983795,0
-189.0982,1.8625001,0
-51.71315,48.269318,0
131.18886,13.6946745,0
-56.438095,47.75813,0
-55.573025,-8.255474,0
53.19652,26.10021,0
64.28412,-102.59033,0
-46.55651,-131.90013,0
-104.7613,-3.2854903,0
53.16209,26.118391,0
114.09461,71.02844,0
49.39879,25.637873,0
-1.8988416,-43.884068,0
12.101353,9.911376,0
73.68837,-130.27327,0
-93.12519,-131.98357,0
-104.5745,18.1001,0
11.778896,9.901392,0
105.1394,25.305923,0
11.192243,10.246305,0
-6.0801735,-31.921124,0
58.482456,24.353924,0
70.492905,-97.761185,0
-49.869263,-128.09114,0
-106.70377,-11.424187,0
58.41365,24.111635,0
116.903854,67.03873,0
57.649986,23.071394,0
3.3719225,-47.645527,0
32.642166,90.12126,0
41.76926,-91.8308,0
-60.83035,-116.325264,0
-140.36136,-36.230797,0
32.75063,89.82826,0
146.89587,38.191006,0
34.89651,89.40076,0
-21.069397,-54.946167,0
75.17983,72.0993,0
39.968884,-66.9772,0
-27.715088,-102.81364,0
-139.99162,-24.275724,0
75.1053,71.319885,0
163.87968,35.58594,0
69.21061,91.00878,0
-3.5650926,-79.926506,0
-137.66759,85.86879,0
-21.559734,-174.40747,0
-147.7382,-73.02072,0
-167.27167,46.832676,0
-137.67262,86.10785,0
191.21251,-5.125442,0
-134.07167,85.13044,0
-128.40323,51.92489,0
81.30468,59.23233,0
48.954597,-69.391815,0
-31.276203,-113.11821,0
-123.16803,-21.385223,0
80.863884,59.62834,0
106.8805,48.37905,0
75.76694,61.37714,0
0.26703086,-70.90105,0
4.7180758,26.655666,0
74.91955,-139.11078,0
-73.09286,-146.56834,0
-108.00503,20.013346,0
4.7456827,26.492233,0
139.95012,74.60144,0
2.751912,22.52274,0
-14.462479,-27.193026,0
-26.464098,10.570374,0
46.808277,-135.4116,0
-104.26403,-107.7688,0
-133.79152,5.018095,0
-26.004995,11.672408,0
127.438416,31.064907,0
-24.840652,13.202977,0
-5.608218,-24.175133,0
50.633865,38.304527,0
50.624313,-98.90953,0
-54.59957,-119.635315,0
-115.95411,-2.3042772,0
50.93024,38.399624,0
134.4102,37.119488,0
52.550373,38.499393,0
-16.871923,-52.94971,0
69.17413,-10.392393,0
77.834465,-77.79516,0
-47.75541,-148.6892,0
-93.533806,-8.689724,0
69.01851,-10.298213,0
108.6947,65.09516,0
60.088287,-3.3660796,0
16.822798,-56.403893,0
-31.389435,13.786573,0
43.624783,-138.27245,0
-106.22921,-103.60987,0
-162.12794,-8.400789,0
-31.546152,14.108942,0
123.99652,22.965353,0
-29.414162,16.88726,0
-50.48364,-29.51029,0
-54.896442,18.49657,0
46.43962,-158.44342,0
-119.96459,-96.521286,0
-187.89162,-8.518995,0
-55.334198,19.632395,0
129.40913,4.4352865,0
-55.357143,21.651934,0
-70.87611,-30.949823,0
1.9774991,12.968216,0
75.08008,-137.33139,0
-72.59318,-142.89804,0
-112.32197,17.370802,0
1.8677024,12.814733,0
148.3334,62.913334,0
0.5904643,21.007742,0
-13.909788,-29.441183,0
-34.45982,38.453243,0
36.069504,-147.54175,0
-102.6049,-92.54291,0
-113.16122,11.070028,0
-36.812748,38.479332,0
134.78792,57.845222,0
-37.889378,38.558292,0
-49.44007,-19.660597,0
-65.9364,146.13039,0
99.446014,-87.233925,0
117.01069,-39.55375,0
105.66429,-38.124382,0
-68.14905,146.45525,0
95.53555,121.39301,1
-70.68941,147.8544,0
-69.08451,147.85976,0
-72.18328,139.11359,0
96.83768,-91.51528,0
111.95222,-41.53197,0
-83.889206,131.3313,0
-72.96031,139.02106,0
97.76049,120.24794,1
-73.230804,138.7307,0
-73.51526,139.42642,0
66.3243,-2.4931417,0
76.72503,-82.01212,0
-51.58842,-149.18855,0
-99.39904,-10.8258,0
64.77478,-1.2075019,0
121.26217,76.69577,0
61.785603,2.3248649,0
15.555353,-49.38729,0
40.672436,50.520775,0
67.46606,-72.74286,0
-52.69987,-140.144,0
-125.58168,-6.7465425,0
40.768955,51.101074,0
122.532875,38.856937,0
41.534073,53.90794,0
12.761247,-65.19408,0
-81.67989,87.57321,0
-2.0363088,-142.84793,0
-97.63588,-53.59631,0
-181.0475,21.108631,0
-81.68313,87.455635,0
174.7434,0.18658923,0
-80.844025,86.156715,0
-72.67612,8.002701,0
3.5920966,41.81012,0
73.19625,-70.57406,0
-88.4951,-137.27357,0
-107.45536,-16.34107,0
2.5090303,41.527832,0
104.14436,33.812485,0
0.28327462,41.873714,0
-26.233276,-30.93894,0
19.970718,116.59526,0
26.770475,-92.396866,0
-68.90546,-104.62911,0
-163.97176,-27.150162,0
19.873951,116.65506,0
154.33102,1.8629466,0
19.561653,117.71839,0
-34.112385,-72.08355,0
-6.050922,1.7086749,0
57.96161,-130.84041,0
-110.78597,-118.9851,0
-141.88919,14.187997,0
-5.256987,1.3677235,0
125.26183,-5.6487446,0
-4.5392003,0.4625642,0
-6.0104704,-15.432429,0
29.264626,9.061818,0
78.29143,-88.60887,0
-55.726887,-151.03322,0
-109.130844,-0.20053905,0
28.90987,9.57945,0
126.1854,81.88602,0
27.387804,12.605955,0
16.46139,-44.721676,0
-19.972706,95.62075,0
32.95493,-119.951256,0
-79.73104,-90.64332,0
-173.99483,-13.233196,0
-19.79215,94.83254,0
150.72832,-7.722591,0
-20.016943,92.64417,0
-62.59976,-45.923218,0
-43.081688,74.38484,0
21.638773,-151.61987,0
-92.79623,-75.741905,0
-177.6912,6.27339,0
-42.67605,74.43375,0
164.48299,11.3081255,0
-51.046677,79.01749,0
-62.810997,-12.285725,0
24.031525,46.056484,0
55.56166,-107.30893,0
-78.42568,-123.20113,0
-115.04947,6.4161587,0
24.174582,45.650818,0
133.23195,54.784687,0
20.264069,48.834526,0
-26.010727,-43.2121,0
-32.16845,120.35182,0
2.892715,-113.30844,0
-64.2873,-68.0775,0
-153.16077,-5.8465014,0
-31.205,119.602234,0
180.82501,28.048515,0
-28.68998,118.76249,0
-26.428076,-4.152611,0
-34.762325,157.33592,0
98.77079,-94.41363,0
132.21017,-38.57531,0
117.04473,-29.668926,0
-35.214993,155.64714,0
92.88975,129.36783,1
-34.828293,153.64104,0
-35.22319,154.67836,0
-136.81169,71.80976,0
-21.454132,-168.9818,0
-150.45242,-76.326866,0
-163.13303,45.48088,0
-136.88983,71.70428,0
201.49164,-8.023164,0
-136.50406,70.57836,0
-130.38095,58.492645,0
51.50101,53.441204,0
60.223602,-72.246765,0
-23.055902,-112.45515,0
-123.36662,-13.554122,0
51.340935,53.693707,0
118.83885,46.234573,0
49.1105,55.54753,0
7.2615495,-74.980385,0
52.194546,24.793882,0
64.84356,-103.649124,0
-47.14098,-133.84709,0
-107.44262,6.0554333,0
51.61533,24.929466,0
121.07141,70.19388,0
49.059746,24.678356,0
-1.7476758,-41.665485,0
-36.75283,50.14928,0
37.29611,-156.46057,0
-102.272804,-86.73825,0
-185.36926,-15.968386,0
-37.5372,50.68367,0
133.07921,-0.42788422,0
-37.448772,51.31291,0
-62.849625,-26.007008,0
-63.004414,82.12579,0
9.42957,-136.13628,0
-105.413795,-65.900406,0
-187.32014,6.0622644,0
-62.65839,81.72847,0
173.77141,13.729004,0
-62.502003,78.821556,0
-62.472477,3.8838782,0
53.10208,53.670513,0
59.245796,-72.07723,0
-24.167122,-112.65043,0
-122.47595,-13.853646,0
53.321194,54.665054,0
146.39952,33.4706,0
53.121178,55.85347,0
6.5055633,-73.43211,0
-114.89484,73.947205,0
-7.0490184,-172.55899,0
-138.8259,-65.45856,0
-164.85214,34.575966,0
-114.867195,73.83687,0
194.21873,6.5685153,0
-115.95562,73.71705,0
-111.56119,58.794907,0
100.13664,-10.13487,0
-4.8792267,-121.57038,0
128.25237,-65.15505,0
19.349083,147.27032,0
101.816055,-11.080945,0
172.2745,67.27464,0
102.28445,-10.379361,0
101.77579,-11.130664,0
65.778305,25.749907,0
58.615932,-86.92822,0
-42.101425,-126.45362,0
-105.40095,-9.384443,0
65.712,25.637472,0
102.653496,40.129974,0
59.844658,29.467514,0
-25.10769,-35.639656,0
66.43268,-4.091507,0
78.152756,-81.92551,0
-49.491367,-151.59871,0
-98.11679,-9.569349,0
65.596695,-4.3407435,0
119.971794,78.3813,0
59.797894,1.6723828,0
16.239838,-51.39366,0
58.71799,52.439026,0
55.248325,-72.50984,0
-34.280052,-115.99754,0
-122.49657,-16.45936,0
58.627037,53.03599,0
116.616486,43.32649,0
59.029827,54.739826,0
-1.5735314,-68.14579,0
17.368061,61.296646,0
53.787933,-82.690506,0
-83.502304,-130.28645,0
-140.7463,23.810156,0
17.380468,61.372364,0
123.74849,45.661297,0
21.535803,58.24117,0
-29.535769,-36.219814,0
33.644367,17.165388,0
78.31852,-86.606476,0
-54.447243,-152.91992,0
-103.78738,3.4005473,0
33.128105,17.353003,0
127.88074,67.641075,0
30.674442,17.992987,0
19.524551,-44.729847,0
-32.777687,119.12996,0
2.9348826,-113.62863,0
-64.41108,-68.173874,0
-154.52518,-6.0384736,0
-32.036236,118.80978,0
170.34476,30.817858,0
-28.760286,118.19397,0
-26.669765,-3.5158193,0
83.39832,100.30745,0
29.945055,-66.61387,0
-30.568558,-94.98004,0
-144.34361,-17.18504,0
82.73417,101.19922,0
167.6079,38.373234,0
71.22131,90.220474,0
-8.967615,-85.47641,0
-3.3488786,78.96118,0
26.428963,-110.75602,0
-78.721825,-118.17237,0
-174.20618,-26.193121,0
-2.7811153,79.60138,0
140.09517,44.161762,0
-1.6961013,82.204414,0
-49.59925,-54.00512,0
8.883456,73.5727,0
12.877603,-102.01579,0
-58.730824,-75.624115,0
-147.94446,1.5717428,0
8.501602,73.54805,0
167.0276,42.22078,0
8.06575,73.42938,0
-23.31037,-11.641797,0
-42.491146,65.873024,0
23.622194,-156.67004,0
-92.51134,-81.39122,0
-176.04382,3.2447617,0
-42.127914,65.6182,0
157.25278,16.972864,0
-41.025013,64.47883,0
-63.647785,-16.445856,0
-73.83421,135.9587,0
94.90101,-96.492294,0
112.49275,-41.143333,0
-83.69374,131.64195,0
-74.95916,136.37166,0
99.00936,120.103516,1
-75.16579,136.43939,0
-76.478745,137.38078,0
-46.4365,20.500338,0
45.097897,-153.07161,0
-115.24706,-98.26418,0
-192.86143,-10.833589,0
-46.18789,21.06514,0
118.94339,17.344349,0
-45.44818,24.032574,0
-64.31463,-31.719418,0
24.790218,121.58466,0
30.375895,-99.26626,0
-71.477325,-104.13259,0
-163.2272,-27.527273,0
24.177769,121.38482,0
152.37003,-12.286092,0
20.474499,123.11621,0
-40.954205,-63.907566,0
25.754433,27.036564,0
61.006954,-117.47284,0
-59.922276,-141.79192,0
-124.802635,3.210101,0
26.539248,27.18712,0
125.45014,51.340584,0
27.801422,26.846148,0
-13.702093,-37.98001,0
-44.009327,15.122496,0
47.92977,-153.99998,0
-117.30148,-100.31842,0
-190.05797,-8.368732,0
-44.96609,15.574371,0
122.036766,18.095043,0
-46.059547,15.830124,0
-66.68069,-34.022614,0
-7.362417,89.92342,0
27.823214,-104.925575,0
-78.6099,-110.27421,0
-169.60843,-22.157755,0
-6.3414173,89.898056,0
149.70628,-12.6919155,0
-4.96311,90.23064,0
-47.1884,-60.061916,0
57.747204,8.290285,0
70.74921,-84.27268,0
-34.769245,-132.35841,0
-102.58001,-21.627256,0
57.42331,8.567472,0
104.19731,74.60768,0
58.787624,11.958655,0
9.451761,-51.006535,0
30.394854,86.33101,0
37.100803,-94.11843,0
-63.197422,-117.56806,0
-155.73444,-34.434364,0
29.150581,86.96232,0
139.24463,41.540672,0
28.720245,88.095604,0
-24.095587,-57.84953,0
26.217463,102.212,0
45.716896,-96.78186,0
-59.211235,-109.73638,0
-148.6838,-37.363297,0
30.316635,105.74032,0
137.98906,31.193066,0
29.146646,106.291016,0
-32.377964,-62.546917,0
-58.677837,151.9174,0
100.17618,-91.51428,0
124.393776,-40.441696,0
108.852974,-34.860947,0
-60.781826,153.78513,0
94.8927,124.38287,1
-61.743996,157.72433,0
-61.042976,156.0614,0
29.726482,-17.120739,0
84.8148,-116.00463,0
-27.669456,-148.51065,0
-92.90345,8.143598,0
29.07509,-16.811333,0
131.15378,74.5348,0
28.304598,-15.960779,0
13.529658,-29.927135,0
-67.05287,43.838364,0
24.747477,-139.48897,0
-111.42893,-80.82266,0
-196.9518,0.39822796,0
-66.545204,44.245407,0
128.2033,14.415889,0
-63.816605,45.75772,0
-51.938015,-5.0062165,0
-8.282327,128.59593,0
39.145737,-123.75547,0
-69.31454,-84.18703,0
-166.5161,-3.675466,0
-6.085848,127.142075,0
155.04361,-5.870082,0
-5.218546,126.41354,0
-49.709904,-43.550095,0
30.700453,11.369952,0
77.770836,-87.80491,0
-55.060757,-150.43875,0
-117.9093,-11.735862,0
29.800343,11.578715,0
127.95135,81.93461,0
28.106031,14.244739,0
17.02407,-44.478104,0
39.191864,51.655422,0
28.712141,-84.69749,0
-50.534546,-99.565285,0
-126.35455,-7.550457,0
39.09337,53.490883,0
147.58257,23.68485,0
39.27735,56.769066,0
-24.239592,-73.96876,0
-21.368933,80.0241,0
9.711864,-126.73725,0
-75.258766,-72.69087,0
-144.01346,1.7071718,0
-21.222086,79.88568,0
171.23872,14.829857,0
-20.850199,79.407074,0
-31.530277,-6.442989,0
-86.69366,93.42944,0
-4.8548613,-142.07536,0
-97.356514,-50.59039,0
-183.32037,18.868902,0
-85.98928,92.27401,0
177.06488,-2.7522888,0
-85.55015,90.643745,0
-74.920334,10.371618,0
-67.84442,64.222084,0
14.198023,-145.16423,0
-101.77353,-70.26487,0
-197.05045,-7.740977,0
-67.37173,63.615334,0
123.416664,12.372191,0
-66.78273,63.37172,0
-63.886772,-4.3962655,0
78.85275,10.787692,0
66.280334,-92.34597,0
-42.53888,-128.14888,0
-103.04076,-11.062547,0
61.514282,23.812983,0
117.76066,65.42862,0
61.63368,15.923451,0
0.41744152,-49.114067,0
43.436813,-9.00489,0
67.72805,-100.42918,0
-43.486084,-131.75108,0
-100.71071,-6.5605636,0
43.467247,-8.982757,0
117.97642,67.99814,0
46.555576,23.342415,0
-0.3640816,-46.28315,0
-7.4884787,165.54405,0
110.30641,-75.07223,0
135.2736,-42.42309,0
132.989,-63.75666,0
-7.079694,155.27304,0
83.70507,135.59325,1
-10.496695,168.94199,0
-9.989141,168.54662,0
-22.559555,10.320412,0
45.838066,-133.9106,0
-102.47336,-107.663635,0
-134.1468,3.689946,0
-22.331625,10.606785,0
129.31677,31.623035,0
-21.0068,13.908993,0
-3.4005935,-23.720768,0
67.14968,-32.65127,0
109.23873,-96.77516,0
63.09668,-40.40443,0
-88.14057,-30.31267,0
67.175385,-32.888386,0
118.41395,98.84583,0
67.29607,-33.108677,0
66.978455,-33.371624,0
41.295525,22.529865,0
65.82243,-106.042366,0
-51.33734,-134.16095,0
-102.98784,9.064125,0
41.20462,22.699682,0
137.21045,72.009705,0
43.423897,23.533707,0
-7.0648704,-41.888523,0
62.762894,-14.095301,0
82.20327,-79.39175,0
-44.22243,-152.46373,0
-92.709816,-13.216705,0
60.24518,-11.626334,0
110.69981,73.08867,0
55.81871,-7.083497,0
21.365665,-52.115067,0
-56.621994,120.27656,0
6.766671,-118.13137,0
-75.4765,-59.60037,0
111.54173,-26.390528,0
-51.631905,120.35905,0
180.4384,43.053608,0
-58.913414,120.600266,0
-61.655273,122.34085,0
64.05192,51.52323,0
54.279816,-75.19534,0
-36.515774,-117.54184,0
-117.870514,-17.012196,0
63.63911,51.795628,0
119.01185,48.88574,0
61.373142,56.538944,0
-2.4003694,-65.25919,0
-6.8687553,2.9651966,0
57.129845,-130.62648,0
-110.3779,-119.52298,0
-142.0485,11.962804,0
-6.139557,2.3931544,0
122.979126,-5.0064745,0
-3.6287825,0.004615768,0
-6.5774417,-16.18847,0
16.414175,23.040033,0
68.00472,-132.43468,0
-63.561565,-143.94585,0
-117.381714,16.178053,0
15.549647,23.393787,0
124.75905,54.042862,0
12.968786,23.87457,0
-11.632444,-36.051178,0
-32.167553,59.443787,0
30.461967,-159.42212,0
-89.365204,-85.1065,0
-181.28209,-10.299923,0
-31.898973,58.966297,0
157.06339,4.042619,0
-42.234337,60.352524,0
-64.972595,-21.581886,0
-15.102012,65.31971,0
38.525066,-50.86804,0
-98.56703,-147.08513,0
-157.48264,13.570493,0
-15.516469,65.15142,0
145.01378,10.469754,0
-17.33359,64.94793,0
-41.33167,-32.112736,0
78.27403,83.63819,0
38.857372,-73.48639,0
-35.339447,-102.72911,0
-133.09138,-19.03261,0
78.53135,83.77254,0
150.66896,43.556534,0
79.74918,85.112785,0
-9.455239,-76.11939,0
21.158577,12.432282,0
62.0854,-124.21042,0
-68.56813,-142.11438,0
-113.56155,15.767211,0
20.898888,12.518113,0
135.18619,63.996246,0
20.142918,13.048632,0
-2.728536,-19.557749,0
26.76918,91.22995,0
36.286366,-96.15502,0
-64.84429,-116.35847,0
-158.05501,-32.33867,0
26.706964,91.03289,0
144.82494,38.50299,0
25.367517,89.302734,0
-27.17991,-55.633644,0
19.623672,-23.94,0
85.87278,-124.226166,0
-93.94338,-106.78611,0
-132.02084,13.693194,0
19.898449,-23.66727,0
129.82529,27.332012,0
17.243002,-19.500269,0
8.640023,-21.780434,0
-9.211094,42.725723,0
56.209583,-144.20654,0
-90.46215,-129.4156,0
-140.27419,25.651215,0
-8.835161,42.95466,0
112.49177,23.297941,0
-8.067965,43.28447,0
-25.434965,-33.801174,0
9.669587,151.71031,0
116.833664,-79.51143,0
141.80128,-56.557796,0
2.0712073,150.79247,0
2.1655715,152.61267,0
80.46578,134.27856,1
2.6394746,151.57494,0
2.9331853,153.71031,0
2.907759,-5.6746416,0
61.27224,-128.99507,0
-109.84016,-116.036026,0
-141.0526,8.7209015,0
2.6306455,-5.268641,0
126.48581,-7.960913,0
0.11222052,-2.2841828,0
-2.7780576,-14.969685,0
74.21835,20.443302,0
65.06368,-83.46582,0
-35.487785,-126.64715,0
-101.46707,-14.508549,0
71.59108,20.010546,0
108.083374,57.68369,0
65.492645,15.912939,0
5.4587574,-57.100906,0
-129.37459,91.11046,0
-17.434237,-176.65556,0
-149.78752,-67.86345,0
-169.89806,43.623425,0
-129.31691,89.03342,0
192.78166,-10.461871,0
-128.84344,86.71203,0
-123.02056,49.974663,0
-6.881057,4.5797853,0
56.352123,-131.41257,0
-110.115204,-120.90477,0
-139.04912,15.212412,0
-6.774002,4.667531,0
130.10797,-5.7332726,0
-2.1982257,1.1601232,0
-7.767728,-17.235556,0
22.823912,36.77147,0
57.47766,-114.74759,0
-64.922844,-132.42195,0
-119.26539,5.666247,0
23.375967,35.665848,0
142.00032,58.1362,0
25.17968,34.322018,0
-17.74771,-42.359337,0
-4.6238847,112.22065,0
42.31564,-118.06829,0
-66.84133,-90.92931,0
-157.84567,7.74055,0
-4.4773865,112.28037,0
147.69998,0.5814933,0
1.4638331,110.734886,0
-42.38016,-45.638885,0
-10.427712,81.489586,0
24.41904,-108.68305,0
-81.767715,-114.87547,0
-159.15787,-5.3157554,0
-10.225016,81.629074,0
151.39894,6.545458,0
-4.3873243,84.24568,0
-51.52084,-56.44175,0
-7.638729,132.08086,0
38.078724,-125.34719,0
-70.0871,-82.306786,0
-163.631,-4.0314026,0
-7.2287726,132.04187,0
156.64386,-8.353195,0
-4.003915,129.30496,0
-51.393475,-42.802467,0
-136.7842,83.54329,0
-19.488413,-174.44418,0
-148.7219,-70.73818,0
-167.8357,44.92908,0
-134.87048,82.90537,0
194.23735,-9.428233,0
-131.40662,84.801186,0
-125.72453,51.20518,0
11.739533,47.248955,0
70.02141,-121.23242,0
-99.230064,-119.36952,0
109.19819,-28.766468,0
-6.3657346,15.747734,0
132.266,34.449936,0
-46.449738,121.90063,0
-2.7718017,-31.045675,0
-105.72132,76.49998,0
-5.041513,-176.96863,0
-138.8864,-60.953262,0
-166.52927,27.580204,0
-105.42155,77.476036,0
188.84312,10.215137,0
-105.224754,78.955284,0
-109.41646,54.54098,0
-32.906116,108.91423,0
5.4127083,-119.54839,0
-70.44938,-72.2019,0
-167.01302,-11.86003,0
-33.67116,108.8841,0
182.38876,20.803036,0
-34.779892,108.55014,0
-32.387356,0.3732286,0
-126.33438,90.35398,0
-16.335733,-178.19875,0
-150.27823,-65.82732,0
-171.58168,42.406223,0
-126.62115,89.47258,0
192.66728,-9.669199,0
-126.581825,87.43334,0
-121.42168,48.386105,0
-93.88596,48.04522,0
7.31808,-165.36525,0
-117.23415,-64.418976,0
-195.63359,11.673216,0
-93.81186,47.99938,0
182.3517,14.79869,0
-90.06838,50.318928,0
-58.94671,8.79889,0
0.22081189,123.62751,0
42.700974,-124.070984,0
-65.51237,-83.97011,0
-161.79565,-0.13680618,0
0.37849373,123.90489,0
158.463,-4.453422,0
0.6054184,125.68417,0
-47.08702,-41.708717,0
-20.387106,96.34363,0
32.10894,-119.39384,0
-78.29613,-89.95008,0
-172.58345,-12.58633,0
-20.442636,96.77307,0
149.85841,-7.938593,0
-21.138912,97.84986,0
-61.00289,-45.70146,0
-84.58079,66.50754,0
2.5733929,-150.17633,0
-98.38987,-59.794254,0
-192.96123,21.150095,0
-84.67332,66.06399,0
156.8525,14.0791235,0
-81.60941,68.386406,0
-77.0165,-0.48931217,0
-2.569471,109.60221,0
42.936653,-115.896774,0
-66.39913,-93.45014,0
-159.92136,7.3949537,0
-1.3640985,109.46555,0
146.05928,0.2767224,0
-0.045239262,108.83836,0
-41.24533,-47.07919,0
-57.56798,35.286713,0
28.835297,-147.3094,0
-111.49629,-87.101494,0
-195.93704,-9.794532,0
-57.84808,35.326702,0
129.77434,23.819576,0
-58.299232,35.016132,0
-54.552906,-12.933026,0
68.25106,52.382828,0
51.732136,-74.402916,0
-36.185257,-115.26118,0
-116.416145,-21.224596,0
68.486015,52.944202,0
116.36825,41.395565,0
65.85466,61.05669,0
-3.3450928,-67.741776,0
38.95488,5.271649,0
61.89715,-86.57335,0
-87.485466,-132.87634,0
-118.577034,14.11003,0
38.95074,5.1033297,0
103.83306,36.904465,0
38.9037,4.4896855,0
0.81851447,-35.62648,0
18.433054,36.428535,0
57.79625,-118.102425,0
-66.390205,-135.64702,0
-121.62286,4.6758013,0
18.25466,36.41854,0
145.94138,58.65443,0
13.152439,37.668552,0
-18.820566,-38.216175,0
82.54211,-41.013664,0
112.18953,-85.92505,0
17.031813,157.58588,0
-85.069374,-31.270212,0
82.59075,-41.09091,0
115.83189,99.30116,0
82.66123,-41.07456,0
82.62917,-41.133255,0
35.19154,-14.316458,0
83.50534,-113.74824,0
-31.41407,-148.56808,0
-90.20102,3.8635042,0
34.621464,-13.998238,0
128.121,74.65811,0
31.42807,-12.15047,0
12.544198,-33.16181,0
22.535269,121.08426,0
30.521782,-100.447685,0
-72.26338,-105.10183,0
-166.60515,-25.560562,0
22.008516,121.099655,0
156.0998,-16.158772,0
20.248652,121.549995,0
-42.361652,-63.753544,0
69.09772,104.6511,0
26.831999,-75.79458,0
-40.78057,-91.51452,0
-148.1085,-17.961418,0
69.264145,105.09772,0
160.00208,30.671782,0
68.86404,106.85586,0
-19.34806,-82.71995,0
84.155556,-15.51912,0
6.5400047,-136.38402,0
118.068756,-57.065754,0
89.91771,-29.085812,0
85.67121,-25.822937,0
180.69408,57.794815,0
85.87039,-26.449152,0
85.5964,-24.025293,0
-78.24915,29.151228,0
16.169529,-173.91147,0
-122.73392,-74.704575,0
-204.49509,3.9496708,0
-78.50515,28.45918,0
115.04502,10.353255,0
-84.3139,31.010422,0
-46.988125,4.485861,0
-5.018479,167.39388,0
108.33861,-76.8075,0
140.22903,-50.88902,0
132.88303,-63.053604,0
11.424717,171.06049,0
80.45957,142.22038,1
-5.727225,169.34647,0
-5.522871,168.86244,0
71.50093,-37.218884,0
111.7461,-95.35686,0
65.53359,-42.452656,0
-87.12458,-32.517693,0
71.39397,-37.46989,0
117.831085,101.1613,0
71.471405,-37.51876,0
71.07769,-38.536785,0
21.183,101.815,0
41.96881,-100.23127,0
-63.49907,-110.84977,0
-152.6344,-38.311428,0
21.228415,101.514885,0
131.9613,-12.656888,0
20.753822,100.82384,0
-31.663624,-58.35129,0
28.943066,6.6097713,0
76.11607,-85.221634,0
-54.667538,-148.29715,0
-100.64267,-11.413972,0
28.56003,6.8377147,0
111.69361,63.281982,0
25.96128,8.047876,0
12.555819,-49.3507,0
-81.41729,29.713095,0
14.372098,-174.03087,0
-122.77748,-72.710655,0
-205.55754,8.197426,0
-81.1909,29.911777,0
119.65333,10.337681,0
-86.95431,33.180565,0
-48.066536,5.927809,0
49.47303,46.53756,0
58.040646,-78.81718,0
-42.816658,-116.89767,0
-119.429985,-13.143424,0
49.196285,46.539486,0
118.220436,50.1849,0
45.17999,57.934113,0
-6.481522,-61.435497,0
43.325817,4.147672,0
72.39444,-106.16926,0
-34.820007,-137.76195,0
-94.567245,-6.0014324,0
43.083847,3.8253598,0
114.459984,73.37526,0
42.04622,3.2439787,0
2.226927,-38.64716,0
21.041273,-10.715796,0
87.62927,-118.295235,0
-94.359886,-124.45846,0
-92.511284,11.536924,0
21.123604,-10.784106,0
129.6814,70.46616,0
22.533714,-13.136607,0
12.494051,-26.868603,0
73.91992,15.964578,0
67.12908,-84.8302,0
-34.992634,-129.04189,0
-89.61927,-5.26467,0
72.427795,16.212902,0
105.155525,72.680756,0
67.397026,16.88852,0
7.2844033,-54.69726,0
-35.27211,91.34066,0
30.115515,-131.7933,0
-80.657585,-76.56782,0
-162.89708,-8.682782,0
-35.61209,91.7324,0
165.40224,22.553646,0
-38.808895,93.023994,0
-52.228428,-31.012983,0
22.817604,-2.0517213,0
74.24152,-119.658615,0
-96.317986,-118.700005,0
-126.34584,10.918982,0
21.966131,-2.3658316,0
126.03814,64.80753,0
20.636835,-2.6375928,0
1.8841555,-29.589981,0
-86.520744,78.34669,0
-2.0671988,-146.35248,0
-102.12618,-55.069893,0
-188.399,21.03035,0
-85.69269,79.01896,0
176.03773,-2.1783369,0
-83.958244,81.0704,0
-75.608826,4.929106,0
-47.294975,73.09994,0
20.918447,-155.53229,0
-88.50697,-78.11679,0
-179.3069,2.3937955,0
-47.364502,73.26912,0
153.19403,9.691935,0
-49.851883,74.666,0
-66.95836,-16.176966,0
-30.424707,38.176777,0
66.47851,-126.38841,0
-75.86835,-149.90628,0
-121.851425,13.868583,0
-30.36091,38.01103,0
147.81007,57.99708,0
-3.4637125,14.654991,0
-11.6930685,-23.979872,0
13.288467,154.6961,0
109.699715,-82.42739,0
139.95033,-55.069107,0
3.1207829,163.40123,0
4.868416,163.61728,0
80.36659,137.99675,1
3.2444446,163.78357,0
5.6364717,163.81886,0
-30.133562,25.665697,0
46.872322,-146.25667,0
-109.412285,-100.27744,0
-130.80074,24.895086,0
-30.471102,25.928627,0
118.11016,33.618744,0
-30.428562,26.817255,0
-44.987545,-23.263859,0
37.30342,28.95734,0
61.432625,-109.39979,0
-58.341515,-130.17311,0
-104.13392,9.666668,0
36.52988,28.91081,0
142.25905,54.964848,0
35.205917,28.710495,0
-14.134786,-46.14018,0
-19.058659,97.1447,0
32.20835,-118.82149,0
-78.05662,-90.50038,0
-172.17949,-13.474062,0
-18.78094,97.503876,0
149.68144,-5.516728,0
-19.279165,98.29795,0
-60.587925,-44.1783,0
-65.983055,146.30927,0
99.31595,-87.27793,0
116.96165,-39.555496,0
105.56286,-38.278683,0
-68.19749,146.57253,0
95.6294,121.56161,1
-70.434616,148.12549,0
-68.98137,148.00505,0
45.991673,81.65114,0
21.464314,-78.58782,0
-45.99046,-88.3691,0
-143.29794,-6.9498997,0
46.29837,81.60585,0
151.97734,34.225704,0
47.05138,81.44386,0
-13.402033,-75.04962,0
-56.573296,119.044586,0
12.581719,-129.98143,0
-76.47337,-61.84879,0
112.10784,-26.204748,0
-51.44878,118.34496,0
181.89528,42.783775,0
-59.36719,119.19752,0
-62.493416,121.809654,0
82.38787,89.96253,0
34.398716,-69.8583,0
-30.800394,-96.52077,0
-140.49232,-22.618155,0
82.1534,89.904335,0
154.10873,30.219824,0
70.538345,90.17866,0
-8.842174,-83.818474,0
46.96269,74.9427,0
47.01084,-79.14592,0
-39.391968,-105.01962,0
-132.28197,-10.084358,0
47.01604,74.41731,0
154.34024,45.435863,0
46.95785,72.88665,0
-12.555519,-66.285164,0
-61.688725,67.62024,0
11.898402,-148.73343,0
-98.040115,-70.04207,0
-184.4778,14.314659,0
-60.747807,68.5959,0
173.84972,2.5430284,0
-60.39058,69.12972,0
-67.65978,-3.8507876,0
72.33039,4.289834,0
70.225075,-73.64366,0
-51.21583,-142.34796,0
-107.85977,-15.0605955,0
71.04679,4.780701,0
103.84933,61.615505,0
69.09605,4.936741,0
13.046349,-62.15154,0
48.516685,57.769817,0
50.03741,-82.15098,0
-46.966827,-110.66526,0
-135.54254,-1.7550969,0
48.09002,58.031433,0
127.08261,32.219517,0
47.91238,58.257587,0
-9.760424,-62.621452,0
84.7641,-18.023182,0
6.4501886,-119.39509,0
-77.81928,-51.19227,0
120.41392,-55.984795,0
83.485695,-11.235526,0
179.11313,55.595078,0
84.364845,-22.35134,0
84.99805,-21.639517,0
-6.1484585,12.001313,0
52.706184,-128.39322,0
-103.62047,-123.538124,0
-138.3003,22.614786,0
-6.3218136,11.578206,0
123.58831,28.05551,0
-6.5176725,10.788529,0
-11.211636,-19.65808,0
68.03248,79.55895,0
36.38098,-71.280975,0
-32.03247,-100.31773,0
-136.26956,-25.174496,0
68.290436,80.09856,0
152.58891,44.653225,0
68.38364,80.68875,0
-4.8224745,-84.39874,0
-86.603264,46.281437,0
10.817342,-166.89534,0
-116.967804,-67.98693,0
-199.16391,7.93513,0
-87.04798,46.729134,0
174.24179,8.001507,0
-87.70616,47.335983,0
-56.060806,6.1530194,0
-62.534256,21.852762,0
45.580204,-160.35197,0
-121.7264,-94.115395,0
-183.84488,-5.7829847,0
-59.39413,22.900368,0
158.27986,0.7033783,0
-58.512154,23.323393,0
-72.039925,-30.122349,0
-5.7401586,63.410778,0
38.565094,-54.073067,0
-98.50709,-144.05678,0
-155.05946,16.249128,0
-5.7412124,63.496998,0
144.05614,15.33932,0
-12.522088,56.92164,0
-38.251827,-33.58677,0
-29.800043,72.56193,0
25.204039,-132.24393,0
-98.584526,-94.6759,0
-167.05508,7.139771,0
-30.179432,72.694214,0
130.13393,45.21095,0
-30.457647,72.64448,0
-45.05641,-13.710538,0
-44.224514,36.254143,0
35.457962,-144.90198,0
-105.63827,-91.04523,0
-125.0726,25.21819,0
-43.891727,36.503338,0
117.50306,28.666178,0
-42.44124,37.675613,0
-47.995483,-18.357752,0
-1.7493846,4.7967563,0
57.0174,-128.60403,0
-108.22052,-118.38199,0
-139.4539,13.039651,0
-1.7364227,4.210597,0
128.75256,61.94158,0
-1.3672678,3.2851028,0
-4.5710464,-17.834745,0
-83.610794,69.430214,0
1.4194825,-148.54736,0
-98.19966,-57.528275,0
-191.12044,18.695038,0
-83.341255,69.73652,0
179.73209,-3.1227808,0
-80.627495,71.20603,0
-76.188866,1.9674692,0
51.998955,3.5927737,0
74.93858,-99.43815,0
-37.91781,-136.69797,0
-95.169304,-3.355408,0
51.75362,3.544248,0
114.111145,64.44314,0
48.273407,8.446414,0
7.3345284,-44.927155,0
41.69481,-4.8968287,0
77.361885,-104.77595,0
-34.884827,-141.90234,0
-93.35928,-4.4851646,0
41.066143,-4.38834,0
114.83944,75.272606,0
42.140556,0.72003084,0
7.0194707,-39.87163,0
64.59255,-15.407115,0
81.13203,-76.42884,0
-44.08651,-153.15555,0
-92.13306,-18.176811,0
64.89801,-15.841912,0
110.89034,71.93695,0
54.6395,-7.50568,0
20.326632,-55.746086,0
46.698456,41.24673,0
60.22926,-101.3576,0
-41.63277,-121.18917,0
-117.116234,-13.73513,0
46.91926,41.142525,0
127.79024,57.34518,0
47.92319,41.7125,0
-2.807184,-59.48437,0
-109.92793,74.93478,0
-6.440767,-174.62532,0
-139.21312,-63.4685,0
-165.84178,31.64279,0
-109.55581,75.67508,0
192.36635,5.540936,0
-107.826614,80.99527,0
-111.74372,55.546204,0
12.36004,-3.3343594,0
70.60258,-123.65702,0
-98.572525,-113.9597,0
-135.59946,11.005674,0
12.63493,-2.8841429,0
116.3787,31.23886,0
13.079507,-1.2112802,0
-0.10076485,-25.62046,0
56.635075,25.378735,0
63.805714,-98.422775,0
-51.785984,-131.03127,0
-106.55343,-3.4862547,0
56.79021,25.514643,0
118.73221,63.987087,0
56.49934,26.223106,0
-0.87119746,-49.04147,0
-12.864,156.3013,0
112.69367,-78.56876,0
131.58112,-36.128788,0
121.16672,-53.733486,0
-13.731715,154.02602,0
87.23842,130.14487,1
-15.7399435,154.62558,0
-15.164327,154.43599,0
-121.798836,93.68241,0
-12.725622,-168.82185,0
-145.63766,-72.51193,0
-175.81648,38.344997,0
-121.59382,93.50289,0
190.36702,-5.158551,0
-121.00144,92.989914,0
-120.832565,57.239685,0
-36.829056,58.36475,0
26.912079,-159.84747,0
-91.990036,-87.2871,0
-116.21193,30.555796,0
-37.328754,58.076534,0
138.7169,7.0426164,0
-38.271755,58.079006,0
-64.634544,-20.234894,0
-11.260422,46.78337,0
41.428223,-59.51348,0
-99.58993,-136.23717,0
-149.97186,24.010267,0
-11.408235,47.10745,0
108.46519,31.915564,0
-13.81195,48.616566,0
-35.68006,-26.690874,0
46.48557,-7.801363,0
80.98142,-100.81708,0
-37.501354,-143.88983,0
-89.51581,-7.8170977,0
47.741894,-8.180623,0
114.10964,77.68947,0
49.045147,-8.065331,0
11.929479,-42.363102,0
28.971516,59.152927,0
49.385563,-86.04361,0
-49.94738,-107.31973,0
-131.31313,-5.636126,0
28.914206,59.473423,0
102.76515,31.337547,0
27.670275,61.373882,0
-15.838761,-61.176525,0
59.977894,97.53899,0
30.015371,-77.38957,0
-42.771843,-95.42352,0
-139.20879,-26.165388,0
60.160873,97.28966,0
160.01564,28.63942,0
67.283516,89.508705,0
-6.0364995,-86.660515,0
26.732126,-7.4387903,0
77.9455,-118.620735,0
-93.98195,-128.62213,0
-136.04747,28.541624,0
27.237644,-7.765047,0
126.58752,71.55908,0
9.081095,7.9256344,0
0.82217807,-33.698006,0
-5.5848694,79.51648,0
26.997734,-109.48857,0
-80.27268,-117.08082,0
-174.70724,-25.052338,0
-5.553948,79.81581,0
146.50493,-0.74225247,0
-2.7040584,82.343216,0
-48.840508,-54.45015,0
-112.78205,98.17744,0
-10.23471,-166.81512,0
-141.64879,-73.04351,0
-171.21538,34.968998,0
-113.10761,96.80566,0
186.77765,-1.6302066,0
-114.56877,94.60752,0
-118.031876,59.878174,0
-15.597232,43.778503,0
59.696106,-149.46414,0
-102.28999,-135.10127,0
-153.8284,25.059954,0
-16.423939,44.464565,0
109.759964,16.066866,0
-17.303703,46.845703,0
-37.530365,-24.64449,0
68.528915,-2.8184478,0
75.78832,-83.623314,0
-49.52616,-149.61597,0
-102.01976,-23.242477,0
68.73695,-2.622363,0
127.16117,79.96086,0
59.022785,2.5393007,0
13.821091,-51.205505,0
23.50287,19.352678,0
50.317455,-116.54057,0
-69.01028,-128.90543,0
-158.33824,-42.62347,0
24.34055,19.858679,0
137.43707,-4.4592037,0
24.78286,19.9789,0
-22.165735,-45.117756,0
18.527205,130.62793,0
26.2091,-98.96862,0
-74.22568,-101.39225,0
-163.36058,-21.517418,0
18.871365,129.90433,0
156.94029,-13.434937,0
19.954342,128.87535,0
-44.87873,-67.951454,0
12.588511,17.353573,0
40.027275,-140.79694,0
-104.01458,-97.83418,0
-116.19085,14.936826,0
12.57092,17.494047,0
119.31265,29.63811,0
8.582429,20.643677,0
-23.904657,-20.774654,0
-53.46329,124.39528,0
8.421236,-113.76545,0
-74.82787,-59.311314,0
109.551865,-28.16357,0
-50.766468,121.22787,0
179.1162,41.922432,0
-56.965187,125.6017,0
-60.48462,125.57186,0
3.915281,48.842594,0
47.748413,-56.354916,0
-91.24758,-137.50616,0
-138.61934,29.571152,0
3.6611981,48.980175,0
106.18096,33.619564,0
-0.674119,47.297745,0
-29.205753,-29.240088,0
-27.226645,58.95931,0
31.730606,-161.13911,0
-87.748924,-85.379654,0
-176.9612,-15.705568,0
-27.40634,59.177067,0
147.35524,-13.63938,0
-42.097923,59.024616,0
-68.82746,-18.690445,0
22.87208,-24.282381,0
84.18209,-123.21505,0
-91.98371,-107.18267,0
-130.88007,12.6664095,0
22.851942,-23.98245,0
128.45984,27.603027,0
21.096107,-17.839046,0
6.9613833,-22.996418,0
-3.38107,108.211555,0
44.444347,-115.47416,0
-64.755,-93.872955,0
-162.23894,8.353019,0
-1.9806195,107.8542,0
145.86201,35.996113,0
0.44260484,106.26468,0
-38.894207,-46.215294,0
53.29921,53.379833,0
58.969013,-72.393425,0
-24.066965,-112.55431,0
-123.07728,-12.659662,0
53.418613,53.701626,0
114.69738,52.82963,0
53.72284,55.866234,0
5.169584,-73.80928,0
-25.964285,87.16215,0
6.474461,-105.01247,0
-59.859943,-68.430756,0
-144.32646,-1.7326174,0
-26.300373,86.650375,0
181.25891,34.289146,0
-26.283846,85.743004,0
-22.147964,-6.997307,0
6.1454234,103.10471,0
31.369652,-102.13335,0
-72.511246,-106.8559,0
-168.76216,-28.651644,0
6.136621,102.80626,0
142.39221,-6.1959286,0
5.4476385,101.80754,0
-41.973373,-61.88785,0
-9.449414,164.31816,0
105.812515,-80.93184,0
133.79216,-37.535435,0
129.83482,-60.82678,0
-10.174712,154.42264,0
85.721436,132.88188,1
-13.164805,166.7433,0
-12.120456,166.01683,0
35.201847,10.259926,0
80.76276,-84.38806,0
-50.606293,-153.62892,0
-94.396996,-9.586481,0
35.461395,10.125125,0
115.31594,80.4772,0
36.453728,9.32114,0
19.003376,-48.43414,0
-51.97897,41.73979,0
26.212431,-142.06458,0
-108.24927,-82.83449,0
-193.61299,-6.4041963,0
-51.980286,41.92878,0
127.7934,8.820245,0
-59.166378,44.874683,0
-52.394176,-7.062999,0
-89.07169,79.25571,0
-2.7704585,-147.20772,0
-102.307686,-53.44877,0
-185.9311,21.586687,0
-88.863976,79.752686,0
172.96745,-3.2154293,0
-84.48465,82.11369,0
-76.17201,5.697213,0
-62.74782,101.707825,0
1.5473088,-124.434975,0
-88.1415,-60.30006,0
-178.76189,15.610928,0
-62.712395,101.46976,0
176.61655,22.645067,0
-62.930138,101.221954,0
-29.436104,-3.7458842,0
-115.116,81.3642,0
-10.375337,-176.66544,0
-144.03482,-63.66371,0
-168.64001,38.228794,0
-114.58057,81.5968,0
192.11292,2.351975,0
-114.151474,82.78406,0
-115.49449,51.13924,0
19.718473,153.48727,0
112.38341,-75.50407,0
135.88736,-52.318745,0
13.974692,168.36969,0
16.029371,169.02315,0
76.347824,141.58308,1
14.6941595,168.35213,0
16.152456,169.08452,0
-52.527115,22.524303,0
44.27706,-156.82814,0
-118.123375,-95.2951,0
-184.58983,-10.594348,0
-52.67893,22.737677,0
129.04346,2.0715039,0
-53.73337,23.40081,0
-67.95122,-31.058504,0
-33.40208,54.75149,0
30.558603,-152.301,0
-95.73685,-89.48944,0
-152.47937,10.513441,0
-33.352856,54.852108,0
157.26924,15.533284,0
-43.498524,46.8215,0
-54.959354,-18.541058,0
-32.746433,111.387276,0
5.264161,-117.80921,0
-69.414276,-70.61717,0
-156.16692,-6.2916174,0
-33.30358,111.440704,0
181.95132,22.723927,0
-34.501003,111.29353,0
-30.887259,0.124975465,0
12.373192,104.52233,0
35.85522,-102.01598,0
-65.293884,-105.659744,0
-159.02486,-27.038143,0
11.890179,104.82998,0
142.13713,-4.9787126,0
11.228881,105.23811,0
-37.61473,-60.679985,0
23.028494,103.23875,0
44.736843,-98.220245,0
-61.117596,-109.78085,0
-149.99992,-34.806686,0
23.57166,103.5649,0
140.79558,-15.612685,0
25.307343,105.51348,0
-32.775974,-60.639023,0
36.093933,122.23554,0
32.70178,-93.1302,0
-65.56257,-101.49329,0
-156.60568,-23.433031,0
36.29636,120.716354,0
151.53723,27.995802,0
36.658005,119.26211,0
-36.35041,-68.8059,0
31.419899,-3.2669697,0
76.80923,-115.23053,0
-33.48183,-145.4606,0
-93.62623,1.2427198,0
31.664927,-3.5928886,0
122.81714,68.78692,0
33.291042,-3.8498352,0
5.5800967,-34.017097,0
-93.81568,50.562622,0
6.2873063,-166.17996,0
-116.273964,-63.573383,0
-194.5065,11.994183,0
-92.87558,50.563297,0
176.5806,4.3883057,0
-90.95407,51.707222,0
-59.33751,10.066954,0
68.2718,24.059069,0
64.414856,-88.47748,0
-41.4122,-127.82796,0
-101.20641,-13.438843,0
67.73366,24.68749,0
110.06502,57.898914,0
64.64056,19.84343,0
4.184864,-53.618984,0
77.74223,20.63748,0
65.25613,-81.15671,0
-34.171513,-124.25357,0
-108.001175,-20.377533,0
78.5683,20.745646,0
108.26886,55.504833,0
66.79947,13.133345,0
5.090948,-59.86455,0
-91.540306,78.20853,0
-1.3250239,-144.61073,0
-99.4155,-53.409946,0
-186.78392,22.242374,0
-87.67089,82.41453,0
174.23685,0.11501256,0
-83.367455,84.55788,0
-77.22474,4.439423,0
13.649403,72.80906,0
15.401816,-98.715965,0
-56.48861,-79.04851,0
-117.392296,-6.52773,0
13.659845,72.68016,0
162.52922,49.025,0
14.898305,72.841255,0
-21.859146,-15.344046,0
9.59156,63.380173,0
15.877845,-100.798004,0
-58.674477,-79.84199,0
-138.74501,19.622059,0
9.832909,63.20642,0
165.53548,46.01132,0
10.446359,62.65461,0
-23.447382,-14.758761,0
15.7465725,59.711514,0
54.556564,-85.20401,0
-84.730446,-129.73523,0
-127.562706,-13.994752,0
15.907149,59.564068,0
105.22624,37.349785,0
19.871464,58.435966,0
-28.005774,-37.646065,0
55.669613,121.40271,0
18.703924,-87.70798,0
-75.85907,-81.22662,0
-167.20723,-15.558988,0
55.86596,121.28995,0
160.22713,-5.8101125,0
56.083366,120.943985,0
-38.028267,-77.54391,0
-2.9441473,58.753277,0
40.42581,-54.438026,0
-96.78533,-143.6752,0
-155.82922,17.447609,0
-4.579158,57.95167,0
142.13103,17.761171,0
-8.161204,54.496536,0
-36.385635,-31.868816,0
-9.025283,28.69136,0
73.3676,-145.5014,0
-77.46163,-141.19325,0
-111.93892,27.056488,0
-7.5483866,24.100283,0
149.27972,69.665405,0
-6.000547,22.127762,0
-18.523075,-21.785551,0
27.257553,88.96513,0
37.747906,-95.139404,0
-64.72762,-118.0718,0
-156.92667,-33.520115,0
27.190119,88.8194,0
144.82803,41.977806,0
25.630966,87.93346,0
-25.762018,-54.90412,0
86.269905,-15.757849,0
2.1407819,-118.83558,0
119.36282,-58.73509,0
91.5528,-27.700848,0
89.70933,-24.359276,0
179.5306,59.03157,0
90.11327,-24.961643,0
89.244736,-23.03334,0
60.954243,83.62861,0
36.29233,-77.953094,0
-39.663086,-101.09708,0
-133.3966,-16.565771,0
61.24094,83.82534,0
153.52681,36.38885,0
64.43021,86.4835,0
-15.960075,-73.03561,0
66.33049,80.20947,0
38.45706,-75.57156,0
-37.39981,-102.68346,0
-135.90283,-15.112122,0
66.30431,80.53941,0
156.74867,38.77588,0
67.079094,82.54571,0
-10.229079,-80.45224,0
11.198731,149.32767,0
107.64839,-67.64335,0
140.00684,-58.65607,0
6.6146145,144.8766,0
8.799308,145.5629,0
77.727745,134.87613,1
7.3608913,144.7095,0
9.409113,145.62051,0
28.975742,83.117,0
39.126545,-93.56,0
-63.408333,-119.87408,0
-156.6253,-35.64493,0
28.211067,83.71014,0
145.38214,43.21171,0
26.709322,85.39049,0
-23.226515,-55.580414,0
-26.172768,25.893343,0
48.23326,-148.26059,0
-111.91873,-101.83776,0
-135.93582,21.405815,0
-26.841833,26.140667,0
121.364555,25.011518,0
-28.718786,27.29619,0
-46.430965,-25.520279,0
-47.960773,73.88651,0
21.014402,-155.22859,0
-88.17076,-77.419136,0
-172.56233,-20.718184,0
-48.40175,74.43531,0
165.57944,5.0677896,0
-49.353413,74.889244,0
-66.72482,-16.375965,0
-55.317703,153.6651,0
99.62262,-94.937935,0
126.369194,-38.67536,0
111.98508,-33.83348,0
-55.408607,156.5433,0
96.473915,126.65868,1
-56.81377,159.89711,0
-56.39306,157.95152,0
55.373085,103.48621,0
26.256266,-79.528564,0
-46.2124,-93.4483,0
-142.61034,-9.082779,0
54.82959,103.80688,0
155.35161,33.162045,0
54.54003,104.09674,0
-19.14618,-77.92241,0
56.9854,53.68757,0
56.959,-72.90897,0
-33.8183,-116.77591,0
-121.86942,-13.091488,0
57.40584,53.789833,0
114.23274,45.69935,0
57.52322,55.537304,0
-0.28461346,-67.98345,0
36.344482,39.432964,0
48.771828,-106.60285,0
-68.23951,-122.872055,0
-155.6605,-42.380085,0
36.182716,40.353207,0
143.81924,51.462467,0
35.868107,41.665546,0
-25.040087,-49.497143,0
-47.570496,69.198074,0
17.58894,-153.11043,0
-92.62858,-78.284485,0
-181.50075,4.263282,0
-48.00269,69.36157,0
162.46448,11.740329,0
-52.922867,69.755165,0
-66.55453,-10.828504,0
74.73473,18.002262,0
65.97025,-83.14186,0
-34.40527,-127.34135,0
-99.937935,-18.839182,0
73.84843,18.373878,0
107.60834,56.049507,0
66.64956,15.200426,0
6.421556,-56.721046,0
-130.50465,71.51031,0
-17.583128,-167.71428,0
-147.96764,-77.01899,0
-162.28769,39.552143,0
-130.06395,71.61817,0
201.02692,-5.1452246,0
-129.22903,71.60373,0
-126.335,59.68936,0
40.700882,-31.251118,0
99.72398,-106.07515,0
-20.731365,-129.48007,0
-117.66371,-32.590397,0
40.81329,-31.409735,0
128.88426,88.2849,0
41.156475,-31.460548,0
41.03734,-30.439268,0
32.04877,97.42064,0
48.427017,-98.21624,0
-57.922176,-113.65876,0
-143.98273,-34.590088,0
30.782526,97.79693,0
141.16008,33.70182,0
29.95523,97.877144,0
-29.708044,-59.220757,0
11.561095,94.56853,0
38.068386,-105.65967,0
-70.56081,-112.00995,0
-165.11812,-34.169685,0
10.834474,95.914314,0
141.19852,-12.044654,0
9.938739,97.21613,0
-38.656765,-55.618134,0
-90.502716,79.51542,0
-3.0433905,-147.74625,0
-101.34055,-53.274296,0
-185.7864,20.737326,0
-89.91751,79.67194,0
173.07832,-1.023103,0
-85.1558,82.9508,0
-75.867355,6.5713406,0
59.34222,110.79871,0
22.955704,-88.46745,0
-54.713226,-90.33566,0
-160.39427,-17.933012,0
59.30434,111.032776,0
158.5841,21.599087,0
59.069168,113.94713,0
-32.671963,-78.9687,0
66.80252,38.41565,0
60.463905,-93.48276,0
-47.823143,-121.948235,0
-111.44367,-13.243159,0
66.7933,37.99044,0
108.255226,52.586906,0
59.324978,36.23752,0
-6.706438,-54.456528,0
-91.171936,33.445503,0
11.118781,-172.36047,0
-121.97565,-69.01308,0
-203.25223,8.873785,0
-91.174286,32.772995,0
114.87694,5.5138474,0
-87.82554,38.07288,0
-51.638145,8.145638,0
46.61637,-6.0495563,0
79.551025,-101.08726,0
-37.255333,-142.63414,0
-91.06725,-7.9863076,0
48.174618,-5.7122116,0
113.85021,75.08881,0
49.33208,-6.0994115,0
10.493252,-42.317493,0
43.67064,49.428425,0
67.654564,-73.87035,0
-52.5132,-139.5978,0
-122.24936,-7.4181633,0
43.83908,49.997654,0
120.44125,40.49482,0
42.62391,55.749077,0
11.864954,-64.151146,0
-15.309145,68.68698,0
37.05922,-49.717667,0
-99.234276,-148.77077,0
-159.87373,13.535354,0
-16.360905,68.33026,0
145.93446,2.623897,0
-18.114159,67.617355,0
-43.41076,-33.039005,0
83.5925,-54.204994,0
116.58653,-95.50608,0
75.77639,-58.006527,0
-85.37911,-35.35578,0
83.48756,-54.77473,0
116.62692,103.14235,0
83.64831,-55.36751,0
79.716774,-58.180458,0
-6.3840284,82.38037,0
27.614265,-108.28743,0
-79.234085,-114.61707,0
-171.74745,-24.191422,0
-6.0911126,82.7656,0
147.45685,8.878876,0
-2.3949783,85.765656,0
-47.94829,-55.977093,0
97.79858,-10.0382185,0
-5.9666195,-120.3844,0
131.8036,-65.70869,0
39.129776,153.78609,0
104.42377,-16.273317,0
170.74385,66.45231,0
105.093506,-16.403032,0
103.62695,-16.31197,0
-25.816378,76.07226,0
22.561571,-125.54629,0
-83.06741,-69.98233,0
-144.55232,-3.7659228,0
-27.113321,76.671646,0
166.66531,17.15656,0
-28.636492,76.90585,0
-39.306118,-12.5074215,0
-26.089659,75.16933,0
23.47347,-126.025406,0
-83.05664,-71.18917,0
-136.53493,1.5329815,0
-26.989716,74.939674,0
162.95717,22.08993,0
-28.132597,75.31381,0
-40.41513,-13.23453,0
6.641539,64.85644,0
16.147106,-102.47318,0
-60.349705,-78.36515,0
-151.49237,3.5581906,0
6.721296,65.386444,0
166.1704,45.184746,0
5.8569713,66.570946,0
-25.359497,-14.393989,0
-39.56994,84.06727,0
13.974983,-128.68774,0
-78.11658,-74.41339,0
-142.81342,6.613797,0
-39.56384,84.37051,0
163.42255,20.5053,0
-39.94419,84.985054,0
-33.376617,-6.3643985,0
-48.795826,64.818085,0
17.778872,-157.07767,0
-88.62381,-80.78223,0
-176.89622,-2.2412364,0
-49.3985,65.02466,0
154.32385,3.3349679,0
-51.03365,65.99319,0
-69.200676,-14.99244,0
-92.97433,48.766144,0
6.8056026,-165.79053,0
-115.94675,-64.21804,0
-194.76761,10.946628,0
-92.47086,49.309437,0
177.35216,4.6380506,0
-91.1279,49.723167,0
-59.294052,9.265069,0
-91.55538,41.940987,0
9.7589,-169.29686,0
-119.24803,-67.40913,0
-198.47978,11.337807,0
-90.79214,41.99611,0
175.97488,6.035534,0
-88.08834,39.776886,0
-53.56159,8.42131,0
31.258375,61.317104,0
47.838104,-85.98032,0
-49.653847,-106.167366,0
-133.43971,-5.108821,0
30.748707,61.704163,0
131.1532,41.89499,0
28.601353,62.97551,0
-15.680503,-62.844353,0
9.60227,149.7476,0
108.12956,-67.69284,0
140.97098,-58.049515,0
4.4442534,146.61366,0
6.7865,147.33151,0
78.76162,134.1213,1
5.573772,146.5872,0
7.975101,146.81412,0
-8.834256,15.292605,0
68.125916,-121.083206,0
-100.87673,-118.03676,0
-130.14586,2.6062758,0
-9.105113,15.531178,0
131.15239,47.989513,0
-9.759489,15.823675,0
-14.90715,-16.012287,0
44.549957,-4.811303,0
78.28068,-103.79462,0
-35.00898,-140.32724,0
-90.04521,-8.159518,0
43.973827,-3.6471236,0
116.53597,73.82377,0
43.27079,-0.84566754,0
9.504902,-39.988453,0
34.71244,109.61046,0
46.380867,-92.82417,0
-55.62599,-108.171776,0
-133.62895,-29.515324,0
34.877033,109.235855,0
150.04541,30.472036,0
35.31662,108.525665,0
-30.427773,-65.8716,0
15.430367,55.252106,0
55.06805,-86.76054,0
-86.415665,-129.57507,0
-139.33278,22.95378,0
15.499473,55.026073,0
101.80563,37.26054,0
19.9846,55.80644,0
-26.41191,-37.28288,0
18.40474,-11.65964,0
88.84109,-118.94895,0
-95.33949,-125.97075,0
-132.4413,24.457941,0
18.110653,-12.245066,0
129.36893,69.87106,0
17.893715,-13.101602,0
6.344079,-27.05661,0
53.791645,9.554078,0
72.60696,-96.66718,0
-38.74373,-133.62184,0
-97.72414,-4.835691,0
55.883537,11.588625,0
116.9877,68.538506,0
50.451286,11.347979,0
4.9378767,-46.876278,0
-129.51022,68.726974,0
-17.123291,-166.24277,0
-147.05576,-78.49062,0
-161.848,38.5206,0
-129.32356,68.84665,0
197.96329,-1.1565613,0
-128.27814,69.27951,0
-126.786354,61.746582,0
50.421017,36.696064,0
53.878117,-99.20833,0
-54.85836,-121.68193,0
-111.72514,4.324639,0
50.72151,37.01852,0
138.73471,25.537136,0
52.29763,37.066845,0
-16.453527,-51.519943,0
-17.596275,106.46034,0
29.069813,-117.1872,0
-75.207,-88.142235,0
-168.34918,-12.532556,0
-17.96548,106.55558,0
158.18356,-7.1648383,0
-22.5432,101.78882,0
-57.827923,-43.205597,0
80.60349,95.96664,0
28.202024,-69.010605,0
-31.124327,-93.72872,0
-142.00165,-20.197586,0
80.12104,96.41779,0
171.8734,27.356646,0
78.11727,98.10972,0
-10.475981,-86.33979,0
60.94391,51.4788,0
54.06736,-74.09455,0
-36.902065,-116.43108,0
-122.18823,-17.246187,0
60.79309,52.29585,0
116.00853,48.831352,0
60.069145,56.016846,0
-2.5724776,-66.99237,0
47.34211,102.60357,0
26.909697,-82.62151,0
-51.259907,-94.64953,0
-154.44118,-17.491442,0
47.563553,102.66865,0
133.90431,38.680935,0
51.13276,104.46481,0
-26.787533,-75.59643,0
4.1383677,118.75644,0
43.95553,-121.069954,0
-65.36881,-87.4525,0
-174.25677,-32.444122,0
4.2457275,118.812004,0
143.85216,4.6621113,0
5.432702,118.70822,0
-42.192146,-51.783825,0
21.540352,80.09798,0
49.072903,-101.81972,0
-59.2129,-125.86542,0
-144.30219,-38.215878,0
21.761415,80.00239,0
140.41035,48.04252,0
22.59195,79.8041,0
-28.87905,-55.978287,0
69.73214,110.720856,0
23.971897,-76.07252,0
-42.57401,-89.86006,0
-145.40216,-14.128049,0
68.53112,109.86325,0
165.51682,29.234087,0
67.95383,108.978966,0
-21.028767,-83.37135,0
20.839052,72.07801,0
6.9003844,-105.57953,0
-61.736126,-68.246635,0
-146.50002,-6.9087024,0
20.835926,72.11075,0
171.4136,32.391014,0
-25.400755,117.54722,0
-23.936455,-5.624515,0
-26.90732,125.83263,0
-1.6940371,-108.98749,0
-66.35617,-65.739,0
-154.26657,-10.49194,0
-26.980217,125.67566,0
177.72931,26.184883,0
-25.677135,124.01907,0
-25.91609,-0.51991785,0
72.16078,70.14141,0
43.188007,-65.72834,0
-26.053493,-103.7485,0
-140.75119,-28.539658,0
72.11126,69.951294,0
111.87965,40.634468,0
66.67826,72.05614,0
-22.07579,-70.016,0
-33.796276,56.062645,0
28.787104,-162.3528,0
-89.930664,-88.77927,0
-180.42537,-12.247463,0
-34.292866,55.979965,0
148.31807,65.47136,0
-34.856407,55.629066,0
-21.14318,-22.723692,0
14.388137,155.48361,0
109.412125,-82.37006,0
137.42323,-52.901722,0
8.751005,167.95325,0
8.083363,166.32233,0
79.65562,139.98032,1
8.649398,167.62653,0
8.498024,166.33745,0
-31.635542,38.632107,0
34.5409,-149.26758,0
-98.33863,-93.31992,0
-124.88009,16.691853,0
-31.302464,40.12176,0
133.02544,56.3142,0
-31.992575,41.986256,0
-52.26631,-21.172026,0
-135.45131,68.64021,0
-20.374607,-167.13676,0
-151.04764,-77.605446,0
-159.0565,44.74804,0
-135.44896,68.63977,0
187.69662,-14.661854,0
-135.91899,69.48831,0
-130.81166,60.041706,0
42.586792,-16.440653,0
81.57826,-108.004295,0
-30.764297,-141.46765,0
-89.0917,-3.4084227,0
42.370758,-15.959201,0
107.62086,76.84997,0
41.80285,-13.882642,0
13.666595,-37.6023,0
-4.979444,34.15754,0
26.858688,-161.22191,0
-90.88186,-87.35278,0
-116.819954,25.17797,0
-5.286801,34.209694,0
138.79613,10.339778,0
-7.3546968,35.411205,0
-21.698236,-23.977509,0
9.3598175,80.77587,0
47.369125,-122.20102,0
-62.216194,-84.41324,0
-154.61478,6.336109,0
9.844953,80.90859,0
151.45856,48.056572,0
10.396779,81.25147,0
-34.781296,-44.184273,0
-114.93799,72.42262,0
-6.5706,-172.04344,0
-139.01003,-66.350204,0
-163.89511,33.058567,0
-114.88791,71.90329,0
196.95189,2.5966182,0
-114.903435,71.69751,0
-112.78974,58.873585,0
-16.639687,43.308475,0
58.205532,-150.4195,0
-102.63433,-134.37022,0
-153.64111,26.08871,0
-17.179438,44.37219,0
110.19814,17.036552,0
-18.009691,45.650475,0
-37.96785,-22.856688,0
17.021261,153.98607,0
114.211105,-77.208496,0
135.48676,-53.235527,0
15.053808,165.51183,0
15.098676,162.96713,0
77.182045,140.52995,1
15.106398,165.1989,0
15.098458,162.65009,0
-30.129831,159.08636,0
103.46966,-84.16917,0
134.91705,-42.290485,0
121.471214,-26.290571,0
-29.229725,156.82054,0
90.991875,132.46027,1
-27.846601,154.75098,0
-28.282858,155.67847,0
-31.0371,53.636833,0
31.907291,-157.22792,0
-91.17334,-91.03368,0
-179.28725,-14.668658,0
-31.08605,53.89083,0
154.03001,6.65577,0
-31.107594,54.295498,0
-59.84287,-23.669954,0
62.95963,49.729805,0
54.621365,-73.97505,0
-35.31579,-117.72932,0
-120.31692,-17.95146,0
61.594875,54.41585,0
116.08038,50.08714,0
61.49288,55.5773,0
-1.8412143,-66.33064,0
39.033875,-13.874533,0
83.07347,-109.710815,0
-29.05794,-142.2112,0
-88.669334,4.1199846,0
39.395733,-13.773457,0
123.04123,52.441948,0
39.287613,-13.052453,0
14.018494,-35.57843,0
-110.69762,88.15484,0
-9.46902,-171.78456,0
-140.26962,-68.657005,0
-170.35626,31.847775,0
-110.58315,88.001015,0
189.10162,0.5364921,0
-110.101944,86.70216,0
-115.35239,56.77492,0
4.9507613,46.447376,0
48.450954,-55.611015,0
-91.20853,-136.17155,0
-135.48627,31.406885,0
4.338018,46.668507,0
114.73387,55.039726,0
-0.5991876,46.034492,0
-28.006062,-28.407572,0
-11.312137,10.670129,0
58.200157,-140.93047,0
-98.754906,-126.82669,0
-143.65683,28.195885,0
-11.1951475,10.180487,0
120.674194,-0.90952694,0
-11.324713,8.991582,0
-28.118366,-20.840286,0
35.041557,10.867116,0
80.39627,-84.81982,0
-50.926064,-153.072,0
-101.820435,0.7647596,0
36.010124,10.339138,0
121.13644,78.67673,0
37.338223,9.214643,0
17.712662,-48.141865,0
39.122036,6.7139235,0
58.17109,-86.26289,0
-87.23151,-131.06424,0
-137.58873,26.81166,0
39.133125,6.6463447,0
102.10998,38.244724,0
20.19804,54.890213,0
-24.32358,-35.25728,0
-136.52086,82.28252,0
-20.310123,-173.27437,0
-148.52129,-73.140434,0
-168.10863,45.893482,0
-135.6094,82.81406,0
195.69614,-6.8950014,0
-132.79735,83.84086,0
-127.78086,53.158344,0
-1.9725379,153.00272,0
116.919205,-80.58617,0
137.08385,-36.540565,0
-3.0120306,149.99997,0
-3.260445,151.50726,0
83.097046,132.44807,1
-3.0919712,150.93935,0
-3.6206517,151.902,0
-4.110755,31.58166,0
71.14379,-143.77905,0
-78.92525,-143.85036,0
-114.73316,24.068668,0
-5.0567713,31.611065,0
136.78816,20.56081,0
-3.3004642,25.22802,0
-20.049229,-24.723001,0
-43.488605,64.64666,0
22.823769,-157.00554,0
-91.27785,-81.14456,0
-176.15504,-0.47825798,0
-43.19066,64.437836,0
153.80145,10.820612,0
-42.936882,62.369736,0
-65.300125,-16.271414,0
16.928146,22.600992,0
68.3056,-132.8474,0
-63.292965,-144.4044,0
-122.66784,0.31792533,0
15.98403,22.822233,0
129.29463,54.506157,0
12.671475,23.376814,0
-11.017748,-35.575573,0
68.890755,102.14769,0
28.27382,-75.17006,0
-38.531578,-93.990005,0
-139.4339,-15.638685,0
68.50315,102.19387,0
158.47832,31.544739,0
69.80737,99.93948,0
-15.731909,-82.092926,0
71.39546,75.37216,0
40.48389,-69.26508,0
-29.925106,-103.62141,0
-134.37779,-25.16004,0
70.675026,75.8822,0
171.34819,31.446545,0
70.047554,75.8458,0
-1.3955103,-80.661255,0
-64.463356,68.75841,0
11.611935,-146.64607,0
-98.93264,-68.67627,0
-181.47339,13.840825,0
-63.556538,70.01144,0
172.53229,3.6537142,0
-62.769955,70.96053,0
-66.80226,-2.3454497,0
-30.079882,114.58329,0
9.272826,-123.73114,0
-66.96084,-69.7711,0
-157.83427,-5.9579473,0
-29.780733,114.87324,0
175.50179,33.753548,0
-28.717531,115.06161,0
-29.58347,-5.6758084,0
26.490345,39.11112,0
55.373386,-113.26363,0
-63.557125,-130.49318,0
-116.51926,4.929819,0
27.29089,38.871143,0
138.84866,55.926292,0
29.297916,36.671833,0
-18.005777,-44.286953,0
16.65704,39.04698,0
56.801506,-119.481384,0
-67.17452,-135.31241,0
-121.29847,3.762112,0
15.733496,38.92512,0
148.86038,41.143734,0
14.72244,38.973446,0
-20.0268,-37.62755,0
-30.284277,158.60463,0
103.65078,-84.2935,0
135.76256,-40.546303,0
119.42602,-26.857582,0
-30.280785,156.475,0
91.86558,132.7184,1
-29.221415,154.12811,0
-29.358713,155.40802,0
25.035866,52.4204,0
42.792885,-88.979294,0
-81.32043,-120.97589,0
-128.35826,1.7297673,0
24.501154,52.293453,0
127.269165,46.4891,0
23.543087,52.279484,0
-26.519247,-45.135612,0
-125.092766,90.090576,0
-15.756065,-178.50574,0
-149.74686,-65.13525,0
-171.75494,41.618874,0
-125.37258,89.32132,0
191.99211,-9.411522,0
-126.13836,87.17192,0
-120.90856,48.378517,0
-55.809906,122.661026,0
8.941696,-139.54565,0
-103.67812,-67.65543,0
108.30106,-29.42431,0
-54.453213,119.82493,0
181.12502,39.982487,0
-57.496807,123.97752,0
-59.57512,122.68222,0
57.779655,21.342003,0
71.075874,-88.78966,0
-58.538296,-141.6,0
-103.2231,-15.560643,0
57.712193,21.457823,0
123.290146,56.489067,0
58.959568,16.141485,0
2.571791,-51.33001,0
-48.632042,72.37726,0
19.044981,-150.98328,0
-95.3013,-75.78025,0
-181.49208,5.4131184,0
-48.93205,73.00896,0
167.81345,12.93424,0
-51.10726,76.028015,0
-63.372765,-10.483019,0
50.46062,91.067856,0
28.714643,-89.26587,0
-56.541515,-95.893456,0
-149.03484,-22.628475,0
50.24688,91.00577,0
140.04771,-7.042411,0
49.640915,91.12089,0
-30.149778,-71.00387,0
-26.037817,111.868614,0
6.80638,-113.05777,0
-63.690006,-71.31955,0
-151.33255,-2.1301665,0
-26.067854,111.964005,0
181.02032,27.129599,0
-25.59825,115.51707,0
-26.066862,-6.364894,0
-105.99226,75.77188,0
-5.0890875,-176.47577,0
-138.77808,-61.418594,0
-166.19638,29.410847,0
-105.7553,76.07751,0
174.66965,24.31162,0
-105.80455,78.964775,0
-109.63764,54.992023,0
-49.236736,48.617195,0
25.899067,-145.31233,0
-105.2827,-83.33158,0
-192.2163,-3.5997953,0
-49.34336,48.250427,0
130.9729,8.339586,0
-57.80594,46.548176,0
-54.99002,-9.689036,0
76.62212,89.68632,0
31.920404,-73.99296,0
-36.719067,-94.7614,0
-139.10155,-18.491283,0
71.04059,95.22826,0
162.35663,32.64382,0
71.01614,94.71271,0
-14.044455,-81.30462,0
78.46614,14.313969,0
60.76594,-82.42441,0
-38.393085,-120.790504,0
-101.02791,-21.541708,0
78.32582,14.38955,0
122.37234,47.832375,0
63.367928,14.417126,0
-0.17405315,-61.041134,0
-44.51818,52.014755,0
35.044544,-134.65886,0
-97.46032,-110.84841,0
-191.40392,-14.861647,0
-44.392685,51.79812,0
133.3839,-6.4227962,0
-25.570713,65.246956,0
2.6775427,-21.556093,0
-81.46337,35.726677,0
13.689166,-170.63486,0
-119.68259,-71.06241,0
-201.53911,6.2596207,0
-81.37245,35.517185,0
115.946465,4.393441,0
-85.42594,38.494152,0
-51.252525,5.5781603,0
-33.780075,9.667131,0
56.109055,-141.37096,0
-100.75225,-125.44001,0
-145.40247,16.993376,0
-33.788315,9.251667,0
117.36682,21.731897,0
-33.746414,8.625119,0
-28.883392,-19.16381,0
24.424726,149.0186,0
106.54624,-67.54708,0
137.46954,-70.35403,0
46.57349,159.96042,0
40.65024,144.02321,0
67.76749,142.34337,1
46.334297,161.65227,0
39.93403,143.16435,0
-4.0643067,132.98473,0
39.087074,-126.93454,0
-68.62161,-80.617714,0
-161.7043,-3.869526,0
-3.1665416,132.31297,0
161.58736,-6.7529564,0
-2.3528638,131.23419,0
-50.96542,-40.599525,0
4.458918,74.16604,0
15.983537,-103.96132,0
-61.28107,-77.4092,0
-153.13988,2.3342712,0
4.567472,74.32131,0
168.50581,40.985004,0
4.957081,74.92361,0
-26.646442,-13.776113,0
53.121975,25.255539,0
64.62269,-102.58817,0
-46.70434,-132.34578,0
-102.54841,-2.4430904,0
53.17619,25.01483,0
108.75409,72.520996,0
48.82232,25.580944,0
-1.5068351,-42.740253,0
-76.39196,75.9987,0
5.170014,-143.7593,0
-103.64959,-59.67683,0
-190.29378,16.840618,0
-76.592606,76.41544,0
180.4803,8.7806015,0
-76.67798,77.18545,0
-69.23276,2.2118676,0
-128.0692,73.713905,0
-16.259151,-169.23854,0
-146.92719,-70.123375,0
-172.15619,37.132812,0
-127.445656,73.72737,0
197.10603,-4.2536073,0
-126.57705,74.35218,0
-124.80475,57.50745,0
-35.24089,9.555419,0
17.764387,-131.02992,0
-79.521805,-71.610344,0
-164.15636,16.696056,0
-35.220047,9.392576,0
166.13254,18.343857,0
-35.424187,8.704219,0
-38.114136,-16.27121,0
71.29373,34.013138,0
59.341675,-96.57138,0
-50.664997,-122.62355,0
-111.09054,-7.1492586,0
71.21758,33.730133,0
118.45909,57.67944,0
57.901127,35.647537,0
-6.582107,-50.729584,0
82.73178,99.925735,0
29.435162,-67.10291,0
-32.59865,-91.81161,0
-143.77892,-18.242188,0
82.07839,100.24509,0
166.0203,34.595585,0
79.82777,101.03228,0
-12.947581,-86.63634,0
-30.76331,47.792282,0
34.178913,-153.17259,0
-94.28733,-92.235085,0
-184.16849,-18.78471,0
-30.835798,47.959274,0
157.69427,60.101883,0
-30.011763,48.455833,0
-55.345024,-23.676485,0
-13.5029955,0.9189197,0
56.648636,-134.98251,0
-113.7827,-122.59919,0
-144.66031,14.307596,0
-12.814613,1.0372297,0
142.11224,74.262856,0
-12.432141,1.0981512,0
-10.636947,-14.7307825,0
28.98293,123.40933,0
31.170532,-97.18663,0
-70.22218,-103.47401,0
-157.00642,-24.380674,0
29.215225,123.158134,0
145.29431,41.27942,0
21.120384,123.40124,0
-38.922836,-65.552414,0
46.429726,-7.366133,0
80.581055,-100.72577,0
-38.093903,-143.67307,0
-89.69641,-9.364699,0
47.073566,-7.807844,0
111.619484,75.751884,0
49.55687,-7.709724,0
12.365302,-43.460743,0
-33.02338,124.98023,0
1.463871,-111.038185,0
-64.61702,-65.321915,0
-153.74474,-8.422831,0
-32.976643,124.83158,0
176.45863,27.776867,0
-25.258696,119.47578,0
-24.847643,-2.2999697,0
1.0537947,53.054527,0
45.294537,-57.50555,0
-92.72658,-139.85802,0
-145.21315,23.237207,0
0.9654937,52.8607,0
109.16921,34.215843,0
-3.1606283,48.85968,0
-31.285692,-31.336834,0
56.32621,92.064575,0
33.088078,-80.24383,0
-41.597004,-98.0878,0
-147.32417,-11.853486,0
56.62539,91.61486,0
150.4329,32.491314,0
57.715443,91.07921,0
-19.947256,-73.015274,0
8.370576,-2.4700549,0
69.591896,-115.47373,0
-105.03886,-114.89777,0
-117.57914,7.9232926,0
6.75043,-0.2806448,0
129.09412,59.98836,0
6.3521423,0.87377894,0
1.3620661,-17.360477,0
52.64036,93.06974,0
33.11317,-83.523,0
-54.465034,-96.71366,0
-154.77501,-29.401842,0
52.387367,92.585304,0
142.01758,26.539286,0
51.535717,92.21049,0
-23.76156,-71.430756,0
22.909367,-0.9570669,0
75.8731,-120.782234,0
-103.3129,-120.266136,0
-123.13905,11.780041,0
1.4040982,6.715467,0
128.34071,65.40196,0
1.5761974,6.5530443,0
-4.7142606,-19.652807,0
14.3279705,119.888855,0
24.324297,-93.337715,0
-59.200363,-90.90717,0
-165.3054,-18.565636,0
14.778235,119.94514,0
154.59818,-13.5329275,0
15.714087,120.37865,0
-35.73565,-74.12134,0
-122.11188,81.82924,0
-14.59456,-174.61436,0
-146.79361,-67.58376,0
-168.38905,40.4196,0
-122.02334,82.27981,0
194.19087,-2.945192,0
-128.25781,82.11932,0
-120.8358,52.28283,0
12.417809,122.03719,0
29.862177,-102.17228,0
-74.34042,-105.802124,0
-164.98692,-20.025944,0
12.450479,122.36217,0
153.80399,-16.952633,0
12.185609,123.51033,0
-43.851326,-63.86298,0
23.19422,102.548386,0
44.6611,-98.48456,0
-61.352173,-110.038666,0
-149.96466,-34.18218,0
23.708963,103.11443,0
132.24843,-1.7723957,0
24.832462,104.265785,0
-33.66322,-60.080902,0
28.287579,3.6040955,0
49.48981,-132.58537,0
-102.05073,-111.1053,0
-107.076935,-22.115671,0
28.239763,3.6173995,0
112.968475,64.60196,0
-17.772726,6.9205093,0
-4.8653426,-27.809002,0
72.30599,110.67053,0
27.152285,-71.92988,0
-35.76462,-91.54772,0
-156.40115,-15.970231,0
79.186356,102.76415,0
163.12091,31.46054,0
78.53739,102.194626,0
-15.449199,-85.00866,0
50.93374,5.956886,0
74.64789,-99.43218,0
-37.933926,-136.43509,0
-94.47904,-3.9237647,0
50.928,6.1575,0
114.446434,69.51882,0
47.923122,7.5559726,0
6.5046344,-45.248585,0
18.537155,-25.028072,0
85.74569,-123.486496,0
-95.82682,-108.40278,0
-129.72495,17.045982,0
18.290539,-25.146723,0
130.42123,30.112997,0
18.062931,-17.485819,0
8.05452,-24.41022,0
-91.17571,93.92503,0
-7.225238,-143.72841,0
-99.22331,-48.325417,0
-181.80203,23.86318,0
-91.51592,93.839066,0
174.4287,-5.2314343,0
-92.039825,93.50408,0
-78.309456,11.369118,0
62.26001,-33.18678,0
107.62202,-99.30288,0
60.325054,-37.732437,0
-90.26826,-29.386011,0
62.136456,-33.256287,0
122.9653,94.19774,0
61.55324,-33.38091,0
60.931473,-34.56533,0
66.48648,23.562376,0
60.23695,-85.76858,0
-39.48169,-125.94541,0
-101.76667,-26.00264,0
66.33484,23.579779,0
111.55903,54.87404,0
63.518394,20.683723,0
0.9915015,-57.4126,0
70.45624,2.3042083,0
72.1659,-73.59306,0
-52.6338,-143.29793,0
-106.78411,-16.04116,0
69.896324,2.401206,0
104.26357,63.922165,0
67.343605,3.1368914,0
14.933243,-61.21313,0
-23.783659,54.88664,0
33.966362,-161.18713,0
-87.08934,-92.528114,0
-177.83344,-17.082525,0
-24.590174,55.182243,0
139.96292,-1.3587064,0
-24.922348,55.442463,0
-59.07293,-27.803013,0
28.55594,-20.83516,0
83.60457,-118.50818,0
-27.26884,-146.18602,0
-97.99133,8.812833,0
28.254576,-20.480274,0
130.60193,70.170105,0
25.220701,-15.900995,0
9.969865,-28.36044,0
6.2210884,41.724747,0
75.0274,-71.31213,0
-49.93196,-157.72295,0
-110.859085,-15.742825,0
5.610987,41.807037,0
101.385376,29.325333,0
19.055687,10.044605,0
19.330536,-60.396595,0
-64.22646,68.26087,0
11.846247,-146.80023,0
-99.22719,-68.814705,0
-185.46011,14.345858,0
-63.8095,68.89226,0
173.91252,17.285534,0
-62.623966,70.25133,0
-66.390625,-2.970114,0
63.37001,103.10111,0
40.85534,-78.55473,0
-43.856224,-93.89154,0
-139.41187,-12.018786,0
62.738132,102.81,0
157.5555,34.56853,0
61.55256,103.592255,0
-18.939451,-78.86037,0
-77.50108,26.6962,0
14.968269,-173.30713,0
-123.25383,-75.52438,0
-207.50443,4.476174,0
-77.31437,26.68136,0
116.54364,5.706078,0
-85.94924,32.37696,0
-48.62314,5.717857,0
64.036316,-12.843537,0
81.73755,-78.16399,0
-43.015232,-150.63177,0
-93.36848,-15.206089,0
62.027355,-11.547351,0
110.37075,78.814224,0
56.587395,-9.343861,0
20.252028,-53.640972,0
7.6875334,112.55232,0
46.001472,-113.61276,0
-66.11762,-95.48499,0
-150.89502,-35.99221,0
7.831575,112.37921,0
148.24516,1.775943,0
8.321191,111.64788,0
-37.169357,-49.128067,0
-25.603422,50.34841,0
36.174297,-157.84174,0
-90.74021,-94.35255,0
-181.34671,-18.764406,0
-25.467484,50.663914,0
129.52388,9.157637,0
-28.294039,50.55376,0
-61.16743,-25.378271,0
69.13086,23.911303,0
65.30934,-91.02819,0
-41.76057,-128.55603,0
-99.88886,-13.635902,0
69.28234,23.174292,0
113.32227,58.792694,0
60.962265,16.80171,0
5.1439905,-49.475273,0
53.006767,65.35977,0
43.834217,-78.43268,0
-41.99163,-109.480736,0
-120.94078,-17.067461,0
52.810173,65.06077,0
125.13971,42.654175,0
58.16007,66.205345,0
-9.054935,-68.202934,0
-20.317513,85.77121,0
11.405744,-124.42501,0
-92.12084,-103.171745,0
-156.25267,0.46405408,0
-20.658133,85.375275,0
179.96973,32.17943,0
-20.687124,84.97162,0
-30.279203,-8.096697,0
-14.04039,101.494225,0
32.673355,-115.95146,0
-76.0508,-91.8378,0
-170.94772,-9.248318,0
-14.878468,100.81193,0
146.8656,-3.4753263,0
-16.50804,99.14845,0
-57.80367,-47.2581,0
27.845873,91.40148,0
35.826748,-95.30766,0
-64.25889,-116.16105,0
-153.69348,-28.053118,0
28.115465,91.039116,0
139.3762,22.757673,0
29.323545,90.82244,0
-38.130257,-69.03333,0
35.803062,-29.574951,0
97.651794,-108.38589,0
-23.743296,-130.70465,0
-109.71677,15.881166,0
35.609028,-29.49252,0
133.34578,82.91109,0
35.321365,-28.821146,0
30.930172,-31.415478,0
1.1116762,15.670944,0
77.20283,-138.64926,0
-71.63687,-143.724,0
-106.65386,19.530127,0
0.8075856,15.997919,0
140.48183,73.44783,0
0.31586307,18.417265,0
-12.3113,-26.587275,0
-86.0471,77.09302,0
-0.5212747,-146.6879,0
-102.47009,-55.753387,0
-187.55792,19.336838,0
-85.37485,77.37531,0
176.01637,-1.5801109,0
-81.8801,80.52374,0
-74.22988,4.009778,0
-51.538715,136.0945,0
-2.5005748,-120.75443,0
112.47211,-19.958553,0
94.46286,-41.137966,0
-50.558697,136.24178,0
177.26506,38.42132,0
-50.53667,136.2548,0
-50.570137,136.09906,0
49.88699,19.880503,0
67.4653,-102.68043,0
-45.569546,-133.37918,0
-100.92443,-3.1743488,0
48.59799,20.212362,0
120.70467,63.448627,0
46.529915,21.007933,0
-0.42028055,-44.06636,0
-30.08794,13.942408,0
44.30229,-137.59108,0
-105.926765,-104.57192,0
-136.09315,6.26381,0
-29.776228,14.054777,0
128.39067,22.093931,0
-28.533306,15.523006,0
-49.927616,-29.676168,0
-75.77097,129.51495,0
12.930612,-113.03994,0
110.005356,-41.963196,0
-83.97551,129.83241,0
-77.603905,130.20508,0
100.99716,118.383675,1
-77.70925,130.09958,0
-78.8908,131.1076,0
-25.286737,113.63337,0
9.066333,-107.43937,0
-62.90016,-70.09531,0
-153.2859,-4.3561635,0
-25.033274,114.29626,0
172.52483,31.8422,0
-24.517235,115.65649,0
-25.265606,-6.2367525,0
13.893847,154.97987,0
119.309364,-79.95103,0
140.02646,-53.0689,0
4.347503,167.05505,0
6.0020785,165.70815,0
80.2483,139.16728,1
4.8534927,166.6081,0
6.8379927,165.26134,0
-20.207024,81.942764,0
10.165039,-125.3668,0
-73.88828,-71.96361,0
-157.26138,-3.7048316,0
-20.113745,82.0751,0
177.47525,18.711748,0
-19.620258,83.01617,0
-30.368711,-6.464609,0
10.533877,66.336334,0
17.435688,-101.37225,0
-60.572716,-79.19578,0
-151.53575,5.3549147,0
10.432025,66.67455,0
168.45311,46.441364,0
8.495574,67.65276,0
-24.93366,-16.122166,0
-8.741221,26.22131,0
74.248924,-145.41821,0
-78.37136,-140.84564,0
-109.58244,28.678663,0
-8.648306,25.76192,0
135.60822,-1.6128151,0
-6.126274,23.392487,0
-18.487524,-22.462824,0
32.654472,9.40611,0
79.961426,-85.5831,0
-52.43256,-152.73155,0
-96.78408,-10.093394,0
32.88166,9.686375,0
121.56633,80.33492,0
29.73696,12.718467,0
18.185444,-47.51012,0
25.30905,70.917145,0
8.021473,-100.83344,0
-23.08718,-106.91045,0
-127.39641,-26.111296,0
25.530077,71.2201,0
103.6085,43.74454,0
25.427721,72.73267,0
4.1651034,-80.67909,0
-50.026226,46.646427,0
27.92949,-144.02745,0
-106.14427,-85.38255,0
-192.718,-5.9583445,0
-50.005768,46.72699,0
127.75052,16.08209,0
-55.826103,46.59457,0
-53.461308,-10.182039,0
-14.284118,101.73391,0
32.250237,-116.12399,0
-76.10224,-91.578926,0
-169.7872,-10.365456,0
-14.912131,101.61268,0
148.6759,-3.645258,0
-16.801722,99.28932,0
-58.005573,-47.117737,0
-74.83185,133.27934,0
13.696104,-114.77417,0
112.349556,-40.779457,0
-83.53634,131.71483,0
-76.186134,134.15285,0
100.08414,119.51924,1
-76.42623,134.12001,0
-78.189,134.64233,0
-41.703945,30.846567,0
37.948376,-144.95946,0
-105.93892,-93.94444,0
-121.41731,19.86178,0
-41.815575,31.321295,0
131.24825,65.05959,0
-39.620907,35.83646,0
-46.50885,-19.548822,0
-134.93445,80.91565,0
-17.853502,-174.59592,0
-148.60219,-69.91244,0
-167.72636,43.650284,0
-131.09428,79.95918,0
193.81938,-7.8456063,0
-129.67052,83.71407,0
-124.27913,51.683464,0
-47.08474,69.50653,0
17.323116,-153.38892,0
-92.87224,-78.59197,0
-175.07011,7.0232334,0
-47.675697,69.68239,0
166.94019,10.446932,0
-51.446007,69.34284,0
-67.0881,-11.544881,0
-10.667194,11.606144,0
59.06561,-142.24649,0
-98.28387,-127.893974,0
-142.70633,28.846628,0
-10.651662,11.391008,0
106.71624,24.602554,0
-11.908961,8.466619,0
-28.96121,-22.298294,0
-6.5414777,57.994328,0
41.50648,-57.00296,0
-96.404465,-139.71286,0
-146.10036,22.971212,0
-7.2559285,57.31586,0
111.66859,36.405857,0
-7.9897614,56.592068,0
-33.85455,-33.922817,0
87.99908,-15.399938,0
1.3337444,-119.12241,0
120.875046,-59.231472,0
92.97139,-25.9963,0
92.823204,-23.072704,0
178.24898,59.462635,0
92.93898,-23.473087,0
92.04988,-22.041805,0
65.77459,49.90023,0
62.0341,-78.722725,0
-34.74309,-119.920715,0
-116.04379,-19.26421,0
65.90174,49.762928,0
104.87424,57.212364,0
61.468422,58.05031,0
2.3833632,-62.809975,0
3.40164,119.92832,0
44.180626,-121.91292,0
-64.567245,-86.366684,0
-159.0014,-28.381647,0
3.763917,120.126045,0
148.25601,19.430265,0
4.2358828,120.29408,0
-41.814285,-50.97668,0
83.02742,-17.353983,0
8.2532425,-117.26135,0
-77.80008,-51.610413,0
119.31938,-55.160095,0
83.254456,-11.15128,0
178.04366,54.323902,0
81.54886,-24.10885,0
80.444046,-22.268587,0
22.613209,48.16996,0
54.428883,-107.8762,0
-79.009705,-121.99823,0
-122.736145,9.242259,0
22.26077,48.130344,0
132.67564,50.822735,0
21.148792,48.886375,0
-27.173248,-43.103436,0
25.999899,27.78229,0
60.117634,-117.50957,0
-63.439568,-138.43515,0
-122.08574,1.4164884,0
26.560009,27.644104,0
140.1368,61.291584,0
27.48244,27.528406,0
-15.347801,-38.086773,0
48.00732,-30.76604,0
102.25431,-104.01236,0
-18.138899,-128.42459,0
-117.41539,-35.573044,0
47.91998,-31.13836,0
128.1314,91.03996,0
47.70964,-32.040314,0
47.569508,-34.79818,0
19.546543,96.25709,0
50.984524,-96.46,0
-55.950043,-113.5798,0
-162.42847,-39.08361,0
19.395836,96.605034,0
136.42723,-13.682931,0
19.184698,97.71762,0
-33.095352,-54.91573,0
-135.50131,87.17406,0
-17.172224,-174.61684,0
-146.3038,-70.83939,0
-171.5347,38.199577,0
-135.36635,87.06097,0
193.6186,-9.387659,0
-130.40355,84.69674,0
-124.94142,51.7091,0
82.459274,-17.40437,0
1.2991388,-114.626564,0
-76.80938,-52.10132,0
119.078896,-54.759037,0
82.18501,-11.321809,0
179.01012,54.196358,0
80.90122,-23.891434,0
80.431015,-21.89025,0
-90.00558,76.11926,0
0.46376428,-145.66664,0
-99.29861,-55.947575,0
-187.48447,17.33086,0
-89.88227,75.451546,0
171.30331,-0.032098208,0
-81.583916,82.743355,0
-73.203705,3.488171,0
14.336645,-4.22574,0
71.4065,-122.21145,0
-96.91991,-114.34753,0
-125.610916,13.132415,0
14.834361,-3.4830809,0
135.4308,31.267996,0
15.799769,-1.7536693,0
0.74476904,-25.01712,0
-29.179682,132.51521,0
2.0757906,-106.65945,0
-62.986355,-62.93871,0
-148.47952,-8.93808,0
-29.167316,132.46785,0
168.91771,29.293114,0
-22.495932,122.44245,0
-21.38908,-1.9415045,0
32.52307,13.732802,0
80.832985,-87.242714,0
-54.22145,-153.93677,0
-104.65589,4.7144823,0
31.878729,13.987588,0
125.055244,80.71028,0
30.566267,14.833946,0
19.508827,-46.180252,0
1.5455147,175.50845,0
106.930565,-81.953445,0
139.05135,-51.935513,0
122.193634,-25.643427,0
3.0599382,173.01346,0
81.28387,139.96658,1
1.7365948,174.17418,0
2.3511035,173.69246,0
33.244408,122.42339,0
32.171772,-95.07557,0
-67.1689,-102.1035,0
-160.704,-23.681622,0
34.485962,119.87477,0
150.45541,27.57394,0
34.544853,118.82402,0
-38.139786,-67.825775,0
-64.989655,69.85709,0
11.051218,-146.07484,0
-98.85844,-67.85567,0
-181.30823,15.363781,0
-64.31385,70.45831,0
179.3554,14.550006,0
-63.322575,71.28201,0
-67.2739,-1.5011325,0
72.94486,37.675285,0
57.58832,-96.173485,0
-51.585052,-120.559685,0
-111.15446,-4.4382043,0
72.82815,37.273586,0
119.2056,55.277237,0
56.07541,38.632668,0
-7.8220263,-52.26565,0
15.947197,14.594588,0
70.52024,-131.43347,0
-65.266106,-146.6146,0
-106.10193,-23.144758,0
15.795747,14.501696,0
122.2007,63.104458,0
11.310753,20.02824,0
-7.607429,-30.780416,0
-51.975048,102.89242,0
7.3135867,-125.203865,0
-84.28953,-61.062485,0
-148.50371,-3.3133676,0
-52.038296,102.721794,0
170.08049,38.785915,0
-52.059013,101.73935,0
-36.67203,-5.7324786,0
66.95566,-0.5758892,0
75.00869,-81.91065,0
-51.719387,-148.47296,0
-109.44307,-14.071821,0
66.63364,-0.3587607,0
104.54894,54.274803,0
61.85916,3.3724082,0
13.659163,-53.725193,0
31.10618,80.25034,0
39.19229,-91.59809,0
-60.36576,-120.62563,0
-119.65511,-1.6726106,0
31.326487,80.60036,0
143.91325,40.24193,0
36.46003,85.64768,0
-20.629086,-57.688404,0
99.60328,-10.498227,0
-5.194469,-121.34269,0
128.16547,-64.31217,0
19.408731,146.82013,0
102.67022,-11.941821,0
172.21417,66.96666,0
103.49557,-10.536303,0
102.3035,-12.089866,0
62.094273,28.606146,0
62.436016,-92.282265,0
-45.076206,-125.533134,0
-107.627045,-5.62868,0
61.68442,28.73666,0
114.63393,57.00351,0
58.117832,30.715609,0
-2.5317209,-49.437283,0
-124.0167,79.15558,0
-15.098452,-173.37668,0
-152.5196,-67.88609,0
-167.29428,41.337433,0
-124.0437,79.35593,0
192.18414,-7.397738,0
-124.44587,80.91272,0
-121.48973,53.278152,0
47.23752,-2.1464229,0
78.17492,-101.91224,0
-35.60739,-139.25546,0
-93.08808,-5.357975,0
46.763336,-1.4173622,0
113.446625,78.104965,0
46.20961,-0.60763866,0
9.281734,-41.89486,0
-11.375282,-1.32208,0
57.50571,-133.88802,0
-113.70605,-121.191345,0
-143.17752,14.352614,0
-10.876625,-1.1937925,0
126.46921,-6.158884,0
-7.249939,-1.4524618,0
-8.6972685,-13.855972,0
-66.92229,43.219215,0
24.413553,-141.24698,0
-109.23216,-81.18987,0
-194.48257,0.91221577,0
-61.903023,47.98112,0
125.993004,15.117002,0
-61.90366,46.798058,0
-52.90821,-5.4617677,0
84.19192,-15.453601,0
8.9605665,-139.2856,0
118.33625,-57.392864,0
90.05353,-29.02741,0
85.83316,-25.74309,0
181.08072,58.17839,0
86.33457,-26.568165,0
85.7541,-24.175415,0
40.832993,-15.930136,0
81.65163,-109.20306,0
-29.513145,-141.06982,0
-88.646385,-1.9593083,0
40.756886,-15.398042,0
98.61289,56.638668,0
40.513042,-14.6066,0
14.930247,-36.566372,0
-7.328003,114.6177,0
39.317547,-118.60245,0
-69.6312,-89.83469,0
-168.8934,-3.5362718,0
-7.584243,115.34516,0
148.5467,-10.924128,0
-8.600196,116.33678,0
-45.660698,-48.60443,0
-63.822998,149.51254,0
100.40163,-83.99576,0
123.3856,-40.177666,0
106.15557,-36.94665,0
-65.15101,150.1667,0
93.60701,122.61756,1
-65.86149,153.60303,0
-65.92094,151.96721,0
32.140118,108.00624,0
45.15855,-95.38384,0
-58.28524,-108.423386,0
-147.46684,-27.720646,0
31.753242,108.16173,0
145.47539,20.824965,0
30.060562,107.31825,0
-32.319965,-63.61136,0
-19.970087,129.92477,0
4.3914566,-103.74409,0
-59.95142,-64.0783,0
-125.179695,-14.992006,0
-19.8865,129.55396,0
169.56189,35.44478,0
-19.372355,128.67455,0
4.9486785,-77.882515,0
-12.627193,157.68578,0
104.87322,-82.875656,0
132.55904,-34.9292,0
122.07477,-54.98594,0
-12.334922,154.31308,0
86.5036,131.27098,1
-16.285612,156.3917,0
-15.019886,156.38174,0
-115.40537,68.8494,0
-5.3148837,-170.443,0
-137.02477,-67.62902,0
-157.57611,40.25702,0
-115.46689,69.00349,0
135.17036,86.15243,0
-115.53768,69.082825,0
-115.0809,67.615166,0
56.78772,7.3401403,0
74.92448,-94.753685,0
-34.396305,-136.0172,0
-94.67778,-17.96951,0
56.50218,7.496449,0
110.83508,70.73486,0
55.46432,1.041133,0
9.260004,-49.74323,0
-34.64378,66.55075,0
26.939035,-153.07083,0
-95.72703,-84.49753,0
-171.4326,6.4070764,0
-34.855206,66.03985,0
154.2905,32.99248,0
-34.882507,65.45199,0
-57.561237,-16.104837,0
74.293,15.136537,0
67.644806,-83.86604,0
-32.98702,-129.09552,0
-88.60011,-11.65094,0
74.020775,14.820489,0
108.054436,74.5331,0
69.95436,15.864383,0
8.146762,-55.246117,0
-1.0279032,153.04774,0
116.96552,-79.911514,0
142.35254,-56.404343,0
-1.0892707,150.35245,0
-0.90119624,151.66814,0
81.57192,133.57938,1
-0.07452024,151.1761,0
-0.65022093,151.99129,0
22.9588,46.07596,0
55.75445,-107.60875,0
-78.23259,-123.28146,0
-122.20345,8.798333,0
22.482477,47.066254,0
132.43692,51.807697,0
20.378067,48.13893,0
-25.838501,-42.97129,0
57.437344,109.752846,0
24.48816,-89.20951,0
-55.80687,-92.106926,0
-166.45789,-18.11879,0
57.41225,109.85834,0
142.2989,2.0243669,0
57.642403,114.356384,0
-32.732292,-75.06831,0
7.8111978,92.96597,0
36.345108,-106.348236,0
-72.41943,-112.41908,0
-167.22401,-31.717422,0
7.6178102,93.03816,0
142.51746,-11.819934,0
7.7582707,95.85928,0
-40.51891,-56.030064,0
84.295685,97.35431,0
30.257359,-67.74768,0
-32.329018,-93.01919,0
-148.99138,-14.581298,0
81.00003,99.56803,0
165.20033,34.117077,0
78.40723,100.61543,0
-11.329857,-85.91604,0
10.025303,5.1342206,0
72.5943,-128.553,0
-96.74624,-127.00235,0
-133.44281,27.580732,0
9.932173,5.2212367,0
106.35496,25.463062,0
9.613817,6.4814467,0
-26.670973,-22.410769,0
-17.236223,9.686619,0
47.100655,-132.21573,0
-101.14387,-109.52618,0
-134.6759,0.4411959,0
-17.595337,9.843672,0
128.45285,34.503838,0
-17.870283,10.221287,0
-2.8351326,-26.051834,0
78.07194,20.48733,0
64.95643,-80.96382,0
-34.04722,-123.94707,0
-108.37933,-19.851547,0
79.00176,21.14271,0
109.2517,55.6578,0
67.18153,13.843668,0
5.216222,-60.0105,0
-37.844147,77.804665,0
60.215668,-150.47958,0
-102.92298,-136.0128,0
-176.07475,4.4398055,0
-37.95568,78.06462,0
149.96541,10.878896,0
-17.75998,47.848442,0
-38.223587,-24.55407,0
-56.771206,153.34497,0
100.57046,-94.72501,0
126.0399,-39.766148,0
110.29473,-34.147945,0
-57.691936,155.80524,0
96.91534,125.16303,1
-58.891037,159.75293,0
-57.91716,157.48325,0
-49.687313,155.64418,0
100.28354,-96.412506,0
128.39456,-36.029865,0
114.70475,-32.69622,0
-48.878666,157.35419,0
94.66429,127.84597,1
-48.85897,158.34268,0
-49.243206,157.84335,0
-86.9088,78.02635,0
-1.4251457,-146.28526,0
-101.91591,-55.03641,0
-188.47917,19.780231,0
-85.65935,78.20102,0
179.3691,-1.1547841,0
-82.75398,81.43263,0
-74.476654,5.050072,0
-86.20422,77.4497,0
-0.7334025,-146.80208,0
-102.57328,-55.625156,0
-187.9128,18.526068,0
-85.25923,77.29973,0
177.13116,-1.4862937,0
-82.07308,80.49693,0
-74.68563,4.227536,0
27.653345,-20.026789,0
84.5787,-118.74413,0
-92.60514,-110.16167,0
-96.37729,10.087633,0
27.028416,-19.157312,0
132.77274,66.96271,0
25.677258,-16.999561,0
10.477788,-27.935442,0
3.3933911,74.989746,0
16.226614,-104.44242,0
-62.17256,-77.79158,0
-154.56873,3.6915648,0
3.5403044,75.245766,0
168.33241,40.126343,0
3.6099787,75.601166,0
-27.384674,-13.978334,0
-7.3804474,5.7903037,0
55.865925,-129.48335,0
-109.874374,-120.13805,0
-139.9389,14.670329,0
-3.3006055,3.2394383,0
126.84385,-5.6317086,0
-2.6907394,2.6096272,0
-5.849426,-18.27159,0
62.255695,27.364103,0
63.999523,-96.36497,0
-45.920227,-126.525,0
-119.92294,-9.154016,0
61.829895,27.57113,0
122.33154,58.986584,0
57.820446,29.597008,0
-8.347909,-43.785618,0
-59.45529,17.933407,0
45.38518,-157.87675,0
-121.55386,-95.35583,0
-191.42157,13.203531,0
-59.201393,18.276993,0
132.37477,7.41436,0
-56.3903,23.982555,0
-69.38667,-30.7531,0
54.7002,19.119806,0
63.455593,-105.38776,0
-44.42337,-130.45105,0
-103.000694,6.5193553,0
54.719475,18.96448,0
131.02946,52.424126,0
54.70515,18.45454,0
-7.07621,-45.04943,0
72.40864,49.885574,0
53.177612,-72.693184,0
-32.048607,-120.44586,0
-110.0295,-22.996729,0
72.2658,49.95204,0
114.76892,44.539284,0
68.19907,58.172905,0
3.5189502,-64.474075,0
15.777102,-4.799372,0
72.62484,-121.82574,0
-97.228935,-115.413055,0
-125.15173,14.103765,0
16.11764,-4.648914,0
128.49918,63.07432,0
16.62439,-1.9571886,0
1.2359052,-27.129631,0
51.621246,5.3360057,0
74.27734,-99.42257,0
-38.602654,-136.33057,0
-98.58615,-8.449183,0
51.401672,5.2854342,0
114.19548,65.47202,0
48.84241,7.704506,0
7.026281,-45.555847,0
-70.844215,57.6146,0
7.476652,-151.0085,0
-105.19369,-72.67015,0
-187.69835,-1.3076023,0
-70.52731,57.40667,0
134.24643,5.4933066,0
-72.24826,59.801487,0
-73.09339,-3.9080987,0
54.523735,110.43135,0
25.268898,-87.61488,0
-54.524307,-93.14142,0
-154.57181,-19.58349,0
54.03558,110.188644,0
140.79639,0.47148305,0
53.63431,109.80932,0
-29.958296,-74.64789,0
-32.220196,112.09012,0
5.5278406,-117.85533,0
-69.42019,-70.58749,0
-155.6861,-5.4249015,0
-33.574005,111.727646,0
179.4245,21.571672,0
-34.58616,111.48331,0
-30.918264,0.20817181,0
-60.53746,53.127583,0
20.306044,-144.37468,0
-105.18382,-78.28143,0
-192.17114,-0.8623782,0
-60.20116,52.906742,0
133.80539,3.9967253,0
-58.808846,52.523903,0
-59.32366,-5.370813,0
-4.61836,26.655771,0
74.59292,-142.46822,0
-75.40547,-142.89021,0
-110.65121,24.524311,0
-4.206958,26.225811,0
145.13385,66.10996,0
-3.2540624,22.112251,0
-16.18364,-24.525543,0
26.57091,29.166262,0
55.04864,-118.74074,0
-62.607147,-138.12393,0
-122.497955,-5.613706,0
26.860044,29.245968,0
137.37268,51.16016,0
27.359854,29.755566,0
-14.777745,-38.700047,0
80.78444,74.93148,0
48.703064,-68.08731,0
-30.086912,-112.32827,0
-121.221016,-20.87137,0
80.63112,74.99656,0
106.51726,41.7771,0
77.37809,62.59824,0
0.9799563,-71.92454,0
-115.18372,77.18932,0
-9.4981,-173.93555,0
-141.44684,-65.9822,0
-169.08719,34.91462,0
-115.092,77.197495,0
194.59839,2.9785454,0
-111.451324,83.10594,0
-115.771996,54.6666,0
-4.924305,118.25864,0
41.30575,-120.64395,0
-67.645,-87.387695,0
-169.09213,-1.5798873,0
-4.8586674,118.61581,0
163.94865,-6.128528,0
-4.458674,119.53129,0
-45.750187,-44.523193,0
59.83627,108.659996,0
22.729181,-85.57691,0
-52.837715,-90.44708,0
-157.35696,-17.431377,0
59.95907,108.59837,0
152.19379,22.592283,0
58.144142,114.03032,0
-30.849352,-78.99392,0
-105.993286,76.51262,0
-5.2200403,-176.89447,0
-138.96913,-61.14676,0
-165.96092,28.179913,0
-105.50543,76.96458,0
188.10086,9.420802,0
-105.45299,78.60247,0
-109.722946,54.403286,0
79.343895,17.225433,0
66.56775,-81.23625,0
-32.817177,-125.08333,0
-97.074,-17.59439,0
78.958824,17.331047,0
110.39942,54.700886,0
68.14787,12.055881,0
6.426598,-59.97716,0
22.38715,73.09599,0
7.4244328,-103.04015,0
-61.057266,-68.95955,0
-131.12927,-25.41853,0
22.453983,73.764336,0
181.97902,29.603949,0
23.399632,74.98662,0
2.7209287,-79.99831,0
27.993963,151.57457,0
109.34119,-71.60171,0
135.24927,-70.11969,0
43.213577,155.65121,0
43.30113,150.47136,0
68.16849,139.34195,1
44.06103,154.82996,0
43.703217,149.75899,0
-61.82258,22.480743,0
44.00163,-160.67172,0
-121.092606,-93.08229,0
-184.09613,-5.5621305,0
-60.990982,22.635595,0
169.74275,-6.969406,0
-59.68595,25.458023,0
-71.55766,-28.112906,0
-88.639244,77.90702,0
-2.9531372,-147.42192,0
-102.13822,-53.36183,0
-186.95245,20.429962,0
-88.876076,79.870346,0
176.3474,-3.31417,0
-85.20613,82.358986,0
-76.20195,6.9403815,0
-54.17991,123.782974,0
9.86358,-128.66083,0
-76.26122,-60.626633,0
108.14355,-30.037872,0
-51.981407,119.559135,0
178.91132,42.50708,0
-57.72066,126.130806,0
-60.842625,124.1621,0
19.029644,102.49917,0
42.96812,-100.83097,0
-67.256355,-110.72192,0
-164.32591,-33.68529,0
19.129477,102.61911,0
144.15132,35.4191,0
10.135664,98.00375,0
-35.15292,-58.82712,0
61.162857,101.559746,0
29.34313,-80.25566,0
-46.31813,-99.55352,0
-137.93834,-8.330812,0
60.976425,102.016464,0
131.60822,37.59185,0
60.15851,103.23456,0
-19.962273,-77.62961,0
-122.75632,72.44271,0
-16.659224,-167.68819,0
-145.74594,-76.42633,0
-164.30489,36.49102,0
-123.082405,72.599594,0
198.50513,-2.3313973,0
-123.42163,73.05553,0
-125.387726,59.778362,0
-138.11055,83.72962,0
-21.576988,-173.2329,0
-148.62799,-72.02209,0
-169.36081,46.152374,0
-138.2144,84.07963,0
196.42413,-12.554462,0
-133.25273,84.91287,0
-127.35175,51.520752,0
-46.355083,71.93553,0
19.83056,-155.90175,0
-89.64864,-78.58548,0
-178.53418,2.5079641,0
-46.439472,71.90803,0
157.63245,12.395128,0
-50.04727,68.07756,0
-67.62221,-14.806179,0
24.307695,149.46333,0
106.31838,-67.0575,0
137.5606,-70.319046,0
46.27258,159.67964,0
40.235504,144.58159,0
68.40632,142.49155,1
45.86391,161.56505,0
39.284077,143.59431,0
-80.26953,90.17945,0
-0.76553684,-141.68361,0
-96.422,-54.697887,0
-181.06458,18.324945,0
-80.389755,89.83397,0
168.95148,12.735165,0
-78.25372,86.88659,0
-70.753075,7.7851033,0
30.82493,60.206654,0
48.249393,-86.22604,0
-49.966724,-106.12966,0
-133.17632,-5.5766554,0
30.245996,60.672283,0
131.87456,42.370205,0
28.88271,61.817474,0
-16.599442,-62.210384,0
21.993132,46.68684,0
55.05245,-108.30671,0
-79.602486,-123.24368,0
-123.90258,8.784106,0
21.505507,47.270306,0
133.43518,53.887478,0
20.9041,47.433147,0
-26.30862,-42.043804,0
5.982977,7.8172646,0
60.968082,-141.37325,0
-95.00482,-128.30789,0
-136.7133,28.171637,0
6.354864,7.737214,0
105.60549,27.862083,0
7.206635,7.667561,0
-28.339205,-24.25943,0
-9.322293,61.17033,0
38.377655,-57.281483,0
-99.41796,-140.95483,0
-152.77643,16.749083,0
-9.5246725,60.786076,0
144.71365,18.037748,0
-10.977576,58.516087,0
-36.04328,-35.15867,0
-47.330612,21.099949,0
44.545033,-153.82397,0
-115.48079,-97.11696,0
-188.11102,-11.367508,0
-47.386684,21.503254,0
118.92612,16.549183,0
-45.53781,23.386395,0
-65.09868,-30.542875,0
-34.744118,40.573174,0
37.587612,-154.6091,0
-101.1133,-93.3539,0
-107.77963,27.244282,0
-34.86709,40.5119,0
131.67352,-0.25888702,0
-40.25219,40.44544,0
-64.07231,-24.90173,0
98.675514,-10.164549,0
-6.573553,-120.72639,0
128.66998,-64.65473,0
19.451853,146.69525,0
103.83941,-14.031217,0
171.87138,66.60672,0
104.820724,-13.866441,0
103.55184,-14.530014,0
60.110477,22.244616,0
66.92233,-89.01219,0
-40.222378,-128.15108,0
-103.932274,-10.188702,0
60.22731,22.615877,0
112.7024,61.22596,0
60.389927,17.769936,0
3.750049,-50.20992,0
50.00179,-32.250927,0
103.056496,-104.36257,0
52.500477,-39.48177,0
-118.52681,-36.416958,0
49.692085,-32.604675,0
128.7646,91.05794,0
49.586548,-33.197254,0
49.019493,-35.13226,0
-38.824528,61.46325,0
29.598366,-156.17882,0
-92.79404,-86.1015,0
-117.02655,28.844154,0
-38.90408,61.529793,0
124.69342,1.3865306,0
-39.82791,60.945824,0
-63.02469,-20.2831,0
-2.211389,-7.0447702,0
61.625683,-132.20822,0
-113.88777,-116.31926,0
-171.07095,-16.315634,0
-2.7554066,-6.745116,0
128.22421,-10.237803,0
-3.289781,-6.324214,0
-4.337036,-11.893804,0
2.5119922,92.96835,0
32.606846,-106.323,0
-75.39659,-111.15968,0
-167.59459,-29.702394,0
2.6138635,93.218124,0
142.19673,-8.240428,0
3.382952,94.1899,0
-44.6798,-58.327335,0
-16.009724,90.08232,0
35.785065,-117.99389,0
-80.780624,-93.40134,0
-177.24394,-14.181494,0
-16.236305,90.44498,0
143.11499,-3.4476159,0
-16.729454,90.79654,0
-62.725883,-48.39201,0
75.11244,84.84124,0
36.12628,-73.09739,0
-35.614155,-100.70379,0
-138.32574,-19.846733,0
75.05043,85.55128,0
155.33751,29.460682,0
69.954605,85.2105,0
-12.441689,-77.08858,0
-33.245255,57.16369,0
29.50736,-161.39507,0
-88.974686,-88.36593,0
-179.74638,-11.147037,0
-33.616,57.18117,0
136.84741,1.4281616,0
-36.638653,55.94274,0
-66.42578,-20.870348,0
-59.145252,152.1541,0
99.8534,-92.661125,0
124.29921,-40.392162,0
107.978935,-35.38032,0
-60.40424,154.14743,0
94.88315,124.800255,1
-61.99521,157.8915,0
-61.378414,156.46342,0
42.333076,41.515606,0
53.315147,-103.48124,0
-63.850136,-123.43442,0
-113.43274,9.354955,0
42.392,42.26035,0
142.34372,45.737484,0
41.85122,43.47273,0
-22.172932,-52.164948,0
-52.85129,25.42015,0
42.95671,-157.4036,0
-118.198685,-93.99325,0
-184.54031,-9.085312,0
-53.161156,25.088957,0
130.0439,2.9268975,0
-54.207985,24.673569,0
-68.23662,-28.773493,0
4.2259173,41.406876,0
73.48576,-70.771706,0
-88.56125,-136.8506,0
-136.80933,31.016663,0
2.5003686,41.493492,0
102.51614,61.445812,0
0.83111805,41.655018,0
-26.400162,-30.196901,0
66.20034,32.887276,0
52.22265,-97.653915,0
-54.832233,-118.24121,0
-130.48308,-31.8038,0
66.212135,33.119354,0
116.09565,36.925632,0
54.052628,40.664856,0
-17.38149,-53.943027,0
-54.261616,125.9474,0
5.7355833,-109.311226,0
-72.13863,-58.115868,0
107.67176,-31.31212,0
-48.69247,123.26649,0
177.85805,42.383694,0
-57.636185,127.91322,0
-53.77464,131.64717,0
-40.10413,66.55327,0
24.756424,-156.0005,0
-94.09529,-82.16155,0
-172.3206,4.9950633,0
-39.36094,66.38189,0
158.56859,9.518898,0
-39.24489,65.40596,0
-62.254032,-17.305365,0
-86.23353,75.2708,0
-1.0812427,-148.13403,0
-101.91581,-56.38004,0
-189.29796,20.576244,0
-85.59059,75.778915,0
175.201,-1.8201214,0
-83.18647,79.41824,0
-75.90632,3.5184336,0
-9.055233,164.65816,0
106.280685,-80.29809,0
134.5824,-38.029312,0
129.78087,-61.221237,0
-9.03982,154.10701,0
85.18788,133.36455,1
-12.880377,167.54166,0
-11.600169,166.59572,0
49.783215,31.240877,0
61.51777,-102.954796,0
-48.209713,-131.90717,0
-109.03927,5.149002,0
49.094444,31.610094,0
128.98756,57.430336,0
46.537586,30.876232,0
-3.8722734,-43.626835,0
10.688023,70.73722,0
14.582488,-100.37756,0
-57.68671,-77.446465,0
-148.95021,2.5901198,0
10.852399,70.6003,0
162.97185,47.289932,0
10.998362,69.6805,0
-22.631008,-13.737491,0
36.355175,103.14367,0
49.17771,-94.24768,0
-54.538902,-112.40262,0
-130.9158,-29.197691,0
35.897213,103.17406,0
147.83456,35.55945,0
34.52563,103.22941,0
-28.752598,-63.741142,0
59.518528,87.01112,0
34.126198,-80.515625,0
-42.956078,-98.14762,0
-143.32887,-26.196741,0
59.08464,87.318245,0
152.95592,29.831545,0
58.211903,87.55229,0
-18.16881,-73.919044,0
29.151304,153.47272,0
111.88778,-75.363686,0
137.36832,-65.53814,0
35.27203,157.22011,0
34.689777,156.45929,0
70.55255,138.26208,1
35.42097,157.12329,0
34.676117,156.45145,0
5.2074566,72.35567,0
13.774328,-103.679214,0
-60.623356,-75.52478,0
-152.01581,-0.2063988,0
4.84895,71.459366,0
169.48367,43.385437,0
4.346602,70.3581,0
-25.590595,-11.431201,0
62.04403,78.98653,0
35.439297,-80.649994,0
-33.662758,-104.06171,0
-128.12314,-8.99902,0
62.01966,79.11523,0
145.23915,31.201483,0
62.124275,74.38841,0
-19.07805,-71.834236,0
76.004684,31.830336,0
72.031944,-91.097946,0
-36.57673,-131.47366,0
-103.526215,-7.783445,0
76.09355,31.601192,0
114.8836,46.432503,0
60.09136,11.835323,0
-4.4943438,-55.817608,0
73.59513,70.82274,0
41.33799,-66.385056,0
-28.39317,-103.88462,0
-130.28288,-24.51393,0
73.84163,70.67195,0
146.89651,34.707527,0
69.082115,72.61709,0
-3.2121773,-78.49733,0
-49.126114,126.97557,0
4.9936204,-105.350365,0
-70.43085,-58.673527,0
110.037056,-27.482325,0
-47.56694,125.45973,0
176.99728,43.548183,0
-49.687336,129.34607,0
-50.216053,131.21103,0
78.564064,-49.813435,0
116.54211,-93.592575,0
74.13423,-55.260986,0
-87.02192,-36.76094,0
77.47135,-49.87929,0
118.158485,104.50613,0
76.8489,-50.214317,0
75.55976,-51.85339,0
-6.9570093,39.390217,0
21.94966,-116.70935,0
-109.405846,-134.87431,0
-149.80278,33.614574,0
-7.083393,39.50783,0
115.79331,33.03863,0
-7.2748785,39.59143,0
-31.610308,-14.46114,0
26.264482,125.76003,0
28.345411,-96.984985,0
-71.38572,-101.11947,0
-161.33301,-22.853275,0
25.950283,125.854706,0
152.12645,3.2273922,0
23.237774,129.43935,0
-41.388805,-68.59599,0
27.211075,37.675087,0
56.12081,-113.39242,0
-64.224495,-130.99423,0
-108.5712,27.024975,0
27.56055,37.33693,0
141.33368,55.013306,0
28.355568,36.239994,0
-18.320488,-43.935215,0
-55.28769,61.463253,0
12.805083,-151.6239,0
-99.73418,-74.832634,0
-179.89972,-3.2140753,0
-55.408413,62.03604,0
169.41739,-0.18256706,0
-56.93119,64.54771,0
-69.31771,-6.403711,0
-47.46978,35.18769,0
35.61182,-143.87082,0
-107.18886,-90.634224,0
-123.7463,22.653936,0
-47.62248,34.24246,0
115.480896,27.19343,0
-43.744072,39.582172,0
-47.724373,-16.260025,0
-114.88119,98.97823,0
-10.342995,-165.72273,0
-141.3497,-74.07814,0
-173.00096,31.921925,0
-115.33037,97.73637,0
189.6504,-1.2604247,0
-115.19905,96.19365,0
-118.124695,61.25661,0
70.28953,104.74431,0
26.999067,-75.11107,0
-40.762707,-92.42494,0
-143.99188,-15.866958,0
70.7082,105.36668,0
161.68896,30.13803,0
70.88532,106.1437,0
-18.547623,-82.50985,0
83.14812,-15.499015,0
11.508436,-129.43625,0
117.91948,-56.736687,0
89.525696,-29.273443,0
84.83322,-25.608086,0
180.52899,57.27656,0
85.085846,-26.572344,0
84.73648,-24.273037,0
-20.899168,6.8977613,0
48.74558,-133.12376,0
-100.12643,-110.37928,0
-129.77069,5.6917553,0
-20.626802,7.151797,0
129.49,64.94741,0
-19.283749,7.201826,0
-3.8148866,-26.296427,0
-4.4092207,103.08489,0
43.671185,-113.48972,0
-62.56861,-95.13913,0
-143.86273,-29.528744,0
-4.09342,102.9784,0
144.43156,6.1058125,0
-2.2259395,103.09587,0
-38.492157,-47.779655,0
-11.107311,-2.4058127,0
58.288227,-133.63469,0
-113.81858,-120.38648,0
-144.16669,13.366115,0
-10.69955,-2.2065911,0
127.34937,-6.4820595,0
-6.9425774,-2.1500483,0
-7.637184,-13.355983,0
-16.771128,71.782074,0
35.026096,-50.31454,0
-101.35499,-149.1017,0
-162.09506,14.525371,0
-17.536968,71.52059,0
150.85057,-4.8521905,0
-18.31997,70.957825,0
-43.831284,-35.199673,0
85.065414,-40.39068,0
112.38701,-84.43503,0
19.205666,158.1349,0
-84.563225,-30.57577,0
85.195015,-40.16398,0
115.627594,98.95244,0
85.25638,-39.860275,0
85.745125,-39.175804,0
0.8314645,115.60657,0
44.7265,-119.807594,0
-63.845085,-88.10864,0
-157.81479,3.2340686,0
1.1367466,116.16477,0
147.47743,4.2150197,0
2.4609952,116.2141,0
-42.930172,-42.66949,0
15.182671,87.51131,0
43.704914,-106.52844,0
-69.517235,-117.562004,0
-158.64757,-37.50076,0
15.774489,87.71696,0
144.47237,48.578106,0
18.133615,88.357025,0
-29.356483,-51.152172,0
1.3827459,120.16715,0
42.685543,-121.868515,0
-66.09892,-86.68606,0
-159.65399,2.0743682,0
0.9766929,120.27006,0
131.6636,-9.572785,0
-0.6193068,120.09461,0
-46.526054,-46.527752,0
69.52647,39.000576,0
58.231995,-94.86875,0
-48.973038,-120.98337,0
-113.08281,-12.603089,0
68.68539,38.98686,0
117.06371,55.598755,0
58.559086,38.145615,0
-7.3567123,-54.68147,0
-88.60431,78.34075,0
-2.0466578,-147.61378,0
-102.772095,-53.96516,0
-186.66078,20.039015,0
-88.580025,78.71694,0
175.29155,-1.7232035,0
-84.549324,81.30307,0
-76.22007,4.718278,0
-90.63304,82.15294,0
-4.6816587,-146.54378,0
-101.416374,-51.662308,0
-186.80495,23.089209,0
-89.73626,82.553955,0
174.70898,-4.821851,0
-85.896774,84.451614,0
-77.40102,7.1322503,0
-38.58748,157.02904,0
108.20079,-95.288635,0
131.37538,-38.12826,0
116.24095,-30.843424,0
-38.71701,156.18826,0
91.22738,128.57628,1
-37.929367,155.25801,0
-38.314796,155.68248,0
-32.074013,72.416435,0
24.202137,-131.04263,0
-86.95267,-71.58318,0
-167.68654,5.7235694,0
-31.8328,72.618256,0
152.03255,18.363895,0
-31.286278,73.45333,0
-43.45487,-11.634032,0
26.308395,-6.146061,0
76.924065,-117.9526,0
-94.83713,-120.9349,0
-96.51965,5.900423,0
25.54094,-5.8846793,0
125.344185,67.39908,0
23.615093,-6.5108714,0
4.96011,-31.451107,0
-37.561745,68.01552,0
25.609621,-154.84549,0
-94.79816,-82.386505,0
-171.95917,6.1587157,0
-38.16487,66.87869,0
148.41858,13.543723,0
-38.380077,66.07485,0
-61.09913,-17.695757,0
-29.233006,107.72771,0
9.007521,-116.751366,0
-67.91992,-72.54231,0
-157.71631,-8.349815,0
-29.496258,107.06934,0
179.50273,20.565228,0
-29.617031,105.657394,0
-32.181538,-2.1885223,0
-85.53003,93.70916,0
-4.8741145,-142.04782,0
-97.31695,-50.59179,0
-183.28838,20.004671,0
-85.77771,93.30824,0
176.32147,0.041862063,0
-86.149475,90.37762,0
-75.0281,10.940222,0
60.700005,-55.634262,0
98.03992,-83.50052,0
55.321655,-50.88573,0
-84.280014,-18.537748,0
60.06381,-55.34376,0
114.79805,88.78033,0
59.686558,-54.71456,0
57.990295,-53.575623,0
-116.578094,71.79463,0
-6.399965,-171.40497,0
-138.47813,-67.04545,0
-164.56601,38.314323,0
-116.373314,71.364334,0
197.08194,5.3181376,0
-116.15387,70.94617,0
-113.09566,60.794098,0
-6.628681,26.654835,0
74.40785,-143.59569,0
-76.60651,-141.78394,0
-111.77251,25.536407,0
-6.574768,26.143473,0
144.9722,68.64791,0
-4.909168,21.908875,0
-17.335781,-23.1952,0
59.691753,-14.725864,0
84.4638,-78.369705,0
-41.35595,-152.40694,0
-89.7068,-13.98953,0
58.752987,-13.643245,0
111.68673,79.95702,0
56.45984,-11.755086,0
23.372196,-53.10611,0
-17.337448,42.82908,0
58.85595,-150.027,0
-103.247246,-134.8268,0
-152.52188,25.989742,0
-17.895786,43.24117,0
107.90187,16.228333,0
-18.5197,44.739586,0
-38.13216,-23.559109,0
-50.70232,155.54271,0
99.758446,-96.74619,0
128.12251,-36.29872,0
114.41915,-32.864246,0
-50.035946,157.37769,0
94.96276,127.90211,1
-49.991493,159.17422,0
-50.457333,158.36755,0
81.741035,84.96863,0
38.30144,-72.07681,0
-33.642883,-101.04869,0
-138.28526,-15.464117,0
81.59991,85.1909,0
164.16162,26.787977,0
81.28311,85.533554,0
-13.368322,-78.34934,0
9.613082,149.86574,0
108.33725,-67.82181,0
141.13138,-57.78966,0
4.3456583,147.01361,0
6.9765787,147.5069,0
78.96107,134.0753,1
5.6572785,147.28027,0
8.043059,147.01889,0
-20.972692,96.192085,0
32.135456,-119.81153,0
-78.96212,-89.93753,0
-173.27916,-12.579176,0
-21.154446,96.25895,0
149.3499,-8.241193,0
-22.09841,97.88577,0
-61.34255,-45.057156,0
-25.517874,25.15752,0
56.212326,-145.14261,0
-97.991,-129.83623,0
-135.32812,22.35589,0
-25.51881,25.102318,0
114.84921,22.930735,0
-6.6984267,43.62912,0
-34.586193,-25.719027,0
62.09154,-32.559097,0
107.37511,-99.39298,0
60.00401,-37.787964,0
-90.130295,-29.13413,0
61.818615,-32.713768,0
122.91239,94.230484,0
61.240788,-32.855705,0
60.585064,-34.26243,0
35.335285,53.33977,0
29.546085,-85.71986,0
-52.279266,-99.294266,0
-142.83719,-31.19335,0
35.344048,53.385464,0
134.9962,41.567787,0
37.269634,55.52316,0
-25.050667,-72.495476,0
-35.85779,50.73529,0
36.900356,-157.37675,0
-101.95247,-85.7271,0
-184.4148,-16.54228,0
-36.141163,51.0928,0
134.55312,0.5289328,0
-36.37004,51.803364,0
-62.09027,-25.524982,0
3.1240776,96.93676,0
30.497135,-104.149536,0
-74.16518,-107.86645,0
-167.7578,-25.181276,0
3.4084268,96.74104,0
143.40215,-7.415119,0
3.9321804,96.48977,0
-43.572956,-61.26504,0
16.41104,21.999283,0
68.923355,-132.78783,0
-63.889366,-144.85005,0
-116.80582,-0.24863838,0
16.058458,22.31472,0
124.19894,62.18243,0
12.280779,22.62923,0
-10.608521,-35.54618,0
13.66024,95.17026,0
39.35595,-104.63337,0
-69.284134,-112.42243,0
-163.43462,-34.642857,0
13.433896,95.294815,0
138.60501,-10.043451,0
10.925537,97.45362,0
-36.602573,-55.75375,0
-20.394972,103.456505,0
31.311256,-118.813034,0
-77.638535,-89.51834,0
-170.03569,-12.520749,0
-20.37235,103.19954,0
150.26402,-4.509984,0
-20.812113,99.29761,0
-59.927673,-45.046844,0
-127.04294,91.26507,0
-17.582933,-178.05638,0
-148.93814,-66.57934,0
-170.82869,41.813522,0
-124.97981,88.298195,0
191.08325,-6.8199224,0
-126.954445,85.54855,0
-122.62908,48.7778,0
83.58223,69.880226,0
46.960358,-70.863045,0
-32.809456,-111.07591,0
-127.30745,0.6703628,0
83.58317,69.8391,0
116.478096,35.568035,0
68.61934,62.638485,0
-2.5097108,-72.03594,0
-34.381668,72.43564,0
25.724478,-152.23254,0
-96.50722,-85.150406,0
-171.49693,1.4611119,0
-34.069454,72.19693,0
154.98528,14.270288,0
-33.82483,71.07887,0
-59.067398,-14.998708,0
-130.65736,77.53834,0
-17.169529,-172.53944,0
-151.07323,-70.188,0
-165.00945,42.15598,0
-129.81828,78.58269,0
194.40787,-7.5752764,0
-129.24332,79.75314,0
-123.94521,54.139038,0
-15.867152,43.78506,0
59.721794,-148.63701,0
-101.886,-134.71327,0
-153.12497,24.417486,0
-16.034653,44.088,0
112.82479,21.02056,0
-17.499151,46.307674,0
-36.24237,-23.78548,0
-49.454353,58.24558,0
14.807201,-151.26788,0
-98.353096,-79.397545,0
-185.4832,0.71764004,0
-49.773617,58.31813,0
166.65727,8.138759,0
-51.72287,57.886925,0
-62.689716,-7.2220235,0
81.59032,-54.10903,0
116.81595,-94.73364,0
75.096054,-57.070004,0
-86.03189,-36.23808,0
81.57272,-55.069103,0
117.21973,103.74701,0
82.06839,-56.110954,0
78.73864,-57.13912,0
-42.53883,80.43182,0
20.069403,-148.98131,0
-91.227234,-72.77036,0
-176.00708,1.794939,0
-42.463947,80.359024,0
169.01433,14.143685,0
-47.156372,82.01812,0
-60.809196,-11.0949545,0
44.693638,65.28202,0
46.21025,-81.51843,0
-44.85895,-107.98143,0
-132.27899,-9.387452,0
44.155067,64.57694,0
153.34438,38.90942,0
43.74578,63.0588,0
-11.422049,-68.30988,0
-70.2633,41.07281,0
25.94022,-140.09749,0
-112.89671,-80.83952,0
-188.86124,-6.4320893,0
-70.21901,40.89934,0
134.50983,10.157144,0
-60.426723,43.06052,0
-54.54823,-4.9428296,0
-37.050213,43.935482,0
28.705528,-151.61032,0
-96.931625,-86.83316,0
-128.65863,3.7237492,0
-37.005642,43.95209,0
134.5172,29.533241,0
-31.927742,65.278076,0
-56.36845,-16.408682,0
-34.863243,157.25455,0
98.88223,-93.99057,0
132.28526,-38.548748,0
116.8253,-29.964796,0
-35.28108,155.74211,0
92.27386,129.58514,1
-35.030643,153.8625,0
-35.33392,154.8585,0
-85.494194,43.518234,0
12.154319,-167.62404,0
-117.11638,-69.85678,0
-197.93309,7.5702376,0
-85.89446,43.136524,0
171.94696,7.291932,0
-85.8931,40.76573,0
-54.40481,5.629398,0
26.757746,-21.097527,0
84.83987,-119.31215,0
-92.203514,-109.76358,0
-129.21442,13.265643,0
26.291063,-20.328243,0
131.5532,72.4872,0
22.31165,-17.345097,0
9.598034,-27.043339,0
7.228035,-2.1766293,0
70.535805,-115.15069,0
-106.12048,-115.01251,0
-117.11629,7.371097,0
5.8789444,-0.68202484,0
131.23224,59.290676,0
5.136897,0.35659143,0
-0.10546773,-17.624771,0
21.906532,98.52158,0
45.76055,-101.140785,0
-63.035828,-112.77355,0
-153.16002,-35.59336,0
24.718042,95.633995,0
134.20024,32.179565,0
25.417095,95.30455,0
-30.508507,-57.234535,0
75.299484,76.59656,0
43.464626,-71.70663,0
-33.038826,-106.312584,0
-129.9765,-21.879637,0
74.44621,76.40112,0
154.156,39.31608,0
68.29581,82.23146,0
-5.581391,-74.43171,0
40.1378,42.38803,0
51.15065,-104.45641,0
-65.478004,-124.09398,0
-151.46931,-41.024784,0
39.957832,42.711845,0
133.95363,47.226948,0
39.724842,43.312653,0
-22.4047,-50.494076,0
25.35314,37.993332,0
57.289772,-113.34763,0
-63.47769,-131.74466,0
-114.56173,5.2416306,0
25.8702,38.015522,0
139.36986,58.137726,0
27.59821,35.20149,0
-16.697018,-43.432426,0
-33.69498,66.368095,0
27.28784,-152.44981,0
-96.28101,-85.8935,0
-171.12943,8.553715,0
-33.21802,66.01012,0
130.76222,21.552572,0
-33.0841,64.96944,0
-58.345085,-15.733397,0
12.953065,95.67149,0
38.956177,-105.02859,0
-69.78039,-112.32171,0
-161.96358,-34.350864,0
13.07134,96.698456,0
140.2209,-13.140844,0
11.382374,97.425255,0
-37.239964,-55.32445,0
94.62744,-15.343655,0
-3.283117,-119.176704,0
93.83152,-13.124161,0
125.377335,-59.642143,0
88.71134,-9.240467,0
172.99376,62.07205,0
95.15656,-16.362707,0
94.43482,-16.13203,0
75.20425,53.816017,0
53.34439,-69.66599,0
-31.47513,-117.400955,0
-122.163574,-18.562016,0
75.45251,54.35093,0
106.711205,51.156715,0
71.745895,58.415756,0
0.42737988,-65.30469,0
-92.09866,41.74969,0
9.744084,-169.70793,0
-119.564575,-67.150215,0
-199.47353,11.440058,0
-90.9595,40.99881,0
173.95874,5.3697805,0
-89.47392,40.89612,0
-54.7077,9.122489,0
73.32428,41.83887,0
50.125217,-93.03384,0
-53.457542,-112.83673,0
-113.12709,-9.955024,0
73.73974,42.25319,0
116.56753,38.64277,0
66.096344,62.24821,0
-8.52278,-57.29518,0
72.9156,110.396324,0
27.24667,-73.19188,0
-37.560696,-91.78562,0
-146.68907,-14.703071,0
72.89019,109.67909,0
161.54672,28.043076,0
72.71327,108.82314,0
-16.451757,-83.89886,0
-12.412497,157.37576,0
104.70242,-82.99292,0
132.32819,-35.16507,0
121.74466,-54.65852,0
-12.279478,154.36642,0
86.99189,131.41739,1
-15.898658,156.05692,0
-14.516478,156.08041,0
71.598114,68.397995,0
43.42218,-65.94217,0
-28.406784,-105.76832,0
-135.51682,-28.833975,0
71.656685,68.66836,0
112.4285,38.538586,0
68.21035,71.742455,0
-2.1221051,-77.2814,0
-131.6837,70.67531,0
-18.69023,-167.33443,0
-149.24702,-77.13502,0
-163.18752,40.797806,0
-131.76407,70.374245,0
200.78864,-1.1708552,0
-132.75748,70.62455,0
-127.82869,59.51828,0
26.5681,109.72828,0
43.921387,-96.42324,0
-59.470882,-108.614006,0
-148.5114,-30.035456,0
26.523783,109.19492,0
146.73747,31.955746,0
26.356789,108.58208,0
-34.808903,-62.588886,0
78.806206,84.44355,0
40.327,-73.92298,0
-35.844368,-103.11289,0
-125.42576,-16.169441,0
79.26385,84.48374,0
117.09389,42.385925,0
79.885635,84.41612,0
-8.79354,-75.55511,0
31.92427,10.32728,0
79.17842,-86.82697,0
-53.953236,-152.51678,0
-103.67701,1.1467631,0
31.993896,10.4603405,0
109.833084,65.01075,0
29.286863,13.952444,0
17.953962,-46.063507,0
-3.2991366,134.97974,0
40.008537,-127.52396,0
-67.507256,-80.268486,0
-159.12956,-2.7183578,0
-2.602567,135.35423,0
185.08679,24.482924,0
-0.91120756,131.48912,0
-50.007565,-39.481697,0
-87.675644,79.12217,0
-2.7725065,-146.13458,0
-101.60487,-54.17537,0
-186.77151,21.49338,0
-87.42008,80.60903,0
175.39946,-4.786767,0
-83.854385,82.246155,0
-75.33805,5.667206,0
52.17847,66.28026,0
50.69115,-77.83776,0
-39.634464,-111.98131,0
-132.1414,-12.069189,0
51.744114,66.30076,0
118.05285,42.98417,0
48.431152,69.13396,0
-6.3919454,-66.30429,0
45.410145,106.95317,0
24.30961,-83.00093,0
-49.565228,-92.94878,0
-141.20824,-5.137488,0
46.16365,106.98473,0
148.53036,24.834557,0
49.880817,107.436646,0
-25.879019,-78.14943,0
-74.6213,134.95958,0
95.5493,-96.94042,0
112.94904,-40.79838,0
-107.77097,-33.91839,0
-75.79006,135.6217,0
99.27154,120.429016,1
-76.47925,135.74944,0
-77.38977,136.38452,0
-125.65909,90.682175,0
-16.736383,-178.22368,0
-149.89308,-66.16948,0
-170.81444,41.399204,0
-126.049736,89.043396,0
190.91472,-11.246209,0
-127.008575,86.83468,0
-121.86586,48.54889,0
59.73587,-14.139996,0
84.43465,-78.69732,0
-41.66117,-152.65752,0
-90.813065,-13.70129,0
58.598125,-13.301535,0
111.67819,81.14693,0
55.865143,-11.137044,0
22.881197,-52.997078,0
91.279915,-44.53001,0
101.332115,-65.99055,0
98.02788,-48.77038,0
-83.1115,-32.29806,0
91.55693,-44.632557,0
114.3645,100.17663,0
91.99609,-44.81455,0
93.75011,-45.884083,0
28.288273,40.32109,0
54.196434,-113.62263,0
-64.346245,-129.63867,0
-118.180565,3.9221098,0
28.58125,39.861336,0
152.08318,51.380768,0
29.906485,37.54853,0
-18.740278,-45.507614,0
19.545967,44.454437,0
57.25707,-108.49818,0
-75.89891,-122.050896,0
-111.99645,10.597131,0
18.968607,44.67817,0
135.31746,55.884674,0
18.016266,45.87296,0
-29.805754,-45.441227,0
47.722347,105.9917,0
24.129608,-79.71177,0
-46.186275,-91.63094,0
-150.05777,-15.767232,0
48.220352,105.940285,0
155.99792,27.345957,0
52.207363,105.43046,0
-23.685133,-81.03237,0
-51.859108,93.94854,0
19.687527,-126.62484,0
-84.90541,-66.83944,0
-173.92198,16.269133,0
-51.32365,93.34865,0
169.19653,20.495905,0
-49.522995,92.49432,0
-39.79023,-9.392864,0
68.053505,75.56012,0
38.27888,-67.18763,0
-29.589539,-101.56769,0
-137.5524,-23.957172,0
68.21896,76.10827,0
117.75089,44.499084,0
68.13972,86.99221,0
-5.1481266,-80.01249,0
53.886074,25.824856,0
63.966106,-102.95552,0
-47.025185,-132.38702,0
-105.37494,-2.8645868,0
53.78841,25.92498,0
119.91279,68.13237,0
49.45468,25.825283,0
-2.3393013,-43.15422,0
87.0038,-40.90443,0
110.859024,-84.245766,0
19.080202,159.45857,0
-83.60011,-30.85172,0
87.125206,-40.846733,0
114.65823,99.39779,0
87.22004,-40.759247,0
87.336845,-40.391705,0
35.09235,-4.6271234,0
76.38103,-114.69426,0
-34.963867,-145.8443,0
-95.556755,0.11450575,0
35.260494,-4.6198664,0
123.989204,68.03156,0
36.596607,-3.7104132,0
4.5132184,-34.73225,0
-31.561438,96.14937,0
30.045998,-129.24243,0
-81.66841,-79.249115,0
-164.37761,-11.938389,0
-32.06074,97.72955,0
158.38947,3.130247,0
-37.692017,96.62828,0
-54.409092,-32.981506,0
37.14898,28.394545,0
61.081642,-109.90946,0
-58.854782,-129.65395,0
-138.20021,-39.54098,0
36.275436,28.221956,0
136.74858,59.97386,0
34.891163,28.283354,0
-14.986446,-46.61571,0
-4.352417,59.04545,0
42.054745,-55.626717,0
-95.76349,-141.46176,0
-151.99577,18.33411,0
-4.1664977,58.86856,0
124.7793,38.054085,0
-9.244735,52.808735,0
-34.889225,-31.49311,0
-0.9349407,79.56004,0
25.263546,-110.54794,0
-78.02553,-117.11509,0
-173.44284,-25.820644,0
-0.36242902,80.8163,0
157.95735,24.805126,0
-0.22043988,81.697395,0
-50.93383,-54.273537,0
-32.35061,50.152306,0
32.06613,-155.90977,0
-92.780945,-91.15745,0
-182.53319,-17.170536,0
-31.878115,50.22753,0
154.55887,9.4555,0
-30.56573,50.21613,0
-58.938286,-22.7439,0
-75.83128,26.611814,0
19.700672,-174.47801,0
-123.48259,-76.50205,0
-206.49985,4.755641,0
-75.40621,26.492867,0
112.40355,15.752507,0
-74.5002,25.95213,0
-44.950634,2.1890688,0
-67.721794,143.63077,0
97.9528,-91.70587,0
115.92241,-39.80235,0
104.84876,-37.500397,0
-69.59993,144.15231,0
97.551445,120.913216,1
-72.50665,145.4561,0
-71.99637,144.70326,0
30.84547,112.45655,0
43.357937,-94.95278,0
-59.60855,-106.53183,0
-150.04254,-28.384323,0
30.411812,112.55041,0
148.86948,18.423908,0
28.450867,110.90853,0
-34.101963,-64.18065,0
4.3775635,25.680899,0
73.535324,-138.70663,0
-73.603676,-146.31,0
-110.16927,19.647053,0
4.140298,25.256979,0
140.74786,65.46604,0
3.6049328,23.850636,0
-15.467357,-28.154911,0
14.808504,95.54431,0
39.861862,-104.026924,0
-68.5302,-112.47092,0
-162.57747,-35.086094,0
15.218235,95.88939,0
138.47649,-16.038084,0
14.324548,98.35389,0
-35.63168,-54.540077,0
49.705395,17.350822,0
68.19673,-103.86402,0
-46.270626,-135.01112,0
-109.09392,7.153913,0
49.57715,16.71344,0
117.64041,69.58787,0
45.61408,18.79271,0
-0.14229998,-42.38026,0
-51.056633,155.29265,0
99.74348,-96.70747,0
127.372246,-36.603237,0
113.956696,-33.268612,0
-50.937057,156.99275,0
95.412056,127.4027,1
-50.8989,159.39877,0
-51.017086,158.30759,0
-9.97185,-6.3927255,0
59.3049,-134.2725,0
-114.748055,-119.25483,0
-145.4297,11.910637,0
-9.695632,-6.2902513,0
129.13756,-6.4163055,0
-6.9354467,-3.1723597,0
-8.563369,-12.472319,0
42.436935,-40.205967,0
103.958565,-107.15843,0
-20.171473,-124.85219,0
-122.35753,-31.691635,0
42.59785,-40.416782,0
159.57108,53.603413,0
44.33926,-39.34647,0
46.296555,-39.84796,0
63.2975,107.65003,0
25.395906,-74.99908,0
-40.800022,-89.64744,0
-148.06213,-15.483249,0
63.112694,108.33083,0
158.81267,30.528128,0
62.999023,109.26435,0
-19.274553,-84.56409,0
18.671741,106.930214,0
39.304863,-100.9636,0
-64.85099,-108.00247,0
-162.7493,-35.95881,0
18.412954,107.87617,0
139.93187,11.591763,0
18.23396,108.63864,0
-36.443207,-60.149612,0
25.163597,-24.005867,0
83.5539,-122.50061,0
-91.1813,-107.6017,0
-129.92802,12.349352,0
24.93159,-23.9575,0
131.44937,29.38761,0
21.755676,-17.13236,0
5.8480268,-23.146551,0
34.840424,62.9595,0
27.13109,-83.52404,0
-50.435307,-102.93679,0
-139.49991,-7.406728,0
34.493332,63.100533,0
144.9553,24.016771,0
33.12504,65.337166,0
-24.978346,-75.56092,0
75.75068,71.52944,0
40.859604,-67.11413,0
-27.581049,-103.831985,0
-138.98096,-24.19585,0
75.788956,70.90165,0
150.85442,32.240063,0
76.185036,69.37049,0
-2.8150563,-79.2507,0
-61.2265,67.76696,0
12.861566,-149.26567,0
-97.975105,-71.16823,0
-184.00887,13.103895,0
-60.71608,68.02524,0
168.6119,2.1098993,0
-58.949745,68.20602,0
-67.59825,-5.399348,0
16.800903,87.040825,0
44.41413,-106.12017,0
-68.62107,-118.10794,0
-157.52002,-34.877888,0
16.901426,87.263885,0
145.81277,47.10151,0
19.893536,88.60518,0
-28.375504,-52.25179,0
63.07027,44.976307,0
59.6489,-90.92575,0
-45.73621,-121.16816,0
-114.47358,-6.340832,0
62.593037,44.5593,0
115.03187,49.134624,0
61.045242,43.13285,0
-11.771674,-53.07478,0
76.40419,23.695223,0
63.17106,-81.72198,0
-36.52559,-123.63704,0
-106.19888,-2.734579,0
76.17096,23.536726,0
111.41014,52.753166,0
62.661896,15.624659,0
3.3203006,-59.181343,0
40.137276,19.022842,0
67.666145,-107.40404,0
-48.03055,-136.13542,0
-107.66777,8.576887,0
39.972313,18.556019,0
122.81955,76.497086,0
40.169346,17.861525,0
-2.8390381,-39.53304,0
9.24731,38.149662,0
53.690266,-121.50616,0
-68.80343,-132.7,0
-176.382,-19.2952,0
9.57075,38.169586,0
139.08728,-9.399379,0
10.378926,38.096237,0
-57.538795,-28.955458,0
71.58788,-37.69801,0
111.96383,-95.32914,0
65.54758,-42.536865,0
-87.08296,-32.636127,0
71.544624,-37.685474,0
118.04821,101.221924,0
71.59583,-37.84606,0
71.09457,-38.75537,0
14.99186,62.052868,0
52.35312,-85.84047,0
-84.13073,-128.38478,0
-139.8904,20.666655,0
14.406486,62.47177,0
166.33203,48.32852,0
13.965659,62.476936,0
-30.259966,-38.138927,0
23.942192,-3.0535212,0
75.21094,-118.888176,0
-95.19664,-119.125885,0
-96.18836,4.825697,0
23.300423,-3.458822,0
125.90185,66.053116,0
21.933224,-4.261338,0
2.9359217,-31.013327,0
67.046036,21.401228,0
62.892532,-87.200516,0
-39.99198,-130.21162,0
-86.264565,-5.998958,0
66.88503,20.95629,0
112.82919,60.31033,0
66.41534,20.352875,0
4.956407,-52.996254,0
-18.65249,34.54581,0
54.562954,-148.21475,0
-100.028534,-130.90987,0
-145.2319,29.831163,0
-18.986958,34.552715,0
111.23729,18.7447,0
-21.823309,35.283455,0
-43.979156,1.5905699,0
70.95494,103.973946,0
27.596817,-76.36039,0
-41.184948,-93.12712,0
-147.60313,-18.992832,0
71.20636,104.24563,0
157.44305,23.57709,0
71.7358,104.520164,0
-19.369358,-81.49977,0
-6.894893,101.8867,0
51.46038,-117.92415,0
-61.496716,-96.52361,0
-140.08893,-3.8816545,0
-7.03851,102.10608,0
133.37671,41.630604,0
-6.739083,102.6052,0
-53.591244,-49.760456,0
-78.83871,29.362658,0
16.38532,-173.87839,0
-123.081085,-74.86389,0
-204.68973,3.5495644,0
-79.36178,30.037184,0
120.60702,9.518848,0
-83.91895,30.985382,0
-47.361393,4.5988026,0
-5.160915,62.266308,0
38.946995,-53.916862,0
-98.16709,-144.00844,0
-156.01036,15.638764,0
-5.321545,62.20216,0
144.68593,14.624984,0
-11.968756,55.453697,0
-38.7606,-33.36913,0
92.49499,6.040025,0
0.64083505,-116.9024,0
125.284676,-27.549095,0
96.75031,4.814273,0
94.60315,5.565169,0
185.02936,52.455624,0
95.29961,5.3551807,0
94.36153,5.472479,0
46.117188,-3.4697313,0
78.53997,-102.41671,0
-36.25328,-140.83344,0
-90.46742,-6.0327525,0
46.019264,-2.7892604,0
114.85638,72.29252,0
45.105892,-0.42891622,0
9.583701,-41.21934,0
-58.211693,114.978065,0
8.8441725,-114.146065,0
-75.74869,-58.959652,0
114.96062,-25.764551,0
-54.797596,115.9437,0
182.43764,44.891922,0
-60.61676,115.17506,0
-61.64958,114.88532,0
-8.704657,105.2765,0
40.84095,-113.45512,0
-71.685715,-94.24937,0
-166.81865,-6.6545153,0
-9.101299,105.00074,0
147.44328,27.798437,0
-9.798532,104.90146,0
-41.012444,-48.6857,0
-32.931717,108.78116,0
5.4257903,-119.566154,0
-70.44313,-72.22489,0
-166.8069,-12.505654,0
-33.752174,108.57545,0
154.24722,-3.101452,0
-34.78138,108.58242,0
-32.412704,0.37112862,0
28.240568,151.69084,0
109.44891,-71.72805,0
134.75854,-69.63131,0
42.508907,155.38786,0
43.68419,151.10895,0
68.17774,138.79123,1
43.296047,154.49245,0
44.085934,150.41168,0
4.582184,179.54158,0
107.60092,-80.69666,0
135.6642,-66.26315,0
122.14532,-24.49179,0
6.1663017,178.69136,0
72.46908,137.71538,1
6.9400907,180.23755,0
6.9267955,178.83069,0
36.099697,122.54511,0
32.397953,-93.36148,0
-65.82746,-101.34201,0
-156.11542,-22.556486,0
36.344345,121.456535,0
145.8672,41.115387,0
36.33544,119.36255,0
-36.865036,-68.769646,0
67.700424,27.96311,0
63.7917,-90.13853,0
-42.52691,-125.38908,0
-102.97665,-14.501287,0
67.324,28.13386,0
113.057556,58.052216,0
59.829987,31.862906,0
-0.23971911,-53.846684,0
-25.803587,10.847974,0
46.711338,-135.91174,0
-104.850204,-107.42165,0
-133.8138,4.5920353,0
-25.25785,11.578317,0
125.306595,31.084848,0
-24.212578,13.299749,0
-6.158657,-23.822996,0
-6.92652,27.585617,0
73.43477,-143.92714,0
-77.46898,-142.693,0
-112.86711,24.361717,0
-6.772033,27.527573,0
147.45914,66.91429,0
-4.4684105,23.20338,0
-18.142958,-23.835245,0
3.8344808,25.933186,0
72.90816,-138.7856,0
-74.34435,-146.2762,0
-111.69136,20.373003,0
3.6821911,25.266083,0
141.52237,63.646343,0
2.854348,23.930933,0
-15.854768,-28.175318,0
74.34504,15.860223,0
67.05821,-83.819336,0
-33.50518,-128.26071,0
-97.01523,-19.48763,0
73.12482,15.938988,0
109.503555,75.24432,0
69.10398,16.1352,0
7.429148,-55.699215,0
10.775492,149.51193,0
107.93705,-67.85298,0
140.21478,-58.54849,0
6.1487336,145.12204,0
8.4579525,145.6241,0
77.83502,134.92184,1
7.1632013,144.94792,0
9.119531,145.7026,0
-47.95138,55.35961,0
26.518253,-148.87666,0
-98.04376,-83.25358,0
-172.30338,0.7076099,0
-47.9943,55.441822,0
136.34633,17.834929,0
-46.934322,56.005634,0
-57.15991,-14.216486,0
7.3674808,91.16314,0
40.6738,-107.1671,0
-72.20473,-115.35843,0
-164.54752,-40.600647,0
7.660889,91.1443,0
148.68893,47.187565,0
8.020858,91.14795,0
-37.66571,-52.26455,0
22.598328,104.06184,0
44.57218,-98.372986,0
-61.46353,-109.46248,0
-151.04326,-34.976704,0
22.783295,104.233696,0
142.48622,31.730566,0
24.913263,105.87482,0
-32.898674,-60.295975,0
-17.208042,93.79955,0
34.795006,-118.883766,0
-79.936676,-92.025116,0
-175.36314,-15.291206,0
-17.550621,93.232056,0
146.107,-10.289147,0
-17.975819,92.462616,0
-61.797062,-47.800552,0
67.879196,-33.25011,0
109.65318,-96.51886,0
63.66878,-40.68194,0
-87.7752,-30.658401,0
68.047615,-33.75649,0
117.947586,99.23067,0
68.1305,-33.856636,0
67.618454,-33.788868,0
30.808546,29.315369,0
59.818047,-112.30994,0
-60.68834,-131.34503,0
-105.48961,10.348394,0
30.951979,29.607164,0
136.96127,55.784565,0
30.753206,30.448515,0
-15.704867,-45.061302,0
49.91624,75.482956,0
38.239086,-76.11212,0
-38.66493,-102.64938,0
-133.4548,-13.449126,0
49.801792,75.17925,0
158.40967,39.906322,0
49.616535,74.82286,0
-11.557526,-72.36983,0
-7.981962,26.13815,0
74.08821,-144.5375,0
-77.28022,-141.34616,0
-111.60552,25.916058,0
-7.0948725,25.073877,0
144.69577,66.6976,0
-6.411387,22.973148,0
-17.660646,-22.461325,0
-32.39973,158.67856,0
103.16492,-86.675026,0
134.56226,-39.198097,0
117.872475,-28.81055,0
-32.530727,156.15277,0
92.305885,130.85362,1
-32.44639,152.98343,0
-31.857372,154.20753,0
-89.14883,92.612755,0
-5.7436733,-142.83847,0
-98.496414,-49.81615,0
-184.53905,22.727356,0
-88.493095,91.79679,0
176.79782,-7.2501473,0
-87.35512,90.12007,0
-76.34989,10.634388,0
70.02819,-36.32317,0
110.70787,-95.848045,0
64.46485,-41.673122,0
-86.39588,-31.46796,0
70.00487,-36.3523,0
117.90951,99.437515,0
69.936935,-36.762726,0
69.30098,-38.053944,0
-2.8672817,68.953735,0
33.516434,-58.965225,0
-86.5329,-124.38507,0
-160.1039,22.6734,0
-2.744735,68.84279,0
148.95575,10.205899,0
-2.5407174,68.589386,0
-37.22251,-39.477905,0
79.49895,92.30034,0
31.073082,-69.34443,0
-33.283928,-94.43288,0
-141.55185,-19.29766,0
79.14096,92.329735,0
162.64034,34.085793,0
76.10386,98.57062,0
-11.712902,-84.19309,0
-29.207232,131.4157,0
2.1483765,-107.33675,0
-63.622494,-62.017525,0
-148.53575,-6.949187,0
-28.860071,131.3276,0
160.39246,19.211939,0
-23.291752,122.5537,0
-21.44022,-0.86468554,0
-9.780963,111.32264,0
38.578712,-116.41611,0
-70.88292,-92.204414,0
-169.53992,-33.70507,0
-10.063722,111.254684,0
141.49576,-1.6009159,0
-10.901887,111.05688,0
-56.902874,-27.032087,0
90.329315,-45.9421,0
99.90927,-66.77167,0
98.4989,-49.79535,0
-83.47966,-32.602192,0
91.27564,-46.077602,0
113.991745,100.86825,0
92.31299,-46.238895,0
94.57961,-47.47451,0
-8.678136,-5.2446213,0
60.171333,-132.56241,0
-113.39693,-117.82052,0
-143.54703,11.861091,0
-7.391613,-5.119825,0
129.51003,-10.890096,0
-5.4845285,-4.387198,0
-5.717168,-12.949936,0
66.33013,-10.370077,0
78.534706,-78.38152,0
-45.603226,-149.80331,0
-94.24073,-15.150492,0
66.314026,-9.114739,0
108.261856,64.202156,0
60.162857,-1.3212876,0
16.87119,-55.175797,0
89.5229,-46.4695,0
99.97363,-67.06911,0
98.757866,-50.13045,0
-83.12091,-32.931835,0
90.748886,-46.90866,0
113.95327,100.80924,0
91.94169,-47.010868,0
95.17622,-48.018585,0
-56.3256,153.10107,0
99.90784,-94.094986,0
125.7454,-39.393585,0
110.75654,-34.018192,0
-57.34702,155.65648,0
96.91547,125.56904,1
-58.32362,159.80254,0
-57.739967,157.61378,0
33.36499,-7.404976,0
85.519905,-111.843994,0
-33.43405,-149.52846,0
-87.22012,2.7879238,0
33.231564,-7.468359,0
131.03632,76.023895,0
32.710518,-7.921535,0
10.714077,-34.305946,0
63.86029,83.23463,0
35.406654,-74.73716,0
-36.91591,-99.97372,0
-135.57458,-19.244158,0
64.42288,83.57991,0
158.62704,29.474571,0
66.517296,85.16378,0
-11.667477,-77.6679,0
-47.568222,68.400925,0
17.423206,-155.01495,0
-91.59734,-78.84024,0
-178.7423,0.6412858,0
-48.345917,68.18277,0
159.89925,6.2458754,0
-51.90385,67.80102,0
-68.43964,-13.130434,0
-3.2434952,55.26112,0
43.65965,-58.450844,0
-93.00608,-142.79984,0
-149.86264,19.426786,0
-3.465092,55.241043,0
110.34194,36.49595,0
-6.9189744,52.228283,0
-34.44896,-30.399035,0
0.49724415,-5.1783376,0
60.012547,-129.57118,0
-111.10668,-116.578384,0
-144.46854,10.49428,0
0.0084450655,-4.736859,0
123.490234,-11.796211,0
-1.3165643,-2.5550842,0
-3.6138985,-14.45889,0
37.703938,-6.8881145,0
77.60217,-114.00601,0
-34.916527,-146.48824,0
-93.96961,2.0532906,0
37.97042,-6.2320333,0
117.4352,73.25693,0
38.07741,-4.882623,0
6.165133,-35.231026,0
16.493263,35.737026,0
58.47659,-119.3671,0
-67.26717,-136.92526,0
-120.90971,5.1554193,0
15.728035,35.822716,0
142.39795,60.51904,0
13.907392,36.43897,0
-18.530674,-36.384007,0
69.758156,110.5396,0
23.888111,-76.242905,0
-42.824516,-89.91479,0
-144.2007,-13.281604,0
69.1637,110.06661,0
165.4986,28.286842,0
68.15303,108.964745,0
-20.818684,-83.0623,0
-1.7564464,152.93388,0
117.33012,-80.37857,0
137.17273,-36.500885,0
-2.74844,150.09851,0
-2.601815,151.71375,0
82.735306,132.77278,1
-2.6439688,151.06165,0
-3.3286843,152.09744,0
-55.809048,18.566214,0
46.240387,-159.13507,0
-120.197235,-96.39014,0
-185.71533,-6.8699737,0
-56.67063,19.809294,0
157.5221,0.44215068,0
-55.842525,21.659784,0
-71.35925,-30.54921,0
-41.24868,86.901886,0
15.234209,-130.27403,0
-79.70711,-74.55222,0
-155.84332,5.2284184,0
-41.456696,86.839165,0
174.34595,18.961397,0
-42.371944,87.45956,0
-34.67109,-7.52885,0
20.219437,103.17176,0
37.8946,-103.59634,0
-66.5527,-109.99582,0
-152.9794,-36.943703,0
20.403027,103.53134,0
141.23607,-13.771857,0
8.501139,98.2278,0
-36.0787,-58.00554,0
-5.4418583,115.02222,0
40.600487,-119.243675,0
-68.72139,-88.99537,0
-170.02011,-4.532634,0
-5.5405226,115.375595,0
155.37279,0.025365528,0
-5.8695483,116.95793,0
-45.00693,-46.32141,0
-6.894349,83.01785,0
27.487198,-107.23297,0
-79.11381,-113.72525,0
-166.2475,-27.203382,0
-6.5899405,83.60269,0
147.9584,-14.668951,0
-2.4326742,86.6393,0
-48.136982,-57.042767,0
-54.04956,40.258068,0
28.133087,-142.13889,0
-108.27972,-84.60999,0
-194.80756,-4.8565006,0
-54.327583,40.58889,0
126.15036,12.449808,0
-57.869984,43.56701,0
-52.67069,-9.07365,0
27.717253,66.30515,0
49.91266,-82.36446,0
-47.36388,-110.57338,0
-131.41734,1.2908789,0
27.740685,66.53325,0
130.0269,34.92321,0
27.902363,66.9969,0
-10.011218,-62.288563,0
23.733362,16.728447,0
37.86646,-97.50561,0
-65.525696,-119.921036,0
-156.45827,-31.469803,0
23.947329,16.653719,0
147.47585,44.112144,0
24.724955,87.74224,0
-26.183607,-55.72571,0
36.81678,122.59048,0
32.630264,-92.82928,0
-65.35814,-101.030716,0
-145.23843,-25.628414,0
36.848225,121.27428,0
150.32292,28.160696,0
37.35767,119.377106,0
-35.977703,-69.85006,0
26.498837,40.466534,0
54.69277,-112.9598,0
-63.669216,-129.42717,0
-116.48195,5.4183598,0
26.499985,40.53537,0
140.37204,54.642036,0
30.223604,37.20927,0
-18.04523,-45.90284,0
-26.329624,32.802452,0
53.39307,-151.62883,0
-106.19654,-130.23369,0
-150.89514,27.849434,0
-26.252361,33.291065,0
112.79138,16.986996,0
-25.908329,34.78312,0
-36.851063,-18.076426,0
-17.961966,39.347477,0
57.11267,-148.79948,0
-101.91128,-132.63109,0
-146.25706,28.096493,0
-18.195457,39.24352,0
109.49518,20.117573,0
-19.900301,43.147316,0
-35.79341,-22.329401,0
63.778996,-7.5600753,0
80.21745,-81.54526,0
-47.8805,-152.48701,0
-96.31791,-13.011553,0
63.877457,-5.999048,0
106.11196,70.80942,0
57.78162,-0.5615919,0
18.425016,-50.918427,0
-77.32192,67.660835,0
6.765808,-144.77727,0
-97.13119,-63.374737,0
-191.92506,16.521086,0
-77.40148,68.06581,0
190.31297,7.6971717,0
-77.49954,68.60841,0
-43.699356,-8.7036495,0
59.009724,108.527824,0
23.69904,-87.25533,0
-53.14678,-90.99998,0
-158.27037,-17.888008,0
58.864643,108.51451,0
154.71104,22.555351,0
58.100677,105.93781,0
-30.300058,-79.68555,0
44.541443,45.970295,0
58.69822,-83.312996,0
-46.476322,-141.04366,0
-107.06024,-18.105371,0
44.62332,46.028748,0
121.97218,45.96258,0
45.48907,46.32457,0
-2.3313847,-57.69662,0
-133.35606,79.9233,0
-18.604992,-172.86795,0
-150.5196,-71.01182,0
-168.06078,42.948875,0
-132.84464,80.46323,0
195.37027,-6.4197245,0
-132.17598,81.51911,0
-125.76105,53.733788,0
4.9370747,-2.6239665,0
60.366753,-127.74567,0
-108.5393,-115.60264,0
-141.04938,9.762127,0
3.76003,-1.8932743,0
130.29414,59.99028,0
1.9015527,-0.6865928,0
-1.9109955,-15.972235,0
-19.652124,35.712196,0
54.558006,-148.90485,0
-102.280975,-130.1735,0
-147.66891,31.7945,0
-19.877182,35.792725,0
108.0732,19.375599,0
-21.045862,36.03464,0
-34.792385,-20.344255,0
22.588943,35.473034,0
58.220413,-114.78995,0
-64.494225,-132.93687,0
-119.14728,7.1376147,0
22.710255,35.17797,0
144.64297,58.924294,0
25.524223,34.02611,0
-16.989902,-42.470104,0
52.919537,28.293888,0
62.72239,-100.89093,0
-48.528294,-130.10936,0
-107.27161,-4.6094737,0
52.37194,28.342976,0
141.01848,49.528492,0
47.68669,27.782541,0
-3.7917418,-45.45847,0
23.091846,-2.7048879,0
74.31089,-119.894,0
-96.1279,-118.318275,0
-122.19758,11.310244,0
22.608273,-2.8399105,0
127.60392,63.366592,0
20.337242,-3.0978134,0
2.0097673,-29.748306,0
-2.9984248,107.833176,0
44.09449,-115.51459,0
-65.55245,-93.58676,0
-160.74706,6.77803,0
-2.2876894,107.822174,0
149.39278,20.174517,0
0.44014138,107.993225,0
-40.041565,-46.62747,0
-25.28512,10.4990835,0
46.99331,-135.53395,0
-104.64877,-107.84774,0
-131.51526,3.9099534,0
-24.795315,11.270374,0
125.51123,31.472988,0
-23.998661,12.856823,0
-5.7539773,-24.340542,0
54.763607,13.848849,0
67.269585,-96.30873,0
-41.141518,-132.13876,0
-103.46561,-6.627263,0
55.12589,13.652415,0
108.18491,69.65747,0
56.937534,14.067914,0
-3.519447,-52.432545,0
41.085697,20.125162,0
67.2965,-106.0717,0
-48.163227,-135.2559,0
-107.07339,8.591768,0
41.414963,20.198153,0
137.75842,70.687355,0
44.234074,19.885523,0
-2.182477,-40.03821,0
-74.920944,134.11215,0
7.155516,-142.68573,0
112.73957,-40.774155,0
-108.03572,-33.96531,0
-76.20805,134.67926,0
100.19425,120.11542,1
-76.880775,134.91809,0
-77.85963,135.22401,0
-48.139248,88.20726,0
17.954695,-129.26988,0
-96.34895,-63.0155,0
-148.16559,-1.7272565,0
-48.77525,88.55327,0
168.55783,19.434538,0
-49.378674,88.5481,0
-42.405655,-8.427772,0
-38.04812,156.9425,0
105.36567,-93.43879,0
131.62622,-38.25824,0
116.25956,-30.85612,0
-38.093037,156.30939,0
91.42692,128.72868,1
-37.598915,155.48027,0
-37.726627,155.80464,0
-54.124157,46.106792,0
24.50674,-142.67285,0
-107.646,-81.249176,0
-191.97597,0.067775965,0
-54.239525,46.051125,0
167.73636,6.4312997,0
-59.313465,46.97825,0
-54.459526,-6.8003435,0
61.20432,8.891627,0
72.47403,-91.18582,0
-36.30748,-131.6812,0
-104.84254,-23.783272,0
61.053364,9.4199505,0
121.50351,75.46816,0
60.78507,11.029363,0
11.394949,-50.886593,0
64.13493,-31.480589,0
108.12802,-97.97455,0
60.960384,-38.980293,0
-89.21719,-29.40598,0
63.965244,-31.728716,0
119.7096,97.37121,0
63.58276,-31.93072,0
64.337494,-32.569775,0
40.289272,48.862995,0
68.431335,-72.1047,0
-53.017403,-141.47781,0
-120.04284,-15.590206,0
40.192116,48.887173,0
119.6193,38.386837,0
41.342216,53.189686,0
13.876324,-64.92092,0
-6.2148695,57.399967,0
41.722862,-57.32128,0
-96.15442,-139.71835,0
-150.67224,14.278112,0
-6.555764,57.10459,0
100.7124,31.455637,0
-7.637729,56.06464,0
-33.359295,-33.90174,0
-15.532012,44.881626,0
60.29422,-149.5042,0
-101.96158,-136.56424,0
-152.22752,23.995861,0
-15.974717,45.339287,0
147.05095,15.218623,0
-16.623522,48.002163,0
-37.61658,-25.37422,0
38.82935,39.902332,0
50.35106,-105.029564,0
-66.41862,-124.008736,0
-152.79974,-38.945896,0
38.579918,40.15013,0
146.80884,56.19301,0
37.82692,42.163208,0
-23.631634,-50.235783,0
69.84625,111.97831,0
26.240587,-76.70818,0
-42.17311,-91.72425,0
-145.51752,-13.624021,0
69.832,112.24094,0
157.37817,22.993494,0
69.99641,112.78941,0
-22.609966,-83.430626,0
64.251144,-11.846183,0
80.9585,-78.17561,0
-43.503246,-149.91397,0
-92.97357,-15.7785635,0
63.380722,-11.636789,0
111.2864,77.43078,0
57.083084,-8.075677,0
19.229681,-54.230087,0
2.9788816,46.502304,0
47.495125,-55.253017,0
-92.15795,-136.03908,0
-137.48824,29.999311,0
2.4170606,46.431545,0
107.067764,29.411379,0
-1.359495,45.535194,0
-28.396645,-29.264673,0
-54.59544,126.837715,0
4.1667233,-109.895805,0
-72.870575,-59.075558,0
107.348274,-31.997501,0
-50.2953,123.18055,0
177.95697,41.772507,0
-56.962654,128.4215,0
-54.771408,130.9515,0
79.05408,71.070465,0
42.58823,-68.12926,0
-26.696955,-105.64658,0
-131.83105,-23.071068,0
79.513504,70.47168,0
106.62753,44.47742,0
77.1388,67.095245,0
-0.33640686,-78.87202,0
8.575436,57.405727,0
51.731094,-81.07317,0
-97.115326,-99.35949,0
-129.97725,-4.470179,0
8.221024,57.385212,0
127.80267,29.317348,0
6.8401246,58.04697,0
-49.84512,-15.042243,0
32.523254,46.48179,0
64.78284,-73.39806,0
-60.768192,-137.49199,0
-125.15376,-2.671265,0
32.366493,46.45479,0
121.794556,39.917362,0
30.079103,52.250015,0
-15.2203665,-58.891613,0
-90.63962,77.34138,0
-1.4449633,-145.65335,0
-100.5339,-54.71922,0
-188.8512,16.965591,0
-90.888115,77.13062,0
177.15527,0.24847074,0
-82.6292,82.75653,0
-74.39794,5.9365177,0
74.19271,54.274345,0
46.638046,-67.35135,0
-29.367653,-110.66559,0
-115.43625,-11.210696,0
73.70811,62.75132,0
110.1372,41.413837,0
73.18399,61.157375,0
-0.2002161,-74.10711,0
-83.79111,67.47644,0
2.2952282,-148.93619,0
-97.94624,-58.492172,0
-192.1287,18.909855,0
-83.13805,68.16104,0
159.3379,-2.4687624,0
-80.8011,69.66268,0
-76.48841,0.48414153,0
-45.02189,64.82023,0
21.234402,-157.06865,0
-92.10525,-77.920715,0
-175.33218,4.4215164,0
-45.061207,64.74435,0
160.54395,6.8740263,0
-54.041824,69.379364,0
-65.622574,-15.448617,0
6.9665565,110.031555,0
47.94783,-114.178474,0
-64.32021,-96.042145,0
-161.40216,4.4841228,0
6.7848916,109.8071,0
131.06445,17.506435,0
6.158708,109.41644,0
-36.71794,-47.115517,0
14.386934,118.26803,0
24.43607,-92.58212,0
-58.513523,-91.31196,0
-162.96817,-18.534575,0
14.940716,118.58772,0
155.15462,-17.525839,0
16.081896,119.06417,0
-34.391,-74.36354,0
61.26746,-54.88486,0
98.31118,-83.76897,0
55.422455,-50.7035,0
-83.92466,-18.121626,0
60.401802,-54.46893,0
114.14942,88.592804,0
59.583443,-54.186317,0
57.899284,-52.964184,0
-56.543945,74.06088,0
16.100769,-148.55724,0
-96.40487,-72.07675,0
-176.95102,12.348819,0
-56.41505,73.604836,0
155.92882,8.964545,0
-56.342426,71.98971,0
-64.60027,-7.289959,0
61.742367,-8.609175,0
82.151596,-80.74729,0
-45.423233,-153.34398,0
-91.88425,-12.3826685,0
61.48765,-8.871512,0
112.51777,80.47715,0
57.720776,-5.914446,0
20.445795,-51.597324,0
-81.28378,27.34322,0
15.2163,-175.03038,0
-124.10914,-73.759285,0
-205.05713,5.319088,0
-82.27232,27.967625,0
117.70028,8.8913555,0
-84.65054,29.720009,0
-46.72516,5.6861806,0
-44.584106,66.9835,0
21.91735,-156.41418,0
-92.10273,-80.718735,0
-176.85081,3.0643222,0
-43.777958,66.86454,0
159.24493,12.669263,0
-42.14649,63.80082,0
-64.1481,-15.636059,0
20.294868,22.427893,0
73.09996,-88.88536,0
-59.803543,-145.79546,0
-105.217766,-15.627564,0
20.581945,22.42821,0
110.44341,62.944477,0
22.011396,22.308035,0
1.6872772,-49.459187,0
-55.182846,28.612371,0
41.130787,-158.3823,0
-117.5152,-92.44595,0
-182.97862,-10.355622,0
-55.538395,28.644648,0
133.99582,2.900801,0
-56.883728,27.074982,0
-67.70303,-27.246027,0
70.01239,68.11851,0
45.209953,-64.50575,0
-29.10384,-107.01349,0
-126.10203,-23.491705,0
69.70084,68.067085,0
107.720474,41.01377,0
68.11922,67.940674,0
1.7124143,-75.46199,0
46.29883,116.59799,0
39.29184,-66.06009,0
-27.212566,-101.956276,0
-142.6504,-27.288363,0
46.402386,116.47579,0
163.69144,24.349878,0
67.77276,91.48077,0
-15.2485075,-87.84349,0
1.1681552,83.696175,0
28.613148,-109.64433,0
-77.627815,-115.576546,0
-172.92189,-26.891607,0
0.952046,83.60747,0
135.99007,-6.2170687,0
0.14940637,83.198524,0
-51.250607,-55.062103,0
7.539444,130.10442,0
13.488278,-105.60214,0
-61.698326,-74.90992,0
-149.64659,-14.05279,0
7.4045916,129.89487,0
185.731,27.089334,0
7.0183663,129.29681,0
-26.484598,-11.051061,0
-118.23461,89.27735,0
-16.268373,-174.86317,0
-146.4747,-68.75493,0
-172.63779,36.727737,0
-117.80047,89.41972,0
194.17499,-8.8067665,0
-129.16974,84.173065,0
-123.92384,51.991676,0
53.499886,97.083824,0
33.143417,-86.773056,0
-56.410908,-99.1586,0
-136.7986,-29.220743,0
67.499954,73.16682,0
145.95918,26.141592,0
67.4671,72.824745,0
-27.201706,-69.91188,0
74.58728,65.86622,0
45.491764,-67.878174,0
-29.900175,-107.750015,0
-130.70778,-21.18373,0
74.39467,65.54821,0
109.32549,41.277977,0
74.92575,64.232346,0
-0.7815985,-74.10419,0
-37.21749,101.78069,0
28.886745,-126.49901,0
-76.97388,-80.67395,0
-164.85982,-13.11815,0
-37.391964,101.56353,0
186.75127,7.4954944,0
-37.668182,101.04269,0
-55.199596,-35.616188,0
-32.78027,94.568085,0
31.720951,-129.70845,0
-80.906044,-80.295235,0
-164.95271,-10.868812,0
-32.949436,94.82038,0
141.34648,2.2689104,0
-36.429623,95.44862,0
-52.926697,-33.810253,0
41.88549,74.65774,0
39.09213,-82.537994,0
-46.617462,-100.81436,0
-134.65176,-1.4650215,0
41.9042,74.75975,0
139.96791,26.017843,0
48.43378,90.195656,0
-17.713186,-69.323395,0
-62.877872,150.04057,0
100.894035,-83.62881,0
123.83802,-40.198418,0
106.58937,-36.439236,0
-64.73694,150.82903,0
93.81019,123.16229,1
-64.93519,154.21928,0
-64.91498,152.7319,0
-57.824745,119.49737,0
5.539289,-138.90855,0
-106.30263,-59.838707,0
112.41532,-26.252314,0
-54.778736,119.1858,0
182.34172,40.69537,0
-59.73825,120.02764,0
-60.61445,121.17984,0
49.96985,72.15785,0
44.398758,-80.45507,0
-41.822815,-104.062225,0
-135.79298,-9.448454,0
49.60979,71.87293,0
155.51256,44.362175,0
48.22003,70.93091,0
-12.8712635,-68.033295,0
-4.178728,167.72049,0
107.78865,-77.367966,0
139.8523,-50.462395,0
132.4361,-62.673374,0
11.514595,170.01822,0
79.21585,142.25223,1
-4.122511,169.29526,0
-3.9932075,168.94687,0
62.800438,115.55905,0
20.632408,-91.17004,0
-56.2205,-87.43398,0
-156.42303,-20.377531,0
62.387238,115.64539,0
163.36298,-7.987941,0
61.04857,116.12253,0
-34.992264,-79.75863,0
-8.258066,-7.26372,0
60.839878,-133.97054,0
-115.36101,-117.93328,0
-174.60326,-6.7788095,0
-7.766866,-7.008632,0
128.85323,-9.465394,0
-6.2601733,-6.2699237,0
-7.042206,-10.956845,0
-33.383823,66.716095,0
27.28189,-153.61409,0
-95.09384,-85.25239,0
-122.098465,15.777756,0
-32.835907,66.40946,0
152.15498,12.662536,0
-33.966293,64.81625,0
-59.479885,-17.295547,0
-61.251022,48.913746,0
24.59451,-141.73741,0
-108.65706,-81.32902,0
-193.45415,0.11928825,0
-61.079388,48.737198,0
134.9991,12.870818,0
-60.62214,47.428066,0
-53.753304,-6.0023756,0
-33.462513,31.103912,0
41.657322,-145.66093,0
-110.44276,-93.81094,0
-119.144875,18.817326,0
-33.338287,31.210896,0
136.88281,81.67387,0
-32.779873,31.549824,0
-45.96682,-0.9990098,0
30.38898,83.99076,0
38.090706,-93.04679,0
-62.570713,-118.79218,0
-156.80583,-35.03116,0
30.512966,84.848564,0
142.41953,41.51039,0
27.304188,86.123795,0
-23.723885,-56.54181,0
-54.65612,55.15479,0
20.791054,-145.61794,0
-103.500755,-79.3201,0
-182.60875,-4.5838327,0
-54.91947,54.89349,0
135.38895,0.9269991,0
-56.86088,53.77579,0
-60.185493,-6.507283,0
29.976133,86.47712,0
37.324116,-94.22293,0
-63.269676,-117.59005,0
-154.86398,-35.45644,0
29.658323,86.78921,0
142.36975,38.666676,0
28.009241,87.76268,0
-24.578302,-57.194214,0
41.404106,38.09943,0
56.64572,-102.01983,0
-51.28391,-129.79146,0
-109.1429,-3.348977,0
41.580734,37.76637,0
127.270134,49.43997,0
42.916687,37.03112,0
-4.410881,-47.366554,0
-116.53006,99.358955,0
-12.094307,-165.30693,0
-143.04898,-75.045525,0
-175.10364,33.821445,0
-117.059654,96.75973,0
185.5421,2.798157,0
-117.09099,96.22796,0
-121.08003,61.134205,0
-2.0739589,34.450317,0
69.17371,-141.66043,0
-80.03869,-146.17159,0
-117.67009,23.558186,0
-2.0905387,34.88854,0
152.87764,60.717598,0
-2.0787413,36.06826,0
-20.963795,-26.774197,0
-25.008091,9.444346,0
47.866184,-135.06313,0
-104.16878,-108.74986,0
-133.06569,4.411198,0
-24.633455,9.795199,0
120.01648,48.642174,0
-24.078842,12.162914,0
-6.091523,-25.66832,0
-5.89816,133.78995,0
39.390095,-126.32747,0
-68.48466,-81.56343,0
-161.9128,-2.1758218,0
-5.6673784,133.49849,0
186.74257,21.256317,0
-2.9842265,130.08398,0
-50.341614,-41.33185,0
-31.461514,85.65483,0
21.139202,-122.32441,0
-80.435936,-67.305954,0
-143.54303,-1.8055692,0
-31.212152,85.28529,0
166.95143,24.669748,0
-30.976404,84.16967,0
-35.013184,-11.374295,0
-7.712402,74.721855,0
32.824932,-55.546394,0
-83.33895,-117.02714,0
-175.30283,-24.045204,0
-8.739443,74.514206,0
114.43701,31.849165,0
-10.360052,74.060814,0
-40.794525,-38.776028,0
-121.086914,84.58785,0
-14.560226,-175.65904,0
-146.7578,-67.01097,0
-171.9267,37.805885,0
-120.82847,84.69909,0
194.16913,-6.997462,0
-126.95596,84.26667,0
-120.21216,51.553432,0
37.583755,-18.62908,0
81.2137,-115.54041,0
-30.58439,-144.8866,0
-90.30137,0.8624684,0
37.448124,-18.884254,0
125.45305,73.14529,0
32.252792,-10.21981,0
9.23033,-32.73343,0
8.895683,106.00425,0
37.745243,-109.05133,0
-69.482216,-109.89026,0
-166.41089,-40.787155,0
8.725769,106.10378,0
150.11885,-16.859324,0
6.8990664,105.54751,0
-39.517284,-52.50585,0
12.290075,28.939636,0
70.98353,-137.76393,0
-68.94523,-141.2504,0
-114.16178,14.480354,0
12.171835,28.57006,0
127.696846,51.315342,0
11.199352,27.631355,0
-14.701832,-32.409737,0
79.8282,47.77475,0
50.81292,-71.08586,0
-29.75334,-119.31545,0
-109.11328,-24.538986,0
79.84606,47.883957,0
106.067055,58.60764,0
70.33647,59.42282,0
3.0149307,-66.737595,0
57.105896,57.542744,0
60.827785,-78.429184,0
-35.948395,-119.512985,0
-112.66157,-18.370932,0
57.762882,57.826466,0
115.39208,56.10946,0
59.40576,59.0815,0
1.4949205,-62.132668,0
2.3649416,33.470108,0
68.27264,-139.8884,0
-77.70561,-148.51869,0
-118.02378,22.565592,0
1.9412347,33.36923,0
128.61932,51.509712,0
2.1509504,32.272194,0
-22.277664,-28.540684,0
81.50709,58.163418,0
49.863613,-68.83646,0
-30.713919,-114.03882,0
-114.2504,-23.080198,0
80.87613,58.06697,0
109.00773,49.101093,0
76.42363,60.74155,0
1.3816841,-70.52574,0
30.878834,111.059525,0
43.825104,-94.64392,0
-58.80618,-106.924576,0
-149.21556,-26.565992,0
30.066828,111.08819,0
154.03355,24.289059,0
28.849472,110.25283,0
-34.09547,-64.294716,0
-123.909004,68.725914,0
-14.434202,-164.94812,0
-143.9886,-76.64325,0
-162.80518,33.98987,0
-123.77108,68.88292,0
195.82652,-1.4083569,0
-123.67416,69.35129,0
-122.711754,61.48344,0
53.050716,70.94076,0
41.79136,-79.7548,0
-41.42328,-106.60419,0
-136.97668,-13.012926,0
52.933506,71.21485,0
159.88261,42.066227,0
54.80117,73.424385,0
-11.959893,-70.19322,0
17.716194,90.36139,0
43.817604,-104.483925,0
-67.1695,-117.022064,0
-159.9643,-36.538082,0
18.633911,90.65658,0
143.06123,47.51274,0
21.754385,89.794136,0
-29.177935,-53.63173,0
12.620004,13.559557,0
73.10968,-132.81276,0
-68.23601,-146.47829,0
-107.29293,17.389412,0
12.150364,13.70725,0
128.26889,68.95969,0
7.8749504,17.805876,0
-8.587756,-31.276693,0
67.685036,97.41438,0
30.899086,-78.122955,0
-49.214405,-85.718765,0
-155.1081,-21.494684,0
67.82568,96.91104,0
155.96867,26.242147,0
67.31367,96.01543,0
-16.539202,-78.60981,0
-57.370113,152.43121,0
100.630646,-92.42744,0
125.481544,-39.968678,0
109.220856,-34.53093,0
-58.872845,154.49875,0
95.65136,124.88276,1
-59.75054,158.95284,0
-59.26452,157.0882,0
59.600227,-14.768188,0
84.35913,-78.22159,0
-41.372036,-152.34248,0
-89.74347,-15.068455,0
59.165913,-13.942562,0
110.98518,80.21913,0
56.393166,-11.551492,0
23.584114,-53.21611,0
-130.91014,77.98902,0
-17.50847,-172.75772,0
-151.1906,-70.11777,0
-166.47656,41.909172,0
-130.51474,78.60956,0
194.67317,-8.350889,0
-129.6537,80.03423,0
-124.48531,53.902996,0
33.777737,91.14624,0
42.554016,-91.386536,0
-59.61673,-116.5087,0
-138.08408,-3.10475,0
33.895927,91.00831,0
136.02713,41.70786,0
36.005466,89.73992,0
-19.951706,-54.81258,0
17.099953,105.72205,0
38.156578,-101.58858,0
-66.78925,-108.66165,0
-160.23318,-30.099379,0
16.74161,106.41301,0
143.43173,-16.830189,0
18.897663,110.56,0
-36.87832,-59.355896,0
76.83093,5.199074,0
69.60546,-76.58409,0
-48.667812,-142.77303,0
-116.00158,-17.998508,0
76.879326,5.4574304,0
104.31721,58.014862,0
66.67866,7.8415236,0
10.427954,-60.44677,0
17.67989,106.14495,0
38.319942,-103.01172,0
-67.54494,-109.235344,0
-165.59523,-35.76231,0
17.466322,106.783005,0
143.53064,-13.972583,0
16.886225,108.341576,0
-36.98462,-57.33448,0
77.05324,77.75764,0
43.599277,-70.65304,0
-32.33195,-105.41274,0
-129.3862,-21.074278,0
77.175415,77.98746,0
108.531235,39.896053,0
63.77351,73.44477,0
-5.0446515,-77.75164,0
29.94312,9.983578,0
79.32743,-88.347916,0
-55.61273,-152.22893,0
-109.97744,3.9065402,0
29.03011,10.565638,0
124.65097,82.5923,0
27.74445,13.236375,0
17.451666,-44.805355,0
-92.49258,77.18662,0
-2.5825927,-145.19322,0
-99.98613,-54.168262,0
-185.65453,-1.6356137,0
-61.938496,64.52701,0
174.80438,-3.0724244,0
-82.99931,83.4041,0
-78.16066,4.2087507,0
-84.00474,76.970375,0
-0.8903333,-146.67242,0
-102.813225,-55.887962,0
-188.59732,18.27464,0
-83.15404,77.59127,0
176.9788,-1.5959061,0
-81.503235,79.74984,0
-74.55139,4.2414417,0
56.642487,94.980965,0
31.55559,-79.1056,0
-42.25109,-96.81844,0
-152.69408,-20.091642,0
56.75712,94.97578,0
155.22719,26.550922,0
58.01933,94.19168,0
-17.983383,-76.19226,0
-29.132353,42.98084,0
34.762188,-152.01904,0
-95.93138,-93.199814,0
-124.430115,29.954502,0
-29.187885,43.751377,0
138.6889,4.006266,0
-29.717777,44.60025,0
-53.95383,-22.25762,0
-9.942635,-3.150841,0
58.548923,-132.80688,0
-112.917206,-119.5026,0
-142.83165,14.742809,0
-9.366258,-2.9689758,0
126.47452,-5.1033688,0
-5.4969916,-2.4108543,0
-6.7737637,-13.478047,0
63.947044,-6.9390225,0
80.21366,-81.59516,0
-47.91467,-152.45518,0
-96.32911,-12.282331,0
63.852886,-6.587128,0
115.9352,79.815796,0
56.97376,-0.3713113,0
17.965399,-50.57089,0
2.4514863,72.87277,0
14.395578,-105.19464,0
-62.575752,-75.598434,0
-154.11006,-4.783672,0
2.2211804,72.33817,0
160.75536,-2.511889,0
1.7221826,71.594604,0
-26.644518,-10.121136,0
-89.74344,33.312073,0
13.032924,-173.88255,0
-122.905785,-71.224915,0
-203.69109,7.999203,0
-89.63228,33.53665,0
118.299644,8.501522,0
-87.6217,34.016697,0
-48.4634,7.038322,0
-7.155991,128.44034,0
40.650124,-125.30989,0
-67.3803,-82.60035,0
-163.75719,-1.073084,0
-6.8135834,128.34932,0
157.4567,-4.284906,0
-2.438448,127.60105,0
-49.11692,-41.71445,0
-120.62856,83.934235,0
-13.995821,-175.38908,0
-146.23466,-67.87816,0
-172.19672,38.8375,0
-121.23204,84.20725,0
189.28456,1.6254327,0
-126.74095,83.46339,0
-120.07209,52.024273,0
75.71856,82.2172,0
39.21818,-72.36153,0
-34.010757,-102.41134,0
-133.64523,-20.96256,0
74.90662,82.61511,0
161.52171,43.086723,0
72.51213,83.87899,0
-8.1530695,-77.05832,0
-65.54897,40.195644,0
23.874401,-138.77115,0
-110.98954,-81.91504,0
-197.2495,-0.23920466,0
-65.41944,40.210793,0
123.776726,14.15795,0
-62.298626,43.89013,0
-51.368004,-4.043686,0
10.196122,13.390619,0
74.833626,-133.78706,0
-68.42871,-149.00726,0
-102.6813,16.239439,0
10.37431,13.67991,0
136.71062,64.30314,0
8.438508,15.300565,0
-7.6346564,-33.554,0
-3.0876145,122.50378,0
45.674778,-122.94836,0
-63.551323,-84.10621,0
-161.90903,2.2336984,0
-2.9032564,122.57356,0
149.41206,2.012453,0
-2.0125566,123.89741,0
-44.77065,-40.532684,0
-53.00734,74.767235,0
17.860775,-149.82938,0
-94.71539,-74.80574,0
-176.25111,10.654679,0
-52.99015,74.908134,0
169.93893,12.371234,0
-52.11965,77.42062,0
-62.940968,-9.645878,0
12.830214,87.421165,0
42.233948,-106.93366,0
-69.78528,-115.90019,0
-159.66785,-38.4306,0
13.043485,88.04741,0
146.0783,46.479637,0
13.0330925,90.55227,0
-30.920498,-51.132236,0
-55.406925,153.12766,0
99.99067,-93.638725,0
126.78601,-37.766552,0
112.8753,-33.679066,0
-55.833084,155.99553,0
95.84339,126.26364,1
-56.017895,159.12518,0
-56.345383,157.36697,0
-37.62082,114.64263,0
4.2790003,-116.23769,0
-70.22041,-68.02935,0
-155.48015,-4.1340327,0
-37.86642,114.20364,0
181.23758,25.736912,0
-38.26237,113.515816,0
-29.888863,2.540092,0
83.729454,87.78133,0
35.2309,-69.77799,0
-29.709854,-97.075714,0
-152.25113,-13.215063,0
83.42058,87.99163,0
155.57318,29.933487,0
69.41423,89.61047,0
-7.3303356,-84.48701,0
-121.81784,80.11923,0
-15.108825,-173.96196,0
-151.70665,-68.08467,0
-168.41057,41.91046,0
-121.66095,80.24255,0
195.42819,-7.3233743,0
-124.45442,81.75828,0
-121.44134,52.363388,0
11.962198,-3.4318898,0
70.692894,-123.68881,0
-98.31803,-114.14195,0
-135.63109,11.735914,0
12.78278,-2.6802576,0
124.98859,21.74308,0
13.272266,-1.5367268,0
0.20184943,-26.177515,0
-87.090195,43.355114,0
10.398053,-168.23396,0
-118.34849,-67.90244,0
-198.20708,9.498976,0
-87.387436,43.14274,0
174.9714,6.7007775,0
-87.36076,40.290024,0
-55.683308,7.6708155,0
-112.559814,97.99791,0
-10.253033,-166.91234,0
-141.58603,-73.091965,0
-172.32709,32.938564,0
-112.86167,97.68979,0
191.7736,-5.9416213,0
-114.15232,94.639824,0
-118.14357,59.918835,0
-57.56472,132.17455,0
9.299262,-105.147545,0
-58.111874,-71.13851,0
106.59404,-34.212574,0
-57.574654,133.43483,0
174.50562,42.001335,0
-57.260532,130.9792,0
-57.065624,131.86545,0
-117.30401,72.13223,0
-6.4552946,-171.16597,0
-138.44328,-67.32965,0
-166.37434,39.209225,0
-117.23033,71.66397,0
197.52936,1.1077211,0
-117.13245,71.17205,0
-113.110344,60.887913,0
-128.4485,73.6759,0
-16.677273,-169.3069,0
-147.84131,-74.92226,0
-164.07549,41.352715,0
-128.2424,73.681755,0
195.63748,-5.3008285,0
-126.61565,74.21674,0
-125.448715,57.522514,0
-52.09874,25.199215,0
43.286762,-157.51625,0
-118.15394,-94.24509,0
-183.81491,-9.3215065,0
-52.341663,25.125685,0
130.3551,5.3404403,0
-54.466423,25.039341,0
-68.343,-28.93079,0
-81.46261,91.41134,0
0.35125703,-142.07845,0
-96.567406,-53.19316,0
-184.79295,16.911844,0
-81.110405,91.42046,0
179.19756,2.2779193,0
-78.665344,85.577255,0
-70.351204,6.233916,0
29.715193,82.04881,0
39.78865,-93.06839,0
-62.868393,-120.55699,0
-111.072624,6.0470653,0
28.875048,82.05343,0
142.01369,42.615025,0
27.052353,84.60062,0
-22.687487,-55.215446,0
66.75932,-10.345531,0
78.42431,-78.004486,0
-46.03734,-149.66292,0
-95.33237,-13.434939,0
67.145134,-8.381682,0
107.9741,64.80019,0
59.078434,-3.0460176,0
17.229221,-55.808193,0
85.6887,-16.025085,0
14.318931,-130.34589,0
118.695015,-58.098545,0
90.99661,-28.235706,0
88.53131,-24.470982,0
179.96458,58.69291,0
89.10464,-25.621223,0
87.811676,-23.377846,0
-56.01725,100.233505,0
4.832976,-126.58947,0
-85.42166,-62.230762,0
-145.99927,1.2241703,0
-56.028,100.41504,0
164.75067,25.426355,0
-56.25884,101.401474,0
-36.36863,-3.477509,0
22.368053,84.26518,0
44.834023,-104.57398,0
-66.363914,-118.10395,0
-158.59816,-35.61351,0
22.503437,84.758705,0
144.45728,46.88106,0
22.69856,87.94755,0
-26.879398,-53.70312,0
-27.04837,62.770275,0
29.237696,-153.8745,0
-95.86405,-87.9457,0
-117.59898,-0.16245295,0
-27.086561,62.78418,0
140.01448,6.5830836,0
-25.13312,46.480587,0
-20.948341,-27.63422,0
55.86024,9.832206,0
73.17678,-94.67255,0
-35.437954,-133.18446,0
-98.80567,-5.360197,0
56.24758,11.128771,0
108.41305,53.58566,0
57.290127,12.474399,0
7.78001,-50.26543,0
-56.696815,152.67508,0
100.51122,-93.27812,0
126.3501,-38.584625,0
111.01294,-34.218033,0
-57.895493,154.96619,0
96.12792,125.46638,1
-58.00304,159.01987,0
-58.525257,157.06558,0
83.40106,-19.232569,0
61.26173,-72.53991,0
-21.184319,-113.86781,0
120.42948,-55.747406,0
80.37344,-10.069427,0
178.82114,50.079006,0
83.57977,-21.162228,0
82.47264,-20.373274,0
17.943323,22.734623,0
68.934906,-88.000656,0
-62.463955,-145.27084,0
-111.063156,-16.713621,0
17.779713,22.924538,0
121.563896,56.211407,0
11.896537,24.258226,0
0.9464028,-55.669575,0
65.60638,-2.2211304,0
76.57442,-82.452484,0
-50.849937,-149.7099,0
-98.82731,-10.777265,0
64.87221,-1.2129353,0
111.87348,64.14895,0
60.584305,3.2180142,0
13.926916,-50.162247,0
-62.820374,93.551956,0
2.448849,-130.448,0
-90.01647,-64.89544,0
-169.93648,12.503613,0
-62.487206,93.593285,0
156.01491,10.136518,0
-59.70451,94.02585,0
-41.931545,-3.7523878,0
-49.688747,49.467934,0
25.593575,-145.46745,0
-104.95324,-82.75424,0
-181.85428,-5.0868835,0
-49.67715,49.18532,0
132.18343,8.894946,0
-58.190197,48.20524,0
-55.25416,-9.790915,0
92.54646,8.011792,0
7.7530947,-131.57536,0
-86.84481,-54.879013,0
124.61689,-26.90295,0
-66.24746,89.83027,0
185.59355,50.242573,0
93.04484,8.670996,0
92.56093,8.985394,0
16.92084,36.149384,0
58.311764,-119.0822,0
-66.71874,-136.92082,0
-122.07675,4.1671057,0
16.354282,36.295845,0
144.28908,60.63798,0
14.337813,36.549355,0
-18.304302,-37.05229,0
21.33186,53.218403,0
56.560753,-87.87047,0
-83.291176,-126.420944,0
-125.29388,7.8646326,0
21.451685,53.271397,0
120.69672,49.85031,0
21.689402,54.1781,0
-26.00553,-39.888905,0
40.61489,30.983915,0
61.060917,-106.58359,0
-56.585873,-129.69414,0
-105.212616,3.3814518,0
41.119495,31.063885,0
147.12355,52.96815,0
43.817112,29.020048,0
-10.837219,-44.331295,0
-116.10563,102.56533,0
-11.360193,-163.93915,0
-141.70662,-75.92713,0
-176.32213,32.489716,0
-117.01988,102.42266,0
193.33186,-1.9692729,0
-118.46339,102.03264,0
-119.962326,62.620308,0
47.347477,45.069035,0
52.526527,-78.99472,0
-44.422287,-117.500984,0
-108.48026,-2.2086666,0
47.21651,45.145847,0
134.47928,48.693584,0
60.891167,60.439827,0
-3.5547726,-60.336945,0
13.31192,-4.2666993,0
70.839615,-122.837395,0
-97.63261,-113.56704,0
-130.926,7.9221563,0
13.689636,-3.738353,0
129.97887,32.255062,0
14.224574,-1.0888923,0
0.3010389,-24.340328,0
-7.0431075,2.7073243,0
56.710415,-129.8054,0
-108.6613,-119.254944,0
-127.778984,7.0101514,0
-6.746787,2.268865,0
123.15665,-3.7051768,0
-3.3737957,0.053599734,0
-5.5392523,-17.071405,0
39.717133,31.754652,0
61.613297,-106.891884,0
-56.258183,-130.71323,0
-109.75825,6.247661,0
39.750034,31.70814,0
135.75833,71.91423,0
40.00494,26.646517,0
-11.602878,-43.695393,0
-44.711113,82.94034,0
11.846494,-130.82506,0
-85.787926,-83.31493,0
-171.93999,9.879081,0
-45.08738,82.91165,0
170.05011,15.498465,0
-45.55352,83.057526,0
-58.980305,-11.32644,0
21.764318,70.67672,0
8.157242,-105.59195,0
-60.29354,-69.908,0
-127.69807,-16.069117,0
21.313051,69.9095,0
174.0975,34.719383,0
24.310902,75.14963,0
4.6816998,-79.11858,0
31.340078,-2.5104585,0
76.039894,-115.356255,0
-33.395344,-145.07838,0
-94.1571,0.45656958,0
31.400295,-2.8671474,0
116.58163,72.913574,0
32.61686,-3.4169426,0
4.948479,-33.87682,0
-22.842701,133.65698,0
5.333175,-104.02718,0
-60.548862,-67.02341,0
-148.25748,-4.5179043,0
-22.756832,133.44777,0
176.7694,34.298912,0
26.21048,76.6017,0
2.7359784,-78.02491,0
51.29055,115.82739,0
21.188978,-85.358315,0
-51.60705,-88.70431,0
-164.73541,-14.844448,0
51.247902,115.5029,0
155.4165,19.799334,0
52.041153,115.30559,0
-30.367826,-77.92528,0
61.760895,89.86648,0
34.695843,-76.96857,0
-39.58162,-98.89764,0
-139.64381,-16.49882,0
61.866386,89.81043,0
153.69612,48.859158,0
63.67487,90.18268,0
-16.005877,-74.630516,0
64.46192,39.241665,0
69.90501,-93.952225,0
-53.07258,-127.01081,0
-113.43311,-3.7667592,0
64.17774,39.29456,0
152.3475,53.022785,0
61.384117,38.69254,0
-10.984718,-48.19307,0
13.39074,57.578857,0
53.15491,-86.25004,0
-88.16943,-129.59981,0
-141.77412,24.41638,0
13.163923,57.696106,0
113.42902,28.979847,0
12.262525,58.10818,0
-27.759987,-34.98249,0
-134.03589,79.56147,0
-18.89981,-172.43683,0
-151.01347,-71.4965,0
-166.9295,42.889046,0
-133.69191,80.35668,0
196.24118,-8.153017,0
-132.34828,81.4781,0
-126.05652,54.027866,0
-54.114243,154.48793,0
100.20686,-95.87681,0
126.98329,-37.646355,0
113.0967,-33.607826,0
-53.896484,156.71175,0
96.31774,127.09366,1
-54.772537,159.02887,0
-54.53533,157.6866,0
-5.762537,82.174286,0
28.30541,-108.344215,0
-79.126434,-115.09771,0
-170.79721,-26.752367,0
-5.0728726,82.95324,0
148.8072,-6.127004,0
-2.2629266,83.77934,0
-47.799763,-55.32056,0
1.3621768,122.55574,0
43.831135,-123.1818,0
-64.62243,-84.833626,0
-160.6874,0.64481246,0
1.4660068,122.81182,0
149.6301,2.9906933,0
1.7788956,124.53205,0
-45.606514,-41.8671,0
-36.047974,32.278137,0
36.173885,-141.17758,0
-108.857185,-92.487206,0
-122.516,13.7650175,0
-35.67616,32.506084,0
124.43491,55.848263,0
-34.184467,34.028408,0
-46.743183,-14.554388,0
67.1188,47.21036,0
61.343586,-79.96718,0
-36.73472,-120.55538,0
-109.69965,-18.376915,0
76.54726,25.232048,0
112.44236,52.031956,0
64.69961,56.944378,0
1.3431569,-60.963745,0
42.5536,84.596695,0
49.524895,-99.654724,0
-57.63109,-115.73503,0
-130.97473,-33.76999,0
42.945766,84.95194,0
153.30663,42.035625,0
43.554653,85.06202,0
-28.091957,-59.127666,0
68.435745,22.420399,0
65.03178,-87.64241,0
-40.34949,-129.09497,0
-99.62203,-16.73526,0
68.24375,22.29942,0
113.21021,70.48253,0
65.40235,19.269293,0
5.2449985,-53.360615,0
-26.112148,126.19439,0
-1.695748,-108.39704,0
-66.13604,-65.75319,0
-153.68633,-11.5142,0
-25.858105,125.58091,0
177.7736,29.047657,0
-25.168472,124.435646,0
-25.89266,-0.7650634,0
-61.2449,91.72736,0
2.8440907,-131.32957,0
-90.54986,-65.89766,0
-185.24182,-0.15438554,0
-60.305984,92.17081,0
136.53522,11.582193,0
-59.436394,92.667595,0
-42.771645,-3.9378293,0
-64.521965,52.662613,0
19.472267,-141.73604,0
-108.10253,-77.31242,0
-193.28558,0.89569694,0
-64.485306,52.28735,0
136.90224,10.485226,0
-64.180466,51.373455,0
-57.585247,-3.1929588,0
3.399894,85.09371,0
30.487196,-108.38443,0
-79.759125,-120.17524,0
-177.67815,-27.522575,0
3.0183477,85.39176,0
141.84042,-3.5762646,0
2.0742788,86.28984,0
-45.7114,-55.069546,0
45.385696,112.63999,0
22.49288,-82.059456,0
-49.09687,-90.72648,0
-143.00041,-10.068519,0
45.983093,112.51138,0
155.15761,21.922598,0
50.71827,110.20563,0
-26.772978,-79.99632,0
55.33655,93.61138,0
30.246845,-82.00016,0
-48.2765,-95.220215,0
-149.81621,-17.871693,0
55.461296,93.839836,0
144.24538,29.69002,0
52.918648,104.22672,0
-21.9855,-75.2376,0
2.8631809,-2.5450332,0
59.11396,-128.40341,0
-108.85641,-117.32785,0
-138.96541,11.034507,0
2.877527,-1.9774842,0
124.435005,-5.342823,0
1.591557,0.052574366,0
-3.3322961,-16.397577,0
-66.00471,45.228718,0
20.66258,-140.57095,0
-109.678734,-78.45886,0
-196.2203,-1.2835904,0
-65.7668,45.351364,0
156.14111,5.1425753,0
-64.770905,46.483696,0
-56.596935,-3.557692,0
-62.181065,23.5482,0
43.470257,-160.86389,0
-121.432434,-92.44952,0
-183.5559,-4.638256,0
-61.9219,23.755136,0
162.18701,3.4073954,0
-59.315384,25.907162,0
-71.84278,-27.595224,0
63.13011,115.272194,0
20.634583,-90.7332,0
-55.900433,-87.42169,0
-157.08609,-21.05943,0
62.84681,115.25426,0
162.36813,27.608679,0
60.957634,115.56392,0
-34.731815,-79.73138,0
-62.40973,52.03514,0
22.176159,-142.37633,0
-108.40069,-80.03777,0
-195.43033,-3.1599793,0
-62.032616,52.042633,0
124.96593,8.228404,0
-60.37087,46.238327,0
-55.892647,-4.8519893,0
-110.732445,98.643555,0
-8.848461,-166.48802,0
-140.29533,-72.61179,0
-173.24225,33.980614,0
-110.73907,98.55476,0
190.24661,2.9915,0
-113.133446,95.27487,0
-116.48217,60.847797,0
17.039034,153.56647,0
113.94655,-77.264565,0
135.33037,-53.220955,0
14.026818,165.57164,0
14.30511,162.80464,0
77.09891,140.16577,1
14.349139,165.10165,0
14.071266,162.32397,0
5.7057905,47.22414,0
49.142235,-55.3141,0
-91.070915,-135.65237,0
-136.85983,29.339201,0
5.348867,47.485428,0
103.54474,28.289795,0
-0.17316109,45.688625,0
-27.751305,-27.733788,0
-49.923164,61.97645,0
15.360078,-157.12653,0
-87.716415,-82.611496,0
-175.68108,-3.4994872,0
-49.30435,61.874016,0
164.36678,2.6910396,0
-48.318073,62.20405,0
-69.489845,-17.320572,0
-57.394104,152.45615,0
100.53474,-92.48191,0
125.729256,-39.87926,0
109.428276,-34.386387,0
-58.569645,154.61491,0
95.82093,124.80812,1
-59.67364,159.08147,0
-59.13515,156.96646,0
-69.792175,84.193695,0
5.690808,-138.03635,0
-107.83576,-62.642612,0
-188.5234,10.64129,0
-69.828094,84.3852,0
177.95367,12.601213,0
-70.29004,85.02464,0
-65.2954,5.5773435,0
36.86324,-30.719402,0
98.52894,-107.522,0
-22.607756,-130.14238,0
-99.53264,18.767708,0
36.888393,-30.910023,0
129.85121,87.229675,0
37.141426,-31.338198,0
37.14765,-32.630653,0
-40.551342,87.60322,0
15.299285,-130.00731,0
-79.79511,-74.78442,0
-144.76877,3.3463202,0
-40.890564,87.712845,0
167.79117,17.507557,0
-41.525673,88.37765,0
-34.047855,-7.801807,0
-54.033333,123.248955,0
12.371569,-127.64138,0
-77.010704,-61.36748,0
108.87369,-29.064075,0
-52.110146,120.75809,0
181.18143,42.783928,0
-57.74403,125.56345,0
-61.145752,124.43701,0
37.861115,108.01445,0
45.441395,-92.55495,0
-55.371407,-109.202484,0
-143.42911,-33.52585,0
37.79297,108.36065,0
146.40181,30.883005,0
37.720646,108.81898,0
-28.834068,-66.146965,0
39.710377,51.065197,0
67.07633,-71.9915,0
-53.65341,-140.38423,0
-123.57639,-5.37377,0
40.13138,51.9126,0
152.48085,39.34923,0
41.473557,55.133034,0
11.904698,-65.27606,0
3.277195,17.515865,0
75.235245,-137.6085,0
-71.84977,-144.66968,0
-108.38616,17.161478,0
3.1016285,18.234053,0
136.85513,67.18118,0
2.0372193,19.818417,0
-13.397815,-28.25563,0
-67.98169,52.03786,0
19.073345,-140.94637,0
-108.680016,-76.09642,0
-194.01505,3.0337813,0
-67.87979,52.309925,0
125.20456,11.243555,0
-68.20281,53.190674,0
-57.73747,-1.5655776,0
49.35138,53.919662,0
61.743134,-72.143776,0
-22.001822,-112.86217,0
-123.799286,-11.608329,0
49.018673,54.21091,0
165.54955,52.013638,0
47.31991,56.23297,0
6.594698,-75.81516,0
25.94134,48.676674,0
54.64585,-106.19383,0
-77.6073,-122.147705,0
-128.11049,2.8139596,0
26.088453,48.733063,0
138.07083,45.320892,0
26.913158,48.956783,0
-25.632395,-46.009106,0
-67.61532,42.579845,0
24.115301,-140.57271,0
-109.75234,-80.94822,0
-195.6565,-0.81410754,0
-67.55147,42.33005,0
123.76217,9.144374,0
-61.90466,45.91977,0
-53.207172,-5.4531255,0
-89.93289,31.170727,0
11.810233,-174.74323,0
-124.14254,-70.64921,0
-202.98119,11.237269,0
-89.71921,31.192818,0
115.98949,10.788015,0
-88.56783,31.227175,0
-48.0617,8.312664,0
-42.315247,32.654396,0
37.121067,-144.93892,0
-105.777985,-93.17065,0
-124.14593,24.72667,0
-41.99723,33.283474,0
127.927826,16.581522,0
-40.90364,35.82303,0
-47.08468,-19.389093,0
23.899582,14.82503,0
79.8111,-89.93317,0
-57.135777,-152.58331,0
-110.19782,3.0037315,0
24.420492,14.932692,0
132.76282,65.76152,0
26.452251,14.079884,0
17.40395,-43.36286,0
-44.10912,63.71567,0
22.242878,-157.822,0
-89.695755,-83.67337,0
-177.03262,1.2407546,0
-43.857548,63.01357,0
164.13513,9.841803,0
-43.388943,62.043728,0
-66.566124,-17.75995,0
26.423098,54.915264,0
51.412262,-87.82183,0
-70.83742,-136.58318,0
-135.0146,-2.6949756,0
26.082073,54.910492,0
99.74293,35.760284,0
25.016333,55.338516,0
-22.412777,-37.477028,0
16.512629,24.82857,0
66.4808,-132.88872,0
-107.184364,-96.40708,0
-121.19164,20.690733,0
15.803966,24.962729,0
112.02466,32.496803,0
12.590077,25.730751,0
-12.774976,-35.38392,0
49.04498,63.17101,0
54.021275,-79.75705,0
-43.77043,-111.66416,0
-126.44194,-11.050971,0
48.620964,62.75913,0
122.27799,42.96696,0
47.157448,60.96923,0
-7.11844,-63.44952,0
63.688656,26.559908,0
65.24101,-97.52368,0
-44.724243,-129.04466,0
-101.827126,-5.922418,0
63.6227,26.264101,0
119.771706,53.895317,0
58.929573,28.616253,0
-1.489589,-47.968487,0
89.74472,-46.65405,0
99.79869,-67.13742,0
98.60711,-50.12639,0
-83.06625,-32.7076,0
90.97857,-46.890564,0
113.520706,101.42711,0
92.112816,-46.905853,0
95.00645,-48.068596,0
-46.88566,74.92617,0
19.41218,-151.60188,0
-91.05883,-74.50217,0
-179.80736,5.327962,0
-46.919567,74.83505,0
165.1058,6.277886,0
-49.543568,76.61429,0
-63.72497,-11.231175,0
31.552483,21.053642,0
74.9569,-86.397934,0
-56.166668,-145.92435,0
-127.48973,-4.248959,0
31.200493,21.083849,0
124.89919,52.65043,0
30.53956,20.14865,0
11.474919,-53.66255,0
2.9155195,58.668297,0
44.41423,-54.732544,0
-94.679726,-139.58725,0
-141.76942,21.251484,0
2.9210005,58.674007,0
108.658195,28.605259,0
-3.292287,46.691635,0
-32.007504,-32.79048,0
79.55183,88.864944,0
33.94248,-71.77346,0
-33.80838,-98.14382,0
-137.97887,-23.011612,0
78.895645,89.09395,0
159.4326,38.49442,0
71.283134,91.4327,0
-8.683442,-79.98787,0
-94.634,51.035076,0
6.1227183,-165.94131,0
-116.24931,-63.26618,0
-195.13902,13.041268,0
-94.21254,51.25131,0
176.95038,7.0436907,0
-91.625046,51.572872,0
-59.392494,10.420068,0
5.2820964,19.840164,0
73.923294,-137.38379,0
-71.848145,-145.87473,0
-113.40345,16.830486,0
4.9716825,20.072739,0
138.93991,67.57782,0
4.4760666,20.735754,0
-14.430706,-29.303106,0
-80.56105,28.105898,0
15.056169,-174.34293,0
-123.72809,-74.24789,0
-205.54411,6.8060064,0
-80.92018,28.524431,0
118.41366,9.176002,0
-84.14277,29.175179,0
-47.198532,5.4730644,0
63.199398,-51.97775,0
98.15324,-86.1262,0
55.596775,-48.7481,0
-85.0773,-17.00437,0
62.36905,-51.65045,0
113.855034,87.46743,0
61.527714,-51.30026,0
58.836437,-50.06165,0
75.7406,51.423706,0
49.59285,-70.19322,0
-31.655941,-113.90371,0
-122.45609,-20.238943,0
79.46438,58.6094,0
111.218704,47.31788,0
76.57045,61.680115,0
0.046055313,-69.76315,0
-30.639833,130.41606,0
2.3178174,-108.39076,0
-64.09874,-62.746246,0
-148.77545,-9.638444,0
-30.372627,130.09717,0
173.85364,29.466011,0
-23.204872,121.568695,0
-22.514585,-0.9493536,0
11.802523,71.97316,0
14.337523,-99.75543,0
-57.41957,-77.31896,0
-146.75415,2.321046,0
11.786964,71.93464,0
163.20302,46.34909,0
11.867125,70.236946,0
-22.277096,-13.797937,0
50.731598,54.37586,0
60.651245,-72.86808,0
-23.117334,-113.3676,0
-123.09362,-11.114634,0
50.83968,54.63723,0
121.28377,44.406292,0
50.305466,55.946754,0
7.670788,-74.21511,0
77.79059,90.00509,0
32.222374,-70.26405,0
-33.283497,-95.49963,0
-139.9668,-19.225628,0
77.50643,90.43643,0
159.25609,35.81182,0
72.591805,92.77963,0
-12.283624,-82.8527,0
-41.653175,76.63808,0
22.415585,-152.39302,0
-91.91498,-76.408714,0
-177.69609,5.0306244,0
-42.16789,76.27913,0
150.27269,16.97735,0
-49.46019,79.05183,0
-62.597687,-13.306571,0
13.375093,19.463943,0
69.60545,-134.77219,0
-102.68113,-96.88748,0
-116.56811,21.132591,0
13.014599,19.22894,0
108.32844,25.365788,0
9.472182,22.217278,0
-11.058679,-32.423096,0
-49.523876,44.249683,0
27.196507,-144.10909,0
-105.852295,-84.44038,0
-194.34698,-6.9549727,0
-49.86195,44.074852,0
131.9231,13.502726,0
-56.42514,45.932198,0
-54.85835,-7.562356,0
34.682762,122.547554,0
32.391174,-93.95078,0
-66.27526,-102.03957,0
-153.70042,-23.329481,0
34.69978,122.38679,0
148.13704,26.170153,0
35.9353,118.204155,0
-36.985603,-68.28877,0
-59.80796,20.344286,0
44.932987,-159.19206,0
-120.76953,-94.717766,0
-185.69403,-5.767673,0
-59.1541,20.626287,0
128.20432,2.9375489,0
-57.302696,23.657719,0
-70.68519,-29.639763,0
-55.922714,74.24662,0
15.657893,-148.589,0
-95.8873,-72.096634,0
-179.91069,11.488571,0
-56.00508,72.97346,0
168.28828,10.805366,0
-56.41135,72.313286,0
-65.3483,-7.287499,0
32.784405,-0.15402211,0
71.33193,-114.25495,0
-104.45972,-115.98714,0
-96.11756,-8.578248,0
32.722843,0.11894173,0
122.06267,64.44853,0
6.722149,1.9156419,0
8.560628,-36.169365,0
63.51705,-51.62999,0
98.16037,-86.572624,0
55.642063,-48.43193,0
-85.17689,-17.00811,0
62.799923,-51.322636,0
113.29945,86.91125,0
61.787014,-51.036667,0
59.08986,-49.79942,0
66.78183,51.921078,0
49.239952,-75.19404,0
-37.235313,-111.699036,0
-128.33478,-18.5444,0
66.82642,52.339775,0
114.885796,42.084446,0
65.0957,61.50969,0
-5.59164,-69.33675,0
-0.6456751,28.350126,0
72.6616,-140.3978,0
-75.48258,-145.78981,0
-112.89125,20.355295,0
0.17901617,27.52622,0
139.94225,65.02837,0
0.17412895,24.467655,0
-16.68369,-27.165375,0
16.517359,58.359966,0
55.5491,-86.06702,0
-85.609024,-129.8493,0
-139.01642,23.823488,0
17.212317,58.272514,0
103.7278,38.7594,0
19.192303,57.208282,0
-27.346693,-36.915653,0
-58.575314,113.8467,0
-0.8722949,-115.05973,0
-76.7808,-57.864475,0
115.80857,-25.695366,0
-53.397705,114.726395,0
180.8043,44.418385,0
-60.35261,114.30467,0
-62.10139,113.63393,0
25.721615,103.227,0
44.556793,-97.07572,0
-60.012665,-109.689644,0
-150.97346,-32.97783,0
26.131264,107.37205,0
145.02493,32.97586,0
26.266243,107.84023,0
-33.842663,-62.16225,0
-22.517216,84.06064,0
12.85964,-125.453575,0
-75.83401,-65.803566,0
-149.62126,-6.32985,0
-22.449043,83.93975,0
168.55464,18.272152,0
-22.393446,83.704666,0
-31.798996,-8.503482,0
-62.007336,94.36076,0
2.4747467,-130.05327,0
-89.56271,-65.001144,0
-169.17247,11.185727,0
-61.65748,94.615875,0
161.01787,-7.786814,0
-60.668457,95.17133,0
-41.44643,-3.9856963,0
30.69698,89.074486,0
35.675167,-93.69105,0
-62.61574,-116.700134,0
-153.76335,-27.20133,0
30.15827,88.84425,0
141.83984,39.63275,0
29.758728,89.29978,0
-24.667053,-58.569103,0
-48.52543,126.81214,0
46.898605,-76.941376,0
-69.9752,-57.93878,0
110.69867,-27.63789,0
-46.63357,124.99742,0
176.94836,44.52762,0
-49.00025,129.29068,0
-49.78772,131.81667,0
-84.33692,67.01228,0
2.1683044,-150.15924,0
-98.40041,-59.424786,0
-192.75563,20.179356,0
-82.86236,67.92682,0
155.6303,1.6467705,0
-81.96183,68.71664,0
-77.46765,0.15897541,0
-57.834335,111.91496,0
5.415197,-106.20248,0
-74.06157,-56.349228,0
117.42173,-25.69499,0
-53.28238,112.654465,0
179.86945,46.84757,0
-59.506184,111.71192,0
-60.629814,111.18318,0
-3.8894744,117.16629,0
41.56701,-120.19688,0
-67.74712,-88.09148,0
-167.64095,-2.7993968,0
-3.7422326,117.36238,0
159.8724,-3.5570962,0
-3.2822926,118.648544,0
-45.430454,-45.120705,0
-4.5027356,18.479088,0
76.37706,-143.27896,0
-75.085945,-140.60149,0
-110.98168,13.647994,0
-4.396222,18.76275,0
148.04279,69.83371,0
-4.1757045,19.338213,0
-15.490109,-22.59347,0
-90.18863,78.78488,0
-2.8137105,-147.65968,0
-101.14116,-53.429634,0
-186.08769,20.322727,0
-89.96045,78.70861,0
172.47939,-0.7779061,0
-84.58136,83.09593,0
-75.816055,6.313769,0
-8.010988,4.1983385,0
55.97854,-131.22177,0
-109.77929,-121.03293,0
-140.61374,15.916096,0
-8.762664,4.295624,0
134.85187,45.79927,0
-2.77306,0.035097368,0
-8.314014,-17.660414,0
65.76829,22.558722,0
60.842396,-85.51514,0
-64.16001,-154.81337,0
-134.21036,29.09069,0
65.58464,22.456095,0
109.32952,57.428547,0
63.219845,21.859179,0
21.934153,-60.44288,0
-113.52274,69.482864,0
-4.720866,-171.3766,0
-136.22179,-66.93912,0
-136.694,-2.6989114,0
-113.70737,69.72997,0
153.03813,30.857754,0
-113.79513,70.00756,0
-70.91365,-41.54779,0
-7.2591043,126.37208,0
39.935574,-123.77369,0
-68.43842,-83.93158,0
-164.88191,-0.8956619,0
-6.749286,126.00216,0
155.8536,-4.1385098,0
-4.6017284,126.1108,0
-49.193077,-43.789516,0
-30.102877,39.484055,0
35.12039,-149.6507,0
-97.663994,-94.16697,0
-132.7696,6.099267,0
-30.444866,40.031315,0
130.21028,33.647335,0
-31.807362,42.5694,0
-52.975086,-20.585337,0
74.91713,6.64868,0
70.472305,-78.05094,0
-52.362823,-144.35959,0
-111.22478,-15.22463,0
74.93222,6.4899926,0
106.65642,59.118874,0
46.671974,50.17607,0
11.522434,-61.111237,0
-84.95475,68.32102,0
1.2686656,-149.01353,0
-98.78281,-58.458668,0
-190.24239,21.035583,0
-84.374245,68.654,0
117.47894,-5.5589647,0
-81.39872,69.79748,0
-76.46805,1.0486809,0
-52.22237,93.833755,0
19.517221,-126.794586,0
-85.270935,-66.68879,0
-176.08112,15.308861,0
-51.33507,92.99785,0
169.42888,21.982475,0
-49.901253,92.287605,0
-39.78387,-8.946735,0
-53.713123,127.61815,0
6.67986,-109.984375,0
-72.4973,-59.83404,0
107.07868,-33.1606,0
-49.801517,123.66114,0
176.42937,40.845295,0
-56.605656,129.35527,0
-55.52848,131.61511,0
3.969444,18.488773,0
74.35796,-137.42458,0
-71.85631,-145.3293,0
-112.54451,15.770068,0
3.827129,19.07077,0
138.07681,67.85117,0
2.9611804,20.703228,0
-14.13283,-29.03224,0
-20.60075,28.845795,0
52.502712,-147.40018,0
-124.64091,-77.641655,0
-206.6836,0.44986266,0
-20.755089,29.3202,0
112.77034,18.934698,0
-21.458813,30.337532,0
-44.321716,3.6018522,0
3.216477,13.862858,0
75.45576,-135.23305,0
-70.09464,-145.18103,0
-110.95481,15.641092,0
4.226309,13.683425,0
138.97185,66.458725,0
5.180237,14.1401,0
-11.430786,-29.733477,0
58.74239,99.83245,0
28.620438,-79.66739,0
-45.88782,-95.92909,0
-148.86424,-19.335257,0
59.194885,100.210915,0
150.86055,46.088417,0
58.66058,104.417984,0
-21.893417,-79.52014,0
7.265893,-1.6355153,0
70.26494,-114.966034,0
-106.04771,-115.58468,0
-116.41356,7.014098,0
6.690683,-0.7613619,0
128.78783,60.94424,0
5.6510444,0.6444049,0
-0.022829335,-17.362986,0
95.56694,-14.624754,0
-1.6402997,-119.9697,0
94.33753,-12.799278,0
125.52008,-59.759758,0
89.36688,-8.834979,0
172.55493,62.94862,0
95.84859,-15.831127,0
95.464264,-15.198346,0
-48.72469,65.31984,0
17.764977,-157.0365,0
-88.56197,-80.47723,0
-177.57695,-0.7520063,0
-49.58672,65.803955,0
159.85135,5.0465646,0
-50.78127,65.93569,0
-69.45732,-15.761299,0
-49.509163,24.144928,0
43.411034,-154.85965,0
-115.90874,-95.012634,0
-186.37527,-11.170653,0
-49.078125,24.356504,0
120.62246,16.240831,0
-47.948784,24.759718,0
-65.593475,-29.670082,0
-37.50807,32.06169,0
38.463387,-145.34337,0
-105.57263,-93.83665,0
-122.65342,20.675673,0
-37.692463,33.223118,0
117.0539,26.325752,0
-38.691227,35.681087,0
-46.126575,-20.02088,0
30.34824,58.260853,0
48.950813,-86.85928,0
-50.875145,-106.972374,0
-124.2412,7.7394776,0
30.292408,58.65266,0
128.81857,45.825447,0
28.369305,60.7717,0
-15.529009,-61.90601,0
-130.12419,90.39488,0
-17.82781,-176.29626,0
-150.15016,-67.90234,0
-170.55937,43.104515,0
-129.92673,89.243324,0
193.97087,-8.268812,0
-128.23798,86.50969,0
-123.35624,49.63627,0
34.272655,9.224797,0
81.029045,-85.34194,0
-52.003456,-153.8028,0
-95.013374,-11.3499365,0
34.612705,9.12554,0
118.14951,80.83838,0
35.72831,8.4148,0
19.216871,-47.42687,0
-113.971375,77.23055,0
-8.921922,-174.34406,0
-141.4353,-64.96527,0
-168.88745,33.066036,0
-113.742546,77.33085,0
192.42184,3.6592617,0
-110.639404,82.99604,0
-114.65529,54.737335,0
33.827774,35.485226,0
55.94281,-111.85308,0
-60.760437,-132.70013,0
-116.293365,1.9775426,0
34.104126,35.535873,0
138.42522,58.01261,0
34.741035,35.713318,0
-11.724385,-46.134712,0
-73.41861,136.65428,0
96.5706,-95.1894,0
112.1405,-41.28283,0
-83.79325,131.42473,0
-74.28678,137.26558,0
98.72533,119.804596,1
-74.49083,137.27402,0
-75.42273,137.86258,0
-114.39172,78.09866,0
-9.457493,-174.41998,0
-141.74164,-64.961136,0
-168.76953,33.698166,0
-114.0701,78.328285,0
191.6978,1.1501094,0
-110.9704,82.99464,0
-115.16021,54.09505,0
32.021126,33.308453,0
50.641956,-113.98742,0
-60.772785,-129.43518,0
-156.51231,6.8575907,0
32.206978,33.9881,0
137.92104,56.359276,0
30.93754,32.466785,0
-16.2062,-46.77712,0
72.99386,-3.5792658,0
74.18235,-76.67572,0
-50.622467,-145.99751,0
-103.74517,-16.06442,0
72.50342,-0.69040763,0
106.29704,65.07471,0
65.258316,3.2547138,0
14.844718,-58.56882,0
-119.96838,82.56688,0
-13.411048,-175.0524,0
-147.597,-66.56485,0
-170.50742,37.954193,0
-120.30975,83.20907,0
193.3004,1.1406215,0
-125.70389,83.75509,0
-120.22333,50.834805,0
-32.728676,76.06242,0
23.325176,-131.18896,0
-86.39045,-72.393196,0
-168.5402,5.757614,0
-32.46459,76.23755,0
157.74747,17.951519,0
-31.883913,74.85025,0
-44.039234,-11.908555,0
79.59908,-15.563096,0
14.799452,-129.58644,0
-78.29229,-72.79026,0
118.50869,-52.611786,0
-39.04178,86.20608,0
177.8073,52.02225,0
78.44392,-16.74327,0
77.78128,-16.564009,0
-26.938993,24.814817,0
48.695675,-147.42747,0
-111.33267,-102.08954,0
-134.19333,23.021477,0
-27.233482,24.918762,0
116.50937,27.942846,0
-28.36797,25.299597,0
-45.709812,-25.850399,0
-4.706911,79.69581,0
27.037792,-109.76454,0
-79.18547,-116.89363,0
-173.35345,-27.34861,0
-4.4766283,80.19276,0
149.086,8.244099,0
-1.6787859,83.0711,0
-48.842983,-54.803062,0
-4.30687,108.53268,0
43.641037,-115.685776,0
-65.81867,-93.07617,0
-161.41277,6.809078,0
-4.4221077,108.85771,0
144.67188,0.97600967,0
0.6843121,107.799065,0
-40.589043,-46.722145,0
-32.481274,39.995518,0
33.657017,-150.03763,0
-97.93373,-92.81979,0
-165.7478,9.377448,0
-32.506096,40.641388,0
132.42035,20.221025,0
-32.991917,42.05184,0
-53.83254,-19.065159,0
-65.40128,147.55344,0
99.41821,-87.08242,0
116.59049,-39.668346,0
105.239586,-39.51828,0
-67.75632,146.95703,0
94.98521,121.592026,1
-69.10154,150.20312,0
-68.33038,149.09656,0
10.268969,151.82327,0
117.259125,-79.38909,0
141.32236,-56.659405,0
3.2892811,151.21709,0
3.5136337,153.34468,0
80.125374,134.54224,1
4.015715,152.23793,0
4.122607,154.27979,0
-32.912094,109.38904,0
5.5010877,-119.571396,0
-70.35045,-72.11481,0
-167.45677,-11.346255,0
-33.63146,109.196594,0
181.32022,18.575321,0
-34.77927,108.981995,0
-32.37854,0.37403157,0
6.140055,72.14927,0
14.480745,-102.397484,0
-59.216385,-76.56309,0
-151.09511,1.0973364,0
5.9074187,71.14646,0
166.11761,40.769524,0
5.703307,69.56295,0
-24.290043,-12.870787,0
11.5421915,41.79453,0
61.995937,-120.02886,0
-69.78507,-137.3248,0
-129.26823,-7.5348396,0
11.482462,41.974648,0
124.88763,34.876324,0
10.815245,34.63597,0
-17.508608,-34.93692,0
-31.370861,75.74011,0
23.58829,-131.10558,0
-85.94588,-72.24085,0
-168.33643,6.743267,0
-31.429613,75.39197,0
155.0471,17.20651,0
-31.244852,74.62476,0
-44.190296,-12.330792,0
-108.32248,93.57556,0
-11.6122055,-169.45403,0
-143.99101,-71.00879,0
-175.03754,36.489178,0
-108.91115,93.347885,0
187.86455,-4.7450314,0
-118.87219,92.09208,0
-120.01873,56.822872,0
81.58925,21.70587,0
63.85339,-79.59967,0
-33.81518,-121.732376,0
-113.38304,-21.499947,0
80.784546,22.035824,0
110.23808,52.791573,0
63.254013,58.651928,0
3.7250884,-62.195324,0
-26.48647,20.317213,0
47.355827,-139.39177,0
-108.66187,-101.913086,0
-128.36131,16.423918,0
-26.673729,20.20828,0
126.39246,27.243328,0
-28.191372,19.890347,0
-48.50102,-25.856068,0
-42.647415,76.96192,0
21.447216,-153.12671,0
-90.94872,-75.84248,0
-179.00609,4.4687376,0
-43.066654,76.850235,0
160.6687,14.247434,0
-49.08722,78.088326,0
-63.744232,-13.249156,0
-7.0326147,84.20524,0
26.450825,-108.00901,0
-80.01246,-114.346695,0
-173.63637,-24.322092,0
-6.684419,84.62084,0
150.29161,7.007195,0
-4.0274534,86.38179,0
-49.288307,-56.810223,0
15.169881,28.712574,0
63.257652,-119.888084,0
-66.96027,-142.39282,0
-104.07097,14.193021,0
15.175637,28.768524,0
123.22312,57.258667,0
14.002562,28.9218,0
-15.391595,-34.40773,0
-124.29586,78.01116,0
-15.772385,-172.35281,0
-153.30293,-70.20585,0
-166.63847,40.633904,0
-124.751755,77.91206,0
194.51082,-12.336388,0
-125.805984,78.44597,0
-122.6757,54.55256,0
-55.614178,152.43463,0
100.57725,-93.12183,0
126.82188,-37.921757,0
112.92533,-33.70535,0
-56.096836,155.76411,0
95.46484,125.96136,1
-56.84123,159.46423,0
-56.7706,156.82867,0
47.86169,65.39212,0
45.030468,-78.92104,0
-43.086037,-109.0402,0
-130.89394,-9.292958,0
46.911194,65.03187,0
151.54744,35.65206,0
47.555965,68.22984,0
-10.099637,-67.030304,0
4.7437844,99.36487,0
36.56233,-108.01757,0
-72.741684,-110.31905,0
-166.05307,-32.428715,0
5.051771,98.916725,0
145.1096,-11.329636,0
5.29209,98.7159,0
-41.172863,-54.36704,0
25.14178,152.02022,0
103.83905,-67.06496,0
134.6298,-67.53086,0
39.712227,155.9234,0
37.885902,149.91637,0
70.00145,140.11424,1
39.10638,156.8186,0
36.868877,148.4425,0
-56.348755,57.419086,0
19.247692,-145.53604,0
-103.68763,-77.53064,0
-182.10759,-1.9323658,0
-56.32604,57.45402,0
168.04858,1.7163471,0
-58.151447,56.618347,0
-60.589325,-5.2739124,0
22.935843,120.47951,0
31.008017,-99.7423,0
-71.47901,-105.02246,0
-160.68497,-27.55071,0
21.936102,120.11448,0
155.07692,-10.794514,0
20.872684,121.23154,0
-40.90495,-65.49868,0
64.08269,-31.093943,0
107.91469,-98.149475,0
60.60131,-38.921402,0
-89.72677,-28.83981,0
63.86657,-31.230444,0
120.94676,96.37954,0
63.419727,-31.42048,0
64.32315,-32.201008,0
18.829298,93.63976,0
46.84069,-102.27011,0
-66.2119,-114.77782,0
-159.16148,-39.233112,0
19.437183,93.5217,0
121.114426,54.2404,0
21.108168,92.50922,0
-32.3088,-53.696507,0
78.09866,21.005207,0
64.26317,-80.56701,0
-34.327267,-123.55062,0
-103.08526,-19.05211,0
78.93787,21.392864,0
109.63484,52.88621,0
66.82469,13.062784,0
4.3591604,-60.434433,0
38.63592,19.642609,0
66.85696,-108.59905,0
-72.31732,-131.93944,0
-108.47331,11.283169,0
38.665257,19.483187,0
138.89825,71.691284,0
37.021442,19.003496,0
-3.9894767,-38.485714,0
-19.427134,81.44516,0
10.0119,-125.09439,0
-93.31597,-101.58223,0
-126.416756,18.206562,0
-19.374657,81.73485,0
123.222305,31.24333,0
-19.025179,82.63634,0
-30.589127,-6.953691,0
33.517727,37.74996,0
51.854103,-114.54395,0
-62.5524,-127.78791,0
-123.38905,-0.74535817,0
32.981,37.35405,0
138.45236,55.411625,0
32.62359,38.07353,0
-17.669317,-47.52208,0
-55.094254,19.265234,0
47.159916,-159.72743,0
-121.52676,-97.22832,0
-187.81528,-5.863079,0
-55.28335,20.03756,0
141.91116,9.006307,0
-55.22071,20.738901,0
-72.587555,-31.15787,0
56.55382,9.861519,0
73.14939,-106.132126,0
-34.125458,-134.85683,0
-98.90548,-4.505848,0
56.521324,10.402744,0
115.13169,74.34535,0
41.943005,2.5245686,0
2.8513696,-38.816967,0
-8.356423,122.938835,0
38.96375,-121.71063,0
-69.50181,-86.105804,0
-171.96948,-30.908209,0
-7.2851863,122.53813,0
151.88809,-9.32752,0
-6.5793757,122.36588,0
-48.859207,-46.202023,0
3.985688,-5.3723564,0
61.094948,-128.006,0
-109.17219,-115.9426,0
-142.33412,8.254675,0
3.6929798,-4.847146,0
118.40303,-2.2030935,0
0.33306888,-0.81539947,0
-2.063434,-14.856042,0
-11.317322,10.610961,0
58.20867,-141.02292,0
-98.76665,-126.84412,0
-144.00511,27.821953,0
-11.233326,10.101347,0
120.12475,-2.5010366,0
-11.288052,8.888493,0
-28.136108,-20.808304,0
65.11444,-11.648057,0
81.209145,-78.35103,0
-43.94853,-150.65361,0
-93.8921,-15.943672,0
63.014294,-10.65376,0
110.27515,77.80312,0
56.69697,-8.627228,0
19.656918,-53.830647,0
-67.479645,143.2597,0
98.12369,-90.63737,0
114.97237,-40.1994,0
104.15348,-38.768448,0
-69.62288,143.74045,0
97.360634,120.99268,1
-71.98135,143.95181,0
-71.30195,143.92038,0
5.494129,46.825443,0
48.39276,-54.58884,0
-91.427345,-136.83904,0
-135.94586,32.78665,0
4.612553,47.515358,0
106.31535,22.926994,0
0.34779632,46.55062,0
-28.601694,-27.235157,0
-12.602035,158.14307,0
104.54696,-82.8278,0
132.91463,-35.721912,0
122.250336,-55.18157,0
-12.318857,155.12238,0
87.10393,131.59949,1
-16.20613,157.21675,0
-15.050494,157.16093,0
-93.43961,49.744354,0
6.5428863,-166.06563,0
-116.35858,-63.91569,0
-196.42699,11.306172,0
-92.78654,50.016773,0
178.29938,4.3304796,0
-90.96458,50.752617,0
-59.439484,9.810246,0
-89.929184,35.301,0
11.757663,-171.96805,0
-121.44165,-70.03847,0
-203.11382,7.355378,0
-89.34527,35.384922,0
119.56841,1.359385,0
-87.98754,36.04332,0
-52.055573,6.8852577,0
40.44961,-37.119476,0
101.96077,-108.00061,0
-21.592499,-126.36036,0
-147.38768,-42.993885,0
40.39833,-37.009766,0
150.9988,15.363972,0
40.340557,-36.783585,0
38.902565,-36.57185,0
58.22639,83.20732,0
36.807743,-80.64513,0
-41.418877,-101.64819,0
-131.778,-15.34495,0
58.368652,83.227516,0
136.58167,39.139996,0
56.57677,85.98324,0
-17.166613,-70.77505,0
-7.655256,16.319382,0
69.76338,-121.20159,0
-99.157425,-118.01279,0
-124.15655,13.089995,0
-7.7537956,16.383253,0
160.93654,56.388508,0
-8.459833,17.079988,0
3.4240973,-28.511578,0
68.21563,111.80228,0
24.196424,-77.02651,0
-42.873653,-90.678825,0
-144.71353,-10.990049,0
67.79907,111.74725,0
163.8316,29.235582,0
67.32979,110.638435,0
-23.613966,-82.60285,0
20.87847,74.80479,0
8.010084,-104.017395,0
-61.84153,-69.09978,0
-127.70486,-32.54753,0
21.241575,74.90139,0
173.82693,33.510086,0
22.167816,75.807724,0
-23.989618,-6.7281733,0
-70.188034,58.945965,0
39.0615,-159.59528,0
-105.47585,-73.68367,0
-185.52518,-2.8373055,0
-70.32461,59.45658,0
134.83078,2.1327786,0
-70.77487,60.02735,0
-67.04614,-24.371624,0
-74.57843,132.81412,0
15.260015,-113.10087,0
111.618,-41.384388,0
-83.80595,131.15077,0
-76.56858,133.26537,0
99.87768,119.17045,1
-76.783264,133.53882,0
-78.09321,134.01767,0
-8.198511,80.24868,0
25.044567,-109.17056,0
-81.14241,-115.663666,0
-169.83302,-19.069565,0
-8.0843725,80.477036,0
148.91338,14.682902,0
-3.366694,84.911835,0
-50.392426,-56.04612,0
-63.880203,149.5129,0
100.268486,-84.247574,0
123.29754,-40.156452,0
105.975716,-37.156387,0
-65.30066,149.97961,0
93.7248,122.52944,1
-66.07661,153.40129,0
-66.07631,152.05203,0
75.9075,88.48017,0
33.151203,-74.70159,0
-36.9872,-97.55971,0
-138.74686,-18.67359,0
75.81322,88.27273,0
158.95483,34.587345,0
66.33892,90.44231,0
-14.558135,-79.46335,0
5.8080726,51.817493,0
46.093403,-53.15164,0
-89.29865,-140.50423,0
-143.67493,23.165964,0
5.555866,51.633446,0
109.39213,30.654425,0
-0.42164886,49.316555,0
-30.37856,-27.415508,0
-57.113976,114.97305,0
62.981766,-72.76541,0
-43.134064,-118.69992,0
114.493324,-25.774632,0
-52.300724,112.36434,0
176.28606,48.077488,0
-61.182503,116.32101,0
-62.449215,116.34022,0
-85.100655,69.76769,0
0.3291289,-149.17169,0
-99.433464,-58.07809,0
-190.02414,19.170065,0
-83.929115,70.30836,0
177.06337,-4.888242,0
-81.85976,71.0799,0
-76.6122,2.1414473,0
77.49064,89.30092,0
33.895176,-72.72624,0
-35.28239,-98.07118,0
-139.28375,-19.0444,0
77.21684,89.1955,0
160.31973,35.62829,0
71.420006,92.26095,0
-11.315473,-80.04528,0
-10.248409,61.59758,0
38.30652,-57.74996,0
-99.57912,-140.38272,0
-152.82065,17.183275,0
-10.811284,60.77817,0
113.03799,30.940424,0
-11.488031,59.049835,0
-36.006638,-35.61916,0
41.97897,49.454987,0
68.607155,-73.516014,0
-52.11403,-141.04402,0
-123.945816,-7.513798,0
42.21597,50.136322,0
99.81601,60.068367,0
42.81906,52.839928,0
13.266482,-64.12078,0
-78.35812,74.85793,0
4.6673408,-144.81868,0
-102.51933,-59.985043,0
-190.89874,14.584473,0
-78.618286,75.44128,0
172.92702,12.218503,0
-79.128075,77.03085,0
-70.27002,1.4144285,0
-15.229911,68.72284,0
37.156906,-50.05394,0
-99.23345,-148.6704,0
-159.34567,15.148474,0
-15.762441,68.730354,0
143.97557,10.0792885,0
-17.86456,67.84898,0
-43.288536,-32.93197,0
14.496461,-4.9767776,0
71.890495,-122.0986,0
-97.18644,-114.6404,0
-126.75113,13.178858,0
14.633923,-4.893393,0
122.60117,30.117582,0
15.289406,-2.2331913,0
1.0802361,-26.456764,0
36.06931,30.481628,0
60.56531,-109.10418,0
-59.027573,-130.30995,0
-104.235504,8.804271,0
35.985634,30.235607,0
145.55331,52.451817,0
34.49458,29.79431,0
-14.376684,-45.084045,0
33.591434,-15.603382,0
84.12447,-114.504684,0
-30.392225,-148.58546,0
-92.43538,5.623186,0
33.091995,-15.301448,0
130.39195,74.03684,0
29.738417,-13.073977,0
12.12038,-32.102554,0
-71.30845,83.592445,0
5.76629,-139.45212,0
-107.32484,-60.985416,0
-189.03781,12.132564,0
-71.76664,83.72315,0
176.3152,0.7375628,0
-73.12666,83.87044,0
-66.50035,5.501281,0
-47.915497,42.159393,0
28.463934,-144.7003,0
-105.65361,-87.98506,0
-125.014015,23.70291,0
-48.135002,42.553764,0
130.31349,12.919836,0
-46.311794,41.282608,0
-49.37427,-5.575645,0
-4.716522,133.38664,0
38.922203,-126.66376,0
-68.61476,-81.070496,0
-162.21935,-3.0276964,0
-4.5314417,133.10732,0
161.05821,-10.350567,0
-2.1501982,130.65591,0
-50.977,-40.409546,0
-67.08781,57.142017,0
15.586493,-144.6144,0
-102.598015,-71.773094,0
-186.66318,-0.672353,0
-67.12801,57.316315,0
169.28206,9.951721,0
-67.048225,59.30322,0
-62.776596,-3.0048234,0
-53.585632,126.59928,0
8.79085,-115.68259,0
-74.149445,-60.165634,0
107.184456,-32.61458,0
-50.729614,122.35369,0
178.44159,39.951534,0
-56.422955,128.28596,0
-54.366764,130.2341,0
-43.243896,51.770805,0
35.658997,-135.09586,0
-97.55762,-112.038864,0
-157.63127,-12.939507,0
-42.97994,51.422646,0
161.25172,8.978956,0
-42.59958,50.48618,0
-52.240536,-25.958586,0
-9.949253,61.800064,0
38.471874,-57.61342,0
-99.14001,-140.81172,0
-138.5011,-12.867262,0
-10.399409,61.04605,0
113.03067,28.322874,0
-11.033291,58.977863,0
-35.754017,-35.28071,0
-11.520145,35.747795,0
61.800304,-144.79774,0
-96.91215,-132.49112,0
-144.2409,30.244345,0
-11.584225,35.92824,0
106.485954,26.612656,0
-11.309783,36.847183,0
-31.057665,-24.064638,0
39.076637,68.431274,0
43.75726,-86.3342,0
-46.980858,-106.01126,0
-135.91681,-3.7386694,0
35.150978,67.16879,0
137.12389,49.812057,0
34.447933,67.32916,0
-17.025982,-65.76578,0
-21.345676,75.23002,0
46.80202,-116.896416,0
-62.771187,-92.42409,0
-154.88351,9.164,0
-21.276342,74.821335,0
139.56206,17.872208,0
-21.570873,74.11627,0
-55.733597,-13.760946,0
28.066742,151.71262,0
109.32434,-71.52766,0
134.8226,-69.33745,0
42.360897,155.46219,0
43.65581,150.99066,0
68.31071,139.18071,1
43.230953,154.47093,0
43.96856,150.18484,0
-136.53108,83.28514,0
-20.154844,-173.93915,0
-148.40547,-71.91511,0
-168.93994,44.56221,0
-135.86427,83.500946,0
192.56581,-6.4755063,0
-132.60674,84.663185,0
-127.014824,51.57603,0
-57.66629,117.538864,0
15.733705,-131.19238,0
-78.14962,-61.503525,0
113.158165,-25.871555,0
-53.44068,117.296585,0
183.46535,42.97655,0
-60.35786,118.36633,0
-62.383266,119.15088,0
44.616238,2.210118,0
76.49591,-104.03673,0
-34.218067,-140.87108,0
-92.41462,-3.831936,0
44.20905,2.1539128,0
116.63484,72.1767,0
42.41892,1.730498,0
7.6660542,-39.491848,0
56.388508,9.556603,0
73.33805,-94.48342,0
-35.26797,-133.19287,0
-108.38338,-21.836319,0
56.50613,11.370434,0
106.96812,69.70595,0
57.24297,12.310943,0
7.9604807,-50.293728,0
-2.3670392,31.587114,0
71.12698,-141.88669,0
-77.868645,-145.14839,0
-115.52452,26.824404,0
-2.3399482,31.54067,0
129.29182,52.06122,0
-1.3757523,24.435743,0
-18.757359,-26.08905,0
-25.944363,9.947407,0
47.386684,-135.22292,0
-104.341934,-108.26262,0
-134.64645,4.9363203,0
-25.298197,10.768454,0
131.17776,46.235706,0
-24.570047,12.502342,0
-5.9916105,-24.729002,0
-8.098282,123.631485,0
39.610092,-122.2002,0
-68.67987,-85.49646,0
-171.37436,-33.11512,0
-7.3096895,123.660385,0
153.00148,-8.612657,0
-6.349764,123.376625,0
-48.68221,-45.50936,0
20.509787,-24.586964,0
85.116714,-124.248634,0
-93.21945,-106.50029,0
-131.79373,14.564254,0
20.573837,-24.37136,0
130.45242,28.330011,0
19.900234,-19.24547,0
7.6975636,-22.104383,0
75.156,7.7387533,0
71.47228,-78.72815,0
-52.977135,-144.97783,0
-105.86932,-12.447282,0
74.50276,8.160764,0
109.49028,66.9005,0
69.924095,8.342694,0
13.157003,-57.519653,0
-50.837063,59.89619,0
15.40716,-154.26895,0
-97.48613,-77.99409,0
-180.38904,-0.35367066,0
-50.85631,59.70622,0
161.7522,7.361741,0
-53.616325,66.56662,0
-69.684906,-11.90925,0
-34.98795,125.30715,0
6.0952926,-106.05394,0
-61.119164,-67.48889,0
-131.02519,-17.937366,0
-34.894684,125.038765,0
173.78539,37.126038,0
-24.390547,118.277794,0
-23.007774,-5.4279494,0
103.87078,-8.243715,0
-5.387532,-119.69322,0
100.60199,-7.348365,0
128.96716,-64.333046,0
91.02916,-7.0346885,0
170.47922,64.241005,0
106.12637,-12.703696,0
104.56527,-12.898075,0
97.83749,-12.349671,0
-4.2825,-119.651855,0
126.36796,-61.027897,0
97.89715,-14.58489,0
98.57671,-15.01598,0
172.88281,65.208275,0
98.240974,-14.739682,0
99.04586,-15.821594,0
-58.212246,113.8513,0
9.159714,-115.515434,0
-76.3976,-58.76536,0
116.44158,-25.700083,0
-53.620934,115.3604,0
181.71716,44.29601,0
-60.2752,114.0409,0
-61.63379,113.95189,0
-83.683655,66.72364,0
2.9071488,-149.68315,0
-98.105896,-60.284218,0
-190.78172,19.664787,0
-82.948685,66.960915,0
134.04953,7.6992517,0
-81.07111,68.24963,0
-76.50603,-0.5638768,0
-63.119675,24.89218,0
41.88912,-160.29607,0
-119.75333,-91.648346,0
-182.38681,-7.3420057,0
-61.42815,25.481462,0
184.82622,-11.171217,0
-59.41534,27.323357,0
-70.056,-26.205929,0
66.40437,43.594357,0
56.64909,-99.595665,0
-54.416767,-123.65216,0
-117.396034,-4.8920527,0
66.44305,43.900436,0
99.37674,20.442034,0
36.109318,36.801468,0
-14.814561,-49.621513,0
52.053696,77.953674,0
39.49902,-80.3048,0
-43.466614,-107.631065,0
-130.83142,-11.118619,0
51.86507,78.10288,0
150.4169,35.877228,0
51.23862,78.20673,0
-14.69429,-71.65441,0
-9.25457,27.223326,0
74.815926,-145.07195,0
-77.42991,-140.03796,0
-110.44302,26.895493,0
-24.574202,52.588127,0
146.60803,68.52255,0
-25.616692,53.18397,0
-58.44496,-26.492083,0
-118.07344,83.18651,0
-11.697188,-175.7988,0
-144.81693,-65.06413,0
-169.48055,36.94803,0
-117.537094,83.50218,0
192.64168,-0.58671033,0
-116.25973,84.270744,0
-116.810844,51.7485,0
9.612528,65.21829,0
16.056755,-101.346985,0
-59.088158,-78.865135,0
-150.80333,3.4472125,0
9.4553585,65.69064,0
164.91003,47.282707,0
5.801464,67.19869,0
-24.072668,-14.877419,0
-48.101547,127.28391,0
8.005232,-105.002556,0
-70.338875,-59.78233,0
109.87728,-27.904854,0
-46.33554,126.27324,0
175.83005,43.8555,0
-48.790627,128.84814,0
-48.97628,130.91422,0
-33.151733,131.86914,0
5.5759883,-108.44825,0
-64.1459,-60.68604,0
-148.00584,-8.525417,0
-33.285675,132.05518,0
172.20671,39.655117,0
-20.86918,121.12592,0
-19.54923,-1.5494418,0
9.417253,93.14692,0
37.06398,-106.184456,0
-71.79356,-111.835686,0
-166.3582,-33.955788,0
9.17583,94.10921,0
142.36696,-13.802139,0
8.322125,96.60837,0
-40.210625,-55.560062,0
-28.604872,12.817214,0
44.021893,-136.22119,0
-104.597755,-104.974464,0
-137.21198,6.338626,0
-28.432125,13.317256,0
133.24426,29.185898,0
-27.208937,14.423155,0
-51.128025,-30.595621,0
-44.381943,75.12337,0
21.13716,-152.18094,0
-92.10447,-75.64038,0
-178.74132,5.6069202,0
-44.38811,75.197334,0
160.57832,17.799295,0
-49.94481,78.793816,0
-63.692215,-12.432672,0
12.32554,73.79841,0
15.840271,-98.71972,0
-56.41018,-79.134796,0
-150.01073,6.3019857,0
12.142982,74.2042,0
161.99098,50.579834,0
11.63898,75.00728,0
-21.08532,-14.946505,0
15.982244,54.066566,0
54.749622,-87.52623,0
-86.41146,-128.90636,0
-120.108345,13.92953,0
16.241596,53.743454,0
130.25012,50.824142,0
17.291758,52.26214,0
-26.094257,-37.993385,0
11.042914,112.716835,0
47.056877,-112.45691,0
-60.6194,-103.675865,0
-148.21356,-35.45899,0
11.148341,112.45851,0
145.47571,7.9884133,0
10.938626,111.36385,0
-35.921535,-48.849743,0
16.787113,60.373104,0
54.714684,-84.09993,0
-84.18661,-130.47054,0
-127.91655,-12.011029,0
19.487011,59.881794,0
104.29278,40.311394,0
20.487143,59.159927,0
-28.647966,-36.965748,0
-35.45153,19.277802,0
46.808193,-148.25514,0
-110.44945,-101.13859,0
-127.4218,19.459606,0
-35.644623,19.543169,0
122.5894,20.751102,0
-39.24899,25.512337,0
-49.11869,-24.89295,0
-31.881199,126.655846,0
0.22080691,-110.94251,0
-66.19392,-64.048485,0
-151.34186,-10.050629,0
-31.406666,126.4943,0
177.52907,25.62342,0
-26.928604,121.00768,0
-24.43607,0.23135759,0
-50.104225,62.08335,0
15.101747,-157.30627,0
-81.174,-88.20281,0
-175.03848,-8.461575,0
-49.462852,62.169037,0
147.20279,-10.813156,0
-48.453354,62.312885,0
-62.58354,-42.38361,0
54.611282,20.433672,0
69.22545,-100.251465,0
-42.834595,-133.06212,0
-105.445,-1.3944889,0
54.771885,20.48674,0
115.699066,69.99342,0
48.209816,23.201838,0
-12.751086,-42.0387,0
80.128624,54.06818,0
51.71573,-66.95829,0
-28.530384,-113.559,0
-120.097115,-21.956875,0
76.70737,56.534878,0
108.01293,50.00434,0
75.891884,57.47294,0
2.6472924,-71.55931,0
49.84915,52.387787,0
60.58333,-70.9715,0
-22.222164,-111.48254,0
-124.499916,-10.614776,0
49.652214,52.5851,0
107.35752,43.128,0
48.23684,55.832493,0
7.259115,-76.62372,0
46.372387,-3.4127145,0
78.58533,-102.48651,0
-36.33463,-141.16997,0
-94.37339,-2.8484979,0
46.323784,-3.3073292,0
113.44168,72.95381,0
45.222477,-0.68791556,0
9.851963,-41.31075,0
-112.70258,79.773735,0
-8.712944,-176.31245,0
-142.1576,-62.94663,0
-168.20769,36.28205,0
-112.70385,80.28477,0
189.2829,3.5345054,0
-111.73002,81.459816,0
-113.90022,52.962444,0
51.957954,-32.51318,0
104.10301,-103.83229,0
52.81181,-38.85298,0
-118.22017,-37.281815,0
51.950905,-32.875072,0
127.019104,92.84158,0
51.951958,-33.553875,0
50.814976,-35.556015,0
57.72163,100.775375,0
28.503931,-81.08667,0
-46.713726,-96.64622,0
-150.36876,-22.442522,0
57.697727,101.855225,0
151.82585,23.362146,0
58.3332,103.05551,0
-21.076317,-77.139206,0
4.7271223,179.88052,0
107.71161,-80.7861,0
135.56314,-66.225845,0
122.4846,-24.666262,0
6.269196,178.90807,0
72.51561,137.75159,1
7.1111426,180.52373,0
6.834095,179.3884,0
70.35244,70.56168,0
42.102234,-65.891495,0
-29.754086,-106.286835,0
-127.41845,-22.414627,0
70.14108,70.80274,0
142.2257,35.39255,0
68.50556,71.05635,0
-2.9208355,-76.16894,0
32.56633,62.27839,0
46.17882,-85.945595,0
-49.097202,-104.83559,0
-134.22115,-5.8560286,0
32.38703,62.744396,0
130.70071,40.68038,0
32.241055,65.9257,0
-15.376136,-63.97412,0
33.503433,59.890575,0
46.791786,-86.231224,0
-49.912167,-104.88979,0
-136.97092,-4.2792153,0
33.226322,59.435062,0
132.39845,41.794476,0
32.98483,58.356342,0
-17.616114,-63.24546,0
28.672707,-19.9694,0
83.785126,-118.501465,0
-26.973827,-146.22595,0
-96.972824,9.466933,0
28.360989,-19.89102,0
132.93912,69.70008,0
25.532003,-16.007263,0
9.740731,-28.727247,0
54.400074,52.6859,0
58.440945,-73.87457,0
-32.86422,-119.100685,0
-118.91566,-18.345018,0
54.429455,53.088223,0
116.9596,44.23237,0
55.602947,55.980473,0
2.036481,-65.4017,0
82.07291,97.04303,0
28.818178,-68.47528,0
-31.791698,-92.830734,0
-143.74026,-19.666899,0
81.20067,97.51538,0
167.14388,34.37944,0
78.53378,99.0805,0
-12.015343,-86.66979,0
-63.310898,52.880863,0
19.755924,-142.5304,0
-107.418945,-77.75408,0
-191.47763,1.9561903,0
-63.20278,52.496895,0
167.65305,7.277719,0
-63.199337,50.867657,0
-58.382214,-3.7293231,0
-58.119896,19.19186,0
44.80648,-158.36063,0
-119.72553,-94.89971,0
-185.39485,-7.8743033,0
-57.92899,19.590054,0
129.53998,5.8533015,0
-56.41153,23.264334,0
-69.70335,-29.781185,0
56.003925,100.5177,0
28.484533,-81.74027,0
-47.73603,-97.26749,0
-138.13812,-6.3775363,0
56.45274,100.61113,0
152.42021,21.93001,0
58.96548,102.84828,0
-21.790163,-76.64674,0
83.15895,-18.416748,0
4.368074,-104.74631,0
-76.00561,-52.42895,0
119.65775,-55.468834,0
81.30339,-10.983553,0
179.92372,54.962883,0
82.52657,-23.306612,0
81.50329,-20.787338,0
24.471525,-2.0837903,0
74.73367,-118.094284,0
-94.31273,-119.15726,0
-97.96555,3.7548854,0
24.2635,-1.9985164,0
125.252556,65.37339,0
21.095753,-1.6714245,0
2.825942,-32.025917,0
52.937218,20.277782,0
66.80056,-100.72406,0
-44.37575,-131.78772,0
-103.808685,-4.479049,0
52.88135,20.16347,0
109.75775,71.05821,0
47.136497,22.595892,0
-0.23423705,-45.56659,0
55.6556,67.89267,0
42.61005,-77.53439,0
-41.29585,-108.21113,0
-130.40584,-11.8688755,0
55.83977,68.16437,0
125.6964,33.611626,0
58.28652,67.72992,0
-9.2976055,-68.79897,0
25.02337,45.38216,0
56.51475,-106.4629,0
-77.552765,-124.616486,0
-112.91406,5.605879,0
25.729944,45.30044,0
119.280205,59.367004,0
26.827557,45.335133,0
-24.657581,-43.700127,0
43.229103,92.48342,0
30.828876,-87.174934,0
-53.3982,-101.112366,0
-153.51599,-30.723131,0
43.157116,92.20925,0
143.82678,25.229046,0
42.88421,91.66606,0
-24.95567,-67.56442,0
36.70376,51.661503,0
68.16414,-70.64539,0
-54.935303,-141.35153,0
-122.7475,-4.6348577,0
36.703373,51.869564,0
123.58268,37.502163,0
39.069622,55.329308,0
14.013763,-66.51158,0
36.437637,25.771309,0
62.513027,-110.52405,0
-57.497944,-132.08864,0
-114.43301,2.2152457,0
36.004246,26.109524,0
132.82332,61.57718,0
34.789875,26.403183,0
-13.134569,-46.707893,0
14.901119,108.063515,0
37.232536,-101.74605,0
-66.1991,-107.9864,0
-160.19719,-31.014704,0
15.239155,108.3745,0
144.3109,-16.151424,0
15.435007,108.88979,0
-37.461365,-58.856247,0
-15.4023695,42.836407,0
59.04311,-149.06291,0
-101.95672,-134.90425,0
-152.72256,25.23766,0
-15.585093,43.190998,0
113.873924,21.859037,0
-16.749123,46.49373,0
-37.517773,-24.122707,0
13.213708,100.0071,0
36.065483,-103.82549,0
-70.450935,-109.53897,0
-164.3604,-32.65806,0
13.089985,100.41803,0
146.47957,-16.004524,0
9.502514,99.41106,0
-39.67709,-57.973854,0
80.60489,-54.76448,0
117.191574,-94.67781,0
75.70043,-56.89546,0
-85.83497,-35.765873,0
81.01605,-55.864094,0
117.40123,103.6424,0
81.49971,-56.758266,0
79.523315,-56.9907,0
82.14933,97.44258,0
29.032833,-68.03808,0
-31.934446,-92.47753,0
-143.98741,-18.933296,0
81.61735,97.96785,0
164.23822,32.696766,0
78.85815,99.62995,0
-11.728113,-86.49825,0
38.660408,122.68141,0
33.2545,-91.98563,0
-64.045074,-101.223656,0
-147.51953,-20.596323,0
38.475056,122.58489,0
149.53717,28.391512,0
37.43404,117.94576,0
-34.546474,-68.56029,0
-8.856661,165.4727,0
105.64777,-80.52188,0
134.43857,-37.6061,0
130.77338,-62.175156,0
-9.086192,154.01965,0
85.04942,133.21753,1
-11.745753,167.87013,0
-10.95081,166.8263,0
35.857407,63.46529,0
47.417572,-83.17323,0
-49.847782,-103.324394,0
-141.442,-6.444559,0
35.586823,63.520737,0
131.41759,36.362873,0
34.01425,64.94779,0
-13.040449,-62.640877,0
81.86347,-54.237175,0
116.725655,-94.83593,0
75.13118,-57.23791,0
-85.935715,-36.25895,0
82.07359,-55.213524,0
116.91821,104.4567,0
82.32305,-56.184597,0
78.75668,-57.27594,0
8.34802,64.70161,0
16.233042,-101.6171,0
-59.196808,-78.78818,0
-149.96886,4.0134606,0
8.051716,65.19586,0
166.06082,47.791256,0
6.8514147,66.898254,0
-24.24061,-14.656204,0
-3.5818186,133.0936,0
39.306053,-126.985916,0
-68.34763,-80.49702,0
-160.93341,-2.8495479,0
-3.1496735,132.4029,0
158.35237,-5.5375066,0
-2.1025417,131.3042,0
-50.816906,-40.525345,0
37.001774,29.303528,0
61.31287,-109.36822,0
-58.375195,-130.01526,0
-138.0793,-40.25323,0
36.40482,29.232838,0
133.45456,68.58236,0
35.19711,28.604279,0
-14.154955,-46.163246,0
69.312675,36.5698,0
61.497334,-97.31495,0
-49.69237,-123.82764,0
-111.65495,-9.579122,0
69.51368,36.72644,0
117.76739,68.76004,0
56.87592,36.084183,0
-4.9538317,-52.077602,0
39.976234,-7.6804748,0
77.963776,-114.143,0
-34.319954,-146.71574,0
-94.85775,1.9978836,0
38.26572,-5.85366,0
119.13063,71.76121,0
38.347446,-4.8449454,0
6.687425,-34.316708,0
-1.4994192,116.07538,0
42.97492,-119.2621,0
-65.927284,-89.280785,0
-166.0078,-1.6949672,0
-1.3800795,116.29353,0
147.36986,0.01647859,0
-0.94029534,117.142235,0
-43.612896,-44.37582,0
28.59976,80.71529,0
40.39184,-92.11092,0
-61.95933,-120.88237,0
-120.78846,-2.3583682,0
28.47359,80.80265,0
140.58408,41.493824,0
33.84885,87.93152,0
-22.087423,-55.83531,0
-43.34856,156.49625,0
108.06895,-96.6398,0
130.46147,-33.886063,0
115.68824,-31.895756,0
-43.834877,157.57814,0
88.14654,128.71687,1
-44.208088,158.25786,0
-44.25507,157.74028,0
80.716515,94.5339,0
28.950949,-69.45723,0
-33.540325,-92.82906,0
-141.39561,-21.821728,0
81.13679,94.506744,0
166.3378,31.109987,0
77.39712,97.580605,0
-13.402038,-85.687355,0
38.627193,38.46787,0
50.380253,-106.053444,0
-67.08319,-124.301506,0
-114.888954,7.75372,0
38.44755,38.773254,0
142.32176,53.544483,0
37.93551,41.318012,0
-23.230717,-49.622524,0
-89.44962,45.738327,0
9.707631,-166.65247,0
-117.31978,-66.96639,0
-197.1833,9.5029955,0
-89.412605,45.9619,0
174.239,4.367934,0
-89.00359,46.65384,0
-57.341778,7.253896,0
81.27509,78.42746,0
35.87463,-67.567505,0
-29.457432,-98.8105,0
-134.68907,-22.886103,0
81.273834,78.60441,0
154.39287,34.197773,0
70.60186,87.57293,0
-6.246504,-82.26314,0
-89.50196,77.18691,0
-1.4551002,-145.8051,0
-100.82368,-53.978977,0
-185.96677,19.649845,0
-89.42432,77.44843,0
175.52821,-2.6930923,0
-82.596436,82.19425,0
-74.85419,6.1838217,0
21.349102,85.01982,0
45.7294,-105.06035,0
-67.021,-118.917175,0
-158.12141,-38.818867,0
22.029272,86.18213,0
147.3202,51.257797,0
22.42451,86.87723,0
-26.706081,-52.532497,0
65.193504,-12.658913,0
80.36492,-79.70726,0
-44.472733,-151.36891,0
-90.493706,-18.006992,0
64.805534,-12.343434,0
107.88006,81.23044,0
55.483776,-0.15572721,0
18.285217,-52.609955,0
-15.795737,104.93244,0
30.079212,-116.19531,0
-74.880875,-89.419945,0
-169.14824,-11.051076,0
-15.608441,104.94585,0
153.73933,-0.6134961,0
-20.844984,101.81435,0
-56.921032,-44.666363,0
-0.04580981,30.450739,0
73.12867,-139.62817,0
-74.42948,-145.55045,0
-114.02187,20.496428,0
-0.06151838,29.86652,0
142.20451,67.89594,0
1.758415,22.86824,0
-15.751925,-27.315578,0
57.450195,84.13212,0
36.21908,-81.03368,0
-42.0029,-100.56722,0
-138.12762,-30.97727,0
57.266994,84.38206,0
140.63417,27.081717,0
56.369236,86.5729,0
-18.053621,-71.14078,0
-45.242725,77.03153,0
19.786562,-153.43509,0
-89.88474,-75.7543,0
-178.60992,4.567664,0
-45.960712,77.48385,0
163.73471,4.9449267,0
-48.07447,78.11097,0
-65.54101,-12.77703,0
-52.136143,48.482697,0
25.825005,-144.19806,0
-105.54511,-81.94548,0
-191.54353,-4.4383235,0
-52.495712,48.32374,0
131.7519,12.970647,0
-56.58547,47.07434,0
-55.4938,-8.435069,0
-50.268837,72.185555,0
18.230036,-150.59996,0
-96.236694,-75.7795,0
-180.48085,-13.564224,0
-50.532204,72.403786,0
162.54015,6.794887,0
-50.99379,74.22422,0
-62.077717,-9.5080385,0
-13.782448,19.39388,0
11.4183655,-123.60323,0
-91.47061,-104.669395,0
-149.68146,-2.4676144,0
-13.455145,19.930912,0
182.10075,32.385628,0
-13.206186,20.554552,0
5.491282,-21.117052,0
51.821823,16.686186,0
67.32709,-99.392685,0
-48.65341,-127.450096,0
-106.62645,-6.344984,0
51.28534,16.30442,0
118.55817,67.73341,0
47.76162,25.733027,0
-0.35404664,-42.768448,0
-29.287971,130.54074,0
2.1381142,-107.59995,0
-63.67394,-62.24748,0
-149.75275,-7.298517,0
-28.940157,130.62593,0
173.35927,30.16643,0
-23.460651,122.4733,0
-21.936676,-1.1079506,0
2.3368983,103.75328,0
45.600327,-123.271324,0
-63.905907,-83.86435,0
-158.17096,6.0790033,0
2.3586533,103.728874,0
150.95695,0.6636337,0
-1.7477804,124.14888,0
-45.67818,-40.53869,0
10.664102,151.87761,0
117.31703,-79.41579,0
141.04114,-56.59642,0
3.766186,151.77443,0
3.8062696,153.77908,0
79.77016,134.92892,1
4.3741455,152.55997,0
4.436936,154.50645,0
17.295376,94.60484,0
41.557404,-103.74383,0
-67.37553,-114.29931,0
-161.59367,-36.52798,0
17.159967,95.254944,0
135.26538,-15.494307,0
18.294088,97.139595,0
-33.434177,-53.813244,0
46.786007,32.731762,0
58.546764,-102.77266,0
-57.759354,-122.67546,0
-109.83259,9.28906,0
46.70504,32.783592,0
127.02896,53.791664,0
46.537216,33.540855,0
-18.285576,-55.55702,0
-117.4147,69.27832,0
-18.851597,-164.67642,0
-149.34848,-79.36098,0
-161.38159,34.074924,0
-117.45021,69.51771,0
154.22504,57.641308,0
-118.169975,69.66413,0
-129.85384,61.879375,0
-65.55879,147.67978,0
100.27751,-86.59635,0
116.594666,-39.64234,0
105.16035,-39.39838,0
-67.61036,147.21404,0
94.89554,121.50762,1
-69.061066,150.07224,0
-68.124886,149.24925,0
37.283573,103.179695,0
49.350296,-94.243866,0
-54.304764,-112.5691,0
-130.30446,-28.47696,0
37.182575,102.96509,0
134.30254,35.548466,0
34.906803,103.11793,0
-28.17595,-63.628235,0
-55.00034,57.161682,0
19.88136,-146.17076,0
-103.2097,-78.51313,0
-182.25331,-4.6169915,0
-55.07735,57.25082,0
160.83415,2.2953603,0
-57.302082,55.23471,0
-61.182377,-6.29228,0
-11.796283,43.933075,0
57.205795,-146.28865,0
-100.18163,-132.87549,0
-148.94675,26.039236,0
-12.007422,43.955612,0
111.66527,24.9581,0
-14.698641,47.54567,0
-35.044773,-25.130457,0
95.03135,8.628051,0
13.0887,-136.67995,0
-87.090996,-54.067055,0
125.54538,-26.644293,0
-66.657036,89.02979,0
186.57248,50.344765,0
95.23533,8.567594,0
94.527725,9.007785,0
22.604479,-2.5592716,0
74.37437,-120.346794,0
-96.79819,-118.44985,0
-123.34764,11.026009,0
21.66104,-2.982182,0
121.44308,32.987404,0
20.892815,-3.3843374,0
2.4240384,-29.179613,0
101.92194,-8.432903,0
-5.1059146,-119.762085,0
100.952354,-7.1065454,0
128.26343,-65.317726,0
90.99632,-6.6264095,0
170.23148,63.675808,0
102.22089,-9.815166,0
101.88238,-9.429218,0
-78.180435,75.65857,0
4.676753,-144.20416,0
-103.06852,-59.505493,0
-190.82854,15.58449,0
-78.27576,76.20093,0
179.51714,9.449973,0
-78.164795,77.43363,0
-69.942566,2.0473444,0
24.863518,15.887578,0
80.10467,-90.45636,0
-57.579834,-152.88637,0
-110.1662,1.5439075,0
25.11941,15.714422,0
147.43501,46.612995,0
26.370947,14.29136,0
17.325645,-42.727257,0
49.52937,84.18235,0
39.402004,-69.83475,0
-30.809093,-102.953064,0
-152.59233,-13.458523,0
49.58057,84.26729,0
158.85901,25.157578,0
49.75403,85.04117,0
-1.6163133,-82.58939,0
40.40804,-35.761456,0
101.21356,-107.8073,0
-21.761383,-127.1852,0
-148.26244,-42.395172,0
40.346176,-35.474655,0
130.77368,89.23212,0
40.310127,-35.304558,0
38.888958,-35.56512,0
-26.45693,33.001087,0
53.715076,-151.62558,0
-106.0791,-130.57173,0
-151.38918,27.494389,0
-26.417685,33.910633,0
114.02101,18.58059,0
-26.169989,35.12354,0
-37.039043,-18.273869,0
38.561462,70.95488,0
42.360336,-84.425255,0
-45.889534,-103.57258,0
-136.10973,-5.60897,0
37.72144,71.08801,0
156.75182,41.690495,0
35.168762,70.86223,0
-15.620245,-66.553795,0
-40.344894,156.73404,0
110.012115,-96.06837,0
130.83258,-38.024548,0
116.09735,-31.152275,0
-40.688087,156.26457,0
89.6342,127.76841,1
-39.685383,155.43918,0
-40.275505,155.69846,0
17.40222,3.6428216,0
69.13601,-119.02239,0
-90.60052,-119.302795,0
-117.41495,11.814082,0
17.38945,3.6191943,0
126.511116,51.605007,0
-9.344057,18.699913,0
-1.4148322,-29.569424,0
66.50944,79.77397,0
38.984634,-75.803734,0
-37.407272,-103.123436,0
-129.04587,-16.38527,0
66.61803,79.74522,0
157.02249,39.7359,0
55.942585,74.95074,0
-9.73307,-80.51587,0
11.553308,108.47239,0
48.964046,-113.4206,0
-60.219177,-100.736,0
-160.0853,9.724021,0
11.391414,108.627815,0
135.47513,59.65478,0
11.379364,110.108986,0
-35.37843,-47.235573,0
-76.32603,128.59595,0
13.549064,-114.1119,0
109.46821,-42.14312,0
-84.08319,129.25514,0
-78.075455,128.5663,0
101.861206,117.291565,1
-78.19475,128.5715,0
-79.22366,129.73068,0
-34.052277,157.77722,0
98.76805,-94.25042,0
132.38116,-38.585003,0
117.21788,-29.390873,0
-34.75768,155.60893,0
92.48466,129.94498,1
-34.50193,153.57039,0
-34.857353,154.61212,0
-51.10514,42.455303,0
28.856638,-143.26302,0
-106.495094,-86.817474,0
-125.50946,27.57387,0
-51.311157,42.759865,0
127.81309,11.011262,0
-49.734222,42.226658,0
-52.25982,-11.145179,0
56.57173,46.759106,0
72.84726,-82.64136,0
-40.83827,-119.39669,0
107.997314,-31.570412,0
31.678701,23.517284,0
110.33759,59.91638,0
-59.651928,129.53302,0
7.078618,-63.5966,0
-6.7918487,80.78384,0
25.806097,-109.22344,0
-80.48669,-115.72902,0
-174.30606,-25.452517,0
-6.6920013,80.88879,0
151.39627,7.131624,0
-3.4805777,83.78971,0
-50.008366,-55.282463,0
-113.928856,98.88212,0
-9.7112465,-165.49225,0
-140.5495,-74.00977,0
-173.37054,33.03723,0
-114.066635,98.20248,0
190.47209,-1.5166665,0
-114.3123,95.59513,0
-117.228966,61.319443,0
69.512695,73.793846,0
40.5874,-64.92351,0
-48.29246,-99.07294,0
-137.74495,-27.42674,0
69.13035,73.5035,0
142.85355,17.303934,0
68.450356,73.16768,0
-22.010622,-73.83625,0
-75.57167,92.4922,0
-0.52871263,-139.04897,0
-94.422455,-56.019646,0
-179.45746,17.197268,0
-75.46977,92.03935,0
170.55252,21.022055,0
-75.41379,89.78708,0
-70.379974,10.296951,0
17.913616,-22.488087,0
86.93733,-124.47308,0
-94.84791,-106.689896,0
-132.49428,13.956114,0
17.744188,-22.162682,0
128.659,25.145117,0
16.9499,-18.955372,0
9.647277,-21.180252,0
-32.835938,117.67683,0
2.9485984,-114.01573,0
-65.174614,-68.32308,0
-155.29726,-7.0938754,0
-32.35138,117.49936,0
171.0519,29.91159,0
-28.596407,117.63088,0
-26.699007,-3.6082532,0
33.35687,83.06515,0
37.767452,-92.034836,0
-61.20864,-118.64459,0
-137.91663,-34.139374,0
33.254173,83.48436,0
144.758,39.38796,0
34.582405,86.936455,0
-22.252861,-58.02304,0
-8.868008,14.159598,0
52.416164,-130.08037,0
-105.765656,-120.93675,0
-137.02902,14.944666,0
-9.277072,14.129756,0
119.759834,-5.550582,0
-10.7460985,14.394206,0
-9.271432,-19.093258,0
-66.40024,55.704052,0
17.040789,-143.51686,0
-106.31531,-75.26947,0
-193.0129,1.7687207,0
-66.86222,55.647118,0
170.34567,4.3797045,0
-67.82724,56.15342,0
-61.013786,-3.240248,0
99.30136,-10.607498,0
-5.4011726,-120.83958,0
128.08586,-63.879257,0
19.403223,146.69193,0
102.86038,-12.303408,0
171.98595,66.49972,0
104.14602,-10.825963,0
102.50956,-12.851903,0
23.402008,2.3057475,0
72.12993,-117.75753,0
-94.10667,-116.43432,0
-118.03475,9.46594,0
23.189764,2.6937673,0
126.46971,66.55385,0
19.586845,1.0166836,0
0.27209386,-31.5652,0
55.46367,53.41699,0
56.78131,-71.39698,0
-33.169178,-117.81914,0
-118.96802,-20.729565,0
55.423676,53.990784,0
102.81057,48.528015,0
54.909348,56.166492,0
0.698429,-67.02863,0
-47.336346,58.971024,0
27.095867,-156.81322,0
-96.84784,-80.92055,0
-174.01726,1.4379567,0
-46.908596,59.16905,0
156.826,8.172516,0
-44.966915,59.640312,0
-59.598614,-20.267967,0
-66.129944,45.91795,0
20.51785,-140.64653,0
-109.74161,-78.37357,0
-195.7777,-0.2924465,0
-65.68717,45.933403,0
155.40099,5.392321,0
-64.655174,46.603928,0
-56.67051,-3.5227816,0
-32.363777,129.37366,0
2.8038883,-109.471886,0
-65.37645,-62.579857,0
-150.03773,-8.892196,0
-31.961027,128.8742,0
174.8616,30.58666,0
-25.0529,122.00109,0
-22.648472,0.1872727,0
21.643267,106.48347,0
43.006657,-98.070984,0
-61.746563,-107.78565,0
-150.80338,-34.13214,0
22.659428,107.32233,0
147.22092,2.2558308,0
23.299145,107.567986,0
-34.419857,-60.906452,0
41.63988,69.75689,0
44.01846,-82.698,0
-44.74981,-105.28875,0
-133.12463,-8.351354,0
42.344093,69.624664,0
127.68926,39.994144,0
43.750526,68.37525,0
-16.4244,-67.66124,0
72.9696,12.598465,0
68.7416,-82.58337,0
-33.430405,-132.10822,0
-105.48298,-21.393919,0
72.56434,12.300404,0
105.67052,71.571785,0
65.98252,12.269479,0
8.775757,-51.583824,0
26.14844,-23.01399,0
84.60964,-119.69135,0
-91.2251,-109.18344,0
-128.25955,12.970943,0
25.717573,-22.754795,0
130.94543,71.04414,0
24.117973,-17.258034,0
9.998906,-26.306007,0
-0.8004049,28.455914,0
72.71197,-141.0515,0
-76.159,-145.15591,0
-114.77294,21.743458,0
-0.24021006,28.10267,0
139.61374,65.8719,0
-0.71986854,24.910515,0
-17.235273,-26.450611,0
-66.58542,143.88264,0
98.422844,-89.358765,0
116.31771,-39.73344,0
104.93465,-38.53092,0
-69.11729,144.99274,0
96.405426,121.67411,1
-72.238686,146.05269,0
-71.2359,145.04395,0
52.341183,7.418132,0
73.70831,-97.711685,0
-37.93435,-134.54486,0
-108.48159,-6.3389916,0
52.60777,7.6739693,0
115.29772,68.52756,0
49.6431,10.381372,0
6.9562798,-47.527863,0
-104.07459,75.641594,0
-4.166769,-175.82161,0
-137.96046,-62.10639,0
-165.20232,29.493954,0
-103.63724,75.86694,0
187.87303,6.0445924,0
-103.938705,79.29654,0
-109.3732,55.950478,0
-48.459084,96.65761,0
21.012985,-125.36031,0
-83.36015,-68.030235,0
-174.1786,13.256024,0
-48.181858,96.165276,0
166.97482,22.8752,0
-47.686546,94.53958,0
-38.629013,-10.7168045,0
-76.35319,61.852818,0
5.907969,-150.52127,0
-106.04549,-71.5397,0
-186.21577,-2.6408107,0
-75.697365,61.802464,0
166.19574,2.295999,0
-74.656715,61.536457,0
-75.250046,-4.5161285,0
-4.6318474,80.522545,0
27.52795,-110.4377,0
-79.68568,-117.03964,0
-172.11777,-28.029057,0
-4.088928,81.09054,0
146.34889,3.9370975,0
-2.3376098,83.054245,0
-48.088448,-54.526203,0
1.045839,54.941475,0
43.74723,-56.630962,0
-93.96144,-139.981,0
-145.45903,20.279287,0
0.7587705,54.95871,0
109.16519,29.84277,0
-6.9882865,50.053963,0
-33.256237,-29.75647,0
-20.89225,9.263041,0
47.063766,-133.587,0
-100.59347,-109.13579,0
-131.77429,6.8816333,0
-20.942884,9.532726,0
129.4941,30.925968,0
-21.190552,12.353984,0
-3.6053157,-24.975958,0
43.57616,99.51224,0
0.65697426,-103.14985,0
-49.00856,-98.467896,0
-146.21344,-10.331553,0
43.65257,99.43189,0
175.55391,32.86314,0
44.032116,98.83464,0
-20.368979,-4.6273313,0
23.154766,152.30637,0
102.893196,-67.05154,0
133.22763,-61.668728,0
32.815582,150.86838,0
33.473953,150.01079,0
74.16276,141.01173,1
32.781784,150.845,0
33.62959,149.74623,0
25.681435,24.118355,0
72.92343,-86.76316,0
-59.62606,-143.3854,0
-105.6194,-5.9370065,0
26.411545,24.570059,0
124.286194,48.250664,0
27.615444,24.844288,0
0.55401415,-50.69995,0
-136.15398,80.39894,0
-19.935808,-172.21075,0
-150.01703,-72.52439,0
-166.58467,44.721004,0
-135.75874,80.33491,0
196.02914,-7.2610583,0
-133.12543,82.75088,0
-126.978806,54.140972,0
28.378027,99.52276,0
44.088814,-99.549774,0
-60.23574,-111.360695,0
-148.21654,-31.307158,0
28.871449,99.361465,0
148.75252,27.287178,0
26.886736,105.559074,0
-33.821293,-59.09406,0
23.511787,46.68063,0
55.170578,-107.46305,0
-78.76106,-123.28303,0
-123.433716,7.7481985,0
22.666395,47.287716,0
134.09268,52.73767,0
20.4834,48.82589,0
-26.148972,-43.12609,0
14.277828,152.84627,0
119.03695,-79.35406,0
138.07454,-55.130093,0
7.9681554,157.7524,0
7.9564238,160.7302,0
78.31438,138.4108,1
8.580502,157.82875,0
8.406969,161.04895,0
8.89004,64.44511,0
15.638685,-101.000404,0
-58.75255,-78.95946,0
-149.42047,3.0955064,0
7.7167687,65.88964,0
163.6211,45.8692,0
6.8165145,66.56917,0
-23.512321,-14.283792,0
99.84757,-10.358547,0
-5.1485386,-121.168274,0
128.23476,-64.72124,0
19.422783,146.97969,0
102.21955,-11.392017,0
172.22058,66.98959,0
102.94678,-10.549895,0
102.02681,-11.749707,0
-18.064543,105.33345,0
30.668983,-117.29291,0
-75.82798,-88.84538,0
-169.08757,-12.488569,0
-18.18115,105.422325,0
151.91826,-1.2178506,0
-20.334328,100.526184,0
-58.076088,-45.303745,0
-65.59551,82.382614,0
8.113574,-136.52457,0
-106.50913,-64.471306,0
-186.23367,7.769706,0
-65.59941,82.302895,0
177.06212,14.268428,0
-64.05793,79.16491,0
-63.84981,4.6594415,0
30.89078,59.789703,0
48.40659,-86.41123,0
-50.383495,-106.10767,0
-126.165764,7.2657223,0
30.320482,60.17772,0
127.59997,48.622158,0
29.075796,61.43679,0
-16.804726,-62.254776,0
75.97224,86.79393,0
34.522293,-73.03658,0
-35.074223,-98.95828,0
-137.46417,-19.83574,0
75.82825,86.87395,0
159.26872,35.058216,0
68.685776,85.57466,0
-10.502006,-79.294495,0
-5.0641775,10.838224,0
53.146435,-128.33102,0
-103.80836,-123.12064,0
-139.7799,17.14786,0
-4.855305,10.655194,0
124.24489,-0.96218216,0
-6.5728765,10.183342,0
-11.264785,-19.002493,0
31.250895,86.27919,0
36.758656,-92.929504,0
-61.865574,-117.62161,0
-141.66888,-33.46336,0
31.46705,86.9698,0
140.30623,38.63905,0
32.20259,88.17354,0
-23.49545,-58.423466,0
-44.212894,50.720154,0
36.350414,-135.1223,0
-97.05173,-111.66784,0
-192.87027,-14.570518,0
-43.94306,50.633083,0
109.64121,5.4422235,0
-43.04863,50.03915,0
1.298973,-23.441996,0
-57.66034,116.63053,0
15.222759,-129.51372,0
-78.19157,-62.400097,0
113.80676,-25.874296,0
-52.661022,116.93172,0
182.80243,43.641113,0
-60.71227,117.32729,0
-62.614796,118.22064,0
66.40101,-35.474976,0
110.42081,-97.40209,0
63.914566,-39.61359,0
-86.96215,-31.149069,0
66.3427,-35.750885,0
116.924675,100.37416,0
66.259026,-36.13673,0
65.654045,-37.00543,0
-120.85192,77.3833,0
-13.674079,-172.01999,0
-141.85542,-67.278595,0
-165.56535,38.47653,0
-120.72772,77.49901,0
196.95355,-1.3693346,0
-120.46782,77.9506,0
-120.39789,54.64938,0
-41.31705,86.2561,0
14.931169,-129.98352,0
-79.66041,-74.60949,0
-172.11714,13.835631,0
-41.67431,86.26403,0
164.21712,18.44583,0
-42.71713,86.686775,0
-34.515247,-6.8652806,0
73.664635,69.50183,0
42.41374,-66.778076,0
-28.293003,-105.16089,0
-132.32922,-22.858213,0
74.550545,69.76238,0
111.10251,40.70775,0
75.00305,68.61606,0
-2.1276147,-76.87286,0
78.86722,55.24666,0
51.1876,-67.11756,0
-28.809948,-114.66155,0
-116.98956,-23.445814,0
78.28981,55.836315,0
105.5387,47.059532,0
76.73723,58.614204,0
3.3098667,-71.037476,0
15.853151,153.27768,0
114.773415,-77.91844,0
135.30823,-53.47771,0
12.881783,165.15192,0
11.300569,162.16513,0
77.673485,139.37657,1
12.750225,164.78426,0
11.327931,161.94801,0
52.858807,72.33585,0
39.567772,-76.586876,0
-38.39758,-103.69752,0
-134.36003,-13.124631,0
53.586437,73.00546,0
164.0013,30.555407,0
55.481823,74.48538,0
-10.690943,-72.54477,0
-90.61497,92.23334,0
-5.544215,-143.78351,0
-99.243576,-50.196526,0
-183.73999,23.575933,0
-90.54692,91.80986,0
173.15622,-7.210627,0
-87.85698,89.78108,0
-76.74463,10.080745,0
45.463333,-3.8127477,0
78.00438,-102.92425,0
-35.65402,-140.46376,0
-90.37123,-6.8217964,0
45.11071,-3.6898055,0
115.82251,73.17739,0
44.780037,-0.2885427,0
8.67293,-40.754284,0
-38.85619,18.56035,0
45.475544,-150.16228,0
-112.831604,-99.80298,0
-135.59892,17.388586,0
-39.458763,19.811836,0
119.632195,20.424551,0
-41.203327,24.450157,0
-61.598793,-31.95417,0
-31.974005,46.427376,0
33.863052,-152.5801,0
-95.373825,-92.349106,0
-157.04744,9.289328,0
-31.646185,46.24687,0
138.92361,26.961393,0
-30.99637,45.991535,0
-55.080738,-22.624407,0
26.246567,128.1379,0
27.298903,-97.207504,0
-72.252,-100.90746,0
-159.5876,-21.922398,0
25.05639,128.88118,0
162.88803,-14.793445,0
22.746616,129.97879,0
-42.385216,-68.28346,0
-5.786784,30.158829,0
72.170906,-144.75131,0
-78.9968,-142.41824,0
-115.39012,24.702532,0
-5.807858,30.269142,0
148.43712,64.27912,0
-4.324314,24.676376,0
-20.039537,-23.412138,0
28.884506,-19.13301,0
84.38825,-117.95932,0
-27.8577,-147.0866,0
-95.472046,6.8723993,0
28.5893,-18.824846,0
131.95317,70.39706,0
27.408308,-15.547516,0
10.802129,-29.700914,0
81.36578,89.07296,0
34.21227,-70.438156,0
-32.584484,-97.88603,0
-148.00348,-25.864254,0
81.202484,88.995766,0
156.37903,30.877335,0
66.45616,93.8346,0
-17.73204,-77.41847,0
1.4175848,-6.1406393,0
60.373676,-129.6129,0
-110.800476,-115.63079,0
-143.53839,7.2178073,0
0.10322144,-3.8392944,0
125.47309,-7.96116,0
-0.7034123,-3.1028128,0
-2.8382502,-14.293783,0
51.482536,70.3354,0
42.981453,-80.35833,0
-42.463264,-106.08147,0
-136.66025,-9.663269,0
50.917065,70.470406,0
121.2806,43.379635,0
49.728977,69.40742,0
-12.644516,-69.59543,0
51.02594,17.088022,0
69.76896,-101.52439,0
-42.701454,-134.71155,0
-101.453285,-2.2434921,0
50.767796,15.941824,0
116.32832,70.319626,0
50.199677,15.158502,0
1.7495552,-43.92821,0
25.192272,99.484985,0
46.64741,-99.41345,0
-60.688683,-113.09456,0
-149.17299,-36.368736,0
25.401052,99.04561,0
146.79543,28.865183,0
26.881659,97.25316,0
-28.027828,-57.73615,0
-12.439575,157.32397,0
104.31004,-83.23111,0
132.30267,-35.27428,0
121.57544,-54.309975,0
-12.50596,154.50867,0
87.30485,131.16188,1
-16.029673,155.8494,0
-14.615108,155.97179,0
10.749889,120.286385,0
33.214954,-102.95598,0
-67.70179,-107.77,0
-163.59763,-24.932947,0
10.660426,120.213005,0
152.76598,-10.426573,0
9.587152,120.58392,0
-38.798656,-59.39601,0
50.84715,36.264786,0
54.418438,-99.28513,0
-54.23919,-121.8493,0
-114.7313,-1.8723078,0
51.391815,36.5072,0
144.6802,45.463047,0
52.85916,36.83217,0
-15.846053,-51.953724,0
68.74589,26.090084,0
64.518074,-91.838234,0
-43.065838,-127.05461,0
-102.64635,-18.324528,0
68.44641,26.258055,0
115.575554,62.17949,0
59.073853,30.718895,0
-1.0896746,-51.358852,0
69.35514,103.872345,0
27.322227,-75.71639,0
-40.24522,-92.14326,0
-146.51894,-18.132982,0
68.69277,104.66464,0
160.39748,29.376173,0
70.52152,107.844986,0
-17.03906,-81.22294,0
37.698025,67.51517,0
43.67798,-84.60843,0
-46.810627,-104.34954,0
-134.35889,-6.6798983,0
36.4772,68.30275,0
129.8829,41.18649,0
34.7199,68.797295,0
-15.2318325,-65.64265,0
-131.40894,72.14846,0
-17.978655,-168.175,0
-148.73384,-76.43789,0
-162.71544,41.259026,0
-131.52841,72.42664,0
199.24991,-3.9523857,0
-131.98161,72.83483,0
-126.405,58.86216,0
-0.3888272,53.54937,0
44.892094,-58.056873,0
-92.63033,-141.18762,0
-146.36174,20.408081,0
-0.7247916,52.80568,0
109.71705,37.623978,0
-3.2707977,50.290794,0
-32.758804,-30.318266,0
-6.3376985,5.026929,0
56.69436,-131.2862,0
-110.7641,-120.315956,0
-138.01181,14.204364,0
-6.1100464,4.805933,0
125.75104,-3.9718065,0
-4.5165424,-0.08783955,0
-7.255156,-15.799764,0
-33.72452,47.084812,0
31.117151,-153.91661,0
-92.775406,-88.78045,0
-171.46336,2.3701332,0
-33.4948,47.34461,0
128.4815,20.92528,0
-33.35777,47.95345,0
-56.258114,-22.738844,0
31.264927,-19.009533,0
85.75528,-116.27826,0
-28.402525,-149.16635,0
-94.37073,8.648613,0
31.081701,-19.179008,0
129.65892,76.524315,0
27.705526,-13.980606,0
11.6992,-29.779924,0
16.417149,111.19482,0
41.227825,-100.20934,0
-63.807217,-110.539116,0
-150.53557,-38.569706,0
16.582842,111.31847,0
148.7813,-0.08494568,0
17.509958,111.603226,0
-31.906149,-58.25589,0
-40.834286,77.149315,0
21.89624,-153.54501,0
-90.68053,-77.322235,0
-177.2158,4.700841,0
-41.101418,77.52405,0
163.47078,10.997966,0
-47.67074,79.68415,0
-64.05483,-14.25012,0
42.09126,70.16511,0
44.291504,-82.15928,0
-44.289356,-105.95415,0
-131.2567,-10.206328,0
42.43118,69.90052,0
119.88559,42.0399,0
44.44415,69.14338,0
-16.188211,-68.45733,0
54.04408,51.335606,0
58.368614,-75.40937,0
-41.058735,-114.41701,0
-118.41493,-19.80234,0
56.09528,50.55722,0
121.26556,45.17556,0
50.02419,57.84029,0
-6.725257,-64.50738,0
-8.327785,72.06857,0
33.942574,-54.49564,0
-84.41378,-116.083626,0
-161.37093,16.937387,0
-8.818926,72.35358,0
146.86775,10.572383,0
-9.658202,71.921104,0
-41.0587,-37.31932,0
-58.49602,19.29517,0
44.908783,-158.07915,0
-119.734024,-94.902275,0
-185.02405,-7.5269713,0
-58.284286,19.752184,0
127.25265,5.395352,0
-56.428123,24.206198,0
-69.24833,-30.281912,0
91.79444,5.609157,0
1.4067388,-116.89176,0
124.53553,-27.785967,0
96.960526,3.9888718,0
93.21583,4.6589575,0
184.57742,52.42984,0
93.640755,4.479242,0
92.562675,2.8904948,0
33.878647,-15.368675,0
84.19333,-114.190475,0
-30.594604,-148.92427,0
-92.48483,4.8663807,0
32.691006,-15.058875,0
128.37302,75.17964,0
30.165674,-12.608807,0
11.758373,-32.115074,0
18.193865,83.92594,0
46.344753,-106.04649,0
-68.10692,-119.66561,0
-157.58635,-38.27251,0
18.464094,84.746506,0
142.15424,51.10246,0
20.116837,86.90086,0
-26.989271,-51.095062,0
75.29459,91.07405,0
31.23863,-70.505035,0
-34.673565,-94.60632,0
-135.7279,-17.165464,0
74.96477,91.11796,0
155.99654,40.848656,0
73.991264,91.74084,0
-10.210327,-80.94156,0
9.480179,114.14681,0
49.03625,-111.645096,0
-59.846867,-103.30481,0
-118.75933,0.103435636,0
9.678829,113.84865,0
146.9166,41.741573,0
9.856952,111.46867,0
-19.184114,-47.430897,0
52.55884,21.997036,0
65.664734,-100.3345,0
-46.09552,-130.98401,0
-103.14079,-3.7159307,0
52.28714,22.003975,0
117.75425,63.261738,0
47.05479,24.852701,0
-1.5203158,-46.370544,0
-7.0228276,115.829414,0
39.264683,-118.856186,0
-69.71002,-89.616394,0
-170.61264,-4.1148605,0
-7.3420057,115.94598,0
148.30606,-9.1509285,0
-7.989226,116.923134,0
-46.05402,-48.364307,0
77.806984,2.4825146,0
71.785446,-76.82735,0
-48.07558,-144.86464,0
-95.36083,-19.398016,0
77.84523,2.9162352,0
106.65189,67.939705,0
65.819916,6.3623385,0
11.84359,-58.7962,0
66.76008,-3.100609,0
76.82228,-81.38263,0
-50.275936,-149.35446,0
-98.99538,-14.345187,0
65.58485,-1.7534518,0
105.85473,65.67086,0
60.955765,1.4336368,0
14.987148,-52.858932,0
17.008076,56.67632,0
56.912354,-85.188416,0
-85.95957,-131.75052,0
-128.7613,-0.22637078,0
17.227863,56.693825,0
105.95971,31.219637,0
21.03455,56.54321,0
-26.517792,-35.500076,0
-31.281536,158.65887,0
102.69835,-85.30306,0
135.44357,-39.95619,0
119.65904,-27.277445,0
-31.11036,156.17447,0
91.77833,131.91232,1
-31.029776,152.89067,0
-30.299088,154.64136,0
-32.956806,98.80378,0
29.408112,-128.15625,0
-83.18209,-80.10528,0
-178.05653,-5.2699857,0
-33.195076,98.938065,0
159.71425,0.3518166,0
-36.476627,99.55496,0
-56.076443,-34.19639,0
20.557493,-21.886251,0
86.00211,-122.75735,0
-93.43366,-107.912605,0
-131.11177,15.015424,0
20.45449,-21.341097,0
132.07697,27.445532,0
19.073559,-19.223143,0
9.203909,-23.138512,0
-50.76501,126.65473,0
-0.70446825,-114.816895,0
-72.276794,-61.13704,0
110.295555,-27.617868,0
-50.3086,124.83756,0
177.61679,40.773624,0
-50.597744,128.59885,0
-51.802937,130.0062,0
68.93775,37.654167,0
60.098923,-94.989944,0
-49.11977,-121.96081,0
-112.03142,-10.685589,0
68.74533,37.84276,0
109.48068,50.825493,0
57.97834,36.72696,0
-6.3323727,-53.211304,0
21.642778,35.27141,0
58.40577,-115.676186,0
-66.20422,-133.29906,0
-120.012665,7.2162457,0
21.836473,35.04611,0
144.52603,57.488552,0
22.823687,33.820995,0
-18.558035,-41.350445,0
-71.0571,70.72229,0
9.377337,-132.12927,0
-94.67772,-65.64533,0
-184.8456,10.34479,0
-70.87018,70.711,0
171.08049,23.499596,0
-70.57215,70.74274,0
-36.74466,1.1314539,0
45.317932,103.87323,0
26.72551,-83.940125,0
-50.65488,-96.34746,0
-139.55093,-6.2479196,0
45.99193,103.747604,0
149.97223,21.964306,0
50.280033,103.096565,0
-25.340029,-75.50912,0
-32.6218,23.56879,0
44.61239,-145.67311,0
-109.52028,-97.91204,0
-105.7572,20.650501,0
-33.08968,24.529509,0
126.83242,68.577866,0
-33.39711,25.217697,0
-9.49489,-27.304878,0
-22.232449,41.07633,0
56.303482,-150.59215,0
-104.00978,-132.2043,0
-152.5839,28.429707,0
-21.88912,41.569668,0
108.62874,18.886375,0
-21.94001,42.281136,0
-37.88255,-21.000807,0
-66.38588,82.23055,0
8.378423,-136.98077,0
-107.02902,-64.52659,0
-185.72525,7.713533,0
-65.99987,81.32698,0
177.43681,12.458193,0
-64.78993,79.3863,0
-63.932285,4.2023206,0
35.863327,-8.592095,0
77.40173,-116.346306,0
-35.000072,-148.15555,0
-89.885,2.3322747,0
35.607605,-8.494191,0
124.40188,68.346855,0
28.950005,-7.872164,0
5.508561,-32.259876,0
-7.8293495,74.74762,0
33.109444,-55.235355,0
-82.995865,-116.25431,0
-172.60962,-22.33826,0
-8.726741,74.09373,0
160.8158,15.197306,0
-9.762146,73.82148,0
-40.97005,-38.469486,0
-38.004646,31.892792,0
37.747963,-143.68423,0
-106.508934,-93.52475,0
-121.752,22.510784,0
-38.09537,32.546497,0
116.88658,12.333921,0
-39.400524,36.14617,0
-46.301186,-19.058546,0
-62.41573,82.671234,0
8.103051,-135.12402,0
-105.00063,-64.270996,0
-186.47404,9.32686,0
-62.51746,82.2949,0
175.27606,16.034624,0
-62.747906,79.018936,0
-62.973846,5.3669953,0
50.694317,3.930422,0
76.25241,-100.26166,0
-37.099834,-136.77081,0
-97.54886,-7.395733,0
50.474815,4.1724744,0
115.67203,74.41058,0
48.546932,6.827179,0
8.1165285,-44.604347,0
-48.24154,39.21775,0
33.07448,-144.40904,0
-106.041504,-89.02664,0
-205.29774,-0.8868871,0
-48.313347,39.502674,0
129.18367,16.362146,0
-48.012413,40.122955,0
-51.116875,-12.106246,0
-75.90667,92.77464,0
-0.7481106,-139.17166,0
-94.46551,-56.004433,0
-179.85246,17.381283,0
-75.69362,92.46954,0
178.47375,0.4858163,0
-75.37562,90.11512,0
-70.50783,10.424498,0
5.9060464,30.956087,0
79.24162,-137.99037,0
-24.521294,-133.65321,0
-109.19266,20.895227,0
5.983426,30.65023,0
132.56621,77.54083,0
6.1051474,30.297646,0
-13.264403,-22.75639,0
66.22038,111.95458,0
21.19604,-83.98358,0
-50.196358,-88.92187,0
-157.39868,-15.782851,0
65.95133,111.48836,0
160.46571,21.24056,0
66.03118,110.98822,0
-24.89255,-82.42595,0
-8.605394,85.13065,0
26.020557,-107.433815,0
-80.260605,-113.28774,0
-173.17574,-23.731722,0
-7.876887,85.21378,0
153.16881,5.2253623,0
-1.4018885,85.39782,0
-50.341877,-56.767315,0
-70.9142,78.49588,0
10.339967,-137.06996,0
-108.33543,-64.83898,0
-189.1805,7.9471297,0
-70.68829,78.30881,0
177.3772,11.227688,0
-69.08949,76.29823,0
-64.22765,2.7596333,0
-51.524864,72.206825,0
16.873121,-150.09018,0
-96.78966,-74.508545,0
-187.71587,2.868047,0
-51.601852,72.2482,0
157.77827,11.218728,0
-53.17456,71.51663,0
-66.21463,-7.7417006,0
-83.85802,43.19281,0
12.478271,-167.89665,0
-117.98433,-69.93687,0
-200.3883,6.266018,0
-83.97423,41.23829,0
172.00232,6.5605917,0
-84.99983,39.87236,0
-54.030132,5.1285186,0
-33.54142,22.331875,0
44.22078,-146.25931,0
-109.179825,-98.545074,0
-129.71754,24.828281,0
-34.284794,24.024734,0
128.75409,67.66903,0
-34.27316,25.241993,0
-46.099026,-23.216894,0
73.58914,75.169044,0
45.72235,-73.22109,0
-34.95505,-108.18158,0
-127.61088,-20.861433,0
73.59244,75.27928,0
155.162,39.55253,0
64.13144,70.95291,0
-5.1455054,-73.75839,0
27.969353,38.73136,0
55.82319,-113.91188,0
-65.168076,-130.8697,0
-117.89834,4.6572037,0
28.156818,38.141895,0
141.64708,55.714405,0
28.43503,36.72739,0
-18.65628,-43.817677,0
-41.519123,30.45077,0
38.20089,-144.91156,0
-105.97624,-94.33596,0
-120.580315,19.309286,0
-41.21946,30.453024,0
118.705864,25.929075,0
-38.938095,35.420353,0
-46.042645,-19.920162,0
70.055466,-2.363753,0
74.78946,-79.30671,0
-48.55019,-147.34167,0
-101.834656,-10.7632265,0
70.08244,-2.2653792,0
109.489655,62.019672,0
63.89489,2.2129695,0
13.151981,-55.87288,0
61.17063,91.0274,0
34.13936,-76.460144,0
-39.4606,-97.7829,0
-140.85709,-12.947355,0
61.35988,90.88655,0
157.76991,36.77793,0
64.16307,91.03468,0
-15.9051895,-75.28045,0
57.529583,-29.265196,0
105.12054,-101.09789,0
-19.32138,-131.25876,0
-91.60918,-27.376503,0
57.33023,-29.476988,0
125.12941,91.35513,0
56.911476,-29.817503,0
56.0596,-29.156008,0
74.40364,16.689135,0
66.83473,-83.57006,0
-33.863358,-128.15852,0
-96.89993,-20.402779,0
73.681984,17.046818,0
109.09643,57.874252,0
68.60894,15.772879,0
7.1008883,-55.662178,0
63.761894,32.15628,0
62.339024,-95.87539,0
-47.364395,-126.26318,0
-113.907074,-11.5478945,0
63.394917,32.03144,0
114.89403,51.63321,0
56.314747,31.12934,0
-3.7822092,-53.80511,0
-61.75976,92.23101,0
2.7624843,-131.0356,0
-90.289536,-65.518326,0
-168.90344,12.842195,0
-61.505703,92.26419,0
131.39725,-5.202364,0
-59.640602,93.60829,0
-42.3612,-3.8317854,0
-4.667784,27.079233,0
73.99327,-142.29243,0
-75.71451,-143.20245,0
-111.41722,25.032972,0
-4.211572,26.815016,0
143.56787,66.86096,0
-3.3369095,22.393759,0
-16.70816,-24.852026,0
25.34409,125.08292,0
28.639458,-98.30273,0
-72.31976,-102.67633,0
-161.40797,-24.414501,0
24.51733,125.001366,0
156.11388,-12.520344,0
21.096119,125.3892,0
-42.873466,-66.72293,0
-62.429615,36.520603,0
27.38807,-138.72104,0
-112.921906,-84.164085,0
-194.80618,17.59437,0
-62.35179,36.75721,0
126.79982,13.608478,0
-63.486187,36.67273,0
-48.43966,-6.7279134,0
-21.457117,86.45911,0
10.665775,-123.302605,0
-64.4878,-69.86439,0
-150.38312,-3.2089665,0
-21.725151,86.125465,0
180.07652,30.745317,0
-22.507814,85.8927,0
-29.445154,-8.720448,0
71.09754,35.627132,0
59.176544,-94.77882,0
-49.775616,-122.603035,0
-109.75167,-6.090161,0
70.94451,36.260204,0
127.21206,59.87593,0
57.693382,35.327908,0
-7.6127586,-50.70727,0
-57.723984,99.37179,0
2.8109276,-127.97448,0
-87.87428,-62.97648,0
-156.97717,-0.5714295,0
-57.890976,99.428474,0
163.84647,-2.4912121,0
-59.762177,98.20357,0
-39.233677,-2.9996696,0
-127.33045,90.898674,0
-17.084244,-178.01442,0
-150.15163,-66.40412,0
-172.0787,43.304108,0
-127.39461,89.669235,0
192.583,-10.025487,0
-127.34213,86.95036,0
-122.328514,48.408737,0
73.81666,26.624313,0
60.24343,-81.3924,0
-39.185234,-126.506,0
-107.04396,-10.650006,0
73.66023,26.665125,0
112.09087,65.50898,0
61.899597,19.647512,0
1.8403037,-53.67615,0
-21.304214,129.00224,0
4.088897,-105.36839,0
-60.32965,-64.60548,0
-138.45906,-14.109609,0
-20.927938,128.18843,0
172.14435,33.890484,0
-20.499323,127.11379,0
-4.2199497,-85.00684,0
-33.615192,15.106439,0
43.540306,-140.25038,0
-109.322044,-103.793045,0
-126.56606,20.145575,0
-33.65998,15.165942,0
112.16393,10.934233,0
-34.375233,15.302175,0
-51.063675,-27.691658,0
-20.179895,94.65565,0
33.171185,-119.8913,0
-79.62766,-90.62555,0
-173.53555,-14.049459,0
-20.247402,94.229744,0
149.11502,-10.174862,0
-20.412199,93.03338,0
-61.806004,-46.18033,0
14.045165,102.06045,0
34.525143,-101.93962,0
-70.22115,-107.37561,0
-164.76907,-29.041195,0
14.6182,101.78231,0
157.09122,-11.676075,0
8.4048395,100.6751,0
-40.62846,-62.159195,0
-36.280552,44.67026,0
31.659908,-149.99278,0
-99.54034,-92.29157,0
-126.38695,-3.0214977,0
-36.041393,44.569553,0
152.54208,71.394844,0
-34.709404,43.7929,0
-52.839947,-19.190557,0
28.750532,-0.2366898,0
73.97491,-116.56068,0
-92.8879,-116.86593,0
-94.1696,-0.5255635,0
27.990088,-0.4210168,0
126.96257,62.61677,0
27.434864,-1.1577066,0
2.7111049,-33.027187,0
71.485535,98.51677,0
28.434559,-72.767456,0
-36.58519,-92.88501,0
-148.00667,-24.442532,0
71.77968,98.51498,0
160.10081,32.10497,0
72.899414,98.77214,0
-15.272158,-83.33844,0
-4.7534614,101.692245,0
42.893127,-113.39833,0
-62.35063,-94.50118,0
-170.62308,0.50240177,0
-4.1690903,101.660355,0
144.21811,6.812903,0
-3.0241194,100.75643,0
-39.553593,-48.066074,0
17.905731,-8.230013,0
74.54821,-121.94742,0
-97.25,-117.11149,0
-123.53135,14.66855,0
17.926348,-7.8514957,0
127.48569,61.75037,0
19.316862,-5.011794,0
3.089319,-27.803305,0
-27.59618,23.278934,0
48.806755,-146.777,0
-110.35325,-102.5911,0
-129.24754,17.467806,0
-27.70844,23.319366,0
111.11662,22.76698,0
-28.28528,23.915209,0
-31.576565,-19.544598,0
-67.693634,83.23095,0
9.231477,-138.34772,0
-108.171906,-64.37015,0
-191.01717,9.068379,0
-68.11462,83.34149,0
176.2421,9.677403,0
-66.07894,78.88818,0
-64.474556,3.554359,0
12.84875,85.22572,0
44.362297,-108.63389,0
-71.26334,-117.869125,0
-162.21057,-41.462772,0
12.715044,85.4941,0
143.59688,-12.127237,0
12.067594,89.192444,0
-31.912918,-50.003414,0
-47.484085,97.131714,0
20.330723,-124.685646,0
-82.49649,-67.28108,0
-145.61269,-3.6154327,0
-47.59384,96.6311,0
158.6436,28.521961,0
-46.073303,94.47051,0
-37.660217,-10.322688,0
-24.441889,112.26155,0
10.097136,-107.61438,0
-62.798203,-71.357155,0
-153.37886,-3.532332,0
-24.428198,112.28881,0
179.65768,29.527954,0
-25.082916,116.073395,0
-25.398493,-7.2777367,0
52.00604,-34.57696,0
104.33009,-104.605286,0
51.601273,-38.368404,0
-119.20047,-37.64252,0
51.82086,-34.57365,0
128.29248,93.287506,0
51.783905,-34.69467,0
51.484306,-35.90487,0
-5.7075396,27.806843,0
73.7094,-143.69572,0
-77.07887,-142.78389,0
-113.12257,23.491215,0
-5.7217307,27.261805,0
146.4847,67.725,0
-4.146477,22.983818,0
-17.845545,-23.64402,0
-28.326248,70.34268,0
26.300018,-150.08336,0
-97.79225,-84.29331,0
-174.28098,4.9198284,0
-28.667517,70.14029,0
132.40273,16.440905,0
-29.69672,69.602806,0
-57.251556,-14.801842,0
-12.545668,156.87234,0
102.60344,-82.51605,0
131.85498,-35.79757,0
121.36469,-53.94671,0
-13.09794,154.4772,0
87.27591,130.5414,1
-15.888458,155.28242,0
-14.932091,155.29639,0
-64.04348,97.02576,0
0.941629,-128.44691,0
-89.716515,-62.364285,0
-177.33846,18.429724,0
-64.336006,97.69818,0
162.36147,-5.6236873,0
-65.05196,98.20832,0
-39.994484,-1.6527941,0
-124.15082,89.89872,0
-15.652288,-177.77055,0
-149.63023,-65.8084,0
-172.68524,42.3929,0
-124.45874,89.84887,0
198.28577,-9.422279,0
-125.96881,86.454605,0
-121.1947,49.23838,0
-9.431686,85.25652,0
25.448195,-107.10499,0
-81.066986,-113.55478,0
-172.94853,-22.031559,0
-8.107348,85.96173,0
184.96361,0.0710732,0
-4.5030155,85.95973,0
-50.387287,-57.809467,0
-93.10705,37.962463,0
12.509336,-171.50542,0
-120.950096,-68.21896,0
-201.11833,8.176603,0
-92.534485,38.085102,0
118.25125,5.9917316,0
-87.35916,37.660423,0
-50.401627,7.4915767,0
35.035645,-18.396833,0
82.741905,-116.20057,0
-29.94981,-146.3549,0
-92.33124,2.3478286,0
34.58135,-18.510258,0
133.17207,70.00877,0
29.155622,-11.986514,0
9.643828,-31.92866,0
24.816086,17.076313,0
50.31385,-109.20538,0
-58.23225,-154.32947,0
-160.17088,-42.01212,0
24.968876,17.309095,0
137.34595,-9.208981,0
26.452456,18.311865,0
-23.595114,-47.095318,0
45.88777,105.90019,0
25.418932,-83.09192,0
-49.934208,-93.774284,0
-140.52177,-8.017013,0
46.087105,105.78595,0
146.16,24.360273,0
50.746803,106.699425,0
-26.04905,-76.95935,0
20.698706,83.565346,0
44.83187,-105.112854,0
-67.544,-118.44579,0
-156.30415,-37.600563,0
20.246168,84.49711,0
139.60162,-18.907387,0
20.996168,87.521484,0
-27.639887,-52.64152,0
36.019672,-18.445322,0
82.488594,-116.27662,0
-29.836882,-146.12479,0
-91.84138,0.13332579,0
35.777206,-18.771608,0
129.01936,73.0394,0
30.706566,-10.561831,0
8.865678,-30.709293,0
55.052723,111.49146,0
24.73646,-87.57742,0
-54.465652,-92.810905,0
-156.28632,-17.792456,0
55.042377,111.676834,0
141.12813,1.280763,0
53.211605,111.186066,0
-30.194925,-75.090385,0
-25.221859,9.790595,0
47.94245,-135.06616,0
-104.42918,-108.793945,0
-132.84853,3.7641683,0
-24.556768,10.408991,0
130.4758,46.72785,0
-23.597328,12.273433,0
-5.6383142,-25.294424,0
-3.9846787,62.025078,0
41.122757,-54.65615,0
-96.34396,-142.07227,0
-153.46205,17.817057,0
-4.040715,61.464016,0
142.37544,16.05093,0
-10.355967,53.924557,0
-35.449,-32.568497,0
1.0922027,58.787003,0
43.62761,-55.134396,0
-95.15009,-140.61519,0
-140.216,1.2384535,0
0.926119,58.70179,0
108.990776,30.223703,0
-6.5094805,53.808025,0
-33.027016,-32.689842,0
68.12031,54.40524,0
50.434593,-75.67946,0
-37.23383,-113.73613,0
-114.99984,-13.438566,0
67.85214,54.911266,0
116.851715,39.288628,0
66.669106,57.926067,0
-4.775721,-68.18927,0
8.210614,102.54904,0
31.277094,-102.647835,0
-73.14877,-107.55351,0
-164.40181,-31.517542,0
8.122988,102.22826,0
152.56348,-17.261036,0
7.4362273,101.3966,0
-42.478893,-61.060143,0
25.97316,131.14574,0
26.101055,-96.87048,0
-72.94839,-99.625465,0
-160.58131,-20.771036,0
25.10868,131.24626,0
162.99673,-10.685236,0
23.341747,131.56647,0
-43.136963,-69.64625,0
-37.339725,20.274183,0
46.39885,-149.24835,0
-112.30278,-100.428856,0
-133.51437,20.950613,0
-38.148155,20.78334,0
121.102905,21.105839,0
-39.87909,23.393082,0
-62.374065,-33.10671,0
-6.7595534,59.157314,0
40.044876,-56.996082,0
-97.82178,-140.64027,0
-151.94643,15.093467,0
-6.957341,59.079533,0
110.355034,34.181698,0
-9.903362,56.476547,0
-35.180424,-34.48948,0
14.332607,119.33797,0
24.61185,-93.255165,0
-59.193848,-91.3292,0
-165.63705,-18.96401,0
15.02474,119.40767,0
152.93231,-14.706367,0
15.720464,119.84415,0
-35.630455,-73.91051,0
62.955147,-7.051566,0
80.38324,-82.340195,0
-48.80321,-152.79787,0
-95.87482,-12.445048,0
63.09022,-6.397509,0
119.931595,77.52876,0
56.966698,-1.1093909,0
18.50641,-50.295666,0
-60.74176,53.7851,0
19.693537,-144.32452,0
-105.067535,-77.87848,0
-191.69751,0.6982425,0
-60.272564,53.772537,0
168.82199,4.582634,0
-58.913498,52.978897,0
-59.514065,-4.9228935,0
62.532986,91.62568,0
32.990273,-72.28636,0
-34.666386,-97.31625,0
-136.89911,-17.657265,0
62.604366,91.64138,0
156.38597,32.077286,0
69.47006,92.5917,0
-10.254334,-82.06893,0
-64.627495,84.0588,0
7.375855,-136.2818,0
-105.755745,-64.35389,0
-182.88367,9.451669,0
-64.668144,83.67442,0
176.543,14.065015,0
-63.339993,80.16843,0
-63.972404,5.413297,0
71.47979,24.547277,0
67.3472,-90.110275,0
-38.93325,-129.3904,0
-102.079475,-15.9463215,0
71.62915,24.96113,0
107.01825,51.84389,0
63.41721,18.536385,0
2.59076,-53.982983,0
25.665815,151.39299,0
104.48742,-67.35161,0
134.84637,-68.29355,0
41.48538,155.75069,0
38.916138,149.35709,0
68.85506,140.6973,1
41.426376,157.44026,0
38.078083,147.7909,0
-9.242398,44.543793,0
54.885124,-144.04756,0
-97.665924,-135.20128,0
-141.68257,23.296408,0
-9.049817,44.718353,0
113.49898,23.235031,0
-8.908067,45.37564,0
-40.45428,-24.033657,0
42.148212,-16.450668,0
81.65305,-108.322685,0
-30.472445,-141.68013,0
-88.615616,-2.1448898,0
41.981853,-15.979699,0
106.01088,79.26647,0
41.35532,-14.032008,0
13.792802,-37.09292,0
46.697613,108.33418,0
24.204018,-84.45435,0
-51.02376,-92.37166,0
-151.67088,-19.770254,0
46.640663,108.49912,0
153.36288,22.815525,0
51.225502,108.22898,0
-28.159813,-77.17579,0
45.988052,42.511497,0
55.127285,-102.20902,0
-61.340782,-124.19244,0
-117.71861,-13.281829,0
46.450836,42.589268,0
120.185936,47.786808,0
47.47088,42.29352,0
-3.0826378,-58.552006,0
72.92974,104.549866,0
29.026894,-74.65526,0
-40.71617,-93.357704,0
-143.7565,-15.492246,0
73.15723,104.63203,0
161.07477,31.264685,0
73.63595,104.673416,0
-19.375038,-81.85549,0
-56.106438,77.48896,0
17.314621,-152.07965,0
-93.93717,-73.660614,0
-180.95663,11.48946,0
-55.959106,77.72477,0
175.1691,2.950448,0
-55.49041,78.21886,0
-65.37525,-9.986333,0
62.607872,-12.81052,0
82.20358,-78.20529,0
-42.74066,-150.90503,0
-92.636505,-14.322674,0
61.555836,-12.166713,0
110.73747,79.22749,0
56.585266,-9.686988,0
20.700445,-53.60378,0
22.027487,85.20625,0
44.145657,-104.03244,0
-66.51644,-117.13696,0
-158.42647,-35.381523,0
21.855223,89.0882,0
138.00491,-18.789843,0
22.366861,88.89162,0
-27.528694,-53.952824,0
-93.73669,49.55713,0
6.6514854,-166.08937,0
-116.17137,-64.09498,0
-195.07127,11.559749,0
-92.89878,49.96804,0
177.717,5.1871786,0
-90.75565,50.848843,0
-59.491367,9.58611,0
50.40405,60.5403,0
46.99345,-76.414116,0
-41.83073,-112.70886,0
-124.85761,-13.846648,0
50.200687,60.244453,0
123.26355,42.748135,0
49.600075,59.217213,0
-7.5938993,-64.94854,0
-13.971053,15.761158,0
42.714066,-131.89023,0
-99.74093,-105.72291,0
-140.09447,2.744936,0
-14.069061,15.596849,0
123.39902,33.189865,0
-13.575795,14.948047,0
-0.49659982,-21.498446,0
71.58543,67.03219,0
44.087845,-66.112076,0
-27.76711,-106.66932,0
-127.625984,-24.965315,0
71.50028,67.2656,0
112.41907,39.664284,0
70.300545,66.46198,0
-1.2930496,-77.44863,0
-44.062874,77.6777,0
21.00606,-153.64496,0
-90.07311,-76.608406,0
-179.00914,3.7654169,0
-44.281345,77.82093,0
159.19621,13.819921,0
-47.844856,78.73371,0
-64.71388,-13.926478,0
-61.862633,83.84977,0
7.2831364,-134.23918,0
-103.97693,-64.84903,0
-184.00699,9.002514,0
-61.634792,83.67357,0
179.59943,28.465202,0
-60.648777,82.45845,0
-62.376335,6.4053254,0
-9.207137,126.38255,0
40.73568,-124.250885,0
-67.16819,-83.54956,0
-163.4056,0.468889,0
-8.893854,126.38468,0
155.0602,-4.3964663,0
-3.4574392,126.33642,0
-48.576035,-42.643684,0
24.51207,102.519264,0
45.15343,-98.19309,0
-60.886253,-110.17889,0
-149.09505,-35.070602,0
24.467264,102.90063,0
144.1308,32.28067,0
25.475178,105.234695,0
-32.382217,-60.619217,0
79.264275,95.06798,0
28.817547,-71.12047,0
-34.873116,-92.4105,0
-142.09322,-20.912092,0
78.89474,95.214676,0
161.1699,34.007393,0
76.10932,97.30587,0
-14.183044,-84.84005,0
-53.976265,122.597855,0
12.901127,-125.44721,0
-77.05362,-62.765205,0
108.66636,-29.066755,0
-50.641632,117.589714,0
184.90268,44.11143,0
-58.400646,125.12886,0
-61.951237,124.466835,0
15.751372,153.35306,0
115.00306,-78.078735,0
135.5546,-54.133404,0
11.477024,164.43045,0
10.560839,162.19386,0
77.699104,139.42612,1
11.635142,164.10242,0
10.651385,161.7748,0
17.576504,34.88053,0
58.832653,-118.54827,0
-67.10267,-137.29477,0
-122.19361,6.02405,0
16.991539,34.70047,0
145.48192,59.855614,0
13.135261,35.95651,0
-17.82906,-37.15462,0
-75.00008,132.02515,0
13.745116,-113.237595,0
111.212814,-41.49398,0
-83.846825,130.90752,0
-76.6477,132.47598,0
100.413246,118.819016,1
-76.93463,132.5512,0
-78.35476,132.63327,0
6.381405,70.66386,0
15.077839,-102.2541,0
-59.109188,-77.37729,0
-152.14656,2.4709837,0
6.364794,69.47624,0
166.46165,46.270683,0
6.1162705,68.96875,0
-24.589743,-13.189352,0
56.164146,66.98972,0
42.26591,-76.89011,0
-39.020214,-108.091156,0
-121.51952,-23.95442,0
56.64187,67.17413,0
162.7556,40.9417,0
59.23862,68.23818,0
-8.298862,-70.16535,0
-74.85941,91.603294,0
-0.058763247,-139.38882,0
-94.00746,-55.51942,0
-179.85295,15.958854,0
-74.88014,91.01499,0
179.94742,1.6638762,0
-74.78685,90.23795,0
-69.41352,10.05396,0
-9.446291,-4.664195,0
59.357227,-132.36871,0
-113.07699,-118.34661,0
-142.81862,11.182318,0
-8.246468,-4.4863024,0
127.82461,-6.9599204,0
-5.020148,-3.4240506,0
-6.0989413,-13.866652,0
47.456024,117.54474,0
19.462992,-83.82758,0
-50.571564,-86.40838,0
-154.6218,-22.445738,0
47.90377,117.76211,0
156.84163,30.403753,0
48.515392,118.01943,0
-40.095215,-71.18639,0
-2.3206186,112.26978,0
43.603596,-117.05283,0
-65.67047,-91.67851,0
-161.547,6.337621,0
-2.7229476,112.13464,0
146.84576,5.626377,0
1.430161,109.654495,0
-41.638058,-46.001434,0
-29.69049,159.15434,0
103.91852,-83.914795,0
134.8234,-42.61353,0
121.10471,-26.081797,0
-28.923597,157.11813,0
90.33104,132.93488,1
-27.528978,155.9631,0
-27.857992,156.2522,0
31.326817,83.97489,0
37.914417,-92.5318,0
-61.86175,-118.57339,0
-140.52292,-32.340935,0
31.286345,84.215454,0
138.928,38.784958,0
33.543896,86.622444,0
-22.850798,-57.55557,0
98.62516,-11.152763,0
-4.9470334,-120.35345,0
127.6636,-62.783813,0
106.44267,-9.777416,0
101.67419,-13.5535,0
172.04285,65.96629,0
105.373436,-10.042918,0
101.72071,-14.581279,0
-37.26025,114.66824,0
4.2815394,-116.283295,0
-70.188774,-67.98135,0
-166.00095,3.1482348,0
-37.54304,114.197914,0
182.18642,25.589436,0
-38.01789,113.45002,0
-29.936373,2.503088,0
-9.294611,125.58515,0
40.556686,-123.43392,0
-67.58934,-84.4001,0
-164.48491,1.7184104,0
-9.262885,125.633156,0
150.73761,2.384304,0
-5.248004,124.067276,0
-48.12322,-44.019207,0
89.76023,-46.89521,0
99.85963,-66.95658,0
98.55556,-49.938084,0
-82.86523,-33.11067,0
91.06818,-46.66888,0
113.65854,100.68583,0
92.42872,-47.05797,0
94.714096,-47.667824,0
-31.25165,121.13573,0
1.7296152,-113.43018,0
-65.00697,-67.39526,0
-153.836,-7.3209925,0
-30.786875,120.86653,0
176.62251,25.564129,0
-27.919847,118.48839,0
-26.073494,-4.814771,0
16.188757,23.718737,0
67.62468,-131.891,0
-63.073257,-143.44366,0
-107.4597,10.086407,0
14.788196,24.082895,0
119.76208,65.85607,0
13.813043,24.130987,0
-11.266795,-36.858818,0
22.915468,102.908066,0
44.814083,-98.88791,0
-61.24041,-110.26284,0
-149.32545,-34.62516,0
23.674782,103.27183,0
133.41939,-10.410812,0
25.703833,104.95729,0
-32.41606,-60.18824,0
42.537537,33.551815,0
52.11081,-102.05511,0
-60.54507,-125.384926,0
-112.75831,4.37823,0
43.003582,33.66524,0
142.82521,48.670944,0
46.539562,35.988285,0
-18.73911,-51.05483,0
-18.834755,104.42853,0
30.108538,-117.59274,0
-76.355896,-88.986916,0
-172.97273,-11.468286,0
-19.068403,103.84788,0
157.86342,-7.8336844,0
-21.225151,100.37083,0
-58.3692,-44.30281,0
-32.924564,109.093155,0
5.44816,-119.60301,0
-70.36887,-72.08043,0
-167.58963,-11.599089,0
-33.32752,109.03818,0
181.10417,21.612703,0
-34.908787,108.7234,0
-32.307396,0.28591827,0
-76.87476,75.57547,0
4.966577,-144.05542,0
-103.31268,-59.5249,0
-189.92726,15.807696,0
-77.1796,75.7949,0
175.21265,1.2787315,0
-77.59141,76.771065,0
-69.665794,2.0297801,0
17.61485,59.914654,0
55.1074,-83.58781,0
-84.10381,-131.08374,0
-127.39117,-12.507846,0
17.692045,59.38951,0
105.066475,39.831284,0
20.71569,58.531948,0
-28.443151,-36.354008,0
91.71636,5.7863584,0
1.0229213,-117.404915,0
124.3045,-27.76371,0
97.07779,4.103915,0
93.30493,5.0153995,0
184.53123,52.360336,0
93.7175,4.773417,0
92.42598,2.9962134,0
67.66534,27.189686,0
63.80835,-90.08344,0
-42.235756,-125.701935,0
-105.92088,-10.444747,0
67.28851,27.351168,0
113.80058,58.388924,0
60.358498,31.11708,0
-0.21629032,-53.593754,0
7.0991626,46.057453,0
48.93477,-55.38054,0
-91.13983,-136.05014,0
-135.08424,33.790314,0
7.033906,46.027534,0
101.96605,29.16539,0
-0.06293563,46.08379,0
-27.775106,-27.939163,0
-140.10626,81.37163,0
-21.991459,-171.96329,0
-150.33018,-73.48502,0
-166.24011,45.657417,0
-139.50214,81.03588,0
197.34985,-11.6842575,0
-138.78523,80.53395,0
-129.60854,53.478485,0
80.999245,61.70018,0
48.137444,-69.783646,0
-31.86918,-112.0524,0
-124.34111,-22.01653,0
80.9149,61.69611,0
109.48536,45.70306,0
74.50332,60.972855,0
-0.9657612,-71.86834,0
59.47318,-30.835085,0
106.458466,-100.51116,0
58.412968,-37.872807,0
-91.38172,-28.333796,0
59.548214,-31.049816,0
124.47387,93.48747,0
59.033115,-31.744215,0
58.25998,-32.80871,0
62.18983,-48.86583,0
96.46837,-86.81296,0
54.06808,-48.687748,0
-83.96533,-14.283703,0
61.857826,-49.060303,0
115.60118,86.73747,0
61.658497,-49.107796,0
60.45305,-48.818733,0
-50.58154,52.72124,0
38.04564,-157.67,0
-102.00883,-82.60218,0
-189.25047,-5.747014,0
-50.3664,52.618046,0
134.60933,3.4558399,0
-49.357857,52.253628,0
-65.52356,-23.16304,0
53.647,67.42619,0
43.169823,-78.71623,0
-40.324276,-109.081085,0
-131.3918,-13.473789,0
52.292152,67.9912,0
126.455925,42.16549,0
59.54587,69.323326,0
-10.32004,-69.58336,0
-22.920103,32.70432,0
54.2842,-147.70345,0
-100.43986,-130.40294,0
-147.27234,27.264975,0
-22.967484,33.03225,0
112.32705,18.141344,0
-23.152925,34.112732,0
-34.54496,-19.447527,0
-114.84369,99.03265,0
-10.287223,-165.52074,0
-141.05177,-74.247086,0
-172.84453,31.437826,0
-114.7814,97.91288,0
191.88358,-2.7063177,0
-115.118965,95.798805,0
-117.92091,61.385143,0
-64.65924,41.12245,0
21.70707,-141.03053,0
-109.5235,-79.491455,0
-199.14574,-0.84131676,0
-64.619576,41.731277,0
168.02556,5.0198665,0
-61.689114,44.5946,0
-55.513233,-3.0662088,0
-53.53407,43.295506,0
27.876232,-141.78624,0
-108.56589,-84.2072,0
-193.94455,-4.255621,0
-54.429752,43.25314,0
127.29244,14.445199,0
-57.300724,43.842255,0
-52.216232,-8.748792,0
-47.884224,97.96544,0
20.98292,-124.300026,0
-82.64684,-68.32254,0
-145.04637,-3.3713844,0
-47.616924,97.49015,0
159.72014,26.35555,0
-46.731934,94.386925,0
-38.20315,-11.996638,0
-103.50532,76.328026,0
-3.8153532,-176.15282,0
-137.65784,-61.261173,0
-165.29968,28.737625,0
-103.565796,76.68655,0
169.61647,42.231243,0
-103.47513,77.87043,0
-108.4348,55.885414,0
-33.899338,93.50317,0
31.141542,-130.37921,0
-80.46238,-79.17354,0
-163.34619,-11.056447,0
-34.249386,93.67228,0
163.36778,-1.4400265,0
-37.218513,94.89444,0
-52.65078,-32.380157,0
-129.35721,69.55456,0
-16.53519,-166.6714,0
-146.48456,-77.906204,0
-162.77122,38.504253,0
-127.87559,70.02666,0
197.91042,-3.2528505,0
-127.58686,69.99267,0
-125.99646,61.312313,0
-12.729572,158.54436,0
104.909325,-82.583725,0
133.2455,-36.465908,0
123.10584,-55.78163,0
-11.857715,154.79549,0
87.326744,131.78331,1
-15.805246,157.84644,0
-14.944085,157.66151,0
19.897083,-21.453413,0
86.29336,-122.25651,0
-93.54058,-108.997986,0
-130.6642,15.0507765,0
19.755836,-20.941944,0
130.6456,26.20417,0
18.598972,-17.072577,0
10.039809,-23.31405,0
-12.587419,157.57068,0
104.75861,-83.47345,0
132.48601,-34.95,0
121.74282,-54.683563,0
-12.418757,154.45857,0
86.70307,131.24603,1
-16.380888,156.31172,0
-15.133179,156.44382,0
-30.428274,158.42924,0
103.379196,-84.30314,0
135.80432,-40.82326,0
120.30919,-26.706854,0
-30.199007,156.37296,0
91.76399,132.53598,1
-29.569736,153.68083,0
-29.384497,155.29391,0
-12.902601,40.0298,0
61.06963,-146.45706,0
-98.6479,-133.3081,0
-144.72804,31.820217,0
-12.433976,39.749672,0
151.80377,65.8784,0
-11.19069,38.69947,0
-32.944458,-23.975544,0
-15.298373,66.945404,0
37.97077,-50.006264,0
-98.751625,-147.98601,0
-159.038,13.858055,0
-16.246283,66.54059,0
144.27272,8.410182,0
-17.615206,66.291565,0
-42.554623,-32.40287,0
-5.82087,4.0190697,0
56.816742,-130.17422,0
-109.547035,-119.6586,0
-140.57785,12.615952,0
-4.5700307,2.2627692,0
124.02094,-4.3721437,0
-2.8093975,1.1742575,0
-6.423158,-16.96058,0
77.56251,8.930225,0
68.595474,-78.90309,0
-46.776352,-142.4433,0
-108.84239,-18.329689,0
76.44963,9.097718,0
108.5888,61.50498,0
68.41821,9.097457,0
9.392151,-59.13716,0
-4.3557143,78.805176,0
27.439814,-111.00351,0
-79.653305,-118.21454,0
-176.89656,-30.438969,0
-3.585723,80.085724,0
139.66179,40.525997,0
-2.6045747,81.59848,0
-48.31395,-53.615776,0
-113.80948,87.676636,0
-11.443207,-171.61845,0
-143.14993,-68.77411,0
-173.90054,37.408726,0
-113.49999,87.18053,0
192.47025,-5.3796797,0
-113.37749,86.78722,0
-117.967995,55.712788,0
17.409084,129.83658,0
26.383024,-99.441956,0
-74.20362,-101.73871,0
-163.38052,-22.30232,0
17.77889,129.3082,0
155.26881,-14.955548,0
19.15956,127.732086,0
-44.469856,-67.47277,0
-138.87987,85.14827,0
-21.85352,-173.90233,0
-147.21748,-72.1927,0
-169.03778,47.510067,0
-138.38022,85.20901,0
195.70177,-11.348612,0
-133.68567,85.89051,0
-127.87366,50.95897,0
55.283382,92.79523,0
32.42471,-80.27325,0
-41.629192,-97.53226,0
-153.87923,-18.195663,0
55.23341,92.57689,0
143.74174,28.445467,0
58.521038,90.878914,0
-20.608374,-73.95778,0
-38.106976,44.647686,0
29.635221,-150.67708,0
-101.15582,-95.03121,0
-130.19661,0.084225364,0
-38.219105,44.638256,0
135.6307,29.86195,0
-39.861706,43.30533,0
-51.553493,-15.854815,0
50.160625,45.33542,0
58.829796,-79.37688,0
-40.035385,-118.1936,0
-116.41303,-11.443106,0
50.060192,45.684155,0
112.66634,50.208595,0
49.007015,43.568443,0
-0.084436886,-57.867935,0
-16.15903,70.67115,0
35.772396,-50.68277,0
-100.856705,-148.63255,0
-161.10818,14.910751,0
-16.89845,70.39889,0
144.68346,13.721064,0
-18.277212,69.80731,0
-43.75976,-34.658314,0
1.3748903,-5.4323845,0
60.434902,-129.7349,0
-111.180954,-116.130424,0
-141.84953,9.922182,0
1.1422958,-5.1380854,0
126.13923,-9.376087,0
-1.1482286,-3.1730306,0
-3.561666,-14.361597,0
-28.969841,65.54207,0
27.22773,-150.77925,0
-98.5582,-87.53824,0
-141.3581,2.2913542,0
-29.184895,65.68998,0
159.79996,11.841931,0
-29.842194,66.28606,0
-54.846172,-15.344466,0
15.197843,53.353756,0
54.151005,-87.50776,0
-86.74528,-128.52902,0
-140.83267,21.985477,0
15.416923,53.079277,0
98.232956,35.49271,0
16.04141,52.01357,0
-26.466978,-37.74719,0
-35.562347,122.76215,0
-0.80209845,-112.48568,0
-67.11733,-65.09237,0
-153.99113,-9.463983,0
-35.390675,122.89589,0
180.30904,25.911749,0
-27.672216,120.91807,0
-26.739103,0.22422692,0
-0.46323407,17.005718,0
76.768,-140.24518,0
-73.83303,-141.63832,0
-109.04736,23.864012,0
-0.564896,17.559107,0
139.96027,72.833336,0
-0.7615754,19.383165,0
-13.314685,-25.486551,0
-12.51376,157.50513,0
104.2308,-82.89706,0
132.35535,-35.033764,0
121.67985,-54.581974,0
-12.564605,154.5774,0
87.10006,131.03267,1
-16.013401,156.05899,0
-14.846137,156.38055,0
31.47294,47.848022,0
52.224834,-117.70259,0
-61.439484,-136.3606,0
-124.79376,-4.2917647,0
31.445623,48.136635,0
150.85178,56.095955,0
30.453726,50.379505,0
-20.991821,-40.549152,0
-111.901215,73.824715,0
-7.4936647,-173.70653,0
-139.81186,-64.93458,0
-164.46452,31.773695,0
-112.0123,73.677704,0
193.83136,4.3615184,0
-113.090065,73.64986,0
-113.52791,56.046955,0
14.929976,125.69077,0
27.44307,-101.96136,0
-75.94661,-104.40047,0
-166.88374,-23.088312,0
15.551525,125.850426,0
152.46211,-15.673207,0
16.525986,125.88293,0
-46.511604,-64.20677,0
-58.19776,112.07963,0
8.516559,-110.43372,0
-75.54638,-56.86111,0
117.839806,-25.722986,0
-54.25617,113.54531,0
181.11247,46.19048,0
-59.670406,111.847404,0
-60.539574,111.55089,0
-63.21376,25.576326,0
41.74403,-160.3166,0
-119.21578,-91.47369,0
-181.09705,-7.781181,0
-62.757988,26.01947,0
170.5361,-8.103187,0
-59.121475,27.461016,0
-69.092094,-26.054424,0
51.440456,-32.564205,0
103.93351,-103.99804,0
52.655876,-38.97057,0
-118.3738,-36.779007,0
51.586357,-33.100903,0
127.861565,92.67497,0
51.467434,-33.685463,0
50.523354,-35.66689,0
17.77998,117.8486,0
23.165504,-91.92854,0
-58.05844,-89.76412,0
-165.09126,-16.897812,0
17.565052,118.159065,0
159.86954,-10.108534,0
59.306896,118.01597,0
-35.091915,-75.30999,0
48.587227,65.53667,0
45.152885,-79.76717,0
-43.62059,-110.39927,0
-133.79926,-9.399253,0
47.796932,66.24243,0
125.03243,42.43576,0
47.309906,67.58052,0
-9.976476,-65.976074,0
-71.85472,82.34538,0
5.86659,-139.71953,0
-107.787605,-60.90778,0
-189.87796,10.662933,0
-72.2229,82.62547,0
178.14589,10.9843645,0
-73.91934,83.26802,0
-66.95413,5.1263504,0
-37.547558,72.44399,0
23.469612,-153.50955,0
-93.06197,-82.96523,0
-174.2891,3.10716,0
-37.325733,72.273605,0
158.745,11.550831,0
-36.56538,70.374115,0
-60.943848,-14.82135,0
-130.4015,74.37157,0
-17.416475,-168.56886,0
-148.03569,-76.11652,0
-164.80855,41.047142,0
-130.344,74.159256,0
186.21404,-14.956574,0
-128.82153,79.16382,0
-125.66078,58.918114,0
71.447014,-33.3936,0
109.060265,-94.69793,0
66.62242,-40.7349,0
-87.51186,-26.462177,0
71.35134,-33.31856,0
117.98682,97.6289,0
71.46638,-33.38374,0
70.913635,-32.959988,0
-77.05724,29.246082,0
17.761812,-174.06393,0
-121.6031,-77.36837,0
-204.97388,3.1072958,0
-77.19784,29.28701,0
119.86539,13.128239,0
-77.29606,28.271362,0
-47.600494,0.43682215,0
21.181095,62.381203,0
51.886566,-84.86635,0
-82.78288,-129.32567,0
-134.71454,-7.9244,0
21.492613,61.85641,0
124.88067,40.32881,0
22.842031,60.97295,0
-29.950438,-38.841686,0
2.1352015,-3.4138908,0
59.840286,-128.7056,0
-109.60957,-116.99277,0
-139.89487,11.053878,0
1.619384,-3.1870742,0
122.95206,-7.0527625,0
-0.3294796,-1.2292471,0
-3.411432,-15.456442,0
-60.08069,19.019264,0
45.193703,-158.82674,0
-120.61045,-95.12013,0
-187.05322,-7.1981115,0
-59.689983,19.274305,0
127.847145,4.2418,0
-57.323036,23.345093,0
-70.28424,-29.843424,0
29.935751,-3.5054421,0
75.51685,-116.634285,0
-93.02914,-119.18159,0
-97.262764,3.4886782,0
29.669926,-4.0302806,0
125.25436,63.328587,0
28.450155,-4.4213343,0
3.2015336,-34.086826,0
-32.34329,126.37804,0
0.22648506,-110.279076,0
-65.78239,-64.20647,0
-151.53003,-9.485505,0
-31.444824,126.22698,0
175.71275,27.086504,0
-26.431889,121.933136,0
-24.106604,0.00021385681,0
-58.073288,38.71997,0
29.43325,-139.82928,0
-110.18458,-84.81232,0
-197.97345,-4.034327,0
-58.288162,39.533318,0
123.296486,22.351374,0
-59.376434,41.895348,0
-50.073997,-8.588664,0
43.460712,50.641144,0
66.85171,-73.86627,0
-51.94901,-139.0431,0
-126.40328,-9.322468,0
43.334343,51.133106,0
123.29549,39.529346,0
43.73269,53.565918,0
12.067827,-64.61826,0
23.766605,28.520317,0
61.62518,-114.35324,0
-61.474697,-141.27203,0
-115.17645,2.8119614,0
24.314287,29.320498,0
139.28943,59.265156,0
24.628119,30.10905,0
-11.3879,-38.513287,0
73.535904,33.811256,0
58.753204,-97.68255,0
-51.97136,-122.91109,0
-110.96648,-3.3763409,0
73.48559,33.18366,0
118.32179,56.65153,0
54.939827,36.460125,0
-6.372529,-50.28838,0
-17.53941,54.253597,0
17.11588,-123.64174,0
-103.05449,-140.34929,0
-150.05307,13.114185,0
-17.39369,54.006985,0
162.06407,22.783562,0
-17.08001,53.710884,0
-39.799953,-27.60364,0
-63.291206,150.04788,0
100.59743,-82.88054,0
123.40558,-40.195126,0
106.370865,-36.680656,0
-64.48041,150.78813,0
93.361496,123.250626,1
-65.211296,153.84604,0
-64.84786,152.33574,0
-5.291279,110.64703,0
41.91159,-116.12181,0
-67.5955,-92.54837,0
-162.4844,4.409955,0
-5.3345485,110.33755,0
146.15393,5.420846,0
0.6168867,107.19065,0
-42.0421,-48.01975,0
-31.756214,51.43213,0
32.56426,-155.86287,0
-92.64758,-90.93194,0
-182.32089,-15.95557,0
-31.44741,51.638744,0
140.42484,9.731457,0
-30.626417,51.083652,0
-59.11057,-23.242779,0
27.084845,-5.31611,0
76.14417,-119.33716,0
-95.83064,-119.994415,0
-95.82559,2.6626184,0
27.046408,-5.2142115,0
135.56638,73.790924,0
22.39737,-5.7435274,0
3.5207145,-30.62847,0
70.85924,38.541836,0
57.549732,-95.137375,0
-49.96066,-120.25596,0
-112.92605,-8.629302,0
70.965645,38.580463,0
117.825966,56.038902,0
57.854538,38.799015,0
-7.443476,-52.84553,0
-83.5927,43.518703,0
12.338217,-167.48024,0
-117.29606,-69.904175,0
-198.87997,6.304295,0
-83.954094,42.67744,0
172.45396,7.5392766,0
-84.78322,40.38025,0
-54.74712,5.0104446,0
35.6593,56.699875,0
27.960213,-84.92968,0
-51.13188,-97.95174,0
-138.57289,-7.1191707,0
36.443027,56.59965,0
148.84692,35.295586,0
37.608654,56.59819,0
-25.379951,-74.5387,0
31.170563,7.254926,0
77.514145,-84.45122,0
-52.691685,-150.61427,0
-108.543076,0.3930844,0
31.20187,6.8477015,0
100.51761,58.039207,0
57.699146,3.488414,0
14.833462,-48.50225,0
-56.53889,17.363237,0
45.80359,-159.41104,0
-120.14971,-96.1769,0
-188.22801,-7.425333,0
-57.570656,20.60857,0
130.84808,6.9128723,0
-56.89031,22.24648,0
-71.3687,-30.236378,0
-58.413273,98.970665,0
3.1393619,-127.66647,0
-87.56098,-62.969727,0
-156.34952,-2.1227264,0
-58.83899,98.95096,0
165.0811,26.604052,0
-59.32759,98.64712,0
-38.752098,-3.3496997,0
63.320324,-12.989035,0
82.06547,-78.06343,0
-42.889576,-151.37701,0
-93.03312,-14.9744005,0
61.891438,-11.949662,0
110.294846,78.22832,0
56.040234,-9.427283,0
20.77519,-53.585556,0
-36.552246,23.745014,0
43.725418,-148.43103,0
-111.396454,-97.614,0
-126.65753,27.995625,0
-36.809525,24.100275,0
123.65353,24.452017,0
-37.256283,24.820328,0
-61.805447,-29.910704,0
-116.179436,90.45047,0
-13.0872135,-168.09532,0
-143.97078,-72.35807,0
-172.26701,35.80602,0
-116.475746,90.83512,0
192.50183,-1.943413,0
-116.96396,91.60131,0
-121.373886,58.575027,0
79.05032,74.951996,0
47.81577,-68.31356,0
-30.356216,-111.13426,0
-133.29915,-23.523396,0
79.175354,75.13986,0
107.35342,45.021095,0
77.627884,65.19493,0
0.3742119,-72.50252,0
-65.410484,83.01166,0
7.916086,-136.21376,0
-105.98277,-64.78253,0
-186.92389,8.450726,0
-65.434616,82.87325,0
176.56511,14.933033,0
-63.73031,79.75433,0
-63.280994,4.3693314,0
-9.5911455,-4.4528856,0
59.646183,-132.65027,0
-113.347275,-118.500496,0
-142.94046,12.402675,0
-8.550056,-4.3700047,0
126.86507,-10.160819,0
-6.078694,-4.015506,0
-6.4666514,-13.265824,0
-7.157745,0.7797261,0
57.664017,-131.81505,0
-111.538216,-119.48959,0
-147.07957,12.708309,0
-6.9345007,0.6454991,0
127.372955,-5.5926986,0
-6.0225134,-0.09636546,0
-6.9419036,-15.485915,0
50.663418,21.379019,0
67.03752,-101.22758,0
-44.821472,-132.5252,0
-102.37967,-3.805796,0
45.025173,22.84934,0
116.92923,64.28615,0
45.531754,22.821098,0
-1.0559703,-46.753002,0
28.305498,1.2290751,0
74.14983,-117.13744,0
-66.17004,-145.03949,0
-119.77926,12.543224,0
28.215826,1.0798752,0
127.31059,66.90467,0
26.699684,-1.2966168,0
-4.8169975,-29.67902,0
-113.32562,78.07446,0
-10.0398035,-173.60768,0
-141.65826,-64.48915,0
-167.33237,33.35201,0
-113.24739,78.42257,0
188.99689,2.1098504,0
-110.92488,82.30335,0
-115.2753,53.951126,0
59.312737,99.23197,0
28.790667,-79.13403,0
-45.35656,-96.011604,0
-149.94968,-20.143814,0
59.659946,99.28385,0
159.95013,28.005257,0
60.397205,99.08751,0
-21.819738,-79.93002,0
-6.03802,100.17154,0
37.542057,-113.70114,0
-60.08832,-95.40391,0
-128.27919,-2.2835016,0
-5.6099753,100.137695,0
143.41774,-2.3860781,0
-4.519841,98.94087,0
-38.89478,-49.041744,0
57.240803,19.650053,0
65.02737,-100.47877,0
-45.56633,-130.47998,0
-101.11388,-15.503705,0
57.864822,19.452665,0
114.62076,63.324924,0
59.09231,18.70335,0
-1.3737805,-45.709774,0
-58.615086,152.01753,0
100.35971,-91.63673,0
124.364845,-40.378418,0
108.53401,-35.068165,0
-60.673843,153.67787,0
95.10212,124.293076,1
-61.581837,157.93533,0
-61.090343,156.06532,0
57.81656,52.946144,0
55.584,-72.48104,0
-34.13201,-116.1816,0
-118.7001,-15.106185,0
58.246887,53.553158,0
116.61488,48.342392,0
58.554512,54.80952,0
-1.2085276,-68.27657,0
-29.610363,80.25555,0
16.658957,-87.98651,0
-84.37955,-85.75173,0
-171.12083,3.8932393,0
-29.58752,80.29873,0
155.7749,16.614534,0
43.395214,96.12773,0
-61.09461,-19.351019,0
55.017727,10.106737,0
67.0185,-95.49493,0
-48.668747,-124.08433,0
-104.331215,-7.82069,0
55.579742,12.49957,0
116.11692,58.014286,0
56.143734,13.288343,0
-5.6879106,-52.267033,0
-6.9359894,118.71263,0
38.43174,-120.190155,0
-70.242,-87.89044,0
-168.90503,-4.01061,0
-7.433381,118.625305,0
150.977,-10.19209,0
-8.089442,118.58212,0
-47.87684,-47.93468,0
82.0458,78.9029,0
35.632065,-67.258415,0
-29.099031,-98.503845,0
-138.84442,-25.368755,0
82.27282,79.021965,0
165.07762,36.192738,0
70.545296,88.47977,0
-6.2011795,-82.964806,0
76.75117,21.497257,0
64.005775,-82.01181,0
-35.20535,-124.148865,0
-109.81026,-20.46837,0
77.05301,21.809937,0
114.80736,59.19673,0
65.63068,13.777567,0
3.8726141,-59.300648,0
33.0692,-18.122704,0
83.51056,-116.31951,0
-29.01448,-147.21008,0
-94.643135,7.144358,0
32.36745,-17.766535,0
125.62056,74.1516,0
28.814198,-13.024637,0
10.750743,-30.452557,0
-51.909985,44.97316,0
27.297861,-143.27232,0
-106.62838,-84.57985,0
-193.72473,-3.1847763,0
-52.271584,45.182365,0
127.53682,11.522364,0
-57.21347,45.5054,0
-53.556908,-9.651938,0
28.218004,58.790394,0
50.18237,-86.01733,0
-50.155136,-107.87396,0
-128.4232,-10.151765,0
27.594446,58.990112,0
131.10585,44.634422,0
27.002575,60.5356,0
-14.797345,-60.85425,0
3.7186654,15.283762,0
75.12684,-135.86244,0
-70.42598,-145.29799,0
-107.04239,15.184233,0
4.6150293,15.242861,0
145.71558,66.7666,0
5.8024,15.01978,0
-12.139391,-29.973364,0
-33.200466,49.997776,0
32.667793,-154.42238,0
-94.4659,-90.49997,0
-181.37344,-14.320704,0
-33.0894,50.305927,0
137.41806,19.777744,0
-34.040356,50.872585,0
-57.57628,-21.136112,0
23.178225,-25.81187,0
83.206024,-123.821815,0
-91.05915,-106.55681,0
-132.02315,12.4223,0
23.080809,-25.243916,0
160.30437,22.448172,0
20.906448,-17.07767,0
6.792116,-23.859314,0
5.2793293,180.5001,0
111.76305,-78.510605,0
136.73042,-51.83061,0
124.9611,-25.566442,0
7.1989374,177.08699,0
73.58563,138.30048,1
8.559033,179.6767,0
8.019233,178.8552,0
29.754467,-23.009256,0
82.107574,-118.611626,0
-103.09167,-115.32586,0
-98.964096,8.985762,0
29.669777,-22.652132,0
129.86948,68.725815,0
24.589397,-14.0609865,0
8.45368,-29.600227,0
-39.250557,77.210754,0
60.008896,-151.26248,0
-103.50944,-136.09273,0
-154.83646,23.91398,0
-39.251347,77.23199,0
172.52388,13.3165865,0
-18.521984,49.110855,0
-39.074287,-24.516758,0
79.400345,18.874935,0
65.783424,-81.45169,0
-33.33505,-124.94044,0
-103.45065,-22.833277,0
79.299255,18.997047,0
105.984215,56.812347,0
68.3269,13.819447,0
6.055676,-59.267498,0
-52.596462,42.78588,0
27.04053,-141.81673,0
-108.668846,-83.5153,0
-194.46426,-4.122662,0
-52.85054,42.86343,0
129.84135,11.049954,0
-56.13596,42.833588,0
-52.556374,-7.9925613,0
72.37604,5.07698,0
69.7911,-73.27628,0
-51.563667,-141.9412,0
-108.508934,-13.844083,0
70.68187,4.9694824,0
118.659,44.18902,0
69.27612,5.4682393,0
13.174189,-63.152805,0
-49.95284,35.35996,0
35.51844,-142.228,0
-108.67062,-90.75183,0
-122.65967,27.753681,0
-50.002083,35.866646,0
126.044304,18.628922,0
-50.30961,36.73594,0
-48.989662,-10.674722,0
64.05246,-34.4531,0
109.40574,-98.16391,0
62.623608,-38.77706,0
-88.97332,-30.674656,0
64.24229,-34.698414,0
119.836235,98.15054,0
64.460175,-34.940018,0
63.937096,-35.891647,0
-7.2368717,133.79169,0
38.99466,-125.80128,0
-69.02238,-81.95488,0
-163.68631,-3.4107003,0
-6.9844623,133.75786,0
159.42216,-7.131783,0
-2.6297045,128.51172,0
-50.31048,-42.100845,0
-51.759964,94.105865,0
19.405762,-126.555595,0
-84.71678,-66.62463,0
-175.9909,16.824518,0
-50.74738,93.05085,0
168.77753,21.357012,0
-50.20712,92.6498,0
-39.66245,-8.996087,0
4.6996355,179.79047,0
107.62183,-80.684715,0
135.57428,-66.27415,0
122.28237,-24.606983,0
6.1846585,178.80856,0
72.577446,137.66861,1
7.074033,180.4397,0
6.7886076,179.1998,0
61.880375,-15.621006,0
83.30654,-77.515175,0
-43.06086,-152.89413,0
-90.639206,-15.7865925,0
61.53243,-15.904829,0
109.94069,81.493614,0
54.52427,-9.362365,0
22.193573,-53.71724,0
-54.370346,124.50041,0
12.65481,-129.92485,0
-75.39151,-62.27272,0
108.17963,-30.075033,0
-49.80694,119.61199,0
179.6184,43.79667,0
-58.137894,126.34768,0
-60.97301,126.08236,0
42.111256,-7.0371723,0
69.23069,-103.249275,0
-44.000008,-135.43954,0
-98.15866,-1.1057625,0
41.99595,-6.9799385,0
116.03867,76.03819,0
46.50105,19.440872,0
1.4142194,-42.332844,0
75.27348,37.680992,0
53.70239,-94.976524,0
-51.77018,-117.73389,0
-112.453156,-7.8524766,0
75.37039,37.655952,0
139.90349,34.456596,0
55.195816,38.727013,0
-9.132135,-54.508823,0
-9.509536,112.741135,0
38.79302,-117.431435,0
-70.2676,-91.15466,0
-176.88469,-17.80788,0
-9.784291,112.84285,0
141.31563,-2.666668,0
-9.932586,115.710205,0
-45.281994,-49.53289,0
73.38719,19.525698,0
65.45876,-84.87234,0
-36.145798,-127.839,0
-98.87419,-17.390635,0
72.81802,18.829271,0
107.682175,58.60613,0
65.74458,16.946383,0
5.4563007,-55.460594,0
-11.645801,48.785343,0
39.502945,-59.702415,0
-100.46529,-138.51062,0
-152.55312,22.641571,0
-11.828762,48.893326,0
147.0199,22.33333,0
-13.21943,50.506775,0
-37.798977,-28.168365,0
-50.141697,26.232346,0
41.74076,-154.50233,0
-114.3864,-94.65325,0
-185.22638,-12.068017,0
-49.811684,26.36718,0
127.551445,1.0841191,0
-49.269234,26.73061,0
-64.19176,-28.051897,0
104.807,-8.594995,0
-4.9346805,-120.01198,0
100.199486,-7.5961127,0
128.06487,-63.426197,0
90.77757,-7.4805136,0
171.31067,64.49198,0
106.83373,-11.52742,0
103.920044,-12.155682,0
1.3038383,121.42419,0
42.945923,-122.362976,0
-65.55467,-86.18233,0
-159.44124,0.44719464,0
1.235386,121.36814,0
148.23636,3.22974,0
-0.2682264,121.40074,0
-45.696907,-43.638733,0
-2.2415037,55.026707,0
43.45036,-57.712715,0
-92.70422,-141.97408,0
-148.8317,20.03687,0
-2.2537453,55.163467,0
109.5532,26.53082,0
-5.568788,51.292088,0
-34.16613,-29.379889,0
73.071175,78.95325,0
44.233223,-72.13313,0
-34.040432,-106.48277,0
-130.35304,-19.661232,0
73.005905,80.24104,0
112.33863,45.84755,0
68.364655,83.83162,0
-6.1586227,-73.73665,0
-114.526405,79.92559,0
-9.907447,-175.7056,0
-143.00752,-64.10537,0
-167.43764,35.855095,0
-114.26155,80.474525,0
191.47762,3.0615203,0
-113.42613,82.99746,0
-115.301704,52.50703,0
77.51227,25.65,0
61.45864,-80.979195,0
-36.401035,-122.288864,0
-112.86675,-17.365244,0
77.84249,26.151217,0
112.07311,53.633842,0
64.17918,14.76921,0
1.4240876,-59.732903,0
-46.11205,72.57959,0
20.772354,-154.33705,0
-89.56172,-77.51902,0
-180.4097,2.8355424,0
-45.872307,72.48712,0
163.41739,11.96111,0
-49.84342,75.53159,0
-66.09145,-14.511961,0
-34.37296,52.595615,0
36.07503,-156.12534,0
-102.343796,-83.2527,0
-184.1977,-14.86786,0
-34.455822,52.54833,0
123.31151,16.7865,0
-59.272488,49.993935,0
-57.39429,-9.588424,0
-54.24696,20.197124,0
47.51776,-159.14233,0
-120.919304,-97.086876,0
-185.528,-4.5696745,0
-54.464504,21.040201,0
128.63977,3.490736,0
-54.50449,21.656052,0
-72.10496,-31.92297,0
-7.199119,73.62197,0
33.46434,-55.094303,0
-83.240166,-116.26947,0
-160.30801,16.454428,0
-7.3516855,73.42495,0
142.57788,13.585682,0
-9.7006235,73.29478,0
-40.763054,-38.040195,0
-109.457924,75.047874,0
-6.004501,-174.93997,0
-138.87238,-62.76485,0
-163.5466,28.473137,0
-108.97132,75.73402,0
191.31512,6.0376472,0
-106.32605,80.99757,0
-111.11899,55.352425,0
-130.55362,72.60825,0
-17.604748,-167.84482,0
-148.10495,-76.949135,0
-161.851,40.81064,0
-130.33722,72.68144,0
200.3696,-2.9815116,0
-129.23761,72.39555,0
-126.01789,59.36612,0
-53.93923,62.535862,0
14.001768,-154.59459,0
-98.95079,-75.199715,0
-178.26158,-3.636063,0
-54.114574,63.212658,0
161.19063,4.5485563,0
-54.0826,64.86663,0
-70.764915,-11.053817,0
-43.081104,76.329575,0
20.836203,-151.59755,0
-91.79781,-75.574684,0
-178.45775,6.0125155,0
-43.26111,76.14512,0
180.05,11.133444,0
-49.472977,79.241745,0
-63.61272,-12.096515,0
46.389404,114.03306,0
22.780888,-82.72538,0
-48.900566,-91.85904,0
-151.90187,-16.54299,0
46.413376,114.10791,0
148.7363,24.1247,0
51.425507,109.32556,0
-26.572233,-78.106606,0
-61.88457,93.90794,0
2.206467,-130.25363,0
-90.0984,-64.81214,0
-168.5167,-14.9178095,0
-61.547745,94.2405,0
172.58313,19.591616,0
-60.482723,94.750404,0
-41.440228,-3.352824,0
-110.49044,75.875626,0
-6.494103,-174.74033,0
-139.38695,-63.38829,0
-168.20801,29.49454,0
-109.858185,76.19931,0
192.3912,6.1342025,0
-107.49739,81.70906,0
-112.344826,55.377895,0
35.427246,51.955997,0
66.64636,-70.15347,0
-55.73608,-140.48798,0
-123.58589,-2.7155385,0
35.29352,52.06383,0
121.2811,37.52232,0
33.05647,53.133476,0
12.0562,-67.41749,0
39.602345,33.537155,0
59.61368,-105.855515,0
-54.547947,-128.91377,0
-108.81982,2.4720669,0
39.652416,33.4998,0
126.60978,57.0624,0
42.84573,28.06105,0
-3.8592675,-47.67628,0
30.708406,-2.0920813,0
75.75662,-115.72953,0
-33.49854,-144.68193,0
-102.59433,-12.1912365,0
30.603146,-2.4648132,0
123.439766,69.40721,0
28.726732,-2.877177,0
4.479183,-33.251804,0
-15.925568,10.368104,0
45.648903,-131.87708,0
-102.26418,-108.138824,0
-134.95047,1.7250735,0
-16.249985,10.65446,0
124.98162,29.787825,0
-17.569466,11.428666,0
-3.324615,-23.173195,0
71.893425,78.01302,0
37.985977,-69.193954,0
-31.905401,-101.64176,0
-130.27457,-20.027939,0
71.68066,78.369156,0
150.90907,37.650227,0
67.92876,84.26275,0
-6.9070005,-79.45585,0
16.483839,154.80838,0
109.53915,-67.71764,0
139.03249,-55.01874,0
17.670752,163.21765,0
17.02812,162.77798,0
78.06415,140.12167,1
17.381855,163.39595,0
16.678577,162.80281,0
-110.168076,78.21413,0
-7.1875935,-176.08018,0
-140.84366,-62.943726,0
-167.03947,31.310345,0
-109.52745,78.904,0
189.32858,6.013342,0
-108.92038,80.165054,0
-112.14019,53.67343,0
-122.76964,95.3325,0
-12.175784,-169.30278,0
-144.57793,-71.62547,0
-174.63916,38.401726,0
-122.73956,95.21623,0
191.37486,-4.435344,0
-119.20857,93.13549,0
-120.06051,57.590126,0
66.519325,51.6629,0
51.718422,-75.61714,0
-36.92727,-114.98405,0
-116.61015,-19.439915,0
66.49763,52.421246,0
117.91297,42.282494,0
62.9041,57.29912,0
-0.563128,-64.11212,0
-26.935112,10.948738,0
45.496365,-135.4093,0
-103.74544,-106.70365,0
-135.22113,5.4058094,0
-26.259623,11.980915,0
133.29575,36.93843,0
-24.540785,14.560202,0
-5.169766,-22.471563,0
33.90711,83.02336,0
37.638115,-91.43784,0
-60.723118,-118.46866,0
-137.46823,-33.42779,0
33.869026,83.61976,0
144.05225,30.84794,0
34.842686,87.0387,0
-22.370722,-58.92672,0
17.299896,116.05416,0
25.574001,-91.499985,0
-57.85813,-92.74145,0
-170.76047,-32.495007,0
16.766916,116.36856,0
154.15614,-11.668396,0
16.200314,116.28118,0
-33.053257,-73.19569,0
-8.812454,164.51929,0
106.636444,-79.690765,0
135.33987,-37.86184,0
129.22314,-61.061165,0
-8.350504,154.0071,0
84.680824,133.74808,1
-12.954789,168.06425,0
-11.4744425,167.13127,0
12.50452,16.371117,0
40.10169,-140.86836,0
-67.44893,-147.5037,0
-116.13657,14.076995,0
12.549271,16.512777,0
117.64216,30.250317,0
8.9088,20.089033,0
-9.267872,-31.361862,0
-39.65019,51.910255,0
30.972677,-155.32153,0
-94.40777,-88.72379,0
-182.28035,-14.868202,0
-39.032784,52.002346,0
135.00372,11.2468815,0
-38.381435,51.934784,0
-61.67231,-21.625502,0
88.44547,-15.146708,0
-0.72819996,-118.574646,0
121.90434,-59.321007,0
93.6292,-25.049116,0
93.23311,-22.40515,0
178.02507,59.861576,0
93.65892,-22.533787,0
92.788765,-21.812529,0
-42.54775,82.46576,0
19.687473,-149.13797,0
-92.35354,-73.41339,0
-183.87733,6.7744217,0
-42.449818,82.69471,0
174.23201,15.933318,0
-49.20316,81.404564,0
-62.18703,-10.688593,0
24.44936,126.585815,0
27.04825,-98.03392,0
-72.553856,-101.280975,0
-161.666,-22.420727,0
23.93213,127.37716,0
160.13774,-15.25384,0
21.810722,128.26791,0
-43.262447,-67.82822,0
24.867226,152.11453,0
103.682365,-67.23595,0
134.5733,-67.08637,0
39.260017,155.8773,0
37.401505,149.96143,0
70.21018,140.23685,1
38.653835,156.7144,0
36.70934,148.7766,0
36.256744,5.0054646,0
76.9951,-132.8541,0
-40.030075,-146.85318,0
-87.00471,0.4993088,0
36.268078,5.1245537,0
124.16604,75.61963,0
37.16961,-1.8832875,0
-4.359772,-35.410122,0
63.843548,23.48584,0
60.333748,-84.70322,0
-38.522507,-124.95496,0
-104.447296,-8.8976965,0
63.6993,23.352474,0
108.43871,51.6128,0
63.181446,22.794188,0
1.6054572,-57.737637,0
-45.021168,13.935092,0
47.66912,-154.8883,0
-117.88707,-99.66144,0
-189.26135,-7.7989593,0
-45.395584,14.289332,0
168.9094,7.7250013,0
-46.613277,15.870466,0
-67.400505,-33.27713,0
-26.83476,11.573615,0
46.094933,-136.05977,0
-104.697105,-106.62901,0
-135.00908,6.3853297,0
-26.736515,12.433976,0
126.234856,30.702843,0
-25.348698,13.943576,0
-6.063205,-23.356077,0
14.714709,12.174499,0
72.54879,-136.75993,0
-71.490776,-148.03676,0
-116.99784,-1.1681819,0
14.701371,11.962796,0
137.73918,66.03387,0
4.991348,22.864405,0
-16.26912,-29.712456,0
25.49631,98.01827,0
51.097946,-100.62409,0
-60.21002,-113.89881,0
-147.53378,-36.887188,0
26.329956,98.26625,0
137.69128,46.549664,0
26.972805,98.0605,0
-27.899,-57.418785,0
-60.384853,58.227432,0
17.845333,-140.30719,0
-103.97785,-75.539185,0
-181.50716,-2.4404123,0
-60.43691,58.254982,0
172.40994,8.843754,0
-60.02323,62.733616,0
-59.396843,-2.4925869,0
-35.681232,41.559464,0
33.607372,-151.9749,0
-96.81882,-91.87524,0
-123.57231,16.9259,0
-36.071087,41.466084,0
133.90643,17.285877,0
-37.404705,40.935642,0
-51.811024,-20.39312,0
20.327957,19.383657,0
66.31544,-77.343285,0
-56.13693,-137.7791,0
-113.30595,-0.3153684,0
20.367193,19.571724,0
123.92255,59.181602,0
20.5512,20.35366,0
-9.002124,-36.393192,0
-15.524304,69.59293,0
36.396023,-50.680515,0
-100.13436,-148.40831,0
-160.06699,14.765288,0
-15.946752,69.62543,0
144.07336,13.348608,0
-18.103596,68.86239,0
-42.706818,-34.67152,0
-12.762706,159.10805,0
104.98608,-82.389694,0
133.19833,-36.848038,0
123.354126,-55.922413,0
-11.9871435,155.1874,0
87.2815,131.7885,1
-15.779366,158.40672,0
-14.910448,158.44702,0
78.11323,72.54484,0
41.286633,-68.83355,0
-29.206228,-103.97994,0
-134.03284,-24.25259,0
77.96644,72.58144,0
150.04982,38.292763,0
77.61635,66.266304,0
-1.1301326,-79.646515,0
-12.980694,33.942516,0
61.851734,-143.97095,0
-95.46772,-131.97862,0
-141.1759,31.730968,0
-12.865362,34.143215,0
104.01743,24.011518,0
-12.047186,34.550217,0
-30.536203,-23.98175,0
45.364742,64.960106,0
46.582485,-81.74809,0
-45.186455,-108.390015,0
-131.00204,-7.4807057,0
44.815983,64.640976,0
150.21869,40.248997,0
44.186745,62.922794,0
-11.443488,-64.55838,0
-35.23848,20.822794,0
46.044456,-148.15553,0
-110.66196,-99.911514,0
-129.54832,23.663633,0
-35.411068,21.228146,0
120.709724,22.10264,0
-36.21584,25.696363,0
-46.811344,-24.347788,0
76.14827,-46.64955,0
115.56254,-93.724106,0
72.73924,-54.629414,0
-87.51458,-35.83028,0
75.806656,-47.042015,0
118.57801,103.58647,0
75.19913,-47.664112,0
74.06717,-48.647614,0
-53.487392,127.320625,0
0.119753785,-114.543655,0
-72.42203,-60.665684,0
107.20161,-32.77534,0
-50.6879,124.14134,0
176.92834,40.434036,0
-56.34839,129.29257,0
-55.486515,130.84406,0
-30.714796,40.94303,0
34.398876,-150.11105,0
-97.52635,-93.28837,0
-136.18303,2.5740283,0
-31.012682,41.34154,0
132.7999,19.084507,0
-32.060814,42.738827,0
-53.475864,-20.422102,0
61.34514,-55.18291,0
97.97219,-83.77582,0
55.304134,-50.546658,0
-83.549614,-17.739273,0
60.52896,-54.9454,0
114.96119,88.686165,0
59.812798,-54.208126,0
57.9271,-52.766106,0
-7.346958,67.768715,0
35.794853,-54.77353,0
-100.57036,-144.11324,0
-156.72269,16.378624,0
-7.6195493,67.72185,0
149.824,13.297642,0
-9.395892,68.96895,0
-39.380943,-35.97258,0
26.243704,16.91341,0
81.702515,-89.359795,0
-56.63664,-154.65038,0
-104.26181,7.067045,0
26.6624,16.853012,0
147.44402,49.41625,0
27.717756,17.6003,0
19.895948,-42.755367,0
1.0674441,50.057755,0
46.06545,-55.322456,0
-90.862976,-139.32738,0
-131.53342,32.86719,0
0.72891086,50.01778,0
107.93677,26.747765,0
-5.0278335,45.854485,0
-30.671404,-28.556229,0
-115.952385,101.79447,0
-10.724019,-164.08867,0
-141.33618,-75.735634,0
-174.99377,32.559464,0
-116.359344,101.75504,0
191.62132,-1.0804498,0
-118.21765,101.14475,0
-119.4235,62.522297,0
-31.811094,40.031677,0
34.005527,-150.05164,0
-98.06405,-92.74224,0
-124.75674,17.995872,0
-31.983978,40.288284,0
134.7121,19.059544,0
-32.73072,42.632946,0
-53.418488,-20.06911,0
6.4822927,92.34112,0
38.738224,-102.27459,0
-68.360794,-110.64509,0
-153.1878,-38.18273,0
6.4213853,92.392235,0
144.75452,-5.476997,0
6.431664,97.124535,0
-37.99876,-57.348583,0
64.22097,-4.0178504,0
79.04028,-82.86068,0
-49.813065,-152.2352,0
-95.68415,-11.833375,0
33.39532,7.7371125,0
121.43356,77.78769,0
58.88482,0.6666727,0
16.81958,-50.74856,0
78.823494,23.19678,0
62.49443,-78.54738,0
-35.09901,-120.493835,0
-110.8643,-19.6173,0
78.98003,23.437977,0
103.94867,56.00025,0
59.90882,58.35635,0
2.8368316,-62.201374,0
84.9509,-15.766967,0
12.486511,-135.18503,0
118.40323,-57.699474,0
90.415764,-28.725264,0
87.17227,-25.444672,0
180.54576,58.158688,0
87.376915,-26.184965,0
86.60073,-24.060415,0
7.755577,13.067835,0
76.147354,-133.06516,0
-68.569824,-150.00388,0
-106.2245,14.118856,0
7.68693,13.478747,0
117.25664,77.90557,0
7.256199,14.317721,0
-4.8296237,-34.262764,0
23.896858,123.19723,0
28.771381,-99.186356,0
-72.74264,-103.39345,0
-163.00607,-23.67588,0
23.280617,123.343414,0
157.08255,-10.391684,0
19.997046,125.2778,0
-43.025993,-65.851395,0
-128.7332,68.05992,0
-16.53212,-166.15204,0
-146.46379,-78.40157,0
-162.07741,37.967545,0
-127.997406,68.519,0
198.7666,-0.034282215,0
-127.545,68.803635,0
-125.50533,61.88048,0
-81.279335,89.65014,0
-0.82240796,-141.97664,0
-96.68351,-54.61614,0
-184.97609,21.156427,0
-81.19187,89.150246,0
174.87885,20.651884,0
-79.702614,86.76099,0
-70.96893,7.655793,0
21.475986,111.01404,0
34.347233,-100.93505,0
-67.34464,-106.260704,0
-159.74268,-25.4667,0
21.78078,111.23572,0
158.29181,-14.753023,0
23.825678,110.53214,0
-37.02771,-62.494568,0
-4.0450473,34.250683,0
69.3727,-143.71301,0
-80.338326,-145.07129,0
-118.34493,25.06199,0
-5.90155,34.592495,0
151.962,62.767616,0
-6.537018,34.96583,0
-21.268456,-25.305157,0
47.932198,107.52326,0
24.806437,-81.664314,0
-48.41415,-92.908325,0
-152.22902,-17.468851,0
48.55375,107.3986,0
158.36092,15.910212,0
51.09969,107.73649,0
-24.903595,-78.00912,0
-15.07877,38.68872,0
58.684196,-144.987,0
-98.552246,-131.62982,0
-145.33371,33.995186,0
-14.8105545,39.253487,0
107.4557,21.836002,0
-14.991357,39.45136,0
-34.417404,-23.376917,0
-86.27185,44.476852,0
11.044276,-168.07896,0
-117.55061,-68.604,0
-196.85338,7.111944,0
-86.72379,44.466557,0
174.61348,5.2997413,0
-87.6529,41.950447,0
-55.23825,7.016594,0
-37.141693,74.52384,0
24.280863,-152.55376,0
-93.322495,-83.867836,0
-169.10736,8.560737,0
-36.29854,72.496895,0
160.26439,13.064094,0
-33.52768,70.06917,0
-60.100647,-14.293831,0
-29.636604,124.10883,0
-2.103744,-111.05016,0
-66.1688,-66.74782,0
-153.90224,-12.242353,0
-29.6339,124.06015,0
179.1193,24.96127,0
-18.094418,121.2733,0
-12.720487,-89.97466,0
14.421824,14.182071,0
72.393486,-131.89468,0
-66.35284,-148.40727,0
-105.82644,17.061764,0
13.283134,14.850602,0
102.72519,68.87769,0
10.012002,18.488949,0
-7.9781733,-32.46477,0
-14.693606,34.96347,0
60.610847,-144.39334,0
-96.49737,-131.93254,0
-143.80835,29.45978,0
-14.288076,35.37253,0
107.94145,24.458881,0
-13.2958975,36.136078,0
-30.931957,-23.407503,0
74.041176,106.32647,0
29.15874,-74.09077,0
-38.54886,-92.82514,0
-145.4096,-22.622269,0
73.75244,106.445145,0
160.69057,31.208017,0
72.99689,106.81037,0
-16.576788,-83.06664,0
-15.574713,15.594218,0
44.39104,-133.63536,0
-101.42902,-106.22725,0
-138.50218,1.7024232,0
-15.747808,15.685066,0
134.20146,30.782297,0
-19.833437,14.608224,0
-1.9893459,-22.5285,0
0.6648956,123.223335,0
42.87941,-123.72575,0
-65.45516,-84.1502,0
-161.13115,-0.9843711,0
0.8513019,123.80002,0
149.13336,3.9704654,0
0.70134526,125.0135,0
-46.73298,-41.97538,0
-5.917449,107.43155,0
41.82737,-114.80855,0
-67.42842,-94.73371,0
-170.76578,-34.925713,0
-5.8914223,107.33342,0
144.05476,-1.5864252,0
-6.140759,106.40343,0
-32.9236,-48.768658,0
-21.544428,48.4325,0
20.04158,-134.40396,0
-106.61653,-134.00752,0
-156.41147,24.620272,0
-21.44853,48.24066,0
138.29611,13.78467,0
-21.348772,47.923767,0
-40.411263,-22.70652,0
-15.308349,68.51553,0
37.21573,-50.01476,0
-99.280266,-148.53883,0
-159.67343,14.332026,0
-15.872067,68.30646,0
145.08391,9.732918,0
-18.076868,67.45678,0
-43.100628,-32.94142,0
-3.274355,17.12244,0
77.78122,-139.8512,0
-23.335154,-138.96205,0
-107.43987,21.699852,0
-3.139417,17.321926,0
139.73776,75.727295,0
-2.947233,17.806738,0
-13.427238,-24.420238,0
-7.990599,28.15534,0
74.22043,-144.14287,0
-77.05054,-141.99562,0
-113.14197,27.119541,0
-7.9984965,28.231583,0
147.84875,67.73014,0
-5.1581087,22.733519,0
-17.721798,-23.019531,0
49.957195,19.05818,0
68.050064,-102.11293,0
-44.595325,-134.16035,0
-100.30775,-3.5738983,0
49.03412,19.729282,0
118.985344,65.092926,0
46.79284,20.246632,0
0.75865936,-43.724262,0
-91.15742,38.15876,0
11.080472,-171.7565,0
-121.503525,-69.24368,0
-201.34332,9.387881,0
-90.446815,37.750607,0
116.451965,7.1565742,0
-88.53483,37.75956,0
-51.951763,7.9900775,0
-0.8750527,-6.891336,0
61.298965,-131.80492,0
-113.21117,-116.50885,0
-143.32187,9.969943,0
-2.3707826,-5.951075,0
127.73462,-9.436546,0
-4.0177994,-5.338463,0
-4.500401,-12.155044,0
-16.052,13.955254,0
44.153736,-132.8968,0
-100.779366,-106.50607,0
-137.20857,3.1987123,0
-16.773855,13.925028,0
124.75666,27.109829,0
-17.825737,13.623247,0
-1.8537781,-23.255833,0
-65.50425,81.8395,0
8.57294,-136.36429,0
-106.583984,-65.15884,0
-185.30023,6.9707227,0
-65.395485,81.337654,0
175.93027,14.880767,0
-64.22469,79.101814,0
-63.502453,4.1203065,0
-38.195972,71.23089,0
24.25017,-153.61198,0
-94.74212,-80.8439,0
-176.64731,6.7928004,0
-38.151115,70.97,0
170.9046,17.687098,0
-38.39368,69.609856,0
-61.037804,-15.487259,0
8.861152,56.62083,0
52.464226,-80.88031,0
-97.02375,-100.07369,0
-129.91844,4.520467,0
8.661124,56.687153,0
119.86245,44.575512,0
8.154536,55.22132,0
-29.60369,-33.019657,0
70.625984,36.183834,0
58.765327,-94.478775,0
-49.212902,-121.18537,0
-111.87934,-7.0378814,0
70.92775,36.52383,0
117.31134,37.203785,0
57.97894,37.539818,0
-8.383958,-52.48504,0
2.915371,46.880646,0
47.367363,-55.166973,0
-92.27469,-136.27043,0
-138.06699,28.781519,0
2.2252986,46.845512,0
106.471176,29.480085,0
-1.6129861,46.22336,0
-28.606047,-29.772171,0
-140.02298,81.3293,0
-21.842861,-171.91286,0
-150.31975,-73.60543,0
-165.6346,46.976162,0
-139.59349,81.22188,0
196.56352,-10.662064,0
-138.83524,80.69305,0
-129.65808,53.615646,0
-1.5776302,152.85945,0
116.86982,-80.300964,0
137.27876,-36.482754,0
-2.4261136,150.02527,0
-2.2885926,151.67014,0
82.91132,132.92384,1
-1.9641906,150.90477,0
-2.8210638,152.06192,0
80.755714,91.87867,0
32.895195,-69.49149,0
-31.8609,-95.901375,0
-140.63927,-20.298534,0
79.00121,90.56771,0
160.42114,36.178455,0
72.658394,90.975815,0
-9.446917,-83.41799,0
64.89438,25.400433,0
57.423847,-86.03264,0
-85.039215,-131.92801,0
-105.36281,-8.188721,0
64.6102,25.133816,0
121.644615,50.342205,0
22.126158,57.01973,0
-26.002335,-36.291985,0
-14.356854,96.31387,0
34.06199,-117.10526,0
-77.96875,-92.645546,0
-166.76462,-35.52573,0
-14.554389,96.65925,0
146.77158,-4.4855294,0
-16.389608,97.7195,0
-60.02452,-48.272316,0
76.15355,84.3599,0
37.09607,-73.27503,0
-34.952286,-101.539566,0
-136.86353,-19.036753,0
76.00632,84.40396,0
137.43567,26.403778,0
70.94281,84.56663,0
-10.780459,-77.05695,0
15.143017,82.782555,0
45.991657,-107.787,0
-69.56184,-120.05033,0
-157.76509,-41.378246,0
15.488864,82.68087,0
143.15923,54.426136,0
18.65355,86.62213,0
-27.729202,-49.66449,0
-64.36622,100.40542,0
1.0780234,-124.50727,0
-88.74488,-60.106956,0
-178.69995,16.263372,0
-64.060326,100.55288,0
176.4559,23.736958,0
-63.645153,100.65048,0
-65.45075,8.030986,0
-15.3612,67.52705,0
38.642193,-49.71294,0
-97.97608,-148.41557,0
-158.80704,14.982252,0
-16.832338,67.04414,0
116.0289,19.27276,0
-17.94414,66.604,0
-42.757885,-31.709238,0
47.686066,77.5218,0
22.73522,-76.95515,0
-43.84672,-89.25411,0
-137.56769,-11.708597,0
47.606724,77.45363,0
158.88724,32.606007,0
49.11362,79.81279,0
-13.507883,-73.5046,0
-13.682406,102.40202,0
32.11855,-115.618546,0
-75.23617,-91.52624,0
-169.45323,-8.8225,0
-14.913937,102.17316,0
146.07474,-2.9919066,0
-16.394285,100.40117,0
-57.12405,-46.96087,0
-61.96685,68.26295,0
12.142007,-148.23164,0
-97.90107,-69.83821,0
-182.95337,13.840148,0
-61.682636,69.31457,0
167.06863,9.60945,0
-60.89006,69.76079,0
-67.53494,-3.6818306,0
-49.469612,127.147385,0
5.144278,-107.98817,0
-70.93496,-58.9608,0
110.04752,-27.289476,0
-47.90686,125.377815,0
176.86214,42.220516,0
-49.792347,129.04585,0
-50.523064,130.85617,0
-10.170108,44.183186,0
55.270256,-144.25449,0
-98.52937,-135.81528,0
-149.98091,25.150667,0
-10.138206,44.276485,0
115.38367,24.355703,0
-8.756913,46.001827,0
-39.466686,-25.316727,0
25.976439,149.4862,0
109.24746,-71.31952,0
137.76074,-70.73429,0
45.842945,159.70836,0
41.30708,145.04646,0
67.83977,141.3812,1
45.771698,161.57271,0
41.384468,144.4205,0
81.36786,-16.143038,0
3.2904837,-116.98515,0
-76.800514,-52.632954,0
118.803314,-53.358963,0
81.709206,-11.823191,0
178.38397,55.015823,0
78.42605,-18.966158,0
78.89881,-20.234217,0
70.33505,37.592648,0
58.851337,-95.67681,0
-50.340347,-121.064415,0
-111.56827,-8.911362,0
70.03094,37.85873,0
114.15422,62.473434,0
57.210407,38.13598,0
-7.141656,-52.47893,0
-81.546745,26.804459,0
15.793936,-175.5657,0
-124.93551,-74.36715,0
-130.39139,21.935287,0
-82.375946,26.96188,0
117.57674,9.573557,0
-84.219086,28.369015,0
-45.30722,5.7317677,0
12.203669,15.095877,0
72.76056,-133.55043,0
-68.14797,-147.25388,0
-116.76418,16.996666,0
11.943189,15.139828,0
105.34914,34.13369,0
9.377212,18.947187,0
-9.8029785,-31.796434,0
-33.146507,115.139534,0
6.957466,-120.1456,0
-67.87282,-68.80988,0
-156.76498,-6.9387374,0
-32.841335,114.6267,0
177.92609,16.914652,0
-32.35056,114.1814,0
-28.531652,-1.478975,0
30.391249,48.01434,0
52.7078,-118.1713,0
-61.761112,-136.33936,0
-125.25545,0.72698355,0
30.457796,48.774128,0
133.49268,42.64632,0
30.166542,49.405834,0
-20.688639,-39.78488,0
77.53885,24.368917,0
62.1281,-79.740814,0
-36.050327,-120.892914,0
-113.60735,-18.357756,0
68.45637,49.451717,0
118.31341,48.353275,0
63.922626,57.0894,0
2.8221233,-60.56518,0
-7.5383306,63.001896,0
38.76698,-55.87938,0
-98.58907,-142.585,0
-154.1333,15.691355,0
-7.718763,62.835163,0
144.3612,17.163116,0
-11.256685,57.05607,0
-37.016396,-33.57591,0
53.329693,90.4867,0
33.57876,-83.24195,0
-44.99594,-98.14587,0
-141.96628,-29.971365,0
52.698975,90.01795,0
142.48055,27.297516,0
52.229427,89.82516,0
-22.403872,-71.42069,0
-116.75464,79.55313,0
-11.649419,-173.83101,0
-143.27933,-66.54202,0
-167.56845,34.895157,0
-116.825874,79.94181,0
196.23682,-4.937857,0
-112.8794,84.898575,0
-117.80643,53.51043,0
74.050575,86.63109,0
35.869144,-70.47033,0
-32.019543,-99.52301,0
-151.51683,-13.420744,0
73.92298,86.78051,0
154.9404,28.814075,0
67.62447,92.9625,0
-17.003468,-77.42298,0
13.936521,95.732,0
39.836056,-104.96819,0
-69.054634,-113.238045,0
-162.77975,-34.352448,0
13.694643,96.18213,0
140.03642,-13.9604025,0
13.200561,97.43748,0
-36.269505,-54.4914,0
-57.794743,60.20942,0
11.647587,-154.8801,0
-101.9328,-75.39126,0
-181.88434,-3.1810963,0
-58.134735,60.654636,0
160.15662,2.8970683,0
-58.673016,62.365173,0
-72.408905,-10.211592,0
48.09153,31.550518,0
62.13071,-103.30685,0
-48.37703,-133.51799,0
-108.211136,7.5249376,0
47.53008,31.34763,0
120.983406,67.88768,0
46.45232,30.062578,0
-2.8661358,-42.161438,0
69.19771,98.36557,0
31.726894,-76.95052,0
-38.256,-96.32927,0
-136.25005,-20.126942,0
75.33395,89.70207,0
151.03021,39.29371,0
66.19067,92.607285,0
-15.8488245,-79.22089,0
67.45699,42.796993,0
65.01058,-94.16259,0
-46.905373,-124.65098,0
-108.61965,-8.015594,0
67.22239,42.77915,0
136.07503,54.959023,0
54.958557,32.334793,0
-3.2632573,-48.99975,0
-2.6014159,9.521867,0
21.975527,-128.99132,0
-81.95939,-74.060074,0
-146.91772,10.231999,0
-2.2946072,9.511296,0
126.38747,-0.7801192,0
-1.6670076,9.49862,0
-8.287039,-19.745672,0
44.022556,108.7513,0
22.321077,-80.47672,0
-47.064564,-90.05675,0
-141.9809,-8.23822,0
43.791195,108.05322,0
159.53856,18.753342,0
51.973606,108.20878,0
-24.742292,-79.4912,0
-44.69781,34.61877,0
36.47059,-143.32056,0
-107.064865,-91.74126,0
-122.77055,24.686987,0
-44.46117,34.81682,0
118.11651,27.917946,0
-42.514748,36.16373,0
-47.089222,-17.93398,0
91.41546,7.907583,0
9.356559,-133.31822,0
-86.45032,-54.758404,0
122.99143,-27.349325,0
-65.644066,89.53877,0
184.99269,49.667103,0
91.58598,8.56147,0
91.28648,8.995754,0
36.799133,-16.770731,0
81.55952,-114.52146,0
-31.775307,-146.04294,0
-92.55012,0.9712277,0
36.50043,-17.051445,0
127.0467,74.23452,0
33.339893,-9.689562,0
8.5932045,-33.87507,0
-39.014233,45.452248,0
28.67305,-151.36995,0
-97.406105,-87.58752,0
-142.93985,19.4656,0
-38.994717,45.327263,0
138.51192,37.387123,0
-31.767296,66.166916,0
-53.778126,-15.917482,0
-21.38613,32.930126,0
54.70608,-147.10066,0
-100.04748,-129.59558,0
-141.6311,28.441605,0
-21.640713,33.2089,0
112.050446,20.23902,0
-21.956074,34.222446,0
-33.584995,-20.268696,0
-122.68587,84.35368,0
-17.22416,-175.17249,0
-148.07942,-68.784676,0
-170.31422,44.742302,0
-122.74348,84.405205,0
192.82788,-8.592495,0
-128.56836,84.02651,0
-123.63658,51.43089,0
-2.5537517,34.26758,0
69.344124,-141.87576,0
-79.94584,-145.95547,0
-116.705055,23.197136,0
-2.880833,34.528038,0
153.36183,62.37768,0
-2.6764748,35.832882,0
-20.775942,-26.534674,0
-50.194992,60.13806,0
15.923624,-153.90944,0
-96.64063,-78.182304,0
-179.92584,0.5926599,0
-50.38779,60.03124,0
162.13437,9.154952,0
-53.453495,67.75097,0
-68.89146,-11.350303,0
-130.66702,72.03381,0
-17.599102,-167.88957,0
-148.136,-76.76684,0
-162.11943,40.152184,0
-130.26149,72.050995,0
199.49377,-2.5934849,0
-129.44164,71.99239,0
-126.21947,59.581013,0
33.90221,-16.139103,0
84.161644,-114.40878,0
-30.385544,-148.41666,0
-93.34325,4.703055,0
32.225857,-15.579914,0
129.82468,75.827896,0
30.29068,-13.189399,0
12.352708,-31.874323,0
-61.917675,59.677128,0
10.519867,-153.97218,0
-102.99487,-74.15172,0
-181.5205,0.3601062,0
-61.960682,60.099194,0
166.68173,3.564549,0
-61.655807,62.098648,0
-72.73738,-8.514638,0
77.74475,18.30656,0
65.97645,-81.92315,0
-34.0814,-125.20676,0
-97.80025,-17.81279,0
78.33925,18.756414,0
109.76731,58.560066,0
67.15981,14.233675,0
6.0198507,-58.630127,0
42.74627,-38.19361,0
103.67432,-106.465836,0
-20.86074,-125.310036,0
-122.214935,-35.960564,0
43.14739,-38.20826,0
154.76495,52.447254,0
43.921017,-38.1186,0
45.94601,-39.030468,0
-118.92525,97.19205,0
-12.555851,-165.83896,0
-143.61514,-74.39795,0
-174.8455,30.10197,0
-118.613716,96.62489,0
196.22574,-3.6178129,0
-118.15034,96.13258,0
-120.6249,60.90003,0
36.95013,24.403408,0
72.70504,-100.35376,0
-56.544144,-132.87262,0
-113.431564,-2.6761549,0
45.363636,10.168365,0
122.03242,74.13859,0
46.0123,10.336365,0
4.675785,-44.638683,0
-125.278244,91.72181,0
-16.419256,-177.3413,0
-150.81633,-66.79022,0
-173.49178,43.990574,0
-125.417946,91.51998,0
192.86702,-11.464666,0
-126.73055,86.04382,0
-121.481026,49.230534,0
49.573486,39.2607,0
52.07086,-100.13288,0
-59.03139,-123.99654,0
-134.85745,-33.273907,0
49.454655,39.82252,0
136.18547,40.399826,0
48.90798,40.15062,0
-17.943174,-53.04554,0
-58.26424,100.686714,0
3.718366,-126.57283,0
-86.41261,-61.8619,0
-142.33965,-23.362446,0
-58.385506,100.8411,0
163.89297,25.829842,0
-57.677498,101.73296,0
-36.781223,-2.6542454,0
-75.43383,130.00964,0
14.449249,-112.88617,0
109.54745,-42.13782,0
-84.020645,129.44075,0
-77.27522,129.73155,0
100.849464,117.70035,1
-77.55228,129.71178,0
-78.672966,130.80432,0
78.2068,-48.870537,0
116.38769,-93.19233,0
74.0357,-54.737522,0
-87.437096,-36.67876,0
77.32234,-49.09795,0
118.71149,104.41667,0
76.7044,-49.59351,0
75.37783,-51.388447,0
-47.07325,58.453205,0
27.638647,-156.7536,0
-97.24069,-81.01897,0
-178.14395,-12.972547,0
-46.365265,58.806942,0
147.95929,7.5727334,0
-45.301,59.267735,0
-59.293533,-20.787357,0
-9.297362,101.804375,0
35.069527,-113.186066,0
-73.50937,-94.06516,0
-168.12099,-7.267899,0
-9.337561,101.823204,0
134.29807,40.647762,0
-8.596571,103.11005,0
-54.536324,-49.338387,0
-136.9497,80.86593,0
-20.690624,-172.04474,0
-149.53815,-73.236946,0
-165.9207,45.20735,0
-136.65099,80.93196,0
200.02597,-8.240136,0
-133.87617,83.161606,0
-128.14343,53.74904,0
-13.798489,42.099228,0
59.17581,-147.88222,0
-100.67284,-134.21657,0
-150.91032,25.141901,0
-13.905552,42.26715,0
109.75644,18.192926,0
-15.68597,46.472195,0
-35.937042,-24.771475,0
-3.2922053,107.95228,0
44.086796,-115.42446,0
-65.35298,-93.56528,0
-160.7979,7.6766043,0
-2.4634516,107.8242,0
141.7736,-2.5111282,0
-0.339177,107.43339,0
-39.994255,-46.87683,0
64.0828,-10.893299,0
80.755135,-80.67115,0
-46.359024,-152.00546,0
-91.85962,-13.513245,0
63.508263,-7.899719,0
113.963554,80.62248,0
57.935425,-1.5994047,0
19.40519,-51.80674,0
42.728607,30.289198,0
62.154495,-105.321335,0
-53.6469,-131.63408,0
-115.26357,1.7864,0
42.829063,30.190035,0
118.32535,64.446365,0
45.121113,29.799099,0
-4.1380672,-41.43896,0
-111.89922,72.66605,0
-6.0459623,-172.84523,0
-137.92708,-66.103035,0
-140.24069,-9.748125,0
-112.23405,72.47197,0
192.51411,7.233166,0
-113.168465,71.87383,0
-112.21451,57.838146,0
-63.991356,97.26607,0
0.9246824,-128.39372,0
-89.744385,-62.166508,0
-178.04742,18.12086,0
-64.15164,97.74583,0
164.89046,-3.9156497,0
-64.77332,98.23825,0
-39.97744,-1.557924,0
42.03484,-4.521305,0
77.339294,-104.70693,0
-34.98143,-141.63924,0
-93.09021,-6.220528,0
41.742634,-3.9353557,0
117.29661,74.67423,0
41.913322,-0.011122856,0
6.6675224,-39.8994,0
15.096251,152.81633,0
118.485,-79.291,0
137.47095,-54.703545,0
9.753614,157.99908,0
9.3293295,160.66148,0
77.540115,138.91928,1
9.698332,158.05809,0
9.640088,160.83899,0
75.1326,15.576309,0
67.04881,-83.13385,0
-34.783802,-128.37312,0
-96.598,-18.404137,0
71.5278,16.33664,0
108.39103,58.46947,0
68.22093,15.320458,0
6.6910977,-55.050625,0
-0.34082747,53.46723,0
45.202816,-57.92174,0
-92.60148,-140.95331,0
-146.62462,20.908762,0
-0.44602337,52.984688,0
107.44569,31.937704,0
-3.364452,50.236294,0
-31.825615,-30.21299,0
63.640175,-34.259697,0
109.0867,-98.407936,0
62.31051,-38.593113,0
-89.13901,-30.291786,0
63.749077,-34.420597,0
120.003075,97.849945,0
63.72728,-34.60764,0
63.376976,-35.586452,0
23.216877,27.917763,0
62.423065,-114.249275,0
-61.15686,-141.05568,0
-115.46732,12.696662,0
23.207947,28.132257,0
118.90958,66.193275,0
25.244818,30.221813,0
-10.899086,-39.084732,0
5.1487412,44.95888,0
48.61658,-57.00967,0
-89.88267,-136.57356,0
-134.09668,30.47379,0
4.9353495,45.023563,0
106.910645,32.96435,0
-0.1464734,43.98044,0
-27.324732,-29.57504,0
-8.119965,124.37947,0
39.994095,-122.38278,0
-68.29282,-85.36816,0
-163.54454,1.5381293,0
-7.5692,124.2757,0
152.0443,-8.434112,0
-5.956521,123.757675,0
-48.523914,-44.9785,0
-76.77567,126.9365,0
13.912872,-112.93414,0
108.515015,-42.684994,0
-84.33823,128.0986,0
-78.25514,126.99728,0
101.66279,116.569244,1
-78.62781,126.922745,0
-79.5477,128.26259,0
31.640545,-4.7258387,0
77.63529,-115.38295,0
-32.83986,-145.82999,0
-92.38678,2.884634,0
31.7346,-4.0259914,0
122.690575,67.27572,0
30.822222,-7.9395127,0
7.5585403,-33.588985,0
-91.73101,37.25564,0
11.809198,-170.7954,0
-120.62288,-69.93501,0
-202.36658,9.613658,0
-91.23062,37.201836,0
120.67972,4.402149,0
-89.15052,37.079937,0
-52.639885,7.3193574,0
48.03038,13.929284,0
71.86362,-106.177185,0
-46.043728,-137.01164,0
-98.25358,-3.871656,0
42.655167,4.2350554,0
114.8109,73.15272,0
41.753845,3.4824991,0
1.6552861,-38.736923,0
73.58753,64.13359,0
46.316772,-66.544106,0
-28.085852,-110.03092,0
-116.31826,-13.488714,0
72.91907,63.7303,0
109.656685,39.182995,0
72.797966,62.510708,0
-0.09218981,-74.9918,0
-46.595127,68.73016,0
17.654276,-154.26192,0
-92.57121,-79.093636,0
-176.82018,2.315672,0
-46.574097,68.73595,0
166.43922,-0.6381212,0
-51.978527,69.133385,0
-67.21909,-11.827529,0
47.487934,104.493484,0
25.849287,-83.09009,0
-50.481785,-94.3619,0
-139.10191,-8.191488,0
48.14924,104.7516,0
152.2997,20.324556,0
50.364857,105.27081,0
-26.223145,-76.569115,0
68.43703,38.083065,0
60.058025,-94.8101,0
-48.81666,-121.56604,0
-111.52874,-11.861591,0
68.29405,38.234985,0
116.33455,57.35353,0
58.777855,37.68954,0
-6.490581,-53.537342,0
81.693825,97.71794,0
28.831547,-67.909424,0
-31.867748,-92.36927,0
-144.54851,-19.62675,0
80.98239,98.373474,0
166.54356,32.006695,0
79.1966,99.83174,0
-12.0568075,-86.63254,0
33.819378,9.579949,0
80.65341,-85.82649,0
-52.539143,-153.65375,0
-102.38406,2.261275,0
33.664963,9.661827,0
121.678314,81.3058,0
30.51115,13.389052,0
18.828087,-46.85239,0
45.885193,-4.0523868,0
78.53525,-102.95367,0
-35.994473,-141.11493,0
-90.115944,-7.447677,0
46.161068,-4.424418,0
113.30288,73.79653,0
44.638706,0.17568971,0
9.256343,-40.727226,0
-42.812897,77.993385,0
20.739723,-152.94061,0
-91.27949,-76.33471,0
-176.7181,4.7756057,0
-45.945724,79.16344,0
159.67332,8.914786,0
-48.526764,79.3333,0
-64.441345,-13.22676,0
63.96616,36.67019,0
70.086685,-95.11603,0
-51.411945,-126.50714,0
-112.299194,-12.543955,0
63.387737,36.930523,0
100.27689,55.754314,0
61.280453,37.43184,0
-9.692849,-48.461422,0
72.74254,65.487274,0
45.711323,-67.1588,0
-28.299658,-108.44191,0
-123.27838,-24.951756,0
72.917564,65.07686,0
113.71416,40.61921,0
72.23871,61.392807,0
-1.0570993,-75.21552,0
54.584362,11.802103,0
72.524,-94.92644,0
-38.631546,-132.16106,0
-106.63295,-8.787988,0
54.26123,12.31367,0
116.0447,68.48107,0
57.588524,13.263823,0
-4.871994,-53.47085,0
-110.58658,96.47507,0
-10.225997,-167.66902,0
-142.27446,-72.338974,0
-171.4912,36.00032,0
-110.76746,96.0767,0
189.39732,-2.5747356,0
-112.61142,94.02216,0
-118.27135,58.72773,0
-7.914501,88.53527,0
27.124458,-105.71533,0
-79.33068,-111.32344,0
-171.17496,-22.474165,0
-6.7477183,89.007614,0
148.96582,-12.3711605,0
-4.8768635,88.9172,0
-48.29803,-58.991695,0
63.768536,44.87826,0
60.242924,-91.03964,0
-45.581,-122.21076,0
-115.23896,-5.685372,0
62.837795,43.682514,0
102.48413,50.53085,0
60.89268,43.07811,0
-11.268294,-52.283054,0
-128.36407,91.46493,0
-17.118534,-176.76353,0
-149.55301,-67.37968,0
-171.05176,44.066486,0
-128.6257,88.66865,0
193.28624,-8.805199,0
-128.24304,86.7056,0
-122.6594,49.959797,0
-43.546825,21.745096,0
44.41164,-152.48787,0
-113.69001,-97.69502,0
-189.22845,-15.266153,0
-43.73063,22.149988,0
119.24855,15.766212,0
-43.856583,23.473986,0
-63.081528,-30.229233,0
-91.896255,39.408657,0
10.653051,-170.25044,0
-119.94914,-68.12709,0
-201.2442,10.033653,0
-91.30585,39.891155,0
123.59747,5.904583,0
-88.39883,39.068367,0
-52.802773,8.727687,0
-15.8808975,42.0126,0
58.392918,-148.72354,0
-101.60102,-134.07173,0
-151.84366,25.668585,0
-15.900308,42.14997,0
109.4475,32.408543,0
-18.984684,45.726788,0
-36.53881,-24.261724,0
80.7095,-54.248844,0
116.77293,-94.78064,0
75.19327,-56.775993,0
-86.077,-35.87906,0
80.97965,-55.190136,0
117.12706,103.53384,0
81.3411,-56.3641,0
79.09264,-56.460537,0
-78.05767,64.99445,0
6.5702744,-148.81071,0
-98.72094,-63.717068,0
-192.8704,17.93126,0
-78.19476,65.35771,0
165.99133,3.766544,0
-75.4831,65.066795,0
-74.53211,-2.1698291,0
-82.47274,38.522846,0
13.131503,-170.23016,0
-120.23787,-71.18365,0
-199.92725,8.501387,0
-82.836426,38.50525,0
118.17725,4.733985,0
-85.71619,37.478016,0
-51.993282,6.021401,0
-123.40836,78.8363,0
-15.060846,-172.84285,0
-152.81009,-68.74138,0
-168.2582,41.403004,0
-123.54991,79.294106,0
197.78232,-6.3800054,0
-123.92882,80.126884,0
-121.49339,53.98771,0
46.053513,-28.786812,0
100.66422,-103.61238,0
-18.51917,-129.91786,0
-116.46795,-33.639606,0
45.953693,-29.102854,0
124.87706,89.233635,0
45.69663,-29.312527,0
46.432217,-33.35283,0
9.006065,-0.84605795,0
70.88891,-114.02647,0
-104.69041,-115.98167,0
-99.237526,5.3621745,0
8.553293,-0.19034195,0
121.6349,65.053825,0
7.3262143,1.6372083,0
7.976078,-36.497517,0
-91.95291,36.555332,0
13.001283,-172.5421,0
-121.27416,-70.65937,0
-202.94693,9.35551,0
-91.406555,36.39002,0
117.220795,6.7199497,0
-87.312416,35.835682,0
-50.05921,6.6313634,0
-60.200466,130.08159,0
59.775642,-73.09705,0
-41.331417,-117.43483,0
107.81102,-31.95349,0
-45.61803,124.96485,0
176.04259,46.95841,0
-59.071426,129.46439,0
-59.95461,131.14815,0
24.51427,48.571743,0
55.15981,-106.95738,0
-78.10186,-123.215744,0
-126.667366,3.4237218,0
24.348347,48.272274,0
134.00876,52.887257,0
20.189219,49.38368,0
-25.874372,-43.857185,0
-49.87372,21.680698,0
43.366783,-155.40132,0
-116.44322,-94.97197,0
-187.26741,-12.703933,0
-49.65533,21.796906,0
119.72133,16.91826,0
-46.626373,24.723667,0
-66.49487,-28.715944,0
21.926992,-24.654564,0
84.47817,-123.16325,0
-92.439125,-107.24846,0
-130.81915,13.074903,0
22.083038,-24.728613,0
130.1334,28.22183,0
21.040623,-18.391884,0
7.323236,-23.029549,0
98.87399,-11.173518,0
-4.5435667,-120.923874,0
127.76827,-62.742283,0
106.63996,-9.877703,0
102.336494,-13.633501,0
171.80608,66.262024,0
105.84091,-9.926179,0
102.33914,-14.236849,0
82.417206,-16.743433,0
5.801302,-116.29248,0
-77.87574,-52.22314,0
118.87253,-53.92555,0
82.81063,-11.683435,0
179.17567,53.859035,0
80.46666,-24.295347,0
79.6736,-22.382687,0
61.140453,-14.619751,0
83.13372,-79.357925,0
-42.528214,-153.18379,0
-92.43315,-17.530193,0
61.116516,-14.253368,0
110.18969,80.19719,0
54.578995,-10.613487,0
22.13453,-54.307133,0
-7.171976,30.105759,0
71.828674,-144.19727,0
-78.73722,-142.96024,0
-114.07904,28.549942,0
-7.6932793,30.684317,0
109.18058,23.929575,0
-8.813996,31.495363,0
-19.61849,-23.766497,0
52.9393,19.524906,0
66.76752,-102.78638,0
-43.766037,-133.03946,0
-100.57849,-5.4273686,0
52.93473,19.375229,0
117.76935,70.71632,0
47.931408,21.387325,0
0.09890447,-44.78993,0
-15.203419,66.338615,0
38.098667,-50.590645,0
-98.984955,-147.48402,0
-158.86275,13.512772,0
-15.825153,66.01416,0
146.33551,12.060256,0
-17.245869,65.710434,0
-41.969334,-32.693035,0
56.456535,81.924194,0
36.57197,-82.2524,0
-43.018707,-100.88593,0
-130.39868,-15.609858,0
56.23005,82.14646,0
139.48532,27.443178,0
54.87609,85.568275,0
-19.07723,-69.56208,0
-67.1202,144.24812,0
98.635704,-88.85813,0
116.10865,-39.820053,0
104.9392,-37.52908,0
-68.88858,145.48544,0
96.43757,121.29197,1
-71.20305,146.25934,0
-70.70073,145.35939,0
-74.83431,33.47604,0
18.40819,-171.53381,0
-120.90748,-75.87381,0
-201.5592,3.5356817,0
-74.425896,33.64998,0
113.81023,7.798049,0
-73.76357,33.89247,0
-47.836323,1.9814049,0
50.676895,48.703674,0
56.102077,-79.31925,0
-43.701553,-115.13996,0
-116.23194,-16.314976,0
50.765278,48.988796,0
123.44581,46.909206,0
45.868114,59.95702,0
-7.56331,-62.256992,0
-55.772552,121.81558,0
11.005226,-167.27693,0
-115.47134,-68.95501,0
108.55942,-29.303595,0
-55.36946,120.66211,0
181.52577,39.097256,0
-57.791813,123.52755,0
-58.60208,122.26078,0
38.504936,-19.251028,0
81.16301,-116.00623,0
-30.133846,-144.31879,0
-91.025154,-0.92002416,0
38.520348,-19.11795,0
125.896614,70.9402,0
32.71188,-10.570506,0
9.22606,-32.236973,0
-34.24022,22.736685,0
45.184277,-146.82268,0
-109.97033,-99.06814,0
-129.31306,24.410692,0
-34.388905,23.369417,0
122.60332,25.3082,0
-34.7849,25.395657,0
-46.378216,-24.093134,0
-134.75722,67.341934,0
-19.16742,-165.36667,0
-149.97017,-78.955696,0
-158.42393,42.84688,0
-134.58012,67.29361,0
199.11902,3.6987467,0
-133.89912,67.232796,0
-130.1931,60.784584,0
-54.13231,29.373383,0
40.134647,-158.65822,0
-116.84185,-91.89453,0
-182.20189,-11.587946,0
-54.373352,29.511957,0
134.63672,1.3748571,0
-54.763504,29.92649,0
-67.18475,-26.082573,0
-57.781986,109.39114,0
61.353874,-74.406044,0
-42.33864,-119.42621,0
119.553085,-25.73112,0
35.867325,46.751225,0
97.94343,59.40801,0
-58.37015,109.20842,0
-58.239727,108.93846,0
-30.159145,86.64099,0
20.481321,-121.916336,0
-80.250145,-68.18776,0
-143.51324,-2.3455107,0
-30.02723,86.25126,0
152.04834,36.71052,0
-29.85629,84.52044,0
-35.72504,-11.689081,0
-29.592909,40.74054,0
34.855686,-150.63638,0
-96.92918,-93.505264,0
-137.06114,8.406834,0
-29.932041,41.180023,0
133.7813,19.095398,0
-30.999208,42.773666,0
-53.448265,-21.53505,0
16.289415,74.31631,0
58.943123,-90.82202,0
-55.996002,-80.309944,0
-116.537254,-6.114104,0
16.135998,74.18597,0
122.234245,55.208,0
16.140814,73.21809,0
-12.4031515,-52.252518,0
58.616283,8.005451,0
69.32342,-83.79074,0
-32.801407,-130.15758,0
-100.47831,-20.707817,0
58.671753,8.365235,0
106.57433,54.63676,0
64.35111,11.586705,0
5.43649,-66.63502,0
2.789911,28.966444,0
70.37934,-139.01515,0
-75.66942,-148.04457,0
-113.673775,18.38209,0
3.071322,29.571953,0
125.735245,48.33839,0
4.0502443,29.657278,0
-17.62343,-29.61625,0
-65.868614,42.134644,0
23.796873,-139.80246,0
-110.4577,-80.80994,0
-198.0572,-1.9117043,0
-65.73959,42.191437,0
123.698456,10.795179,0
-62.538673,45.266045,0
-52.85175,-4.5382752,0
-76.398674,29.828642,0
16.949244,-173.01518,0
-121.944466,-75.03468,0
-204.18651,3.6335986,0
-76.29886,29.80206,0
119.00416,12.678263,0
-84.11539,33.305275,0
-48.39294,3.8103657,0
39.00189,70.642654,0
42.63023,-84.42174,0
-46.030296,-103.78318,0
-136.20932,-6.6560698,0
38.240185,70.524734,0
127.35729,44.753677,0
35.647568,71.02362,0
-15.692603,-66.46221,0
70.17583,54.030407,0
49.90182,-74.01124,0
-35.865395,-113.12777,0
-122.74359,-27.536263,0
70.125885,54.149746,0
115.83846,40.039597,0
66.90674,59.486355,0
-2.1007023,-73.75939,0
-123.31182,78.6879,0
-14.984253,-172.78535,0
-152.81284,-68.804085,0
-167.09012,39.5333,0
-123.54864,79.3683,0
196.96236,-6.6840944,0
-123.91221,80.08754,0
-121.68063,54.01693,0
15.219722,128.97789,0
25.915321,-100.63482,0
-75.69661,-102.45223,0
-164.13799,-22.82093,0
15.481,128.86423,0
158.3229,-12.18436,0
18.254221,126.43414,0
-45.074757,-65.90077,0
-86.906494,73.19512,0
-2.3422937,-144.8178,0
-99.94665,-54.82263,0
-188.33856,19.490776,0
-86.09606,80.61759,0
170.57306,0.29468507,0
-82.89692,83.046646,0
-73.715996,6.293312,0
-32.476143,127.78938,0
1.7498914,-109.93766,0
-64.956245,-63.868896,0
-151.07108,-8.717013,0
-32.115578,127.959595,0
172.5961,28.171759,0
-25.898008,120.843735,0
-23.60891,-0.867708,0
88.74815,-49.838116,0
98.99149,-68.234276,0
98.148285,-51.66708,0
-83.83211,-33.482555,0
90.07911,-50.0069,0
114.959785,101.70242,0
91.041,-50.149693,0
94.3242,-50.655396,0
78.37376,95.07157,0
28.562155,-71.719666,0
-35.333393,-92.783554,0
-142.54977,-19.765177,0
78.090744,95.42927,0
162.2864,33.034286,0
75.143715,98.20921,0
-14.319977,-83.88285,0
-13.521412,66.76266,0
36.800537,-51.674274,0
-100.23173,-146.97012,0
-156.10545,13.067494,0
-13.551289,66.66665,0
146.71812,13.635143,0
-12.303459,67.01654,0
-41.80946,-34.364937,0
21.73289,119.101494,0
31.52035,-101.20004,0
-72.024925,-106.2464,0
-166.56749,-26.605835,0
21.30858,119.358284,0
142.21217,-6.8304524,0
20.352194,119.72691,0
-41.66501,-62.336143,0
62.28113,101.5375,0
41.684853,-79.07257,0
-41.88174,-105.91354,0
-140.37032,-10.69387,0
62.462578,102.518425,0
128.72867,38.734997,0
60.994022,103.39866,0
-13.16737,-70.41158,0
-88.657845,92.59292,0
-5.722174,-143.0602,0
-98.453186,-49.89674,0
-183.84601,22.095217,0
-88.48129,91.99298,0
175.71443,-6.9655213,0
-87.156364,90.04644,0
-76.33185,9.836297,0
-12.976605,44.751965,0
59.193718,-147.2452,0
-100.23695,-134.71965,0
-150.11533,23.258036,0
-13.089023,44.987602,0
110.38629,20.99003,0
-14.6512985,46.682392,0
-35.61926,-25.512718,0
12.5591,8.713977,0
74.16832,-129.93817,0
-92.687515,-131.98589,0
-104.10195,17.451864,0
12.366397,8.605146,0
101.0033,68.12243,0
11.818451,8.144716,0
-4.6054044,-32.39061,0
28.148766,151.68138,0
109.466576,-71.768326,0
135.12572,-70.233246,0
43.20226,155.61069,0
43.532898,150.59923,0
68.07924,139.1455,1
43.868214,154.41182,0
43.850857,149.96701,0
-10.235681,-3.7169917,0
58.774708,-132.74425,0
-113.14058,-119.263016,0
-143.80257,13.473658,0
-9.252506,-3.3452575,0
124.79646,-7.6041923,0
-6.023257,-2.9895704,0
-7.018711,-14.092016,0
53.024094,44.35955,0
57.24373,-87.51419,0
-45.72314,-113.57214,0
-119.07736,-9.235583,0
52.957905,44.396614,0
127.74045,39.12632,0
24.730108,58.266533,0
-13.41416,-59.847084,0
34.80442,73.92332,0
24.007965,-128.30864,0
-85.82718,-69.80733,0
-143.48709,-10.647904,0
34.622276,73.64515,0
130.11024,38.56553,0
34.3791,73.22623,0
-42.05476,-11.475529,0
40.40236,33.339134,0
60.197815,-106.483696,0
-59.512363,-127.715416,0
-112.76723,2.6674218,0
40.469723,33.618702,0
134.11029,63.72013,0
42.67745,35.245975,0
-19.031084,-49.911354,0
77.27685,54.824234,0
51.2948,-68.04232,0
-29.708889,-114.87262,0
-118.76798,-23.070623,0
77.24116,55.800774,0
108.03163,44.145878,0
75.34691,58.90263,0
2.254196,-70.666016,0
-39.41066,18.246658,0
47.38751,-150.32726,0
-113.63552,-100.95351,0
-134.68513,19.258171,0
-40.004322,18.81855,0
122.41414,14.704211,0
-40.148857,21.855165,0
-62.37287,-33.9473,0
-1.1372892,110.85227,0
44.506973,-116.83378,0
-64.50248,-92.34055,0
-162.28351,7.296238,0
-1.313399,110.51496,0
151.70511,25.83214,0
1.9068305,108.87783,0
-40.927574,-45.55349,0
-86.93963,76.263885,0
-1.4188428,-147.43385,0
-103.04761,-54.696915,0
-189.16693,18.905996,0
-86.31481,76.41033,0
176.16978,-2.6815786,0
-83.09751,80.11158,0
-75.62514,4.192626,0
78.54852,-49.477867,0
116.41075,-93.428406,0
74.00484,-55.099945,0
-87.345245,-36.81652,0
77.877,-49.62004,0
118.79799,104.06048,0
76.80648,-50.06958,0
75.49594,-51.731915,0
-81.51567,28.52557,0
14.93547,-174.76144,0
-123.760254,-73.42113,0
-203.62059,4.461573,0
-82.42229,28.60757,0
117.65067,7.9246144,0
-85.0393,30.301992,0
-47.377792,5.7850604,0
0.5007678,52.707054,0
45.46456,-57.65145,0
-92.37953,-140.13666,0
-145.14378,21.626432,0
0.31753552,52.24955,0
110.36414,35.543106,0
-2.7822387,48.82784,0
-30.984634,-30.578423,0
21.505678,45.749725,0
56.012424,-107.91469,0
-77.41699,-122.65329,0
-124.550835,9.696973,0
21.321112,46.064144,0
135.78815,57.4307,0
19.927898,47.34768,0
-26.535746,-44.005707,0
53.712433,10.676516,0
72.83896,-95.66113,0
-39.685955,-132.68918,0
-107.77656,-7.828225,0
53.586945,11.123346,0
107.84662,53.298603,0
53.01931,13.329064,0
4.7661295,-48.36587,0
58.308815,75.85613,0
43.5103,-74.757515,0
-36.618565,-106.07106,0
-129.75836,-10.257944,0
58.701958,75.483376,0
121.71049,38.51603,0
60.271885,73.64422,0
-6.095744,-72.30979,0
9.945405,79.096344,0
16.180164,-97.48071,0
-62.25186,-83.01542,0
-153.44682,6.8081317,0
10.619581,78.55288,0
171.76027,37.926147,0
11.363624,78.68815,0
-21.384577,-16.378916,0
-68.356834,78.40369,0
10.553704,-138.41522,0
-107.902885,-66.23334,0
-190.11574,7.413901,0
-67.87181,77.7172,0
176.51799,11.320336,0
-67.30989,76.58361,0
-61.230736,2.2256854,0
42.9196,22.261919,0
66.16505,-104.37714,0
-50.4167,-132.89285,0
-101.71256,7.1874437,0
43.23471,22.318928,0
119.934555,61.993347,0
44.348137,24.059183,0
-5.981345,-43.006634,0
-130.70345,91.00526,0
-17.83458,-176.64891,0
-149.43065,-68.33967,0
-169.61392,43.464558,0
-130.62878,90.908226,0
192.52602,-9.084996,0
-129.21141,86.31993,0
-123.96741,49.788044,0
69.02638,-36.04726,0
111.09127,-96.21179,0
64.60784,-41.418884,0
-87.4746,-31.850534,0
68.97763,-36.501987,0
118.62957,100.406006,0
69.00261,-36.789234,0
68.31538,-37.960846,0
34.65036,-30.407063,0
97.27561,-107.63697,0
-22.989943,-131.37643,0
-100.525475,18.851015,0
34.466118,-30.600374,0
133.76811,80.966194,0
34.0335,-30.91526,0
31.867937,-31.663074,0
-83.156624,88.44807,0
-1.3759995,-143.27353,0
-98.26363,-53.92815,0
-184.23233,21.23248,0
-83.181786,88.35048,0
179.5112,4.31347,0
-81.58302,85.23681,0
-72.7661,6.6464853,0
-132.74002,75.577965,0
-17.418415,-170.26877,0
-146.0115,-69.94635,0
-167.04724,44.39799,0
-132.69647,75.528046,0
200.05583,-4.84614,0
-128.91039,82.7656,0
-122.39355,56.917877,0
87.40635,-15.51573,0
1.594285,-117.10408,0
120.11706,-59.064682,0
92.365715,-26.728642,0
91.73436,-23.447178,0
178.93936,59.250275,0
91.87757,-23.99468,0
91.170654,-22.429895,0
-73.746765,28.368757,0
18.745743,-173.49783,0
-122.50963,-77.013145,0
-204.15155,0.3495451,0
-73.5078,28.267105,0
114.28318,10.927055,0
-72.64897,28.004255,0
-46.00024,2.8026617,0
-52.77872,24.66936,0
43.547768,-157.40999,0
-118.74896,-94.62073,0
-185.0349,-8.775142,0
-53.214474,24.394552,0
130.52257,4.426671,0
-54.361973,24.396248,0
-68.584145,-29.34206,0
-27.274685,51.411762,0
34.258133,-158.46513,0
-89.615524,-93.343216,0
-181.1264,-19.341875,0
-27.284008,51.607372,0
139.43796,2.739448,0
-27.31101,52.535763,0
-57.964886,-25.627926,0
37.524662,-17.330431,0
80.41462,-114.93298,0
-31.897018,-144.95052,0
-91.697014,1.0521611,0
37.701584,-16.782547,0
116.79571,71.463295,0
32.08472,-9.213697,0
8.316291,-33.28634,0
33.297928,82.22331,0
38.449654,-91.42965,0
-60.568367,-119.29359,0
-137.17682,-34.35413,0
33.990543,84.1802,0
143.02464,39.55475,0
34.6751,85.59124,0
-21.213106,-58.184322,0
-51.617546,49.438293,0
26.183151,-143.5814,0
-107.02363,-83.341125,0
-192.78192,-2.682506,0
-53.167904,46.949448,0
132.10193,17.186073,0
-57.640415,47.20818,0
-54.13742,-8.946223,0
44.198074,103.03922,0
26.061825,-84.78639,0
-49.548744,-95.96645,0
-150.17775,-19.103243,0
43.746433,102.742256,0
162.23227,19.576445,0
52.062794,106.90985,0
-27.325613,-76.47938,0
-36.25952,20.704771,0
46.008663,-149.03433,0
-111.55411,-100.03912,0
-128.74426,23.159372,0
-36.209396,21.231712,0
119.996735,19.636206,0
-38.902805,23.960037,0
-47.322437,-25.15776,0
46.428093,-8.780693,0
81.36954,-101.018295,0
-36.974823,-144.09631,0
-92.105034,-8.310513,0
47.777245,-8.803463,0
114.59414,76.23927,0
49.037193,-8.634927,0
12.130996,-42.05012,0
11.994771,86.535484,0
43.63086,-108.24083,0
-71.26747,-116.1317,0
-165.71019,-36.735348,0
11.612736,86.89292,0
144.57335,52.228443,0
11.95422,90.00714,0
-30.50345,-49.891808,0
14.966748,124.77309,0
27.685236,-101.79258,0
-75.469795,-104.47542,0
-164.96921,-23.672606,0
15.945554,125.14401,0
152.66023,-15.176384,0
16.975122,125.735954,0
-45.9223,-64.079285,0
38.941833,50.903122,0
67.95075,-71.34125,0
-54.029102,-141.05475,0
-124.67975,-5.1759195,0
39.432354,52.250217,0
124.24569,36.8046,0
39.953808,54.73865,0
13.144288,-65.97376,0
1.5797207,54.582645,0
44.73006,-57.02954,0
-93.05675,-139.58325,0
-144.631,22.754074,0
1.5979632,54.05199,0
114.85831,33.343273,0
-4.516978,48.679455,0
-31.30841,-30.467611,0
-1.8120834,93.25547,0
29.680676,-108.81388,0
-76.75834,-114.52849,0
-170.3972,-25.773233,0
-1.726496,93.15563,0
143.58844,-6.4218636,0
-0.86281186,92.50762,0
-46.780693,-55.135593,0
19.803051,153.43823,0
112.19493,-75.54072,0
135.84654,-52.20467,0
13.779124,168.33679,0
16.479733,168.90883,0
75.93429,141.42062,1
14.760378,168.12915,0
16.777704,168.90689,0
21.332767,-10.391103,0
87.442,-118.179565,0
-94.30772,-123.37123,0
-126.41403,8.285626,0
21.696278,-10.513744,0
129.52861,71.13315,0
22.819021,-10.625195,0
6.049681,-29.421461,0
92.66906,6.2336097,0
0.74685186,-118.36702,0
125.5528,-27.283968,0
96.6487,5.122997,0
94.66954,5.9805465,0
185.21706,52.31581,0
95.25344,5.8271585,0
94.3354,5.9041533,0
74.76803,17.376047,0
66.49233,-83.42993,0
-34.155544,-127.80781,0
-98.855736,-19.06593,0
73.186966,17.545467,0
108.09224,75.22672,0
67.551926,15.116676,0
6.341769,-56.47176,0
-3.5763545,6.644531,0
54.583538,-130.48293,0
-108.1754,-120.7716,0
-137.6594,12.867468,0
-3.3634462,6.27657,0
126.48676,21.11804,0
-1.5927469,1.6241902,0
-7.0761223,-18.566462,0
-35.508717,90.60999,0
29.795952,-131.37358,0
-80.53065,-77.26942,0
-161.16267,-9.411804,0
-36.249218,90.676155,0
167.37933,13.970212,0
-39.009033,93.4445,0
-53.062195,-30.920507,0
80.411514,5.7611094,0
60.97085,-90.37,0
-44.91055,-122.77997,0
-106.22504,-18.90421,0
80.40345,5.7849116,0
100.799904,52.425983,0
60.040707,43.265205,0
-10.735632,-52.59148,0
85.39695,-16.054312,0
11.827711,-132.7106,0
118.55309,-57.877205,0
90.72274,-28.475468,0
87.966034,-24.892076,0
180.4468,58.53488,0
88.23377,-25.869099,0
87.38242,-23.366205,0
36.254864,-12.190584,0
83.360725,-111.95876,0
-32.344273,-150.00017,0
-90.572105,3.6271741,0
36.69078,-12.06315,0
127.57464,74.78208,0
37.181973,-11.4048395,0
12.7966,-34.59224,0
-40.586178,44.66736,0
28.424797,-150.2095,0
-99.91268,-87.297226,0
-114.65033,-29.138096,0
-40.570797,44.679237,0
143.06349,24.24961,0
-31.178623,67.88228,0
-53.264435,-14.727104,0
-87.22714,75.693985,0
-0.68248534,-147.46516,0
-101.50818,-56.112717,0
-189.13893,18.640697,0
-85.2332,75.724106,0
171.88857,-2.8418007,0
-82.52673,79.55749,0
-74.253296,3.2708738,0
-28.685541,47.037804,0
34.994144,-153.31596,0
-93.84708,-93.85934,0
-121.58786,15.088248,0
-28.453955,46.959984,0
139.33597,42.83957,0
-27.664867,46.536274,0
-54.371426,-24.468685,0
41.22836,24.939756,0
63.9502,-96.62598,0
-51.84696,-132.67212,0
-102.538086,11.383332,0
41.875717,25.123,0
121.45141,58.75364,0
43.19496,25.387897,0
-8.063811,-43.487343,0
-29.542149,52.90135,0
33.49515,-157.93256,0
-90.3645,-92.28565,0
-179.44667,-16.523584,0
-29.13167,52.739677,0
138.9806,-3.795408,0
-28.0393,53.08698,0
-58.88646,-24.93892,0
68.78484,32.581215,0
60.889305,-93.82729,0
-47.618057,-122.893845,0
-114.28226,-10.474556,0
68.56169,32.043926,0
119.654274,57.47296,0
58.67396,35.22471,0
-4.995286,-50.28252,0
65.14525,-3.4671645,0
77.59836,-82.91348,0
-50.483475,-150.71478,0
-96.52725,-14.773795,0
64.99373,-3.104805,0
122.16792,82.09531,0
59.623226,2.4467268,0
15.295567,-50.779118,0
-39.987984,30.780815,0
37.641605,-142.97389,0
-107.72818,-93.18225,0
-121.11081,21.535727,0
-39.748604,32.28463,0
121.03851,26.566214,0
-39.418472,33.644302,0
-45.32209,-17.633566,0
23.83309,50.273388,0
53.699306,-107.91726,0
-79.283714,-120.73504,0
-176.63365,-26.35167,0
23.01335,50.42635,0
134.21555,51.43174,0
21.416094,50.66491,0
-27.901157,-43.474052,0
-79.20228,90.548904,0
-1.0253677,-140.9809,0
-96.01696,-53.936073,0
-182.47058,17.55403,0
-78.20148,89.12762,0
178.96568,1.0288209,0
-78.143555,87.97705,0
-71.29537,8.690098,0
67.77692,40.286064,0
56.043133,-96.486534,0
-51.972675,-119.9737,0
-125.70466,-29.687086,0
67.18412,40.43806,0
136.97029,33.617992,0
56.708694,39.36058,0
-9.06791,-51.548195,0
-52.011227,93.79941,0
19.763327,-127.000916,0
-85.365715,-66.816956,0
-174.31175,16.185923,0
-51.540733,93.139206,0
166.8621,16.218203,0
-49.496563,91.8541,0
-40.16209,-8.879866,0
40.47347,68.81917,0
44.301476,-83.38214,0
-45.861153,-105.66327,0
-134.92526,-4.37052,0
40.584835,68.2544,0
127.89582,36.909096,0
42.03486,67.14336,0
-17.56859,-67.26796,0
25.771254,99.99994,0
46.519726,-98.64637,0
-59.72267,-112.97887,0
-147.99326,-33.939857,0
26.052061,100.20059,0
145.70367,39.909554,0
27.757765,103.25686,0
-30.688227,-59.68393,0
-76.54698,42.17674,0
16.484556,-167.1275,0
-116.02547,-73.899864,0
-198.68286,3.864651,0
-77.174355,41.945663,0
132.88243,3.1079395,0
-77.33579,41.623215,0
-53.892452,2.350939,0
-53.218315,48.178085,0
25.151619,-144.17026,0
-106.70579,-82.45306,0
-191.73694,-2.209983,0
-53.65001,48.826904,0
155.70421,12.940671,0
-57.950974,47.659374,0
-54.613388,-9.126744,0
-12.840227,101.95205,0
33.684803,-115.11605,0
-74.78718,-92.529366,0
-169.71452,-7.66161,0
-13.041917,101.89231,0
145.47188,-3.4727724,0
-14.12342,98.99216,0
-56.97934,-48.707355,0
-111.36395,75.28385,0
-7.397265,-174.21045,0
-139.89645,-64.39938,0
-166.11086,32.799805,0
-111.496704,75.165215,0
192.29614,3.6312022,0
-108.65808,81.982605,0
-113.09723,55.2268,0
53.467434,63.802216,0
50.119045,-78.92767,0
-40.864037,-111.063354,0
-117.32588,-20.331821,0
53.658634,63.876595,0
127.44136,43.152134,0
57.164948,62.999107,0
-7.7351594,-66.496124,0
33.71196,-32.420723,0
96.69178,-108.12245,0
-23.475338,-131.81172,0
-100.619156,20.423954,0
33.677757,-32.310192,0
125.23648,47.36954,0
33.82345,-32.222015,0
32.2809,-32.526604,0
55.298,109.050125,0
25.247974,-86.658,0
-53.424957,-93.02501,0
-163.00508,-15.290798,0
55.06752,108.90564,0
151.82864,17.232216,0
54.37752,107.96619,0
-29.125137,-75.35758,0
72.74398,25.119717,0
67.93072,-91.168274,0
-38.109806,-130.67354,0
-101.856544,-13.235893,0
72.85547,24.73253,0
102.97889,51.776436,0
61.45414,18.113617,0
-4.7284217,-52.959137,0
-12.154315,61.62801,0
37.528397,-57.98977,0
-100.41869,-140.39899,0
-156.03856,19.310246,0
-12.322292,60.938156,0
161.29036,23.386013,0
-12.403278,59.524136,0
-36.007576,-36.195606,0
-4.554348,62.947254,0
39.306007,-53.68416,0
-97.66864,-144.23944,0
-155.18639,18.33139,0
-4.3725886,62.842304,0
146.36981,9.504023,0
-11.90696,55.130455,0
-38.452892,-33.22364,0
47.027817,-2.8210824,0
77.93076,-102.06384,0
-35.355156,-139.5052,0
-90.96183,-7.002017,0
46.102325,-1.9308461,0
113.15235,72.09642,0
45.897896,-0.85337144,0
9.12839,-42.039528,0
-134.59415,69.86876,0
-19.929523,-168.07495,0
-151.072,-76.87452,0
-161.24745,42.411003,0
-134.89154,69.941055,0
198.65976,-6.163924,0
-134.79442,71.37893,0
-129.9088,59.315346,0
-8.82846,12.7194,0
53.176277,-130.16402,0
-105.589134,-109.81702,0
-138.81496,17.202442,0
-8.944988,12.782826,0
123.30485,28.478718,0
-11.701345,13.991785,0
-6.87775,-21.020685,0
-37.020466,21.406286,0
44.759796,-147.73592,0
-111.335144,-99.08611,0
-132.37875,22.191782,0
-36.900196,21.568148,0
109.89762,11.822958,0
-36.608097,25.477379,0
-47.497353,-23.94203,0
86.03641,-17.987774,0
9.67447,-135.82005,0
-78.437164,-50.722115,0
120.87712,-56.252087,0
84.13244,-10.783043,0
178.1104,55.959435,0
87.731834,-21.598593,0
86.21425,-21.78965,0
30.71667,63.267,0
47.015125,-87.811905,0
-83.95622,-100.21793,0
-130.32202,-5.2485085,0
30.707603,63.49175,0
126.151985,35.601574,0
30.091259,64.31762,0
-39.540462,-14.973414,0
10.61955,94.31343,0
37.370728,-106.18946,0
-71.30365,-111.920555,0
-165.2312,-32.656284,0
10.246858,94.81073,0
142.23206,-12.996468,0
8.933802,96.78691,0
-39.78756,-55.365017,0
38.1757,-7.7738986,0
78.72211,-114.42579,0
-32.977962,-147.59244,0
-95.06497,3.732279,0
38.681366,-7.4642615,0
117.761826,75.60098,0
29.067863,-9.908474,0
6.83316,-33.031876,0
-90.733215,90.71793,0
-6.156628,-144.52887,0
-100.09945,-49.667072,0
-185.20558,24.780825,0
-90.29838,90.429634,0
174.69983,-5.6588054,0
-89.38323,89.275406,0
-77.99603,9.628462,0
-94.048004,50.08641,0
6.425682,-166.41008,0
-116.60091,-63.73588,0
-196.02992,12.936925,0
-92.35431,50.63691,0
176.4891,5.4680524,0
-91.60952,50.960457,0
-59.128803,10.190922,0
-131.76877,89.97286,0
-18.317936,-175.69267,0
-149.76634,-69.28491,0
-170.07288,44.257336,0
-131.67755,89.35122,0
195.20393,-10.140667,0
-129.91199,86.196,0
-124.313416,50.60955,0
-30.662617,52.549553,0
35.08647,-157.69644,0
-91.19899,-92.40667,0
-181.44713,-16.368399,0
-30.296465,52.149982,0
136.83206,0.16282786,0
-29.739925,51.5951,0
-59.88059,-24.655552,0
41.400826,49.454567,0
68.606895,-73.18951,0
-52.182484,-141.2072,0
-124.44681,-7.4278526,0
41.556396,50.17851,0
117.70786,47.265373,0
42.29681,53.25368,0
13.024648,-64.473,0
-91.19468,46.59533,0
8.639573,-166.94604,0
-117.034615,-66.01017,0
-195.71082,9.7090435,0
-91.17579,46.925648,0
176.02478,7.8416276,0
-89.800476,48.338203,0
-56.989857,8.44068,0
74.16245,51.941883,0
53.629032,-70.74631,0
-32.51283,-116.31521,0
-112.97791,-14.899545,0
73.69833,52.618244,0
101.08339,47.28269,0
72.278564,59.456184,0
1.0241969,-67.78333,0
41.10744,19.314087,0
67.319,-106.92898,0
-48.53511,-135.49466,0
-108.14288,6.7346153,0
41.382324,19.018208,0
123.65329,71.82501,0
44.337357,20.458353,0
-3.006106,-40.39407,0
42.300457,93.482086,0
31.771383,-87.29385,0
-54.81025,-98.491,0
-154.81718,-30.598007,0
42.42393,93.537994,0
141.35445,27.381975,0
42.42383,94.33598,0
-24.95067,-66.73023,0
-33.471878,45.724194,0
32.521942,-152.13986,0
-96.0083,-91.09893,0
-185.48013,-24.963533,0
-33.391174,45.122643,0
135.4351,20.103428,0
-32.94404,44.051502,0
-54.95736,-20.479198,0
-82.21031,29.376743,0
14.139511,-174.777,0
-123.7783,-72.78944,0
-204.29106,8.300329,0
-82.94396,29.090952,0
117.49455,8.644673,0
-86.148636,31.280565,0
-47.79059,6.284639,0
78.72912,53.680122,0
51.44736,-68.095406,0
-29.197187,-115.29771,0
-118.69591,-24.301651,0
78.938034,53.95787,0
108.786705,43.633835,0
74.92008,59.600315,0
4.3703966,-70.59058,0
-62.801376,68.385475,0
11.938985,-147.30394,0
-98.79526,-69.17884,0
-182.56596,12.587841,0
-62.556515,69.02992,0
167.23654,8.827216,0
-62.219,69.93174,0
-66.628944,-3.1412425,0
38.309017,19.846981,0
66.64037,-108.89673,0
-72.43124,-131.65144,0
-109.69181,11.098581,0
37.56952,19.462868,0
138.78413,72.49337,0
36.83837,19.228611,0
-4.360311,-38.364937,0
-50.13033,126.69784,0
5.0924253,-108.86558,0
-71.4981,-58.57309,0
110.76211,-27.044949,0
-49.025684,124.1723,0
177.6166,42.277866,0
-50.504833,128.91064,0
-51.216106,131.03346,0
-53.24541,45.438213,0
25.256342,-142.7266,0
-107.717186,-82.008316,0
-193.04567,-0.9954255,0
-53.52625,45.507774,0
130.59412,11.90707,0
-59.266357,46.54031,0
-53.95716,-7.395317,0
4.001922,44.91757,0
48.1467,-57.40755,0
-90.186554,-137.00352,0
-137.54234,27.923819,0
3.2524521,44.76242,0
106.429436,31.947588,0
-0.83392465,44.652702,0
-27.76606,-30.25499,0
9.183171,-10.968198,0
93.6087,-97.3368,0
-22.029957,-139.178,0
-105.29524,23.695505,0
8.895885,-11.43662,0
137.33946,78.384514,0
8.262366,-12.023973,0
7.2181273,-13.752053,0
36.96662,122.265976,0
32.19283,-92.63528,0
-65.39076,-100.528046,0
-144.8082,-25.949274,0
37.23165,121.64737,0
152.46878,28.025175,0
37.71432,119.485054,0
-35.8475,-69.684,0
71.89546,29.30157,0
66.817444,-97.96338,0
-42.900845,-129.7703,0
-108.2333,-9.930701,0
72.05866,29.399242,0
117.0793,70.725136,0
60.13799,19.341915,0
0.5903352,-47.452152,0
30.787663,-16.276867,0
85.45208,-114.0412,0
-29.918316,-149.90889,0
-93.30583,6.7469687,0
30.469433,-15.762273,0
118.364655,76.59783,0
29.647167,-14.664634,0
13.323952,-31.800962,0
-53.99191,18.55022,0
46.52483,-158.02548,0
-119.32587,-96.93199,0
-189.54077,-13.706828,0
-53.890774,19.026274,0
127.79148,3.6754937,0
-53.416462,21.212189,0
-70.70766,-31.5745,0
-14.998174,94.774506,0
34.51114,-117.716805,0
-78.69559,-92.974266,0
-167.72572,-35.80235,0
-15.112761,94.31199,0
147.92348,-4.2694526,0
-16.442713,92.88141,0
-60.88056,-48.19986,0
39.83706,49.706406,0
68.18445,-71.77917,0
-53.51532,-140.9186,0
-123.83809,-5.841325,0
40.954014,51.990314,0
120.621346,39.53153,0
41.0491,54.596153,0
12.1420965,-65.99041,0
-44.249195,34.46739,0
36.92235,-143.53328,0
-106.999916,-92.079216,0
-122.485634,23.877554,0
-43.910423,34.796238,0
118.57188,27.032597,0
-42.4409,35.71373,0
-46.949303,-18.478045,0
14.647548,16.873384,0
71.334045,-132.89003,0
-66.53486,-146.91058,0
-115.31253,15.542794,0
14.182096,17.231276,0
102.730415,67.74585,0
10.536103,19.94647,0
-9.141786,-32.831894,0
-8.68859,62.718704,0
38.269142,-56.12924,0
-99.31552,-142.40576,0
-153.5392,16.535473,0
-8.814213,62.311176,0
144.69649,16.593866,0
-11.594098,57.808342,0
-37.271156,-33.953213,0
33.03148,-0.40811104,0
71.37882,-113.97157,0
-104.38904,-116.0671,0
-93.346085,-1.112531,0
33.07139,0.5858307,0
121.06508,65.53476,0
34.01057,1.3291454,0
8.451087,-36.407104,0
66.1537,-11.310069,0
79.50468,-77.62878,0
-44.516613,-149.4994,0
-92.35704,-14.799036,0
65.114296,-9.500596,0
107.60035,67.36008,0
60.766617,-2.114866,0
18.048574,-55.389713,0
35.46525,55.694786,0
27.894194,-85.18843,0
-51.091923,-98.28908,0
-126.217026,-5.330418,0
36.09723,56.006607,0
149.92058,24.291153,0
37.484993,56.488266,0
-25.080383,-74.38026,0
-64.16206,148.67896,0
99.62724,-86.208954,0
121.33922,-40.000984,0
105.59869,-38.43685,0
-66.86287,148.34589,0
94.50924,122.31619,1
-66.63823,152.8691,0
-67.18122,151.12177,0
22.161087,105.29092,0
43.60218,-98.456856,0
-61.49687,-108.704666,0
-149.10213,-28.90805,0
22.527237,105.307365,0
135.58493,-11.99932,0
25.058895,106.97161,0
-34.458485,-60.50426,0
-8.915266,-4.6181,0
59.23578,-132.0552,0
-112.587395,-118.17459,0
-143.54668,11.5723915,0
-7.825263,-4.083286,0
125.89516,-6.947496,0
-5.2102127,-3.3908443,0
-5.9824233,-13.63862,0
-33.48869,99.71071,0
28.72692,-128.37169,0
-83.68679,-79.90623,0
-178.09187,-6.146812,0
-33.978424,99.80119,0
160.99532,0.80965436,0
-36.733337,98.546394,0
-56.405434,-33.62392,0
53.38849,7.676271,0
73.95776,-96.60455,0
-45.41792,-123.60127,0
-101.900024,-12.069408,0
53.307987,7.831753,0
102.426506,56.965828,0
59.830204,34.511833,0
6.3900247,-47.905273,0
-72.3983,69.909424,0
14.070864,-137.81451,0
-105.34995,-68.90702,0
-195.08282,16.092724,0
-72.30531,70.11819,0
172.26656,16.465696,0
-72.288734,70.711266,0
-59.37165,2.2225895,0
54.07443,68.34729,0
42.7394,-78.13666,0
-39.90414,-108.4701,0
-130.64925,-12.644303,0
54.449776,68.3644,0
116.09394,41.370693,0
59.290768,68.790634,0
-9.476437,-70.28137,0
66.94773,0.37555227,0
74.97872,-82.85571,0
-52.675274,-148.64542,0
-100.552635,-10.396054,0
66.170616,0.8575174,0
115.981224,53.269608,0
62.52708,3.8925257,0
13.071765,-53.529274,0
-30.919561,86.638374,0
20.463694,-122.329636,0
-80.65844,-67.8887,0
-143.49756,-3.3914034,0
-30.53644,85.731674,0
165.99753,25.229055,0
-30.116392,84.28626,0
-36.077976,-11.490201,0
-67.637115,79.55272,0
11.67913,-138.77238,0
-107.482475,-66.6719,0
-188.89447,7.34962,0
-67.35476,78.771706,0
170.92401,11.991455,0
-65.846535,76.693146,0
-62.344345,1.8175865,0
-33.78494,59.35378,0
29.347883,-160.41028,0
-88.575806,-84.874115,0
-175.24738,-2.1279478,0
-33.814587,59.193897,0
159.57355,1.7278506,0
-40.95395,59.17048,0
-67.86704,-18.326065,0
-0.23887882,88.46911,0
29.22442,-107.7989,0
-77.25969,-113.55791,0
-170.32246,-29.552736,0
-0.37985054,88.26136,0
143.9853,-8.412342,0
-0.17910962,87.438965,0
-45.898952,-56.17591,0
22.712189,36.725258,0
57.663155,-115.01539,0
-65.30321,-132.78656,0
-118.9569,5.5896125,0
22.92876,36.317966,0
143.24854,57.023937,0
24.673187,34.49965,0
-17.739567,-41.808075,0
75.3937,81.90203,0
39.9547,-72.43775,0
-32.357994,-107.10541,0
-132.99124,-19.77495,0
75.168076,82.19699,0
112.07211,46.66836,0
73.12807,83.03546,0
-8.130305,-76.802925,0
-32.660587,158.30168,0
101.66134,-86.266914,0
133.92325,-38.91057,0
117.78007,-28.844173,0
-32.623013,156.01274,0
91.61871,130.83008,1
-32.941963,153.31178,0
-32.422607,154.68759,0
-115.20211,92.617485,0
-12.035468,-167.78171,0
-143.42674,-73.00123,0
-175.56207,34.502357,0
-115.27347,92.62343,0
189.37228,-3.849171,0
-116.17496,93.4142,0
-120.831116,59.35574,0
53.517803,29.233007,0
61.367096,-101.19994,0
-47.199883,-129.67516,0
-116.66583,-12.638804,0
53.42881,29.335758,0
125.986946,53.712055,0
47.530888,39.536243,0
-3.9087696,-45.64505,0
-135.59373,66.50482,0
-20.025618,-165.62398,0
-150.7185,-79.783905,0
-156.93678,42.982864,0
-135.43967,66.21181,0
146.75002,50.083138,0
-135.15297,65.96199,0
-131.50638,62.01016,0
-113.96399,79.487946,0
-9.5246105,-175.33679,0
-142.4074,-64.30621,0
-168.18713,35.305466,0
-113.69306,79.89464,0
194.27618,1.364814,0
-112.02751,82.2105,0
-114.70553,53.28112,0
35.342472,50.97716,0
67.25279,-69.87262,0
-55.933777,-141.33583,0
-123.72999,-3.8681705,0
35.129913,51.0332,0
128.12195,47.265247,0
38.738575,55.525448,0
12.86276,-67.45328,0
-42.753098,73.76782,0
21.841627,-151.2059,0
-93.36458,-76.2067,0
-179.15855,7.273271,0
-42.62012,73.77115,0
161.35017,14.261187,0
-50.892662,78.423584,0
-62.59209,-12.544601,0
52.87096,5.9074507,0
73.93931,-98.004524,0
-38.072765,-135.4603,0
-103.924934,-11.607578,0
53.096447,6.288365,0
108.07217,59.430912,0
49.480118,9.525154,0
6.478322,-46.40953,0
15.44086,152.5612,0
115.83988,-78.523895,0
136.27582,-53.902386,0
11.572667,159.13435,0
10.496899,160.71709,0
77.04167,139.08206,1
11.5724125,159.12015,0
10.552803,160.6636,0
56.601585,92.6591,0
32.680584,-79.993416,0
-41.12425,-97.90706,0
-147.17395,-21.814919,0
56.89177,92.46739,0
153.61241,28.25549,0
58.222034,91.8332,0
-19.843422,-74.92098,0
-45.636772,62.79935,0
20.414808,-157.62296,0
-89.43565,-81.70999,0
-180.82774,-4.539548,0
-45.21765,62.277836,0
158.04738,3.9504251,0
-44.682755,61.962177,0
-67.73339,-16.976702,0
-116.66257,98.64016,0
-11.248863,-166.28069,0
-142.40726,-73.85961,0
-171.80673,34.294395,0
-116.83268,97.988464,0
192.76189,-3.981987,0
-115.938705,95.34511,0
-119.195244,60.130066,0
16.314144,34.603176,0
58.83206,-119.46223,0
-66.66392,-137.79321,0
-120.51802,4.4853983,0
15.797348,34.669216,0
142.06459,60.17755,0
14.187354,35.589024,0
-17.507486,-36.72358,0
-41.693665,66.10295,0
23.888351,-156.75053,0
-92.558105,-81.805725,0
-175.84206,5.3211346,0
-41.729595,65.51672,0
146.81535,20.717402,0
-40.94549,64.17406,0
-63.947426,-17.031755,0
80.37205,91.26815,0
33.343998,-69.20925,0
-31.68106,-96.843376,0
-137.28276,-21.246239,0
79.65582,90.329155,0
162.33539,37.297096,0
72.17192,89.4622,0
-9.047929,-82.50777,0
-76.5434,59.242363,0
6.1212606,-151.57253,0
-106.94396,-72.50785,0
-187.2579,-3.1572585,0
-75.88366,59.05793,0
134.06395,6.00125,0
-75.348755,59.007484,0
-74.329575,-4.837435,0
78.542,-14.77623,0
13.094982,-124.55801,0
-90.92639,-103.30194,0
118.33952,-52.344345,0
-23.886614,84.89591,0
175.93991,52.35295,0
77.950356,-15.382525,0
77.3747,-15.308967,0
-39.586205,74.42996,0
24.846315,-151.37778,0
-97.25523,-85.49155,0
-173.32703,9.791339,0
-39.323215,74.36467,0
150.39249,17.858696,0
-38.709232,74.25103,0
-59.22868,-14.348598,0
-8.776017,165.01244,0
106.523476,-79.888145,0
134.90982,-37.91072,0
130.04434,-61.4136,0
-8.45892,153.86058,0
84.55098,133.47565,1
-12.492272,167.95308,0
-11.285018,166.9271,0
23.18291,71.12504,0
7.2636247,-101.38391,0
-23.181486,-107.80326,0
-127.48945,-18.645922,0
23.930351,73.2547,0
104.768776,44.819744,0
24.284712,73.79668,0
4.0943713,-79.763954,0
-38.090176,48.373997,0
30.60654,-148.95296,0
-98.94387,-89.293106,0
-142.41533,2.7989078,0
-38.342083,48.60037,0
128.70578,18.589062,0
-40.922535,48.775112,0
-53.800713,-17.102106,0
16.616613,100.610565,0
40.612213,-101.68373,0
-66.37651,-111.82349,0
-160.18602,-32.99167,0
16.716276,100.436714,0
148.0047,28.953056,0
17.099407,99.5056,0
-34.05552,-56.159958,0
-58.36186,112.19481,0
7.262797,-111.03232,0
-75.70177,-57.35647,0
117.910736,-25.685326,0
-54.41958,113.87362,0
181.38127,45.896187,0
-59.749523,111.93222,0
-60.664127,111.807,0
11.686183,68.58724,0
16.26146,-99.95208,0
-57.950783,-78.68229,0
-149.55109,4.8402667,0
11.292081,68.30354,0
162.5652,46.40854,0
10.447479,68.52858,0
-23.388306,-15.621645,0
88.90119,-49.125916,0
99.32097,-68.17417,0
97.80563,-51.299778,0
-83.46505,-33.52334,0
89.92135,-49.558056,0
114.12566,102.04287,0
91.413124,-49.720432,0
93.82753,-50.18786,0
29.580256,84.604675,0
38.184906,-93.46178,0
-63.083782,-118.85609,0
-154.8313,-32.391197,0
28.96371,84.93054,0
143.38213,41.50386,0
27.522404,86.6414,0
-23.93355,-56.54645,0
81.06138,95.73082,0
28.951849,-68.94383,0
-31.856192,-93.05316,0
-143.64651,-20.572594,0
80.787476,96.75459,0
163.21666,33.040863,0
78.32734,98.72254,0
-12.114026,-86.18655,0
34.80804,121.552086,0
33.935085,-93.4246,0
-65.53947,-102.169,0
-154.00024,-24.271406,0
34.96565,120.61735,0
142.69536,40.15837,0
35.81879,118.93431,0
-36.23487,-67.99995,0
60.7885,48.1555,0
54.428516,-92.20562,0
-47.393394,-116.95403,0
-122.05134,-10.139428,0
60.76651,48.335957,0
112.502655,48.97189,0
67.70913,63.780922,0
-6.359735,-58.46326,0
0.5599924,33.48477,0
68.16867,-141.95947,0
-78.895386,-146.99786,0
-116.59868,20.116385,0
0.64992946,33.27496,0
151.87119,67.522644,0
1.1629102,32.308746,0
-22.504028,-26.440315,0
-4.6381416,167.55995,0
107.716545,-77.677605,0
140.01346,-50.879112,0
132.07921,-62.4891,0
11.283585,170.57661,0
79.89136,142.19891,1
-4.850333,169.42006,0
-4.6252174,168.96767,0
-53.49971,122.70915,0
15.737503,-129.46835,0
-80.80285,-72.113625,0
108.69931,-28.708559,0
-50.015236,119.05705,0
167.47554,28.172785,0
-58.322887,125.66078,0
-61.627262,125.32829,0
16.75229,57.078667,0
56.054848,-85.87577,0
-86.04152,-130.50864,0
-138.69812,24.658545,0
17.581604,57.490498,0
102.18223,39.469334,0
20.504442,56.742264,0
-27.097048,-35.75576,0
-18.203428,102.70257,0
31.393305,-117.77176,0
-77.043144,-90.04003,0
-170.9741,-11.167261,0
-18.34625,102.30305,0
148.3857,-3.995779,0
-19.060326,99.690704,0
-58.919315,-45.65586,0
52.678947,16.033123,0
67.82412,-99.25768,0
-41.582058,-133.83218,0
-99.04077,-6.313882,0
52.48285,15.048437,0
117.304276,63.988564,0
53.299564,14.6117735,0
1.2912083,-44.78065,0
31.79911,26.817482,0
61.797768,-107.583885,0
-59.468784,-131.72707,0
-106.126274,5.6594877,0
31.85922,27.455784,0
135.34981,62.57906,0
32.521732,28.73815,0
-12.700172,-43.92618,0
34.15097,105.09361,0
48.614624,-94.90762,0
-55.309578,-112.07093,0
-127.579926,-29.11094,0
33.91805,104.70188,0
137.8038,33.005207,0
33.26946,103.32545,0
-29.02888,-62.996017,0
4.559203,50.617058,0
47.54199,-53.55314,0
-89.134026,-139.56412,0
-138.71513,31.456242,0
4.4255195,50.700428,0
102.636444,27.657007,0
-0.8680758,48.40953,0
-30.105665,-26.66708,0
14.017969,153.90907,0
118.410934,-79.48267,0
139.0254,-54.31444,0
4.715083,162.09134,0
6.2154713,162.60121,0
79.84437,137.97787,1
5.2911353,162.02126,0
6.991854,162.62259,0
32.94208,-16.15933,0
84.60155,-115.0002,0
-29.625872,-148.69395,0
-94.321846,5.475587,0
32.41775,-16.842432,0
130.04153,73.01525,0
29.05058,-13.257544,0
11.917084,-31.018036,0
64.142624,36.40561,0
70.122345,-95.36531,0
-51.314472,-126.44489,0
-113.627815,-4.6013217,0
63.813145,36.464214,0
100.71651,54.69548,0
61.614216,36.744,0
-9.577286,-48.28252,0
-64.57285,69.28464,0
11.349492,-146.3954,0
-98.60886,-68.35604,0
-181.75395,14.768573,0
-63.69337,70.31781,0
173.17119,10.571733,0
-62.387947,71.49995,0
-66.83493,-2.1093717,0
28.959383,153.40091,0
112.03276,-75.456566,0
137.50293,-65.652306,0
35.700027,157.23251,0
34.689884,156.15324,0
70.512825,138.5297,1
35.869804,157.07368,0
34.71875,156.22958,0
51.91999,120.2318,0
24.34192,-95.26286,0
-69.63226,-99.95548,0
-163.26033,-19.576122,0
52.802135,119.71241,0
164.01936,-4.533063,0
53.452892,119.3316,0
-39.02007,-71.917816,0
-88.6064,92.80871,0
-5.6786675,-142.74196,0
-98.304695,-49.63186,0
-183.58205,20.464212,0
-87.94462,91.79466,0
175.51782,-6.336351,0
-87.023056,90.64187,0
-76.13109,10.613637,0
46.93941,63.042973,0
47.42541,-77.530876,0
-44.989754,-111.33616,0
-133.88904,-11.183369,0
46.611614,62.73046,0
122.32301,43.814785,0
46.041008,62.244427,0
-9.024635,-63.607964,0
-26.178762,69.6084,0
29.271288,-148.35161,0
-99.6861,-90.745735,0
-175.76259,12.124198,0
-26.578505,68.959206,0
130.90782,20.653254,0
-27.115974,67.74253,0
-55.172028,-16.565245,0
-127.00759,90.20813,0
-16.888197,-178.17737,0
-150.11717,-66.32201,0
-171.2207,42.884464,0
-127.15956,89.16314,0
191.78188,-10.330373,0
-127.469475,87.07837,0
-121.97299,48.554962,0
9.590547,149.90553,0
108.46998,-67.84125,0
141.19504,-57.528954,0
4.33396,147.25717,0
7.0516458,147.73048,0
79.13645,134.11348,1
5.694379,147.53441,0
8.107781,147.19504,0
-77.905106,125.26806,0
11.787248,-113.452576,0
107.754616,-43.207966,0
-84.601135,127.04071,0
-79.31828,125.49307,0
102.67988,116.357025,1
-79.57765,125.741455,0
-80.09627,126.160545,0
-64.26102,69.02521,0
11.181527,-146.5231,0
-98.73145,-68.184326,0
-183.81155,15.344097,0
-63.84233,69.476204,0
177.69589,15.38351,0
-62.57177,71.138054,0
-67.10838,-2.0815055,0
-7.499101,131.25674,0
37.75934,-125.05241,0
-70.34694,-82.53566,0
-164.55411,-4.4603114,0
-6.6245446,130.5177,0
155.65268,-9.070853,0
-4.490466,128.99005,0
-51.715763,-43.029564,0
10.974549,16.706003,0
40.708088,-140.07098,0
-103.67657,-98.90284,0
-117.25206,14.517261,0
10.660234,17.130896,0
128.60962,19.63203,0
7.403622,21.188757,0
-49.63039,-22.979889,0
-60.52928,65.60475,0
12.279579,-150.54774,0
-99.60259,-73.648605,0
-186.55573,12.58333,0
-59.952057,65.515625,0
170.86607,-4.020659,0
-58.53172,65.09242,0
-68.582146,-5.5903163,0
58.155785,101.05264,0
28.40105,-80.366104,0
-46.51348,-96.27645,0
-149.42244,-20.609797,0
58.194313,101.52648,0
137.92963,29.166368,0
58.581593,103.799095,0
-21.450598,-78.00115,0
25.868029,130.85556,0
26.186443,-97.21269,0
-73.13365,-100.09801,0
-160.40244,-20.132555,0
24.785849,130.60236,0
161.90225,-12.918537,0
22.135778,130.11783,0
-43.45856,-69.4426,0
-41.75572,69.36287,0
23.851469,-154.73242,0
-94.018524,-79.76396,0
-174.42508,8.087378,0
-41.573494,69.18947,0
156.4437,11.522891,0
-40.22082,68.82509,0
-62.742474,-15.73984,0
-44.079575,14.66893,0
47.7125,-154.23726,0
-117.47353,-99.97526,0
-189.58875,-7.7401767,0
-44.903908,15.043023,0
122.826096,17.549347,0
-46.290405,15.607029,0
-66.76192,-33.557835,0
9.045749,74.40374,0
12.81476,-101.78854,0
-58.479053,-75.423584,0
-149.50874,0.61998,0
8.789165,74.49374,0
165.68668,42.539722,0
8.109178,74.548225,0
-22.903215,-11.700155,0
-66.02153,43.28345,0
25.26424,-139.0354,0
-112.0193,-81.40682,0
-196.8912,-1.1028671,0
-65.60885,44.27381,0
128.06488,13.622906,0
-64.072655,45.50219,0
-51.24875,-5.3134522,0
-4.240981,56.695663,0
39.42193,-55.305878,0
-95.97865,-143.66687,0
-150.6842,19.579191,0
-4.4319606,56.645138,0
146.03581,15.90985,0
-9.713419,55.507133,0
-36.72425,-32.628048,0
2.373705,16.521212,0
75.18504,-139.85962,0
-73.56949,-143.56155,0
-109.90475,23.32921,0
1.6117715,18.267143,0
143.49849,67.54334,0
0.8498636,19.91717,0
-14.749948,-26.337515,0
30.60761,86.01069,0
37.42265,-93.27629,0
-62.42244,-117.81448,0
-141.29608,-32.326523,0
29.910612,87.39517,0
143.01753,42.57364,0
29.592716,87.97586,0
-23.749422,-57.62838,0
-39.15223,31.1406,0
38.693733,-143.661,0
-107.37903,-94.61736,0
-122.26546,21.633802,0
-39.080032,31.664429,0
127.38021,55.79731,0
-39.592587,33.920536,0
-45.45518,-18.743097,0
75.322235,72.174995,0
39.97528,-66.64661,0
-27.75089,-102.64769,0
-139.13876,-23.46444,0
75.428665,71.94422,0
161.29439,16.683342,0
69.09407,90.539,0
-3.8186073,-80.21294,0
48.43888,73.804596,0
47.586723,-78.86607,0
-39.817436,-105.63881,0
-134.12428,-11.948017,0
47.911312,73.246635,0
119.17667,43.230145,0
47.17963,70.90399,0
-11.562849,-67.236694,0
62.08717,119.82911,0
22.774916,-91.838974,0
-57.912346,-89.30495,0
-163.69292,-17.746656,0
61.767097,119.65582,0
157.69255,-10.176863,0
60.432095,118.83696,0
-35.42806,-76.03516,0
-75.239334,131.25916,0
14.645618,-113.16279,0
110.61494,-41.765404,0
-83.920395,130.39984,0
-76.9952,131.54665,0
100.34129,118.48772,1
-77.1278,131.4153,0
-78.34203,132.09586,0
-57.67792,37.420246,0
28.707764,-140.6803,0
-109.715706,-85.72804,0
-199.37184,-5.596099,0
-57.113922,39.69653,0
132.05315,10.880365,0
-58.18052,41.176437,0
-50.840122,-9.334096,0
-6.8127728,125.26199,0
39.840565,-123.03466,0
-68.43144,-84.49799,0
-166.94673,-4.608493,0
-5.897593,125.209915,0
154.36641,-5.112452,0
-4.744114,125.16448,0
-49.111916,-44.288277,0
-60.33877,67.557785,0
13.135133,-149.60786,0
-98.26429,-71.84847,0
-184.47249,12.830058,0
-60.01816,67.73087,0
168.0848,9.36671,0
-58.395676,67.60193,0
-67.77756,-6.2993145,0
42.019276,38.61758,0
51.92303,-103.34627,0
-64.08774,-125.276,0
-111.97896,-0.9209446,0
42.645367,38.168133,0
135.01447,47.222736,0
44.544117,37.870094,0
-20.487558,-50.88851,0
-51.943382,155.27557,0
99.61211,-96.28692,0
127.454056,-37.193974,0
113.52798,-33.314404,0
-52.113995,157.014,0
96.14918,127.62028,1
-52.49981,159.16684,0
-52.038044,158.16574,0
-50.99582,40.882843,0
25.999914,-141.135,0
-109.70315,-82.38816,0
-195.8835,-4.2205915,0
-51.05905,40.985077,0
126.45975,17.604805,0
-60.682392,44.976448,0
-52.08289,-6.0672264,0
67.73837,-6.073703,0
78.1704,-80.25756,0
-47.09081,-150.80603,0
-94.57088,-16.303318,0
67.26094,-5.9036465,0
104.82817,67.86652,0
59.975437,0.25981915,0
16.547806,-52.63743,0
-0.36181945,57.45627,0
43.53884,-54.41048,0
-94.07474,-141.3766,0
-146.56433,19.23563,0
-0.39699274,57.597168,0
110.36669,30.459913,0
-2.6520123,47.045624,0
-33.035915,-31.708403,0
69.251595,28.118841,0
62.535202,-89.77685,0
-43.106823,-123.91017,0
-107.530624,-24.00057,0
69.113014,28.454962,0
106.76694,57.21234,0
61.19471,31.528357,0
0.03195458,-54.7164,0
-7.543211,31.566269,0
70.91312,-144.91974,0
-79.950294,-143.05797,0
-113.877754,26.47031,0
-7.9449825,31.979647,0
150.05902,65.31882,0
-8.932628,33.186184,0
-21.19383,-23.522388,0
31.286924,60.382774,0
47.82563,-86.18232,0
-49.900135,-105.87657,0
-133.08542,-4.6500015,0
30.728922,61.159996,0
129.83443,42.37107,0
29.012306,61.928608,0
-16.652676,-62.649296,0
25.37644,126.55921,0
27.865362,-97.7313,0
-72.210144,-101.5454,0
-161.61952,-23.571434,0
24.593676,127.52206,0
160.45432,-13.168435,0
22.897654,128.37585,0
-42.556187,-67.61795,0
-13.230445,95.093124,0
32.363537,-117.81996,0
-78.0271,-88.98458,0
-173.3509,-10.101746,0
-18.320103,101.15353,0
149.79205,-2.994555,0
-19.81174,98.77516,0
-58.78463,-46.23564,0
38.668095,74.11034,0
40.89399,-83.70809,0
-44.619442,-102.517456,0
-140.36116,-14.25706,0
38.39559,74.19963,0
157.5811,42.814278,0
36.34788,74.13701,0
-14.540589,-68.09313,0
18.519796,-12.121062,0
88.91388,-119.14604,0
-95.40036,-125.78184,0
-132.54834,25.180485,0
18.29176,-12.711534,0
103.59886,26.650742,0
17.834612,-13.478338,0
6.6112127,-26.974855,0
11.811372,101.62745,0
34.26549,-103.59858,0
-71.41497,-108.98262,0
-163.83064,-31.066925,0
10.286088,102.076126,0
147.15102,-12.531966,0
9.689883,101.93578,0
-40.120026,-58.749763,0
47.917393,14.897634,0
70.06013,-106.0227,0
-46.53871,-136.59258,0
-99.79158,2.011894,0
47.40338,15.331437,0
119.92302,69.884415,0
46.50075,16.832457,0
-0.08570381,-39.20679,0
42.36148,9.540238,0
72.56498,-101.587166,0
-40.492138,-137.1157,0
-97.28701,-6.110029,0
42.513546,9.746719,0
134.75908,66.10268,0
46.98591,9.909559,0
4.4347053,-43.646732,0
87.175255,-15.57081,0
1.7490923,-117.32307,0
119.92306,-58.99955,0
92.16311,-27.053333,0
91.290054,-23.667398,0
179.07407,58.973648,0
91.440674,-24.320765,0
90.83607,-22.526535,0
36.8681,-18.697268,0
81.678406,-115.54598,0
-30.438278,-145.25642,0
-92.461975,-0.42690015,0
36.93425,-18.831696,0
128.66333,72.55612,0
31.386768,-10.457337,0
9.359945,-32.83726,0
62.228466,89.757515,0
34.123413,-77.120094,0
-39.36864,-98.506325,0
-136.02602,-15.987781,0
62.552265,89.79692,0
162.3597,26.318592,0
64.177925,90.188736,0
-15.880242,-75.63068,0
-57.99765,72.701454,0
15.580217,-150.64386,0
-95.4882,-73.540726,0
-180.09181,10.028106,0
-57.991123,72.55417,0
164.98706,8.134478,0
-56.461517,71.023445,0
-63.106342,-8.286082,0
42.503242,-25.7489,0
97.49637,-104.22318,0
-20.427607,-132.468,0
-87.08007,-19.515312,0
42.430374,-26.106585,0
116.11929,87.80624,0
42.652298,-26.372028,0
42.316944,-27.509077,0
-91.17081,79.68924,0
-3.5380218,-147.73607,0
-101.19651,-52.596127,0
-186.98965,20.403746,0
-91.14092,80.068,0
172.82863,-2.185176,0
-85.98632,83.11545,0
-77.171074,5.9504166,0
-53.75822,72.68814,0
15.7856245,-149.7325,0
-96.91006,-73.52402,0
-185.37672,3.456585,0
-54.021263,72.37397,0
160.67955,7.97837,0
-54.085037,71.47564,0
-66.912315,-8.130621,0
-67.227974,49.58678,0
19.687208,-139.75525,0
-109.43024,-77.55386,0
-195.43353,-2.204437,0
-66.94539,49.123055,0
121.729996,2.88929,0
-65.580315,48.39842,0
-56.187622,-1.9338145,0
64.08329,38.07529,0
70.67308,-94.44835,0
-52.44295,-127.45316,0
-112.41654,-2.973772,0
63.599,38.010937,0
132.20004,63.407356,0
61.695965,37.852936,0
-10.736561,-47.649643,0
-60.506844,19.601244,0
45.26347,-159.1063,0
-120.83383,-95.0884,0
-186.3897,-7.199212,0
-60.21171,19.893488,0
126.49614,6.439644,0
-57.57873,23.587194,0
-70.58302,-29.79558,0
13.774296,155.18245,0
119.66636,-79.88982,0
139.97087,-53.115395,0
4.3241367,167.07646,0
6.1440935,165.71263,0
80.451996,139.1355,1
4.907017,166.62883,0
6.776623,165.21857,0
-3.880445,79.30501,0
26.663412,-110.87737,0
-79.33451,-117.762054,0
-174.41983,-26.308582,0
-2.9748778,80.524345,0
136.19037,23.771694,0
-2.024127,81.76475,0
-49.394844,-53.724823,0
-44.347523,76.86945,0
20.012314,-153.05183,0
-90.36066,-75.67492,0
-179.28517,4.7514253,0
-45.65248,77.89084,0
162.92075,4.9469695,0
-48.446712,78.5839,0
-64.775345,-12.635115,0
67.817116,-9.803969,0
78.3205,-77.60909,0
-46.72666,-149.35599,0
-96.945496,-13.538974,0
67.539406,-9.011652,0
109.358505,68.11116,0
59.617626,-2.8957531,0
17.9361,-55.988247,0
-55.231094,18.383213,0
46.260468,-159.01274,0
-119.93765,-96.207596,0
-185.95834,-7.795214,0
-55.81449,19.105934,0
157.14357,1.9866272,0
-55.86972,21.880264,0
-71.21343,-30.566116,0
49.487175,21.99884,0
63.236115,-99.50304,0
-49.282482,-132.36069,0
-102.78954,-5.1007676,0
49.359024,22.281336,0
121.243225,60.42165,0
45.918877,27.11361,0
-5.2561097,-44.41968,0
61.520897,-54.8337,0
98.2994,-83.753334,0
55.456444,-50.65561,0
-84.09887,-18.265764,0
60.610626,-54.4416,0
114.5982,88.96727,0
59.945133,-53.89422,0
58.060516,-52.661938,0
15.11105,75.05071,0
58.330513,-90.439575,0
-45.370884,-120.09492,0
-129.45042,-23.674894,0
14.867271,75.236046,0
113.49319,37.079044,0
14.595263,76.057274,0
-11.999837,-53.334076,0
48.96148,53.06094,0
60.826714,-71.71306,0
-22.036097,-112.13558,0
-124.28597,-9.285361,0
48.949493,53.570374,0
119.53929,40.77743,0
47.83705,55.20794,0
7.7805977,-75.46849,0
70.43101,35.168377,0
53.779003,-98.19094,0
-53.78236,-120.179474,0
-113.087006,-5.9943533,0
70.53619,35.20386,0
134.91026,34.454437,0
53.91696,37.979866,0
-15.546059,-52.769222,0
-37.02615,91.34748,0
31.142136,-132.34512,0
-79.68539,-78.16834,0
-160.90689,-10.732119,0
-37.617138,91.68921,0
162.97038,17.109352,0
-38.21852,92.11453,0
-53.927784,-30.722946,0
18.408236,-23.217314,0
86.346504,-123.579185,0
-94.96591,-107.931946,0
-129.87082,13.380079,0
18.591541,-22.842007,0
128.20299,30.302607,0
17.851885,-18.347029,0
9.492712,-22.770535,0
48.953037,66.720345,0
46.38479,-80.77381,0
-43.49607,-109.55726,0
-129.73218,-9.454944,0
48.72911,67.24973,0
157.83347,44.366474,0
47.21112,68.85713,0
-10.700684,-66.39853,0
-9.117834,164.83043,0
105.781876,-80.63038,0
134.4975,-37.67165,0
130.1598,-61.317516,0
-9.1675415,154.03821,0
85.058304,133.10048,1
-12.524575,167.27979,0
-11.621974,166.49753,0
-42.929684,156.79541,0
108.48068,-96.58769,0
130.8035,-33.40633,0
115.89108,-31.762852,0
-43.242634,157.67482,0
88.156044,128.28316,1
-43.413128,158.37671,0
-43.344208,157.96643,0
-8.711602,29.881582,0
73.02468,-145.50629,0
-78.34918,-141.61308,0
-114.553734,27.151327,0
-8.987689,30.40493,0
147.53796,68.548294,0
-5.9325185,22.119272,0
-18.89317,-22.092384,0
-54.80024,123.757744,0
7.926423,-132.10535,0
-77.153435,-60.36773,0
108.07678,-30.16957,0
-52.9669,119.9534,0
179.77058,41.207077,0
-57.604065,125.368034,0
-60.322212,123.7666,0
50.828674,47.700813,0
57.13,-78.43011,0
-53.344414,-137.8812,0
-112.28485,-16.020212,0
50.64587,47.70787,0
124.435646,50.300446,0
44.610207,58.40088,0
-5.1059957,-61.627136,0
-46.734894,96.865555,0
19.806234,-125.050385,0
-82.45557,-67.17856,0
-146.45398,-3.3909388,0
-46.427425,96.253334,0
167.08214,22.303177,0
-45.494865,94.45105,0
-37.403618,-9.996635,0
-56.882988,69.338356,0
15.867357,-151.91708,0
-93.82523,-72.73794,0
-183.23154,5.8619313,0
-56.69523,69.39174,0
168.89928,9.155924,0
-55.346622,69.35792,0
-67.46068,-10.057785,0
29.515799,-0.8768575,0
74.83609,-116.07225,0
-92.86555,-117.69299,0
-120.78282,11.9816,0
28.825321,-1.0215456,0
122.604004,69.94632,0
27.629313,-2.1274147,0
3.7110538,-33.100506,0
34.413723,14.500974,0
82.041885,-88.45457,0
-55.38883,-154.82262,0
-105.36685,5.6921997,0
33.78674,14.945329,0
123.87564,78.2259,0
29.763742,16.391216,0
20.6753,-43.453136,0
70.2528,-6.3331585,0
76.26087,-78.49072,0
-45.12733,-147.33418,0
-95.61263,-17.012997,0
69.35982,-6.1479855,0
105.96049,66.9735,0
62.50482,-0.061227128,0
16.86574,-54.50834,0
-30.124771,75.35708,0
24.539164,-131.09251,0
-101.4707,-138.01958,0
-157.09132,20.637732,0
-30.063593,75.117386,0
124.48657,20.818264,0
-29.814095,74.00652,0
-39.249958,-26.008821,0
37.881508,158.50711,0
111.64884,-75.21587,0
137.56354,-65.20561,0
133.83867,-60.17115,0
35.4826,156.76436,0
70.268776,138.13806,1
37.061928,158.7572,0
37.183784,158.52066,0
73.95348,78.41493,0
45.257874,-72.43603,0
-34.080658,-107.933495,0
-129.31749,-18.049294,0
74.045525,78.40617,0
116.32816,47.00807,0
63.326515,72.59429,0
-4.707532,-71.66133,0
-74.799576,29.838139,0
18.331703,-172.04346,0
-121.90762,-76.079895,0
-206.24953,2.888654,0
-74.544754,29.970589,0
117.817154,5.285272,0
-73.61231,30.376085,0
-46.95408,2.039842,0
1.9624714,89.67667,0
29.983175,-107.199844,0
-77.62065,-112.73667,0
-169.65135,-27.087254,0
1.5318093,89.78354,0
144.82162,-7.5315137,0
0.92899674,89.932686,0
-46.75826,-56.886295,0
31.243568,41.163,0
49.654182,-111.51248,0
-61.551373,-128.75455,0
-114.53138,4.445834,0
31.16653,40.996346,0
143.8604,54.485874,0
31.179667,40.20384,0
-19.202585,-47.540348,0
-20.758406,33.12646,0
54.72052,-147.40701,0
-100.182175,-129.92743,0
-142.55194,30.24262,0
-20.992504,33.3317,0
111.1394,19.950546,0
-22.01241,34.133476,0
-33.75175,-20.151817,0
15.635669,9.2144,0
75.50356,-71.7678,0
-49.269196,-157.58022,0
-98.33228,-11.710892,0
15.974012,9.186699,0
100.94842,66.62081,0
18.449026,9.679118,0
19.466068,-59.840374,0
-8.442537,59.390675,0
39.07872,-55.05263,0
-97.361115,-143.17528,0
-152.6709,20.092209,0
-8.777826,59.22308,0
143.88474,16.93953,0
-12.469183,56.007477,0
-37.391468,-30.481169,0
24.771328,122.79694,0
29.484537,-99.60433,0
-72.6107,-104.09981,0
-165.04851,-27.155048,0
24.464502,122.86034,0
150.0469,-13.807832,0
19.449875,124.383316,0
-42.638077,-64.88378,0
70.33548,-34.18051,0
109.77977,-95.279274,0
65.62243,-40.747074,0
-87.08357,-30.44956,0
70.2578,-34.177677,0
118.06501,98.64425,0
70.31405,-34.16542,0
69.86364,-33.66921,0
-59.338818,90.06559,0
35.545715,-133.73271,0
-81.94574,-84.32634,0
-173.11237,-3.6157725,0
-58.764576,90.1542,0
135.4037,27.16452,0
-58.03615,91.04863,0
-48.413357,-34.391403,0
36.488873,14.129167,0
81.87226,-84.85794,0
-51.120026,-154.78036,0
-100.90697,3.1213021,0
36.48068,13.875204,0
120.468414,79.465576,0
55.21689,-3.676266,0
20.563211,-46.89739,0
63.364925,48.609165,0
54.511383,-74.36077,0
-36.02118,-117.642746,0
-115.61996,-12.840106,0
63.345284,48.88477,0
115.67846,50.492374,0
56.470905,44.09607,0
-1.3031942,-63.853382,0
73.83054,67.085556,0
45.389202,-66.06424,0
-27.525398,-109.29859,0
-124.78565,-23.754116,0
74.202156,67.36269,0
137.00671,40.389313,0
74.916145,67.35402,0
0.05753946,-75.83995,0
-2.7819486,-1.7366487,0
58.094486,-129.67868,0
-110.228905,-117.989494,0
-143.71353,8.846491,0
-2.3369203,-1.8234627,0
123.711586,-2.4311073,0
-1.6145041,-1.7486435,0
-5.1801767,-16.12585,0
-43.129803,15.649091,0
48.064205,-153.11586,0
-116.447495,-100.87306,0
-133.20232,18.877914,0
-43.52449,15.833394,0
122.55888,20.122286,0
-45.701225,16.166937,0
-66.26942,-34.597187,0
-90.93893,34.641804,0
11.754802,-172.35997,0
-121.632614,-69.85765,0
-202.88583,8.053722,0
-90.55135,34.59833,0
115.55853,6.4107947,0
-88.24231,36.195118,0
-51.817432,7.3821654,0
-3.5956533,30.659595,0
71.555725,-142.99689,0
-78.148705,-144.31064,0
-114.57648,24.737898,0
-4.273854,30.416378,0
147.00482,64.22699,0
-2.7964375,24.255522,0
-19.403582,-25.208252,0
-2.191065,63.307217,0
40.383606,-57.55716,0
-97.239,-140.04596,0
-139.86201,0.06161448,0
-7.82259,57.86059,0
171.44472,41.274017,0
-8.815718,57.04502,0
-34.32941,-34.428783,0
18.140326,83.446945,0
47.11048,-104.01736,0
-67.52239,-120.27775,0
-112.584785,6.4640427,0
18.509111,85.1559,0
135.74716,35.81076,0
20.641312,89.11397,0
-25.762327,-51.428055,0
-17.523283,42.16435,0
58.654224,-149.92899,0
-103.053894,-134.3266,0
-151.78206,26.567417,0
-17.971039,42.74706,0
109.02767,15.549115,0
-19.014107,44.419872,0
-37.306107,-23.262682,0
38.447117,68.090836,0
43.30591,-85.24264,0
-46.965965,-104.58048,0
-134.26418,-4.677411,0
37.67176,68.686806,0
131.97221,39.45678,0
35.28345,69.125725,0
-16.488258,-65.65962,0
92.08988,5.177325,0
0.107222244,-118.03692,0
125.00082,-28.229229,0
96.47856,3.5355284,0
94.22499,3.791355,0
184.59914,53.088367,0
94.862305,3.4083316,0
93.594025,2.5343847,0
-12.661297,159.76532,0
105.300026,-81.987755,0
133.56679,-37.137177,0
127.63292,-59.184914,0
-11.463733,155.02072,0
86.72772,132.1894,1
-15.483344,159.05733,0
-14.713225,159.1074,0
82.78862,-17.949987,0
2.460466,-116.177055,0
-77.12472,-51.87136,0
119.23517,-55.277287,0
82.38409,-11.597095,0
178.96555,54.61092,0
81.84621,-24.041962,0
80.8374,-21.656534,0
-70.00923,51.971165,0
16.19409,-139.77269,0
-109.0251,-75.02158,0
-192.90607,7.3374763,0
-69.96728,52.24929,0
173.53334,8.350548,0
-69.26805,52.88784,0
-58.563183,-0.8282988,0
-136.81357,86.363144,0
-21.191982,-174.4823,0
-146.7958,-72.76441,0
-167.94131,45.391495,0
-136.17159,86.26486,0
190.4271,-4.364525,0
-132.55298,85.41772,0
-128.24727,51.438736,0
-38.437824,47.334335,0
30.9942,-147.96706,0
-102.117546,-88.266685,0
-186.33191,-15.002229,0
-39.636623,48.86215,0
135.84378,21.48286,0
-40.049236,48.882,0
-52.43659,-16.99658,0
-13.1794615,40.92398,0
60.1439,-146.87885,0
-99.49735,-133.46164,0
-145.96976,29.439613,0
-12.903869,40.56295,0
112.65766,21.992603,0
-11.511094,38.940014,0
-33.999798,-24.196434,0
-18.887074,94.626884,0
33.912395,-119.689125,0
-79.78894,-91.17484,0
-174.36324,-14.191937,0
-18.959667,94.17792,0
147.60248,-9.998962,0
-19.204544,92.892395,0
-61.978104,-46.350594,0
-12.755264,156.41931,0
112.596535,-78.60097,0
131.23834,-36.252907,0
121.10794,-53.632675,0
-13.61008,154.12631,0
87.33116,130.24411,1
-15.624576,154.69109,0
-14.981268,154.43248,0
-122.09734,89.111595,0
-14.510347,-178.13826,0
-148.87173,-64.83082,0
-171.94041,40.69123,0
-122.333725,89.05194,0
190.05792,-9.087163,0
-124.802216,86.04076,0
-120.1436,48.609566,0
37.657097,33.998978,0
50.51561,-102.16842,0
-60.248554,-126.554146,0
-113.53677,0.66805226,0
37.558895,34.256836,0
145.93935,44.72238,0
36.798744,35.839138,0
-23.529737,-52.260017,0
67.116936,35.172657,0
54.176258,-96.634,0
-53.70642,-117.98145,0
-116.64672,-9.934354,0
67.099434,35.494457,0
118.516846,54.63297,0
54.069725,41.919724,0
-10.027734,-57.576923,0
-9.442976,164.012,0
106.01577,-80.774704,0
134.48262,-38.08015,0
129.23288,-60.8162,0
-9.956503,154.52493,0
85.89798,132.78143,1
-13.494034,166.99536,0
-12.43677,165.95973,0
-118.62636,76.22773,0
-12.401695,-172.45944,0
-141.1621,-66.93098,0
-166.90024,37.88902,0
-119.11102,76.13379,0
202.0614,-3.304849,0
-119.68079,75.91038,0
-118.00121,54.76334,0
36.21846,10.883618,0
80.57094,-84.36776,0
-50.428795,-153.68753,0
-94.07427,-9.687613,0
36.506874,10.486962,0
119.472946,80.824524,0
37.498383,9.627642,0
17.589815,-48.55562,0
24.123915,38.777115,0
57.838142,-113.00856,0
-63.24886,-133.04805,0
-113.6614,4.312724,0
24.301767,38.636734,0
140.33188,57.322823,0
26.739882,35.17385,0
-16.042662,-42.40506,0
-129.50154,92.541626,0
-16.868202,-176.28117,0
-148.97937,-67.885284,0
-171.24687,44.611076,0
-129.55629,92.563095,0
192.39903,-11.099313,0
-128.69824,85.46868,0
-122.64271,50.518974,0
11.117137,73.68359,0
16.560421,-98.77966,0
-57.43829,-78.70884,0
-150.51134,1.7447904,0
11.065142,74.003944,0
145.02997,19.672062,0
10.797035,74.9591,0
-22.018118,-14.957881,0
74.35218,1.8002369,0
72.965,-76.045135,0
-50.197617,-144.48134,0
-105.52853,-17.63178,0
73.214485,1.530872,0
105.11222,63.52999,0
66.63102,5.3993583,0
13.82823,-59.58545,0
-1.5929984,152.902,0
117.06739,-80.30561,0
137.23328,-36.499374,0
-2.505858,150.10625,0
-2.361893,151.70035,0
82.72921,132.83638,1
-2.2658038,151.01521,0
-3.1454964,152.18437,0
15.250517,155.6504,0
108.42794,-81.91517,0
136.74014,-52.47663,0
12.951966,168.1944,0
10.780354,167.7307,0
78.79791,140.79915,1
12.627571,167.82524,0
10.646431,167.53995,0
16.30674,58.18726,0
55.107574,-85.93675,0
-85.94446,-130.13844,0
-137.96754,24.391306,0
16.911264,57.943394,0
103.159164,38.059574,0
20.137423,56.780426,0
-27.08895,-36.67043,0
-78.98727,36.58415,0
15.581327,-169.46423,0
-119.13697,-73.43894,0
-202.31311,3.7584066,0
-79.76034,37.283688,0
119.3553,4.8470325,0
-82.92198,36.72078,0
-51.60247,3.2959445,0
97.915146,-10.970379,0
-6.360259,-120.39672,0
128.65584,-62.434822,0
108.82418,-11.581846,0
101.28867,-13.103315,0
172.75261,66.016174,0
100.93756,-12.5813265,0
101.83987,-15.335233,0
41.17389,-16.965197,0
81.66456,-108.54018,0
-30.359848,-142.01222,0
-90.789276,-0.13912402,0
41.23188,-16.556019,0
105.828316,77.2346,0
41.114643,-13.648439,0
13.424345,-36.929188,0
-3.5274792,57.504192,0
41.429073,-55.634956,0
-95.473366,-143.10245,0
-154.9332,15.160232,0
-3.8614843,57.76895,0
111.66884,28.598825,0
-7.5713644,54.042274,0
-35.57236,-31.456297,0
69.600044,26.656206,0
69.80594,-87.648544,0
-41.064606,-124.96818,0
-102.69349,-13.671879,0
69.72557,26.362093,0
117.09555,33.528084,0
61.824524,21.166773,0
1.984083,-52.60001,0
-50.17655,56.318283,0
14.445779,-150.7424,0
-99.352615,-78.17744,0
-187.43938,14.185313,0
-50.24621,56.24404,0
163.42357,8.275341,0
-56.051197,65.32905,0
-67.569405,-7.5700803,0
15.71681,84.242905,0
47.37875,-106.76587,0
-68.52468,-121.6196,0
-155.9258,-40.3837,0
15.784885,84.43633,0
145.05893,49.735382,0
19.145435,87.70516,0
-26.085339,-49.869476,0
3.2767959,52.27171,0
46.99421,-57.42547,0
-90.21369,-138.76814,0
-146.12988,23.91,0
3.3501415,52.0674,0
105.23332,31.40995,0
-4.5569715,47.53796,0
-29.326338,-30.746256,0
-49.002064,58.018005,0
24.547766,-149.26378,0
-98.23472,-80.18439,0
-189.23346,13.965435,0
-81.38994,62.69804,0
147.6712,20.587624,0
-81.1998,62.32518,0
-57.911133,-12.628342,0
2.7783463,-4.293536,0
60.63155,-128.40245,0
-109.88236,-115.503296,0
-140.0744,8.815135,0
2.4092991,-4.0894737,0
129.47693,58.862854,0
0.7621068,-1.7784197,0
-1.8875328,-15.758898,0
63.941383,81.665,0
35.96363,-74.69066,0
-37.00848,-103.78341,0
-124.60717,-18.05363,0
64.162575,82.31873,0
158.2403,35.761356,0
65.981606,84.60296,0
-10.061276,-74.58813,0
57.90397,109.612045,0
24.476292,-88.94021,0
-55.648144,-92.4616,0
-166.11916,-17.255394,0
57.737473,110.05436,0
160.21881,-4.886046,0
57.670483,113.31018,0
-31.859564,-74.60023,0
-58.486217,101.35316,0
3.2461548,-126.61639,0
-86.940575,-62.295963,0
-143.1394,-22.946156,0
-58.506588,101.44859,0
173.13586,22.917904,0
-58.798416,102.23789,0
-37.240234,-1.9046636,0
-31.66433,121.20685,0
1.6657765,-113.32775,0
-65.15349,-67.41549,0
-151.94989,-5.667531,0
-30.351738,121.43435,0
176.56104,26.33163,0
-27.86594,118.26496,0
-26.049297,-4.2281976,0
-44.353127,17.637905,0
46.81873,-154.22614,0
-117.3704,-99.14803,0
-189.66524,-8.793786,0
-44.566273,17.7633,0
121.30073,16.781528,0
-46.234447,17.703157,0
-66.65602,-32.73951,0
38.030586,69.40592,0
43.146328,-83.738434,0
-45.478226,-104.38562,0
-135.55757,-5.113408,0
37.304287,69.68506,0
126.20132,44.40049,0
34.355556,69.88093,0
-15.199491,-67.188675,0
74.18468,79.05902,0
45.100792,-72.06447,0
-33.8272,-107.729256,0
-122.79881,-22.83782,0
73.97281,79.89073,0
114.025475,46.993782,0
70.04753,82.78585,0
-5.2936187,-72.53078,0
38.405766,69.92125,0
42.42139,-84.86887,0
-46.444363,-103.556496,0
-134.74796,-3.7873433,0
37.36995,70.30717,0
154.69893,42.59352,0
35.757442,70.49102,0
-16.178724,-66.43385,0
-16.452482,31.574327,0
62.589573,-141.82228,0
-93.79993,-129.67624,0
-134.59212,27.224436,0
-16.521034,31.46146,0
110.454315,24.454672,0
-17.032911,30.621864,0
-30.506712,-22.230469,0
28.01344,-22.721048,0
82.68721,-119.68649,0
-92.41177,-111.15885,0
-128.6735,14.139102,0
27.88319,-22.553036,0
130.55357,67.769516,0
23.279373,-15.969782,0
8.495623,-27.45742,0
-89.44782,79.861176,0
-3.5949647,-146.87663,0
-101.8407,-53.11029,0
-186.27902,20.941261,0
-89.16938,80.415,0
172.82579,-5.3780603,0
-84.60258,83.96381,0
-76.74825,6.543368,0
-66.915184,52.836147,0
18.2792,-141.3025,0
-108.10917,-76.02584,0
-194.2315,1.6686877,0
-67.27408,52.99573,0
171.28377,9.434598,0
-67.70932,53.704346,0
-58.25953,-1.8940322,0
-81.29817,90.78577,0
-0.02267699,-142.52376,0
-97.03408,-53.83801,0
-184.8503,18.611362,0
-81.17321,90.69732,0
175.8913,1.8561591,0
-78.99544,86.508446,0
-71.39117,6.793512,0
4.59223,179.60063,0
107.60209,-80.39718,0
135.71141,-66.27255,0
122.203705,-24.66942,0
6.1820393,178.64717,0
72.70872,137.79715,1
6.9966545,180.4653,0
6.8424053,178.88869,0
66.01478,-4.9671993,0
78.610405,-80.98739,0
-48.496807,-151.34421,0
-95.343025,-9.613137,0
65.77126,-5.200088,0
109.570114,66.47621,0
59.379692,-0.16899236,0
17.414356,-51.93256,0
31.584572,121.26158,0
32.342716,-96.1014,0
-68.06376,-103.11557,0
-160.68953,-24.577967,0
31.405453,120.71646,0
153.791,17.721651,0
33.51349,117.89764,0
-38.443233,-67.06895,0
60.775204,-30.90235,0
106.89533,-99.85356,0
59.291454,-38.13854,0
-90.79907,-28.46227,0
60.625923,-30.921846,0
123.492805,94.00359,0
59.890095,-31.981443,0
59.154533,-33.47397,0
63.422256,-51.273243,0
97.97542,-86.63571,0
55.499752,-48.426517,0
-85.63071,-16.625746,0
62.533688,-51.097187,0
113.32649,86.781364,0
61.833683,-50.986107,0
59.16839,-49.751022,0
-7.0790105,83.14424,0
27.079933,-107.540405,0
-79.90667,-114.10299,0
-170.85295,-24.560856,0
-6.2797427,83.69351,0
153.96725,-10.007863,0
-3.345177,86.75689,0
-48.61885,-57.02323,0
-64.16304,83.450745,0
7.5354543,-135.54752,0
-105.30907,-64.91319,0
-187.35068,7.689238,0
-64.18752,83.4385,0
177.05292,13.637978,0
-62.543327,80.18731,0
-62.436653,5.253689,0
-49.549507,19.872517,0
44.978832,-154.81042,0
-116.55947,-97.05003,0
-187.33896,-9.133696,0
-49.737404,20.046919,0
121.24805,15.160258,0
-46.805164,23.457764,0
-65.7005,-30.913767,0
17.847673,-23.722908,0
86.85435,-124.38061,0
-95.07256,-107.0444,0
-132.3705,17.534304,0
17.075018,-23.955305,0
132.91347,37.889088,0
16.747059,-18.551266,0
9.163977,-20.649542,0
35.232628,62.35863,0
47.651592,-83.57537,0
-50.53232,-103.747665,0
-132.30573,-3.8363998,0
34.617107,62.43097,0
127.676926,34.578945,0
33.524475,63.82504,0
-13.708277,-63.126286,0
-48.7815,155.6954,0
101.212746,-95.47474,0
129.88237,-34.615234,0
115.29842,-32.143513,0
-47.57112,157.24701,0
93.60297,127.98259,1
-47.912758,157.86974,0
-48.276558,157.5798,0
14.300125,148.56401,0
107.54805,-67.008606,0
132.21877,-58.64728,0
14.029185,147.26346,0
13.934055,146.94868,0
76.12946,136.42375,1
13.94668,147.18542,0
13.651967,146.5845,0
2.9649003,74.66552,0
15.877582,-104.951225,0
-62.627094,-77.20194,0
-154.6734,2.2284544,0
2.7192914,75.2187,0
177.01596,20.45677,0
0.79905593,73.75881,0
-27.898186,-13.483236,0
58.97437,84.598305,0
34.978985,-79.422066,0
-41.185127,-99.96302,0
-134.73225,-15.771325,0
58.927483,85.12039,0
152.62494,33.041332,0
58.134853,88.6553,0
-17.765392,-72.53731,0
25.313225,38.77892,0
57.038654,-114.044556,0
-64.15191,-131.84938,0
-117.15069,5.7235,0
25.456194,38.562862,0
141.56233,57.42298,0
27.44839,35.60263,0
-17.21063,-43.115818,0
-32.673164,56.5203,0
29.636442,-162.51315,0
-89.18642,-89.22148,0
-179.17746,-18.78871,0
-32.75463,56.444492,0
134.26317,-0.73814887,0
-35.269913,55.060043,0
-20.392488,-21.97795,0
-129.22981,68.16909,0
-16.865526,-166.23087,0
-146.78537,-78.33714,0
-161.58986,37.75052,0
-128.56517,68.62291,0
199.39105,-0.9060108,0
-127.919395,69.130585,0
-126.13954,61.994316,0
-62.75115,24.812984,0
42.45221,-160.99985,0
-120.7965,-91.624214,0
-181.99434,-6.0788045,0
-61.985897,25.811527,0
169.8823,-8.399869,0
-60.669113,26.38762,0
-71.33685,-26.394321,0
15.073975,155.66833,0
108.68796,-82.07915,0
136.8216,-52.6179,0
12.404895,168.0261,0
10.531872,167.50801,0
78.96059,140.57413,1
12.255109,167.55016,0
10.441454,167.2375,0
-59.874535,54.847733,0
19.03047,-144.16971,0
-105.07051,-77.75862,0
-190.22188,0.15149404,0
-59.6318,54.304043,0
169.68925,1.9340239,0
-59.08256,53.594368,0
-59.917908,-4.5202994,0
52.238537,58.468487,0
60.01538,-75.973274,0
-38.783752,-117.9134,0
-109.607346,-11.863361,0
52.016495,58.33086,0
113.38216,57.21171,0
51.224995,58.091537,0
-4.0477667,-63.30212,0
-46.14704,49.418148,0
31.68242,-151.9914,0
-96.61084,-89.44644,0
-185.63544,-14.428151,0
-45.58245,49.24378,0
137.74213,18.426315,0
-43.54798,48.535824,0
-55.819717,-19.725533,0
42.68929,8.532634,0
73.72855,-102.47323,0
-40.094215,-138.7511,0
-96.61784,-1.0996219,0
43.12914,8.912605,0
120.098114,72.60662,0
45.856644,7.7050314,0
5.9467673,-41.942505,0
-76.69863,26.087759,0
19.916489,-174.57182,0
-123.76683,-76.58928,0
-145.53606,27.364464,0
-76.66905,25.810198,0
111.713806,17.31863,0
-74.61399,25.230461,0
-44.564407,2.235498,0
91.8399,4.947549,0
0.5166513,-118.080635,0
124.68178,-28.289564,0
96.51132,3.3233907,0
93.6866,3.393016,0
184.55083,53.058308,0
94.40227,3.2132876,0
93.2592,2.5488281,0
-4.827812,4.342035,0
57.031277,-129.8166,0
-109.65173,-119.220245,0
-141.34583,12.752051,0
-3.2947109,3.8651989,0
125.06152,-3.9194033,0
-3.0173795,2.1661322,0
-5.7313504,-16.939178,0
48.05087,2.3630555,0
76.45491,-101.69923,0
-36.045906,-137.69801,0
-96.86026,-5.1401806,0
48.260536,2.7677486,0
115.65536,71.043625,0
47.443794,5.938674,0
7.7610335,-42.8408,0
13.61819,15.638017,0
71.92039,-132.52028,0
-67.00657,-147.11954,0
-115.915054,16.482304,0
13.486429,16.24627,0
105.71493,67.45943,0
10.239861,19.234886,0
-8.566178,-32.164074,0
60.42552,-8.30877,0
83.09848,-82.14568,0
-46.183662,-154.11937,0
-93.54126,-12.252412,0
60.204987,-7.943672,0
114.44822,83.13516,0
56.73779,-5.348119,0
21.206968,-49.821205,0
59.78297,94.108894,0
32.346176,-78.392685,0
-41.1528,-96.70048,0
-139.74455,-13.473598,0
59.65803,94.0708,0
155.48059,31.877674,0
59.537426,92.925095,0
-15.2182455,-78.51921,0
67.95027,-17.453852,0
79.18849,-81.73213,0
-44.698395,-156.0919,0
111.72174,-27.016066,0
68.370514,-16.775026,0
105.732285,75.39479,0
68.300385,-17.94665,0
23.476969,-57.333427,0
-26.072851,32.60114,0
53.461464,-151.40753,0
-105.99068,-130.19405,0
-149.84917,27.722729,0
-25.877052,33.252617,0
112.24031,18.777504,0
-25.848577,34.634464,0
-36.62007,-18.145702,0
72.16236,41.84337,0
55.738464,-93.853775,0
-49.50553,-118.09678,0
-113.5278,-8.875544,0
72.13525,41.667313,0
115.81689,38.50199,0
56.448963,41.938168,0
-6.6920633,-56.126442,0
81.87858,-53.96166,0
116.81614,-94.94346,0
75.27692,-57.290924,0
-86.12188,-36.00523,0
82.315834,-54.51806,0
116.841705,103.451515,0
82.619316,-55.908432,0
78.86448,-57.201065,0
-31.886051,18.133997,0
45.219254,-138.95482,0
-107.14641,-103.59498,0
-128.17307,17.17201,0
-31.649672,18.400858,0
125.527245,25.50757,0
-29.648615,17.675747,0
-49.16422,-28.453548,0
70.29857,-35.70579,0
110.663506,-95.56815,0
65.13657,-41.38011,0
-86.67985,-31.927792,0
70.357864,-35.98348,0
117.81773,99.54777,0
70.51536,-35.72361,0
69.24978,-38.438137,0
-26.750198,129.5827,0
0.12254576,-105.787575,0
-62.46941,-63.836357,0
-150.40787,-9.77335,0
-26.579836,129.12564,0
170.2881,32.151196,0
-22.397156,123.858574,0
-22.294708,-3.0375385,0
2.315714,176.1877,0
108.409676,-79.88088,0
138.31314,-51.103188,0
123.43405,-25.97348,0
3.9885175,173.6607,0
80.93229,140.46243,1
2.7956486,174.99733,0
3.3287296,174.44902,0
16.95911,89.15037,0
43.073692,-105.24855,0
-68.20344,-116.77132,0
-160.61554,-36.915874,0
16.758335,88.68492,0
138.61035,-13.329918,0
20.256527,90.56329,0
-30.21983,-53.01153,0
-2.2706385,60.671368,0
41.54031,-54.314423,0
-96.24283,-142.2063,0
-138.71318,-0.9088746,0
-2.3486671,60.38795,0
111.776535,27.653416,0
-9.0054455,55.209095,0
-34.821476,-32.730217,0
-32.217342,15.422375,0
44.29371,-139.45358,0
-107.671425,-103.47326,0
-162.57808,-7.1317463,0
-31.338139,15.842236,0
125.004295,13.558224,0
-30.138664,16.531982,0
-50.315483,-28.437153,0
-107.874054,92.75949,0
-11.182584,-169.75122,0
-143.12686,-70.461136,0
-174.3343,36.033043,0
-108.72881,92.500946,0
189.07307,-5.3331165,0
-109.56126,92.01841,0
-118.84236,56.82545,0
3.5795,40.13921,0
73.44388,-71.25083,0
-87.70639,-136.75874,0
-109.90225,-16.461355,0
3.0555782,40.03593,0
100.64423,63.94103,0
0.41515025,40.200836,0
-26.108904,-30.287977,0
60.40306,110.25241,0
22.169453,-88.24745,0
-53.942863,-89.51041,0
-159.4161,-17.073982,0
60.657436,110.72703,0
157.908,20.86967,0
61.672245,110.68813,0
-32.775146,-78.48473,0
-3.1372004,30.429739,0
71.96875,-143.36507,0
-77.91342,-143.62605,0
-114.411476,23.935318,0
-4.7035117,29.433723,0
146.82405,65.81015,0
-2.6410549,24.852165,0
-19.208717,-24.626986,0
-6.0733113,131.72473,0
39.613567,-125.61715,0
-68.30558,-82.10891,0
-162.83923,-4.7061033,0
-5.2028317,131.74818,0
157.93677,-3.7203078,0
-3.0173085,129.24402,0
-51.75777,-41.242783,0
-89.64187,93.44205,0
-6.128934,-143.16005,0
-98.737434,-50.162384,0
-183.72354,22.60009,0
-89.66243,93.239075,0
175.66641,-7.664023,0
-86.9964,88.88777,0
-76.33616,9.687705,0
4.1064844,89.65824,0
32.185253,-107.02236,0
-75.431854,-112.3102,0
-167.29921,-28.459019,0
3.995209,89.558624,0
141.981,-10.298961,0
4.295484,94.71523,0
-44.099316,-57.37993,0
-113.808334,98.60844,0
-10.361108,-166.2531,0
-141.183,-73.37357,0
-172.57306,33.57786,0
-113.88843,97.455475,0
190.10992,-0.18661809,0
-114.26422,95.86357,0
-117.80951,60.165737,0
1.9063542,175.78423,0
107.10183,-81.88707,0
138.55963,-51.418793,0
122.80137,-25.712027,0
3.690412,173.37094,0
81.185936,140.27222,1
2.2225785,174.70586,0
2.9246926,174.01305,0
24.752533,152.30713,0
103.37965,-67.01559,0
134.54233,-66.88876,0
38.915127,155.91634,0
37.13345,150.10402,0
70.76131,140.28871,1
38.469566,156.53897,0
36.622746,149.08902,0
81.51009,54.28497,0
49.918655,-67.57329,0
-29.373096,-113.19483,0
-112.94823,-25.129835,0
81.63386,54.636345,0
110.52795,45.394047,0
78.10055,61.075253,0
1.7722316,-71.911064,0
-30.25872,159.11223,0
103.88567,-84.11458,0
134.9571,-42.209915,0
121.24048,-26.499222,0
-29.80032,156.79326,0
91.06522,132.53325,1
-27.981924,154.50047,0
-28.398064,155.4964,0
54.90706,52.85976,0
58.949467,-74.00914,0
-33.605774,-119.01591,0
-122.90531,-14.934617,0
54.63701,54.603455,0
115.92364,45.964176,0
54.99744,55.221092,0
2.3729305,-64.743996,0
15.087045,126.63562,0
27.00461,-101.38254,0
-75.72919,-103.888535,0
-166.83713,-22.451336,0
15.946293,126.245316,0
155.14848,-14.341347,0
16.854902,126.3362,0
-46.324497,-64.92031,0
46.56053,-6.7866983,0
80.722,-100.27895,0
-38.32091,-144.21545,0
-90.47883,-9.495801,0
47.50832,-7.105371,0
111.51858,79.221695,0
50.353947,-7.970645,0
21.045805,-52.443073,0
-15.595134,103.163734,0
30.920807,-116.5681,0
-75.67849,-90.17769,0
-170.54758,-10.061582,0
-16.474005,102.61297,0
152.79677,-2.3876042,0
-19.594213,100.67708,0
-57.522266,-45.25624,0
-79.95467,28.963198,0
14.853558,-173.76703,0
-123.138695,-73.78277,0
-206.33052,4.2022595,0
-80.43984,29.349161,0
122.60108,7.0164146,0
-85.20166,31.399471,0
-47.814217,5.510914,0
62.80635,-52.67306,0
97.97152,-85.31419,0
55.465023,-49.26669,0
-84.78495,-17.35339,0
61.900932,-52.483513,0
113.88493,87.78526,0
60.837006,-52.054253,0
58.55376,-50.678944,0
76.65391,2.265357,0
71.99957,-76.84101,0
-48.38524,-144.86244,0
-104.85075,-17.755068,0
76.22896,3.1281579,0
107.244255,63.176456,0
65.54355,6.734886,0
12.267792,-58.82842,0
-27.55091,31.728912,0
52.138542,-151.5738,0
-106.72142,-129.45813,0
-151.70885,29.906816,0
-28.129951,31.935368,0
115.429276,18.544844,0
-28.520676,31.80751,0
-36.708942,-17.464514,0
52.662964,21.15599,0
66.90873,-100.702705,0
-44.609173,-131.76685,0
-101.16379,-4.43895,0
52.168606,20.904577,0
118.57325,62.711853,0
47.5308,22.457502,0
0.009519203,-45.822987,0
-24.683006,81.46115,0
15.366361,-125.91479,0
-109.26048,-106.49929,0
-146.82721,-5.0391865,0
-24.35574,81.79012,0
128.41887,23.710896,0
-24.197418,82.18637,0
-32.960526,-9.102356,0
89.15,-49.08842,0
99.2115,-68.04034,0
97.987595,-51.28085,0
-83.71052,-33.59148,0
90.13498,-49.421097,0
114.0829,101.74801,0
91.20508,-49.6811,0
94.1472,-50.22564,0
-8.079003,86.656494,0
26.063213,-106.71477,0
-80.06239,-112.603745,0
-171.24042,-23.51117,0
-7.4412613,86.5713,0
152.74852,5.974747,0
-5.1287436,87.54683,0
-49.372562,-58.201443,0
30.12289,-1.1701379,0
75.06591,-115.95775,0
-92.59072,-117.46069,0
-94.94003,-0.29120928,0
29.337723,-1.4004862,0
124.3232,67.13448,0
28.17468,-2.0530775,0
4.0024776,-33.846992,0
55.40464,64.765495,0
44.70489,-77.950096,0
-41.565163,-108.93378,0
-130.48204,-8.141976,0
56.438965,65.040596,0
127.580826,45.486,0
57.366573,64.81925,0
-10.210637,-68.3042,0
-32.355434,49.291138,0
32.415558,-155.13162,0
-93.307,-91.26904,0
-182.9868,-17.947842,0
-32.30383,49.337486,0
138.54636,23.774294,0
-30.50369,49.48532,0
-58.34884,-22.386686,0
43.83681,41.834133,0
53.57971,-104.183395,0
-62.714363,-123.60637,0
-126.07431,-0.5250932,0
44.18821,42.283314,0
140.9201,46.773636,0
35.655933,90.042366,0
-20.779268,-52.65303,0
33.07083,99.691956,0
48.877537,-96.07882,0
-56.890083,-112.29943,0
-121.19359,-9.127976,0
33.1958,99.706535,0
139.59825,31.56107,0
29.429,103.77324,0
-30.969303,-60.966724,0
61.818672,113.77713,0
23.006445,-89.43471,0
-55.47172,-90.06599,0
-144.03209,-31.536297,0
62.68154,114.04164,0
154.90302,25.725946,0
59.973198,115.32137,0
-33.910736,-79.59493,0
-110.717674,78.56535,0
-7.7956676,-176.14064,0
-141.33751,-62.72141,0
-166.33284,31.86741,0
-110.977615,79.04937,0
190.31203,5.3938403,0
-109.656456,80.83084,0
-112.89347,53.77326,0
74.647606,74.888306,0
39.883266,-74.59589,0
-35.594448,-107.66144,0
-128.57014,-21.52251,0
74.69626,75.0611,0
157.8753,39.2619,0
62.770676,70.55082,0
-9.300652,-73.78135,0
-2.9392984,61.085285,0
41.425022,-54.0506,0
-96.50548,-142.30632,0
-153.77574,21.209316,0
-3.3210359,60.59104,0
111.41749,31.381449,0
-10.493372,54.894768,0
-34.900246,-32.945686,0
58.399696,6.727459,0
76.9864,-82.932,0
-50.299576,-150.10522,0
-102.569534,-20.70063,0
58.175514,6.765223,0
104.29418,67.34403,0
59.129063,3.6450677,0
14.740062,-51.11801,0
40.712894,13.569125,0
73.10508,-104.23989,0
-43.140697,-136.98112,0
-95.21658,-2.599143,0
40.19767,13.658835,0
120.07148,76.31961,0
44.58937,14.050936,0
3.4945996,-40.415787,0
9.218184,26.646933,0
72.147255,-135.59488,0
-70.61052,-148.78743,0
-102.91629,19.542343,0
8.79582,26.012737,0
137.21533,65.376465,0
8.562651,25.513039,0
-7.729822,-34.529335,0
38.205242,29.884628,0
60.521656,-108.340614,0
-57.99645,-129.09235,0
-109.571396,8.009762,0
38.412483,29.835075,0
140.97615,45.63734,0
34.538433,29.224464,0
-14.669416,-46.127934,0
-55.299824,27.277294,0
43.198067,-158.35466,0
-118.41821,-93.36014,0
-184.13783,-7.8011446,0
-56.288055,26.43597,0
131.08827,2.8859975,0
-56.906094,25.991762,0
-68.78191,-27.842678,0
31.455442,85.0769,0
40.19471,-91.58176,0
-61.52794,-119.7011,0
-139.30493,-35.023617,0
31.533443,85.171745,0
138.0675,42.183064,0
33.093163,87.556694,0
-22.078087,-56.836197,0
-64.50064,148.58998,0
99.78252,-85.79222,0
121.763336,-40.040512,0
105.5683,-38.7893,0
-66.49074,148.78773,0
94.2775,122.10878,1
-66.91678,152.88686,0
-67.0731,151.21767,0
-113.632324,80.78423,0
-9.482037,-176.53647,0
-143.19664,-63.223293,0
-166.30785,34.896736,0
-113.1134,81.0677,0
191.36067,2.3462882,0
-112.90005,81.69809,0
-114.5973,51.860752,0
43.341064,64.69064,0
40.299633,-85.90518,0
-48.26143,-101.93767,0
-127.34502,-8.714043,0
43.47712,64.519226,0
152.59296,40.181236,0
43.136135,62.782833,0
-12.539063,-74.37605,0
2.2336237,43.800182,0
47.041904,-52.613853,0
-88.55447,-139.22443,0
-145.36613,24.896788,0
1.857372,43.787773,0
112.52655,19.944563,0
1.1071374,43.445362,0
-30.904371,-26.957985,0
-81.93366,123.5637,0
94.83995,-92.857506,0
107.68952,-43.22487,0
-84.56961,126.924835,0
-81.355225,123.95088,0
102.227264,115.28096,1
-81.24641,124.37599,0
-81.30042,124.1493,0
-6.2727094,29.446692,0
72.58194,-144.10643,0
-78.07905,-142.87573,0
-112.66557,25.998705,0
-6.090078,29.2201,0
150.40213,68.58039,0
-4.236226,23.90885,0
-18.740126,-23.712397,0
2.7539227,-8.332553,0
58.151176,-140.38734,0
-98.84837,-125.99358,0
-143.91223,16.697075,0
2.3168647,-8.194918,0
120.44535,-3.3691218,0
-11.152448,8.6445875,0
-27.742361,-20.66257,0
45.57354,-6.2396436,0
80.03675,-99.95492,0
-38.165245,-142.82571,0
-90.54524,-8.860693,0
47.872463,-6.365497,0
111.80005,74.62274,0
50.61618,-6.9111853,0
11.774585,-44.007343,0
-87.04755,75.32963,0
-1.1027728,-148.05882,0
-101.55794,-56.36129,0
-189.2748,19.938955,0
-86.22083,75.70564,0
174.37447,-1.5650321,0
-83.70152,79.44391,0
-75.78318,3.5179396,0
45.152683,4.9854674,0
74.497284,-102.726974,0
-39.276054,-139.04556,0
-96.664055,-4.18511,0
45.42866,5.473826,0
117.61338,71.950745,0
45.989594,6.761552,0
4.5137696,-41.7574,0
-76.8473,118.78251,0
16.22989,-115.763626,0
-12.828241,-99.03994,0
-170.413,24.876562,0
-76.9567,118.40586,0
173.545,43.098133,0
-76.96364,118.24608,0
-41.456486,-14.475071,0
0.26816228,78.604,0
26.416567,-112.157814,0
-76.97808,-118.97099,0
-124.89886,10.873893,0
0.7818876,79.182495,0
139.21513,45.94012,0
1.1821299,79.82478,0
-32.05116,-45.98555,0
76.0615,22.504486,0
63.723694,-82.480644,0
-36.314884,-124.23672,0
-109.70862,-17.655752,0
75.788246,22.633656,0
112.696846,58.820206,0
62.400177,16.42537,0
3.7932873,-58.6889,0
-23.181456,44.304626,0
57.667828,-151.3011,0
-104.73682,-133.64136,0
-201.38028,-0.84694916,0
-22.912012,44.329742,0
109.11153,17.138876,0
-22.270527,44.287468,0
-38.70498,-21.601866,0
44.990814,74.11515,0
46.56575,-79.54615,0
-40.326023,-105.02001,0
-137.15611,-6.5361056,0
45.503853,73.44802,0
159.205,43.43599,0
45.83754,72.50493,0
-12.083322,-65.64999,0
9.032029,14.008042,0
74.25837,-133.87419,0
-69.1312,-148.71802,0
-101.21293,15.151075,0
8.909537,14.188283,0
99.78894,69.610275,0
7.1992044,15.076546,0
-7.410564,-33.009758,0
31.446308,11.262973,0
78.47235,-87.660446,0
-54.782715,-151.22,0
-108.3465,-1.257152,0
31.521633,11.535903,0
123.34556,81.81724,0
28.679764,12.566596,0
16.729393,-45.42956,0
26.04477,-7.896324,0
78.08253,-118.1333,0
-92.94652,-127.8443,0
-85.22336,-4.7129674,0
25.921526,-8.060135,0
116.0271,77.1181,0
24.140354,-7.864642,0
5.4649935,-30.744312,0
39.021427,50.590183,0
67.11454,-71.420784,0
-53.634457,-139.84486,0
-124.42932,-6.246015,0
39.86382,52.93241,0
100.01897,61.694218,0
40.650723,54.16147,0
12.057149,-66.125175,0
-10.13629,99.79455,0
32.852203,-114.53809,0
-75.99433,-93.82956,0
-170.06181,-11.401181,0
-10.187469,99.68001,0
151.06825,-2.0295024,0
-25.55969,97.63122,0
-55.95181,-47.333004,0
56.959595,27.135813,0
63.524044,-98.12825,0
-47.231678,-128.01521,0
-117.57432,-10.625364,0
56.838535,27.488832,0
138.07426,59.038227,0
56.595207,28.734694,0
-0.632649,-50.045994,0
-11.186016,0.3074149,0
56.55057,-133.47289,0
-112.857124,-121.54737,0
-178.81409,-22.729927,0
-10.820707,0.24490018,0
129.4546,-4.133503,0
-9.406558,-0.072904676,0
-9.161939,-14.992173,0
-6.0082164,81.00984,0
26.45361,-109.158646,0
-79.99514,-115.79003,0
-173.4544,-25.080917,0
-5.1978006,81.47961,0
147.22498,7.429877,0
-3.0844445,84.20646,0
-49.475742,-55.50033,0
-48.748993,126.46524,0
7.6083093,-106.93582,0
-70.59881,-57.641487,0
111.229195,-26.895914,0
-47.333572,123.66407,0
177.58215,44.1853,0
-48.439857,129.09705,0
-50.253983,132.30246,0
32.272995,116.07806,0
30.125225,-92.208,0
-63.198315,-104.04118,0
-156.40236,-25.524824,0
32.470806,115.9577,0
152.68748,3.9372063,0
33.150253,115.73481,0
-34.559208,-66.83741,0
62.731926,118.864235,0
21.908106,-91.26975,0
-57.28723,-88.61909,0
-163.0541,-17.681704,0
61.610264,118.41275,0
161.23688,-5.585244,0
60.41389,118.14742,0
-35.236393,-77.02678,0
18.117569,18.169035,0
71.53896,-135.05203,0
-71.29861,-149.23686,0
-104.65953,-18.61749,0
18.2187,18.195301,0
101.597244,69.681,0
8.581907,24.59513,0
-7.024483,-35.519936,0
-7.1619067,62.730865,0
38.824955,-55.803925,0
-98.37721,-142.4162,0
-152.57416,14.819942,0
-7.1605544,62.273518,0
157.79225,26.428438,0
-10.799382,56.785107,0
-37.14037,-34.279404,0
39.30667,18.659159,0
67.76653,-107.75094,0
-48.18438,-136.46907,0
-108.64348,8.561906,0
39.266674,18.505884,0
117.47865,79.496155,0
38.741795,17.71025,0
-2.608709,-39.08613,0
36.288834,32.870846,0
57.030365,-112.16138,0
-62.31896,-130.60847,0
-110.142075,5.0408835,0
35.391396,32.744705,0
137.7368,56.854267,0
29.875244,34.344555,0
-16.82084,-44.821,0
-45.658894,56.767323,0
27.18073,-155.89392,0
-96.818665,-82.271484,0
-172.2798,2.7790956,0
-45.238323,56.88966,0
141.376,5.5383563,0
-44.523224,57.64739,0
-59.845943,-18.823193,0
78.71138,55.336876,0
51.187725,-67.18917,0
-29.023808,-114.1639,0
-116.38746,-24.089745,0
77.85603,56.52835,0
108.3416,47.593163,0
76.801865,58.368362,0
2.7604272,-71.105,0
-108.89445,95.01931,0
-10.599596,-168.68626,0
-142.08453,-70.988335,0
-177.76402,34.876236,0
-109.88282,94.363525,0
187.02684,-3.1311512,0
-110.78019,93.507774,0
-118.79157,57.86524,0
-25.257484,126.89843,0
-1.4214909,-107.73299,0
-62.8466,-65.51419,0
-152.49414,-11.279309,0
-25.266571,126.69863,0
178.37976,23.229107,0
-24.390593,124.4184,0
-25.340485,-1.3925468,0
1.280194,98.211945,0
39.936386,-114.45439,0
-68.92525,-94.38928,0
-169.59389,-31.812061,0
1.2701845,98.32128,0
147.72226,-1.4781568,0
1.7339962,99.60484,0
-43.758667,-51.715256,0
-57.714138,74.39432,0
16.161047,-151.0053,0
-95.09299,-73.87331,0
-178.209,9.303075,0
-57.922203,74.38103,0
166.17043,8.715886,0
-54.141804,78.54624,0
-64.23817,-9.053061,0
81.25321,58.528812,0
49.739716,-68.83293,0
-30.725584,-113.97287,0
-115.586624,-23.22615,0
80.659065,58.746628,0
108.0152,44.760635,0
76.45463,60.41597,0
1.1328669,-70.793205,0
17.236044,95.94087,0
41.116123,-102.91097,0
-66.78275,-113.18444,0
-163.20804,-38.853706,0
17.283138,96.31201,0
138.92099,32.036545,0
17.639458,98.330025,0
-33.763588,-54.86128,0
-48.08605,65.779144,0
18.810017,-156.97797,0
-88.91482,-79.925064,0
-177.02959,0.41663048,0
-48.118683,65.88966,0
160.5932,1.6197339,0
-50.55144,66.26964,0
-68.74907,-15.575299,0
-2.9399366,57.634235,0
41.96693,-55.4896,0
-95.236374,-142.82097,0
-151.40497,18.6373,0
-3.04392,57.716187,0
110.251144,29.274256,0
-7.865428,52.86344,0
-35.08759,-31.39633,0
54.46782,114.70623,0
21.764685,-86.85624,0
-53.09169,-89.21628,0
-161.77599,-15.180897,0
54.95427,115.15426,0
161.55894,6.163326,0
55.74043,115.95602,0
-31.17264,-77.32969,0
48.56473,94.98965,0
31.326721,-84.51803,0
-53.96914,-95.705315,0
-152.29848,-22.590235,0
47.997902,95.495476,0
142.91846,26.248344,0
47.692066,96.18747,0
-25.425802,-71.222755,0
43.930954,-36.479134,0
102.70531,-106.453415,0
-19.539879,-125.92314,0
-120.67836,-32.90649,0
44.13027,-36.576885,0
113.741066,51.250046,0
44.63607,-36.834965,0
46.284866,-37.514477,0
-64.90617,58.40194,0
12.410225,-152.5274,0
-100.956665,-74.221375,0
-184.19763,-2.482544,0
-64.95074,58.87818,0
168.92726,3.5316358,0
-65.29175,59.90233,0
-70.04278,-7.1263385,0
-54.28353,60.079983,0
13.784803,-152.2229,0
-99.63129,-76.465866,0
-182.80394,-2.4191055,0
-54.465286,59.770172,0
168.42804,7.2133737,0
-56.075356,63.805454,0
-69.07081,-7.8734126,0
52.408325,98.00175,0
25.74209,-88.99317,0
-55.855804,-94.444595,0
-157.30542,-28.413725,0
52.368984,98.68073,0
142.44957,3.9866242,0
48.97914,98.5953,0
-30.592058,-72.72199,0
-14.783835,26.731312,0
38.074158,-138.45056,0
-101.29306,-98.83877,0
-122.36375,-11.16238,0
-14.889301,27.097162,0
170.70488,16.050125,0
-15.160796,27.406733,0
-42.374912,-18.838634,0
44.627136,86.95915,0
35.643658,-85.201836,0
-55.153294,-104.48958,0
-145.24942,-34.243843,0
44.754135,87.20689,0
143.52362,36.60366,0
45.121296,88.259224,0
-22.526287,-67.48331,0
24.69624,25.079098,0
72.7344,-86.997665,0
-59.348293,-143.25092,0
-115.831345,-15.406465,0
26.063072,25.20525,0
125.7195,50.541203,0
27.787968,25.145052,0
1.2575272,-51.05813,0
73.197876,22.679634,0
65.16315,-85.77883,0
-37.48205,-127.48293,0
-102.43295,-8.409037,0
73.00814,22.92214,0
103.59092,52.69719,0
64.55139,17.903389,0
4.0935187,-54.741642,0
-44.251587,18.640089,0
46.419186,-153.6783,0
-116.413246,-99.0757,0
-190.54868,-9.528407,0
-44.500885,19.133902,0
120.94095,18.35214,0
-46.31195,18.347488,0
-66.073616,-32.597134,0
-54.059113,127.72528,0
8.055996,-108.25299,0
-72.36305,-59.756,0
106.88746,-33.640335,0
-49.447395,122.63697,0
176.09996,41.643017,0
-56.723137,129.76851,0
-55.92904,131.4538,0
-17.172335,77.89734,0
14.31714,-121.96289,0
-89.52602,-103.42427,0
-154.73125,0.806406,0
-16.892471,78.025375,0
165.09735,15.250656,0
-16.322102,78.19556,0
-30.098152,-10.745939,0
-134.43996,78.60722,0
-18.616774,-171.74487,0
-152.03883,-71.283585,0
-165.94312,43.654606,0
-134.55537,78.71761,0
197.63733,-7.2077174,0
-131.70644,81.226074,0
-125.47861,54.641487,0
23.158783,19.958387,0
50.12437,-116.59934,0
-69.24549,-129.27513,0
-167.3627,-38.2202,0
23.611132,20.117638,0
137.88554,-5.633446,0
24.259653,20.34218,0
-22.304787,-44.707047,0
40.276012,61.22326,0
37.933388,-82.16022,0
-47.0634,-107.934,0
-128.7608,-5.0895367,0
40.768127,61.073242,0
148.58801,38.119507,0
41.64878,60.215065,0
-19.574415,-68.32721,0
56.077408,96.264114,0
31.057848,-82.98323,0
-53.596943,-94.2972,0
-153.45348,-20.473167,0
55.825745,96.32332,0
155.17668,27.604763,0
55.45017,96.85848,0
-28.874777,-73.26095,0
-48.623848,97.29555,0
20.94308,-124.875465,0
-82.99996,-67.87453,0
-145.91272,-2.5727115,0
-48.55048,96.86351,0
165.74385,23.84251,0
-47.33767,94.486244,0
-38.27491,-10.983199,0
-134.23665,77.242035,0
-19.009085,-171.04883,0
-152.53091,-72.441826,0
-165.08598,43.32083,0
-134.37982,76.77468,0
195.68155,-8.180794,0
-134.32187,76.298134,0
-126.21627,55.370384,0
61.09165,-55.476585,0
97.888,-83.621666,0
55.2858,-50.716927,0
-83.5466,-17.875677,0
60.188305,-55.082615,0
115.2738,88.33769,0
59.690266,-54.35641,0
57.8453,-53.176075,0
76.349655,52.955303,0
53.419346,-68.58958,0
-30.582836,-117.32085,0
-109.65268,-19.23476,0
76.50626,53.33327,0
105.68969,52.524242,0
74.12769,57.82252,0
5.224119,-68.52799,0
-34.320744,91.1594,0
30.11278,-130.84648,0
-80.95837,-77.686325,0
-161.54169,-11.380168,0
-36.38814,92.36061,0
159.80504,10.305445,0
-39.40914,94.69464,0
-53.674458,-31.467735,0
33.275917,12.258229,0
80.415985,-86.81393,0
-53.755547,-153.53743,0
-103.20473,2.5415814,0
33.004234,12.728124,0
122.577705,79.83095,0
30.240047,14.087825,0
18.97515,-46.041092,0
-44.736847,78.124504,0
19.884405,-153.02626,0
-90.13215,-75.44171,0
-179.17328,6.04379,0
-45.366486,78.209206,0
180.1821,12.89298,0
-48.21391,78.8848,0
-65.25727,-12.380978,0
-93.61664,49.034832,0
7.1944304,-166.50996,0
-116.74322,-64.499535,0
-196.87747,11.450494,0
-92.15133,49.30495,0
177.57141,6.2110205,0
-90.76509,50.31581,0
-58.63983,9.542973,0
77.76008,50.845646,0
54.278656,-68.26396,0
-29.33841,-118.279045,0
-108.989876,-20.99669,0
77.62628,50.967766,0
103.58199,58.666145,0
72.684265,57.635357,0
4.8295693,-67.5394,0
24.73016,150.6413,0
104.69506,-65.99186,0
136.0566,-70.0635,0
44.185314,158.414,0
39.244972,146.54512,0
68.80554,141.55194,1
43.73382,160.6162,0
37.86316,145.2544,0
-91.39183,46.91901,0
8.336081,-166.82503,0
-116.81025,-65.637314,0
-195.68367,10.763904,0
-91.18211,47.57372,0
176.49867,8.143518,0
-90.00396,48.488094,0
-57.326797,8.894397,0
67.08508,-4.607578,0
77.89,-80.84739,0
-47.665894,-150.83032,0
-89.843414,-16.529036,0
66.67097,-4.889301,0
105.92219,68.974785,0
59.77914,1.0418425,0
16.344725,-52.17101,0
57.61687,76.271225,0
42.64698,-75.268394,0
-37.634842,-106.01563,0
-130.73917,-16.662737,0
57.77013,76.39081,0
118.24617,41.087208,0
60.299072,71.998405,0
-6.532898,-69.783195,0
-71.80499,77.08083,0
11.300366,-136.00874,0
-109.523,-65.002884,0
-184.9962,4.6106715,0
-71.605804,76.73666,0
174.8235,13.213135,0
-70.82738,75.63334,0
-65.06042,1.5241326,0
42.845825,-39.2056,0
103.831696,-106.841606,0
-20.430557,-125.0275,0
-120.933495,-35.87976,0
43.479908,-39.365917,0
130.46436,93.03935,0
44.27911,-39.044315,0
46.16536,-39.491447,0
65.863335,-8.585035,0
79.26236,-78.49393,0
-44.73114,-149.43718,0
-94.874596,-13.165663,0
65.72614,-8.47219,0
110.23929,67.502396,0
61.295746,-1.3399563,0
18.500484,-54.26723,0
1.553401,-4.3163776,0
59.2957,-129.34035,0
-110.30957,-117.065956,0
-140.72446,10.80045,0
0.9515102,-3.8369925,0
124.9835,-5.5921307,0
-0.48875278,-1.8293599,0
-3.9832726,-15.533487,0
88.92291,-49.129112,0
99.11847,-68.012955,0
98.15025,-51.257267,0
-83.421745,-33.732784,0
89.983864,-49.256153,0
114.62994,101.871346,0
91.12255,-49.466526,0
94.4993,-50.15672,0
25.819292,121.11797,0
31.367685,-98.63491,0
-70.68307,-104.623,0
-163.78694,-26.494982,0
25.278069,120.873795,0
150.01921,-15.252192,0
19.94565,122.629036,0
-41.304226,-64.36506,0
21.956036,106.5592,0
43.94931,-97.89891,0
-61.237354,-107.827286,0
-148.5915,-33.79133,0
22.311834,106.54019,0
142.6847,32.408356,0
24.463404,107.317535,0
-33.65612,-60.904984,0
69.700966,-6.4519024,0
76.6983,-78.08331,0
-45.577793,-148.39584,0
-95.97632,-14.089549,0
68.56902,-6.926249,0
107.12681,66.34719,0
61.737846,-0.45192522,0
17.039604,-54.68399,0
-57.15615,60.898296,0
11.927147,-155.0671,0
-101.52976,-75.36516,0
-179.05898,-3.9027677,0
-57.458614,61.100315,0
169.49406,-2.5091236,0
-57.934002,62.5279,0
-72.19719,-10.290207,0
-84.81063,43.74309,0
11.952754,-168.66248,0
-118.33222,-69.42944,0
-198.18251,6.685744,0
-84.84431,43.728317,0
175.54001,5.2308497,0
-85.92342,39.937286,0
-53.946583,6.2183814,0
78.277054,85.4451,0
38.10192,-74.06116,0
-35.93649,-101.93936,0
-137.84712,-17.346083,0
78.45952,85.37484,0
151.77798,41.700993,0
70.07353,93.13253,0
-10.271257,-76.117546,0
14.183894,153.60846,0
118.80765,-79.07184,0
137.92184,-54.30053,0
5.9289045,161.13918,0
7.4796643,161.7467,0
78.830826,138.94026,1
6.1980352,161.24243,0
7.981743,162.05219,0
-61.264374,93.65332,0
1.5248082,-130.90388,0
-90.94237,-65.05073,0
-170.82924,11.882007,0
-60.847023,93.71512,0
165.39072,-7.374981,0
-58.136402,93.54312,0
-42.37125,-2.2173862,0
25.531582,-6.7474694,0
77.057526,-118.72102,0
-95.280655,-121.27775,0
-136.50746,27.459858,0
25.124798,-6.8177295,0
125.38103,67.01874,0
23.869242,-7.2695537,0
4.1440196,-29.76009,0
74.2117,49.359165,0
51.855663,-72.121704,0
-30.698896,-119.39352,0
-107.83181,-25.62258,0
74.00087,49.462463,0
114.04453,49.900455,0
69.3761,58.45018,0
2.96771,-67.15056,0
14.505543,70.09266,0
15.683674,-99.18555,0
-57.316765,-79.397255,0
-129.60332,-8.4623575,0
14.381099,69.541214,0
162.00694,47.819023,0
12.904244,68.465454,0
-22.599737,-16.081793,0
74.16035,70.27216,0
42.15507,-66.756805,0
-28.014032,-104.779076,0
-135.47165,-26.539215,0
74.39492,69.8641,0
113.16422,41.086727,0
75.13786,68.80209,0
-2.341013,-77.998184,0
18.025694,-6.993568,0
74.05366,-121.52584,0
-97.29245,-116.9373,0
-125.387566,15.1889305,0
18.42702,-6.410119,0
126.63399,65.282585,0
19.108534,-4.772339,0
1.805579,-28.06557,0
-17.044907,50.516327,0
60.773273,-150.0368,0
-102.510414,-136.88611,0
-158.00566,21.462788,0
-17.144361,49.824505,0
163.66484,12.737673,0
-17.001516,48.51773,0
-37.99838,-25.80325,0
-25.039223,99.865425,0
31.174482,-120.30974,0
-78.74227,-87.81832,0
-174.9129,-10.319316,0
-24.577772,99.60223,0
150.6345,-9.189897,0
-23.31789,99.230545,0
-60.20545,-43.270668,0
-4.982511,135.16328,0
40.91738,-126.10137,0
-67.110085,-81.91069,0
-164.5823,0.27119142,0
-4.631328,135.36877,0
158.26474,-2.8948627,0
-1.3572785,129.24889,0
-48.41826,-41.534748,0
51.042774,22.243158,0
65.82039,-101.18563,0
-49.793484,-131.4723,0
-105.724205,0.7776342,0
50.412632,23.023272,0
120.65513,62.380432,0
46.377724,25.234331,0
-2.3782618,-46.33484,0
-31.73596,121.91969,0
3.0957582,-112.44173,0
-64.72863,-66.99467,0
-151.79765,-7.015066,0
-31.404348,121.92803,0
174.40628,25.184828,0
-27.054573,118.635605,0
-25.366417,-4.313406,0
40.920486,73.619156,0
40.914696,-81.936165,0
-45.379032,-101.71635,0
-141.01735,-11.784653,0
40.852623,73.8177,0
129.12321,37.500336,0
63.23137,96.554825,0
-15.227573,-70.31414,0
-78.61272,32.945187,0
15.949794,-172.00027,0
-121.196945,-74.1039,0
-203.24521,4.096879,0
-79.08335,32.95836,0
118.57051,7.690954,0
-83.60327,34.005013,0
-49.090397,4.223678,0
68.70111,-6.2397346,0
76.520004,-78.42206,0
-45.184586,-148.30994,0
-95.195,-16.475798,0
68.397064,-6.028704,0
106.53145,67.16122,0
61.63196,-0.49363708,0
16.542032,-54.279133,0
12.56376,13.170316,0
73.41991,-132.77585,0
-68.44782,-145.8562,0
-107.41875,16.574375,0
12.058271,13.081937,0
134.11032,71.494225,0
7.6188445,17.59035,0
-9.211296,-30.26329,0
-87.961395,77.633575,0
-1.783987,-147.11304,0
-102.597885,-54.20752,0
-185.55093,19.11083,0
-84.62689,78.84652,0
176.4385,-2.477199,0
-83.23774,80.60037,0
-75.63656,4.5672555,0
-66.14642,57.194847,0
15.511059,-145.03899,0
-102.15223,-71.550766,0
-186.51575,3.2254133,0
-66.13407,57.348255,0
168.63202,6.0187974,0
-65.33235,62.121582,0
-62.16486,-3.1544478,0
-16.676105,15.870787,0
43.258335,-133.52438,0
-101.63293,-105.58595,0
-139.25943,4.716576,0
-17.000916,15.727902,0
134.4225,24.868484,0
-19.790651,15.064289,0
-2.2263947,-22.034237,0
-26.680912,73.47113,0
27.201292,-149.77094,0
-98.26768,-86.12269,0
-140.96231,3.7129729,0
-28.36948,71.68696,0
141.0374,20.223791,0
-30.600103,70.4886,0
-56.195602,-15.288848,0
-47.439793,54.789246,0
26.200617,-148.38094,0
-98.2355,-82.65241,0
-172.82443,1.6079329,0
-47.171314,54.97602,0
136.16977,15.047029,0
-46.545647,55.158134,0
-56.9585,-13.494056,0
-76.756355,91.93248,0
-0.5727907,-139.76756,0
-94.61612,-55.38405,0
-180.57982,15.290185,0
-76.31348,91.27693,0
180.28473,1.9703374,0
-76.203735,89.39755,0
-70.363556,9.819358,0
-6.3687806,31.759886,0
71.17401,-144.59152,0
-79.400665,-143.5953,0
-114.87077,26.050783,0
-6.330611,31.899145,0
138.57524,9.261307,0
-7.831795,33.272923,0
-20.293152,-24.289736,0
17.934324,39.152763,0
34.287636,-115.464615,0
-66.21353,-135.27028,0
-121.38426,2.5820808,0
15.890825,38.450424,0
144.02985,-3.0836284,0
13.601645,38.4353,0
-19.571745,-38.73945,0
42.884388,-16.131582,0
81.556725,-108.04705,0
-30.721624,-141.46747,0
-89.20765,-3.0399792,0
42.36404,-15.517707,0
106.73967,77.391464,0
41.984074,-13.946322,0
13.854338,-37.334812,0
-22.980852,129.01616,0
2.4969952,-104.32304,0
-61.0466,-65.447395,0
-151.86345,-11.448639,0
-22.687002,128.6401,0
178.10333,31.58254,0
-21.599745,126.26102,0
-21.720173,-4.119472,0
-14.972754,103.15464,0
31.926191,-115.858665,0
-75.37948,-91.12562,0
-170.28384,-10.048805,0
-15.498786,102.38993,0
147.0249,-3.7427943,0
-16.954304,100.31708,0
-57.306698,-46.15091,0
78.25958,94.01083,0
28.669596,-71.83796,0
-36.013077,-92.92336,0
-142.28938,-18.402672,0
78.27445,93.889534,0
161.69926,32.993248,0
74.191315,98.05698,0
-14.535355,-83.90909,0
55.75691,91.16083,0
33.658165,-79.59677,0
-40.941647,-98.43014,0
-153.77666,-18.815392,0
56.63734,90.72723,0
152.19643,31.818064,0
58.037086,89.84455,0
-19.061478,-73.9493,0
45.1651,-31.639072,0
101.7181,-105.12604,0
-19.413288,-128.27577,0
-117.447174,-36.171177,0
45.29529,-31.801313,0
129.77907,90.37374,0
45.36469,-32.223366,0
45.312088,-33.780727,0
6.052865,44.384975,0
48.6554,-56.68238,0
-89.84911,-136.20715,0
-137.32501,31.66554,0
5.927268,44.1977,0
107.07346,34.116634,0
-0.37897193,44.602962,0
-27.02871,-29.017094,0
34.30622,51.243034,0
67.14407,-69.338104,0
-56.31766,-141.3018,0
-123.212456,-3.2553287,0
33.97622,51.462906,0
136.44815,45.528667,0
33.46008,51.814533,0
12.8719845,-68.149826,0
-110.07462,77.26291,0
-7.345024,-175.51056,0
-140.49995,-63.242573,0
-168.1642,31.473928,0
-109.42971,77.96033,0
190.27525,4.6852236,0
-108.73661,80.915634,0
-112.888664,54.38888,0
-110.096,77.56974,0
-7.2668853,-175.82227,0
-140.40442,-62.93777,0
-166.95172,30.029203,0
-109.660965,77.91727,0
190.05835,4.1118507,0
-108.89426,81.2755,0
-112.47938,54.357094,0
-1.3498846,79.57052,0
26.143375,-110.30605,0
-78.37385,-116.70721,0
-174.66528,-26.593605,0
-1.1719638,80.477776,0
150.07451,8.982408,0
-0.46227142,82.264725,0
-50.57132,-54.482056,0
59.34379,7.7470746,0
70.356804,-83.170815,0
-34.133514,-132.82011,0
-105.116196,-19.725954,0
59.69808,7.789583,0
107.60554,73.76949,0
60.8266,7.373892,0
10.114688,-51.49992,0
61.395176,-7.081355,0
81.73671,-84.057335,0
-51.44593,-154.36359,0
-94.19206,-11.167008,0
61.309616,-6.290035,0
110.22778,66.179726,0
56.06627,-3.5325956,0
20.01325,-48.37994,0
52.269802,52.80351,0
5.2506113,-102.330124,0
-23.834616,-110.96153,0
-123.83661,-14.739847,0
29.29838,74.03787,0
113.94313,38.3709,0
53.11921,56.54791,0
3.8225148,-77.464714,0
1.8130037,122.37766,0
44.25922,-123.00175,0
-63.870052,-85.10257,0
-160.70863,1.5012233,0
1.8701715,122.76635,0
148.97003,2.597092,0
2.5087438,124.0272,0
-44.35377,-41.486027,0
-49.35433,96.62534,0
20.884483,-125.54455,0
-83.72796,-67.83629,0
-174.96922,14.409864,0
-48.939182,95.88908,0
166.16515,23.209427,0
-47.914616,94.08003,0
-38.739166,-10.570347,0
67.35517,50.479424,0
51.062912,-73.81214,0
-34.61876,-114.39306,0
-114.731995,-20.364897,0
67.694305,50.804764,0
110.98524,49.68886,0
64.17509,58.549225,0
2.6772218,-63.271725,0
-33.705242,21.26711,0
43.3405,-146.06047,0
-109.255005,-99.23582,0
-129.1558,25.466394,0
-33.51232,21.384554,0
134.38933,76.75138,0
-35.453205,26.628086,0
-45.850166,-22.746534,0
19.423615,-12.513847,0
88.069305,-119.08202,0
-94.91631,-125.13133,0
-96.256966,11.759053,0
19.469992,-12.730046,0
126.85724,25.414402,0
22.26999,-14.174381,0
11.462596,-26.179817,0
68.13914,65.797905,0
50.782307,-94.221466,0
-54.106777,-116.58814,0
-125.47843,-28.39633,0
38.78869,97.99516,0
151.25526,30.986261,0
39.64964,99.02914,0
-25.725195,-63.318928,0
41.505184,11.675017,0
72.322105,-103.21174,0
-42.669853,-138.65802,0
-106.71785,7.426026,0
41.933937,11.671961,0
134.70091,68.38595,0
43.42589,13.602666,0
3.215039,-41.77667,0
40.123207,93.698105,0
39.173424,-99.28314,0
-64.81735,-111.2938,0
-151.24258,-39.112984,0
40.242775,93.86031,0
137.9228,-7.455446,0
40.153435,94.2472,0
-25.255283,-65.48838,0
-76.74264,61.265553,0
5.9448104,-150.42613,0
-106.77214,-71.496086,0
-193.89322,-11.944394,0
-76.43615,61.314922,0
138.13547,11.91607,0
-75.02249,61.474754,0
-75.21325,-4.784736,0
6.153771,77.769806,0
44.851894,-119.11612,0
-63.76051,-88.85145,0
-150.78883,-0.40509412,0
6.263687,77.23448,0
149.6302,15.812323,0
3.4069052,115.57254,0
-42.4236,-42.69126,0
46.395477,-8.069608,0
81.08147,-100.86161,0
-37.40744,-143.94923,0
-91.42239,-8.605461,0
47.71218,-8.274033,0
113.777596,76.47243,0
49.129242,-8.26014,0
11.94268,-42.40876,0
28.096777,127.11483,0
27.314318,-96.43722,0
-71.23507,-100.11923,0
-160.41998,-22.676744,0
28.707449,127.11121,0
160.88522,-12.43228,0
22.652075,130.88828,0
-41.617676,-69.3257,0
-115.78103,78.51649,0
-10.227472,-174.3226,0
-142.69873,-65.706505,0
-169.73743,35.758194,0
-115.73534,78.344154,0
193.35042,1.7529681,0
-112.35651,83.62937,0
-116.45479,54.402172,0
-48.305126,86.5493,0
18.688303,-132.25375,0
-96.42686,-62.246246,0
-143.23363,-5.3322725,0
-48.537823,86.743034,0
148.5873,16.802248,0
-49.412632,87.08769,0
-42.73332,-7.609968,0
-86.43907,94.26871,0
-4.6911798,-141.84187,0
-97.13569,-50.741985,0
-183.63934,19.08583,0
-86.47019,93.81873,0
176.87674,1.8937192,0
-85.63187,91.07745,0
-74.79945,10.535129,0
98.55257,-10.892822,0
-5.822943,-120.790695,0
128.46692,-62.768444,0
106.14308,-10.674421,0
102.71972,-13.737484,0
171.74576,65.84016,0
105.1722,-11.189646,0
102.4939,-14.719435,0
33.88172,80.746765,0
39.621025,-90.96286,0
-60.32254,-120.24185,0
-117.514496,-3.4322965,0
34.034676,80.52976,0
137.26299,42.313793,0
35.377247,84.92914,0
-20.411594,-57.144524,0
74.29528,71.37818,0
39.869644,-66.51469,0
-27.707724,-103.223885,0
-137.63013,-22.78297,0
74.475555,70.99883,0
167.27144,30.576199,0
75.62122,69.673485,0
-3.314191,-79.50199,0
77.667114,-48.24933,0
116.056274,-92.98397,0
73.86961,-54.31266,0
-87.78732,-36.38053,0
76.718216,-48.53058,0
119.03131,104.44074,0
76.29502,-48.61948,0
74.85769,-50.500988,0
-28.013155,58.395752,0
31.687864,-161.07153,0
-87.86507,-85.44248,0
-176.09714,-16.78736,0
-27.854733,58.23296,0
139.0239,-1.4650937,0
-41.907825,58.73927,0
-68.64814,-18.80728,0
-45.367905,35.399338,0
36.204536,-143.99335,0
-106.44019,-92.152596,0
-122.8221,22.941195,0
-44.93088,35.681423,0
119.69158,28.31594,0
-41.497124,37.678955,0
-47.24714,-17.327444,0
42.932735,107.63637,0
22.965513,-77.00232,0
-43.835865,-89.31081,0
-141.58174,-10.998333,0
42.97475,107.34255,0
163.90874,31.703554,0
67.145164,109.09907,0
-21.425087,-82.67494,0
36.67339,122.316536,0
32.332737,-92.916214,0
-65.50241,-101.199425,0
-145.98518,-25.463198,0
36.785465,121.578354,0
152.34792,27.422235,0
36.967163,119.3926,0
-36.216064,-69.073326,0
23.53374,100.10924,0
46.066814,-100.18413,0
-61.94558,-112.44196,0
-153.42047,-34.159626,0
23.889921,99.93003,0
142.11192,48.843918,0
27.545141,96.62768,0
-30.16207,-57.721508,0
-64.79043,101.7856,0
1.111874,-124.65648,0
-88.96401,-60.283993,0
-178.18558,15.326703,0
-64.482574,101.674164,0
175.56087,21.845629,0
-64.158455,101.52594,0
-65.76733,8.508371,0
85.873566,-16.379816,0
12.250285,-126.12055,0
118.69991,-58.010933,0
90.946915,-28.31133,0
88.282715,-24.626701,0
180.17334,58.9414,0
88.57679,-25.510788,0
87.75958,-23.405153,0
48.42142,4.0016994,0
72.58827,-98.66999,0
-39.19245,-134.98846,0
-96.341805,-3.5031562,0
48.343735,3.9645731,0
110.77947,56.435997,0
48.59009,10.813341,0
5.633565,-46.1086,0
35.894245,-7.637671,0
77.58606,-115.89944,0
-34.12491,-147.35277,0
-94.52619,3.717224,0
35.10556,-7.5684276,0
115.42821,75.721275,0
29.124033,-8.8554735,0
6.148639,-32.86264,0
47.046062,111.6263,0
23.187838,-83.389465,0
-50.114353,-91.34593,0
-155.11697,-15.45058,0
47.50452,111.18216,0
154.17802,21.48491,0
50.318058,109.29729,0
-26.839144,-79.23231,0
-57.624935,110.09441,0
10.667177,-114.87636,0
-76.09116,-55.94264,0
122.31068,-27.27069,0
-54.822697,111.70207,0
181.63554,48.051456,0
-59.254314,109.00069,0
-59.57434,109.303444,0
-63.10515,24.67957,0
42.352875,-160.72406,0
-120.4419,-91.74277,0
-182.49242,-5.901695,0
-61.6282,25.62069,0
169.27298,-8.955628,0
-60.499138,26.359257,0
-71.099686,-26.565252,0
77.735016,76.20328,0
47.98668,-68.81048,0
-31.089924,-111.35541,0
-122.3446,-22.233719,0
77.852875,76.238174,0
108.24195,45.929325,0
76.677086,63.32869,0
-0.17580843,-72.39753,0
17.59641,38.00187,0
57.28168,-118.47964,0
-65.95491,-136.05945,0
-120.4228,3.6089227,0
16.645712,38.265705,0
143.17609,59.93479,0
14.596895,38.2568,0
-18.357008,-38.412,0
24.647257,152.39061,0
103.37891,-66.99462,0
134.53499,-66.789505,0
38.618786,155.88722,0
36.92399,150.05843,0
70.41648,140.17012,1
38.218643,156.35939,0
36.427235,149.0576,0
-9.474213,-4.962408,0
59.05412,-131.97527,0
-112.5232,-118.638115,0
-143.80879,11.0662775,0
-7.228083,-4.3859334,0
126.602554,-7.3331923,0
-5.386794,-3.1949995,0
-6.074075,-14.532377,0
20.192019,39.752583,0
55.158424,-118.57181,0
-63.047462,-137.51106,0
-125.030426,1.806241,0
20.332317,39.86203,0
142.15282,57.042133,0
21.19243,40.383823,0
-15.251109,-38.9829,0
43.65668,93.52349,0
30.582022,-86.82239,0
-42.075657,-93.34435,0
-152.844,-30.589502,0
43.60927,93.678764,0
157.43854,44.045166,0
43.706768,94.97434,0
-25.498922,-68.44467,0
-78.02646,121.856705,0
15.4739,-116.43702,0
106.91825,-43.608807,0
-85.436226,126.0794,0
-78.9642,121.85893,0
103.34128,115.01652,1
-79.22969,122.00475,0
-79.924355,121.119415,0
-79.72852,88.99915,0
-1.6268098,-141.8017,0
-96.51515,-53.851414,0
-184.48805,18.959183,0
-79.47872,88.490456,0
176.65845,-0.39661098,0
-79.02396,87.528175,0
-72.219246,8.286914,0
-66.97854,41.00652,0
24.478018,-140.26237,0
-110.58756,-81.68235,0
-198.22296,-0.6954199,0
-66.833565,41.13026,0
129.06653,13.601637,0
-62.495785,45.989113,0
-52.31477,-4.8965344,0
50.39753,96.27228,0
26.985096,-89.73676,0
-56.44983,-94.53401,0
-167.97794,-27.650946,0
50.275406,96.334885,0
142.66597,1.3525265,0
47.625618,97.53026,0
-31.536236,-72.13019,0
-55.824196,68.12354,0
16.205904,-153.032,0
-93.627266,-78.22368,0
-178.50723,12.884392,0
-55.50343,68.477486,0
165.81856,-1.3680536,0
-54.45637,68.68737,0
-68.12327,-10.52194,0
23.865213,152.20105,0
103.1236,-67.10839,0
134.07211,-65.89089,0
37.624844,155.53773,0
35.6541,149.93736,0
71.08483,140.85219,1
37.09033,155.11566,0
35.229298,149.09991,0
47.83037,78.512566,0
22.581814,-77.172134,0
-44.155407,-89.16717,0
-142.0419,-12.445729,0
48.10524,78.926796,0
166.82745,29.01709,0
48.79168,79.66468,0
-13.745642,-73.5421,0
55.746277,65.834854,0
43.09913,-77.06436,0
-39.49927,-108.78792,0
-121.468445,-16.476562,0
56.080536,65.84605,0
123.34107,35.3087,0
59.592415,67.895645,0
-9.075637,-69.77052,0
46.848152,84.845276,0
32.157238,-81.18923,0
-43.764133,-97.32915,0
-140.46751,-6.1606703,0
46.8093,84.70069,0
141.15683,28.839128,0
58.17051,93.22437,0
-20.844522,-72.26638,0
24.295584,150.22028,0
105.20499,-66.01702,0
136.63322,-70.12853,0
44.653103,159.08438,0
39.320812,145.77235,0
68.76205,142.0198,1
44.31028,161.29926,0
37.992233,144.47429,0
38.188396,52.290855,0
65.974724,-71.297226,0
-50.452084,-100.9664,0
-126.66556,-6.214968,0
38.48105,52.88578,0
126.7466,47.47913,0
40.37916,56.514088,0
-18.770641,-64.89911,0
79.95469,78.17341,0
36.115864,-68.52019,0
-30.615686,-98.99449,0
-133.8939,-22.124489,0
79.93499,78.884415,0
161.64081,37.135735,0
71.6532,87.15328,0
-7.7269692,-81.82354,0
-73.96774,134.54637,0
95.66456,-96.916824,0
112.65467,-40.816914,0
-106.60161,-34.145332,0
-75.62139,135.47699,0
99.61579,120.03123,1
-76.15509,136.00055,0
-77.75849,136.17749,0
56.448067,78.9814,0
49.202187,-77.83898,0
-38.462532,-110.69704,0
-129.66922,-14.905368,0
57.06744,79.38252,0
130.22737,43.623474,0
63.226486,55.692574,0
-7.007658,-67.66488,0
78.85055,70.892784,0
42.64386,-68.09078,0
-26.820126,-106.15018,0
-131.54741,-21.906227,0
78.92186,70.54917,0
179.3598,34.827217,0
76.95089,66.98423,0
-0.40771088,-77.3551,0
19.346363,76.24704,0
7.03979,-103.868065,0
-58.603657,-68.31901,0
-151.59172,-3.6929398,0
19.379246,76.3595,0
174.6051,33.15991,0
19.593842,77.07707,0
-20.722504,-7.067996,0
3.4988837,13.372627,0
74.88341,-135.28069,0
-70.035995,-145.68753,0
-111.54943,16.705929,0
3.9775925,13.645044,0
138.7328,65.6872,0
5.291666,14.49236,0
-11.4088745,-30.498291,0
64.154434,-13.78568,0
81.94692,-77.24873,0
-43.330276,-151.90819,0
-91.761604,-16.641436,0
63.352707,-15.049217,0
111.04412,73.60774,0
55.019512,-8.711484,0
20.748964,-54.332394,0
45.681015,105.983604,0
25.033428,-82.83748,0
-49.758667,-93.62626,0
-142.39236,-7.500406,0
46.359,106.43448,0
149.70276,23.072777,0
51.005257,106.488556,0
-25.699644,-77.16024,0
-75.85201,35.879856,0
16.742262,-170.6145,0
-119.17399,-75.10504,0
-201.60341,2.5906143,0
-76.21189,36.309155,0
122.25997,8.78845,0
-76.994865,37.49786,0
-50.134335,1.6375822,0
-76.13735,35.49124,0
16.339436,-170.89693,0
-119.72673,-74.70984,0
-202.94199,2.7192698,0
-76.7381,36.134117,0
119.90282,6.474328,0
-83.09929,35.007,0
-49.902992,3.5723758,0
55.666153,67.412834,0
42.640408,-77.65893,0
-40.544666,-108.053604,0
-132.20834,-18.242598,0
56.623352,67.95274,0
126.00002,36.53685,0
58.156353,67.44878,0
-9.459508,-69.46597,0
-40.536877,72.81462,0
23.268806,-150.57297,0
-94.84067,-77.369484,0
-176.45811,6.1571155,0
-40.41564,72.67972,0
159.94821,16.701853,0
-39.828144,71.58144,0
-61.145615,-13.006292,0
-118.236,104.48143,0
-11.866702,-162.99765,0
-141.36974,-77.00859,0
-199.60854,3.2493348,0
-118.36884,104.18574,0
187.02888,-0.06703436,0
-118.75026,103.8149,0
-119.95782,63.959736,0
33.683907,97.89389,0
49.736908,-96.16473,0
-54.501244,-114.94275,0
-128.76028,-30.668,0
33.38073,98.723404,0
141.22662,34.509384,0
33.81861,101.177444,0
-27.77241,-62.041466,0
-57.742756,118.13761,0
15.02331,-136.12013,0
-79.15301,-61.353405,0
112.58513,-25.940552,0
-53.35823,117.9028,0
184.00638,41.94773,0
-60.178146,119.09856,0
-61.829983,120.190636,0
20.985342,28.74336,0
63.57354,-116.01831,0
-60.005924,-139.76418,0
-107.46691,-3.0218556,0
21.159685,28.83405,0
122.29363,57.438828,0
22.571236,30.183224,0
-12.084868,-40.52829,0
-74.94978,40.563824,0
17.279797,-168.38731,0
-116.90782,-74.791725,0
-200.44365,2.4053955,0
-75.386604,40.359795,0
124.517296,4.1572795,0
-76.90903,40.002254,0
-51.699883,1.5724022,0
24.69221,150.38525,0
104.86945,-66.02522,0
136.30995,-70.18987,0
44.54743,158.86327,0
39.133488,146.12163,0
69.32988,142.09573,1
44.16646,161.00537,0
37.936283,144.97731,0
40.56891,62.390747,0
46.344124,-84.82415,0
-47.880005,-107.21889,0
-128.88284,-6.0163565,0
40.767567,62.05413,0
123.64451,25.681149,0
42.043015,61.073013,0
-17.51336,-64.26771,0
-111.29984,77.632355,0
-7.994797,-175.22818,0
-141.05334,-63.83853,0
-167.38998,31.655235,0
-111.29832,77.89664,0
190.49434,3.5447881,0
-110.16559,82.12626,0
-113.4598,54.240303,0
38.59036,71.68649,0
41.86216,-83.77578,0
-45.36449,-103.33881,0
-135.54056,-7.587969,0
38.10014,71.81769,0
156.19972,39.595814,0
34.54845,71.06712,0
-12.313579,-72.687195,0
-66.21128,37.908527,0
25.867044,-138.80557,0
-112.74936,-82.35879,0
-200.60696,-3.2140362,0
-65.94383,37.90771,0
133.56429,11.12578,0
-62.256462,42.416595,0
-50.160618,-5.425544,0
-32.909973,120.871315,0
2.016172,-112.75619,0
-64.088806,-67.54705,0
-152.97531,-7.2182326,0
-32.819374,120.75779,0
174.81532,26.706984,0
-27.856966,119.0403,0
-25.64037,-4.699959,0
-67.56686,73.07682,0
12.814989,-139.7325,0
-108.05777,-67.76381,0
-189.33368,6.871614,0
-67.22081,73.55349,0
174.07622,9.273248,0
-66.6541,75.07253,0
-61.756176,0.5150698,0
13.432987,153.3113,0
119.229576,-80.15575,0
139.66167,-55.979237,0
3.9581976,158.21895,0
6.139296,159.77774,0
78.951645,137.73492,1
4.6939044,159.0441,0
7.3144836,161.06435,0
-37.084774,119.64347,0
-1.8380429,-114.524025,0
-69.26475,-66.03297,0
-156.12654,-11.240654,0
-37.686726,119.28643,0
178.03052,23.92983,0
-38.297325,118.7704,0
-27.837831,1.8712643,0
-18.931873,30.190279,0
52.984474,-145.91852,0
-101.434364,-128.8374,0
-141.64638,26.60112,0
-19.220903,30.392235,0
112.63721,24.455511,0
-19.760798,30.405016,0
-32.17786,-21.265556,0
81.015976,20.39744,0
64.708824,-79.768234,0
-33.449688,-122.78297,0
-111.67403,-20.351767,0
80.62681,20.840717,0
110.33521,53.656197,0
68.11195,13.194596,0
4.469627,-61.55446,0
12.213418,152.42384,0
118.82766,-80.33033,0
140.18982,-57.167046,0
3.6545775,156.59953,0
5.3481455,157.21384,0
78.85276,136.07394,1
4.362162,156.84488,0
5.9932733,157.88683,0
-59.85083,22.112495,0
42.71073,-158.5725,0
-118.92442,-93.70594,0
-183.9156,-8.846883,0
-55.45122,25.708403,0
133.54184,2.1173038,0
-55.602962,24.729397,0
-68.97791,-28.38441,0
36.0482,24.728798,0
62.848736,-110.89883,0
-57.214657,-132.63945,0
-98.65615,6.8636823,0
35.876156,24.873608,0
134.02576,62.00659,0
34.584175,25.615105,0
-12.561239,-46.885418,0
49.379932,0.47677383,0
75.8132,-131.04004,0
-33.909634,-137.76488,0
-94.24253,-20.080122,0
49.32475,0.41029787,0
110.97362,69.43938,0
48.59051,-0.4868498,0
-3.8905184,-34.274464,0
-24.435793,28.19432,0
56.201355,-142.62042,0
-101.12251,-126.98404,0
-147.8923,25.830086,0
-24.59575,28.306763,0
115.31534,22.089777,0
-25.3604,29.436226,0
-32.797684,-18.448282,0
22.613937,48.485413,0
54.413124,-107.86325,0
-79.205246,-122.088905,0
-123.61923,9.3025055,0
22.166126,48.54016,0
133.63396,51.474403,0
21.231314,49.55608,0
-27.05752,-42.96612,0
-71.10447,44.8817,0
21.762825,-138.94571,0
-111.700424,-78.25798,0
-196.57108,1.080287,0
-70.84215,45.410538,0
135.76,7.88704,0
-69.48195,46.83506,0
-53.621674,-2.1485457,0
-77.41716,30.391243,0
17.429804,-173.67772,0
-120.24613,-77.149216,0
-204.2271,2.5036197,0
-77.36065,30.12098,0
119.426346,11.661103,0
-83.46987,32.19502,0
-49.106293,-0.2036799,0
40.64378,32.621437,0
60.222343,-105.67391,0
-55.383533,-128.93669,0
-113.0099,3.3019426,0
40.568638,32.553833,0
131.6772,62.326523,0
41.985237,28.23415,0
-9.742732,-45.690548,0
-54.468285,126.2899,0
3.8184516,-110.04485,0
-72.909065,-58.653557,0
107.418274,-31.299917,0
-50.525387,123.430145,0
177.74362,42.007313,0
-57.24027,128.06746,0
-54.233204,131.13245,0
-9.954511,63.36565,0
38.434547,-56.060265,0
-99.22336,-142.03043,0
-153.92496,14.825357,0
-10.367095,63.414516,0
143.36247,19.8587,0
-12.113177,58.363235,0
-36.675053,-34.34601,0
-66.0451,50.991066,0
20.236464,-141.2438,0
-108.59769,-78.09185,0
-197.79965,-2.659512,0
-65.630875,50.736984,0
170.88708,8.621938,0
-63.616253,49.10732,0
-56.31218,-2.9614105,0
-17.131931,95.955734,0
32.98443,-117.5699,0
-77.51584,-91.4043,0
-173.18416,-13.879366,0
-17.649681,96.4197,0
142.44337,-0.82792354,0
-17.744999,97.78653,0
-59.825714,-46.919353,0
25.753704,40.200844,0
54.822678,-112.612076,0
-63.58223,-129.77162,0
-116.455765,5.6045094,0
25.60899,40.449802,0
123.35099,60.02596,0
29.7959,36.76821,0
-14.007944,-40.952793,0
-77.164635,63.887127,0
6.9344797,-148.62656,0
-102.156364,-68.92987,0
-194.64374,4.3446913,0
-76.66885,64.1716,0
167.09341,11.807052,0
-75.29392,64.67166,0
-64.09499,-2.8278263,0
26.397678,130.74739,0
26.250732,-96.732216,0
-72.53666,-99.79769,0
-159.70053,-20.738613,0
26.285044,130.59183,0
164.79626,-11.537907,0
23.3039,130.77138,0
-42.65639,-69.708176,0
59.876312,83.59127,0
41.534515,-74.20714,0
-38.015854,-101.49545,0
-134.47676,-15.267638,0
59.50382,83.51437,0
150.30559,33.97312,0
65.59048,85.930275,0
-6.7965174,-73.15901,0
44.55915,-8.734988,0
80.79929,-102.09675,0
-39.092827,-142.37479,0
-89.29609,-10.812929,0
44.723152,-8.89789,0
112.80993,75.68135,0
50.74835,-9.440106,0
10.893211,-43.575485,0
38.687317,73.31083,0
40.87428,-83.54381,0
-44.299553,-102.60997,0
-136.89304,-8.264268,0
37.775368,73.50674,0
158.21544,41.54143,0
36.77934,74.36736,0
-11.313885,-73.1645,0
76.506,2.3407903,0
71.201584,-76.97525,0
-47.712994,-144.39034,0
-105.80073,-20.368877,0
76.20473,2.753559,0
105.582245,58.65931,0
65.84416,7.3821554,0
10.952425,-58.883266,0
-76.66239,127.87299,0
13.557988,-112.94068,0
108.97668,-42.43488,0
-84.180115,128.66998,0
-78.11331,127.845726,0
101.5818,117.10869,1
-78.48539,127.67124,0
-79.46522,128.88982,0
-129.16843,90.48406,0
-16.702002,-177.47435,0
-150.27802,-67.11411,0
-170.50522,43.238903,0
-129.04506,89.99397,0
190.99445,-10.3640375,0
-127.622116,87.38503,0
-122.346085,49.409405,0
-66.78776,41.9485,0
23.840204,-140.17851,0
-110.24991,-80.60751,0
-196.63213,-0.78795636,0
-66.50769,42.51328,0
129.1133,12.143261,0
-62.949093,45.916412,0
-53.087925,-4.692244,0
51.47596,59.27955,0
59.791542,-75.15025,0
-41.817318,-113.420456,0
-124.16237,-13.109546,0
51.287254,59.10728,0
119.42706,46.44664,0
50.175392,58.87805,0
-7.7473445,-64.376945,0
21.330292,-23.273685,0
85.3218,-123.007416,0
-93.45782,-108.190346,0
-130.49896,16.081242,0
21.278221,-23.060532,0
134.86638,28.316631,0
19.193975,-17.578867,0
8.407956,-23.646286,0
16.793236,18.867373,0
70.717575,-135.64389,0
-72.75387,-149.40639,0
-103.15426,21.424871,0
7.3043346,24.74876,0
125.2091,59.652084,0
7.4490952,24.529207,0
-8.4919815,-35.03444,0
35.605877,81.523155,0
38.920937,-89.47821,0
-59.176685,-118.66287,0
-136.0097,-32.05948,0
36.26615,81.856125,0
115.217705,45.144836,0
35.58054,87.41766,0
-20.628075,-60.235153,0
-41.602486,67.59524,0
23.567148,-155.79427,0
-93.80872,-80.96446,0
-173.65944,3.9210246,0
-41.324577,67.02591,0
165.3057,9.198466,0
-40.15626,64.89941,0
-61.772438,-16.397951,0
32.98848,110.80161,0
45.20913,-94.22232,0
-57.6291,-108.008446,0
-148.65727,-26.531319,0
31.774414,110.14865,0
147.81693,31.586857,0
28.525919,108.65275,0
-32.561096,-64.615555,0
12.28239,18.318003,0
39.30628,-140.22925,0
-102.71918,-97.69922,0
-116.811005,17.665691,0
12.109163,18.473755,0
118.87032,31.754896,0
8.694275,21.539864,0
-43.434925,-19.829721,0
85.96519,-15.720566,0
10.979972,-127.11417,0
119.221634,-58.570244,0
91.486694,-27.774036,0
89.30987,-24.235851,0
179.92078,59.001404,0
89.79163,-25.089672,0
88.38547,-23.308754,0
71.07777,0.53117025,0
72.36566,-78.49639,0
-53.740105,-144.62302,0
-107.57032,-12.085927,0
70.47101,0.28824154,0
125.86811,52.53236,0
30.460354,24.905827,0
14.6760435,-59.93416,0
41.733055,-16.466396,0
81.67023,-108.54943,0
-30.141794,-141.49345,0
-89.75873,-2.1366146,0
41.50836,-15.474406,0
106.84756,79.3182,0
41.205597,-14.205702,0
14.135859,-36.99268,0
60.527096,-8.835931,0
82.44268,-81.84261,0
-46.294605,-152.99878,0
-93.38271,-11.763838,0
59.69368,-7.931406,0
119.61041,84.34761,0
57.412315,-4.171912,0
20.385855,-50.534744,0
-26.129663,74.34368,0
23.78302,-126.015495,0
-83.177986,-71.37871,0
-142.74501,1.4502435,0
-27.02437,74.31889,0
126.141,32.717648,0
-28.081047,74.268524,0
-40.307518,-13.558357,0
-79.78258,34.943233,0
15.155593,-171.12036,0
-120.09847,-73.20757,0
-202.74727,5.860594,0
-80.5203,34.913754,0
120.96195,8.174286,0
-83.81476,35.059963,0
-50.566906,4.3758593,0
-37.10577,119.68223,0
-1.8682455,-114.51563,0
-69.327545,-66.00403,0
-156.50835,-11.473419,0
-37.55846,119.365005,0
178.04811,25.115355,0
-38.340015,118.8455,0
-27.816286,1.9257296,0
-71.46226,57.538242,0
7.5412884,-150.91925,0
-105.16905,-72.611046,0
-187.68867,-2.0699873,0
-71.85678,58.234554,0
167.1029,0.91711736,0
-72.13184,59.619713,0
-72.857254,-3.587574,0
46.273365,-30.080399,0
101.12703,-104.043625,0
-18.793459,-129.16423,0
-118.20094,-34.048122,0
46.331932,-30.343878,0
125.71842,89.49639,0
45.922153,-30.76643,0
46.124428,-33.93799,0
-34.80348,157.46332,0
98.88539,-94.071014,0
132.0768,-38.484573,0
116.70689,-30.13067,0
-35.379986,155.86504,0
92.398315,129.62129,1
-34.941097,153.80133,0
-35.345272,154.8804,0
55.67432,-31.593132,0
105.472755,-102.48043,0
56.738155,-38.18461,0
-93.20103,-28.458443,0
56.29417,-31.898315,0
129.59564,93.96222,0
56.15109,-32.09666,0
55.83633,-33.342144,0
53.38561,4.64011,0
74.97917,-98.3822,0
-37.308243,-135.42468,0
-99.44189,-23.458372,0
53.483395,4.719585,0
115.3082,66.179596,0
49.704937,8.511833,0
7.7384424,-46.25401,0
-117.40209,80.51332,0
-11.961963,-174.46791,0
-144.18271,-66.6616,0
-170.09335,36.91777,0
-117.30608,80.52995,0
190.87842,2.0562506,0
-113.80161,84.70584,0
-117.76494,52.832623,0
-34.185413,68.35035,0
26.148476,-153.14735,0
-94.39444,-84.40362,0
-172.85411,5.594239,0
-33.9592,68.22744,0
150.76485,11.921988,0
-33.030582,68.05409,0
-59.701508,-15.799568,0
-49.576645,23.397423,0
43.423256,-154.15846,0
-115.49582,-95.717926,0
-187.86256,-12.448754,0
-49.27735,23.432287,0
121.479164,17.256554,0
-47.229816,24.877192,0
-64.90001,-29.486145,0
-66.9226,66.30849,0
14.673139,-146.685,0
-100.4103,-69.983116,0
-182.06403,11.758858,0
-66.435616,65.91654,0
167.99792,11.804033,0
-65.216675,65.0517,0
-64.92915,-5.342076,0
-33.984917,21.131256,0
43.50688,-145.936,0
-108.52309,-97.7601,0
-127.68036,24.752634,0
-34.258415,21.918207,0
128.76636,66.752846,0
-36.17254,27.101606,0
-46.112816,-21.987465,0
-31.9601,56.944256,0
30.787188,-160.57413,0
-89.037895,-87.70698,0
-179.82574,-10.328156,0
-31.516645,56.863297,0
139.45644,1.1018202,0
-35.819214,56.215664,0
-67.35926,-20.824139,0
29.283152,-23.616867,0
81.93909,-119.16618,0
-102.51043,-114.56709,0
-97.970764,11.232041,0
29.224728,-23.669247,0
125.23598,70.0081,0
24.441456,-14.924748,0
8.579795,-28.950432,0
81.29984,56.97699,0
50.868366,-69.50216,0
-30.913563,-114.84624,0
-113.92345,-22.643751,0
80.99744,57.13552,0
111.571594,45.02242,0
77.15029,60.46872,0
3.5158849,-65.82825,0
-64.600716,43.09148,0
24.878862,-138.32626,0
-111.718025,-82.23351,0
-196.58333,-2.8938484,0
-64.23053,43.258015,0
123.322296,13.518863,0
-63.22723,44.1699,0
-51.13708,-4.8553243,0
-60.286495,18.417221,0
45.14985,-158.34071,0
-120.263115,-95.254745,0
-187.16576,-8.102426,0
-59.494205,18.963238,0
129.21068,7.080406,0
-56.140736,23.524582,0
-69.99486,-30.162706,0
34.101162,-14.973587,0
83.21763,-114.00284,0
-31.388672,-148.15714,0
-93.60398,3.5409155,0
33.8154,-14.2410345,0
128.63443,73.396904,0
30.710335,-11.66937,0
12.437967,-32.853848,0
-138.78044,69.65769,0
-21.409649,-167.82129,0
-151.97008,-76.501495,0
-161.9307,45.127743,0
-138.66844,69.89117,0
142.90437,75.647545,0
-138.61224,70.33647,0
-131.95175,58.97804,0
16.86557,23.543592,0
68.08557,-132.2421,0
-63.201664,-143.87486,0
-118.44252,15.25276,0
15.477338,23.94557,0
121.06296,56.626366,0
13.493731,24.528519,0
-11.778609,-35.232002,0
16.737677,154.55452,0
115.042206,-76.392265,0
136.3149,-53.768337,0
16.126732,164.78827,0
15.961017,162.92842,0
77.85539,140.56914,1
16.198162,164.67033,0
16.105,162.88792,0
-124.699875,79.204994,0
-15.476185,-173.0589,0
-153.17578,-68.7286,0
-167.54497,41.630196,0
-124.80843,79.699844,0
198.53955,-8.716165,0
-125.153076,80.53552,0
-122.01533,53.65562,0
2.7066195,122.31948,0
43.731865,-123.28671,0
-64.13787,-85.50793,0
-158.647,2.2222607,0
2.6269128,122.58758,0
159.2856,-5.2896833,0
3.0678518,123.54621,0
-44.643173,-42.144733,0
-7.2056956,130.36995,0
39.163025,-125.21341,0
-68.61501,-82.329216,0
-165.42839,-2.9670243,0
-5.3398294,130.53526,0
155.9726,-7.682771,0
-3.5272322,128.62115,0
-49.9113,-42.35102,0
-3.1004088,30.936676,0
71.884544,-142.97382,0
-78.3381,-143.70633,0
-114.56514,24.739021,0
-4.3090696,30.180199,0
146.13332,65.29598,0
-2.5469377,24.757969,0
-18.999716,-25.075237,0
-33.012184,22.588785,0
44.167377,-146.06126,0
-109.388084,-98.46662,0
-128.20935,24.404493,0
-33.336647,22.928122,0
128.94025,67.740036,0
-34.430515,25.934673,0
-45.66525,-23.872665,0
16.649178,128.88228,0
26.559742,-99.95718,0
-74.73212,-102.603905,0
-164.13725,-21.467783,0
17.638329,128.82112,0
155.77951,-14.163036,0
18.650211,127.55327,0
-45.194912,-66.781715,0
68.19074,47.96007,0
55.790806,-82.46626,0
-33.550434,-120.522606,0
-120.89367,-19.352613,0
68.19517,48.265514,0
103.62546,41.38477,0
62.682606,59.616478,0
1.0552921,-63.019917,0
28.53569,74.111465,0
5.4236407,-102.53494,0
-23.964752,-109.77479,0
-144.86116,1.0272874,0
28.340315,74.27988,0
110.6896,43.016586,0
26.48263,75.491516,0
3.2026641,-78.43084,0
-37.107998,75.36364,0
23.725048,-152.73923,0
-92.46346,-83.64555,0
-175.04358,5.8206544,0
-37.047527,75.82537,0
159.57623,14.873134,0
-34.865284,69.775566,0
-61.609398,-14.893718,0
-132.77895,73.843094,0
-18.71268,-169.99591,0
-149.27666,-74.52998,0
-163.62863,43.363293,0
-132.99376,73.93804,0
197.23395,-5.3624406,0
-133.97743,74.46668,0
-126.88266,56.565666,0
35.576912,-17.31672,0
82.89796,-115.704414,0
-29.799686,-147.10823,0
-93.70745,5.3808556,0
35.464993,-17.169304,0
128.13446,73.19748,0
28.224281,-12.128156,0
10.633175,-31.327324,0
70.74541,22.257143,0
66.32731,-87.840744,0
-38.86428,-128.2965,0
-100.22308,-15.682306,0
70.28041,21.9507,0
102.9685,76.9654,0
63.68322,16.6245,0
6.2964816,-52.617546,0
-67.195885,144.00644,0
98.36022,-89.62745,0
115.78358,-39.935867,0
104.26681,-37.99538,0
-69.20765,144.99315,0
96.25785,121.268875,1
-71.29483,146.33789,0
-70.85742,145.05103,0
-77.733986,83.75707,0
-0.69543535,-143.8167,0
-97.74263,-54.518154,0
-186.30136,18.059454,0
-77.81465,83.851715,0
174.25839,0.5711391,0
-80.103935,84.68011,0
-72.253044,7.4588885,0
-25.69642,18.53001,0
47.262356,-137.21762,0
-106.27118,-107.36836,0
-136.9552,13.394116,0
-24.985203,17.952168,0
127.57013,23.175787,0
-24.302635,16.996515,0
-7.3007755,-23.728186,0
20.04179,105.7364,0
41.713676,-99.071045,0
-63.49693,-108.417946,0
-147.64574,-32.241344,0
19.913998,106.18132,0
151.05954,10.042863,0
23.830618,108.74573,0
-35.615883,-60.46967,0
-9.599153,29.749348,0
72.83956,-146.30898,0
-87.450134,-89.623695,0
-114.56401,28.374891,0
-9.747931,30.154726,0
138.09557,3.059113,0
-10.711955,31.197838,0
-19.359621,-21.195744,0
26.18328,129.03337,0
26.773684,-97.17684,0
-72.453514,-100.51976,0
-158.72656,-21.259296,0
25.733938,129.74733,0
162.579,-12.089332,0
22.505793,129.30043,0
-43.38006,-68.8669,0
9.558891,149.74913,0
108.243164,-67.74803,0
141.09941,-57.865055,0
4.3750596,146.89084,0
6.851768,147.40092,0
78.95073,134.12685,1
5.637362,147.01497,0
8.066253,146.8781,0
58.73884,110.906715,0
22.767834,-88.25793,0
-54.128185,-90.10837,0
-159.96532,-16.797358,0
58.584415,111.503944,0
156.40749,21.94735,0
58.12966,114.558685,0
-32.561913,-78.36844,0
-5.3967085,4.9851027,0
56.774437,-130.77962,0
-110.322525,-119.90292,0
-140.99783,13.2668085,0
-4.0637236,3.7371194,0
125.39348,-6.9098854,0
-3.0518863,1.1876726,0
-6.682363,-16.694834,0
2.2070875,53.72679,0
45.236633,-56.848225,0
-93.23691,-139.11131,0
-142.73279,23.44169,0
1.8744783,53.416096,0
105.69217,34.97721,0
-3.8208182,48.59218,0
-31.000963,-31.85126,0
-35.318462,22.383121,0
45.184277,-147.28001,0
-110.492935,-99.24028,0
-127.46203,26.9793,0
-35.385296,22.820347,0
120.57833,24.480572,0
-35.801434,25.25368,0
-46.67978,-24.165758,0
47.958424,94.50278,0
30.033636,-88.514694,0
-53.68285,-96.14859,0
-156.39369,-29.506008,0
47.674896,94.76545,0
144.70851,27.15397,0
46.806778,95.29783,0
-26.098963,-70.67962,0
-72.02273,69.021614,0
14.534805,-137.51735,0
-105.24181,-69.08936,0
-194.01328,5.355256,0
-71.842224,69.047806,0
171.85234,15.755886,0
-71.11255,69.093025,0
-58.75945,1.3577456,0
78.494484,-49.36001,0
116.37208,-93.48004,0
74.02757,-55.088966,0
-87.433624,-36.53355,0
77.89825,-49.582417,0
118.51345,104.56041,0
76.81543,-49.799435,0
75.494,-51.782326,0
-87.72264,78.52211,0
-2.1261837,-146.46489,0
-101.749725,-54.594624,0
-187.88066,20.866997,0
-87.626366,79.924706,0
174.89426,-1.2141848,0
-83.36964,81.53326,0
-75.31538,5.3223987,0
-22.963903,113.10111,0
11.472111,-105.02208,0
-60.66927,-73.95426,0
-149.71838,-4.680579,0
-22.67687,114.17058,0
170.86507,36.04736,0
-22.680996,114.38666,0
-24.929676,-10.190965,0
76.96279,71.102974,0
41.68434,-67.2761,0
-27.49967,-104.338554,0
-132.82098,-24.715616,0
76.92665,70.554054,0
110.97333,39.598,0
76.97834,68.74822,0
-2.4215841,-78.88153,0
-58.099598,69.74783,0
14.126563,-148.60907,0
-94.41577,-72.218666,0
-180.36641,12.534803,0
-57.7144,69.55761,0
173.44542,11.139116,0
-55.44132,69.74477,0
-66.60181,-9.718113,0
63.3792,39.653145,0
69.67193,-94.32448,0
-52.276676,-126.84127,0
-121.20605,-25.918789,0
63.088573,39.38403,0
99.222885,53.640175,0
61.791676,38.80355,0
-10.442177,-48.740845,0
-111.54655,78.77435,0
-7.93534,-175.71515,0
-141.11658,-63.494713,0
-167.45416,32.21069,0
-111.36362,79.48767,0
189.42108,4.66467,0
-109.893486,81.024796,0
-113.16524,53.586163,0
-17.72632,42.170727,0
58.402065,-149.7262,0
-102.95957,-133.91182,0
-152.35605,27.471857,0
-18.606619,42.70055,0
108.116104,16.990755,0
-19.860744,44.82649,0
-37.28145,-23.124666,0
-49.949215,126.56535,0
5.7408814,-109.09378,0
-71.51779,-58.50921,0
110.82851,-27.059809,0
-48.637432,124.22467,0
177.932,43.092793,0
-50.521046,128.96915,0
-51.337543,131.30487,0
73.77941,-31.258879,0
104.89959,-93.27334,0
75.9986,-30.965729,0
-87.86252,-24.68444,0
73.87968,-31.139536,0
109.200485,84.45277,0
73.84669,-31.160921,0
73.985466,-30.921825,0
-53.508896,44.884197,0
24.901524,-142.54301,0
-107.82235,-81.66326,0
-192.30186,-1.6454458,0
-54.20224,45.37678,0
130.73561,10.857407,0
-59.215927,47.340004,0
-54.08627,-6.795194,0
-44.580704,156.32872,0
107.026276,-96.737595,0
130.28322,-34.09806,0
115.6192,-31.924028,0
-44.681915,157.55156,0
88.666,128.79012,1
-45.45911,158.04448,0
-45.493153,157.6002,0
-17.28857,16.660528,0
32.1586,-133.37021,0
-100.49597,-104.63729,0
-155.51031,-0.94380856,0
-17.552103,16.588697,0
164.20927,16.413456,0
-18.777124,15.97118,0
-38.299393,-4.757837,0
-8.026923,2.4803941,0
56.803196,-131.93176,0
-111.09913,-120.59709,0
-142.0819,12.971142,0
-7.897268,2.2053924,0
128.46758,-3.3860865,0
-4.0552697,-0.64371216,0
-7.9228745,-15.828144,0
-13.859733,100.6565,0
33.26029,-116.16526,0
-76.425545,-92.257126,0
-170.1101,-10.843622,0
-15.120053,99.87894,0
147.88615,-3.055716,0
-16.061623,98.97823,0
-58.134342,-47.72095,0
72.92049,21.1412,0
64.88929,-85.380745,0
-36.914158,-127.43141,0
-101.91387,-16.470703,0
72.07946,20.927874,0
111.67634,60.42689,0
65.42268,17.27171,0
4.6080155,-54.99632,0
29.486593,85.39398,0
38.2341,-94.24817,0
-63.713722,-118.51869,0
-154.91983,-33.965122,0
28.809322,85.78602,0
144.47096,43.285625,0
26.934124,87.10695,0
-24.523993,-56.009335,0
65.03734,42.395172,0
58.97859,-92.36036,0
-54.439274,-125.07146,0
-116.33932,-8.715904,0
64.31762,42.37043,0
138.05298,34.211617,0
62.830585,42.070972,0
-13.407096,-50.262104,0
-31.658379,40.59954,0
33.691257,-150.07233,0
-97.76307,-92.4577,0
-189.91946,-17.317389,0
-31.831392,41.17293,0
132.5298,18.249256,0
-33.595,42.673508,0
-53.760437,-19.6584,0
23.793406,-19.82743,0
84.67627,-120.499695,0
-93.90089,-110.72065,0
-100.15864,10.438314,0
23.586689,-19.326416,0
130.88512,72.29402,0
23.416147,-18.37007,0
8.2104025,-26.386671,0
17.935387,34.06581,0
59.415268,-118.99466,0
-66.44876,-138.02719,0
-109.59523,13.974063,0
16.768427,33.992104,0
141.78899,61.642773,0
14.565431,34.898327,0
-17.144747,-36.998215,0
71.74719,3.9709613,0
70.575005,-73.578606,0
-51.735477,-142.52034,0
-108.304955,-14.272931,0
70.82676,4.122326,0
102.25535,62.426823,0
68.64388,5.2769475,0
13.707955,-62.432514,0
49.71251,5.678127,0
74.194534,-100.57218,0
-39.1156,-136.99026,0
-97.263954,-22.603836,0
49.611164,5.9559393,0
119.078285,74.76031,0
47.44036,8.722862,0
6.729978,-44.380386,0
-121.79339,88.00738,0
-14.1893835,-176.74324,0
-147.21495,-66.034355,0
-171.06064,41.518845,0
-121.95026,87.75917,0
188.14801,-6.3086667,0
-125.57479,84.91349,0
-119.226295,50.95571,0
-27.15131,16.073639,0
14.247922,-128.2009,0
-109.76297,-112.44081,0
-139.05247,6.978044,0
-26.78488,16.159164,0
132.588,24.56776,0
-26.322742,16.13358,0
-14.507996,-13.595428,0
-125.9777,69.555984,0
-15.486461,-166.13194,0
-145.50026,-77.97014,0
-161.44785,36.151665,0
-125.754074,69.51804,0
196.29045,-0.7537224,0
-125.13646,69.6638,0
-124.27852,61.771515,0
-5.8515854,62.562496,0
39.334892,-52.74882,0
-97.8722,-145.34154,0
-154.52858,18.596672,0
-12.344028,64.12045,0
143.61557,14.282007,0
-13.332181,55.387215,0
-38.74815,-32.4126,0
16.023378,49.91595,0
52.199932,-88.3858,0
-87.00871,-126.99797,0
-130.63776,30.18864,0
16.214031,50.63735,0
129.36688,47.17532,0
16.83991,50.582973,0
-25.124062,-38.8845,0
-118.65178,98.18584,0
-11.863439,-166.17267,0
-142.91312,-74.029434,0
-166.04411,37.004578,0
-118.475075,97.81465,0
162.22937,2.1280801,0
-117.237915,95.275925,0
-119.853745,60.33917,0
72.97447,7.84437,0
67.460976,-75.99086,0
-54.76655,-143.56265,0
-107.79453,-13.089303,0
72.58537,8.332695,0
125.291725,46.22945,0
71.79069,8.5496235,0
10.2793255,-63.13544,0
48.58383,30.638329,0
62.404438,-103.24283,0
-48.00555,-133.91853,0
-107.68341,6.678963,0
47.938026,30.544498,0
120.77381,68.862595,0
46.64469,29.81761,0
-2.5133955,-42.02335,0
16.357233,-23.038378,0
86.79439,-124.98645,0
-94.88597,-106.27571,0
-133.93082,14.334358,0
16.20624,-22.938166,0
128.18436,25.56498,0
16.720198,-19.3396,0
8.846227,-21.133715,0
77.83112,11.687568,0
69.12597,-79.72966,0
-45.905807,-143.57837,0
-102.772575,-16.753723,0
76.90905,11.723078,0
108.06382,62.311398,0
70.0164,10.479021,0
9.50111,-57.80818,0
9.253596,4.298163,0
58.467052,-140.13123,0
-98.18739,-126.07351,0
-133.8429,25.546299,0
-9.967339,9.673714,0
102.94358,25.379276,0
-10.1705675,8.2220955,0
-27.053429,-21.59874,0
32.224094,-16.408834,0
84.88857,-114.703606,0
-29.718887,-149.06917,0
-93.21387,5.8082304,0
31.196194,-15.013056,0
128.37997,76.24354,0
29.28776,-13.810154,0
12.274088,-31.343777,0
42.64718,-39.117104,0
103.66986,-106.83293,0
-20.448479,-125.29751,0
-123.48996,-35.296925,0
43.18972,-39.129387,0
129.79446,92.95015,0
44.239727,-38.85175,0
46.010445,-39.34763,0
55.852394,59.823254,0
56.8553,-71.27513,0
-33.846634,-118.05436,0
-114.40218,-16.695833,0
56.49169,59.953476,0
106.06752,49.995228,0
57.25224,60.11481,0
0.7337251,-66.72788,0
33.21784,105.73078,0
48.02451,-94.41845,0
-55.71713,-111.1299,0
-129.60585,-29.505663,0
33.23634,105.57775,0
118.24291,38.60291,0
32.893913,104.55047,0
-29.595144,-63.582672,0
1.1287725,113.60067,0
45.490154,-118.59852,0
-63.63014,-89.82954,0
-159.41463,3.9139502,0
1.7613726,113.76509,0
146.36978,7.002259,0
2.4764993,113.68452,0
-41.984055,-43.803734,0
10.083186,67.7599,0
16.722038,-100.71121,0
-60.17995,-77.91003,0
-151.57663,1.9471493,0
9.728828,68.188774,0
164.41364,22.030045,0
8.831047,68.501366,0
-24.073418,-15.733161,0
-13.34854,-1.1597613,0
57.625107,-135.13873,0
-114.68509,-121.54556,0
-181.13359,-23.974869,0
-13.103553,-0.72907245,0
138.35674,-4.7672644,0
-12.850558,-0.39957225,0
-9.710695,-13.205044,0
14.62942,88.23347,0
43.118904,-106.64608,0
-69.92541,-116.743225,0
-164.00977,-36.65594,0
14.411781,88.999405,0
145.5676,49.129227,0
14.230933,90.35695,0
-30.005135,-51.50279,0
44.343044,75.84862,0
47.29688,-79.75791,0
-40.650887,-105.34188,0
-130.76224,-1.5000046,0
44.569897,75.55406,0
121.81626,45.133385,0
46.14912,71.67936,0
-12.132133,-66.534996,0
-76.92459,34.938805,0
17.323637,-170.81812,0
-119.85806,-75.220985,0
-202.04083,0.6571637,0
-77.191124,35.519768,0
127.14631,10.567353,0
-84.451195,33.041912,0
-49.43261,3.190986,0
75.56163,16.747063,0
66.23506,-84.01093,0
-33.604702,-127.55883,0
-98.011475,-19.09185,0
75.96493,16.651329,0
109.03116,58.774155,0
67.24953,16.14008,0
7.129256,-56.292896,0
-61.748653,74.01399,0
10.080979,-144.135,0
-100.84969,-66.72283,0
-191.62727,5.900403,0
-61.938343,73.93737,0
178.97755,15.105732,0
-62.20967,73.96933,0
-69.28422,-1.1758507,0
-3.5617173,31.51771,0
70.80159,-143.01605,0
-78.68234,-144.72618,0
-115.54852,24.066742,0
-5.2379885,31.317122,0
145.6181,63.6933,0
-3.3061523,24.546812,0
-20.074478,-25.64683,0
32.375553,35.068375,0
52.775276,-114.52258,0
-62.1306,-129.95432,0
-117.00173,3.017826,0
32.15967,35.08632,0
137.0704,57.28906,0
30.858936,35.742435,0
-17.277565,-45.766846,0
47.0916,53.030632,0
2.8871174,-100.78305,0
-20.814184,-112.04119,0
-147.37404,-9.117907,0
46.850094,53.507034,0
174.11322,31.363276,0
46.418343,54.48673,0
8.709816,-76.157555,0
1.1823255,55.35078,0
43.966694,-56.73953,0
-93.528534,-140.16202,0
-145.4079,19.81376,0
1.2349923,55.50433,0
107.927986,30.206387,0
-6.334788,49.892746,0
-32.6504,-30.917124,0
-81.91922,25.712214,0
16.031746,-175.91983,0
-125.33978,-74.69171,0
-130.51085,20.706984,0
-82.95669,26.47197,0
118.66581,11.08978,0
-84.35175,27.158628,0
-45.139164,5.437171,0
51.402046,71.80349,0
42.32654,-80.05836,0
-41.35039,-103.805626,0
-136.09085,-13.23505,0
51.006588,71.581924,0
120.33435,43.009632,0
48.929012,70.995705,0
-12.409754,-70.757835,0
65.95585,-14.114807,0
81.29421,-79.645004,0
-45.12673,-151.93318,0
-94.03552,-14.430694,0
65.14221,-7.8117776,0
112.625175,77.09153,0
56.86299,-2.9725015,0
18.761255,-55.50675,0
-24.742966,26.939203,0
50.700523,-147.44455,0
-101.882774,-126.84729,0
-138.2435,21.160654,0
-25.27369,27.607338,0
115.28909,17.88376,0
-25.860657,28.600687,0
-33.26329,-18.521671,0
-50.372257,20.903765,0
44.18967,-155.6025,0
-117.17651,-95.974625,0
-185.7798,-9.241014,0
-48.306984,22.013287,0
118.21908,15.239057,0
-46.330956,24.146587,0
-66.525986,-29.94299,0
51.838318,96.890755,0
26.488977,-87.69105,0
-54.705605,-94.72053,0
-156.4598,-28.830507,0
50.915546,99.67138,0
142.68831,5.671079,0
50.40564,101.27838,0
-30.136137,-73.6433,0
-16.0362,72.41192,0
35.476597,-50.942226,0
-101.108444,-148.40675,0
-157.67802,12.026198,0
-16.370375,72.01875,0
142.13744,12.423685,0
-19.02192,70.31499,0
-44.24201,-34.615097,0
16.618658,84.2345,0
46.165573,-107.17157,0
-69.090546,-119.53571,0
-157.00745,-37.366215,0
17.2458,83.83504,0
143.58624,53.53078,0
19.760706,87.35449,0
-27.380562,-50.307343,0
81.34676,92.03195,0
32.68143,-69.1999,0
-32.203514,-95.74643,0
-140.09189,-20.242224,0
81.349785,91.95627,0
159.50876,37.144054,0
72.7396,90.46753,0
-9.859173,-83.48623,0
71.84436,76.3798,0
45.751556,-71.39819,0
-32.74385,-108.1867,0
-131.31337,-18.883778,0
71.63557,76.43071,0
113.259315,43.67351,0
69.565254,76.9591,0
-3.6803873,-71.095695,0
77.70448,9.870692,0
68.30181,-79.48533,0
-45.645664,-142.37234,0
-106.822495,-17.523338,0
76.87198,9.545127,0
112.11716,56.63847,0
69.694954,9.837165,0
8.498758,-58.341248,0
70.72717,28.876867,0
63.916,-92.59245,0
-43.350662,-125.96215,0
-108.03805,-10.786305,0
71.17142,29.35987,0
114.642296,58.024258,0
60.73943,30.379139,0
-1.104918,-52.694492,0
40.131374,78.13543,0
42.0096,-90.22657,0
-62.124798,-125.920044,0
-120.95818,-1.4514589,0
39.980473,77.72194,0
137.75401,41.617405,0
28.597681,46.109543,0
-24.407219,-45.63384,0
34.922783,12.954578,0
81.95012,-88.19431,0
-54.28712,-155.01099,0
-101.58108,5.4236155,0
34.519623,12.841474,0
138.46912,63.831226,0
29.394299,15.977105,0
21.05461,-43.924137,0
24.10451,-24.449852,0
84.96648,-122.72761,0
-92.65992,-107.64305,0
-131.34236,13.543038,0
24.116858,-24.486914,0
130.91342,69.18511,0
19.663704,-18.588581,0
8.461579,-23.1704,0
-72.31527,138.94519,0
96.83236,-91.901985,0
111.877464,-41.468258,0
-83.87211,131.33191,0
-73.28038,138.66896,0
98.10708,120.05631,1
-73.51486,138.43607,0
-73.82171,139.1836,0
64.52408,-2.7148867,0
77.89779,-83.03506,0
-50.657433,-150.91196,0
-99.58857,-11.833787,0
64.22293,-2.6898217,0
105.14009,69.98251,0
58.315685,1.7237138,0
16.07173,-49.93393,0
91.6972,5.095619,0
1.5051887,-116.02803,0
124.58129,-28.297468,0
96.41565,3.2528424,0
93.10175,3.7391908,0
184.46803,52.981045,0
93.91892,3.437287,0
92.812965,2.5558968,0
10.90522,101.74143,0
32.947773,-104.22271,0
-72.44294,-109.43707,0
-165.23235,-30.241014,0
10.667041,101.320984,0
152.08037,-14.564207,0
6.9494543,99.13338,0
-45.56513,-60.701748,0
63.756233,104.20353,0
27.716913,-78.33524,0
-44.173847,-93.849754,0
-147.14743,-16.935911,0
63.09069,104.24519,0
148.11201,33.843708,0
61.978043,104.218185,0
-19.651325,-79.06139,0
69.79444,-7.957437,0
76.90762,-76.8879,0
-46.626297,-147.68071,0
-98.16368,-14.210673,0
68.8667,-7.9736257,0
107.36296,65.15723,0
62.7367,0.79822063,0
17.424402,-56.92377,0
30.901415,8.916207,0
79.06365,-88.17853,0
-54.910664,-151.92542,0
-109.21481,1.0367078,0
30.227888,8.979365,0
122.995544,82.876884,0
28.014084,12.705301,0
17.264637,-45.09619,0
-48.91869,20.665125,0
44.92596,-153.9206,0
-115.90051,-97.400185,0
-188.95378,-12.314426,0
-48.46698,21.063158,0
119.48966,19.177114,0
-46.328594,23.424156,0
-64.413185,-31.124004,0
37.211243,-6.8876615,0
77.30693,-114.24732,0
-34.84784,-146.45947,0
-95.435074,1.1899123,0
37.61145,-6.1466074,0
123.380554,68.80105,0
36.92417,-4.3485126,0
6.3793616,-34.934586,0
-3.5813231,116.59047,0
41.797443,-119.56684,0
-67.45883,-88.59402,0
-167.0741,-2.0790684,0
-3.3935149,117.02048,0
145.68031,1.1431321,0
-2.9528491,118.074,0
-44.635952,-45.726185,0
-15.011806,65.346565,0
38.44151,-50.942284,0
-98.64988,-147.24536,0
-157.36873,13.149565,0
-15.893741,64.93898,0
145.84097,13.622628,0
-17.416174,64.978584,0
-41.41532,-32.114857,0
-35.042423,93.42284,0
29.33127,-130.77635,0
-81.6782,-76.76147,0
-184.263,-1.1895449,0
-35.646423,93.30232,0
162.98706,-0.0022559986,0
-40.6822,94.37884,0
-55.456005,-31.101265,0
41.5394,-25.027592,0
97.33828,-104.67042,0
-20.773647,-132.68503,0
-96.848854,1.7991331,0
41.484734,-25.37431,0
126.341934,87.103195,0
41.552036,-25.672287,0
41.510273,-27.508282,0
-10.285002,-4.671658,0
59.569363,-133.67462,0
-114.45374,-118.944695,0
-144.36905,12.198991,0
-7.9800777,-5.616824,0
127.83546,-7.7740903,0
-5.9748693,-4.9807796,0
-7.5653167,-12.542182,0
-33.41204,121.74571,0
2.5290744,-111.89175,0
-63.451828,-67.295395,0
-151.12643,-5.517507,0
-33.36342,122.0786,0
175.79355,28.3658,0
-26.641575,118.37016,0
-24.445185,-4.171376,0
-45.02412,44.848198,0
30.967293,-146.20615,0
-100.950294,-88.59161,0
-183.05731,-28.459702,0
-45.06141,44.87953,0
124.61536,33.680866,0
-42.555443,46.249523,0
-51.888725,-14.432308,0
10.286647,149.48747,0
107.990395,-67.750496,0
140.48297,-58.405197,0
5.5901313,145.47585,0
7.848925,146.0246,0
78.070854,134.47087,1
6.705477,145.27505,0
8.676948,145.99506,0
-59.23894,36.94875,0
28.119465,-139.71117,0
-110.9519,-85.85434,0
-199.8167,-2.0152452,0
-59.352116,37.030785,0
165.305,10.039745,0
-58.86134,42.7586,0
-50.33293,-9.789311,0
-14.336148,34.506653,0
60.977116,-143.62163,0
-95.329346,-132.50807,0
-140.40785,31.297697,0
-14.124611,34.605503,0
107.449974,27.65174,0
-13.77438,35.97454,0
-30.242693,-24.569439,0
-8.741956,82.65695,0
24.694643,-107.821724,0
-81.51191,-114.15583,0
-172.36804,-23.836481,0
-8.993728,83.0535,0
150.90874,5.907017,0
-3.9314005,85.45563,0
-51.75353,-58.085964,0
-75.631004,30.767435,0
17.365553,-172.24704,0
-121.83135,-75.64892,0
-207.63496,2.1556606,0
-74.896484,30.600338,0
122.48109,4.9576077,0
-73.96189,30.851368,0
-48.14412,2.9591088,0
11.732808,16.00258,0
40.66167,-141.8588,0
-105.36626,-97.85281,0
-119.330414,17.46902,0
11.157837,17.779736,0
118.79419,28.81283,0
9.209152,18.04463,0
-7.504303,-29.17625,0
25.322561,46.378365,0
55.644672,-106.372246,0
-77.628624,-124.15378,0
-114.232445,9.015959,0
25.61797,46.69074,0
131.99036,59.67349,0
26.527592,46.87219,0
-25.201008,-44.70136,0
69.94501,-10.94768,0
73.39484,-85.92398,0
-57.519295,-144.65828,0
-98.68177,-12.765819,0
69.85875,-10.797322,0
124.90284,76.571785,0
29.408167,24.392052,0
14.415589,-55.40192,0
-77.55476,64.47929,0
5.9905033,-148.77979,0
-98.26073,-63.82864,0
-193.49164,18.347326,0
-76.95262,65.02405,0
116.847176,1.9959916,0
-76.50023,65.56171,0
-74.98907,-2.4569132,0
-26.61973,27.568579,0
51.28889,-145.97427,0
-102.05735,-127.45405,0
-134.74947,21.671953,0
-26.74154,27.789911,0
113.819046,24.951033,0
-27.455584,28.494781,0
-47.634846,-9.909939,0
-15.387048,67.375854,0
38.307175,-49.988422,0
-98.41593,-148.0087,0
-158.52835,14.843049,0
-16.210377,67.31675,0
144.91687,11.37826,0
-17.716265,66.123024,0
-42.528923,-32.099842,0
73.51621,-0.32849553,0
73.728294,-76.71608,0
-49.927914,-145.30644,0
-105.99012,-15.162061,0
72.89845,-0.11545543,0
106.4827,64.912865,0
65.341415,4.3382306,0
14.448543,-58.054245,0
-7.3587074,72.3971,0
34.154224,-55.027954,0
-83.65289,-116.171486,0
-171.12303,-20.012499,0
-7.7619276,72.26305,0
147.9348,10.820662,0
-9.600664,72.702896,0
-40.600758,-37.69579,0
-7.6434155,112.57653,0
40.258194,-117.02402,0
-68.79426,-91.49871,0
-172.00919,-32.551563,0
-7.495971,112.799614,0
152.42046,-6.01819,0
-9.422427,114.90947,0
-43.73848,-48.675327,0
17.512518,153.76459,0
113.92953,-77.17259,0
135.41252,-52.995525,0
14.760287,166.06407,0
14.737405,162.65747,0
76.67995,140.73854,1
14.912786,165.6243,0
14.717414,162.2557,0
36.955505,99.06719,0
51.23899,-94.57615,0
-53.50372,-115.68874,0
-128.70856,-28.167059,0
37.600655,99.988655,0
117.85418,35.145855,0
38.544262,100.297516,0
-9.648144,-55.820114,0
58.488873,-14.747198,0
85.01295,-78.29251,0
-40.921913,-152.53436,0
-89.2957,-13.999131,0
57.79205,-14.13142,0
111.84503,82.037384,0
56.39872,-12.639464,0
23.969559,-52.97204,0
10.332823,1.4550064,0
56.954376,-126.91799,0
-105.70894,-118.49741,0
-99.54949,12.575395,0
10.266146,1.7712504,0
134.54306,61.307465,0
10.199957,2.2103825,0
-3.3832903,-18.972555,0
-25.489435,18.833723,0
47.52504,-137.57407,0
-107.00919,-107.36666,0
-134.37218,9.538957,0
-25.192478,18.508183,0
127.290146,26.024904,0
-23.851933,17.116491,0
-8.46399,-22.621746,0
-3.287456,108.562325,0
44.55226,-115.95467,0
-64.68653,-93.2255,0
-161.2845,7.9785457,0
-1.3902085,108.12994,0
149.86234,19.266775,0
-0.27717316,107.68315,0
-40.102005,-46.099747,0
24.522936,149.14157,0
106.75298,-68.179184,0
137.62807,-70.44163,0
46.268997,160.0156,0
40.394104,143.9844,0
67.67531,142.2345,1
46.05927,161.75159,0
40.096954,143.16293,0
30.436832,27.126957,0
59.588947,-116.70442,0
-64.54541,-137.65654,0
-105.7106,4.3423486,0
30.039307,27.208439,0
142.93129,61.45708,0
30.023352,27.955345,0
-16.143818,-38.871014,0
38.43104,26.785164,0
63.33331,-107.202644,0
-55.21042,-131.26309,0
-104.73726,10.906045,0
38.734985,26.192406,0
136.01949,61.27511,0
39.027134,25.590105,0
-5.429722,-40.345695,0
38.301544,-6.859016,0
77.003075,-113.97795,0
-35.120403,-145.90941,0
-93.549194,0.10822037,0
38.524002,-6.5701013,0
123.88551,73.65498,0
37.243195,-4.399864,0
5.1056747,-35.276978,0
25.994879,90.908134,0
36.697483,-96.73455,0
-65.42556,-117.023544,0
-157.93288,-33.36984,0
25.914745,90.82482,0
142.42894,28.445826,0
24.540907,89.33977,0
-26.82647,-54.727352,0
14.707978,97.15368,0
40.131855,-103.67937,0
-67.864,-112.480255,0
-161.58894,-33.872784,0
14.889671,97.77776,0
138.57199,-14.561945,0
14.953052,98.53656,0
-35.22976,-54.63229,0
-118.29899,84.712555,0
-12.200842,-176.34946,0
-145.5813,-65.054085,0
-171.33044,40.331764,0
-117.83305,84.74913,0
194.88362,0.88556844,0
-116.05809,85.112785,0
-117.65228,51.378693,0
-12.108881,157.25368,0
103.74668,-82.69181,0
132.07071,-35.556812,0
121.46147,-54.175587,0
-12.901726,154.81786,0
87.749115,131.32751,1
-16.27848,155.47688,0
-14.542477,155.67096,0
24.155085,65.53613,0
11.662786,-111.44809,0
-48.651382,-111.40288,0
-145.91718,-6.2036667,0
23.99756,65.314705,0
184.37775,34.671894,0
24.075611,65.070335,0
-10.976384,-61.48914,0
-0.35283604,15.681363,0
76.56344,-140.13551,0
-73.57253,-141.92256,0
-109.28259,22.470894,0
-0.3602893,16.124353,0
143.26434,73.03036,0
-0.55336285,19.755215,0
-13.697746,-25.482386,0
-4.173193,134.4916,0
39.81146,-127.0989,0
-67.83023,-80.42389,0
-161.6145,-2.9753141,0
-3.900766,134.06277,0
162.90445,-4.942576,0
-1.4424706,131.28096,0
-50.134777,-40.282925,0
82.81662,97.94376,0
29.09089,-67.874664,0
-31.85995,-92.303856,0
-144.47679,-19.578339,0
82.62785,98.10091,0
166.15126,33.434517,0
78.79617,99.66365,0
-11.690441,-86.529594,0
0.914139,-6.3934016,0
60.465862,-130.09692,0
-111.48151,-116.1864,0
-142.4124,9.162811,0
0.6425168,-5.5592856,0
125.763535,-10.693641,0
-1.9523158,-3.3462532,0
-4.2618675,-14.080457,0
17.59743,55.729404,0
56.751396,-85.08721,0
-85.8475,-131.48074,0
-129.36502,-1.0557356,0
17.610886,55.736824,0
101.572105,33.18342,0
22.171398,56.02323,0
-25.01499,-36.64789,0
-40.52371,18.17278,0
45.44198,-150.39789,0
-113.03855,-99.7835,0
-193.71529,-9.752629,0
-40.865154,19.419945,0
120.27641,18.084442,0
-41.822433,24.519073,0
-61.884598,-32.23239,0
75.47163,-45.790638,0
114.96088,-93.64965,0
72.51713,-54.031357,0
-87.63155,-35.391045,0
74.94523,-46.34437,0
118.22513,101.88018,0
74.667114,-46.72045,0
73.76925,-47.556152,0
-136.41454,71.475204,0
-21.484886,-168.90494,0
-150.25964,-76.42055,0
-160.8181,43.767197,0
-136.43867,71.13533,0
195.66309,-3.7566538,0
-136.19122,70.73647,0
-130.34248,58.512238,0
-67.63189,50.317753,0
19.098484,-139.73529,0
-109.5526,-76.74635,0
-188.01859,0.20024641,0
-67.20371,50.145645,0
171.62628,9.033925,0
-65.512566,48.963497,0
-56.87727,-1.6094289,0
-55.556625,75.505875,0
16.65964,-147.975,0
-95.31974,-71.86071,0
-178.37468,11.314571,0
-55.093575,75.80556,0
172.64116,17.767275,0
-54.60082,77.01012,0
-64.8243,-8.116278,0
-32.53779,95.91784,0
30.664911,-128.92097,0
-82.029205,-79.987434,0
-163.59897,-12.994258,0
-32.92155,96.041855,0
160.64682,3.9380786,0
-36.260647,96.73031,0
-53.942783,-34.00956,0
-18.85436,31.223482,0
52.927574,-145.99005,0
-101.73659,-128.76498,0
-142.25888,26.611156,0
-19.288855,31.137768,0
112.03838,24.021013,0
-20.197075,30.86793,0
-32.477303,-20.982801,0
-50.02304,48.492702,0
25.668608,-145.43752,0
-104.990845,-82.633965,0
-191.2409,-3.1452942,0
-50.05287,48.28532,0
130.8896,-1.1885405,0
-57.487347,48.159813,0
-55.420986,-9.752221,0
79.556694,55.78248,0
50.619923,-66.52727,0
-28.244253,-114.56102,0
-119.805824,-24.486118,0
79.19851,56.147945,0
103.63093,46.44228,0
77.27037,58.97179,0
3.5023708,-71.97024,0
72.126656,4.474547,0
69.857475,-73.16697,0
-51.717285,-141.94511,0
-110.69886,-13.626327,0
70.81776,5.060436,0
103.05692,61.351902,0
69.50598,5.3386745,0
12.820355,-62.89482,0
-50.641163,39.379047,0
34.71926,-141.20322,0
-109.94261,-90.24486,0
-127.99486,18.6051,0
-50.6345,39.39782,0
125.5063,16.918823,0
-44.33379,41.554783,0
-49.907955,-16.47378,0
-0.5813824,112.40072,0
43.924576,-117.4759,0
-65.27793,-91.663734,0
-169.3217,-17.711676,0
-0.15100761,111.98835,0
148.5255,4.8369846,0
2.5902698,109.21442,0
-40.575783,-44.751156,0
-65.7253,53.078423,0
18.415663,-141.45912,0
-107.8847,-76.468704,0
-192.17126,1.3629613,0
-65.638435,53.454407,0
171.23633,7.9422693,0
-65.82709,54.04945,0
-58.18518,-2.4715369,0
24.532818,-22.329926,0
85.76329,-121.07236,0
-91.66433,-108.51658,0
-129.48575,15.271699,0
24.152077,-21.90887,0
133.36879,74.93164,0
20.412066,-16.518803,0
10.215996,-25.20822,0
-93.936485,49.74518,0
6.6246524,-166.2399,0
-116.4741,-63.911728,0
-195.26675,12.27313,0
-93.26753,50.234047,0
176.17229,6.6597633,0
-91.20871,50.854126,0
-59.407787,9.706802,0
53.052963,117.40618,0
20.894684,-87.125725,0
-53.29582,-87.83564,0
-165.92351,-14.71868,0
53.92399,117.38574,0
156.88567,20.55671,0
54.607925,117.527084,0
-31.809858,-77.309235,0
17.552017,153.50952,0
113.91665,-77.244286,0
135.41751,-53.12382,0
14.385576,165.94847,0
14.314786,162.6192,0
76.61539,140.56511,1
14.506916,165.38028,0
14.266933,162.19334,0
-7.8952546,62.22087,0
38.6732,-55.94657,0
-98.60289,-142.26714,0
-152.23099,15.787137,0
-7.9830284,61.42694,0
145.03633,16.742249,0
-11.4706,57.0444,0
-36.96943,-33.92035,0
-9.255322,129.36662,0
37.234596,-121.571594,0
-71.01787,-85.68125,0
-168.02254,-5.1894417,0
-8.991053,129.25685,0
150.44963,-11.384491,0
-4.5027423,127.306244,0
-50.252213,-46.614517,0
50.69553,28.950384,0
63.497105,-101.11144,0
-48.4619,-131.00716,0
-107.66681,2.0179782,0
50.396904,28.65191,0
116.79304,62.42341,0
46.903347,27.301928,0
-2.8233142,-44.95358,0
12.381962,102.18402,0
34.48574,-103.040596,0
-71.22186,-108.07864,0
-164.08047,-30.160995,0
12.14771,102.566826,0
146.59972,-12.559291,0
10.300466,103.8113,0
-40.02292,-59.67966,0
13.150044,-4.046411,0
70.81818,-122.9316,0
-97.69691,-113.51051,0
-136.24329,10.965853,0
13.24111,-3.5186968,0
136.16782,31.217747,0
14.374254,-2.1691086,0
0.4084939,-24.691565,0
33.47029,44.768036,0
58.23722,-82.11814,0
-61.99055,-144.10175,0
-115.1439,-17.155323,0
33.131958,45.093784,0
126.025444,49.633064,0
11.323527,24.796108,0
-1.0271698,-57.0575,0
15.411703,19.91372,0
69.59624,-133.74173,0
-66.183754,-145.63939,0
-117.35745,-2.102206,0
14.915099,19.805809,0
130.06711,63.795006,0
11.353614,21.814468,0
-10.595432,-33.25756,0
-64.933395,95.94008,0
0.6975721,-129.42824,0
-90.45094,-62.80829,0
-178.00256,19.493128,0
-65.420494,96.43112,0
167.31743,-4.736019,0
-66.20872,97.984146,0
-40.688816,-1.375209,0
-31.518248,129.09364,0
2.535909,-109.27114,0
-65.03736,-62.774075,0
-149.48598,-9.090529,0
-31.111464,128.58221,0
175.74448,25.82849,0
-24.96016,122.46184,0
-23.033283,-0.09149906,0
93.52052,-15.857348,0
11.992718,-128.40117,0
93.163734,-13.240319,0
123.84417,-58.706173,0
88.0623,-9.674554,0
173.60141,61.532593,0
93.774704,-17.265392,0
93.095825,-16.876724,0
1.7726703,-6.7335386,0
61.848072,-129.7134,0
-110.89343,-115.15444,0
-142.31142,9.959885,0
0.5463918,-7.1490426,0
130.35355,-7.1835866,0
-2.5754106,-3.929403,0
-2.486225,-13.649446,0
-5.2105894,132.02045,0
40.396626,-125.59013,0
-67.7131,-81.999886,0
-162.38828,-1.6418297,0
-4.598515,131.98091,0
157.05544,-4.5922227,0
-1.9081354,128.90987,0
-49.061714,-41.339664,0
18.659664,15.321048,0
43.967678,-143.9778,0
-107.524796,-98.00795,0
-119.90962,21.19687,0
18.940392,15.397895,0
127.94224,52.812267,0
19.706158,16.24602,0
-8.589216,-28.702955,0
-18.788767,105.17585,0
29.591818,-117.57946,0
-75.72428,-88.25457,0
-169.03177,-11.517312,0
-19.696667,103.38455,0
152.14743,-4.3719525,0
-22.734032,101.046616,0
-58.38928,-43.40007,0
54.556503,90.39287,0
34.568935,-79.71694,0
-40.839905,-99.561966,0
-152.38464,-28.204105,0
55.529846,89.14612,0
142.4635,22.315735,0
56.517616,88.64727,0
-18.753109,-72.92229,0
13.049257,71.47883,0
13.9555,-99.10948,0
-56.869663,-76.533516,0
-148.53493,2.285116,0
12.862933,71.107216,0
114.67512,37.203316,0
12.520523,70.07138,0
-21.45159,-12.961658,0
62.967754,-9.259156,0
83.21913,-80.78424,0
-44.798252,-153.35336,0
-91.97871,-9.767441,0
62.87055,-9.231596,0
116.381,81.919556,0
54.522797,-5.648493,0
21.640541,-51.322624,0
26.161263,124.92836,0
27.985394,-98.39517,0
-72.501366,-102.215675,0
-162.1994,-23.009815,0
23.616152,125.75954,0
160.53314,-14.066064,0
21.140778,126.45616,0
-43.12986,-67.13572,0
-23.564863,128.25833,0
2.2653341,-104.415245,0
-61.75222,-65.6392,0
-150.97424,-11.773927,0
-23.14909,127.94762,0
177.47868,32.90318,0
-22.825653,125.763336,0
-23.496021,-3.2377234,0
31.769983,105.38479,0
47.176838,-95.17428,0
-57.25372,-110.78863,0
-146.69943,-33.70044,0
31.780031,104.52383,0
139.20314,29.32718,0
31.963144,103.662704,0
-29.662802,-63.604897,0
70.3691,69.7639,0
44.025326,-67.76839,0
-30.245972,-106.343414,0
-126.90675,-22.040537,0
70.54086,69.82222,0
152.08249,42.938335,0
67.63164,70.1248,0
-7.08412,-75.60159,0
-28.53495,125.81641,0
-2.314547,-109.45774,0
-67.24108,-66.23308,0
-154.84314,-9.81732,0
-28.4295,125.71159,0
178.4361,30.214674,0
-26.932306,123.82251,0
-27.164312,-0.9145628,0
-15.053438,66.27672,0
38.06999,-50.63232,0
-98.892075,-147.59364,0
-158.23827,13.901183,0
-15.901061,66.181625,0
145.25873,10.791302,0
-17.324537,65.56076,0
-41.864746,-32.58052,0
-34.820423,46.009205,0
30.76069,-153.80713,0
-93.20706,-88.35308,0
-117.3479,27.400936,0
-34.99623,45.75225,0
112.867355,35.58095,0
-37.176983,53.275723,0
-61.660793,-20.358633,0
72.626686,-1.6564142,0
75.25467,-77.166794,0
-50.88654,-146.83795,0
-104.55939,-13.855113,0
71.88239,-1.2690412,0
111.924805,62.43447,0
63.532047,3.1177304,0
16.347986,-57.41277,0
-54.176247,125.988106,0
5.4867086,-108.92236,0
-72.10038,-58.28177,0
107.71419,-31.29647,0
-48.64955,123.43782,0
177.35806,42.80137,0
-57.503906,127.860535,0
-54.13612,131.57129,0
98.219406,-10.040915,0
-6.3929777,-120.65565,0
130.26736,-64.84807,0
37.852676,152.46414,0
104.37625,-15.359935,0
171.33405,66.35994,0
105.27577,-15.261411,0
103.5604,-15.629695,0
55.89646,101.7089,0
28.267466,-82.03189,0
-48.15863,-96.760994,0
-139.22095,-9.093186,0
55.83066,101.99668,0
144.92915,28.23994,0
31.84093,71.282745,0
-22.550703,-76.144966,0
80.467026,-15.899001,0
12.404784,-104.93925,0
-76.78698,-53.3455,0
118.7145,-53.11635,0
80.48899,-12.6042385,0
179.78659,53.679108,0
78.5062,-17.235916,0
78.39967,-17.78256,0
-59.671402,100.15058,0
2.328662,-126.92762,0
-87.76019,-61.75538,0
-157.2228,-1.2756227,0
-59.701107,100.32045,0
173.27737,20.392862,0
-60.05704,101.22093,0
-38.016216,-2.3945773,0
56.100323,71.26174,0
40.894577,-77.96961,0
-40.09448,-103.08645,0
-133.0735,-14.509982,0
56.36689,71.239334,0
127.72324,42.33641,0
57.999477,71.77662,0
-11.315141,-71.213715,0
5.1119614,16.972717,0
76.383514,-137.10097,0
-70.98535,-143.37425,0
-108.76739,18.523945,0
5.496971,16.76914,0
125.944145,76.437126,0
2.897449,21.418804,0
-12.861739,-28.077217,0
40.478584,29.715832,0
58.675606,-99.07247,0
-52.65733,-123.23133,0
-114.02631,2.8920527,0
40.880016,29.647816,0
140.93059,50.4133,0
54.13977,36.192703,0
-7.392094,-48.738346,0
97.902176,-9.926249,0
-6.1095862,-120.35769,0
131.26572,-65.45502,0
38.75491,153.238,0
104.48858,-16.015638,0
170.65587,66.54335,0
105.22498,-16.05529,0
103.77579,-16.125328,0
51.244785,96.77063,0
26.97651,-89.04967,0
-56.715347,-94.58896,0
-173.59088,-35.392303,0
50.972492,97.25369,0
142.74425,0.34732538,0
48.163666,98.46498,0
-30.798512,-72.37547,0
-11.181823,94.62107,0
105.86262,-106.109215,0
-22.376726,-123.6392,0
-165.78145,-7.422173,0
-11.212965,94.478645,0
146.10344,-5.250016,0
-11.327008,94.350876,0
37.77527,-39.106487,0
48.798416,64.2559,0
45.3265,-80.716896,0
-44.501564,-109.45215,0
-134.86537,-9.265918,0
48.908695,64.23176,0
122.6113,40.562874,0
46.595245,68.112114,0
-10.873963,-65.64128,0
15.248926,71.16361,0
13.93546,-97.77704,0
-46.37346,-119.76386,0
-118.18146,-6.1072907,0
15.234698,71.16085,0
114.75504,36.210358,0
16.63376,71.61334,0
-13.092675,-54.33444,0
-10.345129,10.496764,0
58.086716,-140.79118,0
-98.85592,-126.35576,0
-143.06456,28.456425,0
-10.505015,9.674802,0
116.00369,22.282928,0
-11.136676,8.462578,0
-27.835318,-21.039434,0
50.09941,64.16357,0
47.55643,-81.5113,0
-44.70715,-109.93382,0
-131.72713,-7.6793046,0
47.6964,64.02994,0
125.52974,42.912113,0
45.03412,61.389866,0
-9.867966,-64.55588,0
-114.34907,98.68573,0
-9.953431,-165.85574,0
-140.96352,-73.89253,0
-172.82106,32.882904,0
-114.28622,96.900345,0
190.30525,-0.9763638,0
-114.84637,95.49532,0
-117.49895,61.06,0
-9.346402,165.18965,0
105.83041,-80.48415,0
134.43338,-37.396893,0
130.69121,-61.525517,0
-9.058641,153.67728,0
84.66298,132.96361,1
-12.39921,167.1181,0
-11.273395,166.35179,0
14.3646145,52.40653,0
53.519573,-88.44607,0
-86.94403,-127.779755,0
-141.01823,22.763847,0
14.696606,51.89922,0
112.3639,26.062391,0
15.321106,51.607662,0
-27.178982,-38.846478,0
-125.6405,90.16547,0
-16.137785,-178.39458,0
-150.06268,-65.46079,0
-171.87697,42.13655,0
-125.69716,89.58735,0
190.62491,-9.753785,0
-126.46641,87.36234,0
-121.15387,48.26261,0
19.906883,44.76947,0
57.00035,-108.74364,0
-76.04786,-121.70538,0
-112.51172,9.840684,0
19.238935,45.233234,0
134.21397,59.112953,0
18.081327,46.172962,0
-30.155985,-45.77148,0
-13.087284,26.765293,0
67.06051,-144.64705,0
-100.64747,-99.3501,0
-126.978096,21.122099,0
-13.2874775,26.943836,0
115.66256,30.111252,0
-13.736004,28.78069,0
-23.500778,-23.964561,0
-56.45012,18.386837,0
46.71528,-159.90128,0
-121.55255,-96.72905,0
-184.97641,-5.23357,0
-56.11955,20.241545,0
128.05351,7.3172584,0
-56.091724,20.850647,0
-72.39758,-30.549633,0
9.999959,-12.343396,0
92.72038,-97.37487,0
-22.479877,-139.45493,0
-105.68569,23.962547,0
9.591878,-12.722716,0
138.90198,76.29801,0
9.181833,-13.092365,0
8.0234,-14.377424,0
72.29233,38.519814,0
56.88406,-95.564995,0
-50.99144,-120.047905,0
-113.87767,-8.30434,0
72.22415,38.40364,0
132.84288,48.444496,0
57.317596,39.604973,0
-7.8665195,-53.13805,0
64.9928,-10.647514,0
79.51904,-80.35167,0
-46.616898,-151.4655,0
-94.87816,-13.985911,0
65.045105,-6.583546,0
110.805374,76.29757,0
59.407513,-0.6513093,0
17.524296,-52.66891,0
37.75714,67.92178,0
43.806313,-84.77572,0
-47.02943,-104.471375,0
-135.24455,-5.6241975,0
36.335392,68.17458,0
128.15277,43.67094,0
34.77227,68.75046,0
-15.225343,-65.699234,0
83.909195,-18.30779,0
3.334379,-108.614075,0
-75.863045,-51.447647,0
119.922264,-55.633545,0
82.10799,-10.366163,0
179.66933,55.01028,0
82.89645,-22.779093,0
81.97022,-21.394543,0
-28.912056,40.828693,0
35.32065,-150.84245,0
-96.58325,-93.759705,0
-121.86155,17.191868,0
-29.416502,41.510338,0
130.67552,55.45543,0
-30.796932,43.161484,0
-53.213024,-21.839373,0
44.44938,-3.3251154,0
77.67499,-103.31679,0
-35.416645,-140.2086,0
-91.2702,-5.657781,0
43.291924,-2.419884,0
114.24659,72.44581,0
43.56728,-0.5224702,0
8.533967,-40.802624,0
9.361796,29.514273,0
76.75284,-136.76007,0
-71.06235,-141.27298,0
-118.26032,17.893997,0
9.225795,29.557549,0
143.00873,68.486534,0
8.444971,32.261284,0
-16.287884,-32.132755,0
63.563946,-12.630623,0
81.863396,-77.94062,0
-42.885487,-150.38927,0
-91.51371,-15.420188,0
61.94669,-11.512511,0
109.971825,78.289024,0
56.985264,-9.755748,0
20.364113,-54.014103,0
23.833193,41.501003,0
35.602535,-149.64575,0
-97.31436,-94.389305,0
-136.72879,9.628825,0
23.471718,41.623417,0
132.23431,46.527218,0
-31.721693,43.47091,0
-54.03286,-20.916325,0
77.7222,4.9220886,0
69.79171,-76.899796,0
-48.284027,-142.59084,0
-106.69149,-21.029196,0
77.89124,5.179226,0
103.8433,57.04132,0
66.165375,8.609841,0
10.558039,-60.060024,0
-16.356356,104.604645,0
30.175816,-116.55662,0
-75.48006,-89.533516,0
-169.6103,-11.976337,0
-17.284899,104.561195,0
155.57512,-2.0376909,0
-20.160376,100.90198,0
-57.560905,-44.9788,0
5.4111195,-4.670916,0
62.014446,-127.97578,0
-107.995,-115.13045,0
-138.62212,8.920211,0
4.865269,-4.0986385,0
144.00499,47.97111,0
3.465818,-0.08984163,0
-0.5483741,-15.656401,0
74.79601,0.05996269,0
73.55361,-79.34428,0
-50.004276,-146.65582,0
-104.175156,-14.830851,0
74.64747,0.31867132,0
105.28973,60.505398,0
63.722115,4.924878,0
12.594722,-57.56421,0
63.667557,102.46684,0
25.417461,-77.67559,0
-43.780914,-92.86429,0
-141.32968,-9.853855,0
63.123287,102.63373,0
157.48174,31.225515,0
61.818153,103.30457,0
-18.855806,-79.601105,0
-8.820161,63.906635,0
37.92379,-55.28497,0
-99.28007,-143.17941,0
-141.94696,-14.186145,0
-8.988033,63.620697,0
145.97153,16.993464,0
-13.124595,57.97459,0
-37.766335,-34.447647,0
71.420105,-5.8962455,0
76.35834,-77.71025,0
-45.865868,-148.5947,0
-95.019295,-14.954019,0
67.79892,-7.491084,0
107.190575,64.7215,0
60.835384,-0.84986585,0
16.170319,-55.517906,0
16.87108,-6.3480425,0
73.540565,-121.87265,0
-97.62509,-116.43883,0
-124.87273,12.7507,0
16.705889,-5.750782,0
124.53932,64.75552,0
17.835403,-4.015107,0
1.7905966,-27.10243,0
-13.79075,92.33246,0
35.930386,-116.74201,0
-79.2451,-95.33617,0
-168.28506,-37.006954,0
-13.845574,92.169586,0
145.0556,-4.2350574,0
-13.679917,91.707504,0
-60.41477,-50.20044,0
52.503628,69.06844,0
42.99297,-79.147156,0
-41.156887,-106.66704,0
-132.64488,-11.041545,0
51.768528,69.01391,0
157.53143,48.73588,0
49.114708,70.299576,0
-11.663045,-69.57754,0
-91.68594,83.49287,0
-4.8909316,-146.78206,0
-101.48842,-51.765144,0
-185.76917,23.7264,0
-91.40042,83.705605,0
173.35715,-4.717679,0
-86.47512,84.44268,0
-78.04427,6.5943465,0
64.810745,30.02781,0
63.466816,-94.42519,0
-44.697514,-127.65867,0
-110.3649,-10.121191,0
65.086136,30.573116,0
114.05164,56.248676,0
57.445858,31.746435,0
-2.529198,-53.094868,0
-6.156454,27.26482,0
73.49492,-144.38478,0
-77.55663,-142.03394,0
-112.082535,24.732296,0
-6.307795,25.85266,0
147.42957,65.85374,0
-4.311247,22.68574,0
-18.479223,-23.32956,0
77.68655,54.068886,0
52.479855,-68.17689,0
-30.302399,-115.71558,0
-114.70846,-23.977982,0
77.71052,54.92547,0
107.53402,51.05924,0
75.8472,59.273754,0
2.7447562,-69.60255,0
46.57168,-6.787052,0
80.58683,-100.68079,0
-37.787003,-143.59972,0
-90.569084,-12.835756,0
47.927868,-7.2257037,0
114.74834,77.06927,0
49.41876,-7.676812,0
12.254281,-42.915348,0
45.09694,48.362324,0
67.13261,-74.95748,0
-49.62279,-140.25548,0
-109.33371,-13.205238,0
45.288845,48.440758,0
120.39276,41.45749,0
46.473503,48.6595,0
9.159104,-62.14566,0
72.30223,13.8559065,0
68.90131,-84.62507,0
-34.10248,-130.43373,0
-98.48862,-16.19383,0
71.334,14.404973,0
105.17012,53.70474,0
64.64622,13.05858,0
7.84065,-52.757805,0
10.028906,149.61722,0
108.10217,-67.72891,0
140.6488,-58.300835,0
5.2191944,145.81682,0
7.3521304,146.4152,0
78.28018,134.29927,1
6.2941356,145.61452,0
8.3770895,146.15459,0
43.090916,47.5051,0
65.75328,-72.63736,0
-50.641495,-139.7297,0
-127.07845,-5.6826167,0
42.984562,47.478073,0
121.53944,40.60702,0
41.461113,57.04234,0
10.070235,-66.85721,0
-38.89698,31.022291,0
38.381622,-144.02214,0
-107.08073,-94.0941,0
-118.66356,19.732586,0
-38.908245,32.364986,0
128.11433,55.095913,0
-38.64279,34.049294,0
-45.232365,-19.175846,0
27.046873,39.91537,0
55.31873,-113.5797,0
-64.1884,-130.27284,0
-116.76062,4.2182083,0
27.24894,39.528873,0
140.60342,56.00897,0
29.373024,37.605545,0
-18.34786,-45.002617,0
-32.724026,129.64992,0
3.1763349,-109.569664,0
-65.100075,-62.47321,0
-149.44656,-8.79706,0
-32.927326,129.55563,0
177.07297,35.864983,0
-24.476063,121.614265,0
-22.822443,-0.21637557,0
66.10448,40.25555,0
61.336437,-111.02702,0
-58.303467,-128.36021,0
-114.14345,1.2469325,0
65.93529,40.543415,0
134.45244,65.11745,0
58.02302,42.07946,0
-14.377935,-48.056454,0
-23.368479,20.062578,0
47.73076,-138.1246,0
-107.614456,-107.13891,0
-134.16983,8.945925,0
-22.94433,19.600353,0
127.94198,24.533852,0
-22.447645,19.17939,0
-35.32119,-9.425613,0
-31.03629,94.72415,0
32.406918,-129.60379,0
-80.93608,-80.895355,0
-161.98787,-12.636265,0
-31.041529,94.699844,0
134.90634,23.041151,0
-36.018528,95.28078,0
-52.165943,-33.572166,0
-38.28763,30.66971,0
38.374264,-143.25392,0
-107.69195,-94.02116,0
-119.34414,20.609781,0
-38.157635,30.988806,0
127.14997,55.057266,0
-38.44021,34.588337,0
-45.27318,-18.042572,0
51.381317,21.037817,0
67.5469,-101.772736,0
-44.96865,-133.36984,0
-101.95196,-4.811192,0
50.725994,20.540646,0
118.504425,69.43242,0
47.07775,21.78356,0
0.7019322,-43.929375,0
-59.90823,59.213314,0
10.597282,-155.08415,0
-102.904564,-75.38156,0
-181.96732,-3.523475,0
-59.792847,59.73112,0
157.03624,5.593644,0
-59.85639,61.3347,0
-73.63531,-9.68301,0
-59.151917,38.051468,0
29.017984,-139.3873,0
-110.8099,-85.26965,0
-198.8191,-5.024647,0
-59.50346,38.391293,0
125.63731,14.287457,0
-59.593784,40.82975,0
-49.804153,-9.002597,0
81.649666,90.79536,0
33.72005,-68.76529,0
-31.938002,-97.343895,0
-138.8894,-22.72214,0
81.20867,90.63532,0
160.74559,38.11726,0
71.70882,89.35316,0
-6.8549676,-80.74177,0
85.326515,-18.544792,0
12.2682295,-130.47821,0
-79.79803,-52.995823,0
120.71044,-56.098343,0
83.76438,-9.047603,0
176.786,55.59366,0
85.06463,-20.982864,0
85.090515,-20.819326,0
43.089455,7.654617,0
73.945496,-101.013016,0
-39.468544,-137.52214,0
-96.758514,-1.9964108,0
43.609104,8.776088,0
119.26916,73.3619,0
46.548626,8.897229,0
5.9308233,-43.943386,0
-34.073784,98.97873,0
29.012613,-128.41637,0
-83.27157,-79.63034,0
-176.259,-5.6560674,0
-34.756893,99.060875,0
162.04333,-2.5818846,0
-36.964264,98.99474,0
-55.850174,-33.799072,0
27.041746,102.010414,0
49.725815,-98.6947,0
-58.571922,-112.318665,0
-145.97661,-36.505753,0
27.878738,102.16305,0
139.84813,36.560566,0
28.62661,103.25055,0
-28.529545,-59.638577,0
25.224142,124.29596,0
28.318935,-98.58061,0
-72.21174,-102.693756,0
-162.73901,-24.214535,0
24.383858,124.736626,0
159.75008,-11.253998,0
20.505133,125.8922,0
-42.509228,-66.71979,0
29.966,8.278814,0
78.428535,-88.66404,0
-55.60357,-151.6608,0
-111.146805,0.4921226,0
24.682316,11.22202,0
124.26658,81.54954,0
25.239975,12.219659,0
16.035757,-44.743958,0
17.283903,35.54165,0
58.325813,-118.86514,0
-66.78257,-136.86629,0
-121.26347,4.5604777,0
16.650667,36.29749,0
142.34149,59.14709,0
13.794107,36.872147,0
-18.213064,-37.257214,0
3.712032,32.867798,0
68.97457,-138.8114,0
-76.768555,-148.36208,0
-113.93673,19.732971,0
3.505887,32.61279,0
114.632324,27.592283,0
3.2505186,31.250303,0
-19.016977,-29.647831,0
-85.362785,70.387924,0
0.48481542,-149.90846,0
-99.667625,-58.4884,0
-190.08727,19.918623,0
-84.22836,70.523506,0
177.69482,-5.5536375,0
-82.195,71.5417,0
-77.57623,1.9870803,0
-1.3301123,111.56275,0
44.47926,-116.92451,0
-64.64354,-91.99399,0
-158.84065,4.953981,0
-1.1399007,111.452385,0
145.61018,12.960653,0
1.5120772,109.153534,0
-40.945557,-45.5989,0
27.750444,106.71273,0
43.118587,-96.14379,0
-59.635593,-108.33743,0
-149.04474,-30.463905,0
27.709583,107.31265,0
147.2421,30.683594,0
27.550163,107.53143,0
-35.324123,-64.02879,0
-70.45612,43.63875,0
22.867174,-138.66783,0
-111.89097,-79.05017,0
-196.41339,1.066485,0
-69.96031,44.262127,0
132.85509,12.522659,0
-69.00559,46.39618,0
-52.013115,-2.8625555,0
24.632755,71.28319,0
8.089754,-101.05484,0
-23.45213,-106.88298,0
-132.05478,-26.190767,0
24.78101,71.85794,0
102.84787,44.595245,0
25.256685,73.3977,0
3.5325844,-80.81976,0
30.578728,21.919413,0
74.267296,-85.259155,0
-55.82069,-146.64914,0
-120.59771,-12.196948,0
30.391653,22.344625,0
105.43924,64.58069,0
30.08767,23.360386,0
12.413971,-54.478554,0
-8.816352,130.65305,0
38.441074,-124.214516,0
-69.936966,-83.28446,0
-165.67268,-4.3261294,0
-8.497336,130.5317,0
154.7764,-7.245201,0
-4.6834464,128.27092,0
-50.441998,-43.76029,0
71.243546,37.676846,0
58.229126,-95.90547,0
-50.598152,-120.83441,0
-110.6252,-8.841451,0
71.327126,37.86193,0
117.27891,52.980076,0
57.064075,38.23525,0
-7.1541,-52.35185,0
48.7597,18.089115,0
69.77283,-103.299065,0
-44.66876,-134.9723,0
-102.38817,0.15479353,0
48.19414,18.062965,0
118.59619,75.7134,0
46.74537,18.88131,0
1.4332128,-41.863434,0
63.06539,-50.348095,0
97.07493,-86.01389,0
54.790794,-48.709446,0
-84.599724,-16.13026,0
62.62448,-50.243774,0
114.76952,86.20906,0
61.43112,-50.214016,0
59.82862,-49.82518,0
27.337263,119.97188,0
32.91829,-97.77466,0
-69.629875,-104.838776,0
-163.4356,-30.0594,0
27.45367,119.38263,0
153.33789,-11.851641,0
27.809359,118.56646,0
-40.161755,-64.008156,0
52.183872,4.687988,0
75.37125,-99.55809,0
-37.570484,-136.7826,0
-96.77803,-7.052948,0
51.574646,4.713201,0
112.52586,69.46495,0
48.42172,8.011252,0
7.532566,-45.380775,0
-108.1536,93.8766,0
-11.258915,-169.16933,0
-143.20114,-70.97993,0
-174.96321,35.571285,0
-109.141914,93.47623,0
187.59103,-4.759143,0
-110.19588,92.77281,0
-119.24211,57.497326,0
35.24702,110.59116,0
46.721245,-92.88559,0
-55.681377,-107.494705,0
-143.4883,-24.957943,0
35.632565,110.43878,0
147.3453,32.864002,0
36.60261,110.52489,0
-30.582867,-66.96236,0
-3.9346273,27.95502,0
73.838425,-142.70319,0
-75.95721,-142.39005,0
-111.71284,23.945456,0
-2.4723625,21.330809,0
147.3291,68.86297,0
-2.6929188,21.60375,0
-17.019775,-24.261644,0
25.137066,45.112377,0
56.347404,-106.5867,0
-77.44019,-124.42294,0
-114.55562,5.8462563,0
25.504015,45.188663,0
138.9521,61.78292,0
26.777784,45.395435,0
-24.82884,-43.894478,0
-74.3523,135.08527,0
95.36222,-96.89036,0
113.22089,-40.747345,0
103.246124,-38.07262,0
-75.38676,135.45557,0
99.384895,119.83928,1
-76.476746,135.73788,0
-77.242165,136.5714,0
-24.805206,113.43034,0
9.382687,-106.766075,0
-61.98329,-70.838356,0
-152.5699,-4.3003116,0
-24.462564,114.015236,0
172.89082,32.22065,0
-24.150003,114.74504,0
-25.067993,-6.5588107,0
-9.552942,86.91259,0
26.025045,-105.993324,0
-80.57093,-112.31269,0
-169.45953,-23.780025,0
-9.950345,86.957344,0
165.59264,-5.4673486,0
-4.3527427,87.617836,0
-49.003464,-59.062714,0
-29.592945,53.52318,0
33.382538,-158.23251,0
-90.2256,-92.14436,0
-178.9938,-15.661044,0
-29.360756,53.542946,0
137.34033,-2.390499,0
-28.445307,54.0547,0
-58.842648,-25.08864,0
-80.183556,31.699839,0
15.63954,-172.70673,0
-121.61003,-74.205246,0
-203.68298,5.4080596,0
-80.55793,31.007603,0
119.18503,9.281955,0
-85.228134,32.68023,0
-47.443115,3.4350684,0
14.338365,54.65964,0
54.63213,-87.666245,0
-86.86852,-128.57239,0
-139.93045,24.067564,0
14.95922,54.024487,0
131.16711,50.747204,0
17.7888,53.119926,0
-26.896273,-38.075108,0
42.719845,10.7097025,0
72.18629,-101.7565,0
-41.636948,-137.53212,0
-98.76224,0.13643982,0
43.550972,11.083353,0
133.32175,64.96042,0
44.294014,11.55638,0
3.5586987,-43.271145,0
-136.94612,74.65718,0
-19.663218,-169.25136,0
-152.60713,-74.86436,0
-164.14233,42.819763,0
-136.92873,74.58701,0
199.1299,-5.6046143,0
-135.9384,74.07655,0
-128.25021,57.435677,0
-25.776299,51.561714,0
34.238438,-159.20381,0
-88.88754,-93.31088,0
-181.7707,-19.907486,0
-26.094162,51.95,0
138.46721,-0.71582186,0
-26.585691,52.97675,0
-57.709106,-26.173428,0
33.50325,47.096134,0
54.261932,-118.88953,0
-61.738976,-137.80464,0
-124.963646,-1.8575486,0
33.475792,47.042667,0
132.77821,44.150383,0
30.0268,51.710743,0
-14.346677,-39.188774,0
38.69757,49.452354,0
67.701996,-70.91016,0
-54.523205,-140.78426,0
-123.460464,-8.4870825,0
38.54216,49.14868,0
131.92294,40.728634,0
39.52703,55.148605,0
13.228199,-66.552956,0
-68.41411,43.544415,0
23.020826,-140.18228,0
-111.19855,-79.90773,0
-195.26912,0.26413867,0
-68.24809,44.160812,0
125.45592,9.576903,0
-67.95336,45.765675,0
-53.2271,-3.880613,0
5.9924836,-2.5440946,0
60.732758,-126.87849,0
-106.96839,-115.96258,0
-138.4498,9.791518,0
5.3903193,-1.3612528,0
131.3632,60.61607,0
4.729275,1.1858966,0
-0.5097531,-16.412935,0
-57.274223,152.6508,0
100.74617,-92.758255,0
125.91589,-39.859886,0
109.55137,-34.3482,0
-58.305702,155.07162,0
96.04252,124.824135,1
-59.54339,159.14511,0
-58.944065,157.38676,0
-61.34595,21.906614,0
44.44488,-160.3692,0
-121.08192,-93.31547,0
-184.33939,-5.7646756,0
-60.83356,21.983892,0
172.95634,0.020840775,0
-58.761066,24.36459,0
-71.32978,-28.419508,0
54.365395,22.58097,0
65.45413,-102.562965,0
-46.20133,-133.05025,0
-101.60512,-0.4690329,0
54.48294,22.729095,0
118.645164,71.129974,0
48.732193,24.252733,0
-0.92514044,-43.270355,0
73.625145,2.7676432,0
70.751495,-74.66492,0
-50.412567,-143.11714,0
-107.32364,-14.19137,0
73.00213,2.6721647,0
102.892654,59.822937,0
67.30491,5.791153,0
13.113736,-61.3528,0
-26.438833,76.071884,0
22.643204,-125.98903,0
-83.2307,-70.18666,0
-143.17976,-0.5200826,0
-26.86699,75.974945,0
158.92845,10.555244,0
-47.209396,93.003296,0
-39.75255,-12.314381,0
7.562734,-1.5089773,0
70.01974,-114.67989,0
-105.9812,-115.84642,0
-116.28457,7.9044795,0
6.382468,-0.2823857,0
129.78574,61.17708,0
5.4233007,1.2557644,0
0.2030245,-17.38121,0
-51.440678,30.144318,0
39.33139,-155.77647,0
-114.54189,-92.81914,0
-188.07558,-15.514251,0
-51.139664,30.097681,0
133.25842,0.5157027,0
-50.173294,29.817743,0
-64.94958,-25.525923,0
-42.764652,124.538086,0
6.444085,-111.60472,0
-71.304756,-61.0704,0
-147.2255,-10.727639,0
-42.703045,124.490585,0
178.01385,36.55753,0
-42.06619,124.30555,0
-18.611465,-3.763459,0
-18.958683,17.398495,0
33.442753,-133.44395,0
-99.847115,-106.63444,0
-133.00465,7.2667923,0
-18.899267,16.942898,0
162.02026,18.286114,0
-19.611269,16.458279,0
-1.3877612,-23.902416,0
-23.5695,73.88616,0
17.588903,-116.66618,0
-86.12691,-98.92717,0
-153.3988,8.984862,0
-23.433054,73.73142,0
116.582405,24.885275,0
-22.678211,73.34879,0
-43.04802,-14.379993,0
-59.953205,151.63106,0
100.599144,-91.24066,0
124.1539,-40.245956,0
106.98755,-36.11828,0
-61.567387,153.70183,0
94.52722,124.57734,1
-62.776047,156.95627,0
-62.25323,155.52466,0
-5.1213093,113.13634,0
41.510887,-118.27482,0
-67.72385,-90.394356,0
-160.1173,3.2805996,0
-5.1917768,113.07977,0
145.8246,4.2480097,0
-1.5775341,118.91976,0
-44.183804,-47.634045,0
-15.500948,111.058495,0
36.391624,-121.43963,0
-72.17203,-86.37871,0
-173.8438,-12.416963,0
-15.35783,111.48199,0
151.86447,-10.787204,0
-15.007735,112.107475,0
-50.61309,-47.563694,0
-57.501312,152.54688,0
100.16058,-93.25105,0
125.14173,-40.04198,0
109.383156,-34.520844,0
-59.158726,154.62634,0
95.722435,124.82713,1
-59.96345,159.09113,0
-59.426254,157.32893,0
52.391018,9.287554,0
72.36506,-97.57385,0
-39.582092,-134.60875,0
-96.43722,-5.54964,0
51.61573,9.679496,0
114.17537,67.572136,0
50.59518,10.736268,0
5.566358,-46.67979,0
6.344467,40.771065,0
47.372616,-59.846447,0
-93.89036,-137.49104,0
-141.58258,35.507545,0
6.143968,40.695698,0
103.156425,33.159843,0
-5.4544396,42.50689,0
-33.918213,-27.46158,0
91.88467,-16.888927,0
2.2267277,-120.2729,0
-79.73674,-50.480343,0
123.24695,-58.27156,0
86.95,-10.038697,0
176.8794,57.305496,0
92.58805,-18.17773,0
91.87449,-17.964924,0
-15.35621,9.70063,0
46.771862,-131.0843,0
-103.46406,-110.82635,0
-134.2074,1.2068418,0
-15.783119,9.494946,0
128.46451,31.921663,0
-15.60022,8.877721,0
-3.7315655,-22.839312,0
-28.788185,111.00623,0
6.422788,-114.95598,0
-66.45799,-71.11968,0
-157.89957,-7.2002907,0
-28.959766,111.299484,0
179.89525,24.29418,0
-29.394447,112.498184,0
-27.673775,-5.855052,0
59.45458,80.60397,0
34.738674,-82.26147,0
-43.53309,-99.17313,0
-138.72745,-28.951038,0
59.23631,80.70091,0
142.63516,21.12528,0
54.240044,86.345505,0
-20.007553,-70.79426,0
-21.02679,40.827824,0
56.563507,-150.63622,0
-104.065346,-132.34943,0
-153.5626,27.630953,0
-21.047005,41.041172,0
112.932884,17.891693,0
-21.320051,42.706074,0
-37.75861,-21.22735,0
-68.69899,65.37568,0
15.395463,-147.07451,0
-100.01116,-70.61551,0
-171.36969,-0.6430172,0
-68.528175,65.29086,0
166.17311,11.692481,0
-64.725296,64.28327,0
-64.43219,-6.12033,0
-22.531593,95.62829,0
32.213734,-120.346855,0
-79.46245,-89.14842,0
-169.45518,-15.91589,0
-22.605614,95.76517,0
150.19296,-6.391287,0
-23.39254,96.67322,0
-61.95847,-45.09042,0
34.04424,-12.850189,0
84.013245,-112.57451,0
-31.733849,-150.01523,0
-90.33739,4.9493484,0
33.24631,-12.725684,0
131.16656,77.61892,0
32.32712,-12.421699,0
12.001721,-33.9383,0
-4.457766,6.536707,0
55.91792,-130.54561,0
-109.37935,-120.39044,0
-141.53275,11.04764,0
-4.4214554,6.5086746,0
127.63161,-3.3707576,0
-2.5737345,0.814979,0
-7.1533422,-17.79465,0
38.83966,121.626526,0
32.759842,-91.5025,0
-64.26585,-100.766815,0
-152.79091,-24.2468,0
38.91741,121.37922,0
160.75482,35.19655,0
37.933388,118.37892,0
-34.851933,-68.88524,0
-47.78908,66.59073,0
18.710075,-156.62341,0
-89.52974,-79.75314,0
-176.93605,-1.3923906,0
-48.14972,66.89938,0
159.36191,4.4418573,0
-50.72431,67.15895,0
-68.44336,-14.854507,0
-56.814774,119.34059,0
9.905956,-128.43541,0
-76.319725,-60.347477,0
112.18273,-26.114365,0
-52.56116,118.65206,0
181.13838,42.25356,0
-59.369423,119.32447,0
-61.944817,121.20604,0
31.666204,-5.694092,0
78.06008,-115.44992,0
-33.00997,-146.66873,0
-93.20016,2.355116,0
31.58115,-5.8439293,0
127.38243,64.27129,0
29.350681,-10.687748,0
6.020509,-33.15457,0
80.56982,76.119194,0
36.485905,-66.88757,0
-28.619894,-99.32948,0
-133.5673,-22.9095,0
79.75283,76.2903,0
163.3356,36.644142,0
69.61647,88.097466,0
-5.1483283,-82.61434,0
12.311936,99.094215,0
38.126747,-105.082886,0
-70.27965,-111.31731,0
-163.5842,-33.195267,0
11.334083,99.39835,0
137.23122,-12.450783,0
9.937461,98.533005,0
-37.890045,-55.515606,0
-91.06378,35.14933,0
11.557361,-172.39171,0
-121.94831,-69.68603,0
-202.44707,8.532361,0
-90.55372,34.79512,0
118.84643,7.3760223,0
-88.234695,36.31569,0
-51.369263,7.5927935,0
70.35081,47.937393,0
52.676514,-77.77858,0
-39.366917,-120.120056,0
-120.03925,-26.563303,0
70.378944,47.836353,0
120.59216,52.031933,0
64.389175,60.67715,0
-1.9545466,-60.650177,0
-47.075417,67.07262,0
19.660967,-156.47284,0
-89.801125,-79.2203,0
-177.7831,2.805751,0
-47.187893,67.039246,0
159.26833,3.2241924,0
-49.661446,67.74439,0
-67.01955,-14.756888,0
61.37901,-54.705727,0
98.146034,-83.83818,0
55.49408,-50.619637,0
-84.04098,-17.879246,0
60.6607,-54.255367,0
114.259125,89.02498,0
59.965176,-53.79454,0
58.17832,-52.701347,0
49.729633,95.50463,0
26.907509,-89.80473,0
-55.49316,-94.84885,0
-157.44737,-27.41491,0
49.43309,95.85679,0
144.90881,-9.691519,0
48.41133,96.78227,0
-32.003906,-73.11034,0
-33.82858,76.26879,0
22.920822,-131.73601,0
-86.85583,-73.30226,0
-176.70807,-8.273978,0
-33.36214,76.48739,0
158.75728,16.478151,0
-32.6586,77.42282,0
-45.27384,-11.573107,0
51.023968,94.7803,0
27.712898,-88.69798,0
-55.092247,-96.176186,0
-156.57271,-30.032131,0
50.80949,94.70445,0
143.5052,0.92347467,0
49.71406,94.09252,0
-28.419497,-71.731735,0
56.398823,109.62817,0
24.342478,-90.40307,0
-56.85683,-91.668045,0
-163.5883,-16.383715,0
56.307327,109.68864,0
153.77574,-6.079418,0
57.12866,116.37377,0
-33.325653,-74.71155,0
93.49958,-15.828111,0
11.811892,-126.0081,0
93.14792,-13.309423,0
123.64646,-58.550488,0
88.15628,-9.603678,0
173.25879,61.61664,0
93.78645,-17.26838,0
93.339,-16.589123,0
-112.72507,99.2293,0
-9.514529,-166.51762,0
-140.4796,-73.23927,0
-172.9358,30.515032,0
-112.61172,99.201866,0
186.56247,4.6029267,0
-113.69636,95.63594,0
-116.94319,59.96402,0
56.98935,19.045984,0
66.24904,-100.13541,0
-43.710815,-130.95775,0
-93.58381,-7.228645,0
57.222813,18.800043,0
114.00834,60.04812,0
58.990135,17.901878,0
0.8063711,-46.34689,0
13.219283,31.383448,0
61.309246,-120.58068,0
-69.30093,-138.28111,0
-123.94057,5.9119186,0
12.736049,31.946135,0
135.85136,50.46817,0
11.450366,33.253983,0
-17.81086,-34.040257,0
-74.89903,38.881092,0
17.194937,-169.83386,0
-117.97568,-74.87063,0
-201.01537,1.6429948,0
-75.4158,38.82351,0
122.99271,9.678369,0
-76.94165,38.849667,0
-50.415684,2.374177,0
11.210912,94.08143,0
37.62751,-106.53748,0
-71.42835,-112.3781,0
-164.12556,-35.708256,0
10.632727,94.887474,0
145.12784,-14.438559,0
9.505298,96.34351,0
-39.98064,-54.78055,0
22.507454,116.13389,0
35.43221,-100.36852,0
-68.99911,-106.429214,0
-160.96353,-26.271376,0
22.685692,116.21234,0
143.72214,-15.240466,0
23.80533,116.27038,0
-38.33905,-62.08072,0
10.706773,131.83754,0
22.683445,-95.389,0
-55.229633,-85.63443,0
-160.77939,-19.476551,0
11.009409,131.8589,0
151.5586,5.1176815,0
-17.406475,121.303894,0
-40.56105,-72.731995,0
75.26637,95.39536,0
32.11455,-71.93703,0
-34.68318,-96.38257,0
-140.51154,-25.022552,0
74.77634,95.36698,0
161.42174,36.41122,0
73.38304,95.29928,0
-10.737697,-82.76982,0
25.105976,37.254524,0
58.00557,-113.50423,0
-63.224503,-132.11974,0
-113.70523,5.5448294,0
25.934475,36.516827,0
140.21123,59.242085,0
27.51287,34.409668,0
-16.175158,-43.261963,0
-47.733597,98.61941,0
21.142725,-124.17255,0
-82.27188,-67.983894,0
-146.53503,-0.6073909,0
-47.50388,99.1612,0
164.63774,23.836422,0
-44.244423,95.92434,0
-37.861122,-11.611284,0
-123.52647,89.568985,0
-15.412993,-177.46803,0
-149.23764,-65.8105,0
-170.05397,41.006893,0
-123.82577,87.447556,0
190.80008,-8.754251,0
-125.986534,86.04571,0
-121.05403,49.74602,0
38.26005,65.15126,0
49.602238,-82.064285,0
-46.478992,-109.77035,0
-132.28917,-6.3212705,0
38.517857,65.060356,0
120.48064,45.432575,0
45.61508,60.902412,0
-10.176432,-63.43536,0
31.124134,111.61752,0
43.90348,-94.86396,0
-58.909443,-107.13165,0
-149.18405,-27.851744,0
30.778996,111.59391,0
161.16913,24.86277,0
28.512594,109.953064,0
-33.819435,-64.10402,0
3.4780107,-5.78991,0
61.125496,-129.26651,0
-110.09658,-116.2661,0
-141.34949,8.481697,0
3.0171702,-5.0884643,0
122.88111,-7.965525,0
-0.036371484,-1.7667135,0
-3.5197968,-14.942434,0
-32.310146,111.08693,0
5.7673063,-117.85937,0
-69.11547,-70.78135,0
-158.47351,-6.29566,0
-32.909824,110.89922,0
182.99997,22.015175,0
-34.2752,110.939316,0
-30.846397,-0.45894083,0
-44.289986,74.66238,0
21.170605,-151.95149,0
-92.53902,-75.4731,0
-180.90468,6.674792,0
-44.298275,74.579765,0
164.75644,11.698098,0
-50.354546,78.64013,0
-63.420048,-12.357923,0
-33.684425,127.73677,0
0.74885076,-109.53875,0
-65.27754,-63.91008,0
-152.57954,-9.001485,0
-33.370438,127.764145,0
174.56253,29.533964,0
-26.086199,121.72821,0
-24.344013,-0.7144279,0
-8.339149,165.19548,0
107.2783,-78.9596,0
135.54675,-38.14051,0
129.47766,-61.379562,0
-8.05542,154.12624,0
84.566025,133.96693,1
-12.222492,168.5579,0
-10.945309,167.69646,0
-34.06682,67.61782,0
26.889557,-153.64519,0
-94.39366,-84.78018,0
-172.75923,4.195269,0
-33.883694,67.50288,0
132.33165,21.404383,0
-35.17355,64.559456,0
-59.8406,-17.007973,0
104.61053,-8.541443,0
-5.948517,-119.9681,0
100.23888,-7.5251393,0
128.49907,-63.65407,0
90.8423,-7.406414,0
171.08255,64.30154,0
106.5969,-11.9577675,0
104.19244,-12.572513,0
-35.239582,71.73452,0
25.02854,-153.67964,0
-95.5892,-82.45349,0
-169.8841,6.8724284,0
-35.124146,71.71301,0
156.99292,9.603673,0
-34.921055,70.82565,0
-60.41671,-15.887592,0
50.52599,18.633762,0
66.381096,-102.07949,0
-45.48038,-134.07762,0
-101.29835,-1.5962911,0
49.681786,20.719662,0
116.84521,65.83688,0
48.117386,21.84155,0
-0.24073178,-43.88624,0
-115.43451,79.59435,0
-10.387137,-175.1207,0
-143.13431,-65.21981,0
-169.30978,35.975597,0
-115.424835,80.30127,0
189.9016,-6.346799,0
-112.97556,83.81178,0
-115.51517,53.213028,0
-87.14625,74.308975,0
-2.998516,-145.77608,0
-101.28988,-54.700268,0
-188.10538,18.928137,0
-85.36007,79.68809,0
172.9319,-4.122348,0
-83.41254,82.36895,0
-76.45699,5.1652713,0
-29.234205,87.24325,0
20.663183,-121.56205,0
-79.64995,-67.99283,0
-129.06139,-19.06524,0
-29.169556,86.91249,0
166.48943,25.94795,0
-28.904818,84.89385,0
-35.085133,-12.4059925,0
33.461506,18.608324,0
77.354546,-86.88373,0
-54.361504,-149.99646,0
-104.889725,2.062668,0
32.90881,18.647444,0
120.16055,61.191948,0
31.176722,18.858778,0
16.105442,-47.062996,0
37.67096,53.31362,0
37.211582,-84.98855,0
-50.209385,-100.6531,0
-127.79125,-6.149805,0
37.80925,53.25244,0
132.98677,32.517174,0
39.75727,56.769604,0
-23.587044,-73.445,0
10.020663,69.76043,0
15.335567,-100.15912,0
-59.872253,-80.32503,0
-153.3139,3.514685,0
9.883622,69.58007,0
163.1198,44.738503,0
8.067805,68.71333,0
-22.539894,-14.383282,0
-9.331093,-1.2959659,0
57.165443,-132.86711,0
-112.5907,-120.49281,0
-143.34256,12.7320595,0
-9.121521,-1.1249962,0
132.38255,-7.8124614,0
-5.6552987,-1.9555885,0
-7.98229,-14.379473,0
33.127766,121.205536,0
34.401047,-93.89394,0
-65.74944,-102.908424,0
-153.19066,-25.394371,0
33.508324,120.96729,0
144.03328,39.443882,0
35.004776,117.66127,0
-36.051197,-67.34418,0
54.82908,26.83437,0
63.234894,-104.01032,0
-48.158833,-128.62323,0
-104.83066,-2.2771065,0
54.80278,26.808254,0
126.16925,59.85274,0
50.171963,25.847925,0
-1.5498117,-58.88768,0
-27.986773,48.2626,0
33.817867,-156.82938,0
-92.202835,-93.700745,0
-184.34004,-21.145426,0
-27.885273,48.38677,0
139.24963,4.996586,0
-27.71133,48.941853,0
-56.756195,-24.99828,0
21.430235,103.75965,0
43.34728,-99.64524,0
-62.567936,-109.75808,0
-152.08571,-34.37065,0
21.817524,103.96362,0
142.23206,-15.506813,0
24.3767,105.714195,0
-35.16046,-58.69653,0
32.202377,120.483925,0
33.940777,-94.45211,0
-65.84258,-103.212494,0
-155.47617,-25.078682,0
32.56591,120.389206,0
149.75224,25.889921,0
34.364223,117.600555,0
-36.859016,-66.81738,0
61.309586,51.383183,0
53.965015,-74.32551,0
-37.045208,-116.45664,0
-123.543274,-16.616934,0
61.08157,51.819088,0
120.32301,43.93536,0
60.19773,56.307194,0
-2.6013107,-66.848335,0
28.361897,-17.86245,0
85.29995,-117.7589,0
-27.007227,-147.9599,0
-95.347565,10.063424,0
28.19591,-17.351871,0
133.64793,73.49587,0
26.823895,-16.510458,0
11.919485,-28.155664,0
24.552654,119.11793,0
35.068157,-99.78871,0
-68.81592,-106.19031,0
-162.8383,-27.128288,0
24.49472,118.658676,0
143.26968,-5.4253206,0
24.500889,116.94807,0
-38.133038,-62.646385,0
54.666656,112.93482,0
22.93528,-86.94366,0
-54.470173,-91.316925,0
-161.06151,-15.434082,0
54.90755,112.98643,0
154.67525,19.387997,0
55.56912,114.44417,0
-31.357534,-76.07601,0
55.42195,83.25593,0
36.43984,-82.41517,0
-43.57146,-100.53418,0
-139.92589,-30.681955,0
55.48361,83.32764,0
131.64354,53.44481,0
54.51753,84.72323,0
-18.781044,-70.48377,0
76.20213,93.78687,0
31.685402,-73.11357,0
-35.817078,-96.12114,0
-140.69682,-18.639267,0
76.01896,93.84204,0
157.1519,32.599083,0
72.77267,94.22962,0
-12.506298,-81.0589,0
36.14376,39.805565,0
48.95613,-106.56623,0
-68.227165,-122.91429,0
-156.1581,-41.837833,0
36.17584,40.56332,0
143.89128,50.593212,0
36.406757,41.47815,0
-24.9195,-49.383522,0
-37.04161,22.849197,0
44.097397,-148.57037,0
-111.85113,-98.10832,0
-128.47083,27.5018,0
-37.262634,23.287369,0
118.868675,22.258032,0
-37.756916,24.624933,0
-61.93016,-30.504757,0
15.196215,59.873253,0
54.185802,-85.35881,0
-84.89142,-129.22537,0
-148.27538,15.405589,0
15.093912,59.53551,0
148.10982,9.920904,0
14.334823,59.25403,0
-28.175623,-37.960472,0
3.9444046,43.134766,0
48.42725,-58.685146,0
-89.522156,-137.48322,0
-139.20047,27.336132,0
3.1839108,43.087273,0
101.96237,31.802258,0
-1.6522058,43.618313,0
-27.69824,-31.005468,0
76.52597,37.75374,0
55.760773,-95.37949,0
-51.129707,-118.84724,0
-111.74418,-8.039991,0
76.29496,37.896744,0
116.4017,54.913895,0
55.533028,37.76323,0
-8.018995,-54.09552,0
-21.164125,95.18202,0
33.14575,-120.2257,0
-79.93265,-90.07753,0
-175.05347,-12.432731,0
-21.24424,94.5838,0
149.70218,-9.052291,0
-20.826122,93.050766,0
-62.26729,-45.895485,0
79.23382,-15.312862,0
13.135786,-127.16557,0
-76.4976,-68.57706,0
118.59596,-52.794044,0
-24.448757,84.994026,0
165.43166,15.959584,0
78.533966,-16.412067,0
78.10168,-16.012796,0
34.00149,14.514974,0
81.68674,-88.85756,0
-56.136738,-154.89839,0
-105.157845,6.2608333,0
33.80282,14.570454,0
123.55395,79.045715,0
28.458529,17.103413,0
19.936962,-43.265514,0
-7.129353,166.36446,0
107.52059,-78.103,0
135.0616,-41.193752,0
130.93651,-61.572083,0
-7.4437075,155.1042,0
84.26171,135.46323,1
-9.0591135,168.9329,0
-8.515246,168.64156,0
-0.26133895,29.003643,0
72.746254,-140.19983,0
-75.216064,-145.49019,0
-112.900154,21.507515,0
-0.19947623,26.869663,0
140.7995,67.16593,0
-0.28793883,23.30171,0
-16.539337,-27.203917,0
-9.141358,2.1614408,0
56.529903,-132.57031,0
-111.66984,-121.19028,0
-142.19681,13.614141,0
-9.068137,1.5358553,0
128.88274,-5.0878625,0
-5.1228642,-0.4869976,0
-8.450886,-15.546914,0
43.06373,-15.746766,0
81.61803,-107.82124,0
-30.969912,-141.51015,0
-88.06224,-2.8636827,0
42.64171,-14.835177,0
107.58372,78.6407,0
42.28553,-13.909122,0
13.767892,-37.68774,0
-52.567513,54.830547,0
36.833786,-158.46465,0
-102.14833,-81.549286,0
-183.50674,-16.048412,0
-52.60536,54.65039,0
134.15836,-2.0737648,0
-52.897396,54.220947,0
-64.915665,-24.086018,0
52.231922,50.391937,0
58.257454,-76.773605,0
-42.2112,-115.44516,0
-120.75506,-14.902692,0
51.925957,50.359287,0
121.264885,47.96601,0
46.742184,59.649837,0
-6.2783413,-63.000473,0
-2.644145,110.73583,0
43.17284,-116.53001,0
-66.30981,-92.44223,0
-161.92845,5.468699,0
-2.1769629,110.33282,0
147.61285,1.1968589,0
0.9715672,108.897,0
-41.594704,-46.72224,0
53.979557,28.133017,0
64.52254,-100.3329,0
-46.565773,-129.90762,0
-106.42895,-4.5616918,0
53.78625,27.985737,0
116.37068,66.91476,0
48.680214,27.170261,0
-3.6921372,-46.183212,0
65.607025,-35.074768,0
109.96463,-97.8106,0
63.291,-39.153656,0
-88.26567,-31.20101,0
65.33653,-35.371475,0
119.63496,98.506676,0
65.07353,-35.568855,0
64.64826,-36.523518,0
-29.799261,130.64041,0
2.6541746,-107.16591,0
-62.93955,-62.314484,0
-148.28015,-7.7498155,0
-27.828737,130.90572,0
171.94998,30.580027,0
-22.732515,121.00778,0
-21.971,-1.6379435,0
12.917745,-5.246008,0
71.151855,-123.5228,0
-98.37879,-113.24485,0
-126.06523,11.941678,0
13.0836525,-4.9484453,0
121.49756,-2.8279953,0
14.6665535,-1.4762884,0
0.27468675,-25.699259,0
-6.011264,132.89478,0
38.912247,-126.22082,0
-68.86721,-81.48049,0
-163.32387,-2.1575878,0
-5.602188,132.63666,0
161.82985,-10.281461,0
-2.3571496,130.41414,0
-50.936417,-41.076035,0
-78.99993,37.793373,0
15.870961,-169.52213,0
-118.55597,-73.540535,0
-200.43098,4.3638687,0
-79.0671,37.682545,0
120.13537,5.7149997,0
-83.350296,36.96043,0
-51.309856,3.006467,0
-3.4750574,8.497817,0
52.984184,-131.62111,0
-107.976776,-121.79267,0
-140.52235,5.763727,0
-2.9891853,8.559709,0
127.134865,24.203798,0
-1.9228418,8.328708,0
-7.815323,-19.292158,0
-58.983635,59.67054,0
11.066127,-154.9274,0
-102.48087,-75.37324,0
-181.6328,-8.752222,0
-58.928757,60.063625,0
165.15558,1.8988999,0
-59.39377,61.53404,0
-73.26882,-9.695001,0
27.487906,9.631577,0
78.64256,-89.45279,0
-56.19962,-151.25903,0
-109.86641,-1.4480112,0
27.658857,10.302223,0
138.40256,50.77005,0
27.238728,12.2048855,0
16.594925,-44.21,0
-78.34548,122.71439,0
14.752216,-115.450035,0
106.95851,-43.604515,0
-85.24935,126.28328,0
-79.14071,122.88168,0
103.279564,115.27862,1
-79.539696,123.298805,0
-80.18347,121.86847,0
24.236732,152.18399,0
103.13665,-67.25131,0
134.26607,-66.27629,0
37.878605,155.78021,0
36.06404,150.03975,0
70.96055,140.61139,1
37.454144,155.49876,0
35.683052,149.14984,0
11.338013,100.85543,0
36.63351,-104.980804,0
-71.366615,-110.37139,0
-163.57861,-31.899012,0
10.451487,100.575386,0
144.07031,-13.271852,0
8.928299,98.987564,0
-39.59105,-56.776363,0
16.744152,91.00087,0
42.883648,-105.06745,0
-68.220924,-116.683365,0
-160.13098,-37.375473,0
16.778742,91.32672,0
140.6379,-12.638798,0
20.885935,90.43753,0
-28.68697,-53.3949,0
15.679725,17.835876,0
37.69797,-141.78503,0
-104.48327,-94.93796,0
-118.1855,21.447205,0
15.26783,17.876143,0
120.431,31.570417,0
10.023145,21.455528,0
-46.221676,-17.030176,0
-66.01017,82.155075,0
8.285927,-136.59984,0
-106.71218,-64.72163,0
-185.48337,7.6710997,0
-65.71168,81.60405,0
176.8337,15.252907,0
-64.51644,79.42059,0
-63.66222,4.2781773,0
12.974039,94.57082,0
39.56322,-105.46135,0
-69.77126,-113.021255,0
-162.18893,-36.17645,0
12.59086,96.346375,0
139.47586,-13.0564995,0
11.580757,97.154785,0
-37.099895,-54.784767,0
34.823635,-14.899279,0
83.68369,-113.97108,0
-30.918324,-148.66875,0
-91.62977,4.8216043,0
33.193493,-14.209332,0
128.66559,74.040215,0
30.919333,-12.843209,0
12.930216,-32.563217,0
69.29206,41.18687,0
58.65656,-93.5517,0
-47.865967,-120.57641,0
-117.48013,-7.4139814,0
69.27452,41.208134,0
111.79028,43.374798,0
59.48227,40.88747,0
-10.593935,-53.596157,0
69.66913,-13.6757555,0
73.11098,-83.282524,0
-48.42586,-149.42346,0
-94.66243,-22.146704,0
69.632,-13.701654,0
110.128044,60.722286,0
53.58055,-4.4233217,0
11.722648,-55.546005,0
55.314713,82.66676,0
36.08992,-82.763504,0
-43.892353,-100.28732,0
-139.21364,-30.617846,0
55.048836,82.75463,0
113.87474,34.651836,0
53.77205,85.350716,0
-23.95832,-70.14862,0
-29.393879,58.35563,0
31.64404,-160.03757,0
-87.66693,-86.33522,0
-179.02142,-13.543269,0
-29.278675,58.34579,0
138.51796,0.2707495,0
-29.429483,59.34899,0
-68.499916,-19.730198,0
26.670954,38.50098,0
56.037624,-112.91112,0
-63.405186,-130.76968,0
-113.41408,6.954976,0
27.174637,38.22851,0
137.74864,60.715054,0
28.693617,36.082317,0
-17.837387,-44.365475,0
-117.32192,103.327385,0
-12.011831,-163.73712,0
-142.26726,-76.2865,0
-175.27304,32.51055,0
-117.5355,103.238495,0
191.50304,-3.3804207,0
-118.962555,102.58268,0
-120.84855,62.697525,0
-50.30173,63.29128,0
15.918368,-156.58762,0
-87.810295,-80.53138,0
-178.05347,-1.6449683,0
-50.478527,63.405334,0
160.50737,4.829695,0
-52.165733,65.191864,0
-69.97677,-14.417874,0
-48.14299,66.5137,0
18.265854,-156.4657,0
-89.63464,-79.67738,0
-178.3404,1.4552753,0
-48.536224,66.48886,0
159.28496,5.156375,0
-51.259827,66.82424,0
-68.53301,-14.457119,0
-47.31605,45.818703,0
29.293432,-145.21637,0
-105.01933,-86.21632,0
-178.37622,-10.566308,0
-47.72929,45.81372,0
133.27016,15.364815,0
-47.255325,44.41195,0
-52.637527,-12.0123205,0
-15.679035,10.946823,0
45.72148,-131.99022,0
-102.0408,-108.18801,0
-135.63098,3.5633874,0
-16.46815,11.134111,0
127.660515,33.304783,0
-17.33618,11.779857,0
-3.02715,-23.145336,0
-65.73347,83.84343,0
7.2782965,-136.0893,0
-105.74423,-65.291885,0
-187.93498,8.373325,0
-65.679474,83.73524,0
176.43044,13.490048,0
-62.004543,79.81363,0
-62.091076,4.929488,0
-42.568523,32.4133,0
37.08536,-145.59198,0
-105.07744,-92.521164,0
-125.106384,20.812775,0
-42.625874,32.564426,0
119.49393,25.025621,0
-41.01526,35.725433,0
-47.75993,-20.77233,0
-33.652832,85.18551,0
18.852264,-122.48348,0
-97.81831,-137.29347,0
-142.3795,-4.0133905,0
-33.674732,85.135086,0
166.29454,27.547808,0
0.49653497,64.63755,0
-34.526196,-14.639616,0
73.883354,110.494316,0
27.34073,-72.501976,0
-36.570827,-91.794174,0
-145.14926,-19.025452,0
74.02016,110.001015,0
161.42073,26.906263,0
74.590416,108.83305,0
-15.687104,-84.16944,0
41.62289,15.90115,0
68.94086,-104.022,0
-44.977173,-136.08347,0
-106.395676,6.650465,0
41.77457,15.822113,0
119.86273,63.881317,0
44.627953,18.057325,0
0.3074836,-41.77569,0
-32.93639,108.51936,0
5.3662,-119.46279,0
-70.353424,-72.10481,0
-166.67657,-11.82158,0
-33.48788,108.657326,0
180.10263,21.604904,0
-34.68616,108.61625,0
-32.12959,0.09056329,0
-0.42829898,114.64367,0
44.00445,-119.00871,0
-64.921295,-89.51207,0
-147.87433,-13.941156,0
-0.14439017,114.59987,0
148.70422,5.492815,0
2.4890816,114.61789,0
-43.402027,-43.77175,0
-106.4991,76.82774,0
-5.440166,-176.78813,0
-139.27058,-61.416603,0
-166.89922,28.820536,0
-106.21134,77.52784,0
189.36172,8.721675,0
-105.8007,79.23995,0
-109.99475,54.36095,0
-24.58149,19.707142,0
46.868538,-137.7333,0
-106.555046,-106.66185,0
-132.89993,9.927399,0
-24.405733,19.251257,0
125.95227,24.100977,0
-23.109869,17.710474,0
-7.133114,-22.970186,0
-27.14119,131.85956,0
1.0527997,-106.65738,0
-62.494617,-62.446007,0
-148.14381,-6.0806837,0
-27.222506,131.8536,0
176.6216,31.34747,0
-22.773848,120.899864,0
-22.142487,-2.3986654,0
52.182938,98.08427,0
26.00734,-88.43384,0
-55.309074,-93.933395,0
-158.4285,-29.931969,0
51.487904,98.06235,0
151.19237,20.202984,0
49.258095,99.14226,0
-30.676065,-73.60582,0
42.293114,19.565731,0
67.74843,-105.359116,0
-47.5025,-135.13913,0
-100.219124,-0.96742463,0
42.398167,19.681126,0
120.40632,70.702644,0
44.945515,20.538284,0
-1.5718112,-40.349907,0
-31.320923,124.77919,0
0.93232816,-111.52924,0
-64.16816,-65.29686,0
-150.9178,-7.8140707,0
-31.332958,124.67132,0
178.87431,27.427933,0
-25.02319,120.26669,0
-25.040297,-2.483281,0
-32.33459,126.0799,0
-0.10892928,-110.61903,0
-65.990944,-64.45564,0
-151.4,-9.135874,0
-31.953844,125.988014,0
174.30086,27.801008,0
-27.064161,121.85525,0
-24.912521,0.38978112,0
25.702606,-26.299068,0
82.147446,-123.31857,0
-89.48652,-106.22649,0
-129.78238,10.343433,0
25.635872,-26.54451,0
128.52672,29.667837,0
25.630747,-27.04475,0
12.891143,-24.281136,0
-49.700428,45.395336,0
28.011679,-144.26762,0
-105.88383,-85.59392,0
-193.90912,-8.107904,0
-50.389133,45.80354,0
132.7395,16.117666,0
-55.986626,45.462204,0
-53.481133,-10.569867,0
23.649706,148.9599,0
106.55308,-67.24028,0
137.9553,-70.364235,0
47.184822,160.57802,0
40.410355,143.65996,0
68.12686,142.95282,1
46.970364,161.79494,0
39.647205,143.04243,0
38.962864,78.90498,0
47.90886,-70.96405,0
-33.1929,-111.74811,0
-118.46598,-2.6925833,0
38.92922,78.817825,0
137.64072,38.709602,0
69.13646,60.832645,0
-1.9194493,-71.08964,0
-10.443162,0.9630689,0
55.998898,-132.99652,0
-112.40495,-121.492836,0
-146.1995,11.067378,0
-9.404639,0.82157475,0
129.5594,-3.1412692,0
-8.808494,0.19224258,0
-8.828737,-15.522038,0
-32.88107,23.539534,0
44.507603,-145.75502,0
-109.50021,-97.985306,0
-127.0865,26.188705,0
-33.069447,24.144476,0
126.687614,67.793816,0
-34.09848,25.658663,0
-9.749315,-27.381113,0
-76.829704,62.153347,0
6.3158817,-150.49089,0
-106.00812,-71.817055,0
-196.01112,17.43026,0
-75.95355,62.998413,0
166.64221,1.96905,0
-73.90955,60.680855,0
-74.54838,-4.681948,0
80.99799,93.32033,0
29.449152,-69.52268,0
-31.379852,-94.91888,0
-140.44246,-21.179228,0
80.86929,93.68066,0
163.92662,33.400734,0
77.06337,97.15756,0
-9.704207,-84.76291,0
42.523113,41.763058,0
53.48201,-103.25026,0
-63.68523,-123.27698,0
-121.2365,-0.032921534,0
42.633846,42.00283,0
136.30608,46.946247,0
42.281708,43.631145,0
-21.887535,-52.206696,0
15.612078,30.965233,0
62.0679,-119.841515,0
-69.34618,-137.72743,0
-122.84735,5.045941,0
15.605447,31.135937,0
122.32283,49.14779,0
11.2445135,33.979668,0
-16.557499,-34.47313,0
32.059128,101.30899,0
46.970554,-95.87994,0
-57.059196,-109.96184,0
-145.62492,-31.07163,0
32.00143,101.58006,0
141.767,30.05052,0
31.80632,102.22124,0
-30.664244,-63.219208,0
58.833996,25.657574,0
64.99822,-99.19278,0
-50.29992,-130.44765,0
-108.1312,-4.575408,0
58.59105,26.299948,0
119.98074,52.921127,0
45.709812,24.992323,0
-3.1259916,-47.14566,0
25.646057,66.65036,0
50.112366,-83.162704,0
-49.047604,-110.60544,0
-136.01128,-0.6963437,0
25.69149,67.044106,0
122.518295,45.83281,0
25.89971,67.28952,0
-10.354614,-61.21408,0
50.4189,-33.005867,0
103.67139,-104.46919,0
51.830055,-39.03457,0
-119.34087,-36.997314,0
50.45333,-33.706238,0
128.27608,92.20682,0
50.361435,-34.141293,0
49.9574,-35.90359,0
22.61635,98.913506,0
45.87075,-100.67101,0
-62.544876,-112.954994,0
-152.88506,-34.85638,0
24.506632,96.58598,0
149.62413,52.582996,0
26.283398,96.04704,0
-30.046818,-56.91175,0
17.144861,153.51604,0
114.08347,-77.38756,0
135.38121,-53.229946,0
14.185826,165.59175,0
14.24492,162.53821,0
77.08425,140.22319,1
14.320293,165.0797,0
14.152989,162.11346,0
25.514263,-4.7018895,0
75.99747,-117.970505,0
-94.69067,-120.204254,0
-96.8418,4.803206,0
25.512302,-4.7731524,0
125.259155,64.05693,0
23.308027,-6.051128,0
4.274188,-31.066738,0
-9.6684,113.09201,0
38.297283,-117.71688,0
-70.7435,-90.942276,0
-170.55972,-31.055124,0
-10.227472,113.49996,0
140.55507,-2.8418822,0
-10.833962,115.25322,0
-46.9101,-49.500164,0
65.83765,105.239845,0
25.760962,-74.17563,0
-40.053947,-90.22888,0
-145.74644,-16.816273,0
66.163,106.01622,0
162.75143,32.086533,0
67.05621,106.955345,0
-18.045935,-84.97512,0
22.544006,126.31013,0
27.566404,-99.137184,0
-73.33294,-102.42809,0
-162.85124,-22.81312,0
22.142693,126.4999,0
158.89714,-11.85308,0
20.128773,127.07914,0
-43.96586,-66.70794,0
70.53033,52.452892,0
50.179344,-74.978264,0
-36.68292,-113.08972,0
-122.19081,-25.53312,0
70.496185,52.600906,0
116.47602,39.899464,0
66.91908,58.699055,0
-1.9935639,-72.90345,0
72.20418,36.54901,0
57.21554,-96.795074,0
-51.56678,-121.31437,0
-112.22194,-6.644291,0
71.979675,36.870476,0
133.25826,33.56963,0
56.23133,37.578915,0
-8.559685,-51.76033,0
-6.337642,12.040673,0
52.96505,-128.26707,0
-103.6162,-123.383575,0
-138.22678,22.64757,0
-6.4429464,11.451373,0
127.27995,-2.1656914,0
-6.679432,10.581551,0
-11.513508,-19.271704,0
-61.032486,100.50171,0
2.2558892,-125.95075,0
-87.40924,-60.94238,0
-169.13724,15.712947,0
-61.175358,100.84254,0
174.96661,22.509708,0
-61.148983,101.35218,0
-37.742363,-3.753144,0
32.68548,61.145252,0
48.24675,-86.07325,0
-49.988667,-106.0545,0
-131.4825,-3.5188413,0
31.70339,60.994286,0
131.41127,43.277084,0
29.5248,62.04505,0
-16.20541,-62.552006,0
-28.750412,42.06057,0
35.17688,-151.4944,0
-96.04536,-93.88172,0
-125.967896,16.23718,0
-29.004883,42.283436,0
135.69534,58.612522,0
-30.401201,43.492916,0
-53.171448,-22.47545,0
-12.760588,-3.7295034,0
58.554417,-134.66707,0
-114.81395,-120.55784,0
-179.94698,-20.840818,0
-12.790025,-3.6991222,0
128.68033,-6.867531,0
-7.8313885,-1.8586681,0
-8.969321,-13.0004835,0
45.530556,113.85359,0
22.380987,-81.981346,0
-48.60465,-91.37553,0
-151.9413,-15.83981,0
45.68223,113.95799,0
148.86087,23.3761,0
51.376106,109.66739,0
-27.347921,-78.44821,0
54.564014,65.34686,0
44.363857,-77.04575,0
-41.754135,-109.73712,0
-131.19719,-8.674942,0
58.41421,65.362114,0
126.308975,33.688072,0
58.43988,65.16628,0
-9.263482,-67.667854,0
83.82256,-18.219425,0
3.4274025,-109.123436,0
-75.80156,-51.661644,0
119.86694,-55.584938,0
81.81813,-10.238347,0
180.27293,54.39347,0
82.86984,-22.887636,0
81.74286,-21.261162,0
13.913814,154.93375,0
119.35306,-79.773224,0
139.90248,-53.21497,0
4.4592943,166.82317,0
6.264985,165.46008,0
80.03866,139.15883,1
4.991663,166.42422,0
6.914298,164.99495,0
-128.11865,74.98371,0
-16.267797,-170.02214,0
-147.21657,-70.165306,0
-163.9109,39.606243,0
-127.28909,75.24375,0
193.40907,-6.15877,0
-126.745575,75.55046,0
-124.86723,56.703514,0
-3.8114033,109.64979,0
44.141018,-116.71088,0
-65.223015,-92.72599,0
-163.50912,7.7051244,0
-1.9156712,109.191154,0
155.21503,47.57919,0
1.2886686,107.88194,0
-41.275295,-45.460716,0
21.702581,34.788456,0
57.78878,-115.8496,0
-66.71259,-132.7068,0
-179.7183,-25.25385,0
21.86376,34.389133,0
142.4486,55.914043,0
23.138407,33.639256,0
-19.24304,-41.91769,0
62.70106,-53.946243,0
97.3789,-84.98616,0
54.869205,-49.468063,0
-84.02389,-16.874678,0
61.997597,-53.76774,0
114.76411,87.60628,0
60.41185,-52.33664,0
58.849575,-51.186317,0
58.78333,100.820656,0
28.186098,-80.13028,0
-46.335052,-95.65231,0
-149.52277,-21.542547,0
59.242035,101.348785,0
156.05177,25.021286,0
57.988487,104.5469,0
-22.787872,-78.88206,0
63.326347,53.19568,0
55.983673,-75.72813,0
-37.24604,-118.51868,0
-113.25007,-16.37767,0
63.403072,54.20713,0
119.39792,36.70549,0
62.852654,55.479942,0
-0.5241174,-66.04713,0
-36.078327,43.543907,0
32.98548,-149.04628,0
-98.97834,-92.086624,0
-123.90493,18.564058,0
-35.541214,43.329056,0
132.72324,22.977924,0
-34.547497,42.719757,0
-52.499474,-18.50552,0
-31.689316,63.852196,0
27.814844,-152.68481,0
-95.64202,-86.319275,0
-171.04482,7.2508516,0
-32.26949,64.05607,0
151.92108,11.647297,0
-32.563156,64.51342,0
-58.517162,-16.288387,0
-88.55424,93.91617,0
-5.3736806,-143.18468,0
-98.42873,-50.524494,0
-184.29709,19.97402,0
-88.469635,93.692566,0
174.72604,-6.9256907,0
-86.61805,89.539185,0
-75.86266,9.747292,0
7.954011,64.50363,0
15.872815,-101.61834,0
-59.245495,-78.63785,0
-152.00446,3.7077725,0
7.8232527,65.791756,0
164.36772,45.80551,0
7.0734744,67.380005,0
-24.07703,-14.33751,0
-40.071564,17.754673,0
46.24627,-150.13351,0
-113.45755,-100.217476,0
-134.27509,17.70773,0
-41.0728,20.42396,0
121.385124,22.950438,0
-41.19385,21.801783,0
-62.069714,-33.045296,0
52.614853,-0.078859314,0
77.58223,-132.02026,0
-40.92733,-146.60732,0
-88.36241,0.70779,0
52.84574,-0.2456073,0
136.09692,67.147354,0
53.38146,-0.82856953,0
-5.365318,-35.78616,0
86.17274,-18.009907,0
8.825117,-135.1838,0
-78.31063,-50.81266,0
121.233505,-56.543613,0
84.001396,-10.858095,0
178.00053,55.861866,0
87.81067,-21.52758,0
86.38248,-21.647327,0
-79.34582,43.25927,0
14.761613,-166.57935,0
-116.01446,-72.49571,0
-197.79788,4.7230163,0
-79.26551,43.418056,0
123.610855,4.1028867,0
-78.57942,45.11343,0
-54.74417,2.8811557,0
-18.75557,36.331135,0
55.813004,-148.05458,0
-101.50013,-130.74828,0
-147.33377,28.91026,0
-19.23577,36.933136,0
114.358795,19.709574,0
-21.13205,36.653015,0
-34.4195,-20.956736,0
41.900246,-2.6019275,0
75.865524,-105.01128,0
-36.319622,-139.7847,0
-92.09337,-4.687327,0
42.16818,-1.8442101,0
116.32365,69.25145,0
40.911007,0.022672288,0
6.1445527,-38.978046,0
3.9839818,26.887394,0
75.82333,-139.20085,0
-73.264206,-145.1044,0
-111.38814,19.305067,0
1.8878914,22.032766,0
145.33372,73.332146,0
1.5077856,21.817335,0
-13.66942,-26.762419,0
84.194374,-39.88529,0
112.73978,-84.35138,0
19.181509,157.39009,0
-84.88917,-29.953163,0
84.24655,-39.578167,0
115.689156,98.596725,0
84.30435,-39.2469,0
84.86456,-38.685005,0
14.956979,17.36368,0
70.65623,-132.76242,0
-66.05378,-146.21017,0
-119.49072,19.656378,0
14.534655,17.708439,0
126.31733,60.99824,0
10.873995,21.223953,0
-9.628991,-33.280956,0
-43.491608,20.57202,0
45.088806,-151.91537,0
-113.831184,-98.17148,0
-129.29549,26.708628,0
-43.431515,20.765614,0
120.92172,19.278902,0
-44.309956,23.624233,0
-63.48578,-31.115488,0
79.28151,55.228046,0
51.164978,-67.0636,0
-28.848814,-114.45004,0
-117.43877,-23.211199,0
78.428764,55.97879,0
104.859604,46.24141,0
76.80008,58.572254,0
3.13492,-70.80559,0
42.94001,86.65287,0
49.506336,-100.6355,0
-56.899063,-116.45158,0
-129.18993,-35.882397,0
42.91684,86.822624,0
140.81236,22.818314,0
42.89459,87.72043,0
-27.216778,-59.301014,0
71.859085,2.7387702,0
71.14695,-74.05355,0
-51.141277,-143.35085,0
-107.53265,-14.686132,0
71.43496,2.7271,0
102.8016,62.076633,0
67.95315,5.368695,0
13.8188,-61.85478,0
-91.644165,42.978657,0
9.445089,-169.1752,0
-119.0829,-67.075325,0
-197.60725,11.840684,0
-91.01873,42.244507,0
178.00455,7.8975058,0
-89.048,41.010685,0
-54.465313,9.582844,0
62.19716,12.876534,0
81.01529,-99.337654,0
-38.98083,-143.58752,0
-87.62984,-7.198015,0
62.15067,12.865614,0
114.937386,77.68529,0
51.431553,-6.412597,0
11.941371,-44.472763,0
-51.591434,45.93196,0
26.96968,-143.23189,0
-107.016136,-84.146576,0
-194.78659,-5.4050107,0
-51.963123,46.25904,0
131.53625,16.30893,0
-57.541668,45.370373,0
-53.579308,-8.833278,0
59.27618,110.179596,0
23.424591,-88.35596,0
-54.627106,-90.58075,0
-150.71045,-21.53038,0
59.370163,110.16188,0
143.4963,2.192587,0
59.157173,113.39373,0
-32.29011,-79.30863,0
19.776249,153.4534,0
112.28338,-75.532425,0
135.84079,-52.27359,0
14.178961,168.45677,0
16.446638,168.93987,0
75.940125,141.4868,1
14.999787,168.30067,0
16.71387,168.92705,0
-71.73008,45.08795,0
21.499504,-139.5984,0
-110.93059,-78.276474,0
-196.94463,1.5987211,0
-71.73591,45.472824,0
136.58394,9.339242,0
-70.015724,47.117584,0
-54.703197,-2.2134619,0
60.142532,-14.411436,0
84.196205,-78.36383,0
-41.808838,-152.09805,0
-89.72252,-14.674153,0
59.643158,-13.27624,0
112.73849,82.58753,0
56.371128,-11.026153,0
23.056517,-53.022545,0
-4.439537,167.62442,0
107.79445,-77.477516,0
139.97667,-50.654034,0
132.25099,-62.550232,0
11.553543,170.20486,0
79.42436,142.3529,1
-4.442485,169.28479,0
-4.3318887,168.84988,0
-1.4580728,79.57425,0
27.873623,-109.926674,0
-77.94911,-116.55284,0
-173.34229,-26.32694,0
-0.78585887,80.360664,0
137.29076,-11.241456,0
-0.029650498,82.63458,0
-51.059063,-54.715866,0
-14.21898,102.36628,0
32.268147,-115.86629,0
-75.61676,-91.59396,0
-169.657,-9.651607,0
-15.051275,101.67879,0
145.21716,-2.8484714,0
-16.945467,99.77585,0
-57.2846,-46.89338,0
98.211685,-11.735517,0
-4.5312977,-120.30338,0
127.091484,-61.9797,0
106.64016,-9.277708,0
100.14216,-13.92896,0
172.442,65.582634,0
105.05318,-9.89419,0
100.747025,-14.910539,0
58.358013,78.32015,0
44.254765,-74.14103,0
-36.763836,-105.01071,0
-131.38637,-14.527702,0
58.393284,78.34775,0
114.78832,43.32099,0
59.75886,74.524086,0
-6.8060036,-70.611305,0
-12.740756,39.903187,0
60.746067,-146.42793,0
-98.65912,-133.24022,0
-144.40977,30.75589,0
-12.404385,39.82962,0
108.989105,21.928164,0
-11.135761,38.662533,0
-33.0649,-24.036463,0
16.241701,7.6344795,0
75.95768,-72.11554,0
-48.48416,-157.93658,0
-92.242935,-20.13867,0
17.097788,7.7587748,0
103.39728,35.15365,0
18.177628,8.443442,0
19.974298,-58.985317,0
23.300922,71.94667,0
8.168765,-101.8682,0
-23.479855,-106.7515,0
-143.955,2.7253144,0
23.808435,72.18762,0
166.75221,36.150906,0
25.348957,73.988815,0
3.1850138,-80.85761,0
-63.76477,95.26557,0
1.5457221,-129.5085,0
-89.77142,-63.331627,0
-170.06497,11.268492,0
-63.40442,95.72571,0
153.6854,1.208144,0
-62.766834,96.464355,0
-40.774437,-2.2107148,0
-35.372852,127.70288,0
5.6439333,-110.78391,0
-67.3207,-62.043358,0
-146.34624,-7.5449586,0
-29.023668,122.96718,0
173.9011,30.073277,0
-22.901026,118.85075,0
-21.490416,0.98211527,0
72.91496,40.758904,0
56.122906,-94.09421,0
-49.381393,-118.11129,0
-113.57488,-7.536256,0
72.82263,40.86662,0
115.12556,54.51649,0
56.742077,41.04269,0
-6.8443484,-56.32685,0
15.597057,69.138084,0
15.281205,-97.88744,0
-56.119343,-77.77646,0
-148.16867,4.6384983,0
15.086874,68.94402,0
148.9772,36.423042,0
14.172113,68.456116,0
-14.382416,-55.593098,0
70.33084,102.119576,0
27.889277,-74.10499,0
-38.920883,-92.357155,0
-147.06812,-19.255121,0
70.82734,101.52746,0
162.33449,25.328415,0
71.02491,100.76062,0
-17.385649,-83.28824,0
-58.36806,115.60174,0
7.881097,-112.581924,0
-76.6979,-59.325996,0
114.39796,-25.799864,0
-53.835236,116.285286,0
181.784,43.804173,0
-60.270477,116.04788,0
-62.129375,115.146126,0
23.66155,37.443737,0
57.22233,-114.53902,0
-65.15993,-132.22903,0
-118.418076,5.562131,0
23.85423,36.7596,0
140.46211,56.511974,0
25.59401,34.9729,0
-17.969826,-42.644783,0
-67.25413,143.9524,0
98.32745,-89.501305,0
116.14795,-39.788246,0
105.14876,-37.416393,0
-69.23449,144.88208,0
96.86727,121.164116,1
-72.04303,145.91309,0
-71.232994,144.95354,0
-137.78969,72.62122,0
-20.906712,-168.73268,0
-151.13074,-76.05496,0
-163.72684,46.161556,0
-137.85172,72.45385,0
200.4827,-9.543209,0
-138.25264,72.10566,0
-129.68848,57.62485,0
-138.06541,82.370865,0
-20.055649,-172.87001,0
-148.97264,-72.858185,0
-167.03584,46.001595,0
-137.87451,82.68904,0
196.55043,-7.483784,0
-133.68071,83.9755,0
-126.85032,53.211308,0
-33.01789,23.370556,0
44.708298,-145.94276,0
-109.756744,-98.0313,0
-126.64522,25.829002,0
-33.365932,23.905483,0
135.57413,76.061134,0
-33.767178,25.925335,0
-44.900917,-24.612097,0
-54.24306,60.937187,0
13.487733,-153.058,0
-99.679886,-75.7491,0
-180.54904,-2.7175176,0
-54.703144,61.161892,0
171.02963,-2.95872,0
-55.621017,64.16175,0
-69.63126,-8.07478,0
16.186012,30.08512,0
62.82419,-119.26814,0
-64.96891,-140.82959,0
-121.266495,6.522499,0
16.33646,30.207767,0
110.053894,64.74466,0
17.330105,29.477655,0
-15.040285,-34.89154,0
-20.01088,24.764908,0
15.109296,-123.977005,0
-95.4846,-105.11206,0
-137.53055,20.590517,0
-19.774197,24.804155,0
113.23699,27.053722,0
-19.34043,25.072214,0
-31.746334,-15.980606,0
-121.0169,85.97534,0
-19.361225,-174.97998,0
-146.39304,-71.53638,0
-171.31721,38.772926,0
-121.19464,85.905266,0
191.3828,-6.394475,0
-131.9399,85.665794,0
-125.954605,50.644215,0
39.679207,-28.32145,0
98.54278,-105.75703,0
-20.908533,-130.8656,0
-101.03258,1.2581303,0
39.688763,-28.543491,0
128.0996,86.79282,0
39.630962,-28.703672,0
40.285934,-29.13266,0
71.28826,97.07141,0
31.216171,-74.64864,0
-37.289326,-94.43806,0
-138.7405,-17.850756,0
71.323364,96.685356,0
157.85751,28.660551,0
71.131325,95.593155,0
-14.584753,-81.419205,0
78.15582,91.316795,0
32.832714,-70.735,0
-33.14503,-96.35954,0
-144.10355,-22.766045,0
78.245415,91.441444,0
158.29816,33.551277,0
72.46688,91.895004,0
-12.307844,-83.78651,0
62.47094,-33.495533,0
107.89345,-99.14765,0
60.51668,-37.73805,0
-89.82229,-29.53904,0
62.258747,-33.57664,0
122.07894,94.86862,0
61.96557,-33.72331,0
61.470917,-34.742924,0
-37.486397,60.046833,0
25.886618,-158.87123,0
-90.15133,-84.420235,0
-174.46667,-0.62077725,0
-37.943703,60.128998,0
153.2336,12.6086035,0
-41.187145,59.83461,0
-66.02253,-18.245287,0
-132.84183,77.01545,0
-18.2257,-170.84323,0
-151.80792,-72.34672,0
-165.47185,41.367252,0
-132.82639,77.02362,0
201.00963,-6.245273,0
-130.20676,81.19194,0
-125.655846,55.86083,0
-14.655505,104.29483,0
30.66225,-115.8717,0
-74.879814,-90.29659,0
-169.87689,-8.723777,0
-14.885486,103.891945,0
156.61705,-1.4086198,0
-18.463718,100.24114,0
-56.934204,-45.458786,0
-54.25012,50.246777,0
22.817766,-143.77548,0
-105.92945,-80.14125,0
-190.31248,-0.5332531,0
-54.63581,50.454815,0
128.82983,9.474425,0
-57.940727,51.100002,0
-56.7653,-6.555554,0
-123.516975,89.15314,0
-15.169715,-177.54723,0
-149.04573,-65.46207,0
-170.43451,40.734737,0
-123.697624,88.50034,0
195.72073,-9.485467,0
-125.521835,86.039505,0
-120.676216,49.61196,0
64.48635,39.436417,0
69.61743,-93.67401,0
-53.70028,-126.772,0
-127.33795,-27.680746,0
63.92605,38.973637,0
114.73277,65.19179,0
60.901276,39.553215,0
-12.047059,-48.194458,0
-90.50647,80.53251,0
-4.130057,-146.83667,0
-101.81451,-52.52364,0
-187.31229,22.177591,0
-90.05636,81.24656,0
174.07018,-5.097561,0
-85.24771,84.37989,0
-76.598625,7.161451,0
1.4530556,175.50822,0
106.83535,-81.94688,0
139.26634,-52.03538,0
122.03466,-25.686495,0
2.9404984,172.98817,0
81.584305,139.71391,1
1.5890105,174.15508,0
2.2809978,173.69318,0
-54.72072,125.38634,0
7.5315814,-119.2657,0
-74.32047,-58.28493,0
107.81451,-30.606604,0
-49.829082,120.68032,0
180.08873,39.535286,0
-57.87102,127.22019,0
-60.1285,126.83364,0
-56.107494,153.16257,0
100.09788,-93.85334,0
125.99639,-39.213017,0
111.53412,-33.93691,0
-57.21005,155.52873,0
96.52858,125.466446,1
-58.135822,159.77678,0
-57.578,157.46347,0
48.48321,87.10135,0
34.36569,-86.8443,0
-56.51361,-101.051125,0
-158.61421,-11.517562,0
48.94167,86.93731,0
152.565,24.751696,0
49.847603,86.57797,0
-27.489445,-68.60047,0
-76.36921,26.651081,0
19.745956,-174.41231,0
-123.494415,-76.59054,0
-207.3289,3.9376712,0
-75.7379,26.332218,0
116.63023,8.198054,0
-74.5645,25.622675,0
-44.891457,2.2067864,0
-104.016754,76.38996,0
-3.9825897,-176.33592,0
-137.58607,-61.054295,0
-152.4807,-0.9131778,0
-104.17528,76.774055,0
188.42528,7.1897655,0
-103.90354,77.96756,0
-108.40584,55.740646,0
-58.732517,115.410545,0
5.2946267,-115.56823,0
-76.93187,-58.295208,0
114.430374,-25.791597,0
-54.22537,116.19808,0
182.31087,44.317528,0
-60.231655,115.66119,0
-62.283817,114.895615,0
74.31622,51.919308,0
53.644726,-70.32126,0
-32.01317,-116.48761,0
-113.47643,-15.555503,0
74.01699,52.863247,0
113.57024,41.881218,0
73.925156,58.582027,0
1.6321348,-68.41005,0
82.18043,60.612587,0
48.001812,-69.775444,0
-32.11722,-112.14339,0
-123.99449,-21.234152,0
82.297905,60.735073,0
105.75928,42.420567,0
74.95668,61.684185,0
-0.99877304,-71.275696,0
7.042003,103.21891,0
31.130545,-101.74568,0
-72.4384,-106.429,0
-164.84041,-28.11469,0
7.2462616,102.796844,0
154.5402,-15.888681,0
19.314404,120.70327,0
-42.08672,-61.997894,0
33.998333,16.188663,0
81.85059,-87.78311,0
-55.44986,-155.2357,0
-103.76967,5.193415,0
33.285137,16.246851,0
125.23283,78.07716,0
29.860008,17.126064,0
20.411434,-44.36864,0
-11.2881775,1.8194685,0
56.15561,-133.93733,0
-112.42734,-122.49373,0
-126.0544,9.522582,0
-11.52831,2.1417785,0
128.52324,-4.6832433,0
-11.157549,2.6035528,0
-9.822818,-15.489322,0
63.668392,110.061935,0
25.047247,-78.72071,0
-44.619816,-91.51674,0
-157.95721,-16.166716,0
63.8768,110.435844,0
161.53798,19.254824,0
63.938503,111.17239,0
-20.963717,-85.62874,0
-52.27392,52.303337,0
22.916372,-145.49419,0
-104.56319,-79.99485,0
-190.07918,-5.312583,0
-52.596916,52.41592,0
134.4452,14.345227,0
-57.0796,52.362972,0
-57.866684,-7.412264,0
24.194931,149.26918,0
106.41982,-67.15493,0
137.58784,-70.39997,0
46.475998,160.10748,0
40.243114,144.1537,0
68.30213,142.30502,1
46.08343,161.63387,0
39.513153,143.45235,0
24.06475,-0.26774803,0
72.84066,-120.06274,0
-94.6371,-117.83023,0
-118.74407,10.533945,0
23.899288,-0.29167747,0
115.66435,26.155056,0
19.10126,-1.4113294,0
0.5501697,-29.290796,0
44.535297,-28.665602,0
100.15135,-104.25358,0
-19.228092,-129.91618,0
-115.38846,-33.503258,0
44.742702,-29.183804,0
126.61009,88.721664,0
45.07704,-29.616608,0
42.796665,-29.228231,0
14.047743,149.24062,0
107.499115,-67.716225,0
138.1831,-59.047447,0
11.661441,146.1685,0
12.769585,146.40747,0
76.85004,136.10127,1
12.003536,146.27284,0
12.944238,146.30591,0
88.786766,-50.1233,0
98.63495,-68.34741,0
98.37386,-51.937412,0
-84.20839,-33.508762,0
89.76366,-50.29526,0
115.62803,102.22227,0
90.940346,-50.747757,0
94.08146,-51.279297,0
28.210817,151.68993,0
109.42473,-71.72544,0
134.9842,-69.95682,0
42.77058,155.3838,0
43.632313,150.84521,0
68.1211,139.03809,1
43.753754,154.66049,0
43.960083,150.14334,0
-92.148865,40.1968,0
10.2461405,-170.26077,0
-120.12419,-67.69738,0
-197.5526,11.00559,0
-92.10149,40.54437,0
173.25607,5.6275244,0
-88.668465,39.311977,0
-53.86532,8.623463,0
87.851,-15.299221,0
0.29530016,-116.860344,0
120.69166,-59.208866,0
92.86934,-26.070944,0
92.35325,-23.146885,0
178.66122,59.421417,0
92.58716,-23.511847,0
91.74154,-22.223251,0
-119.76824,84.749,0
-13.3363285,-175.9498,0
-144.717,-67.0889,0
-173.69391,36.497715,0
-119.79505,84.82247,0
188.08797,-9.561575,0
-114.54823,85.78607,0
-118.21246,52.269794,0
-46.18882,33.272636,0
36.700756,-144.00038,0
-106.80257,-92.79916,0
-120.930695,23.520206,0
-46.310364,33.045002,0
130.258,54.568806,0
-40.995537,37.40323,0
-43.908226,-17.086826,0
-3.9511845,103.60529,0
44.10775,-113.61179,0
-63.347504,-94.84706,0
-124.413,0.9677388,0
-3.3704486,103.508804,0
141.3599,35.682323,0
-1.9071497,103.59546,0
-38.351196,-47.4547,0
-22.67212,129.19316,0
2.5495756,-103.93414,0
-60.69991,-65.58178,0
-134.1861,-23.614828,0
-22.52622,128.58937,0
176.88316,32.473007,0
-21.073938,126.34595,0
0.8578915,-79.86039,0
18.556913,37.62363,0
57.284344,-117.75632,0
-65.22673,-136.19034,0
-120.45597,3.0942576,0
18.226208,37.693356,0
141.25389,59.291943,0
14.837026,37.685028,0
-17.946836,-38.62143,0
32.443027,20.306267,0
76.76538,-87.889244,0
-55.562153,-149.37889,0
-108.49272,-13.01078,0
32.254078,20.374495,0
136.4347,44.576504,0
30.082865,19.33286,0
15.280238,-45.30575,0
52.77648,91.90251,0
33.28264,-83.747505,0
-54.57676,-97.1275,0
-154.01195,-29.499409,0
52.437546,92.01822,0
135.93544,26.10645,0
51.928677,90.95549,0
-23.117147,-71.358665,0
-35.5247,90.28421,0
29.186079,-131.77614,0
-80.38389,-76.3791,0
-138.39862,5.912013,0
-35.88219,90.458275,0
168.11992,15.495899,0
-39.419544,93.00336,0
-52.9352,-30.058708,0
57.08029,98.75608,0
38.642315,-79.57362,0
-44.095352,-90.08896,0
-137.44887,-10.927487,0
57.469852,98.58641,0
119.461624,38.921913,0
50.069714,79.39297,0
-14.3211,-72.87071,0
-54.6077,127.679214,0
7.3757515,-114.4378,0
-74.1732,-59.56378,0
106.82666,-33.806335,0
-51.179893,122.71475,0
179.16849,40.694065,0
-55.95316,128.9245,0
-55.069317,129.86043,0
73.99104,5.3021836,0
69.378914,-74.063255,0
-51.092876,-141.78198,0
-108.39276,-16.487906,0
73.70733,5.3090777,0
107.532936,61.49756,0
42.807404,55.029766,0
12.205255,-62.58294,0
68.045815,33.899734,0
60.44711,-96.36546,0
-50.269093,-121.68343,0
-110.57346,-12.007868,0
67.72124,33.707863,0
140.69064,51.518715,0
56.63879,36.76952,0
-7.7494993,-51.591766,0
-46.888866,37.343105,0
28.883444,-144.06671,0
-106.90729,-88.327614,0
-124.17291,23.499441,0
-46.733536,37.68758,0
130.60005,14.214625,0
-46.03241,39.283318,0
-50.056324,-4.5538836,0
58.0782,111.777054,0
22.115818,-88.52041,0
-54.48514,-89.28981,0
-162.94492,-16.787863,0
58.418434,112.25294,0
159.26537,-9.321771,0
57.629528,115.55296,0
-32.755455,-77.60212,0
78.99618,81.083534,0
36.05461,-69.54099,0
-31.317566,-100.21269,0
-136.0982,-21.533577,0
78.93957,81.07,0
153.29712,34.354706,0
72.15568,86.107544,0
-6.6259513,-84.60051,0
16.21889,21.665522,0
68.68453,-133.26396,0
-63.899555,-144.60521,0
-120.25032,16.670338,0
15.660356,21.801853,0
123.33958,49.850147,0
12.208885,23.279753,0
-11.228081,-34.67323,0
24.56799,150.14738,0
105.06539,-66.163704,0
136.42514,-70.27061,0
44.977924,159.24835,0
39.51202,145.97108,0
69.10579,142.24,1
44.239704,161.16943,0
38.06938,144.72835,0
-5.9582644,61.07379,0
39.52709,-54.43064,0
-97.88665,-143.15915,0
-154.75592,17.159008,0
-5.9613724,60.705166,0
144.81383,12.796103,0
-11.103011,55.322933,0
-37.41628,-32.660717,0
61.72594,-13.031363,0
82.42841,-78.36873,0
-42.809418,-151.39294,0
-91.3252,-14.833204,0
61.230896,-12.13238,0
111.29517,78.43428,0
55.85106,-9.3067665,0
20.801626,-52.960575,0
72.82551,34.644905,0
59.936893,-98.077446,0
-51.259678,-123.83945,0
-110.314156,-6.0741706,0
73.37924,34.79248,0
123.37611,65.05894,0
55.479572,35.109722,0
-6.0177126,-49.32566,0
25.770315,-20.81126,0
85.745705,-118.90666,0
-91.05042,-110.52045,0
-94.259605,9.586629,0
25.748638,-19.880507,0
132.21974,72.40825,0
25.285784,-17.066065,0
11.324569,-27.031387,0
-92.21736,39.256134,0
10.191935,-169.3374,0
-119.134,-67.73564,0
-200.69438,10.209153,0
-90.32692,41.52142,0
175.28616,6.314232,0
-88.52748,40.21818,0
-54.47744,8.191244,0
-90.693695,79.00685,0
-3.4345205,-146.94429,0
-100.935165,-53.308765,0
-187.2,21.174234,0
-89.09638,80.98111,0
173.73666,-3.0616264,0
-84.48602,82.83798,0
-76.47176,5.9943433,0
34.666325,-2.40788,0
75.49231,-131.46213,0
-38.882202,-147.62344,0
-95.1724,-7.721946,0
34.690357,-2.401977,0
102.03521,70.85095,0
36.743423,-1.3191211,0
-3.051769,-34.230686,0
68.307816,-35.893887,0
111.140656,-96.18136,0
64.523384,-40.98298,0
-87.209755,-32.31414,0
68.15858,-36.157085,0
117.93078,99.96898,0
68.11121,-36.498207,0
67.77237,-37.84388,0
-46.739708,34.814754,0
34.17985,-142.67688,0
-107.900986,-89.793915,0
-123.53869,23.329643,0
-46.766983,34.877987,0
120.7181,12.097932,0
-44.626194,39.115906,0
-49.877136,-3.1807966,0
13.319582,102.351074,0
34.65198,-101.50147,0
-69.17834,-107.15264,0
-162.35574,-28.87573,0
13.625006,103.101524,0
148.15309,-12.165003,0
13.571129,103.78791,0
-39.860973,-62.423473,0
27.167439,22.712057,0
71.59586,-71.900154,0
-53.54337,-143.9545,0
-120.41642,-4.993597,0
27.658678,22.305403,0
101.823395,60.72552,0
37.890347,46.54373,0
14.85169,-62.93958,0
33.321953,153.51448,0
111.79526,-75.28803,0
137.49611,-65.45556,0
112.487335,-19.927109,0
34.66676,154.95569,0
70.74959,138.81587,1
34.158005,153.83748,0
34.208565,153.8082,0
19.113226,130.90239,0
26.269747,-98.727,0
-74.00834,-101.315025,0
-162.40854,-21.942587,0
19.55928,130.28905,0
159.24765,-11.093693,0
20.472315,128.78914,0
-44.59626,-67.87693,0
23.551575,122.25324,0
28.96926,-100.426926,0
-73.77045,-104.16657,0
-164.59712,-24.239208,0
17.707174,123.52183,0
154.02672,-13.30032,0
18.537243,124.65513,0
-43.30668,-64.93006,0
23.973337,47.04169,0
55.301414,-107.397446,0
-78.22708,-123.278656,0
-123.0057,7.683598,0
23.753593,47.853756,0
132.73184,52.704414,0
20.347507,48.51293,0
-26.180462,-43.4206,0
5.04265,180.28935,0
108.08543,-80.36854,0
135.2817,-66.043976,0
123.27911,-25.237438,0
6.6219525,178.58316,0
72.69173,137.87515,1
7.6639757,180.58017,0
7.392223,179.40135,0
69.97884,109.27508,0
25.61491,-75.73063,0
-41.37115,-90.673164,0
-146.56306,-15.962992,0
65.211205,106.687645,0
162.77423,28.968382,0
66.05933,107.90202,0
-20.49026,-84.33136,0
-27.388788,11.032837,0
46.03734,-135.5053,0
-104.142075,-107.10803,0
-135.88078,5.0148597,0
-27.047136,11.585782,0
124.95935,32.41014,0
-24.693743,13.488485,0
-5.3992047,-23.507423,0
50.045124,64.19167,0
54.35008,-80.81564,0
-44.59681,-110.26294,0
-125.86918,-11.7399845,0
49.830544,64.244194,0
123.54138,48.339565,0
46.15769,61.097027,0
-7.9971924,-63.387634,0
64.91607,53.375603,0
60.20144,-80.50406,0
-37.505947,-119.78702,0
-113.85364,-14.40357,0
64.55514,54.06247,0
113.27046,52.596664,0
64.37266,55.2191,0
0.17565851,-60.330154,0
51.59956,84.70226,0
40.91657,-70.2827,0
-30.698496,-104.15161,0
-140.75446,-28.225975,0
51.487972,85.05338,0
138.33167,39.886288,0
51.09958,85.75723,0
-0.91649234,-80.7433,0
97.19893,-12.993715,0
-1.9221559,-118.95801,0
125.28519,-60.257263,0
97.49796,-15.532651,0
97.993034,-15.950523,0
173.82156,64.031075,0
97.83617,-15.803521,0
98.14031,-16.801163,0
-66.73982,49.661514,0
19.685003,-139.49211,0
-110.18586,-77.20705,0
-197.06436,-2.10852,0
-66.26031,49.2405,0
166.96117,5.8128166,0
-65.27826,48.694252,0
-56.013676,-1.4961324,0
-138.18263,68.984505,0
-21.44855,-167.38298,0
-152.27666,-76.81642,0
-161.62532,45.176918,0
-138.0614,69.10239,0
142.40134,75.86879,0
-137.859,69.53009,0
-132.26793,59.66994,0
51.91793,25.774933,0
64.12238,-103.661446,0
-47.540497,-133.0736,0
-104.96475,-3.8403585,0
51.656265,25.914446,0
121.429375,69.07472,0
48.00048,25.134653,0
-2.9151826,-43.670277,0
-64.227585,96.55072,0
1.0199741,-128.6654,0
-89.547455,-62.45747,0
-179.14151,18.220695,0
-64.69055,97.11859,0
171.61754,20.755333,0
-65.16655,98.46029,0
-39.959625,-1.8537109,0
71.10878,79.85549,0
45.47425,-70.10595,0
-32.793724,-109.682106,0
-132.39455,-21.63757,0
70.959984,80.189125,0
139.10883,33.407455,0
70.34781,81.694336,0
-3.8302684,-73.251625,0
26.308203,3.809441,0
48.04679,-132.83635,0
-101.25567,-110.3321,0
-119.86124,9.685726,0
26.023077,4.0667233,0
125.53661,27.65853,0
25.244701,4.6635337,0
-3.928123,-27.210817,0
-80.38795,36.586315,0
14.424604,-169.86057,0
-119.60475,-72.1594,0
-200.61623,5.376368,0
-80.60509,36.47306,0
121.53406,5.9367523,0
-84.43024,36.45628,0
-51.58272,4.7235823,0
-54.006702,52.450848,0
36.51584,-157.19997,0
-103.78763,-80.44213,0
-183.25063,-15.254728,0
-54.520844,52.106712,0
134.28746,1.753662,0
-56.509983,51.84638,0
-62.220383,-24.221619,0
49.646828,4.978503,0
74.03886,-100.54508,0
-39.101505,-137.20726,0
-97.1495,-8.258966,0
49.157207,5.0227275,0
113.23587,67.20286,0
47.16449,8.342725,0
5.9890833,-44.5227,0
75.903145,92.85919,0
31.090275,-71.63139,0
-34.981857,-95.41375,0
-140.26443,-17.978634,0
75.218575,92.931244,0
160.58632,37.191753,0
73.386986,93.61261,0
-11.614788,-82.2341,0
-118.68633,78.02909,0
-11.53358,-173.36577,0
-142.10645,-66.63101,0
-168.5291,37.563835,0
-119.07257,78.57083,0
195.55211,2.0215216,0
-119.28146,78.82794,0
-117.01605,54.14092,0
60.161434,65.80741,0
44.801144,-75.05018,0
-35.717697,-110.380264,0
-123.386024,-18.01923,0
59.508343,65.22129,0
110.96505,42.07625,0
59.277435,64.93258,0
-2.9008791,-68.69174,0
-38.29453,47.704327,0
31.20866,-148.57336,0
-99.29214,-89.81069,0
-127.07503,18.251253,0
-38.776783,48.016346,0
116.51044,23.970695,0
-40.915127,46.889683,0
-52.45928,-17.488865,0
-10.507536,102.63717,0
34.159172,-113.31277,0
-73.75403,-93.59524,0
-167.6864,-7.79972,0
-9.803128,103.46052,0
148.67862,-1.3989186,0
-9.83335,103.85544,0
-55.67809,-48.6162,0
-69.97505,42.730717,0
22.829937,-139.44392,0
-112.46735,-79.75558,0
-199.23593,-0.0921925,0
-69.56219,42.866707,0
133.3542,12.157491,0
-67.38698,46.99418,0
-53.66919,-3.0402482,0
61.73021,80.24501,0
34.85745,-82.16012,0
-34.63323,-104.29341,0
-129.90475,-17.539999,0
61.432125,80.222145,0
141.73785,23.665125,0
60.47132,79.33674,0
-20.259365,-70.08285,0
-3.5162232,40.894962,0
60.3269,-141.87605,0
-95.76052,-129.50739,0
-140.37885,27.510067,0
-3.4067948,41.25045,0
110.19335,25.60519,0
-3.5924404,42.836033,0
-28.757307,-23.492826,0
-42.925415,14.50345,0
47.378166,-153.55989,0
-116.77973,-99.949394,0
-191.21489,-7.12835,0
-42.826324,14.397381,0
121.34079,20.240679,0
-47.080677,16.206911,0
-65.61579,-33.428944,0
14.19451,111.89529,0
40.186317,-99.85508,0
-64.409,-109.53322,0
-151.61443,-30.065752,0
14.304413,112.10893,0
147.55833,18.64032,0
15.036913,112.66944,0
-32.383724,-57.308926,0
-76.86051,54.32766,0
4.6026387,-153.59355,0
-110.12696,-71.99462,0
-177.12737,-11.525799,0
-76.87325,54.491486,0
136.00214,6.040653,0
-76.885956,54.85051,0
-77.78515,-3.6530676,0
-7.37763,68.60856,0
35.56797,-54.76025,0
-101.016304,-144.3009,0
-157.6431,17.699202,0
-7.903783,69.03878,0
149.26596,12.596827,0
-9.730995,69.83642,0
-39.730236,-36.065735,0
43.521435,-32.225216,0
101.322075,-105.78008,0
-19.627178,-127.55053,0
-120.53437,-38.788754,0
43.584793,-32.470036,0
130.44954,90.48896,0
43.827072,-32.76616,0
43.498077,-33.493572,0
25.450039,25.760817,0
72.59213,-87.04957,0
-58.97843,-143.15445,0
-101.39641,-9.465961,0
26.048145,25.728222,0
126.42103,46.466988,0
27.59361,25.699757,0
1.1202997,-51.081085,0
-21.191608,7.7927117,0
48.230972,-132.90822,0
-100.52281,-110.286934,0
-130.86424,6.1655173,0
-20.41349,8.109326,0
131.13951,62.779217,0
-18.775682,7.9582577,0
-3.6546216,-26.855902,0
93.65088,7.925085,0
5.0076427,-139.7828,0
-87.769714,-54.341568,0
125.208176,-26.647137,0
-67.2663,89.46617,0
186.35396,50.81738,0
93.98906,8.342628,0
93.88936,8.898867,0
26.874428,-22.091097,0
83.89694,-119.64255,0
-91.50899,-109.99951,0
-129.2117,14.164318,0
26.353878,-21.90093,0
128.90178,71.977066,0
22.810303,-16.682787,0
9.451012,-27.109762,0
40.591408,-26.004442,0
97.400665,-104.883896,0
-21.009974,-132.17233,0
-98.29551,1.8665608,0
41.000546,-26.253525,0
117.143654,76.55074,0
41.23956,-26.472656,0
41.472164,-27.800238,0
48.341614,52.71078,0
3.5657406,-100.2753,0
-21.600441,-111.915375,0
-124.53979,-10.021126,0
47.93678,53.627113,0
119.281685,45.20174,0
47.20675,55.098667,0
7.8280406,-76.09865,0
43.82056,7.250412,0
73.85767,-100.98751,0
-39.507973,-137.6656,0
-96.22275,-2.3955088,0
44.074158,8.048177,0
113.32369,66.35232,0
46.292526,8.707608,0
5.935282,-43.75502,0
-8.261831,123.72147,0
39.291107,-122.32012,0
-68.99234,-85.095604,0
-171.55696,-29.909866,0
-7.3692417,123.37143,0
152.51755,-8.608554,0
-6.33021,122.86124,0
-49.100452,-45.4131,0
-91.05089,39.016895,0
10.877425,-171.29868,0
-121.05661,-68.9929,0
-199.79424,9.444138,0
-90.40279,38.962597,0
119.47021,7.3753204,0
-88.24877,38.228245,0
-52.12572,7.9968348,0
53.027416,-32.675816,0
104.48449,-103.52541,0
53.63925,-38.624573,0
-116.94646,-37.32072,0
53.08613,-32.938366,0
126.986374,93.213806,0
52.99373,-33.30552,0
53.616177,-34.432354,0
71.59794,-7.056144,0
78.9026,-76.63215,0
-44.280617,-148.3816,0
-96.943146,-16.276392,0
71.380104,-7.1039486,0
108.577866,62.55924,0
61.80797,-2.1937597,0
17.948265,-54.694447,0
-33.81377,115.11015,0
7.783491,-120.32742,0
-67.84991,-68.3143,0
-153.07419,-10.212414,0
-33.64803,114.89109,0
173.89948,31.57912,0
-31.655787,114.56006,0
-28.894825,-2.0164144,0
-76.38524,72.11424,0
12.615622,-134.26163,0
-101.77029,-62.218864,0
117.98398,-51.87552,0
-76.155464,72.9125,0
181.74582,4.0781565,0
-77.10111,72.20087,0
-72.25562,0.12522426,0
-0.9587114,28.569258,0
72.12249,-141.35109,0
-76.62001,-145.28883,0
-111.657684,22.600262,0
-0.28343457,27.57136,0
141.96056,64.65963,0
-0.20003149,25.386122,0
-18.99316,-27.22397,0
1.42218,120.4506,0
43.058243,-121.86519,0
-65.75456,-86.311104,0
-160.04434,1.6758091,0
0.6739912,120.57314,0
133.13959,-4.6696157,0
-0.3634199,120.56079,0
-46.692875,-46.078648,0
-2.7166994,30.490831,0
72.25814,-142.06929,0
-76.59605,-144.15627,0
-114.02617,25.010303,0
-2.7388875,29.981865,0
142.26773,66.75149,0
-1.474047,23.466364,0
-17.745861,-25.420778,0
29.796528,93.84048,0
25.09023,-111.22483,0
-77.24165,-117.61682,0
-141.72827,-38.106182,0
30.400248,93.50708,0
147.38538,26.54169,0
30.62176,93.49025,0
-50.7417,-53.380394,0
77.64812,10.879873,0
68.61268,-79.60273,0
-45.688366,-142.8188,0
-103.63245,-17.173685,0
76.809715,10.378957,0
109.19842,60.580254,0
69.32744,10.030715,0
9.176491,-58.055138,0
43.00619,-4.154033,0
77.461105,-103.814026,0
-35.000744,-140.96814,0
-92.2076,-5.8297076,0
42.81579,-3.422809,0
112.70652,71.12122,0
41.72773,-0.5766362,0
7.81383,-40.351063,0
75.96345,75.74226,0
46.722652,-73.931435,0
-35.718395,-108.932686,0
-128.03781,-19.488966,0
76.25594,75.923035,0
110.438324,50.104492,0
61.428402,69.83809,0
-5.515885,-70.859375,0
-29.517609,130.02908,0
1.9628456,-107.68874,0
-63.714325,-62.57711,0
-149.32559,-7.3377814,0
-29.43641,129.83176,0
172.29913,29.343092,0
-23.08313,122.301125,0
-21.540106,-1.130351,0
-15.698001,7.376767,0
48.40445,-131.46852,0
-102.490776,-110.98095,0
-112.91159,-26.23573,0
-16.245794,7.7298036,0
132.02094,31.44163,0
-16.453852,7.727285,0
-4.1577587,-27.85729,0
24.338976,67.751816,0
9.386065,-105.98479,0
-59.537212,-71.13979,0
-139.52309,-1.8862369,0
24.894466,67.666664,0
175.10847,34.370377,0
25.100977,68.0123,0
-10.245303,-60.553917,0
-120.13087,80.92193,0
-13.088433,-174.08582,0
-145.21744,-67.69236,0
-172.89485,38.70788,0
-120.58785,81.18078,0
193.71898,0.54279125,0
-125.77592,82.453094,0
-119.11895,53.499355,0
-3.3110323,52.44952,0
45.149433,-59.406513,0
-90.7453,-141.73605,0
-147.51524,22.686365,0
-3.391113,52.504375,0
110.87955,32.84701,0
-4.942659,50.652157,0
-32.446095,-28.233667,0
64.35873,100.05139,0
40.844326,-81.24448,0
-45.927994,-101.37327,0
-140.71301,-8.959048,0
64.11429,99.93555,0
131.60222,22.490818,0
63.08353,99.13104,0
-14.157183,-70.47373,0
-65.33123,43.98679,0
21.41926,-140.71347,0
-109.80774,-79.22647,0
-196.61467,-1.7231812,0
-64.58501,44.153374,0
128.67871,11.259594,0
-64.04278,44.94024,0
-55.47383,-3.8221772,0
84.43861,-15.458384,0
9.618635,-139.25456,0
118.354675,-57.40099,0
90.11848,-28.943075,0
86.346115,-25.60446,0
180.81372,58.001476,0
86.63678,-26.349184,0
86.02583,-24.271336,0
51.523617,33.032055,0
54.024776,-100.58399,0
-55.960506,-120.56803,0
-116.738945,-7.6507983,0
51.33094,33.051712,0
125.74243,54.63088,0
46.972946,36.821392,0
-16.770546,-54.277752,0
-81.98956,65.09889,0
2.1913564,-151.48361,0
-99.35905,-60.497375,0
-186.5463,-4.210784,0
-81.7472,65.33013,0
167.99742,-6.0738316,0
-81.27893,65.830536,0
-78.39139,-0.73427355,0
-105.95909,76.67122,0
-5.0733433,-177.0652,0
-138.9608,-60.99799,0
-166.37907,28.393398,0
-105.78423,77.275856,0
175.71213,24.547213,0
-105.35921,78.70437,0
-109.44689,54.38759,0
22.75818,97.10019,0
44.033905,-102.54523,0
-64.734795,-113.29852,0
-158.8861,-34.499886,0
22.627653,96.752335,0
149.25275,44.692623,0
22.711544,92.944786,0
-30.960285,-55.880047,0
-16.445744,104.203766,0
30.518736,-116.55191,0
-75.40722,-89.67465,0
-171.04262,-10.566321,0
-16.495327,103.58228,0
148.85435,-2.9353487,0
-20.492033,101.52522,0
-57.439083,-44.447964,0
-9.750348,26.001848,0
75.32056,-146.47145,0
-75.842735,-138.17485,0
-110.12102,26.031893,0
-10.098898,25.490726,0
149.69174,58.966194,0
-7.7966104,20.955944,0
-20.807281,-32.350224,0
16.46709,36.99514,0
57.60298,-119.26838,0
-66.905876,-136.31953,0
-121.762375,3.7135746,0
16.083807,36.97308,0
143.38945,58.527378,0
14.68521,37.276146,0
-18.9924,-37.355556,0
-85.08658,71.58755,0
0.055918515,-149.84921,0
-100.25263,-58.095432,0
-190.39658,18.366419,0
-84.29488,71.78217,0
176.88902,-4.291094,0
-82.39485,72.271736,0
-77.55541,2.401995,0
-22.509209,27.541939,0
52.206284,-147.21617,0
-125.20257,-75.9807,0
-131.54933,23.236624,0
-22.428806,27.856632,0
114.478386,17.385244,0
-22.85145,29.458042,0
-44.564495,4.2386856,0
47.209713,52.43133,0
2.7876904,-101.050255,0
-20.786228,-111.56998,0
-147.96118,-9.028894,0
46.708244,53.794243,0
172.49251,34.67245,0
46.65601,54.82578,0
8.49333,-76.578835,0
24.54799,150.70262,0
104.59375,-65.80094,0
136.04443,-70.184784,0
44.083374,158.57527,0
39.02352,146.55457,0
69.18026,141.54433,1
43.801987,160.7325,0
37.63994,145.24593,0
97.79501,-12.585748,0
-2.3611898,-119.30599,0
125.866936,-60.575165,0
97.60296,-14.850315,0
98.41993,-15.15997,0
173.02367,64.92477,0
97.93787,-14.9977455,0
98.82885,-15.922511,0
60.996178,101.09669,0
29.5872,-80.58931,0
-46.52566,-99.677704,0
-138.58713,-9.449629,0
60.80823,101.498795,0
144.32925,26.22852,0
60.092136,102.74728,0
-19.881485,-76.78217,0
31.168713,96.02605,0
48.50028,-99.67546,0
-58.568478,-114.71425,0
-149.91017,-37.41422,0
30.636063,96.52646,0
148.71614,29.635988,0
28.668764,96.85947,0
-29.419691,-58.20121,0
63.14187,-52.218727,0
97.79735,-85.74055,0
55.26002,-48.920334,0
-84.9087,-17.524567,0
61.88478,-51.966763,0
114.02943,87.112976,0
61.01876,-51.570118,0
58.850815,-50.2754,0
-22.507305,8.579195,0
47.91464,-133.59062,0
-102.4159,-109.52057,0
-131.97652,2.964409,0
-22.81724,8.733211,0
123.96454,29.952755,0
-22.29496,12.460749,0
-4.5884213,-25.771637,0
-3.6219592,135.00117,0
40.351818,-126.969345,0
-66.88465,-80.61703,0
-166.36795,0.99969894,0
-3.0365312,134.54012,0
157.4341,-3.5439,0
-0.64058316,130.78893,0
-49.542515,-39.80122,0
-45.146408,20.516306,0
45.692696,-153.22525,0
-115.896515,-98.51367,0
-188.4984,-9.791877,0
-44.96986,20.973095,0
117.94275,17.329247,0
-44.957466,22.281185,0
-65.01702,-31.879501,0
82.20842,-14.552922,0
3.828966,-108.28196,0
117.84224,-55.52653,0
88.36145,-29.818745,0
80.89157,-19.200035,0
180.67886,55.753357,0
80.86929,-19.197876,0
80.67136,-20.346062,0
59.246445,97.26326,0
32.58303,-82.49806,0
-44.1467,-96.43648,0
-140.04112,-26.618855,0
59.20013,96.868675,0
152.1033,16.03956,0
61.240665,96.12343,0
-21.621843,-68.73729,0
-6.178615,60.050037,0
40.526737,-55.454002,0
-97.393036,-141.28633,0
-152.93864,19.03913,0
-6.3529058,59.934696,0
117.17223,20.442924,0
-11.375763,54.11857,0
-37.339573,-31.684837,0
-117.15734,78.164215,0
-11.031395,-173.846,0
-143.0498,-66.4696,0
-168.23207,33.60832,0
-117.25339,78.59997,0
188.08423,1.8269279,0
-112.340965,84.13823,0
-116.451065,53.715633,0
21.50178,0.14408103,0
72.22501,-119.69522,0
-95.92275,-117.02531,0
-110.04074,6.9951296,0
21.19672,-0.0028972123,0
129.43909,55.921677,0
19.151419,-2.2977462,0
0.88015515,-30.09592,0
61.04298,-7.440454,0
82.32452,-82.83629,0
-47.29702,-154.15916,0
-94.05032,-11.615914,0
59.987427,-6.6712766,0
115.03853,79.724075,0
57.062115,-4.718129,0
20.39585,-49.316097,0
-77.319756,33.121708,0
16.852566,-171.87083,0
-120.671,-74.5498,0
-202.91718,3.209344,0
-77.850006,33.586815,0
115.77483,12.044003,0
-83.11229,34.25614,0
-48.582664,3.0720274,0
34.344135,82.24923,0
38.682716,-90.456245,0
-59.9152,-119.32378,0
-136.09897,-33.430687,0
34.626713,83.62593,0
110.70367,38.105007,0
35.287094,86.06004,0
-20.572294,-58.411964,0
77.97314,31.94722,0
52.536575,-72.56373,0
-30.791977,-120.641396,0
-118.392166,-16.098755,0
78.07652,32.114235,0
113.748825,44.06106,0
61.623558,10.980778,0
4.4833236,-64.670586,0
34.139645,121.71865,0
33.112743,-93.70812,0
-65.96834,-102.28208,0
-154.45775,-25.294748,0
35.274002,121.06721,0
150.19133,29.193111,0
35.533302,118.28096,0
-36.444565,-68.05018,0
81.93522,-14.7324505,0
5.4671025,-104.94586,0
117.55104,-55.910725,0
88.70165,-29.734901,0
80.00925,-18.73583,0
180.87631,56.282166,0
80.08998,-18.916126,0
80.14065,-19.940847,0
-8.316108,125.193695,0
40.46406,-123.06198,0
-67.91522,-84.867485,0
-164.11424,0.8320634,0
-7.7588434,125.29027,0
152.55899,0.3514338,0
-5.3162017,124.93726,0
-48.75708,-44.348385,0
93.439186,-44.09962,0
100.846146,-67.52319,0
112.47725,-19.939386,0
94.15276,-43.582226,0
94.14908,-44.10048,0
112.651276,100.04905,0
94.17554,-43.992382,0
94.32944,-44.210976,0
51.19315,17.331835,0
61.120644,-97.03581,0
-49.55124,-123.96974,0
-105.530716,-7.1314807,0
50.469254,16.498251,0
122.59184,59.945515,0
56.5079,35.603325,0
-5.5159707,-51.259106,0
58.08566,122.11608,0
19.307686,-89.43373,0
-59.06197,-88.083565,0
-167.47551,-18.819355,0
58.118073,121.95262,0
158.63263,23.45238,0
58.383324,121.230484,0
-37.08158,-77.45275,0
5.3348765,73.363976,0
14.13958,-102.71045,0
-60.18987,-76.26492,0
-149.36977,1.4076253,0
5.376559,73.44201,0
164.09703,44.471466,0
3.0951927,70.19939,0
-24.860027,-11.920927,0
-93.84919,39.282223,0
12.804549,-171.59518,0
-120.242615,-68.959435,0
-203.51718,10.529913,0
-94.06033,39.44328,0
121.36132,9.001241,0
-87.08671,37.32591,0
-50.66946,8.392701,0
-3.3389206,29.559366,0
72.07519,-142.64609,0
-77.414314,-144.30943,0
-112.57668,25.066874,0
-3.2974675,29.51831,0
143.81137,69.120735,0
-2.7694445,23.682205,0
-18.645573,-25.184584,0
33.424828,80.625694,0
39.451954,-91.11651,0
-60.09407,-120.35651,0
-124.44794,-22.724514,0
33.091167,81.13368,0
141.38626,43.666786,0
35.689304,85.16141,0
-20.417736,-57.347683,0
78.46776,51.52152,0
51.95712,-69.24528,0
-28.978634,-117.60685,0
-107.07547,-19.484417,0
78.62096,51.674477,0
108.95084,42.702465,0
71.585,57.42295,0
4.4799514,-68.15733,0
63.16287,77.28084,0
41.92309,-71.46093,0
-32.610924,-104.00435,0
-126.1072,-21.046751,0
63.099552,76.967026,0
138.87776,40.809483,0
62.789467,75.0052,0
-5.6621866,-76.47826,0
11.861262,16.891775,0
40.10569,-140.3773,0
-103.53163,-98.486,0
-116.24195,18.349663,0
11.714587,17.328064,0
117.945435,29.355959,0
8.152807,20.69212,0
-24.164108,-21.594208,0
-92.508064,95.550186,0
-8.252956,-143.02464,0
-94.898346,-50.207672,0
-179.01088,24.23153,0
-92.64574,95.54662,0
179.24046,-6.1562963,0
-92.72675,95.519615,0
-77.92029,12.80088,0
29.570366,1.7645612,0
60.74817,-99.217316,0
-55.857033,-124.5581,0
-120.85594,10.703937,0
29.893053,1.9749506,0
130.23856,57.95989,0
54.720352,33.538845,0
-5.680629,-53.90735,0
-135.48946,81.34979,0
-20.330856,-172.45943,0
-150.07079,-72.22442,0
-166.65077,44.094154,0
-135.11404,81.62513,0
195.16847,-5.188151,0
-132.75766,82.8056,0
-127.37631,53.61125,0
-116.308716,102.53893,0
-10.999078,-163.82472,0
-140.97359,-75.96612,0
-175.60089,32.648624,0
-116.76029,102.34716,0
191.46532,-2.0458732,0
-118.21279,101.83452,0
-119.42316,62.8643,0
-33.89009,9.77828,0
56.25214,-141.27095,0
-100.65981,-125.37342,0
-145.31453,17.602528,0
-33.913204,9.461379,0
115.54153,21.939625,0
-33.96259,8.642005,0
-28.784065,-19.250702,0
-65.89123,146.42064,0
99.321846,-87.4535,0
116.84005,-39.597614,0
105.41167,-38.54254,0
-68.05621,146.5986,0
95.219666,121.29161,1
-70.099556,148.36034,0
-68.782684,148.01817,0
38.27125,20.259148,0
66.44153,-108.59514,0
-72.721695,-131.20366,0
-110.10241,10.292822,0
37.902706,20.311197,0
134.47678,56.91722,0
36.76712,19.551516,0
-3.999153,-38.554344,0
-34.003395,96.08628,0
30.014553,-129.65077,0
-81.68781,-79.1117,0
-163.1525,-11.764196,0
-34.37296,96.30949,0
167.82011,3.044048,0
-37.18413,96.57739,0
-54.590244,-33.13148,0
-64.05918,83.17703,0
7.7409115,-135.28285,0
-105.05156,-64.968605,0
-183.27202,8.277071,0
-63.596947,83.07851,0
176.5316,15.659474,0
-62.76758,79.80915,0
-62.55572,5.682272,0
-54.827385,127.00518,0
4.947241,-111.64095,0
-73.47642,-59.20674,0
107.21203,-32.54489,0
-50.552544,122.82728,0
178.19792,41.47375,0
-56.800583,128.43964,0
-54.9197,130.53568,0
62.90268,27.687042,0
62.788906,-91.038445,0
-44.978786,-126.04779,0
-115.352036,-8.5783205,0
62.796734,27.747707,0
111.252815,61.264687,0
59.23672,29.53883,0
-1.5118555,-53.89125,0
-24.179968,19.969093,0
47.433685,-137.78932,0
-107.16226,-107.10221,0
-133.64545,11.67979,0
-23.932678,19.347816,0
126.04732,26.543283,0
-23.246552,18.075588,0
-7.497086,-22.95306,0
34.769257,80.99999,0
40.183636,-91.230896,0
-61.11086,-120.07453,0
-119.66525,-2.8292484,0
34.91027,80.96765,0
137.98372,41.26833,0
33.433723,87.746544,0
-21.598494,-56.867867,0
-42.5484,72.44873,0
22.783146,-151.37311,0
-93.902275,-76.97437,0
-176.39705,7.76863,0
-42.412964,72.36154,0
151.13779,13.7691145,0
-51.653484,78.77591,0
-62.10787,-13.561809,0
63.058,-13.5707,0
81.785835,-78.514275,0
-43.391045,-151.54993,0
-90.81715,-14.758514,0
62.37407,-12.410355,0
109.109146,77.92195,0
55.737873,-8.878157,0
20.52249,-53.239662,0
65.248474,-31.698786,0
108.71166,-97.41131,0
61.531662,-39.472866,0
-88.49191,-29.899097,0
65.11784,-31.811285,0
119.20776,97.901436,0
65.4467,-32.10098,0
65.6738,-32.508785,0
-7.4006968,132.54759,0
38.32703,-125.761765,0
-69.697235,-81.88934,0
-163.86493,-4.3071465,0
-7.0962987,132.95152,0
162.69193,-7.2107143,0
-3.743364,129.77457,0
-51.39266,-42.06977,0
-89.97363,74.04113,0
0.86658055,-146.23848,0
-99.94116,-55.755703,0
-186.83705,16.610687,0
-89.99631,74.21663,0
167.63835,-2.077874,0
-81.10813,82.23134,0
-73.01792,4.0372286,0
-91.02919,83.34265,0
-5.348792,-146.60286,0
-101.52313,-50.950783,0
-186.14421,24.20322,0
-90.827934,83.58334,0
173.47404,-5.1553683,0
-87.1332,84.79392,0
-78.39323,7.001917,0
-9.942287,60.766792,0
38.835213,-58.10572,0
-98.97626,-139.95743,0
-150.69334,17.083078,0
-10.305529,60.27374,0
106.53707,39.629845,0
-10.628297,58.941586,0
-34.651867,-35.93912,0
-22.183788,40.46007,0
56.243336,-150.83203,0
-104.23454,-131.87854,0
-195.18019,-1.2867215,0
-21.599932,40.774952,0
115.578514,15.303191,0
-22.775461,42.412754,0
-37.774483,-20.541578,0
-9.600378,25.75704,0
75.21422,-146.3324,0
-76.049866,-138.36937,0
-109.74625,27.409714,0
-9.572167,25.409546,0
145.62592,62.56121,0
-7.4431324,21.260294,0
-17.705124,-21.158642,0
-89.59396,92.121346,0
-6.079392,-143.98099,0
-99.56226,-49.56686,0
-184.48288,23.766525,0
-89.52848,91.105965,0
174.63272,-5.6233716,0
-88.41291,89.78067,0
-77.48146,9.944647,0
31.592844,123.46012,0
31.135206,-95.46791,0
-68.80672,-101.63898,0
-157.51764,-23.415077,0
31.499025,123.30327,0
153.89165,16.376547,0
33.858326,118.55651,0
-38.65677,-68.4298,0
89.70681,-46.995865,0
99.770424,-67.09517,0
98.362526,-50.109554,0
-83.07436,-32.95804,0
90.9876,-46.921505,0
113.83284,101.28803,0
92.44734,-46.883144,0
94.738945,-48.22669,0
-3.1538045,113.63722,0
42.922527,-117.88978,0
-66.18381,-90.42288,0
-163.49881,5.3000946,0
-3.221092,113.65091,0
145.06424,2.448021,0
2.4777405,110.13359,0
-43.354527,-45.6743,0
90.15501,-40.307785,0
104.53406,-78.85376,0
90.87552,-40.074146,0
-95.78932,-32.585087,0
90.16838,-40.26943,0
138.47604,79.818726,0
90.18611,-40.242073,0
90.36423,-40.204105,0
-137.36552,77.49986,0
-20.798914,-170.76018,0
-151.06433,-74.227135,0
-164.37968,45.42766,0
-137.33067,77.35483,0
199.93665,-5.8625927,0
-137.51424,78.349174,0
-128.6973,55.231735,0
64.008995,116.81315,0
20.918074,-90.38692,0
-37.68171,-92.0416,0
-156.72893,-14.233543,0
64.14162,116.90168,0
154.14801,25.631844,0
61.108456,117.136475,0
-34.81741,-79.01431,0
79.507614,80.04802,0
35.44169,-68.66762,0
-30.876247,-98.70252,0
-139.05347,-21.687948,0
79.59098,80.39306,0
152.13333,38.12556,0
72.48734,88.37544,0
-7.508891,-83.3961,0
-1.6492538,95.69263,0
36.49903,-76.221436,0
-58.61215,-98.63239,0
-157.02715,-5.890588,0
-1.6841695,96.02528,0
143.95941,21.118168,0
-1.8783418,96.51773,0
-21.886961,-65.18591,0
-65.94353,41.636246,0
23.952616,-139.34853,0
-110.64365,-80.87672,0
-198.70564,-1.4615985,0
-65.42563,41.766113,0
124.8616,16.90013,0
-62.415997,44.644817,0
-52.00545,-4.1889105,0
-27.49964,41.794285,0
35.836674,-151.73294,0
-95.32837,-94.6077,0
-181.98164,-18.35153,0
-27.310225,42.49009,0
142.27405,47.054317,0
-27.491974,44.13734,0
-53.232777,-22.97741,0
-80.66238,38.0863,0
15.434012,-169.20502,0
-118.80783,-73.01698,0
-203.36983,6.4050994,0
-80.662346,38.18935,0
120.167595,4.737294,0
-83.15384,36.209915,0
-51.964516,2.9244008,0
13.78597,31.310392,0
61.41303,-120.63691,0
-69.42793,-138.35094,0
-124.85298,5.5182056,0
12.629212,32.087547,0
130.17827,49.03923,0
11.737749,32.8656,0
-17.766624,-33.974464,0
-50.8823,94.79804,0
19.052607,-125.81,0
-84.15907,-66.43273,0
-173.12488,17.255106,0
-51.20691,92.13655,0
167.53986,23.57797,0
-50.259567,91.39942,0
-40.243153,-9.886026,0
-52.851795,92.686134,0
19.85757,-127.34651,0
-85.67323,-66.95871,0
-174.28575,18.152056,0
-52.4844,92.44413,0
152.76762,18.92579,0
-49.65045,91.569016,0
-40.289787,-8.472333,0
64.38859,109.230774,0
23.57906,-74.250595,0
-41.07459,-88.29791,0
-146.71469,-13.16946,0
64.66196,109.35856,0
161.21773,20.890373,0
65.08877,109.763916,0
-20.492336,-86.33369,0
-20.19548,105.09536,0
30.33366,-117.85533,0
-76.32274,-89.38008,0
-171.57022,-12.965889,0
-20.583576,104.77598,0
159.59445,-0.90669584,0
-21.25848,100.57442,0
-58.805,-44.787804,0
-55.99682,123.13059,0
5.2517896,-139.14333,0
-106.33829,-59.68331,0
108.17858,-29.649162,0
-54.77983,119.53228,0
181.24167,40.04835,0
-57.192547,124.37665,0
-59.56859,123.0308,0
-7.0839224,90.174706,0
27.911285,-105.06254,0
-78.63257,-110.34865,0
-169.63074,-21.493114,0
-6.2082825,90.186775,0
145.97197,-8.695459,0
-4.803825,90.57714,0
-47.251984,-59.97649,0
32.91879,14.052594,0
80.7928,-87.98217,0
-54.717514,-153.92023,0
-104.56812,4.3416224,0
31.614853,14.625005,0
123.66855,79.99621,0
29.23156,15.132817,0
18.876226,-44.931477,0
45.460407,74.64198,0
46.762844,-79.31681,0
-39.82065,-104.85723,0
-137.27089,-7.553805,0
45.793583,74.08977,0
160.2212,39.861202,0
46.32627,72.31046,0
-12.396102,-66.22043,0
-36.82275,67.24585,0
25.851162,-155.04538,0
-94.5539,-83.49864,0
-171.89194,4.2832465,0
-37.173,66.864365,0
147.94995,15.590892,0
-37.68395,65.763596,0
-61.798058,-17.567198,0
-43.120983,18.87766,0
46.64745,-152.28894,0
-115.0373,-99.61467,0
-190.9549,-10.61008,0
-43.32515,19.128096,0
122.930595,18.237635,0
-42.522934,23.549564,0
-63.168797,-31.634838,0
-3.8952582,60.26099,0
41.998695,-54.56147,0
-95.96179,-141.42514,0
-151.87265,19.943071,0
-3.8554652,59.906933,0
110.950165,29.639324,0
-10.026257,53.31409,0
-35.27377,-32.117477,0
64.82809,44.15053,0
60.10868,-92.024734,0
-46.386868,-122.14414,0
-115.245575,-7.460557,0
64.21752,43.675896,0
133.32808,45.680016,0
60.50742,41.8158,0
-10.860783,-51.62121,0
-115.08948,78.71813,0
-9.644869,-174.64017,0
-142.32219,-65.054146,0
-170.2624,34.489567,0
-115.164185,79.123314,0
191.05763,0.98643136,0
-111.53047,83.84359,0
-114.64144,53.886948,0
-48.182613,58.218372,0
28.089277,-157.1768,0
-97.781715,-80.47176,0
-181.0961,-0.879385,0
-47.720646,58.227886,0
155.04228,12.695914,0
-45.82092,59.430294,0
-59.097805,-21.25317,0
-49.08137,56.253193,0
24.168295,-147.89899,0
-99.089935,-79.07572,0
-184.19768,1.1791204,0
-49.13747,56.073822,0
161.71585,8.12141,0
-49.583744,54.635628,0
-61.785896,-8.157016,0
6.5074553,-2.0647516,0
61.22215,-126.74461,0
-106.398994,-115.63118,0
-138.2956,10.499647,0
5.9894686,-1.2828794,0
129.68411,60.359444,0
4.4373903,0.75112486,0
-0.5447405,-17.226997,0
-28.973595,130.02936,0
1.6813313,-107.28174,0
-63.35943,-62.72451,0
-152.56792,-6.680006,0
-28.388393,129.74281,0
173.52037,30.811968,0
-22.296862,121.93006,0
-21.552162,-1.5583068,0
5.042685,24.83784,0
74.438354,-138.73616,0
-72.901215,-145.53365,0
-109.22052,19.814093,0
4.6868443,24.408468,0
143.61615,70.86828,0
3.3577726,22.825718,0
-14.410284,-27.734667,0
3.6863267,40.866257,0
73.143234,-71.01019,0
-87.853386,-136.98358,0
-107.834206,-15.885441,0
2.9844706,41.078598,0
104.30051,32.775204,0
0.85937244,40.93315,0
-25.672523,-30.736967,0
60.72482,-31.705538,0
106.76623,-100.01805,0
59.087578,-37.82454,0
-90.84359,-28.680346,0
60.392864,-31.853456,0
123.956055,93.52484,0
59.896378,-32.224037,0
59.276657,-33.82512,0
32.11046,6.6232023,0
77.95525,-84.3777,0
-52.49187,-151.0235,0
-108.19014,1.0182976,0
31.7245,6.7177124,0
104.11994,71.54988,0
57.280075,2.9140675,0
15.243446,-48.377457,0
-51.570293,63.200794,0
15.307275,-155.82713,0
-98.87902,-76.72904,0
-178.05777,-2.5157561,0
-51.877155,63.4591,0
138.15692,5.581706,0
-52.89435,64.39454,0
-70.87764,-13.848098,0
9.231964,71.009705,0
14.013506,-101.83919,0
-59.633766,-76.67443,0
-152.19827,2.0934477,0
8.698035,70.659225,0
172.39708,36.516373,0
7.7235518,69.89271,0
-24.267765,-11.082304,0
25.32364,81.18079,0
48.280685,-103.45098,0
-64.42346,-120.72158,0
-110.44679,12.893912,0
25.60633,81.696075,0
142.88187,44.558517,0
25.072199,85.47675,0
-24.0276,-53.564667,0
-54.752647,60.450787,0
13.432853,-152.52986,0
-100.056656,-76.35534,0
-180.59178,-3.4514015,0
-55.14591,60.53197,0
169.05661,1.0016416,0
-55.977497,63.21385,0
-69.463394,-7.7798443,0
-23.827978,52.433323,0
34.861366,-160.15804,0
-87.83322,-93.23573,0
-178.18141,-18.174887,0
-24.190905,52.75032,0
146.42072,70.02146,0
-25.301502,54.241245,0
-58.61194,-26.72927,0
63.60895,-14.065663,0
82.42414,-78.79836,0
-43.418606,-152.1221,0
-93.48677,-16.814724,0
61.97238,-13.494728,0
112.20988,78.20917,0
55.55369,-8.227755,0
21.33328,-53.26069,0
-27.189337,57.380264,0
32.99754,-161.06654,0
-87.243866,-91.38022,0
-113.409706,29.753885,0
-26.827766,57.05689,0
137.70064,-0.73561215,0
-26.049212,56.425556,0
-59.863472,-27.461023,0
-82.41154,26.12377,0
16.057333,-175.94453,0
-125.20845,-74.78873,0
-130.38329,21.244093,0
-83.30451,26.765837,0
117.640854,11.334193,0
-84.72325,27.32345,0
-45.373344,5.0497894,0
81.23153,95.637184,0
28.574677,-68.55238,0
-31.197302,-92.80211,0
-142.98337,-20.067791,0
80.53087,97.4749,0
169.1415,33.47175,0
79.08707,98.84356,0
-11.857567,-87.216484,0
-31.33203,129.39818,0
2.880799,-109.20722,0
-64.91506,-62.33464,0
-149.49254,-7.7707133,0
-31.31088,129.24344,0
173.91293,28.462914,0
-24.51147,122.19777,0
-22.773766,-0.2941877,0
-35.742264,40.748535,0
36.634125,-153.05655,0
-101.46291,-92.551956,0
-122.994286,17.172832,0
-36.010803,40.69754,0
146.2297,66.690155,0
-37.344227,40.443623,0
-50.636326,-21.051178,0
24.420946,149.91289,0
105.47677,-66.36153,0
137.01266,-70.21177,0
45.636303,159.59354,0
39.761753,144.88686,0
68.67447,142.1655,1
45.04387,161.57628,0
38.580166,143.99413,0
-15.029538,62.27158,0
40.967873,-51.15537,0
-96.297295,-146.75587,0
-154.97289,20.496458,0
-15.446618,62.226517,0
141.82716,15.308814,0
-16.237116,61.695934,0
-40.363018,-30.173042,0
-4.836226,4.4131627,0
56.636105,-130.02586,0
-109.45848,-119.31878,0
-140.73418,12.939528,0
-3.0321372,3.711979,0
125.2663,-3.291649,0
-2.6713977,1.8890252,0
-6.0509048,-17.062178,0
76.70303,85.78475,0
34.31357,-73.48876,0
-35.52035,-99.87841,0
-134.1731,-19.720625,0
76.397156,85.89538,0
154.66498,37.294697,0
71.58418,84.878624,0
-12.461702,-79.94626,0
-128.89633,91.11494,0
-17.44158,-176.81169,0
-149.90274,-67.71763,0
-170.89488,43.83289,0
-129.16246,89.32183,0
191.70482,-11.276928,0
-128.73222,86.97456,0
-123.014915,49.75382,0
-53.924046,42.04506,0
28.00823,-141.94438,0
-107.89193,-84.21941,0
-194.17139,-4.3669553,0
-54.39112,42.563286,0
124.90238,11.941155,0
-57.243763,44.058968,0
-52.804806,-8.955751,0
76.31684,20.786322,0
64.348404,-82.70211,0
-35.596268,-124.80245,0
-107.03141,-20.484678,0
75.73985,21.029203,0
116.59924,59.365833,0
65.49007,14.148222,0
4.3393044,-58.73265,0
-62.630028,22.650866,0
43.224464,-159.94804,0
-120.180756,-93.22601,0
-182.96606,-7.465059,0
-60.855972,24.4549,0
157.64499,1.6836247,0
-59.374332,24.917221,0
-70.61047,-27.633099,0
-65.01045,96.285934,0
0.6684935,-129.14865,0
-90.32083,-62.554947,0
-178.85506,19.554169,0
-65.35305,96.8256,0
183.40952,7.2390685,0
-65.88138,97.66343,0
-40.587185,-1.2650054,0
49.089005,48.62531,0
55.85717,-80.18953,0
-44.112225,-114.058495,0
-119.98286,-10.720221,0
48.673283,48.92528,0
128.08305,46.06629,0
47.77716,49.080215,0
-5.08412,-60.186687,0
15.202844,-20.960878,0
87.45729,-122.56366,0
-95.17417,-109.24846,0
-127.54491,9.967643,0
15.229962,-20.762646,0
131.7095,79.4564,0
15.098916,-20.142183,0
10.85064,-22.491629,0
-89.90967,77.96334,0
-1.8567282,-145.28154,0
-100.30677,-54.25125,0
-188.84383,21.88256,0
-89.62831,78.14179,0
173.6788,-2.0189219,0
-81.93542,82.32038,0
-73.9821,5.783096,0
82.95862,100.18978,0
29.553753,-66.80729,0
-32.483383,-91.527214,0
-145.25702,-17.821482,0
82.073,100.61104,0
164.82333,35.473045,0
79.60912,100.761566,0
-13.021433,-87.2032,0
-12.314049,2.7852736,0
55.93099,-134.97897,0
-112.83616,-123.3695,0
-108.79777,25.553825,0
-12.461632,2.606648,0
107.52117,10.274949,0
-11.805494,3.5318286,0
-10.83597,-15.684097,0
15.744314,86.118034,0
44.375492,-106.716255,0
-69.33668,-118.3429,0
-156.55963,-39.82929,0
16.057775,86.58865,0
139.20879,-12.026468,0
19.069296,88.45696,0
-28.890715,-51.140987,0
34.92364,82.64967,0
38.18277,-90.57122,0
-59.604454,-118.985596,0
-136.98044,-32.260864,0
35.23202,83.451965,0
140.08546,33.581696,0
36.053627,86.61929,0
-21.096048,-58.63178,0
-44.233467,81.68844,0
19.826908,-148.79575,0
-91.86456,-73.076294,0
-185.64037,5.878758,0
-44.72371,81.849045,0
170.96745,14.028535,0
-48.40975,81.66077,0
-61.357235,-10.901765,0
-34.18307,118.80988,0
0.7954543,-114.092255,0
-65.95866,-67.69636,0
-154.85971,-7.1594205,0
-30.99863,118.736755,0
179.039,25.730173,0
-29.037727,119.25239,0
-26.863304,-2.7544692,0
33.70691,-19.596928,0
84.41829,-116.476135,0
-28.79969,-147.86212,0
-91.45229,8.534567,0
33.72072,-19.577532,0
131.0463,73.292244,0
27.63978,-12.95676,0
12.613031,-29.555695,0
69.61951,-8.366659,0
77.40242,-77.0111,0
-46.70881,-147.95886,0
-95.655785,-16.171469,0
68.975876,-7.59003,0
107.63888,65.92556,0
63.01738,1.7794701,0
16.10133,-56.632545,0
-58.15217,38.108387,0
28.679016,-139.58803,0
-110.59358,-85.178406,0
-197.8984,-5.1700625,0
-59.14838,38.855385,0
166.51445,12.536071,0
-59.909798,41.201214,0
-50.01163,-9.238691,0
72.27036,34.99943,0
60.16421,-97.35037,0
-50.49903,-123.68443,0
-110.744705,-6.1743903,0
72.188354,35.36714,0
116.03844,64.798996,0
56.756466,34.827873,0
-5.359021,-49.730804,0
-20.141548,9.176644,0
47.17358,-133.00038,0
-100.3673,-109.40891,0
-129.62244,6.6051826,0
-19.683123,9.149382,0
132.30292,45.234974,0
-19.103765,8.904534,0
-3.0438745,-25.705729,0
92.60706,7.836832,0
13.062253,-136.15852,0
-86.88317,-54.496468,0
124.896835,-26.788084,0
-66.273895,89.28611,0
186.36647,50.239494,0
93.371315,8.490747,0
92.59774,8.940501,0
-37.12808,59.05775,0
26.665398,-160.00021,0
-91.8881,-86.62744,0
-174.64127,0.4738803,0
-37.45949,58.926395,0
135.17467,16.734135,0
-38.81825,58.855003,0
-64.747475,-19.964104,0
-28.785765,128.40492,0
0.6062614,-108.21673,0
-63.764458,-63.949505,0
-153.03447,-8.960768,0
-29.18385,127.51984,0
176.14474,30.52141,0
-24.005423,120.74964,0
-23.760176,-2.1052237,0
52.502205,95.711136,0
32.739944,-84.96611,0
-55.930412,-95.90498,0
-156.16312,-27.208614,0
52.2445,95.35672,0
140.59966,25.11331,0
48.75453,92.15405,0
-29.168493,-70.685265,0
-48.64731,96.18779,0
21.199213,-125.4416,0
-83.47415,-68.03458,0
-174.6903,13.378115,0
-48.528126,95.76687,0
167.48424,21.58052,0
-47.56154,93.92925,0
-38.799152,-10.630972,0
-87.06862,93.40841,0
-4.879236,-142.4141,0
-97.824326,-50.548985,0
-183.44249,17.783518,0
-86.32849,92.4463,0
177.59818,-2.7260118,0
-86.026634,90.13706,0
-75.28599,9.997059,0
87.76312,-17.985006,0
9.496905,-139.31128,0
-79.0039,-50.061295,0
121.94339,-57.07894,0
85.01468,-10.437237,0
178.41028,56.595524,0
89.255424,-20.401852,0
88.735054,-19.748764,0
-39.633595,19.0653,0
46.19692,-150.80176,0
-113.904045,-99.72434,0
-134.84338,18.190022,0
-40.02479,19.78344,0
121.150475,19.353357,0
-41.59023,22.628096,0
-62.960487,-32.66296,0
41.07326,-32.49775,0
100.19668,-106.46674,0
-21.019217,-128.49576,0
-119.211395,-33.67898,0
40.967525,-32.76717,0
129.17378,88.83233,0
41.071495,-33.2826,0
39.688366,-33.62809,0
61.248417,86.59908,0
34.474754,-78.389725,0
-38.553455,-99.49821,0
-140.41646,-15.655215,0
61.7727,86.63822,0
153.90364,35.62949,0
64.98805,88.40695,0
-14.786883,-76.14094,0
73.487724,79.19055,0
44.468586,-72.177895,0
-34.129475,-106.75604,0
-131.20547,-19.865332,0
73.01882,79.59882,0
112.89116,46.421223,0
68.741745,83.33911,0
-5.9644747,-73.330505,0
-74.23878,40.363846,0
17.620102,-168.00772,0
-116.81121,-75.35857,0
-198.90578,2.286342,0
-73.95852,39.946182,0
133.9842,9.164184,0
-76.37129,39.826305,0
-52.59757,1.5152568,0
21.067602,83.66252,0
44.74565,-104.94478,0
-67.21372,-118.2085,0
-157.65051,-35.418884,0
20.957703,84.19914,0
140.98843,-11.097311,0
21.57275,87.56935,0
-27.585865,-53.098362,0
-51.86669,91.10538,0
17.706602,-125.81538,0
-84.619255,-65.10265,0
-174.02261,16.987005,0
-51.382866,90.73825,0
170.38496,22.026917,0
-50.828556,90.33171,0
-41.459953,-9.3328085,0
69.084145,110.9727,0
24.412048,-76.04374,0
-42.397255,-90.1432,0
-144.70187,-12.668531,0
68.25124,110.59883,0
163.24654,30.860012,0
67.674446,109.83016,0
-21.606556,-83.47355,0
-55.018154,39.23378,0
29.584494,-141.99043,0
-108.23101,-86.46793,0
-198.81258,-6.677643,0
-54.804386,39.734806,0
129.40099,15.005293,0
-57.65855,42.397125,0
-51.009953,-10.604307,0
-54.318115,41.779438,0
28.243378,-141.64024,0
-108.145935,-84.740166,0
-193.27788,-5.0251226,0
-54.838223,42.172253,0
128.21999,12.702429,0
-56.896297,43.781536,0
-52.384342,-9.474214,0
77.12186,38.696545,0
53.698635,-94.12874,0
-51.557846,-117.00713,0
-117.44402,-27.750692,0
77.29587,38.73247,0
113.97111,43.196445,0
78.27119,39.217415,0
-8.599921,-55.65603,0
-43.56884,81.59213,0
19.785301,-148.61305,0
-91.88165,-72.522385,0
-186.59213,5.146013,0
-43.77774,81.66271,0
170.44041,13.70649,0
-46.732273,82.21802,0
-61.036537,-10.393404,0
-9.383534,-4.3505855,0
59.37806,-132.41928,0
-113.00136,-118.50184,0
-142.39815,12.421492,0
-9.006553,-3.9665222,0
124.175255,-8.503771,0
-5.585929,-3.4256675,0
-6.2790017,-13.363432,0
-54.63353,121.89398,0
12.899023,-133.44852,0
-79.19443,-62.15844,0
108.56108,-29.305168,0
-52.351505,118.32364,0
182.19287,41.767246,0
-58.387554,124.54917,0
-62.16782,123.3893,0
-86.50698,78.75413,0
-1.907809,-146.2752,0
-102.11936,-55.057587,0
-188.48608,20.400349,0
-86.28061,79.195526,0
177.66159,-1.6105685,0
-83.57815,81.42163,0
-74.9804,4.986983,0
56.6162,111.79978,0
23.550835,-88.27915,0
-54.346592,-90.788284,0
-160.19974,-15.181585,0
57.09112,111.60505,0
141.48404,3.7889912,0
57.313705,113.78841,0
-32.090416,-76.1061,0
-1.8657708,152.94035,0
116.95425,-80.404366,0
137.1534,-36.499622,0
-2.8755987,150.02216,0
-2.8109136,151.49144,0
82.90576,132.68721,1
-2.8526912,150.97339,0
-3.4630651,151.89656,0
72.26392,47.279526,0
61.6296,-83.31094,0
-38.283955,-121.547714,0
-108.489006,-18.89083,0
72.19316,47.589108,0
112.89726,56.127644,0
67.99902,56.98889,0
0.21037993,-61.537216,0
-28.90987,12.109314,0
44.409004,-135.74403,0
-104.53839,-105.11952,0
-136.71777,6.7121696,0
-28.923023,12.339298,0
129.95837,29.37755,0
-26.209993,14.459282,0
-4.739099,-21.59802,0
3.7729492,48.155342,0
47.057507,-55.85039,0
-91.880135,-138.11336,0
-144.26373,20.435408,0
2.3874848,48.414734,0
107.88342,28.543825,0
-1.1335034,46.694977,0
-28.70687,-28.632605,0
72.865395,21.61831,0
64.8012,-84.95473,0
-37.135902,-126.880165,0
-101.36556,-15.058503,0
71.809265,21.504107,0
110.15136,55.819744,0
64.661644,17.133976,0
4.2007227,-55.577644,0
-61.39239,50.83114,0
24.016565,-142.60368,0
-107.710106,-80.89442,0
-192.33522,0.06609235,0
-61.073997,50.58508,0
165.42401,13.666167,0
-59.97031,48.05937,0
-55.036774,-6.2440896,0
-34.62005,97.66894,0
29.105724,-129.44876,0
-82.46796,-78.12103,0
-160.96872,-13.114549,0
-35.1828,97.87412,0
162.47023,-0.4512138,0
-38.381664,97.846146,0
-55.119537,-32.57264,0
-12.367045,46.697887,0
58.26431,-146.45341,0
-100.09885,-137.07466,0
-151.09758,23.095728,0
-12.615716,47.159718,0
113.93063,20.806812,0
-14.079833,49.630642,0
-37.089783,-26.67566,0
27.209328,100.77721,0
46.374676,-97.420204,0
-59.45169,-111.11022,0
-149.41722,-32.54234,0
27.50812,100.58821,0
148.94519,21.55106,0
28.512638,105.06639,0
-30.43142,-61.72807,0
26.98365,9.851961,0
78.84486,-89.860954,0
-56.7624,-151.5364,0
-109.79876,0.101970054,0
26.881998,10.554756,0
138.16963,50.376587,0
26.626518,13.081175,0
16.672272,-43.39325,0
-4.734184,60.958275,0
40.14562,-56.33512,0
-97.63615,-142.18155,0
-150.90807,15.482437,0
-7.43778,58.635685,0
105.49559,18.65768,0
-8.467023,55.447018,0
-35.186485,-33.687656,0
-34.98236,59.513645,0
28.166882,-161.00516,0
-90.25178,-86.10037,0
-180.55096,-4.8957453,0
-35.28213,59.583572,0
156.2942,14.4430065,0
-40.13962,58.725777,0
-66.86515,-19.486998,0
64.794945,30.988997,0
63.050247,-94.83839,0
-44.887493,-127.768196,0
-110.514725,-11.283173,0
64.67384,31.054495,0
115.51152,58.569275,0
57.142887,32.265385,0
-2.3964114,-52.55725,0
67.321014,-1.9305426,0
76.578445,-83.23831,0
-51.059772,-150.17514,0
-104.5394,-16.56263,0
67.47133,-1.7124292,0
121.07547,84.0363,0
59.980827,3.5469236,0
14.337473,-50.91562,0
-13.556209,97.45721,0
34.514725,-116.5462,0
-77.40864,-92.885254,0
-175.04306,-17.80712,0
-14.100546,97.5997,0
142.34966,-1.9679555,0
-15.362766,97.70877,0
-59.29997,-48.43443,0
47.07437,111.48583,0
23.219349,-83.176,0
-49.83102,-91.51474,0
-153.94284,-14.881427,0
47.68113,111.431015,0
156.3927,18.084406,0
50.44802,108.91608,0
-26.35058,-78.70431,0
-42.750237,66.64467,0
24.19368,-157.5898,0
-91.9303,-81.833046,0
-175.107,3.3263903,0
-42.579227,66.51019,0
157.11719,5.351084,0
-41.620647,64.312126,0
-64.18641,-16.593773,0
48.51099,114.42991,0
21.0572,-82.81172,0
-49.17028,-89.01911,0
-145.57211,-12.354693,0
48.83634,114.32624,0
159.11772,20.421986,0
51.003307,112.6691,0
-25.407606,-81.773315,0
17.70753,81.199005,0
47.645206,-105.2362,0
-66.42353,-120.93721,0
-112.18898,3.486086,0
17.649527,81.38158,0
148.14436,48.217342,0
28.279196,95.321945,0
-16.78259,-49.360027,0
-30.395445,56.859547,0
33.446568,-160.41855,0
-88.13567,-91.54445,0
-113.01803,27.95997,0
-30.278618,56.73479,0
138.207,-1.5984991,0
-26.67011,54.98502,0
-59.627346,-26.569859,0
-3.3356218,94.045654,0
30.119928,-110.00048,0
-76.080765,-116.0651,0
-158.85313,-13.250746,0
-3.6841595,94.440575,0
132.97522,38.99657,0
-3.9532552,94.75376,0
-46.81889,-54.034904,0
-124.46444,88.15207,0
-18.171427,-178.31316,0
-148.85428,-66.32003,0
-170.06238,41.732075,0
-124.88303,87.837555,0
193.6243,-7.2017913,0
-125.144,87.18856,0
-123.34723,48.14275,0
-53.032127,50.19235,0
23.202593,-145.06122,0
-104.732025,-81.01685,0
-192.85562,-4.2983623,0
-53.986725,51.229637,0
136.48283,-0.9522986,0
-56.835297,50.97566,0
-57.294373,-8.345269,0
28.30458,151.76733,0
109.49143,-71.795425,0
134.88113,-69.72277,0
42.567646,155.2382,0
43.72414,151.0107,0
68.14628,138.986,1
43.407413,154.19696,0
44.100605,150.38731,0
-110.08297,75.26385,0
-6.3213882,-174.76132,0
-139.1671,-63.301598,0
-167.7327,30.373043,0
-109.39073,76.123634,0
191.13023,6.684351,0
-107.60834,81.332054,0
-111.93508,55.51806,0
21.23003,102.577896,0
43.574947,-100.42156,0
-62.886414,-111.297005,0
-161.5074,-35.531143,0
21.754183,102.54282,0
133.5805,-11.3469,0
19.872355,100.17574,0
-35.108166,-56.629913,0
75.48894,-1.2101878,0
73.10989,-78.154,0
-52.34339,-145.38983,0
-103.93415,-17.706354,0
75.33089,-1.3205085,0
107.90411,63.161846,0
64.549805,5.286235,0
13.936868,-57.051468,0
20.431261,29.661846,0
62.59772,-115.41673,0
-59.573986,-139.01521,0
-115.35006,-3.7732167,0
20.488638,29.812225,0
112.4324,66.71531,0
21.174551,30.994585,0
-11.095286,-40.37378,0
-58.58903,38.509613,0
29.048698,-139.34868,0
-110.1027,-84.31692,0
-197.39786,-4.045628,0
-59.18524,39.274155,0
124.69498,12.681125,0
-59.864964,41.92129,0
-50.42553,-8.661606,0
-41.211647,62.47463,0
23.272789,-158.05396,0
-90.39064,-82.77741,0
-177.71446,2.1807349,0
-41.301987,62.137554,0
154.30214,8.716477,0
-41.542213,61.63594,0
-63.44546,-19.39181,0
-20.384903,81.66155,0
10.215784,-125.67934,0
-74.04791,-72.040085,0
-158.23021,-4.8002996,0
-20.275211,82.002625,0
171.44557,25.493464,0
-19.99531,82.87131,0
-30.509966,-6.4466963,0
-81.88782,44.481274,0
13.968488,-165.97736,0
-116.105606,-70.96554,0
-197.6464,6.407607,0
-81.326675,44.57222,0
136.05638,2.163745,0
-80.69767,45.447662,0
-55.44679,3.851274,0
3.6451719,177.76253,0
108.19304,-79.444595,0
132.91658,-60.48512,0
123.2506,-25.74102,0
5.6074915,175.69055,0
75.68081,138.31415,1
4.430553,176.66084,0
5.182869,176.24997,0
-32.56446,45.77179,0
33.070896,-152.52586,0
-95.71888,-91.75861,0
-123.06526,16.199848,0
-32.264847,45.11929,0
135.01282,17.56734,0
-31.864174,44.14034,0
-54.73822,-21.13424,0
51.37067,29.43112,0
63.582912,-100.87515,0
-47.83908,-130.9696,0
-107.09175,0.77698004,0
50.782192,29.340214,0
116.91199,63.21581,0
48.246445,27.899431,0
-2.4777045,-45.04101,0
-67.76938,85.163445,0
7.27397,-138.82289,0
-106.21188,-62.557304,0
-187.13441,10.812589,0
-68.043205,85.396255,0
178.33614,13.2823,0
-68.21873,85.782616,0
-64.73048,6.4081154,0
-38.026657,114.74597,0
4.295682,-116.1573,0
-70.329666,-68.00011,0
-154.99782,-3.9639604,0
-38.20796,114.27565,0
183.34132,24.510143,0
-38.61894,113.55325,0
-29.872307,2.6755295,0
-111.70422,96.978,0
-9.594782,-167.4268,0
-141.00792,-72.098785,0
-171.04405,36.623886,0
-111.97228,96.60013,0
189.21356,-2.396577,0
-113.49677,94.2714,0
-117.566055,59.048428,0
24.540485,17.23008,0
50.71191,-109.79992,0
-69.52858,-128.3406,0
-159.72757,-41.462063,0
25.075672,17.818222,0
146.92473,70.78754,0
25.73026,18.273294,0
-22.406067,-45.889977,0
-10.32296,-2.2683902,0
57.823452,-132.85225,0
-112.65983,-120.025986,0
-143.18173,13.653852,0
-10.216401,-1.9711503,0
126.06554,-4.6304374,0
-5.402118,-1.3892068,0
-7.1244764,-14.539088,0
-86.66656,76.71567,0
-1.2152833,-147.23822,0
-103.1497,-54.834087,0
-187.08432,18.941494,0
-84.48729,77.68304,0
176.83234,-1.0459322,0
-82.54761,80.35037,0
-75.16649,4.201768,0
13.777271,32.006794,0
60.778713,-120.5162,0
-68.863045,-138.18256,0
-123.19988,5.4867735,0
13.571484,32.154037,0
145.34486,61.237972,0
12.133673,33.32048,0
-18.231998,-34.969845,0
42.109657,-37.339222,0
102.59636,-107.04002,0
-20.813612,-126.3471,0
-122.66969,-33.770092,0
42.109146,-37.192352,0
130.08179,91.71964,0
42.656635,-36.613132,0
46.19966,-38.413254,0
53.597496,115.733696,0
20.8339,-86.477165,0
-52.585247,-88.34091,0
-165.50253,-15.322459,0
53.739418,116.008835,0
157.99864,-1.1416022,0
55.301888,116.51319,0
-31.460665,-77.817986,0
-133.46255,78.76693,0
-18.886946,-172.1664,0
-151.22086,-71.54171,0
-166.51108,43.19266,0
-133.21304,78.95943,0
196.79471,-8.012332,0
-131.31836,81.10294,0
-126.1275,54.25115,0
83.35049,88.845566,0
34.923676,-69.45948,0
-30.093678,-96.7156,0
-140.23894,-22.093756,0
83.426994,88.73451,0
156.59805,29.63661,0
70.880035,89.20786,0
-7.8967433,-84.31415,0
9.318213,11.429649,0
74.44788,-131.82237,0
-66.850204,-148.63138,0
-104.8343,15.502703,0
9.22237,11.470236,0
110.915,68.96828,0
8.348679,16.62421,0
-6.4404054,-32.677208,0
26.498713,131.34102,0
25.968147,-97.30254,0
-73.27208,-100.02894,0
-161.47554,-21.040638,0
26.85617,131.96196,0
162.80574,-9.190173,0
21.626888,129.8016,0
-43.9418,-68.40783,0
88.55579,-49.252995,0
99.05631,-68.07538,0
98.16758,-51.47929,0
-83.6793,-33.99842,0
90.04518,-49.888885,0
113.75788,102.16262,0
91.0585,-50.00245,0
94.349,-50.38673,0
-25.911247,74.827065,0
23.641779,-125.94158,0
-83.11826,-71.135544,0
-142.83665,0.03957044,0
-27.104307,74.65796,0
156.9955,27.20354,0
-28.429638,74.56029,0
-40.00938,-13.487203,0
-137.35309,76.473915,0
-20.652449,-170.2688,0
-151.49553,-74.31153,0
-164.89445,44.825798,0
-137.439,76.23128,0
198.87286,-8.133945,0
-137.86096,75.70896,0
-129.37955,56.112564,0
22.333158,35.888775,0
58.083076,-114.89408,0
-64.87835,-133.02045,0
-119.54034,6.054839,0
22.477669,35.55216,0
140.02092,60.291374,0
24.715275,33.994667,0
-17.440897,-42.14846,0
-1.9805573,27.872774,0
73.749146,-141.395,0
-75.58046,-144.20645,0
-113.21134,22.395174,0
-2.138378,27.5887,0
139.26715,70.14885,0
-1.1621649,22.797546,0
-16.552847,-25.558739,0
75.66175,94.140175,0
31.259289,-73.065926,0
-36.000225,-96.05326,0
-141.19983,-17.081398,0
75.04084,94.11291,0
158.32959,32.43564,0
72.59454,94.51554,0
-12.467558,-81.38752,0
28.697096,100.95141,0
47.4834,-96.978134,0
-58.010784,-111.79364,0
-148.6353,-32.736687,0
28.816427,101.074295,0
137.58105,29.876747,0
29.493265,102.30799,0
-30.103233,-60.97941,0
18.685963,-24.022772,0
86.06696,-124.43767,0
-95.39959,-107.49907,0
-133.49916,13.072831,0
18.54507,-23.86647,0
130.48567,31.00933,0
16.987183,-17.885958,0
8.684036,-22.3568,0
77.56135,15.142159,0
62.231617,-83.563255,0
-34.684414,-126.45673,0
-99.50432,-20.219383,0
77.57371,14.944376,0
113.04926,55.24118,0
65.12764,15.118,0
4.7540655,-57.15337,0
-76.58962,33.772026,0
16.981836,-171.07188,0
-119.44116,-75.63247,0
-202.56512,2.2312438,0
-76.725876,34.04881,0
122.37091,8.226829,0
-77.11464,37.02035,0
-49.966633,0.7358886,0
-6.1857862,131.0388,0
39.320816,-125.5966,0
-68.58449,-82.03787,0
-164.8445,-2.3743584,0
-5.501508,130.60869,0
158.19867,-6.1561265,0
-3.137702,129.22823,0
-50.40586,-41.68741,0
11.709766,121.94173,0
33.132942,-103.40231,0
-74.17211,-106.3946,0
-165.97612,-20.444723,0
11.503318,122.4496,0
152.09737,-11.390552,0
10.827717,122.96508,0
-41.19541,-59.265835,0
91.73776,5.4280853,0
1.4155481,-116.52161,0
124.43148,-28.147747,0
96.81271,3.5417557,0
93.15652,4.339177,0
184.3751,52.44625,0
93.72549,4.271814,0
92.39626,2.7085195,0
56.703465,8.21414,0
74.57977,-95.17319,0
-34.783447,-134.00317,0
-90.36755,-4.6750875,0
56.762726,8.464784,0
113.5866,69.35968,0
57.684647,11.268534,0
8.753687,-50.54536,0
-112.83856,76.946175,0
-9.038714,-173.3604,0
-141.58417,-65.752335,0
-169.77705,33.710518,0
-112.53414,77.43055,0
195.67575,3.5237775,0
-110.4691,84.08218,0
-115.049255,55.51251,0
-21.471247,28.515331,0
52.45317,-148.19778,0
-104.03254,-128.60213,0
-149.32571,28.534073,0
-21.631742,28.78752,0
112.95447,13.956068,0
-21.989843,29.852505,0
-34.949852,-17.4762,0
25.934149,151.16237,0
104.53624,-67.46511,0
134.94095,-68.49957,0
42.22314,155.63794,0
39.377003,149.23956,0
68.794754,140.22533,1
41.979427,157.44502,0
38.29466,147.87495,0
-16.085552,13.097948,0
44.64102,-132.66881,0
-101.133156,-106.63845,0
-138.41283,4.315492,0
-16.578442,13.062071,0
126.68209,31.55108,0
-18.270872,13.106133,0
-1.1055512,-23.332165,0
52.3498,-15.132828,0
83.93363,-83.72097,0
-48.760963,-155.00351,0
-87.47504,-14.878437,0
52.30314,-15.114184,0
121.25039,84.85508,0
55.403522,-4.7400403,0
22.54197,-48.27613,0
35.11519,79.50419,0
40.264465,-90.06665,0
-59.13944,-120.81479,0
-114.476494,-12.219312,0
35.183895,79.47428,0
127.71875,58.40169,0
70.64651,60.550148,0
-19.576263,-57.286015,0
-1.2441278,54.976646,0
43.103283,-57.039654,0
-94.136986,-140.62617,0
-151.4949,21.369936,0
-1.2340271,54.85747,0
104.52768,35.71183,0
-11.401778,52.415276,0
-35.64465,-30.401728,0
63.331165,84.8278,0
35.19888,-71.147285,0
-33.320515,-99.41928,0
-141.7569,-25.817326,0
63.67551,84.81754,0
163.65837,37.897846,0
66.80266,88.97343,0
-12.249072,-78.650566,0
-28.757895,107.662704,0
9.105804,-117.17565,0
-67.55304,-72.383896,0
-156.94737,-9.193417,0
-28.823635,106.67177,0
180.23369,19.782766,0
-29.090761,106.09427,0
-31.49663,-2.4849582,0
61.07789,-31.556509,0
106.75209,-99.87412,0
59.211155,-37.62972,0
-90.375275,-27.946957,0
60.68486,-31.911638,0
123.55119,94.16922,0
60.340065,-32.66378,0
59.568623,-33.937794,0
3.9580472,-2.5155263,0
59.836018,-128.29504,0
-108.67817,-116.46293,0
-139.26277,10.447366,0
3.7689118,-2.0154238,0
121.81545,-6.1869025,0
1.2162302,-0.22680742,0
-2.69545,-16.020435,0
84.19298,-39.931976,0
112.79008,-84.35742,0
19.188484,157.33403,0
-85.01683,-30.129488,0
84.29324,-39.616863,0
115.86791,98.75851,0
84.270584,-39.36623,0
84.61871,-38.744297,0
-50.801598,24.824831,0
43.291718,-156.02863,0
-117.140205,-95.32104,0
-186.64047,-9.945245,0
-50.762646,25.101831,0
132.70886,4.691234,0
-46.18788,24.540876,0
-67.24332,-29.501825,0
-69.314514,80.03645,0
11.243226,-139.64688,0
-108.33055,-66.142166,0
-193.38896,10.10284,0
-69.22807,80.17366,0
171.59306,12.628395,0
-66.52611,75.9615,0
-62.80277,2.1966803,0
62.324776,-15.300302,0
83.55204,-79.24135,0
-43.011616,-153.1366,0
-91.57848,-16.175735,0
62.253704,-15.05878,0
112.25932,79.8354,0
55.120712,-9.780719,0
22.072699,-52.870373,0
-11.859944,-2.112871,0
57.740425,-133.24173,0
-113.07454,-120.43105,0
-143.69255,14.418244,0
-11.732367,-1.788294,0
125.83037,-5.1420555,0
-6.370592,-1.4902192,0
-7.519149,-14.414165,0
-61.92179,59.770542,0
10.519705,-154.13403,0
-103.00049,-74.26793,0
-181.91428,-0.16776346,0
-61.94926,60.221756,0
169.69551,-5.4857364,0
-61.22014,61.854885,0
-72.811386,-8.618458,0
-42.670963,53.79681,0
22.216845,-148.38336,0
-95.9325,-76.688896,0
-183.26895,2.1657937,0
-42.740364,53.97745,0
160.84756,10.139012,0
-42.864433,54.537712,0
-60.87399,-9.272349,0
-71.2531,82.925735,0
5.9962506,-139.35854,0
-107.63247,-61.462254,0
-190.07968,11.303614,0
-71.749626,83.12435,0
176.8773,2.8792,0
-73.11556,83.365,0
-66.26963,5.5091267,0
2.9751737,17.73825,0
75.534065,-137.78804,0
-72.480774,-143.06573,0
-107.2064,12.861095,0
2.5723531,18.853273,0
136.84512,69.56753,0
1.3793677,20.376356,0
-13.571316,-28.586958,0
33.0013,81.78764,0
38.69815,-91.5937,0
-60.686066,-119.48211,0
-138.02348,-35.417,0
33.089573,84.29006,0
142.0362,41.121677,0
34.72343,85.607605,0
-21.303629,-57.4632,0
36.788715,104.44409,0
47.741474,-93.2913,0
-54.169422,-111.617096,0
-132.44707,-29.56283,0
36.512592,104.53515,0
152.6093,34.960415,0
35.520126,104.97114,0
-29.969929,-65.03543,0
57.759716,-15.301901,0
85.128235,-78.29566,0
-40.707817,-152.51218,0
-88.92475,-14.716801,0
57.651752,-14.53567,0
112.55805,79.58312,0
56.170166,-12.852273,0
23.988497,-52.822002,0
54.42011,46.479786,0
57.48277,-80.8107,0
-58.30966,-136.32367,0
-118.10621,1.4432114,0
54.067883,46.92822,0
128.65202,49.77389,0
54.32765,47.741573,0
-12.238419,-36.440983,0
54.71557,16.29493,0
71.59628,-99.955765,0
-40.967987,-135.28392,0
-99.88036,0.40483034,0
54.638626,16.29688,0
119.942566,73.407936,0
51.125965,13.341662,0
3.4359946,-45.592445,0
-53.07185,18.978813,0
46.085545,-156.48225,0
-118.88045,-96.508934,0
-187.04695,-5.343244,0
-52.95001,19.589798,0
120.11234,14.918885,0
-54.619175,22.734358,0
-68.36653,-31.824291,0
37.679756,124.14485,0
33.531574,-92.57106,0
-64.52345,-101.652084,0
-150.71294,-25.530895,0
37.766968,124.12063,0
149.88379,27.244856,0
37.247314,117.491455,0
-37.101307,-69.97772,0
63.380096,117.94417,0
21.657867,-89.80711,0
-56.491066,-89.15042,0
-161.34227,-17.344194,0
63.00215,117.71013,0
158.43027,-10.038498,0
60.274345,117.5769,0
-34.652008,-78.12216,0
-8.027003,83.20617,0
25.321718,-107.66288,0
-80.7848,-113.91583,0
-170.41167,-21.997112,0
-8.098218,84.27633,0
150.78398,6.165812,0
-3.9169025,86.01586,0
-49.61267,-57.046555,0
55.990273,72.000755,0
40.085854,-78.13104,0
-40.505947,-103.046684,0
-134.94937,-14.166967,0
56.027447,71.97121,0
160.14902,34.472973,0
57.766342,72.2438,0
-11.839825,-71.56268,0
73.09264,71.97549,0
40.47027,-66.226494,0
-28.076544,-102.70295,0
-142.71896,-28.225998,0
73.15055,71.708275,0
150.69258,31.129995,0
68.432884,91.68366,0
-3.8338358,-79.816505,0
13.854545,53.085472,0
53.438984,-88.031395,0
-85.416084,-127.41975,0
-140.04147,22.576794,0
14.02923,53.142883,0
114.25477,30.054356,0
18.850836,51.24935,0
-27.291565,-39.71025,0
-3.3403583,78.90537,0
26.212767,-110.937256,0
-78.65582,-117.91669,0
-175.64705,-24.757603,0
-2.460071,79.40188,0
136.80719,24.445503,0
-1.1200775,81.56825,0
-49.88204,-53.638527,0
-112.731544,89.85898,0
-9.197128,-170.09947,0
-140.43063,-70.71747,0
-171.32706,30.590546,0
-112.72617,90.18796,0
192.00021,4.5879498,0
-113.049995,91.115204,0
-115.81837,57.927437,0
24.67951,150.53644,0
104.68407,-65.837296,0
136.21417,-70.199356,0
44.2059,158.51218,0
39.048893,146.35681,0
69.167854,141.82005,1
43.844296,160.81267,0
37.807396,145.28458,0
-8.700733,131.39,0
38.340862,-124.177216,0
-69.84479,-83.23779,0
-165.20921,-4.6712356,0
-8.720228,131.4968,0
154.7625,-8.478773,0
-4.4076996,128.1816,0
-50.654804,-43.72325,0
41.25659,39.401276,0
52.010036,-104.144455,0
-64.18707,-124.59827,0
-112.11703,-0.16126658,0
41.3821,39.285336,0
141.58777,48.005405,0
43.728344,38.06803,0
-21.585907,-50.76309,0
-77.49355,31.85239,0
16.832832,-172.21408,0
-121.44783,-74.966835,0
-204.893,2.0351658,0
-77.95313,31.741585,0
121.429855,5.158691,0
-83.034065,33.674652,0
-48.281277,3.1988478,0
-49.693443,127.11889,0
6.7268324,-108.26816,0
-71.3683,-59.577316,0
110.00634,-27.519442,0
-48.361362,124.72791,0
177.3906,41.316463,0
-49.94236,128.87169,0
-50.89271,130.8795,0
37.24738,44.02221,0
49.72599,-107.22435,0
-68.63006,-124.182915,0
-154.86026,-41.90969,0
37.166733,43.818367,0
136.01811,-3.3262694,0
36.33751,43.031994,0
-24.779593,-48.68036,0
83.51659,96.9962,0
29.89633,-68.264946,0
-32.73099,-93.09882,0
-143.44011,-19.537153,0
83.338234,97.637955,0
167.61813,33.196358,0
77.54761,99.830826,0
-12.02249,-85.52442,0
-8.498845,87.54327,0
26.577915,-105.893814,0
-79.97016,-111.71053,0
-170.59467,-22.740437,0
-8.127099,87.31225,0
156.03163,-10.009524,0
-4.983283,88.0428,0
-48.935535,-58.80412,0
9.517928,149.71518,0
108.31169,-67.787865,0
141.04485,-57.89434,0
4.4029403,146.80336,0
6.743054,147.30843,0
78.73747,134.0718,1
5.489981,146.9391,0
8.019055,146.8735,0
64.168495,28.922745,0
62.967335,-99.32111,0
-49.206352,-130.0366,0
-109.048485,-5.0289793,0
53.293415,31.348051,0
131.73149,54.50354,0
46.356697,28.152025,0
-5.1903625,-45.537434,0
-58.06267,110.95513,0
8.8674135,-110.86718,0
-75.50041,-56.484447,0
118.527855,-25.680593,0
-54.55976,112.699005,0
181.3567,47.10509,0
-59.281384,110.582275,0
-59.96336,110.489426,0
20.636568,-11.816197,0
88.08647,-118.13503,0
-94.26827,-124.864876,0
-92.30923,9.771605,0
20.774256,-12.014596,0
132.27753,75.76939,0
21.876997,-12.576155,0
12.894026,-26.480663,0
-8.96093,23.972582,0
75.66197,-144.33533,0
-76.14811,-140.64464,0
-109.78752,24.936966,0
-8.580122,23.49011,0
145.81624,69.080894,0
-7.5981407,22.53607,0
-16.484571,-21.87825,0
-60.465378,59.12436,0
10.249226,-154.84149,0
-103.36613,-75.39747,0
-189.46716,-4.0082603,0
-60.346546,59.679844,0
165.04346,3.5072863,0
-60.473576,61.54173,0
-73.54892,-8.880136,0
14.239133,1.0408378,0
73.13937,-123.05635,0
-98.20696,-115.2718,0
-128.58,20.606129,0
14.3679905,0.7957683,0
120.98838,34.881523,0
15.846228,-0.48977697,0
0.2976611,-27.213776,0
65.39251,49.00795,0
53.067562,-74.44896,0
-35.669666,-116.28636,0
-117.15036,-16.660355,0
65.26421,48.81939,0
110.870125,46.541504,0
60.89569,57.822315,0
-1.546476,-65.421,0
41.949245,21.598148,0
66.68075,-105.27614,0
-49.91478,-134.24236,0
-104.985886,7.9006696,0
42.200912,21.72494,0
135.1247,69.40432,0
44.16447,21.694668,0
-6.161379,-41.811016,0
70.641106,51.096478,0
51.071533,-75.24224,0
-36.328423,-114.309814,0
-115.39556,-19.976465,0
70.74292,51.06792,0
118.69618,42.08373,0
65.94775,58.26745,0
-0.0064358087,-63.171444,0
18.543566,-21.842289,0
86.833824,-123.60213,0
-94.34414,-107.54406,0
-132.25044,15.403064,0
18.340076,-21.3524,0
127.64891,26.929325,0
18.019047,-19.49235,0
9.633069,-22.173248,0
-77.509125,32.607315,0
15.785607,-171.32547,0
-120.47554,-73.87241,0
-203.45268,3.3432455,0
-78.52035,33.49861,0
121.48209,7.3992457,0
-83.94788,34.379345,0
-49.856133,4.625336,0
-26.820312,33.461597,0
53.905033,-151.68044,0
-106.02512,-130.63472,0
-150.74104,28.30683,0
-26.551779,33.989906,0
111.31484,16.485437,0
-26.332737,35.084175,0
-37.129875,-18.43475,0
12.909057,42.59465,0
57.47764,-122.25358,0
-69.933495,-135.34378,0
-127.106575,4.369772,0
12.928528,42.62019,0
151.97328,59.55096,0
14.108678,42.793747,0
-20.16301,-34.901905,0
-18.296127,36.780827,0
55.658054,-147.69441,0
-101.32003,-131.09529,0
-148.30353,29.3132,0
-18.887283,36.64694,0
109.5389,21.211037,0
-21.494537,37.032555,0
-34.114147,-21.102335,0
-18.514734,95.31144,0
33.538918,-119.10669,0
-78.98045,-91.33592,0
-174.17433,-15.088805,0
-18.515545,94.863976,0
148.17052,-6.6469097,0
-18.990381,93.175446,0
-61.17085,-46.886883,0
-80.47338,38.88618,0
14.838708,-168.60349,0
-118.14816,-72.38975,0
-199.793,5.5315466,0
-80.61762,38.84764,0
118.34816,3.0272496,0
-81.696754,39.360134,0
-52.600887,3.229784,0
-6.2169647,99.54566,0
37.223263,-113.61304,0
-60.272423,-95.39346,0
-164.33437,-9.587301,0
-5.9771695,99.073906,0
150.29332,-0.010465259,0
-4.9108553,98.69608,0
-53.780178,-47.537254,0
6.1171556,72.81558,0
13.301735,-103.00459,0
-60.00262,-75.36486,0
-149.95207,0.5721019,0
6.0059285,72.59174,0
166.81012,43.017426,0
4.754336,70.37409,0
-25.132751,-11.418977,0
-67.35162,84.04904,0
8.120361,-138.51132,0
-108.47629,-63.812458,0
-192.1403,10.368413,0
-67.37756,84.021515,0
176.07718,11.822018,0
-65.85134,79.32376,0
-61.363163,4.268419,0
-53.40538,61.879524,0
14.362513,-155.30849,0
-98.75441,-75.77162,0
-176.72711,-4.1127014,0
-53.162495,62.04635,0
137.43019,2.1002266,0
-52.864838,65.38139,0
-70.521675,-14.937599,0
-82.970856,40.434784,0
13.526936,-169.34474,0
-118.89012,-70.81003,0
-200.01378,6.639696,0
-83.56889,40.387623,0
120.81629,6.201478,0
-84.81483,37.917347,0
-52.736267,5.4390726,0
19.548439,-11.339632,0
88.44609,-118.418144,0
-94.64981,-125.38792,0
-89.333855,6.2557077,0
19.39983,-11.493784,0
105.01962,26.899723,0
22.953722,-11.954121,0
5.819467,-28.344582,0
43.90786,111.727745,0
23.441896,-81.53422,0
-47.460995,-91.16358,0
-142.6114,-11.395927,0
47.595184,109.447174,0
149.62964,22.81369,0
49.221226,108.4954,0
-27.813356,-79.28502,0
-2.1668959,112.70999,0
43.51803,-117.04402,0
-65.72713,-91.64314,0
-160.69691,5.7476945,0
-2.0519745,112.66817,0
141.96985,10.922832,0
1.2578483,110.15812,0
-41.54744,-45.972103,0
-90.688255,90.80717,0
-6.172873,-144.60565,0
-100.1175,-49.655796,0
-184.59047,23.4077,0
-90.32494,90.30984,0
173.37817,-6.6380386,0
-89.081314,89.23519,0
-77.98367,9.403323,0
23.44607,126.66854,0
26.969055,-98.4924,0
-73.224266,-101.60362,0
-162.34703,-23.216934,0
22.809359,127.07901,0
158.00644,-11.453951,0
20.598171,128.08798,0
-43.932632,-67.61168,0
72.64959,33.716778,0
58.9169,-97.16386,0
-51.698334,-122.56139,0
-111.35321,-2.3029513,0
72.82945,33.434074,0
114.665245,60.0534,0
55.460766,35.94613,0
-6.624331,-49.7874,0
-52.31957,28.024347,0
41.896378,-156.35709,0
-116.43237,-93.79937,0
-183.58095,-12.48661,0
-52.000996,27.945549,0
131.78442,3.9605718,0
-51.35854,27.797857,0
-66.89316,-27.242556,0
30.016382,-0.27816454,0
75.059845,-117.34911,0
-93.6758,-118.868484,0
-94.889854,3.1394763,0
26.183773,-3.471338,0
129.27824,65.90722,0
26.190733,-2.4399405,0
3.6051664,-32.103622,0
-12.706348,159.91875,0
105.496796,-81.414276,0
133.7807,-37.423122,0
128.08057,-59.55521,0
-11.305888,155.13182,0
87.06473,132.22202,1
-15.454594,159.37202,0
-14.697279,159.37921,0
31.669615,-16.77301,0
85.17487,-114.98601,0
-29.46107,-149.299,0
-94.21716,6.1953406,0
31.084875,-15.447155,0
130.3339,75.10501,0
29.407831,-14.093214,0
12.110932,-31.04291,0
66.66068,55.452827,0
51.82413,-77.0152,0
-38.39033,-113.97931,0
-122.09249,-28.594086,0
66.69253,55.824364,0
110.39618,48.51096,0
65.29161,59.314587,0
-0.94479054,-62.022655,0
-45.384903,73.72463,0
19.650015,-151.89423,0
-91.50793,-75.16236,0
-181.41296,5.906341,0
-45.770134,73.756905,0
163.84271,6.9290566,0
-50.417377,76.76939,0
-64.23532,-11.453931,0
16.00227,86.125206,0
44.603405,-106.63619,0
-69.31233,-118.51854,0
-157.41762,-39.792393,0
16.419367,86.580055,0
144.97005,48.838467,0
18.330257,87.73422,0
-28.510199,-51.41238,0
74.59631,-2.248408,0
74.15494,-78.14442,0
-52.676876,-146.35832,0
-105.52065,-13.394604,0
74.48685,-2.2420304,0
110.87387,66.72158,0
63.96822,4.236316,0
14.631577,-57.157623,0
-84.95164,67.38174,0
2.0564528,-149.78836,0
-98.55037,-59.147762,0
-191.95007,21.294365,0
-84.82237,67.450325,0
170.21336,3.1414406,0
-81.63596,69.29492,0
-76.75329,0.06266349,0
-37.52018,19.709455,0
46.440685,-149.38979,0
-112.6344,-100.67522,0
-129.13338,7.7125363,0
-39.208935,20.753653,0
121.01487,23.142887,0
-39.842484,22.539772,0
-61.877285,-33.189587,0
68.626816,-1.6946123,0
75.23798,-81.30208,0
-49.66835,-148.77379,0
-104.30786,-20.60799,0
68.610016,-1.3696898,0
104.03884,70.302986,0
60.939396,3.963737,0
14.033427,-52.642048,0
104.76785,-8.617212,0
-5.096545,-120.01519,0
100.245155,-7.542376,0
128.26508,-63.54049,0
90.852806,-7.3658156,0
171.28291,64.564766,0
106.77129,-11.749062,0
104.10021,-12.341384,0
53.593327,72.083954,0
40.459034,-77.078964,0
-39.614666,-106.729675,0
-135.84807,-13.894856,0
53.883957,72.31699,0
126.86171,38.597965,0
55.778976,74.124565,0
-9.879482,-72.14882,0
25.503452,126.67984,0
28.103716,-97.71484,0
-71.99237,-101.560455,0
-160.33662,-21.874588,0
25.153166,127.22788,0
156.08563,-10.865826,0
23.10603,128.53426,0
-42.463943,-67.5174,0
67.93088,36.917377,0
59.788124,-95.51376,0
-49.241756,-122.484505,0
-109.78322,-7.135425,0
67.63975,36.974182,0
135.12778,43.03016,0
59.034966,37.00665,0
-6.4570503,-52.09817,0
-5.444863,7.336077,0
55.263653,-131.45224,0
-109.31936,-121.09055,0
-140.80608,11.769821,0
-5.2987022,7.066289,0
128.18614,-3.8785205,0
-0.7870442,1.5637608,0
-7.248378,-17.290194,0
-76.58187,92.39729,0
-0.568588,-139.35724,0
-94.41532,-55.853848,0
-182.65372,15.222852,0
-75.715195,91.9622,0
179.8082,0.9869813,0
-75.690025,89.28335,0
-70.414116,10.405807,0
13.446412,51.21887,0
52.733875,-87.15515,0
-85.16775,-128.00797,0
-140.43716,19.130083,0
13.583401,50.900837,0
191.56883,10.795553,0
14.052898,50.418686,0
-28.42432,-39.212196,0
28.148525,151.68483,0
109.4824,-71.81391,0
135.04736,-70.21315,0
43.166077,155.54851,0
43.5499,150.66571,0
68.17548,138.95467,1
43.769135,154.67448,0
43.85956,150.13483,0
34.7866,-15.594352,0
83.225266,-114.41492,0
-30.664452,-147.49939,0
-94.022896,4.3288894,0
34.685303,-15.83023,0
131.05402,76.27848,0
30.02448,-11.727989,0
10.935147,-32.259968,0
-82.75983,41.89459,0
13.187525,-168.52774,0
-118.341225,-70.78464,0
-199.64572,7.076098,0
-83.279205,41.748024,0
125.02704,5.6581855,0
-84.78822,38.93464,0
-52.634502,5.0457807,0
25.477913,101.34434,0
46.550507,-98.02776,0
-59.150436,-111.84061,0
-134.91882,-37.52956,0
25.500458,101.47948,0
140.41452,31.929716,0
28.894995,103.84641,0
-31.33153,-60.336384,0
41.105576,48.71237,0
68.94502,-72.777985,0
-51.09285,-140.96822,0
-123.02523,-7.847617,0
41.8247,51.318317,0
120.44043,37.31972,0
43.333076,54.560123,0
11.459587,-63.322556,0
20.692423,-21.912405,0
85.90134,-122.530365,0
-93.23916,-108.03043,0
-130.74135,14.556066,0
20.763807,-21.350748,0
95.539734,49.80203,0
19.41203,-18.458145,0
9.067705,-23.321632,0
-118.87503,82.84355,0
-12.633378,-175.33253,0
-144.84982,-65.838425,0
-169.54639,37.310543,0
-118.65014,82.94764,0
191.39552,-9.203513,0
-115.74803,84.26522,0
-119.2646,51.95572,0
11.282225,152.03047,0
116.646324,-79.108536,0
140.23924,-56.26238,0
4.294665,152.24539,0
4.475419,154.38539,0
78.84851,135.6251,1
4.7581706,152.94176,0
4.985666,154.86258,0
-7.8368206,132.71616,0
38.66615,-124.92794,0
-69.41194,-82.61005,0
-163.06195,-3.6461616,0
-6.6382284,131.9761,0
153.78778,-8.93556,0
-3.3274264,129.06702,0
-50.82627,-42.58658,0
-4.653069,28.317646,0
73.209694,-143.19028,0
-76.979805,-143.13861,0
-112.957436,23.281395,0
-4.8704596,28.292639,0
147.04802,68.13543,0
-2.2938673,23.15814,0
-17.812658,-24.19436,0
104.67644,-8.6045475,0
-5.5780697,-119.81301,0
100.302315,-7.517059,0
128.3169,-63.557606,0
90.86627,-7.311097,0
171.13728,64.19725,0
106.675125,-11.748693,0
104.0392,-12.499231,0
-34.138477,97.62697,0
29.564783,-129.03413,0
-82.27824,-79.09164,0
-163.56952,-13.464308,0
-34.653347,97.75996,0
162.51826,-3.274081,0
-37.24258,97.65936,0
-54.616135,-33.967957,0
59.324066,77.59089,0
43.240288,-73.99675,0
-37.412094,-104.84886,0
-130.33894,-14.225963,0
59.749268,77.08939,0
158.49826,36.707874,0
61.405388,73.27651,0
-6.80527,-71.43275,0
52.07457,54.114445,0
59.908657,-72.303795,0
-23.319399,-112.811714,0
-121.68349,-12.301896,0
51.701675,54.414303,0
118.36697,45.382744,0
51.01244,55.838367,0
7.022611,-74.105865,0
-79.70968,39.88254,0
15.238843,-168.40596,0
-117.86708,-72.60056,0
-199.45367,10.550053,0
-79.977646,39.83426,0
121.80091,4.2150393,0
-81.081856,40.162415,0
-52.98837,3.6009607,0
20.278812,94.28499,0
54.56014,-98.42279,0
-53.605553,-121.371284,0
-113.80273,-1.0617117,0
20.340153,94.14416,0
137.03516,36.085472,0
53.807045,37.02829,0
-15.125442,-51.679596,0
73.97167,0.8559485,0
73.60524,-76.6945,0
-49.942604,-144.89352,0
-106.673805,-14.68698,0
73.49882,0.43854892,0
108.26191,66.82738,0
66.00523,4.691876,0
13.684545,-58.6675,0
64.08844,-16.48424,0
81.342896,-75.92917,0
-43.78583,-154.21674,0
-91.38473,-16.830997,0
63.99829,-16.49813,0
118.14936,83.27159,0
53.77513,-7.3457727,0
21.102303,-56.23269,0
-30.212948,12.258725,0
33.696186,-130.93196,0
-104.69061,-104.05687,0
-162.36337,-9.232161,0
-31.818783,92.344765,0
124.48803,23.261515,0
-36.7421,94.20808,0
-50.351673,-31.120945,0
-1.7328681,113.9147,0
43.955376,-118.32654,0
-64.87377,-90.15188,0
-164.99149,4.672025,0
-1.5734342,113.92204,0
147.41405,3.2732565,0
2.0148456,111.60276,0
-42.202682,-44.59956,0
78.451584,-50.10911,0
116.67707,-93.53869,0
74.254814,-55.289627,0
-86.93184,-37.089424,0
78.18474,-50.196556,0
118.23041,104.378624,0
77.15532,-50.52356,0
75.84758,-51.840836,0
-32.740105,69.29348,0
25.46875,-151.27866,0
-99.91242,-86.32515,0
-177.08936,-9.910521,0
-32.28653,69.183815,0
152.09105,13.951293,0
-31.697334,68.917404,0
-59.080276,-13.352153,0
77.35941,8.3265505,0
68.7258,-78.58709,0
-46.542072,-141.7073,0
-108.222305,-16.982685,0
76.910446,8.03014,0
107.74234,60.69163,0
68.19412,9.593019,0
8.678778,-59.763584,0
25.335363,123.33585,0
30.084085,-98.73055,0
-71.483475,-103.56298,0
-162.15149,-25.299063,0
24.772688,123.46659,0
158.02489,-18.134905,0
20.59329,123.6885,0
-41.6808,-65.39249,0
-42.39872,156.85767,0
109.901085,-96.18442,0
130.99704,-33.440727,0
116.00578,-31.487276,0
-42.72038,157.75372,0
88.35842,128.08623,1
-42.931587,158.52051,0
-42.490265,157.99966,0
44.858494,108.47856,0
22.817251,-80.953094,0
-48.154278,-90.936554,0
-141.53503,-7.474723,0
45.098602,108.26331,0
156.38507,45.955677,0
50.39931,108.14267,0
-25.634527,-78.65898,0
-83.23556,94.17676,0
3.4990132,-141.74303,0
-103.0374,-61.44214,0
-181.7114,19.101952,0
-83.28329,93.95468,0
179.24602,11.939563,0
-83.05983,93.34072,0
-68.87028,0.571736,0
52.76637,63.087578,0
49.920437,-79.75978,0
-41.926437,-110.847466,0
-130.31892,-7.316749,0
53.017723,62.918297,0
127.40376,43.889053,0
56.991295,62.06277,0
-8.947079,-66.91603,0
37.79746,51.22749,0
68.58159,-71.26305,0
-54.00863,-141.7412,0
-125.29024,-6.0505137,0
37.86079,51.693398,0
96.36971,54.692352,0
40.3116,55.373554,0
13.76491,-65.51936,0
42.14001,12.3560095,0
72.35244,-103.479195,0
-43.618538,-137.99013,0
-100.56438,7.498845,0
42.36168,12.63932,0
120.91946,73.591995,0
43.72413,15.271801,0
2.784211,-41.18158,0
-30.097395,116.04353,0
9.350087,-123.21475,0
-66.238434,-69.76176,0
-156.67145,-7.8155637,0
-29.616493,116.00447,0
180.80992,31.610294,0
-28.776197,115.90015,0
-28.411015,-4.7750883,0
-6.534585,115.820915,0
39.954865,-119.20394,0
-69.29073,-89.13217,0
-169.83528,-3.4959815,0
-6.635694,116.71165,0
153.20396,-6.8800154,0
-7.1932073,117.003944,0
-44.981804,-47.082516,0
-22.459114,25.298782,0
50.20815,-139.8158,0
-109.24514,-108.3004,0
-137.03731,22.07464,0
-22.35407,25.588074,0
122.78358,27.444508,0
-22.275188,25.847929,0
-33.158012,-15.664559,0
-76.70522,91.82955,0
-0.5012657,-139.79599,0
-94.4931,-55.386223,0
-180.51941,17.001904,0
-76.2681,91.174576,0
180.93716,1.0180651,0
-76.149,89.6013,0
-70.33708,9.738685,0
26.310759,70.5429,0
68.7433,-94.34097,0
-52.717186,-125.76599,0
-126.35045,-26.803125,0
26.708424,70.51831,0
140.82303,36.49396,0
61.029602,36.93753,0
-11.6624365,-49.284447,0
-14.558062,102.92522,0
31.844646,-115.9591,0
-75.477135,-91.18821,0
-169.06133,-9.943715,0
-15.560492,102.309006,0
146.42688,-4.0750465,0
-16.939995,100.68643,0
-57.23821,-46.526726,0
-55.172504,49.514965,0
24.05581,-143.64784,0
-106.51808,-81.45832,0
-191.10126,-1.1366117,0
-55.646736,49.289158,0
126.84183,8.946548,0
-57.471943,48.955463,0
-55.868423,-6.851365,0
-38.010315,42.669247,0
33.39192,-148.26685,0
-101.70529,-90.94949,0
-126.95521,21.85487,0
-38.372112,42.308495,0
135.4648,18.409498,0
-38.781338,41.821896,0
-51.685215,-18.760044,0
-61.543705,21.821768,0
44.397125,-160.19792,0
-120.49329,-93.26644,0
-183.80315,-6.3885846,0
-60.605343,22.630278,0
128.65044,5.2535944,0
-58.512024,24.60938,0
-71.19776,-28.417448,0
59.757053,-8.906977,0
83.288536,-82.66781,0
-46.75901,-154.82031,0
-90.81339,-11.971671,0
59.34055,-8.423933,0
114.63286,81.710556,0
56.20227,-5.329619,0
21.624962,-49.039574,0
61.37757,-7.507267,0
81.85597,-82.18548,0
-47.18398,-153.47595,0
-93.45118,-10.5599165,0
60.93408,-5.9577107,0
113.385956,81.16021,0
57.875843,-3.9270022,0
20.032042,-50.053127,0
-13.086221,38.956642,0
60.97365,-146.0816,0
-98.45106,-132.84258,0
-143.76593,30.978273,0
-12.859351,38.88887,0
109.37405,23.1301,0
-11.779278,38.20673,0
-32.419987,-23.93588,0
-20.54345,10.027052,0
46.23065,-133.54198,0
-100.11164,-108.51095,0
-133.79515,6.868628,0
-20.655422,11.173801,0
126.9144,29.540031,0
-20.574955,12.592374,0
-3.011286,-24.605793,0
8.745293,88.290344,0
41.006485,-109.18946,0
-69.11615,-127.501205,0
-168.70844,-32.89639,0
8.465102,88.37728,0
138.93617,-8.392607,0
7.9841385,88.209946,0
-22.439629,-46.741966,0
-16.582775,20.72276,0
15.170587,-121.40889,0
-89.372215,-104.475044,0
-144.26604,4.554643,0
-16.23566,21.186111,0
169.25171,37.74247,0
-16.066225,22.254902,0
-31.18007,-11.0225935,0
-82.54047,89.70068,0
-0.3246117,-143.6074,0
-98.03439,-54.821766,0
-185.36852,16.883291,0
-82.376755,89.44967,0
172.22836,-1.4580002,0
-80.30062,85.38635,0
-72.39043,5.9880705,0
61.4661,105.94429,0
28.047272,-79.64893,0
-45.431404,-94.86782,0
-149.08658,-20.167759,0
61.057205,106.68455,0
159.9498,29.360954,0
60.021523,104.22805,0
-20.352541,-78.0755,0
58.84989,-15.179194,0
84.75321,-78.18597,0
-40.99542,-152.2739,0
-90.030594,-14.073642,0
57.454075,-14.033286,0
111.81016,80.56694,0
56.178787,-12.444195,0
23.785229,-52.8112,0
65.89297,104.165695,0
24.893385,-73.9528,0
-39.725586,-89.372215,0
-145.28023,-15.226683,0
65.85407,104.15751,0
162.33353,30.964968,0
67.66487,107.21238,0
-18.443884,-85.80786,0
54.52064,63.172283,0
50.351627,-78.51599,0
-40.456707,-111.02997,0
-116.75289,-14.7055,0
54.428684,63.0099,0
126.28472,40.143806,0
57.66242,62.29929,0
-7.5720253,-66.80253,0
10.075568,93.79604,0
37.523434,-105.259026,0
-71.095634,-111.34412,0
-164.97627,-33.688942,0
9.291679,94.85945,0
139.59471,-15.007531,0
8.650658,97.40762,0
-39.097775,-56.382034,0
38.738243,71.78063,0
41.797577,-83.7936,0
-45.31107,-103.17251,0
-135.28113,-6.7779574,0
37.45418,71.94183,0
157.26474,40.729145,0
34.951233,70.21491,0
-14.541635,-66.71637,0
47.723103,-30.283815,0
101.97953,-104.076355,0
-18.214163,-128.59604,0
-117.66039,-35.02843,0
47.715214,-30.929516,0
128.26364,89.87509,0
47.36828,-31.899412,0
47.078144,-34.828014,0
-91.980736,79.46909,0
-3.582103,-145.8979,0
-100.29073,-53.177002,0
-186.77463,15.541705,0
-88.4553,81.43978,0
173.7049,-4.126228,0
-83.92623,83.712395,0
-74.86498,7.132128,0
23.48721,-22.746468,0
84.17097,-122.016914,0
-92.17375,-108.66106,0
-128.90613,12.141354,0
23.456638,-22.57261,0
128.22011,27.863348,0
19.720013,-16.531603,0
6.3510375,-24.869232,0
51.608295,48.224384,0
56.806305,-78.93962,0
-42.83494,-115.56644,0
-119.69541,-14.015635,0
51.36188,48.094437,0
120.54568,46.930046,0
45.682156,59.43278,0
-5.9995923,-62.76029,0
53.025715,72.75532,0
39.921158,-76.819824,0
-38.736565,-104.11831,0
-135.21764,-12.076685,0
53.193813,73.09058,0
159.11095,41.01139,0
55.035233,74.65601,0
-10.37877,-72.42458,0
41.127834,-35.887497,0
101.562996,-107.71428,0
-21.535997,-126.79804,0
-146.3667,-42.65791,0
41.325462,-35.82323,0
144.84933,-6.163837,0
41.445396,-35.46793,0
38.90138,-35.921463,0
23.103424,38.626495,0
58.879353,-113.687325,0
-62.92875,-133.77014,0
-105.156685,-4.942042,0
23.268068,38.539948,0
139.33888,57.056778,0
26.902613,32.91429,0
-14.112406,-42.330223,0
-5.374836,5.991344,0
55.43678,-130.63875,0
-108.5631,-120.20029,0
-138.3716,11.8647375,0
-5.686666,6.099212,0
126.7808,-4.177741,0
-1.682051,1.6095741,0
-6.636035,-18.232922,0
29.18081,-20.752115,0
83.55219,-117.77173,0
-27.716803,-146.42818,0
-97.9295,9.95115,0
29.156351,-20.794998,0
129.39146,73.57803,0
25.875202,-15.76944,0
10.331702,-29.14715,0
15.108193,154.02531,0
115.01985,-78.12875,0
134.86891,-54.47416,0
9.787806,164.23917,0
9.447765,163.42232,0
79.173744,139.66539,1
9.979836,164.16512,0
9.602921,163.0699,0
-67.73816,44.114002,0
23.146544,-140.63847,0
-111.098145,-80.028244,0
-193.92357,1.870607,0
-67.341576,45.093807,0
126.22467,10.228173,0
-63.359238,46.852993,0
-53.899803,-3.9905596,0
49.533012,32.655495,0
60.478,-102.97497,0
-56.769478,-123.11939,0
-112.90936,1.6008726,0
48.590813,32.901577,0
131.73007,57.540295,0
47.438255,33.884026,0
-17.811455,-51.285786,0
-20.925312,49.694187,0
19.368351,-134.16837,0
-96.92617,-64.67826,0
-155.91887,25.245352,0
-20.747107,49.5956,0
169.77496,19.27743,0
-20.105474,49.142258,0
-40.106426,-21.917034,0
69.87365,44.621143,0
60.296345,-89.6165,0
-44.082146,-122.27831,0
-110.21423,-27.04406,0
69.66239,44.9292,0
113.78102,54.416668,0
60.710564,44.713024,0
-12.143977,-56.124664,0
14.497791,123.79079,0
29.41304,-101.74866,0
-74.4444,-104.930084,0
-163.88274,-25.564564,0
14.473784,123.59501,0
151.209,-12.0208,0
17.856071,125.1614,0
-44.387875,-63.78121,0
48.83756,77.78026,0
38.962852,-79.53913,0
-43.789356,-108.3853,0
-136.38377,-11.319563,0
48.981285,77.92326,0
119.40642,34.375565,0
49.677357,78.81808,0
-13.9658375,-72.276306,0
31.883003,2.3853154,0
71.27837,-112.79588,0
-41.997574,-141.529,0
-114.530075,-2.8615427,0
32.51339,2.1416981,0
118.46158,68.56611,0
33.50275,2.7575645,0
7.2129693,-37.314976,0
63.386337,93.81504,0
32.0969,-75.86214,0
-39.278305,-95.92452,0
-141.11877,-13.764788,0
63.559437,93.757065,0
157.84525,40.61743,0
64.88184,92.81954,0
-15.483642,-80.017456,0
43.58078,-7.5920067,0
68.75083,-101.965836,0
-38.85794,-141.52782,0
-94.74603,-6.739588,0
43.80244,-7.7441115,0
113.14689,76.30168,0
47.25375,20.390484,0
5.8180146,-40.652496,0
85.87264,-15.343836,0
0.61289537,-119.77168,0
119.2584,-58.580315,0
91.27948,-27.953678,0
89.14327,-24.556871,0
179.92824,58.661076,0
89.64904,-25.082808,0
88.58665,-23.206203,0
47.901886,53.012104,0
3.3037107,-100.55801,0
-21.34515,-112.008224,0
-125.0659,-9.588792,0
47.471428,53.782913,0
172.45561,33.23938,0
47.105957,54.714092,0
8.124661,-76.01025,0
47.353905,3.710276,0
74.75905,-100.86501,0
-38.527218,-137.84743,0
-93.34625,-3.3358757,0
47.358204,3.9003384,0
114.13628,66.44502,0
48.406498,10.134713,0
6.357342,-43.78911,0
28.942888,43.405636,0
54.331768,-109.82302,0
-74.5143,-120.581116,0
-113.84349,7.888189,0
29.231266,43.29942,0
139.76921,45.210434,0
29.767797,42.764053,0
-27.4411,-47.05175,0
-45.76521,68.81908,0
17.836672,-154.2648,0
-92.9013,-78.94642,0
-177.485,5.748647,0
-45.570377,69.14184,0
159.03862,6.9582124,0
-53.3191,68.90485,0
-67.38402,-11.162943,0
-49.415924,21.973257,0
43.57377,-154.80077,0
-116.02307,-95.50629,0
-187.29326,-11.596419,0
-48.77663,22.517376,0
121.94354,16.442308,0
-47.40422,24.269817,0
-65.78483,-29.198814,0
-71.51755,86.269035,0
5.264916,-138.00066,0
-108.048225,-62.396595,0
-181.89668,17.058743,0
-71.86764,86.36921,0
176.80617,12.266919,0
-73.11498,86.430244,0
-67.02295,6.6707296,0
-71.24767,83.47944,0
5.967115,-139.29172,0
-107.34846,-61.21427,0
-189.52768,12.106198,0
-71.881355,83.68445,0
178.85443,10.597242,0
-73.024536,83.7213,0
-66.15356,5.3850837,0
35.721,93.43003,0
34.299503,-90.64202,0
-62.93179,-101.400406,0
-147.65718,-38.278217,0
36.335163,92.96289,0
153.44238,32.432343,0
36.7115,92.28456,0
-32.863308,-67.61677,0
-14.435151,100.56638,0
32.61834,-116.66449,0
-76.75542,-91.55052,0
-170.41377,-9.497731,0
-15.019685,100.4273,0
148.13861,-3.7517676,0
-17.194143,98.56682,0
-58.808712,-47.209717,0
-33.837364,75.08974,0
23.613604,-131.57314,0
-86.57817,-72.965904,0
-177.98395,-8.120858,0
-33.439754,75.01143,0
130.82913,18.64176,0
-32.295055,73.917305,0
-44.78677,-12.407848,0
58.970318,-31.06796,0
106.35164,-100.82362,0
58.08191,-37.85815,0
-91.41102,-28.694181,0
58.772816,-31.440653,0
125.2943,93.41848,0
58.631447,-31.863583,0
57.998142,-32.635677,0
-57.052,152.84901,0
100.54876,-93.03853,0
125.93688,-39.814205,0
109.75242,-34.2772,0
-58.14035,155.14642,0
96.189285,124.935455,1
-59.39164,159.27586,0
-58.76562,157.28122,0
63.717342,50.17846,0
47.465157,-72.22347,0
-33.55322,-112.743706,0
-118.36173,-14.231019,0
61.834522,53.88853,0
115.18485,43.541767,0
68.54774,59.958168,0
-2.6108623,-70.4069,0
15.975533,16.57534,0
39.08017,-141.21861,0
-103.92334,-96.13688,0
-119.78506,26.820105,0
16.085917,16.585236,0
120.16944,30.218197,0
8.213271,22.316463,0
-48.634827,-22.084944,0
69.62449,-5.0441933,0
76.400635,-79.973656,0
-44.190727,-147.07428,0
-95.45324,-17.78325,0
68.82287,-5.1572204,0
104.73302,66.66364,0
60.892456,0.53008324,0
15.750923,-52.53347,0
51.11766,93.75645,0
33.850704,-84.99915,0
-55.477116,-97.05979,0
-155.84581,-30.05965,0
50.680416,93.46582,0
141.0825,25.87392,0
50.167587,93.097984,0
-27.827599,-71.00799,0
77.62774,-46.696815,0
115.22336,-92.77431,0
73.22988,-53.32541,0
-86.91788,-34.935886,0
77.45339,-46.804512,0
117.640686,102.148315,0
77.252686,-46.97298,0
74.5271,-49.47266,0
-51.761246,43.509857,0
25.737669,-141.76466,0
-108.78722,-82.48161,0
-195.82841,-2.570039,0
-51.784096,43.407494,0
129.8849,12.071441,0
-60.092255,45.350163,0
-52.875057,-6.9746504,0
-116.222885,76.474785,0
-10.2051525,-173.31978,0
-141.00883,-65.895515,0
-168.36493,34.406475,0
-116.24856,76.487816,0
190.28531,1.4842496,0
-111.335464,83.42664,0
-115.87449,54.152878,0
-89.32973,83.93522,0
-4.4774356,-145.42676,0
-100.14051,-51.861473,0
-185.74251,22.921635,0
-89.22877,84.05781,0
174.32295,-3.643196,0
-86.40456,86.17451,0
-78.11792,7.8558407,0
15.357132,20.968178,0
68.58172,-134.07578,0
-102.93199,-95.729614,0
-116.95617,18.785143,0
14.8159075,20.95164,0
117.26135,51.051743,0
10.849258,23.080597,0
-44.75163,-20.596167,0
-73.96521,134.8515,0
95.53008,-96.89233,0
113.01394,-40.846626,0
-106.74311,-34.11631,0
-75.396255,135.67627,0
99.36139,120.250984,1
-76.08507,136.19026,0
-77.320145,136.62448,0
42.246914,-7.664563,0
68.24259,-102.61427,0
-44.277977,-133.99316,0
-99.64113,-3.057807,0
48.149952,19.57843,0
119.0988,62.71578,0
46.699883,19.931664,0
0.94564974,-42.927414,0
4.4033685,53.711834,0
45.50331,-61.00049,0
-88.90509,-142.32538,0
-123.913895,-18.80566,0
62.45912,76.87952,0
110.238396,31.784466,0
62.683174,75.39314,0
-30.064163,-31.922535,0
54.699146,112.21604,0
23.352345,-86.11712,0
-51.906284,-91.97942,0
-158.98595,-15.158561,0
54.072124,112.23761,0
153.95518,19.64833,0
53.088123,111.60575,0
-29.318583,-76.758095,0
66.38756,-0.96997076,0
75.44862,-81.85834,0
-51.666065,-148.6858,0
-106.70023,-12.8575,0
65.809235,-0.06291622,0
103.70369,64.97575,0
62.216877,3.1590056,0
14.070853,-54.266586,0
12.431271,65.28916,0
17.98783,-100.43025,0
-61.06676,-81.92846,0
-151.60812,6.1805425,0
12.305755,65.69217,0
119.33094,33.045696,0
12.625824,66.28434,0
-24.15109,-16.979267,0
77.685524,10.827723,0
68.55226,-79.66346,0
-45.68383,-142.96526,0
-101.25112,-18.789766,0
77.257164,10.4232435,0
108.34499,60.686447,0
69.31024,10.145177,0
8.863275,-57.87457,0
89.58884,-46.473373,0
99.95885,-67.091805,0
98.66797,-50.135094,0
-82.71716,-33.021065,0
90.66128,-46.40084,0
114.24079,101.02851,0
91.81066,-47.021687,0
95.13642,-47.9455,0
-47.956627,50.645332,0
31.320051,-163.14825,0
-90.546555,-89.68392,0
-180.73486,-9.05154,0
-35.42036,48.187046,0
136.32375,5.1824045,0
-35.481583,48.5458,0
-70.5663,-19.721817,0
-33.933014,98.22729,0
29.24163,-128.91954,0
-82.7637,-79.266525,0
-176.56868,-5.356736,0
-34.827686,98.37823,0
161.90338,0.26302192,0
-36.83481,97.99882,0
-55.22738,-33.38843,0
-7.389284,90.30978,0
27.506416,-104.71168,0
-78.74075,-109.853424,0
-168.22426,-22.132246,0
-6.4001236,90.38764,0
150.97682,-12.523315,0
-5.092307,90.49248,0
-47.426525,-60.354336,0
76.01301,36.100533,0
50.943806,-98.22923,0
-56.236355,-117.70157,0
-118.7366,-3.7275317,0
35.91428,95.519,0
111.83114,34.212326,0
51.300434,40.121834,0
-26.249794,-59.27082,0
3.6644044,90.27247,0
31.627232,-107.41253,0
-75.861626,-112.85666,0
-168.75522,-31.308134,0
3.51898,90.31148,0
143.4008,-9.335736,0
2.201102,90.92163,0
-45.142475,-56.858303,0
76.62246,82.81947,0
37.676235,-72.24919,0
-33.882896,-100.54175,0
-138.66296,-20.86592,0
76.71217,82.95761,0
161.72139,39.705692,0
73.3049,84.35493,0
-9.161888,-77.71282,0
-15.8829775,71.06217,0
35.54826,-50.58152,0
-100.85524,-148.82707,0
-160.99835,14.116408,0
-16.201155,71.02636,0
143.69601,12.0698185,0
-18.659468,69.94071,0
-44.11752,-35.019196,0
-36.306675,58.01453,0
27.641314,-159.66034,0
-91.65713,-88.17607,0
-172.86606,-0.7791998,0
-36.75011,57.669884,0
139.93765,0.048527528,0
-38.03104,57.161007,0
-57.40527,-21.86648,0
-135.92807,76.45403,0
-19.716465,-170.38864,0
-151.95125,-74.09388,0
-163.27869,43.84957,0
-135.64133,76.16435,0
197.19585,-7.670415,0
-135.21573,75.3276,0
-127.97559,56.262405,0
65.016975,37.747925,0
70.08015,-94.82781,0
-51.730648,-126.87211,0
-112.55554,-11.759066,0
64.70864,37.799057,0
101.48514,55.573746,0
60.365757,37.75178,0
-9.855878,-48.850883,0
-85.6338,42.381145,0
12.20679,-169.59782,0
-119.19456,-69.75943,0
-200.59326,8.212593,0
-85.913,41.775124,0
117.35424,3.8089707,0
-86.445,38.8275,0
-53.15983,6.612189,0
13.9256115,154.8124,0
119.503494,-80.12419,0
139.78876,-53.446583,0
3.9708188,166.37564,0
6.0068235,165.06415,0
79.90738,138.73787,1
4.6067247,166.09969,0
6.8364553,164.7376,0
60.632816,85.33805,0
35.847656,-78.42037,0
-39.98265,-100.2408,0
-133.58559,-16.041643,0
60.67326,85.56717,0
153.07787,46.667576,0
64.072075,87.167534,0
-16.70084,-72.75201,0
-23.19635,22.862051,0
50.577747,-137.22394,0
-102.80556,-124.24212,0
-137.04921,16.325365,0
-22.808704,22.769588,0
123.83719,28.98869,0
-22.29578,22.92004,0
-10.0922165,-21.327505,0
-12.916149,64.884125,0
39.142616,-52.015633,0
-98.309814,-145.99649,0
-157.53035,14.667474,0
-13.679552,64.98676,0
142.74345,14.484367,0
-18.231895,63.87492,0
-39.949448,-32.08664,0
57.130928,-28.649714,0
104.67044,-101.40305,0
-19.440962,-131.1772,0
-92.467575,-26.39373,0
57.00841,-28.926884,0
124.1639,86.92033,0
56.255768,-29.859663,0
55.743114,-28.926538,0
23.126928,-20.796331,0
84.9211,-121.21254,0
-93.81572,-110.25987,0
-124.16787,14.589527,0
22.961714,-20.84216,0
128.42319,70.54672,0
22.592876,-18.609465,0
8.409366,-25.530739,0
8.883789,65.64992,0
15.788423,-101.67872,0
-59.399654,-78.41183,0
-151.116,3.5129132,0
8.1975,66.06215,0
164.32118,46.472942,0
6.904715,67.754654,0
-24.199648,-14.234587,0
43.890892,-4.869243,0
80.756424,-106.61834,0
-32.268803,-140.84863,0
-88.81249,-5.7936354,0
44.06345,-4.2791133,0
108.05282,77.9882,0
42.72796,-12.639358,0
12.373813,-38.786285,0
98.434,-10.684675,0
-5.913283,-120.642105,0
128.79257,-62.985283,0
106.18386,-10.859647,0
103.11616,-13.801048,0
171.65346,66.0027,0
105.499405,-11.2036295,0
102.60769,-14.82286,0
33.805,-0.40790963,0
76.6937,-106.42093,0
-33.39963,-139.03015,0
-91.63943,-2.9321995,0
33.648716,0.09845804,0
114.76537,70.704765,0
34.804295,0.5800343,0
8.579952,-37.972763,0
23.489227,104.399,0
45.081356,-97.470726,0
-60.48826,-109.340065,0
-149.58086,-31.52745,0
23.633532,104.56111,0
140.93541,30.654524,0
26.117813,106.25061,0
-32.521816,-61.35099,0
53.67081,102.56468,0
26.359762,-81.26945,0
-47.944546,-94.42359,0
-150.69139,-17.310446,0
53.51876,102.89498,0
152.93176,24.015425,0
52.402546,103.47905,0
-23.380428,-76.77377,0
16.406113,128.83115,0
26.390907,-100.0846,0
-74.95299,-102.61627,0
-165.06952,-22.783424,0
17.279482,128.40593,0
157.70113,-13.256676,0
18.001303,127.433044,0
-45.467567,-66.71714,0
68.56996,27.20547,0
63.678772,-91.69919,0
-43.259167,-126.696884,0
-102.18963,-14.484664,0
68.152534,27.22424,0
104.58188,50.08828,0
59.264893,32.356342,0
-1.3865228,-51.54255,0
59.54507,52.623947,0
54.873833,-72.1279,0
-30.966303,-109.00502,0
-127.986015,-21.543076,0
79.57918,68.34853,0
115.92891,44.49065,0
79.099594,67.23534,0
-1.3873651,-69.0796,0
62.059265,93.7451,0
29.199156,-76.21204,0
-40.59967,-95.53604,0
-143.72115,-14.338454,0
62.134037,93.89033,0
159.74184,29.984499,0
63.135178,95.84066,0
-17.219263,-80.050095,0
60.021103,-9.813069,0
83.77117,-82.01837,0
-45.620617,-154.7209,0
-92.58817,-11.470337,0
59.79735,-9.772406,0
115.717514,82.65414,0
56.31628,-6.092308,0
22.047462,-50.177372,0
45.844032,104.553055,0
25.59339,-83.484276,0
-49.967278,-94.221054,0
-140.28435,-6.9893117,0
46.126953,104.506165,0
147.98817,22.029093,0
50.316826,106.05841,0
-25.599955,-76.83946,0
83.40613,-15.515848,0
10.275865,-130.27971,0
117.90964,-56.64235,0
89.35041,-29.333155,0
84.38972,-25.32254,0
181.1335,56.98961,0
84.90963,-26.183096,0
85.013054,-23.723913,0
47.94724,-12.603631,0
66.66147,-86.61251,0
-42.299652,-131.86302,0
-87.99814,-10.139311,0
48.12269,-12.614826,0
111.50901,59.38207,0
49.260254,-12.33673,0
6.392547,-51.520363,0
29.015697,32.955513,0
58.990543,-111.582756,0
-62.112114,-131.81143,0
-106.57663,9.636684,0
28.815199,33.173683,0
134.28673,69.06503,0
33.33615,30.153313,0
-15.162388,-43.608784,0
-17.650053,102.94292,0
31.278328,-117.824684,0
-77.07337,-89.85819,0
-171.04262,-12.055482,0
-18.719519,101.71133,0
150.46652,-2.6526666,0
-19.281528,99.66432,0
-59.044056,-45.371807,0
84.05564,94.660805,0
31.205898,-68.30085,0
-32.247787,-94.20672,0
-144.7266,-21.565613,0
84.00472,94.88615,0
164.55542,34.161793,0
76.168915,99.879364,0
-10.83199,-84.81072,0
-48.677208,59.289158,0
27.831778,-157.20467,0
-97.567856,-80.24336,0
-180.23749,-1.6202086,0
-48.5676,59.321915,0
132.93654,14.0908575,0
-46.911083,60.316143,0
-59.534115,-21.368872,0
-2.9792786,53.110798,0
44.640568,-59.239124,0
-91.49157,-142.32713,0
-148.84438,22.523882,0
-3.4453466,53.060135,0
107.21085,35.363056,0
-4.7607403,51.496674,0
-32.91941,-28.597345,0
-31.981323,158.95665,0
102.53613,-85.74368,0
134.69382,-39.398655,0
118.96961,-27.79001,0
-31.832464,156.1987,0
91.475426,131.46231,1
-31.830687,152.96495,0
-31.222885,154.20859,0
81.58512,80.884384,0
34.74477,-67.95132,0
-29.882593,-98.12388,0
-150.0716,-11.980335,0
81.73913,81.02289,0
162.9113,35.5761,0
70.45526,87.69552,0
-6.7782006,-82.36271,0
-5.193441,101.249886,0
38.21914,-112.86844,0
-61.398933,-94.575424,0
-167.59286,-8.903079,0
-4.5791736,101.02585,0
153.24664,2.2381406,0
-3.9947696,100.581474,0
-53.4765,-48.350132,0
69.79415,110.034676,0
24.214958,-76.13185,0
-42.6196,-90.1077,0
-142.95778,-12.509389,0
69.17944,109.526955,0
164.73743,29.172878,0
68.66465,108.7933,0
-20.63313,-83.04346,0
24.614735,150.64568,0
104.61811,-65.8216,0
136.28922,-70.1026,0
44.167965,158.69676,0
38.991776,146.38136,0
69.37771,141.80461,1
43.97609,160.9872,0
37.77234,145.15912,0
-14.29956,69.67846,0
36.94248,-50.47623,0
-99.0207,-149.20123,0
-159.9831,12.77486,0
-14.241912,69.62465,0
143.16136,12.670928,0
-18.894335,67.80966,0
-42.693306,-33.64894,0
2.5146375,26.614746,0
75.38954,-140.77733,0
-74.40799,-144.56706,0
-110.143456,21.205828,0
2.2984724,25.896128,0
141.49504,68.50292,0
2.0887346,25.159842,0
-14.598206,-24.807087,0
56.271065,68.760735,0
42.12054,-77.24462,0
-40.033627,-107.86693,0
-136.9117,-26.598276,0
57.065056,68.76064,0
123.44958,34.151016,0
58.195484,68.53805,0
-8.764904,-69.52185,0
58.22863,47.882145,0
56.76336,-77.97134,0
-54.065304,-136.88963,0
-112.99005,14.143171,0
58.266052,47.944244,0
121.05685,38.61182,0
43.256504,59.05749,0
-4.158358,-61.738567,0
-64.772736,82.29468,0
8.589346,-135.82103,0
-106.22518,-65.60689,0
-184.97122,8.201726,0
-64.77181,81.796326,0
175.70352,14.1579075,0
-63.679417,78.86254,0
-62.54802,4.3518167,0
72.839294,69.717575,0
42.80979,-66.38095,0
-27.86339,-105.542915,0
-133.73956,-25.896162,0
72.87222,69.429214,0
112.36531,41.698402,0
75.82213,68.499176,0
-2.346891,-78.338455,0
47.21077,-29.933601,0
101.68262,-103.85358,0
-18.170155,-128.80995,0
-117.98718,-35.071934,0
47.3096,-30.392687,0
127.439896,90.02807,0
47.06601,-31.246725,0
47.01473,-34.066074,0
22.537048,112.510574,0
34.510788,-100.758156,0
-67.66592,-106.10302,0
-158.93701,-25.068155,0
22.697643,112.291824,0
146.60716,-18.513927,0
23.64942,111.56942,0
-37.153996,-63.17729,0
6.83927,173.84923,0
112.39978,-78.29076,0
136.69199,-51.689865,0
120.83078,-52.588226,0
7.2950115,175.41786,0
75.44806,139.2612,1
7.8439603,174.08932,0
7.569722,174.83588,0
-61.16398,54.84741,0
13.116315,-140.1565,0
-107.89253,-68.23754,0
-188.99855,5.9994793,0
-61.28,54.714287,0
172.12106,7.8814325,0
-65.86954,74.86704,0
-61.98736,0.21044889,0
-7.3707986,131.40636,0
37.966858,-125.31619,0
-69.75261,-82.04727,0
-164.14728,-5.266552,0
-7.187316,131.27855,0
156.1028,-9.200077,0
-3.877409,129.57819,0
-51.586697,-42.3833,0
-4.0779915,5.7060843,0
55.177345,-130.29639,0
-108.48013,-120.502556,0
-137.7295,11.979421,0
-3.7951953,5.404058,0
125.01361,-2.28402,0
-1.8497415,2.3262827,0
-7.103545,-18.366753,0
24.838045,125.65629,0
28.185211,-98.73742,0
-72.535324,-102.823006,0
-162.25958,-24.50024,0
24.394712,126.06951,0
157.03099,-12.557266,0
20.521315,126.473785,0
-43.326653,-66.78829,0
85.744995,-40.688652,0
111.90772,-84.37553,0
19.2085,158.56868,0
-84.35211,-30.603107,0
85.870575,-40.413242,0
115.20765,99.13528,0
86.03131,-40.17428,0
86.40271,-39.602352,0
54.820827,69.278465,0
43.79288,-77.849045,0
-41.190224,-108.59331,0
-131.40695,-11.762346,0
54.941936,69.42309,0
125.237976,43.99789,0
58.861588,70.65479,0
-10.134942,-68.95337,0
43.66361,121.525894,0
33.170277,-77.37381,0
-38.09911,-97.99431,0
-141.27914,-15.839364,0
43.50365,121.497314,0
157.12688,25.391188,0
65.54316,90.07285,0
-15.01395,-77.251305,0
49.217987,73.187874,0
45.646103,-80.45308,0
-41.611088,-104.42993,0
-133.71236,-10.476259,0
49.081924,72.73741,0
121.55982,42.028366,0
47.14274,69.92756,0
-11.769366,-67.7432,0
86.513756,-15.91856,0
2.4386666,-118.25935,0
119.54676,-58.80294,0
91.76068,-27.484608,0
90.090645,-23.857206,0
179.59076,58.53645,0
90.49893,-24.511705,0
89.28657,-22.71945,0
17.632189,38.155163,0
57.09328,-118.59781,0
-65.93763,-135.89195,0
-120.94038,3.2141628,0
16.72187,38.04359,0
142.59665,59.708714,0
14.463837,38.305107,0
-18.638433,-38.58423,0
-44.961056,92.41286,0
20.99109,-127.71082,0
-84.810295,-68.18969,0
-171.94418,15.936059,0
-45.671345,92.41954,0
163.40932,-3.5438316,0
-46.298565,92.33539,0
-38.43312,-9.154102,0
8.078247,-1.3320214,0
70.1081,-114.60946,0
-105.74288,-115.54835,0
-129.87877,8.7526455,0
7.7150526,-0.506032,0
128.7924,59.621456,0
5.869034,0.9699069,0
0.23850812,-16.820578,0
32.074303,119.55831,0
34.810383,-94.2961,0
-64.837715,-103.58554,0
-153.62961,-26.21874,0
32.451862,119.67954,0
145.94524,27.074352,0
34.456547,116.595085,0
-35.610325,-66.26235,0
-77.77656,121.231445,0
16.225357,-116.38655,0
106.66608,-43.780087,0
-85.70372,125.8823,0
-78.42075,121.40513,0
103.714386,114.43098,1
-78.80313,121.343445,0
-80.026825,120.28497,0
24.101723,98.39288,0
45.011543,-99.98372,0
-60.866714,-111.60486,0
-149.46892,-32.610306,0
23.717434,98.91746,0
142.4643,36.58221,0
26.935957,104.848915,0
-33.166145,-58.74985,0
-0.098497346,4.7082815,0
56.67597,-128.22421,0
-107.72711,-118.88449,0
-138.90797,13.986757,0
0.016646618,4.382196,0
132.26773,58.85726,0
1.3443844,2.9683323,0
-4.1787715,-18.408848,0
-78.45718,122.99147,0
15.326258,-115.02642,0
107.14985,-43.507843,0
-84.93916,126.49326,0
-79.58503,123.292725,0
102.84355,114.97375,1
-79.894,123.596245,0
-80.15815,122.38797,0
83.94241,98.520355,0
29.484545,-68.214874,0
-33.103786,-92.23437,0
-144.05954,-17.734032,0
81.98352,98.43302,0
170.79192,26.905825,0
77.74354,100.862915,0
-12.907943,-85.88668,0
68.98389,19.846212,0
63.6273,-85.73931,0
-36.820786,-128.7458,0
-98.293785,-21.036396,0
68.53156,19.343557,0
109.20342,59.649094,0
66.92211,18.808798,0
5.21929,-54.483036,0
-8.976566,112.812996,0
39.055252,-117.41455,0
-70.093506,-91.20527,0
-171.06268,-31.016346,0
-9.105627,113.19706,0
143.32307,-1.403896,0
-9.77776,115.38586,0
-44.846954,-48.667294,0
51.21582,61.707798,0
47.345627,-75.1309,0
-36.341213,-109.23573,0
-126.886215,-13.7697935,0
51.567593,61.274902,0
117.20909,45.772385,0
59.45436,60.541008,0
-4.244773,-66.72808,0
2.746482,55.26698,0
44.62974,-56.21235,0
-94.26071,-138.77718,0
-142.52046,22.278568,0
3.3106117,55.337944,0
106.67567,30.439335,0
-5.229615,48.37537,0
-31.168219,-32.954376,0
23.31695,46.624683,0
54.920925,-107.614365,0
-78.85257,-122.771835,0
-122.49994,8.330349,0
22.870258,47.172382,0
134.45824,50.129932,0
20.858522,49.002644,0
-26.790377,-43.073906,0
-37.68691,64.175285,0
25.559511,-156.3021,0
-94.13315,-82.39584,0
-170.11748,5.2844973,0
-38.137356,64.55641,0
155.13036,7.087699,0
-38.85052,64.90293,0
-60.83429,-17.9035,0
32.9489,26.87232,0
62.18846,-108.53703,0
-59.05937,-131.68109,0
-103.34496,10.503391,0
32.871017,27.265383,0
135.40213,60.361855,0
32.85959,28.351637,0
-13.260213,-44.457695,0
-15.699164,95.74001,0
33.956272,-117.103905,0
-77.93147,-92.44033,0
-173.62415,-16.479061,0
-15.873856,96.496826,0
147.05057,-2.550771,0
-16.185139,97.41605,0
-59.639137,-48.16669,0
75.87367,94.601555,0
31.524426,-71.22562,0
-34.23498,-95.51452,0
-142.25354,-16.769104,0
75.23082,94.52928,0
155.9354,33.960648,0
73.82909,94.75164,0
-11.142943,-83.03139,0
55.11754,91.60266,0
33.019817,-80.270805,0
-41.87906,-98.251366,0
-136.96048,-28.434908,0
55.385746,91.50576,0
144.45274,22.26671,0
57.618744,90.42499,0
-19.826822,-73.770744,0
68.36232,34.771126,0
60.51199,-95.905525,0
-49.937008,-121.672714,0
-111.39986,-10.573901,0
68.16789,34.77944,0
113.32212,63.7716,0
57.25537,37.212624,0
-6.5039086,-52.922947,0
21.889677,84.35738,0
45.170273,-105.106674,0
-66.76202,-118.50214,0
-157.70947,-36.029198,0
20.757935,85.49865,0
146.19193,48.616486,0
22.24991,87.857864,0
-27.19547,-53.02291,0
-4.759405,35.203693,0
26.454685,-161.41887,0
-91.07215,-86.97491,0
-117.53107,25.961538,0
-5.1402693,35.18568,0
152.9731,14.975375,0
-35.508076,62.06395,0
-65.72215,-19.359198,0
-39.452915,18.392109,0
46.095097,-150.83856,0
-113.92206,-99.862045,0
-135.1259,18.44552,0
-39.95697,20.14836,0
120.037575,21.041523,0
-41.630962,22.804678,0
-63.13224,-32.68925,0
0.7926591,52.339474,0
45.936943,-57.59768,0
-91.8473,-139.34631,0
-145.57613,21.71065,0
0.41417968,52.06978,0
108.054016,32.139828,0
-2.445492,48.704765,0
-30.481901,-30.239847,0
26.956423,112.86116,0
46.1004,-96.023796,0
-58.33955,-109.707054,0
-146.21616,-29.682053,0
26.56706,112.59673,0
145.32346,28.731041,0
26.50504,111.411835,0
-31.69777,-62.046585,0
-109.21383,94.65795,0
-10.955788,-168.57027,0
-142.47049,-71.39862,0
-174.5847,34.791622,0
-110.00383,94.20891,0
190.47891,-2.4196467,0
-111.41155,93.234344,0
-119.07324,58.136654,0
14.675376,117.629845,0
25.019873,-92.50324,0
-58.70119,-92.03445,0
-166.34296,-28.759216,0
15.314485,117.90964,0
153.45438,-13.933309,0
15.791915,118.2816,0
-34.02341,-73.5071,0
12.800211,76.177055,0
17.007526,-98.10272,0
-56.36699,-80.38427,0
-149.01477,6.3454223,0
12.6124735,75.92454,0
140.89513,18.277548,0
11.905386,76.025826,0
-13.199176,-51.743782,0
23.784166,32.553883,0
59.524918,-114.16122,0
-63.55857,-134.40851,0
-116.1113,9.300346,0
24.152287,32.40209,0
138.7639,60.07962,0
25.506458,32.712025,0
-14.866218,-41.79556,0
37.07394,66.14737,0
44.71116,-85.15379,0
-47.54324,-105.43895,0
-133.3879,-6.787454,0
36.395283,66.236725,0
125.58009,41.814568,0
33.194176,68.82927,0
-13.954013,-64.77872,0
41.372284,23.776455,0
65.46972,-105.795586,0
-51.587395,-133.48573,0
-103.09579,8.077098,0
42.021282,23.996424,0
134.94472,54.189686,0
42.897312,24.552092,0
-7.6230764,-42.35417,0
12.965868,30.965214,0
61.643486,-120.75823,0
-69.37951,-138.87704,0
-125.701385,4.952591,0
12.309557,31.694836,0
138.9211,62.599083,0
11.680645,32.55787,0
-17.336496,-33.754375,0
-74.87274,133.30937,0
13.157549,-114.44993,0
112.31797,-40.630554,0
-83.49639,131.91695,0
-76.38433,134.25201,0
100.36325,119.84591,1
-76.77681,134.38762,0
-78.19983,134.87904,0
13.779914,20.689684,0
73.4046,-134.70596,0
-69.3237,-146.30943,0
-110.66827,17.791727,0
13.406962,20.392435,0
125.13433,56.778965,0
10.154485,22.354902,0
-10.999874,-32.11907,0
9.447268,-11.333991,0
93.40298,-97.29475,0
-22.16553,-139.20338,0
-105.98073,22.618979,0
8.822049,-11.863353,0
137.97969,77.97541,0
8.3740015,-12.3679285,0
7.2835283,-14.037381,0
-66.208046,95.355675,0
0.040098466,-129.71898,0
-91.03727,-62.55147,0
-178.4528,20.465261,0
-66.33308,95.40366,0
172.20656,-7.991219,0
-66.78488,97.669075,0
-41.075787,-0.6543327,0
61.20519,112.0723,0
21.49455,-88.56513,0
-54.25151,-88.76475,0
-162.02731,-17.233809,0
61.048977,112.06605,0
157.20284,21.53735,0
60.507996,113.46226,0
-33.305798,-78.2224,0
52.396492,96.6619,0
25.790829,-89.680145,0
-56.072544,-93.62935,0
-158.01904,-27.763813,0
49.74556,97.49914,0
141.98152,0.42220435,0
48.980083,97.88837,0
-31.55486,-73.545044,0
-108.93851,94.28951,0
-10.994906,-168.77705,0
-142.59003,-71.2144,0
-175.59749,35.627518,0
-109.54879,93.69151,0
187.55061,-3.307401,0
-110.74572,93.02892,0
-119.152534,57.92337,0
-2.6947966,54.540886,0
43.880627,-58.370014,0
-92.632256,-142.41054,0
-149.43736,20.659885,0
-3.130444,54.03833,0
109.08952,37.05275,0
-5.885563,51.910233,0
-34.123474,-29.90032,0
-54.537876,43.784008,0
27.982174,-141.25706,0
-107.61097,-84.91501,0
-197.35062,-6.1740265,0
-55.43145,43.883358,0
127.05328,12.677506,0
-58.0353,44.65741,0
-52.636612,-9.759463,0
42.450153,40.614246,0
49.600975,-103.06072,0
-63.00275,-121.87903,0
-114.65517,10.765385,0
25.555035,83.75565,0
143.79832,45.143536,0
25.56972,84.20688,0
-22.435143,-53.91264,0
64.19743,30.05537,0
63.351322,-95.28456,0
-45.40985,-127.476845,0
-115.51521,-9.99979,0
63.415028,30.134233,0
118.57476,60.171387,0
56.564922,32.243084,0
-3.368413,-52.874725,0
24.721405,50.42888,0
53.28531,-107.64314,0
-78.93817,-120.12235,0
-169.13237,-25.758663,0
24.564821,50.459133,0
139.91127,42.399628,0
21.12982,50.76553,0
-27.76918,-44.282448,0
76.92367,92.66771,0
32.549393,-71.5234,0
-34.119984,-96.67846,0
-140.36847,-16.748878,0
76.91488,92.6182,0
160.4087,38.776604,0
72.13253,93.38696,0
-10.419095,-82.04942,0
66.3213,-7.1823893,0
77.36529,-79.44779,0
-48.96153,-150.18521,0
-96.868645,-15.261674,0
66.64606,-7.2032065,0
109.58377,63.167217,0
57.985733,-2.7746587,0
15.2360735,-55.417583,0
69.82015,-34.828995,0
110.36918,-95.71956,0
64.93032,-40.80846,0
-86.25972,-31.587667,0
69.841125,-34.899963,0
118.2544,99.12007,0
69.37196,-34.896786,0
68.87078,-38.502056,0
80.59842,20.241415,0
65.22416,-80.14263,0
-33.38739,-123.438934,0
-110.89209,-20.689137,0
80.14664,20.430357,0
109.94849,54.173725,0
68.03877,13.192895,0
5.2675347,-60.533348,0
-51.331173,155.61122,0
99.60945,-97.64396,0
127.74414,-36.820354,0
113.904526,-33.262054,0
-51.264065,157.48814,0
95.678345,128.09476,1
-51.47345,159.44363,0
-51.31264,158.44278,0
45.994556,-7.2081027,0
80.45353,-101.13556,0
-37.608368,-142.63655,0
-89.20855,-8.662907,0
47.43177,-7.209939,0
111.99272,76.59936,0
49.731464,-7.0833344,0
11.63916,-43.244026,0
74.42281,-32.14864,0
104.80784,-92.94524,0
75.60837,-32.095646,0
-87.563156,-24.311651,0
74.40134,-32.006866,0
109.58852,85.14306,0
74.41395,-32.061733,0
74.63713,-32.033497,0
-36.442688,73.816666,0
22.445269,-155.24281,0
-91.66102,-83.358505,0
-168.38068,3.6937766,0
-36.536335,73.47812,0
152.32286,9.1607485,0
-35.923176,69.57841,0
-63.33298,-18.17432,0
8.967644,71.11305,0
14.001428,-101.95384,0
-59.57226,-76.62579,0
-150.91756,1.3897647,0
8.95924,70.822365,0
171.32376,37.104233,0
7.964802,69.821686,0
-24.417658,-11.861764,0
31.792925,-20.23959,0
83.44367,-117.13791,0
-28.847437,-146.66594,0
-96.69451,7.1769395,0
32.102875,-19.956923,0
131.61224,71.210075,0
27.003275,-13.903519,0
9.95635,-30.253344,0
32.67556,97.99432,0
48.45509,-97.6684,0
-57.766727,-113.31144,0
-144.70026,-35.860146,0
32.250305,98.39889,0
142.20445,33.598026,0
29.651329,97.86118,0
-29.477783,-60.00045,0
-48.187817,19.543013,0
44.459282,-154.67801,0
-116.26837,-96.39399,0
-191.85385,-13.040315,0
-48.40442,19.89262,0
119.59886,17.619963,0
-47.548546,23.39597,0
-66.157455,-31.120409,0
8.2456455,-1.6029533,0
70.71257,-114.65958,0
-105.06845,-115.73877,0
-99.50386,6.114466,0
7.2567143,0.08145456,0
127.94111,60.769524,0
6.5188518,1.5527549,0
0.6415378,-17.83889,0
-7.472354,87.274055,0
27.189144,-106.540016,0
-79.45877,-112.40511,0
-170.23067,-23.292896,0
-7.0812683,87.2263,0
141.62163,-5.7705727,0
-5.255785,87.72538,0
-48.907818,-57.98151,0
-84.24546,67.07656,0
2.2869375,-149.84839,0
-98.53544,-59.347736,0
-192.14209,19.942854,0
-83.5937,67.65481,0
165.0874,17.811909,0
-81.96409,68.81258,0
-77.222,0.018458106,0
-29.724699,110.57124,0
6.578138,-115.458435,0
-66.730095,-71.16181,0
-154.0819,-2.9722676,0
-29.798197,110.911674,0
180.06026,23.212376,0
-29.686409,112.27529,0
-27.583855,-5.571757,0
2.438932,14.562179,0
75.66765,-135.82013,0
-73.71731,-143.17264,0
-111.84424,18.149479,0
2.9231584,14.601678,0
136.8131,74.56953,0
-0.5900894,21.446388,0
-11.82345,-29.009104,0
-52.71933,44.000546,0
22.612902,-143.24629,0
-107.24041,-80.023315,0
-194.87268,-3.0328748,0
-55.32014,50.978134,0
130.01024,10.211289,0
-57.216515,50.731995,0
-57.05392,-8.027391,0
-33.370426,61.419346,0
29.165821,-152.79207,0
-94.5417,-85.86514,0
-173.62903,0.21737888,0
-33.625137,61.842167,0
136.86273,13.240586,0
-34.640858,63.005802,0
-57.959145,-17.114502,0
26.336132,92.11557,0
36.471935,-96.11612,0
-64.68357,-115.85356,0
-157.2542,-32.491486,0
26.521395,92.197,0
144.89389,44.34075,0
29.675327,91.64615,0
-27.229479,-55.95768,0
-39.38208,29.418018,0
39.574455,-143.5138,0
-107.72096,-95.378975,0
-122.96545,19.801102,0
-39.149162,28.96985,0
121.95135,26.005754,0
-39.99641,34.339962,0
-44.973125,-18.1879,0
36.168278,83.03269,0
37.152004,-90.84446,0
-59.75588,-117.91748,0
-138.56586,-32.315926,0
36.818523,83.84901,0
143.32523,38.250553,0
37.182236,84.964096,0
-21.62491,-59.32996,0
-17.10784,94.704796,0
34.313713,-118.737595,0
-79.39058,-92.22341,0
-174.99036,-15.986687,0
-17.91457,94.065895,0
147.45793,-9.181123,0
-18.496403,92.41233,0
-61.164135,-48.53955,0
-11.2222,-5.1785417,0
58.906258,-134.43962,0
-113.68459,-119.07945,0
-144.88689,9.569689,0
-8.153918,-2.8174207,0
128.74057,-5.5995283,0
-7.4270387,-2.694991,0
-8.964245,-12.695582,0
-35.384327,38.2653,0
35.37109,-147.54773,0
-102.47121,-92.19622,0
-121.10624,16.214268,0
-36.10546,38.664177,0
128.45091,17.139816,0
-37.642197,39.426765,0
-50.268738,-19.493454,0
47.885605,101.85542,0
27.114159,-82.744385,0
-51.827484,-94.88008,0
-153.40073,-21.442944,0
48.62034,103.06913,0
146.07977,28.022028,0
50.72592,104.12122,0
-27.101917,-74.47648,0
-58.439556,114.315384,0
7.384232,-111.3879,0
-75.94985,-58.389507,0
115.262634,-25.701456,0
-54.070282,115.18529,0
181.27423,44.66834,0
-60.418873,114.765594,0
-61.707745,114.02375,0
83.16865,-17.975962,0
0.34115994,-115.81898,0
-76.71142,-51.334965,0
119.52093,-55.565933,0
82.29393,-10.815787,0
179.69933,54.53177,0
82.30165,-23.618904,0
81.42754,-21.923006,0
75.68387,94.488434,0
31.603268,-72.13403,0
-34.8752,-95.92743,0
-141.35861,-17.639845,0
74.68829,94.5726,0
159.4554,36.23257,0
73.5058,94.57986,0
-11.642961,-82.48306,0
62.67602,-53.131767,0
97.818634,-84.905365,0
55.311512,-49.539158,0
-84.265305,-17.540854,0
61.85656,-52.902122,0
114.563095,88.13628,0
60.64481,-52.457035,0
58.23093,-50.989067,0
-45.762146,98.950935,0
18.901793,-123.972275,0
-83.982544,-69.14654,0
-157.22783,19.853064,0
-45.39629,98.86011,0
174.30396,39.530544,0
-44.27485,98.2863,0
-37.992435,-13.194191,0
89.08757,-48.17375,0
99.60982,-67.93553,0
98.10835,-50.79136,0
-83.224304,-33.213123,0
90.461266,-48.568165,0
114.82063,102.13541,0
91.72581,-48.757126,0
94.66955,-49.383106,0
69.806015,54.90108,0
49.856026,-73.80046,0
-35.77252,-112.97469,0
-124.65986,-25.83057,0
69.82124,55.66634,0
115.420456,40.741837,0
66.74191,59.886814,0
-2.0598874,-74.0199,0
-7.4130197,128.66887,0
40.133904,-125.17898,0
-67.861435,-82.660545,0
-164.21591,-1.8820088,0
-7.04722,128.76991,0
157.36443,-5.379945,0
-2.9098191,127.783966,0
-49.609306,-41.992554,0
-58.369442,37.09277,0
28.454737,-139.91872,0
-110.66039,-85.85235,0
-198.19704,-8.311786,0
-58.78123,37.350742,0
126.491905,11.634017,0
-58.72624,42.075428,0
-50.239056,-9.551972,0
33.795322,-29.773493,0
96.94443,-106.835754,0
-22.43206,-132.14653,0
-100.946434,18.052431,0
33.744827,-29.974762,0
127.90855,85.79117,0
33.469078,-30.063547,0
32.46021,-30.49015,0
-49.175423,20.33401,0
45.09381,-154.64671,0
-116.72273,-97.14335,0
-188.21152,-10.528679,0
-48.89765,20.529928,0
117.15063,16.096302,0
-46.876904,23.52844,0
-65.70282,-30.884798,0
63.974636,-12.298691,0
81.356415,-78.43399,0
-43.489662,-150.86572,0
-90.99926,-14.276803,0
62.650105,-11.752305,0
109.919014,77.04456,0
56.22581,-8.411136,0
19.932089,-53.33495,0
89.29154,-17.477507,0
12.003122,-137.95824,0
-79.414024,-50.348526,0
122.37435,-57.426872,0
85.52431,-10.35207,0
177.3459,56.71694,0
90.4362,-19.573645,0
89.510414,-19.213152,0
62.38694,-53.294575,0
97.82164,-84.84934,0
55.322163,-49.652184,0
-84.69007,-17.78539,0
61.620636,-52.98526,0
114.34131,87.83822,0
60.511208,-52.592186,0
58.186073,-51.18054,0
35.997543,-19.775448,0
81.96258,-116.777306,0
-30.706411,-145.65703,0
-91.205376,1.8248128,0
35.667385,-19.76718,0
127.71756,69.93457,0
31.083952,-9.509874,0
8.60365,-31.715998,0
18.85361,39.489246,0
55.054317,-117.132965,0
-58.711235,-151.77568,0
-119.61095,2.7113295,0
18.78617,39.653683,0
134.26389,44.067333,0
13.080514,38.70757,0
-17.77639,-39.74455,0
79.521034,17.884224,0
66.53741,-81.251945,0
-32.829678,-125.10716,0
-103.97565,-21.894855,0
79.08009,17.854483,0
107.06524,74.984406,0
68.69291,12.221684,0
6.3994145,-59.78534,0
28.93823,75.519226,0
5.261104,-103.18622,0
-23.087957,-110.49451,0
-128.39282,-15.068566,0
28.324495,75.45641,0
170.62257,33.56079,0
27.475302,75.85066,0
3.5323308,-78.30071,0
-29.741636,10.892543,0
44.156933,-135.42314,0
-103.842224,-104.85825,0
-137.4777,5.5563955,0
-29.622892,11.110838,0
128.65114,36.039566,0
-23.392427,15.128777,0
-4.2035933,-21.48987,0
71.9438,27.217138,0
58.178303,-79.8605,0
-40.20079,-117.19976,0
-119.97529,-8.162076,0
71.56431,27.298838,0
111.37289,57.200615,0
43.893333,60.38706,0
-4.0101776,-64.44684,0
15.252094,33.57122,0
59.138435,-120.21308,0
-66.96625,-138.57693,0
-123.219574,3.9877775,0
15.023308,33.684338,0
142.98051,62.60116,0
13.516102,34.50217,0
-16.616827,-36.100426,0
66.25749,32.025276,0
62.35811,-94.19987,0
-52.68868,-118.87102,0
-110.90821,-10.030362,0
66.48556,31.479223,0
135.78394,53.167328,0
58.189564,32.669167,0
-3.6451585,-54.64737,0
23.601522,101.6518,0
45.267807,-99.025986,0
-61.593952,-110.539474,0
-151.33807,-36.99203,0
23.824064,101.83018,0
139.65135,49.023064,0
24.847363,104.99599,0
-32.904186,-59.65269,0
-79.59916,43.642525,0
14.693175,-166.59137,0
-116.347755,-72.40339,0
-197.4717,5.0358324,0
-79.47346,44.192387,0
123.5378,3.3040583,0
-78.831085,44.726646,0
-54.56466,3.3223438,0
25.081894,0.9082584,0
72.046974,-120.925415,0
-96.377205,-115.08987,0
-124.61571,11.940024,0
25.18323,1.5651996,0
126.22974,63.277046,0
17.418974,-1.4339817,0
0.49809563,-28.515575,0
-39.25481,17.684984,0
47.22971,-150.88792,0
-114.052315,-101.038025,0
-135.0427,16.64329,0
-39.380573,17.193888,0
121.825554,21.10228,0
-40.45712,22.228088,0
-63.007072,-33.5741,0
-130.14859,89.97466,0
-18.413456,-176.22884,0
-150.25195,-68.83352,0
-169.88051,43.048763,0
-130.46349,88.47282,0
194.03427,-10.051082,0
-129.81667,86.63971,0
-124.21797,50.0899,0
-7.3604193,88.20586,0
27.622036,-105.964294,0
-78.8826,-111.49109,0
-168.87627,-22.56294,0
-6.7901807,88.35951,0
145.74016,-7.438105,0
-4.6350627,89.34331,0
-47.514664,-59.273834,0
-7.604805,84.90165,0
25.836916,-107.52113,0
-80.3822,-113.49511,0
-172.93745,-23.73844,0
-7.2469378,85.022995,0
151.99649,7.573886,0
-4.60984,86.1316,0
-50.149162,-57.579636,0
-70.51449,43.91206,0
22.584696,-138.87962,0
-112.23653,-78.89644,0
-197.80463,1.1182871,0
-69.566696,44.86481,0
120.601135,12.980398,0
-69.016205,45.92828,0
-52.846222,-2.7206624,0
37.230675,39.290703,0
49.410633,-106.22318,0
-67.637115,-123.32889,0
-155.42426,-41.255325,0
37.21042,40.20284,0
143.383,48.91258,0
36.97763,41.445583,0
-24.520218,-49.57849,0
17.587269,37.42817,0
57.70581,-118.5051,0
-66.081696,-136.35388,0
-121.782364,3.106138,0
17.192595,37.175518,0
143.15822,60.4646,0
14.040051,37.32341,0
-18.379578,-38.120438,0
82.064354,95.75743,0
30.300707,-68.25895,0
-32.455,-93.31567,0
-144.55019,-18.248926,0
82.00623,96.64098,0
162.10161,35.571064,0
78.23904,99.8155,0
-11.58201,-85.57667,0
-53.615868,41.20358,0
28.848108,-142.1266,0
-107.8572,-85.657455,0
-195.61293,-5.8171988,0
-53.902363,41.25171,0
128.4938,15.312368,0
-56.759453,43.166515,0
-51.855648,-9.787863,0
33.97572,57.10859,0
28.170727,-86.20122,0
-51.523655,-99.98715,0
-137.68828,-4.8057237,0
33.74363,57.40808,0
154.34236,20.88895,0
33.350056,57.75059,0
-19.098202,-63.770695,0
-113.69785,75.87924,0
-8.459704,-174.52234,0
-140.63367,-65.105804,0
-166.27847,33.57557,0
-113.70109,75.86187,0
193.34293,2.4574885,0
-109.21324,82.74975,0
-114.07177,54.77518,0
72.88905,21.025429,0
65.15355,-85.25527,0
-36.655384,-127.50837,0
-101.44704,-17.154953,0
72.62183,20.392498,0
110.212135,74.675674,0
65.49787,17.58538,0
4.776358,-55.237675,0
16.589064,8.3796015,0
75.62998,-72.44315,0
-48.787895,-157.59306,0
-97.36692,-12.061343,0
17.162407,8.677119,0
102.011375,63.270077,0
18.237328,8.947348,0
19.255657,-58.963005,0
4.572293,72.41298,0
14.52883,-103.64866,0
-60.886715,-76.14003,0
-152.39352,1.1597412,0
4.3685617,71.622345,0
166.4547,44.37104,0
4.3558884,70.02904,0
-25.921694,-12.588289,0
-112.29637,79.111206,0
-8.497153,-175.61322,0
-141.71326,-63.698864,0
-167.88707,32.95008,0
-111.63773,79.62647,0
191.46,4.90939,0
-110.718956,81.33064,0
-113.812874,53.469486,0
88.240005,-15.298348,0
1.3260162,-118.21709,0
121.132195,-59.25367,0
93.2542,-25.536325,0
93.007225,-22.69171,0
178.36284,59.60689,0
93.37519,-23.192026,0
92.43056,-21.877144,0
-61.083447,99.51692,0
2.1566446,-127.05864,0
-87.95049,-61.698544,0
-177.84094,17.265377,0
-60.89825,99.47166,0
173.61832,21.561049,0
-60.778233,98.906364,0
-38.511013,-2.5644927,0
2.8314507,-6.464365,0
61.40192,-129.73521,0
-110.58238,-115.973564,0
-140.56606,8.314784,0
2.7324817,-6.476025,0
127.82209,-11.714792,0
-2.370754,-3.3312042,0
-3.6792476,-13.309673,0
47.14442,65.12218,0
45.10229,-78.91986,0
-44.12332,-108.91782,0
-130.81102,-8.609438,0
46.669643,64.92399,0
118.409874,36.72435,0
44.989185,62.771065,0
-10.939569,-64.56344,0
-57.706192,118.85355,0
7.807879,-132.1519,0
-77.70906,-60.319637,0
112.4239,-26.205261,0
-53.79338,118.613495,0
181.39325,41.32181,0
-59.6931,119.301094,0
-61.29496,120.56843,0
4.7136874,88.68934,0
32.20134,-107.67638,0
-75.05907,-114.11797,0
-173.25319,-29.302923,0
4.4681654,88.57739,0
142.5749,-8.620728,0
3.3863392,87.73014,0
-44.182037,-55.447777,0
-8.737506,61.1795,0
39.447884,-59.17631,0
-100.180084,-139.08203,0
-153.64557,18.663998,0
-13.167625,53.272633,0
110.00375,27.345375,0
-12.967855,53.918156,0
-37.55993,-29.082405,0
13.693236,13.127027,0
73.61144,-132.74348,0
-67.79096,-148.1438,0
-106.29466,16.163673,0
13.594874,13.684332,0
99.738014,71.08784,0
8.871428,16.507048,0
-7.447584,-32.02983,0
-0.8474584,30.384123,0
71.83015,-141.0448,0
-77.00984,-145.72505,0
-115.83969,21.781471,0
-0.8136282,29.993412,0
142.54814,65.704926,0
0.047699098,24.019987,0
-17.741407,-26.976606,0
73.496414,12.967899,0
68.24566,-82.41668,0
-33.41874,-131.36678,0
-95.7222,-18.692995,0
73.31485,12.755395,0
108.72265,54.539036,0
65.846,12.081953,0
6.800899,-57.981964,0
-60.53572,130.08777,0
61.12371,-73.269226,0
-44.97028,-115.96579,0
107.83441,-31.325563,0
39.056553,59.868534,0
175.85912,46.04346,0
-58.69476,128.71837,0
-60.122807,131.38583,0
12.596039,56.051582,0
55.205246,-89.325775,0
-89.156975,-128.87976,0
-139.33353,21.78827,0
12.693277,55.861572,0
111.34523,26.447884,0
-6.992239,46.092884,0
-28.382256,-34.121597,0
70.026405,97.34874,0
31.877684,-74.344,0
-37.161167,-95.598305,0
-138.51003,-16.831621,0
69.910576,96.43486,0
160.72482,32.78757,0
69.870316,94.66587,0
-14.01854,-80.83133,0
-42.119175,18.939825,0
46.803463,-151.664,0
-114.61822,-99.720474,0
-130.39354,26.352148,0
-42.112816,19.392021,0
117.83229,19.050552,0
-42.36659,22.814428,0
-63.863148,-32.983196,0
18.409172,60.870865,0
54.242535,-83.35277,0
-83.08462,-131.15047,0
-127.27484,-11.443871,0
19.480412,60.80639,0
123.921585,40.45866,0
21.020258,59.7867,0
-29.151255,-36.15656,0
17.12405,35.119152,0
58.872356,-118.74019,0
-66.70994,-137.2965,0
-121.76425,5.007656,0
16.694077,35.121193,0
144.15707,61.78872,0
13.415434,36.28576,0
-17.658699,-37.186607,0
14.154854,70.941246,0
13.84186,-98.27864,0
-56.447006,-77.1604,0
-147.73114,3.9829702,0
13.727717,70.3378,0
112.98163,46.830185,0
13.3635435,69.44402,0
-13.578118,-54.687126,0
52.40044,87.44551,0
34.503227,-83.68488,0
-44.745167,-98.78049,0
-139.66008,-27.667896,0
52.633007,87.299706,0
137.3247,30.704084,0
52.841114,86.777145,0
-21.80701,-70.13543,0
40.885258,35.19629,0
62.867092,-101.791985,0
-49.28298,-131.1553,0
-108.15447,5.674395,0
40.918766,35.005096,0
142.18324,52.12017,0
46.5623,26.563042,0
-3.7833567,-44.661423,0
-15.482874,82.82466,0
11.9098625,-109.6011,0
-58.175476,-68.14957,0
-149.80568,11.473321,0
-15.636376,82.91959,0
168.34439,25.107897,0
-16.0981,83.12632,0
-20.041851,-7.6687536,0
-54.3252,48.91032,0
24.278307,-143.80191,0
-106.360886,-81.5258,0
-191.35025,-2.3590584,0
-55.194527,48.665554,0
169.04816,6.4449744,0
-57.725227,48.856735,0
-55.912292,-6.6455765,0
-79.40992,34.13094,0
15.0047455,-171.45332,0
-120.50618,-72.9041,0
-202.11739,5.0053015,0
-81.16146,34.523438,0
120.613914,8.238305,0
-84.5759,35.031647,0
-50.35033,5.021117,0
-9.339946,164.59158,0
105.25746,-80.403885,0
134.43965,-37.609882,0
130.0374,-61.142776,0
-9.553744,154.13109,0
85.26898,132.98611,1
-12.908351,166.99046,0
-11.833867,166.24893,0
28.884068,-22.687973,0
82.57993,-119.13299,0
-102.05505,-115.41747,0
-98.91331,9.875037,0
28.917992,-22.767263,0
131.7769,66.93072,0
23.844435,-15.693965,0
8.828346,-28.14995,0
71.44879,-9.027317,0
77.30774,-75.81545,0
-47.178555,-146.98128,0
-99.116745,-15.324994,0
71.37381,-9.029498,0
104.29853,65.63335,0
63.8122,0.6388055,0
17.169676,-58.010155,0
-12.875534,44.05041,0
58.865063,-147.55994,0
-100.41345,-134.50833,0
-143.62668,25.681583,0
-13.448458,44.078316,0
107.49278,14.828754,0
-15.037592,46.986084,0
-35.60401,-25.216698,0
1.6575885,67.97717,0
15.252573,-106.90817,0
-103.85117,-141.7227,0
-149.63498,-0.4260146,0
1.7658887,67.96553,0
168.61063,43.163036,0
2.7517333,67.18324,0
-28.389008,-15.854287,0
-12.815917,45.53624,0
58.709064,-147.1634,0
-100.28078,-135.23657,0
-150.63675,25.892363,0
-13.224094,45.900036,0
185.99263,31.117361,0
-14.291887,47.108433,0
-36.212852,-25.533552,0
61.120766,-31.829815,0
106.97584,-99.67474,0
59.417515,-37.808315,0
-90.35787,-28.69238,0
61.00217,-32.117603,0
123.13177,93.737946,0
60.5221,-32.52135,0
59.684196,-33.790077,0
89.540825,-51.43269,0
99.09049,-68.906944,0
97.17926,-52.04101,0
-84.43828,-34.394695,0
90.03594,-51.592793,0
115.21635,101.8819,0
90.69589,-51.35583,0
92.54375,-51.700787,0
-74.94069,41.21815,0
17.559978,-168.6138,0
-116.75275,-74.85732,0
-190.24704,-6.2397957,0
-75.49473,41.034107,0
120.099846,8.998039,0
-76.38023,40.460346,0
-51.760727,1.1527423,0
-1.5161331,28.28881,0
72.89421,-141.46439,0
-76.288284,-144.71445,0
-112.32139,21.717173,0
-1.601205,27.076632,0
140.59436,65.19093,0
-1.3836274,24.627731,0
-17.156326,-25.96434,0
15.8239765,-6.469351,0
73.77348,-122.16575,0
-98.02926,-116.24195,0
-127.74674,15.022406,0
15.710563,-6.4408193,0
117.06836,31.83707,0
17.783653,-3.8597806,0
2.1383271,-26.496096,0
-31.95203,16.653233,0
44.721478,-139.10013,0
-107.55889,-103.7483,0
-134.27841,7.8515906,0
-31.377129,16.41211,0
122.42255,24.041473,0
-30.215746,17.531672,0
-49.663914,-28.431913,0
45.13794,111.314804,0
21.762415,-82.89967,0
-49.202488,-89.725525,0
-145.37231,-8.502574,0
48.741074,113.087654,0
155.9642,23.374002,0
50.57943,111.643745,0
-26.369776,-80.77521,0
89.47076,-47.748577,0
99.57097,-67.57707,0
98.24581,-50.642883,0
-82.954155,-33.347282,0
90.08367,-47.95147,0
114.45817,101.37584,0
91.72764,-48.372868,0
94.67514,-49.019577,0
53.937603,62.38147,0
51.1595,-79.0435,0
-40.650593,-112.09065,0
-117.471855,-15.20341,0
54.27871,62.346825,0
121.24145,50.952126,0
58.35773,61.489204,0
-2.612828,-56.421955,0
-8.677243,165.35555,0
105.7233,-80.43598,0
134.74048,-37.756817,0
130.32571,-62.086708,0
-8.830637,154.08894,0
85.117485,133.39496,1
-11.717858,167.8332,0
-10.7855425,166.71262,0
84.56421,-40.091877,0
112.5949,-84.42521,0
19.164175,157.61249,0
-85.01757,-30.186384,0
84.67323,-39.846485,0
115.688576,98.94263,0
84.81496,-39.484978,0
85.12186,-38.85594,0
-42.762726,156.91293,0
109.20054,-96.31006,0
130.82184,-33.338924,0
115.96253,-31.66505,0
-42.952488,157.90193,0
88.12578,128.14442,1
-43.23908,158.54068,0
-42.911278,158.07608,0
20.656635,-13.49045,0
87.08599,-119.34217,0
-89.47456,-110.62287,0
-129.26003,18.937239,0
20.91169,-13.908982,0
132.27902,74.15018,0
20.892616,-14.294174,0
12.085402,-25.853724,0
-53.75305,37.672123,0
30.101255,-143.53595,0
-104.74544,-84.63464,0
-195.9833,-8.969148,0
-53.894066,37.476505,0
129.84056,14.052017,0
-54.20198,35.94988,0
-54.458366,-11.028068,0
26.074104,28.37337,0
59.730644,-117.60997,0
-63.562504,-138.18353,0
-122.70977,2.0221152,0
27.210072,28.114735,0
144.21756,59.742367,0
27.62253,27.949434,0
-15.774753,-38.28765,0
59.416676,9.830182,0
71.15246,-83.429016,0
-36.54597,-130.41103,0
-112.14002,-19.609373,0
76.38295,30.269968,0
111.92571,58.036934,0
62.55678,10.078612,0
12.228194,-51.86829,0
-44.447433,68.11415,0
18.491362,-154.82452,0
-92.239494,-79.91559,0
-178.85257,1.6113957,0
-44.316723,68.33028,0
158.1637,13.026228,0
-43.91907,69.26431,0
-67.42405,-12.931105,0
22.738798,13.061969,0
55.936646,-117.07183,0
-59.125786,-150.90851,0
-110.60784,4.3411036,0
23.29387,12.980704,0
137.66168,63.087513,0
24.341812,12.98738,0
-17.020992,-39.650837,0
13.924728,154.76688,0
119.40679,-79.77895,0
139.82349,-53.460453,0
4.3390336,166.68039,0
6.2553315,165.03285,0
79.92091,139.05373,1
4.905723,166.25053,0
7.00974,164.72404,0
44.609585,51.254475,0
67.52487,-73.67022,0
-51.800755,-139.57892,0
-125.98183,-8.154065,0
44.65241,51.749367,0
117.05537,46.539783,0
43.428623,55.42982,0
11.335327,-64.53209,0
21.406408,109.6893,0
35.95107,-99.55491,0
-65.897354,-106.94095,0
-150.94931,-32.064816,0
22.394627,109.54926,0
146.52795,30.066313,0
23.262138,109.50201,0
-36.36246,-62.120686,0
38.74613,72.18206,0
41.815666,-83.64592,0
-44.70786,-103.24128,0
-135.56694,-8.206836,0
37.8838,72.22958,0
155.7002,42.539352,0
36.30471,72.82916,0
-14.22695,-66.80112,0
58.80756,-15.28101,0
84.25173,-77.99834,0
-41.288723,-151.80008,0
-89.4362,-12.79568,0
57.73053,-13.669439,0
112.083984,78.74481,0
55.57718,-12.260831,0
23.201765,-52.281635,0
2.7227094,49.57647,0
46.675907,-55.928066,0
-92.03558,-138.62672,0
-148.22589,19.858734,0
2.1055982,49.42556,0
109.304886,33.71685,0
-1.5246243,47.161842,0
-29.537987,-28.615513,0
15.053792,155.6757,0
108.91356,-82.13779,0
136.96759,-52.714718,0
12.194507,168.08011,0
10.537973,167.34203,0
79.15813,140.55125,1
12.166928,167.57765,0
10.383271,167.1726,0
-4.468984,5.4435377,0
55.75446,-130.4814,0
-109.07054,-120.172905,0
-139.64659,11.73739,0
-3.59982,5.2509766,0
126.09979,-2.4012616,0
-2.231885,1.4931425,0
-6.4887,-17.385836,0
-22.799955,9.906667,0
46.5678,-134.2011,0
-102.922356,-108.34506,0
-135.07271,4.3454037,0
-22.789808,10.472514,0
126.83164,34.79001,0
-22.11444,13.261498,0
-4.725118,-24.59079,0
60.945488,63.052647,0
50.331997,-76.61217,0
-38.29917,-112.34164,0
-126.51296,-16.60012,0
61.05625,62.955513,0
119.018745,42.602806,0
62.862415,61.055893,0
-5.664566,-67.297165,0
11.9867325,52.278584,0
53.471004,-89.15419,0
-88.09711,-127.542145,0
-148.24846,24.062443,0
11.7561035,52.037807,0
108.63556,27.196754,0
11.563233,51.156677,0
-30.579407,-34.584835,0
-62.150936,93.37949,0
2.3283582,-130.59683,0
-90.278076,-64.9175,0
-170.16714,11.940192,0
-61.703033,93.4006,0
155.35632,10.891816,0
-60.33529,94.33928,0
-42.01606,-3.4034035,0
14.728067,-5.941851,0
72.08581,-122.89243,0
-97.06032,-112.600945,0
-126.96522,14.546323,0
14.849387,-5.668268,0
125.51631,22.556227,0
16.668217,-2.8718596,0
1.864286,-25.093319,0
18.263727,91.96683,0
43.44919,-104.33134,0
-67.73392,-117.12106,0
-155.2922,-37.85482,0
18.668268,91.63241,0
141.45381,-17.49944,0
21.009493,90.9239,0
-29.861954,-53.714283,0
24.53845,149.93906,0
105.104095,-66.26624,0
136.75002,-70.13841,0
45.17907,159.30305,0
39.723267,145.56113,0
68.542305,141.72739,1
44.849876,161.4089,0
38.38723,144.2133,0
38.876328,63.378773,0
38.2962,-83.9052,0
-49.037014,-100.7738,0
-129.5547,-6.3800173,0
39.15273,63.59512,0
128.98344,44.603462,0
40.141052,64.37501,0
-23.22921,-74.810265,0
-14.727362,44.396088,0
60.116276,-149.43692,0
-101.812004,-135.70258,0
-153.15614,25.076586,0
-15.220523,44.322063,0
108.63791,14.831769,0
-16.583353,47.130512,0
-37.466145,-25.226032,0
-17.510086,102.584206,0
31.359133,-118.028145,0
-77.07729,-90.11222,0
-171.84776,-12.063421,0
-17.867205,101.89239,0
147.68158,-5.603913,0
-19.313118,99.740875,0
-59.90416,-45.47048,0
49.734966,114.72822,0
21.746475,-83.636696,0
-50.03928,-89.77629,0
-155.27069,-16.757761,0
49.91296,114.28361,0
158.82579,18.213276,0
51.193447,111.396805,0
-26.219126,-81.18038,0
73.093956,30.971287,0
65.33679,-95.78853,0
-48.830723,-125.57849,0
-108.90147,-10.644259,0
72.75668,31.281036,0
113.17364,62.514038,0
56.64962,33.595352,0
-3.7197893,-51.10311,0
46.70416,79.214134,0
22.126057,-78.1187,0
-45.22905,-89.12319,0
-141.51608,-8.723199,0
47.1978,79.805565,0
168.82045,36.067207,0
48.217712,80.75712,0
-13.37636,-74.335175,0
23.659449,-3.055552,0
74.803925,-119.6678,0
-95.88746,-118.74714,0
-97.543076,5.2618604,0
22.380075,-3.3756304,0
127.76509,64.69528,0
21.256504,-3.7891805,0
2.397745,-30.072027,0
-44.524902,32.591133,0
37.544567,-141.96028,0
-104.66464,-94.56839,0
-120.330345,25.424812,0
-44.63645,33.196438,0
120.727905,29.665627,0
-40.115494,36.569294,0
-46.404068,-17.227459,0
-1.6705644,57.951073,0
42.7796,-54.459236,0
-94.78786,-141.96872,0
-154.58038,19.341482,0
-2.1826305,58.244537,0
109.26777,28.613565,0
-8.352236,53.580677,0
-34.079727,-32.026745,0
-38.16781,18.327784,0
47.119446,-151.13141,0
-114.414246,-100.795975,0
-134.80571,20.113674,0
-39.93427,20.810537,0
118.91632,18.72055,0
-40.787373,22.58913,0
-63.180397,-33.67143,0
-13.22432,39.261208,0
60.949936,-146.10524,0
-98.59205,-132.90506,0
-144.56721,29.2388,0
-12.435358,38.68319,0
110.55593,21.867218,0
-11.235549,37.868534,0
-32.501816,-23.991428,0
-8.761019,88.33867,0
26.804808,-105.682396,0
-79.88086,-111.22515,0
-170.90158,-21.363564,0
-8.641473,88.46547,0
148.79659,-14.163411,0
-4.2876563,88.32133,0
-48.54001,-59.302116,0
-63.304184,83.44224,0
7.7534647,-135.38287,0
-105.04883,-65.060295,0
-183.8739,8.245881,0
-63.307472,83.119156,0
176.93541,16.849709,0
-62.723778,79.47347,0
-62.859993,5.2957816,0
-79.30418,75.0695,0
4.3933396,-144.91225,0
-102.422844,-59.41151,0
-189.582,16.945505,0
-79.27255,75.428444,0
174.79253,-9.895874,0
-79.748146,76.648384,0
-70.638855,1.5602846,0
-140.05573,79.1064,0
-21.71907,-171.2717,0
-150.02377,-74.40685,0
-166.41364,47.806618,0
-140.21376,78.127075,0
197.82999,-10.889491,0
-138.40836,79.48397,0
-129.63629,54.262657,0
-117.03077,81.69098,0
-10.864659,-174.98766,0
-143.80176,-65.23563,0
-170.58641,35.949898,0
-116.92568,82.5717,0
192.42015,1.0337869,0
-115.128586,83.92349,0
-116.504906,52.79087,0
-94.09253,50.225742,0
6.451367,-166.38289,0
-116.714554,-63.758293,0
-195.7156,12.301323,0
-93.44777,50.77515,0
176.76357,5.114254,0
-91.234436,50.838875,0
-58.996304,10.124926,0
41.414463,13.319204,0
72.559685,-103.23023,0
-42.934456,-137.91939,0
-106.000786,8.421556,0
41.80149,13.336072,0
118.63223,72.58489,0
43.425808,14.467602,0
3.2457392,-41.92496,0
-59.437717,151.97356,0
100.19553,-91.8205,0
124.35785,-40.18392,0
107.4266,-35.7688,0
-60.790348,154.18956,0
94.71679,124.87015,1
-62.322094,157.50627,0
-61.595047,156.20985,0
64.811646,105.68821,0
25.521822,-74.38463,0
-40.159763,-90.02275,0
-146.10847,-16.209349,0
65.25084,105.82827,0
163.21175,29.963552,0
66.53141,107.07373,0
-18.169329,-85.19041,0
11.094832,113.74506,0
46.622707,-112.15348,0
-59.964836,-104.46768,0
-165.7001,-8.580122,0
11.32362,113.57159,0
149.79456,1.332519,0
11.900651,113.42706,0
-33.097103,-65.669235,0
21.852337,26.723087,0
63.73559,-114.01052,0
-61.084713,-142.1326,0
-89.08943,8.267155,0
21.865828,26.805996,0
122.94283,61.527245,0
33.500107,23.656422,0
-9.655934,-39.39653,0
-41.275146,73.74188,0
21.611523,-150.28134,0
-93.725655,-75.18821,0
-177.79771,7.8119154,0
-41.560978,73.658585,0
169.35248,26.016962,0
-51.321285,80.26379,0
-61.947773,-12.066655,0
-16.479982,14.568565,0
43.516735,-132.8639,0
-100.900826,-105.74361,0
-137.85036,3.7592485,0
-17.117115,14.525566,0
129.67947,18.212421,0
-18.602224,14.213287,0
-1.1669874,-22.309265,0
59.956856,26.577084,0
65.43476,-97.82246,0
-45.27242,-128.74673,0
-108.43408,-11.467329,0
60.25136,26.636465,0
117.01525,60.733547,0
46.30264,24.327738,0
-2.0669746,-48.393494,0
22.405567,-22.576792,0
85.268875,-122.19694,0
-92.38261,-108.080246,0
-131.54662,14.273409,0
22.263159,-22.158741,0
131.64395,69.456825,0
21.03083,-18.728771,0
9.089007,-24.315523,0
6.9571905,64.31427,0
16.04161,-101.900375,0
-59.756298,-78.55995,0
-151.18674,4.479885,0
7.1198444,65.0446,0
164.87225,45.365402,0
6.465084,67.11415,0
-24.567327,-14.353958,0
-7.371849,127.81091,0
40.841873,-125.16329,0
-67.102486,-82.71131,0
-162.9709,-0.39580932,0
-7.02916,127.745674,0
156.50264,-3.3949096,0
-1.8794681,127.70949,0
-48.76718,-41.829643,0
-64.05766,149.50038,0
100.21154,-84.447365,0
123.16596,-40.14074,0
105.89059,-37.360813,0
-65.60807,149.85231,0
93.5314,122.61232,1
-66.06858,153.61124,0
-66.1592,151.90617,0
50.51078,19.731585,0
67.77203,-102.024124,0
-44.76444,-133.50465,0
-101.63505,-4.184261,0
50.32557,20.19629,0
116.90161,69.66462,0
47.05749,21.101696,0
0.33690715,-43.656796,0
-91.341156,74.00122,0
1.5451847,-146.07816,0
-98.92785,-56.299675,0
-188.62506,14.7648325,0
-91.24799,73.99004,0
172.06729,2.121912,0
-80.1911,82.20201,0
-72.56112,3.151213,0
45.22453,109.7544,0
23.590153,-82.805984,0
-48.471584,-90.03066,0
-144.42921,-6.203037,0
46.02427,109.55457,0
150.85605,19.121458,0
48.952946,109.33728,0
-25.811886,-79.36071,0
-45.989132,97.04703,0
20.120182,-123.19906,0
-81.33664,-68.43926,0
-144.94621,-2.200868,0
-45.841263,96.71557,0
165.96288,29.849043,0
-45.17638,95.0429,0
-36.79014,-11.315096,0
-71.58461,85.10187,0
4.458743,-139.2239,0
-106.47453,-61.548702,0
-183.32123,16.876411,0
-71.85136,84.83769,0
181.37675,10.118576,0
-73.01358,85.03934,0
-66.26498,6.5237513,0
-69.55721,78.35673,0
10.982528,-138.15712,0
-108.50877,-65.67353,0
-190.84514,7.987413,0
-68.74027,77.14768,0
175.75679,10.362373,0
-68.37598,76.355,0
-63.94978,2.483061,0
52.020584,94.83079,0
33.043056,-85.08292,0
-55.952587,-96.34252,0
-156.15657,-28.497536,0
51.690735,95.24637,0
140.5569,23.765287,0
49.277496,92.88163,0
-28.9849,-71.5969,0
-78.06441,124.498436,0
12.883141,-113.6758,0
107.562164,-43.316074,0
-84.74662,126.82871,0
-79.330025,124.755196,0
102.53333,116.122894,1
-79.50118,124.85601,0
-80.12564,125.22885,0
-35.842,39.62067,0
35.624416,-146.4542,0
-102.998276,-92.74678,0
-122.58156,17.829906,0
-36.255054,39.646618,0
133.9949,20.662207,0
-38.336113,39.95871,0
-49.905293,-20.463818,0
58.861267,-14.784772,0
84.539566,-78.3595,0
-41.109802,-152.49007,0
-89.79443,-13.422522,0
58.448215,-13.711033,0
112.184006,79.15076,0
55.94254,-11.819496,0
23.68326,-52.946613,0
35.65701,97.854706,0
49.82873,-97.45685,0
-55.944607,-115.64821,0
-118.991005,-4.612923,0
35.638058,98.11539,0
142.75581,34.219242,0
27.759699,104.761795,0
-26.876081,-60.556103,0
-19.98756,10.646212,0
46.012146,-133.35126,0
-100.43443,-108.061615,0
-137.00346,5.1192846,0
-20.100588,11.377028,0
125.97534,29.539503,0
-19.911854,12.857107,0
-2.3920767,-24.792799,0
46.159206,2.3305821,0
75.869995,-102.37025,0
-37.589245,-138.65671,0
-94.11748,-4.794104,0
46.00445,2.7352805,0
115.553635,71.889,0
46.350773,6.1686125,0
6.973763,-42.23681,0
-13.608178,68.60968,0
38.26941,-52.438076,0
-97.340454,-145.60399,0
-159.47876,12.18084,0
-13.758658,68.367134,0
144.37166,11.809858,0
-15.773703,59.64169,0
-39.852158,-33.016487,0
-36.468372,22.9475,0
44.141865,-148.37897,0
-111.79477,-98.07656,0
-128.15112,26.349926,0
-36.47424,23.367891,0
119.29845,22.854486,0
-37.799545,25.13887,0
-62.174473,-30.27033,0
-36.424473,59.935146,0
25.679333,-159.42322,0
-91.08284,-85.03639,0
-175.10576,1.4726499,0
-36.721203,59.81903,0
153.97183,13.653057,0
-39.560295,59.61058,0
-65.17265,-17.949118,0
-45.12598,48.22527,0
32.162403,-151.39891,0
-97.1495,-90.22569,0
-183.91837,0.42822328,0
-44.775658,48.203655,0
133.99077,18.03622,0
-43.037083,48.067287,0
-54.748802,-19.954893,0
82.96035,96.20609,0
30.224762,-68.86128,0
-33.157146,-93.81209,0
-142.20761,-19.131674,0
82.58877,96.53379,0
164.79254,32.57014,0
76.981186,98.83375,0
-12.425009,-84.92617,0
52.288662,63.56302,0
42.654675,-81.24805,0
-43.414158,-106.46992,0
-131.47643,-7.5793467,0
52.198044,63.687294,0
126.44135,39.439663,0
41.077137,65.61387,0
-13.941447,-69.371376,0
73.08328,-2.8506148,0
74.793945,-77.58675,0
-51.27215,-146.17253,0
-105.02044,-14.331092,0
73.19164,-2.4851882,0
111.408295,67.93046,0
65.21134,2.7345998,0
15.006285,-57.5244,0
-55.452305,73.428894,0
15.815431,-149.01888,0
-96.00587,-72.70125,0
-181.36421,10.320393,0
-55.334953,72.69784,0
171.16496,18.689926,0
-55.436657,71.67856,0
-65.472565,-7.804522,0
79.86357,25.036654,0
63.027905,-79.93483,0
-34.838985,-121.670845,0
-113.99938,-17.82712,0
79.44724,24.182526,0
106.23264,56.034725,0
81.088356,26.521435,0
3.5628464,-61.49868,0
-47.96345,27.290663,0
41.882107,-153.59344,0
-113.836716,-95.20381,0
-186.66536,-12.951309,0
-47.90732,27.167366,0
129.86023,0.43489185,0
-47.432194,27.042246,0
-63.863064,-28.482044,0
14.216174,73.930824,0
14.756227,-98.15027,0
-55.572594,-78.65746,0
-146.67294,2.939443,0
13.973516,73.80401,0
115.08128,39.17701,0
13.998005,75.2795,0
-12.546226,-53.473236,0
60.870758,80.98981,0
34.746986,-81.797966,0
-34.695778,-104.00494,0
-132.4107,-16.088896,0
60.53167,81.4061,0
142.05165,24.918333,0
60.98832,81.89229,0
-8.175985,-74.53478,0
-12.446667,18.8149,0
12.354409,-123.86839,0
-92.131096,-104.49132,0
-146.28998,6.0707335,0
-12.340293,18.997686,0
131.29802,28.269207,0
-11.676567,19.870808,0
5.7565427,-21.85838,0
61.386536,91.93622,0
34.06723,-75.66655,0
-39.75095,-97.023895,0
-141.44402,-15.013613,0
61.54453,91.89732,0
160.55725,40.7982,0
64.434845,91.99312,0
-17.147924,-75.82676,0
8.343301,131.01228,0
26.717592,-67.56467,0
-30.005232,-92.208786,0
-150.34462,-13.663385,0
8.305363,130.92497,0
167.65756,37.16891,0
76.34874,102.446144,0
-9.6420765,-87.35292,0
70.363495,55.285805,0
49.657753,-73.399536,0
-35.350574,-112.95073,0
-122.64834,-26.613377,0
70.26948,55.718323,0
114.70312,40.194866,0
70.115234,56.94003,0
-2.0295138,-74.833275,0
56.98972,82.45364,0
35.464172,-81.42216,0
-42.581516,-100.256584,0
-138.71727,-5.184311,0
56.98277,82.89422,0
149.25412,33.666374,0
55.72237,87.42012,0
-19.816614,-71.98952,0
80.56793,79.6303,0
35.67186,-68.373245,0
-30.49167,-98.226875,0
-135.43571,-22.5731,0
80.52951,79.96452,0
157.85243,34.981853,0
71.40611,87.70052,0
-7.6980863,-82.41928,0
75.87724,-46.158035,0
115.263054,-93.709404,0
72.59616,-54.406315,0
-87.66229,-35.212536,0
75.277466,-46.610825,0
118.8759,103.03554,0
75.1063,-47.190178,0
73.77567,-48.336372,0
26.46445,-25.07678,0
83.80632,-120.40623,0
-90.28626,-109.26524,0
-129.11746,10.878522,0
26.449139,-25.257837,0
127.44486,71.043365,0
22.134699,-15.847395,0
10.603943,-26.531084,0
-17.69851,20.97197,0
82.11868,-125.420784,0
-89.178665,-105.22766,0
-130.76207,10.529358,0
-17.64403,21.33132,0
134.10442,26.58941,0
-17.707937,21.902876,0
-18.19876,-13.2373495,0
30.080935,-20.518446,0
83.812996,-117.89988,0
-28.434237,-146.73186,0
-95.97006,7.953244,0
29.796566,-20.394794,0
132.48244,67.716736,0
26.402454,-14.34958,0
10.370009,-29.153515,0
-51.888565,61.041573,0
14.684323,-153.40233,0
-98.131096,-75.449104,0
-179.14865,-2.6614568,0
-52.21411,61.10605,0
161.72958,5.2948866,0
-54.64139,65.88658,0
-70.01141,-9.434185,0
-63.48399,55.8053,0
18.13514,-144.2914,0
-105.3673,-76.375336,0
-187.87656,-4.4394417,0
-63.136173,55.70036,0
170.05663,5.572962,0
-62.61167,56.328594,0
-60.93039,-4.392162,0
-89.21673,85.248825,0
-2.5409708,-143.91544,0
-98.98097,-53.130135,0
-186.93802,24.043758,0
-88.961975,85.34057,0
170.95563,1.8931344,0
-83.06127,85.36198,0
-73.85602,7.278016,0
41.59202,70.05574,0
43.83869,-82.54454,0
-44.802948,-105.32485,0
-134.20744,-7.53257,0
42.704624,69.35956,0
125.87054,39.202415,0
43.963184,68.6999,0
-16.634104,-68.42081,0
32.93456,-20.689281,0
85.22576,-117.00997,0
-28.106422,-148.23238,0
-93.378845,9.197343,0
32.87024,-20.67133,0
132.78444,73.547714,0
26.314758,-13.192067,0
12.522533,-28.90285,0
37.955597,105.82179,0
48.18018,-92.58167,0
-54.426517,-110.566864,0
-133.18729,-30.554405,0
37.69581,105.88079,0
154.19478,40.569195,0
35.942184,106.0434,0
-28.030912,-65.27435,0
81.92304,-17.13612,0
2.6197183,-115.381,0
-77.20901,-52.200436,0
118.94867,-54.277885,0
82.067795,-11.8281355,0
178.73491,53.986954,0
80.44405,-24.095533,0
79.951744,-21.996866,0
23.02476,49.306736,0
54.088146,-107.90167,0
-79.37333,-121.57048,0
-176.38611,-27.556627,0
22.583689,49.84379,0
133.86435,50.743374,0
21.220592,49.84866,0
-27.461603,-43.01143,0
27.691708,73.055275,0
6.30696,-102.11885,0
-23.852331,-109.213295,0
-141.63219,0.6635818,0
27.3599,74.02787,0
131.57195,24.155277,0
26.922218,74.51328,0
-31.988071,-42.291878,0
46.952892,-5.6247625,0
78.54885,-100.488045,0
-37.724052,-141.7468,0
-92.57957,-7.5333533,0
47.692116,-5.6468415,0
109.52445,69.16452,0
49.80672,-5.67866,0
9.502899,-43.498238,0
-34.444736,37.205288,0
34.176132,-146.856,0
-103.0439,-90.43485,0
-122.38719,25.98307,0
-34.815033,36.997707,0
130.05865,15.567452,0
-39.49982,38.724083,0
-50.631046,-18.724281,0
-28.311787,43.039963,0
35.079567,-152.10103,0
-95.28289,-93.73094,0
-111.613716,27.207083,0
-28.781992,43.50551,0
125.961334,20.313643,0
-29.160831,44.59818,0
-54.0817,-23.180073,0
-90.997185,40.379265,0
11.202335,-170.48262,0
-119.86457,-68.49112,0
-197.17276,11.016818,0
-90.4842,40.41453,0
119.66155,7.8921366,0
-87.88122,38.863335,0
-51.14852,6.7726192,0
2.4413583,53.85279,0
45.172085,-56.702682,0
-93.47045,-139.18332,0
-143.12712,21.304108,0
2.4364748,53.73817,0
107.867714,30.99753,0
-4.249487,48.161022,0
-30.837013,-31.606352,0
-65.019646,69.486496,0
10.93929,-146.43497,0
-98.467705,-67.844,0
-183.68109,16.030376,0
-64.34676,70.17313,0
180.51537,14.961207,0
-63.60535,71.45526,0
-66.75882,-1.3983953,0
41.320316,93.74107,0
39.467274,-99.20281,0
-64.520164,-111.212975,0
-145.8837,-39.666016,0
41.387016,93.87289,0
137.05779,-7.9444113,0
41.22493,94.33882,0
-25.294312,-65.998,0
24.30241,71.26628,0
8.030269,-101.12519,0
-23.521025,-107.09464,0
-129.2624,-25.002493,0
24.818293,72.06708,0
122.36356,32.153732,0
24.997622,73.804276,0
3.4839334,-80.305855,0
-44.94118,77.01797,0
20.192654,-153.68901,0
-89.96794,-75.88875,0
-178.71312,3.833409,0
-45.385906,77.0188,0
158.54408,5.5538282,0
-48.345356,78.200676,0
-65.010284,-13.4805155,0
22.551773,122.551674,0
29.105986,-100.38606,0
-73.29526,-104.27301,0
-162.64702,-25.708876,0
18.603426,122.81871,0
156.99042,-14.649987,0
19.324818,123.49974,0
-43.849327,-64.79063,0
-137.18352,85.26206,0
-20.854008,-173.97961,0
-147.56766,-72.4911,0
-168.96736,45.34929,0
-136.98674,85.15388,0
194.0439,-5.4295573,0
-133.88399,84.58142,0
-127.75649,51.884655,0
71.03354,1.8389648,0
72.01424,-73.88051,0
-52.517105,-143.55469,0
-103.98842,-24.31598,0
70.61368,1.7357084,0
101.29291,59.060272,0
67.40621,3.4977083,0
14.559886,-60.952385,0
-44.88361,68.47327,0
18.210749,-154.69197,0
-92.5614,-79.68228,0
-174.8928,9.091031,0
-44.70553,68.746086,0
159.61784,8.193082,0
-44.42583,69.47741,0
-67.56311,-12.436427,0
74.542274,17.157152,0
66.73756,-83.75907,0
-33.982887,-127.87375,0
-98.437645,-18.586351,0
73.62113,17.472937,0
108.88046,75.943634,0
68.38215,15.810443,0
6.709853,-55.8208,0
-6.456577,118.35133,0
38.778,-120.1156,0
-69.73106,-87.841095,0
-168.03644,-3.6821544,0
-7.0363154,118.097824,0
150.5826,-10.434955,0
-7.937383,118.06529,0
-47.396168,-47.742775,0
27.399107,1.8601935,0
49.256786,-132.17438,0
-101.44707,-111.1196,0
-120.03621,10.62225,0
26.850473,2.2310421,0
122.1947,62.091774,0
25.883875,2.3816686,0
-3.973889,-28.336094,0
-8.402452,165.15192,0
106.63204,-79.94746,0
135.50679,-37.676624,0
130.21497,-61.82831,0
-8.165674,153.84775,0
84.38884,133.70003,1
-12.112666,168.47386,0
-11.131855,167.48543,0
-72.6426,75.91529,0
48.63863,-155.9399,0
-119.23693,-99.53465,0
-190.44452,5.0184107,0
-72.19711,75.404495,0
117.37993,17.479553,0
-71.59811,74.944885,0
-64.93115,1.0124425,0
37.419617,30.738817,0
59.870598,-108.11998,0
-57.414936,-128.75948,0
-104.32711,12.407903,0
37.46354,31.091885,0
135.93454,48.712822,0
42.07977,27.109888,0
-31.292189,-47.687782,0
-15.567238,106.06538,0
29.43576,-116.32639,0
-74.52262,-89.06712,0
-167.65837,-13.190297,0
-15.867208,106.58296,0
154.1347,-1.9609698,0
-21.539211,102.04909,0
-57.05875,-43.900105,0
16.775232,84.66694,0
45.93588,-106.49607,0
-68.69365,-119.625885,0
-157.75314,-37.434464,0
17.614908,84.97008,0
143.99257,49.660744,0
19.296425,86.68041,0
-27.50132,-50.89211,0
-13.99864,27.294357,0
38.12619,-138.18332,0
-100.602806,-98.906586,0
-148.09358,8.452004,0
-14.181475,27.58655,0
127.36944,19.88495,0
-14.259365,28.61105,0
-41.398373,3.925363,0
75.177,38.31206,0
54.27147,-95.019394,0
-51.26958,-118.25145,0
-114.54924,-9.571398,0
75.18821,38.326572,0
137.50723,35.560932,0
55.362003,39.582977,0
-8.877759,-54.57368,0
