tsne-2d-one,tsne-2d-two,cluster_label
4.5739045,-42.313583,0
-33.452633,8.179384,0
29.077728,-14.671587,0
47.463356,-120.36348,0
-140.24933,2.4644048,0
159.9855,3.9927516,0
-36.06502,104.830666,0
-32.3009,76.36638,0
21.855234,-55.800888,0
-50.46992,15.301829,0
44.2607,-28.261541,0
41.7601,-129.21698,0
-142.04347,6.2092757,0
165.13602,6.9275637,0
-69.60965,111.16543,0
-73.61327,115.32075,0
1.1529974,-84.6367,0
-85.13985,7.394349,0
37.232388,-78.29264,0
12.283965,-146.00894,0
-154.49821,-28.757452,0
129.77989,-20.124947,0
-25.411938,163.01979,0
-26.144884,164.18901,0
-10.697142,-27.93457,0
-12.166851,5.9766,0
4.6321425,-3.0464256,0
71.42388,-121.44747,0
-123.05555,-13.337034,0
136.74512,9.406816,0
-6.788954,93.84831,0
-7.557266,94.25243,0
-5.0890784,-28.807419,0
-18.544773,1.3887314,0
12.216788,-5.1074486,0
65.1019,-115.01076,0
-133.36804,-10.996777,0
133.73184,1.9436982,0
-22.985775,101.0873,0
-27.474977,96.25332,0
-12.594363,-55.028038,0
-34.475346,36.514328,0
-13.77634,-50.88693,0
65.33371,-139.96011,0
-113.85802,-0.41111782,0
143.78516,26.675434,0
-15.9390745,114.35707,0
-15.6657295,113.25592,0
1.08668,-88.555405,0
-91.57118,15.81937,0
42.10735,-86.156494,0
16.65755,-159.07317,0
-163.17104,-33.19677,0
127.6735,-29.902662,0
-18.306347,166.30971,0
-17.739786,165.82678,0
-24.696285,-27.274626,0
-5.993316,23.468891,0
-28.544264,-17.323675,0
76.72283,-114.310425,0
-112.18954,-18.752565,0
132.1376,24.283394,0
10.018704,79.76096,0
11.130689,79.12695,0
5.9568276,-41.298172,0
-31.91917,10.441894,0
24.918543,-12.40831,0
54.014008,-122.84683,0
-128.36159,5.0396357,0
149.17279,6.2719975,0
-42.754032,98.74126,0
-37.12555,91.9381,0
18.612293,-51.102947,0
-47.6696,10.190341,0
42.05009,-29.750051,0
39.48179,-126.18701,0
-147.60419,8.772752,0
157.48825,4.3133965,0
-66.16331,114.791466,0
-67.05661,114.90169,0
-68.71323,-89.8909,0
-33.861572,54.78931,0
-75.3843,-97.73995,0
78.1946,-158.02753,0
-100.399284,-45.976555,0
89.10708,9.165704,0
62.25674,121.203384,0
60.908897,122.979164,0
25.0702,-73.96866,0
-65.64613,19.12279,0
50.408787,-36.689957,0
41.15265,-135.333,0
-182.01433,-12.3829,0
152.65782,-29.512543,0
-62.770374,152.99506,0
-64.08644,153.24742,0
-29.751875,-76.09631,0
-66.18623,70.10661,0
-30.547205,-74.883,0
50.198578,-165.84677,0
-171.36977,-63.64721,0
117.18029,-49.0041,0
4.990451,130.32387,0
5.510006,130.14445,0
114.76003,44.65809,0
57.93002,-12.806725,0
-126.10985,86.29307,0
127.23129,50.359226,0
-49.018894,-12.899683,0
72.0868,-52.675873,0
139.30234,59.04022,0
140.36879,56.38015,0
21.266163,-76.6161,0
-65.74506,17.033752,0
59.568817,-61.7424,0
35.9857,-145.3418,0
-145.27907,6.6028028,0
166.39664,5.732289,0
-65.75915,153.83133,0
-67.19978,152.99744,0
15.842097,-29.217945,0
-32.682423,26.935411,0
24.446999,-26.83197,0
46.785496,-102.70412,0
-129.36813,20.43729,0
166.67622,21.839314,0
-49.42644,85.68611,0
-49.15796,86.47374,0
42.461937,-6.0294504,0
-43.84749,5.1855607,0
43.89552,-9.05464,0
-86.294495,83.44755,0
-153.10101,4.6549134,0
146.90952,-65.98043,0
35.773308,59.236828,0
35.627148,59.391983,0
11.952154,-83.66171,0
-78.03818,14.423151,0
46.15739,-71.66097,0
22.39913,-146.91815,0
-170.09673,-21.648256,0
141.1774,-26.17864,0
-40.45903,154.25754,0
-39.473934,151.8912,0
3.9768608,-82.128426,0
-89.3186,5.821472,0
42.673985,-79.65922,0
9.402423,-150.50406,0
-156.82315,-26.689146,0
134.1093,-22.074999,0
-30.27776,170.44655,0
-35.17548,174.18497,0
-49.084736,-102.23238,0
-42.948826,45.91672,0
-63.321236,-114.577286,0
23.938847,-192.80177,0
-118.96414,-60.859913,0
102.42611,-8.518731,0
44.252396,147.067,0
45.24918,148.81555,0
13.595465,-41.518913,0
-41.973038,10.947398,0
34.664776,-26.886166,0
44.86658,-128.18318,0
-138.90234,4.9163065,0
153.64148,19.519588,0
-64.007164,99.1647,0
-64.248886,97.119896,0
-3.728423,-75.26834,0
-79.74277,1.1104006,0
33.17215,-69.07625,0
56.001896,-139.80336,0
-148.82092,-15.984365,0
138.52017,-8.483658,0
-26.63537,144.08698,0
-26.764675,144.90445,0
-8.951245,-87.307686,0
-88.58535,23.922678,0
34.353683,-86.00758,0
25.3821,-161.38338,0
-168.79475,-37.74733,0
131.54749,-35.750443,0
-13.300398,152.36418,0
-13.605838,153.06403,0
19.253216,-30.57401,0
-37.226387,28.236986,0
21.20055,-29.848576,0
48.933144,-134.98042,0
-126.78483,12.009242,0
138.62303,33.187057,0
-56.111835,76.07109,0
-55.201458,76.16784,0
-0.97155577,-37.654522,0
-30.550413,7.273981,0
21.178469,-12.204841,0
60.423225,-110.335594,0
-140.32166,-7.059896,0
142.42665,1.6159922,0
-31.752132,99.1751,0
-57.558434,112.228806,0
-32.146175,-69.66761,0
-63.445503,68.015686,0
-30.802485,-69.750626,0
54.184345,-164.60905,0
-168.69524,-63.30423,0
123.093796,-52.320217,0
6.9695735,128.7633,0
6.1284137,128.62503,0
88.08038,84.90016,0
27.38176,39.69505,0
-134.56778,38.950905,0
-108.16809,26.704945,0
-76.16737,-35.682606,0
107.69078,-78.34884,0
75.62313,90.371635,0
74.331924,90.18464,0
11.621954,-39.02983,0
-41.27317,-3.2748575,0
20.884893,-20.421871,0
47.595924,-109.83859,0
-135.56436,21.174112,0
173.78746,5.845067,0
-43.683643,90.04695,0
-43.69718,90.305885,0
-1.9309201,-82.344086,0
-82.68867,11.732299,0
42.775677,-73.568344,0
21.242249,-153.5377,0
-166.91602,-28.200607,0
130.57436,-26.13106,0
-31.014397,159.61905,0
-27.105343,157.75844,0
-6.3062344,-43.224823,0
-17.556007,8.506732,0
7.084179,-7.251805,0
66.31035,-122.43426,0
-131.29175,-10.655056,0
136.91632,5.7358236,0
-15.943849,97.444405,0
-15.089272,96.92633,0
-7.654337,-84.73527,0
-87.3069,27.496075,0
30.850681,-85.5509,0
37.26287,-157.33318,0
-174.36942,-38.694366,0
136.13051,-40.875587,0
-13.818891,140.93262,0
-10.990719,140.94249,0
-49.624718,-56.92904,0
-11.011669,35.51922,0
-49.228073,-47.57476,0
88.52094,-127.45222,0
-121.84947,-28.653933,0
118.06799,14.865782,0
28.27633,91.553795,0
28.500673,90.61088,0
-22.461725,-80.79076,0
-73.92889,69.96764,0
-20.896727,-76.57209,0
41.282883,-165.05623,0
-178.32245,-49.83899,0
128.09837,-46.43094,0
0.25158307,139.07822,0
0.94324785,139.91512,0
-11.817741,-98.50516,0
-71.20595,31.890757,0
-38.769783,-74.095345,0
4.9341183,-164.97414,0
-139.53925,-34.37592,0
118.3665,-20.46955,0
-4.3462234,172.59097,0
-4.6098437,172.24149,0
8.345682,-41.54,0
-30.747816,16.784517,0
9.566117,-19.21916,0
50.08219,-117.9343,0
-131.04932,7.648412,0
150.80087,7.506002,0
-42.691105,96.55209,0
-42.996044,96.65237,0
5.1295238,-83.45487,0
-87.984566,5.2898088,0
43.317013,-78.343475,0
9.9172945,-149.6518,0
-156.49384,-25.97398,0
136.1187,-19.295849,0
-29.271156,170.29237,0
-28.218843,173.2491,0
-81.359436,-113.27609,0
-2.1875474,58.283386,0
-72.85708,-122.47529,0
-13.287755,-153.22122,0
-103.64548,-68.48319,0
83.434944,-13.067248,0
62.243324,152.58656,0
64.12962,153.11848,0
-7.101835,-39.30049,0
-18.72533,12.879766,0
5.5702133,-13.086146,0
62.226986,-125.37546,0
-127.30323,-3.2035894,0
141.49419,11.32281,0
-17.177948,91.07442,0
-17.429646,90.46621,0
-7.1370807,-112.91486,0
-74.6835,42.76035,0
3.9098785,-124.50331,0
-12.171387,-170.00145,0
-147.46207,-46.833744,0
152.97931,-36.425663,0
6.8064065,185.047,0
7.6294513,185.32924,0
-63.28082,-59.487312,0
2.2472763,37.388958,0
-77.30554,-64.67554,0
97.48935,-141.28897,0
-143.37547,-73.74269,0
112.696236,24.380167,0
49.67796,92.64871,0
52.684948,91.733986,0
-22.254765,-56.836742,0
-63.099583,58.402157,0
10.70796,-3.0873744,0
51.380035,-153.31163,0
-166.6433,-46.007626,0
131.91856,-0.7776867,0
-8.338272,118.251366,0
-8.096887,116.90446,0
8.643118,-26.086113,0
-28.702412,19.996773,0
9.37118,-23.48674,0
56.314884,-103.238625,0
-122.811226,13.972418,0
153.53304,-7.2669926,0
-40.79504,74.70923,0
-40.613598,73.92167,0
7.4006605,-34.550316,0
-33.27003,6.1962986,0
25.354065,-13.517231,0
50.826824,-114.59113,0
-137.6865,8.0906105,0
158.95535,15.499998,0
-37.460392,85.00081,0
-37.4676,82.34291,0
-10.551753,-111.80411,0
-80.95404,38.362343,0
-0.4926357,-120.88678,0
-8.300804,-171.91862,0
-151.5989,-41.572346,0
145.50543,-43.996353,0
-3.5922658,189.66757,0
-3.2178848,190.02922,0
-48.848316,-76.64609,0
-16.195675,49.37492,0
-58.03539,-72.20782,0
102.162544,-117.39639,0
-115.87216,-44.034447,0
103.43253,2.9811962,0
36.954983,117.52625,0
38.07387,117.36949,0
-83.48024,-118.1996,0
3.1728952,60.264275,0
-78.49202,-127.22096,0
-12.6005535,-147.72746,0
-101.692764,-63.47589,0
82.616455,-5.267195,0
69.32534,147.33325,0
73.47072,147.49995,0
21.552542,-69.92971,0
-54.335144,18.948687,0
34.074112,-30.233337,0
22.564064,-135.985,0
-154.00044,-17.19329,0
166.89932,-0.37114716,0
-59.93545,135.39375,0
-60.309856,134.58586,0
12.233585,-65.445045,0
-61.46754,0.38397548,0
47.077274,-44.102688,0
22.046932,-124.25909,0
-163.39453,-1.5113766,0
150.20187,-12.400927,0
-42.88572,129.91058,0
-42.286278,130.06303,0
67.67593,23.569704,0
14.536137,19.020063,0
66.60104,23.846684,0
72.96851,-83.523964,0
-86.52841,-11.646445,0
173.89882,-36.768738,0
56.740734,55.311794,0
56.962605,56.16341,0
1.2890152,-84.4164,0
-84.77163,7.429655,0
38.093563,-79.7769,0
11.33675,-146.45323,0
-154.55865,-26.583109,0
131.75008,-21.379915,0
-25.299387,161.97452,0
-24.585451,162.90442,0
-3.3404703,-105.84267,0
-82.49467,32.719933,0
8.222591,-106.76707,0
-6.843826,-163.6486,0
-124.94583,-46.129406,0
158.72273,-40.504425,0
-14.025643,187.61612,0
-15.062209,186.82835,0
44.491768,-5.7908936,0
-78.6357,9.474609,0
46.217606,-6.7213635,0
-86.97201,83.355995,0
-161.61827,-17.593,0
145.96669,-67.096016,0
34.964733,56.717762,0
35.061466,57.283936,0
-6.248093,-37.145348,0
-23.097101,12.404877,0
-0.058303207,-12.358765,0
59.237392,-125.26771,0
-127.08638,-0.6840656,0
144.81088,7.773071,0
-17.654417,86.38682,0
-17.289423,85.21234,0
-24.183588,-80.28948,0
-72.62008,67.27547,0
-22.524525,-75.7964,0
42.861767,-165.82669,0
-176.16798,-52.418156,0
121.76559,-46.16764,0
3.478883,137.92445,0
3.5470107,139.00052,0
46.441135,18.639923,0
20.258055,49.084316,0
-117.122154,81.88918,0
53.47699,23.436739,0
-75.80526,-19.747826,0
132.24391,-82.15072,0
49.967167,26.611532,0
49.81784,27.186398,0
-31.146965,-47.875957,0
-30.487896,41.56618,0
-36.422665,-37.859657,0
72.23414,-146.17545,0
-112.52435,-7.2144575,0
117.8224,13.693946,0
14.793411,109.54104,0
13.139099,108.70154,0
-6.986397,-27.204678,0
-15.909206,2.0269988,0
7.177836,-2.686973,0
66.92982,-116.987526,0
-135.60997,-26.338654,0
121.66472,-0.053280894,0
-20.329834,102.58275,0
-20.482325,103.19151,0
-32.431885,-68.78864,0
-62.6455,68.03009,0
-31.051037,-68.91777,0
55.24001,-164.93854,0
-170.40242,-65.9003,0
114.62267,-52.50889,0
7.994195,128.2864,0
7.3406024,127.479805,0
-8.890159,-74.37968,0
-83.244,67.11844,0
-10.151379,-74.35457,0
35.765007,-159.68488,0
-177.54518,-41.07379,0
135.0076,-37.569416,0
-8.5779085,143.89883,0
-8.646507,143.90062,0
85.46704,31.265419,0
67.827965,-10.344955,0
86.406715,29.850374,0
80.06625,51.983418,0
-66.97964,-13.549646,0
84.854675,-44.76894,0
78.66547,39.90771,0
78.403984,39.156662,0
-0.15444495,-38.36137,0
-26.92309,9.464189,0
12.702383,-13.085113,0
61.679634,-108.79372,0
-138.0488,-7.3000517,0
124.71143,14.054363,0
-30.21478,103.690926,0
-29.151623,107.77201,0
-28.757372,-59.381516,0
-62.929607,64.79824,0
-28.528704,-67.17062,0
55.127804,-161.0928,0
-167.53914,-64.5219,0
118.749985,-55.29365,0
4.3015633,122.75297,0
2.9641986,122.788284,0
50.006927,19.691956,0
19.563292,49.71747,0
49.76765,19.262379,0
-117.64819,83.44859,0
-95.314995,-26.557713,0
131.29405,-81.92489,0
50.099987,24.344759,0
49.74583,24.627958,0
73.10862,-29.05483,0
-106.43666,-99.33734,1
73.784325,-30.738152,0
-48.253994,-159.86102,2
-126.7904,-98.81887,1
190.87303,6.577715,0
-106.69431,116.77416,3
-106.25805,117.40442,3
11.193363,-83.748856,0
-79.38919,15.50866,0
47.512596,-71.42912,0
21.963442,-148.22069,0
-170.59102,-23.273945,0
142.21486,-22.946047,0
-40.267567,157.04915,0
-41.523994,158.7778,0
-30.040623,-114.40224,0
-89.622116,42.747395,0
-34.53275,-127.4716,0
-1.0112906,-186.94353,0
-142.8574,-57.00636,0
116.333786,-28.33039,0
26.181265,180.56334,0
28.55515,179.69595,0
-23.138906,-116.92184,0
-86.792534,46.839943,0
-23.87068,-133.19708,0
-8.001855,-185.30672,0
-148.59055,-57.9374,0
112.66457,-30.55953,0
21.551779,189.199,0
21.160574,188.4921,0
11.7182045,-40.980946,0
-43.04533,-3.6027772,0
30.053984,-38.944588,0
30.921799,-114.00066,0
-161.30768,11.293376,0
174.6146,3.6655385,0
-27.559278,117.8898,0
-42.973225,92.23418,0
-26.0569,-59.08909,0
-64.324524,62.893898,0
-27.70945,-65.04572,0
53.39914,-158.64128,0
-166.75891,-60.449783,0
122.41765,-56.86342,0
0.05338908,123.31972,0
0.14907789,122.9476,0
-49.952763,-81.96334,0
-13.209467,53.181824,0
-61.62671,-76.38081,0
103.36918,-123.23491,0
-112.21537,-48.484474,0
104.07238,-0.79357725,0
37.315834,124.36251,0
39.167202,124.75335,0
125.72956,73.07524,0
68.732285,5.5814095,0
-129.39499,64.35971,0
-108.80658,70.76077,0
-50.808357,-29.560556,0
84.41418,-66.475624,0
110.15307,72.50852,0
110.20564,73.822556,0
-50.145905,-58.226276,0
-10.328031,37.267838,0
-53.16329,-47.498894,0
88.835945,-128.49168,0
-124.96353,-29.222649,0
108.96958,17.890434,0
30.474136,94.052025,0
29.700365,93.721924,0
116.98597,45.77463,0
61.245605,-11.741995,0
-121.36033,84.63728,0
130.328,51.72609,0
-51.350796,-11.912031,0
73.93275,-54.353516,0
134.65714,53.738976,0
135.63339,53.41255,0
-26.359184,-115.53225,0
-87.27073,41.7525,0
-31.333685,-129.36588,0
-3.5946393,-184.78622,0
-142.59216,-54.70066,0
110.73111,-26.42889,0
23.470188,182.6377,0
22.275957,181.60507,0
-2.4947546,-73.83933,0
-76.9997,-0.28766432,0
33.109962,-66.07695,0
65.40446,-145.3566,0
-110.366066,-2.3447847,0
139.8935,21.986553,0
-25.466248,138.69525,0
-24.414845,137.25623,0
36.529045,-0.82804203,0
-41.88894,52.162872,0
-33.271046,-82.382164,0
-88.36239,83.5927,0
-123.4634,-61.703793,0
142.15663,-65.03732,0
43.693794,60.59025,0
44.011696,60.776913,0
-9.991261,-31.525581,0
-13.286035,9.706232,0
1.0350208,-6.3934717,0
70.60019,-117.85959,0
-123.29591,-11.600072,0
138.05545,15.666257,0
-9.893352,87.476036,0
-11.742469,86.53467,0
-14.964417,-112.68725,0
-82.7945,41.86638,0
-2.4171784,-124.87861,0
-7.7958083,-177.73914,0
-153.0145,-45.4278,0
139.88216,-44.79633,0
5.151122,191.65398,0
5.324725,191.91791,0
-31.812574,-49.508057,0
-31.297289,43.145645,0
-36.386932,-41.25467,0
68.47501,-146.93216,0
-111.69749,-6.6080575,0
118.82568,-5.8576794,0
15.793814,111.61552,0
16.919851,112.25063,0
-49.020905,-97.557274,0
-45.24885,48.328915,0
-59.961693,-112.33587,0
27.334751,-191.04521,0
-119.762505,-56.769634,0
98.01297,-9.215218,0
39.34389,142.0577,0
38.475784,141.90804,0
-7.5291476,-102.73035,0
-75.82057,31.754862,0
-0.960822,-106.76483,0
-1.364663,-164.70224,0
-145.33708,-37.42234,0
153.35648,-46.06987,0
-9.8065605,176.6366,0
-10.839725,176.27902,0
102.97626,63.08098,0
57.79197,-6.0010443,0
-124.242165,69.120155,0
-118.9706,83.41593,0
-47.333195,-23.77435,0
84.868385,-58.530117,0
103.45307,64.067116,0
103.15524,64.08418,0
23.720085,-40.558514,0
-48.26435,17.729425,0
44.84076,-24.808945,0
45.92022,-120.80388,0
-145.84203,-0.43101165,0
159.8634,0.4441032,0
-73.90173,98.20766,0
-58.04301,99.03146,0
-43.885143,-96.32589,0
-49.18557,52.153748,0
-58.587196,-122.13211,0
25.86562,-185.08708,0
-124.92073,-64.424324,0
97.217064,-12.199137,0
35.155506,151.24347,0
35.334473,151.14726,0
125.964485,73.433784,0
69.1148,5.6816607,0
-129.44061,64.14918,0
-108.453964,70.34556,0
-51.269108,-29.619198,0
84.73369,-66.92567,0
110.12087,73.09597,0
110.50117,74.1103,0
-75.44086,-87.47333,0
-24.764793,57.144356,0
-79.86885,-90.20987,0
84.6113,-153.05992,0
-92.39075,-41.79964,0
89.69556,16.789444,0
61.322933,109.43955,0
61.14719,108.859764,0
-13.7394285,-104.005035,0
-71.40204,34.673904,0
5.7359905,-115.857666,0
1.2948968,-170.01921,0
-141.10179,-36.389797,0
123.42818,-13.062741,0
0.4032298,174.14629,0
1.0326489,174.53288,0
27.350386,-54.41652,0
-56.314697,13.089371,0
50.892654,-33.753246,0
39.92092,-137.04117,0
-155.88509,2.7787077,0
163.51222,-13.0344,0
-74.24951,125.056984,0
-70.46414,122.92801,0
8.395498,-50.76217,0
-48.273,21.063046,0
33.582882,-36.023357,0
36.926258,-116.98622,0
-141.28114,13.812415,0
161.2002,-3.127398,0
-48.896988,111.17041,0
-49.86892,113.192535,0
25.533098,-47.555977,0
-41.493008,20.421272,0
47.151703,-24.419436,0
48.454884,-124.28465,0
-145.40146,16.831274,0
164.6945,11.603497,0
-72.70708,98.939735,0
-63.77039,101.40716,0
10.045258,-44.094597,0
-54.729866,6.9985514,0
28.027737,-36.501293,0
30.404566,-133.31679,0
-122.4893,5.0838475,0
151.06203,-6.449335,0
-54.276253,124.45366,0
-53.63095,124.372284,0
44.515125,5.0389247,0
9.801293,45.122757,0
45.340683,2.5685198,0
-97.31043,82.40917,0
-100.83293,-24.436958,0
142.88806,-73.55657,0
41.789932,49.00564,0
42.13948,49.181164,0
42.185894,9.422608,0
6.125604,47.71286,0
40.423,5.804522,0
-100.739876,81.28094,0
-98.848045,-28.818806,0
143.10162,-77.303345,0
47.071922,47.019115,0
47.01368,47.299656,0
-0.15867768,-34.497513,0
-27.035246,6.1838627,0
16.338158,-9.596751,0
60.116276,-112.81425,0
-134.92433,-6.004642,0
159.0656,4.785175,0
-32.703697,98.39634,0
-30.895859,92.73914,0
6.748866,-90.02452,0
-92.01271,10.673689,0
47.843597,-82.616776,0
13.066406,-154.59688,0
-163.51077,-26.430397,0
136.85013,-27.80212,0
-36.578537,169.99918,0
-37.77701,167.8439,0
67.61821,33.32679,0
20.536747,21.238718,0
67.69439,33.39803,0
72.72818,50.841587,0
-79.8709,-13.655062,0
91.83807,-49.286057,0
63.80785,48.23209,0
63.621227,48.3302,0
-2.3361485,-22.993216,0
-31.645182,-4.6267514,0
-1.9864045,-20.754745,0
68.97313,-105.69834,0
-119.71661,9.286041,0
151.27547,22.352913,0
-13.673057,73.0226,0
-12.405882,72.35046,0
-1.7307701,-33.20663,0
-25.73477,5.3252735,0
16.964487,-4.8192563,0
57.662247,-118.08162,0
-131.47734,-3.1328387,0
148.98605,10.898635,0
-23.295261,89.50322,0
-23.14636,90.15662,0
9.731182,-65.54178,0
-62.981106,2.7301877,0
46.719,-52.770943,0
22.45162,-126.440994,0
-164.23143,1.1215805,0
154.64291,-10.323589,0
-38.122677,131.13316,0
-39.79795,132.62006,0
-13.683499,-118.57759,0
-80.290985,49.894386,0
-8.203889,-125.84865,0
-12.380985,-177.80742,0
-154.91512,-49.72832,0
142.68016,-46.149635,0
9.701182,197.87498,0
8.607555,198.33766,0
20.216677,-66.77799,0
-63.884888,-3.140613,0
49.54368,-47.62287,0
18.016123,-125.068695,0
-168.11894,2.1010313,0
171.1967,-1.6908802,0
-52.488678,134.42819,0
-53.764347,134.1504,0
-48.03607,-82.09218,0
-11.295298,52.63845,0
-60.156303,-78.278244,0
104.68307,-122.65617,0
-114.24901,-49.927475,0
106.118965,-1.1361717,0
35.98309,126.34316,0
36.53233,127.886055,0
126.39723,77.16033,0
70.55817,7.1284494,0
-125.19351,63.825954,0
-105.07582,65.52799,0
-52.738125,-30.03506,0
84.54434,-68.20049,0
110.39192,76.68766,0
110.62735,77.47829,0
-7.0452547,-43.39462,0
-17.049437,9.371764,0
7.1268888,-9.664051,0
66.413605,-121.88254,0
-126.345055,-6.7120175,0
139.16873,2.4431527,0
-14.220344,96.472466,0
-14.387809,95.73262,0
20.954815,-46.616848,0
-43.91408,15.0724,0
37.84705,-23.558262,0
42.0905,-123.3555,0
-146.17548,15.326886,0
155.7808,7.539925,0
-72.7762,104.3662,0
-73.42402,105.186844,0
21.311846,-44.808105,0
-43.835632,17.77761,0
39.20093,-22.009626,0
46.28327,-127.32328,0
-141.2163,1.389994,0
153.50609,7.9907036,0
-72.08494,109.78212,0
-73.50733,110.258125,0
-24.37196,-93.39847,0
-79.424286,44.74554,0
-0.5624095,-129.34196,0
25.19046,-171.95398,0
-154.42305,-38.524643,0
120.037415,-25.914606,0
7.181507,152.26706,0
5.3802114,155.70288,0
49.96502,18.5129,0
19.072006,49.715584,0
49.8367,18.161509,0
-116.66732,83.05449,0
-95.58882,-26.426481,0
131.80148,-81.317154,0
49.48926,25.348516,0
48.798107,25.558517,0
13.873816,-30.437109,0
-40.689857,19.785286,0
38.041206,-19.29866,0
48.106388,-104.017815,0
-141.12755,17.41673,0
167.2962,15.053399,0
-50.220116,87.7604,0
-50.384106,88.28234,0
11.798944,6.756995,0
15.818403,33.567047,0
12.198086,5.9815607,0
31.115484,-100.47126,0
-88.588104,-36.634678,0
97.604065,25.764572,0
20.847738,61.154854,0
20.856432,60.916477,0
-1.378959,-31.74912,0
-26.048456,4.9911523,0
26.767742,-10.197123,0
60.452103,-121.585236,0
-127.224724,-1.8808551,0
146.64545,12.358629,0
-23.078663,88.74092,0
-33.588398,92.18533,0
-24.702078,-98.45546,0
-60.75098,39.031063,0
-45.93284,-133.3622,0
8.632686,-177.62148,0
-134.56699,-49.417145,0
112.87092,-10.991532,0
15.640268,169.25131,0
18.180408,169.12746,0
-72.65377,-85.725075,0
-28.207506,58.27977,0
-80.407234,-93.33547,0
84.43195,-156.52118,0
-93.56342,-45.040833,0
91.430824,15.307045,0
57.98425,113.06418,0
59.204174,112.18056,0
94.663,52.005077,0
66.417946,-0.9528568,0
94.78611,52.398952,0
88.87516,51.31667,0
-59.594536,-18.748144,0
85.734825,-51.7196,0
91.61991,48.942028,0
91.69664,48.84051,0
-44.915,-60.59822,0
-16.197996,38.285534,0
-45.434063,-52.7709,0
91.973625,-123.98136,0
-117.090904,-33.66873,0
108.98529,13.731697,0
25.883776,99.061485,0
26.913412,99.72848,0
-23.713865,-57.27549,0
-63.778263,59.75117,0
-25.339895,-64.50716,0
52.40551,-155.30362,0
-168.39252,-47.675724,0
122.72096,-57.736736,0
-7.532093,120.187386,0
-5.07844,120.072395,0
-27.767591,-94.65515,0
-64.46213,46.934723,0
8.059216,-121.66414,0
17.692738,-176.158,0
-143.09833,-30.35765,0
126.134865,-34.910984,0
10.428262,154.05214,0
3.4444175,151.51736,0
-47.322006,-63.22745,0
-15.91132,40.831837,0
-53.30144,-65.620804,0
94.17692,-124.78879,0
-161.86555,-67.0803,0
111.155525,-41.02624,0
25.038961,101.78078,0
25.192228,102.42425,0
-25.463686,-78.15796,0
-70.08125,68.65733,0
-24.66654,-75.14378,0
46.655163,-163.1728,0
-170.0488,-55.290634,0
126.46456,-47.885788,0
1.3464425,134.0491,0
3.1302555,133.90671,0
-7.79763,-28.76703,0
-14.937773,4.0848975,0
7.5955176,-4.969773,0
68.57898,-116.935196,0
-129.73647,-10.700298,0
136.18616,8.499133,0
-24.025194,103.87576,0
-24.489649,103.6521,0
-80.12317,-117.01778,0
-0.7143184,60.43828,0
-75.00586,-127.64812,0
-11.336057,-151.29216,0
-104.55822,-67.50031,0
83.04935,-7.905697,0
66.06623,150.27931,0
66.685745,150.78598,0
95.86064,59.936634,0
61.787983,-0.51115614,0
-124.2707,75.33315,0
97.525024,59.607533,0
-56.4116,-22.515203,0
82.91238,-60.364506,0
99.29878,61.095264,0
98.73375,61.35376,0
17.861712,-72.63347,0
-66.866516,5.2677603,0
54.653767,-55.167847,0
20.162695,-131.5872,0
-178.88542,-6.3317165,0
154.3097,-21.597164,0
-44.08786,137.76282,0
-43.896248,137.13693,0
-21.941132,-32.278122,0
-3.5057502,22.330769,0
-27.207743,-18.767899,0
76.55005,-140.7134,0
-109.78586,-20.162676,0
125.87981,25.444859,0
6.618488,82.66998,0
8.644422,74.38209,0
12.173178,-85.557045,0
-79.52939,16.79896,0
49.845455,-72.68241,0
23.189772,-148.84637,0
-169.48512,-24.646242,0
141.54709,-24.68552,0
-41.358517,156.29507,0
-43.295826,157.76836,0
19.541412,-83.42597,0
-71.99983,21.559763,0
56.07271,-68.2817,0
30.751238,-151.68066,0
-182.56335,-16.734457,0
147.71275,-31.02704,0
-53.787464,160.85135,0
-53.99262,161.51321,0
25.072947,6.0900397,0
6.488589,16.341816,0
26.201303,1.4834846,0
70.398605,-92.67351,0
-96.38373,-10.724353,0
169.91539,-29.92324,0
26.932314,72.46709,0
25.63778,71.1744,0
-6.018555,-95.21473,0
-74.18536,49.867504,0
31.609865,-92.6246,0
43.56696,-152.6835,0
-160.18379,-47.6456,0
135.07616,-48.525967,0
-15.421997,145.05486,0
-15.924467,144.88638,0
44.61555,13.273608,0
13.268595,48.41173,0
-105.49544,83.27706,0
57.98081,19.071472,0
-71.50797,-22.250158,0
138.69897,-79.7103,0
47.704376,38.276764,0
46.497692,38.501583,0
16.080599,-65.92449,0
-61.62483,-5.130694,0
52.142563,-47.065804,0
18.627674,-122.17519,0
-163.05481,3.2183304,0
168.64182,-1.1327757,0
-48.706264,130.34207,0
-50.613995,132.52559,0
-12.770185,-33.98099,0
-15.96369,9.488437,0
6.498701,-8.096989,0
67.82216,-121.76667,0
-122.64809,-6.5774474,0
138.39316,12.138804,0
-12.583841,95.02916,0
-12.106311,94.73581,0
-3.081137,-29.575037,0
-21.752457,0.92068034,0
14.320275,-5.3340864,0
66.42874,-113.012566,0
-127.99498,-13.402762,0
131.00183,9.435696,0
-24.745674,99.56411,0
-26.60091,95.98943,0
-17.319502,-105.630264,0
-70.861984,35.746964,0
-42.017757,-121.205894,0
1.7777838,-171.02562,0
-141.47772,-37.373802,0
122.38979,-11.381268,0
2.115474,175.2229,0
2.6692955,175.40543,0
-42.250362,-56.954285,0
-5.8655996,32.28374,0
-50.45332,-50.82588,0
94.831665,-128.10826,0
-160.67447,-61.93957,0
113.91484,28.44951,0
17.917866,95.243416,0
18.624882,95.431305,0
-30.321161,-117.23767,0
-91.28863,41.0039,0
-32.832695,-125.57009,0
-1.4312086,-189.06949,0
-141.73132,-58.846603,0
108.316505,-24.939724,0
29.46514,181.97987,0
30.29224,182.2294,0
72.25225,-26.917768,0
-105.24625,-99.25395,1
73.47264,-33.25898,0
-49.054222,-163.5025,2
-128.92923,-100.37403,1
191.82645,4.664207,0
-106.49622,114.65512,3
-105.520096,114.64254,3
85.67524,31.151299,0
67.7733,-10.356148,0
86.503525,29.801725,0
80.192154,52.148468,0
-66.966835,-13.482677,0
85.0932,-44.809635,0
78.81982,39.543457,0
78.931404,39.049305,0
-39.709194,-83.80711,0
3.653482,21.906546,0
-42.99609,-111.68024,0
76.63339,-93.75642,0
-125.15444,-58.91851,0
106.58649,-8.551866,0
24.526339,123.0646,0
25.09046,132.25494,0
-47.1479,-57.21187,0
-13.508786,34.983093,0
-46.642742,-47.449966,0
86.42978,-125.345856,0
-119.63199,-31.334263,0
113.19027,12.04812,0
25.600016,93.06909,0
25.04628,93.336006,0
-14.742514,-44.093315,0
-21.634813,19.546898,0
-7.766239,-13.209155,0
75.395035,-133.94243,0
-129.12048,-26.714012,0
122.52037,4.069175,0
-7.357252,106.6065,0
-6.3287516,106.388245,0
115.88566,44.001938,0
59.61964,-12.239174,0
-125.36042,87.54032,0
128.08075,49.24512,0
-48.70423,-11.651261,0
71.51373,-53.528748,0
137.8307,56.66918,0
139.00699,54.737957,0
-18.240929,-80.77792,0
-76.75528,72.92255,0
-17.337317,-79.11462,0
38.142845,-166.77426,0
-181.77393,-47.889523,0
132.21272,-45.43692,0
0.830238,144.7318,0
0.43481195,145.49315,0
-9.697248,-41.808983,0
-21.874542,14.87682,0
5.536835,-10.693842,0
62.32651,-129.21625,0
-125.07296,-1.0961494,0
138.41637,5.7390842,0
-12.021974,100.10166,0
-12.50685,100.21044,0
-21.22544,-123.16914,0
-88.05817,54.034203,0
-20.880585,-127.85753,0
-15.833719,-187.08514,0
-154.24658,-56.184616,0
114.09004,-33.112843,0
24.724577,199.09717,0
25.317205,199.12598,0
5.2840095,-65.95494,0
-79.78093,31.88035,0
10.950891,-75.27647,0
-5.392355,-160.76204,0
-146.14345,-32.222,0
157.25592,-37.632763,0
-12.094955,189.30682,0
-11.46167,189.54509,0
-80.845375,-120.68512,0
1.0782012,64.67437,0
-70.721825,-129.52644,0
-6.2964764,-151.80258,0
-107.88447,-62.98284,0
89.08618,-5.8653545,0
60.948135,141.51831,0
62.034744,141.33331,0
125.6819,72.186966,0
67.08412,4.3532434,0
-128.54799,64.45585,0
-110.36341,77.90677,0
-49.91322,-29.687347,0
83.635254,-65.03957,0
110.15467,70.87775,0
110.21944,71.01293,0
42.921722,-3.2314808,0
-40.88693,7.355451,0
45.07385,-1.4600254,0
-90.937874,83.20272,0
-140.23682,3.732662,0
144.3521,-69.05319,0
37.982853,54.893414,0
37.39265,55.9098,0
69.50907,-27.381683,0
-106.28169,-96.15248,1
71.208466,-33.927193,0
-46.707733,-161.15201,2
-128.62524,-103.25859,1
196.96382,4.7162204,0
-110.66428,117.68742,3
-110.442024,117.63044,3
78.142914,66.2274,0
57.455204,-7.000572,0
-119.6142,67.749306,0
-112.5207,67.76083,0
-48.148277,-22.470755,0
92.00109,-61.63645,0
78.862526,66.27787,0
79.015015,66.21861,0
-76.606316,-113.471176,0
-4.4801497,62.061768,0
-68.82442,-123.03314,0
-10.424919,-154.81483,0
-108.090065,-69.809074,0
89.252205,-8.271615,0
60.2682,148.42801,0
58.550156,149.56203,0
-35.81225,-47.34671,0
-25.602484,44.978416,0
-39.683594,-38.54276,0
78.768036,-145.84294,0
-109.843666,-27.057762,0
97.41362,13.436844,0
22.902298,108.25925,0
54.936504,102.48679,0
-18.993643,-22.155693,0
-4.181794,16.348776,0
-23.181328,-20.356016,0
80.68355,-106.518745,0
-108.77557,-13.149024,0
124.99772,23.018587,0
2.542757,81.792816,0
3.155049,81.38782,0
-6.1311417,-40.693897,0
-23.826485,13.824406,0
6.722855,-11.530206,0
61.71288,-127.45224,0
-124.54002,0.68830967,0
147.955,2.7996418,0
-12.828559,97.22541,0
-13.935169,95.13247,0
-2.5066507,-104.691795,0
-81.65379,32.37322,0
6.6747136,-109.93756,0
-7.32169,-164.2979,0
-146.66246,-33.291092,0
158.49188,-38.812107,0
-13.061473,188.15317,0
-13.068999,188.16956,0
-71.72405,-87.45588,0
-30.80152,55.93796,0
-78.70877,-96.06337,0
81.56245,-155.80496,0
-97.017426,-44.612946,0
89.276405,12.047955,0
59.782894,116.0575,0
60.851147,115.351265,0
8.304744,-71.90513,0
-65.12503,8.967633,0
42.72077,-60.597065,0
19.64124,-138.68123,0
-154.67555,-15.66472,0
128.09055,-14.89021,0
-36.38501,139.99524,0
-6.5413713,163.96269,0
67.938484,26.032516,0
16.110199,19.729313,0
67.29937,26.159122,0
73.64026,-82.29036,0
-84.87218,-12.19101,0
174.06555,-38.17128,0
59.20218,53.18967,0
59.191776,53.24021,0
75.68975,-26.20333,0
-105.649445,-101.670494,1
76.54443,-31.484161,0
-50.761955,-163.6998,2
-123.99496,-101.66992,1
190.58247,9.8356695,0
-103.021484,116.40534,3
-102.14074,115.53826,3
124.49499,75.669754,0
68.129555,8.251514,0
-120.54545,62.304886,0
-106.525665,68.45675,0
-55.971184,-27.70264,0
88.274956,-68.54964,0
117.87928,73.72527,0
117.98962,73.817345,0
20.1739,-39.884903,0
-40.038975,17.422,0
33.888165,-20.327415,0
45.93648,-116.15184,0
-146.04877,-4.2752404,0
165.36935,14.611135,0
-56.060894,94.45376,0
-54.815872,100.02528,0
-13.484281,-117.066086,0
-80.51153,49.307495,0
-7.368576,-126.37021,0
-11.211335,-177.77116,0
-154.15411,-49.401695,0
142.80275,-42.404774,0
9.024834,197.56491,0
7.3606424,196.67697,0
8.845644,-42.309254,0
-29.664711,17.858284,0
10.37077,-19.492924,0
52.842022,-140.49759,0
-136.86967,-23.483192,0
124.20221,0.45133382,0
-44.123512,95.7219,0
-43.703545,94.643234,0
8.327167,-40.266197,0
-34.88761,10.014961,0
16.060287,-18.697132,0
49.737675,-116.66971,0
-135.29007,8.90495,0
160.54362,10.737876,0
-57.26965,97.1817,0
-57.587856,97.12608,0
125.46089,99.18911,0
31.452747,20.75702,0
-142.4718,45.65924,0
-104.39873,52.766663,0
-59.29648,-36.339287,0
91.08418,-78.66815,0
112.15964,102.52842,0
112.06636,102.81698,0
7.0474143,-36.33376,0
-32.9606,4.0960965,0
24.164272,-16.365461,0
51.95941,-113.04336,0
-135.42757,7.3457026,0
157.56418,17.851921,0
-35.40254,82.84899,0
-28.748714,83.35578,0
-64.89995,-94.104904,0
-37.106735,52.77065,0
-67.28428,-97.954544,0
97.08314,-123.57614,0
-163.1459,-54.90765,0
112.93512,1.7391688,0
64.50503,126.98781,0
64.11439,126.42715,0
-21.403605,-99.546814,0
-62.850613,36.446404,0
-42.109768,-134.04144,0
6.792536,-175.8077,0
-143.0114,-43.517357,0
135.90623,-6.042921,0
11.813754,169.4444,0
10.608841,172.71088,0
8.384687,-27.566698,0
-29.127798,22.59692,0
12.475673,-21.953617,0
53.143703,-103.15729,0
-124.26047,15.028159,0
171.74448,21.424883,0
-41.473194,77.251595,0
-40.952713,77.17463,0
-6.6423526,-45.21438,0
-20.664738,7.24135,0
9.245732,-3.444549,0
57.94444,-121.91351,0
-127.001396,-8.237949,0
137.42229,4.940588,0
-17.53376,100.77845,0
-17.997355,101.668175,0
3.4057386,-54.207336,0
-45.36902,28.511925,0
-1.5191191,-52.643536,0
53.428844,-135.8829,0
-142.52264,-14.965664,0
160.26958,-6.538678,0
-39.250362,112.1119,0
-38.816177,112.90043,0
-83.1774,-116.05173,0
-0.09840017,59.81183,0
-74.98295,-128.04146,0
-13.863042,-149.6011,0
-101.32934,-67.72741,0
85.81206,-5.6841135,0
69.13767,149.9285,0
69.44326,150.47911,0
22.418417,-46.32246,0
-45.822113,18.294334,0
44.463177,-29.823843,0
47.034904,-124.31595,0
-149.72966,9.884982,0
155.21349,6.5998607,0
-58.79126,105.89187,0
-51.390636,108.3583,0
-28.889172,-76.390816,0
-66.393074,68.97006,0
-30.076014,-73.23262,0
50.197094,-166.18994,0
-170.91158,-62.065197,0
120.02278,-49.698658,0
4.656687,132.91632,0
5.169097,132.82259,0
-44.899918,-82.542984,0
-7.532755,51.33285,0
-56.30176,-78.963,0
99.37177,-111.39119,0
-118.695274,-50.720577,0
112.99066,-0.17747357,0
29.107727,122.75372,0
29.368484,123.09961,0
14.807473,-34.390774,0
-35.88503,22.919191,0
23.87646,-21.911776,0
47.556442,-108.8469,0
-134.75276,20.028767,0
160.87688,26.116913,0
-50.916916,75.2818,0
-53.43233,74.060844,0
-7.818503,-106.5406,0
-77.505455,35.350163,0
3.9854789,-116.082664,0
-4.397481,-168.5342,0
-147.3705,-38.936752,0
149.45299,-43.59578,0
-6.2750587,182.39185,0
-5.8024936,182.7408,0
15.521491,-55.907,0
-50.87069,6.8265653,0
41.523964,-38.349125,0
34.254944,-129.09178,0
-159.76912,-16.639217,0
131.96457,-18.96484,0
-57.41899,119.50644,0
-56.699856,120.849174,0
101.67817,95.13464,0
31.636799,26.974928,0
-137.01057,48.12616,0
-104.91735,50.303513,0
-65.751205,-38.505974,0
97.22038,-81.00117,0
103.61212,103.01883,0
103.4682,103.2778,0
-7.6832123,-108.333984,0
-79.912926,35.82112,0
4.598261,-117.75355,0
-7.7376375,-170.36835,0
-149.59776,-38.373146,0
150.81062,-47.99346,0
-7.680794,182.47568,0
-7.923312,181.70949,0
-27.613773,-87.26966,0
-76.02762,61.58811,0
-47.63738,-111.245094,0
31.451326,-174.1507,0
-177.51695,-54.435654,0
121.799934,-41.265465,0
13.259508,143.36244,0
12.257494,142.60275,0
12.815502,-57.770298,0
-39.62834,22.221897,0
43.657726,-33.988754,0
32.178265,-125.6651,0
-153.47664,18.546236,0
132.30132,-48.429028,0
-42.56452,117.36993,0
-50.7308,114.917595,0
-50.039413,-81.96242,0
-13.349857,53.188213,0
-62.239407,-76.97239,0
103.17213,-123.0051,0
-112.62296,-48.46946,0
104.72038,-1.2159956,0
37.479546,124.01045,0
39.781315,124.11251,0
113.63529,44.220592,0
56.821304,-13.496392,0
-126.300224,85.72829,0
126.56859,50.63014,0
-49.088562,-13.678374,0
72.52205,-51.8623,0
140.3717,59.7477,0
141.63138,57.12009,0
19.483793,-46.519352,0
-42.947998,14.3893585,0
37.55088,-22.92502,0
41.955635,-122.74539,0
-142.20233,2.885281,0
150.44241,10.512907,0
-63.888832,103.96002,0
-64.4639,103.182495,0
-44.97634,-94.814606,0
-44.77048,54.37467,0
-60.393036,-123.17575,0
29.174664,-185.22469,0
-121.01706,-64.94318,0
94.01625,-9.780528,0
34.35976,143.57521,0
41.050636,152.2423,0
-11.766503,-39.94297,0
-17.1421,16.19162,0
-1.8808346,-13.203585,0
66.83215,-129.227,0
-127.995636,-7.0403767,0
137.78494,6.640857,0
-10.532581,103.87665,0
-11.517581,104.097916,0
88.65806,94.366516,0
27.302032,29.763178,0
-135.4736,45.03784,0
-104.70543,23.504229,0
-66.74662,-36.252476,0
102.032555,-86.13895,0
86.58027,97.58808,0
86.17099,97.59908,0
-39.376083,-98.664955,0
-54.98359,52.05339,0
-51.749065,-119.76335,0
22.865416,-181.10234,0
-127.74524,-66.21415,0
97.525314,-17.730179,0
28.366634,151.0017,0
32.837517,154.49873,0
80.91789,80.08399,0
18.008093,33.61415,0
-127.40788,37.52305,0
-114.51811,39.524956,0
-81.23889,-35.642616,0
113.636475,-78.10085,0
71.200195,79.52543,0
71.13184,79.42292,0
81.708565,63.647964,0
26.544952,20.768496,0
-119.2922,67.58767,0
83.10362,63.960827,0
-49.110435,-22.583662,0
90.71963,-63.413456,0
82.35162,65.68386,0
82.27677,65.68776,0
48.87213,8.523156,0
11.562347,47.41297,0
49.941837,7.335008,0
-103.8657,80.88431,0
-98.37403,-24.28667,0
138.88603,-77.17114,0
43.905346,39.36035,0
43.095135,39.026833,0
-71.221405,-91.780914,0
-32.353054,51.95682,0
-73.00949,-95.350075,0
77.89552,-154.05815,0
-101.90977,-43.78665,0
91.57818,7.364068,0
66.68124,119.75042,0
66.64463,118.63384,0
15.707012,-28.102907,0
-32.592358,27.846617,0
19.208738,-26.965202,0
46.144135,-101.83553,0
-127.83541,20.230024,0
168.6858,21.906067,0
-48.48811,82.62172,0
-54.6016,82.37269,0
-20.649616,-119.44731,0
-85.728745,50.957455,0
-17.832226,-130.06584,0
-12.377217,-184.05254,0
-151.35956,-58.095753,0
111.886955,-33.266666,0
21.820333,195.56346,0
22.121752,195.67102,0
-2.4809897,-102.93606,0
-79.956696,30.588293,0
5.1534195,-106.278564,0
-9.566062,-165.65239,0
-148.75458,-32.472393,0
159.80019,-37.34184,0
-13.817537,189.62697,0
-14.254022,190.32716,0
17.613052,-47.71697,0
-44.333317,11.078074,0
38.240475,-29.975653,0
38.295208,-119.24232,0
-140.1533,4.9582205,0
157.83876,7.821731,0
-66.66351,103.533295,0
-68.05174,101.8297,0
-84.34965,-112.470535,0
-4.175295,57.38902,0
-75.10156,-122.006775,0
-13.891668,-154.90625,0
-101.49543,-68.25409,0
83.418915,-8.413607,0
63.579792,155.5103,0
64.48698,156.20035,0
21.741804,-36.102108,0
-34.434265,16.218346,0
28.758537,-28.34803,0
39.806152,-113.07777,0
-130.50717,13.35737,0
164.44966,16.953194,0
-62.922276,86.04227,0
-63.59678,85.095894,0
14.059343,-45.868767,0
-43.662468,8.760642,0
38.77897,-31.39473,0
36.147514,-118.50632,0
-151.09074,13.98613,0
155.6022,11.477226,0
-60.25618,106.41505,0
-57.945854,110.25511,0
-16.114992,-83.85525,0
-80.353676,69.663536,0
-12.494662,-78.269684,0
34.133736,-163.8731,0
-175.29117,-43.718678,0
129.00468,-40.14933,0
-5.463009,148.49854,0
-6.145584,148.40088,0
-0.63925743,-82.66051,0
-89.87207,12.911453,0
39.61023,-78.41432,0
12.516154,-148.08376,0
-156.31485,-32.196304,0
126.62959,-23.481283,0
-24.722527,165.73756,0
-23.876234,166.80687,0
-70.97504,-88.41903,0
-31.656254,55.312412,0
-77.45571,-96.57068,0
81.09683,-154.97964,0
-97.483826,-43.570683,0
90.03742,10.606433,0
62.416065,118.99828,0
63.530457,118.80683,0
-49.848785,-99.41409,0
-44.80935,48.288437,0
-58.457092,-114.50288,0
26.738913,-191.36751,0
-118.439995,-60.40649,0
99.69258,-7.343542,0
39.80027,143.05984,0
38.335495,145.24135,0
85.75381,65.51515,0
60.545326,-2.0638874,0
-119.1027,65.43534,0
87.04777,65.356834,0
-50.331783,-21.91265,0
89.80571,-62.59794,0
86.47983,68.076294,0
86.54046,67.758835,0
40.149,-6.653399,0
-25.610754,16.712826,0
39.58909,-7.059287,0
-85.02677,83.462555,0
-125.68221,0.24197738,0
146.02551,-63.970627,0
37.60588,60.99181,0
37.710186,61.16556,0
23.12291,-78.69371,0
-66.27801,19.340553,0
58.48582,-63.759254,0
32.72801,-146.7204,0
-182.12332,-14.1935425,0
153.08577,-29.589716,0
-62.25968,153.80713,0
-67.51552,157.32562,0
13.258841,-89.76769,0
-78.80168,20.779879,0
53.31847,-75.68671,0
26.531069,-152.04826,0
-172.31657,-28.767725,0
140.02638,-30.900377,0
-48.404915,163.42406,0
-50.594215,163.07292,0
-55.824894,-59.754047,0
-5.5035872,42.007687,0
-59.18085,-52.688007,0
94.86424,-132.15892,0
-130.72249,-31.582441,0
121.071556,-1.2686452,0
39.723305,97.825424,0
40.918777,98.58685,0
28.674837,8.053425,0
9.228577,18.487307,0
29.800516,6.301961,0
72.3335,-89.10905,0
-92.629906,-12.244702,0
169.92696,-33.247643,0
31.085024,69.31934,0
30.546303,69.539375,0
8.969341,-48.041386,0
-49.76781,20.526302,0
35.485023,-30.675919,0
49.292023,-128.7961,0
-148.0657,-14.654247,0
150.44774,-3.519718,0
-50.51108,110.607666,0
-52.019264,110.6254,0
-4.1332912,-73.59925,0
-79.34643,0.11023203,0
30.630726,-68.61353,0
59.085846,-149.3258,0
-146.66931,-24.028477,0
131.99236,-10.777918,0
-25.480547,143.55946,0
-22.163363,141.21892,0
-8.079973,-102.04512,0
-74.697784,31.260994,0
0.5466182,-111.15537,0
0.1891517,-165.31416,0
-145.20578,-37.73709,0
153.86278,-46.666763,0
-8.065753,175.77773,0
-8.741782,175.3695,0
0.44348362,-32.58537,0
-25.05508,1.529201,0
16.485645,-8.27006,0
61.252445,-115.01792,0
-134.3894,-2.88415,0
148.83113,16.957853,0
-28.33179,88.37658,0
-27.9626,86.72708,0
9.336719,-90.439735,0
-82.48756,18.115522,0
49.97507,-79.67626,0
20.778034,-152.6209,0
-171.01904,-28.578842,0
136.17484,-31.991373,0
-39.71792,166.14488,0
-42.36009,165.77228,0
-46.178917,-56.477722,0
-13.674847,34.030525,0
-45.1082,-48.126648,0
86.86852,-123.967606,0
-119.49627,-30.831026,0
113.48843,13.223377,0
24.784664,91.62726,0
23.798418,90.87451,0
2.1713057,-81.10593,0
-88.70121,9.031628,0
40.39582,-77.43503,0
12.866834,-150.47133,0
-159.21674,-24.30404,0
132.28265,-17.614695,0
-30.464521,166.61879,0
-28.949924,167.70952,0
-8.274402,-105.92783,0
-77.86099,34.761845,0
5.2424865,-117.74458,0
-3.826049,-168.14326,0
-149.02492,-37.632324,0
149.36299,-50.26911,0
-6.5025463,181.67569,0
-5.16216,182.00853,0
-1.4229511,-87.54622,0
-84.25543,16.871971,0
45.573826,-76.039345,0
27.139656,-138.82417,0
-163.99397,-20.030273,0
137.47208,-22.518623,0
-42.240395,146.81502,0
-46.222004,170.57082,0
-5.8611574,-28.69016,0
-18.089828,1.5303208,0
9.971827,-4.222308,0
65.86486,-115.724144,0
-133.52698,-10.944527,0
134.13524,2.1892865,0
-22.541176,101.665794,0
-21.48182,102.96467,0
8.225697,-57.332993,0
3.1036215,9.217648,0
32.4288,-42.50248,0
64.118546,-95.050354,0
-109.53926,8.303507,0
157.11021,-29.431519,0
-34.702553,118.05486,0
-34.74593,118.315056,0
5.563647,-83.03512,0
-89.17024,6.0395446,0
43.781254,-79.075294,0
9.498091,-151.26044,0
-157.67322,-25.617712,0
134.65143,-20.165949,0
-31.082424,171.40804,0
-29.299253,174.73405,0
28.01353,-58.360146,0
-58.32047,12.75999,0
53.73009,-33.83655,0
36.653244,-137.22656,0
-168.66411,-10.849429,0
168.31252,-13.12792,0
-72.22389,130.89034,0
-72.01518,129.85686,0
24.42383,-48.469997,0
-44.922497,16.32821,0
44.886375,-22.26514,0
46.159855,-124.55807,0
-149.43185,14.3624325,0
154.70305,7.604552,0
-71.66833,107.02715,0
-71.40102,106.34765,0
-44.808308,-96.02167,0
-47.178513,53.883728,0
-61.56024,-121.710884,0
27.632488,-185.53296,0
-120.39498,-66.18791,0
93.65962,-10.733533,0
33.77441,148.26321,0
33.714523,149.1489,0
12.653737,-36.210316,0
-0.9917588,10.091812,0
23.444736,-31.34539,0
63.326366,-99.168625,0
-161.08202,17.080355,0
176.00323,9.68897,0
-32.476665,113.69339,0
-32.513817,113.71624,0
89.38105,89.79347,0
28.441048,33.053303,0
-139.23416,40.05041,0
-106.43245,24.325686,0
-73.63129,-39.128403,0
104.730415,-81.62629,0
79.91221,95.57675,0
79.59136,95.236115,0
-67.05847,-54.433205,0
3.8395853,36.30612,0
-77.25159,-63.57654,0
99.62875,-141.4935,0
-145.08922,-78.31985,0
107.801384,23.591843,0
48.64716,91.15306,0
48.879967,91.932594,0
1.8352265,-85.34215,0
-82.920235,7.4820547,0
37.607166,-76.17549,0
14.864137,-146.21962,0
-160.75299,-25.010227,0
134.7065,-24.562002,0
-30.164982,157.28552,0
-28.653109,156.9953,0
-85.53177,-119.55446,0
5.0625424,62.66482,0
-81.49107,-129.82872,0
-8.030907,-145.12338,0
-106.05262,-58.73755,0
86.12616,-1.3670572,0
70.87909,138.80801,0
71.90583,139.10294,0
-64.67557,-53.267975,0
5.6195426,34.900906,0
-76.45677,-62.863064,0
98.18488,-140.0258,0
-145.69684,-77.904816,0
104.783485,26.386858,0
49.02809,89.70485,0
52.68248,89.07592,0
-42.14134,-77.82463,0
-46.50526,40.958073,0
-60.79025,-108.766685,0
98.265015,-115.66404,0
-121.70912,-47.67047,0
110.33646,-4.094068,0
30.97597,119.47822,0
22.68066,133.90965,0
109.05781,44.888294,0
54.957558,-13.893187,0
-125.75328,76.80696,0
104.20943,45.034718,0
-54.502335,-14.869629,0
79.41323,-54.090515,0
104.46405,46.927883,0
104.87687,47.536777,0
62.221184,38.752487,0
24.794739,31.532701,0
62.246883,38.597534,0
72.28619,46.808598,0
-80.94905,-17.37652,0
94.42646,-45.968933,0
62.111122,42.05127,0
62.133453,42.018482,0
-0.36098224,-33.717556,0
-31.235817,8.53235,0
24.044872,-10.923087,0
56.08055,-117.65287,0
-130.68262,0.58099973,0
149.4469,7.490767,0
-34.805454,96.21426,0
-33.744755,93.68318,0
-18.660585,-28.138977,0
-9.565853,18.03537,0
-21.31309,-14.400061,0
75.27283,-112.20481,0
-115.08195,-14.665402,0
132.56837,21.096682,0
-3.4415855,79.035164,0
-4.0562954,78.79577,0
-24.467882,-90.84543,0
-79.14694,59.995457,0
-20.908222,-87.68075,0
31.971481,-171.75053,0
-170.84651,-51.089153,0
119.868835,-42.377914,0
7.4838266,149.0487,0
6.217905,148.27347,0
14.188376,-50.822445,0
-45.240826,6.362456,0
38.25161,-34.530174,0
36.495007,-122.19255,0
-150.48105,3.6938202,0
157.76799,-2.356106,0
-62.0974,116.05446,0
-62.399048,115.687355,0
-50.70512,-100.99179,0
-42.73142,48.38443,0
-61.594444,-115.30643,0
25.45501,-194.33249,0
-116.83693,-60.269993,0
98.8499,-5.7567077,0
43.663242,143.43494,0
44.246666,143.94032,0
-12.897347,-87.206696,0
-83.534836,23.802776,0
32.13624,-83.29158,0
30.294418,-164.53236,0
-173.9521,-45.226654,0
129.87102,-39.852,0
-9.03906,150.00638,0
-10.334774,149.38882,0
-18.583681,-108.43474,0
-71.21551,39.66076,0
7.0922213,-107.07848,0
0.69368905,-174.18617,0
-142.91974,-45.434628,0
118.82805,-21.806818,0
6.972739,178.01248,0
-10.512133,186.2052,0
83.724266,35.40106,0
62.68293,-11.259418,0
-112.56549,67.8713,0
83.02036,35.80091,0
-65.42807,-11.81172,0
82.64127,-44.74332,0
82.28858,36.392548,0
82.18339,36.492256,0
-28.551657,-88.31654,0
-75.510864,61.258026,0
-49.99153,-111.30076,0
31.360756,-175.9081,0
-176.58398,-56.175682,0
121.18321,-41.84484,0
17.185734,142.43156,0
16.780693,142.44383,0
-15.969348,-86.333855,0
-79.50474,67.39563,0
-11.06801,-78.12761,0
33.26929,-165.61984,0
-174.77869,-46.10236,0
127.58509,-39.165474,0
-4.478777,150.31046,0
-4.341455,150.95354,0
1.9377612,-81.908714,0
-85.67163,11.891204,0
45.29601,-76.82608,0
16.197615,-150.97029,0
-159.51381,-27.74914,0
134.69984,-21.628014,0
-34.601566,164.13493,0
-35.92811,165.87129,0
2.9817717,-82.54153,0
-87.07417,11.377519,0
44.02463,-76.7879,0
16.731829,-153.10106,0
-159.2862,-27.115883,0
135.02449,-22.440289,0
-33.90074,166.80505,0
-35.541718,166.89786,0
89.14478,90.4845,0
29.06119,32.81204,0
-139.0362,40.035637,0
-105.7437,22.328985,0
-73.446556,-38.943325,0
104.34529,-82.70767,0
80.72117,96.86598,0
80.49757,96.872505,0
4.524514,-31.679834,0
-28.227478,-1.2200519,0
-21.958069,-11.631415,0
68.202225,-108.99902,0
-136.98189,-3.869272,0
154.10855,26.463585,0
-27.228956,78.09575,0
-6.5098763,77.238075,0
-18.177752,-80.845894,0
-76.71187,72.92914,0
-18.078661,-79.06643,0
38.573364,-166.93582,0
-181.62271,-48.544083,0
131.3853,-44.92528,0
1.1323055,144.63414,0
1.9956577,145.43398,0
-68.42767,-93.10522,0
-34.51084,51.181767,0
-70.67917,-95.89803,0
76.00234,-155.29303,0
-100.70162,-44.015022,0
85.75452,12.2237425,0
66.6896,122.21321,0
70.949844,121.0466,0
25.467064,5.5302863,0
6.580288,16.593939,0
26.266516,3.8681185,0
70.703026,-92.4854,0
-96.2473,-10.893144,0
169.85088,-29.983252,0
27.41215,72.80404,0
27.59499,72.759705,0
-9.686736,-22.938309,0
0.7274197,15.668131,0
18.667173,1.9702966,0
70.805466,-99.48619,0
-130.6553,-24.35973,0
125.20886,6.595911,0
3.541128,95.5255,0
19.303019,78.62983,0
-16.25268,-111.338776,0
-81.85501,42.80712,0
-1.9901466,-126.43158,0
-6.3964,-177.69412,0
-150.06976,-46.97711,0
144.56639,-38.490208,0
3.7836235,190.63753,0
4.5864544,190.53796,0
-14.945663,-33.01225,0
-13.547728,14.078743,0
-4.4823494,-6.933156,0
68.7031,-124.07763,0
-119.46824,-5.313535,0
138.71605,9.580999,0
-3.4925854,90.84452,0
-4.5597267,85.47875,0
92.19046,99.69648,0
25.707773,25.016752,0
-135.28262,48.542408,0
-108.96136,50.23612,0
-64.81186,-34.68758,0
99.31124,-85.47247,0
90.80303,100.391785,0
90.716644,100.363335,0
24.086409,6.1551986,0
5.4246144,15.800985,0
25.68827,2.4607868,0
69.74125,-93.993256,0
-96.38928,-9.198908,0
169.55095,-28.786833,0
25.493084,72.24237,0
25.618158,72.01103,0
0.2203045,-37.7569,0
-26.850063,7.2592936,0
14.762114,-14.304638,0
59.05171,-111.22195,0
-136.78212,-4.9901147,0
141.27074,1.3546073,0
-28.73412,103.85848,0
-32.46723,92.72189,0
-12.00614,-32.8379,0
-13.71578,10.667087,0
1.3172969,-8.080278,0
70.462395,-119.26954,0
-121.43035,-7.6321597,0
136.2317,16.13007,0
-9.5689535,86.12732,0
-9.6766,85.1238,0
-27.74283,-44.147762,0
-26.475193,38.236813,0
-31.215757,-40.866302,0
74.19156,-141.54666,0
-109.32467,-30.723593,0
121.11555,13.769686,0
11.942002,101.87415,0
21.775465,116.55139,0
-8.483693,-36.554005,0
-20.264719,11.795095,0
2.0781956,-10.595179,0
63.363346,-123.88036,0
-124.641235,-4.975696,0
140.79155,10.816676,0
-14.885647,89.00791,0
-14.61224,88.780464,0
-16.45141,-39.162914,0
-21.121517,23.033117,0
-5.9601145,-17.477383,0
72.142334,-130.56204,0
-128.43799,-19.305727,0
127.36895,7.605469,0
-1.6965771,99.36375,0
-4.2120476,96.94142,0
88.021805,84.673836,0
27.35878,39.379173,0
-134.82077,38.709576,0
-108.23459,26.770666,0
-76.28073,-35.487003,0
107.9738,-78.183105,0
75.364746,89.952614,0
74.40456,90.266754,0
125.59083,74.20137,0
69.01206,7.2652774,0
-128.87743,63.730854,0
-108.04992,69.90162,0
-51.13831,-30.207952,0
84.33716,-66.8216,0
111.13813,72.990685,0
111.52621,73.716446,0
-74.69976,-86.50927,0
-25.340565,55.828514,0
-79.2432,-89.20585,0
84.53961,-152.18158,0
-93.06304,-43.160885,0
91.605095,18.353302,0
62.19643,108.05156,0
62.369377,108.3089,0
12.544525,-47.186764,0
-39.377697,6.6380105,0
30.424442,-31.824314,0
50.1569,-121.983185,0
-130.50627,8.429181,0
151.68517,5.614011,0
-52.665066,102.05,0
-53.70415,101.4522,0
-19.743704,-101.266495,0
-63.951397,34.50523,0
-41.11156,-138.45543,0
8.669405,-173.05772,0
-134.71426,-42.797375,0
115.996315,-16.089148,0
6.550057,168.57254,0
25.325094,170.76654,0
-49.910233,-58.685818,0
-10.174428,36.729607,0
-51.34806,-47.390705,0
89.492805,-127.62727,0
-124.45527,-28.43831,0
114.337585,5.313205,0
30.587265,93.161575,0
30.070032,93.768135,0
-45.653645,-62.423264,0
-16.428852,34.44442,0
-45.561363,-44.833675,0
85.60505,-126.073006,0
-122.62278,-35.16623,0
113.3699,11.632582,0
26.449055,103.70064,0
22.139141,104.43033,0
7.254518,-43.248394,0
-34.31143,10.9951315,0
30.466974,-17.162352,0
47.993824,-117.95198,0
-133.7502,7.8858914,0
161.17166,11.334534,0
-55.38808,97.56928,0
-62.237232,101.60711,0
21.80681,-36.91113,0
-35.73066,15.12642,0
30.103432,-26.265928,0
40.772236,-113.56088,0
-136.44481,15.018439,0
164.08638,15.779091,0
-62.733482,89.982185,0
-61.94536,88.09605,0
17.076902,-52.7384,0
-48.937008,8.829413,0
42.594597,-35.885796,0
37.391006,-125.366875,0
-149.81404,7.5259547,0
154.00102,5.037031,0
-55.31271,111.96325,0
-57.149673,110.7726,0
-9.328045,-101.77936,0
-73.49685,31.45819,0
-1.8895885,-111.37021,0
4.7979445,-167.81227,0
-142.87541,-38.819027,0
144.66966,-35.997574,0
-6.491501,175.28123,0
-6.472494,174.75066,0
24.2679,-66.03843,0
-47.08869,-3.1966074,0
26.662376,-66.39128,0
29.327042,-112.524666,0
-162.85918,12.900028,0
175.98962,1.7047555,0
-28.694866,118.05838,0
-28.310064,119.77247,0
-10.13516,-70.1961,0
-88.65153,29.60658,0
-12.921543,-71.09218,0
39.909176,-156.84918,0
-176.3799,-35.29188,0
148.92496,-16.89794,0
-14.387432,137.28214,0
-15.166612,137.40659,0
-47.719566,-84.83325,0
-10.100363,54.665367,0
-59.795433,-80.3472,0
107.20072,-123.37468,0
-113.35831,-52.455395,0
106.21739,-5.504128,0
32.125397,130.07802,0
31.746672,130.66788,0
124.09564,75.91208,0
68.421135,8.81149,0
-120.545616,62.404594,0
-106.44885,68.376816,0
-56.1573,-27.645632,0
88.26789,-68.611946,0
118.08956,73.856186,0
118.11537,74.09561,0
83.88968,30.188963,0
68.93382,-9.419092,0
84.378006,29.185678,0
79.136734,51.173862,0
-68.17024,-14.179662,0
86.40764,-44.997173,0
76.21722,40.546368,0
76.19977,40.536312,0
8.834583,-71.24219,0
-64.58506,8.687692,0
37.61165,-49.87979,0
26.466557,-132.4466,0
-154.50049,-13.718131,0
145.25636,-8.614052,0
-37.926735,138.73907,0
-37.776333,138.99162,0
19.39942,3.795643,0
1.1937865,15.554368,0
19.118687,2.3018677,0
70.13698,-98.319084,0
-99.84029,-11.69884,0
165.67172,-27.042316,0
19.629454,77.49089,0
20.09065,77.7751,0
-33.964153,-98.35133,0
-48.815765,39.66469,0
-43.858925,-115.1402,0
14.347555,-180.97131,0
-124.62219,-50.36359,0
98.76182,-26.465477,0
12.268508,156.3739,0
25.497093,162.5738,0
-5.000143,-27.452711,0
-17.843754,2.0768287,0
11.423253,-3.4574232,0
65.411125,-116.62368,0
-133.03094,-10.8882475,0
133.0923,1.4165049,0
-21.110239,100.94259,0
-19.192028,100.716965,0
-29.438004,-100.18539,0
-54.904083,36.662743,0
-36.856506,-117.89244,0
8.677071,-185.1512,0
-130.07008,-45.94097,0
117.737854,-9.271728,0
14.382109,162.77036,0
18.876915,164.24803,0
-27.14093,-109.8481,0
-68.57355,44.286278,0
-35.070587,-133.24469,0
-0.038544226,-182.05281,0
-142.13916,-51.327682,0
114.05828,-26.279713,0
15.134961,181.0044,0
15.60182,181.24516,0
114.80796,44.157143,0
58.114258,-12.731839,0
-126.21264,87.261856,0
127.36672,49.541958,0
-48.7316,-12.37396,0
71.09294,-52.979805,0
138.52719,57.63283,0
140.13808,55.3817,0
16.242214,-76.611824,0
-70.38555,15.097955,0
49.49664,-61.226555,0
29.124405,-144.7707,0
-178.31293,-15.5905905,0
150.47945,-21.625284,0
-53.85191,150.8905,0
-54.36167,151.51602,0
13.179015,-37.04983,0
1.2094941,10.146728,0
23.932173,-32.98311,0
64.91256,-96.62239,0
-101.58759,-7.622957,0
160.66818,-11.81865,0
-34.112305,116.11802,0
-34.079414,116.08559,0
115.13557,44.068775,0
58.654846,-12.422442,0
-126.118225,87.643776,0
127.53583,48.935562,0
-48.457146,-12.109583,0
70.97458,-53.352974,0
138.126,57.281307,0
139.9386,55.100136,0
27.688633,-42.933594,0
-41.84349,24.591246,0
40.8893,-17.971436,0
49.83268,-140.57814,0
-138.42088,-25.162518,0
124.61247,-3.0518618,0
-78.06297,100.27802,0
-80.26037,101.58042,0
0.2874923,-80.13247,0
-80.188965,8.768732,0
38.92385,-74.780045,0
15.012498,-149.32043,0
-159.7359,-23.35823,0
131.43422,-17.216722,0
-30.586147,163.10057,0
-30.33363,162.63437,0
92.19699,65.80853,0
59.43233,-0.6827348,0
-126.30954,71.68039,0
93.798485,66.641685,0
-52.47253,-21.027018,0
87.50697,-61.73716,0
94.92975,68.65795,0
94.479744,68.48265,0
-39.37042,-45.32249,0
-24.199537,48.64397,0
-42.09623,-41.020832,0
83.6713,-148.48405,0
-92.092766,-42.965065,0
91.58426,16.860727,0
52.40004,101.885666,0
15.132506,100.2708,0
-61.006283,-58.98657,0
-1.7644972,36.627605,0
-70.50231,-66.42272,0
98.88376,-132.5777,0
-150.61421,-72.73405,0
111.676704,21.914343,0
38.998737,89.740555,0
38.17833,88.826546,0
126.42446,79.58153,0
72.8192,5.690377,0
-140.06398,61.557507,0
-104.66536,63.467297,0
-56.948658,-32.294018,0
87.517654,-73.91163,0
121.6447,87.17327,0
121.85357,87.252975,0
-4.362723,-31.841843,0
-21.117352,2.2809696,0
13.700276,-7.463432,0
63.094185,-114.213554,0
-133.9721,-6.115793,0
146.71974,14.275476,0
-25.70029,97.38312,0
-25.578104,95.10601,0
15.984188,-51.429264,0
-48.130707,7.6896744,0
40.784843,-32.500553,0
37.610992,-123.28223,0
-149.14287,3.5571246,0
160.93724,4.9906216,0
-61.967308,112.838066,0
-62.71533,113.25447,0
17.681995,-33.216763,0
-36.204514,25.129559,0
25.097084,-24.875456,0
44.170033,-106.35981,0
-132.02696,18.158525,0
165.23221,25.003027,0
-55.754486,80.12951,0
-56.72904,80.155,0
47.71077,8.426506,0
11.06761,45.988056,0
49.17452,5.6847577,0
-103.01963,80.953445,0
-99.870476,-24.037275,0
139.47552,-76.49735,0
43.640614,40.55279,0
42.731125,40.78422,0
2.5630295,-53.42102,0
-45.11744,29.484394,0
-1.2846872,-52.395058,0
54.235966,-135.00499,0
-138.7538,-15.325722,0
122.1652,4.891522,0
-37.785053,110.3882,0
-35.44314,109.44671,0
-10.866982,-86.08421,0
-81.48777,66.632576,0
-10.426433,-80.16631,0
31.644085,-162.14282,0
-172.93867,-40.643856,0
127.55918,-37.990273,0
-8.279223,151.32085,0
-7.6690865,151.73666,0
18.46036,-67.16931,0
-65.29554,-3.4638824,0
48.694523,-50.067013,0
18.970036,-126.59249,0
-162.12372,-4.3697796,0
150.46024,28.142536,0
-49.11962,134.0327,0
-55.556156,139.3047,0
-6.0690165,-100.89443,0
-76.032425,29.781689,0
-1.4607031,-113.60444,0
-0.17606059,-163.36905,0
-156.3909,-44.933132,0
188.4328,-3.6839018,0
-12.477022,177.98796,0
-12.94394,177.17114,0
-22.625093,-113.836174,0
-84.036476,46.262524,0
-26.146658,-133.56648,0
22.029041,-176.27338,0
-139.28183,-60.121292,0
89.276985,-14.945912,0
34.694103,180.94226,0
34.059166,180.47849,0
9.954912,-59.53951,0
-33.74404,0.7682486,0
21.262892,-17.311998,0
51.743187,-109.82141,0
-158.69275,-1.974724,0
154.10703,21.915333,0
-32.080208,107.04508,0
-32.796303,107.39439,0
14.60513,-27.994877,0
-31.736324,27.483505,0
20.07342,-24.436165,0
46.95756,-101.447334,0
-127.78998,20.496655,0
169.97978,19.033117,0
-47.023582,82.597374,0
-47.842216,82.88928,0
-60.844772,-89.76572,0
-29.254103,46.311188,0
-67.17851,-104.23423,0
75.61072,-149.80957,0
-102.41869,-46.188644,0
96.712814,7.706422,0
46.897038,124.577644,0
46.334038,124.570244,0
-10.4846945,-56.787975,0
-35.020245,34.945557,0
-11.260038,-49.437332,0
63.39903,-140.97588,0
-115.1265,-0.6046291,0
142.92065,25.57136,0
-16.706024,117.139145,0
-17.123814,115.92193,0
-22.235214,-123.06705,0
-89.345215,54.315067,0
-22.938063,-127.686714,0
-14.664342,-188.20755,0
-155.3917,-58.249508,0
115.837395,-31.454403,0
26.798166,199.59636,0
26.675161,200.13683,0
-8.675336,-37.644093,0
-19.289188,10.322417,0
2.4784565,-10.016121,0
64.93069,-124.093414,0
-125.365906,-3.4194894,0
143.31905,12.7146845,0
-16.79459,92.78007,0
-17.264503,93.22776,0
24.421907,-68.11734,0
-48.752857,-2.5962846,0
26.120548,-67.79127,0
26.968151,-114.09625,0
-165.67581,8.570975,0
156.81949,-32.9525,0
-54.960167,145.61261,0
-54.99764,145.68623,0
43.662403,14.1455555,0
14.5608635,46.03398,0
-105.79686,83.16091,0
57.60483,18.609497,0
-72.15578,-22.798397,0
138.42668,-80.83339,0
49.204277,37.0235,0
49.364704,37.238598,0
-18.985567,-43.941784,0
-16.140816,22.291204,0
-9.010652,-10.664867,0
71.185486,-134.86317,0
-131.60976,-21.730337,0
125.57532,3.1919458,0
0.80010897,108.362785,0
1.1281025,107.93703,0
18.081861,-89.710526,0
-74.268906,16.364794,0
55.754887,-72.973366,0
25.459873,-144.6327,0
-176.1875,-23.436506,0
145.24484,-20.98129,0
-47.33652,151.94305,0
-48.37041,153.2237,0
-47.63209,-75.80858,0
-16.372324,47.99715,0
-56.795364,-71.802345,0
101.09076,-116.377754,0
-119.2639,-45.475124,0
104.27132,4.9199834,0
34.885292,115.7407,0
34.26129,115.72172,0
-23.392502,-28.311659,0
-5.6137657,22.113293,0
-26.83312,-17.363049,0
78.7262,-112.13862,0
-111.32271,-19.029188,0
129.73337,26.394836,0
8.255684,79.32363,0
8.467037,78.75896,0
5.5216684,-90.88479,0
-92.47527,9.1586895,0
45.503178,-81.95921,0
11.4489,-154.74165,0
-162.22462,-29.294931,0
133.77065,-27.081953,0
-35.943413,171.85403,0
-35.555412,172.2207,0
-44.245182,-83.76674,0
-46.879555,41.752903,0
-58.762928,-109.14867,0
20.561157,-175.05452,0
-121.290695,-53.989063,0
109.17131,-6.6206565,0
35.784,135.81587,0
35.471264,134.68202,0
-4.298777,-30.016869,0
-20.340237,0.882765,0
14.949234,-8.898517,0
64.06911,-113.99332,0
-134.53879,-8.857251,0
129.1557,-3.525404,0
-26.024637,99.42897,0
-28.39008,97.14886,0
-38.01544,-95.87107,0
-57.0292,52.922897,0
-49.07472,-117.80999,0
24.957159,-179.41002,0
-127.36441,-57.05565,0
104.87799,-22.548872,0
24.517885,149.97276,0
26.243181,148.74176,0
14.15149,-29.173042,0
-30.963104,26.936602,0
19.054232,-24.889364,0
48.52793,-101.920685,0
-126.4989,19.274311,0
173.22784,16.255875,0
-45.830997,82.93027,0
-48.39289,85.03072,0
38.510174,-7.983884,0
-25.96571,18.042889,0
38.09127,-7.8767157,0
-85.05315,83.98942,0
-118.67308,5.2784576,0
146.28372,-63.190613,0
38.457695,62.256718,0
38.491768,62.25542,0
-33.406307,-71.830795,0
-62.984917,70.746315,0
-33.27621,-73.56057,0
54.345074,-167.07452,0
-172.58403,-67.36601,0
111.31252,-47.100754,0
10.6875925,131.6289,0
10.647353,131.62982,0
1.663303,-86.688095,0
-85.14251,9.931656,0
38.915325,-80.38502,0
13.02787,-146.35226,0
-156.73059,-29.12159,0
127.287346,-24.953081,0
-25.369797,161.58467,0
-33.24332,159.67995,0
14.4490595,-57.780094,0
-51.559494,5.3521466,0
40.947056,-40.380856,0
33.914536,-125.74858,0
-147.42355,-1.79263,0
154.1358,-5.3215623,0
-53.919796,116.47996,0
-39.884052,133.75302,0
-22.440006,-111.71175,0
-72.86581,44.952362,0
-29.589449,-135.05371,0
-2.2688792,-180.77652,0
-146.62764,-49.3212,0
115.08692,-25.617168,0
10.605237,186.15894,0
11.575472,186.75026,0
88.85071,90.583595,0
28.671745,33.04755,0
-138.9694,39.88604,0
-105.693214,22.172075,0
-73.555176,-39.016075,0
104.459236,-82.90889,0
80.638084,97.13233,0
80.59539,97.06634,0
74.3977,-27.993713,0
-106.42943,-100.692116,1
75.30924,-31.329136,0
-51.504154,-163.26811,2
-125.785866,-98.85326,1
190.8049,8.590088,0
-104.44151,117.11328,3
-104.460144,117.24997,3
96.21327,54.812084,0
59.7369,1.2334948,0
-122.36335,80.59458,0
97.99101,55.108162,0
-57.283737,-20.445517,0
82.47548,-58.3173,0
99.6271,55.363518,0
99.68823,55.63035,0
-6.650535,-112.651505,0
-74.60462,42.70213,0
4.3414073,-125.28946,0
-12.413775,-169.6383,0
-147.41786,-47.015743,0
152.52158,-37.680164,0
6.688952,184.10445,0
6.821155,183.99184,0
44.252583,14.676532,0
14.956116,48.269573,0
-106.22692,82.56696,0
57.2528,19.705626,0
-72.573616,-22.136475,0
137.56508,-80.63253,0
48.138527,35.706184,0
48.208668,35.94159,0
26.99288,-54.19593,0
-55.974533,13.128014,0
51.23402,-33.29631,0
36.980858,-131.0453,0
-149.91602,2.3686786,0
154.01785,-0.6117581,0
-72.95968,123.57197,0
-72.325966,123.164635,0
-14.463803,-31.505358,0
-12.421182,11.722219,0
-1.8046224,-6.2961407,0
72.989426,-119.146614,0
-120.13532,-9.843698,0
133.24745,18.644337,0
-8.195842,85.73911,0
-10.962782,83.54969,0
27.317606,-58.46746,0
-59.208706,13.376393,0
54.409775,-34.691658,0
37.69974,-137.39432,0
-167.41833,-11.447354,0
166.12761,-13.94145,0
-73.22982,130.41017,0
-72.41695,133.31992,0
45.0096,16.302244,0
17.91442,48.52984,0
-108.17996,81.327835,0
56.21734,20.763702,0
-73.966255,-21.420828,0
135.46718,-80.80101,0
47.827835,32.170746,0
47.42607,32.466484,0
44.692406,-3.310212,0
9.017827,51.567165,0
46.46882,-2.5181546,0
-92.72221,82.706375,0
-164.4195,-18.42747,0
144.79611,-70.13318,0
37.061077,52.57249,0
36.435066,53.52035,0
-8.577875,-110.164734,0
-77.52923,39.02983,0
-0.10829358,-117.18518,0
-6.4133234,-170.35637,0
-149.94963,-41.322006,0
146.92201,-45.944244,0
-5.854749,187.73059,0
-6.511003,187.73384,0
73.1733,-27.182331,0
-104.833046,-99.81273,1
74.10995,-33.80855,0
-49.263973,-163.76663,2
-127.806305,-99.12766,1
191.16696,5.9064226,0
-106.345665,114.42772,3
-105.626015,113.6536,3
-14.857872,-65.75213,0
-70.38825,53.636955,0
-16.165339,-69.17938,0
43.60471,-155.36096,0
-165.32135,-49.66832,0
132.6717,-50.814148,0
-11.221217,133.74905,0
-10.833981,133.89935,0
40.37799,-2.401379,0
-14.3615265,13.060558,0
39.830822,-1.322171,0
-89.96238,83.38315,0
-120.41911,-6.467376,0
143.2864,-68.105125,0
41.3132,56.818634,0
41.435696,57.134,0
-8.750663,-35.633724,0
-20.782356,10.453119,0
0.8260895,-10.609236,0
63.020004,-122.78557,0
-125.69696,-5.3520675,0
145.91255,13.337358,0
-14.090757,86.84624,0
-13.453416,86.867874,0
99.83033,92.037155,0
31.962496,29.959917,0
-140.96977,42.26133,0
-104.19083,47.82246,0
-70.10679,-40.294334,0
100.370605,-78.49672,0
98.43229,107.315025,0
98.32577,107.199905,0
86.67142,81.90957,0
26.153511,41.46849,0
-133.8267,42.007614,0
-112.484055,34.142345,0
-76.911766,-34.11599,0
109.754456,-77.873825,0
70.283875,87.89417,0
69.26289,88.73047,0
99.35853,91.67405,0
32.253414,30.261604,0
-140.8277,41.86104,0
-104.32739,47.67207,0
-70.42067,-40.22359,0
100.954155,-78.412445,0
97.70328,107.31635,0
97.52003,107.470055,0
-15.981225,-64.99911,0
-70.375336,54.555225,0
-17.894054,-68.9815,0
45.382202,-155.58737,0
-164.61284,-50.19871,0
132.06866,-50.18527,0
-10.034475,132.0522,0
-9.387026,131.94754,0
-0.045391083,-83.57053,0
-83.56307,9.807111,0
41.9795,-72.90377,0
16.37695,-147.8549,0
-154.94362,-28.527416,0
130.70323,-20.836058,0
-31.053997,160.40575,0
-32.603043,159.68011,0
-17.79037,-101.64196,0
-66.26143,34.691196,0
-38.621353,-137.3583,0
6.947795,-171.04301,0
-136.05867,-40.77706,0
121.539696,-15.136836,0
4.271659,170.17087,0
5.04253,170.38046,0
-18.83559,-101.05337,0
-64.79929,32.680725,0
-40.54404,-139.27289,0
7.683641,-169.58328,0
-133.92377,-40.11958,0
120.49428,-13.927324,0
4.2739305,167.68169,0
4.243366,167.00952,0
12.997089,-75.52789,0
-71.488594,10.983089,0
45.53379,-62.065804,0
22.901764,-138.67114,0
-166.03044,-15.85459,0
142.72754,-20.104353,0
-41.328766,144.95872,0
-40.73092,143.46306,0
-41.058506,-55.300556,0
-11.745519,29.120886,0
-34.934895,-23.256817,0
85.51207,-118.59802,0
-114.762695,-26.74958,0
118.191956,23.181097,0
18.865396,86.46098,0
19.116047,86.25299,0
25.087578,-78.321686,0
3.1033416,44.48598,0
51.545837,-62.35736,0
35.550884,-153.26701,0
-175.5697,-12.811865,0
155.57646,-25.93658,0
-58.909767,148.60068,0
-59.16036,149.27486,0
29.55603,-55.567665,0
-60.20281,11.726162,0
53.718132,-30.519186,0
40.12404,-138.9276,0
-164.62886,-11.939617,0
165.23714,-16.011482,0
-75.94077,126.407906,0
-76.34394,126.749176,0
-15.21184,-84.378654,0
-80.37919,68.97911,0
-12.973051,-79.66082,0
34.35252,-164.03297,0
-175.82063,-44.805424,0
128.34958,-39.542404,0
-4.415672,148.15472,0
-5.6982775,146.46738,0
-58.813732,-87.823296,0
-30.709368,46.20869,0
-66.7164,-119.91604,0
73.21085,-150.08733,0
-106.15939,-47.146374,0
91.35139,2.5881095,0
46.929066,128.45865,0
45.78303,131.17752,0
-44.525444,-65.897896,0
-21.407295,40.860252,0
-42.12289,-67.14996,0
84.1555,-134.85648,0
-118.69678,-36.9525,0
100.38176,12.114725,0
24.736847,108.02239,0
24.746435,106.84017,0
-21.132301,-60.729828,0
-66.40457,58.518826,0
-22.163391,-65.89736,0
50.735573,-155.49211,0
-162.94763,-59.60801,0
126.18481,-55.49039,0
-6.0733414,124.13718,0
-5.872557,120.6762,0
4.029298,-65.354546,0
-58.162086,4.87884,0
48.650787,-57.511356,0
25.450666,-136.13515,0
-155.57245,-7.889383,0
152.7748,-14.443353,0
-36.171658,126.54813,0
-38.312847,125.75349,0
-17.140104,-119.184296,0
-86.43846,55.48807,0
-9.562118,-128.7556,0
-17.21867,-186.22093,0
-156.07062,-54.959297,0
121.14724,-32.2004,0
21.87609,203.64499,0
22.683771,204.71669,0
-63.480427,-57.94601,0
-0.20858549,36.02689,0
-75.17141,-65.426704,0
100.35618,-134.69708,0
-150.27112,-73.64979,0
109.74269,24.586576,0
40.644928,87.45792,0
47.55115,93.13799,0
1.1194472,-31.560764,0
-24.995718,0.1303549,0
18.517418,-9.341241,0
60.880745,-113.76434,0
-134.00868,-3.8525574,0
146.4473,18.082525,0
-26.209757,85.23097,0
-0.3922405,72.667496,0
-29.32283,-90.67616,0
-76.88278,60.40899,0
-46.842297,-113.625786,0
28.571018,-173.90518,0
-175.42532,-55.025753,0
118.94404,-44.104862,0
12.982875,144.56364,0
12.059995,144.19481,0
6.4712524,-25.382849,0
-30.733412,20.892736,0
33.415863,-14.365162,0
54.882236,-101.52436,0
-126.53434,16.759039,0
167.99806,21.788023,0
-48.15798,81.274574,0
-48.063324,81.63762,0
-10.48853,-88.85542,0
-87.03756,23.81092,0
32.682106,-86.267525,0
27.035883,-161.42764,0
-167.86398,-41.648666,0
131.24664,-34.62178,0
-14.674452,154.1888,0
-16.666979,154.76457,0
-67.08791,-93.4976,0
-34.082256,49.54946,0
-70.023636,-97.80964,0
73.63265,-153.7075,0
-103.04385,-44.843697,0
91.57797,5.1819386,0
69.17915,123.76532,0
69.50653,123.992744,0
-33.24079,-45.95982,0
-27.50023,43.445976,0
-37.96003,-38.18549,0
76.49272,-146.40157,0
-106.04214,-32.803993,0
96.5938,12.75089,0
18.214035,107.5551,0
18.501986,106.44539,0
43.976624,-2.6974397,0
8.542153,49.859394,0
46.298695,-1.1578689,0
-92.544395,82.67238,0
-97.773766,-21.673986,0
143.78998,-70.7095,0
37.594307,53.440544,0
37.52806,53.54446,0
-26.815737,-29.796013,0
-8.87659,25.401947,0
-31.425482,-23.385098,0
80.87482,-116.200165,0
-115.252846,-23.8888,0
158.71347,27.142584,0
11.939554,84.3918,0
12.943261,82.601974,0
21.586828,-62.123486,0
-56.129692,9.124753,0
46.59397,-39.990307,0
33.1939,-135.40361,0
-167.78918,-5.780791,0
152.32265,-7.2424464,0
-58.56998,127.013855,0
-59.257603,127.268,0
19.82776,-66.388626,0
-64.39773,-2.846439,0
49.60008,-47.945347,0
17.097538,-125.73347,0
-168.3572,1.121967,0
172.67809,-4.4472575,0
-52.92219,134.92244,0
-54.188793,134.6604,0
9.586655,-43.650784,0
-32.959476,14.179444,0
27.398981,-34.850765,0
38.37368,-111.63703,0
-121.95371,6.5025935,0
161.3391,19.861473,0
-69.05235,89.1837,0
-68.795494,89.10219,0
20.842222,-49.963318,0
-48.559925,15.326496,0
41.468784,-26.3158,0
43.59865,-126.8319,0
-142.1903,9.3730345,0
163.85672,4.263097,0
-69.04744,112.000374,0
-68.2346,114.708084,0
17.8545,-90.369156,0
-74.82952,16.492046,0
56.03346,-73.94848,0
24.762117,-144.842,0
-175.28369,-23.610884,0
144.55931,-22.349077,0
-46.74948,152.5512,0
-47.048843,153.02934,0
-81.62816,-119.475685,0
1.5922897,61.53838,0
-80.42294,-128.56676,0
-10.887885,-147.33766,0
-104.22311,-63.913,0
84.47127,-5.1229644,0
67.187256,145.44197,0
66.48895,141.18527,0
113.44947,45.076614,0
56.77009,-12.465275,0
-126.202614,86.07138,0
127.294235,50.975037,0
-49.646027,-13.31707,0
72.66359,-52.646046,0
139.5023,59.857235,0
140.90897,57.60334,0
-15.977419,-108.05623,0
-73.21752,39.318184,0
-29.786358,-139.57558,0
-1.162266,-173.05821,0
-151.53226,-39.795776,0
146.85062,-48.793705,0
3.7838192,179.35826,0
3.9060786,180.40465,0
8.401347,-50.170547,0
-48.332207,21.404917,0
33.36972,-35.52003,0
36.2873,-116.96737,0
-142.38661,15.392099,0
163.98813,-0.9880544,0
-48.559284,111.33377,0
-49.29851,112.04353,0
-31.26201,-49.97571,0
-31.27189,42.752438,0
-64.62114,-105.226,0
71.55629,-146.8992,0
-110.697754,-7.0297556,0
99.063126,9.281978,0
15.311309,111.087746,0
15.643105,112.3192,0
85.90556,65.62913,0
60.926647,-1.7975543,0
-119.18501,64.74739,0
87.184814,65.954704,0
-50.430725,-21.59543,0
89.85708,-62.349915,0
87.036545,68.07992,0
86.95883,67.73885,0
-23.95204,-123.692696,0
-90.34807,54.286755,0
-23.780266,-127.35084,0
-14.100355,-189.29912,0
-143.30188,-62.406113,0
115.49992,-30.338717,0
29.147343,198.39037,0
30.130863,198.46425,0
-15.936815,-103.504715,0
-72.49,36.748325,0
-40.19398,-134.86334,0
4.309854,-170.17316,0
-141.74022,-40.61741,0
150.20119,-45.840183,0
2.3396146,171.16396,0
1.1754831,181.236,0
88.63006,95.90039,0
26.985962,28.588163,0
-130.64273,40.523746,0
-104.61819,21.592548,0
-66.192,-36.322166,0
101.22563,-86.79486,0
88.167274,97.84627,0
87.8401,97.69493,0
-20.380354,-24.819973,0
-4.6000752,18.451849,0
-22.49352,-17.749466,0
78.87815,-107.72376,0
-109.87276,-16.187382,0
127.7938,24.832832,0
3.2493615,79.224846,0
3.7691872,76.50721,0
10.5612955,-37.603184,0
-37.62342,-3.1686404,0
20.627848,-19.027348,0
59.69444,-102.63881,0
-161.13358,15.245495,0
173.0599,7.3887277,0
-30.22217,111.16332,0
-99.16577,108.05281,3
-32.82919,-103.45775,0
-54.005013,41.082024,0
-40.14297,-114.886765,0
12.068917,-188.22925,0
-130.80843,-49.93216,0
107.5523,-11.309887,0
23.274199,165.91634,0
23.318438,166.10596,0
-8.838925,-55.45925,0
-36.156437,34.471844,0
-9.477912,-50.543854,0
62.32435,-138.98117,0
-115.54245,1.0775882,0
144.18925,24.993742,0
-18.40135,118.097015,0
-17.774136,118.514694,0
127.30378,100.78139,0
32.97911,19.982708,0
-141.22304,46.797028,0
-105.92734,52.6327,0
-60.396034,-37.72482,0
91.97959,-80.055504,0
110.45412,100.44094,0
110.42911,100.59165,0
-18.284334,-104.72911,0
-69.067604,36.69201,0
-37.086197,-139.6619,0
3.4014099,-172.0193,0
-139.87123,-41.277954,0
113.576355,-19.356855,0
3.9931917,173.64438,0
4.404547,174.13916,0
126.90859,98.27125,0
32.81671,17.712744,0
-143.39778,58.683945,0
-105.14449,58.83071,0
-57.70903,-37.892097,0
89.26594,-79.60979,0
115.59473,97.83836,0
115.793,97.15182,0
100.648544,93.402916,0
31.991472,28.147772,0
-141.17395,43.08767,0
-103.91578,49.205513,0
-68.85352,-40.62679,0
99.19203,-78.9228,0
100.44015,105.945854,0
99.975,105.61278,0
65.921104,34.578445,0
21.453688,21.570772,0
65.880486,34.300724,0
72.74646,49.88391,0
-79.4111,-14.588405,0
92.56942,-48.55041,0
63.29589,46.418327,0
63.131348,46.505592,0
-45.727036,-98.48635,0
-47.666027,51.04759,0
-58.02167,-119.708305,0
25.54753,-187.27875,0
-122.51045,-64.92269,0
96.84392,-12.3408165,0
36.929863,148.75124,0
38.26423,150.34547,0
-65.22889,-54.75958,0
4.510326,32.330105,0
-73.56106,-62.760704,0
98.74231,-138.425,0
-147.43509,-79.22695,0
107.3523,25.348764,0
45.862938,89.60458,0
46.432945,88.23821,0
-31.953386,-99.299034,0
-50.74364,38.153675,0
-42.650974,-118.71523,0
12.704327,-181.2189,0
-126.28027,-49.93467,0
99.85453,-28.396566,0
14.90004,157.41153,0
14.801103,155.61162,0
-23.933706,-100.19595,0
-61.63023,37.922367,0
-45.49962,-135.29941,0
7.6927476,-178.21489,0
-136.30788,-49.003654,0
113.71053,-14.0299225,0
15.568927,170.97289,0
15.925728,171.64749,0
-2.0630312,-72.62376,0
-76.40126,0.08482924,0
34.46721,-65.10333,0
64.63295,-145.63866,0
-109.90565,-1.2579864,0
142.88324,21.745293,0
-26.163427,139.7629,0
-24.626526,138.46997,0
-36.681664,-68.91386,0
-68.53334,63.978485,0
-36.372852,-68.100174,0
90.112114,-136.65549,0
-157.20383,-67.21995,0
114.4459,-45.937023,0
15.440969,131.29533,0
15.368418,130.92917,0
-6.8107367,-39.912033,0
-21.283142,14.09657,0
4.3405013,-13.879718,0
62.715492,-127.04103,0
-123.49422,0.38582385,0
141.03156,8.493399,0
-10.46249,97.23017,0
-10.52877,96.35663,0
12.696214,-48.990837,0
-41.34411,5.675807,0
36.54536,-33.478737,0
50.411465,-124.109474,0
-128.01724,9.05613,0
152.49606,2.861056,0
-53.268475,103.645546,0
-53.64367,103.61009,0
-30.898655,-44.941383,0
-27.559484,40.94948,0
-34.111286,-37.62969,0
74.96332,-144.42207,0
-107.74183,-31.859571,0
102.426384,14.759879,0
14.46005,104.98615,0
14.943834,105.605804,0
-8.87416,-40.431526,0
-26.188545,24.386938,0
4.851644,-9.688627,0
66.90142,-120.55828,0
-122.57263,16.534073,0
138.53644,1.156182,0
-16.6149,95.57483,0
-13.100462,93.26178,0
41.13807,-3.0189378,0
-25.618414,17.389057,0
41.352444,-2.6711557,0
-90.48499,83.26683,0
-125.48286,0.14269008,0
143.82256,-68.42637,0
39.96142,56.325714,0
39.856323,56.35244,0
-38.114075,-93.575356,0
-57.41997,56.429516,0
-45.151268,-110.90047,0
24.806347,-166.89319,0
-164.15836,-42.038868,0
108.03909,-33.5737,0
25.252512,144.18503,0
25.266256,144.64862,0
-0.5571373,-32.407993,0
-24.786976,2.9143367,0
15.318419,-6.3299456,0
60.088413,-116.54347,0
-131.84064,-2.0725613,0
149.73367,15.154053,0
-27.960749,88.95236,0
-31.515263,90.3546,0
-3.746368,-99.865036,0
-77.74524,28.46938,0
-2.8490996,-118.54327,0
-1.7415388,-166.79723,0
-174.81735,-30.781322,0
144.492,-48.523483,0
-8.500282,178.71924,0
-47.66124,168.57439,0
1.633402,-53.717316,0
-44.33758,29.935915,0
-0.9775182,-54.101974,0
55.33644,-133.83083,0
-138.14915,-14.989997,0
138.01013,2.0510843,0
-36.858707,110.08767,0
-35.647533,110.20005,0
-28.793655,-27.757334,0
-7.6302223,27.502716,0
-30.76745,-26.173653,0
81.33297,-118.13519,0
-118.67395,-23.694815,0
114.497116,17.718344,0
14.756318,83.725296,0
15.471737,82.72028,0
22.884872,-71.76486,0
-62.7827,16.95137,0
52.347,-67.990776,0
35.929356,-141.57224,0
-166.34146,-20.695644,0
163.09311,-7.768952,0
-69.94036,135.71461,0
-70.30043,140.3931,0
28.969147,-51.92057,0
-85.10908,39.634987,0
47.611263,-26.270218,0
-8.97296,-180.14278,0
-147.58337,-52.48865,0
142.27417,-40.488346,0
-75.6723,116.08066,0
-74.6411,117.83008,0
4.1249347,-49.859715,0
-48.212246,26.312859,0
0.8192285,-49.855392,0
49.90551,-133.36765,0
-145.38383,-13.265723,0
146.28232,-0.23754951,0
-43.6002,108.089676,0
-43.33237,107.07081,0
-18.201283,-48.313904,0
-47.53518,30.875425,0
-19.150911,-50.38532,0
56.503708,-136.08345,0
-135.39494,-18.1835,0
126.9504,-0.58283824,0
-8.830973,110.92221,0
-8.894471,112.22322,0
-22.848566,-120.83137,0
-88.30285,50.17357,0
-22.750683,-129.63974,0
-10.308876,-186.85226,0
-150.36147,-58.681786,0
111.578514,-34.148846,0
25.264456,193.74709,0
25.029709,193.53932,0
-47.064842,-76.65458,0
-14.866886,48.025997,0
-55.668087,-72.601166,0
100.48936,-118.22642,0
-115.497894,-45.187973,0
104.11394,3.420506,0
36.52577,115.1992,0
38.04431,114.00237,0
-82.91203,-120.25803,0
2.7576616,62.96246,0
-77.178116,-129.75217,0
-8.8548,-148.00256,0
-105.04957,-62.989388,0
87.63772,-4.504143,0
68.893326,143.74977,0
71.94024,144.71246,0
19.534035,-80.812126,0
-68.522415,19.580582,0
56.200253,-66.21158,0
32.207664,-148.51584,0
-180.93622,-13.573418,0
151.36813,-29.165184,0
-60.99377,155.33061,0
-56.46684,160.38338,0
-48.585342,-101.4632,0
-49.758488,49.733986,0
-60.027576,-116.33841,0
22.846046,-189.82594,0
-125.91559,-64.26688,0
99.0465,-17.620806,0
37.158573,145.67615,0
41.919086,145.30559,0
22.338274,-50.60809,0
-49.015614,14.641935,0
42.282803,-26.976192,0
44.187878,-127.92487,0
-141.75323,7.18139,0
164.92314,2.7815526,0
-71.60211,112.86454,0
-70.10295,110.01097,0
19.095415,-35.002293,0
-35.976585,13.03315,0
28.068808,-25.201553,0
44.08433,-111.67743,0
-134.55643,12.791828,0
160.25677,16.879221,0
-62.20739,92.47854,0
-66.55968,87.88862,0
126.5994,100.385284,0
32.06879,20.663385,0
-141.03502,46.76441,0
-105.81362,53.0789,0
-60.34861,-37.51653,0
91.91827,-80.029274,0
109.84858,100.8568,0
109.84009,100.907425,0
12.220897,-84.13799,0
-78.07872,15.391382,0
50.188213,-71.42732,0
22.934938,-147.36018,0
-170.02077,-22.124943,0
142.01505,-25.648825,0
-40.713997,154.8607,0
-45.207386,158.43971,0
-28.434963,-99.674324,0
-55.762142,37.29493,0
-38.19639,-119.46372,0
10.4845495,-184.50258,0
-129.01807,-47.42139,0
113.381645,-8.081477,0
14.94064,163.54068,0
15.994982,161.72334,0
4.235785,-38.95445,0
-32.401985,0.23250243,0
28.316757,-12.469965,0
60.45349,-106.21781,0
-140.3775,-1.8026062,0
141.61226,-1.7743195,0
-30.900793,83.905495,0
-29.465181,74.848625,0
-73.6607,-86.57549,0
-26.54017,57.97423,0
-77.84611,-90.21073,0
85.49349,-154.3037,0
-94.86088,-40.043777,0
90.531,17.206472,0
61.789547,111.78184,0
63.62525,111.07076,0
-5.893388,-30.205019,0
-19.256329,3.3608575,0
11.562882,-5.8482885,0
64.44144,-117.06448,0
-132.60097,-9.124131,0
135.33998,5.0526643,0
-22.813984,98.79419,0
-22.861158,98.140915,0
-65.89136,-54.72694,0
4.076847,33.14709,0
-73.73228,-62.832542,0
99.111336,-138.70671,0
-146.82367,-78.18045,0
108.37449,26.440683,0
46.597393,88.8686,0
47.43499,87.87176,0
-21.221815,-45.34865,0
-15.175484,26.652634,0
-10.4244585,-11.954372,0
72.19491,-99.21706,0
-126.22502,-43.57812,0
121.56115,5.6800375,0
5.3661747,109.95589,0
5.6545854,110.66731,0
15.408356,-39.353333,0
-37.94135,12.362743,0
28.074238,-21.532019,0
45.86401,-112.41165,0
-135.67702,15.9599905,0
160.43939,15.757127,0
-58.74236,89.278534,0
-58.699112,86.329475,0
69.23638,-28.425491,0
-104.68712,-96.40371,1
70.59098,-34.456665,0
-48.081913,-161.3276,2
-126.97871,-101.44031,1
196.38474,3.5758443,0
-111.284256,115.10099,3
-110.98584,114.285164,3
-30.69074,-48.857674,0
-31.159,41.42653,0
-35.41171,-40.68089,0
70.67849,-146.21683,0
-110.46104,-4.8744707,0
139.69368,20.419687,0
14.685836,112.035,0
13.332413,112.10341,0
10.383826,-72.18089,0
-65.98234,8.85633,0
52.94249,-57.534103,0
20.535845,-137.76953,0
-154.94495,-14.746331,0
126.785,-14.136542,0
-39.15219,141.29892,0
-41.689022,140.44655,0
-18.262873,-101.87657,0
-66.361595,34.523174,0
-39.201096,-137.78464,0
6.334985,-170.23544,0
-170.45013,-20.354212,0
121.794945,-15.361458,0
3.5401475,169.88786,0
3.9649518,169.48447,0
-19.362438,-119.097885,0
-85.212845,49.58004,0
-18.632711,-131.66525,0
23.442295,-166.23419,0
-150.44,-56.014908,0
109.446175,-33.492172,0
20.15722,193.6722,0
19.351551,193.35922,0
13.090474,-51.335384,0
-46.2124,7.1000624,0
37.885334,-32.699306,0
35.85264,-121.24622,0
-147.8611,2.8144329,0
156.4561,0.16177444,0
-50.01026,99.600624,0
-33.951424,97.23386,0
41.359665,-7.7298646,0
-39.200874,8.998894,0
41.763702,-8.859496,0
-86.09232,83.581665,0
-135.15306,11.427999,0
147.76157,-65.307755,0
35.337303,61.56458,0
35.107624,61.56334,0
-13.997194,-122.42,0
-78.02854,55.294304,0
-15.269417,-131.88557,0
28.020441,-171.29198,0
-151.82076,-55.11045,0
114.59316,-36.274517,0
16.000599,197.27635,0
13.159082,149.17061,0
127.74896,99.74135,0
33.288143,18.436647,0
-143.54364,58.02282,0
-105.182686,57.712982,0
-58.22257,-38.18824,0
89.735275,-80.077965,0
114.69305,98.83285,0
114.36981,97.923515,0
-29.027086,-29.674894,0
-9.134363,27.452375,0
-32.49037,-24.719492,0
82.96803,-118.33099,0
-116.52047,-23.784378,0
117.738014,20.012098,0
14.646085,86.21712,0
14.586804,84.88911,0
-69.965675,-91.40183,0
-34.450096,53.763294,0
-73.598305,-97.67917,0
76.6241,-157.29968,0
-101.2462,-45.4407,0
88.27197,8.300939,0
63.949383,123.10096,0
63.862637,124.32211,0
21.432196,4.1071215,0
2.3560543,16.085287,0
20.133839,0.6518721,0
70.990555,-97.432816,0
-99.64466,-11.012452,0
133.38153,8.023562,0
18.915646,76.7466,0
19.74604,76.40106,0
-57.07768,-89.48139,0
-33.513786,46.464863,0
-64.61724,-107.14388,0
71.3871,-150.30287,0
-106.36076,-45.2966,0
113.00603,-5.287104,0
48.546516,129.19724,0
49.05215,130.46492,0
22.167439,5.263604,0
3.7113552,16.29867,0
24.46969,1.3327029,0
70.989845,-95.72002,0
-99.534386,-10.808995,0
166.66803,-27.094744,0
24.237938,74.715866,0
24.560503,74.08989,0
-29.630302,-100.958374,0
-54.93934,38.01865,0
-37.917812,-116.37014,0
9.387477,-186.2486,0
-130.09879,-47.58762,0
110.53653,-10.559616,0
16.608532,163.92004,0
17.83419,164.62437,0
-37.334007,-16.003185,0
-0.8525387,45.640617,0
-118.73526,40.40867,0
45.887722,-179.8914,0
-86.839485,-27.773203,0
118.265144,-69.343414,0
55.642498,71.51888,0
56.18111,71.53628,0
-23.72076,-99.97194,0
-61.376686,37.569576,0
-44.94097,-135.00896,0
7.6556463,-177.85371,0
-135.80132,-49.666958,0
113.70313,-13.105979,0
15.491196,170.38046,0
16.422186,171.22984,0
-25.36799,-117.21574,0
-87.3349,45.560146,0
-28.447842,-128.12953,0
-6.5933466,-186.41924,0
-147.21234,-59.330215,0
110.41988,-30.50865,0
23.05332,188.26764,0
24.318918,185.74088,0
15.714436,-31.920626,0
-34.470615,25.27771,0
23.53286,-24.97912,0
46.802673,-105.90634,0
-132.30983,19.291119,0
163.16245,24.06137,0
-50.96252,78.67311,0
-50.90698,77.45212,0
83.48054,79.4716,0
16.551321,36.040672,0
-124.41315,36.09394,0
-114.87538,40.074787,0
-81.63813,-33.1317,0
113.873474,-75.8643,0
66.98167,78.594215,0
67.00971,78.1915,0
12.714249,-53.568745,0
-48.889046,4.614441,0
36.84652,-37.417942,0
35.203327,-122.9206,0
-146.11095,2.0991416,0
156.02211,3.9649148,0
-55.625145,114.6729,0
-61.726162,113.95731,0
-17.095572,-110.82364,0
-81.12445,43.084953,0
-0.50581396,-126.66213,0
-5.4667435,-177.05106,0
-149.23465,-44.50014,0
148.87038,-38.831707,0
4.247889,189.34445,0
3.757256,189.09834,0
1.6330748,-40.891376,0
-28.779222,6.577654,0
22.519747,-12.123222,0
55.270325,-118.42452,0
-130.44162,3.4363463,0
148.0171,8.888863,0
-37.398884,96.34945,0
-34.98387,92.3237,0
41.35787,6.8020024,0
7.851637,44.042732,0
39.924984,4.7832847,0
-94.41883,82.992905,0
-100.96183,-27.450565,0
143.96216,-73.44733,0
43.23997,51.294586,0
43.333515,51.897102,0
92.21858,99.71628,0
25.738646,24.965424,0
-135.2986,48.536453,0
-108.94514,50.274868,0
-64.7754,-34.673664,0
99.19127,-85.475586,0
90.88423,100.25811,0
90.79276,100.32596,0
-57.358215,-57.2277,0
-5.132633,38.952187,0
-56.224075,-52.233078,0
94.17116,-134.586,0
-145.72557,-71.15067,0
117.768265,8.505606,0
38.27496,95.313934,0
43.76714,93.075,0
43.450394,12.147615,0
11.39155,45.90921,0
-103.49813,84.93932,0
59.151543,17.242483,0
-70.65685,-23.32496,0
141.02217,-80.166695,0
48.641228,42.205967,0
47.48587,42.392895,0
1.3423204,-91.039314,0
-86.20975,19.686604,0
49.646313,-74.573135,0
23.49209,-157.68407,0
-166.5898,-34.588863,0
128.60928,-32.600216,0
-18.15022,158.66997,0
-20.177591,155.04532,0
11.183686,-43.231922,0
-41.39259,8.842784,0
27.646578,-30.334831,0
36.4303,-113.9412,0
-121.03318,6.062954,0
149.31282,2.2848454,0
-46.24331,97.26371,0
-66.09113,100.74682,0
-39.598843,-100.624954,0
-55.146626,48.837917,0
-47.590893,-127.87079,0
19.915195,-183.2707,0
-131.24358,-63.108418,0
102.33987,-17.783953,0
31.877947,158.44502,0
31.950634,158.24986,0
19.624416,-80.303474,0
-69.34043,21.617369,0
57.074654,-62.728973,0
33.023533,-149.45345,0
-180.64568,-12.031929,0
149.54327,-33.708992,0
-57.316425,156.23601,0
-62.828537,158.0259,0
13.566856,8.21778,0
17.522747,32.91384,0
14.217343,7.706052,0
29.724453,-100.501656,0
-86.88896,-36.01701,0
96.90091,26.809793,0
22.2247,58.959522,0
22.21159,59.139168,0
88.70914,94.99935,0
27.570406,29.263575,0
-136.33818,42.83211,0
-104.77758,21.779558,0
-66.81206,-37.05575,0
101.72549,-86.16163,0
87.196175,98.06855,0
86.82723,98.09546,0
-13.334513,-34.366047,0
-16.03543,11.837791,0
6.446387,-10.607787,0
67.578705,-123.19491,0
-121.058105,-5.965637,0
139.9558,13.527928,0
-12.687974,96.14747,0
-13.582017,95.80103,0
12.898443,-62.99809,0
-57.57425,-3.0570521,0
42.645523,-47.829815,0
22.396912,-120.39097,0
-160.81412,0.5816027,0
147.6959,-9.68001,0
-45.857487,127.72032,0
-45.832016,127.392006,0
-49.987305,-78.228,0
-15.219376,51.991024,0
-60.86433,-75.67895,0
103.86215,-119.16957,0
-115.87062,-47.368862,0
101.10969,0.07890126,0
37.66128,120.36983,0
42.65036,121.360115,0
69.18704,19.325647,0
13.184324,16.834276,0
69.8505,18.892132,0
70.70727,-84.861046,0
-88.33516,-9.612609,0
175.17279,-34.757214,0
56.139248,60.491165,0
56.195755,60.506268,0
71.20728,-27.371542,0
-105.80796,-99.727554,1
75.10391,-33.176933,0
-48.23179,-163.13939,2
-126.297,-100.109055,1
191.2156,7.495781,0
-106.2201,116.28617,3
-106.57103,118.35058,3
-10.229685,-32.77229,0
-14.922624,9.999973,0
-0.33275738,-7.984097,0
71.71452,-114.16996,0
-123.89324,-8.793021,0
137.97195,14.248169,0
-12.4927225,86.07833,0
-12.863165,85.31404,0
50.107838,10.705904,0
13.530387,49.59333,0
50.807507,9.9088955,0
-106.45015,80.40095,0
-96.778656,-24.958836,0
136.40576,-78.56347,0
45.022175,34.663563,0
44.8586,35.403645,0
-75.077095,-87.27392,0
-25.403208,56.831364,0
-79.35737,-90.47416,0
83.64302,-153.81079,0
-93.51416,-42.28477,0
89.65006,15.961321,0
62.335037,109.9856,0
63.616413,109.562035,0
-71.71527,-91.401085,0
-32.204796,51.835102,0
-73.32208,-95.08303,0
77.63024,-153.91725,0
-99.59533,-40.94331,0
91.59285,7.638453,0
66.61711,119.684746,0
67.2164,119.59665,0
-2.1221712,-30.276926,0
-23.642673,2.9403193,0
19.451149,-7.4478393,0
60.889923,-117.65756,0
-130.8595,-5.6291027,0
136.6358,2.400025,0
-25.77588,92.37278,0
-31.344881,91.800415,0
12.083981,-53.770294,0
-49.361996,3.6355348,0
35.948418,-38.0677,0
32.66188,-122.75947,0
-150.49646,0.045412324,0
156.36655,-0.54221475,0
-54.887753,115.073,0
-52.431232,116.29922,0
-13.523751,-120.20155,0
-80.77706,52.57211,0
-12.579227,-124.52942,0
-12.864628,-180.17012,0
-152.93568,-52.051205,0
119.18948,-34.926174,0
11.126064,200.4116,0
11.635413,200.82301,0
-12.96002,-85.454735,0
-81.09275,68.52353,0
-12.351825,-79.33177,0
32.546738,-163.2872,0
-175.26706,-42.800716,0
128.39928,-37.936882,0
-7.348071,149.63058,0
-5.2701755,146.80998,0
-1.6012629,-101.54289,0
-80.89395,32.718956,0
5.6287675,-108.86807,0
-9.130521,-163.99522,0
-149.11143,-34.710003,0
154.92833,-40.38397,0
-13.212043,185.76466,0
-12.967775,185.63531,0
17.316816,-59.36611,0
-43.29482,8.883176,0
52.46665,-44.034603,0
18.280588,-118.96718,0
-139.37775,6.01327,0
158.26447,13.657704,0
-50.75077,124.15248,0
-48.680767,98.430305,0
-27.817358,-118.07144,0
-89.409355,45.00026,0
-30.490143,-125.07243,0
-4.8392224,-188.57639,0
-143.83208,-59.59497,0
108.49261,-28.269318,0
27.68149,185.52731,0
28.343006,185.25768,0
-20.97182,-121.575836,0
-87.54526,52.037006,0
-19.853573,-129.16403,0
-12.741689,-186.22601,0
-153.52885,-57.41532,0
112.654816,-35.90978,0
23.407902,197.1435,0
24.718496,196.36154,0
71.69583,-24.535786,0
-101.49818,-98.65601,1
73.36961,-36.877857,0
-46.02145,-166.69473,2
-125.77858,-106.92938,1
194.32175,8.14873,0
-108.60053,110.26987,3
-108.66688,109.730934,3
-8.874586,-83.63967,0
-87.90725,27.82287,0
29.01533,-86.01064,0
38.529434,-157.80045,0
-175.66617,-38.50361,0
136.02295,-39.952293,0
-12.884774,140.62735,0
-11.85432,140.41457,0
-83.62392,-116.36857,0
2.729041,59.025314,0
-79.65673,-124.70587,0
-13.237784,-148.22484,0
-102.12053,-63.522057,0
82.90226,-3.3075297,0
69.31658,148.58578,0
70.96833,148.83391,0
-33.562954,-103.00676,0
-54.289547,41.61512,0
-50.183666,-122.79649,0
11.466185,-189.15477,0
-185.71405,-39.4718,0
102.88005,-11.089961,0
23.121414,163.9165,0
23.712408,164.03534,0
89.613205,87.52701,0
28.021387,34.312775,0
-137.92207,39.705986,0
-106.94225,25.363564,0
-74.65572,-38.386856,0
105.46654,-79.580666,0
78.217865,93.732895,0
77.76907,93.57367,0
-46.991604,-99.62271,0
-46.63449,48.282104,0
-57.45578,-117.8284,0
25.401827,-189.7302,0
-121.528534,-61.078426,0
100.28513,-10.560171,0
39.576424,145.20164,0
41.941216,147.08775,0
-27.63594,-40.694664,0
14.1590185,35.615562,0
-27.859224,-40.082474,0
32.326283,-101.906334,0
-90.62018,-34.95165,0
97.9613,24.03825,0
19.03872,104.32661,0
18.976725,104.40195,0
-40.352924,-104.99074,0
-52.104305,45.718636,0
-51.591465,-125.73316,0
18.256884,-188.05862,0
-128.1035,-59.926937,0
100.6382,-16.186596,0
36.58579,162.3701,0
38.377266,162.29587,0
-17.075644,-84.662735,0
-79.18833,68.50019,0
-13.461996,-78.64199,0
34.60821,-166.0919,0
-176.14984,-45.789806,0
125.67074,-41.011745,0
-3.2792819,149.09767,0
-2.4253132,149.32646,0
49.946148,13.382987,0
15.220211,46.899918,0
50.15707,13.454068,0
-107.347145,80.43248,0
-96.86944,-27.502548,0
135.63951,-79.40387,0
47.048,32.193172,0
46.740482,33.001057,0
-26.842257,-78.81146,0
-69.01362,68.63634,0
-25.04236,-74.20014,0
48.01553,-162.5982,0
-171.04776,-59.84138,0
118.8816,-51.81524,0
1.0029081,131.11536,0
0.40951392,131.05493,0
-40.433582,-86.11603,0
-51.26336,51.728622,0
-53.072086,-120.27979,0
20.812885,-181.2031,0
-125.95491,-58.73823,0
95.73516,-26.348236,0
24.162691,129.31679,0
24.499622,129.91919,0
14.290828,-34.013927,0
-35.977077,21.836233,0
34.143135,-25.362425,0
46.27087,-110.48811,0
-140.08337,11.388827,0
162.33876,7.501519,0
-54.535683,91.157646,0
-60.51312,96.320694,0
113.43801,44.91356,0
56.830246,-12.865331,0
-126.18185,85.76785,0
126.95018,51.095398,0
-49.554016,-13.881624,0
72.83693,-52.54572,0
139.96812,59.711586,0
141.59364,57.68204,0
17.889452,-77.74907,0
-68.98267,16.218151,0
53.284107,-60.575024,0
30.978949,-144.98944,0
-177.08453,-12.817162,0
151.15724,-25.801643,0
-56.985058,153.23999,0
-57.908043,151.30804,0
-17.834011,-83.25693,0
-78.10561,70.562965,0
-15.478152,-77.666435,0
37.192238,-164.32642,0
-177.9664,-45.747257,0
127.78442,-43.478916,0
-2.1741161,144.96053,0
-1.699036,145.6187,0
-13.974495,-42.519955,0
-22.583157,20.780386,0
-6.1071677,-14.3791065,0
71.99071,-129.2544,0
-145.13788,-7.236248,0
148.96211,-0.70256025,0
-4.9792995,102.01417,0
-5.5797725,102.036705,0
10.144739,-68.33076,0
-65.49618,2.7469637,0
44.751076,-56.42874,0
22.882204,-131.83463,0
-170.02393,-2.32224,0
150.33492,-16.856785,0
-48.348175,142.4816,0
-48.70359,141.50163,0
25.478895,5.808332,0
6.499165,16.92218,0
26.381445,3.3626761,0
70.96431,-92.9248,0
-96.45576,-11.6341095,0
171.41359,-28.305605,0
27.07201,73.09583,0
27.873926,73.20041,0
18.301603,-49.846832,0
-46.66174,11.343403,0
41.30515,-30.151329,0
40.37205,-124.286125,0
-146.43523,8.357273,0
156.19435,8.721393,0
-63.717754,110.06895,0
-63.738167,111.244484,0
24.953102,-41.50592,0
-43.443653,24.995571,0
44.3838,-16.677622,0
50.67875,-138.05234,0
-140.91502,-22.412066,0
126.997314,-3.1525517,0
-76.414665,98.88166,0
-75.785484,99.53181,0
-40.1106,-55.503857,0
-11.885559,29.769283,0
-41.867085,-51.37673,0
86.07847,-119.63593,0
-115.16042,-27.943823,0
119.83599,23.82459,0
18.087076,87.04334,0
19.980722,86.24013,0
-16.211067,-58.41416,0
-38.038708,20.332733,0
28.163008,-31.881647,0
39.01118,-107.49799,0
-142.0205,22.177116,0
169.1016,14.248127,0
-51.693817,92.98653,0
-50.83961,92.50266,0
86.610794,33.77826,0
66.10859,-9.984911,0
87.610954,32.5752,0
81.61391,52.338493,0
-65.508965,-13.94718,0
83.938446,-46.124004,0
82.50854,39.702927,0
82.60369,39.75325,0
-65.68674,-88.819626,0
-37.157978,58.3697,0
-73.497406,-101.27254,0
76.93678,-160.6342,0
-99.91246,-50.403965,0
87.03107,5.4063573,0
56.59189,127.22086,0
58.335407,127.80565,0
23.643152,-42.650536,0
-46.5334,21.432734,0
32.270397,-29.814873,0
49.50793,-127.44519,0
-127.48224,9.669104,0
152.82532,5.211206,0
-52.8598,105.74834,0
-53.35545,105.548294,0
-19.238235,-97.77729,0
5.3557024,52.230427,0
-45.384205,-140.3704,0
10.00991,-171.27196,0
-101.79492,-32.148464,0
126.220375,-6.145038,0
5.0296335,163.83897,0
4.968877,164.10226,0
-14.673407,-27.326122,0
-6.35989,12.696923,0
2.1255157,0.36984485,0
84.527016,-106.35757,0
-110.640495,-36.829037,0
99.02011,7.5220633,0
0.40718022,88.369995,0
0.11646033,89.22313,0
45.017654,5.2855835,0
10.2443695,45.003166,0
45.625835,2.611063,0
-96.806984,82.30805,0
-101.051994,-23.489964,0
142.49838,-72.596405,0
40.873764,49.37139,0
40.06879,49.31697,0
10.827658,-26.902184,0
-28.008398,26.184946,0
13.177424,-23.99324,0
51.5258,-100.84988,0
-119.131424,16.93301,0
176.91714,18.174673,0
-43.32048,80.6207,0
-42.254055,80.21561,0
-21.53374,-25.596222,0
-3.8459308,19.152067,0
-23.542175,-19.565254,0
77.85153,-107.67728,0
-107.964005,-17.129013,0
130.42213,25.871542,0
3.6439743,77.82161,0
3.6109087,74.45072,0
-28.556759,-46.42084,0
-30.165792,39.388573,0
-33.33554,-40.29228,0
70.406364,-144.13007,0
-109.43803,-7.1259093,0
110.22136,3.3622603,0
12.801387,110.30191,0
12.582108,110.68832,0
-31.322252,-103.19209,0
-54.34296,39.252808,0
-37.375946,-115.86218,0
9.546373,-187.82391,0
-130.82777,-48.953117,0
108.40975,-11.142681,0
20.43813,164.62842,0
20.45937,164.6775,0
45.032722,17.49181,0
19.358965,48.38882,0
-114.292,80.560555,0
54.48061,21.59751,0
-74.931465,-21.007437,0
133.91669,-81.07378,0
46.87102,29.498638,0
46.703247,29.673464,0
17.093246,-55.450985,0
-46.037594,3.212557,0
41.344048,-37.83013,0
34.7357,-128.18416,0
-159.75302,-15.115638,0
151.63484,-0.10255802,0
-59.69288,119.62312,0
-59.432743,120.50813,0
-11.438349,-58.3948,0
-38.208214,36.154087,0
-10.15894,-67.0312,0
61.665863,-141.01613,0
-111.80661,1.6594442,0
141.10454,26.949299,0
-16.13112,122.95294,0
-15.454862,123.00068,0
-1.6161584,-22.72927,0
-31.471786,-4.389483,0
-1.2178769,-20.881027,0
68.86073,-106.27157,0
-120.52068,10.438255,0
155.62164,19.557528,0
-14.149027,73.042534,0
-13.172114,74.006714,0
9.675766,-66.428024,0
-63.62299,2.9141927,0
47.5594,-52.849964,0
21.729801,-127.68762,0
-169.71046,-1.0136853,0
154.01936,-10.260695,0
-37.798264,132.19919,0
-37.451263,132.94872,0
83.76313,78.419785,0
15.8064165,37.21547,0
-123.81903,36.269222,0
-112.48676,39.861164,0
-82.267044,-32.05354,0
114.574814,-74.482735,0
65.58747,76.786896,0
65.49306,76.24454,0
-5.080016,-94.83589,0
-73.42365,49.979244,0
33.94498,-91.08582,0
23.015442,-163.83276,0
-161.24962,-47.424934,0
135.77864,-46.180744,0
-15.496846,146.67451,0
-15.183224,146.74513,0
-4.0896735,-28.66462,0
-18.264753,3.8656201,0
10.775343,-4.327289,0
64.5968,-117.80764,0
-130.60089,-9.6980715,0
134.5393,3.8412871,0
-21.062944,99.05797,0
-20.97423,98.262695,0
-49.62416,-81.31959,0
-13.74358,52.915558,0
-60.746197,-75.301476,0
102.83857,-122.60541,0
-111.800606,-48.510723,0
102.41878,-1.2296342,0
37.5123,123.356125,0
40.05541,125.23207,0
80.23232,80.6842,0
19.405725,32.883156,0
-127.73141,37.684433,0
-113.56672,38.49037,0
-80.364265,-36.76742,0
113.48499,-79.11573,0
72.24326,80.45883,0
72.03195,80.22341,0
-23.454903,-82.27763,0
-73.70011,68.20703,0
-20.028334,-73.88775,0
42.159695,-164.59196,0
-176.04904,-50.745464,0
129.65541,-47.437878,0
0.07955465,137.58221,0
-0.6047265,137.72679,0
-12.104141,-55.261597,0
-34.54831,36.43082,0
-13.649609,-51.047203,0
65.55028,-139.69023,0
-113.8084,0.1978156,0
144.09126,26.248545,0
-16.156914,114.067955,0
-15.465676,111.74319,0
-62.85684,-61.863518,0
-2.4575043,34.626892,0
-67.08828,-66.22733,0
102.278076,-133.27026,0
-152.6916,-72.464554,0
113.430466,25.700598,0
38.77544,85.263954,0
38.4545,85.68108,0
38.533577,-2.419695,0
-8.537053,48.04212,0
37.878117,-2.2834432,0
-87.96218,83.803696,0
-111.54333,-46.450832,0
142.092,-65.87375,0
42.015236,59.262054,0
41.908108,59.286762,0
-12.049239,-34.61461,0
-14.033241,8.685559,0
2.1041794,-4.9186225,0
68.96858,-122.10556,0
-121.37304,-9.648935,0
141.39122,14.436211,0
-9.725431,92.52348,0
-10.110969,91.85176,0
9.9833765,-32.62202,0
-33.123997,19.674469,0
25.193802,-21.181824,0
49.250862,-109.74851,0
-129.71619,21.717756,0
168.05556,18.737717,0
-47.65472,86.80488,0
-47.679005,87.61306,0
0.2187441,-29.461212,0
-23.865553,5.1423955,0
22.085146,-5.6979136,0
58.10317,-119.77821,0
-130.10811,-0.794312,0
150.10324,12.465628,0
-29.287054,93.53108,0
-29.867043,91.82811,0
15.391946,-64.39053,0
-59.23612,-4.240133,0
47.11664,-48.401352,0
20.423336,-119.39103,0
-161.90956,1.3366326,0
151.49455,-9.22691,0
-47.544613,129.5191,0
-49.120483,131.79066,0
-71.529976,-87.128174,0
-30.768364,54.197105,0
-76.788635,-93.7534,0
80.84668,-156.28748,0
-97.77594,-46.119305,0
90.49303,11.425421,0
61.246723,116.1983,0
63.721264,115.79661,0
-38.83128,-97.196976,0
-56.1321,52.619953,0
-50.341415,-116.93227,0
24.749077,-180.18279,0
-125.522514,-56.439156,0
91.31556,-10.74474,0
26.89964,150.0029,0
21.397886,144.47389,0
-43.46138,-57.993706,0
-15.054612,36.311527,0
-44.348335,-51.055782,0
88.47599,-122.80699,0
-117.63467,-28.478222,0
130.80113,-57.015026,0
23.355703,94.8463,0
23.735907,95.57833,0
-10.713974,-105.43964,0
-75.15213,35.726368,0
1.461118,-114.13259,0
-1.9220084,-171.48845,0
-143.06088,-41.357197,0
150.67941,-41.04273,0
-0.5816029,182.30058,0
0.19881876,181.28926,0
-19.565226,-55.54885,0
-61.745693,57.953575,0
-18.476748,-54.293976,0
50.475025,-151.80844,0
-168.20032,-46.133446,0
139.80959,-3.5941231,0
-9.398232,119.78894,0
-29.90912,97.674484,0
42.15477,-6.426348,0
-44.290478,4.732293,0
44.14397,-8.147916,0
-86.02278,82.77889,0
-152.24,4.5577507,0
147.18312,-66.47776,0
35.282833,59.08414,0
34.971355,59.064323,0
-64.98719,-58.519733,0
0.49160495,34.358692,0
-70.90291,-65.32479,0
101.4081,-136.73776,0
-150.36629,-76.02889,0
110.52127,26.16806,0
43.276764,86.09784,0
43.070377,86.418434,0
9.847949,-92.262024,0
-80.7797,21.786364,0
51.65888,-79.73259,0
21.608807,-156.02875,0
-171.42958,-30.356068,0
140.6448,-31.110275,0
-45.925045,167.92911,0
-46.999626,166.81593,0
127.50159,98.607216,0
32.578968,19.466585,0
-143.78786,58.16499,0
-104.67589,57.737843,0
-57.10653,-38.599396,0
88.87191,-80.187805,0
116.398605,99.27164,0
116.44993,98.79431,0
0.58633333,-90.807625,0
-85.66362,19.716097,0
36.729733,-84.41024,0
21.366188,-157.2194,0
-167.87225,-33.710186,0
131.9279,-32.825058,0
-18.873755,160.1916,0
-20.326437,157.25372,0
4.483376,-35.84824,0
-30.23464,3.2511108,0
21.600565,-13.175688,0
54.753464,-114.14864,0
-133.75645,5.824589,0
156.53848,22.479279,0
-31.083582,78.35063,0
-31.283459,85.27352,0
-56.488125,-57.425755,0
-6.607201,39.41828,0
-56.298786,-50.66505,0
92.92044,-133.8153,0
-126.7786,-32.413345,0
115.973,6.754745,0
36.796062,96.85291,0
36.190617,96.58278,0
-16.520607,-37.653805,0
-21.18618,21.64022,0
-2.5045257,-11.559288,0
70.62004,-126.986435,0
-126.88909,-15.44513,0
128.6662,10.1825285,0
-2.7321756,99.16701,0
-18.053276,82.48962,0
-26.496952,-114.84617,0
-86.54584,42.15555,0
-30.937931,-129.48529,0
-4.7155576,-184.93825,0
-143.21169,-53.1521,0
113.462944,-27.870312,0
23.153563,183.82234,0
22.930323,182.73085,0
15.327454,-86.23917,0
-77.179375,18.931185,0
52.51607,-71.987816,0
25.928928,-148.48694,0
-172.48637,-23.234396,0
145.6046,-24.550833,0
-45.863556,156.91226,0
-47.06639,157.7109,0
-8.058864,-28.365978,0
-14.741027,3.868008,0
5.9205065,-4.067058,0
68.3417,-117.00087,0
-130.3939,-11.048992,0
136.12956,7.6550117,0
-23.999905,104.3963,0
-22.453543,105.73696,0
14.96266,-36.54543,0
-34.68895,19.31051,0
52.903847,-45.27976,0
40.632595,-106.47621,0
-133.18376,22.994356,0
169.19276,16.147736,0
-52.7405,86.99172,0
-52.133144,87.84811,0
-15.525928,-120.06898,0
-82.60176,51.319668,0
-9.839544,-126.13844,0
-15.285347,-179.82861,0
-152.2036,-52.425407,0
116.60033,-36.1885,0
14.295653,197.51292,0
14.626875,197.04277,0
-29.02655,-103.31387,0
-57.139194,38.58536,0
-55.58357,-127.82118,0
11.812738,-185.56624,0
-128.30273,-44.648758,0
105.03829,-9.106921,0
19.796833,161.52022,0
19.058596,161.63275,0
-18.85015,-58.09075,0
-66.59783,65.30609,0
-25.266502,-70.325966,0
63.703804,-120.48195,0
-168.6778,-57.42554,0
128.20288,-56.877865,0
-11.894323,123.17036,0
-12.28648,124.01948,0
0.99476457,-73.30162,0
-75.96056,4.0366483,0
37.08925,-65.56901,0
15.300156,-140.42946,0
-155.1454,-18.637857,0
142.05675,-14.791495,0
-31.931496,144.67433,0
-32.892723,145.61658,0
11.116031,-91.686264,0
-83.339165,20.47691,0
44.68203,-86.19493,0
22.630983,-155.53839,0
-169.8103,-33.69382,0
137.32814,-31.09079,0
-43.640812,165.45438,0
-43.90897,166.04454,0
90.14003,37.33592,0
67.487976,-7.309723,0
90.43328,37.36996,0
82.977776,50.419716,0
-65.14153,-15.943373,0
86.33546,-47.35101,0
85.09769,42.9338,0
84.78147,42.928806,0
-81.02368,-115.94483,0
1.4351053,58.124393,0
-75.083694,-125.374344,0
-12.771057,-150.96587,0
-103.3394,-66.48066,0
83.90317,-7.2707863,0
65.45011,148.08366,0
65.438416,148.54074,0
99.81415,90.64058,0
32.05468,31.164345,0
-140.59782,41.604767,0
-104.51966,47.25402,0
-71.933525,-39.717678,0
101.67327,-78.44152,0
97.28039,108.70401,0
96.819695,108.920235,0
92.50055,61.445335,0
61.25893,-1.1281681,0
-125.77809,72.11779,0
91.729195,61.481777,0
-52.855324,-22.62356,0
87.1545,-63.05643,0
90.89366,62.137753,0
90.94675,62.14619,0
11.6093025,-90.03066,0
-83.40799,20.111115,0
50.910408,-76.58068,0
23.577023,-155.97374,0
-169.28323,-34.226654,0
136.74118,-33.560028,0
-40.813923,167.22757,0
-45.088486,163.22083,0
-51.114647,-85.634056,0
-15.274466,53.81856,0
-57.459114,-113.063416,0
29.217827,-190.43947,0
-116.368164,-49.16207,0
101.64187,0.99520284,0
36.47979,139.67035,0
36.292107,142.96579,0
12.777084,-62.62591,0
-56.859303,-2.5676394,0
41.563618,-47.424942,0
23.516161,-121.36297,0
-161.54422,-0.3651851,0
145.00247,-15.621639,0
-43.053707,126.355,0
-45.042713,125.15475,0
-50.41163,-76.35074,0
-17.723623,50.56308,0
-60.35491,-71.84214,0
104.357315,-116.6477,0
-115.17501,-41.634556,0
95.45701,6.18495,0
40.990166,115.957054,0
42.0486,115.22556,0
-21.814787,-116.33084,0
-85.8341,47.47808,0
-22.819046,-134.8582,0
-11.328539,-166.3118,0
-142.87747,-46.95054,0
120.47926,-6.697952,0
19.205126,190.27159,0
28.97886,190.89333,0
6.020912,-35.127243,0
-31.332825,5.061652,0
24.476486,-13.51692,0
52.92304,-115.6364,0
-136.55722,4.538469,0
155.9086,14.037781,0
-35.689445,85.699844,0
-34.94389,86.58819,0
46.305737,19.275991,0
20.24811,49.80796,0
-117.34887,84.11842,0
52.62561,22.948992,0
-76.71118,-19.642231,0
131.26624,-81.16003,0
48.517982,24.440153,0
47.951912,24.498617,0
-20.898972,-118.00174,0
-86.23839,48.89622,0
-20.978313,-132.29268,0
76.31993,-97.41302,0
-109.781265,-44.12242,0
165.30827,-34.408955,0
20.298336,191.69229,0
21.011576,191.70125,0
-64.52568,-90.63235,0
-36.97452,55.719765,0
-70.21143,-100.09334,0
75.88812,-159.83308,0
-102.793915,-47.215218,0
91.05634,6.364718,0
60.11298,127.34936,0
60.83966,127.796875,0
-2.6925902,-43.1105,0
-25.899765,13.96496,0
10.7243595,-16.252934,0
59.17824,-127.961685,0
-126.49157,2.832905,0
146.41766,7.57044,0
-40.673973,98.430115,0
-19.198208,108.38351,0
44.11687,14.755904,0
15.06347,47.77208,0
-106.68884,82.141624,0
57.186394,19.766085,0
-72.82724,-22.162428,0
136.87152,-80.82563,0
48.183716,34.59025,0
48.79354,34.56487,0
16.768803,-38.184906,0
-37.219536,16.33624,0
29.903465,-20.803501,0
44.623108,-113.17616,0
-135.92146,8.969676,0
157.59842,15.079341,0
-57.65025,90.18342,0
-56.655228,88.443344,0
9.82014,-72.03737,0
-66.08343,8.990971,0
38.239285,-51.105705,0
21.166203,-137.58145,0
-155.41556,-14.764398,0
139.23671,-14.476924,0
-39.070637,141.98369,0
-64.446526,135.08698,0
7.0264926,-87.119865,0
-85.042885,14.939342,0
48.600136,-76.46648,0
16.532843,-154.71738,0
-165.05585,-26.131372,0
136.49658,-24.78253,0
-41.481285,173.43141,0
-42.826283,173.03967,0
3.380772,-34.16084,0
-28.258432,4.8900743,0
19.717262,-14.028815,0
56.49738,-113.797516,0
-131.76381,4.292133,0
148.07732,22.436844,0
-27.645819,81.44441,0
-26.409979,80.21532,0
44.779545,8.528933,0
9.147041,48.59131,0
42.3026,4.1054506,0
-100.461685,81.69691,0
-98.458694,-26.857878,0
141.2068,-76.22199,0
44.27462,44.3691,0
44.079952,46.399883,0
42.945484,-3.1481326,0
8.372753,47.230206,0
45.77349,-0.10586348,0
-92.11439,83.05117,0
-99.149055,-21.826857,0
144.16832,-69.07432,0
37.88723,54.049953,0
37.423058,54.641525,0
-24.654413,-24.574766,0
-7.995644,20.666924,0
-24.030165,-13.067443,0
74.60197,-109.20369,0
-113.499855,-17.320932,0
130.74776,21.73383,0
0.7041344,77.14693,0
-1.5442007,74.76533,0
46.91162,-9.112056,0
-86.77446,39.915062,0
46.856056,-8.952066,0
-86.90152,83.99195,0
-141.51169,-53.666275,0
144.93536,-66.01783,0
32.947037,59.073208,0
32.686844,59.209206,0
-18.912428,-36.819157,0
-22.094633,23.901392,0
-5.391797,-17.947336,0
74.40111,-128.49951,0
-125.83746,-18.623718,0
127.30582,12.329524,0
0.15420492,99.15059,0
0.99951565,96.890594,0
24.174837,-46.515553,0
-45.310192,19.567404,0
43.8323,-35.345493,0
49.828506,-125.87089,0
-142.90715,1.4454916,0
150.78265,5.1252728,0
-55.921925,105.81483,0
-55.229668,106.190445,0
-35.050488,-92.07148,0
-45.776386,39.954597,0
29.949604,-70.80051,0
25.855755,-175.72012,0
-163.9119,-40.440197,0
112.13921,-7.850843,0
21.832888,148.69872,0
4.7833114,155.03519,0
-24.826443,-82.307785,0
-73.296936,66.63661,0
-21.547897,-74.99239,0
43.4896,-165.03564,0
-175.62321,-51.621365,0
121.03126,-45.822735,0
2.9241626,136.5314,0
2.7849019,137.65921,0
-37.75168,-15.367141,0
-2.0604856,45.455055,0
-118.619415,41.31564,0
45.53798,-180.64548,0
-87.4853,-27.330862,0
118.70006,-68.59995,0
54.857224,70.66691,0
55.18469,70.59102,0
4.712196,-84.99464,0
-88.25848,6.821976,0
43.807217,-78.159935,0
11.55034,-150.57466,0
-161.28432,-20.53995,0
140.72894,-22.036993,0
-31.18176,168.63441,0
-29.95439,173.85838,0
24.40158,-60.21257,0
-57.60943,18.625925,0
52.507423,-39.13695,0
37.235672,-134.5498,0
-157.34389,-16.478834,0
159.70557,-24.394382,0
-65.32389,132.71246,0
-64.60015,133.4436,0
-15.054819,-37.92987,0
-19.454237,19.231827,0
-2.7718706,-11.028908,0
69.337875,-126.63035,0
-128.00484,-15.208206,0
142.62363,15.595885,0
-3.3609574,98.77808,0
-17.227545,83.10663,0
-26.795553,-78.57595,0
-69.02537,68.41529,0
-25.362518,-73.39447,0
48.11096,-163.06305,0
-170.88455,-58.59122,0
125.56398,-48.835136,0
0.8984862,131.66495,0
0.40431458,132.44275,0
85.82582,65.62805,0
61.019913,-1.6361783,0
-119.63646,64.706566,0
87.3547,66.09936,0
-50.375294,-21.478498,0
89.60727,-62.02288,0
87.31646,68.26933,0
87.490326,68.25652,0
13.018919,-31.77777,0
-31.67998,24.744942,0
16.545397,-23.026215,0
46.643246,-99.86888,0
-128.81161,16.718176,0
167.49648,9.7737875,0
-49.871975,76.64849,0
-49.420345,76.10923,0
126.09345,97.53987,0
31.846922,17.681927,0
-142.06491,59.721684,0
-104.92583,59.861702,0
-57.231167,-36.62357,0
89.487015,-78.2325,0
117.23921,95.0814,0
117.11757,95.19123,0
-66.71933,-57.253414,0
2.9757533,34.19527,0
-74.33166,-61.48608,0
100.37826,-139.5855,0
-148.38634,-77.4203,0
106.43743,28.0601,0
48.718002,86.97667,0
49.1859,87.0719,0
-16.647503,-31.1523,0
-11.070707,13.13145,0
-5.2412004,-3.88103,0
75.33956,-119.19001,0
-118.075005,-9.540265,0
134.67883,17.426973,0
-6.102418,84.49142,0
-4.717725,82.85693,0
12.360577,-55.93092,0
-46.532543,2.3240054,0
39.510345,-42.76588,0
33.671547,-127.56627,0
-151.76607,0.06846368,0
156.76483,-5.363461,0
-57.23863,118.210075,0
-57.627182,118.597626,0
-14.999359,-66.49508,0
-70.849304,52.682777,0
-15.879332,-68.42145,0
43.4395,-156.57758,0
-162.66031,-48.2949,0
134.83386,-50.244278,0
-11.120828,135.51186,0
-10.575477,135.92633,0
-6.6480165,-27.251768,0
-15.591544,1.8437811,0
7.130663,-1.2701406,0
66.75016,-117.330284,0
-135.93208,-13.456241,0
135.82454,-0.016444517,0
-20.19717,103.65437,0
-19.874727,104.42501,0
-21.850624,-24.459036,0
-4.846209,18.396402,0
-21.990597,-18.308846,0
79.067604,-106.929565,0
-108.0928,-18.282873,0
129.48715,23.32372,0
3.2171867,78.388916,0
2.823192,76.92983,0
-6.2598667,-92.50061,0
-85.59994,27.95487,0
32.298813,-90.34275,0
39.518906,-143.29417,0
-171.75307,-38.98651,0
137.59286,-39.169205,0
-16.456984,143.03816,0
-16.53934,143.55013,0
68.67558,29.572048,0
18.448647,20.198473,0
68.52331,29.042414,0
71.63806,52.209118,0
-82.149124,-12.61854,0
92.404106,-50.829517,0
61.866776,51.34253,0
61.772007,51.572754,0
7.9955134,-66.618004,0
-61.73709,5.107317,0
46.08361,-54.87427,0
25.679907,-128.7399,0
-159.96251,-7.857116,0
156.40428,-16.621592,0
-35.148148,131.13422,0
-33.616497,132.89432,0
-20.569677,-92.641785,0
-74.73504,55.801582,0
-18.344086,-92.480644,0
28.93583,-169.6094,0
-161.64651,-55.824364,0
126.93525,-52.514412,0
11.560618,151.03728,0
11.694983,150.944,0
-86.52209,-114.25757,0
-12.793308,57.9473,0
-66.82354,-121.24371,0
-5.716176,-149.64857,0
-107.315475,-61.789196,0
100.012794,-1.5731063,0
43.023617,127.7846,0
43.685295,128.10631,0
1.8555439,-95.470535,0
-76.7569,25.640293,0
5.9433627,-124.126114,0
11.183478,-162.9465,0
-137.80656,-29.471693,0
141.5365,-5.53325,0
-39.960194,145.56161,0
-1.8202983,195.56313,0
5.643338,-60.16486,0
-38.31581,20.17999,0
28.976599,-32.473457,0
37.788586,-107.807,0
-141.98538,22.61132,0
168.82811,14.949229,0
-51.41532,93.643654,0
-51.140205,93.459175,0
64.50107,-29.854073,0
-107.71042,-99.4691,1
64.279076,-30.264078,0
-47.934288,-158.59572,2
-126.80251,-98.07888,1
189.73169,6.1412153,0
-106.942696,119.87902,3
-107.07861,120.75097,3
0.52114975,-80.622055,0
-88.32202,10.13819,0
38.900394,-74.99198,0
14.551633,-149.83841,0
-159.80222,-24.725246,0
131.0988,-22.914,0
-30.77701,163.91151,0
-31.278883,164.0158,0
-65.16122,-87.83901,0
-37.129932,58.34417,0
-73.68204,-102.66973,0
76.84759,-161.4277,0
-98.64374,-49.762177,0
87.45176,6.8589225,0
56.777855,126.52563,0
57.46442,128.83923,0
-13.079603,-39.550198,0
-17.969698,17.005838,0
-3.5809114,-13.4136715,0
67.957825,-129.72371,0
-129.76518,-14.891432,0
132.64978,7.161184,0
-8.71172,103.07518,0
-9.155195,102.205475,0
42.48452,-2.3760238,0
-37.378956,6.518208,0
45.050907,-0.8995525,0
-90.93535,83.2174,0
-101.74988,-22.207548,0
144.15384,-68.44099,0
38.59345,54.87773,0
38.714832,55.65861,0
14.972799,-50.684902,0
-43.927048,5.8033013,0
37.64789,-35.040287,0
37.06575,-127.4108,0
-152.38252,5.8422194,0
159.17586,-0.5930931,0
-63.299374,116.48904,0
-64.08878,116.024414,0
19.15774,-56.51195,0
-53.48026,19.204687,0
50.825912,-41.99503,0
23.35632,-135.64882,0
-155.88187,-17.630182,0
139.45929,-5.223278,0
-37.731613,147.69582,0
-80.16704,115.94799,0
26.051388,-40.75897,0
-43.56699,26.227356,0
40.02477,-16.026255,0
52.3975,-138.9688,0
-139.61041,-20.760378,0
125.67666,-3.1002495,0
-75.40326,97.744255,0
-74.43464,97.19604,0
-68.21382,-89.8401,0
-33.984272,54.934177,0
-74.76422,-98.896095,0
78.50548,-158.25392,0
-98.96178,-46.76937,0
87.66918,8.163688,0
62.354454,121.1537,0
62.379948,122.057686,0
-30.555801,-109.82599,0
-65.65463,42.976265,0
-39.852962,-129.12787,0
3.4391918,-184.40244,0
-139.09665,-52.753624,0
107.80529,-22.498112,0
22.798311,175.27867,0
23.213997,174.29156,0
-47.935646,-75.44699,0
-16.42363,48.094437,0
-57.15468,-71.629,0
101.55665,-116.3991,0
-119.639336,-45.589287,0
104.01067,4.9360538,0
35.139416,115.992455,0
35.683067,115.60978,0
125.51034,78.65732,0
71.913,5.694739,0
-139.46361,61.05928,0
-104.20513,64.045715,0
-56.95973,-31.081745,0
87.22037,-72.85111,0
122.301636,85.365036,0
122.30426,85.34715,0
-6.859507,-89.75271,0
-89.33521,23.246614,0
34.907578,-85.743515,0
24.284216,-161.2293,0
-168.11331,-38.294136,0
130.3312,-33.74183,0
-13.343608,151.72807,0
-48.434467,170.2381,0
-6.993119,-53.910107,0
-38.421047,32.181355,0
-6.278667,-52.25027,0
60.323338,-136.06116,0
-117.43659,3.1534948,0
141.55754,29.138838,0
-23.035244,121.86029,0
-23.122599,121.14668,0
23.592335,-46.583244,0
-44.93607,18.830349,0
41.721405,-22.977238,0
47.576088,-127.160034,0
-153.08893,-16.231737,0
138.18542,-11.471803,0
-57.743015,106.78072,0
-56.91391,107.54254,0
-27.660517,-105.70506,0
-62.787323,49.465294,0
-44.4391,-123.731705,0
15.442906,-175.7327,0
-130.20212,-54.320732,0
100.992836,-22.477932,0
20.454325,155.9435,0
20.900614,154.57172,0
-12.0912075,-111.6097,0
-80.9593,40.0046,0
-0.5565509,-123.20633,0
-7.1795683,-174.6116,0
-151.79788,-44.152615,0
145.21956,-42.633396,0
-0.6580179,190.93881,0
-1.8011656,192.82736,0
-28.86601,-86.4661,0
-74.48772,63.17597,0
-48.778683,-110.8166,0
32.759876,-174.87709,0
-176.60179,-54.531864,0
121.597115,-44.339222,0
12.823597,140.96594,0
12.440142,141.16098,0
-64.88079,-92.78596,0
-36.327885,60.445534,0
-71.51181,-101.75953,0
73.38441,-162.40614,0
-96.4288,-50.208958,0
89.19609,6.8993564,0
57.09944,130.11636,0
12.273695,123.468445,0
86.42496,83.68214,0
25.550346,39.80084,0
-133.81808,43.923103,0
-112.54337,32.89678,0
-75.59474,-33.14398,0
108.9881,-80.07849,0
70.95206,90.90414,0
70.5451,90.69584,0
89.30681,86.99248,0
27.520466,35.24048,0
-134.77013,39.494564,0
-107.30891,25.817303,0
-75.62217,-37.732983,0
105.02741,-79.24594,0
77.501236,92.36373,0
77.001915,92.58745,0
-39.244133,-69.58663,0
1.2990946,30.527552,0
-71.61753,-59.797905,0
104.67536,-140.09338,0
-151.50238,-79.655334,0
186.87743,4.8021665,0
49.00344,81.289215,0
49.02825,81.29654,0
26.40573,-44.311584,0
-40.97814,22.035852,0
38.152912,-17.586952,0
48.30457,-141.32909,0
-145.80156,18.680933,0
169.13681,10.906678,0
-53.069664,94.1588,0
-53.06944,94.19388,0
-18.199633,-104.73283,0
-69.148094,36.568466,0
-45.61242,-123.02425,0
3.557742,-172.07512,0
-139.6781,-41.326687,0
112.236305,-18.5476,0
4.113056,173.4326,0
27.811325,161.31424,0
-11.184968,-106.33234,0
-76.508896,36.20168,0
1.0103043,-116.04384,0
-3.664744,-171.6081,0
-147.41838,-39.89237,0
151.19896,-43.803978,0
-1.7443584,183.60995,0
-1.476223,183.69759,0
-26.71623,-99.930534,0
-59.548164,37.383656,0
-46.17478,-132.44199,0
8.355648,-179.52782,0
-129.24178,-42.89245,0
111.83847,-13.133982,0
12.701158,167.98492,0
14.820733,166.0556,0
-48.93822,-57.523205,0
-11.119214,35.573147,0
-49.277798,-48.471222,0
88.618515,-126.97422,0
-122.043976,-28.849045,0
105.94354,14.362314,0
28.539627,91.80919,0
28.697247,91.02868,0
89.71188,97.4559,0
25.540667,25.117907,0
-130.06493,40.92227,0
-104.86795,21.484549,0
-64.89041,-34.826515,0
100.58651,-86.67961,0
88.968704,98.42001,0
89.17601,98.714005,0
86.726845,33.44421,0
66.11584,-10.297595,0
87.79308,32.1403,0
81.49607,52.519314,0
-65.449104,-13.666831,0
84.10111,-45.63569,0
81.797195,39.424515,0
81.73602,38.981922,0
-30.417238,-99.156265,0
-52.68176,37.410175,0
-38.55128,-120.95008,0
10.563988,-183.01079,0
-127.38474,-47.75464,0
121.37339,-37.14091,0
12.644391,159.66704,0
10.834028,159.4413,0
2.9025273,-26.660715,0
-27.213999,18.319407,0
30.657177,-9.107981,0
53.077522,-120.204185,0
-116.00449,11.060606,0
147.1023,10.051891,0
-40.270508,88.81279,0
-39.74336,89.33052,0
-23.281334,-121.79646,0
-90.70313,52.793484,0
-24.988726,-128.50818,0
-12.770387,-189.56396,0
-150.2668,-53.754803,0
116.98893,-33.738636,0
27.92231,198.29016,0
28.252462,198.2561,0
114.7022,44.1963,0
58.037598,-12.673834,0
-126.40604,87.05294,0
127.38304,49.522266,0
-48.660774,-12.501153,0
71.34909,-52.689186,0
138.32104,57.434055,0
140.58412,55.71682,0
-6.039398,-26.72326,0
-16.545338,7.085099,0
8.460163,-3.7610223,0
66.95903,-119.71167,0
-164.70735,-59.94231,0
138.34796,7.369065,0
-16.212639,102.16398,0
-15.628688,102.40359,0
-0.8294756,-86.478226,0
-84.29573,11.25264,0
42.211483,-74.683876,0
17.313354,-147.19034,0
-159.74596,-26.563425,0
127.43178,-21.887688,0
-24.914526,160.35306,0
-37.431522,166.4788,0
-21.222801,-123.92215,0
-88.555756,54.502296,0
-21.769087,-128.56105,0
-14.775089,-187.3915,0
-154.94536,-55.859367,0
115.04831,-33.01135,0
25.119535,199.96101,0
25.159935,200.33679,0
-28.06034,-46.969757,0
-29.938543,38.788525,0
-31.860094,-37.139812,0
70.85478,-143.12239,0
-126.35595,-26.251282,0
139.76477,24.489082,0
10.620099,108.86153,0
12.846737,107.68102,0
-66.9068,-57.55859,0
2.2727666,32.76285,0
-72.00554,-61.344772,0
102.534256,-139.0041,0
-149.18445,-77.7587,0
107.70129,27.567112,0
47.58501,84.73718,0
48.212845,84.680115,0
-19.648582,-82.00326,0
-76.04005,71.33821,0
-18.219631,-76.22231,0
39.026134,-165.16367,0
-179.80063,-47.418186,0
129.81516,-44.083313,0
-1.083898,142.97362,0
0.35897285,141.62825,0
-32.78125,-44.792274,0
-27.783775,54.23248,0
-33.950653,-44.226593,0
79.095276,-150.67633,0
-95.7246,-42.07462,0
93.811806,13.810408,0
16.42041,106.23797,0
16.913666,106.35728,0
-8.50963,-100.0258,0
-73.18269,29.470322,0
0.05311043,-109.34102,0
2.393956,-164.60345,0
-135.08931,-37.049953,0
96.08974,-0.079209365,0
-7.562079,172.02246,0
-7.6965423,172.82767,0
-21.523283,-119.95388,0
-87.35154,50.083897,0
-21.517578,-130.34106,0
-11.663879,-185.98401,0
-150.9265,-58.636627,0
111.988846,-34.410477,0
23.322538,193.68132,0
23.607473,193.39178,0
-7.876572,-107.75037,0
-80.13488,36.43121,0
-2.5477471,-120.40674,0
-7.7808414,-169.64607,0
-150.27736,-39.298294,0
149.56364,-41.540176,0
-7.3238635,183.74403,0
-7.442588,184.43494,0
46.083225,5.975965,0
9.825457,47.25958,0
47.239445,3.389762,0
-98.26983,82.20381,0
-98.92487,-23.894396,0
141.76184,-74.446075,0
41.134823,46.75954,0
40.11877,47.887566,0
26.49757,-50.0522,0
-58.208622,21.538874,0
49.51782,-28.431774,0
44.10455,-140.57903,0
-157.27277,-18.30928,0
163.63231,-6.8516426,0
-78.24046,109.71598,0
-77.98305,110.27165,0
-10.822176,-83.7205,0
-82.7692,25.455488,0
-9.325292,-76.75569,0
29.109694,-166.1679,0
-162.69987,-19.53207,0
141.42036,-18.4192,0
-10.975537,147.57315,0
-10.773887,146.96935,0
18.523943,-63.386776,0
-61.982197,-1.7982752,0
45.778522,-43.043365,0
16.724709,-122.41816,0
-157.83496,3.672571,0
169.66212,1.5192499,0
-53.97165,130.70131,0
-54.240345,130.41675,0
-24.222473,-25.287542,0
-8.35045,20.394566,0
-23.377462,-14.0796795,0
74.829796,-110.02203,0
-115.0578,-17.319345,0
131.22426,29.215929,0
-0.93605655,76.412384,0
-1.299706,75.44084,0
-4.504774,-37.628147,0
-25.05499,11.541964,0
7.5801253,-15.074041,0
55.92156,-108.35608,0
-121.967514,3.0678535,0
143.68748,11.209282,0
-21.787174,77.40866,0
-21.96547,78.016174,0
-3.8564775,-70.54807,0
-74.74535,-2.0416744,0
36.8582,-62.51873,0
63.20884,-149.415,0
-106.388405,-0.85723066,0
129.34741,-9.798144,0
-23.715485,143.38576,0
-23.368324,144.05771,0
-36.249516,-99.74394,0
-57.10743,49.661243,0
-45.456657,-125.34951,0
18.305265,-178.87958,0
-146.76195,-51.4664,0
95.30491,-24.99601,0
27.224276,155.68045,0
40.397182,156.09659,0
-21.915514,-121.73054,0
-88.42797,52.53929,0
-22.080656,-126.43942,0
-12.778871,-186.98247,0
-154.1638,-57.700054,0
114.09577,-33.634964,0
24.233013,197.76888,0
28.220295,196.6693,0
-45.281765,-40.29529,0
-23.601107,51.898926,0
-43.630016,-39.724075,0
90.39242,-112.483116,0
-89.79577,-44.06942,0
97.612526,19.041056,0
57.111397,102.59883,0
56.7855,102.41254,0
-78.94048,-119.041374,0
0.14997306,62.279175,0
-73.56825,-129.38837,0
-9.66805,-149.70442,0
-105.134995,-64.66318,0
86.851456,-5.7721114,0
66.63126,144.33005,0
64.957535,144.38611,0
18.555588,-54.392403,0
-52.60645,8.875806,0
44.327442,-37.320377,0
34.679028,-133.24019,0
-151.46143,8.191413,0
152.98372,-1.1864574,0
-61.779327,122.0578,0
-61.292767,122.53054,0
102.58074,63.321125,0
57.864483,-5.7793846,0
-126.13673,68.68327,0
-118.59429,83.117744,0
-47.54623,-24.246956,0
85.39623,-58.91457,0
102.95158,64.724686,0
102.74506,64.66658,0
20.319204,-83.51753,0
-72.297714,23.03947,0
52.757763,-62.72178,0
33.538097,-153.39903,0
-179.69531,-17.757027,0
147.38947,-32.099712,0
-55.686607,156.29794,0
-55.91497,155.2275,0
66.06837,-28.392548,0
-105.32917,-93.26277,1
66.10329,-33.082207,0
-44.062695,-159.9702,2
-131.24052,-100.90473,1
192.56961,1.9471705,0
-114.786316,117.718506,3
-114.41266,120.25304,3
13.076434,-88.81632,0
-79.05099,20.012579,0
51.63196,-74.962875,0
25.999426,-151.69249,0
-172.19482,-27.919395,0
143.71521,-30.930973,0
-47.431427,162.58018,0
-47.66988,162.96361,0
-23.569693,-29.734419,0
-5.049845,23.48417,0
-28.55922,-18.509115,0
78.12609,-114.376816,0
-112.93875,-18.094774,0
125.77906,23.282478,0
7.7594833,82.415924,0
8.223418,82.05677,0
4.283378,-35.8076,0
-30.356808,3.6490371,0
22.948708,-14.7189665,0
54.726364,-114.887726,0
-134.42471,4.4330883,0
153.57793,15.998498,0
-32.97776,84.41419,0
-32.077496,85.8961,0
38.456753,-3.1054242,0
-0.9454187,39.508205,0
37.873928,-3.2658708,0
-88.37705,83.845634,0
-148.06851,-72.0011,0
142.64363,-66.25091,0
41.336353,59.6502,0
41.19124,60.14319,0
8.435681,-88.12961,0
-82.42709,15.326864,0
48.946854,-78.00226,0
20.398558,-151.63689,0
-168.32991,-23.088068,0
140.0777,-23.316385,0
-38.112904,163.05237,0
-41.043114,164.90591,0
67.45778,-29.064934,0
-106.43097,-94.50978,1
67.48209,-32.837673,0
-45.331966,-159.78395,2
-130.26825,-99.65651,1
194.44664,2.1446981,0
-111.51671,119.81164,3
-110.74484,120.026276,3
28.257307,-46.557236,0
-43.738735,22.403193,0
44.409325,-19.710924,0
46.120316,-138.99567,0
-149.21016,17.234123,0
166.07393,-5.8589168,0
-76.89551,104.82264,0
-75.63179,105.99684,0
-28.022936,-116.09762,0
-85.36192,42.616302,0
-32.02149,-128.36969,0
-2.222908,-184.62885,0
-145.33835,-54.17856,0
114.916176,-27.844528,0
23.33765,178.80232,0
24.733677,178.44232,0
-2.047517,-74.298836,0
-77.5249,0.89549893,0
33.895393,-66.07849,0
62.066517,-145.13802,0
-149.69229,-20.759596,0
138.78786,24.09976,0
-30.423891,141.3786,0
-25.910702,136.0529,0
102.606766,58.027565,0
65.43242,2.4414794,0
-123.805405,76.09775,0
103.04392,57.850395,0
-58.188133,-21.929811,0
81.400185,-59.61214,0
103.85481,58.648445,0
103.576675,58.49841,0
11.986468,-56.437977,0
-51.00259,3.5291874,0
37.52228,-39.736057,0
34.41539,-124.05346,0
-151.12506,-1.7255778,0
154.40445,-6.2579103,0
-55.27625,116.73197,0
-58.387695,115.80977,0
3.0318816,-42.155594,0
-32.564358,-0.83321136,0
14.651665,-12.596624,0
61.82998,-107.77303,0
-141.08104,-5.0527425,0
141.00955,-0.5887612,0
-31.155502,105.26084,0
-31.361637,106.05702,0
-1.4082915,-70.75006,0
-74.20886,-0.20918244,0
36.007744,-63.240707,0
64.13892,-148.56693,0
-152.21613,-21.03238,0
126.079155,12.923739,0
-28.051561,141.70201,0
-27.854845,140.77335,0
-47.445435,-101.47029,0
-44.39203,47.319782,0
-51.89257,-121.42957,0
24.145262,-191.81888,0
-118.91884,-59.97677,0
100.60424,-6.273367,0
42.692116,142.14687,0
43.818985,145.50526,0
8.203193,-86.849815,0
-83.166336,15.280958,0
47.011738,-76.89483,0
20.541588,-150.74915,0
-164.542,-24.398617,0
137.57338,-23.314066,0
-39.018257,163.00824,0
-39.232403,164.40639,0
-65.52402,-59.78979,0
-0.29431173,34.07739,0
-75.11274,-63.289894,0
102.701515,-136.63312,0
-151.77475,-74.63697,0
112.08942,25.038422,0
42.57018,83.239204,0
42.97747,82.201965,0
-17.882101,-41.537727,0
-18.069136,21.8132,0
-6.60709,-10.901539,0
70.86419,-131.84972,0
-129.08383,-18.811615,0
126.73229,6.43315,0
-1.2803875,105.53078,0
-4.396305,109.08695,0
-25.003864,-107.80704,0
-70.04739,44.625233,0
-37.33866,-133.56673,0
1.3693508,-180.24178,0
-143.58829,-49.33753,0
116.14961,-24.824297,0
15.205599,183.31976,0
13.456356,177.97855,0
21.088284,-80.465096,0
-68.2413,20.267052,0
56.857124,-64.05636,0
32.884323,-148.6688,0
-181.7444,-13.9766035,0
150.81427,-29.409218,0
-60.321808,155.36469,0
-60.192093,154.13179,0
102.71655,63.35117,0
57.826237,-5.899134,0
-125.84774,68.89117,0
-118.76223,83.22792,0
-47.496635,-24.342758,0
85.30193,-58.785404,0
103.00966,64.58502,0
102.902306,64.51179,0
-48.008854,-76.15034,0
-15.314199,47.735764,0
-55.85802,-71.962074,0
100.89074,-118.21457,0
-116.2342,-44.724564,0
104.84881,3.1957517,0
36.349968,115.0256,0
38.282356,113.08079,0
42.534527,-0.921943,0
-34.174793,28.485798,0
43.778847,-0.110939436,0
-91.617584,83.10084,0
-128.05392,18.348228,0
143.43765,-69.329926,0
40.186714,54.020905,0
39.950752,54.447838,0
-12.533925,-43.89482,0
-23.144121,20.079962,0
52.684372,-27.624466,0
65.13242,-131.86122,0
-143.42928,-9.424469,0
148.44128,-0.9231468,0
-8.815086,106.78224,0
-67.9544,128.41605,0
2.068607,-58.168987,0
-45.97511,-3.212919,0
-0.39313626,-57.721523,0
30.458118,-111.88158,0
-161.91122,11.452968,0
175.56104,1.1867415,0
-28.191801,116.65384,0
-28.145304,116.04864,0
5.166133,-27.616995,0
-31.817978,19.159592,0
25.14806,-20.625957,0
56.373104,-121.55351,0
-130.50974,-1.8429209,0
169.94957,20.316141,0
-42.56783,86.94577,0
-43.271233,86.20305,0
1.0969255,-90.14785,0
-85.08125,18.81099,0
49.92623,-75.54285,0
20.542004,-155.55525,0
-168.96371,-27.465128,0
137.89876,-27.50939,0
-21.392834,160.15602,0
-20.426182,158.85645,0
46.792625,8.035775,0
11.445333,44.659103,0
46.355686,3.7802086,0
-101.62364,81.222565,0
-100.67613,-25.230083,0
140.7322,-76.100334,0
44.05745,41.993755,0
42.755287,44.219624,0
12.919245,-83.85144,0
-82.28085,22.215242,0
49.382256,-71.88575,0
23.304276,-153.62213,0
-170.74454,-34.596924,0
118.13543,-28.77951,0
-10.531291,153.98033,0
-44.656868,160.4106,0
-29.130224,-48.47219,0
-30.110363,40.932903,0
-35.964474,-37.83244,0
71.49294,-145.4473,0
-111.83816,-5.1105943,0
138.1636,29.275276,0
14.559862,108.64862,0
15.049025,107.39593,0
-23.79254,-97.930756,0
-60.92206,39.34643,0
-45.67504,-134.97353,0
7.4702177,-178.92873,0
-134.59744,-48.433605,0
113.3268,-10.016869,0
15.960784,169.26549,0
17.013552,168.90427,0
4.1562967,-82.81372,0
-88.047844,5.787474,0
42.30272,-78.54039,0
10.274296,-150.1821,0
-157.03839,-27.324259,0
134.74915,-19.73096,0
-29.679516,170.26357,0
-29.76772,172.02539,0
19.42979,-45.81428,0
-42.724617,14.030792,0
34.663906,-24.284592,0
43.228424,-124.186195,0
-141.82263,3.8823302,0
150.45985,14.142775,0
-45.955894,90.78296,0
-57.053104,86.17228,0
-49.921062,-85.0919,0
-12.900372,55.539288,0
-57.663086,-77.82142,0
107.92575,-121.604805,0
-112.56476,-53.134277,0
105.217125,-4.385027,0
31.331436,127.7335,0
31.025478,126.735435,0
83.73982,35.165165,0
64.73912,-10.57939,0
-112.72493,66.747765,0
82.953674,35.672874,0
-65.673454,-11.862992,0
82.727394,-44.741577,0
82.16226,36.327446,0
82.093185,36.40048,0
123.69649,76.04522,0
68.8232,9.222373,0
-120.631004,62.799843,0
-106.219666,68.0934,0
-56.136272,-27.40994,0
88.13287,-68.75833,0
118.35416,74.41371,0
118.18044,74.28486,0
4.989325,-59.01076,0
-48.616135,-5.2238607,0
32.905266,-50.1182,0
27.747492,-110.55788,0
-164.80753,12.258287,0
159.35376,-12.521632,0
-31.770424,119.76867,0
-31.745571,119.7491,0
-29.229351,-58.284527,0
-61.443527,65.49762,0
-29.729725,-65.54096,0
58.626896,-159.57477,0
-165.08354,-67.07328,0
118.96212,-54.02185,0
8.671751,117.93696,0
5.566477,121.62084,0
125.77175,73.14727,0
69.02976,5.83502,0
-129.20549,64.37156,0
-108.718315,70.6354,0
-51.197258,-29.770123,0
84.490234,-66.69517,0
110.322716,72.629944,0
110.39509,73.96005,0
-26.545937,-58.560516,0
-63.52251,63.181152,0
-27.00593,-65.74633,0
54.337833,-158.56293,0
-165.91478,-61.973797,0
121.10346,-56.352818,0
0.2347477,121.9143,0
1.0988889,122.092926,0
-38.36132,-13.914447,0
-0.8853079,40.766716,0
-118.405106,42.09693,0
45.4893,-181.18307,0
-88.11999,-26.669264,0
118.850426,-67.79773,0
54.33528,69.98666,0
54.486122,69.84371,0
3.6103282,-87.452934,0
-90.063385,10.077377,0
43.87402,-81.18444,0
12.413636,-152.73747,0
-159.46423,-25.59441,0
132.4138,-22.911484,0
-33.203358,168.20872,0
-32.819195,167.59412,0
5.8409157,-91.71104,0
-93.137184,10.461682,0
46.679707,-81.65371,0
12.598403,-155.63986,0
-163.68451,-28.61291,0
134.69417,-28.17212,0
-38.242817,170.08397,0
-39.33812,169.83461,0
-40.819435,-94.261055,0
-57.11995,56.737465,0
-52.604786,-113.63384,0
29.408375,-181.67702,0
-151.18231,-56.099003,0
106.13251,-36.390583,0
25.71182,143.19495,0
24.549019,143.16399,0
-65.26428,-58.66155,0
0.51610816,34.113995,0
-71.45477,-62.70945,0
102.29433,-137.00114,0
-150.40805,-75.230835,0
109.61422,26.76688,0
43.232662,85.265175,0
43.28162,85.548164,0
117.03795,45.914955,0
61.338017,-11.69451,0
-121.057396,84.5209,0
130.43362,51.811913,0
-51.5854,-12.039596,0
74.17408,-54.30252,0
134.57092,53.659065,0
135.26776,53.31819,0
22.42163,-77.64797,0
-67.097855,18.010386,0
59.886353,-63.523335,0
34.079605,-145.89844,0
-178.73459,-11.482512,0
149.13162,-24.92746,0
-63.25505,155.44322,0
-63.95718,156.60985,0
11.633034,-67.36484,0
-59.275303,0.9101395,0
44.126064,-54.673832,0
23.44171,-124.66681,0
-162.75156,-4.107802,0
148.3851,-8.4822035,0
-43.166195,133.22363,0
-41.940666,133.5522,0
-10.363183,-33.965363,0
-15.446765,8.362299,0
3.2676985,-5.650068,0
68.024734,-120.61704,0
-123.37012,-7.1461234,0
138.89204,13.270449,0
-11.466325,93.07104,0
-11.352817,91.795555,0
-23.912815,-85.308075,0
-76.40819,65.46594,0
-19.598911,-78.40032,0
35.535076,-170.17145,0
-176.99084,-52.998463,0
125.46828,-41.614067,0
9.144386,141.28091,0
9.389699,140.56668,0
-40.951458,-85.16633,0
4.393811,22.848753,0
-44.629444,-112.917366,0
76.92353,-92.35744,0
-124.58814,-58.029472,0
96.44394,-27.78845,0
23.96851,128.0211,0
25.179579,128.74734,0
-21.807915,-23.270803,0
-6.0853815,18.657408,0
-20.679466,-17.886442,0
80.30427,-108.38095,0
-110.45837,-17.30524,0
127.33018,25.226463,0
4.4193444,81.21648,0
5.418283,81.99814,0
-21.793236,-27.291664,0
-4.549252,21.074049,0
-27.363892,-17.5263,0
77.37116,-110.381424,0
-107.34564,-14.34661,0
125.69012,27.99505,0
5.2572923,79.288956,0
8.8019,77.26196,0
3.612655,-62.533054,0
-57.242184,25.472324,0
-1.9947412,-63.990723,0
28.398308,-126.84663,0
-152.24812,-9.138402,0
153.32391,-13.249708,0
-29.773664,127.60741,0
-30.201525,127.79977,0
-41.897682,-18.395115,0
0.6287887,52.824867,0
-122.978226,35.94823,0
-40.61291,-165.56107,2
-82.255035,-30.757153,0
115.10207,-73.64471,0
64.44357,75.333984,0
64.430244,75.39239,0
-52.145683,-100.49012,0
-40.962524,48.045544,0
-67.77051,-113.48941,0
25.735783,-195.69681,0
-116.191216,-59.673004,0
101.5119,-9.022155,0
43.669476,142.01317,0
52.22091,138.28137,0
-5.1888986,-42.70187,0
-25.533194,14.815678,0
6.1699815,-9.66523,0
57.938404,-127.66971,0
-122.17452,-0.70646554,0
139.28561,7.2339764,0
-37.558174,99.68547,0
-12.801088,102.15336,0
27.479254,-46.844078,0
-44.264984,22.281248,0
43.622387,-19.704617,0
44.771385,-138.59091,0
-150.51274,16.974451,0
165.59978,-8.300704,0
-76.93135,106.11275,0
-77.3504,106.49321,0
18.291592,-91.625374,0
-74.874275,17.931664,0
59.059586,-74.50673,0
24.794277,-143.55515,0
-174.01591,-22.63295,0
149.72209,10.192776,0
-20.6552,177.55844,0
-20.433718,177.83638,0
-70.45378,-93.152985,0
-32.670677,50.72418,0
-71.698654,-94.535385,0
75.80244,-153.843,0
-102.981384,-39.53126,0
119.88333,12.758747,0
69.073586,120.181145,0
69.66798,118.92333,0
-6.353225,-38.346085,0
-20.273987,12.535845,0
2.9153972,-13.027193,0
62.900936,-125.65202,0
-123.74847,-2.3796403,0
141.88695,9.853958,0
-14.976795,89.606186,0
-15.001264,90.05767,0
14.326827,-62.884357,0
-57.99122,-4.1239643,0
45.24246,-48.660545,0
21.720573,-119.38817,0
-159.82831,1.0688119,0
159.44353,18.758154,0
-46.64001,128.27626,0
-48.08045,126.167145,0
-18.62395,-40.9485,0
-18.08243,23.45038,0
-8.357858,-14.196883,0
72.78244,-131.63368,0
-129.03888,-20.891289,0
125.97914,8.373936,0
-2.6978292,104.70882,0
-4.2946305,105.11382,0
-45.33296,-99.915634,0
-47.063034,49.74575,0
-55.797768,-118.9454,0
22.970375,-188.73096,0
-121.50949,-62.919376,0
98.089745,-12.313253,0
36.911003,147.02173,0
36.486927,146.8304,0
-6.680915,-41.600002,0
-23.360142,14.713387,0
4.2070074,-12.517924,0
61.415417,-127.88039,0
-122.49296,-1.3837187,0
141.2882,6.6108108,0
-12.1007805,97.9911,0
-11.815634,98.42466,0
-13.555927,-28.887302,0
-12.119586,7.359537,0
2.090402,-3.3935895,0
70.78704,-121.992676,0
-121.55754,-13.191145,0
119.097725,-58.471775,0
-7.379712,92.00515,0
-7.782712,92.17989,0
-15.313853,-39.528828,0
-16.919662,18.141235,0
-3.923831,-12.174198,0
67.26053,-130.59763,0
-133.24559,-17.194775,0
129.62138,2.8034148,0
-9.252228,105.272575,0
-16.207598,80.48732,0
66.818504,37.707424,0
23.063147,21.372057,0
67.078354,37.46135,0
73.81032,48.935646,0
-77.89941,-14.958356,0
92.03385,-46.99562,0
65.729004,44.082077,0
65.84704,44.08419,0
15.784063,-57.315525,0
-43.97111,1.5002993,0
38.069355,-42.15133,0
32.764626,-129.54938,0
-152.79056,1.9211836,0
158.00749,-19.859163,0
-51.898796,119.32005,0
-52.44235,119.29108,0
-41.70611,-19.033792,0
0.7475852,51.61299,0
-123.10795,35.670586,0
-39.35949,-165.80022,2
-82.51579,-30.951107,0
115.62446,-73.907455,0
64.210304,74.72508,0
64.11542,74.52331,0
72.31353,-23.98233,0
-101.27235,-99.630165,1
75.091064,-36.725082,0
-47.434277,-166.00632,2
-126.12923,-105.64704,1
196.69249,9.64114,0
-107.59267,110.03455,3
-107.275246,106.98278,3
44.994415,12.956158,0
12.328137,48.69876,0
-104.836136,84.06776,0
58.43619,18.343044,0
-71.27716,-22.09853,0
138.91202,-79.27108,0
47.23235,39.08218,0
46.48507,38.87973,0
-12.862962,-121.09587,0
-81.93953,50.92481,0
-11.085639,-122.759186,0
-14.184753,-179.14803,0
-151.70374,-51.778618,0
118.04498,-33.84086,0
10.954825,202.0126,0
10.773181,202.53294,0
-4.598513,-28.137764,0
-17.941057,2.6648135,0
13.876944,-3.9860785,0
65.2138,-117.75647,0
-130.3006,-8.718526,0
117.58822,-3.596872,0
-20.810038,100.248474,0
-19.603367,100.65989,0
-61.729824,-58.308884,0
-0.9526407,36.731304,0
-71.81763,-67.58831,0
99.802605,-134.06662,0
-149.61974,-72.428795,0
110.8922,22.733696,0
40.25757,88.14126,0
40.45761,88.68883,0
-9.229839,-37.478687,0
-19.814276,11.360087,0
2.7417994,-11.873073,0
63.95398,-124.51563,0
-124.74982,-4.2893844,0
141.75244,10.586907,0
-15.505583,92.9629,0
-13.458474,91.51003,0
-28.23811,-30.562954,0
-10.926817,27.77335,0
-34.838577,-22.577534,0
83.54716,-116.8153,0
-114.32385,-23.912949,0
119.97912,22.504725,0
16.894629,85.333694,0
18.803722,85.39063,0
-46.925987,-74.244286,0
-16.378763,45.99893,0
-55.47747,-70.05212,0
101.28315,-114.73416,0
-118.76156,-43.577965,0
104.4914,6.2424517,0
33.426647,113.999435,0
32.87442,113.199005,0
2.9258108,-101.35796,0
7.701291,24.650438,0
3.4184358,-101.777504,0
76.72212,-90.66392,0
-97.12942,-15.7470455,0
95.6726,-28.823128,0
21.249445,127.734695,0
20.863865,127.81345,0
17.887321,-42.929688,0
-46.44643,16.560377,0
38.185284,-26.792048,0
44.328266,-118.6672,0
-140.9284,11.874146,0
161.56012,6.5131564,0
-58.875843,99.41908,0
-60.442337,98.44367,0
-16.136145,-39.852985,0
-18.77469,19.320702,0
-2.3674307,-10.571573,0
68.918175,-127.38958,0
-128.09818,-16.875416,0
130.0038,10.209369,0
-3.0420887,100.0364,0
-16.762926,82.48894,0
12.677178,-47.95343,0
-40.12015,6.248314,0
31.41342,-30.549412,0
49.84,-123.26509,0
-128.81155,8.871502,0
160.25174,-1.6761367,0
-52.553234,103.06214,0
-52.63726,103.184814,0
24.24374,-66.11873,0
-47.873386,-3.0843277,0
25.753021,-66.502594,0
28.660385,-113.77547,0
-162.32701,10.852394,0
174.70543,1.7798496,0
-28.982677,118.919304,0
-29.947353,118.624565,0
96.91589,90.73708,0
31.684938,32.760372,0
-133.94499,49.759403,0
-107.67686,48.17451,0
-68.48784,-34.497795,0
100.90507,-83.13333,0
90.1993,106.939674,0
90.42779,108.04226,0
-18.209953,-26.929806,0
-7.1902432,16.73113,0
-20.10005,-14.789701,0
81.190445,-109.658295,0
-106.02979,-16.26533,0
127.62139,22.352978,0
4.659428,83.72469,0
-1.7638621,82.05578,0
-48.573837,-84.67495,0
-10.911329,54.954628,0
-60.758945,-79.478294,0
106.36291,-124.08182,0
-115.17004,-52.96703,0
107.82166,-4.647496,0
32.54168,128.69337,0
33.563496,129.24898,0
-3.229361,-77.29018,0
-80.64368,1.6371183,0
33.773,-69.33017,0
16.19988,-144.19264,0
-161.09306,-23.274092,0
123.438255,-24.55708,0
-27.075977,146.46727,0
-27.32285,146.37627,0
15.668793,-53.02322,0
-47.98545,6.3684373,0
40.016872,-33.61934,0
36.986015,-128.49553,0
-151.07437,2.551495,0
157.13103,0.5824902,0
-60.203735,114.82289,0
-60.62002,114.32693,0
-48.60356,-85.37546,0
-11.067703,55.226196,0
-60.58114,-81.339516,0
106.74688,-124.83438,0
-114.069466,-52.133324,0
106.59102,-3.827004,0
33.05715,128.76016,0
33.53916,129.05316,0
115.46169,43.91967,0
59.357536,-12.308667,0
-125.64808,87.59899,0
128.04915,48.938736,0
-48.405693,-11.637556,0
70.88647,-53.35245,0
138.10596,56.857864,0
139.39836,55.34342,0
-22.588633,-119.51802,0
-88.25273,49.14753,0
-23.486944,-129.51524,0
-9.809396,-188.17307,0
-149.78404,-59.43648,0
110.98397,-34.586964,0
24.735096,192.67598,0
26.270035,192.0369,0
-45.680706,-100.802124,0
-49.311813,46.882996,0
-56.645885,-119.015305,0
22.519222,-189.27608,0
-127.4054,-61.31963,0
103.44146,-13.393797,0
38.063347,154.8865,0
39.949314,151.61351,0
27.231417,7.4304013,0
9.681504,16.845688,0
28.120052,5.621443,0
70.70393,-88.97375,0
-92.56436,-10.325932,0
172.07773,-32.166245,0
31.089565,72.17396,0
31.217194,72.02593,0
75.1203,-25.263731,0
-104.21172,-102.452644,1
78.03768,-35.467865,0
-50.129086,-165.73122,2
-115.71793,-108.424446,1
133.80405,31.992584,0
-101.65444,113.7744,3
-100.8079,114.18384,3
41.266106,7.382483,0
5.7692795,49.071465,0
40.301384,3.4489212,0
-94.26639,83.32795,0
-99.73504,-30.616358,0
144.4645,-73.62786,0
44.44983,50.695183,0
44.520195,50.60408,0
-0.9442183,-104.11573,0
7.107013,25.650562,0
0.59458715,-104.63828,0
-11.129485,-165.38646,0
-145.47685,-29.044268,0
161.1949,-33.361603,0
-12.780917,191.97623,0
-13.020023,192.78943,0
-14.323255,-42.335808,0
-20.690037,20.033913,0
-6.9357023,-13.629863,0
70.49651,-129.85115,0
-135.45789,-21.45399,0
129.9787,-4.7072315,0
-5.0232553,103.26683,0
-5.7386775,103.190346,0
-64.57508,-56.941483,0
3.002686,33.382366,0
-74.59604,-64.058266,0
99.21228,-137.11717,0
-147.99376,-76.90795,0
108.51856,25.23492,0
43.804665,87.59691,0
47.54304,91.39684,0
-41.21863,-105.97406,0
-54.327232,45.78497,0
-50.70197,-125.230934,0
16.568563,-186.52711,0
-130.51202,-61.01263,0
102.01939,-15.250418,0
31.89408,162.13107,0
30.45523,165.87386,0
25.990273,-45.754562,0
-42.608345,21.537983,0
40.13115,-20.002169,0
47.32312,-137.96507,0
-146.67758,17.689516,0
99.834076,-34.820587,0
-73.98984,103.5948,0
-74.001785,104.29781,0
-31.346174,-105.81078,0
-61.949116,47.161938,0
-40.619762,-123.75257,0
15.1740675,-177.73897,0
-128.51447,-51.48387,0
101.46895,-27.552675,0
21.938797,157.9675,0
22.105242,158.35507,0
46.496513,18.605928,0
20.063694,49.19939,0
-116.91217,81.912575,0
53.582718,23.27448,0
-75.730675,-19.919243,0
132.32706,-81.9581,0
49.859413,26.50536,0
49.483753,27.164944,0
-34.407986,-106.96397,0
-59.498753,46.163525,0
-47.705154,-124.47575,0
16.09879,-181.43982,0
-133.34523,-59.343723,0
109.868866,-20.392416,0
25.956755,159.72884,0
16.144136,178.97041,0
24.026371,-58.49738,0
-56.995537,16.918955,0
49.915916,-38.465767,0
33.808933,-136.22357,0
-156.82953,6.829629,0
154.83022,-7.7184496,0
-65.40545,131.90166,0
-66.65847,133.97644,0
18.018965,-64.79649,0
-62.504383,-0.74153066,0
47.073875,-45.20605,0
16.847347,-123.731476,0
-165.78378,-0.5284925,0
169.71284,2.7702427,0
-54.188595,132.03203,0
-56.201237,132.68912,0
43.502354,11.773539,0
12.474804,45.19031,0
-102.858185,85.213974,0
59.538414,17.038956,0
-70.66289,-23.789286,0
141.77695,-80.00786,0
49.41517,42.70997,0
48.87096,43.064335,0
23.808105,-53.571224,0
-52.41292,14.2843485,0
48.316036,-30.711718,0
41.231182,-131.05418,0
-143.5676,4.6085563,0
165.1852,3.5866358,0
-69.25637,115.75004,0
-70.16408,126.28768,0
16.683235,-29.062332,0
-33.58355,27.827154,0
21.958088,-25.40626,0
45.90477,-102.94269,0
-127.27495,17.645039,0
169.61195,22.295729,0
-48.97227,81.31545,0
-49.455673,82.18645,0
-26.005104,-115.201836,0
-86.53808,42.36566,0
-31.330376,-130.5811,0
-4.255079,-185.12881,0
-143.7702,-54.443123,0
143.68628,-40.824596,0
23.284784,184.24564,0
23.831455,184.29665,0
-31.055212,-59.234795,0
-60.862793,65.09617,0
-29.52386,-64.74362,0
59.11233,-160.76955,0
-166.062,-67.45214,0
116.63906,-52.80544,0
7.5350714,120.43481,0
7.8532104,120.189865,0
69.701706,21.114782,0
14.118149,17.12765,0
70.88713,20.472366,0
71.14387,-83.780075,0
-87.2327,-10.007374,0
174.90623,-35.089367,0
57.538544,59.346443,0
57.08109,59.10196,0
70.219765,-22.28825,0
-102.89736,-100.09666,1
72.97982,-38.87797,0
-47.777588,-164.89252,2
-125.281006,-104.11544,1
190.47386,7.6855383,0
-108.42804,112.889885,3
-105.4334,106.367,3
126.549805,76.39386,0
70.16075,7.8492923,0
-124.14079,64.21232,0
-105.22465,66.21771,0
-53.15418,-28.907108,0
85.336716,-68.3114,0
111.9637,76.76476,0
111.95905,77.62948,0
13.841981,-54.108994,0
-47.58637,4.3803873,0
37.78233,-37.239906,0
33.482777,-124.411606,0
-151.92131,1.5846087,0
158.11746,-3.190067,0
-56.704296,117.054474,0
-57.192055,116.80592,0
-17.8907,-36.3672,0
-21.296238,17.922905,0
0.12162127,-15.267781,0
65.01987,-130.03271,0
-124.35213,1.7104536,0
128.89859,6.9776206,0
-5.3549824,98.01078,0
-7.741842,97.02811,0
1.921525,-93.470764,0
-92.73988,16.136116,0
41.490536,-86.126274,0
16.3247,-160.43355,0
-155.40794,-54.36132,0
122.23405,-31.422993,0
-16.157448,166.87096,0
-16.167818,167.42067,0
-14.1549225,-114.82542,0
-80.855034,47.05914,0
-6.386149,-130.93555,0
-9.512505,-177.20045,0
-150.54921,-48.574627,0
124.137665,-33.707573,0
4.6833043,195.99593,0
4.1529922,196.08888,0
-11.726652,-62.849976,0
-64.66667,55.129013,0
-9.037046,-65.10179,0
53.848064,-151.65349,0
-163.9421,-57.91625,0
124.41104,-51.498665,0
-18.979965,129.94995,0
-19.309748,130.3137,0
23.21901,-44.945766,0
-45.003784,19.945147,0
42.870605,-22.369234,0
48.91488,-125.77012,0
-128.9515,7.522053,0
152.01064,4.8658366,0
-56.680214,105.99783,0
-56.359028,106.75361,0
13.523701,-57.404305,0
-52.7631,6.6183715,0
42.383564,-40.25642,0
33.26378,-126.19699,0
-151.39551,-5.564934,0
152.19267,-2.2443085,0
-54.410095,118.00361,0
-52.460243,121.68286,0
-21.624395,-42.130203,0
-18.496195,25.272995,0
-10.347049,-15.117632,0
74.06937,-133.14192,0
-130.37111,-23.207644,0
123.969315,9.88365,0
1.3299514,103.90385,0
2.1783848,103.90754,0
18.533813,-78.797585,0
-69.74561,16.614183,0
52.33003,-63.742207,0
30.511543,-145.82864,0
-176.96245,-13.753196,0
148.48659,-23.494232,0
-56.21617,153.27959,0
-55.77637,152.20418,0
3.2452567,-84.86239,0
-89.49838,14.392933,0
40.276512,-79.98865,0
11.5523205,-148.04788,0
-157.57857,-31.291975,0
128.51834,-24.876556,0
-24.511547,164.70035,0
-20.396084,162.59622,0
28.15636,-56.79222,0
-59.23352,13.979966,0
52.810127,-32.54173,0
38.152912,-138.36852,0
-168.93405,-12.040899,0
167.44325,-14.67442,0
-74.280525,130.14453,0
-71.32127,128.5129,0
20.813778,-40.951702,0
-34.07364,12.1425705,0
32.465828,-18.164768,0
47.108303,-116.2241,0
-132.3136,9.404575,0
154.29498,11.912613,0
-54.653683,95.97228,0
-54.133762,96.46458,0
7.94432,-93.1413,0
-83.82683,18.21148,0
49.793797,-84.60672,0
12.757492,-159.2984,0
-170.58586,-30.745798,0
105.179665,-24.081583,0
-23.429354,146.68433,0
-47.96629,174.15273,0
27.53731,-57.336266,0
-58.91419,13.449198,0
52.874134,-33.627155,0
38.123203,-137.36398,0
-167.53036,-10.999882,0
167.08522,-13.861334,0
-73.79427,129.62773,0
-74.434975,128.74362,0
20.501497,-77.01375,0
-66.52118,17.14206,0
58.620808,-62.300068,0
35.679985,-146.42436,0
-182.9445,-12.385137,0
153.4603,15.169835,0
-66.04701,154.50961,0
-64.56365,158.29175,0
19.869244,-68.243706,0
-64.30069,-4.0448623,0
50.587234,-48.570705,0
18.083609,-126.09833,0
-167.03691,1.6175342,0
171.82512,-2.9722073,0
-51.166553,135.89423,0
-50.1996,136.35866,0
7.7454524,-47.91657,0
-51.195244,21.198689,0
30.991762,-29.51043,0
48.160557,-129.26767,0
-131.35318,12.585801,0
162.37708,-23.735683,0
-47.867073,106.45174,0
-47.972347,106.397415,0
-36.585556,-94.577965,0
-58.321533,52.770668,0
-48.59237,-114.32036,0
24.999723,-178.593,0
-124.18482,-55.26243,0
111.20777,-8.77461,0
24.758223,149.04417,0
18.936783,170.31294,0
112.92147,44.26211,0
56.514305,-12.880584,0
-126.91632,86.06782,0
126.36493,50.917404,0
-49.884827,-13.903886,0
72.822205,-51.62558,0
140.57817,59.16092,0
142.17139,57.685997,0
85.99288,84.83617,0
25.189278,38.93869,0
-132.49425,50.775497,0
-112.51083,31.66335,0
-73.51901,-32.287693,0
108.356186,-82.254944,0
71.0733,93.989044,0
70.85946,94.23978,0
-11.414509,-44.3386,0
-22.640951,18.341373,0
-0.5660394,-16.972908,0
64.025375,-131.41043,0
-123.808205,1.9459714,0
147.74391,-0.19513917,0
-8.022765,106.15184,0
-7.589355,105.956726,0
-22.230183,-118.53046,0
-87.67466,48.52899,0
-21.57481,-133.55055,0
-8.988376,-188.323,0
-149.34949,-60.080353,0
110.46412,-35.40816,0
22.2383,191.95883,0
21.832197,191.22049,0
-21.00985,-110.29845,0
-70.863914,46.723846,0
-37.827282,-123.69768,0
-3.416293,-181.20012,0
-145.6993,-48.636257,0
110.25838,-29.129446,0
16.424767,186.20578,0
17.192411,186.13968,0
-3.8190086,-39.80339,0
-25.336176,12.472411,0
7.7773814,-16.50954,0
60.543533,-127.48999,0
-122.84138,3.2076302,0
144.07462,10.371661,0
-20.66298,77.52994,0
-21.096424,76.77464,0
-15.607893,-25.63131,0
-9.476044,23.17326,0
-31.245752,-18.165636,0
81.569435,-113.232086,0
-116.66575,-21.138052,0
128.23271,18.169989,0
8.59722,85.469376,0
8.338974,84.14336,0
-11.252714,-32.27608,0
-13.704463,10.047946,0
1.1571629,-6.789563,0
70.529915,-119.48568,0
-122.45913,-8.533709,0
137.36462,15.431096,0
-10.750028,87.160614,0
-11.113388,86.378525,0
7.413969,-42.680386,0
-33.602802,11.539765,0
8.620006,-18.199604,0
47.838306,-117.30608,0
-133.31764,9.056813,0
154.64156,9.129778,0
-54.801105,98.36045,0
-54.20152,98.08803,0
-41.74385,-81.440346,0
5.084699,18.86729,0
22.98517,2.310489,0
73.143265,-94.96679,0
-98.381905,-12.267644,0
165.8128,-28.745024,0
25.298122,76.143524,0
25.35897,77.46795,0
-17.244812,-123.30792,0
-82.82024,53.657604,0
-14.794157,-128.99185,0
-13.776665,-182.68523,0
-153.80478,-52.504513,0
116.36012,-34.370903,0
16.278519,201.3947,0
16.142546,202.1674,0
97.2711,52.577797,0
61.572075,3.4539542,0
-122.36255,79.96595,0
97.84731,53.656578,0
-57.76594,-19.915579,0
81.88136,-57.60537,0
99.495255,53.55688,0
99.19023,53.54527,0
19.023638,-77.968155,0
-69.9988,16.996517,0
53.250843,-63.922123,0
29.11955,-146.54283,0
-176.84464,-15.211349,0
147.34279,-24.807304,0
-56.60852,152.57022,0
-63.244736,157.40538,0
-41.846146,-90.03982,0
-72.920265,60.96507,0
-52.339355,-109.23134,0
33.486916,-178.57492,0
-178.8492,-57.40399,0
116.55607,-44.137543,0
21.326714,138.6855,0
21.271887,138.2894,0
71.727646,-24.200207,0
-101.60186,-99.55758,1
74.74273,-37.156227,0
-47.16721,-166.14702,2
-127.42312,-105.59871,1
195.15897,7.384949,0
-107.48755,110.888306,3
-106.44253,107.70497,3
13.720603,-28.665926,0
-30.852303,27.456375,0
18.643127,-25.021177,0
48.02633,-100.97047,0
-126.76002,21.538458,0
172.79033,17.392311,0
-46.265793,83.697174,0
-45.607224,84.00521,0
85.4193,86.15117,0
23.285215,38.507133,0
-132.82143,51.61009,0
-112.57478,31.054846,0
-72.64694,-32.037033,0
107.32334,-83.688194,0
71.64565,95.884125,0
70.97356,95.98576,0
-0.93034214,-42.865475,0
-40.04011,3.7405934,0
41.26621,-34.18982,0
52.4258,-122.70424,0
-152.9736,0.7400586,0
159.05832,-19.856998,0
-48.867046,102.74094,0
-47.933884,101.51578,0
2.707696,-75.225426,0
-77.585075,13.688477,0
46.58784,-72.43403,0
18.244797,-139.9274,0
-169.8291,-20.206942,0
143.5253,-18.76797,0
-31.021658,144.8153,0
-41.672295,161.26195,0
-13.6645975,-85.29017,0
-80.05801,67.53532,0
-11.284026,-78.59851,0
33.93966,-166.08694,0
-175.30573,-44.802,0
128.8441,-38.85203,0
-4.917946,150.02536,0
-4.991054,151.31235,0
-29.617119,-59.154648,0
-62.74826,65.52243,0
-29.047531,-67.495445,0
55.22318,-161.63193,0
-168.53789,-65.46444,0
116.16648,-55.306164,0
4.8358393,123.59748,0
4.657409,123.78017,0
28.151382,-54.775467,0
-59.463303,11.13449,0
51.475933,-32.005314,0
41.435455,-138.57726,0
-162.55966,-11.364274,0
163.83116,-15.467737,0
-76.094284,125.1156,0
-76.53787,125.67904,0
11.205795,-82.747055,0
-79.12555,14.545745,0
46.682983,-71.022575,0
21.798832,-145.78035,0
-171.30399,-21.784575,0
143.60963,-23.334095,0
-39.008347,156.7227,0
-40.70126,158.45807,0
116.29929,44.158337,0
60.261868,-12.017642,0
-124.92963,87.474724,0
128.778,48.88742,0
-49.2438,-11.170206,0
71.17715,-54.161137,0
137.2034,56.148262,0
138.82227,54.1544,0
9.206543,-88.340034,0
-82.33334,16.695492,0
47.452583,-74.75184,0
21.787355,-150.76503,0
-167.53458,-26.046602,0
140.6205,-30.062267,0
-38.979378,161.87708,0
-43.011013,163.10301,0
-77.31321,-117.602425,0
-2.547294,62.295948,0
-70.27063,-124.840866,0
-8.484046,-151.722,0
-106.47535,-66.10692,0
85.77793,-10.070339,0
60.15467,147.30681,0
64.01727,142.16418,0
86.717255,81.70368,0
26.453758,41.228203,0
-133.18033,41.919674,0
-112.249115,34.055084,0
-77.47684,-33.827534,0
110.49492,-77.40521,0
68.5885,86.79618,0
68.46456,87.865585,0
1.1720717,-32.67523,0
-25.429747,1.9063458,0
20.143265,-8.434945,0
59.12666,-115.72565,0
-133.71344,-2.752448,0
147.38387,16.754505,0
-28.221449,87.453415,0
-28.324,90.546844,0
-11.305584,-105.42138,0
-74.85336,35.716515,0
1.3031557,-114.32464,0
-2.088414,-172.01712,0
-144.31995,-40.98627,0
150.73756,-40.202297,0
-0.0500274,182.12117,0
0.4658316,181.98466,0
-16.988087,-108.529526,0
-72.705376,40.14945,0
-29.456116,-138.51573,0
-3.0685885,-178.5064,0
-144.39214,-46.122192,0
145.49232,-51.29414,0
5.755817,180.03268,0
5.870562,180.5831,0
0.24235758,-46.229206,0
-50.721363,25.788301,0
-0.7626114,-48.33471,0
53.057423,-129.75987,0
-146.85408,-10.7240305,0
145.6109,2.4760835,0
-40.90304,104.126816,0
-40.750004,105.034454,0
-10.193478,-37.48262,0
-20.82076,13.166997,0
1.2297271,-12.859541,0
63.30661,-126.23363,0
-124.74138,-2.9684348,0
141.90634,9.2164,0
-9.498403,98.261475,0
-8.811048,99.47986,0
-31.6956,-45.505547,0
-27.406557,42.113934,0
-34.240734,-38.484253,0
76.637314,-144.92763,0
-106.58524,-30.835268,0
122.40578,16.50712,0
13.761324,106.332,0
17.304567,105.24171,0
5.2728424,-71.2873,0
-58.14975,8.563369,0
45.815807,-59.26817,0
28.924784,-136.18193,0
-159.32976,-13.711044,0
141.92339,-8.802093,0
-57.253834,123.78459,0
-57.70087,122.94872,0
-8.500649,-54.76164,0
-36.415997,32.752144,0
-8.610154,-50.762062,0
62.595196,-136.93707,0
-119.21004,1.2362294,0
146.29465,21.50455,0
-20.858892,118.259705,0
-21.466595,119.72048,0
69.023636,-26.675259,0
-103.65215,-95.8357,1
70.418564,-35.693024,0
-45.919846,-163.185,2
-127.72184,-102.11939,1
195.52963,4.8089147,0
-111.793945,113.04989,3
-111.608925,114.36186,3
3.3913896,-71.58487,0
-70.310585,5.142646,0
31.424326,-64.100105,0
29.623781,-134.36368,0
-115.90887,-4.7016616,0
139.08751,-6.9934387,0
-28.026001,134.93611,0
-27.4802,133.9347,0
-67.79483,-87.31016,0
-33.438225,58.152103,0
-76.94494,-100.19086,0
80.63351,-159.27039,0
-98.20534,-47.571903,0
87.10628,12.04531,0
57.068035,122.623726,0
58.362717,122.99637,0
-70.04642,-89.47049,0
-32.325375,54.649467,0
-75.93829,-96.69028,0
79.69331,-156.00108,0
-97.907814,-44.32615,0
91.31445,11.29227,0
62.014843,118.40142,0
63.774246,121.26776,0
-8.823615,-111.10279,0
-78.518814,43.827316,0
5.9665027,-120.42957,0
-10.168665,-174.00757,0
-154.53766,-43.454174,0
121.08292,-28.763115,0
-9.812276,181.86646,0
-10.7703,182.69824,0
-75.94496,-111.37021,0
-42.620667,54.51292,0
-65.30486,-123.531555,0
27.700003,-183.49548,0
-117.40275,-68.147446,0
93.707054,-12.382241,0
50.560513,151.59172,0
52.032413,151.97241,0
16.890114,-79.77048,0
-71.15531,17.141867,0
51.162926,-65.30064,0
28.379692,-146.6779,0
-177.44762,-16.786177,0
146.14189,-26.1682,0
-53.166134,154.70332,0
-53.328255,153.76126,0
-24.435833,-61.19139,0
-69.60783,59.170395,0
-36.180237,-71.58558,0
54.62506,-150.48273,0
-152.16718,-66.467415,0
104.86478,-38.375652,0
-4.0936875,126.487885,0
-3.8238356,127.49464,0
-10.276678,-53.576725,0
-36.73807,35.797398,0
-14.361037,-52.20215,0
66.24647,-140.61234,0
-116.60631,2.7116604,0
143.0412,29.064632,0
-13.1015415,115.579025,0
-13.102396,115.725395,0
6.1716194,-81.561745,0
-86.56323,4.5475645,0
40.773003,-71.03641,0
8.4807,-148.79802,0
-158.11151,-27.363436,0
133.19789,-21.627316,0
-28.60529,170.90636,0
-27.38861,171.91595,0
-0.55670744,-32.686382,0
-26.525442,4.6211066,0
22.027437,-10.128638,0
55.13917,-117.05524,0
-133.08472,1.6295667,0
151.27951,14.312212,0
-31.220957,87.87038,0
-31.809072,88.99816,0
24.424961,8.998541,0
7.183002,13.030565,0
29.535975,0.5019594,0
66.84677,-91.6021,0
-159.293,-36.109364,0
134.47028,-34.523624,0
20.526188,71.403564,0
18.96866,71.66769,0
3.015495,-42.664703,0
-19.713808,-2.0697374,0
15.508568,-12.447575,0
63.608715,-107.067055,0
-136.55472,-11.656708,0
137.23618,-2.5096645,0
-29.504084,105.6412,0
-30.106674,105.292595,0
-39.382515,-102.05916,0
-55.63706,45.09291,0
-51.502216,-115.3237,0
18.988443,-188.67131,0
-126.62519,-62.935036,0
99.71055,-18.996477,0
35.86709,160.21594,0
40.007935,160.82216,0
-7.5325265,-112.28208,0
-74.32114,42.40311,0
4.2490706,-124.30792,0
-11.983851,-170.12437,0
-146.78326,-46.8121,0
122.47498,2.5170634,0
6.5857296,184.87209,0
5.6729403,184.83528,0
-15.13366,-106.2287,0
-73.01012,38.538185,0
-31.481277,-139.66617,0
-0.6289721,-172.41508,0
-146.17148,-39.596226,0
146.98486,-47.754982,0
3.2187946,177.90106,0
3.303368,180.20052,0
3.0189404,-33.32876,0
-26.575718,2.9892702,0
18.224142,-7.913456,0
57.62567,-115.32026,0
-132.73625,-1.9727472,0
151.62782,15.612192,0
-32.190727,90.85467,0
-32.905075,91.26897,0
-45.989162,-97.72899,0
-47.474434,51.306927,0
-58.80121,-119.516655,0
25.86399,-187.33257,0
-122.197,-63.98741,0
92.53104,-9.325456,0
36.412918,148.65523,0
37.40286,150.2632,0
-3.6523893,-43.255672,0
-26.848694,13.763591,0
43.76871,-38.524155,0
55.512913,-126.54579,0
-127.55798,2.7779217,0
148.20793,6.7268023,0
-38.01491,97.81145,0
-38.225937,95.20502,0
21.390223,-37.036163,0
-35.756256,15.639789,0
29.36365,-26.942982,0
41.280342,-113.05421,0
-137.23654,15.972606,0
163.41296,15.812566,0
-60.910503,90.01474,0
-62.67048,87.58865,0
-31.493929,-60.432907,0
-59.046597,64.16172,0
-31.200396,-62.568775,0
58.17732,-161.23935,0
-166.29207,-69.23671,0
117.26917,-54.762314,0
6.7871695,119.13681,0
7.5380745,119.11754,0
-66.72266,-53.967674,0
4.938426,35.417606,0
-75.38205,-61.36371,0
99.289,-140.30403,0
-145.99834,-76.180916,0
104.9764,27.19182,0
49.5347,89.737175,0
49.72139,89.401985,0
-31.135258,-113.14763,0
-62.57217,32.728706,0
-37.62737,-127.15371,0
0.7530583,-185.78119,0
-133.16336,-41.919563,0
116.71143,-16.76053,0
26.31954,175.97714,0
26.658905,176.23672,0
-32.210762,-47.751343,0
-29.919737,43.335655,0
-35.460026,-41.671818,0
72.90295,-146.46873,0
-106.382065,-34.448982,0
98.001205,12.400855,0
15.504941,110.36591,0
16.637001,111.35631,0
-9.17287,-98.81902,0
-73.27524,28.484758,0
-37.856792,-75.01606,0
2.9528925,-163.79236,0
-134.56834,-36.688217,0
95.27541,-0.23157185,0
-8.547779,171.35188,0
19.45553,122.21929,0
-48.786915,-79.63818,0
-13.303054,49.78928,0
-58.695,-75.04469,0
101.61039,-120.62314,0
-114.93385,-46.051376,0
104.8385,2.4700723,0
35.869198,122.304794,0
33.282368,119.81854,0
-29.6453,-29.480549,0
-9.116729,27.453964,0
-32.538612,-24.84098,0
82.67389,-118.40941,0
-117.16858,-24.344925,0
118.058846,20.58414,0
14.518607,86.27147,0
14.078029,84.29786,0
-45.837765,-63.151962,0
-19.22435,39.985523,0
-42.551453,-53.228237,0
86.02875,-132.04976,0
-121.97247,-35.41272,0
112.70309,9.926453,0
26.951492,104.606155,0
27.342207,105.28473,0
-34.80398,-96.50859,0
-47.07758,43.18882,0
-53.912113,-116.807594,0
22.236511,-190.90382,0
-121.4454,-53.01737,0
110.12167,-3.1921685,0
36.016632,137.73769,0
37.141,142.04747,0
-23.321865,-88.223976,0
-71.88272,56.283386,0
-18.270838,-70.98218,0
36.946392,-162.0023,0
-173.14268,-46.700016,0
131.60352,-39.22878,0
-7.370765,135.79799,0
-7.1301436,136.60735,0
13.386575,-89.07955,0
-78.14962,20.324438,0
51.884254,-75.507126,0
26.468504,-150.8102,0
-173.23022,-27.451485,0
143.7319,-29.738014,0
-48.52094,162.21626,0
-48.772068,162.53333,0
85.67725,31.874186,0
67.417015,-10.691866,0
87.11277,30.427017,0
80.20726,52.438366,0
-66.74482,-13.177993,0
84.565125,-44.793064,0
79.78974,39.004448,0
79.70538,38.556286,0
3.7429163,-44.306698,0
-52.68232,22.823618,0
13.750215,-14.397948,0
23.059761,-130.36818,0
-145.08113,-5.4148765,0
148.77663,-4.4102035,0
-40.64294,113.45412,0
-37.7082,106.16848,0
-11.698736,-114.131454,0
-76.19466,41.669613,0
-1.5592684,-115.658325,0
-12.933452,-171.10555,0
-155.5879,-45.301056,0
151.33942,-38.479397,0
4.751178,185.4404,0
3.3824537,185.59602,0
75.02608,-27.69492,0
-105.56637,-100.85088,1
76.3605,-32.402008,0
-51.092484,-164.38617,2
-124.84872,-101.81898,1
190.89473,8.960166,0
-104.13985,116.52712,3
-104.24578,116.242096,3
-41.22952,-107.40509,0
-53.990585,44.30185,0
-48.694942,-128.58173,0
15.5202055,-187.19022,0
-131.22672,-58.195454,0
111.25306,-15.079623,0
34.120216,165.19562,0
33.62787,164.63013,0
-35.28549,-90.1992,0
-45.214535,43.38396,0
-59.05405,-111.17664,0
30.143234,-191.90274,0
-120.61734,-54.37445,0
109.97596,-4.966012,0
38.239124,138.85504,0
39.292595,141.10773,0
19.957642,-84.70424,0
-72.49403,21.526196,0
56.001316,-69.3787,0
30.45443,-151.68648,0
-183.08675,-17.692074,0
148.78722,-31.397402,0
-53.83279,160.08752,0
-51.86396,164.30794,0
-50.927967,-98.78363,0
-43.164455,46.96382,0
-62.10034,-114.31395,0
26.873083,-193.58661,0
-118.21429,-57.7173,0
99.4015,-7.949412,0
41.949642,142.48657,0
45.868313,145.05066,0
-14.853279,-65.8951,0
-70.52142,53.470688,0
-16.487202,-69.24754,0
43.716393,-155.62805,0
-165.70854,-50.143047,0
133.61017,-50.365257,0
-11.321035,134.14284,0
-11.760484,134.86452,0
0.11873773,-31.743393,0
-25.571829,3.2613711,0
21.368856,-9.041189,0
58.801132,-116.58407,0
-133.8471,-1.4928027,0
147.81685,16.139706,0
-29.106142,89.82746,0
-30.96692,89.74921,0
-21.784283,-58.65324,0
-66.167564,61.213696,0
-22.394197,-63.969326,0
52.027058,-156.27834,0
-164.8639,-59.043003,0
125.59245,-51.484318,0
-7.9797463,121.64559,0
-8.405593,121.92082,0
-2.0509415,-70.049706,0
-75.298645,0.25489143,0
34.617138,-63.383144,0
64.389206,-144.47491,0
-111.86147,-1.3584118,0
140.06133,23.009409,0
-26.755466,140.0721,0
-23.721905,138.42392,0
22.408424,-77.16499,0
-67.63894,16.914078,0
60.498802,-62.99264,0
34.55995,-144.42616,0
-177.26434,-11.422623,0
149.30473,-24.143919,0
-56.406002,144.40208,0
-65.95206,157.25412,0
-14.758389,-64.683754,0
-69.739716,53.557755,0
-17.209478,-67.851814,0
44.20081,-154.55473,0
-165.79909,-51.096413,0
132.46574,-51.77947,0
-11.692255,132.95604,0
-12.087117,133.6911,0
-27.115053,-117.47123,0
-88.67625,44.621544,0
-30.331427,-126.64803,0
-5.1506677,-187.52536,0
-144.09286,-58.283394,0
110.01198,-27.838766,0
26.659863,184.95827,0
27.211113,184.59868,0
13.415747,-54.376183,0
-48.727886,5.227478,0
38.167793,-37.882736,0
34.868004,-124.10999,0
-149.46486,0.97606623,0
155.95764,-1.5532597,0
-56.02668,115.575424,0
-55.159393,116.0759,0
-38.85395,-91.82626,0
-75.284706,61.158337,0
-49.563225,-111.128654,0
31.616455,-175.83258,0
-176.83687,-55.900593,0
121.4281,-42.52009,0
19.065388,142.30121,0
19.603592,142.16869,0
7.88844,-69.134514,0
-61.77699,9.02485,0
43.10953,-57.290028,0
40.525646,-141.75937,0
-161.8428,-13.498577,0
138.72667,-41.303375,0
-34.95739,135.56546,0
-59.00789,130.57155,0
-41.45873,-93.37507,0
-56.326492,56.486244,0
-52.775562,-113.053505,0
29.841301,-180.98936,0
-117.89603,-64.40674,0
96.60071,-8.525675,0
25.02399,142.52254,0
23.376984,144.13638,0
-25.963135,-48.771435,0
-47.341022,33.215298,0
-54.59955,-75.246704,0
69.22231,-142.00037,0
-152.37347,-12.664178,0
142.55608,-13.797744,0
8.452606,111.864426,0
11.299575,113.18691,0
14.800265,-64.34988,0
-59.142006,-3.658713,0
55.02409,-47.089886,0
20.242912,-119.33888,0
-161.45425,0.04416133,0
148.1849,-12.569424,0
-47.58343,129.2323,0
-50.515053,90.183365,0
-31.479387,-30.355463,0
-9.112136,29.232306,0
-34.249752,-26.902824,0
82.79954,-120.63964,0
-118.20652,-25.70714,0
119.30159,19.30386,0
14.380397,87.92799,0
14.53755,88.19465,0
-23.92825,-112.04772,0
-71.41763,44.971004,0
-31.983349,-134.04105,0
-0.9586618,-180.67152,0
-143.23267,-50.316364,0
113.890205,-25.10958,0
13.739038,185.01122,0
13.999611,185.05902,0
-26.18569,-36.221325,0
-23.482193,38.357204,0
-29.681913,-15.1842985,0
78.670906,-142.09505,0
-108.75963,-23.065895,0
99.89546,14.62561,0
12.451957,98.541664,0
13.072003,98.10353,0
89.3694,89.504845,0
28.845482,34.070232,0
-138.8482,39.899776,0
-106.39609,23.846321,0
-73.887794,-38.526554,0
104.95587,-81.9472,0
79.96355,96.06162,0
79.46653,96.08063,0
24.884604,-45.16389,0
-42.33239,19.096018,0
39.00499,-21.231966,0
47.098976,-123.20569,0
-144.22905,16.976143,0
153.7451,9.810265,0
-71.09904,104.05446,0
-70.82043,105.216995,0
18.861818,-49.832443,0
-46.96735,10.573654,0
41.470707,-31.300797,0
40.033493,-125.20186,0
-148.98622,8.573328,0
154.0173,1.5245169,0
-63.029366,108.8234,0
-62.6716,109.600136,0
7.343993,-61.41817,0
-54.432022,2.6779656,0
38.20263,-54.24759,0
29.001081,-124.31425,0
-149.68266,-11.618222,0
146.66588,-4.6784534,0
-37.370533,122.60647,0
-37.404106,121.854,0
-15.555185,-84.24548,0
-80.110405,68.90564,0
-13.119304,-78.50888,0
34.231964,-164.49821,0
-175.96661,-44.23267,0
129.24692,-38.603397,0
-4.5856605,148.35652,0
-3.6937869,147.7892,0
126.082085,99.77031,0
31.85581,20.722628,0
-142.03381,45.943592,0
-105.213844,52.862865,0
-59.764965,-36.74327,0
91.32784,-79.20986,0
111.324104,101.95474,0
111.27621,102.31372,0
88.99882,92.64967,0
27.244173,30.41002,0
-136.4694,42.57947,0
-105.073006,23.766775,0
-68.094536,-37.88587,0
102.8573,-85.10051,0
84.112755,97.06688,0
83.78998,96.91445,0
-4.0265574,-41.270042,0
-27.519512,14.422229,0
7.7082224,-19.980165,0
56.430737,-123.62811,0
-126.3386,1.8149781,0
146.50856,4.778315,0
-39.797546,97.73009,0
-22.370537,92.153145,0
123.64843,76.24094,0
68.644,9.189791,0
-120.4895,62.49276,0
-106.292305,68.24982,0
-56.344246,-27.533707,0
88.32944,-68.78712,0
118.494484,73.96234,0
118.60074,74.06205,0
41.27233,-6.726262,0
-46.997417,12.341687,0
42.314484,-9.924009,0
-85.68764,83.52761,0
-145.15747,5.924893,0
146.77356,-64.56091,0
36.411156,60.837914,0
35.888474,60.655434,0
-22.815956,-26.392399,0
-5.6380253,20.90464,0
-26.392965,-19.097723,0
78.8698,-110.50419,0
-108.97686,-18.583967,0
130.23602,23.558508,0
5.874053,78.46951,0
9.818602,77.686264,0
-22.431177,-40.583485,0
-20.213923,23.72855,0
-9.954231,-17.58918,0
74.2833,-134.9141,0
-123.959015,-20.222462,0
121.07102,2.1900718,0
1.6651344,104.58981,0
2.0150754,102.97285,0
12.930879,-44.490036,0
-39.837193,13.236066,0
31.190203,-27.780787,0
37.938602,-115.87557,0
-156.40977,0.40159407,0
145.89543,-3.9082847,0
-67.74408,92.602486,0
-67.58239,91.667946,0
16.94019,-57.110172,0
-45.965115,3.4848108,0
42.333652,-39.00601,0
34.520206,-128.23643,0
-159.27107,-15.8468,0
151.45195,0.4651829,0
-60.126286,118.75332,0
-61.298595,119.750465,0
69.18921,-23.824495,0
-100.869286,-96.898834,1
71.303665,-38.60561,0
-45.75201,-165.21858,2
-126.34992,-105.21613,1
198.41537,7.8744397,0
-111.32191,110.49336,3
-112.12652,109.26287,3
37.040634,-9.142017,0
-7.811575,27.021793,0
36.368366,-9.367804,0
-84.978096,83.91989,0
-119.49996,-23.77542,0
145.88861,-62.198185,0
37.730896,62.927505,0
37.537567,63.411095,0
12.762579,-87.47704,0
-80.344536,18.414038,0
49.186214,-73.9901,0
24.89526,-151.58566,0
-170.13629,-25.631807,0
142.64825,-28.526062,0
-44.854954,162.18613,0
-50.59062,165.58656,0
-16.077621,-45.415203,0
-16.038942,18.323786,0
-4.680443,-11.248301,0
67.992714,-132.994,0
-133.0573,-16.309961,0
128.59923,2.517996,0
-4.033736,112.60151,0
-4.260393,113.038445,0
84.83594,81.66491,0
23.946102,37.873447,0
-131.64018,39.206894,0
-111.09935,36.1595,0
-77.64769,-36.92769,0
111.47118,-79.144226,0
70.596115,84.41568,0
70.38252,84.235085,0
-37.685886,-17.613533,0
1.4763137,46.654587,0
-120.43284,36.96334,0
47.184208,-178.31859,0
-84.848305,-28.374844,0
117.168465,-71.18522,0
58.98749,72.90091,0
58.969536,72.934074,0
-18.985563,-124.0027,0
-88.17816,55.66902,0
-17.310553,-128.11159,0
-15.209448,-185.97449,0
-153.99121,-59.07958,0
119.044,-30.50804,0
24.031542,201.59412,0
24.540712,201.34648,0
-43.954144,-58.06919,0
-14.718012,36.074726,0
-45.11409,-50.21607,0
88.511345,-123.576584,0
-118.87347,-29.265415,0
111.83665,14.3806305,0
24.134981,94.321434,0
22.601013,94.879395,0
-26.208714,-47.651665,0
-30.50664,37.583473,0
-30.403837,-37.45892,0
69.64129,-142.05284,0
-165.09677,-7.7353187,0
142.6573,-5.8949656,0
9.090362,110.82089,0
9.892641,110.97724,0
-38.46898,-103.70391,0
-54.70187,48.287544,0
-49.605114,-125.383064,0
19.287283,-184.2388,0
-129.74838,-63.467865,0
102.92036,-17.394396,0
32.879692,157.97746,0
36.130764,157.88995,0
26.521862,-42.369865,0
-42.388603,25.35902,0
42.052395,-16.309635,0
50.399677,-139.46138,0
-139.30083,-23.177849,0
124.33523,-0.9685165,0
-77.93223,98.57625,0
-78.282745,97.96185,0
17.467615,-40.004612,0
-38.980515,16.490955,0
30.983679,-21.76989,0
44.515545,-114.80747,0
-139.04454,15.058683,0
165.20839,13.670004,0
-57.627148,92.603806,0
-56.842285,92.728035,0
-8.027599,-109.12886,0
-79.28307,36.04848,0
3.2421834,-115.53213,0
-6.895413,-169.59315,0
-148.77237,-38.912415,0
148.99265,-42.659393,0
-4.5891843,187.29382,0
-0.8843583,187.40125,0
19.102718,-51.376286,0
-46.19147,9.40347,0
42.19093,-32.34478,0
39.507088,-123.73735,0
-149.85085,10.515317,0
169.50621,6.4184823,0
-60.206776,107.27751,0
-59.53276,107.07493,0
94.55759,62.58681,0
59.373096,0.6686997,0
-124.28995,76.42687,0
97.49615,57.927185,0
-56.349503,-20.903593,0
83.21256,-59.371723,0
99.01969,63.597187,0
98.49941,64.028435,0
-73.68471,-85.07064,0
-27.34699,56.633556,0
-80.60156,-87.68857,0
84.09059,-155.71848,0
-95.908646,-46.531376,0
88.5881,13.595749,0
59.9718,110.982376,0
60.326374,111.37495,0
-12.042778,-107.13863,0
-78.14851,37.10772,0
3.093786,-118.75396,0
-4.032082,-172.49103,0
-144.91786,-41.505817,0
147.12323,-39.38726,0
-1.0349414,184.53636,0
-1.890791,185.66638,0
73.255775,-24.123291,0
-101.52864,-100.34508,1
75.27896,-38.733963,0
-48.05277,-166.19502,2
-127.81276,-105.47774,1
194.01514,8.8664465,0
-107.14025,110.97154,3
-105.16529,109.921814,3
22.387552,-83.55763,0
-70.61391,22.756472,0
54.290188,-61.415703,0
33.118454,-151.77148,0
-182.42383,-17.754343,0
149.69832,-31.7074,0
-56.4819,157.5229,0
-56.743935,157.94029,0
-42.613453,-90.63622,0
-72.77452,60.556355,0
-52.102623,-109.78684,0
33.04465,-179.25604,0
-179.15892,-58.517117,0
115.49973,-43.751225,0
22.377752,139.17023,0
22.074343,139.80617,0
4.350469,-84.85702,0
-87.35068,6.464342,0
42.53018,-76.070015,0
9.598114,-145.25096,0
-160.6445,-18.99258,0
142.36201,-17.257713,0
-30.34985,153.28203,0
-30.997736,152.64754,0
-45.085415,-40.285557,0
-23.700089,51.79138,0
-43.49923,-39.287094,0
89.55949,-112.14049,0
-89.028175,-44.38947,0
98.628006,18.746695,0
57.499294,102.99943,0
56.83501,103.92055,0
-24.206074,-101.712,0
-62.94442,40.01146,0
-43.83662,-132.04796,0
6.08383,-179.31262,0
-137.12386,-52.047165,0
110.836235,-15.924359,0
12.869064,171.6243,0
18.778849,172.66885,0
12.071449,-42.96654,0
-40.822906,9.177348,0
46.55558,-33.169132,0
37.74647,-114.184654,0
-129.90184,11.627541,0
165.40729,9.949755,0
-70.5937,91.68691,0
-60.948788,83.318504,0
-29.022154,-31.246088,0
-11.561748,28.376238,0
-34.146862,-21.8451,0
83.86285,-116.27441,0
-115.283226,-26.695234,0
118.77639,23.18546,0
18.058647,85.08158,0
19.452982,84.81465,0
-10.33065,-99.46975,0
-71.87727,30.003939,0
1.7967871,-109.290146,0
3.5520961,-165.41379,0
-135.12529,-34.998238,0
117.687485,-18.695799,0
-6.3591795,171.44302,0
-5.7259407,169.41026,0
-66.910736,-88.03349,0
-34.961544,57.16673,0
-74.79094,-101.37741,0
77.6596,-159.40298,0
-100.42804,-47.326168,0
86.51553,7.5695333,0
58.25176,124.846245,0
58.048153,125.711876,0
7.4713507,-33.58821,0
-33.039597,1.7608664,0
21.808756,-16.835943,0
51.840942,-110.866295,0
-137.1647,2.7359235,0
154.55237,18.242544,0
-36.775257,80.97239,0
-35.308414,76.72815,0
-34.57797,-94.14604,0
-60.875023,51.77285,0
-46.224663,-115.71982,0
24.456396,-177.05653,0
-127.49613,-54.983265,0
101.4875,-23.42908,0
22.316456,151.60674,0
15.229811,149.90627,0
-4.9386272,-39.800232,0
-23.679125,11.799666,0
5.6022267,-14.5340805,0
58.93045,-124.17373,0
-126.357994,0.256135,0
145.26534,10.045315,0
-18.211739,86.239555,0
-19.685448,80.41871,0
-48.05634,-93.47239,0
-43.73042,53.09546,0
-55.75666,-116.976234,0
30.57096,-188.51102,0
-118.627815,-61.945686,0
96.5615,-7.266439,0
35.193787,140.93861,0
34.818634,140.29451,0
6.0086303,-97.242584,0
7.631065,11.142097,0
32.722004,-78.75343,0
64.56516,-91.91794,0
-163.67279,-35.580353,0
134.27312,-33.041763,0
-22.06781,151.48172,0
-22.439175,150.8842,0
125.00388,96.31905,0
29.797663,19.953974,0
-141.0386,60.460613,0
-104.7704,60.65505,0
-56.662457,-35.494415,0
88.926865,-77.40158,0
119.015724,93.75595,0
119.216,93.52804,0
-24.992636,-29.164635,0
-8.143459,23.692991,0
-27.154251,-15.725446,0
79.92086,-114.03782,0
-116.42882,-19.34424,0
122.61339,20.377386,0
10.095342,84.0892,0
10.230319,81.602394,0
3.2482102,-83.56725,0
-86.83486,7.7875395,0
42.628345,-77.5577,0
11.665176,-148.77133,0
-156.44284,-30.850084,0
129.0921,-22.556479,0
-27.37891,166.3899,0
-27.536762,168.4801,0
-22.708357,-27.380892,0
-5.237265,21.310762,0
-26.192043,-17.587715,0
78.48091,-110.59686,0
-109.41427,-18.242643,0
129.88365,24.410099,0
6.4801097,78.73427,0
7.7543564,77.49352,0
5.2751784,-61.841354,0
-57.534603,3.900496,0
-1.320062,-60.888607,0
26.623217,-125.73978,0
-157.27632,-5.9543486,0
154.60411,-13.748295,0
-34.36562,127.1575,0
-34.857952,123.344086,0
-44.799484,-92.77187,0
-48.375122,56.429966,0
-56.72652,-111.535065,0
28.188608,-177.04828,0
-122.52384,-55.34438,0
111.888214,-5.3409967,0
27.341875,142.91077,0
29.04566,143.0886,0
19.439264,-42.570896,0
-47.535553,18.186768,0
37.894863,-24.959034,0
46.312084,-119.41677,0
-140.47827,10.211763,0
165.45004,4.7218847,0
-57.698357,100.697624,0
-49.598824,107.286316,0
22.620625,-80.97782,0
-67.9833,21.128292,0
55.193073,-63.019333,0
33.887314,-148.81285,0
-180.65904,-14.682007,0
152.1757,-30.417517,0
-59.878464,156.74486,0
-60.784657,160.50523,0
1.2598519,-78.351585,0
-82.16467,8.664462,0
38.997604,-74.33772,0
15.838304,-148.82309,0
-161.83679,-23.33833,0
130.53117,-19.56737,0
-30.403511,160.70631,0
-29.608082,162.00504,0
-23.287817,-123.82988,0
-90.55816,53.60209,0
-24.210026,-126.80955,0
-14.839483,-189.92154,0
-150.3516,-52.77339,0
116.70688,-30.155622,0
28.430836,199.41624,0
28.496378,199.39384,0
112.207565,59.963932,0
64.903465,3.8897908,0
-127.03221,66.55139,0
-119.489845,81.77626,0
-48.858044,-27.676556,0
81.80379,-61.58632,0
108.70239,62.405384,0
107.697754,62.821888,0
86.03242,31.636324,0
67.53339,-10.418511,0
86.989235,30.292078,0
80.401,52.116577,0
-66.77306,-13.574007,0
84.87507,-44.744427,0
79.686966,39.57397,0
79.33339,38.960655,0
-6.9171157,-40.360546,0
-20.904247,15.18547,0
3.7162569,-14.5554695,0
64.555145,-129.01642,0
-131.02147,-18.617764,0
129.16669,4.9800386,0
-10.245073,97.67687,0
-8.809447,96.84774,0
-40.106453,-91.81447,0
-74.0997,61.301178,0
-50.92004,-110.803925,0
31.576286,-177.26324,0
-176.19759,-55.187626,0
118.2821,-44.84217,0
20.805338,141.71037,0
21.309168,142.04433,0
-71.0073,-85.24191,0
-29.68574,57.4664,0
-81.46805,-94.93679,0
82.54183,-157.59946,0
-95.492424,-43.815907,0
90.65655,12.664506,0
58.11855,115.99607,0
57.18517,114.88541,0
49.70599,10.532064,0
13.551238,47.11286,0
50.857,9.5434065,0
-105.54962,80.64298,0
-98.14353,-25.739388,0
137.13193,-78.04194,0
45.42991,33.949547,0
44.40086,33.914185,0
-24.775677,-28.80001,0
-8.596998,24.1648,0
-29.108793,-20.35522,0
80.55939,-113.84944,0
-114.81985,-19.79074,0
132.04794,27.913336,0
10.633797,84.563614,0
9.604037,81.0508,0
-83.05268,-122.14217,0
6.0026116,62.192787,0
-81.6671,-128.0989,0
-10.268479,-145.20903,0
-104.422035,-60.325478,0
127.90566,-50.921967,0
71.565384,140.9515,0
71.65707,140.92596,0
-52.14784,-89.447464,0
-39.857914,54.879684,0
-54.88629,-105.35037,0
28.344193,-180.29213,0
-108.11756,-48.002644,0
92.04596,-19.984339,0
29.05499,138.53201,0
29.220692,138.15283,0
-44.094425,-99.49955,0
-49.26348,51.54203,0
-58.648365,-121.298645,0
23.68727,-185.95872,0
-123.92841,-64.15694,0
97.08193,-14.2876,0
36.108887,151.1591,0
37.838642,152.42543,0
-79.07138,-115.65859,0
-1.4535317,61.00535,0
-73.65739,-127.1717,0
-10.531141,-150.78293,0
-104.805145,-65.381165,0
86.26594,-8.49184,0
64.696884,148.86499,0
65.88602,149.23724,0
16.576857,-63.045574,0
-60.51531,-3.0582252,0
45.262558,-43.103355,0
20.272161,-121.21807,0
-158.79817,2.1806593,0
146.42206,-10.752671,0
-47.092144,130.87729,0
-52.498478,129.75557,0
-30.221321,-43.75278,0
-25.466242,41.044693,0
-33.087387,-42.561855,0
76.01113,-143.40257,0
-108.7283,-34.24215,0
99.74981,10.676247,0
15.572769,103.19014,0
15.798696,102.98438,0
14.841321,-30.617788,0
-34.17078,24.838047,0
22.482883,-24.160683,0
45.22144,-104.617676,0
-131.4679,17.989243,0
164.39014,24.151081,0
-51.281597,80.618904,0
-51.888145,81.78747,0
-0.062614724,-78.24176,0
-90.84896,8.961007,0
46.71584,-82.50725,0
12.588257,-153.76704,0
-162.76686,-25.26556,0
131.24548,-15.56414,0
-35.93798,169.42267,0
-36.56851,168.72067,0
-49.329556,-73.40213,0
-15.281896,43.677647,0
-57.85981,-68.02768,0
105.993935,-135.76419,0
-152.68459,-78.58918,0
111.29121,31.110184,0
39.611065,107.51196,0
39.51807,108.213005,0
39.542713,-5.2308445,0
-26.690542,33.618637,0
36.36909,-6.9968185,0
-85.38197,84.82799,0
-116.201324,-6.6280293,0
144.79587,-64.61179,0
39.07677,61.03121,0
39.44331,61.82257,0
3.1475263,-67.91842,0
-54.84269,1.7033433,0
11.999339,-73.75957,0
28.25048,-123.81759,0
-152.89464,-9.954217,0
145.08913,-5.1474757,0
-35.71005,124.3506,0
-50.035027,122.750206,0
3.6395972,-47.47113,0
-54.122585,22.241405,0
54.4813,-39.546818,0
46.433147,-133.53055,0
-148.59596,-12.788249,0
143.38982,-3.7917864,0
-45.687023,113.41243,0
-62.930332,137.72444,0
8.964296,-49.020508,0
-50.63776,20.116695,0
34.683228,-31.369347,0
46.275574,-129.38916,0
-142.45663,13.092407,0
167.14882,1.5696356,0
-47.721237,110.12763,0
-50.17902,106.590935,0
-41.609024,-103.27146,0
-51.813786,48.35674,0
-52.79187,-125.62651,0
20.365644,-186.31459,0
-126.532295,-63.74027,0
99.96943,-14.988476,0
35.293644,158.9805,0
37.805943,159.11229,0
16.23853,-42.264736,0
-39.98725,12.026632,0
31.880812,-26.59153,0
40.90006,-116.13048,0
-137.01526,11.230598,0
162.76889,11.420043,0
-64.46919,95.00085,0
-66.00629,93.96741,0
9.194728,-78.73884,0
-79.519745,7.183191,0
48.352825,-67.84116,0
13.465581,-143.79552,0
-154.52863,-17.820171,0
135.8654,-17.253017,0
-33.315926,152.48749,0
-36.75521,153.94891,0
-5.307456,-104.673904,0
-59.42885,35.05365,0
9.054069,-109.4939,0
-4.7309303,-165.21529,0
-144.98795,-34.99448,0
152.7357,-40.90019,0
11.838156,166.98772,0
11.402472,166.45082,0
-19.067934,-106.910904,0
-69.12866,38.91133,0
-39.70933,-132.49088,0
3.6100857,-175.45,0
-133.95288,-52.167023,0
112.61369,-17.49455,0
7.0981355,175.96155,0
7.996766,176.0103,0
-30.466717,-116.15735,0
-90.750145,41.50108,0
-34.010956,-126.24782,0
-1.1355749,-187.78833,0
-141.41478,-57.6269,0
108.84344,-24.027138,0
27.987204,180.64992,0
29.111506,180.47664,0
-13.61513,-33.06995,0
-14.943957,11.33072,0
3.613258,-7.9562435,0
70.52692,-121.0812,0
-119.09773,-7.3011756,0
135.5561,14.653797,0
-7.9705944,90.01419,0
-10.423174,90.82195,0
-48.145454,-65.1335,0
-17.639517,40.496307,0
-50.436077,-66.68949,0
92.81054,-122.67954,0
-118.345375,-35.555817,0
108.02621,9.381792,0
28.32353,104.51542,0
27.035921,101.437454,0
-29.222136,-101.06935,0
-55.54902,37.94379,0
-37.84743,-117.37336,0
9.916749,-185.7974,0
-129.58923,-46.968758,0
114.88279,-9.787406,0
16.327766,163.80394,0
18.255508,166.06831,0
-36.85041,-95.637405,0
-59.306534,52.039948,0
-49.64695,-118.435,0
24.088575,-177.1283,0
-126.75967,-55.817905,0
97.540855,-20.52268,0
23.195501,150.55128,0
28.616053,148.95355,0
-44.983036,-79.14577,0
-12.792408,48.315533,0
-55.944477,-75.51459,0
98.348854,-114.647545,0
-118.27414,-46.623104,0
106.65413,3.473965,0
32.445114,117.770226,0
31.779804,117.55109,0
-49.5618,-81.44547,0
-13.156519,52.534668,0
-60.107677,-76.226524,0
102.51817,-123.476166,0
-111.18429,-48.671345,0
105.51861,0.9762933,0
36.06713,123.649994,0
37.98308,124.52584,0
-7.597062,-113.20052,0
-74.93954,43.22271,0
3.6937587,-124.43718,0
-11.928666,-171.24765,0
-148.55237,-47.4175,0
141.19617,-45.90944,0
6.969784,185.88066,0
7.1496625,186.1488,0
5.1620007,-35.4138,0
-31.373785,6.4243093,0
23.445498,-12.966166,0
61.2287,-110.204216,0
-138.99266,-1.8308372,0
156.46123,16.373213,0
-31.671816,99.68959,0
-31.426752,97.75559,0
89.44938,91.81525,0
27.600744,30.902515,0
-136.76552,41.99111,0
-105.416,24.296,0
-69.58347,-38.412365,0
103.33786,-84.111626,0
83.06122,96.55618,0
82.806694,96.26833,0
66.895744,-25.381897,0
-103.58679,-96.37437,1
69.79137,-35.104275,0
-45.719044,-162.00134,2
-127.78682,-102.5828,1
198.72208,6.920688,0
-112.13578,113.90101,3
-112.455025,113.861084,3
0.8396214,-79.30016,0
-88.956825,8.030786,0
40.531643,-75.991356,0
12.695834,-150.75244,0
-158.64417,-23.860043,0
133.84726,-17.517492,0
-30.534084,166.79634,0
-32.266888,168.45334,0
-65.527245,-52.302895,0
5.920631,35.79449,0
-73.20866,-56.811195,0
98.2479,-140.65315,0
-144.81662,-77.31062,0
105.64062,28.09989,0
51.287605,88.94933,0
54.479977,90.21285,0
-33.595055,-110.30189,0
-56.87669,43.141438,0
-54.22017,-129.36095,0
3.8977077,-186.61058,0
-138.13336,-57.002403,0
106.9775,-16.211067,0
32.356457,173.12633,0
31.438059,173.18234,0
-5.2739305,-41.501568,0
-24.607594,13.324026,0
2.5515552,-16.489153,0
69.641365,-109.71936,0
-122.67026,1.9295726,0
155.19608,22.534708,0
-16.553782,77.98604,0
-16.92199,77.04727,0
-71.989365,-54.46987,0
8.641744,32.892162,0
-73.453064,-54.914707,0
102.691376,-143.86809,0
-141.79774,-80.86679,0
178.36302,11.378235,0
51.297485,82.49414,0
50.68996,82.57354,0
-23.533566,-117.6923,0
-86.92995,47.52736,0
-23.6647,-132.19206,0
-7.938987,-186.26897,0
-151.01468,-60.87847,0
111.27993,-36.61589,0
22.922163,189.5708,0
23.20898,189.11443,0
-47.468914,-100.00844,0
-46.879086,47.694176,0
-57.752518,-117.12821,0
24.751408,-189.89772,0
-121.8165,-60.566093,0
99.74032,-10.090941,0
39.638725,146.74742,0
41.42083,147.87471,0
-82.923004,-117.85839,0
2.612832,60.38748,0
-77.57018,-126.94785,0
-11.694574,-148.16423,0
-103.37793,-63.13482,0
83.62367,-5.144457,0
67.976456,146.55397,0
68.84255,146.3195,0
50.007004,17.480888,0
18.654331,49.799477,0
49.88749,17.541634,0
-116.07209,82.793236,0
-95.76627,-26.798937,0
132.10152,-81.089325,0
48.836166,25.932903,0
48.46942,25.913158,0
125.76405,73.491066,0
69.07656,5.756392,0
-129.31041,64.199104,0
-108.56217,70.44642,0
-50.97284,-29.704489,0
84.71029,-66.876236,0
110.39765,72.72622,0
110.44528,73.56518,0
70.6419,-29.267542,0
-104.89095,-97.39628,1
70.53418,-32.730625,0
-49.879974,-160.5817,2
-125.343346,-99.86953,1
190.52766,1.682558,0
-109.66053,114.71927,3
-109.76638,114.742195,3
-70.79124,-90.63373,0
-33.21789,53.060913,0
-73.91777,-95.810036,0
77.07348,-156.11707,0
-101.300514,-44.350525,0
94.816055,9.104402,0
64.52459,120.74548,0
65.14189,121.316475,0
-38.687298,-90.3302,0
-71.929695,63.054302,0
-50.27258,-108.91434,0
33.123207,-176.2719,0
-176.47095,-61.706455,0
123.84276,-42.57911,0
17.765478,141.1657,0
17.391197,141.51323,0
9.457554,-83.135025,0
-81.877914,11.863084,0
43.01408,-71.97334,0
17.825981,-148.95692,0
-154.46562,-23.43236,0
127.84102,-17.602182,0
-32.48106,157.7246,0
-37.846584,155.01364,0
-26.43204,-90.06323,0
-77.806114,59.339733,0
-12.0668125,-132.09169,0
29.556063,-173.42484,0
-160.32036,-49.696674,0
122.55242,-43.41029,0
11.083293,145.74953,0
9.821941,145.71524,0
-84.46589,-113.41605,0
-5.2954974,56.99828,0
-75.74715,-121.33818,0
-14.492959,-156.72461,0
-101.03409,-68.931656,0
80.66765,-10.082963,0
62.49581,157.06297,0
69.895966,154.58792,0
-30.129988,-116.75211,0
-90.85147,41.145157,0
-33.697998,-125.88446,0
-1.3133075,-188.58679,0
-141.28664,-57.890053,0
109.01679,-23.713154,0
28.678968,181.31424,0
29.602434,181.33455,0
-25.134483,-35.307686,0
-12.869434,23.741674,0
-28.165575,-24.162977,0
80.0118,-121.53395,0
-110.78075,-23.593304,0
125.17662,16.968983,0
9.849957,90.76138,0
10.839429,90.27786,0
-43.42357,-98.11534,0
-49.248863,51.302322,0
-58.905746,-120.88427,0
23.772749,-186.71954,0
-125.12221,-63.75092,0
98.91761,-16.339144,0
34.319492,150.48097,0
38.237934,151.77121,0
-69.35729,-91.139755,0
-33.183628,53.415905,0
-74.3902,-96.945885,0
77.918816,-156.23984,0
-100.38482,-42.177288,0
92.53117,8.920039,0
63.19158,120.64467,0
64.750786,122.07282,0
-14.195508,-86.38304,0
-81.7202,68.53089,0
-12.821117,-76.50239,0
34.614597,-163.042,0
-176.97963,-43.240696,0
130.88516,-38.56355,0
-6.926012,146.91556,0
-7.023084,145.97182,0
-1.5061119,-37.250576,0
-30.415646,7.389544,0
14.560324,-10.4778,0
61.167294,-110.71139,0
-139.80571,-2.7739682,0
148.90482,12.119862,0
-31.314627,99.40421,0
-30.996414,98.835945,0
6.174132,-38.943516,0
-32.14899,5.4370766,0
21.458836,-15.281127,0
51.695732,-115.13709,0
-138.7457,4.080157,0
154.17448,19.776655,0
-36.689186,85.63727,0
-35.798435,84.38723,0
-19.29222,-60.19572,0
-68.10784,61.530205,0
-22.316874,-68.839836,0
48.401356,-159.44174,0
-167.60643,-53.55212,0
126.51316,-50.919098,0
-3.5233996,130.02428,0
-4.089273,129.95593,0
1.7737266,-37.470947,0
-25.662493,8.962653,0
14.385272,-15.686434,0
56.99063,-112.208565,0
-137.89127,-0.6223533,0
153.06548,20.84865,0
-20.650446,83.488174,0
-20.630472,84.22303,0
-17.358076,-44.42959,0
-15.946498,20.746902,0
-7.1456,-9.122306,0
69.679405,-135.16997,0
-131.83992,-20.803902,0
127.04136,2.9141304,0
0.038112063,110.32425,0
0.10405581,110.96678,0
68.84589,38.418365,0
22.655771,20.400396,0
68.99526,38.10542,0
74.702065,49.5939,0
-77.52803,-14.170816,0
91.02699,-47.416817,0
67.754166,43.731144,0
67.74191,43.772415,0
126.491394,97.536026,0
32.06855,17.686005,0
-143.1158,59.109406,0
-104.85884,59.56851,0
-57.02703,-37.05154,0
88.95403,-78.776436,0
117.31887,96.44862,0
117.210495,96.18658,0
16.546707,-66.09825,0
-62.582756,-4.80032,0
51.386246,-47.459763,0
19.225101,-123.520226,0
-165.03853,2.4558978,0
168.07385,-1.1154855,0
-49.586727,133.5319,0
-50.307884,132.91058,0
24.084581,-66.40735,0
-48.32123,-3.1098619,0
25.525585,-66.60652,0
28.004728,-113.9346,0
-167.28062,-1.7331072,0
159.86519,-15.725185,0
-30.005102,119.907906,0
-30.26812,119.92988,0
85.26396,82.00558,0
24.71634,40.33713,0
-132.3272,39.902096,0
-111.35851,35.88711,0
-77.62246,-35.932693,0
110.9282,-78.69143,0
70.72152,85.28603,0
70.49661,85.11869,0
-10.528758,-110.24558,0
-80.16952,37.507267,0
1.4568448,-120.32382,0
-6.441237,-172.38843,0
-151.43037,-41.0118,0
144.86311,-44.781498,0
-3.522616,188.17493,0
-2.3370254,187.09306,0
85.9704,65.71157,0
60.919186,-1.6295494,0
-119.331505,64.66725,0
87.20972,66.08412,0
-50.45199,-21.540155,0
89.7944,-62.2673,0
87.07895,68.14466,0
87.1087,67.8213,0
30.526018,-56.665173,0
-61.931595,12.236305,0
43.954144,-58.145607,0
39.480915,-141.79251,0
-165.41365,-13.027497,0
138.33296,-41.995552,0
-17.300327,141.76292,0
-32.48215,134.49112,0
-37.17051,-102.24765,0
-55.305187,46.504307,0
-46.71769,-128.93758,0
17.969933,-183.2629,0
-131.17006,-61.317085,0
105.20782,-15.700873,0
30.205278,161.18666,0
28.419245,164.51656,0
16.60446,-53.789463,0
-51.38591,8.12055,0
42.63465,-37.16069,0
35.97025,-126.42759,0
-149.81168,5.583745,0
150.69283,0.60587186,0
-55.899357,111.80123,0
-56.26552,111.25908,0
8.0163965,-30.405266,0
-27.061333,23.348804,0
14.25313,-17.41481,0
53.97663,-105.47183,0
-121.99627,16.140476,0
172.6613,13.8968115,0
-43.57192,76.06254,0
-44.873272,75.95833,0
23.82233,-37.112415,0
-32.377495,14.61653,0
27.013912,-35.519173,0
37.3082,-111.6117,0
-123.36957,7.7066483,0
149.70232,3.3121572,0
-70.15754,89.25799,0
-70.35628,89.29167,0
113.09392,63.515053,0
65.350586,5.412539,0
-128.01091,65.67996,0
-110.81182,70.16195,0
-48.76827,-28.520065,0
84.53122,-64.53654,0
108.66436,70.61526,0
108.62598,70.59713,0
-29.345427,-113.87007,0
-89.56403,41.797634,0
-33.985996,-127.31863,0
-1.7199123,-186.05888,0
-141.68002,-55.854717,0
110.12753,-25.531252,0
25.787176,180.54326,0
25.262371,179.81146,0
4.153393,-70.67647,0
-70.15434,6.061309,0
30.286797,-65.19036,0
29.301497,-135.71729,0
-113.267555,-6.394582,0
142.06776,-9.783838,0
-28.62367,134.33441,0
-29.29393,134.15799,0
-5.4156065,-30.718618,0
-18.54202,3.504334,0
10.91282,-5.451254,0
64.56362,-116.59244,0
-132.20032,-9.973864,0
135.06537,3.3427262,0
-22.005362,98.96689,0
-20.444895,98.17723,0
70.15922,26.558212,0
17.04068,19.039524,0
70.59053,26.60758,0
72.90274,-81.08496,0
-83.93299,-11.612748,0
174.98889,-38.804604,0
60.941525,54.15632,0
60.973885,54.38463,0
27.123148,-41.893044,0
-42.760586,25.454517,0
42.353863,-16.3644,0
50.508995,-139.65297,0
-139.59976,-22.198435,0
125.95559,-3.8486447,0
-77.08348,98.804085,0
-78.88826,97.647224,0
93.37998,64.35329,0
58.996605,0.06802615,0
-125.16283,74.6623,0
95.60508,64.02254,0
-54.000576,-21.408972,0
85.523506,-61.048935,0
96.942314,66.10024,0
96.53188,66.40624,0
72.50972,-23.247278,0
-100.18173,-99.71142,1
75.42593,-36.989666,0
-47.281498,-167.51239,2
-126.75438,-106.11017,1
195.69371,9.793759,0
-106.630486,109.12636,3
-105.83183,108.51562,3
27.160069,6.7554164,0
8.073915,16.991436,0
27.386698,4.406618,0
70.99666,-90.49426,0
-93.15382,-10.973546,0
170.59534,-31.645472,0
29.156773,71.87906,0
29.201883,72.53879,0
-44.505478,-72.59639,0
-19.36615,43.418396,0
-50.48014,-70.66065,0
-85.25264,84.46276,0
-118.99356,-39.597576,0
142.31439,-61.785233,0
40.835762,64.69207,0
29.52117,113.53141,0
-10.297572,-108.73152,0
-77.985725,37.613068,0
2.11779,-118.73048,0
-4.94898,-170.78241,0
-148.17679,-41.37563,0
149.62704,-42.40968,0
-3.2966352,185.45764,0
-0.2525313,188.35603,0
-69.4593,-57.530113,0
3.0127268,38.847683,0
-76.74437,-66.472206,0
97.48934,-144.81175,0
-155.46814,-72.4945,0
106.83784,29.37473,0
49.781395,94.99973,0
49.750927,96.99429,0
6.5047116,-80.40185,0
-84.70898,5.926537,0
41.466488,-70.09074,0
11.0797615,-145.58092,0
-155.35146,-27.303637,0
130.82602,-20.383404,0
-25.992996,160.95615,0
-34.89903,150.86047,0
-7.692339,-35.688793,0
-20.979576,10.9114895,0
0.9891121,-9.55297,0
62.413486,-123.347145,0
-126.43526,-4.9794164,0
141.24684,5.7777386,0
-16.062136,88.30942,0
-20.864824,89.04273,0
-15.311148,-121.02087,0
-82.134384,52.069775,0
-10.87734,-126.32241,0
-12.949994,-181.03117,0
-152.6993,-53.543762,0
116.11492,-34.94854,0
13.174857,200.0305,0
12.679592,200.30576,0
13.3704605,-45.34904,0
-48.61815,19.724789,0
36.176422,-29.793865,0
38.345173,-117.52725,0
-146.83406,12.554616,0
162.81491,-0.54291266,0
-49.178543,109.31303,0
-50.044117,108.38457,0
9.985254,-73.13747,0
-65.75361,9.390801,0
44.54128,-61.374344,0
21.722523,-137.61636,0
-154.0803,-14.407647,0
140.29648,-11.3664255,0
-38.914795,140.56104,0
-4.9355397,163.85098,0
9.190946,-65.22552,0
-62.88115,3.1122487,0
46.913845,-52.953804,0
22.43194,-127.118286,0
-160.10345,-5.9811964,0
154.10854,-11.05238,0
-37.65927,131.2859,0
-38.901653,131.80052,0
4.527953,-80.14198,0
-86.03229,6.2494745,0
43.527477,-71.55691,0
14.428771,-148.77985,0
-156.708,-24.203169,0
136.17114,-20.314978,0
-29.219063,169.04597,0
-38.083755,152.67577,0
-17.38755,-25.340166,0
-6.932383,15.251151,0
-18.050005,-17.49037,0
82.57946,-107.58621,0
-111.7824,-13.932344,0
130.08795,17.009407,0
2.7292702,86.46583,0
3.620985,86.37595,0
-11.954812,-91.38908,0
-89.70468,26.906492,0
-13.415697,-92.7214,0
24.57079,-165.93826,0
-166.90724,-42.080795,0
106.298874,-33.854668,0
-6.2703056,157.76425,0
-6.358888,157.68861,0
-48.0723,-97.74113,0
-44.394264,49.15685,0
-59.51921,-115.682144,0
25.920052,-190.63979,0
-121.04355,-58.318184,0
99.53338,-8.587475,0
39.309425,144.56558,0
41.636402,154.87758,0
96.03222,59.77954,0
62.325787,-0.21336299,0
-124.15754,75.38253,0
97.66034,59.439777,0
-56.64275,-22.36278,0
82.75465,-60.28181,0
99.33121,60.893593,0
98.76843,60.87854,0
43.161457,6.87291,0
6.9106503,50.17333,0
42.416363,2.345851,0
-93.82387,82.31178,0
-100.56322,-29.969347,0
144.00262,-72.28499,0
40.426224,50.70805,0
39.958176,51.366295,0
-44.56237,-65.343956,0
-20.851612,40.72281,0
-42.54938,-67.40759,0
84.973175,-134.01512,0
-120.63126,-34.590168,0
111.12899,8.064362,0
26.012594,106.709816,0
25.392601,107.22195,0
20.532091,-79.65805,0
-67.85648,19.75277,0
57.297962,-64.783066,0
32.6854,-148.50258,0
-180.98415,-13.363362,0
150.69176,-28.92404,0
-61.260685,155.18193,0
-63.61869,159.95474,0
-29.956974,-100.817955,0
-55.33445,37.47581,0
-37.71126,-118.9884,0
9.762569,-185.71742,0
-130.27393,-46.319977,0
115.76997,-11.1149025,0
15.710777,163.33571,0
15.137677,162.24146,0
-23.225418,-93.53904,0
-79.93779,43.972004,0
-1.3515986,-129.04529,0
-3.455968,-174.8218,0
-137.75575,-50.470695,0
149.47685,-38.701015,0
7.1378136,154.99846,0
7.2114596,154.52942,0
8.221152,-90.69358,0
-87.82771,12.526969,0
49.652752,-82.70759,0
15.605942,-152.43866,0
-162.56732,-23.397211,0
130.09937,-16.729534,0
-33.713837,161.33765,0
-40.881638,165.91168,0
-6.7736454,-55.10265,0
-38.160545,32.65067,0
-6.8519063,-51.552807,0
60.0052,-137.23608,0
-115.596405,2.7252448,0
147.19147,6.838862,0
-22.620855,121.05928,0
-21.956642,121.15224,0
-75.33522,-83.86362,0
-27.912727,60.05238,0
-80.0497,-83.97936,0
85.17214,-158.11246,0
-92.94869,-45.065533,0
87.39342,14.954628,0
57.250217,110.98031,0
57.26108,109.00906,0
38.665115,-0.14580548,0
4.9830546,50.555183,0
39.534534,1.0922412,0
-88.4531,83.776825,0
-100.96152,-30.600878,0
143.67458,-66.31833,0
37.83285,56.923676,0
37.67805,57.044186,0
91.053154,40.706135,0
66.57567,-2.605209,0
91.22309,40.259907,0
85.203476,50.565594,0
-60.72062,-17.834703,0
86.19423,-50.592686,0
87.59359,43.92024,0
87.5538,43.89989,0
-19.183514,-83.25029,0
-76.54295,70.28613,0
-16.967346,-76.98363,0
38.797523,-164.08237,0
-178.97603,-47.75841,0
128.1395,-44.202267,0
-1.8575082,141.9611,0
-1.9997433,141.64616,0
-8.083347,-39.486053,0
-18.479897,12.297007,0
5.610291,-11.965534,0
64.92869,-125.62058,0
-122.33485,-3.3475108,0
141.1217,9.74605,0
-14.658335,92.6227,0
-16.682547,91.42759,0
109.73192,44.906654,0
55.14765,-13.830549,0
-125.728096,77.34735,0
103.85252,45.038704,0
-54.01966,-14.67537,0
78.81821,-53.909523,0
104.29361,47.504417,0
104.739876,48.045815,0
-41.657413,-72.334946,0
-4.549141,46.943466,0
-49.324566,-69.58068,0
102.38469,-127.59178,0
-125.39638,-36.79897,0
113.9064,-0.8570401,0
25.599451,114.46833,0
25.51599,114.60908,0
28.221956,-40.983852,0
-41.576145,25.85732,0
9.308265,0.49074748,0
51.92787,-141.38852,0
-138.45323,-23.54895,0
122.95152,-1.1428655,0
-79.148346,99.22401,0
-80.1283,99.332214,0
-2.172304,-34.588062,0
-21.511795,5.963066,0
9.855118,-8.968958,0
61.884605,-114.22277,0
-129.42404,0.54326427,0
139.80945,18.34776,0
-34.461636,95.261925,0
-29.714329,84.21511,0
-51.525494,-58.288525,0
-8.602745,34.714317,0
-0.1365581,-0.7677955,0
90.49622,-128.58833,0
-122.43905,-30.19611,0
116.220726,12.92298,0
31.14359,91.85783,0
19.180077,91.46957,0
-18.8523,-37.995243,0
-21.036272,23.917143,0
-8.331627,-18.599045,0
73.114334,-129.66513,0
-127.16923,-18.260393,0
127.220184,10.114071,0
-0.6681231,100.2199,0
-1.214031,96.64112,0
43.20186,8.550595,0
6.6867046,48.858677,0
41.78268,4.271575,0
-99.8012,81.73706,0
-99.56859,-27.96435,0
141.77353,-76.69047,0
45.315742,45.200684,0
44.294155,45.995354,0
49.275017,9.548145,0
11.845271,49.17673,0
50.351913,8.120143,0
-104.45151,80.6965,0
-97.397446,-25.021389,0
138.09775,-76.99283,0
43.552044,37.533047,0
44.006367,37.734455,0
-70.81199,-92.63695,0
-32.275745,50.888294,0
-72.96692,-94.06073,0
76.15596,-153.63507,0
-100.115265,-40.19316,0
92.9213,7.0811243,0
68.68053,119.896126,0
68.48709,118.71492,0
97.937126,90.885925,0
32.448578,32.355938,0
-133.5423,49.79356,0
-106.45836,47.7905,0
-68.899315,-34.991726,0
100.985794,-82.34532,0
91.26504,107.22454,0
91.51605,107.49505,0
-17.987522,-57.405575,0
-61.23012,57.710175,0
-17.609669,-54.932606,0
49.32864,-151.8506,0
-169.02904,-46.346947,0
148.02808,-19.692383,0
-10.523032,122.185524,0
-10.994579,121.56206,0
20.05567,-76.24428,0
-66.43024,16.95354,0
58.130825,-61.867264,0
35.78807,-146.67174,0
-184.18774,-11.00312,0
155.72644,-28.498518,0
-65.3289,154.61427,0
-66.01496,152.37482,0
-76.03504,-111.43083,0
-42.348423,54.494278,0
-65.166275,-123.05566,0
27.026943,-183.97643,0
-117.89214,-68.888824,0
93.83647,-15.311438,0
50.653084,151.55118,0
51.277122,151.5798,0
-1.6796817,-75.215515,0
-78.535614,1.3446312,0
32.435703,-65.604706,0
66.769585,-145.84416,0
-124.74357,6.881673,0
132.02446,-13.502772,0
-27.666796,135.68974,0
-27.666643,134.70041,0
-51.5162,-63.373013,0
-20.770056,34.296894,0
-56.148457,-46.051872,0
80.06393,-134.7364,0
-134.68634,-24.640478,0
116.616066,2.2073016,0
34.1837,103.289406,0
33.823917,102.93881,0
-18.420387,-84.175735,0
-77.532005,69.938896,0
-14.98547,-76.92399,0
37.26875,-163.2767,0
-179.09883,-44.54961,0
128.19191,-42.247654,0
-3.5543876,142.37566,0
-2.7620337,142.71216,0
115.92844,44.12217,0
59.735817,-12.228458,0
-125.23946,87.456795,0
128.404,49.116096,0
-48.60967,-11.220012,0
71.32619,-53.60414,0
137.5295,56.89783,0
139.59198,54.428486,0
-12.3838625,-101.74113,0
-72.394165,33.374893,0
7.0870957,-112.78334,0
1.2883052,-168.16849,0
-141.6615,-35.52589,0
122.67357,-12.486608,0
-2.7737489,174.3426,0
-3.736211,174.5536,0
8.026812,-67.00204,0
-62.11726,5.28456,0
45.84984,-55.81496,0
25.627806,-128.92766,0
-162.49704,-8.499905,0
156.08707,-17.5222,0
-34.7335,132.05087,0
-34.400627,132.9102,0
-30.678684,-47.73215,0
-30.688135,40.2882,0
-34.365356,-39.689636,0
70.701836,-144.7452,0
-111.326385,-3.8119755,0
141.36281,22.232601,0
14.355763,111.06332,0
13.7395525,111.01925,0
-33.941196,-60.73392,0
-58.063984,65.83795,0
-72.46893,-105.29382,0
59.076366,-163.55164,0
-168.72044,-67.02419,0
113.4419,-54.553135,0
8.809962,121.989845,0
12.957262,121.98757,0
127.17078,99.26906,0
32.68659,19.322931,0
-143.5517,57.904564,0
-105.12003,57.498234,0
-57.763676,-38.36088,0
89.28519,-80.235565,0
115.212654,99.10597,0
115.11011,98.45606,0
-19.831554,-100.59168,0
-64.711205,34.771057,0
-41.7666,-135.62105,0
7.3937984,-173.51302,0
-135.45424,-41.57561,0
117.6306,-15.54508,0
5.895107,168.7716,0
8.724506,171.26802,0
71.77062,-23.325172,0
-100.84011,-99.44428,1
74.01751,-37.608753,0
-47.55936,-166.61674,2
-127.80188,-105.86976,1
194.9968,8.072457,0
-107.98511,109.935905,3
-107.76574,108.213615,3
13.999016,-28.532274,0
-31.080835,27.52617,0
18.539345,-25.647247,0
48.05646,-101.652336,0
-126.78447,20.446598,0
171.97865,17.654825,0
-46.770523,83.210106,0
-47.43269,84.4642,0
7.9840198,-27.034927,0
-29.360495,22.902145,0
11.33354,-22.17678,0
53.599815,-102.49094,0
-124.08963,13.875388,0
171.82147,19.862707,0
-40.9418,77.91441,0
-40.802208,78.68265,0
-50.53682,-97.951935,0
-45.1254,46.067886,0
-60.68107,-111.24836,0
28.414095,-192.73413,0
-117.26444,-56.88332,0
102.32539,-5.2206454,0
41.06649,140.15218,0
43.51954,139.15622,0
27.267427,-44.283314,0
-42.980183,23.586054,0
41.92104,-18.66551,0
49.3789,-139.71495,0
-150.04956,18.99193,0
165.52245,-4.3438497,0
-77.677795,101.21384,0
-78.56981,102.34519,0
-4.3805556,-42.98446,0
-26.41532,15.054322,0
42.69554,-38.11538,0
56.343628,-127.44109,0
-125.32958,1.6944044,0
146.12552,4.3042746,0
-37.27265,98.66861,0
-62.56315,119.45485,0
9.83321,-45.61512,0
-50.567085,9.013999,0
28.928684,-35.354618,0
52.074547,-126.71842,0
-148.05992,5.2096453,0
154.41878,3.4282155,0
-54.30258,108.949455,0
-55.682026,109.0779,0
-19.393375,-38.767246,0
-19.751402,24.651932,0
-8.1466,-16.301355,0
73.466156,-130.47928,0
-129.98422,-22.285728,0
124.54305,11.18343,0
0.2439627,101.10336,0
2.8199253,98.897285,0
71.98736,-24.84583,0
-101.43441,-98.21597,1
72.44252,-35.785748,0
-44.977077,-166.86882,2
-126.26101,-107.76506,1
194.22136,8.082197,0
-109.37218,110.04185,3
-109.97867,106.7548,3
-16.178265,-123.92561,0
-82.28508,55.13001,0
-14.956625,-126.43773,0
-15.739635,-183.01018,0
-157.30017,-57.439125,0
115.75531,-38.470608,0
17.924974,198.8172,0
18.48613,198.6365,0
23.791553,-59.43928,0
-56.568954,17.667643,0
51.862038,-37.600536,0
37.815575,-133.81783,0
-166.47601,-3.1743705,0
170.80844,-7.2274623,0
-64.76972,132.21568,0
-63.730186,132.27356,0
99.87531,90.823654,0
32.164272,30.896303,0
-140.48909,41.741844,0
-104.72194,46.994476,0
-71.66301,-39.765823,0
101.367584,-78.30429,0
97.42309,108.65819,0
96.72369,108.891075,0
11.3501005,-66.81882,0
-59.214386,1.1759979,0
43.75544,-53.65379,0
24.256693,-124.9997,0
-158.98112,-4.335969,0
151.01675,-10.487549,0
-42.70859,132.67952,0
-42.581364,132.79524,0
-83.10394,-119.4438,0
2.7159965,61.477512,0
-76.92468,-128.45099,0
-10.590776,-148.81763,0
-103.952194,-62.243217,0
81.18219,-5.232248,0
68.24724,147.79913,0
71.46882,146.05205,0
-48.116463,-58.398327,0
-12.154055,35.82749,0
-48.953472,-48.413166,0
88.27574,-126.03701,0
-120.612816,-30.48979,0
115.15702,14.678414,0
27.316235,92.61226,0
29.083374,92.86155,0
-29.30668,-101.97448,0
-56.489555,38.19096,0
-38.451504,-118.59257,0
10.671506,-185.03429,0
-128.71939,-46.46527,0
108.97166,-14.288542,0
15.405224,164.16278,0
18.97937,162.37532,0
-26.84057,-31.703772,0
-10.980217,25.416676,0
-31.165392,-20.375963,0
81.299614,-114.86538,0
-113.78816,-22.251265,0
123.12933,19.328442,0
11.1434765,86.489334,0
10.181991,88.91552,0
4.291698,-62.889774,0
-60.944397,4.1307764,0
-1.5371908,-63.64882,0
25.375353,-127.19135,0
-159.10022,-7.7610965,0
156.13754,-13.724571,0
-35.14638,129.02324,0
-33.233295,127.54798,0
84.647514,86.90195,0
23.38241,39.44786,0
-132.89355,52.044388,0
-112.4471,30.50953,0
-71.921104,-31.897932,0
106.82907,-84.433075,0
71.60739,96.89887,0
71.037384,96.884056,0
124.53556,71.29995,0
66.194824,5.004645,0
-128.63033,65.3455,0
-110.73385,70.12267,0
-49.789967,-28.39627,0
85.37555,-65.5648,0
108.2262,71.942955,0
108.325905,71.73162,0
68.368225,-26.696363,0
-104.0305,-94.376884,1
68.78872,-35.05846,0
-44.506893,-162.00119,2
-130.10863,-101.36297,1
192.90727,4.156742,0
-114.49224,116.13772,3
-115.36159,115.35911,3
8.556378,-33.16176,0
-34.87864,6.8249216,0
19.93321,-16.466354,0
50.961834,-111.21713,0
-165.52135,6.159285,0
164.6015,8.086308,0
-40.257057,93.62838,0
-33.065147,95.03855,0
43.63651,5.6334977,0
9.940093,43.689865,0
43.874104,2.4846046,0
-95.31571,82.54181,0
-101.57286,-25.22004,0
143.21188,-72.632576,0
41.926056,50.5697,0
41.86937,51.003426,0
7.091026,-55.126465,0
2.9487472,11.14788,0
32.281578,-40.778473,0
66.090935,-95.26755,0
-99.52988,-6.4853067,0
160.85146,-10.745005,0
-36.176212,115.65554,0
-35.68872,115.6691,0
14.832459,-74.77584,0
-70.27257,13.377406,0
48.643234,-59.116226,0
27.167337,-134.42651,0
-171.60324,-7.932042,0
155.2717,-18.582355,0
-43.99084,145.77533,0
-56.968464,146.87483,0
-67.38077,-58.27486,0
1.6959497,32.033882,0
-71.112,-60.7536,0
103.30354,-139.51233,0
-150.84573,-78.45155,0
107.764595,28.476954,0
48.256573,83.17684,0
48.317245,82.595604,0
46.256786,19.167528,0
20.202219,49.610752,0
-117.37771,83.71629,0
52.69229,22.970625,0
-76.661964,-19.576338,0
131.18964,-81.27447,0
48.944313,24.443768,0
48.37698,24.73025,0
-18.911945,-80.863815,0
-76.40048,72.717255,0
-17.500286,-78.07664,0
38.98946,-166.3348,0
-181.21169,-48.185524,0
131.03114,-45.12338,0
1.0998645,144.09384,0
1.5965037,143.49742,0
68.340576,30.72368,0
19.125154,20.539911,0
68.07643,30.585812,0
71.8732,51.90982,0
-81.30511,-13.0082,0
92.17911,-50.575775,0
62.396984,50.48506,0
62.28036,50.659996,0
-1.293969,-89.324715,0
-86.80468,19.79365,0
35.98599,-84.51082,0
23.368572,-158.18327,0
-166.6993,-33.325108,0
129.42502,-29.946074,0
-16.476,156.45457,0
-19.366392,158.00044,0
-23.035215,-59.087032,0
-65.21442,59.319027,0
-24.348284,-64.57238,0
53.31944,-155.85088,0
-162.12727,-59.97646,0
123.868416,-56.788452,0
-3.5732749,121.65824,0
-4.072718,121.14909,0
-17.178013,-113.02193,0
-79.54235,45.997787,0
-3.2907946,-129.71417,0
-11.973477,-175.8836,0
-152.68765,-49.971626,0
120.162605,-27.52748,0
10.198558,193.35883,0
15.367634,151.58893,0
86.889694,82.033165,0
26.00027,40.925514,0
-133.22856,42.232307,0
-112.13324,33.852974,0
-76.73771,-34.66392,0
110.112236,-78.21046,0
69.99899,87.567924,0
69.31492,88.0908,0
10.803689,-51.20593,0
-40.571194,1.8849345,0
35.80702,-16.968334,0
34.122826,-119.307144,0
-105.17233,-27.548485,0
160.71593,-20.564978,0
-49.40634,116.234505,0
-49.826275,116.87891,0
-38.9194,-15.015893,0
-3.3534849,49.837387,0
-118.41655,42.133812,0
45.13265,-181.38052,0
-88.53819,-27.090807,0
119.05617,-67.88582,0
53.517437,71.66471,0
53.537086,71.671486,0
-25.179462,-32.82409,0
-10.705887,23.73896,0
-29.291517,-22.423584,0
82.74996,-113.12495,0
-115.98031,-21.079401,0
124.355316,20.2278,0
8.052362,87.46652,0
8.3501215,87.79824,0
70.28112,25.959833,0
16.751497,18.650698,0
70.91703,25.77878,0
72.595024,-81.22378,0
-84.36276,-11.152582,0
175.2525,-38.583225,0
60.83594,54.884544,0
60.944824,55.06579,0
21.01916,-84.05424,0
-72.700966,23.752407,0
29.324059,-83.47603,0
33.784424,-154.0701,0
-181.5281,-19.29516,0
146.69522,-31.216745,0
-54.79684,157.21097,0
-11.809537,143.7571,0
6.360073,-32.804264,0
-34.921833,2.285463,0
16.399183,-20.224133,0
56.24329,-114.771805,0
-133.76683,3.6785297,0
154.47324,14.984248,0
-34.49864,90.27419,0
-34.930664,90.785255,0
-14.291016,-99.07477,0
-63.68922,31.732647,0
-35.024555,-122.43947,0
7.204321,-168.4397,0
-134.47195,-40.37571,0
121.16287,-14.179719,0
5.9211864,166.14894,0
19.492435,181.58514,0
-2.7756329,-78.57727,0
-81.44294,6.68475,0
35.24617,-73.30301,0
16.434519,-145.44612,0
-161.73392,-24.638565,0
130.81026,-12.981635,0
-29.732855,155.73598,0
-27.700747,150.69873,0
15.899261,-30.774645,0
-33.64803,25.695263,0
20.572931,-26.688221,0
47.289665,-104.67664,0
-130.95995,20.771677,0
162.31842,23.496073,0
-50.21618,79.76499,0
-49.066364,79.743805,0
-70.077034,-85.604164,0
-29.616213,56.65071,0
-80.76348,-96.781334,0
82.11455,-156.88277,0
-95.257286,-44.28222,0
90.46092,13.285837,0
57.492924,116.944824,0
58.012802,118.12797,0
11.149948,-89.01366,0
-81.62065,19.190544,0
53.596073,-77.00656,0
24.185339,-152.07309,0
-170.9161,-27.308014,0
138.56825,-33.32459,0
-44.120464,163.30792,0
-46.815193,167.75398,0
-5.5192895,-32.876183,0
-21.447914,2.5888202,0
13.600343,-7.2421875,0
61.769142,-117.51729,0
-132.90544,-6.147569,0
127.66875,-10.810148,0
-23.427221,91.105835,0
-24.13137,90.20204,0
14.102306,8.735019,0
17.821613,32.64224,0
14.500029,8.144342,0
29.485332,-100.69777,0
-86.81983,-35.84258,0
97.14113,27.15386,0
22.707342,59.09626,0
22.678553,59.27083,0
108.85045,44.8977,0
54.94161,-14.026344,0
-125.714806,76.39925,0
104.49589,44.93031,0
-54.68446,-14.95838,0
79.56989,-54.06685,0
104.85157,46.67733,0
105.17262,47.26751,0
15.05541,-31.565802,0
-33.495293,25.052605,0
21.385216,-23.9135,0
46.771954,-104.68761,0
-130.68753,18.921005,0
164.18048,23.29652,0
-51.00364,79.28185,0
-49.76754,79.10696,0
-40.610027,-96.3797,0
-52.003315,53.986633,0
-59.53819,-126.17034,0
24.87473,-183.59332,0
-127.357285,-67.815155,0
94.32334,-17.03937,0
30.715036,153.11792,0
45.32965,156.96727,0
-11.038285,-34.21574,0
-13.858578,6.941421,0
4.013404,-6.594037,0
68.771736,-119.44237,0
-123.825676,-9.827555,0
136.45369,11.578025,0
-8.748333,95.271675,0
-9.611339,94.94243,0
-26.052618,-85.251595,0
-79.1959,64.032265,0
16.360405,-100.42963,0
31.944098,-168.49127,0
-159.24573,-42.432255,0
132.94081,-41.96759,0
8.26825,142.45392,0
8.017956,142.88402,0
26.564077,6.456461,0
7.8265133,16.900673,0
28.058294,4.1138697,0
70.721245,-90.94001,0
-93.92524,-11.2518635,0
169.91129,-31.741024,0
28.93582,71.5868,0
29.354128,71.883804,0
-12.606683,-28.696455,0
-11.305419,7.2136154,0
1.314227,-2.985098,0
71.77439,-121.58296,0
-120.5836,-13.853605,0
133.87138,11.915797,0
-6.1787257,91.18178,0
-6.13852,91.15815,0
90.94092,65.91602,0
60.132362,-0.7696714,0
-118.020676,64.681656,0
90.13812,66.59637,0
-51.349537,-21.06049,0
88.93148,-61.928658,0
89.63957,68.00114,0
89.52028,67.901596,0
-46.667908,-102.450554,0
-46.634155,46.196136,0
-55.88615,-115.98125,0
28.414028,-193.73248,0
-119.75857,-59.44357,0
101.805305,-6.4431424,0
41.665466,141.06891,0
36.35236,145.74702,0
22.281242,-74.785416,0
-64.330025,21.533358,0
57.750244,-58.75057,0
36.682842,-148.95206,0
-180.35759,-10.053337,0
144.36841,-33.779984,0
-63.7322,148.49545,0
-63.87165,149.63995,0
-79.11687,-117.17535,0
-0.97434765,61.183594,0
-72.323586,-129.27693,0
-11.085039,-151.40028,0
-104.57961,-66.25574,0
84.56379,-7.7306576,0
63.841583,148.50713,0
63.18867,148.02913,0
-29.182116,-28.199408,0
-7.692127,27.892572,0
-31.99649,-26.358913,0
81.119354,-118.431625,0
-118.84061,-24.384836,0
136.73547,14.261005,0
14.757123,83.919106,0
14.559064,82.701866,0
-37.594833,-17.207436,0
0.95440304,46.34317,0
-120.576164,36.81658,0
47.259205,-178.23383,0
-84.66176,-28.357038,0
116.84092,-71.28871,0
59.84785,72.99111,0
59.409676,72.76578,0
-45.10595,-59.767334,0
-16.32606,37.488655,0
-45.428463,-52.1689,0
90.84262,-124.12331,0
-116.789795,-31.80198,0
107.979744,13.659506,0
26.157839,98.14716,0
25.457722,97.37166,0
7.045233,-66.09366,0
-59.689735,5.191294,0
43.9607,-54.481415,0
26.374737,-128.32358,0
-151.69246,-6.4147367,0
152.29404,-10.212968,0
-34.472546,130.32185,0
-41.98816,134.21979,0
-30.067171,-88.79849,0
-75.95618,62.657272,0
-47.04579,-108.88382,0
34.871323,-175.76888,0
-175.06387,-54.274784,0
119.65323,-44.538277,0
16.033184,139.58278,0
14.108615,142.82806,0
0.59824866,-81.66004,0
-88.26682,10.936297,0
40.865734,-76.70979,0
14.144599,-150.44473,0
-157.30011,-30.67124,0
130.16057,-26.202414,0
-28.758514,164.61006,0
-23.971275,169.06879,0
-1.9586495,-38.897038,0
-24.464626,15.963806,0
11.8280735,-16.478497,0
57.056774,-106.2345,0
-139.10005,-10.154023,0
138.05757,4.189063,0
-34.187866,104.47407,0
-68.572845,122.44338,0
14.206179,-63.307503,0
-58.571133,-2.9336028,0
45.357452,-48.13736,0
21.408972,-120.58516,0
-161.05237,-1.3744693,0
149.20242,-12.650102,0
-46.998924,128.99481,0
-45.932865,130.83438,0
-45.607723,-92.20425,0
-48.640343,55.949,0
-56.43947,-112.01934,0
31.409155,-187.53174,0
-120.90396,-55.816536,0
96.738014,-9.77457,0
29.014795,145.2401,0
29.983475,145.80367,0
-45.90848,-67.05053,0
-19.735857,41.252026,0
-44.2384,-68.88059,0
86.349915,-134.0382,0
-121.29681,-36.22608,0
111.94079,6.6075735,0
28.763561,106.95343,0
29.154936,107.248344,0
-48.252193,-87.54392,0
-52.961246,64.132866,0
-57.80595,-83.5069,0
56.916935,-167.08253,0
-163.72018,-69.123924,0
113.23774,-50.394,0
28.98663,130.81963,0
29.228674,129.6447,0
-12.085576,-39.828724,0
-17.485443,16.589798,0
-2.2608979,-13.43007,0
67.65143,-129.44122,0
-130.21545,-13.6535015,0
131.49475,7.4708557,0
-9.423024,103.58977,0
-11.2517805,103.73162,0
-47.496147,-69.04127,0
-16.9156,42.579712,0
-53.334988,-67.54108,0
94.7515,-123.044586,0
-121.05835,-38.594673,0
108.01859,10.314084,0
31.058428,108.73009,0
31.443762,109.86899,0
112.35523,60.121143,0
65.11754,5.080487,0
-127.223885,65.91825,0
-118.87795,81.3021,0
-48.463375,-28.139507,0
81.640076,-61.82621,0
108.96457,62.611485,0
108.2623,62.976116,0
-40.08832,-82.90191,0
-2.68962,54.478374,0
-70.37869,-132.08817,0
78.87502,-95.83139,0
-107.02845,-55.953957,0
91.41336,-8.3307705,0
57.87098,153.58409,0
58.38221,153.85487,0
43.992756,12.262917,0
12.027845,46.393093,0
-103.8326,84.704,0
59.073795,17.622616,0
-70.57033,-22.963898,0
140.93529,-79.48901,0
48.513298,41.541664,0
47.68265,42.665283,0
-40.510056,-89.68895,0
-73.468185,61.75486,0
-48.976128,-108.81188,0
33.691643,-177.62878,0
-178.22798,-56.540154,0
95.946465,-22.426449,0
18.355162,139.31752,0
19.200012,139.21065,0
14.155408,-29.1748,0
-31.390991,27.018799,0
19.612453,-24.504711,0
47.4897,-101.65048,0
-126.96918,19.130653,0
168.54712,20.159515,0
-46.702194,82.71312,0
-46.495613,84.68248,0
-9.920744,-96.40052,0
-34.265892,-5.660917,0
16.628325,-26.097511,0
1.3970963,-160.76767,0
-134.7014,-33.54955,0
85.35613,20.558254,0
-11.6712675,173.66447,0
51.32988,108.54639,0
-7.843791,-62.471664,0
-29.848537,33.3969,0
-6.769544,-63.365887,0
49.465767,-120.31476,0
-106.615715,-28.133366,0
121.083405,11.776818,0
-27.402325,129.48137,0
-27.205282,129.74243,0
23.207401,-47.96435,0
-50.38199,14.368408,0
43.20769,-24.088606,0
42.711765,-128.99107,0
-145.07402,4.9549627,0
162.80258,2.4907513,0
-71.68466,110.957535,0
-73.73839,111.167274,0
-71.51899,-89.08951,0
-30.689962,54.840458,0
-77.71368,-93.51131,0
80.17638,-155.38876,0
-96.44613,-43.39513,0
91.50887,11.76175,0
62.414352,116.92422,0
67.13539,114.22312,0
-43.694134,-102.363464,0
-50.428837,47.709698,0
-53.187443,-121.65655,0
21.804462,-186.68361,0
-126.482796,-61.3908,0
99.612305,-15.22185,0
33.209965,160.4113,0
42.10678,149.96515,0
-45.988346,-99.64492,0
-48.67078,48.151123,0
-55.864315,-120.75702,0
23.566334,-187.81439,0
-124.03722,-61.979992,0
101.31749,-11.740803,0
38.068947,148.64326,0
39.313923,149.64746,0
-82.17238,-111.547905,0
-4.0494733,58.544624,0
-72.11822,-121.456856,0
-12.930471,-155.12686,0
-105.04951,-69.75774,0
84.87974,-10.448949,0
62.57342,154.48427,0
64.317,154.3866,0
6.388756,-35.19067,0
-31.275663,4.5106974,0
24.053076,-14.472232,0
53.680016,-115.7864,0
-136.0934,5.3252015,0
155.20302,14.477522,0
-34.861874,85.04205,0
-34.74824,83.97814,0
36.835327,43.590965,0
15.050031,49.758446,0
-100.05325,84.659775,0
-106.01022,21.928492,0
-72.035995,-23.759726,0
145.33168,-76.625786,0
37.52174,44.111813,0
37.563736,44.1615,0
-14.932658,-38.7599,0
-19.93482,18.45011,0
-3.061304,-9.475785,0
68.71562,-128.11086,0
-124.62082,-16.074596,0
130.70834,12.189643,0
-3.32837,97.55779,0
-16.057781,89.581245,0
10.746195,-90.162056,0
-81.91339,20.181671,0
52.51234,-77.29698,0
24.298574,-153.84393,0
-171.08942,-33.087563,0
136.7306,-32.80675,0
-44.601776,164.3706,0
-45.768784,165.41852,0
-39.170475,-45.212692,0
-24.01472,48.549984,0
-41.82227,-41.492508,0
83.99044,-148.01843,0
-91.48645,-42.722713,0
98.5524,17.594604,0
52.997032,101.49107,0
52.703053,100.61975,0
9.098701,-60.434,0
-54.389214,1.3492826,0
37.558804,-52.98459,0
28.795988,-122.241615,0
-149.27802,-10.193231,0
149.77711,-3.7684364,0
-42.94093,121.98332,0
-42.574833,122.58885,0
-22.314465,-110.862595,0
-73.54582,44.82992,0
-28.95193,-135.69958,0
-2.0553246,-180.31233,0
-148.05286,-48.962082,0
117.85555,-24.646574,0
9.342011,186.07387,0
9.598344,185.84651,0
127.1574,99.98308,0
32.36992,19.973139,0
-141.33606,47.54222,0
-105.84587,53.806694,0
-59.607372,-38.017937,0
90.95356,-80.34903,0
111.79624,99.70224,0
111.15208,100.18628,0
19.070742,-39.75257,0
-38.870667,16.293003,0
32.78481,-21.499107,0
44.378197,-115.47406,0
-138.56696,14.598553,0
164.18518,13.899182,0
-56.90993,93.36309,0
-56.930637,93.97133,0
24.16742,5.1189504,0
5.4038754,16.617388,0
25.031408,3.0169978,0
70.70297,-93.83575,0
-97.16186,-10.792687,0
170.77998,-29.299385,0
25.854767,73.66653,0
25.95083,74.159256,0
-45.773823,-68.012764,0
-20.38413,42.89278,0
-44.53737,-69.77686,0
99.047966,-125.89219,0
-120.15527,-38.432068,0
91.35589,-27.12506,0
27.708586,109.91926,0
27.072786,111.44034,0
-84.51716,-120.60886,0
3.8368998,63.862347,0
-78.452774,-130.66025,0
-8.092978,-147.2413,0
-107.54923,-60.456516,0
87.82735,-1.3268492,0
69.8657,143.14479,0
71.88205,143.68199,0
19.426989,-50.732395,0
-45.260487,9.172663,0
42.810295,-30.55396,0
38.22531,-120.74783,0
-149.78291,11.659738,0
172.4096,2.485666,0
-61.312096,108.231094,0
-65.652176,101.51962,0
22.50572,-59.07061,0
-55.532013,16.693672,0
51.095284,-40.517014,0
37.394558,-132.09116,0
-146.3891,7.1548047,0
142.99963,-16.191643,0
-65.518425,124.252014,0
-61.716755,132.29518,0
-39.9835,-84.63561,0
5.283871,23.289225,0
-42.98027,-112.76514,0
77.54802,-93.01497,0
-109.49779,-42.01326,0
95.31393,-30.443409,0
22.889906,128.70361,0
22.792059,129.07628,0
19.03136,-69.19933,0
-64.36105,0.84802175,0
48.57484,-51.150364,0
19.679321,-127.38695,0
-158.32088,-6.9143896,0
154.90224,-16.396662,0
-49.618034,138.15686,0
-49.327713,138.63934,0
13.526324,-60.536594,0
-56.92335,-5.1645145,0
42.399315,-45.536346,0
22.344007,-119.958595,0
-161.41809,3.2374454,0
160.64333,17.790876,0
-46.530632,126.30155,0
-46.683834,123.739174,0
-16.017338,-25.955067,0
-11.5346,20.148294,0
-16.482203,-17.738237,0
84.21168,-107.99461,0
-119.406235,-18.023327,0
126.70585,17.533184,0
4.8851385,88.05331,0
4.709975,89.81995,0
-81.80599,-117.35342,0
1.293937,59.766342,0
-76.33993,-126.83591,0
-12.638525,-149.60133,0
-101.97717,-66.42576,0
85.18406,-7.8281407,0
66.57865,147.41203,0
66.04471,147.07524,0
-24.32597,-55.38207,0
-9.940464,6.351932,0
2.6127546,-2.527092,0
72.60232,-123.186,0
-163.14075,-62.090237,0
117.9635,28.052149,0
-5.281298,93.70302,0
-9.590544,91.7043,0
89.109474,34.0927,0
67.06277,-9.135174,0
89.86352,33.283783,0
81.19823,51.23322,0
-66.448875,-14.630761,0
85.25506,-45.83919,0
81.8964,41.88764,0
81.8095,42.27796,0
-6.5479836,-28.282272,0
-17.04675,2.470444,0
7.6405196,-3.6676779,0
66.45169,-116.3162,0
-132.36209,-11.484738,0
134.71806,1.7044908,0
-22.400537,101.52463,0
-21.900902,103.6125,0
21.27843,-43.188442,0
-36.261967,8.373647,0
31.285213,-16.719252,0
49.755363,-115.86017,0
-141.36635,6.086826,0
166.20502,4.3007355,0
-61.58217,100.36666,0
-61.399773,99.05468,0
-58.386555,-99.681755,0
-26.140184,63.1367,0
-59.638443,-101.66047,0
19.050531,-171.70206,0
-91.60961,-49.157734,0
107.05596,-19.32314,0
50.217968,114.37445,0
49.892895,114.635254,0
93.00526,64.72013,0
58.961304,-0.07707413,0
-125.39166,73.70311,0
95.12178,64.7582,0
-53.582584,-21.43896,0
86.23546,-61.3613,0
96.35391,66.780655,0
95.99471,67.08613,0
89.53647,89.27659,0
28.814377,33.496647,0
-138.62054,39.78095,0
-106.42339,24.331738,0
-73.815094,-38.677532,0
105.033295,-81.137024,0
79.45665,94.962296,0
78.9339,94.496025,0
16.69746,-47.764084,0
-43.152668,10.527307,0
35.700428,-25.861578,0
40.465405,-117.342186,0
-147.56926,10.662467,0
164.17789,10.316008,0
-65.428825,98.8885,0
-67.15584,98.14178,0
-30.813673,-60.65091,0
-59.155643,63.92322,0
-31.399311,-63.014664,0
57.411312,-161.60327,0
-167.15797,-69.45674,0
117.520744,-55.90974,0
6.025556,119.06494,0
5.856711,119.49464,0
12.42477,-67.33212,0
-60.17446,-0.11233135,0
43.831474,-50.690403,0
22.343136,-123.61448,0
-162.9558,-2.236443,0
145.82065,-13.768802,0
-43.956203,132.10583,0
-56.96478,132.04097,0
-21.363422,-39.391262,0
-18.544127,26.771275,0
-12.999429,-16.035286,0
76.83839,-130.44006,0
-127.09761,-21.551208,0
126.005135,10.947512,0
0.15928425,102.07319,0
2.859628,91.15255,0
-9.6427765,-114.28309,0
-74.298355,45.4996,0
-5.391548,-122.03109,0
-12.584779,-173.67271,0
-148.38387,-48.588974,0
116.96314,-25.867138,0
9.505259,187.20108,0
9.974604,188.42976,0
-12.959774,-40.9947,0
-19.257986,16.919643,0
-3.3946462,-15.3322935,0
56.937813,-110.0509,0
-137.7968,-2.1919944,0
154.25311,23.472353,0
-7.127235,100.8746,0
-7.06943,101.392685,0
-32.275467,-91.43654,0
-83.03814,24.330816,0
30.05381,-81.803955,0
30.101927,-165.48808,0
-123.556854,-53.84611,0
91.14946,-13.812209,0
18.52385,147.95549,0
17.432673,147.75291,0
71.46533,39.678493,0
69.373856,-8.503296,0
71.575424,39.1952,0
77.33911,50.306736,0
-69.20626,-14.313949,0
88.391624,-46.60343,0
70.82072,42.67669,0
70.98607,42.69137,0
-5.5624194,-61.53465,0
-57.261948,26.37762,0
-5.518594,-63.016777,0
28.413904,-128.31606,0
-151.8856,-9.386499,0
137.68529,-6.2156644,0
-25.105587,128.64035,0
-25.638063,128.8297,0
-35.947807,-16.493599,0
0.36203572,46.68,0
-117.51127,43.200294,0
43.715473,-180.91687,0
-89.32724,-28.016489,0
119.545616,-66.8048,0
51.787437,69.99348,0
51.78392,69.928406,0
16.158377,-33.384987,0
-35.61805,24.931349,0
23.420404,-22.794853,0
46.958878,-106.99917,0
-131.74962,17.174557,0
162.24332,26.426947,0
-51.565212,76.22916,0
-51.91715,75.304054,0
-75.892235,-116.488396,0
-3.792949,64.45224,0
-69.242676,-126.98327,0
-7.180063,-154.01201,0
-110.16908,-67.22902,0
88.230286,-11.361203,0
58.0224,144.34326,0
58.00462,142.82936,0
-83.35246,-111.10436,0
-5.0094476,57.86492,0
-74.23765,-121.86518,0
-14.156704,-155.9378,0
-102.51714,-70.08611,0
81.70893,-10.416871,0
61.75048,156.26872,0
61.67796,156.84464,0
-68.39112,-57.44118,0
2.0033236,33.996487,0
-75.16179,-60.35824,0
102.07477,-140.27628,0
-150.06345,-77.287926,0
108.28041,28.66233,0
49.07979,86.10493,0
49.30363,84.17133,0
-50.431034,-75.83657,0
-17.911045,49.867767,0
-59.23867,-70.872444,0
103.789856,-116.71023,0
-115.76626,-43.236515,0
103.30237,3.9031348,0
39.84058,117.81352,0
39.592915,117.49125,0
11.785469,-45.16459,0
-41.811607,17.459694,0
37.06663,-20.006672,0
45.752686,-119.91176,0
-142.44794,14.345771,0
160.73186,-1.1089234,0
-56.5996,102.32586,0
-55.852013,101.88086,0
2.5631742,-40.398884,0
-23.32782,21.859222,0
-4.296293,-15.895181,0
71.816666,-128.55586,0
-130.54861,5.392999,0
148.26424,18.214481,0
-3.8082945,101.20679,0
-3.926728,101.690956,0
2.4018533,-29.44609,0
-25.392612,-1.6807877,0
25.28966,-8.41799,0
71.41671,-108.986496,0
-133.7473,0.118980855,0
128.09837,30.819746,0
-24.150394,83.430756,0
-24.888617,83.610245,0
-6.3146696,-36.339024,0
-21.943535,11.061949,0
1.8162669,-11.566581,0
60.933647,-123.44311,0
-126.20388,-1.3961142,0
152.26453,19.747217,0
-18.706623,85.92688,0
-19.705553,86.85166,0
-12.797871,-30.017973,0
-10.232995,9.607705,0
-0.3192504,-3.7377956,0
72.829346,-117.49431,0
-119.886116,-12.305143,0
133.68384,15.94837,0
-5.984176,89.08179,0
-5.5261416,88.691444,0
-25.811405,-80.817665,0
-75.42345,66.15498,0
-28.422846,-66.595436,0
45.12727,-166.54868,0
-170.04274,-45.072384,0
133.98058,-42.594166,0
-2.3707857,133.84311,0
-8.169688,145.34872,0
-2.6996658,-72.5141,0
-77.06775,-0.22193405,0
33.580376,-65.03963,0
63.234833,-145.5352,0
-110.29363,-0.712537,0
140.04231,26.157072,0
-25.607164,140.30951,0
-24.966051,139.51363,0
-46.910686,-59.358593,0
-13.846083,36.99947,0
-48.80098,-50.059082,0
89.971306,-124.81125,0
-120.638626,-32.235176,0
110.60885,14.122888,0
26.138885,95.297104,0
24.085886,96.34085,0
25.906393,-60.798256,0
-61.115974,18.32674,0
56.3655,-49.887836,0
34.97373,-141.19943,0
-173.6713,-15.749231,0
142.5291,-32.060143,0
-68.562645,136.94435,0
-68.31315,138.52661,0
11.490275,-93.79447,0
-75.13278,23.125599,0
54.581696,-80.981026,0
28.702084,-155.26544,0
-175.77019,-31.423424,0
139.9884,-33.37148,0
-52.0458,156.54842,0
-52.422806,156.81697,0
-26.610239,-118.59946,0
-88.85528,45.734844,0
-28.471369,-126.53333,0
-5.8465047,-187.98814,0
-146.1557,-59.80262,0
109.097084,-30.083885,0
26.705101,186.54005,0
26.700352,187.00856,0
-49.506874,-102.72056,0
-42.963615,45.916267,0
-63.191624,-113.68115,0
24.172737,-193.04355,0
-119.87437,-60.233704,0
102.058395,-7.799375,0
44.574646,147.23868,0
44.1164,147.92747,0
-8.108526,-102.12843,0
-74.79977,31.348602,0
0.9775356,-111.017006,0
0.49549276,-165.47726,0
-145.54967,-38.113297,0
152.94273,-46.6579,0
-7.8227544,175.83691,0
-8.31822,175.20308,0
-33.368187,-99.91027,0
-50.853954,38.25145,0
-43.676292,-119.186966,0
11.772644,-181.43259,0
-126.308426,-49.805958,0
99.5773,-29.362974,0
14.43048,158.066,0
18.495604,158.34683,0
-40.87306,-18.845001,0
-0.2388697,51.022835,0
-122.58482,35.883476,0
7.2683706,-193.40657,0
-82.83589,-30.348639,0
115.721436,-73.20036,0
63.1134,74.206795,0
63.125294,74.060486,0
-18.870504,-123.72206,0
-88.064156,55.589355,0
-16.86331,-128.06068,0
-15.249094,-186.22287,0
-154.02483,-59.273937,0
119.10818,-30.093082,0
24.156652,201.65865,0
24.124075,201.123,0
-49.449398,-85.59285,0
-11.597025,55.836777,0
-61.639767,-81.26087,0
107.31466,-125.3343,0
-110.80445,-51.53283,0
106.46715,-3.9673934,0
33.526676,131.32281,0
34.056774,132.1742,0
29.932293,9.292018,0
10.815873,17.879553,0
31.215675,8.237334,0
71.668785,-87.491035,0
-90.745674,-11.0047,0
172.10893,-34.107063,0
32.224136,71.319016,0
32.121788,71.50391,0
-13.727617,-101.05233,0
-71.6683,33.403545,0
8.206494,-113.38872,0
0.56754696,-167.7583,0
-141.21095,-34.701412,0
147.82986,-18.266188,0
-2.1108398,173.74321,0
-2.169112,173.01633,0
4.277983,-96.98043,0
7.38095,12.716901,0
30.330156,0.44418934,0
66.71863,-91.63312,0
-159.21413,-35.243317,0
132.1719,-29.073687,0
20.553652,70.704704,0
20.110796,69.54944,0
24.4714,-53.73767,0
-53.50557,12.762283,0
49.050087,-31.044807,0
41.804512,-135.9732,0
-154.15639,9.927577,0
168.48598,-11.339794,0
-68.74649,119.03138,0
-69.27202,119.57943,0
-58.614353,-98.78899,0
-25.985933,62.162746,0
-61.342453,-99.80284,0
18.960125,-171.0577,0
-91.23042,-47.900524,0
94.22785,16.193428,0
51.568535,113.56126,0
50.136852,112.899506,0
18.34217,-37.42857,0
-37.98874,18.436548,0
32.405758,-20.03776,0
40.23844,-108.54021,0
-139.38821,16.498968,0
166.13898,15.596297,0
-54.38192,92.706825,0
-53.35038,92.89716,0
-84.51861,-122.6769,0
4.9562507,60.069798,0
-81.984825,-125.98983,0
-11.180197,-146.22713,0
-101.46683,-61.288292,0
84.30346,-2.7131472,0
67.85886,141.61859,0
67.595955,141.20784,0
-0.46585268,-89.2992,0
-87.523056,18.89261,0
38.270134,-83.91377,0
23.044624,-158.80312,0
-165.22882,-35.337708,0
130.57411,-31.736359,0
-18.508495,159.53625,0
-19.655218,160.88252,0
-34.388515,-90.65684,0
-46.24974,39.161736,0
-32.891468,-83.95829,0
26.307848,-176.5607,0
-122.693214,-53.545815,0
126.634254,-17.083954,0
19.814293,150.03789,0
19.242186,150.07932,0
-3.9783225,-54.484943,0
-5.3392196,10.656816,0
-19.898794,-10.674326,0
25.912266,-111.92977,0
-169.84425,7.9549212,0
179.98843,1.9769713,0
-24.200455,117.36412,0
-5.392471,79.74735,0
-33.4542,-106.02004,0
-60.071167,47.32769,0
-40.06576,-126.12292,0
16.567719,-180.57205,0
-132.03862,-67.06034,0
99.48876,-24.259953,0
25.708645,158.62045,0
24.365126,159.93846,0
-24.24695,-81.349495,0
-72.627594,68.201065,0
-21.919006,-73.97813,0
42.708534,-163.66681,0
-173.9325,-50.25889,0
126.11231,-45.656757,0
-0.56292665,136.72462,0
-0.36441442,135.90176,0
95.08492,52.377502,0
66.42289,-0.95767516,0
94.93767,52.39136,0
88.89197,51.333828,0
-59.3218,-18.90868,0
85.76556,-51.695873,0
91.73295,48.94544,0
91.74464,48.837353,0
-27.817545,-76.02027,0
-67.35928,67.80572,0
-26.467873,-73.2502,0
47.887196,-164.99965,0
-169.98566,-63.163704,0
114.34,-58.371616,0
3.542799,132.49947,0
3.8545437,132.43134,0
-37.902836,-106.17793,0
-53.643112,43.752773,0
-49.530205,-127.765495,0
15.679051,-188.11742,0
-132.23328,-59.3246,0
101.47167,-16.255869,0
35.049507,166.08841,0
35.829784,166.47046,0
-59.080162,-88.903725,0
-30.230444,45.19713,0
-66.35885,-105.28163,0
18.631073,-180.66196,0
-105.40809,-47.514717,0
83.99873,-9.402346,0
47.156128,129.03835,0
46.80795,129.32758,0
100.69592,93.458145,0
31.990309,28.290161,0
-141.10486,43.231705,0
-103.8493,48.97449,0
-68.76939,-40.608856,0
99.11197,-78.9538,0
100.53475,105.78507,0
100.200386,105.41939,0
89.55742,88.03336,0
28.261292,33.843697,0
-138.13728,39.735954,0
-106.85211,25.010273,0
-74.358406,-38.66067,0
105.13963,-80.4651,0
78.79959,94.272995,0
78.533424,94.1374,0
126.7959,100.40565,0
32.13438,20.38219,0
-141.052,46.82513,0
-105.859,53.063644,0
-60.1937,-37.699913,0
91.76629,-80.153175,0
110.02668,100.54399,0
110.03203,100.734505,0
-15.2619705,-64.13081,0
-69.55052,54.567184,0
-18.166166,-68.47772,0
45.176758,-155.4173,0
-166.63858,-51.657936,0
130.35915,-52.119755,0
-10.334821,131.76097,0
-8.792978,132.53014,0
-45.2164,-97.87179,0
-47.3691,51.77848,0
-59.71237,-119.797134,0
25.884478,-187.67403,0
-121.7642,-63.601387,0
98.00217,-11.34102,0
35.58532,148.2834,0
33.634483,147.13934,0
-6.787654,-38.57367,0
-18.762707,13.035584,0
5.8830876,-13.2192955,0
63.279438,-125.06777,0
-123.32324,-3.4613597,0
142.82474,11.743259,0
-16.358742,90.58808,0
-18.090681,90.83665,0
-5.296768,-103.37998,0
-73.6757,33.52314,0
5.7166796,-112.699265,0
-3.1735044,-166.55446,0
-142.55576,-35.33664,0
154.53557,-41.973343,0
-2.8019154,175.34682,0
-34.391823,122.26199,0
6.2786098,-35.393147,0
-31.510963,4.623582,0
25.092554,-14.28442,0
53.325764,-114.24983,0
-134.5754,5.3585954,0
154.1072,16.884592,0
-34.63546,85.18639,0
-37.443962,86.853676,0
14.238109,-35.520332,0
-40.301605,-2.9446938,0
23.40659,-30.11815,0
46.488678,-108.30722,0
-133.99696,20.729244,0
165.80904,22.733402,0
-43.938457,89.04145,0
-43.733746,88.722946,0
8.501,-35.673733,0
-33.71385,6.1343594,0
25.656694,-13.107229,0
50.40989,-114.12656,0
-137.00977,7.3655176,0
156.7739,15.412626,0
-36.56979,83.255424,0
-25.43335,84.464645,0
5.050038,-48.478268,0
-47.561584,24.423897,0
25.102953,-29.980196,0
47.910652,-133.0077,0
-143.05899,17.212248,0
164.0535,0.11375253,0
-45.85971,107.41688,0
-44.962273,105.59235,0
2.3756897,-87.459595,0
-86.48551,12.658536,0
39.468662,-81.97746,0
17.028957,-153.52826,0
-158.72247,-30.300879,0
126.74373,-21.292732,0
-24.16136,160.89429,0
-38.633152,165.72348,0
11.476867,-28.682173,0
-29.767334,24.967505,0
14.483483,-22.764479,0
49.550335,-100.74621,0
-125.236084,18.52667,0
170.89438,18.960821,0
-44.539627,80.14095,0
-43.987232,80.0406,0
4.367434,-63.127995,0
-60.82299,4.210858,0
-1.5730245,-63.571163,0
25.463951,-126.91313,0
-157.54355,-6.6682553,0
155.369,-13.9010105,0
-32.983803,126.935326,0
-32.826565,126.19916,0
112.93167,44.590954,0
56.6161,-12.9591675,0
-126.638855,85.59522,0
126.72906,51.39038,0
-49.925198,-13.795848,0
73.02855,-51.9761,0
140.53311,59.641666,0
141.81694,58.06168,0
-45.845932,-40.10489,0
-23.400349,52.038925,0
-44.236874,-38.992184,0
89.96457,-111.94619,0
-89.39928,-43.79079,0
98.302155,18.798115,0
57.998314,103.00024,0
58.581398,103.0654,0
24.947687,-58.32388,0
-59.651394,17.136038,0
49.5848,-37.75163,0
34.777832,-137.66434,0
-173.8851,-14.403358,0
146.45573,-23.722092,0
-68.897354,134.37575,0
-68.15191,139.56757,0
-76.11934,-83.23068,0
-28.552166,60.33871,0
-79.01811,-83.905205,0
85.35885,-158.64795,0
-93.369644,-46.387108,0
86.89884,14.630203,0
56.1971,110.43606,0
56.305862,109.44406,0
7.923265,-78.55575,0
-67.30352,30.04426,0
41.33851,-68.475,0
6.463566,-169.30937,0
-170.27802,-19.133152,0
123.87412,-14.91877,0
0.46537882,166.68723,0
-0.7319725,166.26785,0
14.577575,-68.803986,0
-63.201897,3.462454,0
48.17168,-53.19841,0
21.097992,-127.26332,0
-161.37013,-5.8155584,0
154.35022,-9.662396,0
-37.22907,132.00949,0
-37.51279,130.04016,0
-34.279705,-103.640396,0
-54.54628,43.073227,0
-45.841843,-127.947586,0
12.744899,-188.39267,0
-131.04097,-60.080517,0
105.665,-14.312868,0
30.601486,164.09373,0
30.699188,165.02495,0
77.732056,81.33823,0
24.089197,25.531311,0
-128.60115,38.112087,0
-111.72795,36.837677,0
-78.599556,-39.143723,0
113.25336,-80.44701,0
74.4112,81.71676,0
74.470535,81.57045,0
-29.872583,-28.800783,0
-9.60679,27.226664,0
-32.88096,-24.074142,0
82.516075,-118.83667,0
-116.46989,-25.123842,0
118.717285,21.372383,0
14.095366,85.89546,0
13.737585,85.06041,0
13.963484,-72.86915,0
-70.00095,11.199082,0
55.684834,-71.53517,0
23.981247,-140.96437,0
-174.67233,-7.9842567,0
141.8518,-20.69046,0
-47.292213,142.71872,0
-46.549667,144.10231,0
-84.518486,-118.35105,0
3.9985697,60.268917,0
-79.73785,-126.2791,0
-12.32915,-146.28618,0
-103.13893,-61.31664,0
83.73994,-1.4973792,0
71.33788,142.09712,0
74.49005,147.35548,0
19.848406,-45.589336,0
-42.298763,14.563493,0
36.135357,-22.474678,0
40.871506,-123.53913,0
-141.61514,3.1899877,0
149.68546,14.056343,0
-45.66058,92.795334,0
-46.492706,92.92429,0
-45.021145,-57.70687,0
-14.363115,35.191643,0
-45.709793,-49.501472,0
87.95887,-124.281555,0
-118.976974,-29.973131,0
113.2511,16.669947,0
24.58082,93.03501,0
20.426617,91.16639,0
-23.87317,-38.917896,0
-18.85513,28.442926,0
-12.151304,-15.047722,0
77.06625,-133.03548,0
-126.988304,-25.176685,0
120.84093,9.513757,0
5.308316,99.60613,0
4.390077,100.25201,0
89.72612,90.542305,0
28.381218,31.867874,0
-138.59053,40.855606,0
-105.92681,24.235838,0
-72.06236,-38.925568,0
104.05894,-82.24571,0
81.48326,96.02004,0
81.35963,95.8792,0
1.7925612,-65.705246,0
-69.39033,-3.6247253,0
8.655233,-105.27505,0
26.447128,-109.35631,0
-161.1067,-9.47728,0
159.9717,-18.167253,0
-17.349798,183.31801,0
-17.056984,173.00227,0
1.8665723,-86.203094,0
-89.13735,15.106597,0
38.564606,-81.68867,0
17.190317,-156.76236,0
-157.98337,-31.022203,0
126.78607,-28.208378,0
-22.741793,162.62723,0
-36.131195,167.42314,0
7.4276433,-91.80134,0
-93.05745,11.457793,0
49.192204,-80.44008,0
13.2775,-155.92397,0
-163.48938,-28.102919,0
135.54465,-27.916058,0
-38.34476,169.7145,0
-41.107655,169.49907,0
10.374356,-53.080643,0
-42.138237,0.6181993,0
36.422794,-42.876686,0
31.329247,-127.866776,0
-159.91185,-9.377783,0
148.09346,-13.937565,0
-50.50272,118.59275,0
-50.10654,118.49182,0
-9.579311,-60.636482,0
-53.475777,30.540434,0
32.518642,-69.23793,0
59.39748,-146.94522,0
-110.62777,2.5825808,0
141.40962,-12.493992,0
-21.615017,133.00827,0
-22.066946,133.66824,0
-6.991328,-35.274082,0
-21.96991,9.603977,0
0.0065763374,-13.480893,0
60.991497,-121.91056,0
-127.61254,-2.3246467,0
146.12103,12.058636,0
-20.831278,88.13626,0
-21.919197,87.60116,0
6.112003,-91.338745,0
-91.81724,9.956312,0
46.144035,-81.33925,0
10.338595,-154.02647,0
-162.65512,-31.144413,0
133.47694,-27.766968,0
-35.06141,170.12926,0
-36.375294,170.88141,0
-44.188663,-96.704956,0
-47.505722,52.650795,0
-60.04406,-120.475624,0
26.606133,-186.11987,0
-121.85898,-65.60271,0
95.283424,-10.709514,0
34.71811,149.00697,0
37.58985,152.01006,0
-2.1286676,-40.970673,0
-29.215141,7.1462345,0
22.793587,-10.958801,0
56.270668,-118.39472,0
-130.56084,-3.058955,0
144.86214,3.816919,0
-35.3571,97.59282,0
-35.748985,92.87918,0
19.711597,-62.847744,0
-56.26151,8.133031,0
45.44624,-40.96082,0
31.611004,-134.98454,0
-167.1335,-5.5348725,0
150.96396,-11.57807,0
-57.22953,127.26591,0
-58.286472,128.53847,0
73.700325,-26.648874,0
-103.88985,-100.64217,1
75.1174,-34.00896,0
-49.320583,-164.66603,2
-126.35979,-103.57887,1
192.57733,7.1143675,0
-106.56022,113.054306,3
-105.50157,112.82516,3
-33.26325,-89.9111,0
-43.39368,38.56488,0
-45.885445,-117.54176,0
23.03255,-173.15356,0
-110.825134,-62.84446,0
115.004814,-2.9635484,0
16.9207,150.9724,0
16.138372,151.84456,0
11.520864,-48.11578,0
-39.536785,5.374495,0
5.797129,-20.555887,0
51.67374,-123.97098,0
-126.70342,6.5073714,0
150.86514,3.995738,0
-50.67711,101.91536,0
-50.67566,101.731125,0
-67.81026,-57.14551,0
2.4049027,34.586163,0
-74.59117,-62.147198,0
100.862206,-139.90906,0
-149.4715,-76.1664,0
109.93138,28.834173,0
49.50771,85.85504,0
49.72039,87.607376,0
-64.43962,-89.15813,0
-36.273167,57.751312,0
-74.716576,-102.73822,0
78.30023,-160.85052,0
-100.68001,-48.922737,0
89.63502,5.1376514,0
55.308155,125.54467,0
56.224358,125.53538,0
22.677963,-50.713284,0
-49.02131,14.854371,0
43.21706,-26.837397,0
44.0241,-127.65363,0
-141.63216,7.663053,0
164.63086,4.3656297,0
-69.85812,112.649345,0
-72.56633,113.20883,0
9.388281,-65.13564,0
-62.8338,2.8561935,0
47.53095,-52.698467,0
22.828262,-126.72356,0
-160.4717,-4.23639,0
143.50969,-7.1824074,0
-38.19536,131.19414,0
-38.467045,132.62753,0
-32.5428,-59.151848,0
-59.759544,66.14854,0
-31.85166,-64.46463,0
58.188766,-162.45494,0
-168.11366,-68.02561,0
112.738235,-55.286552,0
7.9059424,121.90918,0
7.125166,122.8165,0
-41.204,-61.745014,0
-14.920129,41.213406,0
-43.564205,-53.90389,0
60.619568,-159.73749,0
-163.43944,-67.866776,0
117.28827,-52.36161,0
23.019306,100.28723,0
23.206043,99.39263,0
15.4410515,-40.618603,0
-37.394188,11.651062,0
26.727057,-19.3108,0
46.55124,-113.44306,0
-136.9607,8.465637,0
159.51253,14.884465,0
-60.085297,93.203865,0
-59.98929,93.996506,0
-26.883564,-89.265305,0
-77.22346,58.800583,0
-13.011478,-129.46411,0
29.036957,-173.35527,0
-172.6624,-55.861713,0
120.176544,-39.710033,0
12.595074,145.81935,0
8.681088,145.27449,0
-8.798484,-117.152855,0
-76.171234,48.27959,0
-7.5278645,-121.65703,0
-14.472673,-173.85136,0
-156.41792,-48.148464,0
121.273056,-35.09023,0
4.558944,201.45314,0
4.478471,200.90826,0
-26.557178,-115.74185,0
-87.212074,42.140385,0
-31.043549,-128.98967,0
-4.153081,-185.16835,0
-143.11389,-54.670708,0
112.10107,-27.38781,0
23.68725,182.87938,0
23.213547,182.33513,0
96.45972,54.457375,0
60.06549,1.4681444,0
-121.83452,80.66226,0
97.898346,55.019085,0
-57.48061,-20.425854,0
82.390564,-58.40373,0
99.764244,54.998108,0
99.77714,55.261528,0
13.073744,-67.19336,0
-59.283684,0.0654586,0
43.810036,-52.247723,0
22.861822,-124.22786,0
-161.82608,-2.5468028,0
145.9265,-12.567813,0
-43.889355,132.93527,0
-44.276608,133.4066,0
4.9715137,-82.32088,0
-90.1767,7.1462326,0
42.505993,-80.53872,0
9.829534,-151.80542,0
-157.47617,-26.515514,0
133.6008,-22.64923,0
-31.637768,170.37686,0
-32.983894,171.60147,0
-21.065092,-33.839977,0
-12.242735,20.008274,0
-16.730404,-15.779326,0
82.19897,-111.66732,0
-124.28727,5.111934,0
128.32254,19.163816,0
4.2276096,88.19668,0
-44.525864,101.20739,0
29.925634,-58.91536,0
-60.06465,10.709235,0
53.966362,-31.67672,0
40.998837,-141.0952,0
-162.2214,-11.7405205,0
164.37428,-16.693207,0
-19.011364,141.8303,0
-23.432116,183.76927,0
6.2766457,-86.65342,0
-90.59581,4.282277,0
46.51293,-78.724754,0
15.391633,-155.24901,0
-159.9264,-28.489618,0
131.75012,-27.048435,0
-38.029484,174.58812,0
-38.68824,177.59712,0
-23.437693,-41.37186,0
-17.91949,27.474497,0
-11.717974,-16.691393,0
76.77333,-131.81882,0
-133.41917,-23.836987,0
123.55792,11.438214,0
3.082945,103.25591,0
3.5993311,102.76547,0
-47.22051,-97.29576,0
-44.826347,51.07284,0
-61.214405,-116.99761,0
27.342342,-187.933,0
-119.61329,-64.21744,0
97.05351,-10.679214,0
35.545113,144.81737,0
42.82212,145.22862,0
-10.749452,-56.394413,0
-34.877415,35.196968,0
-12.384195,-50.320545,0
63.706955,-140.61761,0
-115.00603,0.15659148,0
142.60893,23.995344,0
-16.57527,116.74279,0
-17.347452,114.75759,0
44.493042,11.843406,0
12.000098,47.139797,0
-104.162056,84.51022,0
59.10464,17.742086,0
-70.594345,-22.822807,0
140.45738,-79.29531,0
47.870136,41.1169,0
46.808075,41.782757,0
-34.060925,-86.8587,0
-42.024944,39.75746,0
-34.102936,-86.18954,0
91.442696,-136.92798,0
-119.63217,-53.636806,0
116.913185,-1.9691715,0
17.726488,133.8585,0
17.713737,133.89159,0
-16.970396,-119.6184,0
-86.24902,55.542686,0
-9.96197,-128.69965,0
-17.347284,-185.65298,0
-156.60626,-54.785194,0
119.10137,-31.977785,0
21.640965,203.9557,0
22.291098,204.73502,0
-18.244205,-61.543694,0
-66.85109,54.98435,0
-18.781084,-65.366516,0
50.456474,-98.28381,0
-167.6439,-55.278343,0
129.75989,-54.722866,0
-6.8472104,129.65259,0
-6.8204923,129.65007,0
21.769712,-80.48434,0
-68.54217,21.197363,0
55.781734,-63.001015,0
33.760563,-149.73418,0
-179.56451,-14.796882,0
149.84196,-28.29957,0
-58.692425,155.77141,0
-61.94369,158.45624,0
126.10326,76.46907,0
70.15338,8.252591,0
-124.11515,64.17517,0
-105.29069,66.39529,0
-53.186493,-28.964628,0
85.47651,-68.20381,0
111.8378,76.82006,0
111.92447,77.909,0
-16.366405,-100.61705,0
-66.40226,32.543976,0
-39.632397,-140.43314,0
8.800916,-167.78778,0
-138.41724,-32.95691,0
125.46944,-14.436711,0
1.6953048,167.41531,0
1.7543468,167.5292,0
21.83388,-38.57457,0
-38.83865,9.154486,0
30.257835,-27.628908,0
42.14981,-117.2052,0
-135.92516,11.157303,0
163.43979,14.359051,0
-62.73902,91.83454,0
-65.99791,90.91559,0
91.928955,65.90644,0
59.664707,-0.83929044,0
-126.40849,71.29153,0
93.545746,66.90977,0
-52.195732,-21.051155,0
87.80214,-61.80696,0
94.37514,69.02719,0
94.018486,68.77973,0
-37.524944,-106.5573,0
-52.807865,44.612137,0
-50.95597,-127.574394,0
16.300983,-188.78409,0
-134.15749,-58.540264,0
100.21571,-18.170902,0
36.506752,163.55032,0
37.14889,163.88574,0
-13.7723255,-116.35193,0
-80.13671,47.777008,0
-6.886928,-129.69534,0
-10.476717,-176.20045,0
-153.01993,-48.245575,0
133.95622,-44.218327,0
6.978907,195.42471,0
6.069689,194.86913,0
-10.924556,-100.23482,0
-71.456726,30.446918,0
2.1616802,-109.07396,0
3.0463326,-166.05617,0
-138.85776,-38.640503,0
118.085754,-21.255486,0
-5.1656866,170.93076,0
-4.9532757,169.97343,0
85.88618,31.257357,0
67.59925,-10.255418,0
86.76994,29.796268,0
80.41378,51.973267,0
-66.6256,-13.687789,0
85.10916,-44.946316,0
79.0444,39.86358,0
78.93777,39.319004,0
-40.86323,-61.958103,0
-14.453369,41.130302,0
-39.21179,-61.068867,0
60.93013,-160.35313,0
-163.44962,-68.05575,0
116.49446,-51.078297,0
22.47749,100.09793,0
20.958778,98.430435,0
-8.735363,-100.14262,0
-73.300415,29.647087,0
0.22382775,-109.8612,0
2.308411,-164.4689,0
-135.03107,-36.79965,0
95.2083,0.21906753,0
-7.9606905,172.47786,0
-8.689332,173.61649,0
-17.561129,-98.49665,0
-68.10119,32.637783,0
-37.88251,-140.79144,0
10.601363,-172.40463,0
-133.331,-55.055256,0
109.535805,-17.660675,0
3.661169,162.71495,0
3.4543202,162.6743,0
102.3,95.9103,0
31.465721,26.031336,0
-136.6006,49.085064,0
-105.40837,51.003685,0
-65.0577,-37.967583,0
96.72881,-81.307236,0
104.58003,102.521255,0
104.51146,102.56193,0
-15.7804,-101.80314,0
-67.74427,35.039547,0
59.003956,-73.033905,0
8.748469,-165.3138,0
-141.32715,-32.513565,0
126.43901,-11.233342,0
2.8849993,171.9688,0
9.644128,176.3594,0
20.966377,-36.560513,0
-35.28088,14.729844,0
30.799809,-26.48841,0
40.566586,-112.36697,0
-133.55824,13.516041,0
163.61313,17.302202,0
-64.35626,89.21524,0
-66.16083,89.84376,0
1.2808391,-32.320904,0
-26.415634,1.5983415,0
20.451292,-9.074362,0
59.40599,-115.767365,0
-135.74164,-1.3122678,0
149.84294,17.2494,0
-28.996647,87.20032,0
-30.267447,88.03988,0
15.4338255,-32.898594,0
-32.18274,23.704483,0
16.556318,-22.0069,0
51.356823,-106.346405,0
-129.08482,15.489234,0
159.18059,22.368528,0
-48.686096,77.029526,0
-48.666473,76.64442,0
-29.610197,-86.495804,0
-74.614456,62.815964,0
-49.197014,-110.74137,0
32.6075,-175.05627,0
-176.98744,-53.68432,0
121.77117,-43.982014,0
13.5852375,141.19223,0
14.984238,141.50316,0
3.8529046,-33.87542,0
-27.683802,3.6677163,0
19.371294,-17.778934,0
56.554935,-115.001884,0
-132.5593,3.042992,0
150.40973,12.346145,0
-33.433483,90.51799,0
-34.11373,89.62981,0
-17.267838,-42.19577,0
-18.000313,20.764568,0
-5.3160033,-9.934074,0
69.188705,-132.3385,0
-130.19113,-18.273966,0
128.89188,5.9331036,0
-1.3820887,107.460236,0
-1.375803,108.228836,0
15.023262,-29.800587,0
-33.098766,26.588917,0
20.585146,-25.49756,0
47.052696,-103.46421,0
-129.20085,19.995876,0
167.8813,20.798111,0
-49.803864,82.966965,0
-49.792824,83.58984,0
-6.5215497,-33.033073,0
-19.320345,6.9864755,0
-1.3829551,-10.680651,0
66.915886,-133.70157,0
-134.30086,-16.845781,0
128.94374,1.569408,0
-10.00617,109.06556,0
-21.932379,90.59275,0
-30.651875,-61.010895,0
-59.156136,63.757763,0
-30.353647,-62.44543,0
57.726776,-161.35039,0
-166.67543,-69.57849,0
117.430626,-54.938732,0
6.0108914,118.626366,0
5.896835,117.9013,0
67.36882,23.069723,0
14.179185,19.002188,0
66.382225,23.376114,0
72.924034,-83.871124,0
-86.954346,-11.643355,0
173.72891,-36.433952,0
56.199337,55.582504,0
56.042645,55.282444,0
-15.43926,-104.54925,0
-72.356094,37.19723,0
-33.052593,-140.45302,0
0.6151433,-172.35129,0
-142.66997,-42.46487,0
116.6993,-18.590675,0
-0.9599127,178.3692,0
-0.25660494,178.97377,0
-35.721863,-83.0599,0
-9.72191,58.908722,0
-65.86566,-78.177795,0
-4.803622,-147.9629,0
-156.89186,-62.43764,0
104.911224,-34.014103,0
55.44158,155.66966,0
55.305878,155.76422,0
72.448425,-23.787758,0
-100.89222,-99.854546,1
74.51566,-37.49002,0
-47.743454,-166.64703,2
-127.35702,-105.904175,1
194.28064,9.095722,0
-107.052666,109.78175,3
-105.61284,107.61586,3
-80.62716,-111.51128,0
-29.81896,44.506897,0
-71.88061,-120.90936,0
74.40145,-147.42007,0
-106.36199,-41.806377,0
97.782875,8.842296,0
17.70743,110.288,0
17.569832,110.911285,0
-12.739297,-86.36948,0
-84.306656,22.571405,0
32.06039,-83.84731,0
29.897139,-161.74153,0
-169.76462,-32.079346,0
136.73175,-30.218126,0
-11.928373,152.65988,0
-9.6049,149.25822,0
-44.214756,-80.599525,0
-45.564037,41.43261,0
-59.61747,-109.864334,0
96.8643,-116.51104,0
-121.391136,-46.871635,0
110.10173,-1.8703938,0
37.571476,135.82413,0
38.52729,136.65172,0
-16.816214,-44.125637,0
-15.938724,21.061398,0
-7.5466638,-9.409478,0
69.2033,-134.63087,0
-132.45857,-20.518566,0
127.00202,1.9527884,0
0.6247187,110.02366,0
-0.42297748,112.60393,0
83.20984,79.98139,0
16.790295,35.868362,0
-124.58909,36.26832,0
-114.04919,39.597126,0
-81.49373,-33.269028,0
113.58511,-76.05938,0
68.03748,78.65578,0
67.96324,78.615524,0
-18.322563,-47.75944,0
-47.957474,30.025747,0
-0.9002426,-49.56029,0
55.93971,-136.11977,0
-136.50401,-17.237297,0
127.756096,0.13308604,0
-8.238126,110.57712,0
-7.650445,111.80822,0
100.53196,93.18335,0
32.034985,28.492746,0
-141.06067,42.8879,0
-103.891304,48.751408,0
-69.14073,-40.561142,0
99.56345,-78.78291,0
100.174194,106.369064,0
99.91798,106.13885,0
-57.867966,-99.15001,0
-52.097836,56.978485,0
-60.7348,-101.28845,0
18.896685,-171.81856,0
-91.45438,-49.19231,0
107.367195,-19.283178,0
50.538754,114.18537,0
49.042557,113.84128,0
-36.58657,-16.087736,0
-0.36578342,45.50242,0
-119.61351,38.739162,0
46.474377,-179.2166,0
-86.07766,-27.983887,0
117.82469,-69.96255,0
57.012394,72.07724,0
57.145973,72.082756,0
-13.267551,-24.00169,0
-2.226711,12.801083,0
-18.33341,-11.755784,0
73.37513,-104.822,0
-124.69637,-14.137228,0
133.59338,-2.9168406,0
16.349154,76.4266,0
15.969574,75.89171,0
6.2828217,-36.14962,0
-32.231636,3.4757228,0
22.22379,-15.454839,0
52.12144,-113.525475,0
-135.98706,5.7880945,0
155.82405,15.232447,0
-34.188366,82.46759,0
-34.225353,81.707436,0
-6.4553046,-31.074022,0
-16.317633,3.7453,0
12.121847,-8.788729,0
64.81312,-112.93441,0
-132.03976,-10.103603,0
136.22337,3.4482126,0
-25.491941,100.88771,0
-25.768143,101.98267,0
-8.547462,-116.28528,0
-75.49349,47.5582,0
-6.4983745,-119.49404,0
-15.283149,-173.13496,0
-157.40742,-46.35604,0
139.03323,-48.047726,0
3.441988,200.60138,0
2.2849047,199.9994,0
-19.1869,-122.607544,0
-86.68513,52.33229,0
-19.393929,-130.00752,0
-13.146383,-185.0986,0
-155.5344,-57.01708,0
113.41288,-36.616142,0
21.656597,198.07877,0
21.356459,197.60165,0
-1.7305173,-81.42337,0
-82.47991,9.570282,0
37.73796,-73.767784,0
16.063597,-146.94798,0
-160.89172,-26.015667,0
126.725006,-19.939772,0
-29.613136,158.21283,0
-31.73027,159.12021,0
126.8839,100.21108,0
32.36194,20.256388,0
-141.52577,46.36526,0
-105.551605,52.79254,0
-60.22101,-37.410595,0
91.675995,-79.89174,0
110.5409,100.80363,0
110.777306,101.148674,0
-22.510675,-28.869291,0
-4.7953196,22.061398,0
-26.241426,-15.987012,0
78.85779,-111.42756,0
-110.209984,-18.065308,0
127.67889,24.0593,0
7.824331,79.42021,0
8.764918,78.03417,0
-32.33554,-32.0505,0
-9.6045265,31.19121,0
-36.46212,-29.005005,0
82.02141,-123.166084,0
-140.5788,-16.62094,0
116.39279,11.788586,0
16.043276,91.981125,0
15.30984,91.73642,0
48.26798,8.736015,0
11.80369,46.786,0
49.7718,7.14774,0
-103.50612,80.91196,0
-98.60826,-23.915787,0
139.32576,-76.847664,0
43.98383,39.856445,0
43.05115,39.53,0
-0.90056866,-29.545868,0
-24.12415,4.370813,0
21.278372,-7.1322417,0
60.78202,-119.01452,0
-131.26941,-0.87992954,0
149.74226,13.404682,0
-28.410076,91.49328,0
-27.382294,91.86051,0
86.31429,84.593285,0
25.41609,38.519157,0
-133.88516,44.043396,0
-112.573425,32.507534,0
-75.06829,-32.88744,0
108.60635,-80.38876,0
71.15742,91.68776,0
71.05501,91.85729,0
14.193934,-66.06444,0
-58.710205,-0.6764763,0
44.184986,-51.108833,0
21.64397,-125.10329,0
-167.4569,5.5335755,0
136.86743,-7.7386084,0
-46.63667,134.28944,0
-47.019127,134.51622,0
5.6366687,-81.18236,0
-85.62758,5.457275,0
41.35789,-70.411995,0
10.963728,-144.37254,0
-153.39902,-25.754446,0
135.41049,-14.853628,0
-32.44986,152.90231,0
-39.600098,150.65092,0
-30.66141,-86.53583,0
-73.95967,62.99354,0
-49.30406,-110.09202,0
32.499176,-175.80545,0
-180.16576,-56.456657,0
112.34721,-44.493713,0
12.45594,139.99092,0
11.545548,140.92058,0
22.095757,-63.387028,0
-55.614105,9.629264,0
46.40254,-41.078453,0
32.870544,-135.53632,0
-154.02356,-1.5598121,0
162.3389,-9.461199,0
-59.177536,126.669876,0
12.073916,175.75835,0
86.67928,33.33021,0
66.16044,-10.338057,0
87.82898,31.788853,0
81.46617,52.45089,0
-65.63878,-13.485154,0
83.99715,-45.691227,0
81.62116,39.54082,0
81.52987,38.980717,0
-45.20349,-65.94065,0
-20.578714,40.849094,0
-42.609314,-68.063156,0
85.2267,-134.05965,0
-120.723305,-36.3283,0
111.16315,7.4810295,0
26.460238,106.75717,0
25.939888,107.114525,0
-38.42975,-105.24284,0
-51.312103,45.406067,0
-49.96236,-127.14151,0
15.943241,-185.22737,0
-128.75693,-60.618904,0
103.0581,-12.727502,0
33.354843,161.35469,0
37.402374,162.9196,0
24.233772,-75.943,0
-64.08041,23.245285,0
57.837357,-56.47933,0
37.345577,-150.90645,0
-175.4349,-10.935683,0
156.95226,-25.076067,0
-61.207493,148.16826,0
-61.042667,147.83954,0
-17.851824,-47.304203,0
-47.926407,30.205465,0
-21.66297,-50.61539,0
66.88015,-135.09497,0
-134.62317,-17.50487,0
128.88464,0.3751012,0
-7.617732,111.02237,0
-6.5983577,111.196175,0
-21.881857,-57.42507,0
-64.78169,58.186844,0
-22.211475,-66.51304,0
50.475483,-155.02701,0
-163.99782,-51.832245,0
129.31499,-51.37623,0
-7.2053204,124.10648,0
-7.5059037,123.84169,0
-21.278444,-27.075788,0
-4.0747023,20.356342,0
-25.176952,-17.496157,0
79.45598,-109.51866,0
-108.51229,-14.835443,0
126.746864,23.458523,0
5.0394936,79.711494,0
6.673784,77.87017,0
-47.37495,-98.261,0
-44.96571,50.745358,0
-59.94636,-117.38977,0
28.337736,-187.85141,0
-119.77174,-63.39511,0
97.24051,-9.801086,0
37.100067,143.85768,0
36.567238,144.05711,0
98.58479,89.66145,0
32.67062,33.31603,0
-132.5197,45.943275,0
-106.50112,46.06766,0
-70.787,-36.627903,0
101.82234,-80.21712,0
93.83067,110.690475,0
93.368866,110.24425,0
63.958557,38.384182,0
23.57927,22.497843,0
64.09723,38.082798,0
73.05111,48.04517,0
-78.32427,-15.961587,0
92.90207,-46.99235,0
63.424618,42.93619,0
63.500908,42.859226,0
67.01561,32.324688,0
20.15847,20.991112,0
66.83796,32.035824,0
72.20732,51.043472,0
-80.24668,-13.620744,0
92.36955,-49.586166,0
62.76319,48.66523,0
62.60828,48.87481,0
23.441252,-45.54754,0
-43.514164,18.99394,0
40.240204,-22.934063,0
47.54189,-126.11934,0
-142.35545,0.70077133,0
142.88289,19.549067,0
-57.434704,105.08252,0
-57.27021,103.87044,0
67.00346,-27.686747,0
-104.78744,-93.75187,1
67.30696,-34.45876,0
-44.56837,-161.02452,2
-130.23671,-101.31176,1
194.33092,3.463122,0
-114.95481,117.2,3
-115.28245,118.08328,3
-49.82758,-79.26665,0
-14.345699,51.661793,0
-59.123764,-73.85756,0
103.09336,-121.44492,0
-113.77813,-47.78121,0
104.64796,-0.653436,0
36.504295,121.76078,0
38.849606,120.34685,0
21.59974,-72.143234,0
-64.08293,16.901688,0
50.911686,-68.92716,0
27.949005,-141.70235,0
-170.99193,-22.597134,0
146.92964,-27.860062,0
-50.277203,146.2519,0
-50.99186,159.52318,0
83.104355,79.99145,0
16.857841,35.793877,0
-124.59533,36.34382,0
-113.917404,39.36904,0
-81.534584,-33.624805,0
113.515,-75.55957,0
67.9469,78.33799,0
67.83709,78.14709,0
-61.02753,-59.224247,0
-1.7974044,36.766163,0
-70.411255,-66.58679,0
98.953766,-132.93604,0
-151.24924,-71.63887,0
110.10662,22.605282,0
38.659153,89.65618,0
38.02872,89.397385,0
-14.306142,-121.49425,0
-81.21864,52.75943,0
-13.263119,-125.583694,0
-13.656215,-180.87935,0
-153.4089,-53.112633,0
118.89426,-36.37182,0
13.29466,200.66858,0
12.393542,201.37006,0
-35.425514,-88.3774,0
-45.55543,38.264194,0
31.690615,-70.081566,0
60.358315,-148.3379,0
-118.18075,-54.194324,0
112.10413,-3.9345815,0
11.895284,132.93285,0
19.03882,147.3371,0
45.354637,16.850264,0
18.287699,48.6475,0
-108.82306,81.024185,0
55.94378,20.984657,0
-74.3369,-21.177656,0
134.84637,-81.009575,0
47.909676,31.336662,0
47.37992,31.738659,0
29.632328,-57.225708,0
-60.92569,14.658227,0
55.81027,-34.195377,0
37.254116,-140.14752,0
-169.2995,-13.466116,0
169.0267,-13.595245,0
-75.4755,132.599,0
-71.94881,137.00189,0
-41.60285,-91.12025,0
-73.112915,60.01856,0
-52.851257,-109.938034,0
32.009052,-179.23378,0
-177.97623,-59.38756,0
115.17265,-42.147156,0
23.457802,140.18292,0
22.228584,140.45059,0
-12.94945,-115.64591,0
-79.97309,48.44831,0
-5.6570234,-124.41772,0
-10.348338,-176.98077,0
-153.75027,-47.519836,0
123.35884,-34.34886,0
7.5956364,197.85733,0
-4.658437,191.65565,0
19.364038,-35.77425,0
-35.466347,13.668314,0
28.66529,-25.380571,0
42.183434,-111.575,0
-134.209,14.167924,0
162.12749,17.723467,0
-63.319744,88.70494,0
-65.51944,87.537346,0
97.55961,91.10876,0
32.12053,31.565506,0
-133.32321,49.729404,0
-106.409325,47.821518,0
-68.79276,-34.873722,0
100.62443,-82.27756,0
91.372734,106.912254,0
91.64231,107.34162,0
86.537155,83.71299,0
25.189278,39.40071,0
-133.61314,43.68883,0
-112.534836,32.87628,0
-75.32647,-33.703022,0
108.704994,-79.84348,0
71.48132,91.01398,0
71.21463,90.529594,0
5.51231,-38.397606,0
-31.78569,1.5731069,0
20.356531,-15.159512,0
53.97545,-110.90994,0
-139.18747,-1.1006323,0
154.55061,15.924698,0
-35.11309,80.20207,0
-33.92552,79.975204,0
-30.880222,-94.55696,0
-1.5992355,49.628708,0
-117.46078,43.238853,0
43.11139,-181.44559,0
-89.84227,-28.874603,0
120.211235,-66.5277,0
50.738346,70.7949,0
50.31311,71.08292,0
126.48642,79.88449,0
72.947365,5.697274,0
-140.2776,61.548626,0
-104.62186,63.040802,0
-56.991776,-32.44825,0
87.545845,-74.001434,0
121.508995,87.461876,0
121.746544,87.580505,0
-45.936428,-85.04073,0
-9.150392,54.186695,0
-58.534092,-80.75228,0
108.22239,-123.14079,0
-115.39274,-51.92158,0
107.02971,-6.278502,0
34.8913,129.72092,0
35.388996,129.71292,0
80.92857,80.099884,0
18.099785,33.544144,0
-127.639275,37.623993,0
-113.810616,38.644173,0
-81.24598,-35.622334,0
113.63015,-78.27399,0
71.24954,79.52768,0
71.10253,79.36057,0
3.4985433,-63.012062,0
-60.402992,5.0024147,0
-2.5165646,-63.47538,0
27.72203,-126.08806,0
-154.96027,-6.770047,0
152.08704,-11.866649,0
-31.875223,127.12896,0
-27.980274,126.040985,0
-68.02709,-55.400875,0
3.799089,37.866398,0
-76.52223,-59.9597,0
100.56,-142.51643,0
-143.99956,-75.73221,0
106.67357,29.959595,0
50.67208,93.56428,0
51.319305,94.358574,0
14.339655,-75.19694,0
-70.812965,12.756426,0
47.933605,-59.521572,0
26.533934,-138.23466,0
-166.18105,-17.164972,0
145.08238,-32.047356,0
-43.442196,146.3719,0
-44.56476,146.48492,0
-38.933598,-93.97244,0
-56.788326,55.51814,0
-52.69294,-114.36451,0
27.917053,-179.46002,0
-124.61,-67.66765,0
98.88314,-19.491287,0
22.993343,145.32185,0
-10.048911,155.47414,0
17.89909,-49.55123,0
-48.18616,11.217796,0
45.95278,-31.275291,0
40.26743,-125.62534,0
-149.01976,10.032464,0
157.17714,7.595621,0
-63.04811,110.62949,0
-63.152153,111.8495,0
-8.338253,-46.08453,0
-37.89622,21.60739,0
-18.041178,-53.45155,0
50.03099,-150.10785,0
-165.83452,-45.77176,0
132.25215,-2.1431324,0
-48.66283,93.80664,0
-49.435204,93.017624,0
14.448672,-44.724323,0
-41.03159,12.184685,0
33.00116,-27.9806,0
40.21163,-116.04481,0
-151.61087,14.712128,0
158.84618,13.416647,0
-67.055786,94.861786,0
-67.94319,94.32697,0
18.959341,-35.10078,0
-36.473824,12.491698,0
28.154806,-23.627277,0
44.90095,-112.094635,0
-134.10411,12.619336,0
160.89655,16.019001,0
-63.107986,93.50032,0
-63.94363,93.66012,0
-44.785378,-57.26718,0
-15.019659,35.001015,0
-45.584606,-48.95978,0
87.390045,-123.355446,0
-118.16722,-28.413166,0
116.887115,16.798647,0
23.568768,93.445366,0
22.92076,93.35976,0
-48.295776,-99.01824,0
-46.12239,47.19237,0
-58.833126,-117.811226,0
28.121576,-190.89877,0
-121.491165,-59.63643,0
96.99427,-6.412684,0
40.712196,143.4658,0
42.893105,147.48442,0
-3.4890337,-105.50496,0
-82.46882,32.94274,0
8.916148,-107.707214,0
-6.695097,-164.12697,0
-146.3686,-34.116787,0
158.8381,-39.528713,0
-13.80282,187.20367,0
-14.657122,186.35358,0
88.52865,85.70735,0
27.040493,38.87503,0
-134.2248,38.916485,0
-107.96969,26.498985,0
-76.13951,-36.237328,0
107.55317,-78.91143,0
76.03804,91.10099,0
75.132835,91.14238,0
92.596924,65.27804,0
58.988216,-0.31642336,0
-125.853096,72.92695,0
94.53753,65.644615,0
-53.06865,-21.22219,0
86.86419,-61.63434,0
95.56539,67.685104,0
95.42774,67.8247,0
-78.10351,-116.04508,0
-2.9847941,61.47149,0
-72.35199,-127.882904,0
-10.052403,-152.98428,0
-105.85106,-67.63412,0
85.07765,-9.329123,0
61.85612,147.33142,0
62.1558,147.1311,0
-48.09043,-83.76255,0
-11.349264,53.848705,0
-61.405533,-78.292496,0
105.02728,-123.88713,0
-114.511955,-51.200375,0
106.749374,-2.5421872,0
33.95565,127.21661,0
33.164444,126.66861,0
127.74876,97.902176,0
32.684525,18.062819,0
-144.25447,59.153847,0
-104.240295,58.662277,0
-56.3292,-38.341846,0
87.996284,-79.768936,0
117.9021,98.83507,0
118.26463,98.143814,0
-46.45636,-56.933903,0
-13.393929,34.125565,0
-46.10979,-48.123566,0
87.08621,-125.20461,0
-118.425285,-31.229685,0
111.35882,11.290137,0
25.562065,91.47818,0
25.420052,89.67501,0
-17.78066,-24.507757,0
-6.1278763,15.124098,0
-17.89271,-18.981386,0
81.86075,-107.00861,0
-111.208046,-13.477165,0
127.94255,20.279415,0
1.4498483,84.89412,0
1.4167765,85.482994,0
3.3364134,-78.360306,0
-82.74607,13.396669,0
45.067783,-72.171875,0
18.334564,-150.31595,0
-165.66672,-23.488113,0
138.74124,-25.406134,0
-36.010468,161.58029,0
-34.951214,161.46953,0
-69.07634,-83.35246,0
-27.700066,52.718536,0
-82.33877,-98.78685,0
80.17325,-151.18745,0
-99.4489,-38.34231,0
93.51249,11.103212,0
52.929535,119.31607,0
53.22671,119.11698,0
-22.057947,-83.32754,0
-76.31024,67.573006,0
-17.65768,-73.572075,0
41.157944,-162.49706,0
-177.16747,-47.194736,0
129.16034,-44.05766,0
-2.14778,138.6037,0
-3.751511,138.2986,0
-25.309107,-26.39322,0
-9.838755,20.82439,0
-25.609121,-12.194769,0
76.30692,-113.65032,0
-114.34738,6.880798,0
134.59471,30.31876,0
-3.202164,74.026054,0
-3.9709868,73.12228,0
-3.9522796,-26.337824,0
-18.250807,5.374134,0
12.325066,-2.1788492,0
64.961426,-118.7029,0
-129.90079,-8.536332,0
134.25513,3.994639,0
-19.690228,99.10828,0
-21.171495,92.498955,0
47.16712,6.3650336,0
10.702479,49.97343,0
48.424927,3.4832225,0
-98.04498,81.67692,0
-97.68999,-23.306162,0
140.74223,-73.99904,0
38.994884,47.081882,0
39.03643,47.475895,0
-48.648758,-62.560574,0
-12.782149,40.03321,0
-48.429256,-53.15173,0
92.85065,-126.191444,0
-122.18022,-32.664852,0
108.88918,7.5548134,0
28.811344,97.30887,0
29.193455,97.49437,0
13.427901,-90.29862,0
-78.76743,21.066977,0
53.814514,-75.49145,0
27.379185,-152.03587,0
-171.6615,-29.130598,0
139.97699,-31.979704,0
-49.960003,163.01112,0
-50.711918,163.03317,0
19.356567,-36.76263,0
-36.30502,15.976102,0
28.756586,-24.618784,0
42.831577,-111.96137,0
-134.68623,14.377281,0
165.55438,18.38681,0
-60.62171,89.9269,0
-65.75103,89.911446,0
91.2135,64.67423,0
60.522694,-0.45243287,0
-118.38239,65.29582,0
89.70781,64.52153,0
-51.64831,-22.134361,0
88.83681,-62.622818,0
89.16406,64.96389,0
89.24156,64.90866,0
-11.486128,-119.432045,0
-76.72367,52.091724,0
-9.877539,-122.4441,0
-15.795835,-177.11055,0
-159.83067,-51.481133,0
114.72631,-37.780235,0
14.074225,193.87752,0
14.221201,193.72125,0
-12.295616,-110.893906,0
-80.57912,39.961765,0
0.22623268,-122.97863,0
-6.136174,-174.08159,0
-151.77019,-44.239952,0
145.23257,-43.185238,0
-0.5265802,190.69196,0
-1.2330458,191.99179,0
-0.49461955,-69.885345,0
-74.13433,1.2027795,0
35.32335,-60.56422,0
63.63515,-143.72865,0
-107.868324,1.0366104,0
143.601,22.451567,0
-30.475447,139.02663,0
-29.613987,139.12358,0
25.862978,6.7247906,0
7.2009735,16.046335,0
27.578396,3.019499,0
69.828,-91.70904,0
-95.66972,-11.126411,0
168.81998,-30.586931,0
27.537678,71.66723,0
27.5278,71.15655,0
-15.05165,-84.244804,0
-79.67838,68.83534,0
-13.379452,-77.99398,0
34.724014,-165.03453,0
-176.23398,-45.200737,0
130.32358,-39.420204,0
-4.5208735,148.20041,0
-3.8128822,147.72058,0
22.331139,-74.79343,0
-63.813805,21.194733,0
57.961723,-59.215374,0
37.652702,-148.82536,0
-180.01768,-10.541728,0
152.538,-27.38425,0
-64.051,147.5566,0
-64.424835,148.10089,0
1.4697016,-80.2483,0
-88.74049,8.828011,0
40.40278,-76.33924,0
13.570303,-150.1228,0
-158.63417,-22.63193,0
133.7412,-19.779917,0
-31.40063,165.32703,0
-32.02344,164.81523,0
44.767925,15.457283,0
17.010155,48.216923,0
-107.859406,81.56395,0
56.647675,20.345102,0
-73.56207,-21.635225,0
136.35077,-80.65263,0
48.116753,32.961422,0
47.743877,33.60894,0
10.252173,-46.66677,0
-51.319298,8.649637,0
43.235817,-36.6006,0
51.40762,-126.19255,0
-149.94293,6.2075043,0
153.39366,1.1291562,0
-54.948612,109.85965,0
-55.302166,110.685974,0
86.62061,82.69672,0
26.3202,40.264202,0
-133.3861,42.555725,0
-112.437126,33.521107,0
-76.56698,-34.604115,0
109.65598,-78.7566,0
70.78526,87.556885,0
71.17484,87.090805,0
70.27392,25.729263,0
16.718626,18.683514,0
70.878746,25.8946,0
72.64092,-81.233,0
-84.43581,-11.359278,0
175.28328,-38.327366,0
60.516365,54.826035,0
61.04771,55.137573,0
-55.272923,-58.828667,0
-6.70143,43.036457,0
-41.743313,-33.762394,0
91.70095,-132.40625,0
-128.70377,-30.797827,0
118.56958,2.771691,0
35.5912,100.36598,0
22.94632,116.35245,0
-4.5314894,-85.93501,0
-89.14456,22.127283,0
34.934208,-86.57019,0
29.23619,-159.00792,0
-169.47887,-38.28443,0
130.02759,-27.476543,0
-13.587762,154.2825,0
-21.107458,155.47057,0
-20.878593,-40.250225,0
-18.417025,26.200722,0
-11.400608,-14.767383,0
75.24773,-131.83684,0
-128.67966,-24.55168,0
125.57205,10.669539,0
-0.023991456,102.34481,0
3.8761225,98.79075,0
-1.5908961,-26.32959,0
-17.992735,6.5211544,0
11.853249,-0.44944882,0
65.596405,-119.74522,0
-129.31496,-6.614949,0
150.72159,15.339603,0
-18.499277,97.790375,0
-18.635443,96.8957,0
19.252243,-39.59549,0
-39.502937,14.744479,0
33.31934,-23.48714,0
42.96604,-117.838,0
-137.82835,13.890769,0
162.5909,13.162913,0
-61.649845,94.94008,0
-62.181145,95.57448,0
85.71596,85.21304,0
24.491076,38.695576,0
-132.74142,51.199226,0
-112.57452,31.314262,0
-73.02074,-32.126747,0
107.73126,-83.13138,0
71.19126,94.64141,0
70.72917,95.133354,0
15.85253,-64.42171,0
-60.497402,-5.3116293,0
47.34955,-47.89191,0
19.171648,-119.40961,0
-165.42648,3.9706585,0
169.57578,-4.041611,0
-49.256145,130.00655,0
-50.158787,130.3439,0
116.76697,45.559868,0
60.955105,-11.8014145,0
-121.93115,84.9193,0
130.09547,51.467316,0
-50.94096,-11.749934,0
73.55475,-54.357323,0
134.85123,54.103565,0
135.8203,53.510635,0
-49.956,-61.615246,0
-11.059865,39.50893,0
-52.03761,-53.133186,0
93.45976,-127.54647,0
-122.98115,-33.23743,0
113.41734,7.354848,0
32.54131,96.54279,0
32.07069,97.23152,0
-59.527832,-60.16351,0
-3.5225556,36.223816,0
-63.404537,-78.18007,0
99.60647,-131.51952,0
-154.79117,-69.06834,0
121.3413,-50.820435,0
36.61499,91.11649,0
35.663326,91.1395,0
-49.62727,-80.20229,0
-13.865993,51.462234,0
-57.716873,-76.526215,0
104.18653,-120.09074,0
-111.97321,-50.098045,0
104.48357,0.6054139,0
34.927994,122.53268,0
32.373734,122.74065,0
-59.69724,-64.02245,0
1.6142035,27.058884,0
-59.7132,-65.169334,0
73.90263,-96.12551,0
-111.58129,-41.03485,0
110.92274,0.36270592,0
40.84582,105.082924,0
40.444965,105.325485,0
13.718732,-32.21848,0
-34.218304,23.00979,0
22.359776,-23.010387,0
48.751907,-106.94264,0
-135.01204,18.793348,0
159.69357,24.36162,0
-47.565758,75.18097,0
-52.59924,81.72624,0
-56.414474,-56.540215,0
-6.673451,40.494102,0
-57.070847,-50.058308,0
92.05809,-133.43433,0
-127.81528,-31.584677,0
118.533806,1.166135,0
36.831875,98.77351,0
37.206345,99.40717,0
-41.07341,-97.6087,0
-52.926155,53.51727,0
-50.763256,-119.50194,0
24.232477,-183.48326,0
-127.02643,-68.15568,0
93.219864,-16.60614,0
29.968739,153.27556,0
27.23065,153.91074,0
-66.6237,-86.044876,0
-35.289986,58.35254,0
-75.4756,-102.780754,0
79.26554,-160.77216,0
-97.435455,-47.044567,0
93.156425,11.53201,0
54.791317,124.504906,0
54.2483,124.94267,0
6.8070793,-51.935318,0
-45.899933,27.353899,0
35.6574,-32.389606,0
52.37816,-133.04182,0
-140.04086,-14.629333,0
142.02739,-3.3597317,0
-38.84092,110.87177,0
-41.691685,114.73987,0
7.923822,-60.807587,0
-53.116314,1.9657385,0
35.44263,-41.370586,0
30.353832,-123.136505,0
-148.29202,-5.2479186,0
150.04698,-2.6857507,0
-40.52781,119.608315,0
-39.850628,118.7977,0
11.667638,-84.997765,0
-80.32324,17.36531,0
50.35645,-70.91239,0
22.643316,-151.3011,0
-168.6036,-26.84317,0
139.9545,-29.037956,0
-40.619926,159.44768,0
-45.77522,159.36919,0
13.001056,7.764568,0
16.98603,33.04637,0
13.644111,7.182531,0
30.097612,-100.42398,0
-87.38154,-36.282215,0
96.92973,26.65472,0
21.58014,59.522457,0
21.49958,59.503532,0
-84.39599,-114.42584,0
-0.120870605,58.941784,0
-75.980675,-122.45984,0
-11.403946,-148.95067,0
-103.84858,-64.67056,0
85.10253,-5.5128536,0
66.97699,148.06038,0
67.77951,153.4497,0
29.141626,-57.337074,0
-60.45929,14.249976,0
55.86412,-33.242,0
37.500256,-139.49887,0
-168.68246,-12.632202,0
168.83022,-14.221009,0
-74.20141,131.385,0
-73.62634,135.56229,0
11.404014,-57.97096,0
-50.59084,4.6315594,0
39.989452,-51.707455,0
33.971375,-122.51982,0
-148.5094,-0.067326605,0
155.22348,-2.9859672,0
-54.60596,114.013115,0
-52.99816,112.35093,0
-82.72807,-114.10572,0
-3.2451353,57.111958,0
-75.51489,-123.34295,0
-11.868853,-155.40425,0
-104.42354,-70.15849,0
83.62862,-11.313605,0
61.067238,154.74667,0
60.0377,154.92876,0
14.570022,-31.203232,0
-33.417892,24.628649,0
22.790657,-24.384394,0
47.172256,-105.20078,0
-131.03253,19.769804,0
165.01369,21.725227,0
-51.529816,83.38597,0
-51.33839,83.07078,0
-25.787266,-114.47748,0
-86.55789,41.66124,0
-30.939295,-130.36055,0
-4.339901,-184.70331,0
-143.91533,-53.5694,0
111.55271,-27.088223,0
22.980652,183.5334,0
22.309612,182.5503,0
-24.560974,-116.546524,0
-86.35152,43.885323,0
-30.103436,-129.23201,0
-6.1349297,-185.2309,0
-146.87149,-55.169376,0
111.464775,-28.82693,0
22.887611,187.49768,0
21.019623,182.77654,0
-17.578667,-108.5092,0
-72.48671,40.191917,0
-29.32919,-138.10109,0
-2.9420824,-178.73854,0
-144.02663,-46.046993,0
106.479454,-30.216692,0
5.951168,179.53888,0
5.3957586,179.70563,0
16.352169,-70.16163,0
-67.29819,-1.1043495,0
52.633106,-50.007275,0
17.199097,-129.3192,0
-172.13847,-3.855651,0
135.30229,-29.386705,0
-51.050488,143.91043,0
-52.482597,142.88655,0
-21.488453,-60.45986,0
-66.90321,57.947723,0
-21.536703,-64.59446,0
51.065357,-156.52834,0
-164.92671,-53.720207,0
125.944405,-55.783714,0
-8.727247,127.23808,0
-8.860107,127.13886,0
36.891247,43.64471,0
15.644055,49.75766,0
-99.90237,84.585464,0
-105.34292,21.295605,0
-72.524284,-24.134922,0
145.38043,-76.58497,0
37.47322,44.100647,0
37.46108,44.06003,0
-70.79538,-88.68479,0
-31.720772,55.516804,0
-77.36735,-96.44998,0
81.04923,-154.86116,0
-96.89884,-43.96632,0
92.05486,15.917917,0
62.289383,119.36262,0
64.717705,119.56192,0
13.224698,-85.88004,0
-78.24986,17.164944,0
47.144585,-68.813965,0
24.06621,-148.02232,0
-170.08978,-24.816275,0
140.62035,-25.21777,0
-40.112316,155.51196,0
-43.996746,156.34154,0
-62.880726,-53.69741,0
6.5059724,31.801517,0
-75.611435,-58.873917,0
96.66809,-137.8327,0
-146.69252,-80.978386,0
106.84497,21.708328,0
45.383595,92.69333,0
52.325253,93.82061,0
2.4866006,-78.92002,0
-82.83771,10.018794,0
40.183044,-73.4019,0
16.835257,-148.55273,0
-158.29895,-20.71184,0
133.44312,-19.199396,0
-32.191433,160.86943,0
-32.66263,161.65524,0
-10.213743,-104.54124,0
-75.47836,35.26446,0
1.3539959,-113.59575,0
-2.2933812,-171.0209,0
-145.80128,-40.401894,0
151.9874,-43.020203,0
-1.3291981,182.09303,0
-0.6003986,180.88249,0
11.318199,-35.446674,0
-40.48373,-4.0616035,0
18.320265,-19.466759,0
61.588665,-102.28267,0
-159.31854,15.802987,0
175.43771,8.770772,0
-42.563663,89.72857,0
11.0287485,75.11545,0
-25.419249,-81.67341,0
-72.571556,66.51669,0
-22.646194,-75.07305,0
43.38955,-166.3706,0
-175.085,-52.53992,0
120.28761,-47.521225,0
3.6652143,136.60425,0
4.305734,137.22375,0
124.44159,76.79706,0
69.785484,8.646162,0
-121.72452,67.242714,0
-105.04883,67.87198,0
-55.34912,-29.062109,0
86.458145,-69.85019,0
114.98772,77.81505,0
114.931046,77.82995,0
-74.799164,-113.78521,0
-5.9192505,62.0157,0
-67.40283,-125.07949,0
21.60949,-179.7402,0
-121.20501,-50.850025,0
92.600044,-6.333553,0
56.7842,146.96155,0
63.04738,146.55823,0
1.0165012,-85.13668,0
-85.12559,7.9307213,0
38.3731,-79.23511,0
12.015215,-146.1255,0
-153.71043,-29.235586,0
129.03503,-21.761927,0
-25.171618,162.69588,0
-23.724545,161.83357,0
1.7025366,-43.726116,0
-30.473051,12.659098,0
9.0732765,-17.658253,0
53.221706,-125.98172,0
-142.65709,-3.8306699,0
148.28825,-2.7076418,0
-42.447426,101.71671,0
-53.314972,109.712265,0
13.291936,-66.105225,0
-60.560673,-0.50358546,0
43.38095,-50.205288,0
22.309124,-123.20413,0
-162.79932,-1.314795,0
147.16316,-11.259622,0
-44.463387,130.67273,0
-56.391743,131.29967,0
-24.136028,-79.44733,0
-71.50762,68.984604,0
-23.371532,-74.45706,0
44.82021,-164.8686,0
-177.00505,-50.86418,0
125.725624,-46.686195,0
1.8963454,138.1944,0
2.0659065,139.33017,0
-67.23806,-89.746254,0
-34.671513,55.364643,0
-75.39031,-98.49472,0
77.32734,-158.26035,0
-100.04821,-46.41329,0
87.61279,9.522426,0
61.650967,122.42073,0
61.348125,123.83919,0
-85.66409,-124.31014,0
2.3110602,57.16921,0
-85.211395,-124.9814,0
-85.596565,84.70271,0
-100.361786,-64.33139,0
140.56343,-63.45681,0
63.468647,138.90047,0
63.566074,139.00987,0
7.4601865,-27.566998,0
-29.5564,21.872389,0
12.6286335,-18.502113,0
53.69192,-102.92239,0
-125.08262,13.480536,0
172.17972,10.287971,0
-41.328518,76.61342,0
-36.116432,73.718666,0
-41.71346,-105.03679,0
-53.799812,45.929478,0
-49.516346,-129.20248,0
16.85205,-186.6063,0
-130.45667,-59.991734,0
103.786285,-15.546279,0
32.841007,162.167,0
39.165615,165.21013,0
23.243742,-43.992218,0
-45.349182,17.485104,0
39.900406,-24.321272,0
45.861595,-122.019165,0
-145.64133,1.1936437,0
124.41103,6.400668,0
-59.716335,102.95081,0
-60.524895,103.712875,0
-15.589812,-123.83894,0
-81.62599,55.243114,0
-13.325636,-128.15831,0
-15.875154,-182.764,0
-173.23575,-56.5335,0
115.78348,-39.72344,0
17.407997,199.4193,0
17.920017,199.9038,0
-21.10591,-39.153084,0
-18.277763,26.604319,0
-10.665135,-16.53558,0
75.59493,-130.74669,0
-127.2312,-22.841875,0
124.53656,8.850792,0
1.3358482,101.88286,0
3.415648,101.929245,0
27.16771,-43.32449,0
-42.431362,23.967123,0
37.651646,-18.630661,0
49.721893,-139.0977,0
-139.081,-21.921066,0
124.72,-2.3640256,0
-76.76366,100.581184,0
-73.54614,102.325356,0
25.044155,-55.079994,0
-55.8491,14.40114,0
50.44065,-33.297318,0
39.432117,-134.02638,0
-153.5546,10.576239,0
170.58168,-9.482257,0
-70.605606,125.09657,0
-71.68786,124.03851,0
67.90249,-27.142204,0
-104.186165,-94.96538,1
71.750595,-35.35124,0
-45.262085,-161.1679,2
-129.45378,-101.239655,1
197.03935,2.1628852,0
-112.95842,117.62659,3
-115.20072,113.24791,3
17.00755,-45.686375,0
-48.094757,15.96273,0
37.70894,-28.113035,0
42.73863,-120.25209,0
-141.66144,9.729522,0
162.4044,6.236151,0
-67.41889,111.32948,0
-66.375656,112.73575,0
67.697075,30.957233,0
19.588793,20.780931,0
67.1672,31.162464,0
72.00442,51.42384,0
-80.922005,-13.25281,0
92.43234,-50.00058,0
62.413837,49.38975,0
62.020523,49.42157,0
-27.834375,-44.18248,0
-27.103521,38.03706,0
-30.917614,-39.674427,0
72.962906,-141.26039,0
-109.60152,-30.088299,0
123.432106,14.103191,0
10.415945,104.580215,0
10.849158,102.18543,0
6.0241895,-36.689346,0
-31.8401,3.149302,0
23.580624,-16.078661,0
53.482323,-113.12249,0
-137.11047,6.306103,0
155.05894,16.830582,0
-33.58843,82.802956,0
-33.01538,80.69319,0
0.22903374,-86.8736,0
-89.52791,15.814726,0
38.45241,-82.90319,0
17.647936,-157.5509,0
-157.34654,-31.8459,0
126.77822,-25.83879,0
-22.27428,162.22656,0
-19.378565,161.94818,0
-39.003532,-78.56355,0
-33.381027,43.41587,0
32.15407,-67.463615,0
98.68918,-124.66708,0
-112.62636,-43.951702,0
104.92209,-6.4035244,0
29.099314,125.84887,0
-23.240799,139.80432,0
-76.52106,-116.24452,0
-2.5404365,63.917965,0
-70.760254,-127.64264,0
-8.575669,-153.53549,0
-109.02919,-65.30704,0
86.73948,-10.884309,0
59.416748,145.37865,0
60.617218,144.42735,0
-36.7547,-80.9672,0
-90.075584,52.329777,0
-24.799494,-127.309456,0
-15.971637,-190.29744,0
-149.06892,-53.821552,0
122.76051,-29.939577,0
28.847952,201.13531,0
29.35006,188.87407,0
-41.38393,-103.95209,0
-52.251453,48.24432,0
-53.119984,-125.91976,0
20.175837,-185.88968,0
-127.611145,-62.598534,0
101.61748,-14.693228,0
35.391674,158.88356,0
38.498722,161.4811,0
82.05705,79.82254,0
17.570038,34.07776,0
-125.353546,36.542645,0
-113.58425,38.669765,0
-81.569916,-34.671883,0
113.08504,-76.96576,0
69.35825,78.58446,0
69.49035,78.63741,0
-38.62354,-18.195517,0
1.5953131,47.642704,0
-120.80627,36.63539,0
47.69828,-177.96219,0
-83.85435,-29.158731,0
116.51972,-72.01223,0
60.985855,73.269356,0
60.998055,73.18483,0
6.2981076,-90.49547,0
-91.16977,9.762057,0
46.43723,-81.69363,0
11.502044,-153.18835,0
-160.00822,-26.119343,0
127.76701,-18.83045,0
-35.32554,169.25607,0
-35.79801,168.12776,0
6.524349,-80.7444,0
-86.15764,4.7220225,0
41.573505,-70.79684,0
8.869779,-148.30644,0
-157.54825,-27.416084,0
132.71013,-21.300505,0
-28.589361,170.96233,0
-40.294052,151.04218,0
-69.38894,-85.95502,0
-30.221518,56.771084,0
-82.43371,-96.566666,0
80.874435,-157.7491,0
-96.61083,-45.337105,0
91.15504,12.358882,0
57.606544,117.766266,0
56.41436,117.99314,0
-11.233651,-85.420235,0
-80.71637,67.528725,0
-11.058663,-79.56637,0
32.60475,-162.684,0
-174.7438,-43.973984,0
130.05176,-37.58097,0
-6.8628416,149.58607,0
-7.3263907,148.74081,0
20.368395,-46.04397,0
-42.541523,14.921905,0
37.207554,-22.031048,0
43.84086,-124.42069,0
-142.27272,4.0817275,0
165.69588,-2.597139,0
-46.165314,91.71521,0
-47.167744,90.19076,0
-48.689274,-75.03403,0
-17.888462,48.9669,0
-57.65202,-70.43408,0
102.48772,-115.4422,0
-115.79318,-41.893555,0
102.521034,5.0876856,0
39.96585,115.83701,0
40.24441,115.157524,0
4.4484267,-82.17372,0
-89.17265,6.3110766,0
43.331326,-79.56391,0
10.678635,-150.73613,0
-158.07857,-26.555607,0
134.61414,-19.064693,0
-30.861912,170.53447,0
-31.122498,173.33861,0
-6.394123,-54.75508,0
-37.804523,32.43616,0
-6.843031,-51.474754,0
60.85556,-136.80069,0
-160.48706,7.719367,0
178.06915,4.4751196,0
-22.662077,119.91881,0
-22.088322,120.20722,0
-10.433615,-107.87668,0
-76.48235,37.62976,0
2.6034417,-117.56124,0
-3.6209457,-170.15244,0
-147.64824,-40.865307,0
150.08241,-44.82332,0
-3.5133624,182.97386,0
-4.074158,183.03378,0
13.535454,-27.584904,0
-29.32106,25.720098,0
14.556265,-24.928492,0
50.278294,-102.2542,0
-123.16019,18.064938,0
175.8674,18.012144,0
-45.734467,80.12362,0
-46.565052,82.067924,0
46.997765,8.247471,0
12.208741,44.77781,0
48.374245,5.076704,0
-102.1905,81.041435,0
-99.8887,-25.577349,0
140.43538,-76.92438,0
44.199677,41.698498,0
42.71505,42.028744,0
88.83705,86.09733,0
27.263195,38.514652,0
-134.00716,39.259903,0
-107.61175,26.124935,0
-75.94227,-36.81801,0
106.40722,-78.89116,0
76.73453,91.408035,0
76.20642,91.778564,0
65.76185,-26.74143,0
-103.5416,-92.84649,1
67.48815,-36.305862,0
-42.83352,-161.20761,2
-132.44464,-100.59007,1
193.26663,0.20626661,0
-116.47725,115.42893,3
-116.33911,114.69244,3
49.740757,9.9714155,0
12.293604,49.48695,0
50.713825,8.406294,0
-105.11646,80.65251,0
-97.35498,-24.704056,0
137.32454,-77.87465,0
44.045696,36.447983,0
44.700714,36.984577,0
6.881269,-30.13836,0
-27.275171,22.70444,0
13.950776,-20.879128,0
52.407665,-105.27105,0
-137.99007,-4.581706,0
155.52359,24.364532,0
-44.066265,76.20188,0
-45.21241,75.07207,0
-32.87923,-108.24343,0
-57.42545,45.395885,0
-43.302704,-126.62489,0
13.700657,-191.14685,0
-134.55746,-62.228455,0
104.99582,-20.511839,0
32.001667,169.23608,0
32.00319,169.7213,0
43.874775,-4.3436236,0
5.6818995,51.40128,0
46.125084,-3.8841584,0
-88.07808,83.2874,0
-137.82108,-36.526855,0
144.45424,-66.81366,0
36.60419,56.452984,0
36.573658,56.87683,0
44.692314,-3.2293222,0
9.269509,51.13019,0
47.10732,-2.127858,0
-92.63821,83.12577,0
-160.06032,-22.662497,0
144.6544,-70.09781,0
36.92465,52.701263,0
36.742893,52.70945,0
72.59783,-26.282078,0
-104.19188,-99.66933,1
74.260124,-34.738007,0
-48.719402,-164.17714,2
-128.13329,-99.83569,1
192.11502,6.83272,0
-106.939674,113.92576,3
-105.20904,113.16473,3
-16.652517,-63.022488,0
-67.57965,57.155373,0
-20.66659,-67.05899,0
49.607784,-156.47208,0
-164.82181,-56.52345,0
125.87901,-54.46099,0
-9.625541,128.94601,0
-8.800268,128.38254,0
5.963904,-85.90534,0
-91.34657,5.087925,0
45.98826,-78.5862,0
14.590607,-154.45003,0
-161.35997,-28.663683,0
135.99881,-25.495596,0
-39.837776,174.98322,0
-40.98291,175.50903,0
16.145172,-82.0985,0
-62.12471,20.623297,0
48.424366,-63.44539,0
30.806662,-154.47423,0
-171.548,-16.519043,0
145.02075,-30.061785,0
-65.27106,144.86581,0
-56.067665,165.38623,0
-15.991645,-63.8558,0
-68.8142,54.387173,0
-18.603756,-67.94866,0
45.32818,-153.93076,0
-165.336,-53.17599,0
137.49715,-43.85056,0
-11.2096195,130.96613,0
-11.048958,131.3785,0
4.3737755,-88.31636,0
-86.70904,13.648608,0
48.12117,-77.25417,0
16.456202,-152.22678,0
-164.8001,-25.463787,0
135.25162,-23.384315,0
-34.081207,164.7361,0
-33.95369,165.36794,0
35.47344,-12.0894,0
16.6527,45.399967,0
35.467834,-12.122374,0
-112.64237,67.10705,0
-96.10005,-25.389362,0
134.99503,-63.85238,0
40.908848,25.275202,0
40.98253,25.297388,0
17.951769,-54.226505,0
-52.14713,8.800277,0
43.90955,-36.485233,0
37.347424,-126.3227,0
-150.9415,7.602853,0
153.18033,-0.43590543,0
-61.467533,121.81196,0
-62.376633,120.87431,0
17.646048,-31.503546,0
-35.620422,26.549284,0
20.91401,-28.325941,0
44.258286,-102.68295,0
-130.19905,16.925938,0
163.71887,25.592876,0
-53.115593,77.40531,0
-52.56996,76.822655,0
-40.23499,-56.02694,0
-11.673326,29.858194,0
-43.150463,-49.83833,0
85.445335,-119.462296,0
-116.3423,-27.160208,0
117.34555,21.592173,0
18.631197,87.655846,0
20.232046,86.7589,0
-13.468249,-108.77484,0
-77.03082,40.50595,0
2.1858456,-122.20459,0
-4.8438416,-173.98921,0
-147.41226,-44.455624,0
146.17442,-37.599354,0
3.8089437,186.9085,0
2.6268907,186.84761,0
-39.7391,-19.783611,0
1.3204054,50.485313,0
-121.41089,36.463306,0
48.196293,-177.56122,0
-82.453354,-29.462576,0
116.73705,-73.35255,0
62.388924,73.28984,0
62.575195,73.21905,0
-84.141945,-118.971855,0
4.0775557,61.593914,0
-78.81083,-128.39166,0
-9.7198925,-145.84114,0
-102.876366,-59.231606,0
85.76954,-0.98275894,0
71.116325,142.54984,0
72.59036,144.5297,0
14.845247,-39.92978,0
-37.897446,12.031331,0
28.401169,-21.776632,0
46.53107,-112.96114,0
-136.09811,7.842418,0
158.12672,16.05919,0
-60.81155,93.01226,0
-59.207794,87.13003,0
5.3896217,-68.64481,0
-62.0677,6.8940554,0
39.848186,-57.83668,0
29.382463,-128.05466,0
-150.37042,-17.817747,0
133.19864,-12.999049,0
-28.943739,129.7368,0
-28.671526,131.45822,0
-81.87005,-112.51093,0
-3.2404256,58.531746,0
-73.42776,-122.49861,0
-13.280022,-153.92859,0
-104.20041,-69.24049,0
84.05906,-10.1300535,0
62.906544,153.4103,0
63.49538,153.34212,0
11.627025,-29.089668,0
-30.514015,25.848516,0
15.508655,-23.318392,0
49.13687,-100.254105,0
-125.552765,19.44754,0
172.36281,16.741821,0
-44.754875,81.52745,0
-43.273098,83.76003,0
20.729078,-70.54119,0
-50.520607,14.992797,0
53.272488,-41.837997,0
43.93215,-129.19206,0
-144.15677,5.564755,0
164.85533,1.3917571,0
-71.45014,111.578384,0
-73.02592,111.94032,0
25.779894,-44.933517,0
-42.605457,22.3444,0
41.09566,-19.602724,0
48.152103,-138.76228,0
-147.5274,17.88762,0
163.96292,-4.7393403,0
-75.94441,102.536736,0
-76.16888,102.65268,0
5.9488025,-54.54779,0
0.49675557,13.341765,0
17.839117,0.94189924,0
68.102516,-99.12336,0
-142.08612,-10.436442,0
140.6479,-2.3747787,0
17.79284,77.536896,0
-9.071524,71.54727,0
84.829605,81.93381,0
25.008383,38.100548,0
-131.95535,39.501045,0
-111.21754,35.974594,0
-77.539444,-36.817177,0
111.56134,-79.1961,0
71.32503,84.173706,0
70.692696,83.7013,0
-66.83873,-53.082676,0
5.2118177,36.324635,0
-77.62717,-62.77279,0
98.76633,-141.28638,0
-146.10234,-75.386894,0
106.43658,26.891464,0
50.38266,90.29451,0
51.372013,90.58083,0
-35.573036,-92.53918,0
-58.977615,53.428535,0
-48.657513,-113.58189,0
26.85842,-177.32657,0
-124.24927,-55.97033,0
95.01522,-22.248388,0
23.331041,148.32835,0
23.827179,147.69693,0
-25.504053,-26.41723,0
-9.467691,20.200275,0
-25.647085,-14.044964,0
76.22207,-113.33172,0
-115.55082,-16.347372,0
132.42778,30.0034,0
-3.2448487,75.04215,0
-4.4036174,74.45343,0
2.766687,-86.839775,0
-82.18317,7.313667,0
43.074875,-81.56327,0
17.122187,-145.80376,0
-161.42789,-25.296844,0
126.765144,-19.017193,0
-29.59323,156.27118,0
-32.951015,169.38611,0
3.1968942,-78.86235,0
-83.03118,13.199032,0
45.89418,-73.846825,0
17.516003,-150.16002,0
-164.65973,-22.903519,0
132.97804,-18.834988,0
-35.549984,162.16855,0
-39.808025,161.45097,0
-16.779516,-98.01025,0
-67.858406,31.323225,0
-39.6411,-142.12837,0
10.681334,-169.1749,0
-137.48384,-34.25398,0
123.87635,-19.307556,0
0.97587985,163.56493,0
1.009906,164.32126,0
-74.52757,-88.03854,0
-25.763298,57.454025,0
-78.24725,-92.414825,0
83.2431,-153.03915,0
-93.48058,-42.669632,0
89.17832,15.6772375,0
62.51381,111.183205,0
64.01363,111.85865,0
11.424726,-95.63015,0
-63.35792,30.688236,0
2.6886342,-128.45613,0
7.531781,-167.07918,0
-133.80693,-41.06646,0
142.92491,-35.919956,0
-2.7789369,163.335,0
-3.4496875,162.43121,0
5.0658493,-31.414732,0
-27.95486,-0.7384886,0
17.758503,-12.813537,0
67.0743,-109.736565,0
-136.39293,-3.897008,0
155.79123,18.64112,0
-27.228046,79.28588,0
-27.53168,79.87899,0
-4.1183085,-59.231533,0
-18.441217,-1.9329001,0
13.360579,-12.091649,0
62.832787,-108.06101,0
-138.78757,-10.978543,0
139.29434,0.5238757,0
-29.586786,106.580246,0
-29.369455,106.89228,0
99.58889,91.33994,0
32.084972,30.517403,0
-140.83527,42.119804,0
-104.3166,47.696384,0
-70.731865,-39.937733,0
100.633194,-78.54005,0
98.14033,107.58734,0
97.77118,107.834114,0
-54.080276,-59.962013,0
-7.2109413,36.703457,0
-53.832737,-53.01433,0
93.263885,-129.83719,0
-123.94373,-32.55733,0
114.221275,8.079859,0
34.17557,93.04039,0
34.886337,92.60183,0
-40.999603,-82.78598,0
6.5355983,22.944231,0
-72.10621,-132.46338,0
78.85539,-94.44054,0
-107.65449,-54.571545,0
90.01872,-2.550014,0
27.298357,123.06611,0
66.34218,138.47298,0
-7.5320888,-42.19745,0
-26.42579,24.804892,0
4.2796693,-9.088443,0
57.117138,-105.13219,0
-121.75483,17.139286,0
175.59497,19.18901,0
-16.404917,98.7048,0
-15.447579,98.56646,0
2.6726975,-89.85307,0
-88.12586,15.645746,0
41.24283,-83.688255,0
18.814358,-157.04634,0
-163.52997,-32.97449,0
128.93658,-25.938452,0
-21.80048,163.95074,0
-20.715284,165.73834,0
12.311888,-68.29025,0
-59.263515,0.5766972,0
44.7723,-52.190197,0
22.845968,-129.2548,0
-163.15067,-4.320506,0
149.79762,-7.809734,0
-43.629795,133.50064,0
-43.881775,133.75832,0
-46.809505,-82.36078,0
-10.232843,52.53864,0
-59.382015,-78.929535,0
106.02019,-122.46066,0
-116.14096,-52.582745,0
108.23106,-0.7927717,0
35.010223,127.73747,0
36.995342,128.62149,0
-9.929822,-116.97381,0
-75.84554,48.913933,0
-6.681063,-121.423805,0
-15.393208,-174.6258,0
-156.49203,-48.99567,0
136.68317,-47.651344,0
5.349471,200.47356,0
4.987714,199.9969,0
-15.442065,-112.63133,0
-82.66045,41.827816,0
-3.0388324,-124.71025,0
-7.3264084,-178.01167,0
-152.61508,-46.056347,0
143.87457,-42.875305,0
4.6825666,191.7659,0
5.5478034,191.3979,0
-32.779026,-59.438194,0
-59.247963,65.91532,0
-32.969154,-63.21039,0
58.7885,-162.844,0
-167.95721,-67.99757,0
114.97031,-56.698463,0
8.401322,121.65496,0
9.336901,121.94847,0
7.7918253,-73.25342,0
-67.254364,9.32045,0
51.5517,-57.63908,0
53.079117,-145.44466,0
-150.16617,-13.232788,0
120.13597,5.8722997,0
-37.65196,140.87206,0
-37.761524,140.83128,0
-52.237255,-85.21364,0
-15.914056,53.33683,0
-58.095543,-78.39243,0
106.17746,-118.475266,0
-117.99178,-49.363308,0
114.9014,2.022229,0
37.913597,121.85452,0
33.01686,133.58424,0
21.15843,-54.24625,0
-52.703583,9.792714,0
45.002804,-37.1025,0
50.323204,-125.74312,0
-152.52963,8.636271,0
156.88829,2.2428079,0
-62.667778,122.00467,0
-62.93142,122.81184,0
-67.06111,-56.23013,0
6.227287,33.76767,0
-73.64817,-60.524776,0
101.50818,-138.87846,0
-149.06793,-79.041374,0
107.35241,27.15622,0
45.807575,86.38723,0
47.07757,86.176735,0
-20.581175,-92.7103,0
-75.29631,56.070488,0
-15.297091,-133.39688,0
29.23856,-172.01727,0
-161.10803,-54.939342,0
112.83822,-40.917202,0
11.773039,149.65517,0
12.841324,150.57777,0
127.64838,97.7656,0
32.54955,18.232006,0
-144.24744,59.14318,0
-104.17074,58.631454,0
-56.33184,-38.367016,0
87.955025,-79.59508,0
117.979866,98.796265,0
118.055336,98.0782,0
-49.038727,-85.35388,0
-11.382413,55.13103,0
-61.061802,-80.46175,0
106.1308,-124.66551,0
-113.981834,-51.990818,0
106.832954,-3.4560537,0
33.251007,128.02449,0
32.770824,130.36652,0
26.15515,-53.248524,0
-59.1539,10.851588,0
51.878246,-31.345123,0
42.028835,-133.68939,0
-163.24141,-10.958998,0
138.37753,-4.056492,0
-76.68831,124.11231,0
-77.6617,123.93546,0
71.05321,39.771584,0
69.52895,-8.189307,0
71.183235,39.138786,0
76.94542,50.14749,0
-69.84316,-14.31743,0
89.09473,-46.93931,0
70.17435,42.85922,0
70.350395,42.87323,0
-50.943832,-78.77595,0
-14.429268,47.35194,0
-54.083107,-72.86662,0
100.771545,-119.23271,0
-115.73725,-45.852547,0
103.98359,1.9540123,0
37.032234,114.683395,0
37.609657,113.0222,0
-12.550953,-30.092005,0
-10.263217,9.619182,0
-0.7343837,-3.7636268,0
72.80307,-117.318115,0
-120.14668,-11.919794,0
133.46336,15.192821,0
-5.947842,88.47315,0
-5.6560183,87.76295,0
-24.295155,-28.614357,0
-6.093179,22.602003,0
-28.103527,-17.867447,0
79.3539,-112.973145,0
-112.50368,-18.997334,0
122.160995,23.045467,0
8.796372,80.7112,0
9.088822,79.550606,0
18.176188,-32.162666,0
-35.938816,26.421904,0
22.307878,-27.634027,0
43.887676,-104.1936,0
-131.1655,17.607546,0
164.45735,25.348902,0
-53.59187,78.85725,0
-53.896713,77.706825,0
-21.328701,-24.260874,0
-5.221271,18.841112,0
-21.974134,-17.912523,0
79.682816,-108.31536,0
-109.872536,-17.533033,0
132.10484,25.542583,0
4.073194,79.83708,0
6.3680882,76.41688,0
113.49216,44.336517,0
57.025585,-13.276591,0
-126.30842,85.67395,0
126.646805,51.00671,0
-49.16738,-14.019167,0
72.503,-52.190807,0
140.23647,59.4603,0
142.24895,56.856632,0
72.07185,-23.835598,0
-100.79094,-99.515785,1
73.81439,-37.382603,0
-46.92759,-166.88611,2
-127.021774,-106.96072,1
195.28458,9.297401,0
-107.84488,109.481804,3
-107.20126,108.4373,3
41.46806,-1.4183369,0
-31.812038,34.343666,0
44.259537,0.9241949,0
-92.957306,82.7882,0
-102.50378,-23.200245,0
142.89085,-70.18741,0
41.519627,53.975002,0
41.006927,55.204937,0
85.48233,31.35735,0
67.77279,-10.067181,0
86.82826,29.607504,0
80.260086,51.748447,0
-66.95865,-13.939944,0
85.12715,-45.141838,0
78.83993,39.948505,0
78.718025,40.419643,0
-73.82996,-82.23965,0
-34.79704,60.437237,0
-72.5342,-103.22475,0
82.67994,-161.014,0
-97.6191,-50.10328,0
85.06352,13.415927,0
52.709694,123.29487,0
52.3717,123.00358,0
-20.248945,-31.429016,0
-7.5301223,16.667505,0
-18.722427,-15.87533,0
83.40109,-109.80424,0
-110.155495,-21.520596,0
124.56115,21.437315,0
5.02191,85.591965,0
4.844632,85.454926,0
-11.527455,-55.710804,0
-35.16357,35.606625,0
-12.258204,-51.58534,0
64.42792,-140.18262,0
-115.33008,0.34104854,0
142.01064,24.205961,0
-16.447168,115.962975,0
-16.283047,115.21794,0
-67.337105,-92.04445,0
-35.54008,53.026363,0
-72.47372,-98.423004,0
75.4918,-156.91437,0
-107.16081,-49.290043,0
93.80609,8.271519,0
65.560555,124.40888,0
42.9421,163.98732,0
-15.444696,-31.45487,0
-12.224314,12.529653,0
-2.783315,-5.006648,0
74.475365,-119.77763,0
-118.10466,-8.805747,0
136.95326,18.355898,0
-7.3722157,85.561264,0
-7.8676248,84.78953,0
-14.11186,-97.97999,0
-64.505066,32.176266,0
-42.58106,-138.72527,0
6.588546,-168.28389,0
-135.5635,-30.89506,0
120.617645,-13.115982,0
3.7384334,167.11742,0
-1.7638584,164.20131,0
26.051989,6.4101834,0
7.333233,15.908035,0
28.080381,2.878471,0
69.49202,-91.63944,0
-94.74861,-11.244455,0
169.57863,-30.702566,0
27.568596,71.97939,0
28.20442,71.03165,0
-10.68839,-117.83356,0
-75.75537,49.912807,0
-8.392493,-122.31796,0
-15.179337,-175.34506,0
-157.75447,-48.473843,0
136.37924,-48.716915,0
8.087642,200.2185,0
7.843002,200.67897,0
-4.953343,-60.676273,0
-56.891636,27.160898,0
-8.012828,-64.39873,0
28.276781,-128.11153,0
-152.25153,-8.031927,0
120.34264,-4.248365,0
-25.125849,127.470726,0
-25.388643,126.83074,0
78.07716,66.18286,0
57.385212,-7.109698,0
-119.55423,67.61017,0
-112.68753,66.81061,0
-48.21578,-22.379322,0
92.089714,-61.584866,0
78.83386,66.31256,0
78.99264,66.2671,0
-66.582565,-58.417507,0
1.3612278,32.695232,0
-71.20936,-61.097603,0
103.04234,-138.70544,0
-150.79607,-77.54128,0
108.97569,27.814062,0
47.13721,83.3189,0
47.744606,83.20313,0
18.635765,-38.848072,0
-38.19251,15.544758,0
30.61394,-22.506046,0
43.626072,-113.718185,0
-138.19716,14.548823,0
163.62177,13.003688,0
-58.209766,91.647316,0
-59.304466,91.32318,0
20.706362,-81.94506,0
-70.194275,21.29759,0
55.058052,-64.747345,0
32.033257,-150.5082,0
-183.44516,-15.384934,0
148.66576,-28.409992,0
-57.613575,157.31467,0
-57.124832,161.7729,0
-49.55937,-98.35264,0
-45.3207,46.757824,0
-59.16876,-112.663956,0
26.907757,-191.9141,0
-120.425865,-59.366814,0
101.171684,-7.591035,0
40.326183,142.77304,0
40.71666,144.2813,0
100.073265,92.24889,0
32.121002,29.587444,0
-140.73555,42.4904,0
-104.468285,47.709435,0
-69.69667,-40.3779,0
100.27257,-78.64879,0
99.20742,106.867256,0
98.86653,107.12733,0
113.18473,44.144943,0
56.479137,-13.129002,0
-126.94664,86.056114,0
126.30154,50.920605,0
-49.466537,-14.0581665,0
72.940865,-51.874176,0
140.84377,59.12464,0
142.53639,57.804386,0
11.235241,-40.078598,0
-42.034256,-3.4329054,0
19.829397,-20.305382,0
60.436943,-103.56371,0
-159.30772,13.503051,0
173.73141,3.0629702,0
-42.86638,91.40936,0
-43.85458,91.5903,0
1.1925914,-70.186905,0
-74.289276,3.4812043,0
37.268993,-58.39878,0
12.706149,-140.22879,0
-150.71872,-20.04633,0
121.360054,10.5961275,0
-33.6721,141.9133,0
-34.840282,142.55528,0
-48.099228,-100.068405,0
-47.012573,47.403156,0
-57.48517,-116.7116,0
24.956532,-190.71793,0
-121.72824,-60.28001,0
99.87848,-10.119558,0
39.855816,146.85794,0
40.415886,148.66484,0
-12.154133,-89.46358,0
-91.32929,27.316038,0
-16.850737,-71.878586,0
47.449432,-147.41283,0
-170.73755,-41.662643,0
134.66974,-40.101883,0
-13.137785,148.27176,0
-6.900394,138.3673,0
8.310328,-31.03407,0
-26.478762,21.518244,0
15.752979,-17.957403,0
53.981907,-106.72766,0
-137.37503,-3.1497462,0
158.4491,24.830456,0
-43.70758,73.71388,0
-43.62833,73.415276,0
-64.283714,-60.9991,0
-0.8773951,33.394623,0
-68.39856,-62.341396,0
103.276245,-135.06943,0
-152.96532,-73.9652,0
111.40116,25.562199,0
41.112804,83.39313,0
41.451275,82.71881,0
-8.980874,-85.994865,0
-85.97144,27.708744,0
31.65138,-86.01442,0
30.966309,-159.258,0
-172.52284,-39.464546,0
137.07007,-38.688583,0
-15.476993,142.77156,0
-16.023323,143.36511,0
-60.235233,-89.62201,0
-29.22047,45.17636,0
-24.732208,-20.727188,0
75.76883,-148.25067,0
-97.18919,-40.326263,0
99.17543,12.89234,0
18.700056,109.092995,0
18.433817,113.76866,0
-46.76142,-61.002934,0
-12.982702,38.063007,0
-49.002357,-51.773705,0
91.06753,-122.49197,0
-119.26329,-34.346977,0
110.48002,11.020116,0
28.631807,100.43256,0
29.662148,98.968605,0
-66.943886,-88.085815,0
-34.19516,57.631855,0
-75.27022,-100.942505,0
78.653694,-159.40192,0
-98.612724,-47.273407,0
88.04866,11.802246,0
58.42766,123.80501,0
56.77218,124.788445,0
-10.062778,-110.86386,0
-80.21409,38.56417,0
-0.7120932,-120.305016,0
-7.6889834,-172.07718,0
-150.57854,-42.5275,0
146.08745,-43.85843,0
-4.4192376,188.71971,0
-4.1160493,188.68954,0
-32.692085,-97.72228,0
-49.23403,38.58048,0
-43.12927,-116.131454,0
11.307739,-180.65715,0
-124.480194,-49.754208,0
98.45487,-29.491642,0
12.766882,156.97363,0
13.0849085,156.05093,0
125.78985,101.347115,0
31.766949,22.239405,0
-141.32573,46.237095,0
-105.60465,52.09489,0
-61.361507,-37.34491,0
92.48649,-80.11577,0
108.87186,101.25997,0
108.881714,101.38896,0
-78.36207,-111.94238,0
-0.5678904,53.456314,0
-72.40588,-124.79016,0
-13.341269,-151.83183,0
-106.64465,-64.78593,0
89.87122,-6.830179,0
58.218746,151.77629,0
57.43336,152.227,0
-10.536815,-42.500626,0
-20.634378,16.11526,0
0.87893087,-16.489515,0
63.467854,-129.51743,0
-121.45164,-4.571948,0
137.94722,10.784804,0
-11.5024395,101.50315,0
-11.747384,101.754654,0
1.8109423,-60.62341,0
-51.00174,-4.8988986,0
-0.36662143,-61.212753,0
28.844925,-116.63255,0
-167.80574,8.882992,0
177.59839,-2.7636623,0
-28.101341,123.676056,0
-28.172102,124.283325,0
82.22638,79.775505,0
17.29143,34.290134,0
-125.13996,36.47652,0
-113.73918,38.923317,0
-81.57824,-34.14521,0
112.78728,-76.70992,0
69.04739,78.41519,0
69.00166,78.37974,0
12.500952,-66.40985,0
-73.49256,5.156652,0
43.521996,-49.567997,0
17.974443,-137.51204,0
-171.18881,-18.792303,0
135.67802,-9.957617,0
-35.15715,144.38155,0
-46.339973,129.89801,0
15.622349,-48.092697,0
-42.16364,11.710036,0
33.734463,-26.90398,0
41.35679,-118.42471,0
-139.22852,9.690607,0
157.00899,12.270224,0
-64.0887,98.01388,0
-63.73557,96.05557,0
15.171052,-49.082367,0
-45.6696,13.062255,0
37.52444,-27.09881,0
41.009716,-120.96472,0
-146.95592,2.3354933,0
156.50116,6.6144695,0
-62.158737,105.30291,0
-62.024998,106.308136,0
-59.052853,-98.77055,0
-26.002352,62.26863,0
-60.883198,-100.09647,0
18.720293,-170.78639,0
-91.59677,-48.37699,0
94.62055,16.723114,0
51.159676,113.697174,0
50.952473,113.52546,0
-0.5838366,-85.68279,0
-84.23853,10.470726,0
37.80905,-75.81557,0
14.417881,-147.12431,0
-160.8083,-25.829706,0
132.65318,-24.018703,0
-30.221535,157.50708,0
-31.663057,157.42036,0
-11.44815,-115.89151,0
-77.65239,47.570377,0
-3.8154948,-112.97111,0
-13.203622,-175.22603,0
-155.06938,-47.317333,0
123.642426,-35.62142,0
6.704273,199.14478,0
8.007785,182.14453,0
44.30075,13.4704685,0
13.039912,46.920902,0
-105.06559,83.79153,0
58.320297,18.366423,0
-71.4853,-22.409702,0
139.68497,-79.814255,0
47.4811,38.76333,0
47.08978,38.070362,0
-47.413857,-71.268105,0
-14.009984,44.280743,0
-54.82781,-66.722755,0
97.664925,-120.82037,0
-118.03224,-42.75912,0
106.46958,4.9267893,0
35.354786,109.54555,0
34.77643,109.641235,0
16.951092,-51.02806,0
-46.792664,8.119616,0
39.293953,-32.712242,0
38.42022,-123.324394,0
-145.95264,-2.825868,0
149.35857,-2.2674673,0
-58.796593,109.187645,0
-62.322174,110.31779,0
50.08486,15.542914,0
16.210712,48.958317,0
50.182205,14.622312,0
-109.087135,80.32592,0
-96.25747,-26.692911,0
133.24448,-80.22411,0
48.31019,29.989443,0
48.15214,29.9632,0
-81.11939,-119.414024,0
1.4496318,61.70604,0
-79.25033,-127.319496,0
-11.221814,-147.68764,0
-107.51783,-63.949596,0
88.408035,-13.960066,0
66.26509,145.62129,0
66.8797,142.18105,0
-28.184114,-59.75939,0
-63.049644,65.05124,0
-29.21288,-66.533035,0
54.995056,-160.75119,0
-168.03462,-64.03295,0
121.4873,-52.958916,0
3.77609,123.07651,0
3.6675546,122.474075,0
-7.5989614,-104.8457,0
-77.964096,32.86967,0
7.249592,-118.117256,0
-4.104369,-163.46277,0
-123.437454,-44.12243,0
107.47491,5.8282385,0
8.713903,158.00551,0
8.304934,158.73456,0
-41.980534,-106.780205,0
-51.754303,44.1259,0
-54.368317,-121.691826,0
18.028494,-189.65204,0
-130.21895,-58.78992,0
102.81967,-15.13406,0
34.803806,164.56999,0
37.289864,166.31857,0
-47.927,-76.74522,0
-16.091694,48.39626,0
-56.604282,-72.42742,0
101.24731,-116.463066,0
-119.25307,-45.575134,0
103.758804,4.331016,0
35.074482,116.3333,0
36.51276,116.50751,0
-66.35394,-90.08938,0
-31.782398,56.636147,0
-78.251236,-98.247894,0
77.82988,-155.75626,0
-97.1843,-45.160797,0
93.514946,9.19993,0
59.56589,119.804306,0
59.0295,120.11571,0
-19.15563,-43.193684,0
-16.869974,22.731066,0
-7.6797156,-12.837853,0
69.990814,-131.8523,0
-133.70128,-18.87809,0
127.59474,4.238338,0
-4.0515647,106.59421,0
-4.370494,107.27313,0
-56.590904,-59.872158,0
-5.045097,41.46,0
-58.471386,-53.060184,0
95.67341,-131.2563,0
-129.87535,-29.762375,0
118.905815,-0.21694389,0
35.24947,98.97792,0
16.83167,125.18624,0
-11.712991,-86.71223,0
-85.30835,24.157907,0
-10.126982,-78.66773,0
30.751492,-162.64775,0
-173.51535,-42.79391,0
128.88097,-36.754658,0
-9.210555,151.90958,0
-6.4055743,151.80397,0
5.5659328,-55.684658,0
-51.78947,1.3856748,0
34.015896,-39.21742,0
31.198927,-123.350174,0
-149.4382,-5.397569,0
156.8843,-9.239105,0
-39.420456,117.90118,0
-39.2611,117.38406,0
71.20466,-23.31105,0
-100.95676,-98.774994,1
73.58306,-37.803394,0
-46.70487,-165.64732,2
-125.99592,-104.96433,1
196.77565,8.028443,0
-108.64956,109.53999,3
-108.84185,107.8807,3
-46.879185,-61.279533,0
-12.946511,38.896423,0
-49.336178,-52.95896,0
90.45314,-121.99195,0
-119.25287,-33.006687,0
111.60417,12.11043,0
28.622227,99.262085,0
28.676804,98.84085,0
-7.9998164,-28.625168,0
-14.972204,3.0894406,0
6.4381146,-3.6590657,0
68.14185,-116.08548,0
-131.73174,-10.803442,0
134.14583,6.9264255,0
-23.72354,102.90873,0
-22.190363,105.293945,0
92.47972,99.47315,0
25.181202,24.7789,0
-134.88994,49.324356,0
-108.93189,50.10546,0
-65.101875,-34.566578,0
99.43919,-85.27541,0
90.64559,100.76417,0
90.62828,100.92215,0
68.05634,31.512287,0
19.685965,20.815374,0
67.695305,31.546701,0
72.13211,51.540047,0
-80.8282,-13.242664,0
92.17419,-49.988586,0
62.937542,49.56716,0
62.960835,49.697853,0
-22.423008,-114.425095,0
-84.93147,45.833565,0
-26.186638,-132.48012,0
-7.454591,-183.41653,0
-147.74802,-56.873993,0
112.54194,-31.5099,0
21.687735,186.75471,0
21.632898,185.97118,0
-15.451575,-83.57624,0
-80.28901,69.69129,0
-12.312873,-79.80773,0
34.69422,-164.30556,0
-177.17206,-44.223694,0
127.95161,-40.372692,0
-4.498499,147.26018,0
-4.517009,146.6384,0
-19.949451,-44.585854,0
-16.018137,24.190895,0
-11.616278,-11.747898,0
72.85495,-135.88852,0
-131.79369,-23.471416,0
125.41039,2.4457216,0
-2.8093336,108.60178,0
-3.3249805,107.74942,0
-11.395939,-87.5936,0
-85.536644,23.932608,0
34.028805,-86.83523,0
30.47752,-162.89984,0
-170.14717,-37.93245,0
129.39827,-35.90073,0
-9.885473,152.55962,0
-8.047839,154.33061,0
19.88797,-61.175106,0
-55.044613,7.14398,0
43.67611,-42.425655,0
30.92786,-134.06924,0
-165.91545,-5.0521836,0
143.71251,-9.662417,0
-55.18052,124.94682,0
-54.90236,124.39223,0
-40.550346,-61.593273,0
-14.747305,41.0865,0
-38.22436,-61.23132,0
60.23236,-160.25578,0
-163.33252,-67.35852,0
117.37591,-52.640587,0
4.5789614,120.412315,0
20.979025,100.30294,0
14.132635,-33.430065,0
-34.583145,22.394894,0
22.2269,-20.779839,0
49.031654,-107.41906,0
-134.64407,19.366335,0
161.62405,22.222889,0
-47.55613,74.53928,0
-47.21821,73.250786,0
67.63781,-25.16062,0
-102.03668,-95.01452,1
69.07663,-37.685516,0
-44.82369,-163.57347,2
-127.74834,-103.88302,1
194.82202,4.3424306,0
-113.26626,112.01009,3
-115.17588,110.80913,3
-24.702032,-86.15017,0
-77.85825,64.6769,0
-19.233288,-87.762535,0
41.903687,-168.32524,0
-176.63144,-49.978405,0
123.724655,-44.108326,0
5.5872765,142.76569,0
4.649594,142.54181,0
67.76195,29.140991,0
18.287811,20.34723,0
67.64817,28.74894,0
71.44527,51.990242,0
-82.02573,-12.840483,0
92.66524,-50.538578,0
60.969383,51.257904,0
60.61312,51.70169,0
-2.938938,-70.88593,0
-74.41571,-1.052695,0
35.73748,-61.616882,0
63.179287,-148.51726,0
-105.228775,-1.0138006,0
130.73967,-9.952992,0
-26.5916,142.43199,0
-22.447868,137.03523,0
20.937729,-37.395382,0
-36.39536,14.553229,0
30.352886,-25.083637,0
41.76004,-113.59202,0
-135.80255,13.922943,0
163.58145,17.001991,0
-62.863255,90.106384,0
-64.01771,91.112434,0
-25.545628,-105.8484,0
-65.93069,49.3718,0
-41.678097,-141.74628,0
10.736624,-167.91829,0
-131.38968,-57.027943,0
122.91497,-18.189188,0
34.409016,172.27254,0
35.74433,171.73967,0
-25.133709,-58.011513,0
-63.66033,64.2876,0
-26.577742,-64.61399,0
55.02144,-159.33626,0
-169.07379,-62.08931,0
119.25458,-52.904083,0
0.112622134,120.27768,0
-0.36507812,119.3831,0
-28.947989,-114.46636,0
-89.20597,41.124634,0
-33.344757,-129.73564,0
-1.4284215,-185.4862,0
-141.93642,-55.543575,0
110.257904,-24.514883,0
25.432058,179.64421,0
25.703123,178.95056,0
-68.84336,-54.184677,0
3.878279,36.792072,0
-77.70252,-61.04001,0
98.84785,-142.32617,0
-145.0671,-74.96065,0
109.27931,25.409521,0
50.536983,91.46235,0
50.89765,91.59522,0
-17.337109,-33.197865,0
-12.777215,15.051969,0
-4.2662063,-2.5206258,0
60.940727,-164.64362,0
-117.937416,-5.554228,0
116.87222,-58.894527,0
-3.2448196,85.871216,0
-2.650366,85.12734,0
46.643044,6.6367717,0
9.941316,50.14498,0
47.971924,1.7466892,0
-98.39698,81.85904,0
-160.35963,-21.733353,0
140.46906,-74.03264,0
40.04923,45.898567,0
39.55176,46.001957,0
-15.948456,-99.17163,0
3.1315372,50.404934,0
-35.051693,-137.32214,0
11.324385,-171.12953,0
-148.9697,-28.183022,0
102.34058,-21.32773,0
2.2098062,163.83951,0
2.3384035,164.89412,0
18.097103,-39.761265,0
-38.702988,18.595648,0
27.15752,-29.192833,0
39.781277,-108.78176,0
-140.1151,16.337029,0
168.29224,14.059706,0
-54.013798,93.40211,0
-52.548695,95.53216,0
98.23882,89.565186,0
32.57531,33.26678,0
-132.50415,46.37288,0
-106.594246,46.227737,0
-70.71202,-36.342392,0
101.72872,-80.750244,0
93.24079,110.98824,0
92.96352,110.63684,0
3.2393844,-87.47078,0
-90.40031,10.597284,0
44.319736,-81.49774,0
12.885942,-152.26436,0
-159.2791,-31.116985,0
129.56778,-23.678322,0
-29.242077,164.90352,0
-34.269238,172.60332,0
-42.13682,-100.57954,0
-51.169285,53.135593,0
-58.82094,-124.75867,0
24.64767,-184.69185,0
-125.50505,-65.47659,0
94.65044,-18.306463,0
42.79135,157.14032,0
42.57506,156.96573,0
-70.959045,-89.503746,0
-31.894997,54.401703,0
-76.983025,-94.93425,0
79.212036,-155.57777,0
-98.62974,-43.996723,0
90.019295,9.502816,0
62.619526,118.20001,0
64.14981,118.10744,0
-38.450848,-46.14014,0
-25.336065,48.38713,0
-40.85406,-41.0672,0
82.7406,-148.41382,0
-100.7057,-38.94617,0
97.37459,16.021414,0
52.267807,102.4808,0
52.523712,103.287445,0
84.001205,30.154882,0
68.83427,-9.587525,0
84.51342,29.291384,0
79.210556,51.206226,0
-68.063995,-14.159516,0
86.24818,-44.9668,0
76.59937,40.44856,0
76.55671,40.477062,0
101.543304,94.88013,0
31.67442,27.134937,0
-137.21088,47.84154,0
-104.79393,50.017033,0
-66.12007,-38.65539,0
97.28691,-80.93632,0
103.20971,103.25525,0
102.947136,103.618904,0
-79.937454,-115.2668,0
-1.8282866,59.5915,0
-73.922676,-125.78647,0
-11.809712,-152.79424,0
-100.21898,-67.47305,0
84.74761,-9.873046,0
65.145996,151.7275,0
66.53822,151.88792,0
-13.219908,-111.55581,0
-80.45752,41.13963,0
-0.87433285,-124.71688,0
-7.8351154,-176.47296,0
-151.33315,-45.705624,0
145.72563,-42.545464,0
2.8325133,192.3193,0
0.97748274,194.12704,0
37.95332,-5.187624,0
-14.518566,12.132586,0
37.727505,-5.957732,0
-84.950584,84.039604,0
-121.37163,-6.6736693,0
145.41052,-64.10602,0
38.91868,60.540783,0
38.841278,60.73577,0
-2.0471818,-32.651844,0
-20.813108,4.351002,0
12.612943,-7.010575,0
56.92127,-119.13491,0
-132.28093,-7.366019,0
143.23582,6.8725333,0
-24.114067,95.53837,0
-23.776321,94.95213,0
4.517671,-36.639473,0
-30.316618,2.052018,0
24.672228,-15.784589,0
54.771523,-112.77747,0
-136.76953,-1.954696,0
150.8835,16.17843,0
-32.768642,82.6388,0
-28.256433,80.47245,0
24.092062,-45.454308,0
-43.41263,19.315022,0
40.506107,-21.866451,0
47.198936,-125.11259,0
-142.2044,0.6553244,0
152.73006,8.174637,0
-72.25628,102.83904,0
-59.39714,103.910194,0
-47.326126,-57.860897,0
-12.659254,34.88089,0
-46.94225,-48.18724,0
87.86025,-125.74061,0
-119.94507,-30.498728,0
115.23369,14.271432,0
26.548437,92.78412,0
27.068472,92.90037,0
-76.1028,-83.96301,0
-27.761715,60.025127,0
-79.37405,-84.48147,0
85.56827,-158.11713,0
-92.432045,-44.77613,0
87.75415,14.823786,0
57.02602,110.643906,0
57.272762,109.981674,0
2.288684,-54.247536,0
-44.07685,29.355354,0
-0.5537866,-53.66789,0
54.938618,-132.23537,0
-140.38806,-12.672285,0
141.88918,3.185366,0
-37.056217,111.0193,0
-36.9127,112.010895,0
13.487413,-53.290604,0
-49.112946,4.6024795,0
37.586376,-38.44378,0
34.6067,-122.971535,0
-147.209,0.9257536,0
159.71194,3.2363884,0
-55.514507,114.56897,0
-58.204468,114.58765,0
-70.952965,-85.88783,0
-29.254784,56.295506,0
-80.69622,-96.23778,0
82.44715,-156.26454,0
-95.49984,-42.970284,0
92.29832,14.760116,0
56.832848,116.612854,0
56.858967,117.65292,0
-26.887556,-30.626486,0
-10.163548,26.01633,0
-32.622467,-23.713945,0
81.43025,-115.48655,0
-114.03181,-22.64289,0
122.12309,22.313036,0
11.4379,85.77904,0
16.492123,81.667404,0
-40.733105,-57.66902,0
-6.9916563,31.749817,0
-37.523113,-30.205687,0
56.966087,-155.63205,0
-160.51045,-63.259205,0
114.72386,26.793123,0
17.142498,93.099686,0
3.0662827,126.07727,0
-15.64125,-61.788387,0
-68.65675,56.81998,0
-20.45886,-68.3776,0
49.134003,-156.40805,0
-165.08752,-55.810062,0
126.72499,-53.375793,0
-10.106041,128.23773,0
-12.865159,125.82834,0
12.631506,-76.74556,0
-81.44553,30.128021,0
40.203106,-59.99092,0
-1.8431681,-160.19505,0
-144.18022,-31.91981,0
159.9598,-30.717346,0
-15.338224,184.05504,0
-15.091324,183.63893,0
-27.950565,-75.0172,0
-67.39259,67.54345,0
-26.92363,-72.82735,0
47.888744,-165.4258,0
-170.02568,-60.52615,0
123.48607,-48.329643,0
3.5669472,132.59262,0
4.005202,131.89061,0
-22.032682,-120.09336,0
-87.91516,49.577286,0
-21.61709,-130.94238,0
-10.162353,-187.06728,0
-149.8882,-59.116783,0
111.2068,-33.77617,0
23.593143,193.23059,0
23.69393,192.67836,0
28.540459,-44.638218,0
-41.629005,23.109665,0
39.219307,-18.111786,0
47.65784,-140.60005,0
-148.42953,18.639847,0
166.38889,-7.031645,0
-77.63803,103.05142,0
-79.77155,103.92565,0
15.256165,-60.339928,0
-60.0215,-6.1985703,0
44.80109,-45.9367,0
18.667032,-120.060326,0
-163.98097,3.8326378,0
168.49161,-4.540965,0
-49.45975,129.02892,0
-50.40369,129.42,0
11.498508,-55.707214,0
-50.525578,3.9193242,0
36.637726,-39.786835,0
33.785217,-123.16339,0
-149.59451,-0.46826246,0
156.1664,-2.666948,0
-54.329636,114.19629,0
-51.70284,113.398186,0
125.22388,77.75239,0
71.09622,5.9456916,0
-138.98839,60.55954,0
-104.352585,64.21637,0
-56.56317,-30.528849,0
86.949684,-72.14047,0
121.64221,84.56505,0
121.55349,84.49355,0
23.367266,-48.70049,0
-48.33352,12.919713,0
44.597736,-23.069582,0
42.126,-126.95069,0
-156.79028,11.874213,0
157.05153,8.281905,0
-70.63855,108.47556,0
-71.00765,107.77239,0
-82.51828,-120.85099,0
2.709797,63.47504,0
-79.45689,-129.20657,0
-9.04403,-147.90054,0
-105.65681,-61.75636,0
88.43344,-4.2255955,0
68.46565,143.52588,0
68.709854,142.78198,0
-10.118234,-109.77053,0
-79.48408,37.503933,0
2.4218833,-119.435394,0
-7.0037384,-171.46149,0
-150.69354,-40.99197,0
147.90257,-42.682434,0
-2.8689988,187.9232,0
-2.3026161,187.63782,0
86.98592,82.43361,0
26.770363,40.80272,0
-133.96721,42.16796,0
-112.55742,33.630173,0
-76.51784,-34.347527,0
109.73109,-78.389084,0
70.373184,88.1709,0
70.0242,88.75684,0
23.367533,-78.09863,0
-66.279564,19.051777,0
59.05078,-63.40189,0
32.972965,-146.42876,0
-179.9824,-12.61511,0
152.20885,-27.63789,0
-62.455223,153.82228,0
-62.904682,153.62654,0
17.402006,-83.14047,0
-62.607597,21.295156,0
53.390984,-68.36932,0
31.732807,-155.52318,0
-172.25317,-37.8183,0
137.46043,-35.630104,0
-64.46381,145.84656,0
-65.07602,146.31534,0
-4.6555686,-26.745865,0
-17.268473,1.795726,0
11.313463,-3.2867916,0
65.51365,-116.769196,0
-135.13239,-14.668097,0
136.29446,1.1304005,0
-20.595436,101.484184,0
-20.082699,101.682785,0
-25.841703,-109.29244,0
-68.904144,42.86374,0
-35.968178,-133.82031,0
1.6908462,-177.32094,0
-140.0634,-49.128372,0
113.99596,-20.370874,0
13.754495,180.24161,0
14.77331,179.65103,0
28.923105,-53.874287,0
-60.88109,11.365361,0
52.207783,-28.596272,0
40.482777,-138.04318,0
-157.17122,-14.617059,0
128.53444,-21.109636,0
-75.335915,125.98578,0
-77.50715,126.93597,0
71.660324,-28.228388,0
-105.47862,-98.12701,1
70.99986,-32.994846,0
-49.644897,-162.0792,2
-126.988556,-100.137924,1
192.89069,5.7646976,0
-108.42896,115.52864,3
-108.60075,116.39119,3
10.723063,-36.720474,0
-2.0018163,7.897699,0
18.129854,-20.498158,0
64.215614,-102.68963,0
-164.4277,15.768575,0
144.4459,14.838386,0
-29.099884,112.0158,0
-29.254856,111.441956,0
-5.515707,-39.27457,0
-23.043316,11.533004,0
5.6859474,-13.916362,0
60.844288,-124.56031,0
-126.65824,-1.4063202,0
145.29834,11.564957,0
-17.635122,87.730545,0
-17.313452,89.304054,0
-9.261738,-34.28798,0
-17.882566,7.5726504,0
7.0605626,-8.219124,0
65.43764,-120.62572,0
-128.81102,-7.8380666,0
136.7838,4.2113137,0
-17.399376,97.73273,0
-17.11105,97.23849,0
-62.53617,-90.91002,0
-33.045094,49.049244,0
-78.673454,-100.046974,0
76.10498,-152.11919,0
-103.774124,-44.721878,0
94.58166,4.908429,0
68.47705,123.36381,0
68.194565,125.43805,0
22.896864,-81.1362,0
-69.34639,20.947247,0
55.488216,-63.855614,0
31.130253,-148.43925,0
-182.2259,-14.863237,0
151.43959,-31.223745,0
-59.416744,157.18826,0
-60.981327,159.53607,0
-2.553155,-40.1012,0
-15.383145,4.7390018,0
11.183658,-9.131774,0
67.887146,-114.14287,0
-139.48459,-8.076408,0
140.00804,3.9555855,0
-26.886593,104.3381,0
-26.657633,105.349724,0
-50.77896,-97.57921,0
-44.40158,45.56997,0
-60.54057,-112.453415,0
27.559744,-192.68141,0
-118.55783,-58.06915,0
100.88599,-4.0665874,0
40.22873,141.63254,0
40.1101,141.27165,0
-19.997189,-42.151897,0
-17.009954,24.830883,0
-10.131039,-13.049339,0
74.14446,-132.12904,0
-128.57484,-23.71614,0
123.54443,8.677433,0
-1.4330214,104.247345,0
-3.1894753,105.93309,0
2.1703942,-78.55981,0
-82.732666,13.699305,0
44.45704,-74.27125,0
17.725912,-150.39803,0
-164.5082,-23.134966,0
139.1057,-25.868153,0
-33.9025,161.99327,0
-36.705563,161.13002,0
-28.115078,-55.93967,0
-61.122253,62.905144,0
-31.241032,-66.162766,0
55.74974,-162.75833,0
-165.62212,-63.466175,0
120.71357,-57.326874,0
0.81859183,118.36607,0
7.645206,125.11354,0
95.36424,60.10704,0
61.544273,-0.6612583,0
-124.19948,75.60911,0
97.50836,59.514946,0
-56.456665,-22.472027,0
82.828865,-60.33625,0
99.3081,61.124012,0
98.73911,61.17428,0
14.472921,-28.803219,0
-31.573824,27.01786,0
19.608374,-25.328945,0
47.877865,-102.448456,0
-126.41342,21.578148,0
170.63947,17.849838,0
-47.32701,83.50851,0
-49.075577,84.85056,0
-13.999583,-102.16736,0
-70.5366,34.31322,0
7.418477,-116.04997,0
2.1720817,-169.77484,0
-140.54358,-36.870342,0
124.08806,-12.388608,0
-0.19184469,173.24171,0
-3.454542,178.96828,0
-14.56787,-103.18898,0
-71.37097,35.445717,0
6.6549497,-114.61187,0
0.502582,-169.62918,0
-142.12387,-36.749454,0
122.710815,-10.048237,0
-0.3783395,175.48746,0
-5.6381345,190.00266,0
-32.932533,-31.17982,0
-8.461902,31.080421,0
-35.206097,-29.381186,0
83.17478,-122.038475,0
-120.043564,-25.595747,0
115.74769,19.033815,0
15.472764,90.75174,0
14.512308,91.18647,0
43.852867,8.938233,0
5.4303293,46.27038,0
41.951466,5.0937395,0
-100.98303,81.18613,0
-97.47791,-29.318481,0
141.99666,-77.08729,0
46.3196,45.833073,0
46.677593,46.22031,0
-24.494972,-108.96325,0
-69.3718,42.1118,0
-36.83676,-134.59804,0
1.1072661,-176.53722,0
-144.59622,-49.09463,0
115.1609,-20.49616,0
11.762051,180.52325,0
11.376173,178.61986,0
42.296875,8.649922,0
7.851805,45.697483,0
41.262997,5.067358,0
-100.44452,81.51325,0
-98.47979,-30.686321,0
143.16194,-75.774734,0
45.14687,46.88675,0
44.84136,47.458904,0
-44.7821,-99.20365,0
-48.426228,50.258556,0
-57.15466,-120.13304,0
24.872816,-188.88216,0
-122.82093,-62.86249,0
97.385666,-13.277245,0
38.68171,146.83116,0
39.04936,152.126,0
-5.3042994,-88.43219,0
-87.24758,22.417929,0
34.346146,-82.83201,0
24.607567,-159.70573,0
-164.9688,-35.196987,0
130.20238,-31.217588,0
-16.409132,152.03827,0
-16.436934,152.41711,0
125.48202,78.57503,0
71.990585,5.679813,0
-139.4938,61.18283,0
-104.181076,63.59021,0
-56.918022,-31.084478,0
87.22781,-72.90616,0
122.16515,85.48635,0
122.16493,85.49787,0
-40.54034,-71.93326,0
-2.9505177,48.466534,0
-62.47494,-104.06796,0
83.56899,-138.27519,0
-104.94072,-28.922344,0
161.90167,-19.151691,0
24.256702,113.62734,0
24.186539,113.73286,0
-55.47632,-60.569305,0
-6.571616,38.62004,0
-55.095146,-52.720398,0
93.451324,-132.24762,0
-125.65781,-33.54886,0
119.73444,-0.8249022,0
35.05537,97.14762,0
34.49547,96.70096,0
15.374628,-40.158527,0
-37.176895,11.694824,0
26.424208,-17.973831,0
45.58642,-113.75721,0
-136.6567,10.075668,0
163.24054,11.063673,0
-60.03833,92.59486,0
-33.742935,76.84179,0
-22.24838,-60.910202,0
-66.05547,59.563713,0
-23.214188,-63.587284,0
54.713146,-155.66953,0
-163.5884,-60.16189,0
122.593994,-55.131435,0
-3.5921874,123.20196,0
-3.964012,123.43962,0
-62.7822,-62.02776,0
-2.3979437,34.67994,0
-66.724815,-66.262764,0
102.17799,-133.34879,0
-152.44922,-72.37362,0
112.68634,22.617344,0
38.364452,85.32313,0
38.682365,84.68884,0
-9.890866,-36.30192,0
-16.902615,11.070555,0
1.4300114,-10.367307,0
64.0635,-122.604576,0
-124.33503,-6.0448966,0
152.52814,25.183187,0
-12.915853,87.86501,0
-12.787321,88.60051,0
88.21016,48.13888,0
64.522644,-3.0946555,0
88.13727,48.39249,0
87.03343,50.122875,0
-61.877323,-17.067032,0
85.410675,-50.0387,0
89.07254,46.907925,0
89.015205,46.729,0
-1.1367819,-32.886757,0
-30.214703,5.579453,0
24.354065,-12.020801,0
56.89439,-117.64204,0
-136.05435,3.0848143,0
151.58275,9.321147,0
-35.24592,86.781425,0
-35.947636,87.382515,0
-10.373576,-54.827213,0
-33.904804,34.938828,0
-12.114948,-50.66106,0
63.21084,-139.97705,0
-116.839096,-1.0948884,0
144.87614,24.445143,0
-19.17232,114.83919,0
-19.725195,114.96389,0
16.16389,-42.73998,0
-40.187824,11.941753,0
28.822681,-24.13548,0
40.740017,-116.71657,0
-138.00996,9.977172,0
161.18599,14.434357,0
-64.85958,95.32825,0
-64.79115,94.17236,0
6.7998,-68.11542,0
-61.28425,8.353081,0
42.324554,-57.10169,0
28.256187,-131.83676,0
-155.41566,-11.239873,0
148.87947,-6.035629,0
-36.014084,135.56511,0
-59.110123,129.83539,0
12.779467,-84.7006,0
-79.48954,16.552393,0
57.70852,-65.7664,0
23.52619,-148.79846,0
-168.13954,-24.93776,0
139.26575,-22.617512,0
-41.506866,156.6506,0
-43.646072,157.1838,0
4.0587864,-30.036533,0
-25.985222,-2.3442664,0
-22.43972,-13.515476,0
72.5949,-109.396675,0
-132.39319,6.002717,0
155.00166,21.092196,0
-23.84329,82.21444,0
-6.1991663,74.96132,0
25.754099,-59.965614,0
-60.875854,18.23068,0
51.200195,-38.916542,0
34.933792,-140.8375,0
-172.89893,-15.078643,0
143.37143,-32.314064,0
-68.94455,136.10461,0
-66.98616,137.27635,0
14.908257,-70.08173,0
-74.57458,14.398255,0
57.31599,-71.45589,0
19.165903,-135.35043,0
-172.01234,-19.74855,0
147.47745,-21.134315,0
-44.48268,150.33452,0
-46.539143,148.99965,0
11.520976,-49.484776,0
-40.38718,4.0853343,0
35.809967,-35.009087,0
51.572865,-122.71909,0
-128.02383,6.4305224,0
150.5954,2.7665124,0
-50.14103,103.3129,0
-50.407574,103.52218,0
42.878582,-2.1190526,0
-41.13989,6.4627733,0
44.932453,-0.22538772,0
-92.097855,82.833046,0
-100.433815,-22.400906,0
143.47697,-70.29782,0
38.67881,53.492207,0
38.859825,54.225975,0
27.964361,-59.565536,0
-56.873974,11.188777,0
47.629425,-39.29848,0
34.85181,-135.91615,0
-168.96613,-9.417989,0
169.53136,-12.144557,0
-60.28509,126.547676,0
-60.625095,126.54797,0
-29.809105,-117.68582,0
-91.50526,41.835247,0
-31.900925,-125.431885,0
-2.3261817,-189.1068,0
-142.16396,-58.045197,0
108.94864,-24.913347,0
28.548124,182.87265,0
29.116404,182.92961,0
103.01445,96.56348,0
31.710636,22.693653,0
-140.36234,46.832233,0
-105.6079,51.440445,0
-64.04914,-37.635666,0
95.789566,-81.13835,0
105.63519,102.13753,0
105.41468,102.20915,0
-30.768387,-97.89525,0
-50.480503,39.41964,0
-39.24659,-120.177536,0
11.70081,-182.86696,0
-123.31923,-50.14288,0
99.96815,-30.599041,0
14.232629,156.86153,0
16.62197,156.78975,0
65.41033,-27.89822,0
-104.697464,-92.9344,1
66.44953,-34.575752,0
-43.360218,-160.41937,2
-131.37999,-101.17943,1
192.29037,2.9340038,0
-116.14133,117.907906,3
-116.28445,117.759285,3
-62.469055,-60.905735,0
-1.5901642,35.220203,0
-68.735146,-66.35504,0
101.07168,-133.99986,0
-151.51775,-73.140175,0
110.51025,24.231031,0
40.19431,86.11149,0
39.72856,86.4061,0
-29.117609,-115.57086,0
-89.317406,42.05922,0
-33.452248,-127.42466,0
-1.9476275,-186.84111,0
-141.80508,-56.31046,0
110.41697,-24.923203,0
26.404936,180.78673,0
27.839043,178.94994,0
-17.333097,-26.620558,0
-7.9007554,15.686705,0
-18.030865,-15.569582,0
83.08091,-108.806885,0
-112.57042,-14.221818,0
130.58128,18.472618,0
2.6206446,85.12555,0
2.636926,84.93898,0
71.39649,-22.716164,0
-102.241714,-99.26374,1
74.500015,-36.25875,0
-46.93402,-165.51752,2
-126.89551,-104.41781,1
197.57372,7.1309886,0
-108.20457,111.09074,3
-107.58267,107.733864,3
-39.97598,-91.228745,0
-75.08295,61.10016,0
-51.033207,-111.47934,0
31.367912,-176.40536,0
-176.64464,-55.899696,0
123.19667,-42.207603,0
18.771364,142.18349,0
18.247955,143.55745,0
122.05513,92.7371,0
27.024399,23.093277,0
-140.81256,60.643017,0
-104.729454,61.553104,0
-56.4689,-34.41803,0
88.50716,-75.65083,0
120.907524,92.0851,0
120.946785,92.08857,0
88.77345,92.03003,0
28.032911,31.431284,0
-137.43005,41.306194,0
-105.75812,22.36594,0
-70.504776,-38.551456,0
103.18768,-84.66049,0
83.70493,97.578804,0
83.191025,97.58697,0
-26.996588,-95.37256,0
-64.028,47.796585,0
-41.97885,-123.385895,0
17.399193,-176.94025,0
-143.06241,-29.316023,0
124.98679,-37.637466,0
23.024029,154.47552,0
23.294237,154.49344,0
20.418036,-58.96927,0
-58.693405,17.925812,0
49.15821,-37.61928,0
36.39774,-133.8835,0
-158.84834,-19.22406,0
139.26,-12.187389,0
-66.07661,127.64281,0
-60.495895,139.03981,0
-64.8322,-60.46915,0
-1.5038073,33.10544,0
-68.58228,-63.757015,0
102.75727,-135.92487,0
-152.38504,-74.07425,0
111.0669,26.691687,0
42.196957,84.50992,0
42.721058,84.13632,0
75.37792,-26.916796,0
-105.79431,-101.40311,1
76.58178,-31.792992,0
-50.864117,-163.5715,2
-124.562416,-101.60351,1
191.63782,8.427446,0
-103.467316,116.83923,3
-105.27545,116.32635,3
-29.008688,-59.50931,0
-64.51967,64.83632,0
-29.143318,-68.2175,0
53.82817,-161.14021,0
-168.00537,-59.985783,0
128.35883,-49.736763,0
2.8953187,124.913376,0
3.8484223,125.20775,0
-51.882282,-76.47032,0
-18.98204,49.024345,0
-59.651356,-70.29317,0
104.04267,-115.33,0
-117.596466,-41.731285,0
109.12011,-51.194817,0
40.68592,118.421135,0
31.099916,134.36154,0
3.2006156,-76.44928,0
-81.257996,3.0795803,0
44.55576,-75.62888,0
17.766277,-142.96228,0
-161.07257,-22.20059,0
132.45827,-15.418959,0
-40.39078,173.54219,0
-41.835667,176.45413,0
-21.724665,-59.942505,0
-66.266426,58.79773,0
-22.642057,-65.02509,0
54.261505,-156.37917,0
-163.45328,-60.181362,0
124.731285,-56.09458,0
-4.1923213,123.97844,0
-5.446869,123.75213,0
116.78224,46.526,0
61.70182,-11.561443,0
-119.45174,84.412766,0
131.58311,52.34529,0
-52.383686,-12.655397,0
75.1491,-54.137806,0
133.90831,52.414604,0
134.14319,52.321785,0
127.69849,99.29405,0
32.991673,18.591156,0
-143.65742,58.191776,0
-105.08946,57.858967,0
-57.881386,-38.358097,0
89.347,-80.008,0
115.387856,98.84017,0
115.77461,98.00075,0
-27.858068,-114.48345,0
-88.25436,41.35748,0
-33.998077,-128.39316,0
-2.8655539,-185.81235,0
-142.40627,-53.88797,0
112.5867,-23.166492,0
24.912111,181.75804,0
26.589928,181.92714,0
-25.595228,-109.52173,0
-68.98787,42.615658,0
-35.822987,-133.99214,0
1.7981806,-177.5599,0
-140.41449,-50.367737,0
115.32592,-21.49211,0
13.156467,180.5391,0
13.558452,179.90392,0
-8.925899,-116.41964,0
-75.471535,47.76154,0
-6.919448,-120.72187,0
-14.997089,-173.71544,0
-156.86171,-47.51321,0
138.44585,-47.49205,0
4.424244,200.53938,0
2.5778062,201.02695,0
17.643003,-75.9294,0
-68.573456,22.623528,0
60.61877,-59.422104,0
33.78734,-151.00972,0
-184.38187,-14.969271,0
150.53578,-29.816462,0
-59.955097,155.90575,0
-62.031982,160.21686,0
24.183447,-51.771202,0
-51.791496,13.908035,0
45.120506,-27.593634,0
41.94836,-131.00063,0
-142.96045,6.572449,0
163.9301,2.760708,0
-71.47718,116.22432,0
-73.26681,118.00645,0
-0.7682783,-23.842339,0
-30.974855,-3.3537555,0
-15.868524,-12.670989,0
69.864,-106.59137,0
-116.05109,-12.378838,0
151.2474,21.327835,0
-15.059804,72.90942,0
18.394897,119.60358,0
-52.572716,-56.232292,0
-6.4187098,35.04676,0
-53.672287,-48.506573,0
89.55108,-130.82939,0
-122.891945,-27.065842,0
170.10986,23.498125,0
31.647326,87.13714,0
31.817432,86.71205,0
-16.037855,-30.706816,0
-10.894686,12.447973,0
-4.9643545,-4.2601337,0
73.90599,-118.50593,0
-118.239174,-10.941685,0
134.965,16.643156,0
-6.730706,84.19165,0
-5.854612,82.75719,0
-5.8030124,-60.87198,0
-56.569763,26.714588,0
-3.8886771,-63.90646,0
58.633167,-142.55542,0
-150.59154,-9.525847,0
145.87257,-5.5768723,0
-26.507294,128.39159,0
-26.146038,127.69581,0
90.161514,89.81244,0
28.427143,32.25683,0
-138.98204,40.24948,0
-106.48338,25.052174,0
-72.67436,-39.144222,0
104.030304,-81.59846,0
81.14513,94.87345,0
81.10635,94.60043,0
29.450798,-51.250057,0
-62.13982,15.09443,0
63.018353,-71.28764,0
37.020687,-140.68076,0
-169.4977,-14.461421,0
141.82285,-31.2257,0
-76.674995,134.23,0
1.109607,195.77652,0
72.62259,-22.809343,0
-100.47471,-99.62079,1
75.54349,-37.319687,0
-47.21544,-167.25145,2
-127.01621,-106.2527,1
195.71622,9.347853,0
-107.361,109.21569,3
-106.39586,108.46778,3
0.8880474,-70.031525,0
-74.01815,2.8294208,0
36.857216,-57.606655,0
60.172276,-144.5705,0
-151.18195,-19.305292,0
134.30968,-12.186189,0
-32.64761,140.74445,0
-33.02956,141.17337,0
-10.036545,-108.96739,0
-78.273346,38.329094,0
1.8069584,-119.343315,0
-6.1216726,-171.38464,0
-149.53369,-42.070705,0
148.10902,-45.363472,0
-3.3691058,187.15117,0
-1.8040558,188.53421,0
18.486792,-81.137474,0
-70.13799,19.456598,0
55.539764,-65.8505,0
30.514606,-148.53079,0
-180.29863,-15.555111,0
153.0764,-30.499304,0
-59.48173,158.86212,0
-59.740185,161.03801,0
3.7399485,-27.724642,0
-27.18014,17.634256,0
29.07705,-9.25041,0
53.097588,-118.301605,0
-133.01335,10.55322,0
169.0571,27.086927,0
-39.19702,88.05062,0
-38.56818,88.242546,0
72.34055,-25.70519,0
-103.50045,-99.21857,1
74.82197,-35.30046,0
-48.9657,-165.37389,2
-124.31275,-100.46025,1
192.7328,8.130547,0
-107.527435,112.82987,3
-104.66566,110.38104,3
-38.148716,-96.67909,0
-56.407505,52.55897,0
-49.5096,-116.929794,0
24.197708,-179.76825,0
-126.72521,-57.23374,0
98.434395,-18.432346,0
26.22262,149.92401,0
27.156656,149.23979,0
12.272095,-70.28514,0
-57.34852,0.8072789,0
49.58039,-55.965122,0
25.765638,-122.82683,0
-158.6149,-2.9686565,0
150.0503,-13.526833,0
-39.92959,126.33384,0
-45.76702,138.66756,0
4.361616,-63.56085,0
-60.511143,3.7791982,0
-0.9009834,-64.1377,0
25.04685,-127.81244,0
-158.11583,-6.9997716,0
155.06079,-14.624186,0
-35.849453,128.86232,0
-36.110962,128.3822,0
-46.29258,-57.468346,0
-13.245558,34.614468,0
-46.78472,-48.162083,0
87.061905,-125.10884,0
-120.04451,-30.100027,0
114.128555,12.234141,0
25.658846,92.5002,0
23.239649,89.35883,0
-44.976746,-93.47444,0
-49.052837,55.46656,0
-56.978477,-113.116035,0
27.515247,-188.74246,0
-122.22766,-56.684853,0
92.24874,-12.121106,0
28.807465,144.57115,0
30.979694,146.36742,0
-61.608746,-88.204,0
-39.286343,59.036987,0
-71.9498,-104.21924,0
59.165627,-165.44675,0
-100.91807,-51.842216,0
112.2945,-53.19607,0
54.017883,128.9858,0
53.875523,128.91135,0
126.45559,76.98589,0
71.05938,7.5874233,0
-124.65908,63.945274,0
-105.22024,66.19577,0
-53.110252,-29.736666,0
85.05116,-68.235954,0
111.10705,76.92719,0
111.40948,77.77874,0
-22.148329,-23.357943,0
-5.36752,18.819897,0
-21.864891,-18.743704,0
79.61344,-107.64688,0
-108.68575,-17.43038,0
127.604385,27.195738,0
4.0553517,78.64129,0
3.7692506,75.85295,0
-25.6986,-28.320793,0
-7.891046,23.255672,0
-27.632261,-16.3303,0
79.63224,-113.541245,0
-114.2743,-20.365242,0
134.26154,27.744543,0
10.042496,82.93917,0
12.459535,79.52104,0
27.044058,-41.992767,0
-42.477806,25.458176,0
43.460583,-16.28549,0
51.024395,-139.52608,0
-139.3921,-23.084547,0
123.54229,-1.0820861,0
-77.7641,98.89819,0
-77.894394,98.3279,0
-64.828064,-87.9721,0
-37.42473,58.250572,0
-73.04971,-102.40118,0
76.90762,-160.8556,0
-100.6063,-49.753014,0
88.49783,5.3145247,0
57.206192,126.83673,0
57.77672,126.82083,0
114.219826,44.96157,0
57.283707,-12.187785,0
-126.431175,86.50089,0
127.723045,50.664757,0
-49.621346,-12.950224,0
72.20714,-52.758648,0
138.86186,59.14778,0
140.57349,57.17173,0
-35.37623,-65.74686,0
-61.294086,69.01441,0
-29.262836,-72.20787,0
56.553783,-165.6191,0
-171.05952,-66.636696,0
114.58713,-48.642593,0
7.075659,130.29512,0
10.24289,127.12831,0
-8.660087,-33.526543,0
-15.017704,5.0755334,0
6.9245505,-5.634758,0
68.32826,-118.024216,0
-138.49156,-8.947558,0
139.24402,4.7215304,0
-26.621193,104.635635,0
-12.24326,91.99099,0
20.717487,-62.13622,0
-53.74885,8.440755,0
44.717796,-38.600754,0
32.796677,-133.22379,0
-156.26851,4.409924,0
152.66971,0.048427828,0
-58.934063,125.46509,0
-58.152847,125.97158,0
-31.698397,-108.575966,0
-57.5874,47.540096,0
-47.31181,-122.07957,0
1.8429718,-182.18573,0
-140.76901,-51.283226,0
108.62196,-21.644903,0
29.118938,158.48137,0
30.007385,158.56941,0
-51.58858,-84.83553,0
-15.576384,53.065586,0
-62.842026,-80.15681,0
104.93323,-119.572075,0
-115.804794,-48.18482,0
103.73924,0.22193153,0
37.761726,121.79833,0
42.42811,120.491234,0
19.908148,-41.638607,0
-35.624535,10.5285,0
32.636307,-23.958227,0
46.74885,-118.77381,0
-134.15112,8.886829,0
159.96611,11.677708,0
-58.329468,97.93535,0
-63.769665,92.6799,0
-20.58604,-44.266373,0
-15.372515,25.612116,0
-13.012887,-12.233245,0
76.17721,-134.72696,0
-130.62213,-27.232203,0
121.462006,4.3530264,0
-6.770306,108.812225,0
-6.389484,108.2603,0
15.993122,-55.970387,0
-44.382454,2.922127,0
39.607407,-36.60466,0
34.77401,-129.17293,0
-160.80978,-14.930921,0
150.95143,-1.3450158,0
-58.38293,119.063736,0
-58.506527,119.56002,0
-23.393747,-81.443306,0
-73.43639,68.96097,0
-19.516764,-74.94146,0
42.522522,-162.91985,0
-175.90315,-48.725307,0
127.045525,-47.120247,0
-1.0527756,136.68507,0
-1.0800143,135.94652,0
16.287682,-60.35415,0
-60.75194,-6.365074,0
55.788918,-44.558674,0
18.604063,-120.996864,0
-164.43163,4.5647235,0
169.50787,-4.8745694,0
-49.78902,129.32686,0
-50.75955,128.4256,0
-43.47417,-82.13814,0
-8.792663,51.538837,0
-57.141247,-80.113945,0
76.47662,-95.83843,0
-110.658035,-44.4807,0
110.518906,-0.5240369,0
27.5664,120.87492,0
27.452223,120.22517,0
17.637917,-67.47429,0
-65.753876,-2.4318168,0
51.527927,-48.61284,0
18.064495,-127.33103,0
-169.42249,0.4414503,0
153.86128,-8.79503,0
-51.638363,136.81467,0
-54.465637,138.31708,0
-49.264275,-75.51966,0
-17.206146,48.964447,0
-57.865746,-71.14873,0
103.395424,-116.9271,0
-116.53617,-43.460003,0
102.49647,4.053581,0
37.806538,115.90106,0
38.719715,115.6029,0
13.662584,-61.437866,0
-57.41182,-4.436833,0
42.096264,-46.661648,0
22.452332,-118.45777,0
-160.98517,1.9673642,0
158.79295,18.57879,0
-46.96807,126.825455,0
-47.756397,125.11571,0
65.44453,37.11347,0
22.716942,22.19399,0
65.34731,36.9158,0
73.03388,48.78878,0
-78.54921,-15.345861,0
92.51276,-47.501156,0
64.26161,44.141987,0
64.327126,44.169384,0
6.3276324,-36.507343,0
-31.311777,3.905094,0
23.620129,-14.172512,0
53.75652,-113.87606,0
-135.23962,4.9529285,0
155.08698,14.897584,0
-33.671432,84.71411,0
-34.06764,84.578705,0
2.891804,-36.22701,0
-28.892231,0.8873633,0
18.334984,-13.753095,0
57.84511,-111.91297,0
-135.95934,-2.7688355,0
151.70299,17.956646,0
-29.660816,80.0721,0
-29.40448,79.73742,0
-52.89795,-60.475296,0
-8.588861,37.018547,0
-51.716843,-51.733223,0
92.87563,-128.91881,0
-123.00252,-31.307783,0
115.7402,8.625042,0
32.828484,94.88416,0
31.872896,94.973236,0
13.564987,-64.16228,0
-58.442745,-2.3337085,0
44.17653,-48.663364,0
22.057693,-121.6412,0
-160.75539,-0.7283224,0
147.17226,-10.310835,0
-47.076084,128.27591,0
-49.94713,126.109146,0
-14.94405,-42.194073,0
-19.929953,20.19692,0
-9.0251255,-13.415397,0
70.78567,-130.48097,0
-128.46262,-22.535194,0
130.08209,6.2542815,0
-4.0722375,104.06106,0
-4.249199,103.5369,0
-61.93697,-59.1245,0
-0.95424443,35.660717,0
-70.34547,-66.33923,0
100.44082,-135.14682,0
-149.82094,-74.78702,0
109.74298,24.089642,0
41.068043,87.03395,0
39.356457,88.69369,0
-77.08115,-86.95086,0
-24.137955,59.6242,0
-78.61028,-87.015045,0
86.42612,-152.78214,0
-92.70875,-39.831985,0
87.75373,18.582558,0
52.36008,108.72827,0
52.2593,109.000404,0
108.84741,45.266193,0
55.10464,-14.818477,0
-126.0742,74.48175,0
105.85236,44.573547,0
-55.067562,-15.24217,0
80.06385,-53.686485,0
106.59395,46.598354,0
106.6008,47.170902,0
-15.108617,-64.955086,0
-69.7267,53.86176,0
-16.671608,-68.07141,0
45.35076,-154.90428,0
-165.39546,-51.56614,0
131.38037,-51.66206,0
-11.762017,132.6637,0
-13.440242,133.18922,0
3.3275974,-85.99214,0
-84.13859,11.667082,0
42.861217,-75.022224,0
16.5788,-149.08878,0
-161.70709,-25.676521,0
136.05022,-22.89339,0
-34.204277,159.82887,0
-34.125736,160.16414,0
-22.911016,-118.91519,0
-88.200165,48.846363,0
-23.048609,-131.02235,0
-8.928552,-187.40747,0
-148.64651,-59.23704,0
110.54804,-32.95622,0
24.069658,192.38632,0
24.232468,192.14906,0
-61.03465,-57.515053,0
-2.505964,37.704075,0
-70.24386,-67.8174,0
97.60818,-135.66798,0
-148.53723,-73.977684,0
108.06809,21.645943,0
40.59539,90.53921,0
40.264343,90.84161,0
-16.884058,-86.39691,0
-78.79901,67.23731,0
-11.148373,-76.89713,0
34.153305,-167.29968,0
-175.76636,-46.7066,0
125.92692,-40.192142,0
-3.1784327,150.80353,0
-2.7629533,150.98259,0
-2.6523721,-22.66792,0
-31.66434,-4.8914933,0
-2.2550044,-20.83523,0
68.89556,-105.27063,0
-154.62254,21.620451,0
152.02992,23.788956,0
-13.350926,72.94447,0
-12.248659,73.24505,0
18.771496,-74.38722,0
-66.68499,15.553282,0
58.575874,-61.346184,0
23.605993,-122.93456,0
-183.85344,-9.735354,0
144.84358,-16.775875,0
-42.201096,127.21504,0
-68.68893,154.67639,0
-43.13797,-95.13749,0
-48.453934,48.897682,0
-56.25538,-115.26134,0
28.27633,-189.83112,0
-123.32691,-59.7237,0
99.38787,-12.3625765,0
31.175896,143.86906,0
31.39811,143.75146,0
0.67751896,-85.669205,0
-85.01816,9.470638,0
37.680126,-78.948,0
13.468435,-146.22447,0
-155.7817,-30.390959,0
131.10358,-22.221617,0
-25.763828,161.72339,0
-26.237247,161.34323,0
1.9315941,-24.637615,0
-41.109135,-5.1071525,0
17.753769,-18.978195,0
62.26308,-103.20173,0
-159.38652,14.871668,0
131.43353,-6.1106095,0
-24.835848,113.454025,0
-24.921011,113.583,0
-41.593765,-103.44005,0
-51.87058,47.97954,0
-50.101635,-124.59922,0
19.615831,-186.10779,0
-126.31971,-63.1624,0
99.09051,-16.083853,0
34.373173,158.88339,0
38.369755,160.35146,0
1.4779059,-39.55066,0
-28.567057,9.126045,0
18.759624,-15.561719,0
59.16824,-109.35903,0
-139.26727,-5.8476996,0
142.21384,0.3376365,0
-32.602978,102.06219,0
-31.89703,75.29806,0
20.64432,-80.111305,0
-68.66594,20.81837,0
53.31367,-63.063427,0
33.349117,-149.88632,0
-178.82343,-14.87105,0
151.442,-26.556986,0
-57.970585,154.04599,0
-60.937817,153.3899,0
39.440956,7.4393086,0
4.490104,38.76331,0
39.302517,6.4224668,0
-94.72227,83.01455,0
-144.20003,-74.93961,0
144.5746,-75.077484,0
46.435173,50.205906,0
46.45223,50.372116,0
-10.0096855,-55.767593,0
-34.35697,34.203102,0
-11.307809,-51.031075,0
64.10482,-139.19217,0
-114.081726,-2.978048,0
140.56819,24.290668,0
-18.177273,115.91702,0
-17.621447,115.66204,0
8.960462,-46.29329,0
-46.384678,19.663767,0
31.433985,-36.605854,0
51.605446,-125.967415,0
-126.34852,8.586538,0
151.61615,2.3988588,0
-54.527023,107.13625,0
-53.322304,108.061584,0
-38.56668,-85.734085,0
4.645029,24.87767,0
-63.090816,-111.52476,0
79.25175,-92.09718,0
-109.934906,-40.765648,0
93.825386,-28.997885,0
24.044926,126.10337,0
24.212313,125.741974,0
-18.704296,-121.57329,0
-85.41228,53.659714,0
-18.88632,-126.42449,0
-15.038357,-184.35158,0
-153.63928,-54.696056,0
114.271484,-34.742924,0
21.41808,200.40532,0
20.873955,200.59206,0
-74.00933,-83.575935,0
-33.37755,59.33316,0
-76.93742,-101.642746,0
81.85139,-159.77159,0
-96.86251,-48.887035,0
86.775154,13.503081,0
56.17445,122.23137,0
55.432842,122.819275,0
-6.702469,-29.305529,0
-17.900131,0.44348854,0
13.0730095,-9.311767,0
66.01727,-114.79197,0
-133.73067,-10.490837,0
133.46004,-0.51230794,0
-24.04471,100.40438,0
-23.022636,103.53623,0
-30.145056,-46.85031,0
-29.379639,40.488174,0
-35.499012,-37.1169,0
71.70132,-144.15196,0
-113.80912,-7.9178524,0
137.77812,-12.878328,0
13.786501,108.56779,0
12.102723,108.06795,0
-36.91986,-17.262047,0
1.53675,45.865723,0
-120.395676,37.095245,0
47.054077,-178.4138,0
-85.00947,-28.122803,0
117.19034,-70.79076,0
58.91714,72.48468,0
58.835876,72.38771,0
27.095743,-51.168816,0
-42.187943,3.9508402,0
48.40997,-28.615864,0
39.625523,-128.32434,0
-152.92772,3.105295,0
158.30597,-4.5455904,0
-63.535175,118.323524,0
-62.838036,118.31072,0
125.59847,99.33756,0
31.528969,20.62052,0
-142.35341,45.686394,0
-104.56417,52.786217,0
-59.392624,-36.465523,0
91.03327,-78.743004,0
112.08741,102.445145,0
111.931015,102.56005,0
44.31904,9.008808,0
12.8325815,43.801327,0
42.695633,4.5997763,0
-101.35334,81.4171,0
-99.90965,-27.23857,0
141.38159,-77.61441,0
46.13443,44.90567,0
46.478,45.323692,0
-16.37644,-26.900288,0
-11.944816,20.517675,0
-16.384243,-17.121643,0
84.941025,-108.87626,0
-120.01416,-18.973614,0
128.98569,-0.88863367,0
5.6327515,88.83015,0
10.034521,92.17105,0
-21.33715,-119.150314,0
-86.96039,50.07498,0
-20.0494,-130.87378,0
-10.434743,-185.77492,0
-150.53305,-58.20348,0
112.23281,-34.74455,0
22.419714,193.14983,0
20.894112,192.59016,0
1.5640984,-79.46831,0
-87.385544,8.397156,0
39.88635,-75.992195,0
12.906089,-149.08675,0
-157.01332,-23.303654,0
133.8821,-16.409473,0
-29.580936,165.85805,0
-29.850723,166.85933,0
39.356583,-6.185296,0
-23.75164,19.138803,0
38.453945,-6.64478,0
-84.76584,83.658104,0
-143.79985,-8.515203,0
145.29944,-63.709625,0
38.185886,61.26685,0
38.007637,61.526833,0
-42.35925,-105.61792,0
-54.05749,45.409195,0
-53.054398,-124.93213,0
16.280779,-186.50432,0
-129.95842,-57.06575,0
104.43723,-16.015705,0
32.00433,162.84944,0
29.484234,164.95984,0
-7.713217,-54.85199,0
-36.74197,32.795124,0
-7.5635214,-51.75899,0
61.59129,-136.76122,0
-118.927444,1.2312335,0
146.81981,21.659855,0
-21.226229,118.49394,0
-21.17134,119.30085,0
-38.5623,-18.991337,0
1.083692,48.52298,0
-121.148254,36.590298,0
47.986904,-177.6491,0
-83.29862,-29.37826,0
116.75127,-72.60014,0
61.792564,73.146614,0
61.817356,72.97962,0
-33.636936,-103.835655,0
-54.378513,42.64567,0
-51.148888,-122.93685,0
14.195783,-187.74005,0
-130.02261,-60.320942,0
105.24162,-14.943182,0
30.850584,163.41411,0
29.91307,163.61618,0
71.86442,-29.074759,0
-103.12695,-102.41404,1
77.867874,-33.565098,0
-50.528046,-161.91666,2
-125.666046,-100.52154,1
187.8575,6.9445367,0
-108.13371,114.705246,3
-104.23747,119.60916,3
-17.23551,-101.96715,0
-66.77407,35.312073,0
-38.11862,-135.47568,0
6.139693,-171.23866,0
-137.53226,-39.860184,0
122.46997,-14.790649,0
3.068794,170.46776,0
12.39204,177.92603,0
-48.263992,-86.73722,0
-51.67229,63.25221,0
-57.814945,-82.255325,0
57.702232,-169.33641,0
-153.89088,-69.273026,0
112.67312,-47.87208,0
30.234642,132.0153,0
31.028008,132.5104,0
-16.270853,-65.980255,0
-71.48698,67.50927,0
-21.135324,-71.43469,0
44.007618,-163.11307,0
-174.2483,-50.081512,0
128.50067,-49.14518,0
-1.466296,134.99232,0
-7.528407,132.55971,0
10.611949,-64.82172,0
-60.118664,1.9794942,0
43.251797,-54.581203,0
24.55615,-130.04713,0
-163.40889,-6.931225,0
146.69919,-19.93609,0
-41.802193,131.99239,0
-41.21993,132.27667,0
3.7709162,-30.417095,0
-25.842222,-1.6217238,0
-22.363579,-14.639451,0
71.79751,-109.733284,0
-134.84494,-0.49825132,0
147.2822,18.970135,0
-24.339895,82.56242,0
-25.530441,73.49523,0
43.287746,12.390803,0
11.206863,45.737545,0
-103.235374,85.07647,0
58.958447,17.357433,0
-70.32953,-23.207327,0
141.08522,-80.34693,0
48.483643,42.24869,0
48.105793,42.71782,0
11.568332,-26.387218,0
-28.153835,26.259161,0
13.168327,-24.513065,0
51.14692,-100.97064,0
-120.83778,17.559528,0
175.80707,16.024412,0
-43.49478,80.67398,0
-43.328865,82.39732,0
-4.60364,-69.69805,0
-58.46777,26.003132,0
-4.059627,-67.38366,0
57.700493,-146.14423,0
-151.49098,-10.290372,0
121.26859,-5.1435456,0
-26.521845,131.0749,0
-22.514608,142.48105,0
93.55841,63.797104,0
58.823547,0.09371524,0
-124.92921,75.710846,0
95.8812,62.958015,0
-55.188335,-21.229353,0
84.38002,-60.20135,0
97.76037,64.71481,0
97.63046,64.82842,0
-2.0188398,-42.099724,0
-27.630281,12.781481,0
6.3067236,-16.129753,0
56.25156,-125.47662,0
-128.3827,1.4796321,0
148.41115,3.8240533,0
-39.388542,99.69763,0
-39.080227,100.46839,0
114.126915,44.39731,0
57.319534,-12.722836,0
-126.425514,86.77211,0
127.326035,49.875816,0
-48.972836,-12.943961,0
71.7305,-52.388165,0
138.90794,58.344013,0
140.52592,56.601536,0
43.619514,11.807821,0
11.924818,45.47031,0
-103.059204,85.14605,0
59.407555,17.174042,0
-70.43538,-23.475855,0
141.47455,-79.99116,0
49.003754,42.280876,0
47.97468,42.813107,0
-68.55589,-89.19974,0
-33.84676,55.67602,0
-75.62111,-98.230644,0
77.80625,-157.53452,0
-100.04499,-45.69752,0
85.760056,9.006421,0
61.56708,121.495384,0
62.87904,122.94041,0
-45.5783,-56.69772,0
-14.008858,34.384293,0
-46.06967,-48.526997,0
87.226036,-124.10692,0
-118.54551,-30.155155,0
113.35325,14.511899,0
24.522474,91.86321,0
23.789562,91.68274,0
49.502747,9.723061,0
12.071961,48.981716,0
50.359676,8.825199,0
-104.907585,80.66573,0
-97.866745,-25.234343,0
137.8908,-77.43308,0
43.904095,36.83272,0
44.17756,37.11378,0
3.8322475,-83.75351,0
-90.464676,7.4617887,0
41.37486,-80.23079,0
9.77982,-152.90953,0
-156.24713,-27.441254,0
132.93213,-22.004522,0
-31.963507,170.93929,0
-31.971972,174.14174,0
89.33835,92.03462,0
27.540808,30.566374,0
-136.5736,42.338913,0
-105.078026,24.004026,0
-68.918434,-38.25501,0
103.105804,-84.59211,0
83.434135,96.68916,0
83.27502,96.60274,0
23.497526,-45.73133,0
-44.1829,19.4097,0
40.812218,-23.049334,0
47.643364,-125.46627,0
-143.65561,1.7816045,0
150.9044,6.235256,0
-57.366043,106.123055,0
-62.560062,102.80827,0
-36.046093,-74.540405,0
-38.182518,43.20025,0
-37.683174,-74.25562,0
34.40666,-106.71752,0
-131.01784,-41.626373,0
96.401344,3.1828606,0
17.565052,121.11148,0
18.2074,120.748955,0
1.991784,-39.26012,0
-26.267601,10.6116,0
15.625112,-15.418215,0
59.235023,-123.30245,0
-125.955414,3.4474316,0
157.5508,21.613018,0
-23.034988,79.34189,0
-24.002674,79.52219,0
-28.0662,-100.97544,0
-56.202515,36.16491,0
-36.34079,-120.38944,0
9.356247,-184.21573,0
-128.82681,-45.67785,0
118.06409,-7.5892773,0
13.63068,164.18692,0
13.234055,163.91685,0
-35.880367,-61.041695,0
-56.99885,66.54089,0
-36.73984,-61.788578,0
61.592113,-162.0333,0
-164.90137,-68.296196,0
115.29525,-53.646217,0
12.184943,120.805786,0
13.143559,120.71712,0
2.95175,-82.45341,0
-87.48954,7.256069,0
42.174778,-76.78865,0
10.901247,-148.52307,0
-156.99203,-24.858267,0
133.69704,-20.61022,0
-30.24363,167.84633,0
-30.465027,169.13129,0
25.618698,-46.507427,0
-42.513332,20.454021,0
41.009907,-20.793678,0
48.618393,-138.23642,0
-140.99197,-0.40936682,0
156.99893,10.863932,0
-71.784744,102.02852,0
-28.17127,94.66783,0
-8.593362,-29.558985,0
-18.102299,-1.0663059,0
13.013246,-11.019904,0
67.21181,-115.299545,0
-135.60938,-12.049855,0
135.81247,1.7674459,0
-25.73964,103.29743,0
-25.613548,102.83829,0
116.45689,44.993732,0
60.72228,-11.861593,0
-123.94146,86.391525,0
129.2267,50.383904,0
-50.157547,-11.524328,0
72.606964,-54.26508,0
136.27452,55.514153,0
137.64793,54.1865,0
-19.77764,-41.367535,0
-20.551754,27.733078,0
-9.118537,-14.177868,0
73.51349,-131.38902,0
-127.39085,-23.955448,0
122.53708,8.562717,0
-3.428633,104.210686,0
5.343373,103.111435,0
-49.82153,-75.17534,0
-18.087137,49.39963,0
-58.579967,-70.37349,0
102.72618,-115.83269,0
-116.386185,-42.452446,0
101.9364,5.420426,0
40.118164,116.73514,0
40.193977,116.33937,0
-40.635757,-100.43861,0
-54.437496,49.77496,0
-55.793053,-123.03278,0
20.998114,-183.67996,0
-128.72934,-65.13654,0
97.69438,-16.902464,0
34.08014,154.04446,0
35.17493,153.81116,0
-64.36734,-55.287445,0
4.4359403,31.951248,0
-72.81543,-63.21567,0
99.83357,-137.76965,0
-147.37297,-78.73084,0
106.69345,25.460203,0
45.548527,90.309235,0
44.709618,91.17985,0
-14.439236,-32.16192,0
-13.14423,12.175225,0
-2.846079,-5.8311515,0
73.38953,-120.04448,0
-120.358864,-8.18122,0
137.39851,16.405756,0
-8.4093,85.121346,0
-8.510973,83.553535,0
77.621826,81.3359,0
24.360983,25.45582,0
-128.45033,38.046177,0
-112.16304,37.021465,0
-78.61551,-39.258934,0
113.266266,-80.559425,0
74.592926,81.53882,0
74.653046,81.45258,0
-4.824884,-30.166115,0
-19.871525,1.0424596,0
14.92568,-7.900847,0
64.363075,-114.05758,0
-134.14178,-9.96379,0
134.5107,6.020533,0
-25.39263,99.42885,0
-26.668682,100.225136,0
14.762604,-52.31922,0
-45.98068,5.4151683,0
39.05008,-35.16404,0
36.481087,-127.7058,0
-151.92644,2.8098364,0
158.18689,-1.1716954,0
-60.421417,115.80529,0
-59.75291,115.855225,0
96.84246,90.57952,0
30.996191,32.596752,0
-133.89839,50.269424,0
-107.86239,48.33094,0
-68.431366,-34.29676,0
100.799446,-83.26413,0
90.32573,107.1709,0
89.90181,107.883965,0
69.51522,-24.631834,0
-101.89499,-97.10426,1
71.63759,-36.891235,0
-45.246075,-165.02225,2
-128.99207,-107.394646,1
194.7002,4.935936,0
-112.06893,110.5228,3
-114.250465,109.24267,3
3.0861297,-39.106667,0
-28.425446,8.782511,0
17.281485,-15.579235,0
58.295036,-110.13453,0
-140.46005,-6.092702,0
143.57616,-0.0728072,0
-32.888325,102.63274,0
-30.524767,76.49419,0
-33.195694,-89.184204,0
-43.312344,38.564613,0
-64.60481,-128.7489,0
-5.130545,-155.49371,0
-121.96066,-51.781204,0
91.728065,-6.7649007,0
55.033875,146.24251,0
51.56189,143.83867,0
3.0795963,-56.332546,0
-43.705727,31.11872,0
-1.7331121,-55.377556,0
42.39481,-143.31085,0
-158.81682,-11.192816,0
140.06558,-41.239235,0
-31.722473,131.32085,0
-33.36477,123.99997,0
127.81474,98.28142,0
32.65067,18.303993,0
-144.00151,58.89992,0
-104.534004,58.584045,0
-56.80135,-38.43106,0
88.326965,-79.91574,0
117.31215,99.06057,0
117.589,98.30118,0
11.412862,-26.732553,0
-28.212934,26.367973,0
13.661925,-24.372208,0
51.47557,-100.93578,0
-121.173874,17.307741,0
175.84674,16.361044,0
-43.455635,81.12419,0
-43.265205,81.40211,0
18.238596,-83.933014,0
-72.94442,20.305857,0
55.844704,-67.55124,0
29.14264,-150.3204,0
-175.76141,-17.0646,0
147.34027,-26.61803,0
-52.919796,159.35242,0
-53.091877,162.07352,0
-1.6829686,-26.366997,0
-18.010382,6.3897557,0
11.53563,-0.5820848,0
65.0587,-119.60347,0
-129.43213,-7.243878,0
171.79013,0.90149134,0
-18.660028,98.128716,0
-18.73691,97.56634,0
18.879248,-60.1334,0
-48.197533,-0.10850596,0
44.553635,-33.483097,0
37.66798,-120.070076,0
-131.5539,2.897596,0
172.94202,1.9874097,0
-46.78559,99.27907,0
-46.439533,99.09813,0
-47.573536,-86.94116,0
-52.371883,63.56492,0
-59.548374,-82.31814,0
57.678696,-168.6439,0
-114.33957,-54.070854,0
112.733376,-49.005314,0
29.92929,131.04074,0
30.46573,130.93158,0
-52.480663,-58.894653,0
-8.353223,34.980057,0
-51.739258,-50.223503,0
90.90891,-128.12637,0
-124.11394,-30.45264,0
118.316055,12.331631,0
32.879593,92.125175,0
20.634674,92.24982,0
-7.7719746,-83.8933,0
-87.14298,28.399239,0
29.57165,-87.44538,0
38.57083,-156.35832,0
-163.9048,-13.135055,0
137.17915,-39.9132,0
-15.145421,141.08087,0
-15.381579,140.97021,0
-23.0279,-87.58128,0
-79.73652,60.900948,0
-21.425303,-87.26034,0
33.23026,-170.46494,0
-171.26901,-50.00967,0
125.92471,-44.416527,0
5.2831607,147.68709,0
4.6017203,147.1147,0
86.97163,81.600044,0
26.592365,41.479218,0
-134.11885,41.57631,0
-112.39505,34.409977,0
-77.23465,-33.84452,0
110.03771,-77.32308,0
68.649124,87.3093,0
68.23045,87.813965,0
85.22171,85.90231,0
24.189516,39.14845,0
-132.7804,51.429688,0
-112.548676,31.189217,0
-72.61334,-31.973581,0
107.486244,-83.826935,0
71.30796,95.61258,0
70.81195,95.79201,0
-65.339836,-88.33437,0
-36.57242,58.170982,0
-73.92789,-102.339355,0
77.48108,-161.27277,0
-99.790184,-49.683895,0
88.135254,5.562322,0
56.129566,126.33675,0
55.90711,126.54999,0
-68.44034,-87.01443,0
-33.30105,58.2558,0
-76.79963,-100.40861,0
80.97314,-159.08975,0
-97.319954,-48.010796,0
87.29056,11.983861,0
57.279472,122.56883,0
58.244087,121.427635,0
-62.443924,-57.813328,0
-0.9718979,36.42969,0
-71.23348,-67.08022,0
99.75913,-135.41231,0
-149.44226,-73.14783,0
109.98943,22.955212,0
41.83826,88.56739,0
41.33925,88.71834,0
-30.760715,-31.700836,0
-7.271894,28.739546,0
-32.95146,-27.614378,0
81.25568,-119.71119,0
-120.53103,-23.367704,0
118.18182,17.619516,0
13.441079,89.50632,0
13.085464,90.11302,0
-49.190083,-75.46456,0
-16.98131,49.02995,0
-58.473347,-71.82198,0
102.59685,-116.79432,0
-116.30983,-43.29104,0
102.91762,4.1587586,0
37.11525,116.4835,0
38.315666,115.96681,0
-7.537633,-30.906801,0
-15.488948,0.09063399,0
9.074654,-6.167246,0
67.62616,-113.04596,0
-127.20617,-6.0658326,0
137.46556,8.10172,0
-20.925587,95.00441,0
-20.6857,95.41136,0
-79.52822,-117.158615,0
-1.4845037,61.39689,0
-72.33376,-128.33157,0
-10.219137,-152.08846,0
-105.272026,-66.43212,0
84.4821,-8.676706,0
63.591312,148.26308,0
62.940556,147.5,0
1.8506031,-55.27595,0
-43.102592,29.522644,0
-0.4214251,-55.074036,0
54.77277,-133.16162,0
-141.80392,-13.936492,0
161.62251,-7.1223717,0
-35.324306,111.89822,0
-34.77177,112.636024,0
7.1666,-49.469933,0
-50.521656,22.248768,0
52.233055,-56.310604,0
49.1783,-131.8676,0
-147.92921,-7.1504498,0
140.65208,-15.455761,0
-46.25351,110.59747,0
-61.169964,142.57066,0
-46.88612,-58.36715,0
-12.457108,35.454697,0
-47.682583,-48.518673,0
88.4445,-125.726166,0
-120.82036,-30.345455,0
114.42203,13.176904,0
26.92716,93.17782,0
27.572575,93.60802,0
-11.913067,-41.591305,0
-17.726608,18.539085,0
-6.3464866,-13.078043,0
68.12271,-131.52644,0
-131.81424,-16.314322,0
128.43092,3.8598568,0
-5.191931,106.82137,0
-5.4671288,107.66823,0
-39.731865,-105.65719,0
-52.3951,45.549454,0
-51.750153,-127.08422,0
17.622345,-187.59534,0
-132.50647,-58.738888,0
100.77465,-17.139174,0
35.836884,162.74174,0
38.15325,163.31311,0
17.305035,-91.20743,0
-74.87466,16.807209,0
55.98574,-74.05546,0
24.927223,-145.41534,0
-176.00452,-24.230352,0
144.2936,-22.125793,0
-47.008816,152.71602,0
-47.2389,152.7266,0
44.12783,6.2347393,0
9.121163,43.495274,0
44.55216,2.918259,0
-96.23532,82.425575,0
-102.22086,-25.73026,0
143.36818,-73.19553,0
42.781548,49.739563,0
42.825047,49.975082,0
-40.268208,-97.09486,0
-53.796227,53.60809,0
-52.538,-116.57208,0
24.31005,-182.2135,0
-126.18548,-68.85061,0
93.329346,-20.199713,0
29.802914,152.00887,0
29.845854,151.6785,0
-22.650042,-117.65157,0
-87.13828,47.2711,0
-22.808151,-132.93724,0
-7.540062,-186.92159,0
-148.19945,-59.93631,0
110.462204,-31.963575,0
22.126314,190.0071,0
22.164576,189.91652,0
0.24937916,-69.4021,0
-74.070114,2.4233675,0
35.584187,-58.08415,0
60.592686,-144.35811,0
-150.86424,-19.111624,0
135.94832,-11.601037,0
-32.18465,140.30902,0
-31.115763,137.86526,0
23.241053,-52.90754,0
-48.55197,9.98234,0
44.953964,-32.104454,0
39.08045,-126.879005,0
-149.62532,7.221785,0
158.16826,2.6276906,0
-66.127396,115.850296,0
-69.19128,117.527466,0
70.75447,-25.84815,0
-103.32718,-96.795906,1
69.352646,-35.55565,0
-46.472954,-163.0866,2
-126.57432,-102.567635,1
195.8659,5.022291,0
-110.924515,113.441444,3
-113.13533,113.85864,3
-17.357748,-28.734377,0
-9.399906,15.5002985,0
-24.988604,-15.77911,0
75.1284,-116.0775,0
-109.73738,-15.307606,0
130.34943,22.936235,0
-2.2717903,87.0998,0
-1.464164,87.63073,0
20.94657,-81.00701,0
-69.17558,20.308424,0
56.418438,-64.23296,0
32.068207,-149.39688,0
-182.03174,-15.830218,0
149.63536,-30.260712,0
-60.04415,157.65782,0
-62.409016,159.77266,0
72.26898,-23.464432,0
-100.8621,-99.6196,1
73.98525,-37.341988,0
-47.52841,-166.32625,2
-127.18025,-106.296,1
194.80714,9.584542,0
-107.16939,110.20272,3
-107.01802,108.97309,3
9.390944,-57.15529,0
-53.877018,3.2954834,0
39.05179,-53.865677,0
29.590744,-124.6541,0
-150.89595,-3.4064474,0
157.56117,-7.7615294,0
-36.82647,123.25899,0
-36.82047,124.68617,0
46.9668,8.489258,0
13.088633,44.89168,0
48.258038,5.6356463,0
-102.03716,81.06605,0
-99.87629,-25.599688,0
140.31827,-76.25424,0
43.635952,41.962917,0
42.121197,42.50862,0
124.48164,75.32908,0
68.1334,8.000029,0
-120.71381,62.22399,0
-106.60781,68.5369,0
-55.42371,-27.592178,0
88.233055,-67.975586,0
117.258125,73.73516,0
117.207565,73.78013,0
-81.77549,-115.431145,0
1.1626449,58.411667,0
-73.47345,-126.13951,0
-13.024373,-150.95926,0
-102.4856,-65.040886,0
83.684326,-6.145733,0
66.394585,149.17334,0
70.42784,150.21089,0
-70.38555,-89.632324,0
-31.642462,54.189762,0
-76.76329,-94.567474,0
79.98103,-156.58612,0
-98.14445,-45.653694,0
87.1636,10.888489,0
61.041397,118.62748,0
65.04077,116.70311,0
-0.578418,-29.307817,0
-24.117668,4.2602773,0
22.176668,-6.8965755,0
59.987072,-118.595695,0
-131.82864,-0.7037702,0
149.22693,14.2718,0
-28.32808,91.8694,0
-28.208727,91.92465,0
21.482965,-77.91138,0
-66.954315,18.547482,0
58.00873,-64.96592,0
34.520695,-146.66621,0
-179.47504,-11.57235,0
149.82874,-25.115776,0
-63.62505,155.02673,0
-64.61048,155.23271,0
69.56964,20.374289,0
13.778684,17.09557,0
70.54805,19.880278,0
71.132996,-84.22959,0
-87.747604,-9.833321,0
174.57234,-35.31234,0
56.981426,59.836864,0
57.65952,60.09845,0
114.122536,45.48146,0
57.34334,-12.487203,0
-126.038864,86.0199,0
127.62258,50.81413,0
-48.704594,-13.33657,0
71.90175,-51.78477,0
138.96848,59.803104,0
141.37213,56.41358,0
-10.881872,-108.823364,0
-77.43408,38.122444,0
1.5174834,-118.25152,0
-5.4726768,-171.43549,0
-149.31561,-41.402275,0
147.80904,-44.361942,0
-4.029753,186.23,0
-2.6412656,184.66165,0
126.60855,76.79158,0
70.65052,7.262089,0
-124.91736,63.880283,0
-105.09173,65.607544,0
-52.864468,-29.703117,0
84.886215,-68.17878,0
110.95469,76.72232,0
110.97401,77.5045,0
-73.94082,-84.08062,0
-29.156137,57.34011,0
-82.28439,-93.452644,0
82.66374,-157.30537,0
-95.02554,-43.926445,0
91.990105,14.103034,0
57.137737,115.738335,0
56.714348,113.752495,0
0.19293818,-87.85754,0
-86.565315,18.284771,0
40.13569,-81.441536,0
19.613277,-158.35777,0
-165.52109,-33.293762,0
137.86778,-26.518736,0
-20.854372,160.49043,0
-21.122862,159.51402,0
2.4453595,-55.041313,0
-43.06002,29.462837,0
-0.39464748,-55.40138,0
54.13544,-133.17108,0
-141.64354,-14.195964,0
160.86389,-7.057444,0
-35.74113,112.11959,0
-35.72015,112.68759,0
-41.194424,-60.82049,0
-14.358937,40.833572,0
-38.423386,-60.316223,0
61.871334,-160.51013,0
-162.8637,-68.176544,0
116.06548,-51.593216,0
21.597967,99.70019,0
21.298668,99.24404,0
-20.146097,-83.66293,0
-76.211464,69.74006,0
-18.510107,-77.32584,0
38.814987,-163.57896,0
-177.52174,-48.775127,0
127.84491,-44.707367,0
-2.9442291,141.33658,0
-3.1624358,142.6781,0
-80.27214,-119.69495,0
0.4506461,62.976826,0
-75.76791,-130.07593,0
-8.866927,-149.37633,0
-106.10319,-64.044,0
86.831535,-8.252105,0
65.61495,144.95247,0
65.98619,144.2222,0
-36.80338,-107.00558,0
-53.57285,44.99603,0
-51.818874,-128.19856,0
15.897629,-186.34207,0
-133.08255,-57.685314,0
107.01357,-17.305294,0
32.61756,164.39725,0
38.07524,164.9344,0
-13.302697,-90.3506,0
-81.77747,26.368025,0
-23.805271,-51.725708,0
27.641176,-165.26286,0
-111.25502,-52.45619,0
125.6467,-18.874235,0
3.451035,111.813896,0
3.6186562,112.328354,0
96.56966,53.80115,0
61.12642,2.8103,0
-122.46467,80.523285,0
97.91382,54.610043,0
-57.637527,-20.1749,0
82.21169,-58.09344,0
99.56436,54.650936,0
99.56045,54.523273,0
-13.794136,-112.32722,0
-82.37909,41.629185,0
-2.2835407,-124.760216,0
-7.2060113,-178.05194,0
-150.65875,-46.023052,0
143.98233,-42.57374,0
4.0555477,192.29443,0
4.6083145,192.89037,0
-48.774338,-80.40739,0
-12.946151,50.994404,0
-60.44698,-75.029655,0
102.374275,-121.37356,0
-113.93489,-47.133366,0
108.56634,2.152447,0
36.196,122.99323,0
36.367516,120.71885,0
16.892553,-35.46367,0
-36.764835,23.691128,0
25.674694,-23.47725,0
43.200962,-106.92554,0
-129.49347,18.438446,0
166.21468,20.715378,0
-55.149418,89.42583,0
-55.721504,89.24868,0
-0.81729233,-72.52691,0
-75.57492,-1.1400517,0
33.57718,-63.49733,0
64.37922,-147.02435,0
-107.816376,-0.9536872,0
130.87866,-8.14977,0
-27.542004,140.09282,0
-28.03702,140.03883,0
13.674515,-64.716835,0
-59.48875,-2.6181197,0
44.25932,-47.86236,0
21.032927,-121.33446,0
-159.83072,0.20162316,0
145.95436,-9.428892,0
-44.811695,129.44707,0
-50.93362,125.28399,0
-24.199638,-119.554474,0
-89.36882,49.552116,0
-34.968124,-129.56367,0
-9.180908,-186.2428,0
-148.80627,-55.81093,0
109.30491,-26.61837,0
25.38347,190.4368,0
23.974045,179.72781,0
84.92925,82.00196,0
25.835133,39.203552,0
-131.91968,39.303047,0
-111.066574,36.20799,0
-77.57215,-36.71416,0
111.52465,-78.846825,0
71.29473,84.20864,0
70.43128,83.8621,0
28.603075,-41.83802,0
-41.26446,26.002941,0
42.495106,-16.864325,0
50.799454,-140.53638,0
-138.05089,-22.2537,0
122.161476,-2.5350113,0
-79.293465,98.843864,0
-79.94768,98.18872,0
-83.51254,-120.23915,0
3.6278741,62.52667,0
-77.953804,-129.45561,0
-9.052873,-147.10052,0
-105.89451,-61.30846,0
86.23018,-3.03586,0
69.52655,144.35347,0
70.640785,144.50778,0
-15.949217,-84.67127,0
-79.648,68.39775,0
-12.261985,-77.66913,0
33.9659,-165.45079,0
-175.67033,-45.260315,0
126.61341,-40.475365,0
-3.8824956,148.76126,0
-5.701168,147.73717,0
3.664465,-40.074226,0
-29.197512,8.993958,0
16.34789,-15.546986,0
59.429028,-107.64811,0
-142.50671,-5.3478193,0
144.44211,0.58170617,0
-33.211994,103.04369,0
-32.168808,77.18969,0
-18.990837,-109.42031,0
-80.78106,45.39344,0
-27.11588,-131.95432,0
-4.4360056,-179.75015,0
-150.30011,-51.06557,0
119.44952,-23.65259,0
8.036084,178.13918,0
8.092063,153.77802,0
-58.100613,-93.40576,0
-41.581257,57.238747,0
-57.310783,-122.714966,0
33.55251,-187.15816,0
-101.52602,-50.867985,0
88.27859,-17.563143,0
49.525208,135.08421,0
49.58443,135.16493,0
98.94414,90.52941,0
32.76907,32.49727,0
-133.69478,45.940105,0
-105.72747,46.836403,0
-70.15086,-36.986103,0
101.41885,-80.17297,0
94.19268,109.16333,0
94.26927,108.93887,0
7.2330403,-36.90561,0
-32.51786,3.0340738,0
23.969776,-17.276468,0
53.088486,-111.95731,0
-136.28773,6.279535,0
155.53062,16.83028,0
-33.9919,81.87279,0
-33.47521,81.348145,0
-25.775215,-38.14031,0
-18.630133,29.213104,0
-29.575224,-23.469297,0
75.479355,-138.49045,0
-125.02679,-23.923489,0
123.02135,11.177506,0
6.1050143,100.10862,0
33.116344,106.67604,0
-3.9014606,-37.335533,0
-25.561378,11.243952,0
8.269209,-15.093812,0
55.37831,-108.86814,0
-121.40062,3.812329,0
144.12556,10.798531,0
-22.68325,76.863075,0
-23.59469,76.41835,0
14.205986,-62.428738,0
-58.25394,-4.710602,0
45.098713,-46.769535,0
21.403933,-119.63488,0
-160.8843,1.5062006,0
159.87843,17.753946,0
-47.6835,127.92138,0
-48.59292,126.63266,0
100.85845,93.77314,0
31.927954,27.749704,0
-141.21234,43.8655,0
-103.9072,49.539238,0
-68.57364,-40.632034,0
98.89068,-79.08229,0
100.996155,105.5737,0
100.58939,105.31021,0
-28.418764,-30.341528,0
-10.977186,28.039028,0
-34.493973,-23.199286,0
83.98888,-117.77575,0
-115.23898,-25.966711,0
119.48884,21.961838,0
17.282946,85.748405,0
18.030008,84.450134,0
15.570279,-70.56732,0
-69.30695,1.1874238,0
53.57486,-49.075558,0
20.43212,-140.26561,0
-153.6218,-18.46242,0
140.75197,-16.916458,0
-36.037384,147.49959,0
-48.558907,134.70161,0
5.2894297,-70.72732,0
-70.4865,8.397939,0
44.2338,-67.23641,0
27.241753,-137.35379,0
-160.81996,-19.997686,0
150.9882,-15.962283,0
-40.53655,146.40425,0
-60.761776,128.66231,0
25.653534,-53.36727,0
-54.545128,13.477942,0
52.03758,-35.220123,0
41.333652,-133.10008,0
-154.53345,12.382435,0
171.99438,-10.55108,0
-70.50557,121.257835,0
-70.65499,121.42969,0
78.99986,63.65366,0
57.754784,-6.3145556,0
-126.63082,68.53476,0
-119.64517,81.44392,0
-48.09926,-24.164314,0
86.75458,-59.110653,0
81.50569,68.60992,0
81.456345,68.28136,0
-4.2444086,-106.74445,0
-81.53753,33.461716,0
7.551237,-108.79339,0
-7.4099655,-165.19858,0
-147.42445,-34.641865,0
156.80446,-39.768833,0
-12.610244,186.96544,0
-12.978174,187.27171,0
17.01615,-41.39054,0
-38.40325,13.270755,0
31.586702,-23.515387,0
42.792458,-116.39784,0
-136.8352,11.792597,0
162.08475,13.585435,0
-61.09788,92.34659,0
-61.792183,93.48169,0
-10.8423,-32.832882,0
-14.276738,10.244276,0
-0.40298915,-7.1829605,0
69.73992,-119.134705,0
-122.78926,-8.248532,0
138.53949,14.991263,0
-11.390752,85.72043,0
-11.628871,85.327034,0
-58.036755,-99.98701,0
-52.27816,57.061882,0
-60.00045,-101.29716,0
19.110943,-172.32787,0
-91.75941,-49.981365,0
104.37742,-11.992403,0
28.911171,154.53285,0
49.112637,116.105606,0
-6.022419,-104.93888,0
-59.976322,34.891834,0
-1.9005846,-59.053104,0
-4.486343,-165.65005,0
-143.14249,-43.75074,0
153.54741,-39.422405,0
11.737657,167.337,0
-16.545303,180.51668,0
67.95533,38.10614,0
22.923342,20.83976,0
68.018135,37.7615,0
74.16871,49.23019,0
-77.75067,-14.61,0
91.38382,-47.449806,0
66.71788,43.96807,0
66.57355,44.049988,0
29.15026,-3.1812541,0
5.699628,11.64226,0
29.259418,-1.6037409,0
66.229744,-93.67131,0
-97.982185,-7.575396,0
168.2505,-28.816404,0
-52.756744,147.59993,0
-53.159813,147.53145,0
-51.768475,-60.21706,0
-8.76412,35.716564,0
-51.97616,-49.909492,0
91.912315,-128.1677,0
-123.16053,-30.497143,0
115.38035,10.884481,0
32.278286,93.414635,0
31.582542,96.56957,0
-4.6101403,-71.539986,0
-78.30257,-1.4017752,0
31.763138,-68.60072,0
61.786926,-147.77498,0
-109.35477,-47.327705,0
112.01928,1.9590279,0
-24.229748,141.69907,0
-23.533516,141.83685,0
-46.816635,-74.56982,0
-16.41691,46.796455,0
-54.88826,-69.81664,0
100.71181,-115.69212,0
-118.515686,-44.259014,0
104.78858,5.6265364,0
34.086357,114.54582,0
34.507156,112.49782,0
-31.984112,-69.485146,0
-63.838882,67.55259,0
-30.253716,-69.53266,0
53.842903,-163.58356,0
-167.20747,-62.93452,0
122.494,-52.95929,0
-0.73307425,127.22634,0
-0.9773619,128.07881,0
81.49556,63.68737,0
26.3612,20.806637,0
-119.4637,67.50137,0
82.816315,64.024315,0
-49.03847,-22.573149,0
90.86793,-63.424232,0
81.90282,65.54488,0
81.85806,65.54875,0
-19.812918,-26.696194,0
-6.500889,16.722055,0
-24.375254,-16.587755,0
80.78842,-109.25771,0
-111.2999,-14.059071,0
127.46122,21.132938,0
4.25124,82.80147,0
6.7301126,81.28534,0
2.2213585,-35.2063,0
-27.694553,1.50113,0
19.190311,-12.672095,0
58.152046,-112.99842,0
-135.02734,-2.2121863,0
150.09335,16.419455,0
-28.939304,81.44197,0
-29.367924,82.04577,0
-17.393732,-25.068432,0
-6.759322,15.1698675,0
-17.671234,-18.10754,0
82.783226,-107.80987,0
-112.65038,-13.61171,0
127.560684,19.710825,0
2.6229973,86.153984,0
2.76047,87.07856,0
5.482596,-47.406788,0
-50.372005,24.205433,0
32.62696,-32.81932,0
51.678707,-129.69955,0
-147.88486,-10.192712,0
145.00462,-3.7579203,0
-44.29005,110.09489,0
-44.00496,111.88976,0
-71.456856,-89.94062,0
-31.105368,53.47866,0
-76.16455,-94.69992,0
79.44851,-154.39886,0
-98.40133,-42.198666,0
91.77157,10.827073,0
62.85842,117.45787,0
64.7813,115.93946,0
-70.141396,-89.31412,0
-32.502876,54.50216,0
-75.661385,-96.20792,0
78.675476,-156.2503,0
-99.00782,-44.818195,0
91.232056,10.340555,0
62.363148,118.30084,0
64.92271,118.001205,0
88.221565,85.2539,0
27.249193,39.43428,0
-134.08908,39.067013,0
-107.97658,26.505724,0
-76.329575,-35.924973,0
107.40729,-78.70768,0
75.97001,90.636566,0
75.155205,90.92232,0
-43.829895,-75.11014,0
-78.24441,32.970352,0
7.554775,-119.04973,0
-4.2142773,-162.65878,0
-123.10555,-45.87482,0
107.62306,6.494892,0
8.533086,157.20164,0
7.2032785,156.14557,0
-44.421333,-60.330296,0
-15.638001,38.78065,0
-47.24415,-52.72471,0
92.39596,-124.98349,0
-161.47586,-66.49783,0
108.88082,15.560867,0
24.984598,99.152466,0
24.655802,99.008316,0
-33.196003,-91.1567,0
-60.72195,53.973736,0
-47.95156,-116.562515,0
26.805958,-175.0741,0
-125.551926,-54.249165,0
124.89547,-25.37626,0
19.59638,149.17255,0
18.345089,151.14609,0
40.7675,-8.384704,0
-34.859493,23.77063,0
41.70272,-9.001835,0
-85.48165,83.5804,0
-128.07832,17.973038,0
147.3877,-64.2693,0
35.690342,62.649532,0
35.583946,62.758183,0
-74.625885,-82.73489,0
-27.85457,58.58618,0
-79.90759,-86.38034,0
83.62696,-158.83624,0
-94.905045,-47.492947,0
87.85691,13.230476,0
60.726105,112.96465,0
61.41528,113.41439,0
60.06789,37.679203,0
23.499462,25.512934,0
60.104763,37.240864,0
71.60547,48.15485,0
-79.45067,-17.2896,0
94.68476,-47.064877,0
60.397465,42.593983,0
60.26744,42.511997,0
66.870605,-26.808245,0
-103.84389,-93.70445,1
67.721634,-35.56542,0
-43.624218,-161.67146,2
-131.68399,-101.90242,1
193.92651,3.8580453,0
-115.19273,116.330315,3
-115.68315,115.34192,3
-28.693378,-115.34693,0
-89.34382,40.917385,0
-33.57662,-128.90349,0
-2.4470253,-187.05927,0
-140.74895,-55.76312,0
111.31642,-23.372047,0
26.855001,181.54099,0
27.433928,181.58058,0
-0.74297696,-94.73,0
-92.70002,17.241209,0
40.859756,-87.45728,0
17.262144,-160.91191,0
-165.0231,-38.303825,0
121.59087,-31.252281,0
-15.624621,165.6814,0
-15.0227785,165.44786,0
-30.363897,-88.76062,0
-75.97555,62.750896,0
-47.660015,-108.87245,0
35.04164,-175.83583,0
-175.4073,-54.14613,0
119.85418,-44.93546,0
16.098043,139.21442,0
15.72706,139.37648,0
85.79583,85.231735,0
24.870077,38.584892,0
-132.6022,51.05856,0
-112.516426,31.45468,0
-73.22076,-32.187634,0
108.02187,-82.70773,0
71.17485,94.38401,0
70.848495,94.847855,0
9.16772,-70.40635,0
-63.788788,8.079204,0
38.214577,-49.67984,0
26.375135,-131.56075,0
-154.93347,-12.635217,0
145.97218,-7.7799773,0
-38.320488,137.4012,0
-39.113968,137.50655,0
126.36646,79.59149,0
72.75888,5.664843,0
-140.00308,61.46322,0
-104.59508,63.511505,0
-56.99107,-32.11392,0
87.486626,-73.86525,0
121.582016,87.05252,0
121.82027,87.069046,0
-7.544079,-55.167927,0
-36.84489,32.946804,0
-8.472497,-51.828205,0
61.43538,-137.63493,0
-117.866806,1.8886405,0
178.38554,5.321779,0
-21.321568,118.53944,0
-22.00028,118.17466,0
-30.63327,-92.21387,0
-61.639168,54.27436,0
-47.069687,-115.01602,0
27.591303,-174.40044,0
-166.01744,-40.734676,0
101.811615,-31.38923,0
17.77341,149.05028,0
16.427912,148.80379,0
108.77736,45.446297,0
55.148792,-14.762291,0
-126.21337,74.09582,0
106.07738,44.69088,0
-55.26178,-15.420476,0
80.26825,-53.462837,0
106.78925,46.747047,0
106.92778,47.229103,0
6.259858,-85.98357,0
-89.96537,4.0829268,0
44.996143,-78.782196,0
7.6229324,-150.76161,0
-160.32225,-29.645704,0
135.09042,-25.475853,0
-37.13296,175.3606,0
-37.15506,176.39635,0
-36.333477,-102.81572,0
-56.285057,46.996628,0
-44.702168,-127.83709,0
17.96843,-184.47488,0
-130.59828,-62.598915,0
101.98567,-18.67483,0
30.865059,160.36713,0
28.205969,166.44034,0
17.42605,-33.669952,0
-36.61622,24.777422,0
24.77161,-24.26713,0
44.61344,-106.42668,0
-132.31802,15.986969,0
162.95645,25.711008,0
-55.972027,80.53168,0
-57.80232,80.36854,0
-9.443748,-116.49602,0
-75.93844,47.594612,0
-7.2612524,-119.09919,0
-14.260363,-173.27695,0
-156.72655,-46.677853,0
139.75636,-47.75494,0
4.102004,199.75046,0
3.7154474,199.20338,0
-8.265571,-43.72782,0
-23.127209,15.600535,0
5.450479,-9.73372,0
61.925705,-128.60054,0
-121.67469,0.7985704,0
174.40816,17.479073,0
-13.969026,98.38472,0
-14.214656,98.90975,0
-8.61982,-56.18073,0
-37.06031,34.335506,0
-7.985598,-48.684483,0
61.76138,-139.04535,0
-115.50628,2.02067,0
178.21248,6.2445397,0
-19.228998,119.684814,0
-18.592896,119.87213,0
73.6748,-25.45348,0
-102.760864,-101.08135,1
75.749054,-34.65907,0
-48.91292,-167.72858,2
-125.179535,-105.91241,1
194.63861,10.147484,0
-104.21934,112.84466,3
-103.93537,113.75107,3
27.389471,-52.58719,0
-52.077297,15.620582,0
48.364597,-27.199795,0
43.55222,-131.12135,0
-139.92953,9.074498,0
163.21475,3.7082458,0
-73.38212,120.068115,0
-74.354645,120.38782,0
-10.4696,-107.15841,0
-77.195435,36.812584,0
1.4966971,-117.172104,0
-4.706055,-169.87201,0
-148.21552,-40.332584,0
153.73595,-43.453293,0
-5.5103374,184.62724,0
-4.3013434,184.66107,0
65.767426,36.77285,0
22.522287,22.126589,0
65.82611,36.612003,0
73.16534,48.9262,0
-78.642075,-15.183177,0
92.68501,-47.630108,0
64.42508,44.688534,0
64.38274,44.667572,0
-37.546772,-90.4329,0
-78.459656,62.12951,0
-50.22571,-107.609184,0
30.24963,-176.0665,0
-172.53937,-52.730034,0
106.32762,-27.880829,0
17.390911,143.51782,0
32.933422,177.69267,0
-35.286953,-104.93722,0
-59.314316,47.29399,0
-47.452415,-123.67604,0
17.145899,-181.97188,0
-132.1671,-65.02773,0
110.26591,-19.125607,0
26.927599,159.36394,0
28.651913,160.62003,0
94.36312,60.745655,0
61.335144,-0.9199067,0
-125.07915,73.82306,0
96.3905,60.666683,0
-55.20509,-22.606764,0
84.401985,-61.073753,0
97.631546,62.06453,0
97.30983,62.409706,0
46.191223,19.201199,0
20.227081,49.806038,0
-117.02953,83.70622,0
52.697113,22.884142,0
-76.51554,-19.741282,0
131.11601,-81.21686,0
48.800938,24.520483,0
48.119446,24.839092,0
-4.2705793,-87.82682,0
-84.90335,21.958735,0
33.237846,-83.70514,0
24.6594,-155.78831,0
-170.676,-32.21041,0
136.64597,-30.909971,0
-14.326471,155.69461,0
-13.617933,156.16502,0
65.74594,35.509937,0
22.030521,21.949726,0
65.51933,35.34578,0
72.89268,49.409313,0
-78.922104,-14.871886,0
92.4419,-48.091743,0
63.822758,45.55747,0
63.665573,45.594105,0
-25.326874,-110.715324,0
-69.92477,43.11788,0
-33.56437,-133.78018,0
0.42372975,-178.04501,0
-141.28,-47.537045,0
114.037865,-22.696466,0
12.890699,181.5196,0
14.781064,181.6813,0
88.66921,85.87508,0
26.614594,38.984573,0
-133.94377,39.280254,0
-107.6372,26.158787,0
-76.06446,-36.693237,0
106.677574,-78.92344,0
76.68938,91.540924,0
76.19201,91.86934,0
-45.905506,-98.80868,0
-47.699505,50.121014,0
-57.573734,-119.68561,0
24.138943,-188.25247,0
-125.13279,-60.81223,0
99.84656,-11.648763,0
37.2357,148.08134,0
38.95717,151.12268,0
-62.488514,-56.484406,0
0.97823834,36.810505,0
-74.656166,-64.9494,0
98.66593,-135.3824,0
-149.22314,-71.53759,0
98.18792,4.98052,0
42.258175,91.96335,0
48.373623,92.34744,0
-46.81964,-81.430145,0
-11.584991,50.82805,0
-59.4996,-77.86538,0
103.1134,-124.54442,0
-120.47611,-48.34702,0
107.72071,1.1384367,0
35.232124,124.154526,0
34.495228,125.30452,0
-9.184876,-39.427982,0
-18.88694,10.931729,0
3.7365203,-10.219696,0
64.63781,-125.93639,0
-124.73553,-2.229714,0
139.03584,11.21586,0
-16.102024,93.68466,0
-17.240734,92.14981,0
18.152922,-53.319786,0
-50.86878,11.211563,0
46.857815,-35.65177,0
38.146748,-128.57597,0
-148.92717,1.9675236,0
153.56845,-2.715977,0
-59.749996,114.28283,0
-64.38296,126.33279,0
4.528958,-38.413548,0
-32.222202,6.264207,0
20.917055,-15.9404955,0
53.449333,-110.03085,0
-137.66289,5.2261667,0
158.18495,20.592329,0
-35.933945,79.85846,0
-36.723446,79.14,0
-11.842954,-28.609474,0
-10.910665,7.7351074,0
3.8360715,-1.2984324,0
71.766785,-120.644165,0
-122.17746,-12.994655,0
133.10052,13.273355,0
-6.443425,90.10054,0
-10.256073,89.842834,0
-25.042074,-109.92247,0
-69.77324,43.41178,0
-33.35149,-134.33992,0
0.8203953,-178.46915,0
-141.26167,-48.78062,0
114.107315,-22.46955,0
12.7541685,182.5454,0
13.410763,182.377,0
-2.9379911,-44.889225,0
-19.825214,5.979911,0
6.959941,-8.646454,0
64.833466,-120.192986,0
-136.78627,-8.834838,0
139.91092,3.2079678,0
-21.553148,96.973335,0
-17.816425,96.989174,0
45.170895,16.049246,0
17.884424,48.38866,0
-108.05736,81.47998,0
56.4924,20.470968,0
-73.51111,-21.579508,0
135.71436,-80.78211,0
48.08658,32.63814,0
47.44054,33.49309,0
26.399195,-57.11395,0
-57.72321,14.305854,0
49.765377,-32.314247,0
38.85875,-136.20706,0
-166.03857,-9.670098,0
166.71516,-10.384693,0
-73.5493,127.16392,0
-72.415565,127.98945,0
-44.0164,-101.44422,0
-49.650776,48.081734,0
-56.175255,-120.59151,0
21.093689,-187.1581,0
-125.58441,-62.120754,0
100.92706,-12.384057,0
34.601524,158.18362,0
39.245033,149.89233,0
6.1483355,-55.239113,0
2.2131102,12.686352,0
32.980507,-40.22613,0
67.49562,-97.3071,0
-150.18404,-5.9772444,0
156.82178,-10.924929,0
-38.012276,116.57221,0
-37.788185,117.101494,0
15.214125,-66.90358,0
-61.41489,-0.72171915,0
49.459248,-43.144337,0
20.535643,-124.43842,0
-164.72891,-2.1701772,0
148.34763,11.497272,0
-45.897865,133.24284,0
-58.289326,133.21014,0
96.91838,90.37694,0
30.710257,32.049942,0
-134.01152,50.3505,0
-107.95105,48.315247,0
-68.267715,-34.41152,0
100.69678,-83.05851,0
89.9882,107.25736,0
89.96458,107.86274,0
27.771523,-57.1693,0
-59.07066,13.969782,0
53.672054,-32.86156,0
37.847878,-138.05623,0
-168.93456,-11.952384,0
168.35895,-14.838279,0
-73.47804,129.58363,0
-71.81387,127.51516,0
70.37913,-27.787407,0
-104.08238,-97.71376,1
72.86393,-34.084152,0
-48.02882,-162.45554,2
-125.992584,-101.96245,1
196.90161,6.4109974,0
-109.627266,113.60873,3
-109.64262,112.93124,3
4.2280264,-34.80679,0
-29.344885,4.5358005,0
22.028728,-11.3465395,0
57.12295,-116.64032,0
-135.15775,1.2770331,0
148.6165,17.51608,0
-30.926832,87.14567,0
-31.45262,86.19695,0
6.7445393,-61.519657,0
-55.020645,3.5091155,0
39.55221,-53.223866,0
28.195572,-124.83981,0
-154.83691,-8.570733,0
148.63287,-6.9598026,0
-36.571487,124.069435,0
-37.14652,124.0087,0
4.4649224,-83.19347,0
-86.78583,5.7098794,0
42.184944,-78.39149,0
9.235368,-147.14964,0
-152.7889,-25.956272,0
137.30345,-16.046242,0
-28.161179,169.78183,0
-26.819683,170.49048,0
-22.42612,-25.460396,0
-5.202905,19.905512,0
-24.254436,-18.168135,0
77.530266,-108.769295,0
-106.25263,-18.626173,0
129.11702,26.653412,0
4.3713937,77.66418,0
2.110224,75.39889,0
-69.406105,-89.841805,0
-32.669815,54.581123,0
-76.03011,-96.128395,0
79.63318,-156.38571,0
-99.47405,-44.586933,0
90.685486,9.1841,0
61.73967,118.22112,0
63.35061,121.719,0
16.328287,-77.854614,0
-69.62981,14.905622,0
50.222767,-61.074215,0
30.328127,-144.19823,0
-178.32018,-18.045889,0
150.77065,-20.315136,0
-54.679935,150.38847,0
-57.319633,155.13449,0
10.410455,-88.11661,0
-81.08753,14.076479,0
45.186714,-73.34519,0
21.727833,-153.14209,0
-166.6289,-23.10515,0
138.93338,-27.75842,0
-37.731983,159.21368,0
-37.13015,159.13611,0
-40.62403,-18.68996,0
0.21985696,50.293034,0
-122.441795,36.079445,0
8.02856,-193.46643,0
-83.01886,-30.189844,0
115.72109,-73.0988,0
63.060814,74.663315,0
62.955307,74.50776,0
88.97642,33.906944,0
66.87523,-9.263896,0
89.577675,32.952675,0
81.27559,51.459167,0
-66.070404,-14.513656,0
85.05182,-46.06201,0
81.672264,41.593884,0
81.53877,41.72761,0
-1.8750839,-94.42877,0
-91.98224,19.015362,0
39.34192,-87.68453,0
20.328995,-161.39896,0
-167.41621,-38.924107,0
127.02624,-31.835417,0
-13.512074,162.09836,0
-13.45503,162.40994,0
112.38816,60.173264,0
65.17393,5.110406,0
-127.39965,65.63484,0
-118.61353,81.03876,0
-48.556046,-28.30725,0
81.54869,-62.040665,0
109.215576,62.956863,0
108.38719,63.308434,0
-8.931619,-32.25599,0
-12.811382,9.515868,0
0.40685248,-6.511699,0
69.26525,-116.16308,0
-122.78039,-10.216198,0
135.55533,9.099485,0
-9.863312,88.21789,0
-11.730213,87.27277,0
6.6988544,-28.604029,0
-28.17275,20.83192,0
10.838483,-20.516489,0
55.269802,-105.04899,0
-125.718765,14.328382,0
168.18587,23.426908,0
-41.80605,74.29595,0
-40.10628,71.82695,0
18.902622,-89.969246,0
-74.584625,15.568638,0
57.136715,-74.17462,0
24.104137,-143.76723,0
-175.01637,-22.295181,0
144.36119,-20.964334,0
-45.84452,151.5549,0
-45.65497,151.19926,0
-8.860768,-99.84955,0
-73.15702,29.316519,0
-0.059006274,-108.9704,0
2.5884235,-164.1929,0
-134.09915,-37.195545,0
94.49394,0.094637305,0
-8.346582,171.89061,0
-9.314767,172.8087,0
28.437923,-49.465466,0
-52.76901,12.311714,0
47.07553,-29.316933,0
42.61708,-136.38217,0
-153.4177,15.193998,0
168.85408,-10.705264,0
-68.24897,118.92022,0
-67.629944,118.72741,0
26.82666,-41.05464,0
-42.791378,25.952501,0
41.159485,-16.067911,0
51.278862,-139.72174,0
-139.69136,-21.740421,0
125.0739,-4.0557775,0
-76.87408,98.15239,0
-77.368996,96.71792,0
85.46597,65.31712,0
60.36997,-2.3166432,0
-118.9381,66.93922,0
86.3553,64.32918,0
-50.45334,-22.306879,0
89.93934,-63.374348,0
85.514885,67.77625,0
85.43106,67.6812,0
-44.523666,-64.41346,0
-21.166431,39.719906,0
-41.46357,-66.36623,0
84.25593,-133.11163,0
-117.321465,-36.151527,0
99.38955,16.459219,0
25.23106,105.92063,0
24.1708,106.0085,0
-29.085682,-47.467842,0
-29.301346,40.382122,0
-34.321556,-36.73838,0
71.99896,-144.40227,0
-114.3495,-7.4292645,0
141.17627,19.243994,0
13.915492,107.53215,0
-18.586779,111.67863,0
-17.116966,-41.31855,0
-17.708166,21.833124,0
-7.224886,-10.793622,0
70.35553,-133.09193,0
-130.28004,-19.946314,0
127.48083,8.698228,0
-1.2851796,109.09182,0
-2.4864368,110.77535,0
-27.207,-60.42057,0
-64.62961,62.31917,0
-28.56857,-64.85143,0
53.235687,-160.32643,0
-174.24762,-54.638668,0
119.894554,-45.910946,0
3.4316428,120.86184,0
3.1534126,118.03757,0
17.06163,-33.956493,0
-36.77965,25.498104,0
25.807789,-24.7374,0
43.51473,-104.84434,0
-132.63216,17.152311,0
163.48244,26.984509,0
-55.79192,78.819,0
-57.282017,79.27386,0
-31.990637,-106.796295,0
-61.741238,46.791195,0
-40.554108,-124.7132,0
15.815894,-178.25081,0
-137.78632,-64.732315,0
102.498726,-28.399551,0
23.333641,157.761,0
23.249647,158.05411,0
-41.07326,-90.97306,0
-72.7926,60.886154,0
-51.420864,-110.062775,0
32.54277,-178.49046,0
-178.65105,-57.655098,0
116.88599,-44.020706,0
21.709366,140.06984,0
21.330227,140.72617,0
84.03933,78.99323,0
15.72686,36.973183,0
-123.7606,36.137264,0
-112.51953,39.578857,0
-81.91925,-32.119686,0
114.09451,-74.7215,0
66.49731,77.20872,0
66.274284,77.107765,0
-5.9365487,-29.72451,0
-20.51293,2.07884,0
14.510727,-6.9686728,0
63.770718,-114.64795,0
-131.53607,-9.073656,0
134.70815,8.336611,0
-25.122547,98.16184,0
-26.141804,93.99142,0
-20.848196,-122.05669,0
-87.68617,52.956844,0
-20.233698,-128.41925,0
-13.920217,-186.58458,0
-154.55785,-56.365284,0
120.30149,-30.779444,0
23.608986,198.06589,0
25.294891,196.89444,0
-7.994773,-43.013405,0
-23.063145,15.059741,0
2.1088612,-15.305245,0
60.40156,-128.77159,0
-124.028244,-1.5590473,0
145.12137,6.7576456,0
-12.942904,98.84794,0
-12.979168,98.21976,0
-4.1477585,-35.85967,0
-24.076105,8.302785,0
8.332814,-12.921538,0
65.83229,-110.16938,0
-136.70718,-6.302626,0
150.9216,25.498802,0
-21.580194,82.587,0
-20.286287,90.521194,0
86.47208,84.22916,0
25.463295,39.745373,0
-132.4293,43.742428,0
-112.531296,31.873482,0
-74.8576,-32.70338,0
109.88706,-80.16245,0
72.06374,90.10238,0
72.38633,90.22814,0
-50.114414,-80.20099,0
-14.5462055,52.925865,0
-61.746674,-74.164604,0
102.05336,-122.5771,0
-111.3145,-48.22261,0
105.884384,0.33000723,0
37.1749,122.80896,0
41.07332,121.237305,0
7.710644,-58.112755,0
1.0365539,8.970788,0
26.173029,-32.010246,0
30.564209,-109.43818,0
-157.54057,9.34594,0
160.19086,-8.956849,0
-32.209816,116.78211,0
-31.51102,117.426,0
23.207142,-77.04767,0
-67.46757,17.482693,0
60.338024,-64.17156,0
34.121117,-145.16808,0
-178.72769,-12.199003,0
150.01682,-23.790155,0
-63.20388,156.0139,0
-66.53004,158.26787,0
-7.5282702,-37.8615,0
-21.474964,11.726623,0
1.639637,-11.25599,0
61.94649,-124.047745,0
-125.906136,-3.11608,0
140.53758,9.897015,0
-16.371254,88.039696,0
-16.541624,86.1968,0
-68.572464,-54.59867,0
4.139424,36.066883,0
-77.49277,-61.141785,0
99.86882,-141.645,0
-146.5376,-76.64026,0
104.9303,24.742792,0
49.64408,90.942535,0
51.730217,91.90751,0
14.141033,-85.79654,0
-77.602455,18.205597,0
51.229183,-71.32925,0
25.228077,-148.365,0
-171.8722,-23.807137,0
143.34262,-27.097168,0
-45.7144,157.90335,0
-45.989662,158.09206,0
24.76643,-56.103306,0
-55.6594,15.163169,0
49.74855,-33.971046,0
38.914413,-133.3629,0
-152.45528,11.318837,0
171.67184,-8.524884,0
-69.2306,125.865654,0
-69.433586,126.96484,0
-74.89811,-85.12216,0
-26.253342,61.66126,0
-81.67872,-91.58052,0
19.094276,-170.62079,0
-91.67905,-46.909718,0
115.13669,-18.47285,0
52.104134,113.31246,0
53.17272,113.133484,0
-0.087363146,-30.412697,0
-25.114832,5.0811124,0
25.956087,-9.32229,0
58.880535,-118.416954,0
-132.63733,0.86958134,0
150.70337,13.286309,0
-28.373182,89.74742,0
-27.493143,90.00012,0
-24.95328,-30.350906,0
-6.655571,24.60953,0
3.4772182,-3.9601517,0
78.8907,-114.826004,0
-119.25706,-19.628813,0
127.05459,18.36671,0
7.69379,85.71843,0
11.661717,80.97476,0
15.703712,-51.979942,0
-48.075,7.1406565,0
40.525185,-33.02411,0
36.61125,-123.586334,0
-146.431,3.0778778,0
159.66386,5.008172,0
-61.466366,112.793434,0
-65.561195,116.991714,0
6.28799,-44.91299,0
-52.20627,26.18353,0
-55.246986,-44.929565,0
58.046005,-133.11098,0
-147.36337,-11.832851,0
151.5538,30.803244,0
-43.379505,104.41324,0
-43.987354,104.752884,0
-10.667123,-63.25739,0
-56.546356,30.864054,0
-9.657333,-64.327484,0
54.381935,-148.75403,0
-154.31296,-73.89306,0
115.58429,29.83155,0
-5.120956,126.77251,0
-4.9466434,126.89801,0
112.51959,44.81177,0
56.09523,-13.541043,0
-124.211975,83.56401,0
127.87845,52.251312,0
-50.927616,-13.818062,0
74.20077,-52.603935,0
141.602,60.59349,0
143.02647,58.92513,0
-35.396736,-54.56708,0
-6.0503316,30.714096,0
-36.34079,-53.050262,0
88.50618,-118.52641,0
-159.3107,-63.59174,0
116.40327,25.80709,0
14.674198,93.66674,0
14.631422,93.67248,0
-45.52189,-60.283978,0
-16.446033,37.553562,0
-45.144928,-52.727528,0
90.860405,-123.52608,0
-119.481544,-34.215294,0
110.973045,10.664625,0
26.760464,98.026115,0
25.265932,97.63345,0
-55.897907,-61.809753,0
-67.64622,59.55043,0
-58.228863,-53.89495,0
96.22211,-129.94496,0
-161.13762,-59.81639,0
111.44757,-37.602364,0
15.618034,124.95986,0
15.650763,124.93728,0
-41.995255,-91.57545,0
-73.633316,59.525467,0
-53.710224,-109.373825,0
31.303614,-178.99438,0
-176.90533,-58.496475,0
116.34109,-40.839684,0
23.721897,141.04257,0
22.16907,141.46054,0
25.337519,-73.23855,0
-71.92299,15.450085,0
33.84816,-55.5091,0
31.643509,-146.4604,0
-177.67287,-19.041433,0
157.53319,-31.691113,0
-55.457497,148.57082,0
-55.774242,148.44547,0
-1.1524315,-70.500694,0
-73.85596,0.19936103,0
35.129917,-62.6854,0
64.07823,-148.79617,0
-149.26674,-18.755753,0
133.8341,-8.888347,0
-28.946207,141.29344,0
-28.394606,139.23009,0
-48.828163,-98.638336,0
-45.424103,48.19134,0
-58.372746,-116.3044,0
26.509993,-190.76207,0
-119.763336,-60.80312,0
98.91795,-8.340379,0
39.615067,143.7544,0
39.711136,144.23006,0
-24.785585,-59.497177,0
-63.806767,61.010326,0
-24.648903,-65.94232,0
53.457104,-157.2752,0
-164.68672,-60.873806,0
125.151146,-53.93102,0
-1.5359079,121.83504,0
-1.7371533,121.1295,0
-23.474493,-43.769344,0
-21.686327,27.403412,0
18.085077,-11.038647,0
78.19286,-137.00131,0
-126.38446,-23.454433,0
122.29453,9.385332,0
5.6177135,105.2979,0
6.933584,105.83694,0
0.094698906,-67.82133,0
-72.708755,3.101499,0
35.251938,-66.50354,0
60.821594,-145.35027,0
-124.6894,-41.734825,0
139.70132,-9.950264,0
-31.913755,139.6177,0
-31.955996,139.24254,0
45.687645,18.927505,0
19.019012,49.439373,0
-116.66411,83.50639,0
52.88831,22.77009,0
-76.45833,-20.02706,0
131.43736,-80.776886,0
47.814045,24.974316,0
47.383408,25.315968,0
125.65093,73.94875,0
68.9709,7.153049,0
-128.98985,63.833637,0
-108.17207,70.036934,0
-50.87189,-30.026049,0
84.41421,-67.03009,0
111.034424,72.889114,0
111.25994,73.865005,0
88.993744,93.34289,0
27.497389,30.279541,0
-135.512,44.979904,0
-104.5831,24.375923,0
-67.1942,-36.72127,0
102.23587,-85.54567,0
85.60558,97.57945,0
85.27652,97.777176,0
20.812193,-42.212154,0
-35.328773,9.29252,0
33.937347,-21.973202,0
49.047703,-117.08575,0
-134.47899,9.099896,0
159.00334,11.013625,0
-57.111,98.04389,0
-30.093,85.15291,0
-21.494703,-57.223312,0
-63.28997,58.637894,0
-23.32619,-67.38031,0
51.258057,-153.84976,0
-166.00966,-47.19386,0
125.54639,-52.46016,0
-8.329883,118.885796,0
-9.444021,117.342384,0
-28.205473,-44.614254,0
-27.522257,38.36932,0
-31.804327,-40.081547,0
73.05479,-141.81601,0
-109.82307,-30.369705,0
121.27177,13.677758,0
11.06625,105.32149,0
11.028342,104.65496,0
-26.711687,-117.72247,0
-88.68581,44.789085,0
-30.143293,-127.30928,0
-5.358324,-187.77153,0
-144.2933,-58.660824,0
109.75617,-27.689087,0
26.757658,185.32039,0
27.258556,185.02728,0
-24.42027,-122.3439,0
-88.95879,52.988087,0
-22.801954,-126.50157,0
-16.423716,-187.62503,0
-154.32443,-56.84407,0
107.543465,-29.044214,0
26.040459,197.31186,0
25.99088,197.03825,0
29.136734,-55.15041,0
-59.96553,11.97185,0
52.831554,-30.3846,0
39.91634,-138.12181,0
-164.76878,-11.8175955,0
164.67183,-14.359567,0
-75.474976,127.496574,0
-75.80513,128.11311,0
125.15842,78.38602,0
71.869965,5.741,0
-139.00406,60.74426,0
-104.11912,64.15386,0
-56.903313,-30.704872,0
87.08425,-72.45733,0
121.899635,84.73882,0
121.87743,84.84121,0
-34.833916,-101.75372,0
-60.221767,49.012394,0
-46.863678,-119.42164,0
13.543127,-179.0246,0
-124.50575,-47.804905,0
97.4152,-27.550007,0
24.154049,128.51573,0
15.890227,153.80344,0
10.841917,-39.896214,0
-41.860554,-3.9216402,0
19.17754,-19.292904,0
60.68135,-103.892334,0
-157.79085,13.092844,0
174.1253,4.3866987,0
-42.197426,91.057526,0
-36.29353,90.569084,0
3.4908264,-46.031555,0
-50.524555,27.154644,0
34.43954,-33.706013,0
51.683376,-132.28407,0
-141.3482,-8.5980015,0
141.12599,-3.8325174,0
-39.215065,107.00372,0
-45.76154,94.71853,0
-2.9098785,-72.18019,0
-76.74886,0.92702,0
35.078773,-65.58397,0
63.003635,-146.61848,0
-108.68018,-1.2098968,0
144.02907,20.40536,0
-25.657175,141.4727,0
-25.295502,142.27827,0
-43.60478,-79.367294,0
-12.11224,46.7825,0
-55.45971,-77.03951,0
98.258675,-112.73385,0
-113.44921,-40.92414,0
99.22824,2.1144607,0
30.878136,118.11533,0
30.941896,117.44602,0
-20.24113,-39.172367,0
-19.164564,24.999416,0
-6.2319407,-7.8325067,0
72.68531,-132.54153,0
-126.78911,-20.511534,0
125.37786,4.90084,0
0.8168371,102.859,0
5.848678,101.703384,0
10.444501,-57.19099,0
-52.088764,3.3552783,0
39.62274,-52.8383,0
29.990683,-124.23429,0
-151.15605,-2.7705846,0
155.4498,-5.284546,0
-38.377262,122.89399,0
-38.225338,123.90433,0
-20.991549,-120.25211,0
-87.21194,50.571865,0
-20.826073,-130.72263,0
-10.951343,-185.7839,0
-149.85965,-56.55324,0
112.907715,-34.252373,0
22.500196,194.12492,0
22.239815,194.01237,0
89.18793,87.20946,0
27.14444,36.10739,0
-136.23944,39.64206,0
-107.12585,25.592196,0
-74.860916,-37.860023,0
105.508,-79.728584,0
78.26825,93.265,0
78.01596,93.2184,0
-74.76907,-88.40251,0
-25.76717,57.550728,0
-77.75614,-92.06329,0
83.12147,-153.0196,0
-92.702484,-42.22824,0
89.23068,16.663149,0
62.699745,111.27238,0
64.55592,112.450935,0
-60.596355,-63.204838,0
1.5520349,28.70098,0
-61.200577,-66.26729,0
105.691154,-135.22034,0
-112.46478,-40.385067,0
108.018715,31.743103,0
42.164417,103.89514,0
42.060265,103.944626,0
-16.135075,-60.04792,0
-67.7258,55.68931,0
-15.196028,-59.73217,0
51.53648,-98.50911,0
-166.8001,-55.259674,0
170.75136,13.566862,0
-12.038873,127.72716,0
-12.323113,127.593155,0
13.962712,-47.032883,0
-47.89729,20.430159,0
37.372704,-30.6671,0
37.92519,-118.221466,0
-147.53719,12.980445,0
159.58575,7.853751,0
-48.95961,110.05315,0
-47.457016,114.35417,0
45.096096,18.84677,0
20.143312,48.367657,0
-115.26223,79.91898,0
53.602215,21.630693,0
-76.531456,-20.605349,0
132.28552,-80.34907,0
45.955574,26.412382,0
45.942802,26.384865,0
-12.707296,-34.588104,0
-13.804128,8.050097,0
1.9223156,-4.165296,0
69.808,-121.85107,0
-120.65597,-7.1719456,0
139.52158,14.285925,0
-8.934156,92.51241,0
-8.8069,92.804924,0
112.54718,60.397827,0
65.26074,5.050842,0
-127.49424,65.5487,0
-118.476234,80.75099,0
-48.487103,-28.331812,0
81.767914,-62.174427,0
109.35267,63.24485,0
108.35651,63.608315,0
-46.718563,-74.9164,0
-16.113306,46.67232,0
-55.022045,-70.80915,0
100.30322,-115.514435,0
-118.05904,-44.81023,0
105.270584,6.0251226,0
33.9895,114.77564,0
34.675327,113.84498,0
1.038234,-84.11306,0
-84.79185,8.106192,0
38.4979,-78.53851,0
12.324186,-146.96622,0
-155.6641,-28.718426,0
129.62166,-21.15282,0
-25.954334,162.4892,0
-27.085833,161.34822,0
113.28833,60.97251,0
66.041176,4.0291495,0
-128.03857,65.24019,0
-118.643814,80.688225,0
-49.69138,-28.512089,0
82.361,-62.9316,0
110.01661,64.36045,0
108.792015,64.61254,0
86.74774,81.9711,0
26.50433,41.2993,0
-133.93063,41.946297,0
-112.443275,34.382725,0
-77.10756,-34.16646,0
109.75396,-78.02458,0
69.65172,87.53427,0
69.29523,88.160034,0
-68.116,-59.554657,0
0.87652606,39.330112,0
-69.60678,-60.222576,0
104.99566,-138.67041,0
-153.34598,-77.73709,0
113.03946,31.612278,0
47.089478,80.58352,0
46.412434,80.21984,0
17.681168,-63.972366,0
-61.160526,-2.6576529,0
46.503548,-44.810802,0
20.431618,-122.082306,0
-160.13376,3.629452,0
152.40508,11.035204,0
-47.293518,131.82095,0
-39.639793,91.99382,0
-23.354572,-106.6728,0
-66.5894,35.562107,0
-37.489567,-134.92094,0
6.0789213,-171.87445,0
-136.73637,-40.739815,0
119.35602,-15.085453,0
3.5939214,170.67213,0
11.484424,177.83464,0
-25.196144,-82.65319,0
-73.39423,66.4651,0
-21.093561,-73.6327,0
43.317047,-165.20943,0
-174.88914,-53.463432,0
120.51094,-46.572247,0
2.62279,136.7351,0
1.8695012,137.45705,0
-47.56877,-80.53734,0
-14.796301,50.701057,0
-58.7227,-76.97423,0
104.35283,-118.58897,0
-117.87294,-47.455303,0
105.04795,4.642956,0
33.696995,121.75232,0
37.145237,121.14947,0
-45.508785,-66.57436,0
-20.58101,41.97638,0
-43.513725,-68.463715,0
86.04837,-134.61508,0
-120.583755,-37.072876,0
112.406815,8.516567,0
27.045244,108.20412,0
27.481562,108.34278,0
-10.111027,-62.087967,0
-54.847088,30.497328,0
-7.4532504,-67.48845,0
55.402466,-146.22908,0
-153.92946,-9.637202,0
121.02339,-3.7191799,0
-20.98403,128.79248,0
-20.261927,129.44115,0
14.712017,-90.09941,0
-77.56004,21.959333,0
50.730064,-77.64393,0
27.039845,-153.67271,0
-174.98718,-28.637054,0
137.65721,-29.795206,0
-45.776237,171.86974,0
-45.97126,171.97621,0
127.87581,99.001205,0
33.229977,18.209757,0
-143.96486,58.634937,0
-104.82791,58.258305,0
-57.45263,-38.45899,0
88.810074,-80.12096,0
115.9844,99.15402,0
116.72922,98.495125,0
-74.77554,-114.84955,0
-1.8246913,64.67431,0
-71.23187,-126.917046,0
-7.3457317,-155.46384,0
-109.847176,-64.74625,0
90.533295,-11.72148,0
56.883625,146.3387,0
65.646614,146.45256,0
-86.174194,-114.71221,0
-13.718376,57.39225,0
-76.16661,-132.13686,0
-4.908641,-149.82683,0
-109.870636,-50.58641,0
103.9301,-3.5404398,0
43.240776,126.69597,0
43.7297,126.562515,0
-2.5642567,-46.003468,0
-45.889782,30.177372,0
13.562021,-0.8196038,0
55.023087,-134.75826,0
-137.67783,-15.40153,0
137.40546,-0.73416346,0
-37.92596,109.45162,0
-17.56579,104.34194,0
-12.963538,-31.926779,0
-12.362586,10.989841,0
-1.7406166,-4.691775,0
72.10002,-119.40923,0
-120.136246,-10.770711,0
136.34845,10.488186,0
-8.684982,86.3594,0
-9.583471,84.27714,0
12.747261,-34.27136,0
-34.407448,22.025352,0
22.196383,-20.86085,0
48.685425,-107.87276,0
-135.77301,20.098244,0
160.38365,23.42596,0
-48.7976,74.68693,0
-59.651455,82.41921,0
-40.388325,-103.255806,0
-52.11514,46.47077,0
-52.061886,-124.77129,0
19.308943,-187.55083,0
-128.89041,-57.28965,0
107.39959,-14.581152,0
34.069775,161.54073,0
35.54862,163.53949,0
-28.193815,-112.4737,0
-92.39258,47.570972,0
-35.064762,-130.88956,0
1.955161,-185.99638,0
-138.90532,-62.069942,0
103.14484,-26.988186,0
31.767748,193.1627,0
32.188057,192.85445,0
7.000465,-83.33633,0
-89.88925,5.8613076,0
52.705456,-74.60479,0
9.663129,-151.70149,0
-158.29663,-26.481482,0
135.07277,-20.16963,0
-31.95041,171.75696,0
-38.17517,176.87404,0
22.103313,-45.747383,0
-44.81295,19.40807,0
40.5759,-23.636349,0
48.25408,-124.98557,0
-125.385086,9.335518,0
153.71419,4.0420012,0
-57.160587,106.53718,0
-59.96152,104.89127,0
-10.9438925,-30.49899,0
-11.577241,9.478992,0
0.11860088,-5.1819086,0
71.005806,-116.6507,0
-122.57462,-11.418921,0
130.97832,15.314824,0
-8.176675,88.528076,0
-8.793321,88.48971,0
-76.11674,-117.138176,0
-3.2350569,64.67125,0
-69.999344,-127.77963,0
-7.652031,-153.15765,0
-108.89186,-66.91556,0
87.577896,-11.706958,0
59.378696,144.4706,0
60.84903,143.46071,0
-29.331602,-87.18238,0
-75.09602,63.225796,0
-48.29673,-110.0496,0
34.2261,-174.41911,0
-176.25122,-54.08391,0
120.62066,-44.586502,0
14.199941,139.78935,0
14.27324,140.18771,0
3.1604311,-80.972694,0
-87.23427,8.101195,0
39.66145,-76.375946,0
12.595496,-149.32416,0
-156.97058,-23.666441,0
134.93224,-16.54557,0
-29.417,166.07193,0
-29.31735,168.42773,0
-65.157394,-94.05077,0
-36.876396,52.88198,0
-68.23236,-98.36913,0
73.77365,-158.42357,0
-103.18023,-43.33361,0
90.15479,6.9096317,0
64.30896,126.675865,0
63.951584,126.919945,0
19.736847,-84.47394,0
-72.41808,21.618181,0
55.820324,-69.286835,0
30.235304,-151.51692,0
-184.34184,-18.237732,0
148.51462,-32.187855,0
-54.554115,159.96376,0
-52.937363,163.2247,0
-6.955051,-87.2728,0
-87.176346,23.045658,0
34.23791,-82.67696,0
28.099207,-160.79117,0
-168.40286,-43.096813,0
132.00194,-33.800934,0
-15.967959,151.49086,0
-15.514343,153.20625,0
69.99637,21.352142,0
14.451754,17.123096,0
71.180855,20.848906,0
71.090614,-83.40552,0
-86.89739,-9.763246,0
175.12193,-35.34207,0
57.85286,59.259758,0
58.02647,59.155365,0
-46.65589,-80.85925,0
-11.596205,50.76683,0
-59.30746,-76.9656,0
103.63607,-125.04503,0
-116.96184,-50.96546,0
107.10743,0.3430714,0
34.359985,124.02406,0
34.25722,123.53544,0
-41.28025,-90.95212,0
-72.5611,60.40941,0
-53.307587,-110.0042,0
32.47399,-178.8008,0
-179.09634,-57.924377,0
115.52072,-44.32343,0
22.707405,139.77646,0
22.78488,140.47133,0
-12.952989,-28.273766,0
-10.17522,6.6767783,0
1.410857,-1.6424314,0
72.50766,-122.474655,0
-121.24937,-14.907274,0
132.8749,5.0655227,0
-5.0759444,92.07913,0
-3.7382913,92.29589,0
-4.8720264,-29.718788,0
-19.53212,1.280631,0
14.234702,-7.9702725,0
64.505394,-114.60282,0
-134.22038,-9.425027,0
134.45943,5.8005986,0
-26.339426,98.611115,0
-27.288807,97.98103,0
-45.3755,-59.946934,0
-16.328205,37.367374,0
-45.459015,-52.67987,0
90.60231,-124.07492,0
-117.16856,-31.757595,0
112.72506,14.585335,0
26.08772,97.87394,0
25.427103,97.60297,0
-15.794168,-31.986906,0
-12.151957,12.379796,0
-2.4206393,-4.384726,0
74.280106,-120.58677,0
-118.47425,-8.717791,0
136.42583,17.51069,0
-7.29067,86.16687,0
-6.689415,86.03989,0
-52.534412,-80.871445,0
-10.066548,47.680756,0
-64.72566,-72.978935,0
100.133766,-126.80444,0
-125.1877,-34.34372,0
115.12976,7.4185824,0
39.01731,122.72471,0
19.688334,116.02292,0
24.628122,5.6665373,0
5.8638964,16.23018,0
25.64163,2.7062764,0
70.29468,-93.36006,0
-95.116554,-10.093396,0
170.03435,-30.686766,0
26.089638,72.71725,0
25.409843,73.02864,0
10.423595,-27.611006,0
-27.662785,25.072924,0
12.879318,-22.57829,0
52.085266,-102.48447,0
-122.46058,17.004082,0
174.09117,19.360697,0
-42.83059,79.49245,0
-41.44335,79.938995,0
-40.878063,-19.093796,0
-0.1547236,50.486343,0
-122.5581,36.223354,0
8.412263,-193.4873,0
-82.937805,-30.362373,0
115.843605,-73.39745,0
63.696934,73.92154,0
63.696564,73.792366,0
-65.21068,-90.027504,0
-36.890106,55.93142,0
-69.87935,-101.93357,0
76.5993,-159.47379,0
-102.40663,-47.66682,0
98.34859,-13.861316,0
59.590298,126.62909,0
60.71539,127.32086,0
88.42861,85.699814,0
27.166426,38.78124,0
-134.14261,39.106632,0
-107.92908,26.455797,0
-76.15661,-36.30094,0
107.01299,-78.82917,0
76.19471,91.05427,0
75.21743,91.0154,0
-40.95579,-99.04048,0
-52.827324,51.90586,0
-53.71168,-118.25,0
22.390297,-184.2346,0
-127.5548,-65.546875,0
95.76957,-16.464678,0
32.851765,153.20795,0
36.27998,154.40613,0
21.135447,-71.190765,0
-65.50583,12.640374,0
51.90396,-52.88869,0
22.868393,-136.72108,0
-144.80295,12.105054,0
138.2836,-13.843665,0
-42.838436,143.59392,0
-49.355545,148.05293,0
6.2499504,-99.12607,0
4.686497,20.527302,0
6.6905966,-99.92921,0
74.72143,-93.22256,0
-98.52866,-15.032366,0
164.0264,-28.862503,0
21.882196,125.339066,0
21.430696,125.70711,0
0.14746527,-72.9509,0
-76.31122,3.5334635,0
35.78454,-64.58694,0
15.768463,-138.55556,0
-154.32162,-19.671066,0
135.52545,-12.404556,0
-32.05322,143.55154,0
-32.855843,143.72232,0
-24.740673,-81.09777,0
-71.978294,68.040665,0
-22.358213,-73.3146,0
44.58565,-163.98305,0
-173.63899,-49.94458,0
125.08101,-45.434025,0
-0.072356865,134.80705,0
-0.55823547,135.02094,0
-24.728228,-89.34495,0
-78.722565,58.657448,0
-19.926174,-89.37148,0
30.742046,-170.65137,0
-171.6424,-51.285557,0
119.82768,-43.55342,0
8.444732,150.18292,0
7.9226356,151.00598,0
-0.3442671,-35.31971,0
-20.626802,-0.281762,0
15.615398,-8.896035,0
62.485195,-112.22197,0
-134.95209,-7.64427,0
145.72064,16.920824,0
-28.834835,98.89225,0
-28.424543,98.489944,0
19.430883,-90.25387,0
-72.86945,15.1183605,0
56.868473,-72.65079,0
26.722256,-144.43248,0
-177.5959,-21.483608,0
156.5525,-31.283258,0
-51.025524,150.9307,0
-51.365746,151.46548,0
2.3752182,-84.71015,0
-86.177536,10.608885,0
37.124084,-79.99786,0
9.330389,-146.03732,0
-160.18062,-10.943253,0
137.08665,-20.269436,0
-25.94902,154.83432,0
-26.496212,154.53168,0
-26.7743,-60.862007,0
-65.63721,62.940533,0
-26.17045,-67.04114,0
52.579353,-159.33777,0
-167.25352,-61.000313,0
121.19473,-49.563793,0
0.2567079,124.11418,0
0.3181298,125.0039,0
21.184362,-56.65615,0
-53.734768,16.964005,0
47.639454,-36.02978,0
38.93908,-115.10951,0
-137.29327,9.276967,0
158.58109,14.766366,0
-61.34379,97.25991,0
-61.86252,131.35258,0
-17.2767,-103.75274,0
-69.98728,35.980637,0
5.985904,-115.193695,0
2.8186312,-171.35434,0
-140.16064,-39.835125,0
119.19521,-19.442892,0
2.7009788,174.02028,0
2.15634,177.78659,0
-41.49451,-76.47903,0
-58.94861,27.090725,0
-2.330386,-61.777042,0
28.770342,-125.30685,0
-145.5486,-21.44433,0
151.54483,-13.073581,0
-30.84174,126.79359,0
27.311434,116.116394,0
-63.933773,-89.31089,0
-36.398403,57.325153,0
-74.644455,-102.358696,0
78.053215,-161.20201,0
-103.26122,-48.526356,0
89.9885,4.5086513,0
54.407654,125.8979,0
53.767612,126.11293,0
24.928738,-54.83501,0
-54.40151,14.339948,0
50.098503,-33.109,0
40.301292,-132.26317,0
-144.01158,9.276975,0
161.49763,5.6777964,0
-66.59521,110.959854,0
-71.45025,124.65789,0
-61.05055,-91.18937,0
-28.079506,45.239017,0
-65.98029,-103.32526,0
76.54643,-148.73256,0
-105.07884,-42.219254,0
98.69499,11.212463,0
19.46327,108.42079,0
20.916006,114.30882,0
-19.766794,-105.37684,0
-68.136406,37.751842,0
-36.803005,-139.15092,0
4.215234,-173.81377,0
-138.35269,-43.753506,0
110.94064,-18.050365,0
6.226575,173.46677,0
7.3218527,173.53935,0
-21.745115,-37.71116,0
-19.536835,27.181637,0
-13.824324,-15.261857,0
76.886185,-129.39455,0
-118.28873,-12.6332855,0
133.1913,16.413036,0
6.048032,98.014656,0
6.7688,97.834274,0
12.367511,-64.18773,0
-56.494568,-3.180647,0
45.711353,-49.191513,0
23.671774,-118.92474,0
-158.17572,0.53078765,0
149.58838,-8.941199,0
-45.80603,128.3494,0
-47.844467,132.52017,0
14.96761,9.247244,0
18.518581,32.219723,0
15.15488,8.863577,0
28.926847,-100.99647,0
-86.290565,-35.49023,0
97.55205,27.527458,0
23.680908,59.084297,0
23.740004,59.11052,0
-33.23622,-92.15152,0
-61.045055,53.329792,0
-48.27494,-116.05706,0
26.612743,-174.82582,0
-126.438095,-53.86775,0
121.65494,-24.29614,0
20.753277,149.6124,0
21.356043,150.18637,0
-0.79514307,-94.27132,0
-92.12006,18.779875,0
39.343353,-87.02749,0
19.653517,-160.05334,0
-166.29163,-38.72066,0
126.40921,-32.62256,0
-13.727181,161.76024,0
-12.283819,162.40665,0
-52.056488,-98.4732,0
-42.221157,47.565083,0
-62.671837,-116.19418,0
27.568327,-194.43825,0
-116.97412,-58.39836,0
101.712,-2.7971373,0
42.668995,141.3635,0
44.798843,142.02454,0
-17.698221,-106.69276,0
-70.5044,38.344322,0
-31.735744,-139.15305,0
2.1812427,-173.00119,0
-141.17169,-42.820656,0
116.15568,-20.014734,0
4.300437,175.96938,0
5.188953,177.54501,0
-5.9599905,-88.11215,0
-88.08488,23.764482,0
35.23425,-80.93043,0
26.297266,-160.52437,0
-168.90744,-40.92589,0
130.69722,-36.29684,0
-14.993205,151.9235,0
-14.9029,152.42624,0
-79.78989,-118.7171,0
-1.3971231,62.186195,0
-71.518745,-127.700455,0
-9.068148,-150.05737,0
-105.615685,-63.654415,0
86.42249,-7.7854934,0
64.29065,148.09177,0
62.51605,145.49974,0
28.573246,-57.19388,0
-59.857613,14.06042,0
54.07405,-32.875023,0
37.866215,-138.71907,0
-168.16472,-12.648142,0
168.58049,-13.822304,0
-74.12728,130.62321,0
-73.77971,132.09386,0
24.417786,-55.650166,0
-55.60869,14.682665,0
49.84725,-34.70774,0
39.449913,-133.41702,0
-153.7583,10.798574,0
169.90999,-11.372328,0
-69.75483,125.03105,0
-68.517746,125.45236,0
16.219913,-31.892666,0
-34.972195,24.261023,0
24.295322,-25.955023,0
44.66422,-105.2795,0
-128.72966,18.398048,0
167.72577,19.814587,0
-54.026287,84.64761,0
-55.571617,82.86815,0
21.334423,-50.601757,0
-46.068787,12.694602,0
42.79721,-28.751122,0
42.178688,-121.45524,0
-138.18115,6.147123,0
157.82532,11.975763,0
-65.317024,108.41917,0
-67.69756,106.82068,0
86.56444,32.963406,0
66.35087,-10.41465,0
87.75794,31.794706,0
81.10706,52.593094,0
-65.83839,-13.444985,0
84.30368,-45.570698,0
81.46928,39.425457,0
81.5545,39.259495,0
28.033497,-57.62837,0
-59.53934,14.154899,0
54.03279,-33.079124,0
37.35291,-138.05952,0
-168.82918,-10.336991,0
167.58154,-13.096522,0
-73.12791,131.13899,0
-73.14026,132.00256,0
25.146236,-55.374214,0
-55.0558,14.187186,0
50.457973,-32.71742,0
40.151936,-133.15454,0
-153.5602,12.460129,0
171.06961,-10.813009,0
-70.67144,124.0549,0
-71.543846,123.36088,0
2.2027793,-60.493546,0
-50.891155,-4.771679,0
0.105434395,-60.764565,0
28.214096,-116.2352,0
-166.73915,9.985793,0
177.8848,-2.5017958,0
-28.351452,122.9046,0
-28.138754,122.778786,0
-26.867075,-49.178375,0
-31.26394,38.482227,0
-29.831625,-37.870007,0
69.09661,-142.79042,0
-107.76521,-7.6542416,0
109.317116,2.9158676,0
10.083077,112.040565,0
10.729563,112.12512,0
20.190912,-74.11472,0
-65.37863,21.971865,0
56.293118,-57.291027,0
36.19774,-147.769,0
-181.00273,-7.298399,0
153.65697,-23.424932,0
-65.62787,150.36726,0
-66.892784,151.20296,0
77.68285,81.38658,0
24.091076,25.304453,0
-128.71162,38.144123,0
-111.226845,36.694733,0
-78.51743,-39.188076,0
113.123795,-80.509544,0
74.48576,82.025566,0
74.53452,81.94912,0
13.968826,-76.58728,0
-72.5398,13.620885,0
46.934574,-60.56034,0
24.472584,-142.13116,0
-175.72931,-21.223917,0
143.55278,-19.89787,0
-44.638084,148.70074,0
-44.105877,147.94124,0
100.38811,92.97995,0
32.066303,28.721313,0
-141.05182,42.98004,0
-103.865875,48.668446,0
-69.009834,-40.485985,0
99.42662,-78.87002,0
100.24602,106.23182,0
99.66066,105.91767,0
19.030539,-61.791607,0
-55.68509,6.715532,0
43.957157,-39.837257,0
30.930094,-132.63615,0
-156.40393,-3.0801463,0
150.49063,-7.360536,0
-55.70077,126.25391,0
-55.268913,126.486046,0
-46.885162,-75.20672,0
-16.641415,46.210884,0
-54.673557,-71.211006,0
100.59108,-114.9151,0
-120.17092,-43.232666,0
107.04955,7.5797257,0
33.292446,114.06246,0
33.989197,113.21992,0
-23.534533,-109.85634,0
-71.32811,42.951782,0
-29.952559,-132.92093,0
0.2333501,-176.92004,0
-144.2102,-48.166595,0
122.61853,-7.156452,0
11.4104395,182.1174,0
11.5345955,182.98619,0
-39.76666,-99.50274,0
-55.757942,52.224644,0
-50.19377,-117.64473,0
22.928738,-180.78801,0
-126.81442,-57.051968,0
98.01229,-17.29042,0
27.911753,150.64082,0
27.74823,149.92517,0
-47.10136,-94.01946,0
-44.753372,53.085106,0
-58.3306,-112.12853,0
29.575813,-188.19435,0
-117.75318,-63.10226,0
97.421326,-7.942685,0
34.227173,141.61264,0
35.70773,141.70882,0
27.097214,-45.629684,0
-43.448517,22.847687,0
41.996983,-19.773119,0
46.356503,-138.58641,0
-149.57533,18.12551,0
166.15697,-5.1294837,0
-76.86367,104.05295,0
-77.83354,104.7907,0
-35.69891,-102.60047,0
-56.724236,46.799915,0
-45.516273,-126.05481,0
16.336693,-183.07758,0
-132.51326,-62.52137,0
101.277824,-19.546944,0
26.619005,157.65817,0
25.506771,156.75475,0
28.444317,-45.52126,0
-41.885384,22.390045,0
39.584694,-19.074614,0
46.733448,-140.50624,0
-147.23853,18.490162,0
169.38342,12.024589,0
-76.61473,103.36153,0
-78.81737,103.57852,0
4.7537093,-46.34515,0
-51.794014,23.699858,0
35.734104,-51.975395,0
52.41854,-131.9134,0
-139.39986,-16.902943,0
116.959984,11.244751,0
-43.914753,113.040405,0
-44.52405,114.97438,0
68.59978,30.13121,0
18.88458,20.36607,0
68.44035,30.144274,0
71.88062,52.093475,0
-81.683205,-12.790871,0
92.30053,-50.602768,0
62.45803,50.66842,0
62.354263,51.142105,0
-20.632471,-115.71867,0
-86.477196,36.14863,0
-33.124958,-122.23267,0
1.8087332,-190.54492,0
-113.3718,-37.475975,0
106.82535,-31.93308,0
31.317509,184.59946,0
31.203148,183.87418,0
-28.845684,-45.08662,0
-27.727179,38.621483,0
-32.595688,-39.493603,0
73.17482,-142.16867,0
-110.3973,-30.763943,0
122.07842,13.577207,0
11.468474,105.38718,0
12.270736,103.5695,0
20.386484,3.689476,0
-0.9780996,16.636665,0
20.44274,2.3303616,0
75.703926,-103.9628,0
-112.95276,-16.028093,0
129.57748,19.931229,0
13.55776,76.91562,0
13.233422,76.90142,0
-10.249109,-100.04377,0
-72.26239,30.633623,0
1.7598801,-109.36301,0
3.1613042,-165.44415,0
-140.13033,-38.275337,0
124.71039,-7.089631,0
-5.856634,172.50345,0
-6.1877513,172.85594,0
-29.138409,-77.96914,0
-68.23058,69.9229,0
-31.04435,-76.37121,0
49.520245,-164.16223,0
-171.12883,-61.081364,0
118.3663,-49.325993,0
2.4882107,130.54262,0
2.7777734,130.61435,0
66.5567,35.26878,0
21.738937,21.738617,0
66.34452,35.039387,0
72.93058,49.46986,0
-78.91995,-14.503005,0
92.29114,-48.182125,0
64.29004,46.211758,0
64.3814,46.334415,0
-65.367294,-54.109486,0
3.9904318,35.001503,0
-76.150734,-63.8721,0
98.77819,-139.55423,0
-146.53394,-76.87479,0
106.32901,25.401838,0
46.77462,90.31858,0
50.421715,90.97182,0
-13.433013,-38.13692,0
-20.60165,17.399755,0
-0.58407223,-11.508374,0
67.713905,-127.75359,0
-126.06248,-16.973068,0
129.73996,12.04505,0
-4.876247,99.14267,0
-9.204727,100.529175,0
-20.119946,-120.03368,0
-86.43499,50.46393,0
-19.618889,-131.11584,0
-11.880765,-185.04634,0
-150.73268,-57.331436,0
112.46242,-34.623222,0
21.241083,194.45897,0
21.089436,194.38275,0
3.6786468,-51.750645,0
-46.95303,28.22943,0
-2.3490157,-50.962475,0
52.599636,-134.07289,0
-143.81111,-15.80407,0
162.1533,-4.004218,0
-40.33346,110.276634,0
-39.134636,108.46653,0
17.168072,-78.56455,0
-69.978745,16.191618,0
51.36166,-64.35107,0
29.829823,-145.39413,0
-176.69711,-14.157608,0
148.26685,-24.12604,0
-54.833027,152.353,0
-53.938072,152.65796,0
-18.33714,-117.14336,0
-76.96545,52.99804,0
-18.294867,-133.94446,0
-18.054781,-177.6524,0
-159.2608,-52.681877,0
110.60044,-39.049477,0
16.464108,193.00365,0
17.00916,192.46562,0
19.926094,-48.053925,0
-45.629276,14.354368,0
40.35027,-26.995459,0
43.42689,-123.16724,0
-143.40053,7.9565463,0
161.28235,8.38936,0
-65.838135,106.76776,0
-66.3219,106.01067,0
5.714443,-36.472855,0
-31.336813,4.2757025,0
24.722075,-14.328938,0
53.994762,-114.348434,0
-135.75502,5.1181054,0
156.31844,15.273263,0
-34.294613,85.67259,0
-34.888233,87.8054,0
67.884796,-29.516518,0
-106.82241,-94.74601,1
67.93053,-31.269373,0
-45.702656,-159.48868,2
-130.60081,-99.04582,1
195.3364,1.9113492,0
-111.00093,120.278786,3
-110.31825,120.44111,3
17.746885,-72.05124,0
-66.97363,5.0246596,0
55.360287,-55.189568,0
19.699827,-131.60185,0
-178.26164,-4.812439,0
155.5855,-21.474682,0
-66.74328,149.34564,0
-67.37726,149.52393,0
7.348406,-64.62287,0
-56.20443,25.060703,0
-6.022451,-64.35336,0
27.627703,-127.26332,0
-150.47433,-6.9616184,0
151.49005,-4.081711,0
-31.563334,128.80072,0
-30.60078,129.464,0
-16.139463,-118.91684,0
-85.429405,55.58613,0
-10.157105,-127.30923,0
-17.817438,-184.70773,0
-157.05536,-53.057446,0
121.37555,-33.47255,0
20.555883,203.76114,0
20.795935,204.38574,0
14.007323,-63.891647,0
-58.608906,-3.5625958,0
43.3051,-48.262383,0
20.87996,-120.09393,0
-159.03423,1.2114567,0
142.01271,20.625546,0
-46.18289,129.26173,0
-48.77409,125.30047,0
85.82424,81.24864,0
24.678415,40.993774,0
-133.49915,41.01489,0
-111.76966,35.576797,0
-77.75493,-35.03092,0
110.78439,-77.84838,0
69.42056,86.074356,0
69.593376,86.18327,0
-1.6478786,-92.05327,0
-90.43237,15.056071,0
39.650696,-84.745476,0
18.074654,-159.66237,0
-155.19876,-31.431587,0
128.19885,-22.310558,0
-23.833385,163.79587,0
-23.379677,165.48685,0
86.49388,35.755253,0
65.39111,-8.642662,0
86.71376,35.72762,0
83.168106,51.711708,0
-64.3179,-14.919903,0
84.72658,-47.80565,0
84.428406,40.42557,0
84.41944,40.41331,0
18.905615,-40.54273,0
-39.969822,16.211723,0
33.042953,-22.880209,0
44.45755,-117.47236,0
-141.54477,12.776805,0
165.92857,13.003495,0
-58.046623,100.19929,0
-62.45123,96.67918,0
-10.03537,-39.383465,0
-18.349482,10.181052,0
4.915191,-8.9680195,0
64.9705,-121.8583,0
-124.85421,-1.5931953,0
139.45148,11.199797,0
-15.036894,94.09112,0
-14.82896,91.24745,0
6.5008044,-76.85951,0
-76.77282,7.1776767,0
44.06589,-68.221405,0
16.265654,-140.48001,0
-156.19562,-19.531384,0
139.86353,-17.31981,0
-36.345764,149.15048,0
-39.206932,149.0007,0
-5.2940655,-38.752483,0
-23.289999,11.079128,0
6.5209723,-13.017685,0
60.2874,-124.26996,0
-127.904045,-1.0627835,0
146.52155,11.236749,0
-17.845743,88.12847,0
-17.590158,89.413185,0
17.712418,-51.318058,0
-47.979725,9.201078,0
43.359043,-31.037369,0
38.46003,-125.27868,0
-150.47632,6.7863154,0
155.7848,2.43849,0
-60.096832,111.471886,0
-58.795418,110.91066,0
0.37573346,-80.282265,0
-88.90095,9.343274,0
40.763645,-75.52428,0
13.815616,-150.6162,0
-159.68771,-23.866629,0
130.58917,-15.189983,0
-30.931276,164.67169,0
-31.882288,167.04146,0
-69.10097,-88.96979,0
-33.241962,55.913967,0
-77.32871,-97.27192,0
78.16155,-157.09654,0
-98.46884,-45.10556,0
88.882195,10.679438,0
62.537548,120.01334,0
62.528084,123.89176,0
-67.90716,-87.16443,0
-33.542175,58.37665,0
-76.790726,-100.5553,0
80.570724,-159.80269,0
-97.942154,-48.15767,0
88.010376,12.497678,0
56.92934,123.1452,0
57.600513,123.18548,0
11.503527,-63.521362,0
-57.082157,-1.2883419,0
41.57115,-49.605053,0
24.100128,-120.75357,0
-159.2197,-0.8843938,0
148.44278,-9.8329,0
-43.707882,127.76239,0
-44.204967,125.89475,0
-31.693905,-100.24157,0
-51.66438,38.540886,0
-41.01716,-119.753624,0
12.545762,-182.02983,0
-126.994156,-50.699688,0
99.53516,-27.752525,0
15.233229,158.594,0
16.00303,160.021,0
-45.880314,-74.96718,0
-16.835934,46.035427,0
-54.873665,-71.01725,0
100.27172,-114.85299,0
-120.01381,-43.85712,0
106.203575,6.892622,0
32.46598,114.13687,0
33.201763,113.682144,0
1.2459884,-76.06858,0
-79.24802,4.1735544,0
37.40112,-68.68249,0
13.799293,-142.02464,0
-155.27623,-22.75129,0
134.77647,-15.90341,0
-31.750166,148.93008,0
-34.586018,147.76634,0
-23.845865,-33.780468,0
-11.304648,23.19007,0
-28.14147,-21.476751,0
82.88167,-112.09191,0
-113.14201,-20.953957,0
129.42307,21.289463,0
7.9776707,89.209625,0
8.491877,89.21629,0
-50.251366,-100.195404,0
-43.513805,48.054295,0
-60.79768,-114.78723,0
25.78551,-193.40355,0
-117.96769,-59.970684,0
100.2374,-8.408829,0
42.171574,143.37697,0
44.192093,143.65479,0
-19.826513,-30.22651,0
-8.59461,18.791298,0
-23.210379,-11.863838,0
74.45091,-111.00863,0
-109.385765,-20.773672,0
123.049805,10.005269,0
5.879527,83.51717,0
-5.0013576,76.548546,0
69.37483,20.724575,0
14.029431,17.134216,0
71.336624,20.114534,0
70.91301,-83.907364,0
-87.61907,-9.682854,0
175.36288,-34.723553,0
57.05237,59.164707,0
56.740444,58.576694,0
8.40908,-59.96781,0
-54.16048,5.500957,0
28.962034,-37.32385,0
28.979494,-123.07831,0
-152.6637,-4.954179,0
150.43147,-5.215905,0
-54.139187,122.36793,0
-54.927643,122.32827,0
-25.544561,-95.74634,0
-62.468452,43.151623,0
-41.339893,-128.87753,0
6.573493,-182.09256,0
-160.21754,-65.81021,0
104.89345,-31.513311,0
22.098701,170.37604,0
22.593626,171.23752,0
-16.690666,-122.38895,0
-82.693344,53.67546,0
-14.989197,-128.43037,0
-14.2775545,-181.8809,0
-159.12686,-56.178314,0
117.83466,-39.017933,0
16.666494,201.58182,0
16.799454,202.82686,0
-23.768402,-23.63754,0
-6.5037975,19.1251,0
-22.147,-16.404995,0
78.61878,-106.85855,0
-112.14976,-16.934677,0
129.47829,22.052214,0
2.1853492,78.565025,0
0.64399004,76.626205,0
-13.167839,-102.19951,0
-70.71306,33.975594,0
8.622001,-115.02899,0
1.5702379,-169.4128,0
-140.44476,-36.236988,0
124.648994,-11.696028,0
-0.54389966,173.71718,0
-38.667908,143.67903,0
-8.233586,-38.615414,0
-19.202965,11.965424,0
3.411672,-11.136849,0
63.844868,-125.38339,0
-125.82306,-2.6718154,0
140.37943,9.3383875,0
-16.136116,92.06609,0
-18.2055,89.55639,0
86.53336,82.86011,0
26.146414,40.58879,0
-133.20067,42.887028,0
-112.46383,33.37412,0
-76.093185,-33.952732,0
109.25188,-78.913246,0
71.16882,88.46431,0
70.68498,89.088905,0
49.848618,-1.324656,0
18.658031,47.208942,0
49.783882,-1.3285884,0
-112.53851,68.48414,0
-95.31644,-25.21979,0
135.35056,-64.70037,0
42.38533,24.937935,0
42.21072,24.994526,0
19.496552,-47.092056,0
-43.951363,14.624784,0
35.78058,-24.581392,0
43.333958,-121.74798,0
-144.48344,13.784156,0
161.67334,9.640816,0
-61.099613,104.660774,0
-63.004753,104.08958,0
84.569214,30.358234,0
68.51326,-9.883236,0
85.16193,29.418947,0
79.634476,51.465996,0
-67.65171,-14.024991,0
85.81418,-44.823624,0
77.29331,40.291573,0
77.11768,39.7648,0
-45.74437,-57.03763,0
-13.945196,34.030468,0
-46.34546,-48.34597,0
86.36535,-123.95451,0
-117.772606,-30.979593,0
113.380684,14.7371,0
24.941366,91.425125,0
22.831875,91.805664,0
-45.29526,-98.79989,0
-48.20018,50.346134,0
-56.710037,-119.67148,0
24.46333,-188.10754,0
-123.60844,-63.019966,0
98.56149,-11.788847,0
37.080357,148.07297,0
39.763058,150.84006,0
90.59604,39.331055,0
67.26968,-6.0912747,0
90.799484,39.32538,0
84.359436,50.472862,0
-63.745716,-16.560917,0
86.359695,-48.83703,0
86.899185,43.42437,0
86.95712,43.47917,0
69.77302,-24.132383,0
-100.89262,-97.37675,1
71.182846,-37.4566,0
-44.606724,-165.62251,2
-129.1686,-105.75461,1
195.8475,7.394438,0
-110.720955,109.95284,3
-111.3027,108.809906,3
87.89299,47.974228,0
64.52813,-3.4736512,0
87.79393,48.2332,0
86.66557,50.001778,0
-62.19493,-16.827536,0
85.12622,-49.485836,0
88.704926,46.749264,0
88.73258,46.6164,0
-82.89009,-119.218765,0
2.628146,61.70857,0
-77.29379,-128.452,0
-9.997295,-148.6256,0
-103.50007,-63.680515,0
82.56075,-5.9954915,0
70.73211,146.38416,0
72.38159,146.09888,0
-71.62568,-85.427956,0
-28.927647,57.24536,0
-80.7624,-94.211334,0
82.6386,-155.63387,0
-95.15757,-43.133835,0
91.183464,14.371383,0
58.369812,115.315094,0
58.42925,114.46683,0
23.18745,-46.456142,0
-44.24781,17.878763,0
42.027527,-24.256498,0
46.460728,-126.67171,0
-144.41945,0.7173171,0
160.87262,3.1693122,0
-72.298256,109.83882,0
-73.860054,110.17295,0
0.6352905,-86.43852,0
-85.08486,7.7611,0
38.92786,-81.093124,0
11.275268,-145.95851,0
-154.51598,-27.238306,0
131.36877,-21.368248,0
-24.694061,162.1561,0
-25.347801,164.19923,0
-44.53355,-55.551872,0
-15.337862,34.064014,0
-46.940823,-46.34083,0
86.33705,-126.33525,0
-118.148834,-32.532005,0
114.29043,14.724933,0
26.039824,93.73185,0
26.970608,89.67834,0
27.20942,-46.728085,0
-43.999817,21.951654,0
44.127262,-20.51086,0
44.90893,-138.46307,0
-148.91861,17.42461,0
165.51569,-6.826211,0
-76.56192,105.96543,0
-75.31788,106.9844,0
-25.070986,-111.786865,0
-70.74869,43.996315,0
-31.76842,-134.79695,0
-0.072602734,-179.19452,0
-142.55583,-49.055195,0
113.33747,-23.710283,0
13.54816,183.62683,0
13.460239,183.69894,0
5.5268564,-43.100227,0
-32.850662,9.421259,0
26.849415,-16.399828,0
47.526413,-119.553444,0
-143.66492,-5.807322,0
159.73424,2.4069057,0
-35.428604,102.50713,0
-36.299374,103.071884,0
86.331726,82.00081,0
26.019459,41.038654,0
-133.2517,42.073246,0
-112.26831,34.150578,0
-76.98273,-34.73448,0
110.320274,-78.207085,0
70.05643,87.15182,0
69.644264,88.04133,0
45.044613,13.177047,0
12.348428,49.204468,0
-104.98986,83.87103,0
58.551647,18.434998,0
-70.989136,-22.01793,0
139.03441,-79.369934,0
47.074642,39.23409,0
46.157936,38.775826,0
-9.940726,-117.38821,0
-75.572426,49.35828,0
-7.968567,-121.37409,0
-15.000147,-174.77393,0
-157.79335,-47.781773,0
137.4321,-48.109367,0
6.613852,200.70511,0
6.45989,201.2685,0
5.753023,-85.44469,0
-90.92928,5.0274386,0
45.197235,-78.25846,0
14.540692,-154.08083,0
-160.53546,-30.471682,0
130.20592,-18.04277,0
-39.040054,175.05295,0
-38.781,175.79674,0
-57.104984,-90.23947,0
-33.713448,46.82372,0
-65.209175,-107.75222,0
71.42232,-152.19221,0
-112.01422,-59.407085,0
94.1543,-4.4458942,0
49.51092,129.60645,0
49.531666,130.80247,0
-40.215168,-101.13961,0
-55.958305,48.24561,0
-48.81699,-121.41424,0
18.615791,-183.28447,0
-130.90071,-64.11571,0
105.06641,-17.775454,0
31.175879,159.04663,0
43.43033,159.96967,0
-6.8529534,-60.0994,0
-55.802494,28.342802,0
-5.3342733,-64.935486,0
56.760605,-143.13576,0
-141.84799,-19.76171,0
106.946014,19.807928,0
-23.053991,127.40142,0
-22.91818,127.04773,0
-16.946732,-57.557415,0
-37.839657,20.890425,0
-16.32056,-56.46209,0
39.065277,-107.212524,0
-139.99048,22.402403,0
169.48128,17.44642,0
-50.471725,92.590096,0
-49.784523,92.130165,0
-11.551009,-37.256397,0
-18.956102,15.841236,0
-2.0777752,-14.758269,0
67.49669,-126.22732,0
-124.78389,-10.691306,0
129.39034,8.225343,0
-7.985173,100.26222,0
-14.8949795,107.18129,0
66.17685,37.311768,0
22.855434,21.71208,0
66.306175,37.044083,0
73.47744,48.885487,0
-78.323975,-14.870467,0
92.218475,-47.456657,0
65.12573,44.355045,0
65.25046,44.256626,0
-4.721257,-88.90558,0
-86.76942,20.841852,0
36.160915,-83.54645,0
24.041534,-159.3756,0
-169.30002,-31.487946,0
131.36256,-31.39711,0
-18.065868,157.90836,0
-16.986036,153.38593,0
-46.314255,-56.731506,0
-13.322307,34.094963,0
-46.130608,-47.60194,0
86.901085,-125.286476,0
-119.34333,-29.86293,0
115.97887,15.150007,0
25.483656,91.6502,0
25.157085,90.36684,0
-49.144093,-82.43592,0
-12.138993,52.8638,0
-62.263332,-75.8075,0
104.896935,-121.362915,0
-114.1242,-48.97781,0
103.98938,-0.5555513,0
37.1731,126.479744,0
38.256565,126.875755,0
-5.5846763,-33.98374,0
-65.89984,28.416094,0
10.931562,-10.31312,0
25.833403,-142.57883,0
-142.15262,-26.404175,0
120.601234,-11.396227,0
-11.437558,109.27826,0
-1.9185882,167.98889,0
49.915718,11.350712,0
14.159589,50.26791,0
51.173077,10.594555,0
-106.076805,80.484055,0
-97.47119,-27.978413,0
136.25087,-78.06306,0
45.744312,34.841557,0
45.643047,35.21916,0
10.117644,-52.701126,0
-39.988235,0.6617848,0
18.694391,-2.4938715,0
54.025272,-120.54349,0
-126.512085,-9.512391,0
150.30331,1.4900931,0
-48.53234,117.86431,0
-47.802647,117.94901,0
-46.98207,-60.351994,0
-13.756089,36.041805,0
-45.852066,-50.384396,0
88.87675,-124.80935,0
-122.34122,-33.875988,0
115.18057,11.56382,0
26.217201,94.329056,0
22.867239,91.11299,0
24.871252,-76.27154,0
-62.943253,23.19295,0
58.027096,-56.26374,0
36.539936,-152.81447,0
-173.88525,-11.011088,0
154.537,-25.629852,0
-61.765648,147.06038,0
-62.138016,146.00658,0
15.951126,-84.34617,0
-77.545074,18.450008,0
52.1806,-70.954056,0
26.695436,-149.89587,0
-171.71945,-24.984182,0
143.02895,-24.671383,0
-47.44595,159.81699,0
-47.220287,158.64297,0
23.675016,5.6523995,0
5.37812,14.639877,0
27.204962,1.0808069,0
68.706345,-92.86765,0
-96.95872,-10.045702,0
167.61938,-28.076046,0
23.53158,71.365845,0
22.999294,69.29777,0
-14.624721,-40.65021,0
-20.282902,20.59562,0
-4.3841953,-14.3783045,0
70.30005,-129.72919,0
-128.36685,-20.459177,0
125.729324,9.308485,0
-6.3277035,102.893585,0
-6.9508014,102.71958,0
-22.364483,-59.919373,0
-5.768516,31.961731,0
-32.633152,-53.287125,0
55.859406,-155.76042,0
-161.7504,-62.451992,0
113.33707,27.773046,0
17.25306,95.0241,0
16.369015,94.63925,0
71.218636,-28.703888,0
-105.475075,-97.86566,1
71.37125,-32.981716,0
-49.808964,-161.67955,2
-127.00945,-100.46102,1
194.31337,5.142059,0
-108.62348,115.138565,3
-104.78822,119.34786,3
86.85633,83.21816,0
25.347738,41.50857,0
-133.45563,43.04934,0
-112.52374,33.05653,0
-76.2437,-33.6789,0
109.21437,-79.34171,0
71.23944,88.95593,0
70.58352,89.34217,0
4.549537,-53.35651,0
-46.62477,25.250454,0
-3.498012,-52.373478,0
47.96626,-133.92291,0
-142.42468,20.315851,0
163.29388,-2.6597216,0
-45.003212,108.32807,0
-44.633144,85.18555,0
-18.72219,-26.136513,0
-7.292259,16.299719,0
-18.962734,-16.535027,0
82.311745,-109.15983,0
-111.35556,-15.395169,0
128.42174,21.90297,0
3.9966633,85.523224,0
4.070043,85.18088,0
-32.493416,-97.68242,0
-49.095764,38.189636,0
-42.22766,-115.51714,0
11.163548,-180.04355,0
-124.931465,-48.683712,0
96.918274,-29.39636,0
12.430887,157.43013,0
11.830397,158.8317,0
7.573203,-71.01725,0
-62.21668,10.025091,0
36.036205,-49.509087,0
40.91656,-139.95944,0
-164.04779,-10.726548,0
166.57578,-18.134796,0
-67.620125,130.09132,0
-66.93609,130.26384,0
4.2628446,-45.39133,0
-51.921257,23.061222,0
30.632229,-13.512256,0
51.2646,-131.34117,0
-144.20984,-3.3602116,0
151.98119,17.173565,0
-43.674644,113.37367,0
-43.908794,114.605545,0
-23.043036,-57.799137,0
-62.664967,59.304382,0
-23.904537,-68.4019,0
52.306835,-153.52223,0
-166.92484,-46.55182,0
124.183365,-50.722496,0
-8.212565,119.98723,0
-6.9335165,119.652954,0
45.16765,6.0163965,0
9.9719,45.929817,0
45.88464,3.1712184,0
-97.46391,82.276855,0
-100.254944,-23.62536,0
142.03024,-73.3652,0
41.33236,47.826252,0
40.739716,49.02328,0
-45.17553,-67.72093,0
-21.786016,43.017574,0
-43.646076,-69.719284,0
84.81597,-136.13892,0
-118.40391,-38.400806,0
112.53941,4.3914304,0
25.940989,109.71975,0
26.434246,110.828476,0
-25.052938,-97.13188,0
-60.099274,40.030716,0
-48.155,-134.04887,0
44.26758,-159.73286,0
-133.08348,-30.126247,0
115.94395,-10.185086,0
16.238855,167.68887,0
17.24299,167.83792,0
10.772778,-27.488611,0
-27.678701,26.258236,0
12.950546,-23.09311,0
50.81355,-100.214584,0
-121.32017,17.682726,0
178.12846,16.179821,0
-43.236572,80.54005,0
-41.81101,81.410904,0
-12.43694,-86.20527,0
-84.555275,22.688385,0
32.881363,-83.94272,0
29.494455,-161.73457,0
-170.28992,-35.13046,0
129.81233,-36.943626,0
-11.528643,152.97978,0
-16.023664,155.3741,0
18.152433,-66.018326,0
-64.33601,-1.1456485,0
49.877163,-49.36567,0
16.124672,-126.18593,0
-167.9427,-0.6656421,0
171.19702,5.0678453,0
-52.841904,136.80911,0
-53.903526,139.34059,0
-43.492073,-82.03539,0
-8.7901745,51.495987,0
-57.348206,-79.726036,0
76.5413,-95.95719,0
-110.96932,-44.677094,0
108.685356,-1.6062374,0
27.836716,120.91232,0
28.137194,120.790344,0
-26.702116,-96.88083,0
-60.8602,41.739334,0
-48.908047,-134.77731,0
19.790981,-177.56909,0
-170.1429,-5.7656302,0
117.201515,-5.2131796,0
20.518538,168.50606,0
20.517931,169.31612,0
-83.62884,-112.01738,0
-4.8970094,56.75083,0
-74.407005,-120.75659,0
-15.1676855,-156.30194,0
-100.72159,-69.42545,0
79.77121,-11.76984,0
63.29572,156.67969,0
63.66824,157.23962,0
19.564812,-62.476658,0
-56.405197,8.106119,0
45.130737,-41.319836,0
31.20153,-135.4802,0
-166.52415,-6.4168143,0
143.04543,-10.306086,0
-56.750175,127.107834,0
-59.047012,128.47087,0
-37.54189,-104.20091,0
-55.857178,49.67985,0
-44.59048,-126.66476,0
20.558325,-182.58577,0
-129.14526,-66.35488,0
106.4123,-22.53382,0
29.372137,156.70276,0
32.650677,156.50739,0
95.142975,52.91472,0
66.417854,-0.990146,0
94.943535,52.922153,0
88.85044,51.339558,0
-59.373413,-18.889097,0
85.72147,-51.788082,0
91.86089,48.824417,0
92.037315,48.753918,0
122.31958,92.90882,0
26.613947,22.492765,0
-140.80376,60.600483,0
-104.71849,61.450493,0
-56.471733,-34.506447,0
88.45309,-75.8502,0
120.634705,92.027565,0
120.592125,92.03852,0
-30.605011,-60.890923,0
-59.163887,63.753426,0
-30.694231,-62.60503,0
57.586903,-161.31732,0
-166.7185,-69.79227,0
117.388435,-55.40805,0
5.891236,118.833405,0
5.3457446,118.5085,0
-27.576439,-105.71893,0
-62.920097,49.52926,0
-42.89596,-122.54016,0
15.657306,-174.9765,0
-128.90907,-54.233253,0
102.433815,-23.8498,0
20.272469,155.35458,0
19.953741,157.43506,0
86.13936,81.51868,0
25.327057,40.895527,0
-133.83533,41.381695,0
-112.05902,35.26068,0
-77.65725,-34.647694,0
110.11972,-77.98034,0
69.38551,86.75273,0
69.74164,86.737595,0
-69.75036,-84.522194,0
-28.83776,52.91497,0
-79.65405,-97.85032,0
80.77613,-153.5414,0
-96.83747,-41.416775,0
92.60863,13.261592,0
59.1098,117.30294,0
59.422714,117.58287,0
-39.543213,-81.477066,0
6.2579865,24.322252,0
-72.302315,-134.08124,0
79.4314,-93.57472,0
-110.50594,-39.342068,0
90.696236,-3.566589,0
25.095516,124.586296,0
67.57201,137.2736,0
-51.793415,-80.83766,0
-10.1536455,48.83705,0
-63.023052,-73.57549,0
101.7736,-124.62894,0
-110.92897,-47.05214,0
111.30307,3.2313225,0
38.5574,122.31326,0
43.025333,123.06532,0
9.755029,-34.113983,0
-33.501797,17.896635,0
26.720243,-28.09848,0
56.595158,-120.51828,0
-128.71399,11.223874,0
167.04727,19.241985,0
-48.29627,96.250916,0
-48.48408,97.13957,0
3.180386,-78.57759,0
-82.68772,13.331384,0
45.494217,-73.76445,0
17.910467,-150.17209,0
-165.14899,-23.256338,0
135.96669,-22.119448,0
-35.552162,161.44826,0
-35.83848,160.60948,0
-18.980118,-121.55112,0
-85.35875,53.64442,0
-18.620167,-125.90019,0
-15.111262,-184.80164,0
-153.5354,-55.03545,0
116.83998,-32.632618,0
21.870253,200.6426,0
21.964611,200.73994,0
-24.25521,-100.31402,0
-61.33862,37.750168,0
-44.82733,-135.12144,0
7.761367,-177.78525,0
-135.87096,-48.891495,0
112.5298,-11.658393,0
15.525455,170.43404,0
16.753183,170.92392,0
4.746845,-73.67869,0
-45.466812,0.811422,0
37.770664,-57.047443,0
32.735996,-128.19255,0
-149.44296,-24.85623,0
133.37509,-9.863955,0
-55.017986,119.90161,0
-55.24142,120.014595,0
12.981295,-38.97691,0
-36.412384,20.313097,0
17.377258,-22.809948,0
46.524914,-109.32687,0
-139.15828,20.24116,0
168.99849,8.866331,0
-52.4466,90.41005,0
-52.41429,90.178246,0
-21.566801,-101.20777,0
-62.217747,35.8662,0
-41.15911,-135.73032,0
6.6190014,-175.58688,0
-132.3444,-45.09953,0
116.054085,-12.187013,0
10.19139,169.40633,0
9.951077,172.30305,0
-47.925304,-94.435616,0
-45.510437,55.34701,0
-54.36725,-114.63919,0
29.693752,-189.30016,0
-118.74377,-62.755768,0
95.7188,-8.31513,0
30.34919,140.78624,0
31.47429,140.05635,0
-41.056564,-103.78188,0
-51.90574,47.250378,0
-51.044518,-124.059906,0
18.806675,-186.409,0
-128.4758,-60.977398,0
103.167366,-15.503952,0
34.32411,159.42604,0
37.4089,159.87082,0
1.3884838,-80.72753,0
-89.39397,9.159188,0
45.52451,-80.33277,0
13.566658,-150.94452,0
-158.85782,-25.041409,0
135.31001,-21.90809,0
-31.415022,165.49586,0
-33.01053,165.6538,0
-19.9756,-105.86739,0
-68.42458,38.176746,0
-35.794434,-138.72939,0
2.6264439,-174.7738,0
-140.00737,-44.559597,0
112.78596,-20.331917,0
6.318486,174.29558,0
7.175898,174.50662,0
-17.974459,-63.10653,0
-68.06229,57.49408,0
-20.561472,-65.544876,0
48.70649,-154.99408,0
-162.9507,-57.864635,0
130.34155,-52.261562,0
-7.331568,126.55471,0
-7.785766,126.67138,0
-20.582996,-93.81391,0
-75.27991,55.120277,0
-14.966361,-134.87643,0
23.03547,-166.61682,0
-165.38145,-41.97098,0
107.331,-35.131393,0
12.962428,153.11703,0
12.654455,152.117,0
-7.5901146,-88.73223,0
-84.71494,23.343102,0
30.994223,-84.18429,0
30.546093,-161.33394,0
-171.61835,-35.208828,0
131.01585,-37.06221,0
-11.894365,151.55946,0
-11.556891,150.92262,0
-8.848707,-27.059755,0
-13.357029,4.135216,0
5.6982107,-3.2270694,0
69.02383,-114.3616,0
-137.0087,-14.153535,0
137.50543,2.3249154,0
-24.355629,105.94009,0
-23.60672,106.27071,0
113.05625,60.639248,0
65.93491,4.249516,0
-127.88141,65.26248,0
-118.85701,80.881485,0
-49.304813,-28.386421,0
81.870735,-62.53261,0
109.84499,63.785725,0
108.53931,64.14163,0
-12.681819,-108.46672,0
-79.08605,38.740993,0
1.671011,-115.75574,0
-4.9941816,-173.03784,0
-147.07347,-42.891937,0
148.02525,-41.276543,0
0.19745217,186.12958,0
1.2979323,186.28564,0
4.2796803,-89.09362,0
-86.03788,14.657289,0
48.824608,-77.196075,0
18.155386,-154.3155,0
-165.49144,-26.735836,0
137.02388,-26.789831,0
-35.507717,164.3991,0
-43.517014,171.55339,0
-25.762335,-61.376938,0
-65.591545,63.683273,0
-26.314796,-68.19754,0
51.314144,-158.8317,0
-166.42427,-58.853626,0
122.52708,-50.93636,0
0.945074,124.84945,0
1.5910755,124.854515,0
14.61026,-47.822254,0
-49.845066,21.135542,0
37.046906,-31.604954,0
47.01842,-130.36998,0
-146.47913,13.311767,0
162.64899,0.46306735,0
-59.83702,109.00889,0
-62.322105,111.706314,0
-55.623436,-95.72911,0
-29.235535,61.519684,0
-56.30039,-95.88942,0
86.15021,-159.56328,0
-114.909225,-60.86373,0
86.979866,16.609467,0
54.0816,110.499596,0
53.395515,110.30272,0
-24.530216,-123.41219,0
-91.338554,54.39347,0
-26.127306,-125.2529,0
-13.99275,-190.58861,0
-140.83144,-62.566677,0
105.46928,-25.65263,0
29.706059,197.67606,0
30.583145,198.01472,0
-49.195183,-99.079384,0
-45.796593,46.676556,0
-57.954113,-116.20996,0
26.235003,-192.03374,0
-120.05637,-58.95156,0
100.852104,-8.0561695,0
40.603043,142.84084,0
42.54409,148.31845,0
12.825445,7.575202,0
16.837395,33.29979,0
13.3977,6.770904,0
30.156528,-100.48283,0
-87.53608,-36.229954,0
96.855896,26.439362,0
21.47036,59.874054,0
21.074701,59.80017,0
9.050985,-70.52573,0
-63.94424,8.107976,0
37.514755,-51.245476,0
26.274622,-131.68158,0
-154.22813,-12.4993,0
143.77689,-4.8845453,0
-38.35044,137.5652,0
-39.338554,138.33975,0
49.36775,9.683182,0
12.343568,49.11186,0
50.373486,8.424697,0
-104.704834,80.72022,0
-97.40171,-25.270794,0
137.7602,-77.34195,0
43.86706,36.68895,0
44.070515,37.206684,0
-29.32199,-29.233912,0
-9.414716,27.235481,0
-32.19044,-24.432478,0
82.84229,-118.09957,0
-116.15794,-24.240019,0
120.21213,20.508251,0
14.118517,85.97501,0
-30.29113,72.50087,0
-0.47851774,-80.716125,0
-78.8327,10.523047,0
37.839825,-72.295525,0
18.377033,-151.67313,0
-164.9219,-21.288322,0
131.5524,-24.70176,0
-30.998348,162.2357,0
-36.215134,157.28583,0
11.797373,-46.2353,0
-49.238922,20.114576,0
35.09305,-29.149696,0
39.301952,-117.71915,0
-147.4193,11.779148,0
162.02557,-0.2959051,0
-50.721626,109.821205,0
-51.189426,109.29253,0
-11.192692,-108.357834,0
-77.74022,37.521767,0
2.646223,-118.5601,0
-5.034322,-171.57242,0
-146.94954,-41.222668,0
146.94814,-42.177746,0
-2.751787,185.75275,0
-1.9096183,184.80551,0
-14.465822,-117.426476,0
-81.7738,49.062366,0
-6.721063,-127.08431,0
-10.303265,-179.24858,0
-148.56355,-50.9686,0
117.89496,-33.21244,0
9.015009,195.8021,0
12.12249,189.19801,0
-42.242264,-102.52349,0
-52.149403,49.640076,0
-55.127556,-125.7426,0
21.260529,-185.34364,0
-126.39677,-64.57578,0
98.26295,-15.952566,0
35.278854,155.76727,0
36.08793,156.23566,0
19.281391,-41.591232,0
-40.357185,15.21895,0
33.04718,-25.177925,0
43.808613,-117.227776,0
-138.90039,12.367646,0
155.8024,31.06942,0
-56.70028,100.35098,0
-65.569786,91.75165,0
-81.322,-116.92861,0
0.7127469,59.908524,0
-75.919525,-127.617226,0
-12.24498,-150.10829,0
-102.96931,-65.398994,0
83.9115,-6.220517,0
67.35405,149.17973,0
67.64077,151.42137,0
9.770607,-80.57289,0
-67.519066,33.822388,0
-39.361485,-139.491,0
5.3204303,-170.39975,0
-138.17287,-40.452927,0
123.11741,-15.458048,0
2.3043075,170.28058,0
1.2185525,170.09619,0
-47.442257,-82.1882,0
-10.848509,52.170864,0
-59.841877,-78.3648,0
105.33435,-122.1576,0
-115.790436,-50.266724,0
107.03084,-0.7745573,0
35.135586,126.31973,0
34.381035,126.00719,0
12.330203,7.345736,0
16.376787,33.75324,0
13.085126,6.1782007,0
30.605,-100.81381,0
-88.019455,-35.639477,0
97.71186,26.046719,0
21.820175,60.84215,0
21.912092,60.525574,0
7.103224,-63.070175,0
-57.579727,3.4326444,0
42.33146,-54.145443,0
27.29472,-124.64216,0
-155.41545,-7.5010424,0
152.12721,-12.683737,0
-34.731045,125.99321,0
-41.36778,131.25366,0
-25.862059,-116.8949,0
-86.81619,44.769833,0
-28.600847,-129.62828,0
-6.6417575,-185.3723,0
-145.59492,-58.05261,0
113.60938,-30.981049,0
23.0719,186.75078,0
20.782726,184.12906,0
-20.82152,-59.496075,0
-65.682205,57.677967,0
-23.077208,-62.431755,0
66.24327,-108.245445,0
-165.6349,-57.023205,0
125.55273,-57.210457,0
-5.49667,122.29926,0
-3.804753,119.470894,0
5.533138,-36.969208,0
-31.150894,2.5146308,0
22.736773,-15.847462,0
54.30949,-113.05316,0
-133.1831,5.133729,0
152.83466,17.831528,0
-32.963818,79.232414,0
-33.07564,78.545784,0
-64.769165,-51.845036,0
-0.40674293,39.591602,0
-73.25361,-58.259834,0
103.33713,-142.06474,0
-147.08684,-72.55569,0
108.61974,22.34429,0
54.500504,88.34405,0
55.075718,88.66927,0
23.111261,4.0963407,0
5.4563427,18.218788,0
23.350977,2.673073,0
72.61891,-94.144485,0
-97.43122,-12.458611,0
168.4506,-29.474977,0
26.100264,75.63535,0
26.164545,77.14924,0
2.572393,-50.44379,0
-48.01009,28.192617,0
-0.06930403,-50.075027,0
51.698322,-135.85785,0
-143.6305,-17.030975,0
128.401,-5.7043552,0
-41.489193,108.14848,0
-42.290665,108.078926,0
-68.874466,-92.66209,0
-34.024494,51.74851,0
-71.64414,-95.67015,0
75.41047,-155.64749,0
-101.02323,-42.34602,0
93.62741,3.4215932,0
67.109795,122.59156,0
67.21486,121.059166,0
-23.467657,-28.22741,0
-5.639685,22.128555,0
-26.358082,-17.760187,0
78.92723,-112.29138,0
-111.662285,-18.93424,0
130.60071,24.112366,0
7.98532,79.93303,0
9.817785,78.43181,0
-21.624653,-118.50461,0
-87.060745,48.714886,0
-21.718676,-131.97023,0
-10.071118,-187.71944,0
-149.29709,-61.32525,0
110.36618,-36.1535,0
23.164684,191.94887,0
23.090555,191.46452,0
-73.134254,-90.51205,0
-30.882523,51.551647,0
-76.48599,-92.763405,0
78.27181,-152.54811,0
-98.74004,-39.931877,0
93.969475,6.6711297,0
61.929836,114.47063,0
64.05357,114.42947,0
-46.235245,-76.37699,0
-14.805951,46.676537,0
-54.129444,-71.83418,0
99.37228,-118.30385,0
-117.709625,-44.535408,0
110.420654,1.7945988,0
35.741142,113.25438,0
36.121994,113.67603,0
-15.164987,-65.061134,0
-69.88893,54.0627,0
-17.451363,-68.121574,0
45.106174,-154.9794,0
-165.70381,-50.744644,0
131.06819,-51.125725,0
-11.264358,132.64067,0
-12.119934,131.69038,0
71.51504,-25.074753,0
-102.113686,-98.180016,1
72.5983,-36.329567,0
-44.570526,-166.38745,2
-130.14864,-104.264366,1
193.68756,8.310578,0
-109.08115,110.708145,3
-110.75379,106.70221,3
-23.061869,-24.22775,0
-5.427655,17.903656,0
-21.26245,-17.016577,0
79.15688,-105.91912,0
-111.93518,-15.910502,0
129.0439,24.250854,0
2.1113818,77.84763,0
1.7710974,74.4206,0
-31.882574,-97.999084,0
-49.207325,37.928528,0
-41.935017,-116.22863,0
11.652795,-179.82327,0
-125.109825,-48.534138,0
98.41086,-28.689575,0
11.709926,157.582,0
11.0546875,157.64888,0
10.08402,-83.47619,0
-79.714035,15.562097,0
46.572903,-69.90902,0
21.856968,-147.84734,0
-167.61809,-24.277134,0
139.30331,-24.765343,0
-39.929386,157.03745,0
-40.903736,157.49182,0
-70.62556,-88.46387,0
-31.242628,55.172684,0
-79.254585,-95.23669,0
80.99864,-155.29086,0
-96.078514,-42.76334,0
90.15165,9.972382,0
60.599644,117.02803,0
63.83897,119.1331,0
-8.742134,-99.9948,0
-73.23892,29.517979,0
0.31843823,-109.74464,0
2.3585763,-164.27692,0
-134.9858,-36.887722,0
95.34431,-0.68581885,0
-7.968795,172.33551,0
-7.9820666,173.194,0
-24.22971,-123.635414,0
-91.05535,54.00006,0
-25.38797,-126.66467,0
-14.457428,-190.0254,0
-141.83122,-61.083122,0
115.95184,-26.75192,0
29.219341,198.74889,0
30.829126,198.70555,0
-28.374464,-91.390274,0
-75.77111,56.984535,0
-14.951578,-130.99365,0
29.918135,-172.63657,0
-157.50816,-59.843185,0
112.92308,-39.78725,0
11.888076,149.11507,0
12.37798,148.45738,0
-12.918546,-118.28745,0
-80.07688,51.031998,0
-7.1575146,-124.96633,0
-12.518157,-178.66905,0
-154.58823,-48.62332,0
119.361755,-36.70825,0
9.876498,199.27527,0
9.0896635,198.98186,0
19.379997,-81.70274,0
-70.60214,20.338345,0
54.246273,-64.01639,0
30.977217,-149.31647,0
-180.51189,-16.822954,0
150.82451,-31.630943,0
-57.78967,158.28784,0
-57.99992,159.03381,0
-48.3406,-81.17548,0
-11.769588,52.069435,0
-60.64393,-77.14737,0
103.85902,-122.47118,0
-113.52201,-49.25769,0
106.51986,-0.70851016,0
36.18507,124.90458,0
40.339314,126.80871,0
44.963646,15.84313,0
17.284708,48.327404,0
-107.87032,81.54629,0
56.552704,20.425762,0
-73.59228,-21.586163,0
136.09137,-80.576706,0
47.995186,32.666737,0
47.113354,33.594563,0
-8.04059,-112.76864,0
-75.51944,42.568428,0
3.32983,-123.62693,0
-11.563421,-170.68497,0
-148.39113,-46.561253,0
151.77112,-37.188374,0
6.1548247,186.14116,0
5.780834,187.00867,0
-82.31913,-116.97894,0
1.6112192,59.76868,0
-77.84228,-126.28637,0
-12.438306,-149.17595,0
-103.19096,-65.736115,0
83.81229,-6.873618,0
67.07369,147.45793,0
68.44631,147.10025,0
-43.15281,-86.494545,0
-52.744717,41.332756,0
-40.271286,-115.69724,0
26.701626,-181.5995,0
-134.5829,-56.640438,0
106.49832,-13.228681,0
37.0492,137.28381,0
37.94291,131.96779,0
-3.3038619,-93.18001,0
-88.729294,18.448969,0
37.9993,-84.85854,0
23.376295,-160.21655,0
-164.58113,-36.235413,0
128.59186,-31.68877,0
-16.994999,160.50908,0
-17.683907,160.73552,0
113.519966,44.5823,0
56.88237,-12.853567,0
-126.71042,85.96976,0
126.867874,51.123787,0
-49.750153,-13.628344,0
72.51861,-52.303764,0
140.06525,59.46004,0
141.73534,57.38514,0
4.629622,-82.53304,0
-88.72213,5.945571,0
42.335903,-79.604355,0
9.846926,-150.42786,0
-156.0378,-25.688055,0
134.06564,-18.32407,0
-30.391203,170.89253,0
-31.77003,172.68651,0
70.657585,23.527252,0
15.836879,17.666307,0
71.683815,23.818699,0
71.47581,-82.15261,0
-85.58706,-10.125316,0
175.68748,-36.555973,0
59.836285,57.52138,0
60.35257,57.289894,0
67.05071,22.22989,0
12.948204,18.905182,0
65.50907,21.87638,0
72.71659,-85.07997,0
-88.1573,-11.759257,0
172.57228,-35.52365,0
55.03641,55.52297,0
55.175957,55.41528,0
-39.344036,-16.89869,0
-0.07186447,47.79772,0
-121.31977,36.46703,0
47.92147,-178.35669,0
-83.42277,-30.34158,0
115.90135,-71.86989,0
60.9091,74.306435,0
60.862278,74.35477,0
70.576454,23.229769,0
15.583828,17.491415,0
71.90173,22.796448,0
71.457115,-82.29488,0
-85.842224,-10.157326,0
175.75937,-36.680588,0
59.447227,57.870853,0
60.080704,58.229347,0
-19.456585,-37.828304,0
-21.281452,18.130653,0
-6.672369,-15.955308,0
73.22767,-128.91306,0
-123.780495,1.6192664,0
143.37698,8.962935,0
-5.3061256,98.531456,0
-6.159175,98.44944,0
3.1026895,-88.85293,0
-85.04433,13.482202,0
48.160366,-79.29934,0
19.22453,-153.30418,0
-166.76161,-26.689512,0
135.74261,-26.379154,0
-34.476032,159.09027,0
-33.3531,160.32129,0
89.37405,34.427483,0
67.102974,-8.830529,0
90.016655,33.690536,0
81.41323,51.006336,0
-66.26363,-15.026233,0
85.540665,-46.10817,0
82.41214,42.339806,0
82.240944,42.454967,0
-8.911814,-106.14114,0
-77.47706,35.199566,0
4.229985,-116.861046,0
-3.5970562,-168.73357,0
-147.73709,-38.486275,0
150.71071,-42.050484,0
-6.1572247,182.2208,0
-4.663499,182.29741,0
42.573437,14.077944,0
5.247506,46.269157,0
-101.9817,85.348015,0
59.81924,15.562159,0
-72.12039,-23.813908,0
140.27626,-81.265816,0
48.25784,45.80865,0
47.62307,46.56302,0
-77.743286,-116.98027,0
-2.4414673,62.9437,0
-70.20306,-126.15902,0
-6.805879,-149.96313,0
-107.807465,-66.456924,0
87.72641,-9.057767,0
61.86117,143.81804,0
66.08131,143.21411,0
15.137858,-32.461525,0
-34.10602,25.631226,0
21.672913,-26.873554,0
46.395107,-104.965385,0
-136.54407,18.68325,0
172.68951,11.6831,0
-50.95081,79.657265,0
-50.038506,84.8059,0
-13.843136,-29.613623,0
-11.790192,7.5332565,0
0.7939879,-2.9051788,0
71.55052,-122.01842,0
-120.767365,-13.363821,0
118.45097,-58.814167,0
-6.809993,91.44459,0
-4.5427566,86.48183,0
-32.180935,-101.155846,0
-51.756256,39.791344,0
-52.801777,-123.14854,0
12.776496,-183.48007,0
-126.644,-52.259674,0
100.233154,-21.271145,0
16.718817,158.3912,0
17.82411,159.36398,0
83.671005,80.25757,0
17.032356,36.19134,0
-124.45309,36.016544,0
-114.97238,40.221172,0
-81.049255,-32.917835,0
114.03086,-76.16287,0
67.44598,79.5951,0
67.45759,79.29273,0
127.212975,97.893394,0
32.322086,17.9982,0
-143.57655,58.96739,0
-104.81007,58.80507,0
-56.899876,-37.921673,0
88.61661,-79.34388,0
117.10416,97.79417,0
117.61499,97.337975,0
44.685757,6.0078897,0
9.50901,44.684715,0
44.883255,3.4631393,0
-98.83338,81.90854,0
-100.78573,-24.678497,0
142.55974,-74.198814,0
42.52854,47.873974,0
42.677086,48.218616,0
-29.354393,-29.583405,0
-9.042403,27.422953,0
-32.343147,-25.151016,0
83.38018,-118.70483,0
-116.64922,-23.381157,0
115.49341,16.019558,0
14.953959,86.45237,0
14.991369,85.51437,0
-9.385938,-93.37371,0
-77.62734,50.827904,0
-9.997765,-123.82599,0
22.308832,-162.83061,0
-157.22186,-50.60577,0
131.27985,-49.16215,0
12.639385,193.90263,0
11.729466,194.35217,0
-8.218734,-105.232506,0
-77.57919,34.16988,0
6.371138,-117.37414,0
-2.947486,-167.43938,0
-148.46887,-37.54048,0
150.3085,-50.414597,0
-7.4974213,180.92801,0
-7.121633,180.8951,0
68.21387,38.158844,0
22.830242,20.633978,0
68.35998,37.829376,0
74.464195,49.394066,0
-77.5502,-14.429681,0
91.13912,-47.33021,0
67.12142,43.904675,0
67.118095,43.89898,0
14.822165,-53.837223,0
-49.199516,6.262239,0
39.50007,-37.801132,0
35.07671,-125.51736,0
-150.2665,1.3763157,0
155.22514,-1.5770097,0
-58.881123,113.88121,0
-60.937874,111.63919,0
-30.95087,-45.639835,0
-28.206858,41.369946,0
-34.843674,-37.53335,0
74.2807,-145.18494,0
-106.72559,-31.433578,0
96.49721,14.35785,0
14.603402,106.1284,0
15.214893,106.399025,0
-12.362743,-109.60599,0
-79.93164,39.590134,0
3.0601103,-120.287315,0
-5.808136,-173.6462,0
-151.80489,-43.562935,0
146.23344,-41.92597,0
-0.6017663,189.64203,0
0.7995694,184.29622,0
17.211523,-30.745659,0
-35.027554,27.388868,0
19.912458,-27.363615,0
45.458084,-101.87309,0
-130.28304,18.274208,0
165.1933,24.050993,0
-52.430088,78.88654,0
-53.786293,81.74507,0
-12.053945,-117.73911,0
-78.91894,50.0412,0
-8.704391,-123.93454,0
-14.117299,-177.42331,0
-155.32079,-51.599243,0
116.79655,-35.468754,0
12.24724,196.56615,0
12.66188,196.70993,0
70.46742,-24.684189,0
-101.77584,-97.703606,1
71.978546,-36.97141,0
-44.4757,-165.77443,2
-129.49774,-104.65635,1
197.19391,8.515552,0
-109.81306,110.34262,3
-110.30651,105.91656,3
86.74853,83.10142,0
26.414812,40.704647,0
-133.69554,42.82368,0
-112.56166,33.496624,0
-76.11476,-33.811615,0
109.10465,-79.332596,0
70.90386,88.76781,0
70.5186,89.64955,0
17.608727,-87.85119,0
-76.22318,15.033348,0
53.832043,-71.95494,0
22.750856,-144.39915,0
-173.19182,-20.863281,0
147.00168,-22.40395,0
-43.978764,153.53088,0
-44.853374,154.48398,0
-8.069836,-36.026703,0
-21.170744,10.446473,0
0.6486558,-11.130468,0
62.133385,-121.45376,0
-125.59828,-4.067014,0
143.03258,9.98936,0
-19.90759,88.16596,0
-19.521852,88.49324,0
125.6657,72.29683,0
67.29698,4.6632915,0
-128.41591,64.34594,0
-110.35499,77.7797,0
-49.98315,-29.549173,0
83.75318,-65.324295,0
110.16772,70.96334,0
110.358505,71.16467,0
-35.010674,-108.81164,0
-58.190536,43.025146,0
-45.343246,-129.00366,0
14.938745,-185.68869,0
-131.90628,-60.710712,0
106.066986,-17.274672,0
28.992714,168.70575,0
27.43708,173.23322,0
12.117525,-60.648453,0
-36.90416,19.455853,0
37.992905,-45.97072,0
45.626476,-109.27463,0
-140.14868,19.217432,0
166.8282,25.962074,0
-53.211235,90.84129,0
-53.357357,89.85099,0
-59.331913,-96.15216,0
-23.896423,60.917526,0
-63.683014,-98.87791,0
66.10303,-102.965866,0
-95.76693,-35.65661,0
85.63846,19.145685,0
50.937225,109.74156,0
50.976902,110.05908,0
-8.475646,-38.872925,0
-18.262241,11.84651,0
3.0743182,-9.090866,0
65.72693,-125.12126,0
-121.779945,-3.588701,0
138.27905,8.135429,0
-14.600486,92.90533,0
-15.872055,91.356,0
19.622438,-57.88711,0
-50.697876,15.843826,0
41.869648,-27.84897,0
40.91652,-129.47746,0
-143.39085,5.8559284,0
166.26802,3.0288115,0
-70.58314,112.97891,0
-59.745945,132.81137,0
7.859498,-25.481958,0
-29.378527,20.868158,0
9.331122,-22.608898,0
55.404045,-102.372604,0
-124.862976,16.0391,0
173.77098,24.09302,0
-40.392292,75.21075,0
-40.46299,75.547615,0
50.084614,19.673922,0
19.596294,49.799316,0
49.86902,19.337008,0
-117.55703,83.33261,0
-95.12066,-26.765888,0
131.38696,-81.89043,0
50.223392,24.443974,0
49.649525,24.563644,0
-20.42933,-38.73312,0
-20.096008,25.304993,0
-7.4026937,-16.607801,0
74.59028,-129.80809,0
-126.23872,-20.491293,0
124.40732,12.007473,0
0.7690316,100.84603,0
2.4907413,100.098045,0
-40.882347,-82.79342,0
6.5576787,22.516499,0
-71.25896,-132.20538,0
78.02288,-94.92977,0
-107.01726,-55.069126,0
90.45901,-4.3107476,0
26.289148,123.51696,0
65.66876,138.079,0
-39.912663,-63.441235,0
-19.901497,34.717052,0
-52.825855,-44.6018,0
82.95515,-129.77057,0
-134.05927,-27.412458,0
123.07369,-4.7558646,0
16.438438,97.664734,0
16.33667,97.30973,0
-19.912487,-28.57494,0
-10.348186,18.307072,0
-24.30195,-13.989099,0
74.04144,-113.16196,0
-124.60215,-8.5282755,0
137.10497,12.351536,0
-4.588875,77.8867,0
-2.970276,76.12274,0
-48.858788,-78.47971,0
-15.756269,51.09002,0
-57.912037,-74.34064,0
105.801956,-117.60113,0
-117.09554,-47.4815,0
106.21689,4.247562,0
36.663204,119.49205,0
39.84929,119.58175,0
-46.97635,-72.97619,0
-16.07829,45.386364,0
-55.515545,-69.39493,0
101.68589,-114.20432,0
-119.02755,-43.020844,0
104.61466,7.751179,0
33.872444,112.06525,0
33.349113,112.05229,0
0.04098269,-84.589745,0
-84.66973,9.244846,0
38.362175,-77.332405,0
13.627329,-146.87248,0
-156.01007,-29.39196,0
130.59227,-22.021877,0
-26.86465,161.82977,0
-28.48251,161.71909,0
-41.334747,-17.9492,0
0.23381445,51.518,0
-123.10441,35.69246,0
-40.634205,-164.43512,2
-82.622856,-31.011192,0
114.9674,-73.41138,0
63.693626,75.972466,0
63.640396,75.92617,0
-27.479424,-58.219723,0
-62.79761,62.49339,0
-27.939022,-63.813194,0
55.17259,-157.94894,0
-164.13239,-61.689926,0
120.38135,-54.89997,0
-0.33643302,121.64598,0
-0.93444943,120.85749,0
97.73509,89.98818,0
31.340473,32.844013,0
-133.39473,47.51433,0
-107.14001,46.885883,0
-69.39864,-35.828697,0
101.63022,-81.44271,0
91.29709,109.320206,0
91.85691,109.68141,0
-75.53785,-84.173904,0
-27.619354,59.847305,0
-79.539665,-84.89341,0
85.171,-157.63336,0
-92.64557,-45.029243,0
86.75165,14.310126,0
57.676548,110.96421,0
58.30126,109.535614,0
-50.01022,-100.81009,0
-42.6948,48.595955,0
-61.491684,-115.67517,0
24.954245,-194.47487,0
-117.00238,-61.201626,0
98.185905,-7.303159,0
43.448963,143.40915,0
45.1249,143.47743,0
13.610602,-37.486473,0
-0.31178284,8.873,0
24.995493,-32.37315,0
31.75969,-108.358795,0
-162.92757,16.151756,0
161.39484,-12.361159,0
-31.048521,114.03246,0
-31.621489,114.302925,0
15.085904,-61.79467,0
-59.12396,-5.877066,0
45.80442,-46.169086,0
18.09176,-120.335526,0
-163.57513,2.7272036,0
147.48341,29.929012,0
-48.999535,128.26318,0
-48.331593,123.191376,0
-44.744495,-66.96228,0
-21.069916,42.16229,0
-43.345985,-68.383446,0
85.66904,-135.32666,0
-122.94218,-36.79956,0
113.031906,5.8398356,0
26.53376,108.61591,0
26.61671,109.199776,0
19.52785,-88.97304,0
-75.506584,15.890858,0
55.282673,-73.69424,0
23.718443,-144.91382,0
-174.64806,-21.341974,0
143.99797,-24.18474,0
-45.38423,152.29251,0
-49.749588,152.56027,0
12.205843,-49.96309,0
-39.458458,4.3459573,0
36.660095,-35.65503,0
52.47016,-123.08599,0
-126.61496,5.4950743,0
146.84106,5.207041,0
-49.48926,102.11942,0
-49.32643,101.60805,0
-39.689606,-105.40716,0
-52.034424,45.852062,0
-52.261127,-127.0892,0
18.71268,-187.53192,0
-128.38467,-62.20589,0
100.139435,-17.231102,0
35.125473,161.97368,0
38.913223,163.64278,0
-38.677197,-18.198835,0
1.5889924,47.533604,0
-120.78776,36.6676,0
47.61672,-177.96439,0
-83.82717,-29.272491,0
116.57578,-72.02672,0
60.813423,72.89842,0
60.876953,72.73523,0
23.49742,7.582279,0
4.4354954,15.80187,0
24.921057,1.8407711,0
69.71959,-95.41431,0
-101.27111,-10.225239,0
178.25705,12.431663,0
23.320639,73.926285,0
23.989353,73.15054,0
77.80454,81.29169,0
24.182804,25.851742,0
-128.33273,38.001163,0
-112.400856,37.28991,0
-78.66415,-39.08222,0
113.27012,-80.2608,0
74.131256,81.46778,0
74.26667,81.38639,0
12.102956,-63.290176,0
-56.19003,-1.0379739,0
42.23063,-49.150074,0
25.25571,-121.58223,0
-157.48294,-2.473975,0
145.04018,-10.383167,0
-40.775482,126.18099,0
-41.275803,125.591194,0
-21.921883,-46.967945,0
-15.105129,22.032568,0
-25.075813,-52.135868,0
71.0349,-135.64804,0
-132.53842,-21.297548,0
108.93499,-46.9195,0
2.0061147,111.09981,0
2.0708387,112.232346,0
-71.940956,-89.77639,0
-29.962048,54.438816,0
-78.50204,-94.584045,0
78.79807,-155.23138,0
-97.10301,-43.614,0
89.57201,12.692195,0
61.741955,116.168846,0
62.657898,115.5576,0
7.062672,-51.201546,0
-48.171345,22.186516,0
36.09231,-31.422127,0
45.839046,-130.83827,0
-145.65257,11.835189,0
162.13771,-1.7927394,0
-45.783825,111.305374,0
-47.04419,112.96409,0
-20.991913,-82.61691,0
-75.554085,69.31291,0
-18.12241,-75.00241,0
39.9454,-163.45415,0
-181.01515,-44.981644,0
129.06561,-45.782166,0
-3.0183544,140.66762,0
-1.7663814,141.15076,0
1.2409514,-73.58162,0
-76.6319,4.08462,0
37.356976,-65.233955,0
15.413875,-139.24767,0
-154.4551,-19.852533,0
123.639244,-16.445166,0
-32.607784,144.99408,0
-32.4498,146.19345,0
-64.7407,-91.847206,0
-37.824814,58.066467,0
-71.842865,-101.52376,0
75.80987,-161.44678,0
-100.42151,-50.394188,0
87.88844,4.763278,0
57.120888,127.8312,0
58.82831,128.65321,0
-33.06312,-60.647488,0
-58.562134,65.19524,0
-32.865723,-64.54894,0
58.562172,-163.3137,0
-168.51395,-69.54457,0
116.81545,-56.51913,0
9.206728,123.036026,0
9.33931,123.624374,0
-45.748714,-57.823067,0
-13.192656,35.72777,0
-46.410267,-50.17079,0
87.98405,-124.98777,0
-121.43258,-30.24016,0
113.83299,12.8065605,0
26.210752,91.81817,0
21.441164,89.72067,0
-4.5792036,-44.228306,0
-24.791103,14.905261,0
49.443413,-66.03239,0
58.261024,-129.25209,0
-167.82191,-17.831804,0
140.29842,-8.027013,0
-46.73083,146.61581,0
-47.429504,147.17175,0
-66.79661,-58.336708,0
1.865295,32.652588,0
-71.70423,-61.226543,0
102.959145,-139.09303,0
-149.6127,-77.45219,0
108.41746,27.215343,0
47.522594,84.19297,0
48.22469,83.49795,0
40.843304,7.1269693,0
-29.314331,51.80221,0
39.841545,4.3280716,0
-94.04565,83.00003,0
-99.689285,-36.81617,0
144.15082,-73.96962,0
44.407642,51.268776,0
44.729465,51.86475,0
-40.21013,-85.253624,0
4.752815,22.315722,0
-43.647312,-113.311005,0
76.54614,-93.026184,0
-110.19346,-42.295254,0
96.109314,-27.114832,0
23.35124,127.66568,0
23.029358,128.03156,0
-18.150585,-22.529593,0
-4.8319635,15.421022,0
-17.131477,-21.299435,0
81.23961,-106.422325,0
-110.01129,-13.3300295,0
126.59499,22.488083,0
1.7238381,82.936195,0
2.167736,82.7766,0
-20.263924,-101.88861,0
-63.61531,34.696754,0
-42.2507,-136.80565,0
8.052715,-172.29405,0
-134.94986,-41.336918,0
116.40193,-14.469195,0
6.9221854,168.52937,0
24.616507,170.44608,0
-43.696392,-57.876865,0
-14.848178,36.060513,0
-44.5047,-50.50878,0
88.61674,-123.10679,0
-118.35674,-28.943562,0
111.85536,14.045663,0
23.631735,94.62236,0
22.812218,94.30222,0
-19.192768,-83.08997,0
-77.015205,70.26386,0
-16.506075,-77.14617,0
38.413425,-164.04729,0
-179.58057,-46.460907,0
128.7493,-42.2724,0
-2.3040776,142.29718,0
-3.4380133,143.04549,0
-15.709728,-124.59836,0
-81.933876,55.800983,0
-15.367989,-125.85489,0
-17.052256,-181.99141,0
-157.0046,-58.172546,0
114.38963,-38.083942,0
18.01241,198.04414,0
18.9897,197.77335,0
14.438904,-78.991745,0
-73.12008,12.676746,0
50.630398,-62.584023,0
27.37578,-147.93936,0
-178.55817,-22.965054,0
133.79231,-31.119827,0
-24.991108,153.97359,0
-54.758293,155.3583,0
-13.484908,-118.127785,0
-80.496895,50.018005,0
-6.9500685,-125.90069,0
-11.979187,-177.55731,0
-151.5241,-53.869816,0
114.76683,-34.11258,0
10.752879,197.43414,0
11.190748,197.72798,0
125.692,73.7206,0
68.98974,6.8635178,0
-129.07628,63.907383,0
-108.28167,70.15475,0
-51.007614,-29.914146,0
84.6997,-66.95437,0
110.72823,72.73633,0
110.75905,73.721245,0
113.9084,44.323856,0
56.85606,-13.208678,0
-126.19157,85.85072,0
126.83226,50.66547,0
-49.433384,-13.418607,0
72.576996,-52.138103,0
139.88342,59.28636,0
142.01001,56.823616,0
-55.330265,-57.27225,0
-7.1712008,41.400475,0
-58.37862,-50.084785,0
91.29563,-134.8394,0
-128.63231,-33.43756,0
117.19113,0.6945038,0
38.744255,99.030235,0
41.187954,99.62613,0
0.8749201,-46.259262,0
-29.801579,15.336847,0
-2.1928282,-48.312286,0
53.657444,-129.21368,0
-144.06683,-11.700808,0
143.06848,5.7214894,0
-40.32381,103.4975,0
-40.101063,103.12673,0
-14.7723465,-110.84116,0
-81.05444,42.043243,0
0.12563033,-125.18003,0
-5.934299,-176.56757,0
-148.6879,-45.137962,0
148.60068,-39.8612,0
3.2895122,189.7941,0
3.0249364,189.39401,0
-27.7332,-45.58026,0
-27.88634,36.832455,0
-31.965885,-41.55191,0
70.95716,-140.58806,0
-111.696976,-31.93716,0
118.58151,11.372069,0
9.6547,106.87789,0
9.572446,106.564644,0
-16.210218,-22.689825,0
-3.5943456,15.218272,0
-15.337565,-21.02899,0
81.423454,-104.24525,0
-110.38155,-11.464295,0
112.07715,-56.66718,0
-0.3708356,83.55502,0
-1.2497326,83.68678,0
-65.28582,-56.023796,0
4.5614495,32.607555,0
-73.38229,-61.066826,0
99.109825,-137.9941,0
-146.37129,-79.096214,0
106.06711,22.61594,0
45.460663,88.878716,0
47.692112,86.28933,0
8.726466,-87.73124,0
-84.40919,15.365441,0
47.47922,-76.6543,0
19.21938,-153.88037,0
-168.07693,-26.581314,0
138.23323,-28.462563,0
-37.256645,163.6989,0
-43.134647,169.43318,0
-38.58099,-100.562126,0
-57.646027,48.344215,0
-48.186398,-121.97993,0
18.217657,-181.82428,0
-131.01854,-65.803474,0
89.95087,-16.650417,0
28.580725,158.3181,0
30.252354,158.18468,0
15.662583,-56.43411,0
-44.531624,1.9515637,0
38.37524,-41.843536,0
33.35235,-129.15129,0
-160.791,-15.567451,0
157.89557,-18.76656,0
-56.518913,118.847725,0
-56.567127,119.56405,0
46.348106,18.413382,0
20.047077,49.120247,0
-116.93074,81.862076,0
53.607315,23.29165,0
-75.72295,-19.904593,0
132.4402,-81.965385,0
49.8642,26.676342,0
49.671116,27.142252,0
-67.79347,-93.82165,0
-33.85098,49.51444,0
-70.66588,-97.6283,0
74.20496,-153.95538,0
-105.15247,-44.141228,0
92.34314,4.6417837,0
69.407814,122.96744,0
70.57224,123.261955,0
-78.309006,-115.5436,0
-3.6340308,61.492958,0
-72.33025,-127.0657,0
-10.042938,-150.7883,0
-106.871574,-68.06292,0
87.62715,-8.064357,0
61.833084,147.8188,0
63.09245,144.15714,0
-6.7859836,-32.02774,0
-19.547733,4.808416,0
4.661782,2.048959,0
68.109314,-111.62506,0
-131.21948,-12.593931,0
122.90123,1.3712307,0
-23.043089,96.90743,0
5.1274633,91.856346,0
69.41793,-25.659372,0
-102.78151,-96.36598,1
70.86358,-36.442825,0
-46.58453,-163.92554,2
-127.24389,-103.437294,1
195.71121,5.47819,0
-111.04111,112.54954,3
-112.986,113.40166,3
-30.93669,-114.68728,0
-90.6761,43.07754,0
-36.52714,-127.07427,0
-0.1603804,-186.25159,0
-143.39548,-56.38533,0
107.50994,-25.757114,0
28.257217,177.23373,0
28.737625,177.09476,0
116.50263,45.029835,0
60.590366,-11.91693,0
-123.97261,86.34857,0
129.13779,50.369156,0
-50.051537,-11.626468,0
72.70615,-54.12446,0
136.1483,55.65263,0
137.7499,54.508083,0
-31.299446,-30.570908,0
-9.329211,28.886082,0
-34.48234,-27.253431,0
81.85728,-120.46423,0
-115.44267,-22.934204,0
120.497505,19.724379,0
13.654929,87.813965,0
13.797092,88.51548,0
25.675423,-76.36984,0
-63.069084,24.324865,0
38.290295,-43.392464,0
37.308475,-151.95334,0
-174.7094,-11.650935,0
155.63574,-24.918228,0
-59.890697,147.66429,0
-59.378277,146.93843,0
-11.805899,-35.727276,0
-15.215393,7.288069,0
4.023024,-4.508599,0
69.224174,-121.51523,0
-124.98424,-12.817997,0
137.42873,9.120078,0
-9.089617,93.731544,0
-21.102545,91.65349,0
-58.422535,-89.65593,0
-33.1174,46.63537,0
-65.3713,-106.55081,0
72.01924,-151.56898,0
-104.16954,-48.927666,0
97.88957,7.57438,0
49.40688,128.98158,0
48.157047,130.52534,0
-9.611109,-107.51478,0
-76.86663,38.063854,0
3.3823142,-117.7193,0
-5.4295936,-170.68727,0
-149.19026,-40.90902,0
151.25574,-44.700294,0
-4.4804626,185.43983,0
-4.079499,183.83154,0
-28.389446,-28.973064,0
-8.4262,26.818865,0
-31.528982,-24.771032,0
84.01865,-118.70886,0
-117.63901,-21.921293,0
117.17517,18.090837,0
16.167109,86.88792,0
15.783132,86.14364,0
-22.702303,-60.921616,0
-66.02976,59.332516,0
-24.070278,-63.199577,0
53.98693,-155.29713,0
-162.5984,-60.13441,0
123.80682,-55.9707,0
-3.9322054,122.80531,0
-4.4976597,121.77968,0
-21.351313,-42.63246,0
-18.224968,24.586514,0
-9.888838,-15.338858,0
73.613144,-133.18419,0
-130.73743,-22.419254,0
126.94466,-7.769981,0
0.95797956,104.43929,0
2.084019,106.63541,0
-15.550054,-62.84695,0
-69.65062,56.27371,0
-19.78602,-68.89608,0
47.922565,-156.31194,0
-165.11612,-54.79993,0
128.20424,-52.487946,0
-10.479312,129.54005,0
-10.889973,129.62926,0
-81.763336,-111.96469,0
-3.869476,58.079353,0
-72.6904,-120.89395,0
-12.872225,-156.21011,0
-102.39314,-69.59252,0
82.596504,-10.847438,0
61.980656,155.17308,0
60.236755,157.07332,0
43.389492,-3.0045643,0
-41.944107,6.1722484,0
45.40896,-1.3010302,0
-91.59208,83.06626,0
-100.084496,-21.850685,0
143.81436,-69.95371,0
38.05394,54.223274,0
38.153618,54.06917,0
-30.195576,-105.83938,0
-62.453785,45.88405,0
-40.416035,-127.14279,0
13.711514,-176.67702,0
-141.5435,-30.408773,0
100.887375,-25.255745,0
1.4067179,175.98125,0
1.3416686,176.9064,0
-11.245925,-30.60714,0
-11.189511,8.790278,0
1.1058449,-5.226146,0
70.70632,-116.87627,0
-122.610016,-12.286782,0
134.3778,12.519235,0
-7.411679,89.0108,0
-4.807774,89.56042,0
27.062857,-62.27754,0
-62.104183,18.352692,0
61.047485,-67.50026,0
33.885403,-141.07852,0
-174.66988,-16.684103,0
145.39487,-28.599937,0
-69.82646,137.23466,0
-69.269035,137.92021,0
4.945679,-77.74951,0
-78.07885,8.718146,0
38.974266,-71.05464,0
34.316303,-130.00816,0
-160.7398,-16.362867,0
138.21385,-20.520447,0
-32.77444,155.89651,0
-59.097763,121.31897,0
-19.072987,-41.525925,0
-17.692451,23.088383,0
-8.46216,-11.767687,0
71.37495,-132.08945,0
-128.38464,-22.46131,0
128.0566,7.4903774,0
-1.8499312,105.15465,0
-2.5449622,111.230095,0
69.092606,-23.79728,0
-101.02954,-96.95265,1
71.50826,-38.154987,0
-46.13452,-165.2336,2
-126.1702,-104.720665,1
196.38266,7.6033783,0
-110.872055,110.98703,3
-111.66355,109.148895,3
97.389046,52.23816,0
61.89561,3.8807812,0
-122.28552,78.77749,0
97.88693,53.100044,0
-57.76186,-19.59544,0
81.78776,-57.372997,0
99.42334,53.018463,0
99.293274,52.91203,0
22.393864,-83.372055,0
-70.65378,22.71931,0
54.95844,-61.7926,0
32.550518,-151.82869,0
-182.51894,-17.638327,0
148.07271,-33.843437,0
-56.691505,157.94588,0
-58.758305,164.1284,0
88.764496,93.93069,0
27.534151,30.061834,0
-135.48285,45.235172,0
-104.6664,23.976267,0
-66.946655,-36.16185,0
102.071915,-85.91493,0
86.35436,97.65361,0
85.96746,97.70899,0
23.992226,-61.388,0
-56.04114,19.494009,0
52.250748,-41.030117,0
41.61082,-132.49184,0
-143.8483,11.213705,0
170.66289,7.912862,0
-67.00648,122.34471,0
-63.090023,133.90282,0
0.3184339,-89.757774,0
-86.41544,18.88134,0
50.725132,-73.46772,0
22.601366,-157.65733,0
-169.27927,-28.18945,0
131.48108,-25.703789,0
-19.281794,159.46396,0
-45.979973,160.91096,0
-0.55477804,-92.43113,0
-88.230835,18.730345,0
38.081913,-85.66304,0
22.212711,-160.398,0
-165.54701,-35.532223,0
129.3016,-31.238657,0
-16.958097,160.57785,0
-16.562397,161.18443,0
-62.90221,-55.13672,0
3.8207626,35.35591,0
-75.784904,-63.997143,0
97.0499,-140.22226,0
-146.12872,-74.44445,0
105.944214,26.5362,0
46.793686,91.81243,0
46.765926,92.42822,0
14.31113,-55.465687,0
-47.119816,3.3623552,0
38.30776,-40.821945,0
33.01027,-127.13138,0
-153.64981,3.9452894,0
156.25491,-4.0321903,0
-58.434376,117.40989,0
-58.349903,117.30707,0
17.43992,-48.25681,0
-44.387005,10.22737,0
39.44451,-30.223053,0
38.47124,-119.69201,0
-148.56636,11.192945,0
159.22983,10.199294,0
-66.466965,102.898766,0
-67.29942,100.99713,0
-36.706528,-99.44501,0
-57.073666,50.155815,0
-49.771645,-133.9904,0
19.154205,-179.14613,0
-128.71368,-67.49829,0
95.48155,-19.771734,0
26.631357,155.09828,0
26.470695,153.79552,0
-82.58156,-117.41271,0
2.0049007,60.14063,0
-77.64869,-126.276566,0
-12.129159,-148.5485,0
-103.11411,-64.08109,0
85.92927,-6.1626625,0
67.299065,146.88403,0
68.104355,146.10004,0
21.193867,-82.27629,0
-71.170525,22.205273,0
58.67156,-69.28661,0
31.950558,-151.55646,0
-183.44685,-17.021563,0
148.95323,-32.381725,0
-56.54065,159.17204,0
-56.588707,162.17226,0
44.938007,12.371783,0
11.377162,48.359844,0
-104.34227,84.41211,0
58.688957,17.818634,0
-70.67824,-22.36229,0
139.74496,-79.16201,0
46.635788,40.541065,0
45.97185,40.473274,0
-47.338017,-64.67453,0
-17.496143,39.928616,0
-51.225742,-66.702484,0
90.93152,-125.43319,0
-121.20664,-32.91979,0
112.13835,13.050486,0
28.306301,103.76983,0
28.956373,103.57492,0
2.1118052,-55.47218,0
-43.23569,30.06852,0
0.107122265,-55.417763,0
55.510353,-132.55275,0
-140.7166,-11.855085,0
140.10785,1.6320931,0
-36.112835,111.297485,0
-38.59136,120.64611,0
18.833546,-83.44677,0
-72.16381,20.672884,0
56.167427,-66.89076,0
29.8259,-150.71048,0
-181.76361,-16.816847,0
147.59805,-31.21987,0
-53.361828,160.53195,0
-51.745895,163.4193,0
10.612905,-31.09069,0
-29.274961,26.557003,0
21.860218,-19.812136,0
49.71328,-106.58984,0
-122.18167,19.66777,0
175.93948,14.782646,0
-46.461952,75.96277,0
-46.236427,76.15787,0
8.733793,-97.30873,0
-74.61159,12.356693,0
11.730456,-103.14198,0
3.685812,-152.73866,0
-176.54764,-27.235674,0
157.35696,-33.29395,0
-17.69471,186.08026,0
-17.613428,186.18742,0
6.730565,-84.7246,0
-83.87863,12.868614,0
43.49975,-74.82037,0
16.718346,-151.09267,0
-160.40245,-24.300484,0
133.96515,-19.062304,0
-36.180866,162.61407,0
-37.15353,162.286,0
-11.981376,-39.14,0
-17.73982,17.181997,0
-2.9368298,-12.53954,0
68.68576,-130.2474,0
-130.48347,-14.572492,0
131.14752,7.598081,0
-9.323044,103.50971,0
-10.178356,102.91372,0
-6.771628,-35.078865,0
-21.47158,9.926077,0
1.228452,-11.265386,0
61.606163,-121.93884,0
-126.455925,-3.875836,0
145.31448,12.699729,0
-20.123507,88.29232,0
-20.081314,89.13837,0
-24.578806,-90.75696,0
-78.91613,59.877144,0
-21.28918,-87.9566,0
31.157763,-171.88432,0
-170.22195,-50.63177,0
118.557884,-42.736046,0
8.111332,149.34366,0
6.9518566,150.08495,0
0.90821034,-41.620323,0
-28.131615,6.836609,0
17.929018,-17.34879,0
55.424133,-119.1787,0
-129.24916,3.3788671,0
146.46878,6.7577252,0
-36.48123,95.73356,0
-35.566406,94.1403,0
85.51656,65.35078,0
60.463913,-2.238524,0
-118.795204,66.3694,0
86.60991,64.40086,0
-50.589294,-22.216286,0
89.79807,-63.212093,0
85.68643,67.690674,0
85.82005,67.50955,0
19.028187,-48.275936,0
-45.573658,11.6826935,0
40.740005,-28.555637,0
42.077164,-125.38784,0
-145.00447,7.783517,0
157.70552,9.21126,0
-65.28719,107.527824,0
-66.880264,106.307884,0
6.7257686,-54.07767,0
2.8476377,12.658106,0
25.087524,-1.1791167,0
67.4561,-96.00465,0
-100.32008,-7.4852185,0
159.10907,-10.656501,0
-37.613457,115.412,0
-37.3391,116.18941,0
97.87728,90.05633,0
32.89462,33.15972,0
-132.95474,47.476334,0
-106.654526,46.808094,0
-69.790215,-35.820114,0
101.2624,-81.73985,0
91.684326,108.808235,0
91.90696,108.84582,0
12.055942,-82.86924,0
-78.045135,13.873236,0
47.387493,-72.31586,0
18.673523,-140.83992,0
-160.93526,-38.60701,0
142.49356,-18.653969,0
-39.98499,153.47838,0
-43.67795,160.08002,0
95.17334,60.274067,0
61.492878,-0.8603098,0
-124.68917,74.766655,0
97.07929,59.93591,0
-55.98585,-22.397888,0
83.409744,-60.683044,0
98.84361,61.594578,0
98.37481,61.74815,0
-33.583607,-31.328102,0
-8.226869,31.825365,0
-35.32043,-30.379084,0
83.66415,-122.23566,0
-120.65719,-25.354706,0
114.818665,19.213081,0
16.88041,91.62528,0
32.35507,90.43071,0
-23.987568,-24.884329,0
-7.7228603,20.5265,0
-23.403122,-15.185414,0
75.14485,-109.31686,0
-114.59084,-18.433025,0
130.26064,28.246872,0
-0.2764087,76.80359,0
-0.14480309,75.4599,0
-17.096647,-42.329025,0
-17.281837,21.171934,0
-5.7270527,-9.088423,0
70.57322,-133.74109,0
-130.8627,-20.04785,0
127.436874,6.608486,0
-0.5669675,107.98024,0
2.0438106,109.266136,0
-3.643083,-37.022434,0
-25.881456,11.1102,0
8.768363,-14.695037,0
55.363197,-109.26899,0
-120.59201,4.1431756,0
156.29938,23.215647,0
-23.488253,76.911446,0
-23.735237,77.368866,0
-46.949745,-66.60546,0
-19.288605,41.799152,0
-44.829533,-69.02898,0
85.887405,-133.35008,0
-120.964905,-37.305244,0
108.99085,10.146063,0
27.870508,106.12344,0
29.552103,109.74701,0
-22.241053,-30.275522,0
-3.1664767,23.826687,0
-27.202686,-13.927142,0
73.72192,-106.92987,0
-107.74693,-21.430834,0
179.70726,0.6749873,0
11.377854,73.99198,0
11.202392,73.88148,0
16.941395,-44.17688,0
-47.426422,17.295729,0
38.72818,-25.70272,0
45.47785,-120.387344,0
-142.59059,11.626803,0
162.20908,5.005674,0
-58.67981,101.34818,0
-58.949043,101.15584,0
84.81368,86.742294,0
23.431293,39.098106,0
-132.82143,51.945427,0
-112.49296,30.667042,0
-72.163475,-31.929438,0
107.0376,-84.22464,0
71.57898,96.46937,0
71.05076,96.44522,0
20.022089,-51.228714,0
-49.140076,11.458491,0
45.333218,-30.821432,0
41.328236,-125.90728,0
-148.45013,10.41929,0
163.87946,8.93781,0
-67.15573,119.59348,0
-67.38159,120.15314,0
1.0274427,-35.895023,0
-28.042969,0.058173716,0
16.634571,-12.041542,0
62.24567,-110.35938,0
-136.87723,-7.634515,0
144.88942,16.883547,0
-30.077044,100.73317,0
-29.659285,99.433395,0
-45.258972,-95.3921,0
-43.61595,54.666546,0
-64.38011,-123.567764,0
28.310965,-184.67558,0
-118.81334,-67.58497,0
91.89553,-15.385821,0
49.077133,152.35353,0
40.21481,153.13058,0
15.2900505,-53.59774,0
-48.199867,8.68958,0
42.603584,-31.600351,0
36.57392,-125.44602,0
-151.07045,5.855015,0
156.53311,3.3005788,0
-60.07456,112.45819,0
-59.61894,111.45596,0
-69.56299,-89.03863,0
-32.572933,55.606796,0
-76.42967,-97.899956,0
78.991356,-157.07954,0
-98.6444,-44.708042,0
89.3706,10.694002,0
61.8253,119.64914,0
60.35199,121.29848,0
25.056637,-42.713806,0
-45.943245,22.184488,0
33.19306,-46.24925,0
47.50951,-135.98967,0
-147.23659,-17.101582,0
103.64138,-23.007116,0
-75.72241,100.763535,0
-74.34752,94.6582,0
3.8578832,-84.67174,0
-86.893684,8.702875,0
41.995434,-76.231766,0
11.53348,-149.90532,0
-157.96938,-25.34542,0
131.58244,-20.298662,0
-26.802258,166.67694,0
-24.50642,171.00887,0
24.071375,4.711968,0
5.0025086,16.845928,0
22.99399,1.392359,0
71.07008,-94.26897,0
-97.48931,-11.131942,0
170.19843,-27.798784,0
26.248915,74.81449,0
27.017855,75.58068,0
-22.120745,-120.622284,0
-87.75928,50.46479,0
-22.155079,-129.71016,0
-11.177706,-186.47653,0
-151.48625,-57.44606,0
111.77708,-35.55765,0
23.332262,194.29567,0
24.72272,194.49527,0
16.778343,-66.44361,0
-63.224735,-4.7080603,0
51.90502,-47.358883,0
19.037813,-124.05231,0
-166.89575,2.8308582,0
171.2395,-3.7761931,0
-49.854767,133.74661,0
-50.070248,134.42784,0
-8.689687,-107.36319,0
-78.913155,36.647713,0
3.1931105,-117.16735,0
-4.5180635,-172.45895,0
-146.66266,-42.348995,0
149.45572,-40.32804,0
-1.0714502,186.09909,0
-0.40192717,186.82324,0
-34.72339,-108.882835,0
-58.439762,42.652542,0
-44.669598,-129.65758,0
14.9038315,-185.10597,0
-136.36752,-53.95039,0
108.983025,-15.38105,0
28.015347,169.51619,0
28.380709,169.97472,0
-13.353573,-103.537506,0
-71.89117,34.448612,0
6.535217,-113.85613,0
0.8205789,-169.29086,0
-140.52199,-36.44435,0
124.01373,-11.12274,0
-0.9452504,174.73232,0
-2.2855475,176.41637,0
44.185776,7.7399206,0
11.884525,42.96306,0
42.473934,5.5099382,0
-100.93178,81.22383,0
-100.72242,-26.207657,0
142.24991,-76.1233,0
47.018456,48.264645,0
46.862827,48.744835,0
-5.7979317,-31.62123,0
-19.68898,3.8126435,0
11.437391,-6.534518,0
63.677113,-116.385666,0
-132.40375,-8.1607065,0
135.61353,4.9149704,0
-23.57532,97.668755,0
-23.251493,97.08811,0
44.654327,-5.800104,0
-77.70547,11.442579,0
45.99106,-6.482079,0
-87.15021,83.119705,0
-165.81421,-18.775246,0
146.0678,-67.626045,0
35.203407,56.967262,0
34.832405,57.321014,0
-21.869844,-25.97267,0
-5.006928,19.917048,0
-24.373817,-18.102936,0
77.05522,-107.323364,0
-106.801674,-19.38966,0
128.96834,27.711222,0
3.970538,77.41366,0
2.7894237,74.8376,0
127.15162,97.89231,0
32.655354,17.814486,0
-143.66132,59.070637,0
-104.71932,58.8774,0
-56.930714,-37.91103,0
88.5308,-79.37969,0
117.15816,97.829666,0
117.04389,97.12417,0
-2.2581196,-42.53694,0
-28.35584,13.255145,0
7.167259,-17.851828,0
55.511055,-125.71315,0
-125.97655,3.9037695,0
147.52386,4.695107,0
-40.454872,99.68446,0
-41.10098,99.495316,0
-0.23873758,-43.665546,0
-28.92469,13.669513,0
5.9367332,-19.055456,0
55.19628,-125.56014,0
-126.92671,3.6556673,0
146.55104,6.092724,0
-41.32371,97.716576,0
-41.551502,97.428215,0
66.29529,-27.493095,0
-104.26843,-93.27822,1
66.75617,-35.15091,0
-43.62272,-161.02132,2
-131.51248,-101.521866,1
192.99835,3.0970006,0
-115.46865,117.09588,3
-116.56272,116.61173,3
83.69826,79.74202,0
16.626545,36.152058,0
-124.39961,36.034546,0
-114.96807,40.183144,0
-81.48216,-32.950817,0
114.178345,-75.81553,0
66.967766,78.89887,0
67.06889,78.751366,0
6.0785966,-35.85758,0
-31.635157,4.3095894,0
23.788237,-14.771269,0
53.31757,-114.9666,0
-136.0001,4.0441856,0
153.93997,13.773117,0
-33.612446,83.9557,0
-33.18444,85.929634,0
-37.278214,-103.05344,0
-55.72794,47.173576,0
-46.460823,-127.68322,0
17.06547,-183.47743,0
-131.56801,-62.339138,0
103.24468,-17.824665,0
30.670525,160.96794,0
29.994001,166.44518,0
-28.394936,-90.32265,0
-76.05212,59.571663,0
-12.845026,-130.26495,0
28.612074,-175.04561,0
-174.91858,-57.348236,0
118.78724,-41.240772,0
14.856417,145.23566,0
16.170212,145.95628,0
-45.393005,-60.676674,0
-16.563673,37.840187,0
-45.76342,-53.3397,0
91.222885,-123.855415,0
-116.58026,-34.046585,0
109.21829,12.846745,0
26.233728,97.925095,0
26.234049,97.34235,0
45.08122,18.007364,0
19.68412,47.967793,0
-114.35829,80.35138,0
54.387165,21.482231,0
-75.11238,-21.073345,0
133.92122,-80.86038,0
46.507996,29.213202,0
46.30927,29.487705,0
-64.25444,-87.43315,0
-37.0515,58.993008,0
-73.44794,-103.77123,0
76.456505,-161.9063,0
-99.5367,-50.359783,0
87.19671,5.3772917,0
55.865574,127.329765,0
55.236645,127.269485,0
7.3774557,-91.17287,0
-93.814224,10.641435,0
48.69228,-81.73767,0
12.389784,-156.17511,0
-164.23227,-29.167671,0
135.85281,-28.282146,0
-38.47017,170.67268,0
-41.23067,171.41357,0
20.296925,-47.492016,0
-44.584957,13.821705,0
41.48344,-25.38101,0
42.70944,-123.33299,0
-143.38376,7.3819065,0
158.23242,4.559413,0
-63.905277,105.95336,0
-64.56664,105.19599,0
-13.096729,-21.557352,0
-1.4316257,14.285185,0
19.246502,1.3493633,0
66.43724,-102.57175,0
-95.41566,-34.75949,0
166.74442,-22.578308,0
15.220166,74.845184,0
15.215033,75.351974,0
-75.78177,-117.25876,0
-3.4848223,65.128845,0
-69.63397,-128.07811,0
-7.3350444,-153.74318,0
-109.90973,-66.70063,0
87.95453,-12.570172,0
59.01989,143.82944,0
59.18416,143.39198,0
8.655811,-64.114876,0
-59.119713,2.585683,0
42.781563,-52.436028,0
24.914877,-125.08228,0
-158.85132,-5.170283,0
152.10437,-11.158578,0
-39.70527,130.22424,0
-41.17586,128.82704,0
88.102066,85.027374,0
27.376677,39.598427,0
-134.59871,38.853977,0
-108.193245,26.73478,0
-76.489136,-35.31156,0
108.08929,-78.432724,0
75.586815,90.22338,0
74.781235,90.47942,0
1.6554483,-59.81218,0
-44.214817,-5.9974346,0
-52.39081,-71.62391,0
29.591827,-115.722786,0
-147.94086,-31.21014,0
106.59238,9.290271,0
30.78668,112.649536,0
30.785862,112.02241,0
13.397865,-55.431057,0
-50.476173,5.428126,0
39.611977,-39.32474,0
35.593014,-123.8121,0
-148.87286,-0.42931587,0
154.80618,-2.6583965,0
-56.471584,113.953964,0
-59.117443,112.44859,0
-15.246287,-40.52432,0
-19.447483,21.063705,0
-4.862597,-13.245731,0
69.564064,-130.88435,0
-128.69,-18.094414,0
127.01955,9.214482,0
-5.555434,103.92171,0
-6.212469,104.12353,0
-37.401012,-16.228302,0
0.22107017,45.343372,0
-119.965576,38.2161,0
47.008007,-178.94751,0
-85.4736,-28.31815,0
117.8247,-70.67514,0
57.978256,71.86298,0
57.921093,71.68189,0
89.153625,86.663635,0
27.080278,37.694622,0
-134.0366,39.312622,0
-107.347786,25.854342,0
-75.68046,-37.528774,0
105.946724,-79.1064,0
77.12191,91.76029,0
76.7991,92.24815,0
-41.48445,-99.04822,0
-53.742664,51.663563,0
-52.540443,-118.30708,0
22.31753,-183.1239,0
-126.375244,-66.631645,0
97.67794,-16.35844,0
31.944023,152.66176,0
31.387278,154.39569,0
18.486048,-31.42725,0
-35.867634,26.94223,0
22.30983,-28.069216,0
43.769997,-103.57239,0
-130.7897,16.686659,0
164.60439,24.821016,0
-53.830906,78.76403,0
-54.17547,78.63382,0
66.79303,-26.929697,0
-104.06508,-93.5364,1
67.967896,-35.77895,0
-43.912754,-161.73996,2
-131.05739,-101.814316,1
192.78653,3.492243,0
-115.441315,116.90316,3
-116.81903,116.24953,3
27.141539,-59.52769,0
-60.154415,15.181448,0
56.72862,-35.902107,0
36.657383,-138.70016,0
-169.45412,-9.881787,0
170.02592,-13.4536705,0
-72.895996,132.03987,0
-71.81692,138.42296,0
-68.88733,-84.655,0
-28.491299,54.88778,0
-81.324196,-97.82183,0
78.00317,-150.20607,0
-101.99101,-40.778625,0
97.078224,6.40043,0
55.00696,118.62896,0
54.945045,119.732704,0
-65.68449,-55.459656,0
5.364842,33.753345,0
-74.40526,-62.128456,0
100.53699,-139.02863,0
-148.32596,-77.92076,0
107.64261,25.513096,0
46.287045,87.131065,0
47.18785,86.95638,0
44.52316,5.755679,0
10.4316025,43.175827,0
44.98894,1.8648567,0
-96.432846,82.37905,0
-101.86085,-24.338795,0
142.31189,-72.57995,0
41.544365,50.011066,0
41.484848,51.367252,0
3.3698945,-50.65943,0
-47.605118,27.461262,0
0.54279613,-50.65809,0
51.71503,-134.97517,0
-143.81697,-14.60465,0
161.38623,-5.6787252,0
-40.96083,109.08175,0
-41.611877,109.44372,0
-72.0025,-113.21913,0
-3.5511599,51.58665,0
-74.17301,-132.34438,0
108.773476,-115.53167,0
-108.856316,-57.22288,0
91.476974,-1.8817383,0
54.48296,138.98282,0
54.82475,139.06503,0
-20.62687,-101.265396,0
-64.05304,36.021427,0
-43.852352,-137.52538,0
6.6155486,-174.4301,0
-135.03032,-43.663406,0
118.38508,-14.672603,0
9.239226,169.73515,0
11.109566,171.69365,0
-44.846497,-66.54302,0
-20.276878,41.34428,0
-42.536697,-68.871544,0
86.857635,-135.07962,0
-121.990395,-36.379776,0
119.778534,10.260928,0
27.470026,107.076614,0
22.073751,106.55252,0
20.203152,-78.65817,0
-68.450714,18.50436,0
57.882736,-63.454475,0
32.042664,-147.559,0
-178.08444,-14.121925,0
152.19392,-24.802034,0
-57.992634,152.26079,0
-62.90821,141.94676,0
-27.91462,-105.331184,0
-62.606033,50.104195,0
-45.147026,-122.71625,0
14.978881,-174.71979,0
-129.51949,-54.06099,0
103.22726,-24.414194,0
19.88957,154.68979,0
32.08858,159.75235,0
-24.007547,-102.316795,0
-62.70664,39.194176,0
-42.976562,-132.45665,0
6.660017,-178.00847,0
-136.4316,-47.0225,0
113.31629,-14.5950575,0
13.138031,170.87645,0
18.42751,174.06273,0
23.903812,-82.29298,0
-69.50752,24.030254,0
52.81734,-61.859695,0
34.9808,-152.0506,0
-182.93065,-19.9388,0
155.54868,-26.732212,0
-58.459217,150.13925,0
-59.300167,150.42647,0
-3.0408196,-30.803009,0
-21.358967,3.6341014,0
9.914566,-7.5558624,0
62.202427,-117.96356,0
-127.95264,-11.796802,0
131.23596,8.731755,0
-25.32219,93.29128,0
-23.580711,92.30495,0
10.208931,-63.921783,0
-62.101166,2.2080946,0
39.226665,-48.45898,0
23.380768,-125.8582,0
-160.16693,-3.7730556,0
150.21156,-9.558519,0
-39.000484,130.56189,0
-40.17689,131.57643,0
24.47139,-52.285305,0
-49.462475,15.712642,0
42.535725,-26.210451,0
43.015263,-129.57913,0
-141.68623,8.882776,0
165.65378,1.5544636,0
-70.75422,111.80876,0
-72.11746,114.36005,0
-64.71015,-55.721836,0
4.7783675,32.45579,0
-73.82538,-64.02216,0
98.18956,-138.12671,0
-146.19237,-79.26719,0
106.844124,23.299072,0
45.305645,89.60979,0
46.158997,91.014244,0
-26.181488,-116.48104,0
-87.393,44.883186,0
-29.686893,-128.02739,0
-5.7107205,-186.54337,0
-147.38605,-59.25197,0
111.877686,-31.6876,0
23.759975,186.98747,0
25.075476,183.19405,0
83.83326,79.32763,0
16.251373,36.3158,0
-124.331985,36.1678,0
-114.78411,39.946194,0
-81.75474,-32.778385,0
113.87611,-75.453094,0
66.47799,78.35811,0
66.54704,78.10724,0
-38.674026,-45.152565,0
-21.746174,27.685762,0
-11.366403,-7.2991996,0
84.05059,-147.43733,0
-110.611176,-25.556273,0
123.61757,22.929209,0
5.93968,104.371956,0
6.712205,104.68866,0
66.86957,35.50923,0
21.90799,21.641806,0
66.799065,35.47966,0
73.0855,49.647583,0
-78.84844,-14.5990095,0
92.08984,-47.87802,0
64.538246,45.90006,0
64.75061,45.893764,0
-7.183344,-102.80695,0
-75.14188,31.272923,0
1.6559112,-111.355804,0
-0.040813554,-165.02191,0
-146.01323,-38.048695,0
153.08186,-47.566593,0
-8.862389,176.80223,0
-8.85748,176.27338,0
-39.46577,-103.47275,0
-53.02335,47.41516,0
-50.951885,-121.99459,0
18.117073,-185.27417,0
-130.10326,-61.988834,0
100.94754,-16.405811,0
33.188828,159.4946,0
36.55105,158.83725,0
4.5816946,-49.205235,0
-47.676846,25.173382,0
1.8950218,-48.54154,0
48.599472,-133.72173,0
-143.62189,19.173685,0
164.07918,-1.6980989,0
-45.273506,107.57442,0
-17.434328,133.37233,0
-18.935732,-81.965164,0
-76.54456,71.48311,0
-17.176582,-75.91367,0
38.571777,-164.81636,0
-180.86528,-47.13978,0
130.38454,-43.776833,0
-0.9346245,143.84663,0
-4.9675946,140.01877,0
-52.006702,-57.707066,0
-8.071962,34.309856,0
-51.63186,-49.27362,0
90.74055,-129.32378,0
-120.64432,-26.838926,0
113.5178,20.798828,0
32.17552,91.622635,0
32.171368,92.02835,0
43.25294,20.236713,0
17.864626,46.76124,0
-112.34102,68.71004,0
9.404468,-134.69109,0
-91.71853,-20.732841,0
135.17401,-65.15146,0
42.307808,25.642225,0
42.276196,25.733356,0
113.394516,60.79677,0
66.33716,3.82301,0
-128.33891,65.09678,0
-119.216866,81.09519,0
-50.09533,-28.79549,0
82.30226,-62.71847,0
109.97489,64.37511,0
109.005806,64.98402,0
-0.21299155,-92.039154,0
-86.36396,20.665854,0
36.94416,-85.231094,0
22.416368,-159.86246,0
-168.89801,-35.104248,0
130.89767,-33.125237,0
-15.9487915,159.52159,0
-16.443354,159.50948,0
67.52825,-26.163864,0
-103.31016,-94.49078,1
68.885605,-36.330692,0
-44.5263,-162.88007,2
-131.61394,-99.88,1
193.70656,2.3050084,0
-113.97954,115.264435,3
-114.472786,114.28753,3
6.6190395,-34.25093,0
-29.352968,5.3451333,0
23.563501,-11.583795,0
55.38296,-117.36598,0
-135.00374,2.7031693,0
153.48143,13.117511,0
-31.716667,87.54911,0
-31.90141,88.24859,0
11.376296,-31.539242,0
-31.115791,23.8038,0
23.597023,-20.734915,0
49.606255,-104.61171,0
-123.04437,20.30125,0
174.2418,12.44648,0
-47.197945,78.15558,0
-60.591297,80.58498,0
127.70338,99.73104,0
32.461876,19.850117,0
-143.21193,57.272083,0
-105.33558,56.877552,0
-58.388275,-38.380333,0
89.87087,-80.38396,0
114.167564,98.8945,0
113.91082,98.3889,0
-27.880762,-31.678726,0
-10.261503,27.101053,0
-33.707752,-24.974552,0
82.373344,-116.96799,0
-117.05383,-25.079039,0
119.43395,20.37407,0
13.228211,86.46039,0
11.206078,88.08585,0
-2.194447,-72.51494,0
-76.40363,0.20403263,0
34.348476,-64.757965,0
65.18095,-146.64299,0
-108.790054,-2.2422369,0
140.59428,21.50968,0
-25.490456,139.91718,0
-26.15566,138.03484,0
43.44628,-1.7694497,0
6.6092367,51.388496,0
46.25442,-0.41947263,0
-93.38095,82.49379,0
-143.1031,-39.724525,0
143.90918,-71.49772,0
38.5372,51.513878,0
38.57979,51.616898,0
0.50183916,-93.09608,0
-88.78382,19.022642,0
37.888138,-85.80234,0
21.623873,-159.94174,0
-166.51613,-35.40101,0
128.57979,-30.861462,0
-15.640259,160.41905,0
-15.373377,160.33217,0
11.365165,-62.37117,0
-56.37648,-1.5934889,0
39.7699,-50.13234,0
24.806005,-119.18743,0
-157.19598,-1.144159,0
154.08876,-12.736016,0
-44.216877,127.09789,0
-43.849796,126.48236,0
-48.571575,-74.13196,0
-17.225042,47.84057,0
-56.713573,-70.52911,0
102.19919,-116.10858,0
-117.549225,-42.85644,0
103.4078,6.3803377,0
35.833694,112.1467,0
35.7254,112.054115,0
25.43064,-44.280113,0
-42.309002,22.063389,0
38.968777,-19.788628,0
47.495773,-139.07178,0
-146.83725,18.336645,0
170.52658,11.152269,0
-75.75144,103.06671,0
-75.773895,103.7086,0
-45.201546,-58.12705,0
-14.293635,35.187294,0
-46.3494,-49.609024,0
87.775696,-123.950966,0
-117.99566,-29.552446,0
114.18529,14.179343,0
24.792255,93.44558,0
22.194473,93.45714,0
109.06588,44.873264,0
54.80377,-14.025868,0
-125.74343,76.59365,0
104.33375,45.026733,0
-54.571976,-14.916351,0
79.386055,-54.066437,0
104.5903,46.848866,0
105.18798,47.445107,0
68.447464,-23.590645,0
-100.66089,-96.66147,1
69.90659,-38.321983,0
-45.21497,-165.15282,2
-127.93939,-107.64705,1
197.02858,7.1532197,0
-111.35193,110.16235,3
-112.45449,108.830574,3
41.249584,8.038607,0
-4.5029087,49.584076,0
40.524834,4.815955,0
-95.041306,82.79126,0
-115.403206,-40.460033,0
144.89569,-74.47613,0
45.16322,49.700962,0
45.11025,50.014072,0
26.529747,-56.56338,0
-56.555126,14.268487,0
49.520855,-33.106033,0
39.120502,-134.67688,0
-154.16652,8.925085,0
167.2295,-10.984467,0
-71.48219,125.743805,0
-70.78334,126.23429,0
21.287588,-59.792805,0
-57.335087,9.732607,0
49.317387,-39.821064,0
31.074137,-136.46428,0
-123.873535,4.0813794,0
151.49701,-5.6332183,0
-57.742817,124.82831,0
-62.113297,129.75974,0
125.377594,96.715904,0
30.531168,19.158098,0
-141.21758,60.360767,0
-104.81309,60.38967,0
-56.72952,-36.08486,0
89.00238,-77.800865,0
118.340805,94.64283,0
118.439804,94.518684,0
14.765048,-54.230724,0
-49.47357,5.966328,0
39.552204,-38.08866,0
34.930492,-125.72028,0
-149.29903,0.2244421,0
155.46814,-2.1034048,0
-56.948063,114.94464,0
-58.158733,113.27838,0
-74.76936,-89.16155,0
-25.488255,58.32781,0
-78.545044,-92.01496,0
82.28691,-152.84172,0
-93.60447,-41.4069,0
89.55674,18.40317,0
63.14612,112.45024,0
65.57445,111.5427,0
-55.673553,-56.607407,0
-7.3204527,40.02152,0
-56.65122,-49.66346,0
92.26859,-134.38571,0
-127.74563,-32.383076,0
117.4033,4.4143486,0
37.709423,97.98539,0
38.41978,98.20093,0
-82.746925,-120.297,0
2.7983363,62.813072,0
-76.49489,-129.71495,0
-9.483742,-147.715,0
-104.31947,-61.7454,0
87.512245,-3.3808339,0
68.9529,144.00748,0
70.279045,144.72429,0
-27.436588,-105.9618,0
-63.39002,49.64282,0
-43.79976,-124.08849,0
15.07791,-175.55658,0
-131.37479,-54.04394,0
121.89485,-21.919136,0
19.97497,155.8017,0
19.517538,156.26785,0
20.744823,-35.77245,0
-35.048775,14.018022,0
28.607811,-25.76785,0
40.79784,-111.5257,0
-133.14886,13.353692,0
161.56078,16.376295,0
-65.34423,88.78578,0
-67.14556,88.42679,0
-24.068983,-124.585594,0
-91.469505,53.22067,0
-24.93134,-126.43663,0
-14.366335,-191.67722,0
-142.7265,-61.598564,0
101.08849,-1.5833068,0
29.893202,199.42749,0
30.597591,199.51044,0
-63.988518,-56.35647,0
3.9764621,31.873987,0
-72.280556,-63.8218,0
98.72909,-137.28188,0
-147.58995,-79.54695,0
106.874695,25.054523,0
44.34931,90.00329,0
42.81792,90.29152,0
17.977392,-46.47742,0
-45.842327,13.945624,0
36.619556,-25.239832,0
41.69965,-122.31893,0
-144.66083,8.49075,0
159.76035,6.7680187,0
-66.58886,108.37299,0
-66.1658,109.04175,0
-48.046726,-85.69454,0
-10.761641,51.23739,0
-58.50043,-77.61246,0
105.79035,-124.351906,0
-116.43076,-51.72492,0
108.99716,-2.8283048,0
33.00924,127.070595,0
32.022312,126.88919,0
18.712656,-72.589294,0
-66.60383,5.709722,0
54.017696,-54.851692,0
19.899294,-132.83711,0
-164.78699,1.4302233,0
147.04926,-12.89641,0
-42.677906,137.4118,0
-58.79223,144.23906,0
-9.172379,-36.495285,0
-20.93483,12.1687565,0
1.8009332,-12.099173,0
63.840244,-123.563896,0
-126.00787,-4.661067,0
141.54129,13.156804,0
-13.156672,89.82313,0
-12.396822,90.4002,0
16.59402,-39.761436,0
-38.98525,16.89342,0
30.485268,-21.614046,0
45.17704,-115.25918,0
-138.66185,15.409348,0
162.67853,20.074892,0
-55.84236,92.74796,0
-58.07938,88.29693,0
96.884735,90.59125,0
30.833778,32.618637,0
-133.8674,50.464027,0
-108.01379,48.40933,0
-68.54408,-34.286427,0
100.73391,-83.257576,0
89.99999,107.327286,0
90.02702,107.95888,0
-5.6430655,-35.66197,0
-22.81809,10.13148,0
9.233936,-10.051332,0
59.92996,-122.753426,0
-128.19272,3.2475858,0
145.82657,8.536475,0
-18.497131,86.7547,0
-20.537924,85.96949,0
-1.8433123,-31.686592,0
-25.464586,5.8918023,0
0.31174332,-9.671289,0
61.25539,-120.973785,0
-131.69502,1.1927729,0
152.75487,12.644211,0
-22.160872,89.02157,0
-21.573694,89.21627,0
-0.28445622,-40.381298,0
-29.346106,10.474274,0
10.896938,-14.419766,0
56.276985,-128.7225,0
-139.7564,-11.124054,0
135.54184,4.2603545,0
-34.847946,101.37421,0
-35.807335,101.0813,0
22.389206,-82.098335,0
-68.944084,22.896095,0
55.728683,-59.918922,0
34.010124,-151.01144,0
-184.31393,-15.528793,0
150.97379,-33.02707,0
-58.277946,156.26462,0
-60.896915,158.34677,0
18.852688,-78.537346,0
-69.50441,17.197405,0
53.295124,-63.77537,0
31.981657,-145.17122,0
-177.41267,-13.326376,0
151.08379,-24.616562,0
-56.628036,153.40628,0
-54.551125,154.28957,0
85.81435,31.586409,0
67.51765,-10.341497,0
86.99039,30.138418,0
80.37275,52.09079,0
-66.857666,-13.398159,0
84.60853,-44.493053,0
79.41161,39.64104,0
78.593506,38.979607,0
-22.886503,-83.13628,0
-74.365,67.14228,0
-20.244383,-72.828575,0
41.61108,-163.03096,0
-174.63672,-51.07546,0
125.21551,-43.55281,0
-2.502049,137.76027,0
-2.7893121,136.78192,0
-46.78893,-76.207695,0
-15.093239,47.005424,0
-55.0842,-71.92031,0
100.24289,-117.033005,0
-117.257454,-45.38926,0
107.582436,2.1611767,0
35.35977,114.83353,0
35.420082,114.13546,0
-5.9166646,-107.49356,0
-75.70581,40.448067,0
-0.95761305,-115.57917,0
-5.1008353,-167.06956,0
-144.86511,-44.31129,0
157.93488,-42.247738,0
3.1548767,184.79181,0
3.1334093,185.04808,0
-68.81256,-55.506084,0
2.6659937,35.42592,0
-76.4621,-61.677868,0
101.399536,-141.15263,0
-149.03072,-76.59982,0
108.31595,27.40546,0
50.18873,86.67745,0
51.22164,86.45459,0
10.696949,-40.456974,0
-42.673965,-4.307682,0
18.987404,-19.848867,0
61.542385,-104.378334,0
-147.3061,-29.927378,0
178.20427,0.47667336,0
-25.704096,115.350555,0
-41.6026,91.744965,0
-7.182953,-107.81969,0
-79.94564,34.865307,0
2.6517127,-115.653114,0
-6.9462643,-168.72342,0
-149.26906,-39.158348,0
153.60379,-40.98973,0
-7.6434317,186.41568,0
-7.2540903,185.6346,0
5.1570044,-63.61145,0
-60.3995,3.870909,0
44.534035,-53.46871,0
25.79408,-126.6579,0
-156.24277,-6.416687,0
156.13232,-12.737338,0
-35.462303,127.932724,0
-36.433563,128.53441,0
9.501978,-53.111687,0
-42.915928,0.543895,0
36.9144,-43.731907,0
31.229145,-128.84654,0
-160.94817,-8.964356,0
159.47374,-17.30753,0
-51.000374,119.214745,0
-51.084545,119.25196,0
-18.145096,-59.68141,0
-68.974396,67.14075,0
-25.058315,-71.953606,0
48.023647,-161.68816,0
-168.66658,-56.021847,0
126.30718,-49.47786,0
-5.568118,130.69083,0
-45.143585,85.10725,0
-77.41234,-113.955284,0
-1.4157503,62.880184,0
-71.71614,-125.65594,0
-9.609323,-152.63936,0
-108.30317,-65.125244,0
86.81736,-8.488103,0
64.452126,147.3282,0
64.66754,147.32936,0
-68.45059,-57.06193,0
2.3528798,35.006386,0
-75.9083,-61.72794,0
101.53404,-140.34476,0
-149.36064,-76.32461,0
109.277145,29.227238,0
50.06963,86.33868,0
50.830338,85.58419,0
2.0023131,-32.794064,0
-26.191568,0.4827506,0
18.853241,-10.88802,0
59.23802,-113.18634,0
-134.75183,-4.1292696,0
146.11064,18.552416,0
-27.422466,83.96329,0
-27.915762,82.44077,0
15.069421,-46.467113,0
-50.056705,4.380089,0
37.331024,-28.96946,0
36.467712,-120.11229,0
-147.87683,0.81924874,0
156.79309,-2.2504773,0
-53.48807,113.4114,0
-52.913517,113.14217,0
-17.811272,-38.971725,0
-19.477848,24.01829,0
-7.908075,-14.747891,0
73.20539,-130.66293,0
-127.553406,-20.76261,0
125.694534,9.92243,0
-1.0905497,101.56444,0
-1.5949562,101.18754,0
-1.5981525,-37.706974,0
-24.933641,8.495607,0
13.950073,-10.684987,0
62.932575,-109.67039,0
-135.99728,-10.414739,0
141.6994,4.949814,0
-30.463776,100.144356,0
-21.384764,93.55691,0
-11.368862,-32.50255,0
-14.023137,10.262335,0
-0.2855274,-7.044041,0
70.16219,-119.32027,0
-122.27931,-8.178701,0
138.81877,15.548484,0
-10.531572,86.20685,0
-10.569025,85.73804,0
9.5269,-76.325836,0
-76.20364,7.3275375,0
44.791435,-64.11321,0
20.961922,-140.13222,0
-153.05894,-22.932852,0
141.80534,-16.170458,0
-36.421307,149.17737,0
-59.77952,137.1701,0
7.2773957,-90.29525,0
-92.85374,10.6716585,0
47.40815,-82.039696,0
13.267245,-155.29785,0
-164.78123,-30.478775,0
134.8179,-27.740036,0
-37.776997,170.41678,0
-39.7407,171.93927,0
-7.558935,-93.95005,0
-73.5753,51.31778,0
34.651634,-89.606705,0
28.611788,-163.09721,0
-170.44992,-36.5556,0
127.35516,-36.280663,0
-10.565291,152.23135,0
-14.15485,146.45576,0
89.56396,88.83934,0
27.794584,33.55156,0
-138.44041,39.76757,0
-106.48955,24.631489,0
-74.38625,-39.111927,0
104.92111,-81.291084,0
79.2965,95.1858,0
78.80572,95.15523,0
-29.844011,-51.55254,0
-32.404728,41.770206,0
-35.35916,-43.00142,0
69.74598,-146.59564,0
-109.89024,-5.4819255,0
138.90742,20.567429,0
14.660902,113.26016,0
14.778049,113.59458,0
-63.357567,-56.003113,0
4.779127,33.91314,0
-72.24854,-65.77547,0
98.114395,-138.6348,0
-147.10916,-77.6404,0
106.97608,26.046396,0
44.36851,89.616745,0
41.582035,90.07413,0
6.7091155,-36.702557,0
-32.43245,4.0202746,0
24.148943,-15.0613575,0
52.091496,-114.17611,0
-137.03503,5.697415,0
156.29832,17.2672,0
-34.060978,83.18357,0
-35.284176,83.6717,0
-11.181483,-29.281809,0
-10.669819,7.924694,0
3.196006,-1.4771143,0
72.7229,-116.73785,0
-124.00344,-12.703814,0
135.56523,9.974965,0
-6.8771577,89.75388,0
-8.570862,90.193,0
-16.203188,-98.19058,0
3.329117,51.771248,0
-36.551964,-143.59348,0
12.249365,-170.23691,0
-138.2752,-35.127182,0
118.182304,-16.53251,0
1.016637,161.95192,0
0.98551893,161.62328,0
12.148737,-90.71232,0
-82.04322,20.521154,0
53.497734,-78.51978,0
23.946682,-154.51376,0
-170.5885,-32.99687,0
138.44498,-32.733463,0
-44.885395,164.75592,0
-46.466915,165.12227,0
-77.11865,-116.60578,0
-4.311184,63.704895,0
-69.70178,-126.4542,0
-8.176315,-152.76515,0
-108.39387,-68.36717,0
89.154106,-13.123814,0
60.18638,145.3809,0
60.92576,145.48013,0
-40.216824,-92.90975,0
-72.01589,61.462086,0
-51.466473,-109.126495,0
32.701378,-177.28014,0
-123.82227,-70.216225,0
116.53954,-43.07595,0
20.099195,140.02866,0
20.598213,139.32735,0
45.399757,8.354921,0
8.434234,48.763897,0
47.920155,3.8279285,0
-99.17733,81.986595,0
-98.74045,-27.301413,0
141.25612,-75.40949,0
43.73312,44.899517,0
42.76192,45.53324,0
-46.789135,-65.88504,0
-19.413774,41.045742,0
-50.61433,-68.320694,0
86.59127,-133.03935,0
-121.3764,-35.841248,0
111.850655,9.030698,0
28.686373,106.55585,0
29.954233,107.60078,0
-30.41938,-78.548874,0
-68.0327,69.36924,0
-31.319042,-78.09432,0
49.870598,-163.03708,0
-171.58525,-60.25929,0
117.73462,-51.881466,0
1.3708483,130.104,0
1.8952161,129.79985,0
-28.723932,-98.58848,0
-54.65822,37.90955,0
-38.574738,-115.33605,0
8.326113,-186.92632,0
-129.60197,-48.316452,0
109.697105,-12.766215,0
17.386843,163.57326,0
17.888525,163.24818,0
42.047382,7.3844695,0
6.225804,50.008064,0
41.17788,3.12008,0
-93.8181,82.864105,0
-100.57872,-29.51155,0
144.92284,-73.04365,0
44.12722,51.302265,0
43.85744,52.279594,0
-21.678946,-43.205597,0
-16.007969,23.018154,0
-10.002845,-11.150892,0
72.90509,-134.61261,0
-133.17682,-22.172218,0
124.03805,4.0230703,0
1.3963034,107.121,0
2.4631214,107.787834,0
-42.796955,-104.00783,0
-52.776318,49.336502,0
-55.503517,-125.288704,0
20.507092,-184.96973,0
-129.39215,-61.825882,0
102.64003,-16.04497,0
35.474445,156.9677,0
35.99503,155.96335,0
-70.594894,-83.11232,0
-28.131628,54.85122,0
-82.834854,-97.63382,0
79.36878,-149.63756,0
-101.328384,-40.55422,0
94.54482,13.501717,0
7.6664643,98.90245,0
53.335938,117.8096,0
-18.049204,-121.50967,0
-85.96912,53.205,0
-17.91307,-126.59112,0
-14.222429,-184.68555,0
-152.67221,-54.670254,0
117.87274,-32.33388,0
22.09259,199.427,0
22.42742,199.31778,0
17.641613,-85.84721,0
-73.840744,18.510307,0
58.828087,-71.90988,0
27.010958,-146.6333,0
-173.83463,-18.109278,0
145.71318,-23.18867,0
-51.034813,154.0381,0
-60.282463,163.65164,0
17.849197,-34.03641,0
-37.14368,25.279593,0
26.057772,-25.298672,0
44.105198,-109.27948,0
-133.0685,16.85169,0
163.12488,27.596941,0
-56.46751,78.71224,0
-56.85894,78.54534,0
40.515858,8.46445,0
1.9142534,57.289597,0
39.270756,5.132054,0
-93.98609,83.21964,0
-101.582466,-65.30152,0
145.47205,-73.87717,0
45.588203,52.42532,0
45.510468,53.32103,0
13.743716,-87.24963,0
-79.04613,23.188007,0
51.57658,-73.88645,0
23.91781,-147.34236,0
-172.69362,-24.507212,0
122.41334,-17.060322,0
-20.188873,174.20819,0
-19.758577,173.62856,0
-47.183716,-95.68352,0
-46.06406,52.65462,0
-61.11999,-119.71794,0
27.827362,-186.64943,0
-119.450645,-65.111465,0
94.47676,-11.292722,0
33.75601,145.04578,0
32.770473,145.12228,0
-77.91198,-117.87198,0
-2.1226485,62.71085,0
-76.0463,-130.8484,0
-7.895728,-150.96901,0
-107.788155,-66.66816,0
88.51155,-10.796439,0
59.837326,146.64264,0
64.61571,141.31606,0
6.6308813,-68.63035,0
-61.45089,7.7768135,0
36.722393,-48.13039,0
28.510578,-129.93105,0
-155.3818,-10.035035,0
149.04236,-5.192662,0
-33.10393,129.33037,0
-36.4271,137.26195,0
-14.339409,-30.996803,0
-11.763365,11.577801,0
-1.4380041,-5.4830136,0
72.95459,-118.999344,0
-119.09172,-9.759794,0
135.31903,18.531889,0
-8.134854,86.49102,0
-8.435613,81.37881,0
-36.173103,-105.81699,0
-53.05753,42.74607,0
-52.591164,-122.23038,0
13.643376,-188.00343,0
-123.10425,-58.70346,0
106.29573,-14.946032,0
33.698006,165.9944,0
34.863678,167.33568,0
11.500829,-79.128365,0
-88.32671,2.2330964,0
39.82312,-66.806206,0
5.7982993,-148.63165,0
-151.01886,-26.167301,0
161.45108,-17.172693,0
-29.830296,176.75702,0
-44.786835,141.7991,0
25.364252,5.9263763,0
6.650136,16.317133,0
26.482456,2.8399496,0
70.346634,-92.44329,0
-95.99468,-10.861704,0
168.73195,-30.256102,0
26.879637,72.4938,0
27.48988,74.05637,0
6.8676114,-94.964554,0
-93.73635,6.947349,0
46.069393,-83.73606,0
5.929037,-145.19032,0
-160.97382,-33.461304,0
134.04095,-29.779745,0
-34.928555,176.13191,0
-35.273197,176.2211,0
-6.2057447,-91.694275,0
-85.71643,27.964895,0
32.05615,-89.84378,0
39.877316,-143.59328,0
-171.78877,-39.462307,0
137.23312,-38.65289,0
-16.184292,142.45297,0
-17.356955,142.63351,0
8.290013,-28.612003,0
-30.050886,22.92957,0
13.82891,-18.842882,0
51.672623,-104.828964,0
-126.90477,15.7195015,0
170.41689,15.104855,0
-44.644875,77.71351,0
-44.58054,77.42467,0
-36.3397,-48.87206,0
-24.169058,44.639896,0
-39.592457,-42.60694,0
80.311516,-145.82065,0
-107.8449,-40.069965,0
101.14188,10.095086,0
24.328787,110.41399,0
45.321583,122.89929,0
-25.268068,-118.532524,0
-88.22369,46.211834,0
-27.413506,-128.47118,0
-6.4625974,-188.59178,0
-147.94476,-57.827095,0
119.34653,-33.47815,0
25.366028,188.09846,0
25.448225,186.03899,0
16.195894,-40.618805,0
-37.7058,13.647536,0
29.45328,-23.347418,0
42.854324,-115.02186,0
-136.32207,12.528975,0
162.12437,14.856866,0
-61.33666,92.612686,0
-64.378876,91.86445,0
10.636885,-69.67566,0
-57.798965,35.30656,0
9.678376,-110.39721,0
23.888378,-132.63826,0
-161.50223,-7.528523,0
116.96848,-11.20878,0
12.918688,165.03755,0
-17.666761,171.88443,0
50.145214,19.100105,0
18.976473,50.15816,0
49.91518,18.829714,0
-116.97128,83.12088,0
-95.10485,-26.902805,0
131.48547,-81.896545,0
50.22371,24.965654,0
49.97648,25.092907,0
-5.1590714,-31.349453,0
-19.990921,3.5892272,0
12.690772,-6.4626164,0
63.391647,-116.16464,0
-133.39401,-7.7735744,0
143.67726,4.365697,0
-24.057732,97.738525,0
-23.879751,96.38403,0
-39.88494,-45.510864,0
-24.211687,47.52844,0
-41.214725,-43.065063,0
83.34433,-146.58357,0
-102.951355,-36.652744,0
101.55915,17.848152,0
51.126583,101.40839,0
50.995182,103.31891,0
85.28376,30.94102,0
68.10407,-10.246602,0
86.05567,29.463346,0
79.78855,51.921223,0
-67.16862,-13.570143,0
85.25004,-44.617016,0
78.44564,39.755238,0
77.90849,39.338604,0
9.174187,-67.483284,0
-63.8914,3.647977,0
49.428383,-53.027424,0
23.7859,-128.18102,0
-159.64003,-6.598554,0
154.9264,-12.859525,0
-35.949745,131.77231,0
-52.199013,140.33296,0
13.291221,-49.260845,0
-40.731304,4.700377,0
36.542446,-34.291603,0
50.19899,-122.943695,0
-128.09964,7.354002,0
155.23448,0.100908265,0
-51.14946,103.51243,0
-51.21822,104.177704,0
-79.60512,-110.60093,0
2.7779253,55.017292,0
-70.09682,-120.27874,0
80.711975,-143.37016,0
-107.32208,-37.425014,0
103.01791,10.544416,0
23.074474,111.80583,0
23.176376,111.67707,0
-7.389713,-56.487827,0
-37.05835,33.565968,0
-7.9157844,-50.89302,0
61.561607,-138.29689,0
-159.84561,7.949178,0
177.60841,5.4967318,0
-19.8704,118.82643,0
-19.414848,118.761566,0
8.767998,-39.29676,0
-35.225163,11.27705,0
29.444681,-17.60759,0
47.533375,-115.5699,0
-134.23984,10.494558,0
165.52496,16.753944,0
-57.325848,95.562546,0
-56.551125,96.14538,0
-24.092905,-110.480354,0
-70.657074,42.81639,0
-31.956919,-132.83269,0
-0.20501465,-177.75972,0
-142.46336,-48.46278,0
114.594406,-23.389498,0
12.105747,181.58884,0
11.990836,181.93248,0
-44.933212,-57.636776,0
-14.662667,35.072277,0
-45.1782,-49.224056,0
87.870766,-123.56804,0
-118.13115,-29.599974,0
113.44943,15.785736,0
24.190485,92.944084,0
23.150383,92.36601,0
19.07808,-65.11507,0
-62.873882,-1.222394,0
48.831554,-45.3087,0
15.855798,-124.323265,0
-158.89253,6.088849,0
170.70377,2.8280072,0
-54.976543,132.7509,0
-56.309917,133.96106,0
0.9622266,-74.827034,0
-77.480705,2.7565536,0
34.30807,-68.205635,0
17.346264,-140.85602,0
-154.69711,-20.981213,0
133.96008,-13.823918,0
-29.549635,143.88237,0
-26.543589,141.6075,0
-43.892654,-59.117683,0
-14.260492,38.00046,0
-47.304047,-51.484425,0
89.319305,-122.778496,0
-119.1628,-32.099216,0
110.4746,15.065904,0
23.564104,96.62495,0
20.916895,95.70492,0
-61.682404,-87.55609,0
-40.442875,59.06119,0
-70.81563,-104.801155,0
59.67466,-166.66309,0
-115.87227,-64.848755,0
179.5561,-18.865433,0
52.838886,130.94476,0
53.011135,131.69331,0
-18.265598,-99.20129,0
-65.77663,31.175545,0
-43.62546,-139.95526,0
9.302258,-171.02745,0
-132.75545,-39.219597,0
128.63686,-13.267129,0
4.866188,165.47516,0
2.728917,161.62628,0
-6.816399,-35.93465,0
-21.937887,10.424082,0
-0.12410945,-10.873372,0
61.827904,-122.863846,0
-128.28387,-2.0712545,0
144.43007,12.524435,0
-18.532986,87.41678,0
-19.226282,87.583954,0
-9.423859,-102.982704,0
-74.99399,32.804295,0
3.8192701,-112.813156,0
-0.7176383,-167.0105,0
-142.30655,-34.39681,0
153.48909,-44.503162,0
-6.437038,176.47527,0
-7.2586384,178.90463,0
3.0360157,-26.551247,0
-26.787083,18.242552,0
29.79742,-8.735549,0
53.114765,-119.58796,0
-104.60605,-23.20477,0
127.37114,14.667749,0
-39.321384,90.241646,0
-38.202415,90.00011,0
96.63399,52.90406,0
61.234943,3.0058014,0
-122.407135,80.18461,0
97.80621,54.271816,0
-57.63706,-20.147268,0
82.060455,-57.959385,0
99.59595,53.98972,0
99.50842,53.87839,0
-25.212246,-118.0147,0
-88.294334,46.058113,0
-27.599571,-128.06964,0
-6.6221485,-187.9009,0
-146.89444,-58.048515,0
109.71635,-30.758253,0
25.282845,187.58649,0
25.453514,187.31299,0
-33.029907,-95.8561,0
-61.9786,51.591827,0
-43.993168,-117.187805,0
23.626202,-175.41835,0
-126.76978,-54.440224,0
100.0178,-22.223732,0
19.406202,152.79013,0
19.044277,153.02307,0
92.93555,99.105194,0
25.0228,24.290346,0
-134.5493,49.79747,0
-108.85303,49.933643,0
-65.527405,-34.384678,0
99.661316,-84.66185,0
90.66593,101.454865,0
90.650734,101.515625,0
67.11594,21.12925,0
12.897347,18.403496,0
66.06291,21.26498,0
72.44471,-84.99271,0
-88.92834,-11.238221,0
173.07582,-34.80113,0
54.963524,56.892723,0
54.93497,57.032005,0
115.71534,44.367,0
59.36139,-12.272841,0
-125.518456,87.490036,0
128.05559,49.2308,0
-48.89309,-11.900261,0
71.14689,-53.447487,0
137.94774,56.798,0
139.5517,55.05188,0
18.189247,-32.255245,0
-35.998745,26.716272,0
22.24117,-27.751755,0
43.72774,-103.7768,0
-130.73445,17.240425,0
164.3726,25.897533,0
-53.671673,78.626854,0
-54.260605,77.97414,0
-49.774025,-96.3269,0
-45.637222,45.378674,0
-59.25609,-113.24022,0
28.857695,-191.31535,0
-120.1933,-57.54576,0
96.91449,-6.0280967,0
38.571156,140.2817,0
37.84788,140.62851,0
-64.3004,-59.25809,0
2.1289833,37.695263,0
-76.591415,-65.0678,0
96.41961,-141.76292,0
-144.49892,-73.670296,0
111.29348,24.426113,0
48.470673,93.663284,0
49.085224,93.30889,0
6.4529576,-85.47091,0
-90.444016,4.172998,0
45.033543,-78.6462,0
7.71519,-151.66672,0
-161.33495,-27.848768,0
124.71155,-23.296984,0
-39.59713,175.87698,0
-39.926815,176.98134,0
12.5588,-85.89199,0
-79.13506,17.202784,0
49.56449,-70.19233,0
23.283697,-150.33789,0
-161.07108,-32.197563,0
143.24455,-21.606447,0
-41.959732,155.57256,0
-43.933144,159.24095,0
6.7404923,-37.933796,0
-32.234047,12.676722,0
23.51751,-18.224127,0
51.215145,-108.49671,0
-131.37877,10.221818,0
160.05635,21.830383,0
-47.757706,76.996735,0
-35.645638,78.20578,0
-58.42491,-57.50999,0
-4.61412,38.881706,0
-56.66191,-52.976597,0
94.26508,-134.62015,0
-146.08226,-71.89001,0
109.005775,21.268845,0
38.68515,94.9427,0
39.13128,94.46507,0
11.355848,-90.489975,0
-83.048836,20.617777,0
52.287907,-73.64379,0
22.960218,-156.0824,0
-170.24841,-33.26249,0
135.30833,-32.850903,0
-16.897058,158.25955,0
-46.51797,160.06267,0
-52.362408,-81.669685,0
-9.5631,47.336414,0
-65.45301,-73.25018,0
100.920166,-125.9184,0
-108.06054,-46.861313,0
99.078514,6.2786736,0
23.34649,117.95407,0
22.897614,118.01027,0
-19.482748,-57.693428,0
-65.380714,64.83669,0
-25.193907,-69.260704,0
51.66648,-157.68515,0
-166.96034,-59.31202,0
127.939606,-57.227726,0
-1.509629,118.16109,0
-1.458893,117.234566,0
-28.052263,-60.580215,0
-63.590702,65.404,0
-29.247496,-67.46881,0
54.25153,-161.55397,0
-168.22278,-64.58123,0
122.394775,-51.723454,0
3.2356913,123.82143,0
2.86027,123.75516,0
24.559147,5.7172804,0
5.8328414,16.32819,0
25.829357,2.620766,0
70.39747,-93.47562,0
-96.75972,-11.491382,0
169.27989,-29.529963,0
25.998486,73.11976,0
24.969738,72.56774,0
17.656477,-39.079197,0
-39.135635,18.419641,0
34.678127,-19.151926,0
44.57773,-116.33411,0
-140.49432,16.550272,0
166.37752,14.30335,0
-54.540188,93.77296,0
-45.264404,120.44083,0
20.485565,-37.871494,0
-36.631718,14.582349,0
30.666626,-24.732132,0
42.384304,-113.44444,0
-135.97775,11.789476,0
164.47176,16.278906,0
-61.839203,90.78839,0
-63.640545,90.41183,0
-81.45394,-113.47996,0
-2.1364746,58.268936,0
-73.46956,-123.39733,0
-13.253804,-153.08263,0
-103.412155,-69.19273,0
82.517555,-9.210525,0
62.316624,152.7031,0
63.073868,152.84341,0
-18.269741,-82.58221,0
-78.00636,71.18356,0
-16.571062,-78.19925,0
37.28179,-165.06699,0
-178.17604,-46.606285,0
129.58083,-42.351215,0
-1.7768309,144.29309,0
-2.9289582,144.42528,0
17.945738,-61.36181,0
-55.37647,5.582048,0
40.75659,-46.365498,0
27.539816,-120.751915,0
-153.89836,-2.9153354,0
152.32108,-4.502162,0
-54.461117,126.03287,0
-54.488995,126.82696,0
-0.2343429,-75.1678,0
-78.124054,4.000843,0
36.797764,-67.331566,0
15.0273,-141.5412,0
-155.61162,-20.72549,0
133.82764,-15.13086,0
-31.81474,147.73518,0
-31.20085,146.47397,0
-41.274796,-98.891014,0
-53.35813,51.91904,0
-53.024902,-119.14325,0
22.628942,-183.18259,0
-126.803375,-66.20622,0
96.82962,-15.911978,0
31.976189,152.31749,0
33.75046,152.84633,0
24.370737,6.780367,0
6.130453,15.316118,0
26.619255,1.5786172,0
69.04907,-93.355446,0
-94.67671,-10.024464,0
171.07658,-30.513672,0
26.324774,71.531364,0
25.53997,69.88015,0
43.60705,8.375759,0
7.641571,48.37041,0
43.05146,3.6804054,0
-99.5053,81.91244,0
-99.8151,-28.453825,0
142.28285,-75.61258,0
45.111496,44.917454,0
44.310505,46.959515,0
27.206179,-61.236794,0
-61.626198,18.017365,0
55.030666,-67.52066,0
33.980232,-140.71834,0
-173.40741,-16.379375,0
140.53732,-36.621525,0
-69.342834,136.5662,0
-55.6598,160.99702,0
125.80539,73.20418,0
69.09803,5.7452974,0
-129.37204,64.1764,0
-108.648705,70.52762,0
-51.195667,-29.6941,0
84.56978,-66.7135,0
110.26167,72.77097,0
110.4272,74.09168,0
-4.407898,-98.29232,0
-74.91097,52.417027,0
-4.133113,-118.858,0
-18.313892,-176.05847,0
-162.60612,-49.89751,0
135.89456,-51.870407,0
13.478131,192.23921,0
-6.4976335,192.1051,0
-64.27813,-57.173702,0
3.2191885,33.646793,0
-73.36108,-64.52651,0
99.43016,-136.25171,0
-148.24695,-75.4368,0
105.42738,19.136818,0
43.22973,88.55353,0
48.13053,88.7762,0
8.534128,-84.6737,0
-82.90139,16.161406,0
45.85448,-74.95703,0
20.190199,-149.95714,0
-173.11691,-32.94073,0
131.70593,-37.98542,0
-40.07553,162.49745,0
-42.030632,162.576,0
2.6498218,-52.66952,0
-45.389748,28.860764,0
-0.84641063,-53.230255,0
53.19559,-135.26184,0
-142.1635,-16.470997,0
123.39558,-2.9771478,0
-39.25877,110.297806,0
-37.43244,112.89043,0
11.426257,-40.60247,0
-42.55811,-3.2479923,0
20.104067,-20.577885,0
33.08435,-114.18234,0
-158.68558,12.900864,0
173.21436,4.5571804,0
-44.103783,91.87267,0
-44.83943,92.047424,0
-26.9077,-110.73017,0
-68.159775,42.77858,0
-34.47261,-134.46437,0
2.3893638,-178.57814,0
-140.17038,-47.766777,0
114.42132,-20.723633,0
14.144753,179.40785,0
15.239622,178.31006,0
5.397759,-79.63766,0
-84.16046,6.485323,0
36.124832,-79.45411,0
12.106518,-143.98549,0
-155.15518,-24.65762,0
131.49312,-19.68465,0
-33.309475,151.6406,0
-34.61966,149.36235,0
10.190069,-48.255947,0
-51.232567,18.873074,0
33.960865,-71.234924,0
50.271465,-127.36656,0
-125.95439,6.9808426,0
151.49475,4.877168,0
-52.627506,106.862946,0
-51.97812,106.56699,0
-75.606094,-82.98344,0
-28.917526,60.653755,0
-78.42066,-83.140305,0
85.40305,-159.03864,0
-116.29001,-62.675335,0
85.60254,15.594967,0
55.74596,111.015366,0
55.385944,110.28606,0
9.7065525,-51.902702,0
-40.939487,0.7094411,0
17.85146,-2.4216788,0
32.75446,-118.99176,0
-129.25865,-12.492246,0
145.61053,-2.201525,0
-48.88428,117.85405,0
-48.67879,118.884926,0
-35.016403,-13.429414,0
-3.6724167,46.189278,0
-34.186947,-12.815965,0
50.384796,-146.04721,0
-112.44455,-35.14639,0
119.81805,30.51606,0
24.570011,115.27925,0
20.672794,118.45862,0
26.375408,-58.765774,0
-57.761765,11.93826,0
46.771202,-38.555496,0
35.392735,-136.63234,0
-169.70229,-11.064577,0
169.28586,-15.669941,0
-70.662384,131.54414,0
-67.63871,132.45859,0
-8.638891,-107.93438,0
-78.535835,36.049698,0
2.7123096,-116.15486,0
-5.304719,-169.6161,0
-148.72183,-39.6067,0
152.96306,-42.80926,0
-6.5406566,184.90715,0
-8.4345455,185.14459,0
35.821426,-3.3128855,0
-73.30718,42.98157,0
34.897984,-3.0752523,0
-87.31665,83.725784,0
-149.56929,-47.961494,0
143.86055,-65.17011,0
41.01179,61.021976,0
41.44086,61.205296,0
-20.44258,-24.276413,0
-4.2667093,18.278612,0
-23.130684,-18.143837,0
78.94692,-107.816086,0
-110.32787,-14.056509,0
127.12296,20.500856,0
3.554753,79.35222,0
4.532746,76.11485,0
2.7797723,-35.94091,0
-28.686014,0.6808576,0
17.73022,-13.364162,0
58.10158,-111.41215,0
-135.8367,-2.0847545,0
153.1621,18.40208,0
-30.412619,79.62079,0
-29.96401,79.17188,0
13.501323,-63.63861,0
-58.376675,-2.6173656,0
44.448162,-48.596508,0
21.747,-120.90878,0
-161.03368,-0.0019350387,0
147.54454,-11.559073,0
-45.81485,128.8397,0
-45.026516,126.70098,0
125.61423,97.07712,0
31.459015,17.949915,0
-141.86768,59.88617,0
-104.91612,60.07319,0
-56.97595,-36.502922,0
89.36209,-78.00866,0
117.89622,94.88091,0
118.022644,94.768394,0
-7.063695,-59.711964,0
-55.720585,28.628483,0
-7.9467955,-65.289474,0
56.072117,-143.64365,0
-142.01051,-18.658474,0
136.96301,-4.3601894,0
-23.170553,127.34051,0
-22.44637,127.24631,0
-37.13367,-18.03028,0
2.7086112,45.77968,0
-120.55547,36.749527,0
47.211563,-177.99431,0
-84.31081,-28.298859,0
116.731514,-71.669556,0
59.876488,72.182396,0
59.906193,71.89943,0
-30.429604,-29.968792,0
-8.719295,27.985027,0
-32.12435,-25.605679,0
83.4676,-119.4352,0
-117.10491,-22.956034,0
117.30018,19.12309,0
15.436405,87.14719,0
15.745793,87.37158,0
20.016102,-82.717186,0
-69.56383,22.268099,0
56.350567,-60.647343,0
32.79829,-151.00717,0
-184.38918,-16.103458,0
152.32233,-33.061626,0
-56.812973,156.4621,0
-54.752514,162.45557,0
-65.51169,-84.49889,0
-35.32717,47.980225,0
-76.492645,-103.85404,0
19.135744,-193.32649,0
-105.379295,-45.2116,0
93.4084,-2.7022102,0
50.91014,127.41363,0
51.429176,127.062004,0
-45.71209,-74.398026,0
-17.389656,46.509716,0
-53.89644,-70.119606,0
100.51397,-114.477165,0
-119.14271,-44.54517,0
105.75445,4.986378,0
32.836163,115.568726,0
33.346756,115.18718,0
20.36955,-45.21228,0
-43.09656,13.423953,0
34.933636,-22.961931,0
41.074215,-123.50393,0
-139.62,0.4217012,0
150.33208,8.796263,0
-61.08846,105.72446,0
-48.065712,90.628784,0
-18.131159,-42.813488,0
-17.795412,20.213535,0
-4.2881975,-7.860195,0
72.78928,-133.32022,0
-132.35246,-19.224346,0
126.31284,4.306344,0
1.1670731,105.59781,0
2.8930843,105.00867,0
89.79633,91.00644,0
27.888456,31.17663,0
-137.12885,41.62414,0
-105.46283,24.643904,0
-69.87025,-38.514908,0
103.383446,-83.055374,0
82.27883,95.86575,0
82.30594,95.99693,0
27.576677,-45.97623,0
-43.325027,22.892616,0
42.64822,-19.806084,0
48.148827,-139.62727,0
-148.95967,18.03627,0
165.39319,-5.5093675,0
-77.056244,103.84798,0
-78.842285,105.436646,0
43.65729,6.5060782,0
9.792436,43.277164,0
44.121902,3.457093,0
-95.8636,82.52865,0
-101.89722,-24.957455,0
143.27858,-72.93235,0
42.953648,49.962135,0
43.268776,50.772232,0
-19.194973,-23.76765,0
-3.6448357,17.167048,0
-21.300974,-20.585705,0
80.13449,-105.49784,0
-109.611275,-11.651962,0
112.07297,-56.24848,0
1.1193115,81.06772,0
2.6906774,76.59191,0
112.955,60.540684,0
65.72378,4.411601,0
-127.818535,65.36959,0
-118.89554,81.097565,0
-49.176598,-28.38001,0
82.057396,-62.478848,0
109.67547,63.68405,0
108.81834,64.17084,0
1.891056,-27.12011,0
-37.4242,4.2180824,0
31.637867,-9.569936,0
53.630314,-121.34252,0
-127.83504,-10.637166,0
152.86084,9.465605,0
-27.064001,94.6794,0
-37.201286,92.794785,0
-8.214626,-116.661705,0
-75.00389,47.805786,0
-7.9789996,-119.9107,0
-14.877942,-172.73682,0
-158.21445,-45.393547,0
140.01231,-49.055733,0
3.666024,201.40543,0
1.9178989,201.98679,0
1.8987181,-34.371273,0
-26.63859,0.32912704,0
17.333157,-10.213914,0
61.579662,-112.148544,0
-134.9696,-5.0995426,0
145.79565,15.522031,0
-28.016432,84.48295,0
-28.6581,85.32243,0
2.864677,-35.21689,0
-29.544765,1.7029878,0
20.801735,-13.974875,0
55.32737,-113.23517,0
-137.51956,0.1690083,0
153.90454,17.722013,0
-30.813164,82.588165,0
-31.067623,83.02516,0
-8.143659,-53.80606,0
-35.934196,32.553772,0
-9.043434,-51.687916,0
62.39239,-136.66997,0
-118.154106,1.1163309,0
146.7199,23.211739,0
-21.252998,117.68512,0
-21.555866,116.817856,0
-10.968206,-59.82142,0
-31.373022,33.73646,0
-12.654724,-48.496258,0
50.01281,-120.449265,0
-115.88227,-2.1699479,0
149.88535,4.3037195,0
-14.878848,119.66277,0
-14.75941,119.61238,0
-63.458084,-87.66612,0
-38.240597,58.9101,0
-71.88193,-103.13732,0
75.77408,-162.60751,0
-99.779144,-51.98637,0
91.45627,-16.755857,0
56.0717,128.47017,0
56.302013,128.69624,0
-15.954442,-65.209274,0
-70.662575,54.304855,0
-17.219828,-69.228035,0
45.612186,-155.93764,0
-164.67017,-50.4478,0
131.37979,-50.420673,0
-10.482462,133.13934,0
-9.254692,133.62822,0
-22.013292,-56.779415,0
-63.518845,58.676037,0
-23.715189,-66.51865,0
51.490753,-154.0211,0
-165.60837,-47.88075,0
132.1722,0.43849465,0
-7.7614217,118.68793,0
-6.9508247,118.639885,0
-26.917791,-57.69158,0
-62.58882,62.446644,0
-27.824516,-63.930695,0
55.732838,-158.3123,0
-165.03049,-61.906166,0
121.39719,-55.235447,0
0.30499527,121.11838,0
0.87513053,120.684,0
113.009476,45.061485,0
56.396946,-12.314712,0
-126.838974,85.979576,0
126.86394,51.340923,0
-49.556,-13.653957,0
73.18037,-52.348488,0
140.47694,59.492558,0
141.76675,57.893997,0
19.252937,-47.596355,0
-44.816303,13.949417,0
40.07748,-26.36821,0
43.83598,-122.65796,0
-139.8533,7.8259883,0
158.0654,10.334344,0
-63.73127,105.5428,0
-65.08783,104.86428,0
-2.339323,-103.837,0
-79.6516,30.91281,0
-5.821878,-117.50452,0
-10.539409,-166.697,0
-147.0713,-32.166843,0
157.22339,-38.44464,0
-12.82085,190.57983,0
1.0548253,201.30432,0
12.346145,7.2619734,0
16.558584,33.72823,0
13.08207,6.3809457,0
30.54617,-100.64464,0
-87.94829,-36.165222,0
97.00882,25.64799,0
21.46216,60.462772,0
21.377653,60.47149,0
-30.634935,-113.093864,0
-62.732765,32.639797,0
-38.12057,-127.35311,0
-3.0852778,-176.44481,0
-136.90604,-57.914616,0
118.767876,-25.637072,0
6.60125,167.16856,0
26.730265,175.495,0
17.91507,-79.54698,0
-70.17709,17.676662,0
53.103367,-65.15223,0
30.111925,-146.64885,0
-178.96664,-15.583578,0
148.9903,-27.050219,0
-55.811283,154.26132,0
-55.329205,153.52583,0
-75.3012,-116.165596,0
-3.4037733,64.28589,0
-68.52161,-127.113144,0
-7.949905,-154.24449,0
-108.980316,-66.47695,0
87.58405,-11.293887,0
58.24985,144.90414,0
57.002823,143.78519,0
69.18333,-26.104662,0
-102.65897,-95.642845,1
71.44114,-35.526115,0
-45.513645,-163.89624,2
-128.01114,-104.38065,1
193.87282,5.4433565,0
-112.15542,112.012695,3
-114.52864,113.188385,3
-31.39269,-103.84738,0
-54.87126,40.223545,0
-36.576458,-116.31967,0
9.904741,-187.70282,0
-131.90652,-49.91793,0
108.80351,-10.248545,0
21.53621,165.60837,0
21.163189,165.92162,0
-44.1208,-103.122765,0
-50.06031,46.51261,0
-53.552124,-122.723625,0
20.646938,-188.71533,0
-126.98927,-61.042194,0
104.43833,-14.638757,0
33.344696,160.89824,0
39.518482,155.15642,0
-4.2866125,-103.181244,0
-78.100945,31.419628,0
-1.0764631,-58.594784,0
-3.756342,-164.86368,0
-147.9705,-33.50347,0
182.84756,1.0644895,0
-10.190506,179.09264,0
-10.649892,179.88182,0
86.93164,33.45741,0
66.20378,-10.057123,0
87.645645,32.55453,0
81.562164,52.24375,0
-65.601906,-13.837908,0
84.30996,-45.965557,0
81.95388,40.0719,0
81.95788,39.854866,0
-33.35403,-48.38554,0
-30.419802,44.03455,0
-36.820457,-42.393738,0
73.49939,-148.0879,0
-106.059845,-40.26857,0
95.7074,11.72824,0
19.08271,110.273,0
18.843466,111.59021,0
114.35081,45.01429,0
57.72641,-12.346965,0
-126.50983,86.37962,0
127.66013,50.753162,0
-48.597736,-13.393247,0
71.776924,-52.214287,0
138.64265,59.393604,0
140.26826,56.99475,0
98.915115,89.4101,0
32.019547,33.557957,0
-132.60017,45.53427,0
-106.93199,46.02754,0
-71.22914,-36.873466,0
102.21267,-79.63172,0
94.33686,110.83396,0
94.03888,110.4143,0
-63.532665,-58.473396,0
0.13925926,35.05617,0
-70.53384,-63.088837,0
101.83861,-135.89227,0
-149.55888,-74.601295,0
109.19023,23.896154,0
41.85118,86.94831,0
41.38778,86.14045,0
96.68083,90.75456,0
31.056124,32.716568,0
-133.77963,50.635952,0
-108.03492,48.483677,0
-68.45805,-34.16578,0
100.86836,-83.20645,0
89.93776,106.9234,0
90.078125,107.709656,0
89.81781,90.04015,0
28.429241,32.23407,0
-139.18747,40.31924,0
-106.0224,24.46319,0
-72.62835,-39.27825,0
104.39174,-81.77043,0
80.653114,95.555565,0
80.53013,95.30868,0
-23.294964,-89.39925,0
-80.57771,59.87625,0
-21.298374,-89.075,0
34.53286,-171.11024,0
-169.78761,-52.532635,0
124.70858,-46.45538,0
6.8646083,148.12254,0
19.28189,184.25368,0
-34.343758,-58.94805,0
-58.879303,66.86379,0
-36.193436,-57.966537,0
60.134495,-162.14096,0
-167.13332,-67.59208,0
115.55578,-54.594376,0
9.971443,120.19137,0
10.282269,120.07016,0
-48.767242,-82.229324,0
-12.229069,52.872295,0
-62.09457,-76.20367,0
104.43011,-121.97061,0
-112.77415,-49.10063,0
103.060974,-0.7106537,0
37.264214,126.23089,0
38.450424,129.55304,0
8.48966,-82.082825,0
-80.45083,11.3294935,0
44.609867,-70.02336,0
19.380798,-145.70786,0
-162.10555,-20.211164,0
138.24623,-22.05421,0
-36.471024,152.1466,0
-37.2096,153.29291,0
4.982174,-49.99844,0
-47.31195,25.101982,0
-0.57415986,-51.68584,0
48.829277,-133.27306,0
-143.15323,19.041746,0
163.48978,-3.1062105,0
-45.34244,108.38382,0
-44.393497,106.903305,0
75.01083,-26.424734,0
-105.42068,-101.81193,1
76.323784,-30.66386,0
-50.34109,-163.97714,2
-124.10906,-102.33206,1
192.1128,9.769282,0
-103.263504,115.701,3
-102.70154,115.03163,3
18.591597,-38.39636,0
-37.234226,15.8115225,0
29.20922,-21.035904,0
43.102386,-112.98177,0
-135.2696,14.54424,0
164.98009,17.585835,0
-59.271908,90.517555,0
-57.280212,87.80607,0
93.48502,51.39492,0
65.98388,-1.5830909,0
93.556465,51.52255,0
88.11341,50.95154,0
-60.237408,-18.213434,0
85.82039,-51.124786,0
90.71122,47.983967,0
90.84039,47.95564,0
20.689188,-66.24411,0
-63.42756,-3.1115444,0
49.45971,-46.4911,0
17.661806,-123.923676,0
-167.91748,2.392696,0
171.93416,-1.1873636,0
-52.203743,133.93745,0
-52.2417,132.59235,0
-15.196895,-104.99163,0
-72.1546,37.51393,0
-33.25838,-139.89975,0
0.6327193,-172.0872,0
-141.93315,-42.111572,0
116.10107,-18.434418,0
-0.3643991,178.3905,0
0.24421489,179.63263,0
-11.370528,-89.60461,0
-91.35499,26.996944,0
32.390892,-87.35793,0
26.458857,-164.74619,0
-171.19884,-41.20971,0
134.87843,-40.538914,0
-13.346458,148.59648,0
-12.812005,148.67595,0
-32.672226,-70.371895,0
-63.0739,68.643074,0
-30.61924,-70.29327,0
54.65565,-165.40807,0
-173.21432,-65.673515,0
114.1694,-50.26113,0
8.448995,129.3923,0
8.434747,130.02917,0
-49.722332,-81.77109,0
-13.295367,52.807995,0
-61.062904,-75.87563,0
103.40074,-123.17827,0
-111.88664,-49.182068,0
106.05368,-2.14354,0
37.04247,123.81249,0
39.6831,124.066345,0
-20.45589,-96.603676,0
-69.64026,34.745014,0
8.463376,-115.04095,0
2.4945207,-170.58865,0
-153.04333,-36.451473,0
119.87093,-21.383762,0
-0.39769888,171.85265,0
-0.7321201,170.58331,0
-22.478983,-60.884007,0
-66.319595,59.456223,0
-67.31007,-64.24312,0
54.728195,-155.11134,0
-162.46184,-61.149014,0
125.262184,-55.704178,0
-4.261017,123.12169,0
-4.4904895,123.113434,0
48.576427,8.7344055,0
11.585723,47.283176,0
49.560307,7.381896,0
-104.00639,80.85583,0
-98.31318,-24.905357,0
138.88062,-77.08713,0
44.10591,39.167187,0
43.916935,38.8331,0
-19.566683,-122.30915,0
-86.44079,53.75443,0
-19.269617,-127.47508,0
-14.652009,-185.1821,0
-154.7064,-54.664913,0
115.9621,-32.783535,0
23.009258,200.27275,0
23.909119,199.94112,0
96.44759,90.67179,0
30.482243,32.38578,0
-133.79985,50.727104,0
-108.06905,48.492622,0
-68.34031,-34.0768,0
100.739746,-83.39914,0
89.559044,107.08894,0
89.38116,107.66168,0
-5.804405,-78.42196,0
-45.600567,37.073753,0
-7.563523,-69.46906,0
58.94146,-148.1476,0
-121.37558,-49.701405,0
129.90404,-12.03946,0
-20.544397,134.3585,0
-20.19258,134.8639,0
68.91035,-24.347902,0
-101.43968,-96.65316,1
70.47878,-37.894485,0
-46.163036,-164.47136,2
-126.75334,-104.46368,1
195.81454,7.143593,0
-111.08389,111.74684,3
-113.11241,110.722374,3
15.548474,-36.45872,0
-35.00173,19.29811,0
40.634693,-44.929512,0
42.66588,-107.940544,0
-132.63329,22.461374,0
168.23701,16.686245,0
-53.687763,86.70292,0
-53.559814,86.916016,0
-84.39206,-122.115105,0
5.136312,61.461456,0
-80.473816,-129.30984,0
-11.009002,-145.69775,0
-102.34311,-61.327656,0
84.8944,-2.792998,0
68.815094,140.90503,0
68.634254,139.44154,0
97.360306,52.444473,0
61.78855,3.7415323,0
-122.32326,79.305954,0
97.885376,53.474396,0
-57.780514,-19.811094,0
81.84467,-57.6256,0
99.42843,53.37551,0
99.2402,53.15255,0
15.147923,-62.89982,0
-59.620983,-3.9217632,0
43.482403,-47.32775,0
20.74192,-118.71458,0
-159.82555,2.6384063,0
146.09656,-9.897732,0
-47.216785,130.30318,0
-49.057068,124.98342,0
-13.339983,-65.97229,0
-89.17063,28.503254,0
-14.244939,-71.53311,0
40.995155,-156.34105,0
-168.77295,-45.09652,0
135.40587,-42.522125,0
-12.960212,136.67546,0
-8.964466,139.06041,0
42.17731,8.634972,0
7.2335024,46.09031,0
41.08337,5.3733845,0
-100.01889,81.594696,0
-98.130844,-31.384214,0
143.15706,-75.75322,0
45.888824,47.16945,0
45.569645,47.609726,0
-11.093545,-109.54676,0
-77.78504,39.159687,0
1.0918711,-118.83946,0
-5.761923,-171.65485,0
-148.90746,-42.250076,0
146.42093,-45.13079,0
-4.0116653,186.86516,0
-1.9123768,186.10065,0
72.11347,-27.51236,0
-105.24766,-99.25912,1
74.1916,-32.924324,0
-48.8678,-163.19145,2
-127.31875,-99.48362,1
193.74586,6.184579,0
-107.19808,114.660965,3
-108.85824,117.2003,3
-12.249607,-25.632427,0
-7.9040127,9.436189,0
-18.647516,-11.176226,0
73.25046,-115.79191,0
-122.56897,-10.714504,0
132.71948,12.100025,0
-3.746487,88.31776,0
-3.3343685,88.22565,0
-47.66835,-96.90243,0
-46.225334,51.37963,0
-60.537056,-119.89351,0
26.856546,-188.67125,0
-120.08149,-62.745316,0
97.58315,-8.902263,0
34.596306,146.0855,0
34.31802,146.62244,0
-14.088975,-63.520138,0
-68.33807,54.30708,0
-17.963232,-67.19018,0
46.272938,-154.28067,0
-165.92625,-53.532158,0
131.27022,-53.625397,0
-12.696307,130.21605,0
-14.119937,129.77003,0
-48.33053,-79.41588,0
-13.076771,50.11707,0
-59.028606,-75.212685,0
102.20978,-120.19841,0
-114.32398,-46.660007,0
109.577324,4.757365,0
34.665295,121.21703,0
33.806904,119.22934,0
-82.80359,-117.561775,0
2.192985,59.723267,0
-78.36183,-125.58429,0
-12.507935,-148.48318,0
-102.18182,-64.33972,0
81.25932,-6.4278812,0
67.64731,147.3337,0
70.14532,148.33968,0
-41.57592,-81.368225,0
4.9060526,19.832348,0
-51.73495,-68.7019,0
74.41225,-94.58879,0
-96.24495,-13.993034,0
166.21263,-30.263628,0
27.196447,118.70682,0
27.399822,118.720985,0
14.399187,-52.415627,0
-46.277718,4.628357,0
39.967464,-34.889397,0
35.931694,-124.86588,0
-151.41806,3.4867122,0
157.06459,-3.3398461,0
-59.773453,117.084915,0
-60.029682,117.527176,0
-29.862574,-101.06478,0
-54.503674,38.06798,0
-37.836025,-116.647705,0
8.934769,-186.68776,0
-129.17085,-48.781956,0
109.87759,-8.891805,0
17.171604,163.88844,0
20.02919,163.21217,0
8.904618,-85.58132,0
-82.52234,14.562656,0
44.49211,-72.06786,0
18.778189,-149.57266,0
-166.76115,-24.716667,0
138.3652,-25.170372,0
-37.62799,161.17104,0
-37.920753,161.62007,0
-22.933975,-39.93846,0
-16.935472,27.584145,0
-13.43722,-17.55894,0
78.37216,-130.50049,0
-125.48022,-22.235224,0
117.0099,7.427171,0
0.4237017,92.33641,0
1.0602839,91.243256,0
-3.121221,-42.023148,0
-27.368204,13.675382,0
6.227942,-16.91483,0
56.320747,-126.19612,0
-124.42513,3.0075052,0
147.47481,3.4496174,0
-39.450623,98.93596,0
-39.461803,98.72335,0
-40.152023,-59.669876,0
-13.923449,42.09822,0
-39.30937,-58.540134,0
63.182373,-161.29399,0
-115.08649,-35.929237,0
107.733284,-50.507492,0
22.324835,101.36105,0
21.876953,101.516914,0
77.619026,81.33346,0
24.380178,25.653322,0
-128.41985,38.02113,0
-112.07906,37.001175,0
-78.61215,-39.246456,0
113.3151,-80.37955,0
74.26396,81.54446,0
74.250145,81.39635,0
-15.442361,-32.256725,0
-12.185956,13.39286,0
-3.1501322,-3.917925,0
74.51731,-119.13025,0
-117.90164,-7.5698295,0
135.48296,17.14481,0
-5.628301,85.80655,0
-5.8743286,85.36902,0
-32.539364,-106.07345,0
-60.951374,46.158302,0
-39.71032,-126.30117,0
14.800738,-178.40479,0
-134.57701,-59.3888,0
108.789825,-19.654688,0
23.126543,159.42331,0
23.223637,160.19116,0
-45.1081,-61.278275,0
-16.400627,38.618694,0
-44.945385,-53.96093,0
91.99005,-123.978584,0
-116.18692,-33.462383,0
108.24729,14.587655,0
26.039688,99.22307,0
25.974415,100.20541,0
-5.2399936,-37.34617,0
-22.11169,13.767075,0
2.9899383,-14.234278,0
64.089836,-127.72,0
-123.281525,-0.07993825,0
142.25073,8.189891,0
-19.928387,77.48693,0
-20.278679,76.63461,0
-46.138947,-97.805954,0
-47.581512,51.140087,0
-58.48553,-120.05296,0
25.498436,-187.74864,0
-122.65811,-64.0633,0
97.4282,-11.561789,0
36.883682,148.71492,0
37.660973,150.50565,0
11.149521,-81.691246,0
-79.11014,13.807499,0
47.06835,-70.841095,0
21.062336,-146.1966,0
-149.17923,-23.033913,0
137.097,-13.56598,0
-38.460068,156.52956,0
-43.23468,151.0148,0
0.9270652,-77.36953,0
-80.287125,3.964197,0
39.941032,-75.29407,0
13.45905,-148.91946,0
-156.57791,-22.080215,0
131.74214,-14.750528,0
-30.943567,148.49602,0
-29.97843,146.44217,0
-76.518456,-116.01022,0
-2.126338,64.03332,0
-70.61077,-127.18406,0
-8.724544,-153.3303,0
-107.759834,-65.624214,0
88.28224,-9.7868395,0
59.664104,145.61832,0
64.698845,146.33957,0
-40.00443,-46.025475,0
-24.359388,47.166733,0
-40.202232,-42.970425,0
82.62363,-146.40176,0
-103.341866,-37.674355,0
101.01092,16.77202,0
50.861584,101.90835,0
50.27241,102.65511,0
-2.3059664,-91.91315,0
-90.7355,19.327492,0
39.341225,-85.07638,0
21.360981,-161.7279,0
-169.26752,-39.279964,0
124.581245,-29.886354,0
-14.889751,161.58269,0
-18.428993,162.17465,0
-78.18918,-115.33796,0
-4.171669,61.52221,0
-69.970184,-122.575806,0
-10.885705,-153.09059,0
-106.3736,-67.2218,0
88.09098,-7.48905,0
61.270176,148.11354,0
62.29986,142.90324,0
70.21307,-25.829912,0
-103.33209,-99.6043,1
73.891106,-35.80889,0
-47.72495,-164.46358,2
-125.85814,-101.473785,1
189.72937,7.8922963,0
-108.38036,113.51345,3
-105.17596,109.177925,3
19.525896,-48.88442,0
-47.8027,11.6314335,0
45.244278,-29.53553,0
42.84346,-122.20164,0
-147.12474,9.797846,0
162.88438,10.116716,0
-64.09966,107.78037,0
-64.388435,113.473526,0
49.885292,10.988384,0
13.708602,49.760124,0
51.083767,10.141001,0
-106.901146,80.44367,0
-96.63499,-24.339235,0
136.3997,-78.37127,0
45.277004,34.306488,0
44.591854,35.516647,0
-47.176228,-74.88527,0
-16.233057,46.715916,0
-55.60749,-70.790016,0
101.08983,-115.53767,0
-117.76288,-43.994705,0
106.21653,6.0706396,0
34.221657,114.78731,0
34.827404,113.368,0
29.624712,8.8571415,0
10.336038,18.196022,0
30.680105,7.460396,0
71.99971,-87.88333,0
-91.184364,-11.317472,0
171.3213,-33.605442,0
32.41889,70.16442,0
32.3987,70.33737,0
1.3221904,-38.749596,0
-27.901022,9.6144905,0
18.117622,-15.087069,0
57.94975,-109.25937,0
-138.34079,-5.746963,0
156.6894,21.029213,0
-33.14775,101.69874,0
-27.126558,76.6902,0
-48.163197,-56.411736,0
-11.420638,34.764854,0
-48.29008,-47.082394,0
87.42965,-127.15835,0
-120.90909,-28.932413,0
115.128334,13.638537,0
27.355045,91.29923,0
28.398468,89.738884,0
66.889984,34.70702,0
21.377268,21.644062,0
66.77412,34.707443,0
72.83634,49.94131,0
-79.22176,-14.331581,0
92.082954,-48.442936,0
64.09557,46.714752,0
64.00471,46.750607,0
19.66082,-81.3823,0
-69.98949,19.705996,0
57.418762,-61.880505,0
31.190027,-148.84619,0
-184.17915,-13.275862,0
148.5377,-29.222153,0
-59.27948,159.10577,0
-59.660137,159.62051,0
-4.200796,-71.45098,0
-78.50197,-1.3169643,0
33.268787,-67.58507,0
61.07985,-147.7717,0
-109.31907,-47.227596,0
109.30836,-0.37141147,0
-24.212177,142.29228,0
-24.326187,141.80779,0
3.2158875,-41.572903,0
-32.919373,-0.6292892,0
14.370729,-12.800361,0
27.294703,-122.53932,0
-141.34782,-5.473995,0
141.55371,-1.3236533,0
-31.846897,104.7039,0
-32.023895,105.04978,0
84.64968,81.68359,0
24.451326,37.919437,0
-131.86514,39.324284,0
-110.95108,36.17533,0
-77.76597,-37.167137,0
111.56022,-79.52459,0
71.46376,84.374565,0
70.989815,84.293976,0
17.017235,-83.0131,0
-62.488274,20.204964,0
54.366558,-68.195854,0
30.631815,-155.08252,0
-170.50444,-16.318825,0
138.25233,-36.84111,0
-65.590904,144.4812,0
-53.693768,164.67465,0
-1.0202518,-102.526245,0
-80.79536,31.00376,0
5.883406,-104.92869,0
-8.818488,-165.50906,0
-147.80501,-32.055225,0
177.12437,-0.35818377,0
-14.157985,188.78891,0
-14.838925,188.72029,0
-10.251006,-37.867943,0
-20.847027,13.378255,0
2.1010888,-13.1673765,0
63.45985,-126.819374,0
-123.870056,-2.7152708,0
141.73848,8.128098,0
-9.22738,98.38011,0
-14.02557,90.28515,0
-23.649092,-27.41903,0
-5.8841543,21.475895,0
-26.379839,-16.649702,0
77.80824,-111.470055,0
-111.43573,-18.01953,0
130.93076,25.207846,0
7.6267242,79.091606,0
8.059941,76.9866,0
10.51163,-45.665848,0
-53.960373,7.028938,0
28.62587,-36.79089,0
31.553724,-132.09908,0
-148.88618,5.261293,0
148.79716,1.7745572,0
-53.90635,110.13858,0
-54.51053,123.828705,0
15.206187,-49.45789,0
-47.225555,13.725523,0
38.69872,-27.938627,0
41.520054,-120.74266,0
-140.72792,8.539495,0
160.3118,5.76419,0
-66.01843,111.37963,0
-66.14593,113.27389,0
-62.460392,-58.823086,0
-0.6849006,36.233803,0
-71.842285,-66.4425,0
100.13917,-133.94199,0
-150.4735,-71.91226,0
111.85631,23.251444,0
39.633873,87.53378,0
40.199867,87.70558,0
-42.040974,-98.70792,0
-53.138767,52.114014,0
-54.069664,-118.52954,0
22.852293,-183.69235,0
-125.764915,-67.81666,0
96.66733,-17.126488,0
32.311543,151.90578,0
31.839363,150.58885,0
-12.924364,-61.572598,0
-52.18285,31.876448,0
-2.0288901,-65.707695,0
47.231915,-152.04587,0
-164.05423,-53.986423,0
129.29529,-52.987827,0
-14.935958,126.36799,0
-15.473356,125.92734,0
-14.727097,-120.94673,0
-81.457664,52.197823,0
-11.988333,-125.210205,0
-13.980102,-180.04472,0
-154.32426,-51.763706,0
117.83839,-35.929043,0
13.389647,200.03578,0
13.054995,201.24535,0
-32.697205,-106.59305,0
-60.71543,47.264084,0
-41.475307,-125.89861,0
15.851881,-178.84868,0
-135.29735,-65.32749,0
98.26028,-24.321283,0
23.653378,158.63718,0
23.960657,160.31892,0
-69.77215,-53.53319,0
7.213552,35.959934,0
-76.54346,-58.1897,0
99.662865,-143.59973,0
-142.87352,-77.381226,0
102.69647,25.473726,0
52.122887,95.56871,0
51.88792,95.1374,0
89.382935,97.061165,0
25.536871,25.823977,0
-130.14882,40.719975,0
-104.75113,21.485325,0
-65.36066,-35.34032,0
100.86733,-86.76369,0
88.67248,98.21782,0
88.78485,98.32184,0
-57.811867,-57.176548,0
-5.0945396,38.93212,0
-56.117638,-51.56355,0
94.00617,-134.6113,0
-126.88633,-33.6256,0
108.915726,21.46487,0
38.520634,95.00472,0
39.358326,94.95172,0
-23.71272,-92.57028,0
-79.70269,60.168777,0
0.27670425,-128.12283,0
32.220085,-171.21707,0
-170.52202,-50.338943,0
122.90984,-45.045753,0
6.756928,150.5641,0
5.5526433,151.35515,0
13.838013,-57.11678,0
-53.199837,5.939286,0
42.078823,-41.02285,0
29.695328,-131.07635,0
-157.41867,-11.862941,0
152.6169,-13.379297,0
-35.225433,134.05258,0
-53.643642,120.759995,0
-39.26168,-104.35345,0
-50.809784,46.044476,0
-51.291412,-124.586235,0
20.304214,-188.68196,0
-129.20735,-60.464497,0
104.31943,-13.60308,0
34.65123,160.88168,0
36.850853,161.06897,0
-3.076146,-79.798874,0
-82.003265,7.2583847,0
36.476612,-73.76607,0
16.314234,-146.00746,0
-160.90154,-25.85867,0
131.13185,-18.903713,0
-29.811981,156.08205,0
-29.921429,155.3352,0
-28.081194,-100.06075,0
-56.103497,36.56487,0
-36.88222,-119.68199,0
9.609757,-184.28087,0
-129.124,-46.08842,0
114.71258,-8.66316,0
14.06318,164.0589,0
13.473876,163.33078,0
108.52579,45.080105,0
54.959103,-14.307532,0
-125.71597,75.67339,0
105.16228,44.651466,0
-54.969643,-15.169816,0
79.91958,-53.989098,0
105.44485,46.515812,0
105.78179,47.070766,0
-20.122126,-25.500517,0
-5.0575347,17.417856,0
-20.35598,-19.356485,0
79.77018,-107.04495,0
-107.52437,-16.035347,0
128.87874,23.993898,0
2.6329803,79.75103,0
2.163681,79.77077,0
-8.797293,-100.03811,0
-72.97152,29.538912,0
0.58653194,-109.12889,0
2.4351742,-164.41446,0
-135.39174,-38.1119,0
95.814125,-0.632991,0
-7.49167,171.64835,0
-9.896215,172.38498,0
88.798965,93.76799,0
27.498056,30.30064,0
-135.45856,45.15022,0
-104.68167,24.2134,0
-66.96765,-36.229626,0
102.20216,-85.695244,0
86.02564,97.64136,0
85.49259,97.80749,0
-0.65610474,-91.21899,0
-87.70254,15.993799,0
41.733864,-84.48161,0
19.090118,-155.76268,0
-164.82819,-32.25347,0
129.13527,-26.767878,0
-21.132477,164.20924,0
-19.717386,165.96075,0
-8.202707,-41.756035,0
-24.004833,17.07088,0
1.6299775,-18.713419,0
59.951344,-131.02147,0
-180.95457,-36.573418,0
142.22449,33.74934,0
-16.340963,99.595276,0
-15.353271,99.550255,0
-5.4342937,-45.80443,0
-28.721771,15.746797,0
3.5550928,-19.05027,0
57.41264,-123.30764,0
-120.78683,-2.9301217,0
144.78998,5.756285,0
-38.88351,102.47462,0
-38.03952,102.509315,0
-10.798603,-34.803333,0
-15.353047,8.508404,0
4.4953294,-5.4500513,0
68.5975,-120.35629,0
-123.8156,-7.510453,0
177.14464,3.5613186,0
-11.700348,93.14404,0
-11.514805,94.01328,0
4.298204,-67.09915,0
-43.715755,30.815628,0
-1.2657369,-55.187664,0
42.920967,-143.2851,0
-140.68236,-15.425632,0
138.54039,-1.6935043,0
-36.1963,110.88766,0
-33.252193,110.02336,0
-17.670053,-83.29258,0
-78.31132,69.563705,0
-14.422607,-76.19241,0
36.46981,-163.57335,0
-176.5502,-45.12639,0
126.54034,-42.32664,0
-4.384938,143.98268,0
-4.5304594,143.74664,0
-69.35421,-113.12433,0
-3.6903164,52.418804,0
-68.47094,-113.64168,0
-4.993396,-145.59549,0
-109.80563,-56.9906,0
92.31992,-24.193922,0
53.53076,138.18767,0
54.130836,137.65099,0
45.681942,17.29803,0
18.838577,48.842373,0
-114.98986,81.47179,0
55.14124,21.842756,0
-74.85161,-20.713587,0
133.61739,-81.486435,0
48.35728,28.787888,0
48.01278,29.048153,0
-17.890482,-25.267296,0
-6.764452,15.523946,0
-18.014378,-18.215641,0
82.21133,-108.47086,0
-111.967316,-14.631481,0
128.2435,20.820093,0
2.905282,85.8203,0
1.9180071,86.0864,0
-27.324936,-75.31585,0
-67.73582,66.49556,0
-23.925129,-72.48869,0
46.007042,-164.58951,0
-169.26904,-58.906387,0
118.39972,-47.887615,0
2.3704472,132.66132,0
2.025108,133.33041,0
12.81741,-63.700504,0
-58.104862,-5.5806494,0
45.77788,-45.26591,0
22.27996,-121.18202,0
-160.46494,-0.35104305,0
159.17342,17.570095,0
-48.139442,127.530945,0
-51.86471,125.979004,0
116.11584,44.478786,0
60.04152,-12.1242075,0
-125.00026,87.40084,0
128.55667,49.119404,0
-49.105076,-11.427927,0
71.45186,-54.148865,0
137.32085,56.41553,0
139.0137,54.661373,0
7.8381224,-65.68993,0
-61.562477,3.1956818,0
49.24376,-52.03841,0
24.054926,-127.67822,0
-159.62514,-8.599116,0
158.01555,-15.234719,0
-35.583855,130.87411,0
-40.181736,134.80885,0
-11.304348,-108.37834,0
-77.14972,37.51879,0
1.770656,-118.27725,0
-4.5927343,-171.35909,0
-147.7056,-41.622097,0
148.6504,-43.5957,0
-3.0989764,184.91809,0
-2.7165048,184.5492,0
-20.541843,-102.65967,0
-65.73665,36.746193,0
-39.96995,-136.9318,0
4.7297935,-176.09006,0
-138.50717,-45.137825,0
114.28512,-18.494696,0
7.369451,170.43407,0
6.6264334,169.86371,0
-83.8744,-120.62107,0
4.292956,62.69031,0
-79.504295,-130.16061,0
-9.042203,-146.88863,0
-105.51998,-62.34906,0
86.14661,-2.848264,0
69.483215,142.35892,0
69.76543,142.24315,0
-28.024256,-78.37796,0
-68.41388,68.601,0
-25.971395,-72.12676,0
49.114395,-162.69421,0
-171.20436,-60.047146,0
118.70977,-50.42597,0
1.0720379,130.40622,0
-0.07483708,130.30106,0
70.55344,22.742401,0
15.354279,17.431755,0
71.6445,22.46893,0
71.35174,-82.54347,0
-86.06858,-10.020764,0
175.47418,-36.60038,0
59.12521,58.121094,0
59.45834,58.422554,0
71.7659,-26.230242,0
-103.511116,-98.5648,1
73.20385,-35.40392,0
-48.503536,-164.77176,2
-129.32321,-102.367,1
193.17621,6.9375944,0
-108.14722,112.104164,3
-109.79633,111.52565,3
-19.275225,-103.354,0
-67.49646,36.301853,0
-38.19765,-137.29875,0
4.959323,-172.3759,0
-137.9997,-42.648705,0
112.99881,-19.677961,0
4.4360356,171.5867,0
4.361194,171.17511,0
-11.11088,-105.44406,0
-75.571724,35.889317,0
-41.45612,-132.89449,0
-2.5603569,-171.66225,0
-145.90137,-42.986088,0
147.92361,-40.241684,0
-0.5080487,182.96233,0
0.6087519,182.71542,0
11.033693,-82.43479,0
-80.10694,14.077484,0
47.618763,-71.04257,0
20.491505,-147.9942,0
-165.88875,-22.050722,0
139.0997,-26.78491,0
-38.6151,158.07785,0
-39.652233,158.8609,0
-35.502823,-46.622448,0
-25.783583,44.912292,0
-38.232483,-39.38477,0
78.86759,-146.55153,0
-95.82321,-38.178093,0
98.17189,13.486828,0
23.121904,109.31643,0
60.00871,113.44113,0
89.38334,34.520504,0
67.09932,-8.882376,0
89.997505,33.689655,0
81.26589,50.94331,0
-66.30586,-14.920659,0
85.430725,-46.06328,0
82.11259,42.48411,0
82.110306,42.65358,0
7.0095754,-90.90239,0
-93.11636,9.675982,0
48.116177,-81.27164,0
11.053377,-155.52219,0
-163.24818,-29.842531,0
133.40875,-26.495192,0
-37.705326,171.17532,0
-39.075672,171.58589,0
67.07147,22.018261,0
13.485382,18.891218,0
65.69635,22.138796,0
72.60072,-84.48635,0
-87.61802,-11.648654,0
173.0978,-36.13732,0
55.3196,55.883823,0
55.25149,56.160114,0
-47.786877,-61.373898,0
-12.358108,39.11818,0
-49.969368,-53.048203,0
91.22405,-121.25213,0
-121.37495,-51.87835,0
112.23689,10.682382,0
30.144156,100.27533,0
30.496044,99.56267,0
-53.62395,-58.544327,0
-7.757018,37.502903,0
-54.336952,-51.59333,0
92.51516,-130.156,0
-122.83209,-31.814445,0
115.63807,10.247841,0
34.814915,94.855865,0
34.87918,94.174675,0
17.022457,-46.921555,0
-47.15758,12.243606,0
45.762695,-31.793026,0
40.696316,-126.33009,0
-145.702,7.650235,0
156.54292,13.396002,0
-64.447464,110.35315,0
-64.403465,111.57108,0
126.48704,79.74926,0
72.97249,5.6755953,0
-140.1547,61.633274,0
-104.65907,63.259857,0
-57.004177,-32.56223,0
87.56217,-74.06581,0
121.49152,87.48325,0
121.83888,87.477196,0
70.566376,22.966673,0
15.584926,17.593029,0
71.740135,22.814863,0
71.56577,-82.322525,0
-85.83534,-10.099311,0
175.48087,-36.782066,0
59.51309,57.75333,0
59.971115,57.329487,0
70.25399,-26.833769,0
-106.93762,-96.728035,1
72.47638,-32.674175,0
-47.086555,-161.71808,2
-124.53866,-103.15054,1
197.3246,5.8278413,0
-109.38099,118.49351,3
-109.08869,118.96865,3
5.7228007,-62.92176,0
-58.493988,3.8693202,0
41.428886,-54.297417,0
26.10115,-125.23937,0
-156.15479,-8.058601,0
153.78304,-15.174214,0
-36.21875,127.52284,0
-42.10522,130.83844,0
-28.294352,-45.10071,0
-27.614548,38.213238,0
-30.530764,-40.650383,0
73.44552,-141.65286,0
-110.42059,-30.973566,0
121.28994,14.849752,0
11.537018,104.98453,0
10.433749,103.43897,0
3.2921636,-49.834835,0
-48.42494,27.18466,0
-0.020823173,-49.562176,0
50.768307,-133.48085,0
-145.87994,-14.214292,0
160.9406,-4.315303,0
-42.94582,109.18216,0
-42.471558,109.195755,0
15.329655,-65.00266,0
-60.5134,-4.0897546,0
52.894333,-48.61959,0
20.129822,-117.990036,0
-163.22879,0.58539873,0
149.47632,-14.298622,0
-48.024464,130.74161,0
-50.743874,130.92209,0
98.736694,90.41076,0
32.760822,32.408382,0
-134.18623,46.418392,0
-105.64589,47.19096,0
-69.807,-37.10342,0
100.70675,-80.19677,0
94.36151,107.97007,0
94.56051,108.050575,0
-33.95027,-91.14966,0
-60.386406,53.853664,0
-47.783268,-115.48883,0
27.364489,-175.78085,0
-125.03784,-54.5614,0
114.4308,-4.9504037,0
21.119217,149.09717,0
20.473269,148.37372,0
-36.693996,-109.07441,0
-58.347233,44.72511,0
-42.4159,-127.8488,0
12.439378,-191.40578,0
-135.83801,-63.29047,0
104.3423,-21.377142,0
30.683764,170.03699,0
30.950933,170.86745,0
41.037453,0.80698985,0
5.4599123,49.89627,0
41.346596,1.6609961,0
-93.08915,83.00742,0
-140.80504,-53.20696,0
144.8734,-72.026924,0
39.677113,52.134365,0
39.932728,52.176266,0
21.099752,-37.54264,0
-36.20464,14.639733,0
30.877821,-25.362585,0
41.488724,-113.553154,0
-136.75327,13.596999,0
165.90158,10.878114,0
-63.119057,89.58307,0
-63.96559,90.01092,0
114.10146,61.314747,0
66.87805,4.1858954,0
-128.32584,64.56193,0
-118.37774,80.2439,0
-49.905903,-29.425163,0
82.89076,-63.676346,0
109.96322,66.06163,0
109.52245,66.26264,0
-14.676447,-117.88439,0
-81.6622,49.88235,0
-8.670438,-126.758095,0
-11.693997,-179.22131,0
-152.46574,-50.79116,0
118.10395,-34.91541,0
9.007005,196.77528,0
8.567459,196.79161,0
-16.613321,-64.37933,0
-70.6642,55.2229,0
-21.498001,-67.17862,0
46.646736,-155.76314,0
-163.43796,-52.321888,0
130.29941,-49.662514,0
-9.632113,130.6567,0
-9.203604,131.48126,0
-81.80856,-111.61622,0
-3.86915,58.726227,0
-72.69751,-121.6806,0
-12.632409,-154.39182,0
-102.36833,-68.35694,0
83.61491,-10.176688,0
63.132133,154.2106,0
62.813698,134.18745,0
-27.874413,-44.748062,0
-27.599464,38.305786,0
-31.424723,-40.06787,0
72.53705,-141.94844,0
-109.902565,-30.563112,0
122.28989,14.506556,0
11.389147,105.15114,0
10.585152,105.135025,0
29.071596,8.182324,0
9.567566,18.565434,0
30.404827,6.7289777,0
72.52914,-88.65368,0
-91.72431,-11.974811,0
170.66014,-33.544827,0
31.50751,69.11596,0
31.06679,68.61428,0
17.78061,-41.402954,0
-39.281075,15.854004,0
31.29098,-21.105688,0
44.20887,-115.327194,0
-139.52782,13.417441,0
162.1443,12.420862,0
-58.16531,93.1907,0
-59.3302,95.650826,0
-21.55929,-100.23146,0
-63.252216,36.76589,0
-41.697784,-134.49962,0
5.722125,-175.61763,0
-143.76108,-43.090607,0
151.8789,-39.80677,0
11.461974,170.22037,0
9.780681,171.71054,0
-19.949867,-105.11295,0
-67.92793,37.809196,0
-38.138023,-138.19965,0
3.7417166,-173.82687,0
-139.10013,-43.15127,0
111.1377,-18.994896,0
5.5314507,173.5447,0
8.600125,174.17448,0
29.479107,-51.41201,0
-62.341854,15.123296,0
63.003223,-71.39678,0
36.815926,-141.42036,0
-169.27226,-15.005666,0
173.2338,-17.262897,0
-77.04162,133.77821,0
-76.924866,133.5639,0
-33.584366,-60.937008,0
-57.933617,65.4497,0
-35.665928,-63.188396,0
60.168316,-164.25583,0
-170.11626,-69.51024,0
116.68827,-57.23319,0
9.809596,123.626945,0
10.355801,124.37661,0
98.73955,89.74936,0
32.233086,33.399494,0
-132.58664,45.68637,0
-106.86643,46.037235,0
-71.11355,-36.764027,0
102.115715,-79.70552,0
94.196655,110.69852,0
94.626,110.55762,0
24.174162,-51.129005,0
-51.773277,13.894784,0
44.65552,-27.177322,0
42.86478,-130.70578,0
-142.59828,5.4301605,0
162.44049,3.76545,0
-72.31583,117.44122,0
-73.17336,118.50241,0
-15.16808,-122.87172,0
-81.77603,54.393368,0
-13.949112,-126.4066,0
-16.106457,-181.83301,0
-153.76842,-53.390617,0
114.904015,-38.87557,0
17.599031,197.92802,0
17.628931,197.02563,0
15.999303,-87.05121,0
-76.79754,16.68378,0
53.719563,-70.751236,0
25.461893,-147.11406,0
-172.67274,-21.348932,0
144.91757,-20.16105,0
-43.32457,154.58748,0
-43.409832,155.28654,0
-82.371826,-113.54558,0
-1.804113,56.996113,0
-77.10843,-122.65801,0
-15.503401,-152.87149,0
-103.24268,-70.41243,0
79.48864,-3.623426,0
60.571632,153.29666,0
60.654736,153.10219,0
93.71144,62.585255,0
58.692894,-0.19086081,0
-124.42197,76.32711,0
97.10362,58.813896,0
-56.057167,-21.500175,0
83.41562,-59.565495,0
98.98147,62.817677,0
98.37783,63.28871,0
-33.016487,-101.467285,0
-51.70787,39.051636,0
-43.384914,-121.06277,0
13.417842,-182.26682,0
-126.87023,-48.82477,0
100.98933,-29.936733,0
16.328396,157.76996,0
28.155806,162.2318,0
60.192192,37.613426,0
23.41239,25.373446,0
60.212547,37.202568,0
71.62056,48.35902,0
-79.460236,-17.10771,0
94.33718,-47.337822,0
60.545834,42.78899,0
60.36727,42.70236,0
-25.933308,-78.193085,0
-69.6808,68.40879,0
-24.713566,-73.79018,0
47.002625,-163.28264,0
-169.65192,-60.119762,0
125.12038,-47.668526,0
1.0069492,132.86798,0
0.08396222,132.89128,0
5.5755405,-84.635284,0
-90.182,6.473094,0
44.19809,-80.04833,0
11.163432,-152.26012,0
-160.05959,-27.29656,0
134.6471,-23.41393,0
-33.8244,170.88629,0
-33.14567,174.85893,0
-39.0868,-62.76235,0
-65.76477,67.16253,0
-32.6244,-77.383965,0
59.868855,-158.21658,0
-163.39752,-66.517426,0
117.35528,-51.213905,0
3.0028176,127.63037,0
13.693104,127.98058,0
69.87538,-29.367708,0
-105.19791,-96.92596,1
69.95257,-32.223366,0
-49.084785,-161.31487,2
-126.57926,-101.18771,1
197.12558,3.5731711,0
-109.95715,115.702896,3
-110.13329,116.016106,3
-31.036638,-97.388916,0
-50.48363,39.575012,0
-45.07632,-117.96511,0
12.787997,-182.62419,0
-123.77291,-52.088177,0
98.332886,-31.352673,0
15.563722,156.69966,0
14.642144,135.53073,0
3.0006838,-58.05623,0
-46.40045,-3.8619118,0
18.942688,-21.482304,0
28.90033,-112.96629,0
-168.204,-2.5806398,0
177.05406,1.063632,0
-27.062819,116.551994,0
-27.77483,114.507454,0
-1.4405762,-77.41369,0
-94.02571,9.714848,0
46.887684,-83.33258,0
12.795005,-155.1642,0
-162.78856,-25.745024,0
130.62723,-14.3177395,0
-37.315693,169.50317,0
-39.898304,170.62125,0
-13.916694,-66.67663,0
-88.863396,28.67513,0
-15.172011,-71.38293,0
40.927998,-156.14867,0
-168.47972,-45.02429,0
150.36075,-17.690239,0
-13.068354,137.60008,0
-12.4080515,137.91656,0
-14.360634,-120.429054,0
-82.20341,51.964306,0
-11.345836,-125.99582,0
-14.409252,-180.09196,0
-154.34018,-53.89154,0
117.18611,-34.91392,0
13.439034,199.52399,0
13.8458185,199.35402,0
15.789234,-36.580685,0
-36.00092,18.941381,0
29.507986,-19.103466,0
41.056816,-107.44925,0
-138.08455,19.145195,0
166.82735,13.541543,0
-53.59823,88.474,0
-52.766266,87.80562,0
67.89267,32.57687,0
20.224552,21.064173,0
67.88083,32.572464,0
72.528564,51.125725,0
-80.18441,-13.515496,0
91.94446,-49.465416,0
63.44035,48.911755,0
63.43353,49.069035,0
-70.45697,-85.09418,0
-29.921194,57.615376,0
-81.27563,-94.49294,0
82.68152,-158.1175,0
-96.752426,-46.89531,0
92.4438,12.036112,0
57.676456,115.99951,0
57.633068,115.19133,0
1.8295043,-30.99144,0
-25.11811,-0.49594435,0
18.938183,-9.85106,0
60.017582,-113.90918,0
-133.65538,-4.358971,0
136.08083,26.967506,0
-26.284271,84.77961,0
-26.329317,84.21498,0
-31.804195,-117.40627,0
-92.9186,41.432453,0
-57.72433,-123.95411,0
-0.49902534,-190.26012,0
-112.18934,-66.80722,0
87.88326,-15.192146,0
33.13352,180.14223,0
32.82877,180.12657,0
21.833384,-75.8093,0
-65.34607,21.05327,0
57.11164,-66.269104,0
36.208584,-149.1062,0
-181.83725,-10.8445,0
150.84605,-27.02401,0
-63.146206,150.58936,0
-64.12614,150.53534,0
-32.091564,-71.9925,0
-63.333874,69.56284,0
-30.782835,-71.59529,0
53.734627,-166.06529,0
-171.97353,-65.22737,0
115.99331,-47.65595,0
8.998586,130.60052,0
9.286473,130.90863,0
-49.666138,-103.41718,0
-42.814682,45.737835,0
-63.853176,-113.98235,0
23.520075,-192.89978,0
-120.459694,-60.810143,0
103.063194,-9.010673,0
44.472477,147.46556,0
44.699455,148.02324,0
-9.553084,-107.82207,0
-77.5381,36.821415,0
1.9405751,-116.95627,0
-4.575512,-170.2045,0
-147.9846,-40.510414,0
152.21362,-42.094894,0
-5.623172,184.93176,0
-4.8835425,184.60988,0
19.941654,-46.935738,0
-44.195656,14.063906,0
35.61348,-24.22632,0
42.818676,-123.17525,0
-143.73509,13.562838,0
161.57002,10.026703,0
-63.406185,105.70813,0
-36.901066,88.62278,0
-17.683088,-122.945496,0
-87.37345,55.85554,0
-16.344398,-128.43022,0
-15.988599,-185.64693,0
-156.49672,-56.334858,0
119.72174,-30.095623,0
18.90834,202.3248,0
18.899323,202.43918,0
-25.684107,-86.68891,0
-77.22945,63.798508,0
-20.234386,-86.954796,0
33.49438,-171.83629,0
-173.49762,-51.851128,0
124.20523,-43.676136,0
11.445389,142.68692,0
11.106728,142.63844,0
6.758485,-56.485382,0
2.0854545,11.67732,0
34.15886,-43.132248,0
66.37331,-96.34675,0
-154.82837,-4.9414744,0
157.88638,-12.155713,0
-35.309658,120.010765,0
-35.772213,120.81141,0
-53.411686,-57.36803,0
-7.716654,38.792244,0
-54.056885,-50.04195,0
90.80434,-133.17892,0
-125.77579,-31.290194,0
117.891815,9.88736,0
37.438736,95.97832,0
38.741207,100.96154,0
-17.760067,-26.345007,0
-8.092064,16.296495,0
-18.842737,-15.327986,0
82.20861,-109.881996,0
-113.34008,-14.640587,0
129.633,19.094107,0
2.5248034,84.17414,0
3.3699734,84.46234,0
-14.860677,-34.970108,0
-15.542337,13.882103,0
-2.941984,-7.947152,0
67.57592,-124.73334,0
-118.25618,-5.1725483,0
116.39733,-59.991528,0
-2.3368456,90.30259,0
-1.3117942,89.78721,0
-22.319214,-91.61142,0
-73.2242,55.48086,0
-18.306396,-90.37528,0
48.313026,-155.47119,0
-162.18425,-51.406956,0
122.277985,-48.671894,0
10.5190525,150.40877,0
-8.834674,125.29939,0
-32.665356,-61.605865,0
-60.482723,63.212868,0
-31.744726,-65.78986,0
56.532764,-163.1144,0
-119.99403,-4.6754694,0
118.360374,-56.632145,0
8.255323,124.35267,0
9.206101,125.09962,0
-4.0252,-107.92258,0
-82.262,34.05994,0
-3.590653,-109.067215,0
-8.250584,-164.36359,0
-148.10486,-35.327938,0
156.8332,-40.33304,0
-11.848047,186.88136,0
15.195086,188.14032,0
-18.975296,-113.24918,0
-83.10845,39.60527,0
-3.6300309,-121.12514,0
-5.3168035,-181.79988,0
-152.71149,-42.23687,0
143.92114,-45.4814,0
19.006231,188.47314,0
19.313705,187.09439,0
-8.233892,-40.561726,0
-20.921362,8.041662,0
5.0566316,-11.828139,0
61.246326,-126.14449,0
-167.57283,-46.965202,0
139.59634,5.944502,0
-18.70953,94.35194,0
-19.994904,93.02659,0
-49.52991,-100.737915,0
-42.993713,48.726017,0
-60.86888,-115.52865,0
24.867811,-193.67738,0
-116.4176,-61.079483,0
100.476425,-9.037822,0
43.695347,144.49106,0
44.40479,144.80002,0
-50.167072,-81.83237,0
-13.33831,52.73146,0
-61.61319,-76.40961,0
102.80819,-122.655975,0
-113.14728,-47.54953,0
105.12575,0.6969935,0
37.09825,123.61587,0
38.55456,124.37448,0
-46.470135,-57.76348,0
-11.8512125,34.68778,0
-49.877632,-48.835873,0
87.80195,-125.302025,0
-120.19082,-28.74608,0
116.43544,14.156207,0
26.72691,91.44318,0
26.46186,88.266815,0
43.61449,-6.579333,0
-75.2631,38.524868,0
46.034943,-8.025028,0
-87.39552,83.01065,0
-143.9129,-39.37719,0
145.56827,-65.78917,0
34.033756,58.69219,0
33.718067,58.63738,0
-25.606804,-109.85293,0
-69.24803,43.246304,0
-34.576942,-133.6696,0
1.1033175,-177.7652,0
-140.66531,-48.778713,0
114.475815,-21.690428,0
13.909965,180.91655,0
14.672971,180.69215,0
-18.610804,-94.64618,0
-74.282295,53.917625,0
-13.987611,-131.91493,0
27.383497,-169.6993,0
-164.73633,-48.20045,0
133.53685,-49.02597,0
12.590914,193.1544,0
0.7847029,156.08768,0
0.11690077,-29.339035,0
-23.934038,5.28209,0
22.462868,-5.702362,0
58.674152,-119.62381,0
-133.11868,-0.57841915,0
151.08543,11.850895,0
-29.284515,92.93994,0
-31.22462,93.92735,0
-25.276337,-58.64307,0
-64.43891,63.48838,0
-26.945938,-66.31141,0
52.35459,-157.493,0
-166.42366,-59.819756,0
124.02869,-54.423645,0
-0.5527107,123.408066,0
-2.3032668,120.07215,0
70.2735,39.375122,0
22.808538,19.652582,0
70.1578,38.736702,0
75.79828,49.813366,0
-76.48477,-13.912937,0
89.55678,-47.06695,0
69.2636,43.17131,0
69.14589,43.271133,0
127.82596,99.16273,0
33.00642,18.154287,0
-143.63507,58.590954,0
-105.088036,58.337536,0
-57.619267,-38.472702,0
88.96397,-79.94416,0
115.64235,99.025604,0
115.93147,98.187065,0
15.111558,-42.22963,0
-42.715466,10.950669,0
36.277245,-27.26242,0
40.64769,-117.40263,0
-145.788,9.61408,0
159.26823,9.06996,0
-65.10192,98.21469,0
-66.6996,99.030334,0
-16.722185,-61.943455,0
-66.82607,56.6872,0
-19.30826,-66.898056,0
47.35668,-153.60005,0
-164.87466,-52.36586,0
138.82768,-3.0810626,0
-10.442471,127.13797,0
-10.95924,126.01862,0
-11.251887,-58.591755,0
-38.429695,35.40675,0
-10.517942,-66.21265,0
60.825157,-139.5562,0
-113.886116,3.305893,0
123.66281,-52.051655,0
-17.173918,122.266624,0
-16.96469,122.31227,0
6.2417397,-73.72861,0
-75.2002,5.5456204,0
39.04221,-68.513214,0
17.066042,-135.43155,0
-155.54921,-19.72018,0
136.99547,-11.092681,0
-43.32736,135.4694,0
-34.95372,139.77414,0
-6.565841,-35.098747,0
-21.4766,9.81404,0
0.78610563,-11.201221,0
62.03823,-122.26044,0
-127.14812,-3.9205801,0
147.04105,13.285766,0
-19.996443,87.57987,0
-16.602129,84.614426,0
-44.905952,-41.22003,0
-23.635887,51.085587,0
-42.788937,-38.02117,0
89.14778,-111.62717,0
-88.63245,-43.6711,0
98.75596,19.352531,0
57.684387,102.15655,0
57.55455,101.16144,0
-33.977962,-59.398945,0
-58.999374,66.905396,0
-36.099815,-58.761093,0
59.921074,-162.73636,0
-167.25214,-67.36389,0
114.88494,-54.71761,0
9.223596,120.669304,0
10.596612,118.87631,0
-3.7515154,-87.15743,0
-83.51896,22.774647,0
45.838997,-66.63391,0
27.821432,-157.45607,0
-163.10562,-20.46179,0
141.6821,-19.699232,0
-19.30892,150.9788,0
-18.94094,151.70161,0
-11.700798,-54.530006,0
-33.711197,36.44303,0
-13.47871,-49.976166,0
65.40531,-139.31398,0
-113.37296,-0.93816155,0
146.3585,26.516901,0
-16.807568,113.43755,0
-16.622269,113.16985,0
-59.322193,-98.43915,0
-25.953144,62.018497,0
-80.4428,-91.54874,0
19.090868,-170.76561,0
-91.4968,-48.37465,0
93.399734,16.858145,0
51.48884,113.3302,0
51.359314,112.52187,0
-20.729248,-91.61623,0
-73.04418,55.056103,0
-18.103899,-91.56437,0
47.47063,-155.72256,0
-162.73415,-50.731613,0
123.967834,-9.431667,0
10.488368,151.65979,0
-4.299166,177.607,0
126.31333,76.08333,0
70.8364,8.704544,0
-124.33285,64.060005,0
-105.30635,66.34524,0
-53.11791,-29.295458,0
85.44259,-67.9678,0
111.66681,76.4702,0
111.5743,77.442055,0
44.082836,11.363642,0
11.693483,43.848076,0
-102.592384,85.34693,0
59.32331,16.408335,0
-70.92232,-23.63404,0
141.32347,-79.6653,0
49.199146,41.5539,0
46.590202,42.81177,0
2.231821,-38.98671,0
-26.499353,10.85545,0
19.331207,-15.103606,0
55.514076,-109.80872,0
-120.180046,4.4809175,0
157.46928,22.67715,0
-24.96281,76.71283,0
-24.544523,76.27518,0
-46.816467,-100.919304,0
-45.6881,47.555717,0
-57.099674,-116.52264,0
25.774637,-191.45863,0
-120.79309,-60.293404,0
100.027504,-7.27916,0
40.27666,144.67719,0
41.099262,145.82634,0
-27.138731,-92.408394,0
-78.4188,56.446827,0
-11.041595,-130.90262,0
27.401941,-173.5934,0
-162.3458,-43.032852,0
118.27919,-40.57984,0
14.4742155,147.33202,0
15.81809,147.49228,0
1.779006,-67.66201,0
-78.036705,2.6845112,0
35.02635,-69.204285,0
17.420103,-141.61063,0
-150.15375,-14.639128,0
132.02438,-11.745991,0
-28.626352,143.23459,0
-63.344437,128.45784,0
67.69383,30.108168,0
18.906757,20.56306,0
67.35011,30.396898,0
71.68504,51.661873,0
-81.52862,-13.050385,0
92.60161,-50.633255,0
61.782406,50.2095,0
61.538998,50.522297,0
24.969296,-51.299473,0
-51.45561,13.019668,0
46.30576,-27.76057,0
39.55221,-129.67918,0
-146.98956,-0.32974344,0
165.49054,0.14037043,0
-71.02922,117.0908,0
-71.6283,117.259,0
-20.085928,-81.03525,0
-74.78747,70.791756,0
-19.993925,-76.445465,0
40.193542,-165.40244,0
-178.71613,-48.977276,0
129.06783,-44.987396,0
-0.5665055,142.89406,0
2.3268273,140.91516,0
20.61957,-63.47148,0
-55.898643,8.643651,0
46.13317,-39.638077,0
32.33032,-135.01758,0
-168.089,-5.329816,0
152.39604,-7.820264,0
-57.651608,127.32355,0
-57.576557,126.46101,0
70.02056,21.626368,0
14.585784,17.274477,0
71.22284,21.363375,0
71.20085,-83.39242,0
-86.8048,-9.939613,0
175.63374,-35.689304,0
57.868996,59.02963,0
57.81711,58.426365,0
19.60309,-55.357937,0
-52.579445,19.09964,0
33.31007,-26.447727,0
40.167084,-115.01725,0
-139.69417,10.193715,0
166.32439,7.3486505,0
-63.1368,97.94685,0
-63.53292,97.733635,0
-2.8270822,-41.475605,0
-26.754066,12.893532,0
5.716291,-16.139507,0
56.55187,-125.09992,0
-127.55209,2.2489061,0
147.57338,5.795507,0
-38.351364,96.69086,0
-18.136019,80.35754,0
-21.956985,-97.683495,0
-66.50516,40.503426,0
47.147076,-41.013065,0
32.544136,-136.37215,0
-156.27727,-37.62208,0
127.74868,-12.01923,0
10.993156,175.13388,0
11.764115,174.90802,0
8.298763,-40.670948,0
-30.600271,16.972042,0
15.3499365,-18.897814,0
50.440834,-116.924324,0
-130.6961,6.768426,0
148.78873,19.54253,0
-42.08922,95.250854,0
-41.75754,94.93012,0
18.353207,-64.74763,0
-62.390434,-0.5364298,0
47.918518,-45.059113,0
16.313044,-123.47168,0
-165.26825,-0.67243344,0
169.78366,3.7916749,0
-54.107937,131.83952,0
-55.30421,131.59814,0
5.0623217,-30.397741,0
-8.190812,22.057318,0
-23.283358,-14.865557,0
73.48068,-110.527855,0
-115.379295,-18.272547,0
130.00223,29.250658,0
-0.9208951,77.73069,0
-0.86917555,78.694984,0
-50.71466,-73.210495,0
-13.930977,49.982567,0
-56.306595,-74.14381,0
101.64013,-121.31412,0
-113.44705,-46.387547,0
106.39854,2.415135,0
35.22508,120.34062,0
35.2058,119.14343,0
11.912908,-87.06717,0
-80.572174,18.051739,0
49.469658,-73.50347,0
23.503157,-151.84976,0
-169.77432,-26.933403,0
138.80089,-28.963057,0
-42.500404,159.16185,0
-42.965816,160.12701,0
-24.076605,-102.86617,0
-62.56614,39.44488,0
-44.09958,-132.89201,0
6.1543427,-178.65973,0
-133.69916,-45.40197,0
118.16631,-11.305263,0
12.5491295,169.07378,0
17.50031,172.95782,0
-65.29233,-56.010918,0
4.406018,32.681786,0
-73.54,-63.104702,0
99.04749,-137.90126,0
-146.78845,-78.65849,0
106.77685,24.317947,0
45.73062,89.05033,0
47.57153,87.261055,0
-8.729407,-109.61603,0
-77.116325,38.689938,0
0.5192274,-116.933525,0
-6.021372,-170.36078,0
-149.18619,-40.586987,0
152.14117,-44.98122,0
-5.5106707,186.58981,0
-4.9681025,186.24529,0
-75.03297,-117.19907,0
-4.1611285,64.56456,0
-69.353935,-127.68859,0
-7.033644,-153.27597,0
-109.217064,-67.94972,0
87.766014,-13.206577,0
59.64222,144.23701,0
60.16301,143.933,0
86.18281,35.233395,0
65.40206,-9.149336,0
86.47272,35.07693,0
82.56526,52.1484,0
-64.798615,-14.110948,0
84.33496,-47.395237,0
84.114655,40.164913,0
83.89426,40.128517,0
26.39068,9.460288,0
6.457438,20.290955,0
30.027515,4.0350747,0
75.88269,-94.4148,0
-95.47101,-14.767639,0
167.89218,-32.922184,0
27.329388,78.5883,0
27.576935,79.212204,0
-34.437614,-104.99188,0
-58.124466,47.5544,0
-47.37725,-122.90215,0
16.402182,-181.84901,0
-130.67238,-65.95701,0
96.8357,-18.200117,0
28.230852,158.15393,0
26.784834,161.18109,0
86.88046,33.4357,0
66.40627,-10.092292,0
87.61913,32.481834,0
81.46504,52.217697,0
-65.65829,-13.885633,0
84.25671,-45.836823,0
81.80191,39.879417,0
81.0422,39.804234,0
-67.101776,-58.882732,0
0.941222,32.74005,0
-70.157555,-61.409912,0
103.23665,-138.33391,0
-151.02687,-76.5564,0
109.76884,27.595823,0
46.774567,83.56336,0
46.758026,82.36571,0
-23.365578,-101.62833,0
-63.304333,38.39718,0
-42.169067,-131.82533,0
5.884643,-177.43361,0
-137.42325,-48.254787,0
113.01329,-16.1066,0
14.270333,172.7228,0
14.418892,173.18759,0
9.204753,-68.38369,0
-63.82496,5.085433,0
46.253,-56.89487,0
24.277803,-131.49376,0
-177.28383,-34.42826,0
144.47214,-6.0928574,0
-35.394707,133.11745,0
-45.34704,143.43666,0
6.9290643,-96.919975,0
-74.46835,10.999368,0
33.053772,-77.898865,0
6.0284405,-143.92387,0
-162.63353,-35.03291,0
133.67395,-32.41339,0
-23.463123,152.01752,0
-23.832657,151.50612,0
69.50443,-29.09776,0
-105.079796,-96.642624,1
69.676865,-32.809044,0
-48.6517,-161.09534,2
-126.67953,-101.23464,1
194.84552,5.709185,0
-110.67866,115.415665,3
-110.864456,116.172806,3
-17.210629,-38.97954,0
-20.125328,21.352324,0
-5.32534,-14.2726145,0
71.64169,-130.1246,0
-128.79291,-16.529327,0
128.85373,9.232506,0
-2.684193,101.74896,0
-6.799158,103.74135,0
115.86081,44.451183,0
59.849865,-12.1725235,0
-125.09332,87.4068,0
128.49081,49.189796,0
-48.963932,-11.576008,0
71.382095,-54.03588,0
137.33904,56.245636,0
138.97092,54.59055,0
23.81901,-60.9565,0
-57.21444,19.172792,0
52.865818,-41.013176,0
21.527641,-135.30464,0
-156.68668,-16.119492,0
116.2643,-23.297922,0
-61.88944,135.89471,0
-62.64432,135.01387,0
-74.651665,-78.76994,0
-27.193535,48.863056,0
-75.175514,-78.47047,0
84.141785,-144.35638,0
-104.38553,-37.958168,0
95.8142,4.750293,0
48.102646,100.8776,0
47.81885,100.13016,0
-38.093674,-16.686264,0
0.6765231,47.430264,0
-120.24973,37.623695,0
46.757324,-178.78773,0
-85.099625,-28.795261,0
117.1148,-70.50196,0
57.930367,72.96348,0
58.214203,73.09887,0
102.494644,63.384647,0
57.91996,-5.669602,0
-126.40981,68.428185,0
-118.437096,83.007126,0
-47.6378,-24.409819,0
85.53242,-58.96767,0
102.89389,64.98273,0
102.51161,64.8224,0
-34.022583,-94.41238,0
-61.133076,51.150436,0
-45.938385,-116.16591,0
23.667957,-177.07495,0
-128.21397,-54.985992,0
99.88257,-23.272505,0
22.100052,152.71138,0
21.785416,153.5257,0
-1.9456908,-73.40687,0
-76.714584,-0.06595264,0
33.654396,-65.6284,0
64.63842,-145.20296,0
-110.5321,-1.5650048,0
140.12129,21.972513,0
-25.931623,139.33923,0
-24.827793,137.97406,0
95.14749,53.539455,0
66.421974,-0.93142813,0
94.86598,53.482586,0
88.88125,51.380177,0
-59.434937,-18.921629,0
85.72676,-51.91436,0
92.083046,48.818718,0
92.15112,48.53227,0
-23.663017,-90.18445,0
-79.78476,58.82383,0
-1.432293,-122.41633,0
-8.801128,-173.97401,0
-154.3104,-44.398617,0
119.10866,-38.55948,0
-2.9339874,191.45631,0
6.3317423,149.31349,0
-13.871543,-29.501686,0
-12.506993,8.131611,0
1.6446756,-3.7385292,0
70.68429,-121.90927,0
-120.40865,-12.926619,0
135.79198,13.415641,0
-7.7216125,91.214836,0
-2.4047995,89.48362,0
1.953541,-83.70595,0
-85.677246,7.3494024,0
37.84285,-78.04658,0
12.120271,-145.46037,0
-154.88834,-27.89588,0
129.85039,-20.418638,0
-26.014244,163.0174,0
-27.085424,164.68564,0
2.6949985,-31.951408,0
-23.51126,0.01920138,0
12.271579,-9.941012,0
66.20896,-111.381874,0
-126.471054,-12.463406,0
136.85274,19.887896,0
-26.54175,86.744896,0
-27.009954,86.27231,0
70.31353,-25.288439,0
-102.85765,-97.677925,1
69.85974,-36.482456,0
-44.269524,-164.84944,2
-129.21297,-102.945305,1
194.06763,7.0567083,0
-109.23354,111.74105,3
-113.499825,109.87451,3
-45.224174,-40.09602,0
-23.724543,51.948177,0
-43.62605,-38.892242,0
89.89087,-112.344635,0
-89.211136,-43.984135,0
97.96078,18.993069,0
57.378242,103.23453,0
56.35723,103.727066,0
-56.458195,-58.64372,0
-5.900468,39.87066,0
-57.244713,-52.27882,0
93.82936,-133.24217,0
-126.638954,-32.29725,0
120.39293,0.5729003,0
38.24765,97.15096,0
38.326332,97.01897,0
127.43883,99.49795,0
32.629486,19.507763,0
-143.39964,57.626854,0
-105.26929,57.25169,0
-58.13365,-38.28846,0
89.7222,-80.22304,0
114.76505,98.85151,0
114.5996,98.2278,0
-7.408063,-83.01106,0
-87.9042,29.113554,0
30.20465,-86.47599,0
39.74207,-155.72577,0
-175.95712,-32.87564,0
150.89075,-19.293076,0
-14.190636,138.94904,0
-14.182263,139.15962,0
-22.575884,-82.46464,0
-74.46851,68.24783,0
-18.695423,-73.30505,0
41.93394,-162.03125,0
-175.24461,-49.287605,0
127.78677,-48.06471,0
-2.2501159,136.41997,0
-2.701049,135.61041,0
108.75558,45.256485,0
55.04364,-14.519505,0
-125.92671,74.87188,0
105.60015,44.5631,0
-55.110146,-15.30625,0
80.03486,-53.808083,0
106.25491,46.48741,0
106.502975,46.994453,0
-16.65317,-34.94279,0
-16.759157,27.493046,0
5.304512,-0.4971382,0
77.58601,-131.26825,0
-124.850975,-21.93889,0
133.23398,10.744312,0
-1.0679336,92.61321,0
-0.7168271,92.57611,0
-11.724318,-84.11074,0
-77.19005,67.69282,0
-17.173042,-74.43347,0
38.90186,-161.5533,0
-175.68431,-41.720657,0
130.01836,-40.775623,0
-6.1860485,141.77493,0
-7.266948,140.52255,0
-15.658859,-24.273981,0
-7.438909,13.850639,0
10.073645,-6.6817403,0
82.42804,-105.423775,0
-112.14,-13.391479,0
131.9475,17.96109,0
0.070338964,84.6697,0
-12.465854,80.054985,0
-37.142258,-15.605098,0
-1.0217447,45.441605,0
-118.63476,40.888348,0
45.62719,-180.36473,0
-87.25418,-27.603233,0
118.6373,-68.87404,0
54.963036,71.185165,0
55.61193,71.38252,0
-48.97157,-59.30443,0
-14.034412,38.186398,0
-47.78018,-51.659557,0
91.653786,-126.11777,0
-116.20695,-30.432945,0
109.71399,14.541948,0
27.634838,96.385994,0
28.89031,96.117584,0
-48.988754,-103.354126,0
-41.969463,45.948338,0
-63.201656,-119.8845,0
27.24211,-195.14778,0
-119.28635,-71.38419,0
176.49454,-22.24248,0
45.975628,146.72052,0
46.514526,148.53831,0
6.4991636,-31.520855,0
-30.091,-0.64329696,0
19.886923,-12.728559,0
53.156586,-108.58075,0
-136.87137,-1.0801685,0
155.3855,26.191582,0
-30.58449,81.21961,0
-30.872108,81.58561,0
23.061905,-55.27603,0
-49.78023,13.380747,0
47.944897,-34.860073,0
41.886368,-128.25688,0
-146.44862,5.3015933,0
167.46442,3.4199023,0
-66.33714,107.35563,0
-67.47282,125.30129,0
-26.413027,-110.51381,0
-68.800385,42.17395,0
-35.07393,-135.11722,0
1.7328004,-178.20224,0
-140.63445,-47.052208,0
113.59605,-21.350586,0
13.02169,180.42595,0
15.86891,179.82469,0
17.133074,-90.712166,0
-74.51717,17.142813,0
55.028202,-74.860985,0
25.341597,-145.4139,0
-175.19812,-24.01784,0
144.57953,-22.96361,0
-47.665806,153.22687,0
-48.79216,154.11414,0
5.8645153,-37.60225,0
-33.563637,3.193017,0
25.412636,-15.797516,0
56.1185,-111.46643,0
-139.29701,2.9106681,0
154.8872,13.576107,0
-32.539314,83.28189,0
-32.17081,83.30659,0
17.336071,-49.234314,0
-45.82786,10.310924,0
40.53612,-30.436995,0
40.08372,-122.87498,0
-148.17204,9.583563,0
156.01337,5.8351116,0
-62.43027,107.56618,0
-62.442303,107.46215,0
2.0948532,-80.92856,0
-88.664505,8.549267,0
41.10722,-76.3484,0
13.777346,-149.88893,0
-158.03378,-21.853745,0
133.79701,-16.77933,0
-31.39792,165.89595,0
-31.751358,167.38472,0
-13.402636,-44.274963,0
-22.850534,20.55879,0
-3.830688,-16.81964,0
70.87767,-128.74168,0
-144.3189,-7.400387,0
153.73735,20.479149,0
-5.803172,101.76727,0
-5.748818,101.74398,0
-23.671337,-92.31242,0
-80.30597,44.19632,0
2.5589147,-120.99533,0
-4.271438,-175.55534,0
-154.59247,-41.954697,0
107.34238,-41.70529,0
7.198794,152.81595,0
6.5452714,153.69536,0
-19.555944,-36.919933,0
-21.056719,24.231602,0
-8.494047,-17.734451,0
73.83393,-128.07545,0
-127.85323,-18.713812,0
129.7768,15.567371,0
-0.4674048,99.14798,0
2.4284425,97.40049,0
-3.5957353,-47.22828,0
-54.79329,21.623806,0
-1.5281101,-47.395508,0
46.20997,-132.69206,0
-147.24968,-14.177862,0
128.04018,5.295845,0
-63.474922,138.21344,0
-63.607395,139.92303,0
1.0964042,-43.21965,0
-29.94935,12.232388,0
9.690394,-17.303663,0
54.28461,-125.37559,0
-142.51686,-6.2332587,0
146.52246,2.3466372,0
-40.204742,101.46221,0
-36.4172,97.11443,0
116.94112,45.696106,0
61.05677,-11.750708,0
-121.50317,84.68194,0
130.30667,51.706753,0
-51.277157,-11.921504,0
73.76884,-54.306583,0
134.66322,53.886013,0
135.76909,53.470104,0
15.728664,-30.255386,0
-33.38011,26.313522,0
21.375315,-25.809177,0
46.476357,-103.61301,0
-129.84198,19.443367,0
166.77086,24.132292,0
-50.624363,82.09568,0
-50.60474,83.98472,0
-26.610243,-27.387703,0
-6.827334,25.107557,0
-28.918049,-16.246109,0
79.32699,-116.36274,0
-119.69298,-22.078901,0
118.42563,19.172052,0
12.030991,82.00995,0
12.844133,80.45497,0
90.28795,38.42858,0
67.43296,-6.7248926,0
90.544525,38.436054,0
83.67551,50.406693,0
-64.425354,-16.356329,0
86.575485,-48.103237,0
86.066864,43.094746,0
86.08323,43.113873,0
-79.99526,-113.69508,0
-2.668575,58.915855,0
-73.200356,-124.34816,0
-12.82933,-153.47919,0
-104.49602,-68.888565,0
83.13405,-9.425754,0
62.694763,151.13957,0
63.793514,151.88092,0
-44.629776,-100.870445,0
-49.00396,47.975834,0
-56.741043,-117.62542,0
22.205423,-188.06752,0
-124.56875,-62.016148,0
101.416145,-13.098409,0
38.728245,148.13765,0
41.14284,148.85109,0
-24.751825,-90.160324,0
-78.20166,58.138496,0
-19.811918,-89.492805,0
29.671638,-170.97824,0
-161.4578,-52.5755,0
120.3709,-43.353157,0
9.1135025,150.12112,0
8.900053,150.8784,0
85.98277,65.67088,0
60.754448,-1.8302552,0
-119.19963,64.848335,0
87.196655,65.84479,0
-50.26882,-21.686743,0
89.88326,-62.36812,0
86.93685,68.06252,0
86.936935,67.756256,0
-38.952152,-106.74723,0
-52.585377,43.63506,0
-50.42273,-128.70232,0
17.23179,-189.10886,0
-130.61714,-58.174118,0
111.29634,-14.00653,0
35.54613,164.96153,0
38.1131,167.19008,0
-44.788425,-97.65628,0
-48.816574,51.308743,0
-56.968845,-121.495415,0
24.84876,-187.51062,0
-123.60607,-63.61751,0
100.3653,-12.863266,0
36.16171,149.52313,0
36.708187,151.64442,0
70.983215,39.59371,0
69.50292,-8.209805,0
71.08112,39.151558,0
76.80648,50.09148,0
-69.66682,-14.328715,0
89.00767,-46.924843,0
70.19412,42.84341,0
70.14568,42.93444,0
94.32946,62.756752,0
59.75356,0.97089154,0
-123.04455,77.361755,0
95.784584,62.394558,0
-55.692177,-21.010183,0
84.10169,-59.83743,0
98.41314,64.4902,0
98.31733,64.506386,0
-47.781185,-83.32635,0
-10.808235,53.78003,0
-60.565327,-78.83866,0
105.87494,-123.07647,0
-114.02699,-50.95739,0
107.27921,-4.689015,0
34.43595,127.70594,0
34.718964,128.1688,0
-42.412983,-94.45149,0
-49.41588,53.49384,0
-60.86099,-121.32397,0
31.135624,-184.36763,0
-123.04693,-67.1566,0
95.40193,-13.6989765,0
31.144968,144.50581,0
44.795525,151.7011,0
6.0674276,-29.780872,0
-27.868473,23.551603,0
12.343079,-13.92284,0
52.591293,-104.43418,0
-139.06665,-3.8015895,0
158.6985,1.5074003,0
-45.119423,78.81363,0
-45.42761,73.47823,0
-82.42867,-121.46749,0
1.4687716,62.588562,0
-75.34107,-129.83194,0
-10.510622,-146.4394,0
-104.46285,-63.414364,0
86.59354,-4.931028,0
67.27362,144.29544,0
66.89286,143.3901,0
-57.22091,-57.47745,0
-5.0742044,39.019196,0
-55.588314,-52.04673,0
94.46286,-134.84052,0
-145.49327,-70.81792,0
116.934654,9.280451,0
38.50499,95.37028,0
40.45438,94.63252,0
43.422394,11.530328,0
11.198924,44.109234,0
-102.681625,85.30346,0
59.40419,16.7343,0
-70.71909,-23.957775,0
141.0727,-80.25391,0
49.307556,42.339626,0
47.234936,43.58734,0
-2.8405318,-83.15123,0
-93.306725,14.395696,0
34.46632,-75.68951,0
14.959307,-158.94559,0
-153.27559,-31.535202,0
126.24348,-24.292713,0
-25.738764,158.99318,0
-26.18622,158.73024,0
-24.0356,-115.036156,0
-85.4782,43.57579,0
-20.096205,-136.58995,0
-5.1760836,-182.82571,0
-146.61981,-54.19019,0
112.65134,-26.614483,0
18.774618,187.96964,0
18.000185,188.06114,0
7.3314867,-31.102055,0
-26.77955,21.844292,0
16.614471,-16.607206,0
54.197674,-107.32352,0
-137.83328,-3.5203943,0
158.97507,23.410809,0
-43.82845,75.300705,0
-37.150356,77.855934,0
-30.710377,-57.438873,0
-60.848103,66.55954,0
-30.800655,-56.380966,0
57.266525,-159.82788,0
-167.48465,-65.8037,0
114.07239,-55.512558,0
6.3484335,122.42221,0
6.142439,122.70679,0
17.218008,-68.568275,0
-65.56814,-2.3103423,0
49.66998,-50.25696,0
18.601309,-127.45035,0
-168.93665,0.5317844,0
152.21011,-18.815237,0
-48.56848,137.03781,0
-55.916275,140.45705,0
83.85399,79.06974,0
16.129358,36.561485,0
-124.06451,36.290565,0
-112.54958,39.298634,0
-81.78396,-32.69602,0
113.93618,-75.03048,0
66.82905,77.03529,0
66.87568,77.0694,0
29.450672,8.308878,0
9.949148,18.298061,0
30.543936,7.378059,0
72.143555,-88.27398,0
-91.81528,-11.731629,0
170.57368,-33.782906,0
31.717083,69.83177,0
31.596395,70.773735,0
-2.4849777,-89.041824,0
-88.10224,21.298492,0
38.712757,-89.64109,0
25.036953,-158.117,0
-168.25302,-29.716652,0
139.70581,-20.86902,0
-18.338753,154.45894,0
-18.879057,155.09924,0
-61.135258,-56.27319,0
0.11301048,37.459976,0
-73.26686,-67.162964,0
98.5954,-134.31657,0
-147.28989,-73.94548,0
114.53135,25.348053,0
41.29989,92.20988,0
42.150146,92.89691,0
-82.09499,-114.18151,0
-1.5564481,58.656883,0
-75.37774,-126.532265,0
-12.635408,-152.78044,0
-102.61582,-68.37623,0
82.8114,-9.988321,0
62.476948,152.1777,0
70.48682,152.9106,0
68.19068,-26.242758,0
-103.30151,-95.10386,1
68.978874,-36.50487,0
-45.62077,-162.55054,2
-128.60551,-102.03306,1
193.52887,4.848877,0
-113.269554,114.94766,3
-114.33217,113.823296,3
-80.52286,-118.29703,0
0.25676498,60.921684,0
-74.139595,-127.74634,0
-11.232853,-150.17865,0
-104.85662,-64.45256,0
85.7798,-6.935265,0
67.45368,149.23419,0
68.20491,149.99002,0
-11.827752,-99.98151,0
-71.07986,30.683455,0
2.564352,-108.82728,0
3.0951138,-167.1291,0
-141.0743,-43.777832,0
117.517,-23.084713,0
1.0847526,172.19545,0
-5.2636333,169.16049,0
-32.360443,-99.9257,0
-51.28711,38.27653,0
-41.99446,-119.99749,0
12.724409,-181.33788,0
-126.29705,-50.86326,0
100.11273,-28.678959,0
15.064618,157.96803,0
15.533705,159.13403,0
-26.659609,-27.601847,0
-6.391738,25.242678,0
-29.804106,-17.682552,0
77.98114,-116.45123,0
-120.81872,-21.575443,0
143.44814,16.97444,0
12.36039,81.38386,0
13.429219,81.34588,0
8.268844,-75.12049,0
-55.329468,21.427696,0
54.98536,-40.19523,0
25.84759,-135.8738,0
-149.08165,-13.73324,0
138.65024,-20.216583,0
-64.36612,137.85873,0
-64.47524,138.98442,0
-20.052095,-124.03702,0
-87.35548,53.58509,0
-18.508923,-128.81346,0
-13.859286,-185.80652,0
-154.75061,-60.12816,0
109.0377,-3.5933957,0
22.69465,198.01584,0
39.6895,133.48051,0
-25.549812,-101.21864,0
-62.383015,41.436512,0
-42.200535,-130.27641,0
6.7688503,-180.77023,0
-136.89836,-51.21144,0
113.615746,-11.904265,0
19.422993,171.27238,0
20.306257,172.08807,0
-47.8355,-98.77929,0
-46.207825,48.752155,0
-58.79972,-117.16586,0
27.527245,-189.83916,0
-122.055725,-58.132954,0
99.34105,-9.144063,0
38.643795,144.37698,0
38.225,146.10593,0
7.389588,-64.23572,0
-59.51096,3.4233432,0
45.02831,-55.358242,0
25.246302,-125.60256,0
-170.43938,-3.126621,0
149.7718,-16.156895,0
-34.09208,129.29996,0
-31.57565,132.86256,0
8.32756,-54.620502,0
3.8719494,12.082535,0
26.794493,-1.4469839,0
62.899914,-96.14893,0
-148.14978,-2.9244578,0
159.12378,-8.552938,0
-40.571472,114.9318,0
-35.676792,116.73675,0
90.24829,37.932896,0
67.48855,-7.031592,0
90.51908,37.920055,0
83.27345,50.392467,0
-64.83834,-16.200666,0
86.49519,-47.753883,0
85.59593,43.00592,0
85.44421,42.99922,0
3.8712575,-59.005188,0
-47.502174,-5.198699,0
25.100756,-33.907017,0
25.51046,-114.06955,0
-162.92424,9.844227,0
175.28296,5.4056754,0
-31.861383,118.52235,0
-31.903345,118.27721,0
-68.46939,-90.0402,0
-34.0282,55.283203,0
-74.605354,-98.15571,0
78.51734,-158.28079,0
-99.24551,-45.220726,0
86.187805,9.999357,0
61.94124,121.61122,0
62.74392,122.78039,0
42.326378,-6.6352286,0
-45.642574,4.2354736,0
43.13561,-8.0547,0
-86.62839,83.33515,0
-153.98514,3.0036345,0
146.3006,-65.59484,0
37.352997,59.447506,0
37.089523,59.56241,0
96.18782,59.728504,0
62.607857,-0.021489376,0
-124.21545,75.221375,0
97.67765,59.436867,0
-56.67951,-22.319176,0
82.82875,-60.30426,0
99.430626,60.827103,0
98.96059,60.795486,0
13.669739,-66.81722,0
-60.21428,-0.736944,0
46.334236,-50.85756,0
20.523096,-123.99448,0
-162.48254,-1.9020125,0
146.05382,-11.812173,0
-45.42926,132.65826,0
-57.06942,134.43176,0
-17.939236,-80.66865,0
-77.25203,72.99173,0
-17.088324,-79.09462,0
38.02123,-166.47551,0
-181.37398,-50.069912,0
131.89804,-43.9224,0
0.573414,144.66995,0
1.2086991,146.14844,0
17.845575,-40.454456,0
-38.95955,15.150624,0
31.53223,-22.154093,0
45.075687,-114.22717,0
-138.33401,12.895702,0
161.85092,14.202572,0
-60.031822,94.8969,0
-59.573605,95.067085,0
20.28868,-76.22479,0
-66.299934,16.734026,0
59.075188,-60.47492,0
35.991302,-146.18149,0
-183.72827,-11.620916,0
149.32014,-23.160873,0
-66.316284,154.5121,0
-68.05862,154.08253,0
-75.87651,-86.62133,0
-24.47698,57.3849,0
-80.23845,-89.04152,0
84.643394,-153.2549,0
-91.449974,-43.810722,0
90.40465,17.76898,0
59.76676,109.26992,0
60.593914,109.48959,0
-27.463257,-90.252464,0
-76.45062,59.418537,0
-13.384567,-129.78886,0
29.491283,-174.29425,0
-175.52374,-56.954433,0
118.06557,-41.50403,0
14.35162,144.82257,0
14.89736,144.41866,0
-14.894531,-123.30303,0
-80.971214,55.092777,0
-13.852667,-127.480576,0
-14.942832,-182.19823,0
-174.02415,-56.60204,0
116.85573,-39.468887,0
16.680912,199.94887,0
16.363413,199.71596,0
125.460815,74.26454,0
68.869774,7.280229,0
-128.84181,63.709442,0
-107.960205,69.808304,0
-51.084473,-30.228273,0
84.070656,-67.01005,0
111.450195,72.98905,0
111.6196,73.52834,0
-50.623734,-76.731705,0
-18.041407,50.472248,0
-59.95503,-71.19958,0
104.62821,-117.28987,0
-115.103455,-42.00571,0
100.77542,3.9612625,0
40.629646,117.59023,0
41.573082,116.54288,0
-21.72731,-56.673233,0
-63.646633,58.687206,0
-23.372608,-66.277824,0
51.481342,-154.0621,0
-166.19992,-47.57616,0
124.72778,-53.13543,0
-7.408833,118.45457,0
-7.316668,117.84915,0
-8.123775,-99.0739,0
-73.65562,28.99832,0
-1.1735106,-109.21932,0
2.244029,-163.54442,0
-134.34558,-36.65152,0
94.9443,-0.6205859,0
-8.760692,172.37973,0
-9.652073,173.57594,0
-4.353301,-79.55229,0
-48.691845,30.52127,0
33.695896,-73.49453,0
18.604225,-144.84706,0
-136.39519,-18.469288,0
113.54742,-3.3921695,0
-20.461962,148.7324,0
-20.267296,148.62393,0
21.85314,-57.149082,0
-53.145737,16.7893,0
54.50541,-37.667168,0
38.885956,-131.03125,0
-143.97739,-1.7544148,0
140.94656,-9.780371,0
-65.09456,127.49792,0
-65.46936,126.37407,0
-84.15025,-121.33626,0
4.8855157,62.907505,0
-79.82467,-130.35403,0
-8.652722,-145.79404,0
-105.976166,-59.400116,0
111.26211,-2.6948872,0
69.931435,141.66501,0
69.12145,138.30087,0
-16.557358,-31.170866,0
-11.137903,13.047458,0
-4.076379,-4.1257596,0
75.298676,-119.40565,0
-118.92968,-10.135921,0
134.65015,18.41405,0
-5.9004164,84.496445,0
-5.0308166,83.491,0
-70.81416,-89.52814,0
-32.029156,54.527,0
-76.44161,-95.58904,0
79.892044,-155.02214,0
-99.340546,-44.00772,0
89.57658,11.405617,0
61.991528,118.03764,0
64.5271,117.73003,0
78.81584,67.61149,0
57.663498,-6.6209483,0
-126.4969,68.79097,0
-111.41387,69.61695,0
-48.13658,-24.140144,0
90.97006,-61.168957,0
79.86865,68.27481,0
79.87812,68.06343,0
-46.190872,-101.28891,0
-47.611317,47.70467,0
-56.60478,-116.96174,0
24.600582,-190.33055,0
-123.69662,-61.16247,0
101.61158,-5.332257,0
40.21496,145.60646,0
41.4392,146.63516,0
-22.20032,-81.26534,0
-73.97898,69.882935,0
-21.137453,-76.159645,0
41.36159,-165.18294,0
-178.7804,-49.87293,0
127.34991,-45.663307,0
0.519658,138.90872,0
0.8752591,139.28123,0
17.56513,-37.5896,0
-37.660305,17.639029,0
31.551073,-19.902668,0
41.213467,-108.35624,0
-137.30267,16.375156,0
165.60098,15.6902895,0
-55.931522,90.767784,0
-56.269035,90.2039,0
-7.8568797,-32.12664,0
-16.58091,5.729187,0
11.265469,-13.131596,0
70.3236,-114.24449,0
-140.41714,-10.319515,0
128.89238,16.525461,0
-27.282778,102.19599,0
-12.056126,82.0162,0
3.9376328,-69.2261,0
-72.33503,8.128466,0
31.39175,-80.00983,0
20.264269,-142.34444,0
-157.09428,-12.973548,0
146.81837,-17.821379,0
-24.974846,147.43724,0
-24.249468,147.94847,0
-21.244846,-29.613901,0
-3.1364658,20.474783,0
-26.514936,-20.516914,0
79.41187,-110.54051,0
-108.86017,-19.749153,0
126.58502,26.462553,0
5.6205683,80.93321,0
6.866724,74.26339,0
42.731564,-4.6460466,0
7.062495,51.13122,0
46.472706,-4.627921,0
-85.84431,85.469864,0
-102.09291,-31.101414,0
144.97954,-67.29753,0
36.618572,57.146652,0
36.839375,57.556377,0
-3.0933945,-39.216858,0
-24.160345,12.592104,0
12.630685,-16.183577,0
59.970417,-125.1769,0
-128.62375,0.10176275,0
144.41428,8.747404,0
-17.626143,86.89915,0
-15.057225,84.85104,0
115.17242,43.697968,0
58.31895,-12.280634,0
-126.23633,87.461105,0
127.581184,48.964104,0
-48.437645,-12.20073,0
71.06841,-52.75257,0
137.86035,57.785126,0
140.85432,55.1138,0
111.33031,44.751785,0
55.816704,-13.773711,0
-124.81748,82.55119,0
123.713326,50.854958,0
-52.65949,-14.340632,0
77.13238,-53.437996,0
143.25124,59.70594,0
143.39326,59.46961,0
-38.24171,-85.84387,0
4.1883097,25.122787,0
-37.550495,-112.65681,0
78.50202,-91.77037,0
-96.62022,-16.949253,0
94.46013,-29.69923,0
21.635105,129.78299,0
21.431524,130.22314,0
-72.376945,-84.541855,0
-29.699125,58.16345,0
-83.47011,-94.05139,0
82.46243,-158.57321,0
-96.889465,-42.150288,0
90.43763,13.017803,0
58.382687,116.45554,0
56.46663,114.65075,0
72.36593,-27.116568,0
-104.78665,-99.27947,1
74.712814,-32.48247,0
-47.637363,-163.00089,2
-128.25371,-102.8876,1
193.53455,6.6190534,0
-106.37293,115.46677,3
-104.69525,115.737015,3
-41.80532,-95.8258,0
-1.7502704,51.44418,0
-60.77251,-125.41693,0
26.845837,-183.28598,0
-115.47978,-67.70404,0
91.70837,-22.408312,0
49.382557,150.9886,0
48.43213,150.80788,0
-83.516495,-119.987656,0
2.9046774,61.99786,0
-77.32168,-129.01656,0
-9.634163,-148.15213,0
-104.80818,-63.018818,0
85.428505,-3.8430653,0
68.44895,145.04071,0
72.92808,145.6328,0
-34.971184,-100.421135,0
-58.371674,46.402943,0
-43.53754,-119.68512,0
15.992392,-179.99222,0
-130.8968,-67.53005,0
99.76179,-26.851805,0
25.004662,158.40916,0
23.908579,162.06712,0
-64.04877,-54.83836,0
5.0062637,32.224754,0
-73.12183,-63.587875,0
98.174866,-137.99371,0
-146.35876,-79.09735,0
106.17902,23.483398,0
45.04087,89.67356,0
44.46832,90.69122,0
21.728237,-48.20877,0
-47.409985,14.980518,0
41.456547,-27.099222,0
42.477856,-127.83928,0
-143.97324,8.055205,0
162.99973,4.9221873,0
-67.95969,110.09185,0
-67.134315,112.2849,0
-41.626976,-104.70436,0
-53.493423,46.509823,0
-53.103966,-126.97643,0
17.099865,-185.6093,0
-129.3152,-63.08648,0
101.66265,-17.68629,0
34.033043,159.67798,0
37.23848,169.41045,0
11.683816,-88.551315,0
-80.3717,19.781275,0
50.19053,-74.93149,0
24.981815,-152.60097,0
-173.6326,-28.654549,0
138.6115,-30.600538,0
-45.891487,162.90268,0
-45.738983,163.58168,0
-82.29323,-114.879906,0
-1.64548,58.18154,0
-76.313194,-125.49372,0
-13.661097,-152.29051,0
-103.14402,-69.01133,0
81.76655,-9.424738,0
61.78325,152.68065,0
70.184715,145.50162,0
-20.642984,-43.11322,0
-16.483934,24.990355,0
-11.688454,-12.535644,0
74.6315,-133.54086,0
-130.04845,-24.303665,0
123.45746,5.488604,0
-0.33427185,104.29838,0
-2.9078355,107.120026,0
-8.356604,-37.19535,0
-19.472935,9.907649,0
2.9570155,-9.374334,0
63.01628,-121.39684,0
-127.54046,-4.4536777,0
142.12407,12.252685,0
-17.309832,92.33844,0
-19.65157,91.48539,0
15.892426,-36.101505,0
-35.338623,18.852394,0
30.380655,-19.079882,0
42.988705,-108.5013,0
-134.66965,17.034636,0
166.42363,19.30329,0
-54.54262,87.443886,0
-53.0646,86.35613,0
3.5873115,-80.27397,0
-85.0965,11.133524,0
41.126316,-73.31033,0
16.421492,-150.25043,0
-162.74538,-22.340832,0
133.04439,-16.187286,0
-33.10529,162.90366,0
-34.51716,163.1361,0
-18.801767,-82.488556,0
-77.25363,71.15325,0
-16.223537,-76.758354,0
38.10008,-165.06845,0
-178.63087,-47.233192,0
131.07492,-43.587933,0
-1.5108496,143.70483,0
-2.0491421,143.3408,0
15.026482,-88.300514,0
-76.17017,20.464207,0
61.58469,-70.40808,0
34.08817,-139.0404,0
-170.9249,-14.435705,0
144.96983,-26.833689,0
-75.78628,135.3832,0
-48.524475,158.20082,0
101.13912,94.25602,0
31.795834,27.48158,0
-137.36191,47.63796,0
-104.58085,49.62424,0
-66.66591,-38.99953,0
97.97029,-80.46037,0
102.78343,103.625626,0
102.6141,103.804794,0
-62.92398,-60.5648,0
-1.6516576,35.12269,0
-68.77601,-65.93896,0
101.56576,-134.02957,0
-151.27249,-72.76271,0
111.534615,23.880976,0
40.034622,84.928345,0
40.05344,84.691216,0
29.453363,-54.69976,0
-60.159065,11.992994,0
52.229897,-29.254076,0
39.990646,-138.24028,0
-165.45334,-11.724178,0
165.35211,-15.619849,0
-75.4665,126.77481,0
-74.451324,126.30737,0
-47.207817,-78.11162,0
-13.916006,48.985245,0
-56.906265,-73.09863,0
99.576546,-117.557236,0
-113.84847,-45.252247,0
108.11041,3.8842611,0
33.999107,117.912964,0
34.5821,118.482864,0
-31.596315,-47.637035,0
-30.130373,42.304745,0
-35.087345,-39.681435,0
72.394295,-146.3458,0
-111.61194,-7.537873,0
97.08661,11.189129,0
15.2852745,109.65947,0
16.94044,108.94483,0
-28.002953,-28.968023,0
-8.260325,26.15092,0
-30.303295,-23.366447,0
81.83181,-114.193214,0
-118.59482,-21.135555,0
118.0925,18.503004,0
12.294564,87.77159,0
12.672555,86.92881,0
-66.69445,-59.704865,0
0.29062998,32.518764,0
-68.771194,-61.71213,0
103.775986,-137.24236,0
-151.92175,-76.44161,0
110.28755,27.55918,0
45.694786,82.81029,0
45.192074,81.85292,0
-10.272089,-107.61912,0
-76.323135,37.94954,0
1.066213,-117.41298,0
-5.2949924,-170.21304,0
-148.42604,-40.88275,0
151.88258,-44.164062,0
-4.978935,185.3903,0
-3.8226287,180.99826,0
-68.63543,-89.57186,0
-33.8626,55.43397,0
-75.76622,-98.06086,0
77.961815,-157.98453,0
-99.62188,-46.238937,0
86.98246,8.660402,0
61.883415,121.17392,0
60.99103,121.989586,0
-24.371336,-110.8094,0
-70.40341,42.702118,0
-32.6574,-132.33948,0
-0.08042922,-177.91678,0
-142.13606,-48.197384,0
113.35612,-22.477894,0
12.161591,181.57246,0
13.816956,181.47235,0
-5.6770496,-25.30143,0
-16.35928,0.41942534,0
8.852134,-2.079652,0
66.24908,-113.87555,0
-131.5893,-4.239613,0
144.11836,15.620902,0
-23.410746,99.63139,0
-19.3041,95.68778,0
-28.307833,-106.35658,0
-62.88881,48.53504,0
-41.497375,-124.59654,0
16.102514,-176.18361,0
-130.50719,-53.60424,0
102.52955,-25.927359,0
21.565945,156.19339,0
21.908937,156.0586,0
-2.973027,-40.73202,0
-25.770645,7.376695,0
11.624389,-18.02252,0
58.07996,-125.71625,0
-139.47849,-8.12227,0
140.11996,4.802284,0
-27.464706,104.30645,0
-24.104002,87.595924,0
4.9662666,-96.4106,0
8.213392,12.462918,0
31.41883,0.08096187,0
6.7081356,-142.883,0
-158.87303,-34.59931,0
125.10705,-31.962788,0
-22.669922,153.68542,0
19.435877,72.07825,0
-28.522139,-100.52591,0
-55.751408,37.17331,0
-37.845806,-119.59388,0
10.028989,-184.72276,0
-129.36656,-46.28001,0
115.90617,-10.765486,0
14.986009,163.79364,0
15.787404,162.73763,0
9.97285,-29.298378,0
-28.893911,24.466934,0
15.207731,-21.399635,0
51.845615,-103.64365,0
-124.43697,18.102186,0
170.90567,25.422354,0
-44.38101,78.86344,0
53.485584,83.133575,0
-70.76299,-85.96092,0
-29.445988,56.281326,0
-80.39944,-96.36947,0
82.05923,-156.27339,0
-95.68863,-43.06606,0
92.02105,14.781916,0
57.27465,116.89554,0
57.24976,118.56475,0
-5.302472,-39.95903,0
-22.5964,12.517633,0
4.7971544,-14.424851,0
61.63805,-124.65646,0
-127.41022,-0.51543045,0
142.14148,6.789072,0
-16.442347,87.80214,0
-18.238077,84.78887,0
-8.849051,-99.473,0
-73.29534,29.312029,0
0.397026,-108.397385,0
2.417046,-164.04045,0
-134.57637,-36.09816,0
95.088585,0.3363863,0
-8.351364,171.93153,0
-9.575254,171.53893,0
8.43311,-65.315956,0
-62.207233,4.010964,0
45.853466,-53.256096,0
24.615286,-126.56499,0
-159.45006,-6.2195125,0
153.34023,-11.963407,0
-36.591854,130.65053,0
-36.36648,129.93399,0
11.294002,-60.32094,0
-53.196594,0.22804536,0
39.688,-46.547466,0
30.926363,-121.515076,0
-146.67387,-4.5262256,0
153.33522,-4.64429,0
-46.89246,120.36421,0
-47.5267,121.38032,0
-46.141735,-96.155304,0
-47.30776,52.670837,0
-59.835,-119.03968,0
26.946695,-186.67162,0
-121.909,-65.390564,0
94.813866,-12.030702,0
34.649773,148.03493,0
32.53192,146.76904,0
-35.525295,-107.89672,0
-53.374374,48.682148,0
-54.149323,-126.133354,0
19.555151,-185.24261,0
-128.84879,-63.28909,0
104.09167,-18.299858,0
33.85135,157.46103,0
33.96167,156.9698,0
-9.698236,-57.727554,0
-33.293846,33.324062,0
-5.0271378,-65.80153,0
60.498653,-141.84329,0
-125.70464,-24.918451,0
124.66673,10.55814,0
-23.58673,123.79274,0
-20.280102,112.62154,0
70.60929,24.188185,0
15.962387,17.885317,0
71.411644,24.385265,0
71.729805,-81.9831,0
-85.453926,-10.289383,0
175.4966,-36.97101,0
59.833908,57.110012,0
60.33252,57.17471,0
17.633253,-80.396935,0
-70.86745,17.5042,0
52.379333,-65.27092,0
28.71353,-145.8532,0
-177.17593,-16.282326,0
148.55942,-27.044231,0
-53.591736,154.83171,0
-54.127968,153.82892,0
1.128775,-103.14067,0
8.636934,26.074863,0
1.9411986,-103.780464,0
-12.075966,-164.09283,0
-167.3142,12.5459385,0
158.89096,-34.75778,0
-14.449317,192.70856,0
-14.627484,193.16557,0
19.530247,-65.964424,0
-63.6969,-2.527124,0
47.992786,-46.559277,0
17.012783,-125.10481,0
-169.31839,4.025293,0
171.3102,-0.7942278,0
-52.33718,135.55557,0
-53.94615,136.09718,0
25.189304,-61.80249,0
-60.12581,17.84945,0
49.83773,-38.783268,0
34.562744,-139.61044,0
-171.71568,-1.5259889,0
140.86153,-38.035904,0
-67.87899,135.2587,0
-67.55687,136.3948,0
-17.224712,-83.28145,0
-78.78264,70.496796,0
-14.717679,-77.47966,0
36.372993,-164.45804,0
-177.99672,-44.968895,0
128.90753,-41.402378,0
-2.8184636,145.54692,0
-3.0639846,145.32686,0
-27.74462,-57.990173,0
-62.870033,62.673164,0
-26.74042,-69.56331,0
55.23808,-157.55415,0
-165.51364,-62.104424,0
122.13137,-54.537567,0
-0.5224409,121.84186,0
-2.1315944,126.05404,0
-18.649546,-41.83135,0
-17.420185,23.41152,0
-9.138212,-12.95203,0
71.90693,-131.77557,0
-129.87917,-18.700834,0
128.19348,6.511117,0
-2.040659,105.11415,0
-3.1425202,105.280266,0
73.14177,-26.39247,0
-104.85246,-99.78164,1
74.4227,-33.86344,0
-48.950005,-164.28134,2
-128.34926,-99.171036,1
192.2102,6.2323055,0
-106.27252,113.85255,3
-105.10611,113.99153,3
-49.283783,-84.726295,0
-11.763438,55.097404,0
-60.684723,-80.17837,0
107.13688,-123.66695,0
-112.74762,-51.91401,0
105.84996,-4.800614,0
32.756554,129.55788,0
33.852627,130.22647,0
63.82072,36.404373,0
22.773418,23.130922,0
63.9476,36.087574,0
72.44162,48.716522,0
-79.09993,-15.80209,0
93.3735,-47.689266,0
62.894356,44.233246,0
62.801224,44.39969,0
44.540276,13.13313,0
13.739176,49.156178,0
-105.2075,83.5488,0
58.08763,18.910149,0
-71.38704,-22.442158,0
138.60754,-79.99794,0
48.3301,39.02403,0
46.646667,37.997196,0
-10.053459,-90.41143,0
-86.04156,22.91664,0
33.359444,-84.70107,0
27.162745,-162.67036,0
-167.55902,-40.64227,0
128.12251,-35.079704,0
-12.251526,154.77243,0
-12.171961,156.27527,0
-9.953425,-39.21734,0
-18.368423,9.971275,0
4.2467103,-10.029325,0
65.95526,-120.83016,0
-128.63763,-5.9258943,0
133.50433,4.142529,0
-15.123758,94.21087,0
-15.868006,92.68663,0
-46.686092,-64.84167,0
-18.305605,40.201385,0
-41.970264,-65.222374,0
93.62232,-123.13244,0
-119.3927,-35.861786,0
108.92087,11.290306,0
27.648636,103.17283,0
28.190912,102.859314,0
-74.53415,-87.343704,0
-25.666021,56.86733,0
-79.68082,-90.84986,0
83.39857,-153.96237,0
-94.024506,-42.778027,0
90.34919,16.5059,0
62.20089,110.17944,0
63.881153,109.94424,0
-75.47111,-83.35833,0
-28.688467,60.32421,0
-79.01723,-83.92615,0
85.10957,-158.6167,0
-93.6914,-47.360657,0
85.577614,14.60358,0
56.374027,111.50526,0
56.358856,109.16759,0
86.10463,31.54755,0
67.37559,-10.354206,0
87.29083,30.251802,0
80.57054,52.142704,0
-66.5241,-13.582223,0
84.72822,-45.076653,0
79.6478,39.610214,0
79.27209,38.692844,0
-32.70776,-105.30077,0
-60.687145,46.280937,0
-46.462696,-124.12312,0
14.358328,-177.84314,0
-130.13795,-55.037067,0
103.51892,-25.295185,0
21.156757,157.61111,0
22.106516,160.87811,0
3.4550097,-79.472374,0
-83.02098,8.965172,0
37.748753,-76.797935,0
14.830791,-147.3157,0
-159.34387,-20.897972,0
132.3089,-19.79303,0
-30.713612,158.10318,0
-35.03525,154.27844,0
-42.987865,-95.96459,0
-41.990665,52.058304,0
-62.46583,-120.8029,0
-85.59175,85.35423,0
-123.946365,-65.18554,0
139.99542,-62.60179,0
47.958782,68.416954,0
46.127335,152.23158,0
22.395699,-58.42215,0
-55.67585,17.384972,0
48.09903,-37.677998,0
33.996246,-132.47784,0
-158.77258,-17.559544,0
140.3776,-13.881635,0
-64.15236,130.38303,0
-64.737274,131.25883,0
67.41329,23.222374,0
14.182491,19.077951,0
66.32049,23.465525,0
72.99663,-83.83255,0
-87.15529,-11.862969,0
173.77316,-36.763245,0
56.24984,55.41334,0
56.501007,55.811924,0
23.541689,-66.20384,0
-48.22385,-3.3821821,0
25.319752,-67.03217,0
27.841724,-113.701065,0
-164.73381,10.329528,0
161.03772,-15.777572,0
-29.67238,119.82591,0
-30.5251,119.32281,0
-27.085676,-105.693985,0
-63.019684,49.30413,0
-43.875443,-122.84579,0
16.270828,-174.94093,0
-128.2933,-53.126472,0
101.80973,-23.824251,0
20.99555,155.57777,0
25.64809,166.05765,0
-47.372047,-100.81443,0
-45.013348,47.328136,0
-56.846455,-116.14513,0
24.988955,-191.67015,0
-119.7293,-60.083378,0
101.031654,-6.8832173,0
41.02777,143.48007,0
42.78609,146.50931,0
26.5865,-54.946598,0
-57.02685,13.204142,0
53.611885,-28.643087,0
37.88266,-130.81268,0
-155.05373,7.30219,0
164.88847,-11.684199,0
-73.71705,124.773994,0
-80.24772,127.49536,0
-0.13599268,-23.148602,0
-31.549059,-3.626934,0
-0.04984862,-21.337109,0
68.90547,-106.808044,0
-120.21221,9.218607,0
152.76546,22.215464,0
-15.077945,72.368866,0
-14.722613,72.002396,0
8.004513,-25.819654,0
-29.31182,20.792437,0
9.449683,-22.907244,0
55.74355,-102.63288,0
-124.67559,16.66868,0
170.65977,21.862497,0
-40.465336,74.735985,0
-39.43202,73.63059,0
-39.707153,-97.54519,0
-54.472412,52.65661,0
-51.851498,-117.31121,0
23.960325,-181.19383,0
-125.040985,-68.629776,0
95.33365,-16.987774,0
28.810492,150.48578,0
29.910322,150.7281,0
-12.381004,-84.580475,0
-80.58703,66.18596,0
-10.765457,-81.22336,0
32.838352,-161.2626,0
-174.96817,-40.828384,0
134.40259,-38.540005,0
-8.864684,147.83966,0
-8.296026,146.45517,0
-54.00282,-93.94794,0
-39.187256,46.997604,0
-54.94178,-93.94912,0
33.489414,-192.22229,0
-113.88483,-57.71343,0
177.55042,-8.211195,0
44.176346,135.76227,0
44.606167,135.25804,0
21.89111,-43.257298,0
-41.05289,13.6390705,0
34.876965,-21.761806,0
48.867313,-118.4608,0
-139.20184,8.045904,0
160.99663,15.068495,0
-61.8513,100.8264,0
-62.102013,99.6443,0
-5.9267607,-43.59178,0
-27.008003,15.365788,0
5.011868,-17.582556,0
56.94234,-128.01065,0
-137.12915,-12.976567,0
146.66568,-1.6176432,0
-16.226423,100.606895,0
-14.629641,97.776375,0
-67.25052,-58.910347,0
1.254985,32.304737,0
-70.14667,-60.947983,0
103.579575,-139.23956,0
-151.32286,-77.50308,0
108.71526,28.088167,0
47.401714,83.048965,0
47.691605,82.04289,0
-75.769585,-115.17266,0
-3.2034142,63.41665,0
-68.392685,-126.27974,0
-9.143961,-155.26234,0
-111.205284,-65.24739,0
87.65879,-10.039029,0
58.462864,146.36684,0
57.9547,147.55186,0
-4.3992615,-72.540306,0
-77.2885,-1.5727319,0
31.002296,-67.796646,0
65.4373,-147.3802,0
-108.823746,-2.8393238,0
130.7299,-9.164621,0
-24.036333,140.59132,0
-22.129211,140.28893,0
1.2579952,-82.466576,0
-83.99417,9.798834,0
40.705605,-72.973,0
15.823839,-148.00829,0
-163.58781,-22.176174,0
138.91313,-17.149424,0
-31.934963,161.44382,0
-27.906569,160.63881,0
-22.89528,-102.927666,0
-63.744045,39.466053,0
-42.894447,-131.66177,0
5.0786433,-178.78636,0
-136.97614,-45.26494,0
119.53692,-9.649239,0
12.580883,171.32773,0
19.631632,174.70757,0
-13.423398,-110.321884,0
-78.99115,41.187157,0
1.0723213,-124.594,0
-8.073322,-175.1912,0
-150.07076,-44.115032,0
146.15224,-25.517223,0
0.9814083,191.51099,0
1.0268524,190.65953,0
-23.00712,-80.59879,0
-73.63244,69.801506,0
-21.12014,-76.6015,0
41.656567,-164.90538,0
-177.99275,-50.196198,0
127.162056,-46.239346,0
0.7933454,138.7783,0
1.128292,139.97037,0
-48.526073,-81.43563,0
-11.67222,52.08659,0
-60.87389,-77.30725,0
104.10849,-122.6075,0
-114.83823,-49.883915,0
105.8088,-0.4612904,0
35.77233,125.18172,0
35.36843,125.39561,0
-3.2775874,-86.01082,0
-89.9225,17.769161,0
36.679058,-81.35657,0
25.775272,-159.79506,0
-163.47217,-36.455883,0
128.59389,-28.8927,0
-23.351276,158.65591,0
-23.85297,159.54974,0
9.913141,-89.501236,0
-81.794945,18.252663,0
54.471542,-76.44564,0
21.602722,-151.97794,0
-174.45135,-26.05023,0
139.65088,-29.758936,0
-42.809357,167.0206,0
-43.67423,167.64803,0
81.55539,80.00759,0
17.881754,33.844215,0
-126.97548,37.32019,0
-114.36276,39.295296,0
-81.37907,-34.962585,0
113.41717,-77.62504,0
70.21933,79.173836,0
70.39728,79.16734,0
0.18756087,-30.938408,0
-25.571026,4.2724533,0
23.869482,-9.970327,0
58.899628,-117.78148,0
-133.82913,1.3465539,0
148.93846,13.127112,0
-29.151228,90.17324,0
-31.108284,88.99127,0
-49.947353,-76.28654,0
-17.404629,50.206066,0
-59.968266,-71.92043,0
103.19802,-116.42426,0
-115.19839,-42.098618,0
101.13135,3.130154,0
39.451077,116.69151,0
41.48677,115.71579,0
-30.429718,-49.19551,0
-31.431166,41.432415,0
-36.055595,-40.144714,0
71.02559,-145.95923,0
-109.833336,-5.2243505,0
140.7259,22.94371,0
14.589248,112.33748,0
13.264775,112.8744,0
-27.317768,-30.044636,0
-9.261709,25.369444,0
-31.10113,-22.486666,0
80.90778,-114.605316,0
-114.7902,-20.907915,0
120.75701,22.245386,0
11.728867,85.32331,0
12.423434,85.67874,0
-37.03184,-105.16673,0
-50.26194,43.416073,0
-52.50443,-131.34999,0
12.666735,-172.77805,0
-131.24045,-55.749657,0
101.57756,-21.156603,0
33.725685,162.98483,0
34.21329,162.76306,0
15.381042,-77.150604,0
6.050903,11.491306,0
29.38865,-1.5839221,0
65.931,-93.30871,0
-98.18253,-6.9695516,0
155.00204,-29.952475,0
-52.981678,148.22868,0
-53.496918,147.94481,0
3.249113,-82.06736,0
-87.6611,7.4260097,0
42.991932,-77.03276,0
11.681457,-149.37343,0
-157.31009,-25.466974,0
133.10808,-20.29495,0
-30.865398,168.08669,0
-34.533966,167.3217,0
-10.972529,-99.591934,0
-71.228966,30.055475,0
2.136231,-108.4026,0
3.5489686,-166.00145,0
-117.88913,8.205321,0
119.35859,-13.414068,0
-6.028206,170.52602,0
-5.4823756,168.60588,0
37.14,1.1656324,0
4.768197,50.634193,0
38.322285,2.0519128,0
-85.425255,85.2721,0
-100.95657,-31.037205,0
139.39232,-62.27023,0
47.84164,68.276886,0
47.645668,68.218185,0
-27.129667,-114.9759,0
-87.232445,41.991287,0
-31.517006,-129.1141,0
-3.7173593,-185.5467,0
-143.10336,-54.45657,0
112.697,-26.14255,0
24.127098,182.82619,0
23.366251,182.54738,0
15.193915,-28.967356,0
-32.578793,26.833578,0
21.161423,-25.562756,0
47.350388,-102.61647,0
-129.16214,21.002995,0
169.87482,18.436293,0
-48.51488,83.335434,0
-48.663,84.066795,0
-10.368583,-25.936872,0
-11.485906,5.2350206,0
5.137722,-1.9568988,0
73.75442,-122.87598,0
-122.8256,-14.761837,0
132.62457,5.802661,0
-3.2290113,93.80712,0
-6.43131,92.918976,0
9.236599,-61.322933,0
-56.41523,-0.23457032,0
40.40578,-48.995083,0
24.79682,-122.07238,0
-153.55869,-3.9784908,0
147.28949,-5.5329194,0
-42.517944,125.2021,0
-43.892345,124.72839,0
89.33889,87.11788,0
27.581877,34.999676,0
-135.54486,39.491234,0
-107.22591,25.747833,0
-75.59419,-37.73036,0
105.017876,-79.3115,0
77.53794,92.593315,0
77.32602,92.61941,0
67.3771,-29.605251,0
-106.991844,-94.59204,1
67.976776,-31.41275,0
-45.626144,-159.49031,2
-130.50778,-98.84524,1
194.80617,2.1198974,0
-111.52634,120.52545,3
-110.79118,120.93165,3
26.022326,-42.09551,0
-43.05604,25.64101,0
41.41848,-15.40034,0
51.26392,-138.8238,0
-140.36247,-23.690891,0
157.68237,1.6761181,0
-76.50977,98.22537,0
-76.77093,97.57708,0
65.9097,-29.924414,0
-107.47254,-97.92152,1
66.38727,-31.964314,0
-46.59833,-158.46727,2
-129.6408,-100.2689,1
190.3585,4.890109,0
-113.09437,118.88921,3
-112.22233,119.28337,3
84.67318,30.46938,0
68.555824,-9.871574,0
85.25948,29.225897,0
79.509285,51.352684,0
-67.69603,-13.947928,0
86.024895,-44.88925,0
77.30148,40.33972,0
77.2047,40.220123,0
5.0199947,-87.48523,0
-86.27862,12.431046,0
43.948257,-82.43753,0
18.48727,-153.32254,0
-158.89282,-29.55678,0
126.15074,-22.355558,0
-24.456646,160.98412,0
-37.979546,165.40602,0
-6.355251,-106.512985,0
-80.76537,33.367928,0
4.2906866,-115.14463,0
-6.6999807,-165.8793,0
-147.71922,-35.84174,0
155.3674,-40.00279,0
-12.323612,186.19328,0
-12.46852,185.3679,0
-17.881165,-40.98529,0
-18.489979,21.933695,0
-8.141861,-12.022795,0
71.55913,-131.67499,0
-127.21275,-19.173008,0
126.6237,5.693647,0
-1.2392449,105.40967,0
-5.8053293,105.176994,0
126.19235,97.36714,0
31.788404,17.749914,0
-142.93939,59.24825,0
-104.83433,59.803116,0
-56.852695,-36.798203,0
88.973434,-78.52335,0
117.62637,96.05744,0
117.66347,95.693184,0
15.20599,-61.894203,0
-58.76505,-5.071782,0
46.11924,-47.105766,0
20.519297,-120.59235,0
-162.5192,3.8790767,0
159.3697,16.281158,0
-48.06973,128.37463,0
-52.28812,128.31227,0
17.55672,-92.14997,0
-74.78076,18.945595,0
61.021553,-73.0115,0
24.678747,-146.51575,0
-174.10292,-24.098455,0
119.88882,-18.305271,0
-19.498487,176.49828,0
-18.97424,177.08588,0
69.23406,28.243628,0
17.60859,19.631777,0
68.93003,28.304224,0
73.36093,-80.818886,0
-83.19476,-12.082383,0
175.05171,-39.326523,0
61.304394,52.61638,0
61.328815,52.559566,0
-42.904655,-76.73381,0
-58.71243,27.842104,0
-1.7615474,-61.943188,0
14.10744,-133.46494,0
-126.74724,-41.01115,0
151.97699,-13.957947,0
-29.529236,125.98069,0
-23.720919,131.7716,0
-18.355341,-107.7098,0
-70.85477,39.60651,0
-31.749805,-138.42401,0
1.7542505,-173.72556,0
-141.92563,-44.93166,0
116.56063,-21.624126,0
6.310542,178.33221,0
6.8471065,178.83492,0
18.194672,-47.46896,0
-45.290974,12.045015,0
40.630432,-28.174782,0
42.672245,-125.82478,0
-144.91068,7.080038,0
164.5216,6.0963364,0
-66.71918,105.12089,0
-67.56922,105.39578,0
65.436035,36.30475,0
22.613636,22.022364,0
65.21433,36.429092,0
73.09984,48.987774,0
-78.48335,-15.073395,0
92.462616,-47.775513,0
64.134346,44.847748,0
64.0353,44.86988,0
42.13736,13.186276,0
12.772031,42.73443,0
-101.825096,85.36079,0
60.192455,15.483558,0
-71.583244,-24.366552,0
140.90407,-81.59037,0
49.505875,45.719658,0
49.360638,45.905148,0
-10.2461405,-104.73772,0
-75.6114,34.978413,0
2.1806254,-113.619194,0
-1.8433086,-170.1492,0
-145.03307,-40.00262,0
152.74358,-44.065052,0
-1.8579624,181.4713,0
-1.175779,181.41547,0
98.59671,90.42316,0
32.674904,32.474247,0
-133.84068,46.333633,0
-105.832245,46.944225,0
-69.95472,-36.738983,0
101.1079,-80.3076,0
93.671295,108.70152,0
93.57098,108.72462,0
-12.95668,-44.316074,0
-23.930721,20.168705,0
-2.6895258,-17.61796,0
43.893272,-133.40337,0
-144.40866,-8.4813175,0
148.70566,0.10759861,0
-12.29813,106.770386,0
-12.100674,106.649376,0
9.277789,-91.82553,0
-79.42539,23.682592,0
50.400295,-80.44429,0
11.119695,-158.83101,0
-171.88107,-31.344393,0
121.98094,-19.028313,0
-22.02597,174.25119,0
-44.515278,169.13054,0
0.50588125,-43.227585,0
-29.592363,13.101993,0
8.006778,-17.512594,0
54.10516,-126.183784,0
-125.32599,4.099594,0
149.05658,3.310888,0
-41.1037,100.25632,0
-41.378048,100.99817,0
-23.47539,-33.5671,0
-11.3530035,23.179117,0
-28.786602,-21.96661,0
83.12371,-112.43566,0
-115.35777,-21.050863,0
124.99853,19.392221,0
7.826347,89.51697,0
7.4802723,90.63886,0
102.759605,58.011566,0
65.44341,2.4848998,0
-123.978294,75.60986,0
103.09814,57.75263,0
-58.218372,-21.925827,0
81.33576,-59.666153,0
103.84953,58.62031,0
103.43332,58.380955,0
18.04506,-45.222916,0
-46.71189,15.23244,0
39.2695,-26.81746,0
44.905773,-122.40113,0
-143.38232,9.56441,0
161.15848,7.5877404,0
-67.545265,108.758766,0
-68.4599,109.22738,0
18.019936,-48.479397,0
-45.81972,11.487685,0
35.773937,-26.582678,0
41.072937,-126.86626,0
-148.02603,7.9300747,0
155.13252,2.033641,0
-64.91863,107.96254,0
-69.099,100.88033,0
24.250927,-44.400703,0
-43.8992,19.755272,0
42.326725,-21.887787,0
48.037674,-126.550255,0
-146.48967,-19.107798,0
152.27843,6.3786564,0
-56.533203,104.883286,0
-55.439114,104.03285,0
28.598156,-60.835815,0
-60.723118,16.495348,0
48.585655,-65.514175,0
33.050728,-139.49641,0
-171.39766,-13.715753,0
145.49785,-25.942244,0
-71.08569,134.12201,0
-71.29567,134.8072,0
-19.697119,-118.971085,0
-85.45363,49.86981,0
-18.586065,-131.90518,0
-11.096728,-184.16023,0
-149.12544,-58.153477,0
111.01852,-32.097523,0
20.848986,195.4332,0
26.743229,188.31708,0
100.10152,92.43067,0
32.099052,29.163158,0
-140.9265,42.56553,0
-103.99543,48.291862,0
-69.59232,-40.50535,0
99.80096,-78.71859,0
99.46048,106.69505,0
99.625534,105.85411,0
-13.25599,-64.42878,0
-68.602325,52.98897,0
-12.367243,-68.21636,0
45.901817,-153.4132,0
-163.16386,-46.45354,0
154.62408,-15.375962,0
-13.793771,131.5979,0
-14.507003,131.77013,0
-11.426496,-55.822994,0
-35.378838,35.717518,0
-12.704207,-51.72463,0
64.45487,-140.52678,0
-114.7875,0.36103868,0
142.73196,24.533068,0
-16.103804,116.267845,0
-15.694629,115.60214,0
0.94454443,-40.49601,0
-28.556284,7.2357106,0
18.231913,-16.735964,0
55.28624,-119.60423,0
-140.13748,-4.883895,0
146.78064,9.1101675,0
-35.98558,98.431755,0
-29.707737,83.2841,0
3.6803045,-31.144897,0
-26.08728,-1.1157534,0
19.951878,-11.635432,0
71.42882,-109.83937,0
-135.05539,0.18410277,0
135.18831,26.45792,0
-25.060143,82.71317,0
-25.922644,82.66666,0
-4.1487775,-39.046974,0
-22.357346,12.249713,0
6.3002415,-14.875121,0
61.207016,-125.2991,0
-125.990265,-7.710339,0
137.76053,17.553751,0
-15.647356,88.01588,0
-15.634271,86.529205,0
-34.811466,-61.071537,0
-56.236565,65.348015,0
-71.190384,-104.87081,0
62.48131,-163.72176,0
-152.1528,-69.49026,0
114.10389,23.267591,0
12.554476,118.47505,0
13.072873,118.66729,0
127.61233,98.3264,0
32.856705,18.599783,0
-144.06168,58.625866,0
-104.64594,58.222645,0
-56.881683,-38.403366,0
88.403244,-80.009865,0
117.02818,98.93287,0
117.79574,98.35734,0
-69.0455,-55.32815,0
2.7221358,36.070465,0
-76.97891,-61.543854,0
101.00324,-141.44286,0
-148.40683,-75.84689,0
108.84554,29.243404,0
50.552906,86.55901,0
52.126358,86.59825,0
-18.105368,-37.433342,0
-21.694662,23.260666,0
-7.337578,-17.878315,0
73.3515,-128.9079,0
-125.70087,-17.94041,0
130.21487,13.886982,0
-1.0554448,99.51768,0
-6.9076695,97.792534,0
-1.2982284,-22.681282,0
-31.578281,-4.2323565,0
-1.0619147,-20.968395,0
69.18794,-106.06701,0
-119.85124,10.373519,0
151.455,23.21802,0
-14.277579,72.4584,0
-13.62599,71.80636,0
101.00423,94.06177,0
31.84691,27.627464,0
-140.90826,44.255608,0
-103.78274,49.549362,0
-68.22947,-40.26244,0
98.60515,-79.7172,0
101.43861,104.88177,0
101.354065,104.84353,0
19.829374,-52.013275,0
-49.528843,10.606138,0
42.80946,-33.42731,0
41.13271,-124.421875,0
-150.39839,8.910976,0
156.76266,4.9001064,0
-61.429146,109.89406,0
-65.63626,119.98891,0
-74.63637,-87.36148,0
-25.656097,56.666683,0
-79.44228,-90.79983,0
83.59835,-154.11578,0
-93.79052,-42.262924,0
89.09221,14.339789,0
62.294476,109.95636,0
63.313473,109.75887,0
-5.619853,-84.469376,0
-87.495605,26.951368,0
29.6224,-84.8316,0
36.851692,-156.09056,0
-161.77455,-16.596262,0
156.78206,-19.108616,0
-13.784297,141.67332,0
-12.897686,142.12993,0
-18.321333,-102.84551,0
-66.80079,34.249775,0
-39.86603,-138.73973,0
5.299088,-170.75266,0
-138.63843,-42.040382,0
120.63232,-16.464638,0
3.1930192,169.0686,0
2.9911907,168.95015,0
115.713936,43.906822,0
59.204136,-12.375725,0
-125.42636,87.544754,0
128.14218,48.909386,0
-48.5709,-11.633574,0
71.24031,-53.163258,0
137.84174,56.93986,0
139.34175,55.04414,0
126.21758,78.9405,0
72.53754,5.619892,0
-140.08168,61.4726,0
-104.69725,63.488224,0
-56.82609,-31.882488,0
87.39356,-73.46742,0
122.1468,86.5755,0
122.461296,86.605896,0
-37.461445,-14.7053385,0
-1.847828,46.04252,0
-118.46993,41.947433,0
45.018974,-180.70177,0
-87.978485,-27.627247,0
119.519684,-68.49487,0
53.694122,70.286995,0
53.826645,70.57749,0
-1.2423154,-22.611567,0
-31.600386,-4.2447515,0
-1.294195,-21.07945,0
69.17485,-105.95265,0
-119.05596,9.8620615,0
152.01222,22.029493,0
-14.247073,72.57304,0
-13.260971,71.69305,0
-24.39589,-25.90869,0
-8.564951,20.436697,0
-25.086313,-13.859291,0
75.62458,-110.718185,0
-115.108925,-16.725159,0
131.58813,29.169384,0
-1.5614824,76.68212,0
-1.9056528,76.02693,0
-4.839361,-90.795395,0
-82.04931,47.995052,0
-5.863343,-128.26862,0
-9.6085005,-178.58046,0
-162.92665,-42.632744,0
126.07091,-36.877342,0
9.428303,194.7906,0
8.909085,194.68282,0
-58.875507,-98.93377,0
-25.99687,62.28585,0
-60.959354,-100.0492,0
18.818203,-171.24115,0
-91.64523,-48.43509,0
93.99294,17.07645,0
51.166054,113.76745,0
50.815445,113.75956,0
21.679201,-82.760155,0
-70.91416,21.634356,0
54.196053,-66.67863,0
31.518305,-150.85938,0
-181.34721,-17.73906,0
150.15128,-30.953335,0
-55.705055,157.9743,0
-54.248386,158.5675,0
19.90243,-37.489815,0
-36.82684,14.524642,0
30.320229,-25.101347,0
42.379536,-112.93027,0
-135.64838,14.257993,0
162.76596,16.09222,0
-62.007664,90.567894,0
-64.905174,90.41786,0
24.761797,8.478628,0
7.3739643,14.529634,0
29.514072,2.5733304,0
68.546265,-91.39572,0
-95.67166,-12.104191,0
170.22778,-21.87749,0
21.756096,73.202126,0
21.623253,73.44144,0
-76.49922,-114.25817,0
-4.0578966,62.053303,0
-69.18097,-123.5155,0
-10.233409,-153.91489,0
-106.857124,-69.006096,0
85.40387,-10.853253,0
60.072838,148.11234,0
60.882957,147.33969,0
-39.467342,-55.982258,0
-11.837335,29.521776,0
-37.203175,-56.703094,0
85.871254,-119.107994,0
-115.44786,-27.46236,0
117.23911,22.389042,0
18.908709,86.94911,0
20.520227,87.738495,0
-23.591566,-102.79842,0
-63.223824,39.520733,0
-43.902794,-132.4516,0
5.5736146,-178.6879,0
-136.93352,-45.991688,0
112.10205,-14.853425,0
12.509684,171.83961,0
19.26161,172.65012,0
-22.425705,-82.3673,0
-74.61796,68.52305,0
-19.41576,-73.471176,0
41.318413,-163.4224,0
-182.00458,-44.42441,0
128.83762,-46.73874,0
-1.9218888,137.50233,0
-3.6155837,136.68678,0
-19.282972,-120.60311,0
-85.02894,51.38085,0
-21.80504,-130.0981,0
-12.174993,-183.50577,0
-151.88779,-56.729427,0
115.38269,-33.569775,0
23.424658,195.759,0
22.884577,196.15631,0
28.503056,-46.758965,0
-43.79312,22.934517,0
41.92881,-19.324205,0
46.356617,-139.00996,0
-178.32704,-30.583038,0
166.71515,-5.75634,0
-77.251915,104.523094,0
-77.770065,104.469666,0
-30.542162,-101.15438,0
-55.049088,38.429222,0
-38.974316,-117.04984,0
9.860826,-186.7721,0
-130.90501,-47.048206,0
116.86163,-7.495294,0
16.899931,164.12698,0
16.476456,162.29713,0
24.626425,-55.970673,0
-55.519115,14.904303,0
50.210632,-34.460697,0
39.14806,-133.14452,0
-153.70407,11.676408,0
171.10028,-9.695326,0
-69.58782,125.18632,0
-68.207436,124.38094,0
8.89974,-55.23217,0
-50.939007,2.1647375,0
35.049004,-39.939327,0
31.790499,-124.22514,0
-149.50069,-4.1856656,0
158.18314,-6.716489,0
-40.833584,116.08361,0
-41.07183,117.32834,0
12.888099,-61.731956,0
-56.7383,-4.994398,0
42.04605,-45.648396,0
23.587923,-120.10846,0
-161.52927,2.4574642,0
148.24371,-11.168413,0
-46.11562,126.14357,0
-46.52619,124.83536,0
-37.448677,-17.221943,0
1.4684597,46.13247,0
-120.32234,36.94912,0
47.22455,-178.25954,0
-84.58965,-28.068481,0
116.97255,-71.120056,0
59.34907,72.68002,0
59.274315,72.40033,0
-28.403069,-100.00693,0
-55.93934,37.02517,0
-37.580364,-119.61974,0
10.322828,-184.4546,0
-128.41057,-46.397938,0
115.71528,-8.634504,0
14.601047,163.69705,0
15.968422,162.76965,0
-24.754826,-25.23533,0
-8.521492,20.499828,0
-24.456625,-13.236939,0
74.53475,-109.91822,0
-115.624,-17.171078,0
130.95856,29.67319,0
-1.4501712,75.92742,0
-2.2171643,75.15614,0
-43.967415,-104.990395,0
-53.702877,54.978962,0
-54.323963,-127.3522,0
21.977526,-181.74336,0
-127.5228,-69.37136,0
95.72087,-17.879694,0
28.263414,152.226,0
28.171263,152.21407,0
4.7464542,-37.566826,0
-32.244465,1.7863129,0
21.115265,-16.851568,0
52.973217,-110.473595,0
-137.61523,2.1333046,0
156.91197,25.501781,0
-34.599155,79.6414,0
-31.605732,80.27276,0
86.19789,84.02376,0
25.307413,39.11818,0
-133.83473,43.99394,0
-112.56183,32.589535,0
-75.25567,-33.254635,0
108.90911,-80.1992,0
71.011024,91.28831,0
70.629456,90.9673,0
-39.11433,-96.03651,0
-55.926445,51.165375,0
-51.047955,-116.44163,0
25.259512,-180.96774,0
-124.89442,-66.513626,0
97.531555,-19.001242,0
26.538063,151.67642,0
20.535332,145.7244,0
2.5525887,-83.681786,0
-86.316666,6.9486475,0
41.602036,-77.99331,0
10.224581,-147.18338,0
-155.64404,-25.91131,0
130.05449,-18.690205,0
-27.509706,167.4561,0
-26.70644,168.67603,0
-29.282051,-60.337368,0
-62.127045,63.73725,0
-28.46605,-65.71005,0
55.633663,-159.61307,0
-167.67552,-69.53608,0
119.01699,-56.19465,0
1.9283818,121.21764,0
1.7798345,121.23716,0
-24.666874,-56.471935,0
-61.430576,60.33359,0
-24.624763,-67.222946,0
55.930588,-152.97171,0
-159.637,-70.43974,0
128.4303,-1.8475553,0
2.795237,117.09222,0
2.044441,119.02624,0
-27.38186,-115.639275,0
-87.50433,42.492023,0
-31.221382,-128.15662,0
-3.298418,-185.07588,0
-142.98947,-55.399387,0
112.01715,-28.783495,0
23.534378,183.11272,0
23.780537,182.02402,0
-0.1260308,-90.181725,0
-86.65862,19.091965,0
49.392315,-74.98877,0
22.637651,-157.9351,0
-166.12912,-34.290062,0
130.28772,-29.611101,0
-19.354118,159.5828,0
-20.863104,158.05199,0
8.139247,-47.39824,0
-51.578564,21.208706,0
30.529184,-29.151266,0
48.78867,-129.3094,0
-147.57985,-15.59454,0
138.26868,-9.976266,0
-48.072136,105.276054,0
-67.2439,90.63663,0
-2.0877848,-72.25835,0
-76.07217,0.31839147,0
34.759262,-65.06352,0
63.96541,-146.33987,0
-109.23433,-2.1895578,0
136.96275,23.761724,0
-25.933142,140.23077,0
-24.451588,138.73808,0
6.0042577,-62.622646,0
-58.269756,3.7025957,0
40.044823,-53.201683,0
26.397104,-125.14885,0
-155.98651,-7.1496854,0
152.31248,-15.101577,0
-35.48245,127.12349,0
-36.49555,125.53931,0
-62.451668,-61.78594,0
-2.724822,34.346836,0
-67.579704,-65.88067,0
102.47619,-133.47377,0
-156.02075,-71.43164,0
114.927986,-50.866936,0
37.516182,85.867584,0
36.818707,85.80511,0
1.1729627,-33.14721,0
-25.998785,2.025551,0
20.25,-8.761068,0
58.075176,-114.83486,0
-134.53925,-1.9908156,0
150.79263,17.504906,0
-29.403254,87.750336,0
-29.354422,86.41835,0
9.0676155,-27.470306,0
-28.900827,23.603462,0
11.457961,-22.705528,0
52.66194,-102.28317,0
-124.18358,16.116955,0
171.2243,21.22401,0
-42.565468,78.06374,0
-42.173023,78.46104,0
-15.904282,-41.583836,0
-21.944685,17.039852,0
-8.789246,-6.546594,0
65.186714,-128.20593,0
-129.80531,-17.665789,0
127.598434,5.3329306,0
-10.37001,98.7563,0
-18.57403,76.106255,0
-65.74624,-56.489597,0
4.091257,34.821777,0
-75.7006,-62.5258,0
99.628105,-139.80328,0
-146.79999,-76.7534,0
106.333244,26.087164,0
47.5301,89.30335,0
50.27352,88.20862,0
6.939944,-56.665283,0
2.1458938,11.588106,0
33.471798,-43.051895,0
66.32272,-96.65678,0
-100.63632,-6.832233,0
157.64595,-11.659307,0
-35.63711,119.928505,0
-36.43649,120.147125,0
-20.678762,-104.97938,0
-67.2405,38.23051,0
-48.746986,-130.5585,0
11.44195,-175.86523,0
-140.16693,-42.37483,0
115.13722,-17.571253,0
6.690216,171.81082,0
27.092445,161.92017,0
4.3325043,-23.434204,0
0.17043369,14.773562,0
4.573822,-23.02749,0
69.73213,-100.11477,0
-132.21426,-25.339813,0
121.46062,7.775085,0
4.642814,95.278244,0
5.251797,94.90138,0
-72.535576,-91.16846,0
-30.88976,52.1733,0
-75.61615,-93.33604,0
78.34861,-153.08163,0
-98.94004,-40.67605,0
92.76325,10.011395,0
64.72441,114.67213,0
65.29809,114.38767,0
-13.075445,-104.86075,0
-68.02516,34.77291,0
47.23178,-73.92644,0
10.399191,-164.85074,0
-140.79681,-31.786282,0
125.9541,-9.78711,0
2.35791,172.35533,0
4.9103703,186.42749,0
-19.411753,-111.28824,0
-64.93445,43.741512,0
-24.793236,-140.01662,0
5.1959043,-184.2879,0
-156.52913,-40.131706,0
152.79901,-49.676826,0
17.690071,176.15137,0
17.928112,176.70284,0
-18.352802,-40.01805,0
-19.313196,22.781784,0
-9.661125,-8.2418995,0
71.89341,-132.9614,0
-126.58296,-19.308577,0
127.8192,9.985539,0
0.0041290196,105.82873,0
3.9901247,107.99641,0
-80.95799,-115.91895,0
1.4575263,58.829773,0
-77.03166,-126.38517,0
-12.062873,-150.5517,0
-102.880325,-65.06154,0
83.05177,-6.9241886,0
65.91991,147.84897,0
65.320755,150.0025,0
125.95881,99.12201,0
32.025906,20.00691,0
-142.19235,45.716427,0
-104.746796,52.740925,0
-59.53682,-36.539764,0
91.10108,-78.71879,0
112.153854,101.99521,0
112.298355,102.153206,0
4.4717317,-48.910183,0
-47.849697,24.963196,0
2.299486,-48.575314,0
48.519115,-133.313,0
-143.14642,18.577354,0
151.02081,32.587807,0
-45.453136,107.24517,0
-45.320465,106.64711,0
-12.168483,-107.89019,0
-78.86846,37.441917,0
4.048797,-119.50654,0
-4.425261,-172.6345,0
-147.35187,-42.357456,0
148.85585,-41.62804,0
-0.9526088,185.44821,0
-0.20996152,185.20398,0
0.3569653,-83.5249,0
-85.23129,8.68427,0
38.854794,-77.325165,0
12.845079,-146.96082,0
-154.63608,-29.52822,0
129.26067,-20.635502,0
-26.163692,162.43796,0
-27.962872,163.33774,0
-73.38731,-116.23773,0
-0.2252188,64.56052,0
-79.41306,-126.76941,0
-5.4709716,-154.2874,0
-110.9288,-64.11107,0
86.41346,-14.431739,0
55.96138,144.98695,0
67.76045,139.98593,0
-6.996408,-45.36588,0
-40.049126,23.397474,0
37.526695,-15.874167,0
49.92554,-142.0458,0
-142.88713,-12.317188,0
137.49739,0.49213767,0
-18.909883,102.71204,0
-18.614012,103.079735,0
15.641285,9.572608,0
19.274137,31.797377,0
15.725489,9.475637,0
28.536514,-101.132385,0
-85.44603,-35.202694,0
97.02334,-45.94937,0
24.277334,58.921764,0
24.190386,58.955456,0
-28.373816,-34.829147,0
-12.546687,21.432966,0
-29.601097,-34.752342,0
79.76452,-120.105194,0
-118.629745,-18.950005,0
128.53725,17.713501,0
11.883527,90.854935,0
12.074112,92.67511,0
-0.99063855,-79.88023,0
-79.51891,8.673394,0
39.09306,-72.98057,0
14.654498,-144.75523,0
-152.08597,-28.942896,0
129.00044,-18.239151,0
-30.672102,161.62119,0
-34.209946,156.52934,0
8.777759,-34.655735,0
-34.365067,4.923042,0
25.99227,-11.355376,0
50.746384,-113.02006,0
-135.20241,6.9620986,0
157.07674,14.267475,0
-36.76784,84.24036,0
-34.096092,88.88258,0
-39.770344,-53.13374,0
-10.2383585,32.823498,0
-41.518463,-49.896976,0
87.10245,-121.7699,0
-121.8156,-25.732536,0
110.38177,16.449484,0
20.506392,93.7285,0
19.846102,93.65634,0
-66.90164,-54.608833,0
3.979968,34.16843,0
-73.83087,-63.45067,0
99.87323,-140.47227,0
-148.17195,-76.0723,0
107.40616,26.32318,0
47.592804,88.71052,0
48.105373,88.09536,0
10.194206,-78.367424,0
-77.75136,16.726082,0
46.7389,-68.62643,0
22.545866,-140.62599,0
-168.23022,-28.3855,0
140.80675,-20.683008,0
-40.836147,149.13676,0
-44.544792,156.32756,0
98.97366,90.05369,0
32.612354,32.978916,0
-132.86557,46.046085,0
-106.25227,46.41928,0
-70.39589,-36.785645,0
101.620346,-80.10094,0
94.074684,109.72669,0
93.80076,109.56852,0
84.704765,86.95008,0
23.302473,39.290653,0
-133.00024,52.28279,0
-112.378174,30.541306,0
-71.89422,-31.897411,0
106.95079,-84.305565,0
71.53619,97.0032,0
70.904625,97.31283,0
-18.445929,-123.17586,0
-85.5584,51.639652,0
-18.027636,-129.38423,0
-13.397355,-184.07083,0
-152.54344,-59.015778,0
113.32059,-34.894524,0
20.144209,197.14784,0
21.37934,196.4007,0
13.38095,-85.81312,0
-78.17548,17.164013,0
47.938797,-69.05353,0
24.558432,-148.63574,0
-170.63991,-24.95912,0
142.49048,-25.073694,0
-42.78341,156.41776,0
-44.52837,157.48262,0
-10.649452,-99.203415,0
-70.5431,29.405275,0
3.2969508,-109.55039,0
4.263395,-166.7951,0
-136.10947,-39.46902,0
118.02482,-17.890728,0
-3.8664372,170.5163,0
-26.082552,180.52031,0
-19.465313,-104.220345,0
-67.6053,36.90748,0
-36.870358,-137.86029,0
4.4171586,-173.18831,0
-138.28163,-43.243397,0
113.06968,-19.034222,0
5.538596,172.89267,0
7.174152,172.97939,0
-47.08664,-57.87437,0
-12.619702,35.21266,0
-47.715237,-48.12888,0
87.67592,-125.851456,0
-120.36692,-29.994616,0
114.82617,12.811339,0
26.649664,92.66226,0
26.295286,90.35787,0
5.8277655,-90.63753,0
-92.285324,9.23878,0
46.184635,-82.21642,0
11.62082,-153.86873,0
-162.29128,-28.753263,0
132.62862,-24.949354,0
-35.500206,171.56654,0
-35.497578,172.60132,0
6.667437,-79.28464,0
-83.2601,5.3237333,0
42.709873,-68.477905,0
11.44494,-143.3403,0
-152.84439,-24.071854,0
135.97186,-16.241014,0
-32.791916,151.79214,0
-37.6495,150.70871,0
-23.383345,-91.13714,0
-79.97643,57.918034,0
-2.3417292,-122.99817,0
26.055353,-170.10362,0
-160.69809,-43.850574,0
145.02026,-46.739033,0
5.3684688,149.8795,0
5.1759377,149.6253,0
100.818344,93.68811,0
31.966898,27.992954,0
-141.14293,43.17948,0
-103.868805,49.316128,0
-68.66991,-40.620914,0
99.00889,-79.03139,0
100.69129,105.66669,0
100.44254,105.46523,0
12.826477,-69.2348,0
-60.630642,0.6905517,0
51.662495,-54.500103,0
20.395124,-136.55548,0
-163.585,-3.3306313,0
146.95544,-13.886548,0
-41.766262,142.22186,0
-42.72224,140.90051,0
-42.737682,-92.81811,0
-46.038586,54.627144,0
-54.0331,-113.62752,0
30.269396,-185.47891,0
-122.00624,-67.97119,0
91.06538,-18.57134,0
31.575588,142.4566,0
32.33221,142.54684,0
1.9859198,-58.25331,0
-45.631,-2.92688,0
0.2079747,-58.741226,0
31.13753,-112.304184,0
-162.68738,11.712792,0
175.13942,2.42045,0
-29.153572,116.92827,0
-29.388708,116.617,0
-16.097229,-37.634144,0
-21.325617,21.337046,0
-2.571812,-16.177782,0
70.10437,-127.71185,0
-126.97323,-14.113081,0
129.4319,10.973799,0
-3.6501594,99.85421,0
-22.61481,83.78666,0
-75.30949,-116.599625,0
-3.7726822,64.65085,0
-68.93912,-127.91925,0
-7.324909,-153.3893,0
-109.506996,-68.109795,0
88.64177,-12.26699,0
58.59748,144.46931,0
58.28328,143.69165,0
-16.45603,-85.46569,0
-78.6608,68.15806,0
-14.236831,-77.87102,0
35.321503,-166.20946,0
-175.1483,-46.65884,0
127.023476,-39.583576,0
-3.6185246,150.25749,0
-1.3298683,147.58046,0
-24.618448,-82.80192,0
-73.27562,66.51263,0
-21.182024,-74.64556,0
43.425594,-164.797,0
-173.11937,-54.00902,0
122.302444,-49.825577,0
2.4596672,136.56987,0
3.588309,137.005,0
22.143803,-35.421078,0
-34.275333,15.810959,0
29.284237,-28.090801,0
39.741577,-111.891106,0
-132.27293,14.387764,0
167.3775,17.872894,0
-63.609863,87.697495,0
-63.866062,86.67827,0
-19.883589,-22.886276,0
-2.6539912,16.610338,0
-19.221401,-12.382584,0
77.96809,-105.25236,0
-113.288765,-15.732361,0
128.02655,23.270521,0
13.407458,75.581085,0
13.9748,75.03397,0
-43.887825,-65.39343,0
-21.603699,42.39065,0
-39.90348,-40.584946,0
85.2253,-135.48085,0
-119.26505,-37.42282,0
110.92763,9.205861,0
25.702312,108.97954,0
25.494091,110.23829,0
3.7517297,-90.28611,0
-87.66201,15.709515,0
42.071182,-83.360825,0
18.615673,-156.81052,0
-164.08498,-32.374603,0
131.09732,-28.638527,0
-20.793814,163.63766,0
-19.917261,164.62662,0
6.6474323,-65.92904,0
-60.00898,5.76635,0
43.116043,-56.05669,0
26.589384,-128.45673,0
-157.91362,-8.911225,0
151.71907,-16.335627,0
-33.526924,130.50539,0
-32.39319,130.26347,0
25.000183,-56.75752,0
-54.868107,13.506322,0
51.689236,-35.75735,0
40.732872,-133.91069,0
-154.97272,13.075226,0
172.94559,-10.908277,0
-69.55541,123.71222,0
-69.61047,128.64996,0
-47.479893,-78.70496,0
-13.545803,49.222218,0
-57.088566,-74.81838,0
101.017296,-120.52891,0
-115.26812,-46.236256,0
107.007,2.9526062,0
34.23301,120.360245,0
33.457943,118.50055,0
-75.18936,-115.16566,0
-3.2946403,63.60304,0
-68.4479,-126.38879,0
-8.565583,-154.58621,0
-108.53097,-65.82229,0
86.9808,-9.981368,0
58.372807,145.85272,0
56.820267,144.13455,0
-50.50662,-100.00844,0
-43.001366,48.159317,0
-61.07194,-114.90992,0
25.481112,-194.3408,0
-117.52545,-61.08669,0
99.557976,-6.616171,0
43.084732,143.05309,0
44.97936,144.12186,0
-23.4332,-120.48482,0
-89.00128,49.932648,0
-25.494833,-130.14877,0
-9.659014,-186.27249,0
-149.23914,-56.090076,0
112.92275,-33.811764,0
25.289087,190.87756,0
26.130295,190.59717,0
-23.930521,-80.00319,0
-72.468956,68.865974,0
-22.333664,-75.7282,0
42.218227,-165.42595,0
-176.78383,-51.562504,0
127.079956,-44.90428,0
2.2610304,138.58652,0
2.5828419,139.26259,0
-1.876311,-28.664228,0
-23.171623,3.8491604,0
20.003468,-5.7418118,0
59.73791,-119.00582,0
-131.89812,-5.2873836,0
144.6302,18.28177,0
-27.744835,92.99348,0
-27.249159,92.7525,0
-40.600487,-89.612114,0
-73.224815,62.102196,0
-52.195908,-108.235725,0
34.074543,-177.00752,0
-178.75916,-55.7411,0
122.51792,-42.138584,0
18.449303,138.6332,0
19.700453,138.59727,0
15.045682,-81.94219,0
-75.02798,21.924778,0
50.072193,-76.41693,0
28.700813,-153.4738,0
-180.17418,-20.889717,0
146.29521,-33.30646,0
-41.537483,175.1562,0
-58.49935,166.33376,0
99.00706,89.53775,0
32.38097,33.54813,0
-132.58167,45.812954,0
-106.88927,45.891727,0
-71.02495,-36.698368,0
102.06276,-79.96918,0
94.128296,110.57764,0
93.54832,110.28825,0
43.900475,12.1241,0
12.010428,46.23915,0
-103.844925,84.770485,0
59.03748,17.334719,0
-70.821266,-23.146685,0
140.56113,-80.08494,0
48.753098,41.533833,0
47.92968,41.94316,0
50.223392,12.861485,0
14.257367,48.966408,0
50.69854,12.422196,0
-107.62872,80.317345,0
-96.84309,-26.156828,0
135.40936,-79.24435,0
46.684364,31.90623,0
46.182354,32.528248,0
113.73484,44.43527,0
57.04035,-13.075895,0
-126.19377,85.8857,0
126.89302,50.897957,0
-49.246502,-13.501693,0
72.60478,-52.346764,0
140.04373,59.617,0
141.39648,57.67267,0
-38.193512,-108.89169,0
-56.412224,44.568714,0
-47.942398,-126.010826,0
14.717121,-190.42734,0
-135.03915,-61.34022,0
105.27512,-19.338873,0
33.069553,168.35403,0
32.499912,168.85452,0
-19.340984,-116.847755,0
-84.1873,49.132652,0
-17.65203,-132.17328,0
-8.218801,-181.2521,0
-150.81465,-54.851036,0
112.69344,-37.319927,0
19.173365,194.42175,0
19.461489,185.76727,0
-6.736333,-55.77223,0
-37.931377,33.157272,0
-7.485676,-50.938156,0
60.67973,-137.88521,0
-160.35017,8.149632,0
178.75514,4.624976,0
-20.79527,120.13748,0
-20.907831,120.22672,0
92.25239,99.67546,0
25.725145,24.93841,0
-135.19438,48.716087,0
-108.936874,50.211372,0
-64.83747,-34.599358,0
99.23848,-85.385315,0
90.89563,100.334305,0
90.89973,100.512596,0
70.20829,21.862057,0
14.712162,17.130533,0
71.244545,20.969454,0
71.00461,-83.275085,0
-86.77584,-9.692666,0
175.47197,-35.718285,0
58.19077,59.022972,0
58.91021,59.46976,0
27.802034,-52.567104,0
-58.419018,15.618175,0
50.651558,-29.231094,0
35.459187,-138.97697,0
-144.38998,4.27557,0
144.32283,-27.900782,0
-72.212364,118.86938,0
-75.1932,120.62933,0
5.618998,-45.69738,0
-51.337765,23.524778,0
35.972485,-52.566467,0
50.511,-129.90875,0
-137.97908,7.754878,0
153.55989,11.219842,0
-44.878876,114.00707,0
-45.189915,115.40782,0
99.19704,90.18349,0
32.551723,32.49047,0
-133.3253,45.72498,0
-105.699005,46.429893,0
-70.82654,-37.066082,0
101.888756,-79.3551,0
94.980995,109.704506,0
94.652466,109.58581,0
71.35708,-25.277275,0
-102.65141,-98.321465,1
72.93633,-36.2522,0
-45.34405,-166.15752,2
-129.54628,-102.933914,1
193.6362,7.272603,0
-108.917725,111.4786,3
-108.674644,106.93092,3
7.0116963,-86.34845,0
-91.46331,4.156989,0
46.10831,-78.1223,0
15.257756,-154.20363,0
-162.2568,-26.642563,0
131.44084,-24.08108,0
-40.40568,174.30327,0
-43.587395,173.61823,0
-9.522877,-28.28717,0
-12.2009115,4.2236156,0
4.0192904,-0.8909217,0
70.35858,-115.34539,0
-134.33568,-13.254462,0
134.68694,10.6308,0
-24.35193,107.17206,0
-24.68779,108.73642,0
70.42961,-24.224127,0
-103.18446,-99.820694,1
74.00617,-34.647423,0
-47.717857,-164.23178,2
-126.04913,-103.66175,1
195.31425,7.0517125,0
-107.92415,113.17546,3
-104.06241,109.68173,3
-25.8317,-28.881826,0
-7.6357656,24.772652,0
-30.238956,-19.009407,0
79.64708,-115.36416,0
-115.67182,-19.892103,0
133.59216,23.509642,0
10.610329,82.99243,0
10.969055,82.93743,0
-0.9861792,-81.5645,0
-83.11933,9.892263,0
39.56832,-73.48661,0
16.659567,-148.11467,0
-155.22128,-29.06637,0
130.40706,-21.46837,0
-31.374434,160.62114,0
-32.181435,159.96524,0
127.71491,99.40032,0
33.131714,18.11652,0
-143.61334,58.31653,0
-105.133934,58.0764,0
-57.809143,-38.259842,0
89.41152,-80.033424,0
115.15047,98.83847,0
114.8834,97.98471,0
101.837456,95.35234,0
31.583864,26.819212,0
-136.91266,48.355045,0
-105.129684,50.455513,0
-65.48088,-38.22424,0
97.08197,-81.14383,0
103.8037,102.912926,0
103.76611,103.04031,0
-16.988714,-59.707073,0
-66.3836,56.534218,0
-19.519531,-66.87396,0
51.840168,-97.890915,0
-163.68974,-56.220825,0
128.44893,-55.164604,0
-10.543897,125.066635,0
-10.517906,123.74178,0
-45.64588,-93.16887,0
-45.79544,54.594585,0
-55.39626,-111.622086,0
29.716963,-187.05867,0
-117.76031,-63.918667,0
96.77983,-7.8494325,0
33.33605,141.9323,0
33.086258,141.8842,0
-64.36251,-56.294693,0
3.6918375,32.832527,0
-73.43439,-63.91528,0
99.65812,-137.83478,0
-147.64932,-77.5103,0
108.0051,23.916119,0
45.43853,89.18274,0
44.64088,91.76991,0
-26.336203,-76.65378,0
-64.7191,65.98286,0
-28.117477,-69.13938,0
51.972206,-161.97394,0
-167.94629,-58.419094,0
128.43187,-58.938072,0
4.271096,126.228836,0
4.8104167,125.99189,0
-11.236476,-86.89739,0
-85.245605,23.404898,0
33.81167,-84.38785,0
29.754755,-162.57149,0
-169.50351,-35.705666,0
129.80888,-36.080868,0
-10.229783,152.83044,0
-8.13546,153.02866,0
-36.388836,-96.43749,0
-60.13828,51.88474,0
-48.549637,-118.560936,0
24.048409,-178.27121,0
-127.30694,-55.081287,0
98.806206,-22.721754,0
22.809202,151.05478,0
23.606762,152.30869,0
-0.5538307,-35.878784,0
-19.845602,-0.6380882,0
14.766812,-9.289353,0
62.97675,-111.77793,0
-136.8612,-10.752683,0
138.77997,-0.5232426,0
-29.197632,101.4015,0
-28.012634,101.10296,0
-14.840864,-83.41386,0
-81.1139,69.34886,0
-13.572971,-76.542625,0
33.30266,-163.8505,0
-175.8352,-43.85039,0
129.69157,-38.99143,0
-6.0260286,149.11009,0
-6.2386594,147.94833,0
-38.06139,-101.11975,0
-58.689255,48.226067,0
-49.247963,-123.416504,0
17.609549,-181.91292,0
-131.67244,-65.79163,0
98.373924,-21.50383,0
27.758724,158.52617,0
28.421421,159.67694,0
-51.298412,-82.23322,0
-13.162476,53.445488,0
-62.381393,-78.25034,0
101.6372,-123.36966,0
-112.40914,-47.06061,0
104.064064,-2.0324435,0
38.342052,123.49783,0
40.85875,124.93707,0
12.149428,-65.43204,0
-61.79142,-0.0065069525,0
45.416763,-51.07699,0
20.471794,-124.84132,0
-165.71176,-0.47691268,0
161.9885,-14.336835,0
-43.433697,130.54645,0
-58.296288,135.05519,0
18.349777,-83.30551,0
-72.13888,20.428907,0
55.47609,-66.98116,0
29.742073,-151.03178,0
-181.4011,-17.337591,0
149.6255,-30.813559,0
-53.469215,160.60144,0
-53.049522,162.15565,0
22.942562,5.2469187,0
4.7880225,17.483728,0
24.025873,2.5364175,0
71.73826,-93.77768,0
-97.355156,-12.603652,0
169.09233,-28.5913,0
24.317434,75.76479,0
23.92441,75.94898,0
44.77544,5.4246573,0
10.380407,44.586517,0
45.240917,2.826906,0
-96.677345,82.317604,0
-100.88177,-23.75612,0
142.6239,-72.56993,0
40.801105,49.67174,0
40.395264,50.06048,0
-80.53193,-113.329094,0
-2.7758026,58.69507,0
-72.64724,-123.468506,0
-12.067483,-154.22757,0
-105.52556,-70.54993,0
84.1825,-11.282961,0
63.201984,151.22751,0
63.87302,152.15283,0
17.695631,-74.48413,0
-67.886734,14.13676,0
51.10422,-59.101772,0
30.773933,-143.6077,0
-177.8364,-9.466442,0
153.43419,-24.982086,0
-39.293995,123.751,0
-38.38892,124.71232,0
11.009104,-61.68217,0
-55.323254,-0.14989512,0
39.02663,-47.55674,0
25.58393,-120.15293,0
-152.54889,-2.3400788,0
147.89525,-3.9733622,0
-44.296555,123.16535,0
-43.931744,122.551254,0
6.467608,-63.556812,0
-59.00107,4.1365423,0
41.34256,-52.76319,0
26.597137,-126.68383,0
-157.2725,-7.696308,0
152.86348,-16.10197,0
-34.478657,128.39413,0
-33.90141,128.32251,0
-19.549456,-93.2927,0
-75.81149,53.07711,0
-16.364689,-92.937355,0
-16.90024,-176.9919,0
-160.67717,-51.17742,0
113.54899,-39.082447,0
14.710214,192.28691,0
15.233891,191.31093,0
-59.023846,-57.13297,0
-4.6221848,39.31237,0
-55.507412,-50.65715,0
95.59387,-136.07103,0
-146.22963,-71.61547,0
108.72787,20.291553,0
38.96916,95.887405,0
40.53127,95.98669,0
-69.06748,-88.02555,0
-32.93673,55.954937,0
-76.93756,-98.61944,0
79.2643,-157.18887,0
-99.630066,-45.49178,0
88.02446,10.11643,0
61.28577,120.4312,0
59.33072,121.41975,0
-23.624418,-99.91515,0
-61.30531,37.767002,0
-44.639126,-134.67722,0
8.081499,-178.08308,0
-135.92871,-49.43835,0
112.33023,-10.949493,0
15.569568,170.1453,0
16.756605,171.05261,0
-70.64723,-85.05572,0
-29.485115,57.34374,0
-81.27057,-94.60964,0
82.182,-157.40498,0
-95.141304,-44.223732,0
91.03205,13.929858,0
57.752514,116.30353,0
58.083458,114.54931,0
88.82623,94.387276,0
27.982801,30.176443,0
-135.68925,44.49651,0
-104.98371,22.226545,0
-67.21272,-36.641014,0
101.77249,-85.88929,0
86.66765,98.25276,0
86.11113,98.31103,0
5.846384,-89.13536,0
-91.72429,11.303492,0
47.174732,-80.21622,0
14.116431,-155.23418,0
-162.46335,-27.893608,0
134.16054,-22.91728,0
-34.6248,168.12086,0
-39.19672,168.61795,0
23.319433,-47.838425,0
-44.535942,17.398045,0
47.79561,-31.81694,0
46.088863,-126.10267,0
-144.32445,-0.04749342,0
161.51617,2.6846428,0
-71.31719,109.28498,0
-77.58481,118.55292,0
-34.2869,-101.27413,0
-60.13104,49.07551,0
-41.65485,-113.166466,0
12.848219,-178.93272,0
-128.43922,-50.356102,0
97.2585,-26.304657,0
16.329119,154.76039,0
16.523262,154.54062,0
11.092016,7.414578,0
15.015116,33.78151,0
-63.42914,-48.972237,0
31.339432,-101.686295,0
-89.15891,-35.362232,0
98.326614,25.775387,0
21.866987,61.881645,0
22.18599,62.288513,0
17.829487,-29.92819,0
-34.114487,26.981422,0
22.228811,-26.282082,0
44.831966,-103.611206,0
-128.7558,19.499914,0
169.00488,24.729528,0
-51.996563,79.89438,0
-53.798523,80.37173,0
-17.354734,-100.006805,0
-66.90884,31.385403,0
-39.033257,-143.52377,0
9.588668,-170.36707,0
-137.56879,-38.020527,0
119.17966,-17.272026,0
3.6698315,164.18512,0
3.629468,164.2558,0
-81.98643,-116.90395,0
1.693127,59.71984,0
-78.00853,-126.29745,0
-12.215447,-149.2569,0
-104.1626,-65.4627,0
84.75031,-6.3611293,0
66.736984,147.26686,0
68.93677,146.9849,0
-66.835434,-56.35241,0
6.2752204,33.574566,0
-73.305824,-60.47128,0
101.17329,-138.90813,0
-148.94107,-79.2055,0
104.72363,23.751917,0
45.976982,86.45542,0
46.531666,86.13022,0
11.53923,-86.162766,0
-79.87622,16.872198,0
48.72936,-73.27169,0
23.987688,-149.6117,0
-169.84747,-24.292725,0
124.99284,-17.140142,0
-40.783997,156.14429,0
-42.669823,157.70668,0
85.01015,86.35227,0
23.808922,38.546608,0
-132.68167,51.89126,0
-112.569466,30.867046,0
-72.46833,-31.924099,0
107.25611,-84.092674,0
71.30627,95.97452,0
70.8207,96.06702,0
126.41223,77.082954,0
70.53924,7.1702476,0
-125.18017,63.862164,0
-105.073746,65.54973,0
-52.61463,-29.97181,0
84.580605,-68.30112,0
110.470924,76.71445,0
110.51417,77.48644,0
-25.395628,-27.996199,0
-7.168475,24.095709,0
-29.344141,-17.105343,0
79.11058,-114.00272,0
-115.30285,-19.219507,0
132.41054,23.226706,0
9.377239,82.66768,0
12.187259,80.66653,0
20.317877,-65.7101,0
-62.975723,-3.2874992,0
48.944637,-47.306435,0
19.06284,-125.09221,0
-167.47136,3.4876091,0
150.47939,19.010015,0
-51.194687,134.65826,0
-53.402878,133.38382,0
-11.970232,-29.338528,0
-10.726477,8.514686,0
2.8888733,-1.886833,0
71.458885,-117.57167,0
-121.73646,-12.152233,0
132.25366,13.186339,0
-6.9839234,88.89865,0
-5.8549953,89.894066,0
-18.524544,-114.94646,0
-84.12664,43.89999,0
-5.244707,-126.8313,0
-7.6170692,-180.07832,0
-147.53456,-53.643456,0
117.29073,-27.329111,0
8.299655,193.87811,0
22.007687,179.53825,0
68.52724,19.201262,0
12.640506,17.065714,0
68.65894,18.367731,0
71.104225,-85.41421,0
-89.09122,-9.786559,0
174.35617,-34.078262,0
55.23486,60.173233,0
55.164017,60.15407,0
-84.773224,-117.26276,0
4.0135307,59.11638,0
-80.43278,-124.76546,0
-12.838561,-146.96799,0
-101.72067,-62.544926,0
82.43932,-3.2054691,0
71.28556,148.95677,0
72.91746,149.09862,0
102.13425,95.67867,0
31.503502,26.376955,0
-136.60059,48.96343,0
-105.32103,50.881073,0
-65.21428,-38.043713,0
96.79982,-81.238884,0
104.32127,102.63257,0
104.3465,102.69476,0
-41.373875,-101.96294,0
-52.547558,49.481365,0
-55.72022,-126.11555,0
21.028234,-185.05107,0
-128.12729,-63.169003,0
100.9514,-13.983603,0
34.81044,156.96693,0
36.316116,155.49246,0
10.541951,-51.93239,0
-41.171574,1.0709878,0
36.068363,-43.648445,0
32.951572,-119.14501,0
-153.72937,0.88030535,0
160.32114,-19.580124,0
-49.338818,117.86399,0
-49.25656,118.69884,0
-36.394276,-101.076004,0
-57.271862,48.070145,0
-46.979305,-120.61218,0
15.196576,-182.5325,0
-180.78648,2.248375,0
104.88546,-16.99031,0
28.59047,156.46686,0
29.795378,157.39644,0
-17.69457,-43.767525,0
-16.555496,21.073458,0
-6.800214,-9.650684,0
70.19042,-134.04964,0
-130.93813,-21.10668,0
115.8374,-1.6513319,0
-0.6030967,109.314415,0
-1.5354433,110.95255,0
-41.913036,-90.789246,0
-73.1496,60.238262,0
-52.67554,-109.2887,0
32.627937,-179.48907,0
-178.1503,-58.24894,0
115.51843,-42.42302,0
23.509033,138.65009,0
22.979008,138.4186,0
-49.487278,-77.0511,0
-16.233442,49.685455,0
-58.717697,-72.89646,0
102.508095,-117.385086,0
-115.56301,-44.233696,0
103.18522,2.9015431,0
37.445522,117.08489,0
37.4299,118.14215,0
-8.882378,-31.438057,0
-13.988767,4.956069,0
11.547366,-10.915195,0
69.33511,-115.28278,0
-128.34584,-26.89612,0
119.098495,9.395176,0
-25.477558,105.874306,0
-25.792225,106.26732,0
-25.045462,-105.741905,0
-66.0872,48.834923,0
-40.955124,-141.63979,0
10.018589,-167.78828,0
-137.55405,-33.32984,0
123.906525,-18.163586,0
33.648975,172.77379,0
33.94693,173.51154,0
0.50725096,-88.70824,0
-88.865906,17.303162,0
39.418835,-83.43844,0
18.63648,-158.54956,0
-162.66002,-33.312817,0
129.16068,-28.016401,0
-22.144281,161.42137,0
-19.00465,162.603,0
10.27172,-61.84937,0
-57.33772,-1.9711572,0
41.143433,-48.642967,0
23.28218,-120.60838,0
-160.77516,-1.7663894,0
147.0655,-6.4310246,0
-44.83755,128.47305,0
-44.779953,127.957375,0
-80.821365,-121.66282,0
0.8812479,65.5357,0
-83.80634,-128.0766,0
-5.647302,-152.17386,0
-174.06744,-58.486176,0
118.94248,-46.470978,0
60.193344,140.6682,0
60.562714,141.46571,0
-8.845618,-26.198338,0
2.6189754,15.200984,0
5.0808387,-4.321937,0
70.35924,-96.77101,0
-98.98508,-10.35547,0
137.56902,3.1247022,0
-1.6877456,94.42468,0
-22.022837,107.252945,0
94.440575,60.79523,0
60.958187,-0.9359483,0
-124.52304,75.015915,0
97.02626,60.05556,0
-55.65738,-22.415705,0
83.476395,-60.577255,0
98.479576,61.87345,0
97.887146,62.247837,0
-33.871628,-49.000233,0
-31.855774,44.089664,0
-36.55915,-43.30354,0
72.44155,-148.04935,0
-107.735954,-38.76512,0
102.42319,10.085532,0
20.082817,111.417496,0
20.102972,112.45126,0
-29.056486,-32.582115,0
-5.765299,27.618841,0
-34.864708,-25.475464,0
68.41596,-100.530205,0
-112.60927,-26.706537,0
177.90396,9.539925,0
18.271805,80.4089,0
18.029272,80.885574,0
42.765594,-6.619653,0
-45.065647,4.5888953,0
43.678547,-8.096231,0
-86.87653,83.481026,0
-154.43044,4.485316,0
146.3677,-66.38969,0
36.12621,59.29609,0
36.172897,59.707962,0
88.465645,94.96192,0
26.980646,29.277569,0
-136.27713,42.810707,0
-104.64941,21.774708,0
-67.20371,-37.29765,0
102.084076,-86.1811,0
87.190094,97.36235,0
86.56331,97.10717,0
-1.5853531,-28.781065,0
-23.266655,3.86314,0
19.785864,-6.1114397,0
60.48136,-118.42871,0
-130.49222,-4.6506405,0
132.7513,3.403998,0
-27.688711,92.98912,0
-26.278027,90.47497,0
-30.04596,-58.626163,0
-63.20304,66.13997,0
-28.300621,-68.18132,0
52.73839,-162.30699,0
-169.34192,-65.101105,0
114.10649,-53.581062,0
5.2701116,124.00933,0
4.989183,124.93725,0
-31.869448,-47.47664,0
-29.857796,42.632164,0
-34.89285,-39.994415,0
73.65058,-146.32959,0
-105.98617,-42.881077,0
97.237625,9.532692,0
16.69518,109.86153,0
16.696573,110.339935,0
117.11508,46.08471,0
61.46303,-11.639814,0
-120.6912,84.43116,0
130.74138,51.97498,0
-51.793354,-12.137691,0
74.2869,-54.31656,0
134.27725,53.348217,0
135.02867,52.969852,0
-15.125273,-85.19748,0
-80.652756,68.93803,0
-13.664374,-77.293686,0
33.700497,-164.50401,0
-175.17123,-45.08744,0
130.02605,-38.350914,0
-4.9197564,149.21188,0
-5.032494,145.30028,0
22.471304,-80.44062,0
-67.52172,21.05173,0
57.346127,-60.549747,0
34.223946,-148.58235,0
-180.84401,-14.505869,0
151.7493,-30.379982,0
-60.339687,156.67924,0
-65.65478,159.91238,0
-31.269743,-114.838394,0
-90.39167,43.576614,0
-36.254803,-126.18482,0
0.4292615,-186.77415,0
-147.25331,-56.42733,0
109.0698,-31.959059,0
28.130816,178.15027,0
27.572174,177.9136,0
-19.04548,-28.69395,0
-9.265641,18.062195,0
-21.050238,-13.380367,0
75.71802,-112.02774,0
-114.38701,-14.926593,0
131.74554,20.178667,0
-2.652386,79.39149,0
-2.6469538,78.91623,0
-75.098335,-88.6195,0
-25.445307,57.96762,0
-77.593704,-91.62409,0
84.11161,-153.07262,0
-92.752815,-41.92743,0
89.29129,17.270988,0
62.741947,111.639305,0
64.15918,112.45455,0
17.088028,-32.51932,0
-34.65645,26.169601,0
23.05579,-25.56923,0
45.62835,-105.08647,0
-131.10239,21.417969,0
162.74043,24.718405,0
-52.60255,80.18419,0
-54.401203,80.77476,0
68.74505,-25.78555,0
-102.76683,-95.495575,1
69.663216,-37.10983,0
-45.392574,-162.94092,2
-128.27359,-103.738556,1
195.80035,5.8396106,0
-111.69047,112.790726,3
-113.76674,112.322586,3
88.94975,92.89332,0
27.025185,29.99051,0
-136.42996,42.73759,0
-104.79711,23.090097,0
-67.747505,-37.840103,0
102.71928,-85.29963,0
84.74485,97.20055,0
84.46112,97.00053,0
113.82621,61.11076,0
66.687096,3.9263299,0
-128.3454,64.61672,0
-118.616165,80.44391,0
-49.910576,-29.268555,0
82.73374,-63.347473,0
109.940346,65.58777,0
109.49215,66.03631,0
20.760792,-52.250816,0
-48.598454,9.556624,0
44.204056,-30.519764,0
38.175182,-126.17638,0
-151.16203,9.891628,0
157.53725,3.3882887,0
-67.35124,116.79863,0
-67.677666,117.04477,0
89.40797,91.071175,0
28.202078,31.799002,0
-137.91862,41.140766,0
-105.916916,23.930641,0
-70.60061,-38.46198,0
103.55829,-83.52424,0
82.324036,96.65204,0
81.856606,96.31273,0
6.075938,-75.312386,0
-77.38018,9.757052,0
39.6114,-41.529644,0
30.181278,-139.1821,0
-161.91324,-15.013176,0
141.68219,-21.809189,0
-28.94688,153.06712,0
-28.212303,153.28055,0
17.90534,-36.307747,0
-36.224297,16.892334,0
29.158302,-21.97487,0
43.408546,-111.024895,0
-134.5846,16.09869,0
164.73259,19.178991,0
-59.553394,89.38765,0
-60.495514,88.92128,0
-19.839314,-42.439625,0
-17.075712,24.717604,0
-9.560389,-13.4007435,0
74.16031,-131.7142,0
-128.14876,-24.462742,0
122.41599,5.8662357,0
-2.904765,103.94023,0
-2.918318,103.353424,0
-12.64256,-55.274174,0
-35.117855,36.482113,0
-14.384969,-50.608135,0
65.077324,-140.45007,0
-113.134735,0.039661683,0
144.36012,26.906868,0
-15.410804,115.44483,0
-14.893411,113.867,0
-49.27236,-99.87519,0
-44.147972,46.542473,0
-60.296467,-113.80487,0
25.686836,-192.70137,0
-119.05277,-58.920704,0
102.74671,-7.016558,0
41.485783,142.57846,0
45.7234,145.83673,0
12.857209,7.608305,0
16.94939,33.249348,0
13.635387,6.9968376,0
30.105146,-100.50818,0
-87.40253,-36.17935,0
97.14797,26.401653,0
21.901731,59.82324,0
21.956583,59.891605,0
-3.010137,-88.10099,0
-85.235,21.255964,0
33.512432,-85.45033,0
25.176632,-157.09265,0
-169.24352,-30.206633,0
136.27744,-26.971016,0
-15.238876,155.1999,0
-42.00506,164.30424,0
-82.43682,-120.833374,0
2.1999223,63.539948,0
-76.354034,-130.50581,0
-8.242034,-148.5527,0
-106.37259,-62.343353,0
88.60905,-4.8548985,0
67.842384,143.39494,0
67.54479,143.16643,0
2.9647057,-54.116108,0
-44.93982,29.12055,0
-1.7081511,-53.06463,0
54.042103,-134.86493,0
-139.00293,-14.136188,0
136.31056,-0.71845424,0
-38.47235,111.9329,0
-38.623276,112.0643,0
-28.559883,-43.70294,0
-26.869549,38.99509,0
-32.497864,-40.014187,0
73.56318,-142.98712,0
-107.923195,-29.66723,0
122.01932,14.7993,0
12.363826,105.50525,0
12.7262335,105.40147,0
102.60489,58.040474,0
65.44686,2.3748925,0
-124.11327,75.31702,0
103.02346,57.703686,0
-58.114624,-21.913668,0
81.46912,-59.71755,0
103.87458,58.775192,0
103.45496,58.532646,0
14.891596,-30.470884,0
-33.092392,25.46745,0
20.868351,-24.555765,0
46.878643,-104.071594,0
-131.69533,19.197918,0
163.74135,21.533558,0
-51.296944,82.16158,0
-50.6276,81.804756,0
-45.81624,-58.382618,0
-13.587519,34.721428,0
-45.989075,-48.087227,0
87.846176,-124.57748,0
-119.06568,-30.237793,0
113.8823,13.595419,0
25.089989,92.40929,0
24.52581,90.4886,0
22.015814,-79.57735,0
-68.62425,21.287994,0
55.902386,-62.687984,0
34.279785,-150.30598,0
-179.31194,-14.030008,0
153.5853,-27.2174,0
-58.941334,154.51607,0
-62.376728,158.84714,0
-31.301323,-106.64865,0
-62.49604,47.06152,0
-39.91791,-124.81323,0
16.095274,-177.07661,0
-130.7747,-53.388405,0
103.41081,-29.551823,0
22.300179,156.85587,0
24.981424,173.50551,0
25.009537,-40.601223,0
-43.488075,25.83072,0
39.7785,-16.057993,0
46.511566,-121.13885,0
-145.42154,-1.3147504,0
154.94772,-0.6779357,0
-75.65292,98.00841,0
-75.90801,96.959015,0
3.404459,-37.234337,0
-30.178015,0.5587435,0
18.308916,-12.166378,0
55.3804,-111.865326,0
-139.37305,2.0683029,0
155.38708,17.82533,0
-29.910713,80.97079,0
-28.398912,79.04759,0
21.106298,-62.83469,0
-55.469864,8.677772,0
45.826363,-40.817104,0
32.65261,-134.39006,0
-167.77208,-4.4884343,0
174.47809,-0.04306814,0
-57.82318,127.71726,0
-58.77636,127.730576,0
70.66876,23.238401,0
15.622837,17.455341,0
71.71957,23.069567,0
71.29777,-82.25665,0
-85.845245,-9.939569,0
175.85072,-36.398396,0
59.625,57.858944,0
59.935467,57.61426,0
8.331428,-70.69623,0
-63.69987,8.356264,0
36.799946,-50.49524,0
27.244747,-131.79445,0
-154.9914,-13.12384,0
145.73943,-7.069708,0
-37.497562,136.98602,0
-37.298786,137.5848,0
-28.71506,-60.219448,0
-61.61893,64.64529,0
-29.20036,-64.245384,0
54.43489,-160.37517,0
-166.36652,-68.098495,0
116.55992,-54.039948,0
4.1858273,121.1664,0
3.6803982,121.666954,0
-2.803178,-81.666595,0
-81.42923,7.9379535,0
37.009735,-74.26169,0
16.094696,-146.6293,0
-161.58815,-23.66711,0
130.24663,-15.981656,0
-29.57623,160.0412,0
-29.39387,161.16129,0
-19.952618,-39.146713,0
-19.978277,25.150328,0
-7.72881,-15.69565,0
74.006355,-130.04292,0
-125.08893,-19.068792,0
124.90423,12.665941,0
1.0064377,101.10338,0
2.205823,100.675224,0
29.042866,7.8805537,0
9.48824,18.788162,0
29.72096,7.024042,0
72.69077,-88.87349,0
-91.86099,-12.025235,0
170.25648,-33.89382,0
31.53223,68.83102,0
31.521837,68.7299,0
-9.359855,-37.924297,0
-18.888968,11.33211,0
2.9060497,-9.824325,0
64.6458,-124.77241,0
-124.53971,-4.036441,0
139.91121,10.33753,0
-15.256618,92.13575,0
-17.66034,92.6714,0
-84.645706,-119.305786,0
3.6506448,60.554424,0
-79.87135,-127.878456,0
-11.692648,-146.82278,0
-102.550735,-62.523357,0
82.77782,-5.075807,0
69.61709,146.02357,0
71.777176,147.25296,0
20.359848,-44.073166,0
-42.48826,17.333399,0
38.763153,-22.931202,0
44.584797,-120.15355,0
-145.54692,14.9865,0
161.34863,0.60192144,0
-58.24452,102.456215,0
-61.415165,102.48793,0
81.08457,80.03869,0
18.070227,33.63531,0
-127.3205,37.477757,0
-114.51678,39.516586,0
-81.37454,-35.512512,0
113.41382,-77.84749,0
70.77056,79.315994,0
70.79251,79.24709,0
89.92288,35.988743,0
67.33947,-8.183257,0
90.236725,35.741905,0
81.92016,50.675777,0
-66.07618,-15.350357,0
86.0039,-46.377205,0
83.60848,42.767,0
83.63934,42.91594,0
12.615451,-86.69156,0
-79.603065,18.200611,0
48.741486,-74.57659,0
24.202312,-150.83527,0
-169.90652,-25.850601,0
140.47104,-24.54197,0
-40.085777,160.43839,0
-42.83093,161.46516,0
-33.977303,-70.66893,0
-55.149647,64.45339,0
-61.42857,-106.20885,0
55.188065,-167.18748,0
-113.57049,-64.30165,0
110.31222,-47.073223,0
11.451768,131.82529,0
54.99355,142.36192,0
-38.200462,-15.11865,0
-0.99270487,46.595623,0
-118.47393,41.91241,0
45.26708,-180.77745,0
-87.815674,-27.43225,0
118.97657,-68.42689,0
54.219303,70.938095,0
54.428017,70.901024,0
-27.825962,-117.56367,0
-88.89818,44.472717,0
-30.262125,-125.97991,0
-4.669211,-187.95331,0
-143.14682,-58.42355,0
109.42336,-27.932915,0
26.815075,184.39761,0
27.6053,184.14395,0
-47.90789,-87.06868,0
-52.32911,63.67749,0
-58.82905,-82.00274,0
57.79979,-168.39758,0
-114.56437,-54.3234,0
112.08141,-49.281357,0
29.670153,131.08093,0
30.20174,130.54308,0
-26.16006,-55.586536,0
-59.852226,61.583008,0
-26.367151,-54.478138,0
57.443417,-157.26726,0
-131.8633,-26.88825,0
124.88244,2.0420952,0
0.3942012,115.25093,0
0.78098524,115.90409,0
-59.278156,-93.64628,0
2.895556,19.351088,0
-64.3971,-101.02536,0
72.07717,-155.85968,0
-98.044556,-36.403847,0
168.1468,-24.967993,0
23.70423,77.593544,0
23.599148,78.06273,0
-17.456854,-40.287064,0
-17.874664,22.70113,0
-9.268776,-9.563232,0
70.51508,-132.65013,0
-130.26807,-20.773392,0
126.17344,7.1544724,0
-1.2625138,106.61281,0
-2.1683898,106.3383,0
-31.62583,-95.8921,0
-1.029937,48.72757,0
63.887344,-32.78079,0
42.96975,-180.6845,0
-90.006294,-27.73358,0
120.22766,-66.054474,0
50.40411,69.634796,0
49.986336,69.549164,0
6.303307,-48.40025,0
-48.320534,24.398123,0
32.48497,-31.720394,0
48.491554,-132.58781,0
-142.22125,18.943077,0
162.69533,-1.2445533,0
-46.080563,107.422134,0
-45.017567,107.09865,0
28.474264,-50.532627,0
-62.062866,14.585903,0
49.996944,-27.393482,0
38.1901,-140.98737,0
-167.92192,-15.122535,0
173.35349,-16.036264,0
-77.38075,132.54208,0
-78.02401,132.36584,0
-24.993464,-84.480576,0
-75.139305,64.46031,0
-22.010008,-86.71577,0
36.76493,-170.1213,0
-175.88402,-53.492878,0
120.67197,-45.134487,0
10.562084,140.06453,0
10.1083355,140.07088,0
27.796783,-48.454647,0
-40.184456,22.38861,0
40.160763,-18.640156,0
46.813183,-141.84682,0
-181.39468,-35.065815,0
164.4446,-7.9278584,0
-51.327023,97.266785,0
-50.65816,97.7841,0
-15.900599,-121.85305,0
-82.364426,53.0991,0
-12.576665,-126.423004,0
-14.224505,-181.64076,0
-152.61182,-57.977623,0
116.047195,-37.488144,0
15.776657,200.9426,0
14.531702,201.20555,0
2.9586744,-86.69968,0
-90.41562,11.244121,0
43.092102,-82.22136,0
15.168308,-151.53755,0
-163.23383,-27.243591,0
133.5061,-25.315935,0
-28.995424,163.38116,0
-34.472607,173.39435,0
-47.48394,-63.529297,0
-15.972105,41.362915,0
-54.223373,-65.70787,0
94.256966,-123.97334,0
-160.21318,-67.7804,0
107.82071,11.835899,0
24.564438,101.21477,0
24.00001,101.35156,0
6.3462667,-82.33365,0
-86.64351,4.6080413,0
41.607452,-71.1784,0
8.886675,-149.03746,0
-157.66843,-27.747747,0
132.01695,-21.342926,0
-29.040995,171.34694,0
-28.868036,172.68399,0
-1.6826853,-73.28035,0
-76.50141,-0.40506077,0
33.254585,-64.403564,0
64.953964,-145.60219,0
-110.121704,-2.0271373,0
142.43877,22.894571,0
-25.971973,139.02307,0
-25.433361,137.85583,0
-7.097091,-29.978996,0
-16.29292,3.260545,0
11.392927,-8.108801,0
65.27765,-113.5188,0
-133.10199,-9.705084,0
135.09702,2.486693,0
-25.271467,101.4153,0
-24.785023,102.50491,0
-85.76652,-121.35579,0
-14.070519,47.227413,0
-55.0756,-72.66619,0
100.25875,-118.959015,0
-107.59583,-58.704266,0
104.26921,2.2338054,0
37.445282,113.692566,0
37.265274,113.84461,0
17.209991,-29.787102,0
-34.341766,27.16087,0
21.920786,-24.605574,0
45.811188,-103.97175,0
-138.01488,17.277077,0
164.1942,14.989508,0
-50.821915,80.42998,0
-50.103615,80.97006,0
24.448086,-59.074177,0
-57.385403,17.179775,0
50.685707,-37.969074,0
42.85922,-135.26357,0
-156.17354,10.62449,0
172.58144,-6.1949444,0
-65.993065,133.69075,0
-66.397484,135.0202,0
13.396292,-61.689007,0
-57.466904,-4.117834,0
42.643127,-47.277496,0
22.250925,-118.97946,0
-160.89096,2.9135864,0
156.96643,18.921518,0
-46.559456,126.981125,0
-47.238735,124.80946,0
29.174349,8.085964,0
9.508486,18.579454,0
29.898539,6.721668,0
72.524666,-88.791245,0
-91.94029,-12.33788,0
170.05168,-33.912796,0
31.395506,69.27396,0
31.227407,69.66813,0
-21.349913,-79.747345,0
-74.61643,72.267746,0
-21.234783,-78.436,0
39.845673,-166.93759,0
-182.22736,-49.066757,0
130.269,-45.529118,0
1.6752803,142.27,0
2.6607041,141.97112,0
7.2768216,-28.541264,0
-28.113567,21.043312,0
15.316651,-17.090456,0
54.874016,-105.24357,0
-128.28432,13.783816,0
161.57431,24.22296,0
-42.519215,75.47872,0
-37.24099,73.854256,0
-5.451354,-33.316753,0
-65.79482,28.052649,0
48.936806,-69.495544,0
25.99319,-141.78395,0
-142.58372,-25.2193,0
125.22498,-16.125015,0
-41.961914,153.83784,0
-21.27439,145.79063,0
-34.753075,-93.28371,0
-60.53506,52.259335,0
-49.5047,-112.66817,0
24.345745,-177.66486,0
-177.82391,-55.51849,0
97.99985,-22.558664,0
23.028744,151.66806,0
18.602692,140.476,0
25.314959,-57.23059,0
-58.944637,15.917518,0
50.80773,-34.53635,0
35.818195,-139.75327,0
-170.15271,-12.608327,0
145.69397,-28.141779,0
-70.41046,129.889,0
-69.68212,129.80457,0
69.35727,29.14287,0
17.842617,19.76395,0
69.0941,29.012234,0
73.36587,-80.667206,0
-83.12683,-12.181174,0
174.97777,-39.315567,0
61.652912,52.38695,0
61.783134,52.26726,0
42.938488,-5.5212216,0
-43.33634,5.23307,0
44.62006,-8.666454,0
-86.33042,83.70859,0
-152.79315,5.1085315,0
146.24605,-66.56912,0
35.928734,58.458252,0
36.076286,58.34558,0
-4.721057,-55.018723,0
-45.821793,-5.137289,0
50.004948,-45.17427,0
26.399765,-112.871605,0
-161.3452,8.586828,0
177.50676,3.091472,0
-24.369226,118.13985,0
-24.495401,118.68506,0
-34.755733,-105.71371,0
-59.149075,47.252087,0
-48.44844,-123.8893,0
16.760319,-181.24287,0
-132.85457,-65.21188,0
99.19512,-21.01717,0
27.310856,159.8814,0
27.602547,160.47696,0
15.923557,-45.514244,0
-47.16331,15.554263,0
39.04302,-27.022907,0
43.43238,-120.523834,0
-143.9159,10.1456585,0
161.07414,5.809855,0
-66.71562,110.345535,0
-67.56331,113.24701,0
4.3234596,-39.801067,0
-27.466108,11.244069,0
9.319145,-16.174595,0
54.36555,-109.74762,0
-125.1076,3.3278003,0
148.9074,8.845714,0
-36.131226,80.5074,0
-27.743488,74.40077,0
-5.087368,-105.70202,0
-80.83837,31.599556,0
5.7886653,-107.86898,0
-8.906912,-166.85593,0
-145.33325,-31.079397,0
159.70262,-29.206076,0
-13.8302145,183.92043,0
-13.419315,183.2483,0
-27.387909,-59.722717,0
-64.09229,61.86043,0
-25.862541,-65.24624,0
54.209827,-159.417,0
-163.79495,-65.16476,0
121.09662,-52.116394,0
3.2213554,121.247604,0
3.4238684,119.40124,0
16.208775,-85.75998,0
-77.5181,19.80151,0
53.26509,-74.19627,0
26.240238,-149.36888,0
-173.0945,-26.65318,0
141.97133,-29.127708,0
-48.305614,161.2144,0
-48.950317,160.3473,0
20.006872,-66.622826,0
-63.82985,-3.2806695,0
49.690796,-47.264774,0
17.624813,-124.668884,0
-168.0048,2.5070958,0
170.76187,-1.9417313,0
-51.872368,134.88995,0
-53.172237,135.61545,0
6.6346297,-59.122482,0
-38.207447,-4.460805,0
32.956917,-51.572834,0
29.591091,-108.78699,0
-174.84688,-1.480104,0
174.30536,-7.1728697,0
-30.988985,116.02756,0
-31.116444,116.10423,0
-19.818556,-99.65934,0
-64.676735,35.25658,0
-45.809086,-136.90321,0
8.101096,-173.50449,0
-135.82446,-42.05744,0
126.87418,-10.114106,0
7.628326,167.73933,0
8.088675,167.19666,0
-37.402172,-98.09635,0
-58.57164,49.835884,0
-49.2679,-120.14845,0
19.99331,-178.90129,0
-130.4708,-68.778946,0
96.19373,-21.597288,0
25.930622,155.27644,0
25.6673,155.45552,0
22.903412,-82.83865,0
-70.808846,21.030182,0
54.156208,-66.29389,0
31.027668,-150.12785,0
-180.93175,-17.58375,0
150.76645,-30.854525,0
-55.599075,158.71071,0
-59.629646,162.25647,0
0.9313696,-98.22367,0
-86.08737,56.23,0
25.637835,-92.87706,0
7.633288,-157.14613,0
-156.53961,-53.65926,0
130.58885,-24.370214,0
21.624758,204.92784,0
21.973234,205.61327,0
21.693539,-60.66332,0
-56.583748,9.407008,0
48.838352,-38.74764,0
33.010094,-135.69601,0
-167.33862,-6.60678,0
141.71593,-10.800106,0
-58.466934,126.95453,0
-59.11479,127.30355,0
0.55805147,-90.75957,0
-85.303055,19.704245,0
34.648945,-84.13856,0
22.656845,-157.06326,0
-168.35826,-34.423946,0
131.30048,-28.005993,0
-15.952373,158.51828,0
-21.497292,157.35707,0
29.280037,-57.98591,0
-61.385017,12.937037,0
55.45928,-32.31667,0
38.991554,-141.12947,0
-165.77342,-13.657492,0
139.23003,-42.469784,0
-74.920654,131.99501,0
-76.37339,131.03949,0
-77.96412,-113.80427,0
-2.2465963,60.558716,0
-71.6493,-124.39427,0
-11.257783,-153.68199,0
-105.197754,-67.06662,0
86.228966,-9.272757,0
63.125904,149.71045,0
67.445,154.88683,0
-70.02879,-53.034203,0
7.4874883,35.80678,0
-76.48671,-57.55784,0
99.77278,-144.41063,0
-143.42612,-78.02637,0
103.25468,27.5254,0
52.683487,95.02476,0
53.496944,96.20544,0
73.81071,-23.246185,0
-100.943085,-100.98299,1
76.009834,-38.03061,0
-48.57762,-166.50476,2
-128.07037,-106.76424,1
193.97722,9.44699,0
-106.13802,111.008705,3
-105.43804,111.70663,3
2.2793684,-76.05493,0
-78.99681,2.621934,0
43.9573,-75.80919,0
17.129051,-142.52779,0
-152.216,-19.641144,0
133.09409,-11.638783,0
-29.61583,144.92686,0
-27.452253,175.80986,0
-39.970867,-77.67999,0
-73.80883,7.2430897,0
48.1546,-84.517265,0
12.739085,-160.17746,0
-116.757484,-46.443214,0
102.52462,-3.9109817,0
-23.74655,146.27235,0
-48.71638,173.42708,0
16.403175,-67.397804,0
-64.42141,-0.3091468,0
51.19589,-50.476177,0
19.070265,-128.88733,0
-157.73283,-5.005458,0
150.66286,-14.79379,0
-50.435818,138.23918,0
-56.202766,135.26399,0
-8.453522,-102.347565,0
-75.17516,31.937468,0
0.70141065,-111.75012,0
-1.1245843,-166.02281,0
-145.36055,-36.5935,0
154.63646,-45.429577,0
-8.126387,176.80168,0
-8.616636,176.13469,0
73.83202,-27.549168,0
-104.90403,-100.96328,1
74.95584,-32.35208,0
-50.717274,-165.25545,2
-123.46061,-103.10039,1
192.56613,8.987996,0
-104.04337,114.84039,3
-104.29131,114.99043,3
58.734814,37.899796,0
23.16108,27.078846,0
58.576694,37.59768,0
85.521324,-94.41226,0
-80.17332,-18.586039,0
96.11317,-46.422234,0
59.18579,42.16709,0
58.925545,42.200348,0
26.324207,-57.553265,0
-57.80137,14.1999855,0
50.08822,-31.899492,0
39.191853,-136.12338,0
-145.86862,-7.9570117,0
131.65996,-4.0215383,0
-73.66677,127.570335,0
-74.434906,128.09622,0
-42.340385,-80.3071,0
3.680402,20.613657,0
-52.996098,-73.9582,0
75.016365,-95.76744,0
-122.06466,-41.423515,0
111.38936,5.9701586,0
28.306086,117.95832,0
28.827148,117.54101,0
6.5140347,-91.730774,0
-92.52544,10.163286,0
47.174732,-81.16028,0
11.753917,-156.20781,0
-162.7885,-29.443748,0
132.72264,-27.331459,0
-36.954304,171.55151,0
-37.00224,172.1574,0
-8.851149,-106.69464,0
-78.34552,35.79214,0
3.749034,-116.683754,0
-3.8636193,-169.34395,0
-145.9011,-41.540188,0
150.16953,-41.534195,0
-6.073033,183.57664,0
-4.9593325,182.92937,0
-76.0238,-83.10979,0
-28.62414,60.359615,0
-78.759766,-83.597755,0
85.194916,-158.67918,0
-92.93322,-46.31366,0
86.611855,15.301463,0
56.273365,110.58868,0
55.88262,109.89779,0
13.9694195,-80.53478,0
-62.323334,21.692501,0
47.090622,-62.910217,0
31.548353,-155.91515,0
-172.92651,-38.60795,0
136.60226,-36.409023,0
-63.917805,145.37042,0
-63.704414,144.96375,0
123.63682,75.993324,0
68.84478,9.279755,0
-120.67443,62.987213,0
-106.1413,68.003044,0
-56.16254,-27.345825,0
87.87503,-68.56922,0
118.348946,74.79351,0
118.08937,74.68998,0
41.15543,7.5944877,0
4.55756,48.4839,0
40.542107,3.9189942,0
-94.36679,82.54867,0
-99.2642,-31.369043,0
144.57196,-74.101875,0
44.25894,50.56473,0
44.869686,50.8701,0
6.9987035,-89.29625,0
-93.40421,11.518794,0
47.92097,-80.2484,0
13.629279,-156.1735,0
-164.98822,-29.20334,0
135.92816,-28.875425,0
-39.431362,169.31793,0
-40.541492,168.81078,0
12.899998,-71.90293,0
-67.05721,11.018696,0
51.31204,-55.96758,0
23.974598,-137.10252,0
-151.71065,-15.405724,0
152.89679,-20.206245,0
-46.260376,140.10838,0
-61.70105,140.78893,0
36.40994,-2.5083725,0
2.3912134,57.41497,0
35.69912,-2.2757468,0
-87.76682,82.90504,0
-101.237495,-64.071106,0
142.97263,-65.50333,0
42.487724,60.640594,0
42.523167,60.822247,0
24.061405,-81.14318,0
-67.57711,23.288904,0
55.708584,-64.66264,0
29.574442,-148.19405,0
-178.09825,-19.972872,0
155.4801,-32.311665,0
-61.01752,162.12064,0
-61.39745,161.66106,0
9.380962,-83.89674,0
-83.09562,10.766957,0
43.45357,-71.04567,0
19.101896,-147.41707,0
-153.9137,-27.534187,0
128.2009,-20.160358,0
-36.2269,155.435,0
-32.502464,158.86668,0
-49.84033,-84.36978,0
-12.54408,55.15841,0
-61.94574,-80.31744,0
104.78796,-125.05421,0
-113.339745,-51.150803,0
107.521355,-3.6222892,0
32.00686,125.70783,0
31.158035,125.31345,0
93.603966,60.677036,0
64.67457,1.4082441,0
-119.70905,65.15334,0
88.70072,62.18328,0
-52.093456,-22.744324,0
88.54274,-63.426765,0
89.32686,63.109673,0
89.389275,63.14024,0
20.285055,-42.303368,0
-42.70426,18.446827,0
35.21828,-20.81069,0
48.23465,-121.65565,0
-131.94467,8.379261,0
151.91624,8.050046,0
-56.277565,99.538124,0
-56.905567,98.89433,0
-8.52748,-32.063858,0
-15.844774,5.769569,0
11.146208,-12.265772,0
64.06247,-111.41221,0
-125.27102,-9.85757,0
138.64139,3.157405,0
-28.864553,102.81792,0
-28.108177,103.06248,0
1.8216071,-74.019394,0
-78.27143,5.0844264,0
38.04028,-66.002785,0
13.108736,-141.79657,0
-153.8898,-24.819576,0
134.77861,-14.307239,0
-32.89719,149.43309,0
-33.607536,146.36491,0
-22.46687,-101.01751,0
-63.803318,37.666862,0
-40.78192,-133.9288,0
5.2744136,-176.63716,0
-137.71765,-46.653786,0
115.26775,-15.325815,0
13.472158,172.703,0
14.324863,174.40733,0
-47.655846,-97.80129,0
-45.29884,49.847927,0
-61.339596,-117.62079,0
26.07374,-189.4513,0
-121.52109,-61.66113,0
101.611786,-10.362797,0
39.294704,143.61841,0
40.10042,149.47237,0
67.93883,25.2925,0
15.664886,19.457222,0
66.86025,25.325943,0
73.36125,-82.382744,0
-85.4156,-11.997855,0
174.03065,-37.835354,0
58.438034,54.03991,0
58.17722,54.19409,0
127.48842,99.7469,0
32.95689,18.945066,0
-143.44922,57.76783,0
-105.27667,57.599136,0
-58.340004,-38.306545,0
89.69089,-80.24524,0
114.43973,99.08757,0
114.1583,98.343704,0
-34.717037,-48.833588,0
-24.332756,43.470337,0
-38.31541,-42.46737,0
81.5275,-140.94254,0
-122.235565,8.059756,0
120.34007,2.8798146,0
21.078606,109.401794,0
21.737886,108.29834,0
-42.500874,-60.98881,0
-15.383178,39.949615,0
-43.7711,-52.438007,0
93.587814,-124.89995,0
-161.71686,-68.00144,0
160.80257,-26.873653,0
24.23604,100.042114,0
23.660252,97.69943,0
5.1896605,-52.255272,0
-49.46732,28.275534,0
-2.1700134,-50.235424,0
45.629242,-135.75436,0
-167.65027,-19.743792,0
128.3287,-8.246396,0
-41.87686,111.11065,0
-41.925896,110.93605,0
-24.149145,-33.65368,0
-11.704036,23.617517,0
-28.262142,-21.988638,0
83.97559,-112.65243,0
-112.02968,-22.478336,0
125.28921,18.33254,0
8.2027025,90.284996,0
8.171329,90.692505,0
23.362766,-56.68457,0
-54.22767,15.755082,0
48.830223,-35.040707,0
38.48393,-132.16687,0
-153.79622,7.3730373,0
164.81508,-10.241458,0
-67.14703,127.13609,0
-67.453354,126.71359,0
-43.497494,-59.182816,0
-14.427189,38.184174,0
-46.704525,-51.370075,0
88.81984,-121.64838,0
-116.05001,-30.034376,0
111.166824,16.603867,0
22.438187,96.8756,0
21.057352,96.821686,0
-13.743241,-84.16225,0
-78.307205,65.32866,0
-14.066493,-79.960106,0
35.13359,-168.47394,0
-173.39252,-48.23908,0
123.0855,-43.57783,0
6.3976116,143.63516,0
6.0701933,144.05241,0
-10.659599,-55.362408,0
-34.194862,35.060078,0
-12.191132,-51.07102,0
63.576984,-139.49565,0
-117.40731,1.5463575,0
145.97624,23.125746,0
-18.304323,115.23299,0
-18.036993,113.73583,0
-18.230886,-23.192682,0
-4.8233147,15.534867,0
-18.028461,-20.684183,0
81.408554,-107.12717,0
-110.1533,-13.076493,0
125.74576,21.690403,0
1.549903,82.67411,0
1.140156,81.82551,0
0.14597362,-39.326633,0
-28.053942,9.750266,0
11.47693,-14.530368,0
58.641903,-108.44948,0
-138.84302,-6.1511207,0
141.56114,2.1792936,0
-32.883038,101.66526,0
-25.915894,75.59362,0
39.697926,-9.536342,0
-37.478374,5.5872793,0
40.467262,-10.581005,0
-85.20013,83.59463,0
-129.91011,-5.9847264,0
145.25493,-63.394432,0
37.093212,61.5883,0
36.835644,61.631638,0
18.45013,-75.46316,0
-66.350945,22.710846,0
56.170685,-59.135456,0
35.57015,-150.21562,0
-181.3599,-8.305298,0
153.30382,-22.65467,0
-64.2116,152.02518,0
-63.96514,151.43015,0
-46.749542,-98.62328,0
-46.43844,49.802124,0
-56.506058,-118.57962,0
25.58735,-188.86938,0
-122.90783,-62.254253,0
98.61582,-7.2043467,0
37.66962,144.71896,0
35.745247,147.39601,0
6.1242414,-79.200386,0
-83.621376,5.928972,0
42.059177,-69.5927,0
12.417444,-143.8919,0
-154.36534,-25.290905,0
137.17448,-14.505443,0
-33.03323,151.04555,0
-33.120968,150.35333,0
-17.265743,-120.772255,0
-85.421646,55.144505,0
-10.716284,-127.69982,0
-17.128101,-184.7713,0
-156.29192,-54.095467,0
120.447586,-34.273018,0
20.577053,203.22891,0
20.325258,204.01512,0
-69.14937,-88.79078,0
-32.86311,55.63965,0
-76.606384,-97.59782,0
79.40545,-157.13138,0
-98.813126,-45.63717,0
88.192314,10.259175,0
61.449936,120.19901,0
60.652264,120.67345,0
-21.33649,-102.06379,0
-63.936245,35.345238,0
-41.239044,-136.8647,0
8.781377,-174.17523,0
-136.33595,-42.784325,0
116.93232,-15.839613,0
7.8728337,169.44566,0
25.376768,171.67325,0
-49.207508,-61.274094,0
-10.84324,40.77278,0
-50.92983,-52.48612,0
98.60151,-127.25087,0
-119.82935,-52.389263,0
115.77451,3.6593924,0
32.347233,100.27267,0
31.825737,99.35618,0
66.51802,33.730026,0
21.02327,21.280787,0
66.12549,33.64843,0
72.626854,50.349216,0
-79.37993,-13.924231,0
92.313095,-48.955696,0
63.236027,47.344097,0
63.163242,47.25033,0
-37.703476,-98.92425,0
-59.50219,51.245693,0
-49.302204,-119.22255,0
22.908535,-178.25958,0
-127.66078,-54.05042,0
113.48727,-6.004797,0
23.959568,151.41222,0
29.22987,147.93712,0
-71.31992,-83.78404,0
-28.68465,56.13322,0
-81.587036,-96.54984,0
83.06193,-156.54233,0
-94.46137,-44.381187,0
93.08591,14.319485,0
56.08008,116.533775,0
55.556686,116.150444,0
-21.794329,-114.4198,0
-85.20281,45.548367,0
-3.5638201,-127.37257,0
-6.703507,-183.27754,0
-145.89584,-56.44103,0
111.73925,-30.92085,0
21.55701,186.71317,0
20.785774,185.17252,0
-9.676818,-57.034855,0
-34.107098,33.24492,0
23.900066,-7.2506456,0
62.220024,-142.41116,0
-117.9532,-1.1068364,0
147.8757,24.667599,0
-19.452888,116.676834,0
-17.635231,117.12264,0
-61.980175,-60.169147,0
-1.1331025,35.3615,0
-70.257935,-65.34299,0
100.83796,-134.96477,0
-150.53752,-73.91945,0
110.16333,24.001463,0
40.581177,86.7566,0
40.842293,86.244,0
17.281168,-56.025932,0
-44.654243,3.9436014,0
40.820835,-36.906216,0
35.64526,-128.48024,0
-152.2552,4.2611756,0
154.66158,1.1746205,0
-60.542553,118.41292,0
-59.993015,120.59179,0
-11.098824,-56.599358,0
-35.10284,35.037056,0
-11.684626,-49.051655,0
63.984997,-141.13666,0
-115.13606,-1.6471746,0
142.10641,25.521324,0
-16.39198,116.85148,0
-14.762324,115.783424,0
14.096495,-66.86523,0
-59.66955,-1.4822882,0
45.252483,-49.85809,0
21.352465,-122.416084,0
-162.21457,-1.0232955,0
147.47626,-12.189469,0
-45.58945,131.80759,0
-46.863724,135.80882,0
16.416927,-64.99796,0
-61.505184,-5.479308,0
52.98067,-47.224163,0
19.169981,-121.08867,0
-164.91158,4.674178,0
144.10143,21.382267,0
-49.137787,130.3628,0
-57.50437,138.86874,0
94.57824,62.43182,0
59.376774,0.7533623,0
-123.46217,78.010925,0
97.81206,57.49363,0
-56.63535,-20.922499,0
83.12394,-59.08315,0
99.646164,63.406464,0
99.18254,63.795776,0
-16.14703,-81.21903,0
-78.675674,73.024536,0
-13.628034,-75.145645,0
36.07833,-160.21173,0
-177.96436,-42.06476,0
132.65877,-40.02519,0
-7.0616813,143.26164,0
-6.8561335,142.85066,0
5.356732,-87.35577,0
-92.093216,6.6379566,0
44.447277,-83.83629,0
8.079541,-153.56906,0
-160.4117,-29.210827,0
133.23274,-24.066849,0
-37.00308,173.75528,0
-38.546616,173.21033,0
68.52934,-24.084444,0
-101.3405,-96.697685,1
71.01343,-38.01014,0
-46.33422,-164.42632,2
-126.72908,-104.17005,1
195.29155,6.3712597,0
-111.239006,111.550934,3
-111.73232,109.73946,3
68.95876,-25.108551,0
-101.68504,-96.34468,1
70.56218,-38.458733,0
-46.93747,-164.61777,2
-127.05641,-104.80184,1
194.6327,5.9321218,0
-110.581024,111.48739,3
-113.99705,110.867455,3
18.97891,-32.739,0
-36.9253,26.46569,0
25.756807,-26.257116,0
43.08585,-104.025444,0
-131.05545,16.524292,0
164.12517,27.69442,0
-55.404324,78.31487,0
-56.480824,82.32536,0
5.6178045,-50.645336,0
-49.794983,23.330133,0
34.26347,-32.28696,0
48.320328,-131.22867,0
-144.28706,11.814461,0
163.49246,0.5722338,0
-44.98146,111.08634,0
-44.83771,112.0068,0
4.757137,-89.16462,0
-86.089424,14.470175,0
47.90658,-77.80364,0
18.314148,-154.80418,0
-166.88896,-25.644093,0
136.83058,-23.974054,0
-35.564796,164.4074,0
-20.628986,166.4692,0
48.96811,9.269825,0
11.449344,48.237453,0
49.49764,7.3675623,0
-103.96734,80.842896,0
-97.71066,-25.030956,0
138.90042,-76.67862,0
43.980053,39.168697,0
43.29969,38.643097,0
-20.424953,-31.704708,0
-7.5848913,17.525246,0
-18.64297,-16.611881,0
83.16579,-110.17239,0
-110.473526,-21.856289,0
126.24175,25.956661,0
5.4467993,85.25374,0
5.084013,84.59381,0
-7.5248,-101.85831,0
-75.114006,30.753653,0
-0.24486138,-112.2603,0
-0.53048474,-165.29642,0
-144.54184,-37.118034,0
151.42598,-46.720978,0
-7.724971,177.54404,0
-7.452488,177.35243,0
11.07037,-55.35042,0
-50.081966,3.5135531,0
36.44747,-39.097527,0
32.944637,-122.69308,0
-149.83768,-1.4943198,0
155.25887,-4.646802,0
-54.158966,115.24261,0
-53.730816,115.096275,0
-82.97578,-113.71854,0
-1.9545171,56.83567,0
-76.499115,-123.63215,0
-11.646395,-155.50035,0
-109.49532,-62.032207,0
89.90037,-9.547102,0
59.5394,152.92236,0
61.74456,153.73222,0
-63.10381,-63.197052,0
-54.71674,66.14049,0
-66.23376,-67.589554,0
102.12302,-132.18452,0
-153.26369,-70.71403,0
114.066986,24.573446,0
37.55927,83.52204,0
45.228653,108.267235,0
2.6590054,-46.37543,0
-50.430424,24.704208,0
-0.24472944,-47.57112,0
51.8742,-129.5173,0
-144.87546,-12.650803,0
146.54916,0.89009,0
-44.648445,109.836136,0
-44.653904,103.144005,0
-16.266579,-43.33939,0
-16.621813,19.922754,0
-6.77191,-9.855083,0
69.26218,-133.44853,0
-132.17538,-18.18406,0
129.60715,3.7090518,0
-1.6304387,109.59055,0
-10.668741,104.88932,0
10.704817,-38.596973,0
-38.076565,-1.8268285,0
21.948431,-18.572937,0
50.38525,-109.512054,0
-163.41693,7.526969,0
174.85245,6.5738587,0
-38.390774,80.1989,0
-38.150063,80.014854,0
-38.619675,-107.89834,0
-55.333385,44.06268,0
-49.25061,-126.69635,0
14.581969,-189.34583,0
-134.137,-61.317368,0
104.44813,-19.478151,0
33.076984,167.26651,0
33.68424,167.1418,0
-22.842505,-26.80279,0
-5.5941644,20.969822,0
-25.726665,-17.900625,0
77.881584,-110.8416,0
-110.080414,-18.501047,0
130.1092,24.830976,0
6.3528805,78.60507,0
7.054836,76.69293,0
-20.126461,-41.687603,0
-17.16598,25.091654,0
-10.406233,-13.246718,0
74.55719,-132.09515,0
-129.1144,-23.17127,0
124.85924,7.8128786,0
-1.0695255,104.08967,0
-1.8211749,103.390656,0
8.358992,-37.64671,0
-36.873375,11.263324,0
27.290058,-19.31075,0
47.2667,-113.48695,0
-135.93214,9.586882,0
149.46927,23.748955,0
-59.01016,93.58553,0
-58.559883,94.34894,0
70.56044,-23.218426,0
-100.20873,-98.7287,1
73.150955,-37.578205,0
-46.23028,-167.09021,2
-126.979256,-106.14377,1
195.18185,8.577863,0
-109.38484,108.89143,3
-110.17531,108.11797,3
-65.15412,-90.63957,0
-37.075882,55.60966,0
-70.10761,-100.67957,0
75.95031,-159.40508,0
-107.19097,-50.90012,0
85.340546,6.2102857,0
60.708282,126.66311,0
61.677067,126.76112,0
-74.86381,-87.76293,0
-25.550865,57.361507,0
-78.75751,-90.77222,0
83.59369,-153.12927,0
-93.18377,-42.122585,0
89.49638,16.922821,0
62.356213,111.16355,0
64.15794,111.27183,0
18.385042,-44.376575,0
-46.88322,16.137625,0
39.92149,-25.663717,0
44.595135,-121.74578,0
-142.99507,10.320008,0
160.35121,4.582255,0
-67.12691,109.60509,0
-69.30907,106.82181,0
25.964167,-56.104755,0
-56.441372,14.41702,0
49.452152,-33.409294,0
39.010246,-135.04077,0
-167.41815,-10.323728,0
171.5956,-9.405454,0
-71.16304,125.6616,0
-70.52334,127.467766,0
103.21091,62.843037,0
57.764065,-6.178243,0
-123.60882,69.28131,0
-119.123634,83.52324,0
-47.336235,-23.160015,0
84.42981,-58.201756,0
103.896996,63.28878,0
103.76251,63.304165,0
-27.012554,-115.1931,0
-87.33086,41.77297,0
-31.693277,-129.48825,0
-3.3831172,-185.32762,0
-143.23387,-53.93154,0
111.42945,-26.480135,0
24.360933,182.27982,0
21.638422,181.31343,0
-23.462442,-104.54472,0
-64.77821,38.859985,0
-39.120327,-135.15791,0
4.1788645,-178.19804,0
-135.80293,-46.449394,0
120.02209,-8.438262,0
12.423574,172.48062,0
12.593608,173.40907,0
17.393236,-88.40253,0
-76.154434,15.197681,0
53.921066,-71.536224,0
22.588552,-144.86885,0
-172.7494,-19.774721,0
144.65521,-18.064991,0
-43.727665,153.1762,0
-47.718853,155.39485,0
22.49168,-47.851498,0
-48.080055,13.070801,0
44.29618,-31.77573,0
45.86535,-123.55169,0
-144.8262,10.45588,0
158.2388,5.9208226,0
-72.15009,107.74249,0
-63.849266,112.46594,0
4.661549,-45.41993,0
-36.16718,2.6868622,0
30.926321,-13.153382,0
51.571373,-131.23901,0
-136.56128,0.30477244,0
150.99693,19.683128,0
-43.598,113.66875,0
-31.897049,81.821045,0
-36.42048,-46.068935,0
-26.071384,46.39909,0
-38.650486,-39.665855,0
80.59523,-144.24695,0
-103.27142,-27.956682,0
95.05224,10.47191,0
22.162937,110.537834,0
21.947737,110.706276,0
-13.720371,-43.11669,0
-22.992655,20.972088,0
-4.8158417,-15.094753,0
72.28641,-129.07365,0
-145.17265,-8.679216,0
164.11134,-10.6246195,0
-4.8450255,100.82482,0
-5.4842987,100.20556,0
-45.66219,-65.29762,0
-20.22352,40.19358,0
-41.820698,-66.27659,0
85.20414,-133.25659,0
-120.296646,-35.383587,0
111.64504,8.06411,0
26.63083,106.223495,0
25.534111,105.114334,0
13.855665,-88.79094,0
-78.38434,20.055243,0
53.388447,-74.92155,0
26.673914,-151.15286,0
-171.7588,-26.37949,0
140.52011,-29.016033,0
-47.75791,161.5147,0
-50.823395,162.10374,0
-86.08459,-118.230545,0
5.838157,60.574493,0
-80.96977,-126.420525,0
-12.034167,-145.20044,0
-144.95566,-26.158468,0
140.73036,-6.717634,0
70.03911,140.3085,0
70.06013,140.07205,0
18.257835,-50.38906,0
-46.452873,11.151594,0
41.03737,-29.55143,0
40.70387,-124.92704,0
-147.11014,7.917279,0
157.36072,5.686664,0
-63.67414,108.76463,0
-62.21698,108.965164,0
-5.6999006,-59.19299,0
-56.105064,26.116144,0
-3.3453279,-63.427265,0
28.87355,-126.72128,0
-150.78511,-7.6152115,0
150.1807,-0.32349837,0
-26.609415,126.60593,0
-27.804726,127.17424,0
113.32238,60.77306,0
66.51356,4.0207324,0
-128.1978,64.73073,0
-119.07699,80.559204,0
-50.072456,-28.99555,0
82.24169,-62.666397,0
109.84956,64.11562,0
108.59162,64.78161,0
-50.72077,-75.46245,0
-18.344824,49.706963,0
-58.44665,-70.333885,0
104.8561,-115.98608,0
-117.87578,-48.342392,0
101.40605,4.88049,0
41.201843,117.99739,0
41.53296,117.39716,0
-0.7626861,-73.81436,0
-77.28147,2.030209,0
35.239014,-67.59907,0
62.20989,-146.31586,0
-154.13461,-20.637732,0
133.28879,-14.93873,0
-28.802048,144.4714,0
-28.229824,144.14873,0
8.309953,-95.80839,0
-73.99877,13.508175,0
56.816067,-76.211845,0
21.064198,-143.46242,0
-175.51479,-25.94029,0
134.62598,-31.709173,0
-48.43285,150.19678,0
-48.49257,150.78473,0
-31.98225,-94.10388,0
-1.1463432,50.245113,0
-117.92506,42.674805,0
44.090782,-181.54314,0
-89.617355,-28.504187,0
118.675606,-66.39475,0
51.357704,71.285904,0
51.382866,71.285934,0
-70.33929,-85.92856,0
-29.556664,56.401196,0
-80.64747,-96.68042,0
82.007996,-156.53699,0
-95.38746,-44.17966,0
91.21048,13.311674,0
57.18396,116.8605,0
57.60055,118.44755,0
-23.565683,-100.07209,0
-61.268528,37.379482,0
-46.67258,-136.60493,0
8.317758,-178.44113,0
-135.8733,-49.78774,0
113.22056,-13.108567,0
15.965125,170.60864,0
17.292578,171.83655,0
18.481375,-67.92686,0
-65.42479,-1.436438,0
50.917606,-49.643963,0
16.849392,-127.137314,0
-170.19922,-0.11026312,0
174.30756,-2.929031,0
-52.170517,138.08005,0
-53.65611,137.79321,0
-26.250984,-104.163124,0
-62.307762,51.530125,0
-47.276283,-117.7586,0
24.180319,-176.23763,0
-133.04518,-53.672245,0
109.156654,-18.753891,0
21.049631,152.33864,0
8.988297,163.4234,0
113.30613,60.766636,0
66.41713,3.8259294,0
-128.33907,64.86871,0
-119.14745,80.90636,0
-49.87502,-28.95865,0
82.16361,-62.527767,0
109.686264,64.24613,0
108.996086,64.92142,0
16.924246,-88.66782,0
-76.949936,15.522115,0
54.599068,-72.38292,0
22.869156,-145.63982,0
-168.67137,-22.378756,0
138.77188,-24.386597,0
-44.76274,153.22723,0
-49.247246,155.89668,0
20.89426,-80.50944,0
-68.5048,19.94416,0
56.610577,-66.956825,0
32.138786,-149.71414,0
-181.77036,-15.568699,0
150.49403,-28.834883,0
-59.751003,155.26576,0
-60.011887,153.6043,0
5.710163,-71.72724,0
-70.970795,8.458096,0
43.348392,-67.48497,0
27.685034,-136.92343,0
-158.72658,-13.552095,0
147.74509,-16.591164,0
-41.289936,146.80762,0
-41.53617,147.29147,0
125.79013,76.364006,0
70.04447,8.197329,0
-123.663864,64.64044,0
-105.37038,66.904434,0
-53.733334,-28.97763,0
85.602104,-68.653175,0
112.767525,77.19332,0
112.60992,77.551796,0
8.6698885,-86.690956,0
-83.669235,15.453638,0
47.01401,-76.05756,0
20.94005,-151.47913,0
-167.7102,-27.023771,0
138.88121,-29.784107,0
-37.411182,163.09221,0
-40.13259,164.41356,0
14.399616,-41.861294,0
-40.487526,10.549716,0
26.326021,-22.0503,0
49.16948,-112.41917,0
-138.90353,6.800835,0
159.94722,14.6644535,0
-65.8918,97.36361,0
-66.17505,96.059456,0
-40.20709,-18.09619,0
0.5176536,49.348423,0
-122.361404,36.25342,0
-40.706882,-164.05896,2
-83.356995,-29.800066,0
115.591415,-72.70445,0
62.76469,75.400085,0
62.578506,74.92456,0
9.186848,-66.096794,0
-62.672417,3.428548,0
47.684036,-53.580765,0
22.973795,-127.367516,0
-161.18105,-5.282219,0
154.48837,-11.770225,0
-37.181473,131.53683,0
-38.49325,133.54143,0
23.080866,-57.567547,0
-54.788143,16.370016,0
48.93349,-36.11721,0
39.110573,-131.72461,0
-152.07608,12.077779,0
163.11014,9.039834,0
-65.29706,128.90161,0
-65.102936,129.51105,0
6.925411,-27.018991,0
-29.862043,21.831184,0
12.221229,-19.317566,0
54.307804,-102.54594,0
-125.42137,16.729038,0
169.69102,21.683489,0
-40.01065,76.775856,0
-39.946186,77.48297,0
-13.746622,-120.8127,0
-80.5153,52.190887,0
-10.645556,-124.85965,0
-13.586946,-180.18648,0
-153.76053,-51.54321,0
118.88908,-37.11127,0
11.698263,199.82773,0
11.801335,199.92532,0
-6.1902137,-89.929245,0
-89.464134,23.413017,0
34.61281,-87.804085,0
24.241352,-161.83127,0
-166.61731,-43.33974,0
130.57028,-32.774525,0
-13.838076,150.77748,0
-14.022258,151.30016,0
13.420514,-85.04109,0
-78.82593,17.134708,0
51.028988,-70.424416,0
24.09618,-148.84413,0
-170.8991,-24.408993,0
138.8581,-16.041557,0
-42.252384,155.73499,0
-43.670544,158.2615,0
-43.987984,-97.624466,0
-47.930466,51.88834,0
-59.1125,-120.38235,0
24.85666,-186.23228,0
-122.859314,-63.756306,0
96.40665,-13.676675,0
35.269085,148.54527,0
35.439445,147.3357,0
-43.975994,-91.54107,0
-48.20867,56.861225,0
-56.31521,-111.01897,0
31.51709,-180.29146,0
-121.82298,-55.660133,0
92.19219,-13.243629,0
27.425682,141.5711,0
27.294525,141.19774,0
20.87411,-79.469986,0
-68.22215,19.685032,0
57.01588,-63.94761,0
32.561058,-149.05823,0
-181.32678,-13.437599,0
151.24185,-28.076904,0
-60.18199,155.01848,0
-60.811405,153.78122,0
-16.21227,-104.26433,0
-71.02212,37.563057,0
-32.78647,-138.9984,0
3.5120013,-170.83778,0
-139.43805,-39.946358,0
118.20049,-19.198685,0
3.221991,174.26959,0
0.9461539,178.40475,0
68.87569,-28.138119,0
-104.81684,-95.97289,1
69.621956,-33.281704,0
-48.22701,-160.67867,2
-127.88425,-101.35856,1
195.42549,3.8309276,0
-111.64871,115.37591,3
-111.8871,115.74834,3
3.4025333,-38.173157,0
-27.915668,8.37779,0
17.444675,-15.006992,0
57.30825,-110.88728,0
-138.9417,-5.1804686,0
154.46973,24.793125,0
-30.31158,77.94328,0
-32.344696,78.04898,0
-23.611727,-56.388096,0
-10.346065,5.4923806,0
3.938499,-2.4499645,0
72.60849,-123.634674,0
-163.71509,-62.718147,0
131.44208,1.3188605,0
-5.6203127,93.725945,0
-5.824024,94.69086,0
-46.20325,-97.38967,0
-47.36144,51.216705,0
-58.69318,-119.527115,0
26.066103,-187.48283,0
-122.27058,-63.798595,0
96.98548,-12.7574835,0
36.187366,148.74928,0
37.176575,149.55292,0
123.77397,75.84473,0
69.32175,8.909677,0
-120.80971,63.47494,0
-105.94983,67.338684,0
-55.914726,-26.796833,0
87.56986,-68.3424,0
117.85268,75.38501,0
117.69826,75.18124,0
2.0868628,-91.089615,0
-84.11976,20.401253,0
50.445076,-78.99365,0
22.171946,-156.22726,0
-169.47159,-33.25899,0
137.13657,-31.83643,0
-17.029211,158.59538,0
-43.053528,164.69856,0
72.35659,-25.036257,0
-101.86475,-98.84447,1
73.713196,-36.48427,0
-46.506344,-166.5469,2
-128.72859,-105.305824,1
194.67711,7.9118524,0
-108.81921,110.275215,3
-108.49011,108.31984,3
8.928066,-63.52113,0
-58.437534,2.2245398,0
41.685196,-52.393505,0
24.983171,-124.712845,0
-159.24918,-3.0846374,0
147.13797,-8.907751,0
-39.861454,129.49623,0
-40.13085,128.3176,0
-40.776566,-83.73029,0
5.028577,21.341383,0
-57.233307,-105.862526,0
76.067924,-92.9443,0
-111.10962,-42.12247,0
115.97226,-6.60249,0
22.89387,127.17194,0
22.552576,126.945114,0
47.36897,8.22124,0
11.673486,45.35733,0
48.637295,6.00342,0
-102.52067,80.97753,0
-99.15286,-24.728064,0
139.91605,-76.12986,0
43.81873,41.042305,0
43.089428,41.64719,0
50.10828,14.064939,0
14.969219,48.87954,0
50.312286,13.858676,0
-108.038055,80.363815,0
-96.510086,-27.012302,0
134.98323,-79.59279,0
47.527855,31.015776,0
47.27838,31.16331,0
126.27702,99.98589,0
32.006584,20.506811,0
-141.69922,46.26503,0
-105.396614,52.792583,0
-60.05064,-37.12265,0
91.6269,-79.65299,0
110.69073,101.43674,0
110.902145,101.826706,0
42.430164,-1.457545,0
-38.94069,8.363795,0
43.827534,-0.2959641,0
-91.47654,83.10762,0
-100.917114,-22.76874,0
142.8918,-69.305084,0
39.808304,54.76683,0
39.91358,54.956783,0
-19.92002,-61.428684,0
-75.97953,52.710407,0
-15.915393,-93.15137,0
-17.20234,-177.1497,0
-159.76335,-52.070065,0
127.794205,-53.40496,0
14.947575,192.55605,0
14.49316,191.2015,0
14.220447,-54.30521,0
-49.635815,5.832213,0
38.936535,-38.617058,0
34.472187,-125.45749,0
-150.54332,0.8119451,0
155.05656,-3.7854671,0
-56.4809,116.06299,0
-57.386604,114.14793,0
126.56966,100.59828,0
32.21026,20.62541,0
-141.17877,46.642715,0
-105.714836,52.924904,0
-60.304493,-37.454998,0
91.950096,-79.94133,0
109.97539,100.92038,0
109.91263,101.247406,0
-78.83723,-118.182976,0
-1.7497172,62.083134,0
-71.62868,-128.4271,0
-9.624774,-151.97952,0
-106.603676,-66.60055,0
84.99062,-8.906196,0
62.002193,146.33423,0
62.36477,146.02771,0
-18.091536,-40.1921,0
-18.942226,22.579935,0
-8.837189,-8.9059515,0
71.491104,-133.41858,0
-129.7542,-20.177593,0
127.00497,7.97838,0
0.27607703,106.3915,0
3.7821074,107.288086,0
-15.080826,-119.6332,0
-82.640335,52.10263,0
-11.53922,-126.46544,0
-14.555213,-180.54012,0
-155.22972,-52.676632,0
117.10678,-36.79587,0
14.601874,200.40314,0
14.319473,202.80766,0
-43.846436,-89.76748,0
-60.454178,69.285255,0
-53.405434,-105.97916,0
58.048557,-165.66965,0
-176.08308,-63.324947,0
110.940186,-51.189823,0
27.456003,138.21573,0
27.202114,136.87567,0
11.948696,-30.969513,0
-30.707056,24.566772,0
24.36772,-27.95511,0
49.684452,-103.71387,0
-123.95013,20.832483,0
174.6119,21.360493,0
-47.40932,80.05543,0
-47.74155,79.45195,0
-23.654266,-98.63912,0
-60.54589,38.56914,0
-46.815983,-134.3876,0
8.514673,-176.21002,0
-135.16771,-46.719074,0
117.61623,-13.108253,0
14.383411,169.29062,0
13.890357,169.96107,0
-44.018314,-94.831566,0
-46.72791,53.320126,0
-60.54859,-120.18331,0
27.683758,-186.02916,0
-121.55796,-67.00484,0
96.081116,-11.191822,0
33.2749,144.85785,0
32.56672,145.7473,0
-4.337723,-38.316048,0
-24.269062,10.852888,0
6.8763013,-13.111329,0
58.62147,-123.15839,0
-129.53548,2.2386327,0
147.99901,12.550542,0
-21.748352,80.33709,0
-20.930178,79.378654,0
-17.505438,-82.19431,0
-78.19038,71.204735,0
-15.833433,-78.404305,0
37.196037,-165.53851,0
-178.75452,-46.040806,0
128.65575,-43.370304,0
-1.5438827,144.90631,0
-3.3578894,144.5066,0
-25.072706,-101.29311,0
-62.357098,40.82553,0
-41.72886,-130.84692,0
7.135198,-180.34265,0
-135.80971,-51.296482,0
114.956245,-13.61038,0
18.588686,171.69595,0
19.971788,173.52342,0
-11.542975,-56.94935,0
-36.255306,35.94157,0
-13.380426,-52.557312,0
65.081215,-140.96062,0
-114.44762,1.8229053,0
143.27469,27.581593,0
-15.631796,117.49289,0
-14.387704,116.67785,0
-17.522442,-31.263027,0
-10.778474,12.050683,0
-5.9633236,-3.2557504,0
75.70672,-118.11937,0
-119.32648,-11.248885,0
134.59389,15.568499,0
-6.376158,83.81502,0
-7.065788,82.12818,0
-21.414326,-102.73106,0
-58.227974,37.777046,0
-42.37762,-136.57071,0
7.720396,-174.73183,0
-134.26218,-46.267063,0
110.8777,-14.129532,0
9.218446,168.27504,0
40.327568,166.41745,0
19.588066,-34.758884,0
-34.993134,13.841766,0
28.16548,-25.992004,0
41.699448,-110.84608,0
-133.68336,14.185634,0
162.43329,17.614931,0
-65.38463,88.0063,0
-66.023346,87.383995,0
14.77704,-61.110348,0
-59.092583,-6.0112348,0
46.545,-46.328747,0
19.358248,-121.88087,0
-164.14221,3.1431673,0
159.65514,13.613948,0
-43.74345,128.89113,0
-51.547672,127.01172,0
2.05469,-53.725132,0
-44.50057,29.808155,0
-1.7975017,-53.84426,0
55.614017,-133.63374,0
-138.69505,-13.725067,0
139.79332,-0.5247701,0
-36.539948,109.94636,0
-34.740818,110.14138,0
8.465062,-63.893284,0
-58.431686,2.1058812,0
43.37387,-52.967278,0
24.512758,-124.13173,0
-159.56194,-2.6613612,0
147.18265,-7.153114,0
-40.22716,129.47478,0
-40.0036,130.73842,0
-2.0300143,-85.82619,0
-81.606316,10.846411,0
31.849623,-81.64693,0
18.063046,-146.72101,0
-166.54051,-29.760876,0
132.38806,-25.83335,0
-28.433252,154.80762,0
-29.398151,150.80774,0
-36.69766,-16.0314,0
-0.30148485,45.722095,0
-118.85449,40.131176,0
46.10887,-179.64706,0
-86.701485,-27.944014,0
118.30454,-69.31829,0
56.07405,71.710785,0
56.07009,71.9487,0
115.292816,44.02755,0
59.0311,-12.383492,0
-125.83981,87.36704,0
127.564026,48.939064,0
-48.408947,-11.920598,0
71.573746,-53.091984,0
138.04828,57.191086,0
139.78526,55.418404,0
-23.990894,-98.88063,0
-61.034138,38.518417,0
-45.402256,-133.28963,0
8.075119,-176.50114,0
-135.29784,-45.46148,0
114.85767,-11.6584835,0
14.676938,169.60571,0
17.215942,169.79042,0
11.309371,-52.727077,0
-42.16288,1.1361738,0
36.633293,-42.33594,0
33.33584,-123.672676,0
-154.13919,0.10014457,0
153.32956,-3.384112,0
-50.95473,118.13648,0
-51.58511,117.886604,0
-63.73921,-58.867905,0
-0.3992591,35.062656,0
-70.37939,-64.1985,0
100.93098,-135.42735,0
-150.20216,-73.23072,0
110.6699,23.956676,0
41.826168,86.20047,0
41.81501,85.10546,0
0.36393762,-100.891,0
-77.54481,49.536404,0
-7.610941,-122.954384,0
-12.616269,-165.71596,0
-157.49956,-50.024975,0
124.44965,-34.762203,0
-11.088401,192.22101,0
11.527284,191.69757,0
3.2511518,-50.1737,0
-48.003357,27.534853,0
-0.10221995,-50.015194,0
51.575546,-134.88809,0
-144.40671,-14.2463875,0
160.79108,-4.950326,0
-41.75134,108.70983,0
-42.388313,108.65619,0
-23.465748,-107.48817,0
-68.582245,41.05892,0
-36.74362,-135.57864,0
2.054156,-176.23222,0
-140.31645,-45.506767,0
120.73042,-20.06529,0
10.51906,180.07915,0
9.98712,184.05592,0
6.1955194,-41.56457,0
-31.985453,10.630057,0
24.839188,-10.438445,0
53.90251,-122.79236,0
-128.63892,5.5102625,0
145.79442,3.145277,0
-42.95179,98.43158,0
-37.98426,91.65076,0
-11.343135,-102.12497,0
-68.33583,8.034403,0
4.6668534,-111.47472,0
6.412987,-161.50684,0
-138.28378,-31.806229,0
124.82598,-13.697876,0
-37.118866,143.13927,0
-36.69131,142.91624,0
-5.2017922,-81.184425,0
-80.70267,5.872547,0
31.589876,-74.185326,0
17.336891,-144.70413,0
-154.47926,-21.779945,0
108.251625,-8.596137,0
-26.351093,148.64296,0
-38.589436,166.6136,0
-66.21896,-56.124233,0
3.7601163,33.653053,0
-72.78991,-62.16971,0
99.38084,-138.7061,0
-146.63336,-77.655396,0
108.49676,23.561993,0
46.167336,89.100914,0
49.11109,88.290115,0
-2.0963128,-83.86512,0
-91.1321,14.344172,0
36.40318,-74.54451,0
15.711327,-157.51971,0
-156.76762,-33.66856,0
129.4132,-28.856178,0
-27.882238,158.4918,0
-27.581284,156.6837,0
-12.067862,-102.938644,0
-72.4998,33.84161,0
4.9104233,-113.110794,0
-0.22663446,-168.33427,0
-140.74811,-35.49549,0
123.51899,-13.465571,0
-2.0347376,174.85056,0
-3.646123,176.19995,0
-46.836197,-98.531006,0
-46.07584,50.151737,0
-58.8889,-118.61935,0
23.669193,-189.75354,0
-120.79275,-62.62175,0
100.11273,-5.48409,0
37.301056,144.47188,0
36.519886,144.796,0
45.1817,5.138965,0
9.666755,45.624763,0
46.043674,2.4358594,0
-97.20044,82.20081,0
-100.62232,-24.089653,0
142.09518,-73.786476,0
41.211792,48.449818,0
40.65707,48.396446,0
-38.703117,-106.57735,0
-52.641533,44.56872,0
-50.89481,-128.18561,0
16.63107,-188.58316,0
-133.06511,-58.454742,0
100.79399,-18.140146,0
36.325294,164.11978,0
37.13965,165.05092,0
92.684,64.97392,0
59.428997,-0.39037097,0
-125.96731,72.74437,0
94.625725,65.42387,0
-53.124077,-21.225954,0
86.75464,-61.56058,0
95.839775,67.423645,0
95.526634,67.54901,0
88.57178,85.858955,0
26.569721,39.161865,0
-133.8693,39.18081,0
-107.626396,26.1413,0
-76.15726,-36.52605,0
106.98907,-78.86353,0
76.39692,91.12449,0
75.56631,91.28911,0
-1.208359,-102.698395,0
-82.15418,31.115437,0
4.883419,-104.60006,0
-9.503772,-164.7124,0
-149.01497,-34.172626,0
108.16636,-38.44298,0
-15.619283,190.02422,0
-16.371542,190.27983,0
-9.677588,-24.16467,0
1.578889,16.579582,0
7.675654,0.9790528,0
71.752045,-97.75013,0
-130.80476,-24.846178,0
131.30328,5.826852,0
1.3572677,94.67658,0
0.38773614,94.31895,0
64.80113,37.38289,0
22.936108,22.592947,0
64.745575,36.986515,0
72.81212,48.48886,0
-78.60263,-15.781259,0
92.84048,-47.331867,0
63.698616,43.907345,0
63.796005,43.861904,0
-9.052314,-108.677376,0
-77.010345,39.159992,0
-1.1837221,-118.38284,0
-5.690789,-169.3152,0
-149.71342,-40.639854,0
147.15924,-44.58495,0
-5.7988806,186.71858,0
-5.9044166,187.28802,0
-83.81245,-112.40347,0
-4.7986073,56.788918,0
-75.30492,-120.80289,0
-15.048698,-156.47144,0
-101.096054,-70.104546,0
79.08784,-11.183149,0
62.92596,156.69249,0
63.125656,157.44876,0
-18.948706,-100.86878,0
-64.70948,32.87231,0
-42.708355,-137.9461,0
7.1512713,-169.74936,0
-133.92935,-39.767006,0
120.29327,-13.534016,0
4.931452,167.39247,0
5.2919016,167.72534,0
-81.27984,-114.349365,0
-2.9278307,56.97494,0
-74.394516,-123.205376,0
-14.605293,-154.48558,0
-103.84884,-70.63937,0
82.519165,-11.835298,0
65.34597,155.17427,0
66.983055,156.00114,0
-16.186789,-114.807236,0
-84.098915,42.824135,0
-4.0728264,-125.77357,0
-8.294498,-179.33582,0
-145.359,-53.31065,0
113.57734,-28.69878,0
7.1623693,193.58766,0
5.967656,192.89954,0
-60.439037,-58.41349,0
-3.7551298,37.683926,0
-69.588104,-67.32708,0
97.35791,-132.45558,0
-127.53604,-34.71492,0
114.15829,3.4885254,0
38.771664,91.07099,0
39.565563,91.60679,0
6.3156176,-48.956,0
-49.108723,23.53287,0
34.023518,-31.413015,0
49.59966,-131.32214,0
-145.82489,-12.34892,0
161.3017,-2.4904258,0
-45.687073,109.799805,0
-48.540787,108.68957,0
-20.223505,-112.42872,0
-62.997555,42.45252,0
-41.809666,-129.44753,0
5.7298875,-182.17458,0
-145.70757,-51.654877,0
104.725586,-29.993608,0
21.408947,173.1764,0
21.121376,172.68013,0
-83.43141,-112.36058,0
-4.803751,56.873558,0
-74.97746,-121.29029,0
-14.80078,-156.21448,0
-100.61489,-69.81205,0
80.2459,-10.478532,0
63.117767,156.58612,0
64.564995,157.25395,0
-66.639175,-58.175453,0
2.350716,32.458546,0
-72.11496,-61.02805,0
102.061775,-138.78687,0
-149.51508,-78.328384,0
108.25595,26.538548,0
46.867096,84.720406,0
47.264534,84.570755,0
66.91746,-29.6719,0
-106.82512,-94.33683,1
66.95963,-31.863441,0
-45.39849,-159.40086,2
-131.21545,-98.81406,1
195.39354,0.87160504,0
-111.89952,120.38102,3
-112.49271,120.405014,3
-8.7961445,-116.189224,0
-75.42396,47.544983,0
-6.8474164,-120.4795,0
-15.590232,-173.23572,0
-157.02696,-47.141254,0
139.51025,-48.952686,0
3.5514696,200.60222,0
2.4170978,200.18793,0
126.48641,79.95889,0
73.115616,5.672956,0
-140.22038,61.5136,0
-104.64572,63.353355,0
-57.09911,-32.59175,0
87.59165,-74.11779,0
121.52569,87.55146,0
121.71748,87.65404,0
113.17782,44.478844,0
56.690765,-12.786978,0
-126.7602,85.81337,0
126.671906,51.33652,0
-49.955868,-13.772679,0
73.026024,-52.286877,0
140.54633,59.699493,0
142.5813,57.44742,0
-18.632345,-25.864943,0
-6.774209,16.257778,0
-19.65424,-17.146177,0
81.64518,-108.60211,0
-110.481575,-15.139681,0
126.99032,21.924212,0
3.8212867,84.00989,0
3.617329,83.41445,0
-22.97507,-25.473486,0
-6.975825,20.04465,0
-22.891815,-15.590539,0
76.03148,-109.5789,0
-111.43372,-17.12169,0
131.26506,25.964626,0
1.7954255,77.33327,0
0.6203615,74.853645,0
-30.667599,-115.63222,0
-91.0418,42.80261,0
-35.06296,-126.28111,0
0.019245781,-187.44374,0
-140.6537,-59.47529,0
106.4825,-27.012732,0
29.135834,178.11737,0
29.381512,178.69185,0
-80.68214,-114.37191,0
-2.5354123,57.424572,0
-76.40451,-124.42318,0
-14.251974,-153.6994,0
-104.85768,-71.40589,0
81.58179,-8.278243,0
65.6797,153.98045,0
66.364815,153.70732,0
19.617807,-37.226913,0
-36.161366,14.601966,0
30.156284,-25.660631,0
41.858063,-112.68419,0
-135.19966,14.175277,0
162.66264,16.853548,0
-62.138557,90.000496,0
-64.41168,89.888504,0
-15.188159,-64.50904,0
-69.71985,54.185703,0
-17.305414,-68.461945,0
45.074184,-154.94522,0
-165.7405,-51.245426,0
131.57478,-51.01426,0
-11.217785,132.46442,0
-10.647638,132.52834,0
16.572327,-54.727253,0
-43.771942,3.624204,0
40.211452,-35.765514,0
35.9151,-129.186,0
-153.65318,5.915971,0
137.70747,-19.178638,0
-58.72292,118.34939,0
-57.798576,120.28454,0
-10.79941,-110.67837,0
-80.92318,38.39706,0
0.59961253,-120.639275,0
-7.723598,-173.02411,0
-152.04393,-42.0632,0
145.11774,-43.728767,0
-3.6067693,190.16151,0
-3.8717782,190.37354,0
70.52592,-28.630516,0
-106.38881,-98.07336,1
71.16237,-31.936684,0
-46.98772,-159.709,2
-127.69966,-98.146904,1
192.7028,5.416148,0
-107.94824,117.22573,3
-107.98156,117.93783,3
-62.399635,-57.26244,0
4.827088,33.448708,0
-72.90982,-65.425026,0
99.93607,-137.0073,0
-147.99208,-78.76966,0
108.15821,24.649803,0
43.99068,88.50454,0
44.456547,88.38358,0
-11.421473,-89.90628,0
-91.586716,26.577217,0
32.54056,-87.920044,0
26.362667,-163.90912,0
-172.02875,-41.76941,0
134.39131,-40.7406,0
-12.138273,149.68831,0
-10.188586,157.26204,0
83.891304,78.45305,0
15.71737,37.156498,0
-123.62376,36.266876,0
-40.78665,-165.8003,2
-82.08101,-31.91918,0
114.75871,-74.13937,0
65.53936,76.50382,0
65.47922,76.3875,0
-67.34716,-84.470345,0
-31.561184,57.992317,0
-80.763565,-99.65844,0
79.762596,-162.05016,0
-96.769905,-46.20872,0
93.16288,12.463422,0
57.724133,119.85763,0
61.52902,124.975914,0
63.47087,37.754845,0
23.336031,22.98321,0
63.456482,37.570312,0
72.67325,48.15621,0
-78.802155,-16.186045,0
93.32756,-46.97884,0
62.920048,43.161003,0
62.64987,43.111893,0
-3.767427,-37.257973,0
-25.546516,11.272212,0
8.490158,-15.149731,0
55.5025,-108.73988,0
-121.53204,3.5671248,0
157.12944,27.506819,0
-22.636612,76.86445,0
-22.667982,75.29818,0
-23.234539,-119.606316,0
-88.826996,48.588356,0
-23.946161,-130.47675,0
-9.614968,-187.52267,0
-138.66418,-55.80567,0
107.42922,-30.98423,0
24.988491,192.24335,0
27.33779,191.77122,0
22.631058,6.1968083,0
4.2503934,14.872088,0
24.787594,0.6610101,0
69.234024,-94.66912,0
-100.33789,-8.759895,0
168.8687,-27.726002,0
23.374727,74.988,0
-49.534355,95.239365,0
126.11329,79.14572,0
72.61702,5.6736703,0
-139.85019,61.316566,0
-104.52507,63.637466,0
-56.947525,-31.725685,0
87.381676,-73.49409,0
121.73944,86.56655,0
122.00088,86.456856,0
18.702839,-81.67698,0
-71.149086,19.332508,0
54.762768,-65.36883,0
29.676992,-149.1688,0
-180.48895,-16.307028,0
147.89664,-29.531803,0
-57.75251,160.14584,0
-58.207447,160.87221,0
-48.39726,-76.80239,0
-15.809938,49.232166,0
-57.867435,-72.87692,0
101.61121,-117.46652,0
-119.3636,-46.994404,0
104.88986,4.0511622,0
36.02009,117.13226,0
37.843395,116.979126,0
-19.311436,-83.51907,0
-76.66303,69.11651,0
-15.896293,-74.21379,0
39.45583,-163.78125,0
-178.60754,-47.637524,0
127.59531,-42.866673,0
-2.3176112,140.54697,0
-3.2484334,139.5597,0
-78.83622,-114.85865,0
-3.9709017,60.4438,0
-73.83992,-130.95065,0
-12.059953,-152.33386,0
-103.03035,-67.36324,0
82.369576,-8.566592,0
60.792168,150.09944,0
64.91803,142.71645,0
18.007235,-68.21468,0
-65.51791,-1.3953264,0
50.33364,-49.967518,0
16.800545,-127.15991,0
-169.70045,0.71530354,0
173.01436,-1.7935109,0
-51.75734,138.17862,0
-53.233456,139.22383,0
-29.355303,-95.37452,0
3.6038268,51.10958,0
-53.239506,-133.30823,0
12.643376,-171.4825,0
-102.70768,-30.12683,0
161.53879,-20.953173,0
6.5068994,162.41742,0
7.336595,161.3423,0
78.75747,67.846306,0
57.77087,-6.196402,0
-126.474304,68.79927,0
-111.54241,69.82501,0
-48.075993,-24.129456,0
90.79303,-61.12801,0
80.09203,68.49614,0
80.15116,68.3282,0
-64.9222,-88.902145,0
-36.340717,57.660645,0
-74.001045,-102.12084,0
77.835,-160.50429,0
-100.16229,-48.458294,0
88.93987,11.603883,0
55.88936,125.73754,0
55.56882,125.51745,0
-22.995075,-35.186096,0
-24.725266,31.179895,0
-10.645712,-20.520151,0
51.835342,-120.87581,0
-105.11692,-24.297857,0
126.27827,14.973172,0
7.0587854,93.5666,0
-46.701565,101.24568,0
26.366636,-55.77606,0
-56.87829,14.342796,0
51.439003,-32.464134,0
39.46886,-135.2699,0
-155.57654,8.195799,0
138.8114,-18.486195,0
-72.49682,126.44372,0
-71.4853,126.82462,0
-19.240826,-104.67512,0
-68.001076,37.098404,0
-37.200817,-138.77245,0
3.8792539,-173.19676,0
-139.3562,-42.62762,0
114.247894,-19.402733,0
5.3390255,172.94824,0
4.81991,172.30606,0
-9.65909,-23.558651,0
1.5012916,16.2834,0
22.808872,-1.143108,0
71.66896,-97.01817,0
-153.03616,-6.325535,0
130.42468,4.7792735,0
2.2499466,94.88913,0
2.867444,94.408134,0
69.5451,-25.415121,0
-102.82551,-96.99471,1
72.45308,-37.57521,0
-46.61176,-164.6508,2
-127.78468,-103.04098,1
196.53246,5.5694985,0
-110.610985,112.48434,3
-113.598656,107.95071,3
-30.22378,-88.58655,0
-75.218254,62.224266,0
-48.0476,-108.96068,0
33.8787,-176.42558,0
-177.6783,-55.40681,0
121.94137,-41.840977,0
17.39826,140.02623,0
17.25993,139.93011,0
-12.179367,-24.419895,0
-0.19906147,12.88306,0
28.835196,-11.74488,0
67.036,-99.40451,0
-103.43042,-8.798471,0
144.03299,2.2866435,0
-20.288652,72.294914,0
-21.361828,72.78333,0
-40.949112,-98.66813,0
-53.255558,52.124283,0
-52.36166,-118.88647,0
23.419031,-184.40208,0
-126.626656,-65.872856,0
97.27617,-15.377913,0
32.55749,152.41998,0
33.457413,151.87944,0
84.691414,86.80561,0
23.222223,39.443714,0
-132.83304,51.913494,0
-112.47637,30.747417,0
-72.1107,-31.886194,0
107.164894,-84.29607,0
71.56867,96.770546,0
70.77347,96.86395,0
-48.56546,-57.772793,0
-11.734094,35.63343,0
-48.73842,-49.083054,0
88.70209,-126.399765,0
-120.09293,-29.411873,0
115.45062,12.802791,0
27.003834,92.16327,0
28.570936,87.35763,0
-48.430756,-82.29612,0
-11.679942,52.88939,0
-60.660007,-77.824875,0
104.682335,-122.26624,0
-114.06117,-49.374092,0
103.40851,-1.2992429,0
36.801388,126.353516,0
37.443333,127.00549,0
-0.80090296,-71.36818,0
-75.05698,1.2540829,0
36.912426,-59.810505,0
62.31927,-143.78876,0
-112.92216,-3.0859952,0
138.7648,23.123415,0
-27.643236,137.7174,0
-27.468012,137.66022,0
-5.156526,-93.95785,0
-62.505817,13.341528,0
32.00195,-91.3929,0
38.43053,-142.20827,0
-173.70584,-35.233692,0
137.53647,-45.17515,0
-75.041336,133.27719,0
-74.279884,133.46329,0
19.46846,-44.969395,0
-41.514175,19.036463,0
36.759663,-22.542559,0
44.84656,-124.07369,0
-142.52248,16.826303,0
167.96965,5.1374555,0
-49.191063,88.52633,0
-46.633747,88.51287,0
2.362771,-31.696228,0
-23.527517,0.37430513,0
17.580757,-7.304208,0
65.811745,-112.27918,0
-127.538124,-12.495223,0
130.27336,9.57926,0
-26.242054,87.54363,0
-25.605175,86.36347,0
-31.98145,-100.28364,0
-51.158398,38.933876,0
-40.132465,-119.84202,0
12.361571,-181.91818,0
-125.5215,-51.60384,0
100.513245,-29.373167,0
14.644001,157.60313,0
16.392183,159.26228,0
-65.1787,-55.18294,0
3.904916,32.676655,0
-73.77105,-62.032543,0
100.12856,-138.4667,0
-147.20718,-79.51249,0
108.00695,25.634325,0
46.204926,88.40162,0
48.291298,85.9606,0
-6.368568,-60.547176,0
-55.41942,27.567265,0
-4.875441,-64.56337,0
57.666275,-142.63846,0
-143.63765,-20.28972,0
135.34158,-4.3435183,0
-24.220373,126.26315,0
-23.114899,126.23132,0
2.8615243,-80.25516,0
-83.7389,8.925543,0
38.690964,-76.23407,0
14.592465,-148.11987,0
-157.45078,-22.734787,0
133.27191,-18.266464,0
-30.198599,158.89241,0
-30.071796,163.97536,0
-23.032537,-44.336212,0
-22.107563,26.428852,0
-11.434596,-8.609184,0
77.71473,-136.51018,0
-125.42821,-19.824133,0
127.94484,11.020436,0
4.5977736,106.82226,0
5.676408,107.21546,0
70.126564,21.83152,0
14.756088,17.140165,0
71.68293,21.409315,0
70.92959,-83.185684,0
-86.8448,-9.989037,0
175.44814,-35.86467,0
58.476818,59.078415,0
59.1065,60.02357,0
50.13866,19.349081,0
19.42569,50.03883,0
49.84723,18.827833,0
-117.374306,83.25198,0
-95.130005,-26.634502,0
131.51317,-81.690315,0
50.151917,24.701096,0
49.513527,25.035107,0
72.97879,-28.454369,0
-106.87318,-99.01201,1
72.91442,-30.782066,0
-47.39024,-159.3631,2
-128.40077,-98.05426,1
191.04025,5.2136126,0
-107.14181,117.521866,3
-106.98215,117.85791,3
-26.257711,-59.64081,0
-63.724045,61.96379,0
-25.202824,-63.661613,0
54.11643,-157.67908,0
-165.3446,-61.422165,0
120.89228,-54.84806,0
-1.2468537,122.55323,0
-2.2508607,122.01682,0
-19.111746,-62.80978,0
-68.33401,58.333286,0
-20.360746,-64.08405,0
49.310963,-154.5493,0
-162.043,-58.45281,0
127.13786,-54.259274,0
-6.198625,125.8092,0
-6.512201,126.016464,0
66.137505,-27.145954,0
-103.984535,-93.48427,1
67.04575,-36.22426,0
-43.618984,-161.29556,2
-130.58328,-102.07246,1
193.87703,3.1316724,0
-115.64039,116.52248,3
-115.63242,115.78857,3
8.001044,-87.701385,0
-83.63862,14.763917,0
47.08415,-77.691765,0
19.63572,-151.34586,0
-165.76544,-24.877172,0
137.5224,-24.792593,0
-38.363525,162.7809,0
-48.85631,165.16827,0
-10.155827,-45.50629,0
-29.561281,17.876131,0
10.653668,-18.562412,0
61.334507,-132.32994,0
-136.35284,-23.327961,0
123.5074,2.5730076,0
-43.376537,95.662056,0
-42.847855,95.29325,0
-67.05025,-56.09323,0
6.4288354,33.87957,0
-73.85615,-59.931038,0
101.37569,-139.18655,0
-149.03453,-79.04853,0
105.34906,25.531857,0
46.35903,86.418976,0
46.2364,85.54891,0
-3.2304904,-88.82362,0
-88.288734,21.516525,0
37.948723,-89.646904,0
26.475704,-157.7257,0
-167.9748,-29.180141,0
139.82312,-21.729137,0
-18.37381,153.95164,0
-17.933142,154.86311,0
-47.499336,-87.491936,0
-52.594666,63.545837,0
-59.056385,-82.84287,0
57.263313,-167.95383,0
-114.213486,-54.425934,0
112.66391,-50.0168,0
29.579617,131.52945,0
30.395382,131.34143,0
-68.99634,-56.463123,0
2.1489017,35.40607,0
-76.73074,-60.825584,0
102.23625,-141.14868,0
-149.6756,-76.878555,0
109.480194,28.471052,0
51.33318,85.755325,0
52.308968,85.555244,0
6.6912484,-58.278057,0
1.3398607,8.390081,0
33.217594,-49.292778,0
28.416214,-110.142296,0
-164.78596,13.448893,0
158.62495,-12.966201,0
-32.45198,120.65147,0
-31.961836,120.87793,0
20.644157,-78.05985,0
-67.80733,19.073524,0
56.934895,-63.58942,0
33.1551,-147.55525,0
-180.98378,-12.805446,0
151.1174,-27.80124,0
-60.80108,154.52303,0
-60.996094,152.63237,0
22.095285,7.5457687,0
3.1659515,14.410137,0
26.30203,-0.48898986,0
69.07134,-96.520096,0
-140.45589,-8.924828,0
140.9423,0.34573886,0
-38.19043,114.2663,0
-38.33261,117.963905,0
-21.118662,-26.768188,0
-3.9252396,20.214815,0
-25.536846,-18.695007,0
78.85691,-109.26999,0
-108.114494,-15.639218,0
128.84235,25.088045,0
5.6421547,79.46385,0
5.865806,77.1957,0
-22.500778,-33.374928,0
-11.409746,22.514944,0
-27.567057,-21.865057,0
82.35337,-110.81771,0
-117.48623,-18.18751,0
127.36229,28.543036,0
6.6900063,89.002914,0
7.889288,91.45168,0
-73.27116,-111.24247,0
-16.595192,53.941685,0
-67.571495,-118.111725,0
106.69788,-119.41139,0
-114.98501,-43.921185,0
102.73622,0.88185096,0
31.764494,123.96924,0
38.20292,119.46624,0
-1.5802273,-29.902351,0
-22.336943,4.153587,0
19.181839,-6.512236,0
61.67402,-119.04164,0
-128.71684,-9.600353,0
131.89853,4.184001,0
-25.851204,92.091995,0
-26.839634,91.0362,0
12.803769,-58.56806,0
-49.639156,1.473739,0
41.747597,-42.64875,0
31.73016,-126.16664,0
-152.6759,-0.6498223,0
171.15697,16.52244,0
-43.65323,117.76745,0
-43.685,119.019936,0
-48.8297,-97.8239,0
-45.36974,48.728397,0
-58.23494,-115.290436,0
26.160528,-190.90437,0
-120.170296,-61.612038,0
98.53546,-8.890159,0
38.52055,143.0969,0
37.830357,142.72195,0
6.894866,-66.707306,0
-60.491802,6.376377,0
41.40751,-56.64285,0
26.872404,-129.6507,0
-158.83632,-9.676415,0
157.02547,-15.104276,0
-33.09345,131.47421,0
-33.282112,131.72061,0
-22.641174,-83.87314,0
-75.19965,67.436,0
-22.222273,-77.50421,0
41.54073,-166.33043,0
-177.93405,-51.69175,0
126.27569,-46.406887,0
0.8652941,137.90659,0
6.4693985,139.37859,0
-23.952047,-120.71689,0
-89.07661,50.277016,0
-24.187365,-130.23993,0
-10.910081,-187.85489,0
-148.94655,-55.855263,0
113.62775,-32.38195,0
25.651466,193.23405,0
28.251362,193.55309,0
-20.306513,-38.088062,0
-20.61564,25.34513,0
-7.226508,-16.72619,0
74.51557,-129.42476,0
-124.3862,-18.976068,0
128.27592,12.25943,0
1.3789158,100.18082,0
1.7158201,99.438385,0
43.496635,20.016874,0
18.982826,47.438313,0
-112.452255,68.94307,0
53.501488,20.590874,0
-91.699036,-20.73802,0
135.20808,-65.22572,0
42.575157,25.64919,0
42.505894,25.659864,0
-18.281984,-82.26552,0
-77.25306,71.10936,0
-15.281916,-75.959206,0
37.592007,-164.7092,0
-179.3119,-47.07948,0
129.41577,-42.96883,0
-1.2513025,144.37206,0
-2.5637517,143.62053,0
-51.666008,-99.42308,0
-44.5032,46.42672,0
-61.756832,-112.77864,0
26.669622,-192.79544,0
-118.00299,-58.886715,0
99.94544,-4.688513,0
42.254642,140.92766,0
44.18099,140.49232,0
17.502048,-74.0259,0
-67.69324,12.906216,0
53.420773,-56.310127,0
31.301996,-142.61348,0
-177.27466,-6.7751427,0
151.92058,-21.130243,0
-39.911297,124.12314,0
-40.370235,123.93563,0
1.7686973,-89.5403,0
-88.95407,16.165424,0
40.195732,-84.15305,0
19.5437,-157.96616,0
-164.12605,-34.23162,0
127.91897,-25.67508,0
-20.688192,161.90645,0
-21.299568,162.6074,0
-83.056946,-122.17224,0
6.0442915,62.16453,0
-81.49667,-128.21194,0
-10.042822,-144.06621,0
-105.360664,-57.05318,0
109.90637,-37.121967,0
71.51435,140.74539,0
71.879776,140.81418,0
-79.03568,-118.13301,0
-0.5458723,62.15649,0
-72.756775,-128.59111,0
-8.88676,-150.95233,0
-106.05135,-65.45005,0
87.32661,-6.2842255,0
63.92839,144.9825,0
63.58553,145.551,0
11.432316,-91.577644,0
-83.02691,20.584066,0
13.899952,-93.760796,0
22.908129,-155.27533,0
-169.88406,-33.347763,0
138.0003,-31.5381,0
-44.034065,165.33011,0
-44.59414,165.76636,0
-31.857718,-72.34602,0
-63.375725,69.72588,0
-30.729893,-71.946686,0
53.14595,-166.4537,0
-172.0801,-65.41086,0
115.68939,-48.280556,0
8.753851,131.5047,0
8.584114,131.95236,0
-4.5419264,-33.917473,0
-22.880245,0.92172444,0
16.40435,-7.2194333,0
65.181885,-111.57573,0
-132.98166,-5.2509847,0
135.4248,6.9735875,0
-25.232555,88.940346,0
-25.340168,88.24472,0
16.19583,-46.25441,0
-43.817135,11.70184,0
36.814907,-28.039928,0
39.66545,-119.96492,0
-145.49144,8.591847,0
158.44626,8.6729555,0
-67.335724,104.32335,0
-68.476845,104.52965,0
18.120876,-57.67962,0
-51.154606,10.627427,0
45.453876,-35.08576,0
38.344048,-127.86844,0
-148.05424,7.101968,0
154.03534,-3.8857656,0
-64.402985,124.8442,0
-63.70641,124.68652,0
-2.871702,-89.89564,0
-89.58044,20.732275,0
36.25531,-87.16183,0
20.082449,-157.09334,0
-167.28026,-31.3528,0
136.01755,-23.894012,0
-22.561348,159.54742,0
-18.729954,155.93646,0
-4.0335603,-42.11402,0
-26.49676,14.316433,0
6.175117,-17.851282,0
56.642075,-126.46829,0
-126.95817,1.5094279,0
146.89828,3.676543,0
-38.26824,98.904335,0
-38.567593,98.31333,0
22.06302,-51.347713,0
-49.036182,14.183431,0
42.071827,-28.392881,0
43.286,-128.10721,0
-144.15663,7.25302,0
159.59152,5.9072394,0
-69.98665,111.67223,0
-68.27431,105.603,0
6.9956164,-86.38491,0
-91.718,4.35552,0
45.898205,-77.800674,0
15.558012,-154.20634,0
-163.92662,-25.70419,0
131.51118,-16.474705,0
-40.154343,173.95404,0
-42.73893,174.53174,0
-64.77894,-56.473152,0
4.53073,33.527348,0
-73.74247,-64.485756,0
100.23359,-136.95253,0
-147.742,-77.922424,0
107.860916,24.470709,0
44.883835,87.57621,0
43.51642,91.2516,0
-38.416485,-18.03393,0
1.499232,47.543884,0
-120.79284,36.646633,0
47.609673,-178.0668,0
-83.924675,-29.206503,0
116.612976,-71.935745,0
60.808353,73.307144,0
60.773655,73.213806,0
2.0177946,-80.1801,0
-87.65962,10.038506,0
40.33146,-74.64209,0
15.258275,-150.07625,0
-158.08266,-24.327349,0
131.50175,-18.186865,0
-31.99724,163.0788,0
-36.709145,160.197,0
-0.78720003,-32.025066,0
-26.333996,3.0821972,0
16.496191,-6.0226583,0
58.06261,-116.00867,0
-132.71626,-1.5799029,0
151.05962,15.467451,0
-32.229893,90.40974,0
-33.00572,89.97226,0
23.63622,-80.15696,0
-67.27816,20.878979,0
56.08988,-62.174145,0
34.445915,-147.73253,0
-182.73859,-13.305362,0
154.16135,-27.85501,0
-62.21072,156.68944,0
-63.74621,158.92789,0
-6.012081,-86.5117,0
-61.771137,26.852465,0
33.34443,-81.20226,0
27.258738,-159.44594,0
-145.83076,-21.933495,0
132.6067,-8.1314,0
-16.95837,150.75964,0
-34.18595,124.66472,0
2.6787941,-81.26586,0
-89.25863,8.7568445,0
45.29632,-79.69595,0
13.126724,-150.97707,0
-158.55975,-24.33622,0
132.57864,-19.072971,0
-30.744682,166.07266,0
-32.283516,166.14874,0
-83.67493,-113.130745,0
-3.683378,56.57802,0
-76.73351,-121.312935,0
-13.534893,-156.1748,0
-103.14438,-70.67384,0
81.15257,-11.5964575,0
61.08246,155.40718,0
60.69887,155.78447,0
-46.16704,-64.10079,0
-19.502686,39.482735,0
-41.570187,-65.500656,0
84.94993,-132.58383,0
-118.33199,-34.598434,0
105.91,15.929868,0
26.6688,105.36585,0
24.099031,104.599686,0
-22.246141,-28.00234,0
-4.231145,21.345543,0
-25.054546,-19.060099,0
78.21248,-109.59627,0
-110.6564,-18.198177,0
132.88106,24.663542,0
6.6886377,79.66137,0
6.947955,79.45188,0
-33.273712,-58.708942,0
-58.509197,66.491066,0
-33.958385,-63.143536,0
59.779682,-163.4065,0
-169.06084,-68.08023,0
113.21971,-56.76074,0
9.959743,121.588936,0
11.096099,121.98902,0
-32.27894,-45.326923,0
-28.060223,42.277233,0
-35.681984,-36.300632,0
75.31693,-145.3295,0
-106.12393,-32.000835,0
95.58165,14.80248,0
15.8091755,106.69083,0
55.091778,114.586914,0
-59.95911,-63.841106,0
1.6084303,27.855425,0
-59.673714,-66.49032,0
105.292885,-134.28326,0
-111.85479,-39.57517,0
98.231895,2.3313105,0
41.76451,104.87753,0
41.780125,105.25221,0
-45.77671,-75.66606,0
-17.092222,45.84737,0
-55.00716,-74.04206,0
99.64496,-115.24902,0
-119.34446,-44.036736,0
106.512,6.104508,0
32.301956,114.93859,0
32.02975,114.585915,0
22.073622,-52.875927,0
-43.66209,6.477507,0
41.807697,-33.524952,0
39.73118,-127.84343,0
-151.51785,5.197617,0
155.8554,1.455555,0
-64.163536,117.9612,0
-64.887764,118.79502,0
-12.140635,-110.77882,0
-80.54818,40.21392,0
0.98655695,-122.19946,0
-6.9641147,-174.53302,0
-151.01091,-43.571087,0
145.52856,-41.726414,0
-1.0303144,191.03186,0
-1.4369818,190.5332,0
125.14582,78.56401,0
71.72635,5.7037888,0
-139.15361,60.895863,0
-103.968216,64.00686,0
-56.98271,-30.840734,0
87.13483,-72.548775,0
122.20216,84.818985,0
122.19094,84.72613,0
-29.751085,-102.78655,0
-56.87321,39.44552,0
-54.382065,-123.94285,0
13.768981,-184.9121,0
-132.87064,-56.37473,0
107.92407,-15.565182,0
27.088276,163.29965,0
26.219093,164.00854,0
-14.759003,-121.818794,0
-81.430885,53.691456,0
-13.210615,-126.968414,0
-15.325992,-180.87898,0
-154.47067,-52.99238,0
116.75726,-38.050636,0
15.354593,199.68504,0
15.260159,199.04643,0
12.599,-33.24683,0
-33.82222,23.678352,0
24.155342,-23.136549,0
46.46372,-106.40966,0
-132.99608,18.405054,0
163.09048,21.669764,0
-52.299324,82.51685,0
-53.43293,83.40628,0
-44.060543,-94.11615,0
-47.250988,54.830658,0
-62.793236,-122.86283,0
29.491142,-183.7642,0
-120.51887,-67.55028,0
114.31967,-42.271576,0
30.56721,142.3708,0
31.416142,141.5578,0
-26.502407,-92.95127,0
-79.134575,54.33235,0
-11.78804,-128.97737,0
25.55733,-173.74544,0
-150.85368,-50.193607,0
123.46835,-26.08156,0
9.986893,194.93932,0
22.466097,176.56036,0
1.6438966,-56.957638,0
-45.08584,-1.8800192,0
0.06301427,-57.530457,0
32.87277,-111.10138,0
-161.34943,12.98185,0
176.03413,12.905243,0
-33.73607,112.28966,0
-33.930855,111.609024,0
0.35617334,-87.29599,0
-89.52787,16.213676,0
37.773014,-82.32555,0
12.008713,-147.13335,0
-157.2169,-32.06614,0
127.78292,-26.937304,0
-23.724628,162.93884,0
-18.705376,161.28261,0
-42.912434,-99.59951,0
-54.032944,47.39325,0
-51.258812,-129.70052,0
18.014084,-186.36813,0
-132.56107,-63.75028,0
100.14915,-20.190483,0
31.649622,156.17624,0
42.292534,161.69766,0
-11.063116,-91.01629,0
-86.95192,24.717196,0
33.443695,-82.41296,0
26.82052,-167.01978,0
-166.19131,-41.7092,0
135.2772,-43.723606,0
-6.4992094,156.3038,0
-5.3087564,156.07144,0
-34.024986,-59.023262,0
-58.88759,66.706665,0
-35.80702,-58.340134,0
59.748478,-162.42807,0
-167.24835,-68.00192,0
116.05603,-53.933384,0
9.59135,120.6699,0
10.651386,120.882835,0
5.6273704,-78.86381,0
-83.68798,6.4805446,0
41.032726,-69.52894,0
12.412927,-144.55215,0
-154.67706,-24.869125,0
135.04683,-18.501314,0
-29.44341,157.38513,0
-31.808422,150.52333,0
-27.677446,-77.27668,0
-68.98028,69.320656,0
-26.095102,-74.13286,0
48.313057,-163.88391,0
-171.8095,-58.734062,0
124.61159,-48.851715,0
2.1229153,131.33043,0
3.559379,130.51503,0
-8.8705015,-42.651157,0
-16.259634,10.228843,0
6.172114,-9.010522,0
67.27561,-122.40353,0
-122.2268,-6.429195,0
138.12598,12.239323,0
-12.688691,95.74053,0
-15.2319765,96.09812,0
122.82258,92.72656,0
25.945808,23.033218,0
-140.62506,60.806015,0
-104.70558,61.453514,0
-56.332157,-33.942867,0
88.12137,-75.2216,0
120.73606,91.09953,0
120.75912,91.20593,0
7.9659066,-38.682507,0
-36.914993,10.995176,0
25.859747,-17.906326,0
48.208817,-113.22536,0
-138.07407,10.912757,0
161.14781,12.086745,0
-59.55276,93.458,0
-60.757206,86.5249,0
-1.3804656,-93.22987,0
-91.5409,17.494886,0
40.55548,-85.737274,0
18.507915,-160.71935,0
-166.7498,-37.602184,0
125.91532,-30.546797,0
-16.100939,164.0609,0
-16.775614,164.49297,0
-46.591663,-84.33315,0
-9.800012,53.644985,0
-59.09041,-80.16681,0
106.816986,-122.62487,0
-115.09206,-50.68585,0
107.63171,-1.6872139,0
35.71933,128.51816,0
36.215965,129.84499,0
-30.621016,-44.336155,0
-27.02531,40.687473,0
-33.3419,-38.39944,0
75.13761,-143.69278,0
-107.872795,-32.703598,0
102.61608,13.643488,0
13.7652025,104.73728,0
13.695567,103.65205,0
-16.434603,-31.294025,0
-11.243032,13.200374,0
-4.388414,-3.582898,0
74.98762,-119.58938,0
-117.498726,-9.164363,0
135.5216,20.382788,0
-6.023691,84.70679,0
-5.155135,84.11658,0
126.27874,76.54893,0
70.63093,8.093205,0
-124.51622,63.99475,0
-105.12005,65.92571,0
-53.00679,-29.422382,0
85.106514,-68.0227,0
111.53231,76.59623,0
111.60653,77.69132,0
-1.8227162,-70.269325,0
-74.487785,-0.22227687,0
35.444874,-62.41454,0
63.724613,-147.94983,0
-109.0781,-0.5656757,0
129.80344,-10.451964,0
-27.471956,141.10472,0
-27.719055,139.3265,0
-21.377573,-55.68229,0
-62.73173,56.755203,0
10.381633,-1.6149018,0
51.97955,-151.7193,0
-161.31993,-45.267242,0
142.62488,-33.822823,0
-7.80838,115.344955,0
-6.90372,115.4078,0
-46.348923,-65.90153,0
-18.76051,41.315002,0
-49.4465,-67.542755,0
86.987144,-133.68378,0
-121.610374,-36.92362,0
109.809456,9.6120615,0
28.300163,105.63117,0
29.068407,104.594604,0
21.440592,-54.50384,0
-53.417576,10.069268,0
45.543774,-38.0164,0
34.27033,-134.27415,0
-152.73277,9.382125,0
151.75171,1.6342216,0
-61.60251,124.067276,0
-60.892582,124.56237,0
2.4240108,-37.85786,0
-28.435104,6.0326366,0
21.868908,-14.03666,0
55.98513,-115.85554,0
-132.92505,3.9448576,0
148.3829,9.779833,0
-36.21433,95.22117,0
-32.317142,84.34783,0
70.414505,21.922384,0
14.928634,17.269417,0
71.67997,21.35301,0
71.186905,-82.92188,0
-86.38579,-9.936664,0
175.41396,-36.06357,0
58.649525,58.699646,0
59.26656,59.441425,0
96.73693,90.31531,0
30.750559,32.237713,0
-133.97021,50.21515,0
-108.008835,48.4547,0
-68.32051,-34.265606,0
100.789246,-82.99551,0
89.73634,107.416405,0
89.910324,108.155846,0
9.988337,-25.405691,0
-31.465654,20.496403,0
18.5039,-23.720398,0
54.830647,-100.451935,0
-126.51629,17.83143,0
168.92874,19.752937,0
-45.03816,86.953545,0
-45.175034,87.31463,0
-20.141953,-123.08229,0
-87.67842,54.69024,0
-20.384016,-127.195984,0
-16.414335,-188.68993,0
-157.71332,-55.017876,0
121.06611,-30.612522,0
25.856804,202.09193,0
26.229958,202.49677,0
-22.743202,-23.474173,0
-5.6103215,19.299795,0
-22.489946,-19.297869,0
79.77266,-108.51079,0
-109.21388,-17.446836,0
128.06195,26.566973,0
4.0903306,79.59335,0
5.2509446,73.957,0
17.938482,-48.397182,0
-44.63388,10.6629505,0
39.044643,-29.639816,0
42.173584,-119.459656,0
-149.54301,13.283461,0
154.10667,6.1667204,0
-65.21839,106.577774,0
-67.60391,102.42092,0
-49.764133,-81.28378,0
-13.324246,52.60769,0
-60.77755,-76.18945,0
102.763176,-123.4363,0
-113.537544,-48.059437,0
105.096756,-0.26389065,0
36.48601,124.07205,0
38.70366,123.9965,0
-16.80969,-64.02077,0
-70.741806,55.496716,0
-21.00175,-66.547,0
46.553448,-156.04553,0
-163.52742,-52.75662,0
129.89456,-50.616352,0
-9.460287,130.15108,0
-8.759273,124.452034,0
-85.22923,-120.577354,0
4.0036144,63.15528,0
-78.49573,-129.56683,0
-8.706406,-146.44402,0
-106.49486,-60.411076,0
89.130585,-2.6781054,0
70.40783,143.2979,0
70.911804,143.9126,0
91.95981,65.98953,0
59.72343,-0.85409576,0
-126.42884,71.202446,0
93.51602,66.96167,0
-52.158062,-21.086084,0
87.77152,-61.82842,0
94.254036,69.03162,0
93.91426,68.661385,0
70.31946,26.014795,0
16.752008,18.710546,0
70.891045,26.08645,0
72.69209,-81.262634,0
-84.3721,-11.30774,0
175.2579,-38.44055,0
60.741127,54.874397,0
60.80606,54.793797,0
-22.374058,-99.415855,0
-62.536713,37.26485,0
-43.30547,-134.10101,0
6.548049,-176.35962,0
-137.02376,-49.371246,0
114.359886,-12.777046,0
12.42592,170.34111,0
11.044629,173.37433,0
-18.669704,-102.17141,0
-66.38148,33.39676,0
47.0206,-86.70999,0
7.687054,-170.68178,0
-137.15253,-41.397095,0
121.40903,-16.449074,0
2.0286467,168.71889,0
0.44895592,168.52794,0
-27.258772,-46.74235,0
-29.635391,38.431564,0
-31.495852,-38.71335,0
70.56136,-142.49101,0
-111.12329,-29.469877,0
131.20413,10.840797,0
10.858505,109.86699,0
11.579597,110.06947,0
-25.860151,-91.04787,0
-76.32459,56.95291,0
-15.007561,-131.86938,0
28.468843,-171.3495,0
-161.33492,-54.13797,0
118.91636,-42.535095,0
11.547282,148.75833,0
11.607536,147.76826,0
-37.766712,-102.89531,0
-55.765903,47.4274,0
-46.363815,-127.582184,0
17.690466,-183.51477,0
-131.01662,-63.21718,0
103.12287,-18.30142,0
30.815767,159.52658,0
29.216892,162.75436,0
28.406565,-58.795513,0
-58.34959,12.641834,0
47.962807,-64.713165,0
35.97903,-137.3089,0
-168.55179,-10.997315,0
168.47878,-12.538406,0
-71.48717,131.99745,0
-73.23598,134.36052,0
5.442365,-80.42358,0
-84.78866,3.6661797,0
40.555183,-71.715004,0
8.21055,-147.42992,0
-160.89842,-26.928013,0
134.2399,-24.626862,0
-32.37031,154.91902,0
-33.459312,155.83882,0
-38.905212,-94.3407,0
-56.996777,54.699955,0
-50.92633,-114.90285,0
26.41508,-179.41565,0
-133.85667,-60.67225,0
105.586105,-21.644918,0
22.904161,146.45497,0
22.086943,145.69247,0
21.270557,4.7869525,0
3.0675209,17.03771,0
21.483402,0.3894265,0
71.79078,-96.111565,0
-98.85084,-10.915887,0
132.52252,10.274718,0
22.645674,76.41846,0
24.776888,76.45465,0
-21.87516,-100.65967,0
-62.10439,35.57891,0
-42.43314,-135.81967,0
7.531786,-172.14973,0
-132.96127,-44.005272,0
116.28575,-13.237886,0
10.473268,168.92918,0
10.3777075,170.65562,0
-67.5299,-53.909924,0
4.7020664,35.714176,0
-75.29829,-61.52245,0
99.27883,-140.63979,0
-146.45001,-76.294655,0
105.37272,27.307047,0
49.7367,89.64024,0
50.698788,89.46948,0
-76.13947,-83.50201,0
-28.357067,60.38109,0
-78.419586,-83.95805,0
85.46281,-158.35037,0
-92.59477,-45.762325,0
86.49858,15.585702,0
56.58284,110.22675,0
56.316044,109.56649,0
11.873253,-82.11781,0
-78.988106,14.240655,0
47.908184,-70.27385,0
21.236536,-145.30426,0
-168.44891,-20.99206,0
145.70622,-21.995834,0
-38.80799,156.34077,0
-41.454056,158.47536,0
123.09463,93.53663,0
27.019436,22.083448,0
-140.8463,60.58112,0
-104.74442,60.9581,0
-56.482178,-34.683796,0
88.30219,-75.82427,0
120.10271,92.13013,0
120.09448,92.05983,0
-22.242872,-80.8584,0
-73.76829,69.959625,0
-20.356407,-76.18738,0
41.08612,-164.63771,0
-177.55489,-49.968845,0
127.49521,-46.435097,0
0.0025331108,138.99008,0
0.18629195,139.75002,0
-2.9173074,-31.681318,0
-21.724209,4.4939647,0
15.787752,-5.807471,0
62.664715,-116.96816,0
-127.02038,-10.812467,0
134.71295,9.495144,0
-24.495392,92.88424,0
-24.363186,91.959366,0
-1.219364,-36.393433,0
-35.857666,0.086738504,0
23.337255,-8.874289,0
60.313274,-111.24556,0
-140.9788,-3.1642962,0
151.54529,11.931965,0
-30.95498,96.8801,0
-31.895758,96.11691,0
-4.7769737,-30.466276,0
-20.550385,1.1782787,0
14.414357,-7.4965124,0
63.93123,-113.74357,0
-133.54477,-9.532846,0
133.46146,9.155378,0
-25.815851,98.798294,0
-26.775173,99.650925,0
-46.159534,-56.561913,0
-13.640731,34.05495,0
-45.69371,-47.885105,0
86.88636,-124.31558,0
-119.09566,-29.72809,0
113.78425,14.458848,0
24.994724,91.69051,0
24.14725,90.5256,0
-9.470644,-117.630104,0
-76.07296,49.27486,0
-8.438178,-120.874306,0
-14.661339,-175.3514,0
-157.2458,-49.005474,0
137.44666,-49.331856,0
6.2766323,200.5091,0
5.6111913,201.1652,0
-15.410435,-115.912,0
-81.194046,48.114555,0
-6.983182,-128.12222,0
-10.37597,-178.29869,0
-152.37059,-48.683636,0
142.3349,-41.97789,0
7.985753,195.15842,0
7.4878774,194.83818,0
-45.36686,-39.807117,0
-23.827164,52.071194,0
-43.834602,-38.38925,0
89.485146,-112.56857,0
-89.203995,-44.417137,0
97.41484,18.709185,0
57.505394,103.585236,0
57.327854,103.676,0
43.907196,-2.8158693,0
9.903706,52.10354,0
45.956505,-2.4341505,0
-92.532845,83.188354,0
-98.08218,-22.414328,0
144.37645,-69.77909,0
37.08039,54.056404,0
36.84128,54.21613,0
44.713573,15.613095,0
16.051071,47.92129,0
-107.579735,81.67313,0
56.669262,20.373718,0
-73.36777,-21.800941,0
136.14351,-80.86741,0
48.100533,32.99365,0
47.791138,33.49629,0
-47.29602,-79.60342,0
-13.450115,50.81803,0
-57.976807,-76.66928,0
103.43351,-120.46316,0
-115.08647,-47.06418,0
106.092285,1.9081398,0
34.56419,122.28459,0
32.974514,122.44346,0
-17.651495,-27.573317,0
-8.534797,17.117344,0
-19.249174,-14.037104,0
81.23141,-110.45493,0
-113.31765,-14.601728,0
128.79922,20.08007,0
-0.86734986,80.740845,0
-1.3124992,80.38601,0
-31.899197,-48.248634,0
-29.838709,42.807007,0
-34.49511,-40.745033,0
73.18021,-145.91,0
-110.1752,-7.5841155,0
119.29831,7.728295,0
14.650859,110.33197,0
13.985608,110.17492,0
-11.734601,-56.294834,0
-35.41874,35.250187,0
-12.122692,-49.771782,0
63.384354,-141.55338,0
-114.837,0.8082779,0
143.5487,25.273201,0
-15.690098,116.96319,0
-15.099765,114.73482,0
16.32446,-68.31209,0
-64.88797,0.48971003,0
48.84769,-49.16888,0
19.68058,-128.49057,0
-171.77425,0.29065308,0
154.1463,-16.339655,0
-49.92877,138.79575,0
-51.035877,139.1384,0
-28.637497,-30.91532,0
-11.161955,27.579199,0
-33.687843,-22.99151,0
84.311905,-116.99869,0
-114.79727,-25.348993,0
119.85485,21.374722,0
16.55633,84.73244,0
17.398666,84.128654,0
-0.8212007,-91.293884,0
-87.9035,16.20052,0
41.535248,-83.974594,0
19.594753,-156.98509,0
-165.98187,-32.66769,0
127.823906,-27.938065,0
-21.119469,163.91318,0
-20.61216,164.71808,0
15.484797,-41.94787,0
-38.936485,11.024624,0
35.470795,-27.449503,0
47.187122,-112.226685,0
-137.8452,11.794439,0
160.8362,13.465376,0
-61.29155,93.71853,0
-60.904266,85.60558,0
43.459045,-3.162128,0
-44.253567,4.7483926,0
45.46346,-1.8487142,0
-91.67881,83.124115,0
-151.77989,4.009309,0
144.90634,-68.99553,0
37.703495,54.48909,0
37.359303,54.928688,0
-5.001389,-38.464684,0
-23.729698,10.905756,0
7.1115546,-14.108387,0
60.139595,-123.9956,0
-127.7268,-2.0436385,0
145.61191,10.961418,0
-19.492535,85.50342,0
-24.487486,80.69708,0
23.581709,-60.309345,0
-56.26235,20.345116,0
53.25768,-40.257362,0
37.037395,-135.34636,0
-147.30473,-21.547586,0
170.07837,-7.743337,0
-64.15201,136.54855,0
-63.491364,136.17606,0
48.028763,8.52877,0
11.598252,46.440197,0
49.148388,6.801918,0
-103.39214,80.942986,0
-98.93809,-24.547417,0
139.85736,-77.11049,0
43.92564,40.14202,0
44.396946,39.95419,0
-31.554197,-58.341194,0
-60.40571,66.111015,0
-31.117264,-64.48784,0
57.046375,-160.62411,0
-167.25229,-66.18621,0
114.94832,-55.682983,0
7.1538115,121.68275,0
6.5403237,122.020226,0
-20.663029,-108.47772,0
-70.589745,40.840706,0
-32.047836,-135.69482,0
-0.90943515,-178.55942,0
-141.39912,-46.12372,0
116.76307,-20.647757,0
8.214427,179.69969,0
7.272347,179.50308,0
1.0754548,-83.55763,0
-85.139984,8.367763,0
38.633415,-78.17755,0
12.543501,-147.16275,0
-154.5629,-28.988365,0
130.06708,-21.353704,0
-26.544909,163.05873,0
-27.393494,163.48064,0
19.234234,-84.10521,0
-72.40779,21.132032,0
57.20554,-68.49105,0
31.031143,-150.95685,0
-182.69261,-18.320702,0
148.92697,-30.843172,0
-52.26905,160.96153,0
-52.08032,162.2398,0
43.178326,11.828291,0
11.889847,44.76489,0
-102.55272,85.39321,0
59.403744,16.360106,0
-70.65822,-23.79112,0
141.78801,-80.33153,0
49.419785,42.56124,0
48.551865,43.129055,0
-39.73327,-45.419548,0
-24.295984,47.54,0
-40.805695,-42.90993,0
83.20839,-146.89453,0
-102.8703,-37.392838,0
102.57488,16.910543,0
51.47634,101.89568,0
51.427174,102.04838,0
22.017757,-82.28557,0
-69.56934,22.763424,0
53.574154,-61.683628,0
33.936893,-151.63591,0
-184.10974,-16.421156,0
150.34315,-31.819176,0
-57.144375,156.68907,0
-58.284935,156.68095,0
-13.465689,-117.66815,0
-80.21348,49.753418,0
-8.484849,-125.1339,0
-11.975875,-177.70079,0
-154.80003,-50.354324,0
122.44971,-33.852215,0
9.816604,198.00868,0
6.055133,196.98169,0
0.20992859,-28.04682,0
-22.97709,6.3022866,0
15.179654,-3.3526573,0
58.374504,-120.74425,0
-129.01793,-4.3063054,0
142.5138,4.612561,0
-30.182137,95.26856,0
-30.947014,94.7902,0
17.965986,-82.17291,0
-65.98123,21.246956,0
57.758373,-66.931984,0
35.940956,-149.78339,0
-178.75896,-17.020147,0
150.34999,-27.953045,0
-62.166065,150.13623,0
-57.261414,163.5977,0
3.280714,-61.295753,0
-51.81028,-3.1714678,0
-0.25063747,-62.356724,0
28.03308,-117.84963,0
-155.86505,-5.945575,0
157.23529,-13.505044,0
-30.947557,123.77579,0
-30.143988,123.0341,0
9.653249,-82.288826,0
-80.46991,16.167862,0
44.839054,-68.80293,0
22.292719,-149.56628,0
-169.0909,-26.278627,0
141.91612,-27.559635,0
-38.929546,154.86594,0
-38.545486,154.01796,0
-24.4652,-33.795963,0
-11.813464,23.860092,0
-27.99474,-22.603584,0
83.94433,-113.01076,0
-112.285164,-22.460936,0
123.84161,12.335892,0
8.494438,90.20131,0
8.773309,90.24914,0
-47.073143,-87.88696,0
-52.627766,63.28586,0
-59.078926,-82.85738,0
56.82374,-168.70258,0
-114.35268,-54.54432,0
112.132545,-49.045116,0
29.554998,132.00937,0
29.742096,133.64359,0
-2.01742,-88.21059,0
-87.98586,20.437403,0
36.45703,-85.80424,0
24.394457,-157.88039,0
-164.86978,-15.550833,0
149.83987,-18.42918,0
-17.899218,156.44368,0
-19.125172,157.23541,0
116.98521,46.062195,0
61.604324,-11.631311,0
-120.17273,84.34966,0
130.97798,52.111454,0
-51.917458,-12.281977,0
74.793846,-54.184986,0
134.23193,52.9743,0
134.74184,52.714493,0
98.694084,89.918144,0
32.517456,33.136723,0
-132.71135,46.10422,0
-106.32179,46.20112,0
-70.54261,-36.541122,0
101.99491,-80.23836,0
94.01059,109.98977,0
93.63049,110.08342,0
-18.3335,-61.611042,0
-66.64694,54.909004,0
-18.877897,-64.553566,0
50.43644,-97.74017,0
-167.03732,-55.766445,0
179.3089,15.995056,0
-6.2876186,129.60228,0
-6.129519,129.7266,0
88.80292,33.910175,0
66.844696,-9.326361,0
89.67456,32.785713,0
81.348885,51.46949,0
-66.148056,-14.444058,0
85.01601,-45.95865,0
81.61398,41.564476,0
81.39096,41.71102,0
7.6675515,-29.81091,0
-27.517612,21.502645,0
14.551516,-19.612766,0
53.87625,-106.3432,0
-127.99683,14.673532,0
158.18024,23.310486,0
-43.079453,74.02668,0
-42.647884,71.889694,0
-17.31507,-115.659904,0
-92.33723,51.445137,0
-29.067493,-123.39251,0
-9.80168,-181.84227,0
-149.12575,-51.915985,0
117.88991,-30.948109,0
30.564495,195.26259,0
30.726107,194.87875,0
-40.524155,-82.48099,0
6.506743,22.100832,0
-71.10709,-132.6008,0
77.58196,-94.540886,0
-106.893616,-54.961567,0
168.55486,-32.27234,0
26.408106,123.700905,0
26.093184,77.9807,0
-36.52448,-77.4592,0
6.499018,55.50824,0
-36.548607,-77.379875,0
-3.3117323,-145.459,0
-99.271614,-59.11707,0
114.9755,0.40275162,0
21.172546,121.58104,0
20.986366,121.3597,0
-10.015672,-41.845104,0
-22.15006,14.848401,0
1.9026688,-14.724134,0
61.355434,-129.29443,0
-125.22464,-1.1421739,0
140.6361,7.7960033,0
-10.960187,99.59279,0
-11.633999,99.54985,0
3.5931873,-81.6244,0
-87.6606,7.3472285,0
41.914444,-76.99898,0
13.245778,-148.4738,0
-156.21558,-23.663183,0
134.09325,-20.571318,0
-30.66662,167.8501,0
-30.32381,168.75526,0
19.431925,-75.057106,0
-67.33407,15.801996,0
53.437553,-58.808132,0
33.271004,-145.18834,0
-185.66956,-9.400442,0
151.80907,-23.374065,0
-60.198486,151.33119,0
-69.70888,152.43259,0
44.980537,12.691598,0
12.620261,48.535465,0
-104.552,84.23438,0
58.85885,18.344553,0
-70.8719,-22.23567,0
139.41277,-78.89558,0
47.235268,39.77168,0
46.54465,39.31632,0
-32.401913,-99.85989,0
-51.36388,37.899933,0
-41.971874,-119.66041,0
12.929427,-180.7005,0
-127.02096,-49.851177,0
122.52238,-26.398294,0
14.972692,158.77191,0
15.209773,160.11067,0
-56.549297,-57.52244,0
-6.341285,39.06761,0
-55.606308,-51.422585,0
93.07768,-133.57413,0
-126.00968,-32.843044,0
117.40587,9.030447,0
36.386543,96.64985,0
36.52538,96.137596,0
-13.08595,-119.35208,0
-79.879036,51.52565,0
-7.090698,-124.50053,0
-13.372928,-178.33179,0
-155.22247,-49.274372,0
119.89581,-35.927185,0
10.32372,200.11194,0
9.281499,200.78278,0
-6.1549044,-86.60921,0
-87.74416,24.910069,0
33.79107,-81.23966,0
27.554863,-159.59683,0
-162.12842,-36.314007,0
131.80865,-31.93674,0
-16.796455,150.15323,0
-17.289616,149.28998,0
-32.075844,-98.50004,0
-50.190594,37.802414,0
-41.59252,-117.85878,0
11.89373,-180.97057,0
-126.2151,-49.5179,0
99.148705,-28.26374,0
12.985488,157.90356,0
12.7670965,158.3106,0
13.369284,-78.30858,0
-71.87803,11.256383,0
45.816536,-63.628696,0
23.620928,-139.09534,0
-160.9275,-11.821416,0
138.22359,-15.556916,0
-40.82775,145.06439,0
-42.11148,149.4033,0
-9.081338,-58.580666,0
-52.25698,29.257393,0
-2.0198112,-66.41857,0
58.43974,-139.00749,0
-153.876,-6.9386725,0
142.15489,-11.652152,0
-18.939138,124.5321,0
-17.913742,124.64183,0
-47.779373,-83.403854,0
-11.03455,53.706455,0
-60.930424,-78.38766,0
105.67213,-123.17033,0
-113.96413,-50.49093,0
105.96615,-3.335158,0
35.118298,127.27195,0
34.521374,127.1847,0
1.6029618,-79.78114,0
-87.40411,9.437602,0
41.123787,-75.30274,0
15.873262,-150.11786,0
-159.30522,-21.664099,0
132.04095,-23.358389,0
-32.85709,163.16629,0
-28.664635,166.6774,0
20.352835,-79.13471,0
-68.92369,19.526342,0
57.748535,-61.731014,0
32.841797,-149.8584,0
-183.45807,-13.670693,0
149.42838,-29.192207,0
-61.049057,156.09193,0
-64.108086,160.98555,0
-19.74163,-81.46097,0
-75.84672,71.63572,0
-17.714685,-76.7367,0
39.24043,-165.7011,0
-180.24507,-48.917053,0
130.61877,-46.06721,0
0.2666851,143.27336,0
-1.0232037,142.18297,0
0.8283565,-71.36315,0
-76.69944,5.1858954,0
41.74062,-66.88209,0
16.829638,-138.49472,0
-153.11183,-19.726677,0
134.66016,-11.176288,0
-34.407322,144.90155,0
-35.06432,145.90228,0
-46.2986,-59.365337,0
-14.306464,36.938442,0
-45.40741,-50.911495,0
89.308235,-123.85793,0
-117.19238,-29.772932,0
110.84397,14.40234,0
25.244133,95.29262,0
24.9485,95.797005,0
2.9935658,-60.213753,0
-50.660217,-3.5141463,0
0.33371142,-62.24666,0
27.650354,-115.174576,0
-164.6292,9.586398,0
177.15742,-6.2751637,0
-29.357296,121.567535,0
-29.68951,121.74765,0
15.439886,-75.966064,0
-70.517685,14.8276005,0
48.953236,-60.79306,0
29.449461,-144.38947,0
-178.3807,-16.358227,0
149.9464,-26.542913,0
-53.34974,150.17651,0
-53.418728,150.01929,0
-69.917305,-90.68775,0
-32.543987,53.317318,0
-77.51292,-94.12816,0
77.131615,-154.9536,0
-100.80124,-42.922047,0
90.50442,8.71125,0
63.23851,118.17577,0
65.95495,114.81136,0
3.4756074,-53.1135,0
-44.532486,28.449766,0
-0.3128572,-52.721695,0
55.21204,-131.48224,0
-140.61896,-14.439511,0
159.29703,-5.6220474,0
-38.048637,111.01952,0
-35.532085,108.181656,0
-29.71686,-115.30867,0
-89.876434,42.89672,0
-35.50629,-127.43378,0
-2.325963,-186.54211,0
-146.82092,-56.05309,0
109.536316,-25.498043,0
26.710072,180.43896,0
27.05943,178.25432,0
20.530865,-57.352993,0
-49.708893,16.572239,0
48.716103,-34.042126,0
40.201122,-131.30386,0
-141.95053,10.830421,0
163.59543,7.1641307,0
-68.23877,111.10824,0
-71.78507,122.292435,0
-21.254425,-41.72123,0
-17.592415,25.400114,0
-11.169346,-13.485122,0
74.844154,-132.9193,0
-129.31047,-23.032885,0
123.59165,7.2869616,0
0.7354152,103.68757,0
1.5563035,103.2099,0
67.753716,27.396772,0
16.792992,20.022812,0
67.5607,27.932623,0
73.816345,-81.78489,0
-84.40136,-12.341308,0
173.89754,-38.51228,0
59.757023,52.638214,0
59.665813,52.54988,0
22.942553,-61.177994,0
-56.28678,18.379564,0
52.377106,-40.44112,0
22.366997,-134.44174,0
-166.1312,-2.5783885,0
167.0191,-1.1775132,0
-61.18805,134.76105,0
-62.098213,134.24269,0
125.21781,78.585686,0
71.78408,5.704723,0
-139.2398,61.018116,0
-104.14346,63.96197,0
-56.96259,-30.878696,0
87.14461,-72.55959,0
122.41466,85.07897,0
122.326965,84.97631,0
5.4665623,-96.87592,0
7.6325,12.026894,0
41.66433,-64.932785,0
6.809158,-143.4716,0
-160.15768,-35.03522,0
132.18968,-29.989805,0
-23.435862,152.93399,0
-23.237774,149.97708,0
-29.177603,-97.199875,0
-53.46266,35.691483,0
-38.441193,-114.3744,0
-5.8919516,-162.59344,0
-130.22006,-44.66272,0
153.8242,-17.835424,0
11.198001,161.95686,0
11.971672,161.40865,0
-16.766014,-30.295395,0
-11.66773,11.198059,0
-20.842554,-15.682469,0
72.18637,-118.74803,0
-121.16829,-10.5498705,0
135.47429,15.748087,0
-8.391796,86.98644,0
-10.00816,81.34081,0
43.595814,-5.912271,0
-64.70854,24.389406,0
45.21779,-7.3884163,0
-86.84957,83.0219,0
-174.25728,-12.375576,0
146.71344,-67.330574,0
34.892555,58.017788,0
34.770107,58.211697,0
-18.81046,-39.079266,0
-21.319895,26.544216,0
-10.80262,-7.9469223,0
83.58329,-146.57881,0
-127.93463,-19.42714,0
126.424255,8.852565,0
4.606983,104.643456,0
4.393866,105.724174,0
-30.987661,-44.84806,0
-27.242632,40.871494,0
-33.81937,-37.8203,0
75.08643,-143.88246,0
-107.63011,-32.26153,0
101.49625,13.851332,0
14.323417,104.85196,0
14.384906,104.11591,0
-26.96824,-48.949516,0
-31.338217,38.514923,0
-29.52905,-37.819656,0
69.05754,-143.42503,0
-107.645226,-7.0539265,0
134.92831,-7.244672,0
10.208792,112.2223,0
11.014467,111.78718,0
-44.396305,-80.479866,0
-45.532753,41.39943,0
-59.5657,-109.85864,0
96.88852,-116.49269,0
-121.31904,-46.958645,0
110.303696,-2.0622067,0
37.53065,135.59328,0
38.289047,136.45752,0
-0.8718435,-38.96683,0
-28.57612,10.322103,0
9.373201,-13.192912,0
60.529087,-108.85768,0
-138.00761,-10.977863,0
142.94968,-0.31496,0
-30.992876,102.54082,0
-19.464529,78.76585,0
-19.944263,-113.2909,0
-64.09916,42.698288,0
-24.50783,-137.96071,0
5.360095,-182.79733,0
-158.13982,-41.888153,0
122.83579,-28.107748,0
19.915615,176.46669,0
19.4283,176.51225,0
-31.708021,-102.7069,0
-54.919563,39.693153,0
-39.98892,-117.25544,0
10.860035,-187.71445,0
-131.37688,-48.476772,0
107.560265,-12.940083,0
21.606602,164.68427,0
22.319416,164.75969,0
16.32529,-46.86529,0
-46.711857,13.316142,0
38.300903,-28.650911,0
40.107803,-121.033615,0
-144.06348,9.285705,0
160.21542,8.228716,0
-65.69028,110.4784,0
-65.09312,111.07856,0
43.419,13.86374,0
14.372786,50.539814,0
-105.00906,83.65446,0
58.10922,18.892637,0
-71.97418,-22.976358,0
139.0228,-80.38603,0
49.25777,38.679543,0
49.314205,38.530922,0
-17.414951,-45.577282,0
-15.240194,20.51562,0
-6.9550147,-6.962811,0
69.885345,-135.7672,0
-132.6746,-20.56493,0
125.91595,0.9592186,0
1.7505447,110.14935,0
3.4823961,109.67301,0
-30.175083,-48.199543,0
-30.162336,41.271168,0
-36.111046,-38.997208,0
71.73433,-145.54802,0
-111.43577,-5.286672,0
140.51024,20.090557,0
14.896757,108.80961,0
14.450175,107.85898,0
4.095045,-37.32251,0
-31.09563,2.0460684,0
22.389055,-16.426811,0
54.349716,-112.21894,0
-137.72513,0.8682953,0
153.482,16.912191,0
-31.874464,79.572235,0
-32.507202,79.99793,0
21.003492,-35.51178,0
-34.74336,14.435494,0
27.94547,-26.633862,0
41.094658,-111.31501,0
-133.34042,14.966825,0
161.9977,17.26188,0
-64.55183,88.39551,0
-67.74074,86.096565,0
-0.09856537,-76.241135,0
-79.967705,3.4153674,0
36.89524,-69.34263,0
14.993354,-142.6494,0
-158.31297,-22.151506,0
132.72922,-14.480105,0
-30.45006,147.65437,0
-29.100473,147.10475,0
-8.332397,-61.082775,0
-56.62314,28.810312,0
-6.6420217,-65.645096,0
56.66929,-144.2532,0
-140.42184,-19.317877,0
131.62317,13.57949,0
-22.448671,128.69821,0
-22.353899,129.75519,0
-17.230822,-117.34703,0
-77.46955,52.467243,0
-11.467348,-124.074936,0
-17.068645,-177.8311,0
-158.7498,-51.93101,0
115.08896,-37.492294,0
15.963738,192.39015,0
16.162819,191.49678,0
-68.19407,-91.929825,0
-34.17867,52.771603,0
-72.79152,-96.83424,0
76.22893,-156.11171,0
-102.066444,-43.458504,0
90.99601,7.414925,0
65.71799,122.87431,0
64.612305,125.72726,0
-16.14205,-33.006413,0
-12.006613,14.242618,0
-4.932525,-2.9636543,0
76.07316,-120.39293,0
-119.576355,-14.384006,0
100.182785,7.9261394,0
-4.000377,85.19262,0
-3.877518,84.33639,0
18.719948,-39.25591,0
-38.372334,15.731635,0
31.728554,-21.92711,0
43.935425,-114.43929,0
-137.71162,14.945789,0
164.29662,13.423196,0
-58.52689,91.892395,0
-58.886154,92.12302,0
-24.220697,-99.52065,0
-61.11372,38.38704,0
-45.149475,-134.11143,0
7.8290133,-177.06038,0
-135.41727,-48.26941,0
113.22495,-10.575166,0
14.438493,170.11647,0
14.589248,170.90395,0
40.034985,-2.6614172,0
-20.113188,22.442356,0
39.328125,-1.8656536,0
-88.96127,83.477905,0
-127.22003,-17.089539,0
142.8345,-67.86553,0
40.870968,57.696877,0
40.822536,58.019512,0
-9.9355755,-86.2981,0
-85.84429,16.25724,0
42.743206,-89.42191,0
20.507421,-154.50217,0
-164.95341,-27.75626,0
125.982635,-20.851233,0
-33.5806,163.99611,0
-6.358254,154.1708,0
-18.772444,-28.270771,0
-9.676869,17.978292,0
-21.207226,-13.919454,0
75.26059,-112.54324,0
-115.33833,-14.440195,0
131.70578,21.486372,0
-3.365056,79.22086,0
-3.4748418,78.8602,0
-1.2767464,-39.741776,0
-26.647394,8.95415,0
10.126145,-13.945278,0
69.65287,-113.1586,0
-139.16823,-7.2362576,0
153.35587,24.968643,0
-31.878891,101.42791,0
-14.402978,79.24419,0
11.811694,-68.33465,0
-56.8102,2.2679954,0
42.534794,-55.338467,0
27.614803,-123.210785,0
-149.27997,-6.3536615,0
144.65663,-1.9783353,0
-38.19953,126.93273,0
-42.86361,134.02364,0
10.758701,6.8255434,0
14.735176,34.278896,0
-16.300905,-7.656375,0
31.70307,-101.04903,0
-89.858154,-35.618195,0
97.88684,25.107569,0
20.862785,62.427773,0
20.822226,62.508366,0
8.13806,-45.16633,0
-40.22847,20.764769,0
7.541867,-11.154927,0
58.866055,-126.99924,0
-142.60988,-0.6551732,0
150.10863,5.505577,0
-54.91752,105.1292,0
-17.951979,107.91028,0
-18.661558,-43.26195,0
-16.68889,21.890202,0
-7.907624,-10.6860895,0
70.844246,-134.76077,0
-132.41394,-19.860703,0
125.22928,4.408648,0
0.1185249,107.875175,0
-2.0792613,107.99138,0
95.0392,53.270046,0
66.43492,-0.96027505,0
94.7837,53.21203,0
88.899284,51.34114,0
-59.45259,-18.888008,0
85.74453,-51.731842,0
92.126686,48.759865,0
92.19222,48.55507,0
7.085556,-54.492813,0
2.9845808,12.431328,0
32.44375,-39.375507,0
54.888874,-130.19223,0
-148.17192,-4.0576415,0
143.70113,-1.3377187,0
-38.410015,115.305214,0
-38.677414,115.750206,0
-22.247684,-120.0024,0
-87.80607,49.783062,0
-22.235777,-130.95789,0
-11.133015,-187.02881,0
-151.44315,-59.08551,0
112.90129,-33.146896,0
23.911161,193.92467,0
24.252878,193.44997,0
12.542356,-28.389376,0
-29.040821,25.714033,0
14.914104,-24.267384,0
50.63584,-101.99737,0
-123.13657,18.781176,0
176.12411,16.995823,0
-45.50122,79.584465,0
-46.14576,79.0745,0
-40.983185,-18.797443,0
0.12755364,51.92564,0
-122.80392,35.991047,0
-19.281622,-158.64217,0
-82.653786,-30.201906,0
115.94913,-73.251274,0
63.53776,74.34194,0
63.339996,73.57613,0
-19.90306,-37.40211,0
-22.091516,24.451923,0
-6.6337757,-16.742191,0
74.60938,-127.88822,0
-124.42431,-17.79517,0
127.30376,13.362244,0
0.29647958,98.90378,0
0.608979,98.30565,0
12.634434,-32.984646,0
-33.422207,22.471695,0
27.909704,-20.57309,0
45.60257,-106.89261,0
-133.57626,18.562614,0
164.6076,21.118444,0
-52.922283,84.191696,0
-57.6497,84.33522,0
-28.798615,-106.660225,0
-62.35837,48.36493,0
-42.648952,-124.58344,0
15.187312,-176.79282,0
-129.76947,-53.099686,0
102.13766,-25.052877,0
21.446054,157.07028,0
21.681639,158.79759,0
-49.633842,-94.62277,0
-46.015675,49.859222,0
-57.087666,-113.94241,0
28.105774,-189.38138,0
-122.976494,-60.621204,0
95.45973,-7.077109,0
38.044,144.06566,0
35.68153,146.44612,0
-18.04518,-60.583042,0
-66.5297,55.607605,0
-19.542353,-65.35158,0
50.007416,-98.77249,0
-166.51472,-56.07206,0
177.73326,15.261979,0
-7.2988844,128.75243,0
-7.068042,128.84598,0
-10.398926,-43.355396,0
-21.491932,16.681297,0
0.37506193,-16.465406,0
63.18287,-130.21095,0
-130.43268,-16.63226,0
140.24248,6.740722,0
-10.2455015,101.23448,0
-10.062015,100.9276,0
66.37386,-26.458746,0
-103.5889,-93.524704,1
66.974464,-35.734444,0
-43.56236,-161.92668,2
-131.28769,-102.12604,1
193.73984,3.4446912,0
-115.1067,116.37332,3
-117.31533,114.95897,3
-23.60981,-111.429344,0
-72.06179,44.72437,0
-32.880714,-133.00557,0
-1.4514809,-181.03447,0
-145.11098,-50.143845,0
113.50904,-25.95948,0
12.744495,185.2686,0
12.268481,185.57602,0
1.6198363,-72.29169,0
-73.61867,2.2999072,0
36.20686,-58.30822,0
59.311577,-144.8906,0
-149.93535,-18.945621,0
137.17047,22.191021,0
-31.683279,140.99925,0
-30.888657,140.38042,0
5.127111,-81.670105,0
-86.639145,5.0241284,0
46.110188,-68.11095,0
9.218261,-148.44577,0
-158.63095,-28.392551,0
135.42784,-21.138498,0
-28.469036,170.16016,0
-25.496653,174.0694,0
-36.18495,-93.25923,0
-58.631504,53.3017,0
-48.094933,-113.47786,0
26.328356,-177.8757,0
-125.688805,-55.611332,0
102.37823,-22.876842,0
22.901154,149.33571,0
24.840126,146.99323,0
-47.67737,-81.13281,0
-11.875909,51.39432,0
-59.611557,-76.4256,0
104.41575,-124.18369,0
-115.95253,-50.916725,0
113.44341,-2.2892249,0
34.62989,124.175995,0
33.33764,124.370964,0
86.25836,81.71664,0
25.491903,40.772766,0
-134.12576,41.275475,0
-112.30886,35.030098,0
-77.524635,-34.389725,0
110.00484,-77.866745,0
69.08022,86.76516,0
69.26858,87.28385,0
-80.140854,-117.26338,0
-0.7614372,60.54009,0
-74.16012,-128.30045,0
-11.770882,-151.46413,0
-104.734116,-67.88491,0
79.68692,-9.261096,0
66.83997,150.08908,0
68.30904,150.88239,0
27.643545,-42.547688,0
-42.061028,25.117706,0
42.16121,-17.157913,0
50.190254,-140.1942,0
-138.77275,-23.297964,0
123.4792,-1.8097538,0
-78.0904,99.242455,0
-77.8607,99.62425,0
6.2290754,-96.09006,0
-74.772446,9.405622,0
43.00445,-66.18044,0
7.9758286,-143.36452,0
-159.82912,-33.29476,0
132.70328,-30.858135,0
-25.77807,152.23007,0
-25.232285,152.16617,0
-13.883617,-102.99863,0
-71.52885,34.43311,0
7.435913,-113.97416,0
0.533421,-168.68758,0
-141.4005,-35.80488,0
123.3173,-11.801591,0
-1.1683149,174.25676,0
-1.4748952,173.7863,0
-49.87365,-82.79061,0
-12.573246,53.696182,0
-62.078682,-77.60867,0
105.065025,-123.69318,0
-112.64076,-50.494427,0
104.36901,-1.5558317,0
36.40126,125.68822,0
39.087353,125.477516,0
-37.564995,-107.94372,0
-56.401123,44.696156,0
-51.59355,-114.426125,0
15.231717,-191.46156,0
-136.0406,-59.04275,0
103.41106,-21.02907,0
34.306698,169.1278,0
35.52221,168.75052,0
10.863968,-50.665993,0
-41.13964,2.2108443,0
35.350433,-44.624744,0
33.90801,-118.128654,0
-102.76738,-20.11226,0
167.15158,16.43769,0
-52.125137,99.162895,0
-52.20094,99.12894,0
-50.392914,-59.438774,0
-9.606592,36.65461,0
-52.57518,-47.93268,0
91.53162,-128.94244,0
-123.50228,-28.880758,0
118.17731,7.324602,0
31.293003,93.51551,0
29.655556,94.62012,0
-0.3248768,-96.67338,0
-78.27985,47.889477,0
36.689568,-91.97047,0
20.117407,-163.77951,0
-161.74536,-40.52818,0
123.00668,-35.173233,0
-12.220689,165.4005,0
-12.395767,165.38043,0
84.28838,82.17411,0
25.448673,36.8084,0
-131.32362,39.003395,0
-110.98979,36.403603,0
-77.502266,-37.526268,0
112.04416,-79.53784,0
71.699844,83.7316,0
71.44848,83.47165,0
-23.018835,-27.652159,0
-5.0356736,21.324486,0
-26.435768,-18.54753,0
78.06567,-110.815895,0
-108.52173,-15.733028,0
131.184,24.360958,0
6.878994,78.80805,0
7.2856917,76.32128,0
-16.579311,-37.666733,0
-21.290861,21.485773,0
-2.1421201,-11.62228,0
69.88058,-126.964005,0
-126.65062,-16.203953,0
141.6819,16.6353,0
-3.0922318,99.02292,0
-18.923277,82.358765,0
85.7547,81.69314,0
25.19466,41.0113,0
-132.9085,40.58753,0
-111.60993,35.691273,0
-77.58995,-35.30929,0
110.55863,-78.609116,0
69.91146,86.357735,0
70.376366,86.22332,0
-18.702854,-37.569946,0
-20.936644,23.449715,0
-10.217376,-8.630797,0
72.88924,-127.790504,0
-122.72358,-18.565819,0
128.74525,14.600602,0
-1.4220914,98.60974,0
-14.005865,109.36253,0
-17.48789,-85.27041,0
-78.70324,68.372246,0
-13.435421,-80.72811,0
34.746403,-166.20552,0
-176.25829,-45.967407,0
126.91113,-41.286144,0
-3.2863016,149.29964,0
-2.9058206,149.36569,0
44.803593,14.998763,0
14.628484,47.459003,0
-106.87403,82.14639,0
57.073387,19.91344,0
-72.46282,-21.987314,0
137.19264,-80.43226,0
47.461746,34.811558,0
47.344654,35.41103,0
-54.24689,-60.26958,0
-6.634579,37.718468,0
-54.66154,-52.33032,0
93.70587,-131.1804,0
-125.06334,-33.00369,0
114.95364,7.0048037,0
36.01397,94.24857,0
36.592762,94.136086,0
-23.599531,-36.056477,0
-25.445415,32.009007,0
-14.347776,-48.577534,0
51.631985,-120.31436,0
-106.48805,-25.518415,0
125.65242,15.699746,0
7.825631,93.66901,0
8.799943,94.57813,0
14.678701,-71.765526,0
-67.08673,-0.112269364,0
53.23182,-50.843475,0
15.573274,-129.85416,0
-174.13701,-6.6455007,0
148.752,-15.72694,0
-50.295372,141.39006,0
-52.752743,141.67076,0
-39.23782,-91.04245,0
-74.61044,61.446487,0
-50.274887,-110.34113,0
32.094486,-176.41953,0
-177.18991,-56.169888,0
121.3239,-43.462902,0
18.517454,142.07196,0
18.432768,142.89427,0
28.17235,7.5294385,0
8.955754,17.448647,0
28.822222,5.4835815,0
71.50181,-88.85017,0
-91.89823,-10.9795265,0
170.89662,-32.62672,0
30.219316,70.69619,0
29.509884,70.84139,0
-6.688044,-54.03633,0
-37.311653,32.272427,0
-6.9715757,-52.008823,0
61.068424,-136.30963,0
-118.671234,2.1925457,0
147.5876,7.5771422,0
-22.233454,118.89581,0
-22.115269,119.48146,0
-65.46796,-60.589687,0
-0.74203867,32.54028,0
-68.839905,-62.97774,0
103.76443,-136.44846,0
-152.97182,-74.929436,0
110.90474,28.458944,0
44.039143,82.38145,0
44.293747,82.3131,0
-46.870827,-77.35973,0
-14.175113,48.362648,0
-55.515797,-72.99657,0
100.319435,-117.78289,0
-117.92966,-45.693638,0
107.3834,3.6393437,0
34.598354,117.20376,0
34.95141,117.74541,0
23.131823,6.550545,0
4.504365,14.107528,0
25.905138,1.0931894,0
68.692154,-94.385605,0
-98.85069,-8.432694,0
158.46152,-10.475701,0
24.310745,71.636284,0
24.407087,70.151344,0
-16.323202,-107.09189,0
-72.055046,38.7418,0
-29.7389,-141.1589,0
-1.280084,-173.83224,0
-144.59227,-42.643894,0
158.21162,-45.611057,0
4.344529,178.45692,0
4.14999,177.37257,0
-47.164074,-58.86127,0
-13.5198555,36.931965,0
-47.790966,-49.56385,0
89.76697,-125.2176,0
-121.69233,-31.16947,0
110.19805,13.323768,0
26.417252,95.60653,0
26.393312,96.07788,0
22.668083,-49.202606,0
-47.043198,11.387673,0
40.764698,-28.857292,0
41.59637,-124.90019,0
-148.84802,8.418627,0
159.22874,6.7614517,0
-63.70381,108.21334,0
-65.69344,105.58027,0
-3.2754066,-32.4368,0
-21.031643,5.235462,0
8.235328,-9.188798,0
62.308517,-119.2867,0
-129.29427,-1.0166403,0
147.61243,11.129872,0
-23.047686,95.915665,0
-22.902246,94.707016,0
-50.609257,-100.24023,0
-43.083275,48.264038,0
-61.088882,-113.9222,0
25.103743,-193.98576,0
-117.42726,-59.81282,0
98.2876,-6.166451,0
43.266506,143.33948,0
44.74014,145.5342,0
10.765099,-41.59472,0
-43.724335,-4.074091,0
34.96249,-54.423515,0
31.929155,-114.25052,0
-159.98145,11.976784,0
178.84827,-0.44523272,0
-26.491772,119.91987,0
-26.557003,120.584015,0
-15.088106,-111.39256,0
-81.623695,42.107346,0
-2.6120021,-126.14565,0
-6.071448,-177.55496,0
-149.6827,-45.529457,0
148.48608,-40.35437,0
3.589794,190.73901,0
2.496434,189.0556,0
59.328407,38.00547,0
23.508913,26.461395,0
59.1004,37.529465,0
85.53362,-94.38647,0
-79.85834,-18.166279,0
95.43011,-46.711617,0
59.76928,42.350327,0
59.473618,42.28776,0
21.088144,-63.33242,0
-55.335445,8.365682,0
45.46166,-39.97884,0
32.432274,-134.06772,0
-168.58147,-4.5981708,0
152.55272,-6.6331425,0
-57.00226,127.996,0
-57.505054,128.7368,0
-7.0253544,-108.92935,0
-80.496796,35.99659,0
-0.34750715,-119.35691,0
-8.437393,-170.2307,0
-150.35403,-38.689926,0
149.62708,-48.82051,0
-7.869249,182.74222,0
-8.228999,183.21854,0
18.87156,-67.77259,0
-65.336624,-1.7261494,0
50.652195,-49.55178,0
17.172884,-127.04797,0
-169.925,-0.10569815,0
173.61304,-2.3581946,0
-52.373478,137.66151,0
-53.275784,138.24438,0
19.798285,-66.27222,0
-63.956955,-2.7324135,0
49.907852,-46.969894,0
17.31679,-125.253136,0
-168.21202,1.791722,0
173.5594,0.2504031,0
-52.478268,134.96718,0
-53.570805,135.56224,0
44.109474,15.400977,0
16.281773,47.613453,0
-107.27841,81.93609,0
56.893925,20.126602,0
-73.24209,-21.941084,0
136.49095,-80.89753,0
48.253067,33.486057,0
48.18658,33.97821,0
68.16928,-24.819057,0
-101.8953,-95.38706,1
70.46396,-37.019043,0
-44.542248,-163.62357,2
-130.40294,-105.357315,1
195.85378,6.2700024,0
-112.32272,112.07668,3
-114.628624,111.58801,3
4.0890117,-55.287815,0
-56.321533,2.9041011,0
41.312225,-54.568756,0
26.602058,-124.12407,0
-139.0834,-13.1431,0
139.6369,-1.8354709,0
-31.770514,108.35293,0
-31.369513,107.736015,0
-11.925587,-119.07577,0
-78.17391,50.531082,0
-9.3244505,-123.932655,0
-14.849425,-177.36504,0
-158.34668,-50.220577,0
121.78237,-36.344955,0
12.543051,194.79071,0
12.058404,194.7023,0
-48.466724,-97.03083,0
-44.930077,49.36905,0
-58.984966,-114.51017,0
26.82488,-190.36047,0
-120.59008,-56.51744,0
98.29993,-8.509113,0
38.817165,143.57655,0
46.83114,143.8531,0
-8.562145,-38.676357,0
-19.374063,11.040549,0
3.2464874,-11.247638,0
64.221214,-125.8968,0
-124.28413,-1.3101807,0
166.86562,-12.769668,0
-15.934667,93.75303,0
-16.62891,93.90705,0
2.267616,-45.342377,0
-51.600296,24.777771,0
32.095913,-15.813278,0
52.103954,-131.05145,0
-143.76013,-4.4903846,0
143.16557,-2.0936515,0
-42.610786,105.780045,0
-45.843704,102.91066,0
20.084654,-49.88243,0
-43.462837,12.904734,0
45.9701,-26.338306,0
42.375034,-124.30712,0
-140.48878,6.678469,0
162.26096,10.628499,0
-63.666706,106.623245,0
-36.66709,89.49451,0
7.8363557,-55.35527,0
3.259051,10.667305,0
33.27872,-37.952003,0
65.244095,-95.568344,0
-149.57265,-3.2565577,0
159.56425,-9.981007,0
-35.849728,116.9852,0
-36.107056,117.19135,0
-12.324789,-28.463722,0
-10.576606,6.9966307,0
1.9960382,-1.7298675,0
72.43045,-122.23988,0
-122.29101,-14.176576,0
133.74545,12.576159,0
-5.2699976,91.867325,0
-5.4366026,91.19315,0
-6.498473,-102.60646,0
-76.11031,31.555351,0
-0.89955145,-107.00867,0
-2.1038153,-165.21626,0
-149.55812,-32.86204,0
189.47229,3.936126,0
-9.982199,177.99074,0
-10.159168,176.03052,0
85.12157,30.796387,0
68.24297,-10.059279,0
85.8297,29.686789,0
79.75443,51.606262,0
-67.3693,-13.97254,0
85.549126,-44.87187,0
77.868645,39.91876,0
77.762886,39.515514,0
-3.6176734,-84.6193,0
2.0404165,44.678493,0
30.843473,-76.29993,0
35.61636,-154.90508,0
-163.50443,-17.017931,0
133.02463,-33.79171,0
-23.946241,156.88719,0
-23.75744,156.63165,0
0.8037705,-33.271763,0
-25.890541,1.9693305,0
19.820915,-8.071916,0
59.354813,-114.946884,0
-134.30754,-2.800398,0
148.62247,16.415682,0
-28.838778,88.14798,0
-29.94585,86.65354,0
-47.82761,-82.66143,0
-11.131226,53.057526,0
-60.48712,-77.58481,0
105.146515,-123.08619,0
-114.15127,-51.139095,0
108.046326,-3.0522943,0
35.345604,126.686,0
37.853504,125.92018,0
48.796246,18.363993,0
18.531708,49.266525,0
48.837116,18.184425,0
-116.71395,84.38229,0
-95.439995,-26.296637,0
131.3679,-80.40592,0
47.242558,24.461683,0
47.214153,24.637218,0
-11.386959,-107.49962,0
-76.50291,37.058517,0
3.611721,-118.0521,0
-3.6570253,-170.92921,0
-143.59549,-41.430416,0
149.31094,-44.28062,0
-3.2055516,183.61858,0
-4.354028,183.65642,0
45.591354,5.869214,0
9.33098,46.624664,0
46.5337,2.7951765,0
-97.75275,82.069305,0
-100.0391,-24.73321,0
141.9377,-73.96263,0
41.24779,47.542545,0
40.744156,47.833153,0
98.45576,91.09318,0
32.06607,31.592442,0
-134.31737,46.74643,0
-105.94377,47.20215,0
-69.38348,-36.579727,0
100.76951,-80.97694,0
93.16572,107.5371,0
93.36102,107.76919,0
-22.700506,-108.59243,0
-71.52337,42.41199,0
-29.625404,-133.02792,0
0.18639232,-175.9242,0
-135.72723,-29.717848,0
121.54033,-8.296227,0
10.065592,181.43617,0
2.977744,167.0919,0
46.140053,18.15404,0
19.586006,49.01684,0
-115.77231,81.6706,0
54.141476,22.837158,0
-75.43302,-20.243914,0
132.82121,-81.724106,0
48.94056,27.728582,0
48.942547,27.810843,0
-23.90804,-93.78915,0
-79.56135,44.349876,0
-0.4663511,-128.9613,0
-2.6764672,-174.37897,0
-153.90845,-37.48501,0
143.65776,-25.892677,0
6.7900157,152.67415,0
5.7136216,153.3105,0
0.15044954,-36.159412,0
-27.841444,0.21141845,0
15.918598,-11.887737,0
62.6531,-110.76998,0
-136.21597,-7.099837,0
146.46526,15.894409,0
-30.010239,101.952995,0
-29.109552,100.171844,0
72.03674,-22.466976,0
-99.86878,-99.11176,1
75.72182,-36.30843,0
-46.816597,-167.6341,2
-125.47315,-106.74016,1
196.41737,9.139041,0
-109.00265,108.750465,3
-106.46192,106.34967,3
-68.72378,-89.923706,0
-33.544777,55.08297,0
-75.39646,-97.316734,0
78.603264,-157.66617,0
-99.21182,-45.625423,0
88.38598,9.178566,0
62.07861,120.92834,0
63.306767,122.19372,0
-10.534916,-100.315704,0
-71.290215,30.486055,0
2.4151351,-108.25414,0
2.4703288,-166.3127,0
-138.28387,-39.15507,0
115.17153,-19.218239,0
-5.718083,171.45387,0
-4.357124,169.21881,0
8.486302,-94.63271,0
-93.83481,7.437501,0
55.970856,-78.252525,0
6.1751504,-144.90002,0
-161.50435,-33.82403,0
133.69188,-29.331991,0
-33.81514,176.52924,0
-33.02134,176.64929,0
7.364854,-85.359276,0
-83.197296,15.390574,0
46.24343,-75.36299,0
19.344461,-150.40633,0
-163.84586,-24.567673,0
137.65866,-25.28241,0
-39.45202,162.96667,0
-40.911774,163.46191,0
23.514425,4.5772986,0
4.9813375,17.247065,0
23.978615,1.871112,0
71.81874,-94.37275,0
-97.55291,-11.650076,0
166.91786,-29.172953,0
25.230806,75.27832,0
25.013561,75.56042,0
-48.90991,-76.34208,0
-16.472282,49.34528,0
-58.170704,-72.74356,0
102.73589,-117.27376,0
-115.296715,-43.071186,0
102.25872,3.0487502,0
37.58436,117.50283,0
38.162968,116.950806,0
23.849237,-45.88837,0
-44.287598,19.142618,0
41.290134,-22.431862,0
47.27979,-124.66524,0
-148.00388,14.832902,0
154.32648,8.468655,0
-57.81098,105.65933,0
-72.15909,100.36105,0
21.50527,-48.901947,0
-49.955997,14.958333,0
43.089127,-27.250986,0
43.32823,-129.76018,0
-144.24222,6.1365423,0
161.6529,3.7141478,0
-70.51189,112.42733,0
-70.95537,114.59908,0
-22.038603,-111.451805,0
-73.46221,44.9897,0
-28.420359,-136.25102,0
-2.3772666,-180.3783,0
-147.75014,-49.581135,0
115.574905,-28.811554,0
9.897258,186.79002,0
10.389144,187.14316,0
-0.89403886,-30.692568,0
-23.877878,1.5444291,0
18.45217,-5.1405783,0
61.273495,-116.49416,0
-132.8044,-3.757449,0
140.55037,17.751335,0
-26.729479,88.54952,0
-27.016912,89.39433,0
24.851423,-43.302746,0
-43.03097,20.82065,0
39.265343,-20.322914,0
49.156086,-137.687,0
-145.29642,16.221796,0
151.86604,6.965032,0
-75.23394,101.475975,0
-74.559875,102.29416,0
6.89032,-68.05268,0
-61.073208,8.52298,0
43.313736,-41.037624,0
28.545883,-132.04492,0
-155.98465,-10.938196,0
149.42967,-5.650695,0
-35.955532,135.39195,0
-59.792934,130.16756,0
-66.16091,-54.191074,0
5.220433,34.92227,0
-78.66059,-63.298763,0
97.925354,-139.45189,0
-145.40324,-77.173195,0
106.845276,27.103432,0
48.23457,90.02309,0
51.77696,89.592804,0
7.6937294,-38.21207,0
-37.25375,10.093637,0
24.725435,-18.788078,0
48.50971,-110.92033,0
-133.7764,6.636629,0
157.62271,16.562437,0
-34.22366,78.14892,0
-34.664482,78.08257,0
12.014456,-88.74802,0
-80.17929,19.567854,0
50.258526,-74.29266,0
24.963074,-152.37874,0
-171.43301,-27.064325,0
141.37167,-32.75467,0
-45.873432,162.43547,0
-49.960983,161.10394,0
16.522322,-69.64413,0
-66.85593,-1.7796947,0
52.307083,-49.710373,0
16.669256,-128.82439,0
-170.9492,1.7186499,0
148.90013,-14.905504,0
-50.918766,137.17729,0
-53.94582,140.89717,0
22.83708,6.934839,0
4.386203,14.12275,0
26.412836,-0.1275355,0
68.30607,-94.62613,0
-97.594986,-9.544725,0
169.64612,-27.092798,0
24.644966,71.222664,0
-37.82397,119.11793,0
-3.5195575,-30.822186,0
-19.037699,2.4547908,0
15.805197,-4.5927863,0
64.05317,-115.222145,0
-131.3098,-6.9959707,0
145.68997,14.7532015,0
-23.966997,99.12438,0
-20.69257,96.39327,0
-75.95651,-115.91269,0
-3.1454978,64.20372,0
-69.44842,-127.291176,0
-8.291126,-153.92378,0
-108.35835,-67.06817,0
88.88713,-11.656349,0
58.918446,145.3321,0
58.86207,145.53285,0
-14.820465,-62.437607,0
-68.29738,56.02798,0
-20.202253,-69.19812,0
47.725388,-157.81638,0
-165.83885,-54.937542,0
167.85103,11.677534,0
-11.689467,128.49068,0
-13.055847,127.92767,0
-12.516899,-85.57588,0
-80.97396,67.15043,0
-10.749232,-79.66013,0
31.834059,-163.143,0
-174.21405,-43.64305,0
126.67489,-38.389553,0
-7.364666,150.44589,0
-7.0045114,150.64973,0
-5.4475193,-46.610214,0
-29.069048,15.601708,0
3.3890083,-19.970913,0
54.01556,-127.59126,0
-120.63728,-2.1173654,0
144.17708,5.6705065,0
-38.90714,103.06647,0
-38.370167,103.84253,0
-1.4065205,-71.92603,0
-75.87559,0.26309696,0
33.827854,-61.907616,0
64.11131,-146.23758,0
-109.4631,-2.2621017,0
141.91939,23.426912,0
-26.4884,138.76932,0
-13.170442,113.42216,0
42.571182,12.803133,0
13.126263,43.4282,0
-102.119255,85.35674,0
59.525257,15.604109,0
-71.43691,-24.081835,0
141.58716,-81.13405,0
49.789043,44.280506,0
49.523346,44.647625,0
5.0650215,-92.26185,0
-91.61117,9.487532,0
44.824833,-81.84174,0
10.583553,-154.56625,0
-161.7089,-29.817894,0
124.11617,-27.4183,0
-35.58676,170.64696,0
-37.152172,168.51624,0
99.78171,90.67313,0
32.0543,30.930109,0
-140.6405,41.75201,0
-104.44564,47.359203,0
-71.69478,-39.76443,0
101.52784,-78.32613,0
97.34643,108.65171,0
97.21017,108.45899,0
-29.834238,-116.30102,0
-90.4198,40.83649,0
-33.512886,-126.30864,0
-1.8094025,-187.93729,0
-141.1987,-56.797905,0
110.8573,-23.541962,0
27.997192,181.65404,0
29.048868,181.11925,0
-46.44518,-82.874214,0
-9.8111315,53.12759,0
-59.225666,-79.87313,0
106.21815,-121.46006,0
-114.58463,-49.239723,0
102.823265,-0.2685466,0
37.78882,127.73988,0
38.26201,128.11812,0
-65.21254,-57.00547,0
3.6442196,32.991913,0
-72.08688,-62.777245,0
99.265274,-137.98526,0
-146.93124,-79.86098,0
107.51251,26.112959,0
45.975372,88.92382,0
48.368874,87.48151,0
-39.728123,-102.602715,0
-50.94112,48.869263,0
-50.649933,-121.71097,0
18.71519,-185.54846,0
-126.88321,-59.949486,0
98.68716,-15.2441,0
32.644527,155.40088,0
39.25204,153.65036,0
-6.0323224,-83.981384,0
-87.60124,26.693724,0
28.593746,-84.90982,0
36.14673,-156.59175,0
-162.62961,-16.262945,0
138.6502,-38.347275,0
-13.225348,141.51219,0
-53.2799,170.04602,0
-15.172216,-31.21334,0
-12.552393,12.370828,0
-3.477282,-4.4201903,0
73.15456,-119.903336,0
-119.53921,-8.480392,0
134.29611,19.18473,0
-8.0817995,85.27723,0
-8.066361,83.96666,0
4.5288115,-56.971294,0
-18.608843,-1.8356953,0
13.444014,-11.709017,0
63.535892,-107.411835,0
-153.798,-7.9895988,0
134.96324,-0.7671626,0
-28.981785,106.1681,0
-28.594355,105.66969,0
108.77222,44.999973,0
54.915836,-14.209625,0
-125.713974,76.10709,0
104.76472,44.790077,0
-54.79414,-15.048217,0
79.73838,-54.058838,0
105.07748,46.609337,0
105.53607,47.181206,0
9.953075,-87.54227,0
-79.09493,11.618156,0
47.20967,-75.38543,0
18.872839,-152.06448,0
-165.88667,-25.717365,0
141.14345,-27.994831,0
-35.340523,159.67508,0
-35.458115,158.79955,0
-48.00272,-61.25794,0
-12.428852,38.770344,0
-50.087368,-52.762997,0
91.42878,-121.43254,0
-119.82197,-33.055065,0
112.8686,11.239087,0
30.021002,100.53554,0
30.965143,100.04527,0
-20.719748,-25.015457,0
-3.9188783,18.129269,0
-21.665989,-19.33442,0
79.76553,-106.19563,0
-109.04751,-13.821275,0
126.89057,24.197573,0
2.939381,78.63067,0
2.5543501,76.12855,0
-46.70255,-95.11717,0
-45.360226,52.893528,0
-59.410133,-118.60198,0
28.81501,-186.9076,0
-120.77001,-64.33578,0
98.31488,-10.207885,0
34.91859,143.82243,0
33.174393,143.37756,0
-51.34854,-79.68918,0
-16.766388,52.20494,0
-63.703983,-74.70397,0
100.28288,-122.13707,0
-110.050766,-34.04025,0
103.807236,12.3586645,0
39.225155,121.48011,0
17.794733,115.411385,0
-29.598085,-112.2435,0
-65.03053,42.04918,0
-37.31051,-128.80586,0
3.8954911,-183.26773,0
-138.47652,-53.24424,0
110.30625,-21.679132,0
20.746431,177.15872,0
19.794811,177.36678,0
-1.4360839,-78.505135,0
-81.340965,7.3801455,0
36.133137,-73.36654,0
15.96854,-145.49442,0
-161.41916,-24.568548,0
129.63118,-14.9661455,0
-29.57186,159.54286,0
-29.063093,159.73932,0
-39.37073,-15.344916,0
-0.63377726,52.025368,0
-118.12097,42.416813,0
45.00284,-181.38568,0
-88.78321,-27.103996,0
118.95346,-67.92131,0
53.274204,71.42387,0
53.081985,71.558525,0
113.4099,60.83466,0
66.50363,3.9847975,0
-128.39513,65.01733,0
-119.041336,80.78808,0
-49.99595,-28.98869,0
82.26324,-62.78842,0
109.887344,64.30524,0
108.96899,64.91667,0
0.19234416,-31.712896,0
-24.995794,2.3252735,0
18.024158,-8.267336,0
60.178524,-115.92281,0
-133.54855,-1.8808563,0
148.41875,15.669957,0
-28.696419,89.17467,0
-29.388449,91.059616,0
4.854824,-26.698267,0
-31.089067,18.89246,0
8.569905,-20.533976,0
55.515137,-122.08322,0
-124.03088,11.622539,0
169.4747,20.952215,0
-41.83807,87.56784,0
-41.4586,86.98217,0
-13.526634,-111.326035,0
-79.87494,40.965466,0
0.5883876,-124.04091,0
-7.1017065,-175.87074,0
-150.85606,-45.062572,0
145.78903,-40.94929,0
1.9451406,191.79424,0
1.4564953,190.10304,0
-14.0379505,-105.74045,0
-75.129524,38.144703,0
0.4518962,-117.754,0
-0.54562634,-170.53645,0
-141.61667,-39.609306,0
145.69713,-39.667877,0
-3.1575866,181.52632,0
-3.0540597,181.84274,0
-2.9773974,-32.605618,0
-20.835428,5.297652,0
8.80298,-8.714999,0
62.798676,-119.382965,0
-128.77846,-1.2656331,0
136.74268,7.149341,0
-22.27607,95.93819,0
-24.259424,94.009384,0
-65.579094,-59.306694,0
-0.102023914,33.380287,0
-69.57513,-62.33587,0
103.271255,-136.53906,0
-151.59378,-75.16177,0
111.721245,27.454676,0
43.65318,83.17083,0
44.33116,80.95492,0
-5.1734967,-31.32918,0
-20.007038,3.1085594,0
13.34571,-6.065344,0
63.330475,-115.49746,0
-133.06154,-8.105478,0
134.37979,4.7643785,0
-24.553633,97.5024,0
-24.917776,96.594154,0
-4.480841,-83.44952,0
-77.98537,10.146605,0
33.1124,-75.53469,0
35.455025,-156.04335,0
-164.17805,-26.89243,0
130.75008,-23.709543,0
-25.500055,156.88193,0
-25.544538,156.93117,0
18.28913,-68.41361,0
-65.81385,-1.0174259,0
50.416317,-51.187195,0
17.137878,-127.769424,0
-170.4393,0.15896876,0
173.08699,-3.0782137,0
-51.605564,138.51804,0
-52.705467,139.43405,0
-14.776508,-113.57418,0
-76.43323,43.99995,0
-4.088413,-123.0217,0
-10.4823265,-171.38959,0
-151.63683,-47.657104,0
141.4954,-43.50705,0
6.962703,188.23897,0
7.6257935,188.6992,0
-11.593383,-29.995674,0
-11.372453,9.389147,0
0.045194685,-5.274673,0
71.26429,-117.137375,0
-121.13352,-11.666373,0
133.49911,14.340383,0
-7.889356,88.50911,0
-9.075974,89.04961,0
68.66595,-27.539665,0
-104.300064,-95.47761,1
69.200645,-34.25699,0
-46.410393,-162.3179,2
-129.0999,-101.42384,1
193.42583,4.7046404,0
-112.80393,115.21962,3
-113.81506,114.437386,3
-35.54396,-101.70479,0
-58.40075,47.85347,0
-47.799797,-121.18226,0
17.500216,-181.02576,0
-132.56024,-66.835884,0
96.99115,-22.989061,0
27.42856,157.84038,0
30.881735,157.33472,0
-13.938767,-108.51595,0
-76.132324,41.018883,0
4.638806,-122.08971,0
-6.0916905,-167.49924,0
-146.78615,-45.00298,0
146.95222,-38.20851,0
4.508773,184.62563,0
3.4149802,183.24821,0
-12.800118,-110.07607,0
-79.57287,40.651863,0
1.1968663,-123.858536,0
-6.8136144,-175.39452,0
-148.29678,-43.418148,0
147.56572,-43.824398,0
0.7513816,191.35313,0
0.20305751,192.81699,0
-54.062443,-58.294426,0
-7.6664314,37.737797,0
-53.881805,-50.51098,0
92.345955,-130.72801,0
-125.07574,-31.97497,0
115.05408,9.644487,0
35.52672,94.98876,0
37.341526,93.11145,0
50.271233,11.360635,0
13.621827,49.162193,0
50.90171,11.174639,0
-107.03488,80.39761,0
-97.0861,-25.581713,0
136.12962,-79.026184,0
45.748756,33.42305,0
45.72564,34.127678,0
-38.61756,-108.56806,0
-55.388344,43.96968,0
-48.64002,-125.7094,0
13.988019,-189.2727,0
-135.31786,-60.4288,0
105.50752,-12.694868,0
32.27944,166.22617,0
32.467327,167.20345,0
-5.023929,-100.537895,0
-73.36935,52.92284,0
-3.1732993,-116.91647,0
-9.348963,-168.44301,0
-156.36229,-45.166126,0
142.90594,-48.588356,0
-12.823956,178.84163,0
-13.3001375,179.35655,0
13.533303,-68.23171,0
-59.43153,-0.53196746,0
46.346157,-49.791748,0
21.153118,-123.07396,0
-162.99338,-2.8682892,0
144.51483,-12.948686,0
-44.510456,132.84872,0
-45.223633,134.67522,0
-4.9516964,-27.821411,0
-17.841612,1.4755883,0
11.757915,-4.1608415,0
65.41285,-116.27478,0
-137.36844,-26.395403,0
133.26567,0.7258574,0
-21.512394,101.06673,0
-21.882662,102.05043,0
40.65592,-5.7751265,0
-32.428646,34.35114,0
40.319084,-7.5512385,0
-87.669685,83.51112,0
-116.34693,0.8280352,0
145.73308,-65.0882,0
38.54023,59.23578,0
38.682705,59.6318,0
-13.867523,-25.090385,0
-1.4110767,15.562089,0
-17.305815,-10.775179,0
75.09405,-104.67483,0
-113.48078,-10.70556,0
130.88028,19.525717,0
15.485236,76.666885,0
14.950393,76.136086,0
85.26696,30.706503,0
68.27603,-10.110079,0
85.94654,29.481493,0
79.82891,51.618874,0
-67.34148,-13.713213,0
85.54181,-44.56302,0
77.836784,40.112907,0
77.345535,39.69975,0
-29.702923,-43.003223,0
-25.73671,39.92279,0
-32.212112,-38.450207,0
75.84999,-142.50356,0
-108.06541,-33.299416,0
120.1214,14.507464,0
13.231905,102.55769,0
13.595636,102.25802,0
5.265591,-76.43711,0
-81.39546,9.2590275,0
35.819965,-76.2216,0
19.144936,-143.40166,0
-159.52155,-20.22306,0
136.43779,-21.096487,0
-31.17722,155.072,0
-33.74814,154.3828,0
18.897026,-84.63088,0
-72.3486,20.643084,0
56.77091,-69.64974,0
30.091824,-150.7962,0
-180.85582,-16.832458,0
149.00757,-29.996601,0
-52.39326,160.74995,0
-52.237667,162.57727,0
9.929817,-27.491688,0
-27.518543,24.538675,0
13.334911,-21.838512,0
53.627125,-104.77518,0
-122.83157,16.624477,0
173.65314,19.208408,0
-43.113316,78.71112,0
-41.995274,80.0305,0
14.233541,-50.418045,0
-44.746555,6.6955366,0
37.758343,-34.09023,0
37.57663,-121.94673,0
-140.33815,12.667195,0
158.12859,-1.8663034,0
-62.572517,115.56837,0
-62.976704,115.472176,0
45.69355,5.597887,0
9.949606,46.01692,0
45.87404,3.3554707,0
-97.52851,82.17874,0
-99.554665,-24.441673,0
142.12985,-73.5093,0
41.301544,48.150505,0
40.437614,48.692844,0
-70.79342,-53.105774,0
7.7643476,35.036255,0
-75.81647,-57.37828,0
100.536224,-144.38695,0
-143.34357,-80.40864,0
103.751686,23.962059,0
52.60345,96.390594,0
53.73653,94.969,0
-27.948532,-102.4681,0
-57.94599,41.73613,0
-45.431522,-130.03534,0
12.7312155,-185.36511,0
-135.42622,-55.657112,0
109.872185,-14.797293,0
27.242697,168.47641,0
28.042961,171.27463,0
126.54073,77.08793,0
71.31012,7.22699,0
-125.18414,63.867252,0
-105.11934,65.6976,0
-52.91576,-30.015173,0
84.6197,-68.42081,0
110.60813,76.63844,0
110.81148,77.80154,0
20.848904,-48.554176,0
-48.40836,15.121569,0
40.95508,-26.485003,0
43.623108,-126.422,0
-142.21747,8.629169,0
160.76303,7.5035496,0
-70.037445,112.17438,0
-69.61188,113.582016,0
-47.634068,-77.50833,0
-15.204618,49.169262,0
-56.315235,-73.30445,0
101.63595,-117.956795,0
-114.55225,-44.388763,0
102.83901,2.2077692,0
36.389988,117.63434,0
36.150234,118.28984,0
-80.72655,-113.66778,0
-2.9797847,58.14061,0
-71.288475,-122.92165,0
-12.636795,-153.87839,0
-103.31544,-69.92266,0
81.96849,-11.372948,0
62.018707,151.77048,0
60.82489,151.52219,0
-40.58914,-107.033745,0
-53.749947,44.1787,0
-50.63793,-126.42189,0
16.272364,-187.53726,0
-131.68474,-60.06398,0
105.90958,-16.37627,0
34.273056,164.68991,0
36.48148,165.22826,0
16.796024,-52.48554,0
-47.358555,8.794153,0
40.803284,-30.732473,0
37.29737,-124.56713,0
-148.99918,3.1312454,0
153.99173,-1.5628488,0
-59.856873,110.10504,0
-60.67432,110.61333,0
26.364058,-48.443653,0
-40.876373,21.83836,0
37.53016,-16.858116,0
48.96958,-141.75964,0
-146.64957,16.815525,0
163.22607,-4.3482304,0
-74.14319,100.586105,0
-50.855732,96.03879,0
-12.599462,-116.631386,0
-79.126305,49.34363,0
-1.3435531,-119.51395,0
-11.51569,-176.85393,0
-155.47417,-50.894524,0
115.70315,-35.828037,0
11.205293,195.91756,0
-7.0523286,189.47763,0
5.8907013,-42.409534,0
-33.090343,10.414004,0
24.842712,-10.88839,0
51.418304,-118.67085,0
-133.02727,8.542674,0
148.60002,5.594297,0
-43.391212,99.53139,0
-47.26729,95.30889,0
0.8538246,-38.93511,0
-27.890003,9.838154,0
12.5821295,-15.551915,0
58.555313,-108.66078,0
-137.64694,-5.877051,0
132.34477,15.2260275,0
-33.237545,101.38478,0
-33.67851,100.81285,0
-35.266777,-14.003955,0
-3.0849822,45.31884,0
20.054241,-1.5407146,0
75.54104,-123.84797,0
-115.70658,-9.862465,0
146.3003,-16.787218,0
-23.776077,111.290955,0
-23.741508,111.19081,0
96.0741,54.818123,0
59.761246,1.2353622,0
-122.41792,80.65518,0
97.96301,55.13379,0
-57.21302,-20.500784,0
82.46484,-58.260197,0
99.63286,55.43681,0
99.66634,55.913506,0
3.8213968,-32.75593,0
-28.318699,3.3302414,0
22.441618,-13.322424,0
57.797447,-117.09705,0
-134.02272,2.9769452,0
152.56621,14.41029,0
-29.625544,88.75438,0
-39.89802,85.93062,0
122.923775,93.023415,0
26.35235,22.435072,0
-140.88673,60.58635,0
-104.7147,61.26672,0
-56.340874,-34.222015,0
88.18756,-75.69312,0
120.448166,91.44486,0
120.2991,91.55836,0
-47.517864,-59.14844,0
-12.59257,36.72033,0
-48.13598,-50.173714,0
89.38128,-125.76623,0
-120.79618,-33.09408,0
113.77588,10.587743,0
27.214375,94.835945,0
28.028374,95.024574,0
-24.350422,-27.951342,0
-5.9024777,23.633253,0
-28.18031,-17.239117,0
77.99897,-113.362816,0
-112.64,-19.627872,0
133.41972,22.38474,0
10.42011,79.584854,0
11.240701,79.57577,0
21.414846,-78.39289,0
-67.18137,19.15491,0
58.288395,-64.56957,0
33.71647,-147.41403,0
-180.50708,-13.310852,0
151.76816,-28.432896,0
-62.0144,155.01064,0
-64.62184,157.07416,0
14.010429,-40.030422,0
-38.910507,11.21783,0
27.501663,-22.139372,0
47.23222,-111.84636,0
-132.7091,11.6828985,0
160.46838,9.5583935,0
-59.285656,85.38435,0
-59.723747,84.381294,0
67.76759,24.023775,0
14.898589,19.153181,0
66.60725,24.288342,0
73.142,-83.12018,0
-86.13103,-11.70722,0
174.03056,-37.126812,0
57.23786,54.935867,0
57.38451,55.163364,0
-6.8297544,-38.896553,0
-18.654608,12.960549,0
5.1402555,-12.935409,0
62.93477,-125.140724,0
-123.5948,-3.6237988,0
141.16222,11.713868,0
-16.763418,90.58262,0
-17.251198,90.15868,0
-47.691906,-72.62516,0
-14.221528,45.72633,0
-56.214523,-68.371925,0
99.2077,-119.20149,0
-118.79684,-41.95226,0
103.30399,7.9385877,0
36.743664,111.54708,0
37.074905,111.34492,0
-39.552315,-46.8472,0
-22.985918,47.535614,0
-42.387405,-43.08506,0
85.684326,-145.97441,0
-113.576096,-32.51007,0
114.62464,15.781568,0
51.76402,99.975334,0
51.768803,99.744576,0
-0.24834508,-89.53736,0
-87.383575,19.052366,0
37.774624,-83.60663,0
23.254297,-158.5937,0
-165.01051,-34.46812,0
129.83844,-30.475487,0
-18.600426,159.27652,0
-20.134096,158.22227,0
-32.48747,-99.568436,0
-51.06482,37.886086,0
-41.924213,-119.40586,0
12.271194,-181.1445,0
-126.45516,-47.876984,0
103.099434,-31.561806,0
13.82443,158.01477,0
15.353352,158.02444,0
-86.691124,-115.57383,0
-14.7649555,55.86499,0
-64.781235,-75.56724,0
100.61742,-123.493774,0
-109.58174,-49.843258,0
99.0252,-1.8277608,0
42.19736,128.83981,0
42.76259,129.41806,0
-3.8068097,-81.117645,0
-81.01554,12.963807,0
44.36465,-73.03443,0
18.871548,-148.641,0
-162.63512,-24.249384,0
132.79807,-36.572605,0
-33.40371,157.85966,0
-37.830864,157.78456,0
19.47675,-77.39755,0
-68.520546,15.77182,0
54.336494,-58.8714,0
31.203873,-144.71985,0
-177.84341,-14.015622,0
152.28482,-25.403156,0
-56.537846,151.46092,0
-59.33352,151.81776,0
45.240093,12.662347,0
12.0055895,48.744312,0
-104.60689,84.1786,0
58.830254,18.271854,0
-70.82753,-22.163836,0
139.51755,-78.52067,0
46.759666,40.01693,0
46.052074,39.49949,0
125.89299,99.336334,0
31.570827,20.567007,0
-142.215,45.799564,0
-104.64634,52.8234,0
-59.45171,-36.52777,0
91.2266,-78.88034,0
111.95706,102.20184,0
111.82518,102.36883,0
69.1987,19.076647,0
12.798295,16.955297,0
69.829185,18.521729,0
70.7634,-85.26613,0
-88.329315,-9.669018,0
173.72243,-34.30415,0
55.88835,60.971504,0
55.808506,61.142113,0
-12.781855,-31.590586,0
-12.026595,10.826439,0
-1.374293,-4.565807,0
72.0612,-119.55744,0
-120.59774,-11.040668,0
131.27011,16.452044,0
-8.383252,87.12671,0
-9.443773,83.721886,0
-12.133516,-28.13139,0
-10.66828,6.6178102,0
1.8185767,-2.2789028,0
71.540436,-122.86852,0
-121.91711,-14.356497,0
131.92245,2.5065193,0
-6.1089063,91.98887,0
-6.017175,92.76476,0
13.799652,8.281227,0
17.579937,32.88906,0
14.120559,7.7797246,0
29.736986,-100.54157,0
-86.92153,-35.998432,0
96.93294,27.026255,0
22.260378,59.024437,0
22.183914,59.257404,0
21.634113,-81.34092,0
-69.46262,20.232819,0
56.370438,-65.100136,0
31.913034,-148.8827,0
-183.70862,-14.439946,0
151.47081,-32.48086,0
-59.85311,157.42308,0
-62.84909,160.95708,0
20.229286,-69.65558,0
-63.945232,-4.879061,0
51.60067,-47.946033,0
18.329247,-130.3347,0
-170.45303,3.1608546,0
170.3871,-3.7420938,0
-49.214985,135.58232,0
-57.56469,137.19553,0
-18.67765,-105.577805,0
-69.408356,37.23179,0
-35.72847,-139.93158,0
2.8353546,-171.58374,0
-140.5888,-40.7392,0
112.161804,-19.803677,0
4.6941576,174.80046,0
5.3921847,175.11386,0
-27.553265,-110.195526,0
-68.41697,44.541424,0
-36.261395,-130.28557,0
-0.23100942,-182.20802,0
-144.69958,-51.428352,0
105.00626,-28.354237,0
15.458289,181.29678,0
16.551907,180.95358,0
-73.94443,-88.707855,0
-25.83114,57.9856,0
-78.53173,-91.39994,0
82.97482,-152.47809,0
-94.249374,-40.848488,0
88.47701,17.307251,0
62.704136,112.58002,0
64.99049,110.88687,0
-31.80775,-30.874159,0
-8.3287325,29.746487,0
-33.920216,-26.16247,0
83.74685,-120.86977,0
-118.148125,-26.893826,0
119.9528,18.727636,0
16.43371,90.57052,0
17.40971,90.454926,0
-83.63775,-119.01389,0
3.3169706,61.998726,0
-78.14074,-128.4956,0
-9.920413,-147.71057,0
-104.81572,-62.04966,0
85.47435,-2.4428797,0
68.766846,144.47899,0
71.328674,145.1065,0
66.796936,33.060696,0
20.605305,21.141642,0
66.46527,33.033108,0
72.44232,50.713524,0
-79.9668,-13.808104,0
92.46139,-49.29561,0
63.062992,48.030865,0
63.012203,47.73319,0
43.98498,13.16442,0
13.621826,48.513977,0
-105.47234,83.357925,0
57.948624,18.956234,0
-71.62794,-22.384954,0
139.19444,-79.90795,0
48.220695,38.448,0
48.160248,38.738747,0
-44.10385,-92.098564,0
-48.050358,56.725494,0
-56.361492,-111.430664,0
31.256699,-180.89317,0
-122.564995,-55.822124,0
92.92011,-13.607919,0
27.353619,141.51088,0
32.31229,143.81952,0
-39.55176,-91.86453,0
-74.80667,60.21597,0
-51.31989,-112.65933,0
30.644083,-177.19685,0
-176.2495,-57.643528,0
117.342064,-42.50431,0
19.64507,142.88281,0
20.270796,143.82776,0
-56.032726,-57.77674,0
-6.510003,39.329254,0
-56.905724,-51.355213,0
93.06831,-132.91037,0
-125.99616,-32.364937,0
116.282104,7.1405425,0
36.80534,97.21385,0
37.508976,97.071144,0
-24.74738,-124.08417,0
-91.455864,54.00795,0
-25.324854,-125.30533,0
-14.287818,-190.47923,0
-141.99355,-62.505512,0
108.09599,-26.368568,0
29.263462,197.72952,0
31.963041,197.25867,0
81.23302,63.77068,0
26.4435,20.6751,0
-119.46635,67.57511,0
82.32599,64.172714,0
-48.663673,-22.562346,0
91.23639,-63.18315,0
81.34366,65.58523,0
81.4409,65.53178,0
-13.646948,-110.454216,0
-79.07967,41.427624,0
0.6351546,-124.587555,0
-8.377804,-175.52713,0
-151.80167,-34.74633,0
144.79852,-39.92953,0
1.2893335,191.90958,0
1.0979598,192.48744,0
-77.23576,-115.23913,0
-2.9063811,62.34078,0
-68.82424,-124.51577,0
-9.825013,-154.40622,0
-107.12075,-66.17823,0
85.7754,-7.9344907,0
59.86459,148.95946,0
57.214565,148.84691,0
28.455023,-56.806698,0
-59.889484,13.484454,0
53.251614,-32.286953,0
38.429382,-138.72336,0
-166.46172,-12.4336,0
165.89708,-15.161002,0
-75.15031,128.79155,0
-75.567795,129.06529,0
8.852201,-73.5462,0
-60.06221,8.688681,0
48.711815,-63.184208,0
28.743029,-137.56624,0
-152.1753,-14.074051,0
143.14008,-11.99711,0
-40.22609,139.94456,0
-68.75202,132.38562,0
1.1088089,-76.83258,0
-79.21349,4.8708134,0
36.676678,-66.30766,0
15.710203,-142.20708,0
-155.67816,-21.472376,0
134.03969,-15.030622,0
-31.17467,147.51962,0
-32.71453,147.11884,0
-44.519905,-100.84926,0
-49.195225,48.067043,0
-56.27619,-119.680984,0
24.16923,-188.99365,0
-124.587204,-61.638138,0
101.898445,-13.817975,0
38.673923,147.96127,0
39.22277,148.95145,0
-23.819729,-59.835308,0
-65.76495,60.19668,0
-23.370207,-64.50658,0
54.08075,-156.33952,0
-163.08302,-60.824944,0
124.386185,-55.460167,0
-2.4027042,123.073975,0
-2.5856998,123.07113,0
-37.829037,-95.10521,0
-56.898838,53.32452,0
-49.28119,-116.3125,0
25.706852,-179.36778,0
-127.64457,-57.749203,0
102.644775,-19.21802,0
23.967394,149.37076,0
30.625727,148.91301,0
19.113337,-81.008766,0
-70.44546,19.381456,0
54.81754,-65.30568,0
30.462732,-148.80283,0
-180.67946,-15.648997,0
146.58655,-29.57512,0
-58.96513,158.9151,0
-59.10293,160.45651,0
101.38549,94.64552,0
31.75856,27.342701,0
-137.36789,47.652836,0
-104.833,49.678688,0
-66.312454,-38.75698,0
97.60695,-80.72956,0
103.12691,103.2442,0
103.006966,103.49317,0
-24.449429,-97.03079,0
-60.519302,39.812435,0
-47.019783,-134.6981,0
44.556995,-159.31561,0
-134.44255,-48.11271,0
114.94488,-10.451391,0
15.340275,167.97665,0
15.456497,167.85243,0
-1.8894556,-93.84821,0
-91.40026,18.460028,0
39.342327,-86.45954,0
19.793224,-161.43405,0
-167.30423,-37.992252,0
126.48667,-29.11033,0
-15.030814,162.53227,0
-14.697745,162.6205,0
100.40273,92.9751,0
32.072296,28.761734,0
-141.02177,42.757584,0
-103.910065,48.459408,0
-69.13389,-40.545425,0
99.45382,-78.803444,0
99.94252,106.3923,0
99.59938,106.0567,0
21.17242,-33.68195,0
-34.4331,20.525574,0
25.369268,-27.22296,0
42.30602,-105.795944,0
-138.04912,22.037317,0
168.78482,18.327621,0
-55.119583,84.4742,0
-56.054203,83.171364,0
-11.848171,-54.400627,0
-33.685154,36.45317,0
-13.382645,-50.515762,0
65.59755,-139.16357,0
-113.35251,-1.0274394,0
145.89095,27.027311,0
-16.863161,113.48672,0
-16.951395,112.39554,0
5.42029,-51.432606,0
-49.069042,27.614113,0
-1.0418093,-50.496536,0
50.321083,-133.94135,0
-144.79666,-16.15334,0
162.12224,-3.563318,0
-42.756664,110.72877,0
-42.760162,110.363335,0
-16.152687,-124.84042,0
-82.04742,56.093372,0
-15.654089,-126.67699,0
-17.233276,-182.09259,0
-158.07907,-58.66634,0
113.07458,-38.38795,0
18.661398,197.09969,0
18.612083,196.54855,0
-11.852125,-85.65387,0
-80.57698,67.09952,0
-10.828189,-78.24293,0
32.791042,-164.68323,0
-174.57199,-43.25404,0
128.06749,-38.61642,0
-6.207186,150.67075,0
-5.7225833,151.71875,0
45.931263,7.685458,0
11.4225645,43.55578,0
46.449574,4.242651,0
-101.72624,81.15805,0
-101.25326,-26.112549,0
140.14699,-76.37204,0
43.66348,42.227074,0
42.580532,43.09166,0
-45.67125,-39.51214,0
-24.043316,52.444443,0
-44.702427,-38.008373,0
89.64062,-112.820946,0
-89.69523,-45.088833,0
97.34661,18.197021,0
57.66962,103.86956,0
58.123634,104.68036,0
14.015602,-52.394505,0
-46.77228,4.809128,0
38.03496,-36.280346,0
32.99489,-124.91384,0
-152.2957,2.3775883,0
157.03508,-1.3378174,0
-59.54719,116.7506,0
-60.770103,116.71864,0
2.292973,-22.247746,0
2.3039966,16.939764,0
20.930786,-0.38237715,0
72.877396,-97.489525,0
-100.32534,-11.40753,0
136.08011,-1.4144312,0
1.339025,93.79635,0
18.878613,75.32761,0
2.5442772,-30.873665,0
-21.884747,-0.1255942,0
17.566793,-9.019774,0
63.713135,-112.72997,0
-135.42659,-8.372679,0
133.63219,9.935572,0
-26.808632,98.93306,0
-27.593264,99.6092,0
19.602957,-67.034164,0
-63.715496,-3.6060543,0
49.323166,-48.088104,0
18.467651,-124.74274,0
-166.75455,4.001447,0
170.22212,-1.1392272,0
-51.40677,134.2704,0
-54.78212,135.92265,0
-12.428584,-26.579489,0
-8.866603,9.088011,0
3.5863304,0.17045042,0
73.05959,-115.685745,0
-113.88768,-12.107418,0
132.40776,11.494648,0
-4.162516,88.958954,0
-4.259842,87.98914,0
84.02872,79.06155,0
16.053566,36.670734,0
-124.13157,36.24845,0
-112.53368,39.03083,0
-81.908905,-32.252647,0
113.97522,-74.86811,0
66.60568,76.93521,0
66.312195,76.96901,0
68.68214,-28.19856,0
-104.97349,-95.61501,1
69.166695,-33.769913,0
-45.905727,-160.98361,2
-127.733055,-101.427864,1
195.48175,3.8017514,0
-112.68393,116.33836,3
-112.728615,116.32925,3
69.17382,38.611958,0
22.712486,20.131521,0
69.23468,38.226967,0
75.07694,49.671623,0
-77.16767,-14.04711,0
90.698494,-47.31199,0
68.26652,43.532,0
68.41769,43.504612,0
-77.716354,-114.6804,0
-3.1279817,61.75415,0
-69.40706,-124.70876,0
-10.3530655,-153.62701,0
-106.366936,-68.494804,0
86.850044,-9.366232,0
60.571266,149.15123,0
61.720158,148.8766,0
-21.45499,-104.02906,0
-60.726135,44.51266,0
-39.025627,-136.40617,0
10.892677,-174.71431,0
-132.04556,-57.73446,0
108.39882,-17.402664,0
6.5726357,170.9399,0
6.424522,171.03069,0
-11.905553,-117.170006,0
-78.61901,50.0588,0
-8.711457,-123.92682,0
-13.853652,-176.91942,0
-152.55212,-55.853123,0
113.37603,-35.69414,0
12.768121,195.38979,0
14.610705,195.30426,0
-66.240814,-60.52746,0
-1.3406172,32.141994,0
-67.34627,-63.208344,0
103.00993,-137.31459,0
-161.27507,-61.6249,0
112.96732,28.377338,0
44.31632,83.829704,0
44.60473,83.957184,0
69.627266,39.036163,0
22.788546,19.881039,0
69.774254,38.5537,0
75.363884,49.707783,0
-76.85795,-14.00317,0
89.97123,-47.181187,0
68.82692,43.334496,0
69.03835,43.269123,0
-44.36474,-78.77229,0
-12.084654,47.859154,0
-56.055584,-76.171486,0
98.1237,-113.78832,0
-118.884125,-46.12415,0
98.71524,1.1678686,0
29.579504,119.02868,0
29.822914,118.591644,0
3.234861,-64.78447,0
-58.390827,4.7935,0
48.44532,-56.140408,0
25.79904,-123.8827,0
-156.5613,-7.566588,0
152.91548,-15.196035,0
-37.070263,126.65685,0
-39.10344,125.91681,0
6.141942,-49.769585,0
-47.562077,23.18967,0
35.176315,-32.496616,0
47.212143,-131.06139,0
-145.25699,12.73223,0
163.45316,1.6246076,0
-47.246655,108.23162,0
-46.97691,103.880066,0
108.522385,45.421066,0
55.035698,-14.621415,0
-126.0023,74.648125,0
105.80132,44.584484,0
-55.13819,-15.324758,0
80.11668,-53.711105,0
106.40575,46.524414,0
106.39481,47.106224,0
-29.846777,-114.35743,0
-89.79254,41.784966,0
-34.662525,-128.06468,0
-0.98778045,-185.94121,0
-139.68506,-57.636272,0
110.84328,-22.651743,0
26.476973,179.5533,0
26.399895,178.38254,0
70.909874,-25.369272,0
-103.23462,-98.09962,1
71.83724,-35.979877,0
-47.03811,-162.9322,2
-127.18196,-103.14365,1
194.38768,6.79442,0
-108.94327,112.52193,3
-104.5465,108.286865,3
-9.802518,-59.09952,0
-36.12066,37.668777,0
-14.663016,-53.65586,0
64.405914,-142.44016,0
-111.86668,0.69288045,0
141.73679,26.114431,0
-15.94081,118.369194,0
-13.48528,118.418755,0
-42.126595,-101.38933,0
-51.70218,50.961845,0
-56.021667,-124.33365,0
22.179228,-184.92099,0
-126.58289,-65.010414,0
96.5976,-15.978117,0
34.187485,155.28206,0
41.489986,158.50946,0
89.072624,34.138737,0
66.85097,-9.088557,0
89.6679,33.106167,0
81.4328,51.32556,0
-66.08203,-14.739082,0
85.1371,-46.2002,0
81.98708,41.77765,0
82.14723,41.743523,0
-13.285027,-39.734455,0
-18.33342,17.179064,0
-3.7697456,-13.984064,0
68.36713,-129.64235,0
-130.49484,-15.586177,0
130.42372,7.240133,0
-7.6255407,102.82849,0
-7.7953424,102.08871,0
-71.45932,-90.87183,0
-31.020567,52.879723,0
-75.379654,-94.526,0
78.83462,-154.03636,0
-98.682495,-41.643463,0
91.3733,9.493065,0
63.866096,116.982216,0
64.83904,115.41755,0
89.42206,91.66296,0
27.767036,30.963104,0
-136.78859,41.98604,0
-105.177155,24.117779,0
-69.18705,-38.200314,0
103.2914,-84.19087,0
83.05716,96.61657,0
82.75016,96.34983,0
86.499176,82.29308,0
25.920538,41.17011,0
-133.925,42.071144,0
-112.580696,34.16044,0
-76.721565,-33.896458,0
109.586,-78.34858,0
70.505066,87.86804,0
69.763145,88.35132,0
19.18003,-55.95116,0
-53.200344,18.876766,0
46.48707,-34.505,0
35.191868,-131.3714,0
-152.19444,7.3087,0
140.15805,-18.433838,0
-64.72271,122.961945,0
-80.340996,116.446754,0
-41.574646,-92.45525,0
-72.66959,59.37868,0
-52.569492,-110.86478,0
32.195076,-181.61778,0
-178.02722,-57.68923,0
177.5244,-23.74491,0
24.695517,140.12833,0
25.516375,139.99669,0
69.3529,20.13657,0
13.664132,16.94174,0
70.021736,19.639938,0
70.88252,-84.28896,0
-87.86974,-9.866901,0
174.45091,-35.08298,0
56.94589,60.11992,0
57.082783,60.47129,0
21.59847,-58.322353,0
-55.174126,17.622948,0
48.123096,-36.896816,0
36.122334,-132.32268,0
-156.1097,5.9138784,0
139.57881,-13.054846,0
-63.917057,129.70245,0
-63.344845,130.5534,0
18.311853,-46.73233,0
-46.467922,13.966157,0
39.64095,-28.426357,0
40.96185,-121.7635,0
-143.59073,8.89766,0
161.36278,6.847508,0
-65.85389,109.7775,0
-65.05627,112.37197,0
17.720457,-38.30006,0
-37.803673,16.420462,0
32.307755,-20.853653,0
44.09866,-113.61887,0
-136.28638,14.5085,0
162.99944,15.145761,0
-57.31262,91.010185,0
-56.993004,91.68159,0
4.0580344,-89.366684,0
-86.92388,14.254727,0
47.349716,-79.46224,0
17.343117,-154.33444,0
-164.05804,-31.458778,0
132.9391,-28.543245,0
-34.848858,165.49168,0
-34.475746,165.94745,0
-48.110672,-75.86652,0
-15.0240555,47.55984,0
-56.293587,-69.899,0
101.24384,-118.87434,0
-116.156944,-45.867237,0
104.33178,1.3709437,0
36.869785,114.74258,0
38.90443,113.32561,0
21.40816,-75.31191,0
-64.92302,21.582432,0
57.33582,-57.802696,0
36.9976,-148.19948,0
-179.02466,-7.638871,0
155.52586,-22.863873,0
-64.93521,149.38855,0
-65.17466,151.45401,0
2.9623742,-91.727806,0
-66.06188,46.493004,0
-45.834515,-125.56419,0
17.469889,-164.83435,0
-166.25496,-31.190006,0
123.45914,-20.744507,0
-19.22984,168.81447,0
-20.037148,169.15437,0
126.49015,76.794,0
70.94803,7.3320103,0
-124.77385,63.911495,0
-105.20949,66.04935,0
-52.999523,-29.771662,0
84.872475,-68.17558,0
110.750626,76.75417,0
111.204956,77.81373,0
-44.97503,-74.42226,0
-17.053205,43.53665,0
-52.668713,-69.20987,0
96.70586,-114.558495,0
-120.310326,-42.06899,0
165.01584,-30.507677,0
29.339388,115.5408,0
29.568602,115.44316,0
92.32193,65.627594,0
59.664852,-0.6306415,0
-126.31895,71.54819,0
93.794266,66.72589,0
-52.5006,-21.088036,0
87.566666,-61.78599,0
94.83614,68.63236,0
94.54515,68.3428,0
126.624504,77.323685,0
70.60089,7.1311736,0
-125.24441,63.84173,0
-105.07762,65.56363,0
-52.660114,-30.021626,0
84.612854,-68.4979,0
110.25478,76.96918,0
110.412186,77.430466,0
93.45007,60.769062,0
64.44457,1.2281568,0
-119.7758,65.22483,0
88.496284,62.188892,0
-52.00807,-22.753714,0
88.62528,-63.443207,0
89.18272,63.04125,0
89.128975,63.152294,0
124.168396,74.81361,0
68.42245,7.871698,0
-121.06852,62.07359,0
-106.78682,68.70703,0
-55.044006,-27.35654,0
88.08421,-67.58109,0
116.73692,73.7466,0
116.69185,73.77216,0
-48.132633,-103.257935,0
-49.855183,52.814705,0
-59.975727,-121.56165,0
21.932165,-192.34207,0
-125.02192,-62.79884,0
95.08395,-13.8052,0
43.438,148.70183,0
43.921413,150.14128,0
69.637924,20.626078,0
13.976545,16.95547,0
70.47568,19.991024,0
70.96692,-83.9771,0
-87.40495,-9.639177,0
174.83281,-35.07979,0
57.266613,59.762054,0
57.53222,60.165752,0
-24.652283,-99.51096,0
-61.64039,38.59815,0
-45.56635,-133.86234,0
6.969942,-177.40274,0
-135.8584,-47.078873,0
111.36267,-12.233015,0
13.857311,170.67917,0
16.060184,173.31764,0
-2.977484,-69.91962,0
-75.285965,2.122256,0
33.65503,-68.03919,0
60.89601,-146.23175,0
-151.18463,-17.948954,0
143.8352,-8.323745,0
-29.775578,140.41475,0
-16.53218,119.96451,0
46.11379,6.503591,0
10.054499,48.409107,0
47.14469,2.529954,0
-98.09077,82.34656,0
-98.61224,-25.66439,0
141.21384,-74.37474,0
40.676155,47.122684,0
39.78912,47.68299,0
-4.6778526,-59.661808,0
-55.143764,27.010372,0
-4.399738,-63.548306,0
58.01448,-142.16206,0
-137.42653,-10.012164,0
135.58502,-3.140799,0
-24.847702,125.086464,0
-23.122938,124.98853,0
4.0268154,-83.6648,0
-89.6324,7.326747,0
41.081314,-79.60234,0
10.747613,-151.60806,0
-158.83002,-26.343306,0
134.84856,-21.025583,0
-32.429134,170.11949,0
-32.592052,171.0265,0
20.396036,-62.997887,0
-55.72024,7.6372213,0
45.032635,-39.690464,0
31.591234,-133.49057,0
-165.86183,-6.2421436,0
143.7383,-11.246285,0
-56.19347,126.898415,0
-56.37093,129.12859,0
-31.839754,-46.20913,0
-27.753498,43.409927,0
-35.26953,-38.57361,0
76.97846,-147.43332,0
-96.72491,-39.191833,0
123.89036,28.5015,0
17.853804,107.716286,0
16.623337,107.753624,0
17.323587,-90.109764,0
-75.59519,16.740479,0
54.34216,-73.310684,0
24.235842,-145.59546,0
-176.73041,-24.786606,0
137.59319,-28.84385,0
-46.383526,153.60306,0
-46.145878,154.6957,0
9.524561,-86.38413,0
-82.01961,14.67224,0
44.777695,-70.884254,0
19.73046,-148.9523,0
-163.60745,-23.897842,0
134.05774,-25.312841,0
-31.409988,156.1607,0
-43.88128,151.8077,0
5.3665,-39.402256,0
-31.101408,5.5214224,0
26.108809,-14.174513,0
53.88369,-114.92868,0
-137.18813,4.2249722,0
145.04355,1.2777398,0
-36.242115,86.432686,0
-34.143345,86.36659,0
-39.320526,-100.1173,0
-54.990902,49.356155,0
-54.81382,-120.61026,0
19.78344,-182.23534,0
-129.99994,-64.10774,0
103.80674,-16.865568,0
30.429585,155.56642,0
32.08744,148.32294,0
17.381516,-80.876884,0
-67.551186,17.786493,0
59.468407,-64.77697,0
29.77635,-147.3655,0
-176.39142,-15.984767,0
148.78738,-25.38262,0
-62.831135,155.40707,0
-58.55332,161.85454,0
21.636925,-49.851345,0
-48.03068,14.442796,0
43.32246,-26.570183,0
42.7312,-121.69101,0
-142.22224,7.663946,0
157.45967,12.740852,0
-68.93765,112.56033,0
-69.25728,109.964935,0
-8.316046,-117.35034,0
-75.38847,48.072903,0
-7.248177,-119.7813,0
-14.456145,-172.97604,0
-157.45581,-46.62186,0
138.94733,-48.329895,0
3.5480626,201.72931,0
3.1850677,201.94673,0
125.064896,76.73823,0
69.917816,8.31526,0
-122.5071,66.33466,0
-105.183,67.60538,0
-54.826187,-29.221968,0
85.907875,-69.63639,0
114.41389,77.83984,0
114.32252,77.8615,0
-19.127607,-81.358246,0
-76.51558,71.91398,0
-17.088577,-76.426186,0
38.534313,-165.3373,0
-180.35736,-47.109303,0
131.82385,-45.9108,0
-0.16429134,143.87297,0
0.06864469,142.78822,0
0.49142337,-84.44695,0
-84.9555,8.966694,0
38.463196,-77.82453,0
13.192305,-147.09909,0
-155.1909,-29.448418,0
129.88815,-22.054338,0
-26.687328,162.37741,0
-27.606808,162.32573,0
-4.097364,-49.013428,0
-53.677666,24.787539,0
29.461693,-14.611589,0
53.448837,-131.69652,0
-151.1762,-22.576952,0
136.2761,-15.4618225,0
-35.77624,105.9211,0
-26.735228,109.74225,0
-67.765656,-53.31089,0
4.9789653,36.87186,0
-78.630455,-62.33821,0
98.756165,-141.7298,0
-145.18633,-76.05696,0
104.90643,28.704222,0
51.52797,90.17521,0
52.833042,90.342705,0
-46.949398,-100.090225,0
-47.13527,47.780895,0
-57.47986,-117.2619,0
24.289877,-190.48111,0
-122.19556,-61.02312,0
100.670204,-10.165424,0
39.955173,146.4376,0
41.697403,149.32152,0
-71.162636,-86.81344,0
-30.503023,54.18971,0
-77.67698,-95.18622,0
79.462425,-153.81415,0
-98.46791,-42.652874,0
90.30091,11.627588,0
61.38161,116.99106,0
63.12657,116.38314,0
-16.9913,-119.88183,0
-86.575836,55.083984,0
-9.700134,-128.10616,0
-17.070194,-186.45872,0
-155.69212,-55.38281,0
120.32415,-31.727821,0
21.559534,203.29321,0
22.30072,204.02573,0
109.21985,44.95445,0
55.085217,-13.850013,0
-125.767,77.01308,0
104.06805,45.05955,0
-54.407383,-14.846985,0
79.11553,-53.983723,0
104.38122,47.160774,0
104.877686,47.76015,0
-25.149818,-99.46163,0
-60.550133,37.902863,0
-45.87032,-134.17065,0
8.296979,-177.30408,0
-128.44417,-42.872932,0
113.80168,-11.234418,0
13.937607,168.82869,0
14.822079,171.66269,0
5.5128937,-33.999382,0
-29.901363,4.884724,0
29.061268,-20.195536,0
53.982147,-116.30043,0
-134.45142,2.075742,0
151.96782,13.848921,0
-32.741856,87.46909,0
-32.525078,88.41281,0
5.361389,-88.41233,0
-85.705086,13.181363,0
46.043163,-76.841965,0
17.924618,-152.69023,0
-160.45801,-28.000393,0
133.31898,-23.454416,0
-36.894943,165.13933,0
-38.04471,164.15091,0
100.867584,93.806076,0
31.907381,27.791584,0
-140.98567,43.61589,0
-103.97114,49.644,0
-68.38408,-40.55375,0
99.0214,-79.13129,0
101.03662,105.36328,0
100.93141,105.07457,0
17.26821,-36.291718,0
-36.438835,16.877241,0
29.04731,-21.940603,0
44.458916,-110.88164,0
-134.84332,15.800897,0
163.70007,18.29494,0
-58.70282,89.48625,0
-59.38323,87.96277,0
19.52149,-38.059986,0
-37.685234,13.831872,0
30.328604,-23.798077,0
42.673298,-114.37484,0
-136.21242,13.129545,0
161.7897,15.53248,0
-61.138947,91.55886,0
-65.386444,92.733154,0
11.973415,-27.135532,0
-28.866943,27.18007,0
13.330309,-23.140217,0
50.3759,-101.240776,0
-120.88313,19.192932,0
175.70683,-3.8583043,0
-44.47765,82.32721,0
-41.73665,82.07766,0
88.55563,95.02304,0
26.897808,29.041851,0
-130.94106,41.241207,0
-104.65606,22.34347,0
-66.34186,-36.340435,0
101.63487,-86.470116,0
87.37214,97.486244,0
87.00954,97.50344,0
22.879545,-80.94193,0
-68.30748,21.619347,0
56.049328,-63.71845,0
34.118496,-149.38522,0
-182.94438,-14.497875,0
152.51997,-31.672018,0
-60.334183,156.8696,0
-61.55713,158.81862,0
-29.061565,-44.804054,0
-27.597939,38.76923,0
-33.103455,-39.32299,0
73.61515,-142.4303,0
-109.76975,-29.9222,0
123.82044,13.287419,0
12.100869,104.95967,0
11.505677,103.78081,0
-1.8156687,-87.6509,0
-87.436165,20.287333,0
35.90613,-82.4462,0
26.536364,-139.0544,0
-168.72403,-31.069626,0
137.07988,-25.764135,0
-42.215576,146.2126,0
-20.814306,156.54683,0
6.153537,-64.67335,0
-61.568405,4.0141306,0
46.935818,-54.14735,0
24.885973,-127.32839,0
-158.37442,-7.803441,0
155.37096,-11.872419,0
-35.644505,130.06548,0
-38.59097,134.35352,0
29.586155,-61.15016,0
-55.95145,10.996997,0
48.488094,-41.040386,0
32.33965,-137.63847,0
-169.21942,-7.3366947,0
158.53561,0.860356,0
-70.171,132.95181,0
-61.54168,127.922295,0
-19.547834,-112.39048,0
-63.869488,43.284187,0
-25.230055,-138.807,0
5.9714913,-182.8748,0
-159.15384,-39.92728,0
103.27076,-35.13895,0
-7.3937573,160.45749,0
-57.885952,141.45409,0
65.95368,-27.92284,0
-104.929825,-92.97966,1
66.319534,-33.966095,0
-43.646908,-160.52826,2
-131.88034,-101.00289,1
192.93182,2.469213,0
-115.69193,117.5041,3
-115.77416,118.88161,3
6.4347353,-30.447065,0
-27.040121,22.539175,0
14.540423,-20.52452,0
53.096237,-106.21583,0
-137.90714,-4.125477,0
153.86383,28.124695,0
-43.57043,74.7444,0
-45.563766,74.41001,0
-74.980934,-81.35999,0
-24.760792,53.014557,0
-81.20254,-86.08253,0
87.46461,-157.57916,0
-89.89051,-45.31152,0
96.13144,19.109686,0
57.297146,105.13472,0
57.816757,107.66507,0
5.984855,-49.009045,0
-48.85563,23.356562,0
33.50988,-32.166473,0
48.55888,-131.5854,0
-144.79668,14.588558,0
161.64436,-0.6601668,0
-46.73461,109.12328,0
-46.559265,109.2359,0
-50.95037,-62.011078,0
-10.323869,40.89245,0
-51.000156,-54.100666,0
98.73497,-129.9807,0
-125.99173,-29.57412,0
115.57899,4.701565,0
33.114235,100.57918,0
33.307583,101.28704,0
-45.27358,-96.40252,0
-47.77836,54.09493,0
-62.264755,-122.34976,0
28.647938,-184.19254,0
-120.248474,-67.04706,0
99.31775,-14.006712,0
30.038807,142.17175,0
43.08524,152.34933,0
-35.383846,-109.13015,0
-57.998077,44.232025,0
-43.598385,-128.01045,0
14.340768,-186.20639,0
-134.51027,-63.202206,0
106.10355,-20.13976,0
30.389671,168.63513,0
29.760784,170.36606,0
-17.493765,-40.896717,0
-18.427275,22.270662,0
-7.0479374,-11.730914,0
71.38285,-133.4448,0
-129.30527,-21.449316,0
128.06596,8.5407715,0
-0.28438115,106.86752,0
-3.2809062,110.13919,0
10.952159,-56.99675,0
-51.59113,3.7545333,0
39.58624,-52.055546,0
29.427822,-123.46069,0
-149.88115,-1.5331274,0
154.99402,-4.46823,0
-39.2056,122.3791,0
-39.85728,121.8966,0
70.605545,24.631966,0
16.29446,18.150799,0
71.2824,24.917192,0
71.99007,-81.69531,0
-84.94635,-10.548051,0
175.60858,-37.855885,0
60.25835,56.571415,0
60.61612,56.163963,0
19.598232,-73.50462,0
-66.922585,6.2482834,0
54.60782,-56.32696,0
20.518164,-133.28094,0
-179.57413,-6.4827356,0
153.5917,-21.06542,0
-42.026184,137.84537,0
-42.166283,138.61386,0
-16.863634,-106.078285,0
-70.89989,36.308933,0
-40.469845,-122.61652,0
13.8821335,-177.22696,0
-141.59361,-38.44142,0
120.799446,-18.221415,0
1.9272735,176.42291,0
2.1891057,179.24692,0
1.901693,-64.30332,0
-70.27299,3.5603642,0
40.529793,-62.357246,0
29.086416,-117.83479,0
-154.41818,-5.9053655,0
150.89935,-13.521133,0
-31.65182,124.86779,0
-31.374525,125.02011,0
22.587484,4.0593796,0
5.589509,19.56213,0
22.30037,2.187568,0
73.363235,-94.03168,0
-95.994415,-13.14405,0
167.72406,-31.523125,0
25.573332,76.68804,0
25.353714,78.70352,0
13.274877,-69.14844,0
-60.063526,0.57247037,0
45.21265,-51.86279,0
21.302153,-130.09396,0
-164.62099,-3.674436,0
146.3602,-15.505735,0
-44.17457,134.34091,0
-44.86713,135.93494,0
-41.26839,-60.666573,0
-14.273018,40.448666,0
-38.624863,-59.82436,0
62.062557,-160.58669,0
-165.59384,-66.12404,0
115.982796,-49.65652,0
21.813927,99.179115,0
21.728292,98.65385,0
-77.11819,-114.687386,0
-3.3955178,62.39593,0
-69.582954,-125.19232,0
-10.001224,-154.42484,0
-106.44197,-69.27957,0
86.06349,-10.044769,0
59.46493,147.89354,0
59.388012,147.83209,0
67.49097,22.589087,0
13.873883,18.70379,0
66.189285,22.589212,0
72.820045,-84.058876,0
-87.17604,-11.235563,0
173.6888,-36.13605,0
56.06235,56.15855,0
56.138687,56.75911,0
-37.293053,-85.92621,0
3.6136336,25.666668,0
-65.0961,-99.77138,0
2.1891525,-158.56114,0
-166.78122,14.570945,0
165.15517,-21.745007,0
19.174965,129.96431,0
19.248095,129.75209,0
-28.760614,-75.535706,0
-66.756165,68.645386,0
-27.947443,-73.56984,0
46.978844,-166.03368,0
-172.50801,-62.578518,0
110.185715,-44.71025,0
4.4157033,134.03459,0
4.4593296,134.14693,0
92.32569,65.808945,0
59.416256,-0.5818323,0
-126.25781,71.71789,0
93.81947,66.76117,0
-52.515053,-21.080751,0
87.56131,-61.796852,0
94.76928,68.81864,0
94.359505,68.4924,0
0.8387023,-91.81613,0
-86.11115,21.419344,0
35.38687,-84.13434,0
24.279522,-164.98167,0
-167.63857,-36.026386,0
129.38736,-32.081226,0
-14.858536,158.99792,0
-15.055654,157.59079,0
30.584923,9.115041,0
11.163228,18.264915,0
31.472128,8.337001,0
72.03842,-87.30836,0
-90.22962,-11.455469,0
171.76826,-34.079445,0
33.217903,69.74336,0
33.541092,69.87845,0
-68.53611,-54.52572,0
3.204656,37.141132,0
-76.84333,-63.887825,0
98.28818,-142.43208,0
-144.62923,-74.245285,0
105.877716,29.103762,0
50.05599,91.81222,0
50.609226,91.861824,0
-43.66734,-62.373764,0
-17.433334,41.612885,0
-48.19562,-54.466354,0
92.77235,-120.44894,0
-122.44706,-38.535458,0
107.02961,10.446174,0
30.757475,105.26592,0
30.417822,105.435776,0
45.7339,6.471265,0
9.817506,49.66793,0
47.6428,2.0406463,0
-98.00748,82.083084,0
-99.07141,-26.230234,0
141.10507,-74.07297,0
40.46191,46.446854,0
39.9246,46.83247,0
-17.014568,-43.703823,0
-16.444916,20.607908,0
-6.054416,-9.58694,0
69.5284,-134.15257,0
-131.30093,-19.383749,0
127.3584,2.54318,0
-0.57483053,110.046165,0
-0.90548676,111.27006,0
-7.517115,-34.078426,0
-19.590628,8.431879,0
-1.4191428,-9.719561,0
74.132256,-114.050644,0
-126.07987,-11.429365,0
132.17648,8.914429,0
-13.968486,83.44357,0
-19.164825,89.99905,0
-48.981274,-100.67134,0
-43.547073,48.43515,0
-60.599743,-117.3174,0
25.227978,-193.02141,0
-117.881355,-59.397614,0
98.79744,-9.493662,0
42.371155,143.68958,0
44.007885,146.0559,0
98.435036,50.815125,0
61.949604,4.009412,0
-117.93696,66.03734,0
99.05219,50.705063,0
-57.410183,-18.45171,0
81.24333,-55.728268,0
100.039734,50.604584,0
100.12863,50.597595,0
8.284232,-82.23694,0
-80.484535,11.328555,0
45.44701,-69.73391,0
19.799717,-146.32407,0
-162.1011,-20.782194,0
139.14561,-21.41174,0
-36.826473,152.0206,0
-37.97309,151.35838,0
3.7376158,-74.11753,0
-72.77747,-0.8409023,0
38.197098,-63.088406,0
12.84506,-137.34921,0
-148.82158,-26.199652,0
129.00781,-16.980284,0
-28.761726,142.24701,0
-28.933065,142.13596,0
42.600266,14.867891,0
6.018949,47.479836,0
-101.731636,85.3951,0
60.309483,16.002064,0
-72.163734,-23.807579,0
143.07132,-78.57096,0
48.69764,46.684307,0
48.60621,46.87888,0
-27.22615,-116.58487,0
-87.662056,44.087513,0
-30.746136,-127.81137,0
-4.726699,-186.8787,0
-145.74347,-57.115112,0
113.27241,-29.712803,0
25.506517,184.73343,0
25.222382,183.92146,0
-16.897745,-24.732735,0
-6.619337,14.1931095,0
-16.660194,-18.674387,0
83.112144,-107.25425,0
-112.837715,-12.64103,0
130.52574,-0.943228,0
1.8569021,86.59114,0
1.8905591,87.90015,0
-25.483734,-114.735825,0
-86.250694,41.585934,0
-30.016577,-130.37914,0
-4.785277,-184.45544,0
-143.88904,-53.431667,0
156.74893,-43.359844,0
22.495588,183.89198,0
21.788568,183.11359,0
12.991142,-35.785805,0
0.001963512,10.768639,0
22.699224,-31.514608,0
64.078995,-97.96677,0
-101.64362,-8.104752,0
174.29205,9.593935,0
-33.850994,114.44311,0
-33.737926,114.33859,0
-3.6377935,-90.4902,0
-89.74585,20.946539,0
37.15501,-87.482475,0
20.846972,-159.32918,0
-168.39647,-32.717224,0
135.4098,-30.7889,0
-13.552909,158.97997,0
-13.284453,157.96664,0
30.4502,8.96116,0
10.846752,18.335955,0
31.47542,7.866568,0
72.11958,-87.42021,0
-90.92093,-11.610212,0
171.61256,-34.32896,0
32.65067,69.77356,0
33.20935,69.528366,0
14.341283,-53.73532,0
-49.05474,5.5065036,0
38.93885,-38.56026,0
34.336796,-125.020096,0
-149.70845,1.1896245,0
156.05571,-1.1113814,0
-56.149418,115.37958,0
-58.247475,115.24141,0
46.453674,7.142575,0
9.743695,50.125725,0
48.0966,2.0377197,0
-98.1939,81.69132,0
-98.51102,-26.608818,0
140.40114,-74.71552,0
40.209732,45.932426,0
38.77529,48.023804,0
-54.424175,-59.40237,0
-7.0602913,37.1256,0
-54.509922,-51.991207,0
93.27606,-130.35356,0
-124.34148,-32.20546,0
114.9728,8.098354,0
35.087708,93.31161,0
33.908493,94.10627,0
-20.611206,-37.303642,0
-22.754053,25.038637,0
-6.7271266,-19.384167,0
75.74425,-128.27438,0
-106.01565,-24.44817,0
126.42282,13.952505,0
0.26155075,99.875656,0
-0.16951816,97.71939,0
88.78343,33.826855,0
66.790634,-9.451556,0
89.28779,32.673077,0
81.25281,51.614876,0
-66.146805,-14.287143,0
84.72718,-46.084156,0
81.654366,41.415268,0
81.25503,41.190357,0
-26.601927,-88.10121,0
-72.55068,65.15085,0
-21.623112,-72.51572,0
44.98516,-162.92891,0
-173.39034,-55.249783,0
121.52877,-47.79136,0
6.3721743,136.25822,0
6.717567,136.67285,0
17.264036,-82.24967,0
-63.60086,18.945467,0
58.576866,-67.420815,0
29.137197,-148.90161,0
-175.00443,-15.042763,0
152.57462,-28.3873,0
-61.13594,150.08879,0
-55.564106,164.2878,0
-29.762274,-108.75653,0
-63.334885,41.608887,0
-41.440697,-129.9043,0
5.538857,-181.25316,0
-145.1953,-56.121925,0
107.28816,-21.583626,0
21.263008,174.3694,0
20.578064,174.60013,0
19.923084,-40.366142,0
-34.40836,12.096277,0
31.740686,-18.465576,0
47.182068,-116.63112,0
-130.50511,9.768418,0
142.72699,18.348276,0
-55.186356,95.50316,0
-55.88288,96.474174,0
-68.81905,-94.30449,0
-35.399284,50.418484,0
-69.54961,-95.92723,0
74.77459,-152.83624,0
-104.18026,-40.55051,0
94.37069,2.372479,0
53.416615,136.62054,0
53.69768,136.06438,0
70.47621,22.378021,0
15.148556,17.388256,0
71.563065,21.972477,0
71.28778,-82.94632,0
-86.23648,-10.052299,0
175.56647,-36.445515,0
58.953262,58.187134,0
59.333397,58.69679,0
21.430937,-40.356453,0
-39.788456,17.712988,0
35.246304,-19.378338,0
45.63375,-116.40524,0
-139.11815,16.910503,0
165.19293,15.203648,0
-55.85273,94.597664,0
-63.66085,102.15426,0
-9.963548,-54.789177,0
-33.706734,34.56174,0
-11.188087,-51.754894,0
63.728184,-138.94176,0
-117.47181,0.08950842,0
146.71677,24.180511,0
-19.651209,115.75542,0
-19.015516,113.55407,0
-12.732443,-118.20615,0
-79.84153,50.856247,0
-7.33368,-124.80827,0
-12.95488,-177.64633,0
-154.7517,-48.49873,0
119.98387,-36.551746,0
9.520093,199.53151,0
8.918771,199.78421,0
-7.7564893,-60.317425,0
-56.487568,28.99512,0
-6.5039406,-65.223076,0
56.839645,-144.0085,0
-141.17029,-19.240328,0
122.52197,25.778395,0
-23.144617,128.44595,0
-23.588745,128.76192,0
-69.34077,-93.2494,0
-33.6072,51.583282,0
-72.32916,-96.794815,0
75.308624,-154.91205,0
-101.93082,-42.250748,0
92.39184,6.0008345,0
67.7953,121.874565,0
69.73666,121.50895,0
-51.934013,-95.949646,0
-76.7709,55.04744,0
-16.366852,-130.55734,0
29.786703,-194.04086,0
-153.05392,-60.7542,0
114.567375,-31.871792,0
41.52682,138.52806,0
33.790077,190.14937,0
9.313264,-87.11846,0
-78.72059,11.588855,0
37.425396,-71.67045,0
19.446384,-152.16786,0
-165.65361,-20.506907,0
139.89131,-27.36912,0
-35.66239,157.8818,0
-36.189526,158.13013,0
123.77076,75.9935,0
68.969574,9.193062,0
-120.73336,63.193966,0
-106.06699,67.78744,0
-56.10031,-27.170261,0
87.75099,-68.46467,0
118.18058,74.95214,0
117.810455,74.82902,0
22.110044,-78.88499,0
-66.92299,19.509144,0
59.04341,-63.022552,0
33.655304,-146.65045,0
-180.71788,-12.129774,0
147.55028,-28.211224,0
-61.722015,154.28616,0
-63.76794,155.54596,0
5.055307,-46.243046,0
-50.973118,23.65452,0
31.582218,-33.46118,0
51.04615,-130.41705,0
-148.14192,-8.880254,0
146.75635,-3.1954372,0
-44.530296,112.93941,0
-45.224022,116.465324,0
12.635204,7.56312,0
16.662134,33.322273,0
13.171115,6.7909594,0
30.344534,-100.49163,0
-87.655464,-36.281815,0
97.07971,26.486217,0
21.457314,60.096584,0
21.20523,60.16737,0
-53.576065,-59.581814,0
-7.805004,36.433544,0
-62.77012,-69.68806,0
92.40648,-129.29839,0
-123.643005,-31.377115,0
114.73325,9.134114,0
33.529194,92.817314,0
34.68465,91.28138,0
-21.49329,-25.194723,0
-4.138034,19.039093,0
-22.864944,-18.735874,0
78.26185,-107.63104,0
-107.747536,-17.144459,0
127.65658,26.029951,0
3.3845859,77.56944,0
3.3000264,75.992424,0
-79.33643,-112.947136,0
0.08218388,57.269226,0
-73.761116,-125.10079,0
-14.298824,-151.65224,0
-100.401344,-66.1019,0
80.459366,-7.6903667,0
64.10461,150.92973,0
64.58183,151.3517,0
19.71144,-62.07569,0
-56.565956,7.5307436,0
49.874676,-59.664673,0
29.986385,-135.43816,0
-165.21101,-5.3665614,0
151.0708,-7.976229,0
-56.546104,125.782135,0
-56.101505,125.00089,0
-17.23047,-82.54499,0
-78.71095,71.20506,0
-15.889789,-77.42998,0
36.91495,-165.2373,0
-177.90915,-43.78076,0
132.73093,-43.129112,0
-3.353755,146.41948,0
-4.190152,145.25479,0
73.62936,-24.100597,0
-101.13198,-101.123535,1
75.94247,-38.35386,0
-48.98431,-166.35532,2
-128.18623,-106.71168,1
193.15952,10.5155525,0
-105.645256,110.99742,3
-103.07234,110.21327,3
-45.102753,-65.74035,0
-20.715792,40.75757,0
-42.608154,-67.167885,0
85.18387,-134.04558,0
-119.98132,-36.46661,0
110.45221,8.293454,0
26.30671,106.867805,0
25.486803,107.02957,0
0.15035133,-81.992905,0
-88.833954,11.147616,0
40.399467,-78.12289,0
14.203861,-151.35771,0
-158.4745,-32.04672,0
128.24605,-24.22422,0
-28.411575,165.23686,0
-25.395023,168.692,0
64.27231,36.3802,0
22.684406,22.933723,0
64.207634,36.09873,0
72.52567,48.73614,0
-79.06323,-15.577757,0
93.2073,-47.75433,0
63.068604,44.49815,0
62.78325,44.33784,0
2.428868,-49.94734,0
-48.385143,28.64876,0
-0.58190876,-49.714436,0
52.170197,-136.2839,0
-144.65126,-17.449455,0
128.97841,-6.77557,0
-41.17247,107.98737,0
-41.319168,107.01397,0
19.685543,-53.844505,0
-51.660683,17.894981,0
50.26856,-67.282745,0
37.943604,-129.7884,0
-157.6773,-19.58639,0
132.83623,-18.023964,0
-57.83519,108.17501,0
-65.52188,121.60223,0
24.92107,-48.167984,0
-45.04708,16.24938,0
45.796833,-22.245354,0
45.684284,-124.3467,0
-149.28989,15.879206,0
158.29341,6.72975,0
-72.81135,106.961815,0
-73.65194,107.43861,0
-21.031878,-25.737148,0
-3.896356,19.082684,0
-23.71095,-19.037233,0
78.69658,-108.20864,0
-108.665955,-16.50028,0
129.39014,25.457281,0
4.04196,78.47354,0
5.645068,75.57104,0
124.48083,71.19902,0
66.37224,4.8658376,0
-128.77759,65.06128,0
-110.80171,70.1376,0
-50.039345,-28.703392,0
85.50778,-65.585594,0
108.086174,71.977715,0
108.18093,71.87426,0
-9.297467,-38.714264,0
-18.567844,11.508972,0
2.395367,-8.851822,0
64.65836,-124.73375,0
-124.61987,-3.530348,0
139.25917,8.605731,0
-15.518757,91.90188,0
-18.86437,91.16812,0
12.676549,-61.272686,0
-52.89111,-4.4620256,0
39.62464,-45.744717,0
25.39346,-115.2895,0
-163.57881,8.961681,0
159.45503,-13.426014,0
-33.3198,119.78941,0
-46.176865,124.48922,0
-31.68765,-44.1174,0
-26.299358,41.944534,0
-33.548847,-37.16427,0
77.56991,-143.60039,0
-109.672585,-24.433647,0
123.0154,17.314398,0
10.039919,97.36248,0
16.281538,101.20433,0
-41.863216,-83.336105,0
5.361781,21.842625,0
-58.36161,-107.59564,0
77.73412,-95.874306,0
-119.61816,-55.791588,0
111.92821,-1.8132166,0
26.132734,122.42451,0
25.659204,122.05233,0
-20.569227,-120.337135,0
-86.76114,50.391182,0
-20.598736,-131.09991,0
-10.589453,-185.29381,0
-150.56671,-56.807625,0
112.92187,-34.709354,0
22.055933,194.11665,0
21.613262,193.38339,0
17.386951,-43.570923,0
-47.797745,16.789402,0
37.50629,-25.832691,0
45.197414,-118.47727,0
-141.28047,10.143154,0
163.37329,6.1159496,0
-59.523937,99.96494,0
-60.978115,99.96918,0
-2.3529143,-84.9719,0
-81.88365,10.959906,0
31.362963,-87.97386,0
17.494059,-147.36159,0
-166.34467,-28.968647,0
129.81706,-25.156998,0
-28.162539,154.80817,0
-77.75622,128.63194,0
23.512848,-70.89212,0
-53.329205,19.697771,0
49.496643,-68.21391,0
30.095606,-141.33372,0
-155.26137,-16.962757,0
167.30107,1.1016749,0
-37.517647,148.05975,0
-80.683075,120.325745,0
-25.690247,-105.11593,0
-65.76932,49.84719,0
-41.53359,-142.51984,0
25.320276,-174.5649,0
-132.05539,-52.506912,0
121.40768,-25.248608,0
20.485962,151.09396,0
35.652897,173.10072,0
-77.042,-87.48839,0
-23.82247,59.482628,0
-77.83223,-88.03331,0
86.73741,-152.81161,0
-92.508415,-39.147312,0
86.72277,19.3097,0
52.73813,107.671036,0
52.68572,107.589966,0
-55.81924,-56.743427,0
-7.3459206,40.18396,0
-55.931793,-49.805294,0
92.23831,-134.37929,0
-127.39929,-32.59261,0
117.306915,4.9405518,0
37.329044,97.88308,0
39.164692,101.67724,0
64.98798,-26.576952,0
-103.86808,-92.25291,1
65.7812,-35.223866,0
-42.489243,-160.7441,2
-133.69833,-101.09146,1
191.52551,3.399598,0
-117.594284,117.55389,3
-117.399376,117.37109,3
69.47147,-28.616259,0
-104.91272,-96.57772,1
70.233925,-33.9639,0
-48.744453,-160.98302,2
-126.96241,-101.76969,1
196.50508,4.1208344,0
-110.81138,115.59191,3
-111.33217,116.42546,3
-36.242046,-65.34439,0
-60.074593,68.705185,0
-37.338493,-64.61155,0
57.79751,-164.80028,0
-169.95299,-67.14698,0
112.76546,-52.473007,0
9.188131,115.70793,0
9.730915,114.86146,0
82.6138,79.8962,0
17.174007,34.79793,0
-124.94011,36.4064,0
-113.80804,39.096333,0
-81.521996,-33.941044,0
112.85001,-76.576866,0
68.74333,78.510994,0
68.671776,78.359634,0
7.2156734,-26.105135,0
-29.165663,20.62779,0
8.630741,-22.507109,0
55.645493,-102.65818,0
-125.40716,15.341782,0
172.33418,23.13478,0
-39.88071,74.54174,0
-39.836456,72.47121,0
-31.741003,-47.241974,0
-29.734602,41.985023,0
-35.054253,-39.32576,0
73.02341,-145.32275,0
-110.96802,-8.182042,0
120.65953,15.647338,0
15.830589,109.708015,0
16.116882,109.155945,0
41.379025,-0.15441893,0
5.743694,50.967213,0
41.728733,1.2041128,0
-93.05206,83.409355,0
-137.44814,-37.525425,0
144.80109,-71.2971,0
39.04089,52.300446,0
40.34775,52.36643,0
-6.5764956,-24.525606,0
-24.958817,-3.1851907,0
-22.01264,-12.618628,0
69.69749,-110.901276,0
-136.11578,-5.762103,0
134.4871,-2.0021882,0
-22.506657,82.00179,0
-7.5901146,77.79785,0
-29.461521,-44.656013,0
-26.90811,40.021786,0
-32.987263,-38.773125,0
75.015434,-142.90689,0
-108.76583,-32.509983,0
121.89704,14.140817,0
13.025606,104.224976,0
14.244569,103.258354,0
17.811445,-44.35095,0
-46.920673,17.13723,0
39.256836,-25.666456,0
45.09691,-120.752304,0
-142.2215,11.497464,0
162.47604,6.7797923,0
-58.94505,101.9206,0
-69.51202,108.069725,0
25.26041,9.167537,0
7.917373,14.397978,0
30.665495,2.2632787,0
68.46571,-90.64589,0
-95.0489,-12.258817,0
158.36682,-37.5102,0
-12.809432,189.34062,0
20.335638,73.23381,0
2.3344345,-85.29252,0
-86.362015,10.434547,0
37.829346,-80.46186,0
8.9956255,-146.38179,0
-159.24805,-28.99159,0
131.71709,-22.333178,0
-25.088812,155.59602,0
-25.415894,155.1249,0
-41.776073,-84.61794,0
3.6416893,23.446493,0
-58.69169,-106.07874,0
97.084885,-112.943146,0
-118.45725,-55.796394,0
98.043335,-4.674683,0
25.802849,125.79886,0
25.399473,126.20211,0
-22.02014,-24.482353,0
-4.853677,19.563604,0
-24.055265,-17.937578,0
78.213585,-108.4394,0
-108.80321,-17.918648,0
128.11407,25.703363,0
4.567105,77.76374,0
5.014442,76.56237,0
-59.40396,-93.439644,0
-29.87405,48.44642,0
-64.35245,-101.532616,0
71.49632,-155.7727,0
-103.170815,-50.77998,0
89.85813,3.4845212,0
49.04529,121.92144,0
49.446297,121.733696,0
-69.35986,-90.25181,0
-33.216972,54.882725,0
-75.69952,-96.73362,0
77.51609,-157.75899,0
-99.57249,-46.181522,0
87.7171,9.841926,0
62.076233,120.72668,0
63.83222,120.368065,0
-18.345547,-84.22768,0
-77.32054,69.367424,0
-15.413152,-76.73135,0
38.050377,-163.51013,0
-179.74786,-44.928074,0
127.90512,-42.009346,0
-3.167756,141.89153,0
-2.650208,141.6992,0
-40.200787,-90.5741,0
-72.614784,61.64648,0
-50.578613,-109.61415,0
32.3643,-177.0112,0
-178.81075,-56.89127,0
117.26162,-43.8017,0
19.65621,140.78853,0
19.517805,141.02457,0
-13.421407,-118.78902,0
-80.36361,50.742,0
-8.4492445,-124.9914,0
-12.71483,-178.26575,0
-154.01736,-50.464138,0
118.62996,-35.9177,0
10.8747,198.52142,0
10.475224,198.65367,0
-74.79702,-87.35653,0
-25.363289,56.757248,0
-79.22004,-90.29226,0
84.07773,-153.87845,0
-93.46922,-43.13735,0
89.24029,15.536646,0
62.28956,110.18948,0
62.948666,109.1697,0
22.183418,-45.202457,0
-42.830082,17.625353,0
39.26278,-23.21428,0
46.65002,-122.17328,0
-146.04851,14.837154,0
156.0158,10.334821,0
-58.79699,103.14949,0
-61.609608,103.75036,0
113.03233,60.626564,0
65.91976,4.1928267,0
-127.88201,65.3186,0
-118.86014,81.076164,0
-49.493538,-28.457277,0
82.086365,-62.5459,0
109.618454,63.914204,0
108.94667,64.50599,0
-11.185073,-32.113205,0
-13.082151,10.20716,0
-0.66083074,-6.579128,0
71.17434,-119.11133,0
-122.02566,-10.104661,0
135.45938,11.510427,0
-9.683821,87.194595,0
-11.0372715,87.76753,0
85.49024,65.37047,0
60.34058,-2.2343,0
-118.9768,66.648575,0
86.616516,64.428,0
-50.48535,-22.12533,0
89.84118,-63.158436,0
85.77659,67.89043,0
85.71618,67.67422,0
67.1656,-28.159887,0
-105.237274,-94.30259,1
67.52291,-33.84269,0
-44.65556,-160.48157,2
-130.65886,-100.652435,1
194.84193,2.9549708,0
-113.85138,117.114944,3
-113.44083,116.73419,3
14.69395,-67.50646,0
-61.076786,-1.4140975,0
46.80782,-49.991703,0
21.418468,-123.64911,0
-164.22168,-0.89365107,0
147.22601,-14.997075,0
-46.4059,132.36795,0
-57.219864,132.89081,0
16.754347,-51.76499,0
-47.004814,9.32316,0
39.810146,-32.138332,0
39.07601,-125.01672,0
-149.64207,6.273349,0
155.53389,4.5855727,0
-59.09567,108.04111,0
-60.043175,108.26187,0
22.841532,-41.64997,0
-50.4154,17.541218,0
44.11984,-25.723394,0
44.498363,-126.45616,0
-141.36073,5.3851576,0
167.9673,7.1600733,0
-74.759315,113.4866,0
-75.94795,113.30116,0
-25.70219,-97.87232,0
-59.048897,39.789448,0
-47.605392,-133.0059,0
7.5686417,-182.22714,0
-130.0015,-51.277546,0
127.60648,-33.686134,0
16.858065,167.03778,0
19.16827,167.30408,0
-32.89293,-99.586075,0
-51.145176,37.46658,0
-42.675823,-119.59562,0
13.091018,-180.36876,0
-127.12887,-49.956734,0
100.611595,-27.686983,0
14.472497,159.05013,0
14.512572,159.71861,0
-46.30379,-94.241875,0
-45.55923,53.99659,0
-55.681408,-114.05736,0
30.09433,-186.63399,0
-120.24265,-65.826614,0
95.82888,-9.312369,0
34.168163,142.10104,0
32.67596,140.78485,0
-12.36691,-119.6228,0
-78.69041,50.870003,0
-8.54638,-123.58391,0
-14.852652,-177.30956,0
-155.88902,-51.857193,0
115.48116,-36.42183,0
13.18348,195.85098,0
13.689631,195.63264,0
-7.454934,-99.75848,0
-72.32643,28.53562,0
-0.66309613,-110.33055,0
3.6445267,-163.35358,0
-135.14812,-38.203968,0
96.0593,-1.6472106,0
-7.6757355,170.56801,0
-7.3419385,169.3703,0
-8.3395195,-100.4131,0
-73.064964,29.72822,0
0.149053,-110.14534,0
2.0982919,-164.86961,0
-135.72293,-37.210705,0
104.07728,-8.108266,0
-7.3779683,172.25436,0
-8.476921,173.68802,0
20.621086,-75.353226,0
-65.67441,22.403603,0
56.32688,-57.975292,0
36.140835,-148.49323,0
-180.3548,-8.261832,0
154.316,-22.506296,0
-65.88629,150.1617,0
-66.09021,151.44302,0
-10.594738,-56.06679,0
-35.02419,34.882797,0
-11.549071,-50.219475,0
63.628593,-140.71231,0
-115.827354,-0.626299,0
143.48491,24.045774,0
-16.92377,116.9731,0
-16.813457,115.25788,0
12.944078,-27.831205,0
-30.217432,27.356949,0
17.523443,-25.071323,0
49.05984,-101.43936,0
-125.902794,20.37525,0
174.53976,15.762807,0
-45.191975,82.5745,0
-45.127575,83.907196,0
5.7207975,-82.80554,0
-88.902664,5.8652825,0
42.06081,-79.15627,0
9.754302,-150.79439,0
-156.07054,-25.042065,0
135.55351,-19.325474,0
-30.246323,171.47751,0
-30.858873,172.52632,0
12.81838,-51.970737,0
-46.788513,6.8208795,0
38.709194,-33.676273,0
35.651287,-121.84026,0
-148.47673,3.0265257,0
164.83022,12.515285,0
-54.11218,112.78985,0
-52.00474,111.99441,0
-23.332497,-109.13624,0
-70.52695,45.028732,0
-31.110685,-133.83112,0
0.7652719,-180.28525,0
-143.41948,-48.661713,0
123.31425,-7.7458344,0
15.102102,184.0842,0
16.192839,184.25978,0
-75.042145,-115.98202,0
-2.5354702,65.012245,0
-68.43214,-127.71611,0
-7.259256,-154.8118,0
-108.99046,-65.85168,0
89.57363,-10.543724,0
57.666393,145.69342,0
57.164898,145.21123,0
-24.46894,-58.35404,0
-63.86078,61.336224,0
-25.068296,-65.13582,0
54.32416,-157.47041,0
-165.04654,-61.0522,0
121.47401,-54.077503,0
-0.8007638,121.32974,0
-1.3007119,119.58582,0
-17.094921,-24.196928,0
-6.2769456,13.889243,0
-16.380447,-19.215218,0
83.56866,-106.53153,0
-112.4675,-12.189739,0
126.25081,19.919165,0
0.79980385,86.82395,0
0.9945347,86.6973,0
71.34221,-23.762999,0
-101.478714,-99.08084,1
73.72808,-36.79462,0
-46.752876,-166.30447,2
-126.47879,-105.063614,1
195.90431,8.201723,0
-108.1228,109.12619,3
-108.3314,107.9828,3
-28.98839,-105.3879,0
-62.01823,49.62819,0
-43.287712,-124.98238,0
14.107994,-174.3943,0
-128.90414,-54.985268,0
100.69846,-24.735653,0
19.308977,154.70847,0
18.554922,154.83868,0
23.64382,8.282089,0
4.2474084,17.850906,0
28.840517,1.8666474,0
72.05407,-93.20747,0
-97.19562,-14.003304,0
167.10376,-32.05609,0
22.216679,74.960945,0
22.301674,74.934525,0
-50.71458,-81.91313,0
-12.639614,53.437344,0
-62.02068,-77.93678,0
103.34161,-123.94745,0
-113.061646,-48.389458,0
104.83003,-2.2459853,0
36.905773,124.77085,0
38.27894,125.347404,0
10.873002,-87.70976,0
-78.260216,11.333408,0
38.786037,-71.77661,0
22.676416,-152.61882,0
-165.17401,-18.976387,0
140.36272,-27.913319,0
-35.03973,156.84631,0
-35.130344,156.38635,0
-20.225245,-122.03495,0
-87.37399,52.84337,0
-19.773712,-128.73506,0
-13.534914,-186.37279,0
-154.733,-55.596836,0
120.44527,-32.80349,0
23.449364,198.4204,0
25.043962,197.30856,0
-16.519213,-84.22857,0
-79.42468,69.43865,0
-13.629321,-78.59577,0
35.59507,-165.00098,0
-177.39227,-46.045506,0
131.72748,-40.893284,0
-2.9285388,147.5619,0
-2.978622,148.04997,0
98.926796,49.377785,0
61.611828,4.1617665,0
-117.1958,66.04659,0
99.12967,49.886364,0
-57.17651,-17.681614,0
81.142365,-55.31161,0
100.33351,49.8113,0
100.26,49.724308,0
0.5394965,-76.03244,0
-80.024635,3.521166,0
36.41134,-68.839355,0
16.178162,-143.2917,0
-156.85564,-21.956926,0
132.78572,-16.457952,0
-28.611147,145.91734,0
-28.203281,147.93808,0
-36.263233,-98.03623,0
-58.949745,50.10314,0
-45.25671,-119.707924,0
20.076162,-178.30582,0
-181.38953,-58.199474,0
96.4745,-24.232023,0
25.15805,154.84813,0
25.18308,154.40613,0
-25.289448,-36.548977,0
-24.191385,37.423405,0
-27.530727,-19.858278,0
78.1393,-141.6947,0
-108.112564,-24.026413,0
123.8132,16.278976,0
10.76621,98.19463,0
11.084628,98.52133,0
30.809347,-46.399323,0
-45.50193,22.815832,0
32.28489,-45.91648,0
47.021572,-137.0304,0
-146.00233,19.918049,0
170.52908,12.194096,0
-76.042534,101.350624,0
-20.019793,138.64076,0
-35.680275,-98.74907,0
-64.15445,46.195232,0
-45.03288,-120.81368,0
18.0004,-177.80223,0
-142.70514,-31.34435,0
126.15888,-12.039917,0
24.301592,155.45074,0
24.777369,155.8816,0
-30.027555,-114.7452,0
-89.68809,42.15315,0
-33.19681,-127.73132,0
-1.5807197,-186.47456,0
-143.96072,-56.56328,0
112.849075,-24.837376,0
26.633997,180.09941,0
27.648546,180.23677,0
2.4709063,-88.717995,0
-87.82612,14.159112,0
41.859344,-82.59789,0
10.890693,-149.22488,0
-161.48705,-31.15085,0
129.1278,-24.082268,0
-27.222406,165.51013,0
-21.99702,167.2249,0
-16.16498,-113.54508,0
-84.59838,42.309753,0
-2.9603229,-121.369835,0
-5.852877,-184.34004,0
-144.41194,-53.856663,0
141.72668,-44.752995,0
6.819052,190.11397,0
0.66947883,188.667,0
-51.01876,-97.38656,0
-44.7422,45.403282,0
-60.37826,-112.28341,0
27.707909,-192.02643,0
-119.74457,-58.476723,0
102.51449,-5.4933567,0
40.59427,141.10718,0
39.814613,139.99933,0
16.804047,-48.466778,0
-43.53515,10.357266,0
35.450554,-26.18215,0
40.199547,-117.86286,0
-147.20956,10.652983,0
163.92389,10.677393,0
-65.67836,99.48948,0
-66.09828,99.46133,0
46.481262,18.548433,0
20.34238,48.883827,0
-117.246925,82.04223,0
53.381165,23.446257,0
-75.83775,-19.608326,0
132.17963,-82.09507,0
50.027195,26.685137,0
49.946064,27.13162,0
-31.13927,-111.26098,0
-59.453228,43.761868,0
-38.071922,-130.27852,0
1.9379711,-183.1254,0
-139.25937,-55.049564,0
111.29268,-20.231646,0
29.423016,167.269,0
28.723566,167.31042,0
125.97985,76.34943,0
70.15026,8.180563,0
-123.87124,64.41044,0
-105.306564,66.608444,0
-53.47411,-28.955297,0
85.58259,-68.44265,0
112.410545,76.96749,0
112.33984,77.47439,0
-31.984524,-57.827785,0
-60.542686,65.73143,0
-36.731857,-57.310394,0
59.50344,-160.70236,0
-166.28122,-66.80074,0
117.20056,-53.416004,0
8.67307,119.3296,0
14.4875965,80.8833,0
-49.132565,-76.79231,0
-16.235441,49.777565,0
-59.00189,-72.08267,0
102.36625,-117.70304,0
-115.13226,-44.27678,0
102.523796,1.7149972,0
37.21592,117.52815,0
38.646683,116.73158,0
11.914462,-71.62441,0
-68.90155,10.764348,0
51.90514,-60.359425,0
25.151999,-137.56621,0
-150.31445,-15.843852,0
143.24132,-13.771339,0
-34.490925,137.74937,0
-44.23439,139.97198,0
116.881645,44.956676,0
61.05991,-11.910285,0
-123.89482,86.36167,0
129.36809,50.393955,0
-49.94945,-11.231143,0
72.35654,-54.40877,0
136.00551,55.276962,0
136.99258,53.937862,0
-40.760445,-103.97769,0
-50.957912,47.049496,0
-53.402054,-124.29092,0
20.169136,-187.57808,0
-128.11609,-61.746586,0
101.0222,-14.631913,0
34.33562,160.21532,0
38.451206,157.5115,0
26.057928,-51.51146,0
-54.251892,11.942517,0
50.5734,-28.179802,0
40.811043,-137.42703,0
-155.15408,1.8809932,0
168.36205,-7.4716816,0
-74.790886,123.53261,0
-74.57721,122.053696,0
-85.704994,-118.47741,0
5.5532866,60.853344,0
-80.960915,-126.61443,0
-11.965917,-145.54802,0
-104.955,-60.686256,0
86.98021,-3.7216072,0
69.86321,140.35912,0
69.88396,139.74854,0
-45.37902,-40.320435,0
-23.712334,52.00402,0
-43.55762,-39.145073,0
90.14294,-112.37099,0
-89.115204,-44.34245,0
97.98653,18.833677,0
57.31336,102.92653,0
56.491787,103.03474,0
-23.717524,-26.532682,0
-8.206411,21.845705,0
17.336142,-11.984235,0
72.64432,-110.703835,0
-117.03042,-16.357279,0
130.92334,27.687517,0
-1.094471,77.86565,0
-25.682035,78.85092,0
-49.99366,-41.9388,0
0.37827972,28.42502,0
-39.511444,-32.487156,0
106.546326,-134.11002,0
-112.67707,-39.510166,0
104.993965,21.516817,0
43.00304,105.32045,0
-24.878206,120.78203,0
-70.39052,-88.72049,0
-32.024784,55.44224,0
-76.85139,-96.99361,0
79.41873,-155.1598,0
-98.28357,-43.3931,0
89.16338,10.163184,0
62.347588,119.17947,0
63.51094,119.61911,0
11.274856,-46.651966,0
-50.09336,8.87943,0
42.393997,-35.082092,0
38.06119,-124.38914,0
-148.18861,6.413455,0
152.50139,3.844526,0
-54.123653,109.45101,0
-56.91718,110.070496,0
-53.33537,-83.40518,0
-15.559134,55.370113,0
-63.62129,-76.18574,0
100.0681,-123.27937,0
-109.98469,-48.689007,0
106.82898,1.1511039,0
41.258266,130.21332,0
40.565273,163.708,0
-2.811207,-28.039127,0
-18.214043,4.959539,0
11.508005,-1.69958,0
64.527626,-118.66595,0
-130.00598,-7.8152533,0
147.70303,14.926244,0
-20.025204,99.5423,0
-17.94496,106.04484,0
3.3637333,-50.734657,0
-47.56851,27.560493,0
0.403326,-50.539085,0
51.442978,-134.78079,0
-143.85948,-14.631711,0
161.8226,-4.871832,0
-40.73167,109.35948,0
-41.15784,109.414055,0
43.285572,9.100772,0
6.230852,49.110226,0
41.83193,4.0044546,0
-99.48148,81.70251,0
-99.56393,-29.346926,0
142.64401,-76.59011,0
45.09415,45.76868,0
44.738697,46.154343,0
11.829036,-48.29521,0
-39.94009,5.5259185,0
31.03734,-31.231548,0
51.16027,-123.36268,0
-127.42933,6.696702,0
151.52336,3.6087527,0
-51.75338,102.48141,0
-51.788456,101.514534,0
-67.67613,-52.313755,0
5.7471128,37.35625,0
-79.96215,-65.22371,0
97.68403,-142.30527,0
-145.81944,-75.12651,0
104.1988,28.487688,0
47.40528,96.401535,0
47.678764,96.790565,0
-1.6136638,-90.31604,0
-89.418564,19.808718,0
38.019096,-83.01158,0
20.712303,-158.26735,0
-166.18369,-36.81463,0
136.19081,-38.22765,0
-20.455025,161.09755,0
-18.997215,163.67828,0
-30.25765,-102.371056,0
-55.78791,39.026978,0
-39.3356,-117.6765,0
10.967971,-186.38394,0
-131.77167,-47.826633,0
108.50043,-13.910224,0
16.958897,162.97006,0
17.117208,161.27463,0
-3.445219,-34.72496,0
-21.883362,7.627284,0
8.748007,-11.39267,0
59.22028,-121.059494,0
-128.49237,-3.3850808,0
136.25339,-54.636436,0
-18.715958,92.26209,0
-17.927134,90.32911,0
-52.532257,-59.330612,0
-8.213738,35.700798,0
-52.235123,-50.09231,0
91.81782,-129.02753,0
-123.39863,-29.38507,0
112.17068,20.221447,0
33.19178,92.3568,0
33.52888,91.53728,0
-27.47431,-115.372604,0
-87.240234,42.69585,0
-31.567194,-127.617744,0
-4.5722494,-185.72044,0
-143.57515,-54.87123,0
112.43205,-28.192125,0
23.915941,183.78604,0
24.305023,183.33228,0
14.625168,-50.712936,0
-44.6397,6.1182613,0
38.503822,-35.09137,0
38.833855,-122.00898,0
-151.02452,4.695114,0
158.80214,-2.016982,0
-63.634613,115.09292,0
-63.997414,114.7701,0
14.661757,-63.587677,0
-58.136673,-3.6491086,0
46.979397,-48.775322,0
22.062588,-119.461464,0
-158.13542,0.12003256,0
153.03436,-9.234524,0
-46.679646,128.56175,0
-50.04351,131.65074,0
-6.9057026,-101.937805,0
-75.3026,31.148754,0
1.776703,-111.702675,0
-0.347702,-165.51018,0
-146.157,-37.706497,0
152.48419,-47.000446,0
-8.547519,177.22269,0
-8.750691,177.60297,0
-76.0075,-86.032196,0
-26.594063,58.839603,0
-77.14401,-90.638214,0
84.853455,-154.26402,0
-92.476364,-44.046017,0
87.893906,16.340618,0
58.56783,111.07877,0
58.851254,112.924255,0
44.736458,13.632558,0
13.413248,48.404594,0
-106.00736,82.792534,0
57.60278,19.344355,0
-71.68934,-22.056011,0
138.31612,-79.6972,0
47.532135,37.9345,0
47.08595,37.35103,0
-83.3145,-119.65072,0
2.889546,62.37138,0
-77.51763,-129.16364,0
-9.891123,-148.1782,0
-104.452736,-61.483982,0
87.4854,-2.4057765,0
68.927025,144.57603,0
71.74709,145.92404,0
10.557504,-36.746414,0
-1.761998,7.95315,0
18.324638,-21.147352,0
64.34026,-102.45383,0
-164.41426,15.59252,0
165.95253,-21.327963,0
-29.232851,112.6707,0
-28.79749,112.841606,0
14.0199375,-68.148224,0
-59.24928,-0.8820795,0
45.460857,-50.10145,0
20.370647,-123.15949,0
-161.77594,-3.3522072,0
144.98389,-12.035428,0
-45.18501,132.19028,0
-47.68937,133.64142,0
11.28826,-63.159725,0
-57.555733,-0.88482195,0
42.25689,-49.90167,0
23.012726,-121.90436,0
-160.2997,-0.8278127,0
148.91722,-11.105863,0
-42.829494,129.03171,0
-42.55524,128.19981,0
-42.312576,-84.3544,0
-8.111734,49.950165,0
-58.381153,-104.89768,0
97.21686,-111.600136,0
-117.62947,-52.422207,0
98.18635,-3.678025,0
26.659586,127.22937,0
27.403154,127.30517,0
5.5879965,-36.787144,0
-31.552284,3.1499543,0
22.678545,-16.09988,0
53.059345,-113.445404,0
-136.34492,5.841264,0
155.00787,15.665249,0
-33.66936,82.455574,0
-32.79789,81.21366,0
-63.84585,-92.81961,0
-38.056236,54.107307,0
-68.838425,-99.63877,0
72.58503,-159.98091,0
-103.07911,-41.82491,0
89.35934,-23.014652,0
59.085777,130.4144,0
60.32924,130.3631,0
18.477623,-90.473206,0
-74.57018,16.17144,0
56.97484,-73.937325,0
24.376942,-144.19576,0
-175.30704,-22.781437,0
133.28085,-4.7520328,0
-46.38814,151.83943,0
-21.59387,178.53206,0
-35.474155,-103.88625,0
-55.33729,42.622902,0
-48.418,-127.04474,0
13.250767,-187.27354,0
-129.25153,-58.81212,0
104.00881,-19.732267,0
30.700748,162.43646,0
27.064081,165.1494,0
-40.63198,-105.283134,0
-50.573544,46.219273,0
-54.03128,-123.721016,0
21.014267,-188.5357,0
-127.79992,-60.707005,0
100.59039,-15.317121,0
34.487194,160.8706,0
39.17803,157.11452,0
0.5206771,-44.69152,0
-29.876486,13.588741,0
6.2318377,-19.835567,0
54.273678,-124.871605,0
-127.064995,4.644067,0
148.65715,4.805227,0
-42.220146,99.980446,0
-42.658424,100.63127,0
-26.508362,-113.7673,0
-87.165985,40.122574,0
-32.563072,-129.35655,0
-3.3430715,-183.87492,0
-141.4148,-54.39574,0
111.85429,-25.456203,0
23.445406,181.19054,0
23.443209,180.76382,0
-46.38449,-74.96277,0
-16.582266,46.315712,0
-54.274055,-70.777176,0
100.406944,-115.24193,0
-119.06053,-44.125988,0
105.73033,6.477808,0
33.284927,114.53872,0
33.723755,113.52099,0
-67.32045,-87.23961,0
-33.83219,58.632935,0
-76.492294,-101.06181,0
80.3436,-159.94588,0
-98.1436,-48.581112,0
87.97937,12.535022,0
56.987064,123.578606,0
57.22419,123.8671,0
19.137775,-80.48372,0
-69.8976,19.323072,0
54.967937,-64.1643,0
31.173893,-148.32697,0
-180.27596,-15.679692,0
151.35463,-29.93639,0
-58.63391,157.36436,0
-58.988033,158.32887,0
127.522415,98.81842,0
32.938377,18.5164,0
-143.8728,58.458805,0
-104.90826,58.046608,0
-57.235252,-38.3026,0
88.93083,-80.01134,0
116.293,98.66732,0
116.3856,97.84815,0
25.562086,8.16746,0
6.0649924,13.189901,0
28.41404,-0.50570196,0
67.20228,-92.51434,0
-158.09012,-9.975007,0
157.90674,-16.906261,0
21.829742,70.54493,0
22.907713,70.72979,0
-31.979061,-43.980553,0
-26.991585,43.126644,0
-37.393833,-38.655987,0
77.33822,-145.7266,0
-111.83349,-20.339794,0
123.540924,27.460415,0
17.564787,104.3462,0
63.02111,114.42524,0
-26.86016,-59.95066,0
-64.56206,62.547096,0
-27.17159,-65.11176,0
53.416546,-159.54059,0
-166.26775,-61.152042,0
120.259186,-54.388367,0
1.5960108,123.41052,0
1.8608259,123.32602,0
30.395554,-55.094982,0
-61.917877,10.67204,0
35.409725,-49.599483,0
40.13672,-140.00526,0
-165.10686,-10.916891,0
167.26974,-17.415585,0
-68.20441,130.32463,0
-67.639,130.9304,0
-38.02026,-103.46532,0
-54.73485,48.397686,0
-45.563076,-131.1401,0
19.563356,-183.80502,0
-129.38206,-64.52274,0
102.18484,-17.309544,0
32.628136,157.8781,0
37.20971,157.00638,0
-31.10745,-47.36219,0
-30.02791,41.564014,0
-35.61422,-38.962933,0
72.15559,-145.65613,0
-111.056656,-5.806381,0
97.793236,10.540677,0
15.317303,108.6835,0
15.480619,107.88378,0
-16.143646,-83.47891,0
-79.945915,70.11616,0
-14.53413,-78.675735,0
35.01922,-164.20044,0
-177.38687,-44.328156,0
128.91093,-39.400627,0
-4.2159734,146.72603,0
-4.4422565,145.86046,0
1.5611677,-30.681437,0
-24.661098,0.24504481,0
17.691591,-6.7735887,0
60.16721,-114.29211,0
-133.61505,-3.8870137,0
146.13614,19.192272,0
-26.012182,85.57349,0
-25.045307,86.427155,0
-2.381939,-79.62963,0
-83.60965,3.1579456,0
35.528942,-71.77779,0
14.014242,-153.07205,0
-161.75787,-27.112743,0
136.57906,-18.440502,0
-33.82596,169.41884,0
-33.60803,169.93518,0
-21.107967,-81.01805,0
-74.756516,70.563225,0
-19.452547,-76.71098,0
40.312252,-165.25288,0
-178.98233,-49.322937,0
127.87345,-45.48836,0
-0.37239,140.5213,0
-0.40470737,141.48174,0
-30.353073,-116.735725,0
-90.88426,41.046394,0
-33.766,-125.52828,0
-1.7596818,-188.43364,0
-140.95581,-57.45023,0
109.3694,-23.788445,0
28.189821,181.31992,0
30.109793,181.1775,0
5.2077885,-40.75653,0
-32.472366,8.870194,0
26.555752,-15.733539,0
51.706345,-117.26755,0
-140.49619,-3.879697,0
153.48705,7.057161,0
-32.75096,100.150795,0
-33.22659,74.42571,0
5.9527993,-96.02493,0
-74.70927,9.3528805,0
31.625967,-78.161,0
7.549662,-143.41768,0
-161.21394,-34.641537,0
132.54245,-31.408772,0
-25.372463,151.7585,0
-25.73092,151.16335,0
-8.277736,-57.889046,0
-38.3544,34.598232,0
-9.295334,-66.48271,0
60.991474,-140.07031,0
-113.37423,2.4443715,0
142.26266,27.072676,0
-19.534985,122.18658,0
-20.289991,122.12973,0
10.6249075,-84.75306,0
-80.904,14.8865185,0
46.0383,-72.873245,0
21.206049,-149.89671,0
-166.9511,-23.3486,0
139.11475,-27.19243,0
-38.25843,159.40373,0
-41.199074,160.70052,0
-15.472567,-111.60934,0
-81.66721,41.928764,0
-1.4781839,-125.7636,0
-6.4315853,-176.7874,0
-150.14828,-45.84918,0
147.01688,-40.710762,0
2.770531,190.27933,0
1.60168,188.3315,0
12.254614,-85.24892,0
-79.32987,17.056303,0
51.911243,-70.0719,0
23.208748,-149.40753,0
-170.399,-25.035997,0
141.54694,-23.903252,0
-41.696873,157.24084,0
-47.604637,158.87758,0
2.3920918,-36.949017,0
-27.74682,5.082962,0
18.776535,-14.44169,0
57.417667,-113.689156,0
-130.56665,2.2233114,0
149.6596,15.535046,0
-26.763775,81.40808,0
-26.965097,80.72156,0
-24.904732,-115.84747,0
-86.662636,43.871273,0
-28.89331,-129.04453,0
-5.4010363,-185.49852,0
-146.17679,-54.97869,0
112.581856,-28.686453,0
23.372755,185.7571,0
23.54017,185.54155,0
28.962307,-60.905464,0
-61.11813,16.51044,0
49.480686,-64.83465,0
34.085293,-138.28796,0
-172.04459,-12.836907,0
148.16591,-25.936558,0
-70.097786,133.49017,0
-51.212135,168.45836,0
74.59692,-24.937412,0
-102.51687,-101.21999,1
76.09139,-35.36164,0
-48.704422,-167.77415,2
-125.430695,-105.887985,1
194.90448,8.953204,0
-103.8047,112.856544,3
-103.18485,112.25787,3
-36.27691,-103.22261,0
-56.654022,46.16741,0
-47.088707,-125.830154,0
15.895733,-183.45682,0
-133.32542,-62.339893,0
102.751526,-19.64623,0
29.990406,160.32217,0
31.603605,168.05249,0
125.60442,74.12329,0
69.04149,7.318045,0
-129.05693,63.733864,0
-108.1098,69.959465,0
-51.14575,-30.111473,0
84.24083,-67.13553,0
111.13548,73.05227,0
111.17972,73.93788,0
73.13025,-23.492414,0
-100.477516,-100.521545,1
74.27917,-38.784084,0
-45.49537,-167.68048,2
-129.75201,-103.89595,1
193.48938,8.013244,0
-106.74555,110.920006,3
-106.151306,109.87037,3
-18.157658,-48.894802,0
-47.405777,31.294937,0
-19.987621,-50.487144,0
56.816116,-136.33302,0
-137.42227,-19.612268,0
125.82093,-1.2890385,0
-8.94281,111.29625,0
-9.423345,111.60869,0
10.257087,-85.72374,0
-78.78104,15.946553,0
48.716114,-70.67456,0
22.726828,-148.299,0
-168.81744,-23.444223,0
139.82387,-24.174677,0
-38.609615,160.54744,0
-45.288273,155.47247,0
-21.839392,-38.77109,0
-18.938286,26.77599,0
-13.322773,-16.116737,0
76.34781,-130.38516,0
-126.593315,-21.550758,0
126.63498,11.259503,0
0.2776415,101.93804,0
2.4217408,90.34682,0
-31.60534,-102.60084,0
-54.4242,39.87951,0
-39.31465,-116.54033,0
10.594908,-188.51492,0
-131.41037,-49.406227,0
106.80377,-11.586723,0
21.563643,163.89996,0
21.705702,163.22838,0
-10.514678,-113.09761,0
-74.86474,44.619095,0
-4.168928,-121.95925,0
-9.837877,-172.45578,0
-153.13683,-43.29676,0
146.59543,-42.91016,0
8.786229,187.6289,0
8.367914,187.45532,0
39.59196,-3.4038126,0
-13.544638,32.22333,0
39.300705,-3.8527703,0
-88.955574,83.1797,0
-118.67833,-31.70652,0
143.19737,-67.3133,0
40.694748,59.045856,0
40.229004,59.595455,0
-47.48381,-96.430756,0
-45.804893,52.01113,0
-60.78945,-119.084984,0
27.787663,-187.2276,0
-119.50175,-64.71741,0
96.41756,-10.33634,0
34.353172,145.14407,0
33.57654,146.07582,0
88.77509,94.91635,0
27.775942,29.364426,0
-136.22507,43.160282,0
-104.9127,21.884218,0
-66.7599,-36.96198,0
101.43732,-86.12797,0
87.268105,98.2799,0
86.89621,98.48015,0
-19.452229,-107.88585,0
-69.69859,39.645206,0
-43.43673,-123.51379,0
6.982043,-163.9397,0
-140.42126,-28.925934,0
119.342545,-22.459013,0
4.3230004,158.36761,0
5.3644977,158.79474,0
3.624744,-40.97031,0
-30.307312,7.785581,0
14.896729,-11.426418,0
60.130657,-108.058556,0
-144.48494,-4.493129,0
148.96242,-3.3270454,0
-31.6297,103.11199,0
-31.376957,104.01249,0
41.862812,-5.443048,0
-32.95306,-4.5895486,0
43.30391,-10.383431,0
-87.76405,83.513954,0
-100.56255,-20.031971,0
147.43253,-66.67933,0
34.551292,59.91744,0
34.37259,60.180042,0
41.151962,-1.8400542,0
9.310426,42.43825,0
43.396286,0.5837528,0
-89.753586,83.36154,0
-103.02723,-23.707375,0
143.33351,-68.41327,0
40.710175,56.922745,0
40.88966,57.17824,0
70.10317,-23.409397,0
-101.01625,-95.75308,1
72.3832,-37.980534,0
-45.341293,-164.35262,2
-128.0511,-104.63829,1
195.20535,6.5922275,0
-112.08995,111.013756,3
-111.05373,107.851326,3
5.7141237,-90.95134,0
-92.443474,9.12503,0
45.610626,-82.36007,0
11.4144535,-154.78691,0
-162.21526,-29.192743,0
134.18198,-26.54972,0
-35.854042,171.84119,0
-34.920734,172.11464,0
-49.74834,-75.512535,0
-17.598114,49.299366,0
-58.682064,-71.117294,0
102.87196,-116.32817,0
-116.37723,-42.576412,0
103.04483,5.5229626,0
39.146816,116.33115,0
39.896973,114.510216,0
-67.9854,-86.703995,0
-33.36314,58.41245,0
-77.097466,-100.684105,0
80.96935,-159.59593,0
-97.92653,-47.920338,0
89.0624,13.315417,0
56.94634,122.15792,0
56.147774,123.61743,0
-24.59738,-120.15177,0
-89.15727,50.07429,0
-24.978369,-130.82881,0
-9.622362,-185.95663,0
-149.15865,-55.003403,0
109.65038,-34.761333,0
24.870789,191.30786,0
26.554735,193.29317,0
5.776122,-58.058514,0
0.113163754,7.6797304,0
32.582783,-48.878918,0
29.553568,-110.03302,0
-163.43918,14.118673,0
161.69353,-11.294933,0
-29.685211,114.146996,0
-29.675978,114.122856,0
18.323643,-90.16366,0
-74.4289,16.355082,0
57.95556,-73.12368,0
24.812925,-144.49217,0
-175.25133,-22.973804,0
145.09366,-21.83465,0
-46.380836,152.20964,0
-20.126663,178.62143,0
88.38407,48.561367,0
64.78426,-2.9469252,0
88.32123,48.737213,0
87.04369,50.32979,0
-61.85157,-17.171581,0
85.454666,-50.038803,0
89.347694,47.05307,0
89.38144,46.953747,0
19.18684,-48.948895,0
-44.16937,14.104736,0
36.95938,-24.155977,0
42.828533,-122.87348,0
-142.923,8.397386,0
155.36336,10.320105,0
-62.799446,104.716415,0
-63.49533,103.47943,0
-14.690257,-120.16824,0
-81.867676,51.758667,0
-10.127993,-125.68984,0
-14.450703,-180.4723,0
-154.96944,-51.866413,0
115.419365,-35.180702,0
13.530912,198.70145,0
12.816521,198.02023,0
16.625,-38.96942,0
-37.548035,14.799719,0
30.163727,-22.845924,0
44.14826,-112.55177,0
-135.21936,13.260741,0
162.61655,18.973442,0
-60.010914,90.88384,0
-61.446255,89.15861,0
93.90017,60.366486,0
65.03959,1.7144065,0
-119.85657,65.28904,0
89.05015,61.880688,0
-52.640987,-22.880688,0
87.822014,-63.46089,0
89.68536,62.716614,0
89.7931,62.706554,0
-13.265327,-103.4799,0
-71.99917,34.186543,0
7.473533,-115.32132,0
-0.14974907,-169.26732,0
-140.48433,-35.604668,0
123.94105,-12.623948,0
-1.2540321,174.44576,0
-5.110788,179.31058,0
65.77625,-27.546293,0
-104.37649,-93.12655,1
66.556946,-34.88705,0
-43.367516,-160.79115,2
-131.68819,-101.68638,1
193.25612,2.2070098,0
-116.03241,117.16943,3
-116.70801,116.91213,3
-13.188449,-30.862062,0
-10.44191,9.503728,0
0.38011342,-3.225258,0
73.000404,-117.78401,0
-120.3234,-11.735609,0
134.34625,15.030804,0
-6.2484226,89.10954,0
-6.904223,87.00784,0
-27.75442,-114.23583,0
-88.560875,41.55655,0
-32.841366,-128.6729,0
-3.078885,-186.32846,0
-140.10919,-55.47651,0
112.258064,-22.07068,0
25.457083,181.78447,0
25.888239,182.05766,0
7.1255317,-57.15205,0
1.9417609,11.026672,0
32.962433,-43.55829,0
65.84594,-96.61459,0
-154.96541,-4.0845118,0
156.832,-12.197854,0
-35.856846,119.654434,0
-36.69714,119.56936,0
-3.7551215,-31.795351,0
-20.582445,3.6134264,0
12.412401,-7.2263947,0
62.834698,-116.10205,0
-132.2663,-7.5931797,0
135.20409,7.647164,0
-24.735723,97.19466,0
-25.340172,94.40769,0
-66.26048,-55.45282,0
5.487303,32.825516,0
-73.319145,-61.864677,0
100.95198,-138.75514,0
-149.30826,-80.08822,0
106.958626,24.137257,0
45.824627,87.69623,0
47.09746,89.915535,0
6.3125467,-66.72396,0
-60.346035,6.386482,0
41.7602,-56.40743,0
27.079777,-129.33948,0
-158.28268,-9.634553,0
155.69298,-14.92389,0
-32.681236,130.94597,0
-33.536022,131.5521,0
-42.333633,-82.64161,0
5.7653933,21.347898,0
-57.57756,-107.82518,0
76.49604,-95.14346,0
-110.62439,-43.739845,0
111.68328,-0.7655711,0
26.755358,121.28526,0
26.447725,121.616776,0
-22.71728,-24.715683,0
-7.0502443,19.17576,0
-22.806772,-16.914574,0
76.79504,-108.24417,0
-110.52617,-16.632607,0
135.24821,24.826584,0
1.2694085,78.41966,0
0.40821928,75.15935,0
4.546696,-33.262035,0
-26.083458,3.8245044,0
22.146824,-9.402298,0
58.39325,-117.05772,0
-134.04266,2.018649,0
151.21681,14.04086,0
-29.897388,89.659515,0
-30.654915,89.32284,0
-19.397732,-46.55983,0
-48.857082,31.090872,0
-9.8465185,-72.30581,0
55.581684,-137.49818,0
-135.70354,-16.85963,0
130.0587,0.9803662,0
-7.4474206,109.66989,0
-16.037453,129.63457,0
84.860756,30.494417,0
68.49501,-10.101996,0
85.3552,29.38514,0
79.53152,51.562088,0
-67.56147,-13.784196,0
85.61749,-44.5341,0
77.10095,39.82678,0
77.28214,39.423306,0
-51.79125,-95.882,0
-76.583855,55.20582,0
-55.61855,-107.88232,0
29.849436,-193.92856,0
-154.19482,-61.54759,0
103.40131,-5.8054023,0
41.393505,138.49713,0
41.77257,137.07036,0
126.02574,73.55266,0
69.21163,5.6436,0
-129.28764,64.04604,0
-108.33259,70.198616,0
-51.198956,-29.189566,0
84.80066,-67.073906,0
110.1008,73.07358,0
110.57978,74.18126,0
-48.720932,-56.51295,0
-11.331184,35.067673,0
-49.220047,-47.29802,0
87.51007,-127.05179,0
-121.07596,-28.938236,0
117.0463,14.7474985,0
27.545929,91.21178,0
17.1394,113.497345,0
11.698315,-79.49918,0
-88.77673,2.8470535,0
39.901924,-67.04836,0
5.7350354,-150.08817,0
-151.9965,-27.321384,0
124.516685,-21.952791,0
-30.782269,176.52582,0
-30.970812,177.11917,0
16.756008,-44.6585,0
-47.772846,16.7077,0
36.88716,-29.275309,0
44.003967,-119.36759,0
-140.9857,10.735164,0
162.0678,5.7926483,0
-59.54119,100.79443,0
-60.228886,100.99396,0
-21.552273,-83.54296,0
-76.67106,67.68086,0
-16.51316,-75.141045,0
40.128197,-161.75047,0
-176.58081,-47.568295,0
130.30096,-42.059616,0
-4.352908,139.30525,0
-3.9833448,138.13599,0
12.343671,-62.660454,0
-57.347992,-3.0629287,0
42.22094,-48.36933,0
22.856089,-119.62773,0
-160.7334,1.0860493,0
147.96855,-10.396199,0
-45.960865,127.69413,0
-47.14152,125.80954,0
47.860527,9.118121,0
10.913142,45.916157,0
49.746494,6.1415534,0
-103.424065,80.92182,0
-99.42809,-23.447031,0
139.43253,-77.38136,0
42.88507,40.127666,0
42.34335,40.151325,0
98.61629,50.090725,0
61.9308,4.0831466,0
-117.90042,65.81144,0
99.29378,50.16482,0
-57.20651,-17.935497,0
81.13333,-55.41484,0
100.29827,50.08879,0
100.41678,49.95866,0
-46.751522,-79.12318,0
-12.772074,49.511253,0
-59.750145,-74.66942,0
98.81982,-116.54788,0
-119.92848,-48.292664,0
109.59548,1.5565029,0
32.989132,117.11053,0
32.677967,118.83508,0
81.28305,63.87877,0
26.530441,20.56802,0
-119.53473,67.54777,0
82.49372,64.16754,0
-48.51114,-22.534666,0
91.17255,-63.221706,0
81.32843,65.6435,0
81.35983,65.58729,0
-83.93025,-120.221214,0
3.2797964,62.294514,0
-77.60363,-128.54227,0
-8.497641,-147.69762,0
-106.34298,-62.714073,0
85.96276,-4.10029,0
68.981415,144.63513,0
72.50739,145.3318,0
-39.939117,-104.47203,0
-51.507153,46.758183,0
-52.12265,-123.87728,0
19.78383,-187.50806,0
-127.627014,-62.693054,0
99.849754,-16.536083,0
34.96883,160.30899,0
36.83623,159.99406,0
-8.228277,-90.72495,0
-91.060776,22.379786,0
35.54993,-89.831566,0
23.777061,-162.66685,0
-164.9,-43.814457,0
129.63051,-34.714546,0
-10.803379,151.36046,0
-10.331075,150.99376,0
-50.88221,-76.1269,0
-18.358934,50.06546,0
-59.682545,-70.81688,0
104.00639,-115.92082,0
-115.56737,-42.560116,0
101.72319,4.203244,0
40.289036,117.4912,0
41.72238,118.89261,0
-22.536654,-101.11169,0
-63.49992,38.021854,0
-41.62612,-133.58987,0
6.046229,-176.96028,0
-137.40025,-47.48601,0
113.682755,-15.812165,0
13.45248,171.68184,0
13.432349,174.47076,0
-12.374105,-106.156265,0
-75.72551,36.969273,0
-0.039835107,-116.270775,0
-2.9859178,-170.34563,0
-147.04652,-40.373047,0
150.37602,-43.876526,0
-2.5423021,182.88023,0
-2.467149,179.99257,0
-70.05996,-90.36306,0
-31.853031,53.311237,0
-76.588356,-96.15078,0
78.226265,-154.92575,0
-99.78772,-43.09355,0
88.58657,7.6369333,0
60.746838,119.37958,0
59.829887,117.950165,0
-22.488848,-123.74803,0
-89.56588,54.27839,0
-23.288158,-128.14496,0
-14.482842,-188.44035,0
-153.36774,-56.491894,0
116.63636,-32.139313,0
25.843449,199.62808,0
27.36844,200.7842,0
17.745232,-43.03812,0
-46.807674,16.350937,0
38.17569,-25.740816,0
44.5082,-118.525475,0
-141.29236,11.714757,0
161.34213,8.541358,0
-59.193775,98.88585,0
-59.690895,98.64776,0
7.4084535,-36.01757,0
-32.864872,4.0720515,0
23.551764,-15.283597,0
52.071716,-113.33807,0
-136.25592,6.7389965,0
156.8438,16.960121,0
-35.07628,82.54809,0
-34.638916,81.11083,0
-1.1233274,-93.286,0
-92.22585,17.927729,0
38.451046,-87.15864,0
18.984383,-161.07547,0
-165.2658,-38.023838,0
126.74134,-30.405344,0
-15.040576,163.89452,0
-14.767259,163.80055,0
-8.053645,-92.255394,0
-84.691895,27.670404,0
31.33947,-90.42649,0
39.238358,-144.11095,0
-173.09283,-36.76572,0
137.25288,-40.717876,0
-17.832405,144.48251,0
-18.589478,145.0873,0
-3.6757376,-55.96902,0
-44.00735,-5.0075564,0
-2.5007138,-57.236496,0
62.54469,-104.918884,0
-159.47511,10.458934,0
177.97188,1.556819,0
-24.957016,116.2889,0
-25.03095,116.6777,0
-79.0648,-114.056046,0
-2.8806882,59.80741,0
-71.990204,-123.77905,0
-11.769734,-153.36446,0
-105.289154,-68.32867,0
82.42559,-7.3483367,0
62.323994,150.03937,0
62.19095,149.93361,0
19.208183,-43.495193,0
-41.54193,17.291935,0
37.847343,-20.699638,0
45.080246,-119.51738,0
-143.71695,15.240322,0
166.34094,8.919399,0
-57.10871,102.15654,0
-60.81207,102.29348,0
19.23524,-64.8176,0
-62.982975,-1.258499,0
48.69524,-44.268757,0
16.07687,-125.09637,0
-167.2164,-0.35132906,0
171.11072,3.3412547,0
-54.89364,132.8615,0
-55.37162,133.71579,0
16.35055,-30.504145,0
-34.010033,26.60615,0
22.508965,-26.41653,0
45.941006,-103.55966,0
-130.28337,19.269993,0
165.77565,25.155682,0
-51.82174,80.74001,0
-52.865284,81.03978,0
18.857412,-76.78538,0
-67.50059,14.594782,0
54.602066,-59.99621,0
32.13563,-143.79515,0
-182.70721,-8.7469225,0
152.88583,-21.474518,0
-58.819286,152.86835,0
-66.79227,155.5894,0
24.40952,-55.563522,0
-55.63494,14.732311,0
49.64983,-34.133495,0
39.52218,-133.00415,0
-151.70059,10.873507,0
170.23149,-10.56272,0
-69.55854,125.07799,0
-68.45261,126.787994,0
-19.17623,-60.08806,0
-68.22911,61.879894,0
-22.264141,-69.2585,0
48.19029,-160.5908,0
-168.21133,-54.43475,0
126.815,-51.154053,0
-3.2945774,130.36473,0
-3.3487906,130.26741,0
19.169657,-31.671661,0
-36.702507,27.061317,0
21.598484,-28.49893,0
42.953175,-102.59342,0
-130.26883,15.910115,0
161.53528,27.178373,0
-53.701992,76.51822,0
-53.914726,76.94839,0
67.13566,34.282246,0
21.084332,21.438772,0
67.319405,34.19228,0
72.83576,50.308277,0
-79.482735,-13.957769,0
92.015114,-48.909492,0
64.054665,47.308994,0
64.1139,47.273556,0
123.680534,75.93217,0
69.05849,9.117693,0
-120.80468,63.331467,0
-105.98601,67.674675,0
-56.008793,-27.100498,0
87.60676,-68.41605,0
118.01394,75.148544,0
117.73987,75.01447,0
-19.072742,-24.80556,0
-5.5367455,16.051567,0
-19.457535,-19.475761,0
81.086685,-105.7077,0
-110.88212,-12.586784,0
130.37943,20.7754,0
1.2455505,83.75628,0
0.046804417,81.87935,0
6.8428655,-39.174595,0
-33.010002,5.439293,0
21.609976,-14.93792,0
52.148087,-111.88899,0
-137.664,3.4548542,0
149.52019,20.97584,0
-36.56069,81.701065,0
-35.54117,81.5107,0
-45.55401,-97.41218,0
-47.02327,48.831444,0
-58.13342,-118.91012,0
26.30404,-189.87846,0
-121.26206,-61.967796,0
100.93601,-11.160078,0
39.016705,145.53947,0
41.648785,151.3996,0
-2.2229369,-36.23831,0
-27.243452,20.211187,0
13.212692,-20.19842,0
55.35075,-106.15109,0
-151.17244,-11.543432,0
118.71355,6.038582,0
-42.91087,77.126724,0
-37.325344,76.23269,0
16.774033,-48.830353,0
-44.59057,9.915969,0
39.64793,-30.68444,0
39.62727,-118.593185,0
-148.72893,11.334116,0
157.33858,6.7823,0
-61.56861,107.69318,0
-67.060196,100.0281,0
14.268476,-31.104053,0
-33.34942,24.165203,0
23.486774,-23.821037,0
47.43091,-105.71579,0
-132.16096,19.913443,0
163.74088,22.339277,0
-51.91364,83.70837,0
-52.060925,84.17136,0
126.27817,79.376724,0
72.732025,5.686797,0
-139.73361,61.26816,0
-104.45315,63.746964,0
-56.988495,-31.752228,0
87.34497,-73.460976,0
121.708015,86.36837,0
121.921394,86.12931,0
0.32621768,-27.427023,0
-22.879166,6.218351,0
13.116551,-3.3688903,0
58.089916,-120.75973,0
-144.59836,21.629295,0
169.18094,12.963143,0
-29.711853,95.05105,0
-29.809425,94.511475,0
-64.35978,-61.519966,0
-1.836288,33.841763,0
-66.9575,-65.316216,0
102.75406,-134.1524,0
-153.61427,-74.57881,0
112.47503,25.785156,0
40.45002,84.16657,0
39.732475,83.63794,0
-19.98887,-119.673035,0
-86.05075,50.106205,0
-19.803982,-131.66814,0
-11.3596945,-184.74632,0
-149.73376,-57.611816,0
110.5491,-33.730526,0
20.328321,194.31223,0
21.67713,192.89503,0
-22.965843,-101.5192,0
-63.257084,38.12996,0
-42.86979,-133.23602,0
5.9630256,-177.48723,0
-137.38333,-47.07812,0
114.21372,-15.773899,0
13.843177,172.17491,0
15.308807,173.28584,0
-42.78863,-59.424175,0
-14.477554,38.44212,0
-46.478386,-51.181416,0
88.692986,-121.590775,0
-115.936745,-29.98224,0
111.06484,15.041964,0
22.615995,97.37184,0
21.75521,97.02816,0
8.839351,-70.524185,0
-63.693768,8.087906,0
37.084938,-50.441284,0
26.33663,-131.53157,0
-154.68753,-11.443903,0
145.00829,-7.568543,0
-38.374596,137.20375,0
-42.794758,120.549576,0
-7.7922077,-27.662582,0
-14.673163,2.2912166,0
6.451354,-1.9204776,0
67.681435,-116.325775,0
-133.37317,-12.740295,0
133.37427,2.553173,0
-21.304667,105.07606,0
-21.255104,105.636955,0
67.826256,24.477362,0
15.286618,19.301382,0
66.73144,24.772057,0
73.19235,-82.62161,0
-85.755714,-11.854769,0
173.92953,-37.32808,0
57.765965,54.550545,0
58.138237,54.62439,0
-67.01197,-56.751595,0
1.3800435,34.187916,0
-74.12157,-61.247948,0
101.538765,-138.204,0
-150.85443,-75.796684,0
110.04863,25.621561,0
44.824852,85.64379,0
45.442795,85.009995,0
-43.534603,-97.2614,0
-48.085556,52.64267,0
-59.14845,-122.70076,0
26.110903,-185.95204,0
-122.60736,-65.28754,0
95.70996,-11.70799,0
35.06082,150.101,0
36.58581,152.65306,0
-75.656166,-116.75472,0
-3.235387,64.94479,0
-69.89634,-127.90589,0
-7.230292,-153.24197,0
-109.21221,-67.15994,0
87.27176,-12.543884,0
59.185524,144.50331,0
59.70619,142.84528,0
-24.691296,-121.09978,0
-52.090366,34.93544,0
-39.561028,-113.43599,0
-10.987432,-188.87585,0
-128.36876,-40.25162,0
111.467545,-35.52717,0
23.298311,167.89873,0
23.683353,167.46387,0
-39.647484,-91.93851,0
-74.60707,60.08518,0
-51.630497,-113.42462,0
30.526451,-177.80397,0
-122.23554,-69.59181,0
92.30861,-18.287258,0
20.937885,143.29825,0
19.685255,144.58784,0
-6.6876984,-56.26798,0
-37.915466,33.93505,0
-7.3748264,-50.27615,0
60.648483,-138.82152,0
-156.47026,-4.35483,0
179.97646,4.758502,0
-18.73184,121.41722,0
-18.268454,121.09961,0
-46.880688,-93.06561,0
-44.64563,53.747677,0
-70.23399,-106.52935,0
29.23254,-187.51317,0
-118.07301,-65.34197,0
94.05732,-7.8273363,0
34.820717,142.39767,0
33.413765,140.12093,0
3.0505166,-69.7273,0
-71.04533,7.0489397,0
32.622524,-69.86723,0
27.206038,-136.51295,0
-150.97275,-13.964614,0
141.79654,-13.258761,0
-29.52315,136.30347,0
-30.07252,136.01376,0
-39.866676,-54.292763,0
-10.44608,29.826418,0
-40.74226,-51.180664,0
85.48301,-120.63881,0
-117.460106,-26.132896,0
116.62872,20.833199,0
17.476084,88.6132,0
18.330406,88.672646,0
-15.229996,-96.98193,0
-65.116135,31.213028,0
39.65529,-63.870087,0
8.757945,-169.26242,0
-134.79178,-39.7046,0
120.44834,-15.055904,0
3.8079972,165.65218,0
3.8391807,165.55089,0
-21.91129,-105.3913,0
-67.20708,39.158928,0
-37.470604,-136.19376,0
12.208455,-174.67618,0
-154.735,-34.40463,0
121.895294,-20.503153,0
8.294219,164.87831,0
8.777886,164.29945,0
-48.05456,-95.34444,0
-44.672707,52.084484,0
-62.004158,-118.63298,0
28.385944,-185.95053,0
-118.906044,-63.83281,0
93.86428,-8.718404,0
35.63995,143.50256,0
44.67956,153.90973,0
-62.677822,-62.815033,0
-2.4340065,35.172054,0
-66.72354,-66.9572,0
101.5933,-132.76492,0
-152.48932,-71.612785,0
111.73136,23.446377,0
38.649048,84.925385,0
37.945408,84.01897,0
4.9794817,-97.72601,0
7.486866,12.478459,0
30.309645,-0.38510188,0
67.39296,-91.219925,0
-94.99569,-13.325886,0
135.633,-34.52845,0
19.770939,70.833435,0
19.591253,70.883865,0
-12.9098215,-36.380474,0
-13.203719,7.3295374,0
2.87118,-7.067326,0
69.811874,-123.793976,0
-123.84279,-11.116121,0
135.86333,12.368457,0
-8.629691,98.491615,0
-5.6047325,110.80773,0
-74.36757,-87.40196,0
-25.756422,56.462578,0
-79.23587,-89.97914,0
82.98162,-154.14583,0
-95.36269,-45.6064,0
88.385574,10.943976,0
62.163567,110.239784,0
63.472275,108.71035,0
20.667185,-38.540028,0
-37.023235,13.96398,0
30.953413,-24.476349,0
42.557423,-113.585014,0
-134.61563,11.188831,0
162.78937,14.431261,0
-61.425514,91.10192,0
-64.6461,90.93735,0
-3.9662216,-40.94631,0
-27.001186,13.216212,0
6.877141,-18.805403,0
55.8379,-124.58272,0
-127.66946,0.64231837,0
144.68755,9.3136835,0
-39.221565,97.42063,0
-38.75828,96.30205,0
-81.63617,-117.965164,0
0.60932285,60.41071,0
-74.95767,-127.28262,0
-11.602388,-149.63023,0
-103.520836,-64.924866,0
85.00709,-6.7953978,0
67.74596,148.76323,0
68.23126,149.98022,0
-46.31286,-57.088726,0
-13.293364,34.398235,0
-46.771793,-47.67922,0
86.77952,-125.33015,0
-119.459015,-30.45958,0
113.29799,13.818337,0
25.386494,92.31941,0
24.708466,89.4853,0
98.704315,89.51984,0
32.63494,33.47996,0
-132.62935,46.0801,0
-106.70309,46.257275,0
-70.62753,-36.379036,0
102.04355,-80.02084,0
93.92296,110.50717,0
93.11576,110.154594,0
-69.21687,-55.716732,0
2.7257533,35.922546,0
-77.04561,-61.89357,0
101.348854,-141.2985,0
-147.22922,-75.52574,0
109.682945,30.573141,0
51.020767,87.303314,0
52.11317,87.521164,0
25.006857,-65.28453,0
-47.345078,-2.4215896,0
25.990162,-65.55425,0
29.332848,-113.68017,0
-160.72664,10.802084,0
171.79102,-12.265175,0
-28.178411,118.72442,0
-27.672638,118.97671,0
-11.193038,-107.979904,0
-76.88184,37.559566,0
2.1043355,-117.80164,0
-4.559779,-171.19864,0
-147.1188,-41.168907,0
149.59317,-44.990536,0
-3.3080087,184.3497,0
-3.3556044,184.49373,0
-1.9926239,-27.922659,0
-22.462622,3.0881183,0
14.494811,-2.4050915,0
63.458702,-118.01523,0
-130.63963,-7.8549466,0
130.44432,2.9029577,0
-20.344805,99.98418,0
-27.489746,91.066696,0
7.1937065,-81.40021,0
-85.71116,4.421553,0
43.15687,-63.913616,0
8.233273,-148.84863,0
-156.03857,-26.619522,0
133.61736,-21.414602,0
-28.090973,171.08788,0
-60.746723,136.99911,0
-69.82659,-92.45189,0
-33.17117,51.765594,0
-72.42228,-95.443085,0
76.26117,-154.6222,0
-100.87587,-41.299877,0
92.73063,7.7240314,0
67.91413,121.13419,0
66.720055,120.826195,0
-84.8284,-118.44642,0
4.505724,60.94736,0
-80.79983,-127.50413,0
-9.497744,-145.1729,0
-103.21467,-60.029392,0
84.33109,-0.806802,0
72.38377,141.90633,0
72.87303,141.49783,0
4.19358,-95.63201,0
-93.83024,5.0623565,0
34.479618,-78.865875,0
7.5773587,-145.05493,0
-159.61636,-34.121708,0
137.35301,-16.613087,0
-23.810638,154.47891,0
-23.354216,154.99992,0
45.992016,18.018038,0
19.23659,48.909664,0
-115.64476,81.619385,0
54.29913,22.599157,0
-75.48158,-20.265324,0
132.9127,-81.6557,0
48.64174,27.943003,0
48.383503,28.008287,0
13.05188,-56.506,0
-52.515434,6.1010528,0
40.89586,-39.652832,0
35.270668,-126.6771,0
-151.88893,-4.5846286,0
152.01102,-3.1131227,0
-55.346714,117.455215,0
-56.137127,122.468834,0
7.291097,-48.914253,0
-49.62376,22.410656,0
33.372643,-31.177496,0
49.109867,-130.60138,0
-143.19707,12.320372,0
167.59293,12.88978,0
-46.884632,110.13517,0
-47.878735,112.265236,0
-7.5608225,-37.325634,0
-20.125004,12.2219925,0
3.12007,-12.506644,0
62.88678,-124.06588,0
-123.25887,-4.6739993,0
142.55902,11.018485,0
-14.946333,88.23076,0
-14.92154,81.85517,0
-50.691624,-80.075424,0
-14.215004,52.28421,0
-61.707794,-75.2977,0
102.33703,-121.99735,0
-112.87269,-47.659386,0
104.73976,0.006037995,0
37.789555,123.111206,0
40.21822,122.14024,0
-69.99494,-83.64385,0
-28.59618,54.620037,0
-82.037964,-97.32986,0
79.58653,-152.52829,0
-100.272675,-41.560257,0
94.53701,12.656557,0
55.34001,117.91601,0
54.54021,117.19709,0
-34.923565,-54.115364,0
-5.496392,30.675598,0
-36.25996,-53.34044,0
57.871338,-153.83937,0
-161.99457,-63.86123,0
113.189575,26.971529,0
-3.748424,116.84984,0
-3.3991497,117.78998,0
124.28124,74.54164,0
68.61346,7.6451917,0
-121.63187,61.718422,0
-107.27829,69.17622,0
-54.49538,-27.115953,0
87.678696,-67.0539,0
116.05101,73.616104,0
116.03072,73.660065,0
-64.06289,-60.13383,0
-0.71328044,34.343567,0
-69.30587,-64.835205,0
102.18398,-135.33836,0
-151.3765,-74.20845,0
112.09315,26.136215,0
41.246964,84.6385,0
40.359154,82.63258,0
-45.064793,-96.8362,0
-47.9278,49.577854,0
-57.8059,-118.6164,0
25.2148,-186.88855,0
-122.34963,-61.61999,0
99.09213,-11.503366,0
37.953945,147.72948,0
42.160034,153.33502,0
-17.524933,-49.911186,0
-47.446682,31.62139,0
-18.520512,-51.664455,0
56.976078,-135.42632,0
-136.99138,-17.647953,0
119.54038,-1.9018369,0
-9.9657545,110.56171,0
-25.520113,90.96516,0
-2.7164402,-81.018654,0
-81.58537,12.524717,0
43.615,-73.4349,0
17.938576,-148.30913,0
-167.10443,-30.468077,0
131.86217,-36.92159,0
-33.61536,158.04001,0
-34.189026,157.95935,0
-63.944965,-56.389843,0
3.5903938,31.860645,0
-71.82069,-63.876884,0
98.70737,-137.32237,0
-147.74382,-80.04441,0
105.885544,24.23455,0
43.7957,89.94035,0
42.39841,87.927574,0
116.23285,44.95309,0
60.27846,-12.016447,0
-124.38555,86.71268,0
128.88899,49.968533,0
-49.817127,-11.67401,0
72.16921,-53.80014,0
136.57701,55.93401,0
137.99258,54.884617,0
127.05826,97.930885,0
32.3335,17.76501,0
-143.4701,59.073685,0
-104.869354,59.07413,0
-57.003784,-37.764145,0
88.8085,-79.130775,0
117.15216,97.698715,0
117.38164,97.00645,0
-19.53369,-25.565142,0
-5.6971455,17.051214,0
-19.504158,-18.273954,0
80.82455,-108.13197,0
-109.875824,-15.9183445,0
128.9242,22.956305,0
2.4307616,80.65593,0
1.6962534,80.08425,0
-27.07108,-118.492165,0
-89.10247,45.191833,0
-29.49266,-126.50481,0
-5.1539125,-188.54869,0
-144.8619,-59.679806,0
108.98523,-12.719184,0
27.174566,186.08456,0
27.944572,186.07411,0
46.09432,17.938194,0
19.574713,48.819645,0
-115.51069,81.58276,0
54.16849,22.767864,0
-75.410805,-20.265024,0
133.06706,-81.63003,0
48.920483,27.970314,0
48.883797,28.28371,0
-29.87614,-50.900436,0
-32.798656,41.97315,0
30.780376,-66.451996,0
70.004295,-147.16261,0
-109.64917,-5.8206663,0
138.51704,21.487,0
15.117559,114.13801,0
14.677131,115.14351,0
25.195967,6.730432,0
6.5263247,15.493299,0
27.079576,2.2902608,0
69.71342,-92.58184,0
-95.355446,-9.803694,0
170.07536,-30.760075,0
26.623686,71.43491,0
26.39017,70.968636,0
44.79363,-5.5614257,0
-79.09359,9.5255165,0
46.16768,-6.074444,0
-86.76799,83.06954,0
-160.17828,-22.651659,0
146.1971,-67.95662,0
34.721977,56.44535,0
34.33413,56.507923,0
-45.76013,-94.80565,0
-44.788033,54.08933,0
-54.791927,-117.952866,0
29.259361,-186.35849,0
-121.02406,-64.18194,0
95.141266,-14.869653,0
34.240948,143.14378,0
34.09343,143.13268,0
-6.00578,-27.692997,0
-17.850204,3.81086,0
10.091482,-5.1204576,0
66.10501,-118.01902,0
-130.80147,-9.96868,0
136.21034,6.3154764,0
-21.379345,99.51141,0
-20.154247,97.379906,0
7.420092,-79.99559,0
-84.10743,5.8349247,0
41.76227,-69.37516,0
12.376006,-143.54408,0
-154.35147,-26.096998,0
137.8174,-17.943932,0
-33.72874,151.57475,0
-34.24806,150.71553,0
-5.152017,-94.76691,0
-73.75217,49.69406,0
32.813446,-91.31625,0
21.842535,-164.25613,0
-161.43439,-47.969162,0
136.23334,-50.617462,0
-16.169376,146.50005,0
-16.525509,145.42487,0
-60.28581,-88.84368,0
-30.239075,46.43493,0
-67.84589,-103.83185,0
74.01831,-150.53082,0
-104.660065,-47.99781,0
90.624,2.1315098,0
47.842213,127.33037,0
48.22689,125.944626,0
-22.896759,-28.731989,0
-4.678327,22.273506,0
-25.986835,-17.055134,0
79.25383,-111.588425,0
-110.819626,-19.635977,0
123.88,24.341352,0
7.5422444,80.08798,0
7.8069057,78.11475,0
78.79975,67.6981,0
57.654858,-6.6437435,0
-126.553314,68.70247,0
-111.43346,69.960335,0
-48.1904,-24.045017,0
90.93037,-61.345203,0
79.94778,68.275635,0
80.06356,68.130684,0
-9.731351,-108.466866,0
-76.727806,38.62833,0
3.284671,-114.4758,0
-5.6117005,-169.7731,0
-148.94717,-41.552193,0
150.76262,-43.529835,0
-6.2805314,186.11848,0
-5.844491,185.80351,0
-6.5059733,-85.479744,0
-88.095215,25.790071,0
-13.104159,-73.85401,0
34.203304,-158.93608,0
-179.20007,-27.870071,0
140.48143,-20.077152,0
-15.8778925,150.1573,0
-9.300586,141.1235,0
19.615856,-38.515118,0
-37.653687,14.479707,0
31.138601,-23.54692,0
43.639545,-113.899506,0
-136.17744,13.818159,0
161.44914,15.636871,0
-60.315636,91.915504,0
-64.15658,92.57632,0
85.05401,86.65562,0
23.906675,39.606384,0
-133.43097,51.78543,0
-112.20871,30.490835,0
-72.096214,-32.070396,0
106.68373,-84.17276,0
71.80324,97.43942,0
71.167366,97.578,0
-12.248714,-87.07068,0
-84.23317,24.016056,0
-9.557652,-79.64366,0
30.938396,-164.45833,0
-173.66315,-44.242554,0
129.64568,-37.72084,0
-9.145921,152.99481,0
-9.229026,154.61354,0
-64.596924,-86.26127,0
-35.07117,60.144325,0
-72.10644,-100.065025,0
81.86454,-161.8592,0
-95.7264,-48.342213,0
84.5329,10.536235,0
53.21239,122.82656,0
53.41936,123.15377,0
18.684696,-83.162315,0
-73.38468,22.069878,0
52.926937,-66.77132,0
28.68056,-152.37837,0
-179.57431,-17.153383,0
146.37787,-32.553516,0
-53.515358,157.88133,0
-49.730923,162.22743,0
6.210722,-83.842445,0
-88.52873,4.655739,0
44.73138,-77.51027,0
8.492792,-149.85605,0
-158.61636,-27.364735,0
132.55025,-20.86476,0
-29.555025,171.29427,0
-32.826027,173.07135,0
-17.33125,-44.073757,0
-16.42246,20.940166,0
-7.277716,-9.718064,0
70.09381,-134.53973,0
-131.57675,-20.326,0
127.64437,3.1594915,0
-0.4945382,109.7416,0
-0.904945,110.62529,0
-23.508093,-48.475117,0
-5.8762565,34.59952,0
-54.30454,-47.021675,0
89.13991,-131.22064,0
-118.7545,-3.7202692,0
140.27129,15.431989,0
8.872376,100.525276,0
8.620555,100.67737,0
-11.876002,-32.3068,0
-13.535606,10.175759,0
0.5610421,-6.9583035,0
70.76232,-118.69041,0
-121.56023,-8.537975,0
137.95859,12.759294,0
-9.676507,86.66088,0
-10.882963,84.51613,0
-47.55488,-70.40682,0
-13.14265,43.949455,0
-54.878315,-67.27905,0
96.50236,-121.50877,0
-116.67042,-38.80598,0
106.424545,12.477073,0
35.372883,108.38701,0
35.358986,107.67611,0
-71.46746,-84.25672,0
-28.567743,56.067703,0
-81.491455,-96.41192,0
83.13531,-156.5986,0
-94.71338,-44.038063,0
90.23808,14.295624,0
56.13303,116.63195,0
55.390976,116.8122,0
-19.23675,-36.955845,0
-21.453335,23.993628,0
-6.590791,-17.870098,0
73.85095,-128.69258,0
-127.0172,-18.095638,0
128.79843,13.338136,0
-0.4266762,99.27789,0
1.3774219,98.034134,0
-12.226242,-56.59553,0
-36.51909,36.478405,0
-14.441509,-51.963207,0
64.81522,-141.45117,0
-110.64316,1.0416003,0
140.32759,27.853453,0
-14.818317,117.81289,0
-13.592549,116.77842,0
-41.48636,-101.91979,0
-52.625076,49.477463,0
-55.11539,-125.55864,0
20.817543,-185.71582,0
-127.75031,-64.26122,0
99.03151,-14.654035,0
34.90078,156.73094,0
37.39928,156.08238,0
-37.933666,-101.05371,0
-58.022938,48.649208,0
-48.247593,-123.008804,0
18.337736,-181.9728,0
-130.67496,-64.91192,0
104.34409,-17.722742,0
28.20498,157.31473,0
25.607891,160.76175,0
-78.866974,-116.30157,0
-0.67831755,63.518475,0
-78.92909,-123.32747,0
-8.898713,-152.27531,0
-107.749596,-64.770515,0
85.15878,-15.410711,0
61.976223,144.88669,0
63.397106,143.40445,0
1.6108979,-87.737305,0
-89.47564,11.51656,0
40.177155,-79.53073,0
12.286602,-151.79037,0
-158.27927,-29.028849,0
129.91841,-22.989885,0
-25.764189,166.26622,0
-25.461306,167.50223,0
0.24909268,-82.24244,0
-89.103874,11.619668,0
40.12843,-78.68188,0
12.287103,-150.10152,0
-157.32927,-29.912006,0
128.37521,-23.011955,0
-26.233347,166.36826,0
-24.821043,168.67087,0
-27.203629,-91.31484,0
-77.59317,60.951263,0
-51.92478,-111.55839,0
32.74735,-172.67973,0
-175.76523,-55.803703,0
120.48075,-42.46419,0
16.503063,144.33221,0
18.50907,144.2741,0
-34.070316,-31.924063,0
-8.062421,33.734173,0
-35.604183,-30.706057,0
90.524956,-129.2939,0
-120.57139,-26.263653,0
112.92857,19.943018,0
32.532974,90.93119,0
33.333557,90.59962,0
-3.6240675,-33.5048,0
-22.738817,7.8197846,0
8.851253,-7.3041625,0
60.955215,-120.27779,0
-129.50769,-2.932328,0
143.3603,14.042577,0
-22.81791,87.45117,0
-22.310152,86.38515,0
-70.34513,-53.57973,0
7.6365714,35.38411,0
-76.21855,-57.439835,0
100.06582,-143.84848,0
-143.02704,-79.40665,0
103.95461,25.641264,0
52.966652,95.76717,0
53.674774,95.38995,0
-70.56694,-87.323204,0
-30.569761,58.387203,0
-82.30009,-94.6856,0
81.81916,-157.59529,0
-94.667465,-46.1674,0
88.49515,13.93626,0
58.634224,115.65091,0
56.11425,120.09843,0
23.297873,-80.24349,0
-67.115814,20.316534,0
56.18079,-62.11591,0
34.179535,-147.94258,0
-182.06993,-13.11992,0
153.78322,-28.915771,0
-62.055645,156.27211,0
-64.019936,157.95192,0
-1.6314061,-92.99318,0
-91.02991,16.870775,0
39.78608,-85.88711,0
18.184366,-161.40408,0
-163.62263,-38.153896,0
125.87147,-28.689962,0
-16.254221,163.33348,0
-17.644615,163.49055,0
21.983913,-80.49932,0
-68.19531,21.223692,0
54.51797,-62.88143,0
33.360558,-149.04288,0
-181.19868,-14.357126,0
152.3548,-30.316721,0
-59.26261,156.49559,0
-58.298134,155.00597,0
18.147081,-79.73524,0
-70.132805,17.813337,0
52.28805,-64.523476,0
30.697552,-147.51715,0
-179.47945,-15.641084,0
149.26874,-27.300459,0
-56.805008,154.37823,0
-55.104084,153.31065,0
1.3621662,-36.859146,0
-29.413961,3.6693249,0
22.82301,-13.897426,0
56.345844,-116.16044,0
-136.37703,0.8945779,0
152.62724,15.5412035,0
-32.816387,85.21764,0
-35.297245,88.92352,0
8.632675,-63.17548,0
-58.34232,2.2308333,0
42.30609,-52.780743,0
24.88459,-124.05816,0
-159.5087,-2.3436995,0
147.50494,-7.697936,0
-40.038685,129.25848,0
-40.79442,130.50455,0
94.36462,62.72017,0
59.258316,0.46424875,0
-124.6366,76.19847,0
97.40223,58.40251,0
-56.028255,-21.147758,0
83.33774,-59.48612,0
98.891945,63.645836,0
98.37035,64.00184,0
-71.975235,-92.61077,0
-31.211555,50.399624,0
-74.70826,-94.8424,0
77.10393,-152.51157,0
-139.39168,-76.74299,0
102.515656,20.032799,0
67.24525,117.14714,0
66.08182,116.49835,0
-67.95496,-55.60982,0
3.7505846,37.771717,0
-75.836754,-60.358513,0
100.54424,-142.4758,0
-144.57948,-75.89778,0
106.42174,30.614077,0
50.711895,93.48483,0
50.670307,93.416565,0
-2.3393502,-90.53525,0
-88.470055,20.27422,0
35.60216,-87.57712,0
21.40976,-158.18451,0
-167.997,-33.42642,0
129.29602,-33.705555,0
-17.207602,157.29164,0
-16.312363,157.5938,0
11.260819,-58.84565,0
-52.864895,4.482563,0
41.314922,-51.519485,0
31.039524,-120.136536,0
-144.94766,2.7421203,0
159.89835,1.4327025,0
-45.615425,118.8381,0
-38.85111,129.07297,0
12.044365,-36.690617,0
-1.3232412,9.175151,0
24.121891,-31.502134,0
62.721794,-100.16115,0
-161.96869,16.74675,0
175.99852,10.4915695,0
-31.122955,113.10726,0
-31.05545,113.03646,0
-10.743042,-26.70211,0
-11.598911,5.1291814,0
5.1253033,-2.3317614,0
73.95398,-122.53457,0
-122.17302,-16.314493,0
135.23491,10.758512,0
-3.878186,94.39508,0
-7.156057,93.4093,0
-48.626904,-77.363655,0
-15.247534,50.17403,0
-59.01477,-73.14902,0
102.60927,-118.80945,0
-113.61715,-45.796177,0
105.2856,2.2148051,0
36.577576,120.113014,0
38.763187,118.212776,0
-58.034466,-58.975758,0
-4.5452547,40.53319,0
-58.787342,-51.80336,0
96.060684,-133.2982,0
-146.58514,-69.67823,0
119.43302,0.47380292,0
40.157818,97.2367,0
40.92907,97.74188,0
125.49852,96.894684,0
30.827675,18.807585,0
-141.49606,60.14747,0
-104.81888,60.32817,0
-56.81711,-36.359543,0
89.00683,-77.968124,0
118.35558,94.68402,0
118.21793,94.856834,0
-35.776577,-95.24549,0
-58.159195,52.152557,0
-49.091972,-114.49397,0
9.511722,-178.78067,0
-124.88876,-57.131668,0
111.75331,-9.171461,0
28.230888,146.70766,0
27.599617,146.10258,0
6.5993757,-40.488422,0
-35.81509,10.22957,0
27.799322,-17.244032,0
46.057903,-117.93583,0
-135.41798,10.178038,0
160.6309,12.680746,0
-58.689117,97.420654,0
-59.11152,97.424355,0
-25.428734,-91.98219,0
-76.79371,57.062042,0
-14.162487,-133.061,0
29.033972,-171.41835,0
-162.17477,-53.46697,0
124.54518,-38.727943,0
10.610308,149.05449,0
9.6016865,148.33481,0
-26.189672,-31.14765,0
-10.125126,25.03781,0
-30.347052,-21.895311,0
82.0036,-115.71529,0
-115.20786,-21.993565,0
119.55832,17.456697,0
10.724045,87.40647,0
10.21432,87.75594,0
16.364826,-38.099453,0
-37.02531,16.40419,0
30.170158,-20.480732,0
48.233276,-114.33164,0
-131.48128,11.265702,0
159.72054,20.384811,0
-57.344257,89.531,0
-56.001976,88.22814,0
8.807051,-89.59078,0
-83.0313,19.046669,0
51.339375,-78.05357,0
25.591057,-155.75073,0
-172.85007,-31.281769,0
136.67467,-29.270012,0
-40.77256,168.05305,0
-41.61955,168.18861,0
-54.2722,-56.48022,0
-7.7129073,41.087006,0
-55.774696,-48.61627,0
91.31116,-133.98732,0
-129.07289,-32.22561,0
117.58415,3.502045,0
38.00062,99.35432,0
38.843967,100.275635,0
11.356615,-61.31095,0
-55.365555,-2.0139022,0
40.488514,-47.556458,0
25.958345,-121.59465,0
-155.5517,-2.9336324,0
149.41115,-10.758496,0
-39.07846,127.66778,0
-37.914154,128.607,0
1.5411292,-37.914165,0
-26.364494,8.287446,0
15.902454,-14.163253,0
59.673244,-110.31339,0
-140.0048,-6.6526494,0
143.11613,0.93855685,0
-31.365625,101.80494,0
-19.925264,83.94046,0
44.589943,-3.2456236,0
9.205855,50.949715,0
46.860596,-1.9766657,0
-92.505554,83.12304,0
-163.23022,-18.102453,0
144.48776,-70.50835,0
37.525135,52.500584,0
37.710358,52.412395,0
-12.894691,-42.84682,0
-22.699726,19.267828,0
-3.910994,-12.675507,0
66.29618,-131.18375,0
-144.75955,-9.531305,0
166.56662,-16.455725,0
-9.867949,106.74874,0
-10.32347,106.82116,0
14.377285,-32.49044,0
-33.554417,24.209227,0
22.467764,-22.406708,0
48.065784,-105.95826,0
-131.63431,20.118696,0
162.87048,22.796257,0
-49.630516,78.568405,0
-49.39358,78.246735,0
-10.145147,-106.29771,0
-75.50117,39.93814,0
0.81891716,-115.30254,0
-5.022975,-168.11157,0
-145.51067,-44.220375,0
146.77545,-37.74435,0
2.638465,184.08488,0
-67.02234,123.88678,0
-83.02079,-117.59524,0
2.5424857,60.35191,0
-78.85294,-126.6104,0
-12.016246,-147.73912,0
-103.24201,-62.72816,0
81.75768,-4.407041,0
68.02005,146.86838,0
70.1779,147.41055,0
-69.06633,-84.04146,0
-28.60533,52.811035,0
-79.90866,-98.41995,0
80.72659,-152.74414,0
-96.131355,-41.27554,0
92.66627,12.975911,0
59.02479,118.43791,0
59.29166,118.69424,0
37.998226,-0.5394255,0
-29.099625,51.61426,0
38.427868,1.0447915,0
-87.87938,83.91673,0
-99.81577,-37.645714,0
141.80571,-67.08058,0
43.108185,57.412525,0
43.3537,57.457294,0
5.2165804,-56.232224,0
-51.493164,2.1405506,0
34.746174,-39.445053,0
31.0328,-124.71758,0
-150.34395,-5.01315,0
158.98012,-7.039847,0
-40.2132,116.50927,0
-39.92401,117.06388,0
-9.583418,-54.93952,0
-34.523457,33.304314,0
-10.846045,-51.133327,0
62.9196,-137.86223,0
-118.72312,-0.3844182,0
147.67348,21.313183,0
-20.118359,116.38462,0
-20.952496,115.930115,0
-8.531288,-106.05431,0
-77.84476,34.747475,0
4.8212986,-116.94779,0
-3.3477437,-168.48167,0
-148.32498,-37.68102,0
151.1445,-42.2351,0
-6.8069253,181.85114,0
-5.8631268,180.84314,0
-60.717514,-93.14494,0
-29.666927,49.208546,0
-65.247574,-101.4273,0
71.5759,-156.52249,0
-99.35944,-34.63652,0
163.61855,-20.131323,0
18.58582,128.36505,0
18.049366,128.63422,0
86.45185,81.66587,0
25.892944,41.07655,0
-134.19348,41.39161,0
-112.37647,34.653225,0
-77.50705,-33.975456,0
110.122,-77.50295,0
68.98141,87.16714,0
68.782776,87.927574,0
19.489775,-53.56115,0
-51.629524,17.623999,0
47.34465,-66.889694,0
38.50597,-129.03148,0
-158.61377,-18.785881,0
153.74658,2.6572697,0
-57.900932,107.643616,0
-63.534847,127.16307,0
-24.702736,-92.79903,0
-79.14391,57.034576,0
-2.0511694,-129.62897,0
27.0388,-173.13666,0
-160.91899,-42.610962,0
123.072075,-39.050636,0
13.888884,147.0561,0
14.574139,148.14806,0
4.486239,-86.0371,0
-80.827354,10.144883,0
44.82003,-66.37938,0
18.292307,-146.22458,0
-175.04451,-36.7191,0
139.42299,-19.67996,0
-29.766418,153.86456,0
-29.899807,152.24466,0
17.366499,-67.59828,0
-65.51951,-1.8523421,0
49.728954,-50.748047,0
17.678387,-126.94908,0
-169.31068,0.21220686,0
174.30171,-2.4410937,0
-51.9181,137.40352,0
-54.987022,137.62686,0
79.170815,64.278854,0
57.507183,-6.9470615,0
-119.79309,67.63963,0
-118.98613,84.23163,0
-48.061974,-22.549267,0
91.89838,-62.349648,0
79.57141,65.07847,0
79.879906,65.16213,0
-39.80273,-98.00364,0
-53.87294,52.79732,0
-52.544075,-117.34177,0
23.63877,-182.24783,0
-126.59172,-67.439255,0
96.570366,-17.362896,0
30.457464,151.92668,0
30.79679,151.46689,0
70.7282,-26.416937,0
-104.04646,-98.823685,1
73.26407,-34.86453,0
-47.96741,-163.48247,2
-124.90416,-101.132256,1
189.13622,8.62079,0
-108.84205,113.466644,3
-103.60095,108.268005,3
-69.94514,-88.41455,0
-32.250473,55.48803,0
-76.779366,-97.12681,0
79.04041,-156.79572,0
-97.82998,-44.954838,0
88.87991,10.084434,0
61.1831,119.35259,0
62.754074,119.82933,0
-12.8084545,-114.537186,0
-78.040695,45.65232,0
-5.4231787,-119.67128,0
-10.423685,-175.07202,0
-143.13928,-37.767525,0
118.85374,-27.529108,0
9.331108,192.59624,0
8.953287,191.818,0
-40.03616,-18.053999,0
0.7051824,48.97553,0
-122.348976,36.2361,0
-40.732533,-164.18584,2
-83.5146,-29.691788,0
115.22805,-72.77051,0
62.510384,75.485756,0
62.38595,74.93468,0
-7.3244667,-41.461803,0
-23.969202,16.439835,0
4.5310354,-10.828494,0
60.79366,-130.30132,0
-138.13905,-12.2105875,0
147.60335,-1.5210315,0
-18.07053,94.99038,0
-17.644539,95.08301,0
30.056398,-49.910038,0
-69.91747,50.318832,0
64.01673,-70.15741,0
46.46381,-143.82576,0
-164.2298,-48.935223,0
163.94403,-5.8923173,0
-76.27138,115.658,0
-75.49544,143.61992,0
12.885368,-88.8046,0
-79.73708,19.95705,0
51.389637,-75.54248,0
25.50951,-152.17967,0
-170.40398,-29.551432,0
138.77751,-30.767363,0
-46.864113,162.95343,0
-49.43554,164.17708,0
2.1589134,-80.55376,0
-88.09683,8.626276,0
40.24765,-77.184296,0
13.120423,-149.84995,0
-158.30675,-23.174986,0
133.33463,-17.423256,0
-30.301577,165.84782,0
-28.787056,167.57457,0
-17.277205,-23.952974,0
-6.001527,14.130836,0
-16.726809,-19.787264,0
83.27109,-106.27862,0
-111.96957,-12.157935,0
126.68019,20.890285,0
0.67094487,86.0385,0
0.20822093,85.94147,0
-2.5826528,-89.99579,0
-89.407036,20.556602,0
36.45087,-86.76409,0
21.662891,-158.61371,0
-168.45935,-36.943417,0
126.25728,-26.865328,0
-19.905256,159.77432,0
-19.434942,156.28355,0
113.30151,60.90322,0
66.16831,3.9688022,0
-128.05229,65.09336,0
-119.06907,80.93959,0
-50.03302,-28.520365,0
82.36095,-62.8653,0
109.93052,64.54615,0
109.097206,64.87605,0
-29.36353,-111.11884,0
-65.04923,39.84222,0
-37.373783,-131.69287,0
4.429993,-177.41325,0
-138.32547,-47.20351,0
113.90069,-17.258556,0
14.915685,175.22159,0
15.478902,176.70522,0
3.831842,-70.55909,0
-32.63642,40.80143,0
30.127264,-64.20746,0
70.08413,-145.95758,0
-113.47982,-5.6782618,0
142.29843,-7.740764,0
13.506563,114.18859,0
-28.739887,133.48703,0
12.857909,-30.508556,0
-32.86604,22.917007,0
20.244366,-22.072533,0
45.10575,-107.78261,0
-132.94543,21.955662,0
163.81421,20.84855,0
-52.132015,85.14694,0
-51.000057,85.9521,0
1.6615874,-46.34941,0
-50.97259,25.730154,0
32.33235,-71.739296,0
53.3826,-129.07787,0
-146.20319,-11.115386,0
145.50209,-0.28728944,0
-41.919056,103.831154,0
-41.50454,104.34475,0
14.354207,-32.345043,0
-33.95519,23.974806,0
23.110033,-19.614132,0
47.378017,-106.65827,0
-132.85876,19.717178,0
163.111,23.548859,0
-50.63364,78.511536,0
-52.869545,82.91056,0
10.354238,-61.192677,0
-55.34261,0.23111472,0
37.43215,-52.157764,0
25.097202,-120.715515,0
-158.26036,-0.86499196,0
147.43849,-5.0111413,0
-43.051876,122.54779,0
-43.088226,123.62275,0
-32.686348,-70.2539,0
-63.065804,68.70675,0
-30.49141,-69.919525,0
54.6413,-165.41478,0
-173.5854,-65.576454,0
113.41715,-51.419533,0
8.429879,129.36673,0
9.131377,129.55516,0
-22.655323,-113.79855,0
-84.24181,45.69907,0
-25.91774,-133.1663,0
1.3246214,-188.75327,0
-139.4998,-59.396774,0
107.30673,-23.841902,0
33.564346,181.40236,0
32.948593,181.4733,0
72.46179,-27.624708,0
-105.79709,-98.76459,1
73.80102,-32.056026,0
-49.420433,-162.55609,2
-128.65355,-99.205956,1
191.81364,5.2779455,0
-107.319244,115.57785,3
-107.33932,116.33349,3
-19.337692,-40.054165,0
-18.982832,23.046406,0
-9.122954,-16.784822,0
72.42701,-134.44327,0
-134.87384,-20.01022,0
126.61477,4.774646,0
0.83359987,106.4764,0
-5.989722,97.11132,0
-50.279465,-98.81111,0
-43.687313,47.021667,0
-61.753483,-116.3273,0
26.636667,-193.65108,0
-118.64025,-58.322006,0
108.541504,0.67400116,0
41.06362,142.01825,0
42.583805,144.4735,0
125.786255,99.349106,0
31.74356,20.6075,0
-142.41129,45.684307,0
-104.42304,52.7789,0
-59.4274,-36.412155,0
91.20727,-78.796776,0
112.01727,102.378784,0
111.86731,102.79978,0
15.890922,-69.10577,0
-67.525246,2.6515732,0
49.98392,-54.47999,0
17.387596,-132.05215,0
-155.71324,-1.4542738,0
146.14911,-18.614328,0
-46.860027,138.60583,0
-46.947163,138.26859,0
-47.417507,-70.80367,0
-12.751659,44.12187,0
-55.754852,-67.069496,0
96.93834,-121.707985,0
-158.32536,-64.386406,0
110.63016,19.50895,0
36.036346,108.43256,0
35.890247,108.339165,0
-30.870045,-59.91762,0
-59.763706,64.87278,0
-31.874197,-63.47868,0
57.26396,-161.96422,0
-167.63339,-68.90482,0
116.08376,-56.159218,0
6.6118402,120.53864,0
6.0505137,124.61683,0
6.780865,-96.34975,0
-74.659966,10.208387,0
33.68146,-77.99081,0
6.700617,-144.23453,0
-160.7631,-33.90785,0
133.27557,-30.596605,0
-24.323778,152.39207,0
-24.06533,151.87125,0
-63.88385,-55.184116,0
5.350783,32.4127,0
-71.96451,-64.67471,0
97.91734,-137.0597,0
-146.29233,-80.029526,0
107.147194,24.195538,0
44.45436,89.17993,0
43.318153,89.50014,0
-32.965652,-31.019655,0
-8.797948,30.496492,0
-34.713078,-28.591444,0
83.2506,-121.84749,0
-118.67485,-25.856487,0
115.48122,19.568478,0
15.909423,89.886246,0
15.877307,88.72381,0
-66.043205,-56.59007,0
4.0639315,33.905273,0
-72.98428,-61.91087,0
100.26563,-138.74782,0
-148.58113,-78.396614,0
108.91945,26.195934,0
45.419357,87.165375,0
48.871933,88.463936,0
-55.564648,-56.239597,0
-7.5451713,40.44348,0
-58.465454,-48.183727,0
91.97013,-135.02644,0
-127.78379,-32.77156,0
116.463776,5.526735,0
37.600113,98.44033,0
37.747707,100.268074,0
0.07343854,-32.21166,0
-24.497547,2.2123744,0
15.464388,-8.004051,0
61.241543,-115.71367,0
-133.96385,-3.3268795,0
148.12746,14.099888,0
-25.599611,96.7062,0
-30.418287,91.01446,0
11.181277,-33.284004,0
-42.303314,15.181903,0
36.757362,-21.378395,0
44.473732,-125.14938,0
-147.5125,21.638077,0
166.3118,-2.9799447,0
-46.464497,91.76725,0
-46.65924,89.91384,0
23.115633,-37.541626,0
-33.138752,14.965547,0
28.358856,-34.763844,0
38.056923,-112.49629,0
-123.63481,8.526553,0
166.44054,17.30801,0
-68.11909,89.62226,0
-68.6004,90.00057,0
-0.4918031,-40.20478,0
-30.105804,9.374082,0
15.742287,-9.878051,0
62.090115,-113.079544,0
-134.05817,-7.330282,0
140.98334,2.796068,0
-33.72737,99.47854,0
-32.994812,97.29792,0
22.881802,-75.40652,0
-64.249626,22.000534,0
58.057076,-58.37667,0
37.28718,-149.25572,0
-174.7393,-10.186408,0
156.83704,-23.800238,0
-63.12698,148.53757,0
-62.9704,149.5386,0
67.948135,25.711065,0
16.102512,19.587166,0
67.0469,25.797316,0
73.496506,-82.142975,0
-85.01992,-11.997926,0
174.17784,-38.448856,0
59.18997,53.54569,0
59.063282,53.47587,0
-3.7165062,-95.56635,0
-90.83925,21.508951,0
35.917652,-89.12458,0
22.410168,-161.97292,0
-161.14125,-46.5453,0
122.957756,-32.544437,0
-12.856353,159.90398,0
-12.408726,159.69997,0
12.3130245,-90.44699,0
-79.8631,20.935991,0
52.495403,-75.95174,0
25.875866,-153.62059,0
-171.892,-29.47646,0
139.8689,-31.223022,0
-46.822517,164.10797,0
-48.42073,164.01543,0
-4.7925158,-92.72357,0
-63.57425,11.476805,0
29.195612,-90.67003,0
40.94696,-143.65558,0
-162.73322,-13.242122,0
139.07518,-40.12903,0
-18.972868,142.89323,0
-19.710197,143.11678,0
-11.703167,-27.735775,0
-10.597799,5.8475914,0
4.3067117,-1.7192497,0
72.1395,-123.1341,0
-122.15922,-15.413356,0
131.55359,1.82805,0
-4.8253913,92.95439,0
-4.6333766,93.30085,0
-9.167621,-60.12335,0
-53.56817,30.485031,0
-3.355348,-65.513405,0
59.678288,-146.96751,0
-110.432884,2.2109165,0
137.25511,-9.164063,0
-21.725994,132.66353,0
-21.663372,132.02797,0
16.07797,-46.275375,0
-43.45729,11.461123,0
36.63723,-28.410595,0
40.45734,-119.73106,0
-145.80052,10.49224,0
159.41986,9.153955,0
-67.366875,103.56035,0
-68.61576,103.189575,0
-16.537647,-105.31307,0
-70.02152,37.701588,0
-40.383595,-135.67213,0
2.790329,-172.7065,0
-140.39494,-41.952778,0
117.40857,-19.919855,0
3.896516,175.2685,0
6.0281067,175.99014,0
-25.027872,-83.09049,0
-73.25225,66.555435,0
-20.857553,-74.988174,0
43.20982,-165.00879,0
-174.02692,-53.647568,0
119.60008,-47.51842,0
2.9676347,136.53572,0
1.6362692,136.18608,0
89.60278,87.56949,0
28.090878,34.30006,0
-137.64343,39.670956,0
-107.037544,25.473198,0
-74.69702,-38.396496,0
105.32314,-79.752106,0
78.2907,93.72078,0
77.59153,93.73361,0
18.273802,-52.15981,0
-46.589478,10.010514,0
41.68376,-31.527262,0
39.53313,-124.428116,0
-149.41997,8.962369,0
155.99922,5.4091825,0
-60.95287,109.290405,0
-69.04422,98.63211,0
0.40714437,-74.50406,0
-77.29183,2.864591,0
34.53235,-67.92192,0
17.070927,-141.0347,0
-153.47096,-20.883318,0
135.09436,-13.180368,0
-30.019,143.7423,0
-30.801443,143.67416,0
6.0190606,-97.44609,0
7.0455656,11.565917,0
41.792896,-64.69537,0
65.15979,-92.62438,0
-99.2823,-13.275793,0
163.18492,-31.038126,0
-22.56046,151.8648,0
-23.36456,150.46443,0
123.822525,75.97434,0
69.208626,8.987038,0
-120.83345,63.394855,0
-105.95466,67.479355,0
-55.9185,-26.920282,0
87.62053,-68.377014,0
117.90318,75.234856,0
117.56153,75.04157,0
-32.707153,-60.93711,0
-58.71006,65.11911,0
-32.638294,-64.032135,0
57.5802,-162.98253,0
-168.83725,-68.87805,0
117.489746,-57.082584,0
8.849277,123.3863,0
9.21883,123.742134,0
-33.69951,-97.18963,0
-47.78987,41.052395,0
-31.811918,-121.50288,0
19.645405,-174.90587,0
-115.55658,-58.876823,0
93.27478,-24.352346,0
34.95104,136.44931,0
34.29257,136.43236,0
19.240541,-81.45466,0
-70.71684,19.696012,0
53.75283,-65.176254,0
30.123806,-149.6291,0
-181.42354,-16.10935,0
147.46397,-29.90228,0
-58.36308,158.38281,0
-58.368504,159.35822,0
-10.215068,-102.30692,0
-73.118866,5.8423142,0
43.848633,-62.960938,0
18.864746,-137.1056,0
-152.39795,-17.460688,0
135.69547,-9.014907,0
-37.632023,144.8667,0
-37.008476,144.84067,0
-16.830425,-98.65565,0
-68.50923,32.182323,0
-37.1628,-141.78716,0
11.644951,-169.46681,0
-139.00974,-37.136086,0
119.07437,-16.567112,0
1.5438795,162.83493,0
2.133817,162.58878,0
25.400364,-56.170357,0
-56.961693,14.990833,0
49.09128,-32.479412,0
39.85767,-134.97395,0
-170.85425,-12.377006,0
171.20421,-14.131613,0
-71.08945,127.49214,0
-70.20722,127.54572,0
93.55462,63.993694,0
59.0012,0.04106597,0
-125.23435,75.01441,0
95.67503,63.877357,0
-54.394665,-21.359896,0
85.151764,-60.827377,0
97.07101,65.73201,0
96.87025,65.914,0
6.634234,-35.221527,0
-31.55505,5.0654345,0
24.520988,-13.605304,0
52.56004,-115.34055,0
-136.44398,4.920833,0
156.09717,14.378219,0
-35.86361,85.469185,0
-34.33234,87.135376,0
92.358505,99.69778,0
25.657507,25.011366,0
-135.26414,48.53796,0
-109.00054,50.269608,0
-64.75974,-34.722866,0
99.09719,-85.41348,0
90.96828,100.24965,0
90.87342,100.32472,0
42.757935,8.687232,0
6.3770432,48.35627,0
41.286896,4.5610433,0
-100.22711,81.552795,0
-99.00966,-29.91287,0
142.64705,-76.1671,0
45.275566,46.11427,0
45.188026,47.013763,0
-23.361195,-25.83581,0
-7.3192267,20.05198,0
20.139643,-10.393595,0
75.82798,-109.050186,0
-110.99053,-17.04584,0
131.51183,23.211803,0
0.20050298,77.46149,0
-0.377829,74.34597,0
-47.09649,-76.82773,0
-14.312017,48.462982,0
-55.422882,-74.02318,0
100.2798,-116.42917,0
-117.84921,-45.754612,0
105.60809,3.3424978,0
34.11935,116.71712,0
33.66738,117.3909,0
13.518443,-43.36424,0
-34.800663,18.198172,0
43.653458,-44.158844,0
42.536694,-109.15042,0
-141.11972,14.969126,0
167.01611,11.851568,0
-54.996773,86.54974,0
-48.414764,113.42225,0
81.847755,63.63007,0
26.802614,20.606327,0
-119.15802,67.47635,0
83.33204,64.000755,0
-49.26347,-22.52648,0
90.79567,-63.472702,0
82.495926,65.856804,0
82.28571,65.8675,0
22.383892,-79.39377,0
-68.506744,17.971598,0
54.261627,-62.688133,0
32.79488,-145.84268,0
-178.94429,-13.350137,0
153.03992,-26.526913,0
-58.936813,153.9529,0
-62.165813,157.33853,0
15.990319,-61.67051,0
-59.274597,-5.1316333,0
44.008038,-46.267506,0
19.946306,-120.14791,0
-162.54007,2.746371,0
160.68816,18.475471,0
-48.50928,129.09805,0
-49.934032,127.93103,0
4.598627,-64.712234,0
-57.1339,5.045368,0
32.608395,-80.57965,0
25.795612,-136.87727,0
-156.50195,-9.494434,0
151.37207,-14.704529,0
-35.569027,126.12907,0
-33.165215,136.25064,0
-7.219586,-62.032104,0
-56.70585,25.755564,0
-4.024961,-64.56191,0
29.560013,-127.13955,0
-150.1549,-8.729209,0
133.36795,-6.546226,0
-27.539394,128.83711,0
-27.766396,128.05727,0
-30.045246,-45.801567,0
-27.939112,40.16612,0
-33.813057,-41.984016,0
73.8546,-144.23474,0
-108.28744,-31.497826,0
120.00173,13.888404,0
12.874483,106.71055,0
15.868125,104.13048,0
-48.779465,-84.28326,0
-11.369744,54.388184,0
-61.683163,-79.49074,0
106.09133,-125.03167,0
-113.18891,-50.82789,0
105.40047,-2.927638,0
33.253178,127.76945,0
33.263546,125.71249,0
21.214497,-47.35732,0
-46.11089,15.374305,0
39.152214,-24.804087,0
44.428215,-122.44019,0
-144.71248,9.511338,0
160.01868,6.9381137,0
-67.672005,108.850815,0
-68.45645,108.29458,0
-31.360851,-94.84574,0
-0.23862882,49.854065,0
-117.61997,42.99928,0
43.335964,-181.2167,0
-90.00655,-28.471395,0
119.14973,-65.60456,0
50.795097,70.276924,0
50.919575,70.27696,0
-4.789314,-31.900597,0
-20.668186,2.7784696,0
13.219403,-7.5903163,0
62.5856,-115.39121,0
-128.59923,-11.604214,0
146.70866,14.886881,0
-26.065828,97.50175,0
-23.190002,93.50774,0
-48.692806,-82.86459,0
-10.599791,52.916393,0
-60.086143,-73.51048,0
105.63769,-121.589195,0
-114.82673,-48.909184,0
105.63954,-1.3273977,0
36.547245,127.18986,0
38.68687,127.35237,0
-37.7014,-15.280405,0
-2.08423,46.61796,0
-118.27883,42.203945,0
45.132195,-180.8668,0
-87.995255,-27.492813,0
119.03543,-68.43852,0
53.716007,70.77938,0
53.419945,70.69594,0
23.970194,-49.797077,0
-49.481228,11.921543,0
46.99282,-30.613855,0
41.08926,-125.83975,0
-148.69258,9.397793,0
156.71863,9.547935,0
-64.48497,109.46643,0
-68.213776,120.96744,0
-6.5141234,-94.71124,0
-74.659035,50.032078,0
31.820623,-92.49683,0
-16.389282,-174.80757,0
-159.24237,-48.092678,0
135.73775,-48.05112,0
-14.95026,144.33913,0
-15.0346,144.8198,0
-11.800194,-34.452465,0
-14.759469,8.806572,0
2.525995,-5.163904,0
68.87548,-120.671425,0
-122.37832,-7.5349264,0
137.58138,11.717443,0
-10.782385,93.34369,0
-10.644641,94.02498,0
-8.428862,-88.44346,0
-88.947044,25.341242,0
-14.304244,-73.733955,0
38.16011,-159.879,0
-167.60191,-44.027866,0
132.88812,-35.05993,0
-10.789586,142.35158,0
-10.926641,142.61156,0
-13.828913,-88.31003,0
-81.825905,65.10689,0
-15.670915,-73.29313,0
34.10671,-161.05865,0
-171.31253,-38.820175,0
132.97513,-38.076126,0
-10.767897,145.15646,0
-54.743908,167.39337,0
12.772404,-29.69896,0
-30.279974,24.88613,0
-21.248772,-53.071487,0
49.925182,-103.329575,0
-123.92564,21.163475,0
179.58221,13.69693,0
-47.03716,79.56661,0
-45.729694,77.78057,0
-17.719759,-111.32679,0
-81.58767,43.841232,0
-1.7087839,-127.96907,0
-5.2822995,-177.89044,0
-156.23647,-42.667294,0
143.12045,-38.384388,0
8.273078,152.46825,0
3.0990283,153.89081,0
2.2488928,-28.91016,0
-24.422756,6.327901,0
26.306555,-8.108648,0
60.111526,-120.26762,0
-132.4995,0.2054798,0
152.17857,13.191432,0
-23.68831,85.05473,0
-23.105616,85.89231,0
-10.017947,-56.015682,0
-34.638863,33.84804,0
-10.928637,-50.577396,0
63.740288,-138.27081,0
-118.24229,0.1286016,0
146.18051,25.442505,0
-18.633846,116.65628,0
-17.981405,116.52525,0
8.159254,-56.025883,0
2.2226324,10.359308,0
33.00761,-41.961693,0
65.21383,-95.730415,0
-101.88614,-6.0764427,0
158.52621,-11.477722,0
-35.55256,118.271675,0
-32.979465,115.48632,0
19.914633,-68.124985,0
-64.11484,-4.268842,0
50.561604,-48.21252,0
19.181738,-125.60818,0
-166.51633,2.493419,0
167.9312,-2.7856283,0
-50.40178,135.15048,0
-50.183712,135.704,0
4.9901447,-37.631626,0
-32.34844,2.266779,0
23.099262,-16.897545,0
53.334766,-110.80673,0
-137.97102,2.1429162,0
156.90878,24.469545,0
-34.24335,79.60765,0
-34.026363,80.818146,0
27.330875,-44.697292,0
-42.75357,23.281599,0
42.802803,-19.007824,0
48.73792,-139.71336,0
-149.15472,19.230177,0
167.02942,-8.548806,0
-77.59871,102.14855,0
-77.2907,102.210365,0
-30.263247,-116.90787,0
-90.813965,41.084408,0
-33.28839,-125.35663,0
-1.830344,-188.4833,0
-141.24083,-57.32249,0
109.70187,-24.055817,0
28.329737,181.53987,0
29.005678,181.61403,0
-84.83153,-119.80485,0
3.6435013,62.80555,0
-78.059006,-129.71906,0
-9.7395115,-147.07666,0
-103.800476,-62.316444,0
88.23662,-2.4184122,0
69.966705,144.02827,0
70.743355,144.04654,0
-21.634893,-82.837776,0
-75.959145,67.987976,0
-16.09363,-74.250435,0
40.352917,-162.94131,0
-174.47063,-42.086594,0
126.95234,-43.708244,0
-2.6975029,139.05307,0
-2.2583542,139.55675,0
5.2789245,-34.104496,0
-30.425121,4.6818585,0
22.888775,-10.3362,0
54.63261,-116.604904,0
-135.54376,4.082122,0
155.54425,14.721648,0
-32.661594,87.12278,0
-33.086166,86.46671,0
70.49677,-27.391033,0
-106.99357,-96.80659,1
72.707146,-32.661472,0
-47.108784,-161.61087,2
-124.87492,-102.836754,1
197.98433,5.263829,0
-109.859406,118.40919,3
-108.74621,119.16569,3
13.849136,-62.425266,0
-57.087387,-4.183141,0
43.008316,-46.675575,0
22.49746,-118.48831,0
-161.07434,4.854374,0
151.42413,10.847138,0
-47.228863,127.31631,0
-51.72652,131.29662,0
-24.234753,-30.88547,0
-5.7462964,25.031649,0
8.428779,-5.57819,0
77.40864,-115.631485,0
-128.04396,-9.21818,0
134.72736,22.376322,0
-11.398968,78.98275,0
-11.616322,77.83918,0
-12.125342,-30.905024,0
-10.5372925,10.210727,0
-1.526891,-1.7905905,0
72.13745,-116.47013,0
-121.597496,-11.315492,0
134.51895,13.461097,0
-6.8040338,88.20654,0
-7.987789,79.48575,0
21.269938,-83.39219,0
-71.764656,23.610239,0
-15.181191,-74.42231,0
33.63852,-152.7292,0
-179.74632,-18.832403,0
150.15865,-32.97718,0
-55.440792,156.21489,0
-54.38709,156.37624,0
-7.1769495,-26.224806,0
-15.150759,0.9802345,0
8.386057,-2.0393608,0
66.42373,-118.73084,0
-120.015465,16.279387,0
136.135,5.5300655,0
-17.400835,99.269295,0
-15.654392,104.96975,0
-11.635582,-117.03484,0
-78.25101,49.87407,0
-7.560926,-122.898964,0
-14.011515,-176.75958,0
-156.23755,-50.196983,0
121.85794,-35.83691,0
12.22263,195.61806,0
11.896774,195.50937,0
-21.742682,-107.28431,0
1.9958297,49.47863,0
-122.12321,36.554214,0
48.245823,-177.45842,0
-82.72682,-29.392334,0
116.75252,-72.95481,0
62.18528,72.58362,0
62.274887,72.24407,0
-15.303288,-117.768684,0
-81.84283,49.780853,0
-7.4288993,-128.00583,0
-11.265246,-179.84723,0
-152.81659,-51.19837,0
118.56751,-34.37822,0
9.349797,196.32927,0
16.489096,195.19852,0
-34.840435,-112.01078,0
-56.56321,41.275425,0
-35.47197,-112.85677,0
6.267476,-189.16783,0
-132.47304,-49.07839,0
107.36804,-12.2953825,0
25.559002,168.064,0
25.674229,168.35954,0
-45.40868,-39.545906,0
-23.410954,52.210552,0
-44.606464,-38.552803,0
90.005615,-111.84596,0
-89.37165,-43.576164,0
97.88347,19.823328,0
57.771927,102.944466,0
58.91999,104.04186,0
21.273415,-78.57355,0
-67.0346,19.158693,0
58.503963,-64.769394,0
32.808784,-147.43109,0
-180.42235,-13.746678,0
151.7948,-28.899954,0
-62.095596,155.09389,0
-64.81396,156.29932,0
18.2608,-66.57128,0
-64.593376,-1.1250925,0
51.262882,-50.922264,0
16.024193,-126.37833,0
-168.84146,-0.8875139,0
174.37482,-1.4633831,0
-52.696754,136.89572,0
-55.941166,137.1285,0
69.93438,-27.732643,0
-106.51245,-96.18542,1
70.42593,-31.587202,0
-46.927834,-161.14706,2
-128.74303,-103.45977,1
197.14856,4.9310913,0
-110.517815,117.9382,3
-109.32932,119.923935,3
-23.668385,-82.78809,0
-73.71271,67.76797,0
-20.704615,-73.58473,0
42.699394,-164.0385,0
-175.10011,-50.230545,0
128.03311,-47.288956,0
0.5137735,136.86208,0
0.44084555,136.75195,0
-43.630764,-98.94961,0
-47.314396,43.7935,0
-57.435955,-115.11183,0
22.632767,-190.64995,0
-124.77652,-53.21949,0
110.645134,-7.1431966,0
27.846315,147.64632,0
39.018974,137.46155,0
7.031156,-46.76862,0
-49.58881,25.87727,0
33.291237,-72.34267,0
50.03527,-132.76765,0
-146.35231,-15.452388,0
122.84518,-23.469858,0
-46.48945,105.85699,0
-47.037273,105.58189,0
-1.426844,-41.481052,0
-28.936146,11.954615,0
4.4480305,-16.879328,0
57.491356,-126.35428,0
-142.222,-7.3975973,0
143.03813,3.298473,0
-37.273014,101.07284,0
-37.985966,101.404625,0
1.3611763,-58.99607,0
-44.393356,-2.6919103,0
-0.74016047,-59.576828,0
32.859024,-112.32676,0
-127.03801,-39.489746,0
155.89436,-38.122787,0
-29.15931,115.67256,0
-26.784645,122.57972,0
10.083909,-54.66434,0
-49.06253,2.9903154,0
35.17482,-37.129093,0
32.79893,-121.60172,0
-147.27148,3.9096694,0
158.604,3.6969867,0
-53.066265,115.4055,0
-51.89799,115.31585,0
2.803277,-89.28188,0
-87.06407,14.997459,0
47.87032,-78.518074,0
19.032976,-155.04166,0
-166.00443,-27.031372,0
130.56172,-25.614607,0
-22.251799,164.65773,0
-21.744976,165.48524,0
-45.004528,-77.44888,0
-18.044884,47.47845,0
-56.549034,-71.16622,0
102.496956,-114.821396,0
-116.53709,-41.502388,0
99.87899,3.043885,0
31.795969,116.13395,0
30.912241,116.20292,0
10.122152,-55.9353,0
-51.598015,2.6983948,0
35.515583,-38.91323,0
30.831331,-124.10681,0
-150.53316,-4.474779,0
156.36179,-8.248839,0
-39.945923,116.147705,0
-42.486366,115.95542,0
85.80093,83.531,0
25.318857,42.04797,0
-133.68884,43.933205,0
-112.576645,32.243206,0
-75.72616,-32.615673,0
109.035126,-80.51736,0
69.77121,91.281296,0
69.67162,91.09159,0
-22.05789,-41.70316,0
-16.48478,25.784792,0
-10.912789,-13.449161,0
75.82332,-132.79958,0
-128.33113,-25.676743,0
123.94684,6.026519,0
-0.8973509,103.662605,0
-1.6343493,103.469,0
92.05211,65.91858,0
59.689167,-0.76886314,0
-126.360275,71.40377,0
93.626434,66.88554,0
-52.3862,-21.105324,0
87.650856,-61.798504,0
94.49104,68.909065,0
94.23709,68.6688,0
-10.56975,-111.71691,0
-80.72053,38.510494,0
0.14654684,-120.69639,0
-7.773358,-172.2861,0
-151.87566,-41.93189,0
145.12775,-44.52203,0
-3.97557,189.74629,0
-2.6520717,189.25958,0
-22.316792,-31.47651,0
-20.25704,30.047623,0
-25.526993,-20.12671,0
77.91508,-143.39044,0
-109.087524,-24.806412,0
123.36746,17.808187,0
8.860974,97.18114,0
7.6810985,96.76551,0
-64.44988,-62.683197,0
2.1452065,37.789352,0
-76.579025,-66.02186,0
96.44703,-141.92366,0
-144.4918,-74.042656,0
112.142365,24.449703,0
48.29832,94.023186,0
48.042297,94.453384,0
2.7125452,-38.333614,0
-27.619389,8.211387,0
17.522018,-14.482206,0
57.641865,-110.82679,0
-124.77173,-6.8136826,0
151.76149,18.595278,0
-29.441824,77.815094,0
-28.879639,77.66976,0
-79.94074,-117.562675,0
-0.5051522,60.842743,0
-74.378586,-128.86143,0
-14.564708,-149.72055,0
-104.02408,-67.38947,0
84.298386,-8.256018,0
67.31796,150.53838,0
69.24924,151.80093,0
-47.512653,-86.118645,0
-10.523642,55.37617,0
-60.052837,-81.41262,0
106.82971,-124.46818,0
-114.564545,-53.267353,0
106.87452,-4.868936,0
32.085464,128.72823,0
31.579014,129.31181,0
11.729337,-29.19585,0
-30.650135,25.715477,0
15.496781,-23.201208,0
49.12797,-100.109566,0
-125.54209,19.539862,0
172.27104,15.550804,0
-45.185863,81.247826,0
-49.874683,73.3198,0
-69.66217,-92.97102,0
-33.490906,51.39687,0
-72.09905,-96.08099,0
75.11555,-154.55646,0
-101.81562,-41.79842,0
104.01984,-10.627071,0
68.50461,121.65338,0
68.963524,121.243546,0
46.045784,8.518165,0
10.751867,43.76932,0
46.755024,4.8375463,0
-101.91925,81.07258,0
-101.126434,-25.438894,0
140.98225,-77.23482,0
44.17339,42.80582,0
43.81633,43.49241,0
-14.074473,-119.84177,0
-81.11856,51.595585,0
-11.7803955,-124.99093,0
-13.068743,-179.49292,0
-153.83926,-50.475864,0
117.96108,-37.147762,0
11.554225,199.14705,0
12.682875,202.22017,0
-40.313343,-98.79836,0
-53.800453,51.96138,0
-51.890747,-118.7722,0
22.276194,-182.9433,0
-126.66201,-66.78337,0
98.04547,-14.915601,0
31.507294,152.7185,0
31.96321,153.54115,0
-13.640373,-106.57538,0
-73.61382,36.85695,0
-0.08754254,-114.37844,0
0.3936129,-171.0362,0
-141.16074,-39.147038,0
149.42181,-46.329006,0
1.9016591,173.57877,0
2.9896536,176.91916,0
9.622094,-46.89091,0
-46.02596,20.166063,0
30.765053,-35.381905,0
51.099323,-126.65969,0
-126.51164,7.730929,0
152.30426,1.318822,0
-55.228207,108.038765,0
-55.431953,108.07372,0
-29.421558,-99.85904,0
-54.834465,36.640205,0
-36.08078,-118.677155,0
8.630734,-184.86887,0
-128.02562,-47.53151,0
109.493095,-11.740193,0
14.291945,162.54689,0
19.546865,165.6808,0
22.186583,-43.8986,0
-43.2178,16.445515,0
33.271545,-28.788841,0
48.30746,-123.0536,0
-132.33571,7.852525,0
154.54677,9.533348,0
-58.477303,104.88493,0
-69.28856,95.45967,0
-7.5892134,-56.09302,0
-38.218296,33.899715,0
-8.06016,-49.89751,0
60.517307,-138.3162,0
-114.626595,3.3939335,0
179.61098,6.687964,0
-19.618597,120.97272,0
-19.326378,120.66631,0
-53.036777,-82.938896,0
-15.065947,55.35464,0
-77.95074,-131.59016,0
100.70367,-123.75497,0
-108.99504,-48.731064,0
99.39821,-0.20260918,0
41.48868,129.17336,0
42.614246,129.48259,0
29.827797,8.56258,0
10.037932,18.290972,0
30.899572,7.168058,0
72.22597,-88.35304,0
-91.62365,-11.722175,0
170.93817,-33.394375,0
31.950998,69.8248,0
31.421177,70.46491,0
14.996314,-85.6704,0
-77.2014,19.114681,0
52.218647,-72.309006,0
26.045122,-149.00629,0
-149.50327,-42.51527,0
148.51474,-46.173878,0
-46.39605,157.3625,0
-46.972153,157.63557,0
44.41405,12.147777,0
12.345774,46.76198,0
-104.474754,84.339485,0
58.663147,17.708616,0
-70.71015,-22.74964,0
140.28998,-79.70516,0
47.733833,40.78385,0
47.016537,41.532253,0
23.222355,6.488532,0
4.4016266,13.537822,0
25.921947,-0.055910148,0
68.28083,-94.20572,0
-149.05879,-2.8574245,0
157.92087,-9.94333,0
23.763233,71.402725,0
24.74579,69.42685,0
13.187915,8.029623,0
17.192934,32.88683,0
13.70666,7.2022557,0
29.896294,-100.31148,0
-87.05044,-36.236973,0
96.86467,26.958334,0
21.750725,59.09995,0
21.339083,59.124836,0
-4.381244,-101.56524,0
-78.02285,30.57622,0
-2.498699,-117.75244,0
-9.024985,-168.0425,0
-159.6323,-46.19519,0
141.82399,-50.428276,0
-12.151714,180.07431,0
-12.751546,179.9849,0
112.1932,60.011967,0
65.0253,5.0290084,0
-127.05654,66.3284,0
-119.136345,81.492035,0
-48.32174,-28.021763,0
81.65562,-61.810833,0
109.001755,62.45705,0
108.25196,62.634792,0
7.9793196,-56.67802,0
2.568831,9.902137,0
33.481354,-41.654682,0
64.698845,-94.619965,0
-100.00321,-5.0491424,0
158.55556,-14.352011,0
-34.200172,117.57147,0
-33.783943,117.23083,0
-19.923023,-29.85466,0
-9.522843,18.942062,0
-23.601429,-12.314067,0
74.263336,-111.74476,0
-116.47178,-13.476095,0
133.45584,26.32054,0
-3.846092,77.31627,0
-3.8305624,75.96916,0
-29.864162,-102.3037,0
-56.100296,38.67376,0
-38.851677,-117.97208,0
10.903366,-185.55789,0
-131.90257,-46.964027,0
110.22132,-13.772308,0
15.917296,164.01921,0
16.53331,165.37906,0
1.3478891,-102.65847,0
21.51523,36.785877,0
2.2598782,-103.1345,0
-12.2020645,-163.93134,0
-95.1911,-17.332682,0
159.37444,-35.265343,0
-14.681887,192.45567,0
-14.84493,192.21353,0
-84.9147,-116.06963,0
3.4576323,59.68446,0
-78.855385,-126.14238,0
-13.728429,-147.8384,0
-110.12652,-62.395195,0
115.67248,-4.1785593,0
66.896225,146.16269,0
73.67825,143.54149,0
-0.22624642,-88.42026,0
-88.4361,17.400812,0
37.123703,-82.84633,0
17.975498,-158.18298,0
-162.81718,-32.269962,0
131.0897,-30.106106,0
-22.382215,161.0123,0
-18.78797,158.12328,0
44.427814,14.273371,0
14.464568,48.407173,0
-106.11981,82.74903,0
57.448124,19.500208,0
-72.25587,-22.009922,0
137.75594,-80.46598,0
48.034325,35.870564,0
47.861004,36.825108,0
13.45892,8.054522,0
17.334446,32.98411,0
13.872061,7.4364285,0
29.870113,-100.44757,0
-87.07963,-36.144947,0
96.934326,26.935432,0
21.925045,59.247734,0
22.18543,59.43217,0
-63.706608,-54.875652,0
5.347593,32.659004,0
-72.85062,-63.89798,0
97.45456,-138.11588,0
-145.57906,-79.0307,0
107.04145,22.224232,0
44.61616,89.44307,0
44.931545,87.91742,0
-3.2202961,-73.73778,0
-77.65907,-0.5903646,0
32.62557,-66.73398,0
63.610565,-145.44926,0
-110.57165,0.10480701,0
139.778,27.206724,0
-24.5626,140.25873,0
-22.959272,139.57385,0
14.508113,-55.832058,0
-51.650627,6.4238634,0
39.15116,-40.717663,0
34.094078,-126.62511,0
-152.284,-3.812593,0
156.41121,-6.3533797,0
-55.44661,118.2904,0
-59.70652,122.74134,0
15.865536,-55.382275,0
-44.254734,3.8083816,0
39.25062,-36.571472,0
35.42629,-129.16109,0
-153.88159,5.342389,0
157.86052,-22.626772,0
-59.04184,118.53016,0
-59.43148,118.22048,0
-27.843447,-48.015476,0
-30.441437,38.618958,0
-31.130785,-36.324585,0
69.98372,-142.9962,0
-111.74868,-30.221668,0
123.969505,14.770448,0
9.9242325,109.34997,0
12.065429,109.323875,0
-7.747896,-82.910774,0
-88.02706,29.04721,0
30.53921,-86.602394,0
39.389557,-156.08315,0
-175.9427,-34.14415,0
140.78659,-34.845535,0
-14.185599,139.11888,0
-13.23103,139.42345,0
4.0605593,-60.854187,0
-52.25687,-3.1577413,0
0.5368165,-62.9379,0
26.66243,-116.988525,0
-161.83488,6.4578204,0
159.76476,-14.340066,0
-31.572666,122.82604,0
-31.63806,122.229774,0
-0.5093218,-41.38343,0
-29.977604,10.480835,0
15.957936,-10.466528,0
60.860065,-112.487595,0
-142.13652,-4.135056,0
148.04886,1.4419197,0
-34.73952,100.76476,0
-33.139553,96.34904,0
-2.2669845,-45.704617,0
-45.997242,30.232805,0
14.04828,-1.2252778,0
55.31474,-134.71184,0
-136.95947,-15.554824,0
137.15315,1.1139497,0
-37.72663,109.11696,0
-37.595356,107.484406,0
-44.12807,-97.33477,0
-47.975212,52.46736,0
-59.7058,-120.61319,0
26.161127,-186.25574,0
-123.12257,-65.01423,0
96.03199,-12.086768,0
35.20169,149.67285,0
36.091152,150.63919,0
-47.5702,-61.074394,0
-12.6570425,38.70713,0
-49.775505,-53.089634,0
90.68169,-121.87522,0
-119.35996,-33.005093,0
112.10046,12.409316,0
29.6597,99.687195,0
30.305853,99.22264,0
-85.13268,-110.79044,0
-18.049314,53.432785,0
-62.895187,-72.08842,0
97.285,-118.96002,0
-113.74104,-43.313755,0
100.76607,1.9327106,0
31.580717,120.91023,0
31.099083,121.08329,0
115.155624,43.920856,0
58.71539,-12.413668,0
-126.06244,87.50793,0
127.668076,49.065228,0
-48.46252,-12.2619705,0
70.827866,-53.13424,0
138.26523,56.995518,0
140.02072,55.226902,0
12.342821,-29.090282,0
-30.716957,26.07609,0
16.045567,-23.94431,0
48.831078,-101.39354,0
-127.126236,19.956017,0
172.18501,18.965553,0
-45.242466,81.26288,0
-21.205673,121.79984,0
18.445122,-30.894903,0
-35.85249,27.48631,0
19.536978,-28.512608,0
43.947075,-102.61385,0
-130.11375,17.167328,0
164.94489,26.25193,0
-52.736652,77.92769,0
-52.527245,77.97819,0
-35.77894,-94.279396,0
-59.137276,52.98833,0
-47.95826,-114.271164,0
25.258408,-177.36209,0
-171.11601,-47.422096,0
112.087296,-6.6084185,0
24.267975,148.68105,0
24.902256,147.98982,0
-3.8539999,-27.5256,0
-18.83971,1.3657726,0
12.9562645,-4.703301,0
64.774185,-115.53752,0
-135.2775,-9.797553,0
130.32256,-2.1521769,0
-21.918947,100.82893,0
-22.348488,100.364174,0
-5.446894,-59.410427,0
-55.901684,26.54981,0
-4.1940584,-63.199432,0
28.546978,-126.13786,0
-152.2894,-7.291568,0
144.6891,-0.9270893,0
-26.378662,126.311676,0
-25.836988,126.693115,0
18.87241,-52.561245,0
-48.69173,12.147502,0
43.88882,-32.405846,0
40.172836,-126.98758,0
-146.6656,6.6156673,0
158.07938,7.459358,0
-63.919853,120.1548,0
-62.51978,125.82778,0
-45.739357,-101.61651,0
-48.735897,46.438057,0
-53.89126,-121.48624,0
21.361376,-189.42075,0
-124.32638,-59.966972,0
105.98841,-10.477878,0
39.806328,147.50381,0
38.50571,156.10138,0
4.051745,-78.58077,0
-83.97906,14.220741,0
48.031487,-75.487015,0
17.58743,-151.32884,0
-165.56693,-24.47903,0
136.69913,-22.847366,0
-35.35721,163.06654,0
-47.6412,165.44736,0
69.46866,-23.154251,0
-100.370026,-97.30295,1
71.11129,-38.472355,0
-45.868057,-165.91434,2
-127.470955,-104.65744,1
195.77898,8.678637,0
-110.78893,109.65455,3
-112.12832,107.46072,3
27.580769,-56.279465,0
-59.24577,12.576551,0
53.61729,-31.729568,0
38.90498,-137.51921,0
-166.4179,-10.771159,0
166.76578,-15.443262,0
-73.39469,129.02083,0
-76.86092,130.31725,0
-15.630841,-85.380165,0
-79.661224,67.97665,0
-12.255405,-78.563774,0
34.13473,-165.36436,0
-175.56831,-45.84825,0
127.59599,-40.027443,0
-4.3077717,149.7138,0
-2.5507216,148.51913,0
-31.31616,-29.732347,0
-8.284805,29.169107,0
-32.584953,-26.973673,0
83.089516,-120.18789,0
-119.08546,-25.630249,0
116.845634,19.206137,0
14.562856,89.48856,0
15.06949,88.9222,0
89.691284,35.249367,0
67.19454,-8.480012,0
90.25558,34.86523,0
81.70942,50.7529,0
-66.15221,-15.265791,0
85.60796,-46.28037,0
82.89797,42.59594,0
82.89954,42.973503,0
-40.579372,-45.2009,0
-23.893131,46.77989,0
-40.90803,-43.66644,0
83.302704,-145.29916,0
-123.148735,-21.652729,0
104.12481,16.74754,0
49.76697,101.529816,0
49.980602,101.603806,0
-48.061913,-78.74245,0
-13.96686,50.589645,0
-58.185513,-75.53352,0
102.3438,-120.44517,0
-113.95715,-46.40876,0
105.73011,2.9023516,0
35.31532,121.15865,0
35.51621,121.33152,0
17.643152,-87.55778,0
-75.88239,14.365425,0
54.43179,-71.84896,0
22.696758,-143.09364,0
-173.45605,-19.622627,0
143.77727,-17.12863,0
-42.349792,152.28767,0
-41.635044,151.86832,0
15.662396,-34.38523,0
-35.610558,23.998035,0
23.773485,-22.628109,0
46.995277,-107.673065,0
-133.73445,20.00584,0
161.23611,22.723257,0
-51.484585,76.035034,0
-52.199997,75.046684,0
-17.0618,-84.21225,0
-79.46597,69.792465,0
-14.239152,-78.96082,0
35.424423,-165.13069,0
-177.11224,-44.882137,0
128.084,-41.286613,0
-2.6779375,146.6578,0
-2.3776329,146.92047,0
-17.053993,-120.65632,0
-85.37668,54.991882,0
-11.006157,-129.08925,0
-16.387257,-184.52759,0
-156.37994,-54.55218,0
119.73978,-32.006256,0
20.896475,202.20567,0
20.677036,201.59204,0
-28.545523,-116.85469,0
-88.6488,42.50486,0
-32.48785,-127.2397,0
-3.10779,-186.87357,0
-142.4107,-56.468933,0
110.82006,-25.741573,0
26.057518,182.71835,0
31.577017,182.90303,0
9.597793,-62.668705,0
-51.45767,4.4285264,0
39.242664,-54.94518,0
33.96181,-122.00275,0
-148.06322,1.5210593,0
161.04568,1.6723887,0
-55.530643,114.06573,0
-41.16859,127.99514,0
-60.933887,-60.910744,0
-3.309241,33.43804,0
-54.369423,-53.41567,0
95.53465,-129.03911,0
-153.66096,-72.8036,0
111.62972,28.729187,0
35.48418,87.997246,0
19.510872,99.67821,0
13.227235,-67.602486,0
-61.03407,-0.24561284,0
50.792953,-43.490707,0
20.67315,-125.79616,0
-163.86082,-5.4289536,0
143.57687,-15.4404,0
-45.419224,133.48799,0
-60.931526,135.25758,0
30.114141,8.765224,0
10.647663,18.168118,0
30.992594,8.013848,0
72.16152,-87.58684,0
-90.7867,-11.310724,0
171.60143,-33.872807,0
32.762257,70.4513,0
32.962208,70.6032,0
-14.158966,-67.43832,0
-71.27912,53.63272,0
-15.303928,-68.841354,0
44.327076,-156.27081,0
-165.87836,-49.514915,0
133.42209,-46.75463,0
-9.869708,134.69728,0
-9.6369915,136.72917,0
-20.927584,-62.034824,0
-69.1205,58.86677,0
-20.798298,-63.59168,0
53.81398,-149.52798,0
-150.59717,-61.98871,0
119.60778,-3.5577068,0
-5.0627775,125.93344,0
-4.92826,126.02109,0
-27.116606,-31.580507,0
-10.727341,25.448029,0
-31.769743,-21.315132,0
82.77888,-115.4501,0
-114.20929,-21.845552,0
121.03305,21.190535,0
10.348913,86.3324,0
9.876748,86.42815,0
5.8604646,-72.229866,0
-57.16767,7.1716814,0
47.423676,-57.797745,0
28.700356,-135.33734,0
-158.57567,-13.012067,0
150.90686,-7.3615413,0
-55.329132,127.924255,0
-55.46721,128.44516,0
-5.6818576,-29.056131,0
-18.443413,0.7810408,0
13.647472,-8.409157,0
65.60465,-115.26705,0
-134.63614,-11.11466,0
134.54085,0.82150126,0
-24.352879,100.75935,0
-24.310228,101.57633,0
6.9895406,-25.707556,0
-29.860634,20.770586,0
8.234368,-22.987057,0
55.984047,-102.203354,0
-125.48718,15.918276,0
171.71585,22.854609,0
-39.319653,75.26301,0
-39.17529,75.631134,0
-41.167427,-101.95435,0
-52.797104,49.838497,0
-55.87701,-125.61825,0
21.341444,-184.96994,0
-127.90627,-64.38826,0
95.53232,-15.385036,0
34.576534,156.13313,0
34.90037,155.73547,0
-45.46829,-99.16453,0
-47.75034,49.31519,0
-57.489185,-118.669304,0
23.36204,-188.73091,0
-126.12854,-61.69162,0
99.47499,-13.510232,0
37.07198,147.35097,0
39.6335,148.34114,0
98.12847,89.95132,0
32.885513,33.369934,0
-132.84125,47.306633,0
-106.73698,46.763542,0
-69.71379,-35.795628,0
101.24198,-81.2006,0
92.02205,109.159225,0
91.76493,109.34234,0
-58.979202,-58.756916,0
-4.3089905,40.329403,0
-58.942772,-51.76458,0
95.86798,-133.60045,0
-146.53233,-69.431816,0
109.99007,20.865547,0
40.352837,96.89439,0
41.230816,96.95527,0
-0.79200524,-84.02182,0
-83.81659,8.249874,0
39.420856,-72.22711,0
13.226558,-145.51192,0
-156.82568,-28.50566,0
129.12756,-19.44409,0
-26.859743,160.24863,0
-27.56092,159.47023,0
-28.081745,-89.953094,0
-76.430626,59.572258,0
-12.929994,-131.22244,0
30.02251,-173.97356,0
-174.76741,-56.73434,0
117.5921,-41.356018,0
13.423203,145.01326,0
13.600268,145.96822,0
-35.332733,-59.613403,0
-58.224052,67.1372,0
-36.568367,-59.518787,0
60.69703,-161.73317,0
-166.8705,-67.33753,0
115.70156,-53.33082,0
10.73984,120.216866,0
11.829866,119.84709,0
-27.98907,-89.56421,0
-76.17573,59.707695,0
-66.68778,-128.5668,0
28.861904,-175.04034,0
-174.88414,-56.620724,0
119.94813,-41.65221,0
14.372578,145.14983,0
17.644514,145.65263,0
108.45424,45.14826,0
55.477833,-15.27969,0
-126.11902,74.18113,0
105.809296,44.653706,0
-55.195133,-15.40589,0
80.212166,-53.84682,0
106.359215,46.63425,0
106.60267,47.013805,0
90.42768,63.60772,0
63.23185,0.67870367,0
-118.98202,65.080154,0
87.99168,63.049473,0
-51.512146,-22.438004,0
89.11437,-63.311134,0
88.62864,64.04199,0
88.73211,64.13511,0
-43.778023,-93.58638,0
-46.862125,54.956387,0
-55.50633,-112.822945,0
30.050411,-184.06102,0
-120.96333,-66.6736,0
94.975685,-10.0557165,0
31.338387,142.75443,0
31.333448,136.61693,0
-24.93436,-117.246925,0
-87.456924,45.330967,0
-28.683216,-128.09494,0
-5.6846337,-186.88332,0
-146.07797,-58.823902,0
111.20673,-30.28384,0
23.72263,187.70312,0
24.714485,186.43459,0
-45.843136,-59.206017,0
-14.194355,36.87608,0
-47.271126,-50.46942,0
89.607376,-124.28337,0
-120.61352,-31.958918,0
111.37227,15.229397,0
25.670229,95.17448,0
24.144312,95.52069,0
-57.737278,-89.85357,0
-33.549072,46.719963,0
-65.706474,-106.41537,0
71.40558,-151.75725,0
-120.28514,-51.15493,0
94.5482,-3.9964862,0
49.290672,129.3026,0
48.499577,131.03278,0
10.613212,-86.76198,0
-80.98378,16.673065,0
47.95453,-73.433655,0
22.557959,-150.87341,0
-168.75732,-25.367088,0
138.67747,-23.537066,0
-38.90286,159.695,0
-41.505867,160.03012,0
112.39761,60.20712,0
65.11936,5.1472216,0
-127.26137,65.81645,0
-118.604996,81.034874,0
-48.45717,-28.19053,0
81.614525,-61.924686,0
109.123634,62.841423,0
108.31183,63.257317,0
15.767736,-80.66208,0
-74.18814,22.009834,0
51.78214,-66.32355,0
29.607086,-152.84503,0
-179.73483,-20.170824,0
145.6902,-31.36221,0
-53.327168,157.5537,0
-52.08352,158.12683,0
98.17479,90.030464,0
32.966785,33.139423,0
-133.07498,47.268265,0
-106.517525,46.713882,0
-69.6195,-36.028553,0
100.969444,-81.44928,0
92.455444,108.94976,0
92.78326,109.3378,0
81.487434,63.667347,0
26.448462,20.749344,0
-119.513054,67.53946,0
82.77049,64.02202,0
-48.87106,-22.611025,0
90.96137,-63.37101,0
81.932846,65.44726,0
81.80208,65.691216,0
84.66331,86.99509,0
23.362963,39.53074,0
-133.12671,52.267384,0
-112.2903,30.441107,0
-71.72804,-31.890316,0
106.69032,-84.586716,0
71.60802,97.28016,0
70.8901,97.37346,0
-68.378136,-53.228767,0
4.7966475,37.37213,0
-78.89602,-61.219032,0
99.6344,-142.41872,0
-143.6527,-76.3065,0
104.95412,29.695702,0
51.917847,90.75105,0
52.281883,90.760506,0
-40.697895,-104.2115,0
-52.01487,47.850372,0
-51.850502,-126.12688,0
19.345749,-186.63988,0
-127.23584,-63.157784,0
100.20225,-14.2767935,0
34.9969,159.45026,0
38.54166,159.26405,0
-4.3041267,-61.064857,0
-58.003338,27.07673,0
-3.7754536,-66.08428,0
27.386236,-126.59055,0
-152.34149,-11.512132,0
119.17115,5.3046126,0
-29.078392,128.6713,0
-25.463171,131.52403,0
25.657047,6.509863,0
7.1314583,16.013023,0
27.45311,3.1551511,0
69.857025,-91.97568,0
-95.34293,-10.745781,0
169.78099,-30.64687,0
27.27383,71.516266,0
27.57162,71.5429,0
-25.61955,-111.213524,0
-69.93493,44.715702,0
-33.30536,-135.29308,0
1.2940909,-179.66675,0
-142.10098,-49.99556,0
115.09446,-23.30633,0
15.022155,182.99025,0
15.813113,182.81401,0
-2.6585145,-75.80067,0
-75.77594,2.4246428,0
34.56771,-66.87035,0
13.721985,-140.53738,0
-151.11313,-21.241545,0
133.95544,-12.880646,0
-31.128105,142.01814,0
-31.376574,142.30272,0
125.90881,99.49523,0
31.833008,20.503973,0
-142.12553,45.852676,0
-104.98261,52.848267,0
-59.653873,-36.67495,0
91.28735,-78.9292,0
111.580536,102.128914,0
111.49983,102.19225,0
7.0939045,-77.34743,0
-77.02996,7.5352306,0
43.618572,-68.528885,0
21.279839,-140.96263,0
-156.78229,-20.967037,0
137.51189,-21.54764,0
-36.6489,149.88853,0
-38.176388,149.99829,0
5.236593,-35.011868,0
-29.937136,4.2136064,0
23.826662,-12.426716,0
54.87961,-115.75704,0
-134.00365,4.0549226,0
152.54771,16.396236,0
-33.78119,85.547104,0
-33.53001,87.0568,0
10.431265,-63.42363,0
-58.21822,1.3909782,0
42.139374,-51.427437,0
23.592815,-123.42051,0
-159.76709,-1.6813526,0
149.2643,-11.655735,0
-41.886166,129.5507,0
-41.218445,129.86894,0
-2.435874,-92.99913,0
-90.76845,17.7321,0
40.106277,-86.45065,0
18.659542,-161.8298,0
-162.62518,-37.617496,0
125.65179,-27.906153,0
-16.287067,162.70062,0
-15.84576,162.52502,0
-25.77079,-60.68457,0
-66.76311,63.368305,0
-22.77725,-70.533066,0
52.096504,-160.0555,0
-166.9986,-61.335266,0
120.7178,-47.42516,0
1.3158557,126.0717,0
1.4941938,127.043976,0
102.97384,96.532104,0
31.616264,22.904625,0
-136.82123,49.002293,0
-105.5787,51.295673,0
-64.40356,-37.551228,0
95.87064,-81.406746,0
105.34483,102.19979,0
105.188034,102.254814,0
-50.902504,-81.08001,0
-13.521998,52.37409,0
-61.70487,-75.200165,0
103.00405,-121.94786,0
-113.157265,-47.971416,0
104.20503,0.85792714,0
37.14871,123.88505,0
40.326286,123.16899,0
-54.100006,-59.13937,0
-7.8236914,37.119965,0
-53.74809,-51.22371,0
92.3925,-129.81462,0
-123.6471,-31.600027,0
114.40386,11.030303,0
34.151287,94.41739,0
33.55139,93.55847,0
6.8911004,-50.515186,0
-49.082253,22.460575,0
33.135143,-33.763683,0
50.068382,-131.76904,0
-146.82893,-9.650808,0
160.07944,-3.9286654,0
-47.222694,110.726135,0
-47.483753,111.34242,0
-26.998487,-78.065056,0
-68.933975,68.054726,0
-24.768627,-73.071754,0
48.034996,-163.17296,0
-170.36508,-58.306168,0
119.6693,-51.19421,0
1.2131379,131.9595,0
-0.68029577,133.01805,0
-36.51663,-46.974644,0
-25.15625,44.965343,0
-38.429688,-40.90252,0
79.93188,-145.853,0
-106.51112,-36.46919,0
101.81105,11.889043,0
22.722687,109.67535,0
49.14863,105.16901,0
-44.315815,-58.055145,0
-14.832176,35.97776,0
-44.65831,-49.988914,0
88.50088,-123.42033,0
-117.69781,-28.97119,0
112.069954,16.19633,0
23.621973,94.40443,0
22.163197,95.50336,0
8.248672,-34.903854,0
-34.32742,4.876334,0
26.639597,-12.540259,0
50.72412,-113.164345,0
-135.25426,6.57323,0
155.52657,16.085745,0
-37.41643,83.825386,0
-38.433636,83.79682,0
125.57745,76.50931,0
70.0444,8.370785,0
-123.45606,64.91785,0
-105.31419,67.20216,0
-53.995205,-28.994097,0
85.71469,-68.96004,0
113.28412,77.48228,0
113.07389,77.94612,0
17.36405,-83.938156,0
-65.30986,20.73801,0
57.287548,-67.84249,0
31.337734,-152.69301,0
-181.30049,-11.1074915,0
150.07765,-29.453938,0
-62.681793,150.86128,0
-62.510654,151.16704,0
-25.651773,-89.83347,0
-79.16836,59.038864,0
-3.402225,-128.53378,0
31.246191,-170.6767,0
-170.41316,-51.92941,0
123.60262,-45.93855,0
8.221783,147.13641,0
7.2791505,146.66466,0
-5.850636,-57.408962,0
-52.481255,29.294077,0
-4.2333736,-57.480755,0
28.90676,-119.845116,0
-156.50037,-5.421607,0
153.64067,-14.4758005,0
-19.283043,126.04157,0
-18.669418,125.57381,0
14.572652,-87.5019,0
-77.55885,19.288269,0
51.65582,-72.81977,0
25.783607,-148.86964,0
-172.81334,-25.62339,0
142.4015,-29.689924,0
-45.723392,157.10953,0
-46.89051,158.25653,0
67.38472,22.018908,0
13.569242,18.763523,0
66.28726,22.15268,0
72.61046,-84.4391,0
-87.4928,-11.610819,0
173.43892,-35.803444,0
55.47144,56.11782,0
55.52288,56.426384,0
10.325108,-77.197624,0
-72.0795,10.237677,0
45.193954,-63.096695,0
22.08025,-138.66985,0
-169.28345,-17.573105,0
144.28076,-14.628822,0
-42.150135,144.3809,0
-47.563915,156.77054,0
-45.244495,-60.18931,0
-16.254251,37.606056,0
-45.93218,-52.499,0
91.061134,-124.10296,0
-116.89729,-31.85525,0
112.452286,15.238511,0
26.019396,98.39648,0
25.8183,98.45663,0
-12.734142,-110.93963,0
-80.32055,40.170475,0
0.44952562,-123.15844,0
-6.1587696,-174.1465,0
-151.1601,-44.187107,0
145.052,-41.34131,0
-0.098698854,190.79463,0
-0.15763181,190.19817,0
-26.333572,-57.267067,0
-62.79659,63.241486,0
-26.890484,-63.60429,0
55.47722,-158.79158,0
-165.95337,-62.560574,0
121.48597,-56.283367,0
0.75588155,120.999855,0
1.6552672,120.07422,0
-83.96708,-115.357414,0
-0.81168765,58.57223,0
-74.07338,-124.4008,0
-10.29884,-149.3752,0
-104.41038,-58.920826,0
84.0317,-3.736199,0
65.45497,152.1717,0
65.48726,152.87358,0
-37.799637,-89.94365,0
-78.134895,61.588005,0
-50.951366,-106.98649,0
29.819906,-178.38554,0
-175.37178,-59.362076,0
93.880775,-18.439934,0
33.250256,178.86438,0
33.22524,178.4892,0
13.488426,-29.58043,0
-32.462048,24.917437,0
20.811783,-22.998737,0
47.98324,-104.73097,0
-128.26672,21.955893,0
164.56848,22.455082,0
-47.01486,81.22637,0
-51.007298,85.24197,0
46.4634,19.353434,0
20.297188,49.643913,0
-117.58999,83.82518,0
52.67176,23.027445,0
-76.577576,-19.57798,0
131.17188,-81.3314,0
49.122116,24.324097,0
48.415825,24.55003,0
-63.914948,-88.2848,0
-37.46195,58.543438,0
-72.914024,-101.73218,0
76.42332,-161.51562,0
-99.94059,-50.54917,0
88.49598,4.6238537,0
56.303967,127.59757,0
58.24151,127.75291,0
90.46967,39.066643,0
67.346405,-6.44226,0
90.72548,38.945694,0
84.12704,50.45631,0
-64.16051,-16.411669,0
86.46805,-48.337547,0
86.62384,43.276306,0
86.627914,43.270737,0
90.045654,36.573036,0
67.35601,-7.8775244,0
90.39345,36.229347,0
82.36962,50.5672,0
-65.696754,-15.646071,0
86.007095,-46.966347,0
84.04763,42.805504,0
84.01646,42.84991,0
-75.83478,-84.15585,0
-27.467442,60.15584,0
-80.04549,-85.09294,0
85.45367,-157.31111,0
-92.26806,-45.42414,0
87.1178,15.713482,0
57.43927,110.744225,0
57.774715,109.80674,0
-13.442708,-41.01434,0
-18.731525,17.595552,0
-3.2272882,-14.12087,0
69.23966,-129.66678,0
-131.38692,-14.990286,0
130.09952,7.931127,0
-8.102571,103.22998,0
-7.5880585,103.764084,0
84.35539,82.22661,0
25.342705,37.20806,0
-131.74661,39.16467,0
-110.987045,36.32373,0
-77.51319,-37.307476,0
111.98687,-79.00245,0
71.441574,83.88046,0
71.13915,83.44451,0
22.938562,-80.60162,0
-67.960785,21.64231,0
55.136433,-61.220245,0
34.209072,-148.87035,0
-181.60626,-14.500112,0
152.42215,-31.410149,0
-60.745464,157.11247,0
-61.181553,157.42111,0
-17.004833,-38.04174,0
-21.11561,21.92308,0
-5.5791574,-15.368652,0
71.23566,-126.91866,0
-126.36183,-15.181485,0
134.2732,24.310976,0
-2.137638,100.278755,0
-22.337254,84.632645,0
-21.496967,-40.054493,0
-17.127375,26.192352,0
-5.858353,-12.101098,0
75.17418,-131.51776,0
-127.686966,-21.846428,0
125.05797,5.9057302,0
-0.9640058,102.83129,0
-23.397417,104.95219,0
-14.789089,-104.90826,0
-72.284294,37.083023,0
-33.98868,-139.80214,0
3.5284317,-169.32935,0
-142.25224,-40.927807,0
116.90982,-17.972431,0
-0.31881997,178.19821,0
-0.5122136,179.10971,0
-50.33892,-60.05008,0
-10.336625,38.19111,0
-52.730858,-46.93499,0
96.17806,-126.88737,0
-156.23405,-67.880646,0
110.031525,17.24527,0
30.029613,95.77242,0
19.258404,97.8211,0
-7.953958,-29.90025,0
-14.281933,3.427999,0
12.739993,-11.623069,0
68.26698,-114.87847,0
-134.32428,-12.016625,0
141.06508,4.121005,0
-25.295626,105.08757,0
-25.022749,104.33811,0
-64.39892,-54.32514,0
4.93381,31.509356,0
-74.43768,-65.766335,0
97.85924,-137.61311,0
-145.41269,-79.690704,0
106.34502,23.548725,0
45.146355,90.318985,0
45.42115,91.16601,0
-32.842308,-30.51481,0
-8.619013,30.682161,0
-34.674297,-29.179491,0
82.66355,-121.71555,0
-119.69542,-25.73966,0
115.77367,18.14962,0
15.216911,90.11138,0
13.801637,90.84332,0
-21.661213,-24.134752,0
-5.753497,18.787115,0
-21.264734,-18.127403,0
79.450485,-107.83969,0
-108.53152,-19.596651,0
125.126785,24.514791,0
4.195436,80.66745,0
4.855315,74.923645,0
79.785904,80.835335,0
19.864416,32.53747,0
-128.12874,37.889633,0
-113.04256,37.89329,0
-79.89631,-37.40335,0
113.393135,-79.3627,0
72.445595,80.6586,0
72.18992,80.32116,0
-2.6228132,-37.95194,0
-24.057251,9.410997,0
3.8558939,-15.383108,0
60.25417,-126.188866,0
-141.79404,-2.3505244,0
144.09401,7.65216,0
-19.494835,94.004814,0
-19.666668,93.807076,0
-72.00892,-87.03257,0
-30.549492,55.691975,0
-79.28859,-93.70904,0
81.640114,-155.52997,0
-97.94244,-43.108284,0
90.64139,10.603182,0
59.6084,115.59602,0
60.912804,114.62876,0
12.177606,-83.20094,0
-80.2084,14.468241,0
48.316402,-72.356255,0
21.139643,-149.11633,0
-167.74507,-22.072262,0
140.19322,-26.446173,0
-39.181854,158.3918,0
-43.717873,161.41455,0
13.427908,-91.82497,0
-79.79486,22.121378,0
16.057877,-104.47061,0
25.743088,-154.76476,0
-173.11852,-29.861763,0
134.58093,-36.009823,0
-45.659477,166.94827,0
-49.232224,167.55455,0
33.97073,-11.073244,0
16.286251,46.054653,0
-112.650345,67.08869,0
8.973774,-134.14894,0
-101.91875,-17.435617,0
134.84006,-63.648285,0
40.657707,25.292637,0
40.517117,25.290815,0
-38.94038,-105.22498,0
-50.692062,44.606663,0
-52.914993,-128.15546,0
19.02909,-189.41226,0
-128.17274,-63.722713,0
99.65224,-16.809235,0
35.738323,160.84523,0
40.226948,162.33044,0
14.203153,-70.97795,0
-67.070305,0.11152553,0
52.664238,-51.343533,0
15.9747095,-130.1483,0
-175.81927,-8.582806,0
151.68822,-18.367155,0
-50.34476,142.28935,0
-45.801678,136.39998,0
-37.01167,-14.96856,0
-0.73636115,44.668644,0
-118.49195,41.942066,0
45.31441,-180.91377,0
-87.74792,-27.275213,0
119.58089,-68.35109,0
54.38856,71.46292,0
54.28494,71.61069,0
-34.410652,-109.4083,0
-58.560947,42.553642,0
-39.530712,-131.3911,0
3.1726809,-187.40135,0
-137.93048,-54.92274,0
109.61855,-22.539974,0
27.70563,170.59694,0
27.979288,173.1036,0
-0.9085369,-82.65856,0
-90.19729,13.230852,0
40.647614,-82.42577,0
13.629705,-151.86699,0
-155.568,-32.553043,0
127.47735,-23.517174,0
-24.86354,165.78902,0
-23.926554,166.0086,0
-0.34835434,-44.403046,0
-31.209011,11.667334,0
7.8302593,-19.214132,0
54.1875,-123.626015,0
-127.89552,5.4592443,0
147.92993,4.4252114,0
-42.790257,98.751564,0
-44.05436,98.73217,0
-51.35674,-56.588684,0
-9.475466,33.438423,0
-50.7532,-46.03973,0
88.51504,-129.5756,0
-119.40419,-26.966795,0
116.000656,11.026448,0
30.681839,89.46402,0
30.812359,88.7836,0
-54.628075,-56.724983,0
-7.213144,41.80388,0
-58.412403,-49.75374,0
90.89916,-135.07852,0
-129.48723,-33.28431,0
116.99186,-0.47117138,0
40.089645,99.680855,0
40.593307,100.16581,0
-26.675402,-58.317123,0
-63.429657,63.301186,0
-27.284777,-66.0451,0
54.289013,-158.65985,0
-166.18596,-60.446148,0
120.37368,-55.76037,0
0.43228686,122.11339,0
2.142403,122.30815,0
-77.484535,-115.69281,0
-2.8610673,60.697765,0
-72.66756,-125.60328,0
-10.270653,-153.22626,0
-106.1757,-67.82346,0
85.24845,-12.115186,0
61.252533,149.41063,0
61.58785,150.86034,0
-29.35913,-114.75448,0
-89.577446,41.43412,0
-34.543262,-128.47432,0
-1.3497372,-186.45404,0
-141.4827,-56.03974,0
110.44219,-24.180511,0
26.635357,179.69989,0
27.030704,179.1351,0
-20.174007,-104.78426,0
-67.46309,37.576126,0
-37.7173,-138.66022,0
5.5115013,-173.19237,0
-132.28867,-55.648876,0
110.1848,-17.404675,0
6.1272645,172.61125,0
5.7453065,171.99956,0
16.737854,-49.172028,0
-45.251865,9.935468,0
34.590603,-28.465612,0
39.966576,-118.553925,0
-148.6344,9.416651,0
154.85245,4.606934,0
-61.074013,107.36892,0
-68.08228,99.179306,0
15.46574,-73.80541,0
-69.35753,12.234005,0
55.757393,-53.69491,0
28.751987,-142.84784,0
-175.47427,-6.566641,0
149.03568,-20.696098,0
-48.516182,143.84212,0
-49.255856,143.70459,0
8.770448,-80.171684,0
-84.63337,4.6708755,0
44.527164,-64.86108,0
12.017807,-142.6012,0
-155.25668,-25.888239,0
136.73097,-17.413206,0
-34.557148,152.0145,0
-34.96408,152.88826,0
-19.103264,-102.35642,0
-65.79265,34.20661,0
-40.158318,-138.39694,0
6.1748867,-170.69347,0
-137.2319,-41.76444,0
126.60339,-15.542374,0
4.318279,169.00244,0
5.6686087,169.73155,0
15.045444,-55.038548,0
-49.52892,5.2775483,0
38.384747,-39.547565,0
35.033833,-124.617,0
-149.63673,0.54363,0
157.71199,-0.22424988,0
-57.29447,115.586006,0
-57.613544,115.98422,0
-86.45061,-116.97569,0
-5.153344,53.064373,0
-80.57408,-131.17812,0
-5.651804,-146.43962,0
-108.867386,-55.85614,0
90.87849,-0.7613374,0
66.61465,139.54759,0
66.24345,140.3273,0
-26.184866,-29.783527,0
-8.788851,24.035662,0
-30.12728,-20.531326,0
80.385445,-114.30571,0
-114.51046,-19.770882,0
133.06764,28.39979,0
10.706707,84.79054,0
11.730973,83.34486,0
17.933558,-70.09091,0
-66.218414,0.43631864,0
54.286884,-51.25468,0
28.538525,-140.28561,0
-174.96707,-33.184837,0
149.305,-18.983225,0
-50.584484,139.87717,0
-50.56469,140.53072,0
-57.789646,-61.13094,0
-3.4964018,39.338615,0
36.975605,-4.157967,0
-84.96562,84.56625,0
-146.91869,-71.034004,0
143.52716,-61.898132,0
40.884415,62.998234,0
40.955338,63.06034,0
67.52951,23.885246,0
14.653265,19.113424,0
66.6195,24.224092,0
73.123116,-83.31736,0
-86.41725,-11.662902,0
173.91187,-36.730247,0
56.875217,55.07581,0
56.935314,55.74176,0
20.297886,-49.231808,0
-45.148304,13.043145,0
44.05626,-26.516752,0
42.980682,-124.98943,0
-137.8579,4.7430134,0
155.51633,12.442175,0
-64.269356,106.69191,0
-38.8163,85.97942,0
24.387592,7.575017,0
6.088104,14.294321,0
28.131847,1.3109812,0
68.64742,-92.505936,0
-96.39669,-9.934865,0
167.71436,-30.245617,0
22.567295,71.851944,0
22.163315,72.11814,0
15.759306,-63.871223,0
-59.89051,-4.9456234,0
47.878044,-48.022694,0
19.252054,-119.12638,0
-162.82272,1.6468931,0
169.81436,-2.4642966,0
-48.938713,129.37561,0
-49.160965,127.49063,0
15.245802,-43.167564,0
-40.421955,11.21243,0
27.849709,-23.473404,0
41.73578,-115.91728,0
-138.83159,11.224787,0
159.40317,12.354587,0
-65.44079,96.34037,0
-65.961464,95.2535,0
90.663666,65.858635,0
60.26943,-0.71919966,0
-118.66862,64.78447,0
89.00919,66.16507,0
-51.144287,-21.407448,0
89.274475,-62.232254,0
88.72554,67.83386,0
88.74002,67.69377,0
-70.44641,-53.435364,0
7.6961217,35.438976,0
-76.444565,-57.46749,0
100.1527,-144.17899,0
-142.9396,-79.83148,0
102.69633,24.538345,0
52.64495,96.25783,0
53.26369,96.127396,0
-67.133156,-52.45808,0
6.544955,37.07522,0
-76.72891,-59.018204,0
98.55766,-143.50012,0
-143.36778,-75.47529,0
103.17321,26.318893,0
50.356533,95.848434,0
51.155193,95.73628,0
-61.887653,-58.49838,0
-0.9160705,36.314774,0
-71.546165,-67.25617,0
100.252174,-133.82224,0
-150.1718,-70.88918,0
111.07904,22.92795,0
40.06159,87.52851,0
40.560875,88.96959,0
-38.4266,-102.073875,0
-58.85,47.64882,0
-49.44783,-122.11896,0
17.026625,-181.58324,0
-131.83495,-65.93585,0
106.09502,-18.189104,0
27.623104,159.15956,0
40.18111,159.05032,0
-39.26325,-105.92184,0
-52.911655,46.256817,0
-51.632614,-125.038574,0
16.634462,-184.56479,0
-132.62444,-61.00488,0
103.28513,-14.305375,0
32.157787,161.08257,0
35.767258,161.77032,0
-68.71695,-86.04955,0
-30.662539,57.130245,0
-80.97523,-97.12957,0
81.00299,-158.0472,0
-95.896194,-44.813103,0
91.88859,12.790449,0
57.931606,119.41327,0
59.16996,121.93866,0
9.934195,-65.78095,0
-63.263863,2.7572672,0
47.3036,-52.374992,0
22.145649,-126.96577,0
-160.34631,-4.82342,0
155.4128,-9.319663,0
-37.923378,131.7594,0
-38.624813,132.49043,0
30.809423,9.615838,0
11.280474,17.799503,0
31.700504,9.270139,0
71.62193,-86.90848,0
-90.571175,-11.061623,0
172.20723,-33.710476,0
33.545807,70.54177,0
34.282543,70.80079,0
0.47093385,-34.915745,0
-31.065075,9.477581,0
27.793877,-16.056767,0
61.340298,-112.873764,0
-134.59953,-6.6779704,0
143.80771,3.569769,0
-34.145927,98.55851,0
-38.57121,93.497505,0
43.84316,11.575417,0
12.766481,45.112442,0
-102.81165,85.33642,0
59.543903,17.002047,0
-70.529106,-23.585842,0
141.9665,-79.421104,0
49.184387,42.669743,0
47.86089,43.642246,0
11.355392,-27.462074,0
-27.937397,27.2969,0
12.330451,-23.835695,0
51.17939,-99.53713,0
-121.655876,18.487663,0
174.27037,14.688784,0
-42.62411,82.04353,0
-41.815807,81.30731,0
-21.110826,-47.987,0
-7.7557926,42.407013,0
-56.976273,-48.463856,0
90.006096,-134.38905,0
-126.36484,-36.51522,0
119.51963,3.6449082,0
36.53504,100.90266,0
37.11165,102.11306,0
-20.545584,-41.26168,0
-17.635029,25.27523,0
-10.374522,-13.912491,0
74.67844,-132.48714,0
-129.3092,-22.528965,0
124.46684,8.106315,0
0.1299157,103.57147,0
2.3417594,102.00611,0
-42.13661,-97.32664,0
-55.64194,53.25743,0
-54.004475,-119.83304,0
23.127054,-179.49443,0
-122.91136,-56.375557,0
92.64095,-14.684175,0
25.677645,150.2575,0
37.095295,158.19736,0
-32.66893,-100.06751,0
-51.180866,38.39444,0
-42.13084,-118.84853,0
11.882781,-182.01025,0
-125.86013,-52.14227,0
102.47499,-32.82893,0
14.260293,158.17953,0
14.100981,158.61496,0
-44.393665,-98.87113,0
-49.334312,50.762337,0
-57.889713,-121.03583,0
23.725903,-186.98788,0
-124.25526,-63.289047,0
98.50447,-12.802648,0
35.80982,151.98419,0
37.50892,153.2526,0
-19.612095,-82.76604,0
-76.71703,69.823715,0
-15.830008,-75.87678,0
38.405857,-163.19826,0
-177.03876,-47.91793,0
130.48761,-41.229595,0
-4.5829716,141.16922,0
-4.650945,142.4278,0
-1.7364064,-23.734577,0
-30.653183,-4.9027686,0
-1.0840446,-19.844456,0
68.340164,-105.977554,0
-123.261765,5.7739177,0
127.5415,16.167635,0
-14.229479,74.04608,0
-13.654716,75.06118,0
-5.5623875,-55.24429,0
-45.533516,-4.160213,0
-5.5075116,-51.107517,0
29.912981,-113.19954,0
-161.80809,10.18606,0
176.51535,4.0322795,0
-25.818909,117.86433,0
-26.083214,117.690125,0
43.72102,6.121783,0
10.470645,42.560947,0
44.3883,2.1053247,0
-95.490845,82.59571,0
-102.61935,-24.699884,0
143.22523,-72.05551,0
42.18691,50.474125,0
42.389713,50.979652,0
-11.03377,-112.07409,0
-81.50076,38.652596,0
-0.8755583,-121.17908,0
-8.361427,-172.80635,0
-152.43434,-41.20149,0
143.71283,-44.5447,0
-3.5155683,191.71507,0
-2.7956645,192.69165,0
20.559063,-36.153427,0
-34.416912,14.665615,0
33.215694,-62.240894,0
40.976765,-110.73111,0
-132.23921,14.021543,0
163.70483,19.165266,0
-64.63777,87.2648,0
-65.66015,86.13121,0
113.35855,44.731033,0
56.69693,-12.986935,0
-126.46775,85.715775,0
126.8611,50.974426,0
-49.57257,-13.677197,0
72.66399,-52.000298,0
139.91547,59.442413,0
141.76462,57.515118,0
7.8777843,-84.48362,0
-80.91916,4.932056,0
43.555046,-69.64822,0
14.663672,-143.27908,0
-156.1713,-22.056725,0
135.09904,-17.77852,0
-32.021645,154.14024,0
-40.943577,162.52814,0
-25.739735,-111.86318,0
-70.30138,44.131886,0
-34.222393,-132.23894,0
0.3036762,-179.37839,0
-142.39009,-49.452255,0
114.75104,-24.01004,0
14.40655,183.02637,0
17.1216,182.5026,0
-5.813205,-92.37203,0
-61.958553,13.023619,0
32.511337,-90.28528,0
39.463074,-142.75229,0
-166.30339,-12.848779,0
165.62248,-13.371255,0
-16.705551,142.61098,0
-17.058577,143.47446,0
-21.376793,-28.284716,0
-9.695624,16.987762,0
-26.617434,-15.362964,0
77.45609,-112.768684,0
-113.57103,-18.557278,0
133.35085,20.546675,0
-3.2677195,80.55263,0
-3.7350347,80.03574,0
-51.857452,-58.89085,0
-8.646528,34.28583,0
-51.099495,-49.72625,0
91.35409,-127.95538,0
-119.56903,-27.540092,0
111.28532,20.571331,0
31.196564,90.975075,0
31.574007,90.22146,0
97.64492,91.0422,0
32.16406,31.749722,0
-133.43344,49.374878,0
-106.22931,47.652973,0
-68.879814,-35.085133,0
100.654175,-82.139656,0
91.46036,107.04132,0
92.19866,107.47864,0
-78.643585,-112.64963,0
1.5778507,56.695293,0
-74.69685,-124.84731,0
-14.09947,-151.21759,0
-100.64729,-65.908554,0
79.429855,-7.003182,0
64.42884,149.8158,0
64.55835,150.12135,0
-10.175609,-40.67199,0
-20.062658,14.359287,0
5.0243297,-7.846621,0
62.992535,-128.29044,0
-122.73867,-1.8665531,0
139.53598,8.225251,0
-13.876215,101.532104,0
-14.368316,101.65273,0
-6.6599274,-58.570934,0
-53.92014,28.500784,0
-1.1227332,-65.11199,0
28.135836,-118.75909,0
-155.0379,-5.9001474,0
138.41992,25.603615,0
-30.386354,124.74724,0
-21.0601,124.685974,0
2.0841916,-33.81803,0
-26.648737,1.0081784,0
19.094673,-11.238212,0
64.60314,-110.46803,0
-135.2369,-3.3066325,0
149.09798,15.324066,0
-27.06958,83.10564,0
-28.580503,85.88046,0
-25.445765,-123.06494,0
-91.94234,52.12075,0
-26.106071,-126.42764,0
-13.234697,-190.56633,0
-149.24237,-51.744553,0
117.57563,-31.068209,0
30.028812,196.52843,0
31.591087,187.5402,0
-1.6677042,-43.910988,0
-28.935402,14.470636,0
4.6845107,-18.516201,0
54.399944,-127.04289,0
-125.44582,5.2421193,0
145.89215,5.4809237,0
-40.35801,100.52347,0
-13.977654,99.96222,0
