tsne-2d-one,tsne-2d-two,cluster_label
112.653046,42.926037,0
84.97568,-35.426525,0
-151.76262,-19.389988,0
-82.77075,91.48064,0
-11.488685,154.64859,0
-114.41135,32.495712,0
-108.741295,-126.14289,0
11.002707,-149.12822,0
97.56563,36.4722,0
61.278664,-10.851133,0
-167.67236,-23.297369,0
-81.4847,115.94805,0
-10.251083,181.44711,0
-126.39693,46.651306,0
-127.77609,-115.17778,0
23.62629,-169.11217,0
117.52109,33.11978,0
72.74067,6.335183,0
-158.592,1.7565637,0
-91.33399,82.13655,0
-35.5373,147.75111,0
-147.67249,34.144604,0
-109.61308,-88.223335,0
-4.88346,-159.14914,0
64.118065,56.271206,0
104.218765,-15.088367,0
-130.76993,-42.579647,0
-72.29069,76.537796,0
9.363522,149.84985,0
-108.989944,11.862064,0
-142.03317,-77.45548,0
51.225327,-161.07428,0
98.80033,47.891663,0
87.300415,-32.51384,0
-147.5211,-22.843351,0
-80.89568,90.05293,0
-6.4369354,153.04633,0
-110.40986,27.223783,0
-111.01279,-125.38498,0
15.032943,-143.08414,0
106.015686,90.92683,0
128.55199,-20.256815,0
-114.22919,-50.984356,0
-69.29967,140.1664,0
17.108826,180.16576,0
-102.160484,-3.4790092,0
-116.962074,-58.271465,0
67.30955,-137.38222,0
112.2325,25.60639,0
69.62308,13.604965,0
-153.4929,12.30138,0
-97.24731,75.07709,0
-45.177876,142.48143,0
-150.71436,29.30839,0
-115.00775,-83.91962,0
-14.927047,-156.68297,0
61.886272,63.210506,0
113.235855,-9.501145,0
-140.30376,-50.06377,0
-101.08444,96.899254,0
-26.49719,140.88976,0
-116.28415,7.649431,0
-135.2896,-78.297,0
42.128567,-160.84189,0
113.194786,42.1164,0
85.03949,-35.10191,0
-151.6276,-19.13865,0
-82.84833,92.51518,0
-12.883461,154.60367,0
-115.183495,32.568768,0
-108.61826,-126.539246,0
10.308934,-149.89409,0
155.1494,35.66974,0
110.8523,-53.301167,0
37.243168,18.397886,0
17.452333,62.680847,0
18.161264,64.63415,0
-10.345655,-15.948788,0
-10.728371,-18.356335,0
34.969448,-70.95009,0
84.80325,37.512306,0
57.879436,-14.853786,0
-175.21289,-27.80775,0
-84.64501,124.60441,0
-20.143452,177.74564,0
-121.750824,53.58351,0
-134.03313,-123.87691,0
14.842131,-172.19498,0
71.801025,115.57645,0
155.2605,-72.977875,0
-28.752752,-77.75803,0
-10.74512,72.963806,0
11.345756,88.50534,0
-21.555664,3.1999028,0
-27.85383,-94.996315,0
22.030384,-76.0101,0
95.54267,64.031204,0
103.36304,7.2527785,0
-185.6164,13.98877,0
-115.276955,112.32716,0
-41.243546,170.85545,0
-140.21617,22.718044,0
-144.74963,-91.966034,0
39.995342,-174.51392,0
121.77138,112.65887,0
135.32697,-1.5179658,0
-88.0809,-50.715675,0
-81.213905,62.36142,0
35.873676,175.85739,0
-90.020256,-10.494485,0
-89.55889,-71.99594,0
62.436337,-119.17959,0
112.44588,129.91882,0
104.109116,-119.594246,1
5.0622435,-49.163887,0
-14.88563,44.199333,0
68.60753,157.08565,0
2.1302364,-39.48003,0
0.58260685,-52.56515,0
53.385845,-68.48903,0
93.92997,25.322351,0
80.36593,0.5752845,0
-177.44057,-5.626158,0
-101.7395,116.374565,0
-31.81541,166.88524,0
-142.58305,49.77462,0
-130.46407,-95.40613,0
4.911105,-178.15797,0
89.17849,49.42589,0
71.50475,-39.55335,0
-142.61383,-36.086273,0
-73.29885,107.980995,0
-7.177563,147.71107,0
-106.88912,40.01646,0
-116.01685,-131.84132,0
26.245337,-145.98286,0
78.702995,65.33315,0
101.518196,-47.64062,0
-119.84715,-22.818472,0
-55.787346,109.340706,0
-6.0251966,126.66219,0
-84.93347,32.891163,0
-92.17183,-95.347885,0
39.57307,-135.37433,0
104.881134,21.813534,0
91.30062,3.3585744,0
-177.53265,2.0654862,0
-103.912544,105.56726,0
-29.081757,158.41423,0
-151.38376,45.69414,0
-126.91357,-87.77597,0
-3.2569587,-172.61955,0
114.48267,21.985073,0
80.12879,14.738599,0
-164.31985,13.17501,0
-104.689514,83.072395,0
-47.253895,152.65497,0
-160.05724,36.76598,0
-116.91494,-79.11901,0
-13.011869,-167.92374,0
89.72984,111.519936,0
162.2242,-54.182705,0
-42.74292,-47.253128,0
-21.433193,60.12616,0
26.58439,108.35483,0
-34.02215,-17.28801,0
-28.96518,-118.4942,0
8.985496,-99.774376,0
86.025986,39.507442,0
59.158237,-21.698893,0
-169.25925,-33.736206,0
-77.26911,123.338554,0
-12.567925,171.3137,0
-117.393486,52.667774,0
-129.1449,-127.63183,0
19.538143,-165.45895,0
95.52947,59.156643,0
96.37102,-4.699109,0
-185.06339,-3.6987858,0
-73.980705,135.15869,0
10.775833,177.22325,0
-101.18427,3.1306014,0
-123.23636,-79.50079,0
6.145989,-170.0692,0
120.74349,37.663044,0
86.70681,-13.312437,0
-153.95232,-2.1826549,0
-88.32682,77.78895,0
-36.496723,142.73195,0
-143.85515,31.937782,0
-105.22843,-87.38643,0
-1.993841,-149.67886,0
103.70847,84.31987,0
121.223045,-31.940226,0
-105.39128,-43.177612,0
-55.92432,122.01746,0
18.293772,162.82182,0
-90.36584,3.0823717,0
-109.27167,-66.280075,0
55.487072,-138.57008,0
119.12503,52.93781,0
93.20977,-34.570465,0
-143.87987,-17.644653,0
-71.03349,92.33243,0
1.7560761,146.32315,0
-99.20848,25.2048,0
-95.78178,-124.27218,0
17.166294,-136.91658,0
103.22656,90.45721,0
127.61375,-15.239348,0
-106.38066,-51.891514,0
-73.94158,63.91498,0
20.21208,177.44519,0
-98.23847,-4.201657,0
-106.67661,-55.600716,0
64.21437,-133.1469,0
141.81564,17.945559,0
89.745445,-65.414536,0
56.751118,21.63111,0
49.24831,35.616432,0
38.39129,57.007164,0
-2.5671225,-4.541469,0
-0.08641316,-9.064691,0
41.13678,-42.867924,0
89.50113,44.718407,0
58.953163,-34.17998,0
-158.63132,-40.449936,0
-83.06734,107.030266,0
-0.5277981,163.25034,0
-120.727165,40.85297,0
-119.627174,-134.6845,0
30.142939,-164.31335,0
118.988785,35.503162,0
86.13871,-13.435129,0
-154.60959,3.1622405,0
-89.82768,76.8581,0
-37.56834,142.75755,0
-147.92061,30.30395,0
-105.868546,-85.141205,0
-6.9836473,-154.15346,0
88.748665,59.313015,0
70.27278,-33.080944,0
-134.09628,-29.529194,0
-66.1384,102.31543,0
-10.312334,138.05922,0
-97.35742,33.729843,0
-112.65837,-107.4558,0
33.795692,-147.64168,0
125.26825,45.845818,0
90.027054,-44.89634,0
-160.94685,-24.505505,0
-84.46569,74.34118,0
-2.0947003,166.38197,0
-93.15564,23.884745,0
-123.50028,-118.575935,0
6.381111,-143.71669,0
140.482,64.95084,0
121.48306,-62.59851,0
-65.05912,-37.67704,0
-51.25143,66.931175,0
26.750877,130.20146,0
-67.58582,16.242022,0
-78.477776,-121.471306,0
27.40673,-113.77116,0
123.53243,112.24863,0
133.52834,-0.06588808,0
-89.168884,-47.84389,0
-82.60316,64.04582,0
34.15127,173.1809,0
-91.96042,-9.471664,0
-91.90524,-72.19458,0
62.279625,-116.64832,0
117.350784,81.06856,0
124.24933,-53.91764,0
-68.657394,-41.955894,0
-53.636387,71.387596,0
20.293936,133.31099,0
-76.55701,4.5850887,0
-74.967514,-116.62273,0
24.031221,-114.34402,0
93.01077,39.2957,0
67.012566,-27.072193,0
-156.66846,-26.450672,0
-78.17181,116.79899,0
-11.5619545,162.47928,0
-111.80896,46.48662,0
-119.58949,-128.68964,0
16.314665,-158.09412,0
118.029045,22.766418,0
76.31688,14.793225,0
-160.59676,13.004646,0
-102.112076,80.94921,0
-46.348137,149.45107,0
-158.73924,31.679169,0
-112.42052,-78.30256,0
-14.004431,-163.21957,0
66.88285,102.67625,0
147.15562,-58.741825,0
-35.35897,-39.29748,0
-35.53286,68.5345,0
26.774187,91.938194,0
-34.437935,3.4279792,0
-48.118103,-140.96577,0
3.0802941,-88.46365,0
104.04807,45.09155,0
77.12147,-29.65873,0
-141.32805,-26.297287,0
-85.58466,100.02207,0
-13.52932,146.96576,0
-116.563324,23.427141,0
-111.95395,-115.672455,0
9.36202,-157.07912,0
83.70873,86.274445,0
147.60077,-27.767622,0
-46.697273,-67.89662,0
-24.344893,92.00257,0
1.5964379,108.78519,0
-54.21018,2.5307515,0
-52.956432,-112.6923,0
-0.8772259,-116.32135,0
138.81862,100.18556,0
129.45418,-100.68756,0
-11.922834,-38.267857,0
-36.088383,38.26898,0
46.115974,153.21686,0
-12.618505,-27.884771,0
-37.077873,-86.9676,0
60.73758,-102.34732,0
116.55956,53.276897,0
91.79849,-33.966057,0
-146.85675,-20.394499,0
-79.15941,75.0706,0
-2.8692467,157.28482,0
-107.43794,26.295006,0
-103.11266,-127.693855,0
11.693826,-144.07837,0
88.79114,81.19152,0
67.02877,-39.73924,0
-137.739,-37.327087,0
-54.76857,114.799385,0
-6.521774,136.41907,0
-97.86489,36.685246,0
-108.75365,-102.178444,0
32.193325,-142.8982,0
120.18008,53.19755,0
90.172066,-33.462627,0
-146.1332,-17.55603,0
-83.495415,85.75243,0
-0.2718117,152.07784,0
-108.43215,24.229362,0
-100.16345,-125.306725,0
12.109524,-138.84381,0
81.93236,83.08118,0
144.5749,-24.58506,0
-50.17136,-70.54646,0
-30.316132,96.091415,0
-1.5086178,111.579636,0
-53.41938,6.85764,0
-53.44018,-106.08083,0
0.16776341,-119.24052,0
135.87277,74.86964,0
116.033134,-78.17531,0
-57.519268,-28.162434,0
-55.161346,52.895073,0
36.915756,131.7166,0
-51.79059,23.452236,0
-63.14127,-88.00795,0
34.487167,-100.75309,0
66.48017,104.75658,0
145.61745,-63.392498,0
-36.143913,-35.09595,0
-35.470417,63.52579,0
29.951519,92.333275,0
-32.46395,7.837643,0
-52.199635,-139.74722,0
4.9432516,-85.599174,0
94.02628,43.145317,0
65.30641,-27.066673,0
-178.21298,-24.894154,0
-95.26917,110.58155,0
-14.795868,164.61005,0
-121.738045,46.22712,0
-136.69841,-114.043106,0
19.47341,-177.86253,0
98.98576,65.90919,0
107.628624,4.224889,0
-181.64389,11.314389,0
-115.063675,106.43724,0
-42.65675,176.6348,0
-135.73582,26.509079,0
-148.26166,-88.30609,0
43.26606,-177.87703,0
77.43261,42.571335,0
60.111042,-30.030489,0
-161.90596,-35.987736,0
-73.76649,118.17743,0
-6.5730567,172.43567,0
-110.701035,48.425625,0
-124.73044,-131.67662,0
23.051733,-159.67386,0
117.99316,32.59339,0
72.83137,6.8267794,0
-158.31651,1.6696084,0
-91.46979,82.441055,0
-35.752155,147.31194,0
-147.88254,33.52037,0
-109.185104,-88.66621,0
-4.314845,-158.6067,0
139.34041,33.489414,0
84.26973,-62.211395,0
-25.404522,19.03506,0
-26.11383,25.968819,0
31.18811,73.88263,0
-26.271473,21.837376,0
-24.262272,16.662586,0
32.797432,-46.9529,0
85.29662,62.34374,0
93.97908,-49.325996,0
-121.60378,-17.57817,0
-56.442703,99.893486,0
1.4864717,133.44678,0
-89.363625,34.00619,0
-87.49903,-99.56132,0
33.826412,-137.4761,0
102.65861,41.412495,0
80.55253,-28.892939,0
-154.79477,-16.254845,0
-86.42267,96.79488,0
-14.833358,150.83435,0
-118.139984,25.954268,0
-111.933685,-118.73507,0
8.451502,-155.06561,0
124.53372,110.94818,0
132.78398,1.0169246,0
-90.30949,-46.121933,0
-83.39766,64.817604,0
33.325554,172.52763,0
-93.19864,-8.215627,0
-93.5913,-72.365845,0
63.286476,-115.79291,0
80.400444,61.46036,0
101.48999,-50.04418,0
-122.48152,-24.336237,0
-53.8998,107.478134,0
-6.893537,129.44247,0
-84.70349,34.988995,0
-94.40305,-93.0795,0
40.14954,-136.22722,0
61.423107,97.05103,0
137.03593,-66.89459,0
-43.422565,-29.179531,0
-45.280552,69.99818,0
33.327652,116.90434,0
-39.936398,14.911486,0
-62.61394,-136.75429,0
17.816114,-94.356705,0
110.55351,64.17636,0
95.98337,-29.722826,0
-133.16335,-17.925034,0
-66.05135,87.6936,0
8.652216,141.73642,0
-99.32509,20.808836,0
-90.83289,-117.36993,0
23.78627,-135.32274,0
114.486984,114.49837,0
127.590126,-15.278477,0
-106.518166,-52.068584,0
-73.60475,63.726303,0
20.376572,177.20198,0
-97.91914,-4.4417434,0
-107.37019,-55.14664,0
64.22051,-133.49416,0
117.96224,103.491646,0
134.79916,-8.28866,0
-93.77983,-43.291565,0
-85.13488,55.714607,0
36.186825,165.07443,0
-91.44686,-17.884098,0
-91.34366,-66.04869,0
70.63439,-123.36507,0
121.23397,137.11806,0
97.92939,-109.174095,1
16.298897,-43.329327,0
-13.46312,32.670197,0
73.83152,147.3551,0
11.187878,-32.403553,0
-11.225346,-52.470665,0
47.107086,-58.49365,0
115.274345,57.98969,0
92.26806,-22.662743,0
-139.04453,-15.554789,0
-70.02884,81.73658,0
6.726217,151.57738,0
-105.39861,17.645359,0
-97.98414,-114.79989,0
20.403584,-132.47758,0
119.44334,105.58122,0
131.77533,-5.4230275,0
-94.02396,-49.63497,0
-87.43667,58.736217,0
38.08749,167.61073,0
-95.802475,-15.021819,0
-94.70313,-65.19715,0
67.75075,-122.135704,0
136.70546,94.46576,0
105.4664,-31.76783,0
-131.81181,-0.858522,0
-116.998436,81.976364,0
-22.090569,123.46212,0
-129.39532,2.4850972,0
-155.00644,-68.05974,0
61.883724,-155.14348,0
114.02756,128.83984,0
104.2142,-118.70486,1
4.9508977,-48.012352,0
-15.550809,43.48324,0
68.63704,156.21732,0
2.883722,-40.134556,0
0.73856276,-51.7357,0
52.512146,-67.83972,0
105.46978,23.53076,0
90.85462,0.8453767,0
-178.38692,2.8890798,0
-101.69498,104.382324,0
-33.556767,155.50377,0
-150.2259,43.89694,0
-126.026146,-85.30959,0
-1.581271,-170.04599,0
65.976814,87.42314,0
162.0477,-19.154924,0
-60.981476,-61.764652,0
-37.740387,89.02732,0
-0.9375589,96.87837,0
-63.227173,-7.4152837,0
-63.32683,-103.074455,0
-12.020674,-131.11166,0
112.22742,70.45758,0
168.97939,-17.799093,0
-65.13398,-54.805473,0
-44.58955,83.77412,0
10.948604,122.142136,0
-71.28259,-9.772585,0
-73.974525,-105.88042,0
-15.800529,-135.22351,0
159.05441,39.8104,0
116.99748,-51.491856,0
30.715597,22.032133,0
13.114004,61.315643,0
15.188092,69.28271,0
-12.692672,-11.550277,0
-16.70948,-70.32403,0
32.576454,-75.45909,0
83.770294,39.62581,0
58.30834,-34.54003,0
-159.34639,-41.07424,0
-71.27627,116.70302,0
-5.2619424,171.65495,0
-120.00693,41.60807,0
-119.98851,-135.38531,0
29.55286,-162.7654,0
117.23107,100.913605,0
134.50099,-9.924581,0
-95.446014,-43.374413,0
-88.79548,56.26655,0
37.831512,165.79999,0
-97.25892,-16.328602,0
-95.94773,-63.574867,0
69.46401,-122.15374,0
141.70181,75.229,0
112.055016,-81.37956,0
-58.92666,-22.78748,0
-58.367924,48.28975,0
44.118618,128.32408,0
-51.367485,28.327082,0
-63.106766,-82.498985,0
41.64232,-100.967804,0
170.16331,4.5240917,0
82.55721,-95.21787,0
30.43815,-0.26331905,0
32.676598,-8.52597,0
12.140802,42.016544,0
30.476835,-3.2303004,0
31.458364,3.7765894,0
36.967274,-14.120637,0
121.64323,98.21892,0
118.95714,-69.97839,0
-79.92663,-40.086838,0
-71.469765,59.814953,0
38.779243,143.68605,0
-82.68248,-17.13692,0
-85.923325,-123.56436,0
42.77876,-111.98556,0
109.61723,138.44955,0
100.51036,-128.94077,1
11.682099,-57.945747,0
-7.1868024,48.539852,0
71.64709,165.0362,0
-0.5861481,-32.201267,0
-1.0891412,-62.82781,0
61.317253,-65.82816,0
70.99464,84.61121,0
159.58453,-20.888952,0
-57.90516,-65.31997,0
-35.097153,93.15967,0
-3.7051635,100.9989,0
-62.781395,-4.691911,0
-60.770466,-104.75833,0
-10.415259,-124.80282,0
91.623375,68.59443,0
96.400345,-3.5301008,0
-185.87048,-4.564011,0
-74.089874,133.71779,0
9.52772,177.002,0
-156.10751,42.498222,0
-121.80826,-80.5236,0
6.786603,-171.10127,0
92.63834,107.947395,0
157.72287,-52.93394,0
-45.67932,-49.29908,0
-18.468819,57.401455,0
23.225374,110.68122,0
-38.278736,-17.651773,0
-30.858406,-114.65089,0
9.30735,-102.86733,0
64.76962,59.070583,0
105.33302,-11.858198,0
-139.56848,-56.868786,0
-110.863045,98.37048,0
-27.198603,134.48396,0
-121.35604,4.0271077,0
-142.71078,-74.47862,0
49.672638,-163.06102,0
74.79006,88.97309,0
156.16205,-23.67664,0
-55.772068,-68.647995,0
-32.90385,96.78466,0
-1.3656511,107.60405,0
-59.084442,-2.5528193,0
-54.715073,-103.97193,0
-8.726763,-118.853516,0
62.26278,97.2451,0
137.2288,-66.73399,0
-43.469368,-29.363373,0
-44.63663,70.01762,0
33.521694,116.92372,0
-39.638924,14.375818,0
-62.00177,-137.33777,0
18.64477,-93.84566,0
90.39038,104.39344,0
154.43536,-56.17139,0
-54.90687,-46.13527,0
-25.257883,62.302105,0
22.553394,118.53027,0
-47.049538,-17.920206,0
-36.648132,-120.507774,0
14.702777,-108.97428,0
75.8103,77.846405,0
125.300804,-50.63663,0
-71.00166,-48.75055,0
-48.66937,84.68595,0
10.426397,127.468475,0
-73.31917,6.0049763,0
-75.076256,-111.78364,0
9.264684,-113.86776,0
155.15671,27.722105,0
71.62919,-72.669495,0
29.57427,-25.234524,0
24.557535,31.927265,0
16.16577,50.375072,0
29.954958,-25.103094,0
29.183268,-25.32793,0
30.841356,-24.925383,0
111.81507,50.96498,0
71.28592,-22.0003,0
-159.01595,-27.849081,0
-78.2699,85.59969,0
-0.3364874,169.62843,0
-114.033264,42.904808,0
-121.18911,-124.28587,0
9.821717,-139.2567,0
88.46824,108.914566,0
161.85533,-52.15188,0
-43.254475,-49.93527,0
-17.332256,61.13396,0
23.22528,109.12191,0
-35.541878,-15.994376,0
-30.35168,-118.82393,0
8.090284,-100.75954,0
166.74466,6.4508576,0
80.48985,-94.639984,0
41.64065,15.870858,0
14.378274,29.109282,0
16.340311,32.22315,0
18.37334,17.05017,0
20.720423,11.719549,0
39.014374,-17.201328,0
69.13392,121.646065,0
152.65045,-80.64791,0
-22.549532,-84.09468,0
-5.0056887,77.0433,0
14.797421,115.537605,0
-19.397215,-4.687648,0
-22.237532,-91.4555,0
18.0236,-71.2854,0
111.862595,76.46779,0
127.21064,-45.802055,0
-64.49168,-46.560944,0
-51.57897,80.37025,0
15.867056,127.829544,0
-71.84667,11.125564,0
-81.99144,-114.40737,0
17.539595,-119.78544,0
97.177505,40.695507,0
63.925148,-12.340936,0
-167.57462,-20.641228,0
-82.33822,115.786415,0
-8.536223,183.04851,0
-127.820984,44.904884,0
-127.24153,-113.59436,0
23.716402,-170.92442,0
88.09577,47.97427,0
79.49841,-45.827663,0
-150.2794,-33.430473,0
-70.16278,89.4835,0
0.17803642,143.39803,0
-104.59034,40.940754,0
-108.45588,-137.40982,0
22.413214,-143.73332,0
83.05329,52.27791,0
68.489624,-25.165487,0
-159.2637,-32.512764,0
-74.377304,114.80966,0
-3.9506896,172.6566,0
-107.31182,44.1631,0
-122.05794,-127.572754,0
23.75595,-141.21896,0
76.74695,56.1633,0
67.6692,2.2127106,0
-184.88289,-16.059557,0
-61.909683,108.51128,0
-12.762387,130.63718,0
-135.26663,61.558964,0
-138.95076,-103.833755,0
36.49165,-141.67822,0
93.22508,83.34976,0
113.12977,-39.486465,0
-107.76685,-34.860058,0
-50.479137,115.58923,0
19.603348,168.80658,0
-84.881454,8.219834,0
-78.64922,-91.27156,0
49.12612,-131.56728,0
62.535755,108.36,0
138.73055,-58.985493,0
-40.71157,-38.563347,0
-31.846252,61.528576,0
30.843277,97.89477,0
-36.979153,7.5434227,0
-55.357533,-136.36485,0
8.979036,-88.00965,0
111.98214,46.76851,0
88.276276,-33.695213,0
-147.47879,-18.03613,0
-80.67315,87.70229,0
-4.204915,155.29483,0
-112.33408,30.885822,0
-104.01488,-125.76119,0
13.057,-142.46162,0
105.78848,28.111193,0
88.090454,-1.8065673,0
-166.57974,0.046997875,0
-99.56435,108.64219,0
-34.436283,158.61229,0
-146.92197,43.819305,0
-118.39536,-91.36375,0
0.17946786,-168.59683,0
114.62237,130.17989,0
105.957375,-118.70442,1
2.9290369,-47.593708,0
-17.366177,44.656017,0
66.1132,156.52386,0
1.8385369,-41.304752,0
0.11463482,-50.351254,0
52.24399,-70.02011,0
77.98248,119.12746,0
149.78035,-39.782692,0
-35.0399,-69.38387,0
-12.909045,81.144104,0
13.196722,110.81109,0
-53.1819,-9.932125,0
-40.3625,-106.45813,0
8.11476,-111.23051,0
92.16991,53.461746,0
75.950386,-40.442795,0
-144.79863,-30.01599,0
-72.78651,96.49193,0
-4.7309365,145.78096,0
-104.300415,35.2143,0
-107.15473,-131.70555,0
20.759954,-148.22098,0
102.5715,37.30159,0
67.97849,-4.591192,0
-177.8666,-20.536259,0
-92.22256,124.016624,0
-25.400602,177.1438,0
-133.9966,55.28662,0
-136.3155,-110.40082,0
19.280113,-181.152,0
73.72573,73.76302,0
146.26912,-14.210392,0
-70.52352,-62.662296,0
-44.417812,94.32829,0
-12.594471,107.11094,0
-68.34236,-0.92921823,0
-69.7065,-109.8,0
-4.4534564,-136.72244,0
85.42446,29.851221,0
63.592407,-1.6379199,0
-183.16965,-21.525665,0
-93.701416,127.249565,0
-25.211447,179.93951,0
-129.25243,58.64962,0
-142.44107,-109.00494,0
13.635307,-182.6579,0
144.38792,74.44308,0
110.39338,-83.949585,0
-58.755146,-19.232317,0
-61.750072,46.61691,0
45.046432,131.91472,0
-50.13733,31.029417,0
-64.83241,-80.21561,0
44.082115,-100.29664,0
165.45543,8.071703,0
77.517166,-93.21697,0
36.677937,12.004187,0
13.915889,30.673912,0
14.047646,32.715534,0
15.920457,17.645885,0
19.269035,13.316942,0
40.212036,-17.416698,0
86.89749,60.55401,0
70.04628,-37.18681,0
-133.08983,-32.47864,0
-66.281235,99.97216,0
-2.8512545,138.2917,0
-98.14709,34.5152,0
-110.76369,-108.79813,0
32.54243,-146.18687,0
81.786835,41.484493,0
56.65967,-22.582039,0
-168.73204,-33.601913,0
-78.62454,123.88557,0
-14.047628,172.23555,0
-116.73174,54.635475,0
-133.09111,-126.083435,0
17.26493,-165.77666,0
75.21203,36.19835,0
59.241512,-26.01593,0
-168.18317,-37.39069,0
-77.27571,121.179726,0
-10.970142,173.21628,0
-113.2494,52.338192,0
-130.67322,-131.93275,0
19.412056,-166.28743,0
79.09057,83.230705,0
147.24841,-23.25895,0
-50.28742,-68.79592,0
-26.639757,92.60399,0
-3.052408,109.699455,0
-61.122864,7.525844,0
-61.368763,-113.3165,0
-2.6854153,-122.635414,0
122.76179,83.86039,0
135.03355,-58.311703,0
-47.58314,-33.973637,0
-30.883194,59.746056,0
8.159336,132.48575,0
-44.033802,6.2344456,0
-68.94868,-129.92743,0
22.022919,-101.31968,0
79.14688,37.767914,0
60.359818,-24.116035,0
-165.78127,-38.73207,0
-74.62735,125.067245,0
-11.067785,170.33229,0
-114.793655,51.062885,0
-132.87053,-130.77994,0
15.984597,-162.59662,0
141.87593,32.662037,0
82.95166,-66.120705,0
-23.962149,20.457117,0
-24.747555,24.688328,0
30.667736,72.593254,0
-24.464724,22.042765,0
-23.085045,15.527922,0
33.039093,-44.279064,0
92.81304,52.44956,0
76.7262,-40.863304,0
-145.7552,-30.217667,0
-73.312004,95.1855,0
-2.430608,146.05083,0
-104.84644,35.50364,0
-106.71658,-132.6658,0
19.73482,-147.63232,0
83.276886,102.11494,0
158.27151,-35.714886,0
-38.905666,-57.740574,0
-15.684061,81.24595,0
13.361694,108.7397,0
-49.51468,-9.97578,0
-43.457684,-121.86036,0
4.8579803,-109.16139,0
69.79944,119.42135,0
152.11894,-75.349556,0
-24.948326,-78.12719,0
-6.863358,71.5591,0
15.114938,85.27118,0
-22.278963,-0.85541236,0
-23.441866,-95.69782,0
15.946719,-74.87932,0
107.05933,132.48386,0
103.68548,-125.89005,1
7.847678,-56.47252,0
-11.194168,49.25065,0
68.98749,162.66061,0
-3.1235518,-35.59131,0
2.550698,-59.304615,0
59.22382,-68.41338,0
132.24377,67.508606,0
114.116486,-67.271484,0
-70.886856,-32.637337,0
-60.911644,62.25347,0
32.11704,138.65532,0
-63.496983,22.960192,0
-79.70646,-129.83636,0
36.04158,-112.87919,0
122.975555,48.97567,0
94.04588,-20.745516,0
-143.83081,-9.039157,0
-77.114365,76.76645,0
12.059738,156.27368,0
-109.6901,17.203724,0
-101.29855,-116.21589,0
27.96594,-133.15192,0
86.944244,89.598015,0
148.8298,-30.780466,0
-43.38324,-65.75885,0
-20.850147,87.73859,0
6.0369062,108.22878,0
-51.362198,0.8803685,0
-49.80776,-113.109215,0
-1.1932833,-113.83794,0
136.07518,61.403046,0
108.05706,-65.78616,0
-77.36203,-32.658848,0
-67.1524,58.519485,0
34.046654,143.81607,0
-65.14661,29.218712,0
-84.544075,-132.8111,0
41.081352,-116.89045,0
121.667336,111.76972,0
134.75505,-1.5748268,0
-88.02042,-50.10632,0
-81.34995,62.119934,0
36.472694,175.87267,0
-89.97758,-9.700032,0
-89.83594,-73.07325,0
62.294567,-118.33111,0
92.27187,59.3012,0
73.110146,-33.54316,0
-138.03372,-30.48799,0
-74.0746,103.41071,0
-18.639206,134.53471,0
-100.4902,29.08204,0
-106.690346,-110.23236,0
37.463142,-150.66515,0
66.26059,106.727646,0
145.59009,-63.905853,0
-36.516605,-35.558903,0
-34.32533,64.46211,0
30.393476,92.726944,0
-32.212543,8.383474,0
-52.18285,-139.16539,0
4.9222302,-85.77293,0
169.25417,15.075553,0
85.50774,-85.39059,0
45.19177,1.4774078,0
42.709736,0.009796841,0
7.829645,46.16849,0
44.144524,0.94088215,0
47.11985,2.1169298,0
42.85478,-10.155998,0
96.02467,31.523209,0
74.10223,-0.7244126,0
-179.57072,-11.011696,0
-96.44177,121.684265,0
-25.940147,171.44818,0
-136.66302,53.219814,0
-135.43462,-96.49842,0
10.712215,-179.4786,0
64.72311,49.26283,0
111.76932,-9.36797,0
-141.95639,-52.169964,0
-102.886345,98.78548,0
-26.432032,139.05962,0
-118.13256,7.6027145,0
-136.37042,-77.46479,0
43.17984,-163.1672,0
111.47324,35.093357,0
92.5779,0.22224246,0
-160.75365,-3.4866457,0
-99.711174,103.21023,0
-32.64564,155.12251,0
-150.51874,42.46867,0
-127.117,-84.143875,0
-3.6384127,-166.48999,0
92.485954,65.19247,0
104.00544,7.276228,0
-184.85551,14.762479,0
-114.93673,112.02671,0
-42.34162,172.44232,0
-140.1563,23.69887,0
-143.99722,-91.42299,0
39.769947,-175.81444,0
104.84458,55.895454,0
77.86359,-11.67908,0
-169.52478,-12.362129,0
-88.592514,109.048546,0
5.84917,162.89758,0
-132.67726,35.784286,0
-128.9708,-103.44193,0
33.72008,-172.49231,0
127.687965,98.373184,0
132.1426,-84.383,0
-90.39305,-32.598415,0
-47.93958,46.231365,0
34.188587,156.87157,0
-87.95168,-24.141132,0
-82.89541,-79.86334,0
52.76353,-112.870445,0
158.05974,35.996395,0
115.54525,-49.47844,0
-108.7065,-16.808586,0
32.11388,18.731077,0
19.320541,67.639145,0
-17.103054,-14.24266,0
-81.936485,-98.7709,0
38.82726,-72.5324,0
86.0119,28.189753,0
63.882904,-1.8954225,0
-183.18478,-21.186089,0
-93.383415,126.37343,0
-25.198557,179.2295,0
-129.78995,58.621517,0
-142.48181,-109.17386,0
14.218266,-182.87585,0
70.65934,56.72667,0
109.68815,-16.040731,0
-133.78783,-53.95572,0
-73.239685,104.88143,0
-19.220716,132.58461,0
-116.32097,-0.45697445,0
-137.57819,-70.01477,0
40.44845,-151.43428,0
69.486465,42.937046,0
109.04203,-6.959467,0
-143.47124,-34.353565,0
-74.112495,100.44419,0
-20.226482,145.6568,0
-113.01422,10.991679,0
-130.22963,-79.596085,0
34.711845,-158.24248,0
80.582825,86.67235,0
146.14838,-25.919233,0
-48.590137,-68.60092,0
-25.535158,93.98566,0
-1.2064217,110.56413,0
-55.884792,3.8889258,0
-52.96612,-110.793,0
-2.177148,-117.89456,0
150.57202,49.147125,0
136.98672,-57.484467,0
-46.693787,-35.784073,0
49.820614,42.838326,0
2.336261,61.7396,0
-78.73215,17.23493,0
-59.407322,-142.55286,0
39.73194,-84.91017,0
152.9306,47.798527,0
110.11142,-43.103817,0
-107.814026,-21.52476,0
51.354225,41.380123,0
3.0522583,63.96591,0
-78.3867,20.113354,0
-84.12337,-95.56064,0
40.555244,-81.44989,0
126.24118,94.23055,0
130.03734,-81.42784,0
-83.011566,-34.01533,0
-42.12321,47.506214,0
35.235405,151.82526,0
-83.20622,-22.624962,0
-77.41228,-79.356155,0
48.352722,-110.3153,0
64.19445,87.85787,0
164.1142,-18.272972,0
-62.467457,-59.56487,0
-39.55212,86.89212,0
-1.3544704,92.97373,0
-64.56671,-9.820719,0
-65.58535,-103.38371,0
-11.322309,-135.12706,0
120.78458,134.9245,0
100.940605,-110.44564,1
11.127203,-49.27016,0
-12.0329,40.92163,0
70.93648,152.20227,0
9.854659,-35.19171,0
-9.013529,-51.818188,0
48.480938,-63.027927,0
118.56225,139.6267,0
97.452,-112.1413,1
15.179351,-46.192688,0
-12.286768,37.255283,0
73.95092,150.83614,0
8.626771,-31.317593,0
-9.024894,-54.486748,0
50.579517,-60.149265,0
74.79705,96.62238,0
160.244,-45.09953,0
-28.26085,-55.33259,0
-24.780153,72.20656,0
16.997936,99.3174,0
-39.702763,-7.9435315,0
-37.44013,-131.45184,0
-1.0689852,-99.76266,0
140.86957,68.04116,0
109.7788,-70.06916,0
-73.59474,-29.896019,0
-60.70161,57.48113,0
36.379276,140.12465,0
-61.111794,27.05401,0
-79.57213,-133.84209,0
37.080322,-115.38472,0
99.28331,72.32843,0
105.402725,-26.632925,0
-136.84467,-0.97702473,0
-115.11414,85.41457,0
-27.495152,121.29385,0
-131.86185,7.7033396,0
-158.44409,-72.41795,0
63.267433,-163.7719,0
117.173225,145.83878,0
93.60704,-110.146965,1
19.910597,-45.796967,0
-9.331149,33.315155,0
77.20344,149.66495,0
11.127665,-28.169336,0
-13.319598,-56.922264,0
50.363186,-56.322884,0
119.94517,106.76741,0
128.24379,-4.133355,0
-97.038666,-48.48301,0
-86.81045,61.531456,0
36.574856,172.6485,0
-92.857216,-15.233192,0
-94.433754,-67.89704,0
70.5454,-119.845345,0
102.57425,48.905884,0
77.99908,-26.161613,0
-140.34348,-25.007244,0
-85.20178,101.33403,0
-12.446884,145.36935,0
-117.08686,21.995047,0
-110.50114,-114.49187,0
9.827667,-158.10378,0
140.2709,61.950844,0
166.31259,-16.52927,0
-64.78708,-57.84221,0
-42.487865,85.87014,0
10.8481455,118.93675,0
-68.09053,-10.298389,0
-70.26582,-106.524734,0
-11.852309,-136.3981,0
78.2597,80.511635,0
141.4083,-21.310404,0
-49.120228,-75.56921,0
-28.676792,100.62508,0
-6.3401623,115.32877,0
-55.897175,10.451328,0
-56.55171,-111.032005,0
4.3981423,-124.55319,0
110.45868,107.26951,0
141.88684,-47.45485,0
-49.09983,-36.654034,0
-72.79863,54.86433,0
38.786156,102.897896,0
-78.81318,-14.490116,0
-77.20309,-67.842186,0
25.970524,-89.40311,0
171.00443,4.929049,0
83.44566,-95.13488,0
31.306541,-0.31265026,0
32.232414,-7.993203,0
11.933834,42.52858,0
30.860825,-3.640362,0
31.812338,3.3722856,0
35.864536,-13.919287,0
78.74318,67.37803,0
99.156204,-43.098618,0
-117.54387,-25.462902,0
-50.512928,104.72575,0
-1.796885,129.27106,0
-86.5109,29.122536,0
-94.3888,-100.87272,0
38.47064,-129.79755,0
104.25566,136.82811,0
98.0543,-125.02028,1
10.00724,-62.04602,0
-7.7842407,45.36514,0
74.62622,162.65741,0
-4.4289036,-29.596865,0
3.9127798,-65.14413,0
58.85617,-63.064262,0
172.61232,14.567753,0
87.41927,-88.09139,0
48.872944,-3.1381614,0
44.391262,-3.8940244,0
4.8921003,44.739616,0
46.953835,-4.103743,0
50.871727,-1.5141469,0
45.434666,-9.763967,0
86.37052,108.029396,0
139.9751,-60.01232,0
-39.41655,-39.686302,0
-29.265162,60.54112,0
28.653223,100.471794,0
-38.78791,8.82213,0
-53.151638,-133.05235,0
10.631252,-87.532425,0
129.74164,60.69472,0
116.68352,-61.269695,0
-71.331474,-26.698002,0
-59.861282,64.64557,0
26.040796,139.5839,0
-61.32384,17.426044,0
-72.32746,-130.08716,0
34.963825,-114.09082,0
66.65578,52.35993,0
114.57501,-9.370394,0
-140.34819,-48.61737,0
-100.321915,100.347786,0
-22.904425,141.94373,0
-115.36236,8.011243,0
-134.1479,-77.95864,0
40.19979,-158.03748,0
88.28746,57.286346,0
71.85567,-31.429462,0
-135.95728,-27.66047,0
-69.70559,101.453156,0
-12.079736,142.67407,0
-97.79874,31.409239,0
-112.671104,-109.42348,0
34.350674,-149.13028,0
139.40034,34.154716,0
84.232185,-62.2593,0
-25.375284,19.053251,0
-26.330675,25.750452,0
31.52081,73.64381,0
-25.939554,22.134968,0
-24.212332,16.391665,0
32.97705,-46.65101,0
66.72266,119.82884,0
150.14024,-76.43012,0
-23.112484,-78.65614,0
-4.8578663,70.5727,0
15.689751,82.8006,0
-22.182177,-2.0124464,0
-24.889809,-99.923355,0
16.508596,-77.23548,0
101.88513,57.32059,0
72.9669,-9.78837,0
-163.28561,-11.203875,0
-93.1118,110.49907,0
-24.964937,154.06773,0
-129.78601,38.21049,0
-130.17252,-107.86028,0
20.492466,-175.48303,0
101.966385,67.42898,0
107.54684,0.46835864,0
-177.14638,12.699373,0
-120.18205,103.67958,0
-46.3163,178.42368,0
-131.8752,24.809917,0
-152.4393,-88.51341,0
48.32109,-176.09167,0
111.07443,130.29819,0
104.99008,-119.90818,1
4.3155227,-49.39358,0
-15.956715,45.134403,0
67.70605,157.84018,0
1.5717328,-40.044884,0
-0.05532519,-52.41948,0
53.69233,-69.02553,0
167.16054,10.201204,0
79.32449,-91.81992,0
39.004738,12.717263,0
9.851641,32.36032,0
10.122553,33.696934,0
13.041574,16.793558,0
15.895018,14.377952,0
41.306484,-15.282477,0
87.389626,48.05325,0
77.647415,-47.081425,0
-151.39117,-34.55887,0
-71.32911,110.913605,0
-16.157454,160.73851,0
-104.8134,42.7377,0
-113.17198,-137.10416,0
22.359194,-150.29294,0
74.15475,73.89257,0
146.15251,-14.373623,0
-70.35775,-63.27459,0
-43.014675,94.80152,0
-9.356309,111.422295,0
-68.4234,-1.0565624,0
-69.76062,-109.46735,0
-4.436542,-137.17816,0
115.80506,42.520763,0
84.75181,-33.379097,0
-152.66634,-19.151814,0
-83.83852,91.654335,0
-10.338971,157.31947,0
-115.52313,34.13985,0
-118.60645,-127.21331,0
9.57366,-149.01405,0
95.93277,42.72273,0
66.92543,-26.913849,0
-156.96542,-27.012686,0
-79.09057,118.63254,0
-11.855087,162.94675,0
-111.926834,46.851265,0
-120.295135,-128.56604,0
16.564154,-159.00334,0
157.14189,11.620663,0
71.43477,-80.77307,0
48.65569,12.177861,0
24.831697,43.62291,0
25.525492,44.359165,0
16.880905,1.9983841,0
16.101128,2.8764508,0
42.890633,-27.482904,0
90.49596,51.76908,0
75.96136,-41.921894,0
-146.16782,-31.390543,0
-72.157715,95.26947,0
-2.050031,146.76561,0
-103.940605,36.55252,0
-106.274,-134.01294,0
21.598509,-146.68117,0
126.279144,89.19475,0
130.8275,-76.97416,0
-54.82291,-37.709995,0
-44.052895,53.946297,0
31.220284,151.31822,0
-81.48955,-26.506636,0
-75.291954,-84.023636,0
50.205505,-107.16982,0
82.237366,100.53327,0
158.00159,-37.2262,0
-37.737255,-58.642673,0
-17.300592,80.9328,0
12.492286,107.164276,0
-48.344707,-8.101474,0
-44.52526,-123.27071,0
3.314434,-108.28288,0
90.90729,80.33871,0
99.92468,-35.178776,0
-138.70544,-35.66949,0
-44.684757,101.73816,0
-5.3882565,136.26462,0
-101.51372,26.739122,0
-105.44534,-106.79747,0
30.959705,-141.87483,0
116.72407,57.613407,0
92.16649,-26.17513,0
-142.86504,-16.733438,0
-69.56923,85.13685,0
3.2421458,149.18826,0
-108.166,21.156525,0
-97.050186,-122.284294,0
16.022396,-136.42236,0
113.058975,50.901207,0
71.14702,-21.397276,0
-159.80858,-27.706074,0
-76.45475,84.80606,0
-0.19864903,170.80492,0
-114.111824,41.66648,0
-121.40239,-123.201546,0
9.031129,-140.29008,0
61.04451,104.1496,0
141.36644,-62.4206,0
-39.536247,-32.938908,0
-35.38091,62.381813,0
32.930588,95.19967,0
-37.32072,10.779447,0
-56.88579,-140.73134,0
8.261691,-86.61036,0
85.77021,40.88616,0
58.30412,-20.553669,0
-171.68317,-32.932,0
-81.01266,118.88308,0
-12.5474825,177.666,0
-118.66003,53.464764,0
-132.51416,-124.20137,0
20.4783,-167.90643,0
121.82847,111.958206,0
135.26079,-1.5263412,0
-87.74242,-50.598705,0
-81.731514,62.588333,0
36.118206,174.96251,0
-89.60099,-10.321523,0
-89.41777,-72.21403,0
62.586605,-118.85382,0
140.6584,74.8075,0
111.356735,-83.55737,0
-59.857178,-20.0619,0
-59.60275,48.561794,0
43.985447,129.3719,0
-50.98583,30.76708,0
-64.593575,-79.76416,0
42.885517,-101.01993,0
78.74677,50.716183,0
62.814846,-40.57893,0
-142.96768,-39.393246,0
-63.881264,119.487625,0
12.560537,166.82896,0
-106.45543,53.26922,0
-126.282005,-136.92673,0
29.033998,-158.06618,0
112.621864,80.71495,0
125.63653,-47.629223,0
-68.35771,-47.111717,0
-50.164524,80.22153,0
12.884185,130.51747,0
-74.75787,9.41695,0
-79.85459,-111.445786,0
20.305084,-117.82092,0
118.6575,41.33504,0
71.48622,-16.750387,0
-159.87347,-19.567438,0
-83.05727,80.441925,0
-2.802539,164.61035,0
-121.643364,35.783333,0
-120.08635,-116.97943,0
0.12700774,-148.39435,0
154.71298,12.6308565,0
71.25689,-77.8897,0
49.096996,12.655467,0
29.275198,45.061596,0
29.074766,45.379066,0
13.78118,1.0025642,0
14.037161,-0.4917441,0
42.310787,-29.169365,0
112.5221,79.43334,0
125.18885,-46.407673,0
-67.9005,-46.662052,0
-50.012608,77.52542,0
14.4694605,131.51616,0
-74.97743,10.59825,0
-82.13197,-111.51375,0
20.604273,-119.51133,0
107.679886,110.792984,0
139.86824,-38.093506,0
-81.18296,-55.220215,0
-79.24248,51.827553,0
41.16532,110.18603,0
-82.44606,-7.8335114,0
-80.9614,-67.31805,0
32.029495,-86.9972,0
125.77569,67.22294,0
120.27227,-42.503075,0
-66.917015,-38.74476,0
-53.57851,63.535645,0
8.219883,140.3486,0
-72.48492,18.009441,0
-84.99197,-121.25319,0
30.378464,-111.191956,0
142.57704,73.77849,0
110.18872,-81.42113,0
-57.49048,-21.416069,0
-60.54096,45.913403,0
46.171,130.0709,0
-49.10246,28.835447,0
-62.427803,-81.09631,0
42.225018,-98.96389,0
101.99821,136.9914,0
96.96955,-124.51182,1
10.145219,-63.311646,0
-7.6759386,44.264767,0
75.80293,162.6641,0
-4.721097,-28.617228,0
4.458208,-66.24256,0
59.32399,-61.38995,0
148.51956,47.473015,0
94.78289,-48.2098,0
-117.51179,-17.7467,0
47.089134,43.67426,0
0.5768887,59.87021,0
-81.96438,19.72713,0
-87.04993,-99.331924,0
46.272755,-83.680405,0
84.72646,33.386505,0
56.815983,-20.87884,0
-173.64603,-35.964764,0
-76.82407,127.40091,0
-14.565805,166.77715,0
-117.076355,57.77917,0
-138.20325,-123.08522,0
17.835733,-166.34334,0
80.893166,110.077034,0
166.87897,-49.45406,0
-37.451744,-48.005836,0
-22.493483,66.69241,0
23.530432,102.12919,0
-32.14462,-10.466675,0
-30.031502,-123.23743,0
4.5349565,-96.37927,0
98.58276,77.63831,0
108.79898,-27.777523,0
-136.50992,2.0768464,0
-116.46666,88.95733,0
-27.25895,123.56547,0
-132.60907,8.577284,0
-156.99522,-74.35171,0
63.072266,-160.72658,0
152.74586,19.072035,0
77.38525,-75.32252,0
52.991283,23.58664,0
58.869514,30.597261,0
29.197344,54.33885,0
3.259801,1.4397943,0
6.80552,-4.681125,0
39.843967,-32.871513,0
77.90408,100.9431,0
162.03465,-45.672184,0
-27.200645,-53.67844,0
-26.748083,72.43363,0
18.475464,99.32124,0
-37.457626,-8.443664,0
-38.225212,-133.35397,0
-1.7416232,-98.07498,0
145.95961,21.484077,0
80.42446,-71.97887,0
47.68466,28.177729,0
35.9296,30.391764,0
34.56844,61.557617,0
-5.2736125,-0.237442,0
6.9342747,-9.379316,0
35.91973,-38.106106,0
172.49661,15.124934,0
87.23781,-87.51705,0
48.649372,-1.8218656,0
44.045654,-3.1562514,0
5.145259,45.38768,0
46.73693,-3.134566,0
50.57266,-0.4970956,0
45.065777,-9.193047,0
78.74914,63.56241,0
100.552704,-48.885986,0
-121.3905,-22.399658,0
-55.304802,106.76502,0
-6.999528,127.98379,0
-83.611664,33.9535,0
-94.77844,-95.49647,0
39.045673,-136.22745,0
66.01212,118.96843,0
148.29875,-76.14319,0
-21.124786,-78.67821,0
-6.304586,67.21501,0
18.075802,83.68983,0
-22.993904,-3.561364,0
-26.010489,-101.69093,0
18.176098,-78.73941,0
101.44777,86.944,0
119.379845,-33.800922,0
-105.91443,-40.42514,0
-53.390392,120.76458,0
21.241512,163.98709,0
-87.74837,3.47555,0
-106.62361,-64.93112,0
55.495255,-135.10081,0
63.998882,83.41377,0
160.0152,-14.067417,0
-65.2766,-64.454285,0
-39.005875,93.96484,0
5.5935154,120.37412,0
-68.56632,-5.253028,0
-69.6564,-101.42497,0
-7.6511197,-132.65262,0
166.037,15.025995,0
84.59105,-82.310005,0
22.835098,-11.067117,0
25.149437,-13.928941,0
11.306961,46.648903,0
23.987751,-12.093964,0
21.187304,-9.251505,0
32.727104,-18.280846,0
83.9262,36.267765,0
59.031063,-16.358046,0
-173.70874,-29.141611,0
-87.236305,122.83731,0
-16.534367,173.16194,0
-123.97545,53.935173,0
-135.2533,-121.37179,0
17.954254,-169.46732,0
65.24434,104.80126,0
144.16551,-64.07342,0
-36.183388,-36.8983,0
-34.334625,66.429504,0
30.099916,94.35231,0
-32.984257,9.775245,0
-53.503883,-138.84929,0
5.4205146,-86.90392,0
84.547455,48.720543,0
73.55391,-46.817703,0
-150.71786,-38.145153,0
-68.343704,109.47256,0
-18.93789,158.77731,0
-100.16135,43.444607,0
-111.83743,-140.3554,0
25.747091,-150.7738,0
86.13442,38.44356,0
59.308285,-15.260086,0
-174.9172,-28.237034,0
-84.432014,123.30946,0
-19.235657,175.58298,0
-121.40695,52.7183,0
-133.31049,-121.20975,0
14.136121,-169.89702,0
115.88994,106.44106,0
136.8629,-4.133557,0
-84.52467,-51.226303,0
-79.189156,57.07418,0
43.830227,108.41998,0
-86.76506,-11.599159,0
-86.12134,-66.953384,0
33.113728,-90.191,0
150.3876,50.279797,0
157.71455,-54.968826,0
-46.70581,-48.292225,0
49.74891,43.014698,0
2.5795946,61.21712,0
-40.678997,-17.95628,0
-28.26634,-113.95028,0
38.829063,-86.58821,0
121.73986,28.108583,0
71.172226,11.51967,0
-154.25276,9.952792,0
-95.56959,76.38231,0
-42.571476,143.27414,0
-154.27316,28.25333,0
-107.0276,-79.458595,0
-12.529704,-157.08601,0
67.80633,115.88402,0
151.27065,-76.21248,0
-23.984827,-78.67386,0
-5.2923155,72.23599,0
16.113565,83.173065,0
-21.265518,-1.0428197,0
-24.34517,-98.61171,0
16.406986,-75.901924,0
81.389435,108.23289,0
168.4868,-51.957848,0
-54.317688,-46.84299,0
-24.356049,63.675385,0
21.315449,118.71749,0
-47.805202,-18.346449,0
-36.460236,-121.56079,0
5.3736134,-94.17351,0
171.7288,15.451454,0
86.863396,-86.999374,0
47.885334,-0.7670667,0
43.68581,-1.9839089,0
5.662625,45.76571,0
46.07648,-1.8580351,0
49.78794,0.41782108,0
44.384624,-9.170613,0
85.25692,69.94292,0
104.191475,-40.185158,0
-118.04481,-29.932201,0
-50.735394,109.708694,0
-4.3781753,132.37831,0
-84.19568,26.706314,0
-88.664665,-89.32557,0
44.509094,-132.97023,0
95.94326,65.588715,0
108.068855,6.744082,0
-184.29347,10.976696,0
-112.298416,107.048004,0
-38.786964,175.51225,0
-138.43312,27.573378,0
-145.28989,-87.74466,0
41.826412,-180.84981,0
99.75328,21.42478,0
87.16934,4.6253886,0
-174.32465,-0.103835255,0
-101.63411,110.10586,0
-35.487118,161.83765,0
-148.21423,48.333324,0
-124.43258,-90.60976,0
-0.20969075,-175.92557,0
131.85248,64.20786,0
112.686226,-63.344387,0
-72.10655,-36.448277,0
-64.704575,65.188705,0
29.763266,141.30484,0
-67.97385,24.860106,0
-84.7811,-127.981346,0
34.113274,-117.73173,0
84.295235,77.30221,0
148.03165,-10.812355,0
-70.49415,-57.00626,0
-47.370197,90.23795,0
13.154462,124.88335,0
-68.85352,7.1369777,0
-68.21152,-116.94189,0
-6.360518,-128.23668,0
89.21936,41.487232,0
62.192005,-18.00576,0
-170.03421,-28.697334,0
-84.56332,128.7974,0
-16.447985,177.02629,0
-121.54694,49.798378,0
-130.06342,-119.83856,0
16.537361,-168.20956,0
90.78064,30.295208,0
98.63582,-3.1730819,0
-183.94815,-1.9538043,0
-108.085915,114.12164,0
-26.323616,160.19118,0
-139.40222,42.234245,0
-125.17235,-78.325356,0
43.095043,-153.99799,0
114.30147,82.21675,0
124.83813,-50.354874,0
-70.8853,-48.022297,0
-48.875023,85.4046,0
10.147064,128.3212,0
-73.77979,6.4234376,0
-75.61602,-111.62397,0
8.6936655,-114.64534,0
96.30173,44.162983,0
81.30091,-33.431637,0
-153.30466,-25.441317,0
-82.892166,96.61024,0
-22.238773,149.82982,0
-112.59215,27.550247,0
-114.60138,-126.138084,0
13.825987,-154.41881,0
103.55463,20.593761,0
89.86984,4.553255,0
-176.06291,2.4493272,0
-104.19944,107.89913,0
-36.176384,159.84245,0
-151.13954,47.91052,0
-124.75403,-87.72328,0
-2.446262,-173.12225,0
137.94493,66.10054,0
111.11263,-70.006256,0
-72.47458,-31.153955,0
-63.12563,58.25059,0
35.15394,139.69456,0
-60.79361,26.491262,0
-79.9362,-132.741,0
36.805153,-114.234985,0
119.11618,24.922562,0
76.112915,14.18374,0
-160.30312,12.380794,0
-100.61151,80.69218,0
-46.122826,148.54012,0
-158.34363,32.48992,0
-112.49804,-78.70825,0
-13.671722,-163.75746,0
111.63535,82.11666,0
125.934364,-48.465702,0
-69.38155,-48.355396,0
-49.862892,81.262024,0
12.552955,129.95302,0
-73.3697,7.708452,0
-77.83221,-111.9735,0
18.918083,-117.3099,0
106.04368,65.71869,0
100.51134,2.672918,0
-180.62105,19.28212,0
-120.10695,112.27073,0
-46.39067,169.49292,0
-135.73108,19.074139,0
-117.765625,-100.41944,0
43.2706,-146.84499,0
95.67268,50.450676,0
75.20567,-35.979885,0
-140.29572,-32.501408,0
-76.52521,100.7675,0
-8.595531,148.3848,0
-104.74803,29.89884,0
-114.593605,-123.44121,0
27.50561,-144.5196,0
94.57611,22.590418,0
79.82764,-4.3418264,0
-172.36714,-7.958975,0
-104.83403,119.04666,0
4.4775443,163.94167,0
-143.77327,53.20054,0
-128.07227,-100.07036,0
6.0822806,-182.58752,0
116.64287,21.824589,0
77.880264,15.189958,0
-162.02992,13.5407715,0
-102.85217,80.82951,0
-46.94274,149.89836,0
-159.59918,34.508896,0
-114.45186,-78.25002,0
-13.652868,-165.77444,0
81.80852,59.402157,0
67.29064,-32.31324,0
-129.26659,-27.563793,0
-62.107414,103.70103,0
-10.907745,133.84544,0
-93.682556,35.294483,0
-115.70578,-104.14132,0
38.352196,-145.88301,0
79.08736,42.385757,0
55.974495,-25.689058,0
-165.74036,-37.33626,0
-73.06144,122.436775,0
-10.836126,174.85825,0
-113.86717,56.021168,0
-134.35672,-129.58752,0
21.523848,-162.87036,0
82.537544,109.64505,0
167.6788,-51.22937,0
-37.543427,-46.415993,0
-22.3254,64.500336,0
25.06833,103.54866,0
-31.479292,-12.625757,0
-34.20182,-122.06248,0
5.831423,-95.698326,0
103.33975,82.171,0
122.2715,-31.016544,0
-104.36409,-43.93493,0
-55.77681,119.18198,0
17.429148,161.74142,0
-91.45593,2.6664066,0
-109.50048,-68.01229,0
54.978275,-139.72954,0
148.72847,18.14632,0
77.11052,-71.59124,0
42.989365,26.717186,0
52.641518,34.511387,0
32.05821,56.854153,0
9.21324,-6.671389,0
7.946633,-8.37129,0
37.957493,-35.957386,0
143.7314,95.56926,0
124.83457,-103.69554,0
-14.775702,-37.648655,0
-30.249191,41.747066,0
53.532787,149.87956,0
-15.635366,-28.74229,0
-39.51867,-88.310844,0
62.07208,-94.11861,0
114.8285,25.799898,0
78.20994,11.963406,0
-163.02783,10.087832,0
-99.9047,84.11163,0
-43.068573,151.81888,0
-156.24344,35.746662,0
-113.06306,-81.3223,0
-10.293675,-164.7778,0
60.095097,102.29237,0
144.15646,-57.037987,0
-43.003815,-33.65181,0
-39.8569,61.562935,0
36.71024,96.15747,0
-37.52535,4.677593,0
-51.740753,-145.043,0
7.861662,-80.95929,0
101.67411,78.458916,0
126.948265,-105.88016,0
-11.833088,-37.254433,0
-27.593939,40.41272,0
55.311687,152.03304,0
-13.109916,-27.073748,0
-36.03653,-87.74275,0
65.133,-99.72485,0
113.33955,75.76903,0
130.6393,-46.334385,0
-60.90583,-45.122017,0
-44.429222,75.48568,0
18.26145,124.83986,0
-70.248055,13.950942,0
-81.85063,-118.867744,0
18.263645,-113.24769,0
119.08068,143.65033,0
93.14935,-109.198906,1
17.465912,-46.633484,0
-7.677606,32.75595,0
77.68384,153.14467,0
10.700612,-27.182426,0
-10.558769,-56.283817,0
48.120243,-54.48337,0
120.26365,140.32556,0
96.129425,-109.92347,1
17.413437,-44.86048,0
-11.47956,33.22991,0
75.80703,149.67673,0
10.87392,-30.736687,0
-12.192167,-55.009644,0
49.844307,-57.12893,0
92.94375,43.386803,0
82.353226,-36.26283,0
-153.05722,-23.39071,0
-83.82986,98.22911,0
-12.306016,156.27286,0
-113.16766,36.352314,0
-111.60644,-127.34493,0
12.93663,-152.3407,0
70.18109,51.28904,0
116.00371,-11.321471,0
-138.17259,-45.990643,0
-100.57322,92.91234,0
-18.800499,139.58566,0
-112.50968,7.86402,0
-130.9302,-76.99585,0
41.184643,-155.74377,0
107.75544,108.98363,0
141.13086,-37.912235,0
-81.56254,-53.953606,0
-77.98671,53.33126,0
40.827354,109.85048,0
-81.84431,-8.574174,0
-81.86904,-68.081406,0
32.01834,-87.513176,0
82.19866,67.91353,0
101.890335,-42.699966,0
-119.65751,-26.419584,0
-51.73209,106.24433,0
-7.1740336,131.943,0
-86.820526,31.778662,0
-89.24443,-97.42835,0
41.13474,-134.6704,0
94.22243,111.81405,0
158.883,-56.82126,0
-46.517376,-43.62678,0
-22.547462,56.686905,0
27.048792,112.83929,0
-36.911064,-21.211142,0
-25.918339,-114.26342,0
13.592147,-99.92884,0
101.96136,22.491133,0
86.57478,2.517641,0
-172.01555,-1.1419955,0
-107.24768,112.63342,0
-36.603897,164.58437,0
-148.62433,51.60579,0
-124.82695,-93.36637,0
-1.0861325,-180.03905,0
69.29677,78.8332,0
150.39279,-18.874378,0
-53.7484,-61.752007,0
-32.805515,89.68943,0
-8.268436,104.09318,0
-62.517723,3.5244908,0
-59.318142,-116.74786,0
-2.6625366,-129.09135,0
106.52407,132.04921,0
103.804794,-125.74993,1
7.1586647,-56.660038,0
-11.950069,49.632694,0
68.757034,162.64322,0
-3.4824576,-35.82445,0
2.9879174,-59.13246,0
58.82095,-68.77984,0
108.78279,107.676994,0
142.02834,-40.966385,0
-79.22925,-52.697197,0
-75.67328,53.132427,0
38.85801,107.64809,0
-81.79476,-11.220124,0
-81.43415,-65.28693,0
31.374908,-89.071785,0
122.510796,34.950317,0
84.97598,-15.416096,0
-153.5562,4.7696967,0
-90.02679,74.993324,0
-39.367294,141.87918,0
-93.15393,-4.394565,0
-101.257805,-80.03545,0
-9.213304,-153.84518,0
86.26281,45.40927,0
90.310104,6.2707953,0
-174.75185,3.9235198,0
-105.6042,106.8918,0
-38.90678,159.49628,0
-153.16997,46.302704,0
-122.74181,-85.87047,0
-6.360439,-172.85695,0
111.968575,26.379278,0
80.91992,11.634439,0
-165.34457,9.656981,0
-101.84911,85.91041,0
-44.27699,153.8573,0
-156.59834,37.692234,0
-116.0177,-83.16483,0
-9.372796,-166.91563,0
147.72978,18.669651,0
77.31013,-71.96286,0
42.754543,26.58109,0
54.987564,35.0955,0
33.45664,56.6248,0
9.46389,-6.652298,0
7.8245897,-8.677997,0
37.898155,-36.60369,0
105.90311,45.31899,0
80.35716,-25.657057,0
-151.61438,-15.288669,0
-88.475655,96.95102,0
-11.909246,150.21036,0
-118.81952,22.330853,0
-109.24966,-117.10294,0
6.9873238,-157.22711,0
121.09701,106.51973,0
128.48044,-2.5694458,0
-95.93934,-46.99416,0
-88.859406,62.522907,0
39.93605,173.55423,0
-94.55038,-18.09508,0
-97.386185,-68.00568,0
68.421974,-118.1242,0
126.91373,80.94623,0
132.21655,-61.588936,0
-56.60239,-38.58387,0
-46.14757,58.438576,0
27.543331,124.09599,0
-26.830477,-5.4497023,0
-34.34288,-99.69903,0
22.04949,-82.0887,0
93.33728,75.0738,0
105.746895,-27.381613,0
-136.39915,-0.9231702,0
-117.77322,85.37076,0
-24.61488,121.564865,0
-131.43248,7.052379,0
-158.51721,-72.46644,0
63.162464,-159.6413,0
96.36358,76.21583,0
107.80858,-26.697252,0
-137.64337,1.1330991,0
-119.39803,87.91142,0
-29.027384,123.680725,0
-131.08376,8.418373,0
-158.02464,-73.9386,0
62.19266,-160.75664,0
72.22507,85.670364,0
160.41049,-22.397951,0
-57.46258,-62.9937,0
-35.302567,90.596,0
1.3562135,96.96099,0
-59.90427,-6.271543,0
-61.03172,-105.61395,0
-12.440443,-126.517654,0
67.75391,57.492615,0
109.7393,-13.794916,0
-135.3714,-52.61738,0
-108.23078,95.33967,0
-21.298769,134.19267,0
-117.24017,1.5412785,0
-137.83295,-71.67563,0
47.007313,-165.13312,0
154.28394,20.512888,0
78.104706,-83.69651,0
54.43583,25.573498,0
32.887547,23.130283,0
27.776676,54.73073,0
2.1199992,3.5574281,0
5.622992,5.70569,0
42.213665,-34.29234,0
158.3634,40.110783,0
116.00827,-52.20439,0
30.594875,22.587917,0
12.832683,60.969547,0
15.308793,69.86429,0
-12.85237,-11.215383,0
-16.076988,-70.61327,0
31.518698,-76.52115,0
107.506836,49.115765,0
83.09272,-21.556366,0
-140.52881,-18.786032,0
-85.76553,105.41283,0
3.5938544,156.59564,0
-122.94057,24.692202,0
-106.00422,-116.25356,0
34.10092,-168.73547,0
109.33909,40.36566,0
84.55885,-26.443554,0
-151.06638,-12.24617,0
-90.42563,89.64074,0
-33.108555,124.49083,0
-122.72083,27.237755,0
-107.485466,-120.09272,0
4.303739,-150.93442,0
65.376114,58.17969,0
106.07892,-11.905877,0
-138.95178,-56.2509,0
-109.8168,98.35037,0
-26.02719,134.57777,0
-120.63855,3.7309654,0
-142.09564,-74.242516,0
49.04167,-162.56853,0
129.05421,75.16189,0
122.18825,-73.55039,0
-57.07494,-33.399487,0
-51.008892,56.913136,0
32.761356,128.58842,0
-51.36043,17.53896,0
-60.442616,-93.554665,0
29.648327,-102.79833,0
90.53805,58.86136,0
73.09862,-30.085844,0
-136.95663,-27.046473,0
-70.590126,102.8175,0
-12.423236,141.47363,0
-98.450226,29.801609,0
-114.874954,-111.017105,0
35.739002,-150.6947,0
96.160934,69.61357,0
104.97351,-22.563923,0
-142.68106,-1.5437621,0
-114.57855,91.60546,0
-28.218477,129.50667,0
-125.1962,10.328265,0
-151.91461,-76.120094,0
57.67147,-166.74344,0
141.81673,18.117945,0
88.83576,-64.88047,0
56.90731,21.580393,0
48.954037,35.497387,0
38.18192,57.064438,0
-2.6256516,-4.779436,0
0.035958387,-9.570592,0
40.71677,-42.48626,0
169.20093,11.384486,0
79.19975,-87.217804,0
39.72378,13.977063,0
7.380667,33.856064,0
7.470614,34.352547,0
11.843695,16.296263,0
11.806891,14.99132,0
43.8401,-13.041626,0
70.230965,122.70873,0
153.01822,-81.97851,0
-24.197506,-84.92244,0
-5.1126165,78.931656,0
12.4873295,114.75968,0
-19.654097,-6.1992965,0
-23.277382,-90.54644,0
19.709293,-70.9152,0
83.8115,61.27213,0
100.08631,-41.614468,0
-121.65075,-26.789324,0
-52.391838,102.844406,0
-6.936611,130.67848,0
-88.54866,29.65225,0
-96.298775,-101.05792,0
36.80593,-131.145,0
82.05662,102.98946,0
160.39592,-36.08875,0
-37.68608,-56.3356,0
-21.967596,79.89684,0
15.249041,106.04551,0
-46.894043,-9.281665,0
-45.591183,-123.13297,0
3.9462605,-105.87258,0
125.779366,69.184,0
120.90572,-63.968964,0
-65.07508,-36.377617,0
-51.32993,64.46172,0
27.2193,130.70729,0
-67.51221,18.006332,0
-78.401,-122.773186,0
29.599049,-112.603,0
135.85901,65.52681,0
111.83866,-64.99608,0
-73.394424,-34.798176,0
-64.880516,63.366264,0
31.250082,142.38457,0
-65.72415,25.706726,0
-81.61653,-129.67679,0
35.942654,-117.19624,0
89.31217,51.45757,0
76.83617,-41.80682,0
-145.51918,-30.399008,0
-73.00917,97.21427,0
-4.613757,146.23904,0
-105.42219,36.112057,0
-109.6708,-134.3029,0
21.241325,-148.43796,0
82.053154,50.19666,0
72.55686,-46.93626,0
-151.1159,-39.111725,0
-67.958435,112.10926,0
-20.186352,159.72026,0
-99.83399,44.50567,0
-113.4737,-141.12262,0
26.638927,-151.54034,0
83.74003,56.51394,0
66.40593,-34.49734,0
-130.33522,-29.8641,0
-62.23653,105.90006,0
-9.252506,133.8281,0
-94.7141,37.513172,0
-112.928566,-103.47484,0
36.20775,-143.11307,0
82.73185,66.672104,0
121.57276,-49.07805,0
-107.87072,-25.727825,0
-53.869774,80.1834,0
9.153058,130.82898,0
-86.4397,24.609072,0
-83.88111,-103.43704,0
33.768112,-131.08168,0
136.65794,33.178787,0
83.26239,-59.221703,0
-27.353403,18.286882,0
-26.428328,27.906921,0
31.181894,75.502464,0
-28.641737,21.381483,0
-119.67572,-71.74677,0
31.653667,-48.12809,0
155.94237,45.818054,0
110.71068,-45.945488,0
-107.00638,-19.983435,0
55.91987,37.50066,0
5.2860346,66.33603,0
-77.6442,21.716747,0
-84.47602,-97.31391,0
38.8164,-79.59253,0
122.32463,49.957474,0
82.53331,-11.5552025,0
-165.62321,-7.396242,0
-96.483574,111.77398,0
-30.203203,164.44617,0
-136.62064,42.04658,0
-122.367355,-102.04723,0
23.029041,-183.9165,0
145.42073,74.87082,0
111.94933,-85.09343,0
-61.239773,-19.928774,0
-61.215237,50.379375,0
45.216694,133.90953,0
-51.837208,31.987812,0
-65.93254,-79.751076,0
44.389164,-102.40691,0
166.1419,9.913064,0
79.62474,-93.9062,0
38.908424,12.5242195,0
11.460979,30.844505,0
11.800529,33.47146,0
13.678528,17.00359,0
17.408813,13.722393,0
40.223015,-15.560361,0
113.473434,141.41734,0
92.42238,-115.55671,1
18.78346,-51.625835,0
-6.8542895,36.25808,0
79.63621,150.68637,0
5.652046,-27.080925,0
-12.166951,-60.466858,0
54.069805,-54.974567,0
101.77115,39.649113,0
72.462524,-10.091176,0
-169.40367,-14.903557,0
-87.03547,112.61232,0
-21.413385,171.20456,0
-130.76422,41.244854,0
-130.06326,-106.74811,0
24.754812,-176.57161,0
103.89065,53.589672,0
79.81101,-20.570047,0
-138.3112,-21.093533,0
-87.9554,103.97186,0
2.3823414,156.36778,0
-120.23717,17.835997,0
-119.33974,-105.81361,0
58.359314,-156.85588,0
134.1936,56.340942,0
150.72153,-53.35576,0
-52.56597,-48.59988,0
-29.13138,68.73246,0
22.462517,116.00901,0
-42.05041,-12.278173,0
-31.493528,-132.74225,0
18.752136,-104.84903,0
96.67919,49.76274,0
76.06553,-35.366722,0
-141.38507,-31.896856,0
-77.109566,100.63104,0
-9.143315,148.12685,0
-105.82156,30.307335,0
-113.17218,-123.39891,0
19.0145,-151.9161,0
92.10603,102.76846,0
132.11218,-49.855152,0
-56.491962,-44.481907,0
-40.18643,73.1635,0
22.356611,121.11253,0
-45.167686,-17.03519,0
-36.703,-117.78327,0
16.412373,-108.75516,0
75.86792,85.5946,0
152.30511,-21.950539,0
-51.823586,-66.32391,0
-30.722107,93.835556,0
-2.6298428,106.69821,0
-59.20982,1.3767114,0
-56.268604,-113.79474,0
-5.545781,-120.188644,0
122.56952,137.69194,0
102.57993,-111.89426,1
11.171888,-44.48579,0
-14.487373,34.691677,0
74.20599,153.70316,0
8.5992365,-36.774704,0
-7.6521826,-49.57824,0
47.191788,-59.449444,0
107.75093,54.712772,0
80.47433,-10.208208,0
-168.77477,-10.527105,0
-104.13003,120.967804,0
5.4002423,162.2761,0
-132.1975,35.45507,0
-126.182396,-101.519615,0
32.517677,-173.46509,0
80.46548,45.48235,0
69.635544,-48.916256,0
-156.78891,-39.180878,0
-67.96851,114.84034,0
-6.031463,170.33296,0
-121.72982,41.50328,0
-116.676094,-143.59346,0
27.389355,-154.94507,0
120.023865,134.88849,0
99.104546,-112.42571,1
13.596409,-46.170414,0
-13.141371,36.484383,0
74.024,152.11662,0
9.211189,-33.468086,0
-9.615117,-53.16715,0
48.891235,-59.369347,0
112.27384,50.57276,0
71.10382,-22.4669,0
-158.8222,-29.073275,0
-76.71054,85.63477,0
-0.9188792,170.45416,0
-112.51379,42.791164,0
-122.78689,-124.36301,0
9.3931875,-138.19339,0
112.38102,19.100796,0
99.644226,-52.932533,0
-122.918564,-20.616213,0
-57.645863,106.67188,0
-10.233602,126.52903,0
-83.58787,37.90712,0
-97.76617,-92.29892,0
38.31557,-138.20271,0
157.48245,61.254066,0
94.55949,-72.57795,0
-1.8814958,23.353823,0
-5.3673887,21.201447,0
41.865967,80.36933,0
-3.5038543,22.35421,0
0.45003393,23.95444,0
29.607708,-60.773296,0
118.03932,88.2242,0
123.73532,-59.04302,0
-71.405045,-19.943087,0
-53.31748,69.20138,0
23.205751,133.64392,0
-78.79916,1.0338762,0
-43.824562,-98.24885,0
25.88468,-110.86505,0
141.01097,93.76261,0
124.7321,-100.589516,0
-17.588392,-39.90252,0
-33.01969,41.849056,0
50.41162,150.11601,0
-19.115486,-27.0275,0
-42.43968,-86.69875,0
58.764645,-95.44735,0
164.44603,5.352192,0
76.15321,-92.186165,0
45.621685,14.506767,0
19.51689,31.485401,0
19.129948,31.294039,0
23.254082,11.494717,0
22.466291,11.558382,0
40.69901,-19.50567,0
95.65179,46.85004,0
81.14008,-34.956615,0
-151.54025,-25.476337,0
-81.48081,95.75159,0
-9.299762,154.85365,0
-110.465775,29.84498,0
-112.87146,-127.04946,0
15.302176,-152.76743,0
87.34096,37.034992,0
61.19355,-17.847229,0
-170.86496,-29.037891,0
-82.386856,126.172264,0
-16.976336,171.50847,0
-122.92908,51.465958,0
-131.32816,-121.45311,0
15.633074,-168.77634,0
76.76733,51.977276,0
65.7046,-41.10981,0
-142.01468,-37.494194,0
-58.315933,118.91125,0
15.960446,165.00781,0
-104.02412,51.53281,0
-106.28263,-104.491035,0
30.964119,-155.4944,0
78.645515,68.38637,0
98.97896,-44.678993,0
-118.408356,-23.715473,0
-53.22108,105.37999,0
-4.945769,127.93434,0
-83.71468,31.29603,0
-95.10947,-99.398506,0
38.516212,-132.35484,0
118.19647,59.707745,0
90.90974,-22.720377,0
-141.23766,-14.375734,0
-72.88723,80.64749,0
5.40682,151.63892,0
-105.65841,19.33722,0
-97.57644,-117.50971,0
17.120596,-133.78957,0
123.082466,35.53223,0
84.98353,-15.674206,0
-153.75703,5.845471,0
-90.625465,75.30943,0
-38.083775,141.86859,0
-93.20923,-3.9065783,0
-102.18123,-81.0295,0
-9.656465,-154.65028,0
76.613495,57.5699,0
66.44936,0.94678813,0
-184.36003,-18.005276,0
-97.45825,125.720215,0
-29.116945,179.10722,0
-134.04831,60.115406,0
-141.22969,-106.178665,0
17.299988,-185.90227,0
131.54945,98.460945,0
133.1284,-78.995575,0
-85.76941,-37.197212,0
-43.86448,46.781403,0
32.993484,154.41508,0
-84.14358,-24.952366,0
-78.63031,-83.64598,0
50.077484,-109.56819,0
66.89918,86.56808,0
161.10448,-17.34702,0
-61.994556,-62.98435,0
-39.868423,89.16058,0
-2.373246,98.550186,0
-67.96228,-7.0086083,0
-62.122734,-102.47522,0
-11.598188,-132.75569,0
116.92658,64.74185,0
90.20184,-21.818233,0
-140.57867,-15.505594,0
-71.669,83.260506,0
5.039417,157.0657,0
-105.2884,19.491663,0
-96.06414,-117.8168,0
19.437593,-134.21579,0
101.227196,85.47848,0
119.183815,-35.27329,0
-104.44195,-39.920044,0
-53.967556,119.26143,0
19.009026,164.87506,0
-86.830956,3.5423775,0
-105.321945,-64.17372,0
56.60001,-135.46309,0
59.772606,95.09308,0
134.38225,-68.08514,0
-45.861935,-27.70748,0
-46.467342,66.80533,0
32.919937,120.19383,0
-41.833473,16.225527,0
-64.771385,-135.85811,0
20.885612,-93.52656,0
107.93726,91.39599,0
129.36455,-22.636917,0
-116.748604,-50.86752,0
-71.39756,137.64056,0
14.127624,179.90468,0
-102.89718,-0.9596892,0
-118.70058,-60.84074,0
67.45682,-139.78714,0
126.14274,28.186281,0
165.10197,-14.982415,0
-65.0051,-59.29238,0
-43.48261,87.83728,0
-2.2067308,91.470985,0
-65.74802,-11.265672,0
-66.958015,-106.587296,0
-9.963301,-137.3552,0
88.53406,54.78479,0
73.747925,-28.771969,0
-140.38185,-29.927145,0
-74.5062,102.26393,0
-16.992823,145.4386,0
-99.585594,28.343445,0
-115.5686,-113.71028,0
35.40089,-155.45575,0
137.46854,33.264507,0
83.461044,-59.367428,0
-27.652082,18.523888,0
-26.70467,27.766737,0
30.963928,76.201965,0
-28.373564,21.494211,0
-119.18734,-71.25748,0
31.349495,-48.180023,0
157.6613,35.697296,0
114.58699,-52.71431,0
-18.714884,-12.862329,0
32.394867,18.737652,0
19.299274,67.27071,0
-18.093449,-13.296693,0
-24.789995,-87.57944,0
38.0091,-72.48117,0
95.614,76.28155,0
106.50045,-26.966204,0
-137.19179,-0.21353133,0
-118.11401,86.82928,0
-27.049463,125.2265,0
-130.78627,7.47145,0
-157.73975,-72.801796,0
61.556953,-159.95096,0
86.92407,62.062145,0
84.544556,-3.1020362,0
-169.25636,-3.4559064,0
-109.32567,116.697784,0
-38.284325,166.42209,0
-146.64099,56.746376,0
-117.80353,-96.701546,0
-1.9063693,-182.68993,0
132.05298,75.514496,0
118.4133,-77.58962,0
-58.71417,-29.776756,0
-53.707817,55.518597,0
36.30201,129.46617,0
-52.16429,20.775078,0
-61.69082,-90.02475,0
33.562042,-102.583786,0
65.80834,49.391018,0
113.74504,-6.2429905,0
-144.59673,-49.544533,0
-99.84764,98.34355,0
-25.406166,142.86623,0
-118.06885,9.249151,0
-136.90405,-80.176216,0
41.87742,-162.65025,0
114.674545,20.803474,0
80.0354,14.929686,0
-164.34511,13.091841,0
-104.92827,83.31716,0
-48.28632,152.74362,0
-160.4541,36.197906,0
-116.62019,-78.740036,0
-13.002179,-166.57065,0
61.355938,88.66934,0
167.95807,-18.664452,0
-65.45234,-55.615345,0
-44.083473,83.69665,0
9.973855,121.285034,0
-70.47524,-9.308451,0
-72.46072,-105.20212,0
-15.303757,-135.96179,0
96.42054,47.691017,0
78.534035,-34.874786,0
-147.34875,-26.483892,0
-79.819145,99.713745,0
-8.528079,149.53665,0
-107.9529,28.320805,0
-114.80628,-124.93115,0
16.971498,-153.5814,0
80.33963,106.03427,0
161.51472,-46.065113,0
-27.94267,-53.18718,0
-24.237375,71.32119,0
17.95607,99.60922,0
-38.141895,-8.5878725,0
-38.106052,-132.32127,0
-0.14233248,-98.74552,0
102.50693,85.83633,0
119.00257,-34.39166,0
-105.48071,-39.541992,0
-53.269997,119.995316,0
20.200294,164.70816,0
-87.60908,4.088731,0
-106.07845,-63.76287,0
54.92721,-134.40736,0
150.29848,48.501553,0
133.53561,-51.422424,0
-49.891174,-53.164654,0
49.58079,42.988213,0
1.9947008,61.405197,0
-79.91495,17.171389,0
-39.088654,-115.23812,0
40.19972,-85.25518,0
82.71151,71.53212,0
105.42825,-43.398453,0
-115.39874,-28.70293,0
-47.654514,107.04503,0
-2.2057257,130.78548,0
-81.22204,27.848967,0
-88.00955,-92.44233,0
42.549877,-130.25209,0
116.007866,110.88369,0
128.14774,-11.814826,0
-87.21878,-48.436523,0
-77.00495,60.052464,0
36.342175,170.58344,0
-88.47693,-12.049131,0
-87.08035,-68.79,0
62.233,-122.544685,0
105.202515,28.238651,0
88.07507,-3.5461268,0
-165.63724,-1.0888605,0
-95.23971,107.221756,0
-36.872883,156.5897,0
-145.55692,41.021233,0
-116.0837,-92.62233,0
0.5269508,-167.28465,0
120.909,43.385395,0
65.624,-19.350046,0
-168.21594,-27.25584,0
-85.16937,125.50965,0
-7.6035476,164.59395,0
-117.60266,44.683315,0
-128.0849,-121.22238,0
20.046787,-149.32661,0
78.16816,87.60743,0
152.42271,-23.59468,0
-51.42678,-64.6227,0
-29.512434,90.85199,0
-1.2228222,105.08144,0
-58.206444,0.14661554,0
-56.116756,-115.62261,0
-7.2049236,-118.78499,0
148.36644,18.45476,0
77.28314,-71.871254,0
43.28881,26.73157,0
54.610374,35.37538,0
32.365345,56.010036,0
9.214092,-5.798017,0
7.8962426,-7.8590026,0
38.265755,-35.702557,0
115.94909,128.80374,0
103.69907,-116.54945,1
5.835613,-45.57975,0
-16.379843,41.196247,0
68.29118,153.75584,0
5.1606307,-40.921,0
-3.043545,-50.422436,0
50.521294,-66.73618,0
158.68404,59.074623,0
93.29803,-75.048164,0
-0.43586695,18.398708,0
-3.214656,17.898312,0
44.041386,82.21111,0
-1.523525,17.880735,0
0.9923145,18.962502,0
30.450005,-63.353565,0
79.359665,88.64855,0
151.39417,-24.422504,0
-50.146465,-65.44378,0
-27.467588,91.409546,0
-0.24978295,106.25966,0
-57.2266,0.7129026,0
-54.01261,-113.68135,0
-5.2513857,-117.52464,0
155.82402,33.866257,0
112.41058,-54.134705,0
-17.012253,-16.099365,0
38.55666,18.131582,0
21.899855,58.70333,0
-15.85558,-16.019176,0
-21.093603,-64.16279,0
36.090298,-67.17503,0
100.39174,38.786892,0
63.599323,-11.647312,0
-167.98445,-20.402225,0
-82.01521,115.34722,0
-7.87073,181.98888,0
-126.93841,44.491753,0
-126.57765,-114.37774,0
24.273466,-171.60516,0
65.86539,57.92465,0
106.2343,-11.94469,0
-138.97617,-55.942932,0
-109.300514,98.44578,0
-26.398026,135.70888,0
-120.334206,3.5279138,0
-141.94193,-74.15478,0
49.078163,-162.44777,0
99.02231,38.98967,0
67.37386,-12.197848,0
-168.15952,-19.3115,0
-83.39577,112.606636,0
-7.5414104,184.42317,0
-126.948845,43.541286,0
-126.83808,-110.050255,0
24.98775,-172.07057,0
84.411026,72.34969,0
105.67066,-41.053776,0
-116.30758,-29.481527,0
-48.8444,109.98023,0
-2.5020707,133.27786,0
-82.95163,26.4259,0
-87.39618,-90.89939,0
44.53529,-131.43976,0
83.13614,65.645935,0
97.57519,-48.536377,0
-118.53456,-20.275223,0
-54.934338,104.3386,0
-6.2303634,124.55793,0
-81.2313,33.954624,0
-91.64756,-98.72928,0
36.33601,-134.43349,0
84.31594,85.83919,0
143.94867,-25.859577,0
-47.8817,-71.50286,0
-24.781584,97.51819,0
-2.575557,113.85049,0
-53.60771,5.2702193,0
-53.87849,-108.09961,0
1.6235029,-119.25375,0
121.05151,136.21391,0
99.77101,-110.227005,1
14.153672,-43.320522,0
-16.226242,35.92849,0
71.718285,148.81949,0
10.223536,-33.97512,0
-10.159142,-51.198936,0
47.438747,-62.055847,0
127.60728,96.7866,0
132.50562,-82.38016,0
-87.89604,-34.58104,0
-45.247272,47.67754,0
30.056469,154.24773,0
-86.39452,-24.77671,0
-81.36228,-80.64351,0
52.237297,-110.37198,0
84.46066,71.89163,0
105.38849,-41.155758,0
-116.709656,-29.226559,0
-49.209335,109.57483,0
-2.7995079,132.8073,0
-83.04045,26.905533,0
-87.77085,-91.037,0
44.05983,-131.16177,0
101.110054,43.516975,0
79.219345,-27.5422,0
-152.07864,-15.981195,0
-87.924736,98.453354,0
-15.4748745,148.39362,0
-119.33285,23.569052,0
-111.24366,-118.31303,0
8.264962,-155.94907,0
168.74156,12.412988,0
83.16194,-84.398224,0
58.369835,11.889313,0
7.358984,36.007065,0
6.7893624,36.34758,0
7.997365,12.121086,0
9.661963,13.352053,0
44.5604,-14.804126,0
139.54941,19.84501,0
90.23746,-67.38028,0
50.64907,23.517883,0
43.356426,33.87558,0
40.31764,59.656433,0
-6.6836376,-5.0986547,0
-0.5196678,-11.850357,0
40.85829,-45.253864,0
168.78448,12.359242,0
83.01304,-84.971115,0
58.586098,11.890559,0
6.853416,35.637207,0
6.63379,35.945557,0
8.146635,12.472158,0
9.370723,13.916534,0
44.879787,-14.145626,0
126.86858,98.182274,0
133.29436,-84.59084,0
-92.362656,-36.68377,0
-46.74565,47.3812,0
29.115002,158.61293,0
-89.82271,-22.930296,0
-86.365776,-81.51777,0
56.117855,-113.01114,0
110.17433,28.797962,0
89.192795,-3.0194044,0
-165.75473,2.2197678,0
-96.316895,107.46132,0
-36.475876,154.94507,0
-146.70085,40.430603,0
-116.40814,-89.77776,0
0.4728685,-170.7048,0
81.87886,87.63291,0
149.68855,-27.04208,0
-46.897057,-65.22927,0
-25.618408,89.56546,0
3.0692055,106.85519,0
-55.12443,0.8448937,0
-51.977673,-115.52858,0
-3.3544774,-115.8546,0
83.24343,105.655,0
161.6742,-33.279297,0
-42.28322,-54.756767,0
-24.019318,81.12588,0
17.673996,106.91729,0
-45.766247,-10.375322,0
-47.85952,-123.18257,0
5.123137,-103.746315,0
103.403725,68.5329,0
107.543465,-0.5004834,0
-175.74911,13.375151,0
-119.502106,102.30983,0
-47.841644,177.53201,0
-130.99168,24.543732,0
-152.95349,-88.38913,0
49.533115,-175.97595,0
68.975464,67.13193,0
118.50983,-17.759892,0
-127.85738,-51.155815,0
-56.559227,88.38963,0
15.996548,154.75041,0
-108.46234,3.153502,0
-129.58768,-67.9761,0
51.27663,-151.46794,0
126.453125,47.28664,0
93.50314,-44.336117,0
-122.59881,-13.326532,0
-61.957653,89.7708,0
5.529918,136.86612,0
-90.63019,22.048208,0
-89.16766,-104.57224,0
30.627537,-130.17888,0
118.123344,42.380104,0
72.88285,-17.128057,0
-161.83844,-18.104153,0
-80.54528,82.473,0
-0.8236952,175.95879,0
-124.36577,35.30727,0
-122.652664,-116.04243,0
3.2577674,-142.82707,0
115.264046,105.46894,0
136.89578,-5.2448807,0
-85.92251,-48.31314,0
-83.57836,61.89614,0
34.18523,169.18506,0
-87.5416,-13.2141485,0
-87.66015,-67.23158,0
59.41011,-118.9282,0
112.25537,41.805077,0
149.58951,-58.31559,0
-35.9933,-42.05669,0
-71.320465,68.35634,0
24.482286,90.37848,0
-32.94074,2.1263795,0
-45.7399,-140.20395,0
-1.8914067,-86.70873,0
128.93102,61.656174,0
115.3669,-62.256294,0
-71.266716,-34.293873,0
-60.45726,64.46655,0
26.27571,140.81454,0
-66.0879,23.695068,0
-82.028854,-127.89697,0
33.889145,-115.75035,0
128.33319,95.40517,0
134.01924,-82.70792,0
-90.05117,-34.8467,0
-46.38389,45.813156,0
31.16382,156.61966,0
-86.77703,-26.510305,0
-81.73551,-82.49168,0
53.20292,-111.01111,0
96.12145,62.89304,0
105.41005,4.982401,0
-181.77782,14.5648,0
-115.96521,108.667305,0
-43.698086,174.8195,0
-136.96582,24.080963,0
-147.30632,-90.45638,0
42.408215,-176.46956,0
76.71292,75.609825,0
147.62381,-13.850687,0
-68.98398,-63.91218,0
-42.81647,95.707375,0
1.6489589,123.05942,0
-69.47826,0.8115335,0
-67.105,-109.83283,0
-0.2692865,-135.95639,0
143.22777,94.31301,0
122.85142,-102.15413,0
-17.306004,-37.233147,0
-31.237183,43.514317,0
51.959656,147.82274,0
-18.05302,-29.390888,0
-41.73674,-89.41015,0
58.38419,-92.68746,0
97.71437,46.867218,0
79.799126,-33.67945,0
-152.41507,-26.659658,0
-82.60278,97.95547,0
-8.716567,152.27328,0
-110.992,28.33156,0
-112.40982,-126.564445,0
13.865988,-153.10078,0
107.781105,109.86621,0
139.39304,-39.44346,0
-79.39036,-55.020462,0
-79.99969,51.61127,0
40.77271,110.82249,0
-82.13326,-7.9824424,0
-78.851555,-66.40319,0
31.049847,-85.51436,0
128.9888,47.316128,0
96.1731,-43.17749,0
-109.75408,-25.807835,0
-56.64268,78.92072,0
6.8909583,133.4735,0
-88.843185,24.21727,0
-86.27362,-103.77256,0
36.05681,-126.55385,0
93.1243,100.37367,0
135.5169,-49.727764,0
-53.827427,-50.231354,0
-35.999336,74.48244,0
18.14452,116.71085,0
-45.041264,-14.758714,0
-39.412838,-116.934166,0
16.754078,-106.87791,0
64.4423,121.93676,0
146.02599,-75.92603,0
-19.516771,-79.04376,0
-10.362102,65.75524,0
27.675802,123.07011,0
-25.95628,-5.487547,0
-33.816025,-99.34655,0
21.817167,-82.75761,0
59.47029,96.12991,0
134.5444,-67.748344,0
-45.892086,-27.821293,0
-45.75739,67.09289,0
32.087215,120.27597,0
-41.767532,15.889049,0
-65.08652,-136.52393,0
21.17755,-93.010414,0
79.7314,63.389767,0
99.83481,-49.06345,0
-120.30619,-22.31307,0
-55.0441,106.471344,0
-7.2413607,126.975266,0
-83.08801,33.871414,0
-94.311646,-95.65915,0
40.1161,-134.23804,0
69.05688,64.53095,0
119.62446,-14.905795,0
-146.4906,-2.2620199,0
-59.51486,90.282555,0
-32.65506,131.02235,0
-122.28953,13.690283,0
-146.69112,-74.93155,0
53.138683,-154.34955,0
89.62703,60.21867,0
67.908104,-31.45851,0
-128.50223,-26.46108,0
-61.551918,102.97791,0
-10.786648,131.74683,0
-92.80169,34.41281,0
-115.87061,-104.90478,0
39.303047,-143.86363,0
71.505394,52.6071,0
65.4232,0.34083587,0
-183.83485,-19.077127,0
-96.23537,126.918686,0
-28.563105,180.30585,0
-132.74712,60.182903,0
-141.8763,-107.19647,0
15.754751,-184.8068,0
83.364815,50.251114,0
71.812584,-46.254185,0
-150.49936,-40.157852,0
-66.45345,110.71938,0
-20.888008,158.81027,0
-99.15198,43.32201,0
-113.479645,-142.4691,0
27.263487,-151.70042,0
81.11842,32.039085,0
64.1841,-22.155313,0
-166.28333,-30.240635,0
-78.42204,126.36638,0
-11.042795,168.45769,0
-117.3669,47.23997,0
-128.93663,-124.175705,0
13.439431,-164.70113,0
69.855484,46.280045,0
81.424416,3.8627956,0
-181.05406,-4.00494,0
-97.66928,114.11642,0
-29.421047,163.10422,0
-139.11745,44.077423,0
-130.17188,-88.8806,0
8.238505,-173.98131,0
62.253464,104.483154,0
142.20584,-62.220016,0
-38.061066,-32.881203,0
-36.164364,61.869705,0
33.272514,93.61565,0
-36.264305,9.59252,0
-55.677414,-141.17006,0
7.218795,-85.5672,0
107.212166,131.03806,0
104.39003,-125.453316,1
6.706361,-55.984924,0
-12.781458,50.13416,0
67.98427,162.57324,0
-3.18496,-36.480255,0
3.3084474,-58.483032,0
58.473625,-69.648964,0
83.71731,84.64202,0
142.313,-22.363512,0
-49.105877,-74.02898,0
-28.229076,98.77974,0
-4.727456,113.726456,0
-54.7329,9.480342,0
-55.825954,-110.68001,0
2.0751047,-121.30818,0
86.45962,50.039597,0
79.06667,-47.441616,0
-149.75986,-32.958843,0
-67.511894,92.05357,0
-0.8647585,145.0832,0
-102.788704,39.419746,0
-107.61362,-137.75429,0
23.816982,-143.37949,0
58.807037,99.08707,0
136.4319,-65.27067,0
-44.542187,-30.541185,0
-43.564724,68.73997,0
31.386982,116.99295,0
-40.37231,12.995694,0
-62.064117,-138.36668,0
18.130566,-92.39586,0
171.57788,15.388582,0
86.76652,-86.94256,0
47.722336,-0.73580676,0
43.562847,-1.9378494,0
5.767406,45.72681,0
45.878628,-1.635276,0
49.773216,0.40491802,0
44.382423,-9.1549015,0
127.55947,28.143974,0
164.50304,-15.450736,0
-64.53588,-59.78662,0
-42.51964,89.30747,0
-2.0367916,92.27316,0
-66.28929,-10.703121,0
-67.47278,-106.1958,0
-9.758945,-136.67313,0
84.266106,83.80488,0
141.93526,-22.533428,0
-48.7262,-74.3588,0
-27.735691,100.30232,0
-4.8005676,114.209114,0
-55.05715,8.620466,0
-55.640087,-109.66568,0
3.5202744,-122.23733,0
152.96188,20.190472,0
77.82782,-81.935684,0
53.665977,25.462835,0
59.62066,29.531996,0
28.832119,53.45774,0
3.1201856,3.0526426,0
7.051394,4.034988,0
41.580425,-33.27505,0
71.999176,45.858925,0
113.24524,-7.2805495,0
-142.3546,-49.681427,0
-97.95991,98.97567,0
-23.90746,145.13362,0
-116.098785,10.757759,0
-133.52611,-80.78711,0
39.774456,-160.68277,0
155.9083,58.619354,0
96.800125,-74.79808,0
-9.977075,14.727739,0
-7.64899,18.19244,0
41.44041,83.53284,0
-8.907134,16.204052,0
-10.599593,13.15487,0
32.704666,-61.455273,0
96.780655,111.060715,0
153.36101,-54.24883,0
-49.323612,-45.427677,0
-28.32238,64.36784,0
23.735485,115.856964,0
-40.3573,-20.075798,0
-28.629213,-128.12085,0
15.081195,-101.72078,0
105.91484,93.650986,0
128.66008,-21.231577,0
-115.39948,-51.2068,0
-70.31449,139.77007,0
16.067415,180.61113,0
-103.29663,-3.1433237,0
-117.22209,-59.268593,0
67.95239,-138.29883,0
155.51439,10.124481,0
72.882835,-82.172005,0
61.22626,24.479849,0
21.094946,44.97131,0
21.642805,47.07159,0
16.907736,-4.141219,0
13.953084,5.896983,0
43.66363,-25.690838,0
79.547165,80.58096,0
145.91702,-21.675436,0
-49.25677,-67.804955,0
-26.682384,93.43427,0
-1.190731,109.34836,0
-57.370003,5.3964148,0
-58.742737,-111.65101,0
-3.196009,-124.728806,0
161.14827,10.645633,0
75.350334,-84.118385,0
46.716778,12.575424,0
22.017897,38.983837,0
21.65939,39.138596,0
21.347717,4.8912873,0
20.228197,5.391849,0
40.605915,-23.28391,0
153.75594,14.864625,0
71.75402,-76.50904,0
56.21149,11.900105,0
29.037638,48.09767,0
28.331432,48.18241,0
7.4914427,9.010726,0
9.68434,4.529528,0
42.671753,-30.413513,0
63.138477,116.684265,0
149.50647,-73.79412,0
-23.009369,-75.31327,0
-5.7446127,68.802376,0
16.57521,88.121475,0
-24.918097,-1.4249113,0
-26.943487,-100.114624,0
17.651508,-79.629265,0
84.91513,108.95887,0
164.6706,-49.881744,0
-38.44894,-50.171314,0
-20.337746,68.5678,0
21.876772,103.89874,0
-33.8464,-12.864051,0
-30.905666,-121.759384,0
4.0208673,-98.26527,0
142.87404,93.414474,0
122.8313,-100.95956,0
-18.404932,-38.134228,0
-32.080482,43.864452,0
49.896168,147.9542,0
-19.049923,-28.565903,0
-43.380394,-89.089775,0
57.980904,-94.55961,0
88.889824,100.52027,0
131.02373,-44.91135,0
-61.04281,-46.747974,0
-44.824223,76.411835,0
17.284597,125.94112,0
-69.161674,12.262206,0
-80.35177,-117.952286,0
15.144254,-117.15217,0
80.2776,103.26277,0
159.01828,-36.661217,0
-37.419567,-57.69758,0
-16.629866,79.71094,0
14.218739,107.94928,0
-48.421326,-10.107498,0
-42.26965,-123.888176,0
5.520721,-108.080696,0
93.82323,29.550802,0
95.88644,-3.503175,0
-185.53676,-4.9625564,0
-75.431625,133.6896,0
-24.945934,167.56143,0
-155.67857,42.515995,0
-122.18381,-80.97906,0
6.685939,-171.24315,0
115.316734,102.25982,0
141.3218,-44.680298,0
-81.943474,-43.155193,0
-82.84293,52.307808,0
45.349766,137.60054,0
-82.5671,-15.974173,0
-75.09917,-73.623634,0
43.735535,-110.78903,0
105.41828,48.952118,0
78.32098,-25.292343,0
-140.19878,-23.973423,0
-85.59244,102.20805,0
-11.931466,144.77165,0
-116.43934,20.584194,0
-109.88131,-113.88591,0
9.61414,-158.4698,0
80.52189,62.463436,0
102.343254,-49.069267,0
-121.528275,-24.568016,0
-54.315704,108.07722,0
-7.287995,128.5958,0
-84.87241,34.302883,0
-93.031265,-93.38892,0
40.90156,-136.2132,0
127.94422,76.76414,0
123.33217,-74.21959,0
-56.74039,-34.26741,0
-49.07959,56.171104,0
32.084602,126.97458,0
-51.15488,16.432858,0
-58.836987,-94.049965,0
28.246862,-102.669525,0
116.52197,59.696148,0
93.39421,-23.886131,0
-138.99748,-14.454387,0
-68.17365,84.00347,0
5.3022127,149.41023,0
-103.66001,18.114674,0
-96.519035,-115.219246,0
22.725044,-133.2502,0
85.321014,70.15484,0
103.7247,-40.157127,0
-118.61721,-29.391928,0
-51.148438,109.55897,0
-4.9833546,132.76901,0
-84.53993,27.113539,0
-89.81175,-88.87836,0
43.45174,-132.39354,0
95.00135,99.61899,0
151.0317,-50.57777,0
-52.16658,-49.79954,0
-30.505634,68.52949,0
20.231638,115.9861,0
-42.722042,-13.171296,0
-31.278198,-131.23586,0
17.632536,-104.91307,0
95.492065,46.248207,0
80.58721,-34.980816,0
-151.40889,-26.330553,0
-81.63418,96.74346,0
-10.8967905,161.47136,0
-109.91989,29.267372,0
-114.72038,-127.2768,0
15.324083,-154.83829,0
110.10032,78.67088,0
123.46629,-49.232754,0
-70.58719,-46.44631,0
-51.42202,78.99661,0
9.53123,129.29536,0
-75.07043,7.492905,0
-79.13509,-109.15044,0
22.220203,-117.37854,0
118.288895,57.026318,0
91.034966,-23.91755,0
-141.6991,-13.398041,0
-72.55064,81.38514,0
4.3037176,152.08699,0
-106.66918,19.130005,0
-98.96559,-117.89339,0
17.657665,-133.54184,0
64.729675,64.14271,0
117.66671,-14.321611,0
-132.10619,-47.783237,0
-97.291824,94.049515,0
-20.57234,143.94968,0
-110.25669,5.5063057,0
-129.33546,-71.711365,0
45.286198,-155.24294,0
121.01971,40.17708,0
70.15283,-16.936762,0
-160.65117,-21.811384,0
-83.7105,79.55203,0
-2.9119,165.35936,0
-119.69044,36.70324,0
-119.82288,-119.02847,0
7.034517,-146.47653,0
75.00802,68.50708,0
65.87349,-23.895792,0
-126.74916,-30.97683,0
-70.104004,126.40992,0
-10.7136135,166.35796,0
-91.19227,32.65653,0
-126.80285,-124.327866,0
33.38353,-140.50171,0
142.89284,47.345264,0
108.2662,-42.1105,0
-112.22947,-24.983484,0
40.145103,39.5546,0
3.17902,54.377888,0
-85.33651,18.219812,0
-87.66028,-94.319305,0
45.331924,-88.60477,0
78.68343,40.21281,0
57.354477,-26.323359,0
-164.09348,-37.311104,0
-74.24737,120.62646,0
-11.870084,173.53111,0
-114.55439,54.448307,0
-126.05581,-133.159,0
22.903006,-163.0361,0
98.1363,50.271,0
73.29608,-36.515038,0
-138.06514,-33.05588,0
-77.10806,103.69968,0
-7.484055,142.6556,0
-103.5272,28.176086,0
-107.96395,-110.71373,0
27.751858,-142.30984,0
63.255993,80.54504,0
162.96417,-14.057195,0
-66.21332,-62.034386,0
-42.35866,92.069374,0
-5.7987194,95.17381,0
-66.35679,-9.184614,0
-67.864746,-105.14043,0
-8.240754,-135.59941,0
132.02533,74.775375,0
118.90454,-77.619446,0
-58.960453,-30.456291,0
-53.769764,56.11793,0
35.378628,129.03668,0
-52.964466,20.536324,0
-61.958817,-89.83605,0
33.181423,-104.007576,0
59.887787,105.28086,0
141.34576,-58.424297,0
-44.3605,-34.67792,0
-39.891594,58.487972,0
35.525795,98.76857,0
-40.3876,7.5642667,0
-58.179665,-142.8689,0
11.372427,-84.93357,0
92.9015,66.06002,0
102.39083,7.7369475,0
-186.21329,14.840656,0
-116.22406,112.89903,0
-40.345276,171.2465,0
-140.79326,22.430285,0
-143.91907,-92.80753,0
39.21131,-173.15338,0
96.36248,104.17996,0
153.50504,-52.175205,0
-49.684143,-48.13981,0
-27.014013,65.85012,0
21.740435,113.76572,0
-40.59889,-14.9523535,0
-31.073906,-128.13544,0
16.224894,-102.1706,0
73.210106,37.46927,0
62.571407,-25.44921,0
-167.17816,-34.15957,0
-77.07445,124.76019,0
-12.24827,170.22621,0
-114.55218,50.247387,0
-130.65608,-126.75038,0
17.497355,-162.67789,0
85.18142,42.75978,0
74.10927,-49.530384,0
-153.55986,-37.409103,0
-70.84521,112.54557,0
-18.560549,162.20752,0
-102.619,45.896664,0
-115.50995,-138.96626,0
23.646618,-153.75931,0
155.69781,9.87489,0
73.30997,-82.35899,0
61.212357,24.568983,0
21.10564,44.9288,0
21.662275,46.97656,0
16.906439,-4.154238,0
14.017346,5.9973373,0
43.65874,-25.346329,0
107.574554,22.187954,0
92.24472,1.2839389,0
-179.90048,0.89849067,0
-100.73852,103.84145,0
-30.582003,156.44571,0
-151.49608,43.569065,0
-128.01445,-85.14743,0
-3.629302,-170.552,0
85.43813,101.19252,0
135.67714,-45.643612,0
-57.012505,-49.876747,0
-38.41705,76.21554,0
18.079294,119.09694,0
-48.51842,-12.5917425,0
-41.250397,-122.39345,0
11.926105,-111.05694,0
106.804756,52.975796,0
82.646225,-19.507942,0
-141.87943,-20.168535,0
-74.52299,92.92371,0
4.0040336,157.91191,0
-122.29853,38.887455,0
-103.40373,-114.93683,0
19.013357,-141.81358,0
72.04555,121.84401,0
154.25705,-82.1754,0
-24.134949,-85.929115,0
-6.2754703,78.852066,0
12.727728,114.07533,0
-19.019705,-6.9610124,0
-23.504164,-89.05137,0
19.92008,-70.18726,0
115.057045,49.116615,0
88.263824,-29.647417,0
-145.76785,-15.492115,0
-82.90144,87.851845,0
-3.559575,153.02838,0
-111.069855,25.284807,0
-103.57123,-122.3543,0
13.8630295,-143.05183,0
143.80151,96.96399,0
125.78872,-101.953674,0
-17.037922,-40.63611,0
-32.89777,40.45344,0
49.715633,150.2851,0
-16.821909,-26.795378,0
-41.209137,-85.86462,0
60.850216,-95.22853,0
105.43988,49.899696,0
80.38722,-23.687475,0
-140.16304,-22.401026,0
-92.175606,98.58667,0
-4.4380417,150.28815,0
-117.4007,19.657715,0
-107.3271,-115.32541,0
37.115936,-167.50508,0
83.5478,43.944523,0
73.510956,-50.05204,0
-154.11205,-38.08372,0
-70.6715,113.49403,0
-18.375902,162.15204,0
-101.94547,47.09925,0
-116.181,-139.10641,0
23.130333,-154.37811,0
104.75025,134.693,0
100.13898,-125.875145,1
9.885906,-59.783134,0
-7.8227887,47.030434,0
73.14861,163.48997,0
-4.188007,-32.25778,0
2.2747586,-62.884583,0
59.808014,-64.78592,0
59.14485,97.31721,0
135.47693,-66.56879,0
-45.203075,-29.276226,0
-44.367825,68.93529,0
32.663223,118.84237,0
-41.1973,14.537434,0
-63.552715,-137.35747,0
20.076525,-92.66384,0
103.204445,39.67621,0
73.2428,-10.157352,0
-164.29031,-12.582229,0
-92.35602,110.682205,0
5.574514,167.05586,0
-129.8903,37.59537,0
-126.54403,-104.347855,0
31.096453,-176.95857,0
155.58218,42.963802,0
117.72413,-50.77432,0
53.957474,37.04169,0
8.96276,62.294827,0
11.764138,71.89227,0
-8.991705,-71.67756,0
-14.00754,-76.16679,0
31.305689,-75.030464,0
82.029755,88.54503,0
149.41493,-26.998993,0
-47.46298,-66.33264,0
-25.374428,89.60219,0
2.45983,107.3381,0
-55.213463,1.5286329,0
-51.896713,-115.25072,0
-2.7877028,-116.67378,0
111.42109,70.82012,0
169.09229,-18.59698,0
-63.790222,-54.62423,0
-43.278046,83.085014,0
11.283961,121.853615,0
-71.79572,-10.029688,0
-73.72607,-105.26641,0
-15.636355,-133.99216,0
90.19763,36.2401,0
65.11762,-21.268965,0
-165.7497,-29.804161,0
-78.09075,127.55637,0
-9.808571,166.22708,0
-116.788025,45.98222,0
-127.718414,-123.12933,0
12.807966,-164.87299,0
76.64075,60.217304,0
99.72604,-45.76551,0
-117.52058,-23.120344,0
-52.692608,105.22338,0
-4.0399413,127.07489,0
-82.74695,31.110922,0
-94.29878,-97.81289,0
39.883293,-132.89961,0
124.56776,92.99325,0
128.36621,-81.504715,0
-83.648636,-32.943626,0
-43.65206,50.086624,0
35.63343,152.71324,0
-81.83589,-22.279322,0
-76.53715,-79.594055,0
47.79471,-111.73763,0
157.60631,10.908555,0
72.36512,-82.84345,0
49.974342,13.7765045,0
22.72813,43.3839,0
23.04315,43.284237,0
15.389587,6.903943,0
16.208408,4.4422865,0
42.20215,-26.028242,0
66.3587,64.326065,0
117.522766,-16.342186,0
-129.65862,-50.464836,0
-58.037693,89.84705,0
16.675505,155.61746,0
-109.78059,4.1943192,0
-128.84627,-70.36673,0
49.679523,-151.91982,0
69.72433,114.66352,0
155.58917,-74.29804,0
-26.149168,-75.063675,0
-10.422883,69.896866,0
15.694094,87.6039,0
-23.33673,1.7039471,0
-29.037453,-98.82721,0
20.633413,-77.62249,0
101.05523,54.092075,0
71.80589,-36.10805,0
-137.51018,-32.21562,0
-77.4253,104.58334,0
-0.737272,159.7249,0
-102.962326,27.751427,0
-109.81491,-109.39531,0
26.706276,-141.56325,0
118.093796,76.69641,0
137.67789,-65.42198,0
-43.18861,-30.596537,0
-46.66498,69.68723,0
31.81621,121.87943,0
-38.78234,13.466476,0
-61.024723,-136.46928,0
18.968788,-94.84831,0
104.07991,51.058304,0
79.89806,-21.29412,0
-138.4889,-22.278692,0
-85.954605,103.69123,0
-12.589668,143.5829,0
-119.60068,19.163303,0
-110.378426,-111.8941,0
33.934296,-166.05376,0
85.089355,101.73817,0
134.3759,-45.210762,0
-58.38047,-48.908287,0
-39.684647,77.651505,0
17.335787,121.46972,0
-49.273888,-13.649057,0
-40.312397,-121.592804,0
13.40884,-113.18381,0
140.64674,41.168194,0
94.3037,-60.12571,0
35.387463,36.534252,0
-33.6286,30.131277,0
37.99156,70.33733,0
-12.797952,5.365755,0
-0.64478284,-18.334295,0
36.66379,-51.930473,0
82.57241,98.432274,0
157.09361,-38.508396,0
-35.833176,-60.00467,0
-18.325264,80.61163,0
12.7660885,105.96655,0
-47.11615,-6.7148223,0
-44.272884,-124.040726,0
2.3281512,-107.13446,0
63.061333,89.42324,0
168.32903,-18.135363,0
-64.0634,-55.5957,0
-42.301407,83.90103,0
11.349705,120.90497,0
-70.57278,-10.585976,0
-72.79782,-105.952126,0
-14.951343,-134.76776,0
87.426254,43.42181,0
61.75768,-39.495884,0
-144.53377,-38.48478,0
-66.1012,119.56613,0
-14.017461,162.04439,0
-106.76162,51.460983,0
-124.11537,-136.59912,0
27.774101,-158.28629,0
144.22066,22.295128,0
80.275,-69.25166,0
44.850628,30.59047,0
35.397987,30.380976,0
35.51294,62.282734,0
-6.9760447,1.0076997,0
6.002916,-11.520049,0
35.798084,-40.560493,0
88.87494,38.075375,0
63.919094,-18.185066,0
-168.97563,-27.51393,0
-85.01944,126.47417,0
-17.792088,171.21362,0
-121.622574,50.87521,0
-130.13264,-121.02121,0
13.49749,-167.82199,0
71.34018,100.554504,0
162.81375,-21.651106,0
-59.148502,-60.429245,0
-37.681164,85.48177,0
1.2757465,95.18517,0
-61.882866,-8.728049,0
-63.45268,-101.987236,0
-12.735443,-128.52599,0
123.18135,57.244904,0
78.060234,-38.84108,0
-142.84503,-18.943228,0
-72.923615,92.71444,0
-1.551997,148.36516,0
-105.27411,33.230495,0
-104.32467,-131.58006,0
18.501411,-143.13182,0
60.48987,94.3038,0
133.43582,-69.801895,0
-45.810997,-25.881237,0
-45.92232,65.358986,0
35.02029,121.467896,0
-42.507626,18.377836,0
-66.51066,-133.94753,0
23.093504,-92.68799,0
154.12645,20.336586,0
78.01892,-83.653496,0
54.24899,25.60703,0
32.62158,23.154806,0
27.738073,54.849552,0
2.3947268,3.3478246,0
5.903967,5.5588136,0
42.01361,-34.24193,0
141.67546,95.36493,0
125.374084,-101.70761,0
-16.088802,-39.99566,0
-31.320606,40.56489,0
51.512577,150.7909,0
-17.48401,-27.148676,0
-40.873917,-85.93723,0
60.108856,-95.49231,0
162.45792,37.72531,0
102.524345,-45.820797,0
-111.33404,-19.469324,0
28.99541,22.963243,0
18.429173,71.9389,0
-77.35582,27.366537,0
-91.004295,-96.43402,0
42.809483,-75.39805,0
119.737625,37.034035,0
87.7333,-12.382852,0
-156.83902,-1.9546298,0
-87.47736,79.99183,0
-31.182135,150.66948,0
-143.01324,33.532063,0
-106.19108,-89.4449,0
-1.5905769,-155.65808,0
83.8505,49.88506,0
71.47338,-46.239044,0
-150.3595,-40.78454,0
-65.80205,110.78496,0
-22.15147,157.89899,0
-98.38847,43.2037,0
-113.45896,-142.6625,0
28.61165,-151.61667,0
76.39874,103.542534,0
162.43353,-40.05796,0
-33.439198,-54.80258,0
-26.873915,77.76745,0
15.131576,94.261925,0
-38.51444,-3.0915554,0
-43.381912,-129.44946,0
-6.192749,-98.60082,0
93.45614,22.861233,0
79.9741,-3.1346076,0
-173.22508,-7.0918956,0
-105.421936,117.508606,0
-34.643295,167.11516,0
-143.74785,51.853966,0
-128.21019,-98.90712,0
6.0568895,-181.41576,0
144.99252,31.81141,0
82.64668,-70.30613,0
22.080376,-30.396406,0
24.644648,-29.604025,0
28.824657,70.85178,0
23.285889,-30.06689,0
20.19234,-30.550045,0
31.465433,-40.108162,0
152.92245,19.977823,0
76.89499,-75.33154,0
58.369617,12.970144,0
58.705982,31.64309,0
29.329699,53.736866,0
6.0781927,9.463161,0
8.122242,5.0525475,0
40.398403,-33.3376,0
72.253,57.636017,0
109.7177,-16.081516,0
-133.77895,-54.009426,0
-73.287766,104.91461,0
-19.218927,132.84824,0
-116.29379,-0.549377,0
-137.57256,-70.102104,0
40.21294,-151.71677,0
94.15851,28.601631,0
73.19268,-2.36689,0
-179.4648,-13.751229,0
-87.42251,119.79563,0
-24.345293,169.31625,0
-135.69623,50.224586,0
-136.13179,-100.32902,0
11.033474,-177.43362,0
133.26822,77.65118,0
115.55482,-76.968895,0
-59.72094,-28.485638,0
-55.3939,54.029022,0
38.748554,129.07414,0
-53.41094,22.368162,0
-61.57748,-87.25812,0
36.995323,-103.60282,0
112.62251,131.6701,0
104.18673,-120.92977,1
5.659009,-50.667896,0
-14.312811,45.89739,0
68.72732,158.77007,0
0.9176891,-38.734707,0
0.24967273,-53.52464,0
55.033287,-68.46506,0
112.464226,129.54427,0
103.940575,-119.50984,1
5.1084857,-49.03335,0
-15.313868,44.182785,0
68.42041,157.36357,0
2.5173585,-39.53235,0
1.4460536,-52.23024,0
53.21868,-68.29964,0
64.78619,57.739445,0
105.542336,-12.764067,0
-139.81696,-55.697247,0
-111.035904,99.49961,0
-27.651505,136.27837,0
-120.7987,4.600811,0
-142.4765,-73.40756,0
49.883205,-163.63863,0
86.24079,88.21585,0
143.13976,-30.765892,0
-42.98901,-71.85199,0
-20.761948,93.922325,0
1.5650237,113.78588,0
-49.525753,5.1884727,0
-50.68554,-105.59061,0
2.6454704,-117.46509,0
69.4573,121.24943,0
152.34047,-80.482155,0
-22.916485,-83.132545,0
-4.574428,76.260826,0
13.970842,81.82546,0
-19.824526,-4.3973737,0
-22.093904,-91.49471,0
16.626944,-71.55382,0
65.0278,120.921165,0
147.05185,-75.87606,0
-19.827145,-78.13757,0
-7.9197903,65.79813,0
20.372988,84.80958,0
-24.584799,-4.9537044,0
-26.481293,-102.570244,0
19.576807,-81.89345,0
95.727135,49.092667,0
75.279785,-36.182724,0
-139.69383,-33.3894,0
-76.89559,102.52198,0
-8.182434,148.3518,0
-105.32835,29.347734,0
-107.36061,-109.09703,0
27.919123,-144.17361,0
157.94728,43.841007,0
111.53254,-50.18589,0
55.98723,36.255154,0
9.977188,64.33811,0
11.400986,69.94393,0
-8.526364,-72.8437,0
-12.499712,-75.37116,0
33.640495,-72.776726,0
113.493065,56.347652,0
87.64134,-19.822735,0
-136.60236,-16.80737,0
-72.51358,86.342834,0
8.1204195,158.33891,0
-103.228745,22.67717,0
-95.35703,-120.52131,0
19.934002,-139.49591,0
114.86537,36.723904,0
165.36578,-23.112072,0
-59.815205,-56.065903,0
-91.17606,74.60814,0
1.0819664,90.94694,0
-63.610046,-13.252827,0
-63.960438,-99.37563,0
-6.9759436,-141.31744,0
116.64304,106.57047,0
136.71129,-3.9683554,0
-85.00424,-51.191185,0
-83.53572,60.70764,0
38.53453,175.67628,0
-87.03864,-11.517633,0
-85.66211,-67.345825,0
63.025536,-121.08986,0
79.95086,76.84881,0
158.72487,-24.650278,0
-56.68424,-64.322105,0
-36.27386,80.58277,0
30.143673,79.10403,0
-58.31542,-5.341323,0
-54.596535,-101.58579,0
-11.503162,-118.316574,0
83.98019,37.41223,0
58.631657,-15.334155,0
-173.34305,-27.733286,0
-84.17726,124.73023,0
-18.87103,177.49025,0
-121.67331,52.458748,0
-133.69765,-121.612175,0
14.899583,-169.69092,0
61.918022,88.59517,0
167.33087,-17.945063,0
-64.10295,-56.352863,0
-42.38757,84.40982,0
11.315931,119.94767,0
-69.16492,-10.220728,0
-71.349945,-105.68259,0
-13.660098,-134.48926,0
115.014206,75.3132,0
132.02728,-32.39962,0
-67.01711,-51.05783,0
-46.991753,80.19557,0
6.916784,124.139145,0
-73.95355,-4.7041717,0
-77.5464,-103.72181,0
24.65893,-121.31493,0
118.16878,141.16783,0
96.72577,-114.02038,1
15.418066,-47.950302,0
-12.617421,39.896015,0
73.28823,149.4737,0
6.821969,-31.214207,0
-8.265044,-55.660473,0
49.733448,-62.012215,0
89.755615,38.679638,0
65.334236,-19.058968,0
-167.12057,-27.639446,0
-71.66354,93.479095,0
-8.749551,164.18285,0
-118.27439,43.858566,0
-126.92597,-120.687965,0
10.604385,-166.45847,0
61.867985,104.39666,0
141.8369,-62.596985,0
-38.48434,-33.01487,0
-35.788197,62.221924,0
32.701435,94.35137,0
-36.7497,10.279236,0
-55.92119,-140.99661,0
7.220812,-85.78856,0
95.93086,105.11353,0
153.72142,-51.90211,0
-49.625896,-48.31868,0
-26.99332,65.87127,0
21.875668,113.706696,0
-40.90674,-15.121461,0
-31.31025,-127.97821,0
15.925984,-103.15495,0
146.33353,18.873964,0
87.30401,-65.92437,0
58.35706,20.962393,0
52.914364,35.51237,0
33.88478,57.16488,0
-2.2205205,-2.3773658,0
2.2181077,-9.325082,0
38.49217,-38.6524,0
90.011055,110.177284,0
161.30772,-53.485966,0
-43.440434,-47.614464,0
-18.74735,60.013626,0
25.2969,107.0881,0
-35.378952,-17.33792,0
-30.446665,-116.960266,0
9.46714,-98.78244,0
140.63156,33.795994,0
83.64101,-63.743896,0
-24.357697,19.836172,0
-25.479675,25.148405,0
31.191013,72.7717,0
-24.945946,21.906763,0
-23.729086,15.683795,0
33.358063,-45.226223,0
88.30832,111.60307,0
160.31897,-48.945305,0
-42.852165,-50.87992,0
-21.456606,72.89264,0
20.844315,109.88949,0
-37.09018,-14.302122,0
-31.02971,-117.82848,0
0.83753353,-99.67725,0
146.06812,50.95973,0
153.34135,-49.862324,0
-50.063183,-50.620853,0
43.762054,42.440296,0
3.080727,58.168995,0
-42.838215,-15.6453285,0
-34.321716,-128.09013,0
39.759468,-87.96541,0
113.13171,28.800047,0
129.77373,3.5679417,0
-89.943924,-41.954247,0
-86.76377,68.547676,0
30.639421,169.6139,0
-93.70206,-5.7333136,0
-99.64024,-77.99909,0
60.727123,-114.039276,0
73.00314,113.312645,0
154.13844,-69.81005,0
-30.381752,-74.55116,0
-14.26243,73.9208,0
11.541578,97.0981,0
-26.16166,3.4677448,0
-37.466496,-125.655594,0
14.305594,-80.39331,0
115.829384,112.36852,0
129.82751,-13.628582,0
-101.97093,-50.05255,0
-76.200905,61.657196,0
25.941477,165.59431,0
-88.46564,-3.968202,0
-102.42372,-59.418728,0
58.48429,-129.78377,0
97.99942,109.55562,0
160.58548,-46.576637,0
-26.576172,-54.109005,0
-25.39712,70.76142,0
17.81454,100.31435,0
-37.71151,-9.348802,0
-36.94398,-132.77393,0
-0.6799104,-98.09426,0
109.4266,41.32109,0
88.27914,-38.017147,0
-155.57092,-21.836876,0
-64.70887,119.77753,0
-14.498982,157.26645,0
-117.02121,35.528282,0
-99.47445,-130.57701,0
-1.855214,-141.18605,0
107.699394,133.5725,0
102.27036,-126.29061,1
9.379536,-57.529583,0
-9.520923,48.83963,0
70.59711,163.37888,0
-2.8817325,-33.912815,0
1.6107498,-60.86068,0
59.738956,-67.50842,0
110.543465,27.420132,0
80.213486,-6.149723,0
-177.68636,-9.249845,0
-99.84816,119.2208,0
-28.12922,171.01015,0
-142.71179,44.80829,0
-120.166794,-95.97005,0
6.782844,-172.69034,0
121.97586,110.31123,0
132.22197,-1.7246281,0
-91.401245,-47.82588,0
-86.69058,64.43266,0
35.8094,171.40465,0
-91.0841,-14.293381,0
-92.66651,-69.55035,0
59.788654,-118.162605,0
99.61499,71.49509,0
104.20648,-26.353762,0
-136.19289,-2.7742143,0
-114.43168,85.07904,0
-23.915333,126.21511,0
-128.91612,14.29942,0
-152.76584,-73.31654,0
63.023945,-165.59598,0
102.217415,61.49568,0
102.95149,0.6869761,0
-178.31679,17.230688,0
-120.20136,109.591286,0
-47.539265,173.9187,0
-134.19197,21.047226,0
-150.06857,-93.51319,0
43.758465,-172.57826,0
108.32153,49.078995,0
85.00974,-24.094765,0
-149.12956,-11.218599,0
-88.39747,88.59594,0
2.2009501,155.01938,0
-123.93971,25.96295,0
-105.8092,-117.30078,0
3.0002987,-149.98634,0
84.7726,36.64109,0
59.276577,-16.490635,0
-173.69615,-29.533419,0
-85.441055,121.20223,0
-16.16999,173.63142,0
-124.913635,54.1518,0
-136.8078,-118.86962,0
16.701387,-170.7467,0
78.00254,44.66872,0
71.173004,-23.36805,0
-158.83694,-29.663399,0
-76.00972,87.24658,0
-2.380795,170.02086,0
-111.77013,43.338226,0
-121.82651,-126.49533,0
8.37708,-137.79361,0
69.56271,68.17317,0
118.236664,-18.91632,0
-127.21396,-49.5508,0
-57.856487,87.42579,0
15.724189,153.5734,0
-107.12237,3.9290729,0
-128.62674,-66.85871,0
51.433384,-150.62239,0
84.71391,52.10299,0
82.119064,-47.814537,0
-130.29913,-20.90523,0
-65.02625,92.81081,0
1.3323694,140.01996,0
-101.424034,40.288692,0
-107.002365,-140.67497,0
24.806211,-143.32347,0
122.72286,136.57433,0
102.42979,-111.71486,1
11.551363,-44.328167,0
-14.271786,35.258984,0
74.01307,153.49406,0
8.845574,-36.530087,0
-7.684041,-50.505516,0
46.660892,-59.737347,0
71.19139,111.725525,0
155.55058,-67.26056,0
-32.98213,-77.36422,0
-15.424587,70.20093,0
35.056953,103.999565,0
-75.90186,-12.121107,0
-31.481197,-92.44273,0
25.111946,-86.03024,0
74.11702,40.416687,0
61.603935,-28.420036,0
-161.2491,-34.273087,0
-76.09771,117.331474,0
-7.3084226,176.6412,0
-110.018845,50.670998,0
-126.67371,-130.57509,0
19.720972,-158.71486,0
89.84014,97.78638,0
154.02812,-42.024338,0
-34.15981,-63.14166,0
-18.948315,91.33121,0
6.3995466,112.68435,0
-45.51398,-1.9724088,0
-41.540493,-112.90668,0
0.9310915,-105.35135,0
121.929245,47.281845,0
96.5548,-18.032417,0
-131.30095,-40.27107,0
-76.4722,73.78964,0
12.630962,152.98122,0
-106.737175,8.781419,0
-100.11493,-103.63482,0
9.331075,-133.906,0
77.923256,68.1034,0
98.798904,-43.39555,0
-117.275345,-25.153654,0
-50.532555,103.77168,0
-1.0133768,128.5731,0
-86.770134,29.347322,0
-94.67411,-100.90945,0
38.841507,-130.39807,0
126.55861,67.714294,0
124.26688,-44.221764,0
-72.96794,-45.173115,0
-56.87209,77.32906,0
14.515979,134.45271,0
-75.88993,11.647122,0
-83.52627,-112.071556,0
21.422827,-121.34867,0
67.557396,44.475716,0
116.22001,-6.905095,0
-143.34438,-47.317814,0
-96.8445,97.11109,0
-22.53546,144.20914,0
-115.11299,10.628089,0
-132.49638,-80.413704,0
40.012978,-159.69762,0
59.26324,95.607666,0
133.79863,-67.722084,0
-46.573925,-28.03525,0
-46.535908,67.174355,0
32.728245,121.00445,0
-42.820988,15.761273,0
-65.83075,-136.23247,0
22.0624,-94.31223,0
90.63652,102.21206,0
131.61426,-48.553265,0
-57.739544,-45.16894,0
-42.523872,74.292496,0
20.683298,123.22581,0
-46.30229,-16.888466,0
-37.102238,-118.39708,0
16.242014,-110.41866,0
81.8775,63.346786,0
103.87693,-36.59429,0
-125.43518,-22.080648,0
-58.49619,103.399376,0
-9.273351,124.06158,0
-86.12911,37.428413,0
-95.45074,-89.704544,0
41.015907,-139.18211,0
85.478775,67.587654,0
103.79764,-36.54147,0
-125.84969,-22.312626,0
-58.7116,102.629,0
-45.369087,167.71129,0
-86.05715,37.08171,0
-95.32108,-89.25297,0
41.75053,-144.7567,0
105.90035,91.76966,0
127.36438,-19.146158,0
-112.53419,-49.871895,0
-67.04759,138.74136,0
18.943348,178.7789,0
-102.13421,-1.6966012,0
-117.79911,-61.51871,0
66.46576,-136.08025,0
77.67303,119.72631,0
149.69888,-39.69054,0
-35.44924,-69.57997,0
-12.191101,81.63482,0
12.881477,111.44235,0
-53.121117,-10.09912,0
-40.853355,-106.58989,0
7.7473907,-111.29154,0
81.32666,24.544928,0
70.42142,-0.08118994,0
-177.06244,-11.462651,0
-99.6184,124.127655,0
-31.634146,176.29305,0
-136.86922,56.490814,0
-137.08028,-106.465385,0
18.89361,-184.35127,0
143.1348,22.233889,0
81.45371,-67.158646,0
44.18102,30.808279,0
34.418346,32.280647,0
37.15038,62.915485,0
-8.000594,1.8742241,0
4.7664986,-13.187317,0
36.226788,-42.589638,0
124.834915,97.87876,0
130.90524,-83.82976,0
-89.18609,-32.386406,0
-48.612377,46.177563,0
34.828373,155.85915,0
-86.81398,-23.155546,0
-81.778336,-79.57516,0
50.720963,-113.56146,0
88.804436,39.236004,0
77.52538,-31.661764,0
-152.90092,-18.242054,0
-85.67722,94.51337,0
-13.862365,151.92099,0
-115.00262,36.213295,0
-112.11113,-122.33811,0
9.004862,-150.85236,0
141.80792,74.5145,0
110.98858,-81.0291,0
-57.764534,-22.271868,0
-60.59371,46.76204,0
46.2971,129.09424,0
-50.604954,28.27092,0
-62.17869,-81.902664,0
41.448418,-99.16435,0
146.44798,21.013908,0
80.60399,-72.488434,0
48.26543,27.505276,0
36.441944,31.561592,0
34.536926,60.764324,0
-4.8551106,-0.65849394,0
6.6925764,-8.555774,0
36.462505,-37.31462,0
124.32186,110.38632,0
132.64449,1.3887082,0
-90.44388,-45.530067,0
-84.52296,65.746475,0
33.380016,171.82861,0
-93.80306,-8.468706,0
-93.73183,-72.80712,0
63.329918,-114.79183,0
104.08862,93.36463,0
126.632835,-20.97118,0
-114.64359,-48.955894,0
-69.22109,137.57938,0
16.57655,178.05641,0
-100.763214,-2.623245,0
-115.873436,-59.70518,0
65.737206,-137.57115,0
137.05467,97.448105,0
127.43475,-94.021835,0
-24.994368,-34.843395,0
-40.223312,40.109215,0
42.85856,151.6707,0
-24.311989,-31.178167,0
-46.97395,-81.463394,0
57.79809,-102.72139,0
138.6483,78.110725,0
115.261604,-81.03212,0
-61.071686,-25.345774,0
-56.525105,49.42328,0
42.814224,126.65436,0
-54.49331,26.370192,0
-65.80911,-85.29404,0
38.655094,-104.068275,0
65.58756,56.623325,0
107.561195,-13.052089,0
-137.37115,-55.14553,0
-107.24946,97.94713,0
-24.34546,135.41429,0
-119.20572,1.8321743,0
-140.37447,-72.755104,0
47.316578,-160.61044,0
86.945076,37.94933,0
81.525276,-40.917248,0
-149.5278,-27.810863,0
-73.44057,109.066986,0
-9.825545,158.88892,0
-108.227394,35.854897,0
-110.80266,-132.1949,0
19.236845,-150.27408,0
94.45731,52.104057,0
76.64199,-41.368755,0
-145.2507,-29.942818,0
-73.64272,94.54145,0
-3.3557901,145.11273,0
-105.599434,35.354107,0
-106.23935,-132.7728,0
17.635359,-146.8494,0
90.020164,32.796318,0
71.62066,-1.7628686,0
-181.31642,-14.935289,0
-94.76389,120.42117,0
-31.263126,173.31274,0
-135.3586,51.748936,0
-137.21071,-100.60238,0
10.3922615,-176.12494,0
66.77714,118.66143,0
151.7578,-76.83171,0
-24.357382,-79.73587,0
-6.745406,72.57456,0
14.470856,84.1748,0
-21.03439,-1.5018384,0
-23.69272,-98.24839,0
17.192265,-74.87871,0
77.618546,108.64973,0
164.60417,-44.873577,0
-28.470268,-51.85176,0
-27.04736,72.01033,0
19.44637,98.70619,0
-35.57015,-7.623076,0
-40.31915,-133.8489,0
-1.7648598,-96.66571,0
135.17085,68.58315,0
114.5096,-68.977585,0
-69.669815,-29.030289,0
-59.87108,60.424873,0
35.53992,136.76431,0
-62.153244,22.316776,0
-77.0007,-130.31023,0
37.64926,-111.56976,0
76.30403,81.84175,0
143.20154,-20.175695,0
-51.620663,-74.310844,0
-26.390507,99.6074,0
-6.8945336,112.96684,0
-57.214207,8.851505,0
-57.849865,-109.01153,0
2.1326008,-123.94041,0
113.91091,44.352577,0
86.93017,-40.94052,0
-147.51051,-19.898836,0
-79.566925,76.16807,0
-3.474426,157.9802,0
-110.676636,31.691818,0
-104.578476,-128.2092,0
11.192963,-145.18411,0
81.35696,60.631496,0
101.96765,-50.492256,0
-123.11423,-25.047964,0
-56.835636,108.54717,0
-8.1731,129.36513,0
-84.460625,35.652897,0
-94.250694,-92.991394,0
41.01914,-137.85738,0
138.67392,89.82374,0
122.44254,-96.46327,0
-22.378008,-40.96563,0
-35.338745,45.06294,0
46.947693,146.90807,0
-23.288708,-26.182077,0
-46.517048,-86.098564,0
54.98931,-96.13705,0
101.03482,67.981476,0
109.93046,1.3696148,0
-177.59416,11.142861,0
-117.88655,101.94386,0
-45.788155,179.49727,0
-131.87941,26.906202,0
-151.9702,-86.811844,0
48.044315,-178.50508,0
157.2486,10.759103,0
73.08522,-82.91601,0
50.93711,14.301524,0
22.408045,43.779877,0
22.369404,45.347065,0
14.886583,7.280887,0
15.684795,4.963605,0
42.51679,-25.42826,0
129.8371,48.918407,0
88.99619,-11.916102,0
-156.58604,-4.781528,0
-85.26126,77.562294,0
-28.841354,151.99901,0
-93.146164,18.395988,0
-104.2849,-91.081474,0
-2.9626954,-151.88503,0
102.19627,41.993916,0
78.36619,-28.520533,0
-142.74818,-25.85255,0
-82.3197,101.939766,0
-11.97632,147.04172,0
-118.089645,24.04243,0
-112.966354,-117.33077,0
9.525677,-155.74307,0
132.29457,63.459835,0
112.425674,-63.64818,0
-72.82831,-36.032547,0
-64.42456,64.38162,0
29.43326,140.2486,0
-67.29436,25.526207,0
-84.78834,-128.63254,0
34.63131,-116.77811,0
94.8379,71.5178,0
106.26752,-21.73803,0
-141.32124,-2.225099,0
-116.44893,92.11194,0
-30.39023,128.75873,0
-126.41301,9.58963,0
-151.90518,-78.70638,0
58.286495,-164.7476,0
62.956924,87.29888,0
163.05823,-19.566317,0
-60.302116,-60.82862,0
-38.962025,88.92791,0
-2.5897007,96.175446,0
-65.34865,-7.77214,0
-65.263084,-102.29487,0
-12.99967,-133.41824,0
104.025536,24.96544,0
88.66301,2.09696,0
-177.40924,-0.78562033,0
-102.161156,111.08577,0
-32.616524,160.88266,0
-148.12979,46.395233,0
-127.62148,-89.87074,0
0.24538067,-174.20073,0
115.50277,59.687172,0
94.760216,-22.625608,0
-130.68721,-15.313783,0
-67.85924,99.882286,0
6.3632193,145.79663,0
-102.842354,16.87058,0
-94.923004,-113.47988,0
26.444357,-133.28607,0
80.84801,47.04859,0
70.522255,-47.465897,0
-149.05888,-38.86453,0
-69.30196,116.16963,0
-19.947744,157.88551,0
-98.075485,44.56284,0
-115.01508,-142.31326,0
26.782831,-150.69125,0
69.49957,76.49027,0
150.55745,-13.736159,0
-68.63489,-61.720547,0
-45.931683,97.09175,0
-12.003913,105.571594,0
-67.357925,3.6590877,0
-66.643715,-113.742455,0
-1.1338542,-132.7294,0
82.25494,107.033554,0
163.46008,-34.306446,0
-39.946457,-53.722748,0
-25.027248,80.17224,0
18.87521,104.39535,0
-45.48372,-9.227861,0
-49.2819,-126.10999,0
-7.2090216,-102.34183,0
123.37607,102.37526,0
136.21881,-0.75467736,0
-88.97794,-51.756863,0
-80.32966,62.744305,0
34.17029,176.19678,0
-90.7353,-11.560466,0
-89.74447,-70.51554,0
61.839108,-120.52143,0
88.83991,27.476925,0
75.722,0.17734697,0
-181.57404,-9.11986,0
-96.223595,114.392265,0
-27.480112,161.75623,0
-137.34314,45.379135,0
-133.78067,-98.089806,0
9.248931,-180.524,0
101.50451,19.8746,0
88.249,5.334675,0
-174.68513,1.241396,0
-102.925255,108.38663,0
-36.459026,161.22568,0
-150.0411,48.784626,0
-124.82924,-89.30317,0
-2.224979,-175.44637,0
115.853485,141.07932,0
91.89093,-113.17118,1
19.73245,-49.541973,0
-5.9982057,34.783337,0
81.22688,150.15794,0
8.109995,-26.445807,0
-11.4496,-59.168392,0
52.1934,-54.584896,0
62.684414,108.998695,0
138.5227,-58.635395,0
-41.227715,-38.884834,0
-31.660309,60.93179,0
31.278805,98.667366,0
-38.055866,7.638999,0
-55.646797,-135.71051,0
9.609939,-88.43439,0
167.4647,12.08308,0
82.628654,-85.29443,0
58.68423,11.912915,0
42.123524,16.063015,0
9.005843,36.870075,0
8.615963,13.030721,0
9.710964,14.282764,0
45.573357,-14.623559,0
170.80016,15.43451,0
86.249275,-86.38299,0
46.513756,0.65667385,0
43.42534,-0.8478222,0
6.4483814,46.01448,0
45.134205,-0.04445259,0
48.47985,1.4189262,0
43.577454,-9.3869915,0
101.35875,20.988369,0
88.45867,4.873865,0
-175.16742,1.2381698,0
-104.420654,108.8729,0
-36.14838,160.881,0
-150.02414,48.61985,0
-125.02617,-89.21512,0
-2.5494642,-175.22346,0
134.23541,79.803734,0
108.07097,-79.24328,0
-54.424026,-25.289225,0
-64.8284,45.580425,0
48.049896,129.29343,0
-47.496212,25.122368,0
-58.176086,-85.468445,0
39.88837,-96.81679,0
88.56506,30.514355,0
74.37941,-6.044524,0
-174.99234,-14.020945,0
-92.24055,116.53439,0
-24.351315,171.9305,0
-133.42268,49.02412,0
-132.63142,-103.921814,0
14.700839,-175.90457,0
139.89088,71.12016,0
112.86022,-76.35473,0
-60.985497,-27.539766,0
-58.060516,54.415874,0
39.42283,131.85693,0
-54.18125,24.013645,0
-60.632965,-84.762375,0
37.529533,-101.4899,0
73.866035,77.29892,0
148.50146,-22.31578,0
-50.314846,-61.896446,0
-48.225067,90.80089,0
-8.578224,108.415184,0
-64.53201,5.8401113,0
-63.0332,-116.04956,0
-4.0560536,-126.953674,0
91.949486,44.70885,0
80.77143,-37.089417,0
-152.30943,-27.993174,0
-79.69352,101.11246,0
-13.706622,159.26822,0
-111.527245,37.22629,0
-113.61963,-131.05557,0
20.181946,-151.78065,0
86.76512,90.616394,0
145.68916,-31.74758,0
-41.93645,-68.94665,0
-20.121738,90.713646,0
4.249632,112.43953,0
-49.050472,2.9178376,0
-48.814045,-108.91008,0
2.2929065,-115.695946,0
64.13552,78.90299,0
160.3666,-13.19674,0
-66.34707,-64.07351,0
-43.292603,91.58744,0
6.723516,120.115616,0
-69.42012,-5.193578,0
-70.05919,-102.7989,0
-6.319627,-134.72412,0
101.85634,100.016205,0
133.0676,-60.525326,0
-55.254494,-39.67007,0
-43.31342,60.157158,0
26.040142,123.10576,0
-27.255503,-4.0509396,0
-31.862238,-100.676476,0
19.412163,-85.05779,0
85.028435,50.876987,0
73.658035,-44.074093,0
-146.22534,-34.556805,0
-67.065575,103.66769,0
-4.516181,140.63947,0
-99.23558,40.73938,0
-110.91122,-139.90778,0
28.9319,-149.66704,0
155.45128,33.591377,0
111.87033,-54.59782,0
-16.887909,-16.43292,0
38.877098,18.014742,0
21.973253,58.47254,0
-15.716724,-16.350855,0
-21.270634,-64.088135,0
35.96805,-66.68339,0
90.84879,46.181484,0
80.001076,-41.806828,0
-150.46202,-29.451878,0
-73.230255,110.546844,0
-13.964189,160.63509,0
-108.67003,38.48293,0
-115.149864,-133.49776,0
20.967949,-154.66705,0
102.674934,37.920982,0
71.22662,-13.846799,0
-164.26065,-16.594503,0
-85.39951,112.45394,0
-2.6245587,180.09341,0
-127.76333,38.53663,0
-132.70625,-112.0128,0
23.448816,-176.50124,0
111.215065,22.233498,0
82.74308,13.624083,0
-167.42677,11.526017,0
-105.3744,85.71903,0
-45.296112,156.71227,0
-159.25551,38.86314,0
-118.273384,-81.48667,0
-10.361295,-169.74739,0
102.11466,45.830036,0
78.12831,-29.212727,0
-143.04996,-26.118742,0
-82.12362,102.466866,0
-18.716839,154.81757,0
-116.716095,24.685207,0
-113.660355,-117.31338,0
10.156587,-155.93416,0
86.70841,95.78972,0
154.86865,-42.27579,0
-33.662106,-60.957924,0
-17.99841,75.64658,0
11.671536,100.94605,0
-45.0082,-2.2024887,0
-40.97761,-113.78799,0
1.7454963,-106.10432,0
91.10582,63.438175,0
104.428566,-36.5197,0
-126.070564,-21.4337,0
-59.34422,103.154434,0
-45.12785,166.4329,0
-139.84602,19.37705,0
-95.091644,-88.362495,0
41.224216,-145.5954,0
66.82767,46.071224,0
115.11611,-6.3740034,0
-144.05698,-48.255577,0
-97.804375,96.98242,0
-24.53297,143.74815,0
-117.43088,10.161753,0
-135.6895,-81.06188,0
40.35735,-161.8785,0
74.032776,90.37638,0
143.03014,-32.971996,0
-56.682503,-71.81007,0
-18.601933,93.857155,0
2.2925034,112.99648,0
-79.01317,-7.827667,0
-49.23713,-105.0497,0
23.24131,-88.0801,0
72.8386,60.219326,0
107.18032,-19.45445,0
-140.45546,-4.2770505,0
-116.268555,95.23612,0
-27.674177,131.3459,0
-124.81391,6.7710557,0
-150.30225,-74.829445,0
50.34185,-170.58728,0
82.02814,57.366646,0
65.7409,-34.37886,0
-130.80035,-30.966661,0
-64.37029,105.17458,0
-12.003374,135.77515,0
-94.32576,37.910866,0
-112.81019,-102.49365,0
35.56491,-145.38354,0
88.14742,104.11276,0
158.58653,-33.446415,0
-41.133823,-56.95067,0
-22.677893,80.2785,0
16.616114,104.8266,0
-50.666176,-10.926168,0
-44.46861,-120.86102,0
-5.840436,-108.59092,0
125.21579,109.962006,0
133.06694,1.832668,0
-90.819496,-45.482845,0
-83.315125,65.89436,0
32.933243,172.39514,0
-94.195694,-8.294575,0
-94.57477,-72.7785,0
64.238396,-114.90433,0
159.81766,40.69,0
114.943634,-47.83593,0
30.499107,23.461842,0
12.384803,61.71683,0
14.521077,70.38011,0
-12.826811,-10.61856,0
-16.514458,-71.34589,0
34.259556,-76.6084,0
140.89142,41.049145,0
94.65321,-59.98431,0
34.970203,36.677288,0
-33.954105,30.240635,0
38.069786,70.164856,0
-12.825967,5.4398627,0
-0.81892353,-18.437662,0
36.75564,-52.23465,0
114.255684,24.850368,0
78.45302,9.473309,0
-161.71417,7.8400216,0
-98.08707,83.42171,0
-42.247375,149.97835,0
-153.61147,35.58211,0
-117.78814,-84.73151,0
-8.707666,-161.55977,0
95.123856,35.01505,0
70.195335,-8.063229,0
-174.84108,-21.421972,0
-90.36369,118.14428,0
-22.72275,154.0614,0
-132.0773,47.143898,0
-138.4271,-113.2282,0
20.339727,-176.79303,0
94.22685,70.31944,0
105.47609,-21.635582,0
-142.28125,-2.210321,0
-114.9689,92.63509,0
-28.18532,128.93718,0
-125.534134,9.158639,0
-151.5087,-77.33568,0
57.314327,-165.4431,0
115.66796,112.980385,0
129.61954,-13.676255,0
-102.18503,-50.0767,0
-75.888916,61.917225,0
25.317339,165.41188,0
-88.571686,-3.786936,0
-102.53556,-59.297924,0
58.577213,-130.2719,0
171.0733,15.431486,0
86.364044,-86.50123,0
46.795017,0.4891711,0
43.388916,-0.8456875,0
6.3214006,45.97835,0
45.37059,-0.22397546,0
48.629623,1.3388839,0
43.786564,-9.251417,0
88.9228,83.770744,0
139.67776,-26.736696,0
-108.61658,-35.97522,0
-52.024685,116.01905,0
17.69073,168.43616,0
-83.237915,7.230012,0
-76.85569,-91.84958,0
6.385689,-122.98974,0
163.2029,5.824388,0
75.780014,-85.67552,0
46.76715,13.257848,0
20.084337,33.27918,0
20.214691,33.170143,0
22.10021,7.9857683,0
21.984947,9.082724,0
40.981155,-20.851465,0
141.7536,91.28735,0
122.121445,-97.06358,0
-21.585714,-41.789463,0
-34.33183,44.471115,0
47.50446,147.20297,0
-21.57144,-25.402084,0
-45.303787,-86.46808,0
56.494354,-96.03816,0
68.28695,57.410133,0
108.72616,-13.097954,0
-136.54732,-54.02815,0
-106.22742,95.7249,0
-22.4528,134.92232,0
-118.42409,1.8749986,0
-139.27661,-72.20448,0
47.1246,-162.82007,0
81.23957,68.22505,0
99.65404,-40.984776,0
-122.66317,-27.730967,0
-52.31268,101.03226,0
-1.5375204,136.2216,0
-88.294106,30.1253,0
-96.8487,-100.30496,0
35.32638,-131.98822,0
121.0466,132.98846,0
134.21283,-82.326,0
-90.1904,-35.761444,0
-46.198444,46.845257,0
30.251081,156.89839,0
-87.06548,-25.731691,0
-82.5917,-81.794624,0
54.195076,-110.50372,0
112.85754,61.01266,0
94.815,-28.45438,0
-134.70613,-16.377129,0
-69.76026,87.667366,0
5.171149,143.55354,0
-101.23104,21.415094,0
-93.77969,-119.85359,0
21.847464,-137.51306,0
68.8775,49.22005,0
115.72382,-9.262739,0
-140.62366,-47.73266,0
-99.64053,95.11813,0
-21.784054,141.7766,0
-113.86891,8.91848,0
-132.7602,-78.824356,0
40.735256,-158.5944,0
119.64564,44.303997,0
73.9534,-18.02514,0
-161.84,-16.651888,0
-80.15102,80.72356,0
0.93239444,177.65738,0
-125.34276,34.0963,0
-123.088974,-114.68443,0
28.867403,-170.82402,0
105.54563,135.86177,0
99.99414,-125.92987,1
9.782039,-59.95292,0
-7.193945,46.96646,0
73.446175,164.3049,0
-4.111485,-32.097435,0
2.5632637,-63.040768,0
59.9813,-64.71835,0
123.81124,50.769424,0
69.18588,-1.3063244,0
-178.9559,-18.402063,0
-95.17072,122.605034,0
-26.569374,175.75706,0
-135.1069,56.908794,0
-137.41954,-107.5052,0
19.105581,-183.6287,0
124.391106,95.37548,0
129.43549,-82.82437,0
-85.5167,-33.328773,0
-43.193275,47.584976,0
35.37999,154.8706,0
-84.31427,-22.483974,0
-79.04954,-79.70888,0
49.63066,-113.42603,0
145.45369,71.72368,0
107.96382,-81.04165,0
-53.699608,-23.280546,0
-64.17295,46.658764,0
48.07973,131.4091,0
-46.6613,28.10941,0
-59.942905,-79.23922,0
41.50805,-98.02859,0
89.39855,108.02375,0
159.08289,-50.93559,0
-44.083317,-51.354702,0
-16.77285,59.68381,0
18.801723,109.26919,0
-37.63527,-15.957632,0
-32.625774,-116.5873,0
7.533911,-102.85751,0
88.43684,48.994095,0
82.74234,-46.54225,0
-153.87245,-32.423717,0
-81.51413,75.22495,0
-6.8942127,162.1987,0
-102.39546,40.817776,0
-108.32765,-140.21652,0
9.941697,-144.77263,0
115.65831,128.46402,0
103.90983,-116.75374,1
5.4407606,-45.605507,0
-16.253048,41.592606,0
67.79733,154.19666,0
4.8199377,-41.196125,0
-2.9288578,-50.289074,0
50.617867,-67.33029,0
120.004265,27.31338,0
73.98869,12.98493,0
-158.02933,11.280081,0
-98.76651,78.84002,0
-43.87052,146.40073,0
-156.62852,30.781326,0
-110.27654,-79.63561,0
-12.431741,-160.4909,0
67.174255,112.92956,0
154.41182,-67.66317,0
-32.232563,-76.59701,0
-14.4764185,70.63039,0
34.58127,102.36937,0
-27.399632,1.7959768,0
-31.613462,-93.550095,0
16.445736,-81.50369,0
93.8563,73.5659,0
106.173035,-28.105362,0
-135.48157,0.11279167,0
-116.99941,87.47398,0
-26.57595,124.65632,0
-129.26544,6.365227,0
-155.25076,-72.20379,0
60.908348,-159.02911,0
79.90401,65.87889,0
103.55157,-42.634045,0
-117.60316,-27.69087,0
-50.809017,107.48259,0
-3.505931,131.56053,0
-84.186584,28.661886,0
-89.8525,-92.20552,0
43.010315,-133.39001,0
76.576294,69.18046,0
102.88219,-46.663734,0
-116.22154,-25.428568,0
-50.397972,105.83651,0
-2.260964,128.66945,0
-85.8578,31.830137,0
-89.942856,-94.51278,0
39.910583,-130.36206,0
87.93183,37.920734,0
63.8224,-20.220024,0
-167.10622,-29.118814,0
-75.20081,106.855835,0
-11.734147,165.01138,0
-118.8819,46.816242,0
-129.86557,-122.18694,0
13.70925,-166.25177,0
75.663994,31.84846,0
70.32007,-23.306028,0
-159.78294,-29.720348,0
-78.96342,86.56862,0
-2.602995,171.73286,0
-112.81214,43.696903,0
-123.088524,-126.631775,0
4.86612,-138.97336,0
72.164185,115.08504,0
154.50197,-72.61152,0
-28.254175,-76.5685,0
-10.47373,73.31543,0
10.801116,87.86782,0
-22.31844,3.532463,0
-28.500935,-95.74258,0
22.1326,-77.12053,0
81.9291,94.23385,0
154.31377,-37.5669,0
-37.77287,-62.432674,0
-18.926159,83.08589,0
10.916231,105.97414,0
-48.057724,-5.6388407,0
-43.652195,-117.13455,0
0.31441194,-108.970505,0
135.32068,75.80562,0
117.392876,-78.234856,0
-58.793373,-29.123306,0
-54.808193,54.793182,0
36.92741,129.92703,0
-52.370144,21.946386,0
-62.087833,-88.55767,0
34.730015,-102.906204,0
165.43614,5.6545286,0
76.471054,-93.122734,0
34.251923,11.697753,0
18.179049,29.758953,0
17.81968,30.937654,0
22.91453,15.005868,0
22.154432,13.018618,0
42.090343,-19.519833,0
124.33567,37.977146,0
110.59405,-33.95767,0
-89.47999,-30.53642,0
-85.5118,72.68792,0
36.09017,156.58597,0
-87.94919,-20.998404,0
-84.493004,-77.53043,0
50.648743,-116.28606,0
98.44939,89.69294,0
123.6853,-21.950695,0
-115.41086,-44.40188,0
-52.340733,96.52497,0
16.220348,175.77806,0
-97.80712,1.6995798,0
-78.13844,-97.51178,0
62.135574,-138.10416,0
74.92105,35.454803,0
58.387226,-27.646883,0
-167.06473,-38.488243,0
-76.60477,122.18931,0
-8.731273,173.60298,0
-113.986275,52.261944,0
-131.699,-131.22186,0
15.646394,-160.48903,0
71.465164,94.58732,0
154.575,-31.042393,0
-43.58722,-60.34306,0
-25.41633,83.326126,0
6.950296,102.37348,0
-53.082287,-4.462752,0
-49.581917,-120.46438,0
-5.2388062,-109.73078,0
75.209236,90.31685,0
156.17548,-24.766586,0
-55.289104,-69.636566,0
-31.838287,97.09195,0
0.2053481,102.50279,0
-57.896133,-2.9278424,0
-52.570312,-104.27719,0
-1.8868179,-119.33125,0
106.83402,106.50231,0
142.4997,-40.210674,0
-80.32293,-52.106003,0
-76.21227,52.15343,0
39.830376,107.42356,0
-81.02754,-10.606845,0
-80.778915,-65.20665,0
30.477303,-89.231606,0
73.68988,120.49249,0
157.58784,-70.08211,0
-31.806973,-79.84137,0
-13.681689,69.29446,0
15.2158575,112.96039,0
-21.454075,-8.33626,0
-27.723286,-90.11324,0
21.972532,-72.31765,0
139.26506,18.60056,0
90.839,-68.86383,0
51.408066,22.619038,0
45.726013,33.63817,0
40.427998,58.330734,0
-5.2705855,-6.075094,0
-2.1828408,-10.959944,0
42.283997,-45.172665,0
146.00334,19.030445,0
78.26809,-70.05551,0
58.49585,21.646526,0
52.323368,36.174995,0
34.395447,57.073975,0
-2.207247,-2.5914214,0
4.3565774,-9.097356,0
38.2135,-38.548664,0
139.34903,88.93648,0
122.95645,-96.34457,0
-21.889425,-40.87027,0
-34.97813,44.251465,0
46.829136,147.62224,0
-22.536327,-25.91476,0
-46.743336,-85.65234,0
55.29753,-96.760284,0
88.40553,46.00599,0
68.84064,-24.030622,0
-159.76549,-31.27365,0
-74.62256,88.81339,0
-5.2331448,169.13795,0
-109.736084,44.135033,0
-123.92576,-123.97245,0
6.890349,-141.59634,0
72.78119,80.297554,0
148.02324,-17.753365,0
-51.038578,-59.42661,0
-30.58619,86.69062,0
-6.3245173,105.46782,0
-60.711884,5.0156474,0
-58.143185,-118.39702,0
-1.2222463,-126.414505,0
84.81194,84.50591,0
141.44131,-23.948536,0
-47.67656,-73.86409,0
-24.751776,99.02464,0
-3.998465,114.96112,0
-53.16191,8.343611,0
-54.943825,-108.870575,0
3.2861392,-120.8026,0
83.36915,100.0785,0
159.5634,-37.5399,0
-36.304283,-57.273716,0
-20.050497,79.20622,0
14.614335,105.49703,0
-47.08616,-8.427334,0
-43.512993,-125.29529,0
-1.601625,-105.98593,0
118.969795,85.00503,0
122.31797,-63.152916,0
-64.265785,-35.804085,0
-52.067158,65.38351,0
27.15937,132.30501,0
-65.944145,17.051733,0
-76.78888,-122.37602,0
27.773077,-112.5854,0
153.38194,20.54256,0
77.75896,-82.76827,0
53.941788,25.65762,0
58.996616,29.943756,0
28.461617,53.68785,0
2.5264993,3.4469256,0
6.574479,5.017455,0
41.920464,-33.729195,0
113.32164,130.40034,0
105.194435,-119.41767,1
3.8310955,-48.570858,0
-16.104029,44.691498,0
66.63763,157.41261,0
1.72006,-40.53022,0
0.35807404,-51.53224,0
53.14271,-69.30872,0
88.91811,101.0442,0
131.17169,-44.898697,0
-60.971695,-46.966278,0
-45.52316,75.67375,0
17.184164,125.70801,0
-69.06884,12.438188,0
-80.35469,-118.220955,0
14.70395,-116.04121,0
126.24043,62.64679,0
108.31035,-39.17375,0
-110.53041,-26.89766,0
-65.562996,83.78802,0
7.0018015,141.42267,0
-89.830055,19.097145,0
-83.99929,-92.98728,0
25.723509,-131.81522,0
95.81647,89.053635,0
135.15305,-29.21688,0
-66.17954,-68.439415,0
-39.769283,99.53716,0
2.3957944,119.594154,0
-72.51159,-1.4949828,0
-72.478325,-95.589874,0
8.012255,-121.33138,0
115.776436,137.8432,0
99.60798,-115.22915,1
14.2295885,-49.20233,0
-13.142736,39.228165,0
75.699295,152.8344,0
5.641161,-34.135418,0
-5.5853133,-54.4993,0
51.759895,-61.75276,0
118.38325,46.770233,0
85.556404,-25.415262,0
-150.80411,-10.7461605,0
-91.44328,90.04103,0
-18.251362,147.70482,0
-124.06113,27.237255,0
-106.78795,-122.29444,0
6.996118,-149.26302,0
102.74734,67.057625,0
102.24754,2.7405262,0
-181.00114,17.7916,0
-117.75939,104.072876,0
-46.719402,172.01015,0
-135.79305,20.420235,0
-147.91763,-93.59818,0
44.090103,-171.80446,0
126.53085,28.807192,0
164.93642,-14.822626,0
-65.45061,-59.49239,0
-42.629654,87.83708,0
-1.3446068,91.56043,0
-66.32285,-11.346239,0
-67.14162,-107.02653,0
-9.555985,-137.59212,0
58.31013,95.20434,0
133.48874,-67.36473,0
-46.917725,-28.135504,0
-47.734123,67.632835,0
32.378624,122.39647,0
-43.214535,16.098337,0
-66.13462,-136.61955,0
22.132467,-95.04877,0
141.72954,90.14996,0
121.39684,-95.71187,0
-22.643604,-42.4016,0
-36.522873,45.456657,0
46.395275,146.72353,0
-23.188992,-24.934237,0
-48.13114,-86.821266,0
54.246704,-97.861664,0
122.67783,105.46143,0
128.91551,-2.6107056,0
-95.41135,-47.157944,0
-88.73784,62.010086,0
39.36346,173.18784,0
-95.20964,-17.30851,0
-96.79452,-67.829216,0
67.9541,-118.274796,0
63.823036,116.48576,0
148.65585,-74.79496,0
-21.75042,-76.89505,0
-6.3101807,68.081436,0
18.665442,85.32835,0
-24.390907,-2.644029,0
-26.750904,-100.81106,0
16.95,-79.191185,0
113.81357,79.83684,0
127.57699,-50.82053,0
-68.37439,-45.304596,0
-50.450672,75.00968,0
18.85156,130.02937,0
-76.770775,9.271396,0
-81.335495,-111.745476,0
19.891485,-115.273125,0
62.264645,84.302536,0
157.99649,-15.1638975,0
-63.391094,-66.65685,0
-39.560806,95.74403,0
4.4890356,121.53871,0
-67.15138,-3.961856,0
-69.02994,-98.97349,0
-8.548503,-130.04857,0
81.23748,85.219925,0
143.2112,-25.02463,0
-48.748795,-71.4762,0
-23.905872,97.85053,0
-1.7939508,113.24563,0
-54.046005,6.041564,0
-54.61504,-106.27239,0
-0.47032902,-120.12509,0
79.115776,63.70291,0
99.79304,-49.05769,0
-120.22507,-22.135038,0
-55.228523,106.16959,0
-6.572052,126.51013,0
-82.96452,33.68026,0
-94.06129,-95.994255,0
38.448147,-135.18417,0
111.74446,64.2704,0
96.95301,-28.605236,0
-132.75687,-13.002248,0
-64.285835,88.312126,0
10.054334,138.80742,0
-97.33917,19.858168,0
-89.141594,-116.95689,0
17.683407,-128.09518,0
126.504234,53.0549,0
93.940315,-9.534024,0
-117.89452,-36.394688,0
-60.691025,81.7877,0
13.589132,137.63474,0
-94.74768,12.673351,0
-91.58568,-113.98342,0
18.84081,-125.15296,0
95.2687,68.12873,0
107.94392,5.42418,0
-183.62798,10.939903,0
-111.29209,107.63664,0
-40.499638,176.09663,0
-137.03906,26.952652,0
-147.45802,-87.354515,0
44.34294,-177.55476,0
70.81225,47.51032,0
112.51941,-6.1625376,0
-143.6375,-50.509235,0
-96.78516,99.42698,0
-24.51283,146.3714,0
-117.11243,12.498684,0
-133.95255,-82.38355,0
37.377266,-161.66846,0
104.59126,42.21855,0
80.11594,-29.432184,0
-155.01254,-17.467304,0
-86.25422,96.750694,0
-14.59509,149.9464,0
-117.89284,25.59659,0
-113.20603,-118.829285,0
10.309807,-153.87978,0
108.45374,26.856586,0
94.460464,-8.401753,0
-122.660385,-38.99633,0
-61.941685,80.319275,0
-26.375185,158.26625,0
-101.08884,7.3203635,0
-108.89267,-95.88466,0
24.02969,-125.68881,0
89.468765,95.7978,0
156.68994,-45.305313,0
-30.106392,-59.667583,0
-22.229424,72.51096,0
9.664059,99.342705,0
-42.86951,-3.7290175,0
-36.73236,-127.78998,0
-1.2799261,-102.662926,0
115.8849,76.70209,0
132.50108,-31.94737,0
-67.51142,-50.824203,0
-47.906776,80.49408,0
7.5120497,124.822914,0
-73.47569,-4.303433,0
-76.70545,-102.82598,0
23.61274,-120.63757,0
117.48107,87.07255,0
122.82174,-57.205765,0
-71.95107,-22.19577,0
-56.192722,69.417946,0
22.67514,136.68196,0
-79.53666,2.5933375,0
-45.431908,-99.67453,0
23.78545,-109.81244,0
63.5579,105.65013,0
144.30603,-61.39065,0
-35.507217,-32.961906,0
-37.731796,65.124374,0
32.64199,91.6109,0
-34.507366,7.6727924,0
-54.01597,-142.62297,0
4.4375563,-83.50504,0
85.2108,56.656895,0
66.65754,-35.756687,0
-131.08498,-30.112144,0
-61.37053,106.44362,0
-8.357817,134.84674,0
-96.67654,40.132572,0
-110.15656,-103.194435,0
34.893158,-145.62439,0
160.50772,9.039818,0
78.71168,-79.114815,0
24.933619,-1.2480998,0
25.012285,-3.1032114,0
15.358653,44.172703,0
25.00035,-2.0501144,0
23.886614,0.90242535,0
37.57396,-20.585922,0
123.75019,47.38804,0
84.124405,-11.598263,0
-155.19496,-5.190164,0
-83.92866,77.020836,0
-4.618403,162.35002,0
-143.14688,29.992416,0
-102.703606,-89.35239,0
-3.412983,-150.88002,0
110.438805,136.4621,0
103.58173,-130.06479,1
11.400719,-54.281647,0
-15.742927,49.332924,0
66.18729,164.15486,0
-3.3122482,-38.281796,0
-2.025938,-59.34252,0
59.713245,-72.20282,0
91.01183,66.75518,0
101.08517,3.2673264,0
-180.98048,19.203587,0
-119.67659,111.89127,0
-46.22381,170.16034,0
-136.3534,19.630997,0
-146.89403,-95.40237,0
42.69774,-147.20938,0
67.949776,53.747234,0
112.07319,-11.273258,0
-137.39064,-49.863304,0
-102.10017,96.64896,0
-23.89462,140.35805,0
-115.68697,5.6772237,0
-136.0049,-74.44517,0
43.43524,-160.2286,0
91.351555,51.878883,0
77.921745,-41.08495,0
-147.12056,-30.60566,0
-74.42619,97.10873,0
-2.9065154,146.95042,0
-105.04879,37.189217,0
-107.197136,-133.99551,0
21.646864,-147.17679,0
139.63565,94.382385,0
122.25473,-100.1625,0
-19.272179,-37.4657,0
-30.698801,44.48121,0
50.822083,147.58478,0
-20.56712,-29.316435,0
-43.48279,-88.53372,0
57.20617,-93.86194,0
103.231255,27.449825,0
86.604004,-0.9290569,0
-168.55618,0.7776174,0
-98.60298,110.626915,0
-30.423218,161.01723,0
-144.71982,43.466682,0
-118.75377,-93.08336,0
1.8621567,-170.44511,0
109.03931,132.77371,0
103.506584,-123.28832,1
7.0044484,-53.492382,0
-12.153028,47.014404,0
69.690895,160.46176,0
-0.85294217,-37.03711,0
0.95010614,-56.934452,0
57.879723,-66.89076,0
81.258354,36.348553,0
56.317272,-27.751007,0
-165.01653,-34.1361,0
-72.01516,121.422424,0
-10.035417,174.80281,0
-111.90863,55.732643,0
-134.26404,-126.93574,0
21.751036,-161.14178,0
72.52629,89.91001,0
154.83987,-21.086025,0
-57.701122,-70.42604,0
-23.784153,93.18251,0
-1.1678311,108.360504,0
-54.03939,3.5169888,0
-56.663055,-106.35043,0
4.020981,-121.05412,0
93.73153,30.292871,0
96.08475,-3.6891792,0
-185.73943,-4.748226,0
-74.67047,134.00565,0
9.845377,176.24565,0
-155.77812,42.625946,0
-122.17044,-80.0866,0
5.6571894,-170.90022,0
148.23593,32.340427,0
83.53527,-74.34934,0
26.032633,-36.55723,0
27.13658,-35.549484,0
26.02696,68.95429,0
26.782324,-36.48869,0
25.117489,-36.80743,0
28.10802,-37.369637,0
121.79122,36.425762,0
69.3609,-17.017365,0
-161.02466,-22.660757,0
-83.71097,81.40791,0
-3.6522317,165.10403,0
-118.93761,37.40984,0
-121.11992,-118.89712,0
7.661125,-145.94064,0
118.25812,59.08606,0
89.943085,-21.429586,0
-137.55333,-15.865779,0
-72.33131,84.188354,0
5.6629486,156.2252,0
-104.27026,21.072784,0
-96.01031,-119.30143,0
19.20308,-136.48245,0
109.12986,28.802685,0
93.04679,-3.7467387,0
-165.42381,4.723417,0
-95.41274,89.54362,0
16.816782,140.5143,0
-151.22282,39.72449,0
-116.45929,-88.12137,0
0.6623542,-164.36873,0
94.26831,111.05213,0
159.01587,-56.289776,0
-47.3015,-44.91682,0
-23.154726,58.130463,0
25.302702,114.35112,0
-36.887207,-20.547535,0
-26.51074,-115.29284,0
13.412573,-100.60956,0
87.03053,62.988567,0
88.568825,7.559374,0
-172.15428,2.5712523,0
-106.58602,110.25612,0
-39.99626,162.86372,0
-153.2692,50.174767,0
-121.934456,-88.635826,0
-4.5005713,-178.50157,0
140.67235,97.071815,0
125.56413,-98.10078,0
-19.828854,-41.676136,0
-35.370525,41.558357,0
47.92952,149.11172,0
-20.39465,-26.905846,0
-43.365276,-84.58853,0
57.30224,-97.08631,0
92.03187,72.91956,0
106.03913,-29.266722,0
-134.59178,0.23232013,0
-116.553825,85.41505,0
-25.230448,123.8515,0
-129.6645,5.378843,0
-155.89948,-70.71895,0
61.82161,-157.27135,0
77.12657,86.093,0
151.5528,-22.790512,0
-51.125248,-65.59861,0
-29.45973,91.30868,0
-2.018511,106.37554,0
-58.62201,1.5814593,0
-55.92762,-114.239586,0
-5.786558,-118.95031,0
95.901665,66.80226,0
108.298645,5.9212155,0
-183.53839,10.472513,0
-113.325905,106.459724,0
-39.261852,176.1925,0
-137.7234,27.459019,0
-146.08566,-87.264885,0
42.645317,-180.0536,0
160.12184,8.22664,0
77.83808,-77.87781,0
25.760998,-1.367102,0
23.468035,32.414738,0
15.289317,43.60518,0
25.694185,-2.0961108,0
25.380426,-0.39537427,0
37.050365,-20.258993,0
141.24577,72.4483,0
113.50612,-78.40193,0
-55.91904,-25.455288,0
-63.831116,47.757656,0
41.452145,130.78816,0
-49.66573,23.973822,0
-58.98156,-87.70532,0
37.764244,-98.80863,0
93.52031,83.61645,0
113.24153,-39.500065,0
-107.406845,-34.98282,0
-50.978867,116.23544,0
19.770063,168.54529,0
-85.04915,7.9249735,0
-78.79721,-91.22441,0
49.4577,-131.88332,0
89.24976,72.44612,0
103.742615,-29.949324,0
-133.88966,-2.5775387,0
-69.69052,99.474205,0
-21.723696,125.67897,0
-128.03708,3.297926,0
-153.22289,-70.690636,0
38.64102,-149.46245,0
79.22238,35.344803,0
58.890324,-33.213684,0
-160.4684,-40.072357,0
-73.475075,127.37869,0
-7.606349,170.26071,0
-120.83469,42.064102,0
-121.055244,-134.27888,0
29.136198,-164.13527,0
92.4367,51.755596,0
77.45793,-42.280056,0
-147.85829,-31.51228,0
-71.51539,108.366104,0
-16.738735,158.59302,0
-106.14748,36.913536,0
-109.79398,-133.12871,0
22.07227,-148.32986,0
104.896675,24.615232,0
88.54733,-10.352829,0
-157.23306,-3.0332217,0
-99.77454,105.436066,0
-30.06382,151.39105,0
-148.64941,43.72484,0
-105.905914,-90.543945,0
-1.7044015,-154.66776,0
86.54701,69.01786,0
102.54916,-39.360397,0
-120.13321,-28.824482,0
-54.233395,101.156235,0
-5.0960217,133.95877,0
-94.20418,31.320627,0
-91.55499,-90.34471,0
39.146503,-139.37846,0
88.965164,65.31411,0
87.71915,5.9750547,0
-174.1698,1.7588295,0
-103.09087,108.42366,0
-37.39532,161.1755,0
-150.52917,49.24691,0
-124.17846,-89.43325,0
-3.5987918,-175.27478,0
59.395847,97.04937,0
135.26982,-66.67065,0
-45.37309,-29.053574,0
-44.7813,67.87781,0
32.981567,119.32078,0
-41.337437,14.694426,0
-63.648655,-137.24591,0
20.160505,-93.123856,0
83.41455,97.24742,0
156.07759,-39.023743,0
-35.557922,-61.23778,0
-18.40284,81.86923,0
12.166353,105.886566,0
-46.816643,-6.0964956,0
-42.604965,-115.65739,0
1.3450153,-107.10051,0
119.16712,28.776407,0
75.140785,13.758828,0
-158.95921,11.542025,0
-100.2674,79.9002,0
-45.66172,148.11552,0
-157.45543,30.538603,0
-111.696304,-79.2727,0
-13.594482,-161.88933,0
82.25889,42.122616,0
54.292007,-23.28161,0
-174.93784,-36.507793,0
-78.83492,131.43906,0
-15.433225,166.46086,0
-115.580315,58.323025,0
-135.82613,-131.71849,0
15.750631,-166.64543,0
138.18912,72.95904,0
114.63586,-84.44427,0
-62.42488,-21.97676,0
-59.76874,52.005783,0
42.07421,134.51535,0
-53.718945,30.20348,0
-67.167305,-82.69924,0
42.07566,-103.78633,0
112.02591,133.48532,0
103.67477,-122.31218,1
7.168489,-51.993126,0
-12.430796,45.76341,0
69.84852,159.28351,0
0.8911177,-37.387966,0
-0.16400313,-55.930576,0
56.286743,-67.25651,0
166.32611,9.669712,0
79.58917,-94.19986,0
38.64246,12.212801,0
11.536913,31.330685,0
12.0240555,33.59896,0
13.71925,17.14862,0
17.59648,13.724873,0
40.1848,-15.846229,0
157.06903,57.42102,0
95.383415,-76.33498,0
-6.395041,13.447639,0
-5.45759,15.224748,0
43.12355,84.17469,0
-5.5372586,13.895022,0
-6.869669,12.193499,0
33.345398,-64.677,0
114.36764,109.46073,0
129.86664,-8.990923,0
-92.542046,-53.901382,0
-80.65117,57.77735,0
43.70004,167.74106,0
-89.09787,-13.302349,0
-89.67066,-63.034405,0
64.02062,-124.042244,0
169.85387,4.6514134,0
82.304344,-95.20396,0
30.284157,-0.27574077,0
32.696156,-8.6156435,0
12.201728,41.88254,0
30.33292,-3.2068791,0
31.264793,3.90945,0
37.026455,-14.309451,0
122.222404,106.4622,0
130.92088,-3.8197644,0
-94.052505,-47.78547,0
-87.350685,59.55101,0
37.487305,169.11572,0
-94.95819,-16.014143,0
-96.11026,-66.371376,0
68.12589,-120.55835,0
140.97147,42.25586,0
96.818695,-59.911896,0
33.42553,36.815193,0
-34.96978,30.553465,0
39.23379,70.744995,0
-13.552495,6.2649546,0
-1.9337767,-19.534395,0
36.97467,-53.831417,0
116.49362,28.65967,0
75.875244,8.259012,0
-159.88817,6.0979614,0
-97.08486,82.25552,0
-39.025654,149.73898,0
-153.88585,33.00758,0
-111.41044,-84.81968,0
-7.0827403,-162.66432,0
116.60063,24.404915,0
76.05559,13.037599,0
-159.86961,10.990463,0
-99.62235,79.71173,0
-44.520683,148.22673,0
-157.11288,32.817497,0
-112.256874,-80.02241,0
-12.4585495,-162.96722,0
91.957954,113.23735,0
161.27313,-57.99877,0
-48.50006,-44.27188,0
-24.253786,58.9495,0
26.150034,115.30339,0
-34.8356,-22.20323,0
-24.831047,-117.06334,0
13.5035,-101.56888,0
139.67926,92.34679,0
123.88231,-96.91735,0
-20.908012,-39.844402,0
-35.522346,43.183403,0
46.50339,149.11975,0
-22.059805,-27.454714,0
-45.98903,-86.4249,0
56.07443,-97.5425,0
106.76331,135.7656,0
100.54561,-127.14807,1
10.456125,-58.465588,0
-8.18996,47.95851,0
72.24475,164.12764,0
-2.6976075,-32.403866,0
1.1350906,-62.46627,0
60.56461,-65.48356,0
91.658745,26.266819,0
79.00109,1.6043658,0
-179.31151,-6.702751,0
-98.69683,117.755844,0
-29.951801,167.8129,0
-141.31433,48.469864,0
-132.0272,-94.60688,0
7.0774193,-176.82268,0
101.830475,63.719524,0
105.34513,1.4368802,0
-178.48296,15.2722025,0
-117.97796,107.01669,0
-46.97727,175.26256,0
-134.25136,23.755997,0
-150.40381,-91.11458,0
44.9903,-175.04533,0
67.17292,58.912033,0
107.28486,-13.160141,0
-137.152,-55.830574,0
-107.820335,97.96535,0
-24.200468,133.81464,0
-120.08783,1.9694314,0
-140.87357,-73.1446,0
48.696045,-160.77213,0
109.001495,106.68323,0
142.32921,-40.01183,0
-80.511116,-52.375973,0
-76.57918,52.922325,0
40.303066,107.81984,0
-81.35528,-10.676827,0
-80.801315,-65.744995,0
30.41054,-89.1923,0
84.693344,100.30957,0
157.61873,-34.67972,0
-40.517185,-58.088264,0
-16.000813,83.17494,0
11.9172535,109.40796,0
-49.75136,-11.790195,0
-42.520626,-121.13722,0
5.313044,-110.01377,0
65.23881,48.206566,0
112.80632,-7.658991,0
-142.11267,-49.218384,0
-95.41416,98.51029,0
-22.602726,146.89047,0
-115.65144,11.602762,0
-134.192,-79.65575,0
38.897606,-159.54997,0
63.245106,51.89828,0
113.70494,-8.850033,0
-140.79657,-49.17805,0
-99.99385,97.02615,0
-21.035519,143.40326,0
-115.68441,8.481397,0
-135.28917,-77.67066,0
42.46808,-159.71436,0
123.19813,73.676636,0
97.57011,-12.332747,0
-119.29875,-38.06127,0
-64.62835,77.110855,0
16.496881,145.38545,0
-96.389145,8.058812,0
-92.292656,-110.48022,0
25.21705,-128.16893,0
142.63728,22.56604,0
81.728035,-66.22735,0
43.5764,31.598299,0
33.453583,32.396206,0
37.076645,63.2708,0
-8.564637,1.6899855,0
3.971961,-13.49494,0
35.986893,-43.450382,0
127.474594,87.05118,0
126.17977,-75.8819,0
-54.207844,-34.205723,0
-50.705948,53.707233,0
35.285408,126.75544,0
-38.778343,-23.296017,0
-57.84838,-90.91061,0
31.104012,-100.31348,0
89.47212,59.207314,0
71.809456,-33.07117,0
-134.9604,-27.010254,0
-68.7643,101.12893,0
-11.157659,140.67522,0
-99.44062,33.071293,0
-113.14816,-107.05471,0
34.898277,-149.02748,0
80.20757,38.76551,0
56.06336,-26.344494,0
-165.69029,-37.91067,0
-73.72111,121.944016,0
-12.609755,174.70064,0
-113.33758,55.291367,0
-133.6605,-128.79103,0
21.34139,-162.38788,0
91.98456,27.14276,0
81.60488,2.7504249,0
-179.59164,-2.4673736,0
-98.76601,113.232895,0
-30.851023,161.91052,0
-145.12148,45.859062,0
-130.177,-91.43394,0
6.5200567,-175.0969,0
127.669044,59.56726,0
130.36754,-57.452755,0
-60.773186,-41.301514,0
-46.284847,62.83675,0
23.36281,127.60149,0
-28.031776,-6.7556596,0
-29.85334,-103.22323,0
18.022215,-84.34081,0
106.194855,40.727333,0
81.09479,-26.666693,0
-155.28021,-13.435744,0
-88.75935,98.85127,0
-15.9379225,148.1243,0
-121.06052,23.390951,0
-114.32249,-118.55612,0
8.461255,-153.45383,0
90.78967,31.726799,0
72.66395,-2.0719175,0
-178.1618,-13.966363,0
-97.56871,124.22924,0
-30.051342,174.08548,0
-134.70345,50.927044,0
-134.95242,-103.092026,0
10.992707,-176.5397,0
97.690575,75.410225,0
108.89598,-25.18862,0
-139.92545,2.751667,0
-119.87498,89.71272,0
-30.271656,124.206276,0
-131.75275,9.767093,0
-157.87975,-75.54603,0
63.05299,-161.73628,0
87.299225,106.41708,0
166.99115,-52.79744,0
-53.53573,-45.723392,0
-23.649683,62.286434,0
22.823435,106.36314,0
-32.190838,-13.716993,0
-34.29413,-119.87401,0
8.036674,-97.14526,0
88.10984,58.40133,0
70.74265,-32.596294,0
-134.50659,-29.344664,0
-67.13972,102.060616,0
-9.885708,138.60025,0
-97.47673,32.520695,0
-112.71347,-108.00806,0
33.64989,-148.07251,0
68.89131,58.050533,0
108.03325,-14.324046,0
-135.6994,-55.316772,0
-106.82049,97.44214,0
-23.349197,133.8135,0
-118.43124,0.09342975,0
-139.6591,-70.82435,0
49.72338,-166.09023,0
97.72209,70.89387,0
107.49859,-20.501183,0
-139.09804,-3.5342488,0
-117.38468,94.48407,0
-25.66187,129.82243,0
-124.00671,7.63516,0
-154.05145,-77.68462,0
54.843594,-165.02724,0
104.24698,135.22934,0
98.101395,-125.93773,1
11.030099,-61.717014,0
-7.082256,45.78275,0
75.12638,163.73866,0
-3.695517,-30.047016,0
3.95434,-64.065506,0
59.828655,-63.577446,0
125.34502,42.969738,0
91.1922,-43.65297,0
-123.26238,-11.805888,0
-80.14982,79.18654,0
2.4591188,175.11798,0
-92.517365,22.258137,0
-124.0162,-116.653824,0
29.592815,-169.80173,0
143.1585,22.794317,0
81.11522,-66.85815,0
43.473103,31.472992,0
33.774677,32.331013,0
36.854866,63.291954,0
-8.493153,1.5990161,0
4.21767,-13.076676,0
35.496788,-43.129715,0
119.1524,141.74046,0
93.97553,-111.930084,1
18.655834,-47.90553,0
-8.754856,34.78384,0
78.50095,151.07877,0
8.8875885,-28.849012,0
-11.129926,-57.42772,0
51.666832,-56.349464,0
86.75682,94.48003,0
154.21132,-40.432446,0
-35.105373,-61.95523,0
30.21147,32.540215,0
10.888941,102.441315,0
-46.38152,-3.1911066,0
-42.239983,-113.82794,0
2.2201705,-105.034706,0
161.13263,36.65451,0
105.23139,-47.919285,0
-111.076294,-17.790154,0
29.493217,20.784014,0
19.300745,70.37875,0
-75.88712,28.126688,0
-87.03659,-97.40633,0
41.35704,-73.9196,0
92.59123,87.77187,0
138.64119,-30.834621,0
-63.875927,-71.86945,0
-39.48829,103.05683,0
0.38793123,118.19562,0
-73.842064,1.2043115,0
-76.596954,-95.91269,0
6.669856,-117.774376,0
96.950035,42.75811,0
81.0486,-31.653692,0
-154.90288,-27.439503,0
-92.335365,97.217995,0
-20.367506,147.5972,0
-113.666954,26.327381,0
-117.52774,-126.01421,0
4.614991,-156.82368,0
142.18494,94.39221,0
123.601234,-101.77541,0
-17.287014,-38.07154,0
-32.21556,40.894886,0
51.64941,148.5632,0
-17.940847,-28.434155,0
-41.60822,-88.344246,0
59.057957,-93.7058,0
89.154686,57.04403,0
71.35164,-31.787893,0
-135.15079,-28.038437,0
-67.84476,101.73375,0
-10.576655,139.20647,0
-97.28544,31.869461,0
-114.01802,-108.21455,0
35.746,-149.55681,0
68.542046,66.33407,0
118.79784,-17.655643,0
-128.15346,-51.296562,0
-56.67051,87.9393,0
16.061354,154.31837,0
-108.45645,3.0056882,0
-129.08363,-68.18127,0
51.532887,-151.47687,0
140.32867,69.83786,0
111.28513,-78.60423,0
-56.714622,-23.203764,0
-62.449997,50.291996,0
42.853233,133.91393,0
-50.86065,26.467869,0
-61.342964,-83.24799,0
39.887714,-100.90118,0
134.7138,38.430813,0
96.71049,-68.20364,0
-17.834793,18.943272,0
-16.666004,24.187479,0
35.789436,79.65618,0
-17.384577,20.703712,0
-18.272371,16.741264,0
30.59907,-56.356476,0
112.587204,52.626644,0
68.62364,-22.935823,0
-160.83214,-30.244907,0
-75.20277,115.027084,0
-13.174739,170.02026,0
-114.43402,43.838474,0
-124.13653,-125.04304,0
7.9832487,-141.77422,0
95.045204,69.7925,0
105.208206,-21.622868,0
-142.46407,-2.3908486,0
-114.74546,93.34186,0
-27.559925,129.59012,0
-125.12562,9.160157,0
-151.32037,-77.06003,0
56.986786,-165.8481,0
79.73325,60.641056,0
102.00134,-49.360844,0
-121.72457,-24.235485,0
-54.892853,108.07008,0
-7.410154,128.76768,0
-84.12532,34.475124,0
-93.25229,-93.502716,0
40.288197,-136.84547,0
136.51888,33.556614,0
82.93018,-58.870182,0
-100.33329,-26.671696,0
-27.368927,28.938505,0
30.916193,76.774666,0
-28.786861,21.873158,0
-119.25458,-72.21716,0
30.600468,-48.13378,0
156.35062,18.876822,0
73.362816,-73.11802,0
58.9585,26.113691,0
34.929024,16.173359,0
24.452925,55.657986,0
1.7164943,1.966176,0
4.1545477,-2.9719768,0
36.678387,-32.45831,0
109.93029,66.28335,0
101.019424,-16.829424,0
-128.27748,-41.995644,0
-67.00174,76.77008,0
12.7149725,149.08345,0
-106.18267,12.242197,0
-97.84736,-108.975914,0
54.39049,-159.80647,0
140.22302,77.2203,0
113.38036,-81.52049,0
-59.59202,-23.491161,0
-58.220356,46.727325,0
45.494488,128.07588,0
-52.32701,27.53707,0
-64.69616,-83.03525,0
40.620697,-103.65259,0
117.9977,26.067478,0
77.246475,13.472915,0
-161.37195,11.429044,0
-100.02677,82.01982,0
-45.231815,149.85233,0
-157.62093,33.725143,0
-113.52391,-79.37783,0
-11.425339,-163.42021,0
146.10435,49.019493,0
121.5586,-46.0873,0
-109.62304,-24.36845,0
43.012177,41.97147,0
2.1259112,57.269783,0
-82.48398,16.51659,0
-83.25314,-101.69248,0
42.954185,-87.304955,0
123.2019,42.90995,0
67.50924,-17.933651,0
-162.18149,-24.874662,0
-77.39549,89.00493,0
-5.674501,165.874,0
-118.06157,40.3563,0
-127.78318,-121.406204,0
7.3286524,-143.59535,0
145.42842,73.14537,0
108.9895,-82.78485,0
-56.95298,-19.560118,0
-62.091393,45.42512,0
46.317745,133.30934,0
-48.490803,30.56443,0
-61.961613,-78.786766,0
43.156715,-99.137245,0
121.11773,142.37804,0
94.658875,-110.22823,1
18.641933,-45.512817,0
-9.879348,33.7227,0
77.06045,150.39104,0
10.749577,-28.866737,0
-12.737498,-56.17419,0
49.041912,-55.850845,0
62.32185,86.086876,0
164.92447,-18.125118,0
-62.35334,-58.451286,0
-40.753498,86.34525,0
-2.4800806,93.47123,0
-64.725845,-10.715144,0
-66.01812,-102.57038,0
-11.095525,-137.60506,0
97.62652,101.556946,0
150.24619,-52.030422,0
-29.53682,-46.970875,0
-28.287724,70.12256,0
22.362064,96.765755,0
-40.5762,-11.274871,0
-33.548775,-133.11566,0
-3.119124,-92.751076,0
73.90004,117.464714,0
150.49677,-71.35723,0
-24.759869,-73.22574,0
-50.517628,70.43703,0
15.761318,89.44775,0
-26.00282,-0.12601836,0
-27.506033,-93.30384,0
21.402308,-79.416534,0
122.71635,138.12836,0
102.577705,-112.18953,1
11.012174,-45.189213,0
-13.925771,35.52917,0
73.5824,153.79816,0
8.018497,-36.841366,0
-6.737388,-50.73189,0
55.551994,-62.960026,0
79.47718,117.300514,0
151.15324,-41.669113,0
-34.28674,-66.743355,0
-13.235315,84.43125,0
10.119089,111.99372,0
-44.532127,0.049765017,0
-40.187992,-109.41818,0
7.4943304,-108.47915,0
135.31415,37.87885,0
95.878395,-67.178535,0
-19.371494,19.255688,0
-18.355385,23.779392,0
34.923874,78.54303,0
-18.638323,21.078339,0
-19.37681,17.427948,0
31.274546,-55.223343,0
98.95913,75.44442,0
109.790054,-25.30681,0
-139.75061,3.776567,0
-120.81444,89.219635,0
-31.320192,122.445175,0
-132.23169,10.4239435,0
-158.02896,-76.077644,0
64.109314,-162.57393,0
139.71321,90.80887,0
123.32823,-97.03498,0
-21.269493,-40.26058,0
-35.4515,43.550682,0
46.8718,149.00642,0
-22.313005,-26.652273,0
-46.120686,-85.69513,0
55.546078,-97.028114,0
76.38668,95.667946,0
159.65764,-43.033203,0
-30.154686,-56.484005,0
-24.023546,74.73512,0
14.630361,101.4469,0
-40.858948,-6.3556666,0
-39.053513,-129.30914,0
-2.9084415,-100.47738,0
75.74344,37.786255,0
56.778965,-27.43912,0
-164.63486,-34.5327,0
-72.19993,121.92918,0
-7.3966403,174.62123,0
-112.19657,54.635326,0
-132.42764,-127.46399,0
21.755352,-160.62395,0
80.547356,93.114006,0
152.43579,-32.432003,0
-42.06485,-63.2501,0
-21.793716,86.94724,0
6.023879,107.07562,0
-51.58151,-2.9895399,0
-48.175083,-117.05308,0
-2.5219862,-111.81434,0
79.31965,61.279984,0
102.15445,-49.226833,0
-121.63773,-23.79772,0
-55.255066,107.540855,0
-7.485458,127.832405,0
-84.72023,34.39831,0
-93.209366,-92.79672,0
39.863014,-136.23761,0
71.03481,96.26829,0
157.1662,-30.204134,0
-46.257603,-56.80566,0
-31.88153,82.236465,0
5.991653,98.86449,0
-54.244637,-6.473848,0
-53.704124,-123.91615,0
-9.572344,-108.8068,0
94.22278,39.829975,0
67.16308,-9.408942,0
-171.87863,-20.916264,0
-86.58629,116.53843,0
-19.19681,181.77287,0
-131.2448,44.786835,0
-125.02988,-111.61796,0
22.00646,-176.08925,0
97.77007,65.88471,0
108.606766,5.050406,0
-182.0703,10.425757,0
-114.009895,104.887764,0
-40.828022,177.27547,0
-136.43434,27.504887,0
-146.82585,-87.388145,0
44.1965,-178.79114,0
162.1417,37.901142,0
106.428246,-43.778355,0
-111.11086,-19.923147,0
28.899574,23.492052,0
18.503689,71.99882,0
-77.4887,26.909737,0
-87.01466,-94.56259,0
42.178604,-75.57294,0
81.703064,52.03354,0
65.24496,-38.03333,0
-161.77037,-43.191658,0
-63.558754,114.14392,0
-5.314748,137.98648,0
-102.53945,50.993523,0
-137.53757,-125.29607,0
29.35599,-155.72168,0
93.30309,83.667404,0
113.07807,-39.54135,0
-107.9053,-34.76481,0
-50.319996,115.41236,0
19.608257,169.08385,0
-84.82001,8.190298,0
-78.61958,-91.34125,0
49.00025,-131.67442,0
64.26813,88.77653,0
164.41164,-19.244925,0
-61.495296,-58.959427,0
-39.592583,86.30278,0
-0.42822403,94.12669,0
-63.622097,-9.653892,0
-65.205414,-102.99553,0
-12.286502,-134.47456,0
119.477455,105.98998,0
132.1407,-5.9828277,0
-93.08184,-49.569313,0
-86.184456,57.687675,0
37.38734,167.6238,0
-96.3739,-14.721505,0
-93.88562,-65.30666,0
67.847984,-122.4412,0
117.72585,140.4543,0
98.24367,-112.48868,1
14.177101,-46.69519,0
-11.921805,36.124523,0
74.11833,151.45969,0
8.5024605,-32.173527,0
-9.724841,-54.08292,0
49.76471,-59.10532,0
114.037766,144.3236,0
90.709175,-116.65744,1
14.844584,-51.575844,0
-6.5583844,39.35428,0
77.882774,154.83893,0
4.0537796,-26.097332,0
-7.2419853,-59.8579,0
55.393875,-58.994858,0
165.30602,8.194351,0
78.162186,-93.65443,0
36.707558,12.446686,0
13.989818,30.994413,0
14.428169,33.305058,0
16.202658,17.247076,0
19.090601,12.9274235,0
39.421936,-17.320961,0
140.42268,49.649864,0
93.952644,-43.104485,0
-122.47023,-14.001088,0
-62.58082,91.03428,0
4.870255,137.37993,0
-89.44445,22.91466,0
-89.42184,-105.27972,0
34.508125,-129.65579,0
90.967316,64.48235,0
102.815254,-30.917915,0
-133.41614,-26.60181,0
-66.38507,98.49192,0
-11.796769,139.47774,0
-94.416725,32.31487,0
-151.52603,-70.26619,0
37.868603,-148.058,0
113.19539,25.344345,0
69.86407,13.322715,0
-153.68636,11.895905,0
-96.79225,75.543526,0
-44.544235,142.81622,0
-151.06042,29.259302,0
-114.41442,-83.75403,0
-14.907289,-156.51341,0
87.80889,79.13933,0
144.4501,-34.29589,0
-84.88801,-49.62223,0
-76.92754,57.45306,0
37.372047,108.19019,0
-86.343025,-8.482894,0
-47.134937,-106.13407,0
34.132145,-90.96128,0
122.69174,75.012695,0
99.82914,-10.454159,0
-117.633286,-37.545517,0
-60.197453,77.009056,0
14.743021,138.00635,0
-94.91893,11.209239,0
-101.18887,-100.355865,0
31.061188,-122.03537,0
74.13351,38.919174,0
59.717472,-25.90596,0
-168.13979,-36.651283,0
-76.88766,121.28246,0
-10.155836,173.08969,0
-112.231316,51.654705,0
-129.56262,-130.38864,0
19.865757,-164.56697,0
87.38755,53.320316,0
66.71669,-18.774614,0
-165.83842,-26.138597,0
-71.54884,89.21569,0
-5.9709682,164.24258,0
-110.970505,40.434086,0
-125.805725,-119.94849,0
22.071486,-139.17154,0
97.88382,72.40238,0
108.23351,-21.985342,0
-139.4998,-2.4126472,0
-118.88391,92.52094,0
-30.253498,126.1691,0
-128.00148,9.627818,0
-155.09023,-77.40447,0
58.785915,-162.88222,0
91.965775,32.67002,0
78.967896,-7.0506663,0
-170.1332,-10.010629,0
-98.609406,116.048294,0
-29.024353,169.64355,0
-138.86911,50.79164,0
-133.11331,-115.48541,0
11.722577,-170.26765,0
122.46968,28.962454,0
71.227516,11.9985285,0
-154.94215,10.381992,0
-96.13445,76.6519,0
-43.393185,143.79008,0
-154.83836,28.318289,0
-107.386536,-80.03046,0
-13.422182,-157.56718,0
83.43375,60.155632,0
65.77631,-12.245394,0
-165.2534,-21.113611,0
-81.18009,112.086075,0
-10.061525,185.09496,0
-129.42336,44.93858,0
-127.70147,-111.4921,0
27.155207,-171.27892,0
70.023384,44.3649,0
82.484085,-34.958992,0
-150.76059,-28.46413,0
-81.89141,95.09164,0
-12.305264,161.06416,0
-110.10471,38.332954,0
-114.866104,-132.8404,0
14.6240425,-152.5893,0
102.87343,24.57489,0
74.904305,0.72132653,0
-182.11139,-9.750792,0
-97.21902,112.40957,0
-28.110092,162.08405,0
-136.62646,44.555695,0
-132.95633,-98.790276,0
9.595349,-182.73227,0
99.35572,39.995583,0
68.49699,-12.550568,0
-167.04897,-18.032448,0
-84.44243,111.884926,0
-6.096843,182.93631,0
-127.557236,42.13812,0
-126.19981,-109.698494,0
25.476171,-173.94385,0
96.30891,24.637142,0
80.84864,-2.3790107,0
-172.86987,-6.234629,0
-104.88218,118.693054,0
-34.577625,169.22884,0
-142.66743,52.954556,0
-127.148445,-97.07702,0
4.4129257,-179.71675,0
84.86482,28.52461,0
64.79699,-2.5657666,0
-181.45395,-20.663342,0
-92.18657,125.0614,0
-23.615026,178.69603,0
-131.19153,57.69931,0
-140.95776,-110.500374,0
15.4273205,-181.66931,0
85.740685,48.102116,0
74.407166,-47.282135,0
-151.1652,-37.203903,0
-67.75651,113.196434,0
-20.495756,160.77196,0
-101.374115,43.9034,0
-113.61243,-140.59085,0
24.13966,-151.25102,0
84.04556,105.04496,0
161.8044,-35.139698,0
-38.38319,-54.091194,0
-21.819357,78.252884,0
16.95056,103.70139,0
-43.510647,-10.249631,0
-46.663933,-122.01001,0
-5.2277284,-107.55658,0
114.55798,142.22246,0
91.070404,-114.81831,1
20.323692,-51.686165,0
-7.069732,35.083588,0
81.32063,151.34929,0
5.775448,-25.017483,0
-9.240845,-60.02093,0
54.806923,-56.063206,0
149.95908,14.278964,0
85.133835,-80.36311,0
52.538025,24.574139,0
46.98245,32.775955,0
35.221687,52.084576,0
5.8940535,1.4759685,0
9.123554,-0.13006122,0
34.905506,-25.884182,0
89.49878,71.67994,0
103.953445,-31.282484,0
-132.36026,-2.3761933,0
-115.67053,83.42038,0
-11.295503,137.85683,0
-128.11974,2.3376799,0
-153.39073,-69.748856,0
39.225216,-148.41444,0
159.7373,44.357403,0
110.37743,-50.952442,0
59.98001,31.005526,0
9.989851,66.31726,0
10.413901,68.655235,0
-7.2309875,-75.96923,0
-9.948215,-76.22412,0
32.028885,-71.6486,0
91.3809,89.89095,0
134.36705,-29.806978,0
-64.00064,-67.9596,0
-37.79883,97.2365,0
4.2697363,120.54745,0
-70.5604,-2.760991,0
-71.12948,-98.08044,0
-8.05229,-128.78888,0
78.17078,84.59795,0
149.92223,-22.207533,0
-51.72426,-63.454582,0
-30.864927,89.725784,0
-9.597118,106.61394,0
-63.336178,5.126401,0
-61.517395,-116.50381,0
-5.797,-123.25638,0
89.1802,57.898125,0
72.01553,-31.517239,0
-135.67339,-28.461472,0
-70.13308,100.27543,0
-11.38266,139.85963,0
-97.936066,31.788061,0
-112.99499,-108.87348,0
34.216713,-149.30615,0
116.47676,47.908722,0
89.38554,-29.27809,0
-146.64046,-14.759808,0
-82.9579,86.25037,0
-0.14803527,153.13914,0
-111.34948,21.908031,0
-101.76681,-122.171616,0
11.492789,-136.20222,0
67.95356,60.39844,0
107.58175,-11.055638,0
-138.79903,-54.23042,0
-108.72759,99.700195,0
-25.36273,137.08488,0
-119.470795,3.7701094,0
-139.43135,-74.66552,0
46.294716,-161.80682,0
86.10157,42.724586,0
82.56965,-36.565865,0
-152.79512,-22.805746,0
-80.49652,94.044914,0
-12.067732,157.13565,0
-113.458046,37.40915,0
-111.93391,-129.27283,0
13.666051,-151.87311,0
159.30812,43.7676,0
109.96567,-50.117928,0
58.803493,33.00939,0
10.182057,65.500046,0
10.952676,68.793755,0
-7.8451385,-74.99454,0
-10.826651,-75.97417,0
32.467987,-72.35032,0
130.35646,71.67361,0
122.437874,-64.925095,0
-63.006207,-35.285698,0
-53.137455,61.740597,0
26.2341,132.09642,0
-65.317894,16.208109,0
-76.09939,-123.49986,0
29.02641,-110.526085,0
73.660324,74.61438,0
146.29851,-13.885824,0
-71.161545,-62.374165,0
-45.365456,94.73414,0
4.2646,126.20254,0
-68.307365,-0.23803127,0
-69.80739,-110.337776,0
-3.483532,-136.92949,0
165.14929,17.86476,0
87.058945,-78.77498,0
19.635796,-14.887411,0
20.522976,-16.038963,0
12.090654,49.820744,0
20.093401,-15.33662,0
18.765936,-13.8467865,0
29.997934,-19.295734,0
99.96611,28.25808,0
81.65395,-6.388129,0
-176.25014,-8.385511,0
-101.04495,119.80478,0
-31.557045,165.94669,0
-142.6088,46.43698,0
-121.75704,-96.94618,0
4.657627,-174.06355,0
107.75428,104.67951,0
142.39928,-41.665024,0
-80.58135,-50.924885,0
-75.46979,50.643604,0
39.41951,106.54565,0
-81.0594,-12.044373,0
-80.075935,-63.707752,0
29.187311,-89.01727,0
148.32225,50.05791,0
112.35855,-41.09701,0
-105.91879,-34.222515,0
45.800133,43.38998,0
1.4316559,59.5167,0
-84.11321,13.9475,0
-80.953926,-92.02192,0
43.053593,-84.15564,0
120.88468,138.92406,0
97.124626,-109.30945,1
16.795801,-44.186497,0
-12.61799,33.32703,0
74.50316,147.61853,0
11.7338915,-31.211323,0
-12.657365,-53.491657,0
46.841515,-57.484455,0
102.19556,84.75147,0
119.88895,-34.273952,0
-105.07302,-40.443367,0
-52.56402,121.03164,0
21.236933,164.61719,0
-88.02728,2.8597493,0
-107.19808,-63.4874,0
55.523407,-134.91893,0
149.54897,14.576237,0
83.50919,-79.93105,0
57.745224,26.765017,0
47.311184,32.959766,0
35.41849,52.579426,0
4.1031637,2.5357192,0
8.2390585,1.2480016,0
34.428852,-26.153454,0
124.10996,61.861725,0
97.052,-41.49674,0
-126.91905,-17.106123,0
-69.716965,90.92177,0
4.0687537,138.4453,0
-89.31897,26.404259,0
-93.24137,-103.87185,0
36.8045,-128.78929,0
79.68928,48.50727,0
86.938286,6.9719205,0
-173.84529,4.020635,0
-51.272255,87.44639,0
-38.33083,160.75275,0
-152.1947,51.682518,0
-125.957466,-81.61313,0
-5.4509115,-176.13268,0
124.39714,34.794746,0
130.51935,2.9631684,0
-89.48849,-43.03281,0
-86.1227,67.107765,0
32.293106,169.92221,0
-92.75242,-5.9303937,0
-99.80765,-78.771286,0
61.742523,-114.03639,0
119.417984,105.89125,0
131.90993,-5.470111,0
-93.81982,-49.52614,0
-87.35147,57.927475,0
37.871185,166.96614,0
-95.93967,-15.036164,0
-95.07889,-65.32627,0
68.208694,-122.20065,0
117.6666,44.12951,0
73.390785,-16.916664,0
-161.51407,-17.63855,0
-79.84651,82.745285,0
-1.1333678,175.19626,0
-125.006165,35.129482,0
-121.79701,-115.71382,0
2.985351,-143.40942,0
106.48791,23.852753,0
90.67102,3.869308,0
-177.05455,3.0740614,0
-105.12904,104.760956,0
-29.654818,158.87555,0
-151.10408,46.924328,0
-125.5112,-86.81647,0
-4.189963,-173.07365,0
116.511215,142.50056,0
90.85885,-112.00512,1
21.333733,-48.54333,0
-6.312704,34.043175,0
79.07803,148.6446,0
8.970516,-26.013208,0
-13.59561,-58.538074,0
51.885963,-54.09342,0
120.68804,35.481922,0
90.26368,5.5960345,0
-175.00046,2.4232676,0
-103.811775,109.50573,0
-34.624058,160.25629,0
-152.87459,47.22963,0
-123.84759,-85.933304,0
-3.0625782,-173.83238,0
60.24106,108.74008,0
143.426,-62.689556,0
-38.461624,-36.516685,0
-33.478077,64.61783,0
28.774176,95.171196,0
-33.4129,10.969841,0
-55.588127,-138.50337,0
6.393828,-88.63776,0
139.89235,20.402994,0
89.61049,-67.15034,0
50.070694,22.74942,0
43.053055,33.571545,0
39.918587,60.071423,0
-6.537914,-4.368784,0
0.4105296,-11.829366,0
40.110035,-44.89396,0
98.15305,46.511936,0
80.315125,-33.939823,0
-152.39272,-25.44494,0
-82.257065,97.326935,0
-9.650781,150.97014,0
-110.50206,28.405703,0
-112.383675,-125.62202,0
13.166598,-153.13158,0
76.54114,81.180016,0
143.40807,-21.740189,0
-50.55092,-73.05707,0
-25.289106,98.61605,0
-3.940345,112.81923,0
-55.59107,7.9927125,0
-55.692467,-108.58023,0
2.7107146,-122.2411,0
74.45641,85.883125,0
153.3254,-23.701746,0
-52.56845,-67.08588,0
-29.588886,94.083244,0
-0.2598723,104.509094,0
-58.349125,-0.39034665,0
-55.49304,-115.542854,0
-7.4794526,-118.7945,0
108.9454,46.45854,0
85.90354,-29.488255,0
-148.85382,-13.726419,0
-86.481094,89.44655,0
-1.5247071,150.54858,0
-119.642494,30.090607,0
-105.25122,-122.23165,0
5.828986,-150.33345,0
103.79516,48.80421,0
78.76632,-24.478775,0
-139.32117,-24.390932,0
-86.75535,100.512,0
-13.728171,145.28079,0
-119.22156,21.468317,0
-108.37022,-113.623535,0
8.101874,-158.01604,0
60.58588,95.889206,0
134.5517,-68.49657,0
-45.576653,-27.156883,0
-46.075123,68.1863,0
34.37978,120.57524,0
-42.01873,16.807539,0
-65.353264,-135.72879,0
21.11285,-94.08372,0
85.4033,56.018864,0
72.44929,-43.36149,0
-147.39523,-35.738735,0
-67.4789,107.186226,0
-1.9545803,139.75085,0
-98.27767,38.83788,0
-109.657524,-104.6136,0
26.815952,-148.47455,0
106.95674,93.12824,0
129.64218,-20.874998,0
-115.21385,-52.034264,0
-70.60313,140.8785,0
16.217422,182.09258,0
-103.72066,-3.3341038,0
-117.864,-58.75231,0
68.34339,-138.75311,0
105.65533,136.38545,0
99.92489,-126.8635,1
10.868803,-59.314896,0
-8.137591,47.234436,0
72.27534,163.34552,0
-2.6784716,-31.799427,0
0.820343,-63.2596,0
60.71101,-64.88183,0
97.768425,90.72953,0
98.580605,-6.516657,0
-116.304634,-44.499,0
-55.710518,94.44488,0
12.123246,174.83699,0
-98.33343,2.4474,0
-110.10608,-99.37547,0
61.08921,-140.9709,0
68.92246,117.491554,0
154.03056,-76.23725,0
-26.87251,-79.581375,0
-8.429061,74.14577,0
11.353526,84.59984,0
-19.623116,0.3298065,0
-24.289335,-96.26952,0
19.182947,-74.68708,0
67.60798,118.54237,0
151.57204,-76.90318,0
-23.87537,-79.62321,0
-6.3029,72.83723,0
14.734667,83.12122,0
-20.594975,-1.46683,0
-23.831707,-98.38636,0
16.498266,-74.33254,0
80.02893,82.01786,0
147.06026,-22.498312,0
-51.77309,-69.48173,0
-29.157415,95.694176,0
-5.597192,109.17643,0
-60.76689,7.7490683,0
-61.00735,-112.825516,0
-3.4763181,-122.48309,0
86.496796,105.3989,0
155.18445,-48.316795,0
-46.655785,-52.11182,0
-18.234182,66.19533,0
27.301413,103.56039,0
-36.74879,-12.672807,0
-33.79846,-123.78599,0
12.61678,-105.24885,0
99.451416,29.744024,0
82.75933,-6.664273,0
-175.15378,-8.597919,0
-101.647995,122.541794,0
-33.94733,174.46571,0
-141.42209,56.43821,0
-121.32437,-97.95227,0
4.035396,-172.35474,0
123.50274,68.83626,0
98.25181,-15.347021,0
-120.093956,-41.787968,0
-61.452225,74.304146,0
20.170609,146.7477,0
-99.88422,10.813354,0
-101.86555,-97.58952,0
28.734821,-124.19149,0
102.83823,93.04069,0
125.23125,-21.176613,0
-114.64803,-47.225094,0
-68.945076,136.67351,0
16.720724,176.868,0
-99.97337,-1.6316915,0
-113.68625,-60.304382,0
63.53692,-137.7828,0
103.89314,29.099201,0
86.9564,-2.738375,0
-167.43416,-1.4705502,0
-98.330574,109.31803,0
-36.94033,157.7161,0
-145.64809,42.106544,0
-117.166245,-92.59909,0
2.1917362,-168.92073,0
154.7627,35.720905,0
110.837456,-53.462116,0
37.562225,18.370714,0
17.615728,62.5418,0
18.421429,64.50841,0
-10.178791,-16.181929,0
-10.486189,-18.355806,0
34.856308,-70.56676,0
88.53116,51.011642,0
76.07294,-43.893147,0
-147.1982,-33.34756,0
-68.31657,96.047134,0
-2.0047965,143.71024,0
-104.29277,38.961742,0
-109.200294,-135.50688,0
24.79703,-147.81294,0
83.00311,78.02133,0
148.08453,-24.896711,0
-47.954754,-62.13048,0
-49.25738,91.09757,0
-8.04278,109.02606,0
-66.69329,8.417241,0
-64.277596,-115.91129,0
6.104496,-126.10625,0
120.03698,70.85555,0
90.133385,-20.26278,0
-137.83888,-18.220625,0
-71.22244,84.60454,0
6.7962575,156.11372,0
-104.55017,22.967213,0
-98.77179,-113.40263,0
20.300144,-136.65239,0
74.37651,98.0321,0
162.30713,-44.571304,0
-29.55403,-52.124443,0
-28.431763,72.51208,0
19.24822,97.420364,0
-38.908794,-7.2553983,0
-38.64873,-134.72054,0
-1.7960469,-95.79893,0
155.71387,36.51135,0
111.51991,-53.079815,0
34.257393,18.712505,0
16.451597,63.232227,0
17.128334,65.037605,0
-12.072598,-15.361965,0
-11.767638,-18.095688,0
33.75318,-71.23045,0
84.290054,90.36338,0
146.96426,-28.085827,0
-45.949123,-67.925125,0
-24.708763,91.88087,0
1.5192461,109.39076,0
-53.030632,2.8969245,0
-53.603275,-112.05513,0
-2.176065,-116.863144,0
80.19007,85.837234,0
143.17854,-23.087711,0
-48.515606,-73.02422,0
-25.330706,98.20674,0
-4.579726,113.024605,0
-54.34504,8.31927,0
-55.352024,-110.54078,0
1.5501801,-120.833916,0
94.046745,46.37692,0
79.29995,-36.00243,0
-150.67654,-27.14036,0
-81.37023,99.48114,0
-12.571751,160.08105,0
-108.601074,30.744802,0
-114.35273,-129.37941,0
18.830475,-153.8382,0
83.66911,107.88602,0
165.10728,-48.94349,0
-37.667896,-50.31547,0
-21.221617,68.50972,0
21.474367,102.09372,0
-34.158997,-10.897968,0
-47.543163,-130.86823,0
3.0710828,-97.17491,0
86.087585,56.974403,0
69.70015,-36.01969,0
-133.80623,-30.25972,0
-70.00063,97.76462,0
-4.5077677,143.48273,0
-99.51039,35.716022,0
-112.15231,-106.13348,0
31.47404,-147.18648,0
84.68826,49.858753,0
72.73002,-46.43226,0
-150.62944,-39.016052,0
-67.762184,111.66503,0
-20.441072,159.1826,0
-99.282074,42.63331,0
-112.9234,-141.11041,0
27.07805,-149.6688,0
117.60696,100.036064,0
134.02638,-11.7992525,0
-97.476944,-41.964558,0
-91.734245,56.328472,0
-29.826498,119.68066,0
-100.12212,-16.882492,0
-96.91875,-60.123005,0
67.29771,-158.67409,0
145.35925,90.17215,0
125.945015,-105.19686,0
-12.917574,-37.42191,0
-28.360775,40.220192,0
54.184467,152.11034,0
-13.877889,-28.062141,0
-37.668873,-87.88475,0
63.096367,-95.0368,0
82.23948,94.75424,0
153.83337,-37.109596,0
-38.035446,-62.738415,0
-22.074244,82.138275,0
10.274985,106.091545,0
-48.177288,-5.3519907,0
-45.11092,-116.05495,0
-0.25024426,-108.26382,0
60.131268,99.01524,0
136.193,-65.74703,0
-44.999905,-30.784315,0
-44.425694,63.791695,0
31.917793,123.06482,0
-40.893986,13.644042,0
-62.31273,-138.96571,0
18.944572,-92.18689,0
117.28024,81.87428,0
126.90024,-53.604656,0
-70.10668,-42.5922,0
-56.36327,73.39687,0
18.635784,135.06479,0
-77.67666,6.155143,0
-72.66239,-116.35758,0
21.189318,-113.11315,0
141.6198,73.7137,0
111.251785,-81.08222,0
-57.95055,-22.173664,0
-60.88159,47.08527,0
45.642796,129.49113,0
-50.658382,28.262217,0
-63.012043,-82.21144,0
40.999123,-100.53593,0
65.35895,66.001305,0
117.08462,-17.044308,0
-128.41092,-49.800354,0
-57.06214,89.70803,0
17.133339,154.61697,0
-108.91111,4.501898,0
-128.332,-69.73777,0
49.297916,-151.6655,0
133.95111,63.892025,0
110.72454,-65.855934,0
-74.65812,-33.440063,0
-65.74022,61.438362,0
32.71568,141.88486,0
-64.97632,26.844997,0
-82.69575,-130.84535,0
38.958996,-116.52468,0
90.58945,103.62324,0
133.18404,-48.414898,0
-55.88241,-45.88165,0
-40.878265,74.29901,0
21.279331,120.45211,0
-47.143745,-17.119078,0
-37.28824,-119.5555,0
15.333804,-110.07924,0
155.54373,46.047184,0
110.40588,-45.112038,0
-107.373024,-20.32849,0
54.738796,38.16285,0
4.625039,65.736084,0
-77.919,21.20726,0
-84.973114,-96.587555,0
39.319485,-80.04096,0
125.49462,97.48555,0
131.10324,-84.406586,0
-89.531334,-31.712923,0
-49.261753,46.436737,0
34.775307,158.1333,0
-87.28114,-22.78705,0
-83.84716,-78.94187,0
51.95831,-113.94858,0
87.26174,64.12747,0
87.96235,8.2315855,0
-171.39748,2.7742043,0
-58.252518,99.929756,0
-40.24262,163.81467,0
-89.47164,37.650345,0
-120.9522,-89.828064,0
-3.315121,-178.90935,0
113.40471,129.85258,0
104.247025,-119.18881,1
4.8476233,-48.67416,0
-15.480742,43.780888,0
68.585976,156.68742,0
2.3832927,-40.007618,0
0.86316293,-52.058537,0
52.964928,-68.743515,0
94.54936,53.0322,0
79.96925,-38.81061,0
-144.36041,-20.122448,0
-75.45964,95.317696,0
-1.8429011,151.34937,0
-106.90088,34.148014,0
-105.67661,-130.31555,0
18.223793,-148.59525,0
69.1561,77.75032,0
151.01181,-16.485762,0
-53.49459,-60.604248,0
-32.87907,88.43719,0
-10.385407,103.153046,0
-64.32049,3.1889396,0
-62.477043,-118.87073,0
-2.4940536,-129.67194,0
113.68055,131.62048,0
103.462715,-118.38353,1
6.3637257,-48.29864,0
-14.5359125,42.09925,0
70.87423,155.64542,0
3.342424,-39.066334,0
-0.8471497,-52.423862,0
52.31115,-66.933784,0
96.53985,100.017006,0
148.9204,-51.02474,0
-31.459404,-47.731846,0
-30.320137,71.41577,0
20.923067,94.162964,0
-39.31337,-10.611841,0
-35.599262,-134.63356,0
-4.5417113,-92.99884,0
87.12916,111.47037,0
163.87598,-53.651997,0
-41.366634,-47.86311,0
-21.429092,60.959064,0
24.93285,107.5794,0
-33.08055,-16.208652,0
-28.202559,-119.07209,0
9.900907,-97.70346,0
97.73308,23.611946,0
84.43637,2.7602756,0
-174.98703,-3.7227395,0
-103.699615,112.624435,0
-32.97723,169.75543,0
-145.91307,49.74177,0
-127.9136,-94.817345,0
2.9868999,-177.7841,0
93.80758,110.67383,0
158.99722,-55.313858,0
-45.93427,-46.665936,0
-21.168802,56.99239,0
26.385363,111.83152,0
-36.9659,-19.434814,0
-28.747763,-114.78355,0
11.940026,-100.81034,0
126.67231,99.75717,0
133.30954,-85.41885,0
-93.60485,-32.654816,0
-47.66703,42.54169,0
32.360912,159.49316,0
-89.157845,-23.663532,0
-84.842064,-80.18117,0
53.165623,-113.90651,0
90.96744,47.298977,0
80.294586,-41.886364,0
-149.90663,-29.001715,0
-73.95426,109.69737,0
-9.343388,153.50198,0
-108.5124,38.22184,0
-113.454636,-133.33691,0
20.246937,-153.23663,0
116.70966,58.704285,0
91.50069,-25.129961,0
-142.56194,-10.8699045,0
-76.196396,77.57524,0
11.2214985,157.73216,0
-109.73655,18.950888,0
-100.062416,-116.80462,0
13.540661,-134.82791,0
69.75452,40.218517,0
81.65563,5.2852397,0
-182.53004,-5.440888,0
-96.424385,116.34573,0
-26.78902,165.94171,0
-140.34248,43.23403,0
-132.16927,-87.94748,0
8.651818,-172.55482,0
93.538315,26.63986,0
80.42132,1.424849,0
-177.91615,-5.484827,0
-101.33972,115.715866,0
-30.664938,166.5285,0
-142.75418,48.39231,0
-131.5033,-95.02533,0
3.7808342,-175.29958,0
122.35269,94.67601,0
135.23665,-85.03763,0
-94.74623,-32.989807,0
-46.838604,42.977787,0
31.749805,159.67238,0
-88.92892,-25.553345,0
-82.45625,-80.96182,0
54.35489,-112.130264,0
62.10499,88.92074,0
167.49445,-18.35828,0
-64.36867,-56.19222,0
-43.28709,84.33664,0
10.61677,120.55345,0
-69.97599,-10.27106,0
-71.70905,-105.464066,0
-14.429676,-135.69107,0
89.28342,37.87285,0
64.93154,-18.455088,0
-168.8672,-27.79904,0
-85.26373,124.97575,0
-8.061091,163.8142,0
-118.425476,45.20899,0
-128.66695,-121.02329,0
14.0266485,-167.79427,0
109.59171,102.98277,0
143.49702,-41.77303,0
-79.98048,-50.584877,0
-74.84738,51.54564,0
41.23497,105.66086,0
-81.69865,-12.215586,0
-82.70927,-63.419662,0
30.955809,-90.55804,0
102.7112,60.630054,0
76.2502,-12.046823,0
-167.07625,-12.4891,0
-89.55373,110.87106,0
6.744741,164.94676,0
-132.0076,37.721752,0
-128.31303,-104.89088,0
30.67439,-179.087,0
91.99929,105.40785,0
154.12552,-55.011433,0
-51.60699,-46.516575,0
-26.331491,63.94921,0
22.198086,117.2354,0
-43.201534,-18.905024,0
-29.99271,-129.08011,0
15.195394,-103.985085,0
125.390175,73.60122,0
132.16699,-67.1258,0
-47.92743,-29.384176,0
-47.32959,66.303055,0
29.966328,121.50716,0
-44.580086,15.255075,0
-66.73883,-136.64912,0
22.737173,-96.393456,0
97.16911,61.681595,0
105.646484,6.6822867,0
-181.10686,13.272037,0
-112.53136,109.95541,0
-43.363945,175.36978,0
-137.66753,25.121365,0
-144.6071,-89.857346,0
41.100273,-177.47327,0
120.328606,67.92334,0
117.086044,-20.439636,0
-126.39521,-48.384197,0
-57.937366,85.33508,0
16.594727,152.46173,0
-106.558075,5.3471336,0
-125.85893,-68.2921,0
50.3876,-148.00389,0
144.73454,47.03408,0
101.218094,-45.83073,0
-113.7463,-22.877195,0
41.29873,40.667587,0
2.7931666,55.838688,0
-84.28076,20.095392,0
-90.63905,-96.12103,0
46.92849,-86.94272,0
76.42372,86.80711,0
151.75418,-22.045042,0
-52.13311,-64.74912,0
-30.287518,91.3036,0
-8.886254,105.474464,0
-60.020023,1.5126789,0
-56.956367,-115.22141,0
-5.563302,-121.952324,0
63.455605,64.824615,0
115.36713,-13.577015,0
-132.5591,-49.322666,0
-102.58506,92.79724,0
-22.024132,140.44537,0
-112.65851,5.0541296,0
-134.22865,-75.96618,0
47.04976,-156.19249,0
146.84653,18.980476,0
77.72707,-70.462006,0
43.551132,26.870274,0
54.487156,35.48026,0
34.003258,56.554783,0
-2.723793,-1.0538708,0
5.2011127,-9.348577,0
38.42131,-37.775894,0
78.78664,38.536835,0
60.551865,-23.788977,0
-165.5552,-38.94514,0
-74.15566,125.46693,0
-9.915969,170.05238,0
-115.049126,50.937378,0
-133.29602,-130.25244,0
16.244217,-162.31548,0
83.4968,41.543907,0
55.85952,-17.860943,0
-174.70389,-32.302834,0
-81.114845,121.3793,0
-16.126774,178.24269,0
-120.78538,56.503395,0
-131.67403,-119.19225,0
25.621798,-164.98495,0
101.86167,57.40075,0
75.77409,-10.287618,0
-169.44507,-12.880964,0
-89.20887,111.64562,0
6.7568965,166.36838,0
-133.34993,38.309147,0
-129.28041,-104.480545,0
28.318043,-178.43216,0
119.121864,98.137596,0
136.81334,-7.393426,0
-86.16566,-45.514206,0
-84.981285,54.056866,0
34.092464,167.48976,0
-88.0306,-15.803117,0
-88.700935,-66.37345,0
58.006023,-121.1505,0
157.07991,9.944193,0
71.75827,-81.60013,0
52.152874,12.301581,0
23.528418,44.580505,0
23.887857,45.54281,0
13.074365,8.384317,0
14.951467,4.219527,0
43.075043,-26.47702,0
152.89793,17.70756,0
76.50578,-74.01867,0
57.442207,12.625332,0
55.56613,34.590084,0
30.227592,55.084732,0
6.711438,8.6948,0
8.442418,4.482897,0
39.03022,-34.230137,0
101.56594,47.73265,0
77.70094,-38.579636,0
-142.77245,-18.215805,0
-85.770485,89.601906,0
-1.3314235,149.85382,0
-105.38833,33.316093,0
-105.26794,-122.65989,0
18.144028,-144.2875,0
165.88808,9.763303,0
79.57845,-94.17933,0
38.78278,12.420383,0
11.440179,31.392433,0
11.874469,33.68317,0
13.782421,17.12659,0
17.359856,14.011377,0
40.030308,-15.630312,0
79.21983,67.71038,0
99.18895,-42.96374,0
-117.24782,-25.62317,0
-49.74475,103.97286,0
-0.59999967,129.01407,0
-86.57708,29.199896,0
-94.37716,-100.96024,0
38.607376,-129.74289,0
69.51591,56.212124,0
113.39311,-11.838208,0
-138.52562,-48.892357,0
-102.49203,95.13594,0
-21.625635,139.02344,0
-114.40802,6.1375484,0
-134.39871,-75.319336,0
44.226383,-158.52094,0
102.61706,73.13193,0
99.904305,-24.630087,0
-146.2325,-12.743026,0
-87.2265,85.36071,0
-32.043022,145.87833,0
-126.918945,24.136086,0
-156.84799,-81.06291,0
56.28784,-162.19722,0
84.269905,44.241093,0
74.42712,-48.69665,0
-152.13878,-37.486534,0
-70.29881,111.19584,0
-18.645864,160.97786,0
-102.16449,45.16473,0
-114.62112,-138.24072,0
24.62597,-152.62497,0
80.11157,64.02769,0
99.41476,-49.000267,0
-120.04598,-21.77913,0
-54.943165,105.38535,0
-6.714063,126.45437,0
-82.81967,33.949093,0
-94.31206,-95.336174,0
38.409397,-134.47578,0
116.36417,139.37105,0
93.753334,-115.01658,1
18.364204,-50.49494,0
-6.1592464,37.021484,0
80.37081,149.88354,0
6.401094,-28.195942,0
-11.788547,-59.747894,0
53.754642,-53.039272,0
84.887825,73.11686,0
106.481674,-42.763714,0
-114.55251,-30.148783,0
-47.13739,106.019615,0
-0.7597425,130.93791,0
-80.927246,25.932589,0
-86.57483,-92.64412,0
41.30464,-129.65129,0
101.21227,19.803148,0
88.23542,6.6368895,0
-172.74748,2.0874627,0
-106.08603,109.79214,0
-38.60392,162.83022,0
-150.81575,50.053196,0
-122.9728,-89.327805,0
-2.6158335,-177.22798,0
99.53433,76.80924,0
110.00247,-27.052996,0
-138.04373,3.9526024,0
-121.1263,87.826096,0
-29.463255,121.88954,0
-133.1477,9.334134,0
-158.99681,-75.6627,0
64.10251,-161.55835,0
140.89297,21.636215,0
87.391396,-67.63311,0
49.478355,25.074717,0
40.79244,33.174244,0
38.877487,61.51346,0
-7.3710065,-3.240983,0
2.0404263,-12.015501,0
38.13786,-44.705708,0
139.56606,39.371742,0
91.57941,-60.182964,0
37.466965,36.90328,0
-32.277504,29.919275,0
37.345192,69.29762,0
-11.439752,4.3828263,0
0.8838962,-17.719881,0
35.52032,-50.47139,0
65.625244,84.99265,0
161.62318,-15.800175,0
-64.45803,-62.56693,0
-41.498672,90.07115,0
6.8935294,118.12706,0
-68.46413,-6.8076725,0
-70.81989,-101.98539,0
-9.4503765,-133.85555,0
133.35724,69.49612,0
114.34852,-70.17107,0
-69.28454,-30.58586,0
-58.66051,60.959305,0
33.694424,136.11024,0
-62.297935,20.686464,0
-77.06681,-129.51746,0
35.364643,-111.44568,0
126.19661,74.439255,0
131.7997,-68.02526,0
-48.58977,-29.131416,0
-47.871586,65.93884,0
30.592527,121.452934,0
-45.206886,16.76566,0
-67.60475,-135.99414,0
23.616158,-95.98541,0
79.2067,97.70897,0
157.30681,-42.01967,0
-32.887238,-58.686176,0
-20.436089,75.409164,0
12.216727,99.0306,0
-43.711277,-4.7369065,0
-39.027397,-126.79894,0
-1.8527873,-103.80762,0
115.91545,41.535416,0
70.37783,-21.359423,0
-160.35468,-27.953201,0
-77.61179,85.9726,0
-1.003603,171.99997,0
-114.048836,41.739323,0
-122.8207,-123.43074,0
7.5115786,-140.54895,0
87.739075,47.145874,0
77.28199,-46.95688,0
-152.0287,-34.413773,0
-71.67526,111.69445,0
-16.989155,161.08528,0
-104.638245,42.650925,0
-111.95167,-136.97249,0
23.109278,-150.69249,0
82.26868,84.775276,0
142.57564,-26.00217,0
-46.98763,-71.969406,0
-22.022692,97.5797,0
-1.6782659,115.29862,0
-52.510784,6.3107915,0
-53.337322,-107.33193,0
2.3513443,-118.833984,0
85.21805,38.116432,0
59.286793,-14.905,0
-175.20805,-28.356438,0
-84.91134,123.68767,0
-19.28347,175.74869,0
-122.56758,53.551098,0
-134.16246,-119.47931,0
15.932498,-170.84163,0
158.53268,60.482754,0
93.82452,-73.953835,0
-0.372696,20.711363,0
-4.0415525,19.077036,0
43.47844,81.05874,0
-2.0432742,20.065758,0
1.3026423,21.9215,0
29.77283,-62.464455,0
69.46467,121.81048,0
152.3586,-80.99537,0
-22.784353,-83.96173,0
-4.5420322,77.10506,0
14.659336,114.97108,0
-19.815771,-4.9260287,0
-22.591108,-91.33192,0
18.13612,-71.4943,0
74.22567,82.30155,0
145.29715,-20.08583,0
-52.168194,-71.83995,0
-28.641838,96.70132,0
-6.2458663,110.87543,0
-57.93533,7.114722,0
-59.58078,-110.68937,0
-0.42915648,-124.67913,0
121.635895,141.31918,0
97.15353,-110.29548,1
16.862034,-46.066875,0
-10.885937,35.45311,0
75.35274,146.36526,0
10.63789,-31.044033,0
-13.194593,-52.943382,0
48.5854,-57.657722,0
97.35612,24.549408,0
84.16582,1.5745912,0
-175.73811,-3.0312366,0
-102.249115,112.78662,0
-34.32993,161.3897,0
-145.80823,49.13167,0
-127.20149,-92.97529,0
1.075599,-175.73508,0
109.58444,106.088356,0
141.03908,-41.811134,0
-78.02323,-53.30589,0
-75.67306,49.72063,0
40.64123,107.14039,0
-80.268616,-12.582539,0
-77.402916,-65.88439,0
28.983307,-88.86631,0
119.04234,29.425468,0
73.58818,9.110785,0
-160.1139,7.0476737,0
-94.19758,80.724724,0
-39.77185,145.76073,0
-153.20454,31.165781,0
-109.09144,-82.61149,0
-9.9384,-158.69122,0
118.94324,86.447014,0
122.42117,-58.102512,0
-70.906235,-21.421516,0
-55.196335,68.67357,0
23.376629,135.42781,0
-80.01473,1.8093921,0
-44.015594,-99.86844,0
24.634527,-110.13111,0
78.690544,103.48653,0
161.25137,-38.498367,0
-35.13252,-56.20136,0
-25.672132,78.707954,0
9.772137,101.44132,0
-45.279865,-7.4774346,0
-44.37844,-126.96212,0
-4.7583804,-105.08264,0
83.04479,49.69411,0
71.928406,-46.081226,0
-150.16647,-40.5433,0
-65.98849,111.03757,0
-21.323807,158.66335,0
-98.467255,42.914925,0
-113.06813,-142.437,0
29.003683,-150.96939,0
68.204865,66.65014,0
118.48232,-17.725677,0
-127.44802,-51.365932,0
-56.534187,89.58962,0
16.906542,155.26309,0
-108.055534,2.592217,0
-129.17755,-67.9145,0
50.45617,-151.14772,0
114.249306,86.68695,0
124.88734,-55.87185,0
-69.9988,-40.2705,0
-54.501472,70.68697,0
21.348515,134.10132,0
-77.88568,3.8699768,0
-74.12002,-116.874825,0
23.519522,-112.43989,0
69.481514,117.32261,0
153.83864,-75.55804,0
-26.891085,-78.483215,0
-8.068903,73.53443,0
12.140453,85.013916,0
-20.323515,0.8807583,0
-25.810783,-95.998924,0
18.720907,-75.55993,0
112.98021,59.113712,0
90.76324,-32.547047,0
-145.4145,-18.180489,0
-76.62532,90.42566,0
0.7505597,151.85324,0
-108.0221,24.174639,0
-100.80672,-124.5709,0
12.674362,-138.3196,0
85.501595,79.2214,0
152.90343,-28.742931,0
-45.886658,-61.461308,0
-26.532637,86.050026,0
4.0702176,104.22039,0
-55.00627,-3.0256624,0
-51.75878,-118.254,0
-7.185339,-113.6415,0
102.32943,42.82685,0
79.79208,-29.385477,0
-155.55254,-17.243856,0
-85.83629,97.21341,0
-17.882668,155.31334,0
-117.3088,25.669939,0
-112.663574,-118.38504,0
10.807246,-155.1253,0
79.13539,109.58887,0
167.93362,-47.86,0
-35.173683,-47.6795,0
-23.338627,66.633,0
23.843061,100.88401,0
-32.200863,-8.476935,0
-45.35691,-134.96881,0
2.1885197,-94.04715,0
97.23764,22.19317,0
86.13423,1.6539102,0
-171.51433,-0.79134005,0
-107.34808,111.67564,0
-37.580116,164.81232,0
-148.19034,52.75818,0
-124.84255,-95.684006,0
-1.6838045,-180.59785,0
162.8855,7.8181553,0
75.69135,-91.08664,0
52.084446,13.831189,0
17.324776,36.28093,0
16.105494,35.46777,0
16.32134,8.547011,0
18.287035,10.353748,0
42.318867,-18.09679,0
71.96242,62.807762,0
71.035904,-29.806595,0
-134.00961,-34.36146,0
-68.611626,103.38963,0
-13.971475,139.45363,0
-96.390434,30.428204,0
-116.5461,-108.35604,0
35.244,-152.46,0
122.71419,28.281218,0
71.2674,12.320903,0
-155.22693,10.724697,0
-96.79847,76.94896,0
-43.78849,143.995,0
-154.6729,28.628754,0
-107.73689,-79.60098,0
-13.343113,-158.00212,0
71.12962,55.18123,0
112.99223,-12.153388,0
-138.24513,-51.660892,0
-103.98799,96.51174,0
-22.338364,137.9086,0
-114.83545,4.089698,0
-133.70271,-73.825676,0
45.22833,-160.04248,0
103.86764,65.979385,0
104.78458,-0.47247288,0
-175.86075,17.05896,0
-122.14869,107.498955,0
-49.0085,174.65631,0
-132.44835,22.61221,0
-152.77866,-91.93363,0
46.425423,-173.7489,0
81.78368,109.86384,0
167.60907,-51.023216,0
-37.843727,-46.658062,0
-21.142427,65.21657,0
25.55762,104.43669,0
-31.58258,-12.526563,0
-33.947433,-121.8344,0
5.6819024,-95.34364,0
109.98167,36.530407,0
61.936047,-28.538742,0
-161.05853,-33.874863,0
-74.820984,116.5181,0
-6.1946983,176.34549,0
-109.8497,50.33692,0
-126.179115,-130.11708,0
19.838781,-158.26875,0
98.52808,25.615204,0
81.529434,-2.019938,0
-173.0429,-5.2968464,0
-105.36316,117.03704,0
-35.445694,167.96637,0
-143.1269,53.098896,0
-127.490746,-97.00921,0
3.5851007,-180.0959,0
147.1996,46.727554,0
101.835,-45.4137,0
-114.429016,-22.330147,0
46.1537,43.943714,0
-0.039016493,58.854263,0
-83.2786,20.701279,0
-91.21269,-94.46188,0
46.036655,-85.614914,0
107.62231,28.899862,0
90.27879,-2.4920578,0
-164.65222,1.4160229,0
-96.97971,106.177605,0
-35.84217,153.11153,0
-148.07365,40.252857,0
-115.49779,-90.05809,0
-0.8434182,-168.92638,0
126.0965,27.399282,0
164.4038,-15.1069145,0
-65.22652,-60.029377,0
-41.954895,88.1262,0
-2.8810477,92.32847,0
-65.99028,-10.234687,0
-67.119545,-105.605995,0
-9.265969,-136.5814,0
163.8818,11.887858,0
83.7965,-92.82469,0
28.4895,-2.8414955,0
29.699669,-7.728444,0
12.912753,44.306763,0
28.420267,-4.0505247,0
26.656895,1.8147362,0
35.91142,-16.718887,0
122.34506,137.2843,0
102.49652,-111.794426,1
11.326967,-44.399036,0
-14.048433,35.255615,0
74.1058,153.30438,0
8.657591,-36.723045,0
-7.604213,-50.06163,0
46.70862,-59.687237,0
103.90124,47.400642,0
78.22348,-25.440472,0
-140.04453,-24.368196,0
-85.446594,102.074326,0
-12.047146,144.89143,0
-117.09638,21.065125,0
-110.10292,-113.915245,0
9.109285,-158.15105,0
108.16814,106.94658,0
141.70944,-40.33244,0
-80.70685,-52.09951,0
-76.4883,51.586098,0
40.50502,107.893,0
-81.54046,-10.487634,0
-80.05175,-65.03916,0
30.147657,-88.65978,0
71.084076,116.10337,0
152.81322,-73.33019,0
-26.715162,-76.203766,0
-8.012143,70.080444,0
14.619837,87.317604,0
-22.957216,0.93205804,0
-26.661808,-95.87729,0
19.528053,-77.98483,0
98.389786,91.80256,0
114.964325,-41.2692,0
-110.13187,-35.196373,0
-47.990253,114.590485,0
18.164942,170.56906,0
-85.21798,10.188243,0
-77.91906,-94.015144,0
48.42438,-129.93272,0
70.45997,63.298054,0
103.2894,-23.94839,0
-145.05475,-1.3593303,0
-113.015015,90.09818,0
-30.283659,130.79512,0
-122.27979,14.571927,0
-148.25774,-75.605835,0
54.120617,-155.27672,0
128.615,89.896255,0
129.29897,-76.700386,0
-50.11683,-33.9312,0
-41.626907,55.820156,0
31.966677,149.19458,0
-78.89456,-23.327627,0
-74.186195,-82.107025,0
26.75538,-94.9538,0
125.286064,79.95479,0
128.54364,-75.182045,0
-52.87493,-35.785637,0
-42.92849,58.556854,0
33.301785,147.82625,0
-79.19829,-20.912556,0
-73.92376,-84.02417,0
26.861862,-97.65617,0
91.90808,110.74981,0
159.98486,-54.093643,0
-44.815453,-47.827766,0
-19.281027,58.374603,0
24.633383,110.38944,0
-36.383503,-18.257896,0
-28.596542,-115.71975,0
10.264821,-101.36474,0
64.68151,104.24777,0
145.28018,-63.03486,0
-36.42655,-34.654964,0
-35.324883,64.65148,0
30.965014,92.59332,0
-33.124996,8.0030575,0
-52.858276,-140.50565,0
4.6616116,-84.381256,0
99.42289,64.451996,0
106.31093,4.967933,0
-182.391,12.739614,0
-115.133835,107.70521,0
-42.585384,174.8325,0
-136.72554,25.044996,0
-146.84612,-89.52927,0
42.944477,-176.64061,0
127.583405,77.76913,0
124.556076,-74.1895,0
-57.1541,-35.579865,0
-47.314392,55.699417,0
30.576317,127.13193,0
-52.39438,15.752642,0
-57.4475,-93.87611,0
26.54736,-102.50232,0
104.66907,85.27517,0
121.481895,-31.655817,0
-105.87673,-43.65755,0
-56.630257,120.72875,0
17.012047,163.39021,0
-90.87437,2.6817508,0
-109.64088,-66.88565,0
54.789787,-138.44757,0
115.11669,23.516047,0
79.519875,12.764624,0
-164.15454,10.521608,0
-94.85721,129.94429,0
-46.37311,155.90016,0
-158.13408,36.15724,0
-118.733604,-83.47472,0
-11.330291,-166.18568,0
144.71992,98.84954,0
126.91043,-98.44956,0
-19.198114,-43.0165,0
-36.214985,40.917736,0
46.761955,151.65703,0
-18.966396,-24.327253,0
-43.812973,-83.28132,0
59.62978,-98.98152,0
123.77655,86.126854,0
132.15744,-69.77926,0
-49.56637,-29.147762,0
-47.132355,64.95132,0
30.81831,120.70977,0
-43.523094,18.538294,0
-67.56295,-133.89223,0
23.332237,-93.16739,0
89.1541,37.022617,0
73.57702,-8.505908,0
-168.04979,-25.70518,0
-91.40403,119.0993,0
-21.77981,167.30457,0
-122.49547,47.33257,0
-128.8239,-119.09562,0
27.6912,-180.01886,0
98.80908,37.903263,0
67.27777,-11.969208,0
-167.9408,-18.846138,0
-83.80487,112.43326,0
-6.971355,183.70778,0
-127.629196,42.942936,0
-127.16585,-109.5791,0
26.035902,-173.54822,0
91.47186,41.605583,0
65.93579,-28.759697,0
-158.95122,-35.72619,0
-77.70398,106.840614,0
-1.3182358,159.9686,0
-120.85713,44.880962,0
-121.91656,-130.75682,0
24.870615,-158.79459,0
72.54755,102.43072,0
164.24457,-44.142963,0
-30.024748,-50.5786,0
-28.912626,72.07225,0
20.247992,97.12629,0
-35.866554,-6.576224,0
-40.677044,-135.0501,0
-1.8432994,-94.84614,0
145.65697,47.132786,0
104.69717,-44.53814,0
-111.77045,-24.09939,0
45.225418,43.57747,0
1.0990113,57.3065,0
-84.43135,19.199757,0
-87.65371,-93.58081,0
46.03599,-86.8991,0
83.040535,37.46597,0
56.37228,-17.287882,0
-175.10236,-31.578503,0
-82.95086,122.61765,0
-15.38277,179.37958,0
-121.61838,56.27897,0
-136.82199,-122.38992,0
19.910913,-169.5055,0
112.26525,31.440546,0
90.74916,-3.1219895,0
-162.50264,2.0577393,0
-94.51117,86.76487,0
-35.92638,151.84569,0
-148.87439,37.857285,0
-114.729195,-90.040375,0
-3.5556011,-162.77878,0
83.95191,100.467155,0
158.95848,-37.071285,0
-37.14407,-57.280647,0
-18.209812,79.061935,0
14.444785,106.87051,0
-48.080574,-9.453643,0
-43.17553,-123.68846,0
4.835828,-107.813255,0
69.012665,95.53249,0
157.26665,-29.774529,0
-47.536343,-56.787945,0
-31.463552,82.726036,0
5.5310407,99.65396,0
-55.080856,-7.181762,0
-54.40021,-123.636536,0
-10.397921,-111.58819,0
71.36654,89.41425,0
156.85521,-20.603386,0
-58.83083,-68.40263,0
-35.493797,96.04005,0
-1.1146661,101.286995,0
-61.986935,-3.2426221,0
-58.964928,-102.96407,0
-9.574541,-122.53056,0
71.26596,57.8965,0
109.3185,-15.998142,0
-133.79343,-54.34299,0
-73.745316,104.82466,0
-19.792023,132.60535,0
-116.671036,-0.55674386,0
-138.14061,-69.188515,0
39.576694,-150.60976,0
135.78088,62.7042,0
109.88292,-66.23171,0
-74.6815,-32.854843,0
-64.937294,60.6937,0
33.771446,141.52263,0
-64.27738,27.579508,0
-83.20869,-131.80844,0
38.875088,-115.98584,0
86.93768,101.122025,0
134.3558,-46.168903,0
-57.630947,-48.331417,0
-40.174683,76.3474,0
18.288282,120.57526,0
-49.14225,-14.056686,0
-40.81168,-120.93736,0
13.28222,-112.456604,0
85.16225,105.66709,0
160.21277,-33.918648,0
-40.817707,-55.36551,0
-23.060732,80.169945,0
17.374125,105.50847,0
-45.45437,-11.560088,0
-45.797718,-121.51305,0
4.8893538,-104.44977,0
138.08615,75.26756,0
113.957,-83.14424,0
-60.782127,-21.986595,0
-59.267735,49.828217,0
43.242336,130.0925,0
-53.571518,29.409845,0
-65.93605,-82.367,0
42.164326,-103.32338,0
139.75104,78.654594,0
114.11386,-81.110725,0
-60.463364,-25.027317,0
-56.89246,48.405018,0
43.792168,127.30247,0
-53.31463,27.027122,0
-64.15565,-83.92171,0
39.307594,-102.87908,0
84.52201,88.584526,0
148.02162,-27.913685,0
-46.47815,-67.27808,0
-24.664797,91.17439,0
1.349946,108.22419,0
-53.85613,1.9404687,0
-53.0728,-113.12282,0
-1.8022497,-116.31254,0
112.676544,48.32943,0
88.79788,-32.85118,0
-147.05469,-21.491232,0
-80.144165,89.01685,0
-5.1363287,153.7972,0
-109.869446,26.293634,0
-103.31393,-124.335075,0
12.67209,-140.64194,0
152.99063,17.584755,0
76.49061,-74.0588,0
56.67966,12.499951,0
55.40801,34.554527,0
30.677494,55.280636,0
7.1982193,8.233318,0
8.645806,3.9822366,0
38.953114,-33.808414,0
110.37489,137.87541,0
92.944695,-116.68689,1
18.273413,-52.628563,0
-6.798374,36.924057,0
79.92575,150.45868,0
3.4059641,-28.845108,0
-8.932547,-61.980938,0
56.4758,-55.85864,0
116.102585,21.916498,0
78.23723,15.134469,0
-162.30939,13.42517,0
-102.91624,81.210335,0
-46.906273,150.58943,0
-159.65442,34.693268,0
-114.85312,-78.53307,0
-13.724693,-164.8885,0
144.0762,92.19666,0
119.585396,-100.878044,0
-20.198093,-35.69174,0
-30.471527,47.424923,0
50.48658,145.3361,0
-20.234001,-32.184605,0
-44.803978,-91.45823,0
58.224358,-90.19761,0
74.068825,105.232834,0
166.04933,-41.395824,0
-32.67556,-51.244965,0
-30.630491,74.208725,0
19.449205,93.694275,0
-35.183453,-2.725796,0
-43.27799,-134.62306,0
-5.7552075,-96.09681,0
114.332825,60.911457,0
70.69068,-30.83937,0
-133.76627,-27.791414,0
-68.37112,102.6654,0
-13.04317,138.31966,0
-96.995705,30.388916,0
-114.46359,-108.70008,0
36.550087,-148.48637,0
146.26926,93.64787,0
122.21533,-105.07366,0
-15.321118,-34.241013,0
-27.260164,44.621815,0
54.670593,147.39941,0
-15.556425,-31.634243,0
-39.871254,-91.89406,0
61.945408,-91.45658,0
113.09663,70.15966,0
169.36873,-17.511547,0
-65.456085,-54.61586,0
-45.194683,83.77512,0
11.350023,122.346756,0
-72.123245,-9.684611,0
-74.200226,-106.29293,0
-16.22399,-135.17514,0
88.448845,110.46794,0
162.5218,-52.96387,0
-42.72047,-48.894016,0
-20.121187,60.33338,0
24.49149,108.37782,0
-34.661537,-16.46178,0
-29.372046,-118.64927,0
7.9701324,-99.77123,0
64.64626,104.70535,0
145.35452,-62.58142,0
-35.089863,-34.809578,0
-36.40172,64.839584,0
30.823353,91.5626,0
-32.432575,7.597317,0
-52.45951,-140.69246,0
4.272911,-84.804886,0
61.354523,108.46858,0
137.47244,-59.868645,0
-39.9279,-38.16468,0
-32.00038,59.824707,0
29.30952,98.35062,0
-37.29245,7.313617,0
-56.578625,-135.28328,0
8.921111,-90.077194,0
169.93095,3.6637897,0
81.13141,-94.74561,0
23.192875,-21.227278,0
34.177116,-8.351877,0
13.346858,41.731976,0
28.488811,-0.8844116,0
30.04517,4.0566444,0
37.76676,-15.4076,0
114.26905,130.20819,0
105.996155,-118.57434,1
2.8986552,-47.492897,0
-17.622568,44.60118,0
66.08976,156.33914,0
1.9930478,-41.59675,0
-0.1764848,-50.264103,0
52.042133,-70.15483,0
65.48061,120.37356,0
147.66243,-75.88828,0
-20.647013,-78.145615,0
-6.8804197,66.28693,0
18.771814,84.73567,0
-24.10666,-4.306187,0
-26.522032,-102.25382,0
19.44626,-81.24257,0
102.29286,106.887054,0
147.30627,-42.0579,0
-31.465546,-66.43372,0
-15.992131,71.54171,0
34.74854,107.64136,0
-44.161118,-12.819382,0
-37.424397,-109.46365,0
10.880519,-106.59016,0
118.46156,32.922997,0
74.702644,8.92289,0
-157.71124,5.8660097,0
-94.994995,81.38184,0
-40.421387,146.94237,0
-151.36708,32.048077,0
-109.62804,-84.520065,0
-7.601125,-159.74382,0
77.9094,86.23218,0
140.45358,-36.140583,0
-83.1173,-55.548393,0
-76.495766,56.0093,0
43.770336,110.02676,0
-84.31543,-7.011269,0
-83.21217,-66.73361,0
34.37788,-87.81466,0
61.5649,106.75781,0
142.71378,-62.554672,0
-39.214275,-34.659008,0
-36.58946,60.06079,0
31.072517,95.23544,0
-35.018303,10.00694,0
-55.95261,-140.08502,0
7.3182,-85.064255,0
65.799065,88.19926,0
162.60576,-17.765858,0
-62.27721,-61.25292,0
-38.73502,90.33638,0
-4.025117,96.90525,0
-64.802574,-8.146104,0
-66.19779,-104.39425,0
-12.504218,-130.37108,0
87.64799,118.90434,0
113.85371,-15.070525,0
-132.12614,-51.745125,0
-55.275475,85.19853,0
5.003216,130.89417,0
-111.348175,0.9187418,0
-133.98032,-68.65698,0
47.314453,-155.43596,0
90.44828,109.42161,0
160.97502,-52.797855,0
-43.9936,-48.69362,0
-19.467197,60.046104,0
23.84877,109.3507,0
-36.09264,-16.684877,0
-29.610493,-117.14852,0
9.19054,-101.017235,0
64.03652,117.99143,0
147.25221,-73.795204,0
-20.726496,-75.69411,0
-8.748715,67.679985,0
18.745832,87.432976,0
-25.607994,-3.603085,0
-28.518139,-101.90024,0
17.054554,-83.5424,0
116.234055,105.58761,0
135.68599,-5.9472575,0
-87.33083,-47.582867,0
-83.36093,59.799046,0
36.55418,169.7481,0
-89.91679,-14.683612,0
-89.44344,-67.17873,0
63.084824,-121.95042,0
113.88549,46.02684,0
88.497795,-34.144127,0
-147.7117,-17.751177,0
-81.03952,88.61748,0
-4.9083037,155.53079,0
-112.44088,31.407549,0
-103.54348,-126.06751,0
12.704956,-141.91696,0
113.384445,44.815975,0
85.507965,-38.109154,0
-150.33025,-20.679295,0
-80.478455,91.44891,0
-7.6961856,156.87514,0
-112.770515,33.13339,0
-107.55966,-128.24922,0
12.960831,-148.45168,0
122.81491,99.501236,0
118.61875,-27.548265,0
-97.66742,-35.316128,0
-76.18428,69.5077,0
22.218588,157.33177,0
-93.27843,11.644744,0
-91.00603,-81.035255,0
55.27524,-117.90438,0
105.33907,41.368187,0
82.233154,-28.138626,0
-154.41057,-14.948716,0
-88.44714,92.36148,0
-15.119521,152.0845,0
-119.152695,26.75959,0
-110.646805,-119.57875,0
6.6700296,-152.99542,0
99.33882,77.820274,0
109.951385,-27.273682,0
-137.82281,3.8588526,0
-121.485535,87.67469,0
-29.16417,122.04875,0
-133.16867,8.852051,0
-158.99306,-75.18835,0
64.08394,-161.21562,0
106.71426,135.41399,0
100.67147,-126.968925,1
10.367398,-58.645424,0
-7.9546795,47.866467,0
72.8967,163.48074,0
-2.9339123,-32.68892,0
1.2716844,-62.656574,0
61.991676,-65.47122,0
162.34828,9.607876,0
75.636566,-84.70556,0
46.69211,12.742225,0
21.030392,37.31306,0
20.839972,37.107456,0
21.878172,6.3025846,0
20.978172,6.7022457,0
40.589657,-21.980593,0
87.03324,28.07363,0
63.65214,-2.87973,0
-182.16354,-22.384703,0
-93.122894,125.231804,0
-24.322828,177.94507,0
-129.25378,57.379173,0
-142.89569,-109.51279,0
14.19842,-181.50061,0
137.05289,33.703075,0
83.5372,-58.974686,0
-28.334019,18.327671,0
-26.21793,28.445236,0
30.098585,76.33315,0
-28.417337,21.248882,0
-119.201965,-71.06363,0
31.126617,-48.98297,0
141.51129,20.901922,0
78.49898,-69.89283,0
50.73182,24.557142,0
41.48703,33.163612,0
39.083923,60.619633,0
-6.3411484,-3.6206408,0
2.2781734,-11.116147,0
38.89818,-43.630703,0
86.50418,84.32334,0
143.36366,-26.136375,0
-47.535786,-71.14115,0
-23.67171,96.84898,0
-1.5261023,114.15485,0
-53.11864,5.485785,0
-53.011715,-107.524025,0
1.0892273,-118.24293,0
170.9817,15.460332,0
86.40561,-86.5502,0
46.841713,0.39874178,0
43.652004,-1.2309189,0
6.0765557,45.957176,0
45.367687,-0.41120344,0
48.74779,1.2771257,0
43.825283,-9.287124,0
110.30195,60.90396,0
75.27671,-18.28743,0
-160.69063,-16.06486,0
-64.59005,87.61823,0
2.533084,176.86922,0
-126.47164,34.482025,0
-122.31343,-113.31112,0
27.395493,-137.29968,0
71.214516,102.55864,0
165.0714,-42.581642,0
-31.502708,-50.90442,0
-29.633015,74.461075,0
19.986004,94.74365,0
-35.591164,-4.5515356,0
-42.375397,-133.53973,0
-4.8316503,-95.03251,0
86.11748,55.440487,0
67.37292,-35.89546,0
-132.13023,-30.195683,0
-65.32016,103.88151,0
-6.0185394,138.58199,0
-96.184525,37.116737,0
-112.71047,-104.91048,0
33.47597,-146.59059,0
123.48347,55.369,0
121.95415,-41.138996,0
-136.21188,-10.461784,0
-67.59448,90.179016,0
10.886249,136.64001,0
-96.81447,24.894596,0
-88.90625,-120.85813,0
25.987963,-136.7089,0
83.50639,51.070095,0
72.03116,-45.843002,0
-149.90709,-40.52611,0
-65.8561,110.47413,0
-21.186062,158.62527,0
-98.67913,42.63124,0
-112.91732,-142.28027,0
27.85468,-150.96468,0
171.9476,5.020341,0
84.64424,-95.26196,0
33.03675,-0.5395001,0
32.76085,-6.854415,0
11.092456,42.892387,0
32.274036,-4.1711144,0
33.23381,2.367077,0
34.984737,-13.535134,0
72.49229,89.08613,0
155.89192,-21.637442,0
-57.672832,-68.878,0
-33.76591,96.19218,0
-1.7476252,102.61645,0
-61.004673,-1.9346868,0
-57.1478,-103.203995,0
-8.069244,-121.39351,0
56.225998,100.38234,0
136.64447,-63.320335,0
-45.519417,-66.60001,0
-34.203358,76.17965,0
3.0140045,110.23012,0
-40.83956,11.487694,0
-60.9411,-133.81444,0
16.395115,-92.03053,0
88.08156,60.066658,0
71.187965,-34.922897,0
-135.17603,-30.904045,0
-64.29833,101.92483,0
-8.58775,137.747,0
-96.674194,33.515945,0
-110.258484,-107.36551,0
32.205032,-145.04317,0
108.96038,134.57588,0
101.54142,-128.7139,1
11.30791,-57.28254,0
-7.8505464,48.614983,0
71.64203,165.66705,0
-0.87013453,-33.734673,0
-0.8078098,-61.287315,0
62.109226,-66.40315,0
112.59069,49.83102,0
70.60213,-22.533764,0
-159.7357,-29.200441,0
-76.67448,86.20888,0
-1.6774737,170.91342,0
-112.94601,43.189095,0
-122.390465,-124.8313,0
8.009966,-139.66469,0
158.4513,60.70562,0
93.94671,-73.77507,0
-0.6331557,21.167683,0
-4.1888895,19.50956,0
43.28,80.945564,0
-2.3336902,20.358772,0
1.488294,22.271532,0
29.896885,-62.197906,0
114.86019,141.99158,0
92.45386,-113.37315,1
17.697023,-48.806217,0
-8.41144,37.079517,0
79.44009,152.90623,0
7.771798,-27.182148,0
-10.355998,-58.45293,0
52.174393,-57.984283,0
116.60927,73.6773,0
95.6577,-6.904523,0
-121.805565,-44.854668,0
-61.073074,71.76072,0
9.211913,168.10376,0
-97.09036,4.9017124,0
-86.105,-113.10871,0
25.733273,-129.44,0
135.3997,71.20489,0
113.5559,-74.74804,0
-62.176575,-28.567965,0
-58.27288,55.838497,0
38.089,133.44028,0
-55.689224,23.20349,0
-65.10987,-89.450966,0
36.63182,-105.01057,0
85.42675,85.01694,0
142.60252,-26.199192,0
-47.000942,-72.06367,0
-22.752485,97.09264,0
-2.2465124,115.08748,0
-52.69399,6.207857,0
-53.48123,-108.22333,0
2.4344919,-119.25415,0
138.59477,96.09541,0
121.43824,-103.1734,0
-17.15737,-34.884445,0
-28.788332,42.416233,0
54.204346,146.36147,0
-18.180122,-30.685781,0
-41.73875,-92.161995,0
60.39867,-92.8169,0
106.597336,27.570518,0
89.36167,-2.3637545,0
-165.82039,1.8961706,0
-99.27262,107.46703,0
-35.761856,154.62952,0
-147.1873,40.750484,0
-116.614685,-90.33194,0
0.18274504,-170.62929,0
116.36807,47.31861,0
86.916176,-27.708431,0
-146.96452,-12.181388,0
-86.55675,87.71439,0
-1.6740396,153.88797,0
-117.88652,30.324366,0
-104.41453,-119.86355,0
5.7661314,-149.20627,0
69.3174,75.44264,0
150.70338,-13.026274,0
-69.39193,-61.11,0
-45.125816,93.93669,0
-12.9797535,106.134346,0
-67.66967,2.6633618,0
-67.15028,-113.32531,0
-3.8049057,-134.70966,0
88.576645,34.78739,0
61.28,-16.03356,0
-172.2984,-27.117521,0
-83.9518,123.90432,0
-14.287119,173.69427,0
-122.14325,50.25985,0
-133.06406,-119.25588,0
17.419094,-167.14136,0
102.224976,59.00231,0
75.716866,-11.274953,0
-167.85237,-13.00839,0
-89.13785,110.5592,0
5.8030596,164.75235,0
-132.28525,38.4875,0
-129.5964,-105.09459,0
28.63759,-176.9392,0
79.319016,75.06957,0
69.545166,-0.029152054,0
-177.09666,-12.226712,0
-100.49812,123.93022,0
-30.348959,177.12766,0
-136.22728,57.52635,0
-137.34892,-106.20471,0
19.638855,-185.4688,0
119.1104,32.64852,0
75.442986,9.448984,0
-157.97557,7.084963,0
-96.57237,81.1329,0
-41.225193,147.8083,0
-150.74983,32.897537,0
-110.03237,-83.98273,0
-8.387422,-160.05827,0
71.03967,45.35153,0
113.678856,-3.7771647,0
-145.9185,-46.047207,0
-93.787704,94.47868,0
-23.975523,148.78766,0
-113.905426,13.602697,0
-101.326614,-106.448814,0
5.028744,-159.36174,0
87.76929,100.35139,0
134.80153,-47.489674,0
-56.37654,-48.07549,0
-40.533367,77.114235,0
18.944136,122.76196,0
-49.38615,-16.007475,0
-40.36287,-118.115135,0
15.559152,-113.119095,0
90.645,110.84939,0
161.09395,-53.656635,0
-43.504177,-47.74061,0
-18.775347,60.728436,0
25.053947,109.91188,0
-35.220215,-17.889591,0
-29.457102,-117.69879,0
9.814072,-100.53098,0
167.22137,14.652072,0
85.09632,-84.07167,0
25.233484,-9.288421,0
27.470644,-11.384613,0
10.342442,45.332024,0
26.069876,-10.226291,0
23.706064,-8.146886,0
33.229164,-16.256868,0
86.711334,93.30567,0
152.10675,-40.765427,0
-35.121574,-65.326096,0
-15.099353,84.07189,0
9.97439,110.979355,0
-45.858253,-0.9572248,0
-41.64718,-111.62992,0
2.848971,-110.11896,0
135.50717,63.941788,0
113.20202,-64.8134,0
-71.95321,-34.535965,0
-62.30554,64.94425,0
30.267456,139.77869,0
-65.99928,24.16726,0
-81.91487,-128.73552,0
35.068108,-115.38577,0
92.629036,24.811539,0
79.7631,1.3304852,0
-179.25862,-5.1547627,0
-100.28038,115.70974,0
-29.960308,166.35167,0
-141.51247,49.3388,0
-131.26256,-96.0205,0
6.219756,-176.60066,0
86.22521,102.16286,0
135.85739,-45.896103,0
-56.597073,-49.680244,0
-38.20984,75.04852,0
19.0502,118.662994,0
-47.727154,-13.235334,0
-40.209915,-122.555664,0
12.569251,-110.83906,0
76.22033,80.03427,0
143.06389,-20.623016,0
-50.897163,-73.94824,0
-26.769531,98.406715,0
-6.0906434,113.07911,0
-56.72752,9.252035,0
-58.18812,-110.29921,0
1.7457995,-123.50603,0
108.95686,32.88848,0
89.767944,-1.3979734,0
-165.1421,0.46569607,0
-98.12949,107.263504,0
-34.471657,155.63667,0
-148.78442,41.438847,0
-114.15322,-90.42183,0
-1.2541586,-167.63544,0
102.75687,92.577324,0
125.182014,-21.258892,0
-114.372246,-47.151287,0
-68.333435,136.33011,0
17.25445,176.4528,0
-99.77344,-1.1328747,0
-114.174126,-60.897793,0
63.759735,-137.41237,0
83.2358,120.73065,0
165.80594,-61.633236,0
-27.801386,-66.60991,0
-12.791741,61.887493,0
30.925758,109.14791,0
-26.732475,-16.248672,0
-31.078978,-108.7245,0
12.420836,-94.096214,0
76.396706,96.97013,0
154.979,-44.56255,0
-32.095955,-61.202847,0
-19.040466,74.37364,0
13.622953,100.67606,0
-42.23702,-6.7993946,0
-36.283546,-129.19994,0
0.0980717,-102.0358,0
109.01962,135.84334,0
101.68743,-129.15556,1
11.715096,-56.493477,0
-7.95275,50.578533,0
70.69891,166.62175,0
-0.48430365,-33.7089,0
-1.5983421,-61.444923,0
62.91441,-66.98814,0
121.98826,108.62017,0
131.34293,-1.051604,0
-91.64001,-47.183796,0
-85.07093,63.52212,0
35.293804,171.40982,0
-91.88355,-14.1126795,0
-93.74514,-70.15107,0
66.34899,-114.87376,0
104.70501,44.263443,0
74.389244,-31.438448,0
-137.25928,-29.030117,0
-77.320724,100.77682,0
-10.054617,147.49506,0
-99.85268,32.075436,0
-113.73464,-111.78819,0
32.574123,-149.00311,0
116.861244,144.8996,0
93.87737,-110.9051,1
19.084026,-46.500374,0
-9.183098,33.819782,0
77.232864,151.45515,0
9.655109,-28.559334,0
-11.496972,-56.47582,0
50.48538,-56.626785,0
133.4329,62.10601,0
113.07327,-62.60632,0
-71.27911,-36.421135,0
-63.19981,65.96829,0
30.400047,142.2968,0
-68.82007,24.639664,0
-84.65786,-126.89566,0
38.95625,-107.92826,0
109.994026,61.98612,0
71.843185,-22.977364,0
-158.29271,-29.592299,0
-73.88345,87.669426,0
1.4945575,170.83076,0
-112.01624,42.124783,0
-121.856094,-124.64193,0
8.301665,-139.04327,0
157.9299,45.708336,0
114.271324,-48.079964,0
-4.15161,-72.23968,0
56.99244,36.667862,0
6.4102836,67.31031,0
-4.7392254,-73.09391,0
-20.138409,-65.78386,0
30.427519,-73.76811,0
87.20425,59.080128,0
70.92709,-34.615868,0
-134.95903,-30.852062,0
-64.175674,101.83038,0
-8.971949,136.97542,0
-96.47554,33.062977,0
-111.01695,-106.55815,0
32.78977,-144.2616,0
129.53273,68.3001,0
119.84365,-65.165504,0
-67.00767,-33.889385,0
-54.531013,62.908096,0
29.030104,131.57259,0
-65.34161,20.419891,0
-78.99009,-125.84256,0
32.007412,-110.823135,0
98.43778,74.26164,0
106.924225,-24.053617,0
-140.48401,0.6153372,0
-118.2501,90.44649,0
-29.735352,127.09262,0
-130.011,10.021481,0
-153.48929,-76.39922,0
61.235855,-162.94743,0
86.836334,91.28119,0
146.47977,-32.00769,0
-42.073597,-68.143776,0
-20.878593,90.16509,0
4.619336,111.18481,0
-49.830338,2.1081488,0
-47.56624,-111.30826,0
1.6838014,-113.893875,0
81.450745,61.773293,0
101.90217,-51.737766,0
-124.739136,-22.700096,0
-58.08155,104.940414,0
-9.243779,125.19393,0
-85.11622,36.51839,0
-95.047264,-91.18825,0
40.526833,-139.13525,0
64.635315,118.75753,0
146.91476,-74.75457,0
-19.973228,-77.08067,0
-8.713292,66.33422,0
19.946396,86.19276,0
-25.269419,-4.5443244,0
-29.55625,-102.88002,0
18.467827,-82.97989,0
158.3147,16.278555,0
72.7172,-74.48499,0
59.330013,24.570185,0
37.762035,17.031984,0
22.396225,53.42034,0
8.802965,-3.18414,0
9.592396,-2.517745,0
36.541893,-28.681273,0
127.893234,57.076824,0
86.16555,-42.031853,0
-145.9137,-19.703106,0
-74.32476,94.466,0
-6.244393,159.17929,0
-100.45934,24.883026,0
-102.57836,-130.12817,0
16.142282,-146.81348,0
94.35589,26.04453,0
78.583694,0.9133885,0
-178.90228,-7.3998637,0
-98.125916,117.07651,0
-26.958212,168.03394,0
-140.8834,48.693092,0
-132.1249,-95.409225,0
7.7452226,-177.57094,0
91.71514,108.92461,0
156.85205,-52.26847,0
-46.572716,-49.81598,0
-18.064375,57.979507,0
22.378836,110.96259,0
-38.98671,-17.421616,0
-30.52671,-113.90221,0
10.269155,-102.873375,0
95.55601,57.839287,0
98.715805,-5.194942,0
-117.06394,-46.295868,0
-70.084366,134.47365,0
13.295506,175.89455,0
-99.99517,2.0465236,0
-123.10048,-78.158806,0
62.8881,-139.90497,0
107.76097,36.187042,0
67.90831,-27.86419,0
-157.3816,-25.716028,0
-81.32251,106.28488,0
-10.296598,162.52086,0
-111.9719,45.810886,0
-118.51582,-128.28838,0
17.133226,-157.55505,0
120.98943,107.42537,0
131.14891,-2.2674584,0
-92.58691,-47.55782,0
-85.78646,62.62309,0
37.028854,171.80974,0
-91.99145,-15.380212,0
-93.00489,-68.98324,0
65.717735,-117.57812,0
117.38609,142.06001,0
93.648125,-113.395935,1
18.750864,-49.1527,0
-7.2854915,37.31944,0
79.63543,151.58804,0
7.5913873,-28.10431,0
-11.177,-58.608864,0
53.536617,-57.189087,0
118.15924,75.585815,0
127.15953,-43.96139,0
-65.26925,-44.536354,0
-54.27701,77.35488,0
14.534164,143.90692,0
-73.34021,13.258898,0
-84.3931,-113.060394,0
21.664557,-125.84128,0
113.04156,65.08253,0
80.80811,-13.075336,0
-171.54112,-14.852017,0
-90.78778,113.66725,0
2.8185735,162.55478,0
-95.914276,19.66257,0
-135.60649,-106.016975,0
16.357788,-127.81078,0
58.17016,94.28464,0
133.48085,-67.37132,0
-47.07186,-27.937145,0
-46.620506,68.19431,0
32.71941,121.67853,0
-42.77157,15.993711,0
-66.11707,-137.429,0
21.78391,-95.15144,0
116.405846,109.96166,0
130.7516,-8.751226,0
-92.46823,-52.742794,0
-79.84248,60.129818,0
32.946293,174.4223,0
-98.13187,-10.994655,0
-90.47156,-69.44289,0
61.75559,-123.18235,0
156.56483,10.513923,0
72.79055,-82.724754,0
51.41532,14.724712,0
22.242878,44.127956,0
22.374868,45.63812,0
14.521701,7.274139,0
15.337986,4.9688807,0
42.735165,-25.68614,0
82.71931,97.47236,0
155.33966,-39.048874,0
-36.07614,-61.962967,0
-18.891441,82.478096,0
9.776038,105.03024,0
-46.799664,-4.5290885,0
-43.05976,-115.40714,0
0.511532,-107.363686,0
118.100174,141.87253,0
95.76603,-110.85745,1
17.128235,-45.314083,0
-12.2332945,34.02677,0
74.81899,148.84665,0
10.287921,-30.042023,0
-11.935893,-55.476665,0
49.502563,-57.346645,0
102.0912,85.74706,0
118.757324,-34.376057,0
-105.650276,-39.251312,0
-52.991367,120.07998,0
20.42259,164.99736,0
-87.48168,4.13999,0
-105.97893,-63.774586,0
54.77749,-134.03482,0
98.80927,51.240788,0
76.43995,-36.586155,0
-141.61319,-33.431824,0
-77.4877,101.78922,0
-8.332893,147.15024,0
-106.11922,28.756092,0
-105.71557,-124.14327,0
26.039816,-144.71355,0
92.732124,112.82127,0
160.67519,-57.635902,0
-47.736935,-45.24709,0
-24.918928,59.412365,0
25.416231,115.62535,0
-35.274242,-21.512712,0
-24.552666,-117.53414,0
14.042798,-101.30012,0
83.34857,53.661747,0
57.24563,-24.139507,0
-165.64377,-35.453575,0
-75.128265,120.39365,0
-11.68041,172.42076,0
-113.484184,54.20555,0
-125.376,-127.32213,0
21.731386,-164.24431,0
83.933876,68.98425,0
102.71457,-40.469337,0
-119.36455,-28.51938,0
-51.69108,108.68046,0
-5.080288,131.5603,0
-85.27336,27.524298,0
-90.26539,-89.733734,0
44.636894,-135.2579,0
82.60699,56.755676,0
65.24894,-33.60474,0
-129.15791,-31.247913,0
-64.49383,107.052666,0
-11.28054,175.53947,0
-93.69946,37.938126,0
-113.66897,-102.62698,0
36.572975,-144.37643,0
95.742836,70.63559,0
107.3549,-22.266956,0
-140.64133,-1.2076876,0
-118.377716,91.81041,0
-30.562313,126.635124,0
-127.66794,10.684108,0
-153.78009,-79.02976,0
59.67805,-164.5089,0
117.61941,134.91399,0
97.89781,-114.192764,1
14.306725,-48.002815,0
-12.185086,38.752213,0
72.26063,149.22203,0
7.104768,-32.52068,0
-7.7833843,-54.628292,0
50.909977,-61.31429,0
113.897484,100.17162,0
136.63742,-11.464688,0
-82.34447,-45.46232,0
-88.12086,52.85259,0
40.373734,161.94987,0
-84.51434,-15.998885,0
-85.62601,-60.794346,0
-10.11765,-139.5842,0
98.67857,34.39409,0
69.868195,-9.041178,0
-174.34587,-20.817186,0
-89.30647,118.713875,0
-22.19918,173.13652,0
-131.58145,42.62423,0
-133.23056,-110.67786,0
22.21645,-179.1164,0
167.39722,12.17759,0
82.39814,-85.404594,0
58.888115,11.899546,0
41.320034,15.802479,0
8.973668,36.883327,0
8.436129,13.031178,0
9.49467,14.3151865,0
45.63609,-14.573248,0
100.44431,64.5069,0
105.87446,1.8326076,0
-178.79945,14.711595,0
-117.95409,106.55984,0
-46.910397,175.4381,0
-134.3553,24.354443,0
-149.84763,-90.64372,0
45.658585,-176.03767,0
60.15875,103.55292,0
144.17403,-58.077587,0
-42.67262,-36.15541,0
-38.40163,60.33658,0
35.152187,96.322815,0
-37.311226,5.4424095,0
-53.232407,-143.71596,0
10.247782,-83.57108,0
138.78877,60.911922,0
107.70538,-67.08502,0
-76.338196,-31.264343,0
-67.19005,60.175915,0
36.11561,143.08275,0
-63.729225,29.730661,0
-83.70663,-134.47473,0
40.615185,-115.128426,0
88.6005,102.235985,0
133.68114,-46.70816,0
-57.732822,-47.315964,0
-41.365444,76.23312,0
19.367361,121.63413,0
-48.071693,-15.440833,0
-38.758442,-120.096855,0
14.289453,-111.60845,0
156.293,79.43807,0
137.66129,-59.307278,0
-42.033066,-39.711212,0
35.337894,33.97558,0
32.309814,103.56027,0
-38.764435,1.9812522,0
-55.029564,-135.23912,0
12.773717,-89.91405,0
70.59483,63.98903,0
102.96785,-24.433838,0
-146.1536,-1.5800036,0
-112.40843,88.87459,0
-32.6588,129.58336,0
-123.19852,14.080471,0
-147.54112,-74.70468,0
54.093372,-154.0676,0
107.807686,56.105606,0
79.53084,-13.728474,0
-171.99597,-15.933882,0
-91.34959,114.14524,0
3.1960437,163.40984,0
-133.95874,35.026054,0
-124.04742,-105.10343,0
32.568928,-172.08582,0
142.1526,16.547916,0
89.31458,-65.54257,0
59.81359,28.2943,0
47.601654,34.691315,0
38.964504,55.829285,0
-0.16887632,3.501296,0
0.29563418,-6.5426784,0
42.14336,-42.55967,0
172.27087,4.8815207,0
84.7193,-95.52523,0
33.172737,-0.96557033,0
33.13339,-7.1389704,0
10.897635,42.91134,0
32.436317,-3.8602095,0
33.33495,2.9734728,0
34.801373,-13.954559,0
106.09719,134.48494,0
100.44945,-126.09962,1
9.947275,-59.42897,0
-7.3933887,47.303627,0
73.58566,164.13423,0
-3.69372,-32.527077,0
2.2319102,-62.3676,0
59.70792,-65.496895,0
118.37367,65.200066,0
93.97294,-31.169155,0
-134.55383,-19.746414,0
-67.27735,85.52747,0
8.001207,147.03519,0
-99.87126,22.812983,0
-91.65087,-118.918106,0
22.783846,-135.83865,0
71.5604,69.0447,0
110.02505,-37.925537,0
-114.07439,-31.141003,0
-54.985035,91.602455,0
3.4397638,129.87703,0
-80.399605,25.153746,0
-86.28124,-87.52265,0
48.64973,-123.670296,0
79.60626,44.345833,0
59.050045,-31.062431,0
-161.78896,-37.985016,0
-73.86475,119.53492,0
-8.028309,171.36266,0
-121.74639,43.541756,0
-125.674385,-132.44511,0
23.928284,-162.3654,0
77.98948,57.377213,0
70.19486,-0.3273462,0
-177.69234,-12.291851,0
-99.099236,122.98121,0
-29.562565,176.51479,0
-137.13922,55.86295,0
-136.37077,-106.44583,0
18.62463,-184.06926,0
140.92783,90.32211,0
121.73203,-95.95354,0
-22.574644,-41.966717,0
-35.79681,45.963,0
46.43315,146.36078,0
-23.129887,-24.8291,0
-47.995724,-86.34559,0
54.504864,-97.1443,0
82.8856,84.20597,0
142.10196,-29.339214,0
-44.683914,-72.76592,0
-20.68767,95.3089,0
0.7086668,114.36237,0
-50.9521,6.0040154,0
-50.238712,-106.56091,0
2.996664,-118.40164,0
118.88447,107.60526,0
129.46541,-4.5522957,0
-95.69709,-49.456337,0
-85.634186,60.693214,0
37.850147,170.30746,0
-93.642456,-15.105459,0
-94.702484,-66.82559,0
67.225494,-119.58928,0
105.49501,133.34267,0
102.63795,-124.88864,1
7.536098,-58.14539,0
-11.742173,47.882217,0
69.860916,161.99123,0
-3.9005606,-34.773457,0
2.9602695,-60.637295,0
57.884552,-68.0247,0
118.20599,38.604877,0
87.90893,-12.744654,0
-156.67644,-1.4519844,0
-87.917015,79.45662,0
-32.06266,150.78261,0
-143.18903,33.299717,0
-106.3827,-89.40078,0
-0.8949859,-155.53578,0
127.94217,96.09564,0
134.38869,-83.80506,0
-91.11587,-34.26905,0
-46.994183,44.337383,0
32.179344,158.14075,0
-87.87077,-25.673756,0
-83.13811,-81.67735,0
53.549732,-112.08181,0
157.1276,43.292736,0
115.35603,-51.405895,0
54.37224,37.11785,0
9.47887,63.184547,0
11.621602,70.99544,0
-8.897147,-71.94307,0
-13.389637,-75.49217,0
33.203518,-73.9151,0
80.738464,78.91874,0
149.17415,-21.566662,0
-53.777782,-65.545975,0
-28.523252,93.07781,0
-4.8951306,107.186424,0
-62.082073,6.577508,0
-60.489803,-114.13592,0
-4.7116823,-123.121925,0
140.00966,19.551804,0
90.41386,-67.657906,0
49.92981,21.183634,0
43.584297,33.409824,0
39.66927,59.61788,0
-5.286435,-3.9771636,0
0.3963429,-11.118053,0
40.691772,-44.92396,0
124.43613,43.60732,0
69.07313,-21.5436,0
-124.464294,-12.957306,0
-72.81039,88.381516,0
-0.76363415,167.89217,0
-111.98958,41.235252,0
-123.55415,-122.44447,0
8.925843,-141.3395,0
140.29471,41.925556,0
95.82258,-60.671135,0
33.695694,36.808315,0
-34.37314,30.913898,0
38.720985,70.76094,0
-13.5783415,5.881556,0
-1.1116514,-19.282125,0
36.379093,-53.546246,0
122.80388,64.40275,0
96.94751,-20.847395,0
-128.23439,-37.48216,0
-69.18863,79.15339,0
4.5544868,145.28351,0
-109.97532,15.203552,0
-93.10313,-108.94969,0
15.899784,-139.56015,0
112.35767,144.78157,0
90.13204,-117.50613,1
14.576426,-52.51765,0
-6.7048407,40.520737,0
78.52073,155.78526,0
3.3561928,-25.374786,0
-6.217969,-60.019043,0
56.248528,-58.742496,0
106.711296,61.510933,0
99.75373,1.0159856,0
-127.90413,-10.962114,0
-59.88463,93.98921,0
-47.77366,168.84326,0
-137.64719,18.348854,0
-148.68777,-97.55735,0
44.422817,-149.73215,0
92.44033,51.17682,0
77.355576,-40.31932,0
-146.11382,-29.12148,0
-74.26263,95.96788,0
-4.7272215,146.84213,0
-106.37751,35.76327,0
-108.07871,-132.74258,0
19.165283,-146.8573,0
89.85059,107.515594,0
159.02919,-50.471012,0
-43.601147,-53.654472,0
-23.296255,82.121475,0
18.483948,108.407845,0
-37.86647,-15.522212,0
-45.866394,-114.99704,0
6.292727,-102.60068,0
110.45506,47.391483,0
90.63173,-3.9726493,0
-163.26474,1.0428238,0
-97.94815,105.182846,0
-34.809814,152.78745,0
-149.21701,39.914722,0
-114.779625,-91.011,0
-1.3444355,-164.91458,0
106.532455,84.97679,0
119.67082,-31.134407,0
-107.71072,-42.90363,0
-55.713566,123.59203,0
19.77821,161.45364,0
-91.45286,5.044835,0
-108.00229,-66.19368,0
54.063824,-137.69914,0
68.107994,114.88868,0
151.35574,-74.18641,0
-24.391357,-76.96885,0
-6.8230724,71.006355,0
15.043218,85.99828,0
-24.1228,-0.16111569,0
-26.616516,-98.22607,0
15.821892,-78.573235,0
100.24994,22.432632,0
88.19079,6.470884,0
-172.7616,2.033797,0
-105.82528,109.90333,0
-39.16171,162.9845,0
-151.02333,50.322258,0
-123.13595,-89.780815,0
-2.731217,-177.70232,0
104.49869,39.585247,0
82.658966,-28.73856,0
-153.86356,-14.299447,0
-89.596664,94.31895,0
-20.497074,151.23308,0
-119.02436,27.525333,0
-111.51812,-120.260155,0
5.35795,-154.84972,0
146.06462,32.020813,0
83.27582,-71.47723,0
22.836166,-31.883984,0
25.371433,-31.498302,0
28.013308,70.30588,0
24.17331,-31.871914,0
21.336924,-31.961376,0
30.258608,-39.38062,0
121.22404,140.55339,0
96.51098,-109.31078,1
17.235058,-44.293674,0
-12.708361,32.9844,0
74.40755,148.17885,0
11.493063,-30.655827,0
-12.52466,-54.26786,0
47.082268,-57.224667,0
105.100426,82.060616,0
120.99361,-31.080034,0
-106.411095,-43.486866,0
-56.968147,122.49631,0
18.376637,162.00375,0
-91.32088,3.499238,0
-109.04618,-67.166275,0
54.24568,-138.22742,0
76.26529,96.881004,0
155.11797,-44.751225,0
-28.622149,-57.159054,0
-19.73267,73.83332,0
13.484091,100.70425,0
-41.756744,-6.7808523,0
-36.085625,-129.00969,0
0.5778377,-102.151955,0
66.716286,57.44111,0
109.77454,-13.194465,0
-136.04002,-52.7056,0
-108.04063,94.91084,0
-21.589134,134.8587,0
-117.45201,2.2515821,0
-138.20705,-72.601715,0
48.24634,-164.28375,0
105.00498,106.36101,0
142.69193,-40.0991,0
-80.257614,-52.463703,0
-76.45275,52.29679,0
39.312862,107.93463,0
-80.676155,-10.253202,0
-80.48211,-64.73073,0
30.610598,-88.9404,0
114.201614,34.47781,0
86.38181,-8.294761,0
-162.48016,5.993769,0
-97.92676,85.476814,0
-42.754623,150.38838,0
-154.53523,35.359367,0
-112.39378,-94.02572,0
0.1985493,-160.8815,0
75.28465,49.270645,0
103.21884,-14.901756,0
-131.1738,-43.24052,0
-73.221725,76.62895,0
9.0012045,151.02248,0
-108.718834,11.666351,0
-142.72316,-76.93145,0
51.464764,-160.33475,0
156.1281,62.006298,0
95.761826,-71.622444,0
-2.874101,24.81255,0
-6.895789,21.922005,0
40.23784,80.40262,0
-4.6213117,23.729843,0
-0.64741474,25.706038,0
30.330667,-59.668964,0
95.465546,111.37036,0
158.8809,-58.045654,0
-47.999035,-43.631775,0
-24.591831,57.553734,0
26.859453,115.6018,0
-36.013386,-22.529888,0
-24.8825,-115.837685,0
15.519357,-100.02328,0
99.44326,37.117443,0
71.90553,-11.495028,0
-168.2283,-15.99347,0
-86.4711,112.84665,0
-4.1873145,182.6562,0
-130.13745,41.059204,0
-128.1684,-108.05237,0
25.386211,-176.03825,0
65.340164,103.57285,0
146.62166,-62.30862,0
-34.19876,-36.02943,0
-35.605747,66.38998,0
28.949291,90.68706,0
-32.68559,6.515133,0
-50.48624,-141.65315,0
2.9397466,-86.067535,0
65.65588,66.60889,0
117.06699,-17.053404,0
-128.62148,-49.712566,0
-57.398506,88.93611,0
16.84965,153.28177,0
-109.35526,5.1265593,0
-127.81873,-69.21472,0
48.757744,-151.15433,0
141.22977,39.446552,0
93.205795,-59.86271,0
39.526928,37.246815,0
-32.462315,28.891417,0
36.531265,69.5196,0
-10.50552,3.832363,0
0.114666775,-16.661709,0
37.025608,-50.59381,0
138.71841,62.888695,0
108.71632,-66.610825,0
-75.942825,-32.059177,0
-65.71896,60.12408,0
34.379154,142.80473,0
-63.86809,28.40265,0
-83.66539,-132.9547,0
39.901527,-116.469,0
101.71829,62.260994,0
102.635956,1.4742992,0
-179.04285,17.697596,0
-119.84748,110.17203,0
-47.806274,172.24898,0
-134.88821,20.803167,0
-149.2995,-93.77606,0
42.96315,-172.14066,0
109.49845,108.86844,0
140.6157,-39.14669,0
-80.37224,-54.081593,0
-78.24416,52.588043,0
40.619606,109.441444,0
-82.73932,-9.092093,0
-80.19541,-67.30975,0
31.034962,-87.00011,0
122.07281,28.16304,0
73.018745,12.821993,0
-157.199,11.2527895,0
-98.2916,78.173195,0
-44.14882,145.57509,0
-156.20805,29.934074,0
-109.676575,-79.766136,0
-12.171567,-159.24757,0
117.020004,61.342754,0
94.06781,-23.94137,0
-138.77457,-14.118671,0
-67.80178,83.81166,0
5.7431045,149.8805,0
-102.885666,17.622086,0
-95.16371,-114.6231,0
21.917727,-132.97914,0
99.20316,63.031185,0
103.68536,5.186891,0
-183.327,15.492547,0
-115.929016,110.2848,0
-44.003685,172.1369,0
-137.66493,22.197514,0
-147.01993,-91.83176,0
42.137634,-174.36992,0
86.65054,110.534454,0
163.77289,-54.257206,0
-42.146828,-48.10975,0
-21.458214,60.728188,0
26.643839,110.314476,0
-33.40626,-18.500193,0
-27.234432,-118.659485,0
10.668707,-97.62117,0
130.96634,66.8736,0
114.99366,-65.95425,0
-69.94212,-33.606003,0
-59.527924,62.88385,0
31.018229,138.52632,0
-65.52423,22.634771,0
-80.43662,-127.78542,0
33.283154,-112.45283,0
142.78667,78.11783,0
113.9104,-85.899345,0
-63.10793,-20.291197,0
-62.8887,52.03548,0
44.812115,135.90706,0
-53.841293,31.484703,0
-68.36674,-80.86771,0
43.562855,-105.042564,0
92.393234,75.309296,0
107.65188,-28.865192,0
-135.58159,1.9176979,0
-116.44899,88.525536,0
-26.558594,123.256325,0
-130.96239,5.642412,0
-156.28119,-71.753876,0
63.44191,-158.39453,0
133.3969,71.63863,0
127.03253,-83.131226,0
-67.075096,-27.444988,0
-61.72716,55.798416,0
37.108963,150.10168,0
-82.95246,-21.401718,0
-76.32475,-78.241035,0
46.408554,-110.48327,0
171.49295,5.48327,0
84.28198,-94.271126,0
31.42174,-1.5061746,0
31.346565,-7.655229,0
11.949415,43.59142,0
30.000963,-4.4915395,0
31.708223,2.2575681,0
35.13272,-14.940519,0
56.91073,104.6301,0
139.29233,-64.33965,0
-41.421177,-31.66964,0
-33.312355,57.980328,0
29.105606,105.25013,0
-37.011833,12.954499,0
-58.6052,-136.88063,0
6.70718,-90.513275,0
161.62596,37.343452,0
103.39582,-46.390144,0
-111.16458,-18.78862,0
29.162865,22.316711,0
18.800018,71.32413,0
-76.62809,27.501713,0
-89.723045,-95.448814,0
42.17736,-74.97085,0
108.246666,108.31563,0
141.19005,-38.88033,0
-80.78213,-53.728146,0
-77.66505,52.40822,0
40.988956,109.071335,0
-82.15648,-9.331647,0
-80.47824,-66.861786,0
31.189455,-87.800606,0
100.4955,85.59771,0
117.84838,-35.23388,0
-105.24107,-38.009487,0
-53.01893,118.83886,0
21.009314,166.24844,0
-86.332954,4.855513,0
-104.44255,-63.447475,0
53.36868,-133.20633,0
132.32611,37.740532,0
97.744965,-69.00564,0
-16.501997,18.245655,0
-23.475298,50.65426,0
35.995163,81.15997,0
-16.24419,20.23573,0
-16.968813,16.639631,0
28.880865,-56.87591,0
122.31946,75.46968,0
116.56794,-40.468388,0
-106.82753,-30.402828,0
-59.160366,75.756615,0
20.50784,144.35925,0
-82.95686,13.811776,0
-81.15903,-95.920975,0
27.818562,-121.70251,0
73.7442,35.212467,0
59.00868,-27.714132,0
-168.33862,-38.95256,0
-74.36972,121.791435,0
-8.856363,174.06248,0
-113.097305,51.85583,0
-129.79642,-131.27104,0
19.571182,-161.7701,0
67.961716,119.525604,0
152.75551,-77.67374,0
-25.098309,-80.480316,0
-6.3630557,74.014114,0
13.536298,83.67818,0
-19.888866,-1.7764466,0
-23.099714,-97.1852,0
17.661552,-74.171906,0
75.64639,105.05891,0
166.50912,-42.869976,0
-32.83001,-49.436634,0
-30.634737,75.03476,0
20.71399,93.15909,0
-34.235046,-4.8916407,0
-44.614727,-134.41785,0
-5.620764,-94.47462,0
91.78276,108.1985,0
159.90564,-52.93948,0
-44.355713,-49.274696,0
-18.9161,59.389908,0
23.997908,109.9459,0
-36.695576,-17.25822,0
-29.557333,-116.318115,0
8.832379,-101.02188,0
68.27932,106.64933,0
145.7296,-65.217445,0
-37.226265,-37.18353,0
-33.156086,65.67773,0
27.373829,88.839386,0
-31.806618,9.508474,0
-51.717606,-137.48157,0
5.4525375,-88.86161,0
92.748505,46.52027,0
81.98924,-38.46575,0
-151.04778,-23.76096,0
-78.76753,96.309494,0
-10.36948,154.98314,0
-110.87055,35.64446,0
-110.825554,-129.86243,0
17.486307,-150.2639,0
161.06932,45.852142,0
114.5921,-50.46939,0
-2.5541656,-74.77711,0
61.097656,30.194185,0
7.969241,69.48427,0
-3.0568933,-75.788025,0
-22.178988,-66.42836,0
28.878965,-72.02322,0
157.74855,44.051495,0
112.43118,-50.187622,0
54.936474,36.922375,0
9.801427,64.14527,0
10.913395,70.41922,0
-8.659206,-72.46914,0
-12.474931,-75.415596,0
33.125023,-73.243774,0
96.5834,70.730576,0
105.41424,-22.769485,0
-142.30708,-1.3108345,0
-114.593834,91.91941,0
-28.791641,128.55035,0
-125.6917,10.553924,0
-152.62183,-76.54,0
58.100494,-166.705,0
105.664536,22.38697,0
88.83607,4.787028,0
-175.21642,1.5294862,0
-105.05902,108.70569,0
-36.94745,160.89091,0
-149.2863,48.31186,0
-126.15477,-89.569115,0
-3.4956603,-174.80215,0
117.80119,88.38147,0
123.938194,-58.708748,0
-71.5813,-20.197012,0
-54.024544,69.48742,0
22.836706,133.68573,0
-78.50858,1.2875625,0
-44.11245,-97.97829,0
24.949738,-111.16387,0
84.562386,32.15222,0
71.80531,-7.099661,0
-175.6998,-17.776915,0
-90.64603,119.377365,0
-20.510384,168.39178,0
-129.32382,50.441017,0
-137.69637,-116.48747,0
12.989737,-173.40215,0
76.645615,88.10412,0
151.05626,-24.629728,0
-49.924896,-65.895065,0
-27.865032,91.51945,0
-0.97592384,106.74361,0
-57.16057,1.38372,0
-54.406773,-114.264626,0
-4.7507424,-118.57854,0
155.89343,10.587354,0
72.84712,-82.26064,0
61.204235,24.149244,0
21.909437,44.47882,0
22.095533,46.777084,0
12.602989,6.276349,0
14.753061,5.560325,0
43.280937,-25.802631,0
86.95675,47.001022,0
77.52858,-47.164383,0
-151.72452,-34.670124,0
-70.79065,109.30193,0
-16.798355,160.42316,0
-104.31519,42.671814,0
-112.42834,-137.76839,0
23.051306,-149.91968,0
105.069046,54.809124,0
80.97742,-19.830845,0
-139.18013,-20.140379,0
-86.90832,106.088554,0
2.3744721,159.80434,0
-132.03978,34.408054,0
-121.80623,-105.783104,0
34.006187,-167.56226,0
132.17131,66.43354,0
114.520195,-65.63031,0
-70.4243,-33.56881,0
-59.438225,63.84901,0
30.490368,137.90364,0
-65.45214,23.096226,0
-80.9183,-127.829254,0
34.49896,-114.96522,0
95.746185,109.35941,0
140.51588,-57.851418,0
-45.049397,-34.5743,0
-40.862324,57.654778,0
35.05232,99.38801,0
-41.107735,7.8652287,0
-59.83861,-143.98447,0
13.453232,-86.841324,0
83.58623,36.351345,0
57.73933,-15.509535,0
-174.68243,-28.715435,0
-83.63875,124.89754,0
-18.18199,176.24934,0
-122.03828,53.88875,0
-133.9464,-122.26309,0
15.421818,-171.7008,0
103.69815,38.370163,0
71.12881,-14.418342,0
-163.77994,-16.911203,0
-90.557945,92.88509,0
-1.96798,179.27512,0
-127.25679,38.427418,0
-120.523674,-115.34167,0
2.7627032,-153.6785,0
133.8936,54.75273,0
138.77002,-50.31436,0
-53.235737,-52.060852,0
-35.246883,78.63581,0
30.498451,80.61115,0
-32.701546,19.603626,0
-88.78025,-139.06346,0
19.192326,-106.43858,0
85.27385,22.303087,0
63.9284,0.4879739,0
-184.71074,-20.345613,0
-94.79115,126.7013,0
-26.327759,181.93689,0
-131.62245,61.109337,0
-143.1261,-107.2485,0
13.508627,-184.81801,0
85.87598,32.425953,0
71.87223,-5.199255,0
-177.68962,-17.056822,0
-91.83617,120.440636,0
-23.1753,171.23212,0
-129.8221,51.412716,0
-139.01237,-117.51852,0
13.833275,-177.74307,0
115.244865,53.387016,0
91.42917,-30.368795,0
-129.21298,-36.75795,0
-67.23964,80.83315,0
4.691495,139.29915,0
-111.362625,15.898505,0
-100.046906,-122.09254,0
15.095679,-139.41307,0
65.111984,100.5902,0
146.42067,-61.540733,0
-33.99809,-35.612915,0
-36.253258,66.421875,0
29.422565,90.729195,0
-32.059036,6.189665,0
-50.859924,-142.21968,0
2.3722472,-85.036064,0
107.47064,65.26852,0
103.60554,-17.466679,0
-130.0917,-41.09697,0
-69.47742,76.150475,0
12.877058,152.09464,0
-106.09425,9.816892,0
-100.710266,-103.17654,0
52.026966,-158.25615,0
118.99444,138.42206,0
92.943756,-110.16692,1
20.124228,-47.2189,0
-8.755719,33.23866,0
77.86898,149.31877,0
11.212318,-27.48776,0
-13.901793,-57.12797,0
50.78865,-55.200188,0
110.68489,60.150764,0
94.78649,-21.70891,0
-129.90215,-14.77648,0
-65.16806,85.70628,0
6.6208835,146.4565,0
-107.020386,15.581923,0
-95.564125,-112.61332,0
28.054855,-133.73776,0
153.40753,47.177746,0
109.550224,-44.019173,0
-108.71723,-20.637129,0
52.459267,40.03921,0
3.668677,64.69817,0
-78.83554,21.100908,0
-86.04405,-95.79698,0
40.007988,-81.13008,0
74.194984,36.775932,0
58.906357,-26.80635,0
-168.22838,-38.062866,0
-75.29267,121.95242,0
-9.97516,173.90741,0
-112.61832,52.421505,0
-130.35938,-131.39473,0
19.577341,-162.91307,0
79.83316,118.636635,0
149.88834,-42.60351,0
-32.670124,-68.092415,0
-13.278496,78.47431,0
10.646183,95.24161,0
-42.67872,-0.04600857,0
-38.362324,-107.913895,0
8.745856,-108.42252,0
157.91957,60.733814,0
94.12361,-73.44839,0
-0.65331966,21.787666,0
-4.464544,19.928652,0
42.905426,80.89402,0
-2.5283635,20.992004,0
1.0839247,22.911385,0
29.588383,-61.950325,0
146.7284,18.989368,0
77.914925,-70.328,0
58.492966,20.040203,0
53.934696,35.74842,0
33.87202,56.928177,0
-2.5896864,-1.338561,0
4.9972982,-9.308259,0
38.09137,-37.685265,0
158.45038,42.934532,0
109.756165,-49.990654,0
57.785435,33.94562,0
11.259748,64.29404,0
12.281421,69.10699,0
-7.693853,-73.57278,0
-11.604112,-74.68881,0
33.4298,-72.57852,0
85.99784,34.12025,0
59.30872,-17.053991,0
-172.93166,-29.448444,0
-85.181305,120.42813,0
-16.621264,172.68878,0
-123.715996,53.33761,0
-135.15578,-120.078964,0
17.307076,-170.29805,0
119.09708,101.949554,0
132.75006,-9.746541,0
-97.30016,-43.426296,0
-89.56881,57.75444,0
40.027718,166.01804,0
-98.55533,-15.969305,0
-96.4757,-61.679207,0
68.846085,-124.40778,0
99.31312,66.555984,0
108.35884,2.9796727,0
-179.90433,11.355673,0
-116.1474,104.58572,0
-42.84863,178.75406,0
-134.24803,26.04556,0
-149.7763,-88.09223,0
45.592995,-177.52539,0
101.82854,73.88361,0
111.03812,-23.189585,0
-140.72618,6.848827,0
-123.23739,89.54902,0
-32.63521,122.1414,0
-135.01373,11.833732,0
-158.85184,-79.65088,0
57.663055,-161.32767,0
78.65179,88.76641,0
152.29143,-24.400776,0
-50.135418,-64.701294,0
-27.706074,90.23644,0
-0.5385937,105.25282,0
-57.565784,0.059695285,0
-55.19641,-116.503105,0
-6.8019686,-117.80856,0
97.26297,75.84208,0
109.009125,-25.375605,0
-139.68977,3.0731006,0
-120.56605,89.18061,0
-30.54238,123.50073,0
-131.45398,9.807754,0
-158.17136,-75.19847,0
63.642105,-161.94803,0
69.85316,61.324852,0
91.5845,4.105922,0
-175.54312,3.4526079,0
-107.8029,110.68483,0
-31.401947,159.3463,0
-151.00183,45.899834,0
-126.289345,-87.65611,0
-3.963271,-172.10402,0
118.44733,144.44516,0
91.65935,-113.741234,1
16.982899,-49.140614,0
-9.390297,36.7562,0
82.38955,151.6682,0
7.392734,-26.470682,0
-10.827823,-59.453983,0
53.86964,-55.507195,0
121.575294,74.10573,0
98.08362,-12.436241,0
-118.53662,-38.66105,0
-62.00603,76.43948,0
18.078289,144.13992,0
-97.22358,8.351282,0
-102.061676,-100.12584,0
25.64662,-127.600586,0
139.28545,42.33706,0
132.87325,-52.91482,0
32.121777,36.644882,0
-34.904766,32.10078,0
38.497746,71.91008,0
-14.799449,6.543357,0
-37.147736,-113.402885,0
37.64224,-92.118355,0
72.83139,39.121025,0
62.71984,-41.00498,0
-142.83029,-39.71149,0
-62.885246,119.79136,0
12.932765,167.3365,0
-106.118004,53.625843,0
-126.89416,-137.12848,0
29.943521,-158.49202,0
153.7759,46.988087,0
108.84974,-44.679325,0
-108.91065,-20.712177,0
52.62235,39.936054,0
3.5622435,64.592606,0
-78.85297,20.98354,0
-87.461426,-95.78411,0
40.185852,-81.10307,0
110.37646,104.97745,0
142.54994,-47.45781,0
-48.71285,-37.536137,0
-72.12775,53.879498,0
39.271267,103.06212,0
-78.35842,-14.693248,0
-76.42962,-67.139046,0
26.596651,-88.81007,0
60.939663,106.80535,0
139.66086,-61.31631,0
-41.035507,-34.225838,0
-34.973965,59.266396,0
33.1106,98.23904,0
-39.35261,10.017881,0
-58.476788,-139.29114,0
10.691829,-86.38841,0
139.75076,90.065605,0
121.32226,-96.7246,0
-23.214338,-40.644463,0
-35.166416,46.39287,0
46.772102,145.61615,0
-24.04562,-26.253393,0
-47.318207,-87.80132,0
54.570515,-95.45531,0
136.9202,71.48271,0
113.648575,-75.944954,0
-60.956413,-28.351269,0
-56.993584,54.36536,0
38.246025,131.66925,0
-54.705982,23.106667,0
-61.329372,-86.32021,0
36.692223,-102.844475,0
77.15087,34.40406,0
60.68788,-25.257633,0
-167.35454,-36.069775,0
-75.38212,124.5906,0
-11.6559105,171.36443,0
-113.27046,49.9323,0
-130.45886,-129.41989,0
17.99312,-163.50584,0
101.87211,33.910084,0
79.664314,-24.712982,0
-141.4678,-23.155584,0
-84.550674,103.13683,0
-12.52926,147.74303,0
-118.06195,21.32325,0
-108.848656,-115.65334,0
7.18605,-158.68402,0
71.42028,43.703255,0
82.05684,-30.323309,0
-156.12007,-15.199231,0
-88.875595,93.70066,0
-16.687956,153.92165,0
-116.29879,27.23109,0
-112.44071,-120.10894,0
6.0531816,-157.71194,0
103.44956,47.782616,0
75.8002,-28.99673,0
-139.69647,-26.419855,0
-82.630775,102.80016,0
-12.403692,145.72174,0
-116.198265,22.189625,0
-111.954605,-113.52938,0
10.263622,-157.50894,0
109.3955,67.68733,0
103.2074,-16.3124,0
-129.8333,-43.94009,0
-72.2867,75.189705,0
10.258797,150.02296,0
-107.62667,10.982047,0
-144.09763,-77.17635,0
53.720993,-161.58095,0
122.20383,102.15256,0
136.5728,-0.6072753,0
-89.48593,-51.938835,0
-79.32757,62.892757,0
34.439304,175.29396,0
-90.14357,-12.295188,0
-89.30251,-70.54886,0
61.671085,-120.04328,0
96.785065,29.205425,0
97.692024,-5.1566663,0
-117.36042,-45.359253,0
-71.70458,134.56549,0
11.335831,175.77551,0
-100.00293,2.8945248,0
-122.76222,-79.15393,0
63.41423,-140.84857,0
133.77002,66.155876,0
112.25342,-69.44941,0
-71.42552,-30.48622,0
-61.04536,59.519367,0
34.83922,138.8939,0
-62.50412,23.918077,0
-78.40828,-132.28499,0
36.569656,-113.53641,0
101.56596,36.34797,0
69.090355,-7.852364,0
-175.36627,-21.065601,0
-90.23925,117.19316,0
-20.31556,166.73578,0
-132.30806,45.571453,0
-134.16518,-110.53244,0
21.860697,-182.03754,0
100.18086,29.179363,0
82.934525,-7.267473,0
-176.18738,-10.088159,0
-101.974815,123.6204,0
-32.159344,176.28809,0
-139.96992,56.685722,0
-121.53327,-97.80851,0
20.482752,-127.978745,0
120.47317,78.41996,0
132.85077,-33.57968,0
-64.73064,-52.06332,0
-45.284412,81.00614,0
7.8351936,123.03996,0
-72.61567,-6.1971135,0
-75.27403,-103.67123,0
24.508211,-119.43663,0
88.802666,112.41736,0
162.91626,-54.787918,0
-41.44232,-46.457367,0
-22.30762,62.80866,0
26.535614,107.55438,0
-32.434772,-16.793453,0
-27.636604,-119.28609,0
9.079971,-98.130226,0
114.27806,82.67419,0
125.18468,-50.480774,0
-70.89182,-47.944576,0
-48.919197,84.472275,0
10.397985,128.23776,0
-73.68679,6.2771435,0
-75.51854,-112.03756,0
9.039563,-113.99645,0
113.291214,76.5253,0
130.465,-48.267323,0
-59.367687,-44.650555,0
-43.36136,74.117676,0
20.296738,124.8455,0
-72.65636,11.910068,0
-82.12335,-113.380875,0
18.12618,-114.978264,0
142.24905,37.746586,0
89.36181,-61.15285,0
41.55705,36.78756,0
32.30854,32.400547,0
37.289047,67.308044,0
-9.656121,2.4080575,0
2.2344816,-15.8292055,0
36.626026,-47.941196,0
64.65217,84.32231,0
163.5357,-15.321031,0
-65.17343,-61.08246,0
-42.515423,88.702576,0
8.59801,117.776726,0
-67.60884,-9.106456,0
-68.97009,-105.23399,0
-10.044488,-135.01813,0
144.26305,75.99006,0
110.69056,-82.785995,0
-57.490337,-20.704876,0
-61.239155,45.691803,0
46.447254,130.92268,0
-50.453552,30.018314,0
-61.8304,-80.43343,0
42.44388,-100.57174,0
126.149605,75.98827,0
131.6869,-66.18311,0
-48.297188,-26.851261,0
-47.28584,69.25265,0
33.893658,122.62358,0
-40.016727,17.922487,0
-64.081764,-132.95479,0
19.66501,-95.7696,0
117.60016,75.13282,0
127.52823,-44.466476,0
-64.811745,-44.299046,0
-53.160282,76.96263,0
16.925371,130.97131,0
-72.83489,13.340579,0
-83.903755,-113.92411,0
19.072273,-121.76225,0
105.408226,52.747776,0
85.85278,-7.589222,0
-163.75827,-3.6351745,0
-97.53184,86.4528,0
-30.785389,148.74577,0
-140.70418,38.962643,0
-113.45466,-94.91623,0
0.8145344,-161.79123,0
82.197464,39.51334,0
55.743526,-18.844551,0
-175.0422,-33.111393,0
-81.092285,122.194016,0
-15.52923,178.16878,0
-120.32441,55.830273,0
-136.1663,-124.41214,0
19.29459,-171.24585,0
76.36685,119.38195,0
149.93027,-43.899284,0
-31.977163,-69.4558,0
-11.234733,77.415634,0
12.917612,94.090546,0
-41.358765,-0.3428894,0
-37.610435,-106.82269,0
9.645304,-109.196144,0
87.36339,49.934303,0
80.40234,-46.93845,0
-149.35855,-35.30144,0
-65.756775,93.84036,0
1.6996188,140.97299,0
-101.95497,41.329227,0
-109.2926,-139.76753,0
23.98014,-144.7181,0
61.28536,105.15722,0
142.6084,-61.126724,0
-37.581406,-31.910938,0
-37.17466,61.95061,0
33.68979,92.06507,0
-36.096977,8.890267,0
-56.281788,-141.9774,0
8.199968,-84.22675,0
116.82383,66.41408,0
90.19895,-10.275582,0
-158.86823,-2.999282,0
-87.22094,81.31069,0
-31.515268,151.94514,0
-142.36818,35.786194,0
-106.774025,-91.80121,0
-3.0126002,-155.69275,0
87.36066,109.159004,0
164.66974,-54.58901,0
-41.8473,-53.39993,0
-22.434662,61.269875,0
20.586073,107.24724,0
-31.893188,-18.17727,0
-32.05231,-119.2814,0
6.56249,-100.7797,0
75.3243,47.178165,0
83.274536,-56.702087,0
-139.61415,-44.915947,0
-98.70544,92.57715,0
-18.171022,142.11244,0
-111.860794,9.3270445,0
-121.42788,-72.15174,0
29.610268,-50.948437,0
79.45911,96.23293,0
151.31789,-32.95152,0
-41.43164,-64.83871,0
-22.295694,85.49579,0
7.0561676,105.86702,0
-51.283504,-1.2544215,0
-48.401127,-114.88813,0
-2.4292703,-113.05408,0
118.75639,104.27683,0
133.69647,-5.266102,0
-91.97952,-48.975193,0
-84.55689,61.36524,0
35.85447,169.20067,0
-93.06814,-13.296641,0
-92.788734,-67.11656,0
65.3553,-119.24497,0
107.18661,136.37924,0
101.48023,-127.79081,1
10.618688,-57.55508,0
-8.661006,49.013817,0
70.86293,164.63931,0
-1.9563515,-33.57553,0
-0.019512929,-61.235935,0
61.44798,-66.91622,0
152.43185,49.454243,0
122.57711,-98.322945,0
-22.175,-37.566467,0
50.068302,42.680634,0
1.9531488,62.991867,0
-24.53103,-29.03474,0
-45.2918,-87.44696,0
42.464283,-81.95316,0
120.920494,112.08828,0
134.02194,-1.8901789,0
-90.392876,-50.177685,0
-82.56611,60.44794,0
36.86423,173.72882,0
-92.92513,-10.871456,0
-91.083855,-71.697464,0
63.722897,-119.981895,0
94.06394,101.22768,0
152.40364,-49.97514,0
-50.590717,-50.309364,0
-28.29402,67.18557,0
19.862463,113.052055,0
-42.429054,-14.517675,0
-33.079178,-129.03227,0
15.420042,-105.53817,0
68.13537,102.85686,0
147.60211,-59.606422,0
-36.421867,-38.280216,0
-38.718185,67.628525,0
28.48453,94.3706,0
-34.043728,4.46262,0
-50.89951,-139.3676,0
4.9758167,-88.12847,0
153.81342,14.542156,0
71.97082,-76.433136,0
56.36537,11.8935795,0
29.132843,48.02396,0
28.34048,48.114677,0
7.513366,8.992537,0
9.501454,4.566183,0
42.355232,-30.194576,0
146.72449,18.885818,0
77.901024,-70.70172,0
58.46024,20.611563,0
53.317123,35.875404,0
33.40367,56.923687,0
-2.0777977,-1.8308359,0
4.9850087,-8.715243,0
38.045338,-37.377,0
155.7917,9.884134,0
73.71187,-82.45891,0
61.210007,24.4586,0
20.954266,44.86676,0
21.40751,46.942745,0
16.895899,-4.0941095,0
14.125891,6.0428486,0
43.40124,-24.892174,0
127.67591,100.27857,0
133.59521,-83.82688,0
-91.41746,-35.827923,0
-46.639847,46.365437,0
30.166817,158.33748,0
-87.89675,-25.072472,0
-83.9487,-82.673096,0
55.40004,-112.07791,0
78.032234,106.07382,0
166.20203,-47.193882,0
-35.810753,-49.931988,0
-23.347702,68.9858,0
21.093605,100.78064,0
-33.579525,-9.137165,0
-45.602924,-132.39221,0
2.8118296,-95.89594,0
96.43076,55.288864,0
75.26733,-31.035013,0
-140.5668,-27.959959,0
-72.12819,98.57477,0
-5.2036223,146.33347,0
-102.48333,33.080166,0
-114.09677,-114.00664,0
19.949787,-146.11287,0
126.08639,64.379105,0
126.41866,-42.496437,0
-65.51813,-43.580933,0
-52.881268,78.00893,0
16.175697,133.09166,0
-70.44432,9.135346,0
-85.79567,-118.88254,0
18.50395,-123.74531,0
110.18898,45.916687,0
81.57836,-38.998425,0
-150.11464,-24.366665,0
-76.20161,96.39833,0
-10.23899,154.54329,0
-110.52491,35.823837,0
-111.21043,-130.197,0
18.21039,-150.63234,0
90.360916,48.83168,0
59.76162,-34.67779,0
-159.69763,-39.453342,0
-81.86579,108.43627,0
-4.996922,171.13264,0
-106.87542,47.99353,0
-120.97322,-135.53075,0
30.20658,-162.47667,0
111.5413,42.51727,0
84.13621,-36.686596,0
-151.79355,-21.109972,0
-80.894424,93.244095,0
-11.2767105,156.76726,0
-113.65577,34.050133,0
-110.6198,-127.84426,0
12.81527,-150.10454,0
77.09832,48.176952,0
63.089256,-38.087875,0
-144.27405,-36.485508,0
-78.34666,108.08986,0
-11.601708,113.61935,0
-107.823715,41.24375,0
-123.01725,-134.45908,0
26.17461,-158.13292,0
101.16774,28.713713,0
87.111305,-1.982995,0
-167.53296,-0.59323853,0
-99.35183,109.53253,0
-35.6144,158.07655,0
-145.66617,42.853386,0
-117.765366,-91.92356,0
1.3632714,-168.47272,0
95.61641,86.267975,0
115.73789,-37.196606,0
-105.790985,-35.99031,0
-39.541595,49.034245,0
21.166283,168.36882,0
-85.12277,6.70611,0
-77.92335,-89.91759,0
51.505566,-131.64386,0
78.721405,26.93134,0
69.763435,-5.2148395,0
-173.16737,-15.767364,0
-66.34855,77.81498,0
13.426434,147.68895,0
-134.00829,53.75248,0
-134.7978,-107.82468,0
24.913229,-181.9624,0
114.145935,143.01086,0
91.63212,-115.406906,1
19.643795,-51.943752,0
-6.47773,35.874344,0
80.48513,151.0874,0
5.734079,-26.207909,0
-9.822209,-61.178326,0
54.62366,-55.140404,0
118.51259,87.231094,0
122.869316,-58.60678,0
-70.58299,-21.058584,0
-54.372604,68.03457,0
23.998806,134.69107,0
-78.83979,1.9444141,0
-43.95477,-99.22371,0
24.916977,-110.658264,0
92.297874,48.867573,0
68.085976,-8.850308,0
-172.77055,-19.451408,0
-87.70798,115.64795,0
-20.725634,181.82085,0
-132.82816,43.213253,0
-133.10237,-109.21052,0
23.357494,-178.4742,0
83.61741,120.78462,0
166.33272,-61.39713,0
-28.066793,-65.79125,0
-13.607273,61.371975,0
31.72985,109.61002,0
-25.92735,-16.536304,0
-31.127253,-110.13894,0
13.279552,-94.230965,0
72.22855,76.27199,0
149.63263,-16.10926,0
-52.791695,-58.542496,0
-32.875713,85.51965,0
-9.616711,103.16293,0
-65.9378,4.7753844,0
-60.549583,-119.46855,0
-1.5785545,-130.35944,0
105.407814,34.896915,0
67.05978,-4.8450403,0
-178.79895,-19.603321,0
-92.30004,122.71389,0
-25.074951,175.77382,0
-132.99617,55.818165,0
-137.72649,-110.383316,0
19.853027,-182.7789,0
93.46423,97.828415,0
153.26642,-50.969013,0
-49.476982,-48.97957,0
-26.834564,66.65169,0
20.586802,112.9819,0
-41.435345,-13.706137,0
-34.38233,-129.38228,0
16.33557,-103.65747,0
147.08897,20.90656,0
80.75346,-73.65622,0
48.836323,26.771423,0
36.98418,31.656155,0
34.798874,60.27617,0
-4.94266,-1.4252883,0
6.6051307,-7.5878277,0
36.385212,-36.21261,0
66.81983,64.92463,0
117.88504,-16.062674,0
-129.77051,-50.00401,0
-58.214046,88.69859,0
-27.023394,139.3993,0
-110.037155,3.7956316,0
-129.4699,-70.118034,0
50.78854,-153.4369,0
98.28328,61.025566,0
105.66266,7.244798,0
-181.7597,13.503583,0
-113.98256,109.600426,0
-42.901573,173.38664,0
-138.86293,24.966373,0
-143.79955,-89.6653,0
40.380157,-176.95868,0
64.63559,102.21801,0
145.8622,-61.59386,0
-34.184387,-34.905807,0
-36.755123,65.10198,0
30.965282,90.01113,0
-31.4363,6.434447,0
-51.839813,-142.04272,0
2.7677553,-83.637085,0
84.35716,34.645584,0
60.183414,-19.65461,0
-170.64244,-31.139935,0
-80.68571,126.64619,0
-14.295581,170.13765,0
-119.0663,50.92187,0
-136.96997,-121.01778,0
18.116879,-167.34743,0
135.92671,69.99145,0
113.34534,-70.78485,0
-70.41811,-30.238556,0
-59.702076,58.864952,0
34.81777,137.3309,0
-60.15846,22.884375,0
-76.6436,-132.11932,0
36.317852,-110.835434,0
100.05572,73.5278,0
109.54637,-23.540197,0
-141.22086,3.8276682,0
-121.80423,90.34924,0
-31.527342,123.865036,0
-131.99042,11.81455,0
-157.01878,-77.59685,0
61.667988,-163.98468,0
153.10895,17.477463,0
76.57244,-73.66892,0
56.801567,12.339485,0
54.965317,34.662487,0
30.96467,55.405136,0
7.4112573,8.178665,0
8.787388,3.8165083,0
38.75098,-34.51249,0
135.43564,33.4936,0
81.99831,-57.35472,0
-100.26821,-28.942127,0
-35.868702,79.55758,0
30.766665,78.47812,0
-31.356674,20.298439,0
-88.19654,-140.45891,0
30.46817,-50.060482,0
121.90462,51.75802,0
91.19575,-7.4751196,0
-161.52713,-1.0710758,0
-87.93137,83.1929,0
-32.492626,153.45464,0
-144.88516,37.399284,0
-111.26683,-92.44065,0
-1.3202378,-158.2745,0
118.831795,27.1033,0
75.36359,12.652208,0
-159.35431,10.809629,0
-98.91269,79.693596,0
-44.05918,147.30258,0
-156.64786,31.887241,0
-111.30685,-80.189384,0
-12.6982765,-161.00255,0
160.33167,44.493652,0
110.34849,-51.721313,0
60.116634,30.299488,0
9.320262,66.56401,0
9.675771,68.6015,0
-6.82636,-76.52759,0
-9.0473795,-76.63537,0
31.766136,-70.76358,0
107.01637,62.991978,0
100.82574,0.34394708,0
-128.66287,-13.051249,0
-63.305523,89.20983,0
8.754656,138.71054,0
-104.38388,15.000987,0
-94.287865,-106.68228,0
29.033142,-134.28725,0
109.05848,93.05238,0
126.685486,-18.95318,0
-112.401276,-49.14019,0
-67.16802,137.09859,0
19.07135,177.99197,0
-101.648865,-1.1484727,0
-116.47566,-61.8818,0
65.17141,-135.15604,0
90.97661,59.297813,0
73.51872,-30.136175,0
-138.44156,-28.933802,0
-71.28447,103.338425,0
-9.545423,142.7656,0
-98.99838,29.925005,0
-112.38601,-111.19516,0
36.261017,-150.70354,0
109.93517,26.159328,0
77.23284,10.094472,0
-159.16599,7.625295,0
-96.112816,83.018684,0
-39.790154,150.98787,0
-154.36464,33.52561,0
-112.20636,-83.09985,0
-8.635608,-162.9818,0
85.169975,107.19111,0
163.35948,-49.1367,0
-37.968655,-51.63739,0
-20.172892,71.83349,0
20.251225,103.23089,0
-35.6375,-11.836955,0
-32.005756,-122.59171,0
4.379272,-99.78584,0
107.09458,43.04524,0
84.76987,-30.099773,0
-154.30939,-19.12096,0
-85.01741,92.36983,0
-13.681629,154.5451,0
-118.68488,29.143007,0
-108.94404,-122.73857,0
10.133352,-151.38824,0
93.316025,63.199627,0
101.579094,5.554723,0
-183.90933,17.230839,0
-117.84196,112.11847,0
-44.49985,170.339,0
-138.66306,20.44947,0
-144.50278,-93.396385,0
41.21269,-171.76295,0
119.88488,135.38594,0
98.7586,-112.78841,1
13.583514,-46.81688,0
-12.043771,37.51544,0
73.18905,151.4169,0
8.286895,-33.048454,0
-8.8985,-53.343674,0
50.235092,-59.34918,0
78.45245,84.54735,0
149.383,-22.615307,0
-51.037754,-63.228275,0
-29.493315,88.57318,0
-9.753368,107.8258,0
-63.215343,6.000144,0
-61.313683,-114.891365,0
-5.6333346,-123.82055,0
84.282166,68.608734,0
101.07778,-41.432446,0
-121.05622,-27.858183,0
-52.588696,102.33361,0
-5.73252,130.98454,0
-87.87229,30.478308,0
-93.74635,-102.74477,0
35.975357,-130.84174,0
142.63925,99.71378,0
126.60332,-97.98059,0
-19.822783,-43.01395,0
-36.545155,41.282284,0
47.039104,151.25558,0
-19.97111,-24.336075,0
-44.37551,-83.253006,0
58.308983,-98.434326,0
72.03431,117.87333,0
155.22653,-75.743385,0
-28.235836,-79.747284,0
-9.643353,70.98189,0
14.042286,88.67921,0
-19.411964,2.3241103,0
-24.82634,-94.51477,0
21.198032,-74.87503,0
80.08719,37.75957,0
62.506016,-25.10105,0
-167.04681,-33.83578,0
-77.43331,124.04814,0
-11.74417,169.36102,0
-114.88945,50.118004,0
-130.52751,-126.96278,0
17.026934,-163.07663,0
81.68327,26.049994,0
68.907265,-4.2352114,0
-178.40773,-11.077186,0
-97.02021,123.06562,0
-28.082178,172.90976,0
-135.22438,54.927284,0
-135.88011,-109.08253,0
18.866137,-181.92915,0
117.98158,109.65811,0
129.36957,-6.94477,0
-94.78564,-52.936718,0
-83.558716,58.55101,0
41.79234,169.16232,0
-96.17309,-11.750846,0
-92.17542,-63.191994,0
65.56808,-123.897995,0
120.22278,98.84074,0
127.0218,-85.30702,0
-80.81703,-31.779234,0
-84.582054,52.051456,0
39.74158,153.29135,0
-83.88282,-19.197071,0
-77.553856,-74.962135,0
45.14806,-112.425705,0
93.72751,44.368916,0
83.046875,-36.967617,0
-152.24046,-22.149048,0
-81.00086,93.91427,0
-11.448345,157.06036,0
-113.25291,34.83097,0
-111.38413,-128.83238,0
12.660359,-150.50317,0
110.898895,102.71518,0
141.8919,-42.626026,0
-83.11573,-50.30665,0
-77.99056,55.054104,0
43.835766,107.140305,0
-84.637,-12.9422,0
-84.38176,-64.25835,0
32.037575,-90.33248,0
114.53154,38.506134,0
90.37642,-28.219002,0
-148.93982,-7.7947006,0
-81.93753,83.7679,0
-15.217009,122.452866,0
-122.97278,31.531675,0
-96.75232,-128.10043,0
-1.860513,-143.13715,0
65.107025,86.66339,0
160.91237,-20.085747,0
-59.35013,-62.63537,0
-36.411316,91.41156,0
-1.028432,98.26637,0
-64.072876,-6.156847,0
-62.43578,-105.07813,0
-11.656308,-129.46307,0
158.28938,59.95979,0
93.77562,-74.387695,0
-0.5279657,19.701408,0
-3.9802496,18.542559,0
43.599937,81.66189,0
-2.0449634,19.38588,0
1.4119077,20.728886,0
30.15979,-62.81013,0
95.238716,65.98433,0
106.87183,6.5891933,0
-184.08676,12.814034,0
-112.89314,108.307594,0
-41.90997,172.30782,0
-138.53699,25.86441,0
-144.98485,-88.86609,0
40.169678,-178.64142,0
108.63482,25.20094,0
82.039185,10.854076,0
-166.69629,7.702741,0
-102.401344,87.73079,0
-41.162743,155.17522,0
-156.06468,39.31381,0
-117.72972,-82.8324,0
-8.170563,-168.56885,0
124.22929,59.368538,0
96.30151,-35.057373,0
-128.05188,-36.38573,0
-66.28359,81.25238,0
6.093633,139.98544,0
-99.39798,16.493448,0
-91.454094,-107.44011,0
28.18048,-131.01572,0
118.29023,42.296516,0
73.276985,-17.06943,0
-162.26176,-17.46625,0
-80.20293,81.90665,0
-0.29526109,177.05446,0
-124.55504,35.085567,0
-123.0387,-115.0099,0
2.826226,-142.78748,0
112.98303,21.95046,0
80.9149,13.904096,0
-165.00366,12.3211155,0
-104.09111,84.28157,0
-46.116867,152.87932,0
-158.86925,37.708534,0
-116.221306,-80.410645,0
-11.033598,-168.87466,0
149.74355,49.449654,0
121.45924,-45.72581,0
-109.19667,-23.826214,0
48.925114,43.222733,0
1.7961189,61.245724,0
-80.37082,17.970076,0
-84.08491,-101.304276,0
41.622623,-85.45211,0
124.20994,63.363773,0
101.4941,-19.063501,0
-126.836334,-42.724438,0
-69.58069,73.63493,0
11.430193,148.98225,0
-104.235054,11.827805,0
-96.44384,-110.495056,0
55.791645,-159.94247,0
93.661194,109.66023,0
158.68677,-54.65076,0
-46.013756,-47.03107,0
-20.426975,56.640457,0
25.185352,111.276276,0
-37.16313,-19.194067,0
-29.101786,-114.62066,0
11.708234,-101.33585,0
106.10258,92.678444,0
128.55664,-20.859259,0
-114.88888,-50.876354,0
-69.70181,139.11974,0
16.736265,180.21437,0
-102.664856,-3.1058443,0
-117.13772,-59.412254,0
67.21935,-138.35443,0
161.7001,37.205074,0
102.65772,-47.529858,0
-111.37508,-18.869984,0
29.20616,22.237324,0
18.849188,71.28132,0
-76.728836,27.568823,0
-90.878296,-95.57717,0
42.44733,-74.82682,0
110.064545,49.351807,0
93.16406,-36.716248,0
-146.05371,-8.882734,0
-66.85986,65.03683,0
27.398142,143.34473,0
-125.292694,24.784698,0
-88.25808,-127.81632,0
12.285035,-132.21283,0
76.20833,74.93487,0
148.20619,-13.48628,0
-68.81112,-63.291306,0
-44.125877,95.93957,0
-11.792399,108.6911,0
-68.97893,1.2256217,0
-66.99648,-111.11019,0
-2.8215685,-135.20354,0
128.20808,93.58509,0
133.41905,-81.07588,0
-88.74533,-36.091324,0
-45.749,48.355877,0
30.539164,155.6832,0
-85.274666,-26.504692,0
-80.18392,-82.810745,0
52.572044,-109.62062,0
95.35693,26.286678,0
81.28388,0.70253193,0
-177.60214,-4.443767,0
-101.722145,113.52698,0
-32.679543,165.12935,0
-141.01852,49.936096,0
-130.20576,-93.78067,0
7.6774507,-179.63031,0
165.64212,7.865229,0
78.12858,-93.85693,0
36.820602,12.218543,0
13.512032,29.93538,0
13.757055,33.00389,0
15.97595,17.592352,0
19.138948,13.48927,0
40.055542,-17.147926,0
69.9744,74.74829,0
150.88684,-15.146135,0
-53.74544,-58.73985,0
-34.321865,84.782074,0
-11.100328,103.3462,0
-65.71752,2.8519049,0
-62.391415,-120.09444,0
-2.2955246,-131.02866,0
82.00666,64.8431,0
98.98096,-45.876232,0
-117.834366,-22.978905,0
-53.0888,104.27535,0
-3.8113976,127.4195,0
-82.02069,31.949461,0
-95.06788,-97.88335,0
38.980103,-132.19418,0
156.27386,61.84174,0
95.171745,-71.921486,0
-2.4552834,24.300478,0
-5.870748,21.855953,0
41.252277,80.49115,0
-4.073643,23.466766,0
-0.39820522,25.135048,0
29.72235,-60.074986,0
80.43951,97.09237,0
158.45193,-43.817623,0
-30.992949,-57.24057,0
-22.953655,74.22677,0
14.641004,98.63075,0
-41.44277,-5.731092,0
-38.127403,-129.17035,0
-0.82377356,-102.00796,0
124.73911,26.73745,0
164.92198,-21.917171,0
-59.580036,-57.446396,0
-38.84612,84.653564,0
1.8064144,93.338936,0
-62.18053,-10.714764,0
-63.617702,-100.68677,0
-7.7831993,-138.52296,0
115.7337,82.30224,0
124.61121,-52.89413,0
-67.87845,-41.800945,0
-51.13756,73.58225,0
20.771872,131.46414,0
-76.3809,5.389375,0
-75.39398,-115.34617,0
23.154558,-114.4134,0
117.79968,137.3826,0
98.68905,-112.48144,1
13.977851,-46.413456,0
-12.150027,36.315483,0
73.67043,151.61517,0
8.617753,-32.73512,0
-9.127959,-53.53374,0
49.449123,-59.66587,0
120.947266,99.03911,0
127.66496,-92.71355,0
-25.77783,-34.54168,0
-81.02144,53.29197,0
41.456223,151.78114,0
-82.92132,-18.209814,0
-77.14393,-73.96542,0
44.900852,-111.5954,0
114.0683,80.17338,0
127.17132,-51.78525,0
-69.602554,-45.081284,0
-54.998787,73.817184,0
19.315535,130.46658,0
-76.68633,7.877622,0
-74.59716,-113.71349,0
19.929396,-114.582886,0
87.56749,87.88199,0
146.27368,-30.833286,0
-43.341457,-69.08783,0
-19.840445,94.70415,0
4.934493,112.557755,0
-48.53922,1.102193,0
-48.804756,-110.55019,0
1.4048343,-113.138336,0
155.37202,12.824778,0
70.9985,-78.943535,0
48.098408,12.141807,0
28.023355,45.305336,0
27.976515,45.652046,0
14.765184,0.46210298,0
14.873286,-0.94239104,0
43.21306,-28.78266,0
83.59312,89.15349,0
148.86084,-28.71874,0
-45.925224,-66.198044,0
-25.154337,90.51617,0
1.2015884,107.58501,0
-53.369972,1.0684931,0
-51.944168,-113.240776,0
-3.1093998,-115.09885,0
83.81999,43.477753,0
74.547615,-50.325638,0
-153.81903,-36.84501,0
-71.62178,113.756325,0
-17.403452,161.61264,0
-102.90978,46.73399,0
-116.86313,-138.3342,0
24.511963,-154.3824,0
112.03844,42.631924,0
84.346436,-35.333794,0
-153.37437,-20.513212,0
-82.587845,93.2748,0
-8.033287,155.27774,0
-113.37481,31.337492,0
-109.397736,-125.926254,0
12.80203,-147.658,0
79.291725,54.973446,0
66.60118,-39.80221,0
-137.06839,-37.2821,0
-53.144154,115.081764,0
-6.243057,135.2813,0
-96.296165,41.144417,0
-107.867256,-103.432175,0
32.591778,-142.31595,0
106.88491,105.83875,0
142.82774,-40.37996,0
-80.07757,-51.834446,0
-75.94772,52.165085,0
39.52868,107.30538,0
-80.92522,-10.845299,0
-80.837585,-65.18913,0
30.773674,-89.74895,0
93.35792,50.223854,0
82.89992,-40.697624,0
-149.53787,-25.944033,0
-76.76629,95.272675,0
-8.8924885,159.28442,0
-108.66188,34.964367,0
-108.96489,-131.40805,0
16.309134,-148.86081,0
91.37683,73.64058,0
105.669014,-30.22828,0
-133.03676,-0.22123006,0
-116.76191,84.40043,0
-23.189621,123.22311,0
-129.83377,3.819118,0
-155.45166,-69.67506,0
62.133163,-156.6795,0
76.70191,53.58714,0
66.12395,-41.340065,0
-141.91798,-37.07011,0
-54.995583,117.9718,0
15.230562,164.39421,0
-103.980965,51.102566,0
-106.605736,-104.65892,0
29.366758,-145.3665,0
107.08666,45.606686,0
74.83496,-33.62629,0
-140.18538,-30.631107,0
-74.82809,101.39622,0
-17.02606,144.29866,0
-102.34758,31.514107,0
-115.0212,-121.40082,0
34.596436,-156.83487,0
118.60449,100.323746,0
133.8598,-11.78754,0
-97.53555,-41.934296,0
-92.13501,56.56838,0
-30.39535,119.3338,0
-100.12523,-16.792913,0
-97.21172,-60.129147,0
67.42477,-158.21872,0
100.250145,47.05493,0
81.68486,-43.537495,0
-144.9961,-24.383152,0
-83.25034,105.94215,0
-1.284816,156.41626,0
-117.365074,31.816399,0
-107.63353,-124.14137,0
14.207211,-144.88298,0
76.90785,79.12835,0
141.55292,-20.796125,0
-49.702774,-75.68254,0
-28.758722,99.81012,0
-7.4867983,115.02887,0
-55.945683,10.34827,0
-56.81892,-110.60409,0
3.014184,-125.55061,0
126.14641,91.00498,0
127.59363,-79.44973,0
-51.033455,-34.581573,0
-40.261593,54.64943,0
33.461113,149.83354,0
-80.07599,-22.407373,0
-74.51644,-80.84965,0
27.973837,-96.04059,0
117.49425,142.22049,0
94.67635,-112.79563,1
17.767809,-47.912518,0
-8.709739,35.976578,0
77.48282,152.55058,0
7.82958,-29.348337,0
-9.810129,-57.31734,0
53.74116,-58.223843,0
68.72272,102.09235,0
148.23358,-59.71139,0
-36.11619,-38.839497,0
-38.069427,68.96442,0
26.477243,89.927315,0
-33.48641,3.6088328,0
-49.916332,-139.48111,0
4.0344567,-88.382195,0
103.38611,19.636518,0
87.284775,3.4408205,0
-173.05975,-0.40170196,0
-106.288376,111.96429,0
-36.313118,163.83257,0
-149.63177,50.55409,0
-124.91605,-90.98189,0
-1.1265814,-177.29617,0
89.96708,103.53195,0
134.07652,-47.927242,0
-55.468487,-46.586086,0
-40.093857,75.03724,0
19.19037,121.29244,0
-47.916904,-16.97312,0
-37.631218,-120.37146,0
14.845532,-109.72419,0
92.724434,75.97701,0
107.51149,-28.370947,0
-136.12456,1.2427315,0
-116.39522,86.720215,0
-27.200619,122.760025,0
-130.82115,6.6492295,0
-156.14647,-72.416626,0
62.69886,-159.79408,0
143.7609,21.949583,0
81.134384,-68.18448,0
44.950245,30.74701,0
35.255623,31.595264,0
36.663967,61.992912,0
-7.5236025,1.4270369,0
5.468434,-12.5072,0
36.2736,-41.54229,0
101.45082,49.08654,0
77.41557,-24.80988,0
-140.97513,-22.443476,0
-84.155815,102.13118,0
-11.094095,147.20009,0
-115.401344,24.219435,0
-108.337524,-114.61131,0
11.098715,-159.45625,0
153.29433,14.978882,0
71.75001,-76.15806,0
57.328262,11.832027,0
28.878754,48.505825,0
28.184238,48.72284,0
7.1901445,9.955706,0
10.018904,5.0695686,0
42.894585,-30.318623,0
79.430374,116.60006,0
150.0365,-42.497852,0
-32.778458,-68.00488,0
-13.092469,78.76884,0
10.251026,95.303345,0
-42.80062,-0.07591217,0
-38.310776,-107.971016,0
8.629813,-108.10357,0
140.47087,40.708584,0
93.0545,-60.378212,0
35.894493,36.6788,0
-33.082813,29.800747,0
37.36458,69.841545,0
-12.350115,5.061612,0
-0.23996831,-17.861897,0
36.57188,-50.98068,0
154.93945,58.58561,0
97.163925,-74.38212,0
-10.526763,15.053759,0
-8.285599,18.6283,0
41.051872,82.969315,0
-9.653833,16.523428,0
-11.385511,13.373005,0
32.690178,-61.19902,0
112.13897,45.111713,0
83.90569,-38.931263,0
-150.23546,-22.566002,0
-78.15589,94.36414,0
-8.843702,156.84203,0
-111.08512,33.89615,0
-108.18158,-129.3316,0
14.71984,-148.303,0
117.5027,46.101704,0
86.65908,-26.187757,0
-147.68042,-11.620968,0
-85.59257,87.29437,0
-0.1805704,154.41359,0
-123.81842,28.225948,0
-104.70169,-118.9319,0
4.2225146,-148.38083,0
117.1931,51.434795,0
124.593506,-40.352215,0
-138.90588,-10.157915,0
-81.001945,85.43552,0
10.999057,133.24461,0
-91.21121,15.685389,0
-90.16949,-123.331314,0
12.772274,-127.27812,0
127.8087,92.40917,0
131.04485,-79.83394,0
-86.1835,-35.061375,0
-42.949608,49.705235,0
32.492363,152.85637,0
-83.163826,-25.628387,0
-77.76707,-82.18909,0
50.92584,-109.46301,0
111.27858,30.429613,0
89.967834,-4.948199,0
-162.3137,0.6013849,0
-93.06659,85.73725,0
-34.13398,151.73679,0
-147.16881,36.9105,0
-112.2923,-91.041466,0
-2.0046809,-161.60728,0
156.48215,9.91049,0
72.19758,-81.99912,0
53.96448,13.041348,0
22.849218,44.90711,0
23.219707,46.0094,0
12.2390375,7.9749923,0
14.372423,4.75162,0
43.410286,-26.520828,0
62.867275,50.63975,0
110.95324,-9.897428,0
-140.92029,-53.179596,0
-104.03897,99.709335,0
-27.08284,137.89975,0
-118.2444,6.5184307,0
-137.32317,-76.418884,0
44.26899,-162.19286,0
121.77292,66.35192,0
116.96952,-21.846655,0
-125.90379,-46.80366,0
-68.74572,74.19767,0
15.881,150.19652,0
-104.93206,6.403,0
-126.16507,-66.43059,0
52.271305,-146.70781,0
80.86227,64.107155,0
100.27867,-48.31904,0
-120.39074,-23.246368,0
-54.378105,106.302414,0
-6.5578876,125.6166,0
-83.15563,32.911507,0
-93.53719,-96.177505,0
38.53515,-134.10718,0
91.574196,50.738617,0
77.29109,-43.2486,0
-147.46814,-32.602417,0
-70.972626,108.05655,0
-1.6875308,143.77763,0
-105.10797,38.83154,0
-108.63206,-134.11824,0
23.151237,-147.3044,0
138.93663,17.756937,0
87.5988,-77.65813,0
52.00334,23.19127,0
46.139847,33.1917,0
40.648167,57.687813,0
-4.7360415,-6.313858,0
-3.3451095,-9.741886,0
43.230656,-45.228077,0
86.80145,26.166805,0
62.787468,-4.0725117,0
-181.05736,-24.560251,0
-89.78723,125.7644,0
-21.348392,179.76266,0
-128.20299,56.630302,0
-144.23993,-110.01938,0
17.89351,-177.55688,0
109.438736,31.275032,0
90.601265,-2.5666444,0
-163.00743,2.2989478,0
-94.50827,85.9761,0
-36.611996,152.49214,0
-148.50365,39.088993,0
-114.06402,-89.30087,0
-2.8218663,-164.23335,0
106.02601,104.63154,0
143.70361,-40.415016,0
-79.237816,-51.886486,0
-74.89515,53.112072,0
37.842113,106.76009,0
-80.06657,-11.060166,0
-79.990944,-64.2761,0
29.839943,-89.79645,0
84.383354,96.14526,0
153.93541,-39.154137,0
-36.774258,-63.872215,0
-19.316872,84.710434,0
9.104812,107.069885,0
-47.336433,-2.268507,0
-43.067062,-114.52123,0
1.2891724,-109.35734,0
115.56222,129.50623,0
104.86138,-117.13352,1
4.383262,-46.14562,0
-17.658695,42.472412,0
66.97115,154.92265,0
3.8849618,-41.462296,0
-1.9300028,-49.768665,0
50.640987,-68.604614,0
133.96625,64.66689,0
114.73383,-66.892784,0
-69.870926,-32.482803,0
-59.813446,62.85768,0
33.22101,137.36108,0
-64.18162,22.532875,0
-79.14791,-128.36012,0
34.679626,-111.22154,0
94.91361,97.78975,0
149.44368,-52.13957,0
-30.815266,-46.41124,0
-31.042778,70.11415,0
23.087011,95.867325,0
-40.13368,-10.263537,0
-34.22091,-133.42691,0
-2.2249503,-93.11781,0
79.32255,64.40937,0
100.40827,-50.47863,0
-123.06052,-23.702246,0
-56.44213,105.5721,0
-8.190051,130.076,0
-85.66408,34.611492,0
-94.05088,-94.32815,0
41.823223,-137.106,0
102.35087,50.469204,0
78.2213,-37.44041,0
-143.86485,-22.780005,0
-88.68819,107.82972,0
-3.553719,150.866,0
-107.78928,32.55925,0
-105.48681,-112.88238,0
16.660938,-144.17435,0
126.075264,96.527596,0
134.34142,-85.54627,0
-92.3177,-33.197144,0
-48.561768,44.336365,0
33.277767,159.39772,0
-90.23896,-24.532877,0
-84.64503,-80.99442,0
54.421146,-113.844864,0
68.91809,55.355885,0
112.20345,-11.958638,0
-137.68294,-50.55684,0
-103.18277,94.65651,0
-23.159353,138.45612,0
-115.7923,5.1480103,0
-137.36809,-74.62828,0
44.451344,-161.31151,0
92.00678,104.58044,0
156.05626,-56.57856,0
-51.775738,-44.918976,0
-25.40217,60.31764,0
24.443445,117.573044,0
-44.40411,-18.568869,0
-35.63427,-119.0919,0
14.141256,-103.840164,0
157.11275,18.192253,0
72.82293,-73.62703,0
57.881077,23.353918,0
36.262245,16.154333,0
23.796133,55.275448,0
2.4778094,-0.72464055,0
4.625667,-3.6793761,0
36.612354,-31.454245,0
112.646774,133.22795,0
103.81799,-122.16928,1
6.7187624,-51.776577,0
-12.890966,46.138493,0
69.7029,159.69019,0
0.2887495,-37.68361,0
0.5935709,-55.74934,0
56.12631,-67.850525,0
106.22517,73.44923,0
148.73138,-11.677344,0
-70.70073,-59.124416,0
-46.689976,93.735,0
5.0392118,127.07065,0
-69.86866,3.728788,0
-69.63094,-113.018456,0
20.487953,-124.94733,0
80.34786,41.15791,0
55.913357,-25.204287,0
-164.83203,-37.073288,0
-79.625336,121.32751,0
-13.328775,175.72485,0
-114.74707,55.18045,0
-134.77538,-128.84021,0
23.302795,-162.61058,0
108.38647,133.88942,0
103.44144,-128.21819,1
9.494626,-55.750275,0
-10.439766,49.968227,0
68.35075,163.87209,0
-0.0073001734,-34.70859,0
-0.045947578,-59.1456,0
60.32871,-68.227295,0
131.49796,76.39857,0
118.081535,-76.9104,0
-57.91796,-30.110346,0
-53.441216,54.58959,0
35.55862,129.78677,0
-51.804096,20.827919,0
-60.961975,-90.37555,0
34.226078,-102.64049,0
121.56742,41.519512,0
83.345695,-12.967499,0
-154.52536,-7.4993715,0
-83.30266,78.34953,0
-6.7215815,160.50208,0
-120.35431,35.15336,0
-118.889305,-118.53247,0
8.861912,-146.31757,0
144.259,21.658993,0
80.72785,-68.76221,0
45.196285,30.501184,0
35.460835,31.873676,0
36.08795,61.814632,0
-7.203856,1.1724622,0
5.7175713,-12.172453,0
36.017696,-40.20115,0
140.99603,94.47385,0
124.40058,-101.07004,0
-17.212057,-39.203087,0
-31.198124,41.886105,0
51.503315,149.09377,0
-18.905083,-27.481802,0
-41.62451,-86.828545,0
59.876225,-93.91492,0
159.03484,41.179512,0
111.932045,-48.470722,0
30.31826,23.551252,0
12.259974,62.388508,0
14.908692,70.66573,0
-13.221645,-10.39445,0
-15.633964,-71.529816,0
34.87662,-75.558334,0
64.765686,75.890274,0
150.0253,-12.662971,0
-69.56312,-60.270077,0
-46.99392,95.14344,0
-14.639698,106.235085,0
-68.37404,1.9194535,0
-68.28133,-112.55,0
-2.3774838,-136.21313,0
98.12994,56.752975,0
98.27272,-2.0132916,0
-184.36378,-1.0245893,0
-42.179035,64.2173,0
13.101536,171.98692,0
-96.31798,4.557192,0
-80.449066,-106.63389,0
47.101467,-140.44037,0
84.6496,69.91027,0
104.35097,-40.602055,0
-117.55027,-29.72527,0
-50.44282,109.43494,0
-3.470405,132.32971,0
-83.97238,26.796206,0
-88.171005,-89.806496,0
44.19357,-133.09169,0
96.19463,39.21423,0
65.321045,-10.929792,0
-166.11824,-20.372826,0
-81.37325,113.54888,0
-11.349888,183.34299,0
-128.69203,46.544647,0
-128.13599,-111.68862,0
26.174187,-171.38306,0
108.2486,103.576004,0
142.70587,-42.57096,0
-79.79033,-49.942314,0
-74.62712,50.174374,0
40.493843,105.77936,0
-81.41483,-12.959965,0
-81.47272,-62.079086,0
29.275305,-90.55465,0
92.68282,85.14501,0
138.1358,-29.087423,0
-66.62277,-70.74717,0
-38.239243,102.06959,0
1.3137966,117.19858,0
-73.52468,-0.34632027,0
-74.10451,-95.62668,0
6.550346,-119.51221,0
82.9731,47.97421,0
72.266495,-47.272163,0
-151.20415,-39.765274,0
-67.779015,110.94433,0
-19.236032,159.39932,0
-99.816925,44.007538,0
-114.05109,-141.09106,0
27.508844,-152.41075,0
158.84506,15.368263,0
72.43151,-74.654816,0
54.847862,18.945152,0
38.194786,16.528164,0
22.13109,53.011246,0
10.015757,-3.9821527,0
10.564119,-3.3012762,0
36.437344,-27.852428,0
139.80258,18.542528,0
90.83121,-68.72103,0
50.579624,21.971733,0
45.580875,33.563755,0
40.11589,58.651722,0
-5.2663903,-5.304323,0
-1.6286315,-10.990025,0
41.76435,-45.42283,0
113.88378,47.844315,0
89.062675,-33.85303,0
-147.11894,-17.849367,0
-80.692894,87.70782,0
-3.9521286,155.47865,0
-112.35294,30.444418,0
-101.57697,-126.24767,0
13.553207,-141.44414,0
138.84537,43.517246,0
132.99472,-56.320168,0
31.903448,36.566875,0
-34.297527,32.557995,0
38.433212,72.37243,0
-15.119294,6.665933,0
-36.89416,-112.2471,0
38.43722,-90.46715,0
163.68787,7.291723,0
75.57401,-91.82455,0
50.99416,12.433611,0
18.342148,34.691807,0
17.296186,34.268448,0
18.681198,8.364435,0
19.867474,10.120947,0
41.14488,-18.283176,0
139.09991,73.84346,0
114.790504,-85.509834,0
-63.917023,-21.054926,0
-61.55291,52.299202,0
43.153275,135.6667,0
-54.024513,32.264286,0
-69.177895,-81.77703,0
44.25146,-105.5754,0
145.89601,21.112104,0
80.65321,-71.601974,0
47.853115,28.001228,0
36.393497,31.32997,0
34.833996,61.34286,0
-5.365457,-0.34143135,0
6.6393356,-9.53184,0
36.151928,-38.86445,0
121.03078,74.03609,0
97.83086,-11.807705,0
-119.453766,-38.691654,0
-64.2043,77.211075,0
16.83601,145.43779,0
-97.12842,7.7090015,0
-103.24433,-100.94105,0
25.143066,-127.683205,0
119.578026,89.442055,0
122.615616,-105.172935,0
-14.884503,-34.53461,0
-28.056726,44.4827,0
54.12022,147.8527,0
-15.208256,-31.054337,0
-39.995655,-91.58928,0
62.22815,-91.98644,0
115.4824,69.94849,0
92.22744,-14.916959,0
-132.63368,-13.643186,0
-63.540993,87.94266,0
9.29866,140.762,0
-96.63236,19.324848,0
-88.81065,-115.44427,0
24.955177,-135.0542,0
95.15386,100.31361,0
151.64253,-51.195858,0
-51.064148,-48.95466,0
-27.571598,68.669174,0
20.909733,115.016335,0
-41.827732,-13.199081,0
-32.39007,-130.86203,0
17.581558,-104.37264,0
82.85563,38.924004,0
57.388557,-18.496916,0
-173.45804,-31.712349,0
-80.31191,120.58722,0
-14.787506,175.53566,0
-121.48785,54.924988,0
-135.62386,-122.97052,0
19.596256,-168.79062,0
115.13385,43.651695,0
86.81651,-40.707798,0
-147.9154,-20.023066,0
-80.63956,76.27271,0
-4.3750477,157.50136,0
-111.20153,31.611803,0
-105.26794,-127.472115,0
11.164595,-144.79417,0
84.76249,35.102673,0
58.74916,-17.115818,0
-173.45412,-30.087662,0
-84.94758,121.48021,0
-17.470184,174.1131,0
-123.41799,53.97766,0
-135.80171,-119.21018,0
18.90545,-169.394,0
83.23478,42.293465,0
74.40808,-49.486553,0
-153.27419,-37.405342,0
-71.16167,112.46926,0
-18.532217,161.38037,0
-102.49221,46.04039,0
-115.23689,-138.0107,0
23.524555,-153.04628,0
137.04845,66.195526,0
111.75273,-69.66324,0
-71.917274,-31.106102,0
-62.383007,59.950512,0
34.94251,139.32787,0
-62.118374,23.833923,0
-79.91011,-131.86635,0
37.346127,-112.944855,0
146.9784,48.173058,0
107.27906,-41.831795,0
-112.35548,-24.644672,0
45.62915,43.651844,0
0.6346444,57.863194,0
-84.30237,18.238586,0
-88.40273,-93.8701,0
45.271816,-86.290344,0
88.92086,110.82055,0
162.2048,-53.069485,0
-42.927017,-48.521904,0
-20.207174,59.685207,0
24.546383,108.74408,0
-34.589268,-16.77971,0
-29.390505,-118.48749,0
8.732525,-99.38244,0
139.92343,33.721123,0
84.604515,-62.61635,0
-25.280268,19.493319,0
-25.85471,25.827044,0
31.40185,73.7151,0
-25.741545,21.838846,0
-24.170603,16.870985,0
33.449615,-46.984272,0
142.67293,18.544477,0
88.38658,-65.1272,0
56.41585,21.478827,0
49.71119,35.743645,0
37.62838,57.25673,0
-2.9660316,-3.9524376,0
0.74407583,-9.479761,0
39.927925,-42.11271,0
157.6058,60.86954,0
94.403175,-73.04535,0
-1.0346322,22.524761,0
-5.0398464,20.463852,0
42.521423,80.7351,0
-2.9016674,21.854895,0
0.67029536,23.664455,0
29.796463,-61.222813,0
63.20248,107.19751,0
139.83804,-62.769947,0
-38.397976,-35.494854,0
-32.864098,62.410137,0
30.532318,96.53766,0
-34.37179,11.655246,0
-55.90563,-137.60913,0
7.4032235,-87.305,0
152.53108,48.181095,0
109.88771,-42.474007,0
-107.328476,-22.34463,0
51.18991,41.56897,0
2.5695007,63.458794,0
-78.34953,19.48679,0
-83.21587,-92.37052,0
41.156643,-81.85534,0
140.64977,76.69274,0
113.120735,-81.67633,0
-59.359737,-23.12498,0
-58.29861,47.36753,0
44.67119,128.38235,0
-52.691883,28.122505,0
-64.72395,-83.75063,0
40.341484,-102.3591,0
161.51437,10.637408,0
75.255775,-84.013916,0
46.75183,12.477116,0
21.777946,39.026855,0
21.426718,39.072716,0
21.499865,4.860109,0
20.587831,5.2556047,0
40.34677,-23.123543,0
139.9725,66.746864,0
109.79823,-69.85939,0
-73.70037,-30.106321,0
-62.62834,57.7531,0
36.562233,140.34584,0
-61.18411,27.821905,0
-79.76355,-134.09268,0
36.239548,-115.49927,0
67.05368,43.62604,0
114.47344,-3.921615,0
-145.92693,-46.76338,0
-95.51928,96.12555,0
-24.158947,147.69629,0
-114.37119,14.452203,0
-102.113205,-105.64076,0
38.795654,-163.42256,0
107.907684,19.627684,0
90.83651,5.28981,0
-176.82521,2.4486954,0
-101.56764,107.366516,0
-33.17554,159.62106,0
-152.50626,46.82766,0
-123.553276,-85.61929,0
-5.112848,-171.84735,0
127.08747,83.20168,0
130.28267,-59.67475,0
-59.70128,-38.481983,0
-48.856422,62.414867,0
25.964418,127.08462,0
-29.901514,-2.3470995,0
-34.81788,-102.69265,0
23.36928,-101.82743,0
121.97353,107.42321,0
129.88716,-1.2479236,0
-93.64546,-46.378124,0
-87.67254,63.000195,0
38.439423,172.68344,0
-93.79717,-16.838959,0
-95.65841,-69.5028,0
67.082,-116.53834,0
68.80391,48.35019,0
116.34719,-8.114545,0
-142.0012,-47.509224,0
-99.760376,96.238945,0
-23.546331,142.59552,0
-115.02753,9.473945,0
-132.8636,-79.50484,0
41.808296,-159.95642,0
91.959335,38.787987,0
79.63173,-37.05109,0
-149.76135,-26.400475,0
-77.17673,98.13923,0
-8.688389,160.27428,0
-108.802864,33.925262,0
-116.51733,-127.75645,0
16.897635,-151.82207,0
76.13466,64.79824,0
96.90937,-50.79392,0
-120.08706,-19.570684,0
-56.814053,104.62125,0
-7.663307,124.59191,0
-87.28523,33.427284,0
-89.62069,-98.70812,0
36.270187,-136.08221,0
134.67535,63.736103,0
110.24026,-67.32127,0
-76.386665,-33.210102,0
-64.77199,59.395306,0
34.388847,141.3844,0
-64.066895,26.878258,0
-81.56044,-132.3134,0
42.056015,-113.86638,0
99.365845,22.30273,0
87.35459,4.4966607,0
-174.98126,0.005275477,0
-104.33417,111.54613,0
-36.294846,162.26552,0
-148.68181,48.520298,0
-125.59864,-90.59786,0
-1.6232251,-176.30566,0
82.18073,44.099266,0
72.79948,-50.578293,0
-155.05508,-38.886066,0
-70.39095,114.11653,0
-18.652805,162.79866,0
-101.661575,48.104034,0
-117.406265,-140.13078,0
11.834644,-172.4113,0
135.66153,39.6131,0
94.450294,-68.648865,0
-13.952854,20.920355,0
-13.268674,22.164614,0
37.58427,79.49448,0
-13.658908,21.567137,0
-14.079877,20.506113,0
31.904644,-57.47478,0
128.00838,92.69152,0
131.9001,-80.29916,0
-87.098305,-35.7016,0
-44.362267,48.84714,0
31.97359,153.62698,0
-84.13018,-25.840662,0
-78.73603,-82.5068,0
51.3957,-109.76657,0
75.38286,89.794975,0
156.04889,-24.847898,0
-55.079453,-69.7908,0
-31.550936,97.765465,0
0.29915768,102.45371,0
-58.113,-2.6865816,0
-52.9041,-104.3196,0
-1.6882607,-119.25616,0
119.00087,72.6314,0
97.63276,-7.510256,0
-116.75965,-43.578327,0
-53.46366,95.839455,0
14.932342,174.82414,0
-98.56092,4.151895,0
-109.101875,-98.38926,0
61.495613,-139.09486,0
102.10986,68.867035,0
108.60986,-0.29714084,0
-175.76077,12.082136,0
-121.813324,103.97028,0
-32.762707,135.65755,0
-130.03522,27.074657,0
-153.43166,-86.66663,0
50.81417,-176.703,0
114.9038,104.2925,0
136.84592,-6.659216,0
-86.817444,-46.706314,0
-83.25303,55.323055,0
33.309906,167.9529,0
-88.52859,-14.900792,0
-87.987144,-66.03458,0
58.52562,-119.935135,0
100.81037,40.715115,0
71.835815,-12.1695,0
-167.65419,-16.46356,0
-85.618126,113.57358,0
-4.8487263,182.95291,0
-129.5551,39.962067,0
-127.43799,-107.935555,0
26.351757,-175.18839,0
115.738174,23.744059,0
77.64775,14.702616,0
-161.48424,13.040508,0
-102.039314,80.70482,0
-47.128593,149.99371,0
-159.01917,34.592365,0
-114.05964,-78.6881,0
-13.561098,-165.637,0
139.23299,53.735935,0
113.30933,-52.41235,0
-59.401028,20.755281,0
41.299404,22.482615,0
24.093931,64.27133,0
-59.33586,20.511763,0
-22.274862,-63.172592,0
37.429874,-56.436012,0
83.848595,57.175083,0
66.59489,-35.048103,0
-130.039,-29.27427,0
-61.820347,106.98537,0
-9.44261,134.46136,0
-94.82728,36.92381,0
-113.636406,-103.96361,0
36.85979,-142.34915,0
140.0119,19.294443,0
90.69634,-67.90519,0
50.095016,21.527903,0
44.309433,33.525303,0
39.831978,59.154636,0
-5.4188128,-4.260415,0
-0.17290564,-11.147936,0
41.295895,-44.94176,0
106.552574,137.00157,0
98.70889,-127.0598,1
11.258464,-60.707775,0
-6.6718087,47.23272,0
73.7748,163.58195,0
-2.7572794,-30.367786,0
1.3299841,-64.17528,0
61.843445,-63.72147,0
129.84146,67.13069,0
118.649666,-67.181274,0
-66.07528,-32.374477,0
-51.502323,61.159336,0
31.790642,133.5554,0
-69.86241,20.646963,0
-77.19828,-126.07777,0
33.16087,-109.04905,0
119.369865,35.562847,0
86.397545,-12.802987,0
-155.77365,0.8745756,0
-90.57945,78.299774,0
-36.06472,144.6606,0
-146.85141,31.168804,0
-105.183914,-86.15924,0
-6.3437324,-154.56229,0
101.68156,73.81538,0
111.22422,-23.206472,0
-140.74274,6.964762,0
-124.115555,89.49023,0
-33.398155,122.09129,0
-135.01756,11.651586,0
-159.22221,-79.294365,0
57.05714,-161.42865,0
94.47973,50.720043,0
75.02722,-37.09807,0
-140.48892,-33.921867,0
-75.79119,101.48939,0
-7.0009165,146.54843,0
-103.90088,31.336462,0
-115.920944,-122.74094,0
27.330784,-145.65747,0
90.98742,43.88216,0
68.14336,-23.95662,0
-160.59319,-31.253307,0
-75.902855,114.95993,0
-6.4190335,169.60172,0
-110.54053,45.584408,0
-124.60009,-125.437614,0
17.656803,-159.46307,0
149.80745,14.228742,0
84.61869,-80.752205,0
55.915966,25.430117,0
47.17646,32.804768,0
35.303864,52.2535,0
4.755627,2.1887505,0
8.738926,0.18015046,0
34.64368,-25.547695,0
83.55758,27.323158,0
67.616585,-1.9789721,0
-180.59921,-18.116909,0
-93.68422,121.48054,0
-27.40439,176.29968,0
-133.23497,57.13592,0
-139.30513,-109.43106,0
17.012798,-182.77983,0
108.19001,136.42734,0
100.95783,-129.43964,1
11.955769,-57.12317,0
-7.451744,49.460533,0
71.25926,165.908,0
-0.903597,-32.908722,0
-0.8020052,-62.353718,0
62.84538,-66.269226,0
129.79407,65.72912,0
118.02536,-64.727554,0
-67.56857,-36.352234,0
-55.426636,61.47253,0
29.966866,134.97958,0
-68.14155,20.020145,0
-80.86794,-123.63041,0
30.971682,-115.53078,0
133.18668,61.079735,0
114.1597,-62.7389,0
-69.64228,-36.66983,0
-63.143112,67.042015,0
28.879362,136.4873,0
-68.75202,23.887815,0
-85.03294,-125.62036,0
32.401756,-116.64516,0
138.62927,78.567444,0
115.38992,-82.04884,0
-61.62364,-24.61084,0
-57.802704,49.359306,0
42.20863,127.30234,0
-54.392365,27.718294,0
-65.23926,-85.458786,0
39.614613,-104.8528,0
141.5224,92.960434,0
123.90265,-100.75769,0
-16.695623,-38.4986,0
-32.676224,42.3011,0
50.90554,148.58174,0
-19.67522,-27.690344,0
-42.130943,-87.73669,0
59.13487,-93.98861,0
104.40035,82.09174,0
120.88713,-30.590773,0
-106.83046,-44.070465,0
-55.688293,120.9046,0
18.916248,162.98521,0
-91.44685,3.6917956,0
-108.55531,-67.80389,0
54.397324,-138.55899,0
112.569756,62.014214,0
112.91858,-60.419277,0
-72.17105,-37.819992,0
-61.46662,67.114365,0
19.319595,127.70439,0
-70.23518,23.438456,0
-84.05532,-124.5227,0
32.523766,-119.602234,0
77.84523,99.27197,0
156.90855,-44.06478,0
-30.957739,-59.443645,0
-21.318155,74.46631,0
12.7538595,98.01337,0
-42.524002,-3.934476,0
-37.220146,-127.64325,0
-2.3573198,-103.29497,0
65.546844,116.37876,0
150.18112,-74.73381,0
-23.3581,-77.157135,0
-5.461893,69.506,0
16.381304,85.22932,0
-23.416023,-1.5130459,0
-25.867283,-99.340485,0
15.498019,-77.1497,0
115.91617,52.216953,0
87.26767,-20.800638,0
-136.63536,-13.718509,0
-67.709435,87.45481,0
5.137817,146.75671,0
-102.90591,21.090542,0
-91.308784,-122.05038,0
16.34517,-129.55818,0
111.19381,52.71066,0
72.66407,-22.29932,0
-157.25613,-29.799408,0
-73.87581,86.25919,0
0.60793144,168.74623,0
-112.91856,40.716465,0
-121.20529,-125.46021,0
10.509433,-138.27553,0
103.91907,23.865606,0
91.02852,2.0155017,0
-178.59155,1.1782968,0
-102.83856,105.0639,0
-30.241697,157.57045,0
-149.84052,45.070545,0
-129.00867,-87.22176,0
-2.6316967,-171.65413,0
144.31384,31.737608,0
82.345726,-69.6543,0
21.760494,-29.518469,0
24.719492,-28.943563,0
29.177687,71.152985,0
23.097893,-29.327557,0
20.001106,-30.017048,0
31.870775,-40.464405,0
59.09771,107.41274,0
143.51881,-61.698143,0
-36.59373,-33.0062,0
-38.1331,64.79521,0
32.33196,92.70668,0
-35.109154,9.005744,0
-54.580513,-142.06886,0
6.3138976,-85.21126,0
96.98323,40.467953,0
65.11536,-11.353377,0
-165.5366,-19.742208,0
-80.94313,113.50377,0
-9.967206,182.73419,0
-128.03654,45.418186,0
-126.60199,-112.970245,0
25.973726,-170.72629,0
88.14597,36.390903,0
61.415234,-17.338247,0
-171.39519,-28.503313,0
-86.08093,120.889755,0
-18.551353,172.54637,0
-122.978386,50.963974,0
-132.82301,-120.54435,0
15.469212,-168.85027,0
69.560005,103.831955,0
148.30064,-61.351143,0
-34.908478,-38.14302,0
-34.475273,68.17528,0
27.354494,90.73851,0
-32.898064,4.146681,0
-49.87963,-138.47389,0
2.7018719,-87.15037,0
105.846245,85.725624,0
120.26353,-32.353485,0
-106.29832,-42.085575,0
-54.77563,122.20854,0
19.803518,162.45221,0
-89.75836,3.87974,0
-108.1476,-65.371826,0
55.308502,-136.73872,0
63.999493,88.41784,0
163.73439,-19.111835,0
-61.19388,-59.939316,0
-38.16323,87.11285,0
-0.77028084,95.04654,0
-63.445274,-8.541969,0
-65.07599,-103.68787,0
-13.584492,-131.85483,0
72.65157,87.7089,0
157.02292,-21.391443,0
-58.207703,-68.108444,0
-35.224556,96.26208,0
-0.88137054,101.52975,0
-61.183792,-3.3418903,0
-57.466534,-104.25853,0
-9.4791765,-122.04262,0
74.93349,86.40746,0
150.96214,-21.299545,0
-52.969948,-66.00519,0
-30.553345,92.82693,0
-3.5939262,106.458664,0
-59.34923,2.256274,0
-57.63848,-114.80592,0
-4.890874,-119.74609,0
77.14893,30.181347,0
68.39189,-2.4687614,0
-180.31764,-17.304829,0
-94.16522,122.49345,0
-27.905403,176.81902,0
-130.29144,54.64311,0
-138.32172,-108.486855,0
17.928213,-179.0045,0
126.02377,97.66921,0
134.41179,-84.67391,0
-91.701546,-33.888584,0
-47.42813,44.44758,0
32.629208,158.44727,0
-89.51131,-24.892448,0
-84.17869,-81.61271,0
53.75333,-112.52237,0
161.06982,45.82306,0
113.89984,-49.717,0
-2.598786,-75.097,0
61.05605,29.878813,0
7.953601,69.560234,0
-3.046553,-75.95589,0
-22.463842,-66.79754,0
28.836256,-71.97841,0
67.34192,117.55039,0
151.36949,-76.624664,0
-23.912552,-79.25728,0
-6.152604,72.22524,0
14.838739,83.455864,0
-20.939377,-1.4512304,0
-24.23061,-98.39341,0
16.522852,-75.61887,0
97.903854,66.71574,0
109.83987,3.7787354,0
-180.4666,9.420962,0
-114.78966,103.19033,0
-44.404247,178.38263,0
-134.88058,27.992363,0
-149.07426,-86.0438,0
46.227142,-178.52542,0
144.88164,92.620125,0
122.33791,-103.49372,0
-16.427803,-35.857094,0
-29.976103,44.52065,0
52.881866,147.74538,0
-16.914223,-30.705675,0
-40.883175,-90.72158,0
60.086765,-91.66857,0
99.56135,68.860344,0
108.94169,1.6216228,0
-178.61612,11.305542,0
-116.68476,102.527565,0
-43.099155,180.25772,0
-133.10068,26.33344,0
-150.36942,-87.01863,0
48.60088,-177.60301,0
76.63486,80.468864,0
143.58104,-20.042656,0
-51.62454,-73.83162,0
-26.560781,99.3188,0
-6.8465147,112.83423,0
-57.47422,8.523197,0
-58.756252,-109.575226,0
1.516777,-124.20476,0
107.60359,57.348526,0
113.29276,-16.977636,0
-135.51703,-46.502335,0
-92.56248,101.01672,0
-17.604805,141.22844,0
-118.730865,15.818884,0
-119.50592,-104.79573,0
32.575092,-163.39845,0
126.09999,109.35137,0
133.45865,2.3444352,0
-91.23562,-44.62071,0
-82.45701,65.9362,0
31.196321,172.94171,0
-94.54445,-7.901187,0
-94.7112,-73.03474,0
64.32728,-114.41382,0
165.81044,9.040133,0
78.95914,-94.21757,0
37.602097,12.300242,0
12.451304,30.423798,0
13.14707,32.933605,0
15.0462675,17.449776,0
18.524557,13.468996,0
40.58116,-15.971012,0
123.38251,79.154,0
142.92015,-56.317818,0
-45.08244,-37.642693,0
-38.052864,57.471115,0
37.40526,97.322876,0
-39.256508,4.5389576,0
-56.0653,-146.12836,0
13.296374,-84.14426,0
122.6667,52.254158,0
91.63127,-7.8018656,0
-161.14267,-1.483086,0
-87.34913,83.69756,0
12.898215,142.42363,0
-145.07823,36.959255,0
-110.51398,-93.00984,0
-0.38656646,-157.99945,0
101.237,46.426926,0
84.08722,-32.67258,0
-145.7076,-25.670464,0
-84.55004,94.54459,0
-9.366949,152.13782,0
-115.5645,29.689419,0
-110.42486,-123.84343,0
11.179473,-152.85939,0
97.83637,64.57114,0
107.14195,4.293646,0
-181.71124,11.503422,0
-115.032,106.70929,0
-42.931404,176.33884,0
-136.13618,25.72526,0
-147.73325,-89.09506,0
42.78924,-178.48454,0
122.92328,112.45516,0
133.78087,-0.86826384,0
-89.153656,-48.658707,0
-82.655815,61.804207,0
35.509106,173.72285,0
-92.00374,-9.961229,0
-91.69503,-71.672325,0
62.272026,-117.24954,0
72.54393,119.90343,0
155.4442,-74.53903,0
-28.394732,-78.65462,0
-10.12103,70.47352,0
13.359457,88.34792,0
-20.856133,2.018573,0
-25.916527,-94.15382,0
20.65496,-77.012085,0
63.307705,109.80861,0
138.29916,-58.904404,0
-41.845413,-38.64516,0
-32.77419,60.799545,0
32.37408,99.85703,0
-38.01141,8.430026,0
-56.104347,-136.55438,0
10.164323,-88.14107,0
99.63535,52.328857,0
69.39342,-40.528156,0
-139.93959,-36.05145,0
-60.705532,120.28364,0
-8.70767,145.81175,0
-105.5995,26.79728,0
-105.082954,-109.17941,0
30.50392,-142.59703,0
73.157715,102.29921,0
163.81851,-42.4571,0
-32.20983,-52.279583,0
-27.627731,74.624084,0
18.169083,95.79283,0
-36.643017,-4.919244,0
-42.459072,-132.23242,0
-4.6251574,-96.7775,0
112.87844,51.614925,0
70.63628,-21.908854,0
-159.9581,-28.20676,0
-78.21781,86.36147,0
-0.5227984,171.56187,0
-113.79938,42.933014,0
-122.06462,-123.647385,0
8.643381,-139.5207,0
112.286995,103.24433,0
138.09065,-39.537373,0
-82.62457,-48.086163,0
-80.776405,52.07817,0
41.54303,163.40065,0
-84.26956,-13.743153,0
-87.08628,-62.251892,0
31.734068,-84.646286,0
107.907646,67.24326,0
102.75922,-19.184147,0
-141.05658,-7.4732003,0
-70.62025,72.861404,0
9.559272,152.97398,0
-126.74162,13.624524,0
-158.69305,-81.15063,0
57.2087,-160.35573,0
91.76471,39.78102,0
67.41891,-21.908651,0
-164.02518,-29.375977,0
-81.516594,127.82177,0
-7.967417,166.31831,0
-115.11569,44.775417,0
-124.89325,-123.18654,0
13.299689,-162.10257,0
96.768036,35.191135,0
62.583008,-12.031142,0
-169.78737,-22.009748,0
-83.09203,115.357155,0
-7.797656,179.92451,0
-125.37719,44.263603,0
-130.83089,-114.29442,0
21.674192,-170.68047,0
105.81227,134.86546,0
100.30481,-126.51419,1
10.277079,-59.2402,0
-6.7898054,47.776646,0
73.65411,164.63486,0
-3.1657534,-31.942339,0
1.674196,-63.134747,0
60.73366,-65.39072,0
92.925285,36.26004,0
60.271362,-18.31569,0
-171.40065,-30.08828,0
-83.76176,119.571365,0
-16.79492,174.17082,0
-123.995224,51.42829,0
-132.53731,-122.86324,0
18.099836,-168.76283,0
64.14669,77.59463,0
163.74759,-14.902732,0
-65.748405,-60.712135,0
-43.024773,88.87198,0
8.582108,117.75009,0
-67.95526,-9.084483,0
-68.93638,-105.57663,0
-9.651849,-135.41412,0
128.90155,75.696915,0
121.83812,-74.09026,0
-56.29266,-32.635345,0
-50.213642,57.237457,0
33.155903,127.344986,0
-50.821503,17.802498,0
-59.908894,-93.46966,0
29.591654,-102.35065,0
110.794266,44.780453,0
83.45933,-38.095936,0
-151.05334,-22.015156,0
-79.31667,93.66817,0
-9.081583,155.61736,0
-112.03536,34.502556,0
-108.59227,-129.12778,0
13.98376,-149.01584,0
122.51251,53.27692,0
91.70851,-8.070123,0
-161.88869,-1.8451219,0
-62.645073,82.322495,0
-38.710457,155.6264,0
-144.483,37.171104,0
-110.72439,-92.81115,0
20.271997,-130.22931,0
60.653698,97.40542,0
137.42235,-66.365326,0
-42.596474,-29.794687,0
-45.980545,71.29448,0
32.821903,115.376816,0
-39.9325,13.829547,0
-62.265095,-137.34074,0
17.89535,-93.60729,0
64.1523,104.707115,0
145.1852,-63.93015,0
-36.73275,-35.43594,0
-34.459583,65.05746,0
30.570677,93.083405,0
-32.88718,8.885499,0
-52.719032,-139.26091,0
5.008775,-85.56453,0
92.248276,89.68073,0
135.41052,-31.362764,0
-63.92579,-69.57387,0
-38.418125,98.732216,0
4.194414,118.50574,0
-72.92411,-3.1704533,0
-73.4367,-99.23815,0
8.944606,-118.82076,0
74.47723,106.26659,0
166.10002,-43.665874,0
-31.15459,-49.51701,0
-30.129856,73.250275,0
19.908947,95.82264,0
-34.20148,-5.82154,0
-42.620975,-135.48982,0
-3.4854977,-95.06273,0
145.47736,21.157537,0
80.61873,-70.48236,0
45.401337,30.403107,0
35.99937,31.851095,0
35.30846,61.23197,0
-6.253235,0.55385363,0
6.489641,-10.071629,0
35.92103,-39.33421,0
140.39099,36.65639,0
89.78711,-62.84233,0
40.358124,37.064514,0
-31.06676,28.384287,0
35.558453,69.10994,0
-9.490089,3.337099,0
1.0380888,-15.137937,0
35.00752,-48.57616,0
111.68847,25.047272,0
80.83477,11.885134,0
-165.35208,9.933658,0
-102.42085,85.67853,0
-43.98681,153.45442,0
-156.87852,37.71486,0
-116.29462,-82.60353,0
-9.709542,-167.90129,0
107.20148,27.662731,0
89.09071,-2.1448202,0
-166.20622,1.2608881,0
-97.43319,108.117256,0
-36.410378,155.83821,0
-147.5603,41.166115,0
-117.1756,-90.75316,0
0.09443053,-169.6432,0
66.0547,114.20742,0
152.79515,-71.859955,0
-27.65923,-75.25207,0
-11.783121,73.60537,0
9.870376,88.04808,0
-25.363443,1.1340652,0
-27.99823,-97.662704,0
16.749043,-80.15226,0
116.170265,105.030914,0
136.53387,-6.690986,0
-86.79362,-46.57157,0
-83.84825,55.201355,0
33.704453,167.89467,0
-88.693886,-14.945474,0
-88.09774,-65.64797,0
58.370007,-120.09852,0
82.53478,34.319164,0
62.66514,-19.862251,0
-168.33438,-29.312471,0
-78.27183,129.49455,0
-13.597596,165.91159,0
-120.31852,49.177834,0
-130.93326,-122.91125,0
11.56002,-168.2213,0
142.17722,71.31252,0
110.21142,-79.10605,0
-55.760513,-21.810633,0
-63.101665,47.46819,0
44.318764,132.81721,0
-49.36658,27.093973,0
-60.82736,-81.90436,0
39.298668,-99.85364,0
118.53138,24.188185,0
76.185074,14.606419,0
-160.00166,12.976902,0
-101.273315,79.9077,0
-46.53216,148.60648,0
-158.71045,32.65039,0
-112.68727,-78.44617,0
-13.889209,-162.64963,0
102.63812,93.750206,0
125.44325,-21.211796,0
-114.37533,-47.52107,0
-68.30309,136.34947,0
17.584558,176.869,0
-100.083115,-1.5023859,0
-114.629845,-60.620598,0
64.22114,-137.5822,0
77.66302,82.56797,0
143.93384,-22.309618,0
-50.027298,-72.99863,0
-25.733927,97.25577,0
-3.983546,113.06135,0
-55.959408,6.751821,0
-56.24328,-108.96107,0
2.0048733,-122.20455,0
106.85293,82.481964,0
118.58647,-29.922066,0
-109.51264,-42.501717,0
-54.59476,124.39673,0
20.80339,158.96648,0
-92.262794,6.04244,0
-107.38973,-68.305435,0
51.831818,-138.87639,0
82.88902,67.91003,0
102.69188,-41.96651,0
-119.32589,-27.584679,0
-51.52993,108.32844,0
-4.8514795,130.85869,0
-85.87264,31.146378,0
-91.308014,-91.90023,0
42.386154,-134.87093,0
142.41148,18.05084,0
88.97442,-65.069916,0
57.952217,21.670422,0
51.3905,36.132812,0
37.76401,56.93657,0
-2.2858238,-4.0286903,0
0.18056254,-9.145609,0
41.031574,-42.39592,0
108.27462,133.70068,0
101.72835,-128.04546,1
11.202522,-57.12546,0
-8.108187,49.805473,0
70.951035,165.21352,0
-1.6673999,-33.566547,0
0.18725787,-61.498043,0
62.82244,-65.79014,0
113.42535,24.057549,0
98.98773,-53.610706,0
-123.016785,-19.292116,0
-57.46928,107.6459,0
-9.990075,128.09644,0
-160.55656,40.22695,0
-98.97882,-91.99791,0
36.239513,-138.69037,0
118.06622,48.64302,0
88.99248,-36.091255,0
-148.45511,-16.225357,0
-80.595116,86.41575,0
-6.204872,155.39326,0
-118.197266,33.26194,0
-99.474556,-128.13539,0
-2.8867774,-142.5624,0
74.293564,98.8207,0
161.3238,-43.53858,0
-29.909786,-53.663307,0
-25.475695,74.42956,0
17.192814,97.76348,0
-38.99491,-6.389824,0
-39.80797,-130.35675,0
-2.5598059,-98.41754,0
86.07861,90.95103,0
146.19081,-31.929546,0
-42.157536,-68.37234,0
-20.871464,90.72918,0
4.340572,111.60397,0
-49.73791,2.3642678,0
-48.203117,-108.94039,0
1.4043412,-114.450294,0
112.29289,20.0092,0
99.69836,-52.898808,0
-123.00379,-20.23505,0
-58.129314,105.93545,0
-9.927967,126.28885,0
-83.67129,37.860294,0
-97.00497,-92.56421,0
38.088436,-138.36852,0
119.3314,137.5939,0
99.412636,-110.78202,1
14.093962,-44.100983,0
-15.684314,36.750805,0
72.0943,150.07072,0
9.522901,-34.351803,0
-9.768255,-52.158493,0
48.676773,-61.796703,0
140.02174,45.345856,0
115.35055,-68.46981,0
-67.34869,-30.029678,0
36.60916,34.828804,0
41.13855,72.35741,0
-63.55162,20.555372,0
-77.09219,-128.24695,0
35.206024,-108.00098,0
124.271034,96.69866,0
133.81616,-86.04365,0
-92.69563,-32.80856,0
-49.38765,43.67256,0
32.743744,161.09595,0
-90.84193,-23.497791,0
-85.90734,-79.69905,0
54.87352,-114.59724,0
109.698,57.460358,0
83.445885,-5.4213595,0
-168.07417,-6.28166,0
-108.33476,121.36451,0
-42.89252,158.3929,0
-143.02646,56.72068,0
-123.09286,-99.353485,0
-9.485473,-170.95148,0
99.539185,59.019787,0
73.812195,-12.6661825,0
-166.5262,-14.102087,0
-87.07171,110.61786,0
-7.0870175,137.37126,0
-93.368866,29.841486,0
-126.468124,-106.887985,0
28.133526,-175.4112,0
122.212494,92.36356,0
135.86777,-85.74268,0
-94.061035,-34.21027,0
-50.103657,42.496616,0
34.559826,160.11104,0
-91.08255,-25.028528,0
-85.38557,-80.87126,0
53.830185,-114.465645,0
119.3589,26.820269,0
74.65095,11.66088,0
-158.46056,9.761335,0
-96.90878,79.600426,0
-43.430927,146.38606,0
-155.72794,31.893114,0
-109.96306,-79.06174,0
-11.597558,-161.21568,0
85.004715,69.17294,0
104.01747,-40.000965,0
-118.33527,-29.925577,0
-51.32469,109.39229,0
-4.496596,132.08264,0
-84.30473,26.86617,0
-88.86586,-89.03272,0
44.652443,-133.27708,0
83.46072,54.964527,0
66.51861,-36.608738,0
-153.22653,-43.058044,0
-64.42129,109.74341,0
-5.3731747,139.55855,0
-96.23896,38.0919,0
-113.98854,-105.065125,0
31.846622,-150.65628,0
104.31943,84.14637,0
120.04577,-31.542753,0
-107.30478,-42.748005,0
-55.85191,123.37997,0
20.257938,161.63544,0
-90.64887,4.743528,0
-107.745995,-66.73478,0
53.712658,-137.57326,0
68.079666,68.103294,0
117.813385,-18.169327,0
-127.26709,-50.738873,0
-55.893257,89.228714,0
18.261818,153.8695,0
-107.647644,3.5269983,0
-129.55191,-67.13589,0
50.559624,-150.18556,0
72.67929,81.55024,0
149.5035,-19.004625,0
-51.5626,-60.932983,0
-32.209396,90.20046,0
-6.25366,104.2477,0
-59.88062,3.5424993,0
-57.795555,-117.352516,0
-2.4442792,-125.65117,0
141.12747,36.33136,0
89.03481,-61.925243,0
41.174053,36.981426,0
-30.938469,28.669315,0
35.837418,67.97446,0
-9.085708,2.5151489,0
2.4980106,-15.247902,0
35.795948,-47.681484,0
62.70034,102.258736,0
144.90016,-58.51145,0
-42.171776,-36.423717,0
-39.037792,60.578053,0
26.609941,93.9267,0
-36.33267,4.4327016,0
-52.480404,-144.46733,0
9.130779,-81.85048,0
85.25115,43.45469,0
73.90383,-49.798058,0
-154.13171,-37.610336,0
-70.855965,112.816414,0
-18.328735,162.94092,0
-102.11243,46.315548,0
-115.62388,-138.41884,0
22.606646,-153.24896,0
120.06279,72.00603,0
95.24636,-12.711108,0
-123.377945,-36.647537,0
-60.139725,79.69865,0
14.313879,141.05862,0
-97.196,10.75126,0
-89.230774,-111.46077,0
23.946062,-123.96869,0
67.66545,105.71234,0
145.28992,-65.81888,0
-38.088318,-37.563602,0
-32.12701,65.46032,0
27.919628,96.85874,0
-32.14312,10.879755,0
-51.96045,-136.83243,0
6.203736,-89.54789,0
96.96361,84.898125,0
117.437225,-36.112843,0
-106.00479,-37.331234,0
-52.41937,118.45915,0
19.637962,166.99123,0
-86.2619,5.793654,0
-79.14472,-89.531075,0
52.803856,-133.2047,0
110.76663,37.72922,0
76.06124,-20.833408,0
-158.50397,-22.175776,0
-83.38494,82.79677,0
-5.3020077,160.8294,0
-120.96972,33.931458,0
-117.994804,-119.3528,0
1.3030858,-146.28734,0
78.6532,34.56608,0
61.69366,-24.843185,0
-166.50343,-34.726963,0
-76.16007,124.8366,0
-11.298387,169.29411,0
-114.123116,48.635456,0
-131.44617,-128.20581,0
17.409788,-164.23953,0
105.833084,55.16413,0
84.18997,-19.916,0
-138.15796,-19.46802,0
-71.90913,85.79006,0
7.212458,156.62634,0
-104.75025,24.263166,0
-106.1409,-112.23847,0
20.086126,-138.08142,0
140.71477,21.278105,0
87.86295,-67.405106,0
49.477158,24.227856,0
41.438385,33.358524,0
38.79885,61.45541,0
-6.983607,-3.0582244,0
2.0979352,-12.154316,0
38.832184,-44.82822,0
144.46661,91.45889,0
120.64633,-101.76765,0
-18.826645,-35.33664,0
-31.115002,45.79431,0
51.97657,146.2894,0
-19.15457,-31.12611,0
-43.460262,-91.20802,0
58.26925,-91.24784,0
81.10111,98.839035,0
160.6692,-34.622845,0
-39.566833,-55.18733,0
-23.846283,78.79728,0
16.348074,104.45052,0
-44.518333,-10.562501,0
-46.10508,-121.80489,0
-2.870721,-106.475105,0
68.564316,47.51456,0
116.455864,-8.399189,0
-141.82562,-46.614525,0
-97.55884,95.63743,0
-21.753542,143.50652,0
-114.439674,9.525399,0
-132.17168,-79.49951,0
41.399742,-159.32109,0
107.58005,26.693521,0
82.306496,9.668651,0
-165.01384,5.9586873,0
-96.83207,88.95195,0
-40.904617,153.38913,0
-153.15477,38.945007,0
-115.40571,-86.82633,0
-5.473873,-166.01218,0
107.306625,19.115004,0
89.82588,7.449898,0
-173.38008,2.8515449,0
-60.203068,112.48242,0
-23.87664,157.53511,0
-151.94942,50.717827,0
-122.102905,-87.57026,0
-4.841388,-177.36078,0
86.93331,88.82921,0
146.57603,-29.479239,0
-44.675556,-68.12973,0
-23.984547,90.292984,0
2.9861317,108.618935,0
-51.77766,2.3579478,0
-50.576153,-110.60897,0
-2.0747974,-115.75554,0
70.578156,121.38613,0
153.49095,-81.01942,0
-22.741358,-85.00458,0
-5.4185925,77.83089,0
13.856355,114.95402,0
-18.961712,-5.3860955,0
-21.91452,-90.52643,0
17.857826,-70.58592,0
82.74499,94.418816,0
153.11487,-36.39852,0
-43.55748,-54.158764,0
-22.964628,81.807,0
18.317928,107.8979,0
-49.501858,-5.2128243,0
-45.8971,-115.66678,0
5.8057137,-102.31054,0
117.008125,55.35341,0
89.219284,-25.572039,0
-144.8537,-12.65708,0
-84.51877,88.07376,0
3.772904,151.0477,0
-110.45164,20.628483,0
-100.369675,-119.83297,0
14.730045,-134.78188,0
115.22603,57.209705,0
91.84844,-22.76015,0
-139.72969,-15.374697,0
-71.17031,82.12357,0
5.4811025,152.39413,0
-105.848175,18.088875,0
-98.21302,-115.18919,0
19.478333,-133.05083,0
168.83974,12.369198,0
82.963295,-84.84677,0
58.58415,11.899026,0
7.0450177,35.651043,0
6.735098,35.95706,0
8.119995,12.387927,0
9.490541,13.758891,0
44.699814,-14.107647,0
127.676834,66.84633,0
117.76462,-65.63411,0
-67.39261,-34.987263,0
-55.276535,61.876793,0
30.614195,134.52321,0
-67.05057,20.222794,0
-81.44549,-124.01136,0
31.846214,-112.736336,0
61.35451,100.27564,0
140.73553,-64.54123,0
-40.116055,-31.751505,0
-38.645576,63.203133,0
34.904762,93.6736,0
-38.08601,12.669793,0
-54.812805,-140.86618,0
6.9452877,-82.347664,0
118.490616,60.751488,0
94.68196,-24.072033,0
-133.33551,-14.865899,0
-64.58555,82.3095,0
8.514828,143.31514,0
-102.16537,17.857288,0
-94.97073,-115.02647,0
23.431585,-132.74673,0
122.02152,35.546803,0
86.73175,-14.512461,0
-152.32236,-1.8650963,0
-87.37468,74.859634,0
-37.43304,139.89325,0
-148.89197,29.00927,0
-102.71834,-84.0433,0
-7.706091,-152.71355,0
148.05489,49.22121,0
113.11611,-43.285355,0
-107.71466,-31.240812,0
48.106377,43.448196,0
1.4655488,59.271088,0
-83.93944,14.615564,0
-80.930016,-94.016426,0
43.41623,-84.41055,0
100.220726,64.00089,0
105.66737,2.0188708,0
-178.99193,14.59229,0
-118.19675,106.75756,0
-46.514618,175.21962,0
-134.60175,24.082546,0
-149.70987,-91.31324,0
43.806248,-175.18909,0
139.46838,75.39586,0
112.43863,-83.97571,0
-60.752644,-21.057302,0
-60.55834,50.196903,0
43.45127,131.09224,0
-51.88831,30.346485,0
-65.463165,-81.218285,0
43.26761,-102.59914,0
124.86843,55.9114,0
124.459175,-41.51042,0
-76.261986,-45.210712,0
-47.752068,75.60552,0
12.678629,134.28853,0
-92.077126,15.886952,0
-87.89455,-120.56206,0
14.16926,-126.73299,0
74.29076,87.58888,0
156.91306,-23.40389,0
-55.573452,-67.987305,0
-32.420544,96.08617,0
0.9762805,102.507,0
-59.512135,-3.702575,0
-55.671352,-103.79903,0
-9.741167,-120.20668,0
117.16901,109.214294,0
129.40941,-6.9900775,0
-94.55241,-52.98787,0
-82.896194,58.909046,0
41.50082,169.31673,0
-96.319305,-11.933451,0
-92.332436,-63.122242,0
65.42109,-123.01789,0
102.59473,57.649384,0
75.61389,-11.150205,0
-168.47859,-13.376238,0
-89.1381,110.04973,0
5.8036995,165.38844,0
-131.28534,38.6134,0
-129.58672,-106.10185,0
28.471075,-176.28352,0
144.13266,71.778946,0
108.646034,-80.503876,0
-54.594765,-23.977581,0
-63.12527,45.901333,0
47.55217,130.38315,0
-47.56236,27.574903,0
-60.28131,-80.12928,0
40.98046,-97.59437,0
81.87086,56.042744,0
64.9417,-34.23911,0
-129.98468,-31.01581,0
-64.60992,106.692955,0
-11.405231,176.29398,0
-94.00602,38.725555,0
-113.04877,-101.7165,0
36.162712,-145.46202,0
140.5834,88.379326,0
120.21626,-97.162766,0
-24.096344,-41.210167,0
-33.373608,45.412468,0
48.323044,145.32915,0
-24.330639,-24.852392,0
-48.47169,-88.686264,0
54.12802,-94.40008,0
125.657684,93.994484,0
129.51456,-82.11282,0
-85.32669,-33.796608,0
-43.452724,49.43712,0
34.709934,153.66614,0
-83.83755,-23.055166,0
-78.74048,-80.2156,0
49.751064,-112.22198,0
161.43224,10.680048,0
75.22542,-83.97962,0
46.76643,12.54341,0
21.936575,39.186073,0
21.651085,39.062565,0
21.359734,4.8016105,0
20.404535,5.1408772,0
40.504505,-23.534494,0
144.2274,76.329254,0
112.02189,-82.59316,0
-59.26652,-22.11422,0
-59.185886,47.22878,0
44.79885,129.8342,0
-52.19798,29.375658,0
-64.26697,-81.998856,0
41.87599,-101.87675,0
116.31129,49.698364,0
74.316124,-16.493292,0
-162.42007,-15.84557,0
-79.29223,82.269905,0
-0.34567782,177.68604,0
-126.541016,33.664913,0
-121.66717,-114.42554,0
1.8004836,-142.84464,0
112.893776,145.41727,0
90.1911,-117.49576,1
14.445026,-52.483074,0
-6.517487,40.115444,0
78.32693,156.22496,0
3.2588813,-25.276424,0
-6.103007,-59.729923,0
56.0592,-59.280754,0
132.01355,77.063805,0
116.330315,-76.53368,0
-56.082798,-27.083054,0
-53.6835,53.0217,0
40.53866,130.82343,0
-49.813793,22.460556,0
-59.033226,-88.4228,0
35.682785,-100.38221,0
108.78343,66.7862,0
103.91703,-15.909076,0
-130.14452,-44.50455,0
-71.89122,74.195595,0
9.454548,148.7846,0
-106.946335,11.182403,0
-140.40236,-76.29442,0
51.89576,-162.479,0
69.36725,45.63314,0
113.86157,-5.952463,0
-144.24355,-49.542686,0
-99.16216,97.983475,0
-26.083342,143.21503,0
-117.799995,8.981516,0
-136.28676,-79.635445,0
41.806576,-161.94539,0
103.43285,85.45055,0
120.78842,-32.56517,0
-106.11846,-42.85127,0
-56.838066,121.78066,0
16.815039,164.28558,0
-89.82473,3.6342978,0
-108.850845,-64.813576,0
55.190647,-137.68123,0
69.24368,50.02918,0
115.71856,-10.173397,0
-139.72821,-47.688435,0
-100.56806,94.487,0
-20.836267,141.0738,0
-113.37854,7.8962398,0
-131.81046,-77.96148,0
41.08595,-157.27379,0
109.5785,139.94742,0
99.89525,-128.94623,1
12.775064,-58.159424,0
-6.2833104,49.51123,0
72.42749,165.99475,0
-0.9179112,-31.687893,0
-0.61975974,-63.44512,0
62.723343,-64.93667,0
148.73871,51.728306,0
115.29524,-68.03309,0
-68.08408,-30.406057,0
45.100468,42.841873,0
3.1239078,58.726234,0
-63.52325,21.06538,0
-77.874435,-128.49477,0
34.561337,-109.461395,0
119.48154,142.03342,0
93.76681,-112.43159,1
18.647053,-47.756958,0
-8.112203,35.359238,0
78.24869,152.55348,0
8.216467,-28.297546,0
-11.363778,-58.369247,0
52.53812,-57.44306,0
101.08803,92.52103,0
115.11483,-42.722046,0
-111.5807,-35.63738,0
-46.051643,115.148636,0
17.941122,174.73776,0
-86.59776,11.074244,0
-79.16174,-94.68235,0
49.57924,-128.8544,0
120.79064,140.5989,0
94.80905,-110.02114,1
18.89222,-45.58953,0
-9.731002,33.255756,0
76.949455,149.85294,0
11.332379,-29.415726,0
-13.039221,-55.43408,0
49.387417,-56.370724,0
84.07912,121.119514,0
166.1007,-60.128452,0
-29.731829,-66.34714,0
-15.562481,66.354805,0
33.422443,108.33754,0
-27.883486,-15.366747,0
-32.647556,-109.913086,0
11.539671,-95.585335,0
110.536736,66.66243,0
99.71064,-17.16333,0
-128.09119,-39.886353,0
-65.849884,78.908844,0
13.558173,146.21144,0
-105.70939,12.85474,0
-98.41296,-108.16771,0
23.581923,-128.0596,0
104.62089,93.16608,0
126.49594,-20.925299,0
-114.322716,-48.417515,0
-68.764244,137.45677,0
17.395407,177.69476,0
-100.682144,-2.1882627,0
-115.46959,-60.02657,0
65.273415,-137.39554,0
123.62363,81.935295,0
131.94664,-59.17173,0
-58.084152,-40.0776,0
-46.0634,61.1861,0
24.841684,125.75242,0
-28.497,-4.3057876,0
-31.564037,-102.19013,0
18.54074,-85.667946,0
64.40754,58.74708,0
106.4687,-12.0839405,0
-138.56404,-55.654617,0
-108.967575,98.3749,0
-25.396084,134.79239,0
-120.390564,3.3140736,0
-141.18883,-74.06075,0
48.95653,-162.33688,0
69.17021,98.90108,0
162.0432,-33.08677,0
-42.051933,-54.890507,0
-24.480974,80.83414,0
17.646206,106.57974,0
-45.704998,-10.219333,0
-49.350105,-124.15197,0
4.6678524,-103.28037,0
104.47902,55.490692,0
77.58179,-12.257601,0
-168.15712,-14.678345,0
-87.935394,109.74427,0
4.2663,162.23909,0
-132.00455,36.277443,0
-127.08685,-105.774994,0
30.695618,-174.20331,0
123.29643,97.10936,0
128.87733,-84.6695,0
-87.81562,-30.855587,0
-67.32563,56.076767,0
36.850048,157.0373,0
-85.78668,-21.11461,0
-83.42824,-76.74768,0
47.33862,-113.63684,0
121.24194,73.11204,0
96.57734,-13.449178,0
-73.78567,-43.276318,0
-61.255085,77.48434,0
18.8109,142.54869,0
-77.4487,11.841408,0
-87.151665,-110.83786,0
25.96944,-122.5222,0
172.63898,14.692942,0
87.41336,-87.96672,0
48.534504,-2.8522782,0
44.163998,-3.7152123,0
4.9795833,44.959496,0
46.835938,-3.936838,0
51.03179,-1.2061648,0
45.310284,-9.803981,0
139.92354,90.65863,0
122.48841,-96.03927,0
-22.125319,-41.700336,0
-36.006397,44.814053,0
46.301758,147.78209,0
-22.69387,-25.263184,0
-47.54383,-86.106125,0
54.57764,-96.790276,0
85.94175,49.24814,0
77.32157,-45.8667,0
-151.75389,-32.912132,0
-68.01813,93.741196,0
1.9248517,142.35782,0
-103.28533,40.04232,0
-110.333466,-137.26605,0
23.599419,-147.7897,0
94.650505,24.15624,0
79.9479,-3.1065528,0
-173.65065,-7.118679,0
-106.64897,117.67744,0
-34.5354,167.7785,0
-143.52846,51.748215,0
-128.5339,-98.46953,0
5.6972346,-181.04866,0
159.5225,40.588814,0
115.69819,-48.419533,0
30.549429,22.692944,0
12.28691,61.192467,0
14.581128,70.109924,0
-12.743971,-10.936797,0
-16.551813,-71.144806,0
33.73034,-76.02314,0
85.184586,112.6743,0
165.0714,-53.096237,0
-40.130035,-47.823177,0
-21.291967,63.332214,0
25.218555,106.35934,0
-31.835798,-16.029163,0
-27.959154,-120.57937,0
7.2692237,-97.28287,0
168.83176,12.286929,0
82.9572,-84.62644,0
58.43728,11.858273,0
7.0061793,35.890465,0
6.7720838,36.03955,0
8.194809,12.365422,0
9.596818,13.543281,0
44.675972,-14.502104,0
120.18635,145.06546,0
93.69026,-115.47227,1
17.887043,-51.283455,0
-6.326581,36.631462,0
79.73434,149.55507,0
5.6857944,-28.508226,0
-13.156012,-60.41569,0
53.42573,-53.78866,0
92.45441,47.693108,0
72.0147,-41.251884,0
-143.0311,-22.35621,0
-83.709236,107.19512,0
1.5223075,159.0564,0
-108.86677,39.978394,0
-118.63067,-134.76529,0
31.125238,-163.09915,0
109.20168,50.974934,0
97.40789,-9.797437,0
-121.962326,-39.472645,0
-62.08813,78.5251,0
16.954395,147.55374,0
-101.74038,7.8901997,0
-106.360695,-97.30531,0
28.193125,-126.84766,0
83.154015,109.22472,0
164.80608,-51.81444,0
-40.12763,-48.87595,0
-20.562765,62.25233,0
23.603312,106.03953,0
-33.14527,-14.3567,0
-29.617445,-120.78515,0
6.460084,-97.54904,0
122.32092,43.91341,0
68.323235,-20.795706,0
-162.37244,-27.445978,0
-82.95559,76.29909,0
-1.9219425,168.02763,0
-116.745575,42.601185,0
-124.27146,-122.19784,0
8.090065,-142.6499,0
117.5753,48.8191,0
89.29037,-37.126724,0
-149.69218,-15.251586,0
-37.91591,83.07072,0
-15.51747,155.72913,0
-117.94261,34.040966,0
-98.32331,-129.02869,0
-3.4875479,-141.40402,0
136.51543,92.79601,0
124.29582,-95.288506,0
-23.312675,-38.571377,0
-37.203613,43.39889,0
44.959286,149.58003,0
-23.2293,-28.11442,0
-46.02184,-87.62091,0
55.449802,-95.28788,0
122.23423,38.66196,0
84.24445,-14.543311,0
-151.76471,-4.394545,0
-88.504684,75.983986,0
-35.66755,141.17113,0
-113.09991,18.260372,0
-101.02198,-81.35793,0
-2.5969481,-148.19083,0
60.96276,95.99769,0
134.90216,-68.39927,0
-45.136143,-27.32067,0
-45.561665,67.97335,0
33.985344,120.30748,0
-41.680763,16.771778,0
-64.81018,-135.55768,0
20.979368,-94.02887,0
133.98515,65.255516,0
110.89089,-66.770935,0
-73.76204,-32.806404,0
-63.655758,60.0236,0
33.358593,140.53647,0
-64.224754,26.177937,0
-81.86096,-131.31203,0
38.259594,-116.12939,0
69.79095,116.991234,0
154.07918,-76.01371,0
-26.89125,-79.22666,0
-8.274427,74.16605,0
11.723954,85.22379,0
-19.485115,0.6639128,0
-25.62961,-96.27485,0
19.20288,-75.532814,0
80.63588,84.21373,0
145.29256,-23.890028,0
-53.19461,-69.247215,0
-29.813763,96.63708,0
-2.63394,111.710495,0
-55.17711,5.2830853,0
-55.200592,-105.95181,0
-2.3990133,-119.9884,0
134.0138,57.5882,0
132.46855,-43.186867,0
-62.526134,-43.413124,0
-64.40514,68.66149,0
15.610208,124.08971,0
-65.90815,13.392021,0
-76.57243,-119.106995,0
17.408323,-113.80831,0
155.79689,12.523398,0
71.05839,-79.678604,0
48.40076,12.294536,0
27.214668,44.58141,0
27.160902,45.042927,0
15.354635,0.6650906,0
15.602943,-0.7673834,0
43.36758,-28.25117,0
135.74316,47.944786,0
139.85237,-54.807068,0
-46.24156,-38.3914,0
-37.955345,55.928707,0
31.586853,101.25099,0
-39.57856,3.14728,0
-55.811237,-132.56325,0
13.67612,-88.79569,0
91.82461,74.36665,0
105.05144,-29.87361,0
-133.50926,-0.9029518,0
-116.8343,83.78925,0
-23.670338,124.368774,0
-128.91385,4.465555,0
-155.00735,-70.53298,0
60.591797,-157.04773,0
89.49615,23.87759,0
100.55861,-5.925668,0
-120.221306,-46.283188,0
-94.19738,111.78549,0
11.604943,161.89139,0
-102.497574,4.29423,0
-124.09916,-77.06045,0
-9.6802025,-175.44772,0
144.8294,21.603148,0
80.84911,-69.58321,0
45.268303,30.518059,0
35.83959,31.848713,0
35.632576,61.381485,0
-6.900444,0.96862787,0
6.0330205,-11.245448,0
35.95364,-39.839706,0
91.24985,28.40508,0
76.141556,-0.016055338,0
-180.69467,-8.827476,0
-96.49386,113.902435,0
-28.56391,164.43253,0
-139.02084,47.500423,0
-133.91719,-97.17883,0
9.872239,-180.50352,0
149.11964,48.60463,0
118.750854,-45.737892,0
-109.96895,-23.354849,0
48.659378,43.378143,0
1.9303529,60.395283,0
-81.484665,17.890455,0
-83.51037,-99.86992,0
41.352386,-86.28813,0
80.662994,42.34599,0
58.694897,-22.046946,0
-169.65675,-34.727173,0
-76.22397,115.51979,0
-13.386979,163.85292,0
-117.64923,52.032784,0
-128.46611,-127.79216,0
18.465939,-166.05698,0
90.570496,37.148254,0
65.48415,-21.051947,0
-165.24133,-29.444078,0
-80.4162,128.45775,0
-8.934234,166.71617,0
-116.590965,45.283466,0
-127.128845,-122.80645,0
12.268742,-165.24748,0
75.21883,120.130325,0
149.84113,-44.174206,0
-32.425076,-69.97506,0
-10.926617,76.04771,0
11.345706,94.15496,0
-41.108467,0.014479584,0
-37.760544,-106.17267,0
9.137979,-109.45794,0
106.468765,29.772915,0
89.79856,-3.8177993,0
-163.86319,0.39076135,0
-95.86581,105.15297,0
-34.498543,153.78189,0
-147.30873,39.04684,0
-114.55143,-91.582085,0
-0.23373207,-166.00272,0
131.81258,53.46872,0
123.05718,-40.75931,0
-121.03374,-11.7043,0
-56.408478,80.11074,0
7.9167624,135.33926,0
-89.95179,21.401909,0
-86.72638,-105.962105,0
32.39349,-126.72394,0
160.5741,36.42076,0
112.12089,-46.897083,0
-110.510895,-16.972248,0
29.861904,20.219166,0
19.355099,69.88238,0
-75.29463,27.76248,0
-82.6411,-95.41256,0
40.836617,-73.534,0
129.23528,91.149536,0
128.84482,-77.91505,0
-60.75033,-32.346317,0
-49.681026,52.37228,0
34.782513,149.26012,0
-80.24563,-25.267815,0
-72.49556,-83.00218,0
48.430576,-107.654175,0
90.54505,39.28291,0
67.02748,-21.092464,0
-163.98062,-28.120562,0
-78.2008,88.04652,0
-8.008218,165.72397,0
-116.10761,44.124264,0
-125.636856,-122.741005,0
9.004438,-142.79907,0
87.706696,95.58811,0
153.9183,-45.54683,0
-32.575817,-62.821003,0
-18.38209,73.465965,0
13.390769,101.70724,0
-44.353477,-1.8321157,0
-34.839462,-124.87974,0
3.5413764,-101.7437,0
61.800594,104.90565,0
141.77446,-63.197964,0
-38.655224,-33.468708,0
-36.34171,62.678055,0
32.09141,94.79043,0
-36.204224,10.572246,0
-55.563625,-139.9694,0
7.38891,-84.32242,0
117.92381,111.17729,0
134.08623,-3.2046783,0
-90.96461,-51.937214,0
-79.968346,61.36804,0
35.176174,175.86255,0
-92.390625,-11.9918995,0
-90.02388,-68.84911,0
64.714066,-121.23915,0
115.08097,72.31666,0
126.55563,-43.398594,0
-66.169975,-43.361652,0
-53.80484,78.10864,0
16.977959,133.86644,0
-71.359535,8.031992,0
-79.16101,-113.00603,0
18.332159,-118.095055,0
75.03297,107.503456,0
166.96999,-43.440197,0
-32.25433,-49.29462,0
-30.375814,73.42541,0
20.48207,95.65542,0
-33.67097,-5.338783,0
-44.42938,-135.64746,0
-3.6352777,-94.306786,0
135.08804,74.81172,0
116.35057,-77.6803,0
-57.0151,-28.511175,0
-54.628326,53.170612,0
36.49251,130.72966,0
-51.29503,22.52212,0
-60.423973,-88.45776,0
33.99973,-100.90327,0
64.60566,117.06576,0
148.25346,-74.026146,0
-22.188467,-75.96972,0
-7.721223,68.18918,0
18.173035,85.80495,0
-25.293436,-2.6750789,0
-27.826067,-100.70584,0
18.146828,-80.04129,0
95.60345,75.654175,0
106.84103,-26.57286,0
-137.80434,-0.30908555,0
-118.583595,87.70914,0
-28.887438,125.36104,0
-130.39388,7.7579427,0
-157.49042,-73.20937,0
61.1452,-161.96591,0
131.07663,66.03893,0
115.96084,-65.64573,0
-71.0599,-35.418964,0
-64.00724,65.6772,0
28.521503,140.41689,0
-68.13081,22.276045,0
-82.85186,-125.06696,0
32.334873,-118.47341,0
123.19215,37.546032,0
85.70851,-14.47406,0
-118.09085,-9.269275,0
-88.95665,75.26944,0
-36.887768,141.11423,0
-91.88555,-3.1473305,0
-99.55319,-81.1698,0
-6.849236,-153.10725,0
111.97805,52.110413,0
71.857155,-21.724592,0
-159.5209,-28.29251,0
-74.873795,85.44276,0
-0.88411856,169.18163,0
-112.95621,41.46548,0
-121.97527,-123.71082,0
9.193047,-139.66255,0
116.56465,140.66202,0
93.24162,-112.61479,1
19.342276,-48.255516,0
-9.103849,35.126156,0
78.40781,150.28079,0
8.168174,-27.632246,0
-12.3545065,-58.408337,0
52.69862,-56.17627,0
134.80315,66.11378,0
112.57804,-70.858444,0
-70.649925,-30.980442,0
-59.597206,58.444782,0
34.445316,137.84935,0
-60.40153,23.787565,0
-77.20521,-132.96771,0
35.938057,-112.187675,0
116.404305,45.334106,0
86.41779,-26.451847,0
-147.91403,-11.615849,0
-85.46466,87.92898,0
-0.7583156,154.60101,0
-123.21158,27.939722,0
-105.44753,-119.57038,0
4.478072,-148.99078,0
154.09909,20.449148,0
77.94506,-83.577576,0
54.723167,25.494698,0
33.1295,22.998804,0
27.81998,54.572693,0
2.2709746,3.698525,0
5.7340426,5.783937,0
42.194805,-34.109478,0
109.8575,132.86984,0
103.569214,-122.735596,1
6.9131975,-52.602715,0
-12.602911,46.797386,0
69.707275,159.93321,0
-0.3280498,-37.36267,0
0.7493677,-56.270058,0
56.619606,-67.65065,0
67.74344,85.51914,0
159.94655,-17.439917,0
-61.38602,-63.803226,0
-37.447872,92.84253,0
-2.419041,99.40982,0
-67.612434,-6.302762,0
-61.40102,-101.68365,0
-10.124479,-129.53712,0
113.53879,105.6737,0
137.1547,-4.057642,0
-84.58362,-51.050217,0
-79.31473,57.021553,0
37.747955,174.89029,0
-86.79772,-11.545349,0
-86.04482,-67.48597,0
33.58123,-90.49641,0
102.13254,74.80238,0
112.2229,-24.02007,0
-139.50403,7.5873866,0
-124.277664,88.3098,0
-32.609272,120.01114,0
-135.80019,10.269461,0
-160.63902,-78.67873,0
66.85619,-160.70605,0
123.63262,39.616425,0
89.972206,-11.251565,0
-158.18855,-4.205928,0
-86.42512,79.28701,0
-29.865889,152.46606,0
-141.62929,35.228214,0
-105.49773,-92.1685,0
-3.9789746,-154.32942,0
92.6762,62.643845,0
101.52296,5.8756175,0
-184.42014,17.167522,0
-117.95803,112.55972,0
-44.505444,169.95557,0
-139.33028,20.843628,0
-144.26945,-94.068535,0
40.56374,-172.33414,0
120.24964,97.634254,0
125.81328,-84.994484,0
-79.149925,-32.32434,0
-66.883736,57.03776,0
36.192028,145.0351,0
-82.7653,-18.91698,0
-76.380104,-74.760056,0
44.375114,-112.42455,0
106.11129,83.51601,0
120.11753,-30.93857,0
-107.34389,-43.596165,0
-54.315487,123.22788,0
19.704844,162.87398,0
-90.93192,4.024879,0
-106.82521,-66.67938,0
55.65384,-136.81488,0
107.13436,136.45432,0
100.28076,-127.94476,1
11.370735,-58.52024,0
-8.343783,48.75341,0
72.103096,165.70029,0
-1.9025732,-32.195568,0
0.65153635,-61.931362,0
60.8365,-66.33589,0
110.55726,109.3178,0
141.99362,-38.37632,0
-82.52241,-52.803036,0
-78.78691,54.530212,0
42.589893,108.30405,0
-83.802795,-9.801667,0
-82.06331,-67.509415,0
32.883858,-88.39519,0
117.61207,27.11051,0
75.720856,11.939091,0
-159.4138,10.088087,0
-98.157845,80.78134,0
-43.845142,147.50494,0
-156.05954,32.51572,0
-110.82551,-81.96712,0
-11.291513,-161.52875,0
117.91309,72.30443,0
96.56976,-8.356483,0
-118.025955,-42.374992,0
-61.282608,79.55244,0
16.10187,141.59137,0
-99.29818,5.959156,0
-109.01251,-97.4809,0
24.961287,-124.64923,0
82.83247,49.243523,0
72.332184,-46.84259,0
-150.83572,-39.655907,0
-66.59446,111.49344,0
-20.623789,159.59462,0
-99.734825,44.153774,0
-113.51902,-141.6968,0
26.901653,-151.93767,0
70.868774,93.67696,0
153.84566,-18.258606,0
-49.710377,-58.531563,0
-30.944485,85.72383,0
-4.911447,101.72206,0
-61.98375,0.43358335,0
-57.155327,-120.421005,0
-5.548222,-127.415,0
146.66803,48.202415,0
107.15971,-40.971775,0
-111.80086,-25.582623,0
45.34523,43.854362,0
0.64449966,58.010555,0
-84.061584,17.974888,0
-85.78024,-91.65124,0
44.63866,-86.35493,0
119.81081,107.7163,0
131.36232,-5.351248,0
-94.03711,-50.141212,0
-86.744446,58.109505,0
38.58874,167.58983,0
-95.51245,-14.361615,0
-94.52214,-64.74067,0
67.15634,-121.685295,0
72.97093,88.19536,0
155.31854,-21.926447,0
-56.89329,-69.31618,0
-31.87416,94.240105,0
-2.833328,103.5949,0
-60.76736,-1.0271989,0
-58.137264,-105.80847,0
-6.762274,-121.96875,0
142.6228,95.02592,0
124.838356,-101.98746,0
-16.216835,-39.484127,0
-31.437988,41.205555,0
51.64693,150.09068,0
-17.603016,-27.746536,0
-40.889275,-86.51842,0
59.819626,-94.69463,0
65.54229,60.281815,0
107.14839,-12.361891,0
-138.12666,-55.441902,0
-107.94319,98.86815,0
-24.824057,135.88605,0
-120.232285,2.5771327,0
-140.809,-73.75795,0
47.48018,-161.16211,0
76.95687,61.94755,0
99.61989,-53.080326,0
-123.138054,-20.369837,0
-57.844997,107.031,0
-10.542375,127.00996,0
-160.92993,39.24567,0
-98.05809,-92.73069,0
38.352867,-138.06218,0
137.54544,59.005848,0
118.140274,-56.164547,0
-63.845993,-32.246502,0
-54.206318,66.58023,0
23.22676,129.81888,0
-72.20769,20.060791,0
-72.67461,-123.97932,0
28.568174,-106.635826,0
84.439476,51.892044,0
80.85352,-48.050472,0
-131.15912,-20.148096,0
-65.24098,91.86994,0
3.1927183,141.91429,0
-101.34409,39.650158,0
-106.64494,-139.42839,0
25.09408,-142.32883,0
157.03154,17.828035,0
74.14852,-74.81693,0
57.950985,23.323841,0
34.83266,17.780489,0
24.002487,54.909492,0
3.4074876,-0.27911526,0
6.526612,-2.7833836,0
37.237644,-30.074192,0
114.219185,23.742533,0
80.180244,12.2697735,0
-164.7517,10.512913,0
-101.98707,85.093124,0
-43.84632,154.4831,0
-157.4834,37.26574,0
-115.63078,-81.60335,0
-10.52638,-167.6495,0
74.490845,99.959435,0
161.42453,-42.29269,0
-31.433016,-54.850674,0
-23.931955,75.48239,0
15.501263,96.802086,0
-39.144844,-4.9115753,0
-40.737213,-130.52591,0
-3.9518764,-99.35187,0
67.36392,118.09594,0
152.5486,-76.44986,0
-25.451859,-79.18714,0
-6.410544,72.84747,0
13.887791,85.09521,0
-20.387432,-0.79282117,0
-23.85134,-97.428986,0
17.911314,-75.62804,0
119.62779,87.60516,0
122.29199,-59.49356,0
-69.70696,-20.235086,0
-53.466274,67.31105,0
24.433105,133.45708,0
-80.2946,0.2858385,0
-42.760372,-100.08169,0
26.764133,-109.82059,0
114.99732,143.1182,0
90.98726,-112.2259,1
20.920643,-48.772495,0
-5.3861647,34.70583,0
79.6325,148.52794,0
8.846502,-25.967922,0
-13.4324665,-59.112667,0
52.41964,-54.102314,0
154.47736,12.4528055,0
71.47916,-77.58132,0
49.495113,12.876427,0
29.662216,44.77003,0
29.454813,45.107754,0
13.50255,1.3358496,0
13.823019,-0.058177568,0
42.01875,-28.856092,0
64.358505,108.36733,0
138.54327,-60.657436,0
-40.1937,-37.20085,0
-31.614433,58.289684,0
30.174088,99.11871,0
-36.15143,7.025842,0
-58.31498,-138.29099,0
8.216965,-89.58902,0
75.32088,89.43956,0
156.2814,-24.919907,0
-55.28538,-69.48837,0
-32.230247,98.17607,0
-0.08849757,111.96352,0
-58.350586,-3.3184986,0
-53.03217,-103.88886,0
-9.578894,-118.997314,0
83.57557,71.18023,0
105.480194,-41.18926,0
-116.461586,-29.470844,0
-48.932407,109.11049,0
-2.2321937,132.6105,0
-82.85229,26.692139,0
-87.637215,-90.40913,0
44.205338,-131.68114,0
101.6435,51.051838,0
74.26451,-32.524464,0
-139.46172,-28.727882,0
-70.800095,99.794334,0
-1.2985016,146.45984,0
-100.82283,34.33032,0
-111.27136,-110.98067,0
28.135424,-147.2501,0
95.31565,45.47156,0
83.63434,-34.858112,0
-148.19728,-23.502777,0
-82.29074,94.12675,0
-7.8000793,154.3228,0
-113.15041,30.108604,0
-110.040955,-125.648834,0
14.728691,-145.75053,0
76.03837,38.72159,0
58.184254,-25.392134,0
-169.80794,-37.204453,0
-77.20918,119.580826,0
-10.77693,177.45515,0
-111.007706,52.815388,0
-130.39821,-133.26147,0
21.34734,-167.5897,0
138.09523,62.007088,0
107.83574,-66.994286,0
-76.72931,-31.528883,0
-66.534134,59.70252,0
34.752926,142.94662,0
-63.96741,29.879433,0
-83.90126,-134.40569,0
40.609055,-115.930046,0
83.27403,121.13306,0
166.32219,-61.320896,0
-28.276613,-65.986206,0
-13.7053175,61.05392,0
31.7417,108.939316,0
-26.256823,-16.605276,0
-31.275152,-109.416016,0
13.1519375,-94.70949,0
119.81432,56.10792,0
90.171646,-24.648373,0
-142.98456,-12.957838,0
-73.67183,81.563416,0
2.7647288,153.19426,0
-108.16608,19.970535,0
-99.59564,-118.82376,0
15.524162,-134.29942,0
120.02659,41.922,0
69.43447,-17.044104,0
-161.09744,-22.641907,0
-83.67353,80.8227,0
-3.7185843,165.03601,0
-119.14458,37.675797,0
-121.146614,-118.86207,0
6.8530116,-145.5686,0
67.44887,119.5595,0
150.30519,-76.109924,0
-22.911493,-78.67308,0
-4.6102448,71.7205,0
15.85382,84.2393,0
-22.051142,-2.5318828,0
-24.652851,-99.73511,0
15.898386,-76.43572,0
69.21375,64.96556,0
118.9283,-15.318786,0
-134.38379,-44.917057,0
-92.37181,101.98424,0
-24.775532,150.83798,0
-121.876366,12.908031,0
-129.22298,-73.107376,0
51.552994,-153.83067,0
123.19764,66.833405,0
118.14302,-21.071001,0
-125.23607,-47.72689,0
-73.704796,69.431145,0
15.923856,151.34378,0
-105.792175,4.234021,0
-127.01102,-66.76782,0
51.864044,-148.25046,0
121.583015,93.86554,0
134.57022,-85.83401,0
-92.825005,-33.646187,0
-47.731766,43.808556,0
31.533499,158.73436,0
-90.32028,-24.431112,0
-83.889084,-81.20582,0
55.212257,-113.988884,0
80.80141,77.31105,0
142.18889,-15.541693,0
-100.78999,-31.020805,0
-52.915813,91.81938,0
-9.238675,117.814674,0
-62.44151,11.062884,0
-90.45666,-138.09746,0
4.508784,-130.25249,0
120.774055,111.05641,0
135.55646,-0.65327823,0
-89.21758,-51.02763,0
-81.2411,63.027092,0
34.39022,174.20651,0
-90.55859,-11.397039,0
-90.57103,-71.18815,0
62.347355,-119.57841,0
62.125397,82.21371,0
158.80933,-15.739915,0
-62.968,-65.228325,0
-40.60852,93.45002,0
-3.1403148,94.77981,0
-66.27033,-4.225261,0
-67.28662,-100.257484,0
-9.806711,-130.84766,0
80.58984,34.03905,0
62.466038,-23.104834,0
-165.41513,-31.725449,0
-74.700516,126.936844,0
-9.619247,169.29904,0
-116.095,48.665543,0
-132.74788,-128.76024,0
15.013006,-162.73518,0
156.90839,37.602283,0
111.49412,-51.662586,0
32.164143,19.785793,0
14.971314,63.014088,0
16.722229,66.84743,0
-12.516737,-13.792971,0
-16.197947,-68.41259,0
34.962147,-71.88004,0
84.513214,23.595625,0
64.383194,0.23195572,0
-184.72554,-19.840744,0
-94.50659,126.44935,0
-26.274668,180.56541,0
-131.6228,60.832577,0
-142.53249,-107.723404,0
14.189099,-185.0719,0
87.647446,40.065426,0
61.897373,-17.021597,0
-171.65749,-27.519775,0
-86.321266,124.392555,0
-19.745886,173.0382,0
-123.28307,50.577904,0
-132.31331,-120.21171,0
14.971926,-168.0377,0
165.44109,6.313545,0
77.19126,-93.55303,0
34.47922,11.546181,0
16.959185,29.627222,0
16.878382,31.046747,0
22.642963,15.500345,0
21.366762,13.059611,0
40.08475,-18.73309,0
74.51125,38.694187,0
59.427364,-26.745935,0
-168.71507,-38.20742,0
-76.04126,121.702324,0
-9.461562,174.18214,0
-112.209496,51.923275,0
-129.2661,-131.61853,0
19.430502,-162.71167,0
58.126915,108.242905,0
142.43718,-55.433193,0
-46.578648,-36.89446,0
-39.39308,56.099415,0
38.06278,98.49024,0
-39.131847,5.834508,0
-55.925465,-144.24323,0
11.892188,-83.38235,0
81.60417,84.29652,0
143.80377,-24.906963,0
-48.88291,-71.12853,0
-24.057426,97.08923,0
-2.060736,113.14003,0
-54.3654,5.9422164,0
-54.216675,-106.683174,0
-0.77374125,-120.2341,0
139.20769,19.726173,0
90.79323,-67.75139,0
50.83472,23.209349,0
43.87174,33.914936,0
40.572136,59.29173,0
-6.482783,-5.3335633,0
-0.95623046,-11.646582,0
41.464798,-44.89296,0
98.339005,64.99776,0
108.42291,5.3252916,0
-182.6316,10.61793,0
-112.99626,106.283516,0
-39.16868,177.31966,0
-136.8018,27.436052,0
-146.32611,-87.942,0
43.91345,-178.73003,0
100.58184,59.935078,0
73.17488,-11.475671,0
-166.77408,-15.162322,0
-86.545074,111.51942,0
-30.938927,171.75381,0
-132.11005,40.58521,0
-130.40605,-99.94651,0
26.339931,-178.24474,0
112.08646,57.40476,0
95.0902,-30.787006,0
-133.05392,-18.867908,0
-65.743866,89.08264,0
5.223946,142.34775,0
-99.3526,22.000786,0
-91.348045,-118.07422,0
24.627663,-136.81784,0
76.27103,84.99839,0
152.38187,-21.68349,0
-51.015858,-66.47876,0
-29.779493,93.15696,0
-2.8376892,106.14961,0
-58.57519,2.6580648,0
-55.997562,-113.27762,0
-5.5131392,-119.76882,0
114.67414,50.766254,0
73.77396,-16.217424,0
-163.29399,-18.266222,0
-85.0525,114.94098,0
-2.8940332,178.3857,0
-125.653175,35.965668,0
-123.48833,-115.79209,0
27.979925,-173.57004,0
115.03725,135.82242,0
100.93305,-115.678116,1
8.873149,-46.83465,0
-15.145581,40.275158,0
69.71218,152.90472,0
5.4039574,-35.04786,0
-4.66949,-53.19001,0
50.6645,-64.221016,0
155.46788,58.56684,0
96.94108,-74.63399,0
-10.201608,14.879062,0
-8.081074,18.194796,0
41.309944,83.28247,0
-9.325934,16.373314,0
-10.917639,13.274432,0
32.583622,-61.402206,0
102.520645,42.166603,0
79.54878,-29.085268,0
-155.3885,-17.11703,0
-85.87608,97.799,0
-13.859009,149.5366,0
-117.46301,25.186989,0
-112.57597,-118.15948,0
9.681695,-155.08553,0
88.364944,60.552597,0
70.81104,-34.983387,0
-134.66023,-31.286825,0
-64.910484,101.52175,0
-8.200519,137.15471,0
-96.34598,33.48097,0
-110.770164,-106.809715,0
32.679707,-145.25035,0
70.63637,117.82492,0
155.2064,-76.17356,0
-28.102665,-80.45378,0
-9.613917,71.34359,0
13.808319,87.02718,0
-23.021742,-0.60420597,0
-24.352066,-94.415054,0
20.969494,-73.99424,0
98.249306,28.5633,0
82.30229,-3.9997768,0
-171.12863,-6.339089,0
-105.807976,120.21706,0
-35.526546,170.19809,0
-143.52617,55.22099,0
-125.587616,-98.23111,0
4.491496,-182.91321,0
107.81514,41.23094,0
82.81018,-27.15806,0
-151.45444,-17.811836,0
-86.4075,93.22006,0
-10.729597,152.77371,0
-117.26949,29.48543,0
-108.84785,-119.40536,0
8.294086,-150.18755,0
95.12145,112.383896,0
159.4734,-57.982613,0
-47.5166,-43.237007,0
-23.82973,57.437325,0
27.489712,114.04125,0
-36.24735,-22.33806,0
-24.744215,-115.49336,0
14.50731,-99.540276,0
101.155945,75.26308,0
111.564995,-24.765938,0
-139.08253,6.366961,0
-123.34436,88.30605,0
-32.107185,121.273674,0
-134.62938,10.414036,0
-160.11978,-77.80335,0
66.41266,-161.86707,0
111.9211,31.874636,0
75.384026,5.4502664,0
-160.84053,3.8376982,0
-91.57024,86.46182,0
-37.279408,149.85567,0
-150.2332,34.967583,0
-112.467155,-87.524155,0
-5.183001,-161.13516,0
118.057205,108.68354,0
130.33456,-7.0283885,0
-94.32146,-52.403687,0
-83.30459,57.81071,0
40.732567,168.61342,0
-96.500824,-12.563969,0
-92.3657,-62.268295,0
65.79957,-123.01044,0
168.01067,15.156884,0
85.05283,-84.26875,0
24.7982,-9.414835,0
27.216206,-11.675505,0
9.984101,45.91458,0
25.931305,-10.48217,0
23.509438,-8.461052,0
32.865986,-16.56534,0
103.79047,87.21024,0
120.30227,-34.25104,0
-104.77463,-40.857563,0
-51.886417,121.48259,0
21.445093,164.16118,0
-88.16568,2.5243568,0
-107.49144,-63.754528,0
56.17959,-134.7438,0
79.04636,73.04578,0
143.2467,-28.827866,0
-44.497368,-70.26182,0
30.8623,35.97271,0
6.1191773,96.35281,0
-48.870033,7.8224764,0
-49.879395,-108.01759,0
-3.9969945,-110.03683,0
110.087616,76.76462,0
128.22617,-42.969494,0
-64.00047,-48.03982,0
-52.11944,81.92443,0
14.596383,127.66121,0
-68.98314,9.707236,0
-80.53101,-114.30809,0
15.331321,-120.95427,0
111.63108,76.30836,0
126.641,-45.377853,0
-64.967224,-47.076073,0
-52.114853,80.813225,0
15.052325,129.2909,0
-71.68663,10.48595,0
-81.07641,-114.005356,0
19.331406,-119.62064,0
138.58989,90.50324,0
123.03982,-70.5277,0
-60.297955,-34.303825,0
-52.62046,57.910225,0
31.366966,129.83484,0
-77.72737,13.4988575,0
-56.341366,-92.302284,0
29.31914,-120.53497,0
142.26613,79.98211,0
116.61091,-82.4577,0
-62.690872,-24.947182,0
-57.362934,50.36094,0
41.976734,126.44671,0
-55.839897,28.015831,0
-66.60054,-86.53251,0
39.550682,-105.93722,0
77.47574,86.918724,0
151.37433,-23.464602,0
-50.68837,-65.54181,0
-28.724329,91.375534,0
-1.4640036,106.15241,0
-57.723045,1.1976315,0
-55.395573,-114.10557,0
-5.5973353,-117.76379,0
83.52812,118.590485,0
152.11263,-42.137794,0
-33.769413,-65.62442,0
-14.3631525,61.992577,0
30.679686,107.916504,0
-45.968338,0.26742598,0
-40.546833,-110.385056,0
7.5277314,-106.58807,0
91.35875,109.73635,0
160.62239,-53.155846,0
-44.183437,-48.36371,0
-19.176636,59.77535,0
23.678415,109.41115,0
-36.03498,-17.333878,0
-30.413866,-116.241486,0
9.449985,-101.45805,0
124.03363,53.636593,0
89.87927,-10.727897,0
-158.10153,-3.5901332,0
-86.35337,81.035484,0
-30.175644,152.30344,0
-142.23347,35.113556,0
-106.15061,-91.75661,0
-2.8286943,-155.18312,0
165.4195,5.84221,0
76.70786,-93.30617,0
34.26933,11.75276,0
17.92722,29.664576,0
17.77575,30.892147,0
22.856342,14.960017,0
21.88923,13.034864,0
40.35309,-18.17319,0
131.33414,55.686504,0
115.19257,-58.83933,0
-65.90977,-29.260275,0
-57.7679,63.774246,0
26.579882,137.59486,0
-71.39249,21.746431,0
-75.7172,-127.04208,0
33.99341,-107.8856,0
121.13949,57.740788,0
111.097824,-62.278805,0
-70.79248,-37.419174,0
-65.91839,67.10976,0
30.03524,141.02051,0
-105.960106,20.833702,0
-87.08633,-125.942566,0
31.10041,-117.0619,0
87.01407,44.741833,0
81.71893,-37.153805,0
-153.79517,-22.818052,0
-77.07677,111.93352,0
-13.445948,158.27588,0
-112.56299,36.982418,0
-112.7205,-129.50555,0
13.976052,-151.51103,0
130.01938,94.44249,0
136.04938,-84.38606,0
-92.7857,-34.814583,0
-46.118996,43.981766,0
33.033207,155.88179,0
-90.6747,-26.339428,0
-83.30665,-84.53976,0
52.27017,-111.50559,0
137.87152,96.80597,0
127.34778,-94.11515,0
-25.035576,-34.826912,0
-39.616306,40.641117,0
42.50049,151.86021,0
-24.2206,-31.023275,0
-46.838158,-81.67817,0
57.342377,-102.786835,0
106.5491,40.28379,0
81.69502,-26.043102,0
-155.17393,-12.149234,0
-89.68452,98.95173,0
-16.985847,148.30107,0
-122.74047,22.200222,0
-115.21839,-118.920494,0
3.9646347,-154.06853,0
115.82146,128.99721,0
104.22694,-116.968575,1
4.9882536,-45.856,0
-16.725739,41.737556,0
67.83261,154.96246,0
4.3277946,-41.388947,0
-2.345624,-50.310696,0
50.997646,-67.88939,0
110.676125,43.06111,0
84.12427,-36.783794,0
-151.57458,-21.357756,0
-81.34943,93.04462,0
-11.112243,156.50465,0
-113.99225,33.775345,0
-109.98113,-128.09161,0
13.391193,-150.0291,0
105.5301,94.94549,0
128.06322,-22.066364,0
-115.973076,-50.104797,0
-70.156975,138.35625,0
15.884315,179.6383,0
-103.559074,-2.3787074,0
-117.07264,-60.30467,0
66.6343,-139.34825,0
85.76481,35.061176,0
58.639725,-17.892473,0
-173.75784,-30.891249,0
-83.83691,121.336006,0
-15.480006,174.2236,0
-123.22047,54.894672,0
-136.39597,-121.08242,0
18.797644,-168.69113,0
108.2016,62.68182,0
90.548965,-15.437918,0
-131.28961,-12.16169,0
-63.43013,87.02749,0
11.071553,141.17735,0
-97.410706,18.16517,0
-88.276375,-115.97126,0
18.345768,-126.77708,0
103.814095,23.555313,0
89.97463,1.723912,0
-177.99368,0.08254246,0
-100.501884,108.37148,0
-33.709167,160.0877,0
-148.35092,45.277267,0
-127.76555,-88.01779,0
-1.5704936,-173.07631,0
88.44752,56.189945,0
72.18376,-29.469828,0
-137.62543,-28.053064,0
-72.98109,102.66615,0
-15.856956,143.30214,0
-97.56152,28.86625,0
-115.097176,-109.00872,0
34.722977,-151.09068,0
100.205605,35.020363,0
69.02387,-9.648908,0
-173.16484,-20.229319,0
-88.75338,115.46735,0
-23.787123,174.5454,0
-131.61961,43.18948,0
-132.05524,-110.30919,0
22.345125,-179.2291,0
98.84152,26.520452,0
82.9149,-1.2045345,0
-172.56604,-3.9330454,0
-105.45267,116.05844,0
-35.850418,167.36577,0
-146.39383,52.0355,0
-125.92527,-93.531525,0
1.9512094,-179.92026,0
83.90846,66.89954,0
100.40453,-44.561535,0
-115.347824,-23.912443,0
-51.389343,102.99877,0
-0.031314407,139.10075,0
-87.81396,27.334784,0
-92.29892,-102.64668,0
36.157597,-127.74063,0
79.81464,62.554585,0
102.38161,-48.602085,0
-120.81721,-24.785265,0
-54.248177,108.894035,0
-6.424479,128.55069,0
-85.10566,33.278637,0
-92.34082,-93.53295,0
40.94213,-135.42827,0
81.519,59.59284,0
66.7973,-32.57184,0
-128.94902,-28.264622,0
-61.955547,104.71008,0
-10.817349,134.49283,0
-93.34749,35.928963,0
-115.30736,-103.19831,0
38.46926,-144.48625,0
71.973045,90.49499,0
155.28915,-20.14785,0
-59.20634,-70.0872,0
-35.566135,97.909164,0
4.1463003,116.289345,0
-62.975178,-1.8564341,0
-57.42093,-101.3224,0
5.651071,-120.87117,0
155.66396,12.78027,0
70.99452,-79.44048,0
47.993073,12.205624,0
27.469381,44.84169,0
27.312414,45.189644,0
15.127388,0.28496298,0
15.420244,-0.93365777,0
43.407135,-28.569927,0
135.02888,57.919563,0
133.14473,-44.367393,0
-59.454517,-48.517532,0
-41.57528,77.49798,0
16.677387,122.57871,0
-67.23206,13.6814575,0
-78.87546,-119.30351,0
14.171243,-114.80913,0
109.43899,134.52565,0
99.847984,-118.37292,1
10.723943,-50.93051,0
-11.024809,43.056858,0
73.24006,157.85497,0
2.3117285,-34.49944,0
-3.5950418,-56.04785,0
53.118984,-64.08187,0
138.87764,93.62233,0
124.72451,-96.85827,0
-20.449026,-39.540924,0
-35.40594,42.584976,0
48.319862,150.01834,0
-21.598667,-27.905825,0
-44.571037,-86.97094,0
57.153286,-96.42491,0
66.41446,87.769325,0
162.15,-19.134632,0
-61.01144,-61.743645,0
-37.731926,88.66713,0
-0.80736804,96.61675,0
-63.42383,-7.555456,0
-63.277786,-103.23703,0
-12.422586,-131.69856,0
109.44459,55.235294,0
91.53938,-19.46165,0
-139.5309,-18.490086,0
-70.16207,79.6888,0
8.341128,153.87552,0
-105.68161,22.52999,0
-101.61795,-111.961754,0
16.306337,-138.83044,0
114.39882,132.97978,0
105.07271,-114.603745,1
11.935849,-41.65061,0
-17.408836,38.825832,0
65.32731,154.2279,0
5.936941,-38.459225,0
-2.4919853,-53.63615,0
47.63066,-66.33144,0
108.02658,104.88863,0
142.88554,-41.375908,0
-79.81771,-51.136578,0
-74.94129,52.542667,0
40.599037,106.49054,0
-80.60829,-12.130448,0
-81.822525,-64.22064,0
28.928196,-90.280846,0
163.81963,7.484985,0
75.55654,-91.67021,0
51.164864,12.596754,0
18.167318,35.05417,0
17.188858,34.610676,0
18.32826,8.415829,0
19.664,10.175772,0
41.740524,-18.213526,0
152.68068,17.41264,0
76.22055,-73.38154,0
56.828785,12.420308,0
55.515396,34.1792,0
30.849823,55.333233,0
6.9342146,8.318014,0
8.445117,4.1595454,0
38.466133,-34.784412,0
83.18724,88.6378,0
149.27304,-30.545572,0
-44.822765,-63.60618,0
-20.66516,88.800644,0
5.8893247,108.1356,0
-51.88781,0.22723573,0
-49.726063,-113.189125,0
-2.9729106,-114.00048,0
88.48692,42.482834,0
67.85399,-6.678647,0
-176.64221,-20.499338,0
-92.193695,121.65259,0
-22.588476,174.61682,0
-131.09418,53.090504,0
-134.8333,-111.92038,0
20.734901,-179.66685,0
134.76068,92.49425,0
124.5193,-92.80656,0
-25.80641,-37.61646,0
-40.89292,45.584896,0
37.935764,152.06522,0
-26.707745,-28.944216,0
-50.439518,-84.83511,0
53.589516,-101.76144,0
116.24155,130.63281,0
103.30073,-116.98165,1
5.911824,-46.276165,0
-16.982702,42.442665,0
68.48938,154.45114,0
4.385852,-40.30299,0
-2.7304313,-51.665756,0
51.390358,-66.80539,0
116.68701,101.78702,0
135.4729,-8.61028,0
-86.84481,-43.728733,0
-88.32992,54.920883,0
36.14202,165.88339,0
-90.36625,-17.331007,0
-90.83386,-66.61586,0
59.96339,-122.51712,0
139.3751,72.44352,0
114.49642,-85.718735,0
-63.471016,-21.283278,0
-62.35779,52.443256,0
43.679012,135.40912,0
-53.52133,32.278095,0
-67.936905,-81.39044,0
44.28332,-104.89986,0
113.21511,22.905115,0
80.46697,13.477374,0
-164.82117,11.544653,0
-104.27472,85.36498,0
-46.281376,154.573,0
-158.76591,36.825527,0
-115.66092,-80.06024,0
-12.066869,-165.85417,0
128.36429,96.07681,0
134.52289,-83.254074,0
-90.471466,-34.809513,0
-46.650444,45.2242,0
31.754145,157.01347,0
-87.46574,-26.30826,0
-82.390175,-82.65086,0
53.77344,-111.341225,0
106.65069,134.77055,0
101.25104,-126.51937,1
9.762494,-58.388092,0
-9.148535,48.23934,0
71.70823,163.76807,0
-3.271131,-32.81489,0
2.1386971,-62.06317,0
59.62408,-66.39328,0
158.29196,11.056463,0
73.22305,-83.21587,0
47.903797,13.683758,0
23.263578,42.230534,0
23.21652,41.849434,0
18.190933,2.4176753,0
17.56132,3.7392445,0
41.68762,-25.203505,0
66.62483,84.08937,0
160.87222,-18.329432,0
-60.447033,-62.637608,0
-39.16337,90.505714,0
-3.320035,96.20582,0
-65.489784,-5.971945,0
-67.508934,-102.1944,0
-9.762159,-132.20683,0
72.07208,79.27058,0
151.03584,-18.300962,0
-53.02292,-61.764503,0
-31.926718,88.813385,0
-9.030564,104.39967,0
-62.793255,2.9613888,0
-59.188248,-117.78143,0
-1.7802016,-129.29094,0
115.718094,38.360912,0
90.52146,-28.358618,0
-148.9922,-8.096278,0
-81.485565,86.1286,0
-5.315144,154.72824,0
-123.24645,32.044495,0
-96.115616,-127.66637,0
-1.0448775,-144.33878,0
96.3957,63.604404,0
105.66582,5.518957,0
-182.63641,14.311626,0
-115.383644,109.48815,0
-43.13866,173.99875,0
-137.57738,24.17278,0
-146.35744,-89.69387,0
42.63212,-177.2485,0
94.53858,56.125187,0
68.32109,-34.166092,0
-131.50156,-29.118256,0
-62.989227,102.90465,0
-8.844872,135.57932,0
-95.58166,35.52737,0
-111.75585,-103.656815,0
33.808437,-144.88971,0
76.84083,118.41302,0
149.38054,-39.517876,0
-35.39329,-69.90788,0
-12.2459135,81.40463,0
13.370549,111.20322,0
-53.300037,-10.418134,0
-41.229973,-105.9637,0
7.7932773,-111.91117,0
129.13396,69.94606,0
120.050766,-68.01568,0
-65.30686,-31.91861,0
-51.1134,62.63271,0
30.731678,131.79408,0
-70.91973,20.359451,0
-75.03357,-126.00756,0
31.754019,-108.12037,0
66.30267,59.985214,0
105.67492,-11.382383,0
-139.18437,-56.82745,0
-110.38762,98.68225,0
-27.34425,134.39864,0
-121.37806,3.6398108,0
-142.72623,-74.27333,0
48.551785,-162.94682,0
120.44435,74.42804,0
98.2854,-11.820961,0
-119.977234,-39.239735,0
-62.68119,76.61215,0
18.02624,145.19113,0
-97.83454,7.663761,0
-103.370026,-99.40187,0
25.787779,-127.29275,0
149.0112,17.86417,0
76.8444,-72.49114,0
42.69763,26.4383,0
52.66972,34.553665,0
31.830523,57.03281,0
9.224837,-7.156437,0
8.239072,-8.298405,0
37.713413,-35.60844,0
91.23572,38.671673,0
65.16837,-22.26797,0
-164.6967,-30.265692,0
-78.864914,128.45435,0
-8.093611,167.60318,0
-117.32998,46.350155,0
-128.49431,-123.84981,0
10.624729,-163.12367,0
120.94321,141.77312,0
95.3727,-110.1724,1
18.42551,-45.049446,0
-10.904132,33.92317,0
76.25165,150.02011,0
10.813958,-29.739008,0
-12.816113,-55.249077,0
49.215973,-56.58109,0
146.05188,50.27135,0
133.8372,-51.598362,0
-108.747574,-24.86309,0
43.31114,42.139187,0
3.1378067,57.436935,0
-81.57846,16.72415,0
-39.117752,-114.42779,0
41.55295,-87.645035,0
119.28622,68.58561,0
95.28531,-10.957746,0
-122.228714,-40.03027,0
-64.08451,79.6668,0
16.389929,146.91972,0
-100.51288,8.353769,0
-106.76242,-96.351265,0
25.730951,-125.63632,0
86.33048,86.27372,0
144.0044,-27.556772,0
-46.13827,-70.00571,0
-23.340235,95.043785,0
-0.6640108,116.69005,0
-52.262627,4.5615315,0
-51.83868,-109.49205,0
1.2018188,-117.056244,0
97.71842,30.905643,0
76.39592,-2.613831,0
-173.51009,-9.706754,0
-99.8571,121.58313,0
-13.084017,133.26088,0
-138.13126,54.425335,0
-133.40285,-101.673416,0
5.593166,-184.49686,0
95.30874,81.28916,0
109.297066,-41.007042,0
-116.29642,-30.688787,0
-50.20901,111.21733,0
-3.5878985,133.1031,0
-83.65851,25.625315,0
-85.733284,-89.3773,0
45.484085,-132.72777,0
114.86322,133.31633,0
105.32916,-114.71206,1
14.250564,-40.831886,0
-19.16855,40.992165,0
64.64441,154.20004,0
12.797035,-34.534245,0
-11.446876,-51.14095,0
47.524666,-65.145,0
73.02358,100.18019,0
163.58412,-45.022976,0
-28.36347,-52.202415,0
-26.360678,71.50484,0
18.699446,98.31845,0
-36.663666,-7.456397,0
-39.916687,-133.8092,0
-1.5176558,-96.731476,0
94.463394,63.52098,0
104.207405,4.6827893,0
-182.56961,15.694083,0
-116.65026,109.747604,0
-44.41918,173.15254,0
-137.42581,22.818357,0
-146.5512,-91.11596,0
42.50904,-174.72305,0
118.70046,55.494064,0
80.29317,-14.327985,0
-172.54604,-17.080444,0
-90.55417,114.77571,0
1.9532831,163.09023,0
-132.44835,53.923275,0
-124.329544,-105.64033,0
31.271551,-172.51016,0
133.6774,67.32195,0
113.23124,-70.14147,0
-70.716446,-29.888762,0
-60.473873,58.97417,0
36.51253,137.5744,0
-60.714325,23.251541,0
-77.70793,-132.13988,0
36.57637,-111.648285,0
91.518585,112.01881,0
161.90234,-55.550434,0
-44.60587,-46.195335,0
-22.073778,59.276,0
26.868593,111.064575,0
-34.15044,-18.842295,0
-27.469954,-117.40264,0
11.087103,-98.43485,0
111.70608,106.24133,0
140.52322,-46.903515,0
-50.92693,-36.374,0
-72.69224,57.237774,0
39.874794,116.560356,0
-79.34533,-15.898421,0
-76.79275,-69.97412,0
26.22759,-90.94294,0
165.68188,7.5921187,0
77.2572,-92.70427,0
36.56599,11.855356,0
14.629301,30.199215,0
14.93956,32.300743,0
16.17411,18.066292,0
19.865702,13.598195,0
40.370464,-17.62767,0
71.24905,48.740112,0
112.62426,-6.9676948,0
-142.60414,-50.02229,0
-98.52182,100.14966,0
-23.668564,145.932,0
-115.94062,11.549907,0
-133.09615,-81.72427,0
38.934036,-160.69577,0
73.26551,54.452312,0
118.56689,-12.757927,0
-137.79213,-43.23636,0
-92.87991,102.8521,0
-25.887041,148.78217,0
-120.98306,14.17535,0
-128.48656,-77.12033,0
34.73101,-161.01074,0
113.26892,50.414692,0
70.55364,-22.027462,0
-160.22044,-28.680983,0
-76.723854,87.01346,0
-1.9657623,172.18462,0
-112.893715,42.005627,0
-122.26105,-124.10914,0
7.6015024,-139.06999,0
69.72615,111.09162,0
155.18083,-67.14683,0
-33.243687,-77.08683,0
-15.525389,69.214806,0
35.46221,103.12753,0
-76.30014,-12.499385,0
-31.919722,-92.07214,0
24.595036,-85.21359,0
115.023964,131.07358,0
105.92168,-118.85731,1
3.1064506,-47.994923,0
-17.051134,45.209217,0
66.41007,156.87735,0
1.770877,-41.32203,0
0.11893183,-50.451633,0
52.454426,-70.20309,0
111.4482,107.306366,0
140.80855,-46.778217,0
-50.363117,-36.50511,0
-72.95354,56.292053,0
39.768047,115.07342,0
-79.31742,-15.71994,0
-77.543396,-69.45961,0
25.531227,-91.24721,0
95.657845,54.30546,0
74.01677,-33.917065,0
-139.14548,-30.604876,0
-73.676125,101.286766,0
-50.213337,170.12724,0
-101.55191,30.94688,0
-105.08927,-132.03235,0
38.22205,-151.10608,0
84.76838,55.19118,0
66.20063,-36.730625,0
-161.44917,-44.219494,0
-61.00095,110.156006,0
-4.360604,138.97926,0
-121.51521,57.97729,0
-131.29259,-117.84597,0
26.477697,-164.5466,0
78.33498,113.7102,0
155.28735,-28.489231,0
-46.8173,-59.33253,0
-28.534658,82.3755,0
4.988506,102.18211,0
-55.42362,-5.026942,0
-55.656883,-122.08977,0
-9.89789,-112.86039,0
144.1079,70.84701,0
108.57129,-79.300934,0
-54.749718,-24.602415,0
-64.88319,46.90395,0
41.85727,131.79453,0
-47.691845,25.792767,0
-58.9509,-82.17556,0
39.005806,-97.72644,0
77.856186,43.053936,0
56.52417,-24.122108,0
-164.51562,-36.60099,0
-75.181206,118.84943,0
-12.004119,176.94476,0
-115.09598,54.683056,0
-124.84853,-131.08257,0
23.407028,-163.15431,0
102.607834,75.07227,0
112.145935,-24.486118,0
-138.80244,7.4121194,0
-123.7421,87.47636,0
-32.12161,120.45399,0
-135.42696,9.969469,0
-160.56973,-78.21332,0
66.90696,-161.93561,0
100.31881,58.885418,0
74.679115,-12.987869,0
-124.06793,-27.810493,0
-61.68743,98.40958,0
-2.0288386,136.46756,0
-91.874535,28.30722,0
-98.05766,-100.12865,0
32.64273,-133.04456,0
123.623344,111.33355,0
132.96196,0.4132912,0
-90.2778,-47.008087,0
-83.25286,64.331955,0
34.106133,172.5133,0
-92.83582,-9.664183,0
-93.47014,-71.77563,0
64.219826,-116.338165,0
83.78165,28.64497,0
65.62792,-2.5126941,0
-182.39938,-20.679817,0
-91.451836,126.90154,0
-24.111092,180.95407,0
-130.21223,59.245556,0
-140.6686,-111.38822,0
15.230609,-180.48055,0
140.35849,75.7618,0
112.51731,-82.57604,0
-59.167294,-21.291336,0
-59.25374,45.77698,0
45.326115,130.60655,0
-51.777225,28.808472,0
-65.0048,-82.08815,0
42.487972,-101.98895,0
83.23958,24.746874,0
65.89998,0.056895502,0
-183.21138,-19.016327,0
-95.73123,125.72593,0
-28.016106,178.9876,0
-132.88455,59.513844,0
-141.34189,-107.01654,0
15.440678,-185.03535,0
137.9183,72.244965,0
115.634995,-85.40753,0
-64.05902,-21.811432,0
-61.08741,53.062572,0
42.003323,135.7585,0
-55.22774,32.29121,0
-69.04533,-82.88596,0
43.94727,-106.620445,0
87.40872,30.098595,0
74.129845,-6.113432,0
-175.8285,-14.487262,0
-92.9121,117.08811,0
-25.40395,172.84293,0
-133.01785,50.58158,0
-133.95517,-104.4545,0
14.489224,-176.03212,0
118.46683,139.77863,0
97.290215,-112.67386,1
15.0189295,-47.0623,0
-9.1258545,36.95254,0
74.89998,151.88617,0
8.458592,-31.025906,0
-9.450893,-54.27839,0
50.380753,-59.101234,0
91.06495,51.017555,0
77.73975,-41.065998,0
-146.67645,-30.790642,0
-73.87439,96.56037,0
-3.903194,146.9229,0
-105.35546,37.116226,0
-107.64899,-133.5654,0
22.329714,-147.28238,0
96.043755,47.461098,0
79.33572,-35.18688,0
-148.28584,-26.080776,0
-80.810036,99.25974,0
-8.155706,151.18896,0
-108.99849,29.168953,0
-114.90285,-127.65917,0
16.183062,-153.98016,0
130.4864,65.24201,0
117.521805,-64.6085,0
-67.61516,-36.046856,0
-55.57226,60.747375,0
29.484055,135.67784,0
-67.649315,20.920586,0
-80.61625,-124.36158,0
31.268139,-113.94656,0
95.112755,63.090057,0
103.39298,5.698813,0
-184.02052,15.442078,0
-116.10525,110.93353,0
-44.185753,171.35744,0
-138.69968,22.337255,0
-145.53029,-92.16221,0
41.05536,-174.08463,0
98.1196,75.59389,0
109.35632,-25.127302,0
-139.9553,3.2123086,0
-120.3218,89.68171,0
-31.335453,123.24252,0
-132.0093,10.062332,0
-158.10954,-75.8822,0
64.19091,-162.79512,0
141.10342,93.967804,0
124.69231,-100.564125,0
-17.542038,-39.963383,0
-32.8501,42.03068,0
50.222843,149.94972,0
-18.923975,-27.10149,0
-42.82133,-86.106895,0
58.3937,-95.32263,0
113.70829,88.63425,0
152.66042,-82.15856,0
-23.907488,-84.548485,0
-4.5851293,77.896545,0
14.298443,115.62857,0
-17.848423,-5.903723,0
-23.849768,-90.47649,0
18.843521,-69.65658,0
167.23715,15.040653,0
84.7413,-83.55545,0
24.211853,-10.142264,0
26.677675,-12.438258,0
10.329753,46.230015,0
25.33136,-11.092562,0
22.544516,-8.814373,0
33.000385,-17.133213,0
120.33983,104.57892,0
133.59604,-7.3376656,0
-91.64465,-31.196424,0
-83.32648,68.43423,0
35.00705,164.05939,0
-90.63837,-19.86697,0
-93.49601,-67.404205,0
53.587944,-116.445114,0
103.163765,31.306759,0
85.33343,-5.128932,0
-166.7497,-3.9966471,0
-58.280346,95.88829,0
-40.916225,158.84683,0
-144.45605,57.20135,0
-115.85426,-97.33856,0
3.792822,-165.9134,0
61.427727,83.34221,0
157.48402,-14.980947,0
-64.096176,-66.60461,0
-39.68877,95.87444,0
4.077739,121.766525,0
-67.06175,-3.6846604,0
-68.513176,-98.19483,0
-8.219377,-129.66121,0
141.69556,94.62214,0
125.19477,-101.01737,0
-16.596369,-40.299896,0
-32.2813,39.69862,0
50.81807,150.8235,0
-18.461443,-26.984934,0
-42.391663,-87.15933,0
59.604004,-95.74621,0
124.22776,35.192307,0
130.53288,3.0194805,0
-89.63141,-43.126728,0
-85.89612,66.893005,0
31.880617,170.32436,0
-93.0314,-5.722713,0
-99.52332,-78.36895,0
61.217705,-114.15886,0
78.485016,119.72032,0
149.40712,-39.87694,0
-35.01997,-69.62681,0
-11.786036,81.58509,0
13.02705,111.68004,0
-53.469868,-9.90453,0
-40.621334,-106.42692,0
8.266774,-111.69943,0
93.789276,27.138737,0
78.36736,0.6751094,0
-178.62875,-7.017097,0
-99.44937,116.890976,0
-29.397966,167.86292,0
-140.22571,48.415676,0
-133.09486,-95.78428,0
8.187952,-178.0219,0
87.494385,111.72093,0
163.05463,-52.88328,0
-41.86461,-48.843384,0
-19.038992,62.09864,0
23.955515,107.66482,0
-33.98615,-16.194038,0
-29.397285,-119.283775,0
8.178622,-99.1772,0
120.80782,50.244217,0
90.94958,-7.47046,0
-160.93918,-0.9199752,0
-86.6193,83.384834,0
-33.06224,148.45784,0
-145.24185,36.70034,0
-111.04681,-91.88323,0
-1.4452096,-158.144,0
94.03437,71.034836,0
105.47777,-21.138388,0
-142.02115,-3.2452166,0
-115.457886,92.51556,0
-27.715782,128.32935,0
-125.90482,8.492071,0
-151.19743,-77.766426,0
57.223576,-164.56639,0
89.4396,109.10538,0
158.99129,-47.822113,0
-48.91073,-51.829376,0
-22.619032,71.72887,0
20.040976,109.73041,0
-38.706383,-13.654774,0
-32.936523,-127.63694,0
0.524415,-100.62474,0
115.55316,46.97439,0
87.76922,-27.061214,0
-147.42603,-12.921192,0
-87.22524,87.09569,0
1.0181475,154.0134,0
-122.40558,29.624283,0
-104.36543,-120.602066,0
3.2850208,-147.79056,0
103.51298,63.763653,0
103.64418,2.8273208,0
-185.48708,13.537006,0
-118.44084,110.501366,0
-41.099586,169.88243,0
-136.12297,21.706997,0
-147.6471,-92.638855,0
39.811474,-173.65295,0
139.08853,95.16005,0
122.98704,-99.68918,0
-19.186806,-38.712803,0
-31.773254,42.338818,0
50.005283,149.10406,0
-20.718672,-28.935484,0
-43.51726,-87.72747,0
57.010002,-94.67377,0
107.662186,94.12393,0
128.73875,-21.403965,0
-115.32079,-50.62704,0
-70.780464,138.98357,0
16.420267,179.57306,0
-103.28911,-3.6480336,0
-117.59191,-60.094234,0
67.3312,-138.68024,0
80.21028,56.215237,0
64.43849,-33.996693,0
-129.54236,-31.738514,0
-64.857,105.69839,0
-13.148766,135.4866,0
-93.036026,38.918636,0
-113.74637,-100.24351,0
35.725735,-144.31068,0
133.59317,39.895634,0
96.85306,-69.44468,0
-16.417334,19.091751,0
-15.678371,23.732912,0
37.21829,80.773346,0
-16.05921,20.80497,0
-17.482489,15.826938,0
30.314196,-57.367054,0
125.53216,28.765154,0
165.66594,-14.330932,0
-65.88567,-58.815254,0
-44.53319,88.287506,0
-2.008799,90.427635,0
-65.92283,-12.018414,0
-68.37822,-106.73382,0
-10.42942,-136.51729,0
67.48544,120.397385,0
153.6753,-77.502335,0
-25.94575,-80.676834,0
-7.152263,74.38389,0
12.617142,83.65608,0
-19.177383,-1.3268641,0
-22.691778,-96.44366,0
18.052546,-73.99309,0
141.42288,46.651897,0
108.36776,-41.610195,0
-111.62685,-26.893518,0
37.487034,35.434383,0
3.7546043,53.70092,0
-86.33367,17.169144,0
-84.68813,-91.723145,0
45.73049,-90.72187,0
112.74201,54.65978,0
93.67113,-29.167109,0
-134.88919,-16.890135,0
-70.36543,88.58335,0
1.1184188,143.35983,0
-102.1174,22.898989,0
-93.87232,-121.017685,0
21.143509,-138.6186,0
60.329906,97.94063,0
136.92032,-66.789856,0
-43.468586,-29.515615,0
-45.047745,70.00687,0
33.46282,117.561905,0
-39.403336,14.275762,0
-62.72868,-136.85274,0
18.91639,-94.38465,0
140.51929,39.47042,0
92.468025,-60.29633,0
37.205055,36.787445,0
-32.580215,29.645151,0
37.00769,69.81556,0
-11.416376,4.3465266,0
0.43110687,-17.34433,0
36.144535,-51.25285,0
83.694084,70.3282,0
104.69597,-41.200462,0
-117.751465,-28.808409,0
-49.94951,108.78612,0
-3.147671,132.11984,0
-83.446945,27.354347,0
-88.88967,-90.462296,0
44.1579,-132.30698,0
157.3034,10.860376,0
71.830666,-81.64632,0
49.74959,12.306576,0
23.903414,43.516163,0
24.126366,44.145912,0
16.680159,5.9245625,0
15.904963,3.9070282,0
42.4051,-26.367846,0
134.80353,68.976906,0
115.64034,-69.644516,0
-68.61767,-28.299892,0
-57.349415,58.84733,0
36.40452,135.3511,0
-61.17125,21.241735,0
-75.63154,-129.90799,0
37.31209,-110.12178,0
118.08703,69.10724,0
96.85372,-24.05894,0
-125.75492,-36.63301,0
-65.4093,82.39611,0
13.659942,144.94855,0
-99.44907,15.9688835,0
-90.893295,-112.21436,0
22.78476,-131.99933,0
92.71275,89.36454,0
136.6082,-29.829824,0
-65.467316,-70.32688,0
-37.64135,100.310936,0
2.1291742,117.75599,0
-73.33536,-1.5597614,0
-73.19349,-95.109,0
7.346647,-120.221664,0
118.63204,25.166895,0
75.835,13.740076,0
-159.84467,11.35568,0
-100.238304,79.86359,0
-44.774223,148.08044,0
-157.69838,32.24648,0
-112.322365,-79.73426,0
-13.414509,-162.50851,0
93.97012,75.45581,0
105.68104,-31.196012,0
-131.98569,-0.6869038,0
-116.69458,82.28378,0
-22.510494,123.48911,0
-129.63927,3.0465689,0
-155.31003,-68.293045,0
61.772366,-155.58626,0
73.65748,104.20522,0
165.1956,-42.846786,0
-31.696926,-51.138813,0
-29.692276,74.914085,0
19.678953,94.95087,0
-35.105217,-5.25339,0
-43.576767,-133.86426,0
-3.653681,-95.84647,0
106.73256,94.20118,0
128.72766,-21.422707,0
-115.01033,-50.708397,0
-70.02225,138.76556,0
15.972447,180.47469,0
-102.66952,-2.5474942,0
-117.71325,-59.660774,0
67.567825,-138.95097,0
140.89375,37.560604,0
90.203255,-61.186024,0
40.98378,37.145916,0
-31.31199,29.114511,0
36.501934,68.78403,0
-9.904118,2.9259832,0
1.5243285,-16.199379,0
35.57948,-49.111134,0
73.006325,105.41053,0
167.0433,-40.99359,0
-30.377659,-47.91198,0
-31.306412,72.84049,0
21.58494,94.644356,0
-33.85806,-2.7437286,0
-42.670925,-138.05331,0
-3.318986,-92.06169,0
118.64534,137.37236,0
100.527336,-113.11767,1
12.032055,-46.589947,0
-14.085416,38.163857,0
72.33262,152.65352,0
7.4139175,-34.77246,0
-6.868385,-52.727283,0
49.307186,-60.80169,0
69.69752,81.61336,0
151.39006,-19.91553,0
-52.92013,-63.56459,0
-30.069555,89.73689,0
-3.8044193,104.66349,0
-61.220512,2.3321195,0
-58.079296,-116.56291,0
-6.3028054,-120.607635,0
144.85263,72.28185,0
112.37789,-85.92604,0
-62.12515,-19.058573,0
-63.912876,52.339096,0
44.71975,134.73048,0
-52.47765,32.458862,0
-67.13981,-79.34685,0
44.948112,-104.264206,0
117.09276,105.240746,0
134.26653,-6.754784,0
-88.271065,-46.595184,0
-84.74716,61.975803,0
35.40727,169.84218,0
-90.13034,-15.706313,0
-90.53205,-67.69266,0
58.398582,-117.973976,0
155.39809,36.233063,0
111.50559,-53.83549,0
34.990067,18.343565,0
16.76346,63.42764,0
17.07381,65.204315,0
-11.829818,-15.837337,0
-11.657972,-17.996607,0
34.11823,-70.54177,0
102.07454,65.27655,0
105.726265,0.3306271,0
-177.42172,15.387468,0
-119.28243,106.68147,0
-47.294403,176.15622,0
-133.06427,24.286915,0
-151.10269,-91.19247,0
45.349987,-174.66837,0
91.90483,33.86002,0
74.75562,-26.002327,0
-143.85664,-27.032429,0
-81.73387,103.66148,0
-16.325424,163.893,0
-114.11349,22.80486,0
-115.94514,-117.009834,0
20.996946,-155.94708,0
161.33473,38.25408,0
110.689896,-41.666817,0
-110.39339,-19.925032,0
28.999926,22.738056,0
18.525406,71.66068,0
-76.759285,26.68147,0
-85.76027,-94.88048,0
41.65974,-75.45984,0
99.15498,83.49402,0
115.651215,-34.53587,0
-104.33983,-36.08264,0
-46.630905,50.31345,0
27.512646,156.94751,0
-88.9089,7.7782817,0
-80.88736,-87.33244,0
53.065704,-131.70758,0
120.28829,71.79572,0
95.75649,-13.175366,0
-118.91417,-40.658585,0
-60.25029,78.52469,0
17.896986,142.47566,0
-97.21156,10.081617,0
-88.624,-110.51431,0
24.828306,-123.147354,0
158.34964,60.566975,0
93.958694,-73.78865,0
-0.51017255,21.163023,0
-4.1981354,19.384794,0
43.30596,80.88254,0
-2.069946,20.424057,0
1.4186664,22.10017,0
29.76061,-62.169945,0
89.95148,55.495518,0
74.11282,-42.122807,0
-145.0072,-32.9675,0
-69.87753,96.7894,0
-3.7650852,143.19482,0
-99.22087,37.601276,0
-111.56964,-108.155975,0
30.147482,-148.84943,0
110.82148,133.41315,0
103.85647,-121.59294,1
6.546834,-51.53075,0
-13.26093,46.13268,0
69.20788,159.22562,0
0.6212391,-37.93603,0
0.18968305,-54.77487,0
56.06386,-67.85881,0
162.34561,37.922913,0
103.10587,-45.047787,0
-111.35722,-19.702736,0
28.893486,23.199242,0
18.422447,72.01321,0
-77.45019,27.235664,0
-88.76397,-94.62834,0
42.655018,-75.34395,0
66.68014,115.4384,0
151.91258,-73.094955,0
-26.133694,-76.29645,0
-8.478192,71.4232,0
16.09643,87.08604,0
-24.095854,1.6022618,0
-27.945435,-98.774826,0
14.500686,-78.31334,0
136.25378,67.02981,0
112.47598,-68.737656,0
-72.10085,-29.321365,0
-61.277935,59.128395,0
36.1882,138.49953,0
-61.902683,24.929401,0
-77.907555,-131.34174,0
38.620083,-112.65443,0
83.69448,64.654564,0
98.248604,-47.57936,0
-118.414314,-21.444252,0
-54.56418,104.66199,0
-5.24941,125.64542,0
-81.72858,32.946556,0
-93.255104,-98.05834,0
37.68886,-133.64543,0
121.04669,28.852768,0
72.91243,10.015124,0
-156.37527,9.072697,0
-95.15617,80.41813,0
-39.34125,147.29097,0
-154.02824,30.059978,0
-108.50004,-81.42239,0
-10.692499,-158.60329,0
153.07886,17.67177,0
76.677475,-74.43593,0
57.021225,12.524369,0
55.538647,34.52862,0
30.476267,55.109356,0
6.9175277,8.410807,0
8.530773,4.1340427,0
39.13748,-33.844917,0
79.72594,43.191547,0
56.025322,-24.197117,0
-165.26976,-36.707993,0
-74.86154,120.09046,0
-11.808688,175.89471,0
-115.47907,56.948116,0
-132.09843,-133.67265,0
23.271923,-163.91599,0
79.198975,121.71401,0
150.14317,-38.790203,0
-35.948006,-68.74535,0
-12.594457,82.25718,0
12.200177,111.05783,0
-52.215458,-10.162313,0
-41.76896,-107.19398,0
6.6520677,-111.0753,0
104.41914,45.332073,0
78.712135,-27.984423,0
-142.32181,-24.458128,0
-84.90618,100.090965,0
-12.662186,149.07144,0
-117.85081,23.485252,0
-111.61717,-117.154076,0
8.50892,-156.79726,0
87.44459,102.114586,0
134.38246,-45.810978,0
-57.881237,-48.688423,0
-39.856575,76.90678,0
17.672405,121.15822,0
-48.969395,-14.08959,0
-39.945168,-121.0941,0
13.368938,-113.33519,0
132.9325,97.99397,0
125.54832,-67.95038,0
-63.016273,-39.32255,0
-72.58167,58.74768,0
40.40709,117.93498,0
-79.24525,-17.933891,0
-75.43413,-72.19959,0
51.35989,-121.90183,0
114.711945,26.25456,0
74.09592,12.225971,0
-157.8743,10.329231,0
-97.70878,79.606285,0
-43.117157,146.8013,0
-155.47723,31.056229,0
-110.78052,-80.75631,0
-11.37923,-160.26927,0
79.927986,40.10989,0
56.528988,-26.17645,0
-166.09995,-36.30339,0
-72.42178,122.729836,0
-11.407564,174.35579,0
-113.72311,54.792427,0
-133.35402,-127.98757,0
21.558691,-163.51643,0
140.46458,46.375004,0
121.71485,-98.59462,0
-21.507687,-38.196594,0
35.93954,34.206894,0
41.77984,72.295654,0
-23.035313,-29.03523,0
-45.436188,-88.29373,0
53.802982,-92.862175,0
115.38449,57.374794,0
91.452545,-22.101353,0
-138.87888,-16.066534,0
-70.213844,83.18413,0
5.998718,154.43578,0
-105.64211,18.331068,0
-97.81223,-115.70361,0
19.70993,-135.18051,0
116.701294,143.28847,0
89.67322,-113.83007,1
21.669592,-50.461708,0
-6.313804,32.814087,0
81.40992,153.10107,0
6.934887,-24.701313,0
-11.493628,-61.99657,0
55.683296,-54.044487,0
99.579414,75.29908,0
109.59513,-25.76605,0
-139.17114,3.0467136,0
-120.75316,88.38726,0
-30.668306,123.093925,0
-131.64015,10.858881,0
-157.49937,-76.59081,0
63.040962,-162.73824,0
140.32385,71.43877,0
111.346,-77.786705,0
-56.33031,-23.44297,0
-63.41063,49.12593,0
42.21094,133.02911,0
-50.07957,25.92693,0
-60.66471,-84.13536,0
39.03594,-100.44957,0
76.9065,102.37884,0
161.74088,-40.251842,0
-33.238678,-55.382267,0
-26.149643,77.48916,0
14.425363,94.17062,0
-39.320057,-3.12407,0
-42.630913,-128.9632,0
-5.8378825,-99.84401,0
159.18022,40.290447,0
116.50822,-50.324062,0
30.666306,22.341711,0
12.101034,61.044292,0
14.6948595,69.64625,0
-12.662577,-11.063121,0
-16.722595,-70.87446,0
33.185196,-74.894196,0
139.74347,92.15293,0
123.627914,-97.08458,0
-21.021599,-40.812637,0
-34.75334,43.370018,0
47.03055,148.66475,0
-21.726295,-26.41602,0
-46.025635,-85.15225,0
55.795593,-96.810616,0
68.04416,57.021458,0
108.96872,-14.216573,0
-135.33368,-54.25672,0
-106.27597,96.832954,0
-21.891296,133.90889,0
-117.79988,0.9779753,0
-138.91331,-70.85656,0
46.504303,-164.0405,0
147.10593,20.82432,0
80.94445,-73.53226,0
48.67062,26.991467,0
36.68648,31.650944,0
34.580585,60.203285,0
-4.782927,-1.0812993,0
6.641961,-7.5175815,0
36.401707,-36.223293,0
95.246506,47.479874,0
77.82176,-35.3483,0
-152.19801,-28.690361,0
-79.32227,101.48233,0
-9.545512,149.51543,0
-106.90697,30.376379,0
-113.979385,-130.43079,0
18.29724,-153.0849,0
84.681274,66.54802,0
100.56172,-44.430573,0
-116.220184,-23.92676,0
-51.081768,102.6089,0
-0.18266323,135.07034,0
-88.278046,27.739058,0
-91.86975,-101.61342,0
36.87426,-130.03542,0
156.56764,16.876925,0
74.17851,-73.6929,0
58.8991,26.223654,0
36.142998,16.19222,0
23.719984,54.18007,0
3.3734035,4.3466325,0
5.023574,-1.9859176,0
38.311314,-31.03646,0
119.97423,137.68237,0
99.459305,-109.13661,1
14.937357,-41.396526,0
-17.498976,36.85494,0
70.144936,148.5221,0
12.719168,-33.82293,0
-11.983412,-51.215454,0
46.74515,-55.39644,0
111.38097,40.129383,0
85.21301,-27.368193,0
-150.62433,-12.616802,0
-89.06846,89.0462,0
-17.425829,151.83722,0
-122.21884,27.716356,0
-106.497055,-120.08601,0
4.5770125,-150.6665,0
73.11537,77.90942,0
151.78456,-17.700813,0
-52.017933,-61.78203,0
-31.40073,87.16724,0
-7.799622,106.141594,0
-63.612038,4.0619593,0
-60.59099,-116.809746,0
-2.1538968,-128.02908,0
117.70839,44.810635,0
75.72793,-17.182487,0
-161.24255,-15.08448,0
-77.579155,81.3187,0
4.649419,158.81769,0
-125.91255,32.840927,0
-103.68426,-117.93085,0
13.963758,-132.93907,0
160.73984,10.739781,0
75.02765,-83.852036,0
46.660004,12.731587,0
22.182495,39.626827,0
21.809778,39.461727,0
21.30563,4.5243816,0
20.072092,4.8480186,0
40.79297,-23.871134,0
100.22264,82.75371,0
115.86855,-33.180492,0
-109.564835,-39.13368,0
-57.629154,77.96508,0
23.615164,157.49869,0
-90.72369,8.959609,0
-104.19415,-68.788475,0
50.516247,-135.15016,0
98.356064,24.839924,0
79.89692,-1.7253089,0
-174.56143,-5.5602536,0
-102.73821,119.16235,0
-32.97738,170.78096,0
-141.04262,53.58196,0
-127.31299,-95.7759,0
3.0058692,-178.87602,0
95.30875,49.727444,0
75.24142,-36.980907,0
-140.6045,-33.720005,0
-75.8522,101.54958,0
-7.3068395,147.17052,0
-104.38724,31.28181,0
-115.69454,-122.946175,0
26.609028,-145.60187,0
82.93799,36.721565,0
57.91598,-15.162673,0
-174.16055,-28.07092,0
-83.53919,125.469505,0
-18.57638,176.58214,0
-121.44051,53.807102,0
-133.92638,-122.02587,0
14.260031,-170.78778,0
145.10968,76.19084,0
112.46516,-86.004295,0
-61.74867,-18.926785,0
-64.719124,52.00484,0
45.824364,134.55588,0
-52.332363,32.358543,0
-67.3414,-79.63592,0
44.933876,-103.74726,0
133.01176,65.52505,0
115.18193,-64.89856,0
-69.59047,-34.40912,0
-61.89876,61.666485,0
31.3453,137.50496,0
-66.22721,22.466555,0
-80.163925,-126.03014,0
34.13702,-114.20644,0
123.37677,44.265537,0
67.93415,-18.358639,0
-162.72694,-25.26035,0
-81.86657,78.42481,0
-4.3675003,163.56233,0
-117.460175,40.09296,0
-124.193954,-120.2096,0
8.104671,-143.86023,0
108.957016,109.46072,0
141.27995,-37.58075,0
-82.81916,-53.943817,0
-77.820694,53.953945,0
39.42815,109.47749,0
-83.00998,-9.466215,0
-81.57222,-68.37472,0
32.92367,-86.660965,0
139.11948,20.285929,0
90.18466,-67.08145,0
50.41758,23.829985,0
42.80942,34.06441,0
40.448456,60.07768,0
-7.352312,-5.0047607,0
-0.56809354,-12.235638,0
40.670803,-45.884563,0
149.84645,13.869891,0
83.694984,-83.61404,0
56.15396,25.496418,0
47.395912,32.845665,0
35.49761,52.320396,0
4.189328,2.649033,0
7.3328996,1.2727585,0
34.50318,-24.68741,0
69.36497,118.21258,0
153.71693,-76.01154,0
-26.49057,-79.27238,0
-7.9094315,72.84385,0
13.033496,85.40752,0
-19.861345,0.089259416,0
-25.074259,-96.12942,0
18.636225,-75.23498,0
67.06041,121.36885,0
153.76085,-77.42291,0
-26.032553,-80.659325,0
-7.2449274,74.26829,0
12.608213,83.70008,0
-19.241259,-0.89140767,0
-22.84306,-96.447716,0
18.435781,-74.12742,0
142.53105,92.07556,0
122.236694,-101.385345,0
-18.246267,-37.311234,0
-31.27023,44.55491,0
51.475315,147.60292,0
-19.514872,-29.250683,0
-42.745403,-89.212364,0
58.14012,-93.38586,0
86.50851,61.005894,0
113.543945,-18.27529,0
-137.10217,-44.717533,0
-67.742004,99.05743,0
-14.588222,137.93456,0
-95.45975,30.082912,0
-116.145996,-106.78609,0
39.429726,-153.97313,0
130.45439,76.77807,0
117.40855,-77.340164,0
-57.6739,-29.161106,0
-54.611473,53.80832,0
36.859234,130.50601,0
-51.660194,21.6912,0
-61.539745,-88.72201,0
34.033962,-101.94385,0
116.23873,61.68229,0
95.68222,-23.526325,0
-131.53438,-15.755353,0
-66.79114,83.46261,0
7.218913,144.42313,0
-101.307655,16.894436,0
-94.12188,-114.30055,0
24.811842,-133.07335,0
64.65156,105.77236,0
145.67392,-64.108986,0
-36.37144,-36.009808,0
-34.23446,65.1863,0
29.696241,92.970436,0
-31.96067,8.764207,0
-51.881622,-138.37097,0
4.6381555,-86.44802,0
119.81893,60.60265,0
91.34321,-21.192223,0
-138.26688,-12.121445,0
-66.45846,71.10328,0
22.352007,151.78815,0
-104.42365,19.492514,0
-96.91681,-117.884384,0
16.924536,-131.66707,0
89.21801,42.64912,0
67.57708,-7.303016,0
-176.98589,-22.149242,0
-88.939575,116.62858,0
-22.85237,175.16277,0
-129.40909,53.12049,0
-135.01717,-112.378006,0
20.95641,-180.28783,0
135.76831,67.06264,0
113.18613,-68.73217,0
-71.37362,-29.295586,0
-60.558372,59.801926,0
35.981884,137.91014,0
-62.254288,23.076546,0
-77.82677,-130.86488,0
37.86737,-112.06742,0
94.86222,75.09823,0
106.748665,-26.710283,0
-137.4321,0.120759115,0
-118.099396,87.85739,0
-27.658709,125.339775,0
-130.22218,7.799434,0
-157.0816,-73.10985,0
61.74742,-160.63795,0
74.429344,102.542496,0
164.12308,-42.919296,0
-31.597498,-52.150715,0
-28.7583,73.989975,0
19.033764,95.78175,0
-36.40035,-5.786463,0
-42.396072,-130.07153,0
-4.181862,-96.21588,0
101.63939,25.03165,0
84.99138,-0.075580776,0
-173.86305,-3.1043677,0
-104.322975,114.16565,0
-33.771416,165.08992,0
-145.99829,47.070198,0
-122.68952,-92.843414,0
1.5258242,-177.47493,0
84.70867,71.771805,0
105.88496,-41.870495,0
-114.047585,-28.416882,0
-48.230534,108.12417,0
-1.1307654,131.6675,0
-81.95154,26.692904,0
-86.66901,-91.585175,0
42.788612,-129.1961,0
90.77287,96.297714,0
157.45035,-45.949177,0
-28.736603,-58.325115,0
-23.459873,72.61431,0
14.855983,99.95822,0
-41.26118,-8.133715,0
-36.47062,-130.01747,0
-0.43290785,-100.45753,0
115.019684,73.454994,0
130.80995,-35.17906,0
-65.74287,-52.374252,0
-45.920044,81.539955,0
10.746055,125.15599,0
-75.0614,14.048884,0
-76.27574,-105.497536,0
25.773129,-119.372284,0
119.928085,69.49179,0
95.48966,-10.8116045,0
-122.39597,-37.782917,0
-63.172832,80.49545,0
15.921241,143.06284,0
-99.86323,7.8063955,0
-107.01444,-96.79382,0
22.536865,-124.87744,0
81.45111,53.788258,0
55.370373,-21.5315,0
-172.19075,-35.4018,0
-78.91485,114.49449,0
-12.463151,179.74931,0
-117.43476,55.69948,0
-128.2248,-117.494644,0
23.968859,-165.60596,0
113.25935,139.38226,0
95.94533,-114.44208,1
16.021996,-48.919167,0
-8.364219,38.655815,0
76.75535,145.8995,0
6.2016835,-30.727875,0
-8.293837,-57.41588,0
53.754326,-59.412724,0
87.36071,57.17459,0
111.72483,-17.527498,0
-133.557,-35.20786,0
-64.60947,98.10654,0
-15.4500475,139.34502,0
-110.3289,7.790661,0
-132.99153,-73.4726,0
42.510956,-151.43787,0
92.2056,24.75302,0
79.023155,2.1277733,0
-179.95352,-5.935476,0
-97.580086,116.64889,0
-27.213846,167.05983,0
-140.17642,48.92241,0
-132.49287,-96.3988,0
8.328341,-176.83743,0
117.82204,142.798,0
93.942635,-111.85722,1
18.927324,-47.335175,0
-9.940357,34.686634,0
76.63131,152.17058,0
8.768183,-28.215418,0
-10.469988,-56.9614,0
51.5117,-57.4662,0
120.29065,54.763996,0
81.6209,-15.226037,0
-143.55481,-11.9259205,0
-76.324936,79.39111,0
-2.6496518,162.82677,0
-111.47588,19.24834,0
-121.39006,-120.046005,0
8.597536,-144.77797,0
85.39662,69.731155,0
103.97253,-39.69227,0
-118.892235,-30.131271,0
-51.746136,109.31153,0
-6.024082,133.09833,0
-84.978065,26.821558,0
-89.44771,-89.152756,0
44.56364,-133.73988,0
169.06683,11.2866125,0
79.17533,-87.67493,0
39.273613,13.1472435,0
7.8007565,33.65929,0
8.07706,34.296246,0
12.009794,16.388855,0
12.336086,14.862515,0
43.41216,-13.400885,0
60.938927,106.10596,0
140.28654,-61.81539,0
-40.025482,-34.59566,0
-34.577057,61.38991,0
32.091137,95.82385,0
-36.867928,9.936019,0
-57.064964,-139.22534,0
8.142063,-86.93538,0
68.16314,118.61836,0
152.39275,-77.41968,0
-24.689877,-79.928925,0
-4.7967267,73.397224,0
14.179489,84.97989,0
-20.47255,-3.0964563,0
-22.506763,-97.60789,0
17.337156,-73.31376,0
145.93935,48.226303,0
120.846,-45.809803,0
-110.61294,-24.291836,0
43.003323,42.09531,0
2.1652358,57.347485,0
-82.6823,18.085514,0
-83.17033,-101.196495,0
44.017677,-87.308235,0
91.33444,49.82668,0
85.413086,-40.8889,0
-148.37654,-21.042421,0
-76.64544,93.23493,0
-6.6555557,158.18779,0
-110.105515,32.45295,0
-106.32252,-128.94441,0
13.760836,-146.25243,0
91.03853,27.36668,0
78.699455,1.4874475,0
-179.49902,-6.8,0
-98.67175,117.89537,0
-29.449408,167.23964,0
-140.7772,48.15651,0
-132.63727,-95.49985,0
7.852291,-176.33102,0
115.4717,136.05789,0
100.954124,-115.757065,1
8.648283,-46.74779,0
-15.389515,40.460686,0
69.634834,153.45256,0
5.2031045,-35.301926,0
-4.5171447,-52.991486,0
50.813004,-65.645,0
111.83687,132.39703,0
104.46621,-122.11228,1
6.1759524,-52.681393,0
-13.357993,46.71458,0
68.73302,160.03201,0
-0.13979547,-38.40931,0
1.098478,-55.447437,0
55.574963,-68.91126,0
80.7445,84.28877,0
145.03712,-23.327656,0
-51.035347,-70.937904,0
-28.189682,96.57853,0
-3.5372665,111.57698,0
-55.664677,5.878963,0
-55.60127,-107.59641,0
-1.3209308,-121.80733,0
165.7916,7.683915,0
77.43983,-92.861046,0
36.752045,12.027244,0
13.9762125,30.564621,0
14.413091,32.615368,0
15.942741,17.711626,0
19.204828,13.1851425,0
40.821903,-16.828941,0
66.10176,116.31542,0
150.38493,-74.77084,0
-23.732292,-77.14084,0
-5.67275,70.29739,0
15.711274,85.66302,0
-23.862,-1.3358424,0
-25.845476,-99.75593,0
15.520606,-77.70831,0
118.382225,36.995956,0
89.85425,-10.382995,0
-158.44347,-3.2093732,0
-100.0172,104.81503,0
-31.075811,152.01897,0
-142.86441,35.356617,0
-106.38633,-91.298386,0
-2.966805,-154.80862,0
120.12112,64.908066,0
115.07818,-29.518375,0
-112.51675,-40.359535,0
-66.162125,75.88484,0
21.643267,152.99593,0
-93.50641,9.12471,0
-96.552025,-117.26509,0
16.87273,-131.13615,0
121.03525,96.98129,0
117.57465,-70.143105,0
-66.96709,-28.58776,0
-71.32276,57.030144,0
38.716347,145.64954,0
-81.53293,-17.877079,0
-77.26215,-73.166405,0
44.124138,-111.51833,0
123.50896,106.823654,0
128.99226,-2.044641,0
-95.13914,-46.76767,0
-88.213776,62.535862,0
38.96672,173.40208,0
-94.67181,-17.481207,0
-96.93764,-68.4287,0
67.565216,-117.77883,0
62.533268,106.52812,0
143.21965,-61.749664,0
-37.306747,-33.398937,0
-34.03127,62.9553,0
32.423157,92.81756,0
-35.521786,9.335222,0
-55.099422,-141.97456,0
6.5690837,-85.41353,0
76.00713,105.77889,0
166.46007,-42.338608,0
-32.957684,-50.363144,0
-29.87947,75.90252,0
18.476604,94.4726,0
-34.884457,-3.8275669,0
-44.368362,-134.01802,0
-5.681117,-95.61229,0
156.20906,79.39312,0
155.14006,-47.673717,0
-46.472458,-51.792774,0
35.167263,33.90415,0
31.966522,103.68934,0
-36.66659,-12.304072,0
-33.462353,-123.850006,0
4.8047237,-101.16274,0
118.4227,45.506954,0
99.77275,-25.309355,0
-142.53998,6.6992645,0
-88.304214,85.68628,0
-33.48655,123.32932,0
-127.23405,23.21942,0
-157.39091,-81.923775,0
68.465645,-161.91464,0
158.88074,58.67417,0
92.7606,-75.5017,0
-0.6372419,16.962997,0
-2.371002,16.650713,0
44.233627,82.51113,0
-1.5171448,16.692436,0
0.23167482,17.151691,0
30.955975,-63.883617,0
73.377655,86.93956,0
157.55257,-23.480377,0
-55.793297,-67.247925,0
-32.27998,95.79523,0
1.5231228,101.84228,0
-59.851723,-4.56699,0
-55.291348,-103.101456,0
-10.129893,-119.711395,0
138.07674,77.43439,0
114.63036,-81.7671,0
-60.775097,-23.974802,0
-57.327435,48.62832,0
43.754005,126.869545,0
-53.67144,27.143375,0
-64.65857,-84.98751,0
39.320873,-103.16141,0
79.616486,51.993557,0
64.867355,-40.913963,0
-140.5811,-39.000607,0
-62.380337,116.700325,0
1.1740484,127.05669,0
-103.62116,52.55643,0
-105.514755,-103.17726,0
30.466763,-156.4638,0
98.96712,31.242426,0
97.87443,-5.527392,0
-117.14461,-44.97356,0
-71.10391,134.59023,0
12.082849,176.0757,0
-99.28426,2.796304,0
-122.02889,-78.40067,0
62.14936,-140.78442,0
98.18884,67.9328,0
108.41139,4.351888,0
-182.33018,11.1654215,0
-113.99048,105.64998,0
-41.144817,176.46591,0
-136.38965,26.214182,0
-147.49197,-87.75343,0
44.04193,-177.23969,0
96.793335,88.306496,0
135.8484,-29.165264,0
-66.20916,-67.86018,0
-36.706993,100.474594,0
1.4255309,118.89391,0
-72.10755,-1.5445635,0
-71.621254,-96.00485,0
7.9376025,-122.02173,0
140.19588,21.5443,0
88.18236,-67.74293,0
49.51578,25.159018,0
40.25661,33.211105,0
39.282,61.81392,0
-7.5001364,-3.8616018,0
1.0278447,-12.802604,0
38.210995,-45.50913,0
110.44378,63.433247,0
95.804474,-29.75897,0
-133.43108,-17.922699,0
-71.41351,87.83819,0
9.802564,142.8959,0
-98.5687,20.445234,0
-91.01527,-116.88052,0
23.177177,-136.56877,0
60.10609,105.70617,0
140.8216,-58.367107,0
-44.351063,-34.961777,0
-39.589184,58.880646,0
34.658737,98.82911,0
-40.133842,8.085842,0
-58.4456,-142.97646,0
12.075164,-86.251976,0
114.88604,103.55224,0
136.62477,-7.343718,0
-86.32144,-45.9171,0
-84.170586,54.16912,0
33.98581,167.18117,0
-88.20505,-15.422688,0
-88.911736,-66.09932,0
57.986397,-120.54166,0
111.76927,54.927567,0
88.07338,-20.203674,0
-137.26703,-16.68565,0
-72.031204,85.122246,0
5.8887057,155.4248,0
-103.796196,22.275908,0
-95.40405,-120.04017,0
19.306978,-138.63487,0
144.67386,47.652626,0
95.904045,-47.797802,0
-115.559654,-18.131346,0
41.705032,40.98163,0
3.298035,56.240265,0
-84.82816,20.331165,0
-88.32394,-100.812805,0
48.244877,-86.922066,0
74.90824,84.70767,0
149.07954,-21.020061,0
-53.664066,-65.02587,0
-30.106045,92.44125,0
-5.7418647,108.15701,0
-62.410736,6.020114,0
-64.2889,-114.424484,0
-4.335295,-122.53881,0
69.32993,118.34096,0
153.62178,-75.97438,0
-26.497555,-79.0554,0
-8.568565,73.19153,0
12.8637,86.52488,0
-20.054436,0.10218031,0
-24.486706,-96.71865,0
19.056046,-75.29976,0
159.85327,16.586842,0
74.68205,-76.44168,0
55.890095,22.196424,0
38.966965,14.85763,0
21.204018,53.778362,0
6.4953375,-0.110317364,0
8.070574,-0.58582515,0
37.9054,-27.857542,0
111.20953,43.07191,0
84.52554,-37.29875,0
-151.07399,-21.086025,0
-80.95562,92.04411,0
-9.770124,156.72325,0
-113.16411,33.68629,0
-108.03679,-128.4833,0
12.182165,-149.03879,0
62.856365,67.280495,0
114.51437,-14.725964,0
-133.1617,-50.05894,0
-103.71678,93.46786,0
-21.405912,137.03658,0
-112.46224,2.5885913,0
-133.2029,-70.21759,0
47.994083,-155.84538,0
103.82456,43.17591,0
79.48427,-29.31449,0
-155.05968,-17.97239,0
-85.154015,98.374664,0
-14.722291,149.65965,0
-117.70111,25.27323,0
-112.76081,-118.61277,0
10.080681,-154.31197,0
88.5838,28.74951,0
72.28705,-3.1923747,0
-179.98116,-15.015951,0
-89.75189,120.79149,0
-23.140717,170.20662,0
-136.33682,50.440964,0
-136.52362,-101.631355,0
13.239749,-178.567,0
154.24779,13.66816,0
71.78505,-76.72943,0
54.331074,12.423881,0
29.285248,46.633892,0
28.827196,46.873363,0
9.085305,6.110845,0
10.53268,3.3345134,0
42.2858,-29.769915,0
68.720345,68.15075,0
117.74975,-18.447289,0
-126.91608,-50.857723,0
-56.497692,89.22486,0
17.445078,154.80757,0
-107.424706,3.300289,0
-129.27567,-67.14104,0
50.182735,-150.53568,0
87.35622,26.423796,0
63.797867,-4.0509024,0
-181.20857,-23.026083,0
-91.576416,127.353714,0
-24.260996,180.40665,0
-129.07736,55.202114,0
-139.50505,-112.620766,0
15.836049,-180.71535,0
93.11152,56.73499,0
69.911125,-34.415154,0
-132.30023,-28.390617,0
-64.029625,100.22942,0
-8.082388,135.92921,0
-95.75088,34.120342,0
-110.54003,-105.586174,0
33.417347,-145.64919,0
95.9751,37.298923,0
63.015705,-9.863418,0
-168.994,-20.953884,0
-84.488525,117.41773,0
-8.737328,179.7011,0
-125.149506,45.656425,0
-129.74268,-115.15329,0
22.087156,-171.90735,0
147.6385,46.41667,0
102.2737,-45.35006,0
-114.23446,-21.61177,0
46.38412,43.460808,0
0.3700847,58.88157,0
-83.422554,20.331589,0
-90.10878,-95.49056,0
46.58364,-85.50681,0
162.56216,12.152618,0
79.77685,-80.69988,0
22.893394,-1.4664446,0
22.910902,-3.8025115,0
15.043568,45.386604,0
23.036518,-2.3685582,0
22.357069,0.4977506,0
37.78072,-21.919428,0
139.1501,34.057243,0
84.61415,-61.862755,0
-25.704538,19.259314,0
-26.411716,26.035118,0
31.564005,74.00266,0
-26.318474,22.163391,0
-24.638008,16.530075,0
33.267906,-47.72145,0
84.97431,45.08628,0
74.28912,-48.26508,0
-152.03577,-37.537006,0
-68.75633,112.74474,0
-19.977592,160.48845,0
-101.77452,44.806934,0
-114.442314,-139.19499,0
23.855469,-152.40445,0
65.42882,58.634243,0
105.52443,-11.610084,0
-139.48186,-56.93126,0
-110.4203,98.57555,0
-26.811615,134.90332,0
-121.13023,3.8278823,0
-142.59753,-74.6016,0
49.3473,-163.06221,0
80.07152,117.432884,0
150.36237,-42.124096,0
-33.18477,-67.234764,0
-13.353982,83.72726,0
9.67619,95.785446,0
-43.549427,0.083832055,0
-38.733517,-108.63896,0
8.450419,-107.835945,0
84.17574,102.38905,0
158.96951,-36.216,0
-38.192303,-57.587845,0
-16.20417,80.43059,0
14.261079,108.315056,0
-48.8686,-10.037317,0
-42.77872,-123.544205,0
5.493667,-108.879265,0
106.090576,136.2522,0
99.26466,-126.46018,1
10.5269785,-60.114307,0
-6.965398,46.43928,0
74.35938,164.06894,0
-3.1536179,-31.294394,0
1.8983363,-63.74577,0
59.938396,-64.486946,0
96.058495,21.623783,0
80.770386,-4.3071084,0
-171.77481,-7.308171,0
-106.0432,118.7288,0
-36.959778,169.30824,0
-144.34708,53.456764,0
-126.71994,-99.073006,0
5.7912116,-182.8311,0
159.54593,40.812584,0
116.631065,-48.664013,0
30.606806,22.867758,0
12.245734,61.50135,0
14.971977,69.907745,0
-12.810461,-10.995746,0
-16.370035,-70.91934,0
33.4761,-75.453224,0
130.38396,66.37483,0
118.26902,-65.0511,0
-67.21211,-35.907322,0
-54.623848,61.368977,0
30.00831,134.5945,0
-67.67338,19.9429,0
-80.16195,-124.018555,0
31.439716,-112.371605,0
97.433304,56.76416,0
85.61561,6.921367,0
-172.75488,4.868582,0
-56.721622,97.050896,0
14.645488,136.9297,0
-95.38373,12.677118,0
-132.96623,-90.76585,0
45.596615,-139.82591,0
139.1866,70.11052,0
111.71405,-76.81902,0
-60.85776,-27.013903,0
-59.146664,54.50262,0
41.009117,133.57791,0
-51.185143,25.726025,0
-61.341988,-84.73129,0
38.25238,-101.782295,0
114.43391,113.77738,0
127.69798,-14.95207,0
-106.096664,-52.070908,0
-74.20354,63.057117,0
20.67518,177.05226,0
-97.622826,-4.410777,0
-106.56212,-54.64955,0
63.81311,-133.19608,0
172.31657,14.888487,0
87.25803,-87.68113,0
48.802723,-2.0814176,0
44.097046,-3.3611732,0
5.079233,45.200253,0
46.75178,-3.3330204,0
50.64112,-0.6974012,0
45.094368,-9.576241,0
119.93871,51.188656,0
99.247055,-18.358984,0
-132.93665,-42.3458,0
-101.7251,97.21291,0
-25.28726,140.78998,0
-111.33446,12.732607,0
-99.82308,-106.02367,0
45.38083,-157.4856,0
96.87954,47.13379,0
80.516304,-35.348778,0
-151.24117,-25.83658,0
-80.84583,96.329124,0
-9.630609,160.91283,0
-109.440575,30.293682,0
-114.11899,-128.0445,0
15.444752,-154.26302,0
118.94509,69.91597,0
97.28308,-23.109442,0
-126.56985,-38.14946,0
-66.11392,82.58188,0
9.538349,144.86224,0
-100.23023,15.376959,0
-94.18506,-111.40691,0
24.515705,-131.78639,0
96.99167,52.91571,0
78.01901,-32.811295,0
-143.31348,-24.262354,0
-78.399254,97.49982,0
-2.7042942,150.2776,0
-106.72578,31.680424,0
-110.65522,-115.287254,0
17.238012,-148.341,0
68.50575,119.63907,0
151.94878,-77.39126,0
-24.377535,-80.02754,0
-5.397086,72.49652,0
14.896488,83.96043,0
-20.487307,-2.2284343,0
-23.313116,-97.75417,0
17.13815,-74.29747,0
68.74135,118.76994,0
154.44788,-75.052986,0
-27.595207,-78.7629,0
-9.688176,71.912506,0
13.356206,88.55096,0
-20.941492,1.3318084,0
-24.792917,-96.3967,0
19.641998,-76.2056,0
142.13159,18.246569,0
89.00498,-64.85439,0
57.111996,21.634087,0
49.64339,35.714737,0
38.073387,57.067055,0
-2.5292096,-4.4499583,0
0.121302836,-9.269837,0
40.57604,-42.50848,0
117.938805,79.31962,0
126.78788,-47.48969,0
-66.488464,-44.477646,0
-51.881924,77.87316,0
13.6725645,130.12984,0
-72.67522,8.639193,0
-78.520096,-112.58406,0
18.464376,-116.37291,0
136.76396,63.92426,0
110.04805,-67.35349,0
-74.95036,-31.879087,0
-64.68333,59.189247,0
34.332615,141.06212,0
-63.747417,27.2357,0
-82.00785,-132.34906,0
39.253513,-115.202576,0
78.124725,85.22225,0
149.67735,-23.109179,0
-50.245804,-63.045643,0
-29.305227,87.92209,0
-8.387496,107.374855,0
-63.828938,5.679463,0
-61.995,-115.707016,0
-5.7634597,-124.997604,0
93.06134,83.81176,0
113.119545,-39.651943,0
-107.3712,-34.979908,0
-51.159508,116.64,0
19.882536,168.14963,0
-85.02909,8.017104,0
-79.05753,-91.20461,0
49.481705,-131.8122,0
71.19517,121.5847,0
153.76054,-81.476776,0
-23.162956,-85.44588,0
-5.6952715,78.24173,0
13.596269,114.58445,0
-18.76205,-6.1128225,0
-22.674114,-90.10132,0
19.133291,-70.403725,0
146.90689,31.409485,0
82.34,-73.126465,0
23.702753,-34.532387,0
26.12997,-33.74057,0
27.250982,68.96059,0
25.049322,-34.26921,0
22.711746,-34.825233,0
29.356083,-37.783184,0
116.701225,137.30733,0
96.066444,-115.961,1
14.808676,-49.89188,0
-8.484815,39.67557,0
80.317894,146.29034,0
5.2429495,-31.136879,0
-6.363876,-55.329994,0
50.018795,-62.890335,0
66.71714,83.41174,0
162.6518,-18.280188,0
-61.501026,-60.733093,0
-37.88562,87.57019,0
-1.3060508,95.14023,0
-64.230446,-8.229682,0
-64.51132,-105.51221,0
-13.739227,-130.82018,0
122.11781,30.262089,0
70.969,10.275678,0
-154.33862,8.0567045,0
-93.88229,76.76326,0
-41.466774,143.58342,0
-152.41827,28.187637,0
-105.65235,-80.97056,0
-11.210051,-156.34435,0
110.50491,108.54963,0
140.50111,-39.398964,0
-80.01495,-54.314724,0
-78.1851,52.33677,0
40.326267,109.503456,0
-82.462875,-9.006796,0
-79.48172,-67.11016,0
30.095257,-85.83747,0
149.86089,14.258113,0
85.011024,-80.51256,0
55.684883,25.232876,0
47.108364,32.80548,0
35.24893,52.2182,0
5.122866,1.9152585,0
8.959937,0.033372965,0
34.86159,-25.93597,0
101.328255,58.6194,0
74.987816,-11.526402,0
-167.41093,-13.430928,0
-88.67045,111.44249,0
6.3926544,164.8889,0
-132.11789,38.939358,0
-129.14702,-105.4435,0
27.897919,-177.19835,0
165.00926,5.443341,0
76.441605,-92.95857,0
34.22642,11.979223,0
18.600817,29.949392,0
18.358042,30.76029,0
22.87437,14.45217,0
22.118473,12.583005,0
41.16613,-19.080847,0
104.9587,93.03716,0
126.781235,-20.982159,0
-114.78089,-48.633694,0
-69.298965,137.55772,0
16.509453,177.88419,0
-100.57845,-2.3220756,0
-115.815384,-59.777534,0
65.15418,-137.83215,0
134.48491,59.23921,0
131.55176,-45.623024,0
-60.103825,-46.962124,0
-43.336952,76.40428,0
18.506624,124.1988,0
-69.353714,13.744626,0
-80.97492,-119.07164,0
15.615803,-116.55567,0
167.67722,15.013608,0
84.73906,-83.88243,0
24.456617,-10.104417,0
26.603407,-12.282587,0
9.987308,46.43749,0
25.392784,-10.9395485,0
22.743376,-8.701653,0
32.873394,-16.987394,0
103.48607,30.19899,0
85.521034,-4.43984,0
-167.53075,-3.6060665,0
-93.67544,107.46082,0
-39.946087,157.06331,0
-145.1346,57.398296,0
-116.2073,-96.76328,0
3.5728467,-166.65233,0
76.406296,99.147705,0
159.39275,-43.45847,0
-30.570198,-56.04738,0
-23.762882,73.990746,0
15.403609,97.83195,0
-40.212837,-5.6794086,0
-38.897198,-129.47488,0
-2.7109585,-99.77999,0
75.00565,45.20444,0
61.76243,-39.342617,0
-144.20549,-38.35403,0
-64.97598,118.004395,0
-14.683956,161.05429,0
-106.3912,51.425373,0
-123.93878,-136.67099,0
28.329287,-158.98907,0
119.50805,48.430565,0
90.21838,-27.726421,0
-148.6548,-7.5059543,0
-82.953316,83.88385,0
-15.003548,122.91412,0
-123.720695,31.34732,0
-95.915085,-127.258125,0
-1.61382,-143.98622,0
88.45277,57.7487,0
71.26413,-32.102512,0
-134.36838,-28.686954,0
-66.20439,100.54342,0
-12.457667,137.64064,0
-98.05319,32.220173,0
-112.61371,-109.15644,0
34.258896,-147.67429,0
103.95521,93.81202,0
127.50851,-19.92116,0
-113.10801,-50.42574,0
-67.84645,139.96703,0
17.777082,179.49022,0
-101.52279,-3.0334647,0
-115.9722,-58.801815,0
66.73485,-136.59349,0
113.43829,137.85757,0
98.523705,-116.35365,1
12.665366,-49.08489,0
-11.167043,39.986202,0
73.79853,155.86684,0
4.612634,-33.003998,0
-5.6175146,-57.23526,0
52.41091,-62.275673,0
108.86403,37.148735,0
63.12569,-27.332754,0
-170.8275,-33.57278,0
-78.51984,118.11335,0
-10.854149,178.92308,0
-118.53219,52.17498,0
-126.65147,-128.6124,0
20.971626,-166.87325,0
74.152336,80.62008,0
144.2731,-19.37676,0
-52.541283,-73.65947,0
-25.671436,100.356155,0
-7.174729,111.94068,0
-58.26212,8.181056,0
-59.597984,-109.58089,0
0.742426,-124.96911,0
117.71133,137.15878,0
99.526245,-112.68939,1
13.381648,-46.177628,0
-13.327832,37.054073,0
73.53593,151.67046,0
8.004231,-33.70924,0
-7.8529463,-53.200817,0
50.279922,-60.806732,0
106.663055,107.734985,0
142.87476,-37.827682,0
-83.14944,-52.413784,0
-78.15576,56.294308,0
42.331066,107.68379,0
-84.85463,-10.1675005,0
-83.293274,-67.34697,0
33.536304,-89.330345,0
81.417244,91.053566,0
151.1394,-30.556778,0
-44.04634,-64.34376,0
-24.908808,87.90196,0
5.757199,105.40629,0
-52.97355,-1.3035197,0
-49.789665,-115.67642,0
-4.0850644,-113.88861,0
170.65796,15.381821,0
86.13862,-86.24858,0
46.37833,0.8654743,0
43.404533,-0.62273616,0
6.5728855,46.04393,0
45.057354,0.07844467,0
48.350616,1.4911423,0
43.53962,-9.376155,0
74.01206,89.72361,0
142.74275,-30.506168,0
-43.63793,-72.34605,0
-20.565714,94.03034,0
2.0809073,113.750595,0
-50.023308,5.62995,0
-49.934948,-105.85669,0
3.0681095,-117.13301,0
101.37043,66.98672,0
107.3779,0.86297834,0
-177.56757,12.779558,0
-119.58842,103.78333,0
-46.917747,178.59895,0
-132.47061,24.696264,0
-151.70511,-88.90298,0
47.348618,-175.95468,0
86.15678,99.3239,0
157.20865,-33.673615,0
-41.76607,-58.382023,0
-16.78384,84.145195,0
10.914121,108.85282,0
-50.89303,-12.055433,0
-43.587795,-120.35456,0
4.571921,-111.63429,0
67.473465,78.93233,0
153.22777,-15.5973625,0
-55.877182,-60.01632,0
-34.95215,86.34348,0
-10.717375,101.154755,0
-64.6936,0.79899263,0
-60.7882,-121.86132,0
-4.5111537,-131.5598,0
142.44069,18.086294,0
88.52414,-65.324646,0
57.897312,21.787737,0
50.625385,35.97111,0
37.86764,57.0214,0
-2.3386636,-3.9763432,0
0.61999315,-9.042821,0
40.87452,-42.127155,0
86.083954,109.22648,0
162.4766,-49.606293,0
-39.355423,-51.593983,0
-18.818247,71.635124,0
26.05063,103.67696,0
-35.644413,-12.563688,0
-32.93218,-123.36221,0
4.9086714,-99.52974,0
143.24527,96.78894,0
125.81304,-102.53462,0
-15.13717,-39.554554,0
-30.751886,40.89818,0
52.31982,150.61615,0
-16.427776,-27.257069,0
-40.40153,-86.47826,0
61.410275,-95.22754,0
143.60591,73.426476,0
110.31722,-82.05839,0
-58.226723,-21.147867,0
-60.17339,46.321198,0
46.15725,130.53815,0
-49.886463,29.27108,0
-63.217697,-80.50188,0
42.550854,-100.07026,0
104.59295,46.21531,0
76.13227,-28.690893,0
-140.82314,-26.992609,0
-80.54504,103.348015,0
-13.267722,146.29504,0
-115.43913,22.138666,0
-112.35033,-115.03304,0
11.42877,-157.2453,0
87.619385,42.60802,0
66.85341,-7.052757,0
-176.38214,-22.450233,0
-88.84701,123.121315,0
-21.508837,175.17754,0
-128.74117,53.051,0
-135.03958,-112.93521,0
20.490381,-178.86522,0
119.122986,66.55565,0
94.36953,-32.197155,0
-133.99841,-20.491087,0
-67.98569,91.70521,0
2.0428007,145.08702,0
-99.08758,23.755682,0
-98.60023,-125.293175,0
24.73362,-138.55624,0
63.92787,57.702747,0
103.4031,-15.030557,0
-130.86594,-43.5581,0
-74.24868,76.44591,0
9.584219,151.03531,0
-108.37705,11.723151,0
-142.1727,-76.92014,0
52.759148,-161.66876,0
68.19218,77.28555,0
151.67487,-15.324416,0
-54.563637,-59.199894,0
-34.403374,85.67567,0
-10.956843,102.52656,0
-65.31025,2.2998827,0
-61.81828,-120.36604,0
-2.7298253,-130.5176,0
87.4466,59.552395,0
71.361496,-34.6484,0
-135.3732,-30.866095,0
-63.61059,102.36613,0
-8.82825,137.25992,0
-96.67932,32.753365,0
-110.76762,-107.56097,0
32.23404,-144.5438,0
83.336136,72.65373,0
105.68728,-43.22533,0
-115.46995,-28.974102,0
-49.284622,107.45345,0
-2.1482706,131.26202,0
-81.40235,27.332458,0
-87.28908,-92.472176,0
42.459538,-130.77702,0
97.887215,35.662205,0
62.535255,-10.288914,0
-168.21654,-21.914143,0
-83.136116,116.30246,0
-8.812504,180.44652,0
-125.401184,46.32063,0
-129.31398,-115.454445,0
22.588207,-169.05092,0
84.38067,110.560104,0
163.89229,-52.21708,0
-41.362015,-49.62774,0
-19.981249,60.963184,0
23.475554,108.1474,0
-33.762997,-14.839296,0
-29.91816,-120.161476,0
6.5878167,-98.68541,0
108.08553,52.314472,0
82.452385,-19.884398,0
-140.97751,-20.232939,0
-86.27909,104.76821,0
3.1346169,158.25488,0
-122.28163,38.261593,0
-104.127785,-114.82571,0
19.71753,-141.66403,0
95.830345,60.753056,0
104.50795,6.072987,0
-183.75922,14.595208,0
-114.97606,110.3719,0
-42.2403,172.65079,0
-138.63947,23.091492,0
-145.46034,-91.131386,0
40.96806,-174.6782,0
156.13217,17.344738,0
74.1014,-73.16799,0
58.64518,26.097486,0
35.905956,16.358953,0
23.929768,54.288574,0
3.237491,4.2355886,0
4.65311,-2.1049504,0
38.33385,-31.258932,0
94.21898,36.940613,0
66.3173,-11.575079,0
-165.87779,-20.813614,0
-82.04101,111.76415,0
-11.641358,185.41284,0
-130.04074,44.335674,0
-128.1516,-110.57479,0
26.410513,-172.19481,0
112.19098,131.46208,0
105.43032,-120.572975,1
4.4720783,-50.3681,0
-14.997098,46.30843,0
67.681404,158.64996,0
0.6727692,-39.866726,0
-0.42052472,-53.31038,0
54.53889,-69.02541,0
111.53577,44.658337,0
83.91762,-38.886883,0
-150.50212,-22.852858,0
-77.58605,94.65352,0
-9.110171,157.44176,0
-111.534355,34.36999,0
-109.54931,-128.57245,0
15.0289135,-149.51907,0
120.01441,59.622116,0
77.801674,-13.330135,0
-166.52827,-11.505494,0
-75.64464,79.84957,0
4.751953,162.95836,0
-131.2398,36.814377,0
-97.93062,-117.886024,0
16.039875,-132.40608,0
117.95809,29.071638,0
74.47142,8.032025,0
-158.94623,5.68379,0
-94.43292,82.251595,0
-38.686535,148.24077,0
-152.80894,32.46438,0
-111.34607,-86.431526,0
-7.2631783,-160.79938,0
67.65739,45.138462,0
114.55738,-5.290082,0
-145.44087,-49.167763,0
-96.66016,98.29756,0
-24.520767,145.33063,0
-117.82165,11.391861,0
-136.38792,-81.927986,0
39.05821,-162.37128,0
69.25247,116.5059,0
153.37578,-74.62555,0
-26.417847,-78.1019,0
-7.455909,72.659584,0
12.7701025,85.0154,0
-21.873415,1.2122122,0
-27.049797,-96.89312,0
18.598045,-76.47536,0
113.79182,62.449993,0
80.41565,-12.088922,0
-167.83238,-10.554983,0
-90.09869,108.97188,0
5.2192707,163.21825,0
-130.40765,35.35222,0
-101.84752,-114.67041,0
31.862185,-173.01945,0
103.65804,22.062624,0
90.63235,2.3045647,0
-178.09554,1.2780688,0
-102.23975,105.41382,0
-31.633348,157.65823,0
-149.85048,45.590473,0
-127.10507,-87.16549,0
-1.9961072,-172.2024,0
142.04138,36.627045,0
89.14072,-61.487644,0
41.623856,36.66394,0
31.419447,32.207245,0
36.95153,67.10987,0
-9.329125,2.3886573,0
2.4387033,-15.400159,0
36.398064,-47.264214,0
113.809875,137.08705,0
98.455765,-116.15115,1
12.708414,-48.99793,0
-11.397173,38.686295,0
74.83512,155.66565,0
5.042881,-33.06399,0
-6.0003753,-56.354095,0
51.979656,-62.403854,0
122.82907,32.41206,0
71.02374,9.718224,0
-154.10793,7.5568314,0
-92.91612,76.3494,0
-41.101246,142.95338,0
-152.47064,27.84736,0
-104.98581,-81.00657,0
-10.644558,-156.07047,0
171.62312,4.878274,0
84.25016,-95.04276,0
32.266354,-0.68338895,0
32.397278,-7.499355,0
11.6963215,42.924267,0
31.715343,-4.114841,0
32.614372,2.769275,0
35.250954,-13.742225,0
65.4392,57.40195,0
105.97115,-13.200898,0
-139.81264,-55.172375,0
-109.58969,100.08529,0
-26.97773,136.72711,0
-119.63346,5.0312862,0
-140.96004,-75.00945,0
49.095303,-163.89403,0
92.0169,43.79598,0
87.23965,-38.158703,0
-155.15382,-22.911985,0
-64.91043,120.241806,0
-14.333113,157.42712,0
-115.955765,35.64844,0
-125.11193,-136.5556,0
14.80066,-151.47668,0
93.01112,26.139206,0
82.19666,2.7872941,0
-179.89893,-3.08217,0
-103.6627,114.63229,0
-30.181091,163.12093,0
-144.08138,47.31231,0
-128.473,-91.063965,0
4.5787983,-174.80603,0
114.983055,86.31229,0
126.12276,-54.474453,0
-71.089134,-42.575287,0
-56.082745,72.21413,0
19.086647,136.40846,0
-78.30709,5.3843293,0
-73.17438,-115.68702,0
21.46487,-112.15919,0
81.67071,37.84769,0
55.467148,-19.856844,0
-174.58499,-34.25998,0
-80.12069,122.26384,0
-14.609617,177.7484,0
-118.807755,56.38124,0
-135.38568,-124.84522,0
23.31835,-165.11916,0
116.7634,40.423912,0
70.42545,-23.96885,0
-159.79744,-26.415363,0
-79.416046,84.73918,0
-1.542441,173.37639,0
-115.05228,39.228695,0
-123.337654,-126.820984,0
5.6199293,-138.38063,0
172.28012,15.262044,0
87.20259,-87.420135,0
48.589188,-1.6346927,0
43.954857,-2.9388337,0
5.212979,45.396427,0
46.51809,-2.9186807,0
50.437874,-0.4291,0
45.00858,-9.158655,0
135.13931,62.864235,0
110.39686,-65.08071,0
-74.72572,-34.289436,0
-65.40773,62.206196,0
31.484432,140.82095,0
-65.483635,27.053276,0
-82.859024,-129.88818,0
38.04597,-118.29187,0
58.71463,96.93045,0
135.16469,-66.66585,0
-45.394634,-29.154724,0
-44.81859,68.25495,0
32.093067,118.83912,0
-41.374393,14.987564,0
-64.6244,-137.32076,0
20.331749,-92.37591,0
92.819534,73.60206,0
106.03842,-28.86595,0
-134.75073,0.066836916,0
-116.86918,85.687965,0
-25.723633,124.09257,0
-129.73148,5.7293057,0
-155.2179,-71.377884,0
61.383385,-158.17216,0
119.043274,110.25602,0
133.32796,-3.1470373,0
-91.13216,-51.023438,0
-81.43886,60.45863,0
36.17495,174.10268,0
-93.53788,-12.102191,0
-91.461334,-69.54862,0
64.23978,-120.065834,0
78.65986,49.705574,0
63.251675,-40.979763,0
-142.21953,-39.512527,0
-62.96128,119.04137,0
13.571318,166.98726,0
-105.47097,53.34981,0
-127.24217,-136.80998,0
29.899809,-157.93353,0
80.368,93.92496,0
151.07228,-31.762331,0
-42.64231,-64.59389,0
-22.85024,88.1532,0
5.3187814,106.63491,0
-51.246864,-3.2579346,0
-48.937065,-116.69296,0
-3.7930703,-112.096405,0
91.60761,111.350716,0
160.87817,-51.351635,0
-42.83652,-44.90469,0
-26.841248,57.656303,0
37.976067,111.34527,0
-32.299,-19.370455,0
-31.384583,-118.02192,0
27.651114,-87.15679,0
142.22527,22.252033,0
82.678276,-65.563255,0
44.07239,31.022856,0
34.425133,32.349606,0
37.65998,62.827675,0
-8.530132,2.1864567,0
3.4706323,-14.39347,0
36.688507,-43.90518,0
99.54448,44.305943,0
78.50773,-36.764294,0
-151.34273,-29.774858,0
-81.48055,100.74984,0
-24.187763,152.1343,0
-109.201546,37.71876,0
-118.06452,-132.62155,0
17.96277,-155.09972,0
124.72221,29.937613,0
166.2323,-16.344456,0
-64.92835,-57.94939,0
-42.42559,86.02354,0
10.782861,119.17925,0
-68.3448,-10.163803,0
-70.212555,-105.98855,0
-11.840386,-136.1969,0
88.363525,58.140003,0
71.87162,-31.24038,0
-136.24513,-27.70719,0
-70.19622,101.84803,0
-11.961332,142.30219,0
-97.82503,31.539255,0
-113.22576,-109.39151,0
34.1034,-149.8419,0
158.40732,43.677624,0
111.46262,-49.866173,0
57.248394,35.328266,0
9.937747,64.563576,0
11.08402,69.59896,0
-8.286165,-73.45842,0
-11.757945,-75.608376,0
32.19865,-72.829056,0
106.02523,41.92393,0
81.57329,-27.566391,0
-153.42224,-15.228524,0
-87.820854,94.50869,0
-15.548668,151.00182,0
-120.0042,25.961695,0
-110.327835,-118.83475,0
6.7362905,-153.63028,0
149.63301,14.750901,0
85.33428,-80.05713,0
51.54068,23.05403,0
46.714947,32.740086,0
35.174973,52.082176,0
5.79806,1.4199829,0
9.500143,-0.25510123,0
34.913715,-25.91495,0
134.05367,76.7666,0
114.93016,-76.73549,0
-57.600582,-26.989601,0
-55.744225,51.177727,0
40.3576,129.34573,0
-48.947906,22.502758,0
-59.90234,-86.17803,0
36.90391,-101.41025,0
156.66164,58.18146,0
96.081,-75.59519,0
-8.011216,14.211396,0
-6.437028,16.542517,0
42.607376,83.75512,0
-7.3624735,15.263568,0
-9.1983,12.912446,0
32.51262,-62.79369,0
91.94163,25.584192,0
79.81494,1.8014652,0
-176.96115,-6.0357447,0
-102.786995,116.2204,0
-32.07671,168.24597,0
-142.64859,49.22298,0
-131.56659,-94.70856,0
5.8584366,-177.49933,0
89.605286,58.13649,0
72.65211,-30.662493,0
-137.8418,-27.392956,0
-70.705086,102.1226,0
-11.525695,142.67674,0
-98.199196,31.11074,0
-112.95237,-110.99846,0
33.545547,-150.16542,0
143.0805,96.10803,0
126.47435,-103.42464,0
-14.734781,-39.78277,0
-28.787989,38.490757,0
52.921707,151.18547,0
-15.838771,-26.947266,0
-39.35393,-86.38783,0
63.51488,-96.13567,0
67.023834,62.33693,0
91.31793,1.0221109,0
-178.8792,0.47354415,0
-101.10306,105.088524,0
-32.92916,156.25017,0
-149.74559,43.022312,0
-128.43355,-87.14695,0
-2.4975674,-169.92783,0
97.015594,39.418385,0
62.77649,-11.920757,0
-169.5507,-21.699997,0
-83.16332,115.82347,0
-7.5821385,181.61154,0
-125.97385,44.583115,0
-129.40546,-113.767166,0
22.58718,-171.31361,0
77.851135,116.367455,0
149.93204,-44.038292,0
-31.800629,-69.52081,0
-12.311907,77.35016,0
12.889704,93.61295,0
-41.104794,-0.42811203,0
-37.239708,-106.45375,0
9.966476,-108.8714,0
113.4201,44.04308,0
84.67829,-39.814293,0
-149.50511,-21.958374,0
-76.603325,94.1254,0
-7.967757,158.04263,0
-110.76883,33.270172,0
-107.37075,-129.06644,0
14.674367,-147.45781,0
71.47527,63.57294,0
71.53138,-29.795876,0
-135.943,-29.949984,0
-67.19717,104.80732,0
-14.077107,140.30415,0
-98.1751,33.10257,0
-116.500084,-109.36275,0
33.94619,-151.39342,0
117.38985,40.69196,0
69.57253,-24.949198,0
-161.15872,-31.718946,0
-75.75161,113.50148,0
-4.204722,169.0452,0
-110.451035,44.161774,0
-124.37328,-126.92445,0
5.7897773,-140.76184,0
108.170074,44.140846,0
89.283485,-37.789646,0
-149.52414,-15.532561,0
-81.21708,84.24822,0
-15.372167,156.35225,0
-117.68988,34.774128,0
-98.697975,-129.80489,0
-2.5499828,-141.83281,0
123.645805,76.23098,0
96.626595,-14.746545,0
-74.65936,-43.19471,0
-47.16793,53.91805,0
19.740955,142.39453,0
-79.107376,11.1470375,0
-86.93603,-109.61485,0
26.298742,-122.98093,0
115.87062,144.82335,0
92.188705,-111.729485,1
20.153849,-48.25913,0
-7.3459,34.777157,0
78.52931,149.79916,0
9.961616,-26.602774,0
-12.005265,-57.59224,0
52.27397,-55.9313,0
129.7572,87.98661,0
136.71474,-83.18369,0
-93.604324,-36.13579,0
-47.741188,47.52785,0
26.314539,153.5164,0
-89.46591,-27.293629,0
-84.67915,-83.80287,0
55.873547,-111.088425,0
136.61746,64.416405,0
109.78266,-67.020134,0
-74.93832,-32.158295,0
-64.55178,59.78858,0
34.213898,141.69832,0
-63.2511,27.737898,0
-82.163155,-132.53125,0
38.882336,-115.68799,0
123.42349,95.90106,0
127.978195,-83.95663,0
-82.0823,-32.599064,0
-51.925274,47.39883,0
36.633904,151.16084,0
-83.917336,-21.235949,0
-77.33858,-78.22271,0
46.784897,-111.47453,0
109.27795,107.314255,0
139.51537,-40.989872,0
-78.061066,-54.832424,0
-77.17369,49.27479,0
39.483692,111.45491,0
-83.05181,-11.969652,0
-77.98402,-64.958305,0
28.378864,-87.148834,0
95.16524,64.49008,0
104.09456,8.362511,0
-186.24391,15.625311,0
-114.39734,114.78947,0
-36.38565,178.58755,0
-141.04437,23.934204,0
-143.3117,-91.37167,0
38.113293,-175.56393,0
94.7334,28.932583,0
93.30763,-3.31381,0
-166.11461,6.7235975,0
-96.258,108.30345,0
-41.418255,154.34232,0
-152.47191,40.0395,0
-116.9291,-87.65049,0
-7.6070023,-167.67976,0
86.26472,111.48636,0
164.00027,-52.719864,0
-41.130608,-48.386806,0
-20.299618,61.552933,0
24.11059,106.869736,0
-33.903908,-15.737351,0
-28.945204,-119.95827,0
7.685941,-98.29153,0
118.839355,111.15995,0
133.16447,-3.6548717,0
-91.79103,-51.632885,0
-81.45352,60.00976,0
40.18541,169.1016,0
-93.97821,-11.517169,0
-92.772964,-64.51301,0
65.30231,-121.74316,0
160.07011,44.68327,0
110.6029,-51.327824,0
60.35298,30.052332,0
9.668554,66.68688,0
9.910953,68.59,0
-6.835674,-76.21551,0
-9.439073,-76.201195,0
31.732706,-71.595406,0
99.26359,75.88233,0
109.35159,-26.032541,0
-138.77884,2.891238,0
-119.993546,88.16094,0
-29.661041,123.57276,0
-131.50491,10.7970495,0
-157.3724,-76.491264,0
63.247494,-162.63387,0
152.55061,48.627502,0
111.000114,-42.996067,0
-107.11929,-22.442263,0
50.916744,41.883324,0
2.2034438,63.29642,0
-78.146866,19.077034,0
-82.54012,-93.16699,0
41.673416,-82.45156,0
120.353134,73.56896,0
97.22877,-11.903765,0
-119.386246,-38.261486,0
-63.763035,76.935486,0
16.333721,144.71115,0
-97.20429,6.960529,0
-91.07579,-110.18127,0
24.462524,-127.69757,0
101.902466,92.647934,0
115.19317,-42.769737,0
-111.72598,-35.649723,0
-46.762066,114.81969,0
18.318352,174.22932,0
-86.72787,11.050361,0
-79.28949,-94.71331,0
49.556297,-129.28665,0
169.0156,11.228654,0
79.196,-87.3762,0
39.835926,13.91053,0
7.7751846,33.855244,0
7.9238567,34.321453,0
12.082476,16.474632,0
12.091804,14.999456,0
43.648357,-13.273276,0
151.90071,18.233418,0
77.35316,-74.63116,0
53.552696,24.149149,0
57.54188,32.51348,0
29.54228,55.64308,0
2.8139734,1.2746313,0
6.5034814,-5.538462,0
38.224014,-33.60619,0
80.40147,39.617043,0
56.55649,-25.681988,0
-166.44162,-37.403282,0
-74.45389,122.67469,0
-10.657865,174.91074,0
-113.622406,56.34173,0
-133.33821,-133.08762,0
22.24549,-163.61234,0
127.50445,55.72978,0
87.14571,-41.10811,0
-147.56503,-19.944614,0
-80.020515,75.15203,0
-3.6921256,157.74792,0
-110.547455,31.458258,0
-103.95531,-127.86904,0
10.732874,-144.45494,0
128.31999,74.97831,0
121.92541,-73.55316,0
-57.04069,-33.010387,0
-50.88845,57.302288,0
33.024055,128.67068,0
-51.520138,17.763592,0
-60.54423,-93.73123,0
29.906408,-103.093414,0
60.42609,89.757225,0
168.30867,-20.573618,0
-64.01551,-52.34849,0
-44.238155,81.6291,0
8.733302,122.81137,0
-72.33377,-7.1821847,0
-74.870834,-103.43999,0
24.54699,-118.34748,0
116.62571,67.91353,0
167.09155,-15.457364,0
-67.93203,-55.04866,0
-44.608017,86.557816,0
9.8786335,118.018555,0
-70.65134,-7.593276,0
-72.91942,-107.974556,0
-12.99196,-136.9785,0
117.1598,42.06216,0
72.22204,-18.002068,0
-161.8458,-19.02398,0
-79.38545,83.46378,0
-1.2028152,177.03261,0
-123.31931,35.7388,0
-122.63824,-117.073006,0
4.9637074,-142.84862,0
165.38098,5.167052,0
76.75616,-93.46676,0
34.086594,11.395333,0
18.077644,29.768856,0
17.510841,31.062223,0
23.151052,15.33788,0
22.503202,13.459282,0
41.782795,-19.49796,0
84.174576,78.5803,0
151.81319,-28.881912,0
-45.583115,-62.598038,0
-46.09193,78.04606,0
4.4991317,104.66731,0
-65.742676,9.554047,0
-50.920937,-117.787506,0
-6.9433136,-114.18118,0
103.82862,49.613094,0
79.25052,-23.018776,0
-138.28151,-24.175241,0
-84.41108,104.282814,0
-13.152557,143.42186,0
-119.483055,20.611877,0
-108.80714,-112.84694,0
8.819277,-159.565,0
94.05067,47.167774,0
79.770195,-40.313904,0
-144.69133,-23.405006,0
-75.51506,92.54765,0
-3.3396604,151.81754,0
-108.08532,33.108223,0
-111.065926,-133.97917,0
15.782772,-145.91742,0
101.03949,25.062151,0
98.92625,-4.448446,0
-117.19963,-47.167614,0
-71.930405,135.99196,0
14.824746,176.4281,0
-102.16548,1.583197,0
-124.53857,-79.457664,0
64.21168,-140.04854,0
126.88356,72.90043,0
132.53204,-68.16577,0
-47.68014,-26.628027,0
-47.528976,67.07808,0
33.36909,123.85617,0
-43.490734,17.128536,0
-66.213905,-135.32927,0
21.763315,-96.67797,0
97.7968,70.096115,0
107.90734,-19.333231,0
-138.87633,-4.3445697,0
-117.31659,95.24581,0
-25.199432,130.79439,0
-124.11835,5.555257,0
-149.90346,-73.70074,0
51.862705,-166.25764,0
110.49379,50.710865,0
68.7225,-19.345375,0
-144.058,-18.461342,0
-72.8417,91.43519,0
-2.2962255,148.93272,0
-115.752045,41.598473,0
-107.11625,-136.54517,0
11.012715,-141.12651,0
95.42393,90.23297,0
135.12488,-29.388464,0
-65.88627,-67.906235,0
-39.409527,98.56256,0
2.5136647,120.072685,0
-71.15175,-2.4237556,0
-70.36234,-99.27995,0
8.411365,-121.54432,0
143.13788,18.267546,0
88.53007,-65.847824,0
58.599174,21.348806,0
52.49874,36.276237,0
36.88768,56.77642,0
-2.3455658,-3.1993282,0
1.1531374,-9.285282,0
41.132614,-41.510693,0
71.252014,122.03181,0
153.9456,-81.74205,0
-23.176329,-85.66793,0
-5.967843,78.33514,0
13.256988,114.42508,0
-18.789042,-6.3804927,0
-22.797222,-89.72326,0
19.469437,-70.12411,0
141.18352,96.12622,0
125.58501,-100.68396,0
-16.31144,-41.170223,0
-32.30482,40.98249,0
49.980934,150.49187,0
-17.734835,-25.831795,0
-42.141624,-84.64655,0
59.775166,-96.41927,0
128.89473,99.00501,0
134.50912,-82.33199,0
-89.92089,-35.38718,0
-45.989285,46.009834,0
30.682293,157.47536,0
-86.97434,-26.628345,0
-82.347855,-83.328766,0
53.953407,-109.94969,0
85.850685,36.576183,0
57.489147,-16.126411,0
-175.23213,-29.62292,0
-82.878204,125.139755,0
-17.96037,176.44519,0
-122.09007,54.43873,0
-134.41019,-122.15771,0
16.011343,-171.66933,0
83.09992,64.913124,0
97.78437,-48.78833,0
-118.711044,-20.341494,0
-55.37726,103.852455,0
-6.2518535,124.7249,0
-81.613495,34.04741,0
-92.18654,-98.37954,0
37.195812,-134.61064,0
67.10268,55.906094,0
107.87137,-13.719214,0
-136.38835,-55.155506,0
-106.72249,97.0857,0
-23.485235,134.89767,0
-119.41636,1.1768153,0
-141.15552,-71.79667,0
48.2509,-160.34349,0
171.85837,5.2562804,0
84.62727,-94.98461,0
32.79332,-0.066552795,0
32.44579,-6.8418612,0
11.244994,43.33497,0
31.983427,-4.327032,0
32.921688,2.3536994,0
34.853054,-13.633368,0
141.69089,70.50285,0
110.675285,-77.84436,0
-55.702557,-22.914076,0
-64.130974,49.87945,0
41.063637,132.38606,0
-50.03778,26.323498,0
-60.35624,-83.64467,0
39.0121,-99.54396,0
114.42314,32.392372,0
89.88315,-5.8308983,0
-160.89034,0.685701,0
-91.038956,83.586334,0
-35.244358,148.9877,0
-147.19225,35.6385,0
-111.1251,-90.162,0
-3.135096,-160.21892,0
172.1513,4.8910017,0
84.69329,-95.35587,0
32.951237,-0.5012344,0
32.88902,-6.645251,0
11.124664,43.06655,0
32.274876,-4.1869965,0
33.2842,2.6302688,0
34.801483,-13.72961,0
139.43256,20.140656,0
89.86004,-67.219666,0
50.55425,23.79187,0
42.962555,33.83903,0
40.405163,59.812695,0
-6.843642,-5.1277485,0
-0.42210916,-12.059885,0
40.494793,-45.291183,0
140.64223,91.52229,0
122.92176,-94.84408,0
-22.8526,-43.22746,0
-37.557434,45.051346,0
44.797455,147.63893,0
-23.653242,-27.523325,0
-49.13323,-86.532814,0
54.19638,-98.24433,0
97.75647,63.935104,0
106.808205,4.609032,0
-181.94038,12.449094,0
-115.366714,107.1341,0
-42.906796,175.9952,0
-136.98544,25.652493,0
-147.3315,-89.141754,0
42.60653,-177.7437,0
80.92078,87.80211,0
150.88634,-24.657715,0
-49.792545,-65.87047,0
-26.154764,90.34001,0
-0.39932343,106.6401,0
-57.27118,1.5707766,0
-54.39743,-114.210396,0
-5.228734,-118.75311,0
124.29981,111.49481,0
132.61047,1.0017658,0
-90.45685,-45.98084,0
-84.13353,64.984085,0
33.78886,171.75305,0
-93.36553,-8.450295,0
-94.16312,-72.27468,0
64.14269,-115.65309,0
139.49208,77.1838,0
114.22191,-81.673134,0
-60.50836,-23.768192,0
-57.34731,47.820904,0
44.092907,126.88585,0
-53.342613,27.439808,0
-64.87165,-84.115616,0
40.32985,-103.41976,0
135.72195,62.1309,0
109.29971,-65.50327,0
-75.47078,-33.04091,0
-65.06871,61.830715,0
33.20149,142.40045,0
-65.46728,27.794409,0
-84.048096,-132.06464,0
39.079075,-117.04895,0
123.52554,71.075226,0
99.41641,-14.611367,0
-122.029625,-41.51292,0
-64.190506,74.53456,0
18.359453,147.0853,0
-101.13362,10.071435,0
-103.80557,-98.03709,0
27.22257,-125.98679,0
102.00896,30.407606,0
83.71346,-3.7249615,0
-169.63803,-4.646591,0
-60.047802,100.078995,0
-39.771793,165.8379,0
-145.0667,55.922512,0
-117.510155,-98.03087,0
44.633816,-144.99382,0
158.78552,10.991779,0
73.665115,-83.36619,0
47.046417,13.449032,0
23.05865,41.35425,0
23.14423,41.20059,0
18.285948,2.4378095,0
17.699987,3.6742175,0
41.468967,-24.806648,0
63.057354,104.044334,0
142.68478,-63.878815,0
-37.5981,-34.250458,0
-36.10097,63.12428,0
32.071404,94.42795,0
-35.162983,10.807258,0
-54.053043,-139.91716,0
6.149141,-84.19123,0
134.92445,72.90465,0
115.472404,-74.75307,0
-62.92156,-27.98892,0
-57.024773,52.056423,0
39.2515,126.49485,0
-47.640522,21.521551,0
-66.490486,-90.46597,0
35.648468,-98.51905,0
96.36462,48.840122,0
73.847984,-37.106396,0
-138.84238,-33.13895,0
-76.62796,104.44647,0
-7.0345664,143.328,0
-103.24468,29.012789,0
-115.4617,-130.57239,0
26.73624,-143.56076,0
70.45969,57.87206,0
109.097336,-15.326942,0
-134.72014,-54.410294,0
-105.73002,96.41617,0
-21.476433,133.12953,0
-117.32525,-0.2895134,0
-138.2748,-69.556564,0
41.28427,-152.46992,0
102.71552,84.0408,0
119.214134,-32.31374,0
-107.064,-41.398945,0
-54.28544,122.413055,0
20.29346,163.11356,0
-89.789734,4.6709085,0
-106.71268,-65.76239,0
53.768673,-136.60149,0
87.71263,102.76652,0
148.48965,-50.268276,0
-31.958057,-47.481167,0
-28.557823,70.77443,0
18.415358,90.114365,0
-41.602318,-10.685617,0
-35.462093,-133.23615,0
-5.1767673,-93.02261,0
131.8547,50.133907,0
118.89986,-46.71423,0
-108.093605,-27.08657,0
-55.487114,80.43228,0
7.2294703,135.87955,0
-87.64721,22.239307,0
-84.98989,-104.4967,0
27.623087,-118.90854,0
115.26502,20.534628,0
80.32648,15.423715,0
-164.45473,13.84507,0
-104.23793,81.91294,0
-47.65612,153.32161,0
-160.9699,36.917343,0
-117.68292,-78.416245,0
-13.690398,-168.16872,0
76.02085,39.235455,0
58.759018,-25.549566,0
-169.91196,-37.636017,0
-75.89123,120.53438,0
-9.462635,176.3917,0
-111.443436,52.182343,0
-129.59207,-132.55594,0
20.340717,-163.6125,0
62.99875,59.066566,0
105.444885,-13.549624,0
-140.97955,-54.866787,0
-109.75098,100.89085,0
-28.16825,136.62184,0
-121.05364,5.2244315,0
-141.13306,-75.54337,0
50.34171,-164.40591,0
61.75913,110.12279,0
142.15775,-48.50419,0
-48.36131,-36.78939,0
-71.673225,54.82938,0
38.311703,102.37533,0
-77.33233,-14.3237915,0
-75.94065,-68.012,0
11.671655,-88.27278,0
111.962204,108.7386,0
141.61133,-39.85353,0
-80.2857,-53.069725,0
-77.13974,52.397503,0
40.07689,108.3295,0
-81.01881,-9.615568,0
-79.98632,-66.1488,0
30.199558,-88.17845,0
120.19565,28.801508,0
72.86281,12.24601,0
-156.67908,10.77488,0
-97.74185,78.2682,0
-44.05782,145.25356,0
-155.8854,29.706797,0
-109.0366,-80.23917,0
-13.78646,-160.16376,0
101.47274,98.54045,0
131.1598,-75.90863,0
-55.293434,-38.056667,0
-44.723133,54.63455,0
30.20971,150.59886,0
-81.072586,-27.091183,0
-74.948296,-85.22135,0
50.35329,-106.320305,0
97.40887,24.130417,0
84.273674,2.9789062,0
-175.055,-3.685759,0
-104.1675,113.26199,0
-32.204937,171.81335,0
-146.2426,49.729866,0
-127.4319,-94.29279,0
2.4997635,-177.40425,0
120.351585,39.267097,0
87.818184,-11.563243,0
-155.82121,-3.0946946,0
-86.07619,78.28935,0
-29.205116,151.14462,0
-141.64072,32.977093,0
-105.03059,-90.671684,0
-2.6540754,-153.58073,0
118.253876,140.18095,0
96.807976,-111.88792,1
15.817073,-45.96762,0
-11.691877,36.998566,0
75.18932,150.98425,0
9.194417,-30.544348,0
-10.294995,-55.15033,0
50.17002,-58.506363,0
142.26538,75.109825,0
111.16751,-81.94274,0
-58.577873,-21.753515,0
-59.936783,46.84073,0
45.296436,130.12982,0
-50.4935,29.081362,0
-63.693752,-81.38014,0
42.031662,-100.46046,0
108.27285,103.07696,0
143.02022,-42.91779,0
-79.59706,-49.355362,0
-74.41739,50.148174,0
40.83619,105.14,0
-81.58699,-13.312282,0
-81.720474,-61.765068,0
29.507282,-91.33102,0
107.98375,68.83115,0
100.271706,-19.811638,0
-126.54097,-40.73348,0
-68.02948,74.81754,0
10.927339,146.25734,0
-102.210945,11.290148,0
-96.23021,-108.60933,0
47.55787,-146.10588,0
113.15812,53.915047,0
87.91689,-31.81081,0
-146.24857,-23.455364,0
-80.46631,98.42531,0
-6.7516274,151.96318,0
-108.40373,27.010132,0
-103.82346,-124.01259,0
17.980505,-140.15833,0
138.49678,64.275276,0
109.50751,-66.61817,0
-74.68893,-32.334232,0
-64.25771,61.28544,0
33.16442,141.09468,0
-63.236248,27.980492,0
-82.75636,-131.84729,0
38.043335,-115.727455,0
67.01952,60.339848,0
106.50733,-12.243407,0
-138.68039,-55.440952,0
-108.512505,98.539764,0
-25.264992,135.25047,0
-120.174675,3.6773517,0
-141.15729,-74.36101,0
49.479733,-161.95206,0
127.61162,76.26835,0
122.17589,-74.176544,0
-56.6373,-32.99103,0
-50.331528,56.34865,0
33.153797,128.26595,0
-50.713894,17.778267,0
-60.29328,-93.03702,0
29.115934,-101.78171,0
106.1601,56.145603,0
84.55776,-19.037025,0
-138.10715,-18.913969,0
-87.48225,105.58962,0
3.2097907,160.56555,0
-103.998375,24.335566,0
-103.849,-111.24125,0
26.801775,-139.41145,0
116.75483,60.5252,0
122.74867,-42.74121,0
-74.66911,-46.45974,0
-57.747078,76.60368,0
11.9823885,136.3639,0
-93.419426,13.856889,0
-89.6526,-119.537796,0
26.206179,-136.07391,0
141.49536,37.540928,0
89.42087,-61.586224,0
41.393353,36.648495,0
31.174109,32.047962,0
36.862747,67.1092,0
-9.373351,2.7460427,0
2.1343367,-15.593855,0
36.08245,-47.244442,0
124.17124,82.05666,0
132.26602,-59.460445,0
-57.695942,-39.816223,0
-44.28064,60.281395,0
25.290974,124.128265,0
-28.858225,-4.4081235,0
-32.29386,-102.34397,0
18.611029,-86.208565,0
142.51111,18.33116,0
88.5213,-65.109085,0
57.16061,21.6832,0
49.98272,35.83682,0
37.716003,57.141624,0
-2.626327,-4.149756,0
0.4169924,-9.292483,0
40.326397,-42.05616,0
75.54811,99.838455,0
161.70877,-42.858044,0
-30.296959,-54.692142,0
-25.965488,74.44282,0
16.500301,97.5394,0
-38.548954,-5.554124,0
-40.63206,-131.27245,0
-3.2475903,-98.589645,0
93.20118,53.844173,0
74.72542,-8.88333,0
-174.60175,-16.13335,0
-90.763756,112.70725,0
-3.581348,161.36513,0
-133.82599,41.478626,0
-132.76044,-106.87047,0
24.983412,-179.47183,0
86.77398,100.25439,0
156.95062,-34.33253,0
-40.79595,-58.708374,0
-16.087042,84.02306,0
10.306235,109.2243,0
-50.459972,-11.939616,0
-42.36886,-120.145164,0
5.437342,-111.247314,0
106.53687,26.649122,0
87.16384,-3.3543317,0
-166.74826,-1.4515009,0
-97.87664,109.5346,0
-36.81393,158.68889,0
-146.89583,42.181683,0
-116.72747,-91.788864,0
2.6626983,-169.01836,0
121.41225,110.52618,0
134.0243,-0.8610318,0
-88.72909,-48.84238,0
-81.91051,63.31598,0
32.15499,174.88809,0
-91.17107,-10.135348,0
-91.510735,-70.67237,0
61.237396,-117.46095,0
109.77484,109.84948,0
140.24837,-38.758152,0
-80.38003,-55.051323,0
-78.934235,52.744755,0
41.73059,109.05627,0
-83.658295,-8.609543,0
-79.91745,-67.66761,0
30.585049,-86.49586,0
114.16649,54.311142,0
91.604515,-31.451437,0
-136.55774,-20.29144,0
-73.28639,85.56084,0
1.5719334,152.56036,0
-106.54262,23.980818,0
-100.803246,-113.53255,0
17.716131,-138.75423,0
102.673386,26.063158,0
84.7412,-1.9288754,0
-170.78038,-4.2086306,0
-108.67763,117.76,0
-37.19585,167.42186,0
-147.28603,54.998856,0
-122.34361,-95.07312,0
0.81124777,-180.59273,0
114.93033,34.63728,0
87.7754,-8.33324,0
-157.94781,-0.6331437,0
-89.5263,82.29708,0
-33.201527,147.23355,0
-144.97375,33.998737,0
-109.0766,-91.55678,0
-1.0879014,-159.52184,0
115.95542,100.78577,0
135.86609,-8.414166,0
-86.79081,-44.5317,0
-86.62829,55.45659,0
34.806946,165.95859,0
-89.46554,-16.8791,0
-90.58133,-66.27318,0
58.80172,-122.22437,0
144.45557,47.259804,0
101.648705,-44.726223,0
-112.84352,-23.039803,0
41.282166,40.671154,0
2.7138572,55.80356,0
-84.914665,19.525003,0
-88.868645,-96.25698,0
46.73664,-87.572876,0
98.006485,37.838024,0
61.96433,-12.045751,0
-168.98059,-22.845776,0
-81.07954,117.21897,0
-10.062997,178.99211,0
-125.645805,46.92908,0
-127.66105,-114.416405,0
22.700495,-170.24753,0
110.41625,73.47743,0
129.98477,-43.89964,0
-62.210144,-47.24874,0
-46.434204,74.1527,0
16.078014,126.587524,0
-69.1638,11.183855,0
-80.36144,-117.20642,0
14.670849,-118.94068,0
120.44705,72.41136,0
96.1712,-12.378692,0
-120.7389,-37.210217,0
-52.24466,55.984974,0
17.34682,143.57884,0
-97.80187,9.460917,0
-89.800156,-110.34391,0
24.91641,-123.744835,0
67.18277,114.1672,0
150.55222,-73.99466,0
-23.43794,-76.31702,0
-7.0924253,69.88034,0
16.147778,85.740005,0
-24.034777,-0.84716266,0
-26.524279,-99.12612,0
17.003014,-78.143745,0
98.28034,39.658764,0
63.28464,-10.517374,0
-169.32803,-20.973505,0
-83.70202,116.02154,0
-7.7386713,180.38818,0
-125.52173,45.243664,0
-129.37535,-114.383675,0
23.06798,-172.82095,0
124.41039,80.6843,0
130.2458,-61.665375,0
-58.206013,-36.91902,0
-48.13977,59.094154,0
28.545334,126.510704,0
-28.477499,-2.070521,0
-35.430466,-100.517334,0
26.452839,-100.65322,0
71.051025,79.58918,0
149.96365,-18.109592,0
-52.082443,-60.293987,0
-33.3395,88.92026,0
-8.024111,103.27278,0
-61.742462,3.5894961,0
-58.77851,-119.535194,0
-3.3096678,-127.74717,0
98.593376,70.210655,0
108.24648,-19.106485,0
-138.13454,-4.9338527,0
-116.58385,96.949425,0
-21.700281,130.18681,0
-124.956,4.5059843,0
-149.68695,-72.055565,0
51.46332,-166.96333,0
91.33565,30.109463,0
73.94128,-3.7694142,0
-177.18515,-13.710132,0
-97.29096,122.20876,0
-26.855368,173.76422,0
-134.56639,50.9844,0
-134.34361,-103.013695,0
11.761878,-176.08882,0
146.3748,32.347103,0
83.5636,-71.950005,0
23.246592,-32.408394,0
25.720018,-31.70451,0
27.654442,70.13868,0
24.52319,-32.413063,0
21.73787,-32.678192,0
29.65635,-39.060337,0
81.96138,80.56738,0
148.53256,-24.645685,0
-48.301224,-61.54222,0
-28.76151,86.56294,0
-6.0762987,107.018036,0
-63.65217,8.148147,0
-62.306236,-114.64468,0
-6.7375383,-125.10977,0
123.54431,29.9891,0
70.80647,11.894547,0
-154.86665,9.747569,0
-96.15177,77.09575,0
-42.876213,144.14635,0
-153.37158,28.568518,0
-106.669655,-80.78894,0
-13.133255,-156.67099,0
94.97244,111.315956,0
158.5572,-56.50602,0
-47.114765,-44.30399,0
-22.62289,57.356983,0
26.351519,112.8327,0
-37.144444,-21.03937,0
-26.505198,-114.55285,0
13.919771,-100.6186,0
72.28232,82.95293,0
148.74362,-19.886415,0
-54.704212,-65.12083,0
-31.647873,92.10737,0
-7.4765563,110.671745,0
-58.93827,4.7940955,0
-62.06768,-109.86717,0
-2.3938518,-124.41873,0
119.98639,38.221066,0
86.674286,-11.509717,0
-154.96312,-1.7986487,0
-87.128746,78.2558,0
-33.55642,143.27748,0
-144.44897,31.285347,0
-104.29486,-88.723045,0
-4.973028,-153.61511,0
61.098408,104.739265,0
142.09293,-61.73434,0
-39.114372,-33.908924,0
-35.41427,60.965153,0
32.01487,93.67876,0
-36.006973,9.464739,0
-56.23292,-140.06966,0
8.373087,-85.300064,0
95.53791,38.763428,0
65.430786,-10.630893,0
-166.17403,-20.07692,0
-81.6432,113.90891,0
-13.186274,185.4958,0
-129.03215,47.020092,0
-128.50142,-111.348114,0
26.339115,-171.2468,0
82.22874,58.933334,0
65.18338,-13.458842,0
-164.80168,-22.628864,0
-80.58404,111.524124,0
-12.497424,183.77153,0
-130.10829,45.957222,0
-130.32648,-111.775,0
26.441582,-168.52994,0
79.060776,51.546127,0
64.50088,-41.17121,0
-141.36766,-39.018616,0
-53.755566,116.59783,0
15.637498,166.42563,0
-103.93733,52.62602,0
-106.04294,-103.40385,0
30.629921,-157.31647,0
78.52936,36.52972,0
64.15498,-22.885166,0
-166.19418,-31.182426,0
-77.4081,126.81336,0
-11.507511,167.91313,0
-116.23943,47.109703,0
-129.76842,-125.16999,0
14.020233,-164.09174,0
112.73873,132.13992,0
103.97941,-120.67926,1
6.089834,-50.24152,0
-14.128158,45.29195,0
69.520615,158.08432,0
1.4799005,-38.730293,0
-0.44675642,-53.813183,0
54.17843,-67.12234,0
94.84802,37.7097,0
65.1516,-13.33306,0
-164.69922,-22.13274,0
-80.48799,111.64211,0
-11.233222,184.3757,0
-130.09259,45.597923,0
-129.88849,-111.49912,0
26.665789,-169.00143,0
95.5169,36.90024,0
63.250996,-9.875802,0
-169.05963,-20.538015,0
-84.66655,116.347275,0
-7.925487,180.93597,0
-125.02469,45.434643,0
-130.38763,-114.89646,0
24.017027,-173.34396,0
56.84284,98.18081,0
134.25598,-64.62192,0
-47.015984,-31.074682,0
-53.89838,85.668144,0
29.213728,119.67581,0
-43.426395,13.011125,0
-85.78948,-139.9737,0
20.664352,-98.27877,0
125.337456,74.68217,0
133.74065,-67.19824,0
-46.76261,-28.411348,0
-46.313953,67.20524,0
32.74922,119.887726,0
-43.263233,15.208592,0
-67.35351,-137.21806,0
21.760427,-93.43686,0
96.28017,33.996265,0
74.22591,-2.2997282,0
-180.37064,-11.918892,0
-96.53631,118.39908,0
-25.549206,169.25273,0
-137.74028,48.69691,0
-135.09094,-97.95233,0
11.063507,-178.54913,0
147.1737,21.11724,0
81.07769,-73.81436,0
48.853092,26.641817,0
37.173298,31.719442,0
35.06988,60.21699,0
-4.9303527,-1.47886,0
6.574822,-7.4414625,0
35.618813,-36.21093,0
149.78532,48.943043,0
133.10341,-57.92063,0
-56.347046,-40.931576,0
48.988056,43.302944,0
1.6431397,60.76196,0
-55.569656,-14.146841,0
-31.439999,-98.92026,0
40.16552,-85.83368,0
114.18733,66.8651,0
81.08916,-9.350658,0
-170.8707,-8.7630825,0
-107.65364,115.805176,0
8.670977,163.74077,0
-137.12656,37.914562,0
-124.16154,-96.73337,0
0.46915877,-183.48735,0
153.76358,14.764802,0
72.14535,-76.46824,0
56.740597,11.90685,0
29.088123,48.004677,0
28.257862,48.141052,0
7.4375043,9.0930195,0
9.374827,4.583689,0
42.10426,-30.575092,0
92.09419,61.339207,0
68.41003,2.6054034,0
-185.16367,-14.920342,0
-63.02826,108.811165,0
-13.787553,131.16956,0
-135.9204,61.619553,0
-138.801,-103.41191,0
31.066557,-152.1152,0
135.54784,71.313545,0
113.69282,-75.802086,0
-60.927376,-27.760439,0
-57.812912,54.939297,0
39.263313,132.53468,0
-54.645992,23.86676,0
-61.2409,-85.8995,0
36.94694,-102.439804,0
68.53778,76.227745,0
151.40216,-16.125484,0
-54.200523,-60.27034,0
-33.574837,87.02618,0
-10.157884,103.54037,0
-65.120384,2.9650173,0
-61.55536,-119.2574,0
-2.3015027,-130.38472,0
79.94655,99.135155,0
161.40987,-45.288475,0
-28.444635,-54.15288,0
-24.645014,71.35175,0
17.831398,98.948204,0
-37.704563,-7.8181176,0
-38.943066,-132.67812,0
-4.727738,-102.59152,0
78.72273,109.11288,0
168.02507,-47.6108,0
-34.970787,-47.697487,0
-23.853626,67.08349,0
23.954865,100.47463,0
-32.10013,-7.9926915,0
-45.272076,-135.31369,0
2.7917845,-94.062096,0
104.18531,36.974228,0
56.18354,-28.023928,0
-164.18486,-34.507404,0
-71.300934,120.986595,0
-7.2595544,174.27444,0
-111.446625,55.479904,0
-135.39645,-127.26559,0
21.783503,-160.1907,0
85.25833,93.57241,0
157.39813,-44.859768,0
-30.047174,-59.12262,0
-22.39978,73.09716,0
13.17867,98.43133,0
-42.86963,-5.0975924,0
-38.536083,-127.58206,0
-1.8375393,-102.18918,0
80.476524,34.88017,0
62.876415,-22.85731,0
-165.4236,-31.395187,0
-75.37048,127.923546,0
-9.755173,168.31326,0
-115.91481,47.886124,0
-130.03346,-124.11577,0
14.403611,-162.4799,0
120.39574,58.621006,0
89.74878,-22.55219,0
-141.62152,-15.194338,0
-74.12255,82.44368,0
4.3559504,155.10622,0
-107.242966,22.196373,0
-97.72833,-120.6211,0
17.946041,-134.35707,0
105.276184,136.20816,0
100.286896,-125.55547,1
9.425634,-59.759235,0
-8.203122,47.243626,0
72.381645,163.30736,0
-4.0951624,-31.881489,0
3.0257442,-62.388935,0
59.348274,-65.31111,0
66.49634,85.68438,0
161.57092,-16.92799,0
-62.88786,-62.4889,0
-40.506317,89.14125,0
8.848206,119.440895,0
-68.932846,-7.570588,0
-70.409805,-104.198814,0
-11.249412,-132.81807,0
128.13713,75.991066,0
121.96296,-74.26225,0
-56.245052,-32.58018,0
-50.263706,56.8479,0
33.521065,127.37598,0
-50.48266,17.493404,0
-59.88102,-93.46308,0
29.719637,-101.661285,0
71.69209,50.502563,0
80.05658,-19.838596,0
-135.45811,-48.544228,0
-89.066,105.434944,0
0.34400594,159.45189,0
-121.39371,17.840527,0
-121.07513,-104.503815,0
34.216114,-167.4494,0
116.54717,79.23947,0
127.069885,-49.651352,0
-67.56322,-45.031784,0
-50.768852,75.76044,0
18.01423,130.26517,0
-73.61085,10.767498,0
-81.9515,-112.68854,0
20.52797,-115.835686,0
105.39459,107.973015,0
142.56897,-36.934322,0
-84.03287,-52.716,0
-77.52665,55.412205,0
38.489536,109.13315,0
-86.81292,-9.649007,0
-83.31016,-68.426956,0
33.422276,-88.463715,0
118.231834,133.90826,0
101.00719,-113.553535,1
12.119509,-47.03632,0
-13.338562,37.842026,0
75.68268,153.80939,0
6.8871074,-35.661457,0
-6.013974,-52.196964,0
53.09032,-60.922554,0
142.34062,98.391556,0
128.03076,-102.98868,0
-13.267357,-39.669765,0
-29.75608,38.931423,0
52.852543,152.9468,0
-14.68028,-25.675995,0
-38.166447,-85.32791,0
62.975647,-97.180405,0
91.32168,70.146805,0
102.41715,-28.357752,0
-136.07521,-43.13835,0
-114.260994,95.19254,0
-17.579824,137.4261,0
-126.65575,5.3528686,0
-149.25278,-77.789406,0
59.482708,-157.75139,0
113.78087,72.226265,0
131.50851,-33.78728,0
-66.588295,-52.58862,0
-46.875687,82.02055,0
9.289883,124.2217,0
-73.61903,-5.9512177,0
-76.275154,-104.63917,0
25.474796,-120.17998,0
98.30347,41.960022,0
75.048004,-22.411823,0
-158.65982,-34.795002,0
-79.85742,108.77117,0
-2.2336516,160.51181,0
-125.132645,42.621468,0
-123.09929,-110.41312,0
27.774427,-162.11194,0
104.804985,60.94765,0
79.82435,-7.813421,0
-169.69096,-9.440131,0
-99.71023,115.65745,0
-29.666983,169.69365,0
-139.91797,50.365555,0
-131.22449,-98.13935,0
9.855502,-174.70892,0
125.273384,91.99173,0
128.00053,-80.96959,0
-84.91239,-32.514866,0
-43.155666,50.416634,0
35.570614,153.78769,0
-81.0858,-22.284142,0
-75.569664,-81.21284,0
49.120205,-111.90573,0
85.93922,41.095413,0
58.509247,-21.324469,0
-170.24315,-34.490055,0
-78.38091,119.78803,0
-9.957212,177.2489,0
-118.25309,53.045925,0
-128.39864,-128.7013,0
20.62464,-166.54634,0
92.479904,50.068863,0
81.966606,-39.89989,0
-150.00023,-25.345459,0
-77.39795,95.89316,0
-10.774939,159.15533,0
-108.829735,35.973442,0
-110.0818,-131.53294,0
16.444092,-150.61032,0
110.96028,132.00737,0
104.117096,-122.857796,1
6.6662173,-53.089695,0
-12.954882,47.386868,0
69.26349,160.16147,0
-0.46464407,-37.873024,0
1.2153943,-56.326935,0
56.612522,-68.309715,0
95.50279,28.46322,0
74.89566,-1.3760377,0
-178.9651,-10.7214155,0
-98.32171,121.05077,0
-28.776049,172.52548,0
-137.39114,53.132214,0
-135.7982,-98.85369,0
10.706447,-180.19548,0
87.17133,50.97325,0
79.841484,-46.598553,0
-130.94221,-17.883642,0
-66.62997,91.04454,0
2.5172596,140.96878,0
-95.75425,21.886822,0
-108.6252,-138.65274,0
23.457624,-143.89714,0
94.5321,87.15168,0
136.57858,-27.965,0
-66.50578,-69.80665,0
-38.913937,99.84448,0
0.21318354,117.18902,0
-71.67776,-0.27535388,0
-73.8257,-97.70415,0
7.5064087,-119.09246,0
96.088486,35.589336,0
72.04947,-3.1464427,0
-180.17178,-14.4738245,0
-88.9414,120.73558,0
-22.959753,169.47955,0
-136.44803,49.687035,0
-139.83412,-114.82372,0
14.198113,-178.87729,0
140.04575,20.992182,0
88.254776,-67.06826,0
51.087,24.450413,0
41.985447,33.595474,0
39.848022,60.921715,0
-7.1453586,-4.568621,0
0.83712864,-12.199888,0
39.402218,-45.292576,0
122.72828,29.656408,0
70.89606,10.899255,0
-154.03845,9.071865,0
-94.72913,75.99513,0
-42.658234,142.79442,0
-154.235,27.346354,0
-105.883385,-80.05982,0
-12.129286,-157.35223,0
119.04786,134.86427,0
99.63318,-112.29163,1
13.262581,-45.71725,0
-13.493967,37.047707,0
73.23716,151.42622,0
8.733139,-33.9868,0
-8.641452,-52.471336,0
47.407345,-61.466896,0
88.36745,43.8875,0
68.49962,-24.698822,0
-160.41675,-32.168514,0
-75.807686,116.5614,0
-3.8391683,173.28648,0
-109.98821,45.439598,0
-122.92683,-127.804016,0
20.318117,-160.16643,0
89.1355,52.84006,0
76.22662,-31.18407,0
-141.93175,-28.444967,0
-73.60308,99.12553,0
-5.892798,147.7541,0
-103.6871,32.851833,0
-113.86326,-115.10591,0
12.259737,-157.02376,0
100.25793,69.43284,0
108.78548,2.028949,0
-179.18028,10.4051695,0
-116.50677,103.22237,0
-42.98827,179.57439,0
-133.29713,26.291304,0
-150.295,-87.326294,0
47.7913,-180.19987,0
102.86651,46.73163,0
75.11052,-29.508606,0
-139.04634,-26.80092,0
-71.566696,101.57882,0
-11.534907,143.18121,0
-116.1987,22.142118,0
-112.01407,-112.86173,0
11.043074,-157.83897,0
87.107475,38.778046,0
62.993,-18.712439,0
-169.47394,-28.471468,0
-83.31113,126.465065,0
-10.474504,165.0617,0
-120.529175,50.531414,0
-131.67622,-122.04992,0
12.861729,-167.049,0
117.55812,24.130981,0
76.65932,14.081989,0
-160.5719,12.159071,0
-100.89693,81.04037,0
-46.07662,149.29922,0
-158.27454,32.99366,0
-112.45034,-79.24642,0
-13.196871,-163.60214,0
67.42199,115.87842,0
153.41672,-73.769104,0
-27.18401,-77.05154,0
-9.1282015,72.72449,0
11.228408,86.22124,0
-22.149893,1.2755886,0
-27.081287,-96.933266,0
18.925568,-77.189224,0
68.92661,117.98011,0
153.63058,-76.523766,0
-26.40774,-79.65082,0
-7.470411,73.62544,0
12.43006,84.4666,0
-19.693962,-0.21824029,0
-23.92795,-96.652054,0
18.682215,-74.530624,0
93.06382,31.903791,0
72.54481,-4.2908096,0
-178.12784,-16.06007,0
-94.71563,118.97495,0
-21.164282,173.03906,0
-135.75084,49.10155,0
-135.62009,-111.12468,0
15.527198,-177.95564,0
113.02497,77.397514,0
130.94875,-47.552387,0
-59.362957,-45.763123,0
-42.718388,75.15193,0
19.396675,124.98121,0
-70.90336,12.754262,0
-80.09517,-116.14823,0
17.025455,-115.34395,0
143.22414,72.02369,0
110.319595,-78.75479,0
-55.8129,-22.078667,0
-63.335194,49.04204,0
43.34467,133.18513,0
-49.50555,26.615534,0
-60.653244,-82.38689,0
39.73473,-99.63084,0
121.118126,28.008364,0
72.6638,13.213689,0
-156.91896,11.998624,0
-98.62887,77.4643,0
-45.151505,145.22035,0
-156.29407,29.307856,0
-108.72435,-79.17114,0
-13.222439,-159.31377,0
64.11233,66.21856,0
115.24913,-12.775187,0
-138.69926,-47.958385,0
-52.547604,87.5654,0
-20.599035,140.23323,0
-112.56736,5.89987,0
-131.60426,-74.34174,0
43.336575,-157.9189,0
94.50907,113.39322,0
159.49669,-57.47507,0
-46.1411,-43.30168,0
-23.301533,56.76752,0
27.978468,113.29761,0
-36.438778,-21.809233,0
-24.87694,-114.803986,0
14.728753,-98.86938,0
66.41596,47.52983,0
114.22006,-7.170399,0
-143.26097,-48.904903,0
-98.748795,97.5382,0
-24.44321,143.22374,0
-116.74245,9.644264,0
-134.89554,-80.16511,0
40.74974,-161.02478,0
112.16343,135.75002,0
101.6182,-112.96287,1
11.264281,-46.02691,0
-14.651576,38.336666,0
72.387924,153.31667,0
7.5754986,-36.103317,0
-6.3414264,-51.71675,0
47.8989,-60.306282,0
93.44422,55.606365,0
74.866585,-9.969567,0
-131.53125,-26.582338,0
-89.42509,112.31419,0
-4.1171966,137.46117,0
-98.19582,35.635868,0
-108.90103,-105.51355,0
27.65642,-178.50311,0
81.97078,99.47458,0
156.15285,-34.97322,0
-40.107162,-59.45189,0
-17.118631,83.79322,0
9.833933,108.811844,0
-50.665203,-8.578694,0
-43.542046,-119.60757,0
4.1642632,-110.495514,0
112.72826,36.717796,0
164.54817,-22.47863,0
-58.74369,-57.35019,0
-37.934135,84.28563,0
1.0979412,92.390495,0
-62.070095,-11.983275,0
-63.92945,-100.11414,0
-7.737727,-140.6339,0
68.16778,46.78694,0
115.14029,-7.3486695,0
-142.3905,-48.320286,0
-97.098816,97.91726,0
-23.530104,144.95738,0
-116.70731,10.8592,0
-134.6014,-79.52842,0
38.46131,-159.30151,0
83.76918,87.63533,0
147.04506,-26.796486,0
-47.671207,-67.646835,0
-25.844242,92.95782,0
0.3491361,109.465416,0
-55.132183,3.084903,0
-52.360867,-111.19393,0
-1.4384826,-117.31749,0
116.347275,58.125813,0
75.738266,-31.068052,0
-141.08002,-27.628357,0
-71.79155,99.704575,0
-10.300773,145.04591,0
-101.88539,32.303673,0
-112.72958,-114.4489,0
18.793304,-145.50395,0
139.56061,19.111647,0
90.85446,-68.11681,0
50.05964,21.399181,0
44.61895,33.46623,0
39.998978,59.168594,0
-5.3318167,-4.1670756,0
-0.57921255,-11.0750475,0
41.540627,-44.834297,0
81.41209,72.13913,0
105.192665,-43.85063,0
-115.21333,-28.119785,0
-48.611004,106.660774,0
-2.7791312,130.55893,0
-81.652664,28.268436,0
-88.97223,-92.78346,0
41.810734,-130.48616,0
81.16041,40.78718,0
58.130238,-22.401274,0
-169.05725,-35.212486,0
-78.450096,122.44993,0
-12.935909,172.5839,0
-116.502785,53.1158,0
-132.43079,-125.6426,0
17.992903,-165.66216,0
112.27698,140.99316,0
91.65626,-110.78346,1
20.698805,-47.204853,0
-8.761439,32.14997,0
78.25892,148.13759,0
10.504475,-25.897226,0
-13.788325,-57.55862,0
51.484894,-55.143734,0
138.0385,66.581825,0
111.25325,-70.08791,0
-72.52948,-30.792738,0
-61.69031,58.032494,0
35.511852,139.47357,0
-60.291298,26.848667,0
-79.371796,-135.4091,0
37.40545,-113.913185,0
91.00163,110.37212,0
160.17987,-53.46915,0
-44.593575,-48.374954,0
-17.692045,58.721767,0
24.133337,110.48547,0
-36.319107,-17.833467,0
-30.078594,-115.98697,0
9.969884,-101.8724,0
107.21929,136.94426,0
99.37326,-128.45444,1
12.39472,-58.939743,0
-5.814543,47.82182,0
73.28866,165.86371,0
-1.0061437,-31.115864,0
-0.50854725,-63.46514,0
61.75586,-64.71967,0
141.96832,47.08194,0
106.794655,-39.204453,0
-112.18991,-27.177603,0
37.75236,35.7126,0
3.7393713,53.665108,0
-86.60549,17.400866,0
-85.45409,-90.67832,0
46.226097,-90.61138,0
119.33608,137.1268,0
99.90863,-110.10554,1
14.0648985,-43.061783,0
-16.541828,35.29633,0
72.30846,148.31421,0
10.789253,-34.110916,0
-10.5581875,-51.045395,0
47.663033,-62.428963,0
115.1618,131.25195,0
106.08408,-118.63456,1
2.9138436,-47.55958,0
-17.556572,44.762894,0
66.07617,156.69801,0
1.700281,-41.590736,0
0.15273893,-50.011353,0
52.311058,-70.12117,0
63.469738,102.441795,0
144.32066,-58.798717,0
-41.89488,-35.94745,0
-38.72017,59.8757,0
34.298027,97.2696,0
-36.144474,5.2982817,0
-53.738388,-144.38583,0
9.782607,-82.46656,0
70.08455,119.332436,0
152.17183,-74.94681,0
-24.946245,-77.65101,0
-7.368781,71.56319,0
14.464926,85.72347,0
-22.500156,-0.1462848,0
-25.96081,-95.34663,0
17.745428,-76.46443,0
74.18935,39.39343,0
59.88398,-26.987085,0
-168.83199,-37.869045,0
-75.423775,121.435745,0
-9.050988,174.73465,0
-111.09128,50.945286,0
-128.7626,-130.695,0
19.68878,-162.25848,0
120.046875,31.951353,0
72.376854,6.8562675,0
-158.41434,2.3997085,0
-92.13532,82.00416,0
-36.69491,147.18631,0
-148.0739,33.563488,0
-109.290306,-87.961655,0
-4.7503753,-158.31065,0
158.19794,38.4728,0
112.63782,-50.25308,0
31.035604,21.205137,0
14.155828,62.44847,0
16.009018,68.47486,0
-12.6238985,-12.5364485,0
-16.199953,-69.19127,0
34.69059,-74.77803,0
117.16641,89.12228,0
124.25628,-58.69649,0
-71.87109,-19.872656,0
-53.51518,69.4298,0
22.76729,133.69225,0
-77.92829,1.598687,0
-44.389,-97.77289,0
24.829496,-111.75476,0
80.93203,37.020447,0
55.671013,-26.411959,0
-164.96173,-36.028225,0
-72.55212,121.04451,0
-11.888289,174.97498,0
-113.6552,55.470173,0
-134.12247,-128.48639,0
21.952675,-162.42133,0
66.59767,77.75838,0
153.2559,-14.907149,0
-56.250053,-59.350082,0
-35.425636,86.040504,0
-11.593198,100.869484,0
-65.381226,0.76061964,0
-61.580254,-121.88393,0
-4.554425,-132.43558,0
109.017334,41.983322,0
85.95494,-33.196434,0
-149.68912,-18.726412,0
-82.24985,89.5869,0
-4.107273,153.97789,0
-115.3891,30.927439,0
-107.066055,-125.38861,0
13.161752,-144.98639,0
140.46483,19.75335,0
90.06462,-67.396225,0
49.847015,20.937916,0
43.17153,33.327408,0
39.38255,59.744335,0
-4.9932566,-3.508169,0
1.4019433,-11.109421,0
40.517635,-44.295746,0
160.89108,35.97449,0
106.008766,-48.15598,0
-111.221275,-17.138979,0
29.664692,20.53217,0
19.343925,70.05367,0
-75.67479,28.506659,0
-86.83936,-98.103134,0
41.340996,-73.0942,0
122.94368,38.74231,0
86.76702,-16.646637,0
-149.46535,-6.062365,0
-90.296425,73.400345,0
-15.946699,124.7561,0
-85.368744,-3.1544847,0
-100.034904,-83.143005,0
-2.0095305,-145.33563,0
112.454704,24.091455,0
81.294,12.453722,0
-165.88068,10.522835,0
-103.10502,85.973236,0
-43.53184,153.30136,0
-157.4576,38.41294,0
-116.72052,-81.78404,0
-9.548059,-168.90038,0
120.497765,84.58057,0
118.93605,-59.61003,0
-70.231926,-24.376986,0
-57.72718,66.47625,0
23.811064,138.77621,0
-61.71318,15.53706,0
-70.55231,-128.06503,0
24.79643,-107.75967,0
74.63008,100.67175,0
163.68204,-42.814713,0
-31.674284,-52.08882,0
-28.205553,74.1387,0
18.857811,95.29554,0
-36.948284,-5.436606,0
-42.28792,-130.44022,0
-4.423391,-95.69116,0
159.7233,45.732338,0
113.24982,-48.722237,0
-3.2894168,-73.551704,0
60.326996,32.15621,0
7.553826,68.32575,0
-4.113435,-74.21293,0
-80.72023,-98.71125,0
30.258476,-72.49494,0
123.17043,70.357506,0
99.15477,-14.393262,0
-121.364395,-41.326485,0
-64.035934,74.95174,0
18.735489,147.1697,0
-100.83914,9.614079,0
-103.942856,-97.50003,0
27.411524,-125.83346,0
86.09418,52.51132,0
83.311554,-47.286415,0
-129.97932,-21.784794,0
-77.84707,70.20999,0
35.43363,177.69666,0
-94.797295,25.042053,0
-106.19481,-141.36127,0
7.054623,-135.19777,0
110.3223,39.354435,0
84.732925,-27.239403,0
-151.30554,-12.915554,0
-88.99276,90.33945,0
-18.1079,151.03581,0
-121.71879,27.32057,0
-107.32977,-119.53502,0
4.9942064,-151.70177,0
107.04803,132.73106,0
103.59808,-125.77879,1
7.675194,-56.34453,0
-11.669968,49.28828,0
69.18548,162.65706,0
-3.06649,-35.80335,0
2.5671825,-59.44084,0
58.87142,-68.26874,0
110.29112,54.622684,0
87.57165,-9.855105,0
-156.59175,-3.0522962,0
-85.86811,80.12411,0
-29.62172,150.40778,0
-140.13274,34.044113,0
-104.99772,-91.10079,0
-1.4767381,-153.67412,0
138.69827,68.67718,0
110.57089,-69.66153,0
-72.291214,-30.154415,0
-61.280373,58.743057,0
36.599945,139.4262,0
-60.691273,25.488245,0
-79.145,-133.07063,0
35.72414,-114.59813,0
143.54036,74.108955,0
109.79517,-83.18772,0
-57.944157,-19.842228,0
-61.3086,44.772026,0
45.776592,132.33554,0
-49.48596,30.458212,0
-62.915188,-79.60488,0
43.686523,-99.72387,0
111.0184,39.169846,0
84.35599,-27.531557,0
-152.26395,-12.709242,0
-90.120316,88.68601,0
-18.194256,152.3939,0
-121.10982,27.593708,0
-107.942406,-120.64037,0
4.2750907,-152.47949,0
93.338684,91.60598,0
137.91461,-30.288052,0
-65.45237,-71.77304,0
-45.44149,114.29458,0
2.0215807,116.62444,0
-75.04012,-0.4691444,0
-76.21853,-94.56245,0
5.889829,-118.0444,0
82.59744,69.44218,0
106.62406,-40.30649,0
-113.27254,-26.284952,0
-49.2497,108.44173,0
-1.402855,134.2033,0
-84.7767,25.610003,0
-88.597855,-91.01466,0
38.203438,-127.59341,0
137.16483,62.09933,0
107.79112,-67.214035,0
-77.11518,-31.409302,0
-66.666084,59.42437,0
35.31055,142.99568,0
-63.84496,29.959635,0
-83.63259,-134.38002,0
40.835358,-115.70517,0
99.07623,59.006752,0
73.652596,-12.992418,0
-125.45687,-27.1672,0
-61.54464,100.00562,0
-3.4841104,135.92366,0
-92.58149,29.663769,0
-98.88355,-98.1931,0
43.48795,-139.74461,0
99.7359,19.934198,0
86.44647,4.27348,0
-173.4848,-1.2632947,0
-105.23719,112.08607,0
-35.863327,164.94087,0
-148.38173,50.701225,0
-124.32347,-91.73699,0
-0.7656924,-177.94632,0
102.31548,52.532154,0
77.55217,-5.854566,0
-172.67543,-13.870337,0
-93.05725,113.26805,0
1.505828,165.8344,0
-134.17853,45.875614,0
-141.46184,-103.18324,0
11.122827,-185.93678,0
157.7905,43.173954,0
115.53055,-50.36409,0
53.899548,37.027737,0
10.244796,63.32082,0
11.743269,70.47645,0
-8.8228445,-72.02438,0
-13.103318,-75.19815,0
32.40255,-74.194954,0
96.43743,73.80676,0
106.77453,-25.483122,0
-138.95013,0.46029553,0
-118.00447,89.4885,0
-28.546347,125.13545,0
-129.66591,8.579613,0
-155.19511,-74.0042,0
61.20277,-160.83578,0
130.8493,91.53037,0
134.14842,-79.285385,0
-88.15085,-37.822735,0
-44.840534,50.158752,0
33.171494,154.50714,0
-83.67889,-26.695972,0
-79.44205,-83.97588,0
51.688046,-108.918846,0
119.48779,139.9483,0
96.842186,-111.411476,1
16.142591,-45.423187,0
-12.084343,34.26416,0
74.260216,149.87044,0
9.457286,-30.70202,0
-10.749221,-54.880966,0
49.53436,-58.2702,0
139.08455,18.738466,0
91.121765,-68.587425,0
50.72218,22.215233,0
45.117355,33.605244,0
40.776443,58.779972,0
-5.6900206,-5.6465287,0
-1.746868,-11.186957,0
42.212467,-45.59446,0
103.602394,83.60558,0
121.87932,-32.53898,0
-104.627686,-42.735714,0
-55.183025,120.147064,0
18.768124,163.82039,0
-89.61015,2.262284,0
-109.654724,-65.78886,0
56.423523,-137.05498,0
70.37922,45.479107,0
113.456024,-4.3358903,0
-145.0085,-46.25737,0
-95.07622,94.2108,0
-26.049294,146.3183,0
-113.754845,13.03009,0
-135.39946,-82.87372,0
37.475643,-158.63486,0
134.38235,56.415596,0
136.41898,-47.659775,0
-55.263863,-48.669415,0
-41.414585,77.90357,0
18.031702,121.78138,0
-45.872604,-13.737746,0
-38.252792,-122.34264,0
18.556772,-107.761856,0
101.56478,38.283916,0
73.48586,-15.479985,0
-163.91626,-17.955505,0
-74.94307,87.01529,0
-3.6667387,179.47122,0
-126.55981,36.97023,0
-124.647194,-115.192116,0
24.568808,-174.56909,0
108.49292,46.617428,0
79.2857,-38.938732,0
-142.798,-20.627075,0
-75.13166,93.35645,0
2.2626214,157.89279,0
-107.01784,33.128765,0
-104.381966,-130.41597,0
18.21021,-141.9471,0
121.211006,55.41035,0
90.689224,-25.378357,0
-143.61548,-10.746051,0
-76.24682,78.31652,0
11.129748,156.9158,0
-109.94672,18.898735,0
-100.633736,-117.443085,0
13.092324,-134.81454,0
78.56665,61.738102,0
102.237114,-48.754967,0
-121.12714,-24.038681,0
-54.998196,107.90244,0
-7.754185,127.849,0
-84.70285,33.73272,0
-92.49718,-93.76429,0
41.01343,-136.38107,0
94.84902,95.40527,0
117.47549,-60.55643,0
-70.17704,-26.284843,0
-58.998287,65.362885,0
25.630976,138.74673,0
-60.797943,18.17634,0
-71.63973,-129.81847,0
22.866882,-105.20782,0
88.84799,91.09187,0
153.38452,-39.226723,0
-37.64971,-64.46651,0
-19.363766,85.89222,0
8.350531,107.69753,0
-47.340843,-1.2691486,0
-44.024876,-113.60675,0
0.70598364,-110.14186,0
98.38847,83.97897,0
114.94042,-35.716938,0
-103.76235,-35.24478,0
-46.17071,51.459385,0
26.931273,156.13928,0
-80.03781,9.904227,0
-80.481804,-88.26235,0
52.873753,-129.21245,0
102.601364,18.16675,0
86.84955,1.9098061,0
-172.4562,-2.0482109,0
-106.52691,113.56138,0
-35.158203,165.94559,0
-147.64874,51.24536,0
-125.29677,-92.486244,0
-0.20997351,-178.69414,0
96.78896,61.635315,0
105.08493,6.877902,0
-183.09198,13.440735,0
-113.47672,110.665634,0
-40.624374,172.93253,0
-138.9102,24.469482,0
-145.18973,-90.51575,0
39.73871,-176.64848,0
140.29054,75.489365,0
113.3011,-82.252655,0
-59.467968,-24.036112,0
-56.881485,46.19109,0
45.38068,127.34348,0
-52.492577,27.760403,0
-65.42979,-83.00599,0
41.150394,-103.599815,0
82.33992,93.39308,0
154.93105,-39.833504,0
-36.125546,-62.706055,0
-19.493017,76.62714,0
9.904885,103.08322,0
-45.881207,-3.7489047,0
-44.06644,-115.48804,0
-0.12847291,-106.77691,0
61.494415,106.252335,0
140.98045,-63.19192,0
-39.471073,-34.72904,0
-35.075848,61.63024,0
30.988588,95.73268,0
-35.526417,11.490637,0
-56.691376,-139.00148,0
7.350664,-86.84003,0
91.92941,61.796215,0
101.20295,5.782785,0
-184.53784,17.440145,0
-117.79637,112.015305,0
-44.969135,169.98338,0
-139.30344,20.18472,0
-144.05812,-94.54331,0
39.751873,-146.11966,0
77.36151,98.15971,0
158.43958,-43.306084,0
-31.42444,-57.337063,0
-22.713926,75.46181,0
13.605702,99.17481,0
-42.211197,-4.8431273,0
-39.029575,-128.44487,0
-2.1378613,-102.663055,0
104.63447,138.29681,0
97.27238,-126.546326,1
12.013147,-61.819965,0
-5.8432813,45.52185,0
75.4298,164.21529,0
-2.6459944,-28.967096,0
2.1919353,-65.1672,0
60.166622,-62.72587,0
163.48027,7.6971536,0
75.590836,-91.32843,0
51.711338,13.153926,0
17.755041,35.86364,0
16.743906,35.010914,0
17.084003,8.470429,0
19.054405,10.338688,0
41.941555,-17.70874,0
118.17095,99.98683,0
134.02414,-11.723519,0
-97.2381,-42.08257,0
-91.63555,56.348537,0
-29.9136,119.718834,0
-100.19981,-17.04783,0
-97.26132,-60.42451,0
67.35382,-158.53499,0
77.02877,92.31946,0
152.67029,-30.942156,0
-44.16366,-62.663418,0
-24.339254,86.31147,0
4.168252,106.3285,0
-53.14365,-2.352409,0
-50.629517,-116.92016,0
-4.9980583,-113.17254,0
140.04022,20.768456,0
88.65451,-67.09453,0
50.957466,24.231153,0
42.19845,33.654465,0
39.83942,60.657047,0
-6.844683,-4.6631174,0
0.3971307,-11.922644,0
40.051067,-44.732166,0
71.402794,115.17529,0
153.48932,-71.54329,0
-27.980425,-74.48917,0
-12.202063,74.1243,0
10.763492,89.22078,0
-23.925877,2.8236601,0
-29.232424,-96.14571,0
22.492817,-78.953896,0
134.02808,39.334488,0
96.98637,-69.44529,0
-16.035772,18.645197,0
-15.3432045,24.384493,0
37.2532,81.026405,0
-15.668997,20.11522,0
-17.031513,16.034487,0
30.693218,-57.409683,0
133.22319,73.24032,0
119.45666,-75.26317,0
-62.347706,-30.786787,0
-52.55563,60.731346,0
34.079525,130.5068,0
-54.518368,20.323074,0
-63.980167,-91.717255,0
32.25615,-104.90546,0
145.0251,48.073257,0
105.86168,-55.127834,0
-110.14764,-25.695742,0
45.0141,43.097725,0
3.0148456,57.372433,0
-85.38269,19.836725,0
-87.00622,-102.69546,0
43.317158,-89.49603,0
85.84951,44.083775,0
82.09278,-40.782623,0
-150.93405,-24.102684,0
-80.01478,94.84424,0
-10.109609,158.14725,0
-107.988304,36.24268,0
-111.10246,-131.49248,0
19.428434,-150.97719,0
115.10786,29.803492,0
92.34862,2.9727466,0
-178.88574,3.6571026,0
-102.99718,102.87142,0
-28.145586,157.59311,0
-152.15408,45.157825,0
-125.40642,-85.364914,0
-5.1163473,-170.69217,0
65.096634,83.61091,0
161.21184,-15.755721,0
-63.958557,-63.338165,0
-40.113377,91.34433,0
6.3743052,118.55669,0
-68.92907,-6.1754622,0
-70.62245,-101.64861,0
-8.777015,-132.98814,0
82.42672,101.82242,0
158.82782,-37.418957,0
-37.024227,-58.041565,0
-18.009771,79.79561,0
13.452993,105.99953,0
-48.25689,-8.952216,0
-43.83678,-124.287056,0
3.9005895,-107.82278,0
119.949066,77.41705,0
119.84918,-47.866375,0
-75.68848,-40.946518,0
-58.05057,75.3227,0
11.319682,134.86292,0
-80.87545,13.444322,0
-82.35073,-103.96419,0
25.346203,-102.90724,0
114.494225,56.7673,0
88.782394,-20.13603,0
-136.02068,-16.025381,0
-68.54785,85.684105,0
9.292217,156.17879,0
-102.60684,21.641796,0
-94.390335,-119.95453,0
21.591722,-135.84663,0
81.08128,101.49369,0
159.43265,-38.999115,0
-35.169266,-57.658566,0
-22.064224,77.24728,0
12.4024315,103.578865,0
-46.011654,-7.9588056,0
-43.020805,-126.345894,0
-1.8524071,-105.24184,0
95.65745,112.645584,0
159.31152,-58.027462,0
-47.693222,-43.18424,0
-23.844786,56.99423,0
27.489477,114.31929,0
-36.43462,-22.397844,0
-24.721804,-115.411705,0
14.665422,-99.58872,0
97.773964,99.54125,0
148.9666,-52.074417,0
-30.83643,-46.959152,0
-30.572832,71.78468,0
22.404585,95.57426,0
-40.55516,-10.169044,0
-34.24287,-134.70221,0
-2.358303,-92.16992,0
114.81521,22.432024,0
80.38345,14.300636,0
-164.62814,12.685417,0
-102.976875,83.74812,0
-46.878944,152.8523,0
-159.51874,36.9767,0
-116.50762,-79.42515,0
-12.446972,-167.98503,0
69.33064,79.99876,0
150.28185,-17.606964,0
-52.200615,-60.04134,0
-33.63737,83.48349,0
-7.8988276,102.785736,0
-62.31291,3.7563767,0
-59.410316,-119.89545,0
-3.6817234,-128.25543,0
128.6136,91.79061,0
134.04854,-80.40235,0
-88.90183,-37.060047,0
-46.718777,48.237675,0
29.832373,155.73483,0
-84.46467,-27.370356,0
-80.1568,-84.75131,0
52.59214,-108.32544,0
111.19643,74.05147,0
130.47667,-45.13011,0
-61.47508,-46.182884,0
-44.795403,76.45777,0
17.849062,125.826836,0
-69.66149,12.739798,0
-81.44691,-117.88224,0
15.708521,-117.02998,0
124.75238,47.64391,0
85.15275,-11.647431,0
-155.459,-4.582828,0
-84.62725,76.77335,0
3.0090387,137.5849,0
-143.97333,30.38332,0
-103.44034,-88.95571,0
-4.488938,-151.51035,0
119.07856,56.96132,0
90.4239,-23.750343,0
-142.17352,-12.465657,0
-73.74,80.24981,0
4.242507,153.03062,0
-107.88105,18.425827,0
-99.16563,-117.29903,0
15.828709,-133.51039,0
172.15242,5.0260963,0
84.77936,-95.354004,0
33.192635,-0.69222623,0
32.736,-6.691755,0
11.111774,43.107285,0
32.38061,-4.2006702,0
33.434696,2.430174,0
34.795174,-13.423827,0
76.66503,83.475784,0
142.79884,-24.510221,0
-48.95267,-72.119125,0
-24.216576,98.33197,0
-1.4751225,113.800934,0
-54.857388,7.1929603,0
-55.053963,-107.012184,0
2.2639184,-120.23169,0
116.19371,27.216475,0
75.46269,11.587509,0
-159.0564,9.477312,0
-98.90585,81.08605,0
-43.094707,147.77687,0
-155.53777,33.02224,0
-111.55317,-81.70116,0
-11.238817,-161.86769,0
130.128,43.765846,0
136.84486,0.2717777,0
-88.646,-52.61768,0
-80.2785,63.95251,0
33.73146,177.35109,0
-91.00344,-12.308418,0
-89.38534,-69.46381,0
61.02367,-121.83144,0
81.80155,38.658165,0
56.25061,-18.923737,0
-174.18451,-33.005413,0
-81.20927,121.80733,0
-15.531073,177.40143,0
-119.47727,55.471756,0
-135.9115,-124.43279,0
20.20256,-170.82278,0
84.58584,120.56715,0
164.79475,-61.03332,0
-26.55499,-65.77743,0
-12.695338,60.47954,0
29.823982,110.55048,0
-27.400175,-17.502321,0
-29.26458,-109.59578,0
13.2620945,-95.95912,0
65.502846,82.81519,0
162.15546,-15.97704,0
-63.828156,-62.416,0
-40.761147,90.18514,0
-4.3662543,97.9132,0
-66.72322,-7.4764943,0
-67.799194,-103.54129,0
-9.495165,-133.46312,0
85.4065,111.29266,0
165.10178,-51.872868,0
-39.651707,-48.385155,0
-21.501839,63.448925,0
24.059662,105.74186,0
-32.83044,-14.41364,0
-28.983429,-121.26553,0
5.707427,-97.08238,0
143.56166,31.471855,0
81.75029,-69.166954,0
21.659344,-28.792913,0
24.657421,-28.495317,0
29.596056,71.29725,0
23.071428,-28.502264,0
19.480972,-29.029707,0
32.434372,-40.976223,0
106.15182,59.424934,0
75.73625,-14.110135,0
-164.50566,-13.752819,0
-77.21754,82.56413,0
6.15505,160.80884,0
-129.87651,33.355595,0
-126.683495,-104.99855,0
31.807894,-176.18062,0
76.49808,65.39431,0
97.303925,-50.06409,0
-119.97626,-19.27001,0
-55.92778,104.28169,0
-7.284108,125.80456,0
-86.85897,33.308315,0
-90.40562,-98.490776,0
37.208717,-135.75581,0
67.32644,65.28781,0
118.40208,-16.30147,0
-129.30057,-50.806625,0
-58.823,89.07559,0
15.7460375,155.91185,0
-109.37386,3.3621256,0
-129.31055,-69.178375,0
51.09635,-152.63039,0
83.3218,64.2803,0
98.98007,-51.723106,0
-121.674736,-20.53529,0
-57.31813,106.01677,0
-10.519495,125.79756,0
-81.80926,35.353405,0
-93.40388,-98.18603,0
37.76918,-137.41129,0
92.31547,41.29567,0
61.57186,-15.197952,0
-172.76659,-26.034555,0
-83.6163,123.1984,0
-19.542645,174.08768,0
-124.34214,49.72207,0
-132.83783,-118.10011,0
19.768072,-173.05121,0
77.457085,82.53284,0
145.27484,-21.591824,0
-49.80151,-68.82954,0
-26.501213,94.87603,0
-3.6020236,110.254654,0
-56.977627,6.0211883,0
-57.81819,-111.10065,0
0.43464327,-122.84029,0
77.38261,90.05047,0
153.8746,-25.802486,0
-49.010746,-63.75043,0
-27.474403,89.285576,0
0.8547566,104.38663,0
-57.127274,-3.483327,0
-53.661392,-117.158875,0
-5.8129425,-116.44901,0
75.24445,103.279816,0
163.7606,-41.325653,0
-31.971813,-53.34292,0
-27.455866,75.3419,0
17.591835,95.29681,0
-37.313087,-3.890656,0
-42.830532,-131.757,0
-5.311332,-97.25203,0
74.29929,40.69968,0
60.768032,-28.081804,0
-170.31804,-37.01317,0
-76.55829,118.54202,0
-8.70287,176.97989,0
-110.48397,51.820778,0
-128.03378,-131.5497,0
20.359331,-160.99214,0
64.68711,103.58027,0
145.68544,-63.028034,0
-35.811207,-35.632786,0
-34.967323,65.140335,0
29.476185,92.93657,0
-33.21152,7.6490545,0
-52.08698,-140.19765,0
4.264443,-85.91711,0
80.38418,89.600685,0
149.00735,-26.120071,0
-47.6709,-65.26394,0
-25.973354,91.52897,0
0.33850908,108.61661,0
-55.962246,2.616397,0
-56.65713,-118.00954,0
-3.3321142,-117.858826,0
144.212,73.1294,0
108.99902,-82.76533,0
-57.001705,-19.425505,0
-62.07355,44.369152,0
46.957886,132.77693,0
-48.698067,30.31327,0
-62.575516,-79.23897,0
43.8436,-99.05819,0
143.78285,31.205542,0
81.036194,-69.85767,0
21.759995,-28.015467,0
24.230072,-27.888147,0
29.900148,70.84494,0
23.137655,-27.844618,0
19.276192,-28.074877,0
33.00754,-40.603752,0
104.766464,58.114532,0
104.48856,-2.29865,0
-177.44223,14.796706,0
-119.0856,107.22314,0
6.073346,161.77617,0
-132.62247,31.463905,0
-150.61792,-92.09169,0
33.139076,-175.14914,0
63.08334,89.83247,0
168.35948,-18.070238,0
-64.23447,-55.595646,0
-43.035767,83.697205,0
11.093558,121.29154,0
-70.851654,-10.21892,0
-73.07756,-106.19981,0
-15.051891,-134.96324,0
128.66505,96.993576,0
134.57722,-83.233246,0
-90.57362,-35.070107,0
-46.55725,44.729584,0
31.546318,157.415,0
-87.55761,-26.046541,0
-82.72839,-82.476974,0
53.880085,-111.136086,0
152.77116,47.546413,0
110.02234,-43.585224,0
-108.513115,-21.345474,0
51.462208,41.258167,0
3.0731878,63.78624,0
-78.91033,20.474234,0
-85.24227,-95.35068,0
40.346832,-81.86791,0
92.438126,45.683002,0
82.3824,-39.931957,0
-149.91997,-25.037575,0
-78.02773,95.66849,0
-10.031765,159.57489,0
-109.5144,35.47944,0
-110.06025,-130.85403,0
16.05817,-150.5275,0
137.97447,91.02189,0
121.283226,-98.337166,0
-22.477802,-38.465206,0
-33.834038,47.691433,0
49.633804,145.8301,0
-24.018116,-27.483547,0
-46.020954,-88.61461,0
55.097263,-94.41487,0
131.14723,72.54766,0
119.64155,-59.733982,0
-69.99304,-24.225332,0
-57.125534,66.06889,0
23.23135,138.54668,0
-62.821453,15.315577,0
-71.65772,-126.681366,0
25.559359,-108.14672,0
79.32606,38.48566,0
61.022514,-23.502321,0
-164.33224,-38.693066,0
-75.22677,126.48421,0
-9.554931,170.88005,0
-115.73615,49.91475,0
-133.10939,-131.03564,0
16.50308,-161.2714,0
148.18675,47.04905,0
97.41925,-46.982327,0
-114.91624,-20.91,0
46.249077,43.90629,0
0.06507533,59.331123,0
-83.015076,20.081394,0
-90.434875,-97.187355,0
47.754536,-84.1172,0
97.51706,106.60786,0
132.02277,-58.125473,0
-58.264767,-41.349075,0
-45.323967,61.391567,0
24.094366,125.306496,0
-29.474955,-5.2565656,0
-32.138554,-103.36378,0
17.435205,-86.814865,0
154.42714,46.467773,0
109.37093,-44.701466,0
-108.24309,-20.16126,0
53.228844,39.101505,0
4.0579405,65.146286,0
-78.386856,21.281021,0
-86.39273,-95.930664,0
40.098473,-80.34549,0
71.32506,46.453667,0
111.86742,-8.40843,0
-140.09596,-50.91448,0
-101.76456,98.97871,0
-25.243244,139.86493,0
-117.02259,7.440011,0
-137.09799,-78.22697,0
43.0239,-162.0445,0
61.783955,55.040962,0
158.0271,-14.089248,0
-64.25781,-65.6064,0
-41.137867,94.6124,0
5.072324,122.70798,0
-67.61637,-4.1179266,0
-67.9141,-99.114586,0
-8.456791,-130.85442,0
68.932365,120.42188,0
152.27632,-77.75439,0
-24.429338,-80.62714,0
-5.676829,73.52529,0
13.974727,83.8215,0
-20.580875,-2.3690267,0
-22.916737,-97.674576,0
17.811089,-74.892265,0
134.73193,77.68705,0
114.04473,-78.34875,0
-55.95879,-26.06261,0
-62.19079,47.601612,0
41.884354,130.60432,0
-49.437023,23.549591,0
-59.252495,-88.01244,0
36.82928,-99.15939,0
120.05302,104.370285,0
134.13736,-7.46162,0
-92.72631,-31.651613,0
-82.01123,68.79662,0
34.11355,162.05075,0
-90.52313,-20.880743,0
-86.54545,-78.39204,0
54.718002,-116.30875,0
121.17326,134.34026,0
101.06149,-109.156876,1
13.048159,-41.88127,0
-16.285332,33.505238,0
71.298325,147.46515,0
10.909238,-35.14351,0
-10.847559,-49.578003,0
45.844353,-62.485023,0
67.341225,46.705116,0
115.18345,-6.249054,0
-144.04271,-48.199253,0
-97.69482,96.972725,0
-24.668402,144.08907,0
-117.41834,10.311684,0
-135.09793,-81.47381,0
40.345253,-162.34116,0
124.07901,64.89488,0
130.05565,-45.868702,0
-61.005882,-45.61016,0
-44.378143,75.93931,0
18.114641,125.97018,0
-71.03215,13.862822,0
-82.79283,-118.583885,0
16.217344,-116.44761,0
116.50839,29.796745,0
75.433685,9.379873,0
-158.46992,6.8361373,0
-96.505135,81.51699,0
-40.92784,148.50583,0
-152.71315,33.219543,0
-110.06154,-83.30582,0
-9.600696,-160.4037,0
64.02485,119.300095,0
147.86801,-74.84771,0
-21.374779,-76.07483,0
-8.439482,68.09825,0
18.609257,86.77403,0
-24.422327,-3.5583692,0
-27.537697,-101.49645,0
18.965454,-80.01752,0
114.51306,84.654205,0
126.34365,-54.039757,0
-70.94758,-43.06474,0
-55.712578,72.982056,0
18.832884,136.38705,0
-78.24656,6.146787,0
-72.93108,-115.054436,0
20.92987,-112.51349,0
143.60558,47.299595,0
102.00473,-43.92579,0
-112.7079,-24.512571,0
40.21777,39.62651,0
3.1685343,54.703125,0
-85.47189,18.69149,0
-88.03453,-95.01714,0
45.928898,-88.31349,0
65.35732,82.41385,0
162.25923,-15.518784,0
-64.265434,-62.079613,0
-40.9791,90.14751,0
-6.062235,98.29101,0
-66.57451,-7.686697,0
-68.064445,-103.72217,0
-8.73929,-133.88866,0
100.19576,103.83333,0
128.64746,-79.9892,0
-82.52637,-35.27357,0
-40.296177,51.116314,0
34.271046,150.9257,0
-80.53098,-23.286243,0
-75.522705,-80.008415,0
29.167479,-96.263176,0
78.68437,53.189156,0
154.66118,-26.169628,0
-47.30308,-63.28778,0
-23.790014,85.24729,0
6.9062505,110.82368,0
-56.25214,-2.0653045,0
-54.163197,-118.28339,0
-5.995516,-115.34631,0
94.07854,57.499615,0
82.76118,-4.0313854,0
-170.35245,-5.816227,0
-106.92715,119.93348,0
-39.168568,165.85266,0
-144.19968,55.40407,0
-125.60616,-98.301094,0
3.8105173,-183.5658,0
144.71985,73.53071,0
109.31138,-82.77432,0
-57.53599,-20.00888,0
-61.656727,45.136234,0
45.976616,131.45938,0
-48.951958,30.212229,0
-62.358006,-80.04154,0
43.765957,-99.224884,0
125.81633,136.01791,0
109.62282,-52.328648,0
-76.081116,34.85443,0
22.818747,-21.240652,0
82.53982,145.07788,0
41.21661,-59.881542,0
-130.32587,-1.2366709,0
41.407093,-60.538895,0
82.622284,88.14354,0
147.93172,-27.812803,0
-46.354225,-67.4532,0
-23.568743,91.824455,0
1.5831621,110.189384,0
-53.834545,2.0635674,0
-52.35299,-112.38461,0
-1.273133,-116.08643,0
66.75625,103.87638,0
147.78392,-62.027485,0
-34.042393,-37.676308,0
-35.062935,67.26815,0
28.40111,92.007935,0
-33.11829,4.7248797,0
-49.107918,-140.78838,0
1.5222783,-88.20775,0
127.37073,65.56466,0
152.37753,-54.270725,0
-50.782085,-46.988884,0
-28.602898,66.13176,0
21.42581,116.08826,0
-41.636513,-19.626436,0
-30.018059,-130.45303,0
17.856771,-103.08919,0
115.00117,66.94521,0
92.051254,-10.532205,0
-159.82669,-5.568273,0
-73.75232,72.565254,0
-28.432484,153.75244,0
-103.74637,8.846042,0
-107.755615,-93.77921,0
22.3261,-127.59113,0
118.43967,144.05261,0
90.86896,-116.16014,1
15.212613,-50.847744,0
-7.127078,38.662537,0
77.06527,154.18318,0
4.4529285,-26.101181,0
-8.415232,-59.879234,0
54.901672,-58.617058,0
120.53585,26.084608,0
72.54904,13.246705,0
-156.37505,11.711891,0
-98.87455,77.40235,0
-44.552467,145.04216,0
-156.74352,29.247221,0
-108.55203,-79.33687,0
-13.23351,-159.35829,0
111.49185,142.28032,0
92.91398,-117.65208,1
17.367882,-53.571777,0
-7.3128057,42.082153,0
73.68892,161.92604,0
2.1251404,-28.80932,0
-8.324449,-61.5651,0
55.56577,-56.72939,0
100.307594,73.064926,0
108.93145,-22.486038,0
-138.55244,-1.906572,0
-118.962425,91.208435,0
-28.385347,126.21408,0
-128.28847,9.138102,0
-156.06088,-78.24437,0
59.271446,-162.1221,0
141.07681,38.04836,0
92.12757,-61.60235,0
40.603687,37.103466,0
-31.933685,28.497635,0
36.027737,69.49117,0
-9.624941,3.4836879,0
0.6392311,-15.640874,0
36.993473,-49.707962,0
115.16791,145.18379,0
91.90105,-111.03912,1
21.00529,-47.361122,0
-8.530842,33.740974,0
77.13047,147.79291,0
10.142457,-25.910719,0
-8.765561,-58.19165,0
51.578926,-55.533554,0
90.36807,72.77263,0
102.56767,-29.381905,0
-137.38011,-5.4324822,0
-117.52363,97.0523,0
-19.276468,129.88423,0
-125.39613,3.6597714,0
-148.66644,-71.52069,0
41.093967,-150.5456,0
107.66008,31.60589,0
88.63093,-3.55694,0
-165.5935,-0.25324687,0
-98.30204,107.98266,0
-35.30978,156.275,0
-146.17207,40.50883,0
-113.21949,-91.80852,0
-0.3161724,-167.76204,0
114.65844,143.56361,0
91.563934,-110.68777,1
20.944872,-47.158363,0
-9.127104,32.01479,0
78.13607,147.80331,0
10.740222,-25.80291,0
-14.753225,-57.82019,0
50.47067,-54.149933,0
112.11133,81.139824,0
125.62069,-48.361958,0
-69.20733,-47.991093,0
-49.96891,81.33977,0
12.289926,129.77994,0
-73.50373,7.8201814,0
-77.7763,-110.94924,0
19.537167,-117.70873,0
161.4437,41.804375,0
116.70009,-81.3312,0
-63.726063,-24.99461,0
29.726208,25.056572,0
15.475484,73.52905,0
-55.996384,29.671,0
-66.45891,-84.92713,0
41.6786,-106.96681,0
58.884235,106.883156,0
142.34218,-56.30338,0
-45.42105,-37.027172,0
-37.752987,57.987297,0
36.93645,98.02353,0
-39.79402,5.1708,0
-57.31751,-145.60646,0
12.43484,-84.756454,0
105.49134,82.94379,0
119.61937,-31.762096,0
-107.11557,-42.006935,0
-55.091743,122.798004,0
20.826248,162.81268,0
-90.49108,4.2316957,0
-107.45076,-66.38601,0
54.150417,-136.74997,0
64.90596,61.08486,0
107.29325,-13.625912,0
-136.84401,-55.492325,0
-107.40253,97.317894,0
-23.99895,134.43616,0
-119.92169,1.4820565,0
-141.3299,-72.18261,0
48.13866,-161.47038,0
115.09478,83.823395,0
132.22833,-45.04335,0
-59.832314,-47.728207,0
-42.98349,77.06156,0
17.712355,124.19867,0
-68.461365,12.956026,0
-79.53695,-118.621124,0
15.619735,-115.51867,0
144.35466,22.33963,0
80.46165,-68.979485,0
44.99003,30.552597,0
35.356068,30.3041,0
35.53701,62.42201,0
-7.0380287,1.0832069,0
5.921276,-11.942198,0
35.813095,-40.674286,0
162.05766,10.31233,0
75.49756,-84.19149,0
46.71486,12.506054,0
21.663937,38.43553,0
21.158073,38.461075,0
21.537434,5.377112,0
20.476646,5.783662,0
40.349625,-22.927198,0
101.273705,92.94951,0
115.23144,-42.720444,0
-111.53962,-35.646893,0
-45.960987,114.977005,0
18.000252,174.16159,0
-86.77993,11.03796,0
-78.94835,-94.70895,0
49.5729,-128.87462,0
66.57739,65.556885,0
117.87165,-16.103603,0
-129.85141,-50.221977,0
-58.03219,89.0662,0
15.629936,155.01187,0
-109.95506,3.766663,0
-129.59015,-70.525154,0
50.291115,-152.44199,0
122.29531,62.85439,0
128.26987,-47.303967,0
-64.33252,-43.17561,0
-54.146328,76.19177,0
17.64399,131.87051,0
-71.8512,14.742259,0
-81.17553,-121.20419,0
27.814137,-116.280785,0
113.13313,82.16505,0
125.74688,-48.317116,0
-69.135765,-48.11767,0
-49.816216,81.17925,0
12.048235,130.22054,0
-73.74993,8.062526,0
-78.129074,-111.86217,0
19.979076,-117.99148,0
104.41776,137.52591,0
97.87678,-125.185646,1
10.317355,-61.966545,0
-7.8256083,45.923588,0
74.55965,162.64876,0
-4.040783,-29.358105,0
3.8324537,-65.44193,0
58.808475,-62.957993,0
89.75232,39.49647,0
65.6461,-17.756237,0
-169.5347,-27.135979,0
-85.90964,125.63344,0
-18.836113,174.64688,0
-120.874535,51.301575,0
-128.85608,-121.06009,0
13.068942,-168.67369,0
61.602325,98.48399,0
136.47316,-68.051956,0
-43.928402,-28.239607,0
-44.996082,69.00533,0
34.730507,117.483376,0
-39.917526,15.868146,0
-63.110756,-136.11267,0
19.638247,-93.392136,0
76.52701,82.50417,0
143.93703,-21.927435,0
-50.46505,-72.56815,0
-26.17417,98.2681,0
-4.08378,112.40231,0
-56.197727,7.4844704,0
-56.673527,-107.716545,0
1.1265285,-122.089615,0
102.411835,85.286446,0
118.41826,-34.137814,0
-106.11309,-39.266308,0
-52.21593,120.10942,0
20.678875,165.60368,0
-86.976616,4.2601676,0
-106.20128,-63.176205,0
54.32639,-133.64645,0
118.20354,66.52141,0
118.842995,-23.216093,0
-69.5777,-52.66736,0
-56.93908,84.233116,0
6.4783363,126.66274,0
-71.26122,4.8684354,0
-72.306854,-110.67252,0
21.31704,-123.77085,0
113.08861,139.92932,0
97.504166,-114.53836,1
14.922916,-48.744118,0
-12.42907,39.94994,0
71.40833,150.74234,0
6.4399347,-31.960535,0
-7.707223,-55.948814,0
50.669205,-61.93,0
139.4413,19.16941,0
90.96995,-68.08497,0
50.533325,21.9542,0
44.504704,33.524708,0
40.61916,58.85838,0
-5.5193343,-4.7550154,0
-0.7998734,-11.119932,0
41.82077,-44.936825,0
94.37166,31.345259,0
82.077225,1.663099,0
-178.26024,-2.4481032,0
-101.00094,111.79484,0
-31.849983,162.94336,0
-144.48352,46.170395,0
-129.62283,-91.3532,0
6.841679,-174.04932,0
102.63471,47.76844,0
73.71052,-29.567312,0
-138.39449,-28.321835,0
-72.45599,103.31822,0
-20.810993,156.11269,0
-98.89346,28.84151,0
-115.136215,-112.673615,0
33.87857,-152.72362,0
171.0074,4.2414083,0
83.396065,-95.247284,0
31.390833,-0.23380376,0
32.373646,-7.996302,0
12.121355,42.55197,0
31.00644,-3.5579205,0
31.835802,3.4293785,0
36.041565,-13.946105,0
78.03348,97.29827,0
158.01198,-43.020344,0
-31.603222,-58.55345,0
-21.567558,75.59095,0
13.355975,99.758484,0
-42.54897,-5.2468796,0
-38.373753,-128.31651,0
-0.52892506,-102.884995,0
88.20058,50.26513,0
73.019684,-38.923157,0
-152.51912,-31.603186,0
-77.210335,105.75211,0
6.5046926,157.61444,0
-102.56699,38.26843,0
-105.32485,-138.52759,0
24.906343,-140.3386,0
80.76099,118.04962,0
148.66971,-42.78244,0
-69.2978,-18.867733,0
-51.86167,71.28771,0
22.312689,131.90132,0
-43.260826,1.2750465,0
-39.277977,-107.851906,0
25.101748,-113.213066,0
90.306435,57.339146,0
72.898155,-31.728357,0
-136.5387,-29.037863,0
-69.682884,100.93118,0
-9.993425,140.55397,0
-99.15282,32.376774,0
-113.851006,-109.940636,0
33.48549,-148.62306,0
92.206604,35.030468,0
69.80722,-16.083944,0
-160.09354,-22.038252,0
-86.14119,91.669464,0
-3.6528316,166.0866,0
-119.152985,36.699646,0
-120.12218,-118.4758,0
7.372269,-147.2842,0
110.818436,42.110344,0
87.88124,-37.240616,0
-149.82945,-16.668674,0
-83.645874,90.46985,0
-13.722141,156.46466,0
-116.35955,34.28501,0
-99.99002,-129.66962,0
10.073143,-148.04361,0
135.24632,68.48395,0
115.14959,-69.13132,0
-69.21301,-28.565332,0
-58.430145,59.624695,0
36.129417,136.58357,0
-62.2624,22.01502,0
-76.07617,-130.4521,0
38.34893,-110.64578,0
96.5739,72.05037,0
107.762794,-21.57043,0
-139.81432,-3.0728378,0
-118.3071,93.98758,0
-26.937239,131.29938,0
-127.28609,8.5747795,0
-154.31133,-76.40158,0
59.044777,-163.62634,0
60.876087,103.16527,0
140.98601,-64.475815,0
-40.248077,-31.96621,0
-36.161705,63.69047,0
34.638115,92.98292,0
-37.02417,12.0222845,0
-54.314575,-140.48793,0
6.355633,-82.75793,0
99.13189,52.90397,0
76.67266,-23.24042,0
-136.90648,-22.49267,0
-79.398254,106.765274,0
-0.89901036,158.06364,0
-103.988144,25.882074,0
-105.12048,-110.68625,0
28.605482,-139.80484,0
68.652084,47.66438,0
116.23659,-8.784022,0
-141.18845,-46.763573,0
-98.67653,94.97274,0
-21.50628,142.60014,0
-114.196465,9.16991,0
-132.61197,-78.450226,0
41.374897,-159.08716,0
137.91463,76.26526,0
114.04207,-79.47834,0
-57.5682,-25.202713,0
-60.188602,47.993904,0
43.0907,129.58694,0
-50.862034,23.295885,0
-60.65805,-87.81598,0
39.19949,-101.604904,0
138.43579,71.87402,0
114.59931,-85.74375,0
-63.531677,-20.904823,0
-62.24727,52.856228,0
44.457554,135.82526,0
-53.860405,32.077393,0
-68.62734,-81.6126,0
44.263393,-104.516685,0
116.348236,34.002518,0
88.393616,-7.313369,0
-158.2415,0.79406536,0
-91.385414,83.22678,0
-34.963898,147.40033,0
-146.78883,34.21487,0
-109.15797,-89.022095,0
-3.7788444,-159.60582,0
142.68318,22.859339,0
81.78387,-66.268364,0
43.57937,31.588987,0
33.960175,31.494368,0
36.601383,62.75215,0
-8.481328,1.4181861,0
4.0917153,-13.410604,0
36.36312,-42.843334,0
119.171005,100.535614,0
133.8494,-11.704766,0
-97.51322,-41.891766,0
-92.2437,56.684704,0
-29.863747,119.40962,0
-100.05176,-16.78425,0
-97.05693,-60.295372,0
67.05248,-158.29366,0
156.1166,19.636166,0
73.652054,-73.278015,0
58.467686,25.157644,0
33.74552,20.65187,0
26.374096,55.81502,0
1.2998781,0.83733857,0
4.0233755,-3.1850202,0
36.11737,-32.84794,0
82.703636,121.497795,0
165.92584,-61.64645,0
-27.96984,-66.60437,0
-13.089954,62.286545,0
30.951267,109.20143,0
-26.617708,-16.228188,0
-31.129982,-108.81964,0
12.568586,-94.26256,0
94.56035,111.68548,0
158.60513,-56.85361,0
-46.815144,-43.591316,0
-22.529736,56.808716,0
27.070267,113.660484,0
-37.110332,-21.335398,0
-25.829063,-114.169624,0
14.150753,-100.18947,0
156.1544,58.976166,0
96.672356,-74.896645,0
-9.594082,14.802429,0
-7.361128,18.097185,0
41.49613,83.72888,0
-8.671105,16.228634,0
-10.594837,12.978534,0
32.57221,-61.66137,0
84.128296,28.717344,0
65.33991,-2.8265853,0
-181.09503,-20.93541,0
-91.204094,125.232666,0
-23.566982,179.4225,0
-130.65175,58.046062,0
-141.0955,-111.032425,0
16.160454,-181.7711,0
132.83704,67.20266,0
115.24625,-68.05841,0
-68.026375,-29.80195,0
-60.141434,61.924133,0
32.741226,137.82353,0
-63.156902,21.897242,0
-77.802414,-128.65672,0
35.531418,-109.34953,0
89.627556,29.860346,0
84.81173,-0.6807576,0
-172.56172,-2.417888,0
-106.84106,114.4285,0
-35.620125,166.05988,0
-144.9279,51.360817,0
-123.52454,-94.85045,0
0.47893545,-181.2309,0
79.17079,69.12261,0
97.45011,-40.945053,0
-133.49847,-23.361265,0
-69.656624,94.45013,0
0.22265692,146.01584,0
-92.46705,27.37006,0
-95.2748,-102.68545,0
32.046837,-132.19928,0
94.877594,103.63193,0
156.56136,-46.87777,0
-29.34451,-60.164696,0
-21.898235,72.10294,0
19.843096,110.699974,0
-39.48197,-14.354776,0
-35.261227,-127.378876,0
-1.380659,-102.81436,0
140.55412,37.728832,0
90.33266,-61.316177,0
40.14398,37.105923,0
-31.53362,29.123547,0
36.618877,68.80158,0
-10.232814,3.3018599,0
1.1491953,-16.437899,0
35.931442,-48.914288,0
104.46604,80.81723,0
122.63778,-30.696663,0
-104.17667,-44.56982,0
-56.69634,118.96367,0
16.925224,161.92784,0
-92.19932,2.269266,0
-110.054794,-68.65362,0
54.563366,-140.70847,0
146.60281,21.06526,0
80.903076,-72.87148,0
48.651165,26.986765,0
36.54965,31.724361,0
34.691315,60.469135,0
-4.9233546,-0.99117595,0
6.5780454,-7.987462,0
36.330208,-37.21641,0
89.75663,31.391981,0
74.62118,-4.71104,0
-175.26956,-13.232276,0
-94.0394,117.92465,0
-24.338543,171.40982,0
-134.38358,49.429104,0
-133.2964,-102.753525,0
12.810527,-177.2503,0
156.501,43.251507,0
115.906845,-51.587173,0
53.652714,37.505707,0
9.18412,62.7865,0
11.731129,71.22214,0
-9.140645,-71.53533,0
-14.004303,-75.63889,0
31.79932,-75.31454,0
118.479904,101.7235,0
132.84056,-10.202248,0
-97.073395,-43.658466,0
-90.19586,57.33824,0
40.83095,165.92693,0
-99.04058,-15.879488,0
-95.37141,-61.20417,0
68.42823,-124.74414,0
153.47453,49.185204,0
106.901,-34.48252,0
-129.28029,-2.4406798,0
50.479763,42.285263,0
1.8966007,63.728394,0
-77.14725,19.106462,0
-83.2933,-88.06269,0
42.600525,-80.886185,0
65.82104,119.59572,0
147.97995,-76.088486,0
-20.883625,-78.3313,0
-7.223405,67.31626,0
18.436527,84.32243,0
-23.691076,-4.183344,0
-26.106842,-101.99685,0
18.730997,-78.81418,0
90.132645,34.677242,0
61.837708,-15.028044,0
-172.2837,-25.818134,0
-82.23006,120.40901,0
-16.23846,176.29362,0
-124.42647,49.92426,0
-133.03163,-117.310455,0
19.274967,-172.8671,0
120.98112,108.57832,0
130.82582,-2.3708608,0
-92.92932,-47.650627,0
-85.640396,61.941723,0
37.800625,171.72241,0
-92.29606,-14.751871,0
-94.056175,-68.81034,0
66.548775,-117.707985,0
95.34434,30.945358,0
89.628174,-0.28254077,0
-178.1892,-1.7887262,0
-100.19807,112.18334,0
-33.77377,156.7905,0
-146.66151,45.193478,0
-130.67564,-91.977745,0
2.6335328,-171.63455,0
70.876335,111.05128,0
155.69772,-67.031624,0
-33.456215,-77.666824,0
-15.188778,69.779366,0
35.86337,104.04894,0
-76.41174,-12.019584,0
-31.422987,-91.75707,0
25.537317,-85.91761,0
117.916824,108.10665,0
130.76804,-7.3009305,0
-93.4427,-52.307194,0
-81.928566,59.21524,0
40.783527,169.70529,0
-96.752716,-12.730779,0
-92.86118,-62.30374,0
65.26203,-122.74497,0
136.71161,66.68226,0
111.96173,-68.752556,0
-72.50791,-29.25201,0
-62.253353,58.928017,0
36.878796,138.92842,0
-61.695663,25.327934,0
-78.085945,-131.64084,0
38.778652,-113.28215,0
93.27039,59.170166,0
72.067894,-32.9154,0
-134.87398,-27.524952,0
-68.33407,100.866974,0
-10.095408,139.73718,0
-98.89619,31.701368,0
-113.33534,-107.84923,0
35.500484,-148.82649,0
141.96002,90.90543,0
121.98289,-95.06352,0
-21.70742,-43.06937,0
-36.93384,42.32964,0
45.7702,147.08499,0
-22.111382,-24.150843,0
-48.30841,-85.39063,0
55.16438,-98.565056,0
73.63518,112.78175,0
154.95511,-70.628075,0
-29.96351,-76.17993,0
-11.872288,72.44012,0
12.20875,90.23378,0
-24.56236,3.7610912,0
-30.144512,-96.708176,0
21.600397,-76.57837,0
79.98655,99.55285,0
155.56519,-33.211555,0
-41.408783,-61.5295,0
-20.6608,84.81846,0
6.6692276,104.72208,0
-41.32197,-2.0259588,0
-41.835968,-127.7655,0
-4.96499,-103.47144,0
67.52266,51.04843,0
115.20457,-10.943247,0
-138.19838,-46.73543,0
-100.90553,92.91408,0
-19.440607,139.47502,0
-113.981285,7.2630205,0
-133.44788,-77.14036,0
41.95908,-156.85434,0
90.71739,107.6643,0
159.66107,-50.431095,0
-43.34269,-52.199333,0
-22.943153,82.8195,0
17.321991,108.36236,0
-37.161625,-15.942296,0
-45.854275,-116.20513,0
6.813478,-103.13677,0
143.74353,48.171516,0
110.777824,-41.54955,0
-111.021645,-25.073866,0
41.000305,40.430138,0
2.7396734,55.16051,0
-84.85401,17.458363,0
-84.62453,-93.78295,0
45.68299,-88.83422,0
133.57576,68.87052,0
114.16903,-70.25587,0
-69.63965,-30.181622,0
-59.186016,60.025665,0
34.066475,136.76846,0
-60.936733,22.468657,0
-77.03798,-129.9975,0
36.03278,-110.59829,0
120.783134,108.254814,0
131.19765,-2.0327597,0
-92.27513,-47.547253,0
-86.24169,63.535416,0
36.39156,171.85298,0
-91.73593,-15.243552,0
-93.534004,-69.259865,0
65.52524,-117.89171,0
113.821915,111.38956,0
131.36188,-12.958084,0
-82.59065,-48.833275,0
-80.234344,55.463245,0
39.194565,162.51007,0
-86.26903,-6.666082,0
-88.671616,-60.755333,0
60.34483,-126.07373,0
107.58232,33.8204,0
78.28698,-8.656337,0
-171.68279,-10.462636,0
-104.561295,123.53848,0
-35.546394,173.45139,0
-137.66562,39.28593,0
-120.357574,-100.34603,0
6.75005,-164.99742,0
96.39494,87.45166,0
134.78548,-28.23286,0
-67.85487,-69.044395,0
-41.32624,100.39439,0
1.3551954,120.93487,0
-72.596535,-0.693047,0
-72.996376,-96.30109,0
9.217699,-121.342445,0
167.97171,10.480462,0
78.97629,-88.25451,0
39.852516,13.733688,0
9.2191515,33.34026,0
9.144095,33.895256,0
12.747372,16.774992,0
15.112076,14.435697,0
42.605553,-14.583125,0
107.74701,136.3559,0
99.84816,-128.2594,1
12.211107,-58.45808,0
-6.8943214,48.56145,0
72.35452,165.23376,0
-1.4871262,-31.32488,0
-0.28258285,-63.209362,0
61.204132,-63.09251,0
151.63258,48.945164,0
121.27464,-72.40246,0
-52.65625,-33.75394,0
49.5229,43.00124,0
2.3584473,62.21383,0
-77.88241,17.303997,0
-62.057392,-94.19435,0
40.202065,-83.28147,0
131.25316,61.370102,0
112.25748,-62.370304,0
-72.8312,-37.17255,0
-64.72245,65.67683,0
28.174133,141.61604,0
-68.410164,26.089396,0
-86.23059,-127.432014,0
33.365776,-119.07821,0
107.0237,48.498077,0
84.22619,-24.279211,0
-148.87146,-12.1761055,0
-87.85847,89.2059,0
-2.496179,153.36937,0
-122.8877,25.30804,0
-106.79763,-116.96374,0
5.197667,-149.58476,0
66.78363,88.84044,0
161.86797,-21.59751,0
-58.98158,-61.065502,0
-36.5032,89.02541,0
1.1472505,95.88352,0
-61.3379,-7.7277703,0
-62.4562,-104.04896,0
-12.515007,-127.77868,0
129.0233,76.37815,0
121.69684,-74.664825,0
-57.081276,-32.369858,0
-51.470703,55.85817,0
33.53574,128.5568,0
-51.190353,18.288208,0
-60.589573,-92.71091,0
29.204336,-102.486465,0
68.16628,48.367657,0
116.10046,-8.564739,0
-141.33319,-47.030354,0
-98.71774,95.32402,0
-21.552473,142.43942,0
-114.44543,9.846656,0
-132.43947,-79.02663,0
40.896553,-159.22546,0
143.31274,93.90337,0
124.34799,-102.02242,0
-17.333624,-39.2747,0
-30.62633,42.731293,0
51.402153,149.86172,0
-18.122917,-28.105091,0
-41.58685,-87.45277,0
59.351574,-94.716064,0
120.28908,34.045433,0
74.7637,4.4680643,0
-154.85315,2.0695627,0
-90.28044,77.56291,0
-36.10364,143.73344,0
-149.64868,32.56303,0
-106.43629,-86.17729,0
-7.8571053,-155.52838,0
75.92096,93.175545,0
153.42108,-30.249285,0
-44.042957,-61.64352,0
-24.88359,86.989204,0
5.9032617,103.976204,0
-53.715115,-3.2881057,0
-50.812878,-118.956154,0
-6.531414,-112.01846,0
107.80037,62.211445,0
99.03552,-39.07124,0
-123.59142,-27.845545,0
-61.362747,96.60985,0
-0.84681606,136.62218,0
-90.50254,27.44334,0
-89.75654,-102.6419,0
31.938105,-133.54686,0
77.85651,62.82881,0
101.661316,-47.611763,0
-119.82386,-23.046127,0
-55.63047,108.90651,0
-6.377159,127.41975,0
-84.73608,32.727726,0
-92.2179,-95.51626,0
39.536526,-135.26851,0
154.10812,34.97522,0
110.99305,-54.55057,0
39.222527,16.122845,0
18.866796,62.45524,0
19.007582,63.39276,0
-8.2625675,-16.70156,0
-9.644207,-17.854298,0
34.560246,-69.7484,0
152.74088,48.364468,0
112.3327,-42.188435,0
-105.407455,-33.61844,0
52.11774,40.37768,0
2.6197646,63.643852,0
-78.28884,18.951214,0
-81.03858,-92.12951,0
41.451305,-81.932556,0
118.89756,80.36997,0
130.80551,-57.952103,0
-59.672554,-40.897453,0
-45.81861,62.124283,0
23.689981,126.66823,0
-28.636686,-6.124657,0
-30.803583,-103.183945,0
17.831978,-85.36288,0
58.629642,105.16205,0
140.52023,-61.945015,0
-40.073177,-33.399208,0
-34.465252,60.529823,0
32.761333,96.086975,0
-37.987648,10.510464,0
-57.395325,-140.3081,0
8.992262,-86.64935,0
87.55166,60.071495,0
70.12889,-30.489548,0
-134.44379,-26.452206,0
-68.53221,100.08566,0
-12.699486,139.76672,0
-96.63748,29.450045,0
-114.65121,-107.677635,0
37.5958,-149.04457,0
116.43094,138.4415,0
95.47116,-115.66242,1
16.439463,-50.566303,0
-13.828551,40.170982,0
80.182304,147.33345,0
5.746032,-29.810171,0
-7.6624255,-56.7634,0
49.717228,-62.936462,0
70.26179,87.81809,0
157.63269,-19.90098,0
-59.194775,-67.15603,0
-33.148846,93.55663,0
-2.461765,102.9138,0
-62.23762,-3.9252198,0
-59.665417,-104.1933,0
-10.7525,-122.56996,0
118.735405,145.4356,0
91.57667,-113.6371,1
19.951258,-49.826225,0
-7.8106384,34.66431,0
81.379196,152.09056,0
7.586957,-26.51595,0
-10.903024,-59.428062,0
53.30387,-55.32445,0
121.321465,67.51433,0
117.522804,-20.136799,0
-126.80204,-48.760174,0
-57.601624,86.34519,0
16.201992,152.58287,0
-106.61038,4.912062,0
-127.51497,-67.67482,0
50.732193,-148.52603,0
146.90974,48.27146,0
107.72408,-40.836494,0
-112.49955,-25.640406,0
45.27183,43.684135,0
0.63139665,57.689114,0
-84.33091,17.199259,0
-87.14827,-89.77009,0
44.781197,-86.346375,0
75.5711,66.61919,0
95.82332,-49.024075,0
-119.7457,-17.692364,0
-55.509884,102.0527,0
-5.481426,129.10822,0
-88.57748,32.839836,0
-88.73672,-99.67076,0
34.79424,-133.91185,0
92.00131,37.516872,0
75.920715,-39.09553,0
-147.04478,-28.990553,0
-75.410995,98.92535,0
-4.51524,148.74257,0
-106.78793,36.763435,0
-108.825615,-132.81288,0
20.184742,-146.85397,0
127.02642,74.22353,0
133.6497,-68.3272,0
-46.44622,-27.039711,0
-46.92898,67.16453,0
33.277138,121.18131,0
-42.785755,16.923498,0
-65.606766,-135.74855,0
20.91918,-95.321304,0
74.628334,81.43764,0
145.33716,-20.142395,0
-52.36711,-71.89249,0
-28.114334,97.28101,0
-5.301222,110.856705,0
-58.18821,6.869367,0
-59.58221,-108.71771,0
-0.11724237,-124.58444,0
69.43725,63.037895,0
113.9325,-16.529768,0
-136.00557,-46.084618,0
-89.97786,103.01428,0
-18.55464,140.50174,0
-119.33358,15.713273,0
-129.4379,-74.31258,0
43.043324,-155.51097,0
124.794106,100.704605,0
134.37589,-84.93079,0
-92.06507,-33.814453,0
-48.016273,44.581448,0
33.17722,159.55281,0
-89.63145,-24.882189,0
-84.837296,-81.50702,0
54.24054,-113.38701,0
93.08278,70.60662,0
105.912994,-20.783587,0
-141.26381,-3.3867316,0
-116.24945,93.335144,0
-26.818346,127.635,0
-125.95271,8.3959,0
-151.1922,-78.31008,0
57.633507,-163.70786,0
126.66522,96.57422,0
132.66655,-83.826904,0
-90.134125,-33.3911,0
-47.102425,46.46403,0
32.76082,157.81628,0
-87.79232,-24.07366,0
-83.81189,-80.343956,0
51.909912,-112.76147,0
70.21723,103.560295,0
148.50577,-60.314846,0
-35.509136,-39.315098,0
-35.789806,68.92479,0
26.242615,91.706566,0
-33.175972,3.640436,0
-49.04231,-139.70778,0
3.057425,-88.77796,0
78.071045,66.175644,0
101.135506,-47.45033,0
-119.67092,-23.157122,0
-55.564114,108.69526,0
-6.0820303,127.72344,0
-84.43828,32.626945,0
-92.15891,-96.186,0
39.18812,-134.68835,0
79.44413,92.12027,0
151.97937,-31.293062,0
-43.226395,-63.539707,0
-22.930626,87.42481,0
4.2896824,107.58699,0
-52.389652,-2.2598593,0
-50.63049,-116.38386,0
-4.0304184,-112.577675,0
108.77595,65.71823,0
102.82571,-15.704429,0
-129.79753,-43.39492,0
-72.4654,75.68229,0
10.306087,150.46965,0
-107.825005,12.119982,0
-99.90973,-110.75799,0
52.999184,-160.81363,0
96.78284,38.760185,0
64.3351,-10.883529,0
-166.85728,-21.769743,0
-81.41043,114.07356,0
-10.543978,183.03055,0
-127.17852,46.19746,0
-128.06076,-113.03251,0
25.450262,-170.38928,0
85.6039,65.74152,0
99.39155,3.4685287,0
-126.647995,-23.066086,0
-59.13407,101.21779,0
-45.680534,168.30186,0
-88.18296,37.60627,0
-96.93328,-88.626205,0
42.807102,-144.53093,0
99.76156,75.41795,0
110.52796,-25.695482,0
-139.18271,4.681113,0
-122.024765,88.3105,0
-30.82273,121.4977,0
-133.20332,10.783772,0
-158.45192,-76.83422,0
65.01376,-162.76367,0
115.42526,141.99045,0
92.00153,-112.89345,1
19.468607,-49.512917,0
-5.838988,35.26475,0
81.16779,149.51337,0
8.314895,-26.485468,0
-12.5440855,-58.946198,0
52.56392,-54.737625,0
165.36443,17.234276,0
86.06392,-79.8536,0
20.145998,-14.145663,0
21.21335,-15.613174,0
11.752316,48.85195,0
20.832603,-14.743829,0
19.433338,-12.769298,0
30.497326,-19.098532,0
98.185715,23.19802,0
84.45273,2.404227,0
-175.40736,-2.9977145,0
-102.99126,113.03231,0
-31.950586,169.38063,0
-146.28316,49.50235,0
-128.03033,-94.77044,0
2.8626385,-176.8638,0
152.34964,18.768223,0
77.5451,-74.96733,0
53.594856,24.200642,0
58.39012,31.456917,0
29.294804,55.0228,0
2.8178096,1.5118632,0
6.518188,-5.1439133,0
39.17682,-33.15841,0
93.46514,37.780342,0
70.485115,-9.372764,0
-174.69478,-20.01153,0
-90.49356,121.90242,0
-20.187626,170.79085,0
-126.81314,50.003246,0
-133.45126,-112.05424,0
21.970892,-178.06825,0
105.54358,25.875963,0
90.535545,-10.111853,0
-159.23793,-3.7051187,0
-99.71897,106.141205,0
-31.157038,152.66365,0
-142.52914,36.631706,0
-106.96997,-92.65111,0
-2.6040227,-155.76624,0
115.1108,68.947395,0
91.48007,-13.098876,0
-131.62862,-10.379069,0
-52.865425,83.51265,0
12.614286,139.49255,0
-73.68042,14.395096,0
-85.602264,-115.6214,0
17.269083,-122.7673,0
143.36446,92.88792,0
122.814995,-101.5046,0
-17.990746,-38.466766,0
-32.33014,42.804504,0
50.799404,148.995,0
-19.442207,-29.010576,0
-42.512726,-88.663826,0
58.82118,-94.42827,0
128.43661,45.656845,0
91.24316,-46.129257,0
-119.40133,-12.588213,0
-83.341354,70.90722,0
29.58082,168.90309,0
-91.53985,24.09187,0
-88.24911,-107.31545,0
5.8906174,-144.32233,0
86.164825,35.480057,0
57.587944,-17.583967,0
-174.6819,-30.846529,0
-83.41541,122.25245,0
-16.56019,174.78896,0
-123.38572,55.159996,0
-136.03009,-122.2171,0
17.949112,-171.15573,0
78.55044,98.2776,0
156.6898,-44.47721,0
-30.740164,-60.10426,0
-19.866528,76.332275,0
11.003972,99.39734,0
-43.467464,-4.1082478,0
-36.980324,-127.50681,0
-1.4136465,-103.53208,0
64.87902,102.82579,0
145.8392,-62.176758,0
-34.582466,-34.589264,0
-36.26774,65.43111,0
30.648355,91.05085,0
-31.767162,7.118261,0
-52.01932,-141.38292,0
3.3392692,-84.352806,0
98.18823,22.50551,0
84.11608,2.3965333,0
-175.75351,-3.816615,0
-99.48128,114.22322,0
-30.966368,169.75343,0
-146.20273,49.70543,0
-127.61356,-94.43558,0
2.862034,-176.68102,0
161.74867,36.88113,0
104.491005,-47.601063,0
-111.96718,-18.613716,0
29.385693,21.543158,0
18.98626,71.014305,0
-76.74713,27.969126,0
-90.07456,-96.58232,0
42.233273,-74.31868,0
133.12968,64.73398,0
112.2211,-66.04924,0
-72.82745,-33.535137,0
-62.61477,61.668995,0
31.528109,139.86816,0
-64.85806,25.234203,0
-81.03663,-130.28918,0
35.18169,-113.421265,0
120.285446,57.43566,0
89.440506,-23.188896,0
-142.45514,-13.612813,0
-74.71028,81.76915,0
3.9905136,153.76901,0
-107.24835,20.458916,0
-98.078735,-118.861,0
16.515734,-133.57246,0
92.755875,64.4671,0
102.634766,6.781346,0
-185.23495,15.54586,0
-116.6813,113.29777,0
-42.679737,170.6528,0
-140.09914,21.946825,0
-146.25867,-93.44257,0
40.09994,-173.69194,0
120.326416,63.27115,0
117.14924,-29.562675,0
-110.47724,-42.003284,0
-54.317036,125.15625,0
20.787018,158.1433,0
-92.57776,7.4117827,0
-107.4906,-70.57258,0
51.260113,-140.18672,0
137.09398,34.19866,0
83.69465,-60.09114,0
-26.883205,18.473927,0
-26.096394,27.249287,0
31.409492,75.12133,0
-27.71664,21.489658,0
-25.150919,15.620038,0
31.991453,-47.939453,0
102.8209,30.266304,0
85.43312,-4.407983,0
-167.46358,-3.4991615,0
-93.998055,107.55135,0
-39.575146,157.36409,0
-144.91313,57.27085,0
-116.19485,-96.41977,0
3.3720698,-166.88148,0
95.127815,73.80856,0
107.673515,-25.86408,0
-138.44096,1.4221219,0
-118.15032,88.967865,0
-28.72997,124.16207,0
-130.1895,9.247849,0
-156.1865,-74.45731,0
61.32718,-161.56577,0
101.16438,43.281483,0
77.39185,-27.910904,0
-142.75114,-27.043608,0
-80.83144,102.37222,0
-15.869941,146.89136,0
-119.71027,23.270384,0
-114.54006,-116.73977,0
22.582165,-156.17007,0
108.54852,109.92842,0
140.81705,-37.90744,0
-81.37115,-54.396854,0
-78.56583,53.29116,0
40.153294,110.009415,0
-82.49271,-8.450644,0
-81.03565,-68.38513,0
31.646008,-86.39416,0
91.13588,54.186592,0
74.92216,-40.78378,0
-144.38226,-31.2737,0
-71.32729,97.08741,0
-4.307086,144.7605,0
-101.42833,35.761658,0
-104.89886,-133.73213,0
29.629904,-146.90875,0
171.90858,15.34262,0
87.05875,-87.29734,0
48.316734,-1.3066998,0
43.81355,-2.8799498,0
5.3141317,45.55046,0
46.41059,-2.489865,0
50.234283,-0.021983147,0
44.865986,-9.133127,0
82.363014,43.14822,0
55.85872,-16.444046,0
-176.04088,-30.468578,0
-82.91441,123.13394,0
-17.071793,177.52931,0
-122.5359,56.496857,0
-137.55243,-121.86231,0
17.05777,-172.83002,0
77.46382,33.50759,0
59.592037,-32.037968,0
-160.92537,-38.4674,0
-72.8509,119.400764,0
-6.7854376,171.18225,0
-121.42299,42.65644,0
-127.16893,-132.56168,0
17.648293,-161.10197,0
157.95338,16.912603,0
75.23507,-75.67962,0
58.154186,23.844034,0
35.37867,17.355152,0
23.059864,54.368656,0
4.6040316,0.14793359,0
8.106374,-1.5852822,0
37.218006,-29.434708,0
106.73669,22.017324,0
92.35913,1.2852895,0
-180.01065,0.4410565,0
-101.64249,103.863594,0
-29.84532,156.29173,0
-151.46155,43.507675,0
-128.09473,-85.72631,0
-3.536251,-170.78792,0
170.49698,15.3535185,0
86.03639,-86.18516,0
46.059753,0.8258526,0
43.191128,-0.5495622,0
6.6720552,46.020775,0
44.900814,0.21583872,0
48.128635,1.5964696,0
43.385635,-9.495566,0
120.471245,69.17836,0
117.17351,-21.284693,0
-125.984955,-47.288025,0
-58.365467,85.18487,0
16.52363,151.33287,0
-105.530365,5.8303323,0
-126.21093,-67.00118,0
51.342255,-147.23415,0
66.4776,48.505672,0
113.824425,-7.2535224,0
-142.97516,-49.683876,0
-97.21009,99.167725,0
-23.691607,146.33876,0
-116.08217,10.124947,0
-134.01878,-80.53598,0
39.872856,-160.83025,0
91.97591,73.99548,0
105.26334,-30.064205,0
-133.15048,-0.58465874,0
-116.8296,83.69441,0
-23.504848,123.85373,0
-129.42615,4.2455096,0
-154.86755,-69.79119,0
60.794224,-156.73605,0
105.19775,42.03507,0
81.72148,-28.1578,0
-154.21307,-15.384658,0
-87.533264,95.02645,0
-16.074059,151.40518,0
-119.43862,26.23032,0
-110.64927,-119.46422,0
7.1823764,-152.89537,0
135.1061,62.872025,0
110.22136,-65.52439,0
-75.24974,-33.792492,0
-65.44359,61.304333,0
32.246796,140.8061,0
-65.08178,27.43297,0
-83.44269,-130.52972,0
39.411972,-117.81917,0
63.435646,48.420223,0
111.46775,-11.229624,0
-136.07022,-47.645226,0
-101.70244,95.82294,0
-20.393822,137.8159,0
-116.289116,5.529384,0
-136.17567,-75.39863,0
43.464367,-156.92862,0
79.38553,34.09815,0
63.051838,-23.849024,0
-165.95535,-32.42092,0
-79.37033,126.30657,0
-9.176483,169.06026,0
-114.96298,48.224384,0
-125.62175,-125.02624,0
14.060808,-161.49202,0
142.36691,16.327812,0
87.62854,-65.62263,0
59.71715,28.147436,0
47.601868,34.623215,0
38.85333,55.73589,0
-0.01972922,3.548719,0
0.4969495,-6.26521,0
42.05259,-41.92377,0
82.79599,38.43388,0
57.074215,-19.598509,0
-173.13417,-33.904583,0
-81.00956,119.98664,0
-13.7761755,177.76196,0
-119.278694,56.696503,0
-136.14868,-123.63907,0
20.554714,-169.23105,0
118.314766,64.138565,0
91.6603,-31.46664,0
-136.29315,-19.89795,0
-68.63206,81.76222,0
6.796575,154.83224,0
-107.13413,23.676517,0
-100.474396,-123.21177,0
18.149754,-138.09036,0
94.13507,106.39506,0
153.79108,-47.176613,0
-47.56321,-52.252487,0
-18.55018,70.40149,0
28.281559,102.85335,0
-77.91079,-10.3951845,0
-34.15884,-125.31223,0
18.53683,-99.593506,0
88.7597,40.23985,0
62.51319,-18.466345,0
-170.22629,-28.085958,0
-84.09085,125.81538,0
-18.048504,178.07161,0
-120.55884,53.42485,0
-131.78621,-121.1797,0
13.620364,-170.0379,0
67.23449,117.69249,0
151.18205,-76.140625,0
-23.76798,-78.6044,0
-5.5198236,71.5639,0
15.306278,83.947815,0
-21.865004,-1.0473788,0
-25.211367,-98.75111,0
16.049068,-75.59501,0
85.9408,46.526295,0
61.446243,-29.546144,0
-162.70831,-34.389305,0
-75.37676,117.97808,0
-4.9514313,174.23758,0
-109.552414,48.08871,0
-124.51447,-130.20006,0
20.505037,-159.67833,0
119.85331,29.870354,0
73.58336,10.41499,0
-157.19504,8.227972,0
-95.610405,78.99838,0
-41.55445,145.86539,0
-153.3812,30.43837,0
-108.95033,-81.95968,0
-9.414783,-159.0519,0
108.828575,92.25639,0
127.29609,-24.13874,0
-117.066055,-40.100903,0
-62.057453,72.37898,0
10.164556,169.86032,0
-100.8487,1.0004249,0
-118.377045,-63.258816,0
26.451618,-128.77336,0
64.24944,80.901085,0
162.19113,-13.945573,0
-66.49659,-62.37515,0
-42.22476,91.911644,0
-4.7760024,94.89818,0
-66.46843,-6.5310926,0
-68.91187,-103.33219,0
-7.76876,-134.88458,0
84.82696,27.740002,0
65.029465,-2.4695084,0
-181.55309,-20.458324,0
-91.7759,125.23435,0
-24.059381,178.81017,0
-130.98044,58.372353,0
-141.12839,-110.329994,0
15.771873,-182.2179,0
81.30572,84.49249,0
143.57776,-24.451277,0
-49.419678,-71.47054,0
-24.92776,96.728294,0
-2.4052722,113.15997,0
-53.999622,6.355334,0
-54.742596,-107.126854,0
0.41206646,-120.57479,0
77.12776,100.004395,0
162.5266,-41.555058,0
-32.0423,-54.002373,0
-26.73849,75.20887,0
16.380327,95.74355,0
-38.452423,-4.1802745,0
-42.006416,-131.19534,0
-4.7016926,-99.077545,0
85.27939,86.35056,0
145.53114,-28.081968,0
-45.63836,-68.816574,0
-24.021235,94.114555,0
5.325168,109.87996,0
-52.661713,3.4459996,0
-51.938564,-110.14015,0
-0.10839589,-114.74039,0
139.35172,94.79395,0
121.95457,-100.362076,0
-19.13787,-37.24263,0
-30.334389,44.03893,0
50.77838,147.20337,0
-20.254177,-29.615961,0
-43.108818,-89.94212,0
56.89706,-93.156075,0
105.07233,40.398026,0
82.116844,-29.238224,0
-153.40393,-16.984762,0
-86.67743,94.45379,0
-15.660497,153.24782,0
-118.62278,26.932928,0
-110.75121,-121.15718,0
7.2248216,-153.75024,0
82.684044,65.64999,0
97.6264,-48.675068,0
-118.56107,-20.225199,0
-55.105244,104.04569,0
-5.7999434,124.897194,0
-81.25197,34.069817,0
-91.84186,-98.776855,0
37.141563,-134.43948,0
66.50547,45.454636,0
115.28544,-5.490131,0
-145.29286,-48.365154,0
-96.2326,97.11491,0
-25.484015,144.88293,0
-118.33667,10.664584,0
-136.349,-81.11931,0
40.10282,-163.34946,0
162.19475,10.107154,0
75.571884,-84.29003,0
46.684353,12.455772,0
21.524359,38.076393,0
21.256184,38.431694,0
21.604307,5.499081,0
20.514343,5.8058915,0
40.495895,-23.064404,0
84.111305,49.582294,0
74.18434,-45.13153,0
-148.06436,-34.611404,0
-68.47622,107.08992,0
-2.0443623,141.68988,0
-99.76677,41.774124,0
-111.34905,-139.93373,0
25.992006,-147.96619,0
92.21031,57.60669,0
69.622,-35.07185,0
-133.64552,-31.522015,0
-65.25635,102.17352,0
-8.869599,138.2829,0
-97.09229,35.2419,0
-111.43863,-102.660675,0
31.600363,-146.10048,0
108.07809,137.11145,0
102.666885,-128.14255,1
9.954023,-56.019382,0
-9.568864,47.980946,0
69.99181,163.71866,0
-2.07667,-34.16891,0
0.5263226,-60.461926,0
60.517853,-67.326614,0
144.43745,22.536568,0
80.45086,-68.70951,0
44.809166,30.696571,0
35.32902,30.352795,0
35.54171,62.52028,0
-7.1602044,1.1798098,0
5.7369313,-11.994105,0
36.01645,-40.92941,0
93.239784,44.85784,0
81.86713,-37.836643,0
-148.66478,-27.36123,0
-79.238914,97.42753,0
-10.044031,153.68903,0
-111.78585,36.03324,0
-112.85032,-130.33076,0
17.259789,-149.51128,0
78.23879,99.95318,0
158.60371,-42.382378,0
-32.208736,-57.597435,0
-22.461319,75.99442,0
13.511256,97.28952,0
-42.640038,-5.5840945,0
-40.165062,-128.06262,0
-3.053445,-102.196754,0
111.710884,103.800575,0
138.1252,-38.60036,0
-83.45464,-46.996418,0
-81.42942,51.41311,0
41.71252,162.6976,0
-85.378136,-14.634461,0
-85.212105,-63.471832,0
32.906933,-93.6216,0
161.19603,45.85463,0
113.69567,-51.3298,0
-2.583831,-75.09223,0
61.10234,29.546349,0
7.973269,69.62468,0
-2.9918177,-76.07912,0
-22.071932,-65.91726,0
29.018402,-71.98413,0
134.78152,64.9561,0
110.95699,-67.62135,0
-73.57925,-32.016632,0
-64.209595,59.412113,0
34.14168,140.26917,0
-63.17874,26.100597,0
-80.44678,-131.51807,0
38.18233,-114.44244,0
78.47657,63.013054,0
99.90562,-49.45243,0
-120.649605,-22.083332,0
-55.737873,106.96043,0
-7.2645264,126.79547,0
-83.073524,34.372753,0
-93.79341,-95.35746,0
38.439022,-135.4317,0
70.42929,112.534096,0
155.69592,-67.60937,0
-32.68479,-77.5892,0
-15.260612,70.05379,0
35.90239,104.840805,0
-75.803116,-11.818461,0
-30.962473,-92.203476,0
24.321012,-86.06557,0
116.27904,21.066319,0
78.926765,15.480732,0
-162.91705,13.824124,0
-103.4375,81.67212,0
-47.516308,151.38403,0
-160.0009,35.289516,0
-116.095894,-77.92625,0
-14.346672,-166.42418,0
81.068436,40.7394,0
56.519558,-22.931948,0
-168.21793,-34.241158,0
-78.04303,124.25494,0
-13.003752,174.20938,0
-116.00034,54.85586,0
-133.06578,-126.99168,0
22.237564,-164.47238,0
154.80353,58.71343,0
97.156784,-74.09028,0
-10.715505,15.524237,0
-8.307736,18.738935,0
40.991272,82.71453,0
-9.954669,16.78476,0
-11.610837,13.668669,0
32.332466,-60.670128,0
110.37858,106.29813,0
142.16833,-47.377888,0
-49.192043,-37.200287,0
-71.94403,54.205654,0
39.49392,102.89309,0
-78.888054,-14.478451,0
-76.92772,-67.65724,0
26.773302,-89.63576,0
104.37582,65.20649,0
103.34365,-0.3769819,0
-177.1526,18.435738,0
-121.8343,108.692764,0
-49.08833,173.55382,0
-133.08237,20.897532,0
-151.97859,-94.2548,0
45.91877,-172.3344,0
141.87935,18.167353,0
89.040085,-64.74455,0
56.585903,21.518839,0
48.832256,35.41332,0
38.398285,57.106556,0
-2.7299385,-4.69032,0
-0.008573633,-9.383182,0
40.915787,-42.629745,0
128.48344,64.01565,0
112.294235,-71.11117,0
-70.883644,-31.546011,0
-60.663296,60.619663,0
33.9196,138.48376,0
-63.14701,23.474983,0
-79.65511,-130.70819,0
33.81844,-110.96431,0
87.835434,39.30505,0
62.117657,-16.97267,0
-171.44461,-27.32512,0
-85.52862,123.97254,0
-19.54149,173.02058,0
-121.740746,51.58133,0
-132.13052,-120.22783,0
14.489582,-168.93196,0
93.86483,74.12136,0
106.15718,-28.159496,0
-135.58727,0.114050925,0
-117.02521,87.60739,0
-26.066689,124.302704,0
-129.53072,6.357417,0
-155.18347,-72.80657,0
60.71081,-158.91315,0
141.70175,40.43297,0
94.479164,-58.61719,0
36.574467,36.75429,0
-33.67794,29.286053,0
38.436447,69.40957,0
-12.163525,5.010355,0
-1.1612573,-17.624279,0
37.818176,-51.75887,0
142.88554,18.34001,0
88.35029,-65.0146,0
57.99154,21.635174,0
51.620228,36.152096,0
37.39048,56.98822,0
-2.3603318,-3.919046,0
0.67587787,-8.99022,0
40.548805,-41.810516,0
74.67834,101.08904,0
162.74487,-42.707836,0
-30.881786,-53.680992,0
-28.414793,75.08838,0
17.654634,95.85057,0
-37.69853,-5.0734677,0
-41.37636,-132.27568,0
-4.764397,-97.48065,0
145.30295,45.923717,0
94.10726,-47.896492,0
-117.84476,-16.208559,0
42.09676,41.408077,0
2.5705404,56.353214,0
-84.78216,21.378828,0
-86.464294,-99.72055,0
47.274147,-85.96237,0
103.43121,85.182076,0
119.7769,-32.263046,0
-106.85155,-42.110096,0
-56.722206,123.33223,0
20.559214,162.48134,0
-89.5655,4.672612,0
-107.477806,-65.39107,0
54.083954,-136.26123,0
107.92131,132.60902,0
103.14628,-127.59554,1
10.686092,-55.63159,0
-10.747448,44.134842,0
68.88468,165.13443,0
-1.0537333,-34.526783,0
-0.94918597,-59.87191,0
61.410927,-68.14334,0
95.791695,38.629337,0
65.10901,-11.146138,0
-166.08252,-21.654278,0
-80.95961,112.662,0
-11.526221,183.59836,0
-128.63077,46.629436,0
-128.82234,-112.30749,0
25.411282,-170.94072,0
125.50522,82.84192,0
131.30261,-60.66571,0
-58.04138,-38.583984,0
-46.404205,60.43782,0
27.15953,125.539856,0
-28.006718,-3.3105867,0
-34.023422,-101.19517,0
25.38672,-100.96483,0
141.98926,89.357544,0
120.710785,-97.10845,0
-23.661816,-40.071304,0
-34.691925,47.021484,0
47.42366,145.50189,0
-24.412437,-25.850561,0
-47.346767,-88.57776,0
53.92521,-95.43402,0
86.10391,69.82198,0
103.55342,-40.05148,0
-118.351776,-29.501234,0
-51.489082,110.0554,0
-4.34834,132.86678,0
-84.59132,27.288057,0
-89.976135,-88.92329,0
43.137302,-131.38945,0
79.239655,41.04475,0
58.11635,-29.499695,0
-163.22337,-37.83494,0
-73.22655,119.990036,0
-9.113966,172.1556,0
-114.854324,52.792355,0
-125.81153,-133.58539,0
23.652681,-161.14337,0
137.58745,73.59665,0
117.65152,-81.01335,0
-62.6233,-26.942873,0
-57.97264,52.290394,0
40.23568,127.82534,0
-54.35524,21.687803,0
-65.52627,-87.524765,0
37.704983,-105.205574,0
82.30911,100.99694,0
159.57515,-37.026157,0
-37.45717,-56.95555,0
-18.531012,78.39864,0
14.828528,106.58956,0
-47.425735,-9.238074,0
-43.780758,-124.41431,0
4.088115,-106.4787,0
140.41425,45.58876,0
134.57152,-57.825516,0
-53.22277,-38.525364,0
35.775814,34.34061,0
41.23827,72.47539,0
-56.830894,-12.194496,0
-67.51922,-93.75255,0
44.28545,-92.55235,0
135.10077,65.09954,0
113.76097,-64.86465,0
-71.01398,-34.23969,0
-61.64093,64.15938,0
29.771189,139.21796,0
-65.86191,23.615692,0
-81.851715,-127.84999,0
34.22273,-115.10187,0
96.63929,67.35203,0
109.92906,5.6159496,0
-181.83781,9.214218,0
-114.60026,104.42821,0
-41.896732,178.50908,0
-140.78337,26.299477,0
-147.00542,-85.82145,0
44.236805,-180.7088,0
69.51735,96.357895,0
156.09987,-29.726665,0
-45.704945,-58.99776,0
-29.610992,83.10737,0
4.8936214,101.04823,0
-55.830734,-6.7044177,0
-53.249134,-122.44542,0
-8.967338,-111.91342,0
81.670944,96.58271,0
155.21252,-37.138836,0
-37.162884,-61.22097,0
-20.223011,81.34149,0
11.280609,103.620186,0
-48.161892,-4.216339,0
-45.428566,-117.4107,0
-1.0120965,-107.11548,0
76.80113,64.53823,0
97.16082,-50.727238,0
-120.271484,-19.749075,0
-56.307335,104.23503,0
-7.3323803,125.31609,0
-86.977875,33.683468,0
-90.262985,-99.09086,0
36.73151,-136.64844,0
69.12811,44.96132,0
82.12326,-32.680252,0
-154.31248,-26.26839,0
-94.12958,97.22525,0
-21.876081,148.95587,0
-113.50021,27.89357,0
-116.27654,-126.709206,0
14.818925,-156.76706,0
79.60019,26.357954,0
68.163994,-4.741772,0
-177.74878,-20.39819,0
-91.35633,123.678406,0
-23.34292,176.64859,0
-134.06754,55.039894,0
-135.79889,-110.213585,0
19.135124,-181.23624,0
111.9628,38.73004,0
82.095665,-24.74868,0
-157.589,-20.410664,0
-90.0739,95.634186,0
-4.4669876,160.15332,0
-124.61342,29.430922,0
-117.227684,-120.18843,0
2.15654,-145.6224,0
144.79198,94.912056,0
124.33956,-103.71562,0
-15.403577,-36.938297,0
-29.15517,43.33685,0
53.28355,149.05632,0
-16.096813,-29.062536,0
-39.818245,-88.893425,0
61.30844,-93.58553,0
112.09937,70.21696,0
168.68759,-18.063162,0
-64.35525,-55.25076,0
-43.04532,83.64661,0
11.64034,121.35173,0
-70.96688,-10.511294,0
-73.07833,-105.97921,0
-15.329499,-135.24916,0
142.65112,21.881868,0
81.67519,-66.95128,0
44.417625,30.78969,0
35.02068,30.829872,0
37.173775,62.30029,0
-8.034113,1.7444979,0
4.7389703,-13.370839,0
36.696503,-42.638496,0
95.68476,74.83863,0
107.17547,-25.86833,0
-138.49261,0.81412095,0
-118.43693,88.26835,0
-28.130016,124.79071,0
-130.3351,8.636423,0
-155.60751,-74.87962,0
62.303844,-161.81195,0
114.18898,136.08142,0
99.82486,-116.138275,1
11.789391,-48.387775,0
-11.684214,39.5692,0
72.12435,155.29276,0
4.608114,-34.417824,0
-4.721321,-54.86188,0
52.988052,-61.4759,0
113.75671,81.20229,0
124.34711,-49.49409,0
-70.146065,-46.82096,0
-51.777306,78.959694,0
10.501775,129.36545,0
-75.456825,7.947616,0
-76.47433,-112.454315,0
20.698765,-116.709335,0
94.3312,102.7855,0
152.82452,-50.42835,0
-50.45829,-49.446484,0
-27.694172,65.550415,0
20.096283,113.88853,0
-41.9483,-15.3086815,0
-32.27935,-128.61932,0
16.07084,-104.90158,0
104.645226,84.56836,0
121.91508,-32.14037,0
-104.87816,-43.270172,0
-55.43134,119.84504,0
18.248009,163.25511,0
-90.12248,2.336592,0
-109.53604,-66.21553,0
56.588634,-137.84184,0
118.76649,107.837585,0
129.68385,-5.2346096,0
-95.66284,-49.95172,0
-85.899086,59.687767,0
38.50898,169.58867,0
-94.18784,-14.449337,0
-94.07025,-66.429184,0
66.84165,-120.50727,0
128.90271,68.32419,0
119.33892,-65.88187,0
-66.27673,-34.404854,0
-53.16907,62.445675,0
30.182253,133.10384,0
-66.13652,20.43599,0
-79.04215,-125.07282,0
31.756168,-110.24412,0
113.47496,19.953238,0
100.04365,-52.6799,0
-122.91416,-20.952528,0
-57.29949,107.00615,0
-9.255141,126.576126,0
-83.51422,37.44352,0
-97.37598,-92.60099,0
38.875538,-137.98523,0
171.79884,4.5184135,0
84.26221,-95.44124,0
32.52806,-0.24173361,0
32.767883,-7.2885604,0
11.356677,42.712982,0
31.949469,-3.7586062,0
32.946022,2.9641037,0
35.19909,-13.372152,0
113.27571,63.575382,0
90.5909,-14.149481,0
-131.97833,-11.277952,0
-61.99326,87.61156,0
11.159505,139.04233,0
-94.511406,18.207823,0
-85.618164,-116.21778,0
16.345201,-124.4762,0
107.997086,137.4759,0
99.684166,-128.87535,1
13.210133,-58.08523,0
-5.022353,48.22827,0
72.40802,166.4559,0
-0.500588,-31.591894,0
-1.8820049,-62.40475,0
57.77958,-65.19603,0
111.297714,45.706257,0
83.72575,-37.565796,0
-151.64539,-23.45045,0
-78.90968,95.12768,0
-10.589125,155.73631,0
-112.635994,33.835487,0
-110.140656,-127.54086,0
12.445783,-151.93068,0
120.87946,65.10777,0
116.424706,-31.024733,0
-110.57639,-40.794422,0
-59.133606,83.40004,0
22.40189,160.0564,0
-91.586006,7.5809107,0
-105.988594,-69.58154,0
51.0876,-137.35872,0
156.04004,10.643124,0
72.77218,-82.34189,0
61.177444,24.010157,0
21.882576,44.531578,0
22.15111,46.626892,0
12.528842,6.3186584,0
14.729554,5.4597306,0
43.302887,-25.96492,0
121.55166,66.8989,0
117.778854,-20.512619,0
-126.945564,-48.0254,0
-57.631332,86.12171,0
15.77413,152.3695,0
-106.22749,4.8758955,0
-127.16018,-67.51677,0
50.797596,-147.77701,0
139.96097,46.11482,0
117.13049,-80.67074,0
-63.881203,-25.721155,0
36.263786,34.74083,0
41.47693,72.45569,0
-57.131165,29.512072,0
-65.55955,-87.24895,0
45.415794,-94.44631,0
93.23473,28.73293,0
82.069496,5.3070707,0
-182.72002,-5.1331773,0
-96.34476,116.02145,0
-26.146732,165.37222,0
-140.88892,43.361904,0
-131.31046,-88.334206,0
7.921695,-171.8923,0
87.50404,86.81278,0
142.35506,-29.053642,0
-44.782978,-72.169136,0
-21.423786,95.49618,0
0.9495176,115.237885,0
-50.840504,5.423744,0
-51.009808,-107.12531,0
3.6354263,-118.059715,0
114.851585,67.6366,0
90.81124,-11.025896,0
-158.71207,-4.540833,0
-52.51675,84.00186,0
-30.183674,153.11475,0
-141.56084,36.2462,0
-106.16689,-92.77695,0
-3.6667383,-153.60632,0
99.05325,63.777813,0
104.62355,4.8067365,0
-182.43272,15.309033,0
-116.25365,109.66196,0
-44.49879,172.41371,0
-137.29657,23.217764,0
-146.71985,-91.26982,0
42.159786,-175.09808,0
136.37561,72.93354,0
116.29393,-85.47694,0
-64.95279,-22.162382,0
-61.313995,53.7015,0
41.432568,136.227,0
-54.986515,32.829567,0
-70.05584,-82.391014,0
44.797092,-106.42277,0
77.038574,35.861168,0
62.468307,-24.402262,0
-165.93773,-33.51973,0
-77.22153,125.66591,0
-10.4832115,168.38364,0
-114.985504,47.84712,0
-131.20752,-127.76737,0
15.155789,-163.98543,0
135.67581,67.89263,0
113.469536,-69.43852,0
-70.6982,-29.62379,0
-60.36972,59.381546,0
35.945923,137.86867,0
-61.52481,22.935654,0
-77.37496,-131.18803,0
36.867264,-111.931076,0
152.00877,50.623535,0
118.146835,-78.973145,0
-61.66744,-29.92448,0
50.097702,42.650616,0
2.8404574,62.22109,0
-56.567924,19.753183,0
-63.13777,-89.480515,0
33.16248,-97.77574,0
119.02153,140.9523,0
97.52969,-116.64872,1
12.394232,-50.39132,0
-10.270558,39.037846,0
75.58535,154.919,0
9.748652,-31.58533,0
-6.3958354,-57.626,0
54.607716,-61.855644,0
116.56004,141.33481,0
90.01913,-113.50168,1
21.1927,-50.43867,0
-6.287847,32.67459,0
80.84894,152.67226,0
7.631957,-24.696857,0
-11.526376,-61.137604,0
55.021748,-53.6044,0
137.52606,70.45136,0
113.14878,-75.46867,0
-61.660145,-28.334183,0
-57.920933,53.76364,0
37.846287,132.52136,0
-55.22276,22.958366,0
-64.24684,-88.85665,0
36.427105,-104.426994,0
96.40997,36.280205,0
62.789978,-10.848777,0
-168.68564,-21.17025,0
-83.91357,116.80557,0
-8.586462,181.02354,0
-126.34518,45.28599,0
-129.89822,-113.96888,0
23.161188,-172.2117,0
82.93971,58.31953,0
66.68128,-32.219437,0
-128.75438,-27.959211,0
-62.30207,104.18001,0
-10.472131,133.42465,0
-93.128784,35.824314,0
-115.83367,-103.131134,0
39.075306,-145.09917,0
162.59314,7.299835,0
75.47843,-90.978355,0
52.02845,14.040715,0
16.878422,36.761032,0
15.94395,35.887466,0
15.994692,8.577347,0
18.042112,10.472229,0
42.573048,-18.339092,0
87.94499,40.861023,0
63.879738,-16.948837,0
-170.5422,-26.35727,0
-71.76151,106.876495,0
-18.462194,169.54584,0
-122.82609,49.23878,0
-130.69415,-118.78365,0
22.759619,-148.90172,0
72.02795,122.61362,0
154.10013,-82.13287,0
-23.799412,-85.817444,0
-6.377834,77.947136,0
13.537989,114.3761,0
-18.431679,-6.9537187,0
-23.536005,-89.28836,0
19.708485,-69.834785,0
113.72739,37.93047,0
108.12855,-63.141933,0
-75.64801,-36.56177,0
-67.29979,64.28391,0
40.272552,140.5973,0
-67.78425,29.094208,0
-87.35867,-129.93242,0
36.14416,-119.43223,0
59.493954,104.08426,0
141.8417,-57.67877,0
-44.64391,-35.79577,0
-38.914356,58.608887,0
35.841587,97.5415,0
-40.124474,6.3269463,0
-58.481327,-143.76003,0
11.401509,-84.75969,0
68.58778,94.70833,0
157.10068,-29.53428,0
-47.68969,-56.98512,0
-31.620836,82.820885,0
5.0710588,100.03297,0
-55.45241,-7.1874886,0
-55.126606,-123.613655,0
-9.82076,-111.57426,0
84.52985,43.615997,0
74.49936,-49.330143,0
-153.09929,-37.137337,0
-70.01883,111.46525,0
-18.734415,161.2956,0
-102.51505,45.706417,0
-114.997955,-137.85207,0
23.039595,-152.68031,0
94.389,89.510216,0
135.7649,-30.24388,0
-65.30569,-69.66855,0
-37.752876,99.26617,0
2.0415235,118.289536,0
-71.25515,-1.312925,0
-72.53518,-98.19155,0
8.389224,-119.6619,0
143.32959,91.97365,0
122.09813,-101.791374,0
-17.853643,-36.916744,0
-31.308567,44.33935,0
51.39051,147.37881,0
-19.062376,-29.724777,0
-42.277534,-89.64655,0
57.96002,-93.11404,0
83.56634,33.49689,0
60.818367,-19.4053,0
-169.8797,-30.343763,0
-81.65877,125.93116,0
-16.504103,170.41821,0
-119.2019,50.046844,0
-131.44543,-124.7887,0
16.223072,-167.64291,0
139.35742,77.504684,0
114.297905,-81.03003,0
-60.084026,-24.713966,0
-56.936825,47.525436,0
44.89409,126.49094,0
-53.83423,26.447163,0
-65.35139,-83.93912,0
39.952274,-103.666534,0
79.4554,27.989853,0
70.35174,-4.368276,0
-176.4906,-19.12924,0
-96.63355,120.95194,0
-26.678982,170.80688,0
-135.50417,53.55128,0
-136.33984,-96.74316,0
16.435097,-178.12657,0
106.48661,40.394165,0
81.67392,-26.192886,0
-155.23688,-12.408219,0
-89.6618,98.793144,0
-16.920921,148.60495,0
-122.806496,22.57742,0
-115.09921,-119.11218,0
4.001103,-154.73116,0
87.92803,46.612095,0
77.12526,-47.28544,0
-152.65007,-34.111004,0
-72.237114,111.502235,0
-15.737597,159.88655,0
-105.35599,43.230186,0
-112.2417,-136.79182,0
21.384506,-151.33235,0
155.61208,19.582602,0
74.050156,-72.760735,0
58.512577,25.972046,0
34.05594,20.419735,0
26.753235,55.62577,0
1.6909416,2.8835707,0
3.8691454,-2.6485322,0
36.357452,-33.104004,0
89.130196,53.853973,0
74.807816,-29.803835,0
-139.20868,-27.338686,0
-72.07086,101.651695,0
-10.709933,143.95079,0
-100.06921,30.395359,0
-112.456665,-112.660355,0
32.789158,-152.92178,0
112.97132,45.013992,0
84.345825,-40.19997,0
-149.35883,-22.363405,0
-76.32463,94.51246,0
-8.3003,158.6637,0
-110.26768,33.781414,0
-107.78618,-130.42078,0
15.045474,-147.80934,0
114.30885,39.671047,0
87.66097,-27.179188,0
-147.74652,-13.375276,0
-84.32065,86.94043,0
-32.925987,145.99661,0
-121.83035,29.875463,0
-104.88823,-120.63054,0
3.7441382,-148.36984,0
93.97612,21.138758,0
79.87305,-3.499594,0
-173.12633,-7.5471215,0
-105.84573,117.76115,0
-34.062737,167.01176,0
-143.5411,51.856205,0
-127.85479,-98.97715,0
5.453441,-181.73512,0
99.69337,30.39758,0
80.41038,-6.633571,0
-177.05193,-9.277677,0
-100.3093,119.807274,0
-27.89223,171.41284,0
-138.17526,50.89591,0
-120.360825,-96.29711,0
10.4266815,-171.74567,0
116.000656,135.84476,0
100.501495,-115.478645,1
9.123376,-46.92902,0
-14.5988035,39.778797,0
69.804504,152.55275,0
5.7114005,-34.64182,0
-5.1640086,-53.602474,0
50.83017,-63.144505,0
122.992226,107.754845,0
129.58981,-1.7806997,0
-94.48087,-46.945286,0
-87.959015,61.401844,0
38.96454,171.89728,0
-94.34001,-16.957293,0
-96.38756,-69.10692,0
67.8952,-117.01541,0
132.70253,76.22754,0
118.54857,-77.632614,0
-58.862675,-29.954187,0
-54.242474,55.842514,0
36.727074,128.8996,0
-52.35025,20.870403,0
-61.69193,-89.54841,0
34.044052,-103.24014,0
68.480606,79.64467,0
153.21739,-16.283577,0
-55.998478,-60.744255,0
-34.44402,87.29438,0
-9.210329,101.713066,0
-64.08829,0.67369235,0
-59.672688,-122.36903,0
-4.532272,-130.52907,0
142.46227,96.04129,0
125.99859,-98.79757,0
-20.313677,-43.390587,0
-32.526325,45.98837,0
48.57605,146.72932,0
-19.724405,-24.779602,0
-43.364536,-83.946434,0
58.12607,-99.42069,0
104.3459,51.958786,0
81.27316,-22.204851,0
-142.09268,-22.052958,0
-84.375374,105.47883,0
1.2926126,158.438,0
-120.545654,40.287613,0
-119.423134,-133.9273,0
30.999067,-164.05893,0
75.756714,83.47682,0
147.27638,-20.344652,0
-52.606472,-70.06649,0
-30.79254,95.04546,0
-4.1113973,107.63656,0
-58.57963,5.71037,0
-57.862457,-112.51012,0
-1.481816,-122.19174,0
118.12228,62.529945,0
68.73473,-3.683642,0
-177.84161,-18.900312,0
-93.45536,122.64946,0
-28.707672,177.38124,0
-133.1782,54.309837,0
-135.90968,-108.04455,0
20.401833,-181.85545,0
125.05799,44.219154,0
92.54059,-44.290485,0
-121.82249,-12.741185,0
-79.33378,72.51212,0
6.5118628,136.9669,0
-90.66778,22.592112,0
-89.45128,-106.61977,0
31.575405,-128.5551,0
116.461,113.69179,0
129.40059,-14.161031,0
-102.57417,-49.609524,0
-74.893875,62.410194,0
24.488647,164.99608,0
-88.67767,-3.0955327,0
-103.41173,-59.665646,0
58.13357,-130.84795,0
65.06071,105.460785,0
145.00624,-64.01302,0
-36.85435,-36.265842,0
-34.530018,65.51144,0
29.918425,93.714584,0
-33.26438,8.920643,0
-52.618736,-138.69006,0
5.467987,-86.37095,0
159.60883,44.32125,0
110.57403,-50.700577,0
59.94359,31.42324,0
10.11058,66.15308,0
10.354121,68.64334,0
-7.335273,-75.70827,0
-10.23609,-76.14558,0
32.348736,-71.678444,0
140.87357,100.8938,0
127.44797,-97.93658,0
-19.204756,-43.835384,0
-36.70422,40.07717,0
47.352795,151.80067,0
-19.023996,-23.366528,0
-42.42017,-82.33472,0
58.94611,-99.16309,0
97.53265,45.933067,0
80.30744,-33.70876,0
-152.48729,-25.987453,0
-83.25184,97.29689,0
-8.3554945,152.66106,0
-111.11271,28.302853,0
-111.89114,-126.31115,0
12.339494,-153.4435,0
88.8813,35.704605,0
62.833557,-17.208933,0
-170.92923,-27.367613,0
-86.848305,125.385414,0
-19.001753,172.04103,0
-122.645386,49.98677,0
-131.21387,-120.48492,0
14.78927,-168.53792,0
95.33649,71.13071,0
106.263145,-21.731516,0
-141.42879,-2.267248,0
-116.62518,92.67743,0
-30.01711,128.64049,0
-126.54109,9.535856,0
-152.1693,-78.13125,0
58.47871,-164.60246,0
106.21846,48.96184,0
88.33749,-24.07796,0
-139.957,-16.967844,0
-69.96688,82.525215,0
5.7295732,154.2478,0
-115.459885,20.41648,0
-105.898735,-114.20754,0
20.426174,-134.60922,0
69.13026,56.86354,0
109.01817,-14.098335,0
-135.58855,-54.00757,0
-106.4748,95.9381,0
-22.273643,133.78185,0
-117.83367,0.9953211,0
-138.65096,-71.31555,0
47.23944,-164.30537,0
101.48875,70.72451,0
110.00546,0.13837814,0
-142.95793,3.5920494,0
-117.193436,100.87098,0
-32.126007,124.90226,0
-130.5834,26.10961,0
-152.60966,-85.43387,0
49.912594,-177.91927,0
115.03069,26.950224,0
76.25069,11.248671,0
-158.60646,8.752044,0
-96.92793,80.598076,0
-42.18164,148.09007,0
-155.26654,33.4227,0
-111.856476,-80.76642,0
-10.4187,-161.3643,0
124.43601,99.21392,0
111.48042,-33.49148,0
-88.001785,-31.948322,0
-84.760895,71.69957,0
33.149055,169.15645,0
-88.78532,-19.021385,0
-85.268715,-76.85397,0
51.16567,-117.71011,0
147.68814,18.80292,0
77.57136,-71.06294,0
58.436325,20.370224,0
52.932327,35.25737,0
32.71851,56.81865,0
-1.8140978,-1.5254645,0
5.4228897,-8.487961,0
38.261803,-36.755013,0
58.158573,98.267815,0
135.26251,-65.0564,0
-46.035965,-30.452042,0
-42.850727,66.38139,0
30.760843,118.39854,0
-42.418495,13.289896,0
-63.984707,-138.95584,0
19.804522,-91.54135,0
143.07443,93.13599,0
123.057144,-101.36449,0
-17.74324,-37.859734,0
-31.900904,43.33457,0
50.32311,148.07288,0
-18.476461,-29.03167,0
-42.53342,-89.01751,0
58.265606,-94.22672,0
146.90245,47.207554,0
100.880226,-44.983948,0
-113.24646,-22.421148,0
45.885757,43.683514,0
0.6434937,58.84005,0
-82.75836,19.03313,0
-89.41699,-96.5077,0
45.139103,-85.302536,0
111.29683,43.531387,0
83.20954,-37.256256,0
-152.27985,-22.040785,0
-81.35969,93.715614,0
-10.985944,156.31151,0
-113.118965,34.868763,0
-110.47295,-128.57915,0
13.328096,-150.55147,0
108.45144,69.54059,0
99.99912,-20.233498,0
-126.760254,-40.65763,0
-68.738434,75.83325,0
9.704135,146.36295,0
-103.24357,12.262176,0
-95.668945,-109.75042,0
48.274544,-145.96544,0
109.896736,77.64751,0
122.722626,-46.112404,0
-65.13423,-47.01895,0
-52.171795,79.99065,0
14.321956,128.42937,0
-71.36834,10.109228,0
-82.89092,-102.90107,0
18.089191,-120.41325,0
101.43343,21.49807,0
88.25327,4.6398096,0
-174.99184,0.6640913,0
-104.409065,110.15374,0
-36.642456,162.00139,0
-149.56873,49.037895,0
-125.41102,-89.66474,0
-1.5978925,-175.3676,0
71.829544,107.63833,0
169.59938,-41.81617,0
-32.418568,-42.61691,0
-33.698772,72.88548,0
23.219692,91.49824,0
-34.50968,-0.77208436,0
-44.99045,-138.12106,0
-2.2295372,-89.3291,0
106.9147,104.74357,0
144.47765,-41.113674,0
-78.01022,-51.080338,0
-74.0258,52.419777,0
37.37927,106.03316,0
-79.2073,-11.078428,0
-80.68469,-62.995663,0
30.364027,-90.819305,0
87.40755,85.340164,0
141.79411,-28.622816,0
-45.314037,-72.83889,0
-21.273169,95.52891,0
1.199906,115.11635,0
-50.63967,6.4356666,0
-50.143505,-106.965004,0
4.171278,-119.126724,0
130.14195,63.4474,0
111.377716,-65.60476,0
-73.851395,-33.97877,0
-64.46004,62.945602,0
31.444157,141.53229,0
-65.43191,26.375893,0
-82.48934,-130.48872,0
38.313965,-117.229805,0
115.418495,112.54582,0
129.671,-13.727434,0
-102.28269,-49.968987,0
-76.28408,62.03967,0
26.130356,165.43054,0
-88.54523,-3.885187,0
-102.80622,-59.29264,0
57.889915,-130.6204,0
85.39265,102.39161,0
135.52663,-45.168316,0
-57.633194,-50.129036,0
-38.506233,76.82858,0
17.085669,119.86492,0
-48.384212,-12.598663,0
-40.900883,-122.68155,0
11.929376,-112.02375,0
85.742966,92.06651,0
146.74402,-32.32097,0
-41.746212,-67.895195,0
-20.799303,91.57413,0
3.8896675,111.58337,0
-49.737198,1.3808724,0
-47.085663,-110.724846,0
2.6170843,-113.79728,0
96.55272,75.77505,0
107.624466,-26.586231,0
-137.76572,1.006066,0
-118.9503,88.14671,0
-28.977535,124.058876,0
-131.04697,8.328483,0
-157.53159,-73.85619,0
62.135983,-161.3878,0
75.62518,103.09856,0
163.91989,-40.966267,0
-32.59455,-53.579834,0
-27.550838,75.798195,0
17.396854,95.14301,0
-37.133255,-3.4058213,0
-43.22337,-132.26163,0
-5.7896223,-97.31971,0
125.68094,82.22522,0
130.87796,-60.702545,0
-58.436737,-38.244194,0
-46.643017,59.754627,0
27.02215,125.922455,0
-28.712704,-3.1018612,0
-34.181076,-101.541176,0
25.564987,-101.56672,0
119.45987,94.69296,0
125.74355,-80.47294,0
-77.03779,-21.946833,0
-41.73966,52.110092,0
36.61394,147.98311,0
-77.49535,-21.39228,0
-73.9473,-78.92717,0
29.563938,-106.20747,0
98.170395,27.049698,0
83.49245,-1.4819372,0
-172.6049,-3.4953713,0
-105.71426,115.84038,0
-36.379105,166.15302,0
-146.17175,52.47039,0
-123.30099,-93.451294,0
1.0625693,-179.33562,0
88.66843,82.84404,0
64.15157,-41.15436,0
-141.57285,-39.358597,0
-62.306496,118.89046,0
14.173796,166.92706,0
-104.38973,53.017952,0
-106.1037,-103.10691,0
30.650259,-157.41232,0
62.772476,108.13588,0
138.60103,-58.854664,0
-41.295883,-38.6635,0
-31.746334,60.911068,0
31.325762,98.36054,0
-37.796597,7.824649,0
-55.948807,-135.92688,0
9.464517,-88.81539,0
81.79598,89.39587,0
149.19913,-27.142645,0
-47.086094,-66.11235,0
-25.000992,89.75652,0
2.1891308,107.438805,0
-54.96575,1.6134001,0
-52.29395,-114.92271,0
-2.9218478,-116.801796,0
90.44269,108.40686,0
157.11095,-48.383095,0
-37.35537,-65.4449,0
-16.10672,58.208843,0
7.829541,109.14194,0
-46.754898,-0.44082925,0
-34.43209,-115.731224,0
0.818715,-110.636055,0
70.89269,106.881096,0
149.60695,-62.198357,0
-32.478127,-39.680336,0
-35.826115,70.09395,0
25.085287,91.45087,0
-31.624256,2.505874,0
-48.361683,-138.03246,0
-0.266214,-87.91196,0
114.76707,55.332523,0
75.810844,-14.845732,0
-163.83435,-13.229777,0
-78.14029,82.564285,0
4.757159,168.719,0
-128.68236,35.21104,0
-120.3646,-112.93824,0
30.574701,-178.27422,0
65.69965,59.273697,0
105.780365,-11.644127,0
-139.28928,-56.599407,0
-110.36767,98.698875,0
-26.79484,135.08249,0
-121.50312,3.3293355,0
-141.91872,-74.953766,0
48.670753,-162.82115,0
97.5381,98.84014,0
148.67307,-52.488552,0
-30.664253,-48.269573,0
-31.361168,72.37232,0
21.831999,93.8731,0
-33.58,-3.4858694,0
-41.680145,-137.93477,0
-3.7875264,-91.21125,0
137.31215,34.076992,0
83.74418,-60.373775,0
-26.646246,18.57481,0
-26.285297,27.049988,0
31.27243,74.65801,0
-27.436834,21.623495,0
-24.859922,15.4705105,0
32.134132,-47.65162,0
105.49589,57.593857,0
79.022705,-10.865488,0
-171.38722,-12.40955,0
-90.66954,107.003555,0
8.116188,163.00536,0
-134.40257,35.98264,0
-128.88403,-102.333916,0
34.211975,-171.27116,0
165.51292,15.857344,0
84.97214,-81.39246,0
21.458014,-11.832317,0
23.657516,-14.5203085,0
11.445522,47.4006,0
22.789463,-13.112669,0
20.096342,-10.428757,0
32.141514,-18.667248,0
118.18831,43.73123,0
72.72799,-18.099571,0
-160.55545,-18.364117,0
-81.57549,80.620964,0
0.29042315,174.93848,0
-122.97188,35.09507,0
-122.285904,-116.63144,0
3.6336782,-144.26045,0
98.695015,52.63886,0
69.3799,-40.509613,0
-139.88722,-35.934494,0
-60.265865,119.23101,0
-8.5097275,146.22868,0
-105.58098,26.950266,0
-105.305084,-109.00867,0
30.26857,-142.532,0
121.72441,86.50516,0
117.45643,-60.52796,0
-70.325264,-26.216846,0
-58.964447,65.06105,0
25.39853,138.76654,0
-60.810562,18.141985,0
-71.917625,-129.54059,0
23.633976,-105.74462,0
113.00781,70.81617,0
131.44417,-35.067627,0
-65.51701,-53.25903,0
-45.588757,82.41897,0
10.59315,124.00654,0
-72.47265,-8.877082,0
-75.0839,-105.2248,0
26.02985,-118.860916,0
84.58934,45.301147,0
73.96325,-48.44719,0
-152.65118,-38.027588,0
-70.56514,111.98529,0
-19.313374,160.68712,0
-102.09454,44.57369,0
-114.81035,-139.0233,0
24.311487,-152.13095,0
119.25668,75.700676,0
129.29404,-47.945484,0
-58.022484,-44.735794,0
-41.88916,72.27918,0
21.387062,123.473076,0
-72.09401,13.689484,0
-83.259834,-113.46079,0
17.049393,-110.95594,0
147.31815,94.99821,0
121.31388,-103.84927,0
-16.893053,-35.492226,0
-29.62565,44.253395,0
53.303432,147.11354,0
-17.38455,-31.199726,0
-41.523037,-91.133385,0
60.740585,-90.92237,0
104.265205,40.829338,0
81.75016,-29.434654,0
-153.60939,-17.013586,0
-86.28876,95.372925,0
-13.105581,152.206,0
-118.181114,26.681273,0
-111.44305,-121.16344,0
6.431961,-155.2165,0
119.37489,88.34305,0
123.280975,-59.473732,0
-70.70945,-19.79237,0
-53.10366,68.74728,0
23.397497,133.25566,0
-78.90428,0.6990269,0
-43.301968,-98.52214,0
25.961893,-110.85099,0
117.53782,135.45143,0
98.4692,-116.276634,1
12.591755,-49.17675,0
-10.89213,40.132164,0
74.517845,155.7479,0
4.752693,-32.958675,0
-5.7436194,-56.61074,0
52.598602,-62.45446,0
87.78119,24.76513,0
68.88303,-1.8095386,0
-179.21107,-18.465445,0
-95.27523,122.840004,0
-28.013145,175.4369,0
-134.13307,56.792248,0
-137.3113,-108.07179,0
18.940916,-183.01654,0
84.57765,63.942215,0
100.45141,-44.07736,0
-116.14215,-24.369194,0
-50.719322,102.38618,0
-2.998882,128.67825,0
-87.857704,28.237164,0
-92.429344,-101.05789,0
36.45391,-129.77573,0
93.77647,97.00697,0
136.03294,-58.706276,0
-41.797718,-40.683464,0
-30.984524,59.588837,0
28.998692,98.78735,0
-42.960186,5.4022446,0
-56.500175,-133.87459,0
10.058265,-90.642654,0
104.608444,93.485695,0
126.73606,-20.399815,0
-114.227005,-49.367897,0
-67.81953,138.43991,0
17.279537,178.6301,0
-100.718765,-3.641627,0
-115.21445,-59.22227,0
66.28175,-137.6062,0
87.036446,49.148045,0
76.16497,-45.33341,0
-148.46756,-33.572308,0
-69.596466,108.21978,0
-2.1212096,144.91959,0
-103.11485,42.524292,0
-111.36748,-138.51225,0
23.173607,-148.5694,0
67.68507,77.76814,0
152.26279,-15.448691,0
-55.085716,-59.23309,0
-34.089348,85.71707,0
-10.629733,102.30701,0
-65.3194,1.7186117,0
-61.653103,-121.00066,0
-3.476626,-132.09995,0
135.91205,66.35427,0
112.17183,-68.476524,0
-72.632034,-29.382723,0
-62.13653,58.625984,0
36.107758,138.93065,0
-62.23552,24.891914,0
-78.55551,-131.31998,0
39.145912,-112.88278,0
96.84107,64.89008,0
107.56755,6.1112084,0
-183.4902,11.409532,0
-112.95465,107.47817,0
-40.867546,174.9572,0
-137.96996,26.982403,0
-145.74599,-88.55823,0
42.866154,-178.90016,0
94.32485,32.956512,0
84.43768,6.84859,0
-182.97972,-2.454075,0
-74.45003,136.25795,0
-25.488676,163.5466,0
-139.56006,45.365505,0
-133.97975,-91.30803,0
8.555398,-170.09135,0
136.67673,65.56662,0
111.144295,-68.778725,0
-73.146355,-31.004608,0
-62.801,59.368847,0
35.411488,140.03133,0
-63.18164,25.119608,0
-80.52715,-132.17143,0
37.0802,-114.16239,0
111.17736,105.75261,0
141.44136,-46.026188,0
-50.960327,-37.52549,0
-73.65396,55.897945,0
40.18115,101.253525,0
-80.253685,-15.682865,0
-76.661766,-69.31163,0
24.718718,-90.61117,0
84.61895,95.17342,0
153.9161,-40.292915,0
-35.373028,-63.42671,0
-18.99647,91.67468,0
5.761263,112.2633,0
-46.377197,-2.2473903,0
-43.166973,-113.14313,0
0.7238091,-106.37652,0
103.13844,41.808434,0
80.8117,-29.498182,0
-155.03166,-15.671149,0
-87.12999,96.57821,0
-16.022638,149.88086,0
-117.135345,26.678709,0
-113.164986,-119.83358,0
9.158083,-153.80397,0
116.27378,80.50116,0
123.84196,-53.585197,0
-67.09228,-42.17559,0
-53.298088,71.89318,0
19.924267,133.17778,0
-75.34375,4.497406,0
-75.73255,-116.859566,0
23.81024,-115.24075,0
81.488304,69.251274,0
104.81292,-42.41838,0
-116.66268,-27.393711,0
-50.683044,108.23509,0
-3.8420954,130.95935,0
-82.989426,29.245167,0
-87.00677,-93.28181,0
43.608715,-133.76425,0
158.84985,58.526028,0
92.690254,-75.56704,0
-0.72275555,16.854704,0
-2.6096497,16.75782,0
44.31178,82.64888,0
-1.5818413,16.599812,0
0.14234586,16.957478,0
31.12486,-64.07948,0
120.97692,78.85096,0
168.11627,-19.983774,0
-64.63571,-52.811188,0
-44.761856,81.96225,0
9.25374,122.057236,0
-72.15234,-7.1279807,0
-74.59126,-103.943726,0
24.90232,-119.443794,0
80.54083,80.45578,0
148.04411,-23.965147,0
-48.651398,-61.170902,0
-28.951918,86.44736,0
-6.6960363,107.467834,0
-63.23844,7.491747,0
-62.565872,-114.33452,0
-4.552669,-125.14211,0
154.53024,19.973345,0
77.36288,-82.406654,0
56.925705,25.493624,0
33.454502,22.382883,0
27.545082,54.919422,0
2.3014138,3.6022792,0
5.7187357,4.7160788,0
41.499146,-34.267643,0
117.6532,87.71798,0
123.15399,-57.94971,0
-71.51456,-21.457182,0
-54.797478,69.513535,0
22.895063,135.72548,0
-79.39955,1.7429284,0
-44.585987,-99.01574,0
25.047962,-109.72499,0
120.09023,143.2625,0
94.60513,-112.0702,1
18.183966,-47.41153,0
-8.4568,35.050007,0
78.04408,151.82568,0
8.643038,-28.655289,0
-11.098924,-57.13579,0
51.699165,-57.549644,0
102.81737,85.85467,0
118.44966,-33.619125,0
-106.64389,-39.33449,0
-53.17561,121.46785,0
19.597383,166.04106,0
-88.2183,4.9673815,0
-106.25423,-62.6415,0
53.345497,-134.37463,0
90.52993,113.22915,0
161.97295,-55.690094,0
-44.457233,-45.917175,0
-22.03963,59.377396,0
26.728905,110.75945,0
-34.174232,-19.307821,0
-26.979736,-117.63032,0
10.749318,-98.63842,0
142.89359,97.50084,0
126.84124,-101.66294,0
-15.667723,-40.62209,0
-31.592463,39.87639,0
50.416996,150.77196,0
-16.637333,-25.687769,0
-39.39298,-84.97476,0
61.00858,-96.81036,0
113.245544,21.076077,0
81.10529,15.1188755,0
-165.58293,13.511105,0
-104.3875,84.40377,0
-47.489292,153.96414,0
-160.77632,37.447544,0
-118.00773,-78.97004,0
-12.288015,-169.2897,0
104.271385,22.280617,0
88.94663,2.34391,0
-177.04692,-0.6482943,0
-102.336205,111.07024,0
-33.105732,160.94995,0
-148.5959,46.46,0
-127.2923,-89.26834,0
0.25558478,-173.78801,0
95.0014,44.269165,0
83.33776,-36.3908,0
-151.83942,-22.93311,0
-80.255775,94.44588,0
-10.917585,157.49403,0
-113.6582,33.106636,0
-111.46276,-128.10925,0
15.279594,-152.17552,0
142.65585,98.187164,0
127.76077,-102.50983,0
-13.511358,-40.689587,0
-30.355486,38.6098,0
52.242226,153.5266,0
-15.544282,-25.306692,0
-38.597958,-85.022675,0
62.295258,-97.1623,0
101.11489,22.986515,0
87.3064,4.343491,0
-174.54877,-0.2104642,0
-101.87491,109.90382,0
-35.28314,161.51018,0
-148.10075,48.28087,0
-124.48537,-90.82819,0
-0.574893,-175.91129,0
127.22499,75.69162,0
121.18511,-73.085526,0
-54.61543,-32.9043,0
-51.102715,58.636562,0
32.953224,131.09464,0
-50.0628,18.290249,0
-61.643154,-93.17781,0
29.64172,-100.48156,0
122.49415,109.79373,0
136.08467,-0.66964704,0
-89.22663,-51.28704,0
-80.42763,63.01522,0
34.39288,174.7936,0
-90.72694,-11.662572,0
-89.93684,-70.47579,0
61.750263,-120.85671,0
120.332275,112.657646,0
135.7454,-0.79905844,0
-89.814445,-51.290554,0
-80.05175,62.028706,0
34.916904,174.44484,0
-91.28339,-11.695207,0
-89.72682,-70.78191,0
61.107903,-120.12667,0
105.853516,54.075096,0
81.12434,-18.827536,0
-157.12602,-34.393757,0
-86.303734,106.33978,0
1.5153022,160.83202,0
-122.842926,40.54293,0
-121.64261,-106.233086,0
32.5366,-168.23927,0
112.400185,77.89689,0
96.86253,-31.830908,0
-130.94456,-19.096159,0
-65.25656,90.98295,0
4.384996,141.64023,0
-96.3821,22.179209,0
-90.31216,-115.018456,0
24.043592,-142.29977,0
83.00323,46.939594,0
72.59441,-48.199387,0
-151.97572,-39.353928,0
-68.42581,113.548775,0
-20.637161,160.38625,0
-100.53799,45.030727,0
-114.68352,-140.43953,0
26.336536,-152.74875,0
69.01493,102.8366,0
147.99834,-57.95159,0
-34.445934,-40.747505,0
-33.336025,70.09088,0
25.731173,92.32602,0
-34.40511,2.1550262,0
-46.104137,-139.1535,0
-2.2062511,-91.01456,0
123.099014,105.60939,0
128.47983,-2.4930317,0
-96.05512,-46.817764,0
-88.98097,62.57032,0
39.573757,174.13536,0
-94.6822,-18.058186,0
-97.26319,-67.94973,0
68.74792,-117.59177,0
88.13983,30.931341,0
74.360146,-6.4318223,0
-176.08263,-14.28267,0
-92.65052,116.97075,0
-25.064522,172.50401,0
-133.12523,50.930096,0
-134.1043,-104.53225,0
15.067759,-176.3184,0
121.58221,26.806828,0
72.72847,13.191519,0
-157.16528,11.920209,0
-98.51853,77.57504,0
-45.21371,145.22125,0
-156.44765,29.4936,0
-108.962204,-79.08213,0
-13.049717,-159.15724,0
76.09032,97.7803,0
159.81287,-43.507412,0
-29.509962,-56.405087,0
-24.647165,74.06588,0
15.669197,98.86592,0
-40.479347,-6.3117285,0
-38.34706,-130.14464,0
-2.292154,-100.192055,0
105.77136,53.2787,0
80.62691,-18.735075,0
-158.00949,-35.77875,0
-86.136536,106.992905,0
0.6456535,161.07753,0
-123.515465,41.14583,0
-121.56285,-107.264656,0
32.576283,-167.16548,0
85.28207,89.59938,0
144.35806,-30.48867,0
-43.079037,-70.46822,0
-21.727875,93.493385,0
1.399069,112.833206,0
-50.403236,3.611579,0
-49.000126,-107.8049,0
3.4855528,-116.347176,0
119.30905,40.544403,0
71.405754,-16.232487,0
-160.73746,-19.726225,0
-90.16678,116.112724,0
-0.9169487,180.87503,0
-121.99616,35.794647,0
-119.743095,-116.28494,0
0.78499246,-149.33705,0
170.30673,4.544465,0
82.36144,-95.2027,0
30.354773,-0.2419123,0
32.722668,-8.749997,0
12.284269,41.841743,0
30.317947,-3.1249223,0
31.31773,3.794336,0
37.029854,-14.324691,0
126.98064,92.70535,0
132.05295,-79.517426,0
-85.48208,-36.351624,0
-41.716164,49.836422,0
31.494606,153.20966,0
-84.40824,-25.246283,0
-77.89074,-83.09132,0
50.125744,-108.93245,0
140.40474,95.1989,0
124.93597,-98.15395,0
-19.423204,-40.8039,0
-34.41429,41.66884,0
47.986565,150.0501,0
-20.422789,-26.339642,0
-43.8532,-85.15211,0
57.836926,-97.81789,0
88.38902,65.541405,0
87.4287,7.3704233,0
-172.27032,3.4048188,0
-57.865326,98.93192,0
-39.544827,162.13055,0
-90.279305,38.812798,0
-122.099075,-89.39426,0
-3.6455655,-177.74469,0
120.620895,52.17157,0
71.62733,-22.010857,0
-158.96669,-28.727001,0
-76.437416,85.411835,0
-0.16126607,170.30931,0
-113.51184,42.447968,0
-120.69347,-123.92409,0
10.74385,-139.24417,0
89.504234,43.829243,0
58.857353,-33.753952,0
-159.7765,-40.245785,0
-82.67627,107.818344,0
-4.6203394,170.68889,0
-120.770294,41.480797,0
-120.72061,-134.81068,0
29.507278,-163.76512,0
70.504906,82.946,0
152.84825,-18.58359,0
-55.405437,-62.662544,0
-34.343666,88.978424,0
-6.564302,100.34854,0
-61.964943,2.5700755,0
-59.951897,-115.89962,0
1.1105607,-127.88737,0
117.361946,33.772503,0
72.85303,6.3697515,0
-158.69894,1.3571076,0
-91.21973,82.68462,0
-35.535618,148.09627,0
-147.45111,34.204872,0
-109.68434,-88.07884,0
-4.366347,-159.30984,0
82.39543,53.018536,0
64.63187,-33.09328,0
-128.9673,-30.303696,0
-63.57228,106.52083,0
-12.120884,134.68222,0
-93.8553,39.532413,0
-114.041664,-102.129944,0
35.255627,-143.899,0
83.48962,121.356445,0
165.59297,-61.254707,0
-27.504517,-66.305336,0
-12.725131,61.364925,0
30.360294,109.9006,0
-26.965597,-16.649672,0
-30.578913,-109.28184,0
12.893481,-94.83688,0
129.41982,54.290257,0
94.21878,-41.825706,0
-123.31961,-14.148792,0
-64.310936,84.59652,0
5.80652,139.1006,0
-88.89879,21.489988,0
-89.94817,-105.101006,0
31.485958,-129.88892,0
130.4984,68.51771,0
118.8329,-67.69172,0
-66.16511,-31.515316,0
-54.45331,64.10956,0
31.41715,132.8112,0
-70.58533,20.961111,0
-76.68784,-126.58731,0
33.28155,-108.29347,0
84.7759,59.18701,0
67.3734,-32.33324,0
-129.05556,-27.590042,0
-62.35235,103.678444,0
-10.827575,134.16338,0
-93.620316,35.27664,0
-115.50991,-103.72975,0
38.715115,-144.8827,0
74.00371,81.46513,0
144.54811,-19.571392,0
-52.24387,-72.95154,0
-25.166927,100.92811,0
-5.508262,112.43176,0
-58.302475,7.755771,0
-59.0714,-109.10657,0
0.6545614,-124.2408,0
86.77684,82.28223,0
144.7141,-32.766254,0
-41.144527,-70.066635,0
-22.598122,92.25154,0
0.58058965,105.62652,0
-83.06731,-5.429619,0
-46.710342,-108.18814,0
4.200896,-114.47646,0
70.30357,49.812714,0
116.39983,-9.889707,0
-140.36494,-46.23045,0
-99.678635,94.18673,0
-20.30063,142.18195,0
-113.2938,9.246941,0
-131.40616,-78.383865,0
39.346527,-156.69768,0
96.64031,48.04896,0
78.76115,-34.75295,0
-147.39894,-26.591005,0
-80.82521,100.15598,0
-8.596846,150.13399,0
-108.35892,28.471176,0
-114.609314,-125.69215,0
16.561384,-153.92218,0
96.96123,64.92227,0
107.54297,6.4260354,0
-184.05473,11.725714,0
-113.83698,107.989456,0
-40.40626,174.41502,0
-138.50911,26.768566,0
-145.08043,-87.62072,0
41.375,-179.74303,0
143.40062,87.37204,0
121.38388,-98.00958,0
-22.973776,-39.238113,0
43.90571,43.07256,0
-0.7059178,57.481766,0
-24.788128,-27.3195,0
-46.786633,-88.06003,0
52.51399,-93.76817,0
162.8008,7.535801,0
75.50768,-90.86047,0
52.076332,14.051206,0
16.790775,36.64874,0
15.845977,35.589603,0
15.988585,8.545002,0
17.886818,10.207273,0
42.81521,-17.80912,0
122.2841,71.273384,0
97.83125,-14.771264,0
-119.54064,-41.963776,0
-47.17476,52.13864,0
20.156546,147.49776,0
-99.14832,10.560771,0
-102.70118,-96.846436,0
27.917494,-123.64452,0
140.65923,38.417637,0
92.538246,-60.388996,0
39.721645,37.16517,0
-32.30639,29.1593,0
36.481766,69.57753,0
-10.412686,3.6109838,0
0.35134372,-16.839914,0
36.457474,-50.710407,0
65.45636,65.30761,0
116.17009,-16.953264,0
-128.82156,-48.826992,0
-58.63216,87.42522,0
14.66981,153.53102,0
-107.98342,5.040296,0
-130.8399,-69.5564,0
49.296364,-152.9105,0
93.844604,65.102844,0
102.242935,8.28433,0
-187.01683,14.532821,0
-115.94887,114.255486,0
-39.4706,171.2864,0
-141.78737,23.504168,0
-141.94579,-91.73445,0
38.558205,-172.45235,0
125.31831,81.49758,0
130.49666,-61.653564,0
-58.795433,-37.32575,0
-49.06706,59.505646,0
28.69715,125.43453,0
-27.832977,-2.1324737,0
-34.999966,-101.009125,0
25.23342,-100.05483,0
136.48032,76.587944,0
116.08004,-79.25455,0
-59.72326,-26.934969,0
-56.403454,54.161877,0
39.62763,130.21703,0
-53.22357,24.169466,0
-62.46258,-86.264595,0
35.860718,-103.23871,0
83.76295,34.310535,0
60.8659,-22.156467,0
-172.28938,-38.04585,0
-75.998505,126.31412,0
-12.769117,168.22377,0
-117.46729,50.45933,0
-134.57423,-131.55759,0
16.459656,-166.20497,0
69.69483,59.05078,0
109.61244,-14.333695,0
-135.44365,-53.36153,0
-107.44355,94.85137,0
-21.679249,134.54579,0
-116.883156,1.1720033,0
-137.1213,-71.199104,0
46.353573,-164.77771,0
153.02335,17.33006,0
76.53478,-74.01142,0
56.990803,12.502945,0
54.58624,34.602783,0
31.230385,55.672413,0
7.1165724,7.999424,0
8.620214,3.8311827,0
38.318142,-34.62537,0
76.72397,40.8537,0
62.188393,-29.23518,0
-163.41501,-34.12936,0
-75.294975,117.45269,0
-6.300672,174.19002,0
-110.01462,49.073307,0
-124.95056,-128.74435,0
21.167124,-159.7786,0
154.77403,35.200253,0
111.305954,-53.762005,0
38.032375,17.644295,0
17.885748,62.464844,0
18.434998,64.144745,0
-9.646277,-16.120087,0
-10.347642,-18.007273,0
34.8409,-70.24733,0
81.73482,72.754166,0
105.49686,-44.40138,0
-113.42991,-29.143768,0
-48.082127,105.6349,0
0.32967207,131.43423,0
-80.93683,27.24491,0
-87.997025,-92.85544,0
42.021015,-129.48566,0
67.94543,48.19254,0
116.61736,-7.7996945,0
-142.54839,-46.83803,0
-97.24578,95.49145,0
-21.550144,144.42902,0
-114.7481,10.054805,0
-132.65645,-79.476654,0
39.600517,-158.92699,0
172.19345,5.03212,0
84.70784,-95.32152,0
33.061035,-0.55138427,0
32.82636,-6.917779,0
11.10694,42.9705,0
32.28873,-4.152265,0
33.315147,2.4021149,0
34.90138,-13.44639,0
80.54976,64.98812,0
102.77381,-43.386677,0
-117.97975,-27.037344,0
-50.500027,107.11894,0
-4.4936137,129.46216,0
-84.20077,29.737947,0
-91.3553,-93.059494,0
41.946228,-133.75288,0
126.22503,65.92445,0
124.79512,-43.285988,0
-65.46857,-45.60486,0
-48.42511,76.283394,0
13.730332,133.92012,0
-74.21124,12.5369215,0
-86.91853,-119.791275,0
17.437737,-124.75896,0
98.154785,47.87375,0
79.26013,-34.32721,0
-147.22752,-25.261343,0
-80.83296,98.58785,0
-8.883387,151.02809,0
-109.194954,28.37195,0
-112.07399,-124.8848,0
16.465973,-153.54381,0
111.73782,44.345814,0
84.45658,-38.562733,0
-150.47968,-21.713263,0
-78.88408,93.126236,0
-8.988942,156.47292,0
-112.05868,33.738117,0
-108.34072,-128.49533,0
13.666615,-148.47362,0
104.81851,91.075356,0
128.43356,-20.869991,0
-114.88025,-50.62495,0
-69.648445,139.33046,0
16.62682,180.10338,0
-102.489784,-2.6215842,0
-118.25713,-59.190083,0
66.90324,-138.75584,0
100.14088,92.24494,0
114.80816,-42.59275,0
-111.32754,-35.319786,0
-46.069584,114.60877,0
17.92111,173.5916,0
-86.17231,10.791637,0
-78.80671,-94.377464,0
49.186108,-128.69775,0
70.43007,111.34382,0
155.41396,-66.95229,0
-33.51751,-77.28879,0
-15.62023,69.86357,0
35.661434,103.92458,0
-76.279465,-12.400445,0
-31.947958,-91.86234,0
24.974121,-85.316925,0
127.28608,99.271614,0
132.62462,-84.061714,0
-90.87115,-33.284634,0
-46.020267,47.104694,0
33.218067,157.19466,0
-88.58792,-23.794403,0
-83.44514,-80.31667,0
51.29713,-112.29067,0
159.25833,44.41889,0
110.57088,-50.88491,0
59.936596,31.582531,0
10.086304,66.43408,0
10.564532,69.024605,0
-7.288392,-75.606735,0
-10.243612,-76.250755,0
32.29051,-71.48481,0
117.60221,52.90322,0
90.38349,-25.840803,0
-143.84529,-10.255312,0
-83.02647,74.47172,0
11.989587,158.5354,0
-109.736244,19.526588,0
-100.82834,-118.30282,0
13.089785,-134.34966,0
117.84853,100.44967,0
134.2142,-11.603897,0
-97.067184,-42.02846,0
-91.747314,56.603844,0
-29.844591,119.30142,0
-100.10474,-17.078646,0
-97.17467,-60.573036,0
67.49099,-158.47092,0
109.24906,135.6876,0
101.80131,-129.98688,1
12.691195,-56.35855,0
-7.2780967,50.69995,0
69.91075,165.94815,0
0.018029349,-33.45552,0
-1.8661076,-60.759876,0
62.926777,-67.85108,0
74.89111,38.55608,0
58.614582,-23.11906,0
-169.44037,-36.016945,0
-78.06787,122.75834,0
-13.461144,171.82002,0
-116.229126,52.53396,0
-129.10094,-129.13074,0
19.096113,-164.871,0
164.91553,15.018971,0
84.08017,-81.39051,0
22.762873,-11.535303,0
24.83562,-14.40403,0
12.114001,47.08537,0
23.818102,-12.625907,0
19.92246,-9.031033,0
32.75511,-19.113253,0
142.76743,32.28461,0
82.86304,-67.37052,0
21.011015,-27.963219,0
25.188557,-28.124454,0
30.255823,72.30106,0
22.506563,-27.746672,0
18.94989,-29.221975,0
32.85042,-43.44363,0
80.62096,95.07959,0
154.10832,-36.199966,0
-38.36047,-61.24004,0
-21.62171,83.048584,0
11.614713,104.462685,0
-48.897472,-5.151674,0
-45.888115,-117.70875,0
-1.2730769,-108.59937,0
94.9987,27.144722,0
79.37091,0.17543337,0
-177.46237,-6.5242414,0
-100.62251,116.67274,0
-31.131746,167.48582,0
-140.78976,49.828133,0
-131.15414,-96.68769,0
7.07275,-178.15877,0
109.951675,105.439804,0
142.53249,-48.20845,0
-48.20446,-37.296593,0
-71.932915,55.14845,0
38.770878,102.184456,0
-78.00475,-14.232186,0
-76.087555,-67.33797,0
25.791723,-88.52002,0
105.192924,134.155,0
100.92039,-126.0314,1
9.402157,-58.989594,0
-9.127698,48.82286,0
72.77943,164.25171,0
-4.074397,-33.02793,0
2.5231981,-62.226196,0
59.961147,-65.71588,0
82.47488,95.56218,0
154.69554,-37.968903,0
-37.286907,-62.220184,0
-20.294956,82.13225,0
10.8727455,105.28372,0
-47.393635,-4.876363,0
-44.394653,-116.316956,0
-0.13100873,-107.715096,0
95.924446,103.36034,0
152.70992,-51.29952,0
-49.814457,-49.657455,0
-26.969425,68.363464,0
20.813944,113.5384,0
-40.89889,-13.187211,0
-33.68791,-131.26947,0
1.4902817,-101.62367,0
117.09788,80.342026,0
123.76245,-51.12887,0
-67.83783,-43.40903,0
-52.40136,75.821365,0
18.443048,133.06183,0
-74.91576,6.6007757,0
-77.39069,-113.30808,0
22.486965,-115.84742,0
117.33783,133.04323,0
102.29231,-114.11117,1
9.661926,-44.879314,0
-12.849368,41.35266,0
71.764244,155.15645,0
6.4945416,-36.81423,0
-5.745836,-50.803925,0
52.331295,-64.97069,0
59.730324,94.28051,0
133.50842,-68.94254,0
-46.1342,-26.63607,0
-45.86073,66.023,0
32.061596,120.804634,0
-44.429962,17.170803,0
-65.202354,-134.59534,0
22.624317,-93.74611,0
115.27534,129.32487,0
104.39931,-117.26352,1
4.932608,-46.168705,0
-16.497633,42.538746,0
67.88983,155.37389,0
4.012479,-41.393013,0
-2.09609,-50.359768,0
51.39626,-67.96911,0
156.49454,18.906532,0
73.54434,-73.80325,0
57.738735,23.909672,0
34.2917,18.505262,0
25.379578,55.55899,0
1.9861863,-0.47988543,0
4.5007124,-3.5080695,0
36.651714,-31.871208,0
142.26938,93.887375,0
122.78642,-100.61475,0
-18.701254,-38.15516,0
-32.6562,44.17094,0
49.49866,147.78888,0
-19.196232,-28.43483,0
-43.949474,-89.08261,0
57.922695,-94.29706,0
157.09555,16.990894,0
73.27071,-72.98105,0
59.00438,26.378273,0
36.728325,16.043215,0
23.311802,54.42346,0
3.2738118,4.1004877,0
4.368149,-2.5257788,0
37.68156,-30.661537,0
148.99,18.081512,0
76.97396,-73.8463,0
42.363235,25.964489,0
55.30708,34.716072,0
32.532665,56.192783,0
9.772145,-6.4267445,0
8.604621,-7.831919,0
38.080784,-35.450035,0
109.772385,108.232254,0
141.89278,-38.794025,0
-81.70338,-52.931763,0
-77.23319,53.59149,0
41.783813,108.39886,0
-83.44635,-9.988688,0
-81.26264,-66.61123,0
31.688381,-88.52675,0
115.69758,109.15653,0
129.5021,-8.0377445,0
-94.39914,-53.658722,0
-82.032555,57.975147,0
42.35867,168.43932,0
-96.43578,-10.939125,0
-91.37246,-62.927567,0
64.73346,-123.76537,0
143.82542,74.2841,0
110.05653,-83.280106,0
-58.38608,-19.792936,0
-60.449448,44.668217,0
45.595882,132.67557,0
-49.851303,30.347221,0
-63.258266,-79.6465,0
43.494293,-100.530014,0
111.35602,32.68598,0
85.52809,-10.778296,0
-154.69826,1.0316843,0
-89.55987,78.81215,0
-34.799885,143.47202,0
-146.01596,30.69858,0
-103.83361,-87.43185,0
-6.765027,-155.90887,0
105.02779,84.93846,0
122.046196,-32.30353,0
-104.66039,-43.006954,0
-55.713364,119.97688,0
17.59455,162.54663,0
-89.79667,2.029878,0
-109.93954,-66.20174,0
56.42421,-138.41045,0
111.16831,130.85857,0
104.8972,-121.101776,1
7.1828427,-50.367958,0
-13.642486,45.036953,0
71.34212,157.59543,0
0.94532907,-39.24266,0
1.4120879,-54.13983,0
54.790543,-67.51112,0
82.59348,48.626682,0
71.69675,-47.53988,0
-151.43506,-40.159546,0
-67.05123,111.738396,0
-21.209217,159.71262,0
-98.91954,45.695694,0
-114.448296,-142.10739,0
26.919138,-153.05003,0
113.24919,133.86444,0
103.409424,-122.055016,1
7.3582478,-51.63131,0
-12.744182,45.74861,0
70.79931,159.40752,0
1.8611199,-36.841698,0
-0.4512952,-55.616795,0
56.19525,-66.78156,0
86.237495,27.44618,0
63.976624,-2.682711,0
-182.05025,-21.907822,0
-92.629616,125.327774,0
-24.373064,178.3214,0
-129.8766,57.600933,0
-142.28584,-109.97712,0
14.529753,-180.99852,0
75.646736,80.76318,0
142.30728,-20.134874,0
-50.303898,-75.054985,0
-27.251333,100.0503,0
-7.0618367,114.038864,0
-57.50613,10.18443,0
-57.332203,-109.83686,0
2.8528214,-124.71139,0
119.47193,43.12553,0
70.67993,-20.9619,0
-161.07666,-28.19605,0
-77.329605,85.02394,0
-0.8413428,170.66234,0
-114.39622,42.430313,0
-122.59297,-123.17753,0
9.920326,-138.90033,0
114.72488,113.3942,0
127.70585,-14.549435,0
-105.73375,-52.04698,0
-74.072655,63.375595,0
21.107592,176.95587,0
-97.22422,-4.9371696,0
-106.17907,-55.345226,0
64.00398,-132.24628,0
142.86519,74.0081,0
110.80309,-81.29777,0
-57.85395,-22.127222,0
-59.320816,46.345833,0
45.346153,129.45137,0
-49.960667,28.449976,0
-62.753807,-81.57563,0
41.85085,-99.76265,0
78.607155,79.641,0
142.30666,-21.028393,0
-50.230507,-74.37715,0
-27.704897,98.85778,0
-6.063297,113.84976,0
-56.41945,9.575762,0
-57.546432,-110.69839,0
2.8548253,-123.86563,0
129.37766,95.94051,0
135.17955,-83.507645,0
-91.46817,-35.01886,0
-47.356373,45.261234,0
32.165173,156.10692,0
-88.307205,-26.363764,0
-83.19016,-82.8348,0
53.67427,-111.54852,0
80.011475,63.41289,0
99.53188,-50.170643,0
-121.68869,-21.585255,0
-56.47744,106.59093,0
-8.321013,127.520035,0
-85.705795,35.506187,0
-95.083374,-94.737564,0
38.46338,-136.66187,0
94.26579,90.33464,0
134.47028,-30.426062,0
-64.68359,-68.1518,0
-39.25218,97.41645,0
3.7806528,119.86377,0
-71.45645,-3.1011643,0
-71.60781,-98.95687,0
-7.1589904,-131.31378,0
156.11757,17.320602,0
73.939156,-73.20811,0
58.8664,26.294811,0
35.941578,16.29207,0
23.8487,54.307564,0
3.1789181,4.2422113,0
4.6183777,-2.0739007,0
38.23918,-31.21691,0
118.1095,73.2952,0
93.648026,-5.029642,0
-165.86542,4.4895377,0
-95.82612,90.385994,0
16.041868,140.36809,0
-151.58504,40.465275,0
-111.12409,-96.232895,0
2.1414757,-164.19771,0
115.70491,141.83914,0
92.22424,-114.10255,1
17.239504,-49.353794,0
-9.550166,37.25093,0
81.90937,150.84198,0
6.9812856,-26.968061,0
-9.885911,-59.649406,0
54.67027,-56.91557,0
81.6548,47.305717,0
70.34479,-46.933613,0
-149.17822,-38.757393,0
-67.75958,110.215,0
-19.786024,157.52536,0
-97.58983,44.49983,0
-111.48356,-141.89252,0
26.367369,-149.7847,0
154.8992,46.34893,0
109.954,-44.879463,0
-108.06323,-20.748411,0
53.80962,38.743717,0
4.1967764,65.293,0
-78.232254,20.856758,0
-84.93033,-96.27401,0
39.833344,-80.603714,0
60.73287,105.364044,0
141.8217,-61.407898,0
-38.38668,-32.102013,0
-35.98969,61.111233,0
34.10212,94.95188,0
-37.226097,9.483958,0
-56.91733,-141.69296,0
8.899308,-85.24661,0
165.27583,17.530243,0
86.44136,-79.432655,0
19.903576,-14.54201,0
20.942245,-15.938937,0
11.855686,49.266506,0
20.429983,-15.104478,0
19.159237,-13.556302,0
30.436907,-19.116806,0
70.71028,41.49772,0
71.94055,-6.205771,0
-176.22684,-16.981647,0
-92.85252,118.605995,0
-24.38725,170.51958,0
-130.26389,50.24368,0
-138.20287,-116.82464,0
13.052089,-174.99326,0
102.79483,62.581924,0
103.74997,1.2781472,0
-178.6016,16.645586,0
-119.96886,108.61857,0
-47.92114,174.44958,0
-134.75421,22.262457,0
-150.79858,-93.658875,0
43.4469,-173.25937,0
71.17075,113.37016,0
154.67981,-69.9399,0
-30.441967,-75.58184,0
-13.982544,72.629295,0
11.15575,91.57954,0
-25.213905,3.4872487,0
-30.811558,-96.250496,0
14.956843,-81.15233,0
73.249664,82.64125,0
146.06459,-19.111525,0
-53.45634,-71.595764,0
-33.630745,91.7225,0
-6.7761846,110.17701,0
-59.093056,6.8001146,0
-60.856945,-109.978546,0
-0.8005687,-124.90245,0
118.66186,134.93527,0
99.56474,-111.77848,1
13.682868,-44.975193,0
-12.623979,37.91891,0
72.69096,149.73767,0
8.367867,-34.124054,0
-8.68357,-52.586,0
49.347225,-61.713142,0
66.0731,56.73308,0
110.150764,-13.434286,0
-135.58305,-52.017406,0
-108.87646,94.77408,0
-20.529612,135.40439,0
-117.200516,3.033404,0
-137.88232,-73.02364,0
48.20218,-164.98303,0
77.66918,107.24547,0
166.9137,-47.575653,0
-35.797024,-48.95122,0
-22.897398,67.81841,0
22.6614,100.74051,0
-32.88106,-9.287976,0
-45.64731,-133.43651,0
2.2654307,-94.67171,0
121.8246,132.32426,0
135.14522,-82.016914,0
-89.09714,-34.483536,0
-45.080795,44.980026,0
28.65674,154.74698,0
-87.31489,-27.351883,0
-81.97527,-81.60719,0
54.3387,-109.95061,0
141.9792,75.88273,0
111.30933,-81.75089,0
-58.271473,-21.693235,0
-60.804523,47.450676,0
44.63327,130.15831,0
-50.464855,28.774317,0
-62.18267,-81.32213,0
41.579548,-99.76291,0
63.582798,104.23535,0
145.47133,-63.018105,0
-35.82614,-35.29128,0
-35.242126,65.1659,0
30.268751,92.06002,0
-32.995903,7.901529,0
-51.99361,-140.44038,0
4.4956317,-85.33956,0
131.18271,62.813343,0
111.72121,-66.15016,0
-73.51514,-33.808064,0
-63.74849,60.963303,0
32.232315,142.7697,0
-65.12895,25.746616,0
-81.19944,-130.6384,0
39.96744,-113.73293,0
77.82523,66.81785,0
100.71214,-47.130466,0
-119.07947,-23.739462,0
-53.750553,106.26991,0
-5.6880064,127.77649,0
-84.14914,31.87586,0
-93.20035,-96.77824,0
39.043144,-134.16255,0
93.25849,103.60235,0
131.79297,-50.004406,0
-56.09927,-44.183743,0
-38.48993,74.04518,0
23.063335,120.52655,0
-45.125103,-17.500713,0
-36.190746,-118.25361,0
15.689021,-108.528206,0
110.725044,32.14514,0
87.17936,-0.5399733,0
-167.57364,1.9649444,0
-98.67447,103.477875,0
-33.37009,158.717,0
-145.06041,43.750027,0
-114.56721,-88.31063,0
1.1242303,-171.01352,0
108.14927,70.67906,0
100.00354,-21.908648,0
-74.04483,-44.785427,0
-66.76001,73.317276,0
11.934285,144.62672,0
-101.74041,13.266583,0
-84.73317,-110.806854,0
23.345984,-122.29745,0
92.40869,54.87962,0
76.99558,-38.71462,0
-134.50996,-23.443678,0
-70.6221,94.69245,0
-0.0034839753,146.63371,0
-102.64704,34.601803,0
-103.882774,-107.32042,0
19.038303,-143.8774,0
130.8284,97.71574,0
126.426025,-68.633606,0
-84.611115,-40.485283,0
-77.131714,63.713177,0
28.75693,165.97359,0
-85.39171,-19.045824,0
-81.073715,-74.70813,0
52.051598,-121.84755,0
147.95067,21.95207,0
83.218216,-74.248024,0
48.768417,26.86756,0
36.867184,31.67282,0
35.58899,59.840195,0
-5.8262157,-1.5685453,0
11.124068,-8.592775,0
34.26355,-36.12744,0
71.15616,58.5905,0
110.25596,-16.299662,0
-133.19983,-53.57238,0
-73.32723,105.70157,0
-18.044865,132.91794,0
-115.5019,-0.5959324,0
-136.75523,-69.64532,0
39.395264,-152.03633,0
80.87794,90.62431,0
150.49088,-31.53597,0
-42.632324,-65.010704,0
-22.83724,88.737854,0
6.6320167,107.19152,0
-50.267536,-2.3809044,0
-47.964504,-116.01085,0
-1.6546447,-111.494026,0
135.61734,63.471573,0
110.17442,-66.90423,0
-74.32285,-32.12593,0
-64.2631,60.122334,0
34.09047,140.86778,0
-63.703342,27.360086,0
-82.725296,-132.286,0
38.611885,-115.081795,0
103.93372,46.131203,0
77.955475,-26.217535,0
-140.46971,-24.97233,0
-86.015,101.73231,0
-11.601307,145.05899,0
-116.82735,21.19173,0
-110.81589,-114.312454,0
10.116733,-158.66449,0
84.03662,106.54133,0
162.5744,-49.163685,0
-39.02711,-51.945835,0
-19.602581,72.179855,0
20.69701,103.96653,0
-35.49085,-12.218305,0
-32.313313,-123.352394,0
3.630161,-99.757095,0
105.58887,24.43144,0
89.87639,1.0042146,0
-177.83556,3.5010898,0
-102.277374,106.50621,0
-32.608665,157.7373,0
-149.23714,44.44556,0
-126.72818,-86.14146,0
-0.7455548,-171.9161,0
120.00465,24.820564,0
74.425125,14.057494,0
-158.44983,12.480528,0
-100.02016,78.22384,0
-45.989914,146.45973,0
-157.30077,31.241446,0
-110.732216,-77.65908,0
-11.858122,-162.47769,0
62.189896,105.17346,0
142.17245,-63.710808,0
-38.00937,-34.03492,0
-36.950745,63.48096,0
31.616095,94.305824,0
-35.62692,10.869555,0
-54.816723,-139.97025,0
6.6222525,-83.70176,0
118.923134,89.08869,0
123.90851,-59.722885,0
-70.967674,-19.124609,0
-52.498997,69.264336,0
22.973372,132.76672,0
-78.486595,0.36235848,0
-42.868164,-97.988014,0
25.806578,-111.95195,0
121.61713,33.53302,0
71.327255,9.181873,0
-154.36449,7.0303555,0
-93.36625,76.766815,0
-40.341324,143.50569,0
-152.47818,28.647833,0
-104.46555,-81.622734,0
-10.29207,-156.703,0
68.98785,105.24619,0
139.34364,-56.85866,0
-40.25885,-40.215244,0
-30.461882,63.029514,0
29.649225,99.50377,0
-37.659126,2.9381583,0
-53.866367,-134.97284,0
10.903908,-89.72021,0
157.125,42.61367,0
116.06393,-49.508377,0
53.38117,37.793465,0
9.923446,62.59342,0
12.189603,71.29046,0
-9.245768,-71.36857,0
-14.289853,-75.39323,0
32.620903,-74.82357,0
110.40413,132.84947,0
102.974075,-121.28257,1
6.009435,-51.704636,0
-11.399547,45.28738,0
71.25461,160.0909,0
0.579366,-36.530655,0
-0.17732671,-54.24306,0
55.439873,-66.37185,0
76.080986,41.58247,0
57.69316,-20.853155,0
-171.73053,-34.361057,0
-79.43056,119.63248,0
-13.005473,177.9821,0
-118.23982,54.199974,0
-127.646545,-127.94438,0
21.456226,-168.38124,0
88.344826,85.244896,0
141.67491,-28.186577,0
-45.700474,-73.0499,0
-21.243744,94.74659,0
1.7357271,114.5985,0
-50.811764,6.6541047,0
-50.261913,-107.88752,0
3.9012809,-119.231995,0
141.9303,70.61245,0
110.369804,-78.29615,0
-55.798298,-22.659657,0
-64.08488,48.92562,0
42.72231,132.69276,0
-49.873432,26.734554,0
-60.63923,-82.72814,0
39.335766,-98.97675,0
134.77762,78.39042,0
113.17451,-78.95644,0
-55.07553,-25.822466,0
-61.69685,48.439972,0
47.32495,128.8663,0
-47.998093,24.56018,0
-58.165405,-85.99198,0
39.222874,-96.72689,0
116.364426,56.304436,0
89.01961,-26.478973,0
-144.02023,-14.129848,0
-85.211494,86.41374,0
3.1221695,151.79285,0
-107.04802,18.622997,0
-102.12343,-120.59012,0
14.787643,-136.03949,0
139.73157,64.10535,0
108.33905,-64.47145,0
-76.29899,-35.365246,0
-63.315464,62.63413,0
27.17927,135.2292,0
-62.042957,28.785294,0
-85.115616,-131.30524,0
36.734028,-116.624306,0
115.761894,137.90666,0
99.66522,-114.35694,1
11.228648,-47.359455,0
-13.740867,38.740494,0
71.97756,153.4907,0
6.3974576,-33.410736,0
-7.0023212,-53.902054,0
52.347908,-60.398766,0
97.91929,27.734821,0
82.338264,-3.7928963,0
-170.86282,-6.0340843,0
-106.470604,119.94683,0
-35.98628,169.8235,0
-143.50342,55.132698,0
-125.70841,-97.76691,0
4.6623483,-183.14731,0
116.72762,72.171,0
98.45799,-8.102842,0
-116.348274,-37.64282,0
-52.6191,95.39862,0
16.47207,138.0947,0
-96.81188,5.8591714,0
-133.97989,-90.175026,0
45.630352,-140.93439,0
115.91535,55.438793,0
89.25337,-22.005707,0
-141.34746,-15.850557,0
-72.94414,83.43815,0
4.968019,157.5046,0
-105.30643,21.917492,0
-96.8273,-119.84529,0
16.663713,-135.19302,0
140.74855,21.63638,0
87.44189,-67.67591,0
49.621975,24.97169,0
41.07616,33.25228,0
38.842045,61.578793,0
-7.087014,-3.3849995,0
2.1152227,-12.207963,0
38.596306,-44.71225,0
101.41595,59.783714,0
74.342186,-11.7437315,0
-167.22235,-14.0733385,0
-87.8507,111.33044,0
-3.9779818,184.91167,0
-131.59294,39.83308,0
-128.4101,-106.610146,0
27.209211,-176.62201,0
78.33773,77.64879,0
142.86647,-15.841695,0
-100.11576,-31.168468,0
-32.16033,101.8701,0
-10.906058,117.46653,0
-62.229935,10.06606,0
-68.47617,-120.52105,0
4.4146547,-128.48096,0
100.254074,41.65544,0
76.69658,-26.222944,0
-137.195,-25.007307,0
-88.533745,100.295,0
-14.732758,144.80675,0
-122.05592,21.331696,0
-116.20392,-111.47532,0
36.249123,-152.3767,0
67.835144,55.131733,0
112.69206,-11.411929,0
-138.2024,-49.871258,0
-102.61282,95.6799,0
-21.947296,138.6741,0
-114.88335,5.25629,0
-135.03592,-75.092125,0
44.99657,-159.10907,0
84.35724,54.922276,0
66.081215,-36.622765,0
-162.28825,-43.769783,0
-62.08021,109.76999,0
-16.811007,179.91295,0
-121.55305,57.860107,0
-131.76656,-118.163666,0
26.441105,-164.0221,0
111.758125,53.682487,0
70.80537,-25.521122,0
-157.38126,-21.127504,0
-78.68036,90.59507,0
-3.7660954,168.08263,0
-109.39246,42.406185,0
-101.45098,-127.55079,0
4.9728374,-141.01234,0
139.82687,97.96277,0
127.596306,-100.00581,0
-16.163103,-38.09479,0
-34.39879,39.880333,0
48.06956,152.51157,0
-17.287825,-28.716377,0
-40.718964,-88.185524,0
60.894955,-98.69981,0
75.286354,100.96112,0
162.26093,-42.904564,0
-30.19192,-54.39345,0
-27.119987,74.31273,0
16.874905,97.13052,0
-38.13597,-5.6173925,0
-41.06323,-131.63617,0
-3.694626,-97.77844,0
127.71584,91.6477,0
130.91489,-78.50167,0
-87.390724,-36.82717,0
-46.264713,52.707134,0
30.071602,152.30318,0
-82.79855,-26.216278,0
-76.78123,-83.21399,0
50.92812,-108.36529,0
95.87125,92.424095,0
133.69693,-26.841986,0
-68.90661,-67.7593,0
-42.682087,100.022385,0
0.26557738,121.42038,0
-71.758766,1.6159605,0
-67.488556,-115.027275,0
9.991295,-122.38162,0
79.68164,92.747505,0
152.11076,-32.35895,0
-42.24115,-63.85817,0
-21.68973,87.04138,0
6.0209713,106.40838,0
-51.393265,-2.548231,0
-48.780106,-117.28475,0
-2.6095514,-111.69294,0
147.54767,93.466225,0
123.35862,-105.044235,0
-14.416622,-35.141747,0
-27.563572,43.43858,0
54.354317,149.15465,0
-15.104037,-30.669909,0
-39.287308,-90.64264,0
62.347076,-92.59686,0
153.1033,20.54979,0
77.73231,-82.58348,0
53.817867,25.603336,0
59.544273,29.631754,0
28.612566,53.41104,0
2.8492317,3.40594,0
6.771495,4.7475967,0
41.83399,-33.316135,0
143.66626,98.60148,0
127.206436,-102.61353,0
-13.673919,-41.02315,0
-30.386124,39.213596,0
51.998505,152.2832,0
-15.296231,-25.696962,0
-39.711758,-84.17274,0
61.560127,-96.130974,0
105.30088,109.931015,0
141.77911,-34.863,0
-55.005753,-73.95752,0
-23.202587,98.650536,0
-1.1645112,113.65141,0
-79.44357,-6.4999566,0
-81.80416,-69.78975,0
5.800672,-115.70445,0
125.82847,50.519787,0
91.322075,-17.144258,0
-134.92575,-11.566996,0
-68.68661,87.87825,0
3.6817784,146.48433,0
-94.60957,19.420986,0
-94.242355,-123.211395,0
16.39508,-126.27786,0
96.64852,103.29835,0
152.70436,-51.722008,0
-50.18519,-48.44443,0
-27.166716,67.70726,0
21.157936,113.86265,0
-41.153473,-14.211962,0
-31.407248,-129.05806,0
16.946001,-104.03674,0
105.89846,30.485645,0
89.20142,-4.404496,0
-163.85956,-0.22429359,0
-96.4239,104.92152,0
-34.000256,153.71436,0
-146.17334,39.168873,0
-114.929695,-92.00691,0
1.5330762,-166.74869,0
86.18526,102.961205,0
135.31915,-45.444927,0
-57.559296,-49.58894,0
-38.95796,76.89048,0
17.207336,120.09727,0
-48.51642,-13.382705,0
-39.18543,-122.14716,0
11.945921,-111.76915,0
118.154495,139.58348,0
97.42324,-112.44004,1
15.002013,-46.43646,0
-11.398258,37.372097,0
74.32931,150.81554,0
8.802396,-31.741318,0
-9.369348,-55.141495,0
50.87894,-59.66695,0
68.79275,51.455822,0
116.9175,-10.427916,0
-139.76926,-46.49572,0
-99.136284,94.34739,0
-21.07247,141.08958,0
-111.75799,7.0169654,0
-131.50412,-75.97322,0
40.702858,-156.5689,0
115.07183,85.59292,0
126.25414,-54.14051,0
-71.02699,-43.06179,0
-56.44139,72.443245,0
18.71293,137.01317,0
-78.35683,6.198273,0
-73.03764,-114.81715,0
21.108545,-112.48927,0
151.97794,18.263544,0
77.54755,-74.560455,0
53.769478,24.278345,0
58.079323,31.983858,0
29.434288,55.44695,0
2.6589878,1.4368953,0
6.3531713,-5.4179974,0
38.449253,-33.447533,0
120.55413,36.685654,0
86.879166,-15.240977,0
-152.56694,5.6336346,0
-88.39109,73.80313,0
-38.49339,140.68483,0
-149.95103,27.287273,0
-102.731026,-83.34849,0
-8.94928,-152.86008,0
145.31335,49.451576,0
112.29531,-43.20343,0
-107.90845,-29.633026,0
42.754585,41.93545,0
2.0012226,57.85399,0
-83.28351,15.576686,0
-81.08439,-94.1535,0
43.38475,-86.526215,0
117.537735,60.10125,0
93.67509,-23.396748,0
-134.15315,-14.432594,0
-68.245735,84.61238,0
5.760332,148.35323,0
-103.06699,18.50187,0
-95.86337,-115.74142,0
20.019804,-132.71194,0
93.79554,55.11171,0
76.501526,-32.622047,0
-145.42932,-27.325296,0
-71.48207,90.304596,0
-2.747281,148.3549,0
-101.81555,33.68789,0
-119.50613,-121.40166,0
21.967318,-140.24347,0
67.082245,56.401077,0
107.70213,-14.246884,0
-136.09561,-55.877655,0
-107.39629,96.70473,0
-23.765022,133.16542,0
-119.46426,0.46920866,0
-140.57259,-71.29315,0
48.588852,-159.54543,0
115.81524,50.775978,0
75.22995,-16.871712,0
-161.66756,-15.463419,0
-77.78703,81.14191,0
0.6682702,177.00021,0
-126.40448,33.215748,0
-103.16393,-117.988655,0
10.105643,-136.00636,0
114.699425,106.801384,0
137.03741,-3.9149482,0
-84.53106,-51.765217,0
-78.61098,55.68994,0
37.53289,175.7909,0
-86.16052,-10.831358,0
-85.4703,-67.38,0
32.565586,-88.941376,0
61.649616,101.55228,0
143.38795,-59.04768,0
-42.11889,-35.001263,0
-40.171917,60.539703,0
37.245636,94.77828,0
-41.020283,9.715276,0
-53.63008,-145.9656,0
10.427005,-81.97275,0
80.27994,65.62175,0
103.73029,-42.533356,0
-117.21114,-28.07775,0
-50.18595,107.97573,0
-2.5542862,131.82848,0
-84.02646,28.591932,0
-90.38919,-93.25775,0
42.239716,-132.80858,0
123.08567,59.48479,0
98.464424,-19.481333,0
-128.09203,-38.76768,0
-66.560425,81.6281,0
8.418861,145.15425,0
-100.88687,15.3836775,0
-98.76941,-106.609886,0
38.36541,-156.41362,0
123.409836,109.542786,0
135.18523,0.35896268,0
-89.29048,-50.10388,0
-80.33608,65.16461,0
33.474987,174.06657,0
-90.04459,-11.206097,0
-90.392715,-71.59702,0
61.199306,-118.80136,0
99.78827,65.40182,0
107.511795,3.596871,0
-180.90344,10.731104,0
-115.98637,106.27343,0
-41.981712,177.4056,0
-135.56194,25.70967,0
-148.69478,-88.81815,0
44.950996,-179.79494,0
116.01765,139.13792,0
94.14879,-115.74091,1
17.389395,-51.18377,0
-4.539542,36.894516,0
80.60106,148.14993,0
5.4280105,-28.332888,0
-13.89834,-60.323124,0
53.042027,-52.65259,0
102.94257,36.014282,0
67.095314,-4.5714383,0
-179.13129,-20.54871,0
-92.32227,123.36277,0
-24.427168,176.61105,0
-132.83554,55.055687,0
-137.84206,-110.72142,0
18.393673,-180.79251,0
81.750565,83.25369,0
144.25508,-23.920145,0
-50.107365,-71.4729,0
-25.54159,96.84802,0
-3.007878,112.864296,0
-54.74561,6.5729237,0
-54.273186,-107.396484,0
1.0165105,-120.06491,0
81.429344,103.5063,0
160.56932,-36.3945,0
-37.815823,-56.10089,0
-19.298882,78.50772,0
15.412788,106.54615,0
-46.977345,-9.971231,0
-45.14792,-125.202805,0
5.0196385,-106.64729,0
60.937515,101.892006,0
142.95522,-58.801456,0
-42.623936,-34.57799,0
-39.566704,60.21861,0
37.581852,95.33353,0
-40.313786,9.141409,0
-54.86931,-144.70647,0
9.676236,-82.59947,0
115.7657,113.072296,0
129.70724,-13.687324,0
-102.13074,-50.01394,0
-76.11243,61.83218,0
25.980387,165.49692,0
-88.524345,-3.9289346,0
-102.54369,-59.281876,0
58.54983,-129.88477,0
114.88945,141.00027,0
93.81378,-113.56289,1
18.35963,-49.23792,0
-8.597318,37.956455,0
78.65031,152.19757,0
7.337011,-28.601122,0
-10.574631,-58.128605,0
53.185455,-58.077156,0
116.634445,136.03389,0
100.3794,-115.02227,1
9.83799,-46.92509,0
-14.383362,40.03498,0
71.43466,151.46732,0
6.203056,-34.266907,0
-5.832772,-53.7423,0
50.861958,-63.63356,0
81.66052,88.55997,0
149.99915,-25.923588,0
-48.331383,-66.34511,0
-26.259031,90.04713,0
0.11055429,107.473434,0
-56.08206,1.2419877,0
-53.821728,-115.282074,0
-4.331916,-116.639786,0
75.7473,80.20875,0
143.5886,-20.138279,0
-51.60234,-73.81036,0
-26.341043,99.41365,0
-6.670099,112.77806,0
-57.42466,8.416566,0
-58.78787,-109.68142,0
1.7215155,-124.18192,0
106.96127,24.509363,0
91.25144,2.8523712,0
-177.7555,3.2790449,0
-103.0814,105.696396,0
-30.563272,158.08383,0
-150.44685,44.68923,0
-126.5567,-86.37514,0
-1.9290671,-171.68207,0
129.59052,59.203667,0
116.74262,-60.4163,0
-71.44432,-25.577251,0
-59.14788,67.06812,0
24.56242,140.00633,0
-60.350803,17.071978,0
-70.36441,-129.24986,0
22.43983,-106.36872,0
115.60427,140.33351,0
93.09649,-113.44059,1
19.041124,-49.47882,0
-5.2497754,35.4911,0
80.26761,149.62386,0
7.1508756,-27.883215,0
-12.318318,-58.713223,0
52.416443,-53.211292,0
104.881836,29.079971,0
87.9647,-1.397061,0
-167.3483,0.13480917,0
-100.341156,110.096176,0
-35.216415,159.47485,0
-146.97835,43.46345,0
-118.57994,-91.4329,0
-0.38391933,-169.488,0
106.96737,47.401245,0
84.180145,-25.019506,0
-149.77853,-11.995829,0
-87.63938,88.614555,0
-18.451328,150.22108,0
-122.70313,25.725027,0
-106.42665,-117.86157,0
3.619056,-150.92958,0
137.58327,64.87162,0
109.49645,-68.24455,0
-74.949936,-30.808033,0
-64.73105,58.589542,0
35.568626,141.25778,0
-62.29714,26.994207,0
-81.57165,-134.07379,0
39.499485,-114.615524,0
130.6874,64.3282,0
114.76753,-64.04844,0
-69.92386,-35.419884,0
-62.19609,63.79971,0
29.673454,138.17265,0
-67.043915,22.838465,0
-81.43281,-125.78272,0
32.52191,-114.99444,0
86.213295,36.491528,0
58.294632,-18.163927,0
-173.10458,-30.684118,0
-84.472435,122.2417,0
-16.556355,174.7355,0
-124.51058,52.61531,0
-135.3894,-122.47759,0
18.70677,-170.16785,0
163.87921,6.649506,0
75.55287,-92.03165,0
50.581017,12.160768,0
18.588243,34.06683,0
17.665693,33.866673,0
19.56555,8.348168,0
20.434603,10.022096,0
41.288578,-17.97252,0
116.726295,139.22989,0
94.09527,-115.35491,1
17.737595,-50.5578,0
-5.630734,36.683556,0
79.42605,149.63834,0
5.9904003,-28.14124,0
-12.852259,-59.8826,0
53.198856,-54.204273,0
103.83705,136.11966,0
98.16482,-123.95703,1
9.245074,-62.757507,0
-8.804695,44.31322,0
72.5328,160.1652,0
-5.4280705,-30.07966,0
5.045634,-64.8561,0
56.38335,-64.52624,0
105.062325,58.716454,0
104.62922,-2.0828671,0
-177.4291,15.233743,0
-119.39564,106.96206,0
6.514571,161.42986,0
-132.56863,30.638163,0
-150.59042,-92.25635,0
34.116283,-176.12627,0
128.2712,75.94343,0
121.92535,-74.402245,0
-56.550316,-32.603344,0
-50.31564,56.577744,0
34.10565,128.28554,0
-50.78148,18.037455,0
-59.915737,-92.87111,0
29.494955,-101.66332,0
90.43048,42.77257,0
58.243103,-30.106337,0
-162.43956,-38.04802,0
-72.16404,119.15529,0
-7.3816066,171.18637,0
-121.74401,44.51157,0
-125.05847,-132.98338,0
24.616243,-161.4994,0
87.27007,31.78241,0
73.1052,-6.447031,0
-176.19284,-15.790173,0
-92.4454,119.11598,0
-23.279287,173.53389,0
-131.78488,50.840675,0
-137.02344,-116.70171,0
13.723445,-175.13773,0
158.85854,15.202275,0
72.102745,-74.43915,0
54.69695,18.979786,0
38.165882,16.716465,0
22.055058,52.806778,0
10.220236,-3.9533226,0
10.7238865,-3.2188778,0
36.3123,-27.685038,0
86.518326,110.77406,0
148.4142,-24.078457,0
-48.766163,-60.649242,0
-29.462776,86.326485,0
-7.0272584,107.00869,0
-63.847458,7.2294717,0
-62.89729,-114.81859,0
-6.182844,-126.34739,0
77.22299,96.84084,0
158.43138,-44.791615,0
-30.135609,-57.57724,0
-23.000828,74.78251,0
15.2698965,100.55238,0
-41.217594,-7.051859,0
-37.18057,-129.61394,0
-0.75949883,-101.13429,0
154.41338,35.00426,0
111.20515,-54.40156,0
39.23823,15.841172,0
18.395119,62.624794,0
18.588469,63.512444,0
-8.375261,-16.807611,0
-9.769045,-17.686642,0
34.164856,-69.87041,0
89.57301,89.24902,0
142.62775,-31.516476,0
-42.219566,-71.63559,0
-20.054234,93.06785,0
3.1370404,114.16977,0
-48.991096,4.183676,0
-48.924904,-106.60763,0
4.707395,-117.30573,0
85.235176,45.953514,0
74.41105,-48.621162,0
-152.5194,-37.356808,0
-68.94472,112.161705,0
-19.332592,161.18272,0
-101.591286,45.196674,0
-114.32661,-138.73862,0
24.89456,-152.32224,0
170.9822,4.669791,0
83.4781,-95.07895,0
31.269453,-0.4362015,0
32.094814,-7.991788,0
12.027315,42.74431,0
30.791138,-3.7858937,0
31.666504,3.1526535,0
36.119335,-14.164978,0
125.93455,31.07013,0
165.68716,-22.190907,0
-60.23499,-56.67658,0
-93.713585,74.8364,0
0.5156916,90.7298,0
-63.86385,-12.472206,0
-64.19583,-98.880905,0
-8.243247,-139.38272,0
127.98225,41.877037,0
131.35864,-86.34427,0
-92.46753,-30.82002,0
-51.184113,44.82056,0
0.93313307,172.5474,0
-89.43383,-21.59696,0
-85.51831,-77.99461,0
52.692684,-116.458786,0
63.747738,107.290924,0
138.80435,-62.153534,0
-39.660667,-36.33604,0
-33.299877,59.08584,0
28.235344,98.199936,0
-34.761906,12.541869,0
-57.016018,-137.78288,0
7.2878222,-89.54059,0
127.9377,75.32759,0
121.92273,-74.01622,0
-56.114807,-32.717453,0
-50.34751,57.699593,0
33.382244,127.64462,0
-50.629944,17.686111,0
-59.988483,-93.80837,0
29.58823,-102.08064,0
106.36432,76.37645,0
160.10121,-12.078356,0
-68.29071,-57.76567,0
-46.09848,89.09228,0
7.5530534,119.69974,0
-70.18131,-5.972822,0
-71.87256,-102.4142,0
-5.704919,-134.04538,0
89.144005,46.984764,0
78.46569,-45.7731,0
-150.89177,-33.177277,0
-71.6934,109.8849,0
-6.4389224,153.70381,0
-105.20587,41.656265,0
-111.25508,-136.52708,0
22.951225,-145.58656,0
83.36467,98.20967,0
155.80598,-37.72529,0
-36.695595,-61.022102,0
-19.695038,82.453125,0
9.07263,104.387184,0
-48.636047,-6.4460983,0
-45.363464,-119.20667,0
1.2915059,-107.649536,0
78.17422,114.97971,0
154.52484,-32.29428,0
-42.175926,-61.245667,0
-26.944744,84.33448,0
7.1506753,103.42461,0
-49.48031,-1.2771486,0
-51.4349,-120.722115,0
-6.833579,-110.95143,0
115.79462,40.15695,0
62.95246,-29.663853,0
-162.176,-32.807957,0
-73.40534,116.70567,0
-5.4334326,175.56413,0
-108.865585,49.215775,0
-124.67891,-128.0645,0
21.440464,-158.79828,0
116.59104,107.59626,0
130.45393,-7.5152287,0
-93.99853,-52.548492,0
-82.86449,57.44269,0
41.444794,168.1631,0
-97.40064,-12.416804,0
-92.12811,-61.7112,0
65.91674,-123.52726,0
156.53546,18.800587,0
73.29519,-73.64901,0
57.44199,23.638212,0
34.717888,17.724934,0
24.949842,55.44542,0
2.0749724,-0.43686962,0
4.3907337,-3.567458,0
36.53831,-32.28651,0
75.03421,40.668846,0
58.72128,-23.88817,0
-170.44125,-36.184494,0
-77.93983,118.80369,0
-9.643867,177.77206,0
-111.12215,51.75897,0
-127.50693,-129.1964,0
20.740194,-165.97926,0
113.304535,101.47284,0
136.39264,-10.889719,0
-83.140884,-45.895485,0
-87.76089,53.63352,0
40.262817,162.7095,0
-85.01077,-15.923378,0
-86.225555,-61.227043,0
59.453823,-124.58271,0
103.606285,26.287975,0
82.454445,2.2858694,0
-178.73006,-2.4897933,0
-98.95298,111.679726,0
-29.944176,161.84036,0
-145.26463,46.45636,0
-129.38234,-91.48803,0
5.694692,-174.69177,0
67.45121,102.0993,0
146.70555,-58.498985,0
-34.759094,-39.321873,0
-36.573532,68.56372,0
26.722258,91.30479,0
-35.117245,3.5104122,0
-48.379337,-142.26074,0
1.0819658,-86.30545,0
155.25688,62.457,0
95.65791,-71.395996,0
-3.026078,24.711613,0
-6.563961,22.20863,0
40.47181,80.19253,0
-4.716844,23.75614,0
-1.0780758,25.521185,0
30.001,-59.403492,0
144.03545,47.069817,0
101.06233,-44.4655,0
-112.97029,-23.843319,0
40.518585,39.94709,0
3.2103739,55.323196,0
-85.56857,19.3003,0
-91.55823,-102.189285,0
46.23004,-87.973915,0
110.88631,74.622,0
130.44601,-44.618816,0
-61.676086,-47.03006,0
-45.606075,76.228386,0
16.70781,126.20293,0
-69.61145,11.694238,0
-81.044174,-117.4737,0
15.276091,-118.18615,0
146.95096,31.897482,0
83.09573,-72.86757,0
23.619505,-34.041744,0
26.16717,-33.11069,0
27.198257,69.24763,0
24.817873,-33.810825,0
22.461296,-34.22778,0
29.205154,-38.175316,0
121.892685,111.44101,0
134.82147,-1.5396758,0
-88.04684,-50.201954,0
-82.10545,61.93869,0
36.879463,174.84256,0
-89.70085,-9.839322,0
-90.16516,-72.9701,0
62.579266,-118.53251,0
109.75441,25.18632,0
81.43581,11.78385,0
-165.97641,9.815109,0
-102.61704,85.939445,0
-43.22404,153.44756,0
-156.8849,38.37045,0
-116.784615,-82.454994,0
-9.248553,-167.98904,0
114.56663,108.25384,0
131.20917,-11.072517,0
-84.2189,-48.210632,0
-78.74693,58.567616,0
42.379406,164.45659,0
-87.735214,-8.161319,0
-87.96602,-64.00649,0
62.057476,-124.805626,0
105.84394,133.3788,0
102.59439,-125.2477,1
7.725139,-57.587734,0
-11.300614,48.40587,0
69.758835,162.3794,0
-4.351803,-34.643444,0
3.1114576,-61.475628,0
58.992405,-67.2782,0
134.9754,60.301537,0
132.91278,-44.4184,0
-59.962772,-48.521526,0
-42.99731,77.73663,0
16.672703,123.30692,0
-67.344376,13.342482,0
-78.35588,-118.645676,0
12.737135,-115.12006,0
134.76892,34.85185,0
82.56704,-57.260803,0
-100.86336,-28.108978,0
-70.01253,105.6049,0
30.22655,77.88346,0
-94.08116,44.608818,0
-121.02587,-73.18331,0
29.83583,-49.910275,0
118.56439,27.02295,0
75.51958,12.890254,0
-159.1744,11.934022,0
-99.6214,78.913376,0
-45.238384,146.91658,0
-156.9737,32.244247,0
-111.3261,-78.90912,0
-12.492149,-162.37523,0
105.74447,61.78506,0
104.38373,1.8425324,0
-179.42177,13.897221,0
-118.870346,108.13413,0
-45.563766,175.239,0
-134.97389,22.822384,0
-149.4149,-92.61426,0
43.34708,-174.14018,0
158.67007,39.602837,0
116.607796,-52.009804,0
30.827028,21.77146,0
13.271987,61.460155,0
15.530623,68.9478,0
-12.681613,-11.764874,0
-16.499313,-69.99431,0
32.1478,-76.04097,0
66.22199,76.20698,0
151.64343,-13.081433,0
-67.98956,-60.421932,0
-44.855038,91.77267,0
-13.32458,105.11962,0
-67.20667,1.5119491,0
-66.578094,-112.3693,0
-4.449331,-135.2716,0
81.16065,47.898624,0
71.416466,-47.834217,0
-150.30318,-38.849392,0
-68.16339,111.416,0
-20.026125,158.96487,0
-99.11098,44.996063,0
-115.07604,-141.07988,0
26.15277,-151.84154,0
115.88458,128.93437,0
104.26903,-116.97358,1
5.0319653,-45.91556,0
-16.687292,41.90554,0
68.00878,154.7027,0
4.2790303,-41.389313,0
-2.2115352,-50.363693,0
50.850304,-67.70141,0
68.49621,113.548355,0
151.18776,-72.49371,0
-25.001442,-75.305244,0
-9.015414,69.9786,0
15.605113,89.05771,0
-24.887896,-0.06264116,0
-26.46794,-93.24139,0
20.230345,-78.5052,0
93.70639,47.959053,0
73.399574,-36.042984,0
-137.13063,-33.020878,0
-75.959335,103.11846,0
-7.8081803,141.16786,0
-104.295105,28.863214,0
-108.496796,-109.57041,0
28.841333,-144.04808,0
65.83916,86.13995,0
161.59558,-17.21181,0
-62.50912,-62.388966,0
-39.963165,89.63309,0
-3.132791,98.324165,0
-67.67235,-7.1192064,0
-67.043495,-103.62885,0
-10.878114,-132.93494,0
95.4961,33.498623,0
73.65545,-2.752714,0
-180.25012,-13.017221,0
-95.37118,118.42657,0
-23.515903,170.54523,0
-136.90051,49.107704,0
-135.42996,-99.88441,0
11.961979,-178.47716,0
113.1019,112.17722,0
127.82938,-12.42688,0
-104.01622,-52.304203,0
-77.87373,60.86362,0
28.564169,174.56458,0
-96.635796,-5.9535666,0
-87.69322,-68.8981,0
63.91661,-130.33156,0
89.54443,111.66077,0
161.16733,-54.53148,0
-43.726303,-46.82298,0
-20.223694,58.72797,0
25.866009,109.8822,0
-35.09747,-18.414993,0
-28.440226,-116.28462,0
10.690833,-99.893036,0
75.48211,78.972404,0
146.59084,-20.043013,0
-52.431934,-70.56307,0
-27.381561,96.20617,0
-4.829723,109.65766,0
-59.615974,6.4536037,0
-60.65979,-110.955536,0
-1.37676,-123.21963,0
81.06407,53.152214,0
55.692715,-22.874992,0
-163.8548,-41.923626,0
-63.45807,112.95739,0
-15.965791,180.70139,0
-116.379395,55.343582,0
-128.72789,-135.8328,0
25.031975,-163.59286,0
75.07301,75.324974,0
147.94469,-12.734886,0
-68.41561,-63.493755,0
-43.67958,96.835724,0
-11.470623,109.85989,0
-69.86109,1.56246,0
-67.70371,-110.757385,0
-1.3247019,-134.62198,0
108.47269,106.41785,0
142.91571,-39.219738,0
-83.14536,-51.410454,0
-77.62972,54.767803,0
41.600582,107.59248,0
-85.146866,-11.087819,0
-84.45958,-66.718544,0
31.927494,-89.54811,0
102.03368,55.415188,0
76.85335,-6.3673534,0
-172.81049,-13.094521,0
-93.105354,114.75889,0
2.603174,165.53012,0
-134.2669,47.541134,0
-130.88899,-102.4248,0
9.400744,-184.78458,0
126.9729,70.81854,0
119.92848,-63.55845,0
-65.665665,-36.901405,0
-51.15974,64.97295,0
26.613922,128.79562,0
-68.54125,17.268362,0
-79.520035,-122.123024,0
29.443106,-115.43279,0
72.971565,49.892677,0
99.53115,-18.03711,0
-129.40169,-39.754795,0
-70.24255,78.7052,0
7.6711407,149.19318,0
-110.25672,13.645624,0
-99.192184,-107.854126,0
18.837814,-131.01189,0
68.28471,59.27095,0
107.512695,-12.546788,0
-137.68538,-55.161346,0
-107.43669,98.37446,0
-24.35846,135.71327,0
-120.47342,1.8498462,0
-140.25145,-73.07167,0
47.351738,-160.40741,0
126.70887,93.68382,0
130.9897,-80.6871,0
-85.56095,-35.14878,0
-42.779724,48.64888,0
33.266506,153.0415,0
-83.400154,-24.237621,0
-78.43322,-81.26204,0
49.980995,-110.346016,0
118.186775,108.514565,0
130.33446,-6.8613896,0
-94.72988,-52.142265,0
-83.90509,57.30347,0
40.747345,167.6365,0
-97.15562,-12.881584,0
-92.70421,-61.791485,0
66.52536,-123.746956,0
140.7248,33.136276,0
83.80429,-62.947403,0
-24.628456,19.026796,0
-25.306053,26.11896,0
31.628107,73.14413,0
-25.486076,22.44305,0
-23.38547,16.598974,0
33.15736,-46.15142,0
72.13626,86.6351,0
157.42853,-21.738544,0
-57.95358,-67.43162,0
-34.478096,94.776024,0
-0.7682309,102.06907,0
-61.006668,-3.948201,0
-57.825943,-104.324936,0
-9.5978565,-121.74109,0
115.707375,58.873383,0
92.977104,-23.740896,0
-139.51505,-14.769512,0
-69.43156,83.84924,0
4.7890143,149.8359,0
-104.29351,18.204525,0
-96.505936,-115.106606,0
21.451435,-134.27519,0
93.32904,111.769356,0
160.01851,-56.61452,0
-45.710506,-44.038033,0
-22.148117,56.295906,0
27.836563,112.31817,0
-35.928093,-20.698996,0
-26.595984,-115.85742,0
13.505474,-99.16576,0
141.20769,76.38241,0
115.32788,-81.94699,0
-61.38256,-24.80762,0
-56.994904,49.975796,0
42.69374,127.16008,0
-53.886246,27.963848,0
-65.593636,-86.02091,0
39.990635,-104.627815,0
131.67117,71.274574,0
122.24143,-63.351284,0
-64.4388,-35.697407,0
-52.768,64.76839,0
27.62825,132.83614,0
-65.70747,17.35036,0
-76.69924,-122.35642,0
28.466589,-112.68382,0
87.35976,86.3727,0
142.29337,-29.341385,0
-44.32862,-72.47301,0
-21.19385,95.1439,0
1.0432233,114.25779,0
-50.34758,5.4649014,0
-50.09381,-106.727776,0
3.5907764,-117.63854,0
71.61554,78.524765,0
151.48741,-17.898727,0
-52.595837,-61.306065,0
-32.018425,87.616295,0
-7.5332623,104.73415,0
-63.18364,3.2664387,0
-59.600925,-118.31423,0
-2.4084537,-128.37114,0
126.322136,51.53451,0
125.13468,-41.199432,0
-77.2574,-44.36593,0
-47.256443,74.789345,0
9.302526,135.3225,0
-91.94465,17.2368,0
-87.44697,-120.829094,0
14.160639,-124.2274,0
114.383545,43.68717,0
85.399895,-39.955288,0
-148.99142,-20.902824,0
-76.563286,92.78934,0
-7.1741476,157.92268,0
-110.93278,32.656403,0
-106.04385,-128.53592,0
13.989277,-146.86845,0
121.789856,106.55801,0
131.00124,-4.4313827,0
-94.377716,-48.76929,0
-87.8202,58.279526,0
37.809643,168.08328,0
-96.001526,-15.866238,0
-95.770065,-64.95644,0
68.735275,-121.115105,0
107.5237,138.091,0
100.78528,-128.39137,1
12.147001,-57.709435,0
-7.3060493,49.104717,0
72.17737,164.70845,0
-1.4314166,-32.623524,0
-0.20887895,-62.700237,0
61.58045,-66.445244,0
159.60468,11.262172,0
74.81697,-83.61384,0
46.09522,14.213837,0
23.922028,41.059994,0
24.073269,40.95569,0
17.696661,0.8019891,0
17.668554,2.9303243,0
40.93272,-24.573727,0
87.2902,35.985935,0
59.969982,-17.181768,0
-172.40536,-29.382324,0
-85.50513,122.36317,0
-17.519016,172.82397,0
-123.164024,52.44638,0
-134.5032,-120.222496,0
16.771463,-169.58217,0
123.71627,98.88992,0
132.65033,-86.35181,0
-92.41724,-32.129654,0
-49.725872,44.606,0
34.193707,159.12462,0
-90.76692,-22.368774,0
-85.95571,-78.95668,0
54.31512,-115.67281,0
105.32189,92.516045,0
127.7081,-19.55754,0
-113.30997,-50.221336,0
-68.248825,139.43591,0
18.428104,179.00638,0
-101.4721,-2.9956334,0
-115.996185,-58.32839,0
66.74055,-136.39352,0
97.62853,68.580154,0
108.30232,3.9235234,0
-181.20013,11.593066,0
-114.036026,106.129456,0
-41.19647,176.77316,0
-135.03712,25.741856,0
-147.90346,-88.39944,0
44.555283,-176.98097,0
106.8752,41.359745,0
82.74724,-27.936806,0
-153.5915,-13.875723,0
-88.71345,92.10392,0
-16.60046,151.95998,0
-119.93669,27.190382,0
-109.74132,-119.58574,0
5.9424214,-152.94894,0
119.37472,86.83455,0
121.66114,-57.997246,0
-70.89447,-22.784435,0
-50.14741,99.197105,0
22.15479,137.68205,0
-80.28003,1.5227815,0
-43.34583,-100.8717,0
23.90335,-108.7164,0
116.29551,108.73246,0
129.76248,-8.223603,0
-93.89696,-53.862747,0
-81.92444,57.37404,0
41.99336,167.98994,0
-97.05264,-11.332018,0
-90.944374,-62.5456,0
64.38722,-123.990524,0
99.27495,25.79973,0
83.357086,-0.46111327,0
-171.82367,-3.2276149,0
-104.99056,115.31202,0
-34.664955,165.23653,0
-145.51308,51.682465,0
-124.80099,-94.12789,0
2.156893,-180.8247,0
107.26034,93.020485,0
129.15092,-20.054422,0
-114.41845,-51.81868,0
-69.64219,140.96545,0
17.169199,181.1247,0
-102.42289,-4.306862,0
-117.72191,-57.87073,0
68.905,-137.73451,0
75.2449,119.69486,0
149.9299,-44.100048,0
-31.825512,-69.50654,0
-11.866348,77.18569,0
12.387063,93.26402,0
-41.146667,-0.23630743,0
-37.315414,-106.472534,0
9.876019,-108.5125,0
147.41083,46.50565,0
101.40498,-46.043594,0
-114.805046,-21.928076,0
46.390373,43.934776,0
0.17753516,59.32578,0
-83.13602,20.324432,0
-91.56408,-96.13042,0
46.514095,-84.931046,0
112.4143,127.04865,0
131.97139,-79.744,0
-84.77415,-36.73673,0
-43.790787,48.372784,0
32.07375,150.74355,0
-84.80615,-24.18393,0
-77.50652,-84.853874,0
19.019817,-120.25724,0
167.74124,9.558199,0
78.717926,-88.6753,0
36.445568,12.463157,0
10.17353,32.67584,0
10.190652,33.123055,0
15.597678,18.189196,0
16.549417,15.29004,0
42.46405,-15.000709,0
163.14008,38.969326,0
106.43106,-45.510464,0
-113.24973,-19.06539,0
29.331957,24.496595,0
17.613693,72.95887,0
-78.35235,28.382776,0
-91.5249,-87.985344,0
43.949398,-76.11538,0
105.935974,43.463955,0
80.83272,-27.4663,0
-153.11739,-15.555694,0
-88.33426,95.61085,0
-14.096901,150.39407,0
-119.74495,25.447968,0
-110.255714,-118.57797,0
7.174389,-154.73022,0
92.72611,113.067085,0
160.98882,-56.97019,0
-46.98307,-45.47628,0
-22.949123,59.48193,0
25.083956,113.98413,0
-35.008846,-21.017859,0
-25.34792,-118.0225,0
12.110357,-99.79649,0
73.49528,94.03457,0
152.4987,-26.63809,0
-48.108925,-63.582077,0
-30.82289,84.87418,0
2.0287404,104.04931,0
-56.005493,-1.2952724,0
-54.664883,-119.534386,0
-7.0762563,-126.964806,0
90.282845,87.15731,0
117.78637,-42.824696,0
-114.35125,-35.092224,0
-52.690254,97.70668,0
-1.0800413,124.62692,0
-87.49964,13.341483,0
-78.96365,-99.110054,0
46.442295,-129.08635,0
118.816055,71.561455,0
96.29159,-10.09582,0
-121.71048,-37.135117,0
-64.25824,78.63613,0
14.755062,142.52214,0
-98.591064,6.6936727,0
-110.17165,-95.97804,0
22.731153,-126.355865,0
113.15395,51.850113,0
69.57097,-24.81402,0
-159.88774,-31.6023,0
-75.47631,113.59387,0
-5.588857,168.1515,0
-110.54107,43.544224,0
-121.913605,-125.82813,0
5.9412336,-140.8479,0
124.013245,111.83403,0
133.3128,-0.5380526,0
-89.890366,-48.531853,0
-82.648705,63.344578,0
35.386757,173.19635,0
-91.95085,-10.23625,0
-92.07284,-71.09117,0
63.457455,-117.79835,0
86.948814,23.16572,0
67.02236,2.4031913,0
-185.1227,-16.941313,0
-63.272785,109.54181,0
-13.117716,131.78833,0
-134.4987,61.54003,0
-140.14954,-104.05261,0
12.910382,-185.98694,0
121.142914,138.1201,0
97.38845,-109.43866,1
16.589771,-43.927402,0
-13.042504,32.806366,0
74.40997,147.425,0
11.0716915,-31.780764,0
-11.672629,-53.268238,0
47.34486,-57.65783,0
86.53251,40.416065,0
59.73291,-21.427431,0
-168.70734,-32.30569,0
-79.51656,123.69499,0
-13.67923,167.90904,0
-118.175606,51.15589,0
-129.61668,-126.45303,0
16.421188,-165.05331,0
90.68886,54.804634,0
74.64516,-41.119175,0
-144.29436,-31.719652,0
-71.10923,96.36394,0
-3.87756,143.79085,0
-100.84741,35.93181,0
-104.91259,-133.95244,0
29.88674,-148.15964,0
81.47824,95.17355,0
153.57472,-35.20537,0
-39.86294,-62.64204,0
-21.820194,84.41992,0
7.6572514,106.511024,0
-49.654877,-4.7162356,0
-46.337784,-116.90491,0
-2.0484562,-110.51309,0
97.072624,44.13413,0
67.33746,-27.424753,0
-157.0911,-26.019392,0
-78.778465,117.20536,0
-11.019928,162.60063,0
-112.7051,46.895237,0
-119.32185,-127.700645,0
16.16016,-157.826,0
98.08879,65.77729,0
107.640564,5.094979,0
-182.39073,11.566022,0
-114.75573,105.74104,0
-42.114895,176.14545,0
-136.4182,26.970694,0
-147.04744,-88.43738,0
43.586704,-177.94244,0
91.13069,33.961548,0
73.69178,-24.83048,0
-156.8399,-23.516193,0
-83.61862,88.97576,0
-11.715388,151.1028,0
-119.830055,32.49312,0
-118.726006,-123.02081,0
4.035616,-140.7994,0
131.32535,75.45541,0
118.70564,-76.63082,0
-58.323578,-30.827143,0
-53.21235,54.864357,0
35.57364,129.4735,0
-52.071632,20.084986,0
-61.088932,-90.45851,0
32.9068,-103.46431,0
102.61047,21.438456,0
89.1268,4.11056,0
-175.96841,1.2960273,0
-104.673874,107.543434,0
-38.106865,161.66891,0
-150.06403,48.005234,0
-126.02874,-89.00984,0
-2.8309216,-174.8129,0
77.54503,104.71353,0
163.27504,-38.763714,0
-34.71675,-53.82021,0
-28.785603,77.477425,0
16.239471,93.22061,0
-37.64621,-1.8991028,0
-45.111084,-128.85638,0
-7.427331,-98.83072,0
158.6243,45.470924,0
113.64705,-48.027637,0
-3.587509,-72.924576,0
57.334473,36.3039,0
6.759174,67.59464,0
-4.420058,-73.57587,0
-81.21035,-99.984375,0
30.501635,-73.36127,0
141.45908,102.147446,0
126.61142,-104.34523,0
-13.730875,-38.419563,0
-29.71837,39.930172,0
53.583313,151.39734,0
-14.40601,-27.529436,0
-38.24139,-87.25619,0
62.927937,-94.51962,0
73.84,80.00152,0
145.13257,-18.904236,0
-53.289024,-72.58555,0
-33.89154,91.491165,0
-7.938308,110.944626,0
-58.70201,7.629275,0
-60.307476,-109.316315,0
-0.052847404,-125.202484,0
109.31279,102.22398,0
143.288,-44.507206,0
-50.18452,-39.222885,0
-72.598785,50.65745,0
41.19684,103.7624,0
-81.68849,-14.495787,0
-83.2052,-61.60569,0
-2.8586512,-88.7019,0
119.06132,136.29488,0
100.74472,-112.46419,1
12.327416,-45.451153,0
-14.577258,36.991253,0
72.792885,152.31451,0
8.142034,-35.03479,0
-7.439842,-52.315994,0
48.560272,-61.09084,0
67.52124,86.129944,0
160.63153,-16.727726,0
-62.730484,-63.42344,0
-39.2562,91.77104,0
7.132972,119.07207,0
-69.39149,-6.919599,0
-72.99747,-103.70119,0
-11.335276,-132.05182,0
78.845245,91.820045,0
153.1286,-30.5277,0
-43.58593,-61.89863,0
-24.252102,87.76885,0
5.986861,103.03888,0
-53.14571,-3.1378102,0
-50.636738,-119.506805,0
-5.524579,-112.22604,0
116.30542,136.03069,0
100.38002,-114.98763,1
9.565647,-46.850304,0
-14.329237,39.305786,0
70.63785,151.08441,0
6.061037,-34.44036,0
-5.567565,-53.405964,0
50.131386,-63.6096,0
140.26169,89.99866,0
121.660736,-96.06674,0
-23.004656,-41.615013,0
-35.77378,45.721996,0
45.90267,146.38951,0
-23.497473,-25.620768,0
-47.853477,-87.02763,0
53.903164,-97.03597,0
82.78844,103.37677,0
162.11371,-36.163742,0
-37.58201,-54.46454,0
-20.61462,78.41821,0
15.972,103.46252,0
-44.102596,-8.881484,0
-46.54798,-124.8057,0
-4.8700933,-107.07252,0
124.26236,45.122936,0
68.453766,-17.398407,0
-161.94191,-23.748468,0
-82.65376,78.66893,0
-4.4874754,164.51295,0
-118.54367,38.946686,0
-122.39825,-119.41888,0
7.6658187,-144.79506,0
153.50829,32.998894,0
86.92129,-78.86629,0
18.709616,-15.128544,0
19.896507,-16.378036,0
12.142948,49.699078,0
19.230215,-15.698766,0
17.894915,-14.188592,0
30.208128,-19.45721,0
104.606125,132.89995,0
101.73459,-126.72884,1
9.181346,-58.33971,0
-8.8611355,50.246014,0
71.45507,163.44695,0
-3.3996894,-33.694973,0
1.3973454,-61.501717,0
64.14592,-65.53675,0
97.670265,75.026474,0
108.44978,-25.377277,0
-139.36768,1.8594422,0
-119.22214,89.452774,0
-29.520313,124.81589,0
-130.83089,9.845401,0
-157.37059,-75.68236,0
63.223465,-162.22083,0
114.807594,144.67372,0
91.39835,-110.299034,1
21.422144,-46.581802,0
-8.52568,32.530376,0
77.79788,148.17108,0
10.947407,-25.585232,0
-14.968038,-57.93736,0
51.138134,-54.506218,0
93.28641,33.88925,0
70.542244,-9.789782,0
-174.17128,-20.001524,0
-89.40005,117.96967,0
-20.774529,169.85799,0
-128.19923,39.118317,0
-133.97626,-111.673836,0
21.759556,-176.93741,0
117.52103,89.43613,0
124.2894,-59.24662,0
-71.46513,-19.281404,0
-52.906937,69.73412,0
23.436003,132.48354,0
-78.32749,0.7778223,0
-43.363808,-97.50591,0
25.743814,-111.68582,0
140.40315,39.096687,0
92.26788,-60.643585,0
36.524387,36.656002,0
-32.61183,29.833899,0
37.427567,69.655304,0
-11.702313,4.5566187,0
0.38490212,-17.521992,0
35.994625,-50.831123,0
162.31587,11.391822,0
79.49845,-80.284775,0
23.653381,-1.1719339,0
23.71491,-3.8904393,0
15.021717,44.92883,0
23.932177,-2.1972783,0
22.483433,1.4585829,0
37.728188,-21.248358,0
84.738556,79.89002,0
153.32425,-28.86894,0
-45.55861,-61.084206,0
-25.91412,85.59755,0
4.1917853,103.93833,0
-54.79053,-3.566808,0
-51.730373,-118.48154,0
-7.372095,-113.210915,0
95.3019,29.608374,0
96.77611,-3.944189,0
-186.09146,-3.9958003,0
-73.480606,133.7622,0
10.366728,176.65685,0
-156.5629,42.041576,0
-121.45343,-79.74489,0
5.416053,-170.04489,0
107.266655,135.38614,0
100.837845,-127.31421,1
10.577213,-58.1696,0
-8.044078,48.438892,0
71.42481,164.85057,0
-2.3874662,-32.86787,0
0.3208449,-62.393738,0
61.677048,-65.65617,0
109.0116,109.898636,0
140.76524,-37.705284,0
-81.801704,-54.439346,0
-78.67498,53.774876,0
41.704605,110.65695,0
-82.81231,-8.4973135,0
-81.1437,-68.324554,0
32.053173,-86.10673,0
68.014206,58.612026,0
107.437836,-13.050682,0
-137.28471,-55.37721,0
-107.24656,98.34813,0
-24.48951,135.45493,0
-119.83862,1.8651005,0
-140.55884,-72.34869,0
47.946392,-161.06485,0
120.35176,29.45305,0
72.62051,11.059784,0
-155.9431,9.939007,0
-96.61973,78.1405,0
-42.212265,145.05939,0
-154.19916,29.549671,0
-108.63944,-81.15991,0
-11.581005,-158.51375,0
97.7379,43.549473,0
81.91811,-31.682983,0
-154.89536,-26.850351,0
-92.1075,96.623955,0
-20.583494,148.8653,0
-113.97883,26.821983,0
-117.13646,-125.281746,0
5.133058,-157.04799,0
115.48951,139.99768,0
95.230705,-114.06226,1
16.112427,-49.5276,0
-8.800741,40.656578,0
78.70534,145.68675,0
6.9496746,-29.903502,0
-8.919862,-57.101902,0
52.7477,-59.28892,0
116.645775,86.32962,0
122.9466,-57.11117,0
-72.08675,-22.004217,0
-55.45185,69.64403,0
22.220837,136.09723,0
-79.64582,2.720503,0
-45.385326,-99.71749,0
23.445084,-109.712654,0
132.16005,64.511215,0
113.22472,-63.680237,0
-71.5992,-35.6702,0
-63.606674,64.63998,0
28.478148,140.84245,0
-67.15466,24.670113,0
-84.05418,-127.35807,0
33.393402,-117.473564,0
156.58215,10.578036,0
73.19209,-82.771515,0
51.644302,14.899387,0
22.281696,44.049953,0
22.27576,45.90482,0
14.361527,7.31466,0
15.248121,5.2869077,0
42.853725,-25.54468,0
123.80272,36.228073,0
83.752014,-14.318811,0
-152.10522,-4.8094177,0
-87.619156,76.488594,0
-35.200825,141.23978,0
-112.651634,17.994295,0
-100.44157,-80.75021,0
-1.7740108,-148.54811,0
121.8756,107.76433,0
129.71873,-1.9194409,0
-94.40952,-47.02704,0
-87.736496,62.168217,0
39.151676,172.21756,0
-94.27292,-16.806463,0
-96.15085,-68.53075,0
67.04957,-117.13508,0
154.83025,28.619982,0
70.00465,-74.05441,0
28.709661,-23.011007,0
29.50518,-22.669235,0
15.4241,51.115578,0
29.411,-23.20211,0
28.118229,-22.849318,0
30.800566,-23.58434,0
107.336464,69.91883,0
100.13174,-21.55743,0
-125.49891,-40.929443,0
-67.18611,73.78632,0
11.36206,145.1032,0
-102.27471,12.899533,0
-95.46822,-108.8111,0
47.40915,-144.84972,0
117.6297,104.75906,0
134.77982,-5.4772058,0
-93.93533,-45.2302,0
-88.91844,59.532066,0
35.902985,168.44482,0
-92.855774,-16.75242,0
-95.40916,-68.18546,0
66.78289,-118.60019,0
69.52187,48.78843,0
116.13406,-9.334013,0
-140.74872,-46.991238,0
-99.55045,95.36862,0
-20.811586,142.27321,0
-113.52141,9.21278,0
-131.93587,-78.38378,0
39.380383,-157.7583,0
140.59732,41.069584,0
94.56033,-60.071373,0
35.09606,36.558456,0
-33.74638,30.21572,0
38.247513,70.215416,0
-12.899928,5.4315977,0
-0.76341325,-18.463442,0
37.090687,-51.897305,0
137.1525,60.711266,0
107.877914,-66.78359,0
-76.91894,-31.788452,0
-66.05817,59.00749,0
35.15161,142.63179,0
-64.0767,29.479702,0
-83.924965,-134.13518,0
41.16365,-115.73154,0
94.58594,110.44721,0
159.87306,-55.177174,0
-43.62627,-45.94691,0
-20.554184,58.374546,0
25.90646,109.80227,0
-36.154892,-19.290106,0
-27.71357,-115.22323,0
11.169334,-99.953316,0
99.54101,52.75041,0
69.485855,-40.737835,0
-139.92165,-36.806187,0
-77.25643,109.70462,0
-9.037354,146.17401,0
-105.91045,26.618177,0
-104.6292,-109.23474,0
20.964981,-143.4829,0
97.592735,38.786583,0
63.01396,-10.727447,0
-168.6833,-21.6594,0
-83.32958,116.95516,0
-9.053835,180.72345,0
-125.81365,45.56772,0
-129.34218,-114.54357,0
23.478224,-171.99142,0
76.81679,85.44208,0
151.85378,-20.149345,0
-52.544403,-63.163914,0
-30.555008,88.97084,0
-4.936457,104.80275,0
-61.82211,1.9974889,0
-58.69704,-116.64227,0
-1.3965812,-128.127,0
101.13141,23.84718,0
85.82389,3.7150066,0
-174.9931,-1.1061679,0
-103.656456,111.370285,0
-35.746647,163.30995,0
-146.77591,46.664764,0
-122.97774,-91.8841,0
0.65712774,-177.82776,0
93.70819,45.385105,0
82.95469,-37.70715,0
-152.2377,-21.304285,0
-80.794876,92.71631,0
-10.106184,156.26651,0
-112.412224,34.73803,0
-108.79885,-128.67714,0
13.112847,-149.0923,0
83.179726,40.800407,0
56.30322,-16.526884,0
-175.82309,-30.923794,0
-82.011696,122.941925,0
-17.879578,179.12225,0
-122.08525,56.03232,0
-134.2386,-118.61187,0
16.417337,-172.03127,0
119.43689,25.678633,0
74.839485,13.882535,0
-158.3318,12.082346,0
-99.851074,78.717,0
-46.256702,147.19406,0
-157.5854,31.548708,0
-110.7032,-78.86868,0
-12.970705,-161.89977,0
100.42609,72.15957,0
107.98061,-24.26464,0
-141.46207,2.25132,0
-120.28902,90.7107,0
-32.709717,125.64238,0
-129.74901,13.852913,0
-152.75793,-73.5725,0
63.288143,-164.73698,0
80.52318,83.10499,0
146.24234,-22.565348,0
-51.612366,-70.18212,0
-27.27093,97.357155,0
-5.0617237,111.8612,0
-60.432583,8.456444,0
-60.507217,-112.5011,0
-2.7285793,-122.2071,0
96.72772,72.82307,0
105.460266,-23.581808,0
-142.10866,-0.38859588,0
-114.14508,91.038635,0
-29.479284,129.40419,0
-126.24274,11.135221,0
-152.96628,-75.51628,0
59.013813,-166.56079,0
99.07712,41.576122,0
67.83905,-12.317453,0
-167.87378,-18.440655,0
-84.15967,111.65613,0
-6.224767,184.60446,0
-127.70483,42.623455,0
-126.56791,-109.744804,0
26.659616,-174.1229,0
108.537575,40.199165,0
83.845276,-28.552734,0
-152.6373,-14.020608,0
-86.918015,92.08992,0
-14.828257,153.10516,0
-119.908775,28.141363,0
-108.97244,-120.74753,0
6.921416,-151.29869,0
105.96699,138.27144,0
98.93963,-128.74045,1
12.710229,-59.27999,0
-5.7759075,48.71205,0
73.352425,165.61998,0
-1.427357,-30.357325,0
-0.20165843,-64.90067,0
62.110573,-64.21566,0
101.88307,86.11626,0
118.9122,-34.22351,0
-105.77357,-39.655106,0
-52.658634,119.72641,0
20.051191,164.81128,0
-87.752235,4.354125,0
-106.06068,-63.948544,0
54.59326,-134.87872,0
71.1821,64.13705,0
73.13784,-27.98326,0
-140.59392,-42.638103,0
-80.38733,104.4977,0
-19.183483,143.9887,0
-120.66135,15.140398,0
-128.23752,-76.093346,0
35.72589,-154.4031,0
112.83638,144.2773,0
89.87316,-117.26138,1
15.062198,-52.734715,0
-5.4934916,39.28104,0
79.18063,155.38728,0
3.8975976,-25.014854,0
-6.7669044,-61.055687,0
56.61537,-58.127907,0
69.84587,105.75413,0
169.17912,-43.587814,0
-33.120476,-41.07455,0
-33.30694,71.44793,0
23.29295,93.20481,0
-34.489834,0.3973068,0
-47.093487,-137.38577,0
-0.91661036,-90.51837,0
85.14839,111.399254,0
164.5246,-52.706383,0
-40.690266,-48.458027,0
-21.141623,62.446796,0
24.344606,106.13903,0
-32.928146,-15.564936,0
-29.231419,-120.50816,0
6.9099064,-97.96262,0
109.60617,110.88451,0
142.20879,-35.793587,0
-81.90111,-56.614616,0
-17.467611,88.777176,0
2.2038982,105.42382,0
-81.82823,-6.5060887,0
-82.55715,-69.45714,0
33.0271,-87.40087,0
171.54315,15.445332,0
86.69761,-86.85655,0
47.468395,-0.2993096,0
43.53611,-1.6840199,0
5.9394565,45.83066,0
45.87234,-1.2072959,0
49.519966,0.73764884,0
44.25602,-9.322412,0
94.1659,100.21987,0
149.8099,-50.06805,0
-32.037724,-46.525017,0
-29.607662,70.40893,0
19.074793,91.61719,0
-39.279716,-11.772359,0
-34.911785,-132.48251,0
14.165194,-106.53313,0
90.98199,108.58386,0
160.11397,-52.720413,0
-43.66851,-48.992405,0
-19.496235,58.711803,0
24.6702,109.30012,0
-36.610455,-17.282251,0
-29.260738,-116.683334,0
9.145525,-100.6805,0
115.96399,142.70833,0
90.07939,-113.76564,1
21.471664,-50.184776,0
-6.8286614,33.45303,0
81.08627,153.18672,0
7.1661816,-25.04713,0
-11.442391,-61.53962,0
55.24397,-54.444187,0
158.68315,60.372257,0
93.70917,-74.20932,0
-0.3798582,20.251783,0
-3.9956818,18.900375,0
43.72297,81.2214,0
-1.9671339,19.599087,0
1.4662491,21.513186,0
29.848772,-62.848152,0
143.52284,74.86883,0
109.9643,-82.55363,0
-57.892456,-20.473925,0
-61.88778,45.8599,0
46.048912,132.52899,0
-49.69253,29.977282,0
-63.037064,-80.34527,0
42.91018,-100.2533,0
89.423386,113.34348,0
162.10371,-54.515614,0
-42.622776,-46.482563,0
-20.412426,59.298496,0
26.097586,108.51887,0
-33.917706,-17.903694,0
-28.094398,-117.80959,0
9.630725,-99.32805,0
144.04103,46.05068,0
96.83799,-45.88439,0
-114.91583,-16.655464,0
41.625427,40.69528,0
3.5667837,55.88737,0
-85.79505,20.734346,0
-89.02792,-102.00817,0
48.39827,-87.57852,0
119.79354,63.398296,0
118.20428,-30.08568,0
-109.25673,-42.290485,0
-54.28446,124.70688,0
20.27881,159.1103,0
-92.77167,6.773676,0
-107.39859,-69.13737,0
52.195854,-138.76752,0
63.326733,105.1519,0
144.28288,-61.2796,0
-35.71726,-32.91593,0
-37.84263,65.320206,0
32.7559,91.99443,0
-34.85723,8.054324,0
-53.866695,-142.33266,0
4.54019,-82.99164,0
144.59726,97.0236,0
126.26952,-102.6292,0
-14.225805,-41.336414,0
-30.696892,40.2385,0
52.139355,151.1811,0
-16.060549,-26.542627,0
-40.018677,-85.65936,0
61.997833,-96.04447,0
154.29816,34.60326,0
110.88342,-53.887955,0
38.479862,17.207287,0
18.589443,61.938496,0
19.061167,63.598717,0
-8.782953,-16.03151,0
-9.852267,-17.93442,0
34.886723,-69.89926,0
162.56174,38.946224,0
107.140335,-43.621555,0
-110.80037,-20.754656,0
29.03556,24.232641,0
18.568348,72.63475,0
-78.16708,26.438303,0
-86.122696,-93.6699,0
41.993515,-76.80941,0
127.27927,42.269833,0
91.25739,-44.963673,0
-122.29464,-11.293405,0
-85.64764,73.978,0
-40.127254,139.22194,0
-91.918465,22.661074,0
-100.54515,-85.43511,0
-9.209357,-149.77245,0
68.846466,87.438736,0
158.31548,-21.812727,0
-58.300003,-66.696724,0
-34.319653,94.45747,0
0.5697791,100.63236,0
-60.81695,-4.781248,0
-59.86347,-103.49867,0
-10.191192,-121.247055,0
117.93532,49.44889,0
89.6485,-35.80365,0
-147.61243,-15.658674,0
-82.39348,84.96104,0
0.23879594,155.51869,0
-112.25518,24.618816,0
-99.710106,-126.91333,0
12.545032,-137.21973,0
116.8192,110.00853,0
128.95993,-7.4861107,0
-94.939514,-53.63175,0
-82.71746,58.518024,0
42.204674,168.9751,0
-96.670074,-11.2673025,0
-91.71798,-63.382286,0
65.01004,-124.405655,0
85.61128,25.55178,0
67.0372,0.24664524,0
-183.03319,-17.582533,0
-96.22946,124.74082,0
-27.208483,177.85634,0
-134.14825,59.521736,0
-139.99638,-106.12233,0
17.057554,-184.1769,0
143.40161,22.03541,0
81.110405,-67.7613,0
44.38509,30.743837,0
34.807133,32.181744,0
36.88362,62.38743,0
-7.750303,1.6182209,0
5.0544515,-12.869827,0
36.187286,-42.243973,0
85.16616,113.93308,0
166.06212,-54.39483,0
-40.461575,-45.631355,0
-22.604088,62.950287,0
26.686468,106.21692,0
-31.17262,-16.682838,0
-27.66675,-122.47549,0
8.6170845,-95.770256,0
102.41464,68.25614,0
107.60934,-0.43680415,0
-175.84459,13.347055,0
-119.43465,102.1087,0
-47.907394,177.95465,0
-131.08026,24.632576,0
-152.943,-88.21601,0
49.61029,-176.01425,0
146.65459,51.40118,0
154.82692,-51.065117,0
-48.369892,-50.916252,0
44.06532,42.566116,0
3.7220535,58.337868,0
-41.943825,-17.191227,0
-33.491417,-125.06379,0
39.035744,-87.80396,0
140.97319,95.85183,0
125.79301,-101.152504,0
-16.125284,-41.02871,0
-31.569788,40.416187,0
50.590454,150.8076,0
-17.465502,-26.132751,0
-41.35621,-84.660095,0
60.401115,-95.918686,0
57.40745,106.51167,0
142.22192,-56.49855,0
-45.16799,-37.22649,0
-38.335526,58.101982,0
36.828274,98.06283,0
-39.776176,4.9952006,0
-57.594498,-145.26073,0
12.366504,-84.40353,0
108.69404,133.00714,0
102.968765,-127.389175,1
10.492732,-56.623108,0
-9.462171,49.8185,0
69.445404,164.18692,0
-1.4736851,-34.719276,0
-0.337514,-60.471046,0
61.460323,-67.60226,0
58.801647,103.857506,0
142.1533,-61.397194,0
-38.27514,-32.264435,0
-36.38127,61.32278,0
33.94546,94.57443,0
-36.75358,9.195978,0
-56.342476,-141.55595,0
8.881724,-85.32836,0
156.19131,45.699802,0
109.9117,-47.230614,0
-106.860664,-19.550549,0
56.07932,37.434063,0
5.3880897,66.40363,0
-77.56023,21.837948,0
-85.073265,-97.42606,0
38.773846,-79.667015,0
117.964615,85.364044,0
123.547035,-54.823402,0
-68.22801,-40.921417,0
-52.378326,73.41297,0
21.271503,132.25935,0
-76.61797,3.3502722,0
-76.12478,-115.79359,0
22.682384,-114.377014,0
110.37366,74.253006,0
130.46504,-44.532204,0
-61.6239,-46.90045,0
-45.61686,76.971985,0
16.919157,125.94296,0
-69.519035,11.863541,0
-80.85561,-117.51953,0
15.095448,-117.61666,0
73.51748,51.858322,0
119.65318,-13.190997,0
-139.10733,-42.83787,0
-94.45173,101.669136,0
-19.17096,143.45534,0
-120.32049,14.037407,0
-127.56771,-75.19742,0
45.74264,-153.48218,0
100.60801,40.012634,0
69.531715,-12.96321,0
-166.08562,-17.522593,0
-84.55192,111.11306,0
-3.348161,181.31694,0
-127.87179,40.983883,0
-125.25445,-109.96343,0
23.666801,-175.44632,0
121.826225,78.32279,0
168.94719,-15.775151,0
-66.747665,-54.07392,0
-46.205135,84.94431,0
8.215566,121.313866,0
-73.8489,-7.323452,0
-75.83694,-106.44453,0
26.498354,-120.311646,0
83.96432,99.56378,0
157.32057,-37.182415,0
-37.09847,-59.365856,0
-19.133635,80.92384,0
12.71257,104.92072,0
-48.751522,-7.8830857,0
-43.892555,-122.73362,0
2.823856,-107.61356,0
78.62684,108.1285,0
167.13168,-47.87293,0
-35.948826,-48.747143,0
-22.882753,67.23234,0
23.351818,101.302315,0
-32.56749,-9.431857,0
-45.574093,-133.7588,0
3.0131958,-94.84006,0
104.38357,64.924644,0
103.46704,-0.1605074,0
-177.22607,17.989958,0
-121.238434,108.65875,0
-48.75959,174.03494,0
-133.1381,21.238539,0
-151.74637,-94.09151,0
45.864067,-172.50592,0
81.589165,58.24478,0
63.43799,-14.717539,0
-172.14088,-33.69288,0
-82.36078,118.64017,0
-13.674676,180.12935,0
-123.67623,43.434525,0
-121.956,-109.26381,0
25.121927,-167.42667,0
116.48369,140.08316,0
90.04311,-112.84158,1
21.559801,-49.75218,0
-7.1159344,33.734707,0
78.62469,149.26784,0
7.598162,-24.854334,0
-12.436794,-61.624256,0
54.399586,-53.873928,0
136.50563,32.59279,0
82.64674,-58.97018,0
-100.558975,-26.46839,0
-26.210728,28.656199,0
30.886904,77.02783,0
-29.168972,22.10599,0
-118.51425,-72.41175,0
30.216879,-48.17996,0
71.93348,115.75325,0
153.9785,-73.00408,0
-27.766243,-76.72861,0
-10.223161,73.648056,0
10.8447,86.82471,0
-22.108532,2.2427256,0
-27.82767,-96.337944,0
18.84078,-77.00031,0
91.92432,63.344532,0
100.62429,5.276639,0
-126.675446,-22.089775,0
-118.50968,113.46297,0
-44.91635,168.6155,0
-138.9568,19.738962,0
-95.53717,-88.16206,0
41.72491,-146.39008,0
165.0842,12.531994,0
81.96537,-81.13304,0
27.17446,-5.8743067,0
28.918743,-8.246499,0
12.496863,45.64374,0
27.619213,-6.4365845,0
25.875359,1.5583357,0
35.058132,-17.216896,0
96.64732,64.46672,0
106.871826,5.872156,0
-183.00557,12.170742,0
-114.783455,108.195656,0
-41.87322,174.44218,0
-137.68904,26.31054,0
-145.96962,-88.87493,0
41.83672,-178.30344,0
73.66194,43.50251,0
127.23864,-6.285919,0
-97.76877,-49.78485,0
-84.25404,59.686592,0
41.450882,171.1705,0
-96.87593,-9.752303,0
-90.693016,-64.43669,0
64.683815,-125.944725,0
87.06331,46.550327,0
77.61481,-46.358456,0
-151.83548,-33.426098,0
-86.49225,127.29321,0
-16.269922,162.10202,0
-103.987686,41.7551,0
-111.14663,-137.13428,0
24.139805,-146.76508,0
92.857346,27.665598,0
78.36474,1.1477848,0
-179.2574,-6.9848213,0
-97.441925,117.67218,0
-28.469063,167.4513,0
-140.54341,48.128036,0
-132.984,-95.13426,0
8.86523,-177.64864,0
69.47359,121.2177,0
152.42601,-80.79151,0
-22.874096,-83.739265,0
-4.5265355,76.96204,0
15.070618,115.29294,0
-19.65614,-4.8903084,0
-22.387072,-91.46842,0
17.721897,-71.55525,0
108.912094,111.12367,0
139.88509,-38.54532,0
-80.64377,-54.857037,0
-78.48847,51.712654,0
42.250557,109.73227,0
-83.855125,-8.451117,0
-80.57299,-67.58057,0
31.038086,-86.575325,0
111.8756,101.72287,0
137.37782,-10.904162,0
-82.146576,-46.572002,0
-86.12193,52.872437,0
42.18988,104.859116,0
-83.603424,-14.609071,0
-84.39021,-62.358337,0
32.38752,-92.65746,0
169.10344,11.391216,0
79.21785,-87.27114,0
39.69929,13.736725,0
7.318449,34.018253,0
7.468556,34.45563,0
11.814444,16.303972,0
11.733456,15.012237,0
43.691322,-13.033468,0
142.79631,71.33051,0
109.88419,-79.65796,0
-56.37357,-21.404675,0
-62.527966,46.462414,0
44.482006,132.51753,0
-48.836174,27.176346,0
-60.82782,-81.31134,0
40.755127,-99.26958,0
111.17454,58.217392,0
93.100876,-32.93889,0
-132.55423,-21.238495,0
-63.439434,84.56872,0
3.6141706,144.11652,0
-101.34216,24.508568,0
-93.14224,-117.692535,0
23.667002,-139.16283,0
112.71941,86.08962,0
127.19721,-54.87079,0
-71.181755,-41.46012,0
-58.08295,72.87776,0
17.892878,135.73943,0
-79.1335,5.5223618,0
-72.88737,-117.399826,0
20.256433,-112.0979,0
103.430534,40.289005,0
83.545975,-26.033619,0
-153.04822,-12.394927,0
-89.597435,90.7501,0
-19.137547,150.98663,0
-121.66038,25.617044,0
-107.47307,-118.4455,0
3.7858882,-151.93784,0
96.69804,36.75783,0
61.766613,-11.24371,0
-168.5852,-23.312895,0
-81.51053,116.78928,0
-10.536395,180.42194,0
-126.19026,46.369144,0
-128.35075,-115.488914,0
23.267214,-169.69783,0
124.015564,77.998505,0
143.27869,-56.989536,0
-44.11334,-36.241024,0
-39.17192,57.35357,0
36.932537,96.57501,0
-38.664257,5.182475,0
-54.852657,-145.43866,0
10.557645,-83.18104,0
67.36542,61.23369,0
107.76594,-11.165895,0
-138.43619,-54.22088,0
-107.31104,99.6681,0
-25.218523,136.63411,0
-119.09905,3.2496657,0
-139.54124,-74.374855,0
47.2698,-162.08815,0
67.80113,117.90959,0
151.93666,-76.37924,0
-24.480207,-79.10343,0
-6.043635,72.44322,0
14.83077,84.43309,0
-20.813818,-0.9850599,0
-24.493319,-97.88913,0
16.866907,-75.1889,0
162.66379,12.016096,0
79.7921,-80.67446,0
22.946724,-1.2176325,0
22.990519,-3.7664015,0
14.895194,45.38748,0
23.148663,-2.3657947,0
22.440117,0.58311826,0
37.76631,-21.855734,0
88.836174,112.86401,0
160.89116,-56.292084,0
-46.00196,-45.109524,0
-22.453074,58.41623,0
25.563488,112.63327,0
-35.218895,-19.987179,0
-26.260632,-116.73444,0
12.915968,-99.79682,0
123.44991,111.11448,0
132.60402,0.46555853,0
-90.843956,-46.439217,0
-84.84347,64.52272,0
34.050045,171.59898,0
-92.64934,-9.102796,0
-94.06088,-71.67075,0
63.678883,-116.495186,0
88.75545,47.60265,0
78.72254,-46.3621,0
-150.78607,-34.005455,0
-69.04656,92.78931,0
1.1304744,142.021,0
-104.881805,41.96354,0
-108.97824,-138.29678,0
23.049189,-144.5801,0
106.57342,44.383705,0
81.02852,-27.942488,0
-152.78207,-16.695824,0
-87.04017,94.08627,0
-13.079861,151.06044,0
-119.4188,25.465595,0
-110.127464,-120.50432,0
6.664646,-154.36253,0
99.86564,55.878124,0
77.417725,-3.702655,0
-173.75427,-11.503752,0
-94.7635,114.424904,0
-27.787,163.3932,0
-137.57225,46.238678,0
-129.41092,-101.09057,0
9.613154,-181.735,0
66.448494,44.906353,0
115.03565,-5.8789577,0
-144.48424,-48.776024,0
-97.50681,97.242935,0
-24.887428,143.91809,0
-118.05785,10.302385,0
-135.81471,-80.5051,0
40.972664,-162.86702,0
85.43807,95.37397,0
153.64397,-41.054985,0
-34.81169,-63.243916,0
-18.3664,90.40751,0
5.6334367,113.42033,0
-46.17609,-1.4978725,0
-42.5551,-113.11506,0
1.7957276,-109.049805,0
116.67506,56.451912,0
88.28773,-28.583475,0
-145.5096,-14.396803,0
-84.6752,85.74346,0
-0.6356546,151.41713,0
-109.68887,22.09792,0
-102.29269,-121.2405,0
13.303513,-139.27519,0
119.024254,136.44508,0
100.83578,-112.785866,1
12.168485,-45.802334,0
-14.460898,37.43686,0
73.095726,152.74834,0
7.825087,-35.11895,0
-6.9941187,-52.260895,0
48.68412,-60.498466,0
117.20977,140.1499,0
94.54754,-108.39854,1
19.83059,-44.087307,0
-11.728002,32.250122,0
76.2102,147.9097,0
12.233796,-27.984531,0
-14.4032545,-56.222633,0
49.482845,-54.132122,0
133.57912,38.705563,0
96.660225,-67.93142,0
-17.998735,19.025337,0
-17.11481,23.755808,0
36.0923,79.57692,0
-17.478416,21.039482,0
-18.687122,16.608027,0
30.721914,-56.097893,0
72.70993,116.07474,0
154.09715,-71.95531,0
-27.718655,-74.082466,0
-11.465558,74.16397,0
10.237162,88.696106,0
-22.921291,3.8539839,0
-28.961971,-95.46154,0
22.756428,-78.06013,0
117.59889,135.9718,0
100.91589,-114.68623,1
10.086893,-47.526474,0
-14.28035,40.95488,0
69.19262,151.78114,0
6.459729,-34.92326,0
-6.124267,-53.295033,0
49.64839,-63.975056,0
155.97644,36.59581,0
111.258545,-52.595577,0
33.763493,18.94432,0
15.8357,63.272636,0
16.99288,65.802574,0
-12.252572,-14.837636,0
-11.932773,-18.275694,0
34.046555,-71.633286,0
93.1647,104.89054,0
136.46542,-53.451797,0
-52.98432,-43.360497,0
-29.463512,57.112087,0
30.780224,102.00381,0
-45.366154,-19.720682,0
-35.25133,-123.79325,0
19.656603,-101.651794,0
63.67278,102.977394,0
144.4406,-59.07091,0
-41.664185,-36.16743,0
-37.75967,60.722965,0
31.174725,96.71167,0
-36.151752,5.5306435,0
-53.803253,-143.93518,0
9.431478,-84.138756,0
78.849884,91.08791,0
151.713,-33.210598,0
-40.992474,-63.930317,0
-22.604017,85.985855,0
8.511372,105.77029,0
-50.531036,-3.1838202,0
-48.738804,-116.54462,0
-2.8523326,-110.959694,0
144.25331,94.21716,0
125.13306,-103.92939,0
-14.30889,-37.719204,0
-29.262026,40.831573,0
53.92013,150.61588,0
-15.274306,-28.155777,0
-39.94227,-88.51525,0
61.87938,-94.22314,0
75.63608,34.944817,0
59.242065,-27.71035,0
-168.13283,-39.537544,0
-73.62024,123.50204,0
-8.958922,173.18079,0
-113.4681,51.721157,0
-129.91197,-131.14204,0
18.882809,-161.1852,0
74.128456,102.11692,0
163.89882,-42.730457,0
-31.625658,-52.31134,0
-28.414001,74.67287,0
18.430908,95.91114,0
-36.85811,-5.244069,0
-42.05731,-132.13228,0
-4.4708886,-96.6355,0
87.00799,65.19695,0
88.04858,8.388808,0
-171.4058,2.9627533,0
-58.70838,99.724846,0
-40.868332,164.05011,0
-89.41755,38.042465,0
-121.63663,-90.05302,0
32.41814,-138.86514,0
64.16898,98.482086,0
141.6196,-56.597855,0
-44.147385,-37.26945,0
-38.667492,57.54559,0
35.08644,97.970825,0
-38.482597,4.0734053,0
-57.110477,-144.80008,0
12.558772,-85.52296,0
135.4623,87.63022,0
100.48226,-22.283966,0
-125.150085,-41.4291,0
-67.482,73.39404,0
11.366866,144.92422,0
-102.3509,13.39308,0
-160.6523,-80.82663,0
47.912365,-143.72746,0
101.16881,44.710205,0
74.5073,-27.914455,0
-140.97044,-29.680464,0
-79.53951,103.39581,0
-16.916035,145.85625,0
-99.147415,27.834337,0
-115.88588,-114.309616,0
33.735332,-155.53514,0
86.0814,48.94492,0
73.26222,-46.745686,0
-150.11174,-38.6333,0
-68.3153,111.5511,0
-19.691921,158.76213,0
-98.85983,44.89444,0
-112.576546,-140.76941,0
25.831032,-150.06378,0
103.99482,28.453218,0
87.29984,-2.0481696,0
-167.47209,-0.65468,0
-99.82939,109.70368,0
-35.369213,158.36128,0
-146.04512,42.884796,0
-118.31706,-92.36784,0
1.3770876,-169.38742,0
119.648605,107.499466,0
129.67601,-4.3004584,0
-95.54562,-48.960445,0
-86.77201,60.707882,0
38.31504,170.3857,0
-94.04963,-15.523612,0
-95.40379,-66.87712,0
67.33538,-120.00223,0
81.30524,33.647747,0
63.969986,-22.348295,0
-165.7236,-30.664219,0
-79.269775,127.31558,0
-9.544486,167.55777,0
-116.79067,47.45299,0
-129.52036,-124.60466,0
13.358358,-164.00314,0
154.34431,12.79423,0
71.34882,-77.306625,0
49.763924,13.391793,0
29.728024,45.3867,0
29.326485,45.867214,0
12.892599,1.1001636,0
13.445998,-0.5387282,0
41.817616,-29.579012,0
137.81384,93.2119,0
124.52783,-95.82661,0
-21.088398,-38.943398,0
-36.290592,43.051292,0
45.434906,149.7511,0
-22.843124,-28.16036,0
-45.983784,-87.476555,0
56.00896,-95.238884,0
160.28363,44.825043,0
111.09653,-51.113956,0
60.35769,30.06775,0
9.672456,66.740585,0
9.85693,68.621086,0
-6.755055,-76.266464,0
-9.437665,-76.315216,0
31.5009,-71.676544,0
117.91274,42.99272,0
72.529305,-17.299915,0
-161.32497,-18.449066,0
-80.1794,82.745636,0
-1.1595799,175.63287,0
-124.26138,35.356556,0
-121.909966,-116.35278,0
3.8424256,-143.37662,0
130.85692,77.44858,0
118.11269,-76.05081,0
-56.95708,-30.282084,0
-52.320473,54.59052,0
35.916843,128.09192,0
-50.884678,20.227575,0
-60.126682,-89.98797,0
32.058235,-101.49925,0
59.452545,98.32788,0
137.00217,-66.52349,0
-43.561916,-29.206589,0
-43.939823,69.9848,0
33.405685,116.611145,0
-40.15357,14.515671,0
-62.149197,-137.40323,0
17.750366,-93.43151,0
71.310234,62.695667,0
78.0439,-22.635578,0
-135.64487,-45.436295,0
-89.09157,103.221504,0
-14.559075,143.04706,0
-119.76921,16.448093,0
-117.56855,-109.177124,0
34.368107,-163.2601,0
158.71889,38.937717,0
113.887794,-50.12363,0
30.856083,21.477043,0
13.50532,61.93042,0
15.831303,68.94437,0
-12.673213,-11.92336,0
-16.37508,-69.78795,0
33.208504,-76.71683,0
135.15553,91.45844,0
123.84506,-92.82354,0
-26.266062,-38.37989,0
-40.392433,45.794266,0
37.073036,152.84912,0
-26.804176,-28.391031,0
-50.40286,-85.36234,0
53.3654,-99.59341,0
76.8406,81.42796,0
144.23189,-20.606735,0
-51.441242,-73.16058,0
-26.583466,95.88627,0
-6.0320077,111.801796,0
-57.067917,7.545159,0
-58.190907,-109.88757,0
0.50327784,-123.50744,0
69.10894,116.12032,0
153.32918,-74.846794,0
-26.427345,-77.08829,0
-8.183563,72.0446,0
13.364425,86.043564,0
-21.180414,0.38446853,0
-25.985605,-96.858086,0
18.064283,-76.47057,0
68.37455,78.23986,0
152.56488,-15.902367,0
-55.198414,-60.15936,0
-34.23151,86.38134,0
-10.385641,101.8104,0
-64.455734,1.699023,0
-61.029716,-120.64925,0
-3.520134,-130.63571,0
115.03819,60.410885,0
95.61758,-23.073069,0
-130.11717,-15.812144,0
-65.43435,83.99451,0
7.228994,142.09996,0
-100.81336,16.730854,0
-94.02278,-113.26267,0
25.363739,-132.39787,0
78.05197,92.29567,0
152.56851,-31.339619,0
-43.357075,-62.89558,0
-23.17628,86.76851,0
5.2845335,106.073326,0
-52.6444,-2.9823675,0
-49.62621,-117.38474,0
-3.9309354,-113.34278,0
108.75052,40.636703,0
83.77351,-26.778503,0
-151.37479,-13.536797,0
-87.69616,93.00819,0
-17.168974,151.10863,0
-121.943436,26.498856,0
-108.13297,-119.24463,0
5.457751,-152.48053,0
115.8244,25.751402,0
77.55569,12.247119,0
-161.43536,10.173319,0
-98.73333,84.90913,0
-43.77072,149.96753,0
-156.39157,34.88342,0
-113.574875,-80.98957,0
-10.100431,-164.06442,0
87.84613,101.20858,0
133.65424,-46.149582,0
-58.051086,-47.866978,0
-40.819187,76.49059,0
18.171783,121.16107,0
-48.5017,-14.465076,0
-40.581898,-120.63128,0
14.032209,-112.861595,0
121.63271,69.08219,0
116.632805,-31.610353,0
-109.198586,-40.939865,0
-53.108448,123.211296,0
21.95673,161.4937,0
-90.72498,7.37147,0
-105.7505,-69.4071,0
51.697758,-136.58958,0
65.76106,115.38222,0
150.34792,-75.295654,0
-23.394123,-77.732956,0
-4.699062,71.24115,0
16.317135,83.9115,0
-23.24147,-1.4861546,0
-25.566965,-99.3427,0
15.98802,-77.64206,0
102.678604,43.11507,0
79.7266,-28.426786,0
-154.13324,-16.147572,0
-86.75606,97.224976,0
-14.321103,149.26138,0
-118.19517,24.696686,0
-112.003784,-118.02286,0
8.859246,-155.52318,0
114.15502,85.352356,0
126.33896,-54.382122,0
-71.210976,-42.576797,0
-56.101612,72.317955,0
19.167328,136.29393,0
-78.48682,5.8275175,0
-72.87299,-115.25699,0
20.817467,-111.555885,0
114.07111,65.22011,0
70.565834,0.3576388,0
-176.3846,-11.713905,0
-100.660164,124.83748,0
6.6693373,143.54169,0
-95.942314,19.82582,0
-136.58186,-105.87662,0
25.625023,-134.51546,0
89.134865,48.189125,0
72.03989,-23.699781,0
-157.81693,-30.80578,0
-75.03758,111.93551,0
1.4083987,169.67856,0
-110.91134,42.237698,0
-120.72577,-123.24388,0
9.7274065,-140.41866,0
84.11005,107.95202,0
164.3815,-50.16785,0
-39.309204,-49.37853,0
-19.275694,63.110996,0
23.431456,105.51115,0
-33.970676,-13.668687,0
-30.628004,-121.44584,0
5.732317,-98.17255,0
71.345825,103.95826,0
163.232,-41.743683,0
-31.990992,-53.196487,0
-26.529732,75.578514,0
16.569412,95.87507,0
-38.096012,-4.16168,0
-43.28325,-131.36505,0
-4.646446,-98.38052,0
156.79051,43.264713,0
116.10158,-50.61977,0
53.757343,37.45497,0
9.243724,62.6811,0
11.792078,71.48964,0
-9.085557,-71.60288,0
-13.792302,-75.73342,0
31.878603,-74.73697,0
109.44276,91.59461,0
129.65652,-22.531424,0
-117.13827,-51.496296,0
-71.67603,138.66551,0
14.719157,181.22903,0
-103.61633,-1.2762326,0
-118.769554,-61.06664,0
68.4566,-140.40253,0
116.589096,141.85252,0
92.43036,-114.05015,1
17.059734,-48.806786,0
-10.26251,36.914104,0
82.08188,151.72578,0
7.1031218,-26.724552,0
-9.980451,-58.986984,0
54.29428,-57.070347,0
99.95378,32.41856,0
80.77492,-7.8350096,0
-168.68124,-8.898759,0
-103.561935,120.22549,0
-33.501373,171.73627,0
-141.60323,55.166145,0
-123.98851,-100.552345,0
2.6846466,-182.6956,0
134.2992,38.293533,0
96.45195,-67.784,0
-18.336935,19.374315,0
-17.340742,23.692596,0
35.383472,79.00609,0
-17.812618,20.807844,0
-18.751839,16.84655,0
30.531965,-55.50213,0
82.39512,29.178585,0
65.34846,-1.8690904,0
-182.50197,-20.398727,0
-92.3687,126.63799,0
-25.96671,179.33498,0
-130.76965,58.799885,0
-140.88434,-109.61974,0
15.22075,-182.87611,0
99.497086,35.911057,0
67.77404,-9.868913,0
-172.0248,-20.165,0
-87.95744,116.26852,0
-19.844776,182.88753,0
-130.87532,44.10068,0
-125.55858,-111.29193,0
23.592712,-177.40758,0
117.42653,111.909775,0
131.79826,-7.8554974,0
-91.56406,-53.628155,0
-81.19169,58.664936,0
38.197063,176.79906,0
-94.78409,-10.419502,0
-89.55756,-64.27103,0
63.38555,-124.477585,0
119.1365,109.60015,0
132.01253,-4.937881,0
-93.41717,-50.534447,0
-86.41987,58.794907,0
38.96791,168.46617,0
-95.40742,-13.896989,0
-93.86338,-64.61092,0
67.1147,-122.02897,0
99.671425,75.4581,0
110.30725,-25.812986,0
-139.17775,4.3792033,0
-121.45734,88.83895,0
-30.563984,122.00728,0
-132.69714,10.319128,0
-158.9045,-76.25443,0
64.64758,-162.22345,0
109.4363,131.63736,0
99.724464,-118.16151,1
11.022355,-50.395115,0
-11.336318,41.476418,0
73.37681,156.61555,0
2.9030092,-34.52209,0
-3.5780857,-56.299297,0
54.083755,-63.411144,0
142.14342,77.10466,0
113.88819,-84.61805,0
-62.176785,-21.415087,0
-60.406956,52.022377,0
42.76064,134.93579,0
-52.954945,30.708939,0
-67.57504,-82.36558,0
43.263885,-104.237724,0
76.39292,107.12903,0
168.24866,-44.72879,0
-33.822254,-41.17268,0
-33.94294,69.48963,0
25.341309,92.77741,0
-35.295555,0.67186356,0
-45.917934,-138.37993,0
0.32981557,-90.71651,0
158.74893,36.288193,0
117.57969,-49.22371,0
-108.833244,-16.96676,0
30.47201,19.780762,0
19.258183,68.76008,0
-75.240746,26.355186,0
-48.33315,-105.757324,0
39.402534,-73.11753,0
112.997154,73.21011,0
129.31627,-41.20688,0
-64.46438,-49.466026,0
-52.07475,83.38406,0
13.719524,126.71738,0
-73.16672,14.838869,0
-84.68545,-116.20444,0
16.84023,-122.03682,0
92.058655,52.754547,0
75.801796,-31.869034,0
-142.33142,-28.932674,0
-73.00528,98.876976,0
-5.2866254,147.58525,0
-103.23633,33.24404,0
-113.94426,-114.310356,0
20.162586,-144.88106,0
132.13164,65.990974,0
113.95105,-66.80052,0
-70.951385,-33.01272,0
-61.17112,62.265556,0
32.40604,138.9699,0
-64.38122,23.507828,0
-79.69875,-129.12036,0
34.58608,-112.57676,0
70.57513,122.082054,0
152.41017,-81.24627,0
-23.134977,-83.95565,0
-4.076827,76.84674,0
15.124881,114.816635,0
-19.867998,-5.48487,0
-23.157421,-91.248634,0
18.69544,-71.30763,0
83.99447,119.75482,0
166.61848,-61.325905,0
-28.339922,-65.545494,0
-13.656614,60.898445,0
31.376514,108.63931,0
-25.948109,-16.820812,0
-31.492636,-109.90146,0
13.756141,-94.51218,0
118.35475,136.5484,0
100.770744,-112.71416,1
12.280851,-45.64445,0
-14.112964,37.56103,0
73.04225,152.38014,0
7.9429855,-34.97153,0
-7.2620397,-52.294395,0
48.338394,-60.214237,0
81.048485,92.06139,0
150.67172,-32.468693,0
-40.595863,-64.70979,0
-21.034014,86.39548,0
7.263832,106.78905,0
-50.360023,-1.5598148,0
-47.849453,-115.51345,0
-1.9261796,-112.66332,0
106.943596,28.47263,0
89.29034,-2.2630873,0
-165.99866,2.0057204,0
-99.35759,107.805786,0
-35.454292,155.3996,0
-147.16339,40.94229,0
-116.97766,-90.335075,0
0.0028089061,-171.14607,0
93.37916,108.31476,0
157.73141,-53.951702,0
-46.31298,-48.55481,0
-18.962698,57.172104,0
24.060974,111.50569,0
-38.28261,-18.417887,0
-29.444336,-113.966995,0
11.214244,-102.01441,0
99.81404,39.80059,0
69.69993,-13.095461,0
-165.49825,-18.123251,0
-83.2554,114.422646,0
-4.789361,180.20038,0
-127.899254,40.737312,0
-125.08888,-110.961914,0
22.833971,-175.40538,0
116.86535,50.59341,0
86.04395,-21.346767,0
-147.72636,-9.044075,0
-75.85322,81.91293,0
4.265777,159.50789,0
-125.573555,31.14727,0
-102.91232,-116.759285,0
-0.12552528,-143.13467,0
137.71823,34.04791,0
83.550575,-59.06346,0
-27.91612,18.044495,0
-27.088228,28.186405,0
30.484835,76.173584,0
-28.51475,21.46311,0
-119.19925,-71.69404,0
31.625175,-48.75359,0
68.143105,92.529884,0
156.44984,-28.474493,0
-47.47449,-58.240505,0
-30.099613,83.26883,0
4.1021686,100.31001,0
-56.391212,-6.123415,0
-56.502888,-123.66614,0
-10.254649,-113.92812,0
94.23716,112.587326,0
160.72514,-56.640774,0
-46.013752,-44.97144,0
-22.728477,58.692944,0
25.52742,112.23422,0
-35.20554,-20.496134,0
-26.314669,-116.56984,0
12.4647875,-99.609436,0
97.368484,39.78804,0
63.785183,-12.260997,0
-167.29846,-20.934887,0
-80.46555,115.545395,0
-8.823858,182.36467,0
-127.380455,45.157074,0
-126.29938,-113.73283,0
23.958384,-170.51414,0
77.152084,121.148346,0
149.29332,-39.20016,0
-34.989803,-70.36575,0
-12.538199,81.00611,0
13.871257,110.64512,0
-52.834877,-10.684866,0
-41.024273,-105.50652,0
8.236372,-112.01792,0
108.2391,44.895725,0
67.453156,-41.922718,0
-141.29153,-36.61992,0
-59.724876,117.301834,0
-6.4508963,145.38252,0
-103.81359,37.636936,0
-100.166855,-132.51407,0
21.446362,-145.2718,0
147.98529,48.177307,0
105.21882,-37.065292,0
-126.46479,-20.152233,0
46.11178,44.250034,0
-0.64751947,59.093803,0
-138.96375,18.384104,0
-94.45276,-88.12632,0
44.467087,-84.50746,0
75.16455,96.866585,0
160.44733,-45.101994,0
-27.978333,-55.10794,0
-25.09337,72.301765,0
17.20252,98.9258,0
-39.32894,-8.069861,0
-38.233883,-131.86577,0
-1.2136353,-98.849236,0
117.52871,104.05719,0
134.93845,-6.0615153,0
-93.76111,-44.75496,0
-87.82475,56.8027,0
35.88124,167.34111,0
-91.97241,-16.876781,0
-92.22178,-66.580284,0
66.201416,-119.92084,0
139.47278,34.948112,0
85.03314,-62.520287,0
-25.0207,19.518309,0
-25.940302,25.50229,0
31.77103,73.39505,0
-25.709538,21.790081,0
-23.856474,17.220331,0
33.55602,-47.157993,0
76.13344,38.740025,0
58.365505,-25.50738,0
-169.49126,-37.676464,0
-75.92023,121.15172,0
-9.98146,176.12892,0
-111.74562,52.85422,0
-130.21591,-133.11115,0
20.72575,-165.14143,0
119.0061,58.919262,0
92.918106,-25.899345,0
-140.1032,-13.538048,0
-68.71377,86.935394,0
3.9421833,148.28789,0
-102.96591,19.399094,0
-95.57367,-122.2271,0
17.949512,-135.12563,0
140.77943,90.35225,0
121.55178,-96.104095,0
-23.199104,-41.61909,0
-35.94739,46.302517,0
45.867474,146.02022,0
-23.644651,-25.794062,0
-47.65416,-87.01307,0
53.832745,-97.03503,0
62.0835,105.783264,0
142.75867,-64.03882,0
-38.09782,-34.563606,0
-37.59609,63.350513,0
31.044682,94.54879,0
-34.774487,10.600318,0
-54.60382,-139.45853,0
6.570648,-84.35182,0
91.908615,31.139664,0
83.48472,5.184477,0
-183.16785,-3.941691,0
-105.4101,113.51847,0
-26.921513,164.40697,0
-102.89604,1.3348638,0
-130.85703,-87.766556,0
7.6806517,-169.27727,0
105.09064,31.123379,0
87.76202,-3.9398959,0
-165.84206,-1.404371,0
-96.36478,109.14111,0
-37.065636,156.41525,0
-146.07628,40.97241,0
-116.07164,-93.66294,0
0.64697564,-167.0923,0
77.59989,104.164116,0
163.3118,-38.80408,0
-34.805603,-54.24573,0
-28.056547,77.92103,0
15.687097,93.594765,0
-37.302647,-1.6954846,0
-45.11545,-128.82216,0
-7.89784,-98.106316,0
71.26794,99.12311,0
163.76285,-25.045736,0
-57.614925,-56.65307,0
-30.524242,78.47654,0
3.84599,95.213425,0
-60.53501,-10.071204,0
-62.868305,-100.4646,0
-15.025378,-129.13277,0
123.74864,112.62319,0
132.47864,-0.61039716,0
-90.36852,-47.732628,0
-84.44085,62.814163,0
34.998863,172.07689,0
-92.87582,-10.018083,0
-92.85034,-71.03249,0
65.02099,-116.78982,0
145.12057,73.4346,0
108.90401,-82.88418,0
-57.078255,-19.372229,0
-62.034843,44.238922,0
46.520546,132.32596,0
-48.550983,30.543575,0
-62.37092,-78.98179,0
44.03013,-99.11213,0
116.034874,65.801414,0
89.60454,-7.9232764,0
-159.08028,-0.3986431,0
-88.99568,83.42206,0
-33.784237,147.74437,0
-145.74304,34.774815,0
-109.36247,-91.971954,0
-1.9517754,-159.4266,0
103.00542,20.491337,0
89.5994,4.6620593,0
-176.00998,2.091034,0
-104.37797,109.76663,0
-35.701912,160.60571,0
-150.97514,47.884533,0
-125.18244,-88.198425,0
-2.3618395,-174.1925,0
145.7154,21.555147,0
80.58373,-71.22556,0
46.7191,29.31883,0
35.933647,30.812897,0
34.74138,61.37504,0
-5.6982074,-0.032837648,0
6.673081,-9.705458,0
36.07235,-38.864956,0
68.782,43.86371,0
83.207016,-34.12854,0
-154.38913,-24.19886,0
-83.13744,94.09605,0
-8.217725,153.79709,0
-113.76217,29.368238,0
-110.39971,-126.23913,0
11.411734,-151.50197,0
141.44316,69.61247,0
110.76802,-77.185326,0
-54.752735,-22.129192,0
-64.96867,48.34737,0
40.583065,132.17624,0
-49.404335,25.519749,0
-59.549713,-83.41709,0
38.485676,-99.88892,0
57.44638,98.55753,0
134.97067,-65.15663,0
-46.156307,-30.389822,0
-43.293114,67.04392,0
30.753153,118.48014,0
-42.889572,13.724422,0
-64.44095,-138.6977,0
19.985481,-91.10994,0
70.03002,64.42211,0
102.88664,-24.416262,0
-146.02441,-1.7762197,0
-112.869354,89.03612,0
-32.128654,130.18028,0
-123.11174,14.160166,0
-147.49672,-75.31226,0
54.095398,-154.59534,0
93.25452,99.07421,0
151.97217,-49.088062,0
-51.047665,-51.266094,0
-30.169361,67.06308,0
30.282402,103.23099,0
-43.477386,-14.381602,0
-34.55319,-128.55751,0
20.734089,-102.15358,0
94.38565,65.46174,0
102.40029,8.787712,0
-187.38235,15.093165,0
-115.17884,114.81801,0
-39.10439,171.36916,0
-142.1803,24.182652,0
-142.6274,-92.4951,0
37.921513,-173.25911,0
112.48559,24.541563,0
80.777054,12.222959,0
-165.43083,10.250998,0
-102.529686,85.55915,0
-44.24078,153.21959,0
-157.21202,37.761196,0
-116.19549,-81.9774,0
-9.666626,-167.47554,0
115.79884,85.50709,0
124.754364,-55.78191,0
-69.55186,-40.441097,0
-54.487747,71.31922,0
20.523611,134.36932,0
-77.846825,3.5378458,0
-74.21013,-116.54393,0
24.063904,-112.28652,0
89.07042,94.87074,0
155.6523,-44.000923,0
-31.783028,-60.686775,0
-18.533407,74.167404,0
12.787694,100.47888,0
-43.8737,-3.1286876,0
-36.323914,-126.79142,0
0.14685771,-103.47609,0
73.996925,88.16421,0
156.61876,-21.992329,0
-57.4624,-67.99389,0
-35.069496,94.92434,0
-2.1695173,101.037254,0
-60.649025,-2.8466175,0
-58.54057,-105.2535,0
-8.00449,-122.06201,0
102.64682,86.44087,0
119.65012,-33.877766,0
-105.577545,-40.6449,0
-53.663742,121.086105,0
20.800232,164.09773,0
-88.2422,3.5409064,0
-106.881004,-64.41272,0
55.44684,-135.24364,0
110.3443,68.71643,0
101.76996,-17.094671,0
-129.23163,-42.226933,0
-71.55128,77.01502,0
11.197261,150.00893,0
-107.47806,10.380676,0
-98.99958,-109.45685,0
53.65197,-159.37946,0
88.78481,32.328102,0
73.64993,-7.3972797,0
-176.80545,-15.028783,0
-91.89119,119.842476,0
-24.504185,173.99652,0
-132.45465,51.64556,0
-133.0373,-105.66447,0
26.050058,-179.34843,0
146.3404,19.026138,0
78.05003,-70.244225,0
58.559807,21.586811,0
52.834698,35.95588,0
34.000484,57.028187,0
-2.2162385,-2.3782766,0
4.392114,-9.14995,0
37.82639,-38.000626,0
104.89277,135.4434,0
101.82816,-124.4184,1
7.781903,-54.6237,0
-10.345499,47.103325,0
70.80574,162.31282,0
-1.3484579,-36.326893,0
2.2799084,-60.527275,0
58.487923,-66.42867,0
75.39091,32.837376,0
69.66824,-22.834227,0
-160.25064,-29.533175,0
-77.55916,86.77568,0
-1.8490219,171.29755,0
-113.35126,44.834015,0
-123.8633,-125.86647,0
7.513736,-139.89285,0
113.991974,129.40509,0
106.14311,-117.544624,1
2.767903,-46.21225,0
-18.543245,43.6752,0
65.51552,155.2291,0
2.5955167,-42.00133,0
-0.39493686,-49.11588,0
50.91973,-70.32671,0
117.0176,138.48593,0
94.29705,-115.82419,1
17.41823,-51.20905,0
-4.980052,36.365902,0
80.39463,148.62614,0
5.1748123,-28.739555,0
-13.839706,-60.518024,0
53.357086,-52.116665,0
104.643394,27.809855,0
87.545204,-2.7204092,0
-166.80789,-0.8289273,0
-98.53378,108.62742,0
-35.758007,157.5829,0
-145.50456,41.955513,0
-117.60055,-92.908035,0
0.9623039,-168.20467,0
77.56394,80.77503,0
142.87694,-21.063932,0
-51.05754,-75.21764,0
-25.464485,99.488396,0
-4.56089,115.38568,0
-56.868237,9.817033,0
-58.30241,-110.714355,0
2.4531314,-123.45441,0
97.32634,76.9536,0
108.54111,-27.043797,0
-137.54057,2.3149908,0
-119.66923,87.02474,0
-27.761131,124.044754,0
-131.79167,8.615862,0
-159.61586,-74.76283,0
64.54574,-160.63144,0
163.28322,5.340461,0
74.10769,-91.84038,0
47.950226,13.750358,0
20.524008,32.481247,0
20.40909,32.439533,0
22.199717,7.9215465,0
22.346832,9.093198,0
39.663036,-19.986317,0
82.5113,23.9487,0
65.644394,0.09903211,0
-183.68973,-19.04706,0
-96.3261,126.05698,0
-27.885786,179.63484,0
-132.40935,59.814262,0
-141.41367,-107.49253,0
16.038717,-184.57283,0
80.23786,88.48403,0
150.82767,-25.949594,0
-48.48917,-65.519714,0
-26.970917,90.599464,0
0.25826216,107.3077,0
-56.308437,0.44513065,0
-54.42882,-116.02652,0
-4.2709174,-117.65924,0
106.16164,135.75642,0
100.73157,-127.08624,1
10.648988,-58.511604,0
-8.409842,48.251686,0
71.587234,164.24265,0
-2.5886564,-32.484173,0
1.3988725,-62.259926,0
61.561363,-65.7447,0
122.972496,71.81948,0
99.23141,-13.734476,0
-121.907906,-41.00441,0
-62.939304,74.6021,0
18.414167,147.63358,0
-100.59362,9.356171,0
-104.05665,-97.941986,0
26.556162,-125.829475,0
72.61079,81.90335,0
149.81537,-19.542187,0
-54.55418,-64.21734,0
-32.45394,91.2618,0
-7.2864733,104.175125,0
-59.625202,4.310985,0
-58.701355,-115.5791,0
-1.8707227,-125.24201,0
85.61189,34.536236,0
59.251064,-17.11557,0
-173.16211,-29.499033,0
-85.45351,122.18895,0
-17.992544,173.33861,0
-124.27999,53.63239,0
-135.56635,-120.62875,0
17.128588,-170.5282,0
76.86366,107.43555,0
166.25833,-45.207996,0
-28.093805,-50.702866,0
-32.080273,75.186,0
21.22716,98.21292,0
-34.77579,-7.7922635,0
-43.345448,-136.6081,0
0.04506676,-94.43853,0
136.79454,90.15631,0
122.60389,-98.56949,0
-20.986698,-38.161896,0
29.22554,25.611347,0
14.953668,75.30858,0
-22.266792,-29.018248,0
-45.144352,-87.80744,0
55.595055,-93.36721,0
74.84124,80.392365,0
143.31328,-19.320698,0
-52.34241,-74.54078,0
-25.976225,100.64473,0
-7.5012584,113.034744,0
-57.97087,8.996649,0
-58.467873,-108.83409,0
1.938017,-125.060104,0
159.51427,16.071056,0
72.31563,-74.76169,0
55.717716,21.858814,0
38.38877,16.04769,0
21.568739,53.29641,0
6.9086194,-0.48282674,0
8.742766,-1.4493415,0
37.145096,-28.056484,0
88.745445,71.20377,0
104.00532,-32.002186,0
-131.86673,-2.6578772,0
-69.64075,103.89857,0
-11.226457,137.54744,0
-128.26746,2.212828,0
-89.48438,-87.41646,0
42.751244,-142.22025,0
81.00366,89.05255,0
149.0883,-26.759604,0
-46.615097,-65.82643,0
-24.323542,89.43933,0
2.0961819,108.06688,0
-54.596046,1.0338852,0
-52.96543,-114.574776,0
-3.436021,-116.68784,0
86.2656,56.217793,0
68.97972,-35.916855,0
-133.41115,-30.128471,0
-66.44671,102.01253,0
-8.419695,139.21884,0
-97.11908,37.443058,0
-112.30014,-105.808716,0
31.930267,-147.76009,0
155.29454,46.71509,0
111.49279,-44.709827,0
-106.46688,-20.864294,0
54.196472,38.35214,0
4.530978,65.693306,0
-77.33301,20.546652,0
-82.7521,-94.301254,0
39.467335,-80.28626,0
74.01867,48.28527,0
90.46831,-30.759308,0
-130.43884,-36.905613,0
-67.77938,80.035934,0
0.30166543,149.93767,0
-110.6151,23.025604,0
-101.03844,-122.70373,0
14.543948,-138.81673,0
148.1446,32.29067,0
83.49338,-74.33859,0
26.058746,-36.54618,0
27.156008,-35.412174,0
26.044672,68.96517,0
26.768682,-36.37808,0
25.071146,-36.78045,0
28.087997,-37.307045,0
78.32663,32.98817,0
60.195488,-26.450014,0
-167.39293,-39.05539,0
-75.218025,123.039604,0
-9.442186,173.14325,0
-114.15304,50.856228,0
-131.72757,-130.74223,0
18.154768,-162.40561,0
86.44457,35.006504,0
57.81482,-17.285631,0
-174.87704,-30.280315,0
-83.36012,121.26833,0
-16.67621,175.59761,0
-124.145645,55.143246,0
-137.2376,-120.23585,0
17.340246,-171.43324,0
79.89915,37.023907,0
59.42442,-24.969019,0
-167.18207,-37.76029,0
-76.37474,121.8592,0
-11.351546,172.9664,0
-114.357666,51.914227,0
-131.89699,-132.07202,0
18.553648,-164.14992,0
84.807144,57.756577,0
66.47691,-33.637333,0
-129.44948,-29.164032,0
-62.736748,104.80579,0
-10.243429,135.01764,0
-94.034485,36.896282,0
-113.89338,-103.11651,0
37.71393,-144.24298,0
61.626076,89.504524,0
168.31937,-19.061234,0
-63.45728,-54.787323,0
-42.606045,82.43191,0
10.511569,121.35516,0
-70.97278,-9.2227545,0
-72.88661,-104.76859,0
-14.561479,-134.09027,0
152.40564,14.3905115,0
74.770256,-77.33936,0
57.988983,11.881268,0
26.702753,49.121044,0
26.725224,49.339653,0
7.486416,11.585034,0
6.5549936,11.29467,0
44.759068,-15.652785,0
144.54689,52.225037,0
117.525444,-79.954575,0
-62.912846,-29.660927,0
44.724888,43.151764,0
0.5224536,56.322033,0
-56.29603,20.889399,0
-64.61268,-87.52529,0
37.32529,-106.174225,0
126.2813,97.33334,0
132.26884,-84.94583,0
-91.03644,-31.805977,0
-49.288715,45.800713,0
33.720753,157.94507,0
-88.3593,-22.798382,0
-84.30183,-79.012085,0
52.796474,-114.997314,0
105.85763,92.88458,0
128.16212,-21.131195,0
-114.99036,-50.353207,0
-69.33863,139.05505,0
16.26086,179.52367,0
-102.707634,-3.3181531,0
-116.678734,-59.390144,0
67.51962,-137.97574,0
111.35062,39.901913,0
84.83505,-28.447336,0
-152.0366,-12.280523,0
-87.30184,90.81222,0
-14.85297,153.519,0
-120.56902,28.495459,0
-108.21212,-121.39745,0
6.2548485,-151.65152,0
107.42531,38.551956,0
82.74794,-29.929113,0
-156.16844,-14.646869,0
-88.73299,93.00232,0
-16.658766,153.53531,0
-117.52662,27.9157,0
-112.89412,-120.99599,0
5.1755958,-158.78343,0
102.57851,44.545094,0
77.86558,-28.896303,0
-142.45941,-25.939037,0
-79.998726,102.055725,0
-11.362192,148.98714,0
-117.36822,24.00687,0
-112.73073,-116.84239,0
9.54666,-155.8615,0
117.722244,102.38254,0
132.40744,-10.4972105,0
-97.124,-44.3709,0
-82.2674,53.6817,0
41.828964,164.95232,0
-98.85018,-14.927215,0
-94.389595,-61.098423,0
68.18819,-125.55524,0
158.43542,10.851798,0
73.28674,-83.22863,0
48.64683,13.586361,0
22.669252,41.53936,0
22.425886,41.338352,0
18.977545,3.1145217,0
17.8179,4.1032276,0
41.37648,-24.427128,0
142.16899,99.31519,0
126.4635,-98.58595,0
-18.951893,-42.55372,0
-35.422554,40.847855,0
47.82381,151.2131,0
-19.583221,-24.906801,0
-42.98503,-83.48365,0
58.786617,-98.71551,0
97.253716,71.89575,0
105.74672,-23.293066,0
-142.23035,-0.7415633,0
-115.14318,90.83925,0
-29.225382,128.26526,0
-126.74225,10.703614,0
-152.85063,-76.25986,0
58.930023,-166.37013,0
77.39615,119.65563,0
149.4127,-39.562218,0
-35.190647,-69.94459,0
-12.181177,81.08933,0
13.441228,111.29013,0
-53.32367,-10.4236355,0
-40.9809,-106.04599,0
7.9336824,-111.70562,0
154.51118,12.793494,0
71.407684,-77.12782,0
49.182785,12.820804,0
29.20535,45.469036,0
29.09597,45.64852,0
13.798383,0.8877855,0
13.994419,-0.56967723,0
41.903324,-29.552755,0
85.671104,60.220818,0
68.47026,-37.34477,0
-131.07782,-31.93886,0
-65.50686,104.91424,0
-14.168829,136.58409,0
-95.48952,39.140087,0
-110.99208,-104.36476,0
35.27202,-146.35387,0
69.69674,121.73366,0
152.44301,-80.57348,0
-22.619225,-83.511566,0
-4.785936,76.72964,0
14.688472,115.3815,0
-19.632822,-4.373908,0
-22.064915,-92.03828,0
17.395136,-71.676216,0
129.92079,50.253773,0
99.68586,-37.89555,0
-114.90092,-15.021556,0
-59.93632,94.82873,0
4.931999,133.98036,0
-89.949715,28.118605,0
-87.8495,-102.34946,0
37.809723,-126.10514,0
71.017685,78.7221,0
149.14833,-16.923296,0
-52.023117,-59.12389,0
-32.534668,85.43245,0
-6.9589877,102.36802,0
-61.401207,4.7586164,0
-57.253334,-118.496735,0
-1.346737,-126.802,0
114.425964,137.18765,0
98.39711,-116.23327,1
12.672813,-49.252018,0
-10.908491,39.91764,0
74.85003,155.39182,0
4.972262,-33.010372,0
-5.636185,-56.938305,0
52.5662,-62.497917,0
163.8583,6.0771356,0
75.88268,-92.12651,0
47.917324,14.549401,0
19.097147,33.01836,0
18.731611,33.119366,0
20.861153,8.638685,0
21.100428,10.102097,0
40.897923,-18.64376,0
140.351,41.16004,0
94.92687,-60.31155,0
34.02303,36.80175,0
-34.074337,30.298624,0
38.448112,70.62129,0
-13.297092,5.791297,0
-0.9452916,-18.949064,0
36.662754,-52.796844,0
77.56735,121.14479,0
149.33426,-39.345726,0
-35.453712,-69.823425,0
-11.829764,81.29905,0
13.355246,111.75711,0
-53.17979,-10.553385,0
-41.374443,-105.84296,0
7.573958,-111.86241,0
68.31959,49.239906,0
115.47917,-9.911326,0
-139.67734,-47.492172,0
-101.2364,94.56729,0
-20.997118,139.75725,0
-113.71935,8.219603,0
-132.42085,-77.27761,0
42.271767,-158.20944,0
83.99734,87.98595,0
147.76678,-28.790178,0
-45.69618,-67.08109,0
-24.507662,91.19924,0
3.917894,109.69745,0
-52.868095,1.9614017,0
-51.073517,-112.017006,0
-2.2328584,-115.58975,0
78.7144,116.56597,0
150.07047,-42.607605,0
-32.8318,-67.95461,0
-13.023932,78.31211,0
10.369688,95.217125,0
-42.792427,-0.2614417,0
-38.092056,-107.93852,0
9.182035,-108.15285,0
99.549034,27.633959,0
82.13015,-2.216286,0
-174.9858,-4.8794956,0
-103.41659,117.94757,0
-33.366837,166.56985,0
-144.27724,54.197468,0
-126.46195,-96.371574,0
3.940332,-180.73885,0
83.363914,45.802162,0
72.77865,-48.741756,0
-152.68599,-39.12848,0
-68.018684,112.65939,0
-21.243351,161.4558,0
-100.768166,45.883934,0
-115.292244,-139.74655,0
25.484657,-153.2927,0
79.37788,78.40007,0
148.75874,-22.687157,0
-50.204193,-62.354153,0
-48.811363,89.77258,0
-9.25383,108.81409,0
-64.970245,6.363945,0
-63.166885,-116.28408,0
-5.3459535,-124.557045,0
60.687355,107.69138,0
138.6512,-61.623375,0
-40.07521,-36.23453,0
-32.788094,58.893326,0
27.764458,99.31447,0
-39.057552,9.942375,0
-57.70078,-138.10936,0
7.914399,-91.00112,0
67.27282,67.88571,0
118.25085,-17.997646,0
-127.47162,-50.847664,0
-56.305874,88.57909,0
17.332682,154.02432,0
-107.97533,3.416363,0
-128.7653,-67.62738,0
50.912823,-150.74203,0
79.477356,101.492455,0
161.1021,-38.95258,0
-34.39352,-56.52446,0
-25.384031,77.7144,0
10.112727,100.82473,0
-44.743607,-6.9643826,0
-44.6096,-127.14786,0
-4.1019316,-105.82492,0
124.85639,108.30667,0
129.65941,-0.8080105,0
-94.11411,-46.216255,0
-86.96782,62.64155,0
38.84191,172.25562,0
-93.5754,-17.602673,0
-96.5211,-69.92253,0
66.886406,-115.97946,0
64.23784,81.999435,0
162.98041,-14.374769,0
-66.05813,-61.690937,0
-42.182903,90.994804,0
-4.7585697,94.458885,0
-66.67027,-8.585615,0
-68.14166,-104.594345,0
-8.69091,-135.28217,0
75.874565,37.018154,0
56.774662,-28.340883,0
-164.52716,-33.51679,0
-70.5309,120.92346,0
-7.646513,173.78705,0
-111.2404,54.863903,0
-134.69879,-126.581406,0
22.201488,-159.31726,0
89.322136,102.236084,0
133.75383,-46.88749,0
-57.49937,-47.402466,0
-40.487816,75.899605,0
19.17498,120.51207,0
-48.103462,-15.023742,0
-39.550514,-120.436264,0
13.775752,-111.536674,0
97.13348,37.677555,0
62.48537,-11.816677,0
-169.18234,-22.183428,0
-80.6119,119.16587,0
-9.476487,179.35397,0
-126.49553,45.339943,0
-128.71542,-114.0934,0
22.265451,-169.8305,0
118.72463,53.73302,0
67.84816,-19.83251,0
-144.15253,-16.733828,0
-72.78199,90.0092,0
-5.59008,162.34819,0
-116.89154,41.758484,0
-97.17425,-124.23166,0
10.655239,-143.1059,0
86.47675,31.46446,0
72.402756,-5.7471724,0
-177.11423,-17.095055,0
-93.47925,118.4872,0
-22.713148,172.25366,0
-130.63347,50.849945,0
-137.75526,-118.04632,0
14.517838,-174.73874,0
140.91908,39.023933,0
91.85257,-60.6413,0
38.26949,37.02701,0
-32.06967,29.348383,0
36.950462,69.1511,0
-10.817885,3.8530738,0
0.68131334,-16.847694,0
36.26815,-49.964813,0
85.97013,102.58695,0
135.62987,-45.784737,0
-56.97146,-49.384613,0
-38.97949,75.77943,0
18.234734,119.403076,0
-48.183952,-13.14713,0
-40.500065,-122.43046,0
12.150081,-111.20246,0
67.56076,47.117523,0
115.14017,-6.2466617,0
-144.1998,-48.323975,0
-96.93103,96.65988,0
-25.637262,144.16602,0
-117.66726,9.851771,0
-135.42676,-81.09656,0
40.641304,-162.27504,0
80.31965,119.12086,0
149.27435,-43.0958,0
-30.7235,-67.4686,0
-17.091887,71.93471,0
9.818922,93.89229,0
-42.450912,0.6159608,0
-37.05419,-108.35836,0
9.162795,-106.93721,0
117.77688,65.13447,0
90.45586,-32.882534,0
-146.17673,-17.100441,0
-84.08094,85.37798,0
1.349611,151.3011,0
-108.70862,23.49836,0
-100.23358,-124.69589,0
11.900738,-138.69633,0
138.9775,17.992117,0
90.667564,-69.52365,0
51.178047,22.355421,0
45.92178,33.51403,0
40.5499,58.07533,0
-4.9385653,-6.1662283,0
-3.0596128,-10.039873,0
42.696476,-45.280018,0
76.10105,98.60017,0
160.36198,-41.761223,0
-31.89411,-56.09835,0
-24.685865,76.435425,0
14.889375,96.76111,0
-40.109646,-4.49309,0
-40.476444,-129.33838,0
-3.6638868,-100.909874,0
120.31131,27.759295,0
73.46164,11.969454,0
-157.38086,10.202167,0
-96.9628,78.01791,0
-43.086372,145.94482,0
-155.33084,30.776232,0
-109.935265,-80.82549,0
-11.705609,-160.0159,0
119.4868,108.28152,0
131.26765,-4.794551,0
-94.06607,-49.341045,0
-87.70103,58.954517,0
38.032963,167.44516,0
-95.561356,-15.101013,0
-95.3317,-64.72713,0
67.94373,-121.419846,0
120.64208,48.446537,0
92.104546,-27.760746,0
-143.02382,-9.623474,0
-78.13297,74.41328,0
12.794817,157.8583,0
-110.580574,18.104908,0
-101.21398,-117.2143,0
11.791854,-134.73708,0
71.85131,85.136696,0
159.51309,-21.14895,0
-58.37919,-65.76355,0
-36.48157,90.71024,0
-1.597337,97.464005,0
-61.573086,-4.9007115,0
-60.422432,-104.43483,0
-11.318171,-125.623055,0
112.95556,66.63149,0
90.79864,-11.836039,0
-158.45403,-5.2762637,0
-53.73663,83.66265,0
-29.360834,153.18297,0
-94.171196,16.25306,0
-105.96985,-93.877235,0
16.294456,-123.062294,0
82.43973,46.896503,0
71.489174,-48.97375,0
-152.67969,-40.5587,0
-66.496254,112.69192,0
-21.76473,161.0065,0
-99.66562,46.229984,0
-116.09293,-141.47853,0
26.715319,-154.28519,0
70.0332,40.892574,0
81.59808,5.36503,0
-182.67255,-5.6333766,0
-95.984634,116.227554,0
-26.040289,165.22133,0
-140.05334,43.179276,0
-132.71304,-87.41937,0
8.899479,-172.27437,0
102.695885,64.496765,0
104.74467,-0.87657726,0
-176.86612,16.405975,0
-69.20893,72.86911,0
-50.107754,174.78015,0
-132.22008,21.991535,0
-151.93958,-91.7426,0
47.72719,-172.56151,0
138.12474,96.49793,0
127.25421,-94.32817,0
-24.7652,-34.808773,0
-39.83758,40.579334,0
42.963993,151.839,0
-24.052666,-30.778397,0
-46.413563,-81.73792,0
57.739124,-102.35112,0
95.97741,51.26781,0
72.60257,-37.16033,0
-137.59125,-34.311077,0
-75.35853,104.10587,0
-7.216176,141.317,0
-101.97473,28.734661,0
-107.54299,-108.47162,0
29.371565,-143.53616,0
90.5854,81.66443,0
126.673546,-37.25506,0
-114.00212,-36.77542,0
-52.316982,113.719536,0
-2.1041658,118.89134,0
-82.360756,9.368884,0
-76.76986,-97.946365,0
7.6480823,-124.53979,0
91.5451,74.526794,0
105.74349,-30.081518,0
-133.43259,0.24102427,0
-117.7912,83.34485,0
-23.778881,123.088745,0
-130.03616,4.433081,0
-154.73001,-70.17337,0
60.5418,-155.9442,0
156.46591,37.09353,0
110.964134,-52.072845,0
32.739708,19.507587,0
15.613378,63.256752,0
17.034117,65.69844,0
-12.355573,-14.472823,0
-12.194616,-18.54236,0
34.154434,-71.57171,0
141.8154,97.66658,0
127.66349,-102.0693,0
-14.169405,-40.24459,0
-30.857056,39.32095,0
51.351368,153.11673,0
-16.010534,-25.29378,0
-39.02473,-85.37941,0
61.377087,-97.27676,0
89.89293,22.90981,0
77.189575,-5.8806562,0
-173.0475,-13.787098,0
-92.88681,113.7096,0
1.9021072,165.78107,0
-134.18118,46.612576,0
-140.87978,-102.524124,0
10.389907,-185.41028,0
80.591545,91.86239,0
150.42628,-30.094965,0
-44.794792,-65.25578,0
-23.996912,88.71463,0
2.3283598,109.18043,0
-52.865753,-0.0059236614,0
-49.150352,-114.53979,0
-3.814694,-115.118645,0
153.95367,59.28698,0
97.78331,-73.84979,0
-11.434605,15.707292,0
-9.33512,19.590923,0
40.30597,83.31582,0
-10.484542,16.995255,0
-12.373889,13.68152,0
32.93734,-60.395058,0
67.847244,120.23555,0
152.37347,-78.08049,0
-24.411556,-81.09466,0
-5.4990416,74.25031,0
14.101644,83.15101,0
-20.083115,-2.5523996,0
-22.742435,-97.50527,0
16.665852,-73.643845,0
83.525925,87.23418,0
147.74162,-28.941603,0
-45.054672,-67.14586,0
-23.502151,90.281845,0
3.259642,108.592186,0
-52.347225,1.6470973,0
-51.232433,-111.621284,0
-0.82324743,-115.12647,0
84.04469,96.796295,0
154.5673,-37.5991,0
-37.533463,-62.320137,0
-20.376957,82.89239,0
10.079009,104.88991,0
-47.856785,-5.049912,0
-44.662243,-116.69029,0
-0.09602161,-108.16619,0
95.22745,74.36121,0
106.40401,-25.797825,0
-138.33916,0.18491001,0
-117.429085,88.4354,0
-28.074375,124.97827,0
-129.35014,8.050377,0
-155.00551,-73.50873,0
60.510715,-160.76111,0
63.739346,104.217415,0
144.97424,-63.254642,0
-36.664047,-35.26372,0
-34.78114,64.153854,0
30.158047,93.21343,0
-33.867104,8.677691,0
-52.65287,-139.92413,0
5.62943,-85.75877,0
157.19243,10.180624,0
71.58957,-81.31331,0
51.312828,12.044374,0
24.01636,44.072083,0
24.330791,44.782948,0
16.376842,6.093016,0
15.584377,3.838305,0
42.68294,-26.629711,0
103.573204,81.12566,0
122.00271,-31.533897,0
-105.14734,-43.895767,0
-56.591156,119.96291,0
17.490135,163.02968,0
-90.80065,2.0012655,0
-110.222,-67.2226,0
56.05882,-139.16835,0
75.05213,82.04325,0
145.24469,-20.406319,0
-52.03037,-71.453224,0
-28.873932,97.486336,0
-6.05856,110.98174,0
-57.82014,6.6652875,0
-59.165043,-110.292046,0
-0.39079136,-123.38223,0
115.564995,32.305984,0
89.99886,-6.7025833,0
-159.95396,0.482092,0
-90.53034,82.94773,0
-34.257652,148.68382,0
-146.57616,35.448235,0
-110.36902,-90.19135,0
-2.9002888,-159.27611,0
62.34728,103.5632,0
142.34772,-63.454338,0
-38.275627,-33.24107,0
-36.818302,63.107662,0
32.60406,94.00574,0
-36.220345,11.032782,0
-54.17531,-140.92018,0
5.877648,-83.75217,0
112.05796,60.372013,0
95.15515,-28.457308,0
-134.05925,-16.148684,0
-68.224754,88.58508,0
3.7620637,140.52568,0
-100.84129,21.136454,0
-93.019066,-120.47187,0
22.456583,-137.88785,0
146.52115,32.27549,0
83.53587,-72.315254,0
23.37659,-33.0015,0
25.859573,-32.37803,0
27.349201,69.83256,0
24.648237,-33.017284,0
21.900595,-33.145866,0
29.41972,-38.762012,0
87.406784,58.38342,0
70.49329,-31.70963,0
-134.78247,-29.326689,0
-68.73407,102.36428,0
-12.157872,138.65738,0
-96.542206,31.61771,0
-114.30855,-106.89164,0
35.22852,-147.69759,0
83.499855,62.58394,0
93.60857,-48.72055,0
-121.4936,-16.64007,0
-55.23612,99.862335,0
2.5567398,132.92906,0
-89.80299,31.590672,0
-86.21498,-100.56571,0
32.802746,-136.26805,0
112.35942,44.600914,0
84.47226,-39.55269,0
-150.02673,-21.954958,0
-77.54115,93.46303,0
-8.169217,157.5461,0
-111.09984,33.50693,0
-107.54858,-129.21689,0
14.46471,-147.64264,0
137.83144,88.45902,0
121.72174,-66.49198,0
-63.2904,-34.48508,0
-51.852383,62.127316,0
29.34452,130.80644,0
-25.759132,-25.815191,0
-75.30989,-124.2874,0
30.378544,-108.646385,0
141.24007,91.85205,0
123.76266,-98.51011,0
-19.297913,-41.73242,0
-33.66512,43.634514,0
47.972782,147.75331,0
-21.137302,-25.728592,0
-44.542988,-86.21317,0
56.939728,-95.96489,0
104.712364,67.46144,0
106.97879,-0.6382943,0
-175.5375,13.8028755,0
-109.18554,105.95154,0
-48.25079,177.08658,0
-131.15198,23.512163,0
-153.64044,-88.614586,0
49.512745,-174.6248,0
158.502,16.721573,0
75.28405,-75.81586,0
57.848663,23.397608,0
37.0827,15.122965,0
22.323944,53.8445,0
5.2779884,-0.094926715,0
8.413325,-1.4795154,0
37.159344,-28.706146,0
142.23196,16.426325,0
89.10723,-65.65508,0
59.85256,28.259903,0
47.73946,34.792145,0
38.95415,55.843887,0
-0.17062011,3.5068731,0
0.3212412,-6.4577365,0
42.213287,-42.618443,0
62.86674,84.14875,0
158.8494,-14.987138,0
-63.908756,-64.74648,0
-40.245667,94.41624,0
6.0577683,121.52421,0
-67.44622,-5.200571,0
-67.41679,-99.373764,0
-9.010689,-130.96071,0
146.53036,49.35071,0
122.304504,-48.525307,0
-108.35025,-24.72346,0
42.690247,41.82337,0
2.7342434,57.49765,0
-81.19539,16.55623,0
-82.10622,-101.27674,0
42.26948,-87.59171,0
100.364136,68.54165,0
109.88948,2.0611937,0
-177.9547,9.901037,0
-115.27256,102.15763,0
-44.643177,179.09366,0
-132.3904,26.84546,0
-150.8631,-86.401054,0
47.095814,-178.37816,0
115.31979,82.92855,0
125.336655,-52.942356,0
-69.48226,-43.375515,0
-54.7113,72.62677,0
21.091166,128.4432,0
-76.392654,5.905085,0
-74.85452,-115.013664,0
22.064371,-113.56578,0
71.36306,80.30994,0
149.71219,-18.153503,0
-51.83024,-60.275513,0
-30.58811,88.021225,0
-7.8190928,103.4964,0
-61.390274,3.7254407,0
-58.36201,-119.08471,0
-3.2397897,-127.31179,0
137.86118,61.35902,0
107.79789,-67.40448,0
-76.80163,-31.004728,0
-67.113976,59.762375,0
35.892406,142.57796,0
-63.621773,29.540476,0
-83.38349,-134.76605,0
40.760227,-115.27671,0
114.04163,22.833555,0
80.1967,13.815534,0
-164.33078,12.16417,0
-104.03413,83.313934,0
-45.82671,153.66763,0
-158.8631,36.88502,0
-117.225586,-79.91435,0
-11.512987,-167.81854,0
116.065926,33.364677,0
74.636734,5.44957,0
-157.16612,3.2498581,0
-90.798935,79.43471,0
-37.299007,145.96295,0
-149.69502,34.338337,0
-109.32513,-86.96104,0
-5.862677,-160.39258,0
109.104836,79.45765,0
124.72576,-47.235382,0
-67.858116,-48.11125,0
-50.714104,79.218605,0
12.380745,128.66637,0
-74.07449,9.006704,0
-79.768005,-110.63986,0
21.54108,-118.62866,0
153.95189,14.576311,0
71.7735,-76.563484,0
55.79402,12.044976,0
29.140821,47.721226,0
28.422537,48.035015,0
7.734035,8.615118,0
9.531924,4.4075575,0
42.310356,-30.283684,0
100.17491,66.34028,0
108.16515,3.1326408,0
-180.4128,10.919073,0
-116.2543,104.94576,0
-43.49426,177.75758,0
-135.04762,26.2957,0
-149.19228,-88.39308,0
45.585068,-179.20557,0
79.76436,110.19123,0
167.20383,-49.00591,0
-36.724358,-48.119167,0
-22.383583,66.154045,0
23.668924,102.57748,0
-31.62309,-10.767023,0
-29.398888,-123.43741,0
3.69893,-95.67237,0
136.94325,35.49705,0
83.90312,-57.63377,0
-101.89702,-28.326889,0
-64.35163,96.92587,0
29.322823,77.414375,0
-30.170546,21.963394,0
-120.65764,-71.0742,0
31.34975,-50.237633,0
96.2014,70.87322,0
106.59825,-22.713423,0
-141.19041,-0.8061046,0
-116.3636,91.50297,0
-31.063942,127.95687,0
-127.50476,11.566157,0
-152.92723,-78.009605,0
59.94722,-165.12178,0
71.27312,106.31229,0
143.36557,-44.324566,0
-50.00316,-39.567707,0
-72.92639,50.447845,0
41.255993,104.02508,0
-81.313614,-14.254215,0
-82.339645,-61.226036,0
28.095892,-90.7252,0
123.35704,34.67814,0
130.34677,3.146023,0
-89.27692,-42.951523,0
-85.84679,67.51294,0
32.01632,169.48651,0
-92.89481,-5.5257106,0
-99.88701,-78.88729,0
60.85372,-114.73965,0
119.67724,111.965034,0
132.03146,0.030553248,0
-89.49522,-46.93982,0
-84.222015,63.71375,0
32.179146,173.01828,0
-93.715904,-10.02221,0
-92.52315,-72.17053,0
62.141056,-116.278694,0
84.88958,46.855404,0
73.26605,-48.28359,0
-151.83295,-38.554256,0
-69.7438,112.28642,0
-19.436174,159.96822,0
-100.68296,45.172142,0
-115.41321,-140.19315,0
25.725353,-151.26717,0
66.06008,52.393463,0
112.10767,-13.21647,0
-136.10674,-49.040707,0
-90.88355,104.7874,0
-18.816801,136.48924,0
-116.08116,4.4217663,0
-139.4018,-79.66323,0
42.936256,-165.30885,0
134.73581,69.76791,0
114.65591,-69.58297,0
-69.18821,-29.424995,0
-59.057533,61.082645,0
34.50776,136.2998,0
-62.08699,21.497751,0
-76.36819,-129.64621,0
35.889984,-110.76563,0
121.17468,32.358803,0
74.87313,10.628525,0
-156.32042,6.902526,0
-95.98614,79.38216,0
-39.32528,142.60796,0
-153.95084,31.733543,0
-105.784225,-82.8746,0
-9.278072,-155.72005,0
105.72419,63.382847,0
102.02894,0.93626237,0
-178.95132,18.460289,0
-120.4131,110.33221,0
-47.677013,171.14795,0
-134.05824,19.840109,0
-150.47177,-95.695854,0
43.35465,-171.00012,0
97.15885,36.848503,0
62.017704,-10.398566,0
-167.96822,-22.381676,0
-82.36069,117.32647,0
-9.995463,180.45695,0
-126.45654,47.13427,0
-128.62476,-114.858025,0
22.810356,-169.6487,0
136.87192,77.82382,0
117.15512,-78.95322,0
-58.824505,-28.291752,0
-55.30241,55.447067,0
37.820557,128.83804,0
-52.559986,23.060486,0
-62.022827,-87.96069,0
35.008568,-103.87025,0
66.3503,108.75156,0
143.4735,-64.60986,0
-38.14478,-36.230553,0
-32.55556,63.856766,0
29.53956,94.97176,0
-33.776142,10.702727,0
-54.72004,-138.35411,0
6.634304,-87.65021,0
94.50724,112.19963,0
158.87868,-57.5024,0
-47.24349,-43.384335,0
-24.069761,56.40876,0
27.505222,114.27372,0
-36.85844,-21.868273,0
-25.308203,-114.501366,0
14.601787,-99.72213,0
64.87806,79.877846,0
161.3718,-13.88458,0
-66.09213,-63.34674,0
-41.2518,92.46464,0
-6.3550076,96.74262,0
-68.67824,-3.2225266,0
-68.97067,-102.093216,0
-7.213654,-133.98322,0
122.890114,111.328835,0
134.01576,-0.35805488,0
-89.63741,-48.89089,0
-82.90862,63.187283,0
34.81434,173.47191,0
-91.22823,-9.911088,0
-91.34759,-72.43256,0
63.050385,-117.235916,0
97.374146,48.0102,0
76.87083,-35.678886,0
-141.00302,-32.640125,0
-80.7766,97.424446,0
-7.8037343,149.03532,0
-107.59355,28.952152,0
-113.383965,-125.101364,0
17.430466,-152.86821,0
106.70709,109.86165,0
141.15512,-39.124317,0
-80.19653,-53.64996,0
-77.308655,51.548954,0
40.27617,109.00901,0
-81.75385,-9.134395,0
-80.18722,-66.75802,0
30.690884,-87.31599,0
115.957436,69.73295,0
92.44165,-14.211082,0
-132.78354,-10.211035,0
-62.710537,86.131836,0
11.414102,140.37874,0
-96.42875,16.556585,0
-88.431244,-113.74521,0
19.356379,-127.2605,0
160.01471,44.479824,0
110.274284,-50.9341,0
60.048714,30.717714,0
9.673918,66.424706,0
10.03647,68.69699,0
-7.045455,-76.16275,0
-9.679139,-76.284706,0
31.899178,-71.2711,0
156.85193,18.097515,0
73.37002,-73.78798,0
57.68333,23.641457,0
35.573444,16.65938,0
24.115334,55.05275,0
2.5501196,-0.39035597,0
4.8166575,-3.5974102,0
36.973373,-31.883062,0
161.52373,37.286606,0
104.01628,-46.59569,0
-111.11988,-18.677805,0
29.08774,22.452452,0
18.792189,71.30728,0
-76.335236,27.529202,0
-89.23171,-95.492805,0
41.994576,-74.98383,0
83.97664,94.01063,0
154.01321,-43.31913,0
-33.0521,-61.84811,0
-18.627928,74.951355,0
12.602182,101.61299,0
-45.06457,-3.003649,0
-40.52732,-115.32354,0
0.095739104,-105.25308,0
106.96472,133.92978,0
98.983604,-127.739,1
13.056828,-59.994827,0
-5.636681,46.930683,0
74.27951,165.929,0
-2.045373,-30.82719,0
0.64101785,-65.456856,0
60.802456,-63.677723,0
73.67999,98.62497,0
161.83165,-43.782425,0
-29.754398,-53.3826,0
-30.996437,76.528076,0
17.662079,96.927155,0
-38.508747,-6.484326,0
-40.152412,-132.17969,0
-2.926227,-96.945724,0
106.65383,108.5692,0
142.83595,-38.038933,0
-82.61975,-52.18002,0
-78.79083,55.0328,0
43.051826,108.241264,0
-84.355194,-9.85411,0
-83.3352,-65.971375,0
33.837288,-89.249504,0
104.519875,92.41421,0
126.21368,-20.057398,0
-113.569145,-48.535236,0
-67.5974,138.12376,0
17.881613,177.89084,0
-99.527855,-2.7462091,0
-114.38047,-59.478172,0
64.659615,-136.18953,0
154.16066,20.476309,0
78.004036,-83.63111,0
54.545586,25.510576,0
32.97646,23.11168,0
27.877504,54.56886,0
2.3069623,3.5787952,0
5.821443,5.638147,0
42.256454,-34.151382,0
120.5869,141.89363,0
94.67981,-110.02389,1
18.952513,-45.52408,0
-9.920492,32.97719,0
76.86552,149.57518,0
11.55624,-29.175724,0
-13.307493,-55.51009,0
49.424725,-55.522015,0
81.55914,34.80063,0
64.377884,-28.965614,0
-163.04337,-31.891697,0
-79.09445,112.00303,0
-42.198,169.25797,0
-108.11399,45.976177,0
-126.02955,-126.6191,0
27.565243,-166.4143,0
112.17876,46.016647,0
84.9457,-37.680984,0
-150.46928,-20.181335,0
-79.218735,92.31287,0
-8.645376,156.05283,0
-112.08768,32.854603,0
-105.05468,-125.70095,0
11.943464,-148.18849,0
160.20757,16.850798,0
81.64843,-85.51308,0
55.61851,22.214521,0
39.21834,14.186147,0
20.878353,54.018032,0
6.4583855,0.12554766,0
7.5675077,0.20208248,0
38.4255,-27.423147,0
118.32982,138.26537,0
99.26184,-109.78981,1
14.849888,-42.587597,0
-15.832999,37.40034,0
71.17467,149.52585,0
11.723377,-34.00219,0
-11.293505,-51.46281,0
47.50424,-63.282032,0
112.031784,23.581524,0
81.74558,13.065374,0
-166.10168,11.2918415,0
-104.09132,86.09382,0
-45.362423,154.6626,0
-158.52493,38.93914,0
-117.12752,-81.36434,0
-11.115144,-169.95425,0
108.412506,56.53153,0
102.51709,-15.979589,0
-129.43686,-43.41485,0
-71.522865,75.99417,0
11.300341,150.66708,0
-107.50091,12.021094,0
-99.72401,-110.8056,0
53.382137,-160.90736,0
112.206894,144.49918,0
90.155945,-117.58369,1
14.647072,-52.209644,0
-6.088823,39.918835,0
78.52299,155.53278,0
3.335948,-25.612488,0
-6.0718083,-60.194767,0
56.174995,-58.846737,0
68.05251,63.03676,0
119.25449,-14.212451,0
-137.96793,-42.389866,0
-93.75242,101.196785,0
-26.692137,145.109,0
-121.700516,13.712068,0
-127.96539,-73.59873,0
52.219635,-154.5972,0
110.50819,29.818686,0
91.16714,-3.4282956,0
-164.0669,2.2995796,0
-93.47079,86.406136,0
-36.613438,153.28409,0
-147.99225,38.291233,0
-113.113495,-89.892395,0
-1.7035753,-163.68904,0
159.27124,10.886623,0
74.2654,-83.58992,0
46.55613,14.042572,0
23.126425,41.05342,0
23.325563,41.05834,0
17.790066,1.5241868,0
17.922718,3.4530694,0
41.484787,-24.221872,0
154.70755,12.554544,0
71.23796,-78.02447,0
48.887253,12.503621,0
29.118544,44.776714,0
28.835382,44.866215,0
14.044808,1.0424578,0
14.2532625,-0.43998367,0
42.32638,-29.000183,0
128.72342,94.95273,0
133.83847,-82.96406,0
-90.531166,-34.287952,0
-48.730045,45.29827,0
32.41031,157.0441,0
-86.65425,-25.90174,0
-81.57542,-82.80817,0
52.735096,-111.34196,0
82.71037,111.60674,0
166.05826,-50.881256,0
-38.904167,-47.3986,0
-20.583767,65.657646,0
24.489178,104.122955,0
-30.649502,-14.039646,0
-29.489391,-122.60378,0
6.9710855,-95.823784,0
155.9677,78.05972,0
153.30994,-71.43973,0
-29.099983,-75.64066,0
32.50524,35.481644,0
23.514383,85.91237,0
-25.110321,2.5851064,0
-29.058506,-97.33046,0
13.5266285,-76.414154,0
140.28502,93.14791,0
124.98777,-98.037384,0
-19.306791,-41.065437,0
-34.66531,41.549015,0
47.3834,150.1126,0
-20.247776,-26.111904,0
-44.10189,-84.89985,0
58.046978,-97.65082,0
122.20054,101.3539,0
136.89638,-0.51605606,0
-89.374756,-52.208473,0
-80.05785,63.58098,0
33.62965,175.19644,0
-90.36329,-12.498457,0
-88.82851,-70.36768,0
61.00548,-120.92693,0
121.444336,38.687088,0
85.3126,-13.756447,0
-152.68385,-3.6618235,0
-87.43895,75.68276,0
-35.693058,139.74944,0
-114.048744,17.874508,0
-100.42986,-81.5597,0
-5.784392,-151.35628,0
82.47537,86.74231,0
150.23082,-28.723415,0
-46.077374,-63.913326,0
-25.624254,87.22142,0
3.4299197,105.274864,0
-53.70097,-0.06546895,0
-51.03157,-114.31337,0
-4.6761003,-114.83961,0
113.60935,54.039616,0
88.89562,-31.777548,0
-146.87518,-22.594427,0
-79.821045,89.90355,0
-5.5973477,152.44199,0
-109.70703,25.318285,0
-102.45357,-124.7671,0
14.577041,-141.88893,0
121.27008,104.64283,0
133.45023,-10.285961,0
-96.43817,-43.929985,0
-89.605225,56.24916,0
40.78464,164.86424,0
-98.196754,-16.471182,0
-95.818184,-61.416245,0
69.103455,-125.18526,0
77.77364,93.73238,0
154.78973,-30.300554,0
-44.24554,-59.589104,0
-26.427402,83.569,0
6.397867,102.140656,0
-53.63465,-5.6860003,0
-51.02647,-122.1984,0
-7.5182233,-109.56191,0
142.13925,72.95941,0
109.61241,-81.48605,0
-57.041695,-20.836855,0
-60.57893,46.001743,0
46.600822,130.60464,0
-48.48436,28.898203,0
-61.448635,-79.574554,0
42.77889,-97.99997,0
98.65587,66.35536,0
107.866745,3.9987257,0
-180.96172,11.1695795,0
-115.35349,105.62239,0
-42.972336,177.23212,0
-135.3918,26.441277,0
-148.34207,-87.99316,0
44.76094,-178.1531,0
96.06207,24.937326,0
80.57765,-1.2362574,0
-174.6492,-5.275116,0
-102.60261,117.33982,0
-33.047356,168.92267,0
-142.33868,52.061512,0
-128.52597,-96.13349,0
3.555833,-177.98373,0
118.454025,89.84381,0
124.618095,-59.88838,0
-71.33368,-18.467268,0
-52.413376,70.21344,0
23.664812,132.09477,0
-78.327515,-0.41940442,0
-42.69744,-97.2324,0
26.464546,-111.77143,0
80.023346,65.701515,0
103.48792,-42.758938,0
-117.42616,-27.538254,0
-50.005413,107.13151,0
-2.9980295,131.28532,0
-84.072556,28.887743,0
-89.97445,-92.52507,0
42.827168,-132.52458,0
67.04494,105.98394,0
147.82014,-63.374065,0
-33.38653,-38.8298,0
-33.61467,67.427315,0
27.520363,93.27721,0
-33.677216,5.5672135,0
-49.979702,-137.74669,0
1.1946131,-89.15412,0
116.68053,63.28124,0
92.94942,-19.310633,0
-139.65926,-12.608818,0
-71.67783,79.72712,0
8.71969,160.4291,0
-104.50618,16.69587,0
-100.46079,-115.0856,0
18.134598,-132.29076,0
87.44005,32.98905,0
72.36173,-7.329194,0
-174.83128,-17.327791,0
-94.07143,116.79948,0
-22.130005,170.60202,0
-128.90868,50.069878,0
-135.84914,-116.82973,0
16.28375,-175.3677,0
106.5878,68.57268,0
102.74622,-0.8180755,0
-177.08353,19.181189,0
-122.657196,108.71653,0
11.362785,143.63235,0
-132.8985,20.236036,0
-151.44556,-95.501495,0
45.653942,-147.68353,0
123.81306,93.737755,0
128.98965,-81.74549,0
-84.495544,-33.919243,0
-43.34028,48.70213,0
34.89628,152.90408,0
-82.49609,-22.704815,0
-78.23984,-78.498184,0
48.45282,-112.637726,0
143.71585,97.88284,0
127.27505,-102.60876,0
-13.87277,-40.992043,0
-30.786459,38.392864,0
52.26067,152.85197,0
-15.662143,-26.000566,0
-39.32774,-84.28265,0
62.17141,-96.24873,0
68.28691,118.231895,0
152.51527,-76.3869,0
-25.071669,-79.19742,0
-5.0493946,73.09601,0
14.355743,84.81335,0
-21.23822,-0.5238428,0
-24.96825,-97.432335,0
17.55542,-75.5821,0
81.18187,100.679,0
158.14326,-38.108673,0
-36.2682,-58.953556,0
-18.74533,79.92326,0
13.127978,105.526665,0
-47.726902,-7.73789,0
-44.190475,-124.23325,0
3.0994701,-107.47789,0
70.003914,118.72108,0
152.13303,-75.07364,0
-24.841618,-77.64031,0
-7.198068,71.13607,0
14.498287,85.35816,0
-22.332167,-0.5281788,0
-23.299484,-95.1677,0
17.253084,-76.551254,0
151.906,18.400072,0
77.40958,-74.21148,0
53.434727,24.115269,0
58.08232,31.981047,0
29.47543,55.387474,0
2.7640517,1.3959461,0
6.488913,-6.007784,0
39.451405,-34.374905,0
103.86897,34.36534,0
78.822914,8.808828,0
-163.29799,7.9221354,0
-93.10379,90.668976,0
-43.810757,155.81802,0
-153.09299,36.028645,0
-118.40468,-84.98517,0
-8.50257,-170.91081,0
78.35689,39.438015,0
55.79497,-25.288181,0
-165.2463,-37.571857,0
-79.984,121.27107,0
-14.02615,176.86218,0
-114.46348,56.109642,0
-134.11186,-130.37271,0
24.10955,-164.22517,0
151.01274,13.309522,0
83.41448,-80.68718,0
26.094885,-15.917731,0
25.901592,-15.317126,0
12.768942,47.47888,0
26.297726,-16.056677,0
19.156542,-8.360828,0
32.53155,-20.565971,0
142.37148,31.68962,0
81.6999,-67.38292,0
21.477907,-26.718487,0
24.735765,-27.127186,0
30.47294,71.88808,0
22.654053,-26.587418,0
7.3415833,-14.633576,0
32.908085,-41.94789,0
104.168564,85.77969,0
119.96805,-32.8086,0
-106.4055,-41.54126,0
-54.61256,122.03325,0
20.104876,163.48341,0
-89.151146,4.080208,0
-107.8535,-64.958435,0
54.83531,-136.09914,0
84.39991,89.32436,0
145.38257,-30.470625,0
-42.81655,-69.45016,0
-22.43197,91.60127,0
2.7858872,112.26856,0
-50.7869,2.8111658,0
-47.88724,-109.73742,0
3.2954783,-115.417305,0
64.791115,101.19677,0
146.20795,-61.04317,0
-34.870056,-36.22766,0
-37.27874,66.4368,0
29.526402,91.28709,0
-32.855484,5.7366815,0
-50.94196,-141.75812,0
1.7942141,-86.6191,0
141.41121,89.06239,0
121.140015,-96.72374,0
-22.93614,-40.98218,0
-34.824627,45.366623,0
47.486347,146.89479,0
-24.018484,-25.070671,0
-47.908573,-87.698166,0
54.63531,-96.085365,0
102.9535,22.212358,0
88.76484,3.1899464,0
-176.88138,0.26359457,0
-103.00558,107.62119,0
-32.34749,159.0484,0
-148.7791,47.063847,0
-127.04239,-90.39775,0
0.3808468,-172.68227,0
148.48958,14.3867655,0
70.38828,-73.591515,0
58.95557,27.414532,0
47.472042,33.35057,0
36.4786,53.392418,0
0.9048421,3.824115,0
6.668542,2.1091733,0
33.146217,-25.194271,0
165.21893,8.00886,0
77.517494,-93.35832,0
36.364395,12.091938,0
13.95394,30.53573,0
14.260506,32.75819,0
16.269068,17.571676,0
19.365864,13.108694,0
40.37515,-17.234625,0
70.59236,53.9386,0
116.77153,-12.334356,0
-137.37122,-45.76793,0
-91.09609,102.54322,0
-17.581587,139.68904,0
-112.68271,6.985564,0
-129.62224,-75.75392,0
39.706112,-155.5468,0
86.18308,27.46675,0
63.716698,-2.8106077,0
-182.09409,-22.127693,0
-93.11825,125.341286,0
-24.006994,177.9708,0
-129.45367,57.42018,0
-142.66898,-110.158554,0
14.0517845,-181.24974,0
61.81387,59.338287,0
103.582855,-14.973237,0
-130.59465,-43.888943,0
-73.333664,76.05921,0
-29.335743,136.09512,0
-108.34243,11.766565,0
-141.41432,-76.82721,0
51.44139,-161.859,0
71.991356,89.610435,0
155.40573,-20.696074,0
-60.11695,-69.35998,0
-36.141216,97.48639,0
4.3220515,117.43205,0
-61.67928,-1.7608033,0
-57.687756,-102.079056,0
-7.845338,-123.66355,0
114.95118,128.74054,0
105.011024,-117.223885,1
4.1563854,-46.00571,0
-17.515558,42.97057,0
66.77081,154.98792,0
3.735559,-41.883713,0
-1.5631963,-49.36918,0
50.81607,-68.61815,0
59.274124,105.454544,0
141.33556,-62.19032,0
-39.019592,-31.966324,0
-36.545155,62.43524,0
33.660404,93.47562,0
-37.331844,10.232699,0
-57.090572,-141.44098,0
8.2909155,-85.88164,0
155.02008,12.950256,0
71.02268,-78.65196,0
48.432545,12.466703,0
28.493015,45.460396,0
28.16264,45.560917,0
14.212324,0.4797062,0
14.583661,-0.988495,0
42.956173,-29.190231,0
77.528915,100.199745,0
157.41788,-42.99325,0
-32.04567,-58.329334,0
-21.336422,75.02143,0
13.645448,97.71498,0
-41.555737,-4.226209,0
-38.694004,-127.93517,0
-3.481191,-102.17101,0
115.8372,59.066814,0
94.26828,-25.223152,0
-126.47497,-14.744866,0
-66.30575,84.40614,0
6.762562,140.93462,0
-90.703476,20.248451,0
-93.18052,-112.33195,0
26.629951,-131.46082,0
69.18031,91.957695,0
155.37122,-28.301798,0
-46.76685,-59.556152,0
-28.737986,83.824196,0
4.3686557,102.28009,0
-55.824585,-4.4775863,0
-52.250862,-119.74366,0
-9.354922,-113.492905,0
91.9538,76.48829,0
108.18524,-28.621687,0
-135.8296,2.35615,0
-115.63954,86.911644,0
-27.360844,122.073044,0
-131.69598,6.12038,0
-156.87679,-71.41149,0
63.795757,-159.11775,0
102.40877,110.27586,0
139.50006,-40.804073,0
-78.26657,-54.79587,0
-77.240425,49.724796,0
39.92185,110.70596,0
-82.92588,-11.764365,0
-77.73858,-64.846054,0
28.672688,-87.08221,0
159.67535,43.845615,0
110.675575,-50.269287,0
59.548573,31.624245,0
9.957304,65.88705,0
10.557622,68.716,0
-7.524454,-75.52069,0
-10.582532,-75.81071,0
31.808193,-72.3692,0
136.1758,75.27965,0
115.60636,-78.59002,0
-58.55992,-25.526308,0
-59.935936,50.836803,0
39.2913,134.35274,0
-51.6071,23.740076,0
-63.51921,-87.68126,0
34.55652,-100.20597,0
110.08143,39.90619,0
85.20534,-26.077358,0
-141.97617,3.3628244,0
-121.16121,91.842735,0
-32.354416,123.84855,0
-125.353775,27.057928,0
-153.92537,-82.697784,0
2.4529026,-150.81734,0
69.64632,94.41099,0
153.94382,-17.31528,0
-50.489082,-58.04052,0
-33.116142,84.4007,0
-8.1591835,101.20803,0
-63.136803,0.07169102,0
-58.1576,-121.728905,0
-5.000935,-128.87096,0
121.44895,29.310331,0
70.160164,12.2247305,0
-154.31021,10.935499,0
-97.162056,76.742485,0
-44.07572,143.83199,0
-151.84009,30.24066,0
-107.57214,-81.247894,0
-13.765686,-155.6354,0
106.17059,32.82916,0
73.433235,-4.5829697,0
-177.5501,-15.33916,0
-93.03487,120.00413,0
-23.178253,166.13828,0
-131.76167,49.922356,0
-134.85605,-115.08233,0
11.897299,-174.67053,0
148.32402,45.78136,0
98.215096,-52.955647,0
-117.87862,-15.346112,0
46.888657,43.751747,0
-0.21930479,60.262665,0
-83.70137,22.606138,0
-98.23583,-91.60312,0
47.52374,-82.955215,0
110.19481,106.51364,0
142.20099,-47.263245,0
-49.284576,-37.278713,0
-71.96474,54.283623,0
39.705597,102.84345,0
-79.12677,-14.532236,0
-76.93432,-67.5751,0
26.79714,-89.4495,0
103.218216,51.849575,0
79.288506,-21.502775,0
-137.47516,-23.978355,0
-87.38214,102.686424,0
-13.551182,143.7827,0
-120.46472,19.603062,0
-119.65923,-107.437225,0
34.287746,-165.1567,0
170.32542,15.21995,0
85.950066,-86.02782,0
45.95207,1.2178086,0
43.12105,-0.47540238,0
6.866619,46.03316,0
44.707546,0.4082354,0
47.85038,1.7847847,0
43.3084,-9.763819,0
65.50524,96.40323,0
137.66809,-69.12026,0
-42.21412,-26.898142,0
-40.78994,68.01925,0
35.18824,118.85264,0
-37.953793,16.406713,0
-62.29928,-134.21535,0
16.855118,-90.43267,0
144.23752,100.759315,0
118.82812,-19.315489,0
-125.96939,-52.34482,0
-56.081005,86.63493,0
26.232628,133.46863,0
-106.49227,3.1981132,0
-128.6058,-65.7943,0
52.204918,-150.14275,0
78.50799,65.863304,0
99.812164,-49.13116,0
-120.39523,-22.258856,0
-55.635826,106.24338,0
-6.989918,126.33195,0
-83.5452,33.26033,0
-94.20825,-95.843544,0
38.674587,-135.39787,0
152.84747,19.810091,0
76.86646,-75.20611,0
58.055077,12.894463,0
58.653507,31.822735,0
29.229612,53.700462,0
6.2827644,9.553669,0
8.258004,5.165085,0
40.832355,-33.115837,0
95.12408,50.12732,0
75.02253,-35.83148,0
-140.07024,-32.354538,0
-75.83594,100.54879,0
-7.2897983,145.03073,0
-104.32903,30.13921,0
-114.40222,-123.40464,0
28.256485,-145.35118,0
121.560875,101.83437,0
136.79874,-0.56040645,0
-89.18388,-51.977615,0
-79.97163,63.264515,0
34.011154,175.59111,0
-90.18566,-12.226702,0
-88.89637,-70.54584,0
60.981308,-120.42611,0
67.66249,103.39396,0
147.98726,-59.930065,0
-36.744907,-38.250763,0
-39.943867,67.75028,0
28.66776,94.089165,0
-33.711132,4.148769,0
-50.4154,-139.10329,0
4.3888407,-87.90739,0
103.09476,137.89003,0
96.88627,-124.789955,1
10.654475,-63.17456,0
-7.097805,44.202686,0
75.97908,161.89233,0
-4.251252,-28.466572,0
4.0784864,-66.29307,0
58.588318,-61.63969,0
116.210625,104.24319,0
136.00246,-7.0726247,0
-86.806816,-45.491863,0
-86.02384,55.119453,0
34.60739,167.48375,0
-89.16172,-15.587937,0
-89.7333,-66.554634,0
57.41615,-119.56837,0
96.28587,24.36306,0
80.772415,-2.2116241,0
-173.58627,-6.059628,0
-103.67826,118.87521,0
-33.82664,170.06918,0
-142.30919,53.141632,0
-127.6397,-97.15476,0
3.5232275,-179.70982,0
68.424164,87.33244,0
158.3969,-19.652336,0
-60.26485,-66.62794,0
-38.419075,92.13382,0
-0.067844935,99.614174,0
-62.25633,-5.9471316,0
-60.936142,-102.76199,0
-12.557365,-121.98947,0
68.10265,50.222874,0
114.85428,-10.589799,0
-138.34218,-47.053455,0
-100.66063,93.754776,0
-19.940113,139.71289,0
-114.5413,7.6846995,0
-133.09016,-76.863914,0
42.015102,-157.18314,0
70.50184,121.63271,0
153.47568,-80.85095,0
-22.21712,-84.99572,0
-5.463905,77.43797,0
13.65413,115.41147,0
-18.754215,-5.0216746,0
-21.847359,-90.3925,0
18.007162,-70.65353,0
88.17017,44.764164,0
61.289402,-39.58735,0
-145.16508,-39.03123,0
-66.20114,118.41507,0
-14.757454,162.56535,0
-107.09055,50.815647,0
-116.40263,-134.20412,0
27.579075,-159.48775,0
105.97327,137.39313,0
100.15114,-127.816025,1
11.278936,-58.300205,0
-8.874506,47.675472,0
70.97252,164.11186,0
-1.9175247,-31.906727,0
0.39899483,-62.698822,0
60.53458,-66.425224,0
153.03378,18.022358,0
76.82699,-74.65823,0
57.887966,12.878473,0
55.976326,34.15126,0
30.05127,54.677155,0
6.512032,9.033724,0
8.310681,4.639493,0
39.596916,-33.644176,0
170.71205,5.01469,0
83.489784,-94.95718,0
31.213661,-0.6951838,0
31.950369,-8.01846,0
12.214119,42.88814,0
30.671995,-3.7506056,0
31.662823,2.8878043,0
35.997795,-14.2210865,0
80.09165,53.41345,0
55.795284,-21.668781,0
-171.76277,-35.06068,0
-77.54582,118.63667,0
-12.291491,177.9592,0
-117.405334,55.53002,0
-126.42119,-127.603745,0
22.728563,-166.22012,0
153.43849,17.294847,0
76.44777,-74.282455,0
56.376038,12.491922,0
55.023212,34.598877,0
30.969534,55.155823,0
7.977432,7.963779,0
8.903541,3.460904,0
39.471436,-33.327404,0
85.05864,64.94813,0
95.20357,-49.49835,0
-120.49842,-17.748533,0
-56.346535,101.13019,0
0.44739014,135.39441,0
-88.782974,32.102673,0
-88.65663,-99.18017,0
34.316936,-135.69998,0
81.95531,47.722965,0
71.06255,-46.810852,0
-150.81453,-40.939095,0
-66.72553,110.59558,0
-20.54759,157.84941,0
-98.127106,43.9094,0
-114.19394,-142.46687,0
28.449694,-151.89485,0
101.81942,75.09932,0
111.64576,-24.542898,0
-139.27707,6.69961,0
-123.17935,88.40653,0
-32.06598,121.17384,0
-134.86192,10.357275,0
-160.05307,-78.1769,0
66.07563,-162.15201,0
105.76822,92.45106,0
128.62883,-20.35735,0
-114.3992,-51.104115,0
-69.46923,140.12447,0
16.856895,180.6656,0
-102.28572,-3.6238403,0
-116.983795,-58.372166,0
67.996,-137.75237,0
90.55381,112.53274,0
162.86221,-54.62546,0
-41.704987,-46.818806,0
-21.644316,62.3241,0
25.841475,107.30069,0
-33.070786,-17.186596,0
-27.990438,-119.72917,0
8.712269,-98.194275,0
143.58476,32.005493,0
82.419304,-69.12514,0
21.570522,-29.252499,0
24.750538,-28.779789,0
29.415333,71.474724,0
23.059263,-29.033148,0
19.741503,-29.721388,0
31.873293,-40.75862,0
116.80752,37.443504,0
109.4422,0.6147994,0
-176.48141,11.053057,0
-117.12621,101.879814,0
-45.604073,180.09973,0
-130.96054,26.837868,0
-152.45122,-86.53361,0
49.725266,-177.2959,0
62.198814,102.803955,0
142.39441,-58.71475,0
-43.714165,-35.1446,0
-40.12061,59.260616,0
37.056423,99.20014,0
-39.490105,7.205953,0
-55.45153,-143.12997,0
11.299014,-83.841095,0
119.045166,58.272396,0
90.23725,-22.716644,0
-141.79974,-14.3753605,0
-73.25166,82.46083,0
3.3377373,153.6672,0
-106.12021,19.954725,0
-97.71556,-118.783295,0
16.351488,-134.01866,0
127.78829,79.11075,0
125.023346,-74.190865,0
-56.200718,-35.671318,0
-46.21697,55.808834,0
30.291903,126.26677,0
-52.18428,14.90224,0
-58.08826,-93.66465,0
26.440561,-103.164085,0
148.0359,32.40885,0
83.58987,-74.23071,0
25.943377,-36.53185,0
27.12583,-35.43608,0
26.09221,69.03959,0
26.822897,-36.422157,0
25.072542,-36.76976,0
28.007978,-37.32207,0
99.86037,85.46244,0
117.88344,-35.453384,0
-105.57179,-37.57034,0
-53.121445,118.36983,0
20.533146,166.4207,0
-86.2414,5.100899,0
-104.59203,-63.631298,0
53.367603,-133.1841,0
137.71913,63.136524,0
108.4823,-67.31042,0
-75.74905,-31.328379,0
-65.95733,59.426033,0
35.42229,142.26427,0
-63.638798,28.955667,0
-83.1707,-133.52974,0
40.09358,-115.56277,0
92.444336,26.5571,0
81.39393,1.128412,0
-177.53688,-3.876756,0
-100.900925,113.176926,0
-32.830402,162.68436,0
-142.00536,47.864082,0
-131.66197,-93.85163,0
4.4317465,-176.28383,0
74.237946,93.150024,0
153.12398,-31.613815,0
-44.31941,-62.110954,0
-24.46947,85.832306,0
5.2009926,104.914085,0
-52.285828,-3.3974552,0
-49.326538,-118.05577,0
-4.4471273,-111.64292,0
75.68538,33.132774,0
69.657524,-23.027868,0
-160.30019,-29.965357,0
-77.383675,115.63349,0
-2.6496043,170.89516,0
-113.17765,45.81218,0
-122.92832,-125.47255,0
16.879992,-160.16147,0
97.780045,48.02804,0
79.996185,-34.33376,0
-147.88002,-24.532671,0
-81.44547,97.50421,0
-7.6887283,150.86371,0
-109.8703,28.325994,0
-111.825035,-125.71378,0
15.074412,-153.68227,0
92.17663,61.974377,0
101.45703,5.9434876,0
-184.44614,16.916319,0
-116.97436,111.75607,0
-43.792877,170.84695,0
-139.249,20.692299,0
-143.55116,-94.47171,0
40.86744,-172.51251,0
115.46242,142.5409,0
91.151855,-112.45568,1
20.686365,-48.939747,0
-6.3624587,34.502247,0
81.39235,149.65944,0
8.560005,-25.8461,0
-13.200856,-58.93553,0
52.770096,-54.994175,0
103.45682,59.256866,0
76.09086,-11.751418,0
-167.33884,-12.468782,0
-90.03837,110.77952,0
6.2974324,164.96698,0
-131.79506,38.194164,0
-128.92024,-105.333755,0
29.515757,-177.9415,0
117.34976,106.530106,0
134.25978,-2.9016848,0
-90.57502,-51.334564,0
-80.53463,60.591503,0
35.273586,174.96194,0
-92.124245,-11.751194,0
-91.42596,-68.93016,0
63.906147,-120.74797,0
116.967926,25.762094,0
77.1268,12.462309,0
-160.88602,10.315745,0
-99.30565,82.04908,0
-44.302975,149.64497,0
-156.46313,33.911804,0
-112.689384,-80.966446,0
-10.077723,-162.83868,0
99.255035,73.86198,0
108.6199,-23.263908,0
-140.50804,1.5339199,0
-119.37949,91.81617,0
-30.80147,125.91825,0
-129.72392,11.013678,0
-155.78568,-76.83492,0
60.642994,-163.75648,0
105.267075,72.47871,0
150.17331,-11.030337,0
-71.52104,-59.51249,0
-46.676888,92.09208,0
-15.121018,108.32744,0
-68.94406,3.5998995,0
-68.75123,-114.13992,0
1.3076497,-134.47087,0
90.830055,57.857777,0
72.98963,-30.997824,0
-136.75348,-28.277308,0
-71.2766,102.52236,0
-11.642344,140.54987,0
-98.4,30.404816,0
-114.27388,-110.07467,0
35.093544,-149.96855,0
66.28229,101.33665,0
146.60909,-62.678425,0
-34.75005,-35.45083,0
-35.78906,65.788155,0
29.193739,91.798454,0
-32.242607,7.231102,0
-51.1425,-140.91139,0
3.8009639,-85.16916,0
78.06419,34.50654,0
60.9078,-25.412083,0
-167.58946,-35.82544,0
-76.14288,124.35561,0
-11.149625,171.85744,0
-113.389366,49.625355,0
-130.00974,-129.4581,0
18.292976,-163.45549,0
145.9099,21.441635,0
80.53519,-71.64075,0
47.319363,28.596968,0
35.81162,30.44945,0
34.708855,61.630856,0
-5.5890446,-0.08839589,0
6.7504973,-9.699912,0
36.148926,-38.68904,0
114.5958,140.2776,0
90.77158,-111.855225,1
21.221571,-48.475746,0
-5.0833607,34.48555,0
79.14173,148.34967,0
8.931658,-25.857845,0
-13.977391,-58.74049,0
51.43344,-53.41434,0
100.15859,67.721405,0
109.49989,1.8237692,0
-178.41449,10.74654,0
-116.05179,102.53815,0
-44.25543,179.54262,0
-132.23186,26.168648,0
-150.9674,-87.306175,0
47.49107,-177.61319,0
113.253876,113.086655,0
127.13782,-12.288652,0
-102.49758,-52.830948,0
-73.89023,60.64104,0
43.064877,161.71217,0
-86.54661,-15.263893,0
-74.88644,-69.183556,0
58.33165,-125.651855,0
141.73177,42.00389,0
97.36914,-58.802887,0
33.722107,36.841095,0
-35.574924,29.931313,0
39.721245,70.37336,0
-13.299536,6.432378,0
-2.288324,-18.906107,0
37.77802,-54.364117,0
62.26609,88.1949,0
166.79904,-18.350227,0
-63.41585,-56.720074,0
-43.317825,85.456436,0
9.910608,120.02385,0
-69.046616,-11.318173,0
-71.56852,-104.973495,0
-13.504579,-135.68948,0
143.43233,77.135025,0
113.910675,-85.91852,0
-63.244747,-20.466816,0
-62.695713,52.4317,0
44.559505,136.40363,0
-53.815617,31.380047,0
-68.5978,-80.910255,0
43.565834,-104.90007,0
157.80348,44.310287,0
112.54814,-50.83836,0
55.41675,36.648533,0
9.560146,64.12783,0
11.2023115,70.21104,0
-8.641614,-72.53754,0
-12.565451,-75.45367,0
32.132553,-73.43387,0
101.987274,75.38145,0
112.42773,-24.509636,0
-139.09544,7.5259166,0
-124.19252,87.76625,0
-31.963772,120.26948,0
-135.97366,9.992585,0
-160.9863,-78.2581,0
66.83913,-161.28561,0
72.8584,117.94385,0
150.286,-72.274,0
-24.530127,-74.52755,0
-9.058495,70.651985,0
14.640084,88.60209,0
-22.928535,2.2457676,0
-27.5564,-94.363235,0
20.947964,-78.9325,0
98.10905,74.979195,0
108.80879,-25.83453,0
-138.81107,2.2763834,0
-119.78483,88.642586,0
-29.655964,123.33858,0
-131.4907,9.54774,0
-157.62416,-75.150116,0
62.81826,-162.25076,0
131.69078,48.73203,0
132.49426,-53.001144,0
31.175116,36.26482,0
-55.399643,79.72,0
7.8620405,134.23416,0
-15.832743,7.081334,0
-85.4249,-105.41785,0
18.011814,-119.35637,0
77.03854,50.172234,0
63.515427,-39.48273,0
-143.23155,-40.49734,0
-62.83862,117.27004,0
-10.938576,114.48182,0
-105.0545,54.695568,0
-125.82481,-137.99518,0
27.670519,-157.62749,0
109.4816,59.952366,0
70.101776,-25.695047,0
-124.36098,-16.479614,0
-61.89949,93.62778,0
-4.9140816,167.84009,0
-109.33677,43.274067,0
-95.880486,-105.06072,0
28.907606,-135.80875,0
107.45595,106.78419,0
142.14139,-40.105865,0
-80.240005,-52.491035,0
-76.44933,52.20959,0
39.59558,108.10886,0
-80.91595,-10.200534,0
-80.26322,-65.68646,0
30.372849,-88.57135,0
90.906586,36.44361,0
65.44451,-21.317911,0
-165.69965,-29.074972,0
-79.43893,129.46735,0
-8.787497,165.27782,0
-116.73182,45.31509,0
-127.459595,-122.88589,0
12.221463,-164.10855,0
67.592094,75.135506,0
150.31842,-11.959944,0
-70.43877,-60.18338,0
-46.46263,91.927216,0
-14.587543,108.00086,0
-68.63607,3.1555877,0
-67.77915,-113.79843,0
-0.033729732,-133.85051,0
117.31664,25.025099,0
77.70959,13.728014,0
-162.15965,11.910994,0
-101.48692,82.340294,0
-45.716404,151.02116,0
-158.03796,34.29367,0
-113.74206,-79.4977,0
-12.321813,-164.5982,0
125.06946,95.51286,0
127.992294,-83.65334,0
-81.59372,-32.710243,0
-52.151752,48.0279,0
36.853683,151.5541,0
-83.89865,-21.101469,0
-77.60816,-77.646416,0
46.726986,-112.48123,0
107.65526,29.56386,0
90.554504,-2.218233,0
-164.37546,1.6593416,0
-97.96103,106.25673,0
-35.502243,153.12598,0
-148.54338,40.079414,0
-115.3059,-89.69997,0
-1.8504455,-166.56528,0
54.762497,96.21727,0
97.91925,-5.476305,0
-116.72947,-45.38994,0
-70.425064,135.48865,0
12.004665,175.78954,0
-99.33155,2.4739897,0
-122.03082,-78.64112,0
62.183075,-140.5435,0
113.02617,58.17447,0
86.98894,-24.245127,0
-146.87502,-10.873692,0
-84.68874,88.80501,0
8.13219,152.37476,0
-107.69696,15.623156,0
-104.74371,-116.61746,0
38.344986,-168.53857,0
132.8481,76.93537,0
117.166954,-76.54498,0
-57.70374,-29.77047,0
-53.390846,53.65332,0
37.01158,128.18507,0
-50.251133,21.544699,0
-60.865376,-89.24019,0
34.963364,-101.978,0
105.62453,81.64533,0
120.82421,-31.323112,0
-106.52676,-43.07877,0
-55.62444,121.494606,0
18.897572,161.85876,0
-90.71111,3.5215104,0
-108.3461,-67.18999,0
54.696785,-138.06516,0
148.75304,46.46373,0
96.47951,-46.907806,0
-116.218605,-18.157505,0
46.64172,43.54082,0
0.69131726,60.13306,0
-81.95649,20.756618,0
-89.807175,-100.7343,0
47.98327,-85.02739,0
99.97181,34.568146,0
68.793526,-9.180107,0
-173.72794,-21.873377,0
-88.38085,129.72661,0
-18.964924,179.96188,0
-132.48776,44.405945,0
-132.4032,-109.9851,0
22.523924,-180.17961,0
90.14437,28.94035,0
72.55609,-5.3914127,0
-177.17378,-16.666227,0
-93.66317,118.71552,0
-23.343868,171.78282,0
-133.74405,49.941277,0
-138.31871,-117.40108,0
14.231675,-174.27446,0
70.61199,72.68779,0
148.281,-11.92163,0
-70.622765,-58.83799,0
-47.282402,93.48598,0
-11.994058,110.23482,0
-69.56583,2.3993378,0
-68.151985,-111.349754,0
-1.9621196,-134.77309,0
122.766304,111.72489,0
133.36165,-0.5447979,0
-89.92331,-48.168537,0
-83.35943,63.61125,0
34.89246,172.60185,0
-91.67281,-9.639542,0
-92.09883,-70.73111,0
63.48417,-117.31018,0
110.66767,40.729237,0
88.857956,-37.445705,0
-150.22105,-15.666738,0
-84.63446,90.81958,0
-15.165721,155.5872,0
-117.67425,34.149445,0
-98.28944,-129.51172,0
-3.237553,-141.72469,0
108.553894,38.89236,0
83.861176,-27.383991,0
-152.66104,-13.053579,0
-89.23696,91.59483,0
-18.906927,152.1767,0
-120.88921,27.361538,0
-108.66402,-119.93877,0
4.678566,-151.76662,0
79.051155,89.87887,0
153.20291,-29.194103,0
-45.376686,-61.27398,0
-26.07305,85.30361,0
4.4389544,103.694305,0
-54.41048,-3.0313437,0
-51.028225,-118.711555,0
-7.836319,-114.2953,0
83.277054,59.561512,0
65.31374,-12.378957,0
-165.20279,-21.581972,0
-80.25172,112.20983,0
-10.676658,183.80768,0
-129.1651,45.681282,0
-127.904915,-112.27383,0
26.40157,-169.60918,0
103.50531,137.34218,0
97.66527,-125.11595,1
10.25918,-62.5913,0
-7.3395734,44.914345,0
74.59154,163.05894,0
-4.4770803,-29.364275,0
3.439831,-65.41236,0
59.41403,-63.04043,0
79.4536,62.21588,0
102.06375,-49.08255,0
-121.39732,-23.991625,0
-55.54596,107.743256,0
-8.068902,128.08182,0
-85.02705,33.97229,0
-93.37027,-93.42326,0
40.42061,-136.41162,0
70.06342,55.785812,0
84.1475,-56.44356,0
-134.12657,-46.986122,0
-105.20384,91.88861,0
28.662611,78.18112,0
-114.95658,2.0460923,0
-134.33871,-72.4836,0
30.590265,-51.342216,0
71.62303,95.514305,0
155.01584,-30.9364,0
-43.785908,-59.856384,0
-25.722559,82.22655,0
7.345151,101.26276,0
-53.124542,-5.124254,0
-50.296543,-121.821304,0
-7.679851,-108.347664,0
75.56322,41.270267,0
58.739025,-20.996637,0
-170.28926,-33.872128,0
-78.474915,120.76557,0
-13.1614485,177.02536,0
-118.40035,53.049107,0
-132.05438,-123.67455,0
19.525475,-166.58817,0
91.03496,55.368347,0
74.42984,-41.083183,0
-144.18144,-31.891428,0
-70.8128,96.973366,0
-4.5292845,143.64813,0
-100.69682,35.959522,0
-104.43874,-134.30463,0
29.607904,-148.05548,0
82.78257,85.42177,0
148.68858,-29.30244,0
-44.416973,-66.33709,0
-21.84789,89.58381,0
5.1265197,108.88467,0
-53.261147,1.2306441,0
-51.326267,-113.08723,0
-2.0518177,-114.61883,0
118.924255,112.234146,0
132.77959,-3.8982584,0
-92.22415,-51.510033,0
-80.81967,60.12504,0
39.775333,169.02458,0
-94.99649,-12.999393,0
-93.30234,-63.88784,0
65.66545,-121.49193,0
100.03619,20.28217,0
86.845406,5.334155,0
-172.97789,0.7543523,0
-105.18324,111.101036,0
-37.279358,163.39131,0
-150.49638,51.009922,0
-123.55259,-90.58053,0
-1.5309072,-177.64839,0
84.25785,29.792608,0
64.851524,-2.6153877,0
-181.32646,-21.091486,0
-91.85202,125.6341,0
-24.273087,179.0843,0
-130.40736,58.20932,0
-141.56166,-111.07242,0
15.200086,-181.85489,0
156.74577,57.97853,0
95.90244,-75.82955,0
-7.560003,13.941576,0
-6.0807047,16.008564,0
42.814514,83.858795,0
-6.796983,14.980647,0
-8.580507,12.711195,0
32.500584,-62.982113,0
84.318184,95.48906,0
153.84352,-38.995743,0
-37.282753,-63.50563,0
-19.323715,84.94558,0
10.054854,106.09609,0
-47.3232,-3.1093628,0
-43.949192,-114.57454,0
0.71045583,-109.562675,0
84.468216,92.05894,0
148.57861,-31.396793,0
-43.487556,-66.277176,0
-21.064367,88.15613,0
5.8575754,108.83856,0
-51.015648,0.39031312,0
-48.333336,-113.096146,0
-1.1350476,-113.52029,0
96.98598,25.489712,0
79.59766,-1.7417103,0
-174.73311,-5.904707,0
-102.421074,118.07486,0
-32.024635,170.52257,0
-141.32887,52.914318,0
-127.73264,-96.28829,0
3.47349,-178.55698,0
92.57539,86.36441,0
139.16418,-29.24667,0
-44.672085,-71.458534,0
-20.188324,95.91381,0
1.0908369,116.2182,0
-74.11788,0.3383615,0
-50.322147,-109.08013,0
5.584809,-118.54968,0
99.25936,57.805935,0
69.84802,-11.179251,0
-129.45601,-25.401228,0
-62.321247,101.80335,0
-7.001544,139.3193,0
-132.43771,42.191895,0
-130.86641,-109.20759,0
39.24173,-141.3876,0
119.01267,37.92538,0
87.82519,-12.649061,0
-154.74649,-3.166925,0
-85.15173,78.967155,0
-27.50729,150.75612,0
-142.56184,32.392925,0
-105.886086,-88.964905,0
-0.59112674,-154.4797,0
108.92837,63.244434,0
97.62795,-26.517193,0
-131.32458,-13.369425,0
-64.743004,87.16145,0
10.602667,142.1807,0
-98.217476,18.619677,0
-89.94329,-116.08024,0
26.56568,-134.93445,0
67.10514,107.45655,0
147.47441,-63.59449,0
-33.334625,-37.210285,0
-34.0675,67.307175,0
27.869177,92.36059,0
-33.62369,6.5128922,0
-50.31989,-137.37462,0
1.8599687,-87.65783,0
142.68124,47.38685,0
107.48638,-40.838608,0
-112.53959,-25.973951,0
39.877514,39.243,0
3.2802548,54.226185,0
-85.704025,17.893843,0
-86.74939,-90.16473,0
46.22588,-89.53019,0
145.83488,93.05449,0
122.860405,-104.42916,0
-15.278116,-35.35534,0
-28.413748,44.019268,0
53.792263,148.33524,0
-15.857321,-30.69916,0
-40.172276,-90.722984,0
60.668575,-92.27155,0
120.84114,140.00557,0
96.91329,-107.86721,1
17.588684,-42.376347,0
-15.336882,32.485397,0
72.66784,146.79517,0
12.862133,-31.389189,0
-14.667312,-53.421047,0
47.48146,-56.351665,0
116.5473,70.93255,0
96.56887,-8.216722,0
-117.42031,-42.911537,0
-60.67656,80.37219,0
15.400069,141.474,0
-99.21086,5.1859074,0
-109.89065,-97.645386,0
24.448168,-124.44268,0
89.34067,26.279657,0
75.52768,-0.5038393,0
-181.25119,-10.030253,0
-97.94431,112.31245,0
-28.275143,162.48932,0
-137.13446,45.96933,0
-133.25569,-99.40876,0
8.9227915,-181.5718,0
97.1809,62.96407,0
105.102806,5.9149594,0
-183.32326,14.295704,0
-114.61038,110.621544,0
-41.995266,173.1802,0
-138.2301,23.747948,0
-145.69041,-90.35009,0
41.246975,-175.95528,0
115.29927,81.519745,0
125.15723,-51.268356,0
-71.77858,-49.163227,0
-49.328205,85.35784,0
9.784998,126.915146,0
-73.648056,4.853947,0
-74.43809,-111.93966,0
10.102279,-114.664635,0
119.102066,133.60995,0
99.982544,-111.918724,1
13.208402,-45.413532,0
-13.645895,36.91153,0
72.402115,150.73587,0
8.768046,-34.050026,0
-8.631863,-51.990696,0
47.434967,-61.15805,0
146.78517,31.972963,0
83.32277,-72.44403,0
23.603317,-33.373306,0
26.04245,-32.416748,0
27.444174,69.68007,0
24.805845,-33.419983,0
22.216093,-33.739033,0
29.392477,-38.59473,0
100.15153,37.90291,0
61.069523,-11.271643,0
-166.80267,-22.991438,0
-80.49551,115.13574,0
-9.718765,181.97766,0
-127.13909,46.321613,0
-126.79328,-115.1437,0
24.30387,-169.17381,0
117.53843,76.01437,0
132.06053,-64.59345,0
-48.870422,-31.13293,0
-48.257874,70.6988,0
30.55301,123.13947,0
-65.63443,11.214946,0
-85.74267,-113.598015,0
19.744097,-96.5131,0
118.884,26.157305,0
75.72934,13.2319975,0
-159.67569,11.649041,0
-99.80641,79.83621,0
-45.185757,147.96834,0
-157.2523,32.349037,0
-111.81044,-79.202614,0
-13.111491,-162.8969,0
76.06328,82.11951,0
143.78033,-22.003645,0
-49.64107,-73.00268,0
-26.314106,97.73964,0
-5.355821,113.06671,0
-56.008514,7.6357355,0
-56.763798,-108.24058,0
0.8481046,-121.37939,0
82.232025,120.26258,0
165.75827,-61.937675,0
-28.002844,-66.94857,0
-13.389163,62.355743,0
30.907171,109.54666,0
-26.544205,-15.868775,0
-31.375912,-108.41753,0
12.832264,-93.75565,0
100.559975,57.23148,0
74.16798,-11.950116,0
-167.63026,-14.839513,0
-86.609535,110.94979,0
-4.095029,183.66846,0
-130.96184,39.71559,0
-127.68583,-106.57187,0
27.215443,-175.7044,0
166.21202,9.538967,0
79.38977,-94.212906,0
38.528107,12.441045,0
11.885138,31.801369,0
12.4001045,33.757557,0
13.937556,17.205912,0
17.499739,13.908328,0
39.87011,-16.13542,0
92.15186,107.55074,0
157.53781,-52.48577,0
-46.054268,-49.65341,0
-18.355904,58.161644,0
22.695227,110.328415,0
-38.689632,-17.195301,0
-31.483324,-114.51703,0
9.226257,-103.1,0
118.704185,29.823614,0
76.7686,8.750214,0
-156.93631,5.2993865,0
-94.06558,79.69374,0
-37.51207,143.62625,0
-151.71072,33.090965,0
-106.391266,-84.250114,0
-7.998045,-156.22609,0
85.70109,22.42239,0
63.931107,1.3531951,0
-185.67632,-18.779463,0
-66.08531,108.283875,0
-18.49738,167.53174,0
-132.42798,61.973484,0
-142.10973,-104.81997,0
13.823667,-186.4357,0
63.19132,108.0915,0
139.13483,-59.15503,0
-40.873127,-38.15203,0
-33.35728,61.400314,0
31.716187,97.06226,0
-36.944668,8.294038,0
-55.24349,-136.98988,0
9.237739,-87.682495,0
153.09271,33.538742,0
88.07849,-77.95135,0
-4.9587197,12.341725,0
-4.26024,13.72542,0
12.474042,50.700314,0
-4.5179644,12.961229,0
-5.4607077,11.524569,0
34.14625,-65.508766,0
118.20606,31.708626,0
73.84417,7.2389874,0
-158.72017,3.3460288,0
-93.42209,81.399055,0
-38.172714,147.3087,0
-148.9102,33.716606,0
-109.70895,-85.87048,0
-7.590396,-158.87767,0
142.07825,78.07164,0
113.35785,-82.80791,0
-59.917408,-22.147018,0
-59.41432,47.853275,0
44.730183,128.89406,0
-53.058624,29.05626,0
-64.13479,-82.70217,0
41.034264,-101.96775,0
171.83168,6.4669795,0
84.927444,-93.5342,0
28.135143,-5.2073903,0
30.100159,-8.320653,0
11.699815,44.419926,0
28.559566,-5.966657,0
29.62089,2.0593176,0
34.641468,-16.063557,0
78.268036,37.952354,0
56.721146,-24.964115,0
-165.01509,-37.69461,0
-74.25202,124.66358,0
-12.803656,175.5713,0
-114.64598,54.05467,0
-133.24384,-129.938,0
22.617085,-162.0181,0
99.97057,48.668755,0
79.33544,-35.47427,0
-147.4922,-25.48895,0
-81.58952,98.61421,0
-7.0628943,151.84908,0
-108.88658,29.453585,0
-115.32876,-128.3596,0
16.597668,-154.35098,0
117.01674,31.800375,0
75.10622,6.5636497,0
-160.26085,2.8396547,0
-92.646965,84.980545,0
-36.274933,149.65166,0
-149.08194,35.37982,0
-110.593605,-87.453415,0
-4.4783983,-161.69002,0
79.18465,93.776665,0
154.28862,-34.88197,0
-39.59276,-60.858833,0
-20.55964,80.332405,0
13.484642,103.805405,0
-50.589893,-6.1190248,0
-46.83854,-119.02498,0
-2.9877665,-109.10396,0
92.65728,109.09145,0
158.92068,-53.87023,0
-45.568405,-47.732903,0
-19.508043,57.643738,0
24.920404,111.00887,0
-37.2763,-18.424114,0
-29.394022,-115.045006,0
10.985394,-100.87702,0
103.23968,58.317345,0
76.92541,-11.558304,0
-168.35724,-12.385881,0
-88.889465,109.788925,0
5.759958,163.96217,0
-132.28284,36.912914,0
-128.29956,-104.43166,0
32.00844,-174.4216,0
156.78172,10.650472,0
72.65765,-82.84213,0
50.439766,14.105815,0
22.50018,43.707268,0
22.820303,44.18759,0
15.072111,7.052498,0
15.7824745,4.712414,0
42.438564,-25.66424,0
106.237724,78.38095,0
118.09326,-60.298847,0
-69.99811,-25.551966,0
-58.329876,64.85265,0
24.510735,137.73984,0
-61.119785,18.260212,0
-71.52124,-129.14418,0
25.606512,-107.22555,0
124.55109,94.64057,0
127.62585,-83.3738,0
-80.55705,-32.851177,0
-65.31039,57.18768,0
36.539673,150.43604,0
-82.98354,-20.858976,0
-76.98942,-77.59335,0
46.05195,-111.89016,0
90.74201,42.06823,0
64.11391,-27.568447,0
-163.57973,-32.366966,0
-79.491425,116.26578,0
-11.835388,178.71396,0
-121.07765,46.419525,0
-122.41641,-132.13918,0
21.842035,-166.38553,0
121.42494,61.256424,0
90.997086,-30.442753,0
-129.45964,-36.99265,0
-68.43353,80.03428,0
1.0003626,150.01576,0
-110.54818,22.5248,0
-100.76589,-122.20459,0
14.607756,-139.51654,0
96.530876,37.647644,0
62.90463,-11.026942,0
-169.05392,-21.292803,0
-84.2695,115.04526,0
-6.6056385,180.3305,0
-126.09754,45.44488,0
-128.72716,-114.25157,0
23.11319,-173.63693,0
135.18248,67.39478,0
112.621506,-68.49176,0
-72.20397,-29.400015,0
-62.33254,59.56164,0
35.787857,138.8637,0
-62.581467,24.61867,0
-78.47837,-130.81525,0
38.324142,-113.160545,0
107.244705,111.42992,0
139.4583,-38.451324,0
-80.19569,-55.838276,0
-78.86608,50.362156,0
41.71022,109.62121,0
-81.15314,-8.179875,0
-80.048035,-68.016884,0
29.973215,-86.724815,0
104.73384,93.234924,0
127.02145,-21.125172,0
-114.80715,-49.328873,0
-69.39147,137.8955,0
16.40648,178.50212,0
-101.116234,-2.3172793,0
-115.97313,-59.9639,0
65.99775,-138.13705,0
73.786255,55.84794,0
114.74249,-11.726286,0
-137.5814,-47.556656,0
-102.29053,93.93214,0
-18.548391,139.0327,0
-113.288246,6.414419,0
-129.96753,-78.02236,0
42.086544,-155.52464,0
106.49846,42.290733,0
87.75175,-28.457523,0
-146.2352,-13.818221,0
-85.191185,85.25438,0
0.16052753,151.18587,0
-121.20189,29.125332,0
-102.68972,-121.24178,0
4.142373,-146.24884,0
81.19439,66.039894,0
104.08611,-42.326107,0
-117.1978,-28.072683,0
-49.897404,107.89095,0
-3.3697617,131.21846,0
-83.842316,28.593296,0
-89.047905,-91.530556,0
43.360027,-132.94487,0
96.85686,32.84927,0
75.34487,-4.2782965,0
-174.6359,-12.663323,0
-94.97897,117.41731,0
-23.388302,172.62054,0
-135.76709,47.939156,0
-132.72424,-100.5804,0
25.53919,-176.87201,0
81.24082,108.92526,0
167.85938,-52.081097,0
-54.09436,-46.4376,0
-23.453106,63.228054,0
21.679153,118.507,0
-31.791283,-12.999958,0
-35.698257,-121.056755,0
13.880866,-109.009735,0
117.74873,31.45439,0
74.1205,6.825012,0
-160.23625,2.1016338,0
-92.63037,83.50198,0
-36.1129,148.4217,0
-148.23648,34.92678,0
-110.65362,-87.94589,0
-4.385393,-160.19751,0
95.47995,87.62526,0
135.37366,-28.045046,0
-66.90208,-69.259514,0
-40.700043,98.86394,0
2.329214,120.62934,0
-71.67496,-0.14097379,0
-73.39853,-97.43218,0
9.2545805,-120.18151,0
67.37813,117.42279,0
152.00552,-76.28432,0
-24.807926,-78.90704,0
-6.235602,72.53136,0
14.202576,85.04387,0
-20.977491,-0.8553005,0
-24.619978,-97.99748,0
17.25443,-75.64591,0
80.4773,101.05743,0
160.36407,-35.787632,0
-37.966473,-59.77541,0
-21.968977,81.19333,0
14.461381,104.38789,0
-47.055897,-7.6692076,0
-46.059235,-123.16347,0
-2.2544103,-107.640816,0
129.03168,71.394035,0
122.07154,-64.20763,0
-64.169525,-36.086697,0
-52.10244,65.589714,0
26.99559,131.77467,0
-66.444115,17.109999,0
-77.43632,-123.06107,0
28.959118,-113.22324,0
108.72101,76.521385,0
127.94376,-41.7692,0
-70.81464,-54.988873,0
-50.63592,90.83936,0
16.314585,129.748,0
-67.52151,8.8819475,0
-78.85904,-114.34677,0
6.754057,-126.592865,0
77.16758,93.46132,0
152.64082,-29.377884,0
-45.88111,-61.827145,0
-26.404564,86.209076,0
4.0595975,105.446785,0
-54.401768,-2.2784503,0
-51.771763,-117.36387,0
-6.008274,-113.66844,0
64.41037,115.805565,0
148.99518,-74.613625,0
-22.174767,-76.6619,0
-5.645269,67.99152,0
17.703014,85.04033,0
-24.283895,-2.3303018,0
-26.631935,-100.43493,0
17.026506,-79.214615,0
69.21021,86.25972,0
158.04561,-21.121897,0
-57.493977,-66.98118,0
-33.865566,95.156784,0
-1.6356598,100.44628,0
-63.478226,-3.3212335,0
-57.99162,-103.177795,0
-9.436371,-123.95357,0
107.23042,92.25545,0
129.83829,-22.044596,0
-116.64082,-51.963,0
-72.14863,138.74797,0
15.205878,181.2705,0
-103.63184,-1.0668894,0
-118.781845,-60.5849,0
68.31028,-139.7607,0
138.84273,92.88986,0
124.5125,-97.386955,0
-19.939596,-40.44028,0
-34.830353,42.447414,0
47.38323,149.50606,0
-21.27088,-27.000214,0
-45.579586,-84.959404,0
57.2292,-97.81504,0
81.27922,62.98697,0
101.54576,-49.89941,0
-122.13584,-24.854198,0
-53.87319,107.19911,0
-7.583842,129.13089,0
-84.293106,34.805878,0
-94.37983,-93.4069,0
40.011185,-137.0972,0
106.63012,91.58172,0
129.3727,-21.813385,0
-115.93793,-51.40805,0
-70.179214,139.56546,0
15.797914,181.1526,0
-102.91081,-1.847707,0
-118.29942,-60.490677,0
68.72651,-139.19432,0
97.89942,63.61104,0
106.69978,5.9892936,0
-183.63937,12.471398,0
-114.26452,108.575485,0
-41.077633,173.89983,0
-138.32483,26.208632,0
-145.50203,-89.185875,0
41.710445,-179.02393,0
84.57903,28.157824,0
65.27199,-2.1165888,0
-181.83144,-20.065502,0
-93.73363,124.74973,0
-25.368574,178.71906,0
-131.25783,58.44386,0
-140.95679,-109.902824,0
15.190766,-182.33281,0
158.69456,60.23366,0
93.72869,-74.252205,0
-0.2678957,20.249187,0
-3.95736,18.723017,0
43.725693,81.34948,0
-2.0191514,19.690205,0
1.3813221,21.399464,0
29.862288,-62.810673,0
116.59591,104.55492,0
134.97598,-6.3410053,0
-92.83164,-44.869682,0
-86.87114,56.118793,0
36.19744,168.37312,0
-91.19634,-16.418983,0
-91.286766,-67.06456,0
66.11051,-119.42111,0
104.14745,27.624224,0
87.20239,-2.5640855,0
-167.22365,-1.2051448,0
-97.93822,108.62116,0
-36.122906,157.22804,0
-145.41977,42.294056,0
-117.48215,-92.46755,0
1.408045,-168.7525,0
113.631546,142.54799,0
91.88559,-115.33503,1
19.207968,-51.57802,0
-7.0475073,35.792713,0
80.232605,151.19986,0
5.7625785,-26.549212,0
-11.727691,-59.958076,0
54.21254,-54.390438,0
114.117226,142.18944,0
91.39264,-114.563095,1
19.67947,-50.698723,0
-7.619983,36.646385,0
80.331985,151.9148,0
5.863592,-25.557642,0
-10.462029,-59.731155,0
55.58538,-55.73851,0
77.848495,50.022274,0
63.220966,-40.941044,0
-142.33055,-39.52212,0
-63.142216,118.96561,0
13.22437,167.19391,0
-105.48699,53.451496,0
-126.87272,-136.94594,0
29.741486,-158.38397,0
98.79591,54.551266,0
76.36856,-22.371418,0
-143.66449,-21.178055,0
-79.962654,107.65176,0
-3.0736187,160.25633,0
-103.44756,26.546984,0
-107.0444,-113.792274,0
28.85161,-140.61499,0
120.665794,26.911222,0
72.86266,11.39223,0
-155.93526,9.1473875,0
-95.17792,78.16595,0
-43.035534,145.25885,0
-155.09596,29.959093,0
-108.71669,-80.48329,0
-11.402562,-158.04286,0
82.74042,63.635246,0
99.02584,-47.710808,0
-119.9588,-24.29825,0
-53.953606,105.63946,0
-4.0903683,125.324234,0
-82.801956,35.18203,0
-95.90912,-95.89376,0
37.419624,-132.75047,0
73.18382,48.2399,0
98.574104,-17.792723,0
-129.4483,-38.748425,0
-67.29274,79.786896,0
8.430117,148.33557,0
-111.99425,13.564856,0
-100.33809,-107.656975,0
15.060326,-138.17717,0
110.79755,78.5667,0
124.021385,-48.61313,0
-69.8881,-46.988728,0
-50.198147,84.00783,0
11.472742,128.8663,0
-74.768654,8.454445,0
-78.81516,-110.795555,0
21.070719,-117.61664,0
108.44881,54.354954,0
77.623764,-16.456982,0
-164.89346,-25.165289,0
-73.075645,87.190384,0
7.2074857,159.01498,0
-124.064255,39.084126,0
-126.61943,-118.60304,0
28.66054,-167.4446,0
72.15061,106.14318,0
168.61261,-43.07751,0
-32.280117,-41.10651,0
-34.4411,70.74112,0
24.29529,92.39139,0
-33.49067,0.19219479,0
-46.193638,-137.48984,0
-0.5865465,-89.22468,0
138.10814,96.810776,0
127.25297,-94.57026,0
-24.446524,-34.821213,0
-39.690933,39.958794,0
43.40615,151.51024,0
-23.865696,-30.872292,0
-46.086166,-81.80145,0
57.892643,-101.98879,0
90.6437,45.322735,0
81.005714,-37.975647,0
-153.2119,-21.797749,0
-79.090324,98.75105,0
-13.279881,158.43771,0
-112.27211,36.195946,0
-121.092926,-131.62811,0
18.133148,-149.39464,0
95.44048,72.62408,0
107.64496,-27.984156,0
-136.36304,1.2438898,0
-116.54154,88.33828,0
-26.503628,123.036766,0
-130.49225,6.700299,0
-156.3487,-73.35201,0
62.325146,-158.97108,0
135.26552,34.98962,0
82.73456,-57.93993,0
-100.29075,-27.462717,0
-25.59055,29.62317,0
31.358116,77.094894,0
-30.039654,21.22907,0
-120.149994,-72.54742,0
29.992773,-49.038578,0
94.444984,101.42926,0
152.06961,-50.328197,0
-51.011375,-49.87014,0
-28.959211,67.11372,0
18.995993,114.004425,0
-42.347996,-14.595209,0
-33.07612,-129.50891,0
16.579483,-105.23141,0
73.98399,45.552143,0
110.935814,-8.271909,0
-139.70923,-51.860107,0
-101.32635,99.31834,0
-25.121544,138.29701,0
-117.201996,5.9301076,0
-137.821,-77.27651,0
44.776833,-160.64722,0
103.11261,73.93146,0
111.96934,-23.569565,0
-140.06473,7.6463304,0
-124.60595,88.570076,0
-33.053654,119.98397,0
-135.8313,10.892604,0
-160.11496,-79.37519,0
66.618614,-160.55106,0
84.13632,47.997345,0
74.67794,-46.486843,0
-150.92694,-36.225513,0
-68.8382,110.09173,0
-17.7964,160.3722,0
-101.76704,43.00787,0
-113.499985,-139.20259,0
23.795109,-149.65817,0
114.28281,141.25256,0
91.81662,-111.245056,1
21.541916,-47.383877,0
-9.963247,35.87163,0
78.02296,146.76743,0
9.96605,-25.43366,0
-9.0422945,-59.09562,0
51.46177,-56.16469,0
123.4282,82.263855,0
132.19008,-59.060257,0
-58.076782,-40.348377,0
-45.064587,61.518234,0
24.976856,125.11823,0
-28.78936,-4.3911424,0
-31.483248,-102.46279,0
17.943901,-86.07717,0
70.70755,121.33225,0
153.76485,-81.0153,0
-22.38864,-85.338936,0
-5.76588,77.3305,0
13.331997,115.47558,0
-18.629807,-5.815924,0
-21.91138,-90.20789,0
18.125467,-70.15212,0
137.66336,52.353218,0
114.14525,-49.11442,0
41.424007,22.713648,0
-35.911583,103.304214,0
21.906242,65.47589,0
-19.618504,-15.608239,0
-82.06694,-97.51849,0
36.49204,-71.21834,0
109.53611,37.52677,0
61.227753,-26.731684,0
-167.0931,-35.20102,0
-75.92825,123.19876,0
-9.693495,172.40872,0
-112.88898,49.070057,0
-128.13107,-130.56792,0
18.275143,-161.98035,0
98.63125,40.449356,0
66.51727,-12.512163,0
-167.43547,-19.706186,0
-82.258064,112.832634,0
-7.687661,183.12073,0
-128.73859,42.768085,0
-126.6978,-110.81066,0
24.728745,-172.90874,0
172.81415,14.213894,0
87.47704,-88.32592,0
48.960373,-3.5023355,0
44.171574,-4.1555147,0
4.871016,44.549618,0
47.036842,-4.4257135,0
51.006683,-2.0669835,0
45.62906,-10.119547,0
73.861565,87.60436,0
156.77055,-21.682703,0
-57.94112,-68.126434,0
-34.615627,95.78263,0
-1.3089287,102.13564,0
-60.466675,-2.540205,0
-57.121693,-104.78146,0
-8.498408,-122.444496,0
80.68015,102.278465,0
162.21301,-39.30277,0
-34.38712,-55.024174,0
-27.508232,77.11073,0
16.022455,94.53012,0
-46.53202,-8.813941,0
-43.92941,-128.25647,0
-6.7973742,-98.40192,0
100.77332,26.321377,0
82.96879,0.95499617,0
-177.00134,-2.3817365,0
-102.17413,114.173935,0
-33.538452,163.17332,0
-145.28984,48.186073,0
-128.41682,-92.75883,0
1.4970174,-174.44543,0
77.32889,39.314484,0
58.399746,-25.422762,0
-169.53758,-37.697144,0
-76.67385,120.31753,0
-9.058622,175.94469,0
-111.81621,52.66112,0
-130.62085,-133.00206,0
20.512758,-164.77454,0
100.58387,50.406208,0
79.70723,-39.529934,0
-148.94673,-24.242167,0
-75.46974,94.11427,0
-8.022781,156.29977,0
-107.42145,34.276928,0
-106.55927,-130.44283,0
15.136454,-148.46492,0
92.586914,96.49358,0
117.89948,-59.474945,0
-69.47295,-25.594694,0
-58.11188,65.90811,0
24.545383,138.48396,0
-61.389275,18.947294,0
-71.92317,-128.40398,0
24.78723,-106.53715,0
158.99425,38.937595,0
112.48267,-49.385113,0
30.967577,21.349953,0
13.788851,62.217957,0
15.285412,68.636284,0
-12.624892,-12.061468,0
-16.825047,-69.4139,0
56.14061,-89.153015,0
100.32171,70.32685,0
104.260445,-26.273428,0
-136.03564,-2.2150958,0
-115.18005,86.088524,0
-24.499432,125.49694,0
-128.99582,13.813006,0
-152.71391,-72.96108,0
62.845123,-165.19855,0
132.93102,66.322975,0
113.78087,-66.75382,0
-71.396736,-32.97288,0
-60.47783,61.70199,0
32.368977,139.29306,0
-64.3979,23.315174,0
-80.23675,-129.20898,0
34.787212,-112.27071,0
104.42235,23.02141,0
90.43404,1.6653606,0
-178.64935,1.926655,0
-100.83917,106.18166,0
-31.728813,157.24841,0
-149.52267,44.75193,0
-128.07782,-87.569084,0
-1.7892283,-170.82027,0
157.53137,45.620052,0
112.48126,-44.38463,0
-105.139694,-20.866802,0
56.58127,37.028316,0
6.0792165,67.050995,0
-4.737175,-73.12196,0
-81.136826,-93.48132,0
37.528843,-78.58232,0
59.51568,105.489456,0
140.60286,-61.51015,0
-40.39821,-33.270893,0
-35.21657,60.492565,0
33.035797,95.89464,0
-38.229095,9.878122,0
-57.417973,-141.09839,0
9.757253,-86.97948,0
84.18597,38.462677,0
59.259132,-19.337332,0
-171.82442,-30.597725,0
-83.41049,120.40944,0
-15.565992,172.71489,0
-119.6758,52.46315,0
-132.76175,-122.54393,0
19.035198,-167.90225,0
119.175415,74.47711,0
97.56079,-11.479524,0
-120.51434,-38.445038,0
-63.23919,77.97664,0
17.34084,144.64882,0
-98.43281,8.0627,0
-104.74837,-100.08597,0
23.891882,-127.03103,0
170.78648,5.5592213,0
83.566124,-94.48712,0
30.904175,-1.2922572,0
31.570969,-8.314026,0
12.507978,43.01955,0
30.602362,-4.314706,0
31.371363,2.475692,0
35.709255,-14.872539,0
140.87633,71.21687,0
113.142715,-77.17941,0
-59.88404,-27.192867,0
-56.50763,53.565834,0
38.761097,130.81105,0
-53.520866,24.720385,0
-62.33425,-85.92805,0
36.27128,-102.40833,0
117.84198,71.51484,0
96.1145,-9.173557,0
-121.89353,-38.216183,0
-63.08525,79.6396,0
15.462289,144.3774,0
-99.75026,6.819148,0
-108.45388,-97.12598,0
6.6914873,-168.85712,0
105.089,18.148634,0
81.8912,-55.98853,0
-170.90825,7.3950896,0
-105.10489,87.99101,0
-45.509808,159.38765,0
-155.28549,49.400833,0
-123.278984,-82.92364,0
-7.407173,-174.95786,0
139.84158,43.303635,0
134.02348,-53.797108,0
32.94924,36.705967,0
-35.600243,32.00151,0
39.040485,72.30603,0
-14.380424,6.238559,0
-36.048878,-113.32052,0
37.344967,-91.6052,0
66.09494,117.03459,0
150.24709,-75.26468,0
-23.102314,-77.64477,0
-5.7207975,70.99921,0
16.385876,84.69213,0
-23.252277,-1.9270134,0
-25.654144,-99.65251,0
16.17363,-77.45625,0
83.35413,100.83191,0
158.84412,-37.550438,0
-36.80517,-57.893173,0
-18.221045,79.53506,0
13.677746,106.24356,0
-48.251476,-9.191859,0
-43.186745,-124.33017,0
4.1538486,-107.53312,0
84.60679,24.758982,0
66.50625,-0.23718153,0
-182.93347,-18.104641,0
-95.68147,124.99363,0
-27.280499,178.64299,0
-133.24532,59.118126,0
-140.51869,-106.94545,0
16.420307,-184.49304,0
82.57849,78.60809,0
148.69325,-23.741806,0
-49.2213,-61.4852,0
-28.287981,85.84137,0
-7.2998195,107.96438,0
-63.508747,7.1950445,0
-63.068645,-113.73993,0
-6.206709,-125.84482,0
171.53407,4.541786,0
83.96323,-95.31654,0
31.941526,-0.2836863,0
32.416027,-7.468747,0
11.661397,42.687714,0
31.514277,-3.7370417,0
32.553265,3.171933,0
35.518436,-13.894779,0
100.00902,25.140642,0
82.073326,1.2387692,0
-178.68143,-3.7523384,0
-100.494606,113.970665,0
-32.23898,162.5305,0
-143.37558,47.72943,0
-131.05025,-92.76385,0
1.331787,-174.07506,0
93.80666,65.79716,0
108.43677,7.2693176,0
-185.44888,11.784627,0
-112.157555,107.72099,0
-39.51774,174.98325,0
-141.06787,25.556091,0
-146.00485,-85.756,0
43.073994,-181.16393,0
98.37225,29.490213,0
83.89391,-4.3350716,0
-168.7306,-4.978307,0
-59.02422,98.6717,0
-41.442677,159.60909,0
-91.01154,35.949306,0
-116.79414,-97.86561,0
34.95477,-141.50742,0
165.993,8.795389,0
78.56694,-94.07319,0
37.315365,12.15405,0
12.412138,30.544588,0
13.14358,32.978306,0
15.18077,17.67643,0
18.357983,13.828028,0
39.786674,-16.308594,0
101.21696,27.327293,0
89.36711,6.3162374,0
-174.26791,2.4670098,0
-103.661064,108.78738,0
-37.189545,159.86014,0
-152.0226,48.882664,0
-123.09579,-88.1205,0
-4.207128,-175.74695,0
85.71105,33.45101,0
59.25333,-17.698109,0
-172.80873,-30.121777,0
-84.61474,120.9182,0
-16.552004,173.57399,0
-124.629906,53.624554,0
-135.98703,-120.43546,0
17.255455,-169.50749,0
141.39328,36.925133,0
89.66943,-61.565567,0
41.328533,36.775177,0
30.826784,35.01561,0
36.57413,67.64946,0
-9.458818,2.5603514,0
2.087363,-15.454964,0
36.374752,-47.8515,0
83.00745,26.44206,0
66.8014,-3.971721,0
-178.72444,-20.75751,0
-93.03664,124.22822,0
-24.698383,177.64352,0
-131.81276,56.46035,0
-136.98062,-110.822075,0
18.260708,-181.68091,0
98.02355,38.022808,0
64.885155,-12.705809,0
-165.5161,-22.017103,0
-80.075966,112.591484,0
-10.188138,183.90459,0
-128.67494,45.62526,0
-127.64922,-112.64914,0
25.808994,-169.72868,0
91.55737,82.59076,0
111.25843,-40.472797,0
-109.46297,-33.26554,0
-50.292274,113.67703,0
19.964481,170.24219,0
-84.04595,9.405177,0
-80.63396,-90.79757,0
48.04954,-131.60704,0
93.80924,87.10546,0
134.08784,-27.8147,0
-68.16636,-68.48157,0
-41.95689,100.20428,0
1.0238659,120.30861,0
-72.39694,0.479223,0
-74.45695,-98.0016,0
9.936368,-121.659935,0
124.77868,97.13773,0
129.85086,-84.66796,0
-88.70497,-31.183445,0
-50.604576,46.77967,0
35.92794,157.36601,0
-86.55164,-21.466827,0
-83.68569,-77.63641,0
50.594334,-115.46675,0
102.470436,23.230156,0
88.86112,2.0017273,0
-178.19708,-0.48556834,0
-101.747635,111.38901,0
-32.189785,160.75777,0
-148.74037,46.081604,0
-128.12082,-88.89845,0
-0.29860407,-173.10475,0
80.15256,104.77313,0
164.95186,-46.918087,0
-36.657864,-51.76037,0
-22.329853,69.7373,0
20.365498,101.42458,0
-34.776737,-9.653124,0
-45.375145,-131.1145,0
1.5412049,-96.878265,0
85.62406,109.9354,0
164.18538,-50.811535,0
-39.57319,-50.185707,0
-20.224207,65.529465,0
23.175802,104.26303,0
-34.42422,-12.7949705,0
-31.321991,-120.563194,0
5.116956,-98.76239,0
94.09975,66.119194,0
108.34936,7.715149,0
-185.873,11.8513975,0
-114.53936,113.66546,0
-39.301773,174.4008,0
-141.36668,25.281075,0
-144.37761,-86.4373,0
42.75068,-181.29364,0
77.737595,81.636375,0
142.03473,-21.516243,0
-49.592827,-74.68353,0
-28.033949,100.00232,0
-6.465272,114.679245,0
-55.818733,9.483872,0
-56.623726,-110.18848,0
3.4335163,-123.88376,0
107.52169,131.56038,0
104.78276,-125.771194,1
6.489387,-55.61358,0
-13.463308,49.537884,0
66.942894,162.00563,0
-2.837973,-36.890675,0
3.0254104,-57.900883,0
59.35205,-69.73039,0
105.156075,47.779522,0
79.44984,-26.035269,0
-141.50488,-23.799623,0
-84.75689,102.537994,0
-12.890391,148.66704,0
-118.22777,22.486914,0
-110.020775,-116.48502,0
7.6724634,-157.12924,0
149.54062,50.401295,0
154.19603,-50.71415,0
-49.33883,-50.839485,0
49.52892,43.02712,0
2.3939369,61.000195,0
-42.064556,-16.414831,0
-33.90935,-127.32447,0
39.63211,-86.843834,0
121.97527,48.176773,0
95.70918,-17.943937,0
-131.83902,-41.203438,0
-77.53341,75.532555,0
11.960997,154.15631,0
-108.869804,13.971594,0
-100.955826,-103.8835,0
50.84336,-158.57426,0
73.39699,103.72809,0
165.726,-48.278095,0
-36.99886,-49.767727,0
-22.356714,68.33649,0
22.373247,102.0151,0
-33.736324,-9.9815235,0
-47.707462,-134.06825,0
2.8003843,-96.41536,0
166.04333,9.129159,0
79.09702,-94.26758,0
37.779194,12.293325,0
12.444045,30.501396,0
12.9400425,32.84316,0
14.967769,17.385262,0
18.374144,13.639414,0
39.705925,-16.798918,0
100.14537,62.392906,0
102.52382,3.0340803,0
-180.79977,17.977978,0
-118.56649,104.753815,0
-47.073395,172.43097,0
-135.99313,20.816706,0
-147.55768,-94.80449,0
46.905785,-175.63086,0
114.62345,139.1712,0
96.19837,-113.78517,1
15.794336,-48.16805,0
-9.296843,38.66555,0
77.53256,145.61359,0
6.9397993,-30.615301,0
-8.714905,-56.24497,0
52.04118,-59.59428,0
103.33443,65.213264,0
104.867584,-0.106439315,0
-176.63597,16.80383,0
-121.199715,107.66552,0
-48.944965,175.11836,0
-132.92148,22.876886,0
-152.19434,-91.472466,0
46.46943,-173.97597,0
88.171814,99.349075,0
156.89597,-33.298374,0
-41.766834,-58.675888,0
-17.06192,85.025764,0
10.810436,108.137184,0
-51.008953,-12.828836,0
-42.0353,-119.72545,0
3.4582763,-111.67032,0
79.944244,67.7559,0
99.548676,-43.597572,0
-117.83046,-25.198114,0
-51.264786,104.720146,0
-4.592659,129.04288,0
-85.90269,28.97763,0
-94.49712,-99.961815,0
38.652878,-130.33804,0
86.33207,96.50381,0
155.5259,-43.178295,0
-32.368053,-60.4623,0
-19.645147,75.152504,0
12.494197,99.96318,0
-44.02302,-3.4533715,0
-37.080215,-126.35701,0
-0.56165624,-104.01177,0
156.66531,9.682913,0
72.222145,-82.00768,0
54.28915,12.626285,0
23.38078,45.27325,0
23.444138,45.878944,0
11.948734,8.358061,0
14.307849,4.525488,0
43.432583,-26.599304,0
78.22923,59.96576,0
99.04668,-46.16797,0
-117.93241,-22.579939,0
-53.50278,104.81189,0
-4.2049074,128.46379,0
-81.798874,31.634695,0
-95.15048,-97.64222,0
38.64864,-132.91232,0
125.16677,93.776764,0
129.42532,-80.88662,0
-84.46642,-34.43759,0
-42.643364,48.90924,0
34.17068,152.66228,0
-82.366356,-23.28354,0
-77.076004,-80.84569,0
49.485413,-111.05189,0
89.90981,38.185966,0
66.055016,-18.230219,0
-166.8163,-26.590307,0
-70.05849,92.66653,0
-5.629579,164.44362,0
-118.82266,44.878704,0
-128.20662,-120.60328,0
21.889944,-149.56322,0
155.70398,10.196129,0
72.8227,-82.12372,0
61.21578,24.514566,0
21.15471,44.912537,0
21.845425,46.966984,0
16.874956,-4.112196,0
14.059569,5.860565,0
43.80152,-25.751837,0
65.65889,105.99283,0
144.35127,-63.117443,0
-37.258053,-35.313644,0
-34.7505,63.74199,0
31.654623,93.46419,0
-33.849174,8.826811,0
-53.399437,-139.4265,0
6.1384025,-86.488,0
96.04378,74.42989,0
107.71222,-25.990326,0
-137.87495,1.5013088,0
-118.19434,88.7586,0
-28.432938,124.16645,0
-130.21008,9.104865,0
-156.27477,-74.455536,0
61.860985,-161.71793,0
113.55777,36.596283,0
165.57521,-22.164562,0
-59.773808,-56.911514,0
-38.961815,84.10429,0
0.37022066,91.75231,0
-63.357002,-12.062473,0
-64.77827,-100.1142,0
-5.695225,-140.63564,0
111.15244,106.40432,0
141.30397,-46.672108,0
-50.20463,-36.726204,0
-73.52191,55.312187,0
38.798298,104.090965,0
-79.53363,-15.079638,0
-77.66821,-69.02961,0
25.335098,-90.07511,0
99.88366,83.44822,0
116.55835,-31.952703,0
-109.45611,-40.504425,0
-52.33024,122.67443,0
21.893852,160.60008,0
-90.89661,7.9566135,0
-105.88072,-68.42268,0
52.00283,-136.02391,0
83.15316,99.0337,0
156.65448,-36.243813,0
-38.675884,-60.01777,0
-18.293724,84.15547,0
11.251392,107.27881,0
-49.640507,-7.5396776,0
-44.842495,-119.858345,0
3.5010843,-109.39535,0
81.33323,107.268776,0
164.26938,-47.666817,0
-35.673546,-51.096012,0
-20.648884,70.27689,0
20.27171,99.614624,0
-35.704456,-10.19359,0
-46.42599,-132.19885,0
0.27423772,-96.29435,0
103.93688,41.502644,0
80.2659,-28.842363,0
-155.14471,-16.5832,0
-86.28887,97.74712,0
-14.528611,151.22386,0
-118.33333,25.651575,0
-112.22384,-118.85738,0
8.327765,-154.28038,0
144.81905,48.71154,0
108.32858,-44.077507,0
-111.68184,-22.772955,0
41.597683,41.192135,0
1.9131142,55.993702,0
-83.88674,18.715227,0
-87.88475,-97.11691,0
45.058865,-87.355736,0
123.219124,105.86324,0
128.35205,-2.3987033,0
-96.24867,-46.913933,0
-89.000244,62.909893,0
40.35393,173.69522,0
-94.78295,-18.233864,0
-97.21189,-67.97264,0
68.904434,-117.25581,0
83.06276,96.86951,0
155.65796,-38.49009,0
-36.669518,-62.152367,0
-19.124117,81.94645,0
10.864528,105.33616,0
-47.05016,-5.4195237,0
-43.124527,-116.5298,0
0.53285116,-108.22086,0
105.011894,92.17339,0
126.637146,-19.951069,0
-113.925835,-49.279865,0
-68.13858,138.16777,0
17.660109,178.61192,0
-100.427025,-3.5235007,0
-114.798386,-58.882492,0
66.10229,-137.04137,0
65.04393,59.502155,0
105.303764,-12.780598,0
-139.86021,-55.786324,0
-111.27347,99.26874,0
-27.628242,135.28395,0
-121.75092,4.859631,0
-142.79614,-73.61324,0
50.440964,-163.79794,0
89.40482,101.38601,0
133.12009,-47.234688,0
-57.038364,-47.361763,0
-40.346275,75.75973,0
19.307268,119.872765,0
-47.543396,-14.883114,0
-40.086903,-119.679,0
13.672577,-110.78797,0
84.01699,45.71413,0
73.70776,-49.122063,0
-152.92546,-37.994514,0
-69.64671,112.807556,0
-19.871107,161.95174,0
-102.92616,45.459618,0
-115.42279,-138.58965,0
25.071278,-153.97961,0
82.4544,27.045006,0
65.57839,-3.4319868,0
-181.45476,-21.760962,0
-92.63051,125.74637,0
-23.304745,177.48227,0
-130.34135,57.00513,0
-141.87701,-109.571915,0
16.721582,-181.28127,0
119.2054,57.50608,0
90.64761,-23.861494,0
-142.08087,-13.2012205,0
-72.743034,81.69029,0
4.188361,152.5534,0
-106.66255,19.488316,0
-99.05883,-118.12249,0
15.762046,-134.12117,0
103.64603,65.0215,0
104.573715,-0.17902818,0
-176.59941,17.314665,0
-121.58148,107.44205,0
-49.113968,174.99709,0
-132.8347,22.397528,0
-152.28714,-91.99781,0
46.619595,-173.56209,0
101.40995,70.494316,0
108.99101,0.52690274,0
-177.02686,11.644615,0
-117.669334,102.80398,0
-46.93539,180.0925,0
-130.26843,25.842735,0
-151.86554,-87.42335,0
48.731453,-176.79501,0
140.56604,41.122166,0
94.19435,-60.27734,0
35.52123,36.539013,0
-33.45475,30.156012,0
37.919315,70.190636,0
-12.6711645,5.3018565,0
-0.6809774,-18.343273,0
36.522522,-51.416824,0
121.2704,138.86343,0
97.26919,-109.02871,1
16.723528,-43.52669,0
-13.298044,33.149044,0
73.71497,148.00612,0
11.483565,-31.988243,0
-12.16861,-53.022953,0
47.1582,-57.616074,0
81.51243,101.89095,0
160.03857,-37.55767,0
-36.513733,-56.907818,0
-19.350578,79.30071,0
14.15104,105.23799,0
-46.31022,-8.454046,0
-44.40415,-125.546486,0
3.1142082,-106.42771,0
128.77127,55.765648,0
93.630394,-42.038235,0
-123.82504,-14.142738,0
-61.23806,84.41022,0
5.813796,138.21541,0
-89.25648,22.21298,0
-90.08251,-105.621605,0
33.546665,-127.78296,0
139.76868,96.59586,0
126.47961,-100.08725,0
-17.665926,-40.438053,0
-33.800945,40.740402,0
49.364014,150.70955,0
-18.351528,-26.42515,0
-42.15668,-85.921104,0
59.547783,-97.39472,0
67.96903,71.7804,0
147.00348,-10.64228,0
-72.124794,-57.17313,0
-48.00253,93.46745,0
7.22398,129.20241,0
-68.02846,6.336633,0
-69.403694,-116.78351,0
2.3305745,-132.58582,0
78.287865,35.543835,0
61.568314,-25.501312,0
-163.23404,-36.655685,0
-76.31082,123.1896,0
-10.125472,171.53168,0
-113.79105,49.246017,0
-130.1353,-128.3247,0
17.392641,-163.84366,0
70.37449,77.17468,0
151.3634,-18.749517,0
-52.581364,-62.469944,0
-31.567945,88.809784,0
-5.1169734,103.93124,0
-61.1622,1.7011987,0
-59.10296,-117.88818,0
-0.7325658,-128.75609,0
85.75789,44.72532,0
76.19678,-49.049164,0
-153.68016,-35.16738,0
-73.01149,112.742325,0
-19.143509,165.11186,0
-104.051,44.201717,0
-114.74997,-135.74258,0
22.353174,-151.7182,0
71.76737,75.199684,0
147.32089,-24.833307,0
-49.418743,-59.98738,0
-27.281885,88.17155,0
-6.4211106,106.27631,0
-65.795525,7.350947,0
-63.880074,-117.3485,0
-4.499461,-126.19232,0
157.524,38.105183,0
112.52169,-51.02579,0
31.290056,20.7963,0
14.380807,62.916885,0
16.068829,67.52229,0
-12.597814,-13.166646,0
-15.756193,-68.804146,0
34.393375,-73.39615,0
105.03206,27.296568,0
87.71608,-2.9496994,0
-166.52217,-0.72999024,0
-98.14867,109.108536,0
-36.16852,158.44427,0
-146.64612,42.188366,0
-116.592064,-91.87963,0
0.6866848,-169.06583,0
139.72296,91.85697,0
124.50441,-97.776115,0
-19.648243,-40.385273,0
-33.97883,42.078495,0
48.196575,149.57391,0
-21.093794,-26.747892,0
-44.71934,-85.13511,0
56.77152,-97.2504,0
115.135544,33.26082,0
68.60214,11.029046,0
-155.6502,4.8389006,0
-90.74534,81.38662,0
-34.602158,146.47896,0
-146.61392,32.808575,0
-107.95469,-84.82038,0
-3.9076357,-157.35988,0
110.65037,76.00355,0
128.32375,-43.169266,0
-63.90661,-47.692135,0
-52.22055,81.74601,0
14.973715,127.56266,0
-69.2912,9.914469,0
-80.32589,-114.71765,0
16.636288,-120.78157,0
86.82044,106.89144,0
155.3032,-56.396294,0
-54.278076,-45.596596,0
-25.585468,61.624794,0
22.264301,119.219666,0
-45.98727,-18.310595,0
-35.94296,-120.29564,0
14.506931,-108.20976,0
77.434265,59.630928,0
98.69464,-45.861004,0
-117.79011,-22.633898,0
-53.316097,104.042496,0
-3.5759358,127.56061,0
-81.99141,31.816532,0
-95.545044,-98.056,0
39.007553,-132.51862,0
73.65896,102.90128,0
163.86082,-42.5158,0
-31.568449,-52.642162,0
-26.846603,76.644104,0
15.957984,94.86003,0
-37.0559,-5.6265965,0
-42.908745,-130.5612,0
-4.353554,-97.25791,0
157.4228,60.93492,0
94.41543,-72.91454,0
-1.3644097,22.727755,0
-5.1246195,20.568922,0
42.523216,80.538086,0
-3.078235,22.019344,0
0.8262953,23.736336,0
29.724064,-61.009945,0
142.49307,18.501616,0
88.500015,-65.0699,0
57.514626,21.689312,0
50.47185,35.930706,0
37.65543,57.09041,0
-2.5621734,-4.124511,0
0.4377885,-9.192693,0
40.525394,-42.003727,0
165.54985,15.234991,0
84.65678,-81.935,0
22.304693,-11.109166,0
24.47409,-14.165815,0
11.367312,46.941666,0
23.577642,-12.3747,0
20.820314,-9.707748,0
32.465576,-18.316862,0
96.22125,77.03265,0
107.180954,-27.272495,0
-137.01862,0.49401265,0
-118.97555,86.32705,0
-28.208187,123.07887,0
-132.57115,7.1825137,0
-158.86237,-73.09726,0
63.553596,-160.29637,0
120.11138,139.50587,0
96.73611,-110.35133,1
16.23021,-44.703304,0
-11.597823,35.059746,0
75.104225,149.86752,0
10.2778845,-30.965546,0
-11.524994,-53.822247,0
48.890316,-58.277283,0
74.696846,78.8531,0
146.89172,-19.59061,0
-53.290497,-70.55743,0
-34.177414,90.75062,0
-4.8143916,108.358315,0
-59.751625,6.1787224,0
-60.626827,-111.157684,0
-1.3439742,-123.447205,0
67.181206,100.24204,0
147.4482,-61.150146,0
-34.917828,-37.11418,0
-35.42418,67.39131,0
28.05866,91.09667,0
-32.201603,4.664575,0
-49.762676,-141.14188,0
2.6850295,-85.70231,0
87.600845,108.25291,0
161.49731,-33.392303,0
-42.105606,-54.5039,0
-23.545412,81.01733,0
17.544502,106.89118,0
-45.67675,-10.466988,0
-47.602497,-122.89355,0
5.398228,-103.720474,0
75.68969,108.25433,0
148.99263,-63.043625,0
-32.199844,-39.084442,0
-33.849434,68.53017,0
26.394,92.58156,0
-32.145622,0.80904555,0
-48.33784,-137.13828,0
0.800919,-87.65489,0
75.19064,88.1523,0
156.1602,-21.727337,0
-57.593853,-68.52559,0
-33.96282,96.26541,0
-0.98376906,103.146164,0
-60.902092,-2.3102431,0
-57.237587,-103.601036,0
-8.484202,-121.89123,0
140.90544,95.452446,0
125.619286,-100.84878,0
-16.270487,-41.189438,0
-32.77981,39.008606,0
50.842304,151.3778,0
-17.86123,-26.30226,0
-41.441177,-84.746956,0
59.69086,-96.0824,0
95.94266,40.744747,0
63.290497,-13.67651,0
-171.16132,-32.581295,0
-81.58346,118.35005,0
-12.810336,179.20158,0
-124.18476,47.57001,0
-125.72684,-112.500305,0
24.174168,-167.47084,0
80.49396,96.06005,0
154.65836,-36.413876,0
-37.933582,-61.148087,0
-21.097486,82.43577,0
11.138978,103.784706,0
-48.92488,-4.0084405,0
-45.750126,-117.6963,0
-2.2376895,-108.80907,0
65.46219,105.58936,0
144.44693,-64.526665,0
-36.585094,-37.03135,0
-33.590176,65.95217,0
28.75929,93.77583,0
-32.924942,9.795305,0
-53.365475,-138.45334,0
5.33022,-87.47803,0
141.73033,90.45043,0
121.8635,-95.21852,0
-21.887398,-42.76709,0
-36.906357,45.07079,0
45.97955,147.15266,0
-22.454182,-24.416273,0
-48.307026,-85.728165,0
55.268623,-98.53643,0
108.85363,130.37656,0
105.04485,-123.731094,1
5.7961593,-54.232796,0
-13.849928,48.19576,0
66.925026,160.6392,0
-1.9953302,-38.09562,0
2.3140607,-56.453754,0
57.008984,-70.03686,0
124.88586,57.583664,0
124.51055,-40.96662,0
-137.6377,-10.099851,0
-48.081165,74.94259,0
9.617175,134.7254,0
-91.63557,16.479944,0
-89.62831,-122.56325,0
14.985885,-125.230034,0
163.81717,7.1206794,0
75.523834,-91.779854,0
50.7494,12.265256,0
18.566599,34.2727,0
17.608187,33.75151,0
19.26237,8.320837,0
20.274443,10.059615,0
40.832924,-18.220352,0
115.61168,143.42198,0
90.98455,-113.52147,1
20.663898,-49.83267,0
-7.425544,34.07518,0
79.23843,151.33499,0
7.39853,-25.772696,0
-10.7885,-60.33155,0
53.355556,-55.766197,0
72.055374,46.735485,0
112.793785,-3.9493668,0
-145.45203,-45.47564,0
-94.47652,93.134285,0
2.0286648,149.38203,0
-113.38294,13.149782,0
-100.879196,-107.41469,0
4.66062,-160.35663,0
68.3764,46.082314,0
114.88631,-6.430606,0
-144.02681,-48.551888,0
-98.241554,97.4811,0
-24.632502,144.38481,0
-117.33885,10.171626,0
-134.82684,-81.28006,0
40.720074,-161.79686,0
69.93232,87.317696,0
158.74521,-20.06957,0
-60.03922,-66.07052,0
-37.968838,90.99059,0
-0.6158341,98.89372,0
-62.24487,-5.282715,0
-59.887108,-102.78526,0
-11.477501,-124.00819,0
73.26773,106.56819,0
168.2971,-43.1224,0
-32.07457,-41.19945,0
-34.4577,70.46437,0
24.334026,92.96513,0
-33.223484,-0.03894447,0
-45.568962,-136.97403,0
-0.9012674,-89.32549,0
83.06399,48.062893,0
71.76745,-46.965332,0
-151.2363,-40.63203,0
-67.11609,110.92865,0
-21.218267,157.40704,0
-99.04142,43.6854,0
-113.810135,-141.70267,0
27.621143,-152.32806,0
125.39263,102.261955,0
132.97789,-86.94551,0
-93.631096,-31.285292,0
-80.74021,70.02414,0
30.185286,171.57701,0
-90.30601,-22.340279,0
-86.744736,-79.96364,0
55.09812,-115.75271,0
80.22018,68.27705,0
101.18014,-43.24338,0
-118.72658,-25.982857,0
-52.076855,105.83284,0
-4.3539224,129.67732,0
-85.34527,29.74882,0
-91.37571,-100.608696,0
40.09861,-131.5532,0
86.14988,87.17647,0
143.8093,-26.593754,0
-47.9239,-70.30485,0
-24.235836,96.021454,0
-2.1821806,114.70518,0
-53.160233,4.9117794,0
-52.824566,-107.87701,0
1.0805043,-118.77965,0
114.02884,131.18155,0
105.645164,-119.6131,1
3.588039,-48.713127,0
-16.532845,44.748592,0
67.23949,156.9411,0
1.1326075,-40.69982,0
-0.38785398,-51.747883,0
53.654343,-69.51613,0
141.3908,99.29792,0
127.25431,-103.33254,0
-13.831963,-39.63708,0
-30.053097,39.493656,0
51.812145,152.8988,0
-14.99892,-26.797558,0
-38.50352,-86.098434,0
61.611305,-97.80917,0
117.56287,41.654957,0
71.05473,-19.993769,0
-160.58495,-27.137897,0
-78.718254,84.63457,0
-0.75683373,172.78607,0
-114.629715,40.849705,0
-122.57468,-122.3641,0
6.180689,-142.39525,0
142.85942,22.235992,0
81.7861,-66.719574,0
44.05884,30.976397,0
34.091053,32.31888,0
37.24102,62.94016,0
-8.232642,1.9214377,0
4.462157,-13.512052,0
36.382977,-43.294453,0
67.034904,114.83349,0
150.85782,-73.606705,0
-24.06446,-76.20069,0
-6.522784,69.64928,0
15.93286,86.28421,0
-23.921148,0.27929938,0
-27.061407,-99.10056,0
16.195913,-78.2759,0
129.53662,77.32071,0
122.672806,-75.26647,0
-57.93305,-33.079792,0
-52.306686,56.48455,0
32.303318,127.77821,0
-52.225304,18.408594,0
-59.973312,-91.944824,0
28.579863,-103.0442,0
103.0538,45.49084,0
75.50668,-29.929852,0
-139.90018,-26.965164,0
-72.204544,100.71819,0
-11.014875,144.01646,0
-116.000854,22.92431,0
-111.88957,-114.04474,0
10.97918,-156.54059,0
63.373367,85.031105,0
159.52228,-16.061947,0
-62.517555,-64.676346,0
-39.89772,93.02413,0
-3.713217,95.421394,0
-66.03493,-5.3762307,0
-67.34383,-101.34312,0
-10.045737,-130.7885,0
81.99839,49.456505,0
69.90177,-48.57672,0
-152.23015,-41.37099,0
-67.174416,114.47993,0
-21.89506,159.7023,0
-98.08082,46.47455,0
-115.36061,-143.16972,0
27.575577,-154.00809,0
165.28717,5.81514,0
76.46437,-92.87848,0
34.356518,11.990621,0
18.462788,29.793549,0
18.237568,30.807964,0
22.751062,14.519292,0
21.825651,12.72772,0
41.182644,-19.034912,0
101.30456,31.314356,0
82.04824,-3.8859403,0
-171.61482,-6.2171097,0
-105.8297,120.80898,0
-35.094036,170.55371,0
-143.8891,55.618423,0
-125.04159,-98.280396,0
4.1814365,-181.97511,0
133.29683,75.495865,0
117.307655,-77.69757,0
-58.283146,-28.945393,0
-54.69928,54.65938,0
36.860516,131.35687,0
-52.326008,22.094028,0
-62.46372,-88.81683,0
33.92153,-101.803215,0
124.679276,106.795525,0
128.4822,-1.4178059,0
-95.20109,-46.218002,0
-88.89068,61.57003,0
39.96042,172.75485,0
-95.49567,-17.981005,0
-97.6609,-69.065445,0
67.8693,-117.48656,0
96.14027,106.905525,0
141.52682,-56.488823,0
-44.831806,-36.87115,0
-38.68149,58.04394,0
36.22607,98.323944,0
-40.443825,4.7087135,0
-58.01647,-145.14754,0
13.48178,-85.34365,0
81.83357,28.441092,0
66.99192,-1.0483457,0
-181.49825,-18.06479,0
-95.57082,123.79186,0
-26.903042,176.92435,0
-132.88776,57.87567,0
-139.92702,-107.94558,0
17.47102,-183.457,0
92.55481,98.34593,0
133.82451,-52.242268,0
-54.66829,-43.555805,0
-40.51893,71.8698,0
18.694975,111.57198,0
-44.794193,-15.668913,0
-37.590706,-116.09139,0
21.523539,-103.35059,0
162.71196,11.901664,0
79.725235,-80.65389,0
23.069494,-1.1000402,0
23.076159,-3.6840522,0
15.041396,45.270622,0
23.272657,-2.3881938,0
22.441023,0.5789506,0
37.79018,-21.768902,0
68.66175,115.25598,0
151.81476,-74.254654,0
-25.189697,-76.77131,0
-7.6823106,71.6729,0
14.206068,86.33846,0
-22.834854,0.3220342,0
-25.859985,-97.3957,0
17.52805,-77.15946,0
124.91593,60.022797,0
96.96982,-35.836323,0
-112.27545,-29.189262,0
-65.629074,80.976814,0
6.695095,139.53134,0
-88.30628,20.129677,0
-91.482895,-106.54122,0
40.162052,-127.21496,0
97.94291,38.714264,0
65.74527,-13.129764,0
-127.73021,-27.006037,0
-60.681965,104.755325,0
-9.105133,185.81905,0
-128.5799,44.117695,0
-126.791824,-111.62181,0
39.851967,-143.39674,0
68.760544,82.39099,0
148.96715,-18.816225,0
-50.866367,-60.95814,0
-28.206017,89.17379,0
-0.22607574,107.74878,0
-60.634567,3.2775042,0
-56.515766,-119.56696,0
-3.377304,-125.8567,0
96.7183,74.432274,0
106.282974,-25.062365,0
-139.5291,-1.0274965,0
-117.014336,90.16597,0
-27.600946,126.4213,0
-128.35968,8.5439,0
-154.43648,-74.57136,0
60.358437,-161.01218,0
116.84376,138.89806,0
94.4912,-115.61545,1
17.238249,-50.92628,0
-5.190894,36.973183,0
80.45186,148.41121,0
5.458306,-29.240765,0
-13.39658,-60.09691,0
53.04669,-52.99432,0
108.26475,109.025925,0
143.43971,-35.737183,0
-41.75085,-66.935684,0
-22.471058,87.48121,0
4.499878,106.77934,0
-80.90921,-7.2985125,0
-80.36767,-69.635994,0
-0.64282566,-112.57855,0
148.0013,47.267094,0
96.39679,-49.88058,0
-115.28148,-20.278152,0
46.65618,43.74804,0
0.32863423,59.37137,0
-82.525856,19.41466,0
-88.950294,-98.25568,0
45.523293,-84.86512,0
104.54458,53.842712,0
80.47165,-21.112423,0
-139.80531,-21.303272,0
-85.93314,103.32847,0
-11.377382,145.70258,0
-118.863625,19.565252,0
-110.346794,-112.57597,0
34.719273,-166.56953,0
75.47184,100.36313,0
161.97984,-42.84968,0
-30.320774,-54.35126,0
-26.072372,74.22101,0
16.744694,97.089836,0
-38.36227,-5.640123,0
-39.863132,-131.20341,0
-3.7960203,-98.47901,0
142.21434,16.738024,0
89.244835,-65.44,0
59.548065,27.971,0
47.510685,34.684013,0
38.87852,56.059933,0
-0.10312307,3.4424016,0
0.29386863,-6.6220098,0
41.897404,-42.59553,0
131.98851,70.46722,0
122.66147,-63.134552,0
-64.00674,-35.226738,0
-52.565685,65.476845,0
27.884558,131.90788,0
-64.88707,17.572367,0
-76.73969,-123.084465,0
28.284817,-111.40516,0
140.09125,74.436356,0
113.55183,-83.37258,0
-61.00165,-22.318254,0
-60.137688,49.70284,0
43.26352,130.80109,0
-52.777874,29.342905,0
-63.770054,-84.6696,0
42.51005,-102.95249,0
92.68409,29.658897,0
81.94434,5.1025634,0
-183.0883,-5.1842237,0
-96.66671,115.43619,0
13.205387,181.27202,0
-140.65866,43.01495,0
-131.54892,-88.28264,0
8.012078,-171.99234,0
108.55242,60.52395,0
74.207954,-17.855062,0
-162.01932,-16.614372,0
-79.931625,80.84711,0
0.46037608,177.73944,0
-125.927605,34.363506,0
-123.42022,-113.85383,0
28.713037,-171.11559,0
79.31319,36.43351,0
61.434864,-23.960342,0
-166.658,-39.122757,0
-74.655014,126.1239,0
-9.394498,170.769,0
-114.98772,49.655323,0
-132.05893,-130.36108,0
16.900946,-162.19804,0
71.72066,43.338684,0
81.83598,-31.866182,0
-154.7458,-26.754028,0
-93.21661,97.62458,0
-21.162075,149.08899,0
-113.70134,26.84338,0
-116.27812,-125.52244,0
5.4134064,-156.75732,0
115.32767,78.591095,0
132.45464,-45.298992,0
-59.730175,-47.871555,0
-42.4407,76.853645,0
17.700087,123.246826,0
-68.192696,12.948235,0
-79.40529,-118.16174,0
15.107976,-115.25088,0
140.6379,98.65169,0
126.53239,-100.5147,0
-17.16013,-41.429333,0
-33.274826,40.16448,0
49.00099,150.99309,0
-18.060453,-25.38526,0
-41.727703,-85.60202,0
59.160408,-97.26156,0
123.05828,70.04105,0
99.16608,-14.212253,0
-121.57495,-41.362637,0
-63.402473,74.26673,0
18.824152,147.61801,0
-100.89663,9.460015,0
-103.62932,-97.69171,0
27.06779,-125.92209,0
109.38892,30.147446,0
91.094055,-3.001524,0
-163.55959,1.7497885,0
-93.42891,85.94867,0
-35.12323,151.87482,0
-148.61763,38.465145,0
-113.32328,-89.29177,0
-2.2602808,-163.00346,0
98.603935,76.113785,0
108.59301,-25.891895,0
-139.19421,2.269389,0
-119.44858,89.05075,0
-29.811417,124.45618,0
-130.82173,10.307338,0
-156.63731,-75.51465,0
62.28104,-162.43848,0
113.61314,137.48645,0
98.465004,-116.67329,1
12.846122,-49.840153,0
-10.519814,40.33392,0
75.2538,156.27888,0
4.3102155,-32.897064,0
-5.4085956,-56.861134,0
53.080727,-62.213184,0
143.98047,78.77191,0
116.57225,-82.76019,0
-62.810818,-24.782866,0
-57.852894,50.391266,0
41.572147,127.12692,0
-55.147133,28.785658,0
-67.005486,-84.309296,0
40.060505,-106.238846,0
112.67604,130.36981,0
104.01358,-118.97935,1
5.1720743,-48.239246,0
-15.177766,43.499874,0
68.79155,156.2864,0
2.9403372,-39.906067,0
1.2745023,-51.700397,0
52.76921,-67.69527,0
117.421036,110.837524,0
132.10698,-6.372436,0
-93.13814,-50.97137,0
-85.28181,57.95303,0
39.270267,167.957,0
-94.51526,-12.349635,0
-92.60655,-65.17506,0
66.08182,-121.83534,0
128.80815,92.87438,0
134.25568,-80.81881,0
-89.19393,-36.870335,0
-46.382122,49.27727,0
29.230364,156.18616,0
-84.84642,-27.356974,0
-80.86395,-84.13033,0
52.82731,-108.9702,0
108.51921,135.31485,0
101.79471,-128.60928,1
11.033831,-56.87814,0
-8.393833,49.64134,0
70.658226,165.27347,0
-1.1387255,-33.790146,0
-0.73542076,-61.20958,0
62.098526,-67.28108,0
101.22557,29.914095,0
84.0748,-5.0325155,0
-168.01099,-5.353607,0
-94.125206,108.41865,0
-40.99353,157.97719,0
-143.2369,56.344654,0
-123.81168,-98.13779,0
4.640311,-167.4495,0
96.05402,43.486263,0
68.08504,-27.352709,0
-157.78413,-26.245024,0
-76.425,88.05557,0
-9.4994135,162.49628,0
-111.925514,45.28832,0
-120.08485,-127.61073,0
17.112701,-157.17319,0
142.03664,89.56739,0
120.362946,-96.801544,0
-23.885426,-41.03476,0
-33.521545,46.073,0
48.486454,145.63298,0
-24.536535,-25.273926,0
-48.341503,-88.15356,0
53.52523,-95.03036,0
119.25429,33.714764,0
73.439156,5.2376723,0
-156.06395,2.7894704,0
-91.88045,78.59301,0
-38.29512,144.8921,0
-148.53264,31.677475,0
-108.247505,-86.59875,0
-7.0294065,-157.19891,0
144.41841,77.30112,0
113.771126,-85.97952,0
-63.028988,-20.122871,0
-63.107502,51.983837,0
44.87561,135.79152,0
-53.455757,31.674313,0
-68.438156,-80.64951,0
43.228874,-105.33418,0
140.05716,90.62636,0
122.79277,-97.19079,0
-21.345839,-40.16585,0
-35.179768,44.08452,0
47.522606,148.25403,0
-22.60684,-26.534573,0
-46.437145,-86.789406,0
55.81887,-96.12296,0
152.88852,33.871597,0
88.452034,-77.753426,0
-5.1934566,12.55889,0
-4.4651666,13.854507,0
12.545968,50.955685,0
-4.703894,13.122897,0
-5.712567,11.696776,0
33.64239,-65.12427,0
97.2591,66.69844,0
109.835075,5.5547714,0
-182.19116,9.151806,0
-114.120995,104.00652,0
-41.133713,178.07703,0
-140.58821,26.800074,0
-146.94475,-86.11245,0
43.979282,-181.05319,0
107.295876,52.97161,0
82.505775,-19.37963,0
-141.60938,-20.17908,0
-74.5441,92.19634,0
2.8995116,158.57973,0
-122.23949,39.060463,0
-103.64898,-114.69236,0
19.831457,-141.05597,0
63.52427,46.210567,0
113.394104,-7.8075266,0
-141.64383,-49.542213,0
-100.07686,99.174416,0
-23.760933,141.86984,0
-117.0317,8.753831,0
-136.15553,-78.8795,0
42.613655,-161.38603,0
114.50032,52.92144,0
90.35498,-30.765882,0
-130.34497,-36.8978,0
-68.099594,80.41786,0
0.9687775,149.83987,0
-110.652565,23.5406,0
-101.38483,-123.03119,0
14.654939,-139.93652,0
133.30875,78.63112,0
115.1395,-76.214645,0
-57.826492,-26.679218,0
-54.8655,51.437614,0
40.446842,128.82779,0
-48.297394,21.992668,0
-59.28253,-86.3916,0
36.61116,-100.834465,0
96.449875,50.420753,0
74.266266,-35.627216,0
-139.07225,-31.937372,0
-68.28828,105.624916,0
-7.313848,138.34216,0
-103.24649,30.159914,0
-109.022,-108.45597,0
30.583212,-144.8482,0
123.844475,46.11083,0
66.3854,-20.128485,0
-165.23557,-27.985205,0
-63.626278,94.51759,0
-6.73582,165.27025,0
-117.35389,43.505375,0
-126.413124,-121.65135,0
10.6591,-164.84364,0
96.458984,112.29225,0
160.67126,-57.96708,0
-48.079815,-44.62835,0
-24.70594,58.246563,0
25.92238,115.0375,0
-34.64022,-21.572556,0
-25.43391,-116.81691,0
12.662609,-98.993034,0
110.69539,53.745506,0
76.46928,-16.599747,0
-161.77997,-13.9976635,0
-76.82703,82.04625,0
5.4497933,160.65244,0
-127.642555,34.141365,0
-121.38218,-112.26586,0
30.952251,-175.12772,0
110.53185,112.37182,0
144.94774,-37.21107,0
-78.98978,-57.434036,0
-15.343391,86.45658,0
36.28318,109.682846,0
-80.987114,-6.1600094,0
-80.93263,-71.04444,0
28.904158,-84.55776,0
65.04335,80.96848,0
161.5092,-14.235089,0
-65.64287,-62.957764,0
-40.79797,92.07144,0
-5.1472306,96.69789,0
-65.86736,-6.3534517,0
-68.37731,-102.74289,0
-8.057867,-133.61162,0
96.22061,71.88479,0
107.9853,-22.128054,0
-139.77185,-2.1580465,0
-118.721405,92.28451,0
-30.20268,126.213036,0
-128.31627,9.852477,0
-154.91756,-76.89152,0
59.58126,-163.58182,0
82.99819,61.984707,0
94.42483,-49.571274,0
-121.38033,-18.055273,0
-56.08858,102.82378,0
1.5031744,133.26247,0
-88.703094,34.154564,0
-87.6012,-98.86613,0
35.048107,-137.48279,0
119.272224,107.41534,0
129.77469,-4.854703,0
-95.49867,-49.653282,0
-86.38441,59.968582,0
38.085228,169.57828,0
-94.0609,-14.80779,0
-94.3105,-66.42845,0
67.11007,-120.042915,0
93.45209,113.63953,0
161.37231,-57.067802,0
-46.446426,-45.022717,0
-23.613249,59.206627,0
25.82058,114.02269,0
-34.433723,-20.704502,0
-25.752756,-117.34388,0
12.9038,-98.809044,0
114.32764,64.26913,0
79.34257,-9.940278,0
-171.23514,-11.669173,0
-70.22318,86.1366,0
7.2682047,163.2008,0
-134.25179,37.23611,0
-128.12221,-100.89936,0
32.28088,-170.80063,0
123.187546,30.770494,0
71.40236,10.361445,0
-154.51785,8.533558,0
-93.547806,77.49092,0
-41.484238,142.11664,0
-153.41249,27.649723,0
-105.69295,-80.3485,0
-11.265571,-156.9401,0
125.41114,91.0886,0
127.53923,-79.11195,0
-50.54603,-34.452957,0
-40.594387,55.594666,0
32.79458,149.55556,0
-79.57451,-22.62518,0
-74.325836,-81.176575,0
27.341356,-94.890236,0
65.932816,104.24011,0
144.66786,-62.35449,0
-35.77407,-34.406864,0
-35.2268,64.318146,0
31.73916,91.72892,0
-33.70013,7.7441406,0
-52.884537,-140.21501,0
5.368155,-84.96263,0
100.22573,21.40558,0
87.659996,5.730869,0
-174.11592,0.663688,0
-102.95664,110.03247,0
-37.35827,161.73119,0
-148.795,49.487453,0
-123.96986,-90.75182,0
-0.806973,-175.63237,0
112.81215,114.14589,0
127.3462,-13.587425,0
-104.80019,-52.48312,0
-74.64394,63.79173,0
27.333637,174.84244,0
-97.12479,-5.473175,0
-105.33924,-54.948116,0
63.78312,-131.2793,0
98.37525,44.10483,0
82.29753,-32.57355,0
-154.31998,-26.071058,0
-82.9865,95.42114,0
-8.440746,154.53493,0
-113.903435,27.639862,0
-116.084114,-126.53147,0
14.585532,-155.98186,0
87.21027,34.264126,0
60.20542,-17.096737,0
-172.43921,-28.877842,0
-85.96219,122.36169,0
-17.686363,172.5983,0
-122.913055,52.31174,0
-135.11482,-121.07011,0
16.180489,-169.59679,0
99.11302,33.095966,0
67.29085,-8.0645,0
-148.27145,-35.78049,0
-67.9583,108.786125,0
-2.0312932,140.81165,0
-127.822075,51.986893,0
-134.13847,-113.89043,0
24.16537,-148.71535,0
127.60921,50.300343,0
92.13331,-15.952324,0
-133.7821,-11.61599,0
-61.79966,86.379234,0
10.17042,140.3803,0
-95.14005,17.448534,0
-86.773224,-117.39734,0
17.318691,-126.09324,0
117.637764,57.514313,0
92.55957,-26.22847,0
-142.94554,-16.543938,0
-70.89877,91.16404,0
2.9476624,147.64456,0
-102.97535,19.75963,0
-95.60793,-123.00194,0
17.274927,-136.04193,0
80.70666,31.595621,0
63.906822,-23.821316,0
-167.29706,-32.020664,0
-80.627205,125.80271,0
-15.713704,169.62761,0
-117.63662,48.475136,0
-128.71722,-125.633575,0
13.078491,-160.15253,0
112.252625,22.082582,0
81.35731,13.724059,0
-165.83376,11.987474,0
-104.00795,84.551735,0
-46.737865,153.90277,0
-158.63106,38.13622,0
-117.07825,-81.03156,0
-11.556282,-169.07732,0
144.32059,95.25067,0
124.81094,-102.82524,0
-15.53452,-38.81684,0
-30.189386,41.356407,0
52.699135,150.29247,0
-16.565516,-28.116316,0
-40.230904,-87.23993,0
60.39674,-94.55069,0
140.25238,37.36438,0
90.6771,-62.24464,0
40.263798,37.05306,0
-31.466707,28.56477,0
35.661983,69.106636,0
-9.757135,3.5108032,0
0.9765244,-15.472601,0
36.695877,-49.167297,0
116.2392,25.34209,0
74.79631,12.776873,0
-158.52245,10.679081,0
-98.56512,79.624664,0
-44.586517,146.55429,0
-156.27788,31.620678,0
-110.88862,-80.140465,0
-12.149796,-160.59543,0
159.17683,43.947365,0
109.49781,-50.209538,0
59.259308,32.085953,0
10.2745695,65.38495,0
11.033783,68.755066,0
-7.810089,-75.12359,0
-10.887904,-75.78596,0
32.799767,-72.508965,0
89.939545,49.761604,0
72.40754,-37.516212,0
-137.75356,-34.81593,0
-74.96632,104.82967,0
-20.561005,132.50606,0
-101.58077,28.62351,0
-107.24976,-107.1893,0
29.78369,-143.6744,0
94.88766,25.35815,0
80.1467,0.5859864,0
-177.82622,-5.9932904,0
-101.391785,116.686356,0
-31.289776,167.90218,0
-142.30847,49.55714,0
-130.97467,-94.95884,0
7.061003,-178.33801,0
117.29497,34.980633,0
89.705246,-7.158764,0
-159.54808,0.10520227,0
-89.84914,83.31538,0
-34.170353,148.44992,0
-146.29147,35.12941,0
-109.92483,-90.379974,0
-2.8339126,-159.02219,0
114.17021,22.253006,0
80.81077,14.00771,0
-165.4833,12.1005335,0
-103.449356,84.50797,0
-46.471897,153.31232,0
-159.08054,37.50069,0
-116.81546,-79.961075,0
-11.776751,-168.08069,0
65.30976,102.06877,0
147.49345,-61.14112,0
-34.700768,-37.223633,0
-35.78514,67.55306,0
27.577929,90.548744,0
-31.932827,4.530782,0
-49.63384,-141.85823,0
2.172519,-85.985634,0
136.20972,62.453564,0
108.67301,-66.04024,0
-76.00954,-32.507282,0
-66.29799,61.010662,0
33.97259,142.87622,0
-64.672806,28.53252,0
-83.923355,-132.88075,0
39.786354,-116.820724,0
65.960785,46.21387,0
113.963486,-6.090879,0
-143.9543,-49.72036,0
-99.060326,97.875946,0
-25.319439,143.44455,0
-117.72915,9.235259,0
-135.96078,-79.87395,0
41.43425,-161.707,0
116.594666,109.12064,0
128.75055,-7.8566628,0
-94.87486,-54.2354,0
-82.50525,58.12596,0
42.72505,168.84567,0
-97.40085,-10.702622,0
-90.84813,-62.37759,0
64.907906,-124.852325,0
63.41273,95.497696,0
136.86514,-68.959015,0
-42.971676,-27.195278,0
-41.00162,68.99299,0
34.26289,118.51477,0
-39.137894,16.00461,0
-62.82204,-135.11147,0
18.194157,-90.51482,0
154.2028,60.07349,0
97.20727,-72.81844,0
-11.746748,16.744421,0
-8.753623,20.211662,0
40.272243,81.954155,0
-11.141352,18.126772,0
-12.964117,14.239503,0
31.827208,-59.971947,0
136.04292,71.253334,0
113.83315,-75.827286,0
-60.759373,-28.130201,0
-57.23358,55.04734,0
38.633255,132.20627,0
-54.726864,23.495705,0
-61.274445,-86.33559,0
36.92105,-102.839386,0
79.12519,68.2462,0
98.94932,-44.052746,0
-118.27837,-24.61377,0
-50.860554,104.44001,0
-1.2388699,128.4257,0
-84.606606,30.796331,0
-95.26609,-99.712616,0
38.53061,-131.49988,0
76.051636,90.02706,0
155.54985,-24.893131,0
-54.614574,-70.352394,0
-30.675608,98.27851,0
-1.0344995,112.83604,0
-54.17321,4.418954,0
-52.939526,-105.281,0
-1.0028018,-119.019806,0
165.58368,5.667082,0
76.870255,-93.66821,0
34.260952,11.571909,0
17.795626,29.71113,0
17.505615,30.920012,0
22.875746,15.185423,0
21.956964,13.005496,0
41.70569,-19.298717,0
90.01782,101.82439,0
132.64679,-48.221638,0
-57.08804,-45.939636,0
-41.977966,73.66015,0
21.188723,121.10544,0
-46.81635,-15.611633,0
-38.67466,-118.87899,0
15.961111,-109.53395,0
110.517365,102.29525,0
136.89552,-10.243594,0
-84.16114,-46.0268,0
-85.99204,56.230034,0
38.6502,164.699,0
-84.720634,-14.9532175,0
-86.22316,-63.118,0
58.585514,-123.4481,0
106.3583,86.81195,0
121.24263,-32.89705,0
-105.451164,-42.579388,0
-57.02958,120.90862,0
17.923187,163.67197,0
-89.85683,2.875974,0
-109.55335,-65.084366,0
55.68364,-137.58974,0
80.31934,108.16724,0
167.99838,-49.417152,0
-36.32679,-47.6166,0
-22.738802,65.33971,0
24.257553,101.21651,0
-31.238935,-10.592547,0
-35.544582,-122.40769,0
4.2184887,-94.82342,0
77.639465,90.853836,0
150.70645,-26.781376,0
-47.79611,-64.62798,0
-26.634953,89.05169,0
1.50721,106.49762,0
-55.51364,0.12530816,0
-52.81733,-115.873,0
-3.8843694,-117.09573,0
120.06301,62.28649,0
116.37851,-29.115835,0
-111.752594,-41.86316,0
-65.81094,76.928215,0
21.0769,155.45534,0
-93.86764,7.6810017,0
-107.964554,-70.18454,0
52.4732,-140.5986,0
117.918594,70.054,0
94.170105,-12.463596,0
-123.22346,-36.174747,0
-62.989056,82.099495,0
13.117783,142.94418,0
-98.32757,12.92101,0
-88.96606,-111.878815,0
23.3115,-123.74094,0
93.6523,101.91046,0
152.04828,-53.043686,0
-51.645187,-47.815163,0
-28.450281,67.94521,0
19.198568,114.74009,0
-43.279552,-16.56898,0
-32.05661,-129.49246,0
15.283294,-106.31792,0
89.99972,99.82166,0
134.904,-47.865486,0
-56.231804,-47.703243,0
-39.768555,74.17172,0
20.365635,120.36879,0
-48.80123,-15.9995575,0
-40.49237,-118.64099,0
15.8982935,-112.14092,0
116.33021,108.46876,0
129.84636,-7.727325,0
-93.839485,-53.191685,0
-83.098465,59.017918,0
39.865658,170.06793,0
-95.25711,-11.691969,0
-90.97297,-63.357773,0
64.403496,-122.68888,0
111.44443,31.27858,0
90.33485,-4.5289145,0
-161.79814,1.7254987,0
-94.17558,84.56735,0
-34.962814,150.80414,0
-148.359,36.84721,0
-112.35586,-88.63673,0
-2.7757258,-162.24481,0
114.92879,111.07233,0
135.26793,-2.6452312,0
-87.46527,-51.226017,0
-82.148575,60.225582,0
36.97468,176.3843,0
-88.47802,-9.859886,0
-87.35673,-71.18335,0
63.00109,-120.38957,0
72.06702,57.65607,0
109.60195,-15.981486,0
-133.905,-54.134285,0
-73.81536,104.23619,0
-19.884161,132.86632,0
-116.54973,-0.40195206,0
-137.95493,-70.24099,0
40.677044,-151.54091,0
163.79594,8.132192,0
75.61399,-92.01843,0
51.459286,12.797934,0
18.126259,35.15882,0
16.81327,34.917336,0
17.783915,8.352032,0
19.20695,9.889836,0
41.634113,-17.050856,0
109.83442,43.629086,0
81.87782,-36.704285,0
-153.74875,-22.087475,0
-84.49043,96.130806,0
-12.414526,158.16103,0
-113.55429,35.749027,0
-112.33517,-128.70581,0
13.50024,-151.28708,0
122.624,29.094343,0
71.05502,11.307133,0
-154.17824,9.686834,0
-95.11406,76.45927,0
-42.29802,143.39459,0
-153.78821,28.057701,0
-106.516685,-79.75697,0
-12.702865,-156.81473,0
144.54807,74.90319,0
111.52003,-84.3351,0
-60.624817,-20.401804,0
-60.81006,51.254894,0
43.624454,131.74457,0
-51.556713,30.915756,0
-65.665436,-80.45817,0
43.305492,-101.82854,0
128.2844,77.42514,0
123.41157,-74.112015,0
-56.65076,-34.26728,0
-48.981907,56.75006,0
32.119164,126.785324,0
-51.107742,16.12461,0
-58.61033,-94.40159,0
27.870281,-102.695915,0
65.92236,59.290253,0
106.46651,-11.450305,0
-138.55362,-56.087574,0
-109.43024,98.99332,0
-26.15457,135.7919,0
-120.699265,3.0035203,0
-141.5498,-74.24171,0
48.05999,-162.4047,0
166.47429,7.9786325,0
77.43528,-92.23684,0
36.60123,12.274894,0
13.779072,29.984045,0
14.752236,32.29425,0
15.883047,17.875656,0
19.451332,13.782905,0
41.222916,-17.24264,0
108.78039,29.543083,0
92.72105,-3.7609403,0
-164.43532,3.5392175,0
-95.28158,88.754906,0
16.964981,140.59648,0
-150.72949,39.70781,0
-115.88902,-88.55181,0
-0.25505883,-164.14159,0
113.01122,38.453224,0
85.39731,-26.571264,0
-151.83244,-10.849447,0
-112.46813,86.73222,0
-19.141613,126.89878,0
-125.7717,28.086023,0
-106.76511,-121.38441,0
0.7206435,-151.12332,0
133.47882,63.289547,0
111.12506,-65.00048,0
-74.19097,-34.35184,0
-65.62979,62.825836,0
32.11411,142.42892,0
-65.91847,26.320631,0
-84.00743,-129.7887,0
39.0176,-119.11735,0
80.17011,58.639507,0
64.94156,-34.191395,0
-129.70575,-30.85458,0
-64.43489,106.15422,0
-13.552617,134.70352,0
-93.697266,38.667526,0
-112.846535,-101.435974,0
36.36312,-145.37068,0
91.50495,54.450005,0
75.05511,-40.71691,0
-144.43974,-31.236223,0
-71.57223,96.20732,0
-4.383015,144.60985,0
-101.03359,35.52265,0
-105.16795,-133.57654,0
29.144539,-147.47316,0
119.03424,142.80382,0
94.91744,-112.52117,1
17.492928,-47.518852,0
-9.23484,36.01697,0
77.505005,152.19194,0
7.9402747,-29.300615,0
-9.972685,-57.61158,0
52.879517,-58.256744,0
155.59544,19.66525,0
73.97461,-72.609024,0
58.08661,25.75334,0
33.794838,21.45617,0
26.907377,55.547127,0
1.4812807,2.688615,0
3.87546,-2.960199,0
36.226166,-33.109985,0
95.63636,82.9654,0
112.97899,-40.907795,0
-105.189995,-34.912228,0
-58.085564,79.27933,0
27.18525,157.82861,0
-86.60289,8.265091,0
-81.30035,-91.31789,0
51.7677,-131.07076,0
93.560776,90.28761,0
134.42169,-30.735788,0
-64.95451,-69.43485,0
-38.855392,100.3463,0
2.4538145,118.77022,0
-72.686775,-2.7727394,0
-73.05793,-98.31471,0
8.029607,-119.7299,0
72.77649,45.884518,0
112.087006,-7.357714,0
-142.19649,-50.286205,0
-98.0988,99.79807,0
-23.07946,146.00838,0
-115.93838,12.03037,0
-132.93558,-81.73271,0
38.39042,-160.60226,0
82.9263,40.16755,0
56.44396,-16.27245,0
-176.13779,-31.00082,0
-82.31773,123.72831,0
-18.228806,177.01833,0
-121.982864,55.554653,0
-134.416,-123.11962,0
16.089724,-172.94217,0
142.00465,73.70921,0
111.07491,-80.86456,0
-57.82365,-22.612411,0
-59.405403,46.7009,0
45.965916,128.92638,0
-50.17541,28.292486,0
-62.669647,-82.12747,0
40.903694,-100.12017,0
127.92915,97.63735,0
131.77888,-84.60553,0
-90.20997,-32.449306,0
-47.967907,46.90628,0
34.532906,157.31242,0
-87.80818,-23.240526,0
-83.17327,-79.085594,0
51.39845,-113.65816,0
122.23393,80.292046,0
141.15555,-57.183624,0
-45.07854,-35.96071,0
-39.713875,57.6808,0
36.088734,97.667274,0
-40.63206,6.077932,0
-58.7644,-144.21368,0
13.156448,-85.81343,0
156.25157,61.93638,0
95.284096,-71.81771,0
-2.7358325,24.299446,0
-5.952556,21.83057,0
41.17762,80.42523,0
-4.1628814,23.522505,0
-0.50707704,25.195148,0
29.901964,-60.01467,0
108.18404,135.67537,0
101.09537,-128.33028,1
12.557758,-57.42961,0
-6.9874516,50.076576,0
72.03525,164.86774,0
-1.5622771,-33.01758,0
-0.034020595,-62.103127,0
61.88736,-66.88872,0
82.86233,101.71691,0
158.41406,-36.81729,0
-37.975018,-58.049747,0
-17.227243,80.291985,0
13.575119,107.38233,0
-48.731358,-8.9478855,0
-43.483875,-123.40486,0
4.256364,-108.66326,0
108.25738,75.3351,0
129.41628,-42.760967,0
-62.965065,-48.32163,0
-53.81656,82.11133,0
14.902579,126.16786,0
-69.05647,10.263791,0
-81.22147,-115.81565,0
14.636318,-120.3324,0
58.862457,93.78988,0
134.10701,-67.51331,0
-46.409824,-28.058693,0
-45.461933,66.58524,0
32.058712,120.231316,0
-42.61435,15.655525,0
-65.64832,-136.73172,0
21.874697,-93.1899,0
126.3677,92.61326,0
129.68715,-79.97397,0
-83.80909,-35.14734,0
-42.578068,50.843422,0
33.513054,151.91296,0
-81.72403,-24.115263,0
-76.714035,-81.08669,0
49.044876,-109.379654,0
73.773926,101.84337,0
163.67345,-43.03681,0
-30.965601,-52.00254,0
-26.83129,73.37702,0
18.7607,96.65934,0
-36.587795,-5.304909,0
-41.978683,-132.95404,0
-4.578993,-95.75304,0
84.44731,58.588406,0
67.04315,-32.32447,0
-128.91098,-27.60128,0
-61.803116,103.87323,0
-10.812317,133.193,0
-93.438324,35.51353,0
-115.307915,-103.31206,0
38.992733,-144.489,0
106.06085,28.792852,0
89.64939,-3.4854147,0
-164.16362,0.6393948,0
-97.382256,106.67653,0
-34.15196,152.58379,0
-147.45612,39.8913,0
-115.398224,-91.097946,0
-1.0327948,-166.18767,0
94.75498,100.753395,0
151.70244,-50.376083,0
-51.290897,-49.699444,0
-29.02005,67.46898,0
19.382547,115.14223,0
-42.79087,-14.131925,0
-32.888077,-129.96689,0
16.91314,-105.87948,0
103.434105,54.35054,0
110.96713,-14.346756,0
-135.02367,-51.160995,0
-109.03981,93.861946,0
-20.000383,134.83536,0
-122.25789,17.637522,0
-136.52248,-72.25522,0
35.11389,-168.12459,0
81.94556,97.141495,0
155.12856,-38.455086,0
-36.553032,-61.57827,0
-19.802105,81.71759,0
11.358557,105.14366,0
-46.430943,-4.9477835,0
-44.228992,-116.526474,0
0.27591,-107.51066,0
146.0655,90.8135,0
124.73652,-105.61295,0
-13.150203,-35.970543,0
-29.309664,46.58335,0
55.15567,150.57426,0
-13.835993,-29.532661,0
-38.424408,-89.59059,0
59.448536,-90.624626,0
83.234474,120.5773,0
165.84511,-61.49105,0
-27.868998,-66.42864,0
-12.803029,61.36133,0
31.458174,109.92643,0
-26.754644,-16.194754,0
-31.314848,-109.15668,0
12.607729,-94.205376,0
104.37217,19.576897,0
89.26178,5.6966734,0
-173.36081,2.0406392,0
-105.44855,109.59559,0
-37.896935,162.61906,0
-151.54979,49.524437,0
-123.67288,-88.91219,0
-3.3519306,-177.00867,0
163.65807,8.172588,0
75.862976,-91.18799,0
51.97565,13.581289,0
17.687267,35.964157,0
16.213522,35.302887,0
16.598291,8.554583,0
18.484453,10.278152,0
42.320534,-17.290369,0
121.19704,109.54144,0
132.87373,-1.1128209,0
-90.55338,-48.26094,0
-83.53762,62.981243,0
35.552227,172.16093,0
-92.5751,-10.58864,0
-92.381035,-71.001915,0
63.95704,-118.44403,0
78.57339,45.8692,0
74.22436,-38.69562,0
-148.11221,-30.04302,0
-74.47778,98.80416,0
-3.8080182,148.9463,0
-106.42936,37.910538,0
-117.57489,-131.42693,0
26.75066,-143.1003,0
115.86371,54.14197,0
93.19807,-30.548025,0
-135.41547,-18.771624,0
-70.68055,85.135414,0
7.753961,155.32397,0
-100.58504,23.428675,0
-91.75779,-119.86436,0
18.14404,-136.89212,0
93.16642,48.813694,0
72.856224,-36.6891,0
-136.86267,-33.697517,0
-76.83277,103.93085,0
-7.386536,141.9251,0
-101.89848,29.051529,0
-108.18861,-108.71547,0
28.645771,-143.58864,0
136.46658,67.99733,0
112.46162,-69.80446,0
-71.606636,-30.015835,0
-60.671303,58.680634,0
35.299324,138.09227,0
-61.367447,24.27356,0
-78.558754,-132.00044,0
37.281815,-112.916336,0
121.37762,56.6446,0
88.21244,-22.37686,0
-140.32054,-10.775451,0
-67.75153,69.48497,0
24.487917,145.6778,0
-106.77735,20.991547,0
-97.687515,-119.47383,0
14.568961,-131.37047,0
112.19708,36.81008,0
164.69478,-22.773062,0
-59.190113,-57.326393,0
-37.399338,84.61433,0
1.2189108,91.684845,0
-62.627377,-11.582962,0
-64.06574,-100.89036,0
-6.832431,-139.92015,0
115.933174,87.83028,0
123.43555,-56.994274,0
-72.40523,-21.806087,0
-55.865746,69.608894,0
22.119015,136.14178,0
-79.275406,3.0752535,0
-46.061756,-99.11787,0
23.64814,-110.35495,0
77.38544,64.697876,0
96.99123,-50.641106,0
-120.3226,-19.486217,0
-56.575962,103.991806,0
-7.9138,125.14175,0
-87.18932,33.65154,0
-89.60893,-98.89943,0
36.123837,-136.513,0
155.10786,33.38717,0
111.56618,-55.11598,0
-16.808464,-17.063408,0
39.727444,17.713633,0
21.705454,58.176018,0
-15.627248,-16.972507,0
-21.255928,-63.32881,0
35.4245,-67.063,0
139.18065,78.06513,0
114.84889,-81.35803,0
-60.654034,-24.729939,0
-56.317665,48.416332,0
44.133713,126.167984,0
-54.59957,27.123852,0
-65.27263,-84.79373,0
39.41018,-104.19673,0
68.05372,49.8498,0
115.062355,-10.541381,0
-138.41563,-47.175278,0
-101.51641,93.557785,0
-20.010305,139.81917,0
-114.30182,7.550019,0
-133.16992,-77.67543,0
42.138107,-157.09584,0
68.106476,101.04266,0
149.05283,-58.83009,0
-35.683327,-40.980873,0
-36.238438,71.06544,0
25.654629,90.734634,0
-33.214993,2.4059236,0
-46.07925,-140.30202,0
-1.3155605,-87.49278,0
105.25453,93.84653,0
128.17769,-21.611855,0
-115.6634,-50.568653,0
-70.182976,138.96576,0
15.586593,179.95607,0
-103.06585,-2.7823431,0
-116.93787,-59.814598,0
67.58503,-138.77258,0
84.3624,22.615759,0
64.58279,0.2321768,0
-184.18788,-19.888573,0
-95.357666,127.436775,0
-26.793673,180.09068,0
-132.06888,60.497185,0
-142.30292,-107.51792,0
14.45814,-184.18532,0
69.18129,66.52454,0
118.829506,-17.696787,0
-128.24971,-51.12169,0
-56.856754,87.94563,0
16.196688,154.28279,0
-108.48097,2.9867444,0
-128.90858,-68.044655,0
51.29017,-151.78596,0
123.96956,40.797462,0
87.98707,-14.9297495,0
-136.85295,-8.376278,0
-86.852905,73.03613,0
-37.365974,139.3664,0
-92.81146,17.62525,0
-102.31342,-84.500755,0
13.903805,-125.18365,0
82.3916,45.4166,0
72.656555,-49.871243,0
-153.792,-38.988132,0
-69.454445,113.45444,0
-19.64574,162.5279,0
-100.80823,47.097595,0
-116.8254,-140.12439,0
23.572195,-154.75105,0
81.041145,61.165382,0
101.64182,-50.412636,0
-122.93371,-25.16414,0
-53.207237,107.7977,0
-7.4751267,129.54366,0
-84.3446,35.365486,0
-94.75575,-93.516655,0
40.16499,-138.32088,0
103.27433,44.428864,0
78.4269,-28.498676,0
-142.44072,-25.196514,0
-84.59242,99.7713,0
-12.220446,148.76044,0
-117.481636,23.94162,0
-111.85627,-117.30901,0
9.111311,-156.47884,0
100.59107,36.55048,0
69.0552,-10.714446,0
-171.46458,-18.929676,0
-87.90933,114.6083,0
-1.9644027,183.57219,0
-130.5801,42.487995,0
-131.20161,-109.81889,0
23.364286,-179.46162,0
79.50581,58.96269,0
103.34748,-49.396164,0
-121.17736,-25.445658,0
-54.561657,107.27257,0
-8.510008,128.39554,0
-86.785576,35.383854,0
-92.77429,-91.77455,0
41.920635,-136.16284,0
117.644844,109.770454,0
129.30481,-7.061447,0
-95.06364,-53.05449,0
-83.29053,58.38741,0
41.68772,168.73477,0
-96.438,-11.597003,0
-92.2282,-63.2658,0
65.59825,-124.06101,0
67.86062,80.17114,0
153.27536,-16.269882,0
-55.98184,-60.47771,0
-35.167515,87.53945,0
-9.565434,101.23953,0
-64.10085,0.79037535,0
-60.131676,-121.78516,0
-4.670458,-130.71182,0
114.94684,32.566227,0
90.12267,-6.3216996,0
-160.59566,0.5951712,0
-89.73683,84.20306,0
-34.06955,149.24803,0
-146.72092,35.73815,0
-110.83278,-89.6251,0
-2.6689372,-160.24908,0
143.39992,50.511868,0
105.11038,-37.270576,0
-112.33472,-21.809738,0
41.92672,40.940598,0
1.6544886,56.34946,0
-83.35851,17.850605,0
-94.150696,-88.68781,0
47.084694,-88.92599,0
155.85202,79.92769,0
155.91783,-42.71686,0
-32.86923,-59.70665,0
34.09351,33.572582,0
31.60226,104.05272,0
-43.791283,-5.7116227,0
-37.855244,-126.471504,0
2.399105,-102.60019,0
95.54441,61.898552,0
104.74485,7.0700917,0
-184.29718,13.97158,0
-114.01817,110.91942,0
-41.424202,172.51741,0
-139.18292,24.198101,0
-144.64311,-90.727875,0
39.972847,-176.23149,0
162.98964,39.134636,0
107.33254,-43.394703,0
-112.197205,-20.084288,0
29.53851,24.628946,0
17.533289,72.985,0
-78.316025,27.67839,0
-86.253494,-94.13299,0
43.556,-76.92706,0
117.629036,88.44557,0
123.94704,-58.88196,0
-71.38027,-19.876732,0
-53.9117,69.84595,0
22.48345,133.44539,0
-78.41808,1.059743,0
-43.458088,-98.046394,0
25.638483,-111.685684,0
95.37118,22.52259,0
82.14166,-1.1993258,0
-172.15941,-4.896227,0
-106.35955,116.84041,0
-34.036514,166.69733,0
-144.51218,52.06729,0
-127.486084,-98.4986,0
2.676644,-181.28287,0
125.4714,25.431488,0
163.49585,-12.666698,0
-70.124374,-62.101055,0
-44.032993,92.93111,0
-7.170189,94.62989,0
-67.394,-1.0408063,0
-69.35422,-108.86182,0
-5.542587,-136.98314,0
113.863,42.787422,0
86.18141,-35.471905,0
-149.85321,-19.333841,0
-82.00904,90.96442,0
-5.9891853,157.78372,0
-115.05746,31.562195,0
-106.437935,-127.157646,0
13.013061,-146.178,0
87.753,92.06821,0
146.384,-29.743904,0
-44.100506,-68.578125,0
30.01614,32.458057,0
8.224164,114.02301,0
-50.99097,2.0947967,0
-49.634655,-109.66617,0
0.94496834,-115.45406,0
97.2124,31.675457,0
75.460625,-1.6095413,0
-178.8255,-11.705131,0
-98.47845,122.448715,0
-28.14875,173.56839,0
-137.68733,52.37776,0
-133.99509,-100.14068,0
11.265826,-180.94026,0
165.58385,15.690795,0
84.81892,-81.47576,0
21.630556,-11.50344,0
24.025497,-14.316861,0
11.587132,47.261097,0
22.979351,-12.962557,0
20.19085,-10.052571,0
32.111683,-18.762476,0
110.42159,33.675194,0
87.44086,-10.839576,0
-156.33383,-3.734507,0
-99.28279,104.68819,0
-31.149527,153.45367,0
-143.24014,38.68878,0
-104.66967,-89.703285,0
-2.18819,-152.96025,0
63.717823,62.632404,0
116.707466,-14.845322,0
-130.30293,-47.53126,0
-67.99611,79.52012,0
0.7164795,148.99304,0
-114.84114,15.74956,0
-99.11691,-123.11067,0
47.575317,-153.01096,0
139.37668,72.75034,0
114.32041,-85.588585,0
-63.263287,-20.781933,0
-62.09427,51.835014,0
43.926098,136.32323,0
-53.87367,31.814987,0
-68.24461,-81.55934,0
43.532005,-105.24885,0
105.61796,67.68251,0
101.181694,1.5163237,0
-179.5476,19.306425,0
-121.29915,111.52141,0
-47.969093,170.5533,0
-134.43184,19.294458,0
-149.55302,-95.76545,0
44.067616,-147.41296,0
106.07512,139.076,0
99.36115,-126.241486,1
10.309021,-60.245342,0
-6.2481875,46.60261,0
74.24908,164.79478,0
-3.6505811,-31.536177,0
2.4389725,-63.76589,0
60.504982,-64.21795,0
157.97948,16.886038,0
75.15282,-75.6368,0
58.10921,23.656286,0
35.51506,17.184633,0
23.031797,54.23106,0
4.6061397,0.049473766,0
8.110379,-1.6251478,0
37.316895,-29.341284,0
129.05081,93.97617,0
134.2073,-80.99681,0
-89.209694,-36.491737,0
-46.280315,49.096634,0
29.358114,156.01407,0
-85.27737,-27.309168,0
-80.95024,-84.21669,0
52.997673,-109.146645,0
120.65626,141.1405,0
94.74752,-109.77714,1
19.030735,-45.175545,0
-10.111943,32.79847,0
77.14201,149.13481,0
10.985295,-29.12977,0
-13.605638,-55.513836,0
49.643215,-55.768147,0
75.82514,51.413982,0
67.50121,-40.76158,0
-138.29625,-36.773514,0
-54.266994,97.7925,0
17.198393,165.58075,0
-101.856606,37.337326,0
-105.733765,-105.21135,0
31.11435,-143.19963,0
93.72396,88.83631,0
115.284966,-45.28125,0
-65.9237,-71.86907,0
-37.979034,102.27146,0
1.9941112,116.77086,0
-74.77205,-1.0563326,0
-75.011215,-93.91186,0
6.59008,-119.03819,0
61.645557,103.75958,0
140.96626,-64.37479,0
-40.62433,-32.104725,0
-38.633495,62.896072,0
35.43161,93.633705,0
-37.021214,12.140089,0
-54.84044,-140.33955,0
7.019168,-82.78841,0
140.20586,33.829704,0
84.03683,-63.275993,0
-24.567225,19.824686,0
-25.679216,25.526644,0
31.608782,72.94144,0
-25.256044,21.96878,0
-23.770958,16.281132,0
33.430458,-46.10944,0
104.4768,47.918232,0
78.69777,-25.08597,0
-139.85434,-24.179174,0
-85.65382,101.92445,0
-12.730306,144.88693,0
-118.16461,21.506802,0
-109.331215,-114.24283,0
8.644832,-158.25407,0
119.99955,28.11795,0
73.75712,12.129305,0
-157.45145,10.145686,0
-97.49972,79.126274,0
-42.85361,146.59372,0
-155.34831,30.817575,0
-110.03218,-80.603325,0
-11.754343,-159.76498,0
104.3227,60.854572,0
81.58169,-6.6390414,0
-176.35136,-8.594573,0
-100.96646,120.313515,0
-31.285007,165.58662,0
-142.48586,46.222713,0
-121.35553,-96.98882,0
5.0539074,-173.19043,0
160.93181,36.518826,0
106.749626,-47.09734,0
-110.850815,-17.7335,0
29.418457,20.969273,0
19.253178,70.49964,0
-75.588875,27.777582,0
-86.33935,-96.9027,0
41.42082,-73.843575,0
112.12196,75.156624,0
129.57635,-46.342365,0
-62.129147,-45.72197,0
-46.62243,76.172714,0
17.851164,127.29742,0
-71.16327,11.716056,0
-82.12413,-116.5377,0
16.64026,-118.995705,0
132.24226,60.234356,0
111.12996,-63.51529,0
-73.677,-35.890923,0
-65.17505,64.67564,0
29.684841,141.94774,0
-67.124664,26.702608,0
-85.885994,-128.90129,0
34.91928,-118.281876,0
74.495186,72.601875,0
146.11905,-12.864192,0
-70.05735,-64.82986,0
-42.45505,97.01263,0
3.3783646,123.75491,0
-69.764145,-0.22586332,0
-69.651375,-110.90579,0
-1.6107372,-136.54407,0
116.9813,35.78066,0
88.7322,-8.153415,0
-158.2086,-0.37762365,0
-90.06121,83.27442,0
-34.338604,147.3534,0
-145.1786,34.33624,0
-109.02807,-90.83964,0
-2.6266518,-158.59538,0
111.87751,74.33673,0
129.75525,-45.004326,0
-62.123173,-46.168125,0
-45.93339,76.1697,0
17.228455,126.75379,0
-70.12548,12.0215435,0
-82.43394,-117.381004,0
15.538848,-117.85114,0
101.14778,71.4888,0
109.74477,0.17205894,0
-142.73969,3.9608228,0
-117.37357,100.66252,0
-45.084442,180.45944,0
-131.13887,26.064383,0
-152.90875,-86.04886,0
49.305424,-177.77043,0
104.7559,94.370445,0
127.30016,-21.822414,0
-115.39848,-49.58752,0
-69.05336,138.48999,0
16.000366,179.1104,0
-101.83991,-1.8925003,0
-116.47118,-60.72583,0
66.11492,-138.21634,0
143.10278,75.74902,0
112.55132,-81.75225,0
-59.56694,-22.667795,0
-58.65997,47.808147,0
44.321415,128.4141,0
-52.441334,28.576065,0
-63.302845,-82.90256,0
41.34468,-102.25471,0
117.963356,29.819824,0
77.48946,8.22422,0
-161.1958,6.955039,0
-89.766396,92.22555,0
-20.129196,153.11678,0
-152.69595,35.12198,0
-112.44645,-85.1622,0
-9.333874,-161.13438,0
93.453674,24.638107,0
79.00393,0.3533611,0
-178.84413,-5.762161,0
-99.20699,116.96793,0
-30.360691,168.59291,0
-140.12097,49.25852,0
-132.12439,-96.53315,0
7.9946084,-178.6327,0
124.08769,105.58195,0
128.5333,-2.290399,0
-95.85344,-46.753513,0
-88.81358,62.295742,0
39.94058,173.33719,0
-94.851036,-18.054293,0
-97.28553,-68.459366,0
68.46867,-117.98971,0
119.04947,30.594742,0
75.66116,6.7534375,0
-160.00711,3.777775,0
-92.19771,84.90022,0
-36.10008,150.67738,0
-150.4382,36.75537,0
-110.77592,-85.780785,0
-4.8346744,-162.79094,0
135.09338,67.60793,0
113.677704,-69.00812,0
-70.3972,-28.772282,0
-60.068848,59.907475,0
35.534958,137.57184,0
-61.648384,22.78552,0
-77.2701,-131.16219,0
38.551983,-111.946465,0
137.74481,32.969917,0
83.579926,-59.6862,0
-27.213299,18.129221,0
-26.898306,27.561632,0
31.59334,75.75339,0
-28.141624,21.87617,0
-25.718966,15.416426,0
31.800343,-48.19315,0
104.27945,62.57356,0
102.501686,1.1755644,0
-179.44714,17.97112,0
-119.63515,110.85492,0
-48.390797,171.52763,0
-134.1855,20.001417,0
-149.79427,-94.28536,0
45.27866,-170.92596,0
70.67364,118.16214,0
155.7999,-75.44192,0
-28.868874,-79.22607,0
-10.399553,71.40756,0
12.9362955,87.47993,0
-20.21719,1.9647379,0
-24.734518,-93.6944,0
20.213236,-75.421906,0
117.87043,56.829258,0
91.051735,-26.32147,0
-143.6887,-15.213708,0
-74.29895,83.80098,0
-2.6113648,155.10689,0
-108.755745,20.682962,0
-97.38557,-123.12251,0
12.408613,-143.61618,0
71.40767,87.64419,0
156.91296,-20.584625,0
-59.27878,-68.17195,0
-36.172558,95.67156,0
-0.22522539,100.65869,0
-61.609062,-2.5091293,0
-58.841297,-103.50511,0
-10.040828,-122.624016,0
98.51814,36.66207,0
61.01828,-10.693258,0
-167.35335,-23.401976,0
-81.27677,115.97043,0
-10.076104,181.25162,0
-126.61712,46.62114,0
-127.298546,-115.50574,0
24.314598,-169.40564,0
101.58068,75.063446,0
111.59815,-24.678543,0
-139.15361,6.432325,0
-123.03033,88.607605,0
-31.958382,121.19739,0
-134.97034,10.337732,0
-159.8453,-78.08479,0
65.78276,-162.60866,0
113.453186,33.343163,0
86.466095,-8.384006,0
-162.4691,5.1381497,0
-96.89055,85.71789,0
-30.493483,148.05246,0
-146.42015,37.53754,0
-112.69057,-93.75358,0
0.35981923,-159.93587,0
104.734344,37.838634,0
71.30889,-14.575464,0
-158.92178,-15.583425,0
-90.79552,93.983185,0
-15.908598,152.31409,0
-127.22266,38.266293,0
-119.87077,-115.30533,0
4.8386464,-153.43112,0
165.54704,5.823267,0
77.02002,-93.6598,0
34.28331,11.689188,0
17.439144,29.640602,0
17.474693,30.78458,0
22.8109,15.102464,0
21.622297,13.119656,0
41.36469,-19.276089,0
101.80214,28.538176,0
86.09455,0.63614273,0
-170.48018,-1.5268886,0
-98.00905,87.18414,0
-1.230561,161.78809,0
-147.308,53.61745,0
-116.69032,-94.82251,0
-1.9612452,-179.64226,0
88.38315,100.11211,0
133.47035,-46.21093,0
-58.059067,-46.42816,0
-41.606575,76.077835,0
18.645927,121.82239,0
-49.335392,-15.139944,0
-38.63076,-120.636086,0
15.110678,-111.44672,0
66.24302,58.473587,0
105.3055,-13.180467,0
-139.53018,-55.21748,0
-73.86439,75.32255,0
-28.513863,134.98578,0
-120.26603,4.6326184,0
-141.39204,-76.0675,0
50.608322,-162.33061,0
76.392654,63.999176,0
96.92052,-50.43875,0
-119.50283,-19.132309,0
-56.552288,103.24473,0
-38.843845,167.42725,0
-86.92715,33.464684,0
-90.139206,-98.76824,0
36.45269,-135.68582,0
93.147285,74.48113,0
106.44262,-28.670769,0
-135.03568,0.58071053,0
-117.05747,86.38241,0
-26.361803,124.34671,0
-129.58775,6.512,0
-154.77177,-71.90377,0
61.40631,-158.7675,0
126.750114,77.45521,0
123.720795,-73.93179,0
-56.963436,-34.820305,0
-48.174576,56.1685,0
31.362183,126.51471,0
-51.603184,16.393414,0
-58.06468,-94.73557,0
27.98553,-101.69134,0
57.370754,95.49716,0
133.3041,-66.61706,0
-47.957127,-28.08326,0
-48.60144,67.97846,0
36.848568,119.22463,0
-43.814774,15.775149,0
-66.95883,-137.79349,0
21.4744,-92.3756,0
89.46542,103.05831,0
133.81815,-47.763065,0
-55.82703,-46.48959,0
-41.123055,75.02935,0
19.476852,122.14085,0
-47.982067,-16.892254,0
-37.80209,-120.49223,0
14.988867,-110.702835,0
116.123795,46.326397,0
87.58765,-27.845354,0
-146.49635,-13.3933935,0
-85.55014,85.40628,0
-1.3085797,152.81302,0
-121.7433,28.834204,0
-103.54415,-120.461174,0
4.5182347,-147.29283,0
79.63135,94.88932,0
154.45595,-34.17505,0
-40.268154,-60.657665,0
-21.101238,79.46745,0
14.71717,103.18723,0
-50.998253,-5.7028284,0
-47.043068,-119.016365,0
-4.107413,-108.36271,0
92.6085,103.04264,0
132.3348,-49.175133,0
-56.907852,-45.184265,0
-41.438828,72.9828,0
21.67264,121.31997,0
-45.929985,-16.111841,0
-37.355137,-117.78972,0
17.368805,-109.19003,0
85.957,36.0559,0
58.397648,-18.3624,0
-173.06702,-31.171291,0
-84.34499,119.720406,0
-15.488757,176.06404,0
-124.288155,52.05596,0
-135.21475,-123.33254,0
19.194809,-170.31972,0
159.80283,36.446827,0
114.41611,-47.19001,0
-109.586784,-16.521883,0
30.023893,20.0997,0
19.302673,69.31641,0
-74.7994,26.756802,0
-82.120705,-96.69078,0
40.014088,-73.51453,0
99.015144,76.84049,0
109.46498,-26.950583,0
-138.07724,3.181009,0
-120.40692,87.828476,0
-29.654324,122.58522,0
-132.34596,9.150213,0
-156.68973,-74.94201,0
63.579407,-161.27252,0
57.736046,97.0865,0
134.83983,-65.66167,0
-46.352757,-29.976269,0
-43.72376,66.66299,0
31.3299,118.973656,0
-43.07949,13.942215,0
-64.74963,-138.28918,0
20.745249,-91.064644,0
109.54547,44.890087,0
83.09757,-38.94972,0
-150.39345,-23.553001,0
-78.60561,93.94187,0
-9.227816,157.9154,0
-110.44522,34.92703,0
-109.54457,-129.63219,0
14.670679,-149.4912,0
84.24361,46.30929,0
73.53718,-48.177387,0
-152.21024,-38.265675,0
-69.33497,111.727234,0
-18.87185,160.33347,0
-101.05987,44.951107,0
-115.0828,-139.61462,0
25.165709,-151.85228,0
114.65897,21.733881,0
79.94215,14.372305,0
-163.92157,12.814563,0
-103.81398,82.912994,0
-46.423615,153.4173,0
-159.5041,36.32313,0
-116.46518,-79.360664,0
-12.69998,-166.8941,0
122.3687,70.5459,0
98.85389,-14.174167,0
-121.3201,-41.310917,0
-63.600613,74.434715,0
18.66491,146.76273,0
-100.556274,9.802183,0
-103.680786,-97.49479,0
26.984623,-125.850746,0
124.54704,91.62466,0
127.282265,-81.6762,0
-86.03962,-31.804081,0
-83.85351,73.1648,0
36.39281,155.35323,0
-81.29348,-21.17808,0
-79.95475,-77.80086,0
48.262745,-114.272934,0
124.22452,83.23323,0
132.3526,-61.016567,0
-56.33478,-38.948784,0
-45.68365,58.46502,0
27.423203,123.87637,0
-27.127802,-4.685856,0
-33.40094,-100.44553,0
21.426182,-82.37586,0
66.91465,57.21161,0
109.15082,-13.006131,0
-136.63559,-53.075413,0
-106.849396,94.74787,0
-21.815042,135.68007,0
-118.11257,2.4230359,0
-139.15959,-72.69489,0
46.675724,-163.28925,0
89.282,46.209396,0
78.45875,-44.750595,0
-151.05482,-32.34047,0
-72.36166,109.30549,0
-7.919044,152.1242,0
-105.995255,41.699936,0
-113.114334,-135.4873,0
21.618761,-150.55136,0
82.860756,100.965096,0
158.0059,-35.882404,0
-38.921173,-58.07751,0
-16.368237,81.80118,0
12.803028,108.41994,0
-48.947563,-10.483545,0
-43.067657,-122.10167,0
4.5505114,-109.04819,0
136.91626,94.629196,0
105.35572,-31.664965,0
-131.88298,-0.85907453,0
-116.53831,82.6438,0
-22.271755,123.497116,0
-129.51088,2.6078181,0
-154.81688,-68.38563,0
61.65226,-155.44548,0
117.28869,27.926094,0
75.75852,11.005408,0
-159.48111,9.146207,0
-98.19218,81.548325,0
-42.81879,148.01135,0
-155.17714,32.50016,0
-110.96595,-82.65178,0
-10.879073,-162.80368,0
70.2971,52.143215,0
116.413,-11.463393,0
-138.40195,-45.46498,0
-99.81774,92.54742,0
-16.721191,138.90079,0
-111.81411,8.161156,0
-130.80667,-76.32431,0
40.576717,-154.7104,0
106.453896,37.503426,0
80.21439,-27.248972,0
-152.92842,-16.270987,0
-83.46456,101.187584,0
-13.033043,150.11667,0
-119.402336,24.96248,0
-110.516174,-117.48767,0
7.3924675,-155.31837,0
122.88822,61.19775,0
93.89872,-27.301147,0
-136.80415,-14.821847,0
-69.26201,87.44907,0
4.0710044,147.71568,0
-101.7831,20.289015,0
-93.11071,-121.52623,0
18.410318,-135.61955,0
142.72675,32.18547,0
82.28538,-67.20602,0
21.183084,-26.96701,0
24.941866,-27.176474,0
30.159174,71.85879,0
22.682022,-27.008404,0
6.9708834,-14.58136,0
33.007942,-42.457645,0
78.11822,37.118095,0
63.693394,-35.20719,0
-131.54486,-32.82769,0
-65.79615,106.10294,0
-13.66416,136.96008,0
-95.17601,40.47328,0
-114.4653,-99.13288,0
34.749798,-144.65092,0
96.17578,75.64667,0
106.99726,-27.133694,0
-136.87512,0.23551437,0
-118.28379,86.378456,0
-28.064978,123.49868,0
-131.26964,7.602395,0
-158.45702,-73.23408,0
62.03848,-160.21033,0
103.62686,137.79143,0
97.90265,-125.159584,1
10.24061,-61.790276,0
-8.2085285,45.597813,0
73.971245,162.69781,0
-4.005438,-29.426323,0
3.7013412,-65.37236,0
58.934166,-62.763805,0
90.139114,44.650646,0
81.851364,-18.974762,0
-157.84088,-37.226284,0
-85.63167,106.346596,0
0.46618417,161.84584,0
-122.44212,40.005333,0
-120.839386,-107.07521,0
30.35462,-165.4489,0
63.025005,83.515434,0
159.43442,-15.394893,0
-63.139614,-64.99208,0
-41.48824,93.41242,0
-3.534528,94.41304,0
-66.54775,-5.359162,0
-67.76795,-101.135994,0
-9.887097,-131.33145,0
107.536064,82.64491,0
118.030594,-29.652977,0
-110.20754,-42.491077,0
-75.87369,88.82755,0
21.049376,158.20152,0
-92.73159,6.6163516,0
-92.059784,-124.606514,0
50.975693,-139.0642,0
141.54396,36.23274,0
88.888596,-61.93129,0
41.70294,36.54282,0
32.940933,32.413948,0
37.3126,63.9861,0
-8.95056,2.2768004,0
2.747307,-14.957834,0
36.585712,-46.215168,0
134.52464,95.25185,0
108.39961,-37.500957,0
-111.95443,-31.466524,0
-45.242584,111.07994,0
2.428367,130.25336,0
-81.8602,24.218237,0
-83.46011,-89.91258,0
45.08425,-127.87805,0
104.88714,85.87874,0
120.52186,-33.21242,0
-105.66657,-41.547817,0
-54.26922,121.661766,0
19.530563,163.7772,0
-88.56348,4.1496954,0
-108.77308,-64.300385,0
55.61314,-136.08127,0
81.37913,93.6285,0
152.25963,-33.201294,0
-41.69507,-63.593647,0
-21.861496,86.0924,0
6.3215575,106.2502,0
-51.502354,-2.1285102,0
-47.88567,-117.264915,0
-2.2555444,-111.964485,0
91.6997,104.532555,0
155.85823,-56.573837,0
-52.314606,-44.971996,0
-25.224504,60.79701,0
24.128323,117.94305,0
-44.650314,-18.541256,0
-35.485752,-119.39949,0
14.0952425,-103.620705,0
127.7258,94.23181,0
132.74277,-81.29585,0
-88.040115,-35.719093,0
-44.768074,48.24509,0
31.533258,155.01784,0
-85.55333,-25.903591,0
-80.238945,-82.30823,0
51.5913,-111.06087,0
92.755226,74.312546,0
105.353905,-29.542124,0
-133.72832,-0.48797303,0
-117.27435,84.49361,0
-24.205114,124.00482,0
-129.40067,4.67325,0
-155.14754,-70.73863,0
60.856987,-157.30441,0
120.35264,136.22449,0
100.57427,-109.31916,1
13.071837,-42.770058,0
-16.293285,34.415302,0
71.70436,147.13138,0
10.577861,-35.571056,0
-9.829969,-50.10582,0
46.59301,-62.539383,0
76.84845,87.27921,0
151.498,-22.33708,0
-51.750725,-65.74203,0
-29.425415,92.397835,0
-4.53277,106.31464,0
-58.8786,1.8481529,0
-57.048218,-115.62389,0
-5.1418595,-120.49921,0
118.94762,72.91644,0
95.94563,-10.648355,0
-122.213196,-37.990055,0
-63.11115,79.99215,0
15.644933,143.05957,0
-99.65951,7.4276967,0
-107.64686,-97.22977,0
23.32357,-125.01033,0
102.828125,28.976534,0
86.7322,-2.5723674,0
-167.82385,-1.2062755,0
-99.06315,109.06717,0
-36.60455,157.65334,0
-146.06857,42.361145,0
-117.270935,-93.37732,0
1.6103679,-167.99352,0
81.50808,98.29511,0
159.70694,-34.0242,0
-40.66215,-56.082554,0
-22.67984,80.32668,0
16.255991,105.458855,0
-46.17949,-11.527715,0
-45.543667,-121.15973,0
3.9926627,-104.61717,0
142.6503,75.273384,0
110.63963,-81.94887,0
-57.943474,-21.28441,0
-61.255978,46.31703,0
45.579483,130.96696,0
-49.92239,29.050333,0
-62.891525,-80.9451,0
42.254402,-99.29988,0
140.03128,20.84097,0
88.96861,-67.15992,0
50.708107,23.856928,0
42.310017,33.816376,0
39.831844,60.558266,0
-6.77267,-4.7404065,0
0.41195962,-11.875052,0
39.955723,-45.19757,0
64.98428,106.934685,0
145.23361,-64.71517,0
-37.22366,-36.09617,0
-33.76742,63.96149,0
30.24355,93.60032,0
-32.162403,9.228971,0
-52.68554,-138.02092,0
5.831244,-86.90445,0
112.236755,51.938194,0
70.3745,-22.023874,0
-160.29175,-28.774054,0
-77.10261,86.433495,0
-1.176712,169.97435,0
-113.04671,42.96096,0
-122.872856,-123.929985,0
8.092143,-140.30255,0
106.6973,52.63642,0
86.055176,-7.5882077,0
-163.91447,-3.2874212,0
-97.627335,86.29981,0
-31.129044,148.89664,0
-140.66893,38.855835,0
-113.18691,-94.69285,0
-0.13461824,-161.2451,0
111.799095,77.067566,0
125.525345,-45.406864,0
-66.69653,-45.77901,0
-49.26888,76.96166,0
15.222196,131.99321,0
-74.04834,11.475503,0
-82.50387,-112.09564,0
19.943151,-121.020004,0
144.4224,73.44276,0
108.986946,-82.5305,0
-56.74015,-19.719555,0
-61.999832,44.976315,0
46.95161,132.20634,0
-48.489204,30.330282,0
-61.990257,-79.059135,0
43.403004,-98.84657,0
72.758446,99.1798,0
162.32018,-43.693333,0
-30.132738,-53.149124,0
-27.530466,73.81622,0
17.814276,96.47678,0
-37.98784,-6.42224,0
-40.28766,-132.29355,0
-3.5540507,-96.87041,0
86.78516,51.692497,0
96.80833,-44.22045,0
-114.44075,-23.750835,0
-63.74434,92.378586,0
2.4648883,139.54692,0
-87.769196,25.532234,0
-90.57562,-103.63082,0
33.54366,-129.3851,0
130.35712,70.5074,0
121.02386,-65.523,0
-64.97751,-34.916416,0
-52.047817,63.043846,0
29.53952,132.32697,0
-65.686104,18.46188,0
-77.29714,-124.50473,0
30.594532,-109.802055,0
94.72529,84.360466,0
120.696754,-47.381573,0
-76.525444,-40.719357,0
-53.267582,79.725815,0
9.5444,132.0949,0
-80.64866,12.748665,0
-81.62323,-103.938675,0
22.724398,-118.87099,0
143.48059,21.12362,0
79.2356,-71.046036,0
49.248177,25.930191,0
37.65276,32.02672,0
37.907978,61.545456,0
-6.6122003,-2.8037646,0
3.3807158,-10.962982,0
37.0772,-39.805496,0
69.76074,48.0963,0
113.46195,-10.575641,0
-139.54472,-49.102806,0
-103.015755,95.721245,0
-22.091917,139.68658,0
-114.99732,6.81383,0
-134.95268,-76.27764,0
44.13569,-159.29707,0
93.548904,69.41201,0
105.30834,-20.838003,0
-142.42897,-3.2504075,0
-114.96927,93.57007,0
-27.124504,129.69417,0
-125.05442,8.537096,0
-150.72395,-77.08783,0
56.43078,-165.17548,0
140.01614,21.097174,0
88.446976,-67.00781,0
50.903324,24.669397,0
42.096684,33.628265,0
39.8861,60.92073,0
-7.342597,-4.4240294,0
0.6212862,-12.388466,0
39.384686,-45.3033,0
97.382996,73.540825,0
106.32319,-23.702139,0
-141.27145,0.19164251,0
-115.43593,90.66604,0
-29.905237,127.61566,0
-128.66054,10.881904,0
-153.7255,-75.92758,0
59.51447,-166.01874,0
118.507256,19.846827,0
131.30698,2.9987786,0
-90.46037,-43.33332,0
-85.37016,66.24619,0
31.585764,171.23405,0
-92.53691,-6.8610435,0
-96.58832,-74.90582,0
-15.249634,-168.06415,0
155.45116,33.68108,0
111.711525,-54.58946,0
-16.963717,-16.45816,0
38.94992,18.13501,0
21.869946,58.54323,0
-15.716162,-16.473352,0
-21.279913,-63.957165,0
35.827526,-66.76216,0
129.86317,65.040764,0
116.48616,-64.19737,0
-68.27951,-34.698853,0
-56.429176,61.61724,0
31.237951,135.5123,0
-67.36592,21.901222,0
-82.95277,-123.3971,0
32.362434,-113.27702,0
84.03096,73.88744,0
109.423935,-39.80429,0
-111.979256,-30.744307,0
-43.197292,61.498787,0
3.8440492,130.51364,0
-81.59955,24.171371,0
-83.50757,-91.18814,0
43.93032,-127.266624,0
97.668816,61.597115,0
105.18448,6.7439384,0
-182.3233,13.669625,0
-112.967735,110.11638,0
-42.26821,173.47665,0
-138.61339,24.127869,0
-144.33043,-90.28082,0
40.730904,-176.49417,0
106.590065,105.28755,0
143.61794,-40.659477,0
-79.17669,-51.412758,0
-74.89132,52.06889,0
38.487885,106.85785,0
-80.41758,-10.758279,0
-81.01053,-64.23284,0
30.555182,-90.32787,0
87.292076,113.85847,0
164.52283,-55.627758,0
-42.202034,-52.17522,0
-22.63108,60.535297,0
23.940893,112.89534,0
-31.085709,-18.75713,0
-32.79608,-118.54884,0
9.14859,-127.48473,0
110.59206,143.3062,0
124.47376,-22.423815,0
-114.7407,-45.710373,0
-46.002796,116.58282,0
16.150997,175.27011,0
-98.45784,0.25050932,0
-113.32685,-61.892467,0
63.187958,-138.36188,0
130.91364,92.98892,0
125.6109,-93.29812,0
-25.5695,-36.45488,0
-39.0485,42.362324,0
40.648308,150.98654,0
-25.581198,-29.586266,0
-48.710995,-83.56256,0
56.394,-101.23612,0
135.70746,76.40581,0
117.944,-77.841415,0
-58.698055,-29.156006,0
-54.254883,54.986897,0
36.73389,129.28122,0
-52.28358,21.374357,0
-61.561577,-89.244606,0
34.36791,-103.27532,0
103.69328,52.629375,0
59.929626,-32.351284,0
-160.46982,-38.041508,0
-71.846504,117.9129,0
-6.1677995,171.0273,0
-122.24918,42.127907,0
-121.13666,-108.18545,0
31.267286,-165.98804,0
75.13131,85.80693,0
150.22154,-21.168571,0
-52.153023,-68.14332,0
-28.298466,95.191826,0
-4.3455544,110.615135,0
-58.231434,4.1868067,0
-57.023163,-113.538315,0
-2.033716,-121.35795,0
149.47072,48.30213,0
120.34967,-45.541267,0
-110.095634,-24.233072,0
48.899456,43.262215,0
1.5972223,60.496433,0
-81.184364,18.402557,0
-84.11148,-101.78724,0
41.886333,-85.798225,0
136.84908,63.277267,0
109.00952,-67.823654,0
-75.49103,-30.574183,0
-65.20282,58.95455,0
35.436554,141.81938,0
-62.62783,26.2117,0
-82.806915,-134.15855,0
39.820683,-114.482124,0
81.51379,54.65568,0
54.01746,-20.065783,0
-122.93917,-21.918938,0
-58.73735,108.33921,0
-15.330372,179.96513,0
-120.386284,57.660236,0
-98.55835,-94.11009,0
39.023396,-137.30258,0
88.357796,51.727787,0
74.66913,-43.37191,0
-145.68475,-33.44251,0
-68.539154,96.62885,0
-3.246321,142.1747,0
-99.49041,39.485115,0
-108.64869,-135.7885,0
28.038475,-148.30315,0
93.75698,112.123924,0
159.51346,-57.119095,0
-45.996872,-43.45712,0
-22.916565,56.086864,0
27.636637,113.11776,0
-36.4291,-21.358046,0
-25.209892,-115.0896,0
13.83913,-99.48106,0
107.7324,50.93461,0
79.40963,-15.226383,0
-171.87761,-16.604969,0
-84.19273,107.72696,0
2.1022604,163.9714,0
-126.23206,40.164783,0
-124.88748,-106.34702,0
31.076809,-170.93147,0
72.96279,86.61806,0
157.22478,-23.513716,0
-55.793064,-68.03395,0
-32.81358,95.18972,0
-2.0425687,104.306366,0
-59.340134,-4.1027665,0
-55.601723,-103.833305,0
-8.603635,-119.981415,0
147.41286,32.403393,0
83.69994,-73.37766,0
24.881504,-35.570927,0
26.870981,-34.334156,0
26.666664,69.52668,0
26.016457,-35.3094,0
23.72482,-35.918327,0
28.567356,-38.11829,0
77.677925,55.23205,0
67.42323,2.457428,0
-185.24164,-16.03684,0
-61.118137,107.9159,0
-12.386962,131.2189,0
-135.03609,61.60857,0
-139.75272,-104.125755,0
37.169113,-141.35289,0
111.278755,79.983925,0
125.095604,-46.8822,0
-68.02802,-47.506428,0
-49.70423,79.35929,0
13.816099,130.96523,0
-74.52294,9.527587,0
-80.51016,-110.600296,0
20.695034,-118.86693,0
85.31801,24.94807,0
65.6579,-0.80559367,0
-182.48521,-19.378426,0
-94.914955,125.28308,0
-26.81397,178.86024,0
-131.76335,58.924202,0
-141.08937,-108.76589,0
15.47708,-183.9637,0
83.8913,25.06123,0
65.71442,0.48804224,0
-183.79588,-18.651709,0
-96.6223,126.53847,0
-28.506704,180.18837,0
-133.1011,60.068836,0
-141.59619,-106.6331,0
16.202517,-185.30458,0
155.28107,33.531353,0
111.460075,-55.406925,0
-16.699034,-17.188007,0
39.193443,18.027233,0
21.765873,58.513954,0
-15.617191,-16.869497,0
-21.303595,-62.880905,0
35.552254,-67.00783,0
106.37051,136.44821,0
99.572296,-127.35277,1
11.13221,-59.702972,0
-7.0219054,47.47382,0
72.90711,164.66405,0
-2.6327202,-31.091913,0
0.5689231,-63.742023,0
61.085976,-64.122154,0
120.50988,57.995483,0
89.47006,-22.989838,0
-142.58301,-14.271485,0
-73.9847,83.21042,0
3.607014,154.43187,0
-106.54244,21.472548,0
-98.30048,-119.24825,0
12.070014,-142.29912,0
114.44558,77.1073,0
125.26178,-45.27055,0
-66.823616,-46.28313,0
-49.64948,77.99488,0
14.470039,132.96193,0
-74.788734,11.79524,0
-83.44922,-111.35078,0
22.408651,-121.655846,0
82.63389,108.84338,0
165.82326,-49.137333,0
-37.448765,-49.515488,0
-21.632122,67.933846,0
22.536705,102.07109,0
-33.37868,-10.842396,0
-30.157223,-121.876236,0
3.300783,-96.466576,0
105.03157,46.97183,0
75.77016,-29.173176,0
-139.95348,-26.195457,0
-82.96257,103.47824,0
-12.3008995,146.62753,0
-115.70372,21.804832,0
-112.95037,-113.32866,0
10.830406,-157.17778,0
89.98937,46.109695,0
79.40158,-41.991604,0
-149.82938,-29.882092,0
-74.54602,110.45251,0
-11.434567,159.57495,0
-107.22858,38.74053,0
-115.9116,-133.2678,0
20.13657,-149.98674,0
80.72136,49.544773,0
54.320343,-24.114578,0
-163.42514,-41.375122,0
-71.117966,123.64974,0
-16.814455,181.49817,0
-105.75705,45.77499,0
-136.47548,-129.50279,0
25.990622,-162.66273,0
104.028244,32.843292,0
61.276836,-31.86297,0
-169.73169,-32.546303,0
-82.960754,130.25662,0
-7.4207044,169.05125,0
-122.46734,43.2185,0
-126.467545,-131.78156,0
25.748686,-166.23886,0
108.62299,64.96658,0
102.28304,-15.083335,0
-130.52972,-41.97678,0
-72.85103,78.21681,0
9.913908,147.7558,0
-108.19913,12.999797,0
-100.88415,-110.576195,0
51.038036,-159.80513,0
115.39327,80.84512,0
123.93703,-50.91519,0
-67.716446,-43.29377,0
-52.29067,74.91209,0
18.685345,132.62378,0
-74.67054,6.1308384,0
-77.28209,-113.952324,0
22.349836,-116.42458,0
118.514336,142.69772,0
94.31327,-112.27807,1
18.368464,-48.283066,0
-8.258515,35.644005,0
78.54765,151.15807,0
8.554022,-28.897453,0
-11.362023,-57.93093,0
52.433273,-56.796185,0
130.58908,48.000286,0
95.26389,-45.869625,0
-120.023994,-14.418695,0
-56.536343,80.87003,0
5.482486,135.8659,0
-87.71118,23.472801,0
-88.82411,-103.544334,0
32.454052,-130.22179,0
94.99662,46.917168,0
78.15731,-35.741684,0
-151.7909,-28.976503,0
-80.65566,101.43874,0
-14.959903,159.24304,0
-107.83008,30.792995,0
-114.75197,-130.04013,0
19.942556,-154.50574,0
141.00801,77.45866,0
114.401764,-82.03815,0
-60.746414,-23.78269,0
-58.159237,48.624336,0
43.536087,127.95196,0
-53.669594,27.544611,0
-64.59893,-84.73604,0
40.07551,-102.61932,0
84.08809,71.05699,0
106.200005,-41.229828,0
-114.118645,-27.658695,0
-47.80855,109.08871,0
-1.3351799,132.6649,0
-82.590065,26.142149,0
-86.6759,-90.92917,0
44.92233,-130.36932,0
75.280075,82.64969,0
144.26544,-21.271616,0
-50.997204,-72.265526,0
-26.498524,97.56818,0
-4.7145944,111.36207,0
-57.090614,7.800944,0
-56.830845,-109.13407,0
1.2119464,-122.93425,0
91.19075,62.704243,0
100.18671,5.730728,0
-126.51977,-22.212206,0
-58.90784,104.039795,0
-44.493603,167.73503,0
-86.951584,37.730762,0
-95.45499,-89.08808,0
41.119747,-144.93861,0
158.44356,14.831009,0
71.87339,-74.3232,0
48.888264,15.566662,0
40.74281,14.896984,0
22.037563,52.10953,0
10.313375,-4.111073,0
10.825875,-3.4134636,0
36.013462,-27.44073,0
69.50129,77.37978,0
151.17436,-16.012499,0
-54.040855,-60.008713,0
-33.16243,86.87421,0
-10.835232,104.29767,0
-64.7292,3.250179,0
-61.81336,-119.6529,0
-2.1388745,-131.5392,0
93.527954,84.173485,0
113.45234,-39.58172,0
-107.47619,-35.124252,0
-50.63395,116.166084,0
19.502174,168.9632,0
-84.83943,8.043388,0
-79.09894,-91.29151,0
49.147568,-131.8545,0
81.06796,82.23854,0
146.9584,-22.80774,0
-51.392414,-69.46232,0
-29.04112,95.864365,0
-5.5429473,109.35465,0
-61.17435,7.8688164,0
-61.30638,-112.85736,0
-3.4114761,-121.99041,0
113.31534,54.38286,0
88.71155,-31.496632,0
-146.1848,-22.42631,0
-79.016594,89.39688,0
-5.861443,152.74556,0
-109.17098,25.384535,0
-98.929214,-121.12591,0
15.364302,-141.14612,0
115.53978,143.72516,0
91.93343,-112.098724,1
20.11205,-48.747047,0
-8.069918,36.45872,0
79.56599,153.19218,0
9.405078,-24.679052,0
-9.248643,-58.501106,0
53.910664,-55.980053,0
68.77497,116.751465,0
153.48232,-74.095566,0
-27.003605,-77.62532,0
-8.897116,72.511795,0
11.111794,85.960785,0
-21.729475,0.79357773,0
-26.899212,-96.55119,0
18.606283,-76.58628,0
114.20138,86.5396,0
124.90549,-55.79462,0
-70.27778,-40.38621,0
-54.963627,70.93827,0
21.131868,134.45471,0
-78.12354,4.1642056,0
-73.91452,-116.6287,0
22.90832,-111.927605,0
113.49912,26.632563,0
78.773766,11.379427,0
-162.31812,9.418523,0
-100.146805,85.63044,0
-43.598824,151.21765,0
-155.43028,36.333233,0
-114.24137,-82.38857,0
-8.913022,-165.55092,0
87.14005,64.486946,0
88.850334,8.542508,0
-171.05693,3.8987782,0
-57.21929,98.87377,0
-42.01913,163.82318,0
-90.438354,38.090324,0
-121.32635,-88.56696,0
31.442621,-138.4392,0
62.268467,66.58574,0
112.8408,-15.183895,0
-133.949,-49.691654,0
-59.925957,72.301285,0
14.664955,148.65321,0
-112.3333,1.5554322,0
-133.01492,-68.94453,0
49.561047,-155.72032,0
133.12456,74.984535,0
118.07317,-77.80969,0
-58.798668,-29.565199,0
-53.999336,55.047768,0
36.02211,129.69987,0
-52.708416,21.632122,0
-62.235737,-89.59022,0
33.90819,-102.701675,0
76.400024,36.78995,0
58.302025,-26.560375,0
-167.09982,-37.837753,0
-75.489204,122.454056,0
-10.617623,173.5575,0
-113.276474,52.870354,0
-131.12938,-131.05164,0
20.055542,-163.21686,0
110.11393,38.51799,0
62.824745,-27.857147,0
-163.4082,-33.052376,0
-76.92935,117.39489,0
-6.87197,175.81003,0
-111.256935,49.78299,0
-126.67241,-129.48605,0
18.743664,-159.65956,0
78.323204,88.6205,0
152.38264,-24.324076,0
-50.656937,-64.55158,0
-28.724188,90.258194,0
-0.4657545,105.122574,0
-57.593487,-0.0402539,0
-55.459625,-116.660355,0
-6.9684424,-117.95099,0
97.95816,45.587822,0
80.81206,-33.453266,0
-153.4175,-24.844267,0
-84.64513,97.60726,0
-12.466162,153.25867,0
-111.801384,28.578148,0
-112.854996,-125.99454,0
13.096156,-153.53116,0
79.924515,35.78191,0
61.31153,-23.317497,0
-165.79173,-39.60179,0
-74.22211,126.278885,0
-10.081477,169.82568,0
-115.79548,49.8161,0
-133.57019,-131.23976,0
15.71832,-162.17259,0
111.58898,61.672073,0
76.39794,-13.348506,0
-165.67726,-12.015987,0
-90.63616,109.50614,0
4.5386586,166.29868,0
-129.20341,35.81166,0
-132.19107,-107.93914,0
29.692,-179.37001,0
143.86623,90.736115,0
120.20707,-100.89632,0
-19.669563,-35.190357,0
-32.12599,46.954224,0
51.16328,144.92908,0
-20.398294,-31.17751,0
-44.482082,-91.01431,0
57.646233,-91.46045,0
91.78115,45.78888,0
80.9313,-40.21383,0
-150.0487,-28.416441,0
-75.34124,109.67554,0
-11.69569,160.12158,0
-109.80136,37.08868,0
-111.933464,-130.27924,0
18.445192,-154.6314,0
88.478806,66.54834,0
87.90322,8.088721,0
-171.45973,2.843569,0
-57.762474,99.64837,0
-39.99911,163.73259,0
-89.65015,37.64073,0
-121.216774,-89.72959,0
-3.1278203,-178.5025,0
83.216805,27.928343,0
68.138954,-2.0270019,0
-180.34834,-17.894619,0
-94.36468,121.72507,0
-27.348658,176.02284,0
-131.23961,54.628567,0
-138.34431,-109.085,0
21.10533,-183.0478,0
94.05211,63.87696,0
104.82359,3.6160145,0
-180.90614,15.843666,0
-117.373375,109.85989,0
-45.16116,173.73842,0
-136.01001,23.909094,0
-148.59662,-90.5547,0
38.483673,-179.07108,0
111.34672,58.926113,0
95.520935,-30.969496,0
-132.2801,-18.95928,0
-66.70521,89.438805,0
5.8405843,142.61746,0
-99.03394,22.342852,0
-92.03685,-117.3677,0
24.365732,-137.84988,0
71.33621,105.610985,0
168.86876,-44.06268,0
-33.16983,-40.852226,0
-33.681885,70.42712,0
25.524866,92.80198,0
-34.5202,0.93122876,0
-46.805187,-137.88312,0
0.12781884,-89.90605,0
126.47992,100.87758,0
134.28154,-86.688736,0
-93.430214,-33.462585,0
-48.464706,43.003933,0
30.943026,159.01457,0
-89.61222,-23.695675,0
-87.49961,-79.32913,0
55.994774,-114.654594,0
127.30891,37.575253,0
138.42676,-6.573363,0
-85.21739,-44.669933,0
-86.03101,53.916916,0
32.132343,168.00816,0
-86.56833,-13.492896,0
-98.63365,-79.741425,0
56.180817,-121.52737,0
114.29951,41.410957,0
85.414185,-32.771507,0
-150.16754,-18.170786,0
-77.59222,92.26207,0
-5.203009,158.3537,0
-115.83953,30.780891,0
-106.82158,-124.4296,0
11.709484,-145.96107,0
78.078094,46.829086,0
98.79972,-4.90856,0
-116.526375,-47.228287,0
-69.91924,136.80612,0
15.689783,177.31464,0
-101.26815,-0.036625218,0
-123.422585,-78.32297,0
64.35326,-139.60011,0
162.58482,41.7946,0
115.51868,-68.51276,0
-67.09897,-30.41506,0
29.787926,24.755388,0
16.128565,73.23566,0
-63.731052,19.849243,0
-77.36402,-128.15007,0
40.047466,-109.81903,0
111.256744,25.492126,0
80.81474,10.613706,0
-165.46156,8.31789,0
-101.49207,87.22879,0
-42.47145,154.31583,0
-154.72272,38.494884,0
-116.90436,-85.689545,0
-6.5504684,-167.10168,0
167.90584,12.864068,0
82.78271,-85.20093,0
58.675552,11.924235,0
23.071102,-21.195232,0
7.4781494,37.482475,0
8.129742,12.619143,0
9.299496,13.945561,0
45.427425,-14.557686,0
65.30705,89.81716,0
163.96074,-17.936405,0
-62.63253,-59.61927,0
-39.80448,87.43996,0
-1.3522209,93.41935,0
-64.60299,-9.669002,0
-65.61321,-104.43797,0
-11.136471,-135.4749,0
139.07994,76.355255,0
116.00246,-81.364334,0
-61.547768,-23.369555,0
-58.699368,51.15584,0
42.071926,128.31903,0
-52.8281,26.108027,0
-64.10005,-85.967636,0
41.47446,-105.01018,0
140.31174,92.47912,0
124.23312,-97.73867,0
-20.141151,-40.330048,0
-34.760975,42.54432,0
47.543114,149.52014,0
-21.355696,-26.916632,0
-45.331165,-85.631516,0
56.714687,-97.24397,0
94.51622,105.38528,0
156.08989,-50.565853,0
-48.19767,-49.069763,0
-17.626759,60.048225,0
20.924837,110.60855,0
-39.55139,-15.464222,0
-32.07296,-126.86293,0
11.467873,-103.182816,0
128.46083,48.685352,0
90.24864,-47.006428,0
-118.72908,-10.890163,0
-85.05386,75.55054,0
-33.52928,141.80571,0
-92.340576,20.147621,0
-102.32493,-87.874825,0
49.95707,-118.18049,0
65.88376,55.25803,0
107.8268,-11.766164,0
-137.94817,-54.343746,0
-106.6729,98.87683,0
-24.538351,136.64719,0
-119.33439,2.967613,0
-139.65012,-74.00445,0
47.432537,-162.181,0
112.993225,55.613914,0
89.73569,-20.341717,0
-137.92055,-18.26806,0
-71.64647,84.060905,0
6.58263,156.1957,0
-104.72947,22.963713,0
-99.85065,-113.26671,0
19.658468,-137.5765,0
121.8277,139.23933,0
96.3583,-109.21319,1
17.570333,-43.8647,0
-12.501923,33.067337,0
75.56758,149.109,0
11.439777,-30.298983,0
-12.353947,-54.103638,0
47.957485,-56.982277,0
89.63472,68.61941,0
102.90276,-35.758945,0
-126.21284,-23.444069,0
-58.941864,101.56245,0
-46.379387,167.9013,0
-87.413284,38.846203,0
-96.7335,-89.36298,0
43.35745,-145.06409,0
139.16164,67.39128,0
110.52906,-71.125046,0
-69.74969,-31.538858,0
-59.67664,57.24611,0
33.91412,135.1448,0
-60.101284,24.906784,0
-78.239586,-134.13768,0
33.395607,-113.607254,0
65.53145,47.091473,0
114.56785,-6.676686,0
-143.55397,-48.785603,0
-97.862305,97.88125,0
-23.500557,144.31349,0
-116.56942,10.356323,0
-134.7735,-81.04379,0
39.63902,-161.48383,0
82.157364,110.30349,0
166.95865,-50.95241,0
-38.268753,-47.119564,0
-20.944826,66.079834,0
25.106186,103.25173,0
-30.768835,-12.788497,0
-32.953045,-121.951675,0
6.5599747,-95.26937,0
130.40872,76.16024,0
117.108086,-76.69532,0
-57.216244,-29.269684,0
-54.09056,53.9969,0
38.10329,130.0274,0
-51.044994,21.290365,0
-60.21334,-89.66211,0
35.389885,-101.196175,0
81.55625,95.3585,0
154.24844,-34.97983,0
-39.707737,-60.886543,0
-20.868977,80.136856,0
13.9625435,103.475174,0
-50.443245,-5.5014424,0
-47.00765,-118.71448,0
-3.0667756,-109.31026,0
116.953735,23.639444,0
79.13501,14.19388,0
-163.32042,12.37151,0
-102.723076,83.1729,0
-46.011303,151.9963,0
-159.00227,35.756046,0
-115.58183,-79.172005,0
-12.2656,-167.38118,0
139.90991,41.84215,0
96.183846,-61.086914,0
33.256344,36.774178,0
-34.648277,31.680449,0
38.485134,71.40614,0
-14.063414,6.1553793,0
-1.0454427,-19.743908,0
35.779953,-52.769135,0
160.31386,7.0198426,0
77.35716,-77.85828,0
26.777283,-1.2992997,0
22.759203,31.78214,0
14.374344,42.787556,0
26.770754,-1.7762238,0
26.581398,-0.3377389,0
36.90031,-19.62203,0
95.73446,52.157063,0
72.606575,-35.75258,0
-136.31384,-32.05057,0
-64.351036,102.910225,0
-6.204225,140.69806,0
-102.50024,29.960379,0
-109.3027,-107.90849,0
29.541344,-144.34517,0
89.737114,47.816605,0
76.95704,-45.11637,0
-148.31967,-34.258083,0
-69.04366,107.50621,0
-1.5252115,142.1874,0
-102.9628,41.774433,0
-110.5347,-138.39098,0
25.08369,-149.42542,0
77.907425,102.65702,0
163.30322,-25.959822,0
-56.56891,-56.36055,0
-28.93987,78.93052,0
3.3900115,95.66793,0
-59.708584,-8.783664,0
-46.284496,-127.80134,0
-14.064418,-128.3315,0
88.0988,86.29525,0
142.326,-28.585619,0
-45.30304,-71.97575,0
-21.20246,96.11853,0
0.7347648,115.0342,0
-51.150196,5.2451615,0
-51.12403,-107.749825,0
3.7866497,-118.40156,0
95.91678,52.674522,0
71.44034,-34.794067,0
-135.31511,-31.017117,0
-63.659264,101.88637,0
-8.494899,137.77316,0
-96.0217,32.945187,0
-109.95056,-107.68611,0
32.423145,-144.94116,0
138.48279,92.0806,0
125.65539,-96.77477,0
-20.26282,-42.22403,0
-36.17467,41.632023,0
46.365086,150.31018,0
-21.003912,-24.818995,0
-45.134834,-84.27776,0
57.038876,-98.923035,0
95.12059,40.76246,0
78.01268,-30.795547,0
-153.73468,-29.382635,0
-82.18345,100.91302,0
-10.985821,150.5109,0
-115.736015,25.317646,0
-116.681145,-129.5558,0
13.849017,-158.03676,0
128.75414,46.223724,0
91.70711,-46.67289,0
-118.342,-12.734618,0
-86.57282,73.38553,0
-36.630173,138.85472,0
-91.54226,24.38989,0
-101.520294,-85.23108,0
-7.993235,-151.04935,0
83.84397,27.80242,0
67.25479,-2.1884027,0
-180.48985,-18.793783,0
-94.258514,123.13433,0
-25.985035,176.97922,0
-132.64723,57.255623,0
-139.07207,-109.039055,0
17.450968,-182.7874,0
76.28239,86.49301,0
150.86966,-21.938414,0
-53.463135,-66.58347,0
-28.649328,93.86754,0
-3.3567505,108.11518,0
-57.77684,2.9774873,0
-57.789715,-113.75883,0
-4.420764,-120.913345,0
63.462376,59.435978,0
105.345695,-12.41814,0
-140.11192,-56.30236,0
-110.542656,99.51465,0
-27.764664,135.20827,0
-121.21858,4.6945033,0
-142.61627,-75.04706,0
50.49614,-163.35466,0
108.52426,131.62299,0
103.62618,-124.95795,1
7.1059365,-57.13889,0
-12.538557,49.073994,0
68.51306,162.0224,0
-4.053741,-35.507526,0
3.6324883,-59.593597,0
58.361664,-68.92588,0
79.790565,91.134,0
152.15591,-30.666853,0
-43.735954,-63.36065,0
-23.763489,87.057106,0
4.6384115,105.88973,0
-53.10348,-2.1169584,0
-50.050186,-116.706635,0
-4.8603816,-112.80275,0
78.86911,86.43864,0
150.13661,-24.110523,0
-50.05691,-67.28527,0
-27.803759,92.69881,0
-3.069276,108.54493,0
-56.97713,2.6463082,0
-55.054783,-112.69969,0
-4.070173,-119.27573,0
75.55785,90.68496,0
156.05072,-24.991713,0
-54.87327,-69.8605,0
-31.146496,97.97721,0
-0.3188681,111.67932,0
-57.838856,-2.6457024,0
-52.71753,-104.34792,0
-1.5823988,-118.98898,0
131.25243,65.00468,0
114.748985,-63.635643,0
-69.714165,-35.89041,0
-62.2995,68.13806,0
28.676971,138.09386,0
-67.50467,23.376152,0
-82.138756,-125.99373,0
32.797424,-115.801956,0
85.95688,89.26274,0
146.87189,-29.766777,0
-44.25898,-67.67881,0
-23.52351,89.773735,0
3.6275308,108.98054,0
-51.26282,2.0131798,0
-49.532234,-110.170525,0
-0.4218058,-115.157486,0
94.944725,101.00167,0
152.30624,-51.3998,0
-50.527664,-48.732464,0
-27.485666,67.06918,0
20.687159,114.46937,0
-41.71375,-14.492033,0
-31.501654,-128.69765,0
16.418242,-104.39876,0
130.00761,97.41315,0
131.7937,-81.21371,0
-86.472694,-35.61666,0
-44.46872,47.23539,0
32.123665,154.45749,0
-84.064186,-24.40264,0
-79.100105,-81.74578,0
50.886677,-110.68529,0
93.33858,62.857925,0
102.58828,5.9379787,0
-184.37627,15.8051815,0
-116.26598,111.96639,0
-42.875767,171.6575,0
-138.97496,21.623596,0
-144.87718,-92.82263,0
41.08206,-173.251,0
113.40798,55.15167,0
93.481285,-29.943289,0
-134.8639,-17.97374,0
-71.21014,86.718,0
7.5194597,155.49144,0
-102.34851,23.125834,0
-92.695305,-118.79272,0
20.984758,-137.4372,0
101.123245,93.68661,0
115.19739,-42.74573,0
-111.513,-35.605812,0
-46.020336,115.155464,0
17.97975,173.96379,0
-86.7114,11.061576,0
-78.78992,-94.74649,0
49.44943,-128.5773,0
64.48305,54.051575,0
111.25361,-13.455305,0
-135.63736,-50.158478,0
-90.581345,105.41683,0
-19.60795,136.59146,0
-116.5652,3.9177606,0
-137.01967,-73.8291,0
44.933323,-165.4933,0
117.45702,143.52533,0
93.263725,-111.17274,1
19.475616,-46.492905,0
-9.414737,34.60453,0
77.71458,149.37617,0
10.058541,-27.675629,0
-12.687324,-57.449017,0
50.67446,-56.111645,0
127.11789,78.35325,0
124.62773,-74.255745,0
-57.57572,-35.541805,0
-47.26898,55.05057,0
30.468319,127.8945,0
-52.621387,15.8123,0
-56.87401,-93.734634,0
27.33007,-103.68733,0
81.60583,66.76827,0
94.4927,-51.390823,0
-125.70821,-25.28177,0
-57.975933,100.94423,0
-8.583824,132.06,0
-88.951706,36.16201,0
-98.53936,-96.44833,0
34.76488,-139.55159,0
95.13369,61.641685,0
103.36527,6.6491528,0
-185.01077,14.576298,0
-114.21812,112.08131,0
-41.68541,170.9052,0
-139.6015,22.620176,0
-146.04277,-92.529236,0
39.37671,-174.92145,0
120.85,76.23594,0
123.519165,-43.666603,0
-73.73435,-45.895412,0
-57.15017,76.60778,0
13.199542,135.49904,0
-75.80288,11.982689,0
-88.560974,-118.61526,0
21.03964,-121.53138,0
80.40017,65.730804,0
101.6743,-43.47328,0
-118.94336,-26.001211,0
-51.595856,105.94042,0
-3.8002038,129.79523,0
-85.30558,30.27816,0
-90.683586,-95.010735,0
37.78221,-130.7276,0
78.63962,66.52239,0
100.99901,-47.233433,0
-119.308586,-23.255222,0
-55.588768,109.66811,0
-6.0287476,127.17321,0
-84.24514,32.196026,0
-92.91625,-96.63028,0
39.394417,-134.16934,0
146.09601,94.542076,0
123.42289,-104.959984,0
-14.595359,-35.383373,0
-27.660458,42.972107,0
54.267715,148.42828,0
-15.201911,-30.183933,0
-39.211674,-91.28107,0
61.909786,-92.584885,0
75.23539,99.47911,0
162.60078,-42.195976,0
-30.428112,-52.47652,0
-26.88933,74.710045,0
18.155022,97.39069,0
-38.637466,-4.759456,0
-43.637474,-131.18149,0
-3.2334282,-97.593575,0
165.63902,7.0513463,0
77.402145,-92.617226,0
36.297516,11.959802,0
15.009007,30.150942,0
15.973519,31.715822,0
16.70847,17.9422,0
20.108807,12.881649,0
39.500324,-18.146748,0
93.04709,35.06605,0
64.41174,-24.887157,0
-168.31851,-31.4817,0
-80.1312,124.49876,0
-15.121507,170.50836,0
-117.98446,49.36621,0
-127.57185,-125.763466,0
14.277312,-159.34492,0
131.65363,74.836136,0
118.94355,-77.12396,0
-58.587353,-30.561327,0
-53.633625,55.147522,0
35.35678,129.4955,0
-52.53884,20.41495,0
-61.77814,-90.68333,0
33.293148,-103.56576,0
72.58959,107.04881,0
168.89632,-42.425816,0
-31.857454,-42.135216,0
-34.334976,72.34563,0
22.329367,91.962685,0
-33.560726,-0.88229585,0
-45.99069,-136.73906,0
-11.830503,-138.26639,0
95.89131,99.37214,0
149.2422,-50.98052,0
-31.071465,-47.80277,0
-29.898058,71.28156,0
21.642248,95.66772,0
-39.467182,-10.61458,0
-35.363205,-134.07378,0
-4.3381886,-93.6186,0
85.373726,40.139618,0
58.01429,-19.012278,0
-173.26433,-31.892792,0
-81.96256,120.9754,0
-14.467301,176.83148,0
-120.22478,54.638435,0
-136.16202,-122.89659,0
17.659897,-170.10675,0
111.00795,62.631023,0
96.63533,-29.894344,0
-132.44345,-17.61601,0
-65.68509,89.78431,0
5.356216,141.55823,0
-98.07181,21.353642,0
-90.041534,-117.59875,0
24.144192,-136.13153,0
97.94093,87.638145,0
119.68306,-23.82322,0
-69.58413,-51.18045,0
-55.294067,83.14054,0
7.5815744,127.222626,0
-100.56229,6.0488176,0
-106.61876,-99.052734,0
20.68737,-123.34552,0
94.073364,48.965836,0
77.23069,-44.31243,0
-147.67291,-33.794918,0
-69.869865,107.25635,0
-1.4415984,142.38148,0
-105.2825,40.173683,0
-110.42051,-135.92024,0
25.865839,-146.92094,0
114.243706,58.96999,0
92.51456,-24.465279,0
-139.8024,-16.181942,0
-69.31285,82.40621,0
6.0858254,153.38484,0
-106.41029,17.833757,0
-99.26142,-114.96328,0
20.68806,-134.56084,0
130.20773,55.25561,0
94.569244,-41.50392,0
-111.29389,-27.839426,0
-57.592934,80.78108,0
6.661572,138.55666,0
-88.50608,21.266956,0
-88.165375,-105.75792,0
33.99556,-126.57369,0
158.59486,59.66801,0
93.58166,-74.598145,0
-0.3658553,19.47163,0
-3.572897,18.37681,0
43.79733,81.825485,0
-1.7965899,19.09707,0
1.4370315,20.51804,0
30.285728,-63.04489,0
91.79592,46.624912,0
83.537186,-40.319897,0
-149.35359,-23.278725,0
-77.1007,94.03135,0
-7.8088384,158.83392,0
-109.041595,34.66801,0
-108.8321,-130.92601,0
15.748427,-147.7986,0
163.67712,7.9248633,0
75.61102,-91.25678,0
51.906563,13.395201,0
17.535694,36.02537,0
16.227554,35.26501,0
16.743395,8.59685,0
18.611832,10.413796,0
42.140938,-17.873577,0
135.13235,64.264465,0
111.08023,-67.16884,0
-73.11075,-31.904697,0
-62.752514,60.67066,0
33.46109,139.9589,0
-63.80889,26.135014,0
-82.01883,-131.4316,0
38.019394,-115.15019,0
69.268295,46.981186,0
113.1834,-9.973902,0
-139.58446,-49.770554,0
-102.39944,96.81414,0
-24.227571,140.24672,0
-115.76917,7.040169,0
-135.0426,-76.68891,0
43.419567,-159.75404,0
92.6417,23.655138,0
80.341606,-0.045147058,0
-176.30954,-5.955029,0
-102.28915,116.655426,0
-32.9848,168.39163,0
-142.75058,50.328827,0
-130.09064,-95.6983,0
5.2298694,-177.58197,0
82.55449,45.06833,0
72.1993,-50.13665,0
-154.07808,-39.131817,0
-69.21904,113.96182,0
-19.64469,163.25078,0
-100.672844,47.383156,0
-117.18906,-140.54301,0
24.544003,-156.13652,0
94.884514,42.214165,0
60.800064,-30.734047,0
-162.3988,-35.68299,0
-77.53105,113.41746,0
-6.728975,178.18065,0
-122.97758,44.51717,0
-123.630356,-131.19026,0
22.90169,-167.28807,0
104.78166,42.76465,0
78.55549,-29.635265,0
-156.19087,-17.911295,0
-85.89809,99.00669,0
-13.823306,147.808,0
-117.20931,24.59204,0
-112.534256,-115.99489,0
9.220375,-154.66985,0
129.96928,91.322235,0
128.60614,-78.373886,0
-65.621605,-22.73729,0
-49.82733,51.037918,0
35.629684,149.84698,0
-80.25377,-24.753986,0
-72.93123,-81.85657,0
47.46932,-107.39895,0
118.34983,87.8655,0
123.49185,-58.94591,0
-71.0171,-20.235027,0
-53.896572,68.79119,0
23.461584,133.98906,0
-78.52449,1.4549489,0
-43.725758,-98.70408,0
25.43227,-111.06144,0
118.277245,36.84621,0
90.10502,-10.054526,0
-158.89139,-2.9623587,0
-87.62583,81.67265,0
-32.110756,151.57198,0
-142.71175,35.87862,0
-107.07061,-91.164635,0
-3.0606296,-155.80965,0
112.120804,74.119965,0
129.33339,-45.479454,0
-62.85232,-45.915512,0
-47.06755,76.919624,0
17.178036,127.3953,0
-70.559814,12.085869,0
-82.76646,-116.02577,0
15.941472,-118.63526,0
63.612247,70.77297,0
108.31144,-79.8491,0
-54.14005,-24.443243,0
-63.391914,46.522083,0
47.5466,129.76631,0
-47.316036,26.19891,0
-59.154716,-80.673515,0
40.089024,-97.293976,0
103.91432,20.176702,0
90.5974,4.0466394,0
-176.80688,3.6044106,0
-106.114,107.92297,0
-30.833366,159.13469,0
-151.35582,46.84894,0
-125.51251,-87.30048,0
-4.160356,-173.56195,0
97.26278,67.105156,0
109.68907,4.38553,0
-181.29381,9.739963,0
-114.99069,104.09688,0
-42.617096,178.09401,0
-134.5603,27.140064,0
-148.19215,-86.30762,0
45.00782,-178.79573,0
161.45438,36.19029,0
108.324875,-46.002975,0
-111.69704,-16.998854,0
29.459415,21.10641,0
19.601013,70.62248,0
-75.12576,28.048334,0
-94.070206,-89.61224,0
42.52274,-73.34009,0
157.05333,9.636296,0
71.854225,-81.71936,0
54.356873,12.137736,0
23.669142,45.095207,0
23.828423,45.72648,0
11.622863,9.01483,0
14.491439,4.2595973,0
42.943428,-26.508549,0
113.19421,130.81833,0
105.67846,-119.210335,1
3.2768853,-48.072273,0
-17.131449,44.98506,0
66.28723,156.89293,0
1.4745418,-40.815094,0
0.12892726,-50.79081,0
52.870956,-70.20748,0
67.199326,58.36016,0
108.44087,-11.330622,0
-138.63374,-53.248363,0
-106.04758,100.37507,0
-24.45694,137.04454,0
-118.581696,3.8763392,0
-138.89691,-74.00235,0
45.99998,-161.41125,0
109.054634,71.05484,0
99.33277,-21.53975,0
-125.941185,-40.193558,0
-66.77345,74.93364,0
11.754943,146.0109,0
-101.234344,13.504908,0
-94.68392,-110.56343,0
23.264036,-130.1725,0
145.56961,32.00012,0
83.24262,-71.014694,0
22.565275,-31.428047,0
25.37504,-30.850498,0
28.187958,70.57452,0
24.004793,-31.49579,0
20.910107,-31.447378,0
30.121487,-39.354942,0
97.14377,26.139347,0
79.119064,-1.6984991,0
-175.09824,-5.8843656,0
-101.77083,118.76329,0
-31.643385,170.63672,0
-140.82036,52.763035,0
-128.01743,-95.91524,0
11.243781,-182.08394,0
84.97401,27.174385,0
64.86825,-3.8300364,0
-180.37874,-22.230745,0
-72.38592,124.48411,0
-22.610466,178.88559,0
-130.80984,56.17386,0
-139.99533,-110.62934,0
17.20773,-180.11133,0
70.20616,79.3287,0
148.29582,-16.914583,0
-51.25133,-58.74534,0
-32.125496,83.72527,0
-7.392427,101.60385,0
-60.98731,5.4743123,0
-59.17226,-120.73543,0
-0.81377774,-126.71848,0
74.056046,83.91411,0
153.06065,-22.692316,0
-52.167503,-66.44172,0
-30.711855,94.22016,0
-2.2892067,105.21205,0
-59.095104,0.07047133,0
-56.40891,-115.14214,0
-7.429286,-120.21086,0
70.769424,122.461006,0
153.85811,-81.99826,0
-23.734667,-85.761185,0
-6.153162,78.55482,0
13.418172,114.09774,0
-18.858334,-6.536657,0
-23.250505,-89.57287,0
19.554901,-70.0213,0
120.96838,66.108154,0
116.19081,-21.802256,0
-126.45265,-46.134045,0
-69.79932,77.19867,0
14.5710745,150.40732,0
-105.12846,7.3631525,0
-97.78636,-110.78066,0
50.79782,-146.25822,0
63.70145,102.40443,0
145.84526,-58.669086,0
-34.613262,-38.679848,0
-36.987736,67.31988,0
28.453356,92.37077,0
-34.909584,4.4375196,0
-50.26498,-142.84094,0
0.7821655,-85.8373,0
114.365,37.208797,0
165.98347,-22.86858,0
-59.126698,-56.284653,0
-91.37857,73.12275,0
2.5036285,91.20012,0
-62.806915,-12.850419,0
-64.746254,-99.815735,0
-5.7601457,-141.76752,0
158.63255,36.24481,0
115.79549,-49.33215,0
-109.03255,-16.91282,0
31.219587,19.290916,0
19.272106,68.522865,0
-75.1463,26.5851,0
-48.0696,-107.470856,0
39.408127,-72.99138,0
84.98739,109.627365,0
165.04475,-50.41553,0
-38.686237,-49.462303,0
-20.357662,67.151794,0
22.953762,104.0141,0
-33.587746,-12.443795,0
-31.058725,-121.00705,0
4.1577597,-97.71519,0
108.91599,103.56364,0
143.77417,-42.202126,0
-79.014435,-50.23776,0
-73.9243,51.154987,0
39.80525,105.55124,0
-81.49561,-12.808043,0
-82.45776,-62.913868,0
30.492472,-91.768005,0
134.41614,62.191666,0
110.6051,-64.15181,0
-74.12133,-35.34983,0
-65.46978,63.650684,0
32.317703,141.73221,0
-66.52111,27.24258,0
-84.992455,-129.46791,0
36.856297,-118.28538,0
126.61944,27.338825,0
164.0887,-15.589794,0
-64.808525,-60.63527,0
-41.251728,88.46361,0
-4.9599986,96.0623,0
-65.743164,-9.496252,0
-67.167854,-105.81341,0
-9.608562,-135.82819,0
172.58746,14.743144,0
87.419716,-88.0291,0
49.069984,-2.8793442,0
44.326107,-3.840817,0
4.8055625,44.787083,0
46.886703,-3.9896822,0
50.778362,-1.453547,0
45.359303,-9.8132715,0
77.13185,104.246895,0
163.53688,-25.491764,0
-57.149067,-56.47897,0
-29.909443,79.080986,0
3.132791,95.14222,0
-60.27148,-9.478021,0
-47.088997,-127.990585,0
-14.415888,-128.68048,0
66.44492,105.57565,0
143.40453,-60.928722,0
-36.65866,-32.130516,0
-34.252983,62.332005,0
33.7308,94.50416,0
-35.59347,8.119361,0
-53.15906,-137.15477,0
7.9826446,-85.252846,0
83.47621,59.08841,0
65.36647,-12.527715,0
-165.10138,-21.449873,0
-80.34572,113.29242,0
-10.538372,183.7956,0
-129.19406,45.080032,0
-127.13418,-112.37306,0
26.937136,-169.39418,0
102.46888,58.42795,0
75.57535,-11.088895,0
-168.1162,-13.184644,0
-88.390976,110.82995,0
5.1404533,165.18166,0
-132.6875,38.903484,0
-130.45782,-105.41322,0
28.83266,-177.19492,0
113.68534,31.312115,0
91.28765,-1.7301813,0
-163.09625,2.4458644,0
-97.78143,104.63247,0
-35.615246,151.97504,0
-149.6719,38.327267,0
-113.46001,-88.60548,0
-3.6720223,-163.60637,0
87.649376,110.51931,0
163.32826,-52.03662,0
-41.30032,-49.562675,0
-19.919321,61.322323,0
23.374525,108.11201,0
-34.168602,-15.14055,0
-30.24315,-119.59713,0
6.5918756,-99.26839,0
102.21997,76.10759,0
113.008484,-24.735493,0
-138.08458,8.596194,0
-124.47721,87.28,0
-32.065617,119.31537,0
-136.62419,9.754102,0
-162.04184,-78.22516,0
67.57939,-161.1518,0
73.09831,100.76342,0
163.0577,-45.216824,0
-28.16448,-52.652523,0
-25.816982,72.02481,0
18.706598,98.8377,0
-36.8784,-7.72917,0
-39.18461,-133.47003,0
-1.225142,-97.4066,0
94.83615,21.072115,0
81.68587,-3.6004066,0
-171.95064,-6.167267,0
-105.41277,119.6192,0
-34.564083,169.9364,0
-143.54135,54.68998,0
-125.966705,-98.09782,0
4.103555,-181.99626,0
154.45413,12.582281,0
71.40861,-77.34971,0
49.551334,13.009945,0
29.718742,45.10738,0
29.570522,45.586773,0
13.366028,1.2065618,0
13.759674,-0.21420841,0
42.038353,-29.467037,0
83.6728,95.89127,0
153.00403,-38.72935,0
-37.046402,-64.5409,0
-18.406551,85.50546,0
8.28761,108.6225,0
-47.61075,-2.211103,0
-42.965694,-114.60943,0
1.5375987,-110.306564,0
122.943924,31.447529,0
70.35918,10.329094,0
-153.29333,8.426619,0
-94.565865,76.96237,0
-42.16182,142.91457,0
-153.29297,26.989546,0
-106.268,-81.138054,0
-11.432415,-157.3235,0
152.24309,14.515037,0
71.175644,-74.53807,0
57.00796,11.771834,0
27.284971,49.34594,0
27.11369,49.527042,0
7.1126127,11.162041,0
6.1202774,11.1535,0
44.34166,-30.644209,0
80.822685,51.4356,0
63.83222,-40.728317,0
-141.91893,-39.131573,0
-62.656357,118.298904,0
13.793278,165.75543,0
-104.8739,53.37024,0
-127.58695,-136.54086,0
29.444141,-157.46625,0
106.6427,92.3639,0
128.88295,-19.93549,0
-114.01246,-51.579967,0
-69.44967,140.17859,0
17.455936,181.21223,0
-102.18404,-4.0765786,0
-116.90887,-57.791985,0
68.11015,-136.95029,0
154.0667,35.000237,0
110.835495,-54.44956,0
38.973824,16.814894,0
19.079147,62.197876,0
19.295237,63.138775,0
-8.312144,-16.000465,0
-9.500558,-18.103193,0
34.73536,-69.34652,0
90.703186,40.120792,0
63.47587,-21.696516,0
-167.3411,-30.77153,0
-80.06539,125.26249,0
-14.828927,168.60902,0
-118.57636,48.3166,0
-128.26433,-125.032486,0
11.758794,-162.00162,0
112.34143,110.22759,0
129.69186,-10.242881,0
-92.35449,-55.098133,0
-81.13608,56.116238,0
43.039062,166.61775,0
-87.70397,-6.0187893,0
-88.87112,-61.83089,0
62.847164,-126.207954,0
157.47081,44.342564,0
112.01333,-50.713062,0
55.287132,36.705086,0
9.370955,64.27958,0
11.034104,70.12299,0
-8.664366,-72.45704,0
-12.534061,-75.473816,0
32.783527,-73.19167,0
125.86016,37.773064,0
138.44212,-7.017697,0
-88.066826,-42.870846,0
-87.762215,55.698345,0
31.844244,167.8116,0
-92.22057,-4.614918,0
-99.51776,-80.03092,0
56.64757,-121.599625,0
87.466644,71.359436,0
104.10992,-33.766308,0
-122.96105,-30.631344,0
-48.487915,100.26321,0
-13.609805,127.66183,0
-93.067276,32.33614,0
-91.964165,-87.03792,0
41.275154,-141.57565,0
116.65159,88.099045,0
124.1207,-57.444355,0
-72.26087,-21.09152,0
-54.719597,69.81939,0
22.346062,135.1825,0
-78.50936,2.6519434,0
-45.525913,-98.2874,0
23.941391,-111.09856,0
126.92956,45.628685,0
94.902596,-43.582466,0
-121.49718,-14.437994,0
-62.43802,91.97991,0
4.298742,137.1162,0
-89.85929,24.574028,0
-91.38257,-104.486855,0
34.642067,-128.74065,0
105.00541,51.435993,0
81.74927,-21.115557,0
-140.46533,-21.11116,0
-86.9395,103.79278,0
0.67004603,157.44774,0
-114.6635,24.149372,0
-105.47586,-115.0685,0
18.96046,-139.38902,0
99.23446,43.385475,0
81.40364,-32.303047,0
-153.71202,-27.41523,0
-95.20982,99.26469,0
-22.289896,148.05113,0
-113.17081,26.714958,0
-116.16772,-125.44682,0
15.507423,-156.37354,0
85.27774,27.937782,0
63.54007,-2.0156586,0
-183.10573,-22.145182,0
-93.69702,127.337105,0
-24.747093,179.61247,0
-129.18918,58.27247,0
-143.19293,-110.429535,0
13.325534,-182.02173,0
152.29425,48.96488,0
111.386894,-43.11501,0
-106.4913,-22.86585,0
50.223515,42.515198,0
2.1999145,62.730484,0
-77.94553,18.451633,0
-82.539055,-92.68637,0
41.366386,-82.39145,0
109.61828,67.11493,0
102.37402,-16.596952,0
-128.84003,-43.28992,0
-70.90757,75.80023,0
12.013554,149.87874,0
-106.819664,11.826353,0
-99.07444,-110.934006,0
53.806953,-160.6736,0
142.60071,21.973482,0
81.75441,-66.80198,0
44.412865,30.85788,0
34.981327,32.14004,0
37.292343,62.537846,0
-8.004182,1.7768433,0
4.5823956,-13.46162,0
36.602345,-43.013584,0
107.574104,132.85573,0
103.8824,-126.79329,1
8.420298,-56.231518,0
-11.720489,50.878666,0
68.26591,164.38022,0
-2.407181,-35.498943,0
1.948463,-58.92088,0
60.16158,-68.873665,0
109.90865,135.1162,0
101.4718,-129.08427,1
11.803572,-56.95061,0
-6.979988,49.579906,0
71.14343,166.28052,0
-0.25132513,-32.87505,0
-1.1774657,-61.585396,0
62.526928,-66.647675,0
69.9706,105.0697,0
147.24107,-57.213696,0
-33.512276,-40.31289,0
-33.996685,70.02026,0
25.660372,93.46123,0
-35.364605,1.8643526,0
-47.11221,-138.26854,0
0.30041677,-88.715004,0
82.324554,89.612236,0
149.55533,-29.753767,0
-44.449795,-65.455025,0
-22.058302,88.823425,0
5.144241,107.356544,0
-52.5932,0.6501434,0
-50.22095,-114.861084,0
-1.9159385,-114.332306,0
117.990005,67.45639,0
118.831955,-23.216295,0
-69.55511,-52.48237,0
-56.930897,84.91268,0
7.051913,127.06486,0
-71.12752,5.1962967,0
-78.546906,-116.44099,0
21.08598,-124.27008,0
129.43365,92.47082,0
131.82574,-78.55497,0
-26.002207,-39.297653,0
-40.364487,47.4586,0
31.332193,152.34233,0
-82.98266,-27.294666,0
-51.682022,-85.77956,0
51.85993,-107.32886,0
108.31865,138.94797,0
99.19892,-128.38168,1
12.144081,-59.090843,0
-6.09316,47.84056,0
73.17115,165.59012,0
-1.6375601,-31.397068,0
0.10022474,-63.68425,0
61.871677,-64.39563,0
153.7471,58.80516,0
97.930954,-72.94062,0
-12.482663,16.308702,0
-9.688683,20.694519,0
39.45767,82.35022,0
-11.408813,17.866695,0
-13.965604,14.203462,0
32.84424,-59.403328,0
95.49029,63.044724,0
105.47934,5.44879,0
-182.53557,14.144674,0
-115.23905,108.78598,0
-43.26152,174.5305,0
-137.65327,24.080353,0
-146.35684,-89.96889,0
41.77593,-176.24594,0
87.36148,41.67434,0
61.416508,-20.719933,0
-160.38264,-36.42275,0
-77.07672,107.83665,0
-13.305519,166.74042,0
-120.31194,47.730434,0
-119.21774,-131.72699,0
25.51714,-160.30725,0
166.54016,14.633319,0
84.60692,-83.0434,0
23.73761,-10.500416,0
26.022163,-13.049399,0
10.910428,46.087967,0
24.66189,-11.562641,0
21.700571,-8.891551,0
33.35337,-17.603107,0
67.90677,83.19466,0
159.8179,-19.04547,0
-58.74703,-63.677498,0
-35.727654,92.21927,0
-4.620481,99.944534,0
-64.2676,-4.9402895,0
-62.98014,-106.66381,0
-10.042935,-127.43105,0
116.62956,134.57599,0
98.733826,-114.04786,1
13.749213,-47.88237,0
-10.354333,37.825314,0
80.06868,154.24394,0
7.313758,-33.13563,0
-7.2954116,-54.928135,0
52.048836,-60.89127,0
103.81601,94.84683,0
127.42466,-20.562265,0
-113.994644,-49.77946,0
-68.47543,138.22792,0
17.294333,179.24274,0
-101.204025,-4.126742,0
-116.13896,-58.986877,0
66.663185,-137.29053,0
77.83469,98.84678,0
157.53331,-43.539253,0
-31.368992,-58.408287,0
-21.882471,74.69946,0
14.208953,97.989784,0
-41.398914,-4.461213,0
-37.873726,-128.52348,0
-2.2574086,-101.640785,0
121.04517,142.9602,0
94.94708,-110.8817,1
18.5011,-46.22904,0
-10.509975,33.13952,0
77.350174,150.14635,0
10.125686,-29.44969,0
-12.177594,-56.207783,0
50.43265,-55.555485,0
96.0407,73.5997,0
106.736084,-25.703066,0
-138.60803,0.34418243,0
-117.90763,88.487495,0
-27.652233,124.736595,0
-129.66722,8.36755,0
-155.24252,-73.91885,0
61.211884,-160.73758,0
68.93658,119.32235,0
154.48778,-75.001526,0
-27.907772,-79.10425,0
-9.542737,71.97782,0
13.241434,87.99089,0
-21.12213,1.0040268,0
-24.53578,-95.57692,0
20.123344,-76.390236,0
153.1183,17.590477,0
76.56946,-74.05002,0
56.914543,12.496248,0
55.45813,34.599045,0
30.578484,55.208748,0
6.9895673,8.376924,0
8.520875,4.2214017,0
38.922523,-34.12112,0
145.88287,49.31366,0
112.131935,-42.922043,0
-107.68369,-30.441448,0
42.360004,41.642357,0
1.7979313,57.712315,0
-83.40515,15.443701,0
-81.29174,-94.03213,0
43.98407,-85.64731,0
139.34462,19.514446,0
90.68319,-67.78848,0
50.355988,22.5491,0
43.85545,33.59337,0
40.436924,59.308918,0
-6.196747,-4.8336926,0
-0.57076985,-11.400724,0
41.141193,-45.29449,0
86.17829,59.72652,0
68.155205,-35.118084,0
-132.24976,-29.970057,0
-65.97546,103.44803,0
-9.524615,136.37398,0
-95.72109,36.533394,0
-112.0924,-104.39351,0
33.881596,-146.13039,0
92.167496,114.58971,0
139.30484,-41.28236,0
-77.55127,-54.94076,0
-76.65455,48.5354,0
39.02413,111.60966,0
-83.18967,-12.175432,0
-77.41323,-64.635925,0
28.796385,-87.10409,0
116.57823,132.73697,0
102.898796,-118.334656,1
6.3198447,-47.616005,0
-14.134756,42.961216,0
69.724525,155.80415,0
3.6448407,-38.50131,0
-1.585591,-51.76802,0
52.93653,-66.71605,0
151.60521,47.924015,0
108.626396,-43.081585,0
-108.10191,-22.176437,0
50.326252,42.438683,0
2.4530203,63.05914,0
-78.9372,19.447151,0
-84.48987,-94.73287,0
41.200665,-82.285706,0
101.99483,40.506176,0
70.081726,-13.3627615,0
-165.19832,-17.495512,0
-83.9373,114.27771,0
-5.2380033,180.51111,0
-128.11157,40.173862,0
-123.94261,-111.61311,0
22.878067,-175.14279,0
90.53062,41.050293,0
59.23643,-22.22959,0
-169.08344,-34.007328,0
-78.61211,122.86922,0
-12.855437,171.64497,0
-116.69817,51.371998,0
-129.4735,-127.99967,0
18.851492,-165.92392,0
85.85971,50.90493,0
79.77387,-47.915237,0
-130.508,-19.965042,0
-66.11688,92.62874,0
0.89277506,140.37723,0
-102.18719,39.749397,0
-107.282486,-138.73387,0
24.084337,-142.63191,0
114.92764,27.844639,0
79.61456,10.899121,0
-164.05586,9.017839,0
-106.00363,84.036804,0
-44.70972,155.47447,0
-157.26695,36.331642,0
-117.17353,-83.93544,0
-10.860191,-166.54306,0
132.08107,77.495865,0
117.20327,-76.8459,0
-57.88123,-29.374584,0
-54.357582,54.274902,0
38.481163,130.46967,0
-51.492863,21.51351,0
-60.766174,-88.976395,0
34.818775,-102.15777,0
91.50839,20.623508,0
77.457375,-2.7354107,0
-174.27802,-10.291583,0
-98.66471,121.78643,0
-29.074202,174.08699,0
-138.84123,53.545395,0
-136.86504,-103.89585,0
7.627687,-181.77916,0
77.38453,96.52721,0
158.31355,-45.402557,0
-29.235167,-57.625492,0
-23.354246,72.93364,0
15.978797,99.77447,0
-41.136036,-7.4143972,0
-37.05802,-129.37573,0
-1.2231508,-101.14591,0
166.10646,7.6537538,0
77.32588,-92.65333,0
36.660877,11.906402,0
14.357613,30.267572,0
14.781419,32.80849,0
15.962447,17.958544,0
19.671137,13.328621,0
41.13638,-17.222406,0
132.02054,69.06571,0
112.82102,-66.98074,0
-68.7415,-32.04699,0
-61.542156,61.22632,0
32.55264,135.45857,0
-64.36737,24.574472,0
-78.77293,-129.48474,0
35.110542,-112.59413,0
156.98167,61.568726,0
94.91076,-72.2559,0
-2.0886564,23.83064,0
-5.6926985,21.634382,0
41.431305,80.42925,0
-3.7178855,22.97573,0
-0.0905738,24.663244,0
29.824203,-60.266125,0
165.13737,7.561833,0
77.433304,-93.4017,0
36.244095,12.202228,0
14.70798,30.835201,0
14.93374,33.152103,0
16.69792,17.207859,0
19.979897,12.962533,0
40.12322,-18.208853,0
167.7209,15.061118,0
85.0045,-84.12384,0
24.917183,-9.568771,0
27.15975,-11.700016,0
10.01918,46.0059,0
25.91924,-10.463326,0
23.485159,-8.533816,0
32.820995,-16.581362,0
169.31165,11.452675,0
79.22,-87.40257,0
39.445236,13.433565,0
7.5868154,33.84858,0
7.6675124,34.442158,0
11.907009,16.381432,0
11.884019,15.010678,0
43.63612,-13.288545,0
89.842545,112.25947,0
162.61989,-54.56675,0
-42.12877,-46.81665,0
-21.600624,62.07843,0
26.227629,107.56435,0
-33.429626,-17.823046,0
-28.596674,-118.74025,0
9.474877,-98.05785,0
155.54198,36.22037,0
111.632645,-53.267815,0
34.71348,18.459188,0
16.488441,63.339928,0
17.050835,64.85032,0
-11.930681,-15.617523,0
-11.711025,-18.110247,0
34.139526,-71.08338,0
123.26575,137.94975,0
102.66592,-112.12206,1
10.936965,-44.842365,0
-14.346766,34.824314,0
73.36416,154.2978,0
8.066572,-36.990593,0
-6.8657084,-50.249268,0
46.17672,-59.878277,0
83.45001,101.82282,0
158.52205,-35.965622,0
-38.453377,-57.485394,0
-15.87021,80.54278,0
14.320384,108.50277,0
-49.3158,-10.30034,0
-42.62062,-122.69781,0
5.8151393,-108.77062,0
94.74363,32.22404,0
84.17434,6.795962,0
-182.91556,-2.722417,0
-75.38961,135.75697,0
-25.732353,164.07535,0
-139.47998,45.487408,0
-134.28299,-91.23371,0
8.494455,-170.18732,0
81.24615,63.158466,0
101.46953,-49.92416,0
-122.04596,-25.31076,0
-53.321888,107.88453,0
-7.362422,129.49852,0
-84.84112,34.66207,0
-94.89108,-93.7705,0
41.296318,-135.42737,0
122.44101,72.74722,0
98.36833,-12.012726,0
-120.40517,-39.193447,0
-63.17061,76.21176,0
17.807228,145.7959,0
-98.07071,8.157517,0
-103.38995,-99.73148,0
25.861948,-126.79993,0
115.217094,24.508402,0
80.41745,9.8172655,0
-165.4126,7.6145587,0
-100.36482,87.50558,0
-40.8706,154.12636,0
-155.41504,37.516743,0
-116.71392,-84.97694,0
-7.3127775,-166.29193,0
77.174,56.014694,0
67.39404,2.4641078,0
-185.23749,-16.304152,0
-61.97046,108.050545,0
-12.547194,131.45894,0
-134.89156,61.557915,0
-139.71823,-103.9946,0
36.90754,-141.59956,0
60.32258,95.18416,0
135.18852,-68.36296,0
-44.74933,-27.484629,0
-45.662746,67.57551,0
33.943726,119.80619,0
-40.858574,16.425049,0
-63.954453,-135.4809,0
20.117647,-93.75644,0
99.61876,24.222206,0
84.216354,0.530164,0
-174.56883,-2.233761,0
-102.589325,112.32195,0
-34.978443,162.48576,0
-146.21692,47.702427,0
-124.05452,-93.00222,0
2.1885326,-173.16743,0
141.97064,46.611206,0
109.000565,-42.295986,0
-111.42918,-26.398012,0
37.846954,35.72866,0
3.6453526,53.820137,0
-85.72047,17.229815,0
-84.75815,-92.57751,0
45.289684,-90.105225,0
112.35246,32.766277,0
75.76926,5.0142794,0
-161.65324,3.1658344,0
-92.0658,86.55458,0
-36.916924,150.69905,0
-150.23889,35.570713,0
-113.11582,-87.42176,0
-5.3595295,-161.31528,0
110.75813,44.247997,0
84.76336,-36.854305,0
-151.65424,-20.376963,0
-81.83941,92.194466,0
-11.9199295,155.31285,0
-113.99241,33.947254,0
-108.48777,-127.66058,0
12.576411,-149.25705,0
76.14052,100.853516,0
161.73183,-40.847996,0
-32.65003,-55.126266,0
-26.308643,76.80205,0
15.132409,94.762985,0
-39.47979,-3.769818,0
-42.448425,-129.66907,0
-5.6911626,-98.93676,0
90.881744,21.758526,0
80.61639,-1.7151778,0
-174.01605,-5.337721,0
-103.17681,117.26448,0
-33.47571,169.24265,0
-141.94443,52.972908,0
-128.50418,-96.84912,0
3.5496743,-179.32611,0
93.92543,41.22477,0
63.831566,-25.83498,0
-159.88391,-35.258327,0
-76.97326,114.37322,0
-6.587264,168.45456,0
-114.253456,46.77855,0
-122.78837,-129.61961,0
23.643143,-158.29016,0
120.846825,56.2884,0
87.63602,-21.758823,0
-139.80365,-10.503355,0
-67.370285,69.73479,0
24.161764,144.47974,0
-105.01039,21.019464,0
-90.18912,-123.93815,0
13.855217,-131.00435,0
165.61583,8.6023245,0
78.86841,-94.17043,0
37.433727,12.340752,0
12.299032,30.87032,0
13.421068,32.87366,0
15.262357,17.342978,0
18.397755,13.363985,0
39.407158,-16.530075,0
120.23885,108.24705,0
129.1331,-4.796209,0
-96.01821,-50.17782,0
-85.54495,60.408504,0
38.787785,170.28673,0
-93.872314,-14.551795,0
-94.771706,-67.25687,0
67.74048,-119.36703,0
120.541985,30.889263,0
72.13203,9.50254,0
-155.46632,7.8622828,0
-94.17678,78.22846,0
-40.62599,144.18756,0
-153.18553,29.255589,0
-108.214455,-82.71068,0
-10.655475,-157.69225,0
108.13851,43.293133,0
83.92325,-28.172222,0
-152.27672,-13.682129,0
-91.16184,87.48836,0
-18.933767,152.47714,0
-120.68723,26.757826,0
-109.486916,-120.55728,0
5.6970673,-151.52045,0
146.78175,90.93155,0
124.98223,-105.60188,0
-13.090899,-36.17072,0
-29.599573,46.458447,0
55.009785,150.9364,0
-13.635231,-29.064533,0
-37.419758,-88.63829,0
59.277637,-90.33759,0
86.58914,112.36754,0
163.50345,-52.41307,0
-40.8374,-49.118767,0
-20.002733,62.034363,0
23.755867,107.17498,0
-33.90152,-15.304379,0
-29.5972,-119.75167,0
7.1134887,-98.8674,0
67.059586,118.794136,0
152.57127,-77.10072,0
-25.211346,-79.949875,0
-6.7132845,73.42957,0
13.553574,84.45005,0
-21.164518,-2.0189397,0
-24.024153,-97.01848,0
17.836931,-75.08417,0
127.136154,26.56747,0
164.55322,-14.15738,0
-66.456276,-60.043003,0
-44.310986,90.24285,0
-3.6906836,91.69929,0
-66.520325,-11.212205,0
-67.19625,-107.70565,0
-8.45715,-137.1679,0
120.105896,141.49591,0
94.36775,-111.16613,1
18.681747,-46.621426,0
-8.296932,34.230614,0
77.74449,151.00797,0
9.8226385,-28.600233,0
-12.304889,-56.853977,0
50.162354,-55.063667,0
83.72581,101.07317,0
158.59393,-36.41588,0
-38.341576,-57.132156,0
-17.467985,79.17385,0
14.717506,108.02416,0
-48.639523,-11.083336,0
-42.649044,-122.53019,0
4.9899764,-108.39217,0
91.04618,52.209255,0
76.51261,-41.071842,0
-145.78651,-30.801844,0
-72.943474,95.44399,0
-2.9570642,145.72177,0
-104.29417,35.928577,0
-106.33736,-133.34839,0
20.879692,-147.03105,0
105.52133,29.68497,0
88.413055,-1.6109549,0
-166.4101,0.23955731,0
-99.730965,108.70731,0
-34.425198,158.05804,0
-146.58853,43.551975,0
-119.26711,-91.597694,0
-0.10780171,-168.86247,0
154.00633,14.051728,0
71.74118,-76.65932,0
54.967766,12.420863,0
29.143564,47.19271,0
28.647007,47.18447,0
8.890185,5.513465,0
10.202209,3.6637406,0
42.22213,-30.012661,0
81.98149,46.012653,0
72.15457,-48.255917,0
-152.20209,-39.67527,0
-67.18303,112.615,0
-21.08667,160.45163,0
-99.81335,44.976475,0
-114.626305,-141.8791,0
25.81327,-152.87473,0
84.59017,43.41608,0
73.727516,-49.812172,0
-153.70549,-37.90849,0
-70.64463,112.96607,0
-18.469444,162.4578,0
-102.0008,46.468018,0
-115.7047,-138.7776,0
23.36615,-154.22772,0
100.81642,83.79367,0
115.78047,-32.455105,0
-110.17933,-39.484684,0
-58.069786,78.06172,0
23.171715,156.51329,0
-92.35591,8.800763,0
-105.08079,-70.17891,0
27.452501,-122.63454,0
152.75053,19.5436,0
77.026886,-75.82725,0
52.126457,22.4479,0
59.504547,29.630322,0
29.072632,53.516636,0
4.2473464,1.3225834,0
11.094035,1.0354389,0
40.979042,-32.905815,0
94.15901,23.484905,0
79.49038,-0.039970502,0
-42.239788,25.001696,0
-100.43746,117.130585,0
-30.818525,168.59067,0
-141.48056,50.57245,0
-130.6364,-96.31799,0
6.639813,-178.5261,0
128.27242,75.896996,0
122.13173,-74.24026,0
-56.29198,-32.914852,0
-49.66461,57.457745,0
33.190006,126.78952,0
-50.555794,17.35187,0
-59.701694,-93.559586,0
28.827765,-101.5787,0
104.06026,67.5795,0
101.62893,1.536755,0
-179.3734,19.158983,0
-121.25457,111.23668,0
-48.615025,172.28284,0
-134.4131,19.178598,0
-149.7958,-95.21009,0
44.465717,-170.56583,0
87.60959,21.180498,0
66.69571,-4.5523887,0
-178.86589,-20.115274,0
-91.98972,123.269226,0
-24.738468,175.98994,0
-132.16252,55.686493,0
-138.81616,-110.440895,0
19.405521,-180.61716,0
85.85122,64.04439,0
96.98393,-38.626072,0
-125.82531,-29.968637,0
-54.857864,96.44028,0
-7.5741363,133.6725,0
-90.388016,34.68119,0
-113.21859,-99.11422,0
34.216183,-140.9674,0
155.21875,35.86901,0
111.55865,-53.695312,0
37.11008,17.69351,0
17.31736,63.02969,0
17.892086,64.53019,0
-10.773628,-16.17789,0
-11.177405,-18.049362,0
34.57275,-70.73862,0
83.87666,97.804306,0
155.4158,-35.69767,0
-39.251495,-61.6305,0
-17.77547,83.28259,0
10.169266,107.156296,0
-49.61055,-6.354584,0
-44.551834,-118.54256,0
-0.99745977,-109.55734,0
108.159355,134.87558,0
102.73486,-128.57457,1
9.925166,-55.878273,0
-10.23049,47.838898,0
71.81501,162.38487,0
0.7556105,-32.446747,0
-0.124041475,-60.057175,0
60.392555,-67.102135,0
111.45869,47.980396,0
89.981865,-35.366013,0
-145.15619,-21.800823,0
-75.04428,90.3203,0
-6.5434237,150.31242,0
-108.772095,26.298174,0
-100.43838,-127.39969,0
17.005888,-140.47989,0
116.33658,87.13648,0
122.90488,-57.680794,0
-71.47983,-21.828325,0
-55.3494,69.04482,0
22.99778,135.7927,0
-79.57538,2.096612,0
-44.86303,-99.32027,0
24.913382,-109.42736,0
91.157555,41.335236,0
60.40123,-21.029882,0
-170.17128,-32.29836,0
-85.8207,118.707695,0
-14.179339,174.7016,0
-121.496956,48.425083,0
-127.80681,-126.74286,0
19.695515,-167.40048,0
127.5087,71.830444,0
121.006226,-63.697166,0
-64.615364,-36.877426,0
-50.587105,65.88858,0
27.751202,129.21106,0
-67.199036,17.339787,0
-78.59895,-122.5522,0
29.067917,-113.88686,0
80.54516,108.36778,0
168.17989,-50.07167,0
-36.87822,-46.77984,0
-23.611025,65.443924,0
20.325272,105.43179,0
-31.14222,-11.232772,0
-34.994904,-122.34479,0
5.102093,-95.040726,0
77.23738,97.82337,0
158.20273,-44.213825,0
-30.313955,-58.13272,0
-22.352463,73.933395,0
14.119958,99.89525,0
-41.8881,-5.530623,0
-37.534576,-128.83356,0
-0.8884669,-102.12401,0
98.65819,75.41183,0
110.01813,-25.814451,0
-139.12259,3.720764,0
-121.26152,88.90336,0
-30.492615,122.45265,0
-132.54979,10.293925,0
-158.42783,-76.1339,0
64.42973,-162.19324,0
110.625565,56.55059,0
77.33106,-15.143061,0
-169.67195,-13.912694,0
-87.24525,108.95142,0
6.5319633,158.32054,0
-124.74075,38.257828,0
-126.29073,-117.8397,0
18.942305,-174.40794,0
116.321236,143.76505,0
90.07225,-113.64003,1
21.106768,-50.294754,0
-6.0635796,32.334072,0
80.99564,152.53845,0
7.184172,-25.379145,0
-11.370254,-61.48178,0
55.46035,-54.638725,0
101.870285,35.108173,0
75.982155,-3.6936111,0
-178.55136,-8.840583,0
-98.91584,118.83552,0
-28.354288,168.45885,0
-138.56271,48.059486,0
-131.83897,-100.43127,0
10.263102,-178.31554,0
82.60338,81.682495,0
146.3036,-25.37767,0
-48.935696,-68.78612,0
-27.20555,94.775856,0
-2.377142,110.26064,0
-56.4652,4.64315,0
-65.82985,-117.376015,0
-0.46833757,-121.47207,0
106.32239,57.660984,0
96.58074,-5.71338,0
-119.2429,-45.581528,0
-71.608154,133.20851,0
11.6605,177.01994,0
-100.581604,3.817701,0
-122.91624,-77.14524,0
61.499218,-143.64795,0
84.682304,98.44922,0
156.47949,-34.11782,0
-41.062443,-59.49712,0
-17.80684,84.79719,0
9.264178,107.892426,0
-50.274666,-12.186642,0
-41.882164,-120.18379,0
2.1221943,-110.81346,0
99.580666,61.738247,0
102.59389,4.593656,0
-183.14311,16.568886,0
-116.63729,111.672195,0
-43.732094,171.26158,0
-137.72015,21.52525,0
-146.83992,-93.975006,0
41.94167,-173.07625,0
111.057976,107.9397,0
140.04855,-45.166405,0
-64.58033,-39.985825,0
-74.78626,58.175137,0
40.919067,115.66701,0
-81.1856,-17.530815,0
-78.24085,-70.33888,0
28.352077,-92.11446,0
61.451157,107.64009,0
141.09145,-61.097385,0
-39.527596,-35.48215,0
-36.097942,59.652794,0
30.149183,95.46701,0
-35.32816,9.69651,0
-56.124123,-139.02467,0
7.526801,-87.88674,0
104.32935,51.303574,0
80.832664,-20.728712,0
-139.1781,-21.15302,0
-85.59227,104.317276,0
2.7580304,157.00443,0
-118.69979,18.711891,0
-120.63733,-105.44664,0
33.315937,-166.75056,0
131.93542,39.04336,0
97.511734,-68.6643,0
-16.966188,18.428947,0
-15.99959,24.553368,0
36.355335,80.92917,0
-16.647085,20.101198,0
-17.471466,17.112839,0
29.537613,-56.601986,0
121.55427,112.04348,0
135.02068,-1.6740556,0
-87.78824,-50.437325,0
-81.43799,61.45401,0
36.355873,175.61014,0
-89.62172,-10.007535,0
-89.85216,-72.43485,0
62.113415,-118.722885,0
158.108,61.076504,0
94.11129,-73.23622,0
-1.1255103,22.056688,0
-4.846183,20.074158,0
42.86982,80.562386,0
-2.5707564,21.26135,0
1.0753095,23.260788,0
29.654428,-61.747253,0
113.35146,67.820465,0
88.64498,-11.284072,0
-156.90076,-4.3168316,0
-85.45578,77.87217,0
-30.625738,154.06616,0
-141.76456,34.277233,0
-104.0004,-90.25688,0
-3.7162242,-152.93126,0
129.2562,66.44496,0
118.65911,-63.996716,0
-67.40364,-37.044533,0
-56.129566,63.68042,0
27.686132,134.16728,0
-68.03482,18.844818,0
-80.016335,-123.30805,0
30.313786,-114.721275,0
160.92873,45.717518,0
114.03047,-50.71269,0
-2.7135668,-74.790634,0
60.988567,29.8743,0
7.9869494,69.49778,0
-3.142792,-75.7202,0
-22.072905,-66.24197,0
29.095583,-72.01049,0
143.2707,97.99789,0
127.03024,-102.52325,0
-14.159372,-40.75524,0
-31.03013,39.677544,0
53.051197,152.07628,0
-15.702349,-26.210081,0
-39.347374,-85.56511,0
62.02623,-95.89806,0
153.7524,61.342075,0
97.76163,-71.901245,0
-13.15767,16.972084,0
-9.88375,21.208242,0
38.811966,81.87835,0
-12.261007,18.23926,0
-14.520686,14.322233,0
31.534935,-58.699352,0
85.36508,63.235954,0
94.06794,-48.80677,0
-121.180916,-16.945469,0
-55.133373,100.66262,0
2.137097,133.4266,0
-89.61756,32.23152,0
-86.775215,-100.65563,0
33.92645,-136.7175,0
100.2227,77.37153,0
110.78638,-26.87149,0
-137.97667,4.707543,0
-121.58808,87.69772,0
-29.905773,120.92628,0
-133.48239,9.368245,0
-159.4867,-75.99958,0
65.8352,-159.82742,0
68.71307,47.907593,0
115.770424,-8.787617,0
-141.08824,-47.074966,0
-98.987366,95.447945,0
-22.021488,142.56068,0
-114.45555,8.820245,0
-133.04074,-78.29842,0
41.476852,-159.20059,0
93.69035,112.31888,0
159.82465,-56.767483,0
-45.70378,-43.931427,0
-22.13471,56.210026,0
27.429916,112.41278,0
-35.995193,-20.810038,0
-26.080254,-115.779,0
13.747563,-98.675644,0
165.67636,16.426447,0
85.480545,-80.98406,0
20.980972,-12.584393,0
23.121092,-14.922207,0
11.486684,48.13502,0
22.038164,-13.793313,0
19.920969,-11.481076,0
31.416483,-18.656,0
119.43068,33.95201,0
73.43521,5.194268,0
-156.03209,2.7164314,0
-91.42018,79.49748,0
-37.419415,145.29762,0
-148.52823,31.61082,0
-108.187195,-86.710106,0
-7.088062,-157.2266,0
97.40075,82.210915,0
113.89686,-42.86355,0
-111.316574,-34.221226,0
-46.797844,113.00766,0
18.242695,172.1258,0
-85.68942,11.661731,0
-79.767845,-95.79857,0
47.99952,-129.06569,0
159.8258,38.021126,0
137.42961,-58.123684,0
-42.8584,-38.589317,0
28.045982,23.44586,0
17.201263,70.91217,0
-41.65407,8.74676,0
-59.272884,-142.09427,0
11.130638,-80.63215,0
112.687904,70.191696,0
169.03053,-17.904356,0
-64.44788,-54.964554,0
-43.796047,83.27443,0
12.018614,121.71682,0
-71.361725,-10.414801,0
-73.29397,-106.10983,0
-15.571061,-134.67032,0
73.14873,47.51472,0
98.02247,-18.618578,0
-129.78458,-38.448128,0
-66.966034,81.12953,0
8.436153,145.61923,0
-111.569595,14.31247,0
-99.58102,-107.010124,0
14.867721,-137.91849,0
64.917854,87.474815,0
162.8642,-19.672693,0
-60.338387,-60.962753,0
-38.815628,88.17566,0
-1.9184749,95.85764,0
-64.8187,-7.2194953,0
-66.20902,-102.00767,0
-13.140036,-133.08284,0
79.89729,57.29421,0
61.742455,-34.349476,0
-159.334,-37.970886,0
-61.0627,114.8581,0
4.7341647,172.06398,0
-105.59624,48.36886,0
-120.255066,-108.705536,0
31.057127,-160.95834,0
127.34586,49.359703,0
85.61411,-11.242588,0
-154.34894,0.30513892,0
-85.78539,76.59642,0
-34.705753,143.42645,0
-145.24792,30.356361,0
-103.3796,-88.10713,0
-4.8964543,-152.72792,0
118.56061,51.2928,0
86.658875,-22.662943,0
-146.56169,-8.089102,0
-67.19192,68.4008,0
25.538183,144.0525,0
-125.68054,25.257532,0
-88.53011,-126.888794,0
13.335116,-131.75862,0
88.03578,38.676205,0
60.992577,-17.322348,0
-171.91838,-28.635065,0
-86.05416,121.814926,0
-18.247782,172.04646,0
-122.25184,51.398876,0
-132.37837,-121.10006,0
17.103695,-168.95186,0
83.5263,66.28554,0
97.4621,-47.95789,0
-117.695786,-20.14344,0
-54.55834,103.35517,0
-5.035559,124.224434,0
-80.668655,33.60163,0
-92.36373,-99.005875,0
36.719257,-133.57654,0
132.58862,62.44833,0
114.23606,-63.766876,0
-70.02756,-35.81841,0
-62.801434,63.535995,0
29.16981,137.29819,0
-67.45988,23.789976,0
-82.91962,-126.59325,0
33.301395,-116.24963,0
126.87364,61.43979,0
107.32168,-38.162277,0
-110.466995,-29.035093,0
-56.98956,82.15214,0
5.0104427,132.8128,0
-73.50882,21.883917,0
-85.829414,-102.71048,0
39.186848,-125.492744,0
120.90074,139.11333,0
97.543205,-109.16055,1
16.469091,-43.455986,0
-13.723188,33.24042,0
73.313934,148.08136,0
11.293849,-32.19169,0
-11.961259,-52.775337,0
46.983505,-58.031113,0
126.81188,39.726894,0
131.99916,1.5205592,0
-89.560356,-45.785587,0
-83.23144,65.15245,0
32.40899,171.84865,0
-93.019295,-8.235621,0
-93.62399,-73.676834,0
62.58074,-115.39573,0
93.647415,66.68681,0
102.93423,7.7387166,0
-186.27553,13.859381,0
-115.73279,112.95423,0
-41.92203,170.2657,0
-141.03973,22.545698,0
-145.66455,-94.010506,0
38.896793,-174.2654,0
81.37891,96.02822,0
154.81952,-36.88823,0
-37.494095,-61.138023,0
-21.015566,81.75026,0
10.665855,104.19739,0
-48.385143,-4.5448194,0
-45.332016,-117.31231,0
-1.4784521,-107.50427,0
159.38084,40.118015,0
116.55533,-50.419796,0
30.70044,22.19996,0
12.536473,61.037865,0
14.99071,69.716255,0
-12.68602,-11.304485,0
-16.640749,-70.82432,0
32.841805,-75.569565,0
114.688644,43.05809,0
86.92542,-34.426468,0
-148.68872,-18.370478,0
-81.60114,88.33685,0
-5.486529,155.28299,0
-113.87775,31.620583,0
-106.00922,-126.14276,0
12.453932,-145.165,0
61.822906,118.72264,0
145.19336,-74.81795,0
-18.74286,-78.27686,0
-8.683901,64.50099,0
21.091208,84.797935,0
-24.872677,-6.5033717,0
-26.92993,-103.636345,0
19.652874,-82.58244,0
116.94653,144.43402,0
93.34386,-110.9799,1
19.80124,-46.50044,0
-10.1075115,34.897545,0
77.040054,151.31578,0
9.837524,-27.697075,0
-12.109352,-57.031086,0
50.86304,-57.220787,0
87.110756,48.6191,0
78.852806,-46.658554,0
-149.7309,-34.13935,0
-66.50246,93.50606,0
0.33925802,141.27731,0
-103.26513,41.153698,0
-109.63328,-138.64076,0
23.94745,-145.16226,0
106.04685,93.85584,0
128.24623,-21.926085,0
-115.92659,-50.25708,0
-70.36204,138.49583,0
15.782669,179.58337,0
-103.12051,-2.3974702,0
-117.382904,-60.313667,0
66.65301,-138.84395,0
95.919655,87.163864,0
135.3508,-28.159302,0
-67.371826,-69.36956,0
-40.431293,100.12276,0
2.1584556,121.294586,0
-72.69792,-0.4279561,0
-73.84591,-96.05024,0
8.404673,-120.653076,0
121.65,70.353004,0
98.496315,-14.127569,0
-120.84812,-41.695953,0
-63.23209,75.07571,0
19.325865,146.77133,0
-99.8886,9.638889,0
-103.43043,-97.12292,0
27.5024,-124.941666,0
65.58913,122.45741,0
145.91628,-76.18236,0
-56.287563,-39.221386,0
-12.218937,71.3048,0
26.955914,123.29799,0
-26.30197,-5.0283656,0
-32.9564,-99.45075,0
20.385517,-81.90559,0
127.24056,91.08793,0
130.00778,-78.64787,0
-48.85554,-42.246838,0
-43.688427,52.00362,0
33.216526,151.33594,0
-81.890236,-25.114145,0
-76.64714,-82.40871,0
48.617367,-108.7729,0
84.64067,65.103676,0
95.01252,-48.829773,0
-120.39846,-17.1752,0
-55.859993,101.21272,0
2.7684035,134.84483,0
-88.86369,32.72348,0
-88.036674,-100.05094,0
33.590973,-135.1465,0
166.07631,9.682834,0
79.3507,-94.37718,0
38.340664,12.357937,0
12.030323,31.150745,0
12.257799,33.20537,0
14.253355,17.331434,0
17.82266,13.852872,0
39.130375,-16.03227,0
154.32062,35.16433,0
111.10516,-54.492207,0
39.408142,15.599862,0
18.557066,62.489048,0
18.591402,63.380814,0
-8.2283535,-16.858936,0
-9.507395,-17.567192,0
33.972515,-69.969315,0
96.59312,65.96039,0
108.80173,5.957719,0
-183.18115,9.911237,0
-113.46076,105.39268,0
-39.64562,177.32596,0
-137.54529,28.098492,0
-145.836,-86.92916,0
43.880497,-179.4123,0
112.751305,47.73389,0
78.87532,-38.98488,0
-143.19238,-19.96483,0
-73.30143,92.8946,0
-2.5791268,151.04144,0
-106.29784,33.33512,0
-105.5175,-131.28745,0
16.94241,-145.4147,0
143.38533,31.682316,0
82.09619,-68.621506,0
21.468279,-28.680265,0
24.718136,-28.514105,0
29.727795,71.607635,0
22.930763,-28.44398,0
19.330967,-29.254097,0
32.354534,-41.225643,0
128.7369,66.05927,0
118.19887,-64.925476,0
-66.96281,-35.773384,0
-54.140083,61.50664,0
29.285921,134.86589,0
-67.76366,20.316965,0
-80.56348,-124.864365,0
31.147606,-113.18076,0
66.11723,44.377125,0
115.06993,-5.481562,0
-144.93613,-48.525284,0
-97.54187,97.6765,0
-24.970928,144.96788,0
-118.2639,10.963387,0
-135.51349,-81.37557,0
39.39985,-162.60928,0
68.88704,108.22457,0
138.85999,-56.75679,0
-40.800846,-40.32623,0
-30.828974,62.309216,0
30.620066,99.792725,0
-37.17872,2.8354218,0
-54.339256,-134.24422,0
10.976956,-89.93358,0
157.12695,40.802086,0
107.91684,-48.81998,0
29.403618,23.338295,0
12.032091,63.74658,0
15.584444,71.92402,0
-14.022399,-9.569941,0
-14.193954,-72.30807,0
36.327705,-74.03506,0
91.02083,61.78397,0
101.15883,5.368748,0
-184.00568,17.795198,0
-118.5985,112.22622,0
-45.51789,169.94534,0
-138.60294,20.105858,0
-144.31387,-94.70738,0
41.797558,-172.00476,0
117.93882,105.83029,0
128.32655,-5.6041107,0
-96.9996,-49.414276,0
-84.814384,59.482365,0
39.3673,170.64719,0
-92.838326,-14.407701,0
-90.53057,-64.90743,0
63.47298,-123.284515,0
122.479706,140.27051,0
98.329185,-110.166855,1
15.160287,-44.0894,0
-15.036976,36.436775,0
72.38989,151.59122,0
12.193318,-32.42131,0
-11.574733,-53.961926,0
48.15634,-57.896492,0
131.95815,67.8903,0
115.30938,-66.65275,0
-69.034195,-33.12153,0
-59.06894,62.16028,0
32.24047,136.85095,0
-65.01997,21.798613,0
-79.925285,-127.87067,0
33.732002,-111.722145,0
121.336876,27.273548,0
71.57784,12.109374,0
-155.16745,10.478766,0
-96.4528,76.81652,0
-43.361126,144.31464,0
-154.58702,28.774506,0
-107.4962,-79.94468,0
-12.938691,-158.2711,0
83.75408,110.95709,0
166.54956,-53.368824,0
-39.997276,-46.0813,0
-22.76687,63.464252,0
26.42657,105.77619,0
-31.676785,-14.484993,0
-28.24863,-122.25873,0
8.321575,-95.74837,0
74.65177,53.46681,0
58.863518,-29.935728,0
-162.48569,-37.198883,0
-72.92964,118.99371,0
-7.3537164,172.44269,0
-111.970505,47.924587,0
-124.41202,-132.49336,0
24.294983,-160.00458,0
93.05361,40.261734,0
65.62188,-26.258814,0
-155.70415,-25.389717,0
-96.92562,102.49612,0
-21.963924,152.56877,0
-116.649315,37.570835,0
-136.40675,-113.54459,0
12.843243,-154.93254,0
76.68703,38.53583,0
58.456547,-25.434715,0
-169.74135,-37.726795,0
-76.323875,119.89281,0
-9.201362,176.54913,0
-111.25295,52.68595,0
-129.94283,-133.21278,0
20.438923,-164.115,0
158.14186,41.61231,0
105.167946,-48.395348,0
29.991432,23.561844,0
11.34228,62.97732,0
15.35133,71.669205,0
-13.583833,-10.037833,0
-14.389398,-72.65293,0
35.584724,-73.98365,0
67.452,45.83007,0
115.60152,-8.04723,0
-141.48491,-47.729393,0
-98.31469,96.24427,0
-22.581793,142.89847,0
-115.28022,9.55829,0
-133.69977,-79.12445,0
40.29682,-159.01103,0
172.05946,4.5225034,0
84.49353,-95.527756,0
32.808167,-0.48744613,0
32.756187,-6.5576677,0
11.08628,42.763344,0
32.213154,-3.832893,0
33.12957,2.8727887,0
34.739742,-13.678414,0
104.79225,43.428703,0
76.274055,-27.364868,0
-137.15881,-26.006168,0
-88.34575,99.82841,0
-15.069582,145.63963,0
-121.15026,22.556587,0
-115.07223,-111.61492,0
8.496054,-152.2765,0
87.964935,29.658472,0
73.89757,-5.703767,0
-175.25377,-15.123282,0
-92.35267,117.83698,0
-24.204523,172.6027,0
-132.85213,49.674606,0
-132.75862,-103.35328,0
14.533923,-175.45284,0
63.55218,65.98711,0
114.9337,-14.014748,0
-138.33383,-50.684772,0
-103.63073,94.42113,0
-23.175116,138.98497,0
-112.413124,3.8292642,0
-132.65231,-70.71562,0
45.939266,-158.63191,0
90.63648,114.47327,0
161.82686,-56.289406,0
-45.253788,-45.897266,0
-21.687561,57.965538,0
25.845448,111.538536,0
-34.264904,-20.041079,0
-27.309591,-117.03651,0
11.570699,-98.99527,0
62.340405,79.122505,0
160.1803,-13.833909,0
-65.96358,-66.18797,0
-38.921585,94.45076,0
4.989122,119.87405,0
-68.92376,-4.3513746,0
-70.226654,-100.56258,0
-7.272069,-132.56223,0
73.7459,36.133232,0
59.303886,-27.57816,0
-168.59364,-39.446175,0
-74.1237,123.21128,0
-8.879528,173.17262,0
-113.23012,51.558582,0
-129.38158,-131.18257,0
19.09364,-161.82245,0
98.16855,40.977913,0
67.23887,-12.781331,0
-167.35686,-19.000622,0
-83.40523,111.462105,0
-7.47207,183.57458,0
-126.91948,42.89966,0
-126.34475,-110.4179,0
25.558266,-172.67113,0
89.41514,40.48882,0
63.65222,-19.943998,0
-167.46815,-29.90661,0
-78.4277,125.683,0
-11.646834,166.26447,0
-118.350395,46.60001,0
-129.16412,-122.308235,0
14.561334,-166.12418,0
70.84712,80.65758,0
149.08519,-17.918037,0
-50.108334,-59.17167,0
-30.190918,85.57985,0
-5.7403383,102.36556,0
-61.004677,3.6783373,0
-57.77995,-119.34469,0
-5.015723,-127.0061,0
139.36827,33.093914,0
83.49868,-61.80239,0
-26.360493,19.808075,0
-26.923946,26.18735,0
32.24391,74.3546,0
-26.730518,22.480537,0
-25.367664,16.668789,0
32.31803,-46.284267,0
109.90747,48.776188,0
92.630615,-36.91274,0
-73.81497,-37.27008,0
-66.378944,65.49492,0
27.99703,142.54613,0
-69.038,27.364342,0
-87.680695,-128.43486,0
16.250383,-142.22997,0
107.12645,137.69585,0
97.87144,-128.22992,1
12.010624,-60.179745,0
-9.617778,46.72237,0
74.23026,159.84866,0
-0.19094878,-29.412394,0
-1.8949405,-63.89466,0
56.686844,-61.5775,0
106.36376,132.2976,0
103.72772,-125.78941,1
7.5059624,-56.58372,0
-11.771447,49.768074,0
68.8483,162.66454,0
-3.3294487,-35.78726,0
2.865063,-59.27541,0
59.14679,-68.47498,0
111.91427,106.79502,0
140.33784,-46.944473,0
-51.32885,-36.204838,0
-72.86805,57.857643,0
40.071697,116.99511,0
-79.31132,-16.560598,0
-76.32198,-70.632935,0
26.46059,-91.74816,0
145.09592,21.40858,0
80.56276,-69.738594,0
45.20868,30.563833,0
35.68384,31.883142,0
35.681736,61.399067,0
-6.682032,0.7857145,0
6.2561274,-10.845193,0
35.8011,-39.64122,0
110.14514,41.31179,0
88.50351,-37.706497,0
-150.13904,-16.263191,0
-64.45913,120.76168,0
-14.686881,156.71199,0
-117.14774,34.733994,0
-99.28119,-130.2993,0
-3.0432384,-140.35893,0
59.68421,97.412155,0
136.26471,-65.97169,0
-44.367153,-29.93246,0
-43.30414,68.66032,0
31.776886,117.75,0
-40.365135,14.755123,0
-63.12314,-137.73479,0
19.512094,-92.046394,0
85.407646,88.526276,0
144.78065,-30.848833,0
-42.66115,-70.16805,0
-21.272783,92.48569,0
3.2849371,113.29647,0
-50.215675,3.2931888,0
-47.124897,-108.72467,0
3.6912103,-115.359505,0
144.57048,47.26617,0
102.687,-44.762424,0
-112.54818,-23.479628,0
41.14761,40.57296,0
2.6132119,55.70353,0
-84.73222,19.439856,0
-88.6789,-95.572,0
46.42187,-87.33729,0
118.06814,58.239647,0
91.53706,-23.504814,0
-141.05832,-13.257181,0
-72.04893,81.62282,0
4.872788,151.93988,0
-104.80187,18.197126,0
-98.48971,-116.729256,0
18.602873,-132.95026,0
127.319954,77.46942,0
124.25586,-73.9892,0
-57.148422,-35.33101,0
-47.084038,55.60445,0
31.143644,127.93206,0
-51.995403,16.046768,0
-57.67455,-94.03721,0
27.222557,-103.066025,0
77.48477,35.195656,0
61.23252,-25.30399,0
-167.41779,-35.438004,0
-76.08087,124.24873,0
-10.475788,170.93472,0
-113.84612,49.617424,0
-130.92883,-129.45047,0
18.117521,-163.02817,0
84.62553,81.81965,0
127.86878,-37.89575,0
-71.66433,-54.374256,0
-50.912663,93.34226,0
-3.0817127,119.39704,0
-66.754135,9.244326,0
-63.85678,-111.57882,0
7.278276,-125.71085,0
115.75836,34.853302,0
87.9362,-8.084323,0
-158.04648,0.3292558,0
-89.590485,81.883385,0
-33.789673,146.59946,0
-146.12195,33.840084,0
-109.1878,-90.078514,0
-2.8673072,-158.03363,0
89.94011,114.54228,0
161.98282,-56.702,0
-45.52868,-45.611702,0
-23.07741,59.127796,0
25.940077,113.35374,0
-34.13986,-20.29933,0
-26.122726,-117.79756,0
12.080979,-98.43074,0
67.024994,46.690853,0
114.98396,-8.782039,0
-140.68991,-47.86007,0
-100.07162,95.37044,0
-22.484062,141.63,0
-115.1634,8.561447,0
-134.01234,-78.161026,0
42.685783,-158.81369,0
65.44022,117.70229,0
149.01767,-72.867744,0
-23.571146,-74.596855,0
-8.797373,68.575096,0
17.529972,87.5262,0
-26.06502,-2.2687798,0
-28.222403,-100.41527,0
19.856903,-80.12358,0
70.144554,117.20755,0
155.73744,-75.252495,0
-28.824572,-78.96179,0
-10.848099,71.18341,0
12.679416,87.985405,0
-20.03383,1.9010276,0
-25.350355,-94.828186,0
20.485327,-75.410995,0
120.83756,109.3858,0
131.38965,-2.2621894,0
-92.36367,-47.866184,0
-85.64644,62.28555,0
37.22596,171.49957,0
-92.06503,-14.965043,0
-93.26867,-69.007774,0
65.575874,-118.19864,0
107.147,104.1123,0
144.19135,-41.528316,0
-78.74135,-50.759693,0
-74.16812,51.881615,0
38.548916,105.81408,0
-79.60316,-11.627095,0
-81.63871,-63.41346,0
30.528677,-91.400024,0
96.0605,88.037506,0
134.99632,-28.257496,0
-67.329155,-68.73526,0
-40.899616,99.45433,0
2.126976,120.94823,0
-72.3305,-0.62643105,0
-73.03958,-96.654495,0
9.239052,-121.16147,0
70.00815,122.137726,0
152.77046,-81.30742,0
-23.017374,-84.42305,0
-4.6758,77.37268,0
14.513388,115.04547,0
-19.508623,-5.404931,0
-22.739082,-90.80031,0
18.305824,-70.966705,0
77.9956,38.37046,0
60.351734,-24.785254,0
-166.71785,-36.31292,0
-75.072556,124.17798,0
-11.046506,170.9452,0
-113.13617,50.24425,0
-131.41449,-129.17737,0
16.390274,-163.59079,0
172.04608,4.764552,0
84.687256,-95.18084,0
32.995213,-0.6296215,0
32.59765,-6.476005,0
11.287721,43.2352,0
32.315292,-4.0992055,0
33.22057,2.4482224,0
34.837566,-13.700549,0
66.97025,57.947895,0
108.03762,-11.43366,0
-138.6327,-54.067535,0
-107.67098,100.140945,0
-25.589785,136.70935,0
-119.063255,3.5403543,0
-139.11343,-74.753136,0
46.508224,-161.79092,0
172.15659,15.396626,0
87.26423,-87.37882,0
48.439022,-1.7154733,0
43.834618,-2.9650552,0
5.23228,45.39032,0
46.433178,-2.7126317,0
50.220333,-0.2571387,0
45.140625,-9.085221,0
107.221245,134.7536,0
102.37025,-127.43907,1
9.922036,-56.930542,0
-10.048215,48.99794,0
69.658554,164.45348,0
-1.8279209,-34.170708,0
0.14801216,-60.848175,0
61.30083,-67.94513,0
93.69737,62.69822,0
102.92875,5.91937,0
-184.30122,15.709045,0
-116.19929,111.06131,0
-43.162407,171.9627,0
-139.0536,21.758043,0
-144.91698,-92.549675,0
40.938904,-174.11456,0
85.41646,36.94433,0
59.473038,-18.719423,0
-172.03198,-31.160875,0
-81.19934,123.4401,0
-15.108766,172.96413,0
-121.04949,52.03128,0
-132.72113,-121.91991,0
17.294893,-167.64162,0
80.703094,32.496555,0
63.43343,-23.050537,0
-166.63896,-31.981672,0
-79.66453,125.71722,0
-13.665542,168.8827,0
-116.80836,48.66687,0
-130.28969,-125.81192,0
15.060917,-163.17589,0
81.9556,96.27758,0
155.06886,-36.21437,0
-38.600304,-61.7656,0
-19.90406,83.879,0
10.2341585,106.9144,0
-48.904907,-5.208332,0
-45.034786,-118.043076,0
-0.8865981,-109.086174,0
113.30178,75.191605,0
128.57971,-45.97127,0
-63.407932,-45.526993,0
-47.791134,76.77512,0
17.611977,127.87718,0
-72.16137,12.001725,0
-83.024994,-115.51187,0
16.740658,-118.340416,0
80.970375,111.120575,0
166.02652,-51.614166,0
-40.277977,-47.00899,0
-20.4675,63.237076,0
24.587543,105.40304,0
-31.340042,-15.056265,0
-29.036251,-122.109604,0
6.8720064,-96.33091,0
114.73939,76.12686,0
131.55586,-31.92332,0
-67.06028,-48.885754,0
-44.231667,58.58817,0
13.260556,132.39258,0
-74.75779,-3.163515,0
-78.22522,-102.954506,0
22.870295,-120.0311,0
115.596115,83.88744,0
126.21351,-52.372814,0
-70.57864,-44.574867,0
-53.632446,74.464005,0
20.63522,129.9119,0
-76.50978,6.975763,0
-75.588,-113.86908,0
21.363419,-114.84652,0
113.999,83.47181,0
127.05846,-52.15904,0
-69.96249,-44.34147,0
-54.321556,74.11912,0
19.427353,129.51599,0
-77.41638,7.6766524,0
-73.699844,-113.72357,0
20.796364,-114.278946,0
91.62038,28.59379,0
74.27063,-2.124825,0
-180.45045,-12.2183075,0
-96.683876,118.998405,0
-26.002989,169.13084,0
-137.24834,49.385197,0
-135.01772,-98.68494,0
11.246796,-179.07256,0
103.44446,92.29223,0
125.99183,-20.52567,0
-114.1224,-48.360394,0
-68.71301,137.10004,0
17.095203,177.84187,0
-100.132,-2.7301672,0
-114.736984,-59.803806,0
64.95438,-137.06584,0
145.7146,50.071293,0
133.2959,-58.280777,0
-56.629982,-40.459084,0
43.460052,42.354404,0
2.5031078,57.92435,0
-55.666706,-13.778574,0
-32.969704,-101.30547,0
40.5591,-88.261185,0
101.17854,86.072464,0
118.54028,-34.51911,0
-105.6053,-39.118713,0
-52.736214,120.26393,0
20.775797,165.24721,0
-87.094345,4.3402762,0
-105.94959,-63.22648,0
54.33609,-133.94072,0
119.07474,24.557858,0
75.18538,14.655727,0
-158.96725,13.30766,0
-100.97634,79.193756,0
-45.976467,147.31998,0
-158.27315,30.907005,0
-111.44429,-78.12994,0
-14.614558,-162.37454,0
89.38547,38.395985,0
65.72059,-20.701502,0
-165.22166,-28.988089,0
-79.73413,128.38422,0
-9.102985,166.79982,0
-116.8393,45.04171,0
-126.91755,-122.16037,0
12.488849,-163.86133,0
67.920784,76.71775,0
151.70578,-16.294008,0
-54.42134,-61.02066,0
-33.16836,87.77598,0
-10.224829,104.55572,0
-64.42274,2.4503038,0
-61.530563,-118.838135,0
-1.1671208,-131.05586,0
65.274826,108.10126,0
147.98125,-64.255165,0
-32.70233,-38.234898,0
-32.302055,67.34713,0
27.259083,95.40989,0
-34.578396,6.2712107,0
-50.467117,-136.9536,0
2.4286232,-90.69641,0
119.43859,110.81827,0
132.55525,-4.0737123,0
-92.51468,-51.28058,0
-84.692276,58.711292,0
40.19055,168.74881,0
-95.200455,-12.639662,0
-93.142685,-63.816185,0
65.4673,-121.44327,0
121.09064,45.63556,0
95.95743,-19.101782,0
-145.87865,-20.696793,0
-79.87333,77.229546,0
-3.2423458,156.3619,0
-112.904236,15.540649,0
-101.67146,-105.56759,0
13.980614,-140.41338,0
117.75058,141.45755,0
96.29334,-113.099045,1
16.008818,-47.208813,0
-11.165391,36.09349,0
73.65855,149.33728,0
7.9799466,-30.636044,0
-10.523396,-54.046326,0
51.37455,-58.8822,0
72.734344,95.41541,0
156.04776,-30.797197,0
-44.920334,-59.055164,0
-27.696377,83.33782,0
5.555992,100.76409,0
-53.393173,-6.133187,0
-49.268326,-121.4472,0
-8.349668,-111.73426,0
82.983154,79.41319,0
150.72688,-28.873999,0
-45.769474,-63.343136,0
-50.20234,92.001595,0
-5.718928,119.02538,0
-65.693214,9.231404,0
-50.275444,-113.65592,0
0.15894383,-116.29575,0
143.83286,72.83637,0
109.04055,-82.30954,0
-56.727932,-19.976587,0
-62.498337,44.794632,0
46.90267,132.30812,0
-48.42105,29.796158,0
-61.55222,-79.39691,0
43.320705,-98.6932,0
83.78675,65.44057,0
97.686485,-47.988346,0
-118.23631,-20.729967,0
-54.711075,104.14351,0
-5.3187647,123.992485,0
-80.964676,33.527637,0
-92.24277,-98.62715,0
36.479973,-134.07732,0
116.059204,74.95408,0
132.07039,-32.796413,0
-67.05534,-51.625843,0
-47.388832,80.79354,0
7.9479246,124.32052,0
-73.58414,-5.452803,0
-76.87938,-103.78559,0
24.742994,-120.44123,0
114.57847,103.453964,0
136.72566,-7.2376585,0
-86.29764,-46.08704,0
-84.28546,54.15125,0
34.74691,168.21495,0
-87.92793,-15.252771,0
-88.63052,-65.85191,0
57.967075,-120.79605,0
165.98334,16.03042,0
85.2293,-81.55183,0
21.674696,-12.189138,0
23.737494,-14.726182,0
11.178737,47.53058,0
22.512579,-13.155659,0
20.4977,-10.592156,0
31.76988,-18.391586,0
121.27708,25.954561,0
73.968994,13.699583,0
-157.90251,12.006639,0
-100.192276,78.60231,0
-45.860664,146.58905,0
-157.00122,30.756664,0
-110.81294,-78.53882,0
-12.478527,-162.00772,0
83.0967,91.95576,0
149.57529,-32.63344,0
-41.447865,-65.96211,0
-19.960472,87.079445,0
6.872921,107.773964,0
-49.391598,-0.32172358,0
-47.78324,-114.049706,0
0.021467712,-112.02661,0
63.735348,67.24873,0
113.97059,-14.272813,0
-132.70628,-50.943993,0
-103.79988,95.49719,0
-22.492056,139.73827,0
-113.1558,3.2473664,0
-134.03218,-70.13835,0
47.23963,-157.23834,0
116.59529,39.33996,0
62.562138,-29.53683,0
-161.7728,-33.144257,0
-74.02259,116.762276,0
-5.2941213,174.8462,0
-109.39083,49.339993,0
-124.59015,-128.8664,0
20.728136,-158.57597,0
88.15302,89.17309,0
147.6951,-30.792961,0
-43.424,-67.14512,0
-19.627617,88.54379,0
6.50634,109.33485,0
-48.28026,0.63756096,0
-49.678413,-111.4601,0
0.38987926,-113.69015,0
71.753426,87.6828,0
156.80219,-19.88713,0
-59.17343,-67.33737,0
-32.062756,93.341515,0
-3.1267579,101.961525,0
-61.83828,-3.0032263,0
-59.144573,-104.18453,0
-10.024588,-122.96517,0
121.15578,30.332628,0
71.5163,10.082947,0
-154.51157,8.086938,0
-92.88935,76.91831,0
-41.041462,143.37195,0
-152.85826,27.947119,0
-106.16268,-81.73126,0
-10.410452,-156.32542,0
75.353546,87.771194,0
155.40851,-21.262928,0
-57.580883,-69.577194,0
-34.673824,97.16247,0
-1.7517196,108.829,0
-60.466476,-1.8226622,0
-56.43289,-105.36486,0
-8.335459,-122.95345,0
95.053535,112.71104,0
160.20007,-58.214027,0
-47.978153,-43.948044,0
-24.039337,58.31373,0
26.258377,114.5724,0
-35.21319,-22.105532,0
-24.381216,-116.26483,0
14.866606,-100.37559,0
84.239174,40.481712,0
57.95303,-17.209606,0
-174.07394,-30.62506,0
-83.03734,121.80744,0
-15.856398,174.80246,0
-123.08269,54.33688,0
-134.72461,-119.80835,0
17.77168,-170.96819,0
77.81766,64.52443,0
97.25768,-50.710625,0
-120.2828,-19.843142,0
-56.83717,104.75174,0
-8.094165,124.87742,0
-86.729385,33.362514,0
-90.1792,-98.02235,0
36.454636,-136.00641,0
70.80463,101.84767,0
165.52948,-42.004543,0
-32.279377,-50.73098,0
-30.264212,74.20064,0
19.142311,94.61593,0
-35.509964,-3.4170132,0
-43.002995,-134.045,0
-6.1789618,-95.05859,0
166.31757,8.817409,0
78.35691,-93.94557,0
37.04967,12.107876,0
13.180981,30.588963,0
13.824148,33.13557,0
15.58104,17.667067,0
18.867226,13.499905,0
40.201885,-16.63772,0
115.80661,109.779015,0
131.37389,-6.6720214,0
-93.83434,-51.43226,0
-85.705505,58.440346,0
39.82025,167.56474,0
-95.9441,-13.029399,0
-93.35203,-63.253723,0
66.194405,-122.50904,0
134.43573,75.65186,0
116.60631,-77.36684,0
-57.01958,-28.669418,0
-54.30614,53.4748,0
37.361485,130.87714,0
-51.16401,22.076866,0
-60.02108,-88.93761,0
34.03785,-101.048454,0
94.62022,63.56189,0
105.160034,4.544802,0
-182.08943,15.088332,0
-115.5089,108.88308,0
-44.22476,174.53754,0
-136.73611,23.717787,0
-147.06056,-90.51836,0
42.577457,-175.9807,0
111.6188,145.39613,0
90.266136,-117.10951,1
15.245704,-52.395348,0
-6.1417603,39.061295,0
77.596756,155.31786,0
3.8034155,-25.622679,0
-6.7078648,-59.656277,0
56.130295,-57.8214,0
97.485916,100.84828,0
150.2023,-51.90304,0
-29.853043,-46.83395,0
-27.642544,70.42378,0
22.228947,96.974495,0
-40.57538,-11.14476,0
-33.784447,-133.13965,0
-2.8838878,-93.1547,0
109.24524,61.17552,0
93.37095,-46.636246,0
-123.60838,-16.743803,0
-62.72471,94.465515,0
1.0640551,136.84158,0
-91.13033,30.48203,0
-95.57321,-104.69542,0
29.683336,-136.37732,0
60.151985,104.58465,0
140.70552,-62.398148,0
-40.045277,-33.028706,0
-35.023273,60.64466,0
33.440968,95.70745,0
-38.279488,11.314341,0
-56.6456,-140.73743,0
9.525572,-86.36092,0
116.85144,87.01811,0
122.95744,-56.886124,0
-72.21466,-22.392876,0
-55.870823,69.9131,0
22.012371,136.37323,0
-79.92478,3.036136,0
-45.71018,-99.763725,0
23.083609,-109.646385,0
100.08745,45.113068,0
88.7233,-24.598524,0
-140.26224,-17.083796,0
-67.89986,83.05714,0
6.0932674,150.73106,0
-107.05124,17.08303,0
-100.89911,-120.34647,0
20.997711,-133.73515,0
127.85483,63.47737,0
129.28215,-98.57469,0
-20.173298,-45.358475,0
-33.60418,44.34644,0
47.831474,143.97945,0
-21.43461,-21.896576,0
-70.56419,-90.66244,0
61.281605,-100.340294,0
67.166016,116.045006,0
153.26945,-74.07856,0
-26.762184,-77.47619,0
-8.56158,72.44339,0
12.030371,86.140564,0
-21.871029,0.8498207,0
-26.620071,-97.12846,0
18.84286,-77.35387,0
85.32176,55.2702,0
66.61722,-36.62187,0
-132.38672,-30.564318,0
-64.51024,109.37978,0
-3.3244462,139.706,0
-96.58895,38.27992,0
-113.9288,-105.39712,0
31.603582,-150.18384,0
145.28899,70.62912,0
108.28048,-80.06718,0
-54.133835,-24.104332,0
-63.48957,45.987488,0
48.32567,130.42691,0
-47.01038,26.695307,0
-59.755177,-80.402374,0
40.79941,-97.34339,0
95.14696,48.541084,0
76.57791,-34.641426,0
-141.87962,-34.341778,0
-78.15755,99.29682,0
-23.405079,136.45395,0
-106.74377,28.288782,0
-114.23762,-124.78588,0
36.437855,-155.65297,0
78.388374,41.479412,0
58.63098,-29.446692,0
-162.98761,-38.46533,0
-73.62877,119.01298,0
-7.618503,171.89505,0
-114.645424,52.97643,0
-124.77997,-133.56145,0
24.374926,-160.69379,0
73.14821,91.01547,0
142.41968,-32.421833,0
-41.58909,-72.21933,0
-18.512419,93.34421,0
3.656928,114.78898,0
-47.73934,4.323131,0
-48.557686,-104.62322,0
1.4164844,-103.36127,0
80.64624,67.16902,0
99.61771,-45.31401,0
-117.65237,-23.858128,0
-52.03316,104.43041,0
-4.107491,128.3988,0
-83.4372,30.86459,0
-94.52404,-98.51516,0
39.6361,-132.60744,0
143.08224,90.54495,0
120.15349,-101.588196,0
-19.169044,-35.033817,0
-31.421143,46.54004,0
52.16822,145.14008,0
-19.544271,-31.438396,0
-43.99029,-91.94379,0
57.781487,-91.50098,0
117.93725,34.808304,0
90.088776,-8.657349,0
-156.76416,0.5393246,0
-89.17122,80.259254,0
-34.375645,145.98038,0
-144.31293,35.123356,0
-107.897545,-89.65626,0
-3.6731458,-157.04752,0
91.361824,101.88699,0
132.45543,-49.02367,0
-56.797276,-45.126194,0
-41.307568,73.434166,0
20.96952,121.85681,0
-46.365383,-16.202873,0
-38.360523,-118.018715,0
16.78909,-109.60554,0
113.444534,39.993984,0
85.46385,-29.113783,0
-152.91913,-10.854004,0
-86.28354,90.48594,0
-6.5240526,156.81082,0
-120.43412,30.710968,0
-107.95696,-122.19586,0
8.186061,-148.95749,0
129.05406,67.66978,0
119.68033,-65.59734,0
-66.2576,-34.778214,0
-53.374485,62.954147,0
29.925116,132.89316,0
-66.396286,19.430037,0
-79.06561,-124.91325,0
31.444218,-111.02945,0
160.37947,45.79447,0
113.50857,-48.71434,0
-3.113028,-74.12025,0
60.824505,31.026684,0
7.8975377,68.93259,0
-3.7896256,-74.86333,0
-21.697216,-66.602005,0
29.708086,-72.258766,0
66.85927,98.63947,0
161.41658,-19.819712,0
-59.858215,-61.989857,0
-37.02005,90.21293,0
-2.7019455,97.07936,0
-64.41313,-6.5378504,0
-63.84386,-104.34402,0
-11.529562,-129.54298,0
80.74155,64.24127,0
100.89704,-48.680115,0
-121.656075,-23.181816,0
-52.939064,106.8867,0
-5.1447883,126.72534,0
-83.91618,33.694485,0
-93.51044,-94.15086,0
40.18905,-134.78305,0
86.49988,24.725048,0
72.1752,-1.6921968,0
-178.14224,-14.040479,0
-93.89979,120.484886,0
-30.338814,173.47343,0
-134.44902,51.490723,0
-135.1571,-103.33553,0
12.048332,-176.71404,0
111.18732,78.89947,0
124.38149,-47.965084,0
-68.379974,-46.312157,0
-51.097054,77.125,0
15.084875,130.83914,0
-74.18315,9.990085,0
-80.75942,-111.24019,0
20.258081,-118.810745,0
69.907036,122.277885,0
153.3396,-81.13567,0
-22.486515,-84.97831,0
-5.615756,77.34305,0
13.724212,115.21227,0
-18.946463,-5.478086,0
-22.10743,-90.50989,0
18.469393,-70.33258,0
156.71417,34.88741,0
113.029724,-53.441963,0
-17.501444,-15.126331,0
36.431225,18.860798,0
19.494583,66.60202,0
-16.475624,-15.14872,0
-20.577824,-64.40244,0
36.592754,-68.08255,0
59.8741,103.38369,0
144.23613,-57.73163,0
-43.265804,-36.954033,0
-38.36826,61.323902,0
35.747063,96.369026,0
-37.339695,5.3858113,0
-53.152603,-143.43462,0
8.672371,-83.02077,0
156.00583,59.084854,0
96.77694,-74.63553,0
-10.075776,14.795382,0
-7.659339,18.059254,0
41.370564,83.25537,0
-9.25578,16.296467,0
-11.063886,13.191973,0
32.446106,-61.43813,0
86.16729,26.871576,0
62.361137,-3.1718185,0
-181.74277,-23.910715,0
-92.4373,128.35902,0
-13.782812,178.73808,0
-118.720924,58.810455,0
-137.68214,-127.62103,0
15.895814,-179.61136,0
99.41323,68.079796,0
108.25657,3.434418,0
-181.06123,10.57145,0
-112.7862,104.371025,0
-42.45441,177.15065,0
-135.00778,26.5376,0
-148.87271,-88.264984,0
45.393612,-178.25098,0
133.9832,35.59406,0
168.87299,-56.2168,0
-39.75758,-43.823364,0
-17.047932,63.96085,0
27.900171,106.586136,0
-46.549473,10.677184,0
-87.190605,-140.9505,0
9.523322,-93.920654,0
79.17037,30.726835,0
83.1112,-39.58497,0
-150.1562,-23.227974,0
-77.46618,94.670105,0
-8.812003,158.3548,0
-110.13511,34.507835,0
-109.31955,-130.0276,0
15.448611,-149.91888,0
125.95398,84.75516,0
130.99533,-76.13491,0
-55.359463,-37.759686,0
-44.960224,54.968174,0
30.424911,151.12436,0
-81.6124,-26.849459,0
-75.19459,-84.92163,0
50.508785,-106.904236,0
90.72639,25.29593,0
81.196465,2.5519228,0
-177.6051,-2.9958105,0
-102.899284,115.28065,0
-32.264275,163.89087,0
-143.83188,48.66021,0
-129.60434,-90.23032,0
2.1045158,-175.58185,0
95.94508,101.75734,0
152.59879,-53.518936,0
-50.21609,-45.90514,0
-44.05825,55.72106,0
22.859747,115.48225,0
-39.57431,-21.177282,0
-29.755136,-127.251854,0
17.19641,-101.11477,0
96.84899,102.382744,0
150.83322,-51.95263,0
-29.364523,-46.57776,0
-27.51003,69.9766,0
22.781021,97.46221,0
-40.72147,-12.25805,0
-33.55817,-132.29672,0
-1.8026199,-93.581825,0
108.75219,42.489983,0
84.356125,-32.065243,0
-153.97476,-17.74991,0
-85.277824,93.35908,0
-13.092296,153.76439,0
-116.28271,29.753796,0
-110.05849,-121.91961,0
9.220456,-151.88324,0
89.28868,92.68522,0
142.48051,-32.507366,0
-41.536694,-71.88044,0
-18.746687,92.97348,0
12.3506365,100.955765,0
-47.52159,3.7192507,0
-47.79492,-104.93518,0
1.3353969,-103.64527,0
140.37709,70.75306,0
110.70498,-78.314995,0
-55.99013,-22.79408,0
-63.92157,48.893974,0
42.656723,132.75847,0
-50.422024,26.566357,0
-60.843513,-83.074684,0
39.66256,-99.06212,0
146.89488,50.45731,0
136.90901,-57.78741,0
-45.735023,-35.226994,0
43.940727,42.56778,0
2.8065073,58.72057,0
-41.680973,7.2457433,0
-58.833336,-142.22475,0
11.603652,-85.58903,0
70.205536,115.8925,0
154.52592,-73.48787,0
-28.000565,-77.421455,0
-9.264172,74.49016,0
10.7823715,87.31203,0
-21.203882,2.682234,0
-27.401594,-95.58425,0
22.10113,-75.68353,0
92.92409,61.55983,0
100.74416,7.154696,0
-186.40428,17.312332,0
-61.06172,101.416306,0
-43.37472,166.04109,0
-140.91347,20.00629,0
-118.0884,-102.347885,0
40.572227,-146.81847,0
158.70807,11.1447115,0
73.85801,-83.437485,0
47.098377,13.652594,0
22.968788,41.260483,0
22.830963,40.989735,0
18.31183,2.38767,0
17.895124,3.731872,0
41.426197,-24.550283,0
107.17872,49.992252,0
78.84355,-15.846765,0
-166.50487,-16.800417,0
-84.55441,110.395485,0
2.8522546,164.03331,0
-126.59844,39.975353,0
-124.686264,-108.4596,0
30.147104,-173.35718,0
61.3406,95.676765,0
134.54628,-68.767715,0
-45.474323,-26.896683,0
-46.316006,67.87774,0
33.804108,120.58431,0
-41.86052,17.189981,0
-65.60196,-135.09302,0
21.259329,-94.52048,0
121.48332,105.70962,0
133.2479,-5.691806,0
-92.39322,-46.03022,0
-86.6866,57.239304,0
36.576344,167.48883,0
-94.65637,-15.443548,0
-92.78352,-66.24279,0
68.15586,-120.82456,0
117.85559,42.46636,0
72.85352,-17.154657,0
-162.0896,-18.196367,0
-80.574135,82.02135,0
-0.4447673,176.38074,0
-124.08083,35.50563,0
-122.673256,-115.49708,0
3.5932002,-142.47258,0
76.67591,100.75161,0
161.03746,-41.075607,0
-32.4458,-55.99732,0
-25.189306,76.629944,0
14.909671,95.27474,0
-40.167984,-4.086047,0
-41.763374,-128.75749,0
-4.0705943,-101.03215,0
58.9974,97.3288,0
135.3156,-66.53844,0
-45.285053,-29.193686,0
-44.508755,68.09409,0
32.670975,118.52524,0
-41.473553,14.587726,0
-64.224625,-137.51561,0
20.38904,-92.597336,0
114.06152,107.02256,0
137.3124,-4.1060696,0
-84.42248,-51.180336,0
-79.08194,56.143005,0
33.932564,169.79604,0
-86.41638,-11.448652,0
-85.44609,-66.70214,0
33.40065,-90.298454,0
97.945015,46.249454,0
80.75258,-33.610096,0
-152.95058,-25.199253,0
-83.76038,96.76872,0
-22.012686,151.53954,0
-111.29673,28.350983,0
-111.93741,-126.10772,0
12.96402,-153.81601,0
113.643616,21.311478,0
79.44041,14.707989,0
-163.51799,12.908776,0
-103.10389,82.796104,0
-46.62537,151.95015,0
-159.79291,35.864933,0
-115.656784,-78.87997,0
-13.2961,-167.19875,0
121.42418,109.88563,0
133.44731,-0.93018,0
-89.85045,-48.63286,0
-83.302635,62.949112,0
35.493443,173.00699,0
-91.141685,-10.222291,0
-91.84996,-71.16981,0
63.72003,-118.27792,0
71.61379,88.67288,0
156.33908,-20.375471,0
-58.73322,-69.25154,0
-34.75769,95.668465,0
-1.8386977,101.62745,0
-62.414635,-2.5549197,0
-58.790718,-102.27406,0
-9.301105,-123.10434,0
115.17122,44.808414,0
87.076096,-33.773857,0
-148.88187,-18.914488,0
-81.44246,87.3614,0
-3.6161885,154.52711,0
-114.173256,30.579786,0
-105.75625,-125.272705,0
13.132252,-143.83395,0
117.36129,25.922468,0
77.1553,13.029801,0
-161.13106,10.784283,0
-100.42351,81.30971,0
-44.95903,149.13388,0
-157.34608,33.688877,0
-113.691,-80.48913,0
-11.804672,-163.82307,0
103.5943,92.03453,0
126.19857,-19.901936,0
-113.483604,-48.50865,0
-67.21836,138.1231,0
18.11149,178.39154,0
-100.14608,-3.1979911,0
-114.25195,-58.99658,0
65.432724,-136.41779,0
104.92059,23.20279,0
90.88233,2.4212942,0
-178.4247,1.2180806,0
-102.50727,105.00928,0
-30.124184,157.89674,0
-150.1214,45.550797,0
-127.207,-86.85958,0
-2.2501943,-171.95045,0
69.35232,89.45203,0
160.88661,-21.860754,0
-58.23983,-62.392406,0
-35.524605,90.93546,0
0.65785104,96.9579,0
-60.610737,-6.7519407,0
-61.62157,-105.06311,0
-12.632904,-127.358246,0
103.80479,22.557537,0
89.45545,3.181814,0
-176.95148,0.937117,0
-103.91274,106.44147,0
-34.219177,162.16376,0
-149.52007,46.80351,0
-127.15584,-88.45209,0
-1.1062585,-174.18698,0
104.82099,41.503963,0
81.4522,-29.076206,0
-155.33363,-16.373747,0
-86.80618,95.47471,0
-14.826665,151.02713,0
-117.60109,26.919737,0
-111.64487,-119.588806,0
7.824528,-154.2424,0
70.72528,86.54298,0
157.22528,-21.376291,0
-58.30598,-68.075356,0
-35.659634,96.10652,0
-1.0272162,101.67577,0
-61.23553,-3.6159256,0
-57.799973,-104.120026,0
-9.074096,-121.67321,0
87.073265,55.362,0
67.82133,-35.988514,0
-132.03476,-31.370249,0
-64.56122,104.58791,0
-12.766755,136.24477,0
-96.35375,36.838932,0
-115.39625,-100.11108,0
34.417362,-142.77975,0
112.27136,138.35869,0
97.95336,-116.78578,1
12.579862,-49.722057,0
-10.028493,39.93817,0
74.69313,156.01187,0
4.2021484,-32.04784,0
-5.7672687,-57.3735,0
54.491436,-60.50606,0
77.02068,97.632774,0
159.52422,-43.744045,0
-30.032873,-56.103725,0
-24.394209,73.81244,0
15.582453,98.404724,0
-40.66686,-5.8104987,0
-38.38881,-129.95163,0
-1.9177434,-100.582596,0
169.16031,11.351081,0
79.19309,-87.241066,0
39.815117,13.884968,0
7.4498253,33.86614,0
7.692,34.498577,0
11.907611,16.453188,0
11.831201,15.027003,0
43.67372,-13.363464,0
115.14321,140.91246,0
93.82964,-113.43411,1
18.408144,-49.1101,0
-8.024531,37.35004,0
78.84314,152.09024,0
7.297823,-28.759933,0
-10.502042,-58.26563,0
52.14646,-57.028366,0
97.83268,51.73135,0
72.905815,-35.119038,0
-137.26842,-31.252483,0
-76.35268,105.242485,0
-8.2723255,143.3684,0
-102.493835,29.636623,0
-107.85427,-111.70489,0
28.748158,-142.40852,0
118.757645,31.23656,0
74.36865,6.1169996,0
-159.44292,3.2978692,0
-92.999504,84.10029,0
-37.14419,148.38206,0
-149.44005,34.149696,0
-110.215225,-86.69094,0
-6.2881007,-159.13976,0
105.48056,69.6614,0
102.75894,-18.390196,0
-127.58929,-42.854725,0
-71.150734,73.6203,0
10.422732,152.2647,0
-105.42681,11.317409,0
-158.7265,-80.094284,0
56.62069,-160.84279,0
92.295456,103.23245,0
131.86185,-49.10248,0
-57.34439,-44.685856,0
-42.416496,73.18846,0
22.070095,122.537346,0
-45.860855,-16.638714,0
-37.479046,-117.90543,0
17.493563,-110.26203,0
77.2966,88.16807,0
153.00876,-23.419762,0
-52.8733,-67.30074,0
-29.696554,94.46039,0
-3.391582,105.46102,0
-58.623447,0.051971737,0
-55.51949,-115.46657,0
-3.8166897,-120.513214,0
134.44016,68.807106,0
115.634285,-69.65624,0
-68.53038,-28.940077,0
-57.737606,58.851124,0
36.079483,135.72403,0
-61.430115,21.322035,0
-75.24338,-130.05379,0
37.283337,-110.03921,0
87.99397,109.88142,0
162.55675,-51.821735,0
-42.05596,-49.838703,0
-17.870083,62.962048,0
22.832718,107.82991,0
-35.220634,-15.164785,0
-30.949068,-119.43606,0
7.056717,-100.23088,0
152.72878,19.649519,0
76.63443,-75.04912,0
53.27811,12.779726,0
58.597275,31.372381,0
29.324287,53.64673,0
10.05329,7.098693,0
10.767581,2.070002,0
40.96025,-32.673355,0
68.686295,92.94686,0
156.16432,-28.450562,0
-47.496586,-58.528965,0
-29.34156,83.450615,0
4.183063,101.18304,0
-56.072723,-5.491497,0
-56.466427,-123.83377,0
-9.007642,-113.122795,0
113.87785,46.334362,0
88.58854,-34.442135,0
-147.76363,-18.497831,0
-80.7067,88.65704,0
-7.0422964,156.42012,0
-112.62219,31.930922,0
-103.17609,-126.10654,0
12.628413,-146.66722,0
78.48034,118.191185,0
150.99417,-40.787354,0
-35.029476,-67.171814,0
-13.804284,84.92326,0
10.844192,111.22034,0
-52.408108,-8.777581,0
-40.61966,-108.56205,0
7.542745,-109.5146,0
81.29271,71.23129,0
105.079,-43.78917,0
-115.44159,-27.96851,0
-48.241158,106.9404,0
-2.990507,130.3034,0
-81.140816,28.578604,0
-88.6253,-92.52949,0
41.670795,-130.3147,0
106.305695,137.28828,0
98.670555,-127.2133,1
11.586692,-59.829147,0
-8.84153,46.19551,0
72.865715,161.95271,0
-2.4499965,-30.270988,0
1.2724451,-64.58969,0
61.867302,-62.97928,0
115.43916,20.476711,0
80.12004,15.395268,0
-164.19673,13.919096,0
-104.54493,82.441666,0
-47.511204,152.95276,0
-160.75037,36.524548,0
-117.35063,-78.607445,0
-13.7101345,-167.74135,0
142.78807,71.29892,0
110.15562,-79.15849,0
-55.80045,-21.517752,0
-63.052254,47.714783,0
44.010445,133.07808,0
-48.978355,26.962292,0
-60.466915,-81.88643,0
40.165703,-99.58424,0
69.205414,117.77568,0
153.63379,-76.629814,0
-26.2567,-79.757614,0
-7.153354,73.346634,0
12.862167,83.99301,0
-19.472128,-0.17157455,0
-23.598818,-96.62318,0
18.737316,-74.65932,0
124.6214,71.88707,0
99.56421,-12.350777,0
-68.54015,-53.96122,0
-61.16387,75.64605,0
19.351107,144.78757,0
-99.48631,8.721247,0
-74.209724,-107.66113,0
25.062191,-126.14294,0
156.30959,58.582832,0
96.240654,-75.215836,0
-8.53742,14.488444,0
-6.9258122,17.283363,0
42.37824,83.52484,0
-8.047029,15.841374,0
-9.864418,13.068251,0
32.390633,-62.31163,0
105.06893,90.25495,0
83.954384,-1.5573231,0
-173.18835,-3.5904129,0
-105.91767,114.890144,0
-36.28258,166.02968,0
-145.7673,52.628815,0
-122.473526,-93.76635,0
1.4507387,-178.80177,0
119.53362,139.3424,0
97.4046,-111.60182,1
15.34119,-45.463604,0
-12.765078,35.331196,0
73.39288,150.31131,0
9.350085,-32.006756,0
-8.628678,-54.04252,0
49.773903,-60.112846,0
85.09054,41.675205,0
57.84735,-22.383137,0
-169.4515,-35.30751,0
-77.99976,121.958984,0
-13.403832,172.90962,0
-116.81626,53.767372,0
-128.96423,-128.64383,0
18.379068,-165.4595,0
66.04618,74.14857,0
149.7663,-13.11146,0
-68.806114,-60.64452,0
-44.968918,93.0998,0
-13.686585,106.14368,0
-67.85866,1.756286,0
-67.305984,-112.17185,0
-3.374438,-135.6894,0
82.876686,46.15425,0
72.65774,-48.83385,0
-152.80717,-39.10497,0
-68.757866,113.13718,0
-20.390804,161.297,0
-100.76858,45.86106,0
-115.64209,-139.87022,0
25.48605,-153.13068,0
147.24681,32.02089,0
83.159775,-73.20699,0
24.274986,-34.41117,0
26.573433,-33.381763,0
26.803823,69.40681,0
25.341036,-34.341103,0
22.338402,-34.621876,0
28.877802,-38.204136,0
109.674385,75.873825,0
128.2177,-42.97203,0
-63.968636,-47.63944,0
-51.96537,81.78685,0
15.265254,128.4764,0
-68.81089,9.452493,0
-79.95785,-114.12554,0
16.00296,-120.47986,0
110.51577,135.40166,0
98.80206,-118.20718,1
11.918066,-51.427574,0
-10.262523,41.70148,0
73.74329,158.69026,0
2.66176,-33.106747,0
-3.8867452,-58.2023,0
51.06912,-62.458378,0
63.888107,60.29493,0
103.3472,-16.29805,0
-130.07915,-42.934444,0
-70.857666,75.33404,0
10.113975,149.28465,0
-108.15594,10.756422,0
-100.033646,-108.9753,0
52.224567,-160.93086,0
64.59549,88.18845,0
164.40446,-19.032156,0
-60.838154,-58.511303,0
-38.895485,86.29495,0
-0.52199405,93.28985,0
-63.818626,-10.128019,0
-64.41305,-102.54311,0
-12.058549,-134.88301,0
98.163086,63.031044,0
105.190216,3.1627917,0
-180.1527,15.443703,0
-117.82237,108.3759,0
-45.50478,173.81021,0
-134.43222,29.736769,0
-148.96132,-91.47568,0
44.29627,-174.39125,0
93.623085,41.86693,0
73.52034,-32.22385,0
-136.63957,-29.89418,0
-71.243835,100.68288,0
-10.122154,141.99583,0
-99.32516,31.14195,0
-111.65761,-110.06655,0
31.672707,-148.54442,0
139.83769,89.591194,0
123.00469,-96.27214,0
-22.01894,-40.686207,0
-35.670834,44.212955,0
46.5787,148.26283,0
-22.598007,-25.813004,0
-46.768456,-85.51898,0
52.833405,-96.928276,0
117.95836,55.823517,0
85.76244,-21.979427,0
-145.63014,-11.077904,0
-76.436325,81.23963,0
4.8679953,159.51486,0
-108.04195,19.131605,0
-103.538216,-117.295395,0
14.885073,-132.89731,0
87.11481,112.789154,0
163.32951,-53.934834,0
-42.340076,-48.18372,0
-21.25621,61.274395,0
24.99822,108.59853,0
-33.60467,-16.816969,0
-28.071138,-118.40876,0
9.902788,-98.68845,0
65.91141,47.13783,0
114.435394,-6.756401,0
-143.51454,-48.85059,0
-98.24088,97.520615,0
-24.22627,143.80219,0
-116.84096,9.864885,0
-134.8557,-80.637566,0
39.817307,-161.8162,0
91.5671,47.70876,0
76.61207,-43.74372,0
-147.42593,-32.811085,0
-67.70625,96.41456,0
-2.2327192,143.35541,0
-105.27884,39.062492,0
-109.774055,-135.25108,0
24.963428,-147.07257,0
159.26614,44.16771,0
110.42547,-50.60698,0
59.82108,31.401855,0
10.087468,65.80269,0
10.5629225,68.87674,0
-7.475521,-75.572975,0
-10.502004,-75.93279,0
32.428032,-71.95775,0
108.19115,47.836018,0
84.8539,-24.929787,0
-149.81673,-11.491299,0
-88.84957,89.32752,0
-18.205774,149.19965,0
-123.42233,26.192694,0
-106.2979,-118.44226,0
3.416929,-150.3084,0
115.80405,141.15108,0
93.452095,-113.80807,1
18.634165,-49.736168,0
-8.650161,37.68068,0
80.81313,149.38304,0
7.3019,-27.873306,0
-11.371433,-58.609917,0
53.152493,-57.022377,0
127.82845,90.416275,0
129.97147,-78.058044,0
-48.496536,-42.14933,0
-24.688663,55.714016,0
28.145357,114.8117,0
-37.37656,-22.834848,0
-24.078379,-114.27791,0
48.94515,-107.20211,0
165.07645,9.261148,0
80.0929,-94.711975,0
39.597748,13.391256,0
13.353894,31.414183,0
13.267541,33.837864,0
14.710932,16.215359,0
18.195568,12.678304,0
38.915657,-16.849869,0
116.61621,84.212036,0
121.88479,-62.91777,0
-64.03374,-37.00013,0
-49.490246,66.35679,0
27.868423,129.76932,0
-67.162155,16.721384,0
-77.68765,-121.902245,0
21.194101,-96.00489,0
139.95932,32.78288,0
83.88402,-61.185966,0
-26.428122,18.89058,0
-26.33644,26.77659,0
30.962627,74.44927,0
-27.001556,21.837412,0
-25.183998,16.046377,0
32.140854,-47.14545,0
109.31671,39.166515,0
63.07403,-28.254692,0
-158.7937,-24.699429,0
-77.18495,116.82442,0
-6.4991045,175.31372,0
-110.6995,49.184776,0
-125.66201,-129.14766,0
18.138702,-158.32446,0
118.547905,106.81661,0
134.8922,-4.4201937,0
-91.17734,-49.30435,0
-84.352806,60.535328,0
36.96914,170.6356,0
-90.80034,-13.51446,0
-91.99996,-67.47365,0
65.40427,-119.87821,0
92.87141,30.877455,0
72.92399,-3.1920881,0
-179.11069,-15.001596,0
-88.355896,120.46209,0
-21.752485,172.23344,0
-135.24951,50.055912,0
-135.75032,-100.99384,0
12.240696,-177.62053,0
91.87362,84.02927,0
112.834206,-39.167587,0
-108.38375,-34.73074,0
-50.19686,114.861015,0
-2.0284715,127.003654,0
-84.783806,9.067387,0
-78.525665,-92.05454,0
47.34226,-131.21965,0
165.97974,16.088469,0
85.27001,-81.616516,0
21.509829,-12.175366,0
23.703356,-14.747771,0
11.125961,47.432095,0
22.595394,-13.302712,0
20.357937,-10.808475,0
31.836138,-18.348366,0
142.29398,74.74897,0
111.628204,-82.0973,0
-59.51507,-21.77627,0
-59.99752,47.50808,0
44.49399,129.93333,0
-50.976063,29.097155,0
-63.849483,-81.74943,0
41.024693,-101.43348,0
172.82368,14.3265705,0
87.381226,-88.02524,0
48.999958,-2.7220125,0
43.98176,-3.6879213,0
5.0602007,44.85756,0
46.929146,-4.036523,0
50.733906,-1.3444327,0
45.372524,-9.8287325,0
68.23687,104.42444,0
145.2263,-58.90122,0
-37.12141,-39.41329,0
-37.119144,67.96469,0
27.103132,93.86389,0
-35.57352,4.0638733,0
-48.28903,-139.91353,0
-0.056996167,-86.38398,0
91.576035,99.07547,0
154.8522,-50.24822,0
-47.893467,-50.228214,0
-25.476513,67.96616,0
20.310448,111.59919,0
-39.90992,-16.283237,0
-33.306976,-126.39688,0
10.473441,-103.54595,0
125.33322,36.20873,0
109.66181,-33.751568,0
-90.152885,-29.75758,0
-92.093796,75.57311,0
-40.60018,142.18355,0
-87.66235,-20.727654,0
-104.1915,-80.770515,0
49.78022,-115.861084,0
142.69798,72.07685,0
110.33313,-79.583145,0
-55.79,-21.208097,0
-63.019173,48.5934,0
43.900616,133.6041,0
-49.087547,27.653105,0
-61.090298,-81.40599,0
40.31358,-99.837395,0
82.01934,104.90781,0
162.14667,-36.221325,0
-37.380806,-54.744133,0
-20.99292,78.98294,0
15.21269,103.16311,0
-44.206863,-8.516896,0
-46.384483,-124.51055,0
-3.9236834,-107.526665,0
84.96797,85.84333,0
141.66911,-23.733576,0
-47.113716,-73.50904,0
-22.462982,96.16489,0
-4.2833123,114.487816,0
-51.76005,7.385069,0
-55.11878,-109.577286,0
3.394856,-120.44809,0
72.9184,112.94737,0
154.27222,-69.97399,0
-30.19346,-74.981705,0
-13.76375,73.40241,0
10.96254,90.937904,0
-25.751049,3.3771143,0
-31.085209,-96.43189,0
14.755289,-80.362404,0
92.5406,90.78397,0
135.07297,-31.224348,0
-63.66607,-68.888985,0
-38.460777,98.35784,0
4.18694,118.89572,0
-71.651436,-3.8525941,0
-72.26261,-99.39646,0
9.506307,-118.5722,0
75.24333,34.14343,0
61.146343,-26.378958,0
-168.04065,-32.984047,0
-80.11495,117.88202,0
-14.172167,170.88719,0
-115.83027,51.1854,0
-128.01007,-130.06194,0
14.990742,-159.51175,0
92.7044,44.818054,0
82.91814,-37.40456,0
-151.94318,-22.002193,0
-80.44537,93.41951,0
-11.792967,157.63066,0
-112.966705,34.961067,0
-110.909485,-129.02412,0
14.343416,-150.6812,0
124.6066,32.117733,0
69.36294,11.937969,0
-152.97047,10.5498295,0
-95.93594,75.11897,0
-43.34607,142.10199,0
-151.56439,27.894588,0
-104.088264,-82.90673,0
-11.817542,-155.21332,0
112.89479,39.62704,0
76.85037,-19.114687,0
-158.29369,-14.767756,0
-91.92889,93.261444,0
-1.4211028,181.64012,0
-128.49648,37.29011,0
-118.963524,-114.18838,0
2.7445073,-151.9173,0
132.81705,42.446384,0
102.25027,-26.533188,0
-133.79546,-5.6157465,0
-114.25291,88.45155,0
-22.612415,128.20901,0
-125.45576,15.007275,0
-150.59055,-67.81747,0
56.53609,-170.59071,0
65.4571,107.50747,0
139.02867,-60.097363,0
-38.88647,-38.403774,0
-30.063572,61.653275,0
29.619919,97.45144,0
-35.264046,6.7244644,0
-53.31037,-135.90756,0
7.4528213,-88.57639,0
75.874886,39.422276,0
59.962914,-25.27847,0
-167.64546,-36.595367,0
-75.05842,124.29145,0
-10.746351,172.12042,0
-112.64193,50.577026,0
-130.11407,-129.62366,0
18.971317,-163.89684,0
95.49558,64.713165,0
104.11865,6.3240647,0
-184.11108,14.290906,0
-115.1457,110.86404,0
-42.189358,171.65042,0
-138.96904,23.188335,0
-145.18504,-91.53547,0
40.770603,-175.04506,0
105.07695,86.831566,0
120.85753,-33.152843,0
-105.31386,-41.725296,0
-54.479397,121.07075,0
17.802687,164.12106,0
-89.012985,3.4568431,0
-109.167274,-64.78198,0
55.15933,-137.55829,0
93.25132,21.494993,0
79.58218,-3.3946083,0
-173.56439,-7.604355,0
-104.92695,117.87305,0
-33.583935,167.43301,0
-143.84142,52.47571,0
-127.82237,-98.74582,0
6.2374635,-181.16924,0
96.15128,37.02904,0
62.130013,-10.5084,0
-167.77435,-22.043524,0
-82.77316,116.76789,0
-11.153283,181.53302,0
-126.712845,47.675884,0
-128.82596,-114.88612,0
23.367683,-170.1726,0
100.41566,84.42324,0
134.92389,-80.82808,0
-90.100296,-36.86064,0
-46.76687,49.523163,0
28.450169,157.00043,0
-85.66402,-27.071987,0
-81.24902,-85.315,0
54.12835,-130.86151,0
104.57416,83.291016,0
119.36227,-31.669483,0
-107.69621,-42.18263,0
-56.14471,122.7195,0
20.841026,162.08276,0
-90.43592,4.6585317,0
-107.25941,-67.14227,0
53.61271,-136.96419,0
111.845566,129.58841,0
104.02634,-119.5176,1
5.1142435,-48.99012,0
-15.2448435,44.02206,0
68.53932,156.95398,0
2.34227,-39.665115,0
1.1854212,-52.35672,0
53.289314,-68.30738,0
166.5864,9.309972,0
79.34985,-94.29303,0
38.147976,12.153158,0
11.960936,31.343147,0
12.264723,33.52513,0
14.460174,17.396349,0
17.913795,14.017038,0
39.773384,-15.569219,0
69.18788,51.954826,0
116.43614,-11.282568,0
-138.57745,-45.647964,0
-68.83359,98.29566,0
-17.697737,138.44269,0
-111.97092,8.192562,0
-130.57777,-76.77155,0
40.59329,-155.24219,0
113.602776,47.077335,0
89.82559,-33.758465,0
-146.50496,-18.03044,0
-77.32101,90.78739,0
-5.499004,156.60265,0
-108.735886,24.024178,0
-100.96657,-125.330635,0
12.005153,-139.7432,0
78.448364,107.581856,0
168.2072,-48.701305,0
-35.998623,-46.930866,0
-23.708994,66.138535,0
24.76109,101.98793,0
-31.645199,-9.431563,0
-45.228615,-134.17828,0
4.0201197,-94.04965,0
146.51654,47.581116,0
98.09498,-42.537582,0
-113.35971,-24.018192,0
46.053665,43.739517,0
0.8619238,58.37412,0
-83.94588,19.668625,0
-91.39461,-102.91932,0
45.94842,-86.41472,0
126.36843,69.81785,0
95.86131,-26.1202,0
-133.83447,-19.568346,0
-67.011765,85.97591,0
9.595589,143.8345,0
-99.36538,19.573383,0
-92.30622,-116.24343,0
23.006958,-131.3823,0
83.703,35.41776,0
58.405437,-15.976257,0
-173.9732,-28.940235,0
-82.82678,124.17526,0
-18.04249,175.14517,0
-123.17913,53.68783,0
-134.37865,-121.1169,0
15.045239,-170.14871,0
102.38925,86.54085,0
119.09711,-34.694557,0
-105.03779,-39.481834,0
-54.083263,119.81671,0
18.187647,165.5802,0
-87.56477,4.7400603,0
-105.867966,-64.64208,0
54.06722,-135.12158,0
165.14484,5.640575,0
76.35729,-92.95317,0
34.255157,11.827082,0
18.53112,30.065039,0
18.296204,30.806892,0
22.885414,14.71226,0
22.127655,12.801882,0
42.090622,-19.221079,0
110.31659,59.331806,0
80.37224,-45.294266,0
-148.75755,-32.71415,0
-69.11084,89.63916,0
-0.40261018,142.68454,0
-104.431274,40.295475,0
-109.18841,-137.36215,0
21.896349,-141.62299,0
155.59377,45.923286,0
109.81557,-46.255974,0
-107.19131,-19.631737,0
55.032883,37.90968,0
4.991203,66.06735,0
-77.812386,21.681442,0
-85.05022,-98.059814,0
38.929874,-79.25267,0
137.50139,98.349785,0
127.026726,-93.172325,0
-26.248749,-34.95657,0
-40.55501,41.49111,0
41.34374,153.08896,0
-25.321934,-31.078331,0
-95.83912,-59.400967,0
56.943867,-103.60836,0
62.295288,84.45328,0
158.32986,-15.203814,0
-63.316223,-65.86236,0
-40.246468,95.38986,0
5.4348006,122.14778,0
-67.01921,-4.715342,0
-68.22406,-100.11612,0
-9.106767,-129.70166,0
82.87104,104.478195,0
162.14604,-36.251617,0
-37.415516,-54.035297,0
-20.641262,78.15491,0
16.48714,102.952255,0
-43.710526,-8.973186,0
-46.13556,-124.69659,0
1.6102954,-97.87115,0
137.23235,67.90592,0
112.15643,-70.16956,0
-71.64508,-31.159296,0
-61.499985,60.349834,0
34.292877,138.87447,0
-61.477478,23.819998,0
-79.485435,-131.9715,0
36.808037,-113.18099,0
109.51729,52.53643,0
75.94281,-14.819951,0
-163.58531,-13.579762,0
-77.83606,82.50502,0
5.60086,159.77533,0
-128.8186,34.67924,0
-120.56664,-112.790184,0
31.566067,-177.9656,0
115.45656,61.027542,0
94.55768,-22.100527,0
-130.51562,-14.565645,0
-65.46708,86.22429,0
6.4018555,147.2946,0
-103.032585,16.472849,0
-95.5536,-113.55779,0
27.403578,-133.85016,0
108.68161,53.50396,0
78.99629,-14.661266,0
-171.30252,-16.90141,0
-89.35836,114.15215,0
1.3012629,164.08138,0
-125.796745,39.248413,0
-124.40875,-107.07269,0
31.258026,-171.83174,0
141.9237,88.26135,0
120.606415,-96.57362,0
-23.716349,-40.436474,0
-35.200413,46.933025,0
47.209877,145.7169,0
-24.554377,-25.811016,0
-47.94953,-88.55885,0
53.6378,-95.75001,0
78.95305,105.00146,0
165.23434,-47.033382,0
-36.663418,-51.484554,0
-22.149433,69.525604,0
20.651999,101.27458,0
-34.691788,-9.368347,0
-45.69496,-131.38019,0
2.0747678,-96.113434,0
61.10118,110.500145,0
142.15767,-47.62674,0
-48.868023,-36.908943,0
-72.807045,54.274097,0
39.18666,103.244415,0
-78.51551,-13.836072,0
-77.38568,-67.82546,0
27.039984,-88.51686,0
122.351326,74.02796,0
99.6092,-11.783022,0
-67.75482,-53.32835,0
-60.43818,74.66292,0
19.077354,143.97499,0
-74.53211,-6.3784294,0
-77.21241,-106.301254,0
24.747793,-126.55499,0
109.87661,103.52032,0
143.26683,-42.169548,0
-80.43114,-50.23393,0
-74.559364,51.118782,0
41.626274,105.55047,0
-82.54244,-13.143569,0
-83.22013,-63.0057,0
31.600851,-91.375336,0
105.22302,92.32845,0
127.75451,-19.775187,0
-113.50993,-50.490078,0
-68.038666,139.13098,0
18.124632,179.64265,0
-101.668396,-2.9019713,0
-116.23018,-58.372448,0
66.97364,-136.75795,0
90.633255,111.47889,0
162.19484,-53.582523,0
-41.98658,-47.56964,0
-20.86272,60.417587,0
25.621576,108.59143,0
-34.482685,-17.316708,0
-30.029087,-118.28692,0
8.81751,-99.22227,0
91.106926,87.6218,0
125.87546,-36.47661,0
-115.18262,-36.61566,0
-53.01456,96.44878,0
-1.5680771,122.2577,0
-88.17767,13.276184,0
-77.578026,-98.65674,0
44.61018,-141.70667,0
69.787155,68.84589,0
116.96533,-18.672611,0
-126.10641,-50.934673,0
-55.89539,90.473145,0
18.143307,155.18121,0
-106.98121,2.652065,0
-129.61168,-66.145744,0
49.88884,-149.91225,0
90.82699,107.04652,0
157.81084,-51.011684,0
-45.10675,-52.51714,0
-22.162,90.72188,0
17.322517,109.58485,0
-38.422447,-16.063667,0
-33.26583,-115.84444,0
8.085079,-103.575645,0
79.388626,87.60365,0
150.54141,-25.73903,0
-48.425926,-66.245155,0
-26.727205,91.15301,0
0.57469976,106.96956,0
-56.016296,1.2919289,0
-54.35843,-115.065414,0
-4.0236545,-118.02924,0
88.04889,107.15271,0
158.95114,-52.037495,0
-45.10735,-50.88384,0
-18.775574,64.65226,0
27.915056,108.23568,0
-36.076042,-14.3005905,0
-34.156677,-117.244644,0
11.699816,-104.640305,0
137.27783,97.09487,0
127.29125,-93.6566,0
-25.226435,-35.122475,0
-40.32922,40.758846,0
41.88905,151.90741,0
-24.876816,-31.122795,0
-47.033585,-82.26768,0
56.751575,-102.3239,0
97.84793,20.733011,0
86.069626,1.8422806,0
-171.57585,-1.3516346,0
-107.9375,112.490486,0
-36.96574,164.95038,0
-148.38028,53.15204,0
-125.30785,-94.61671,0
-0.8276935,-181.28596,0
67.47904,57.18248,0
109.58279,-13.505079,0
-135.79855,-52.80554,0
-108.147606,95.439445,0
-20.799128,134.44783,0
-117.44066,1.7669922,0
-138.30644,-72.279625,0
47.544743,-164.98793,0
70.60759,120.25433,0
152.1858,-81.212105,0
-23.337193,-83.89882,0
-4.007021,76.90563,0
14.640884,114.67185,0
-20.14224,-5.6438737,0
-23.074085,-91.53357,0
19.4775,-71.29741,0
81.242386,44.416176,0
74.1877,-50.14717,0
-153.56735,-37.957684,0
-70.290634,112.64384,0
-17.582344,162.61734,0
-102.48619,46.876904,0
-116.562675,-138.58992,0
24.27609,-153.53006,0
112.40191,40.253098,0
84.91256,-29.536346,0
-156.61841,-16.294796,0
-87.6435,91.556786,0
-14.132597,153.51294,0
-119.27473,29.327063,0
-109.08679,-121.8694,0
6.5355515,-152.0543,0
66.47646,100.88435,0
146.85419,-62.0149,0
-34.06535,-35.921585,0
-35.990746,66.44383,0
29.490408,91.01219,0
-32.336586,6.0848155,0
-50.659897,-141.38646,0
2.347546,-85.13604,0
138.81242,63.482555,0
109.0672,-68.77706,0
-74.16443,-30.372313,0
-63.63915,58.929825,0
36.944733,140.66472,0
-61.6208,28.094938,0
-82.06055,-133.62717,0
37.218323,-116.074524,0
156.77852,19.464596,0
73.40653,-74.04598,0
58.03602,23.217642,0
33.624466,20.235556,0
25.932043,55.80349,0
1.6873438,-0.77184707,0
4.8184104,-3.6283026,0
36.27575,-31.96823,0
140.9951,92.352516,0
124.395485,-98.58081,0
-20.064293,-42.14509,0
-33.70888,43.028088,0
47.97982,148.14467,0
-20.57349,-25.51356,0
-44.41251,-85.84125,0
57.882545,-96.686806,0
134.0495,33.74054,0
83.39503,-58.46956,0
-101.45938,-27.23275,0
-26.555885,29.090332,0
30.111818,76.93948,0
-29.137768,20.903301,0
-119.99864,-71.73946,0
31.75483,-48.93952,0
85.27157,86.36393,0
144.22418,-26.192698,0
-47.58181,-70.16297,0
-24.89117,95.45766,0
-2.7324429,113.849045,0
-54.407684,5.071048,0
-53.625416,-109.20408,0
1.3776927,-119.67376,0
97.07827,50.866096,0
75.948326,-34.971424,0
-141.54927,-32.136295,0
-77.93878,100.19765,0
-9.939722,148.40964,0
-105.36458,30.397236,0
-113.32706,-123.860535,0
19.411774,-152.52818,0
110.08823,30.990767,0
91.121544,-2.296355,0
-162.38179,2.5822573,0
-94.30195,85.48933,0
-36.205235,151.63739,0
-149.03543,38.731815,0
-114.160095,-89.09734,0
-4.036356,-162.99182,0
65.26728,118.57809,0
147.3708,-74.63721,0
-20.582966,-76.83264,0
-8.392778,67.14313,0
17.77753,86.270615,0
-25.06187,-3.8025637,0
-28.03855,-101.85918,0
18.07054,-81.3652,0
63.725662,100.89971,0
145.27312,-58.017586,0
-42.7892,-36.67947,0
-39.14954,61.865826,0
36.249832,95.80777,0
-36.716705,4.6249695,0
-51.854275,-144.05603,0
8.14895,-81.73106,0
114.176956,25.961128,0
77.7878,12.039426,0
-161.65991,9.962792,0
-99.04359,84.084915,0
-43.448933,150.5216,0
-156.02344,35.092735,0
-113.734055,-81.53215,0
-9.677798,-164.45995,0
78.521286,67.74294,0
99.8422,-42.94572,0
-116.98049,-26.033493,0
-49.137573,104.83591,0
-1.1409893,130.37907,0
-86.22396,29.77814,0
-93.35974,-100.29126,0
41.82198,-131.9401,0
87.54618,53.880066,0
95.72017,-32.170048,0
-132.90915,-19.738478,0
-66.79031,88.53923,0
3.8191025,142.79851,0
-98.1111,22.771183,0
-105.639496,-137.59088,0
23.780798,-137.23941,0
86.235176,48.197903,0
71.465,-49.21074,0
-153.16672,-40.511997,0
-67.28212,113.61712,0
-21.593466,161.55145,0
-99.56768,46.59479,0
-116.336044,-141.2769,0
25.53004,-155.13797,0
103.70833,43.616333,0
76.32489,-27.278448,0
-137.12827,-25.996588,0
-88.41909,99.971405,0
-15.138571,145.20763,0
-121.39319,22.281267,0
-115.69091,-111.10148,0
9.329806,-153.13437,0
140.40465,73.45205,0
113.11549,-79.726944,0
-56.977863,-24.754196,0
-61.091488,48.355766,0
42.09697,130.1237,0
-50.817757,24.633457,0
-63.264217,-84.24358,0
38.196274,-100.63538,0
65.00506,112.95398,0
130.99199,-60.385303,0
-58.736378,-38.856575,0
-46.84411,60.86036,0
26.77987,125.086205,0
-27.981983,-3.039926,0
-33.98652,-101.98514,0
20.707132,-84.70119,0
130.19049,95.67963,0
135.77614,-83.32657,0
-91.82949,-35.26592,0
-47.754704,45.585423,0
32.130486,156.03899,0
-88.96236,-26.625153,0
-83.71535,-83.569565,0
55.163315,-111.14126,0
169.23651,11.364692,0
79.20663,-87.239296,0
39.599968,13.7623005,0
7.2881393,33.92603,0
7.4431014,34.426304,0
11.786876,16.26041,0
11.833255,15.014788,0
43.85269,-13.233329,0
138.56432,98.89751,0
127.06314,-96.87719,0
-18.31855,-43.57996,0
-37.804596,41.349518,0
45.71696,151.33247,0
-20.477985,-23.56501,0
-43.51762,-82.45653,0
59.14086,-100.33444,0
80.417854,108.58784,0
167.16512,-50.36466,0
-38.002106,-48.243214,0
-21.422714,66.60129,0
23.918068,103.82457,0
-32.028202,-11.860671,0
-33.583187,-122.48265,0
5.153784,-96.24592,0
98.0831,49.260483,0
73.6312,-35.367313,0
-139.52727,-22.954006,0
-78.00076,104.23563,0
-8.725888,144.25526,0
-104.26389,27.856485,0
-106.95359,-112.298744,0
28.025936,-141.0376,0
114.1514,29.97146,0
84.89809,9.934894,0
-175.41426,5.213363,0
-101.21069,83.77713,0
-41.24176,152.04753,0
-154.05688,45.372223,0
-122.23292,-84.899734,0
-6.4905896,-171.50258,0
142.93497,92.41768,0
122.33061,-101.02349,0
-18.392696,-37.84475,0
-31.582489,44.455814,0
50.268948,147.34872,0
-19.209677,-28.94108,0
-44.073242,-88.69286,0
57.638794,-93.65151,0
113.11384,142.84216,0
92.0802,-115.41296,1
19.211546,-51.448307,0
-7.1038356,35.89068,0
79.23016,150.51863,0
5.521092,-26.46947,0
-10.223937,-60.75888,0
54.68474,-55.68324,0
162.34543,10.097203,0
75.698326,-84.37506,0
46.70362,12.561753,0
21.197279,37.69913,0
20.930027,37.973793,0
21.645737,5.8523035,0
20.715025,6.3256044,0
40.25632,-22.761862,0
87.87836,62.032036,0
70.00005,-31.540709,0
-133.59612,-33.332466,0
-67.30354,101.00158,0
-13.25424,138.8454,0
-95.97464,31.072706,0
-115.13697,-106.99386,0
35.855556,-147.71376,0
62.29586,88.24888,0
166.9739,-18.040401,0
-63.896454,-56.635166,0
-41.9228,84.67063,0
10.9157915,119.9829,0
-69.26396,-10.319601,0
-70.96254,-105.66502,0
-13.268036,-134.84193,0
81.49365,64.42614,0
99.420525,-45.975716,0
-117.108475,-22.456114,0
-57.285717,109.93238,0
-5.1790166,130.15291,0
-82.009026,31.221725,0
-96.44089,-97.2443,0
40.44267,-132.93307,0
58.243988,100.31464,0
134.08546,-65.56831,0
-46.999405,-29.813091,0
-44.126404,65.95456,0
30.917692,119.62917,0
-42.388237,14.122638,0
-65.413635,-138.09447,0
20.218252,-94.90122,0
104.18612,53.123077,0
80.019516,-18.895218,0
-157.86858,-35.66175,0
-86.69263,106.94381,0
-0.20555992,160.81099,0
-123.905174,41.126434,0
-121.95316,-107.44126,0
32.368763,-166.8798,0
114.06095,19.735914,0
99.716484,-52.966015,0
-123.115776,-20.39329,0
-57.879032,106.703285,0
-10.200381,126.606895,0
-83.5276,38.087326,0
-97.21991,-92.55701,0
38.345604,-137.88863,0
81.19984,109.84604,0
166.51297,-49.857937,0
-37.653927,-48.32408,0
-21.965277,67.016945,0
23.323582,103.07911,0
-32.551884,-11.08795,0
-30.116205,-122.514786,0
4.5383925,-96.05419,0
93.75426,52.936367,0
75.82103,-33.01638,0
-143.52832,-29.657894,0
-75.71909,97.61141,0
-5.7904153,149.39243,0
-104.22638,34.10857,0
-106.63767,-131.3433,0
19.22569,-148.74394,0
117.11496,30.902096,0
74.78839,6.509379,0
-160.8928,2.379218,0
-93.786194,84.18027,0
-36.114334,150.09958,0
-148.93001,35.255165,0
-111.44436,-87.89435,0
-3.6073754,-161.2965,0
125.129555,96.194016,0
129.98396,-84.686714,0
-88.86231,-31.193663,0
-50.330444,47.293488,0
35.872105,157.50912,0
-86.588104,-21.897747,0
-83.13581,-77.50082,0
50.48171,-114.98079,0
61.393124,94.73334,0
134.92773,-68.50326,0
-45.0989,-27.10338,0
-45.21644,66.91889,0
34.72739,119.510704,0
-41.35969,16.335833,0
-64.42229,-135.98216,0
20.581245,-93.93154,0
64.1123,50.368332,0
111.885574,-9.490699,0
-141.67976,-51.761642,0
-102.15306,97.87,0
-26.031404,140.17206,0
-117.970566,7.178303,0
-136.61731,-77.58552,0
43.38454,-161.35672,0
162.61061,12.048479,0
79.788345,-80.67678,0
22.901249,-1.2598972,0
23.021046,-3.6678658,0
15.014474,45.33996,0
23.120523,-2.2488801,0
22.46778,0.5103133,0
37.89522,-21.927391,0
77.47341,79.64572,0
146.4445,-21.12413,0
-50.591797,-68.36615,0
-27.606895,94.17197,0
-3.8471367,109.37829,0
-57.93696,5.4089007,0
-59.122414,-112.554405,0
-1.1438496,-123.86641,0
117.435875,35.716118,0
86.273865,-10.36548,0
-154.38602,-0.81404495,0
-88.486694,78.514015,0
-34.812653,144.68872,0
-145.38449,31.703264,0
-104.58654,-87.88343,0
-4.9898005,-155.76187,0
83.81683,44.855694,0
74.22475,-48.940716,0
-152.77664,-37.351814,0
-69.70297,112.06769,0
-18.178947,161.06976,0
-102.131226,45.461624,0
-114.484665,-138.309,0
23.651848,-152.90147,0
142.22263,16.9997,0
89.04494,-65.382256,0
59.49414,27.555067,0
48.1874,35.08847,0
38.765175,56.20298,0
-0.2580356,3.2097597,0
0.20965622,-6.8009515,0
41.73247,-42.404804,0
102.23241,19.193094,0
87.47367,2.969307,0
-172.16785,0.003858164,0
-106.24829,108.65814,0
-31.314331,159.5715,0
-149.42068,51.52228,0
-124.3666,-88.62325,0
-2.4460254,-176.55424,0
74.11096,121.66805,0
157.35062,-69.523186,0
-32.010944,-79.45206,0
-13.675553,69.15236,0
16.11255,113.07274,0
-21.988964,-8.211204,0
-28.451115,-90.472275,0
21.415716,-72.43048,0
112.49523,63.614864,0
81.61679,-8.557683,0
-169.50629,-8.24393,0
-106.51801,122.8012,0
-34.307663,171.93828,0
-135.91849,38.580647,0
-122.59567,-98.17259,0
1.7514992,-182.73956,0
102.975876,30.031776,0
85.51006,-4.392438,0
-167.45207,-3.4583397,0
-94.33004,107.549736,0
-39.297592,157.24005,0
-144.83742,57.043484,0
-116.61884,-96.438126,0
3.3016264,-167.18224,0
93.239494,76.54325,0
107.392235,-28.528196,0
-135.85324,1.1353803,0
-117.15862,87.074875,0
-25.931324,122.64882,0
-130.76884,6.3695836,0
-156.03085,-72.36516,0
62.54533,-159.02362,0
129.71797,69.42604,0
120.35177,-67.889305,0
-64.89024,-31.809767,0
-50.66686,62.10415,0
31.440205,131.84787,0
-70.62915,19.940712,0
-75.23377,-125.875336,0
31.529844,-107.55043,0
68.35791,56.58053,0
108.94724,-14.006579,0
-135.59666,-54.13707,0
-106.8736,96.14779,0
-22.276909,133.96338,0
-117.867615,1.0739971,0
-138.68976,-71.41812,0
46.97789,-164.35397,0
128.67673,90.89143,0
130.4378,-78.3147,0
-54.2121,-36.348392,0
-44.903336,52.203297,0
32.30376,151.892,0
-82.180084,-25.903206,0
-76.174515,-82.977905,0
49.420307,-108.122375,0
64.6575,116.34625,0
148.928,-74.743195,0
-22.128384,-76.91096,0
-7.2708244,68.64325,0
17.74824,85.220764,0
-24.092028,-2.3808515,0
-26.425709,-100.72103,0
17.31724,-78.856415,0
71.57182,60.783325,0
104.77231,-22.147205,0
-142.98634,-2.0009735,0
-114.01904,93.57594,0
-28.014084,130.09924,0
-124.752075,10.192039,0
-150.85051,-76.29671,0
57.80107,-166.35464,0
105.92977,92.37806,0
128.06343,-19.464504,0
-113.28929,-50.872463,0
-68.35517,140.05414,0
18.748318,180.10066,0
-101.501915,-3.76933,0
-115.85228,-58.05455,0
67.293976,-136.52527,0
75.2681,102.02959,0
163.11772,-41.377514,0
-32.12162,-54.134956,0
-26.269085,75.70622,0
16.712477,95.344055,0
-37.735703,-4.3079615,0
-42.475124,-131.52974,0
-4.970011,-99.10133,0
67.92244,93.73675,0
157.29346,-28.74493,0
-46.459198,-57.551483,0
-32.25524,80.02868,0
6.6140847,99.35826,0
-55.105686,-5.999214,0
-55.15842,-124.897484,0
-10.04842,-109.73497,0
59.99766,106.40255,0
140.05101,-61.0638,0
-40.722935,-34.236694,0
-34.497936,59.9617,0
32.787903,96.996025,0
-38.57775,9.570488,0
-58.13828,-140.39043,0
10.370243,-86.72408,0
122.86497,27.225409,0
70.10735,13.097981,0
-153.76608,11.712285,0
-97.232155,75.37345,0
-44.61658,142.57158,0
-151.28171,29.11891,0
-107.57934,-78.707375,0
-14.491941,-156.87617,0
122.604294,27.425814,0
71.04207,12.629774,0
-154.79173,11.155211,0
-97.601204,76.117714,0
-43.8891,143.47513,0
-154.7599,28.53295,0
-107.58565,-79.333916,0
-13.615698,-157.67966,0
107.63793,107.71455,0
143.28401,-38.550156,0
-82.09201,-51.56592,0
-76.33579,54.26281,0
42.729904,106.73805,0
-83.81324,-10.978113,0
-82.844406,-65.44525,0
32.47637,-91.34941,0
129.74095,72.9033,0
120.248314,-66.22152,0
-65.35504,-34.168823,0
-53.6177,60.97639,0
30.976883,133.93053,0
-65.9414,19.242414,0
-78.25206,-124.51695,0
30.956747,-109.73481,0
97.12353,54.573418,0
73.713196,-26.799667,0
-142.12283,-43.845848,0
-81.43074,104.60105,0
-18.959217,146.29765,0
-112.08103,10.444308,0
-116.75126,-115.594894,0
37.77891,-157.46667,0
147.37694,92.98862,0
123.11746,-104.85563,0
-15.148846,-35.22946,0
-28.083157,44.239365,0
53.861668,148.58054,0
-15.319311,-30.696838,0
-39.55206,-90.70339,0
61.185448,-91.98043,0
71.15206,116.74828,0
152.28972,-73.47185,0
-25.755217,-75.95333,0
-7.9020686,70.731544,0
14.800823,87.79093,0
-23.670687,0.95824885,0
-26.477365,-94.471016,0
20.303555,-77.94448,0
93.21831,25.529543,0
78.94079,1.1392436,0
-178.80312,-6.66472,0
-99.58759,117.77669,0
-29.513807,168.15984,0
-141.46597,48.92158,0
-132.76004,-95.13261,0
7.126303,-177.01024,0
123.80462,28.886175,0
70.199524,11.00498,0
-153.0439,9.332394,0
-94.80925,75.61775,0
-42.38613,141.8912,0
-154.50183,26.677423,0
-105.45822,-79.18651,0
-12.2445965,-156.07446,0
95.39368,23.475145,0
81.95545,0.10847729,0
-176.9805,-3.9612076,0
-101.31853,113.72007,0
-33.648685,164.05154,0
-144.04225,50.24539,0
-128.92181,-93.48321,0
5.4635453,-179.16507,0
96.71896,23.254452,0
79.2976,-7.3642955,0
-167.68246,-8.704898,0
-98.5169,115.01303,0
-29.855549,170.60104,0
-139.69405,51.398586,0
-124.57256,-101.63755,0
10.625613,-174.04999,0
92.63892,51.67074,0
77.443504,-40.446243,0
-146.43033,-29.593206,0
-74.77559,96.114296,0
-3.9145756,147.56319,0
-106.631004,35.93432,0
-107.55945,-132.7677,0
18.777107,-147.34436,0
102.92673,65.48599,0
105.25816,-0.015416697,0
-176.62143,16.5663,0
-120.63516,106.74752,0
-48.3991,175.47606,0
-132.87848,23.160685,0
-152.31857,-91.0357,0
46.597942,-174.47969,0
158.18582,60.79158,0
93.91678,-73.76994,0
-0.45332035,21.020311,0
-4.292128,19.281374,0
43.454655,80.97717,0
-2.2876668,20.41016,0
1.1887866,22.264061,0
29.860039,-62.282406,0
72.25477,116.44237,0
155.16942,-72.986496,0
-28.77807,-77.58677,0
-10.658285,72.534744,0
12.187749,88.838135,0
-21.981867,3.130117,0
-28.01251,-95.183815,0
21.070438,-76.28246,0
146.50334,92.70604,0
122.7936,-104.65068,0
-15.268939,-35.15048,0
-28.400427,44.39554,0
53.672142,148.21849,0
-15.77577,-30.805971,0
-39.884655,-90.96054,0
61.09539,-91.70477,0
105.13074,66.84972,0
101.18436,1.7240404,0
-179.79648,19.198154,0
-121.33752,111.80354,0
-47.98024,170.02286,0
-134.80228,19.423641,0
-149.46097,-95.60515,0
43.981365,-147.07603,0
90.994354,37.722782,0
64.93191,-19.386667,0
-167.63467,-27.825718,0
-84.14385,127.27644,0
-9.696583,164.42676,0
-117.996765,44.264732,0
-126.98715,-120.611176,0
11.903864,-166.35126,0
157.45045,58.895164,0
95.40443,-74.80534,0
-8.407636,14.920517,0
-6.3400373,17.96295,0
42.650204,82.36315,0
-7.8194823,16.009783,0
-9.590404,12.346728,0
31.504751,-62.13963,0
119.389404,56.548504,0
101.88745,-16.122026,0
-129.4915,-42.651814,0
-71.652145,76.79337,0
10.869579,150.79062,0
-107.74989,12.702212,0
-100.17483,-111.33541,0
53.042915,-159.66708,0
136.92363,75.092804,0
114.37973,-78.53208,0
-56.485016,-26.077644,0
-61.123974,48.87179,0
41.63945,130.1477,0
-50.170723,23.810902,0
-59.607273,-87.89894,0
37.32909,-100.207664,0
142.90685,97.24079,0
126.92628,-101.87284,0
-14.950854,-41.318188,0
-31.675417,39.10669,0
50.902927,151.91046,0
-16.37731,-25.898096,0
-40.098717,-84.66885,0
61.119858,-96.44124,0
162.5827,7.315055,0
75.39987,-90.83951,0
52.083294,14.00814,0
16.753222,36.792564,0
15.915812,35.913296,0
15.860862,8.52429,0
17.840433,10.407799,0
42.880276,-18.396774,0
84.85852,99.693375,0
159.19643,-34.885727,0
-39.689728,-56.205532,0
-22.829184,79.20625,0
16.582474,105.85049,0
-47.164757,-10.851346,0
-44.61208,-122.161194,0
3.966213,-106.897736,0
110.272606,43.603436,0
84.58718,-35.96993,0
-151.99086,-20.447933,0
-83.10535,92.02773,0
-11.617762,155.47646,0
-114.341896,33.19351,0
-109.316124,-127.21656,0
10.971415,-149.67154,0
95.01112,102.16211,0
130.12965,-80.16544,0
-84.30907,-35.331795,0
-42.196815,49.214733,0
33.61673,152.70192,0
-82.44852,-24.36043,0
-77.28218,-81.22074,0
49.471615,-110.0132,0
114.133545,57.322845,0
90.376755,-19.516659,0
-137.73999,-17.264877,0
-67.78278,77.407196,0
12.702855,150.44223,0
-105.62453,14.36785,0
-98.21447,-112.67089,0
51.514034,-143.00317,0
90.8854,47.994785,0
78.77588,-42.81095,0
-149.53038,-30.729504,0
-72.47237,110.143936,0
-17.507025,158.79863,0
-106.92538,38.924618,0
-114.08432,-134.29932,0
21.47197,-153.2211,0
100.200424,26.903164,0
84.3802,1.2939696,0
-175.57874,-2.172055,0
-101.86005,112.429924,0
-34.46517,163.00081,0
-146.98592,48.893402,0
-126.7375,-92.342125,0
0.48969096,-174.97656,0
110.87331,48.946926,0
92.572014,-36.739315,0
-74.06426,-37.235157,0
-66.34686,65.43406,0
27.995577,142.67778,0
-125.025536,24.256506,0
-88.04682,-128.49171,0
15.850516,-142.09436,0
105.15328,56.91001,0
78.69546,-10.894652,0
-170.69891,-12.3144245,0
-90.33562,107.23821,0
7.909821,162.7874,0
-133.43773,36.49048,0
-128.76794,-102.74454,0
33.314785,-171.17857,0
115.39956,47.593994,0
88.31718,-26.145613,0
-144.8026,-13.2485075,0
-85.67212,86.35282,0
3.7362106,152.28336,0
-122.33543,28.637066,0
-102.7989,-119.8467,0
4.545111,-147.81725,0
157.81677,38.656254,0
112.00805,-51.020493,0
32.0744,20.021069,0
14.5099945,62.955513,0
16.254736,67.1819,0
-12.564585,-13.464061,0
-15.9716625,-68.82601,0
34.72785,-72.80757,0
84.47246,62.416218,0
94.1724,-49.318764,0
-121.48633,-17.726318,0
-55.94568,100.36792,0
1.7385677,134.15529,0
-89.08695,34.021114,0
-87.752716,-99.371635,0
34.453983,-137.25052,0
94.25479,77.20553,0
104.182686,-28.021872,0
-135.0818,-2.3256922,0
-113.81774,86.83714,0
-21.03585,126.539955,0
-130.3367,13.0876875,0
-152.75787,-71.637634,0
65.14605,-159.07031,0
106.45873,84.06088,0
119.89783,-30.81794,0
-108.21219,-43.429413,0
-55.65668,124.124855,0
19.426014,161.18472,0
-91.63054,4.67201,0
-108.54868,-66.388016,0
53.641,-138.57724,0
71.69351,81.48271,0
149.27083,-19.7585,0
-55.171444,-65.14295,0
-32.25586,92.20772,0
-3.9855886,103.608574,0
-59.621487,3.3961818,0
-58.53639,-114.923965,0
-3.2726798,-124.28086,0
66.248184,99.72896,0
147.06047,-61.73661,0
-33.489376,-35.810165,0
-36.188427,66.705345,0
28.89167,90.938225,0
-31.876167,5.510317,0
-49.966595,-141.74565,0
1.860733,-85.179276,0
72.17365,113.78738,0
153.18295,-70.51623,0
-29.359787,-74.58622,0
-12.855574,73.2624,0
10.41549,90.4029,0
-25.61949,1.7581968,0
-29.667517,-97.69297,0
15.808686,-80.11163,0
71.986855,112.9418,0
154.98135,-70.51849,0
-30.101725,-75.9039,0
-12.650168,72.50527,0
12.137855,90.30449,0
-24.779634,3.7159317,0
-30.600845,-96.91127,0
14.760386,-81.41663,0
111.99126,55.44169,0
86.67122,-19.176708,0
-136.35265,-17.529018,0
-72.25127,87.67078,0
7.707349,157.89384,0
-112.92639,39.920013,0
-103.16537,-112.67295,0
31.673435,-164.79236,0
105.77032,93.15709,0
128.4109,-21.53222,0
-115.602325,-50.781998,0
-70.81766,139.57349,0
15.381661,180.11966,0
-103.26252,-2.9550595,0
-117.0339,-59.75069,0
67.47913,-138.30379,0
112.04563,82.25232,0
126.08311,-48.369255,0
-69.2616,-48.686874,0
-49.475925,81.93278,0
12.93561,129.91216,0
-72.770004,7.6660748,0
-77.47197,-111.518105,0
19.477745,-117.47587,0
154.72412,28.696371,0
69.99349,-73.85059,0
28.592413,-22.711777,0
29.351229,-22.613474,0
15.398956,51.064407,0
29.196156,-22.951462,0
27.849588,-22.4888,0
30.940544,-23.625084,0
140.02766,20.544308,0
88.82013,-67.158066,0
50.772854,24.061138,0
42.40342,33.797676,0
39.887886,60.56807,0
-6.85026,-4.7534294,0
0.42940032,-11.991612,0
40.025677,-45.313038,0
94.104645,35.626656,0
66.63661,-6.726687,0
-176.24603,-21.603365,0
-88.59393,123.42482,0
-21.565496,174.73592,0
-127.43535,53.579536,0
-136.15033,-112.526695,0
19.286732,-179.17067,0
67.27679,72.75972,0
162.69714,-25.506454,0
-55.587315,-56.309196,0
-30.011074,80.15489,0
4.1065793,97.05259,0
-59.111423,-9.250292,0
-47.722427,-127.83653,0
-14.362991,-127.13058,0
105.52315,38.96387,0
82.62515,-23.758348,0
-161.75409,6.742742,0
-89.51167,96.87703,0
-16.95287,150.41084,0
-152.56575,35.57293,0
-108.46031,-117.73481,0
3.129699,-157.5281,0
83.74772,26.093529,0
65.96896,-1.0963259,0
-182.23808,-19.3723,0
-94.71742,125.13934,0
-26.338232,178.5531,0
-131.9823,58.638767,0
-140.53741,-108.64531,0
15.810132,-183.54036,0
172.83682,14.036674,0
87.459435,-88.43479,0
48.868195,-3.6398134,0
44.07366,-4.3253393,0
4.828438,44.21204,0
46.97038,-4.699163,0
51.019577,-2.1125894,0
45.77765,-10.32033,0
75.24854,98.2942,0
160.32367,-43.895733,0
-29.31644,-55.721745,0
-24.675222,73.34575,0
16.295221,98.952576,0
-39.92189,-6.6179686,0
-38.55916,-130.60034,0
-2.1452851,-99.53988,0
115.30124,132.54575,0
103.80371,-114.80648,1
8.706522,-49.35758,0
-15.865773,38.817474,0
70.99676,154.10219,0
4.756408,-37.49761,0
-2.5540369,-54.875507,0
48.56771,-64.81057,0
67.89731,116.555534,0
152.56561,-74.13354,0
-25.669304,-77.62571,0
-6.3759055,70.5452,0
12.393476,85.692535,0
-22.007591,0.27706218,0
-27.085434,-97.72696,0
18.01249,-77.54452,0
112.28822,37.677464,0
152.01447,-14.6720915,0
-55.358593,-58.66839,0
-35.631897,84.90138,0
-11.433903,102.819534,0
-65.96825,1.7774485,0
-62.623127,-120.791306,0
-3.3234928,-132.91296,0
141.76186,36.777973,0
89.43276,-61.57544,0
41.561417,36.505962,0
31.15161,34.721558,0
36.691113,67.35673,0
-9.433023,2.4913366,0
2.004447,-15.56856,0
36.529636,-47.67375,0
117.137726,58.987747,0
92.1207,-23.757133,0
-139.93008,-14.560761,0
-70.74326,82.28232,0
4.8998456,150.7128,0
-104.792206,18.476809,0
-97.54012,-116.58224,0
18.865297,-133.51666,0
108.46324,58.67838,0
65.620026,-23.57042,0
-164.34515,-31.097425,0
-71.36656,125.901726,0
-10.830153,167.0081,0
-115.348434,46.492306,0
-126.611565,-124.07137,0
13.674821,-163.7136,0
87.07003,65.26032,0
88.03147,8.159496,0
-171.43723,2.8942416,0
-57.678913,99.85175,0
-40.04216,163.84705,0
-89.60547,37.88356,0
-121.51668,-89.94888,0
33.165173,-138.23323,0
120.08198,27.045485,0
74.05873,12.500674,0
-157.9316,10.561574,0
-98.18091,80.13747,0
-43.090504,146.89865,0
-155.99739,31.029318,0
-110.46157,-80.23335,0
-11.788546,-160.66943,0
120.82169,46.602764,0
97.02402,-18.79791,0
-130.7439,-38.2555,0
-79.27481,77.93815,0
1.3690782,148.37294,0
-112.06549,15.179841,0
-100.37304,-106.544136,0
14.271508,-137.87277,0
127.359856,48.78068,0
85.65573,-11.360944,0
-154.26091,0.38256788,0
-85.58987,75.995766,0
-34.72874,143.16164,0
-145.38123,30.234083,0
-103.11477,-87.898155,0
-5.039821,-153.08418,0
172.07736,4.5795255,0
84.46493,-95.49611,0
32.818653,-0.5048477,0
32.765846,-7.2793584,0
11.206917,43.071205,0
32.1789,-3.8665745,0
33.365376,2.9598591,0
34.750698,-13.747968,0
72.17318,101.14674,0
163.02702,-37.01547,0
-33.77597,-52.435104,0
-28.941412,76.2666,0
18.299534,93.664635,0
-43.48528,-8.330319,0
-45.81779,-126.97371,0
-6.5677524,-96.611275,0
57.260223,99.67819,0
135.24475,-64.34861,0
-46.15492,-30.980524,0
-42.84544,65.88016,0
30.265902,118.84808,0
-42.669537,12.264818,0
-65.20062,-139.38329,0
17.480024,-91.46089,0
102.90413,86.956665,0
118.86956,-34.556904,0
-105.66183,-39.280033,0
-52.671383,120.236176,0
20.127121,165.45963,0
-87.365685,4.913476,0
-106.72282,-63.90477,0
54.133667,-134.4398,0
100.51384,46.910957,0
81.08069,-42.6768,0
-145.70644,-24.616854,0
-83.97453,93.72142,0
-4.1433725,153.05176,0
-116.570496,31.481009,0
-112.45012,-133.45311,0
15.375429,-145.07118,0
104.685844,84.16742,0
119.95794,-31.579191,0
-107.301155,-42.56118,0
-54.61207,122.83156,0
19.886799,161.87767,0
-90.20273,5.015837,0
-107.96042,-65.91549,0
54.26664,-137.18523,0
88.68252,33.419224,0
71.613815,-8.102428,0
-173.86478,-25.65031,0
-87.47924,121.197624,0
-20.5799,172.14572,0
-131.1861,49.14189,0
-134.43098,-117.2881,0
18.070168,-172.47734,0
113.96558,114.29107,0
127.64645,-14.949682,0
-106.0114,-52.05022,0
-73.890366,63.013256,0
20.85242,176.98723,0
-97.60075,-4.565181,0
-106.55728,-54.9874,0
63.871067,-132.98756,0
68.591194,86.05433,0
158.79196,-18.115044,0
-60.48763,-64.385956,0
-36.767464,93.46898,0
-3.6382642,99.86637,0
-64.95605,-3.484825,0
-61.606464,-106.90797,0
-8.009394,-126.00951,0
118.75884,136.01851,0
99.95383,-111.344604,1
13.410398,-44.40875,0
-15.770025,36.280167,0
72.04561,150.22107,0
9.065972,-34.567326,0
-8.255221,-52.338757,0
48.486347,-62.23541,0
94.775444,72.78006,0
105.72169,-24.98399,0
-138.57747,-1.2179362,0
-116.823975,90.910255,0
-28.164486,127.660904,0
-128.30449,7.6876097,0
-154.6878,-75.471016,0
60.31003,-159.77539,0
92.600174,108.71875,0
159.10414,-53.976246,0
-45.33114,-47.414078,0
-19.851738,57.39389,0
25.364594,110.515465,0
-36.768738,-18.89355,0
-28.982449,-115.43199,0
10.667505,-100.39247,0
156.76088,11.720484,0
71.44643,-80.99149,0
48.68043,12.324652,0
25.161991,43.56856,0
25.420872,44.00288,0
16.277105,1.6949716,0
15.968584,3.0828152,0
42.72096,-27.109604,0
85.20913,23.205898,0
64.186295,0.58125764,0
-184.8539,-19.954329,0
-94.979996,126.55453,0
-27.23369,180.78535,0
-131.99332,61.178562,0
-142.94652,-106.90561,0
14.095422,-184.65929,0
127.42754,89.68016,0
128.34111,-76.81217,0
-53.827213,-35.28062,0
-49.36199,53.747868,0
33.22019,148.7506,0
-80.62448,-25.064634,0
-73.90922,-83.434845,0
47.735294,-108.28483,0
119.57569,102.34436,0
131.67679,-9.311416,0
-96.349785,-53.195297,0
-84.087326,58.13723,0
41.84455,167.24045,0
-99.380936,-13.400418,0
-94.193344,-61.889423,0
66.48283,-125.77774,0
165.47513,16.152134,0
85.15813,-81.11683,0
21.256208,-12.179315,0
23.224483,-14.875774,0
11.594455,47.90037,0
22.516085,-13.393635,0
19.937553,-10.765042,0
31.775068,-18.77015,0
144.70793,94.11913,0
124.62902,-99.625916,0
-18.34044,-41.80314,0
-32.081673,41.497776,0
48.61249,148.57384,0
-19.169718,-25.933657,0
-43.35047,-86.437935,0
58.402843,-95.971924,0
120.38496,67.177185,0
117.20761,-20.600435,0
-126.61807,-48.49988,0
-58.098953,85.98108,0
16.093496,152.28781,0
-106.24079,5.475659,0
-126.52747,-67.61682,0
51.010498,-148.39685,0
140.34042,92.69594,0
124.77358,-97.61305,0
-19.961233,-40.87878,0
-34.95101,42.292065,0
47.188885,149.76358,0
-20.732746,-26.258072,0
-44.981667,-84.8443,0
57.075058,-97.94581,0
136.87782,51.90797,0
113.00741,-52.796608,0
22.914034,-21.257774,0
-34.88121,103.83356,0
22.52152,65.52597,0
-74.81938,35.081852,0
-82.92686,-97.91666,0
36.199818,-70.761185,0
131.9236,59.07547,0
108.44583,-63.005173,0
-75.67684,-36.961708,0
-63.11208,43.448643,0
40.79455,139.96024,0
-67.77433,28.259634,0
-64.282936,-78.46246,0
36.09212,-119.07026,0
97.386566,49.638474,0
77.78537,-34.331867,0
-151.75362,-27.788074,0
-80.12178,101.25787,0
-9.803388,150.01671,0
-107.37333,30.052687,0
-113.01022,-124.318504,0
18.367813,-152.2388,0
82.6232,36.123543,0
62.27816,-20.477325,0
-168.31161,-30.141289,0
-76.910416,128.33415,0
-12.363571,166.67937,0
-119.5717,48.00128,0
-130.1185,-122.97211,0
15.497696,-165.64854,0
83.47777,48.949303,0
71.55341,-46.091938,0
-150.36873,-40.84824,0
-65.723785,111.006966,0
-21.548615,158.69392,0
-98.683784,43.162453,0
-113.06576,-143.06343,0
28.90192,-151.51828,0
114.993454,48.430115,0
88.60902,-28.138275,0
-145.15804,-14.903169,0
-83.1099,87.54719,0
-1.1394446,152.0835,0
-110.64043,24.780655,0
-102.89155,-122.0189,0
13.479839,-142.72755,0
99.99993,56.77,0
72.031654,-11.628626,0
-167.84955,-16.043308,0
-86.26931,113.9201,0
-4.281783,182.02843,0
-130.10516,40.150482,0
-128.12196,-107.41622,0
25.770975,-175.4846,0
103.6351,57.003033,0
76.27536,-5.2585497,0
-173.95607,-12.755876,0
-93.78067,115.61936,0
2.8464622,166.16867,0
-134.87122,48.096092,0
-131.23616,-101.66997,0
11.883738,-179.18263,0
126.29901,98.59015,0
131.03217,-85.18356,0
-90.29034,-30.512232,0
-48.873875,47.37807,0
34.82916,156.73463,0
-87.82258,-22.107233,0
-82.83083,-78.49996,0
51.42975,-114.50826,0
101.71764,20.938356,0
88.33406,4.442541,0
-175.4453,0.44900396,0
-104.292015,110.568085,0
-36.374676,162.7406,0
-149.71118,48.358692,0
-125.41282,-90.263885,0
-1.6848785,-174.88127,0
159.86716,40.262768,0
114.7763,-47.350456,0
30.541979,23.054861,0
12.397766,61.59951,0
14.476805,70.51202,0
-12.706124,-10.697516,0
-16.74511,-71.43172,0
34.154564,-76.56648,0
126.53869,32.74586,0
67.751205,8.124854,0
-148.41962,7.265044,0
-93.632904,73.139145,0
-42.587536,137.80743,0
-127.421005,30.997822,0
-96.09895,-130.92104,0
-5.6854897,-146.01784,0
121.35102,59.394863,0
98.43285,-21.822054,0
-127.08342,-41.709137,0
-69.67997,74.58135,0
11.318685,147.33505,0
-102.75037,14.4824915,0
-96.46349,-113.66166,0
21.383652,-131.88033,0
104.227806,94.21304,0
126.76091,-21.787958,0
-112.98481,-49.04346,0
-67.53607,136.77153,0
15.249406,178.07808,0
-101.24778,-1.3655057,0
-116.19507,-61.437057,0
65.51226,-138.41068,0
86.25899,37.3497,0
60.17112,-17.065329,0
-172.598,-28.727264,0
-84.98615,123.107,0
-18.04538,173.97737,0
-122.39824,52.18252,0
-133.79869,-121.306625,0
15.72789,-170.25685,0
76.6506,92.39732,0
154.39076,-31.149244,0
-43.438812,-60.597046,0
-25.968033,82.9611,0
6.737836,101.55952,0
-52.91662,-4.35374,0
-49.418262,-120.524155,0
-5.9625616,-110.51707,0
124.14857,109.94535,0
132.16934,1.1228908,0
-90.20927,-45.808136,0
-83.684814,65.30625,0
32.843258,171.45111,0
-92.92312,-8.553725,0
-93.06164,-72.37355,0
62.68981,-115.05474,0
146.28062,19.017538,0
78.094055,-70.22095,0
58.421535,21.207907,0
53.114967,36.0248,0
34.012386,57.105442,0
-2.2065487,-2.3249621,0
4.210694,-9.132475,0
38.161915,-38.25567,0
84.98829,39.02863,0
58.736507,-14.647571,0
-173.96918,-27.271868,0
-91.14823,120.626205,0
-20.071081,174.42123,0
-122.27446,53.160496,0
-133.56721,-119.90288,0
14.383809,-171.1152,0
96.96093,57.092533,0
85.846245,7.2128253,0
-172.81169,4.0352225,0
-107.14336,109.81628,0
-40.11899,161.82353,0
-140.3253,45.29583,0
-133.7581,-90.78692,0
45.13775,-140.29083,0
106.525055,51.758945,0
81.18485,-4.5282927,0
-171.42224,-7.1423097,0
-106.272896,118.50135,0
-36.937336,168.4036,0
-145.92697,54.343708,0
-126.22841,-99.266685,0
31.840832,-168.01936,0
166.0801,9.171764,0
79.23628,-94.29502,0
38.01811,12.300777,0
12.413264,30.808685,0
12.484786,33.04833,0
14.653483,17.419588,0
18.17471,13.780293,0
39.49662,-16.273922,0
117.47949,107.988174,0
130.34897,-6.8233705,0
-94.70333,-51.94089,0
-83.917046,57.314247,0
40.685024,167.89307,0
-97.18425,-12.821549,0
-92.719,-61.93411,0
66.42507,-123.41145,0
112.68708,69.229485,0
168.01077,-17.629982,0
-65.156044,-55.82747,0
-43.933926,84.33927,0
11.93168,120.41129,0
-70.35967,-9.62818,0
-72.12352,-105.98992,0
-15.712022,-136.15567,0
90.025154,62.7037,0
100.87696,7.191315,0
-185.98694,17.279415,0
-117.23595,113.554756,0
-44.25633,168.8097,0
-140.64017,20.467045,0
-117.39883,-102.34786,0
40.28587,-146.13083,0
89.53576,27.56658,0
75.61711,0.9198656,0
-182.62996,-9.058393,0
-95.94228,113.85529,0
-28.172228,161.21341,0
-137.19395,43.799488,0
-139.90465,-83.804665,0
48.415993,-169.24173,0
88.36694,87.10783,0
143.25912,-29.08398,0
-45.068108,-70.943726,0
-21.746443,94.52164,0
2.304893,115.48625,0
-51.13579,4.4032674,0
-50.370163,-109.40189,0
5.01161,-118.51351,0
82.42146,60.11488,0
65.97431,-12.571915,0
-165.2703,-20.664291,0
-82.014366,111.86798,0
-10.537849,185.60687,0
-129.35216,44.56396,0
-127.37097,-111.20295,0
26.91542,-170.76639,0
157.66916,60.773396,0
94.091484,-73.414955,0
-0.71536636,21.921736,0
-4.6085463,19.675037,0
43.18728,80.651344,0
-2.5256495,20.993557,0
1.169358,22.611095,0
29.547827,-61.66838,0
90.52476,52.937134,0
75.4696,-41.40511,0
-145.48285,-31.35526,0
-71.68494,95.66842,0
-5.573022,142.99768,0
-102.65631,36.190815,0
-106.0655,-135.25244,0
30.433472,-147.49121,0
154.27248,19.84775,0
77.9043,-83.428444,0
54.12856,25.496035,0
32.410378,23.11791,0
27.627409,55.126205,0
2.8456833,2.9956784,0
6.367915,5.1272426,0
41.542522,-34.255043,0
78.64962,99.2977,0
156.54121,-43.386837,0
-31.898504,-59.271824,0
-20.867949,74.67415,0
12.042437,99.70949,0
-42.09627,-4.0423236,0
-37.548744,-127.431046,0
0.03971014,-102.81237,0
67.537155,48.660255,0
115.269165,-9.641303,0
-139.40231,-47.748096,0
-101.24454,95.27248,0
-19.570267,140.43831,0
-114.55083,8.005442,0
-132.75389,-77.63566,0
41.68794,-158.00446,0
131.3129,76.341515,0
118.50973,-76.82324,0
-57.92091,-30.289286,0
-53.345562,54.929756,0
36.290947,129.0391,0
-51.898067,20.353006,0
-61.034775,-90.25862,0
33.566376,-102.96859,0
81.69142,44.24199,0
71.03578,-49.11469,0
-153.23737,-40.806583,0
-66.902405,112.87897,0
-22.021343,160.43417,0
-99.40073,46.843018,0
-116.44597,-142.01259,0
26.322777,-155.04439,0
172.21083,15.108911,0
87.15174,-87.40809,0
48.41116,-1.6641507,0
43.924282,-2.7682366,0
5.207131,45.514393,0
46.470352,-2.9287276,0
50.384598,-0.27825323,0
44.87641,-9.114907,0
96.16167,26.616133,0
81.71824,0.40543643,0
-176.98412,-4.7622676,0
-101.72448,114.98819,0
-32.464745,166.26749,0
-143.91994,49.53781,0
-129.62582,-94.25265,0
5.0046,-176.2688,0
84.29174,26.692972,0
64.56005,-1.3589786,0
-183.14142,-20.807274,0
-93.211395,126.59287,0
-25.79633,180.44682,0
-130.29962,59.433056,0
-141.89143,-108.46874,0
14.492387,-182.82431,0
104.3889,68.73911,0
106.28325,-1.2160347,0
-175.89734,14.8807335,0
-120.57846,104.99466,0
-48.868103,177.03311,0
-130.99054,21.520233,0
-153.60768,-89.657585,0
48.997612,-173.64394,0
157.18118,37.205063,0
112.035545,-51.751236,0
32.114216,19.903738,0
15.079047,63.284565,0
16.769058,66.72488,0
-12.530552,-13.823185,0
-16.212032,-68.311356,0
34.81098,-72.01143,0
119.35898,73.62987,0
97.94091,-11.379892,0
-120.461845,-38.781273,0
-62.941902,77.118866,0
17.451778,145.70807,0
-98.163994,7.5493655,0
-103.59035,-100.30969,0
25.12714,-127.2718,0
129.13098,78.774765,0
124.08422,-74.95496,0
-57.91345,-34.72608,0
-48.89639,55.643955,0
31.407715,127.212555,0
-52.776726,16.794014,0
-57.869274,-92.9111,0
27.371729,-102.18986,0
141.13678,78.37349,0
115.47901,-82.38666,0
-61.69039,-24.17083,0
-57.968132,49.27879,0
42.73249,127.49102,0
-54.35162,28.280624,0
-65.39807,-85.79852,0
40.931835,-104.348755,0
79.71253,33.608536,0
61.714237,-23.688644,0
-165.87737,-39.913734,0
-74.09263,126.655106,0
-9.069654,169.93126,0
-115.45327,49.275734,0
-132.02225,-129.89098,0
15.950686,-161.63687,0
139.21526,42.347046,0
133.20447,-53.289806,0
32.48664,36.62598,0
-35.199017,32.50728,0
38.62463,72.09666,0
-14.613291,6.4118075,0
-36.71847,-113.38919,0
37.637985,-91.58108,0
97.01249,45.930893,0
81.37109,-33.50683,0
-153.46976,-26.454042,0
-82.202805,96.30341,0
-21.609552,149.81415,0
-111.80994,27.85797,0
-113.47017,-126.12828,0
14.449265,-153.10083,0
144.7208,74.13932,0
109.264465,-83.63413,0
-57.846134,-19.11445,0
-61.532356,44.28183,0
45.392204,132.3578,0
-49.262817,31.08673,0
-62.93821,-78.46085,0
44.44741,-99.65013,0
140.19382,42.05389,0
95.832726,-60.81396,0
33.394165,36.777245,0
-34.43959,31.126146,0
38.550167,71.15205,0
-13.796113,6.0325594,0
-1.0966985,-19.441542,0
36.169144,-52.881424,0
81.75477,39.22169,0
55.684574,-18.829983,0
-175.28096,-33.009674,0
-81.19254,122.291725,0
-15.643109,178.34676,0
-120.23782,56.123577,0
-136.40887,-124.24439,0
19.0483,-171.49072,0
125.60356,98.796875,0
131.94806,-85.63162,0
-91.50418,-31.77051,0
-50.57095,45.481586,0
35.12378,158.92618,0
-88.798706,-22.540146,0
-84.74424,-79.113464,0
52.97208,-115.23832,0
66.551865,56.187656,0
107.83702,-13.825035,0
-136.42416,-55.318794,0
-107.34454,96.981094,0
-23.220695,134.12383,0
-119.15648,1.0681332,0
-140.5343,-71.68861,0
48.64689,-161.1974,0
122.99489,45.709248,0
67.110825,-20.487642,0
-163.05898,-26.849182,0
-81.90401,76.28131,0
-6.9479885,163.19232,0
-116.61449,43.52124,0
-125.79357,-121.92256,0
9.330303,-143.21135,0
122.942345,106.7933,0
129.7467,-2.951482,0
-94.51094,-47.832726,0
-89.30763,60.606426,0
37.031414,168.90773,0
-96.003235,-16.938742,0
-96.88096,-66.31894,0
69.58522,-118.72657,0
120.01672,65.9735,0
117.031334,-30.66978,0
-110.19609,-41.10057,0
-60.180046,83.30727,0
21.622246,159.44707,0
-91.752365,7.0487194,0
-106.42499,-68.58556,0
51.75816,-137.62357,0
73.27877,85.72436,0
158.30489,-23.329206,0
-56.496605,-66.62757,0
-33.088486,94.83691,0
1.6560149,99.603905,0
-59.35873,-5.111375,0
-56.123287,-102.52583,0
-10.205152,-118.53476,0
119.920105,46.775593,0
74.44557,-26.526754,0
-143.99525,-27.95898,0
-76.9787,96.81713,0
-11.727768,152.38966,0
-113.440155,22.066135,0
-117.38621,-117.411575,0
7.336134,-148.18921,0
106.41648,93.215485,0
129.10866,-20.879936,0
-115.04991,-51.558834,0
-69.92235,139.8445,0
16.228882,181.41338,0
-102.927284,-3.3922553,0
-117.53612,-59.105038,0
68.106,-138.24031,0
103.242035,56.151154,0
76.50495,-7.920904,0
-172.79205,-23.590315,0
-87.1549,118.8129,0
-15.607987,171.51541,0
-123.47512,42.253044,0
-130.52774,-103.19595,0
17.011602,-174.46788,0
85.18355,28.375471,0
64.89909,-2.3460174,0
-181.61124,-20.574425,0
-93.46438,124.8207,0
-25.043016,178.54419,0
-131.08401,58.32883,0
-141.14778,-110.36016,0
15.409325,-182.45316,0
112.494606,43.631645,0
84.4982,-37.455517,0
-151.30548,-20.78224,0
-81.14678,91.85363,0
-10.012803,156.23026,0
-113.00715,33.90935,0
-108.74487,-128.04272,0
12.168153,-149.0924,0
82.93682,31.65229,0
55.927757,-26.977737,0
-164.3892,-35.33393,0
-73.54492,121.35575,0
-11.838435,174.27196,0
-113.25671,55.156563,0
-133.97606,-128.13164,0
22.084011,-162.1366,0
65.77257,89.784294,0
162.98831,-17.88466,0
-62.32636,-60.81892,0
-38.713127,89.62667,0
-3.4596171,96.902275,0
-64.5863,-8.611868,0
-65.883286,-104.55827,0
-12.708469,-130.48598,0
60.197144,104.17749,0
141.56664,-57.17193,0
-44.56827,-36.455353,0
-39.233658,57.562794,0
35.527348,98.20957,0
-39.37377,6.2492094,0
-57.771976,-144.1518,0
13.173574,-85.77333,0
123.82,108.16662,0
129.8287,-1.1629455,0
-93.82026,-46.57137,0
-87.40105,63.17922,0
37.889366,172.80182,0
-93.83299,-17.236927,0
-96.26424,-69.812195,0
66.47822,-116.431656,0
84.76244,47.749023,0
74.97636,-44.56722,0
-146.64432,-33.712925,0
-69.37105,96.41897,0
-4.636541,141.98334,0
-100.97506,42.44349,0
-112.549644,-139.31985,0
25.467577,-148.57553,0
103.63637,136.44127,0
98.02971,-124.44416,1
9.640853,-62.63878,0
-8.245051,44.96813,0
75.09932,162.32341,0
-4.723069,-29.748255,0
4.5964217,-64.97648,0
58.643696,-63.5813,0
87.213295,30.870129,0
73.49907,-6.324455,0
-176.55605,-14.967836,0
-92.64478,119.91261,0
-25.365273,173.90137,0
-132.38022,51.449802,0
-133.93535,-105.13485,0
13.617921,-176.25603,0
72.75148,53.437088,0
119.7079,-12.94521,0
-138.73235,-42.33213,0
-94.64925,102.35944,0
-27.017359,147.69302,0
-119.67262,13.634936,0
-128.35071,-75.08001,0
44.96674,-153.43744,0
109.65025,67.068306,0
102.76085,-17.027016,0
-128.40842,-43.515137,0
-71.45571,74.925,0
10.66012,149.61786,0
-106.328995,11.121958,0
-98.5277,-110.302895,0
55.03677,-160.88878,0
124.60522,48.715015,0
83.62306,-8.566936,0
-161.96776,-7.5750413,0
-81.22857,73.36022,0
-26.333208,155.81496,0
-95.43167,14.928741,0
-120.32187,-98.191345,0
-5.7710977,-149.3114,0
115.973015,60.47743,0
95.42014,-24.225788,0
-132.46173,-15.286486,0
-66.11545,86.793785,0
7.977302,142.2574,0
-101.10423,18.17354,0
-93.848076,-115.12365,0
24.212936,-133.51894,0
113.89086,78.271225,0
124.31575,-45.904133,0
-66.68165,-47.31955,0
-47.612274,61.107708,0
12.102911,131.7761,0
-75.77252,10.161522,0
-82.573235,-110.636345,0
21.22612,-120.38405,0
140.82855,37.10978,0
89.74706,-61.703484,0
41.108932,36.85759,0
-31.049093,28.710651,0
36.109684,68.46939,0
-9.431969,2.8681862,0
1.8976061,-15.570214,0
35.926712,-48.555695,0
112.4773,36.04649,0
164.4681,-22.558306,0
-58.892616,-57.711273,0
-37.277256,84.01038,0
1.1866969,92.051285,0
-62.484436,-11.62829,0
-64.23184,-100.8279,0
-6.9226284,-140.3597,0
139.86835,33.882523,0
84.38695,-62.721012,0
-24.930706,19.08836,0
-25.804785,25.88651,0
31.569324,73.575554,0
-25.6931,22.158499,0
-23.841324,16.71469,0
33.40729,-46.836765,0
117.347916,86.716156,0
122.90488,-57.080826,0
-71.92191,-22.303967,0
-56.307205,69.071625,0
22.50563,136.42067,0
-79.56964,2.7845104,0
-45.551132,-99.69098,0
23.760803,-109.623116,0
95.79303,24.638857,0
80.83678,-1.7149475,0
-173.75957,-5.4822297,0
-103.53925,116.94828,0
-34.41074,168.79779,0
-142.49924,52.421673,0
-128.24313,-96.81756,0
3.1215007,-179.58363,0
94.69306,62.01206,0
103.677704,5.948949,0
-183.86191,14.734041,0
-115.26741,110.67876,0
-43.077633,172.16849,0
-138.76929,22.745434,0
-145.65926,-92.01495,0
40.45021,-175.27252,0
105.25638,137.11108,0
98.438705,-125.35299,1
10.078065,-61.683445,0
-8.139363,45.71773,0
74.237305,162.88724,0
-3.975433,-30.627892,0
3.3831525,-64.85874,0
59.234886,-63.98603,0
123.99008,110.68194,0
132.7341,1.3311615,0
-90.56404,-45.774826,0
-83.72189,65.74335,0
32.993576,171.54839,0
-93.69362,-9.042664,0
-93.61377,-72.64469,0
63.653484,-115.48547,0
96.185394,102.598915,0
152.70732,-52.5285,0
-50.316074,-47.839138,0
-27.609032,66.202095,0
21.699821,114.49042,0
-40.803917,-14.270458,0
-31.071833,-129.90398,0
17.234194,-102.63579,0
77.137,42.126064,0
61.07792,-29.347862,0
-161.96297,-34.07315,0
-74.694595,117.46906,0
-4.322758,174.95886,0
-110.19854,47.609066,0
-124.02229,-132.08644,0
20.062614,-159.71393,0
87.76347,49.205143,0
79.225525,-46.091465,0
-149.43181,-33.89546,0
-69.50999,89.611084,0
0.3555755,142.62302,0
-103.66993,41.101074,0
-109.53161,-138.28725,0
23.942276,-145.76306,0
121.03335,64.321205,0
115.82916,-29.56297,0
-112.381004,-41.064037,0
-65.65944,76.50088,0
21.297472,154.07735,0
-93.582596,8.398125,0
-106.45283,-70.78821,0
22.58723,-129.35051,0
112.362526,55.725132,0
88.104935,-19.166763,0
-136.53688,-17.928326,0
-72.25972,86.75129,0
7.370453,157.37767,0
-103.53961,22.71663,0
-94.627655,-119.11732,0
20.378508,-138.58746,0
121.9564,31.461237,0
74.48882,10.140943,0
-157.45027,7.6655917,0
-96.29521,80.256294,0
-41.152782,147.47588,0
-152.78891,30.279953,0
-107.56081,-83.358536,0
-9.367758,-158.02856,0
136.40712,77.34022,0
116.423004,-79.20985,0
-59.1751,-27.220026,0
-56.371635,53.07907,0
39.493076,130.36855,0
-52.64431,24.339148,0
-62.966022,-86.83675,0
35.57109,-103.236374,0
117.13064,54.086636,0
68.17367,-19.239954,0
-164.91034,-26.395601,0
-72.715065,90.57918,0
-5.686677,163.28032,0
-115.88583,41.403484,0
-120.9888,-121.92901,0
10.9604435,-142.06503,0
138.91505,17.841486,0
87.72093,-77.497314,0
52.34265,23.686745,0
45.908363,33.33765,0
40.726376,57.980843,0
-4.836137,-6.0749426,0
-3.3037643,-9.73022,0
43.23894,-45.22069,0
102.791016,74.50956,0
111.9002,-24.167961,0
-139.14413,7.1971936,0
-123.484726,87.73407,0
-32.27626,121.06914,0
-135.21385,9.9448395,0
-160.28734,-78.62459,0
66.883354,-162.36017,0
156.76508,61.646996,0
94.946846,-72.23697,0
-2.0220635,23.896584,0
-5.574595,21.738749,0
41.436268,80.38145,0
-3.7889013,23.03723,0
0.038250867,24.62179,0
29.766424,-60.39514,0
74.92435,86.92123,0
154.56894,-23.344208,0
-53.337444,-69.052986,0
-31.248262,95.97516,0
-0.26769578,103.17002,0
-58.796032,-1.1992339,0
-55.271194,-105.67844,0
-2.7096562,-120.738914,0
62.257626,67.20628,0
115.21565,-14.655487,0
-131.67273,-49.708603,0
-53.24962,89.06248,0
-23.906834,139.2004,0
-112.00588,3.3044612,0
-132.56877,-70.74115,0
48.48084,-154.90428,0
141.70761,97.6096,0
127.20164,-101.40133,0
-15.302889,-40.592846,0
-31.752495,39.71754,0
49.904167,151.38757,0
-16.647676,-25.484919,0
-39.52517,-85.13612,0
60.71747,-97.28581,0
105.95351,46.582283,0
78.884895,-31.255514,0
-146.2609,-25.873106,0
-82.65246,99.887146,0
-9.954141,151.86841,0
-114.82595,25.125553,0
-110.99342,-122.944855,0
13.045697,-156.00516,0
66.72319,100.57358,0
147.21455,-62.44472,0
-34.042168,-36.42904,0
-35.142204,66.74198,0
28.461603,91.551994,0
-32.31317,5.9841704,0
-50.376373,-140.75746,0
2.988763,-86.23156,0
142.86409,73.216515,0
110.3361,-82.53253,0
-58.532368,-20.528278,0
-59.72101,45.24498,0
45.697018,131.09836,0
-49.569057,29.471601,0
-63.715534,-80.867096,0
43.07261,-99.63075,0
96.17214,83.88725,0
116.772194,-36.58565,0
-106.16432,-36.679073,0
-52.38373,118.120155,0
19.943653,167.40887,0
-85.761925,6.727901,0
-78.89309,-90.136696,0
51.84616,-132.82169,0
97.40234,106.060585,0
132.06334,-58.38125,0
-57.681927,-40.792324,0
-45.498928,60.135933,0
25.525133,125.39986,0
-28.159113,-5.11932,0
-30.704056,-102.62864,0
17.36138,-85.91539,0
92.91559,81.01308,0
107.002594,-42.856316,0
-114.42094,-28.993143,0
-48.2628,107.34016,0
-2.0861251,129.95769,0
-81.470535,26.065863,0
-85.605804,-93.17531,0
43.353477,-129.92812,0
71.83253,92.973755,0
160.85548,-26.98634,0
-50.645905,-56.417717,0
-35.838562,82.90186,0
3.2121012,98.04853,0
-57.855026,-7.5480723,0
-54.19636,-120.26061,0
-8.491993,-103.0761,0
75.54388,97.3472,0
160.20618,-43.842293,0
-29.281954,-55.775146,0
-24.891592,73.53547,0
16.228125,98.39939,0
-40.127365,-6.717049,0
-38.566708,-130.61682,0
-2.0477421,-99.73936,0
83.227646,82.55795,0
145.26976,-25.326086,0
-48.528263,-69.44507,0
-25.910429,95.10097,0
-2.239387,110.70752,0
-55.969204,5.1566095,0
-54.009228,-109.555115,0
-0.17233485,-118.51579,0
81.04805,57.132206,0
65.302795,-33.84173,0
-129.47247,-30.696274,0
-64.0239,105.97935,0
-12.957736,134.46696,0
-93.53294,37.898193,0
-113.24881,-101.99901,0
36.279354,-144.35655,0
91.08318,102.96686,0
132.14413,-48.810535,0
-57.30478,-45.053238,0
-42.840393,73.44078,0
21.6853,121.61853,0
-46.149734,-16.813389,0
-37.685905,-119.07815,0
16.989496,-110.263824,0
74.67541,37.352795,0
58.529236,-26.57999,0
-167.7406,-37.790405,0
-75.45687,122.15034,0
-10.51968,173.6548,0
-113.04659,52.51196,0
-130.84813,-130.97235,0
19.601414,-163.6162,0
104.51596,92.437675,0
126.61823,-20.085674,0
-113.84708,-49.027386,0
-67.91364,138.23108,0
17.604885,178.27087,0
-100.5766,-3.1308308,0
-115.114876,-58.990067,0
65.535255,-136.90811,0
61.127506,74.033615,0
108.07486,-79.77404,0
-53.938038,-24.610558,0
-64.17078,45.81879,0
47.791977,129.83461,0
-46.902157,26.081402,0
-59.064747,-80.66329,0
40.082077,-97.002075,0
84.1639,113.66183,0
166.48512,-55.30442,0
-40.907574,-51.332867,0
-27.283655,62.948586,0
23.944187,114.90399,0
-30.552984,-17.076311,0
-27.311197,-124.76875,0
7.9933934,-94.11945,0
103.50107,23.54393,0
90.64162,1.2528191,0
-179.58871,1.9705882,0
-100.74947,105.96894,0
-31.746037,156.22583,0
-149.3291,43.231857,0
-128.13133,-86.72454,0
-2.7483077,-169.06734,0
152.63701,47.966305,0
110.35234,-43.13617,0
-107.83228,-22.056095,0
51.075523,41.69411,0
2.7123694,63.40264,0
-78.64274,19.704258,0
-83.586655,-94.04248,0
41.16475,-82.26658,0
161.22624,36.568798,0
105.785484,-47.208088,0
-111.87919,-17.911219,0
29.356945,21.504288,0
19.22376,70.850914,0
-76.35635,28.378702,0
-88.08772,-96.70783,0
42.448433,-73.95537,0
104.99935,53.370968,0
80.11245,-17.88496,0
-171.95587,-23.552683,0
-87.820526,113.32568,0
1.3320677,161.42712,0
-123.56123,42.139202,0
-122.23005,-108.631676,0
30.54636,-167.70988,0
144.94792,31.873377,0
82.772354,-70.066055,0
21.926382,-30.100157,0
24.843948,-29.512943,0
28.894474,70.99356,0
23.266022,-29.952631,0
20.034327,-30.2621,0
31.194971,-40.098988,0
109.92315,80.5848,0
132.89299,-78.877594,0
-85.58392,-37.219604,0
-43.615543,46.339928,0
31.468042,153.63565,0
-84.83935,-24.693352,0
-78.3158,-84.45389,0
52.897526,-106.38477,0
170.78018,6.4686656,0
84.08375,-93.620995,0
29.6904,-1.9830086,0
30.679182,-7.6358757,0
12.339357,43.955063,0
29.124617,-4.1479836,0
30.59182,2.0242836,0
35.014557,-15.072406,0
102.911255,53.21957,0
78.971245,-18.34959,0
-168.47585,-17.341316,0
-85.12494,109.06628,0
-6.111098,182.61638,0
-125.27924,40.659344,0
-123.434814,-107.94808,0
29.093672,-174.10585,0
66.24843,50.78525,0
114.548096,-7.361244,0
-143.11917,-48.306286,0
-98.37598,96.85446,0
-23.208967,143.64691,0
-116.80617,9.486938,0
-135.18956,-80.148544,0
41.060135,-160.57187,0
91.54063,100.44011,0
132.86168,-46.7791,0
-58.075333,-47.01716,0
-41.529106,75.52718,0
20.14884,121.31197,0
-48.447094,-15.148755,0
-39.42763,-119.69154,0
14.244101,-112.453224,0
134.13803,38.680214,0
96.44125,-67.608536,0
-18.408909,19.47726,0
-17.295704,23.354965,0
35.736004,79.05156,0
-17.81136,21.376713,0
-19.373001,16.662123,0
30.887503,-55.783447,0
65.44501,99.7839,0
146.28633,-61.548004,0
-33.710766,-34.928825,0
-36.74108,65.89611,0
30.205639,90.033806,0
-31.41064,6.4374976,0
-50.659187,-142.34291,0
2.8855999,-84.6819,0
115.389656,63.929672,0
93.19547,-12.493871,0
-135.18166,-13.105799,0
-63.236557,83.01831,0
12.213766,142.08563,0
-98.604866,13.555295,0
-95.05714,-116.99527,0
20.405544,-130.3773,0
156.20749,34.27901,0
112.84992,-53.604755,0
-17.261135,-15.798769,0
37.34585,18.624228,0
21.692333,59.193752,0
-16.130182,-15.77107,0
-21.169538,-64.25728,0
36.28781,-67.45494,0
143.98146,31.932716,0
82.526764,-69.49498,0
21.747768,-29.585558,0
24.825335,-29.14054,0
29.161448,71.18262,0
23.219429,-29.378647,0
19.970982,-29.949028,0
31.671526,-40.504383,0
144.89262,95.95776,0
125.727585,-103.20153,0
-14.534082,-39.162697,0
-29.965475,40.24526,0
52.302105,151.96948,0
-15.653906,-27.495329,0
-40.427658,-87.366455,0
61.535027,-95.06075,0
95.85386,29.428131,0
97.05514,-4.01728,0
-185.88051,-3.7905946,0
-72.78536,133.95624,0
-39.670288,160.21336,0
-156.7322,41.653263,0
-121.27248,-79.80656,0
4.7137313,-170.04938,0
126.726295,44.34963,0
68.07647,-17.152266,0
-162.39873,-23.902292,0
-82.125694,70.01657,0
-3.4068613,163.94542,0
-118.224556,39.52251,0
-122.647606,-119.54617,0
7.6906185,-144.65938,0
85.689766,53.3295,0
99.517586,-46.918934,0
-118.58708,-23.541342,0
-52.587563,104.53042,0
-4.4217787,126.142914,0
-83.12682,31.881134,0
-94.3637,-97.03088,0
38.21144,-132.83884,0
126.389595,72.1452,0
133.3658,-67.650116,0
-47.258312,-27.437555,0
-47.64571,68.34854,0
35.905853,120.48456,0
-43.00938,16.37376,0
-66.94798,-135.27557,0
22.004251,-95.36282,0
122.56207,46.989635,0
82.97961,-13.808503,0
-153.16467,-6.1322675,0
-82.215775,72.46364,0
-1.0913627,165.12613,0
-112.253265,17.755823,0
-97.47975,-83.085,0
20.809683,-184.13861,0
135.06938,39.91401,0
95.50961,-69.12208,0
-14.125964,18.503538,0
-11.845115,21.79463,0
38.008884,80.12456,0
-13.599481,19.422256,0
-15.123661,16.797506,0
33.015076,-57.673935,0
113.432365,41.845154,0
85.70823,-34.850494,0
-150.59952,-19.080248,0
-82.55597,90.39775,0
-6.890637,155.09001,0
-114.973694,32.049065,0
-107.00402,-126.090706,0
11.084636,-147.60802,0
99.26144,50.552643,0
78.15551,-23.7571,0
-138.87733,-23.390184,0
-77.737175,103.50007,0
1.4413042,156.65463,0
-104.25506,27.079523,0
-107.66163,-112.32674,0
28.558521,-141.61633,0
83.95656,108.75871,0
165.25755,-48.76632,0
-37.345898,-50.28384,0
-21.873138,68.874504,0
21.227306,101.90481,0
-34.093594,-10.514242,0
-46.843563,-130.77757,0
2.4513934,-96.863846,0
134.78749,66.754265,0
113.10819,-69.32351,0
-71.08782,-29.557907,0
-61.16387,60.076733,0
36.173542,137.368,0
-60.53224,24.511745,0
-77.855034,-133.20859,0
37.10909,-111.46803,0
128.74498,81.04065,0
124.7611,-72.8016,0
-55.31772,-34.470913,0
-47.918884,57.39767,0
32.158447,125.74908,0
-50.185677,15.410372,0
-57.028725,-95.39,0
27.452444,-100.9716,0
119.45053,140.80272,0
96.61485,-111.4993,1
16.016634,-45.708355,0
-12.176052,34.717167,0
76.11872,150.85686,0
9.426289,-30.701292,0
-11.052736,-55.138565,0
49.394478,-58.48021,0
98.383705,84.99933,0
117.179214,-36.207508,0
-106.19901,-37.17508,0
-52.09181,118.32175,0
19.932037,167.3466,0
-86.296814,6.0479617,0
-78.6885,-89.67727,0
52.41049,-133.19762,0
89.69524,84.72212,0
116.062065,-37.847897,0
-107.17072,-36.36056,0
-50.92496,117.6431,0
19.061213,168.07849,0
-84.568634,6.6619086,0
-77.27548,-90.54779,0
50.897366,-132.50806,0
88.15225,105.32625,0
158.32294,-33.733486,0
-41.078876,-57.35483,0
-16.456892,82.92162,0
11.8693075,108.59653,0
-50.303246,-11.206229,0
-44.371193,-120.96609,0
5.05554,-110.854256,0
114.385025,53.75093,0
88.99246,-31.274591,0
-146.35912,-22.388042,0
-78.85141,88.91211,0
-4.8637486,152.09094,0
-110.17891,25.319881,0
-102.36083,-123.32249,0
14.685186,-141.38797,0
120.79716,72.68393,0
97.03829,-12.568309,0
-119.910835,-37.648804,0
-63.693882,78.09551,0
15.321375,145.3409,0
-96.70406,8.82549,0
-97.247925,-113.66528,0
24.303661,-128.65901,0
82.391914,35.390747,0
58.167618,-14.9080925,0
-174.44843,-27.615377,0
-83.96861,125.37764,0
-19.82341,176.55434,0
-122.234375,52.732704,0
-133.94836,-120.80373,0
15.012206,-170.72882,0
98.11019,100.89167,0
150.50252,-52.595814,0
-29.32594,-47.511715,0
-28.664347,69.51228,0
21.640957,115.267456,0
-41.317688,-11.916557,0
-32.31144,-132.08371,0
-4.15699,-92.015854,0
97.291275,58.14583,0
89.38826,7.294594,0
-171.76924,1.3630558,0
-51.69676,86.01794,0
-37.780666,159.81914,0
-151.31699,51.488884,0
-122.49053,-90.265976,0
-4.019025,-176.43237,0
116.15313,142.90987,0
90.45773,-113.59436,1
20.804821,-50.41196,0
-5.437529,33.227425,0
80.21271,152.41832,0
7.674793,-25.244911,0
-11.338019,-61.03842,0
53.561813,-56.742737,0
107.89135,60.241447,0
66.930725,-14.465548,0
-163.79149,-19.77075,0
-79.216934,113.402306,0
-9.393716,184.80173,0
-126.70369,35.93733,0
-124.263756,-114.05578,0
28.490807,-169.92148,0
122.39594,36.33534,0
85.146835,-15.251679,0
-153.52884,4.1326985,0
-89.78441,75.6011,0
31.367481,169.07448,0
-93.09014,-4.7753663,0
-100.788025,-79.74692,0
-8.584467,-153.99115,0
86.48014,58.606323,0
116.058754,-18.558144,0
-125.67015,-50.39975,0
-56.99501,90.98664,0
-15.554062,138.15715,0
-95.35069,28.795435,0
-116.53264,-107.33423,0
49.278282,-149.69014,0
117.297455,138.78777,0
94.50529,-115.99459,1
17.09269,-51.32976,0
-4.4730005,36.402233,0
80.57211,147.94733,0
5.145492,-29.062077,0
-14.376051,-60.39502,0
52.3681,-52.528625,0
154.29588,35.205868,0
111.09448,-54.51222,0
39.41429,15.498661,0
18.465117,62.607635,0
18.797144,63.503536,0
-8.219754,-16.949144,0
-9.553545,-17.604458,0
34.115513,-69.74057,0
119.9002,88.34556,0
122.82315,-59.765354,0
-70.05059,-19.720509,0
-27.71568,45.40447,0
24.105045,133.4809,0
-79.454796,0.09441663,0
-42.687344,-99.40819,0
26.831717,-110.26813,0
138.59286,77.44231,0
114.999084,-81.73373,0
-61.1856,-24.238209,0
-57.00486,48.65685,0
43.681213,126.4608,0
-54.194393,27.111069,0
-65.08476,-85.133354,0
39.163387,-104.09054,0
106.280846,36.51747,0
82.78461,1.1587397,0
-177.09564,-2.2295468,0
-102.287865,113.999695,0
-32.88988,164.16193,0
-144.75937,47.4996,0
-128.60446,-91.98461,0
2.5554874,-174.57137,0
149.99529,47.711224,0
122.65072,-48.344448,0
-71.554276,-47.02989,0
48.632767,43.33904,0
0.9152369,61.032555,0
-80.25393,16.029758,0
-81.74833,-101.8749,0
41.883835,-84.66991,0
76.33155,45.94473,0
61.19004,-38.892086,0
-145.32767,-38.302116,0
-67.03931,119.33762,0
-17.33317,166.07463,0
-106.31884,50.80919,0
-122.91281,-136.43236,0
28.539337,-160.18959,0
115.57084,106.35682,0
136.38518,-4.0729885,0
-86.07989,-50.507412,0
-83.13568,61.190693,0
37.2024,174.41278,0
-87.805504,-11.931334,0
-86.82449,-67.52559,0
64.0286,-119.2591,0
91.807304,86.238,0
135.91751,-26.668137,0
-69.42845,-65.285774,0
-41.975094,98.05524,0
2.9194906,123.72957,0
-70.63006,0.6175745,0
-67.9809,-110.30048,0
-1.1691557,-135.8545,0
64.00203,86.64718,0
164.18198,-20.119743,0
-60.011257,-59.02323,0
-39.57531,85.18007,0
0.7506243,93.5972,0
-63.56051,-10.524713,0
-64.8188,-101.43995,0
-12.071956,-133.80075,0
103.62454,35.42493,0
69.56904,-15.878043,0
-160.11981,-22.586142,0
-91.66882,91.78659,0
-4.268164,165.7014,0
-119.53442,38.01932,0
-120.91579,-118.21567,0
6.2131014,-146.3091,0
144.60114,46.34843,0
96.30928,-46.62103,0
-115.52518,-17.338684,0
42.020382,41.21118,0
3.7003474,56.564957,0
-81.935905,21.469673,0
-89.77592,-101.20303,0
49.144634,-86.65103,0
125.5103,94.76945,0
130.02403,-81.560295,0
-82.98168,-33.944252,0
-42.03651,47.75459,0
34.927696,152.03024,0
-83.418144,-22.452364,0
-77.49166,-79.18208,0
48.57426,-110.57352,0
98.49041,67.15485,0
107.819824,4.6438127,0
-181.73015,11.786075,0
-114.207794,107.306915,0
-41.690247,175.5729,0
-137.19286,26.371986,0
-147.55118,-88.23579,0
43.965237,-177.8755,0
62.702263,100.61638,0
145.94438,-59.754135,0
-31.90463,-37.483875,0
-39.35043,64.05409,0
27.138994,92.7924,0
-34.874912,5.271244,0
-50.595066,-144.34723,0
6.2536426,-80.90955,0
127.321915,95.450676,0
133.27525,-82.17418,0
-88.51821,-34.716976,0
-45.258823,45.507656,0
29.934692,154.87953,0
-87.02161,-27.148348,0
-81.65485,-81.18942,0
52.867107,-110.331184,0
121.8608,71.0745,0
97.501785,-14.986313,0
-119.73885,-41.82987,0
-47.23726,53.426758,0
20.768156,146.3478,0
-98.920876,10.850738,0
-101.97991,-96.88194,0
27.346432,-123.94908,0
65.30116,68.4275,0
115.624115,-15.198103,0
-131.18437,-49.722992,0
-54.055256,89.29013,0
-24.18875,138.7673,0
-111.581,3.304367,0
-132.2038,-70.22079,0
49.232807,-154.46848,0
88.47793,63.859608,0
67.973625,-32.25197,0
-129.25159,-26.72695,0
-60.974197,103.483894,0
-11.453473,132.42282,0
-93.62377,34.72267,0
-116.71533,-104.01568,0
38.57613,-143.39717,0
96.42277,45.58015,0
87.47532,-32.368122,0
-147.24873,-23.21073,0
-80.53527,89.736465,0
-5.7963295,153.04135,0
-110.139145,27.419329,0
-111.25468,-125.42961,0
14.947423,-142.63493,0
92.75859,82.65533,0
111.74747,-39.557865,0
-108.71689,-33.914448,0
-50.31446,112.25999,0
-0.27427295,129.8612,0
-84.06988,8.636103,0
-79.40426,-91.76429,0
47.001595,-131.87128,0
75.53188,101.754196,0
162.91826,-41.291714,0
-32.145893,-54.43162,0
-25.982605,75.41561,0
14.62868,95.461,0
-37.886486,-4.0121317,0
-42.208424,-131.14493,0
-4.92142,-100.08617,0
84.82054,108.13381,0
167.30322,-52.65491,0
-53.075153,-46.05435,0
-24.086725,62.125263,0
22.382383,105.15672,0
-32.497017,-13.219557,0
-34.531845,-120.488144,0
13.807267,-104.79652,0
156.83873,18.414259,0
74.08626,-74.80217,0
58.474762,23.78698,0
34.32127,18.868519,0
25.077232,55.49333,0
3.1419938,-0.148218,0
5.9175124,-2.9047408,0
36.937473,-31.372368,0
141.65831,97.01359,0
127.35006,-101.54016,0
-14.901237,-41.478523,0
-31.756788,38.919273,0
50.1893,152.73596,0
-16.695082,-25.186943,0
-40.262764,-84.86665,0
60.614437,-96.65992,0
128.92442,51.7967,0
92.679924,-43.24233,0
-123.08185,-12.947995,0
-58.81661,81.157394,0
5.9217076,137.46294,0
-90.902596,21.482168,0
-87.88239,-104.68966,0
29.280697,-129.87077,0
108.54045,111.172585,0
139.87738,-37.71638,0
-81.99503,-55.130947,0
-77.91049,51.08218,0
43.061207,110.066055,0
-83.59021,-7.7457986,0
-82.047455,-66.18117,0
32.345325,-87.1446,0
113.762924,109.91438,0
139.47087,-46.602974,0
-80.50032,-41.61229,0
-73.53686,57.57881,0
41.172478,117.260025,0
-80.35345,-16.92649,0
-76.74161,-71.612335,0
49.271843,-122.999794,0
110.97416,110.653015,0
142.0449,-37.86114,0
-82.34068,-53.303825,0
-76.71367,53.708977,0
41.54289,108.311905,0
-82.98828,-10.245799,0
-82.31036,-66.94296,0
31.920603,-88.1058,0
166.21402,15.911599,0
85.092285,-81.904366,0
22.070198,-11.99223,0
24.064474,-14.649019,0
11.067874,47.334755,0
22.961014,-12.842342,0
20.708899,-10.343735,0
32.159424,-18.299364,0
147.68678,31.598652,0
82.26097,-73.67671,0
24.293694,-35.01309,0
26.276058,-34.1892,0
26.975994,68.73558,0
25.388609,-34.95318,0
23.022957,-35.256092,0
29.351774,-37.389877,0
82.974304,107.73315,0
164.80804,-48.56678,0
-36.872597,-50.313442,0
-20.937239,68.97368,0
21.834635,102.4282,0
-33.697514,-11.407439,0
-47.23818,-132.03848,0
3.5899787,-97.10357,0
114.02636,70.729576,0
131.45682,-35.448654,0
-65.37107,-53.309578,0
-44.58886,82.749306,0
10.71938,123.52969,0
-72.58487,-8.3636875,0
-75.017685,-105.4811,0
25.535471,-118.51848,0
133.38794,67.96685,0
112.74778,-70.37538,0
-70.880104,-30.812418,0
-59.78547,59.397392,0
34.82729,137.68654,0
-61.81094,23.475685,0
-79.19634,-131.64017,0
36.718246,-112.30624,0
60.447987,100.25706,0
136.21814,-67.655495,0
-44.421932,-28.006672,0
-46.232025,68.95274,0
33.567677,121.913216,0
-39.76265,17.42279,0
-63.843723,-134.02591,0
19.51666,-95.10756,0
105.30248,20.51671,0
89.31149,3.6671832,0
-176.3075,1.2549088,0
-102.42535,109.25881,0
-33.505184,161.38748,0
-149.9026,47.435226,0
-126.04296,-88.9191,0
-1.7755649,-173.78497,0
171.73323,5.0286813,0
84.20961,-94.707436,0
31.893265,-1.1153464,0
31.829916,-7.444835,0
12.033059,43.22838,0
31.134855,-4.3528666,0
32.237293,2.6098192,0
35.31155,-14.350704,0
113.55267,63.07742,0
90.851295,-14.667761,0
-132.47672,-11.518645,0
-62.49911,87.541115,0
11.010665,139.58516,0
-95.96974,18.215973,0
-87.244125,-115.86795,0
17.5493,-127.46608,0
159.5704,16.766676,0
74.98935,-75.852806,0
58.181843,23.853943,0
39.083595,14.094518,0
21.34133,54.002098,0
5.2427964,0.17885219,0
8.049986,-1.2814751,0
37.536247,-28.841259,0
172.43837,14.976758,0
87.367485,-87.70123,0
48.776573,-2.2170696,0
44.206707,-3.2991297,0
4.934677,45.268017,0
46.81218,-3.313246,0
50.688778,-0.9016146,0
45.38835,-9.465952,0
142.22458,16.43961,0
89.19012,-65.596306,0
59.83298,28.17895,0
47.923454,34.891106,0
38.981148,55.773964,0
-0.19442415,3.5198154,0
0.29760924,-6.3930135,0
42.256786,-42.444183,0
143.65092,91.170296,0
120.1056,-99.85545,0
-21.093294,-36.206512,0
-32.355843,48.113865,0
50.515514,144.43034,0
-21.13117,-30.906055,0
-45.600113,-90.56803,0
56.184105,-90.98023,0
71.928635,102.85367,0
164.23871,-44.06985,0
-30.027685,-50.757122,0
-28.786776,72.725395,0
19.901073,96.84437,0
-35.93271,-6.5554523,0
-40.76697,-134.31584,0
-2.143103,-94.94246,0
120.97787,72.52064,0
96.02675,-13.76816,0
-74.49649,-43.395386,0
-47.3184,54.66262,0
19.155396,141.78276,0
-78.55368,11.462023,0
-88.04176,-110.526535,0
25.345772,-122.82883,0
106.84079,54.881805,0
82.16575,-17.999641,0
-139.83548,-19.610958,0
-75.85006,83.0932,0
4.526574,161.49051,0
-132.51367,34.589077,0
-122.562874,-105.13453,0
34.04736,-169.07587,0
70.4422,76.55659,0
151.79099,-19.042044,0
-53.587963,-62.500355,0
-31.584227,89.19861,0
-9.525466,104.88264,0
-62.976448,2.0250256,0
-60.09866,-117.84129,0
-0.7543284,-129.71556,0
93.1291,30.084234,0
95.19023,-3.227404,0
-185.25157,-5.9568033,0
-103.56818,126.79489,0
-39.785526,180.77583,0
-154.94075,42.46092,0
-118.401146,-87.29382,0
5.8919873,-171.97713,0
156.83534,9.670533,0
71.66127,-81.440025,0
53.70657,12.200114,0
23.552,45.029625,0
23.78162,45.696575,0
12.013024,8.830614,0
14.626069,4.280651,0
43.23684,-26.764315,0
101.86144,27.130424,0
84.05593,-0.7715439,0
-171.22931,-2.6965973,0
-104.54019,115.59235,0
-34.864742,164.7668,0
-145.21576,53.144703,0
-124.42906,-94.98601,0
0.054049693,-179.47513,0
92.65469,42.575832,0
82.55141,-39.691444,0
-150.48798,-25.399246,0
-80.08631,95.73642,0
-10.649289,160.13593,0
-109.4073,35.431866,0
-110.3554,-130.54327,0
15.954596,-151.10573,0
102.74076,65.66459,0
105.18145,-0.17511617,0
-176.3275,16.867311,0
-121.84722,106.50007,0
-49.634995,175.5039,0
-132.69205,23.040203,0
-152.07349,-90.797935,0
46.730408,-174.14635,0
121.95448,29.90857,0
70.155266,10.33565,0
-153.52437,8.077151,0
-94.78904,77.33065,0
-41.770496,143.80473,0
-152.60515,27.022348,0
-106.90832,-82.079025,0
-11.683446,-156.89365,0
122.843124,108.845604,0
133.08946,-5.0275564,0
-92.103386,-50.291233,0
-85.64439,58.2585,0
39.1537,166.8549,0
-94.09908,-13.019301,0
-93.364494,-65.29327,0
64.221375,-121.61941,0
155.1044,12.492838,0
71.13155,-78.99706,0
48.314533,12.336494,0
28.469116,44.822056,0
28.576889,44.873203,0
14.248122,0.8687338,0
14.76811,-0.48280698,0
42.43928,-28.771824,0
141.50552,74.73241,0
111.60408,-83.14187,0
-59.73942,-20.810497,0
-60.522133,48.7223,0
44.072186,130.87608,0
-51.23745,29.962368,0
-64.554886,-80.74755,0
43.360657,-101.3824,0
128.12003,67.398,0
118.81823,-65.41788,0
-66.3169,-35.381485,0
-52.665882,62.66649,0
29.818432,133.95032,0
-67.01145,20.067171,0
-79.67416,-124.676834,0
31.920923,-111.84478,0
119.1449,54.86308,0
72.64746,-21.133047,0
-158.37212,-31.140717,0
-75.869095,86.45083,0
0.29645252,169.71814,0
-110.59062,41.171055,0
-120.49273,-124.81055,0
20.914074,-140.01028,0
113.427765,107.78728,0
135.96367,-2.8153255,0
-85.627396,-51.8079,0
-79.6523,58.67611,0
37.866978,174.37297,0
-87.75912,-9.981482,0
-84.718544,-68.51923,0
63.12019,-119.86921,0
63.0623,113.93928,0
116.80874,-60.441143,0
-71.267204,-25.806889,0
-58.92937,66.3835,0
25.179106,139.57854,0
-60.31449,16.753069,0
-70.603065,-129.34874,0
21.979567,-106.48762,0
134.63237,68.288376,0
114.24202,-69.276054,0
-69.88961,-29.196749,0
-59.493744,60.655827,0
35.115337,136.67096,0
-61.605087,22.213282,0
-77.116486,-130.39113,0
37.743195,-111.64133,0
93.42089,52.026756,0
76.62853,-40.860985,0
-145.55766,-30.005234,0
-74.08153,95.59413,0
-3.986289,145.94,0
-104.84463,35.694504,0
-107.22162,-132.22853,0
20.206768,-147.64961,0
166.17168,8.507838,0
78.68596,-94.09944,0
37.43176,12.199338,0
12.799304,30.467075,0
13.584532,32.791523,0
15.188992,17.54048,0
18.688871,13.623244,0
39.93307,-16.747313,0
97.24209,30.271652,0
71.34158,-1.9323682,0
-181.02487,-13.970722,0
-95.3756,120.12459,0
-31.995354,174.31898,0
-135.99431,51.539425,0
-135.03075,-101.12755,0
12.967734,-179.56253,0
109.67095,110.09734,0
140.3115,-38.617207,0
-80.712776,-54.633278,0
-77.51332,51.886032,0
42.046955,109.797775,0
-83.25479,-8.629421,0
-81.20165,-67.3828,0
31.315521,-87.04719,0
105.47527,94.41649,0
127.03362,-21.457106,0
-113.30559,-49.363365,0
-67.62406,137.36684,0
18.67044,177.474,0
-101.46347,-1.8403875,0
-115.90362,-60.743027,0
65.06179,-138.52127,0
104.777,21.145182,0
89.563034,3.0326068,0
-176.62445,0.8474713,0
-103.377,110.73287,0
-34.286964,161.97995,0
-149.6848,46.636494,0
-126.96649,-88.6097,0
-0.81470513,-173.63817,0
109.3635,47.53518,0
87.42972,-25.694256,0
-148.48979,-13.021295,0
-87.05171,89.30063,0
2.0215912,154.12044,0
-121.32362,30.423525,0
-102.21751,-118.89879,0
2.7769995,-149.06197,0
91.821815,66.371666,0
101.600845,3.1038935,0
-181.45683,18.778322,0
-121.7772,110.06218,0
-47.091263,170.8692,0
-135.8688,19.679922,0
-147.45575,-95.3245,0
45.06402,-171.80965,0
137.20702,64.315636,0
109.6551,-66.79277,0
-74.53934,-32.16511,0
-64.84641,60.116913,0
33.704273,141.9461,0
-63.15082,27.791157,0
-83.050476,-132.03357,0
38.23028,-116.445816,0
78.65991,102.72188,0
163.2911,-25.978823,0
-56.504066,-56.360863,0
-28.972925,79.53712,0
3.029531,95.80982,0
-59.647465,-8.780356,0
-46.491215,-127.76529,0
-13.850789,-127.80973,0
119.1008,108.88084,0
131.5525,-4.9631143,0
-93.94773,-50.184017,0
-86.87433,58.673874,0
38.52251,168.18721,0
-95.456924,-14.130668,0
-94.36777,-64.39479,0
67.08425,-121.45134,0
60.34281,106.639336,0
141.69867,-59.084133,0
-43.31653,-35.432262,0
-38.11365,59.322487,0
35.277744,97.16006,0
-39.424896,8.195506,0
-57.496883,-143.23132,0
10.639111,-85.0535,0
107.81884,105.867386,0
143.29301,-38.366714,0
-82.27329,-51.92232,0
-76.4953,54.83315,0
42.505486,107.24785,0
-84.203865,-10.732342,0
-83.47172,-65.2489,0
32.59407,-90.958786,0
104.19357,86.28374,0
119.9348,-32.795647,0
-106.45138,-41.466183,0
-54.361652,122.25428,0
20.33521,163.01387,0
-89.21259,4.193144,0
-107.92929,-64.56012,0
54.915142,-136.077,0
86.43218,89.930984,0
144.75757,-31.005655,0
-42.718365,-70.03811,0
-21.221962,92.949135,0
3.4669085,113.13543,0
-49.794445,3.1669483,0
-47.412373,-109.35986,0
2.7787578,-115.03152,0
156.38614,42.59887,0
116.28934,-49.155254,0
53.095192,38.158936,0
9.526129,62.29383,0
12.554695,70.90606,0
-9.280974,-71.22718,0
-14.518377,-75.48532,0
32.98354,-74.63567,0
70.68755,110.50874,0
155.94974,-67.080795,0
-33.33241,-77.95823,0
-14.830435,69.69628,0
35.203907,104.78136,0
-76.53689,-11.946743,0
-31.177332,-91.62457,0
25.327885,-86.02781,0
109.656715,136.41866,0
101.401924,-129.4953,1
12.052118,-56.87545,0
-7.4604316,49.67175,0
70.891266,165.66962,0
-0.74734837,-33.095505,0
-1.1463851,-61.957508,0
62.556107,-66.55811,0
113.13125,142.09464,0
92.73225,-115.78393,1
18.685534,-51.703346,0
-6.1865706,36.253242,0
79.81756,150.10933,0
4.880027,-27.533035,0
-13.141464,-61.06497,0
53.396965,-54.126137,0
82.307945,121.06686,0
165.86456,-61.784725,0
-27.918514,-66.727,0
-13.282657,62.097668,0
30.793373,109.240974,0
-26.594927,-16.055,0
-31.110579,-108.63633,0
12.670469,-93.81971,0
98.288826,76.73715,0
109.137,-26.2057,0
-138.8185,2.497204,0
-119.90557,89.07763,0
-30.248089,122.859215,0
-131.09343,9.905697,0
-157.1023,-75.74775,0
62.549652,-162.6456,0
140.8608,21.901943,0
87.7939,-67.60613,0
49.649506,24.842878,0
39.266003,32.754726,0
38.7879,61.841343,0
-7.15609,-3.4197621,0
1.911138,-12.451868,0
38.397808,-45.034344,0
94.7965,24.691156,0
79.8982,-0.23655327,0
-176.52472,-6.420143,0
-101.07594,117.73913,0
-32.641285,167.83371,0
-142.3035,50.937088,0
-130.05873,-96.30059,0
5.2640877,-179.99025,0
94.79931,71.13112,0
106.02606,-21.691422,0
-141.64497,-2.5857568,0
-115.631035,93.002594,0
-28.756117,129.35698,0
-126.362625,9.199443,0
-152.01646,-77.88336,0
58.131462,-165.1446,0
106.80159,71.103966,0
100.555916,-21.18808,0
-125.82576,-41.27968,0
-68.06268,75.65309,0
10.026932,146.4286,0
-102.84335,12.663321,0
-94.82102,-108.90247,0
48.17149,-144.9267,0
78.73182,81.49435,0
141.99492,-21.592813,0
-49.578068,-74.69857,0
-27.647108,99.64459,0
-6.145062,114.46387,0
-55.697464,9.312142,0
-56.514763,-109.94224,0
3.5947657,-123.84854,0
130.9324,70.10647,0
121.080795,-65.04437,0
-65.03722,-35.04966,0
-52.05202,63.50284,0
29.251448,132.68137,0
-66.41357,18.01356,0
-77.2217,-123.79935,0
28.018173,-114.69525,0
114.70247,57.852726,0
92.360374,-22.015352,0
-138.91594,-16.74517,0
-71.09889,80.80782,0
6.4704537,152.40044,0
-106.09212,17.007479,0
-98.294556,-114.63964,0
20.495352,-133.26288,0
143.89586,93.023125,0
122.66142,-102.14236,0
-17.478514,-37.21374,0
-31.080568,43.75862,0
51.96079,147.68222,0
-18.280746,-29.485853,0
-41.813053,-89.358284,0
59.42827,-93.15884,0
119.967995,67.331985,0
116.78444,-20.961657,0
-125.94384,-47.661335,0
-58.74884,84.84041,0
17.005676,151.0254,0
-106.04032,5.8710413,0
-126.071175,-67.28987,0
51.68679,-147.55989,0
66.84488,47.508,0
114.2519,-7.3474193,0
-142.73578,-48.864002,0
-98.06161,98.30227,0
-23.08446,144.90504,0
-116.32839,9.86349,0
-134.37248,-80.40932,0
40.381527,-160.69012,0
146.2618,20.962248,0
80.70388,-72.47156,0
48.479305,27.231476,0
36.48818,31.68088,0
34.685795,60.84591,0
-5.01303,-0.946322,0
6.5290313,-8.444396,0
36.384003,-37.54855,0
115.08412,46.15004,0
87.36207,-28.67751,0
-147.3809,-14.055196,0
-86.35346,86.1825,0
-1.7876592,152.56847,0
-120.397125,29.466444,0
-103.738525,-121.534256,0
8.6902275,-147.7439,0
66.33042,117.75253,0
150.9366,-76.47901,0
-23.706676,-78.927,0
-5.4037094,71.51057,0
15.359633,83.60535,0
-21.552984,-1.7164736,0
-23.954182,-99.075645,0
16.600958,-76.11919,0
67.694664,42.026062,0
91.77324,2.106275,0
-179.33632,1.572196,0
-102.89415,104.60456,0
-30.510933,157.20967,0
-151.16965,44.704334,0
-128.74387,-85.769356,0
-2.9476316,-171.11,0
119.16218,82.51723,0
123.28414,-52.72926,0
-67.04877,-41.04342,0
-49.29223,72.57437,0
21.374163,129.89876,0
-75.59068,5.1651173,0
-76.82979,-116.55861,0
24.632818,-115.885826,0
72.9775,121.41282,0
155.1572,-82.270035,0
-25.259928,-85.738205,0
-7.55914,79.33468,0
12.028693,113.53758,0
-19.334509,-7.4646325,0
-25.358706,-89.36444,0
21.027113,-70.5257,0
88.104065,97.04994,0
154.3587,-43.829422,0
-32.806248,-61.61355,0
-18.776512,75.29843,0
12.6081085,101.67356,0
-44.760403,-3.4349241,0
-35.73018,-126.00177,0
0.43054003,-104.71706,0
93.98987,62.00414,0
103.034874,5.351411,0
-183.67441,16.14834,0
-116.56279,110.90697,0
-43.56285,171.52289,0
-138.3907,21.991774,0
-145.98952,-93.07087,0
41.68654,-174.36221,0
140.83942,41.647797,0
95.02945,-60.012962,0
33.779217,36.82171,0
-34.29679,30.11422,0
38.537716,70.33792,0
-13.296668,5.8471713,0
-1.139728,-18.700832,0
37.36037,-52.635433,0
74.90202,104.09039,0
164.09296,-40.997776,0
-32.632008,-53.35478,0
-27.689678,75.99808,0
16.936039,94.53856,0
-36.868767,-3.7127578,0
-43.344223,-131.86928,0
-5.92869,-97.50944,0
122.20194,28.75879,0
71.21539,11.008558,0
-154.49898,9.101509,0
-94.46677,76.48454,0
-41.98875,142.8662,0
-154.20714,27.516459,0
-106.54249,-80.136116,0
-12.08257,-157.79463,0
108.749954,35.031708,0
84.45703,-34.466694,0
-154.051,-20.218105,0
-83.517685,92.89422,0
-13.108731,155.26477,0
-115.93732,31.908047,0
-109.24821,-125.25577,0
11.183867,-150.88046,0
127.90928,69.74119,0
122.031456,-65.99714,0
-62.91438,-36.893173,0
-50.496674,63.476467,0
25.27778,129.7306,0
-69.792656,17.463774,0
-74.744095,-122.67636,0
29.193077,-108.24496,0
122.05197,40.143555,0
92.79897,-38.249287,0
-149.9842,-5.3119283,0
-67.82612,65.76114,0
27.920927,145.09914,0
-113.38713,19.62874,0
-90.30944,-129.02863,0
-2.0846493,-146.64566,0
118.79816,109.178375,0
131.56862,-4.803028,0
-93.80805,-50.336018,0
-87.61701,59.962265,0
38.711777,168.3456,0
-95.451706,-13.872492,0
-94.032326,-64.230354,0
67.586975,-121.44432,0
72.100296,105.69319,0
168.97026,-43.382877,0
-32.85617,-41.18773,0
-33.692482,71.33855,0
23.738718,92.84316,0
-34.01382,0.26473925,0
-46.751087,-137.35664,0
-0.2845453,-89.34342,0
69.15761,83.84219,0
159.83473,-18.997263,0
-58.97425,-63.688854,0
-35.472607,92.44114,0
-4.6390486,99.656715,0
-64.35691,-5.056476,0
-63.193916,-106.64967,0
-10.0500765,-127.111984,0
80.20861,87.64891,0
150.05144,-27.988802,0
-45.82255,-64.823135,0
-26.008013,88.6488,0
2.8965774,107.832695,0
-54.20087,-0.12628292,0
-51.296513,-114.37257,0
-4.403149,-115.56694,0
84.78643,36.134243,0
58.45511,-16.548164,0
-174.13531,-29.822985,0
-84.216415,122.43992,0
-17.606743,174.78638,0
-122.933685,53.910378,0
-135.21938,-119.553185,0
16.524057,-170.67252,0
99.26174,28.823587,0
72.38038,0.298267,0
-177.24144,-10.690981,0
-99.73368,122.76977,0
-34.609985,163.44336,0
-138.04112,55.90644,0
-120.59873,-93.47363,0
3.117054,-173.48648,0
117.279976,32.324913,0
74.45796,6.558706,0
-159.83131,2.959369,0
-93.32763,83.44212,0
-37.11334,148.9863,0
-149.00143,34.741833,0
-110.46833,-87.01489,0
-5.356999,-160.16298,0
71.411766,77.757034,0
149.08757,-17.530666,0
-51.0351,-59.837772,0
-27.93196,87.29464,0
-5.9058704,103.17393,0
-60.90511,4.2609005,0
-57.91044,-118.62297,0
-2.0500216,-126.454834,0
104.80269,35.58516,0
68.53242,-17.288813,0
-161.79652,-23.571516,0
-90.16993,122.65544,0
-4.1445494,164.7152,0
-118.45269,39.48409,0
-121.98931,-119.092064,0
6.748869,-144.93361,0
61.547646,102.50683,0
141.59183,-65.51212,0
-42.214706,-32.724476,0
-40.9378,62.64335,0
37.035595,93.46728,0
-39.302406,11.48774,0
-56.465374,-143.16139,0
10.057299,-84.67834,0
75.94977,43.52839,0
71.084305,-28.605865,0
-154.45726,-30.463495,0
-79.30949,105.22994,0
-15.364414,141.8837,0
-118.055275,59.832485,0
-116.48858,-110.51754,0
27.21076,-161.22368,0
97.45129,60.502098,0
105.84255,7.800343,0
-181.22385,13.61179,0
-113.391815,109.45016,0
-42.400192,174.34222,0
-139.10156,25.180794,0
-143.33838,-89.299805,0
41.57862,-177.11366,0
139.21501,95.31593,0
123.399506,-99.8126,0
-18.604658,-39.296646,0
-33.404453,41.218002,0
50.082714,149.25449,0
-20.626978,-28.731876,0
-43.14964,-87.81809,0
59.23424,-95.29819,0
105.51026,52.123245,0
77.02861,-8.280976,0
-173.68877,-23.785778,0
-87.85544,118.107155,0
-16.014252,168.7159,0
-120.57628,43.04771,0
-131.59578,-103.13879,0
11.533202,-162.96672,0
82.71539,33.01878,0
62.528828,-21.87042,0
-167.41025,-31.44045,0
-79.14694,124.70818,0
-13.9659605,169.09642,0
-118.79682,49.322216,0
-130.93593,-124.258675,0
15.086135,-164.81927,0
102.509834,53.601707,0
79.12759,-18.162886,0
-168.62694,-17.748377,0
-85.406395,109.81546,0
-5.3213377,183.7126,0
-125.050896,41.450123,0
-122.79035,-108.57976,0
31.339584,-167.08115,0
82.55143,25.471796,0
66.49504,-0.89031667,0
-182.42175,-18.436804,0
-95.3364,124.79766,0
-26.895023,178.19522,0
-132.87712,58.931458,0
-140.1451,-107.24814,0
16.580126,-183.89546,0
85.11962,35.11477,0
59.455803,-17.741173,0
-172.54012,-29.907988,0
-84.55648,121.54786,0
-17.418839,173.118,0
-124.232155,53.238964,0
-135.69582,-120.88522,0
16.796755,-169.33635,0
155.57487,61.826607,0
95.41713,-71.18424,0
-3.7500238,24.860857,0
-6.101559,22.660149,0
40.424088,80.77155,0
-4.759081,24.478739,0
-1.2609872,25.954496,0
30.11225,-58.915943,0
147.76447,94.02243,0
123.57742,-105.070045,0
-14.470035,-35.403797,0
-27.859835,42.70457,0
54.546207,149.06984,0
-15.008115,-30.307348,0
-39.002903,-90.75519,0
62.55964,-93.03209,0
146.47188,93.21803,0
122.243996,-104.9365,0
-15.437091,-34.342613,0
-27.44143,44.556675,0
54.337414,147.4066,0
-15.788289,-31.606611,0
-40.15247,-91.67267,0
61.37452,-92.10402,0
137.9911,94.85525,0
126.949135,-100.301384,0
-16.660475,-39.87523,0
-32.679375,39.888702,0
49.662647,151.442,0
-17.914131,-27.31817,0
-41.97075,-86.08376,0
60.216454,-97.566284,0
78.634605,92.757065,0
151.45715,-32.14571,0
-41.391857,-64.645004,0
-22.52603,84.52562,0
7.5681458,105.401505,0
-52.042435,-1.3776166,0
-49.63749,-115.45155,0
-3.1644175,-112.77436,0
79.542366,97.827614,0
156.68956,-42.379147,0
-32.571907,-59.378845,0
-20.955109,75.978775,0
11.044166,98.40053,0
-44.126053,-4.7926855,0
-38.194477,-126.555695,0
-1.1534668,-104.50112,0
67.21315,114.8682,0
151.02924,-73.807556,0
-24.096722,-76.31014,0
-7.320863,69.45547,0
15.275991,86.70069,0
-23.541014,-0.082869716,0
-26.531103,-99.064285,0
16.59425,-78.10641,0
81.25442,25.181486,0
68.07506,-4.4421706,0
-177.5752,-20.62539,0
-90.3405,123.962715,0
-25.876333,175.42207,0
-134.33246,55.64796,0
-136.2631,-109.87193,0
19.524595,-181.83578,0
144.35008,89.81988,0
120.49878,-102.00263,0
-18.581861,-35.525436,0
-30.589317,46.008785,0
52.42596,146.27559,0
-19.548973,-30.831226,0
-43.067604,-91.23203,0
58.68383,-91.68837,0
98.90954,47.291386,0
85.941505,-33.63802,0
-146.31694,-24.662899,0
-83.87601,94.51617,0
-5.5320954,151.0979,0
-114.96035,30.028017,0
-107.99042,-124.79025,0
14.76014,-144.34544,0
162.9031,38.127903,0
104.38186,-40.93704,0
-112.30314,-19.485086,0
28.96106,23.90395,0
18.195848,72.30835,0
-77.699905,27.364729,0
-89.305016,-90.30932,0
43.450336,-75.57647,0
99.20108,84.295,0
115.00066,-34.789352,0
-103.792984,-35.948246,0
-47.022053,50.537685,0
28.297216,156.60843,0
-85.57919,-27.981022,0
-81.025925,-86.436844,0
53.393967,-130.70384,0
125.877045,60.94749,0
106.03829,-55.714684,0
-65.86171,-30.443222,0
-60.152718,68.3608,0
8.691759,136.55399,0
-70.65213,22.837425,0
-92.334885,-103.51173,0
36.214317,-125.01089,0
100.84474,74.4637,0
111.211296,-23.881895,0
-139.99553,6.333887,0
-123.80054,88.80696,0
-32.731304,121.42316,0
-134.71619,11.076264,0
-159.56917,-79.17622,0
65.39339,-161.39189,0
83.497574,113.161644,0
164.30223,-45.248074,0
-28.899075,-51.14101,0
-29.26385,72.87984,0
20.059109,97.39417,0
-35.972073,-7.8394074,0
-39.51245,-135.10136,0
-1.314558,-95.5069,0
112.35162,75.35839,0
131.1232,-46.984146,0
-59.535496,-46.067577,0
-43.326057,74.616714,0
19.011189,125.28277,0
-70.65437,12.658975,0
-81.35096,-116.7485,0
16.157652,-115.5344,0
90.10874,110.630226,0
160.81903,-53.897385,0
-44.02017,-47.728287,0
-18.58682,59.21472,0
27.408432,109.653465,0
-35.554485,-17.650038,0
-31.038355,-116.39225,0
9.901347,-99.995804,0
120.53734,105.8146,0
129.75443,-3.7447405,0
-95.209236,-48.26339,0
-86.395424,60.831978,0
38.28319,171.27556,0
-93.28478,-15.40562,0
-93.95802,-68.17136,0
68.23013,-119.71735,0
79.08861,118.52802,0
150.49863,-40.594574,0
-35.07089,-67.67817,0
-13.959003,83.43236,0
10.504817,109.97271,0
-52.427994,-9.072564,0
-40.4527,-107.786095,0
7.5874944,-109.758,0
136.19862,34.573524,0
83.18556,-58.019463,0
-101.22686,-27.560051,0
-70.99655,104.949684,0
30.409607,77.574326,0
-29.506002,20.930363,0
-120.05366,-72.05938,0
30.235731,-49.43909,0
136.17442,95.02815,0
105.52237,-31.734343,0
-131.96771,-0.4552182,0
-117.10056,82.906715,0
-22.443819,122.965416,0
-129.7633,2.3639445,0
-154.59511,-67.849335,0
62.98791,-100.01062,0
79.798325,84.29368,0
144.25734,-24.585434,0
-49.538227,-70.670364,0
-24.543474,96.46323,0
-1.8276438,112.26033,0
-53.684032,6.7747445,0
-53.821148,-106.13295,0
0.07231048,-119.78677,0
83.73314,46.8251,0
73.4935,-47.71094,0
-151.40634,-38.351185,0
-69.463936,110.76931,0
-18.504251,159.83438,0
-100.77691,44.22724,0
-114.04437,-140.09663,0
25.227045,-151.22545,0
109.215096,137.45522,0
99.39664,-129.7313,1
13.228343,-59.12317,0
-5.722928,49.320232,0
73.43871,167.00006,0
-1.445451,-30.625221,0
-0.4458124,-64.7185,0
62.79699,-64.20381,0
104.29077,30.38849,0
86.075836,-4.5052457,0
-166.90752,-3.3305404,0
-59.039837,97.447525,0
-40.388798,158.09222,0
-145.42447,58.067173,0
-115.66738,-96.13929,0
3.7357333,-167.56914,0
77.305214,85.60665,0
152.13708,-19.91395,0
-53.395336,-63.117332,0
-30.68241,90.48475,0
-9.902718,105.59374,0
-62.55393,1.7632936,0
-60.45473,-117.81141,0
0.71439046,-130.09332,0
114.56376,51.32908,0
74.876915,-17.471144,0
-160.91748,-16.483547,0
-78.737686,81.27229,0
1.2300153,176.03638,0
-126.2639,35.04229,0
-122.268394,-113.71988,0
28.891233,-172.4016,0
68.9312,54.561146,0
113.700424,-12.664193,0
-137.71591,-48.998966,0
-53.866077,86.801765,0
-19.288113,137.90273,0
-114.03277,5.3915253,0
-132.14507,-75.0497,0
44.67398,-156.3903,0
132.14314,65.39197,0
115.73058,-64.80632,0
-69.00839,-34.747494,0
-55.145294,63.337402,0
30.66374,136.57268,0
-66.496315,22.223997,0
-80.23695,-125.89337,0
32.22513,-114.32226,0
159.04608,16.057726,0
73.10739,-74.975365,0
55.261436,19.269926,0
37.965363,16.771965,0
21.992352,53.324795,0
9.180049,-3.2359986,0
9.969539,-2.317578,0
36.827496,-28.435879,0
64.58248,109.40749,0
138.58215,-57.869427,0
-41.201904,-39.532734,0
-31.067518,61.09352,0
30.427576,100.953575,0
-38.006588,7.1135845,0
-54.912537,-134.46878,0
10.235899,-89.5423,0
88.45208,58.90474,0
71.23161,-31.77056,0
-135.15993,-28.432241,0
-68.87561,102.041016,0
-10.801878,138.55453,0
-96.97911,31.475649,0
-113.77117,-108.88993,0
36.080353,-149.26831,0
106.242805,93.974174,0
129.47415,-20.61166,0
-113.72485,-51.881596,0
-69.16199,139.49974,0
17.406614,180.35309,0
-103.342865,-4.309496,0
-117.32152,-58.902325,0
68.45403,-136.99849,0
96.491035,46.580647,0
81.36188,-34.305244,0
-152.40762,-24.736498,0
-82.51774,96.31823,0
-10.985038,153.9279,0
-111.001755,29.610449,0
-113.6085,-126.70479,0
14.419443,-154.25392,0
92.38942,91.21972,0
135.79698,-31.279793,0
-64.053215,-70.02778,0
-38.13579,99.32862,0
3.3582644,118.36484,0
-73.67689,-2.4814246,0
-73.5394,-99.094246,0
8.604925,-118.690025,0
92.04486,56.56577,0
70.4758,-33.628845,0
-133.2456,-28.836027,0
-66.58679,101.3168,0
-3.67907,140.89001,0
-99.37303,34.45464,0
-112.42966,-107.10299,0
32.508644,-147.28261,0
