Dataset: PenDigits
Arguments: Namespace(batch_size=8, dataset='PenDigits', epochs=1000, eval=True, gpu=1, irregular=0, iters=None, loader='UEA', lr=0.001, max_threads=8, max_train_length=3000, repr_dims=320, run_name='UEA', save_every=None, seed=42)
Loading data... done
Epoch #0: train loss = 1.234349, val loss = 0.142393, total loss = 0.886800, Epoch time: 36.74 seconds, remaining time: 611.66 minutes
Epoch #1: train loss = 0.944718, val loss = 0.057504, total loss = 0.662334, Epoch time: 35.89 seconds, remaining time: 603.98 minutes
Epoch #2: train loss = 0.839372, val loss = 0.048659, total loss = 0.587703, Epoch time: 35.88 seconds, remaining time: 601.00 minutes
Epoch #3: train loss = 0.809556, val loss = 0.049398, total loss = 0.567612, Epoch time: 35.50 seconds, remaining time: 597.62 minutes
Epoch #4: train loss = 0.778499, val loss = 0.024976, total loss = 0.538667, Epoch time: 35.65 seconds, remaining time: 595.86 minutes
Epoch #5: train loss = 0.738263, val loss = 0.038370, total loss = 0.515500, Epoch time: 36.12 seconds, remaining time: 595.78 minutes
Epoch #6: train loss = 0.726635, val loss = 0.026564, total loss = 0.503816, Epoch time: 35.49 seconds, remaining time: 594.06 minutes
Epoch #7: train loss = 0.696248, val loss = 0.018759, total loss = 0.480616, Epoch time: 35.95 seconds, remaining time: 593.58 minutes
Epoch #8: train loss = 0.716026, val loss = 0.017138, total loss = 0.493583, Epoch time: 35.70 seconds, remaining time: 592.60 minutes
Epoch #9: train loss = 0.688270, val loss = 0.014894, total loss = 0.473947, Epoch time: 35.79 seconds, remaining time: 591.85 minutes
Epoch #10: train loss = 0.680254, val loss = 0.015517, total loss = 0.468681, Epoch time: 35.94 seconds, remaining time: 589.94 minutes
Epoch #11: train loss = 0.651304, val loss = 0.008540, total loss = 0.446725, Epoch time: 35.69 seconds, remaining time: 589.01 minutes
Epoch #12: train loss = 0.647661, val loss = 0.023186, total loss = 0.448903, Epoch time: 36.69 seconds, remaining time: 589.74 minutes
Epoch #13: train loss = 0.647131, val loss = 0.008083, total loss = 0.443734, Epoch time: 38.28 seconds, remaining time: 593.72 minutes
Epoch #14: train loss = 0.650461, val loss = 0.014115, total loss = 0.447924, Epoch time: 36.72 seconds, remaining time: 594.87 minutes
Epoch #15: train loss = 0.636257, val loss = 0.009013, total loss = 0.436617, Epoch time: 37.33 seconds, remaining time: 596.25 minutes
Epoch #16: train loss = 0.621457, val loss = 0.010663, total loss = 0.427053, Epoch time: 36.17 seconds, remaining time: 596.76 minutes
Epoch #17: train loss = 0.622175, val loss = 0.009502, total loss = 0.427173, Epoch time: 36.82 seconds, remaining time: 597.58 minutes
Epoch #18: train loss = 0.635120, val loss = 0.011922, total loss = 0.436768, Epoch time: 38.72 seconds, remaining time: 601.91 minutes
Epoch #19: train loss = 0.612904, val loss = 0.008727, total loss = 0.420606, Epoch time: 36.38 seconds, remaining time: 602.28 minutes
Epoch #20: train loss = 0.626286, val loss = 0.005898, total loss = 0.428828, Epoch time: 36.81 seconds, remaining time: 603.09 minutes
Epoch #21: train loss = 0.602342, val loss = 0.008735, total loss = 0.413408, Epoch time: 36.82 seconds, remaining time: 604.32 minutes
Epoch #22: train loss = 0.595641, val loss = 0.006814, total loss = 0.408229, Epoch time: 36.34 seconds, remaining time: 603.14 minutes
Epoch #23: train loss = 0.590788, val loss = 0.007650, total loss = 0.405186, Epoch time: 36.60 seconds, remaining time: 599.78 minutes
Epoch #24: train loss = 0.622718, val loss = 0.011229, total loss = 0.428093, Epoch time: 36.30 seconds, remaining time: 598.49 minutes
Epoch #25: train loss = 0.594235, val loss = 0.009391, total loss = 0.408090, Epoch time: 37.10 seconds, remaining time: 597.51 minutes
Epoch #26: train loss = 0.616348, val loss = 0.009085, total loss = 0.423068, Epoch time: 36.79 seconds, remaining time: 597.91 minutes
Epoch #27: train loss = 0.606778, val loss = 0.004897, total loss = 0.415211, Epoch time: 30.18 seconds, remaining time: 586.53 minutes
Epoch #28: train loss = 0.596043, val loss = 0.005325, total loss = 0.408028, Epoch time: 25.50 seconds, remaining time: 564.52 minutes
Epoch #29: train loss = 0.584184, val loss = 0.006590, total loss = 0.400346, Epoch time: 25.20 seconds, remaining time: 545.86 minutes
Epoch #30: train loss = 0.569918, val loss = 0.003642, total loss = 0.389683, Epoch time: 24.78 seconds, remaining time: 525.85 minutes
Epoch #31: train loss = 0.599617, val loss = 0.006997, total loss = 0.410997, Epoch time: 24.78 seconds, remaining time: 505.89 minutes
Epoch #32: train loss = 0.583169, val loss = 0.004637, total loss = 0.399033, Epoch time: 25.56 seconds, remaining time: 488.00 minutes
Epoch #33: train loss = 0.605790, val loss = 0.006342, total loss = 0.414997, Epoch time: 25.19 seconds, remaining time: 469.12 minutes
Epoch #34: train loss = 0.588963, val loss = 0.004148, total loss = 0.402828, Epoch time: 25.01 seconds, remaining time: 450.47 minutes
Epoch #35: train loss = 0.586185, val loss = 0.007747, total loss = 0.402079, Epoch time: 24.91 seconds, remaining time: 430.41 minutes
Epoch #36: train loss = 0.588567, val loss = 0.004362, total loss = 0.402626, Epoch time: 24.58 seconds, remaining time: 410.36 minutes
Epoch #37: train loss = 0.553581, val loss = 0.003872, total loss = 0.378619, Epoch time: 24.81 seconds, remaining time: 401.33 minutes
Epoch #38: train loss = 0.584853, val loss = 0.012459, total loss = 0.402671, Epoch time: 26.04 seconds, remaining time: 401.78 minutes
Epoch #39: train loss = 0.557976, val loss = 0.004432, total loss = 0.381793, Epoch time: 24.87 seconds, remaining time: 400.85 minutes
Epoch #40: train loss = 0.585304, val loss = 0.005211, total loss = 0.400671, Epoch time: 24.87 seconds, remaining time: 400.58 minutes
Epoch #41: train loss = 0.560242, val loss = 0.002848, total loss = 0.382834, Epoch time: 24.99 seconds, remaining time: 400.48 minutes
Epoch #42: train loss = 0.585439, val loss = 0.007571, total loss = 0.401515, Epoch time: 24.73 seconds, remaining time: 398.74 minutes
Epoch #43: train loss = 0.581413, val loss = 0.006129, total loss = 0.398311, Epoch time: 24.67 seconds, remaining time: 397.50 minutes
Epoch #44: train loss = 0.559857, val loss = 0.005031, total loss = 0.383266, Epoch time: 25.08 seconds, remaining time: 397.20 minutes
Epoch #45: train loss = 0.570893, val loss = 0.003193, total loss = 0.390205, Epoch time: 24.94 seconds, remaining time: 396.83 minutes
Epoch #46: train loss = 0.582040, val loss = 0.006723, total loss = 0.398928, Epoch time: 25.07 seconds, remaining time: 397.20 minutes
Epoch #47: train loss = 0.581865, val loss = 0.003781, total loss = 0.397872, Epoch time: 24.56 seconds, remaining time: 396.39 minutes
Epoch #48: train loss = 0.558433, val loss = 0.004990, total loss = 0.382283, Epoch time: 26.26 seconds, remaining time: 396.32 minutes
Epoch #49: train loss = 0.572333, val loss = 0.005722, total loss = 0.391991, Epoch time: 28.51 seconds, remaining time: 401.67 minutes
Epoch #50: train loss = 0.540946, val loss = 0.003122, total loss = 0.369767, Epoch time: 25.02 seconds, remaining time: 401.49 minutes
Epoch #51: train loss = 0.573019, val loss = 0.004061, total loss = 0.391930, Epoch time: 25.03 seconds, remaining time: 401.13 minutes
Epoch #52: train loss = 0.556728, val loss = 0.003343, total loss = 0.380596, Epoch time: 25.14 seconds, remaining time: 401.35 minutes
Epoch #53: train loss = 0.537206, val loss = 0.002962, total loss = 0.367166, Epoch time: 30.61 seconds, remaining time: 410.29 minutes
Epoch #54: train loss = 0.582339, val loss = 0.005721, total loss = 0.398812, Epoch time: 37.30 seconds, remaining time: 429.10 minutes
Epoch #55: train loss = 0.568239, val loss = 0.004052, total loss = 0.388669, Epoch time: 44.50 seconds, remaining time: 459.43 minutes
Epoch #56: train loss = 0.553645, val loss = 0.006084, total loss = 0.379367, Epoch time: 37.10 seconds, remaining time: 477.84 minutes
Epoch #57: train loss = 0.555805, val loss = 0.003921, total loss = 0.380151, Epoch time: 39.69 seconds, remaining time: 501.08 minutes
Epoch #58: train loss = 0.557804, val loss = 0.002990, total loss = 0.381217, Epoch time: 40.40 seconds, remaining time: 522.73 minutes
Epoch #59: train loss = 0.560849, val loss = 0.004968, total loss = 0.383922, Epoch time: 36.95 seconds, remaining time: 535.38 minutes
Epoch #60: train loss = 0.546209, val loss = 0.004408, total loss = 0.373764, Epoch time: 39.62 seconds, remaining time: 557.67 minutes
Epoch #61: train loss = 0.546373, val loss = 0.005303, total loss = 0.374161, Epoch time: 41.34 seconds, remaining time: 582.57 minutes
Epoch #62: train loss = 0.568460, val loss = 0.004682, total loss = 0.389020, Epoch time: 38.18 seconds, remaining time: 602.31 minutes
Epoch #63: train loss = 0.564466, val loss = 0.003495, total loss = 0.385920, Epoch time: 35.51 seconds, remaining time: 609.32 minutes
Epoch #64: train loss = 0.549744, val loss = 0.002948, total loss = 0.375709, Epoch time: 39.29 seconds, remaining time: 611.76 minutes
Epoch #65: train loss = 0.555730, val loss = 0.004363, total loss = 0.380241, Epoch time: 40.23 seconds, remaining time: 604.46 minutes
Epoch #66: train loss = 0.554425, val loss = 0.002681, total loss = 0.378815, Epoch time: 40.26 seconds, remaining time: 608.74 minutes
Epoch #67: train loss = 0.561937, val loss = 0.005478, total loss = 0.384826, Epoch time: 37.70 seconds, remaining time: 605.00 minutes
Epoch #68: train loss = 0.573858, val loss = 0.002044, total loss = 0.391860, Epoch time: 41.46 seconds, remaining time: 605.98 minutes
Epoch #69: train loss = 0.545043, val loss = 0.002901, total loss = 0.372489, Epoch time: 34.23 seconds, remaining time: 601.12 minutes
Epoch #70: train loss = 0.551766, val loss = 0.005825, total loss = 0.378003, Epoch time: 28.92 seconds, remaining time: 583.91 minutes
Epoch #71: train loss = 0.565616, val loss = 0.002793, total loss = 0.386480, Epoch time: 28.18 seconds, remaining time: 562.94 minutes
Epoch #72: train loss = 0.552719, val loss = 0.003683, total loss = 0.377971, Epoch time: 26.77 seconds, remaining time: 544.69 minutes
Epoch #73: train loss = 0.543870, val loss = 0.004487, total loss = 0.372194, Epoch time: 26.38 seconds, remaining time: 530.02 minutes
Epoch #74: train loss = 0.546784, val loss = 0.005197, total loss = 0.374407, Epoch time: 26.60 seconds, remaining time: 509.88 minutes
Epoch #75: train loss = 0.551147, val loss = 0.003738, total loss = 0.376917, Epoch time: 26.81 seconds, remaining time: 488.68 minutes
Epoch #76: train loss = 0.555933, val loss = 0.003033, total loss = 0.379955, Epoch time: 26.68 seconds, remaining time: 467.24 minutes
Epoch #77: train loss = 0.561359, val loss = 0.003223, total loss = 0.383715, Epoch time: 26.75 seconds, remaining time: 449.92 minutes
Epoch #78: train loss = 0.555300, val loss = 0.005710, total loss = 0.380376, Epoch time: 25.67 seconds, remaining time: 425.20 minutes
Epoch #79: train loss = 0.547689, val loss = 0.003079, total loss = 0.374350, Epoch time: 26.56 seconds, remaining time: 412.97 minutes
Epoch #80: train loss = 0.541633, val loss = 0.002860, total loss = 0.370152, Epoch time: 26.66 seconds, remaining time: 409.05 minutes
Epoch #81: train loss = 0.525169, val loss = 0.004287, total loss = 0.359382, Epoch time: 26.62 seconds, remaining time: 406.21 minutes
Epoch #82: train loss = 0.547299, val loss = 0.002900, total loss = 0.374027, Epoch time: 26.63 seconds, remaining time: 405.57 minutes
Epoch #83: train loss = 0.533014, val loss = 0.004397, total loss = 0.364765, Epoch time: 27.28 seconds, remaining time: 406.50 minutes
Epoch #84: train loss = 0.554639, val loss = 0.004073, total loss = 0.379405, Epoch time: 26.13 seconds, remaining time: 405.33 minutes
Epoch #85: train loss = 0.555358, val loss = 0.005246, total loss = 0.380268, Epoch time: 26.44 seconds, remaining time: 404.33 minutes
Epoch #86: train loss = 0.559852, val loss = 0.006696, total loss = 0.383793, Epoch time: 29.54 seconds, remaining time: 408.24 minutes
Epoch #87: train loss = 0.538224, val loss = 0.006641, total loss = 0.369031, Epoch time: 33.66 seconds, remaining time: 418.30 minutes
Epoch #88: train loss = 0.529106, val loss = 0.002465, total loss = 0.361487, Epoch time: 35.19 seconds, remaining time: 432.29 minutes
Epoch #89: train loss = 0.536442, val loss = 0.004108, total loss = 0.367010, Epoch time: 34.80 seconds, remaining time: 444.32 minutes
Epoch #90: train loss = 0.542685, val loss = 0.003259, total loss = 0.370996, Epoch time: 32.98 seconds, remaining time: 453.40 minutes
Epoch #91: train loss = 0.549227, val loss = 0.003094, total loss = 0.375403, Epoch time: 36.60 seconds, remaining time: 468.01 minutes
Epoch #92: train loss = 0.544671, val loss = 0.004757, total loss = 0.372827, Epoch time: 32.21 seconds, remaining time: 475.92 minutes
Epoch #93: train loss = 0.533727, val loss = 0.002659, total loss = 0.364698, Epoch time: 31.07 seconds, remaining time: 481.12 minutes
Epoch #94: train loss = 0.559131, val loss = 0.005026, total loss = 0.382770, Epoch time: 31.27 seconds, remaining time: 488.35 minutes
Epoch #95: train loss = 0.530411, val loss = 0.009260, total loss = 0.364539, Epoch time: 25.24 seconds, remaining time: 486.00 minutes
Epoch #96: train loss = 0.533108, val loss = 0.005240, total loss = 0.365097, Epoch time: 31.62 seconds, remaining time: 488.58 minutes
Epoch #97: train loss = 0.531289, val loss = 0.002874, total loss = 0.363104, Epoch time: 33.54 seconds, remaining time: 487.86 minutes
Epoch #98: train loss = 0.555299, val loss = 0.003815, total loss = 0.379772, Epoch time: 33.74 seconds, remaining time: 485.15 minutes
Epoch #99: train loss = 0.530456, val loss = 0.003177, total loss = 0.362633, Epoch time: 32.53 seconds, remaining time: 481.21 minutes
Epoch #100: train loss = 0.536500, val loss = 0.004654, total loss = 0.367224, Epoch time: 42.51 seconds, remaining time: 494.95 minutes
Epoch #101: train loss = 0.562530, val loss = 0.004520, total loss = 0.384926, Epoch time: 40.64 seconds, remaining time: 500.45 minutes
Epoch #102: train loss = 0.535463, val loss = 0.005031, total loss = 0.366637, Epoch time: 36.95 seconds, remaining time: 506.97 minutes
Epoch #103: train loss = 0.556286, val loss = 0.004072, total loss = 0.380527, Epoch time: 37.70 seconds, remaining time: 516.30 minutes
Epoch #104: train loss = 0.541593, val loss = 0.003718, total loss = 0.370397, Epoch time: 38.12 seconds, remaining time: 525.94 minutes
Epoch #105: train loss = 0.559345, val loss = 0.004739, total loss = 0.382824, Epoch time: 40.52 seconds, remaining time: 548.11 minutes
Epoch #106: train loss = 0.533830, val loss = 0.002251, total loss = 0.364639, Epoch time: 39.94 seconds, remaining time: 559.89 minutes
Epoch #107: train loss = 0.546619, val loss = 0.002917, total loss = 0.373569, Epoch time: 37.97 seconds, remaining time: 565.84 minutes
Epoch #108: train loss = 0.546261, val loss = 0.004558, total loss = 0.373847, Epoch time: 34.69 seconds, remaining time: 566.62 minutes
Epoch #109: train loss = 0.529821, val loss = 0.003722, total loss = 0.362374, Epoch time: 29.68 seconds, remaining time: 561.75 minutes
Epoch #110: train loss = 0.549966, val loss = 0.004011, total loss = 0.376199, Epoch time: 29.17 seconds, remaining time: 541.36 minutes
Epoch #111: train loss = 0.532354, val loss = 0.003400, total loss = 0.363998, Epoch time: 29.07 seconds, remaining time: 523.61 minutes
Epoch #112: train loss = 0.510647, val loss = 0.003449, total loss = 0.349216, Epoch time: 29.72 seconds, remaining time: 512.34 minutes
Epoch #113: train loss = 0.531829, val loss = 0.004677, total loss = 0.364047, Epoch time: 29.27 seconds, remaining time: 499.32 minutes
Epoch #114: train loss = 0.537753, val loss = 0.003831, total loss = 0.367816, Epoch time: 29.50 seconds, remaining time: 486.05 minutes
Epoch #115: train loss = 0.529239, val loss = 0.003939, total loss = 0.362046, Epoch time: 29.18 seconds, remaining time: 468.79 minutes
Epoch #116: train loss = 0.529875, val loss = 0.004647, total loss = 0.362705, Epoch time: 29.91 seconds, remaining time: 453.50 minutes
Epoch #117: train loss = 0.520391, val loss = 0.003014, total loss = 0.355719, Epoch time: 29.54 seconds, remaining time: 440.60 minutes
Epoch #118: train loss = 0.515196, val loss = 0.003146, total loss = 0.352220, Epoch time: 29.31 seconds, remaining time: 432.20 minutes
Epoch #119: train loss = 0.522401, val loss = 0.002803, total loss = 0.357023, Epoch time: 26.41 seconds, remaining time: 426.91 minutes
Epoch #120: train loss = 0.527936, val loss = 0.005492, total loss = 0.361652, Epoch time: 29.64 seconds, remaining time: 427.12 minutes
Epoch #121: train loss = 0.543398, val loss = 0.007701, total loss = 0.372896, Epoch time: 37.04 seconds, remaining time: 438.31 minutes
Epoch #122: train loss = 0.528007, val loss = 0.004282, total loss = 0.361315, Epoch time: 36.79 seconds, remaining time: 448.15 minutes
Epoch #123: train loss = 0.548915, val loss = 0.009575, total loss = 0.377253, Epoch time: 29.47 seconds, remaining time: 447.92 minutes
Epoch #124: train loss = 0.529907, val loss = 0.005499, total loss = 0.362998, Epoch time: 26.72 seconds, remaining time: 443.35 minutes
Epoch #125: train loss = 0.529869, val loss = 0.002511, total loss = 0.362021, Epoch time: 26.61 seconds, remaining time: 439.11 minutes
Epoch #126: train loss = 0.515331, val loss = 0.002518, total loss = 0.352112, Epoch time: 26.52 seconds, remaining time: 433.67 minutes
Epoch #127: train loss = 0.537679, val loss = 0.002750, total loss = 0.367421, Epoch time: 26.40 seconds, remaining time: 428.61 minutes
Epoch #128: train loss = 0.516890, val loss = 0.003880, total loss = 0.353609, Epoch time: 26.53 seconds, remaining time: 424.08 minutes
Epoch #129: train loss = 0.528018, val loss = 0.003869, total loss = 0.361191, Epoch time: 26.22 seconds, remaining time: 423.32 minutes
Epoch #130: train loss = 0.527387, val loss = 0.002516, total loss = 0.360331, Epoch time: 26.22 seconds, remaining time: 417.88 minutes
Epoch #131: train loss = 0.532125, val loss = 0.003433, total loss = 0.363852, Epoch time: 31.42 seconds, remaining time: 409.26 minutes
Epoch #132: train loss = 0.535746, val loss = 0.002820, total loss = 0.366126, Epoch time: 35.57 seconds, remaining time: 407.02 minutes
Epoch #133: train loss = 0.541344, val loss = 0.003311, total loss = 0.370098, Epoch time: 37.00 seconds, remaining time: 417.43 minutes
Epoch #134: train loss = 0.532246, val loss = 0.005665, total loss = 0.364645, Epoch time: 37.52 seconds, remaining time: 432.52 minutes
Epoch #135: train loss = 0.542819, val loss = 0.003910, total loss = 0.371295, Epoch time: 36.28 seconds, remaining time: 445.94 minutes
Epoch #136: train loss = 0.516102, val loss = 0.003781, total loss = 0.353040, Epoch time: 36.74 seconds, remaining time: 460.13 minutes
Epoch #137: train loss = 0.526437, val loss = 0.007868, total loss = 0.361387, Epoch time: 33.57 seconds, remaining time: 469.90 minutes
Epoch #138: train loss = 0.506170, val loss = 0.001957, total loss = 0.345689, Epoch time: 33.15 seconds, remaining time: 478.85 minutes
Epoch #139: train loss = 0.529784, val loss = 0.001824, total loss = 0.361744, Epoch time: 31.92 seconds, remaining time: 486.46 minutes
Epoch #140: train loss = 0.529806, val loss = 0.003601, total loss = 0.362325, Epoch time: 33.51 seconds, remaining time: 496.34 minutes
Epoch #141: train loss = 0.534967, val loss = 0.004062, total loss = 0.365990, Epoch time: 32.07 seconds, remaining time: 496.69 minutes
Epoch #142: train loss = 0.522778, val loss = 0.003840, total loss = 0.357610, Epoch time: 34.26 seconds, remaining time: 494.25 minutes
Epoch #143: train loss = 0.518827, val loss = 0.002584, total loss = 0.354517, Epoch time: 32.37 seconds, remaining time: 487.06 minutes
Epoch #144: train loss = 0.526544, val loss = 0.002353, total loss = 0.359704, Epoch time: 31.98 seconds, remaining time: 478.59 minutes
Epoch #145: train loss = 0.525109, val loss = 0.002193, total loss = 0.358675, Epoch time: 30.74 seconds, remaining time: 470.15 minutes
Epoch #146: train loss = 0.521142, val loss = 0.003615, total loss = 0.356423, Epoch time: 33.04 seconds, remaining time: 464.33 minutes
Epoch #147: train loss = 0.546307, val loss = 0.003477, total loss = 0.373535, Epoch time: 33.25 seconds, remaining time: 463.32 minutes
Epoch #148: train loss = 0.541533, val loss = 0.005407, total loss = 0.370895, Epoch time: 32.42 seconds, remaining time: 461.74 minutes
Epoch #149: train loss = 0.542106, val loss = 0.003342, total loss = 0.370627, Epoch time: 33.09 seconds, remaining time: 462.86 minutes
Epoch #150: train loss = 0.519827, val loss = 0.002758, total loss = 0.355254, Epoch time: 32.46 seconds, remaining time: 460.83 minutes
Epoch #151: train loss = 0.559436, val loss = 0.005172, total loss = 0.383024, Epoch time: 32.61 seconds, remaining time: 461.06 minutes
Epoch #152: train loss = 0.537105, val loss = 0.002981, total loss = 0.367103, Epoch time: 33.74 seconds, remaining time: 459.78 minutes
Epoch #153: train loss = 0.531645, val loss = 0.003748, total loss = 0.363625, Epoch time: 34.21 seconds, remaining time: 461.84 minutes
Epoch #154: train loss = 0.534456, val loss = 0.002696, total loss = 0.365207, Epoch time: 33.06 seconds, remaining time: 462.82 minutes
Epoch #155: train loss = 0.516995, val loss = 0.003900, total loss = 0.353686, Epoch time: 33.19 seconds, remaining time: 465.71 minutes
Epoch #156: train loss = 0.524613, val loss = 0.002732, total loss = 0.358508, Epoch time: 32.32 seconds, remaining time: 464.15 minutes
Epoch #157: train loss = 0.542897, val loss = 0.003846, total loss = 0.371327, Epoch time: 30.72 seconds, remaining time: 460.05 minutes
Epoch #158: train loss = 0.528683, val loss = 0.003721, total loss = 0.361598, Epoch time: 33.79 seconds, remaining time: 461.42 minutes
Epoch #159: train loss = 0.519647, val loss = 0.002474, total loss = 0.355041, Epoch time: 32.43 seconds, remaining time: 459.94 minutes
Epoch #160: train loss = 0.538668, val loss = 0.004627, total loss = 0.368693, Epoch time: 32.56 seconds, remaining time: 459.53 minutes
Epoch #161: train loss = 0.502700, val loss = 0.003234, total loss = 0.343730, Epoch time: 34.38 seconds, remaining time: 461.44 minutes
Epoch #162: train loss = 0.515767, val loss = 0.003555, total loss = 0.352740, Epoch time: 32.14 seconds, remaining time: 458.66 minutes
Epoch #163: train loss = 0.538484, val loss = 0.008161, total loss = 0.369692, Epoch time: 32.22 seconds, remaining time: 455.33 minutes
Epoch #164: train loss = 0.513996, val loss = 0.001916, total loss = 0.351011, Epoch time: 32.03 seconds, remaining time: 453.35 minutes
Epoch #165: train loss = 0.526013, val loss = 0.003766, total loss = 0.359792, Epoch time: 32.01 seconds, remaining time: 451.17 minutes
Epoch #166: train loss = 0.520208, val loss = 0.005644, total loss = 0.356432, Epoch time: 31.24 seconds, remaining time: 449.13 minutes
Epoch #167: train loss = 0.515581, val loss = 0.004088, total loss = 0.352783, Epoch time: 32.05 seconds, remaining time: 450.44 minutes
Epoch #168: train loss = 0.516617, val loss = 0.005253, total loss = 0.353859, Epoch time: 31.89 seconds, remaining time: 447.26 minutes
Epoch #169: train loss = 0.534740, val loss = 0.005258, total loss = 0.366216, Epoch time: 31.38 seconds, remaining time: 445.27 minutes
Epoch #170: train loss = 0.524467, val loss = 0.004098, total loss = 0.358843, Epoch time: 33.84 seconds, remaining time: 446.51 minutes
Epoch #171: train loss = 0.521478, val loss = 0.003529, total loss = 0.356625, Epoch time: 32.11 seconds, remaining time: 442.85 minutes
Epoch #172: train loss = 0.517383, val loss = 0.006875, total loss = 0.354898, Epoch time: 31.68 seconds, remaining time: 441.68 minutes
Epoch #173: train loss = 0.533411, val loss = 0.002484, total loss = 0.364427, Epoch time: 32.99 seconds, remaining time: 442.20 minutes
Epoch #174: train loss = 0.507942, val loss = 0.004081, total loss = 0.347572, Epoch time: 31.74 seconds, remaining time: 441.27 minutes
Epoch #175: train loss = 0.541295, val loss = 0.004748, total loss = 0.370522, Epoch time: 32.68 seconds, remaining time: 441.66 minutes
Epoch #176: train loss = 0.512522, val loss = 0.003783, total loss = 0.350600, Epoch time: 31.40 seconds, remaining time: 441.34 minutes
Epoch #177: train loss = 0.526075, val loss = 0.002903, total loss = 0.359559, Epoch time: 31.25 seconds, remaining time: 439.72 minutes
Epoch #178: train loss = 0.536658, val loss = 0.004672, total loss = 0.367337, Epoch time: 33.74 seconds, remaining time: 441.72 minutes
Epoch #179: train loss = 0.529142, val loss = 0.005827, total loss = 0.362581, Epoch time: 31.24 seconds, remaining time: 441.00 minutes
Epoch #180: train loss = 0.519754, val loss = 0.004804, total loss = 0.355855, Epoch time: 31.00 seconds, remaining time: 436.58 minutes
Epoch #181: train loss = 0.526858, val loss = 0.004349, total loss = 0.360554, Epoch time: 33.02 seconds, remaining time: 437.29 minutes
Epoch #182: train loss = 0.519501, val loss = 0.003717, total loss = 0.355336, Epoch time: 31.80 seconds, remaining time: 436.90 minutes
Epoch #183: train loss = 0.529490, val loss = 0.004442, total loss = 0.362377, Epoch time: 32.21 seconds, remaining time: 435.32 minutes
Epoch #184: train loss = 0.528469, val loss = 0.006543, total loss = 0.362350, Epoch time: 33.73 seconds, remaining time: 437.48 minutes
Epoch #185: train loss = 0.511650, val loss = 0.003193, total loss = 0.349818, Epoch time: 33.06 seconds, remaining time: 437.47 minutes
Epoch #186: train loss = 0.507423, val loss = 0.003467, total loss = 0.347023, Epoch time: 32.02 seconds, remaining time: 437.77 minutes
Epoch #187: train loss = 0.509849, val loss = 0.002655, total loss = 0.348419, Epoch time: 31.75 seconds, remaining time: 437.90 minutes
Epoch #188: train loss = 0.535591, val loss = 0.003811, total loss = 0.366336, Epoch time: 32.44 seconds, remaining time: 435.60 minutes
Epoch #189: train loss = 0.532577, val loss = 0.004614, total loss = 0.364536, Epoch time: 31.74 seconds, remaining time: 435.74 minutes
Epoch #190: train loss = 0.521114, val loss = 0.002511, total loss = 0.356053, Epoch time: 32.52 seconds, remaining time: 437.25 minutes
Epoch #191: train loss = 0.509391, val loss = 0.002785, total loss = 0.348147, Epoch time: 32.03 seconds, remaining time: 435.37 minutes
Epoch #192: train loss = 0.536060, val loss = 0.004114, total loss = 0.366751, Epoch time: 32.38 seconds, remaining time: 435.61 minutes
Epoch #193: train loss = 0.507566, val loss = 0.002750, total loss = 0.346893, Epoch time: 33.00 seconds, remaining time: 436.13 minutes
Epoch #194: train loss = 0.541080, val loss = 0.003004, total loss = 0.369821, Epoch time: 32.67 seconds, remaining time: 434.18 minutes
Epoch #195: train loss = 0.534242, val loss = 0.003055, total loss = 0.365175, Epoch time: 31.24 seconds, remaining time: 431.19 minutes
Epoch #196: train loss = 0.512556, val loss = 0.003746, total loss = 0.350612, Epoch time: 32.67 seconds, remaining time: 431.53 minutes
Epoch #197: train loss = 0.546601, val loss = 0.005469, total loss = 0.374369, Epoch time: 30.87 seconds, remaining time: 429.80 minutes
Epoch #198: train loss = 0.500972, val loss = 0.004230, total loss = 0.342868, Epoch time: 32.70 seconds, remaining time: 429.62 minutes
Epoch #199: train loss = 0.523147, val loss = 0.005257, total loss = 0.358312, Epoch time: 31.98 seconds, remaining time: 429.41 minutes
Epoch #200: train loss = 0.514176, val loss = 0.002814, total loss = 0.351419, Epoch time: 32.00 seconds, remaining time: 428.18 minutes
Epoch #201: train loss = 0.513948, val loss = 0.002736, total loss = 0.351239, Epoch time: 33.34 seconds, remaining time: 429.39 minutes
Epoch #202: train loss = 0.510973, val loss = 0.002818, total loss = 0.349237, Epoch time: 32.98 seconds, remaining time: 429.65 minutes
Epoch #203: train loss = 0.525195, val loss = 0.003631, total loss = 0.359191, Epoch time: 33.92 seconds, remaining time: 430.34 minutes
Epoch #204: train loss = 0.516194, val loss = 0.002749, total loss = 0.352774, Epoch time: 32.45 seconds, remaining time: 429.50 minutes
Epoch #205: train loss = 0.523525, val loss = 0.007064, total loss = 0.359145, Epoch time: 32.74 seconds, remaining time: 430.95 minutes
Epoch #206: train loss = 0.528552, val loss = 0.004474, total loss = 0.361748, Epoch time: 33.12 seconds, remaining time: 431.01 minutes
Epoch #207: train loss = 0.510240, val loss = 0.002670, total loss = 0.348690, Epoch time: 31.38 seconds, remaining time: 431.14 minutes
Epoch #208: train loss = 0.532313, val loss = 0.003036, total loss = 0.363854, Epoch time: 31.43 seconds, remaining time: 428.92 minutes
Epoch #209: train loss = 0.518294, val loss = 0.003376, total loss = 0.354405, Epoch time: 36.95 seconds, remaining time: 434.92 minutes
Epoch #210: train loss = 0.519627, val loss = 0.003767, total loss = 0.355438, Epoch time: 36.53 seconds, remaining time: 440.33 minutes
Epoch #211: train loss = 0.519942, val loss = 0.002778, total loss = 0.355338, Epoch time: 36.74 seconds, remaining time: 444.23 minutes
Epoch #212: train loss = 0.517424, val loss = 0.004938, total loss = 0.354309, Epoch time: 35.94 seconds, remaining time: 447.55 minutes
Epoch #213: train loss = 0.518692, val loss = 0.004775, total loss = 0.355122, Epoch time: 37.47 seconds, remaining time: 451.63 minutes
Epoch #214: train loss = 0.512720, val loss = 0.006717, total loss = 0.351669, Epoch time: 35.50 seconds, remaining time: 455.05 minutes
Epoch #215: train loss = 0.510533, val loss = 0.005606, total loss = 0.349824, Epoch time: 33.75 seconds, remaining time: 455.78 minutes
Epoch #216: train loss = 0.514937, val loss = 0.006321, total loss = 0.353054, Epoch time: 37.09 seconds, remaining time: 460.38 minutes
Epoch #217: train loss = 0.495058, val loss = 0.004230, total loss = 0.338837, Epoch time: 35.44 seconds, remaining time: 465.08 minutes
Epoch #218: train loss = 0.502996, val loss = 0.002782, total loss = 0.343787, Epoch time: 35.77 seconds, remaining time: 470.14 minutes
Epoch #219: train loss = 0.501386, val loss = 0.003393, total loss = 0.342884, Epoch time: 36.79 seconds, remaining time: 469.32 minutes
Epoch #220: train loss = 0.516547, val loss = 0.003415, total loss = 0.353227, Epoch time: 37.17 seconds, remaining time: 469.56 minutes
Epoch #221: train loss = 0.532035, val loss = 0.002258, total loss = 0.363417, Epoch time: 36.82 seconds, remaining time: 469.06 minutes
Epoch #222: train loss = 0.520995, val loss = 0.003207, total loss = 0.356193, Epoch time: 35.84 seconds, remaining time: 468.33 minutes
Epoch #223: train loss = 0.529178, val loss = 0.002599, total loss = 0.361578, Epoch time: 36.37 seconds, remaining time: 466.31 minutes
Epoch #224: train loss = 0.508807, val loss = 0.002893, total loss = 0.347784, Epoch time: 35.55 seconds, remaining time: 465.77 minutes
Epoch #225: train loss = 0.531803, val loss = 0.003681, total loss = 0.363712, Epoch time: 37.73 seconds, remaining time: 470.30 minutes
Epoch #226: train loss = 0.522882, val loss = 0.002136, total loss = 0.357138, Epoch time: 36.06 seconds, remaining time: 468.36 minutes
Epoch #227: train loss = 0.522944, val loss = 0.002695, total loss = 0.357359, Epoch time: 36.96 seconds, remaining time: 469.71 minutes
Epoch #228: train loss = 0.523668, val loss = 0.003702, total loss = 0.358172, Epoch time: 36.06 seconds, remaining time: 469.47 minutes
Epoch #229: train loss = 0.531763, val loss = 0.003552, total loss = 0.363643, Epoch time: 37.73 seconds, remaining time: 470.08 minutes
Epoch #230: train loss = 0.533474, val loss = 0.004703, total loss = 0.365176, Epoch time: 35.83 seconds, remaining time: 467.74 minutes
Epoch #231: train loss = 0.509580, val loss = 0.004100, total loss = 0.348696, Epoch time: 36.33 seconds, remaining time: 466.50 minutes
Epoch #232: train loss = 0.506755, val loss = 0.002333, total loss = 0.346207, Epoch time: 36.16 seconds, remaining time: 466.30 minutes
Epoch #233: train loss = 0.501879, val loss = 0.003127, total loss = 0.343136, Epoch time: 36.51 seconds, remaining time: 465.88 minutes
Epoch #234: train loss = 0.500377, val loss = 0.002075, total loss = 0.341777, Epoch time: 36.59 seconds, remaining time: 466.59 minutes
Epoch #235: train loss = 0.529829, val loss = 0.005731, total loss = 0.363019, Epoch time: 35.80 seconds, remaining time: 463.52 minutes
Epoch #236: train loss = 0.513531, val loss = 0.003259, total loss = 0.351121, Epoch time: 37.97 seconds, remaining time: 465.35 minutes
Epoch #237: train loss = 0.522384, val loss = 0.003939, total loss = 0.357373, Epoch time: 37.47 seconds, remaining time: 465.38 minutes
Epoch #238: train loss = 0.512317, val loss = 0.002732, total loss = 0.350126, Epoch time: 35.94 seconds, remaining time: 464.62 minutes
Epoch #239: train loss = 0.533543, val loss = 0.005764, total loss = 0.365561, Epoch time: 37.14 seconds, remaining time: 463.27 minutes
Epoch #240: train loss = 0.512679, val loss = 0.004023, total loss = 0.350784, Epoch time: 34.99 seconds, remaining time: 461.60 minutes
Epoch #241: train loss = 0.525719, val loss = 0.002929, total loss = 0.359325, Epoch time: 35.08 seconds, remaining time: 459.42 minutes
Epoch #242: train loss = 0.510421, val loss = 0.003268, total loss = 0.349004, Epoch time: 36.27 seconds, remaining time: 458.95 minutes
Epoch #243: train loss = 0.529966, val loss = 0.002535, total loss = 0.362095, Epoch time: 34.82 seconds, remaining time: 456.22 minutes
Epoch #244: train loss = 0.532311, val loss = 0.004414, total loss = 0.364291, Epoch time: 37.51 seconds, remaining time: 456.78 minutes
Epoch #245: train loss = 0.520451, val loss = 0.003235, total loss = 0.355831, Epoch time: 37.00 seconds, remaining time: 457.69 minutes
Epoch #246: train loss = 0.503657, val loss = 0.002898, total loss = 0.344275, Epoch time: 34.93 seconds, remaining time: 453.27 minutes
Epoch #247: train loss = 0.522108, val loss = 0.003271, total loss = 0.356972, Epoch time: 38.32 seconds, remaining time: 453.74 minutes
Epoch #248: train loss = 0.486450, val loss = 0.002395, total loss = 0.332385, Epoch time: 34.38 seconds, remaining time: 451.17 minutes
Epoch #249: train loss = 0.512438, val loss = 0.002101, total loss = 0.350008, Epoch time: 34.62 seconds, remaining time: 447.42 minutes
Epoch #250: train loss = 0.524980, val loss = 0.004262, total loss = 0.359245, Epoch time: 36.38 seconds, remaining time: 448.55 minutes
Epoch #251: train loss = 0.511281, val loss = 0.002858, total loss = 0.349459, Epoch time: 39.36 seconds, remaining time: 453.29 minutes
Epoch #252: train loss = 0.512336, val loss = 0.004268, total loss = 0.350627, Epoch time: 37.12 seconds, remaining time: 453.75 minutes
Epoch #253: train loss = 0.520377, val loss = 0.004170, total loss = 0.356078, Epoch time: 36.89 seconds, remaining time: 455.71 minutes
Epoch #254: train loss = 0.504885, val loss = 0.004641, total loss = 0.345667, Epoch time: 35.32 seconds, remaining time: 452.38 minutes
Epoch #255: train loss = 0.505270, val loss = 0.003275, total loss = 0.345495, Epoch time: 34.35 seconds, remaining time: 448.49 minutes
Epoch #256: train loss = 0.512922, val loss = 0.003925, total loss = 0.350918, Epoch time: 36.81 seconds, remaining time: 450.22 minutes
Epoch #257: train loss = 0.501715, val loss = 0.002494, total loss = 0.342822, Epoch time: 35.42 seconds, remaining time: 446.02 minutes
Epoch #258: train loss = 0.514715, val loss = 0.002731, total loss = 0.351760, Epoch time: 38.98 seconds, remaining time: 451.10 minutes
Epoch #259: train loss = 0.523476, val loss = 0.003649, total loss = 0.358025, Epoch time: 35.12 seconds, remaining time: 451.10 minutes
Epoch #260: train loss = 0.511075, val loss = 0.003644, total loss = 0.349569, Epoch time: 38.36 seconds, remaining time: 452.93 minutes
Epoch #261: train loss = 0.503482, val loss = 0.003916, total loss = 0.344480, Epoch time: 35.55 seconds, remaining time: 447.63 minutes
Epoch #262: train loss = 0.517715, val loss = 0.002926, total loss = 0.353867, Epoch time: 36.18 seconds, remaining time: 445.87 minutes
Epoch #263: train loss = 0.508456, val loss = 0.003178, total loss = 0.347636, Epoch time: 35.08 seconds, remaining time: 443.04 minutes
Epoch #264: train loss = 0.520415, val loss = 0.002655, total loss = 0.355622, Epoch time: 35.32 seconds, remaining time: 442.43 minutes
Epoch #265: train loss = 0.511843, val loss = 0.004541, total loss = 0.350378, Epoch time: 34.58 seconds, remaining time: 442.11 minutes
Epoch #266: train loss = 0.517094, val loss = 0.002416, total loss = 0.353281, Epoch time: 36.56 seconds, remaining time: 441.20 minutes
Epoch #267: train loss = 0.506297, val loss = 0.002329, total loss = 0.345894, Epoch time: 35.99 seconds, remaining time: 441.29 minutes
Epoch #268: train loss = 0.517875, val loss = 0.006011, total loss = 0.354959, Epoch time: 35.45 seconds, remaining time: 436.39 minutes
Epoch #269: train loss = 0.510269, val loss = 0.003016, total loss = 0.348820, Epoch time: 36.48 seconds, remaining time: 437.44 minutes
Epoch #270: train loss = 0.483007, val loss = 0.003851, total loss = 0.330501, Epoch time: 36.16 seconds, remaining time: 434.17 minutes
Epoch #271: train loss = 0.526527, val loss = 0.002600, total loss = 0.359771, Epoch time: 37.61 seconds, remaining time: 436.07 minutes
Epoch #272: train loss = 0.526048, val loss = 0.003940, total loss = 0.359871, Epoch time: 36.25 seconds, remaining time: 435.55 minutes
Epoch #273: train loss = 0.520779, val loss = 0.004223, total loss = 0.356369, Epoch time: 36.34 seconds, remaining time: 436.48 minutes
Epoch #274: train loss = 0.498617, val loss = 0.003964, total loss = 0.341179, Epoch time: 35.06 seconds, remaining time: 435.57 minutes
Epoch #275: train loss = 0.517876, val loss = 0.003437, total loss = 0.354140, Epoch time: 35.58 seconds, remaining time: 436.17 minutes
Epoch #276: train loss = 0.538501, val loss = 0.004906, total loss = 0.368668, Epoch time: 34.57 seconds, remaining time: 433.17 minutes
Epoch #277: train loss = 0.526415, val loss = 0.002846, total loss = 0.359773, Epoch time: 35.07 seconds, remaining time: 431.47 minutes
Epoch #278: train loss = 0.514589, val loss = 0.003396, total loss = 0.351886, Epoch time: 35.80 seconds, remaining time: 431.29 minutes
Epoch #279: train loss = 0.514423, val loss = 0.003627, total loss = 0.351846, Epoch time: 34.51 seconds, remaining time: 428.33 minutes
Epoch #280: train loss = 0.505024, val loss = 0.002291, total loss = 0.345013, Epoch time: 34.34 seconds, remaining time: 425.56 minutes
Epoch #281: train loss = 0.496892, val loss = 0.002787, total loss = 0.339628, Epoch time: 36.25 seconds, remaining time: 423.34 minutes
Epoch #282: train loss = 0.508734, val loss = 0.003360, total loss = 0.347883, Epoch time: 34.85 seconds, remaining time: 421.09 minutes
Epoch #283: train loss = 0.520231, val loss = 0.003025, total loss = 0.355614, Epoch time: 32.91 seconds, remaining time: 416.41 minutes
Epoch #284: train loss = 0.531106, val loss = 0.003437, total loss = 0.363159, Epoch time: 35.83 seconds, remaining time: 416.75 minutes
Epoch #285: train loss = 0.525303, val loss = 0.002432, total loss = 0.358883, Epoch time: 36.30 seconds, remaining time: 417.02 minutes
Epoch #286: train loss = 0.517480, val loss = 0.006218, total loss = 0.354755, Epoch time: 36.65 seconds, remaining time: 418.91 minutes
Epoch #287: train loss = 0.529749, val loss = 0.002547, total loss = 0.361950, Epoch time: 34.77 seconds, remaining time: 417.97 minutes
Epoch #288: train loss = 0.508479, val loss = 0.002864, total loss = 0.347551, Epoch time: 35.20 seconds, remaining time: 416.66 minutes
Epoch #289: train loss = 0.505954, val loss = 0.004122, total loss = 0.346230, Epoch time: 35.78 seconds, remaining time: 417.59 minutes
Epoch #290: train loss = 0.502364, val loss = 0.003578, total loss = 0.343610, Epoch time: 36.52 seconds, remaining time: 419.57 minutes
Epoch #291: train loss = 0.481241, val loss = 0.002920, total loss = 0.329000, Epoch time: 37.75 seconds, remaining time: 420.76 minutes
Epoch #292: train loss = 0.528184, val loss = 0.003985, total loss = 0.361341, Epoch time: 38.12 seconds, remaining time: 424.01 minutes
Epoch #293: train loss = 0.519031, val loss = 0.002514, total loss = 0.354634, Epoch time: 34.94 seconds, remaining time: 425.80 minutes
Epoch #294: train loss = 0.504335, val loss = 0.002051, total loss = 0.344467, Epoch time: 34.30 seconds, remaining time: 423.39 minutes
Epoch #295: train loss = 0.525949, val loss = 0.002280, total loss = 0.359275, Epoch time: 34.87 seconds, remaining time: 421.11 minutes
Epoch #296: train loss = 0.520440, val loss = 0.003288, total loss = 0.355841, Epoch time: 35.21 seconds, remaining time: 418.84 minutes
Epoch #297: train loss = 0.517467, val loss = 0.002798, total loss = 0.353657, Epoch time: 35.74 seconds, remaining time: 419.37 minutes
Epoch #298: train loss = 0.518266, val loss = 0.002874, total loss = 0.354227, Epoch time: 35.45 seconds, remaining time: 419.06 minutes
Epoch #299: train loss = 0.496620, val loss = 0.002437, total loss = 0.339331, Epoch time: 34.13 seconds, remaining time: 416.54 minutes
Epoch #300: train loss = 0.491975, val loss = 0.002820, total loss = 0.336286, Epoch time: 36.61 seconds, remaining time: 416.05 minutes
Epoch #301: train loss = 0.507563, val loss = 0.003224, total loss = 0.347042, Epoch time: 35.22 seconds, remaining time: 412.51 minutes
Epoch #302: train loss = 0.516257, val loss = 0.002466, total loss = 0.352727, Epoch time: 37.08 seconds, remaining time: 410.71 minutes
Epoch #303: train loss = 0.512366, val loss = 0.002867, total loss = 0.350202, Epoch time: 36.55 seconds, remaining time: 411.98 minutes
Epoch #304: train loss = 0.490063, val loss = 0.002695, total loss = 0.334943, Epoch time: 37.23 seconds, remaining time: 414.78 minutes
Epoch #305: train loss = 0.506639, val loss = 0.002691, total loss = 0.346242, Epoch time: 35.65 seconds, remaining time: 415.09 minutes
Epoch #306: train loss = 0.516434, val loss = 0.001323, total loss = 0.352484, Epoch time: 36.07 seconds, remaining time: 415.48 minutes
Epoch #307: train loss = 0.498857, val loss = 0.003316, total loss = 0.341136, Epoch time: 34.61 seconds, remaining time: 413.58 minutes
Epoch #308: train loss = 0.520387, val loss = 0.005193, total loss = 0.356411, Epoch time: 34.45 seconds, remaining time: 411.84 minutes
Epoch #309: train loss = 0.513187, val loss = 0.003220, total loss = 0.350874, Epoch time: 35.94 seconds, remaining time: 413.32 minutes
Epoch #310: train loss = 0.538422, val loss = 0.002900, total loss = 0.367975, Epoch time: 36.42 seconds, remaining time: 412.50 minutes
Epoch #311: train loss = 0.497076, val loss = 0.004424, total loss = 0.340274, Epoch time: 34.82 seconds, remaining time: 411.44 minutes
Epoch #312: train loss = 0.524037, val loss = 0.003136, total loss = 0.358244, Epoch time: 35.98 seconds, remaining time: 409.58 minutes
Epoch #313: train loss = 0.502693, val loss = 0.003706, total loss = 0.343875, Epoch time: 35.44 seconds, remaining time: 407.71 minutes
Epoch #314: train loss = 0.516280, val loss = 0.002682, total loss = 0.352812, Epoch time: 35.72 seconds, remaining time: 405.41 minutes
Epoch #315: train loss = 0.515825, val loss = 0.002064, total loss = 0.352304, Epoch time: 35.82 seconds, remaining time: 405.01 minutes
Epoch #316: train loss = 0.512179, val loss = 0.003128, total loss = 0.350158, Epoch time: 34.75 seconds, remaining time: 402.92 minutes
Epoch #317: train loss = 0.500838, val loss = 0.003563, total loss = 0.342565, Epoch time: 35.20 seconds, remaining time: 403.00 minutes
Epoch #318: train loss = 0.513807, val loss = 0.003145, total loss = 0.351273, Epoch time: 34.59 seconds, remaining time: 402.56 minutes
Epoch #319: train loss = 0.494577, val loss = 0.004217, total loss = 0.338504, Epoch time: 36.49 seconds, remaining time: 402.59 minutes
Epoch #320: train loss = 0.506919, val loss = 0.002480, total loss = 0.346366, Epoch time: 36.78 seconds, remaining time: 402.41 minutes
Epoch #321: train loss = 0.506263, val loss = 0.002358, total loss = 0.345879, Epoch time: 35.79 seconds, remaining time: 402.92 minutes
Epoch #322: train loss = 0.490142, val loss = 0.003073, total loss = 0.335117, Epoch time: 36.69 seconds, remaining time: 403.12 minutes
Epoch #323: train loss = 0.508144, val loss = 0.003061, total loss = 0.347386, Epoch time: 35.08 seconds, remaining time: 402.12 minutes
Epoch #324: train loss = 0.525436, val loss = 0.005320, total loss = 0.359893, Epoch time: 36.27 seconds, remaining time: 402.14 minutes
Epoch #325: train loss = 0.504088, val loss = 0.003181, total loss = 0.344658, Epoch time: 37.33 seconds, remaining time: 403.24 minutes
Epoch #326: train loss = 0.521058, val loss = 0.002205, total loss = 0.355917, Epoch time: 34.81 seconds, remaining time: 402.71 minutes
Epoch #327: train loss = 0.510426, val loss = 0.002536, total loss = 0.348774, Epoch time: 34.04 seconds, remaining time: 400.81 minutes
Epoch #328: train loss = 0.509248, val loss = 0.004806, total loss = 0.348694, Epoch time: 34.75 seconds, remaining time: 400.39 minutes
Epoch #329: train loss = 0.505521, val loss = 0.003287, total loss = 0.345669, Epoch time: 34.40 seconds, remaining time: 397.47 minutes
Epoch #330: train loss = 0.507495, val loss = 0.002525, total loss = 0.346772, Epoch time: 34.25 seconds, remaining time: 394.05 minutes
Epoch #331: train loss = 0.512969, val loss = 0.003317, total loss = 0.350757, Epoch time: 34.80 seconds, remaining time: 392.36 minutes
Epoch #332: train loss = 0.484729, val loss = 0.004902, total loss = 0.332009, Epoch time: 35.12 seconds, remaining time: 390.02 minutes
Epoch #333: train loss = 0.513795, val loss = 0.003828, total loss = 0.351482, Epoch time: 36.70 seconds, remaining time: 391.23 minutes
Epoch #334: train loss = 0.508076, val loss = 0.002898, total loss = 0.347287, Epoch time: 35.48 seconds, remaining time: 389.77 minutes
Epoch #335: train loss = 0.507647, val loss = 0.002398, total loss = 0.346836, Epoch time: 36.50 seconds, remaining time: 388.26 minutes
Epoch #336: train loss = 0.510057, val loss = 0.002534, total loss = 0.348522, Epoch time: 36.29 seconds, remaining time: 389.31 minutes
Epoch #337: train loss = 0.532513, val loss = 0.002843, total loss = 0.363929, Epoch time: 35.28 seconds, remaining time: 390.10 minutes
Epoch #338: train loss = 0.505837, val loss = 0.004391, total loss = 0.346236, Epoch time: 36.69 seconds, remaining time: 391.64 minutes
Epoch #339: train loss = 0.507498, val loss = 0.002320, total loss = 0.346709, Epoch time: 35.37 seconds, remaining time: 392.12 minutes
Epoch #340: train loss = 0.504194, val loss = 0.002453, total loss = 0.344499, Epoch time: 37.34 seconds, remaining time: 394.92 minutes
Epoch #341: train loss = 0.497512, val loss = 0.002240, total loss = 0.339877, Epoch time: 35.80 seconds, remaining time: 395.42 minutes
Epoch #342: train loss = 0.505225, val loss = 0.002342, total loss = 0.345167, Epoch time: 35.90 seconds, remaining time: 395.68 minutes
Epoch #343: train loss = 0.534917, val loss = 0.002957, total loss = 0.365604, Epoch time: 34.82 seconds, remaining time: 393.02 minutes
Epoch #344: train loss = 0.508019, val loss = 0.003519, total loss = 0.347446, Epoch time: 36.32 seconds, remaining time: 393.33 minutes
Epoch #345: train loss = 0.519478, val loss = 0.002556, total loss = 0.354952, Epoch time: 35.94 seconds, remaining time: 392.13 minutes
Epoch #346: train loss = 0.493774, val loss = 0.001886, total loss = 0.337216, Epoch time: 35.55 seconds, remaining time: 390.72 minutes
Epoch #347: train loss = 0.506733, val loss = 0.002401, total loss = 0.346214, Epoch time: 35.97 seconds, remaining time: 390.86 minutes
Epoch #348: train loss = 0.504944, val loss = 0.003721, total loss = 0.345414, Epoch time: 35.92 seconds, remaining time: 389.43 minutes
Epoch #349: train loss = 0.500396, val loss = 0.003923, total loss = 0.342378, Epoch time: 37.77 seconds, remaining time: 391.43 minutes
Epoch #350: train loss = 0.511519, val loss = 0.003026, total loss = 0.349675, Epoch time: 35.81 seconds, remaining time: 389.17 minutes
Epoch #351: train loss = 0.495896, val loss = 0.003333, total loss = 0.339122, Epoch time: 36.04 seconds, remaining time: 388.82 minutes
Epoch #352: train loss = 0.501716, val loss = 0.003266, total loss = 0.343069, Epoch time: 35.77 seconds, remaining time: 388.09 minutes
Epoch #353: train loss = 0.516420, val loss = 0.002594, total loss = 0.352879, Epoch time: 34.95 seconds, remaining time: 387.63 minutes
Epoch #354: train loss = 0.495011, val loss = 0.002627, total loss = 0.338295, Epoch time: 30.82 seconds, remaining time: 381.12 minutes
Epoch #355: train loss = 0.491213, val loss = 0.003538, total loss = 0.335995, Epoch time: 32.85 seconds, remaining time: 377.21 minutes
Epoch #356: train loss = 0.526330, val loss = 0.003584, total loss = 0.359950, Epoch time: 32.82 seconds, remaining time: 373.69 minutes
Epoch #357: train loss = 0.518999, val loss = 0.002483, total loss = 0.354601, Epoch time: 32.81 seconds, remaining time: 369.73 minutes
Epoch #358: train loss = 0.509221, val loss = 0.004097, total loss = 0.348449, Epoch time: 31.45 seconds, remaining time: 364.38 minutes
Epoch #359: train loss = 0.496366, val loss = 0.006437, total loss = 0.340431, Epoch time: 30.50 seconds, remaining time: 356.06 minutes
Epoch #360: train loss = 0.518580, val loss = 0.002512, total loss = 0.354325, Epoch time: 33.03 seconds, remaining time: 352.55 minutes
Epoch #361: train loss = 0.508422, val loss = 0.002499, total loss = 0.347396, Epoch time: 31.11 seconds, remaining time: 346.75 minutes
Epoch #362: train loss = 0.492793, val loss = 0.003033, total loss = 0.336912, Epoch time: 31.04 seconds, remaining time: 341.19 minutes
Epoch #363: train loss = 0.532201, val loss = 0.003031, total loss = 0.363776, Epoch time: 32.33 seconds, remaining time: 337.86 minutes
Epoch #364: train loss = 0.523276, val loss = 0.003274, total loss = 0.357769, Epoch time: 30.63 seconds, remaining time: 337.13 minutes
Epoch #365: train loss = 0.517011, val loss = 0.004606, total loss = 0.353922, Epoch time: 31.44 seconds, remaining time: 335.12 minutes
Epoch #366: train loss = 0.509900, val loss = 0.003028, total loss = 0.348572, Epoch time: 31.16 seconds, remaining time: 332.84 minutes
Epoch #367: train loss = 0.517759, val loss = 0.003286, total loss = 0.354012, Epoch time: 30.31 seconds, remaining time: 329.69 minutes
Epoch #368: train loss = 0.499369, val loss = 0.002698, total loss = 0.341288, Epoch time: 31.48 seconds, remaining time: 329.20 minutes
Epoch #369: train loss = 0.498368, val loss = 0.002237, total loss = 0.340459, Epoch time: 31.72 seconds, remaining time: 329.96 minutes
Epoch #370: train loss = 0.504428, val loss = 0.004728, total loss = 0.345383, Epoch time: 30.41 seconds, remaining time: 326.68 minutes
Epoch #371: train loss = 0.522741, val loss = 0.003463, total loss = 0.357465, Epoch time: 31.98 seconds, remaining time: 327.08 minutes
Epoch #372: train loss = 0.521064, val loss = 0.003373, total loss = 0.356292, Epoch time: 31.19 seconds, remaining time: 326.71 minutes
Epoch #373: train loss = 0.514645, val loss = 0.002226, total loss = 0.351552, Epoch time: 29.98 seconds, remaining time: 323.74 minutes
Epoch #374: train loss = 0.516034, val loss = 0.003070, total loss = 0.352767, Epoch time: 31.47 seconds, remaining time: 324.10 minutes
Epoch #375: train loss = 0.511132, val loss = 0.003179, total loss = 0.349460, Epoch time: 31.86 seconds, remaining time: 324.02 minutes
Epoch #376: train loss = 0.528315, val loss = 0.002662, total loss = 0.361009, Epoch time: 30.58 seconds, remaining time: 322.90 minutes
Epoch #377: train loss = 0.512982, val loss = 0.002609, total loss = 0.350540, Epoch time: 30.49 seconds, remaining time: 322.56 minutes
Epoch #378: train loss = 0.509954, val loss = 0.002806, total loss = 0.348538, Epoch time: 30.23 seconds, remaining time: 320.75 minutes
Epoch #379: train loss = 0.515640, val loss = 0.003589, total loss = 0.352664, Epoch time: 31.53 seconds, remaining time: 320.03 minutes
Epoch #380: train loss = 0.494476, val loss = 0.003036, total loss = 0.338060, Epoch time: 31.01 seconds, remaining time: 320.13 minutes
Epoch #381: train loss = 0.497989, val loss = 0.002398, total loss = 0.340252, Epoch time: 31.34 seconds, remaining time: 318.96 minutes
Epoch #382: train loss = 0.500290, val loss = 0.003049, total loss = 0.342028, Epoch time: 32.11 seconds, remaining time: 319.39 minutes
Epoch #383: train loss = 0.491150, val loss = 0.002750, total loss = 0.335702, Epoch time: 30.54 seconds, remaining time: 319.45 minutes
Epoch #384: train loss = 0.513566, val loss = 0.004440, total loss = 0.351521, Epoch time: 31.87 seconds, remaining time: 319.34 minutes
Epoch #385: train loss = 0.513520, val loss = 0.003419, total loss = 0.351164, Epoch time: 29.85 seconds, remaining time: 316.76 minutes
Epoch #386: train loss = 0.494361, val loss = 0.001801, total loss = 0.337588, Epoch time: 31.25 seconds, remaining time: 316.93 minutes
Epoch #387: train loss = 0.514950, val loss = 0.003566, total loss = 0.352186, Epoch time: 30.28 seconds, remaining time: 316.20 minutes
Epoch #388: train loss = 0.514725, val loss = 0.002086, total loss = 0.351562, Epoch time: 31.12 seconds, remaining time: 316.59 minutes
Epoch #389: train loss = 0.512120, val loss = 0.002275, total loss = 0.349846, Epoch time: 30.92 seconds, remaining time: 315.46 minutes
Epoch #390: train loss = 0.515864, val loss = 0.004763, total loss = 0.353190, Epoch time: 31.93 seconds, remaining time: 315.88 minutes
Epoch #391: train loss = 0.510202, val loss = 0.003676, total loss = 0.348984, Epoch time: 31.94 seconds, remaining time: 315.96 minutes
Epoch #392: train loss = 0.509361, val loss = 0.003886, total loss = 0.348478, Epoch time: 28.87 seconds, remaining time: 312.17 minutes
Epoch #393: train loss = 0.501871, val loss = 0.003651, total loss = 0.343297, Epoch time: 31.45 seconds, remaining time: 312.57 minutes
Epoch #394: train loss = 0.513248, val loss = 0.002070, total loss = 0.350550, Epoch time: 31.24 seconds, remaining time: 311.43 minutes
Epoch #395: train loss = 0.522124, val loss = 0.005278, total loss = 0.357622, Epoch time: 30.77 seconds, remaining time: 311.84 minutes
Epoch #396: train loss = 0.533433, val loss = 0.004883, total loss = 0.365205, Epoch time: 31.92 seconds, remaining time: 311.99 minutes
Epoch #397: train loss = 0.477269, val loss = 0.002217, total loss = 0.326069, Epoch time: 30.81 seconds, remaining time: 312.00 minutes
Epoch #398: train loss = 0.514137, val loss = 0.002872, total loss = 0.351411, Epoch time: 32.20 seconds, remaining time: 312.57 minutes
Epoch #399: train loss = 0.503204, val loss = 0.003306, total loss = 0.344096, Epoch time: 30.56 seconds, remaining time: 311.68 minutes
Epoch #400: train loss = 0.508496, val loss = 0.002392, total loss = 0.347413, Epoch time: 30.85 seconds, remaining time: 310.09 minutes
Epoch #401: train loss = 0.513561, val loss = 0.002359, total loss = 0.350855, Epoch time: 30.76 seconds, remaining time: 308.39 minutes
Epoch #402: train loss = 0.505192, val loss = 0.003054, total loss = 0.345371, Epoch time: 30.21 seconds, remaining time: 309.21 minutes
Epoch #403: train loss = 0.498042, val loss = 0.003323, total loss = 0.340582, Epoch time: 29.15 seconds, remaining time: 306.40 minutes
Epoch #404: train loss = 0.509520, val loss = 0.001906, total loss = 0.347956, Epoch time: 32.05 seconds, remaining time: 306.69 minutes
Epoch #405: train loss = 0.491397, val loss = 0.004172, total loss = 0.336322, Epoch time: 31.43 seconds, remaining time: 306.83 minutes
Epoch #406: train loss = 0.526137, val loss = 0.003094, total loss = 0.359662, Epoch time: 32.49 seconds, remaining time: 306.88 minutes
Epoch #407: train loss = 0.491293, val loss = 0.002645, total loss = 0.335766, Epoch time: 31.23 seconds, remaining time: 306.78 minutes
Epoch #408: train loss = 0.496388, val loss = 0.001616, total loss = 0.338911, Epoch time: 30.69 seconds, remaining time: 304.78 minutes
Epoch #409: train loss = 0.510475, val loss = 0.002801, total loss = 0.348892, Epoch time: 32.57 seconds, remaining time: 306.24 minutes
Epoch #410: train loss = 0.511122, val loss = 0.003217, total loss = 0.349465, Epoch time: 31.26 seconds, remaining time: 306.12 minutes
Epoch #411: train loss = 0.502002, val loss = 0.001833, total loss = 0.342808, Epoch time: 30.90 seconds, remaining time: 305.74 minutes
Epoch #412: train loss = 0.501655, val loss = 0.003065, total loss = 0.342963, Epoch time: 30.64 seconds, remaining time: 305.64 minutes
Epoch #413: train loss = 0.495563, val loss = 0.002888, total loss = 0.338754, Epoch time: 31.76 seconds, remaining time: 307.68 minutes
Epoch #414: train loss = 0.498408, val loss = 0.002306, total loss = 0.340508, Epoch time: 30.60 seconds, remaining time: 305.74 minutes
Epoch #415: train loss = 0.526226, val loss = 0.006299, total loss = 0.360743, Epoch time: 30.30 seconds, remaining time: 304.12 minutes
Epoch #416: train loss = 0.514759, val loss = 0.004543, total loss = 0.352367, Epoch time: 31.43 seconds, remaining time: 302.58 minutes
Epoch #417: train loss = 0.502983, val loss = 0.002398, total loss = 0.343656, Epoch time: 29.44 seconds, remaining time: 300.32 minutes
Epoch #418: train loss = 0.505340, val loss = 0.003222, total loss = 0.345525, Epoch time: 31.03 seconds, remaining time: 300.13 minutes
Epoch #419: train loss = 0.509961, val loss = 0.005397, total loss = 0.349368, Epoch time: 31.03 seconds, remaining time: 298.13 minutes
Epoch #420: train loss = 0.504346, val loss = 0.002819, total loss = 0.344719, Epoch time: 29.16 seconds, remaining time: 295.60 minutes
Epoch #421: train loss = 0.508432, val loss = 0.003265, total loss = 0.347647, Epoch time: 30.95 seconds, remaining time: 295.13 minutes
Epoch #422: train loss = 0.507906, val loss = 0.002693, total loss = 0.347106, Epoch time: 31.32 seconds, remaining time: 295.27 minutes
Epoch #423: train loss = 0.491540, val loss = 0.002125, total loss = 0.335768, Epoch time: 31.15 seconds, remaining time: 294.16 minutes
Epoch #424: train loss = 0.507420, val loss = 0.007389, total loss = 0.348269, Epoch time: 31.54 seconds, remaining time: 294.55 minutes
Epoch #425: train loss = 0.509274, val loss = 0.002704, total loss = 0.348042, Epoch time: 30.78 seconds, remaining time: 294.50 minutes
Epoch #426: train loss = 0.520119, val loss = 0.003341, total loss = 0.355638, Epoch time: 30.41 seconds, remaining time: 293.01 minutes
Epoch #427: train loss = 0.510445, val loss = 0.002572, total loss = 0.348799, Epoch time: 30.81 seconds, remaining time: 293.80 minutes
Epoch #428: train loss = 0.508465, val loss = 0.002944, total loss = 0.347567, Epoch time: 29.67 seconds, remaining time: 291.99 minutes
Epoch #429: train loss = 0.501143, val loss = 0.003784, total loss = 0.342843, Epoch time: 31.38 seconds, remaining time: 291.81 minutes
Epoch #430: train loss = 0.509168, val loss = 0.002345, total loss = 0.347856, Epoch time: 31.66 seconds, remaining time: 293.66 minutes
Epoch #431: train loss = 0.493732, val loss = 0.002351, total loss = 0.337335, Epoch time: 30.38 seconds, remaining time: 292.60 minutes
Epoch #432: train loss = 0.484706, val loss = 0.002746, total loss = 0.331307, Epoch time: 30.44 seconds, remaining time: 291.26 minutes
Epoch #433: train loss = 0.522961, val loss = 0.003961, total loss = 0.357773, Epoch time: 32.26 seconds, remaining time: 291.80 minutes
Epoch #434: train loss = 0.509488, val loss = 0.003155, total loss = 0.348332, Epoch time: 30.46 seconds, remaining time: 290.26 minutes
Epoch #435: train loss = 0.509601, val loss = 0.002405, total loss = 0.348170, Epoch time: 31.84 seconds, remaining time: 290.74 minutes
Epoch #436: train loss = 0.522803, val loss = 0.002432, total loss = 0.357179, Epoch time: 31.60 seconds, remaining time: 291.34 minutes
Epoch #437: train loss = 0.513312, val loss = 0.002297, total loss = 0.350665, Epoch time: 31.08 seconds, remaining time: 291.08 minutes
Epoch #438: train loss = 0.506611, val loss = 0.004165, total loss = 0.346692, Epoch time: 31.23 seconds, remaining time: 292.02 minutes
Epoch #439: train loss = 0.495961, val loss = 0.001611, total loss = 0.338619, Epoch time: 30.62 seconds, remaining time: 290.79 minutes
Epoch #440: train loss = 0.512576, val loss = 0.002292, total loss = 0.350162, Epoch time: 32.06 seconds, remaining time: 290.65 minutes
Epoch #441: train loss = 0.517940, val loss = 0.002522, total loss = 0.353892, Epoch time: 30.70 seconds, remaining time: 290.43 minutes
Epoch #442: train loss = 0.488550, val loss = 0.002244, total loss = 0.333768, Epoch time: 31.69 seconds, remaining time: 291.07 minutes
Epoch #443: train loss = 0.487326, val loss = 0.002290, total loss = 0.332948, Epoch time: 30.02 seconds, remaining time: 288.47 minutes
Epoch #444: train loss = 0.491547, val loss = 0.002371, total loss = 0.335851, Epoch time: 30.42 seconds, remaining time: 287.92 minutes
Epoch #445: train loss = 0.509841, val loss = 0.003366, total loss = 0.348640, Epoch time: 30.93 seconds, remaining time: 286.56 minutes
Epoch #446: train loss = 0.487110, val loss = 0.003024, total loss = 0.333035, Epoch time: 31.03 seconds, remaining time: 285.52 minutes
Epoch #447: train loss = 0.491256, val loss = 0.002194, total loss = 0.335597, Epoch time: 32.27 seconds, remaining time: 286.10 minutes
Epoch #448: train loss = 0.507049, val loss = 0.002430, total loss = 0.346438, Epoch time: 26.83 seconds, remaining time: 281.54 minutes
Epoch #449: train loss = 0.494796, val loss = 0.002841, total loss = 0.338216, Epoch time: 23.02 seconds, remaining time: 274.06 minutes
Epoch #450: train loss = 0.509711, val loss = 0.003579, total loss = 0.348619, Epoch time: 24.05 seconds, remaining time: 266.23 minutes
Epoch #451: train loss = 0.497010, val loss = 0.001678, total loss = 0.339355, Epoch time: 24.15 seconds, remaining time: 259.77 minutes
Epoch #452: train loss = 0.514388, val loss = 0.003572, total loss = 0.351805, Epoch time: 23.47 seconds, remaining time: 251.80 minutes
Epoch #453: train loss = 0.507577, val loss = 0.003495, total loss = 0.347137, Epoch time: 23.97 seconds, remaining time: 245.83 minutes
Epoch #454: train loss = 0.500756, val loss = 0.002889, total loss = 0.342294, Epoch time: 24.18 seconds, remaining time: 239.71 minutes
Epoch #455: train loss = 0.513782, val loss = 0.003429, total loss = 0.351346, Epoch time: 24.13 seconds, remaining time: 233.11 minutes
Epoch #456: train loss = 0.498263, val loss = 0.002354, total loss = 0.340425, Epoch time: 24.10 seconds, remaining time: 226.40 minutes
Epoch #457: train loss = 0.491396, val loss = 0.002916, total loss = 0.335922, Epoch time: 23.72 seconds, remaining time: 218.26 minutes
Epoch #458: train loss = 0.497303, val loss = 0.004646, total loss = 0.340500, Epoch time: 24.08 seconds, remaining time: 215.37 minutes
Epoch #459: train loss = 0.518965, val loss = 0.002505, total loss = 0.354586, Epoch time: 23.86 seconds, remaining time: 215.73 minutes
Epoch #460: train loss = 0.510828, val loss = 0.002602, total loss = 0.349069, Epoch time: 23.29 seconds, remaining time: 214.65 minutes
Epoch #461: train loss = 0.512230, val loss = 0.003089, total loss = 0.350180, Epoch time: 23.57 seconds, remaining time: 213.73 minutes
Epoch #462: train loss = 0.507223, val loss = 0.002820, total loss = 0.346681, Epoch time: 23.71 seconds, remaining time: 213.55 minutes
Epoch #463: train loss = 0.496532, val loss = 0.002966, total loss = 0.339439, Epoch time: 23.72 seconds, remaining time: 212.94 minutes
Epoch #464: train loss = 0.509642, val loss = 0.002754, total loss = 0.348309, Epoch time: 23.38 seconds, remaining time: 211.83 minutes
Epoch #465: train loss = 0.492240, val loss = 0.004134, total loss = 0.336885, Epoch time: 23.74 seconds, remaining time: 211.09 minutes
Epoch #466: train loss = 0.508710, val loss = 0.005464, total loss = 0.348536, Epoch time: 23.22 seconds, remaining time: 209.91 minutes
Epoch #467: train loss = 0.511109, val loss = 0.002231, total loss = 0.349143, Epoch time: 24.35 seconds, remaining time: 210.08 minutes
Epoch #468: train loss = 0.508435, val loss = 0.001666, total loss = 0.347140, Epoch time: 23.80 seconds, remaining time: 209.44 minutes
Epoch #469: train loss = 0.515715, val loss = 0.002389, total loss = 0.352333, Epoch time: 23.54 seconds, remaining time: 208.76 minutes
Epoch #470: train loss = 0.503045, val loss = 0.001737, total loss = 0.343488, Epoch time: 23.41 seconds, remaining time: 208.48 minutes
Epoch #471: train loss = 0.504066, val loss = 0.002553, total loss = 0.344444, Epoch time: 23.44 seconds, remaining time: 207.97 minutes
Epoch #472: train loss = 0.504117, val loss = 0.004224, total loss = 0.345010, Epoch time: 23.66 seconds, remaining time: 207.53 minutes
Epoch #473: train loss = 0.479874, val loss = 0.005066, total loss = 0.328752, Epoch time: 23.81 seconds, remaining time: 207.22 minutes
Epoch #474: train loss = 0.507310, val loss = 0.002525, total loss = 0.346646, Epoch time: 23.55 seconds, remaining time: 206.97 minutes
Epoch #475: train loss = 0.496724, val loss = 0.002829, total loss = 0.339527, Epoch time: 23.63 seconds, remaining time: 206.48 minutes
Epoch #476: train loss = 0.504021, val loss = 0.002734, total loss = 0.344471, Epoch time: 23.80 seconds, remaining time: 206.59 minutes
Epoch #477: train loss = 0.485594, val loss = 0.003551, total loss = 0.332169, Epoch time: 23.41 seconds, remaining time: 205.38 minutes
Epoch #478: train loss = 0.523800, val loss = 0.004389, total loss = 0.358481, Epoch time: 22.94 seconds, remaining time: 204.23 minutes
Epoch #479: train loss = 0.491857, val loss = 0.002664, total loss = 0.336156, Epoch time: 23.47 seconds, remaining time: 203.78 minutes
Epoch #480: train loss = 0.512166, val loss = 0.002821, total loss = 0.350051, Epoch time: 23.28 seconds, remaining time: 203.27 minutes
Epoch #481: train loss = 0.503594, val loss = 0.002961, total loss = 0.344252, Epoch time: 22.87 seconds, remaining time: 202.39 minutes
Epoch #482: train loss = 0.493348, val loss = 0.002450, total loss = 0.337104, Epoch time: 22.69 seconds, remaining time: 201.17 minutes
Epoch #483: train loss = 0.497897, val loss = 0.002210, total loss = 0.340129, Epoch time: 23.47 seconds, remaining time: 200.48 minutes
Epoch #484: train loss = 0.504936, val loss = 0.003241, total loss = 0.345256, Epoch time: 23.58 seconds, remaining time: 200.12 minutes
Epoch #485: train loss = 0.509530, val loss = 0.002253, total loss = 0.348073, Epoch time: 23.37 seconds, remaining time: 199.51 minutes
Epoch #486: train loss = 0.493696, val loss = 0.003148, total loss = 0.337563, Epoch time: 23.26 seconds, remaining time: 198.66 minutes
Epoch #487: train loss = 0.487473, val loss = 0.002920, total loss = 0.333249, Epoch time: 23.76 seconds, remaining time: 198.57 minutes
Epoch #488: train loss = 0.501296, val loss = 0.003778, total loss = 0.342945, Epoch time: 23.87 seconds, remaining time: 198.97 minutes
Epoch #489: train loss = 0.512987, val loss = 0.003118, total loss = 0.350705, Epoch time: 23.99 seconds, remaining time: 199.03 minutes
Epoch #490: train loss = 0.501974, val loss = 0.004924, total loss = 0.343772, Epoch time: 23.56 seconds, remaining time: 198.88 minutes
Epoch #491: train loss = 0.522982, val loss = 0.002306, total loss = 0.357261, Epoch time: 23.17 seconds, remaining time: 198.74 minutes
Epoch #492: train loss = 0.504971, val loss = 0.002897, total loss = 0.345171, Epoch time: 23.51 seconds, remaining time: 199.03 minutes
Epoch #493: train loss = 0.510270, val loss = 0.004491, total loss = 0.349290, Epoch time: 23.18 seconds, remaining time: 198.40 minutes
Epoch #494: train loss = 0.496868, val loss = 0.003478, total loss = 0.339831, Epoch time: 23.23 seconds, remaining time: 197.71 minutes
Epoch #495: train loss = 0.497000, val loss = 0.003382, total loss = 0.339891, Epoch time: 23.75 seconds, remaining time: 197.63 minutes
Epoch #496: train loss = 0.507829, val loss = 0.003767, total loss = 0.347396, Epoch time: 22.43 seconds, remaining time: 196.54 minutes
Epoch #497: train loss = 0.494153, val loss = 0.002739, total loss = 0.337745, Epoch time: 23.38 seconds, remaining time: 195.84 minutes
Epoch #498: train loss = 0.491269, val loss = 0.002076, total loss = 0.335568, Epoch time: 23.98 seconds, remaining time: 195.54 minutes
Epoch #499: train loss = 0.504563, val loss = 0.002521, total loss = 0.344773, Epoch time: 22.86 seconds, remaining time: 194.20 minutes
Epoch #500: train loss = 0.520622, val loss = 0.002348, total loss = 0.355665, Epoch time: 24.08 seconds, remaining time: 194.24 minutes
Epoch #501: train loss = 0.501255, val loss = 0.003533, total loss = 0.342840, Epoch time: 23.33 seconds, remaining time: 193.98 minutes
Epoch #502: train loss = 0.484317, val loss = 0.002143, total loss = 0.330850, Epoch time: 23.68 seconds, remaining time: 193.74 minutes
Epoch #503: train loss = 0.499982, val loss = 0.002743, total loss = 0.341721, Epoch time: 23.67 seconds, remaining time: 193.76 minutes
Epoch #504: train loss = 0.515074, val loss = 0.002130, total loss = 0.351814, Epoch time: 23.26 seconds, remaining time: 193.39 minutes
Epoch #505: train loss = 0.515400, val loss = 0.003144, total loss = 0.352359, Epoch time: 23.38 seconds, remaining time: 192.70 minutes
Epoch #506: train loss = 0.493110, val loss = 0.001910, total loss = 0.336771, Epoch time: 23.73 seconds, remaining time: 193.37 minutes
Epoch #507: train loss = 0.499015, val loss = 0.002407, total loss = 0.340954, Epoch time: 23.57 seconds, remaining time: 193.13 minutes
Epoch #508: train loss = 0.507697, val loss = 0.003596, total loss = 0.347251, Epoch time: 23.48 seconds, remaining time: 192.34 minutes
Epoch #509: train loss = 0.507284, val loss = 0.002838, total loss = 0.346728, Epoch time: 23.30 seconds, remaining time: 192.31 minutes
Epoch #510: train loss = 0.489295, val loss = 0.002340, total loss = 0.334306, Epoch time: 22.93 seconds, remaining time: 190.98 minutes
Epoch #511: train loss = 0.478126, val loss = 0.001628, total loss = 0.326466, Epoch time: 23.35 seconds, remaining time: 190.61 minutes
Epoch #512: train loss = 0.493401, val loss = 0.002111, total loss = 0.337033, Epoch time: 23.65 seconds, remaining time: 190.20 minutes
Epoch #513: train loss = 0.491297, val loss = 0.002237, total loss = 0.335638, Epoch time: 23.64 seconds, remaining time: 189.79 minutes
Epoch #514: train loss = 0.499944, val loss = 0.002115, total loss = 0.341494, Epoch time: 23.26 seconds, remaining time: 189.39 minutes
Epoch #515: train loss = 0.469717, val loss = 0.003537, total loss = 0.321341, Epoch time: 23.21 seconds, remaining time: 188.87 minutes
Epoch #516: train loss = 0.492782, val loss = 0.002353, total loss = 0.336688, Epoch time: 22.77 seconds, remaining time: 187.71 minutes
Epoch #517: train loss = 0.509506, val loss = 0.002286, total loss = 0.348068, Epoch time: 22.64 seconds, remaining time: 186.57 minutes
Epoch #518: train loss = 0.493802, val loss = 0.002716, total loss = 0.337499, Epoch time: 23.11 seconds, remaining time: 185.89 minutes
Epoch #519: train loss = 0.511779, val loss = 0.002755, total loss = 0.349766, Epoch time: 24.29 seconds, remaining time: 186.30 minutes
Epoch #520: train loss = 0.510130, val loss = 0.002990, total loss = 0.348717, Epoch time: 23.37 seconds, remaining time: 186.25 minutes
Epoch #521: train loss = 0.514732, val loss = 0.003519, total loss = 0.352023, Epoch time: 23.37 seconds, remaining time: 185.88 minutes
Epoch #522: train loss = 0.517543, val loss = 0.003061, total loss = 0.353793, Epoch time: 23.95 seconds, remaining time: 185.73 minutes
Epoch #523: train loss = 0.503662, val loss = 0.002378, total loss = 0.344113, Epoch time: 22.58 seconds, remaining time: 184.50 minutes
Epoch #524: train loss = 0.521801, val loss = 0.002500, total loss = 0.356517, Epoch time: 24.10 seconds, remaining time: 184.78 minutes
Epoch #525: train loss = 0.515737, val loss = 0.001687, total loss = 0.352124, Epoch time: 24.06 seconds, remaining time: 185.06 minutes
Epoch #526: train loss = 0.496351, val loss = 0.002051, total loss = 0.339024, Epoch time: 23.43 seconds, remaining time: 185.19 minutes
Epoch #527: train loss = 0.516889, val loss = 0.002149, total loss = 0.353057, Epoch time: 23.28 seconds, remaining time: 185.30 minutes
Epoch #528: train loss = 0.504152, val loss = 0.003947, total loss = 0.344946, Epoch time: 22.22 seconds, remaining time: 184.21 minutes
Epoch #529: train loss = 0.501189, val loss = 0.003051, total loss = 0.342641, Epoch time: 23.60 seconds, remaining time: 183.27 minutes
Epoch #530: train loss = 0.498936, val loss = 0.003368, total loss = 0.341206, Epoch time: 23.86 seconds, remaining time: 183.26 minutes
Epoch #531: train loss = 0.506638, val loss = 0.002564, total loss = 0.346201, Epoch time: 23.80 seconds, remaining time: 183.21 minutes
Epoch #532: train loss = 0.494444, val loss = 0.002480, total loss = 0.337862, Epoch time: 22.92 seconds, remaining time: 182.02 minutes
Epoch #533: train loss = 0.487396, val loss = 0.003726, total loss = 0.333453, Epoch time: 23.23 seconds, remaining time: 182.13 minutes
Epoch #534: train loss = 0.482910, val loss = 0.003047, total loss = 0.330179, Epoch time: 24.07 seconds, remaining time: 181.72 minutes
Epoch #535: train loss = 0.508148, val loss = 0.003371, total loss = 0.347487, Epoch time: 23.17 seconds, remaining time: 180.64 minutes
Epoch #536: train loss = 0.512457, val loss = 0.004104, total loss = 0.350658, Epoch time: 22.77 seconds, remaining time: 179.74 minutes
Epoch #537: train loss = 0.491681, val loss = 0.003508, total loss = 0.336305, Epoch time: 23.88 seconds, remaining time: 179.81 minutes
Epoch #538: train loss = 0.490573, val loss = 0.002883, total loss = 0.335350, Epoch time: 23.75 seconds, remaining time: 180.60 minutes
Epoch #539: train loss = 0.498242, val loss = 0.005536, total loss = 0.341423, Epoch time: 23.25 seconds, remaining time: 179.94 minutes
Epoch #540: train loss = 0.479011, val loss = 0.002347, total loss = 0.327298, Epoch time: 23.45 seconds, remaining time: 179.24 minutes
Epoch #541: train loss = 0.515525, val loss = 0.002459, total loss = 0.352226, Epoch time: 22.85 seconds, remaining time: 178.12 minutes
Epoch #542: train loss = 0.513288, val loss = 0.003077, total loss = 0.350897, Epoch time: 23.06 seconds, remaining time: 177.84 minutes
Epoch #543: train loss = 0.488922, val loss = 0.001917, total loss = 0.333917, Epoch time: 22.52 seconds, remaining time: 176.91 minutes
Epoch #544: train loss = 0.508774, val loss = 0.002549, total loss = 0.347652, Epoch time: 23.56 seconds, remaining time: 176.14 minutes
Epoch #545: train loss = 0.507863, val loss = 0.002883, total loss = 0.347138, Epoch time: 23.33 seconds, remaining time: 175.87 minutes
Epoch #546: train loss = 0.503784, val loss = 0.003283, total loss = 0.344484, Epoch time: 22.70 seconds, remaining time: 175.43 minutes
Epoch #547: train loss = 0.501840, val loss = 0.004933, total loss = 0.343684, Epoch time: 23.83 seconds, remaining time: 175.01 minutes
Epoch #548: train loss = 0.490740, val loss = 0.002874, total loss = 0.335461, Epoch time: 23.53 seconds, remaining time: 174.46 minutes
Epoch #549: train loss = 0.528531, val loss = 0.002565, total loss = 0.361126, Epoch time: 22.77 seconds, remaining time: 173.72 minutes
Epoch #550: train loss = 0.516488, val loss = 0.003920, total loss = 0.353347, Epoch time: 23.23 seconds, remaining time: 173.17 minutes
Epoch #551: train loss = 0.495094, val loss = 0.002652, total loss = 0.338359, Epoch time: 23.16 seconds, remaining time: 173.01 minutes
Epoch #552: train loss = 0.499254, val loss = 0.003020, total loss = 0.341312, Epoch time: 23.19 seconds, remaining time: 172.72 minutes
Epoch #553: train loss = 0.497045, val loss = 0.001855, total loss = 0.339435, Epoch time: 22.21 seconds, remaining time: 172.10 minutes
Epoch #554: train loss = 0.509611, val loss = 0.003618, total loss = 0.348563, Epoch time: 23.02 seconds, remaining time: 171.32 minutes
Epoch #555: train loss = 0.508020, val loss = 0.002672, total loss = 0.347177, Epoch time: 23.42 seconds, remaining time: 171.00 minutes
Epoch #556: train loss = 0.513241, val loss = 0.003254, total loss = 0.350922, Epoch time: 22.92 seconds, remaining time: 170.78 minutes
Epoch #557: train loss = 0.501771, val loss = 0.002785, total loss = 0.342953, Epoch time: 23.51 seconds, remaining time: 170.15 minutes
Epoch #558: train loss = 0.517908, val loss = 0.001870, total loss = 0.353663, Epoch time: 23.74 seconds, remaining time: 169.92 minutes
Epoch #559: train loss = 0.498138, val loss = 0.004588, total loss = 0.341051, Epoch time: 22.88 seconds, remaining time: 169.62 minutes
Epoch #560: train loss = 0.488767, val loss = 0.002323, total loss = 0.333941, Epoch time: 23.40 seconds, remaining time: 169.35 minutes
Epoch #561: train loss = 0.506711, val loss = 0.004496, total loss = 0.346866, Epoch time: 23.36 seconds, remaining time: 169.11 minutes
Epoch #562: train loss = 0.505892, val loss = 0.003385, total loss = 0.345954, Epoch time: 23.24 seconds, remaining time: 168.76 minutes
Epoch #563: train loss = 0.497452, val loss = 0.003400, total loss = 0.340205, Epoch time: 23.17 seconds, remaining time: 169.07 minutes
Epoch #564: train loss = 0.488017, val loss = 0.002676, total loss = 0.333542, Epoch time: 23.29 seconds, remaining time: 168.88 minutes
Epoch #565: train loss = 0.494524, val loss = 0.002834, total loss = 0.338028, Epoch time: 23.17 seconds, remaining time: 168.31 minutes
Epoch #566: train loss = 0.504243, val loss = 0.002850, total loss = 0.344659, Epoch time: 23.09 seconds, remaining time: 168.04 minutes
Epoch #567: train loss = 0.510168, val loss = 0.002543, total loss = 0.348601, Epoch time: 23.13 seconds, remaining time: 167.38 minutes
Epoch #568: train loss = 0.515844, val loss = 0.004323, total loss = 0.353037, Epoch time: 22.16 seconds, remaining time: 165.86 minutes
Epoch #569: train loss = 0.495455, val loss = 0.003428, total loss = 0.338852, Epoch time: 23.62 seconds, remaining time: 166.00 minutes
Epoch #570: train loss = 0.492942, val loss = 0.002374, total loss = 0.336803, Epoch time: 23.49 seconds, remaining time: 165.68 minutes
Epoch #571: train loss = 0.494176, val loss = 0.002693, total loss = 0.337746, Epoch time: 22.73 seconds, remaining time: 164.85 minutes
Epoch #572: train loss = 0.497210, val loss = 0.001849, total loss = 0.339546, Epoch time: 23.69 seconds, remaining time: 164.78 minutes
Epoch #573: train loss = 0.507374, val loss = 0.002414, total loss = 0.346655, Epoch time: 23.60 seconds, remaining time: 164.70 minutes
Epoch #574: train loss = 0.492626, val loss = 0.002989, total loss = 0.336784, Epoch time: 23.52 seconds, remaining time: 164.48 minutes
Epoch #575: train loss = 0.521124, val loss = 0.002535, total loss = 0.356067, Epoch time: 22.25 seconds, remaining time: 163.44 minutes
Epoch #576: train loss = 0.516136, val loss = 0.004264, total loss = 0.353217, Epoch time: 23.43 seconds, remaining time: 163.30 minutes
Epoch #577: train loss = 0.507906, val loss = 0.002261, total loss = 0.346969, Epoch time: 23.21 seconds, remaining time: 162.97 minutes
Epoch #578: train loss = 0.498236, val loss = 0.004138, total loss = 0.340974, Epoch time: 23.19 seconds, remaining time: 163.31 minutes
Epoch #579: train loss = 0.493409, val loss = 0.002941, total loss = 0.337302, Epoch time: 23.20 seconds, remaining time: 162.62 minutes
Epoch #580: train loss = 0.501133, val loss = 0.003830, total loss = 0.342851, Epoch time: 22.26 seconds, remaining time: 161.37 minutes
Epoch #581: train loss = 0.491438, val loss = 0.004197, total loss = 0.336359, Epoch time: 23.29 seconds, remaining time: 161.37 minutes
Epoch #582: train loss = 0.498982, val loss = 0.002723, total loss = 0.341032, Epoch time: 22.67 seconds, remaining time: 160.28 minutes
Epoch #583: train loss = 0.501427, val loss = 0.001987, total loss = 0.342465, Epoch time: 23.88 seconds, remaining time: 160.09 minutes
Epoch #584: train loss = 0.519318, val loss = 0.002486, total loss = 0.354820, Epoch time: 22.68 seconds, remaining time: 159.13 minutes
Epoch #585: train loss = 0.478797, val loss = 0.003339, total loss = 0.327467, Epoch time: 23.73 seconds, remaining time: 159.77 minutes
Epoch #586: train loss = 0.511180, val loss = 0.002511, total loss = 0.349281, Epoch time: 22.27 seconds, remaining time: 158.58 minutes
Epoch #587: train loss = 0.497571, val loss = 0.003336, total loss = 0.340265, Epoch time: 23.28 seconds, remaining time: 158.24 minutes
Epoch #588: train loss = 0.508816, val loss = 0.002165, total loss = 0.347559, Epoch time: 23.15 seconds, remaining time: 157.83 minutes
Epoch #589: train loss = 0.481607, val loss = 0.001590, total loss = 0.328827, Epoch time: 23.16 seconds, remaining time: 157.42 minutes
Epoch #590: train loss = 0.501671, val loss = 0.001517, total loss = 0.342481, Epoch time: 23.75 seconds, remaining time: 158.05 minutes
Epoch #591: train loss = 0.502692, val loss = 0.002749, total loss = 0.343570, Epoch time: 23.13 seconds, remaining time: 157.56 minutes
Epoch #592: train loss = 0.496792, val loss = 0.005403, total loss = 0.340392, Epoch time: 23.21 seconds, remaining time: 157.54 minutes
Epoch #593: train loss = 0.527741, val loss = 0.003318, total loss = 0.360827, Epoch time: 23.78 seconds, remaining time: 157.08 minutes
Epoch #594: train loss = 0.513536, val loss = 0.003470, total loss = 0.351192, Epoch time: 23.39 seconds, remaining time: 157.17 minutes
Epoch #595: train loss = 0.496661, val loss = 0.002254, total loss = 0.339300, Epoch time: 23.16 seconds, remaining time: 156.40 minutes
Epoch #596: train loss = 0.502203, val loss = 0.002872, total loss = 0.343275, Epoch time: 23.35 seconds, remaining time: 156.73 minutes
Epoch #597: train loss = 0.490479, val loss = 0.002990, total loss = 0.335320, Epoch time: 22.50 seconds, remaining time: 155.82 minutes
Epoch #598: train loss = 0.525711, val loss = 0.002673, total loss = 0.359237, Epoch time: 23.89 seconds, remaining time: 155.93 minutes
Epoch #599: train loss = 0.499727, val loss = 0.002751, total loss = 0.341549, Epoch time: 23.48 seconds, remaining time: 155.75 minutes
Epoch #600: train loss = 0.518032, val loss = 0.003091, total loss = 0.354136, Epoch time: 23.49 seconds, remaining time: 155.20 minutes
Epoch #601: train loss = 0.513099, val loss = 0.004326, total loss = 0.351167, Epoch time: 23.38 seconds, remaining time: 154.97 minutes
Epoch #602: train loss = 0.493971, val loss = 0.004013, total loss = 0.338027, Epoch time: 22.56 seconds, remaining time: 154.15 minutes
Epoch #603: train loss = 0.496095, val loss = 0.003171, total loss = 0.339207, Epoch time: 23.66 seconds, remaining time: 153.68 minutes
Epoch #604: train loss = 0.509213, val loss = 0.003713, total loss = 0.348322, Epoch time: 23.38 seconds, remaining time: 153.29 minutes
Epoch #605: train loss = 0.511766, val loss = 0.002408, total loss = 0.349647, Epoch time: 22.98 seconds, remaining time: 152.78 minutes
Epoch #606: train loss = 0.498725, val loss = 0.004203, total loss = 0.341328, Epoch time: 22.88 seconds, remaining time: 152.08 minutes
Epoch #607: train loss = 0.500747, val loss = 0.002645, total loss = 0.342210, Epoch time: 23.66 seconds, remaining time: 152.45 minutes
Epoch #608: train loss = 0.490901, val loss = 0.002894, total loss = 0.335578, Epoch time: 23.20 seconds, remaining time: 151.62 minutes
Epoch #609: train loss = 0.499504, val loss = 0.002426, total loss = 0.341293, Epoch time: 23.51 seconds, remaining time: 151.25 minutes
Epoch #610: train loss = 0.497743, val loss = 0.003243, total loss = 0.340353, Epoch time: 23.55 seconds, remaining time: 150.90 minutes
Epoch #611: train loss = 0.505156, val loss = 0.003165, total loss = 0.345382, Epoch time: 22.15 seconds, remaining time: 149.72 minutes
Epoch #612: train loss = 0.495496, val loss = 0.003094, total loss = 0.338774, Epoch time: 23.57 seconds, remaining time: 149.99 minutes
Epoch #613: train loss = 0.505004, val loss = 0.003079, total loss = 0.345251, Epoch time: 22.66 seconds, remaining time: 148.96 minutes
Epoch #614: train loss = 0.516635, val loss = 0.004079, total loss = 0.353498, Epoch time: 23.79 seconds, remaining time: 148.83 minutes
Epoch #615: train loss = 0.500346, val loss = 0.003467, total loss = 0.342199, Epoch time: 23.13 seconds, remaining time: 148.54 minutes
Epoch #616: train loss = 0.496385, val loss = 0.003738, total loss = 0.339585, Epoch time: 23.79 seconds, remaining time: 148.74 minutes
Epoch #617: train loss = 0.520358, val loss = 0.002225, total loss = 0.355446, Epoch time: 23.88 seconds, remaining time: 148.49 minutes
Epoch #618: train loss = 0.524009, val loss = 0.002845, total loss = 0.358132, Epoch time: 22.69 seconds, remaining time: 147.78 minutes
Epoch #619: train loss = 0.486519, val loss = 0.002952, total loss = 0.332609, Epoch time: 23.27 seconds, remaining time: 147.24 minutes
Epoch #620: train loss = 0.508324, val loss = 0.002378, total loss = 0.347291, Epoch time: 23.27 seconds, remaining time: 146.68 minutes
Epoch #621: train loss = 0.478520, val loss = 0.003783, total loss = 0.327420, Epoch time: 23.25 seconds, remaining time: 146.99 minutes
Epoch #622: train loss = 0.499672, val loss = 0.003123, total loss = 0.341630, Epoch time: 23.63 seconds, remaining time: 146.63 minutes
Epoch #623: train loss = 0.494749, val loss = 0.002872, total loss = 0.338194, Epoch time: 23.91 seconds, remaining time: 147.02 minutes
Epoch #624: train loss = 0.507564, val loss = 0.002213, total loss = 0.346720, Epoch time: 22.79 seconds, remaining time: 146.01 minutes
Epoch #625: train loss = 0.512292, val loss = 0.002767, total loss = 0.350120, Epoch time: 22.98 seconds, remaining time: 145.53 minutes
Epoch #626: train loss = 0.499534, val loss = 0.005147, total loss = 0.342180, Epoch time: 23.26 seconds, remaining time: 144.81 minutes
Epoch #627: train loss = 0.501111, val loss = 0.003792, total loss = 0.342824, Epoch time: 23.09 seconds, remaining time: 143.93 minutes
Epoch #628: train loss = 0.486906, val loss = 0.004770, total loss = 0.333452, Epoch time: 24.08 seconds, remaining time: 144.40 minutes
Epoch #629: train loss = 0.510689, val loss = 0.001661, total loss = 0.348675, Epoch time: 23.92 seconds, remaining time: 144.41 minutes
Epoch #630: train loss = 0.489845, val loss = 0.003198, total loss = 0.334955, Epoch time: 23.99 seconds, remaining time: 144.45 minutes
Epoch #631: train loss = 0.503406, val loss = 0.001827, total loss = 0.343763, Epoch time: 23.99 seconds, remaining time: 144.52 minutes
Epoch #632: train loss = 0.505812, val loss = 0.002479, total loss = 0.345610, Epoch time: 22.64 seconds, remaining time: 143.52 minutes
Epoch #633: train loss = 0.489722, val loss = 0.002567, total loss = 0.334670, Epoch time: 22.87 seconds, remaining time: 142.49 minutes
Epoch #634: train loss = 0.497873, val loss = 0.002801, total loss = 0.340301, Epoch time: 23.04 seconds, remaining time: 142.26 minutes
Epoch #635: train loss = 0.493273, val loss = 0.002003, total loss = 0.336911, Epoch time: 22.62 seconds, remaining time: 141.65 minutes
Epoch #636: train loss = 0.503169, val loss = 0.003532, total loss = 0.344144, Epoch time: 23.50 seconds, remaining time: 141.41 minutes
Epoch #637: train loss = 0.516543, val loss = 0.005124, total loss = 0.353768, Epoch time: 22.95 seconds, remaining time: 140.93 minutes
Epoch #638: train loss = 0.497441, val loss = 0.004836, total loss = 0.340654, Epoch time: 23.31 seconds, remaining time: 140.08 minutes
Epoch #639: train loss = 0.494364, val loss = 0.001896, total loss = 0.337620, Epoch time: 22.94 seconds, remaining time: 139.11 minutes
Epoch #640: train loss = 0.490721, val loss = 0.003236, total loss = 0.335564, Epoch time: 24.23 seconds, remaining time: 138.87 minutes
Epoch #641: train loss = 0.511113, val loss = 0.004598, total loss = 0.349899, Epoch time: 22.95 seconds, remaining time: 137.86 minutes
Epoch #642: train loss = 0.505401, val loss = 0.001720, total loss = 0.345089, Epoch time: 23.93 seconds, remaining time: 138.24 minutes
Epoch #643: train loss = 0.517364, val loss = 0.002633, total loss = 0.353535, Epoch time: 23.66 seconds, remaining time: 138.32 minutes
Epoch #644: train loss = 0.495890, val loss = 0.002623, total loss = 0.338892, Epoch time: 23.60 seconds, remaining time: 138.26 minutes
Epoch #645: train loss = 0.509405, val loss = 0.002901, total loss = 0.348195, Epoch time: 22.79 seconds, remaining time: 137.97 minutes
Epoch #646: train loss = 0.503542, val loss = 0.003062, total loss = 0.344249, Epoch time: 23.15 seconds, remaining time: 137.37 minutes
Epoch #647: train loss = 0.506742, val loss = 0.002942, total loss = 0.346392, Epoch time: 23.77 seconds, remaining time: 137.47 minutes
Epoch #648: train loss = 0.499593, val loss = 0.001875, total loss = 0.341179, Epoch time: 22.36 seconds, remaining time: 136.52 minutes
Epoch #649: train loss = 0.511210, val loss = 0.003545, total loss = 0.349630, Epoch time: 23.53 seconds, remaining time: 136.48 minutes
Epoch #650: train loss = 0.520337, val loss = 0.002940, total loss = 0.355659, Epoch time: 23.01 seconds, remaining time: 135.38 minutes
Epoch #651: train loss = 0.483733, val loss = 0.003615, total loss = 0.330920, Epoch time: 22.86 seconds, remaining time: 134.94 minutes
Epoch #652: train loss = 0.490491, val loss = 0.002395, total loss = 0.335139, Epoch time: 23.28 seconds, remaining time: 134.17 minutes
Epoch #653: train loss = 0.492293, val loss = 0.001961, total loss = 0.336229, Epoch time: 23.44 seconds, remaining time: 133.66 minutes
Epoch #654: train loss = 0.503577, val loss = 0.003150, total loss = 0.344300, Epoch time: 23.31 seconds, remaining time: 133.11 minutes
Epoch #655: train loss = 0.498369, val loss = 0.002788, total loss = 0.340635, Epoch time: 23.16 seconds, remaining time: 132.94 minutes
Epoch #656: train loss = 0.488910, val loss = 0.002380, total loss = 0.334056, Epoch time: 23.43 seconds, remaining time: 132.71 minutes
Epoch #657: train loss = 0.498241, val loss = 0.002434, total loss = 0.340435, Epoch time: 23.84 seconds, remaining time: 132.37 minutes
Epoch #658: train loss = 0.518787, val loss = 0.003176, total loss = 0.354678, Epoch time: 22.28 seconds, remaining time: 131.93 minutes
Epoch #659: train loss = 0.487947, val loss = 0.002769, total loss = 0.333524, Epoch time: 23.26 seconds, remaining time: 131.39 minutes
Epoch #660: train loss = 0.480493, val loss = 0.002102, total loss = 0.328230, Epoch time: 23.16 seconds, remaining time: 131.09 minutes
Epoch #661: train loss = 0.500924, val loss = 0.003259, total loss = 0.342526, Epoch time: 22.57 seconds, remaining time: 130.54 minutes
Epoch #662: train loss = 0.502995, val loss = 0.002198, total loss = 0.343601, Epoch time: 23.29 seconds, remaining time: 130.16 minutes
Epoch #663: train loss = 0.513511, val loss = 0.002948, total loss = 0.351009, Epoch time: 23.33 seconds, remaining time: 129.72 minutes
Epoch #664: train loss = 0.488362, val loss = 0.002805, total loss = 0.333819, Epoch time: 23.20 seconds, remaining time: 129.27 minutes
Epoch #665: train loss = 0.508547, val loss = 0.001884, total loss = 0.347286, Epoch time: 22.95 seconds, remaining time: 128.77 minutes
Epoch #666: train loss = 0.489189, val loss = 0.001514, total loss = 0.333971, Epoch time: 23.11 seconds, remaining time: 128.21 minutes
Epoch #667: train loss = 0.502339, val loss = 0.003687, total loss = 0.343627, Epoch time: 23.19 seconds, remaining time: 127.46 minutes
Epoch #668: train loss = 0.488584, val loss = 0.003851, total loss = 0.334303, Epoch time: 23.19 seconds, remaining time: 127.58 minutes
Epoch #669: train loss = 0.509914, val loss = 0.002166, total loss = 0.348307, Epoch time: 23.10 seconds, remaining time: 127.11 minutes
Epoch #670: train loss = 0.515432, val loss = 0.003375, total loss = 0.352454, Epoch time: 23.11 seconds, remaining time: 126.70 minutes
Epoch #671: train loss = 0.518816, val loss = 0.004360, total loss = 0.355075, Epoch time: 22.10 seconds, remaining time: 126.05 minutes
Epoch #672: train loss = 0.507782, val loss = 0.002999, total loss = 0.347119, Epoch time: 23.78 seconds, remaining time: 125.93 minutes
Epoch #673: train loss = 0.518923, val loss = 0.002534, total loss = 0.354566, Epoch time: 23.01 seconds, remaining time: 125.38 minutes
Epoch #674: train loss = 0.496455, val loss = 0.002038, total loss = 0.339091, Epoch time: 22.71 seconds, remaining time: 124.72 minutes
Epoch #675: train loss = 0.486683, val loss = 0.001925, total loss = 0.332394, Epoch time: 22.24 seconds, remaining time: 123.95 minutes
Epoch #676: train loss = 0.504042, val loss = 0.002594, total loss = 0.344440, Epoch time: 23.21 seconds, remaining time: 123.62 minutes
Epoch #677: train loss = 0.501509, val loss = 0.002329, total loss = 0.342630, Epoch time: 23.66 seconds, remaining time: 123.49 minutes
Epoch #678: train loss = 0.487767, val loss = 0.003088, total loss = 0.333503, Epoch time: 23.97 seconds, remaining time: 123.52 minutes
Epoch #679: train loss = 0.491539, val loss = 0.003709, total loss = 0.336272, Epoch time: 23.91 seconds, remaining time: 123.57 minutes
Epoch #680: train loss = 0.494888, val loss = 0.002429, total loss = 0.338148, Epoch time: 23.07 seconds, remaining time: 123.16 minutes
Epoch #681: train loss = 0.482831, val loss = 0.003891, total loss = 0.330393, Epoch time: 22.94 seconds, remaining time: 123.22 minutes
Epoch #682: train loss = 0.489070, val loss = 0.002162, total loss = 0.334096, Epoch time: 23.38 seconds, remaining time: 122.63 minutes
Epoch #683: train loss = 0.485631, val loss = 0.002047, total loss = 0.331715, Epoch time: 23.21 seconds, remaining time: 122.34 minutes
Epoch #684: train loss = 0.513393, val loss = 0.003352, total loss = 0.351057, Epoch time: 23.69 seconds, remaining time: 122.47 minutes
Epoch #685: train loss = 0.502846, val loss = 0.002720, total loss = 0.343665, Epoch time: 23.11 seconds, remaining time: 122.54 minutes
Epoch #686: train loss = 0.504929, val loss = 0.002789, total loss = 0.345107, Epoch time: 23.11 seconds, remaining time: 122.10 minutes
Epoch #687: train loss = 0.495777, val loss = 0.003285, total loss = 0.339026, Epoch time: 23.77 seconds, remaining time: 121.77 minutes
Epoch #688: train loss = 0.505697, val loss = 0.003799, total loss = 0.345953, Epoch time: 23.84 seconds, remaining time: 121.31 minutes
Epoch #689: train loss = 0.512156, val loss = 0.002758, total loss = 0.350024, Epoch time: 23.48 seconds, remaining time: 120.70 minutes
Epoch #690: train loss = 0.503637, val loss = 0.001735, total loss = 0.343891, Epoch time: 22.14 seconds, remaining time: 119.83 minutes
Epoch #691: train loss = 0.521967, val loss = 0.001936, total loss = 0.356451, Epoch time: 23.21 seconds, remaining time: 119.58 minutes
Epoch #692: train loss = 0.492309, val loss = 0.004641, total loss = 0.337094, Epoch time: 23.26 seconds, remaining time: 119.13 minutes
Epoch #693: train loss = 0.493245, val loss = 0.004044, total loss = 0.337541, Epoch time: 23.15 seconds, remaining time: 118.71 minutes
Epoch #694: train loss = 0.490954, val loss = 0.005286, total loss = 0.336375, Epoch time: 23.15 seconds, remaining time: 118.05 minutes
Epoch #695: train loss = 0.508047, val loss = 0.002627, total loss = 0.347181, Epoch time: 22.53 seconds, remaining time: 117.37 minutes
Epoch #696: train loss = 0.521464, val loss = 0.002899, total loss = 0.356414, Epoch time: 23.57 seconds, remaining time: 117.21 minutes
Epoch #697: train loss = 0.490174, val loss = 0.002581, total loss = 0.334982, Epoch time: 23.68 seconds, remaining time: 116.78 minutes
Epoch #698: train loss = 0.493621, val loss = 0.002619, total loss = 0.337344, Epoch time: 23.14 seconds, remaining time: 116.04 minutes
Epoch #699: train loss = 0.507301, val loss = 0.004874, total loss = 0.347388, Epoch time: 23.17 seconds, remaining time: 115.50 minutes
Epoch #700: train loss = 0.506985, val loss = 0.003081, total loss = 0.346602, Epoch time: 23.69 seconds, remaining time: 115.89 minutes
Epoch #701: train loss = 0.482398, val loss = 0.003212, total loss = 0.329882, Epoch time: 23.49 seconds, remaining time: 115.64 minutes
Epoch #702: train loss = 0.498167, val loss = 0.004345, total loss = 0.340993, Epoch time: 23.88 seconds, remaining time: 115.55 minutes
Epoch #703: train loss = 0.510689, val loss = 0.002279, total loss = 0.348872, Epoch time: 23.20 seconds, remaining time: 115.19 minutes
Epoch #704: train loss = 0.506111, val loss = 0.003963, total loss = 0.346286, Epoch time: 23.14 seconds, remaining time: 114.80 minutes
Epoch #705: train loss = 0.518538, val loss = 0.002038, total loss = 0.354146, Epoch time: 23.19 seconds, remaining time: 114.74 minutes
Epoch #706: train loss = 0.509288, val loss = 0.003459, total loss = 0.348292, Epoch time: 23.04 seconds, remaining time: 114.09 minutes
Epoch #707: train loss = 0.498620, val loss = 0.003490, total loss = 0.341029, Epoch time: 23.99 seconds, remaining time: 113.85 minutes
Epoch #708: train loss = 0.492402, val loss = 0.002818, total loss = 0.336577, Epoch time: 23.18 seconds, remaining time: 113.48 minutes
Epoch #709: train loss = 0.496016, val loss = 0.002621, total loss = 0.338978, Epoch time: 23.15 seconds, remaining time: 113.08 minutes
Epoch #710: train loss = 0.506701, val loss = 0.002917, total loss = 0.346356, Epoch time: 23.22 seconds, remaining time: 112.46 minutes
Epoch #711: train loss = 0.497955, val loss = 0.002622, total loss = 0.340300, Epoch time: 23.15 seconds, remaining time: 111.91 minutes
Epoch #712: train loss = 0.495743, val loss = 0.003316, total loss = 0.339013, Epoch time: 23.16 seconds, remaining time: 111.18 minutes
Epoch #713: train loss = 0.494725, val loss = 0.004368, total loss = 0.338654, Epoch time: 23.13 seconds, remaining time: 110.76 minutes
Epoch #714: train loss = 0.502057, val loss = 0.002928, total loss = 0.343194, Epoch time: 23.13 seconds, remaining time: 110.37 minutes
Epoch #715: train loss = 0.514304, val loss = 0.002167, total loss = 0.351301, Epoch time: 22.47 seconds, remaining time: 109.64 minutes
Epoch #716: train loss = 0.495684, val loss = 0.003999, total loss = 0.339190, Epoch time: 24.05 seconds, remaining time: 109.72 minutes
Epoch #717: train loss = 0.509986, val loss = 0.004459, total loss = 0.349086, Epoch time: 22.89 seconds, remaining time: 108.82 minutes
Epoch #718: train loss = 0.513542, val loss = 0.003293, total loss = 0.351140, Epoch time: 22.55 seconds, remaining time: 108.14 minutes
Epoch #719: train loss = 0.500363, val loss = 0.002421, total loss = 0.341878, Epoch time: 23.59 seconds, remaining time: 107.96 minutes
Epoch #720: train loss = 0.479741, val loss = 0.001738, total loss = 0.327601, Epoch time: 22.83 seconds, remaining time: 107.40 minutes
Epoch #721: train loss = 0.506658, val loss = 0.002327, total loss = 0.346139, Epoch time: 23.82 seconds, remaining time: 107.32 minutes
Epoch #722: train loss = 0.496911, val loss = 0.002565, total loss = 0.339570, Epoch time: 22.81 seconds, remaining time: 106.78 minutes
Epoch #723: train loss = 0.496022, val loss = 0.002312, total loss = 0.338883, Epoch time: 23.70 seconds, remaining time: 106.65 minutes
Epoch #724: train loss = 0.484206, val loss = 0.002687, total loss = 0.330947, Epoch time: 23.14 seconds, remaining time: 106.27 minutes
Epoch #725: train loss = 0.501458, val loss = 0.002608, total loss = 0.342683, Epoch time: 23.76 seconds, remaining time: 106.47 minutes
Epoch #726: train loss = 0.508973, val loss = 0.001713, total loss = 0.347522, Epoch time: 22.79 seconds, remaining time: 105.51 minutes
Epoch #727: train loss = 0.508417, val loss = 0.003622, total loss = 0.347750, Epoch time: 23.04 seconds, remaining time: 105.20 minutes
Epoch #728: train loss = 0.501185, val loss = 0.001957, total loss = 0.342290, Epoch time: 23.75 seconds, remaining time: 105.35 minutes
Epoch #729: train loss = 0.505405, val loss = 0.002130, total loss = 0.345222, Epoch time: 22.59 seconds, remaining time: 104.51 minutes
Epoch #730: train loss = 0.497052, val loss = 0.002631, total loss = 0.339687, Epoch time: 23.68 seconds, remaining time: 104.50 minutes
Epoch #731: train loss = 0.500373, val loss = 0.003735, total loss = 0.342303, Epoch time: 23.18 seconds, remaining time: 103.83 minutes
Epoch #732: train loss = 0.484745, val loss = 0.002824, total loss = 0.331359, Epoch time: 22.38 seconds, remaining time: 103.25 minutes
Epoch #733: train loss = 0.497274, val loss = 0.002470, total loss = 0.339787, Epoch time: 23.30 seconds, remaining time: 102.68 minutes
Epoch #734: train loss = 0.508843, val loss = 0.003103, total loss = 0.347875, Epoch time: 22.68 seconds, remaining time: 102.09 minutes
Epoch #735: train loss = 0.506629, val loss = 0.002167, total loss = 0.346068, Epoch time: 23.57 seconds, remaining time: 101.62 minutes
Epoch #736: train loss = 0.502401, val loss = 0.002444, total loss = 0.343274, Epoch time: 23.18 seconds, remaining time: 101.41 minutes
Epoch #737: train loss = 0.496372, val loss = 0.003344, total loss = 0.339450, Epoch time: 23.18 seconds, remaining time: 101.08 minutes
Epoch #738: train loss = 0.493399, val loss = 0.003707, total loss = 0.337539, Epoch time: 23.10 seconds, remaining time: 100.42 minutes
Epoch #739: train loss = 0.493586, val loss = 0.002462, total loss = 0.337271, Epoch time: 22.63 seconds, remaining time: 100.05 minutes
Epoch #740: train loss = 0.503072, val loss = 0.001807, total loss = 0.343529, Epoch time: 23.02 seconds, remaining time: 99.38 minutes
Epoch #741: train loss = 0.482431, val loss = 0.002236, total loss = 0.329594, Epoch time: 23.34 seconds, remaining time: 99.06 minutes
Epoch #742: train loss = 0.489577, val loss = 0.002276, total loss = 0.334479, Epoch time: 23.29 seconds, remaining time: 99.07 minutes
Epoch #743: train loss = 0.510680, val loss = 0.002198, total loss = 0.348840, Epoch time: 23.19 seconds, remaining time: 98.64 minutes
Epoch #744: train loss = 0.518862, val loss = 0.002017, total loss = 0.354360, Epoch time: 22.90 seconds, remaining time: 98.35 minutes
Epoch #745: train loss = 0.509200, val loss = 0.003379, total loss = 0.348207, Epoch time: 23.88 seconds, remaining time: 98.09 minutes
Epoch #746: train loss = 0.497486, val loss = 0.003153, total loss = 0.340149, Epoch time: 23.46 seconds, remaining time: 97.82 minutes
Epoch #747: train loss = 0.494912, val loss = 0.005566, total loss = 0.339162, Epoch time: 23.56 seconds, remaining time: 97.59 minutes
Epoch #748: train loss = 0.490642, val loss = 0.003001, total loss = 0.335435, Epoch time: 23.59 seconds, remaining time: 97.41 minutes
Epoch #749: train loss = 0.497387, val loss = 0.002315, total loss = 0.339815, Epoch time: 22.64 seconds, remaining time: 97.02 minutes
Epoch #750: train loss = 0.501623, val loss = 0.002655, total loss = 0.342811, Epoch time: 23.00 seconds, remaining time: 96.63 minutes
Epoch #751: train loss = 0.508189, val loss = 0.002950, total loss = 0.347381, Epoch time: 23.25 seconds, remaining time: 96.20 minutes
Epoch #752: train loss = 0.485204, val loss = 0.002074, total loss = 0.331433, Epoch time: 22.66 seconds, remaining time: 95.55 minutes
Epoch #753: train loss = 0.497122, val loss = 0.002163, total loss = 0.339586, Epoch time: 23.80 seconds, remaining time: 95.42 minutes
Epoch #754: train loss = 0.504830, val loss = 0.002545, total loss = 0.344963, Epoch time: 23.68 seconds, remaining time: 95.35 minutes
Epoch #755: train loss = 0.486804, val loss = 0.001940, total loss = 0.332481, Epoch time: 23.93 seconds, remaining time: 94.98 minutes
Epoch #756: train loss = 0.512058, val loss = 0.002059, total loss = 0.349735, Epoch time: 22.87 seconds, remaining time: 94.35 minutes
Epoch #757: train loss = 0.493163, val loss = 0.002292, total loss = 0.336928, Epoch time: 23.06 seconds, remaining time: 93.77 minutes
Epoch #758: train loss = 0.504258, val loss = 0.005053, total loss = 0.345371, Epoch time: 22.84 seconds, remaining time: 93.08 minutes
Epoch #759: train loss = 0.502376, val loss = 0.002503, total loss = 0.343276, Epoch time: 23.21 seconds, remaining time: 92.92 minutes
Epoch #760: train loss = 0.494889, val loss = 0.001666, total loss = 0.337906, Epoch time: 23.51 seconds, remaining time: 92.74 minutes
Epoch #761: train loss = 0.488295, val loss = 0.003974, total loss = 0.334145, Epoch time: 22.76 seconds, remaining time: 92.15 minutes
Epoch #762: train loss = 0.488909, val loss = 0.002114, total loss = 0.333972, Epoch time: 23.67 seconds, remaining time: 92.16 minutes
Epoch #763: train loss = 0.509973, val loss = 0.003700, total loss = 0.348836, Epoch time: 23.17 seconds, remaining time: 91.53 minutes
Epoch #764: train loss = 0.505456, val loss = 0.002363, total loss = 0.345331, Epoch time: 22.12 seconds, remaining time: 90.53 minutes
Epoch #765: train loss = 0.496389, val loss = 0.005751, total loss = 0.340228, Epoch time: 23.24 seconds, remaining time: 89.88 minutes
Epoch #766: train loss = 0.506839, val loss = 0.002117, total loss = 0.346195, Epoch time: 23.12 seconds, remaining time: 89.59 minutes
Epoch #767: train loss = 0.513540, val loss = 0.003636, total loss = 0.351247, Epoch time: 23.19 seconds, remaining time: 89.25 minutes
Epoch #768: train loss = 0.503221, val loss = 0.001825, total loss = 0.343636, Epoch time: 23.07 seconds, remaining time: 88.96 minutes
Epoch #769: train loss = 0.504834, val loss = 0.003488, total loss = 0.345265, Epoch time: 23.14 seconds, remaining time: 88.54 minutes
Epoch #770: train loss = 0.499141, val loss = 0.002400, total loss = 0.341037, Epoch time: 23.11 seconds, remaining time: 88.01 minutes
Epoch #771: train loss = 0.512843, val loss = 0.002600, total loss = 0.350442, Epoch time: 23.02 seconds, remaining time: 87.72 minutes
Epoch #772: train loss = 0.494568, val loss = 0.002149, total loss = 0.337840, Epoch time: 23.40 seconds, remaining time: 87.23 minutes
Epoch #773: train loss = 0.501508, val loss = 0.002157, total loss = 0.342574, Epoch time: 23.31 seconds, remaining time: 86.90 minutes
Epoch #774: train loss = 0.490926, val loss = 0.003418, total loss = 0.335762, Epoch time: 23.53 seconds, remaining time: 87.05 minutes
Epoch #775: train loss = 0.504099, val loss = 0.001783, total loss = 0.344221, Epoch time: 23.29 seconds, remaining time: 86.68 minutes
Epoch #776: train loss = 0.514436, val loss = 0.003169, total loss = 0.351710, Epoch time: 23.15 seconds, remaining time: 86.30 minutes
Epoch #777: train loss = 0.502216, val loss = 0.003565, total loss = 0.343505, Epoch time: 23.17 seconds, remaining time: 85.91 minutes
Epoch #778: train loss = 0.510572, val loss = 0.003298, total loss = 0.349117, Epoch time: 23.13 seconds, remaining time: 85.55 minutes
Epoch #779: train loss = 0.500221, val loss = 0.002034, total loss = 0.341657, Epoch time: 22.30 seconds, remaining time: 84.85 minutes
Epoch #780: train loss = 0.488884, val loss = 0.002943, total loss = 0.334218, Epoch time: 23.82 seconds, remaining time: 84.73 minutes
Epoch #781: train loss = 0.511905, val loss = 0.001999, total loss = 0.349611, Epoch time: 22.24 seconds, remaining time: 84.06 minutes
Epoch #782: train loss = 0.505504, val loss = 0.002827, total loss = 0.345512, Epoch time: 23.24 seconds, remaining time: 83.61 minutes
Epoch #783: train loss = 0.495106, val loss = 0.004422, total loss = 0.338931, Epoch time: 23.87 seconds, remaining time: 83.43 minutes
Epoch #784: train loss = 0.491480, val loss = 0.002536, total loss = 0.335858, Epoch time: 23.92 seconds, remaining time: 83.19 minutes
Epoch #785: train loss = 0.482274, val loss = 0.002423, total loss = 0.329547, Epoch time: 24.01 seconds, remaining time: 83.05 minutes
Epoch #786: train loss = 0.495704, val loss = 0.002265, total loss = 0.338652, Epoch time: 23.90 seconds, remaining time: 82.93 minutes
Epoch #787: train loss = 0.479630, val loss = 0.003517, total loss = 0.328092, Epoch time: 22.62 seconds, remaining time: 82.35 minutes
Epoch #788: train loss = 0.479835, val loss = 0.002869, total loss = 0.328026, Epoch time: 22.87 seconds, remaining time: 81.87 minutes
Epoch #789: train loss = 0.516501, val loss = 0.004395, total loss = 0.353508, Epoch time: 22.38 seconds, remaining time: 81.51 minutes
Epoch #790: train loss = 0.502464, val loss = 0.002873, total loss = 0.343454, Epoch time: 23.32 seconds, remaining time: 80.94 minutes
Epoch #791: train loss = 0.496071, val loss = 0.002265, total loss = 0.338902, Epoch time: 23.29 seconds, remaining time: 80.92 minutes
Epoch #792: train loss = 0.478732, val loss = 0.004049, total loss = 0.327649, Epoch time: 23.35 seconds, remaining time: 80.57 minutes
Epoch #793: train loss = 0.487583, val loss = 0.003103, total loss = 0.333383, Epoch time: 22.91 seconds, remaining time: 79.85 minutes
Epoch #794: train loss = 0.483555, val loss = 0.002378, total loss = 0.330405, Epoch time: 22.65 seconds, remaining time: 79.03 minutes
Epoch #795: train loss = 0.483870, val loss = 0.002106, total loss = 0.330534, Epoch time: 23.62 seconds, remaining time: 78.51 minutes
Epoch #796: train loss = 0.497988, val loss = 0.003220, total loss = 0.340513, Epoch time: 23.13 seconds, remaining time: 77.87 minutes
Epoch #797: train loss = 0.501901, val loss = 0.002924, total loss = 0.343086, Epoch time: 22.70 seconds, remaining time: 77.51 minutes
Epoch #798: train loss = 0.512396, val loss = 0.003115, total loss = 0.350302, Epoch time: 23.30 seconds, remaining time: 77.27 minutes
Epoch #799: train loss = 0.512779, val loss = 0.002334, total loss = 0.350314, Epoch time: 22.58 seconds, remaining time: 76.95 minutes
Epoch #800: train loss = 0.495302, val loss = 0.004062, total loss = 0.338949, Epoch time: 24.10 seconds, remaining time: 76.82 minutes
Epoch #801: train loss = 0.489785, val loss = 0.002201, total loss = 0.334596, Epoch time: 23.77 seconds, remaining time: 76.60 minutes
Epoch #802: train loss = 0.501813, val loss = 0.001952, total loss = 0.342717, Epoch time: 22.57 seconds, remaining time: 75.95 minutes
Epoch #803: train loss = 0.485277, val loss = 0.001586, total loss = 0.331327, Epoch time: 23.49 seconds, remaining time: 75.76 minutes
Epoch #804: train loss = 0.516804, val loss = 0.001779, total loss = 0.352881, Epoch time: 23.45 seconds, remaining time: 75.63 minutes
Epoch #805: train loss = 0.512828, val loss = 0.004003, total loss = 0.350878, Epoch time: 23.11 seconds, remaining time: 75.08 minutes
Epoch #806: train loss = 0.503712, val loss = 0.002720, total loss = 0.344256, Epoch time: 22.08 seconds, remaining time: 74.36 minutes
Epoch #807: train loss = 0.510044, val loss = 0.002170, total loss = 0.348397, Epoch time: 23.22 seconds, remaining time: 74.14 minutes
Epoch #808: train loss = 0.514528, val loss = 0.001777, total loss = 0.351329, Epoch time: 23.05 seconds, remaining time: 73.67 minutes
Epoch #809: train loss = 0.492342, val loss = 0.003805, total loss = 0.336850, Epoch time: 23.12 seconds, remaining time: 73.45 minutes
Epoch #810: train loss = 0.504085, val loss = 0.004990, total loss = 0.345233, Epoch time: 22.60 seconds, remaining time: 72.60 minutes
Epoch #811: train loss = 0.491346, val loss = 0.001801, total loss = 0.335533, Epoch time: 22.91 seconds, remaining time: 71.94 minutes
Epoch #812: train loss = 0.494669, val loss = 0.002619, total loss = 0.338059, Epoch time: 24.13 seconds, remaining time: 72.04 minutes
Epoch #813: train loss = 0.496207, val loss = 0.003041, total loss = 0.339242, Epoch time: 22.88 seconds, remaining time: 71.47 minutes
Epoch #814: train loss = 0.504289, val loss = 0.002109, total loss = 0.344454, Epoch time: 23.30 seconds, remaining time: 71.04 minutes
Epoch #815: train loss = 0.506153, val loss = 0.003862, total loss = 0.346283, Epoch time: 23.43 seconds, remaining time: 70.75 minutes
Epoch #816: train loss = 0.486477, val loss = 0.002387, total loss = 0.332400, Epoch time: 23.22 seconds, remaining time: 70.71 minutes
Epoch #817: train loss = 0.489641, val loss = 0.002936, total loss = 0.334732, Epoch time: 23.11 seconds, remaining time: 70.29 minutes
Epoch #818: train loss = 0.487609, val loss = 0.001866, total loss = 0.333006, Epoch time: 22.80 seconds, remaining time: 69.83 minutes
Epoch #819: train loss = 0.482995, val loss = 0.002256, total loss = 0.329985, Epoch time: 22.99 seconds, remaining time: 69.41 minutes
Epoch #820: train loss = 0.500168, val loss = 0.002589, total loss = 0.341798, Epoch time: 23.20 seconds, remaining time: 69.20 minutes
Epoch #821: train loss = 0.489944, val loss = 0.002834, total loss = 0.334906, Epoch time: 23.10 seconds, remaining time: 68.87 minutes
Epoch #822: train loss = 0.496821, val loss = 0.003783, total loss = 0.339896, Epoch time: 23.18 seconds, remaining time: 68.20 minutes
Epoch #823: train loss = 0.501306, val loss = 0.002803, total loss = 0.342642, Epoch time: 23.06 seconds, remaining time: 67.87 minutes
Epoch #824: train loss = 0.497494, val loss = 0.003152, total loss = 0.340154, Epoch time: 23.13 seconds, remaining time: 67.44 minutes
Epoch #825: train loss = 0.510343, val loss = 0.002185, total loss = 0.348606, Epoch time: 23.09 seconds, remaining time: 66.95 minutes
Epoch #826: train loss = 0.502014, val loss = 0.003070, total loss = 0.343210, Epoch time: 23.10 seconds, remaining time: 66.53 minutes
Epoch #827: train loss = 0.508294, val loss = 0.004036, total loss = 0.347798, Epoch time: 23.08 seconds, remaining time: 66.14 minutes
Epoch #828: train loss = 0.503181, val loss = 0.004979, total loss = 0.344613, Epoch time: 23.45 seconds, remaining time: 65.94 minutes
Epoch #829: train loss = 0.487605, val loss = 0.002235, total loss = 0.333121, Epoch time: 23.13 seconds, remaining time: 65.59 minutes
Epoch #830: train loss = 0.504898, val loss = 0.003359, total loss = 0.345267, Epoch time: 23.09 seconds, remaining time: 65.18 minutes
Epoch #831: train loss = 0.502311, val loss = 0.002918, total loss = 0.343363, Epoch time: 22.77 seconds, remaining time: 64.70 minutes
Epoch #832: train loss = 0.478837, val loss = 0.002240, total loss = 0.327145, Epoch time: 23.55 seconds, remaining time: 64.42 minutes
Epoch #833: train loss = 0.509146, val loss = 0.001869, total loss = 0.347689, Epoch time: 22.87 seconds, remaining time: 63.98 minutes
Epoch #834: train loss = 0.496952, val loss = 0.004843, total loss = 0.340323, Epoch time: 23.72 seconds, remaining time: 63.76 minutes
Epoch #835: train loss = 0.494201, val loss = 0.003333, total loss = 0.337967, Epoch time: 22.22 seconds, remaining time: 63.13 minutes
Epoch #836: train loss = 0.493966, val loss = 0.002771, total loss = 0.337628, Epoch time: 23.86 seconds, remaining time: 62.96 minutes
Epoch #837: train loss = 0.503619, val loss = 0.002328, total loss = 0.344068, Epoch time: 23.97 seconds, remaining time: 62.81 minutes
Epoch #838: train loss = 0.494564, val loss = 0.001899, total loss = 0.337758, Epoch time: 23.95 seconds, remaining time: 62.56 minutes
Epoch #839: train loss = 0.482571, val loss = 0.003679, total loss = 0.330149, Epoch time: 23.18 seconds, remaining time: 62.18 minutes
Epoch #840: train loss = 0.499524, val loss = 0.002550, total loss = 0.341346, Epoch time: 23.22 seconds, remaining time: 61.83 minutes
Epoch #841: train loss = 0.494570, val loss = 0.002479, total loss = 0.337947, Epoch time: 23.63 seconds, remaining time: 61.66 minutes
Epoch #842: train loss = 0.488065, val loss = 0.003876, total loss = 0.333957, Epoch time: 22.54 seconds, remaining time: 61.01 minutes
Epoch #843: train loss = 0.474461, val loss = 0.002033, total loss = 0.324096, Epoch time: 23.38 seconds, remaining time: 60.75 minutes
Epoch #844: train loss = 0.501306, val loss = 0.002329, total loss = 0.342491, Epoch time: 23.17 seconds, remaining time: 60.22 minutes
Epoch #845: train loss = 0.498678, val loss = 0.003180, total loss = 0.340970, Epoch time: 23.27 seconds, remaining time: 60.10 minutes
Epoch #846: train loss = 0.504230, val loss = 0.002673, total loss = 0.344594, Epoch time: 23.21 seconds, remaining time: 59.54 minutes
Epoch #847: train loss = 0.537068, val loss = 0.002808, total loss = 0.367023, Epoch time: 23.62 seconds, remaining time: 59.07 minutes
Epoch #848: train loss = 0.493136, val loss = 0.002609, total loss = 0.337011, Epoch time: 22.68 seconds, remaining time: 58.36 minutes
Epoch #849: train loss = 0.476157, val loss = 0.001968, total loss = 0.325232, Epoch time: 23.59 seconds, remaining time: 58.08 minutes
Epoch #850: train loss = 0.512715, val loss = 0.001640, total loss = 0.350050, Epoch time: 23.15 seconds, remaining time: 57.67 minutes
Epoch #851: train loss = 0.493324, val loss = 0.004848, total loss = 0.337851, Epoch time: 23.08 seconds, remaining time: 57.15 minutes
Epoch #852: train loss = 0.491613, val loss = 0.002399, total loss = 0.335906, Epoch time: 23.30 seconds, remaining time: 56.95 minutes
Epoch #853: train loss = 0.506200, val loss = 0.001412, total loss = 0.345535, Epoch time: 23.17 seconds, remaining time: 56.51 minutes
Epoch #854: train loss = 0.501349, val loss = 0.002654, total loss = 0.342623, Epoch time: 22.93 seconds, remaining time: 56.07 minutes
Epoch #855: train loss = 0.502974, val loss = 0.002595, total loss = 0.343713, Epoch time: 22.94 seconds, remaining time: 55.60 minutes
Epoch #856: train loss = 0.511769, val loss = 0.002132, total loss = 0.349561, Epoch time: 23.81 seconds, remaining time: 55.36 minutes
Epoch #857: train loss = 0.508670, val loss = 0.003222, total loss = 0.347795, Epoch time: 22.67 seconds, remaining time: 54.75 minutes
Epoch #858: train loss = 0.507156, val loss = 0.002356, total loss = 0.346487, Epoch time: 23.00 seconds, remaining time: 54.44 minutes
Epoch #859: train loss = 0.505445, val loss = 0.005523, total loss = 0.346330, Epoch time: 23.17 seconds, remaining time: 53.95 minutes
Epoch #860: train loss = 0.480208, val loss = 0.002798, total loss = 0.328257, Epoch time: 23.91 seconds, remaining time: 53.75 minutes
Epoch #861: train loss = 0.529504, val loss = 0.004571, total loss = 0.362427, Epoch time: 23.56 seconds, remaining time: 53.47 minutes
Epoch #862: train loss = 0.516187, val loss = 0.004885, total loss = 0.353449, Epoch time: 23.13 seconds, remaining time: 53.04 minutes
Epoch #863: train loss = 0.493717, val loss = 0.003471, total loss = 0.337681, Epoch time: 22.22 seconds, remaining time: 52.44 minutes
Epoch #864: train loss = 0.509700, val loss = 0.002875, total loss = 0.348387, Epoch time: 23.76 seconds, remaining time: 52.24 minutes
Epoch #865: train loss = 0.492383, val loss = 0.003983, total loss = 0.336934, Epoch time: 22.71 seconds, remaining time: 51.80 minutes
Epoch #866: train loss = 0.484548, val loss = 0.002641, total loss = 0.331166, Epoch time: 23.38 seconds, remaining time: 51.32 minutes
Epoch #867: train loss = 0.508188, val loss = 0.003108, total loss = 0.347430, Epoch time: 23.86 seconds, remaining time: 51.19 minutes
Epoch #868: train loss = 0.502250, val loss = 0.002261, total loss = 0.343113, Epoch time: 23.92 seconds, remaining time: 51.01 minutes
Epoch #869: train loss = 0.495868, val loss = 0.002046, total loss = 0.338694, Epoch time: 23.34 seconds, remaining time: 50.65 minutes
Epoch #870: train loss = 0.509102, val loss = 0.001988, total loss = 0.347697, Epoch time: 22.55 seconds, remaining time: 49.97 minutes
Epoch #871: train loss = 0.505865, val loss = 0.003506, total loss = 0.345973, Epoch time: 23.33 seconds, remaining time: 49.54 minutes
Epoch #872: train loss = 0.500153, val loss = 0.003939, total loss = 0.342218, Epoch time: 22.99 seconds, remaining time: 49.12 minutes
Epoch #873: train loss = 0.507395, val loss = 0.002503, total loss = 0.346697, Epoch time: 23.01 seconds, remaining time: 48.90 minutes
Epoch #874: train loss = 0.491140, val loss = 0.003182, total loss = 0.335832, Epoch time: 23.10 seconds, remaining time: 48.37 minutes
Epoch #875: train loss = 0.506379, val loss = 0.001930, total loss = 0.345823, Epoch time: 23.21 seconds, remaining time: 48.09 minutes
Epoch #876: train loss = 0.488880, val loss = 0.003780, total loss = 0.334482, Epoch time: 23.78 seconds, remaining time: 47.78 minutes
Epoch #877: train loss = 0.509595, val loss = 0.002137, total loss = 0.348080, Epoch time: 23.21 seconds, remaining time: 47.26 minutes
Epoch #878: train loss = 0.492218, val loss = 0.003067, total loss = 0.336530, Epoch time: 22.30 seconds, remaining time: 46.55 minutes
Epoch #879: train loss = 0.485226, val loss = 0.003562, total loss = 0.331921, Epoch time: 23.34 seconds, remaining time: 46.16 minutes
Epoch #880: train loss = 0.490244, val loss = 0.001876, total loss = 0.334806, Epoch time: 23.49 seconds, remaining time: 45.97 minutes
Epoch #881: train loss = 0.496123, val loss = 0.003146, total loss = 0.339218, Epoch time: 23.28 seconds, remaining time: 45.57 minutes
Epoch #882: train loss = 0.490154, val loss = 0.002068, total loss = 0.334806, Epoch time: 22.52 seconds, remaining time: 45.09 minutes
Epoch #883: train loss = 0.492920, val loss = 0.002643, total loss = 0.336874, Epoch time: 23.64 seconds, remaining time: 44.83 minutes
Epoch #884: train loss = 0.498124, val loss = 0.003455, total loss = 0.340680, Epoch time: 23.43 seconds, remaining time: 44.51 minutes
Epoch #885: train loss = 0.506579, val loss = 0.001870, total loss = 0.345940, Epoch time: 23.85 seconds, remaining time: 44.24 minutes
Epoch #886: train loss = 0.514536, val loss = 0.001972, total loss = 0.351396, Epoch time: 22.69 seconds, remaining time: 43.65 minutes
Epoch #887: train loss = 0.490845, val loss = 0.004354, total loss = 0.336004, Epoch time: 23.20 seconds, remaining time: 43.26 minutes
Epoch #888: train loss = 0.492739, val loss = 0.003182, total loss = 0.336922, Epoch time: 23.46 seconds, remaining time: 43.09 minutes
Epoch #889: train loss = 0.493265, val loss = 0.002695, total loss = 0.337126, Epoch time: 23.26 seconds, remaining time: 42.68 minutes
Epoch #890: train loss = 0.500963, val loss = 0.001927, total loss = 0.342129, Epoch time: 22.75 seconds, remaining time: 42.16 minutes
Epoch #891: train loss = 0.517814, val loss = 0.003223, total loss = 0.354030, Epoch time: 23.14 seconds, remaining time: 41.75 minutes
Epoch #892: train loss = 0.501536, val loss = 0.002296, total loss = 0.342637, Epoch time: 22.46 seconds, remaining time: 41.35 minutes
Epoch #893: train loss = 0.493602, val loss = 0.003215, total loss = 0.337521, Epoch time: 23.90 seconds, remaining time: 41.01 minutes
Epoch #894: train loss = 0.507023, val loss = 0.002254, total loss = 0.346365, Epoch time: 23.68 seconds, remaining time: 40.67 minutes
Epoch #895: train loss = 0.504617, val loss = 0.002424, total loss = 0.344778, Epoch time: 22.84 seconds, remaining time: 40.11 minutes
Epoch #896: train loss = 0.484647, val loss = 0.001926, total loss = 0.331006, Epoch time: 23.39 seconds, remaining time: 39.84 minutes
Epoch #897: train loss = 0.497870, val loss = 0.003167, total loss = 0.340416, Epoch time: 23.52 seconds, remaining time: 39.51 minutes
Epoch #898: train loss = 0.507413, val loss = 0.002488, total loss = 0.346705, Epoch time: 23.10 seconds, remaining time: 39.06 minutes
Epoch #899: train loss = 0.510165, val loss = 0.001838, total loss = 0.348374, Epoch time: 22.06 seconds, remaining time: 38.48 minutes
Epoch #900: train loss = 0.511412, val loss = 0.003032, total loss = 0.349604, Epoch time: 23.29 seconds, remaining time: 38.18 minutes
Epoch #901: train loss = 0.507972, val loss = 0.003518, total loss = 0.347414, Epoch time: 23.18 seconds, remaining time: 37.80 minutes
Epoch #902: train loss = 0.491842, val loss = 0.003004, total loss = 0.336254, Epoch time: 22.77 seconds, remaining time: 37.47 minutes
Epoch #903: train loss = 0.495761, val loss = 0.001593, total loss = 0.338477, Epoch time: 23.39 seconds, remaining time: 37.00 minutes
Epoch #904: train loss = 0.482283, val loss = 0.002896, total loss = 0.329703, Epoch time: 22.95 seconds, remaining time: 36.50 minutes
Epoch #905: train loss = 0.496438, val loss = 0.003551, total loss = 0.339562, Epoch time: 22.71 seconds, remaining time: 36.09 minutes
Epoch #906: train loss = 0.495939, val loss = 0.002614, total loss = 0.338923, Epoch time: 23.21 seconds, remaining time: 35.68 minutes
Epoch #907: train loss = 0.509833, val loss = 0.005062, total loss = 0.349174, Epoch time: 23.17 seconds, remaining time: 35.24 minutes
Epoch #908: train loss = 0.495466, val loss = 0.002835, total loss = 0.338671, Epoch time: 22.34 seconds, remaining time: 34.74 minutes
Epoch #909: train loss = 0.517464, val loss = 0.002239, total loss = 0.353477, Epoch time: 22.96 seconds, remaining time: 34.50 minutes
Epoch #910: train loss = 0.493157, val loss = 0.003314, total loss = 0.337249, Epoch time: 22.89 seconds, remaining time: 34.06 minutes
Epoch #911: train loss = 0.515175, val loss = 0.004741, total loss = 0.352713, Epoch time: 22.68 seconds, remaining time: 33.60 minutes
Epoch #912: train loss = 0.498457, val loss = 0.004424, total loss = 0.341216, Epoch time: 23.14 seconds, remaining time: 33.27 minutes
Epoch #913: train loss = 0.491987, val loss = 0.002485, total loss = 0.336188, Epoch time: 22.88 seconds, remaining time: 32.81 minutes
Epoch #914: train loss = 0.496385, val loss = 0.001552, total loss = 0.338889, Epoch time: 23.13 seconds, remaining time: 32.46 minutes
Epoch #915: train loss = 0.510424, val loss = 0.004270, total loss = 0.349325, Epoch time: 23.24 seconds, remaining time: 32.15 minutes
Epoch #916: train loss = 0.513534, val loss = 0.006193, total loss = 0.352057, Epoch time: 22.35 seconds, remaining time: 31.65 minutes
Epoch #917: train loss = 0.505721, val loss = 0.004802, total loss = 0.346288, Epoch time: 22.67 seconds, remaining time: 31.20 minutes
Epoch #918: train loss = 0.507323, val loss = 0.005841, total loss = 0.347711, Epoch time: 23.76 seconds, remaining time: 31.01 minutes
Epoch #919: train loss = 0.496406, val loss = 0.002580, total loss = 0.339230, Epoch time: 23.98 seconds, remaining time: 30.76 minutes
Epoch #920: train loss = 0.511656, val loss = 0.003456, total loss = 0.349906, Epoch time: 24.04 seconds, remaining time: 30.53 minutes
Epoch #921: train loss = 0.495980, val loss = 0.004200, total loss = 0.339455, Epoch time: 22.50 seconds, remaining time: 30.12 minutes
Epoch #922: train loss = 0.487847, val loss = 0.002613, total loss = 0.333406, Epoch time: 23.18 seconds, remaining time: 29.74 minutes
Epoch #923: train loss = 0.518758, val loss = 0.005713, total loss = 0.355465, Epoch time: 22.56 seconds, remaining time: 29.31 minutes
Epoch #924: train loss = 0.482079, val loss = 0.002549, total loss = 0.329454, Epoch time: 23.12 seconds, remaining time: 28.93 minutes
Epoch #925: train loss = 0.500268, val loss = 0.004145, total loss = 0.342362, Epoch time: 22.50 seconds, remaining time: 28.45 minutes
Epoch #926: train loss = 0.502068, val loss = 0.002186, total loss = 0.342965, Epoch time: 23.73 seconds, remaining time: 28.23 minutes
Epoch #927: train loss = 0.499674, val loss = 0.003170, total loss = 0.341646, Epoch time: 23.11 seconds, remaining time: 27.90 minutes
Epoch #928: train loss = 0.484861, val loss = 0.002513, total loss = 0.331339, Epoch time: 23.10 seconds, remaining time: 27.43 minutes
Epoch #929: train loss = 0.501040, val loss = 0.002830, total loss = 0.342469, Epoch time: 23.44 seconds, remaining time: 26.98 minutes
Epoch #930: train loss = 0.497952, val loss = 0.003580, total loss = 0.340603, Epoch time: 22.56 seconds, remaining time: 26.43 minutes
Epoch #931: train loss = 0.490442, val loss = 0.002840, total loss = 0.335247, Epoch time: 22.47 seconds, remaining time: 26.04 minutes
Epoch #932: train loss = 0.496784, val loss = 0.002796, total loss = 0.339557, Epoch time: 23.82 seconds, remaining time: 25.73 minutes
Epoch #933: train loss = 0.471829, val loss = 0.002834, total loss = 0.322557, Epoch time: 23.29 seconds, remaining time: 25.43 minutes
Epoch #934: train loss = 0.484609, val loss = 0.002494, total loss = 0.331161, Epoch time: 23.50 seconds, remaining time: 25.08 minutes
Epoch #935: train loss = 0.500312, val loss = 0.002619, total loss = 0.341906, Epoch time: 23.10 seconds, remaining time: 24.76 minutes
Epoch #936: train loss = 0.494260, val loss = 0.002510, total loss = 0.337745, Epoch time: 23.13 seconds, remaining time: 24.31 minutes
Epoch #937: train loss = 0.508156, val loss = 0.001934, total loss = 0.347035, Epoch time: 23.10 seconds, remaining time: 23.92 minutes
Epoch #938: train loss = 0.488223, val loss = 0.002334, total loss = 0.333573, Epoch time: 23.89 seconds, remaining time: 23.62 minutes
Epoch #939: train loss = 0.478109, val loss = 0.003416, total loss = 0.327023, Epoch time: 22.87 seconds, remaining time: 23.17 minutes
Epoch #940: train loss = 0.495605, val loss = 0.003550, total loss = 0.338993, Epoch time: 23.89 seconds, remaining time: 22.92 minutes
Epoch #941: train loss = 0.500557, val loss = 0.001159, total loss = 0.341608, Epoch time: 22.57 seconds, remaining time: 22.54 minutes
Epoch #942: train loss = 0.497492, val loss = 0.002565, total loss = 0.339966, Epoch time: 23.37 seconds, remaining time: 22.11 minutes
Epoch #943: train loss = 0.495923, val loss = 0.003271, total loss = 0.339121, Epoch time: 23.20 seconds, remaining time: 21.71 minutes
Epoch #944: train loss = 0.499787, val loss = 0.004522, total loss = 0.342154, Epoch time: 23.12 seconds, remaining time: 21.29 minutes
Epoch #945: train loss = 0.484913, val loss = 0.002931, total loss = 0.331507, Epoch time: 22.27 seconds, remaining time: 20.83 minutes
Epoch #946: train loss = 0.491530, val loss = 0.002757, total loss = 0.335963, Epoch time: 23.07 seconds, remaining time: 20.44 minutes
Epoch #947: train loss = 0.506433, val loss = 0.003038, total loss = 0.346212, Epoch time: 23.46 seconds, remaining time: 20.08 minutes
Epoch #948: train loss = 0.491003, val loss = 0.002223, total loss = 0.335434, Epoch time: 22.54 seconds, remaining time: 19.58 minutes
Epoch #949: train loss = 0.479884, val loss = 0.002805, total loss = 0.328039, Epoch time: 23.41 seconds, remaining time: 19.24 minutes
Epoch #950: train loss = 0.515032, val loss = 0.003059, total loss = 0.352081, Epoch time: 23.09 seconds, remaining time: 18.79 minutes
Epoch #951: train loss = 0.495187, val loss = 0.002779, total loss = 0.338463, Epoch time: 22.46 seconds, remaining time: 18.40 minutes
Epoch #952: train loss = 0.489540, val loss = 0.003177, total loss = 0.334740, Epoch time: 23.07 seconds, remaining time: 17.99 minutes
Epoch #953: train loss = 0.499712, val loss = 0.002178, total loss = 0.341356, Epoch time: 23.73 seconds, remaining time: 17.65 minutes
Epoch #954: train loss = 0.513958, val loss = 0.003322, total loss = 0.351432, Epoch time: 23.99 seconds, remaining time: 17.33 minutes
Epoch #955: train loss = 0.480961, val loss = 0.002291, total loss = 0.328609, Epoch time: 23.96 seconds, remaining time: 17.07 minutes
Epoch #956: train loss = 0.498661, val loss = 0.003753, total loss = 0.341141, Epoch time: 23.21 seconds, remaining time: 16.69 minutes
Epoch #957: train loss = 0.483811, val loss = 0.002511, total loss = 0.330622, Epoch time: 22.85 seconds, remaining time: 16.26 minutes
Epoch #958: train loss = 0.492243, val loss = 0.002380, total loss = 0.336329, Epoch time: 23.19 seconds, remaining time: 15.92 minutes
Epoch #959: train loss = 0.521889, val loss = 0.003521, total loss = 0.356902, Epoch time: 23.03 seconds, remaining time: 15.51 minutes
Epoch #960: train loss = 0.492106, val loss = 0.002679, total loss = 0.336331, Epoch time: 22.34 seconds, remaining time: 15.07 minutes
Epoch #961: train loss = 0.502417, val loss = 0.003740, total loss = 0.343698, Epoch time: 23.50 seconds, remaining time: 14.75 minutes
Epoch #962: train loss = 0.489298, val loss = 0.007231, total loss = 0.335865, Epoch time: 22.70 seconds, remaining time: 14.34 minutes
Epoch #963: train loss = 0.524538, val loss = 0.002051, total loss = 0.358240, Epoch time: 23.02 seconds, remaining time: 13.91 minutes
Epoch #964: train loss = 0.509525, val loss = 0.002494, total loss = 0.348146, Epoch time: 22.67 seconds, remaining time: 13.44 minutes
Epoch #965: train loss = 0.498469, val loss = 0.002964, total loss = 0.340759, Epoch time: 23.21 seconds, remaining time: 13.02 minutes
Epoch #966: train loss = 0.504125, val loss = 0.002855, total loss = 0.344580, Epoch time: 22.37 seconds, remaining time: 12.59 minutes
Epoch #967: train loss = 0.510432, val loss = 0.003470, total loss = 0.349076, Epoch time: 23.49 seconds, remaining time: 12.24 minutes
Epoch #968: train loss = 0.494083, val loss = 0.002918, total loss = 0.337755, Epoch time: 23.60 seconds, remaining time: 11.88 minutes
Epoch #969: train loss = 0.496556, val loss = 0.002358, total loss = 0.339262, Epoch time: 22.52 seconds, remaining time: 11.47 minutes
Epoch #970: train loss = 0.495846, val loss = 0.002510, total loss = 0.338827, Epoch time: 23.95 seconds, remaining time: 11.17 minutes
Epoch #971: train loss = 0.496770, val loss = 0.002888, total loss = 0.339577, Epoch time: 23.68 seconds, remaining time: 10.79 minutes
Epoch #972: train loss = 0.488668, val loss = 0.002845, total loss = 0.334040, Epoch time: 23.06 seconds, remaining time: 10.42 minutes
Epoch #973: train loss = 0.493833, val loss = 0.002556, total loss = 0.337469, Epoch time: 23.29 seconds, remaining time: 10.05 minutes
Epoch #974: train loss = 0.484001, val loss = 0.002868, total loss = 0.330865, Epoch time: 23.05 seconds, remaining time: 9.68 minutes
Epoch #975: train loss = 0.503449, val loss = 0.002912, total loss = 0.344137, Epoch time: 24.03 seconds, remaining time: 9.32 minutes
Epoch #976: train loss = 0.507920, val loss = 0.002527, total loss = 0.347063, Epoch time: 22.81 seconds, remaining time: 8.95 minutes
Epoch #977: train loss = 0.484975, val loss = 0.003558, total loss = 0.331749, Epoch time: 23.96 seconds, remaining time: 8.58 minutes
Epoch #978: train loss = 0.522681, val loss = 0.003056, total loss = 0.357294, Epoch time: 22.50 seconds, remaining time: 8.15 minutes
Epoch #979: train loss = 0.495341, val loss = 0.002299, total loss = 0.338415, Epoch time: 23.41 seconds, remaining time: 7.79 minutes
Epoch #980: train loss = 0.490080, val loss = 0.003576, total loss = 0.335235, Epoch time: 23.17 seconds, remaining time: 7.38 minutes
Epoch #981: train loss = 0.504002, val loss = 0.003357, total loss = 0.344656, Epoch time: 23.06 seconds, remaining time: 6.97 minutes
Epoch #982: train loss = 0.517245, val loss = 0.005229, total loss = 0.354280, Epoch time: 22.24 seconds, remaining time: 6.56 minutes
Epoch #983: train loss = 0.498450, val loss = 0.002681, total loss = 0.340656, Epoch time: 23.34 seconds, remaining time: 6.18 minutes
Epoch #984: train loss = 0.493895, val loss = 0.001629, total loss = 0.337216, Epoch time: 22.82 seconds, remaining time: 5.78 minutes
Epoch #985: train loss = 0.491631, val loss = 0.002107, total loss = 0.335825, Epoch time: 23.33 seconds, remaining time: 5.38 minutes
Epoch #986: train loss = 0.497075, val loss = 0.002105, total loss = 0.339535, Epoch time: 23.12 seconds, remaining time: 5.00 minutes
Epoch #987: train loss = 0.502560, val loss = 0.001873, total loss = 0.343201, Epoch time: 22.78 seconds, remaining time: 4.60 minutes
Epoch #988: train loss = 0.488193, val loss = 0.002786, total loss = 0.333697, Epoch time: 23.98 seconds, remaining time: 4.24 minutes
Epoch #989: train loss = 0.515124, val loss = 0.002743, total loss = 0.352043, Epoch time: 23.12 seconds, remaining time: 3.85 minutes
Epoch #990: train loss = 0.495631, val loss = 0.002594, total loss = 0.338706, Epoch time: 23.43 seconds, remaining time: 3.47 minutes
Epoch #991: train loss = 0.497573, val loss = 0.003400, total loss = 0.340287, Epoch time: 23.72 seconds, remaining time: 3.09 minutes
Epoch #992: train loss = 0.500799, val loss = 0.002534, total loss = 0.342210, Epoch time: 23.45 seconds, remaining time: 2.72 minutes
Epoch #993: train loss = 0.495727, val loss = 0.004033, total loss = 0.339230, Epoch time: 23.55 seconds, remaining time: 2.33 minutes
Epoch #994: train loss = 0.502200, val loss = 0.003326, total loss = 0.343418, Epoch time: 22.69 seconds, remaining time: 1.94 minutes
Epoch #995: train loss = 0.481596, val loss = 0.001804, total loss = 0.328887, Epoch time: 24.07 seconds, remaining time: 1.56 minutes
Epoch #996: train loss = 0.504993, val loss = 0.003568, total loss = 0.345399, Epoch time: 22.50 seconds, remaining time: 1.17 minutes
Epoch #997: train loss = 0.486576, val loss = 0.002035, total loss = 0.332355, Epoch time: 23.34 seconds, remaining time: 0.78 minutes
Epoch #998: train loss = 0.508791, val loss = 0.002993, total loss = 0.347805, Epoch time: 23.30 seconds, remaining time: 0.39 minutes
Epoch #999: train loss = 0.508042, val loss = 0.002719, total loss = 0.347207, Epoch time: 23.01 seconds, remaining time: 0.00 minutes

Training time: 7:41:34.670769

Classification evaluation results:
{'acc': 0.9742710120068611, 'auprc': 0.9912800129380764}
Clustering evaluation results:
{'kmeans': {'acc': 0.8379073756432247, 'ri': 0.9477287810036635, 'nmi': 0.8022002830219015}, 'spectral': {'acc': 0.8281875357347055, 'ri': 0.9390479759421332, 'nmi': 0.8125118185149862}}
Finished.
