Dataset: HandMovementDirection
Arguments: Namespace(batch_size=8, dataset='HandMovementDirection', epochs=1000, eval=True, gpu=0, irregular=0, iters=None, loader='UEA', lr=0.001, max_threads=8, max_train_length=3000, repr_dims=320, run_name='UEA', save_every=None, seed=42)
Loading data... done
Epoch #0: train loss = 3.576471, val loss = 1.378649, total loss = 2.894388, Epoch time: 1.76 seconds, remaining time: 29.26 minutes
Epoch #1: train loss = 1.888497, val loss = 1.121236, total loss = 1.650381, Epoch time: 1.44 seconds, remaining time: 24.03 minutes
Epoch #2: train loss = 1.722104, val loss = 0.802338, total loss = 1.436659, Epoch time: 1.35 seconds, remaining time: 22.45 minutes
Epoch #3: train loss = 1.548578, val loss = 0.655990, total loss = 1.271568, Epoch time: 1.29 seconds, remaining time: 21.40 minutes
Epoch #4: train loss = 1.432492, val loss = 0.527023, total loss = 1.151484, Epoch time: 1.26 seconds, remaining time: 20.87 minutes
Epoch #5: train loss = 1.282975, val loss = 0.336528, total loss = 0.989250, Epoch time: 1.24 seconds, remaining time: 20.57 minutes
Epoch #6: train loss = 1.180713, val loss = 0.257664, total loss = 0.894250, Epoch time: 1.23 seconds, remaining time: 20.28 minutes
Epoch #7: train loss = 1.026577, val loss = 0.194467, total loss = 0.768336, Epoch time: 1.22 seconds, remaining time: 20.11 minutes
Epoch #8: train loss = 0.925542, val loss = 0.155944, total loss = 0.686701, Epoch time: 1.21 seconds, remaining time: 19.92 minutes
Epoch #9: train loss = 0.906443, val loss = 0.148626, total loss = 0.671258, Epoch time: 1.20 seconds, remaining time: 19.77 minutes
Epoch #10: train loss = 0.716751, val loss = 0.109976, total loss = 0.528441, Epoch time: 1.20 seconds, remaining time: 19.72 minutes
Epoch #11: train loss = 0.779510, val loss = 0.176389, total loss = 0.592334, Epoch time: 1.19 seconds, remaining time: 19.58 minutes
Epoch #12: train loss = 0.854295, val loss = 0.150922, total loss = 0.636007, Epoch time: 1.18 seconds, remaining time: 19.45 minutes
Epoch #13: train loss = 0.785340, val loss = 0.107108, total loss = 0.574855, Epoch time: 1.18 seconds, remaining time: 19.34 minutes
Epoch #14: train loss = 0.627019, val loss = 0.084991, total loss = 0.458803, Epoch time: 1.18 seconds, remaining time: 19.30 minutes
Epoch #15: train loss = 0.550341, val loss = 0.114710, total loss = 0.415145, Epoch time: 1.17 seconds, remaining time: 19.25 minutes
Epoch #16: train loss = 0.518727, val loss = 0.077671, total loss = 0.381848, Epoch time: 1.17 seconds, remaining time: 19.19 minutes
Epoch #17: train loss = 0.485225, val loss = 0.078363, total loss = 0.358957, Epoch time: 1.17 seconds, remaining time: 19.13 minutes
Epoch #18: train loss = 0.474738, val loss = 0.091436, total loss = 0.355782, Epoch time: 1.17 seconds, remaining time: 19.08 minutes
Epoch #19: train loss = 0.540830, val loss = 0.076702, total loss = 0.396791, Epoch time: 1.16 seconds, remaining time: 19.02 minutes
Epoch #20: train loss = 0.424308, val loss = 0.050079, total loss = 0.308168, Epoch time: 1.16 seconds, remaining time: 18.98 minutes
Epoch #21: train loss = 0.498670, val loss = 0.053932, total loss = 0.360648, Epoch time: 1.16 seconds, remaining time: 18.90 minutes
Epoch #22: train loss = 0.476002, val loss = 0.069517, total loss = 0.349852, Epoch time: 1.16 seconds, remaining time: 18.84 minutes
Epoch #23: train loss = 0.444325, val loss = 0.081175, total loss = 0.331623, Epoch time: 1.16 seconds, remaining time: 18.79 minutes
Epoch #24: train loss = 0.689161, val loss = 0.082961, total loss = 0.501030, Epoch time: 1.15 seconds, remaining time: 18.72 minutes
Epoch #25: train loss = 0.487055, val loss = 0.058542, total loss = 0.354068, Epoch time: 1.15 seconds, remaining time: 18.67 minutes
Epoch #26: train loss = 0.450565, val loss = 0.054852, total loss = 0.327758, Epoch time: 1.15 seconds, remaining time: 18.61 minutes
Epoch #27: train loss = 0.464462, val loss = 0.070447, total loss = 0.342182, Epoch time: 1.14 seconds, remaining time: 18.55 minutes
Epoch #28: train loss = 0.380409, val loss = 0.049284, total loss = 0.277646, Epoch time: 1.14 seconds, remaining time: 18.51 minutes
Epoch #29: train loss = 0.313692, val loss = 0.056609, total loss = 0.233908, Epoch time: 1.14 seconds, remaining time: 18.47 minutes
Epoch #30: train loss = 0.497257, val loss = 0.073834, total loss = 0.365849, Epoch time: 1.14 seconds, remaining time: 18.42 minutes
Epoch #31: train loss = 0.328283, val loss = 0.055253, total loss = 0.243550, Epoch time: 1.14 seconds, remaining time: 18.38 minutes
Epoch #32: train loss = 0.386526, val loss = 0.045128, total loss = 0.280575, Epoch time: 1.14 seconds, remaining time: 18.35 minutes
Epoch #33: train loss = 0.306781, val loss = 0.067693, total loss = 0.232581, Epoch time: 1.14 seconds, remaining time: 18.31 minutes
Epoch #34: train loss = 0.379020, val loss = 0.057188, total loss = 0.279141, Epoch time: 1.14 seconds, remaining time: 18.28 minutes
Epoch #35: train loss = 0.407518, val loss = 0.086774, total loss = 0.307977, Epoch time: 1.13 seconds, remaining time: 18.22 minutes
Epoch #36: train loss = 0.443252, val loss = 0.071938, total loss = 0.328017, Epoch time: 1.13 seconds, remaining time: 18.18 minutes
Epoch #37: train loss = 0.311444, val loss = 0.060146, total loss = 0.233455, Epoch time: 1.13 seconds, remaining time: 18.15 minutes
Epoch #38: train loss = 0.302372, val loss = 0.055626, total loss = 0.225796, Epoch time: 1.13 seconds, remaining time: 18.11 minutes
Epoch #39: train loss = 0.383069, val loss = 0.060236, total loss = 0.282880, Epoch time: 1.13 seconds, remaining time: 18.06 minutes
Epoch #40: train loss = 0.328554, val loss = 0.049488, total loss = 0.241947, Epoch time: 1.13 seconds, remaining time: 18.02 minutes
Epoch #41: train loss = 0.324978, val loss = 0.055954, total loss = 0.241488, Epoch time: 1.13 seconds, remaining time: 17.99 minutes
Epoch #42: train loss = 0.272396, val loss = 0.051538, total loss = 0.203854, Epoch time: 1.13 seconds, remaining time: 17.96 minutes
Epoch #43: train loss = 0.259937, val loss = 0.055685, total loss = 0.196549, Epoch time: 1.13 seconds, remaining time: 17.95 minutes
Epoch #44: train loss = 0.207271, val loss = 0.063183, total loss = 0.162554, Epoch time: 1.13 seconds, remaining time: 17.93 minutes
Epoch #45: train loss = 0.263395, val loss = 0.061028, total loss = 0.200591, Epoch time: 1.13 seconds, remaining time: 17.90 minutes
Epoch #46: train loss = 0.236818, val loss = 0.050121, total loss = 0.178878, Epoch time: 1.13 seconds, remaining time: 17.87 minutes
Epoch #47: train loss = 0.223368, val loss = 0.066607, total loss = 0.174718, Epoch time: 1.12 seconds, remaining time: 17.84 minutes
Epoch #48: train loss = 0.216292, val loss = 0.057887, total loss = 0.167132, Epoch time: 1.12 seconds, remaining time: 17.81 minutes
Epoch #49: train loss = 0.180945, val loss = 0.063183, total loss = 0.144398, Epoch time: 1.12 seconds, remaining time: 17.78 minutes
Epoch #50: train loss = 0.333647, val loss = 0.098896, total loss = 0.260793, Epoch time: 1.12 seconds, remaining time: 17.74 minutes
Epoch #51: train loss = 0.212302, val loss = 0.055827, total loss = 0.163741, Epoch time: 1.12 seconds, remaining time: 17.71 minutes
Epoch #52: train loss = 0.184208, val loss = 0.053288, total loss = 0.143578, Epoch time: 1.12 seconds, remaining time: 17.69 minutes
Epoch #53: train loss = 0.314772, val loss = 0.109264, total loss = 0.250994, Epoch time: 1.12 seconds, remaining time: 17.66 minutes
Epoch #54: train loss = 0.268251, val loss = 0.046569, total loss = 0.199453, Epoch time: 1.12 seconds, remaining time: 17.64 minutes
Epoch #55: train loss = 0.181311, val loss = 0.038502, total loss = 0.136991, Epoch time: 1.12 seconds, remaining time: 17.62 minutes
Epoch #56: train loss = 0.248092, val loss = 0.042320, total loss = 0.184232, Epoch time: 1.12 seconds, remaining time: 17.59 minutes
Epoch #57: train loss = 0.188938, val loss = 0.066187, total loss = 0.150843, Epoch time: 1.12 seconds, remaining time: 17.55 minutes
Epoch #58: train loss = 0.205607, val loss = 0.066755, total loss = 0.162515, Epoch time: 1.12 seconds, remaining time: 17.51 minutes
Epoch #59: train loss = 0.206889, val loss = 0.062829, total loss = 0.162181, Epoch time: 1.12 seconds, remaining time: 17.48 minutes
Epoch #60: train loss = 0.416657, val loss = 0.074183, total loss = 0.310372, Epoch time: 1.11 seconds, remaining time: 17.44 minutes
Epoch #61: train loss = 0.298380, val loss = 0.041126, total loss = 0.218543, Epoch time: 1.11 seconds, remaining time: 17.41 minutes
Epoch #62: train loss = 0.261972, val loss = 0.074435, total loss = 0.203771, Epoch time: 1.11 seconds, remaining time: 17.38 minutes
Epoch #63: train loss = 0.217811, val loss = 0.060173, total loss = 0.168889, Epoch time: 1.11 seconds, remaining time: 17.35 minutes
Epoch #64: train loss = 0.202250, val loss = 0.071554, total loss = 0.161689, Epoch time: 1.11 seconds, remaining time: 17.31 minutes
Epoch #65: train loss = 0.254533, val loss = 0.059097, total loss = 0.193880, Epoch time: 1.11 seconds, remaining time: 17.28 minutes
Epoch #66: train loss = 0.164621, val loss = 0.046474, total loss = 0.127954, Epoch time: 1.11 seconds, remaining time: 17.26 minutes
Epoch #67: train loss = 0.123644, val loss = 0.032302, total loss = 0.095296, Epoch time: 1.11 seconds, remaining time: 17.24 minutes
Epoch #68: train loss = 0.113670, val loss = 0.051494, total loss = 0.094374, Epoch time: 1.11 seconds, remaining time: 17.21 minutes
Epoch #69: train loss = 0.107473, val loss = 0.034680, total loss = 0.084882, Epoch time: 1.11 seconds, remaining time: 17.20 minutes
Epoch #70: train loss = 0.129987, val loss = 0.052974, total loss = 0.106086, Epoch time: 1.11 seconds, remaining time: 17.17 minutes
Epoch #71: train loss = 0.551475, val loss = 0.053122, total loss = 0.396814, Epoch time: 1.11 seconds, remaining time: 17.15 minutes
Epoch #72: train loss = 0.297749, val loss = 0.089590, total loss = 0.233148, Epoch time: 1.11 seconds, remaining time: 17.12 minutes
Epoch #73: train loss = 0.217316, val loss = 0.053752, total loss = 0.166555, Epoch time: 1.11 seconds, remaining time: 17.11 minutes
Epoch #74: train loss = 0.166179, val loss = 0.038808, total loss = 0.126650, Epoch time: 1.11 seconds, remaining time: 17.09 minutes
Epoch #75: train loss = 0.135941, val loss = 0.036047, total loss = 0.104939, Epoch time: 1.11 seconds, remaining time: 17.07 minutes
Epoch #76: train loss = 0.196305, val loss = 0.071774, total loss = 0.157658, Epoch time: 1.11 seconds, remaining time: 17.05 minutes
Epoch #77: train loss = 0.121999, val loss = 0.034879, total loss = 0.094962, Epoch time: 1.11 seconds, remaining time: 17.04 minutes
Epoch #78: train loss = 0.129617, val loss = 0.019785, total loss = 0.095531, Epoch time: 1.11 seconds, remaining time: 17.02 minutes
Epoch #79: train loss = 0.139101, val loss = 0.045608, total loss = 0.110086, Epoch time: 1.11 seconds, remaining time: 17.00 minutes
Epoch #80: train loss = 0.138944, val loss = 0.028197, total loss = 0.104574, Epoch time: 1.11 seconds, remaining time: 16.98 minutes
Epoch #81: train loss = 0.130497, val loss = 0.061215, total loss = 0.108996, Epoch time: 1.11 seconds, remaining time: 16.95 minutes
Epoch #82: train loss = 0.185388, val loss = 0.073105, total loss = 0.150542, Epoch time: 1.11 seconds, remaining time: 16.93 minutes
Epoch #83: train loss = 0.145275, val loss = 0.039466, total loss = 0.112438, Epoch time: 1.11 seconds, remaining time: 16.92 minutes
Epoch #84: train loss = 0.144575, val loss = 0.046158, total loss = 0.114032, Epoch time: 1.11 seconds, remaining time: 16.90 minutes
Epoch #85: train loss = 0.257742, val loss = 0.033333, total loss = 0.188098, Epoch time: 1.11 seconds, remaining time: 16.88 minutes
Epoch #86: train loss = 0.167573, val loss = 0.055109, total loss = 0.132671, Epoch time: 1.11 seconds, remaining time: 16.86 minutes
Epoch #87: train loss = 0.224005, val loss = 0.040056, total loss = 0.166917, Epoch time: 1.11 seconds, remaining time: 16.85 minutes
Epoch #88: train loss = 0.128185, val loss = 0.040725, total loss = 0.101042, Epoch time: 1.11 seconds, remaining time: 16.83 minutes
Epoch #89: train loss = 0.087035, val loss = 0.039051, total loss = 0.072143, Epoch time: 1.11 seconds, remaining time: 16.81 minutes
Epoch #90: train loss = 0.084705, val loss = 0.058587, total loss = 0.076599, Epoch time: 1.11 seconds, remaining time: 16.79 minutes
Epoch #91: train loss = 0.103095, val loss = 0.025080, total loss = 0.078883, Epoch time: 1.11 seconds, remaining time: 16.78 minutes
Epoch #92: train loss = 0.089012, val loss = 0.057974, total loss = 0.079379, Epoch time: 1.11 seconds, remaining time: 16.76 minutes
Epoch #93: train loss = 0.082957, val loss = 0.053342, total loss = 0.073766, Epoch time: 1.11 seconds, remaining time: 16.75 minutes
Epoch #94: train loss = 0.079153, val loss = 0.046837, total loss = 0.069124, Epoch time: 1.11 seconds, remaining time: 16.73 minutes
Epoch #95: train loss = 0.093256, val loss = 0.041872, total loss = 0.077309, Epoch time: 1.11 seconds, remaining time: 16.72 minutes
Epoch #96: train loss = 0.060912, val loss = 0.041291, total loss = 0.054823, Epoch time: 1.11 seconds, remaining time: 16.70 minutes
Epoch #97: train loss = 0.213576, val loss = 0.057563, total loss = 0.165158, Epoch time: 1.11 seconds, remaining time: 16.68 minutes
Epoch #98: train loss = 0.134285, val loss = 0.037752, total loss = 0.104327, Epoch time: 1.11 seconds, remaining time: 16.66 minutes
Epoch #99: train loss = 0.755100, val loss = 0.039509, total loss = 0.533020, Epoch time: 1.11 seconds, remaining time: 16.64 minutes
Epoch #100: train loss = 0.361196, val loss = 0.047055, total loss = 0.263704, Epoch time: 1.11 seconds, remaining time: 16.62 minutes
Epoch #101: train loss = 0.455011, val loss = 0.044021, total loss = 0.327462, Epoch time: 1.11 seconds, remaining time: 16.60 minutes
Epoch #102: train loss = 0.295553, val loss = 0.060948, total loss = 0.222745, Epoch time: 1.11 seconds, remaining time: 16.58 minutes
Epoch #103: train loss = 0.179497, val loss = 0.059989, total loss = 0.142409, Epoch time: 1.11 seconds, remaining time: 16.56 minutes
Epoch #104: train loss = 0.163537, val loss = 0.055434, total loss = 0.129988, Epoch time: 1.11 seconds, remaining time: 16.54 minutes
Epoch #105: train loss = 0.122725, val loss = 0.045833, total loss = 0.098862, Epoch time: 1.11 seconds, remaining time: 16.52 minutes
Epoch #106: train loss = 0.163587, val loss = 0.044890, total loss = 0.126750, Epoch time: 1.11 seconds, remaining time: 16.51 minutes
Epoch #107: train loss = 0.147750, val loss = 0.035937, total loss = 0.113050, Epoch time: 1.11 seconds, remaining time: 16.49 minutes
Epoch #108: train loss = 0.122011, val loss = 0.030645, total loss = 0.093656, Epoch time: 1.11 seconds, remaining time: 16.48 minutes
Epoch #109: train loss = 0.123410, val loss = 0.033196, total loss = 0.095413, Epoch time: 1.11 seconds, remaining time: 16.46 minutes
Epoch #110: train loss = 0.112079, val loss = 0.038031, total loss = 0.089099, Epoch time: 1.11 seconds, remaining time: 16.44 minutes
Epoch #111: train loss = 0.135300, val loss = 0.029550, total loss = 0.102481, Epoch time: 1.11 seconds, remaining time: 16.42 minutes
Epoch #112: train loss = 0.147151, val loss = 0.032713, total loss = 0.111635, Epoch time: 1.11 seconds, remaining time: 16.40 minutes
Epoch #113: train loss = 0.115798, val loss = 0.048251, total loss = 0.094835, Epoch time: 1.11 seconds, remaining time: 16.39 minutes
Epoch #114: train loss = 0.511826, val loss = 0.056952, total loss = 0.370658, Epoch time: 1.11 seconds, remaining time: 16.37 minutes
Epoch #115: train loss = 0.254247, val loss = 0.050275, total loss = 0.190946, Epoch time: 1.11 seconds, remaining time: 16.35 minutes
Epoch #116: train loss = 0.159606, val loss = 0.065503, total loss = 0.130402, Epoch time: 1.11 seconds, remaining time: 16.33 minutes
Epoch #117: train loss = 0.206923, val loss = 0.048630, total loss = 0.157798, Epoch time: 1.11 seconds, remaining time: 16.31 minutes
Epoch #118: train loss = 0.177453, val loss = 0.058459, total loss = 0.140523, Epoch time: 1.11 seconds, remaining time: 16.30 minutes
Epoch #119: train loss = 0.118868, val loss = 0.024121, total loss = 0.089464, Epoch time: 1.11 seconds, remaining time: 16.28 minutes
Epoch #120: train loss = 0.115669, val loss = 0.025795, total loss = 0.087777, Epoch time: 1.11 seconds, remaining time: 16.26 minutes
Epoch #121: train loss = 0.094115, val loss = 0.042898, total loss = 0.078220, Epoch time: 1.11 seconds, remaining time: 16.24 minutes
Epoch #122: train loss = 0.103392, val loss = 0.022262, total loss = 0.078214, Epoch time: 1.11 seconds, remaining time: 16.22 minutes
Epoch #123: train loss = 0.083808, val loss = 0.040083, total loss = 0.070238, Epoch time: 1.11 seconds, remaining time: 16.21 minutes
Epoch #124: train loss = 0.066354, val loss = 0.021257, total loss = 0.052358, Epoch time: 1.11 seconds, remaining time: 16.20 minutes
Epoch #125: train loss = 0.195265, val loss = 0.045099, total loss = 0.148662, Epoch time: 1.11 seconds, remaining time: 16.18 minutes
Epoch #126: train loss = 0.129403, val loss = 0.025167, total loss = 0.097054, Epoch time: 1.11 seconds, remaining time: 16.16 minutes
Epoch #127: train loss = 0.148529, val loss = 0.054480, total loss = 0.119341, Epoch time: 1.11 seconds, remaining time: 16.13 minutes
Epoch #128: train loss = 0.249991, val loss = 0.071424, total loss = 0.194574, Epoch time: 1.11 seconds, remaining time: 16.11 minutes
Epoch #129: train loss = 0.177238, val loss = 0.040476, total loss = 0.134794, Epoch time: 1.11 seconds, remaining time: 16.09 minutes
Epoch #130: train loss = 0.114937, val loss = 0.034266, total loss = 0.089901, Epoch time: 1.11 seconds, remaining time: 16.07 minutes
Epoch #131: train loss = 0.148427, val loss = 0.027004, total loss = 0.110744, Epoch time: 1.11 seconds, remaining time: 16.06 minutes
Epoch #132: train loss = 0.084266, val loss = 0.032037, total loss = 0.068057, Epoch time: 1.11 seconds, remaining time: 16.04 minutes
Epoch #133: train loss = 0.109898, val loss = 0.019353, total loss = 0.081798, Epoch time: 1.11 seconds, remaining time: 16.02 minutes
Epoch #134: train loss = 0.234370, val loss = 0.053740, total loss = 0.178312, Epoch time: 1.11 seconds, remaining time: 16.00 minutes
Epoch #135: train loss = 0.236957, val loss = 0.028927, total loss = 0.172396, Epoch time: 1.11 seconds, remaining time: 15.98 minutes
Epoch #136: train loss = 0.128274, val loss = 0.034625, total loss = 0.099211, Epoch time: 1.11 seconds, remaining time: 15.96 minutes
Epoch #137: train loss = 0.215450, val loss = 0.051302, total loss = 0.164507, Epoch time: 1.11 seconds, remaining time: 15.94 minutes
Epoch #138: train loss = 0.157880, val loss = 0.037708, total loss = 0.120585, Epoch time: 1.11 seconds, remaining time: 15.93 minutes
Epoch #139: train loss = 0.151139, val loss = 0.069548, total loss = 0.125818, Epoch time: 1.11 seconds, remaining time: 15.91 minutes
Epoch #140: train loss = 0.237428, val loss = 0.036856, total loss = 0.175182, Epoch time: 1.11 seconds, remaining time: 15.89 minutes
Epoch #141: train loss = 0.105043, val loss = 0.023698, total loss = 0.079798, Epoch time: 1.11 seconds, remaining time: 15.88 minutes
Epoch #142: train loss = 0.119276, val loss = 0.023946, total loss = 0.089691, Epoch time: 1.11 seconds, remaining time: 15.87 minutes
Epoch #143: train loss = 0.167423, val loss = 0.021642, total loss = 0.122181, Epoch time: 1.11 seconds, remaining time: 15.85 minutes
Epoch #144: train loss = 0.110710, val loss = 0.032487, total loss = 0.086434, Epoch time: 1.11 seconds, remaining time: 15.83 minutes
Epoch #145: train loss = 0.114522, val loss = 0.023497, total loss = 0.086273, Epoch time: 1.11 seconds, remaining time: 15.81 minutes
Epoch #146: train loss = 0.189718, val loss = 0.042634, total loss = 0.144071, Epoch time: 1.11 seconds, remaining time: 15.80 minutes
Epoch #147: train loss = 0.128194, val loss = 0.034739, total loss = 0.099191, Epoch time: 1.11 seconds, remaining time: 15.78 minutes
Epoch #148: train loss = 0.231284, val loss = 0.048480, total loss = 0.174552, Epoch time: 1.11 seconds, remaining time: 15.77 minutes
Epoch #149: train loss = 0.113141, val loss = 0.031183, total loss = 0.087706, Epoch time: 1.11 seconds, remaining time: 15.76 minutes
Epoch #150: train loss = 0.080641, val loss = 0.052052, total loss = 0.071769, Epoch time: 1.11 seconds, remaining time: 15.75 minutes
Epoch #151: train loss = 0.084105, val loss = 0.031358, total loss = 0.067736, Epoch time: 1.11 seconds, remaining time: 15.73 minutes
Epoch #152: train loss = 0.215264, val loss = 0.037281, total loss = 0.160028, Epoch time: 1.11 seconds, remaining time: 15.71 minutes
Epoch #153: train loss = 0.155205, val loss = 0.024996, total loss = 0.114795, Epoch time: 1.11 seconds, remaining time: 15.70 minutes
Epoch #154: train loss = 0.086832, val loss = 0.038085, total loss = 0.071703, Epoch time: 1.11 seconds, remaining time: 15.68 minutes
Epoch #155: train loss = 0.061099, val loss = 0.034744, total loss = 0.052920, Epoch time: 1.11 seconds, remaining time: 15.67 minutes
Epoch #156: train loss = 0.072701, val loss = 0.029595, total loss = 0.059323, Epoch time: 1.11 seconds, remaining time: 15.65 minutes
Epoch #157: train loss = 0.083839, val loss = 0.047283, total loss = 0.072494, Epoch time: 1.11 seconds, remaining time: 15.63 minutes
Epoch #158: train loss = 0.062528, val loss = 0.025628, total loss = 0.051076, Epoch time: 1.11 seconds, remaining time: 15.62 minutes
Epoch #159: train loss = 0.057970, val loss = 0.025607, total loss = 0.047926, Epoch time: 1.11 seconds, remaining time: 15.60 minutes
Epoch #160: train loss = 0.178484, val loss = 0.031247, total loss = 0.132790, Epoch time: 1.11 seconds, remaining time: 15.58 minutes
Epoch #161: train loss = 0.134152, val loss = 0.017278, total loss = 0.097880, Epoch time: 1.11 seconds, remaining time: 15.56 minutes
Epoch #162: train loss = 0.128712, val loss = 0.038901, total loss = 0.100839, Epoch time: 1.11 seconds, remaining time: 15.55 minutes
Epoch #163: train loss = 0.130207, val loss = 0.030587, total loss = 0.099290, Epoch time: 1.11 seconds, remaining time: 15.53 minutes
Epoch #164: train loss = 0.084339, val loss = 0.015018, total loss = 0.062825, Epoch time: 1.11 seconds, remaining time: 15.51 minutes
Epoch #165: train loss = 0.079440, val loss = 0.025260, total loss = 0.062626, Epoch time: 1.11 seconds, remaining time: 15.50 minutes
Epoch #166: train loss = 0.060511, val loss = 0.033479, total loss = 0.052122, Epoch time: 1.12 seconds, remaining time: 15.48 minutes
Epoch #167: train loss = 0.080606, val loss = 0.022614, total loss = 0.062608, Epoch time: 1.12 seconds, remaining time: 15.46 minutes
Epoch #168: train loss = 0.051802, val loss = 0.024405, total loss = 0.043299, Epoch time: 1.12 seconds, remaining time: 15.45 minutes
Epoch #169: train loss = 0.036203, val loss = 0.012109, total loss = 0.028726, Epoch time: 1.12 seconds, remaining time: 15.43 minutes
Epoch #170: train loss = 0.029816, val loss = 0.018931, total loss = 0.026438, Epoch time: 1.12 seconds, remaining time: 15.42 minutes
Epoch #171: train loss = 0.160830, val loss = 0.024862, total loss = 0.118633, Epoch time: 1.12 seconds, remaining time: 15.40 minutes
Epoch #172: train loss = 0.069879, val loss = 0.027587, total loss = 0.056754, Epoch time: 1.12 seconds, remaining time: 15.38 minutes
Epoch #173: train loss = 0.072576, val loss = 0.009222, total loss = 0.052914, Epoch time: 1.12 seconds, remaining time: 15.37 minutes
Epoch #174: train loss = 0.105814, val loss = 0.017154, total loss = 0.078298, Epoch time: 1.12 seconds, remaining time: 15.35 minutes
Epoch #175: train loss = 0.081973, val loss = 0.013615, total loss = 0.060758, Epoch time: 1.12 seconds, remaining time: 15.33 minutes
Epoch #176: train loss = 0.329556, val loss = 0.052169, total loss = 0.243470, Epoch time: 1.12 seconds, remaining time: 15.31 minutes
Epoch #177: train loss = 0.122324, val loss = 0.034415, total loss = 0.095042, Epoch time: 1.12 seconds, remaining time: 15.30 minutes
Epoch #178: train loss = 0.083679, val loss = 0.045420, total loss = 0.071805, Epoch time: 1.12 seconds, remaining time: 15.28 minutes
Epoch #179: train loss = 0.284048, val loss = 0.019179, total loss = 0.201847, Epoch time: 1.12 seconds, remaining time: 15.26 minutes
Epoch #180: train loss = 0.136080, val loss = 0.019111, total loss = 0.099779, Epoch time: 1.12 seconds, remaining time: 15.25 minutes
Epoch #181: train loss = 0.105542, val loss = 0.026684, total loss = 0.081069, Epoch time: 1.12 seconds, remaining time: 15.23 minutes
Epoch #182: train loss = 0.102124, val loss = 0.022334, total loss = 0.077362, Epoch time: 1.12 seconds, remaining time: 15.21 minutes
Epoch #183: train loss = 0.163207, val loss = 0.036705, total loss = 0.123948, Epoch time: 1.12 seconds, remaining time: 15.20 minutes
Epoch #184: train loss = 0.123135, val loss = 0.029302, total loss = 0.094015, Epoch time: 1.12 seconds, remaining time: 15.18 minutes
Epoch #185: train loss = 0.101641, val loss = 0.025247, total loss = 0.077932, Epoch time: 1.12 seconds, remaining time: 15.16 minutes
Epoch #186: train loss = 0.260281, val loss = 0.076010, total loss = 0.203093, Epoch time: 1.12 seconds, remaining time: 15.14 minutes
Epoch #187: train loss = 0.185256, val loss = 0.021583, total loss = 0.134461, Epoch time: 1.12 seconds, remaining time: 15.12 minutes
Epoch #188: train loss = 0.093528, val loss = 0.022204, total loss = 0.071393, Epoch time: 1.12 seconds, remaining time: 15.11 minutes
Epoch #189: train loss = 0.166509, val loss = 0.069373, total loss = 0.136363, Epoch time: 1.12 seconds, remaining time: 15.09 minutes
Epoch #190: train loss = 0.149307, val loss = 0.014259, total loss = 0.107395, Epoch time: 1.12 seconds, remaining time: 15.07 minutes
Epoch #191: train loss = 0.113585, val loss = 0.032573, total loss = 0.088443, Epoch time: 1.12 seconds, remaining time: 15.06 minutes
Epoch #192: train loss = 0.167533, val loss = 0.057116, total loss = 0.133265, Epoch time: 1.12 seconds, remaining time: 15.04 minutes
Epoch #193: train loss = 0.127100, val loss = 0.026748, total loss = 0.095956, Epoch time: 1.12 seconds, remaining time: 15.02 minutes
Epoch #194: train loss = 0.145174, val loss = 0.042797, total loss = 0.113402, Epoch time: 1.12 seconds, remaining time: 15.00 minutes
Epoch #195: train loss = 0.108805, val loss = 0.042025, total loss = 0.088080, Epoch time: 1.12 seconds, remaining time: 14.99 minutes
Epoch #196: train loss = 0.093971, val loss = 0.018074, total loss = 0.070416, Epoch time: 1.12 seconds, remaining time: 14.97 minutes
Epoch #197: train loss = 0.110334, val loss = 0.024522, total loss = 0.083702, Epoch time: 1.12 seconds, remaining time: 14.95 minutes
Epoch #198: train loss = 0.057368, val loss = 0.020617, total loss = 0.045962, Epoch time: 1.12 seconds, remaining time: 14.94 minutes
Epoch #199: train loss = 0.069950, val loss = 0.021707, total loss = 0.054978, Epoch time: 1.12 seconds, remaining time: 14.92 minutes
Epoch #200: train loss = 0.217889, val loss = 0.033792, total loss = 0.160755, Epoch time: 1.12 seconds, remaining time: 14.90 minutes
Epoch #201: train loss = 0.147681, val loss = 0.029449, total loss = 0.110988, Epoch time: 1.12 seconds, remaining time: 14.89 minutes
Epoch #202: train loss = 0.184591, val loss = 0.071367, total loss = 0.149453, Epoch time: 1.12 seconds, remaining time: 14.87 minutes
Epoch #203: train loss = 0.149143, val loss = 0.032671, total loss = 0.112997, Epoch time: 1.12 seconds, remaining time: 14.85 minutes
Epoch #204: train loss = 0.127773, val loss = 0.044048, total loss = 0.101789, Epoch time: 1.12 seconds, remaining time: 14.84 minutes
Epoch #205: train loss = 0.090410, val loss = 0.034440, total loss = 0.073040, Epoch time: 1.12 seconds, remaining time: 14.82 minutes
Epoch #206: train loss = 0.068988, val loss = 0.033700, total loss = 0.058037, Epoch time: 1.12 seconds, remaining time: 14.80 minutes
Epoch #207: train loss = 0.065548, val loss = 0.022411, total loss = 0.052161, Epoch time: 1.12 seconds, remaining time: 14.78 minutes
Epoch #208: train loss = 0.066434, val loss = 0.040896, total loss = 0.058509, Epoch time: 1.12 seconds, remaining time: 14.76 minutes
Epoch #209: train loss = 0.127175, val loss = 0.030388, total loss = 0.097138, Epoch time: 1.12 seconds, remaining time: 14.75 minutes
Epoch #210: train loss = 0.220918, val loss = 0.035699, total loss = 0.163436, Epoch time: 1.12 seconds, remaining time: 14.73 minutes
Epoch #211: train loss = 0.113027, val loss = 0.026645, total loss = 0.086219, Epoch time: 1.12 seconds, remaining time: 14.71 minutes
Epoch #212: train loss = 0.076794, val loss = 0.016897, total loss = 0.058206, Epoch time: 1.12 seconds, remaining time: 14.69 minutes
Epoch #213: train loss = 0.100117, val loss = 0.021404, total loss = 0.075689, Epoch time: 1.12 seconds, remaining time: 14.68 minutes
Epoch #214: train loss = 0.152397, val loss = 0.043296, total loss = 0.118538, Epoch time: 1.12 seconds, remaining time: 14.66 minutes
Epoch #215: train loss = 0.080629, val loss = 0.013723, total loss = 0.059865, Epoch time: 1.12 seconds, remaining time: 14.64 minutes
Epoch #216: train loss = 0.059239, val loss = 0.013654, total loss = 0.045092, Epoch time: 1.12 seconds, remaining time: 14.63 minutes
Epoch #217: train loss = 0.139283, val loss = 0.034069, total loss = 0.106631, Epoch time: 1.12 seconds, remaining time: 14.61 minutes
Epoch #218: train loss = 0.060163, val loss = 0.028654, total loss = 0.050385, Epoch time: 1.12 seconds, remaining time: 14.59 minutes
Epoch #219: train loss = 0.057242, val loss = 0.013239, total loss = 0.043586, Epoch time: 1.12 seconds, remaining time: 14.57 minutes
Epoch #220: train loss = 0.043648, val loss = 0.029158, total loss = 0.039151, Epoch time: 1.12 seconds, remaining time: 14.56 minutes
Epoch #221: train loss = 0.031952, val loss = 0.007969, total loss = 0.024509, Epoch time: 1.12 seconds, remaining time: 14.54 minutes
Epoch #222: train loss = 0.157626, val loss = 0.038203, total loss = 0.120564, Epoch time: 1.12 seconds, remaining time: 14.53 minutes
Epoch #223: train loss = 0.109773, val loss = 0.028985, total loss = 0.084701, Epoch time: 1.12 seconds, remaining time: 14.51 minutes
Epoch #224: train loss = 0.056114, val loss = 0.017638, total loss = 0.044173, Epoch time: 1.12 seconds, remaining time: 14.49 minutes
Epoch #225: train loss = 0.225133, val loss = 0.064000, total loss = 0.175126, Epoch time: 1.12 seconds, remaining time: 14.47 minutes
Epoch #226: train loss = 0.148536, val loss = 0.016170, total loss = 0.107457, Epoch time: 1.12 seconds, remaining time: 14.45 minutes
Epoch #227: train loss = 0.121986, val loss = 0.042927, total loss = 0.097451, Epoch time: 1.12 seconds, remaining time: 14.44 minutes
Epoch #228: train loss = 0.187693, val loss = 0.018014, total loss = 0.135034, Epoch time: 1.12 seconds, remaining time: 14.42 minutes
Epoch #229: train loss = 0.124902, val loss = 0.029082, total loss = 0.095165, Epoch time: 1.12 seconds, remaining time: 14.40 minutes
Epoch #230: train loss = 0.384160, val loss = 0.059848, total loss = 0.283512, Epoch time: 1.12 seconds, remaining time: 14.38 minutes
Epoch #231: train loss = 0.160499, val loss = 0.021776, total loss = 0.117447, Epoch time: 1.12 seconds, remaining time: 14.36 minutes
Epoch #232: train loss = 0.222099, val loss = 0.032352, total loss = 0.163212, Epoch time: 1.12 seconds, remaining time: 14.34 minutes
Epoch #233: train loss = 0.128402, val loss = 0.049283, total loss = 0.103848, Epoch time: 1.12 seconds, remaining time: 14.32 minutes
Epoch #234: train loss = 0.126583, val loss = 0.013857, total loss = 0.091599, Epoch time: 1.12 seconds, remaining time: 14.30 minutes
Epoch #235: train loss = 0.068164, val loss = 0.036118, total loss = 0.058219, Epoch time: 1.12 seconds, remaining time: 14.29 minutes
Epoch #236: train loss = 0.081525, val loss = 0.022247, total loss = 0.063128, Epoch time: 1.12 seconds, remaining time: 14.27 minutes
Epoch #237: train loss = 0.218238, val loss = 0.042163, total loss = 0.163594, Epoch time: 1.12 seconds, remaining time: 14.25 minutes
Epoch #238: train loss = 0.088412, val loss = 0.031070, total loss = 0.070616, Epoch time: 1.12 seconds, remaining time: 14.23 minutes
Epoch #239: train loss = 0.092812, val loss = 0.025441, total loss = 0.071904, Epoch time: 1.12 seconds, remaining time: 14.22 minutes
Epoch #240: train loss = 0.046851, val loss = 0.018647, total loss = 0.038098, Epoch time: 1.12 seconds, remaining time: 14.20 minutes
Epoch #241: train loss = 0.097595, val loss = 0.031878, total loss = 0.077200, Epoch time: 1.12 seconds, remaining time: 14.18 minutes
Epoch #242: train loss = 0.314772, val loss = 0.030786, total loss = 0.226639, Epoch time: 1.12 seconds, remaining time: 14.17 minutes
Epoch #243: train loss = 0.096316, val loss = 0.039034, total loss = 0.078539, Epoch time: 1.12 seconds, remaining time: 14.15 minutes
Epoch #244: train loss = 0.056364, val loss = 0.044412, total loss = 0.052655, Epoch time: 1.12 seconds, remaining time: 14.13 minutes
Epoch #245: train loss = 0.097934, val loss = 0.026058, total loss = 0.075628, Epoch time: 1.12 seconds, remaining time: 14.11 minutes
Epoch #246: train loss = 0.076948, val loss = 0.013964, total loss = 0.057401, Epoch time: 1.12 seconds, remaining time: 14.10 minutes
Epoch #247: train loss = 0.047328, val loss = 0.013067, total loss = 0.036695, Epoch time: 1.12 seconds, remaining time: 14.08 minutes
Epoch #248: train loss = 0.033325, val loss = 0.022358, total loss = 0.029922, Epoch time: 1.12 seconds, remaining time: 14.06 minutes
Epoch #249: train loss = 0.058453, val loss = 0.024137, total loss = 0.047803, Epoch time: 1.12 seconds, remaining time: 14.04 minutes
Epoch #250: train loss = 0.062863, val loss = 0.034731, total loss = 0.054133, Epoch time: 1.12 seconds, remaining time: 14.03 minutes
Epoch #251: train loss = 0.130526, val loss = 0.031932, total loss = 0.099928, Epoch time: 1.12 seconds, remaining time: 14.01 minutes
Epoch #252: train loss = 0.046948, val loss = 0.029195, total loss = 0.041439, Epoch time: 1.12 seconds, remaining time: 13.99 minutes
Epoch #253: train loss = 0.140984, val loss = 0.019024, total loss = 0.103134, Epoch time: 1.12 seconds, remaining time: 13.96 minutes
Epoch #254: train loss = 0.138007, val loss = 0.041335, total loss = 0.108005, Epoch time: 1.12 seconds, remaining time: 13.93 minutes
Epoch #255: train loss = 0.184548, val loss = 0.041794, total loss = 0.140245, Epoch time: 1.12 seconds, remaining time: 13.89 minutes
Epoch #256: train loss = 0.127337, val loss = 0.018857, total loss = 0.093671, Epoch time: 1.12 seconds, remaining time: 13.86 minutes
Epoch #257: train loss = 0.189289, val loss = 0.043954, total loss = 0.144185, Epoch time: 1.12 seconds, remaining time: 13.83 minutes
Epoch #258: train loss = 0.086269, val loss = 0.039374, total loss = 0.071716, Epoch time: 1.12 seconds, remaining time: 13.79 minutes
Epoch #259: train loss = 0.059680, val loss = 0.011728, total loss = 0.044798, Epoch time: 1.11 seconds, remaining time: 13.75 minutes
Epoch #260: train loss = 0.048278, val loss = 0.008634, total loss = 0.035975, Epoch time: 1.11 seconds, remaining time: 13.71 minutes
Epoch #261: train loss = 0.066212, val loss = 0.016464, total loss = 0.050773, Epoch time: 1.11 seconds, remaining time: 13.67 minutes
Epoch #262: train loss = 0.186753, val loss = 0.030281, total loss = 0.138193, Epoch time: 1.11 seconds, remaining time: 13.64 minutes
Epoch #263: train loss = 0.203740, val loss = 0.032055, total loss = 0.150458, Epoch time: 1.11 seconds, remaining time: 13.60 minutes
Epoch #264: train loss = 0.222102, val loss = 0.046907, total loss = 0.167731, Epoch time: 1.11 seconds, remaining time: 13.56 minutes
Epoch #265: train loss = 0.087159, val loss = 0.022642, total loss = 0.067137, Epoch time: 1.11 seconds, remaining time: 13.53 minutes
Epoch #266: train loss = 0.256566, val loss = 0.049219, total loss = 0.192217, Epoch time: 1.10 seconds, remaining time: 13.49 minutes
Epoch #267: train loss = 0.093139, val loss = 0.016593, total loss = 0.069383, Epoch time: 1.10 seconds, remaining time: 13.45 minutes
Epoch #268: train loss = 0.077905, val loss = 0.010868, total loss = 0.057100, Epoch time: 1.10 seconds, remaining time: 13.42 minutes
Epoch #269: train loss = 0.046631, val loss = 0.029203, total loss = 0.041222, Epoch time: 1.10 seconds, remaining time: 13.38 minutes
Epoch #270: train loss = 0.038476, val loss = 0.015205, total loss = 0.031254, Epoch time: 1.10 seconds, remaining time: 13.35 minutes
Epoch #271: train loss = 0.071323, val loss = 0.021777, total loss = 0.055947, Epoch time: 1.10 seconds, remaining time: 13.31 minutes
Epoch #272: train loss = 0.057633, val loss = 0.018901, total loss = 0.045613, Epoch time: 1.10 seconds, remaining time: 13.27 minutes
Epoch #273: train loss = 0.039935, val loss = 0.026811, total loss = 0.035862, Epoch time: 1.09 seconds, remaining time: 13.24 minutes
Epoch #274: train loss = 0.045253, val loss = 0.005504, total loss = 0.032917, Epoch time: 1.09 seconds, remaining time: 13.20 minutes
Epoch #275: train loss = 0.046878, val loss = 0.013537, total loss = 0.036531, Epoch time: 1.09 seconds, remaining time: 13.17 minutes
Epoch #276: train loss = 0.139972, val loss = 0.032629, total loss = 0.106659, Epoch time: 1.09 seconds, remaining time: 13.13 minutes
Epoch #277: train loss = 0.053330, val loss = 0.009611, total loss = 0.039762, Epoch time: 1.09 seconds, remaining time: 13.10 minutes
Epoch #278: train loss = 0.034007, val loss = 0.010225, total loss = 0.026626, Epoch time: 1.09 seconds, remaining time: 13.06 minutes
Epoch #279: train loss = 0.055637, val loss = 0.011662, total loss = 0.041990, Epoch time: 1.09 seconds, remaining time: 13.03 minutes
Epoch #280: train loss = 0.033733, val loss = 0.016338, total loss = 0.028335, Epoch time: 1.08 seconds, remaining time: 13.00 minutes
Epoch #281: train loss = 0.037440, val loss = 0.015688, total loss = 0.030689, Epoch time: 1.08 seconds, remaining time: 12.96 minutes
Epoch #282: train loss = 0.029713, val loss = 0.007730, total loss = 0.022891, Epoch time: 1.08 seconds, remaining time: 12.93 minutes
Epoch #283: train loss = 0.031660, val loss = 0.012120, total loss = 0.025596, Epoch time: 1.08 seconds, remaining time: 12.89 minutes
Epoch #284: train loss = 0.094803, val loss = 0.027469, total loss = 0.073906, Epoch time: 1.08 seconds, remaining time: 12.86 minutes
Epoch #285: train loss = 0.068686, val loss = 0.013053, total loss = 0.051420, Epoch time: 1.08 seconds, remaining time: 12.83 minutes
Epoch #286: train loss = 0.026389, val loss = 0.015993, total loss = 0.023162, Epoch time: 1.08 seconds, remaining time: 12.79 minutes
Epoch #287: train loss = 0.035276, val loss = 0.013868, total loss = 0.028632, Epoch time: 1.08 seconds, remaining time: 12.76 minutes
Epoch #288: train loss = 0.030951, val loss = 0.016592, total loss = 0.026495, Epoch time: 1.07 seconds, remaining time: 12.73 minutes
Epoch #289: train loss = 0.025599, val loss = 0.018057, total loss = 0.023258, Epoch time: 1.07 seconds, remaining time: 12.69 minutes
Epoch #290: train loss = 0.052845, val loss = 0.034342, total loss = 0.047103, Epoch time: 1.07 seconds, remaining time: 12.66 minutes
Epoch #291: train loss = 0.069195, val loss = 0.023292, total loss = 0.054949, Epoch time: 1.07 seconds, remaining time: 12.63 minutes
Epoch #292: train loss = 0.043527, val loss = 0.026827, total loss = 0.038344, Epoch time: 1.07 seconds, remaining time: 12.60 minutes
Epoch #293: train loss = 0.089861, val loss = 0.011474, total loss = 0.065534, Epoch time: 1.07 seconds, remaining time: 12.56 minutes
Epoch #294: train loss = 0.068813, val loss = 0.010979, total loss = 0.050865, Epoch time: 1.07 seconds, remaining time: 12.53 minutes
Epoch #295: train loss = 0.073052, val loss = 0.018005, total loss = 0.055968, Epoch time: 1.07 seconds, remaining time: 12.50 minutes
Epoch #296: train loss = 0.051542, val loss = 0.027046, total loss = 0.043939, Epoch time: 1.06 seconds, remaining time: 12.47 minutes
Epoch #297: train loss = 0.047313, val loss = 0.009931, total loss = 0.035712, Epoch time: 1.06 seconds, remaining time: 12.44 minutes
Epoch #298: train loss = 0.073201, val loss = 0.020388, total loss = 0.056811, Epoch time: 1.06 seconds, remaining time: 12.41 minutes
Epoch #299: train loss = 0.168673, val loss = 0.029691, total loss = 0.125541, Epoch time: 1.06 seconds, remaining time: 12.37 minutes
Epoch #300: train loss = 0.207957, val loss = 0.021779, total loss = 0.150178, Epoch time: 1.06 seconds, remaining time: 12.34 minutes
Epoch #301: train loss = 0.095654, val loss = 0.023961, total loss = 0.073404, Epoch time: 1.06 seconds, remaining time: 12.31 minutes
Epoch #302: train loss = 0.078336, val loss = 0.023258, total loss = 0.061242, Epoch time: 1.06 seconds, remaining time: 12.28 minutes
Epoch #303: train loss = 0.081574, val loss = 0.036850, total loss = 0.067694, Epoch time: 1.06 seconds, remaining time: 12.25 minutes
Epoch #304: train loss = 0.092493, val loss = 0.013945, total loss = 0.068116, Epoch time: 1.05 seconds, remaining time: 12.22 minutes
Epoch #305: train loss = 0.044298, val loss = 0.020441, total loss = 0.036894, Epoch time: 1.05 seconds, remaining time: 12.19 minutes
Epoch #306: train loss = 0.058677, val loss = 0.026122, total loss = 0.048573, Epoch time: 1.05 seconds, remaining time: 12.16 minutes
Epoch #307: train loss = 0.031727, val loss = 0.028778, total loss = 0.030812, Epoch time: 1.05 seconds, remaining time: 12.13 minutes
Epoch #308: train loss = 0.032298, val loss = 0.009348, total loss = 0.025176, Epoch time: 1.05 seconds, remaining time: 12.10 minutes
Epoch #309: train loss = 0.073824, val loss = 0.016007, total loss = 0.055881, Epoch time: 1.05 seconds, remaining time: 12.07 minutes
Epoch #310: train loss = 0.097619, val loss = 0.012418, total loss = 0.071177, Epoch time: 1.05 seconds, remaining time: 12.04 minutes
Epoch #311: train loss = 0.042717, val loss = 0.019713, total loss = 0.035578, Epoch time: 1.05 seconds, remaining time: 12.01 minutes
Epoch #312: train loss = 0.025942, val loss = 0.013020, total loss = 0.021932, Epoch time: 1.05 seconds, remaining time: 11.98 minutes
Epoch #313: train loss = 0.020753, val loss = 0.008142, total loss = 0.016839, Epoch time: 1.05 seconds, remaining time: 11.95 minutes
Epoch #314: train loss = 0.044977, val loss = 0.019362, total loss = 0.037027, Epoch time: 1.04 seconds, remaining time: 11.92 minutes
Epoch #315: train loss = 0.031413, val loss = 0.014280, total loss = 0.026096, Epoch time: 1.04 seconds, remaining time: 11.89 minutes
Epoch #316: train loss = 0.040171, val loss = 0.003314, total loss = 0.028732, Epoch time: 1.04 seconds, remaining time: 11.86 minutes
Epoch #317: train loss = 0.030979, val loss = 0.014010, total loss = 0.025713, Epoch time: 1.04 seconds, remaining time: 11.84 minutes
Epoch #318: train loss = 0.022276, val loss = 0.017635, total loss = 0.020836, Epoch time: 1.04 seconds, remaining time: 11.81 minutes
Epoch #319: train loss = 0.024969, val loss = 0.009738, total loss = 0.020242, Epoch time: 1.04 seconds, remaining time: 11.78 minutes
Epoch #320: train loss = 0.066274, val loss = 0.022130, total loss = 0.052574, Epoch time: 1.04 seconds, remaining time: 11.75 minutes
Epoch #321: train loss = 0.029566, val loss = 0.009190, total loss = 0.023243, Epoch time: 1.04 seconds, remaining time: 11.72 minutes
Epoch #322: train loss = 0.049593, val loss = 0.011223, total loss = 0.037685, Epoch time: 1.04 seconds, remaining time: 11.69 minutes
Epoch #323: train loss = 0.134589, val loss = 0.025478, total loss = 0.100727, Epoch time: 1.04 seconds, remaining time: 11.66 minutes
Epoch #324: train loss = 0.073934, val loss = 0.039199, total loss = 0.063154, Epoch time: 1.03 seconds, remaining time: 11.63 minutes
Epoch #325: train loss = 0.062034, val loss = 0.018404, total loss = 0.048494, Epoch time: 1.03 seconds, remaining time: 11.61 minutes
Epoch #326: train loss = 0.034814, val loss = 0.017436, total loss = 0.029421, Epoch time: 1.03 seconds, remaining time: 11.58 minutes
Epoch #327: train loss = 0.116013, val loss = 0.019943, total loss = 0.086198, Epoch time: 1.03 seconds, remaining time: 11.55 minutes
Epoch #328: train loss = 0.140887, val loss = 0.024785, total loss = 0.104855, Epoch time: 1.03 seconds, remaining time: 11.52 minutes
Epoch #329: train loss = 0.094323, val loss = 0.015938, total loss = 0.069997, Epoch time: 1.03 seconds, remaining time: 11.49 minutes
Epoch #330: train loss = 0.218888, val loss = 0.065770, total loss = 0.171369, Epoch time: 1.03 seconds, remaining time: 11.46 minutes
Epoch #331: train loss = 0.084044, val loss = 0.012717, total loss = 0.061908, Epoch time: 1.03 seconds, remaining time: 11.44 minutes
Epoch #332: train loss = 0.115292, val loss = 0.021707, total loss = 0.086248, Epoch time: 1.03 seconds, remaining time: 11.41 minutes
Epoch #333: train loss = 0.098547, val loss = 0.019272, total loss = 0.073945, Epoch time: 1.03 seconds, remaining time: 11.38 minutes
Epoch #334: train loss = 0.085089, val loss = 0.005927, total loss = 0.060521, Epoch time: 1.02 seconds, remaining time: 11.36 minutes
Epoch #335: train loss = 0.108518, val loss = 0.013608, total loss = 0.079063, Epoch time: 1.02 seconds, remaining time: 11.33 minutes
Epoch #336: train loss = 0.121772, val loss = 0.007739, total loss = 0.086382, Epoch time: 1.02 seconds, remaining time: 11.30 minutes
Epoch #337: train loss = 0.139236, val loss = 0.017392, total loss = 0.101422, Epoch time: 1.02 seconds, remaining time: 11.27 minutes
Epoch #338: train loss = 0.140227, val loss = 0.013065, total loss = 0.100763, Epoch time: 1.02 seconds, remaining time: 11.24 minutes
Epoch #339: train loss = 0.156470, val loss = 0.021990, total loss = 0.114735, Epoch time: 1.02 seconds, remaining time: 11.22 minutes
Epoch #340: train loss = 0.104466, val loss = 0.031230, total loss = 0.081738, Epoch time: 1.02 seconds, remaining time: 11.19 minutes
Epoch #341: train loss = 0.079767, val loss = 0.014501, total loss = 0.059512, Epoch time: 1.02 seconds, remaining time: 11.16 minutes
Epoch #342: train loss = 0.079846, val loss = 0.021151, total loss = 0.061630, Epoch time: 1.02 seconds, remaining time: 11.14 minutes
Epoch #343: train loss = 0.091838, val loss = 0.021513, total loss = 0.070013, Epoch time: 1.02 seconds, remaining time: 11.11 minutes
Epoch #344: train loss = 0.048376, val loss = 0.011381, total loss = 0.036895, Epoch time: 1.02 seconds, remaining time: 11.08 minutes
Epoch #345: train loss = 0.058354, val loss = 0.022576, total loss = 0.047250, Epoch time: 1.01 seconds, remaining time: 11.05 minutes
Epoch #346: train loss = 0.033688, val loss = 0.019126, total loss = 0.029169, Epoch time: 1.01 seconds, remaining time: 11.03 minutes
Epoch #347: train loss = 0.040705, val loss = 0.002421, total loss = 0.028824, Epoch time: 1.01 seconds, remaining time: 11.00 minutes
Epoch #348: train loss = 0.234314, val loss = 0.012249, total loss = 0.165398, Epoch time: 1.01 seconds, remaining time: 10.97 minutes
Epoch #349: train loss = 0.144140, val loss = 0.011796, total loss = 0.103068, Epoch time: 1.01 seconds, remaining time: 10.95 minutes
Epoch #350: train loss = 0.176585, val loss = 0.015801, total loss = 0.126686, Epoch time: 1.01 seconds, remaining time: 10.92 minutes
Epoch #351: train loss = 0.311249, val loss = 0.040946, total loss = 0.227362, Epoch time: 1.01 seconds, remaining time: 10.89 minutes
Epoch #352: train loss = 0.251112, val loss = 0.033931, total loss = 0.183711, Epoch time: 1.01 seconds, remaining time: 10.87 minutes
Epoch #353: train loss = 0.080516, val loss = 0.012090, total loss = 0.059280, Epoch time: 1.01 seconds, remaining time: 10.84 minutes
Epoch #354: train loss = 0.177780, val loss = 0.030861, total loss = 0.132184, Epoch time: 1.01 seconds, remaining time: 10.82 minutes
Epoch #355: train loss = 0.157150, val loss = 0.020579, total loss = 0.114766, Epoch time: 1.01 seconds, remaining time: 10.79 minutes
Epoch #356: train loss = 0.099331, val loss = 0.021842, total loss = 0.075282, Epoch time: 1.00 seconds, remaining time: 10.77 minutes
Epoch #357: train loss = 0.054356, val loss = 0.019688, total loss = 0.043597, Epoch time: 1.00 seconds, remaining time: 10.74 minutes
Epoch #358: train loss = 0.089041, val loss = 0.013272, total loss = 0.065526, Epoch time: 1.00 seconds, remaining time: 10.72 minutes
Epoch #359: train loss = 0.109744, val loss = 0.013484, total loss = 0.079870, Epoch time: 1.00 seconds, remaining time: 10.69 minutes
Epoch #360: train loss = 0.131093, val loss = 0.015558, total loss = 0.095237, Epoch time: 1.00 seconds, remaining time: 10.66 minutes
Epoch #361: train loss = 0.072247, val loss = 0.021166, total loss = 0.056394, Epoch time: 1.00 seconds, remaining time: 10.64 minutes
Epoch #362: train loss = 0.048170, val loss = 0.015461, total loss = 0.038019, Epoch time: 1.00 seconds, remaining time: 10.61 minutes
Epoch #363: train loss = 0.053836, val loss = 0.008844, total loss = 0.039873, Epoch time: 1.00 seconds, remaining time: 10.59 minutes
Epoch #364: train loss = 0.074563, val loss = 0.020323, total loss = 0.057730, Epoch time: 1.00 seconds, remaining time: 10.56 minutes
Epoch #365: train loss = 0.042073, val loss = 0.007859, total loss = 0.031455, Epoch time: 1.00 seconds, remaining time: 10.54 minutes
Epoch #366: train loss = 0.033454, val loss = 0.015852, total loss = 0.027991, Epoch time: 1.00 seconds, remaining time: 10.51 minutes
Epoch #367: train loss = 0.024345, val loss = 0.009673, total loss = 0.019792, Epoch time: 1.00 seconds, remaining time: 10.49 minutes
Epoch #368: train loss = 0.063807, val loss = 0.025088, total loss = 0.051791, Epoch time: 1.00 seconds, remaining time: 10.46 minutes
Epoch #369: train loss = 0.128966, val loss = 0.027307, total loss = 0.097417, Epoch time: 0.99 seconds, remaining time: 10.44 minutes
Epoch #370: train loss = 0.096131, val loss = 0.040601, total loss = 0.078897, Epoch time: 0.99 seconds, remaining time: 10.41 minutes
Epoch #371: train loss = 0.088396, val loss = 0.010028, total loss = 0.064075, Epoch time: 0.99 seconds, remaining time: 10.39 minutes
Epoch #372: train loss = 0.063250, val loss = 0.016561, total loss = 0.048760, Epoch time: 0.99 seconds, remaining time: 10.36 minutes
Epoch #373: train loss = 0.060311, val loss = 0.004804, total loss = 0.043084, Epoch time: 0.99 seconds, remaining time: 10.34 minutes
Epoch #374: train loss = 0.029149, val loss = 0.011717, total loss = 0.023739, Epoch time: 0.99 seconds, remaining time: 10.32 minutes
Epoch #375: train loss = 0.072200, val loss = 0.039046, total loss = 0.061911, Epoch time: 0.99 seconds, remaining time: 10.29 minutes
Epoch #376: train loss = 0.030421, val loss = 0.012825, total loss = 0.024960, Epoch time: 0.99 seconds, remaining time: 10.27 minutes
Epoch #377: train loss = 0.060201, val loss = 0.011579, total loss = 0.045111, Epoch time: 0.99 seconds, remaining time: 10.24 minutes
Epoch #378: train loss = 0.077201, val loss = 0.017242, total loss = 0.058593, Epoch time: 0.99 seconds, remaining time: 10.22 minutes
Epoch #379: train loss = 0.182850, val loss = 0.022479, total loss = 0.133080, Epoch time: 0.99 seconds, remaining time: 10.20 minutes
Epoch #380: train loss = 0.055919, val loss = 0.027285, total loss = 0.047033, Epoch time: 0.99 seconds, remaining time: 10.17 minutes
Epoch #381: train loss = 0.073873, val loss = 0.010970, total loss = 0.054352, Epoch time: 0.99 seconds, remaining time: 10.15 minutes
Epoch #382: train loss = 0.037180, val loss = 0.016802, total loss = 0.030856, Epoch time: 0.98 seconds, remaining time: 10.12 minutes
Epoch #383: train loss = 0.087412, val loss = 0.020615, total loss = 0.066682, Epoch time: 0.98 seconds, remaining time: 10.10 minutes
Epoch #384: train loss = 0.076978, val loss = 0.026739, total loss = 0.061387, Epoch time: 0.98 seconds, remaining time: 10.08 minutes
Epoch #385: train loss = 0.065459, val loss = 0.018819, total loss = 0.050984, Epoch time: 0.98 seconds, remaining time: 10.05 minutes
Epoch #386: train loss = 0.054826, val loss = 0.021719, total loss = 0.044551, Epoch time: 0.98 seconds, remaining time: 10.03 minutes
Epoch #387: train loss = 0.038688, val loss = 0.008449, total loss = 0.029303, Epoch time: 0.98 seconds, remaining time: 10.00 minutes
Epoch #388: train loss = 0.024168, val loss = 0.007694, total loss = 0.019056, Epoch time: 0.98 seconds, remaining time: 9.98 minutes
Epoch #389: train loss = 0.025178, val loss = 0.018802, total loss = 0.023199, Epoch time: 0.98 seconds, remaining time: 9.96 minutes
Epoch #390: train loss = 0.083940, val loss = 0.015196, total loss = 0.062606, Epoch time: 0.98 seconds, remaining time: 9.93 minutes
Epoch #391: train loss = 0.105579, val loss = 0.023846, total loss = 0.080213, Epoch time: 0.98 seconds, remaining time: 9.91 minutes
Epoch #392: train loss = 0.049053, val loss = 0.011195, total loss = 0.037304, Epoch time: 0.98 seconds, remaining time: 9.89 minutes
Epoch #393: train loss = 0.070619, val loss = 0.014361, total loss = 0.053159, Epoch time: 0.98 seconds, remaining time: 9.87 minutes
Epoch #394: train loss = 0.033078, val loss = 0.029278, total loss = 0.031899, Epoch time: 0.98 seconds, remaining time: 9.85 minutes
Epoch #395: train loss = 0.030529, val loss = 0.017412, total loss = 0.026458, Epoch time: 0.98 seconds, remaining time: 9.82 minutes
Epoch #396: train loss = 0.036025, val loss = 0.008851, total loss = 0.027592, Epoch time: 0.98 seconds, remaining time: 9.80 minutes
Epoch #397: train loss = 0.033243, val loss = 0.010762, total loss = 0.026266, Epoch time: 0.97 seconds, remaining time: 9.78 minutes
Epoch #398: train loss = 0.027876, val loss = 0.009301, total loss = 0.022112, Epoch time: 0.97 seconds, remaining time: 9.75 minutes
Epoch #399: train loss = 0.027308, val loss = 0.007871, total loss = 0.021276, Epoch time: 0.97 seconds, remaining time: 9.73 minutes
Epoch #400: train loss = 0.044354, val loss = 0.023315, total loss = 0.037825, Epoch time: 0.97 seconds, remaining time: 9.71 minutes
Epoch #401: train loss = 0.070867, val loss = 0.011984, total loss = 0.052593, Epoch time: 0.97 seconds, remaining time: 9.69 minutes
Epoch #402: train loss = 0.021578, val loss = 0.007266, total loss = 0.017137, Epoch time: 0.97 seconds, remaining time: 9.66 minutes
Epoch #403: train loss = 0.129948, val loss = 0.013564, total loss = 0.093829, Epoch time: 0.97 seconds, remaining time: 9.64 minutes
Epoch #404: train loss = 0.073586, val loss = 0.014102, total loss = 0.055125, Epoch time: 0.97 seconds, remaining time: 9.62 minutes
Epoch #405: train loss = 0.085169, val loss = 0.005946, total loss = 0.060582, Epoch time: 0.97 seconds, remaining time: 9.60 minutes
Epoch #406: train loss = 0.043426, val loss = 0.018085, total loss = 0.035561, Epoch time: 0.97 seconds, remaining time: 9.57 minutes
Epoch #407: train loss = 0.288640, val loss = 0.029806, total loss = 0.208312, Epoch time: 0.97 seconds, remaining time: 9.55 minutes
Epoch #408: train loss = 0.139413, val loss = 0.017418, total loss = 0.101552, Epoch time: 0.97 seconds, remaining time: 9.53 minutes
Epoch #409: train loss = 0.196448, val loss = 0.019903, total loss = 0.141658, Epoch time: 0.97 seconds, remaining time: 9.51 minutes
Epoch #410: train loss = 0.114381, val loss = 0.015775, total loss = 0.083779, Epoch time: 0.97 seconds, remaining time: 9.48 minutes
Epoch #411: train loss = 0.082663, val loss = 0.015506, total loss = 0.061821, Epoch time: 0.97 seconds, remaining time: 9.46 minutes
Epoch #412: train loss = 0.066551, val loss = 0.009916, total loss = 0.048974, Epoch time: 0.96 seconds, remaining time: 9.44 minutes
Epoch #413: train loss = 0.051603, val loss = 0.005604, total loss = 0.037327, Epoch time: 0.96 seconds, remaining time: 9.42 minutes
Epoch #414: train loss = 0.041249, val loss = 0.006434, total loss = 0.030444, Epoch time: 0.96 seconds, remaining time: 9.40 minutes
Epoch #415: train loss = 0.030223, val loss = 0.005458, total loss = 0.022537, Epoch time: 0.96 seconds, remaining time: 9.37 minutes
Epoch #416: train loss = 0.068371, val loss = 0.004879, total loss = 0.048667, Epoch time: 0.96 seconds, remaining time: 9.35 minutes
Epoch #417: train loss = 0.040863, val loss = 0.003771, total loss = 0.029352, Epoch time: 0.96 seconds, remaining time: 9.33 minutes
Epoch #418: train loss = 0.032567, val loss = 0.004149, total loss = 0.023747, Epoch time: 0.96 seconds, remaining time: 9.31 minutes
Epoch #419: train loss = 0.045119, val loss = 0.004253, total loss = 0.032437, Epoch time: 0.96 seconds, remaining time: 9.29 minutes
Epoch #420: train loss = 0.035008, val loss = 0.024788, total loss = 0.031836, Epoch time: 0.96 seconds, remaining time: 9.26 minutes
Epoch #421: train loss = 0.031330, val loss = 0.012887, total loss = 0.025606, Epoch time: 0.96 seconds, remaining time: 9.24 minutes
Epoch #422: train loss = 0.043400, val loss = 0.010893, total loss = 0.033312, Epoch time: 0.96 seconds, remaining time: 9.22 minutes
Epoch #423: train loss = 0.078633, val loss = 0.017091, total loss = 0.059534, Epoch time: 0.96 seconds, remaining time: 9.20 minutes
Epoch #424: train loss = 0.102675, val loss = 0.030088, total loss = 0.080148, Epoch time: 0.96 seconds, remaining time: 9.18 minutes
Epoch #425: train loss = 0.107557, val loss = 0.028718, total loss = 0.083090, Epoch time: 0.96 seconds, remaining time: 9.16 minutes
Epoch #426: train loss = 0.079631, val loss = 0.021710, total loss = 0.061656, Epoch time: 0.96 seconds, remaining time: 9.13 minutes
Epoch #427: train loss = 0.038686, val loss = 0.018632, total loss = 0.032462, Epoch time: 0.96 seconds, remaining time: 9.11 minutes
Epoch #428: train loss = 0.038887, val loss = 0.016408, total loss = 0.031911, Epoch time: 0.96 seconds, remaining time: 9.09 minutes
Epoch #429: train loss = 0.047651, val loss = 0.009183, total loss = 0.035713, Epoch time: 0.95 seconds, remaining time: 9.07 minutes
Epoch #430: train loss = 0.184199, val loss = 0.011561, total loss = 0.130622, Epoch time: 0.95 seconds, remaining time: 9.05 minutes
Epoch #431: train loss = 0.083985, val loss = 0.034609, total loss = 0.068662, Epoch time: 0.95 seconds, remaining time: 9.03 minutes
Epoch #432: train loss = 0.072924, val loss = 0.011385, total loss = 0.053825, Epoch time: 0.95 seconds, remaining time: 9.01 minutes
Epoch #433: train loss = 0.044031, val loss = 0.014112, total loss = 0.034746, Epoch time: 0.95 seconds, remaining time: 8.99 minutes
Epoch #434: train loss = 0.061267, val loss = 0.023423, total loss = 0.049522, Epoch time: 0.95 seconds, remaining time: 8.96 minutes
Epoch #435: train loss = 0.033864, val loss = 0.011095, total loss = 0.026798, Epoch time: 0.95 seconds, remaining time: 8.94 minutes
Epoch #436: train loss = 0.030365, val loss = 0.006432, total loss = 0.022938, Epoch time: 0.95 seconds, remaining time: 8.92 minutes
Epoch #437: train loss = 0.194035, val loss = 0.042078, total loss = 0.146876, Epoch time: 0.95 seconds, remaining time: 8.90 minutes
Epoch #438: train loss = 0.347639, val loss = 0.081307, total loss = 0.264985, Epoch time: 0.95 seconds, remaining time: 8.88 minutes
Epoch #439: train loss = 0.192189, val loss = 0.017746, total loss = 0.138052, Epoch time: 0.95 seconds, remaining time: 8.86 minutes
Epoch #440: train loss = 0.070910, val loss = 0.020108, total loss = 0.055144, Epoch time: 0.95 seconds, remaining time: 8.84 minutes
Epoch #441: train loss = 0.198463, val loss = 0.086599, total loss = 0.163747, Epoch time: 0.95 seconds, remaining time: 8.82 minutes
Epoch #442: train loss = 0.166906, val loss = 0.039914, total loss = 0.127494, Epoch time: 0.95 seconds, remaining time: 8.80 minutes
Epoch #443: train loss = 0.142367, val loss = 0.022304, total loss = 0.105106, Epoch time: 0.95 seconds, remaining time: 8.78 minutes
Epoch #444: train loss = 0.147769, val loss = 0.015611, total loss = 0.106755, Epoch time: 0.95 seconds, remaining time: 8.76 minutes
Epoch #445: train loss = 0.061026, val loss = 0.016255, total loss = 0.047131, Epoch time: 0.95 seconds, remaining time: 8.74 minutes
Epoch #446: train loss = 0.082078, val loss = 0.007587, total loss = 0.058961, Epoch time: 0.95 seconds, remaining time: 8.71 minutes
Epoch #447: train loss = 0.050676, val loss = 0.017124, total loss = 0.040263, Epoch time: 0.95 seconds, remaining time: 8.69 minutes
Epoch #448: train loss = 0.055938, val loss = 0.012117, total loss = 0.042338, Epoch time: 0.94 seconds, remaining time: 8.67 minutes
Epoch #449: train loss = 0.081551, val loss = 0.022177, total loss = 0.063125, Epoch time: 0.94 seconds, remaining time: 8.65 minutes
Epoch #450: train loss = 0.108316, val loss = 0.006463, total loss = 0.076706, Epoch time: 0.94 seconds, remaining time: 8.63 minutes
Epoch #451: train loss = 0.049490, val loss = 0.026942, total loss = 0.042493, Epoch time: 0.94 seconds, remaining time: 8.61 minutes
Epoch #452: train loss = 0.052512, val loss = 0.015395, total loss = 0.040993, Epoch time: 0.94 seconds, remaining time: 8.59 minutes
Epoch #453: train loss = 0.043365, val loss = 0.017834, total loss = 0.035442, Epoch time: 0.94 seconds, remaining time: 8.57 minutes
Epoch #454: train loss = 0.073091, val loss = 0.013359, total loss = 0.054553, Epoch time: 0.94 seconds, remaining time: 8.55 minutes
Epoch #455: train loss = 0.058002, val loss = 0.012037, total loss = 0.043737, Epoch time: 0.94 seconds, remaining time: 8.53 minutes
Epoch #456: train loss = 0.036130, val loss = 0.007510, total loss = 0.027247, Epoch time: 0.94 seconds, remaining time: 8.51 minutes
Epoch #457: train loss = 0.123563, val loss = 0.011726, total loss = 0.088855, Epoch time: 0.94 seconds, remaining time: 8.49 minutes
Epoch #458: train loss = 0.172530, val loss = 0.013813, total loss = 0.123273, Epoch time: 0.94 seconds, remaining time: 8.47 minutes
Epoch #459: train loss = 0.120481, val loss = 0.027820, total loss = 0.091724, Epoch time: 0.94 seconds, remaining time: 8.45 minutes
Epoch #460: train loss = 0.117324, val loss = 0.013683, total loss = 0.085160, Epoch time: 0.94 seconds, remaining time: 8.43 minutes
Epoch #461: train loss = 0.179284, val loss = 0.020017, total loss = 0.129856, Epoch time: 0.94 seconds, remaining time: 8.41 minutes
Epoch #462: train loss = 0.067015, val loss = 0.017223, total loss = 0.051562, Epoch time: 0.94 seconds, remaining time: 8.40 minutes
Epoch #463: train loss = 0.044387, val loss = 0.014930, total loss = 0.035245, Epoch time: 0.94 seconds, remaining time: 8.38 minutes
Epoch #464: train loss = 0.037941, val loss = 0.016943, total loss = 0.031425, Epoch time: 0.94 seconds, remaining time: 8.36 minutes
Epoch #465: train loss = 0.083343, val loss = 0.014616, total loss = 0.062014, Epoch time: 0.94 seconds, remaining time: 8.34 minutes
Epoch #466: train loss = 0.059988, val loss = 0.019829, total loss = 0.047525, Epoch time: 0.94 seconds, remaining time: 8.32 minutes
Epoch #467: train loss = 0.113040, val loss = 0.033774, total loss = 0.088440, Epoch time: 0.94 seconds, remaining time: 8.30 minutes
Epoch #468: train loss = 0.090409, val loss = 0.014348, total loss = 0.066804, Epoch time: 0.94 seconds, remaining time: 8.29 minutes
Epoch #469: train loss = 0.078597, val loss = 0.027471, total loss = 0.062731, Epoch time: 0.94 seconds, remaining time: 8.27 minutes
Epoch #470: train loss = 0.264048, val loss = 0.021896, total loss = 0.188897, Epoch time: 0.94 seconds, remaining time: 8.25 minutes
Epoch #471: train loss = 0.122680, val loss = 0.021171, total loss = 0.091177, Epoch time: 0.94 seconds, remaining time: 8.23 minutes
Epoch #472: train loss = 0.171693, val loss = 0.026725, total loss = 0.126703, Epoch time: 0.94 seconds, remaining time: 8.22 minutes
Epoch #473: train loss = 0.150902, val loss = 0.022784, total loss = 0.111141, Epoch time: 0.93 seconds, remaining time: 8.20 minutes
Epoch #474: train loss = 0.066039, val loss = 0.010144, total loss = 0.048692, Epoch time: 0.93 seconds, remaining time: 8.18 minutes
Epoch #475: train loss = 0.061245, val loss = 0.024438, total loss = 0.049822, Epoch time: 0.93 seconds, remaining time: 8.16 minutes
Epoch #476: train loss = 0.041361, val loss = 0.017603, total loss = 0.033988, Epoch time: 0.93 seconds, remaining time: 8.14 minutes
Epoch #477: train loss = 0.056029, val loss = 0.014683, total loss = 0.043197, Epoch time: 0.93 seconds, remaining time: 8.12 minutes
Epoch #478: train loss = 0.032656, val loss = 0.013939, total loss = 0.026848, Epoch time: 0.93 seconds, remaining time: 8.10 minutes
Epoch #479: train loss = 0.220129, val loss = 0.021430, total loss = 0.158464, Epoch time: 0.93 seconds, remaining time: 8.08 minutes
Epoch #480: train loss = 0.105550, val loss = 0.009112, total loss = 0.075621, Epoch time: 0.93 seconds, remaining time: 8.06 minutes
Epoch #481: train loss = 0.092119, val loss = 0.012671, total loss = 0.067463, Epoch time: 0.93 seconds, remaining time: 8.04 minutes
Epoch #482: train loss = 0.238238, val loss = 0.025290, total loss = 0.172151, Epoch time: 0.93 seconds, remaining time: 8.02 minutes
Epoch #483: train loss = 0.166431, val loss = 0.027368, total loss = 0.123274, Epoch time: 0.93 seconds, remaining time: 8.00 minutes
Epoch #484: train loss = 0.088628, val loss = 0.029081, total loss = 0.070147, Epoch time: 0.93 seconds, remaining time: 7.98 minutes
Epoch #485: train loss = 0.059482, val loss = 0.018886, total loss = 0.046883, Epoch time: 0.93 seconds, remaining time: 7.96 minutes
Epoch #486: train loss = 0.045682, val loss = 0.005279, total loss = 0.033143, Epoch time: 0.93 seconds, remaining time: 7.94 minutes
Epoch #487: train loss = 0.160086, val loss = 0.016296, total loss = 0.115461, Epoch time: 0.93 seconds, remaining time: 7.92 minutes
Epoch #488: train loss = 0.094265, val loss = 0.011226, total loss = 0.068494, Epoch time: 0.93 seconds, remaining time: 7.90 minutes
Epoch #489: train loss = 0.043601, val loss = 0.012461, total loss = 0.033937, Epoch time: 0.93 seconds, remaining time: 7.89 minutes
Epoch #490: train loss = 0.035266, val loss = 0.002712, total loss = 0.025163, Epoch time: 0.93 seconds, remaining time: 7.87 minutes
Epoch #491: train loss = 0.022898, val loss = 0.003741, total loss = 0.016953, Epoch time: 0.93 seconds, remaining time: 7.85 minutes
Epoch #492: train loss = 0.027871, val loss = 0.010739, total loss = 0.022555, Epoch time: 0.93 seconds, remaining time: 7.83 minutes
Epoch #493: train loss = 0.036088, val loss = 0.004930, total loss = 0.026418, Epoch time: 0.93 seconds, remaining time: 7.81 minutes
Epoch #494: train loss = 0.027020, val loss = 0.006615, total loss = 0.020688, Epoch time: 0.93 seconds, remaining time: 7.79 minutes
Epoch #495: train loss = 0.022843, val loss = 0.007532, total loss = 0.018091, Epoch time: 0.93 seconds, remaining time: 7.77 minutes
Epoch #496: train loss = 0.037128, val loss = 0.010844, total loss = 0.028971, Epoch time: 0.92 seconds, remaining time: 7.75 minutes
Epoch #497: train loss = 0.041415, val loss = 0.012119, total loss = 0.032323, Epoch time: 0.92 seconds, remaining time: 7.73 minutes
Epoch #498: train loss = 0.041995, val loss = 0.006025, total loss = 0.030832, Epoch time: 0.92 seconds, remaining time: 7.71 minutes
Epoch #499: train loss = 0.049180, val loss = 0.005265, total loss = 0.035551, Epoch time: 0.92 seconds, remaining time: 7.70 minutes
Epoch #500: train loss = 0.049001, val loss = 0.017915, total loss = 0.039354, Epoch time: 0.92 seconds, remaining time: 7.68 minutes
Epoch #501: train loss = 0.045035, val loss = 0.009240, total loss = 0.033926, Epoch time: 0.92 seconds, remaining time: 7.66 minutes
Epoch #502: train loss = 0.030770, val loss = 0.012080, total loss = 0.024970, Epoch time: 0.92 seconds, remaining time: 7.64 minutes
Epoch #503: train loss = 0.022521, val loss = 0.009525, total loss = 0.018488, Epoch time: 0.92 seconds, remaining time: 7.62 minutes
Epoch #504: train loss = 0.024595, val loss = 0.010288, total loss = 0.020155, Epoch time: 0.92 seconds, remaining time: 7.60 minutes
Epoch #505: train loss = 0.020658, val loss = 0.007086, total loss = 0.016446, Epoch time: 0.92 seconds, remaining time: 7.58 minutes
Epoch #506: train loss = 0.086349, val loss = 0.020574, total loss = 0.065936, Epoch time: 0.92 seconds, remaining time: 7.57 minutes
Epoch #507: train loss = 0.093866, val loss = 0.028386, total loss = 0.073545, Epoch time: 0.92 seconds, remaining time: 7.55 minutes
Epoch #508: train loss = 0.039742, val loss = 0.007622, total loss = 0.029774, Epoch time: 0.92 seconds, remaining time: 7.53 minutes
Epoch #509: train loss = 0.083675, val loss = 0.018540, total loss = 0.063460, Epoch time: 0.92 seconds, remaining time: 7.51 minutes
Epoch #510: train loss = 0.047309, val loss = 0.012046, total loss = 0.036365, Epoch time: 0.92 seconds, remaining time: 7.49 minutes
Epoch #511: train loss = 0.088019, val loss = 0.040607, total loss = 0.073305, Epoch time: 0.92 seconds, remaining time: 7.47 minutes
Epoch #512: train loss = 0.124859, val loss = 0.021304, total loss = 0.092721, Epoch time: 0.92 seconds, remaining time: 7.45 minutes
Epoch #513: train loss = 0.117815, val loss = 0.028674, total loss = 0.090151, Epoch time: 0.92 seconds, remaining time: 7.44 minutes
Epoch #514: train loss = 0.097622, val loss = 0.006006, total loss = 0.069189, Epoch time: 0.92 seconds, remaining time: 7.42 minutes
Epoch #515: train loss = 0.116141, val loss = 0.018425, total loss = 0.085815, Epoch time: 0.92 seconds, remaining time: 7.40 minutes
Epoch #516: train loss = 0.179750, val loss = 0.018164, total loss = 0.129603, Epoch time: 0.92 seconds, remaining time: 7.38 minutes
Epoch #517: train loss = 0.078101, val loss = 0.005746, total loss = 0.055646, Epoch time: 0.92 seconds, remaining time: 7.36 minutes
Epoch #518: train loss = 0.082105, val loss = 0.015335, total loss = 0.061383, Epoch time: 0.92 seconds, remaining time: 7.34 minutes
Epoch #519: train loss = 0.197061, val loss = 0.020925, total loss = 0.142398, Epoch time: 0.92 seconds, remaining time: 7.32 minutes
Epoch #520: train loss = 0.075220, val loss = 0.020243, total loss = 0.058158, Epoch time: 0.92 seconds, remaining time: 7.31 minutes
Epoch #521: train loss = 0.107929, val loss = 0.002815, total loss = 0.075308, Epoch time: 0.91 seconds, remaining time: 7.29 minutes
Epoch #522: train loss = 0.063033, val loss = 0.007001, total loss = 0.045644, Epoch time: 0.91 seconds, remaining time: 7.27 minutes
Epoch #523: train loss = 0.078736, val loss = 0.017043, total loss = 0.059590, Epoch time: 0.91 seconds, remaining time: 7.25 minutes
Epoch #524: train loss = 0.131487, val loss = 0.014830, total loss = 0.095283, Epoch time: 0.91 seconds, remaining time: 7.23 minutes
Epoch #525: train loss = 0.069853, val loss = 0.011008, total loss = 0.051591, Epoch time: 0.91 seconds, remaining time: 7.21 minutes
Epoch #526: train loss = 0.151161, val loss = 0.013716, total loss = 0.108506, Epoch time: 0.91 seconds, remaining time: 7.20 minutes
Epoch #527: train loss = 0.053546, val loss = 0.010640, total loss = 0.040230, Epoch time: 0.91 seconds, remaining time: 7.18 minutes
Epoch #528: train loss = 0.159880, val loss = 0.015939, total loss = 0.115209, Epoch time: 0.91 seconds, remaining time: 7.16 minutes
Epoch #529: train loss = 0.138032, val loss = 0.018985, total loss = 0.101086, Epoch time: 0.91 seconds, remaining time: 7.14 minutes
Epoch #530: train loss = 0.122673, val loss = 0.014372, total loss = 0.089062, Epoch time: 0.91 seconds, remaining time: 7.12 minutes
Epoch #531: train loss = 0.078465, val loss = 0.010883, total loss = 0.057492, Epoch time: 0.91 seconds, remaining time: 7.10 minutes
Epoch #532: train loss = 0.065466, val loss = 0.012735, total loss = 0.049101, Epoch time: 0.91 seconds, remaining time: 7.09 minutes
Epoch #533: train loss = 0.043436, val loss = 0.006475, total loss = 0.031966, Epoch time: 0.91 seconds, remaining time: 7.07 minutes
Epoch #534: train loss = 0.049085, val loss = 0.006531, total loss = 0.035879, Epoch time: 0.91 seconds, remaining time: 7.05 minutes
Epoch #535: train loss = 0.097233, val loss = 0.010423, total loss = 0.070292, Epoch time: 0.91 seconds, remaining time: 7.03 minutes
Epoch #536: train loss = 0.052788, val loss = 0.006963, total loss = 0.038567, Epoch time: 0.91 seconds, remaining time: 7.01 minutes
Epoch #537: train loss = 0.027056, val loss = 0.001845, total loss = 0.019232, Epoch time: 0.91 seconds, remaining time: 7.00 minutes
Epoch #538: train loss = 0.038548, val loss = 0.008704, total loss = 0.029286, Epoch time: 0.91 seconds, remaining time: 6.98 minutes
Epoch #539: train loss = 0.080465, val loss = 0.006480, total loss = 0.057504, Epoch time: 0.91 seconds, remaining time: 6.96 minutes
Epoch #540: train loss = 0.106248, val loss = 0.003355, total loss = 0.074316, Epoch time: 0.91 seconds, remaining time: 6.94 minutes
Epoch #541: train loss = 0.035750, val loss = 0.013814, total loss = 0.028942, Epoch time: 0.91 seconds, remaining time: 6.92 minutes
Epoch #542: train loss = 0.255545, val loss = 0.042487, total loss = 0.189423, Epoch time: 0.91 seconds, remaining time: 6.91 minutes
Epoch #543: train loss = 0.078874, val loss = 0.010332, total loss = 0.057603, Epoch time: 0.91 seconds, remaining time: 6.89 minutes
Epoch #544: train loss = 0.057182, val loss = 0.017842, total loss = 0.044973, Epoch time: 0.91 seconds, remaining time: 6.87 minutes
Epoch #545: train loss = 0.078117, val loss = 0.006091, total loss = 0.055764, Epoch time: 0.91 seconds, remaining time: 6.85 minutes
Epoch #546: train loss = 0.065237, val loss = 0.015190, total loss = 0.049705, Epoch time: 0.91 seconds, remaining time: 6.83 minutes
Epoch #547: train loss = 0.063852, val loss = 0.012205, total loss = 0.047823, Epoch time: 0.90 seconds, remaining time: 6.82 minutes
Epoch #548: train loss = 0.051264, val loss = 0.008277, total loss = 0.037923, Epoch time: 0.90 seconds, remaining time: 6.80 minutes
Epoch #549: train loss = 0.046933, val loss = 0.013571, total loss = 0.036579, Epoch time: 0.90 seconds, remaining time: 6.78 minutes
Epoch #550: train loss = 0.043021, val loss = 0.014387, total loss = 0.034135, Epoch time: 0.90 seconds, remaining time: 6.76 minutes
Epoch #551: train loss = 0.053273, val loss = 0.016301, total loss = 0.041799, Epoch time: 0.90 seconds, remaining time: 6.75 minutes
Epoch #552: train loss = 0.034557, val loss = 0.006048, total loss = 0.025709, Epoch time: 0.90 seconds, remaining time: 6.73 minutes
Epoch #553: train loss = 0.043716, val loss = 0.012975, total loss = 0.034176, Epoch time: 0.90 seconds, remaining time: 6.71 minutes
Epoch #554: train loss = 0.207144, val loss = 0.033156, total loss = 0.153148, Epoch time: 0.90 seconds, remaining time: 6.69 minutes
Epoch #555: train loss = 0.137330, val loss = 0.015924, total loss = 0.099652, Epoch time: 0.90 seconds, remaining time: 6.67 minutes
Epoch #556: train loss = 0.153899, val loss = 0.022522, total loss = 0.113127, Epoch time: 0.90 seconds, remaining time: 6.66 minutes
Epoch #557: train loss = 0.163733, val loss = 0.015211, total loss = 0.117640, Epoch time: 0.90 seconds, remaining time: 6.64 minutes
Epoch #558: train loss = 0.065012, val loss = 0.015651, total loss = 0.049693, Epoch time: 0.90 seconds, remaining time: 6.62 minutes
Epoch #559: train loss = 0.065840, val loss = 0.009242, total loss = 0.048275, Epoch time: 0.90 seconds, remaining time: 6.60 minutes
Epoch #560: train loss = 0.031932, val loss = 0.011589, total loss = 0.025618, Epoch time: 0.90 seconds, remaining time: 6.59 minutes
Epoch #561: train loss = 0.092764, val loss = 0.016190, total loss = 0.068999, Epoch time: 0.90 seconds, remaining time: 6.57 minutes
Epoch #562: train loss = 0.054313, val loss = 0.008772, total loss = 0.040179, Epoch time: 0.90 seconds, remaining time: 6.55 minutes
Epoch #563: train loss = 0.040909, val loss = 0.010000, total loss = 0.031316, Epoch time: 0.90 seconds, remaining time: 6.53 minutes
Epoch #564: train loss = 0.092652, val loss = 0.012264, total loss = 0.067704, Epoch time: 0.90 seconds, remaining time: 6.52 minutes
Epoch #565: train loss = 0.059744, val loss = 0.016969, total loss = 0.046469, Epoch time: 0.90 seconds, remaining time: 6.50 minutes
Epoch #566: train loss = 0.032471, val loss = 0.011130, total loss = 0.025848, Epoch time: 0.90 seconds, remaining time: 6.48 minutes
Epoch #567: train loss = 0.035857, val loss = 0.021872, total loss = 0.031516, Epoch time: 0.90 seconds, remaining time: 6.46 minutes
Epoch #568: train loss = 0.032827, val loss = 0.008800, total loss = 0.025370, Epoch time: 0.90 seconds, remaining time: 6.45 minutes
Epoch #569: train loss = 0.049625, val loss = 0.006358, total loss = 0.036197, Epoch time: 0.90 seconds, remaining time: 6.43 minutes
Epoch #570: train loss = 0.036063, val loss = 0.006026, total loss = 0.026741, Epoch time: 0.90 seconds, remaining time: 6.41 minutes
Epoch #571: train loss = 0.021212, val loss = 0.005688, total loss = 0.016394, Epoch time: 0.90 seconds, remaining time: 6.39 minutes
Epoch #572: train loss = 0.019955, val loss = 0.006817, total loss = 0.015878, Epoch time: 0.90 seconds, remaining time: 6.38 minutes
Epoch #573: train loss = 0.015265, val loss = 0.005092, total loss = 0.012108, Epoch time: 0.90 seconds, remaining time: 6.36 minutes
Epoch #574: train loss = 0.029821, val loss = 0.007051, total loss = 0.022754, Epoch time: 0.90 seconds, remaining time: 6.34 minutes
Epoch #575: train loss = 0.060052, val loss = 0.019894, total loss = 0.047589, Epoch time: 0.90 seconds, remaining time: 6.33 minutes
Epoch #576: train loss = 0.029609, val loss = 0.007746, total loss = 0.022824, Epoch time: 0.89 seconds, remaining time: 6.31 minutes
Epoch #577: train loss = 0.023699, val loss = 0.011516, total loss = 0.019918, Epoch time: 0.89 seconds, remaining time: 6.29 minutes
Epoch #578: train loss = 0.119241, val loss = 0.006688, total loss = 0.084311, Epoch time: 0.89 seconds, remaining time: 6.27 minutes
Epoch #579: train loss = 0.035109, val loss = 0.009876, total loss = 0.027278, Epoch time: 0.89 seconds, remaining time: 6.26 minutes
Epoch #580: train loss = 0.323156, val loss = 0.043790, total loss = 0.236456, Epoch time: 0.89 seconds, remaining time: 6.24 minutes
Epoch #581: train loss = 0.381133, val loss = 0.034329, total loss = 0.273504, Epoch time: 0.89 seconds, remaining time: 6.22 minutes
Epoch #582: train loss = 0.101027, val loss = 0.029473, total loss = 0.078821, Epoch time: 0.89 seconds, remaining time: 6.20 minutes
Epoch #583: train loss = 0.094642, val loss = 0.020369, total loss = 0.071591, Epoch time: 0.89 seconds, remaining time: 6.19 minutes
Epoch #584: train loss = 0.056006, val loss = 0.008478, total loss = 0.041256, Epoch time: 0.89 seconds, remaining time: 6.17 minutes
Epoch #585: train loss = 0.055095, val loss = 0.012924, total loss = 0.042008, Epoch time: 0.89 seconds, remaining time: 6.15 minutes
Epoch #586: train loss = 0.062345, val loss = 0.010496, total loss = 0.046254, Epoch time: 0.89 seconds, remaining time: 6.14 minutes
Epoch #587: train loss = 0.155454, val loss = 0.019618, total loss = 0.113298, Epoch time: 0.89 seconds, remaining time: 6.12 minutes
Epoch #588: train loss = 0.064071, val loss = 0.011131, total loss = 0.047642, Epoch time: 0.89 seconds, remaining time: 6.10 minutes
Epoch #589: train loss = 0.116575, val loss = 0.011586, total loss = 0.083992, Epoch time: 0.89 seconds, remaining time: 6.09 minutes
Epoch #590: train loss = 0.139237, val loss = 0.018880, total loss = 0.101885, Epoch time: 0.89 seconds, remaining time: 6.07 minutes
Epoch #591: train loss = 0.067584, val loss = 0.014941, total loss = 0.051246, Epoch time: 0.89 seconds, remaining time: 6.05 minutes
Epoch #592: train loss = 0.074350, val loss = 0.022217, total loss = 0.058171, Epoch time: 0.89 seconds, remaining time: 6.03 minutes
Epoch #593: train loss = 0.057404, val loss = 0.017009, total loss = 0.044868, Epoch time: 0.89 seconds, remaining time: 6.02 minutes
Epoch #594: train loss = 0.131163, val loss = 0.054981, total loss = 0.107520, Epoch time: 0.89 seconds, remaining time: 6.00 minutes
Epoch #595: train loss = 0.096244, val loss = 0.037332, total loss = 0.077961, Epoch time: 0.89 seconds, remaining time: 5.98 minutes
Epoch #596: train loss = 0.061061, val loss = 0.023824, total loss = 0.049505, Epoch time: 0.89 seconds, remaining time: 5.97 minutes
Epoch #597: train loss = 0.055595, val loss = 0.017679, total loss = 0.043828, Epoch time: 0.89 seconds, remaining time: 5.95 minutes
Epoch #598: train loss = 0.074263, val loss = 0.020020, total loss = 0.057429, Epoch time: 0.89 seconds, remaining time: 5.93 minutes
Epoch #599: train loss = 0.044660, val loss = 0.014433, total loss = 0.035279, Epoch time: 0.89 seconds, remaining time: 5.92 minutes
Epoch #600: train loss = 0.120040, val loss = 0.021020, total loss = 0.089309, Epoch time: 0.89 seconds, remaining time: 5.90 minutes
Epoch #601: train loss = 0.062040, val loss = 0.019823, total loss = 0.048938, Epoch time: 0.89 seconds, remaining time: 5.88 minutes
Epoch #602: train loss = 0.036143, val loss = 0.013279, total loss = 0.029047, Epoch time: 0.89 seconds, remaining time: 5.87 minutes
Epoch #603: train loss = 0.054828, val loss = 0.016795, total loss = 0.043025, Epoch time: 0.89 seconds, remaining time: 5.85 minutes
Epoch #604: train loss = 0.034892, val loss = 0.011580, total loss = 0.027657, Epoch time: 0.89 seconds, remaining time: 5.83 minutes
Epoch #605: train loss = 0.033563, val loss = 0.004869, total loss = 0.024658, Epoch time: 0.89 seconds, remaining time: 5.82 minutes
Epoch #606: train loss = 0.092722, val loss = 0.013347, total loss = 0.068088, Epoch time: 0.89 seconds, remaining time: 5.80 minutes
Epoch #607: train loss = 0.032972, val loss = 0.015773, total loss = 0.027635, Epoch time: 0.89 seconds, remaining time: 5.78 minutes
Epoch #608: train loss = 0.026548, val loss = 0.014794, total loss = 0.022901, Epoch time: 0.88 seconds, remaining time: 5.77 minutes
Epoch #609: train loss = 0.013596, val loss = 0.009348, total loss = 0.012278, Epoch time: 0.88 seconds, remaining time: 5.75 minutes
Epoch #610: train loss = 0.012751, val loss = 0.011598, total loss = 0.012393, Epoch time: 0.88 seconds, remaining time: 5.73 minutes
Epoch #611: train loss = 0.041715, val loss = 0.023104, total loss = 0.035939, Epoch time: 0.88 seconds, remaining time: 5.72 minutes
Epoch #612: train loss = 0.020673, val loss = 0.010762, total loss = 0.017597, Epoch time: 0.88 seconds, remaining time: 5.70 minutes
Epoch #613: train loss = 0.049786, val loss = 0.011816, total loss = 0.038002, Epoch time: 0.88 seconds, remaining time: 5.69 minutes
Epoch #614: train loss = 0.029440, val loss = 0.022739, total loss = 0.027360, Epoch time: 0.88 seconds, remaining time: 5.67 minutes
Epoch #615: train loss = 0.039045, val loss = 0.009169, total loss = 0.029773, Epoch time: 0.88 seconds, remaining time: 5.65 minutes
Epoch #616: train loss = 0.073642, val loss = 0.009798, total loss = 0.053828, Epoch time: 0.88 seconds, remaining time: 5.64 minutes
Epoch #617: train loss = 0.042965, val loss = 0.029570, total loss = 0.038808, Epoch time: 0.88 seconds, remaining time: 5.62 minutes
Epoch #618: train loss = 0.039638, val loss = 0.014364, total loss = 0.031794, Epoch time: 0.88 seconds, remaining time: 5.60 minutes
Epoch #619: train loss = 0.100581, val loss = 0.037978, total loss = 0.081152, Epoch time: 0.88 seconds, remaining time: 5.59 minutes
Epoch #620: train loss = 0.072532, val loss = 0.009721, total loss = 0.053039, Epoch time: 0.88 seconds, remaining time: 5.57 minutes
Epoch #621: train loss = 0.050123, val loss = 0.009321, total loss = 0.037460, Epoch time: 0.88 seconds, remaining time: 5.55 minutes
Epoch #622: train loss = 0.061626, val loss = 0.007978, total loss = 0.044977, Epoch time: 0.88 seconds, remaining time: 5.54 minutes
Epoch #623: train loss = 0.071965, val loss = 0.009897, total loss = 0.052702, Epoch time: 0.88 seconds, remaining time: 5.52 minutes
Epoch #624: train loss = 0.025765, val loss = 0.009055, total loss = 0.020579, Epoch time: 0.88 seconds, remaining time: 5.51 minutes
Epoch #625: train loss = 0.103651, val loss = 0.018525, total loss = 0.077233, Epoch time: 0.88 seconds, remaining time: 5.49 minutes
Epoch #626: train loss = 0.073320, val loss = 0.018645, total loss = 0.056352, Epoch time: 0.88 seconds, remaining time: 5.48 minutes
Epoch #627: train loss = 0.044679, val loss = 0.013519, total loss = 0.035009, Epoch time: 0.88 seconds, remaining time: 5.46 minutes
Epoch #628: train loss = 0.071801, val loss = 0.038276, total loss = 0.061397, Epoch time: 0.88 seconds, remaining time: 5.45 minutes
Epoch #629: train loss = 0.027947, val loss = 0.036039, total loss = 0.030459, Epoch time: 0.88 seconds, remaining time: 5.43 minutes
Epoch #630: train loss = 0.101769, val loss = 0.027081, total loss = 0.078590, Epoch time: 0.88 seconds, remaining time: 5.41 minutes
Epoch #631: train loss = 0.067560, val loss = 0.014973, total loss = 0.051240, Epoch time: 0.88 seconds, remaining time: 5.40 minutes
Epoch #632: train loss = 0.080224, val loss = 0.021841, total loss = 0.062105, Epoch time: 0.88 seconds, remaining time: 5.38 minutes
Epoch #633: train loss = 0.063317, val loss = 0.017278, total loss = 0.049029, Epoch time: 0.88 seconds, remaining time: 5.36 minutes
Epoch #634: train loss = 0.035912, val loss = 0.015238, total loss = 0.029496, Epoch time: 0.88 seconds, remaining time: 5.35 minutes
Epoch #635: train loss = 0.027641, val loss = 0.010451, total loss = 0.022307, Epoch time: 0.88 seconds, remaining time: 5.33 minutes
Epoch #636: train loss = 0.048207, val loss = 0.024895, total loss = 0.040972, Epoch time: 0.88 seconds, remaining time: 5.32 minutes
Epoch #637: train loss = 0.075347, val loss = 0.015588, total loss = 0.056802, Epoch time: 0.88 seconds, remaining time: 5.30 minutes
Epoch #638: train loss = 0.018458, val loss = 0.011321, total loss = 0.016243, Epoch time: 0.88 seconds, remaining time: 5.28 minutes
Epoch #639: train loss = 0.082296, val loss = 0.022899, total loss = 0.063862, Epoch time: 0.88 seconds, remaining time: 5.27 minutes
Epoch #640: train loss = 0.075353, val loss = 0.022193, total loss = 0.058855, Epoch time: 0.88 seconds, remaining time: 5.25 minutes
Epoch #641: train loss = 0.068941, val loss = 0.016120, total loss = 0.052548, Epoch time: 0.88 seconds, remaining time: 5.23 minutes
Epoch #642: train loss = 0.028865, val loss = 0.026175, total loss = 0.028030, Epoch time: 0.88 seconds, remaining time: 5.22 minutes
Epoch #643: train loss = 0.050824, val loss = 0.009833, total loss = 0.038103, Epoch time: 0.88 seconds, remaining time: 5.20 minutes
Epoch #644: train loss = 0.076185, val loss = 0.007162, total loss = 0.054764, Epoch time: 0.88 seconds, remaining time: 5.19 minutes
Epoch #645: train loss = 0.037987, val loss = 0.003086, total loss = 0.027156, Epoch time: 0.88 seconds, remaining time: 5.17 minutes
Epoch #646: train loss = 0.077569, val loss = 0.008031, total loss = 0.055988, Epoch time: 0.88 seconds, remaining time: 5.15 minutes
Epoch #647: train loss = 0.035133, val loss = 0.003465, total loss = 0.025305, Epoch time: 0.88 seconds, remaining time: 5.14 minutes
Epoch #648: train loss = 0.024296, val loss = 0.006212, total loss = 0.018683, Epoch time: 0.88 seconds, remaining time: 5.12 minutes
Epoch #649: train loss = 0.021611, val loss = 0.005607, total loss = 0.016644, Epoch time: 0.88 seconds, remaining time: 5.11 minutes
Epoch #650: train loss = 0.107420, val loss = 0.018382, total loss = 0.079787, Epoch time: 0.88 seconds, remaining time: 5.09 minutes
Epoch #651: train loss = 0.043052, val loss = 0.011859, total loss = 0.033372, Epoch time: 0.88 seconds, remaining time: 5.08 minutes
Epoch #652: train loss = 0.030970, val loss = 0.003791, total loss = 0.022535, Epoch time: 0.88 seconds, remaining time: 5.06 minutes
Epoch #653: train loss = 0.067640, val loss = 0.005205, total loss = 0.048264, Epoch time: 0.87 seconds, remaining time: 5.05 minutes
Epoch #654: train loss = 0.051801, val loss = 0.009347, total loss = 0.038625, Epoch time: 0.87 seconds, remaining time: 5.03 minutes
Epoch #655: train loss = 0.044693, val loss = 0.009520, total loss = 0.033777, Epoch time: 0.87 seconds, remaining time: 5.02 minutes
Epoch #656: train loss = 0.198427, val loss = 0.018667, total loss = 0.142640, Epoch time: 0.87 seconds, remaining time: 5.00 minutes
Epoch #657: train loss = 0.130972, val loss = 0.024280, total loss = 0.097860, Epoch time: 0.87 seconds, remaining time: 4.98 minutes
Epoch #658: train loss = 0.135323, val loss = 0.013494, total loss = 0.097514, Epoch time: 0.87 seconds, remaining time: 4.97 minutes
Epoch #659: train loss = 0.039053, val loss = 0.006673, total loss = 0.029004, Epoch time: 0.87 seconds, remaining time: 4.95 minutes
Epoch #660: train loss = 0.030108, val loss = 0.012064, total loss = 0.024508, Epoch time: 0.87 seconds, remaining time: 4.94 minutes
Epoch #661: train loss = 0.053373, val loss = 0.009681, total loss = 0.039813, Epoch time: 0.87 seconds, remaining time: 4.92 minutes
Epoch #662: train loss = 0.063565, val loss = 0.024537, total loss = 0.051453, Epoch time: 0.87 seconds, remaining time: 4.90 minutes
Epoch #663: train loss = 0.060152, val loss = 0.012325, total loss = 0.045309, Epoch time: 0.87 seconds, remaining time: 4.89 minutes
Epoch #664: train loss = 0.056158, val loss = 0.004378, total loss = 0.040088, Epoch time: 0.87 seconds, remaining time: 4.87 minutes
Epoch #665: train loss = 0.298144, val loss = 0.030159, total loss = 0.214977, Epoch time: 0.87 seconds, remaining time: 4.86 minutes
Epoch #666: train loss = 0.170374, val loss = 0.024332, total loss = 0.125051, Epoch time: 0.87 seconds, remaining time: 4.84 minutes
Epoch #667: train loss = 0.073000, val loss = 0.019885, total loss = 0.056516, Epoch time: 0.87 seconds, remaining time: 4.83 minutes
Epoch #668: train loss = 0.140650, val loss = 0.028484, total loss = 0.105840, Epoch time: 0.87 seconds, remaining time: 4.81 minutes
Epoch #669: train loss = 0.073462, val loss = 0.016191, total loss = 0.055688, Epoch time: 0.87 seconds, remaining time: 4.79 minutes
Epoch #670: train loss = 0.050045, val loss = 0.009502, total loss = 0.037463, Epoch time: 0.87 seconds, remaining time: 4.78 minutes
Epoch #671: train loss = 0.064429, val loss = 0.018159, total loss = 0.050069, Epoch time: 0.87 seconds, remaining time: 4.76 minutes
Epoch #672: train loss = 0.047864, val loss = 0.012153, total loss = 0.036781, Epoch time: 0.87 seconds, remaining time: 4.75 minutes
Epoch #673: train loss = 0.075670, val loss = 0.014810, total loss = 0.056782, Epoch time: 0.87 seconds, remaining time: 4.73 minutes
Epoch #674: train loss = 0.041148, val loss = 0.003195, total loss = 0.029369, Epoch time: 0.87 seconds, remaining time: 4.72 minutes
Epoch #675: train loss = 0.023822, val loss = 0.004752, total loss = 0.017903, Epoch time: 0.87 seconds, remaining time: 4.70 minutes
Epoch #676: train loss = 0.040717, val loss = 0.008113, total loss = 0.030598, Epoch time: 0.87 seconds, remaining time: 4.69 minutes
Epoch #677: train loss = 0.069953, val loss = 0.006768, total loss = 0.050344, Epoch time: 0.87 seconds, remaining time: 4.68 minutes
Epoch #678: train loss = 0.159614, val loss = 0.011032, total loss = 0.113502, Epoch time: 0.87 seconds, remaining time: 4.66 minutes
Epoch #679: train loss = 0.144256, val loss = 0.023712, total loss = 0.106846, Epoch time: 0.87 seconds, remaining time: 4.65 minutes
Epoch #680: train loss = 0.159890, val loss = 0.035855, total loss = 0.121396, Epoch time: 0.87 seconds, remaining time: 4.63 minutes
Epoch #681: train loss = 0.061109, val loss = 0.012794, total loss = 0.046115, Epoch time: 0.87 seconds, remaining time: 4.62 minutes
Epoch #682: train loss = 0.050679, val loss = 0.015561, total loss = 0.039780, Epoch time: 0.87 seconds, remaining time: 4.60 minutes
Epoch #683: train loss = 0.053133, val loss = 0.012821, total loss = 0.040622, Epoch time: 0.87 seconds, remaining time: 4.59 minutes
Epoch #684: train loss = 0.065420, val loss = 0.012242, total loss = 0.048917, Epoch time: 0.87 seconds, remaining time: 4.57 minutes
Epoch #685: train loss = 0.049138, val loss = 0.017809, total loss = 0.039416, Epoch time: 0.87 seconds, remaining time: 4.56 minutes
Epoch #686: train loss = 0.033298, val loss = 0.020885, total loss = 0.029445, Epoch time: 0.87 seconds, remaining time: 4.54 minutes
Epoch #687: train loss = 0.027722, val loss = 0.002868, total loss = 0.020009, Epoch time: 0.87 seconds, remaining time: 4.53 minutes
Epoch #688: train loss = 0.028375, val loss = 0.008513, total loss = 0.022211, Epoch time: 0.87 seconds, remaining time: 4.51 minutes
Epoch #689: train loss = 0.025110, val loss = 0.005532, total loss = 0.019034, Epoch time: 0.87 seconds, remaining time: 4.49 minutes
Epoch #690: train loss = 0.021602, val loss = 0.009227, total loss = 0.017761, Epoch time: 0.87 seconds, remaining time: 4.48 minutes
Epoch #691: train loss = 0.030866, val loss = 0.003218, total loss = 0.022286, Epoch time: 0.87 seconds, remaining time: 4.46 minutes
Epoch #692: train loss = 0.021985, val loss = 0.015972, total loss = 0.020119, Epoch time: 0.87 seconds, remaining time: 4.45 minutes
Epoch #693: train loss = 0.200309, val loss = 0.005691, total loss = 0.139911, Epoch time: 0.87 seconds, remaining time: 4.43 minutes
Epoch #694: train loss = 0.061733, val loss = 0.005757, total loss = 0.044361, Epoch time: 0.87 seconds, remaining time: 4.42 minutes
Epoch #695: train loss = 0.046728, val loss = 0.002949, total loss = 0.033142, Epoch time: 0.87 seconds, remaining time: 4.40 minutes
Epoch #696: train loss = 0.031277, val loss = 0.007538, total loss = 0.023910, Epoch time: 0.87 seconds, remaining time: 4.39 minutes
Epoch #697: train loss = 0.025926, val loss = 0.008729, total loss = 0.020589, Epoch time: 0.87 seconds, remaining time: 4.37 minutes
Epoch #698: train loss = 0.026522, val loss = 0.003229, total loss = 0.019293, Epoch time: 0.87 seconds, remaining time: 4.36 minutes
Epoch #699: train loss = 0.093551, val loss = 0.009174, total loss = 0.067365, Epoch time: 0.87 seconds, remaining time: 4.34 minutes
Epoch #700: train loss = 0.037299, val loss = 0.007415, total loss = 0.028024, Epoch time: 0.87 seconds, remaining time: 4.32 minutes
Epoch #701: train loss = 0.076151, val loss = 0.003429, total loss = 0.053582, Epoch time: 0.87 seconds, remaining time: 4.31 minutes
Epoch #702: train loss = 0.065072, val loss = 0.020844, total loss = 0.051346, Epoch time: 0.87 seconds, remaining time: 4.29 minutes
Epoch #703: train loss = 0.128251, val loss = 0.022308, total loss = 0.095372, Epoch time: 0.87 seconds, remaining time: 4.28 minutes
Epoch #704: train loss = 0.091472, val loss = 0.020753, total loss = 0.069525, Epoch time: 0.87 seconds, remaining time: 4.26 minutes
Epoch #705: train loss = 0.034416, val loss = 0.026420, total loss = 0.031934, Epoch time: 0.87 seconds, remaining time: 4.25 minutes
Epoch #706: train loss = 0.133160, val loss = 0.013925, total loss = 0.096156, Epoch time: 0.87 seconds, remaining time: 4.23 minutes
Epoch #707: train loss = 0.040908, val loss = 0.029233, total loss = 0.037285, Epoch time: 0.87 seconds, remaining time: 4.21 minutes
Epoch #708: train loss = 0.137447, val loss = 0.039600, total loss = 0.107081, Epoch time: 0.87 seconds, remaining time: 4.20 minutes
Epoch #709: train loss = 0.083664, val loss = 0.015991, total loss = 0.062662, Epoch time: 0.87 seconds, remaining time: 4.18 minutes
Epoch #710: train loss = 0.047819, val loss = 0.023430, total loss = 0.040250, Epoch time: 0.87 seconds, remaining time: 4.17 minutes
Epoch #711: train loss = 0.078410, val loss = 0.030925, total loss = 0.063673, Epoch time: 0.87 seconds, remaining time: 4.15 minutes
Epoch #712: train loss = 0.146605, val loss = 0.026300, total loss = 0.109269, Epoch time: 0.86 seconds, remaining time: 4.14 minutes
Epoch #713: train loss = 0.066596, val loss = 0.028589, total loss = 0.054800, Epoch time: 0.86 seconds, remaining time: 4.12 minutes
Epoch #714: train loss = 0.086191, val loss = 0.018506, total loss = 0.065186, Epoch time: 0.86 seconds, remaining time: 4.11 minutes
Epoch #715: train loss = 0.063189, val loss = 0.009503, total loss = 0.046528, Epoch time: 0.86 seconds, remaining time: 4.09 minutes
Epoch #716: train loss = 0.034412, val loss = 0.012821, total loss = 0.027712, Epoch time: 0.86 seconds, remaining time: 4.07 minutes
Epoch #717: train loss = 0.031112, val loss = 0.015378, total loss = 0.026229, Epoch time: 0.86 seconds, remaining time: 4.06 minutes
Epoch #718: train loss = 0.303489, val loss = 0.035574, total loss = 0.220343, Epoch time: 0.86 seconds, remaining time: 4.04 minutes
Epoch #719: train loss = 0.138266, val loss = 0.021659, total loss = 0.102077, Epoch time: 0.86 seconds, remaining time: 4.03 minutes
Epoch #720: train loss = 0.156801, val loss = 0.013361, total loss = 0.112285, Epoch time: 0.86 seconds, remaining time: 4.01 minutes
Epoch #721: train loss = 0.059682, val loss = 0.019686, total loss = 0.047269, Epoch time: 0.86 seconds, remaining time: 4.00 minutes
Epoch #722: train loss = 0.046684, val loss = 0.011362, total loss = 0.035722, Epoch time: 0.86 seconds, remaining time: 3.98 minutes
Epoch #723: train loss = 0.030996, val loss = 0.016659, total loss = 0.026547, Epoch time: 0.86 seconds, remaining time: 3.97 minutes
Epoch #724: train loss = 0.048265, val loss = 0.028090, total loss = 0.042004, Epoch time: 0.86 seconds, remaining time: 3.95 minutes
Epoch #725: train loss = 0.114030, val loss = 0.033120, total loss = 0.088920, Epoch time: 0.86 seconds, remaining time: 3.94 minutes
Epoch #726: train loss = 0.051121, val loss = 0.026078, total loss = 0.043349, Epoch time: 0.86 seconds, remaining time: 3.92 minutes
Epoch #727: train loss = 0.094398, val loss = 0.023227, total loss = 0.072310, Epoch time: 0.86 seconds, remaining time: 3.91 minutes
Epoch #728: train loss = 0.146280, val loss = 0.024894, total loss = 0.108608, Epoch time: 0.86 seconds, remaining time: 3.89 minutes
Epoch #729: train loss = 0.061629, val loss = 0.018731, total loss = 0.048316, Epoch time: 0.86 seconds, remaining time: 3.88 minutes
Epoch #730: train loss = 0.053714, val loss = 0.013808, total loss = 0.041329, Epoch time: 0.86 seconds, remaining time: 3.86 minutes
Epoch #731: train loss = 0.051658, val loss = 0.009280, total loss = 0.038506, Epoch time: 0.86 seconds, remaining time: 3.85 minutes
Epoch #732: train loss = 0.028844, val loss = 0.009950, total loss = 0.022980, Epoch time: 0.86 seconds, remaining time: 3.83 minutes
Epoch #733: train loss = 0.034381, val loss = 0.014925, total loss = 0.028343, Epoch time: 0.86 seconds, remaining time: 3.82 minutes
Epoch #734: train loss = 0.027056, val loss = 0.025773, total loss = 0.026658, Epoch time: 0.86 seconds, remaining time: 3.80 minutes
Epoch #735: train loss = 0.037313, val loss = 0.012004, total loss = 0.029459, Epoch time: 0.86 seconds, remaining time: 3.79 minutes
Epoch #736: train loss = 0.022544, val loss = 0.013348, total loss = 0.019690, Epoch time: 0.86 seconds, remaining time: 3.77 minutes
Epoch #737: train loss = 0.063351, val loss = 0.014517, total loss = 0.048196, Epoch time: 0.86 seconds, remaining time: 3.76 minutes
Epoch #738: train loss = 0.156156, val loss = 0.021701, total loss = 0.114428, Epoch time: 0.86 seconds, remaining time: 3.74 minutes
Epoch #739: train loss = 0.052209, val loss = 0.009555, total loss = 0.038972, Epoch time: 0.86 seconds, remaining time: 3.73 minutes
Epoch #740: train loss = 0.082223, val loss = 0.005176, total loss = 0.058312, Epoch time: 0.86 seconds, remaining time: 3.71 minutes
Epoch #741: train loss = 0.029814, val loss = 0.003534, total loss = 0.021658, Epoch time: 0.86 seconds, remaining time: 3.70 minutes
Epoch #742: train loss = 0.054355, val loss = 0.009850, total loss = 0.040543, Epoch time: 0.86 seconds, remaining time: 3.68 minutes
Epoch #743: train loss = 0.054499, val loss = 0.005321, total loss = 0.039237, Epoch time: 0.86 seconds, remaining time: 3.67 minutes
Epoch #744: train loss = 0.042431, val loss = 0.007668, total loss = 0.031642, Epoch time: 0.86 seconds, remaining time: 3.65 minutes
Epoch #745: train loss = 0.084443, val loss = 0.021701, total loss = 0.064971, Epoch time: 0.86 seconds, remaining time: 3.64 minutes
Epoch #746: train loss = 0.127964, val loss = 0.027788, total loss = 0.096875, Epoch time: 0.86 seconds, remaining time: 3.62 minutes
Epoch #747: train loss = 0.034738, val loss = 0.011884, total loss = 0.027645, Epoch time: 0.86 seconds, remaining time: 3.61 minutes
Epoch #748: train loss = 0.179659, val loss = 0.011544, total loss = 0.127486, Epoch time: 0.86 seconds, remaining time: 3.59 minutes
Epoch #749: train loss = 0.094002, val loss = 0.038604, total loss = 0.076810, Epoch time: 0.86 seconds, remaining time: 3.58 minutes
Epoch #750: train loss = 0.068919, val loss = 0.017722, total loss = 0.053030, Epoch time: 0.86 seconds, remaining time: 3.56 minutes
Epoch #751: train loss = 0.039861, val loss = 0.007914, total loss = 0.029946, Epoch time: 0.86 seconds, remaining time: 3.55 minutes
Epoch #752: train loss = 0.084696, val loss = 0.006185, total loss = 0.060331, Epoch time: 0.86 seconds, remaining time: 3.53 minutes
Epoch #753: train loss = 0.042272, val loss = 0.033643, total loss = 0.039594, Epoch time: 0.86 seconds, remaining time: 3.52 minutes
Epoch #754: train loss = 0.045604, val loss = 0.007524, total loss = 0.033786, Epoch time: 0.86 seconds, remaining time: 3.50 minutes
Epoch #755: train loss = 0.068198, val loss = 0.006509, total loss = 0.049053, Epoch time: 0.86 seconds, remaining time: 3.49 minutes
Epoch #756: train loss = 0.049131, val loss = 0.018750, total loss = 0.039702, Epoch time: 0.86 seconds, remaining time: 3.47 minutes
Epoch #757: train loss = 0.115702, val loss = 0.012379, total loss = 0.083636, Epoch time: 0.86 seconds, remaining time: 3.46 minutes
Epoch #758: train loss = 0.031701, val loss = 0.006741, total loss = 0.023955, Epoch time: 0.86 seconds, remaining time: 3.44 minutes
Epoch #759: train loss = 0.032329, val loss = 0.002333, total loss = 0.023020, Epoch time: 0.86 seconds, remaining time: 3.43 minutes
Epoch #760: train loss = 0.029539, val loss = 0.015373, total loss = 0.025143, Epoch time: 0.86 seconds, remaining time: 3.41 minutes
Epoch #761: train loss = 0.035646, val loss = 0.005844, total loss = 0.026397, Epoch time: 0.86 seconds, remaining time: 3.40 minutes
Epoch #762: train loss = 0.036071, val loss = 0.009949, total loss = 0.027964, Epoch time: 0.86 seconds, remaining time: 3.38 minutes
Epoch #763: train loss = 0.066848, val loss = 0.023165, total loss = 0.053291, Epoch time: 0.86 seconds, remaining time: 3.37 minutes
Epoch #764: train loss = 0.033781, val loss = 0.016778, total loss = 0.028504, Epoch time: 0.86 seconds, remaining time: 3.35 minutes
Epoch #765: train loss = 0.038944, val loss = 0.009802, total loss = 0.029900, Epoch time: 0.86 seconds, remaining time: 3.34 minutes
Epoch #766: train loss = 0.055607, val loss = 0.005472, total loss = 0.040048, Epoch time: 0.86 seconds, remaining time: 3.32 minutes
Epoch #767: train loss = 0.035967, val loss = 0.017872, total loss = 0.030351, Epoch time: 0.86 seconds, remaining time: 3.31 minutes
Epoch #768: train loss = 0.026075, val loss = 0.025836, total loss = 0.026001, Epoch time: 0.86 seconds, remaining time: 3.29 minutes
Epoch #769: train loss = 0.108569, val loss = 0.009537, total loss = 0.077835, Epoch time: 0.86 seconds, remaining time: 3.28 minutes
Epoch #770: train loss = 0.052507, val loss = 0.011839, total loss = 0.039886, Epoch time: 0.85 seconds, remaining time: 3.26 minutes
Epoch #771: train loss = 0.043490, val loss = 0.019152, total loss = 0.035937, Epoch time: 0.85 seconds, remaining time: 3.25 minutes
Epoch #772: train loss = 0.034286, val loss = 0.008234, total loss = 0.026201, Epoch time: 0.85 seconds, remaining time: 3.23 minutes
Epoch #773: train loss = 0.095005, val loss = 0.006164, total loss = 0.067433, Epoch time: 0.85 seconds, remaining time: 3.22 minutes
Epoch #774: train loss = 0.078048, val loss = 0.005733, total loss = 0.055605, Epoch time: 0.85 seconds, remaining time: 3.20 minutes
Epoch #775: train loss = 0.031100, val loss = 0.011875, total loss = 0.025134, Epoch time: 0.85 seconds, remaining time: 3.19 minutes
Epoch #776: train loss = 0.022901, val loss = 0.002674, total loss = 0.016624, Epoch time: 0.85 seconds, remaining time: 3.17 minutes
Epoch #777: train loss = 0.082648, val loss = 0.005494, total loss = 0.058703, Epoch time: 0.85 seconds, remaining time: 3.16 minutes
Epoch #778: train loss = 0.040982, val loss = 0.013627, total loss = 0.032492, Epoch time: 0.85 seconds, remaining time: 3.14 minutes
Epoch #779: train loss = 0.031191, val loss = 0.011577, total loss = 0.025104, Epoch time: 0.85 seconds, remaining time: 3.13 minutes
Epoch #780: train loss = 0.048466, val loss = 0.027553, total loss = 0.041976, Epoch time: 0.85 seconds, remaining time: 3.11 minutes
Epoch #781: train loss = 0.055283, val loss = 0.008108, total loss = 0.040642, Epoch time: 0.85 seconds, remaining time: 3.10 minutes
Epoch #782: train loss = 0.030338, val loss = 0.023469, total loss = 0.028206, Epoch time: 0.85 seconds, remaining time: 3.08 minutes
Epoch #783: train loss = 0.032341, val loss = 0.002531, total loss = 0.023090, Epoch time: 0.85 seconds, remaining time: 3.07 minutes
Epoch #784: train loss = 0.031944, val loss = 0.006217, total loss = 0.023960, Epoch time: 0.85 seconds, remaining time: 3.05 minutes
Epoch #785: train loss = 0.070833, val loss = 0.010306, total loss = 0.052049, Epoch time: 0.85 seconds, remaining time: 3.04 minutes
Epoch #786: train loss = 0.063023, val loss = 0.020050, total loss = 0.049686, Epoch time: 0.85 seconds, remaining time: 3.02 minutes
Epoch #787: train loss = 0.060869, val loss = 0.016331, total loss = 0.047047, Epoch time: 0.85 seconds, remaining time: 3.01 minutes
Epoch #788: train loss = 0.026059, val loss = 0.008588, total loss = 0.020637, Epoch time: 0.85 seconds, remaining time: 2.99 minutes
Epoch #789: train loss = 0.021169, val loss = 0.025465, total loss = 0.022502, Epoch time: 0.85 seconds, remaining time: 2.98 minutes
Epoch #790: train loss = 0.045158, val loss = 0.016224, total loss = 0.036178, Epoch time: 0.85 seconds, remaining time: 2.97 minutes
Epoch #791: train loss = 0.033213, val loss = 0.008658, total loss = 0.025592, Epoch time: 0.85 seconds, remaining time: 2.95 minutes
Epoch #792: train loss = 0.026435, val loss = 0.004130, total loss = 0.019513, Epoch time: 0.85 seconds, remaining time: 2.94 minutes
Epoch #793: train loss = 0.029329, val loss = 0.013196, total loss = 0.024322, Epoch time: 0.85 seconds, remaining time: 2.92 minutes
Epoch #794: train loss = 0.029877, val loss = 0.014084, total loss = 0.024976, Epoch time: 0.85 seconds, remaining time: 2.91 minutes
Epoch #795: train loss = 0.015550, val loss = 0.009170, total loss = 0.013570, Epoch time: 0.85 seconds, remaining time: 2.89 minutes
Epoch #796: train loss = 0.059593, val loss = 0.013656, total loss = 0.045337, Epoch time: 0.85 seconds, remaining time: 2.88 minutes
Epoch #797: train loss = 0.094355, val loss = 0.015826, total loss = 0.069984, Epoch time: 0.85 seconds, remaining time: 2.87 minutes
Epoch #798: train loss = 0.035583, val loss = 0.015315, total loss = 0.029293, Epoch time: 0.85 seconds, remaining time: 2.85 minutes
Epoch #799: train loss = 0.039652, val loss = 0.010666, total loss = 0.030656, Epoch time: 0.85 seconds, remaining time: 2.84 minutes
Epoch #800: train loss = 0.015856, val loss = 0.014339, total loss = 0.015385, Epoch time: 0.85 seconds, remaining time: 2.82 minutes
Epoch #801: train loss = 0.017343, val loss = 0.004722, total loss = 0.013426, Epoch time: 0.85 seconds, remaining time: 2.81 minutes
Epoch #802: train loss = 0.012906, val loss = 0.013385, total loss = 0.013055, Epoch time: 0.85 seconds, remaining time: 2.79 minutes
Epoch #803: train loss = 0.039910, val loss = 0.002962, total loss = 0.028444, Epoch time: 0.85 seconds, remaining time: 2.78 minutes
Epoch #804: train loss = 0.274465, val loss = 0.019208, total loss = 0.195248, Epoch time: 0.85 seconds, remaining time: 2.76 minutes
Epoch #805: train loss = 0.109515, val loss = 0.016307, total loss = 0.080588, Epoch time: 0.85 seconds, remaining time: 2.75 minutes
Epoch #806: train loss = 0.095557, val loss = 0.010263, total loss = 0.069086, Epoch time: 0.85 seconds, remaining time: 2.73 minutes
Epoch #807: train loss = 0.100089, val loss = 0.021105, total loss = 0.075577, Epoch time: 0.85 seconds, remaining time: 2.72 minutes
Epoch #808: train loss = 0.046321, val loss = 0.014509, total loss = 0.036448, Epoch time: 0.85 seconds, remaining time: 2.70 minutes
Epoch #809: train loss = 0.036904, val loss = 0.007633, total loss = 0.027820, Epoch time: 0.85 seconds, remaining time: 2.69 minutes
Epoch #810: train loss = 0.037137, val loss = 0.006976, total loss = 0.027777, Epoch time: 0.85 seconds, remaining time: 2.67 minutes
Epoch #811: train loss = 0.080814, val loss = 0.009938, total loss = 0.058818, Epoch time: 0.85 seconds, remaining time: 2.66 minutes
Epoch #812: train loss = 0.033430, val loss = 0.010218, total loss = 0.026226, Epoch time: 0.85 seconds, remaining time: 2.64 minutes
Epoch #813: train loss = 0.017884, val loss = 0.018650, total loss = 0.018122, Epoch time: 0.85 seconds, remaining time: 2.63 minutes
Epoch #814: train loss = 0.111812, val loss = 0.029863, total loss = 0.086380, Epoch time: 0.85 seconds, remaining time: 2.61 minutes
Epoch #815: train loss = 0.293802, val loss = 0.019994, total loss = 0.208827, Epoch time: 0.85 seconds, remaining time: 2.60 minutes
Epoch #816: train loss = 0.270881, val loss = 0.018966, total loss = 0.192700, Epoch time: 0.85 seconds, remaining time: 2.58 minutes
Epoch #817: train loss = 0.173073, val loss = 0.007621, total loss = 0.121726, Epoch time: 0.85 seconds, remaining time: 2.57 minutes
Epoch #818: train loss = 0.054825, val loss = 0.004788, total loss = 0.039297, Epoch time: 0.85 seconds, remaining time: 2.56 minutes
Epoch #819: train loss = 0.109288, val loss = 0.009871, total loss = 0.078434, Epoch time: 0.85 seconds, remaining time: 2.54 minutes
Epoch #820: train loss = 0.084246, val loss = 0.030161, total loss = 0.067461, Epoch time: 0.85 seconds, remaining time: 2.53 minutes
Epoch #821: train loss = 0.071234, val loss = 0.007152, total loss = 0.051347, Epoch time: 0.85 seconds, remaining time: 2.51 minutes
Epoch #822: train loss = 0.038616, val loss = 0.016920, total loss = 0.031883, Epoch time: 0.85 seconds, remaining time: 2.50 minutes
Epoch #823: train loss = 0.103862, val loss = 0.028701, total loss = 0.080536, Epoch time: 0.85 seconds, remaining time: 2.48 minutes
Epoch #824: train loss = 0.094905, val loss = 0.012807, total loss = 0.069426, Epoch time: 0.85 seconds, remaining time: 2.47 minutes
Epoch #825: train loss = 0.067099, val loss = 0.022149, total loss = 0.053149, Epoch time: 0.85 seconds, remaining time: 2.45 minutes
Epoch #826: train loss = 0.028650, val loss = 0.016827, total loss = 0.024981, Epoch time: 0.85 seconds, remaining time: 2.44 minutes
Epoch #827: train loss = 0.055984, val loss = 0.006964, total loss = 0.040770, Epoch time: 0.85 seconds, remaining time: 2.43 minutes
Epoch #828: train loss = 0.061360, val loss = 0.009964, total loss = 0.045410, Epoch time: 0.85 seconds, remaining time: 2.41 minutes
Epoch #829: train loss = 0.031263, val loss = 0.006702, total loss = 0.023640, Epoch time: 0.85 seconds, remaining time: 2.40 minutes
Epoch #830: train loss = 0.031957, val loss = 0.005443, total loss = 0.023729, Epoch time: 0.85 seconds, remaining time: 2.38 minutes
Epoch #831: train loss = 0.042166, val loss = 0.006262, total loss = 0.031023, Epoch time: 0.85 seconds, remaining time: 2.37 minutes
Epoch #832: train loss = 0.016933, val loss = 0.013620, total loss = 0.015905, Epoch time: 0.85 seconds, remaining time: 2.35 minutes
Epoch #833: train loss = 0.019436, val loss = 0.008069, total loss = 0.015909, Epoch time: 0.85 seconds, remaining time: 2.34 minutes
Epoch #834: train loss = 0.022076, val loss = 0.011293, total loss = 0.018729, Epoch time: 0.84 seconds, remaining time: 2.32 minutes
Epoch #835: train loss = 0.017314, val loss = 0.012240, total loss = 0.015739, Epoch time: 0.84 seconds, remaining time: 2.31 minutes
Epoch #836: train loss = 0.047134, val loss = 0.010911, total loss = 0.035893, Epoch time: 0.84 seconds, remaining time: 2.29 minutes
Epoch #837: train loss = 0.145608, val loss = 0.014357, total loss = 0.104875, Epoch time: 0.84 seconds, remaining time: 2.28 minutes
Epoch #838: train loss = 0.043724, val loss = 0.010020, total loss = 0.033264, Epoch time: 0.84 seconds, remaining time: 2.27 minutes
Epoch #839: train loss = 0.042775, val loss = 0.003888, total loss = 0.030707, Epoch time: 0.84 seconds, remaining time: 2.25 minutes
Epoch #840: train loss = 0.044519, val loss = 0.003637, total loss = 0.031832, Epoch time: 0.84 seconds, remaining time: 2.24 minutes
Epoch #841: train loss = 0.075774, val loss = 0.013319, total loss = 0.056391, Epoch time: 0.84 seconds, remaining time: 2.22 minutes
Epoch #842: train loss = 0.041329, val loss = 0.014486, total loss = 0.032998, Epoch time: 0.84 seconds, remaining time: 2.21 minutes
Epoch #843: train loss = 0.096261, val loss = 0.003558, total loss = 0.067491, Epoch time: 0.84 seconds, remaining time: 2.19 minutes
Epoch #844: train loss = 0.036134, val loss = 0.010684, total loss = 0.028236, Epoch time: 0.84 seconds, remaining time: 2.18 minutes
Epoch #845: train loss = 0.155547, val loss = 0.006886, total loss = 0.109411, Epoch time: 0.84 seconds, remaining time: 2.16 minutes
Epoch #846: train loss = 0.051492, val loss = 0.016534, total loss = 0.040643, Epoch time: 0.84 seconds, remaining time: 2.15 minutes
Epoch #847: train loss = 0.044426, val loss = 0.007224, total loss = 0.032881, Epoch time: 0.84 seconds, remaining time: 2.13 minutes
Epoch #848: train loss = 0.044873, val loss = 0.012393, total loss = 0.034793, Epoch time: 0.84 seconds, remaining time: 2.12 minutes
Epoch #849: train loss = 0.035430, val loss = 0.011394, total loss = 0.027971, Epoch time: 0.84 seconds, remaining time: 2.11 minutes
Epoch #850: train loss = 0.032524, val loss = 0.013818, total loss = 0.026719, Epoch time: 0.84 seconds, remaining time: 2.09 minutes
Epoch #851: train loss = 0.097069, val loss = 0.034345, total loss = 0.077603, Epoch time: 0.84 seconds, remaining time: 2.08 minutes
Epoch #852: train loss = 0.071512, val loss = 0.011725, total loss = 0.052958, Epoch time: 0.84 seconds, remaining time: 2.06 minutes
Epoch #853: train loss = 0.048349, val loss = 0.010664, total loss = 0.036653, Epoch time: 0.84 seconds, remaining time: 2.05 minutes
Epoch #854: train loss = 0.075059, val loss = 0.014349, total loss = 0.056218, Epoch time: 0.84 seconds, remaining time: 2.03 minutes
Epoch #855: train loss = 0.048692, val loss = 0.004137, total loss = 0.034864, Epoch time: 0.84 seconds, remaining time: 2.02 minutes
Epoch #856: train loss = 0.090972, val loss = 0.008019, total loss = 0.065228, Epoch time: 0.84 seconds, remaining time: 2.01 minutes
Epoch #857: train loss = 0.065595, val loss = 0.019793, total loss = 0.051381, Epoch time: 0.84 seconds, remaining time: 1.99 minutes
Epoch #858: train loss = 0.032700, val loss = 0.011318, total loss = 0.026064, Epoch time: 0.84 seconds, remaining time: 1.98 minutes
Epoch #859: train loss = 0.026203, val loss = 0.012277, total loss = 0.021881, Epoch time: 0.84 seconds, remaining time: 1.96 minutes
Epoch #860: train loss = 0.055979, val loss = 0.011731, total loss = 0.042247, Epoch time: 0.84 seconds, remaining time: 1.95 minutes
Epoch #861: train loss = 0.031766, val loss = 0.005135, total loss = 0.023501, Epoch time: 0.84 seconds, remaining time: 1.93 minutes
Epoch #862: train loss = 0.041232, val loss = 0.002729, total loss = 0.029283, Epoch time: 0.84 seconds, remaining time: 1.92 minutes
Epoch #863: train loss = 0.162982, val loss = 0.012088, total loss = 0.116153, Epoch time: 0.84 seconds, remaining time: 1.91 minutes
Epoch #864: train loss = 0.068170, val loss = 0.025627, total loss = 0.054967, Epoch time: 0.84 seconds, remaining time: 1.89 minutes
Epoch #865: train loss = 0.202992, val loss = 0.014711, total loss = 0.144560, Epoch time: 0.84 seconds, remaining time: 1.88 minutes
Epoch #866: train loss = 0.165104, val loss = 0.004872, total loss = 0.115377, Epoch time: 0.84 seconds, remaining time: 1.86 minutes
Epoch #867: train loss = 0.058642, val loss = 0.012424, total loss = 0.044298, Epoch time: 0.84 seconds, remaining time: 1.85 minutes
Epoch #868: train loss = 0.027116, val loss = 0.014911, total loss = 0.023328, Epoch time: 0.84 seconds, remaining time: 1.83 minutes
Epoch #869: train loss = 0.145013, val loss = 0.010615, total loss = 0.103303, Epoch time: 0.84 seconds, remaining time: 1.82 minutes
Epoch #870: train loss = 0.163932, val loss = 0.015584, total loss = 0.117893, Epoch time: 0.84 seconds, remaining time: 1.81 minutes
Epoch #871: train loss = 0.079669, val loss = 0.026888, total loss = 0.063289, Epoch time: 0.84 seconds, remaining time: 1.79 minutes
Epoch #872: train loss = 0.072642, val loss = 0.006386, total loss = 0.052080, Epoch time: 0.84 seconds, remaining time: 1.78 minutes
Epoch #873: train loss = 0.034051, val loss = 0.015375, total loss = 0.028255, Epoch time: 0.84 seconds, remaining time: 1.76 minutes
Epoch #874: train loss = 0.078865, val loss = 0.006314, total loss = 0.056349, Epoch time: 0.84 seconds, remaining time: 1.75 minutes
Epoch #875: train loss = 0.054871, val loss = 0.009350, total loss = 0.040744, Epoch time: 0.84 seconds, remaining time: 1.73 minutes
Epoch #876: train loss = 0.069030, val loss = 0.012078, total loss = 0.051356, Epoch time: 0.84 seconds, remaining time: 1.72 minutes
Epoch #877: train loss = 0.061141, val loss = 0.019534, total loss = 0.048228, Epoch time: 0.84 seconds, remaining time: 1.71 minutes
Epoch #878: train loss = 0.106660, val loss = 0.011958, total loss = 0.077270, Epoch time: 0.84 seconds, remaining time: 1.69 minutes
Epoch #879: train loss = 0.053040, val loss = 0.013582, total loss = 0.040794, Epoch time: 0.84 seconds, remaining time: 1.68 minutes
Epoch #880: train loss = 0.085823, val loss = 0.018004, total loss = 0.064776, Epoch time: 0.84 seconds, remaining time: 1.66 minutes
Epoch #881: train loss = 0.068063, val loss = 0.004795, total loss = 0.048428, Epoch time: 0.84 seconds, remaining time: 1.65 minutes
Epoch #882: train loss = 0.045956, val loss = 0.004618, total loss = 0.033127, Epoch time: 0.84 seconds, remaining time: 1.63 minutes
Epoch #883: train loss = 0.032495, val loss = 0.006768, total loss = 0.024511, Epoch time: 0.84 seconds, remaining time: 1.62 minutes
Epoch #884: train loss = 0.057987, val loss = 0.006582, total loss = 0.042034, Epoch time: 0.84 seconds, remaining time: 1.61 minutes
Epoch #885: train loss = 0.027374, val loss = 0.006795, total loss = 0.020988, Epoch time: 0.84 seconds, remaining time: 1.59 minutes
Epoch #886: train loss = 0.024685, val loss = 0.004464, total loss = 0.018410, Epoch time: 0.84 seconds, remaining time: 1.58 minutes
Epoch #887: train loss = 0.031576, val loss = 0.003435, total loss = 0.022843, Epoch time: 0.84 seconds, remaining time: 1.56 minutes
Epoch #888: train loss = 0.013699, val loss = 0.006215, total loss = 0.011376, Epoch time: 0.84 seconds, remaining time: 1.55 minutes
Epoch #889: train loss = 0.169780, val loss = 0.006102, total loss = 0.118983, Epoch time: 0.84 seconds, remaining time: 1.53 minutes
Epoch #890: train loss = 0.050818, val loss = 0.032560, total loss = 0.045152, Epoch time: 0.84 seconds, remaining time: 1.52 minutes
Epoch #891: train loss = 0.058827, val loss = 0.010809, total loss = 0.043925, Epoch time: 0.84 seconds, remaining time: 1.51 minutes
Epoch #892: train loss = 0.081942, val loss = 0.011403, total loss = 0.060051, Epoch time: 0.84 seconds, remaining time: 1.49 minutes
Epoch #893: train loss = 0.055814, val loss = 0.011225, total loss = 0.041976, Epoch time: 0.84 seconds, remaining time: 1.48 minutes
Epoch #894: train loss = 0.040346, val loss = 0.002184, total loss = 0.028503, Epoch time: 0.84 seconds, remaining time: 1.46 minutes
Epoch #895: train loss = 0.113814, val loss = 0.019690, total loss = 0.084603, Epoch time: 0.84 seconds, remaining time: 1.45 minutes
Epoch #896: train loss = 0.181026, val loss = 0.009347, total loss = 0.127746, Epoch time: 0.84 seconds, remaining time: 1.44 minutes
Epoch #897: train loss = 0.164239, val loss = 0.018718, total loss = 0.119077, Epoch time: 0.84 seconds, remaining time: 1.42 minutes
Epoch #898: train loss = 0.136780, val loss = 0.013237, total loss = 0.098439, Epoch time: 0.84 seconds, remaining time: 1.41 minutes
Epoch #899: train loss = 0.053302, val loss = 0.024435, total loss = 0.044343, Epoch time: 0.84 seconds, remaining time: 1.39 minutes
Epoch #900: train loss = 0.043264, val loss = 0.012780, total loss = 0.033803, Epoch time: 0.84 seconds, remaining time: 1.38 minutes
Epoch #901: train loss = 0.022431, val loss = 0.007415, total loss = 0.017771, Epoch time: 0.84 seconds, remaining time: 1.37 minutes
Epoch #902: train loss = 0.100225, val loss = 0.010262, total loss = 0.072306, Epoch time: 0.84 seconds, remaining time: 1.35 minutes
Epoch #903: train loss = 0.092316, val loss = 0.023116, total loss = 0.070840, Epoch time: 0.84 seconds, remaining time: 1.34 minutes
Epoch #904: train loss = 0.134763, val loss = 0.037352, total loss = 0.104532, Epoch time: 0.84 seconds, remaining time: 1.32 minutes
Epoch #905: train loss = 0.066053, val loss = 0.018078, total loss = 0.051164, Epoch time: 0.84 seconds, remaining time: 1.31 minutes
Epoch #906: train loss = 0.053574, val loss = 0.010537, total loss = 0.040217, Epoch time: 0.84 seconds, remaining time: 1.29 minutes
Epoch #907: train loss = 0.111169, val loss = 0.018586, total loss = 0.082436, Epoch time: 0.84 seconds, remaining time: 1.28 minutes
Epoch #908: train loss = 0.067637, val loss = 0.029278, total loss = 0.055733, Epoch time: 0.83 seconds, remaining time: 1.27 minutes
Epoch #909: train loss = 0.044548, val loss = 0.012423, total loss = 0.034578, Epoch time: 0.83 seconds, remaining time: 1.25 minutes
Epoch #910: train loss = 0.034432, val loss = 0.012400, total loss = 0.027595, Epoch time: 0.83 seconds, remaining time: 1.24 minutes
Epoch #911: train loss = 0.036400, val loss = 0.025041, total loss = 0.032875, Epoch time: 0.83 seconds, remaining time: 1.22 minutes
Epoch #912: train loss = 0.089804, val loss = 0.010756, total loss = 0.065272, Epoch time: 0.83 seconds, remaining time: 1.21 minutes
Epoch #913: train loss = 0.026304, val loss = 0.008718, total loss = 0.020846, Epoch time: 0.83 seconds, remaining time: 1.20 minutes
Epoch #914: train loss = 0.043873, val loss = 0.020157, total loss = 0.036513, Epoch time: 0.83 seconds, remaining time: 1.18 minutes
Epoch #915: train loss = 0.352987, val loss = 0.037061, total loss = 0.254941, Epoch time: 0.83 seconds, remaining time: 1.17 minutes
Epoch #916: train loss = 0.116714, val loss = 0.011611, total loss = 0.084096, Epoch time: 0.83 seconds, remaining time: 1.15 minutes
Epoch #917: train loss = 0.174663, val loss = 0.010547, total loss = 0.123731, Epoch time: 0.83 seconds, remaining time: 1.14 minutes
Epoch #918: train loss = 0.276099, val loss = 0.014107, total loss = 0.194791, Epoch time: 0.83 seconds, remaining time: 1.13 minutes
Epoch #919: train loss = 0.082667, val loss = 0.036390, total loss = 0.068305, Epoch time: 0.83 seconds, remaining time: 1.11 minutes
Epoch #920: train loss = 0.092273, val loss = 0.010335, total loss = 0.066844, Epoch time: 0.83 seconds, remaining time: 1.10 minutes
Epoch #921: train loss = 0.122732, val loss = 0.013496, total loss = 0.088831, Epoch time: 0.83 seconds, remaining time: 1.08 minutes
Epoch #922: train loss = 0.059214, val loss = 0.017046, total loss = 0.046127, Epoch time: 0.83 seconds, remaining time: 1.07 minutes
Epoch #923: train loss = 0.193197, val loss = 0.015334, total loss = 0.137998, Epoch time: 0.83 seconds, remaining time: 1.05 minutes
Epoch #924: train loss = 0.065506, val loss = 0.044048, total loss = 0.058847, Epoch time: 0.83 seconds, remaining time: 1.04 minutes
Epoch #925: train loss = 0.065932, val loss = 0.008035, total loss = 0.047964, Epoch time: 0.83 seconds, remaining time: 1.03 minutes
Epoch #926: train loss = 0.065669, val loss = 0.032211, total loss = 0.055285, Epoch time: 0.83 seconds, remaining time: 1.01 minutes
Epoch #927: train loss = 0.036374, val loss = 0.017940, total loss = 0.030653, Epoch time: 0.83 seconds, remaining time: 1.00 minutes
Epoch #928: train loss = 0.059208, val loss = 0.004256, total loss = 0.042154, Epoch time: 0.83 seconds, remaining time: 0.99 minutes
Epoch #929: train loss = 0.039223, val loss = 0.006571, total loss = 0.029090, Epoch time: 0.83 seconds, remaining time: 0.97 minutes
Epoch #930: train loss = 0.142871, val loss = 0.014467, total loss = 0.103021, Epoch time: 0.83 seconds, remaining time: 0.96 minutes
Epoch #931: train loss = 0.162880, val loss = 0.016712, total loss = 0.117518, Epoch time: 0.83 seconds, remaining time: 0.94 minutes
Epoch #932: train loss = 0.047424, val loss = 0.008172, total loss = 0.035242, Epoch time: 0.83 seconds, remaining time: 0.93 minutes
Epoch #933: train loss = 0.104995, val loss = 0.013206, total loss = 0.076509, Epoch time: 0.83 seconds, remaining time: 0.92 minutes
Epoch #934: train loss = 0.060779, val loss = 0.013753, total loss = 0.046185, Epoch time: 0.83 seconds, remaining time: 0.90 minutes
Epoch #935: train loss = 0.053151, val loss = 0.014783, total loss = 0.041244, Epoch time: 0.83 seconds, remaining time: 0.89 minutes
Epoch #936: train loss = 0.188908, val loss = 0.013069, total loss = 0.134337, Epoch time: 0.83 seconds, remaining time: 0.87 minutes
Epoch #937: train loss = 0.056276, val loss = 0.021592, total loss = 0.045512, Epoch time: 0.83 seconds, remaining time: 0.86 minutes
Epoch #938: train loss = 0.067081, val loss = 0.008468, total loss = 0.048891, Epoch time: 0.83 seconds, remaining time: 0.84 minutes
Epoch #939: train loss = 0.146252, val loss = 0.024188, total loss = 0.108370, Epoch time: 0.83 seconds, remaining time: 0.83 minutes
Epoch #940: train loss = 0.084577, val loss = 0.041825, total loss = 0.071309, Epoch time: 0.83 seconds, remaining time: 0.82 minutes
Epoch #941: train loss = 0.071490, val loss = 0.030221, total loss = 0.058682, Epoch time: 0.83 seconds, remaining time: 0.80 minutes
Epoch #942: train loss = 0.109390, val loss = 0.016351, total loss = 0.080516, Epoch time: 0.83 seconds, remaining time: 0.79 minutes
Epoch #943: train loss = 0.097815, val loss = 0.010910, total loss = 0.070845, Epoch time: 0.83 seconds, remaining time: 0.77 minutes
Epoch #944: train loss = 0.086793, val loss = 0.006955, total loss = 0.062016, Epoch time: 0.83 seconds, remaining time: 0.76 minutes
Epoch #945: train loss = 0.061872, val loss = 0.019149, total loss = 0.048613, Epoch time: 0.83 seconds, remaining time: 0.75 minutes
Epoch #946: train loss = 0.068142, val loss = 0.016962, total loss = 0.052259, Epoch time: 0.83 seconds, remaining time: 0.73 minutes
Epoch #947: train loss = 0.047805, val loss = 0.003531, total loss = 0.034065, Epoch time: 0.83 seconds, remaining time: 0.72 minutes
Epoch #948: train loss = 0.067010, val loss = 0.012796, total loss = 0.050185, Epoch time: 0.83 seconds, remaining time: 0.71 minutes
Epoch #949: train loss = 0.064134, val loss = 0.010081, total loss = 0.047359, Epoch time: 0.83 seconds, remaining time: 0.69 minutes
Epoch #950: train loss = 0.033275, val loss = 0.012171, total loss = 0.026726, Epoch time: 0.83 seconds, remaining time: 0.68 minutes
Epoch #951: train loss = 0.093952, val loss = 0.014718, total loss = 0.069362, Epoch time: 0.83 seconds, remaining time: 0.66 minutes
Epoch #952: train loss = 0.270506, val loss = 0.012786, total loss = 0.190524, Epoch time: 0.83 seconds, remaining time: 0.65 minutes
Epoch #953: train loss = 0.086235, val loss = 0.013014, total loss = 0.063511, Epoch time: 0.83 seconds, remaining time: 0.64 minutes
Epoch #954: train loss = 0.106529, val loss = 0.007427, total loss = 0.075773, Epoch time: 0.83 seconds, remaining time: 0.62 minutes
Epoch #955: train loss = 0.053660, val loss = 0.020494, total loss = 0.043367, Epoch time: 0.83 seconds, remaining time: 0.61 minutes
Epoch #956: train loss = 0.034724, val loss = 0.011294, total loss = 0.027453, Epoch time: 0.83 seconds, remaining time: 0.59 minutes
Epoch #957: train loss = 0.089604, val loss = 0.039371, total loss = 0.074014, Epoch time: 0.83 seconds, remaining time: 0.58 minutes
Epoch #958: train loss = 0.091342, val loss = 0.022120, total loss = 0.069859, Epoch time: 0.83 seconds, remaining time: 0.57 minutes
Epoch #959: train loss = 0.029603, val loss = 0.007490, total loss = 0.022740, Epoch time: 0.83 seconds, remaining time: 0.55 minutes
Epoch #960: train loss = 0.045853, val loss = 0.016735, total loss = 0.036817, Epoch time: 0.83 seconds, remaining time: 0.54 minutes
Epoch #961: train loss = 0.029136, val loss = 0.012702, total loss = 0.024035, Epoch time: 0.83 seconds, remaining time: 0.52 minutes
Epoch #962: train loss = 0.024558, val loss = 0.005930, total loss = 0.018777, Epoch time: 0.83 seconds, remaining time: 0.51 minutes
Epoch #963: train loss = 0.032000, val loss = 0.011157, total loss = 0.025531, Epoch time: 0.83 seconds, remaining time: 0.50 minutes
Epoch #964: train loss = 0.037582, val loss = 0.011967, total loss = 0.029633, Epoch time: 0.83 seconds, remaining time: 0.48 minutes
Epoch #965: train loss = 0.075199, val loss = 0.009067, total loss = 0.054675, Epoch time: 0.83 seconds, remaining time: 0.47 minutes
Epoch #966: train loss = 0.027549, val loss = 0.012873, total loss = 0.022994, Epoch time: 0.83 seconds, remaining time: 0.46 minutes
Epoch #967: train loss = 0.027983, val loss = 0.011009, total loss = 0.022715, Epoch time: 0.83 seconds, remaining time: 0.44 minutes
Epoch #968: train loss = 0.078622, val loss = 0.012275, total loss = 0.058031, Epoch time: 0.83 seconds, remaining time: 0.43 minutes
Epoch #969: train loss = 0.026011, val loss = 0.016327, total loss = 0.023005, Epoch time: 0.83 seconds, remaining time: 0.41 minutes
Epoch #970: train loss = 0.090823, val loss = 0.006388, total loss = 0.064619, Epoch time: 0.83 seconds, remaining time: 0.40 minutes
Epoch #971: train loss = 0.214072, val loss = 0.028005, total loss = 0.156327, Epoch time: 0.83 seconds, remaining time: 0.39 minutes
Epoch #972: train loss = 0.084483, val loss = 0.017476, total loss = 0.063688, Epoch time: 0.83 seconds, remaining time: 0.37 minutes
Epoch #973: train loss = 0.068418, val loss = 0.010042, total loss = 0.050301, Epoch time: 0.83 seconds, remaining time: 0.36 minutes
Epoch #974: train loss = 0.076143, val loss = 0.006331, total loss = 0.054477, Epoch time: 0.83 seconds, remaining time: 0.34 minutes
Epoch #975: train loss = 0.059013, val loss = 0.004461, total loss = 0.042083, Epoch time: 0.83 seconds, remaining time: 0.33 minutes
Epoch #976: train loss = 0.067072, val loss = 0.013433, total loss = 0.050425, Epoch time: 0.83 seconds, remaining time: 0.32 minutes
Epoch #977: train loss = 0.049890, val loss = 0.023488, total loss = 0.041696, Epoch time: 0.83 seconds, remaining time: 0.30 minutes
Epoch #978: train loss = 0.045306, val loss = 0.009706, total loss = 0.034258, Epoch time: 0.83 seconds, remaining time: 0.29 minutes
Epoch #979: train loss = 0.026676, val loss = 0.005075, total loss = 0.019973, Epoch time: 0.83 seconds, remaining time: 0.28 minutes
Epoch #980: train loss = 0.123144, val loss = 0.018111, total loss = 0.090547, Epoch time: 0.83 seconds, remaining time: 0.26 minutes
Epoch #981: train loss = 0.058095, val loss = 0.012889, total loss = 0.044066, Epoch time: 0.83 seconds, remaining time: 0.25 minutes
Epoch #982: train loss = 0.136528, val loss = 0.027519, total loss = 0.102698, Epoch time: 0.83 seconds, remaining time: 0.23 minutes
Epoch #983: train loss = 0.046891, val loss = 0.007513, total loss = 0.034670, Epoch time: 0.83 seconds, remaining time: 0.22 minutes
Epoch #984: train loss = 0.051451, val loss = 0.006530, total loss = 0.037510, Epoch time: 0.82 seconds, remaining time: 0.21 minutes
Epoch #985: train loss = 0.059135, val loss = 0.004077, total loss = 0.042048, Epoch time: 0.82 seconds, remaining time: 0.19 minutes
Epoch #986: train loss = 0.098320, val loss = 0.020450, total loss = 0.074153, Epoch time: 0.82 seconds, remaining time: 0.18 minutes
Epoch #987: train loss = 0.047895, val loss = 0.012513, total loss = 0.036914, Epoch time: 0.82 seconds, remaining time: 0.16 minutes
Epoch #988: train loss = 0.068830, val loss = 0.027773, total loss = 0.056088, Epoch time: 0.82 seconds, remaining time: 0.15 minutes
Epoch #989: train loss = 0.035315, val loss = 0.009780, total loss = 0.027390, Epoch time: 0.82 seconds, remaining time: 0.14 minutes
Epoch #990: train loss = 0.035030, val loss = 0.011132, total loss = 0.027614, Epoch time: 0.82 seconds, remaining time: 0.12 minutes
Epoch #991: train loss = 0.049857, val loss = 0.007740, total loss = 0.036786, Epoch time: 0.82 seconds, remaining time: 0.11 minutes
Epoch #992: train loss = 0.057188, val loss = 0.015596, total loss = 0.044280, Epoch time: 0.82 seconds, remaining time: 0.10 minutes
Epoch #993: train loss = 0.056582, val loss = 0.012920, total loss = 0.043032, Epoch time: 0.82 seconds, remaining time: 0.08 minutes
Epoch #994: train loss = 0.037604, val loss = 0.011241, total loss = 0.029422, Epoch time: 0.82 seconds, remaining time: 0.07 minutes
Epoch #995: train loss = 0.068402, val loss = 0.007286, total loss = 0.049435, Epoch time: 0.82 seconds, remaining time: 0.05 minutes
Epoch #996: train loss = 0.118716, val loss = 0.014678, total loss = 0.086429, Epoch time: 0.82 seconds, remaining time: 0.04 minutes
Epoch #997: train loss = 0.140316, val loss = 0.034916, total loss = 0.107605, Epoch time: 0.82 seconds, remaining time: 0.03 minutes
Epoch #998: train loss = 0.061208, val loss = 0.014109, total loss = 0.046591, Epoch time: 0.82 seconds, remaining time: 0.01 minutes
Epoch #999: train loss = 0.101393, val loss = 0.020934, total loss = 0.076423, Epoch time: 0.82 seconds, remaining time: 0.00 minutes

Training time: 0:13:46.368735

Classification evaluation results:
{'acc': 0.35135135135135137, 'auprc': 0.3769095026354368}
Clustering evaluation results:
{'kmeans': {'acc': 0.32432432432432434, 'ri': 0.5994076268048871, 'nmi': 0.027726014873225825}, 'spectral': {'acc': 0.32432432432432434, 'ri': 0.6023694927804517, 'nmi': 0.02950042562603475}}
Finished.
