Dataset: NATOPS
Arguments: Namespace(batch_size=8, dataset='NATOPS', epochs=1000, eval=True, gpu=1, irregular=0, iters=None, loader='UEA', lr=0.001, max_threads=8, max_train_length=3000, repr_dims=320, run_name='UEA', save_every=None, seed=42)
Loading data... done
Epoch #0: train loss = 2.932403, val loss = 1.186964, total loss = 2.059684, Epoch time: 1.26 seconds, remaining time: 20.96 minutes
Epoch #1: train loss = 1.765186, val loss = 0.956985, total loss = 1.361086, Epoch time: 0.68 seconds, remaining time: 16.13 minutes
Epoch #2: train loss = 1.562391, val loss = 0.811982, total loss = 1.187187, Epoch time: 0.64 seconds, remaining time: 14.29 minutes
Epoch #3: train loss = 1.446959, val loss = 0.660819, total loss = 1.053889, Epoch time: 0.65 seconds, remaining time: 13.42 minutes
Epoch #4: train loss = 1.366750, val loss = 0.528756, total loss = 0.947753, Epoch time: 0.65 seconds, remaining time: 12.87 minutes
Epoch #5: train loss = 1.366319, val loss = 0.506861, total loss = 0.936590, Epoch time: 0.64 seconds, remaining time: 12.49 minutes
Epoch #6: train loss = 1.220229, val loss = 0.451607, total loss = 0.835918, Epoch time: 0.64 seconds, remaining time: 12.20 minutes
Epoch #7: train loss = 1.152557, val loss = 0.396240, total loss = 0.774399, Epoch time: 0.66 seconds, remaining time: 12.03 minutes
Epoch #8: train loss = 1.144054, val loss = 0.327449, total loss = 0.735751, Epoch time: 0.65 seconds, remaining time: 11.87 minutes
Epoch #9: train loss = 1.072873, val loss = 0.282433, total loss = 0.677653, Epoch time: 0.66 seconds, remaining time: 11.76 minutes
Epoch #10: train loss = 1.144499, val loss = 0.305909, total loss = 0.725204, Epoch time: 0.65 seconds, remaining time: 10.75 minutes
Epoch #11: train loss = 1.124171, val loss = 0.313221, total loss = 0.718696, Epoch time: 0.65 seconds, remaining time: 10.69 minutes
Epoch #12: train loss = 0.982456, val loss = 0.234470, total loss = 0.608463, Epoch time: 0.67 seconds, remaining time: 10.73 minutes
Epoch #13: train loss = 1.031472, val loss = 0.242177, total loss = 0.636824, Epoch time: 0.65 seconds, remaining time: 10.72 minutes
Epoch #14: train loss = 0.955370, val loss = 0.232711, total loss = 0.594041, Epoch time: 0.67 seconds, remaining time: 10.74 minutes
Epoch #15: train loss = 0.855153, val loss = 0.169159, total loss = 0.512156, Epoch time: 0.67 seconds, remaining time: 10.78 minutes
Epoch #16: train loss = 0.855472, val loss = 0.171100, total loss = 0.513286, Epoch time: 0.69 seconds, remaining time: 10.85 minutes
Epoch #17: train loss = 1.025218, val loss = 0.254166, total loss = 0.639692, Epoch time: 0.70 seconds, remaining time: 10.90 minutes
Epoch #18: train loss = 0.833180, val loss = 0.163840, total loss = 0.498510, Epoch time: 0.67 seconds, remaining time: 10.93 minutes
Epoch #19: train loss = 0.895942, val loss = 0.185808, total loss = 0.540875, Epoch time: 0.67 seconds, remaining time: 10.94 minutes
Epoch #20: train loss = 1.054602, val loss = 0.282830, total loss = 0.668716, Epoch time: 0.67 seconds, remaining time: 10.95 minutes
Epoch #21: train loss = 0.811029, val loss = 0.185903, total loss = 0.498466, Epoch time: 0.69 seconds, remaining time: 11.00 minutes
Epoch #22: train loss = 0.699678, val loss = 0.124997, total loss = 0.412338, Epoch time: 0.72 seconds, remaining time: 11.06 minutes
Epoch #23: train loss = 0.791614, val loss = 0.122977, total loss = 0.457295, Epoch time: 0.69 seconds, remaining time: 11.12 minutes
Epoch #24: train loss = 0.704151, val loss = 0.125404, total loss = 0.414777, Epoch time: 0.70 seconds, remaining time: 11.15 minutes
Epoch #25: train loss = 0.641932, val loss = 0.098852, total loss = 0.370392, Epoch time: 0.71 seconds, remaining time: 11.20 minutes
Epoch #26: train loss = 0.736236, val loss = 0.124465, total loss = 0.430350, Epoch time: 0.69 seconds, remaining time: 11.19 minutes
Epoch #27: train loss = 0.690375, val loss = 0.116387, total loss = 0.403381, Epoch time: 0.68 seconds, remaining time: 11.16 minutes
Epoch #28: train loss = 0.778323, val loss = 0.172826, total loss = 0.475575, Epoch time: 0.79 seconds, remaining time: 11.34 minutes
Epoch #29: train loss = 0.682303, val loss = 0.096655, total loss = 0.389479, Epoch time: 0.76 seconds, remaining time: 11.47 minutes
Epoch #30: train loss = 0.571067, val loss = 0.123361, total loss = 0.347214, Epoch time: 0.68 seconds, remaining time: 11.47 minutes
Epoch #31: train loss = 0.678822, val loss = 0.102817, total loss = 0.390820, Epoch time: 0.67 seconds, remaining time: 11.44 minutes
Epoch #32: train loss = 0.661324, val loss = 0.152930, total loss = 0.407127, Epoch time: 0.68 seconds, remaining time: 11.37 minutes
Epoch #33: train loss = 0.648189, val loss = 0.072221, total loss = 0.360205, Epoch time: 0.68 seconds, remaining time: 11.34 minutes
Epoch #34: train loss = 0.672685, val loss = 0.105239, total loss = 0.388962, Epoch time: 0.69 seconds, remaining time: 11.32 minutes
Epoch #35: train loss = 0.678320, val loss = 0.130201, total loss = 0.404261, Epoch time: 0.66 seconds, remaining time: 11.23 minutes
Epoch #36: train loss = 0.616814, val loss = 0.099761, total loss = 0.358287, Epoch time: 0.68 seconds, remaining time: 11.21 minutes
Epoch #37: train loss = 0.914170, val loss = 0.170339, total loss = 0.542255, Epoch time: 0.65 seconds, remaining time: 11.15 minutes
Epoch #38: train loss = 0.668622, val loss = 0.117914, total loss = 0.393268, Epoch time: 0.66 seconds, remaining time: 10.92 minutes
Epoch #39: train loss = 0.500000, val loss = 0.070123, total loss = 0.285062, Epoch time: 0.68 seconds, remaining time: 10.78 minutes
Epoch #40: train loss = 0.624235, val loss = 0.106700, total loss = 0.365468, Epoch time: 0.67 seconds, remaining time: 10.76 minutes
Epoch #41: train loss = 0.722158, val loss = 0.109665, total loss = 0.415911, Epoch time: 0.68 seconds, remaining time: 10.75 minutes
Epoch #42: train loss = 0.556434, val loss = 0.092900, total loss = 0.324667, Epoch time: 0.69 seconds, remaining time: 10.77 minutes
Epoch #43: train loss = 0.485739, val loss = 0.059177, total loss = 0.272458, Epoch time: 0.70 seconds, remaining time: 10.78 minutes
Epoch #44: train loss = 0.627633, val loss = 0.112735, total loss = 0.370184, Epoch time: 0.69 seconds, remaining time: 10.77 minutes
Epoch #45: train loss = 0.626860, val loss = 0.095318, total loss = 0.361089, Epoch time: 0.69 seconds, remaining time: 10.79 minutes
Epoch #46: train loss = 0.497894, val loss = 0.075600, total loss = 0.286747, Epoch time: 0.69 seconds, remaining time: 10.80 minutes
Epoch #47: train loss = 0.478642, val loss = 0.060071, total loss = 0.269357, Epoch time: 0.72 seconds, remaining time: 10.90 minutes
Epoch #48: train loss = 0.569661, val loss = 0.116016, total loss = 0.342838, Epoch time: 0.67 seconds, remaining time: 10.90 minutes
Epoch #49: train loss = 0.695200, val loss = 0.125477, total loss = 0.410338, Epoch time: 0.67 seconds, remaining time: 10.89 minutes
Epoch #50: train loss = 0.681917, val loss = 0.169800, total loss = 0.425858, Epoch time: 0.68 seconds, remaining time: 10.90 minutes
Epoch #51: train loss = 0.646272, val loss = 0.098924, total loss = 0.372598, Epoch time: 0.74 seconds, remaining time: 10.98 minutes
Epoch #52: train loss = 0.461210, val loss = 0.069548, total loss = 0.265379, Epoch time: 0.79 seconds, remaining time: 11.12 minutes
Epoch #53: train loss = 0.688957, val loss = 0.122321, total loss = 0.405639, Epoch time: 0.77 seconds, remaining time: 11.22 minutes
Epoch #54: train loss = 0.644031, val loss = 0.095401, total loss = 0.369716, Epoch time: 0.72 seconds, remaining time: 11.25 minutes
Epoch #55: train loss = 0.585058, val loss = 0.097582, total loss = 0.341320, Epoch time: 0.74 seconds, remaining time: 11.33 minutes
Epoch #56: train loss = 0.516121, val loss = 0.082194, total loss = 0.299158, Epoch time: 0.80 seconds, remaining time: 11.48 minutes
Epoch #57: train loss = 0.493461, val loss = 0.076706, total loss = 0.285084, Epoch time: 0.76 seconds, remaining time: 11.53 minutes
Epoch #58: train loss = 0.564982, val loss = 0.094887, total loss = 0.329934, Epoch time: 0.76 seconds, remaining time: 11.66 minutes
Epoch #59: train loss = 0.577642, val loss = 0.088127, total loss = 0.332885, Epoch time: 0.71 seconds, remaining time: 11.71 minutes
Epoch #60: train loss = 0.704346, val loss = 0.107751, total loss = 0.406049, Epoch time: 0.71 seconds, remaining time: 11.73 minutes
Epoch #61: train loss = 0.596746, val loss = 0.086684, total loss = 0.341715, Epoch time: 0.76 seconds, remaining time: 11.74 minutes
Epoch #62: train loss = 0.478072, val loss = 0.060697, total loss = 0.269385, Epoch time: 0.74 seconds, remaining time: 11.66 minutes
Epoch #63: train loss = 0.517485, val loss = 0.062833, total loss = 0.290159, Epoch time: 0.73 seconds, remaining time: 11.58 minutes
Epoch #64: train loss = 0.403448, val loss = 0.044729, total loss = 0.224088, Epoch time: 0.77 seconds, remaining time: 11.66 minutes
Epoch #65: train loss = 0.470227, val loss = 0.049420, total loss = 0.259823, Epoch time: 0.74 seconds, remaining time: 11.65 minutes
Epoch #66: train loss = 0.344785, val loss = 0.047504, total loss = 0.196145, Epoch time: 0.79 seconds, remaining time: 11.62 minutes
Epoch #67: train loss = 0.426082, val loss = 0.053286, total loss = 0.239684, Epoch time: 0.79 seconds, remaining time: 11.67 minutes
Epoch #68: train loss = 0.465731, val loss = 0.047800, total loss = 0.256765, Epoch time: 0.72 seconds, remaining time: 11.59 minutes
Epoch #69: train loss = 0.429645, val loss = 0.054794, total loss = 0.242220, Epoch time: 0.75 seconds, remaining time: 11.64 minutes
Epoch #70: train loss = 0.509387, val loss = 0.079961, total loss = 0.294674, Epoch time: 0.72 seconds, remaining time: 11.65 minutes
Epoch #71: train loss = 0.434958, val loss = 0.048482, total loss = 0.241720, Epoch time: 0.73 seconds, remaining time: 11.59 minutes
Epoch #72: train loss = 0.343488, val loss = 0.033988, total loss = 0.188738, Epoch time: 0.75 seconds, remaining time: 11.60 minutes
Epoch #73: train loss = 0.402268, val loss = 0.043318, total loss = 0.222793, Epoch time: 0.80 seconds, remaining time: 11.70 minutes
Epoch #74: train loss = 0.483941, val loss = 0.047227, total loss = 0.265584, Epoch time: 0.76 seconds, remaining time: 11.66 minutes
Epoch #75: train loss = 0.469768, val loss = 0.043943, total loss = 0.256856, Epoch time: 0.77 seconds, remaining time: 11.68 minutes
Epoch #76: train loss = 0.470599, val loss = 0.061051, total loss = 0.265825, Epoch time: 0.75 seconds, remaining time: 11.60 minutes
Epoch #77: train loss = 0.441797, val loss = 0.069865, total loss = 0.255831, Epoch time: 0.76 seconds, remaining time: 11.53 minutes
Epoch #78: train loss = 0.481292, val loss = 0.058861, total loss = 0.270076, Epoch time: 0.74 seconds, remaining time: 11.56 minutes
Epoch #79: train loss = 0.357318, val loss = 0.033253, total loss = 0.195286, Epoch time: 0.80 seconds, remaining time: 11.61 minutes
Epoch #80: train loss = 0.336499, val loss = 0.032956, total loss = 0.184727, Epoch time: 0.76 seconds, remaining time: 11.66 minutes
Epoch #81: train loss = 0.456015, val loss = 0.046130, total loss = 0.251072, Epoch time: 0.77 seconds, remaining time: 11.71 minutes
Epoch #82: train loss = 0.386506, val loss = 0.051202, total loss = 0.218854, Epoch time: 0.73 seconds, remaining time: 11.66 minutes
Epoch #83: train loss = 0.338350, val loss = 0.029978, total loss = 0.184164, Epoch time: 0.78 seconds, remaining time: 11.61 minutes
Epoch #84: train loss = 0.296750, val loss = 0.029477, total loss = 0.163114, Epoch time: 0.76 seconds, remaining time: 11.61 minutes
Epoch #85: train loss = 0.359561, val loss = 0.037959, total loss = 0.198760, Epoch time: 0.76 seconds, remaining time: 11.59 minutes
Epoch #86: train loss = 0.386381, val loss = 0.034978, total loss = 0.210679, Epoch time: 0.73 seconds, remaining time: 11.55 minutes
Epoch #87: train loss = 0.396278, val loss = 0.053199, total loss = 0.224739, Epoch time: 0.72 seconds, remaining time: 11.48 minutes
Epoch #88: train loss = 0.421549, val loss = 0.060535, total loss = 0.241042, Epoch time: 0.74 seconds, remaining time: 11.46 minutes
Epoch #89: train loss = 0.289101, val loss = 0.031765, total loss = 0.160433, Epoch time: 0.77 seconds, remaining time: 11.41 minutes
Epoch #90: train loss = 0.488973, val loss = 0.055179, total loss = 0.272076, Epoch time: 0.74 seconds, remaining time: 11.36 minutes
Epoch #91: train loss = 0.645904, val loss = 0.077538, total loss = 0.361721, Epoch time: 0.74 seconds, remaining time: 11.30 minutes
Epoch #92: train loss = 0.459552, val loss = 0.049746, total loss = 0.254649, Epoch time: 0.82 seconds, remaining time: 11.43 minutes
Epoch #93: train loss = 0.322044, val loss = 0.030904, total loss = 0.176474, Epoch time: 0.77 seconds, remaining time: 11.41 minutes
Epoch #94: train loss = 0.424089, val loss = 0.049238, total loss = 0.236663, Epoch time: 0.77 seconds, remaining time: 11.40 minutes
Epoch #95: train loss = 0.305902, val loss = 0.026461, total loss = 0.166182, Epoch time: 0.76 seconds, remaining time: 11.38 minutes
Epoch #96: train loss = 0.358688, val loss = 0.033306, total loss = 0.195997, Epoch time: 0.75 seconds, remaining time: 11.40 minutes
Epoch #97: train loss = 0.476792, val loss = 0.059130, total loss = 0.267961, Epoch time: 0.74 seconds, remaining time: 11.41 minutes
Epoch #98: train loss = 0.429200, val loss = 0.034083, total loss = 0.231642, Epoch time: 0.78 seconds, remaining time: 11.46 minutes
Epoch #99: train loss = 0.348075, val loss = 0.043684, total loss = 0.195880, Epoch time: 0.78 seconds, remaining time: 11.46 minutes
Epoch #100: train loss = 0.422093, val loss = 0.037446, total loss = 0.229770, Epoch time: 0.75 seconds, remaining time: 11.46 minutes
Epoch #101: train loss = 0.313419, val loss = 0.036491, total loss = 0.174955, Epoch time: 0.75 seconds, remaining time: 11.48 minutes
Epoch #102: train loss = 0.540951, val loss = 0.066995, total loss = 0.303973, Epoch time: 0.73 seconds, remaining time: 11.33 minutes
Epoch #103: train loss = 0.374082, val loss = 0.031127, total loss = 0.202604, Epoch time: 0.75 seconds, remaining time: 11.29 minutes
Epoch #104: train loss = 0.411472, val loss = 0.047235, total loss = 0.229353, Epoch time: 0.73 seconds, remaining time: 11.23 minutes
Epoch #105: train loss = 0.454024, val loss = 0.044291, total loss = 0.249158, Epoch time: 0.74 seconds, remaining time: 11.19 minutes
Epoch #106: train loss = 0.406311, val loss = 0.040879, total loss = 0.223595, Epoch time: 0.74 seconds, remaining time: 11.17 minutes
Epoch #107: train loss = 0.334973, val loss = 0.024117, total loss = 0.179545, Epoch time: 0.75 seconds, remaining time: 11.17 minutes
Epoch #108: train loss = 0.372387, val loss = 0.032422, total loss = 0.202404, Epoch time: 0.72 seconds, remaining time: 11.07 minutes
Epoch #109: train loss = 0.384417, val loss = 0.034222, total loss = 0.209319, Epoch time: 0.74 seconds, remaining time: 11.00 minutes
Epoch #110: train loss = 0.261247, val loss = 0.028754, total loss = 0.145000, Epoch time: 0.78 seconds, remaining time: 11.03 minutes
Epoch #111: train loss = 0.336336, val loss = 0.029678, total loss = 0.183007, Epoch time: 0.80 seconds, remaining time: 11.10 minutes
Epoch #112: train loss = 0.342639, val loss = 0.031845, total loss = 0.187242, Epoch time: 0.77 seconds, remaining time: 11.13 minutes
Epoch #113: train loss = 0.286885, val loss = 0.026690, total loss = 0.156788, Epoch time: 0.75 seconds, remaining time: 11.12 minutes
Epoch #114: train loss = 0.277275, val loss = 0.027664, total loss = 0.152469, Epoch time: 0.79 seconds, remaining time: 11.18 minutes
Epoch #115: train loss = 0.440793, val loss = 0.040932, total loss = 0.240863, Epoch time: 0.79 seconds, remaining time: 11.25 minutes
Epoch #116: train loss = 0.404895, val loss = 0.041865, total loss = 0.223380, Epoch time: 0.73 seconds, remaining time: 11.21 minutes
Epoch #117: train loss = 0.397657, val loss = 0.041407, total loss = 0.219532, Epoch time: 0.73 seconds, remaining time: 11.16 minutes
Epoch #118: train loss = 0.324240, val loss = 0.029865, total loss = 0.177052, Epoch time: 0.75 seconds, remaining time: 11.19 minutes
Epoch #119: train loss = 0.356724, val loss = 0.035998, total loss = 0.196361, Epoch time: 0.77 seconds, remaining time: 11.22 minutes
Epoch #120: train loss = 0.349390, val loss = 0.034483, total loss = 0.191936, Epoch time: 0.76 seconds, remaining time: 11.17 minutes
Epoch #121: train loss = 0.322728, val loss = 0.027845, total loss = 0.175287, Epoch time: 0.75 seconds, remaining time: 11.08 minutes
Epoch #122: train loss = 0.377566, val loss = 0.030543, total loss = 0.204054, Epoch time: 0.77 seconds, remaining time: 11.07 minutes
Epoch #123: train loss = 0.419732, val loss = 0.037696, total loss = 0.228714, Epoch time: 0.75 seconds, remaining time: 11.05 minutes
Epoch #124: train loss = 0.273757, val loss = 0.029695, total loss = 0.151726, Epoch time: 0.78 seconds, remaining time: 11.03 minutes
Epoch #125: train loss = 0.308345, val loss = 0.031979, total loss = 0.170162, Epoch time: 0.81 seconds, remaining time: 11.04 minutes
Epoch #126: train loss = 0.258763, val loss = 0.020783, total loss = 0.139773, Epoch time: 0.78 seconds, remaining time: 11.10 minutes
Epoch #127: train loss = 0.351038, val loss = 0.029568, total loss = 0.190303, Epoch time: 0.78 seconds, remaining time: 11.16 minutes
Epoch #128: train loss = 0.332289, val loss = 0.038697, total loss = 0.185493, Epoch time: 0.74 seconds, remaining time: 11.13 minutes
Epoch #129: train loss = 0.428138, val loss = 0.054656, total loss = 0.241397, Epoch time: 0.74 seconds, remaining time: 11.08 minutes
Epoch #130: train loss = 0.354160, val loss = 0.047165, total loss = 0.200663, Epoch time: 0.75 seconds, remaining time: 11.06 minutes
Epoch #131: train loss = 0.431477, val loss = 0.035858, total loss = 0.233667, Epoch time: 0.76 seconds, remaining time: 11.06 minutes
Epoch #132: train loss = 0.448061, val loss = 0.051938, total loss = 0.249999, Epoch time: 0.80 seconds, remaining time: 11.09 minutes
Epoch #133: train loss = 0.403811, val loss = 0.050220, total loss = 0.227016, Epoch time: 0.85 seconds, remaining time: 11.22 minutes
Epoch #134: train loss = 0.463327, val loss = 0.054466, total loss = 0.258897, Epoch time: 0.85 seconds, remaining time: 11.31 minutes
Epoch #135: train loss = 0.316145, val loss = 0.024872, total loss = 0.170508, Epoch time: 1.03 seconds, remaining time: 11.62 minutes
Epoch #136: train loss = 0.479285, val loss = 0.061449, total loss = 0.270367, Epoch time: 0.99 seconds, remaining time: 11.90 minutes
Epoch #137: train loss = 0.352640, val loss = 0.034585, total loss = 0.193613, Epoch time: 1.03 seconds, remaining time: 12.24 minutes
Epoch #138: train loss = 0.304622, val loss = 0.025471, total loss = 0.165047, Epoch time: 1.13 seconds, remaining time: 12.79 minutes
Epoch #139: train loss = 0.290210, val loss = 0.022356, total loss = 0.156283, Epoch time: 1.13 seconds, remaining time: 13.34 minutes
Epoch #140: train loss = 0.289163, val loss = 0.023110, total loss = 0.156136, Epoch time: 1.05 seconds, remaining time: 13.76 minutes
Epoch #141: train loss = 0.271090, val loss = 0.017108, total loss = 0.144099, Epoch time: 1.12 seconds, remaining time: 14.26 minutes
Epoch #142: train loss = 0.282635, val loss = 0.024540, total loss = 0.153588, Epoch time: 1.11 seconds, remaining time: 14.69 minutes
Epoch #143: train loss = 0.284285, val loss = 0.014843, total loss = 0.149564, Epoch time: 1.09 seconds, remaining time: 15.02 minutes
Epoch #144: train loss = 0.206753, val loss = 0.017361, total loss = 0.112057, Epoch time: 1.26 seconds, remaining time: 15.58 minutes
Epoch #145: train loss = 0.436343, val loss = 0.046951, total loss = 0.241647, Epoch time: 1.14 seconds, remaining time: 15.72 minutes
Epoch #146: train loss = 0.571749, val loss = 0.058826, total loss = 0.315287, Epoch time: 1.12 seconds, remaining time: 15.89 minutes
Epoch #147: train loss = 0.395910, val loss = 0.042386, total loss = 0.219148, Epoch time: 1.13 seconds, remaining time: 16.02 minutes
Epoch #148: train loss = 0.624829, val loss = 0.052852, total loss = 0.338840, Epoch time: 1.11 seconds, remaining time: 15.98 minutes
Epoch #149: train loss = 0.384103, val loss = 0.047717, total loss = 0.215910, Epoch time: 1.07 seconds, remaining time: 15.86 minutes
Epoch #150: train loss = 0.411826, val loss = 0.056835, total loss = 0.234330, Epoch time: 1.17 seconds, remaining time: 16.01 minutes
Epoch #151: train loss = 0.415604, val loss = 0.065001, total loss = 0.240302, Epoch time: 1.16 seconds, remaining time: 16.05 minutes
Epoch #152: train loss = 0.408863, val loss = 0.044885, total loss = 0.226874, Epoch time: 1.11 seconds, remaining time: 16.03 minutes
Epoch #153: train loss = 0.521350, val loss = 0.083092, total loss = 0.302221, Epoch time: 1.07 seconds, remaining time: 15.97 minutes
Epoch #154: train loss = 0.293140, val loss = 0.032615, total loss = 0.162877, Epoch time: 1.16 seconds, remaining time: 15.81 minutes
Epoch #155: train loss = 0.255955, val loss = 0.033444, total loss = 0.144700, Epoch time: 1.21 seconds, remaining time: 15.90 minutes
Epoch #156: train loss = 0.507557, val loss = 0.044811, total loss = 0.276184, Epoch time: 1.10 seconds, remaining time: 15.86 minutes
Epoch #157: train loss = 0.435846, val loss = 0.038725, total loss = 0.237286, Epoch time: 1.15 seconds, remaining time: 15.87 minutes
Epoch #158: train loss = 0.505039, val loss = 0.057570, total loss = 0.281305, Epoch time: 1.14 seconds, remaining time: 15.88 minutes
Epoch #159: train loss = 0.398144, val loss = 0.036883, total loss = 0.217513, Epoch time: 1.13 seconds, remaining time: 15.95 minutes
Epoch #160: train loss = 0.332419, val loss = 0.032612, total loss = 0.182516, Epoch time: 1.11 seconds, remaining time: 15.85 minutes
Epoch #161: train loss = 0.291508, val loss = 0.021847, total loss = 0.156677, Epoch time: 1.11 seconds, remaining time: 15.77 minutes
Epoch #162: train loss = 0.340318, val loss = 0.027766, total loss = 0.184042, Epoch time: 1.10 seconds, remaining time: 15.74 minutes
Epoch #163: train loss = 0.364725, val loss = 0.026416, total loss = 0.195570, Epoch time: 1.14 seconds, remaining time: 15.83 minutes
Epoch #164: train loss = 0.335227, val loss = 0.026464, total loss = 0.180846, Epoch time: 1.02 seconds, remaining time: 15.62 minutes
Epoch #165: train loss = 0.366904, val loss = 0.023321, total loss = 0.195113, Epoch time: 1.15 seconds, remaining time: 15.52 minutes
Epoch #166: train loss = 0.324381, val loss = 0.019368, total loss = 0.171875, Epoch time: 1.11 seconds, remaining time: 15.51 minutes
Epoch #167: train loss = 0.311212, val loss = 0.019254, total loss = 0.165233, Epoch time: 1.09 seconds, remaining time: 15.40 minutes
Epoch #168: train loss = 0.325392, val loss = 0.026283, total loss = 0.175837, Epoch time: 1.15 seconds, remaining time: 15.41 minutes
Epoch #169: train loss = 0.374175, val loss = 0.025822, total loss = 0.199999, Epoch time: 1.11 seconds, remaining time: 15.35 minutes
Epoch #170: train loss = 0.383889, val loss = 0.029117, total loss = 0.206503, Epoch time: 1.06 seconds, remaining time: 15.27 minutes
Epoch #171: train loss = 0.283565, val loss = 0.027148, total loss = 0.155357, Epoch time: 1.07 seconds, remaining time: 15.19 minutes
Epoch #172: train loss = 0.223452, val loss = 0.023655, total loss = 0.123554, Epoch time: 1.14 seconds, remaining time: 15.22 minutes
Epoch #173: train loss = 0.248866, val loss = 0.019951, total loss = 0.134409, Epoch time: 1.08 seconds, remaining time: 15.12 minutes
Epoch #174: train loss = 0.294051, val loss = 0.022236, total loss = 0.158144, Epoch time: 1.16 seconds, remaining time: 15.29 minutes
Epoch #175: train loss = 0.444313, val loss = 0.050753, total loss = 0.247533, Epoch time: 1.12 seconds, remaining time: 15.22 minutes
Epoch #176: train loss = 0.466463, val loss = 0.072457, total loss = 0.269460, Epoch time: 1.09 seconds, remaining time: 15.18 minutes
Epoch #177: train loss = 0.509054, val loss = 0.043235, total loss = 0.276144, Epoch time: 1.13 seconds, remaining time: 15.23 minutes
Epoch #178: train loss = 0.376213, val loss = 0.034529, total loss = 0.205371, Epoch time: 1.17 seconds, remaining time: 15.24 minutes
Epoch #179: train loss = 0.258736, val loss = 0.026532, total loss = 0.142634, Epoch time: 1.11 seconds, remaining time: 15.22 minutes
Epoch #180: train loss = 0.386780, val loss = 0.036012, total loss = 0.211396, Epoch time: 1.12 seconds, remaining time: 15.28 minutes
Epoch #181: train loss = 0.326763, val loss = 0.029589, total loss = 0.178176, Epoch time: 1.16 seconds, remaining time: 15.38 minutes
Epoch #182: train loss = 0.256140, val loss = 0.024611, total loss = 0.140375, Epoch time: 1.12 seconds, remaining time: 15.33 minutes
Epoch #183: train loss = 0.250072, val loss = 0.021684, total loss = 0.135878, Epoch time: 1.22 seconds, remaining time: 15.51 minutes
Epoch #184: train loss = 0.184821, val loss = 0.018162, total loss = 0.101491, Epoch time: 1.22 seconds, remaining time: 15.57 minutes
Epoch #185: train loss = 0.275990, val loss = 0.023642, total loss = 0.149816, Epoch time: 1.16 seconds, remaining time: 15.61 minutes
Epoch #186: train loss = 0.329333, val loss = 0.022291, total loss = 0.175812, Epoch time: 1.11 seconds, remaining time: 15.61 minutes
Epoch #187: train loss = 0.303083, val loss = 0.014404, total loss = 0.158743, Epoch time: 1.11 seconds, remaining time: 15.56 minutes
Epoch #188: train loss = 0.320198, val loss = 0.020045, total loss = 0.170121, Epoch time: 1.18 seconds, remaining time: 15.55 minutes
Epoch #189: train loss = 0.222144, val loss = 0.012263, total loss = 0.117203, Epoch time: 1.13 seconds, remaining time: 15.56 minutes
Epoch #190: train loss = 0.186891, val loss = 0.013041, total loss = 0.099966, Epoch time: 1.19 seconds, remaining time: 15.64 minutes
Epoch #191: train loss = 0.230498, val loss = 0.016398, total loss = 0.123448, Epoch time: 1.14 seconds, remaining time: 15.59 minutes
Epoch #192: train loss = 0.443035, val loss = 0.030785, total loss = 0.236910, Epoch time: 1.07 seconds, remaining time: 15.51 minutes
Epoch #193: train loss = 0.384396, val loss = 0.035050, total loss = 0.209723, Epoch time: 1.11 seconds, remaining time: 15.34 minutes
Epoch #194: train loss = 0.326543, val loss = 0.026061, total loss = 0.176302, Epoch time: 1.07 seconds, remaining time: 15.12 minutes
Epoch #195: train loss = 0.242792, val loss = 0.015589, total loss = 0.129190, Epoch time: 1.18 seconds, remaining time: 15.13 minutes
Epoch #196: train loss = 0.248282, val loss = 0.017272, total loss = 0.132777, Epoch time: 1.14 seconds, remaining time: 15.16 minutes
Epoch #197: train loss = 0.305809, val loss = 0.030882, total loss = 0.168346, Epoch time: 1.20 seconds, remaining time: 15.26 minutes
Epoch #198: train loss = 0.238631, val loss = 0.017663, total loss = 0.128147, Epoch time: 1.10 seconds, remaining time: 15.14 minutes
Epoch #199: train loss = 0.239663, val loss = 0.017994, total loss = 0.128829, Epoch time: 1.16 seconds, remaining time: 15.16 minutes
Epoch #200: train loss = 0.428248, val loss = 0.032253, total loss = 0.230250, Epoch time: 1.19 seconds, remaining time: 15.15 minutes
Epoch #201: train loss = 0.408433, val loss = 0.032662, total loss = 0.220548, Epoch time: 1.10 seconds, remaining time: 15.08 minutes
Epoch #202: train loss = 0.344142, val loss = 0.025606, total loss = 0.184874, Epoch time: 1.15 seconds, remaining time: 15.17 minutes
Epoch #203: train loss = 0.305279, val loss = 0.026393, total loss = 0.165836, Epoch time: 1.18 seconds, remaining time: 15.25 minutes
Epoch #204: train loss = 0.265658, val loss = 0.022965, total loss = 0.144312, Epoch time: 1.25 seconds, remaining time: 15.47 minutes
Epoch #205: train loss = 0.456244, val loss = 0.027627, total loss = 0.241936, Epoch time: 1.05 seconds, remaining time: 15.28 minutes
Epoch #206: train loss = 0.434977, val loss = 0.020912, total loss = 0.227944, Epoch time: 1.06 seconds, remaining time: 15.14 minutes
Epoch #207: train loss = 0.313150, val loss = 0.027809, total loss = 0.170479, Epoch time: 1.13 seconds, remaining time: 15.03 minutes
Epoch #208: train loss = 0.438914, val loss = 0.021980, total loss = 0.230447, Epoch time: 1.17 seconds, remaining time: 15.10 minutes
Epoch #209: train loss = 0.305256, val loss = 0.028495, total loss = 0.166875, Epoch time: 1.25 seconds, remaining time: 15.20 minutes
Epoch #210: train loss = 0.322724, val loss = 0.025087, total loss = 0.173906, Epoch time: 1.14 seconds, remaining time: 15.12 minutes
Epoch #211: train loss = 0.222600, val loss = 0.017349, total loss = 0.119974, Epoch time: 1.23 seconds, remaining time: 15.26 minutes
Epoch #212: train loss = 0.349828, val loss = 0.020339, total loss = 0.185083, Epoch time: 1.10 seconds, remaining time: 15.17 minutes
Epoch #213: train loss = 0.284307, val loss = 0.019193, total loss = 0.151750, Epoch time: 1.16 seconds, remaining time: 15.12 minutes
Epoch #214: train loss = 0.249576, val loss = 0.017398, total loss = 0.133487, Epoch time: 1.17 seconds, remaining time: 14.98 minutes
Epoch #215: train loss = 0.261051, val loss = 0.015772, total loss = 0.138411, Epoch time: 1.10 seconds, remaining time: 15.03 minutes
Epoch #216: train loss = 0.348015, val loss = 0.019070, total loss = 0.183543, Epoch time: 1.09 seconds, remaining time: 15.06 minutes
Epoch #217: train loss = 0.254305, val loss = 0.017476, total loss = 0.135890, Epoch time: 1.17 seconds, remaining time: 15.09 minutes
Epoch #218: train loss = 0.308988, val loss = 0.015247, total loss = 0.162117, Epoch time: 1.16 seconds, remaining time: 15.05 minutes
Epoch #219: train loss = 0.465650, val loss = 0.036263, total loss = 0.250956, Epoch time: 1.18 seconds, remaining time: 14.93 minutes
Epoch #220: train loss = 0.298539, val loss = 0.024427, total loss = 0.161483, Epoch time: 1.11 seconds, remaining time: 14.88 minutes
Epoch #221: train loss = 0.445124, val loss = 0.027679, total loss = 0.236402, Epoch time: 1.15 seconds, remaining time: 14.75 minutes
Epoch #222: train loss = 0.275080, val loss = 0.021899, total loss = 0.148490, Epoch time: 1.04 seconds, remaining time: 14.66 minutes
Epoch #223: train loss = 0.408676, val loss = 0.028565, total loss = 0.218620, Epoch time: 1.10 seconds, remaining time: 14.57 minutes
Epoch #224: train loss = 0.274964, val loss = 0.024841, total loss = 0.149903, Epoch time: 1.17 seconds, remaining time: 14.55 minutes
Epoch #225: train loss = 0.366672, val loss = 0.027062, total loss = 0.196867, Epoch time: 1.11 seconds, remaining time: 14.55 minutes
Epoch #226: train loss = 0.266016, val loss = 0.016351, total loss = 0.141183, Epoch time: 1.13 seconds, remaining time: 14.57 minutes
Epoch #227: train loss = 0.289892, val loss = 0.019740, total loss = 0.154816, Epoch time: 1.09 seconds, remaining time: 14.45 minutes
Epoch #228: train loss = 0.318876, val loss = 0.022081, total loss = 0.170478, Epoch time: 1.09 seconds, remaining time: 14.35 minutes
Epoch #229: train loss = 0.363086, val loss = 0.026626, total loss = 0.194856, Epoch time: 1.22 seconds, remaining time: 14.39 minutes
Epoch #230: train loss = 0.344023, val loss = 0.036539, total loss = 0.190281, Epoch time: 1.14 seconds, remaining time: 14.41 minutes
Epoch #231: train loss = 0.362741, val loss = 0.024107, total loss = 0.193424, Epoch time: 1.10 seconds, remaining time: 14.33 minutes
Epoch #232: train loss = 0.385883, val loss = 0.030309, total loss = 0.208096, Epoch time: 1.08 seconds, remaining time: 14.35 minutes
Epoch #233: train loss = 0.252378, val loss = 0.021244, total loss = 0.136811, Epoch time: 1.14 seconds, remaining time: 14.38 minutes
Epoch #234: train loss = 0.248772, val loss = 0.017022, total loss = 0.132897, Epoch time: 1.24 seconds, remaining time: 14.46 minutes
Epoch #235: train loss = 0.203122, val loss = 0.015286, total loss = 0.109204, Epoch time: 1.21 seconds, remaining time: 14.57 minutes
Epoch #236: train loss = 0.349779, val loss = 0.024165, total loss = 0.186972, Epoch time: 1.11 seconds, remaining time: 14.53 minutes
Epoch #237: train loss = 0.352680, val loss = 0.021104, total loss = 0.186892, Epoch time: 1.09 seconds, remaining time: 14.51 minutes
Epoch #238: train loss = 0.311113, val loss = 0.035613, total loss = 0.173363, Epoch time: 1.19 seconds, remaining time: 14.62 minutes
Epoch #239: train loss = 0.257140, val loss = 0.015282, total loss = 0.136211, Epoch time: 1.11 seconds, remaining time: 14.45 minutes
Epoch #240: train loss = 0.183220, val loss = 0.017126, total loss = 0.100173, Epoch time: 1.10 seconds, remaining time: 14.38 minutes
Epoch #241: train loss = 0.277187, val loss = 0.027180, total loss = 0.152183, Epoch time: 1.22 seconds, remaining time: 14.52 minutes
Epoch #242: train loss = 0.271056, val loss = 0.019751, total loss = 0.145404, Epoch time: 1.08 seconds, remaining time: 14.50 minutes
Epoch #243: train loss = 0.409630, val loss = 0.023181, total loss = 0.216406, Epoch time: 1.06 seconds, remaining time: 14.38 minutes
Epoch #244: train loss = 0.408227, val loss = 0.036715, total loss = 0.222471, Epoch time: 1.21 seconds, remaining time: 14.32 minutes
Epoch #245: train loss = 0.434510, val loss = 0.033166, total loss = 0.233838, Epoch time: 1.09 seconds, remaining time: 14.15 minutes
Epoch #246: train loss = 0.231663, val loss = 0.020087, total loss = 0.125875, Epoch time: 1.10 seconds, remaining time: 14.11 minutes
Epoch #247: train loss = 0.248413, val loss = 0.024902, total loss = 0.136657, Epoch time: 1.10 seconds, remaining time: 14.11 minutes
Epoch #248: train loss = 0.275029, val loss = 0.017002, total loss = 0.146015, Epoch time: 1.10 seconds, remaining time: 13.98 minutes
Epoch #249: train loss = 0.222125, val loss = 0.020267, total loss = 0.121196, Epoch time: 1.14 seconds, remaining time: 14.00 minutes
Epoch #250: train loss = 0.161422, val loss = 0.013144, total loss = 0.087283, Epoch time: 1.18 seconds, remaining time: 14.09 minutes
Epoch #251: train loss = 0.307413, val loss = 0.023865, total loss = 0.165639, Epoch time: 1.10 seconds, remaining time: 13.91 minutes
Epoch #252: train loss = 0.289952, val loss = 0.018383, total loss = 0.154167, Epoch time: 1.14 seconds, remaining time: 13.97 minutes
Epoch #253: train loss = 0.407855, val loss = 0.045831, total loss = 0.226843, Epoch time: 1.12 seconds, remaining time: 14.03 minutes
Epoch #254: train loss = 0.377541, val loss = 0.035349, total loss = 0.206445, Epoch time: 1.13 seconds, remaining time: 13.90 minutes
Epoch #255: train loss = 0.172372, val loss = 0.012773, total loss = 0.092573, Epoch time: 1.23 seconds, remaining time: 14.06 minutes
Epoch #256: train loss = 0.250219, val loss = 0.017521, total loss = 0.133870, Epoch time: 1.21 seconds, remaining time: 14.18 minutes
Epoch #257: train loss = 0.205417, val loss = 0.012674, total loss = 0.109046, Epoch time: 1.16 seconds, remaining time: 14.24 minutes
Epoch #258: train loss = 0.315482, val loss = 0.027311, total loss = 0.171396, Epoch time: 1.23 seconds, remaining time: 14.37 minutes
Epoch #259: train loss = 0.224037, val loss = 0.018562, total loss = 0.121300, Epoch time: 1.15 seconds, remaining time: 14.37 minutes
Epoch #260: train loss = 0.338769, val loss = 0.026190, total loss = 0.182480, Epoch time: 1.21 seconds, remaining time: 14.39 minutes
Epoch #261: train loss = 0.281992, val loss = 0.017681, total loss = 0.149836, Epoch time: 1.21 seconds, remaining time: 14.50 minutes
Epoch #262: train loss = 0.350006, val loss = 0.021218, total loss = 0.185612, Epoch time: 1.21 seconds, remaining time: 14.56 minutes
Epoch #263: train loss = 0.244780, val loss = 0.019473, total loss = 0.132126, Epoch time: 1.16 seconds, remaining time: 14.59 minutes
Epoch #264: train loss = 0.194149, val loss = 0.010538, total loss = 0.102344, Epoch time: 1.18 seconds, remaining time: 14.64 minutes
Epoch #265: train loss = 0.220325, val loss = 0.012673, total loss = 0.116499, Epoch time: 1.12 seconds, remaining time: 14.48 minutes
Epoch #266: train loss = 0.257964, val loss = 0.014771, total loss = 0.136368, Epoch time: 1.26 seconds, remaining time: 14.53 minutes
Epoch #267: train loss = 0.383173, val loss = 0.026339, total loss = 0.204756, Epoch time: 1.20 seconds, remaining time: 14.55 minutes
Epoch #268: train loss = 0.371309, val loss = 0.025261, total loss = 0.198285, Epoch time: 1.14 seconds, remaining time: 14.42 minutes
Epoch #269: train loss = 0.250321, val loss = 0.025981, total loss = 0.138151, Epoch time: 1.13 seconds, remaining time: 14.37 minutes
Epoch #270: train loss = 0.382928, val loss = 0.027000, total loss = 0.204964, Epoch time: 1.23 seconds, remaining time: 14.38 minutes
Epoch #271: train loss = 0.234339, val loss = 0.018645, total loss = 0.126492, Epoch time: 1.13 seconds, remaining time: 14.27 minutes
Epoch #272: train loss = 0.188655, val loss = 0.014162, total loss = 0.101409, Epoch time: 1.15 seconds, remaining time: 14.19 minutes
Epoch #273: train loss = 0.286726, val loss = 0.017805, total loss = 0.152266, Epoch time: 1.19 seconds, remaining time: 14.21 minutes
Epoch #274: train loss = 0.290725, val loss = 0.015813, total loss = 0.153269, Epoch time: 1.21 seconds, remaining time: 14.21 minutes
Epoch #275: train loss = 0.319931, val loss = 0.021539, total loss = 0.170735, Epoch time: 1.14 seconds, remaining time: 14.22 minutes
Epoch #276: train loss = 0.209208, val loss = 0.016287, total loss = 0.112747, Epoch time: 1.12 seconds, remaining time: 14.02 minutes
Epoch #277: train loss = 0.301831, val loss = 0.013698, total loss = 0.157765, Epoch time: 1.11 seconds, remaining time: 13.90 minutes
Epoch #278: train loss = 0.240311, val loss = 0.018702, total loss = 0.129507, Epoch time: 1.08 seconds, remaining time: 13.81 minutes
Epoch #279: train loss = 0.185980, val loss = 0.013814, total loss = 0.099897, Epoch time: 1.21 seconds, remaining time: 13.88 minutes
Epoch #280: train loss = 0.214947, val loss = 0.013385, total loss = 0.114166, Epoch time: 1.12 seconds, remaining time: 13.74 minutes
Epoch #281: train loss = 0.272631, val loss = 0.018410, total loss = 0.145521, Epoch time: 1.13 seconds, remaining time: 13.71 minutes
Epoch #282: train loss = 0.278733, val loss = 0.020398, total loss = 0.149565, Epoch time: 1.12 seconds, remaining time: 13.66 minutes
Epoch #283: train loss = 0.424097, val loss = 0.033226, total loss = 0.228661, Epoch time: 1.04 seconds, remaining time: 13.46 minutes
Epoch #284: train loss = 0.260276, val loss = 0.017929, total loss = 0.139102, Epoch time: 1.15 seconds, remaining time: 13.37 minutes
Epoch #285: train loss = 0.234876, val loss = 0.019218, total loss = 0.127047, Epoch time: 1.20 seconds, remaining time: 13.43 minutes
Epoch #286: train loss = 0.330659, val loss = 0.017591, total loss = 0.174125, Epoch time: 1.16 seconds, remaining time: 13.46 minutes
Epoch #287: train loss = 0.466723, val loss = 0.055882, total loss = 0.261303, Epoch time: 1.06 seconds, remaining time: 13.38 minutes
Epoch #288: train loss = 0.385970, val loss = 0.040378, total loss = 0.213174, Epoch time: 1.12 seconds, remaining time: 13.41 minutes
Epoch #289: train loss = 0.280734, val loss = 0.023814, total loss = 0.152274, Epoch time: 1.15 seconds, remaining time: 13.32 minutes
Epoch #290: train loss = 0.247082, val loss = 0.012089, total loss = 0.129585, Epoch time: 1.09 seconds, remaining time: 13.27 minutes
Epoch #291: train loss = 0.219583, val loss = 0.019382, total loss = 0.119482, Epoch time: 1.13 seconds, remaining time: 13.25 minutes
Epoch #292: train loss = 0.226089, val loss = 0.016402, total loss = 0.121246, Epoch time: 1.15 seconds, remaining time: 13.27 minutes
Epoch #293: train loss = 0.326905, val loss = 0.018165, total loss = 0.172535, Epoch time: 1.11 seconds, remaining time: 13.33 minutes
Epoch #294: train loss = 0.260282, val loss = 0.014660, total loss = 0.137471, Epoch time: 1.18 seconds, remaining time: 13.34 minutes
Epoch #295: train loss = 0.250084, val loss = 0.020044, total loss = 0.135064, Epoch time: 1.16 seconds, remaining time: 13.27 minutes
Epoch #296: train loss = 0.294246, val loss = 0.023847, total loss = 0.159047, Epoch time: 1.10 seconds, remaining time: 13.18 minutes
Epoch #297: train loss = 0.315858, val loss = 0.034318, total loss = 0.175088, Epoch time: 1.12 seconds, remaining time: 13.23 minutes
Epoch #298: train loss = 0.252034, val loss = 0.016025, total loss = 0.134029, Epoch time: 1.09 seconds, remaining time: 13.18 minutes
Epoch #299: train loss = 0.244720, val loss = 0.016518, total loss = 0.130619, Epoch time: 1.09 seconds, remaining time: 13.09 minutes
Epoch #300: train loss = 0.271744, val loss = 0.016293, total loss = 0.144019, Epoch time: 1.12 seconds, remaining time: 13.10 minutes
Epoch #301: train loss = 0.174723, val loss = 0.010899, total loss = 0.092811, Epoch time: 1.19 seconds, remaining time: 13.15 minutes
Epoch #302: train loss = 0.246255, val loss = 0.013799, total loss = 0.130027, Epoch time: 1.11 seconds, remaining time: 13.09 minutes
Epoch #303: train loss = 0.289354, val loss = 0.038570, total loss = 0.163962, Epoch time: 1.13 seconds, remaining time: 13.09 minutes
Epoch #304: train loss = 0.333886, val loss = 0.018855, total loss = 0.176370, Epoch time: 1.18 seconds, remaining time: 13.07 minutes
Epoch #305: train loss = 0.284942, val loss = 0.020800, total loss = 0.152871, Epoch time: 1.10 seconds, remaining time: 12.99 minutes
Epoch #306: train loss = 0.273657, val loss = 0.021839, total loss = 0.147748, Epoch time: 1.10 seconds, remaining time: 12.97 minutes
Epoch #307: train loss = 0.253176, val loss = 0.021328, total loss = 0.137252, Epoch time: 1.07 seconds, remaining time: 12.89 minutes
Epoch #308: train loss = 0.404201, val loss = 0.024414, total loss = 0.214307, Epoch time: 1.11 seconds, remaining time: 12.89 minutes
Epoch #309: train loss = 0.199936, val loss = 0.019622, total loss = 0.109779, Epoch time: 1.11 seconds, remaining time: 12.89 minutes
Epoch #310: train loss = 0.166371, val loss = 0.018523, total loss = 0.092447, Epoch time: 1.13 seconds, remaining time: 12.88 minutes
Epoch #311: train loss = 0.144236, val loss = 0.014191, total loss = 0.079214, Epoch time: 1.26 seconds, remaining time: 12.95 minutes
Epoch #312: train loss = 0.138434, val loss = 0.009678, total loss = 0.074056, Epoch time: 1.18 seconds, remaining time: 13.01 minutes
Epoch #313: train loss = 0.213203, val loss = 0.008995, total loss = 0.111099, Epoch time: 1.15 seconds, remaining time: 13.01 minutes
Epoch #314: train loss = 0.207229, val loss = 0.013026, total loss = 0.110128, Epoch time: 1.17 seconds, remaining time: 12.98 minutes
Epoch #315: train loss = 0.200286, val loss = 0.015636, total loss = 0.107961, Epoch time: 1.20 seconds, remaining time: 13.08 minutes
Epoch #316: train loss = 0.206282, val loss = 0.010731, total loss = 0.108506, Epoch time: 1.21 seconds, remaining time: 13.19 minutes
Epoch #317: train loss = 0.218408, val loss = 0.010254, total loss = 0.114331, Epoch time: 1.16 seconds, remaining time: 13.28 minutes
Epoch #318: train loss = 0.219221, val loss = 0.014406, total loss = 0.116814, Epoch time: 1.18 seconds, remaining time: 13.34 minutes
Epoch #319: train loss = 0.309122, val loss = 0.029554, total loss = 0.169338, Epoch time: 1.10 seconds, remaining time: 13.32 minutes
Epoch #320: train loss = 0.157132, val loss = 0.022287, total loss = 0.089710, Epoch time: 1.14 seconds, remaining time: 13.32 minutes
Epoch #321: train loss = 0.165553, val loss = 0.008042, total loss = 0.086797, Epoch time: 1.16 seconds, remaining time: 13.19 minutes
Epoch #322: train loss = 0.250578, val loss = 0.018975, total loss = 0.134777, Epoch time: 1.11 seconds, remaining time: 13.09 minutes
Epoch #323: train loss = 0.184978, val loss = 0.021772, total loss = 0.103375, Epoch time: 1.11 seconds, remaining time: 13.03 minutes
Epoch #324: train loss = 0.174279, val loss = 0.010151, total loss = 0.092215, Epoch time: 1.08 seconds, remaining time: 12.91 minutes
Epoch #325: train loss = 0.200150, val loss = 0.014996, total loss = 0.107573, Epoch time: 1.14 seconds, remaining time: 12.81 minutes
Epoch #326: train loss = 0.189710, val loss = 0.010059, total loss = 0.099884, Epoch time: 1.23 seconds, remaining time: 12.82 minutes
Epoch #327: train loss = 0.301868, val loss = 0.019757, total loss = 0.160812, Epoch time: 1.17 seconds, remaining time: 12.81 minutes
Epoch #328: train loss = 0.277614, val loss = 0.019772, total loss = 0.148693, Epoch time: 1.12 seconds, remaining time: 12.73 minutes
Epoch #329: train loss = 0.413748, val loss = 0.037432, total loss = 0.225590, Epoch time: 1.18 seconds, remaining time: 12.80 minutes
Epoch #330: train loss = 0.152094, val loss = 0.015187, total loss = 0.083640, Epoch time: 1.26 seconds, remaining time: 12.91 minutes
Epoch #331: train loss = 0.222480, val loss = 0.018127, total loss = 0.120304, Epoch time: 1.24 seconds, remaining time: 12.97 minutes
Epoch #332: train loss = 0.190174, val loss = 0.011247, total loss = 0.100710, Epoch time: 1.19 seconds, remaining time: 13.04 minutes
Epoch #333: train loss = 0.217767, val loss = 0.013166, total loss = 0.115467, Epoch time: 1.11 seconds, remaining time: 13.02 minutes
Epoch #334: train loss = 0.166886, val loss = 0.008947, total loss = 0.087916, Epoch time: 1.20 seconds, remaining time: 13.13 minutes
Epoch #335: train loss = 0.335956, val loss = 0.032252, total loss = 0.184104, Epoch time: 1.06 seconds, remaining time: 13.02 minutes
Epoch #336: train loss = 0.268420, val loss = 0.018874, total loss = 0.143647, Epoch time: 1.16 seconds, remaining time: 12.91 minutes
Epoch #337: train loss = 0.290967, val loss = 0.013966, total loss = 0.152466, Epoch time: 1.14 seconds, remaining time: 12.86 minutes
Epoch #338: train loss = 0.197719, val loss = 0.016470, total loss = 0.107095, Epoch time: 1.22 seconds, remaining time: 12.95 minutes
Epoch #339: train loss = 0.246838, val loss = 0.017471, total loss = 0.132154, Epoch time: 1.08 seconds, remaining time: 12.81 minutes
Epoch #340: train loss = 0.198918, val loss = 0.010194, total loss = 0.104556, Epoch time: 1.12 seconds, remaining time: 12.64 minutes
Epoch #341: train loss = 0.245765, val loss = 0.013388, total loss = 0.129576, Epoch time: 1.11 seconds, remaining time: 12.48 minutes
Epoch #342: train loss = 0.182122, val loss = 0.014679, total loss = 0.098400, Epoch time: 1.15 seconds, remaining time: 12.43 minutes
Epoch #343: train loss = 0.142513, val loss = 0.009888, total loss = 0.076200, Epoch time: 1.27 seconds, remaining time: 12.58 minutes
Epoch #344: train loss = 0.239131, val loss = 0.014838, total loss = 0.126985, Epoch time: 1.15 seconds, remaining time: 12.51 minutes
Epoch #345: train loss = 0.220686, val loss = 0.013004, total loss = 0.116845, Epoch time: 1.12 seconds, remaining time: 12.56 minutes
Epoch #346: train loss = 0.241180, val loss = 0.015563, total loss = 0.128371, Epoch time: 1.13 seconds, remaining time: 12.52 minutes
Epoch #347: train loss = 0.157172, val loss = 0.011536, total loss = 0.084354, Epoch time: 1.17 seconds, remaining time: 12.53 minutes
Epoch #348: train loss = 0.363984, val loss = 0.030895, total loss = 0.197440, Epoch time: 1.11 seconds, remaining time: 12.39 minutes
Epoch #349: train loss = 0.179337, val loss = 0.015869, total loss = 0.097603, Epoch time: 1.17 seconds, remaining time: 12.47 minutes
Epoch #350: train loss = 0.285864, val loss = 0.011389, total loss = 0.148626, Epoch time: 1.19 seconds, remaining time: 12.52 minutes
Epoch #351: train loss = 0.321849, val loss = 0.019769, total loss = 0.170809, Epoch time: 1.14 seconds, remaining time: 12.54 minutes
Epoch #352: train loss = 0.334398, val loss = 0.021318, total loss = 0.177858, Epoch time: 1.14 seconds, remaining time: 12.50 minutes
Epoch #353: train loss = 0.152372, val loss = 0.017150, total loss = 0.084761, Epoch time: 1.16 seconds, remaining time: 12.37 minutes
Epoch #354: train loss = 0.402247, val loss = 0.024227, total loss = 0.213237, Epoch time: 1.10 seconds, remaining time: 12.30 minutes
Epoch #355: train loss = 0.325718, val loss = 0.019365, total loss = 0.172542, Epoch time: 1.06 seconds, remaining time: 12.21 minutes
Epoch #356: train loss = 0.222474, val loss = 0.016885, total loss = 0.119679, Epoch time: 1.33 seconds, remaining time: 12.41 minutes
Epoch #357: train loss = 0.165481, val loss = 0.013195, total loss = 0.089338, Epoch time: 1.24 seconds, remaining time: 12.46 minutes
Epoch #358: train loss = 0.200372, val loss = 0.010431, total loss = 0.105402, Epoch time: 1.11 seconds, remaining time: 12.44 minutes
Epoch #359: train loss = 0.125763, val loss = 0.013251, total loss = 0.069507, Epoch time: 1.13 seconds, remaining time: 12.39 minutes
Epoch #360: train loss = 0.273584, val loss = 0.014329, total loss = 0.143956, Epoch time: 1.12 seconds, remaining time: 12.30 minutes
Epoch #361: train loss = 0.354479, val loss = 0.022169, total loss = 0.188324, Epoch time: 1.08 seconds, remaining time: 12.22 minutes
Epoch #362: train loss = 0.158730, val loss = 0.009417, total loss = 0.084074, Epoch time: 1.14 seconds, remaining time: 12.19 minutes
Epoch #363: train loss = 0.226799, val loss = 0.009920, total loss = 0.118360, Epoch time: 1.20 seconds, remaining time: 12.22 minutes
Epoch #364: train loss = 0.218416, val loss = 0.010639, total loss = 0.114527, Epoch time: 1.24 seconds, remaining time: 12.35 minutes
Epoch #365: train loss = 0.242964, val loss = 0.010521, total loss = 0.126742, Epoch time: 1.09 seconds, remaining time: 12.36 minutes
Epoch #366: train loss = 0.117671, val loss = 0.008031, total loss = 0.062851, Epoch time: 1.11 seconds, remaining time: 12.11 minutes
Epoch #367: train loss = 0.151973, val loss = 0.005740, total loss = 0.078856, Epoch time: 1.09 seconds, remaining time: 11.93 minutes
Epoch #368: train loss = 0.161396, val loss = 0.005729, total loss = 0.083563, Epoch time: 1.08 seconds, remaining time: 11.88 minutes
Epoch #369: train loss = 0.341040, val loss = 0.024447, total loss = 0.182743, Epoch time: 1.11 seconds, remaining time: 11.83 minutes
Epoch #370: train loss = 0.294178, val loss = 0.020909, total loss = 0.157543, Epoch time: 1.10 seconds, remaining time: 11.79 minutes
Epoch #371: train loss = 0.266323, val loss = 0.019985, total loss = 0.143154, Epoch time: 1.09 seconds, remaining time: 11.77 minutes
Epoch #372: train loss = 0.147167, val loss = 0.012718, total loss = 0.079942, Epoch time: 1.20 seconds, remaining time: 11.82 minutes
Epoch #373: train loss = 0.243240, val loss = 0.009176, total loss = 0.126208, Epoch time: 1.08 seconds, remaining time: 11.67 minutes
Epoch #374: train loss = 0.245346, val loss = 0.012991, total loss = 0.129169, Epoch time: 1.12 seconds, remaining time: 11.53 minutes
Epoch #375: train loss = 0.280753, val loss = 0.013773, total loss = 0.147263, Epoch time: 1.09 seconds, remaining time: 11.51 minutes
Epoch #376: train loss = 0.259776, val loss = 0.011622, total loss = 0.135699, Epoch time: 1.07 seconds, remaining time: 11.45 minutes
Epoch #377: train loss = 0.312151, val loss = 0.014189, total loss = 0.163170, Epoch time: 1.11 seconds, remaining time: 11.45 minutes
Epoch #378: train loss = 0.236497, val loss = 0.014036, total loss = 0.125267, Epoch time: 1.14 seconds, remaining time: 11.50 minutes
Epoch #379: train loss = 0.180401, val loss = 0.010411, total loss = 0.095406, Epoch time: 1.17 seconds, remaining time: 11.54 minutes
Epoch #380: train loss = 0.236746, val loss = 0.006366, total loss = 0.121556, Epoch time: 1.14 seconds, remaining time: 11.57 minutes
Epoch #381: train loss = 0.210837, val loss = 0.009578, total loss = 0.110207, Epoch time: 1.11 seconds, remaining time: 11.58 minutes
Epoch #382: train loss = 0.156212, val loss = 0.010149, total loss = 0.083180, Epoch time: 1.26 seconds, remaining time: 11.61 minutes
Epoch #383: train loss = 0.231298, val loss = 0.011973, total loss = 0.121636, Epoch time: 1.14 seconds, remaining time: 11.66 minutes
Epoch #384: train loss = 0.223929, val loss = 0.011824, total loss = 0.117876, Epoch time: 1.12 seconds, remaining time: 11.63 minutes
Epoch #385: train loss = 0.211606, val loss = 0.014789, total loss = 0.113197, Epoch time: 1.10 seconds, remaining time: 11.62 minutes
Epoch #386: train loss = 0.137768, val loss = 0.007968, total loss = 0.072868, Epoch time: 1.12 seconds, remaining time: 11.66 minutes
Epoch #387: train loss = 0.147130, val loss = 0.007170, total loss = 0.077150, Epoch time: 1.17 seconds, remaining time: 11.70 minutes
Epoch #388: train loss = 0.190002, val loss = 0.007065, total loss = 0.098533, Epoch time: 1.12 seconds, remaining time: 11.65 minutes
Epoch #389: train loss = 0.207754, val loss = 0.009244, total loss = 0.108499, Epoch time: 1.10 seconds, remaining time: 11.56 minutes
Epoch #390: train loss = 0.303464, val loss = 0.013579, total loss = 0.158521, Epoch time: 1.14 seconds, remaining time: 11.54 minutes
Epoch #391: train loss = 0.222234, val loss = 0.012956, total loss = 0.117595, Epoch time: 1.11 seconds, remaining time: 11.52 minutes
Epoch #392: train loss = 0.254850, val loss = 0.019167, total loss = 0.137008, Epoch time: 1.12 seconds, remaining time: 11.36 minutes
Epoch #393: train loss = 0.188397, val loss = 0.010591, total loss = 0.099494, Epoch time: 1.11 seconds, remaining time: 11.31 minutes
Epoch #394: train loss = 0.331773, val loss = 0.014519, total loss = 0.173146, Epoch time: 1.09 seconds, remaining time: 11.26 minutes
Epoch #395: train loss = 0.343092, val loss = 0.015409, total loss = 0.179251, Epoch time: 1.17 seconds, remaining time: 11.32 minutes
Epoch #396: train loss = 0.311516, val loss = 0.021892, total loss = 0.166704, Epoch time: 1.09 seconds, remaining time: 11.27 minutes
Epoch #397: train loss = 0.192985, val loss = 0.011827, total loss = 0.102406, Epoch time: 1.16 seconds, remaining time: 11.23 minutes
Epoch #398: train loss = 0.152174, val loss = 0.010262, total loss = 0.081218, Epoch time: 1.27 seconds, remaining time: 11.37 minutes
Epoch #399: train loss = 0.253172, val loss = 0.012215, total loss = 0.132694, Epoch time: 1.07 seconds, remaining time: 11.32 minutes
Epoch #400: train loss = 0.325599, val loss = 0.025266, total loss = 0.175432, Epoch time: 1.20 seconds, remaining time: 11.36 minutes
Epoch #401: train loss = 0.182701, val loss = 0.014690, total loss = 0.098695, Epoch time: 1.11 seconds, remaining time: 11.35 minutes
Epoch #402: train loss = 0.278874, val loss = 0.011044, total loss = 0.144959, Epoch time: 1.08 seconds, remaining time: 11.29 minutes
Epoch #403: train loss = 0.197081, val loss = 0.013487, total loss = 0.105284, Epoch time: 1.17 seconds, remaining time: 11.34 minutes
Epoch #404: train loss = 0.190884, val loss = 0.009624, total loss = 0.100254, Epoch time: 1.16 seconds, remaining time: 11.38 minutes
Epoch #405: train loss = 0.162377, val loss = 0.009082, total loss = 0.085730, Epoch time: 1.10 seconds, remaining time: 11.29 minutes
Epoch #406: train loss = 0.246133, val loss = 0.022190, total loss = 0.134161, Epoch time: 1.16 seconds, remaining time: 11.34 minutes
Epoch #407: train loss = 0.293836, val loss = 0.015115, total loss = 0.154475, Epoch time: 1.08 seconds, remaining time: 11.25 minutes
Epoch #408: train loss = 0.266441, val loss = 0.014290, total loss = 0.140366, Epoch time: 1.16 seconds, remaining time: 11.12 minutes
Epoch #409: train loss = 0.161990, val loss = 0.008016, total loss = 0.085003, Epoch time: 1.16 seconds, remaining time: 11.20 minutes
Epoch #410: train loss = 0.312469, val loss = 0.020802, total loss = 0.166636, Epoch time: 1.09 seconds, remaining time: 11.07 minutes
Epoch #411: train loss = 0.242193, val loss = 0.014338, total loss = 0.128266, Epoch time: 1.09 seconds, remaining time: 11.03 minutes
Epoch #412: train loss = 0.201614, val loss = 0.009763, total loss = 0.105688, Epoch time: 1.22 seconds, remaining time: 11.15 minutes
Epoch #413: train loss = 0.198017, val loss = 0.013712, total loss = 0.105865, Epoch time: 1.16 seconds, remaining time: 11.12 minutes
Epoch #414: train loss = 0.221982, val loss = 0.013209, total loss = 0.117596, Epoch time: 1.16 seconds, remaining time: 11.11 minutes
Epoch #415: train loss = 0.365970, val loss = 0.022204, total loss = 0.194087, Epoch time: 1.11 seconds, remaining time: 11.10 minutes
Epoch #416: train loss = 0.320071, val loss = 0.023820, total loss = 0.171945, Epoch time: 1.02 seconds, remaining time: 10.94 minutes
Epoch #417: train loss = 0.191578, val loss = 0.023360, total loss = 0.107469, Epoch time: 1.16 seconds, remaining time: 11.00 minutes
Epoch #418: train loss = 0.303351, val loss = 0.020026, total loss = 0.161688, Epoch time: 1.11 seconds, remaining time: 10.93 minutes
Epoch #419: train loss = 0.317721, val loss = 0.019364, total loss = 0.168542, Epoch time: 1.09 seconds, remaining time: 10.84 minutes
Epoch #420: train loss = 0.159333, val loss = 0.014285, total loss = 0.086809, Epoch time: 1.20 seconds, remaining time: 10.93 minutes
Epoch #421: train loss = 0.235695, val loss = 0.013660, total loss = 0.124677, Epoch time: 1.15 seconds, remaining time: 10.97 minutes
Epoch #422: train loss = 0.364536, val loss = 0.030198, total loss = 0.197367, Epoch time: 1.09 seconds, remaining time: 10.83 minutes
Epoch #423: train loss = 0.214814, val loss = 0.009387, total loss = 0.112101, Epoch time: 1.10 seconds, remaining time: 10.76 minutes
Epoch #424: train loss = 0.109141, val loss = 0.007369, total loss = 0.058255, Epoch time: 1.19 seconds, remaining time: 10.76 minutes
Epoch #425: train loss = 0.173101, val loss = 0.007582, total loss = 0.090341, Epoch time: 1.11 seconds, remaining time: 10.75 minutes
Epoch #426: train loss = 0.313932, val loss = 0.013265, total loss = 0.163598, Epoch time: 1.18 seconds, remaining time: 10.88 minutes
Epoch #427: train loss = 0.275448, val loss = 0.019965, total loss = 0.147707, Epoch time: 1.10 seconds, remaining time: 10.80 minutes
Epoch #428: train loss = 0.287098, val loss = 0.012765, total loss = 0.149931, Epoch time: 1.14 seconds, remaining time: 10.81 minutes
Epoch #429: train loss = 0.251004, val loss = 0.009678, total loss = 0.130341, Epoch time: 1.12 seconds, remaining time: 10.82 minutes
Epoch #430: train loss = 0.197969, val loss = 0.011612, total loss = 0.104790, Epoch time: 1.17 seconds, remaining time: 10.77 minutes
Epoch #431: train loss = 0.160985, val loss = 0.008960, total loss = 0.084972, Epoch time: 1.09 seconds, remaining time: 10.69 minutes
Epoch #432: train loss = 0.270467, val loss = 0.015797, total loss = 0.143132, Epoch time: 1.14 seconds, remaining time: 10.72 minutes
Epoch #433: train loss = 0.292499, val loss = 0.025207, total loss = 0.158853, Epoch time: 1.07 seconds, remaining time: 10.67 minutes
Epoch #434: train loss = 0.220943, val loss = 0.010187, total loss = 0.115565, Epoch time: 1.23 seconds, remaining time: 10.69 minutes
Epoch #435: train loss = 0.329348, val loss = 0.027600, total loss = 0.178474, Epoch time: 1.08 seconds, remaining time: 10.64 minutes
Epoch #436: train loss = 0.337964, val loss = 0.019075, total loss = 0.178519, Epoch time: 1.22 seconds, remaining time: 10.65 minutes
Epoch #437: train loss = 0.269120, val loss = 0.015626, total loss = 0.142373, Epoch time: 1.16 seconds, remaining time: 10.70 minutes
Epoch #438: train loss = 0.290537, val loss = 0.017688, total loss = 0.154112, Epoch time: 1.14 seconds, remaining time: 10.68 minutes
Epoch #439: train loss = 0.231488, val loss = 0.016567, total loss = 0.124028, Epoch time: 1.18 seconds, remaining time: 10.72 minutes
Epoch #440: train loss = 0.269101, val loss = 0.019725, total loss = 0.144413, Epoch time: 1.08 seconds, remaining time: 10.61 minutes
Epoch #441: train loss = 0.184085, val loss = 0.008937, total loss = 0.096511, Epoch time: 1.08 seconds, remaining time: 10.59 minutes
Epoch #442: train loss = 0.201760, val loss = 0.010749, total loss = 0.106254, Epoch time: 1.14 seconds, remaining time: 10.57 minutes
Epoch #443: train loss = 0.186507, val loss = 0.011807, total loss = 0.099157, Epoch time: 1.17 seconds, remaining time: 10.64 minutes
Epoch #444: train loss = 0.122872, val loss = 0.007962, total loss = 0.065417, Epoch time: 1.19 seconds, remaining time: 10.59 minutes
Epoch #445: train loss = 0.207166, val loss = 0.010870, total loss = 0.109018, Epoch time: 1.14 seconds, remaining time: 10.63 minutes
Epoch #446: train loss = 0.145832, val loss = 0.010836, total loss = 0.078334, Epoch time: 1.21 seconds, remaining time: 10.61 minutes
Epoch #447: train loss = 0.274539, val loss = 0.015452, total loss = 0.144995, Epoch time: 1.15 seconds, remaining time: 10.57 minutes
Epoch #448: train loss = 0.253785, val loss = 0.017442, total loss = 0.135613, Epoch time: 1.16 seconds, remaining time: 10.57 minutes
Epoch #449: train loss = 0.230691, val loss = 0.013090, total loss = 0.121891, Epoch time: 1.12 seconds, remaining time: 10.50 minutes
Epoch #450: train loss = 0.161254, val loss = 0.013852, total loss = 0.087553, Epoch time: 1.17 seconds, remaining time: 10.56 minutes
Epoch #451: train loss = 0.219466, val loss = 0.010295, total loss = 0.114881, Epoch time: 1.21 seconds, remaining time: 10.66 minutes
Epoch #452: train loss = 0.224682, val loss = 0.011728, total loss = 0.118205, Epoch time: 1.15 seconds, remaining time: 10.65 minutes
Epoch #453: train loss = 0.248392, val loss = 0.017687, total loss = 0.133039, Epoch time: 1.10 seconds, remaining time: 10.57 minutes
Epoch #454: train loss = 0.228494, val loss = 0.012121, total loss = 0.120308, Epoch time: 1.17 seconds, remaining time: 10.52 minutes
Epoch #455: train loss = 0.170241, val loss = 0.008345, total loss = 0.089293, Epoch time: 1.10 seconds, remaining time: 10.47 minutes
Epoch #456: train loss = 0.226346, val loss = 0.010317, total loss = 0.118331, Epoch time: 1.13 seconds, remaining time: 10.37 minutes
Epoch #457: train loss = 0.160564, val loss = 0.006710, total loss = 0.083637, Epoch time: 1.09 seconds, remaining time: 10.31 minutes
Epoch #458: train loss = 0.172780, val loss = 0.013521, total loss = 0.093150, Epoch time: 1.21 seconds, remaining time: 10.33 minutes
Epoch #459: train loss = 0.240302, val loss = 0.017051, total loss = 0.128676, Epoch time: 1.15 seconds, remaining time: 10.34 minutes
Epoch #460: train loss = 0.222428, val loss = 0.012025, total loss = 0.117227, Epoch time: 1.18 seconds, remaining time: 10.33 minutes
Epoch #461: train loss = 0.174345, val loss = 0.016033, total loss = 0.095189, Epoch time: 1.14 seconds, remaining time: 10.25 minutes
Epoch #462: train loss = 0.110338, val loss = 0.004575, total loss = 0.057457, Epoch time: 1.17 seconds, remaining time: 10.25 minutes
Epoch #463: train loss = 0.273648, val loss = 0.010879, total loss = 0.142263, Epoch time: 1.18 seconds, remaining time: 10.30 minutes
Epoch #464: train loss = 0.171316, val loss = 0.008034, total loss = 0.089675, Epoch time: 1.07 seconds, remaining time: 10.19 minutes
Epoch #465: train loss = 0.183371, val loss = 0.009404, total loss = 0.096388, Epoch time: 1.25 seconds, remaining time: 10.31 minutes
Epoch #466: train loss = 0.186994, val loss = 0.012035, total loss = 0.099514, Epoch time: 1.05 seconds, remaining time: 10.22 minutes
Epoch #467: train loss = 0.131908, val loss = 0.016336, total loss = 0.074122, Epoch time: 1.18 seconds, remaining time: 10.28 minutes
Epoch #468: train loss = 0.202476, val loss = 0.013628, total loss = 0.108052, Epoch time: 1.10 seconds, remaining time: 10.17 minutes
Epoch #469: train loss = 0.158495, val loss = 0.013491, total loss = 0.085993, Epoch time: 1.10 seconds, remaining time: 10.10 minutes
Epoch #470: train loss = 0.326654, val loss = 0.019465, total loss = 0.173059, Epoch time: 1.16 seconds, remaining time: 10.06 minutes
Epoch #471: train loss = 0.272680, val loss = 0.015884, total loss = 0.144282, Epoch time: 1.12 seconds, remaining time: 10.02 minutes
Epoch #472: train loss = 0.182141, val loss = 0.006304, total loss = 0.094222, Epoch time: 1.03 seconds, remaining time: 9.88 minutes
Epoch #473: train loss = 0.252485, val loss = 0.011731, total loss = 0.132108, Epoch time: 1.15 seconds, remaining time: 9.83 minutes
Epoch #474: train loss = 0.181606, val loss = 0.012510, total loss = 0.097058, Epoch time: 1.13 seconds, remaining time: 9.87 minutes
Epoch #475: train loss = 0.303416, val loss = 0.012980, total loss = 0.158198, Epoch time: 1.17 seconds, remaining time: 9.78 minutes
Epoch #476: train loss = 0.172094, val loss = 0.006738, total loss = 0.089416, Epoch time: 1.19 seconds, remaining time: 9.88 minutes
Epoch #477: train loss = 0.148047, val loss = 0.007183, total loss = 0.077615, Epoch time: 1.16 seconds, remaining time: 9.84 minutes
Epoch #478: train loss = 0.180929, val loss = 0.005707, total loss = 0.093318, Epoch time: 1.12 seconds, remaining time: 9.83 minutes
Epoch #479: train loss = 0.274855, val loss = 0.010466, total loss = 0.142660, Epoch time: 1.06 seconds, remaining time: 9.78 minutes
Epoch #480: train loss = 0.162886, val loss = 0.006518, total loss = 0.084702, Epoch time: 1.12 seconds, remaining time: 9.73 minutes
Epoch #481: train loss = 0.285888, val loss = 0.008038, total loss = 0.146963, Epoch time: 1.11 seconds, remaining time: 9.70 minutes
Epoch #482: train loss = 0.298473, val loss = 0.017779, total loss = 0.158126, Epoch time: 1.26 seconds, remaining time: 9.89 minutes
Epoch #483: train loss = 0.274349, val loss = 0.016970, total loss = 0.145659, Epoch time: 1.16 seconds, remaining time: 9.87 minutes
Epoch #484: train loss = 0.324300, val loss = 0.013336, total loss = 0.168818, Epoch time: 1.10 seconds, remaining time: 9.83 minutes
Epoch #485: train loss = 0.213043, val loss = 0.009684, total loss = 0.111363, Epoch time: 1.17 seconds, remaining time: 9.81 minutes
Epoch #486: train loss = 0.340783, val loss = 0.011077, total loss = 0.175930, Epoch time: 1.10 seconds, remaining time: 9.72 minutes
Epoch #487: train loss = 0.132291, val loss = 0.008985, total loss = 0.070638, Epoch time: 1.24 seconds, remaining time: 9.76 minutes
Epoch #488: train loss = 0.351326, val loss = 0.019324, total loss = 0.185325, Epoch time: 1.13 seconds, remaining time: 9.75 minutes
Epoch #489: train loss = 0.298925, val loss = 0.010439, total loss = 0.154682, Epoch time: 1.15 seconds, remaining time: 9.81 minutes
Epoch #490: train loss = 0.323855, val loss = 0.018930, total loss = 0.171392, Epoch time: 1.07 seconds, remaining time: 9.75 minutes
Epoch #491: train loss = 0.319011, val loss = 0.015060, total loss = 0.167036, Epoch time: 1.15 seconds, remaining time: 9.76 minutes
Epoch #492: train loss = 0.196990, val loss = 0.009842, total loss = 0.103416, Epoch time: 1.12 seconds, remaining time: 9.62 minutes
Epoch #493: train loss = 0.534537, val loss = 0.028076, total loss = 0.281306, Epoch time: 1.18 seconds, remaining time: 9.62 minutes
Epoch #494: train loss = 0.248784, val loss = 0.019848, total loss = 0.134316, Epoch time: 1.12 seconds, remaining time: 9.62 minutes
Epoch #495: train loss = 0.269560, val loss = 0.015019, total loss = 0.142290, Epoch time: 1.19 seconds, remaining time: 9.62 minutes
Epoch #496: train loss = 0.170021, val loss = 0.011762, total loss = 0.090891, Epoch time: 1.19 seconds, remaining time: 9.67 minutes
Epoch #497: train loss = 0.093525, val loss = 0.009236, total loss = 0.051381, Epoch time: 1.18 seconds, remaining time: 9.61 minutes
Epoch #498: train loss = 0.128091, val loss = 0.006341, total loss = 0.067216, Epoch time: 1.14 seconds, remaining time: 9.60 minutes
Epoch #499: train loss = 0.098298, val loss = 0.010093, total loss = 0.054195, Epoch time: 1.21 seconds, remaining time: 9.63 minutes
Epoch #500: train loss = 0.190963, val loss = 0.011934, total loss = 0.101448, Epoch time: 1.11 seconds, remaining time: 9.64 minutes
Epoch #501: train loss = 0.282521, val loss = 0.010366, total loss = 0.146444, Epoch time: 1.07 seconds, remaining time: 9.55 minutes
Epoch #502: train loss = 0.174980, val loss = 0.008139, total loss = 0.091559, Epoch time: 1.21 seconds, remaining time: 9.60 minutes
Epoch #503: train loss = 0.257243, val loss = 0.009848, total loss = 0.133546, Epoch time: 1.10 seconds, remaining time: 9.52 minutes
Epoch #504: train loss = 0.163926, val loss = 0.009545, total loss = 0.086736, Epoch time: 1.06 seconds, remaining time: 9.45 minutes
Epoch #505: train loss = 0.317989, val loss = 0.013031, total loss = 0.165510, Epoch time: 1.15 seconds, remaining time: 9.39 minutes
Epoch #506: train loss = 0.185536, val loss = 0.009745, total loss = 0.097641, Epoch time: 1.13 seconds, remaining time: 9.33 minutes
Epoch #507: train loss = 0.195843, val loss = 0.008372, total loss = 0.102107, Epoch time: 1.04 seconds, remaining time: 9.20 minutes
Epoch #508: train loss = 0.188082, val loss = 0.014474, total loss = 0.101278, Epoch time: 1.19 seconds, remaining time: 9.21 minutes
Epoch #509: train loss = 0.206730, val loss = 0.010881, total loss = 0.108805, Epoch time: 1.18 seconds, remaining time: 9.18 minutes
Epoch #510: train loss = 0.134893, val loss = 0.005450, total loss = 0.070171, Epoch time: 1.20 seconds, remaining time: 9.22 minutes
Epoch #511: train loss = 0.084736, val loss = 0.004251, total loss = 0.044494, Epoch time: 1.16 seconds, remaining time: 9.28 minutes
Epoch #512: train loss = 0.128405, val loss = 0.008867, total loss = 0.068636, Epoch time: 1.14 seconds, remaining time: 9.21 minutes
Epoch #513: train loss = 0.129518, val loss = 0.005416, total loss = 0.067467, Epoch time: 1.15 seconds, remaining time: 9.23 minutes
Epoch #514: train loss = 0.309584, val loss = 0.015408, total loss = 0.162496, Epoch time: 1.07 seconds, remaining time: 9.22 minutes
Epoch #515: train loss = 0.236912, val loss = 0.010284, total loss = 0.123598, Epoch time: 1.11 seconds, remaining time: 9.16 minutes
Epoch #516: train loss = 0.200796, val loss = 0.010075, total loss = 0.105436, Epoch time: 1.13 seconds, remaining time: 9.15 minutes
Epoch #517: train loss = 0.176008, val loss = 0.005203, total loss = 0.090606, Epoch time: 1.21 seconds, remaining time: 9.26 minutes
Epoch #518: train loss = 0.169946, val loss = 0.004825, total loss = 0.087385, Epoch time: 1.11 seconds, remaining time: 9.18 minutes
Epoch #519: train loss = 0.165925, val loss = 0.004124, total loss = 0.085024, Epoch time: 1.18 seconds, remaining time: 9.15 minutes
Epoch #520: train loss = 0.132477, val loss = 0.003855, total loss = 0.068166, Epoch time: 1.08 seconds, remaining time: 9.04 minutes
Epoch #521: train loss = 0.095569, val loss = 0.004157, total loss = 0.049863, Epoch time: 1.05 seconds, remaining time: 8.94 minutes
Epoch #522: train loss = 0.122150, val loss = 0.003689, total loss = 0.062920, Epoch time: 1.07 seconds, remaining time: 8.87 minutes
Epoch #523: train loss = 0.194159, val loss = 0.005007, total loss = 0.099583, Epoch time: 1.14 seconds, remaining time: 8.84 minutes
Epoch #524: train loss = 0.162614, val loss = 0.004824, total loss = 0.083719, Epoch time: 1.11 seconds, remaining time: 8.85 minutes
Epoch #525: train loss = 0.142131, val loss = 0.006679, total loss = 0.074405, Epoch time: 1.18 seconds, remaining time: 8.89 minutes
Epoch #526: train loss = 0.220530, val loss = 0.006738, total loss = 0.113634, Epoch time: 1.16 seconds, remaining time: 8.90 minutes
Epoch #527: train loss = 0.143568, val loss = 0.006540, total loss = 0.075054, Epoch time: 1.26 seconds, remaining time: 8.91 minutes
Epoch #528: train loss = 0.154208, val loss = 0.003402, total loss = 0.078805, Epoch time: 1.11 seconds, remaining time: 8.90 minutes
Epoch #529: train loss = 0.158091, val loss = 0.007020, total loss = 0.082556, Epoch time: 1.21 seconds, remaining time: 8.90 minutes
Epoch #530: train loss = 0.243441, val loss = 0.009556, total loss = 0.126498, Epoch time: 1.11 seconds, remaining time: 8.91 minutes
Epoch #531: train loss = 0.168382, val loss = 0.006493, total loss = 0.087438, Epoch time: 1.08 seconds, remaining time: 8.91 minutes
Epoch #532: train loss = 0.101367, val loss = 0.005198, total loss = 0.053282, Epoch time: 1.10 seconds, remaining time: 8.92 minutes
Epoch #533: train loss = 0.134536, val loss = 0.008787, total loss = 0.071662, Epoch time: 1.13 seconds, remaining time: 8.89 minutes
Epoch #534: train loss = 0.113133, val loss = 0.004240, total loss = 0.058686, Epoch time: 1.17 seconds, remaining time: 8.92 minutes
Epoch #535: train loss = 0.241987, val loss = 0.011447, total loss = 0.126717, Epoch time: 1.18 seconds, remaining time: 8.90 minutes
Epoch #536: train loss = 0.274768, val loss = 0.010555, total loss = 0.142661, Epoch time: 1.20 seconds, remaining time: 8.91 minutes
Epoch #537: train loss = 0.243015, val loss = 0.007613, total loss = 0.125314, Epoch time: 1.12 seconds, remaining time: 8.79 minutes
Epoch #538: train loss = 0.102287, val loss = 0.004729, total loss = 0.053508, Epoch time: 1.15 seconds, remaining time: 8.80 minutes
Epoch #539: train loss = 0.112911, val loss = 0.004450, total loss = 0.058681, Epoch time: 1.11 seconds, remaining time: 8.71 minutes
Epoch #540: train loss = 0.086623, val loss = 0.002538, total loss = 0.044580, Epoch time: 1.18 seconds, remaining time: 8.74 minutes
Epoch #541: train loss = 0.122070, val loss = 0.005152, total loss = 0.063611, Epoch time: 1.13 seconds, remaining time: 8.77 minutes
Epoch #542: train loss = 0.223107, val loss = 0.005456, total loss = 0.114282, Epoch time: 1.10 seconds, remaining time: 8.75 minutes
Epoch #543: train loss = 0.110863, val loss = 0.003870, total loss = 0.057366, Epoch time: 1.14 seconds, remaining time: 8.73 minutes
Epoch #544: train loss = 0.204139, val loss = 0.007461, total loss = 0.105800, Epoch time: 1.14 seconds, remaining time: 8.69 minutes
Epoch #545: train loss = 0.308269, val loss = 0.014072, total loss = 0.161170, Epoch time: 1.20 seconds, remaining time: 8.69 minutes
Epoch #546: train loss = 0.178054, val loss = 0.006200, total loss = 0.092127, Epoch time: 1.21 seconds, remaining time: 8.68 minutes
Epoch #547: train loss = 0.197554, val loss = 0.003861, total loss = 0.100707, Epoch time: 1.23 seconds, remaining time: 8.74 minutes
Epoch #548: train loss = 0.105262, val loss = 0.006357, total loss = 0.055809, Epoch time: 1.12 seconds, remaining time: 8.70 minutes
Epoch #549: train loss = 0.153392, val loss = 0.007158, total loss = 0.080275, Epoch time: 1.09 seconds, remaining time: 8.67 minutes
Epoch #550: train loss = 0.125365, val loss = 0.007853, total loss = 0.066609, Epoch time: 1.10 seconds, remaining time: 8.59 minutes
Epoch #551: train loss = 0.228252, val loss = 0.007005, total loss = 0.117628, Epoch time: 1.33 seconds, remaining time: 8.72 minutes
Epoch #552: train loss = 0.129368, val loss = 0.006327, total loss = 0.067848, Epoch time: 1.29 seconds, remaining time: 8.84 minutes
Epoch #553: train loss = 0.211628, val loss = 0.005045, total loss = 0.108337, Epoch time: 1.33 seconds, remaining time: 8.96 minutes
Epoch #554: train loss = 0.248169, val loss = 0.012513, total loss = 0.130341, Epoch time: 1.39 seconds, remaining time: 9.12 minutes
Epoch #555: train loss = 0.315137, val loss = 0.013791, total loss = 0.164464, Epoch time: 1.27 seconds, remaining time: 9.15 minutes
Epoch #556: train loss = 0.186759, val loss = 0.011406, total loss = 0.099082, Epoch time: 1.18 seconds, remaining time: 9.10 minutes
Epoch #557: train loss = 0.126046, val loss = 0.009245, total loss = 0.067646, Epoch time: 1.22 seconds, remaining time: 9.07 minutes
Epoch #558: train loss = 0.271497, val loss = 0.020099, total loss = 0.145798, Epoch time: 1.32 seconds, remaining time: 9.20 minutes
Epoch #559: train loss = 0.278511, val loss = 0.015307, total loss = 0.146909, Epoch time: 1.32 seconds, remaining time: 9.34 minutes
Epoch #560: train loss = 0.197573, val loss = 0.009750, total loss = 0.103661, Epoch time: 1.21 seconds, remaining time: 9.40 minutes
Epoch #561: train loss = 0.131684, val loss = 0.005064, total loss = 0.068374, Epoch time: 1.32 seconds, remaining time: 9.37 minutes
Epoch #562: train loss = 0.365625, val loss = 0.022817, total loss = 0.194221, Epoch time: 1.24 seconds, remaining time: 9.31 minutes
Epoch #563: train loss = 0.176639, val loss = 0.008879, total loss = 0.092759, Epoch time: 1.26 seconds, remaining time: 9.24 minutes
Epoch #564: train loss = 0.240237, val loss = 0.009918, total loss = 0.125077, Epoch time: 1.28 seconds, remaining time: 9.14 minutes
Epoch #565: train loss = 0.183408, val loss = 0.007638, total loss = 0.095523, Epoch time: 1.16 seconds, remaining time: 9.04 minutes
Epoch #566: train loss = 0.258894, val loss = 0.011256, total loss = 0.135075, Epoch time: 1.17 seconds, remaining time: 9.02 minutes
Epoch #567: train loss = 0.182523, val loss = 0.006135, total loss = 0.094329, Epoch time: 1.20 seconds, remaining time: 8.98 minutes
Epoch #568: train loss = 0.314306, val loss = 0.010638, total loss = 0.162472, Epoch time: 1.12 seconds, remaining time: 8.82 minutes
Epoch #569: train loss = 0.282184, val loss = 0.010550, total loss = 0.146367, Epoch time: 1.14 seconds, remaining time: 8.67 minutes
Epoch #570: train loss = 0.299917, val loss = 0.021686, total loss = 0.160801, Epoch time: 1.12 seconds, remaining time: 8.58 minutes
Epoch #571: train loss = 0.276278, val loss = 0.015695, total loss = 0.145987, Epoch time: 1.07 seconds, remaining time: 8.39 minutes
Epoch #572: train loss = 0.300579, val loss = 0.008784, total loss = 0.154682, Epoch time: 1.09 seconds, remaining time: 8.25 minutes
Epoch #573: train loss = 0.280132, val loss = 0.013726, total loss = 0.146929, Epoch time: 1.12 seconds, remaining time: 8.13 minutes
Epoch #574: train loss = 0.183809, val loss = 0.006007, total loss = 0.094908, Epoch time: 1.15 seconds, remaining time: 8.02 minutes
Epoch #575: train loss = 0.114669, val loss = 0.005994, total loss = 0.060332, Epoch time: 1.21 seconds, remaining time: 8.04 minutes
Epoch #576: train loss = 0.136263, val loss = 0.009496, total loss = 0.072880, Epoch time: 1.15 seconds, remaining time: 8.00 minutes
Epoch #577: train loss = 0.415430, val loss = 0.021985, total loss = 0.218708, Epoch time: 1.20 seconds, remaining time: 7.98 minutes
Epoch #578: train loss = 0.381607, val loss = 0.015343, total loss = 0.198475, Epoch time: 1.11 seconds, remaining time: 7.96 minutes
Epoch #579: train loss = 0.116004, val loss = 0.012627, total loss = 0.064315, Epoch time: 1.12 seconds, remaining time: 7.93 minutes
Epoch #580: train loss = 0.310589, val loss = 0.012669, total loss = 0.161629, Epoch time: 1.23 seconds, remaining time: 7.99 minutes
Epoch #581: train loss = 0.229025, val loss = 0.014197, total loss = 0.121611, Epoch time: 1.14 seconds, remaining time: 8.02 minutes
Epoch #582: train loss = 0.183594, val loss = 0.008221, total loss = 0.095907, Epoch time: 1.16 seconds, remaining time: 8.05 minutes
Epoch #583: train loss = 0.247373, val loss = 0.008813, total loss = 0.128093, Epoch time: 1.12 seconds, remaining time: 8.03 minutes
Epoch #584: train loss = 0.156345, val loss = 0.011691, total loss = 0.084018, Epoch time: 1.10 seconds, remaining time: 7.97 minutes
Epoch #585: train loss = 0.150045, val loss = 0.008432, total loss = 0.079238, Epoch time: 1.14 seconds, remaining time: 7.91 minutes
Epoch #586: train loss = 0.400012, val loss = 0.014755, total loss = 0.207384, Epoch time: 1.22 seconds, remaining time: 7.94 minutes
Epoch #587: train loss = 0.289767, val loss = 0.011505, total loss = 0.150636, Epoch time: 1.11 seconds, remaining time: 7.86 minutes
Epoch #588: train loss = 0.276096, val loss = 0.010226, total loss = 0.143161, Epoch time: 1.08 seconds, remaining time: 7.82 minutes
Epoch #589: train loss = 0.186006, val loss = 0.010201, total loss = 0.098103, Epoch time: 1.12 seconds, remaining time: 7.80 minutes
Epoch #590: train loss = 0.210450, val loss = 0.009660, total loss = 0.110055, Epoch time: 1.12 seconds, remaining time: 7.70 minutes
Epoch #591: train loss = 0.250083, val loss = 0.010096, total loss = 0.130090, Epoch time: 1.08 seconds, remaining time: 7.64 minutes
Epoch #592: train loss = 0.215645, val loss = 0.009077, total loss = 0.112361, Epoch time: 1.14 seconds, remaining time: 7.61 minutes
Epoch #593: train loss = 0.134480, val loss = 0.006366, total loss = 0.070423, Epoch time: 1.16 seconds, remaining time: 7.62 minutes
Epoch #594: train loss = 0.171319, val loss = 0.004749, total loss = 0.088034, Epoch time: 1.12 seconds, remaining time: 7.61 minutes
Epoch #595: train loss = 0.265712, val loss = 0.009963, total loss = 0.137838, Epoch time: 1.10 seconds, remaining time: 7.57 minutes
Epoch #596: train loss = 0.161915, val loss = 0.014264, total loss = 0.088090, Epoch time: 1.16 seconds, remaining time: 7.51 minutes
Epoch #597: train loss = 0.233285, val loss = 0.008750, total loss = 0.121017, Epoch time: 1.17 seconds, remaining time: 7.53 minutes
Epoch #598: train loss = 0.193349, val loss = 0.009075, total loss = 0.101212, Epoch time: 1.16 seconds, remaining time: 7.57 minutes
Epoch #599: train loss = 0.115280, val loss = 0.006040, total loss = 0.060660, Epoch time: 1.15 seconds, remaining time: 7.57 minutes
Epoch #600: train loss = 0.109764, val loss = 0.005526, total loss = 0.057645, Epoch time: 1.13 seconds, remaining time: 7.55 minutes
Epoch #601: train loss = 0.191052, val loss = 0.004244, total loss = 0.097648, Epoch time: 1.18 seconds, remaining time: 7.60 minutes
Epoch #602: train loss = 0.199523, val loss = 0.008160, total loss = 0.103842, Epoch time: 1.08 seconds, remaining time: 7.54 minutes
Epoch #603: train loss = 0.198289, val loss = 0.005489, total loss = 0.101889, Epoch time: 1.16 seconds, remaining time: 7.52 minutes
Epoch #604: train loss = 0.160280, val loss = 0.009256, total loss = 0.084768, Epoch time: 1.28 seconds, remaining time: 7.61 minutes
Epoch #605: train loss = 0.230056, val loss = 0.004958, total loss = 0.117507, Epoch time: 1.27 seconds, remaining time: 7.70 minutes
Epoch #606: train loss = 0.164506, val loss = 0.005792, total loss = 0.085149, Epoch time: 1.11 seconds, remaining time: 7.65 minutes
Epoch #607: train loss = 0.138030, val loss = 0.005622, total loss = 0.071826, Epoch time: 1.16 seconds, remaining time: 7.63 minutes
Epoch #608: train loss = 0.090131, val loss = 0.006353, total loss = 0.048242, Epoch time: 1.21 seconds, remaining time: 7.64 minutes
Epoch #609: train loss = 0.262886, val loss = 0.005138, total loss = 0.134012, Epoch time: 1.20 seconds, remaining time: 7.66 minutes
Epoch #610: train loss = 0.181173, val loss = 0.009711, total loss = 0.095442, Epoch time: 1.21 seconds, remaining time: 7.69 minutes
Epoch #611: train loss = 0.122481, val loss = 0.006578, total loss = 0.064529, Epoch time: 1.11 seconds, remaining time: 7.63 minutes
Epoch #612: train loss = 0.155776, val loss = 0.005870, total loss = 0.080823, Epoch time: 1.09 seconds, remaining time: 7.62 minutes
Epoch #613: train loss = 0.128583, val loss = 0.004049, total loss = 0.066316, Epoch time: 1.08 seconds, remaining time: 7.55 minutes
Epoch #614: train loss = 0.169072, val loss = 0.007171, total loss = 0.088121, Epoch time: 1.13 seconds, remaining time: 7.43 minutes
Epoch #615: train loss = 0.211167, val loss = 0.007232, total loss = 0.109199, Epoch time: 1.17 seconds, remaining time: 7.34 minutes
Epoch #616: train loss = 0.240055, val loss = 0.012795, total loss = 0.126425, Epoch time: 1.16 seconds, remaining time: 7.36 minutes
Epoch #617: train loss = 0.219057, val loss = 0.007374, total loss = 0.113215, Epoch time: 1.19 seconds, remaining time: 7.36 minutes
Epoch #618: train loss = 0.171110, val loss = 0.007527, total loss = 0.089319, Epoch time: 1.20 seconds, remaining time: 7.33 minutes
Epoch #619: train loss = 0.086343, val loss = 0.007523, total loss = 0.046933, Epoch time: 1.27 seconds, remaining time: 7.36 minutes
Epoch #620: train loss = 0.166829, val loss = 0.004206, total loss = 0.085517, Epoch time: 1.14 seconds, remaining time: 7.29 minutes
Epoch #621: train loss = 0.329425, val loss = 0.010765, total loss = 0.170095, Epoch time: 1.27 seconds, remaining time: 7.37 minutes
Epoch #622: train loss = 0.314940, val loss = 0.016260, total loss = 0.165600, Epoch time: 1.32 seconds, remaining time: 7.50 minutes
Epoch #623: train loss = 0.167651, val loss = 0.007465, total loss = 0.087558, Epoch time: 1.16 seconds, remaining time: 7.53 minutes
Epoch #624: train loss = 0.351086, val loss = 0.009228, total loss = 0.180157, Epoch time: 1.35 seconds, remaining time: 7.65 minutes
Epoch #625: train loss = 0.239019, val loss = 0.010042, total loss = 0.124530, Epoch time: 1.29 seconds, remaining time: 7.70 minutes
Epoch #626: train loss = 0.229201, val loss = 0.014054, total loss = 0.121628, Epoch time: 1.42 seconds, remaining time: 7.84 minutes
Epoch #627: train loss = 0.214526, val loss = 0.008590, total loss = 0.111558, Epoch time: 1.24 seconds, remaining time: 7.85 minutes
Epoch #628: train loss = 0.331830, val loss = 0.020839, total loss = 0.176335, Epoch time: 1.11 seconds, remaining time: 7.77 minutes
Epoch #629: train loss = 0.124727, val loss = 0.006795, total loss = 0.065761, Epoch time: 1.10 seconds, remaining time: 7.65 minutes
Epoch #630: train loss = 0.165563, val loss = 0.007707, total loss = 0.086635, Epoch time: 1.14 seconds, remaining time: 7.63 minutes
Epoch #631: train loss = 0.381676, val loss = 0.015231, total loss = 0.198453, Epoch time: 1.06 seconds, remaining time: 7.48 minutes
Epoch #632: train loss = 0.106397, val loss = 0.007878, total loss = 0.057137, Epoch time: 1.17 seconds, remaining time: 7.36 minutes
Epoch #633: train loss = 0.142788, val loss = 0.008423, total loss = 0.075606, Epoch time: 1.13 seconds, remaining time: 7.33 minutes
Epoch #634: train loss = 0.197990, val loss = 0.005493, total loss = 0.101741, Epoch time: 1.18 seconds, remaining time: 7.20 minutes
Epoch #635: train loss = 0.307087, val loss = 0.015137, total loss = 0.161112, Epoch time: 1.16 seconds, remaining time: 7.11 minutes
Epoch #636: train loss = 0.297221, val loss = 0.017792, total loss = 0.157506, Epoch time: 1.18 seconds, remaining time: 6.94 minutes
Epoch #637: train loss = 0.293019, val loss = 0.010254, total loss = 0.151636, Epoch time: 1.14 seconds, remaining time: 6.86 minutes
Epoch #638: train loss = 0.187781, val loss = 0.009513, total loss = 0.098647, Epoch time: 1.09 seconds, remaining time: 6.83 minutes
Epoch #639: train loss = 0.303308, val loss = 0.012765, total loss = 0.158036, Epoch time: 1.14 seconds, remaining time: 6.83 minutes
Epoch #640: train loss = 0.172027, val loss = 0.006989, total loss = 0.089508, Epoch time: 1.16 seconds, remaining time: 6.83 minutes
Epoch #641: train loss = 0.217479, val loss = 0.009407, total loss = 0.113443, Epoch time: 1.11 seconds, remaining time: 6.84 minutes
Epoch #642: train loss = 0.252778, val loss = 0.012124, total loss = 0.132451, Epoch time: 1.20 seconds, remaining time: 6.84 minutes
Epoch #643: train loss = 0.184592, val loss = 0.008553, total loss = 0.096573, Epoch time: 1.07 seconds, remaining time: 6.78 minutes
Epoch #644: train loss = 0.275894, val loss = 0.017702, total loss = 0.146798, Epoch time: 1.21 seconds, remaining time: 6.78 minutes
Epoch #645: train loss = 0.156583, val loss = 0.007752, total loss = 0.082167, Epoch time: 1.11 seconds, remaining time: 6.73 minutes
Epoch #646: train loss = 0.234983, val loss = 0.008356, total loss = 0.121669, Epoch time: 1.29 seconds, remaining time: 6.77 minutes
Epoch #647: train loss = 0.167071, val loss = 0.008887, total loss = 0.087979, Epoch time: 1.14 seconds, remaining time: 6.76 minutes
Epoch #648: train loss = 0.249001, val loss = 0.009356, total loss = 0.129178, Epoch time: 1.10 seconds, remaining time: 6.74 minutes
Epoch #649: train loss = 0.170958, val loss = 0.005955, total loss = 0.088457, Epoch time: 1.14 seconds, remaining time: 6.72 minutes
Epoch #650: train loss = 0.221289, val loss = 0.005973, total loss = 0.113631, Epoch time: 1.14 seconds, remaining time: 6.69 minutes
Epoch #651: train loss = 0.199707, val loss = 0.011313, total loss = 0.105510, Epoch time: 1.14 seconds, remaining time: 6.69 minutes
Epoch #652: train loss = 0.126388, val loss = 0.010590, total loss = 0.068489, Epoch time: 1.13 seconds, remaining time: 6.63 minutes
Epoch #653: train loss = 0.098471, val loss = 0.006958, total loss = 0.052714, Epoch time: 1.20 seconds, remaining time: 6.69 minutes
Epoch #654: train loss = 0.210451, val loss = 0.004707, total loss = 0.107579, Epoch time: 1.12 seconds, remaining time: 6.61 minutes
Epoch #655: train loss = 0.229621, val loss = 0.009647, total loss = 0.119634, Epoch time: 1.06 seconds, remaining time: 6.57 minutes
Epoch #656: train loss = 0.105890, val loss = 0.010442, total loss = 0.058166, Epoch time: 1.10 seconds, remaining time: 6.44 minutes
Epoch #657: train loss = 0.125711, val loss = 0.006859, total loss = 0.066285, Epoch time: 1.10 seconds, remaining time: 6.40 minutes
Epoch #658: train loss = 0.130263, val loss = 0.005062, total loss = 0.067662, Epoch time: 1.13 seconds, remaining time: 6.39 minutes
Epoch #659: train loss = 0.250635, val loss = 0.011816, total loss = 0.131225, Epoch time: 1.13 seconds, remaining time: 6.37 minutes
Epoch #660: train loss = 0.324992, val loss = 0.010985, total loss = 0.167989, Epoch time: 1.09 seconds, remaining time: 6.32 minutes
Epoch #661: train loss = 0.188716, val loss = 0.009955, total loss = 0.099335, Epoch time: 1.19 seconds, remaining time: 6.33 minutes
Epoch #662: train loss = 0.210935, val loss = 0.010583, total loss = 0.110759, Epoch time: 1.10 seconds, remaining time: 6.30 minutes
Epoch #663: train loss = 0.142134, val loss = 0.007752, total loss = 0.074943, Epoch time: 1.26 seconds, remaining time: 6.31 minutes
Epoch #664: train loss = 0.138110, val loss = 0.010531, total loss = 0.074321, Epoch time: 1.22 seconds, remaining time: 6.35 minutes
Epoch #665: train loss = 0.184249, val loss = 0.007701, total loss = 0.095975, Epoch time: 1.24 seconds, remaining time: 6.44 minutes
Epoch #666: train loss = 0.247460, val loss = 0.006677, total loss = 0.127069, Epoch time: 1.14 seconds, remaining time: 6.44 minutes
Epoch #667: train loss = 0.168789, val loss = 0.007523, total loss = 0.088156, Epoch time: 1.16 seconds, remaining time: 6.45 minutes
Epoch #668: train loss = 0.229551, val loss = 0.008519, total loss = 0.119035, Epoch time: 1.06 seconds, remaining time: 6.40 minutes
Epoch #669: train loss = 0.092179, val loss = 0.006082, total loss = 0.049130, Epoch time: 1.16 seconds, remaining time: 6.40 minutes
Epoch #670: train loss = 0.280273, val loss = 0.008708, total loss = 0.144490, Epoch time: 1.06 seconds, remaining time: 6.36 minutes
Epoch #671: train loss = 0.113599, val loss = 0.008345, total loss = 0.060972, Epoch time: 1.15 seconds, remaining time: 6.32 minutes
Epoch #672: train loss = 0.197562, val loss = 0.005051, total loss = 0.101307, Epoch time: 1.14 seconds, remaining time: 6.32 minutes
Epoch #673: train loss = 0.127106, val loss = 0.004187, total loss = 0.065647, Epoch time: 1.24 seconds, remaining time: 6.29 minutes
Epoch #674: train loss = 0.286932, val loss = 0.006690, total loss = 0.146811, Epoch time: 1.16 seconds, remaining time: 6.23 minutes
Epoch #675: train loss = 0.222106, val loss = 0.008879, total loss = 0.115492, Epoch time: 1.10 seconds, remaining time: 6.14 minutes
Epoch #676: train loss = 0.198855, val loss = 0.009633, total loss = 0.104244, Epoch time: 1.19 seconds, remaining time: 6.14 minutes
Epoch #677: train loss = 0.204223, val loss = 0.008393, total loss = 0.106308, Epoch time: 1.13 seconds, remaining time: 6.11 minutes
Epoch #678: train loss = 0.143649, val loss = 0.007857, total loss = 0.075753, Epoch time: 1.23 seconds, remaining time: 6.18 minutes
Epoch #679: train loss = 0.217309, val loss = 0.009802, total loss = 0.113555, Epoch time: 1.11 seconds, remaining time: 6.13 minutes
Epoch #680: train loss = 0.206907, val loss = 0.015869, total loss = 0.111388, Epoch time: 1.22 seconds, remaining time: 6.20 minutes
Epoch #681: train loss = 0.295797, val loss = 0.018123, total loss = 0.156960, Epoch time: 1.08 seconds, remaining time: 6.14 minutes
Epoch #682: train loss = 0.271021, val loss = 0.015299, total loss = 0.143160, Epoch time: 1.09 seconds, remaining time: 6.09 minutes
Epoch #683: train loss = 0.182114, val loss = 0.006707, total loss = 0.094410, Epoch time: 1.35 seconds, remaining time: 6.14 minutes
Epoch #684: train loss = 0.264462, val loss = 0.013102, total loss = 0.138782, Epoch time: 1.11 seconds, remaining time: 6.09 minutes
Epoch #685: train loss = 0.147884, val loss = 0.012060, total loss = 0.079972, Epoch time: 1.04 seconds, remaining time: 6.04 minutes
Epoch #686: train loss = 0.235971, val loss = 0.013935, total loss = 0.124953, Epoch time: 1.09 seconds, remaining time: 5.97 minutes
Epoch #687: train loss = 0.115537, val loss = 0.007359, total loss = 0.061448, Epoch time: 1.14 seconds, remaining time: 5.96 minutes
Epoch #688: train loss = 0.078200, val loss = 0.006047, total loss = 0.042123, Epoch time: 1.14 seconds, remaining time: 5.89 minutes
Epoch #689: train loss = 0.128176, val loss = 0.004835, total loss = 0.066505, Epoch time: 1.24 seconds, remaining time: 5.94 minutes
Epoch #690: train loss = 0.141985, val loss = 0.005643, total loss = 0.073814, Epoch time: 1.18 seconds, remaining time: 5.90 minutes
Epoch #691: train loss = 0.076113, val loss = 0.004225, total loss = 0.040169, Epoch time: 1.21 seconds, remaining time: 5.95 minutes
Epoch #692: train loss = 0.337180, val loss = 0.006407, total loss = 0.171793, Epoch time: 1.10 seconds, remaining time: 5.93 minutes
Epoch #693: train loss = 0.180471, val loss = 0.008546, total loss = 0.094508, Epoch time: 1.15 seconds, remaining time: 5.81 minutes
Epoch #694: train loss = 0.143140, val loss = 0.009852, total loss = 0.076496, Epoch time: 1.12 seconds, remaining time: 5.79 minutes
Epoch #695: train loss = 0.139976, val loss = 0.007235, total loss = 0.073606, Epoch time: 1.24 seconds, remaining time: 5.88 minutes
Epoch #696: train loss = 0.062837, val loss = 0.007280, total loss = 0.035059, Epoch time: 1.27 seconds, remaining time: 5.95 minutes
Epoch #697: train loss = 0.159990, val loss = 0.004059, total loss = 0.082024, Epoch time: 1.12 seconds, remaining time: 5.92 minutes
Epoch #698: train loss = 0.119951, val loss = 0.002315, total loss = 0.061133, Epoch time: 1.14 seconds, remaining time: 5.91 minutes
Epoch #699: train loss = 0.137012, val loss = 0.003285, total loss = 0.070148, Epoch time: 1.14 seconds, remaining time: 5.84 minutes
Epoch #700: train loss = 0.252332, val loss = 0.006736, total loss = 0.129534, Epoch time: 1.10 seconds, remaining time: 5.78 minutes
Epoch #701: train loss = 0.152953, val loss = 0.008754, total loss = 0.080853, Epoch time: 1.24 seconds, remaining time: 5.78 minutes
Epoch #702: train loss = 0.192490, val loss = 0.005652, total loss = 0.099071, Epoch time: 1.20 seconds, remaining time: 5.81 minutes
Epoch #703: train loss = 0.149209, val loss = 0.010319, total loss = 0.079764, Epoch time: 1.21 seconds, remaining time: 5.82 minutes
Epoch #704: train loss = 0.093656, val loss = 0.004943, total loss = 0.049299, Epoch time: 1.19 seconds, remaining time: 5.83 minutes
Epoch #705: train loss = 0.143039, val loss = 0.006472, total loss = 0.074756, Epoch time: 1.09 seconds, remaining time: 5.74 minutes
Epoch #706: train loss = 0.157553, val loss = 0.006882, total loss = 0.082218, Epoch time: 1.16 seconds, remaining time: 5.66 minutes
Epoch #707: train loss = 0.199279, val loss = 0.008127, total loss = 0.103703, Epoch time: 1.21 seconds, remaining time: 5.69 minutes
Epoch #708: train loss = 0.156639, val loss = 0.003551, total loss = 0.080095, Epoch time: 1.26 seconds, remaining time: 5.72 minutes
Epoch #709: train loss = 0.133810, val loss = 0.003084, total loss = 0.068447, Epoch time: 1.22 seconds, remaining time: 5.74 minutes
Epoch #710: train loss = 0.154339, val loss = 0.004313, total loss = 0.079326, Epoch time: 1.19 seconds, remaining time: 5.76 minutes
Epoch #711: train loss = 0.178756, val loss = 0.007216, total loss = 0.092986, Epoch time: 1.18 seconds, remaining time: 5.71 minutes
Epoch #712: train loss = 0.155989, val loss = 0.007469, total loss = 0.081729, Epoch time: 1.21 seconds, remaining time: 5.70 minutes
Epoch #713: train loss = 0.147182, val loss = 0.005052, total loss = 0.076117, Epoch time: 1.12 seconds, remaining time: 5.63 minutes
Epoch #714: train loss = 0.240716, val loss = 0.006906, total loss = 0.123811, Epoch time: 1.15 seconds, remaining time: 5.59 minutes
Epoch #715: train loss = 0.193119, val loss = 0.005493, total loss = 0.099306, Epoch time: 1.23 seconds, remaining time: 5.64 minutes
Epoch #716: train loss = 0.178374, val loss = 0.005264, total loss = 0.091819, Epoch time: 1.22 seconds, remaining time: 5.65 minutes
Epoch #717: train loss = 0.187277, val loss = 0.008516, total loss = 0.097897, Epoch time: 1.11 seconds, remaining time: 5.58 minutes
Epoch #718: train loss = 0.151532, val loss = 0.009011, total loss = 0.080271, Epoch time: 1.30 seconds, remaining time: 5.58 minutes
Epoch #719: train loss = 0.112212, val loss = 0.004498, total loss = 0.058355, Epoch time: 1.30 seconds, remaining time: 5.60 minutes
Epoch #720: train loss = 0.226232, val loss = 0.008499, total loss = 0.117365, Epoch time: 1.24 seconds, remaining time: 5.60 minutes
Epoch #721: train loss = 0.162543, val loss = 0.006402, total loss = 0.084473, Epoch time: 1.19 seconds, remaining time: 5.59 minutes
Epoch #722: train loss = 0.216902, val loss = 0.008075, total loss = 0.112489, Epoch time: 1.33 seconds, remaining time: 5.63 minutes
Epoch #723: train loss = 0.198163, val loss = 0.007338, total loss = 0.102750, Epoch time: 1.40 seconds, remaining time: 5.74 minutes
Epoch #724: train loss = 0.128816, val loss = 0.008005, total loss = 0.068411, Epoch time: 1.43 seconds, remaining time: 5.84 minutes
Epoch #725: train loss = 0.141330, val loss = 0.007285, total loss = 0.074308, Epoch time: 1.16 seconds, remaining time: 5.79 minutes
Epoch #726: train loss = 0.422305, val loss = 0.015692, total loss = 0.218999, Epoch time: 1.16 seconds, remaining time: 5.74 minutes
Epoch #727: train loss = 0.188684, val loss = 0.007599, total loss = 0.098142, Epoch time: 1.29 seconds, remaining time: 5.80 minutes
Epoch #728: train loss = 0.157251, val loss = 0.004907, total loss = 0.081079, Epoch time: 1.45 seconds, remaining time: 5.85 minutes
Epoch #729: train loss = 0.174667, val loss = 0.008073, total loss = 0.091370, Epoch time: 1.42 seconds, remaining time: 5.88 minutes
Epoch #730: train loss = 0.391340, val loss = 0.012016, total loss = 0.201678, Epoch time: 1.23 seconds, remaining time: 5.85 minutes
Epoch #731: train loss = 0.205295, val loss = 0.011892, total loss = 0.108594, Epoch time: 1.37 seconds, remaining time: 5.92 minutes
Epoch #732: train loss = 0.221573, val loss = 0.009249, total loss = 0.115411, Epoch time: 1.27 seconds, remaining time: 5.87 minutes
Epoch #733: train loss = 0.231294, val loss = 0.005102, total loss = 0.118198, Epoch time: 1.29 seconds, remaining time: 5.80 minutes
Epoch #734: train loss = 0.216561, val loss = 0.006327, total loss = 0.111444, Epoch time: 1.47 seconds, remaining time: 5.79 minutes
Epoch #735: train loss = 0.085102, val loss = 0.005471, total loss = 0.045286, Epoch time: 1.37 seconds, remaining time: 5.86 minutes
Epoch #736: train loss = 0.074766, val loss = 0.003459, total loss = 0.039113, Epoch time: 1.15 seconds, remaining time: 5.84 minutes
Epoch #737: train loss = 0.309562, val loss = 0.006738, total loss = 0.158150, Epoch time: 1.17 seconds, remaining time: 5.76 minutes
Epoch #738: train loss = 0.159300, val loss = 0.004477, total loss = 0.081889, Epoch time: 1.23 seconds, remaining time: 5.64 minutes
Epoch #739: train loss = 0.285308, val loss = 0.008590, total loss = 0.146949, Epoch time: 1.14 seconds, remaining time: 5.50 minutes
Epoch #740: train loss = 0.178903, val loss = 0.005084, total loss = 0.091994, Epoch time: 1.26 seconds, remaining time: 5.49 minutes
Epoch #741: train loss = 0.234181, val loss = 0.006031, total loss = 0.120106, Epoch time: 1.08 seconds, remaining time: 5.34 minutes
Epoch #742: train loss = 0.269745, val loss = 0.007880, total loss = 0.138812, Epoch time: 1.12 seconds, remaining time: 5.26 minutes
Epoch #743: train loss = 0.259019, val loss = 0.007438, total loss = 0.133229, Epoch time: 1.15 seconds, remaining time: 5.18 minutes
Epoch #744: train loss = 0.159477, val loss = 0.006953, total loss = 0.083215, Epoch time: 1.15 seconds, remaining time: 5.02 minutes
Epoch #745: train loss = 0.221147, val loss = 0.006442, total loss = 0.113794, Epoch time: 1.15 seconds, remaining time: 4.91 minutes
Epoch #746: train loss = 0.243666, val loss = 0.005343, total loss = 0.124505, Epoch time: 1.19 seconds, remaining time: 4.90 minutes
Epoch #747: train loss = 0.188350, val loss = 0.004026, total loss = 0.096188, Epoch time: 1.13 seconds, remaining time: 4.87 minutes
Epoch #748: train loss = 0.118049, val loss = 0.003524, total loss = 0.060787, Epoch time: 1.31 seconds, remaining time: 4.89 minutes
Epoch #749: train loss = 0.394666, val loss = 0.006908, total loss = 0.200787, Epoch time: 1.03 seconds, remaining time: 4.82 minutes
Epoch #750: train loss = 0.257521, val loss = 0.010268, total loss = 0.133894, Epoch time: 1.17 seconds, remaining time: 4.77 minutes
Epoch #751: train loss = 0.235150, val loss = 0.013724, total loss = 0.124437, Epoch time: 1.07 seconds, remaining time: 4.74 minutes
Epoch #752: train loss = 0.129719, val loss = 0.006705, total loss = 0.068212, Epoch time: 1.15 seconds, remaining time: 4.74 minutes
Epoch #753: train loss = 0.109982, val loss = 0.004395, total loss = 0.057188, Epoch time: 1.21 seconds, remaining time: 4.74 minutes
Epoch #754: train loss = 0.200595, val loss = 0.004858, total loss = 0.102727, Epoch time: 1.05 seconds, remaining time: 4.69 minutes
Epoch #755: train loss = 0.158583, val loss = 0.005164, total loss = 0.081874, Epoch time: 1.16 seconds, remaining time: 4.67 minutes
Epoch #756: train loss = 0.180880, val loss = 0.005918, total loss = 0.093399, Epoch time: 1.11 seconds, remaining time: 4.62 minutes
Epoch #757: train loss = 0.159735, val loss = 0.005225, total loss = 0.082480, Epoch time: 1.15 seconds, remaining time: 4.61 minutes
Epoch #758: train loss = 0.169436, val loss = 0.004867, total loss = 0.087152, Epoch time: 1.10 seconds, remaining time: 4.50 minutes
Epoch #759: train loss = 0.268218, val loss = 0.005490, total loss = 0.136854, Epoch time: 1.10 seconds, remaining time: 4.51 minutes
Epoch #760: train loss = 0.135281, val loss = 0.004374, total loss = 0.069828, Epoch time: 1.08 seconds, remaining time: 4.45 minutes
Epoch #761: train loss = 0.159218, val loss = 0.002553, total loss = 0.080886, Epoch time: 1.12 seconds, remaining time: 4.46 minutes
Epoch #762: train loss = 0.166731, val loss = 0.004565, total loss = 0.085648, Epoch time: 1.13 seconds, remaining time: 4.43 minutes
Epoch #763: train loss = 0.217538, val loss = 0.006219, total loss = 0.111879, Epoch time: 1.09 seconds, remaining time: 4.36 minutes
Epoch #764: train loss = 0.202675, val loss = 0.007170, total loss = 0.104922, Epoch time: 1.11 seconds, remaining time: 4.37 minutes
Epoch #765: train loss = 0.174800, val loss = 0.005220, total loss = 0.090010, Epoch time: 1.18 seconds, remaining time: 4.36 minutes
Epoch #766: train loss = 0.097152, val loss = 0.005773, total loss = 0.051462, Epoch time: 1.27 seconds, remaining time: 4.40 minutes
Epoch #767: train loss = 0.152552, val loss = 0.005792, total loss = 0.079172, Epoch time: 1.13 seconds, remaining time: 4.37 minutes
Epoch #768: train loss = 0.066572, val loss = 0.003849, total loss = 0.035210, Epoch time: 1.11 seconds, remaining time: 4.36 minutes
Epoch #769: train loss = 0.156357, val loss = 0.003920, total loss = 0.080138, Epoch time: 1.08 seconds, remaining time: 4.33 minutes
Epoch #770: train loss = 0.129635, val loss = 0.002944, total loss = 0.066289, Epoch time: 1.10 seconds, remaining time: 4.32 minutes
Epoch #771: train loss = 0.143356, val loss = 0.004493, total loss = 0.073924, Epoch time: 1.19 seconds, remaining time: 4.33 minutes
Epoch #772: train loss = 0.169811, val loss = 0.003998, total loss = 0.086905, Epoch time: 1.11 seconds, remaining time: 4.30 minutes
Epoch #773: train loss = 0.187265, val loss = 0.002381, total loss = 0.094823, Epoch time: 1.12 seconds, remaining time: 4.29 minutes
Epoch #774: train loss = 0.198911, val loss = 0.004764, total loss = 0.101837, Epoch time: 1.11 seconds, remaining time: 4.28 minutes
Epoch #775: train loss = 0.225202, val loss = 0.008496, total loss = 0.116849, Epoch time: 1.10 seconds, remaining time: 4.23 minutes
Epoch #776: train loss = 0.157773, val loss = 0.007365, total loss = 0.082569, Epoch time: 1.18 seconds, remaining time: 4.17 minutes
Epoch #777: train loss = 0.177937, val loss = 0.007022, total loss = 0.092479, Epoch time: 1.12 seconds, remaining time: 4.15 minutes
Epoch #778: train loss = 0.238952, val loss = 0.007550, total loss = 0.123251, Epoch time: 1.15 seconds, remaining time: 4.15 minutes
Epoch #779: train loss = 0.229317, val loss = 0.006020, total loss = 0.117669, Epoch time: 1.23 seconds, remaining time: 4.18 minutes
Epoch #780: train loss = 0.181337, val loss = 0.005505, total loss = 0.093421, Epoch time: 1.14 seconds, remaining time: 4.18 minutes
Epoch #781: train loss = 0.173277, val loss = 0.004036, total loss = 0.088657, Epoch time: 1.12 seconds, remaining time: 4.14 minutes
Epoch #782: train loss = 0.166623, val loss = 0.005554, total loss = 0.086088, Epoch time: 1.15 seconds, remaining time: 4.13 minutes
Epoch #783: train loss = 0.111848, val loss = 0.003547, total loss = 0.057697, Epoch time: 1.19 seconds, remaining time: 4.14 minutes
Epoch #784: train loss = 0.197389, val loss = 0.002853, total loss = 0.100121, Epoch time: 1.18 seconds, remaining time: 4.14 minutes
Epoch #785: train loss = 0.340057, val loss = 0.012453, total loss = 0.176255, Epoch time: 1.07 seconds, remaining time: 4.11 minutes
Epoch #786: train loss = 0.268574, val loss = 0.011600, total loss = 0.140087, Epoch time: 1.10 seconds, remaining time: 4.07 minutes
Epoch #787: train loss = 0.325599, val loss = 0.014774, total loss = 0.170186, Epoch time: 1.12 seconds, remaining time: 4.04 minutes
Epoch #788: train loss = 0.212875, val loss = 0.009979, total loss = 0.111427, Epoch time: 1.13 seconds, remaining time: 4.02 minutes
Epoch #789: train loss = 0.318664, val loss = 0.015067, total loss = 0.166865, Epoch time: 1.06 seconds, remaining time: 3.94 minutes
Epoch #790: train loss = 0.308331, val loss = 0.013992, total loss = 0.161162, Epoch time: 1.11 seconds, remaining time: 3.91 minutes
Epoch #791: train loss = 0.143898, val loss = 0.006546, total loss = 0.075222, Epoch time: 1.18 seconds, remaining time: 3.91 minutes
Epoch #792: train loss = 0.206212, val loss = 0.006889, total loss = 0.106551, Epoch time: 1.27 seconds, remaining time: 3.93 minutes
Epoch #793: train loss = 0.219611, val loss = 0.008908, total loss = 0.114260, Epoch time: 1.20 seconds, remaining time: 3.92 minutes
Epoch #794: train loss = 0.144314, val loss = 0.006843, total loss = 0.075578, Epoch time: 1.19 seconds, remaining time: 3.90 minutes
Epoch #795: train loss = 0.242294, val loss = 0.007261, total loss = 0.124778, Epoch time: 1.08 seconds, remaining time: 3.88 minutes
Epoch #796: train loss = 0.215005, val loss = 0.007742, total loss = 0.111373, Epoch time: 1.11 seconds, remaining time: 3.87 minutes
Epoch #797: train loss = 0.268376, val loss = 0.010833, total loss = 0.139605, Epoch time: 1.13 seconds, remaining time: 3.86 minutes
Epoch #798: train loss = 0.284918, val loss = 0.011968, total loss = 0.148443, Epoch time: 1.09 seconds, remaining time: 3.82 minutes
Epoch #799: train loss = 0.178863, val loss = 0.010977, total loss = 0.094920, Epoch time: 1.20 seconds, remaining time: 3.85 minutes
Epoch #800: train loss = 0.197716, val loss = 0.006630, total loss = 0.102173, Epoch time: 1.12 seconds, remaining time: 3.84 minutes
Epoch #801: train loss = 0.066639, val loss = 0.003976, total loss = 0.035307, Epoch time: 1.27 seconds, remaining time: 3.85 minutes
Epoch #802: train loss = 0.201108, val loss = 0.004535, total loss = 0.102821, Epoch time: 1.08 seconds, remaining time: 3.77 minutes
Epoch #803: train loss = 0.061260, val loss = 0.003768, total loss = 0.032514, Epoch time: 1.17 seconds, remaining time: 3.74 minutes
Epoch #804: train loss = 0.130636, val loss = 0.002962, total loss = 0.066799, Epoch time: 1.08 seconds, remaining time: 3.68 minutes
Epoch #805: train loss = 0.169113, val loss = 0.003068, total loss = 0.086091, Epoch time: 1.06 seconds, remaining time: 3.66 minutes
Epoch #806: train loss = 0.202187, val loss = 0.007501, total loss = 0.104844, Epoch time: 1.06 seconds, remaining time: 3.63 minutes
Epoch #807: train loss = 0.213180, val loss = 0.006069, total loss = 0.109624, Epoch time: 1.13 seconds, remaining time: 3.61 minutes
Epoch #808: train loss = 0.287227, val loss = 0.014018, total loss = 0.150622, Epoch time: 1.15 seconds, remaining time: 3.61 minutes
Epoch #809: train loss = 0.197354, val loss = 0.006008, total loss = 0.101681, Epoch time: 1.24 seconds, remaining time: 3.60 minutes
Epoch #810: train loss = 0.202994, val loss = 0.007461, total loss = 0.105227, Epoch time: 1.20 seconds, remaining time: 3.60 minutes
Epoch #811: train loss = 0.108253, val loss = 0.007869, total loss = 0.058061, Epoch time: 1.27 seconds, remaining time: 3.59 minutes
Epoch #812: train loss = 0.162220, val loss = 0.004742, total loss = 0.083481, Epoch time: 1.44 seconds, remaining time: 3.68 minutes
Epoch #813: train loss = 0.248966, val loss = 0.006335, total loss = 0.127650, Epoch time: 1.08 seconds, remaining time: 3.63 minutes
Epoch #814: train loss = 0.178556, val loss = 0.005530, total loss = 0.092043, Epoch time: 1.11 seconds, remaining time: 3.62 minutes
Epoch #815: train loss = 0.187257, val loss = 0.006562, total loss = 0.096910, Epoch time: 1.06 seconds, remaining time: 3.60 minutes
Epoch #816: train loss = 0.147187, val loss = 0.005492, total loss = 0.076340, Epoch time: 1.12 seconds, remaining time: 3.60 minutes
Epoch #817: train loss = 0.251594, val loss = 0.007996, total loss = 0.129795, Epoch time: 1.05 seconds, remaining time: 3.56 minutes
Epoch #818: train loss = 0.204255, val loss = 0.005775, total loss = 0.105015, Epoch time: 1.17 seconds, remaining time: 3.54 minutes
Epoch #819: train loss = 0.167108, val loss = 0.005240, total loss = 0.086174, Epoch time: 1.13 seconds, remaining time: 3.49 minutes
Epoch #820: train loss = 0.220770, val loss = 0.005929, total loss = 0.113350, Epoch time: 1.14 seconds, remaining time: 3.45 minutes
Epoch #821: train loss = 0.150986, val loss = 0.006179, total loss = 0.078583, Epoch time: 1.16 seconds, remaining time: 3.40 minutes
Epoch #822: train loss = 0.255515, val loss = 0.006122, total loss = 0.130819, Epoch time: 1.09 seconds, remaining time: 3.27 minutes
Epoch #823: train loss = 0.133120, val loss = 0.004914, total loss = 0.069017, Epoch time: 1.14 seconds, remaining time: 3.27 minutes
Epoch #824: train loss = 0.119849, val loss = 0.002925, total loss = 0.061387, Epoch time: 1.14 seconds, remaining time: 3.27 minutes
Epoch #825: train loss = 0.163726, val loss = 0.004103, total loss = 0.083915, Epoch time: 1.10 seconds, remaining time: 3.26 minutes
Epoch #826: train loss = 0.180356, val loss = 0.006264, total loss = 0.093310, Epoch time: 1.23 seconds, remaining time: 3.27 minutes
Epoch #827: train loss = 0.224494, val loss = 0.006627, total loss = 0.115561, Epoch time: 1.15 seconds, remaining time: 3.28 minutes
Epoch #828: train loss = 0.164789, val loss = 0.008267, total loss = 0.086528, Epoch time: 1.47 seconds, remaining time: 3.35 minutes
Epoch #829: train loss = 0.134075, val loss = 0.006307, total loss = 0.070191, Epoch time: 1.29 seconds, remaining time: 3.37 minutes
Epoch #830: train loss = 0.112321, val loss = 0.002536, total loss = 0.057429, Epoch time: 1.23 seconds, remaining time: 3.38 minutes
Epoch #831: train loss = 0.140824, val loss = 0.004612, total loss = 0.072718, Epoch time: 1.30 seconds, remaining time: 3.40 minutes
Epoch #832: train loss = 0.097090, val loss = 0.003905, total loss = 0.050497, Epoch time: 1.15 seconds, remaining time: 3.40 minutes
Epoch #833: train loss = 0.115923, val loss = 0.003966, total loss = 0.059945, Epoch time: 1.16 seconds, remaining time: 3.38 minutes
Epoch #834: train loss = 0.270808, val loss = 0.008788, total loss = 0.139798, Epoch time: 1.19 seconds, remaining time: 3.37 minutes
Epoch #835: train loss = 0.134696, val loss = 0.006411, total loss = 0.070554, Epoch time: 1.11 seconds, remaining time: 3.36 minutes
Epoch #836: train loss = 0.179315, val loss = 0.006951, total loss = 0.093133, Epoch time: 1.12 seconds, remaining time: 3.31 minutes
Epoch #837: train loss = 0.176076, val loss = 0.004476, total loss = 0.090276, Epoch time: 1.19 seconds, remaining time: 3.30 minutes
Epoch #838: train loss = 0.112563, val loss = 0.004967, total loss = 0.058765, Epoch time: 1.18 seconds, remaining time: 3.20 minutes
Epoch #839: train loss = 0.243093, val loss = 0.006810, total loss = 0.124951, Epoch time: 1.10 seconds, remaining time: 3.13 minutes
Epoch #840: train loss = 0.196849, val loss = 0.007947, total loss = 0.102398, Epoch time: 1.10 seconds, remaining time: 3.07 minutes
Epoch #841: train loss = 0.171661, val loss = 0.008341, total loss = 0.090001, Epoch time: 1.17 seconds, remaining time: 3.02 minutes
Epoch #842: train loss = 0.144304, val loss = 0.005561, total loss = 0.074932, Epoch time: 1.19 seconds, remaining time: 3.01 minutes
Epoch #843: train loss = 0.181655, val loss = 0.005364, total loss = 0.093509, Epoch time: 1.12 seconds, remaining time: 2.98 minutes
Epoch #844: train loss = 0.186749, val loss = 0.005315, total loss = 0.096032, Epoch time: 1.12 seconds, remaining time: 2.94 minutes
Epoch #845: train loss = 0.141903, val loss = 0.004410, total loss = 0.073156, Epoch time: 1.18 seconds, remaining time: 2.94 minutes
Epoch #846: train loss = 0.204943, val loss = 0.006963, total loss = 0.105953, Epoch time: 1.28 seconds, remaining time: 2.96 minutes
Epoch #847: train loss = 0.106773, val loss = 0.006302, total loss = 0.056538, Epoch time: 1.24 seconds, remaining time: 2.96 minutes
Epoch #848: train loss = 0.151546, val loss = 0.002999, total loss = 0.077272, Epoch time: 1.15 seconds, remaining time: 2.93 minutes
Epoch #849: train loss = 0.312838, val loss = 0.008727, total loss = 0.160782, Epoch time: 1.23 seconds, remaining time: 2.94 minutes
Epoch #850: train loss = 0.171936, val loss = 0.009067, total loss = 0.090501, Epoch time: 1.18 seconds, remaining time: 2.94 minutes
Epoch #851: train loss = 0.163213, val loss = 0.008505, total loss = 0.085859, Epoch time: 1.20 seconds, remaining time: 2.93 minutes
Epoch #852: train loss = 0.073043, val loss = 0.003668, total loss = 0.038355, Epoch time: 1.24 seconds, remaining time: 2.93 minutes
Epoch #853: train loss = 0.167038, val loss = 0.005143, total loss = 0.086090, Epoch time: 1.14 seconds, remaining time: 2.91 minutes
Epoch #854: train loss = 0.208023, val loss = 0.005627, total loss = 0.106825, Epoch time: 1.21 seconds, remaining time: 2.91 minutes
Epoch #855: train loss = 0.222366, val loss = 0.005675, total loss = 0.114021, Epoch time: 1.13 seconds, remaining time: 2.88 minutes
Epoch #856: train loss = 0.233377, val loss = 0.006359, total loss = 0.119868, Epoch time: 1.10 seconds, remaining time: 2.82 minutes
Epoch #857: train loss = 0.187576, val loss = 0.009082, total loss = 0.098329, Epoch time: 1.13 seconds, remaining time: 2.77 minutes
Epoch #858: train loss = 0.078918, val loss = 0.004303, total loss = 0.041610, Epoch time: 1.21 seconds, remaining time: 2.76 minutes
Epoch #859: train loss = 0.147408, val loss = 0.005715, total loss = 0.076562, Epoch time: 1.22 seconds, remaining time: 2.74 minutes
Epoch #860: train loss = 0.161324, val loss = 0.004829, total loss = 0.083076, Epoch time: 1.10 seconds, remaining time: 2.70 minutes
Epoch #861: train loss = 0.143367, val loss = 0.006112, total loss = 0.074740, Epoch time: 1.14 seconds, remaining time: 2.67 minutes
Epoch #862: train loss = 0.137468, val loss = 0.003726, total loss = 0.070597, Epoch time: 1.08 seconds, remaining time: 2.61 minutes
Epoch #863: train loss = 0.239155, val loss = 0.003986, total loss = 0.121570, Epoch time: 1.17 seconds, remaining time: 2.60 minutes
Epoch #864: train loss = 0.242413, val loss = 0.012732, total loss = 0.127573, Epoch time: 1.14 seconds, remaining time: 2.57 minutes
Epoch #865: train loss = 0.135747, val loss = 0.006702, total loss = 0.071225, Epoch time: 1.23 seconds, remaining time: 2.57 minutes
Epoch #866: train loss = 0.124976, val loss = 0.004579, total loss = 0.064778, Epoch time: 1.18 seconds, remaining time: 2.57 minutes
Epoch #867: train loss = 0.220959, val loss = 0.004028, total loss = 0.112494, Epoch time: 1.14 seconds, remaining time: 2.55 minutes
Epoch #868: train loss = 0.281083, val loss = 0.007502, total loss = 0.144292, Epoch time: 1.21 seconds, remaining time: 2.53 minutes
Epoch #869: train loss = 0.188775, val loss = 0.004805, total loss = 0.096790, Epoch time: 1.08 seconds, remaining time: 2.48 minutes
Epoch #870: train loss = 0.142431, val loss = 0.006069, total loss = 0.074250, Epoch time: 1.19 seconds, remaining time: 2.48 minutes
Epoch #871: train loss = 0.191026, val loss = 0.004081, total loss = 0.097553, Epoch time: 1.11 seconds, remaining time: 2.46 minutes
Epoch #872: train loss = 0.421882, val loss = 0.012371, total loss = 0.217126, Epoch time: 1.11 seconds, remaining time: 2.45 minutes
Epoch #873: train loss = 0.130973, val loss = 0.005088, total loss = 0.068030, Epoch time: 1.11 seconds, remaining time: 2.42 minutes
Epoch #874: train loss = 0.188800, val loss = 0.005658, total loss = 0.097229, Epoch time: 1.17 seconds, remaining time: 2.40 minutes
Epoch #875: train loss = 0.310224, val loss = 0.007491, total loss = 0.158857, Epoch time: 1.14 seconds, remaining time: 2.36 minutes
Epoch #876: train loss = 0.304691, val loss = 0.008794, total loss = 0.156742, Epoch time: 1.17 seconds, remaining time: 2.34 minutes
Epoch #877: train loss = 0.161806, val loss = 0.007438, total loss = 0.084622, Epoch time: 1.18 seconds, remaining time: 2.33 minutes
Epoch #878: train loss = 0.161165, val loss = 0.006854, total loss = 0.084009, Epoch time: 1.22 seconds, remaining time: 2.32 minutes
Epoch #879: train loss = 0.145383, val loss = 0.003752, total loss = 0.074567, Epoch time: 1.09 seconds, remaining time: 2.30 minutes
Epoch #880: train loss = 0.235172, val loss = 0.005921, total loss = 0.120546, Epoch time: 1.12 seconds, remaining time: 2.27 minutes
Epoch #881: train loss = 0.202474, val loss = 0.009916, total loss = 0.106195, Epoch time: 1.16 seconds, remaining time: 2.26 minutes
Epoch #882: train loss = 0.264430, val loss = 0.009411, total loss = 0.136921, Epoch time: 1.17 seconds, remaining time: 2.25 minutes
Epoch #883: train loss = 0.193290, val loss = 0.010918, total loss = 0.102104, Epoch time: 1.22 seconds, remaining time: 2.25 minutes
Epoch #884: train loss = 0.211078, val loss = 0.005349, total loss = 0.108214, Epoch time: 1.13 seconds, remaining time: 2.22 minutes
Epoch #885: train loss = 0.225959, val loss = 0.006678, total loss = 0.116319, Epoch time: 1.33 seconds, remaining time: 2.24 minutes
Epoch #886: train loss = 0.201373, val loss = 0.004635, total loss = 0.103004, Epoch time: 1.09 seconds, remaining time: 2.21 minutes
Epoch #887: train loss = 0.194711, val loss = 0.004489, total loss = 0.099600, Epoch time: 1.15 seconds, remaining time: 2.18 minutes
Epoch #888: train loss = 0.126030, val loss = 0.004542, total loss = 0.065286, Epoch time: 1.17 seconds, remaining time: 2.15 minutes
Epoch #889: train loss = 0.065532, val loss = 0.004007, total loss = 0.034770, Epoch time: 1.12 seconds, remaining time: 2.14 minutes
Epoch #890: train loss = 0.184468, val loss = 0.005584, total loss = 0.095026, Epoch time: 1.21 seconds, remaining time: 2.13 minutes
Epoch #891: train loss = 0.144804, val loss = 0.005576, total loss = 0.075190, Epoch time: 1.15 seconds, remaining time: 2.11 minutes
Epoch #892: train loss = 0.128523, val loss = 0.006224, total loss = 0.067374, Epoch time: 1.17 seconds, remaining time: 2.09 minutes
Epoch #893: train loss = 0.106067, val loss = 0.006143, total loss = 0.056105, Epoch time: 1.28 seconds, remaining time: 2.09 minutes
Epoch #894: train loss = 0.132829, val loss = 0.006669, total loss = 0.069749, Epoch time: 1.14 seconds, remaining time: 2.07 minutes
Epoch #895: train loss = 0.136912, val loss = 0.010729, total loss = 0.073821, Epoch time: 1.11 seconds, remaining time: 2.01 minutes
Epoch #896: train loss = 0.173104, val loss = 0.010259, total loss = 0.091682, Epoch time: 1.13 seconds, remaining time: 2.00 minutes
Epoch #897: train loss = 0.254053, val loss = 0.010384, total loss = 0.132218, Epoch time: 1.11 seconds, remaining time: 1.97 minutes
Epoch #898: train loss = 0.178842, val loss = 0.006810, total loss = 0.092826, Epoch time: 1.11 seconds, remaining time: 1.94 minutes
Epoch #899: train loss = 0.107042, val loss = 0.004164, total loss = 0.055603, Epoch time: 1.22 seconds, remaining time: 1.94 minutes
Epoch #900: train loss = 0.100113, val loss = 0.004974, total loss = 0.052544, Epoch time: 1.23 seconds, remaining time: 1.92 minutes
Epoch #901: train loss = 0.245484, val loss = 0.004845, total loss = 0.125164, Epoch time: 1.15 seconds, remaining time: 1.90 minutes
Epoch #902: train loss = 0.176641, val loss = 0.006316, total loss = 0.091479, Epoch time: 1.19 seconds, remaining time: 1.89 minutes
Epoch #903: train loss = 0.156430, val loss = 0.004851, total loss = 0.080640, Epoch time: 1.27 seconds, remaining time: 1.87 minutes
Epoch #904: train loss = 0.113666, val loss = 0.002191, total loss = 0.057928, Epoch time: 1.12 seconds, remaining time: 1.84 minutes
Epoch #905: train loss = 0.124705, val loss = 0.003014, total loss = 0.063859, Epoch time: 1.21 seconds, remaining time: 1.84 minutes
Epoch #906: train loss = 0.071263, val loss = 0.002193, total loss = 0.036728, Epoch time: 1.19 seconds, remaining time: 1.83 minutes
Epoch #907: train loss = 0.078329, val loss = 0.001845, total loss = 0.040087, Epoch time: 1.19 seconds, remaining time: 1.82 minutes
Epoch #908: train loss = 0.183870, val loss = 0.004234, total loss = 0.094052, Epoch time: 1.13 seconds, remaining time: 1.80 minutes
Epoch #909: train loss = 0.209124, val loss = 0.004417, total loss = 0.106770, Epoch time: 1.14 seconds, remaining time: 1.77 minutes
Epoch #910: train loss = 0.086883, val loss = 0.004560, total loss = 0.045722, Epoch time: 1.22 seconds, remaining time: 1.75 minutes
Epoch #911: train loss = 0.204012, val loss = 0.007300, total loss = 0.105656, Epoch time: 1.13 seconds, remaining time: 1.73 minutes
Epoch #912: train loss = 0.160573, val loss = 0.005291, total loss = 0.082932, Epoch time: 1.15 seconds, remaining time: 1.70 minutes
Epoch #913: train loss = 0.151558, val loss = 0.005513, total loss = 0.078536, Epoch time: 1.20 seconds, remaining time: 1.67 minutes
Epoch #914: train loss = 0.151823, val loss = 0.005123, total loss = 0.078473, Epoch time: 1.08 seconds, remaining time: 1.65 minutes
Epoch #915: train loss = 0.159165, val loss = 0.007051, total loss = 0.083108, Epoch time: 1.24 seconds, remaining time: 1.63 minutes
Epoch #916: train loss = 0.088366, val loss = 0.005333, total loss = 0.046850, Epoch time: 1.22 seconds, remaining time: 1.62 minutes
Epoch #917: train loss = 0.331496, val loss = 0.008334, total loss = 0.169915, Epoch time: 1.08 seconds, remaining time: 1.58 minutes
Epoch #918: train loss = 0.142551, val loss = 0.006362, total loss = 0.074456, Epoch time: 1.19 seconds, remaining time: 1.57 minutes
Epoch #919: train loss = 0.111178, val loss = 0.004600, total loss = 0.057889, Epoch time: 1.23 seconds, remaining time: 1.57 minutes
Epoch #920: train loss = 0.189738, val loss = 0.004849, total loss = 0.097294, Epoch time: 1.21 seconds, remaining time: 1.54 minutes
Epoch #921: train loss = 0.319352, val loss = 0.007733, total loss = 0.163542, Epoch time: 1.07 seconds, remaining time: 1.52 minutes
Epoch #922: train loss = 0.148160, val loss = 0.005649, total loss = 0.076905, Epoch time: 1.15 seconds, remaining time: 1.50 minutes
Epoch #923: train loss = 0.316837, val loss = 0.010489, total loss = 0.163663, Epoch time: 1.06 seconds, remaining time: 1.46 minutes
Epoch #924: train loss = 0.102899, val loss = 0.008761, total loss = 0.055830, Epoch time: 1.10 seconds, remaining time: 1.44 minutes
Epoch #925: train loss = 0.163019, val loss = 0.004545, total loss = 0.083782, Epoch time: 1.18 seconds, remaining time: 1.42 minutes
Epoch #926: train loss = 0.113723, val loss = 0.002891, total loss = 0.058307, Epoch time: 1.12 seconds, remaining time: 1.39 minutes
Epoch #927: train loss = 0.046634, val loss = 0.002298, total loss = 0.024466, Epoch time: 1.18 seconds, remaining time: 1.38 minutes
Epoch #928: train loss = 0.150946, val loss = 0.003068, total loss = 0.077007, Epoch time: 1.22 seconds, remaining time: 1.36 minutes
Epoch #929: train loss = 0.196181, val loss = 0.006125, total loss = 0.101153, Epoch time: 1.12 seconds, remaining time: 1.33 minutes
Epoch #930: train loss = 0.191175, val loss = 0.005396, total loss = 0.098286, Epoch time: 1.10 seconds, remaining time: 1.30 minutes
Epoch #931: train loss = 0.142192, val loss = 0.006412, total loss = 0.074302, Epoch time: 1.07 seconds, remaining time: 1.28 minutes
Epoch #932: train loss = 0.122860, val loss = 0.002781, total loss = 0.062821, Epoch time: 1.17 seconds, remaining time: 1.26 minutes
Epoch #933: train loss = 0.200845, val loss = 0.008598, total loss = 0.104721, Epoch time: 1.21 seconds, remaining time: 1.26 minutes
Epoch #934: train loss = 0.219652, val loss = 0.005447, total loss = 0.112550, Epoch time: 1.10 seconds, remaining time: 1.24 minutes
Epoch #935: train loss = 0.118124, val loss = 0.004764, total loss = 0.061444, Epoch time: 1.14 seconds, remaining time: 1.22 minutes
Epoch #936: train loss = 0.242668, val loss = 0.002703, total loss = 0.122685, Epoch time: 1.14 seconds, remaining time: 1.20 minutes
Epoch #937: train loss = 0.155171, val loss = 0.009527, total loss = 0.082349, Epoch time: 1.13 seconds, remaining time: 1.18 minutes
Epoch #938: train loss = 0.290663, val loss = 0.006211, total loss = 0.148437, Epoch time: 1.27 seconds, remaining time: 1.16 minutes
Epoch #939: train loss = 0.213283, val loss = 0.006581, total loss = 0.109932, Epoch time: 1.09 seconds, remaining time: 1.14 minutes
Epoch #940: train loss = 0.225661, val loss = 0.009188, total loss = 0.117424, Epoch time: 1.17 seconds, remaining time: 1.13 minutes
Epoch #941: train loss = 0.081599, val loss = 0.006541, total loss = 0.044070, Epoch time: 1.20 seconds, remaining time: 1.12 minutes
Epoch #942: train loss = 0.089622, val loss = 0.013015, total loss = 0.051318, Epoch time: 1.17 seconds, remaining time: 1.10 minutes
Epoch #943: train loss = 0.230899, val loss = 0.012154, total loss = 0.121527, Epoch time: 1.28 seconds, remaining time: 1.09 minutes
Epoch #944: train loss = 0.297266, val loss = 0.009792, total loss = 0.153529, Epoch time: 1.18 seconds, remaining time: 1.08 minutes
Epoch #945: train loss = 0.104345, val loss = 0.005185, total loss = 0.054765, Epoch time: 1.22 seconds, remaining time: 1.07 minutes
Epoch #946: train loss = 0.331663, val loss = 0.011984, total loss = 0.171823, Epoch time: 1.20 seconds, remaining time: 1.05 minutes
Epoch #947: train loss = 0.137518, val loss = 0.008246, total loss = 0.072882, Epoch time: 1.20 seconds, remaining time: 1.04 minutes
Epoch #948: train loss = 0.092984, val loss = 0.004242, total loss = 0.048613, Epoch time: 1.22 seconds, remaining time: 1.01 minutes
Epoch #949: train loss = 0.131911, val loss = 0.004403, total loss = 0.068157, Epoch time: 1.15 seconds, remaining time: 1.00 minutes
Epoch #950: train loss = 0.205903, val loss = 0.005313, total loss = 0.105608, Epoch time: 1.08 seconds, remaining time: 0.97 minutes
Epoch #951: train loss = 0.257569, val loss = 0.007876, total loss = 0.132723, Epoch time: 1.25 seconds, remaining time: 0.96 minutes
Epoch #952: train loss = 0.195416, val loss = 0.008341, total loss = 0.101878, Epoch time: 1.16 seconds, remaining time: 0.94 minutes
Epoch #953: train loss = 0.200308, val loss = 0.007134, total loss = 0.103721, Epoch time: 1.24 seconds, remaining time: 0.91 minutes
Epoch #954: train loss = 0.154044, val loss = 0.003957, total loss = 0.079000, Epoch time: 1.14 seconds, remaining time: 0.89 minutes
Epoch #955: train loss = 0.147945, val loss = 0.005347, total loss = 0.076646, Epoch time: 1.16 seconds, remaining time: 0.87 minutes
Epoch #956: train loss = 0.224891, val loss = 0.005846, total loss = 0.115368, Epoch time: 1.22 seconds, remaining time: 0.85 minutes
Epoch #957: train loss = 0.184701, val loss = 0.004728, total loss = 0.094715, Epoch time: 1.14 seconds, remaining time: 0.82 minutes
Epoch #958: train loss = 0.146563, val loss = 0.005251, total loss = 0.075907, Epoch time: 1.07 seconds, remaining time: 0.79 minutes
Epoch #959: train loss = 0.331909, val loss = 0.011457, total loss = 0.171683, Epoch time: 1.11 seconds, remaining time: 0.77 minutes
Epoch #960: train loss = 0.232178, val loss = 0.006454, total loss = 0.119316, Epoch time: 1.16 seconds, remaining time: 0.76 minutes
Epoch #961: train loss = 0.156078, val loss = 0.005754, total loss = 0.080916, Epoch time: 1.25 seconds, remaining time: 0.74 minutes
Epoch #962: train loss = 0.136812, val loss = 0.003433, total loss = 0.070122, Epoch time: 1.12 seconds, remaining time: 0.72 minutes
Epoch #963: train loss = 0.146428, val loss = 0.005286, total loss = 0.075857, Epoch time: 1.21 seconds, remaining time: 0.70 minutes
Epoch #964: train loss = 0.150016, val loss = 0.005273, total loss = 0.077645, Epoch time: 1.33 seconds, remaining time: 0.69 minutes
Epoch #965: train loss = 0.055994, val loss = 0.006561, total loss = 0.031278, Epoch time: 1.38 seconds, remaining time: 0.68 minutes
Epoch #966: train loss = 0.062690, val loss = 0.003776, total loss = 0.033233, Epoch time: 1.20 seconds, remaining time: 0.66 minutes
Epoch #967: train loss = 0.114229, val loss = 0.001480, total loss = 0.057854, Epoch time: 1.27 seconds, remaining time: 0.65 minutes
Epoch #968: train loss = 0.093921, val loss = 0.006165, total loss = 0.050043, Epoch time: 1.22 seconds, remaining time: 0.63 minutes
Epoch #969: train loss = 0.160316, val loss = 0.003337, total loss = 0.081826, Epoch time: 1.08 seconds, remaining time: 0.61 minutes
Epoch #970: train loss = 0.177597, val loss = 0.002638, total loss = 0.090118, Epoch time: 1.06 seconds, remaining time: 0.59 minutes
Epoch #971: train loss = 0.197557, val loss = 0.003764, total loss = 0.100661, Epoch time: 1.17 seconds, remaining time: 0.56 minutes
Epoch #972: train loss = 0.127432, val loss = 0.005662, total loss = 0.066547, Epoch time: 1.19 seconds, remaining time: 0.55 minutes
Epoch #973: train loss = 0.180260, val loss = 0.003180, total loss = 0.091720, Epoch time: 1.15 seconds, remaining time: 0.52 minutes
Epoch #974: train loss = 0.100318, val loss = 0.006132, total loss = 0.053225, Epoch time: 1.18 seconds, remaining time: 0.50 minutes
Epoch #975: train loss = 0.125744, val loss = 0.004569, total loss = 0.065157, Epoch time: 1.18 seconds, remaining time: 0.47 minutes
Epoch #976: train loss = 0.201448, val loss = 0.006729, total loss = 0.104089, Epoch time: 1.13 seconds, remaining time: 0.45 minutes
Epoch #977: train loss = 0.137997, val loss = 0.003443, total loss = 0.070720, Epoch time: 1.07 seconds, remaining time: 0.42 minutes
Epoch #978: train loss = 0.155522, val loss = 0.003926, total loss = 0.079724, Epoch time: 1.12 seconds, remaining time: 0.40 minutes
Epoch #979: train loss = 0.092308, val loss = 0.006326, total loss = 0.049317, Epoch time: 1.13 seconds, remaining time: 0.38 minutes
Epoch #980: train loss = 0.280584, val loss = 0.007702, total loss = 0.144143, Epoch time: 1.19 seconds, remaining time: 0.36 minutes
Epoch #981: train loss = 0.096943, val loss = 0.002701, total loss = 0.049822, Epoch time: 1.09 seconds, remaining time: 0.34 minutes
Epoch #982: train loss = 0.206405, val loss = 0.003755, total loss = 0.105080, Epoch time: 1.10 seconds, remaining time: 0.32 minutes
Epoch #983: train loss = 0.121802, val loss = 0.004030, total loss = 0.062916, Epoch time: 1.17 seconds, remaining time: 0.30 minutes
Epoch #984: train loss = 0.097101, val loss = 0.003996, total loss = 0.050549, Epoch time: 1.14 seconds, remaining time: 0.28 minutes
Epoch #985: train loss = 0.131273, val loss = 0.005844, total loss = 0.068558, Epoch time: 1.16 seconds, remaining time: 0.26 minutes
Epoch #986: train loss = 0.091007, val loss = 0.003564, total loss = 0.047285, Epoch time: 1.17 seconds, remaining time: 0.25 minutes
Epoch #987: train loss = 0.207362, val loss = 0.003806, total loss = 0.105584, Epoch time: 1.16 seconds, remaining time: 0.23 minutes
Epoch #988: train loss = 0.325626, val loss = 0.007836, total loss = 0.166731, Epoch time: 1.11 seconds, remaining time: 0.21 minutes
Epoch #989: train loss = 0.291684, val loss = 0.015723, total loss = 0.153704, Epoch time: 1.15 seconds, remaining time: 0.19 minutes
Epoch #990: train loss = 0.130221, val loss = 0.005560, total loss = 0.067891, Epoch time: 1.23 seconds, remaining time: 0.17 minutes
Epoch #991: train loss = 0.179464, val loss = 0.006418, total loss = 0.092941, Epoch time: 1.12 seconds, remaining time: 0.15 minutes
Epoch #992: train loss = 0.141601, val loss = 0.005774, total loss = 0.073688, Epoch time: 1.15 seconds, remaining time: 0.13 minutes
Epoch #993: train loss = 0.149329, val loss = 0.006122, total loss = 0.077726, Epoch time: 1.16 seconds, remaining time: 0.12 minutes
Epoch #994: train loss = 0.137570, val loss = 0.004599, total loss = 0.071085, Epoch time: 1.22 seconds, remaining time: 0.10 minutes
Epoch #995: train loss = 0.149810, val loss = 0.006466, total loss = 0.078138, Epoch time: 1.12 seconds, remaining time: 0.08 minutes
Epoch #996: train loss = 0.155179, val loss = 0.009172, total loss = 0.082175, Epoch time: 1.16 seconds, remaining time: 0.06 minutes
Epoch #997: train loss = 0.254949, val loss = 0.007974, total loss = 0.131462, Epoch time: 1.05 seconds, remaining time: 0.04 minutes
Epoch #998: train loss = 0.155189, val loss = 0.009903, total loss = 0.082546, Epoch time: 1.15 seconds, remaining time: 0.02 minutes
Epoch #999: train loss = 0.099429, val loss = 0.003971, total loss = 0.051700, Epoch time: 1.14 seconds, remaining time: 0.00 minutes

Training time: 0:18:20.436031

Classification evaluation results:
{'acc': 0.8833333333333333, 'auprc': 0.9144717865912453}
Clustering evaluation results:
{'kmeans': {'acc': 0.5222222222222223, 'ri': 0.8279950341402855, 'nmi': 0.5493977669256881}, 'spectral': {'acc': 0.5444444444444444, 'ri': 0.804407200496586, 'nmi': 0.6347558553475071}}
Finished.
