Dataset: BasicMotions
Arguments: Namespace(batch_size=8, dataset='BasicMotions', epochs=1000, eval=True, gpu=0, irregular=0, iters=None, loader='UEA', lr=0.001, max_threads=8, max_train_length=3000, repr_dims=320, run_name='UEA', save_every=None, seed=42)
Loading data... done
Epoch #0: train loss = 14.147633, val loss = 3.438763, total loss = 8.793198, Epoch time: 0.96 seconds, remaining time: 16.01 minutes
Epoch #1: train loss = 4.169014, val loss = 2.073874, total loss = 3.121444, Epoch time: 0.58 seconds, remaining time: 9.62 minutes
Epoch #2: train loss = 3.208966, val loss = 1.669479, total loss = 2.439222, Epoch time: 0.46 seconds, remaining time: 7.65 minutes
Epoch #3: train loss = 2.876906, val loss = 1.591483, total loss = 2.234195, Epoch time: 0.42 seconds, remaining time: 6.92 minutes
Epoch #4: train loss = 2.470505, val loss = 1.511641, total loss = 1.991073, Epoch time: 0.39 seconds, remaining time: 6.44 minutes
Epoch #5: train loss = 2.500687, val loss = 1.510018, total loss = 2.005353, Epoch time: 0.37 seconds, remaining time: 6.09 minutes
Epoch #6: train loss = 2.153327, val loss = 1.510608, total loss = 1.831968, Epoch time: 0.35 seconds, remaining time: 5.83 minutes
Epoch #7: train loss = 2.425815, val loss = 1.520882, total loss = 1.973349, Epoch time: 0.34 seconds, remaining time: 5.67 minutes
Epoch #8: train loss = 2.413114, val loss = 1.520352, total loss = 1.966733, Epoch time: 0.33 seconds, remaining time: 5.51 minutes
Epoch #9: train loss = 2.294979, val loss = 1.562081, total loss = 1.928530, Epoch time: 0.33 seconds, remaining time: 5.40 minutes
Epoch #10: train loss = 2.282555, val loss = 1.557972, total loss = 1.920263, Epoch time: 0.32 seconds, remaining time: 5.32 minutes
Epoch #11: train loss = 2.310855, val loss = 1.556814, total loss = 1.933834, Epoch time: 0.32 seconds, remaining time: 5.27 minutes
Epoch #12: train loss = 2.199626, val loss = 1.535390, total loss = 1.867508, Epoch time: 0.32 seconds, remaining time: 5.19 minutes
Epoch #13: train loss = 2.019311, val loss = 1.489380, total loss = 1.754346, Epoch time: 0.31 seconds, remaining time: 5.11 minutes
Epoch #14: train loss = 2.129890, val loss = 1.503049, total loss = 1.816469, Epoch time: 0.31 seconds, remaining time: 5.04 minutes
Epoch #15: train loss = 2.007619, val loss = 1.524028, total loss = 1.765823, Epoch time: 0.30 seconds, remaining time: 4.99 minutes
Epoch #16: train loss = 2.188422, val loss = 1.507255, total loss = 1.847838, Epoch time: 0.30 seconds, remaining time: 4.94 minutes
Epoch #17: train loss = 2.066739, val loss = 1.531168, total loss = 1.798954, Epoch time: 0.30 seconds, remaining time: 4.89 minutes
Epoch #18: train loss = 2.189841, val loss = 1.540028, total loss = 1.864935, Epoch time: 0.30 seconds, remaining time: 4.86 minutes
Epoch #19: train loss = 2.008563, val loss = 1.503202, total loss = 1.755883, Epoch time: 0.30 seconds, remaining time: 4.83 minutes
Epoch #20: train loss = 2.083019, val loss = 1.506084, total loss = 1.794552, Epoch time: 0.29 seconds, remaining time: 4.80 minutes
Epoch #21: train loss = 2.166096, val loss = 1.455406, total loss = 1.810751, Epoch time: 0.29 seconds, remaining time: 4.78 minutes
Epoch #22: train loss = 2.055608, val loss = 1.446313, total loss = 1.750961, Epoch time: 0.29 seconds, remaining time: 4.76 minutes
Epoch #23: train loss = 1.873083, val loss = 1.438534, total loss = 1.655809, Epoch time: 0.29 seconds, remaining time: 4.74 minutes
Epoch #24: train loss = 1.932917, val loss = 1.451784, total loss = 1.692351, Epoch time: 0.29 seconds, remaining time: 4.72 minutes
Epoch #25: train loss = 1.951719, val loss = 1.405922, total loss = 1.678820, Epoch time: 0.29 seconds, remaining time: 4.71 minutes
Epoch #26: train loss = 2.073676, val loss = 1.364985, total loss = 1.719331, Epoch time: 0.29 seconds, remaining time: 4.68 minutes
Epoch #27: train loss = 1.956753, val loss = 1.400440, total loss = 1.678597, Epoch time: 0.29 seconds, remaining time: 4.67 minutes
Epoch #28: train loss = 1.901998, val loss = 1.365042, total loss = 1.633520, Epoch time: 0.29 seconds, remaining time: 4.65 minutes
Epoch #29: train loss = 1.908731, val loss = 1.328665, total loss = 1.618698, Epoch time: 0.29 seconds, remaining time: 4.63 minutes
Epoch #30: train loss = 1.973052, val loss = 1.327404, total loss = 1.650228, Epoch time: 0.29 seconds, remaining time: 4.62 minutes
Epoch #31: train loss = 1.908195, val loss = 1.264049, total loss = 1.586122, Epoch time: 0.29 seconds, remaining time: 4.60 minutes
Epoch #32: train loss = 1.887124, val loss = 1.218317, total loss = 1.552721, Epoch time: 0.29 seconds, remaining time: 4.60 minutes
Epoch #33: train loss = 1.743857, val loss = 1.188285, total loss = 1.466071, Epoch time: 0.28 seconds, remaining time: 4.59 minutes
Epoch #34: train loss = 1.900389, val loss = 1.187205, total loss = 1.543797, Epoch time: 0.28 seconds, remaining time: 4.58 minutes
Epoch #35: train loss = 1.873309, val loss = 1.158203, total loss = 1.515756, Epoch time: 0.28 seconds, remaining time: 4.58 minutes
Epoch #36: train loss = 1.619863, val loss = 1.074001, total loss = 1.346932, Epoch time: 0.28 seconds, remaining time: 4.56 minutes
Epoch #37: train loss = 1.765132, val loss = 1.057389, total loss = 1.411260, Epoch time: 0.28 seconds, remaining time: 4.56 minutes
Epoch #38: train loss = 1.752521, val loss = 0.981338, total loss = 1.366929, Epoch time: 0.28 seconds, remaining time: 4.55 minutes
Epoch #39: train loss = 1.623359, val loss = 0.890174, total loss = 1.256766, Epoch time: 0.28 seconds, remaining time: 4.53 minutes
Epoch #40: train loss = 1.579974, val loss = 0.917295, total loss = 1.248635, Epoch time: 0.28 seconds, remaining time: 4.52 minutes
Epoch #41: train loss = 1.507474, val loss = 0.778019, total loss = 1.142746, Epoch time: 0.28 seconds, remaining time: 4.51 minutes
Epoch #42: train loss = 1.666769, val loss = 0.978611, total loss = 1.322690, Epoch time: 0.28 seconds, remaining time: 4.50 minutes
Epoch #43: train loss = 1.553509, val loss = 0.932864, total loss = 1.243186, Epoch time: 0.28 seconds, remaining time: 4.49 minutes
Epoch #44: train loss = 1.751988, val loss = 0.882256, total loss = 1.317122, Epoch time: 0.28 seconds, remaining time: 4.49 minutes
Epoch #45: train loss = 1.546751, val loss = 0.819925, total loss = 1.183338, Epoch time: 0.28 seconds, remaining time: 4.48 minutes
Epoch #46: train loss = 1.550881, val loss = 0.775196, total loss = 1.163038, Epoch time: 0.28 seconds, remaining time: 4.48 minutes
Epoch #47: train loss = 1.576435, val loss = 0.729706, total loss = 1.153070, Epoch time: 0.28 seconds, remaining time: 4.48 minutes
Epoch #48: train loss = 1.579665, val loss = 0.726671, total loss = 1.153168, Epoch time: 0.28 seconds, remaining time: 4.48 minutes
Epoch #49: train loss = 1.521066, val loss = 0.706307, total loss = 1.113686, Epoch time: 0.28 seconds, remaining time: 4.47 minutes
Epoch #50: train loss = 1.476113, val loss = 0.593236, total loss = 1.034674, Epoch time: 0.28 seconds, remaining time: 4.47 minutes
Epoch #51: train loss = 1.480536, val loss = 0.592143, total loss = 1.036340, Epoch time: 0.28 seconds, remaining time: 4.46 minutes
Epoch #52: train loss = 1.424631, val loss = 0.582600, total loss = 1.003616, Epoch time: 0.28 seconds, remaining time: 4.46 minutes
Epoch #53: train loss = 1.388723, val loss = 0.552532, total loss = 0.970627, Epoch time: 0.28 seconds, remaining time: 4.45 minutes
Epoch #54: train loss = 1.368045, val loss = 0.538707, total loss = 0.953376, Epoch time: 0.28 seconds, remaining time: 4.45 minutes
Epoch #55: train loss = 1.407895, val loss = 0.550634, total loss = 0.979264, Epoch time: 0.28 seconds, remaining time: 4.43 minutes
Epoch #56: train loss = 1.392540, val loss = 0.529859, total loss = 0.961199, Epoch time: 0.28 seconds, remaining time: 4.43 minutes
Epoch #57: train loss = 1.405348, val loss = 0.615907, total loss = 1.010628, Epoch time: 0.28 seconds, remaining time: 4.42 minutes
Epoch #58: train loss = 1.553371, val loss = 0.560977, total loss = 1.057174, Epoch time: 0.28 seconds, remaining time: 4.41 minutes
Epoch #59: train loss = 1.171477, val loss = 0.523107, total loss = 0.847292, Epoch time: 0.28 seconds, remaining time: 4.40 minutes
Epoch #60: train loss = 1.340557, val loss = 0.547550, total loss = 0.944053, Epoch time: 0.28 seconds, remaining time: 4.39 minutes
Epoch #61: train loss = 1.271114, val loss = 0.476482, total loss = 0.873798, Epoch time: 0.28 seconds, remaining time: 4.39 minutes
Epoch #62: train loss = 1.156695, val loss = 0.434261, total loss = 0.795478, Epoch time: 0.28 seconds, remaining time: 4.38 minutes
Epoch #63: train loss = 1.126399, val loss = 0.362678, total loss = 0.744538, Epoch time: 0.28 seconds, remaining time: 4.38 minutes
Epoch #64: train loss = 1.124704, val loss = 0.312037, total loss = 0.718371, Epoch time: 0.28 seconds, remaining time: 4.38 minutes
Epoch #65: train loss = 1.071498, val loss = 0.274942, total loss = 0.673220, Epoch time: 0.28 seconds, remaining time: 4.37 minutes
Epoch #66: train loss = 1.125138, val loss = 0.294855, total loss = 0.709996, Epoch time: 0.28 seconds, remaining time: 4.37 minutes
Epoch #67: train loss = 1.129720, val loss = 0.289150, total loss = 0.709435, Epoch time: 0.28 seconds, remaining time: 4.36 minutes
Epoch #68: train loss = 1.026737, val loss = 0.301239, total loss = 0.663988, Epoch time: 0.28 seconds, remaining time: 4.36 minutes
Epoch #69: train loss = 0.890025, val loss = 0.259642, total loss = 0.574833, Epoch time: 0.28 seconds, remaining time: 4.35 minutes
Epoch #70: train loss = 1.036146, val loss = 0.243747, total loss = 0.639947, Epoch time: 0.28 seconds, remaining time: 4.35 minutes
Epoch #71: train loss = 1.061937, val loss = 0.294599, total loss = 0.678268, Epoch time: 0.28 seconds, remaining time: 4.34 minutes
Epoch #72: train loss = 1.436316, val loss = 0.436844, total loss = 0.936580, Epoch time: 0.28 seconds, remaining time: 4.33 minutes
Epoch #73: train loss = 1.029364, val loss = 0.340604, total loss = 0.684984, Epoch time: 0.28 seconds, remaining time: 4.33 minutes
Epoch #74: train loss = 1.020901, val loss = 0.314773, total loss = 0.667837, Epoch time: 0.28 seconds, remaining time: 4.33 minutes
Epoch #75: train loss = 1.035889, val loss = 0.342847, total loss = 0.689368, Epoch time: 0.28 seconds, remaining time: 4.32 minutes
Epoch #76: train loss = 0.892319, val loss = 0.242218, total loss = 0.567268, Epoch time: 0.28 seconds, remaining time: 4.32 minutes
Epoch #77: train loss = 0.951070, val loss = 0.218206, total loss = 0.584638, Epoch time: 0.28 seconds, remaining time: 4.31 minutes
Epoch #78: train loss = 0.746030, val loss = 0.204827, total loss = 0.475428, Epoch time: 0.28 seconds, remaining time: 4.31 minutes
Epoch #79: train loss = 0.811881, val loss = 0.161134, total loss = 0.486507, Epoch time: 0.28 seconds, remaining time: 4.30 minutes
Epoch #80: train loss = 1.467077, val loss = 0.248810, total loss = 0.857943, Epoch time: 0.28 seconds, remaining time: 4.30 minutes
Epoch #81: train loss = 1.005793, val loss = 0.217629, total loss = 0.611711, Epoch time: 0.28 seconds, remaining time: 4.29 minutes
Epoch #82: train loss = 0.963342, val loss = 0.210819, total loss = 0.587080, Epoch time: 0.28 seconds, remaining time: 4.28 minutes
Epoch #83: train loss = 0.901193, val loss = 0.223208, total loss = 0.562200, Epoch time: 0.28 seconds, remaining time: 4.28 minutes
Epoch #84: train loss = 0.890954, val loss = 0.206034, total loss = 0.548494, Epoch time: 0.28 seconds, remaining time: 4.27 minutes
Epoch #85: train loss = 0.976278, val loss = 0.206045, total loss = 0.591162, Epoch time: 0.28 seconds, remaining time: 4.27 minutes
Epoch #86: train loss = 0.783755, val loss = 0.192409, total loss = 0.488082, Epoch time: 0.28 seconds, remaining time: 4.26 minutes
Epoch #87: train loss = 0.750626, val loss = 0.109803, total loss = 0.430215, Epoch time: 0.28 seconds, remaining time: 4.26 minutes
Epoch #88: train loss = 1.224314, val loss = 0.169219, total loss = 0.696767, Epoch time: 0.28 seconds, remaining time: 4.26 minutes
Epoch #89: train loss = 1.024217, val loss = 0.240391, total loss = 0.632304, Epoch time: 0.28 seconds, remaining time: 4.25 minutes
Epoch #90: train loss = 0.927008, val loss = 0.216919, total loss = 0.571963, Epoch time: 0.28 seconds, remaining time: 4.25 minutes
Epoch #91: train loss = 0.906974, val loss = 0.191837, total loss = 0.549406, Epoch time: 0.28 seconds, remaining time: 4.24 minutes
Epoch #92: train loss = 0.734972, val loss = 0.169867, total loss = 0.452420, Epoch time: 0.28 seconds, remaining time: 4.24 minutes
Epoch #93: train loss = 0.819280, val loss = 0.151372, total loss = 0.485326, Epoch time: 0.28 seconds, remaining time: 4.23 minutes
Epoch #94: train loss = 0.870478, val loss = 0.159792, total loss = 0.515135, Epoch time: 0.28 seconds, remaining time: 4.23 minutes
Epoch #95: train loss = 1.126683, val loss = 0.189983, total loss = 0.658333, Epoch time: 0.28 seconds, remaining time: 4.22 minutes
Epoch #96: train loss = 0.831416, val loss = 0.230376, total loss = 0.530896, Epoch time: 0.28 seconds, remaining time: 4.22 minutes
Epoch #97: train loss = 0.893998, val loss = 0.225469, total loss = 0.559733, Epoch time: 0.28 seconds, remaining time: 4.21 minutes
Epoch #98: train loss = 0.889591, val loss = 0.202162, total loss = 0.545876, Epoch time: 0.28 seconds, remaining time: 4.21 minutes
Epoch #99: train loss = 0.712409, val loss = 0.188215, total loss = 0.450312, Epoch time: 0.28 seconds, remaining time: 4.20 minutes
Epoch #100: train loss = 0.781644, val loss = 0.158423, total loss = 0.470033, Epoch time: 0.28 seconds, remaining time: 4.20 minutes
Epoch #101: train loss = 0.790244, val loss = 0.158406, total loss = 0.474325, Epoch time: 0.28 seconds, remaining time: 4.19 minutes
Epoch #102: train loss = 1.057328, val loss = 0.177948, total loss = 0.617638, Epoch time: 0.28 seconds, remaining time: 4.18 minutes
Epoch #103: train loss = 0.915159, val loss = 0.176477, total loss = 0.545818, Epoch time: 0.28 seconds, remaining time: 4.18 minutes
Epoch #104: train loss = 0.837769, val loss = 0.155748, total loss = 0.496758, Epoch time: 0.28 seconds, remaining time: 4.17 minutes
Epoch #105: train loss = 0.815267, val loss = 0.170097, total loss = 0.492682, Epoch time: 0.28 seconds, remaining time: 4.17 minutes
Epoch #106: train loss = 0.702074, val loss = 0.159023, total loss = 0.430548, Epoch time: 0.28 seconds, remaining time: 4.16 minutes
Epoch #107: train loss = 0.776803, val loss = 0.169359, total loss = 0.473081, Epoch time: 0.28 seconds, remaining time: 4.16 minutes
Epoch #108: train loss = 0.764580, val loss = 0.175017, total loss = 0.469799, Epoch time: 0.28 seconds, remaining time: 4.15 minutes
Epoch #109: train loss = 0.657455, val loss = 0.143266, total loss = 0.400360, Epoch time: 0.28 seconds, remaining time: 4.15 minutes
Epoch #110: train loss = 0.840357, val loss = 0.168640, total loss = 0.504498, Epoch time: 0.28 seconds, remaining time: 4.14 minutes
Epoch #111: train loss = 0.845028, val loss = 0.145607, total loss = 0.495317, Epoch time: 0.28 seconds, remaining time: 4.13 minutes
Epoch #112: train loss = 0.836088, val loss = 0.173711, total loss = 0.504899, Epoch time: 0.28 seconds, remaining time: 4.12 minutes
Epoch #113: train loss = 0.838484, val loss = 0.236110, total loss = 0.537297, Epoch time: 0.28 seconds, remaining time: 4.12 minutes
Epoch #114: train loss = 0.705290, val loss = 0.189448, total loss = 0.447369, Epoch time: 0.28 seconds, remaining time: 4.12 minutes
Epoch #115: train loss = 0.684226, val loss = 0.122225, total loss = 0.403225, Epoch time: 0.28 seconds, remaining time: 4.11 minutes
Epoch #116: train loss = 0.639547, val loss = 0.150252, total loss = 0.394900, Epoch time: 0.28 seconds, remaining time: 4.11 minutes
Epoch #117: train loss = 0.689366, val loss = 0.128947, total loss = 0.409157, Epoch time: 0.28 seconds, remaining time: 4.11 minutes
Epoch #118: train loss = 0.631701, val loss = 0.129753, total loss = 0.380727, Epoch time: 0.28 seconds, remaining time: 4.10 minutes
Epoch #119: train loss = 0.770804, val loss = 0.151066, total loss = 0.460935, Epoch time: 0.28 seconds, remaining time: 4.10 minutes
Epoch #120: train loss = 1.076384, val loss = 0.122270, total loss = 0.599327, Epoch time: 0.28 seconds, remaining time: 4.09 minutes
Epoch #121: train loss = 0.717961, val loss = 0.142101, total loss = 0.430031, Epoch time: 0.28 seconds, remaining time: 4.09 minutes
Epoch #122: train loss = 0.686859, val loss = 0.127250, total loss = 0.407055, Epoch time: 0.28 seconds, remaining time: 4.08 minutes
Epoch #123: train loss = 0.831164, val loss = 0.131665, total loss = 0.481415, Epoch time: 0.28 seconds, remaining time: 4.08 minutes
Epoch #124: train loss = 0.903708, val loss = 0.180081, total loss = 0.541894, Epoch time: 0.28 seconds, remaining time: 4.07 minutes
Epoch #125: train loss = 0.683635, val loss = 0.171602, total loss = 0.427618, Epoch time: 0.28 seconds, remaining time: 4.07 minutes
Epoch #126: train loss = 0.572669, val loss = 0.099270, total loss = 0.335969, Epoch time: 0.28 seconds, remaining time: 4.06 minutes
Epoch #127: train loss = 0.899583, val loss = 0.130102, total loss = 0.514843, Epoch time: 0.28 seconds, remaining time: 4.05 minutes
Epoch #128: train loss = 0.655560, val loss = 0.159106, total loss = 0.407333, Epoch time: 0.28 seconds, remaining time: 4.05 minutes
Epoch #129: train loss = 0.655375, val loss = 0.152618, total loss = 0.403997, Epoch time: 0.28 seconds, remaining time: 4.05 minutes
Epoch #130: train loss = 0.505228, val loss = 0.146452, total loss = 0.325840, Epoch time: 0.28 seconds, remaining time: 4.04 minutes
Epoch #131: train loss = 1.094035, val loss = 0.145399, total loss = 0.619717, Epoch time: 0.28 seconds, remaining time: 4.04 minutes
Epoch #132: train loss = 0.753180, val loss = 0.136414, total loss = 0.444797, Epoch time: 0.28 seconds, remaining time: 4.03 minutes
Epoch #133: train loss = 0.541643, val loss = 0.129566, total loss = 0.335604, Epoch time: 0.28 seconds, remaining time: 4.03 minutes
Epoch #134: train loss = 0.588240, val loss = 0.132493, total loss = 0.360366, Epoch time: 0.28 seconds, remaining time: 4.02 minutes
Epoch #135: train loss = 0.495757, val loss = 0.096085, total loss = 0.295921, Epoch time: 0.28 seconds, remaining time: 4.02 minutes
Epoch #136: train loss = 0.650593, val loss = 0.115942, total loss = 0.383268, Epoch time: 0.28 seconds, remaining time: 4.02 minutes
Epoch #137: train loss = 0.438151, val loss = 0.088109, total loss = 0.263130, Epoch time: 0.28 seconds, remaining time: 4.02 minutes
Epoch #138: train loss = 0.505321, val loss = 0.080163, total loss = 0.292742, Epoch time: 0.28 seconds, remaining time: 4.01 minutes
Epoch #139: train loss = 0.568947, val loss = 0.109527, total loss = 0.339237, Epoch time: 0.28 seconds, remaining time: 4.01 minutes
Epoch #140: train loss = 0.572013, val loss = 0.107949, total loss = 0.339981, Epoch time: 0.28 seconds, remaining time: 4.00 minutes
Epoch #141: train loss = 0.469716, val loss = 0.104395, total loss = 0.287055, Epoch time: 0.28 seconds, remaining time: 4.00 minutes
Epoch #142: train loss = 0.458051, val loss = 0.112672, total loss = 0.285361, Epoch time: 0.28 seconds, remaining time: 3.99 minutes
Epoch #143: train loss = 0.470922, val loss = 0.083365, total loss = 0.277143, Epoch time: 0.28 seconds, remaining time: 3.99 minutes
Epoch #144: train loss = 0.570162, val loss = 0.072585, total loss = 0.321374, Epoch time: 0.28 seconds, remaining time: 3.98 minutes
Epoch #145: train loss = 0.547214, val loss = 0.079103, total loss = 0.313159, Epoch time: 0.28 seconds, remaining time: 3.98 minutes
Epoch #146: train loss = 0.514395, val loss = 0.088964, total loss = 0.301679, Epoch time: 0.28 seconds, remaining time: 3.97 minutes
Epoch #147: train loss = 0.666418, val loss = 0.095067, total loss = 0.380743, Epoch time: 0.28 seconds, remaining time: 3.96 minutes
Epoch #148: train loss = 0.501901, val loss = 0.090257, total loss = 0.296079, Epoch time: 0.28 seconds, remaining time: 3.96 minutes
Epoch #149: train loss = 0.497283, val loss = 0.117507, total loss = 0.307395, Epoch time: 0.28 seconds, remaining time: 3.95 minutes
Epoch #150: train loss = 0.507986, val loss = 0.093658, total loss = 0.300822, Epoch time: 0.28 seconds, remaining time: 3.95 minutes
Epoch #151: train loss = 0.721694, val loss = 0.083637, total loss = 0.402665, Epoch time: 0.28 seconds, remaining time: 3.94 minutes
Epoch #152: train loss = 0.716087, val loss = 0.111798, total loss = 0.413943, Epoch time: 0.28 seconds, remaining time: 3.94 minutes
Epoch #153: train loss = 0.629272, val loss = 0.107010, total loss = 0.368141, Epoch time: 0.28 seconds, remaining time: 3.93 minutes
Epoch #154: train loss = 0.499440, val loss = 0.110302, total loss = 0.304871, Epoch time: 0.28 seconds, remaining time: 3.93 minutes
Epoch #155: train loss = 0.739275, val loss = 0.128764, total loss = 0.434019, Epoch time: 0.28 seconds, remaining time: 3.92 minutes
Epoch #156: train loss = 0.775563, val loss = 0.144316, total loss = 0.459940, Epoch time: 0.28 seconds, remaining time: 3.91 minutes
Epoch #157: train loss = 0.484967, val loss = 0.135219, total loss = 0.310093, Epoch time: 0.28 seconds, remaining time: 3.91 minutes
Epoch #158: train loss = 0.638385, val loss = 0.104423, total loss = 0.371404, Epoch time: 0.28 seconds, remaining time: 3.90 minutes
Epoch #159: train loss = 0.532724, val loss = 0.151412, total loss = 0.342068, Epoch time: 0.28 seconds, remaining time: 3.90 minutes
Epoch #160: train loss = 0.591717, val loss = 0.094381, total loss = 0.343049, Epoch time: 0.28 seconds, remaining time: 3.90 minutes
Epoch #161: train loss = 0.458130, val loss = 0.097896, total loss = 0.278013, Epoch time: 0.28 seconds, remaining time: 3.89 minutes
Epoch #162: train loss = 0.441119, val loss = 0.092386, total loss = 0.266753, Epoch time: 0.28 seconds, remaining time: 3.89 minutes
Epoch #163: train loss = 0.589607, val loss = 0.079193, total loss = 0.334400, Epoch time: 0.28 seconds, remaining time: 3.88 minutes
Epoch #164: train loss = 0.801512, val loss = 0.081375, total loss = 0.441444, Epoch time: 0.28 seconds, remaining time: 3.88 minutes
Epoch #165: train loss = 0.891264, val loss = 0.119064, total loss = 0.505164, Epoch time: 0.28 seconds, remaining time: 3.87 minutes
Epoch #166: train loss = 0.752194, val loss = 0.137362, total loss = 0.444778, Epoch time: 0.28 seconds, remaining time: 3.87 minutes
Epoch #167: train loss = 0.656103, val loss = 0.150129, total loss = 0.403116, Epoch time: 0.28 seconds, remaining time: 3.86 minutes
Epoch #168: train loss = 0.585974, val loss = 0.102403, total loss = 0.344189, Epoch time: 0.28 seconds, remaining time: 3.86 minutes
Epoch #169: train loss = 0.682841, val loss = 0.097947, total loss = 0.390394, Epoch time: 0.28 seconds, remaining time: 3.85 minutes
Epoch #170: train loss = 0.596633, val loss = 0.136797, total loss = 0.366715, Epoch time: 0.28 seconds, remaining time: 3.85 minutes
Epoch #171: train loss = 0.560044, val loss = 0.098907, total loss = 0.329476, Epoch time: 0.28 seconds, remaining time: 3.84 minutes
Epoch #172: train loss = 0.539850, val loss = 0.150097, total loss = 0.344973, Epoch time: 0.28 seconds, remaining time: 3.84 minutes
Epoch #173: train loss = 0.565400, val loss = 0.105524, total loss = 0.335462, Epoch time: 0.28 seconds, remaining time: 3.83 minutes
Epoch #174: train loss = 0.498952, val loss = 0.081637, total loss = 0.290295, Epoch time: 0.28 seconds, remaining time: 3.83 minutes
Epoch #175: train loss = 0.463421, val loss = 0.118138, total loss = 0.290780, Epoch time: 0.28 seconds, remaining time: 3.83 minutes
Epoch #176: train loss = 0.414711, val loss = 0.100374, total loss = 0.257543, Epoch time: 0.28 seconds, remaining time: 3.82 minutes
Epoch #177: train loss = 0.506740, val loss = 0.121180, total loss = 0.313960, Epoch time: 0.28 seconds, remaining time: 3.82 minutes
Epoch #178: train loss = 0.551718, val loss = 0.088144, total loss = 0.319931, Epoch time: 0.28 seconds, remaining time: 3.81 minutes
Epoch #179: train loss = 0.458994, val loss = 0.112850, total loss = 0.285922, Epoch time: 0.28 seconds, remaining time: 3.81 minutes
Epoch #180: train loss = 0.495622, val loss = 0.096065, total loss = 0.295844, Epoch time: 0.28 seconds, remaining time: 3.81 minutes
Epoch #181: train loss = 0.915861, val loss = 0.126423, total loss = 0.521142, Epoch time: 0.28 seconds, remaining time: 3.80 minutes
Epoch #182: train loss = 0.601698, val loss = 0.089248, total loss = 0.345473, Epoch time: 0.28 seconds, remaining time: 3.80 minutes
Epoch #183: train loss = 0.430188, val loss = 0.098387, total loss = 0.264287, Epoch time: 0.28 seconds, remaining time: 3.79 minutes
Epoch #184: train loss = 0.394962, val loss = 0.059397, total loss = 0.227179, Epoch time: 0.28 seconds, remaining time: 3.79 minutes
Epoch #185: train loss = 0.717136, val loss = 0.062990, total loss = 0.390063, Epoch time: 0.28 seconds, remaining time: 3.78 minutes
Epoch #186: train loss = 0.625116, val loss = 0.143008, total loss = 0.384062, Epoch time: 0.28 seconds, remaining time: 3.78 minutes
Epoch #187: train loss = 0.601611, val loss = 0.088735, total loss = 0.345173, Epoch time: 0.28 seconds, remaining time: 3.78 minutes
Epoch #188: train loss = 0.666823, val loss = 0.075332, total loss = 0.371077, Epoch time: 0.28 seconds, remaining time: 3.77 minutes
Epoch #189: train loss = 0.406096, val loss = 0.070251, total loss = 0.238173, Epoch time: 0.28 seconds, remaining time: 3.77 minutes
Epoch #190: train loss = 0.561661, val loss = 0.061816, total loss = 0.311738, Epoch time: 0.28 seconds, remaining time: 3.76 minutes
Epoch #191: train loss = 0.529179, val loss = 0.071272, total loss = 0.300225, Epoch time: 0.28 seconds, remaining time: 3.76 minutes
Epoch #192: train loss = 0.435533, val loss = 0.058913, total loss = 0.247223, Epoch time: 0.28 seconds, remaining time: 3.75 minutes
Epoch #193: train loss = 0.464983, val loss = 0.081453, total loss = 0.273218, Epoch time: 0.28 seconds, remaining time: 3.75 minutes
Epoch #194: train loss = 0.416147, val loss = 0.055667, total loss = 0.235907, Epoch time: 0.28 seconds, remaining time: 3.74 minutes
Epoch #195: train loss = 0.483411, val loss = 0.060726, total loss = 0.272068, Epoch time: 0.28 seconds, remaining time: 3.74 minutes
Epoch #196: train loss = 0.398673, val loss = 0.085736, total loss = 0.242205, Epoch time: 0.28 seconds, remaining time: 3.74 minutes
Epoch #197: train loss = 0.410042, val loss = 0.065410, total loss = 0.237726, Epoch time: 0.28 seconds, remaining time: 3.73 minutes
Epoch #198: train loss = 0.517440, val loss = 0.040969, total loss = 0.279204, Epoch time: 0.28 seconds, remaining time: 3.73 minutes
Epoch #199: train loss = 0.644009, val loss = 0.074611, total loss = 0.359310, Epoch time: 0.28 seconds, remaining time: 3.72 minutes
Epoch #200: train loss = 0.538920, val loss = 0.072105, total loss = 0.305512, Epoch time: 0.28 seconds, remaining time: 3.71 minutes
Epoch #201: train loss = 0.527839, val loss = 0.078794, total loss = 0.303317, Epoch time: 0.28 seconds, remaining time: 3.71 minutes
Epoch #202: train loss = 0.441471, val loss = 0.099985, total loss = 0.270728, Epoch time: 0.28 seconds, remaining time: 3.71 minutes
Epoch #203: train loss = 0.403636, val loss = 0.052860, total loss = 0.228248, Epoch time: 0.28 seconds, remaining time: 3.70 minutes
Epoch #204: train loss = 0.403254, val loss = 0.075940, total loss = 0.239597, Epoch time: 0.28 seconds, remaining time: 3.70 minutes
Epoch #205: train loss = 0.395216, val loss = 0.065571, total loss = 0.230393, Epoch time: 0.28 seconds, remaining time: 3.70 minutes
Epoch #206: train loss = 0.435624, val loss = 0.055200, total loss = 0.245412, Epoch time: 0.28 seconds, remaining time: 3.69 minutes
Epoch #207: train loss = 0.418426, val loss = 0.094224, total loss = 0.256325, Epoch time: 0.28 seconds, remaining time: 3.69 minutes
Epoch #208: train loss = 0.352024, val loss = 0.068407, total loss = 0.210216, Epoch time: 0.28 seconds, remaining time: 3.68 minutes
Epoch #209: train loss = 0.519183, val loss = 0.049984, total loss = 0.284583, Epoch time: 0.28 seconds, remaining time: 3.68 minutes
Epoch #210: train loss = 0.338733, val loss = 0.060437, total loss = 0.199585, Epoch time: 0.28 seconds, remaining time: 3.67 minutes
Epoch #211: train loss = 0.441220, val loss = 0.059550, total loss = 0.250385, Epoch time: 0.28 seconds, remaining time: 3.67 minutes
Epoch #212: train loss = 0.389322, val loss = 0.056216, total loss = 0.222769, Epoch time: 0.28 seconds, remaining time: 3.66 minutes
Epoch #213: train loss = 0.415045, val loss = 0.046727, total loss = 0.230886, Epoch time: 0.28 seconds, remaining time: 3.66 minutes
Epoch #214: train loss = 0.340189, val loss = 0.062767, total loss = 0.201478, Epoch time: 0.28 seconds, remaining time: 3.65 minutes
Epoch #215: train loss = 0.549477, val loss = 0.055542, total loss = 0.302510, Epoch time: 0.28 seconds, remaining time: 3.65 minutes
Epoch #216: train loss = 0.344130, val loss = 0.043015, total loss = 0.193573, Epoch time: 0.28 seconds, remaining time: 3.64 minutes
Epoch #217: train loss = 0.343902, val loss = 0.065946, total loss = 0.204924, Epoch time: 0.28 seconds, remaining time: 3.64 minutes
Epoch #218: train loss = 0.567074, val loss = 0.049754, total loss = 0.308414, Epoch time: 0.28 seconds, remaining time: 3.63 minutes
Epoch #219: train loss = 0.371532, val loss = 0.063528, total loss = 0.217530, Epoch time: 0.28 seconds, remaining time: 3.63 minutes
Epoch #220: train loss = 0.449028, val loss = 0.037258, total loss = 0.243143, Epoch time: 0.28 seconds, remaining time: 3.62 minutes
Epoch #221: train loss = 0.637688, val loss = 0.073130, total loss = 0.355409, Epoch time: 0.28 seconds, remaining time: 3.62 minutes
Epoch #222: train loss = 0.504491, val loss = 0.088130, total loss = 0.296310, Epoch time: 0.28 seconds, remaining time: 3.61 minutes
Epoch #223: train loss = 0.295727, val loss = 0.081465, total loss = 0.188596, Epoch time: 0.28 seconds, remaining time: 3.61 minutes
Epoch #224: train loss = 0.295932, val loss = 0.065248, total loss = 0.180590, Epoch time: 0.28 seconds, remaining time: 3.61 minutes
Epoch #225: train loss = 0.570334, val loss = 0.068205, total loss = 0.319269, Epoch time: 0.28 seconds, remaining time: 3.60 minutes
Epoch #226: train loss = 0.556183, val loss = 0.075157, total loss = 0.315670, Epoch time: 0.28 seconds, remaining time: 3.60 minutes
Epoch #227: train loss = 0.382362, val loss = 0.072017, total loss = 0.227190, Epoch time: 0.28 seconds, remaining time: 3.59 minutes
Epoch #228: train loss = 0.360643, val loss = 0.068924, total loss = 0.214783, Epoch time: 0.28 seconds, remaining time: 3.59 minutes
Epoch #229: train loss = 0.411009, val loss = 0.059323, total loss = 0.235166, Epoch time: 0.28 seconds, remaining time: 3.58 minutes
Epoch #230: train loss = 0.388200, val loss = 0.044138, total loss = 0.216169, Epoch time: 0.28 seconds, remaining time: 3.58 minutes
Epoch #231: train loss = 0.711912, val loss = 0.059341, total loss = 0.385626, Epoch time: 0.28 seconds, remaining time: 3.57 minutes
Epoch #232: train loss = 0.533781, val loss = 0.078404, total loss = 0.306092, Epoch time: 0.28 seconds, remaining time: 3.57 minutes
Epoch #233: train loss = 0.597144, val loss = 0.075735, total loss = 0.336440, Epoch time: 0.28 seconds, remaining time: 3.56 minutes
Epoch #234: train loss = 0.670373, val loss = 0.069630, total loss = 0.370001, Epoch time: 0.28 seconds, remaining time: 3.55 minutes
Epoch #235: train loss = 0.376447, val loss = 0.092198, total loss = 0.234322, Epoch time: 0.28 seconds, remaining time: 3.55 minutes
Epoch #236: train loss = 0.522496, val loss = 0.067888, total loss = 0.295192, Epoch time: 0.28 seconds, remaining time: 3.54 minutes
Epoch #237: train loss = 0.425596, val loss = 0.105356, total loss = 0.265476, Epoch time: 0.28 seconds, remaining time: 3.54 minutes
Epoch #238: train loss = 0.525196, val loss = 0.065368, total loss = 0.295282, Epoch time: 0.28 seconds, remaining time: 3.53 minutes
Epoch #239: train loss = 0.344592, val loss = 0.087004, total loss = 0.215798, Epoch time: 0.28 seconds, remaining time: 3.53 minutes
Epoch #240: train loss = 0.411387, val loss = 0.069980, total loss = 0.240683, Epoch time: 0.28 seconds, remaining time: 3.52 minutes
Epoch #241: train loss = 0.530225, val loss = 0.066283, total loss = 0.298254, Epoch time: 0.28 seconds, remaining time: 3.52 minutes
Epoch #242: train loss = 0.439484, val loss = 0.088208, total loss = 0.263846, Epoch time: 0.28 seconds, remaining time: 3.51 minutes
Epoch #243: train loss = 0.440135, val loss = 0.088485, total loss = 0.264310, Epoch time: 0.28 seconds, remaining time: 3.51 minutes
Epoch #244: train loss = 0.346114, val loss = 0.046452, total loss = 0.196283, Epoch time: 0.28 seconds, remaining time: 3.50 minutes
Epoch #245: train loss = 0.888526, val loss = 0.061729, total loss = 0.475127, Epoch time: 0.28 seconds, remaining time: 3.50 minutes
Epoch #246: train loss = 0.323873, val loss = 0.058962, total loss = 0.191417, Epoch time: 0.28 seconds, remaining time: 3.49 minutes
Epoch #247: train loss = 0.923108, val loss = 0.070260, total loss = 0.496684, Epoch time: 0.28 seconds, remaining time: 3.49 minutes
Epoch #248: train loss = 0.382389, val loss = 0.060117, total loss = 0.221253, Epoch time: 0.28 seconds, remaining time: 3.48 minutes
Epoch #249: train loss = 0.470223, val loss = 0.065305, total loss = 0.267764, Epoch time: 0.28 seconds, remaining time: 3.48 minutes
Epoch #250: train loss = 0.635058, val loss = 0.076264, total loss = 0.355661, Epoch time: 0.28 seconds, remaining time: 3.47 minutes
Epoch #251: train loss = 0.388362, val loss = 0.072932, total loss = 0.230647, Epoch time: 0.28 seconds, remaining time: 3.47 minutes
Epoch #252: train loss = 0.534925, val loss = 0.065869, total loss = 0.300397, Epoch time: 0.28 seconds, remaining time: 3.46 minutes
Epoch #253: train loss = 0.414027, val loss = 0.097661, total loss = 0.255844, Epoch time: 0.28 seconds, remaining time: 3.46 minutes
Epoch #254: train loss = 0.352510, val loss = 0.071038, total loss = 0.211774, Epoch time: 0.28 seconds, remaining time: 3.45 minutes
Epoch #255: train loss = 0.343929, val loss = 0.098749, total loss = 0.221339, Epoch time: 0.28 seconds, remaining time: 3.45 minutes
Epoch #256: train loss = 0.340200, val loss = 0.061846, total loss = 0.201023, Epoch time: 0.28 seconds, remaining time: 3.44 minutes
Epoch #257: train loss = 0.496160, val loss = 0.049708, total loss = 0.272934, Epoch time: 0.28 seconds, remaining time: 3.44 minutes
Epoch #258: train loss = 0.347650, val loss = 0.046738, total loss = 0.197194, Epoch time: 0.28 seconds, remaining time: 3.43 minutes
Epoch #259: train loss = 0.361730, val loss = 0.046594, total loss = 0.204162, Epoch time: 0.28 seconds, remaining time: 3.43 minutes
Epoch #260: train loss = 0.560650, val loss = 0.070657, total loss = 0.315654, Epoch time: 0.28 seconds, remaining time: 3.42 minutes
Epoch #261: train loss = 0.314272, val loss = 0.062426, total loss = 0.188349, Epoch time: 0.28 seconds, remaining time: 3.42 minutes
Epoch #262: train loss = 0.430887, val loss = 0.066636, total loss = 0.248762, Epoch time: 0.28 seconds, remaining time: 3.41 minutes
Epoch #263: train loss = 0.392540, val loss = 0.060365, total loss = 0.226452, Epoch time: 0.28 seconds, remaining time: 3.41 minutes
Epoch #264: train loss = 0.849770, val loss = 0.065112, total loss = 0.457441, Epoch time: 0.28 seconds, remaining time: 3.40 minutes
Epoch #265: train loss = 0.293927, val loss = 0.082492, total loss = 0.188209, Epoch time: 0.28 seconds, remaining time: 3.40 minutes
Epoch #266: train loss = 0.436986, val loss = 0.074251, total loss = 0.255619, Epoch time: 0.28 seconds, remaining time: 3.39 minutes
Epoch #267: train loss = 0.505710, val loss = 0.072065, total loss = 0.288888, Epoch time: 0.28 seconds, remaining time: 3.39 minutes
Epoch #268: train loss = 0.422218, val loss = 0.090558, total loss = 0.256388, Epoch time: 0.28 seconds, remaining time: 3.38 minutes
Epoch #269: train loss = 0.638706, val loss = 0.086772, total loss = 0.362739, Epoch time: 0.28 seconds, remaining time: 3.38 minutes
Epoch #270: train loss = 0.431406, val loss = 0.098068, total loss = 0.264737, Epoch time: 0.28 seconds, remaining time: 3.37 minutes
Epoch #271: train loss = 0.535452, val loss = 0.069757, total loss = 0.302605, Epoch time: 0.28 seconds, remaining time: 3.37 minutes
Epoch #272: train loss = 0.429112, val loss = 0.056844, total loss = 0.242978, Epoch time: 0.28 seconds, remaining time: 3.36 minutes
Epoch #273: train loss = 0.341728, val loss = 0.067465, total loss = 0.204596, Epoch time: 0.28 seconds, remaining time: 3.36 minutes
Epoch #274: train loss = 0.621459, val loss = 0.040062, total loss = 0.330760, Epoch time: 0.28 seconds, remaining time: 3.35 minutes
Epoch #275: train loss = 0.455904, val loss = 0.056641, total loss = 0.256273, Epoch time: 0.28 seconds, remaining time: 3.35 minutes
Epoch #276: train loss = 0.460763, val loss = 0.063195, total loss = 0.261979, Epoch time: 0.28 seconds, remaining time: 3.34 minutes
Epoch #277: train loss = 0.456928, val loss = 0.062697, total loss = 0.259812, Epoch time: 0.28 seconds, remaining time: 3.34 minutes
Epoch #278: train loss = 0.417740, val loss = 0.077260, total loss = 0.247500, Epoch time: 0.28 seconds, remaining time: 3.33 minutes
Epoch #279: train loss = 0.401207, val loss = 0.056107, total loss = 0.228657, Epoch time: 0.28 seconds, remaining time: 3.33 minutes
Epoch #280: train loss = 0.364692, val loss = 0.076130, total loss = 0.220411, Epoch time: 0.28 seconds, remaining time: 3.32 minutes
Epoch #281: train loss = 0.708493, val loss = 0.044105, total loss = 0.376299, Epoch time: 0.28 seconds, remaining time: 3.32 minutes
Epoch #282: train loss = 0.591033, val loss = 0.066304, total loss = 0.328668, Epoch time: 0.28 seconds, remaining time: 3.31 minutes
Epoch #283: train loss = 0.573877, val loss = 0.050444, total loss = 0.312160, Epoch time: 0.28 seconds, remaining time: 3.31 minutes
Epoch #284: train loss = 0.433394, val loss = 0.082995, total loss = 0.258194, Epoch time: 0.28 seconds, remaining time: 3.30 minutes
Epoch #285: train loss = 0.523988, val loss = 0.054723, total loss = 0.289356, Epoch time: 0.28 seconds, remaining time: 3.30 minutes
Epoch #286: train loss = 0.398450, val loss = 0.036110, total loss = 0.217280, Epoch time: 0.28 seconds, remaining time: 3.29 minutes
Epoch #287: train loss = 0.376344, val loss = 0.087702, total loss = 0.232023, Epoch time: 0.28 seconds, remaining time: 3.29 minutes
Epoch #288: train loss = 0.347669, val loss = 0.071229, total loss = 0.209449, Epoch time: 0.28 seconds, remaining time: 3.29 minutes
Epoch #289: train loss = 0.456403, val loss = 0.060648, total loss = 0.258526, Epoch time: 0.28 seconds, remaining time: 3.28 minutes
Epoch #290: train loss = 0.323138, val loss = 0.056229, total loss = 0.189683, Epoch time: 0.28 seconds, remaining time: 3.28 minutes
Epoch #291: train loss = 0.352514, val loss = 0.076473, total loss = 0.214493, Epoch time: 0.28 seconds, remaining time: 3.27 minutes
Epoch #292: train loss = 0.373381, val loss = 0.059581, total loss = 0.216481, Epoch time: 0.28 seconds, remaining time: 3.27 minutes
Epoch #293: train loss = 0.649338, val loss = 0.079543, total loss = 0.364441, Epoch time: 0.28 seconds, remaining time: 3.26 minutes
Epoch #294: train loss = 0.334510, val loss = 0.066589, total loss = 0.200550, Epoch time: 0.28 seconds, remaining time: 3.26 minutes
Epoch #295: train loss = 0.352658, val loss = 0.082385, total loss = 0.217521, Epoch time: 0.28 seconds, remaining time: 3.25 minutes
Epoch #296: train loss = 0.566641, val loss = 0.078841, total loss = 0.322741, Epoch time: 0.28 seconds, remaining time: 3.25 minutes
Epoch #297: train loss = 0.331385, val loss = 0.078392, total loss = 0.204888, Epoch time: 0.28 seconds, remaining time: 3.24 minutes
Epoch #298: train loss = 0.364009, val loss = 0.066623, total loss = 0.215316, Epoch time: 0.28 seconds, remaining time: 3.24 minutes
Epoch #299: train loss = 0.329643, val loss = 0.054502, total loss = 0.192073, Epoch time: 0.28 seconds, remaining time: 3.23 minutes
Epoch #300: train loss = 0.428401, val loss = 0.054446, total loss = 0.241423, Epoch time: 0.28 seconds, remaining time: 3.23 minutes
Epoch #301: train loss = 0.303724, val loss = 0.055216, total loss = 0.179470, Epoch time: 0.28 seconds, remaining time: 3.23 minutes
Epoch #302: train loss = 0.523029, val loss = 0.051425, total loss = 0.287227, Epoch time: 0.28 seconds, remaining time: 3.22 minutes
Epoch #303: train loss = 0.207587, val loss = 0.058252, total loss = 0.132920, Epoch time: 0.28 seconds, remaining time: 3.22 minutes
Epoch #304: train loss = 0.403291, val loss = 0.035395, total loss = 0.219343, Epoch time: 0.28 seconds, remaining time: 3.21 minutes
Epoch #305: train loss = 0.254560, val loss = 0.030770, total loss = 0.142665, Epoch time: 0.28 seconds, remaining time: 3.21 minutes
Epoch #306: train loss = 0.511731, val loss = 0.046935, total loss = 0.279333, Epoch time: 0.28 seconds, remaining time: 3.20 minutes
Epoch #307: train loss = 0.438251, val loss = 0.040011, total loss = 0.239131, Epoch time: 0.28 seconds, remaining time: 3.20 minutes
Epoch #308: train loss = 0.394629, val loss = 0.077571, total loss = 0.236100, Epoch time: 0.28 seconds, remaining time: 3.19 minutes
Epoch #309: train loss = 0.403021, val loss = 0.054601, total loss = 0.228811, Epoch time: 0.28 seconds, remaining time: 3.19 minutes
Epoch #310: train loss = 0.278980, val loss = 0.049210, total loss = 0.164095, Epoch time: 0.28 seconds, remaining time: 3.19 minutes
Epoch #311: train loss = 0.340911, val loss = 0.051320, total loss = 0.196116, Epoch time: 0.28 seconds, remaining time: 3.18 minutes
Epoch #312: train loss = 0.331133, val loss = 0.073841, total loss = 0.202487, Epoch time: 0.28 seconds, remaining time: 3.18 minutes
Epoch #313: train loss = 0.309013, val loss = 0.048936, total loss = 0.178974, Epoch time: 0.28 seconds, remaining time: 3.17 minutes
Epoch #314: train loss = 0.769701, val loss = 0.056196, total loss = 0.412948, Epoch time: 0.28 seconds, remaining time: 3.17 minutes
Epoch #315: train loss = 0.444228, val loss = 0.080355, total loss = 0.262292, Epoch time: 0.28 seconds, remaining time: 3.16 minutes
Epoch #316: train loss = 0.323417, val loss = 0.083970, total loss = 0.203693, Epoch time: 0.28 seconds, remaining time: 3.16 minutes
Epoch #317: train loss = 0.324782, val loss = 0.048361, total loss = 0.186571, Epoch time: 0.28 seconds, remaining time: 3.16 minutes
Epoch #318: train loss = 0.293979, val loss = 0.066361, total loss = 0.180170, Epoch time: 0.28 seconds, remaining time: 3.15 minutes
Epoch #319: train loss = 0.287220, val loss = 0.065225, total loss = 0.176222, Epoch time: 0.28 seconds, remaining time: 3.15 minutes
Epoch #320: train loss = 0.215741, val loss = 0.039111, total loss = 0.127426, Epoch time: 0.28 seconds, remaining time: 3.14 minutes
Epoch #321: train loss = 0.269410, val loss = 0.068022, total loss = 0.168716, Epoch time: 0.28 seconds, remaining time: 3.14 minutes
Epoch #322: train loss = 0.675850, val loss = 0.075916, total loss = 0.375883, Epoch time: 0.28 seconds, remaining time: 3.13 minutes
Epoch #323: train loss = 0.275537, val loss = 0.037375, total loss = 0.156456, Epoch time: 0.28 seconds, remaining time: 3.13 minutes
Epoch #324: train loss = 0.372372, val loss = 0.065949, total loss = 0.219161, Epoch time: 0.28 seconds, remaining time: 3.13 minutes
Epoch #325: train loss = 0.310516, val loss = 0.047396, total loss = 0.178956, Epoch time: 0.28 seconds, remaining time: 3.12 minutes
Epoch #326: train loss = 0.395689, val loss = 0.052149, total loss = 0.223919, Epoch time: 0.28 seconds, remaining time: 3.12 minutes
Epoch #327: train loss = 0.507515, val loss = 0.037877, total loss = 0.272696, Epoch time: 0.28 seconds, remaining time: 3.11 minutes
Epoch #328: train loss = 0.527316, val loss = 0.087161, total loss = 0.307239, Epoch time: 0.28 seconds, remaining time: 3.11 minutes
Epoch #329: train loss = 0.294818, val loss = 0.084873, total loss = 0.189846, Epoch time: 0.28 seconds, remaining time: 3.10 minutes
Epoch #330: train loss = 0.410167, val loss = 0.052934, total loss = 0.231550, Epoch time: 0.28 seconds, remaining time: 3.10 minutes
Epoch #331: train loss = 0.356343, val loss = 0.051648, total loss = 0.203996, Epoch time: 0.28 seconds, remaining time: 3.09 minutes
Epoch #332: train loss = 0.336809, val loss = 0.051139, total loss = 0.193974, Epoch time: 0.28 seconds, remaining time: 3.09 minutes
Epoch #333: train loss = 0.481026, val loss = 0.042874, total loss = 0.261950, Epoch time: 0.28 seconds, remaining time: 3.08 minutes
Epoch #334: train loss = 0.344779, val loss = 0.046418, total loss = 0.195599, Epoch time: 0.28 seconds, remaining time: 3.08 minutes
Epoch #335: train loss = 0.276604, val loss = 0.035726, total loss = 0.156165, Epoch time: 0.28 seconds, remaining time: 3.07 minutes
Epoch #336: train loss = 0.315514, val loss = 0.044168, total loss = 0.179841, Epoch time: 0.28 seconds, remaining time: 3.07 minutes
Epoch #337: train loss = 0.317018, val loss = 0.036599, total loss = 0.176808, Epoch time: 0.28 seconds, remaining time: 3.07 minutes
Epoch #338: train loss = 0.289445, val loss = 0.036839, total loss = 0.163142, Epoch time: 0.28 seconds, remaining time: 3.06 minutes
Epoch #339: train loss = 0.455868, val loss = 0.041793, total loss = 0.248830, Epoch time: 0.28 seconds, remaining time: 3.06 minutes
Epoch #340: train loss = 0.213020, val loss = 0.089039, total loss = 0.151029, Epoch time: 0.28 seconds, remaining time: 3.05 minutes
Epoch #341: train loss = 0.340249, val loss = 0.049261, total loss = 0.194755, Epoch time: 0.28 seconds, remaining time: 3.05 minutes
Epoch #342: train loss = 0.477391, val loss = 0.058369, total loss = 0.267880, Epoch time: 0.28 seconds, remaining time: 3.04 minutes
Epoch #343: train loss = 0.557704, val loss = 0.047927, total loss = 0.302816, Epoch time: 0.28 seconds, remaining time: 3.04 minutes
Epoch #344: train loss = 0.416550, val loss = 0.062035, total loss = 0.239292, Epoch time: 0.28 seconds, remaining time: 3.03 minutes
Epoch #345: train loss = 0.439657, val loss = 0.064845, total loss = 0.252251, Epoch time: 0.28 seconds, remaining time: 3.03 minutes
Epoch #346: train loss = 0.343884, val loss = 0.063191, total loss = 0.203537, Epoch time: 0.28 seconds, remaining time: 3.02 minutes
Epoch #347: train loss = 0.709464, val loss = 0.065115, total loss = 0.387290, Epoch time: 0.28 seconds, remaining time: 3.02 minutes
Epoch #348: train loss = 0.339865, val loss = 0.060435, total loss = 0.200150, Epoch time: 0.28 seconds, remaining time: 3.01 minutes
Epoch #349: train loss = 0.340890, val loss = 0.035146, total loss = 0.188018, Epoch time: 0.28 seconds, remaining time: 3.01 minutes
Epoch #350: train loss = 0.544590, val loss = 0.048973, total loss = 0.296781, Epoch time: 0.28 seconds, remaining time: 3.01 minutes
Epoch #351: train loss = 0.400118, val loss = 0.059007, total loss = 0.229562, Epoch time: 0.28 seconds, remaining time: 3.00 minutes
Epoch #352: train loss = 0.325303, val loss = 0.048286, total loss = 0.186794, Epoch time: 0.28 seconds, remaining time: 3.00 minutes
Epoch #353: train loss = 0.237211, val loss = 0.051477, total loss = 0.144344, Epoch time: 0.28 seconds, remaining time: 2.99 minutes
Epoch #354: train loss = 0.275030, val loss = 0.020052, total loss = 0.147541, Epoch time: 0.28 seconds, remaining time: 2.99 minutes
Epoch #355: train loss = 0.305674, val loss = 0.036668, total loss = 0.171171, Epoch time: 0.28 seconds, remaining time: 2.98 minutes
Epoch #356: train loss = 0.657363, val loss = 0.040864, total loss = 0.349113, Epoch time: 0.28 seconds, remaining time: 2.98 minutes
Epoch #357: train loss = 0.238602, val loss = 0.046556, total loss = 0.142579, Epoch time: 0.28 seconds, remaining time: 2.98 minutes
Epoch #358: train loss = 0.273604, val loss = 0.052075, total loss = 0.162839, Epoch time: 0.28 seconds, remaining time: 2.97 minutes
Epoch #359: train loss = 0.261863, val loss = 0.053673, total loss = 0.157768, Epoch time: 0.28 seconds, remaining time: 2.97 minutes
Epoch #360: train loss = 0.368011, val loss = 0.060057, total loss = 0.214034, Epoch time: 0.28 seconds, remaining time: 2.96 minutes
Epoch #361: train loss = 0.370835, val loss = 0.044922, total loss = 0.207879, Epoch time: 0.28 seconds, remaining time: 2.96 minutes
Epoch #362: train loss = 0.199231, val loss = 0.052102, total loss = 0.125666, Epoch time: 0.28 seconds, remaining time: 2.95 minutes
Epoch #363: train loss = 0.221759, val loss = 0.034729, total loss = 0.128244, Epoch time: 0.28 seconds, remaining time: 2.95 minutes
Epoch #364: train loss = 0.428870, val loss = 0.031815, total loss = 0.230343, Epoch time: 0.28 seconds, remaining time: 2.94 minutes
Epoch #365: train loss = 0.210964, val loss = 0.035702, total loss = 0.123333, Epoch time: 0.28 seconds, remaining time: 2.94 minutes
Epoch #366: train loss = 0.507222, val loss = 0.042581, total loss = 0.274901, Epoch time: 0.28 seconds, remaining time: 2.93 minutes
Epoch #367: train loss = 0.387537, val loss = 0.076547, total loss = 0.232042, Epoch time: 0.28 seconds, remaining time: 2.93 minutes
Epoch #368: train loss = 0.475015, val loss = 0.069321, total loss = 0.272168, Epoch time: 0.28 seconds, remaining time: 2.93 minutes
Epoch #369: train loss = 0.313104, val loss = 0.056796, total loss = 0.184950, Epoch time: 0.28 seconds, remaining time: 2.92 minutes
Epoch #370: train loss = 0.669850, val loss = 0.055620, total loss = 0.362735, Epoch time: 0.28 seconds, remaining time: 2.92 minutes
Epoch #371: train loss = 0.476649, val loss = 0.092095, total loss = 0.284372, Epoch time: 0.28 seconds, remaining time: 2.91 minutes
Epoch #372: train loss = 0.357396, val loss = 0.079852, total loss = 0.218624, Epoch time: 0.28 seconds, remaining time: 2.91 minutes
Epoch #373: train loss = 0.260833, val loss = 0.053364, total loss = 0.157098, Epoch time: 0.28 seconds, remaining time: 2.90 minutes
Epoch #374: train loss = 0.294115, val loss = 0.088935, total loss = 0.191525, Epoch time: 0.28 seconds, remaining time: 2.90 minutes
Epoch #375: train loss = 0.261047, val loss = 0.054532, total loss = 0.157790, Epoch time: 0.28 seconds, remaining time: 2.89 minutes
Epoch #376: train loss = 0.275499, val loss = 0.064547, total loss = 0.170023, Epoch time: 0.28 seconds, remaining time: 2.89 minutes
Epoch #377: train loss = 0.224517, val loss = 0.047631, total loss = 0.136074, Epoch time: 0.28 seconds, remaining time: 2.88 minutes
Epoch #378: train loss = 0.365614, val loss = 0.055920, total loss = 0.210767, Epoch time: 0.28 seconds, remaining time: 2.88 minutes
Epoch #379: train loss = 0.234385, val loss = 0.048557, total loss = 0.141471, Epoch time: 0.28 seconds, remaining time: 2.88 minutes
Epoch #380: train loss = 0.336880, val loss = 0.056854, total loss = 0.196867, Epoch time: 0.28 seconds, remaining time: 2.87 minutes
Epoch #381: train loss = 0.252320, val loss = 0.046824, total loss = 0.149572, Epoch time: 0.28 seconds, remaining time: 2.87 minutes
Epoch #382: train loss = 0.420586, val loss = 0.047157, total loss = 0.233872, Epoch time: 0.28 seconds, remaining time: 2.86 minutes
Epoch #383: train loss = 0.207683, val loss = 0.063452, total loss = 0.135567, Epoch time: 0.28 seconds, remaining time: 2.86 minutes
Epoch #384: train loss = 0.236755, val loss = 0.051964, total loss = 0.144360, Epoch time: 0.28 seconds, remaining time: 2.85 minutes
Epoch #385: train loss = 0.477963, val loss = 0.053625, total loss = 0.265794, Epoch time: 0.28 seconds, remaining time: 2.85 minutes
Epoch #386: train loss = 0.245309, val loss = 0.050080, total loss = 0.147694, Epoch time: 0.28 seconds, remaining time: 2.84 minutes
Epoch #387: train loss = 0.174138, val loss = 0.045020, total loss = 0.109579, Epoch time: 0.28 seconds, remaining time: 2.84 minutes
Epoch #388: train loss = 0.178766, val loss = 0.052759, total loss = 0.115763, Epoch time: 0.28 seconds, remaining time: 2.84 minutes
Epoch #389: train loss = 0.389830, val loss = 0.038577, total loss = 0.214203, Epoch time: 0.28 seconds, remaining time: 2.83 minutes
Epoch #390: train loss = 0.274016, val loss = 0.038999, total loss = 0.156508, Epoch time: 0.28 seconds, remaining time: 2.83 minutes
Epoch #391: train loss = 0.289121, val loss = 0.031757, total loss = 0.160439, Epoch time: 0.28 seconds, remaining time: 2.82 minutes
Epoch #392: train loss = 0.246244, val loss = 0.027036, total loss = 0.136640, Epoch time: 0.28 seconds, remaining time: 2.82 minutes
Epoch #393: train loss = 0.275901, val loss = 0.054496, total loss = 0.165198, Epoch time: 0.28 seconds, remaining time: 2.81 minutes
Epoch #394: train loss = 0.217751, val loss = 0.042069, total loss = 0.129910, Epoch time: 0.28 seconds, remaining time: 2.81 minutes
Epoch #395: train loss = 0.234057, val loss = 0.050135, total loss = 0.142096, Epoch time: 0.28 seconds, remaining time: 2.80 minutes
Epoch #396: train loss = 0.359516, val loss = 0.034259, total loss = 0.196888, Epoch time: 0.28 seconds, remaining time: 2.80 minutes
Epoch #397: train loss = 0.178414, val loss = 0.054692, total loss = 0.116553, Epoch time: 0.28 seconds, remaining time: 2.80 minutes
Epoch #398: train loss = 0.203296, val loss = 0.058896, total loss = 0.131096, Epoch time: 0.28 seconds, remaining time: 2.79 minutes
Epoch #399: train loss = 0.143541, val loss = 0.032615, total loss = 0.088078, Epoch time: 0.28 seconds, remaining time: 2.79 minutes
Epoch #400: train loss = 0.173922, val loss = 0.025927, total loss = 0.099924, Epoch time: 0.28 seconds, remaining time: 2.78 minutes
Epoch #401: train loss = 0.216195, val loss = 0.057183, total loss = 0.136689, Epoch time: 0.28 seconds, remaining time: 2.78 minutes
Epoch #402: train loss = 0.460491, val loss = 0.022312, total loss = 0.241401, Epoch time: 0.28 seconds, remaining time: 2.77 minutes
Epoch #403: train loss = 0.763314, val loss = 0.073007, total loss = 0.418161, Epoch time: 0.28 seconds, remaining time: 2.77 minutes
Epoch #404: train loss = 0.558644, val loss = 0.059320, total loss = 0.308982, Epoch time: 0.28 seconds, remaining time: 2.76 minutes
Epoch #405: train loss = 0.387953, val loss = 0.120474, total loss = 0.254214, Epoch time: 0.28 seconds, remaining time: 2.76 minutes
Epoch #406: train loss = 0.301586, val loss = 0.060449, total loss = 0.181017, Epoch time: 0.28 seconds, remaining time: 2.75 minutes
Epoch #407: train loss = 0.346480, val loss = 0.061227, total loss = 0.203853, Epoch time: 0.28 seconds, remaining time: 2.75 minutes
Epoch #408: train loss = 0.353821, val loss = 0.047632, total loss = 0.200727, Epoch time: 0.28 seconds, remaining time: 2.75 minutes
Epoch #409: train loss = 0.248709, val loss = 0.047987, total loss = 0.148348, Epoch time: 0.28 seconds, remaining time: 2.74 minutes
Epoch #410: train loss = 0.415283, val loss = 0.082468, total loss = 0.248876, Epoch time: 0.28 seconds, remaining time: 2.74 minutes
Epoch #411: train loss = 0.322309, val loss = 0.061295, total loss = 0.191802, Epoch time: 0.28 seconds, remaining time: 2.73 minutes
Epoch #412: train loss = 0.213054, val loss = 0.072906, total loss = 0.142980, Epoch time: 0.28 seconds, remaining time: 2.73 minutes
Epoch #413: train loss = 0.493892, val loss = 0.071965, total loss = 0.282929, Epoch time: 0.28 seconds, remaining time: 2.72 minutes
Epoch #414: train loss = 0.334525, val loss = 0.047121, total loss = 0.190823, Epoch time: 0.28 seconds, remaining time: 2.72 minutes
Epoch #415: train loss = 0.316672, val loss = 0.049402, total loss = 0.183037, Epoch time: 0.28 seconds, remaining time: 2.71 minutes
Epoch #416: train loss = 0.337860, val loss = 0.057094, total loss = 0.197477, Epoch time: 0.28 seconds, remaining time: 2.71 minutes
Epoch #417: train loss = 0.205637, val loss = 0.059234, total loss = 0.132435, Epoch time: 0.28 seconds, remaining time: 2.70 minutes
Epoch #418: train loss = 0.256483, val loss = 0.038414, total loss = 0.147449, Epoch time: 0.28 seconds, remaining time: 2.70 minutes
Epoch #419: train loss = 0.628538, val loss = 0.065421, total loss = 0.346980, Epoch time: 0.28 seconds, remaining time: 2.69 minutes
Epoch #420: train loss = 0.170015, val loss = 0.041451, total loss = 0.105733, Epoch time: 0.28 seconds, remaining time: 2.69 minutes
Epoch #421: train loss = 0.247030, val loss = 0.033778, total loss = 0.140404, Epoch time: 0.28 seconds, remaining time: 2.69 minutes
Epoch #422: train loss = 0.483484, val loss = 0.047048, total loss = 0.265266, Epoch time: 0.28 seconds, remaining time: 2.68 minutes
Epoch #423: train loss = 0.267752, val loss = 0.046674, total loss = 0.157213, Epoch time: 0.28 seconds, remaining time: 2.68 minutes
Epoch #424: train loss = 0.352967, val loss = 0.042138, total loss = 0.197553, Epoch time: 0.28 seconds, remaining time: 2.67 minutes
Epoch #425: train loss = 0.358038, val loss = 0.062344, total loss = 0.210191, Epoch time: 0.28 seconds, remaining time: 2.67 minutes
Epoch #426: train loss = 0.510358, val loss = 0.048996, total loss = 0.279677, Epoch time: 0.28 seconds, remaining time: 2.66 minutes
Epoch #427: train loss = 0.339047, val loss = 0.051917, total loss = 0.195482, Epoch time: 0.28 seconds, remaining time: 2.66 minutes
Epoch #428: train loss = 0.239488, val loss = 0.031108, total loss = 0.135298, Epoch time: 0.28 seconds, remaining time: 2.65 minutes
Epoch #429: train loss = 0.480127, val loss = 0.044393, total loss = 0.262260, Epoch time: 0.28 seconds, remaining time: 2.65 minutes
Epoch #430: train loss = 0.341123, val loss = 0.053104, total loss = 0.197113, Epoch time: 0.28 seconds, remaining time: 2.64 minutes
Epoch #431: train loss = 0.216229, val loss = 0.042356, total loss = 0.129293, Epoch time: 0.28 seconds, remaining time: 2.64 minutes
Epoch #432: train loss = 0.242448, val loss = 0.031854, total loss = 0.137151, Epoch time: 0.28 seconds, remaining time: 2.63 minutes
Epoch #433: train loss = 0.469941, val loss = 0.028035, total loss = 0.248988, Epoch time: 0.28 seconds, remaining time: 2.63 minutes
Epoch #434: train loss = 0.303344, val loss = 0.043379, total loss = 0.173361, Epoch time: 0.28 seconds, remaining time: 2.62 minutes
Epoch #435: train loss = 0.257866, val loss = 0.046797, total loss = 0.152331, Epoch time: 0.28 seconds, remaining time: 2.62 minutes
Epoch #436: train loss = 0.234879, val loss = 0.033519, total loss = 0.134199, Epoch time: 0.28 seconds, remaining time: 2.62 minutes
Epoch #437: train loss = 0.313690, val loss = 0.034934, total loss = 0.174312, Epoch time: 0.28 seconds, remaining time: 2.61 minutes
Epoch #438: train loss = 0.269591, val loss = 0.037899, total loss = 0.153745, Epoch time: 0.28 seconds, remaining time: 2.61 minutes
Epoch #439: train loss = 0.178781, val loss = 0.025684, total loss = 0.102232, Epoch time: 0.28 seconds, remaining time: 2.60 minutes
Epoch #440: train loss = 0.238288, val loss = 0.034727, total loss = 0.136507, Epoch time: 0.28 seconds, remaining time: 2.60 minutes
Epoch #441: train loss = 0.212090, val loss = 0.044741, total loss = 0.128416, Epoch time: 0.28 seconds, remaining time: 2.59 minutes
Epoch #442: train loss = 0.179961, val loss = 0.024020, total loss = 0.101990, Epoch time: 0.28 seconds, remaining time: 2.59 minutes
Epoch #443: train loss = 0.250169, val loss = 0.024986, total loss = 0.137577, Epoch time: 0.28 seconds, remaining time: 2.58 minutes
Epoch #444: train loss = 0.281816, val loss = 0.030494, total loss = 0.156155, Epoch time: 0.28 seconds, remaining time: 2.58 minutes
Epoch #445: train loss = 0.350416, val loss = 0.059227, total loss = 0.204821, Epoch time: 0.28 seconds, remaining time: 2.57 minutes
Epoch #446: train loss = 0.332772, val loss = 0.030900, total loss = 0.181836, Epoch time: 0.28 seconds, remaining time: 2.57 minutes
Epoch #447: train loss = 0.483846, val loss = 0.040760, total loss = 0.262303, Epoch time: 0.28 seconds, remaining time: 2.57 minutes
Epoch #448: train loss = 0.418221, val loss = 0.035521, total loss = 0.226871, Epoch time: 0.28 seconds, remaining time: 2.56 minutes
Epoch #449: train loss = 0.290529, val loss = 0.070468, total loss = 0.180498, Epoch time: 0.28 seconds, remaining time: 2.56 minutes
Epoch #450: train loss = 0.240089, val loss = 0.042622, total loss = 0.141355, Epoch time: 0.28 seconds, remaining time: 2.55 minutes
Epoch #451: train loss = 0.428872, val loss = 0.040930, total loss = 0.234901, Epoch time: 0.28 seconds, remaining time: 2.55 minutes
Epoch #452: train loss = 0.268616, val loss = 0.039155, total loss = 0.153886, Epoch time: 0.28 seconds, remaining time: 2.54 minutes
Epoch #453: train loss = 0.215854, val loss = 0.025993, total loss = 0.120923, Epoch time: 0.28 seconds, remaining time: 2.54 minutes
Epoch #454: train loss = 0.505010, val loss = 0.045809, total loss = 0.275410, Epoch time: 0.28 seconds, remaining time: 2.53 minutes
Epoch #455: train loss = 0.386660, val loss = 0.032685, total loss = 0.209672, Epoch time: 0.28 seconds, remaining time: 2.53 minutes
Epoch #456: train loss = 0.296338, val loss = 0.031548, total loss = 0.163943, Epoch time: 0.28 seconds, remaining time: 2.52 minutes
Epoch #457: train loss = 0.164585, val loss = 0.035103, total loss = 0.099844, Epoch time: 0.28 seconds, remaining time: 2.52 minutes
Epoch #458: train loss = 0.290885, val loss = 0.036675, total loss = 0.163780, Epoch time: 0.28 seconds, remaining time: 2.52 minutes
Epoch #459: train loss = 0.487698, val loss = 0.028934, total loss = 0.258316, Epoch time: 0.28 seconds, remaining time: 2.51 minutes
Epoch #460: train loss = 0.395222, val loss = 0.038857, total loss = 0.217040, Epoch time: 0.28 seconds, remaining time: 2.51 minutes
Epoch #461: train loss = 0.229842, val loss = 0.057525, total loss = 0.143683, Epoch time: 0.28 seconds, remaining time: 2.50 minutes
Epoch #462: train loss = 0.218490, val loss = 0.023193, total loss = 0.120842, Epoch time: 0.28 seconds, remaining time: 2.50 minutes
Epoch #463: train loss = 0.253584, val loss = 0.027507, total loss = 0.140546, Epoch time: 0.28 seconds, remaining time: 2.49 minutes
Epoch #464: train loss = 0.202709, val loss = 0.044961, total loss = 0.123835, Epoch time: 0.28 seconds, remaining time: 2.49 minutes
Epoch #465: train loss = 0.493068, val loss = 0.034016, total loss = 0.263542, Epoch time: 0.28 seconds, remaining time: 2.48 minutes
Epoch #466: train loss = 0.211767, val loss = 0.034308, total loss = 0.123038, Epoch time: 0.28 seconds, remaining time: 2.48 minutes
Epoch #467: train loss = 0.273059, val loss = 0.031285, total loss = 0.152172, Epoch time: 0.28 seconds, remaining time: 2.47 minutes
Epoch #468: train loss = 0.447207, val loss = 0.059387, total loss = 0.253297, Epoch time: 0.28 seconds, remaining time: 2.47 minutes
Epoch #469: train loss = 0.201648, val loss = 0.029828, total loss = 0.115738, Epoch time: 0.28 seconds, remaining time: 2.47 minutes
Epoch #470: train loss = 0.258557, val loss = 0.032126, total loss = 0.145342, Epoch time: 0.28 seconds, remaining time: 2.46 minutes
Epoch #471: train loss = 0.246437, val loss = 0.041275, total loss = 0.143856, Epoch time: 0.28 seconds, remaining time: 2.46 minutes
Epoch #472: train loss = 0.427687, val loss = 0.028835, total loss = 0.228261, Epoch time: 0.28 seconds, remaining time: 2.45 minutes
Epoch #473: train loss = 0.267996, val loss = 0.032200, total loss = 0.150098, Epoch time: 0.28 seconds, remaining time: 2.45 minutes
Epoch #474: train loss = 0.285277, val loss = 0.052173, total loss = 0.168725, Epoch time: 0.28 seconds, remaining time: 2.44 minutes
Epoch #475: train loss = 0.198133, val loss = 0.025836, total loss = 0.111984, Epoch time: 0.28 seconds, remaining time: 2.44 minutes
Epoch #476: train loss = 0.518385, val loss = 0.053798, total loss = 0.286091, Epoch time: 0.28 seconds, remaining time: 2.43 minutes
Epoch #477: train loss = 0.233502, val loss = 0.059667, total loss = 0.146585, Epoch time: 0.28 seconds, remaining time: 2.43 minutes
Epoch #478: train loss = 0.229033, val loss = 0.064286, total loss = 0.146660, Epoch time: 0.28 seconds, remaining time: 2.42 minutes
Epoch #479: train loss = 0.304895, val loss = 0.050693, total loss = 0.177794, Epoch time: 0.28 seconds, remaining time: 2.42 minutes
Epoch #480: train loss = 0.481668, val loss = 0.036934, total loss = 0.259301, Epoch time: 0.28 seconds, remaining time: 2.41 minutes
Epoch #481: train loss = 0.326627, val loss = 0.041694, total loss = 0.184160, Epoch time: 0.28 seconds, remaining time: 2.41 minutes
Epoch #482: train loss = 0.515547, val loss = 0.029217, total loss = 0.272382, Epoch time: 0.28 seconds, remaining time: 2.41 minutes
Epoch #483: train loss = 0.321421, val loss = 0.055410, total loss = 0.188415, Epoch time: 0.28 seconds, remaining time: 2.40 minutes
Epoch #484: train loss = 0.308058, val loss = 0.045536, total loss = 0.176797, Epoch time: 0.28 seconds, remaining time: 2.40 minutes
Epoch #485: train loss = 0.222405, val loss = 0.032160, total loss = 0.127283, Epoch time: 0.28 seconds, remaining time: 2.39 minutes
Epoch #486: train loss = 0.515145, val loss = 0.035503, total loss = 0.275324, Epoch time: 0.28 seconds, remaining time: 2.39 minutes
Epoch #487: train loss = 0.250745, val loss = 0.036192, total loss = 0.143468, Epoch time: 0.28 seconds, remaining time: 2.38 minutes
Epoch #488: train loss = 0.233829, val loss = 0.025588, total loss = 0.129709, Epoch time: 0.28 seconds, remaining time: 2.38 minutes
Epoch #489: train loss = 0.213690, val loss = 0.030485, total loss = 0.122088, Epoch time: 0.28 seconds, remaining time: 2.37 minutes
Epoch #490: train loss = 0.273633, val loss = 0.035360, total loss = 0.154497, Epoch time: 0.28 seconds, remaining time: 2.37 minutes
Epoch #491: train loss = 0.239222, val loss = 0.054345, total loss = 0.146784, Epoch time: 0.28 seconds, remaining time: 2.36 minutes
Epoch #492: train loss = 0.152871, val loss = 0.066368, total loss = 0.109619, Epoch time: 0.28 seconds, remaining time: 2.36 minutes
Epoch #493: train loss = 0.261676, val loss = 0.057457, total loss = 0.159566, Epoch time: 0.28 seconds, remaining time: 2.36 minutes
Epoch #494: train loss = 0.236428, val loss = 0.039464, total loss = 0.137946, Epoch time: 0.28 seconds, remaining time: 2.35 minutes
Epoch #495: train loss = 0.214221, val loss = 0.047603, total loss = 0.130912, Epoch time: 0.28 seconds, remaining time: 2.35 minutes
Epoch #496: train loss = 0.173743, val loss = 0.038856, total loss = 0.106300, Epoch time: 0.28 seconds, remaining time: 2.34 minutes
Epoch #497: train loss = 0.180635, val loss = 0.040448, total loss = 0.110542, Epoch time: 0.28 seconds, remaining time: 2.34 minutes
Epoch #498: train loss = 0.725368, val loss = 0.043568, total loss = 0.384468, Epoch time: 0.28 seconds, remaining time: 2.33 minutes
Epoch #499: train loss = 0.241234, val loss = 0.042736, total loss = 0.141985, Epoch time: 0.28 seconds, remaining time: 2.33 minutes
Epoch #500: train loss = 0.273034, val loss = 0.048120, total loss = 0.160577, Epoch time: 0.28 seconds, remaining time: 2.32 minutes
Epoch #501: train loss = 0.223757, val loss = 0.039868, total loss = 0.131813, Epoch time: 0.28 seconds, remaining time: 2.32 minutes
Epoch #502: train loss = 0.151064, val loss = 0.040852, total loss = 0.095958, Epoch time: 0.28 seconds, remaining time: 2.32 minutes
Epoch #503: train loss = 0.251667, val loss = 0.029329, total loss = 0.140498, Epoch time: 0.28 seconds, remaining time: 2.31 minutes
Epoch #504: train loss = 0.115312, val loss = 0.030111, total loss = 0.072711, Epoch time: 0.28 seconds, remaining time: 2.31 minutes
Epoch #505: train loss = 0.169190, val loss = 0.020305, total loss = 0.094747, Epoch time: 0.28 seconds, remaining time: 2.30 minutes
Epoch #506: train loss = 0.343003, val loss = 0.035027, total loss = 0.189015, Epoch time: 0.28 seconds, remaining time: 2.30 minutes
Epoch #507: train loss = 0.264337, val loss = 0.050222, total loss = 0.157280, Epoch time: 0.28 seconds, remaining time: 2.29 minutes
Epoch #508: train loss = 0.239872, val loss = 0.049358, total loss = 0.144615, Epoch time: 0.28 seconds, remaining time: 2.29 minutes
Epoch #509: train loss = 0.604023, val loss = 0.042236, total loss = 0.323130, Epoch time: 0.28 seconds, remaining time: 2.28 minutes
Epoch #510: train loss = 0.151517, val loss = 0.037324, total loss = 0.094420, Epoch time: 0.28 seconds, remaining time: 2.28 minutes
Epoch #511: train loss = 0.288143, val loss = 0.037935, total loss = 0.163039, Epoch time: 0.28 seconds, remaining time: 2.27 minutes
Epoch #512: train loss = 0.395730, val loss = 0.045278, total loss = 0.220504, Epoch time: 0.28 seconds, remaining time: 2.27 minutes
Epoch #513: train loss = 0.238398, val loss = 0.038374, total loss = 0.138386, Epoch time: 0.28 seconds, remaining time: 2.26 minutes
Epoch #514: train loss = 0.310028, val loss = 0.031590, total loss = 0.170809, Epoch time: 0.28 seconds, remaining time: 2.26 minutes
Epoch #515: train loss = 0.178461, val loss = 0.021843, total loss = 0.100152, Epoch time: 0.28 seconds, remaining time: 2.26 minutes
Epoch #516: train loss = 0.339145, val loss = 0.022584, total loss = 0.180864, Epoch time: 0.28 seconds, remaining time: 2.25 minutes
Epoch #517: train loss = 0.299767, val loss = 0.030418, total loss = 0.165092, Epoch time: 0.28 seconds, remaining time: 2.25 minutes
Epoch #518: train loss = 0.155918, val loss = 0.046864, total loss = 0.101391, Epoch time: 0.28 seconds, remaining time: 2.24 minutes
Epoch #519: train loss = 0.467862, val loss = 0.044806, total loss = 0.256334, Epoch time: 0.28 seconds, remaining time: 2.24 minutes
Epoch #520: train loss = 0.383985, val loss = 0.033245, total loss = 0.208615, Epoch time: 0.28 seconds, remaining time: 2.23 minutes
Epoch #521: train loss = 0.480328, val loss = 0.041110, total loss = 0.260719, Epoch time: 0.28 seconds, remaining time: 2.23 minutes
Epoch #522: train loss = 0.426555, val loss = 0.063451, total loss = 0.245003, Epoch time: 0.28 seconds, remaining time: 2.22 minutes
Epoch #523: train loss = 0.221145, val loss = 0.041724, total loss = 0.131434, Epoch time: 0.28 seconds, remaining time: 2.22 minutes
Epoch #524: train loss = 0.264979, val loss = 0.053095, total loss = 0.159037, Epoch time: 0.28 seconds, remaining time: 2.21 minutes
Epoch #525: train loss = 0.187487, val loss = 0.031604, total loss = 0.109545, Epoch time: 0.28 seconds, remaining time: 2.21 minutes
Epoch #526: train loss = 0.189270, val loss = 0.048346, total loss = 0.118808, Epoch time: 0.28 seconds, remaining time: 2.20 minutes
Epoch #527: train loss = 0.669644, val loss = 0.028571, total loss = 0.349108, Epoch time: 0.28 seconds, remaining time: 2.20 minutes
Epoch #528: train loss = 0.180453, val loss = 0.036593, total loss = 0.108523, Epoch time: 0.28 seconds, remaining time: 2.20 minutes
Epoch #529: train loss = 0.502833, val loss = 0.034380, total loss = 0.268607, Epoch time: 0.28 seconds, remaining time: 2.19 minutes
Epoch #530: train loss = 0.304438, val loss = 0.032014, total loss = 0.168226, Epoch time: 0.28 seconds, remaining time: 2.19 minutes
Epoch #531: train loss = 0.338549, val loss = 0.049223, total loss = 0.193886, Epoch time: 0.28 seconds, remaining time: 2.18 minutes
Epoch #532: train loss = 0.237390, val loss = 0.037513, total loss = 0.137452, Epoch time: 0.28 seconds, remaining time: 2.18 minutes
Epoch #533: train loss = 0.241165, val loss = 0.026258, total loss = 0.133711, Epoch time: 0.28 seconds, remaining time: 2.17 minutes
Epoch #534: train loss = 0.393355, val loss = 0.063557, total loss = 0.228456, Epoch time: 0.28 seconds, remaining time: 2.17 minutes
Epoch #535: train loss = 0.184493, val loss = 0.035558, total loss = 0.110026, Epoch time: 0.28 seconds, remaining time: 2.16 minutes
Epoch #536: train loss = 0.189704, val loss = 0.039303, total loss = 0.114503, Epoch time: 0.28 seconds, remaining time: 2.16 minutes
Epoch #537: train loss = 0.350164, val loss = 0.036063, total loss = 0.193114, Epoch time: 0.28 seconds, remaining time: 2.15 minutes
Epoch #538: train loss = 0.200230, val loss = 0.027095, total loss = 0.113662, Epoch time: 0.28 seconds, remaining time: 2.15 minutes
Epoch #539: train loss = 0.371985, val loss = 0.046182, total loss = 0.209084, Epoch time: 0.28 seconds, remaining time: 2.15 minutes
Epoch #540: train loss = 0.165158, val loss = 0.036067, total loss = 0.100612, Epoch time: 0.28 seconds, remaining time: 2.14 minutes
Epoch #541: train loss = 0.212988, val loss = 0.023437, total loss = 0.118213, Epoch time: 0.28 seconds, remaining time: 2.14 minutes
Epoch #542: train loss = 0.351478, val loss = 0.036916, total loss = 0.194197, Epoch time: 0.28 seconds, remaining time: 2.13 minutes
Epoch #543: train loss = 0.259554, val loss = 0.031867, total loss = 0.145711, Epoch time: 0.28 seconds, remaining time: 2.13 minutes
Epoch #544: train loss = 0.143766, val loss = 0.040917, total loss = 0.092342, Epoch time: 0.28 seconds, remaining time: 2.12 minutes
Epoch #545: train loss = 0.228905, val loss = 0.046547, total loss = 0.137726, Epoch time: 0.28 seconds, remaining time: 2.12 minutes
Epoch #546: train loss = 0.123112, val loss = 0.041233, total loss = 0.082173, Epoch time: 0.28 seconds, remaining time: 2.11 minutes
Epoch #547: train loss = 0.198748, val loss = 0.044744, total loss = 0.121746, Epoch time: 0.28 seconds, remaining time: 2.11 minutes
Epoch #548: train loss = 0.109971, val loss = 0.042236, total loss = 0.076103, Epoch time: 0.28 seconds, remaining time: 2.10 minutes
Epoch #549: train loss = 0.204254, val loss = 0.017597, total loss = 0.110926, Epoch time: 0.28 seconds, remaining time: 2.10 minutes
Epoch #550: train loss = 0.318323, val loss = 0.026626, total loss = 0.172474, Epoch time: 0.28 seconds, remaining time: 2.10 minutes
Epoch #551: train loss = 0.160094, val loss = 0.032956, total loss = 0.096525, Epoch time: 0.28 seconds, remaining time: 2.09 minutes
Epoch #552: train loss = 0.265184, val loss = 0.027573, total loss = 0.146378, Epoch time: 0.28 seconds, remaining time: 2.09 minutes
Epoch #553: train loss = 0.334705, val loss = 0.044384, total loss = 0.189545, Epoch time: 0.28 seconds, remaining time: 2.08 minutes
Epoch #554: train loss = 0.299035, val loss = 0.054280, total loss = 0.176657, Epoch time: 0.28 seconds, remaining time: 2.08 minutes
Epoch #555: train loss = 0.324584, val loss = 0.057629, total loss = 0.191107, Epoch time: 0.28 seconds, remaining time: 2.07 minutes
Epoch #556: train loss = 0.286285, val loss = 0.036356, total loss = 0.161320, Epoch time: 0.28 seconds, remaining time: 2.07 minutes
Epoch #557: train loss = 0.169363, val loss = 0.043463, total loss = 0.106413, Epoch time: 0.28 seconds, remaining time: 2.06 minutes
Epoch #558: train loss = 0.367954, val loss = 0.027190, total loss = 0.197572, Epoch time: 0.28 seconds, remaining time: 2.06 minutes
Epoch #559: train loss = 0.206768, val loss = 0.018727, total loss = 0.112748, Epoch time: 0.28 seconds, remaining time: 2.05 minutes
Epoch #560: train loss = 0.220804, val loss = 0.037798, total loss = 0.129301, Epoch time: 0.28 seconds, remaining time: 2.05 minutes
Epoch #561: train loss = 0.150711, val loss = 0.025531, total loss = 0.088121, Epoch time: 0.28 seconds, remaining time: 2.05 minutes
Epoch #562: train loss = 0.265896, val loss = 0.046889, total loss = 0.156392, Epoch time: 0.28 seconds, remaining time: 2.04 minutes
Epoch #563: train loss = 0.391195, val loss = 0.017512, total loss = 0.204354, Epoch time: 0.28 seconds, remaining time: 2.04 minutes
Epoch #564: train loss = 0.175055, val loss = 0.032469, total loss = 0.103762, Epoch time: 0.28 seconds, remaining time: 2.03 minutes
Epoch #565: train loss = 0.145293, val loss = 0.037325, total loss = 0.091309, Epoch time: 0.28 seconds, remaining time: 2.03 minutes
Epoch #566: train loss = 0.496093, val loss = 0.029349, total loss = 0.262721, Epoch time: 0.28 seconds, remaining time: 2.02 minutes
Epoch #567: train loss = 0.325925, val loss = 0.023443, total loss = 0.174684, Epoch time: 0.28 seconds, remaining time: 2.02 minutes
Epoch #568: train loss = 0.185751, val loss = 0.042259, total loss = 0.114005, Epoch time: 0.28 seconds, remaining time: 2.01 minutes
Epoch #569: train loss = 0.191086, val loss = 0.025909, total loss = 0.108497, Epoch time: 0.28 seconds, remaining time: 2.01 minutes
Epoch #570: train loss = 0.274816, val loss = 0.016848, total loss = 0.145832, Epoch time: 0.28 seconds, remaining time: 2.00 minutes
Epoch #571: train loss = 0.181165, val loss = 0.035132, total loss = 0.108149, Epoch time: 0.28 seconds, remaining time: 2.00 minutes
Epoch #572: train loss = 0.152025, val loss = 0.021386, total loss = 0.086706, Epoch time: 0.28 seconds, remaining time: 2.00 minutes
Epoch #573: train loss = 0.357240, val loss = 0.034683, total loss = 0.195961, Epoch time: 0.28 seconds, remaining time: 1.99 minutes
Epoch #574: train loss = 0.162792, val loss = 0.015523, total loss = 0.089158, Epoch time: 0.28 seconds, remaining time: 1.99 minutes
Epoch #575: train loss = 0.211503, val loss = 0.062410, total loss = 0.136956, Epoch time: 0.28 seconds, remaining time: 1.98 minutes
Epoch #576: train loss = 0.497443, val loss = 0.040829, total loss = 0.269136, Epoch time: 0.28 seconds, remaining time: 1.98 minutes
Epoch #577: train loss = 0.220428, val loss = 0.061199, total loss = 0.140813, Epoch time: 0.28 seconds, remaining time: 1.97 minutes
Epoch #578: train loss = 0.224927, val loss = 0.032749, total loss = 0.128838, Epoch time: 0.28 seconds, remaining time: 1.97 minutes
Epoch #579: train loss = 0.193314, val loss = 0.033914, total loss = 0.113614, Epoch time: 0.28 seconds, remaining time: 1.96 minutes
Epoch #580: train loss = 0.208270, val loss = 0.049080, total loss = 0.128675, Epoch time: 0.28 seconds, remaining time: 1.96 minutes
Epoch #581: train loss = 0.294989, val loss = 0.021318, total loss = 0.158154, Epoch time: 0.28 seconds, remaining time: 1.95 minutes
Epoch #582: train loss = 0.225915, val loss = 0.027007, total loss = 0.126461, Epoch time: 0.28 seconds, remaining time: 1.95 minutes
Epoch #583: train loss = 0.184709, val loss = 0.035961, total loss = 0.110335, Epoch time: 0.28 seconds, remaining time: 1.94 minutes
Epoch #584: train loss = 0.191794, val loss = 0.029189, total loss = 0.110491, Epoch time: 0.28 seconds, remaining time: 1.94 minutes
Epoch #585: train loss = 0.354887, val loss = 0.031560, total loss = 0.193223, Epoch time: 0.28 seconds, remaining time: 1.93 minutes
Epoch #586: train loss = 0.354310, val loss = 0.037605, total loss = 0.195957, Epoch time: 0.28 seconds, remaining time: 1.93 minutes
Epoch #587: train loss = 0.371396, val loss = 0.048581, total loss = 0.209988, Epoch time: 0.28 seconds, remaining time: 1.93 minutes
Epoch #588: train loss = 0.573463, val loss = 0.044860, total loss = 0.309161, Epoch time: 0.28 seconds, remaining time: 1.92 minutes
Epoch #589: train loss = 0.176169, val loss = 0.025634, total loss = 0.100901, Epoch time: 0.28 seconds, remaining time: 1.92 minutes
Epoch #590: train loss = 0.347077, val loss = 0.035707, total loss = 0.191392, Epoch time: 0.28 seconds, remaining time: 1.91 minutes
Epoch #591: train loss = 0.179765, val loss = 0.053874, total loss = 0.116820, Epoch time: 0.28 seconds, remaining time: 1.91 minutes
Epoch #592: train loss = 0.160005, val loss = 0.021562, total loss = 0.090784, Epoch time: 0.28 seconds, remaining time: 1.90 minutes
Epoch #593: train loss = 0.213902, val loss = 0.037711, total loss = 0.125806, Epoch time: 0.28 seconds, remaining time: 1.90 minutes
Epoch #594: train loss = 0.339766, val loss = 0.068608, total loss = 0.204187, Epoch time: 0.28 seconds, remaining time: 1.89 minutes
Epoch #595: train loss = 0.320991, val loss = 0.026969, total loss = 0.173980, Epoch time: 0.28 seconds, remaining time: 1.89 minutes
Epoch #596: train loss = 0.259875, val loss = 0.033218, total loss = 0.146546, Epoch time: 0.28 seconds, remaining time: 1.89 minutes
Epoch #597: train loss = 0.143213, val loss = 0.041413, total loss = 0.092313, Epoch time: 0.28 seconds, remaining time: 1.88 minutes
Epoch #598: train loss = 0.236131, val loss = 0.040348, total loss = 0.138239, Epoch time: 0.28 seconds, remaining time: 1.88 minutes
Epoch #599: train loss = 0.298746, val loss = 0.022836, total loss = 0.160791, Epoch time: 0.28 seconds, remaining time: 1.87 minutes
Epoch #600: train loss = 0.168865, val loss = 0.028764, total loss = 0.098814, Epoch time: 0.28 seconds, remaining time: 1.87 minutes
Epoch #601: train loss = 0.214209, val loss = 0.027445, total loss = 0.120827, Epoch time: 0.28 seconds, remaining time: 1.86 minutes
Epoch #602: train loss = 0.134538, val loss = 0.034650, total loss = 0.084594, Epoch time: 0.28 seconds, remaining time: 1.86 minutes
Epoch #603: train loss = 0.216078, val loss = 0.051735, total loss = 0.133907, Epoch time: 0.28 seconds, remaining time: 1.85 minutes
Epoch #604: train loss = 0.164013, val loss = 0.039316, total loss = 0.101665, Epoch time: 0.28 seconds, remaining time: 1.85 minutes
Epoch #605: train loss = 0.119074, val loss = 0.023962, total loss = 0.071518, Epoch time: 0.28 seconds, remaining time: 1.85 minutes
Epoch #606: train loss = 0.123302, val loss = 0.037789, total loss = 0.080545, Epoch time: 0.28 seconds, remaining time: 1.84 minutes
Epoch #607: train loss = 0.136110, val loss = 0.028369, total loss = 0.082240, Epoch time: 0.28 seconds, remaining time: 1.84 minutes
Epoch #608: train loss = 0.168548, val loss = 0.018719, total loss = 0.093633, Epoch time: 0.28 seconds, remaining time: 1.83 minutes
Epoch #609: train loss = 0.155303, val loss = 0.025947, total loss = 0.090625, Epoch time: 0.28 seconds, remaining time: 1.83 minutes
Epoch #610: train loss = 0.388024, val loss = 0.025404, total loss = 0.206714, Epoch time: 0.28 seconds, remaining time: 1.82 minutes
Epoch #611: train loss = 0.200648, val loss = 0.030505, total loss = 0.115577, Epoch time: 0.28 seconds, remaining time: 1.82 minutes
Epoch #612: train loss = 0.187958, val loss = 0.030400, total loss = 0.109179, Epoch time: 0.28 seconds, remaining time: 1.81 minutes
Epoch #613: train loss = 0.277278, val loss = 0.021430, total loss = 0.149354, Epoch time: 0.28 seconds, remaining time: 1.81 minutes
Epoch #614: train loss = 0.162901, val loss = 0.022552, total loss = 0.092726, Epoch time: 0.28 seconds, remaining time: 1.80 minutes
Epoch #615: train loss = 0.375828, val loss = 0.011376, total loss = 0.193602, Epoch time: 0.28 seconds, remaining time: 1.80 minutes
Epoch #616: train loss = 0.209755, val loss = 0.026350, total loss = 0.118053, Epoch time: 0.28 seconds, remaining time: 1.80 minutes
Epoch #617: train loss = 0.679730, val loss = 0.029737, total loss = 0.354733, Epoch time: 0.28 seconds, remaining time: 1.79 minutes
Epoch #618: train loss = 0.189256, val loss = 0.031368, total loss = 0.110312, Epoch time: 0.28 seconds, remaining time: 1.79 minutes
Epoch #619: train loss = 0.173484, val loss = 0.039379, total loss = 0.106431, Epoch time: 0.28 seconds, remaining time: 1.78 minutes
Epoch #620: train loss = 0.158367, val loss = 0.032546, total loss = 0.095457, Epoch time: 0.28 seconds, remaining time: 1.78 minutes
Epoch #621: train loss = 0.219607, val loss = 0.029134, total loss = 0.124370, Epoch time: 0.28 seconds, remaining time: 1.77 minutes
Epoch #622: train loss = 0.244954, val loss = 0.037899, total loss = 0.141427, Epoch time: 0.28 seconds, remaining time: 1.77 minutes
Epoch #623: train loss = 0.402892, val loss = 0.030793, total loss = 0.216843, Epoch time: 0.28 seconds, remaining time: 1.76 minutes
Epoch #624: train loss = 0.135882, val loss = 0.029920, total loss = 0.082901, Epoch time: 0.28 seconds, remaining time: 1.76 minutes
Epoch #625: train loss = 0.167920, val loss = 0.020974, total loss = 0.094447, Epoch time: 0.28 seconds, remaining time: 1.75 minutes
Epoch #626: train loss = 0.136083, val loss = 0.043569, total loss = 0.089826, Epoch time: 0.28 seconds, remaining time: 1.75 minutes
Epoch #627: train loss = 0.181738, val loss = 0.025259, total loss = 0.103498, Epoch time: 0.28 seconds, remaining time: 1.75 minutes
Epoch #628: train loss = 0.393209, val loss = 0.019695, total loss = 0.206452, Epoch time: 0.28 seconds, remaining time: 1.74 minutes
Epoch #629: train loss = 0.127635, val loss = 0.024029, total loss = 0.075832, Epoch time: 0.28 seconds, remaining time: 1.74 minutes
Epoch #630: train loss = 0.145549, val loss = 0.025997, total loss = 0.085773, Epoch time: 0.28 seconds, remaining time: 1.73 minutes
Epoch #631: train loss = 0.153024, val loss = 0.015913, total loss = 0.084469, Epoch time: 0.28 seconds, remaining time: 1.73 minutes
Epoch #632: train loss = 0.156222, val loss = 0.023877, total loss = 0.090050, Epoch time: 0.28 seconds, remaining time: 1.72 minutes
Epoch #633: train loss = 0.176625, val loss = 0.034985, total loss = 0.105805, Epoch time: 0.28 seconds, remaining time: 1.72 minutes
Epoch #634: train loss = 0.218227, val loss = 0.024828, total loss = 0.121528, Epoch time: 0.28 seconds, remaining time: 1.71 minutes
Epoch #635: train loss = 0.363186, val loss = 0.023472, total loss = 0.193329, Epoch time: 0.28 seconds, remaining time: 1.71 minutes
Epoch #636: train loss = 0.879996, val loss = 0.058109, total loss = 0.469052, Epoch time: 0.28 seconds, remaining time: 1.70 minutes
Epoch #637: train loss = 0.344393, val loss = 0.074327, total loss = 0.209360, Epoch time: 0.28 seconds, remaining time: 1.70 minutes
Epoch #638: train loss = 0.195142, val loss = 0.079162, total loss = 0.137152, Epoch time: 0.28 seconds, remaining time: 1.69 minutes
Epoch #639: train loss = 0.316294, val loss = 0.060067, total loss = 0.188180, Epoch time: 0.28 seconds, remaining time: 1.69 minutes
Epoch #640: train loss = 0.739875, val loss = 0.038868, total loss = 0.389371, Epoch time: 0.28 seconds, remaining time: 1.68 minutes
Epoch #641: train loss = 0.435163, val loss = 0.060111, total loss = 0.247637, Epoch time: 0.28 seconds, remaining time: 1.68 minutes
Epoch #642: train loss = 0.437910, val loss = 0.052220, total loss = 0.245065, Epoch time: 0.28 seconds, remaining time: 1.68 minutes
Epoch #643: train loss = 0.458139, val loss = 0.035793, total loss = 0.246966, Epoch time: 0.28 seconds, remaining time: 1.67 minutes
Epoch #644: train loss = 0.319183, val loss = 0.043830, total loss = 0.181507, Epoch time: 0.28 seconds, remaining time: 1.67 minutes
Epoch #645: train loss = 0.299740, val loss = 0.036144, total loss = 0.167942, Epoch time: 0.28 seconds, remaining time: 1.66 minutes
Epoch #646: train loss = 0.345070, val loss = 0.040953, total loss = 0.193011, Epoch time: 0.28 seconds, remaining time: 1.66 minutes
Epoch #647: train loss = 0.210028, val loss = 0.026203, total loss = 0.118116, Epoch time: 0.28 seconds, remaining time: 1.65 minutes
Epoch #648: train loss = 0.193988, val loss = 0.043212, total loss = 0.118600, Epoch time: 0.28 seconds, remaining time: 1.65 minutes
Epoch #649: train loss = 0.306170, val loss = 0.050376, total loss = 0.178273, Epoch time: 0.28 seconds, remaining time: 1.64 minutes
Epoch #650: train loss = 0.187744, val loss = 0.033948, total loss = 0.110846, Epoch time: 0.28 seconds, remaining time: 1.64 minutes
Epoch #651: train loss = 0.183534, val loss = 0.038898, total loss = 0.111216, Epoch time: 0.28 seconds, remaining time: 1.63 minutes
Epoch #652: train loss = 0.240899, val loss = 0.022036, total loss = 0.131468, Epoch time: 0.28 seconds, remaining time: 1.63 minutes
Epoch #653: train loss = 0.175513, val loss = 0.023996, total loss = 0.099754, Epoch time: 0.28 seconds, remaining time: 1.62 minutes
Epoch #654: train loss = 0.620086, val loss = 0.047409, total loss = 0.333747, Epoch time: 0.28 seconds, remaining time: 1.62 minutes
Epoch #655: train loss = 0.378651, val loss = 0.044275, total loss = 0.211463, Epoch time: 0.28 seconds, remaining time: 1.61 minutes
Epoch #656: train loss = 0.675080, val loss = 0.061839, total loss = 0.368459, Epoch time: 0.28 seconds, remaining time: 1.61 minutes
Epoch #657: train loss = 0.292722, val loss = 0.062224, total loss = 0.177473, Epoch time: 0.28 seconds, remaining time: 1.61 minutes
Epoch #658: train loss = 0.278099, val loss = 0.058926, total loss = 0.168512, Epoch time: 0.28 seconds, remaining time: 1.60 minutes
Epoch #659: train loss = 0.363474, val loss = 0.054236, total loss = 0.208855, Epoch time: 0.28 seconds, remaining time: 1.60 minutes
Epoch #660: train loss = 0.236753, val loss = 0.056883, total loss = 0.146818, Epoch time: 0.28 seconds, remaining time: 1.59 minutes
Epoch #661: train loss = 0.255772, val loss = 0.037098, total loss = 0.146435, Epoch time: 0.28 seconds, remaining time: 1.59 minutes
Epoch #662: train loss = 0.268799, val loss = 0.042273, total loss = 0.155536, Epoch time: 0.28 seconds, remaining time: 1.58 minutes
Epoch #663: train loss = 0.177294, val loss = 0.052073, total loss = 0.114684, Epoch time: 0.28 seconds, remaining time: 1.58 minutes
Epoch #664: train loss = 0.156166, val loss = 0.033964, total loss = 0.095065, Epoch time: 0.28 seconds, remaining time: 1.57 minutes
Epoch #665: train loss = 0.160355, val loss = 0.036978, total loss = 0.098666, Epoch time: 0.28 seconds, remaining time: 1.57 minutes
Epoch #666: train loss = 0.269516, val loss = 0.031621, total loss = 0.150568, Epoch time: 0.28 seconds, remaining time: 1.56 minutes
Epoch #667: train loss = 0.151330, val loss = 0.055222, total loss = 0.103276, Epoch time: 0.28 seconds, remaining time: 1.56 minutes
Epoch #668: train loss = 0.221757, val loss = 0.048706, total loss = 0.135232, Epoch time: 0.28 seconds, remaining time: 1.55 minutes
Epoch #669: train loss = 0.193978, val loss = 0.030834, total loss = 0.112406, Epoch time: 0.28 seconds, remaining time: 1.55 minutes
Epoch #670: train loss = 0.185487, val loss = 0.047244, total loss = 0.116366, Epoch time: 0.28 seconds, remaining time: 1.55 minutes
Epoch #671: train loss = 0.130147, val loss = 0.032230, total loss = 0.081189, Epoch time: 0.28 seconds, remaining time: 1.54 minutes
Epoch #672: train loss = 0.341067, val loss = 0.029792, total loss = 0.185430, Epoch time: 0.28 seconds, remaining time: 1.54 minutes
Epoch #673: train loss = 0.143825, val loss = 0.026653, total loss = 0.085239, Epoch time: 0.28 seconds, remaining time: 1.53 minutes
Epoch #674: train loss = 0.162923, val loss = 0.032506, total loss = 0.097715, Epoch time: 0.28 seconds, remaining time: 1.53 minutes
Epoch #675: train loss = 0.242167, val loss = 0.028438, total loss = 0.135303, Epoch time: 0.28 seconds, remaining time: 1.52 minutes
Epoch #676: train loss = 0.131591, val loss = 0.028146, total loss = 0.079868, Epoch time: 0.28 seconds, remaining time: 1.52 minutes
Epoch #677: train loss = 0.131945, val loss = 0.031672, total loss = 0.081809, Epoch time: 0.28 seconds, remaining time: 1.51 minutes
Epoch #678: train loss = 0.162110, val loss = 0.030239, total loss = 0.096175, Epoch time: 0.28 seconds, remaining time: 1.51 minutes
Epoch #679: train loss = 0.238065, val loss = 0.038125, total loss = 0.138095, Epoch time: 0.28 seconds, remaining time: 1.50 minutes
Epoch #680: train loss = 0.162189, val loss = 0.060789, total loss = 0.111489, Epoch time: 0.28 seconds, remaining time: 1.50 minutes
Epoch #681: train loss = 0.279839, val loss = 0.058224, total loss = 0.169031, Epoch time: 0.28 seconds, remaining time: 1.49 minutes
Epoch #682: train loss = 0.133064, val loss = 0.066439, total loss = 0.099752, Epoch time: 0.28 seconds, remaining time: 1.49 minutes
Epoch #683: train loss = 0.125750, val loss = 0.061255, total loss = 0.093503, Epoch time: 0.28 seconds, remaining time: 1.49 minutes
Epoch #684: train loss = 0.208857, val loss = 0.063611, total loss = 0.136234, Epoch time: 0.28 seconds, remaining time: 1.48 minutes
Epoch #685: train loss = 0.132745, val loss = 0.039980, total loss = 0.086362, Epoch time: 0.28 seconds, remaining time: 1.48 minutes
Epoch #686: train loss = 0.140338, val loss = 0.039158, total loss = 0.089748, Epoch time: 0.28 seconds, remaining time: 1.47 minutes
Epoch #687: train loss = 0.089072, val loss = 0.025967, total loss = 0.057520, Epoch time: 0.28 seconds, remaining time: 1.47 minutes
Epoch #688: train loss = 0.291974, val loss = 0.048114, total loss = 0.170044, Epoch time: 0.28 seconds, remaining time: 1.46 minutes
Epoch #689: train loss = 0.108889, val loss = 0.017904, total loss = 0.063397, Epoch time: 0.28 seconds, remaining time: 1.46 minutes
Epoch #690: train loss = 0.159008, val loss = 0.041854, total loss = 0.100431, Epoch time: 0.28 seconds, remaining time: 1.45 minutes
Epoch #691: train loss = 0.112249, val loss = 0.043919, total loss = 0.078084, Epoch time: 0.28 seconds, remaining time: 1.45 minutes
Epoch #692: train loss = 0.328855, val loss = 0.036571, total loss = 0.182713, Epoch time: 0.28 seconds, remaining time: 1.44 minutes
Epoch #693: train loss = 0.307304, val loss = 0.030457, total loss = 0.168881, Epoch time: 0.28 seconds, remaining time: 1.44 minutes
Epoch #694: train loss = 0.118252, val loss = 0.025504, total loss = 0.071878, Epoch time: 0.28 seconds, remaining time: 1.43 minutes
Epoch #695: train loss = 0.357113, val loss = 0.016280, total loss = 0.186697, Epoch time: 0.28 seconds, remaining time: 1.43 minutes
Epoch #696: train loss = 0.252954, val loss = 0.050150, total loss = 0.151552, Epoch time: 0.28 seconds, remaining time: 1.43 minutes
Epoch #697: train loss = 0.162737, val loss = 0.027113, total loss = 0.094925, Epoch time: 0.28 seconds, remaining time: 1.42 minutes
Epoch #698: train loss = 0.253272, val loss = 0.024880, total loss = 0.139076, Epoch time: 0.28 seconds, remaining time: 1.42 minutes
Epoch #699: train loss = 0.179280, val loss = 0.029404, total loss = 0.104342, Epoch time: 0.28 seconds, remaining time: 1.41 minutes
Epoch #700: train loss = 0.220067, val loss = 0.025618, total loss = 0.122843, Epoch time: 0.28 seconds, remaining time: 1.41 minutes
Epoch #701: train loss = 0.252748, val loss = 0.024812, total loss = 0.138780, Epoch time: 0.28 seconds, remaining time: 1.40 minutes
Epoch #702: train loss = 0.091024, val loss = 0.025275, total loss = 0.058149, Epoch time: 0.28 seconds, remaining time: 1.40 minutes
Epoch #703: train loss = 0.176907, val loss = 0.022560, total loss = 0.099733, Epoch time: 0.28 seconds, remaining time: 1.39 minutes
Epoch #704: train loss = 0.204448, val loss = 0.020423, total loss = 0.112436, Epoch time: 0.28 seconds, remaining time: 1.39 minutes
Epoch #705: train loss = 0.111313, val loss = 0.016289, total loss = 0.063801, Epoch time: 0.28 seconds, remaining time: 1.38 minutes
Epoch #706: train loss = 0.449676, val loss = 0.035255, total loss = 0.242466, Epoch time: 0.28 seconds, remaining time: 1.38 minutes
Epoch #707: train loss = 0.111473, val loss = 0.033046, total loss = 0.072259, Epoch time: 0.28 seconds, remaining time: 1.37 minutes
Epoch #708: train loss = 0.128266, val loss = 0.048743, total loss = 0.088504, Epoch time: 0.28 seconds, remaining time: 1.37 minutes
Epoch #709: train loss = 0.154310, val loss = 0.035856, total loss = 0.095083, Epoch time: 0.28 seconds, remaining time: 1.36 minutes
Epoch #710: train loss = 0.483055, val loss = 0.031407, total loss = 0.257231, Epoch time: 0.28 seconds, remaining time: 1.36 minutes
Epoch #711: train loss = 0.115452, val loss = 0.025542, total loss = 0.070497, Epoch time: 0.28 seconds, remaining time: 1.36 minutes
Epoch #712: train loss = 0.227257, val loss = 0.037936, total loss = 0.132597, Epoch time: 0.28 seconds, remaining time: 1.35 minutes
Epoch #713: train loss = 0.126249, val loss = 0.018605, total loss = 0.072427, Epoch time: 0.28 seconds, remaining time: 1.35 minutes
Epoch #714: train loss = 0.330012, val loss = 0.021216, total loss = 0.175614, Epoch time: 0.28 seconds, remaining time: 1.34 minutes
Epoch #715: train loss = 0.161612, val loss = 0.021263, total loss = 0.091438, Epoch time: 0.28 seconds, remaining time: 1.34 minutes
Epoch #716: train loss = 0.284173, val loss = 0.048343, total loss = 0.166258, Epoch time: 0.28 seconds, remaining time: 1.33 minutes
Epoch #717: train loss = 0.154736, val loss = 0.029724, total loss = 0.092230, Epoch time: 0.28 seconds, remaining time: 1.33 minutes
Epoch #718: train loss = 0.316203, val loss = 0.022049, total loss = 0.169126, Epoch time: 0.28 seconds, remaining time: 1.32 minutes
Epoch #719: train loss = 0.424167, val loss = 0.038858, total loss = 0.231513, Epoch time: 0.28 seconds, remaining time: 1.32 minutes
Epoch #720: train loss = 0.129953, val loss = 0.047636, total loss = 0.088795, Epoch time: 0.28 seconds, remaining time: 1.31 minutes
Epoch #721: train loss = 0.133586, val loss = 0.034591, total loss = 0.084089, Epoch time: 0.28 seconds, remaining time: 1.31 minutes
Epoch #722: train loss = 0.197037, val loss = 0.037289, total loss = 0.117163, Epoch time: 0.28 seconds, remaining time: 1.30 minutes
Epoch #723: train loss = 0.243294, val loss = 0.031740, total loss = 0.137517, Epoch time: 0.28 seconds, remaining time: 1.30 minutes
Epoch #724: train loss = 0.161456, val loss = 0.033254, total loss = 0.097355, Epoch time: 0.28 seconds, remaining time: 1.29 minutes
Epoch #725: train loss = 0.184562, val loss = 0.029345, total loss = 0.106954, Epoch time: 0.28 seconds, remaining time: 1.29 minutes
Epoch #726: train loss = 0.563339, val loss = 0.035828, total loss = 0.299583, Epoch time: 0.28 seconds, remaining time: 1.29 minutes
Epoch #727: train loss = 0.257580, val loss = 0.026812, total loss = 0.142196, Epoch time: 0.28 seconds, remaining time: 1.28 minutes
Epoch #728: train loss = 0.143821, val loss = 0.032727, total loss = 0.088274, Epoch time: 0.28 seconds, remaining time: 1.28 minutes
Epoch #729: train loss = 0.416424, val loss = 0.029938, total loss = 0.223181, Epoch time: 0.28 seconds, remaining time: 1.27 minutes
Epoch #730: train loss = 0.157741, val loss = 0.040221, total loss = 0.098981, Epoch time: 0.28 seconds, remaining time: 1.27 minutes
Epoch #731: train loss = 0.305103, val loss = 0.048241, total loss = 0.176672, Epoch time: 0.28 seconds, remaining time: 1.26 minutes
Epoch #732: train loss = 0.183155, val loss = 0.042899, total loss = 0.113027, Epoch time: 0.28 seconds, remaining time: 1.26 minutes
Epoch #733: train loss = 0.349602, val loss = 0.031210, total loss = 0.190406, Epoch time: 0.28 seconds, remaining time: 1.25 minutes
Epoch #734: train loss = 0.462749, val loss = 0.055740, total loss = 0.259244, Epoch time: 0.28 seconds, remaining time: 1.25 minutes
Epoch #735: train loss = 0.236293, val loss = 0.047492, total loss = 0.141892, Epoch time: 0.28 seconds, remaining time: 1.24 minutes
Epoch #736: train loss = 0.136399, val loss = 0.026854, total loss = 0.081627, Epoch time: 0.28 seconds, remaining time: 1.24 minutes
Epoch #737: train loss = 0.293998, val loss = 0.038007, total loss = 0.166002, Epoch time: 0.28 seconds, remaining time: 1.23 minutes
Epoch #738: train loss = 0.214946, val loss = 0.031547, total loss = 0.123247, Epoch time: 0.28 seconds, remaining time: 1.23 minutes
Epoch #739: train loss = 0.241170, val loss = 0.044128, total loss = 0.142649, Epoch time: 0.28 seconds, remaining time: 1.22 minutes
Epoch #740: train loss = 0.195905, val loss = 0.041998, total loss = 0.118951, Epoch time: 0.28 seconds, remaining time: 1.22 minutes
Epoch #741: train loss = 0.520624, val loss = 0.033862, total loss = 0.277243, Epoch time: 0.28 seconds, remaining time: 1.22 minutes
Epoch #742: train loss = 0.250762, val loss = 0.052613, total loss = 0.151688, Epoch time: 0.28 seconds, remaining time: 1.21 minutes
Epoch #743: train loss = 0.206031, val loss = 0.027034, total loss = 0.116532, Epoch time: 0.28 seconds, remaining time: 1.21 minutes
Epoch #744: train loss = 0.230610, val loss = 0.029764, total loss = 0.130187, Epoch time: 0.28 seconds, remaining time: 1.20 minutes
Epoch #745: train loss = 0.455095, val loss = 0.025176, total loss = 0.240135, Epoch time: 0.28 seconds, remaining time: 1.20 minutes
Epoch #746: train loss = 0.243047, val loss = 0.059377, total loss = 0.151212, Epoch time: 0.28 seconds, remaining time: 1.19 minutes
Epoch #747: train loss = 0.285161, val loss = 0.029003, total loss = 0.157082, Epoch time: 0.28 seconds, remaining time: 1.19 minutes
Epoch #748: train loss = 0.307758, val loss = 0.057852, total loss = 0.182805, Epoch time: 0.28 seconds, remaining time: 1.18 minutes
Epoch #749: train loss = 0.622807, val loss = 0.064418, total loss = 0.343612, Epoch time: 0.28 seconds, remaining time: 1.18 minutes
Epoch #750: train loss = 0.309102, val loss = 0.050686, total loss = 0.179894, Epoch time: 0.28 seconds, remaining time: 1.17 minutes
Epoch #751: train loss = 0.298282, val loss = 0.032144, total loss = 0.165213, Epoch time: 0.28 seconds, remaining time: 1.17 minutes
Epoch #752: train loss = 0.234711, val loss = 0.038912, total loss = 0.136811, Epoch time: 0.28 seconds, remaining time: 1.16 minutes
Epoch #753: train loss = 0.230922, val loss = 0.028139, total loss = 0.129530, Epoch time: 0.28 seconds, remaining time: 1.16 minutes
Epoch #754: train loss = 0.138463, val loss = 0.022910, total loss = 0.080687, Epoch time: 0.28 seconds, remaining time: 1.15 minutes
Epoch #755: train loss = 0.127342, val loss = 0.029030, total loss = 0.078186, Epoch time: 0.28 seconds, remaining time: 1.15 minutes
Epoch #756: train loss = 0.136486, val loss = 0.045731, total loss = 0.091109, Epoch time: 0.28 seconds, remaining time: 1.15 minutes
Epoch #757: train loss = 0.169201, val loss = 0.035337, total loss = 0.102269, Epoch time: 0.28 seconds, remaining time: 1.14 minutes
Epoch #758: train loss = 0.169412, val loss = 0.025354, total loss = 0.097383, Epoch time: 0.28 seconds, remaining time: 1.14 minutes
Epoch #759: train loss = 0.242778, val loss = 0.027149, total loss = 0.134963, Epoch time: 0.28 seconds, remaining time: 1.13 minutes
Epoch #760: train loss = 0.146640, val loss = 0.027485, total loss = 0.087062, Epoch time: 0.28 seconds, remaining time: 1.13 minutes
Epoch #761: train loss = 0.120442, val loss = 0.020527, total loss = 0.070484, Epoch time: 0.28 seconds, remaining time: 1.12 minutes
Epoch #762: train loss = 0.197579, val loss = 0.022269, total loss = 0.109924, Epoch time: 0.28 seconds, remaining time: 1.12 minutes
Epoch #763: train loss = 0.121677, val loss = 0.029584, total loss = 0.075631, Epoch time: 0.28 seconds, remaining time: 1.11 minutes
Epoch #764: train loss = 0.135357, val loss = 0.018805, total loss = 0.077081, Epoch time: 0.28 seconds, remaining time: 1.11 minutes
Epoch #765: train loss = 0.170953, val loss = 0.016864, total loss = 0.093908, Epoch time: 0.28 seconds, remaining time: 1.10 minutes
Epoch #766: train loss = 0.389310, val loss = 0.024080, total loss = 0.206695, Epoch time: 0.28 seconds, remaining time: 1.10 minutes
Epoch #767: train loss = 0.156612, val loss = 0.025163, total loss = 0.090888, Epoch time: 0.28 seconds, remaining time: 1.09 minutes
Epoch #768: train loss = 0.144385, val loss = 0.013115, total loss = 0.078750, Epoch time: 0.28 seconds, remaining time: 1.09 minutes
Epoch #769: train loss = 0.234690, val loss = 0.026236, total loss = 0.130463, Epoch time: 0.28 seconds, remaining time: 1.08 minutes
Epoch #770: train loss = 0.144901, val loss = 0.033040, total loss = 0.088970, Epoch time: 0.28 seconds, remaining time: 1.08 minutes
Epoch #771: train loss = 0.143631, val loss = 0.032721, total loss = 0.088176, Epoch time: 0.28 seconds, remaining time: 1.08 minutes
Epoch #772: train loss = 0.748132, val loss = 0.027796, total loss = 0.387964, Epoch time: 0.28 seconds, remaining time: 1.07 minutes
Epoch #773: train loss = 0.249097, val loss = 0.055060, total loss = 0.152078, Epoch time: 0.28 seconds, remaining time: 1.07 minutes
Epoch #774: train loss = 0.162508, val loss = 0.038670, total loss = 0.100589, Epoch time: 0.28 seconds, remaining time: 1.06 minutes
Epoch #775: train loss = 0.146721, val loss = 0.040576, total loss = 0.093649, Epoch time: 0.28 seconds, remaining time: 1.06 minutes
Epoch #776: train loss = 0.200864, val loss = 0.037956, total loss = 0.119410, Epoch time: 0.28 seconds, remaining time: 1.05 minutes
Epoch #777: train loss = 0.197115, val loss = 0.030157, total loss = 0.113636, Epoch time: 0.28 seconds, remaining time: 1.05 minutes
Epoch #778: train loss = 0.174076, val loss = 0.016693, total loss = 0.095384, Epoch time: 0.28 seconds, remaining time: 1.04 minutes
Epoch #779: train loss = 0.206614, val loss = 0.034891, total loss = 0.120753, Epoch time: 0.28 seconds, remaining time: 1.04 minutes
Epoch #780: train loss = 0.218271, val loss = 0.027811, total loss = 0.123041, Epoch time: 0.28 seconds, remaining time: 1.03 minutes
Epoch #781: train loss = 0.129351, val loss = 0.031374, total loss = 0.080363, Epoch time: 0.28 seconds, remaining time: 1.03 minutes
Epoch #782: train loss = 0.162968, val loss = 0.029407, total loss = 0.096187, Epoch time: 0.28 seconds, remaining time: 1.02 minutes
Epoch #783: train loss = 0.273420, val loss = 0.029666, total loss = 0.151543, Epoch time: 0.28 seconds, remaining time: 1.02 minutes
Epoch #784: train loss = 0.316835, val loss = 0.031430, total loss = 0.174133, Epoch time: 0.28 seconds, remaining time: 1.01 minutes
Epoch #785: train loss = 0.134926, val loss = 0.034973, total loss = 0.084949, Epoch time: 0.28 seconds, remaining time: 1.01 minutes
Epoch #786: train loss = 0.184234, val loss = 0.026348, total loss = 0.105291, Epoch time: 0.28 seconds, remaining time: 1.01 minutes
Epoch #787: train loss = 0.161910, val loss = 0.032920, total loss = 0.097415, Epoch time: 0.28 seconds, remaining time: 1.00 minutes
Epoch #788: train loss = 0.240883, val loss = 0.025003, total loss = 0.132943, Epoch time: 0.28 seconds, remaining time: 1.00 minutes
Epoch #789: train loss = 0.360646, val loss = 0.040618, total loss = 0.200632, Epoch time: 0.28 seconds, remaining time: 0.99 minutes
Epoch #790: train loss = 0.245153, val loss = 0.064331, total loss = 0.154742, Epoch time: 0.28 seconds, remaining time: 0.99 minutes
Epoch #791: train loss = 0.245084, val loss = 0.041520, total loss = 0.143302, Epoch time: 0.28 seconds, remaining time: 0.98 minutes
Epoch #792: train loss = 0.263064, val loss = 0.020487, total loss = 0.141775, Epoch time: 0.28 seconds, remaining time: 0.98 minutes
Epoch #793: train loss = 0.102365, val loss = 0.023331, total loss = 0.062848, Epoch time: 0.28 seconds, remaining time: 0.97 minutes
Epoch #794: train loss = 0.170833, val loss = 0.029246, total loss = 0.100040, Epoch time: 0.28 seconds, remaining time: 0.97 minutes
Epoch #795: train loss = 0.137610, val loss = 0.026869, total loss = 0.082240, Epoch time: 0.28 seconds, remaining time: 0.96 minutes
Epoch #796: train loss = 0.100500, val loss = 0.029912, total loss = 0.065206, Epoch time: 0.28 seconds, remaining time: 0.96 minutes
Epoch #797: train loss = 0.118668, val loss = 0.033211, total loss = 0.075939, Epoch time: 0.28 seconds, remaining time: 0.95 minutes
Epoch #798: train loss = 0.194305, val loss = 0.021282, total loss = 0.107793, Epoch time: 0.28 seconds, remaining time: 0.95 minutes
Epoch #799: train loss = 0.219376, val loss = 0.017945, total loss = 0.118661, Epoch time: 0.28 seconds, remaining time: 0.94 minutes
Epoch #800: train loss = 0.162168, val loss = 0.011317, total loss = 0.086742, Epoch time: 0.28 seconds, remaining time: 0.94 minutes
Epoch #801: train loss = 0.213453, val loss = 0.009261, total loss = 0.111357, Epoch time: 0.28 seconds, remaining time: 0.94 minutes
Epoch #802: train loss = 0.128442, val loss = 0.019760, total loss = 0.074101, Epoch time: 0.28 seconds, remaining time: 0.93 minutes
Epoch #803: train loss = 0.166854, val loss = 0.037105, total loss = 0.101980, Epoch time: 0.28 seconds, remaining time: 0.93 minutes
Epoch #804: train loss = 0.227696, val loss = 0.030757, total loss = 0.129227, Epoch time: 0.28 seconds, remaining time: 0.92 minutes
Epoch #805: train loss = 0.214898, val loss = 0.022748, total loss = 0.118823, Epoch time: 0.28 seconds, remaining time: 0.92 minutes
Epoch #806: train loss = 0.480954, val loss = 0.021447, total loss = 0.251201, Epoch time: 0.28 seconds, remaining time: 0.91 minutes
Epoch #807: train loss = 0.208973, val loss = 0.022451, total loss = 0.115712, Epoch time: 0.28 seconds, remaining time: 0.91 minutes
Epoch #808: train loss = 0.120817, val loss = 0.029310, total loss = 0.075063, Epoch time: 0.28 seconds, remaining time: 0.90 minutes
Epoch #809: train loss = 0.240503, val loss = 0.033842, total loss = 0.137172, Epoch time: 0.28 seconds, remaining time: 0.90 minutes
Epoch #810: train loss = 0.144363, val loss = 0.023989, total loss = 0.084176, Epoch time: 0.28 seconds, remaining time: 0.89 minutes
Epoch #811: train loss = 0.170635, val loss = 0.024670, total loss = 0.097652, Epoch time: 0.28 seconds, remaining time: 0.89 minutes
Epoch #812: train loss = 0.375009, val loss = 0.016959, total loss = 0.195984, Epoch time: 0.28 seconds, remaining time: 0.88 minutes
Epoch #813: train loss = 0.115343, val loss = 0.027705, total loss = 0.071524, Epoch time: 0.28 seconds, remaining time: 0.88 minutes
Epoch #814: train loss = 0.188490, val loss = 0.030210, total loss = 0.109350, Epoch time: 0.28 seconds, remaining time: 0.87 minutes
Epoch #815: train loss = 0.250412, val loss = 0.038863, total loss = 0.144638, Epoch time: 0.28 seconds, remaining time: 0.87 minutes
Epoch #816: train loss = 0.132403, val loss = 0.031197, total loss = 0.081800, Epoch time: 0.28 seconds, remaining time: 0.86 minutes
Epoch #817: train loss = 0.297196, val loss = 0.037540, total loss = 0.167368, Epoch time: 0.28 seconds, remaining time: 0.86 minutes
Epoch #818: train loss = 0.181445, val loss = 0.032475, total loss = 0.106960, Epoch time: 0.28 seconds, remaining time: 0.86 minutes
Epoch #819: train loss = 0.100463, val loss = 0.031319, total loss = 0.065891, Epoch time: 0.28 seconds, remaining time: 0.85 minutes
Epoch #820: train loss = 0.112695, val loss = 0.027636, total loss = 0.070165, Epoch time: 0.28 seconds, remaining time: 0.85 minutes
Epoch #821: train loss = 0.210891, val loss = 0.029613, total loss = 0.120252, Epoch time: 0.28 seconds, remaining time: 0.84 minutes
Epoch #822: train loss = 0.085671, val loss = 0.019581, total loss = 0.052626, Epoch time: 0.28 seconds, remaining time: 0.84 minutes
Epoch #823: train loss = 0.253039, val loss = 0.030433, total loss = 0.141736, Epoch time: 0.28 seconds, remaining time: 0.83 minutes
Epoch #824: train loss = 0.084291, val loss = 0.015660, total loss = 0.049975, Epoch time: 0.28 seconds, remaining time: 0.83 minutes
Epoch #825: train loss = 0.249789, val loss = 0.028855, total loss = 0.139322, Epoch time: 0.28 seconds, remaining time: 0.82 minutes
Epoch #826: train loss = 0.196391, val loss = 0.018004, total loss = 0.107197, Epoch time: 0.28 seconds, remaining time: 0.82 minutes
Epoch #827: train loss = 0.239598, val loss = 0.023556, total loss = 0.131577, Epoch time: 0.28 seconds, remaining time: 0.81 minutes
Epoch #828: train loss = 0.308777, val loss = 0.032451, total loss = 0.170614, Epoch time: 0.28 seconds, remaining time: 0.81 minutes
Epoch #829: train loss = 0.095106, val loss = 0.034497, total loss = 0.064802, Epoch time: 0.28 seconds, remaining time: 0.80 minutes
Epoch #830: train loss = 0.162097, val loss = 0.046271, total loss = 0.104184, Epoch time: 0.28 seconds, remaining time: 0.80 minutes
Epoch #831: train loss = 0.373821, val loss = 0.027975, total loss = 0.200898, Epoch time: 0.28 seconds, remaining time: 0.79 minutes
Epoch #832: train loss = 0.679183, val loss = 0.034591, total loss = 0.356887, Epoch time: 0.28 seconds, remaining time: 0.79 minutes
Epoch #833: train loss = 0.231094, val loss = 0.067514, total loss = 0.149304, Epoch time: 0.28 seconds, remaining time: 0.79 minutes
Epoch #834: train loss = 0.288068, val loss = 0.057915, total loss = 0.172992, Epoch time: 0.28 seconds, remaining time: 0.78 minutes
Epoch #835: train loss = 0.141219, val loss = 0.032207, total loss = 0.086713, Epoch time: 0.28 seconds, remaining time: 0.78 minutes
Epoch #836: train loss = 0.146574, val loss = 0.028003, total loss = 0.087288, Epoch time: 0.28 seconds, remaining time: 0.77 minutes
Epoch #837: train loss = 0.303430, val loss = 0.036032, total loss = 0.169731, Epoch time: 0.28 seconds, remaining time: 0.77 minutes
Epoch #838: train loss = 0.366172, val loss = 0.043242, total loss = 0.204707, Epoch time: 0.28 seconds, remaining time: 0.76 minutes
Epoch #839: train loss = 0.166711, val loss = 0.021764, total loss = 0.094238, Epoch time: 0.28 seconds, remaining time: 0.76 minutes
Epoch #840: train loss = 0.173297, val loss = 0.029711, total loss = 0.101504, Epoch time: 0.28 seconds, remaining time: 0.75 minutes
Epoch #841: train loss = 0.187616, val loss = 0.027371, total loss = 0.107494, Epoch time: 0.28 seconds, remaining time: 0.75 minutes
Epoch #842: train loss = 0.213403, val loss = 0.023591, total loss = 0.118497, Epoch time: 0.28 seconds, remaining time: 0.74 minutes
Epoch #843: train loss = 0.252756, val loss = 0.026242, total loss = 0.139499, Epoch time: 0.28 seconds, remaining time: 0.74 minutes
Epoch #844: train loss = 0.203661, val loss = 0.038050, total loss = 0.120855, Epoch time: 0.28 seconds, remaining time: 0.73 minutes
Epoch #845: train loss = 0.100408, val loss = 0.026392, total loss = 0.063400, Epoch time: 0.28 seconds, remaining time: 0.73 minutes
Epoch #846: train loss = 0.286868, val loss = 0.032856, total loss = 0.159862, Epoch time: 0.28 seconds, remaining time: 0.72 minutes
Epoch #847: train loss = 0.126840, val loss = 0.036101, total loss = 0.081471, Epoch time: 0.28 seconds, remaining time: 0.72 minutes
Epoch #848: train loss = 0.141544, val loss = 0.036055, total loss = 0.088799, Epoch time: 0.28 seconds, remaining time: 0.71 minutes
Epoch #849: train loss = 0.150550, val loss = 0.026348, total loss = 0.088449, Epoch time: 0.28 seconds, remaining time: 0.71 minutes
Epoch #850: train loss = 0.076915, val loss = 0.019373, total loss = 0.048144, Epoch time: 0.28 seconds, remaining time: 0.71 minutes
Epoch #851: train loss = 0.149858, val loss = 0.061281, total loss = 0.105570, Epoch time: 0.28 seconds, remaining time: 0.70 minutes
Epoch #852: train loss = 0.376643, val loss = 0.034375, total loss = 0.205509, Epoch time: 0.28 seconds, remaining time: 0.70 minutes
Epoch #853: train loss = 0.184060, val loss = 0.038550, total loss = 0.111305, Epoch time: 0.28 seconds, remaining time: 0.69 minutes
Epoch #854: train loss = 0.458025, val loss = 0.024764, total loss = 0.241394, Epoch time: 0.28 seconds, remaining time: 0.69 minutes
Epoch #855: train loss = 0.154019, val loss = 0.029210, total loss = 0.091614, Epoch time: 0.28 seconds, remaining time: 0.68 minutes
Epoch #856: train loss = 0.210253, val loss = 0.033185, total loss = 0.121719, Epoch time: 0.28 seconds, remaining time: 0.68 minutes
Epoch #857: train loss = 0.121381, val loss = 0.030852, total loss = 0.076117, Epoch time: 0.28 seconds, remaining time: 0.67 minutes
Epoch #858: train loss = 0.477453, val loss = 0.042174, total loss = 0.259814, Epoch time: 0.28 seconds, remaining time: 0.67 minutes
Epoch #859: train loss = 0.167561, val loss = 0.039890, total loss = 0.103726, Epoch time: 0.28 seconds, remaining time: 0.66 minutes
Epoch #860: train loss = 0.146677, val loss = 0.030547, total loss = 0.088612, Epoch time: 0.28 seconds, remaining time: 0.66 minutes
Epoch #861: train loss = 0.118723, val loss = 0.035771, total loss = 0.077247, Epoch time: 0.28 seconds, remaining time: 0.65 minutes
Epoch #862: train loss = 0.248738, val loss = 0.047312, total loss = 0.148025, Epoch time: 0.28 seconds, remaining time: 0.65 minutes
Epoch #863: train loss = 0.166292, val loss = 0.053353, total loss = 0.109823, Epoch time: 0.28 seconds, remaining time: 0.64 minutes
Epoch #864: train loss = 0.142410, val loss = 0.033730, total loss = 0.088070, Epoch time: 0.28 seconds, remaining time: 0.64 minutes
Epoch #865: train loss = 0.171989, val loss = 0.058034, total loss = 0.115011, Epoch time: 0.28 seconds, remaining time: 0.63 minutes
Epoch #866: train loss = 0.151957, val loss = 0.020203, total loss = 0.086080, Epoch time: 0.28 seconds, remaining time: 0.63 minutes
Epoch #867: train loss = 0.147356, val loss = 0.034141, total loss = 0.090748, Epoch time: 0.28 seconds, remaining time: 0.62 minutes
Epoch #868: train loss = 0.144091, val loss = 0.037403, total loss = 0.090747, Epoch time: 0.28 seconds, remaining time: 0.62 minutes
Epoch #869: train loss = 0.344479, val loss = 0.024882, total loss = 0.184680, Epoch time: 0.28 seconds, remaining time: 0.62 minutes
Epoch #870: train loss = 0.131515, val loss = 0.020727, total loss = 0.076121, Epoch time: 0.28 seconds, remaining time: 0.61 minutes
Epoch #871: train loss = 0.236671, val loss = 0.040031, total loss = 0.138351, Epoch time: 0.28 seconds, remaining time: 0.61 minutes
Epoch #872: train loss = 0.140130, val loss = 0.022487, total loss = 0.081309, Epoch time: 0.28 seconds, remaining time: 0.60 minutes
Epoch #873: train loss = 0.124613, val loss = 0.023644, total loss = 0.074128, Epoch time: 0.28 seconds, remaining time: 0.60 minutes
Epoch #874: train loss = 0.142242, val loss = 0.022188, total loss = 0.082215, Epoch time: 0.28 seconds, remaining time: 0.59 minutes
Epoch #875: train loss = 0.111746, val loss = 0.040174, total loss = 0.075960, Epoch time: 0.28 seconds, remaining time: 0.59 minutes
Epoch #876: train loss = 0.141800, val loss = 0.027169, total loss = 0.084485, Epoch time: 0.28 seconds, remaining time: 0.58 minutes
Epoch #877: train loss = 0.109332, val loss = 0.020386, total loss = 0.064859, Epoch time: 0.28 seconds, remaining time: 0.58 minutes
Epoch #878: train loss = 0.264973, val loss = 0.016788, total loss = 0.140881, Epoch time: 0.28 seconds, remaining time: 0.57 minutes
Epoch #879: train loss = 0.149444, val loss = 0.041880, total loss = 0.095662, Epoch time: 0.28 seconds, remaining time: 0.57 minutes
Epoch #880: train loss = 0.119529, val loss = 0.028666, total loss = 0.074098, Epoch time: 0.28 seconds, remaining time: 0.56 minutes
Epoch #881: train loss = 0.447004, val loss = 0.028876, total loss = 0.237940, Epoch time: 0.28 seconds, remaining time: 0.56 minutes
Epoch #882: train loss = 0.138306, val loss = 0.035506, total loss = 0.086906, Epoch time: 0.28 seconds, remaining time: 0.55 minutes
Epoch #883: train loss = 0.147052, val loss = 0.042204, total loss = 0.094628, Epoch time: 0.28 seconds, remaining time: 0.55 minutes
Epoch #884: train loss = 0.075941, val loss = 0.016422, total loss = 0.046182, Epoch time: 0.28 seconds, remaining time: 0.54 minutes
Epoch #885: train loss = 0.136315, val loss = 0.016116, total loss = 0.076216, Epoch time: 0.28 seconds, remaining time: 0.54 minutes
Epoch #886: train loss = 0.169400, val loss = 0.013658, total loss = 0.091529, Epoch time: 0.28 seconds, remaining time: 0.54 minutes
Epoch #887: train loss = 0.426550, val loss = 0.039865, total loss = 0.233207, Epoch time: 0.28 seconds, remaining time: 0.53 minutes
Epoch #888: train loss = 0.142863, val loss = 0.021120, total loss = 0.081991, Epoch time: 0.28 seconds, remaining time: 0.53 minutes
Epoch #889: train loss = 0.245175, val loss = 0.024834, total loss = 0.135005, Epoch time: 0.28 seconds, remaining time: 0.52 minutes
Epoch #890: train loss = 0.247353, val loss = 0.024235, total loss = 0.135794, Epoch time: 0.28 seconds, remaining time: 0.52 minutes
Epoch #891: train loss = 0.213883, val loss = 0.029366, total loss = 0.121624, Epoch time: 0.28 seconds, remaining time: 0.51 minutes
Epoch #892: train loss = 0.157072, val loss = 0.031993, total loss = 0.094532, Epoch time: 0.28 seconds, remaining time: 0.51 minutes
Epoch #893: train loss = 0.226421, val loss = 0.025579, total loss = 0.126000, Epoch time: 0.28 seconds, remaining time: 0.50 minutes
Epoch #894: train loss = 0.208259, val loss = 0.033569, total loss = 0.120914, Epoch time: 0.28 seconds, remaining time: 0.50 minutes
Epoch #895: train loss = 0.122561, val loss = 0.018479, total loss = 0.070520, Epoch time: 0.28 seconds, remaining time: 0.49 minutes
Epoch #896: train loss = 0.212341, val loss = 0.014388, total loss = 0.113365, Epoch time: 0.28 seconds, remaining time: 0.49 minutes
Epoch #897: train loss = 0.211723, val loss = 0.047758, total loss = 0.129741, Epoch time: 0.28 seconds, remaining time: 0.48 minutes
Epoch #898: train loss = 0.155842, val loss = 0.021733, total loss = 0.088788, Epoch time: 0.28 seconds, remaining time: 0.48 minutes
Epoch #899: train loss = 0.428082, val loss = 0.023837, total loss = 0.225960, Epoch time: 0.28 seconds, remaining time: 0.47 minutes
Epoch #900: train loss = 0.189085, val loss = 0.016910, total loss = 0.102998, Epoch time: 0.28 seconds, remaining time: 0.47 minutes
Epoch #901: train loss = 0.090207, val loss = 0.032889, total loss = 0.061548, Epoch time: 0.28 seconds, remaining time: 0.46 minutes
Epoch #902: train loss = 0.255959, val loss = 0.038009, total loss = 0.146984, Epoch time: 0.28 seconds, remaining time: 0.46 minutes
Epoch #903: train loss = 0.178690, val loss = 0.016137, total loss = 0.097413, Epoch time: 0.28 seconds, remaining time: 0.46 minutes
Epoch #904: train loss = 0.155623, val loss = 0.025734, total loss = 0.090678, Epoch time: 0.28 seconds, remaining time: 0.45 minutes
Epoch #905: train loss = 0.167847, val loss = 0.037880, total loss = 0.102864, Epoch time: 0.28 seconds, remaining time: 0.45 minutes
Epoch #906: train loss = 0.123040, val loss = 0.027100, total loss = 0.075070, Epoch time: 0.28 seconds, remaining time: 0.44 minutes
Epoch #907: train loss = 0.260401, val loss = 0.019654, total loss = 0.140027, Epoch time: 0.28 seconds, remaining time: 0.44 minutes
Epoch #908: train loss = 0.113446, val loss = 0.027020, total loss = 0.070233, Epoch time: 0.28 seconds, remaining time: 0.43 minutes
Epoch #909: train loss = 0.192640, val loss = 0.034330, total loss = 0.113485, Epoch time: 0.28 seconds, remaining time: 0.43 minutes
Epoch #910: train loss = 0.179515, val loss = 0.028902, total loss = 0.104208, Epoch time: 0.28 seconds, remaining time: 0.42 minutes
Epoch #911: train loss = 0.058851, val loss = 0.012050, total loss = 0.035451, Epoch time: 0.28 seconds, remaining time: 0.42 minutes
Epoch #912: train loss = 0.266202, val loss = 0.032372, total loss = 0.149287, Epoch time: 0.28 seconds, remaining time: 0.41 minutes
Epoch #913: train loss = 0.103215, val loss = 0.017854, total loss = 0.060534, Epoch time: 0.28 seconds, remaining time: 0.41 minutes
Epoch #914: train loss = 0.142024, val loss = 0.014789, total loss = 0.078406, Epoch time: 0.28 seconds, remaining time: 0.40 minutes
Epoch #915: train loss = 0.104037, val loss = 0.017908, total loss = 0.060972, Epoch time: 0.28 seconds, remaining time: 0.40 minutes
Epoch #916: train loss = 0.329113, val loss = 0.021924, total loss = 0.175519, Epoch time: 0.28 seconds, remaining time: 0.39 minutes
Epoch #917: train loss = 0.183500, val loss = 0.013532, total loss = 0.098516, Epoch time: 0.28 seconds, remaining time: 0.39 minutes
Epoch #918: train loss = 0.196659, val loss = 0.025144, total loss = 0.110901, Epoch time: 0.28 seconds, remaining time: 0.38 minutes
Epoch #919: train loss = 0.191622, val loss = 0.020182, total loss = 0.105902, Epoch time: 0.28 seconds, remaining time: 0.38 minutes
Epoch #920: train loss = 0.284705, val loss = 0.031076, total loss = 0.157891, Epoch time: 0.28 seconds, remaining time: 0.37 minutes
Epoch #921: train loss = 0.251155, val loss = 0.025722, total loss = 0.138439, Epoch time: 0.28 seconds, remaining time: 0.37 minutes
Epoch #922: train loss = 0.352573, val loss = 0.024716, total loss = 0.188645, Epoch time: 0.28 seconds, remaining time: 0.37 minutes
Epoch #923: train loss = 0.201222, val loss = 0.014418, total loss = 0.107820, Epoch time: 0.28 seconds, remaining time: 0.36 minutes
Epoch #924: train loss = 0.090489, val loss = 0.016231, total loss = 0.053360, Epoch time: 0.28 seconds, remaining time: 0.36 minutes
Epoch #925: train loss = 0.158354, val loss = 0.027877, total loss = 0.093115, Epoch time: 0.28 seconds, remaining time: 0.35 minutes
Epoch #926: train loss = 0.128047, val loss = 0.034370, total loss = 0.081208, Epoch time: 0.28 seconds, remaining time: 0.35 minutes
Epoch #927: train loss = 0.346968, val loss = 0.028601, total loss = 0.187785, Epoch time: 0.28 seconds, remaining time: 0.34 minutes
Epoch #928: train loss = 0.152082, val loss = 0.021073, total loss = 0.086577, Epoch time: 0.28 seconds, remaining time: 0.34 minutes
Epoch #929: train loss = 0.271751, val loss = 0.026539, total loss = 0.149145, Epoch time: 0.28 seconds, remaining time: 0.33 minutes
Epoch #930: train loss = 0.118109, val loss = 0.016679, total loss = 0.067394, Epoch time: 0.28 seconds, remaining time: 0.33 minutes
Epoch #931: train loss = 0.142414, val loss = 0.037360, total loss = 0.089887, Epoch time: 0.28 seconds, remaining time: 0.32 minutes
Epoch #932: train loss = 0.157907, val loss = 0.024176, total loss = 0.091042, Epoch time: 0.28 seconds, remaining time: 0.32 minutes
Epoch #933: train loss = 0.548589, val loss = 0.034023, total loss = 0.291306, Epoch time: 0.28 seconds, remaining time: 0.31 minutes
Epoch #934: train loss = 0.207706, val loss = 0.037715, total loss = 0.122711, Epoch time: 0.28 seconds, remaining time: 0.31 minutes
Epoch #935: train loss = 0.109687, val loss = 0.037907, total loss = 0.073797, Epoch time: 0.28 seconds, remaining time: 0.30 minutes
Epoch #936: train loss = 0.210211, val loss = 0.052632, total loss = 0.131421, Epoch time: 0.28 seconds, remaining time: 0.30 minutes
Epoch #937: train loss = 0.166483, val loss = 0.024475, total loss = 0.095479, Epoch time: 0.28 seconds, remaining time: 0.29 minutes
Epoch #938: train loss = 0.101353, val loss = 0.026622, total loss = 0.063988, Epoch time: 0.28 seconds, remaining time: 0.29 minutes
Epoch #939: train loss = 0.241174, val loss = 0.038682, total loss = 0.139928, Epoch time: 0.28 seconds, remaining time: 0.28 minutes
Epoch #940: train loss = 0.228145, val loss = 0.017527, total loss = 0.122836, Epoch time: 0.28 seconds, remaining time: 0.28 minutes
Epoch #941: train loss = 0.159914, val loss = 0.009357, total loss = 0.084636, Epoch time: 0.28 seconds, remaining time: 0.28 minutes
Epoch #942: train loss = 0.289267, val loss = 0.014279, total loss = 0.151773, Epoch time: 0.28 seconds, remaining time: 0.27 minutes
Epoch #943: train loss = 0.168132, val loss = 0.022341, total loss = 0.095236, Epoch time: 0.28 seconds, remaining time: 0.27 minutes
Epoch #944: train loss = 0.124924, val loss = 0.032218, total loss = 0.078571, Epoch time: 0.28 seconds, remaining time: 0.26 minutes
Epoch #945: train loss = 0.218202, val loss = 0.041123, total loss = 0.129663, Epoch time: 0.28 seconds, remaining time: 0.26 minutes
Epoch #946: train loss = 0.087318, val loss = 0.021164, total loss = 0.054241, Epoch time: 0.28 seconds, remaining time: 0.25 minutes
Epoch #947: train loss = 0.139771, val loss = 0.018098, total loss = 0.078935, Epoch time: 0.28 seconds, remaining time: 0.25 minutes
Epoch #948: train loss = 0.115699, val loss = 0.022886, total loss = 0.069293, Epoch time: 0.28 seconds, remaining time: 0.24 minutes
Epoch #949: train loss = 0.137558, val loss = 0.018386, total loss = 0.077972, Epoch time: 0.28 seconds, remaining time: 0.24 minutes
Epoch #950: train loss = 0.137366, val loss = 0.013084, total loss = 0.075225, Epoch time: 0.28 seconds, remaining time: 0.23 minutes
Epoch #951: train loss = 0.159711, val loss = 0.031677, total loss = 0.095694, Epoch time: 0.28 seconds, remaining time: 0.23 minutes
Epoch #952: train loss = 0.171122, val loss = 0.031588, total loss = 0.101355, Epoch time: 0.28 seconds, remaining time: 0.22 minutes
Epoch #953: train loss = 0.148281, val loss = 0.025639, total loss = 0.086960, Epoch time: 0.28 seconds, remaining time: 0.22 minutes
Epoch #954: train loss = 0.131696, val loss = 0.016797, total loss = 0.074246, Epoch time: 0.28 seconds, remaining time: 0.21 minutes
Epoch #955: train loss = 0.084027, val loss = 0.025045, total loss = 0.054536, Epoch time: 0.28 seconds, remaining time: 0.21 minutes
Epoch #956: train loss = 0.110280, val loss = 0.016773, total loss = 0.063527, Epoch time: 0.28 seconds, remaining time: 0.20 minutes
Epoch #957: train loss = 0.078409, val loss = 0.009228, total loss = 0.043819, Epoch time: 0.28 seconds, remaining time: 0.20 minutes
Epoch #958: train loss = 0.065915, val loss = 0.017212, total loss = 0.041563, Epoch time: 0.28 seconds, remaining time: 0.19 minutes
Epoch #959: train loss = 0.076531, val loss = 0.010029, total loss = 0.043280, Epoch time: 0.28 seconds, remaining time: 0.19 minutes
Epoch #960: train loss = 0.101651, val loss = 0.006200, total loss = 0.053925, Epoch time: 0.28 seconds, remaining time: 0.19 minutes
Epoch #961: train loss = 0.932913, val loss = 0.017374, total loss = 0.475143, Epoch time: 0.28 seconds, remaining time: 0.18 minutes
Epoch #962: train loss = 0.099784, val loss = 0.028588, total loss = 0.064186, Epoch time: 0.28 seconds, remaining time: 0.18 minutes
Epoch #963: train loss = 0.235221, val loss = 0.024116, total loss = 0.129669, Epoch time: 0.28 seconds, remaining time: 0.17 minutes
Epoch #964: train loss = 0.120251, val loss = 0.036271, total loss = 0.078261, Epoch time: 0.28 seconds, remaining time: 0.17 minutes
Epoch #965: train loss = 0.170099, val loss = 0.023616, total loss = 0.096857, Epoch time: 0.28 seconds, remaining time: 0.16 minutes
Epoch #966: train loss = 0.090721, val loss = 0.044926, total loss = 0.067823, Epoch time: 0.28 seconds, remaining time: 0.16 minutes
Epoch #967: train loss = 0.110156, val loss = 0.012027, total loss = 0.061091, Epoch time: 0.28 seconds, remaining time: 0.15 minutes
Epoch #968: train loss = 0.143259, val loss = 0.015253, total loss = 0.079256, Epoch time: 0.28 seconds, remaining time: 0.15 minutes
Epoch #969: train loss = 0.703150, val loss = 0.038345, total loss = 0.370747, Epoch time: 0.28 seconds, remaining time: 0.14 minutes
Epoch #970: train loss = 0.186889, val loss = 0.031433, total loss = 0.109161, Epoch time: 0.28 seconds, remaining time: 0.14 minutes
Epoch #971: train loss = 0.175474, val loss = 0.042272, total loss = 0.108873, Epoch time: 0.29 seconds, remaining time: 0.13 minutes
Epoch #972: train loss = 0.207864, val loss = 0.030730, total loss = 0.119297, Epoch time: 0.29 seconds, remaining time: 0.13 minutes
Epoch #973: train loss = 0.396624, val loss = 0.023259, total loss = 0.209941, Epoch time: 0.29 seconds, remaining time: 0.12 minutes
Epoch #974: train loss = 0.295951, val loss = 0.031120, total loss = 0.163536, Epoch time: 0.29 seconds, remaining time: 0.12 minutes
Epoch #975: train loss = 0.133331, val loss = 0.038631, total loss = 0.085981, Epoch time: 0.29 seconds, remaining time: 0.11 minutes
Epoch #976: train loss = 0.200700, val loss = 0.033437, total loss = 0.117069, Epoch time: 0.29 seconds, remaining time: 0.11 minutes
Epoch #977: train loss = 0.145026, val loss = 0.020360, total loss = 0.082693, Epoch time: 0.29 seconds, remaining time: 0.10 minutes
Epoch #978: train loss = 0.466198, val loss = 0.029369, total loss = 0.247784, Epoch time: 0.29 seconds, remaining time: 0.10 minutes
Epoch #979: train loss = 0.233201, val loss = 0.052243, total loss = 0.142722, Epoch time: 0.29 seconds, remaining time: 0.10 minutes
Epoch #980: train loss = 0.147009, val loss = 0.028005, total loss = 0.087507, Epoch time: 0.29 seconds, remaining time: 0.09 minutes
Epoch #981: train loss = 0.195755, val loss = 0.024927, total loss = 0.110341, Epoch time: 0.29 seconds, remaining time: 0.09 minutes
Epoch #982: train loss = 0.270686, val loss = 0.016057, total loss = 0.143372, Epoch time: 0.29 seconds, remaining time: 0.08 minutes
Epoch #983: train loss = 0.251656, val loss = 0.038215, total loss = 0.144936, Epoch time: 0.29 seconds, remaining time: 0.08 minutes
Epoch #984: train loss = 0.384444, val loss = 0.027267, total loss = 0.205855, Epoch time: 0.29 seconds, remaining time: 0.07 minutes
Epoch #985: train loss = 0.136532, val loss = 0.021682, total loss = 0.079107, Epoch time: 0.29 seconds, remaining time: 0.07 minutes
Epoch #986: train loss = 0.281995, val loss = 0.017491, total loss = 0.149743, Epoch time: 0.29 seconds, remaining time: 0.06 minutes
Epoch #987: train loss = 0.115475, val loss = 0.018984, total loss = 0.067229, Epoch time: 0.29 seconds, remaining time: 0.06 minutes
Epoch #988: train loss = 0.110405, val loss = 0.022518, total loss = 0.066462, Epoch time: 0.29 seconds, remaining time: 0.05 minutes
Epoch #989: train loss = 0.115844, val loss = 0.014217, total loss = 0.065030, Epoch time: 0.29 seconds, remaining time: 0.05 minutes
Epoch #990: train loss = 0.178031, val loss = 0.039472, total loss = 0.108752, Epoch time: 0.29 seconds, remaining time: 0.04 minutes
Epoch #991: train loss = 0.279446, val loss = 0.016706, total loss = 0.148076, Epoch time: 0.29 seconds, remaining time: 0.04 minutes
Epoch #992: train loss = 0.152136, val loss = 0.023385, total loss = 0.087761, Epoch time: 0.29 seconds, remaining time: 0.03 minutes
Epoch #993: train loss = 0.184503, val loss = 0.028866, total loss = 0.106685, Epoch time: 0.29 seconds, remaining time: 0.03 minutes
Epoch #994: train loss = 0.134286, val loss = 0.026103, total loss = 0.080195, Epoch time: 0.29 seconds, remaining time: 0.02 minutes
Epoch #995: train loss = 0.238634, val loss = 0.030144, total loss = 0.134389, Epoch time: 0.29 seconds, remaining time: 0.02 minutes
Epoch #996: train loss = 0.124460, val loss = 0.025799, total loss = 0.075129, Epoch time: 0.29 seconds, remaining time: 0.01 minutes
Epoch #997: train loss = 0.081260, val loss = 0.039872, total loss = 0.060566, Epoch time: 0.29 seconds, remaining time: 0.01 minutes
Epoch #998: train loss = 0.093769, val loss = 0.025744, total loss = 0.059756, Epoch time: 0.29 seconds, remaining time: 0.00 minutes
Epoch #999: train loss = 0.141946, val loss = 0.024992, total loss = 0.083469, Epoch time: 0.29 seconds, remaining time: 0.00 minutes

Training time: 0:04:47.912533

Classification evaluation results:
{'acc': 1.0, 'auprc': 1.0}
Clustering evaluation results:
{'kmeans': {'acc': 1.0, 'ri': 1.0, 'nmi': 1.0}, 'spectral': {'acc': 1.0, 'ri': 1.0, 'nmi': 1.0}}
Finished.
