Dataset: Epilepsy
Arguments: Namespace(batch_size=8, dataset='Epilepsy', epochs=1000, eval=True, gpu=1, irregular=0, iters=None, loader='UEA', lr=0.001, max_threads=8, max_train_length=3000, repr_dims=320, run_name='UEA', save_every=None, seed=42)
Loading data... done
Epoch #0: train loss = 5.046694, val loss = 2.004680, total loss = 3.525687, Epoch time: 1.69 seconds, remaining time: 28.08 minutes
Epoch #1: train loss = 2.475000, val loss = 1.760636, total loss = 2.117818, Epoch time: 1.33 seconds, remaining time: 22.14 minutes
Epoch #2: train loss = 2.177588, val loss = 1.522996, total loss = 1.850292, Epoch time: 1.20 seconds, remaining time: 19.98 minutes
Epoch #3: train loss = 2.112463, val loss = 1.427020, total loss = 1.769741, Epoch time: 1.14 seconds, remaining time: 18.99 minutes
Epoch #4: train loss = 1.993763, val loss = 1.288353, total loss = 1.641058, Epoch time: 1.10 seconds, remaining time: 18.28 minutes
Epoch #5: train loss = 1.980836, val loss = 1.164560, total loss = 1.572698, Epoch time: 1.08 seconds, remaining time: 17.90 minutes
Epoch #6: train loss = 1.848134, val loss = 0.922285, total loss = 1.385210, Epoch time: 1.06 seconds, remaining time: 17.56 minutes
Epoch #7: train loss = 1.783764, val loss = 0.841717, total loss = 1.312741, Epoch time: 1.05 seconds, remaining time: 17.30 minutes
Epoch #8: train loss = 1.802081, val loss = 0.877395, total loss = 1.339738, Epoch time: 1.04 seconds, remaining time: 17.13 minutes
Epoch #9: train loss = 1.737048, val loss = 0.857302, total loss = 1.297175, Epoch time: 1.03 seconds, remaining time: 16.99 minutes
Epoch #10: train loss = 1.694038, val loss = 0.734591, total loss = 1.214314, Epoch time: 1.02 seconds, remaining time: 16.86 minutes
Epoch #11: train loss = 1.679039, val loss = 0.876428, total loss = 1.277734, Epoch time: 1.02 seconds, remaining time: 16.74 minutes
Epoch #12: train loss = 1.647204, val loss = 0.694874, total loss = 1.171039, Epoch time: 1.01 seconds, remaining time: 16.67 minutes
Epoch #13: train loss = 1.597628, val loss = 0.586925, total loss = 1.092277, Epoch time: 1.01 seconds, remaining time: 16.60 minutes
Epoch #14: train loss = 1.532344, val loss = 0.565843, total loss = 1.049094, Epoch time: 1.01 seconds, remaining time: 16.51 minutes
Epoch #15: train loss = 1.574860, val loss = 0.666820, total loss = 1.120840, Epoch time: 1.00 seconds, remaining time: 16.40 minutes
Epoch #16: train loss = 1.547008, val loss = 0.543876, total loss = 1.045442, Epoch time: 1.00 seconds, remaining time: 16.35 minutes
Epoch #17: train loss = 1.462017, val loss = 0.514046, total loss = 0.988032, Epoch time: 1.00 seconds, remaining time: 16.29 minutes
Epoch #18: train loss = 1.410100, val loss = 0.426385, total loss = 0.918243, Epoch time: 0.99 seconds, remaining time: 16.26 minutes
Epoch #19: train loss = 1.480565, val loss = 0.435770, total loss = 0.958168, Epoch time: 0.99 seconds, remaining time: 16.21 minutes
Epoch #20: train loss = 1.436151, val loss = 0.468329, total loss = 0.952240, Epoch time: 0.99 seconds, remaining time: 16.16 minutes
Epoch #21: train loss = 1.361218, val loss = 0.484764, total loss = 0.922991, Epoch time: 0.99 seconds, remaining time: 16.11 minutes
Epoch #22: train loss = 1.374182, val loss = 0.439157, total loss = 0.906670, Epoch time: 0.99 seconds, remaining time: 16.07 minutes
Epoch #23: train loss = 1.373406, val loss = 0.426387, total loss = 0.899897, Epoch time: 0.99 seconds, remaining time: 16.03 minutes
Epoch #24: train loss = 1.343423, val loss = 0.387466, total loss = 0.865445, Epoch time: 0.98 seconds, remaining time: 15.99 minutes
Epoch #25: train loss = 1.402445, val loss = 0.426648, total loss = 0.914547, Epoch time: 0.98 seconds, remaining time: 15.95 minutes
Epoch #26: train loss = 1.367475, val loss = 0.361939, total loss = 0.864707, Epoch time: 0.98 seconds, remaining time: 15.91 minutes
Epoch #27: train loss = 1.302401, val loss = 0.312779, total loss = 0.807590, Epoch time: 0.98 seconds, remaining time: 15.88 minutes
Epoch #28: train loss = 1.347231, val loss = 0.358291, total loss = 0.852761, Epoch time: 0.98 seconds, remaining time: 15.85 minutes
Epoch #29: train loss = 1.257772, val loss = 0.304929, total loss = 0.781350, Epoch time: 0.98 seconds, remaining time: 15.83 minutes
Epoch #30: train loss = 1.308381, val loss = 0.418964, total loss = 0.863673, Epoch time: 0.98 seconds, remaining time: 15.78 minutes
Epoch #31: train loss = 1.290040, val loss = 0.269766, total loss = 0.779903, Epoch time: 0.98 seconds, remaining time: 15.76 minutes
Epoch #32: train loss = 1.295794, val loss = 0.292706, total loss = 0.794250, Epoch time: 0.98 seconds, remaining time: 15.72 minutes
Epoch #33: train loss = 1.248479, val loss = 0.267315, total loss = 0.757897, Epoch time: 0.98 seconds, remaining time: 15.70 minutes
Epoch #34: train loss = 1.288114, val loss = 0.299683, total loss = 0.793899, Epoch time: 0.98 seconds, remaining time: 15.68 minutes
Epoch #35: train loss = 1.205230, val loss = 0.291090, total loss = 0.748160, Epoch time: 0.97 seconds, remaining time: 15.66 minutes
Epoch #36: train loss = 1.186295, val loss = 0.218983, total loss = 0.702639, Epoch time: 0.97 seconds, remaining time: 15.65 minutes
Epoch #37: train loss = 1.203217, val loss = 0.213298, total loss = 0.708258, Epoch time: 0.97 seconds, remaining time: 15.62 minutes
Epoch #38: train loss = 1.130610, val loss = 0.191849, total loss = 0.661229, Epoch time: 0.97 seconds, remaining time: 15.60 minutes
Epoch #39: train loss = 1.167295, val loss = 0.224668, total loss = 0.695982, Epoch time: 0.97 seconds, remaining time: 15.58 minutes
Epoch #40: train loss = 1.191322, val loss = 0.253391, total loss = 0.722356, Epoch time: 0.97 seconds, remaining time: 15.56 minutes
Epoch #41: train loss = 1.269254, val loss = 0.260190, total loss = 0.764722, Epoch time: 0.97 seconds, remaining time: 15.54 minutes
Epoch #42: train loss = 1.164670, val loss = 0.263959, total loss = 0.714314, Epoch time: 0.97 seconds, remaining time: 15.51 minutes
Epoch #43: train loss = 1.130943, val loss = 0.228321, total loss = 0.679632, Epoch time: 0.97 seconds, remaining time: 15.48 minutes
Epoch #44: train loss = 1.205247, val loss = 0.290819, total loss = 0.748033, Epoch time: 0.97 seconds, remaining time: 15.45 minutes
Epoch #45: train loss = 1.148288, val loss = 0.281469, total loss = 0.714878, Epoch time: 0.97 seconds, remaining time: 15.43 minutes
Epoch #46: train loss = 1.116950, val loss = 0.229952, total loss = 0.673451, Epoch time: 0.97 seconds, remaining time: 15.41 minutes
Epoch #47: train loss = 1.078335, val loss = 0.164157, total loss = 0.621246, Epoch time: 0.97 seconds, remaining time: 15.39 minutes
Epoch #48: train loss = 1.118611, val loss = 0.219089, total loss = 0.668850, Epoch time: 0.97 seconds, remaining time: 15.37 minutes
Epoch #49: train loss = 1.084303, val loss = 0.235763, total loss = 0.660033, Epoch time: 0.97 seconds, remaining time: 15.35 minutes
Epoch #50: train loss = 1.136611, val loss = 0.258946, total loss = 0.697779, Epoch time: 0.97 seconds, remaining time: 15.32 minutes
Epoch #51: train loss = 1.122375, val loss = 0.226273, total loss = 0.674324, Epoch time: 0.97 seconds, remaining time: 15.31 minutes
Epoch #52: train loss = 1.120393, val loss = 0.208337, total loss = 0.664365, Epoch time: 0.97 seconds, remaining time: 15.29 minutes
Epoch #53: train loss = 1.039351, val loss = 0.160308, total loss = 0.599830, Epoch time: 0.97 seconds, remaining time: 15.27 minutes
Epoch #54: train loss = 1.029690, val loss = 0.146338, total loss = 0.588014, Epoch time: 0.97 seconds, remaining time: 15.25 minutes
Epoch #55: train loss = 1.102555, val loss = 0.254222, total loss = 0.678388, Epoch time: 0.97 seconds, remaining time: 15.22 minutes
Epoch #56: train loss = 1.026841, val loss = 0.177568, total loss = 0.602204, Epoch time: 0.97 seconds, remaining time: 15.21 minutes
Epoch #57: train loss = 0.984448, val loss = 0.168477, total loss = 0.576462, Epoch time: 0.97 seconds, remaining time: 15.19 minutes
Epoch #58: train loss = 1.068191, val loss = 0.174802, total loss = 0.621497, Epoch time: 0.97 seconds, remaining time: 15.17 minutes
Epoch #59: train loss = 0.934810, val loss = 0.151746, total loss = 0.543278, Epoch time: 0.97 seconds, remaining time: 15.15 minutes
Epoch #60: train loss = 0.995803, val loss = 0.178228, total loss = 0.587015, Epoch time: 0.97 seconds, remaining time: 15.14 minutes
Epoch #61: train loss = 1.005135, val loss = 0.158309, total loss = 0.581722, Epoch time: 0.97 seconds, remaining time: 15.12 minutes
Epoch #62: train loss = 1.055108, val loss = 0.158895, total loss = 0.607001, Epoch time: 0.97 seconds, remaining time: 15.10 minutes
Epoch #63: train loss = 1.008500, val loss = 0.186460, total loss = 0.597480, Epoch time: 0.97 seconds, remaining time: 15.08 minutes
Epoch #64: train loss = 1.034724, val loss = 0.159885, total loss = 0.597305, Epoch time: 0.97 seconds, remaining time: 15.06 minutes
Epoch #65: train loss = 0.908950, val loss = 0.147310, total loss = 0.528130, Epoch time: 0.97 seconds, remaining time: 15.04 minutes
Epoch #66: train loss = 1.016727, val loss = 0.132002, total loss = 0.574365, Epoch time: 0.97 seconds, remaining time: 15.01 minutes
Epoch #67: train loss = 1.027132, val loss = 0.150894, total loss = 0.589013, Epoch time: 0.96 seconds, remaining time: 14.98 minutes
Epoch #68: train loss = 0.989459, val loss = 0.166235, total loss = 0.577847, Epoch time: 0.96 seconds, remaining time: 14.95 minutes
Epoch #69: train loss = 0.933081, val loss = 0.153024, total loss = 0.543053, Epoch time: 0.96 seconds, remaining time: 14.92 minutes
Epoch #70: train loss = 1.022449, val loss = 0.162121, total loss = 0.592285, Epoch time: 0.96 seconds, remaining time: 14.89 minutes
Epoch #71: train loss = 1.014298, val loss = 0.180156, total loss = 0.597227, Epoch time: 0.96 seconds, remaining time: 14.87 minutes
Epoch #72: train loss = 1.011998, val loss = 0.157850, total loss = 0.584924, Epoch time: 0.96 seconds, remaining time: 14.84 minutes
Epoch #73: train loss = 0.992477, val loss = 0.148966, total loss = 0.570721, Epoch time: 0.96 seconds, remaining time: 14.82 minutes
Epoch #74: train loss = 1.047586, val loss = 0.137788, total loss = 0.592687, Epoch time: 0.96 seconds, remaining time: 14.79 minutes
Epoch #75: train loss = 1.108253, val loss = 0.211263, total loss = 0.659758, Epoch time: 0.96 seconds, remaining time: 14.77 minutes
Epoch #76: train loss = 0.972195, val loss = 0.146553, total loss = 0.559374, Epoch time: 0.96 seconds, remaining time: 14.75 minutes
Epoch #77: train loss = 0.958271, val loss = 0.144267, total loss = 0.551269, Epoch time: 0.96 seconds, remaining time: 14.73 minutes
Epoch #78: train loss = 0.908444, val loss = 0.110930, total loss = 0.509687, Epoch time: 0.96 seconds, remaining time: 14.70 minutes
Epoch #79: train loss = 0.979077, val loss = 0.125364, total loss = 0.552220, Epoch time: 0.96 seconds, remaining time: 14.68 minutes
Epoch #80: train loss = 1.064551, val loss = 0.202585, total loss = 0.633568, Epoch time: 0.96 seconds, remaining time: 14.65 minutes
Epoch #81: train loss = 0.974166, val loss = 0.145501, total loss = 0.559834, Epoch time: 0.96 seconds, remaining time: 14.64 minutes
Epoch #82: train loss = 0.938489, val loss = 0.111302, total loss = 0.524895, Epoch time: 0.96 seconds, remaining time: 14.62 minutes
Epoch #83: train loss = 0.973919, val loss = 0.135119, total loss = 0.554519, Epoch time: 0.96 seconds, remaining time: 14.60 minutes
Epoch #84: train loss = 0.929497, val loss = 0.137695, total loss = 0.533596, Epoch time: 0.96 seconds, remaining time: 14.59 minutes
Epoch #85: train loss = 0.867740, val loss = 0.138397, total loss = 0.503068, Epoch time: 0.96 seconds, remaining time: 14.57 minutes
Epoch #86: train loss = 0.972997, val loss = 0.125660, total loss = 0.549329, Epoch time: 0.96 seconds, remaining time: 14.56 minutes
Epoch #87: train loss = 0.955750, val loss = 0.132901, total loss = 0.544325, Epoch time: 0.96 seconds, remaining time: 14.54 minutes
Epoch #88: train loss = 0.954914, val loss = 0.119968, total loss = 0.537441, Epoch time: 0.96 seconds, remaining time: 14.53 minutes
Epoch #89: train loss = 0.878254, val loss = 0.108015, total loss = 0.493135, Epoch time: 0.96 seconds, remaining time: 14.51 minutes
Epoch #90: train loss = 0.885377, val loss = 0.123012, total loss = 0.504195, Epoch time: 0.96 seconds, remaining time: 14.49 minutes
Epoch #91: train loss = 0.846793, val loss = 0.101943, total loss = 0.474368, Epoch time: 0.96 seconds, remaining time: 14.48 minutes
Epoch #92: train loss = 0.954148, val loss = 0.142902, total loss = 0.548525, Epoch time: 0.96 seconds, remaining time: 14.46 minutes
Epoch #93: train loss = 0.983269, val loss = 0.125914, total loss = 0.554591, Epoch time: 0.96 seconds, remaining time: 14.44 minutes
Epoch #94: train loss = 0.945254, val loss = 0.098592, total loss = 0.521923, Epoch time: 0.96 seconds, remaining time: 14.43 minutes
Epoch #95: train loss = 0.855037, val loss = 0.128807, total loss = 0.491922, Epoch time: 0.96 seconds, remaining time: 14.41 minutes
Epoch #96: train loss = 0.833902, val loss = 0.079672, total loss = 0.456787, Epoch time: 0.96 seconds, remaining time: 14.39 minutes
Epoch #97: train loss = 0.784093, val loss = 0.082750, total loss = 0.433421, Epoch time: 0.96 seconds, remaining time: 14.38 minutes
Epoch #98: train loss = 0.832030, val loss = 0.081838, total loss = 0.456934, Epoch time: 0.96 seconds, remaining time: 14.37 minutes
Epoch #99: train loss = 0.800249, val loss = 0.100122, total loss = 0.450185, Epoch time: 0.96 seconds, remaining time: 14.35 minutes
Epoch #100: train loss = 0.806736, val loss = 0.083943, total loss = 0.445339, Epoch time: 0.96 seconds, remaining time: 14.34 minutes
Epoch #101: train loss = 0.859024, val loss = 0.089074, total loss = 0.474049, Epoch time: 0.96 seconds, remaining time: 14.32 minutes
Epoch #102: train loss = 0.816729, val loss = 0.099283, total loss = 0.458006, Epoch time: 0.96 seconds, remaining time: 14.31 minutes
Epoch #103: train loss = 1.048326, val loss = 0.154969, total loss = 0.601648, Epoch time: 0.96 seconds, remaining time: 14.28 minutes
Epoch #104: train loss = 0.975414, val loss = 0.149742, total loss = 0.562578, Epoch time: 0.96 seconds, remaining time: 14.26 minutes
Epoch #105: train loss = 0.944920, val loss = 0.175678, total loss = 0.560299, Epoch time: 0.96 seconds, remaining time: 14.24 minutes
Epoch #106: train loss = 0.895772, val loss = 0.139319, total loss = 0.517545, Epoch time: 0.96 seconds, remaining time: 14.23 minutes
Epoch #107: train loss = 0.855305, val loss = 0.111180, total loss = 0.483243, Epoch time: 0.96 seconds, remaining time: 14.21 minutes
Epoch #108: train loss = 0.819013, val loss = 0.109295, total loss = 0.464154, Epoch time: 0.96 seconds, remaining time: 14.19 minutes
Epoch #109: train loss = 0.796882, val loss = 0.086727, total loss = 0.441804, Epoch time: 0.96 seconds, remaining time: 14.17 minutes
Epoch #110: train loss = 0.849257, val loss = 0.083027, total loss = 0.466142, Epoch time: 0.96 seconds, remaining time: 14.16 minutes
Epoch #111: train loss = 0.826852, val loss = 0.082636, total loss = 0.454744, Epoch time: 0.96 seconds, remaining time: 14.14 minutes
Epoch #112: train loss = 0.756762, val loss = 0.087780, total loss = 0.422271, Epoch time: 0.96 seconds, remaining time: 14.13 minutes
Epoch #113: train loss = 0.754694, val loss = 0.075222, total loss = 0.414958, Epoch time: 0.96 seconds, remaining time: 14.11 minutes
Epoch #114: train loss = 0.751713, val loss = 0.070261, total loss = 0.410987, Epoch time: 0.96 seconds, remaining time: 14.10 minutes
Epoch #115: train loss = 0.860136, val loss = 0.122487, total loss = 0.491311, Epoch time: 0.96 seconds, remaining time: 14.08 minutes
Epoch #116: train loss = 0.861435, val loss = 0.109825, total loss = 0.485630, Epoch time: 0.96 seconds, remaining time: 14.06 minutes
Epoch #117: train loss = 0.838902, val loss = 0.109771, total loss = 0.474337, Epoch time: 0.96 seconds, remaining time: 14.05 minutes
Epoch #118: train loss = 0.716634, val loss = 0.073094, total loss = 0.394864, Epoch time: 0.96 seconds, remaining time: 14.04 minutes
Epoch #119: train loss = 0.836039, val loss = 0.098754, total loss = 0.467397, Epoch time: 0.96 seconds, remaining time: 14.02 minutes
Epoch #120: train loss = 0.849110, val loss = 0.118115, total loss = 0.483612, Epoch time: 0.96 seconds, remaining time: 14.00 minutes
Epoch #121: train loss = 0.723969, val loss = 0.078113, total loss = 0.401041, Epoch time: 0.96 seconds, remaining time: 13.98 minutes
Epoch #122: train loss = 0.800726, val loss = 0.085435, total loss = 0.443080, Epoch time: 0.96 seconds, remaining time: 13.97 minutes
Epoch #123: train loss = 0.678370, val loss = 0.059612, total loss = 0.368991, Epoch time: 0.96 seconds, remaining time: 13.96 minutes
Epoch #124: train loss = 0.736225, val loss = 0.109438, total loss = 0.422832, Epoch time: 0.96 seconds, remaining time: 13.94 minutes
Epoch #125: train loss = 0.759438, val loss = 0.071053, total loss = 0.415246, Epoch time: 0.96 seconds, remaining time: 13.93 minutes
Epoch #126: train loss = 0.809871, val loss = 0.101899, total loss = 0.455885, Epoch time: 0.96 seconds, remaining time: 13.91 minutes
Epoch #127: train loss = 0.770591, val loss = 0.066929, total loss = 0.418760, Epoch time: 0.96 seconds, remaining time: 13.89 minutes
Epoch #128: train loss = 0.806739, val loss = 0.077506, total loss = 0.442123, Epoch time: 0.96 seconds, remaining time: 13.88 minutes
Epoch #129: train loss = 0.747045, val loss = 0.074141, total loss = 0.410593, Epoch time: 0.96 seconds, remaining time: 13.86 minutes
Epoch #130: train loss = 0.755021, val loss = 0.075500, total loss = 0.415261, Epoch time: 0.96 seconds, remaining time: 13.85 minutes
Epoch #131: train loss = 0.757531, val loss = 0.076639, total loss = 0.417085, Epoch time: 0.96 seconds, remaining time: 13.83 minutes
Epoch #132: train loss = 0.781850, val loss = 0.083303, total loss = 0.432576, Epoch time: 0.96 seconds, remaining time: 13.81 minutes
Epoch #133: train loss = 0.838928, val loss = 0.091133, total loss = 0.465030, Epoch time: 0.96 seconds, remaining time: 13.80 minutes
Epoch #134: train loss = 0.794212, val loss = 0.085296, total loss = 0.439754, Epoch time: 0.96 seconds, remaining time: 13.78 minutes
Epoch #135: train loss = 0.832696, val loss = 0.111095, total loss = 0.471895, Epoch time: 0.96 seconds, remaining time: 13.76 minutes
Epoch #136: train loss = 0.706695, val loss = 0.068353, total loss = 0.387524, Epoch time: 0.96 seconds, remaining time: 13.75 minutes
Epoch #137: train loss = 0.723237, val loss = 0.082895, total loss = 0.403066, Epoch time: 0.96 seconds, remaining time: 13.73 minutes
Epoch #138: train loss = 0.754145, val loss = 0.076226, total loss = 0.415185, Epoch time: 0.96 seconds, remaining time: 13.72 minutes
Epoch #139: train loss = 0.839591, val loss = 0.106079, total loss = 0.472835, Epoch time: 0.96 seconds, remaining time: 13.70 minutes
Epoch #140: train loss = 0.823620, val loss = 0.105477, total loss = 0.464549, Epoch time: 0.96 seconds, remaining time: 13.68 minutes
Epoch #141: train loss = 0.732325, val loss = 0.072981, total loss = 0.402653, Epoch time: 0.96 seconds, remaining time: 13.66 minutes
Epoch #142: train loss = 0.753846, val loss = 0.085536, total loss = 0.419691, Epoch time: 0.96 seconds, remaining time: 13.65 minutes
Epoch #143: train loss = 0.781594, val loss = 0.093375, total loss = 0.437484, Epoch time: 0.96 seconds, remaining time: 13.63 minutes
Epoch #144: train loss = 0.810558, val loss = 0.094232, total loss = 0.452395, Epoch time: 0.96 seconds, remaining time: 13.62 minutes
Epoch #145: train loss = 0.751473, val loss = 0.097045, total loss = 0.424259, Epoch time: 0.96 seconds, remaining time: 13.60 minutes
Epoch #146: train loss = 0.763217, val loss = 0.077107, total loss = 0.420162, Epoch time: 0.96 seconds, remaining time: 13.58 minutes
Epoch #147: train loss = 0.686594, val loss = 0.071630, total loss = 0.379112, Epoch time: 0.96 seconds, remaining time: 13.57 minutes
Epoch #148: train loss = 0.696283, val loss = 0.071694, total loss = 0.383988, Epoch time: 0.96 seconds, remaining time: 13.55 minutes
Epoch #149: train loss = 0.733913, val loss = 0.067335, total loss = 0.400624, Epoch time: 0.96 seconds, remaining time: 13.54 minutes
Epoch #150: train loss = 0.808156, val loss = 0.075346, total loss = 0.441751, Epoch time: 0.96 seconds, remaining time: 13.52 minutes
Epoch #151: train loss = 0.816892, val loss = 0.093888, total loss = 0.455390, Epoch time: 0.96 seconds, remaining time: 13.50 minutes
Epoch #152: train loss = 0.876137, val loss = 0.075276, total loss = 0.475706, Epoch time: 0.96 seconds, remaining time: 13.48 minutes
Epoch #153: train loss = 0.723188, val loss = 0.080096, total loss = 0.401642, Epoch time: 0.96 seconds, remaining time: 13.47 minutes
Epoch #154: train loss = 0.745272, val loss = 0.066696, total loss = 0.405984, Epoch time: 0.96 seconds, remaining time: 13.45 minutes
Epoch #155: train loss = 0.784910, val loss = 0.071789, total loss = 0.428350, Epoch time: 0.96 seconds, remaining time: 13.44 minutes
Epoch #156: train loss = 0.762050, val loss = 0.096338, total loss = 0.429194, Epoch time: 0.96 seconds, remaining time: 13.42 minutes
Epoch #157: train loss = 0.693402, val loss = 0.070845, total loss = 0.382124, Epoch time: 0.96 seconds, remaining time: 13.41 minutes
Epoch #158: train loss = 0.708459, val loss = 0.070343, total loss = 0.389401, Epoch time: 0.96 seconds, remaining time: 13.40 minutes
Epoch #159: train loss = 0.746724, val loss = 0.070524, total loss = 0.408624, Epoch time: 0.96 seconds, remaining time: 13.38 minutes
Epoch #160: train loss = 0.754236, val loss = 0.072098, total loss = 0.413167, Epoch time: 0.96 seconds, remaining time: 13.36 minutes
Epoch #161: train loss = 0.676760, val loss = 0.059954, total loss = 0.368357, Epoch time: 0.96 seconds, remaining time: 13.35 minutes
Epoch #162: train loss = 0.752165, val loss = 0.074125, total loss = 0.413145, Epoch time: 0.96 seconds, remaining time: 13.33 minutes
Epoch #163: train loss = 0.801508, val loss = 0.084196, total loss = 0.442852, Epoch time: 0.96 seconds, remaining time: 13.32 minutes
Epoch #164: train loss = 0.753098, val loss = 0.066105, total loss = 0.409602, Epoch time: 0.96 seconds, remaining time: 13.30 minutes
Epoch #165: train loss = 0.724426, val loss = 0.070287, total loss = 0.397357, Epoch time: 0.96 seconds, remaining time: 13.29 minutes
Epoch #166: train loss = 0.798326, val loss = 0.089222, total loss = 0.443774, Epoch time: 0.96 seconds, remaining time: 13.27 minutes
Epoch #167: train loss = 0.849397, val loss = 0.100957, total loss = 0.475177, Epoch time: 0.96 seconds, remaining time: 13.25 minutes
Epoch #168: train loss = 0.692628, val loss = 0.070022, total loss = 0.381325, Epoch time: 0.96 seconds, remaining time: 13.24 minutes
Epoch #169: train loss = 0.653333, val loss = 0.068333, total loss = 0.360833, Epoch time: 0.96 seconds, remaining time: 13.22 minutes
Epoch #170: train loss = 0.705734, val loss = 0.064142, total loss = 0.384938, Epoch time: 0.96 seconds, remaining time: 13.20 minutes
Epoch #171: train loss = 0.631183, val loss = 0.059431, total loss = 0.345307, Epoch time: 0.96 seconds, remaining time: 13.19 minutes
Epoch #172: train loss = 0.716207, val loss = 0.067673, total loss = 0.391940, Epoch time: 0.96 seconds, remaining time: 13.18 minutes
Epoch #173: train loss = 0.622511, val loss = 0.061715, total loss = 0.342113, Epoch time: 0.96 seconds, remaining time: 13.17 minutes
Epoch #174: train loss = 0.676000, val loss = 0.058750, total loss = 0.367375, Epoch time: 0.96 seconds, remaining time: 13.16 minutes
Epoch #175: train loss = 0.644993, val loss = 0.073530, total loss = 0.359262, Epoch time: 0.96 seconds, remaining time: 13.15 minutes
Epoch #176: train loss = 0.680329, val loss = 0.069666, total loss = 0.374998, Epoch time: 0.96 seconds, remaining time: 13.14 minutes
Epoch #177: train loss = 0.700055, val loss = 0.067666, total loss = 0.383861, Epoch time: 0.96 seconds, remaining time: 13.12 minutes
Epoch #178: train loss = 0.800077, val loss = 0.101231, total loss = 0.450654, Epoch time: 0.96 seconds, remaining time: 13.10 minutes
Epoch #179: train loss = 0.786099, val loss = 0.080814, total loss = 0.433457, Epoch time: 0.96 seconds, remaining time: 13.08 minutes
Epoch #180: train loss = 0.694615, val loss = 0.062629, total loss = 0.378622, Epoch time: 0.96 seconds, remaining time: 13.07 minutes
Epoch #181: train loss = 0.931432, val loss = 0.120710, total loss = 0.526071, Epoch time: 0.96 seconds, remaining time: 13.05 minutes
Epoch #182: train loss = 0.799536, val loss = 0.070740, total loss = 0.435138, Epoch time: 0.96 seconds, remaining time: 13.03 minutes
Epoch #183: train loss = 0.700968, val loss = 0.071294, total loss = 0.386131, Epoch time: 0.96 seconds, remaining time: 13.02 minutes
Epoch #184: train loss = 0.710609, val loss = 0.065896, total loss = 0.388253, Epoch time: 0.96 seconds, remaining time: 13.00 minutes
Epoch #185: train loss = 0.741318, val loss = 0.087009, total loss = 0.414164, Epoch time: 0.96 seconds, remaining time: 12.98 minutes
Epoch #186: train loss = 0.673010, val loss = 0.060267, total loss = 0.366639, Epoch time: 0.96 seconds, remaining time: 12.97 minutes
Epoch #187: train loss = 0.757757, val loss = 0.081037, total loss = 0.419397, Epoch time: 0.96 seconds, remaining time: 12.95 minutes
Epoch #188: train loss = 0.705437, val loss = 0.067748, total loss = 0.386593, Epoch time: 0.96 seconds, remaining time: 12.94 minutes
Epoch #189: train loss = 0.791253, val loss = 0.089229, total loss = 0.440241, Epoch time: 0.96 seconds, remaining time: 12.92 minutes
Epoch #190: train loss = 0.697977, val loss = 0.075384, total loss = 0.386681, Epoch time: 0.96 seconds, remaining time: 12.90 minutes
Epoch #191: train loss = 0.676366, val loss = 0.065599, total loss = 0.370982, Epoch time: 0.96 seconds, remaining time: 12.89 minutes
Epoch #192: train loss = 0.625283, val loss = 0.050570, total loss = 0.337927, Epoch time: 0.96 seconds, remaining time: 12.87 minutes
Epoch #193: train loss = 0.711730, val loss = 0.059308, total loss = 0.385519, Epoch time: 0.96 seconds, remaining time: 12.85 minutes
Epoch #194: train loss = 0.687219, val loss = 0.061285, total loss = 0.374252, Epoch time: 0.96 seconds, remaining time: 12.84 minutes
Epoch #195: train loss = 0.679677, val loss = 0.054306, total loss = 0.366991, Epoch time: 0.96 seconds, remaining time: 12.82 minutes
Epoch #196: train loss = 0.691294, val loss = 0.060163, total loss = 0.375728, Epoch time: 0.96 seconds, remaining time: 12.80 minutes
Epoch #197: train loss = 0.689920, val loss = 0.065756, total loss = 0.377838, Epoch time: 0.96 seconds, remaining time: 12.79 minutes
Epoch #198: train loss = 0.628550, val loss = 0.068972, total loss = 0.348761, Epoch time: 0.96 seconds, remaining time: 12.77 minutes
Epoch #199: train loss = 0.663868, val loss = 0.078324, total loss = 0.371096, Epoch time: 0.96 seconds, remaining time: 12.75 minutes
Epoch #200: train loss = 0.603280, val loss = 0.041777, total loss = 0.322529, Epoch time: 0.96 seconds, remaining time: 12.74 minutes
Epoch #201: train loss = 0.690774, val loss = 0.061638, total loss = 0.376206, Epoch time: 0.96 seconds, remaining time: 12.72 minutes
Epoch #202: train loss = 0.623263, val loss = 0.055130, total loss = 0.339197, Epoch time: 0.96 seconds, remaining time: 12.71 minutes
Epoch #203: train loss = 0.594910, val loss = 0.043251, total loss = 0.319081, Epoch time: 0.96 seconds, remaining time: 12.69 minutes
Epoch #204: train loss = 0.637472, val loss = 0.059412, total loss = 0.348442, Epoch time: 0.96 seconds, remaining time: 12.68 minutes
Epoch #205: train loss = 0.676137, val loss = 0.060264, total loss = 0.368201, Epoch time: 0.96 seconds, remaining time: 12.66 minutes
Epoch #206: train loss = 0.645839, val loss = 0.053528, total loss = 0.349684, Epoch time: 0.96 seconds, remaining time: 12.64 minutes
Epoch #207: train loss = 0.637737, val loss = 0.055976, total loss = 0.346856, Epoch time: 0.96 seconds, remaining time: 12.63 minutes
Epoch #208: train loss = 0.656272, val loss = 0.063411, total loss = 0.359842, Epoch time: 0.96 seconds, remaining time: 12.61 minutes
Epoch #209: train loss = 0.607526, val loss = 0.042118, total loss = 0.324822, Epoch time: 0.96 seconds, remaining time: 12.60 minutes
Epoch #210: train loss = 0.611995, val loss = 0.049477, total loss = 0.330736, Epoch time: 0.96 seconds, remaining time: 12.58 minutes
Epoch #211: train loss = 0.595770, val loss = 0.060433, total loss = 0.328101, Epoch time: 0.96 seconds, remaining time: 12.57 minutes
Epoch #212: train loss = 0.727197, val loss = 0.063509, total loss = 0.395353, Epoch time: 0.96 seconds, remaining time: 12.55 minutes
Epoch #213: train loss = 0.734141, val loss = 0.085817, total loss = 0.409979, Epoch time: 0.96 seconds, remaining time: 12.53 minutes
Epoch #214: train loss = 0.706755, val loss = 0.076992, total loss = 0.391874, Epoch time: 0.96 seconds, remaining time: 12.51 minutes
Epoch #215: train loss = 0.611840, val loss = 0.061793, total loss = 0.336817, Epoch time: 0.96 seconds, remaining time: 12.50 minutes
Epoch #216: train loss = 0.664554, val loss = 0.059149, total loss = 0.361851, Epoch time: 0.96 seconds, remaining time: 12.48 minutes
Epoch #217: train loss = 0.673770, val loss = 0.063293, total loss = 0.368531, Epoch time: 0.96 seconds, remaining time: 12.47 minutes
Epoch #218: train loss = 0.636929, val loss = 0.065988, total loss = 0.351458, Epoch time: 0.96 seconds, remaining time: 12.45 minutes
Epoch #219: train loss = 0.638960, val loss = 0.055157, total loss = 0.347058, Epoch time: 0.96 seconds, remaining time: 12.44 minutes
Epoch #220: train loss = 0.620568, val loss = 0.057338, total loss = 0.338953, Epoch time: 0.96 seconds, remaining time: 12.42 minutes
Epoch #221: train loss = 0.598548, val loss = 0.052988, total loss = 0.325768, Epoch time: 0.96 seconds, remaining time: 12.40 minutes
Epoch #222: train loss = 0.569851, val loss = 0.049250, total loss = 0.309550, Epoch time: 0.96 seconds, remaining time: 12.39 minutes
Epoch #223: train loss = 0.688652, val loss = 0.053752, total loss = 0.371202, Epoch time: 0.96 seconds, remaining time: 12.37 minutes
Epoch #224: train loss = 0.560400, val loss = 0.053463, total loss = 0.306932, Epoch time: 0.96 seconds, remaining time: 12.36 minutes
Epoch #225: train loss = 0.633675, val loss = 0.053684, total loss = 0.343679, Epoch time: 0.96 seconds, remaining time: 12.34 minutes
Epoch #226: train loss = 0.691699, val loss = 0.046609, total loss = 0.369154, Epoch time: 0.96 seconds, remaining time: 12.32 minutes
Epoch #227: train loss = 0.617164, val loss = 0.053984, total loss = 0.335574, Epoch time: 0.96 seconds, remaining time: 12.31 minutes
Epoch #228: train loss = 0.780214, val loss = 0.069402, total loss = 0.424808, Epoch time: 0.96 seconds, remaining time: 12.29 minutes
Epoch #229: train loss = 0.690625, val loss = 0.064918, total loss = 0.377771, Epoch time: 0.96 seconds, remaining time: 12.27 minutes
Epoch #230: train loss = 0.637803, val loss = 0.048028, total loss = 0.342916, Epoch time: 0.96 seconds, remaining time: 12.26 minutes
Epoch #231: train loss = 0.744796, val loss = 0.067509, total loss = 0.406153, Epoch time: 0.96 seconds, remaining time: 12.24 minutes
Epoch #232: train loss = 0.768455, val loss = 0.070556, total loss = 0.419506, Epoch time: 0.96 seconds, remaining time: 12.22 minutes
Epoch #233: train loss = 0.754302, val loss = 0.073216, total loss = 0.413759, Epoch time: 0.96 seconds, remaining time: 12.21 minutes
Epoch #234: train loss = 0.890202, val loss = 0.091441, total loss = 0.490822, Epoch time: 0.96 seconds, remaining time: 12.19 minutes
Epoch #235: train loss = 0.667465, val loss = 0.076614, total loss = 0.372040, Epoch time: 0.96 seconds, remaining time: 12.17 minutes
Epoch #236: train loss = 0.625468, val loss = 0.049171, total loss = 0.337320, Epoch time: 0.96 seconds, remaining time: 12.16 minutes
Epoch #237: train loss = 0.591929, val loss = 0.047058, total loss = 0.319493, Epoch time: 0.96 seconds, remaining time: 12.14 minutes
Epoch #238: train loss = 0.593152, val loss = 0.045802, total loss = 0.319477, Epoch time: 0.96 seconds, remaining time: 12.13 minutes
Epoch #239: train loss = 0.595576, val loss = 0.047969, total loss = 0.321772, Epoch time: 0.96 seconds, remaining time: 12.11 minutes
Epoch #240: train loss = 0.545207, val loss = 0.034029, total loss = 0.289618, Epoch time: 0.96 seconds, remaining time: 12.10 minutes
Epoch #241: train loss = 0.666159, val loss = 0.053970, total loss = 0.360064, Epoch time: 0.96 seconds, remaining time: 12.08 minutes
Epoch #242: train loss = 0.587303, val loss = 0.044721, total loss = 0.316012, Epoch time: 0.96 seconds, remaining time: 12.07 minutes
Epoch #243: train loss = 0.463815, val loss = 0.048797, total loss = 0.256306, Epoch time: 0.96 seconds, remaining time: 12.05 minutes
Epoch #244: train loss = 0.587671, val loss = 0.050015, total loss = 0.318843, Epoch time: 0.96 seconds, remaining time: 12.04 minutes
Epoch #245: train loss = 0.596602, val loss = 0.046410, total loss = 0.321506, Epoch time: 0.96 seconds, remaining time: 12.02 minutes
Epoch #246: train loss = 0.614795, val loss = 0.053536, total loss = 0.334165, Epoch time: 0.96 seconds, remaining time: 12.00 minutes
Epoch #247: train loss = 0.584219, val loss = 0.048303, total loss = 0.316261, Epoch time: 0.96 seconds, remaining time: 11.99 minutes
Epoch #248: train loss = 0.642679, val loss = 0.053687, total loss = 0.348183, Epoch time: 0.96 seconds, remaining time: 11.97 minutes
Epoch #249: train loss = 0.664617, val loss = 0.062222, total loss = 0.363420, Epoch time: 0.96 seconds, remaining time: 11.96 minutes
Epoch #250: train loss = 0.576677, val loss = 0.057509, total loss = 0.317093, Epoch time: 0.96 seconds, remaining time: 11.94 minutes
Epoch #251: train loss = 0.540517, val loss = 0.048818, total loss = 0.294667, Epoch time: 0.96 seconds, remaining time: 11.92 minutes
Epoch #252: train loss = 0.548236, val loss = 0.051815, total loss = 0.300026, Epoch time: 0.96 seconds, remaining time: 11.91 minutes
Epoch #253: train loss = 0.664226, val loss = 0.060333, total loss = 0.362279, Epoch time: 0.96 seconds, remaining time: 11.89 minutes
Epoch #254: train loss = 0.707946, val loss = 0.059288, total loss = 0.383617, Epoch time: 0.96 seconds, remaining time: 11.87 minutes
Epoch #255: train loss = 0.662243, val loss = 0.062399, total loss = 0.362321, Epoch time: 0.96 seconds, remaining time: 11.86 minutes
Epoch #256: train loss = 0.585367, val loss = 0.068450, total loss = 0.326908, Epoch time: 0.96 seconds, remaining time: 11.84 minutes
Epoch #257: train loss = 0.580127, val loss = 0.037876, total loss = 0.309002, Epoch time: 0.96 seconds, remaining time: 11.83 minutes
Epoch #258: train loss = 0.567742, val loss = 0.049953, total loss = 0.308848, Epoch time: 0.96 seconds, remaining time: 11.81 minutes
Epoch #259: train loss = 0.518101, val loss = 0.036452, total loss = 0.277277, Epoch time: 0.96 seconds, remaining time: 11.79 minutes
Epoch #260: train loss = 0.596915, val loss = 0.045104, total loss = 0.321009, Epoch time: 0.96 seconds, remaining time: 11.78 minutes
Epoch #261: train loss = 0.596745, val loss = 0.046927, total loss = 0.321836, Epoch time: 0.96 seconds, remaining time: 11.76 minutes
Epoch #262: train loss = 0.581982, val loss = 0.053029, total loss = 0.317506, Epoch time: 0.96 seconds, remaining time: 11.74 minutes
Epoch #263: train loss = 0.528100, val loss = 0.044193, total loss = 0.286147, Epoch time: 0.96 seconds, remaining time: 11.73 minutes
Epoch #264: train loss = 0.530545, val loss = 0.041192, total loss = 0.285869, Epoch time: 0.96 seconds, remaining time: 11.71 minutes
Epoch #265: train loss = 0.538339, val loss = 0.039315, total loss = 0.288827, Epoch time: 0.96 seconds, remaining time: 11.70 minutes
Epoch #266: train loss = 0.536804, val loss = 0.046963, total loss = 0.291883, Epoch time: 0.96 seconds, remaining time: 11.68 minutes
Epoch #267: train loss = 0.543971, val loss = 0.036252, total loss = 0.290111, Epoch time: 0.96 seconds, remaining time: 11.67 minutes
Epoch #268: train loss = 0.556491, val loss = 0.037347, total loss = 0.296919, Epoch time: 0.96 seconds, remaining time: 11.65 minutes
Epoch #269: train loss = 0.483721, val loss = 0.036074, total loss = 0.259897, Epoch time: 0.96 seconds, remaining time: 11.64 minutes
Epoch #270: train loss = 0.525950, val loss = 0.042708, total loss = 0.284329, Epoch time: 0.96 seconds, remaining time: 11.62 minutes
Epoch #271: train loss = 0.617632, val loss = 0.059308, total loss = 0.338470, Epoch time: 0.96 seconds, remaining time: 11.60 minutes
Epoch #272: train loss = 0.601835, val loss = 0.064994, total loss = 0.333415, Epoch time: 0.96 seconds, remaining time: 11.59 minutes
Epoch #273: train loss = 0.548875, val loss = 0.052841, total loss = 0.300858, Epoch time: 0.96 seconds, remaining time: 11.57 minutes
Epoch #274: train loss = 0.588170, val loss = 0.050842, total loss = 0.319506, Epoch time: 0.96 seconds, remaining time: 11.55 minutes
Epoch #275: train loss = 0.606672, val loss = 0.043134, total loss = 0.324903, Epoch time: 0.96 seconds, remaining time: 11.54 minutes
Epoch #276: train loss = 0.532257, val loss = 0.042595, total loss = 0.287426, Epoch time: 0.96 seconds, remaining time: 11.52 minutes
Epoch #277: train loss = 0.559148, val loss = 0.060235, total loss = 0.309692, Epoch time: 0.96 seconds, remaining time: 11.51 minutes
Epoch #278: train loss = 0.703738, val loss = 0.052622, total loss = 0.378180, Epoch time: 0.96 seconds, remaining time: 11.49 minutes
Epoch #279: train loss = 0.647524, val loss = 0.062753, total loss = 0.355138, Epoch time: 0.96 seconds, remaining time: 11.47 minutes
Epoch #280: train loss = 0.536165, val loss = 0.038520, total loss = 0.287342, Epoch time: 0.96 seconds, remaining time: 11.46 minutes
Epoch #281: train loss = 0.544836, val loss = 0.027026, total loss = 0.285931, Epoch time: 0.96 seconds, remaining time: 11.44 minutes
Epoch #282: train loss = 0.814034, val loss = 0.074408, total loss = 0.444221, Epoch time: 0.96 seconds, remaining time: 11.43 minutes
Epoch #283: train loss = 0.609422, val loss = 0.054393, total loss = 0.331907, Epoch time: 0.96 seconds, remaining time: 11.41 minutes
Epoch #284: train loss = 0.621006, val loss = 0.056704, total loss = 0.338855, Epoch time: 0.96 seconds, remaining time: 11.39 minutes
Epoch #285: train loss = 0.544500, val loss = 0.035959, total loss = 0.290230, Epoch time: 0.96 seconds, remaining time: 11.38 minutes
Epoch #286: train loss = 0.599886, val loss = 0.039096, total loss = 0.319491, Epoch time: 0.96 seconds, remaining time: 11.36 minutes
Epoch #287: train loss = 0.604997, val loss = 0.039132, total loss = 0.322065, Epoch time: 0.96 seconds, remaining time: 11.34 minutes
Epoch #288: train loss = 0.601468, val loss = 0.040296, total loss = 0.320882, Epoch time: 0.96 seconds, remaining time: 11.33 minutes
Epoch #289: train loss = 0.576123, val loss = 0.038428, total loss = 0.307275, Epoch time: 0.96 seconds, remaining time: 11.31 minutes
Epoch #290: train loss = 0.613917, val loss = 0.041889, total loss = 0.327903, Epoch time: 0.96 seconds, remaining time: 11.30 minutes
Epoch #291: train loss = 0.627069, val loss = 0.044754, total loss = 0.335912, Epoch time: 0.96 seconds, remaining time: 11.28 minutes
Epoch #292: train loss = 0.578152, val loss = 0.052318, total loss = 0.315235, Epoch time: 0.96 seconds, remaining time: 11.26 minutes
Epoch #293: train loss = 0.538975, val loss = 0.030053, total loss = 0.284514, Epoch time: 0.96 seconds, remaining time: 11.25 minutes
Epoch #294: train loss = 0.505236, val loss = 0.027448, total loss = 0.266342, Epoch time: 0.96 seconds, remaining time: 11.23 minutes
Epoch #295: train loss = 0.536720, val loss = 0.042710, total loss = 0.289715, Epoch time: 0.96 seconds, remaining time: 11.22 minutes
Epoch #296: train loss = 0.456334, val loss = 0.051837, total loss = 0.254086, Epoch time: 0.96 seconds, remaining time: 11.20 minutes
Epoch #297: train loss = 0.501523, val loss = 0.031630, total loss = 0.266577, Epoch time: 0.96 seconds, remaining time: 11.19 minutes
Epoch #298: train loss = 0.618165, val loss = 0.058193, total loss = 0.338179, Epoch time: 0.96 seconds, remaining time: 11.17 minutes
Epoch #299: train loss = 0.613721, val loss = 0.044796, total loss = 0.329258, Epoch time: 0.96 seconds, remaining time: 11.16 minutes
Epoch #300: train loss = 0.571480, val loss = 0.054597, total loss = 0.313038, Epoch time: 0.96 seconds, remaining time: 11.14 minutes
Epoch #301: train loss = 0.681366, val loss = 0.043901, total loss = 0.362633, Epoch time: 0.96 seconds, remaining time: 11.13 minutes
Epoch #302: train loss = 0.553883, val loss = 0.039586, total loss = 0.296735, Epoch time: 0.96 seconds, remaining time: 11.11 minutes
Epoch #303: train loss = 0.653873, val loss = 0.039959, total loss = 0.346916, Epoch time: 0.96 seconds, remaining time: 11.09 minutes
Epoch #304: train loss = 0.577641, val loss = 0.042838, total loss = 0.310240, Epoch time: 0.96 seconds, remaining time: 11.07 minutes
Epoch #305: train loss = 0.502543, val loss = 0.040732, total loss = 0.271637, Epoch time: 0.96 seconds, remaining time: 11.06 minutes
Epoch #306: train loss = 0.507260, val loss = 0.038055, total loss = 0.272658, Epoch time: 0.96 seconds, remaining time: 11.04 minutes
Epoch #307: train loss = 0.562408, val loss = 0.038331, total loss = 0.300369, Epoch time: 0.96 seconds, remaining time: 11.02 minutes
Epoch #308: train loss = 0.598328, val loss = 0.046270, total loss = 0.322299, Epoch time: 0.96 seconds, remaining time: 11.00 minutes
Epoch #309: train loss = 0.529293, val loss = 0.028149, total loss = 0.278721, Epoch time: 0.96 seconds, remaining time: 10.99 minutes
Epoch #310: train loss = 0.563657, val loss = 0.041791, total loss = 0.302724, Epoch time: 0.96 seconds, remaining time: 10.97 minutes
Epoch #311: train loss = 0.520204, val loss = 0.040284, total loss = 0.280244, Epoch time: 0.96 seconds, remaining time: 10.95 minutes
Epoch #312: train loss = 0.527158, val loss = 0.035390, total loss = 0.281274, Epoch time: 0.96 seconds, remaining time: 10.93 minutes
Epoch #313: train loss = 0.456172, val loss = 0.050004, total loss = 0.253088, Epoch time: 0.95 seconds, remaining time: 10.92 minutes
Epoch #314: train loss = 0.566793, val loss = 0.035278, total loss = 0.301035, Epoch time: 0.95 seconds, remaining time: 10.90 minutes
Epoch #315: train loss = 0.477227, val loss = 0.039214, total loss = 0.258220, Epoch time: 0.95 seconds, remaining time: 10.88 minutes
Epoch #316: train loss = 0.534517, val loss = 0.036308, total loss = 0.285412, Epoch time: 0.95 seconds, remaining time: 10.87 minutes
Epoch #317: train loss = 0.550756, val loss = 0.040618, total loss = 0.295687, Epoch time: 0.95 seconds, remaining time: 10.85 minutes
Epoch #318: train loss = 0.546132, val loss = 0.034893, total loss = 0.290513, Epoch time: 0.95 seconds, remaining time: 10.83 minutes
Epoch #319: train loss = 0.502608, val loss = 0.041151, total loss = 0.271879, Epoch time: 0.95 seconds, remaining time: 10.81 minutes
Epoch #320: train loss = 0.581985, val loss = 0.035798, total loss = 0.308892, Epoch time: 0.95 seconds, remaining time: 10.80 minutes
Epoch #321: train loss = 0.529791, val loss = 0.043372, total loss = 0.286582, Epoch time: 0.95 seconds, remaining time: 10.78 minutes
Epoch #322: train loss = 0.510632, val loss = 0.039218, total loss = 0.274925, Epoch time: 0.95 seconds, remaining time: 10.76 minutes
Epoch #323: train loss = 0.547728, val loss = 0.039632, total loss = 0.293680, Epoch time: 0.95 seconds, remaining time: 10.75 minutes
Epoch #324: train loss = 0.511613, val loss = 0.033086, total loss = 0.272350, Epoch time: 0.95 seconds, remaining time: 10.73 minutes
Epoch #325: train loss = 0.643110, val loss = 0.046943, total loss = 0.345027, Epoch time: 0.95 seconds, remaining time: 10.71 minutes
Epoch #326: train loss = 0.623796, val loss = 0.046215, total loss = 0.335005, Epoch time: 0.95 seconds, remaining time: 10.69 minutes
Epoch #327: train loss = 0.460963, val loss = 0.026602, total loss = 0.243782, Epoch time: 0.95 seconds, remaining time: 10.68 minutes
Epoch #328: train loss = 0.509229, val loss = 0.025246, total loss = 0.267238, Epoch time: 0.95 seconds, remaining time: 10.66 minutes
Epoch #329: train loss = 0.516716, val loss = 0.030190, total loss = 0.273453, Epoch time: 0.95 seconds, remaining time: 10.64 minutes
Epoch #330: train loss = 0.476938, val loss = 0.034848, total loss = 0.255893, Epoch time: 0.95 seconds, remaining time: 10.63 minutes
Epoch #331: train loss = 0.613370, val loss = 0.038408, total loss = 0.325889, Epoch time: 0.95 seconds, remaining time: 10.61 minutes
Epoch #332: train loss = 0.460884, val loss = 0.039860, total loss = 0.250372, Epoch time: 0.95 seconds, remaining time: 10.59 minutes
Epoch #333: train loss = 0.568225, val loss = 0.052268, total loss = 0.310247, Epoch time: 0.95 seconds, remaining time: 10.58 minutes
Epoch #334: train loss = 0.615274, val loss = 0.051185, total loss = 0.333230, Epoch time: 0.95 seconds, remaining time: 10.56 minutes
Epoch #335: train loss = 0.552083, val loss = 0.045964, total loss = 0.299024, Epoch time: 0.95 seconds, remaining time: 10.54 minutes
Epoch #336: train loss = 0.594116, val loss = 0.041698, total loss = 0.317907, Epoch time: 0.95 seconds, remaining time: 10.53 minutes
Epoch #337: train loss = 0.548747, val loss = 0.035818, total loss = 0.292282, Epoch time: 0.95 seconds, remaining time: 10.51 minutes
Epoch #338: train loss = 0.536362, val loss = 0.042953, total loss = 0.289658, Epoch time: 0.95 seconds, remaining time: 10.49 minutes
Epoch #339: train loss = 0.595722, val loss = 0.045782, total loss = 0.320752, Epoch time: 0.95 seconds, remaining time: 10.47 minutes
Epoch #340: train loss = 0.552666, val loss = 0.043901, total loss = 0.298284, Epoch time: 0.95 seconds, remaining time: 10.46 minutes
Epoch #341: train loss = 0.457755, val loss = 0.034657, total loss = 0.246206, Epoch time: 0.95 seconds, remaining time: 10.44 minutes
Epoch #342: train loss = 0.516403, val loss = 0.036106, total loss = 0.276255, Epoch time: 0.95 seconds, remaining time: 10.43 minutes
Epoch #343: train loss = 0.521131, val loss = 0.053477, total loss = 0.287304, Epoch time: 0.95 seconds, remaining time: 10.41 minutes
Epoch #344: train loss = 0.474568, val loss = 0.050071, total loss = 0.262320, Epoch time: 0.95 seconds, remaining time: 10.39 minutes
Epoch #345: train loss = 0.408049, val loss = 0.029047, total loss = 0.218548, Epoch time: 0.95 seconds, remaining time: 10.38 minutes
Epoch #346: train loss = 0.520022, val loss = 0.035187, total loss = 0.277604, Epoch time: 0.95 seconds, remaining time: 10.36 minutes
Epoch #347: train loss = 0.459954, val loss = 0.034949, total loss = 0.247451, Epoch time: 0.95 seconds, remaining time: 10.34 minutes
Epoch #348: train loss = 0.462678, val loss = 0.038015, total loss = 0.250346, Epoch time: 0.95 seconds, remaining time: 10.33 minutes
Epoch #349: train loss = 0.549578, val loss = 0.034744, total loss = 0.292161, Epoch time: 0.95 seconds, remaining time: 10.31 minutes
Epoch #350: train loss = 0.614920, val loss = 0.041482, total loss = 0.328201, Epoch time: 0.95 seconds, remaining time: 10.29 minutes
Epoch #351: train loss = 0.596239, val loss = 0.047064, total loss = 0.321652, Epoch time: 0.95 seconds, remaining time: 10.28 minutes
Epoch #352: train loss = 0.562764, val loss = 0.043081, total loss = 0.302923, Epoch time: 0.95 seconds, remaining time: 10.26 minutes
Epoch #353: train loss = 0.459749, val loss = 0.050261, total loss = 0.255005, Epoch time: 0.95 seconds, remaining time: 10.24 minutes
Epoch #354: train loss = 0.517918, val loss = 0.029929, total loss = 0.273923, Epoch time: 0.95 seconds, remaining time: 10.23 minutes
Epoch #355: train loss = 0.402421, val loss = 0.025700, total loss = 0.214061, Epoch time: 0.95 seconds, remaining time: 10.21 minutes
Epoch #356: train loss = 0.584116, val loss = 0.043746, total loss = 0.313931, Epoch time: 0.95 seconds, remaining time: 10.19 minutes
Epoch #357: train loss = 0.487581, val loss = 0.031817, total loss = 0.259699, Epoch time: 0.95 seconds, remaining time: 10.18 minutes
Epoch #358: train loss = 0.509604, val loss = 0.047060, total loss = 0.278332, Epoch time: 0.95 seconds, remaining time: 10.16 minutes
Epoch #359: train loss = 0.468665, val loss = 0.037713, total loss = 0.253189, Epoch time: 0.95 seconds, remaining time: 10.14 minutes
Epoch #360: train loss = 0.498688, val loss = 0.033856, total loss = 0.266272, Epoch time: 0.95 seconds, remaining time: 10.13 minutes
Epoch #361: train loss = 0.561744, val loss = 0.038035, total loss = 0.299890, Epoch time: 0.95 seconds, remaining time: 10.11 minutes
Epoch #362: train loss = 0.611916, val loss = 0.041679, total loss = 0.326797, Epoch time: 0.95 seconds, remaining time: 10.09 minutes
Epoch #363: train loss = 0.457240, val loss = 0.041836, total loss = 0.249538, Epoch time: 0.95 seconds, remaining time: 10.08 minutes
Epoch #364: train loss = 0.534099, val loss = 0.043606, total loss = 0.288852, Epoch time: 0.95 seconds, remaining time: 10.06 minutes
Epoch #365: train loss = 0.495545, val loss = 0.028437, total loss = 0.261991, Epoch time: 0.95 seconds, remaining time: 10.04 minutes
Epoch #366: train loss = 0.502979, val loss = 0.035698, total loss = 0.269338, Epoch time: 0.95 seconds, remaining time: 10.03 minutes
Epoch #367: train loss = 0.504467, val loss = 0.028173, total loss = 0.266320, Epoch time: 0.95 seconds, remaining time: 10.01 minutes
Epoch #368: train loss = 0.476286, val loss = 0.029817, total loss = 0.253052, Epoch time: 0.95 seconds, remaining time: 9.99 minutes
Epoch #369: train loss = 0.500564, val loss = 0.033548, total loss = 0.267056, Epoch time: 0.95 seconds, remaining time: 9.98 minutes
Epoch #370: train loss = 0.411488, val loss = 0.028517, total loss = 0.220002, Epoch time: 0.95 seconds, remaining time: 9.96 minutes
Epoch #371: train loss = 0.408978, val loss = 0.032306, total loss = 0.220642, Epoch time: 0.95 seconds, remaining time: 9.95 minutes
Epoch #372: train loss = 0.433121, val loss = 0.029945, total loss = 0.231533, Epoch time: 0.95 seconds, remaining time: 9.93 minutes
Epoch #373: train loss = 0.445636, val loss = 0.032010, total loss = 0.238823, Epoch time: 0.95 seconds, remaining time: 9.91 minutes
Epoch #374: train loss = 0.524318, val loss = 0.036588, total loss = 0.280453, Epoch time: 0.95 seconds, remaining time: 9.90 minutes
Epoch #375: train loss = 0.565583, val loss = 0.040378, total loss = 0.302981, Epoch time: 0.95 seconds, remaining time: 9.88 minutes
Epoch #376: train loss = 0.474383, val loss = 0.026336, total loss = 0.250360, Epoch time: 0.95 seconds, remaining time: 9.86 minutes
Epoch #377: train loss = 0.427306, val loss = 0.038923, total loss = 0.233114, Epoch time: 0.95 seconds, remaining time: 9.85 minutes
Epoch #378: train loss = 0.568344, val loss = 0.043236, total loss = 0.305790, Epoch time: 0.95 seconds, remaining time: 9.83 minutes
Epoch #379: train loss = 0.564803, val loss = 0.051755, total loss = 0.308279, Epoch time: 0.95 seconds, remaining time: 9.81 minutes
Epoch #380: train loss = 0.611125, val loss = 0.046991, total loss = 0.329058, Epoch time: 0.95 seconds, remaining time: 9.80 minutes
Epoch #381: train loss = 0.575962, val loss = 0.049481, total loss = 0.312722, Epoch time: 0.95 seconds, remaining time: 9.78 minutes
Epoch #382: train loss = 0.566149, val loss = 0.052165, total loss = 0.309157, Epoch time: 0.95 seconds, remaining time: 9.76 minutes
Epoch #383: train loss = 0.527169, val loss = 0.038820, total loss = 0.282995, Epoch time: 0.95 seconds, remaining time: 9.74 minutes
Epoch #384: train loss = 0.670062, val loss = 0.054445, total loss = 0.362254, Epoch time: 0.95 seconds, remaining time: 9.73 minutes
Epoch #385: train loss = 0.525099, val loss = 0.033108, total loss = 0.279104, Epoch time: 0.95 seconds, remaining time: 9.71 minutes
Epoch #386: train loss = 0.520105, val loss = 0.043240, total loss = 0.281673, Epoch time: 0.95 seconds, remaining time: 9.69 minutes
Epoch #387: train loss = 0.646519, val loss = 0.050739, total loss = 0.348629, Epoch time: 0.95 seconds, remaining time: 9.68 minutes
Epoch #388: train loss = 0.548408, val loss = 0.042292, total loss = 0.295350, Epoch time: 0.95 seconds, remaining time: 9.66 minutes
Epoch #389: train loss = 0.519872, val loss = 0.032697, total loss = 0.276284, Epoch time: 0.95 seconds, remaining time: 9.64 minutes
Epoch #390: train loss = 0.625038, val loss = 0.037646, total loss = 0.331342, Epoch time: 0.95 seconds, remaining time: 9.63 minutes
Epoch #391: train loss = 0.553371, val loss = 0.051584, total loss = 0.302478, Epoch time: 0.95 seconds, remaining time: 9.61 minutes
Epoch #392: train loss = 0.547225, val loss = 0.031687, total loss = 0.289456, Epoch time: 0.95 seconds, remaining time: 9.59 minutes
Epoch #393: train loss = 0.525228, val loss = 0.032451, total loss = 0.278840, Epoch time: 0.95 seconds, remaining time: 9.58 minutes
Epoch #394: train loss = 0.525518, val loss = 0.028111, total loss = 0.276814, Epoch time: 0.95 seconds, remaining time: 9.56 minutes
Epoch #395: train loss = 0.541952, val loss = 0.037619, total loss = 0.289786, Epoch time: 0.95 seconds, remaining time: 9.54 minutes
Epoch #396: train loss = 0.560946, val loss = 0.050224, total loss = 0.305585, Epoch time: 0.95 seconds, remaining time: 9.52 minutes
Epoch #397: train loss = 0.580580, val loss = 0.038604, total loss = 0.309592, Epoch time: 0.95 seconds, remaining time: 9.51 minutes
Epoch #398: train loss = 0.514498, val loss = 0.048579, total loss = 0.281539, Epoch time: 0.95 seconds, remaining time: 9.49 minutes
Epoch #399: train loss = 0.489050, val loss = 0.031967, total loss = 0.260509, Epoch time: 0.95 seconds, remaining time: 9.47 minutes
Epoch #400: train loss = 0.607446, val loss = 0.043853, total loss = 0.325650, Epoch time: 0.95 seconds, remaining time: 9.46 minutes
Epoch #401: train loss = 0.613562, val loss = 0.063285, total loss = 0.338423, Epoch time: 0.95 seconds, remaining time: 9.44 minutes
Epoch #402: train loss = 0.489375, val loss = 0.024387, total loss = 0.256881, Epoch time: 0.95 seconds, remaining time: 9.42 minutes
Epoch #403: train loss = 0.485289, val loss = 0.049350, total loss = 0.267320, Epoch time: 0.95 seconds, remaining time: 9.41 minutes
Epoch #404: train loss = 0.502758, val loss = 0.036538, total loss = 0.269648, Epoch time: 0.95 seconds, remaining time: 9.39 minutes
Epoch #405: train loss = 0.447264, val loss = 0.035620, total loss = 0.241442, Epoch time: 0.95 seconds, remaining time: 9.38 minutes
Epoch #406: train loss = 0.549767, val loss = 0.032848, total loss = 0.291307, Epoch time: 0.95 seconds, remaining time: 9.36 minutes
Epoch #407: train loss = 0.566099, val loss = 0.038045, total loss = 0.302072, Epoch time: 0.95 seconds, remaining time: 9.34 minutes
Epoch #408: train loss = 0.477901, val loss = 0.034494, total loss = 0.256198, Epoch time: 0.95 seconds, remaining time: 9.33 minutes
Epoch #409: train loss = 0.473859, val loss = 0.025977, total loss = 0.249918, Epoch time: 0.95 seconds, remaining time: 9.31 minutes
Epoch #410: train loss = 0.353081, val loss = 0.035431, total loss = 0.194256, Epoch time: 0.95 seconds, remaining time: 9.30 minutes
Epoch #411: train loss = 0.485159, val loss = 0.034469, total loss = 0.259814, Epoch time: 0.95 seconds, remaining time: 9.28 minutes
Epoch #412: train loss = 0.455798, val loss = 0.031576, total loss = 0.243687, Epoch time: 0.95 seconds, remaining time: 9.26 minutes
Epoch #413: train loss = 0.572059, val loss = 0.054256, total loss = 0.313157, Epoch time: 0.95 seconds, remaining time: 9.25 minutes
Epoch #414: train loss = 0.505092, val loss = 0.043477, total loss = 0.274285, Epoch time: 0.95 seconds, remaining time: 9.23 minutes
Epoch #415: train loss = 0.485423, val loss = 0.038009, total loss = 0.261716, Epoch time: 0.95 seconds, remaining time: 9.21 minutes
Epoch #416: train loss = 0.628130, val loss = 0.056889, total loss = 0.342510, Epoch time: 0.95 seconds, remaining time: 9.20 minutes
Epoch #417: train loss = 0.451554, val loss = 0.045306, total loss = 0.248430, Epoch time: 0.95 seconds, remaining time: 9.18 minutes
Epoch #418: train loss = 0.483544, val loss = 0.034747, total loss = 0.259146, Epoch time: 0.95 seconds, remaining time: 9.16 minutes
Epoch #419: train loss = 0.544655, val loss = 0.035069, total loss = 0.289862, Epoch time: 0.95 seconds, remaining time: 9.15 minutes
Epoch #420: train loss = 0.533757, val loss = 0.029555, total loss = 0.281656, Epoch time: 0.95 seconds, remaining time: 9.13 minutes
Epoch #421: train loss = 0.458525, val loss = 0.034184, total loss = 0.246354, Epoch time: 0.95 seconds, remaining time: 9.11 minutes
Epoch #422: train loss = 0.485720, val loss = 0.029630, total loss = 0.257675, Epoch time: 0.95 seconds, remaining time: 9.10 minutes
Epoch #423: train loss = 0.432816, val loss = 0.026462, total loss = 0.229639, Epoch time: 0.95 seconds, remaining time: 9.08 minutes
Epoch #424: train loss = 0.384390, val loss = 0.021842, total loss = 0.203116, Epoch time: 0.95 seconds, remaining time: 9.07 minutes
Epoch #425: train loss = 0.404560, val loss = 0.024572, total loss = 0.214566, Epoch time: 0.95 seconds, remaining time: 9.05 minutes
Epoch #426: train loss = 0.445636, val loss = 0.029267, total loss = 0.237451, Epoch time: 0.95 seconds, remaining time: 9.03 minutes
Epoch #427: train loss = 0.473172, val loss = 0.042970, total loss = 0.258071, Epoch time: 0.95 seconds, remaining time: 9.02 minutes
Epoch #428: train loss = 0.516233, val loss = 0.038199, total loss = 0.277216, Epoch time: 0.95 seconds, remaining time: 9.00 minutes
Epoch #429: train loss = 0.581571, val loss = 0.044901, total loss = 0.313236, Epoch time: 0.95 seconds, remaining time: 8.98 minutes
Epoch #430: train loss = 0.678547, val loss = 0.040216, total loss = 0.359381, Epoch time: 0.95 seconds, remaining time: 8.97 minutes
Epoch #431: train loss = 0.584871, val loss = 0.028305, total loss = 0.306588, Epoch time: 0.95 seconds, remaining time: 8.95 minutes
Epoch #432: train loss = 0.461958, val loss = 0.032279, total loss = 0.247119, Epoch time: 0.95 seconds, remaining time: 8.93 minutes
Epoch #433: train loss = 0.610923, val loss = 0.038557, total loss = 0.324740, Epoch time: 0.95 seconds, remaining time: 8.92 minutes
Epoch #434: train loss = 0.497075, val loss = 0.027161, total loss = 0.262118, Epoch time: 0.95 seconds, remaining time: 8.90 minutes
Epoch #435: train loss = 0.490803, val loss = 0.026435, total loss = 0.258619, Epoch time: 0.95 seconds, remaining time: 8.88 minutes
Epoch #436: train loss = 0.498202, val loss = 0.028149, total loss = 0.263176, Epoch time: 0.95 seconds, remaining time: 8.87 minutes
Epoch #437: train loss = 0.649607, val loss = 0.040753, total loss = 0.345180, Epoch time: 0.94 seconds, remaining time: 8.85 minutes
Epoch #438: train loss = 0.533806, val loss = 0.037999, total loss = 0.285902, Epoch time: 0.94 seconds, remaining time: 8.83 minutes
Epoch #439: train loss = 0.495329, val loss = 0.040343, total loss = 0.267836, Epoch time: 0.94 seconds, remaining time: 8.82 minutes
Epoch #440: train loss = 0.555603, val loss = 0.032447, total loss = 0.294025, Epoch time: 0.94 seconds, remaining time: 8.80 minutes
Epoch #441: train loss = 0.492946, val loss = 0.029086, total loss = 0.261016, Epoch time: 0.94 seconds, remaining time: 8.79 minutes
Epoch #442: train loss = 0.484145, val loss = 0.022438, total loss = 0.253292, Epoch time: 0.94 seconds, remaining time: 8.77 minutes
Epoch #443: train loss = 0.458674, val loss = 0.033152, total loss = 0.245913, Epoch time: 0.94 seconds, remaining time: 8.75 minutes
Epoch #444: train loss = 0.418773, val loss = 0.022356, total loss = 0.220564, Epoch time: 0.94 seconds, remaining time: 8.74 minutes
Epoch #445: train loss = 0.502104, val loss = 0.038904, total loss = 0.270504, Epoch time: 0.94 seconds, remaining time: 8.72 minutes
Epoch #446: train loss = 0.416760, val loss = 0.028230, total loss = 0.222495, Epoch time: 0.94 seconds, remaining time: 8.70 minutes
Epoch #447: train loss = 0.575634, val loss = 0.035650, total loss = 0.305642, Epoch time: 0.94 seconds, remaining time: 8.69 minutes
Epoch #448: train loss = 0.433226, val loss = 0.036850, total loss = 0.235038, Epoch time: 0.94 seconds, remaining time: 8.67 minutes
Epoch #449: train loss = 0.456907, val loss = 0.030395, total loss = 0.243651, Epoch time: 0.94 seconds, remaining time: 8.66 minutes
Epoch #450: train loss = 0.497904, val loss = 0.036450, total loss = 0.267177, Epoch time: 0.94 seconds, remaining time: 8.64 minutes
Epoch #451: train loss = 0.481234, val loss = 0.034379, total loss = 0.257806, Epoch time: 0.94 seconds, remaining time: 8.62 minutes
Epoch #452: train loss = 0.459635, val loss = 0.027353, total loss = 0.243494, Epoch time: 0.94 seconds, remaining time: 8.61 minutes
Epoch #453: train loss = 0.434565, val loss = 0.037595, total loss = 0.236080, Epoch time: 0.94 seconds, remaining time: 8.59 minutes
Epoch #454: train loss = 0.467597, val loss = 0.026531, total loss = 0.247064, Epoch time: 0.94 seconds, remaining time: 8.57 minutes
Epoch #455: train loss = 0.585755, val loss = 0.029762, total loss = 0.307758, Epoch time: 0.94 seconds, remaining time: 8.56 minutes
Epoch #456: train loss = 0.517568, val loss = 0.030015, total loss = 0.273792, Epoch time: 0.94 seconds, remaining time: 8.54 minutes
Epoch #457: train loss = 0.423493, val loss = 0.025830, total loss = 0.224662, Epoch time: 0.94 seconds, remaining time: 8.52 minutes
Epoch #458: train loss = 0.450000, val loss = 0.027663, total loss = 0.238831, Epoch time: 0.94 seconds, remaining time: 8.51 minutes
Epoch #459: train loss = 0.459389, val loss = 0.021200, total loss = 0.240294, Epoch time: 0.94 seconds, remaining time: 8.49 minutes
Epoch #460: train loss = 0.554883, val loss = 0.028416, total loss = 0.291649, Epoch time: 0.94 seconds, remaining time: 8.48 minutes
Epoch #461: train loss = 0.393651, val loss = 0.030322, total loss = 0.211987, Epoch time: 0.94 seconds, remaining time: 8.46 minutes
Epoch #462: train loss = 0.481574, val loss = 0.031325, total loss = 0.256450, Epoch time: 0.94 seconds, remaining time: 8.45 minutes
Epoch #463: train loss = 0.570393, val loss = 0.029448, total loss = 0.299920, Epoch time: 0.94 seconds, remaining time: 8.43 minutes
Epoch #464: train loss = 0.496067, val loss = 0.023391, total loss = 0.259729, Epoch time: 0.94 seconds, remaining time: 8.42 minutes
Epoch #465: train loss = 0.546210, val loss = 0.029178, total loss = 0.287694, Epoch time: 0.94 seconds, remaining time: 8.40 minutes
Epoch #466: train loss = 0.497714, val loss = 0.047215, total loss = 0.272464, Epoch time: 0.94 seconds, remaining time: 8.39 minutes
Epoch #467: train loss = 0.567170, val loss = 0.039135, total loss = 0.303153, Epoch time: 0.94 seconds, remaining time: 8.37 minutes
Epoch #468: train loss = 0.464258, val loss = 0.040959, total loss = 0.252608, Epoch time: 0.94 seconds, remaining time: 8.36 minutes
Epoch #469: train loss = 0.401992, val loss = 0.030481, total loss = 0.216236, Epoch time: 0.94 seconds, remaining time: 8.34 minutes
Epoch #470: train loss = 0.483848, val loss = 0.033410, total loss = 0.258629, Epoch time: 0.94 seconds, remaining time: 8.33 minutes
Epoch #471: train loss = 0.460890, val loss = 0.030690, total loss = 0.245790, Epoch time: 0.94 seconds, remaining time: 8.31 minutes
Epoch #472: train loss = 0.391263, val loss = 0.034316, total loss = 0.212790, Epoch time: 0.94 seconds, remaining time: 8.30 minutes
Epoch #473: train loss = 0.437056, val loss = 0.029373, total loss = 0.233215, Epoch time: 0.94 seconds, remaining time: 8.28 minutes
Epoch #474: train loss = 0.470720, val loss = 0.035672, total loss = 0.253196, Epoch time: 0.94 seconds, remaining time: 8.26 minutes
Epoch #475: train loss = 0.495079, val loss = 0.033261, total loss = 0.264170, Epoch time: 0.94 seconds, remaining time: 8.25 minutes
Epoch #476: train loss = 0.363672, val loss = 0.021255, total loss = 0.192464, Epoch time: 0.94 seconds, remaining time: 8.23 minutes
Epoch #477: train loss = 0.410159, val loss = 0.034052, total loss = 0.222106, Epoch time: 0.94 seconds, remaining time: 8.21 minutes
Epoch #478: train loss = 0.468486, val loss = 0.022753, total loss = 0.245620, Epoch time: 0.94 seconds, remaining time: 8.20 minutes
Epoch #479: train loss = 0.378784, val loss = 0.026029, total loss = 0.202407, Epoch time: 0.94 seconds, remaining time: 8.18 minutes
Epoch #480: train loss = 0.440117, val loss = 0.023897, total loss = 0.232007, Epoch time: 0.94 seconds, remaining time: 8.17 minutes
Epoch #481: train loss = 0.550418, val loss = 0.038200, total loss = 0.294309, Epoch time: 0.94 seconds, remaining time: 8.15 minutes
Epoch #482: train loss = 0.511385, val loss = 0.032910, total loss = 0.272148, Epoch time: 0.94 seconds, remaining time: 8.13 minutes
Epoch #483: train loss = 0.417206, val loss = 0.033873, total loss = 0.225540, Epoch time: 0.94 seconds, remaining time: 8.12 minutes
Epoch #484: train loss = 0.440238, val loss = 0.027516, total loss = 0.233877, Epoch time: 0.94 seconds, remaining time: 8.10 minutes
Epoch #485: train loss = 0.450998, val loss = 0.027664, total loss = 0.239331, Epoch time: 0.94 seconds, remaining time: 8.08 minutes
Epoch #486: train loss = 0.428281, val loss = 0.030271, total loss = 0.229276, Epoch time: 0.94 seconds, remaining time: 8.07 minutes
Epoch #487: train loss = 0.390709, val loss = 0.041660, total loss = 0.216185, Epoch time: 0.94 seconds, remaining time: 8.05 minutes
Epoch #488: train loss = 0.360339, val loss = 0.021804, total loss = 0.191072, Epoch time: 0.94 seconds, remaining time: 8.04 minutes
Epoch #489: train loss = 0.443525, val loss = 0.026602, total loss = 0.235064, Epoch time: 0.94 seconds, remaining time: 8.02 minutes
Epoch #490: train loss = 0.373092, val loss = 0.033732, total loss = 0.203412, Epoch time: 0.94 seconds, remaining time: 8.01 minutes
Epoch #491: train loss = 0.416514, val loss = 0.025327, total loss = 0.220921, Epoch time: 0.94 seconds, remaining time: 7.99 minutes
Epoch #492: train loss = 0.432863, val loss = 0.032776, total loss = 0.232820, Epoch time: 0.94 seconds, remaining time: 7.97 minutes
Epoch #493: train loss = 0.480465, val loss = 0.023838, total loss = 0.252151, Epoch time: 0.94 seconds, remaining time: 7.96 minutes
Epoch #494: train loss = 0.476610, val loss = 0.032608, total loss = 0.254609, Epoch time: 0.94 seconds, remaining time: 7.94 minutes
Epoch #495: train loss = 0.485480, val loss = 0.027085, total loss = 0.256282, Epoch time: 0.94 seconds, remaining time: 7.92 minutes
Epoch #496: train loss = 0.697802, val loss = 0.048457, total loss = 0.373130, Epoch time: 0.94 seconds, remaining time: 7.91 minutes
Epoch #497: train loss = 0.508147, val loss = 0.024416, total loss = 0.266281, Epoch time: 0.94 seconds, remaining time: 7.89 minutes
Epoch #498: train loss = 0.401032, val loss = 0.026302, total loss = 0.213667, Epoch time: 0.94 seconds, remaining time: 7.88 minutes
Epoch #499: train loss = 0.560924, val loss = 0.037196, total loss = 0.299060, Epoch time: 0.94 seconds, remaining time: 7.86 minutes
Epoch #500: train loss = 0.510618, val loss = 0.026956, total loss = 0.268787, Epoch time: 0.94 seconds, remaining time: 7.84 minutes
Epoch #501: train loss = 0.478621, val loss = 0.025452, total loss = 0.252037, Epoch time: 0.94 seconds, remaining time: 7.83 minutes
Epoch #502: train loss = 0.443430, val loss = 0.025916, total loss = 0.234673, Epoch time: 0.94 seconds, remaining time: 7.81 minutes
Epoch #503: train loss = 0.423826, val loss = 0.025496, total loss = 0.224661, Epoch time: 0.94 seconds, remaining time: 7.80 minutes
Epoch #504: train loss = 0.479310, val loss = 0.015916, total loss = 0.247613, Epoch time: 0.94 seconds, remaining time: 7.78 minutes
Epoch #505: train loss = 0.508651, val loss = 0.020137, total loss = 0.264394, Epoch time: 0.94 seconds, remaining time: 7.76 minutes
Epoch #506: train loss = 0.509916, val loss = 0.033709, total loss = 0.271812, Epoch time: 0.94 seconds, remaining time: 7.75 minutes
Epoch #507: train loss = 0.521242, val loss = 0.028867, total loss = 0.275055, Epoch time: 0.94 seconds, remaining time: 7.73 minutes
Epoch #508: train loss = 0.490041, val loss = 0.032839, total loss = 0.261440, Epoch time: 0.94 seconds, remaining time: 7.71 minutes
Epoch #509: train loss = 0.480220, val loss = 0.022432, total loss = 0.251326, Epoch time: 0.94 seconds, remaining time: 7.70 minutes
Epoch #510: train loss = 0.451594, val loss = 0.026023, total loss = 0.238809, Epoch time: 0.94 seconds, remaining time: 7.68 minutes
Epoch #511: train loss = 0.496077, val loss = 0.026831, total loss = 0.261454, Epoch time: 0.94 seconds, remaining time: 7.67 minutes
Epoch #512: train loss = 0.384206, val loss = 0.028518, total loss = 0.206362, Epoch time: 0.94 seconds, remaining time: 7.65 minutes
Epoch #513: train loss = 0.456640, val loss = 0.026839, total loss = 0.241740, Epoch time: 0.94 seconds, remaining time: 7.63 minutes
Epoch #514: train loss = 0.426559, val loss = 0.027000, total loss = 0.226779, Epoch time: 0.94 seconds, remaining time: 7.62 minutes
Epoch #515: train loss = 0.464876, val loss = 0.028006, total loss = 0.246441, Epoch time: 0.94 seconds, remaining time: 7.60 minutes
Epoch #516: train loss = 0.435721, val loss = 0.029660, total loss = 0.232691, Epoch time: 0.94 seconds, remaining time: 7.59 minutes
Epoch #517: train loss = 0.470000, val loss = 0.031206, total loss = 0.250603, Epoch time: 0.94 seconds, remaining time: 7.57 minutes
Epoch #518: train loss = 0.500267, val loss = 0.022558, total loss = 0.261413, Epoch time: 0.94 seconds, remaining time: 7.55 minutes
Epoch #519: train loss = 0.439707, val loss = 0.028057, total loss = 0.233882, Epoch time: 0.94 seconds, remaining time: 7.54 minutes
Epoch #520: train loss = 0.484075, val loss = 0.036269, total loss = 0.260172, Epoch time: 0.94 seconds, remaining time: 7.52 minutes
Epoch #521: train loss = 0.459041, val loss = 0.020203, total loss = 0.239622, Epoch time: 0.94 seconds, remaining time: 7.51 minutes
Epoch #522: train loss = 0.453686, val loss = 0.022527, total loss = 0.238106, Epoch time: 0.94 seconds, remaining time: 7.49 minutes
Epoch #523: train loss = 0.473312, val loss = 0.025388, total loss = 0.249350, Epoch time: 0.94 seconds, remaining time: 7.47 minutes
Epoch #524: train loss = 0.307660, val loss = 0.025298, total loss = 0.166479, Epoch time: 0.94 seconds, remaining time: 7.46 minutes
Epoch #525: train loss = 0.343945, val loss = 0.015321, total loss = 0.179633, Epoch time: 0.94 seconds, remaining time: 7.44 minutes
Epoch #526: train loss = 0.416144, val loss = 0.033083, total loss = 0.224614, Epoch time: 0.94 seconds, remaining time: 7.43 minutes
Epoch #527: train loss = 0.442211, val loss = 0.020816, total loss = 0.231513, Epoch time: 0.94 seconds, remaining time: 7.41 minutes
Epoch #528: train loss = 0.554995, val loss = 0.031185, total loss = 0.293090, Epoch time: 0.94 seconds, remaining time: 7.39 minutes
Epoch #529: train loss = 0.485605, val loss = 0.044518, total loss = 0.265061, Epoch time: 0.94 seconds, remaining time: 7.38 minutes
Epoch #530: train loss = 0.595630, val loss = 0.045032, total loss = 0.320331, Epoch time: 0.94 seconds, remaining time: 7.36 minutes
Epoch #531: train loss = 0.416658, val loss = 0.025424, total loss = 0.221041, Epoch time: 0.94 seconds, remaining time: 7.35 minutes
Epoch #532: train loss = 0.459424, val loss = 0.032118, total loss = 0.245771, Epoch time: 0.94 seconds, remaining time: 7.33 minutes
Epoch #533: train loss = 0.594838, val loss = 0.033192, total loss = 0.314015, Epoch time: 0.94 seconds, remaining time: 7.31 minutes
Epoch #534: train loss = 0.477402, val loss = 0.028549, total loss = 0.252975, Epoch time: 0.94 seconds, remaining time: 7.30 minutes
Epoch #535: train loss = 0.487748, val loss = 0.031569, total loss = 0.259659, Epoch time: 0.94 seconds, remaining time: 7.28 minutes
Epoch #536: train loss = 0.515095, val loss = 0.035016, total loss = 0.275056, Epoch time: 0.94 seconds, remaining time: 7.26 minutes
Epoch #537: train loss = 0.580008, val loss = 0.037946, total loss = 0.308977, Epoch time: 0.94 seconds, remaining time: 7.25 minutes
Epoch #538: train loss = 0.418342, val loss = 0.023781, total loss = 0.221062, Epoch time: 0.94 seconds, remaining time: 7.23 minutes
Epoch #539: train loss = 0.390544, val loss = 0.041184, total loss = 0.215864, Epoch time: 0.94 seconds, remaining time: 7.22 minutes
Epoch #540: train loss = 0.437825, val loss = 0.032659, total loss = 0.235242, Epoch time: 0.94 seconds, remaining time: 7.20 minutes
Epoch #541: train loss = 0.326172, val loss = 0.033846, total loss = 0.180009, Epoch time: 0.94 seconds, remaining time: 7.18 minutes
Epoch #542: train loss = 0.365729, val loss = 0.022906, total loss = 0.194317, Epoch time: 0.94 seconds, remaining time: 7.17 minutes
Epoch #543: train loss = 0.440102, val loss = 0.040239, total loss = 0.240170, Epoch time: 0.94 seconds, remaining time: 7.15 minutes
Epoch #544: train loss = 0.382689, val loss = 0.029771, total loss = 0.206230, Epoch time: 0.94 seconds, remaining time: 7.14 minutes
Epoch #545: train loss = 0.419802, val loss = 0.019373, total loss = 0.219588, Epoch time: 0.94 seconds, remaining time: 7.12 minutes
Epoch #546: train loss = 0.424014, val loss = 0.030745, total loss = 0.227379, Epoch time: 0.94 seconds, remaining time: 7.10 minutes
Epoch #547: train loss = 0.391060, val loss = 0.025224, total loss = 0.208142, Epoch time: 0.94 seconds, remaining time: 7.09 minutes
Epoch #548: train loss = 0.518190, val loss = 0.030334, total loss = 0.274262, Epoch time: 0.94 seconds, remaining time: 7.07 minutes
Epoch #549: train loss = 0.445299, val loss = 0.045015, total loss = 0.245157, Epoch time: 0.94 seconds, remaining time: 7.06 minutes
Epoch #550: train loss = 0.391539, val loss = 0.029358, total loss = 0.210448, Epoch time: 0.94 seconds, remaining time: 7.04 minutes
Epoch #551: train loss = 0.346445, val loss = 0.035277, total loss = 0.190861, Epoch time: 0.94 seconds, remaining time: 7.02 minutes
Epoch #552: train loss = 0.445289, val loss = 0.032333, total loss = 0.238811, Epoch time: 0.94 seconds, remaining time: 7.01 minutes
Epoch #553: train loss = 0.539651, val loss = 0.032098, total loss = 0.285874, Epoch time: 0.94 seconds, remaining time: 6.99 minutes
Epoch #554: train loss = 0.339253, val loss = 0.025443, total loss = 0.182348, Epoch time: 0.94 seconds, remaining time: 6.98 minutes
Epoch #555: train loss = 0.397510, val loss = 0.025291, total loss = 0.211401, Epoch time: 0.94 seconds, remaining time: 6.96 minutes
Epoch #556: train loss = 0.350122, val loss = 0.029004, total loss = 0.189563, Epoch time: 0.94 seconds, remaining time: 6.95 minutes
Epoch #557: train loss = 0.427180, val loss = 0.018635, total loss = 0.222908, Epoch time: 0.94 seconds, remaining time: 6.93 minutes
Epoch #558: train loss = 0.412529, val loss = 0.030748, total loss = 0.221639, Epoch time: 0.94 seconds, remaining time: 6.91 minutes
Epoch #559: train loss = 0.374834, val loss = 0.023772, total loss = 0.199303, Epoch time: 0.94 seconds, remaining time: 6.90 minutes
Epoch #560: train loss = 0.450673, val loss = 0.030531, total loss = 0.240602, Epoch time: 0.94 seconds, remaining time: 6.88 minutes
Epoch #561: train loss = 0.481660, val loss = 0.018561, total loss = 0.250110, Epoch time: 0.94 seconds, remaining time: 6.87 minutes
Epoch #562: train loss = 0.441114, val loss = 0.033347, total loss = 0.237231, Epoch time: 0.94 seconds, remaining time: 6.85 minutes
Epoch #563: train loss = 0.333487, val loss = 0.029368, total loss = 0.181428, Epoch time: 0.94 seconds, remaining time: 6.83 minutes
Epoch #564: train loss = 0.364215, val loss = 0.027395, total loss = 0.195805, Epoch time: 0.94 seconds, remaining time: 6.82 minutes
Epoch #565: train loss = 0.319079, val loss = 0.021759, total loss = 0.170419, Epoch time: 0.94 seconds, remaining time: 6.80 minutes
Epoch #566: train loss = 0.438380, val loss = 0.031660, total loss = 0.235020, Epoch time: 0.94 seconds, remaining time: 6.79 minutes
Epoch #567: train loss = 0.485680, val loss = 0.053080, total loss = 0.269380, Epoch time: 0.94 seconds, remaining time: 6.77 minutes
Epoch #568: train loss = 0.360110, val loss = 0.037969, total loss = 0.199040, Epoch time: 0.94 seconds, remaining time: 6.76 minutes
Epoch #569: train loss = 0.418825, val loss = 0.027880, total loss = 0.223352, Epoch time: 0.94 seconds, remaining time: 6.74 minutes
Epoch #570: train loss = 0.351275, val loss = 0.042400, total loss = 0.196837, Epoch time: 0.94 seconds, remaining time: 6.72 minutes
Epoch #571: train loss = 0.433135, val loss = 0.031513, total loss = 0.232324, Epoch time: 0.94 seconds, remaining time: 6.71 minutes
Epoch #572: train loss = 0.495123, val loss = 0.034408, total loss = 0.264766, Epoch time: 0.94 seconds, remaining time: 6.69 minutes
Epoch #573: train loss = 0.347372, val loss = 0.022961, total loss = 0.185166, Epoch time: 0.94 seconds, remaining time: 6.68 minutes
Epoch #574: train loss = 0.362621, val loss = 0.016644, total loss = 0.189632, Epoch time: 0.94 seconds, remaining time: 6.66 minutes
Epoch #575: train loss = 0.396862, val loss = 0.026622, total loss = 0.211742, Epoch time: 0.94 seconds, remaining time: 6.64 minutes
Epoch #576: train loss = 0.426516, val loss = 0.043827, total loss = 0.235172, Epoch time: 0.94 seconds, remaining time: 6.63 minutes
Epoch #577: train loss = 0.462985, val loss = 0.025566, total loss = 0.244276, Epoch time: 0.94 seconds, remaining time: 6.61 minutes
Epoch #578: train loss = 0.481529, val loss = 0.049357, total loss = 0.265443, Epoch time: 0.94 seconds, remaining time: 6.60 minutes
Epoch #579: train loss = 0.423545, val loss = 0.024698, total loss = 0.224122, Epoch time: 0.94 seconds, remaining time: 6.58 minutes
Epoch #580: train loss = 0.463918, val loss = 0.035642, total loss = 0.249780, Epoch time: 0.94 seconds, remaining time: 6.57 minutes
Epoch #581: train loss = 0.473512, val loss = 0.029437, total loss = 0.251475, Epoch time: 0.94 seconds, remaining time: 6.55 minutes
Epoch #582: train loss = 0.376971, val loss = 0.021659, total loss = 0.199315, Epoch time: 0.94 seconds, remaining time: 6.53 minutes
Epoch #583: train loss = 0.422920, val loss = 0.026230, total loss = 0.224575, Epoch time: 0.94 seconds, remaining time: 6.52 minutes
Epoch #584: train loss = 0.377412, val loss = 0.030284, total loss = 0.203848, Epoch time: 0.94 seconds, remaining time: 6.50 minutes
Epoch #585: train loss = 0.461254, val loss = 0.027315, total loss = 0.244285, Epoch time: 0.94 seconds, remaining time: 6.49 minutes
Epoch #586: train loss = 0.439051, val loss = 0.027667, total loss = 0.233359, Epoch time: 0.94 seconds, remaining time: 6.47 minutes
Epoch #587: train loss = 0.446857, val loss = 0.019992, total loss = 0.233425, Epoch time: 0.94 seconds, remaining time: 6.46 minutes
Epoch #588: train loss = 0.348702, val loss = 0.019573, total loss = 0.184137, Epoch time: 0.94 seconds, remaining time: 6.44 minutes
Epoch #589: train loss = 0.527392, val loss = 0.043923, total loss = 0.285658, Epoch time: 0.94 seconds, remaining time: 6.43 minutes
Epoch #590: train loss = 0.463051, val loss = 0.052929, total loss = 0.257990, Epoch time: 0.94 seconds, remaining time: 6.41 minutes
Epoch #591: train loss = 0.413016, val loss = 0.015121, total loss = 0.214068, Epoch time: 0.94 seconds, remaining time: 6.40 minutes
Epoch #592: train loss = 0.337360, val loss = 0.031782, total loss = 0.184571, Epoch time: 0.94 seconds, remaining time: 6.38 minutes
Epoch #593: train loss = 0.368768, val loss = 0.021030, total loss = 0.194899, Epoch time: 0.94 seconds, remaining time: 6.36 minutes
Epoch #594: train loss = 0.539225, val loss = 0.048079, total loss = 0.293652, Epoch time: 0.94 seconds, remaining time: 6.35 minutes
Epoch #595: train loss = 0.480557, val loss = 0.027104, total loss = 0.253831, Epoch time: 0.94 seconds, remaining time: 6.33 minutes
Epoch #596: train loss = 0.443433, val loss = 0.025274, total loss = 0.234353, Epoch time: 0.94 seconds, remaining time: 6.32 minutes
Epoch #597: train loss = 0.464373, val loss = 0.032874, total loss = 0.248623, Epoch time: 0.94 seconds, remaining time: 6.30 minutes
Epoch #598: train loss = 0.502262, val loss = 0.031542, total loss = 0.266902, Epoch time: 0.94 seconds, remaining time: 6.28 minutes
Epoch #599: train loss = 0.369277, val loss = 0.025948, total loss = 0.197613, Epoch time: 0.94 seconds, remaining time: 6.27 minutes
Epoch #600: train loss = 0.424618, val loss = 0.034290, total loss = 0.229454, Epoch time: 0.94 seconds, remaining time: 6.25 minutes
Epoch #601: train loss = 0.457869, val loss = 0.031190, total loss = 0.244529, Epoch time: 0.94 seconds, remaining time: 6.24 minutes
Epoch #602: train loss = 0.449364, val loss = 0.029529, total loss = 0.239446, Epoch time: 0.94 seconds, remaining time: 6.22 minutes
Epoch #603: train loss = 0.365213, val loss = 0.020042, total loss = 0.192628, Epoch time: 0.94 seconds, remaining time: 6.21 minutes
Epoch #604: train loss = 0.386082, val loss = 0.027253, total loss = 0.206667, Epoch time: 0.94 seconds, remaining time: 6.19 minutes
Epoch #605: train loss = 0.518294, val loss = 0.022014, total loss = 0.270154, Epoch time: 0.94 seconds, remaining time: 6.17 minutes
Epoch #606: train loss = 0.396680, val loss = 0.035286, total loss = 0.215983, Epoch time: 0.94 seconds, remaining time: 6.16 minutes
Epoch #607: train loss = 0.408463, val loss = 0.022846, total loss = 0.215654, Epoch time: 0.94 seconds, remaining time: 6.14 minutes
Epoch #608: train loss = 0.471279, val loss = 0.032204, total loss = 0.251742, Epoch time: 0.94 seconds, remaining time: 6.13 minutes
Epoch #609: train loss = 0.509753, val loss = 0.029182, total loss = 0.269467, Epoch time: 0.94 seconds, remaining time: 6.11 minutes
Epoch #610: train loss = 0.481710, val loss = 0.048880, total loss = 0.265295, Epoch time: 0.94 seconds, remaining time: 6.10 minutes
Epoch #611: train loss = 0.416729, val loss = 0.027692, total loss = 0.222210, Epoch time: 0.94 seconds, remaining time: 6.08 minutes
Epoch #612: train loss = 0.448962, val loss = 0.035813, total loss = 0.242388, Epoch time: 0.94 seconds, remaining time: 6.07 minutes
Epoch #613: train loss = 0.363556, val loss = 0.030203, total loss = 0.196880, Epoch time: 0.94 seconds, remaining time: 6.05 minutes
Epoch #614: train loss = 0.318255, val loss = 0.022545, total loss = 0.170400, Epoch time: 0.94 seconds, remaining time: 6.04 minutes
Epoch #615: train loss = 0.523376, val loss = 0.040264, total loss = 0.281820, Epoch time: 0.94 seconds, remaining time: 6.02 minutes
Epoch #616: train loss = 0.485965, val loss = 0.037526, total loss = 0.261746, Epoch time: 0.94 seconds, remaining time: 6.01 minutes
Epoch #617: train loss = 0.408240, val loss = 0.030060, total loss = 0.219150, Epoch time: 0.94 seconds, remaining time: 5.99 minutes
Epoch #618: train loss = 0.456924, val loss = 0.033888, total loss = 0.245406, Epoch time: 0.94 seconds, remaining time: 5.97 minutes
Epoch #619: train loss = 0.429623, val loss = 0.043752, total loss = 0.236688, Epoch time: 0.94 seconds, remaining time: 5.96 minutes
Epoch #620: train loss = 0.393660, val loss = 0.034739, total loss = 0.214200, Epoch time: 0.94 seconds, remaining time: 5.94 minutes
Epoch #621: train loss = 0.375921, val loss = 0.032976, total loss = 0.204449, Epoch time: 0.94 seconds, remaining time: 5.93 minutes
Epoch #622: train loss = 0.381227, val loss = 0.028005, total loss = 0.204616, Epoch time: 0.94 seconds, remaining time: 5.91 minutes
Epoch #623: train loss = 0.342230, val loss = 0.021964, total loss = 0.182097, Epoch time: 0.94 seconds, remaining time: 5.89 minutes
Epoch #624: train loss = 0.391327, val loss = 0.029051, total loss = 0.210189, Epoch time: 0.94 seconds, remaining time: 5.88 minutes
Epoch #625: train loss = 0.372615, val loss = 0.036061, total loss = 0.204338, Epoch time: 0.94 seconds, remaining time: 5.87 minutes
Epoch #626: train loss = 0.391744, val loss = 0.034372, total loss = 0.213058, Epoch time: 0.94 seconds, remaining time: 5.85 minutes
Epoch #627: train loss = 0.346970, val loss = 0.033579, total loss = 0.190274, Epoch time: 0.94 seconds, remaining time: 5.84 minutes
Epoch #628: train loss = 0.368002, val loss = 0.026514, total loss = 0.197258, Epoch time: 0.94 seconds, remaining time: 5.82 minutes
Epoch #629: train loss = 0.333911, val loss = 0.042148, total loss = 0.188030, Epoch time: 0.94 seconds, remaining time: 5.81 minutes
Epoch #630: train loss = 0.353117, val loss = 0.027517, total loss = 0.190317, Epoch time: 0.94 seconds, remaining time: 5.79 minutes
Epoch #631: train loss = 0.332001, val loss = 0.023199, total loss = 0.177600, Epoch time: 0.94 seconds, remaining time: 5.78 minutes
Epoch #632: train loss = 0.295296, val loss = 0.020912, total loss = 0.158104, Epoch time: 0.94 seconds, remaining time: 5.76 minutes
Epoch #633: train loss = 0.390796, val loss = 0.036129, total loss = 0.213463, Epoch time: 0.94 seconds, remaining time: 5.75 minutes
Epoch #634: train loss = 0.439459, val loss = 0.041936, total loss = 0.240698, Epoch time: 0.94 seconds, remaining time: 5.73 minutes
Epoch #635: train loss = 0.378604, val loss = 0.022182, total loss = 0.200393, Epoch time: 0.94 seconds, remaining time: 5.72 minutes
Epoch #636: train loss = 0.326810, val loss = 0.031867, total loss = 0.179339, Epoch time: 0.94 seconds, remaining time: 5.70 minutes
Epoch #637: train loss = 0.331530, val loss = 0.033728, total loss = 0.182629, Epoch time: 0.94 seconds, remaining time: 5.69 minutes
Epoch #638: train loss = 0.366920, val loss = 0.035534, total loss = 0.201227, Epoch time: 0.94 seconds, remaining time: 5.67 minutes
Epoch #639: train loss = 0.345778, val loss = 0.023928, total loss = 0.184853, Epoch time: 0.94 seconds, remaining time: 5.65 minutes
Epoch #640: train loss = 0.382772, val loss = 0.040370, total loss = 0.211571, Epoch time: 0.94 seconds, remaining time: 5.64 minutes
Epoch #641: train loss = 0.347192, val loss = 0.028092, total loss = 0.187642, Epoch time: 0.94 seconds, remaining time: 5.62 minutes
Epoch #642: train loss = 0.400655, val loss = 0.028749, total loss = 0.214702, Epoch time: 0.94 seconds, remaining time: 5.61 minutes
Epoch #643: train loss = 0.397799, val loss = 0.042319, total loss = 0.220059, Epoch time: 0.94 seconds, remaining time: 5.59 minutes
Epoch #644: train loss = 0.363026, val loss = 0.035190, total loss = 0.199108, Epoch time: 0.94 seconds, remaining time: 5.58 minutes
Epoch #645: train loss = 0.462869, val loss = 0.030220, total loss = 0.246545, Epoch time: 0.94 seconds, remaining time: 5.56 minutes
Epoch #646: train loss = 0.416373, val loss = 0.021346, total loss = 0.218860, Epoch time: 0.94 seconds, remaining time: 5.54 minutes
Epoch #647: train loss = 0.431896, val loss = 0.037764, total loss = 0.234830, Epoch time: 0.94 seconds, remaining time: 5.53 minutes
Epoch #648: train loss = 0.349962, val loss = 0.021118, total loss = 0.185540, Epoch time: 0.94 seconds, remaining time: 5.51 minutes
Epoch #649: train loss = 0.338899, val loss = 0.021315, total loss = 0.180107, Epoch time: 0.94 seconds, remaining time: 5.50 minutes
Epoch #650: train loss = 0.359758, val loss = 0.029150, total loss = 0.194454, Epoch time: 0.94 seconds, remaining time: 5.48 minutes
Epoch #651: train loss = 0.350446, val loss = 0.028009, total loss = 0.189228, Epoch time: 0.94 seconds, remaining time: 5.46 minutes
Epoch #652: train loss = 0.338273, val loss = 0.022315, total loss = 0.180294, Epoch time: 0.94 seconds, remaining time: 5.45 minutes
Epoch #653: train loss = 0.339658, val loss = 0.028896, total loss = 0.184277, Epoch time: 0.94 seconds, remaining time: 5.43 minutes
Epoch #654: train loss = 0.381796, val loss = 0.027383, total loss = 0.204589, Epoch time: 0.94 seconds, remaining time: 5.42 minutes
Epoch #655: train loss = 0.475927, val loss = 0.048975, total loss = 0.262451, Epoch time: 0.94 seconds, remaining time: 5.40 minutes
Epoch #656: train loss = 0.372347, val loss = 0.020695, total loss = 0.196521, Epoch time: 0.94 seconds, remaining time: 5.39 minutes
Epoch #657: train loss = 0.441314, val loss = 0.025415, total loss = 0.233365, Epoch time: 0.94 seconds, remaining time: 5.37 minutes
Epoch #658: train loss = 0.396022, val loss = 0.025500, total loss = 0.210761, Epoch time: 0.94 seconds, remaining time: 5.35 minutes
Epoch #659: train loss = 0.383159, val loss = 0.028928, total loss = 0.206044, Epoch time: 0.94 seconds, remaining time: 5.34 minutes
Epoch #660: train loss = 0.392995, val loss = 0.025213, total loss = 0.209104, Epoch time: 0.94 seconds, remaining time: 5.32 minutes
Epoch #661: train loss = 0.330551, val loss = 0.022649, total loss = 0.176600, Epoch time: 0.94 seconds, remaining time: 5.31 minutes
Epoch #662: train loss = 0.411179, val loss = 0.020483, total loss = 0.215831, Epoch time: 0.94 seconds, remaining time: 5.29 minutes
Epoch #663: train loss = 0.324841, val loss = 0.036068, total loss = 0.180454, Epoch time: 0.94 seconds, remaining time: 5.27 minutes
Epoch #664: train loss = 0.364092, val loss = 0.031477, total loss = 0.197785, Epoch time: 0.94 seconds, remaining time: 5.26 minutes
Epoch #665: train loss = 0.425802, val loss = 0.033311, total loss = 0.229557, Epoch time: 0.94 seconds, remaining time: 5.24 minutes
Epoch #666: train loss = 0.415109, val loss = 0.028290, total loss = 0.221700, Epoch time: 0.94 seconds, remaining time: 5.23 minutes
Epoch #667: train loss = 0.441210, val loss = 0.024478, total loss = 0.232844, Epoch time: 0.94 seconds, remaining time: 5.21 minutes
Epoch #668: train loss = 0.444039, val loss = 0.021387, total loss = 0.232713, Epoch time: 0.94 seconds, remaining time: 5.20 minutes
Epoch #669: train loss = 0.465142, val loss = 0.032647, total loss = 0.248895, Epoch time: 0.94 seconds, remaining time: 5.18 minutes
Epoch #670: train loss = 0.469953, val loss = 0.039453, total loss = 0.254703, Epoch time: 0.94 seconds, remaining time: 5.17 minutes
Epoch #671: train loss = 0.397747, val loss = 0.027182, total loss = 0.212464, Epoch time: 0.94 seconds, remaining time: 5.15 minutes
Epoch #672: train loss = 0.340399, val loss = 0.035981, total loss = 0.188190, Epoch time: 0.94 seconds, remaining time: 5.13 minutes
Epoch #673: train loss = 0.287371, val loss = 0.030284, total loss = 0.158828, Epoch time: 0.94 seconds, remaining time: 5.12 minutes
Epoch #674: train loss = 0.356350, val loss = 0.030048, total loss = 0.193199, Epoch time: 0.94 seconds, remaining time: 5.10 minutes
Epoch #675: train loss = 0.343622, val loss = 0.042745, total loss = 0.193183, Epoch time: 0.94 seconds, remaining time: 5.09 minutes
Epoch #676: train loss = 0.302249, val loss = 0.026915, total loss = 0.164582, Epoch time: 0.94 seconds, remaining time: 5.07 minutes
Epoch #677: train loss = 0.524987, val loss = 0.038973, total loss = 0.281980, Epoch time: 0.94 seconds, remaining time: 5.05 minutes
Epoch #678: train loss = 0.378355, val loss = 0.039806, total loss = 0.209080, Epoch time: 0.94 seconds, remaining time: 5.04 minutes
Epoch #679: train loss = 0.405972, val loss = 0.019087, total loss = 0.212530, Epoch time: 0.94 seconds, remaining time: 5.02 minutes
Epoch #680: train loss = 0.393754, val loss = 0.024560, total loss = 0.209157, Epoch time: 0.94 seconds, remaining time: 5.01 minutes
Epoch #681: train loss = 0.353989, val loss = 0.022103, total loss = 0.188046, Epoch time: 0.94 seconds, remaining time: 4.99 minutes
Epoch #682: train loss = 0.460527, val loss = 0.027202, total loss = 0.243864, Epoch time: 0.94 seconds, remaining time: 4.98 minutes
Epoch #683: train loss = 0.377133, val loss = 0.028291, total loss = 0.202712, Epoch time: 0.94 seconds, remaining time: 4.96 minutes
Epoch #684: train loss = 0.440839, val loss = 0.036778, total loss = 0.238809, Epoch time: 0.94 seconds, remaining time: 4.95 minutes
Epoch #685: train loss = 0.450577, val loss = 0.033392, total loss = 0.241984, Epoch time: 0.94 seconds, remaining time: 4.93 minutes
Epoch #686: train loss = 0.431355, val loss = 0.024064, total loss = 0.227709, Epoch time: 0.94 seconds, remaining time: 4.91 minutes
Epoch #687: train loss = 0.571643, val loss = 0.048554, total loss = 0.310098, Epoch time: 0.94 seconds, remaining time: 4.90 minutes
Epoch #688: train loss = 0.447336, val loss = 0.030578, total loss = 0.238957, Epoch time: 0.94 seconds, remaining time: 4.88 minutes
Epoch #689: train loss = 0.399853, val loss = 0.027694, total loss = 0.213773, Epoch time: 0.94 seconds, remaining time: 4.87 minutes
Epoch #690: train loss = 0.448868, val loss = 0.031714, total loss = 0.240291, Epoch time: 0.94 seconds, remaining time: 4.85 minutes
Epoch #691: train loss = 0.415105, val loss = 0.024330, total loss = 0.219717, Epoch time: 0.94 seconds, remaining time: 4.84 minutes
Epoch #692: train loss = 0.431701, val loss = 0.022818, total loss = 0.227259, Epoch time: 0.94 seconds, remaining time: 4.82 minutes
Epoch #693: train loss = 0.395802, val loss = 0.027783, total loss = 0.211792, Epoch time: 0.94 seconds, remaining time: 4.81 minutes
Epoch #694: train loss = 0.447473, val loss = 0.032735, total loss = 0.240104, Epoch time: 0.94 seconds, remaining time: 4.79 minutes
Epoch #695: train loss = 0.364011, val loss = 0.033153, total loss = 0.198582, Epoch time: 0.94 seconds, remaining time: 4.77 minutes
Epoch #696: train loss = 0.334891, val loss = 0.022207, total loss = 0.178549, Epoch time: 0.94 seconds, remaining time: 4.76 minutes
Epoch #697: train loss = 0.284877, val loss = 0.034250, total loss = 0.159564, Epoch time: 0.94 seconds, remaining time: 4.74 minutes
Epoch #698: train loss = 0.459348, val loss = 0.031085, total loss = 0.245216, Epoch time: 0.94 seconds, remaining time: 4.73 minutes
Epoch #699: train loss = 0.506498, val loss = 0.041249, total loss = 0.273873, Epoch time: 0.94 seconds, remaining time: 4.71 minutes
Epoch #700: train loss = 0.403068, val loss = 0.020652, total loss = 0.211860, Epoch time: 0.94 seconds, remaining time: 4.69 minutes
Epoch #701: train loss = 0.290881, val loss = 0.023494, total loss = 0.157188, Epoch time: 0.94 seconds, remaining time: 4.68 minutes
Epoch #702: train loss = 0.390569, val loss = 0.020368, total loss = 0.205469, Epoch time: 0.94 seconds, remaining time: 4.66 minutes
Epoch #703: train loss = 0.399449, val loss = 0.027205, total loss = 0.213327, Epoch time: 0.94 seconds, remaining time: 4.65 minutes
Epoch #704: train loss = 0.386364, val loss = 0.024176, total loss = 0.205270, Epoch time: 0.94 seconds, remaining time: 4.63 minutes
Epoch #705: train loss = 0.515403, val loss = 0.030535, total loss = 0.272969, Epoch time: 0.94 seconds, remaining time: 4.61 minutes
Epoch #706: train loss = 0.400832, val loss = 0.024599, total loss = 0.212716, Epoch time: 0.94 seconds, remaining time: 4.60 minutes
Epoch #707: train loss = 0.413756, val loss = 0.023201, total loss = 0.218479, Epoch time: 0.94 seconds, remaining time: 4.58 minutes
Epoch #708: train loss = 0.490498, val loss = 0.025779, total loss = 0.258138, Epoch time: 0.94 seconds, remaining time: 4.57 minutes
Epoch #709: train loss = 0.386277, val loss = 0.028570, total loss = 0.207423, Epoch time: 0.94 seconds, remaining time: 4.55 minutes
Epoch #710: train loss = 0.367697, val loss = 0.028086, total loss = 0.197892, Epoch time: 0.94 seconds, remaining time: 4.54 minutes
Epoch #711: train loss = 0.400218, val loss = 0.023068, total loss = 0.211643, Epoch time: 0.94 seconds, remaining time: 4.52 minutes
Epoch #712: train loss = 0.400187, val loss = 0.035993, total loss = 0.218090, Epoch time: 0.94 seconds, remaining time: 4.50 minutes
Epoch #713: train loss = 0.369114, val loss = 0.029986, total loss = 0.199550, Epoch time: 0.94 seconds, remaining time: 4.49 minutes
Epoch #714: train loss = 0.334442, val loss = 0.030554, total loss = 0.182498, Epoch time: 0.94 seconds, remaining time: 4.47 minutes
Epoch #715: train loss = 0.420570, val loss = 0.031429, total loss = 0.226000, Epoch time: 0.94 seconds, remaining time: 4.46 minutes
Epoch #716: train loss = 0.328200, val loss = 0.026143, total loss = 0.177172, Epoch time: 0.94 seconds, remaining time: 4.44 minutes
Epoch #717: train loss = 0.356543, val loss = 0.021452, total loss = 0.188998, Epoch time: 0.94 seconds, remaining time: 4.43 minutes
Epoch #718: train loss = 0.358967, val loss = 0.031007, total loss = 0.194987, Epoch time: 0.94 seconds, remaining time: 4.41 minutes
Epoch #719: train loss = 0.383022, val loss = 0.016074, total loss = 0.199548, Epoch time: 0.94 seconds, remaining time: 4.40 minutes
Epoch #720: train loss = 0.318675, val loss = 0.022569, total loss = 0.170622, Epoch time: 0.94 seconds, remaining time: 4.38 minutes
Epoch #721: train loss = 0.409040, val loss = 0.021878, total loss = 0.215459, Epoch time: 0.94 seconds, remaining time: 4.37 minutes
Epoch #722: train loss = 0.396050, val loss = 0.022161, total loss = 0.209105, Epoch time: 0.94 seconds, remaining time: 4.35 minutes
Epoch #723: train loss = 0.273701, val loss = 0.033043, total loss = 0.153372, Epoch time: 0.94 seconds, remaining time: 4.33 minutes
Epoch #724: train loss = 0.336152, val loss = 0.030235, total loss = 0.183194, Epoch time: 0.94 seconds, remaining time: 4.32 minutes
Epoch #725: train loss = 0.328585, val loss = 0.015274, total loss = 0.171929, Epoch time: 0.94 seconds, remaining time: 4.30 minutes
Epoch #726: train loss = 0.355044, val loss = 0.028002, total loss = 0.191523, Epoch time: 0.94 seconds, remaining time: 4.29 minutes
Epoch #727: train loss = 0.333761, val loss = 0.030994, total loss = 0.182378, Epoch time: 0.94 seconds, remaining time: 4.27 minutes
Epoch #728: train loss = 0.384204, val loss = 0.028400, total loss = 0.206302, Epoch time: 0.94 seconds, remaining time: 4.25 minutes
Epoch #729: train loss = 0.529516, val loss = 0.030280, total loss = 0.279898, Epoch time: 0.94 seconds, remaining time: 4.24 minutes
Epoch #730: train loss = 0.345383, val loss = 0.036711, total loss = 0.191047, Epoch time: 0.94 seconds, remaining time: 4.22 minutes
Epoch #731: train loss = 0.396347, val loss = 0.024843, total loss = 0.210595, Epoch time: 0.94 seconds, remaining time: 4.21 minutes
Epoch #732: train loss = 0.391330, val loss = 0.035636, total loss = 0.213483, Epoch time: 0.94 seconds, remaining time: 4.19 minutes
Epoch #733: train loss = 0.372052, val loss = 0.039194, total loss = 0.205623, Epoch time: 0.94 seconds, remaining time: 4.17 minutes
Epoch #734: train loss = 0.434339, val loss = 0.036060, total loss = 0.235200, Epoch time: 0.94 seconds, remaining time: 4.16 minutes
Epoch #735: train loss = 0.444481, val loss = 0.026513, total loss = 0.235497, Epoch time: 0.94 seconds, remaining time: 4.14 minutes
Epoch #736: train loss = 0.392671, val loss = 0.026006, total loss = 0.209338, Epoch time: 0.94 seconds, remaining time: 4.13 minutes
Epoch #737: train loss = 0.401432, val loss = 0.033828, total loss = 0.217630, Epoch time: 0.94 seconds, remaining time: 4.11 minutes
Epoch #738: train loss = 0.310539, val loss = 0.029221, total loss = 0.169880, Epoch time: 0.94 seconds, remaining time: 4.10 minutes
Epoch #739: train loss = 0.405251, val loss = 0.025249, total loss = 0.215250, Epoch time: 0.94 seconds, remaining time: 4.08 minutes
Epoch #740: train loss = 0.403913, val loss = 0.039940, total loss = 0.221927, Epoch time: 0.94 seconds, remaining time: 4.06 minutes
Epoch #741: train loss = 0.344413, val loss = 0.025129, total loss = 0.184771, Epoch time: 0.94 seconds, remaining time: 4.05 minutes
Epoch #742: train loss = 0.436503, val loss = 0.033575, total loss = 0.235039, Epoch time: 0.94 seconds, remaining time: 4.03 minutes
Epoch #743: train loss = 0.451870, val loss = 0.027281, total loss = 0.239575, Epoch time: 0.94 seconds, remaining time: 4.02 minutes
Epoch #744: train loss = 0.399408, val loss = 0.027445, total loss = 0.213426, Epoch time: 0.94 seconds, remaining time: 4.00 minutes
Epoch #745: train loss = 0.396437, val loss = 0.033439, total loss = 0.214938, Epoch time: 0.94 seconds, remaining time: 3.99 minutes
Epoch #746: train loss = 0.465686, val loss = 0.034007, total loss = 0.249846, Epoch time: 0.94 seconds, remaining time: 3.97 minutes
Epoch #747: train loss = 0.419332, val loss = 0.029163, total loss = 0.224248, Epoch time: 0.94 seconds, remaining time: 3.95 minutes
Epoch #748: train loss = 0.372149, val loss = 0.026299, total loss = 0.199224, Epoch time: 0.94 seconds, remaining time: 3.94 minutes
Epoch #749: train loss = 0.586340, val loss = 0.029263, total loss = 0.307801, Epoch time: 0.94 seconds, remaining time: 3.92 minutes
Epoch #750: train loss = 0.433550, val loss = 0.030208, total loss = 0.231879, Epoch time: 0.94 seconds, remaining time: 3.91 minutes
Epoch #751: train loss = 0.408288, val loss = 0.029977, total loss = 0.219132, Epoch time: 0.94 seconds, remaining time: 3.89 minutes
Epoch #752: train loss = 0.420465, val loss = 0.031678, total loss = 0.226071, Epoch time: 0.94 seconds, remaining time: 3.87 minutes
Epoch #753: train loss = 0.305285, val loss = 0.019550, total loss = 0.162418, Epoch time: 0.94 seconds, remaining time: 3.86 minutes
Epoch #754: train loss = 0.376004, val loss = 0.028318, total loss = 0.202161, Epoch time: 0.94 seconds, remaining time: 3.84 minutes
Epoch #755: train loss = 0.341915, val loss = 0.023341, total loss = 0.182628, Epoch time: 0.94 seconds, remaining time: 3.83 minutes
Epoch #756: train loss = 0.373428, val loss = 0.023505, total loss = 0.198466, Epoch time: 0.94 seconds, remaining time: 3.81 minutes
Epoch #757: train loss = 0.323631, val loss = 0.030241, total loss = 0.176936, Epoch time: 0.94 seconds, remaining time: 3.80 minutes
Epoch #758: train loss = 0.381420, val loss = 0.023989, total loss = 0.202704, Epoch time: 0.94 seconds, remaining time: 3.78 minutes
Epoch #759: train loss = 0.430278, val loss = 0.028402, total loss = 0.229340, Epoch time: 0.94 seconds, remaining time: 3.76 minutes
Epoch #760: train loss = 0.444130, val loss = 0.021550, total loss = 0.232840, Epoch time: 0.94 seconds, remaining time: 3.75 minutes
Epoch #761: train loss = 0.326519, val loss = 0.029256, total loss = 0.177888, Epoch time: 0.94 seconds, remaining time: 3.73 minutes
Epoch #762: train loss = 0.459428, val loss = 0.051679, total loss = 0.255553, Epoch time: 0.94 seconds, remaining time: 3.72 minutes
Epoch #763: train loss = 0.387172, val loss = 0.020984, total loss = 0.204078, Epoch time: 0.94 seconds, remaining time: 3.70 minutes
Epoch #764: train loss = 0.359945, val loss = 0.024097, total loss = 0.192021, Epoch time: 0.94 seconds, remaining time: 3.69 minutes
Epoch #765: train loss = 0.357111, val loss = 0.021017, total loss = 0.189064, Epoch time: 0.94 seconds, remaining time: 3.67 minutes
Epoch #766: train loss = 0.314142, val loss = 0.023953, total loss = 0.169047, Epoch time: 0.94 seconds, remaining time: 3.65 minutes
Epoch #767: train loss = 0.384566, val loss = 0.040887, total loss = 0.212726, Epoch time: 0.94 seconds, remaining time: 3.64 minutes
Epoch #768: train loss = 0.289341, val loss = 0.019635, total loss = 0.154488, Epoch time: 0.94 seconds, remaining time: 3.62 minutes
Epoch #769: train loss = 0.343449, val loss = 0.027073, total loss = 0.185261, Epoch time: 0.94 seconds, remaining time: 3.61 minutes
Epoch #770: train loss = 0.391936, val loss = 0.039153, total loss = 0.215545, Epoch time: 0.94 seconds, remaining time: 3.59 minutes
Epoch #771: train loss = 0.443347, val loss = 0.044130, total loss = 0.243738, Epoch time: 0.94 seconds, remaining time: 3.58 minutes
Epoch #772: train loss = 0.359590, val loss = 0.015062, total loss = 0.187326, Epoch time: 0.94 seconds, remaining time: 3.56 minutes
Epoch #773: train loss = 0.408774, val loss = 0.035433, total loss = 0.222103, Epoch time: 0.94 seconds, remaining time: 3.55 minutes
Epoch #774: train loss = 0.334350, val loss = 0.027826, total loss = 0.181088, Epoch time: 0.94 seconds, remaining time: 3.53 minutes
Epoch #775: train loss = 0.398299, val loss = 0.022974, total loss = 0.210637, Epoch time: 0.94 seconds, remaining time: 3.51 minutes
Epoch #776: train loss = 0.455739, val loss = 0.034522, total loss = 0.245131, Epoch time: 0.94 seconds, remaining time: 3.50 minutes
Epoch #777: train loss = 0.439336, val loss = 0.031241, total loss = 0.235288, Epoch time: 0.94 seconds, remaining time: 3.48 minutes
Epoch #778: train loss = 0.358117, val loss = 0.023074, total loss = 0.190595, Epoch time: 0.94 seconds, remaining time: 3.47 minutes
Epoch #779: train loss = 0.354236, val loss = 0.024651, total loss = 0.189443, Epoch time: 0.94 seconds, remaining time: 3.45 minutes
Epoch #780: train loss = 0.289197, val loss = 0.026416, total loss = 0.157807, Epoch time: 0.94 seconds, remaining time: 3.44 minutes
Epoch #781: train loss = 0.286528, val loss = 0.029873, total loss = 0.158201, Epoch time: 0.94 seconds, remaining time: 3.42 minutes
Epoch #782: train loss = 0.364245, val loss = 0.025883, total loss = 0.195064, Epoch time: 0.94 seconds, remaining time: 3.40 minutes
Epoch #783: train loss = 0.409343, val loss = 0.026177, total loss = 0.217760, Epoch time: 0.94 seconds, remaining time: 3.39 minutes
Epoch #784: train loss = 0.424568, val loss = 0.030064, total loss = 0.227316, Epoch time: 0.94 seconds, remaining time: 3.37 minutes
Epoch #785: train loss = 0.388218, val loss = 0.027786, total loss = 0.208002, Epoch time: 0.94 seconds, remaining time: 3.36 minutes
Epoch #786: train loss = 0.279867, val loss = 0.023740, total loss = 0.151803, Epoch time: 0.94 seconds, remaining time: 3.34 minutes
Epoch #787: train loss = 0.298178, val loss = 0.024151, total loss = 0.161164, Epoch time: 0.94 seconds, remaining time: 3.32 minutes
Epoch #788: train loss = 0.342807, val loss = 0.047316, total loss = 0.195062, Epoch time: 0.94 seconds, remaining time: 3.31 minutes
Epoch #789: train loss = 0.399898, val loss = 0.029342, total loss = 0.214620, Epoch time: 0.94 seconds, remaining time: 3.29 minutes
Epoch #790: train loss = 0.397792, val loss = 0.033914, total loss = 0.215853, Epoch time: 0.94 seconds, remaining time: 3.28 minutes
Epoch #791: train loss = 0.277201, val loss = 0.035772, total loss = 0.156486, Epoch time: 0.94 seconds, remaining time: 3.26 minutes
Epoch #792: train loss = 0.558161, val loss = 0.036637, total loss = 0.297399, Epoch time: 0.94 seconds, remaining time: 3.25 minutes
Epoch #793: train loss = 0.472678, val loss = 0.024215, total loss = 0.248446, Epoch time: 0.94 seconds, remaining time: 3.23 minutes
Epoch #794: train loss = 0.305208, val loss = 0.021326, total loss = 0.163267, Epoch time: 0.94 seconds, remaining time: 3.22 minutes
Epoch #795: train loss = 0.355958, val loss = 0.022708, total loss = 0.189333, Epoch time: 0.94 seconds, remaining time: 3.20 minutes
Epoch #796: train loss = 0.368863, val loss = 0.018693, total loss = 0.193778, Epoch time: 0.94 seconds, remaining time: 3.18 minutes
Epoch #797: train loss = 0.391346, val loss = 0.032746, total loss = 0.212046, Epoch time: 0.94 seconds, remaining time: 3.17 minutes
Epoch #798: train loss = 0.444987, val loss = 0.020240, total loss = 0.232613, Epoch time: 0.94 seconds, remaining time: 3.15 minutes
Epoch #799: train loss = 0.372291, val loss = 0.026727, total loss = 0.199509, Epoch time: 0.94 seconds, remaining time: 3.14 minutes
Epoch #800: train loss = 0.359041, val loss = 0.028911, total loss = 0.193976, Epoch time: 0.94 seconds, remaining time: 3.12 minutes
Epoch #801: train loss = 0.325250, val loss = 0.027059, total loss = 0.176155, Epoch time: 0.94 seconds, remaining time: 3.11 minutes
Epoch #802: train loss = 0.360368, val loss = 0.032237, total loss = 0.196303, Epoch time: 0.94 seconds, remaining time: 3.09 minutes
Epoch #803: train loss = 0.304769, val loss = 0.021066, total loss = 0.162918, Epoch time: 0.94 seconds, remaining time: 3.07 minutes
Epoch #804: train loss = 0.281550, val loss = 0.028323, total loss = 0.154937, Epoch time: 0.94 seconds, remaining time: 3.06 minutes
Epoch #805: train loss = 0.344955, val loss = 0.012166, total loss = 0.178560, Epoch time: 0.94 seconds, remaining time: 3.04 minutes
Epoch #806: train loss = 0.311177, val loss = 0.024055, total loss = 0.167616, Epoch time: 0.94 seconds, remaining time: 3.03 minutes
Epoch #807: train loss = 0.275407, val loss = 0.026596, total loss = 0.151001, Epoch time: 0.94 seconds, remaining time: 3.01 minutes
Epoch #808: train loss = 0.319814, val loss = 0.038321, total loss = 0.179068, Epoch time: 0.94 seconds, remaining time: 3.00 minutes
Epoch #809: train loss = 0.338243, val loss = 0.017100, total loss = 0.177671, Epoch time: 0.94 seconds, remaining time: 2.98 minutes
Epoch #810: train loss = 0.334043, val loss = 0.024854, total loss = 0.179449, Epoch time: 0.94 seconds, remaining time: 2.96 minutes
Epoch #811: train loss = 0.477591, val loss = 0.024327, total loss = 0.250959, Epoch time: 0.94 seconds, remaining time: 2.95 minutes
Epoch #812: train loss = 0.349421, val loss = 0.018598, total loss = 0.184009, Epoch time: 0.94 seconds, remaining time: 2.93 minutes
Epoch #813: train loss = 0.340638, val loss = 0.016788, total loss = 0.178713, Epoch time: 0.94 seconds, remaining time: 2.92 minutes
Epoch #814: train loss = 0.256085, val loss = 0.025852, total loss = 0.140968, Epoch time: 0.94 seconds, remaining time: 2.90 minutes
Epoch #815: train loss = 0.375765, val loss = 0.023450, total loss = 0.199607, Epoch time: 0.94 seconds, remaining time: 2.89 minutes
Epoch #816: train loss = 0.314736, val loss = 0.021591, total loss = 0.168164, Epoch time: 0.94 seconds, remaining time: 2.87 minutes
Epoch #817: train loss = 0.266619, val loss = 0.032449, total loss = 0.149534, Epoch time: 0.94 seconds, remaining time: 2.85 minutes
Epoch #818: train loss = 0.359770, val loss = 0.026495, total loss = 0.193132, Epoch time: 0.94 seconds, remaining time: 2.84 minutes
Epoch #819: train loss = 0.338902, val loss = 0.026279, total loss = 0.182590, Epoch time: 0.94 seconds, remaining time: 2.82 minutes
Epoch #820: train loss = 0.314279, val loss = 0.028204, total loss = 0.171241, Epoch time: 0.94 seconds, remaining time: 2.81 minutes
Epoch #821: train loss = 0.351083, val loss = 0.018995, total loss = 0.185039, Epoch time: 0.94 seconds, remaining time: 2.79 minutes
Epoch #822: train loss = 0.385453, val loss = 0.025966, total loss = 0.205710, Epoch time: 0.94 seconds, remaining time: 2.78 minutes
Epoch #823: train loss = 0.481052, val loss = 0.028402, total loss = 0.254727, Epoch time: 0.94 seconds, remaining time: 2.76 minutes
Epoch #824: train loss = 0.481683, val loss = 0.054828, total loss = 0.268256, Epoch time: 0.94 seconds, remaining time: 2.74 minutes
Epoch #825: train loss = 0.471655, val loss = 0.029658, total loss = 0.250657, Epoch time: 0.94 seconds, remaining time: 2.73 minutes
Epoch #826: train loss = 0.362174, val loss = 0.027816, total loss = 0.194995, Epoch time: 0.94 seconds, remaining time: 2.71 minutes
Epoch #827: train loss = 0.377716, val loss = 0.017667, total loss = 0.197692, Epoch time: 0.94 seconds, remaining time: 2.70 minutes
Epoch #828: train loss = 0.387073, val loss = 0.020057, total loss = 0.203565, Epoch time: 0.94 seconds, remaining time: 2.68 minutes
Epoch #829: train loss = 0.482805, val loss = 0.013574, total loss = 0.248189, Epoch time: 0.94 seconds, remaining time: 2.67 minutes
Epoch #830: train loss = 0.360405, val loss = 0.020401, total loss = 0.190403, Epoch time: 0.94 seconds, remaining time: 2.65 minutes
Epoch #831: train loss = 0.352754, val loss = 0.026125, total loss = 0.189439, Epoch time: 0.94 seconds, remaining time: 2.63 minutes
Epoch #832: train loss = 0.362380, val loss = 0.033661, total loss = 0.198020, Epoch time: 0.94 seconds, remaining time: 2.62 minutes
Epoch #833: train loss = 0.343775, val loss = 0.020475, total loss = 0.182125, Epoch time: 0.94 seconds, remaining time: 2.60 minutes
Epoch #834: train loss = 0.346644, val loss = 0.030097, total loss = 0.188370, Epoch time: 0.94 seconds, remaining time: 2.59 minutes
Epoch #835: train loss = 0.398336, val loss = 0.029031, total loss = 0.213684, Epoch time: 0.94 seconds, remaining time: 2.57 minutes
Epoch #836: train loss = 0.392307, val loss = 0.025707, total loss = 0.209007, Epoch time: 0.94 seconds, remaining time: 2.55 minutes
Epoch #837: train loss = 0.279287, val loss = 0.025369, total loss = 0.152328, Epoch time: 0.94 seconds, remaining time: 2.54 minutes
Epoch #838: train loss = 0.293488, val loss = 0.029467, total loss = 0.161478, Epoch time: 0.94 seconds, remaining time: 2.52 minutes
Epoch #839: train loss = 0.399222, val loss = 0.023069, total loss = 0.211146, Epoch time: 0.94 seconds, remaining time: 2.51 minutes
Epoch #840: train loss = 0.351324, val loss = 0.023553, total loss = 0.187439, Epoch time: 0.94 seconds, remaining time: 2.49 minutes
Epoch #841: train loss = 0.439918, val loss = 0.040668, total loss = 0.240293, Epoch time: 0.94 seconds, remaining time: 2.48 minutes
Epoch #842: train loss = 0.279605, val loss = 0.018469, total loss = 0.149037, Epoch time: 0.94 seconds, remaining time: 2.46 minutes
Epoch #843: train loss = 0.294819, val loss = 0.028255, total loss = 0.161537, Epoch time: 0.94 seconds, remaining time: 2.44 minutes
Epoch #844: train loss = 0.459904, val loss = 0.029299, total loss = 0.244602, Epoch time: 0.94 seconds, remaining time: 2.43 minutes
Epoch #845: train loss = 0.386111, val loss = 0.021469, total loss = 0.203790, Epoch time: 0.94 seconds, remaining time: 2.41 minutes
Epoch #846: train loss = 0.325907, val loss = 0.024769, total loss = 0.175338, Epoch time: 0.94 seconds, remaining time: 2.40 minutes
Epoch #847: train loss = 0.402348, val loss = 0.031046, total loss = 0.216697, Epoch time: 0.94 seconds, remaining time: 2.38 minutes
Epoch #848: train loss = 0.408524, val loss = 0.022349, total loss = 0.215437, Epoch time: 0.94 seconds, remaining time: 2.37 minutes
Epoch #849: train loss = 0.336074, val loss = 0.026303, total loss = 0.181188, Epoch time: 0.94 seconds, remaining time: 2.35 minutes
Epoch #850: train loss = 0.276247, val loss = 0.022896, total loss = 0.149571, Epoch time: 0.94 seconds, remaining time: 2.34 minutes
Epoch #851: train loss = 0.438052, val loss = 0.035757, total loss = 0.236905, Epoch time: 0.94 seconds, remaining time: 2.32 minutes
Epoch #852: train loss = 0.323662, val loss = 0.027790, total loss = 0.175726, Epoch time: 0.94 seconds, remaining time: 2.30 minutes
Epoch #853: train loss = 0.328130, val loss = 0.037716, total loss = 0.182923, Epoch time: 0.94 seconds, remaining time: 2.29 minutes
Epoch #854: train loss = 0.325473, val loss = 0.023570, total loss = 0.174522, Epoch time: 0.94 seconds, remaining time: 2.27 minutes
Epoch #855: train loss = 0.344378, val loss = 0.035222, total loss = 0.189800, Epoch time: 0.94 seconds, remaining time: 2.26 minutes
Epoch #856: train loss = 0.343674, val loss = 0.031039, total loss = 0.187356, Epoch time: 0.94 seconds, remaining time: 2.24 minutes
Epoch #857: train loss = 0.320062, val loss = 0.029308, total loss = 0.174685, Epoch time: 0.94 seconds, remaining time: 2.22 minutes
Epoch #858: train loss = 0.383896, val loss = 0.021030, total loss = 0.202463, Epoch time: 0.94 seconds, remaining time: 2.21 minutes
Epoch #859: train loss = 0.382415, val loss = 0.028365, total loss = 0.205390, Epoch time: 0.94 seconds, remaining time: 2.19 minutes
Epoch #860: train loss = 0.345808, val loss = 0.027519, total loss = 0.186663, Epoch time: 0.94 seconds, remaining time: 2.18 minutes
Epoch #861: train loss = 0.422264, val loss = 0.039200, total loss = 0.230732, Epoch time: 0.94 seconds, remaining time: 2.16 minutes
Epoch #862: train loss = 0.383530, val loss = 0.026972, total loss = 0.205251, Epoch time: 0.94 seconds, remaining time: 2.15 minutes
Epoch #863: train loss = 0.334139, val loss = 0.024193, total loss = 0.179166, Epoch time: 0.94 seconds, remaining time: 2.13 minutes
Epoch #864: train loss = 0.375875, val loss = 0.025768, total loss = 0.200822, Epoch time: 0.94 seconds, remaining time: 2.11 minutes
Epoch #865: train loss = 0.312182, val loss = 0.021883, total loss = 0.167032, Epoch time: 0.94 seconds, remaining time: 2.10 minutes
Epoch #866: train loss = 0.303262, val loss = 0.019399, total loss = 0.161330, Epoch time: 0.94 seconds, remaining time: 2.08 minutes
Epoch #867: train loss = 0.313572, val loss = 0.029224, total loss = 0.171398, Epoch time: 0.94 seconds, remaining time: 2.07 minutes
Epoch #868: train loss = 0.377635, val loss = 0.030617, total loss = 0.204126, Epoch time: 0.94 seconds, remaining time: 2.05 minutes
Epoch #869: train loss = 0.255292, val loss = 0.019831, total loss = 0.137562, Epoch time: 0.94 seconds, remaining time: 2.04 minutes
Epoch #870: train loss = 0.320897, val loss = 0.019412, total loss = 0.170155, Epoch time: 0.94 seconds, remaining time: 2.02 minutes
Epoch #871: train loss = 0.404699, val loss = 0.023297, total loss = 0.213998, Epoch time: 0.94 seconds, remaining time: 2.00 minutes
Epoch #872: train loss = 0.392131, val loss = 0.022747, total loss = 0.207439, Epoch time: 0.94 seconds, remaining time: 1.99 minutes
Epoch #873: train loss = 0.304230, val loss = 0.015046, total loss = 0.159638, Epoch time: 0.94 seconds, remaining time: 1.97 minutes
Epoch #874: train loss = 0.331610, val loss = 0.026868, total loss = 0.179239, Epoch time: 0.94 seconds, remaining time: 1.96 minutes
Epoch #875: train loss = 0.469147, val loss = 0.036291, total loss = 0.252719, Epoch time: 0.94 seconds, remaining time: 1.94 minutes
Epoch #876: train loss = 0.388048, val loss = 0.027835, total loss = 0.207941, Epoch time: 0.94 seconds, remaining time: 1.93 minutes
Epoch #877: train loss = 0.372734, val loss = 0.022448, total loss = 0.197591, Epoch time: 0.94 seconds, remaining time: 1.91 minutes
Epoch #878: train loss = 0.335254, val loss = 0.020763, total loss = 0.178009, Epoch time: 0.94 seconds, remaining time: 1.90 minutes
Epoch #879: train loss = 0.354227, val loss = 0.023982, total loss = 0.189104, Epoch time: 0.94 seconds, remaining time: 1.88 minutes
Epoch #880: train loss = 0.384157, val loss = 0.015946, total loss = 0.200051, Epoch time: 0.94 seconds, remaining time: 1.86 minutes
Epoch #881: train loss = 0.319436, val loss = 0.022112, total loss = 0.170774, Epoch time: 0.94 seconds, remaining time: 1.85 minutes
Epoch #882: train loss = 0.308193, val loss = 0.024744, total loss = 0.166469, Epoch time: 0.94 seconds, remaining time: 1.83 minutes
Epoch #883: train loss = 0.328743, val loss = 0.016191, total loss = 0.172467, Epoch time: 0.94 seconds, remaining time: 1.82 minutes
Epoch #884: train loss = 0.316717, val loss = 0.025844, total loss = 0.171281, Epoch time: 0.94 seconds, remaining time: 1.80 minutes
Epoch #885: train loss = 0.412828, val loss = 0.023779, total loss = 0.218303, Epoch time: 0.94 seconds, remaining time: 1.79 minutes
Epoch #886: train loss = 0.449598, val loss = 0.028790, total loss = 0.239194, Epoch time: 0.94 seconds, remaining time: 1.77 minutes
Epoch #887: train loss = 0.393978, val loss = 0.014312, total loss = 0.204145, Epoch time: 0.94 seconds, remaining time: 1.75 minutes
Epoch #888: train loss = 0.321379, val loss = 0.017477, total loss = 0.169428, Epoch time: 0.94 seconds, remaining time: 1.74 minutes
Epoch #889: train loss = 0.393483, val loss = 0.019914, total loss = 0.206698, Epoch time: 0.94 seconds, remaining time: 1.72 minutes
Epoch #890: train loss = 0.424829, val loss = 0.026585, total loss = 0.225707, Epoch time: 0.94 seconds, remaining time: 1.71 minutes
Epoch #891: train loss = 0.320081, val loss = 0.015639, total loss = 0.167860, Epoch time: 0.94 seconds, remaining time: 1.69 minutes
Epoch #892: train loss = 0.262436, val loss = 0.015579, total loss = 0.139008, Epoch time: 0.94 seconds, remaining time: 1.68 minutes
Epoch #893: train loss = 0.230622, val loss = 0.013036, total loss = 0.121829, Epoch time: 0.94 seconds, remaining time: 1.66 minutes
Epoch #894: train loss = 0.247968, val loss = 0.025894, total loss = 0.136931, Epoch time: 0.94 seconds, remaining time: 1.64 minutes
Epoch #895: train loss = 0.240574, val loss = 0.023649, total loss = 0.132111, Epoch time: 0.94 seconds, remaining time: 1.63 minutes
Epoch #896: train loss = 0.269859, val loss = 0.041469, total loss = 0.155664, Epoch time: 0.94 seconds, remaining time: 1.61 minutes
Epoch #897: train loss = 0.327429, val loss = 0.024829, total loss = 0.176129, Epoch time: 0.94 seconds, remaining time: 1.60 minutes
Epoch #898: train loss = 0.442544, val loss = 0.014899, total loss = 0.228721, Epoch time: 0.94 seconds, remaining time: 1.58 minutes
Epoch #899: train loss = 0.407407, val loss = 0.027957, total loss = 0.217682, Epoch time: 0.94 seconds, remaining time: 1.57 minutes
Epoch #900: train loss = 0.335818, val loss = 0.016089, total loss = 0.175954, Epoch time: 0.94 seconds, remaining time: 1.55 minutes
Epoch #901: train loss = 0.329299, val loss = 0.030015, total loss = 0.179657, Epoch time: 0.94 seconds, remaining time: 1.53 minutes
Epoch #902: train loss = 0.300734, val loss = 0.021911, total loss = 0.161323, Epoch time: 0.94 seconds, remaining time: 1.52 minutes
Epoch #903: train loss = 0.310451, val loss = 0.016615, total loss = 0.163533, Epoch time: 0.94 seconds, remaining time: 1.50 minutes
Epoch #904: train loss = 0.408844, val loss = 0.023257, total loss = 0.216050, Epoch time: 0.94 seconds, remaining time: 1.49 minutes
Epoch #905: train loss = 0.375744, val loss = 0.027247, total loss = 0.201495, Epoch time: 0.94 seconds, remaining time: 1.47 minutes
Epoch #906: train loss = 0.328724, val loss = 0.024377, total loss = 0.176551, Epoch time: 0.94 seconds, remaining time: 1.46 minutes
Epoch #907: train loss = 0.304856, val loss = 0.015550, total loss = 0.160203, Epoch time: 0.94 seconds, remaining time: 1.44 minutes
Epoch #908: train loss = 0.285599, val loss = 0.012233, total loss = 0.148916, Epoch time: 0.94 seconds, remaining time: 1.42 minutes
Epoch #909: train loss = 0.277384, val loss = 0.022213, total loss = 0.149798, Epoch time: 0.94 seconds, remaining time: 1.41 minutes
Epoch #910: train loss = 0.354088, val loss = 0.037620, total loss = 0.195854, Epoch time: 0.94 seconds, remaining time: 1.39 minutes
Epoch #911: train loss = 0.289282, val loss = 0.025248, total loss = 0.157265, Epoch time: 0.94 seconds, remaining time: 1.38 minutes
Epoch #912: train loss = 0.540113, val loss = 0.055944, total loss = 0.298029, Epoch time: 0.94 seconds, remaining time: 1.36 minutes
Epoch #913: train loss = 0.350779, val loss = 0.026315, total loss = 0.188547, Epoch time: 0.94 seconds, remaining time: 1.35 minutes
Epoch #914: train loss = 0.286920, val loss = 0.020741, total loss = 0.153830, Epoch time: 0.94 seconds, remaining time: 1.33 minutes
Epoch #915: train loss = 0.366126, val loss = 0.041655, total loss = 0.203891, Epoch time: 0.94 seconds, remaining time: 1.31 minutes
Epoch #916: train loss = 0.355539, val loss = 0.021629, total loss = 0.188584, Epoch time: 0.94 seconds, remaining time: 1.30 minutes
Epoch #917: train loss = 0.359642, val loss = 0.030958, total loss = 0.195300, Epoch time: 0.94 seconds, remaining time: 1.28 minutes
Epoch #918: train loss = 0.368849, val loss = 0.027756, total loss = 0.198303, Epoch time: 0.94 seconds, remaining time: 1.27 minutes
Epoch #919: train loss = 0.325332, val loss = 0.028742, total loss = 0.177037, Epoch time: 0.94 seconds, remaining time: 1.25 minutes
Epoch #920: train loss = 0.331302, val loss = 0.022919, total loss = 0.177111, Epoch time: 0.94 seconds, remaining time: 1.24 minutes
Epoch #921: train loss = 0.300864, val loss = 0.029971, total loss = 0.165417, Epoch time: 0.94 seconds, remaining time: 1.22 minutes
Epoch #922: train loss = 0.369069, val loss = 0.029095, total loss = 0.199082, Epoch time: 0.94 seconds, remaining time: 1.20 minutes
Epoch #923: train loss = 0.376372, val loss = 0.026806, total loss = 0.201589, Epoch time: 0.94 seconds, remaining time: 1.19 minutes
Epoch #924: train loss = 0.389862, val loss = 0.034920, total loss = 0.212391, Epoch time: 0.94 seconds, remaining time: 1.17 minutes
Epoch #925: train loss = 0.285049, val loss = 0.015054, total loss = 0.150051, Epoch time: 0.94 seconds, remaining time: 1.16 minutes
Epoch #926: train loss = 0.325240, val loss = 0.027728, total loss = 0.176484, Epoch time: 0.94 seconds, remaining time: 1.14 minutes
Epoch #927: train loss = 0.399631, val loss = 0.027253, total loss = 0.213442, Epoch time: 0.94 seconds, remaining time: 1.13 minutes
Epoch #928: train loss = 0.360805, val loss = 0.016992, total loss = 0.188898, Epoch time: 0.94 seconds, remaining time: 1.11 minutes
Epoch #929: train loss = 0.261094, val loss = 0.015340, total loss = 0.138217, Epoch time: 0.94 seconds, remaining time: 1.10 minutes
Epoch #930: train loss = 0.294511, val loss = 0.017633, total loss = 0.156072, Epoch time: 0.94 seconds, remaining time: 1.08 minutes
Epoch #931: train loss = 0.335673, val loss = 0.024055, total loss = 0.179864, Epoch time: 0.94 seconds, remaining time: 1.06 minutes
Epoch #932: train loss = 0.291787, val loss = 0.014276, total loss = 0.153031, Epoch time: 0.94 seconds, remaining time: 1.05 minutes
Epoch #933: train loss = 0.267260, val loss = 0.014049, total loss = 0.140654, Epoch time: 0.94 seconds, remaining time: 1.03 minutes
Epoch #934: train loss = 0.396761, val loss = 0.039217, total loss = 0.217989, Epoch time: 0.94 seconds, remaining time: 1.02 minutes
Epoch #935: train loss = 0.292794, val loss = 0.018990, total loss = 0.155892, Epoch time: 0.94 seconds, remaining time: 1.00 minutes
Epoch #936: train loss = 0.334801, val loss = 0.017806, total loss = 0.176304, Epoch time: 0.94 seconds, remaining time: 0.99 minutes
Epoch #937: train loss = 0.349772, val loss = 0.016346, total loss = 0.183059, Epoch time: 0.94 seconds, remaining time: 0.97 minutes
Epoch #938: train loss = 0.301097, val loss = 0.029292, total loss = 0.165194, Epoch time: 0.94 seconds, remaining time: 0.95 minutes
Epoch #939: train loss = 0.396961, val loss = 0.021035, total loss = 0.208998, Epoch time: 0.94 seconds, remaining time: 0.94 minutes
Epoch #940: train loss = 0.429802, val loss = 0.018920, total loss = 0.224361, Epoch time: 0.94 seconds, remaining time: 0.92 minutes
Epoch #941: train loss = 0.322247, val loss = 0.015266, total loss = 0.168757, Epoch time: 0.94 seconds, remaining time: 0.91 minutes
Epoch #942: train loss = 0.369960, val loss = 0.027665, total loss = 0.198812, Epoch time: 0.94 seconds, remaining time: 0.89 minutes
Epoch #943: train loss = 0.293741, val loss = 0.023114, total loss = 0.158428, Epoch time: 0.94 seconds, remaining time: 0.88 minutes
Epoch #944: train loss = 0.380084, val loss = 0.033376, total loss = 0.206730, Epoch time: 0.94 seconds, remaining time: 0.86 minutes
Epoch #945: train loss = 0.277952, val loss = 0.027744, total loss = 0.152848, Epoch time: 0.94 seconds, remaining time: 0.84 minutes
Epoch #946: train loss = 0.292928, val loss = 0.028303, total loss = 0.160616, Epoch time: 0.94 seconds, remaining time: 0.83 minutes
Epoch #947: train loss = 0.366324, val loss = 0.042219, total loss = 0.204272, Epoch time: 0.94 seconds, remaining time: 0.81 minutes
Epoch #948: train loss = 0.247381, val loss = 0.026903, total loss = 0.137142, Epoch time: 0.94 seconds, remaining time: 0.80 minutes
Epoch #949: train loss = 0.251516, val loss = 0.017020, total loss = 0.134268, Epoch time: 0.94 seconds, remaining time: 0.78 minutes
Epoch #950: train loss = 0.252127, val loss = 0.015620, total loss = 0.133873, Epoch time: 0.94 seconds, remaining time: 0.77 minutes
Epoch #951: train loss = 0.307146, val loss = 0.025441, total loss = 0.166293, Epoch time: 0.94 seconds, remaining time: 0.75 minutes
Epoch #952: train loss = 0.282283, val loss = 0.014128, total loss = 0.148206, Epoch time: 0.94 seconds, remaining time: 0.73 minutes
Epoch #953: train loss = 0.379409, val loss = 0.028206, total loss = 0.203807, Epoch time: 0.94 seconds, remaining time: 0.72 minutes
Epoch #954: train loss = 0.265031, val loss = 0.017388, total loss = 0.141210, Epoch time: 0.94 seconds, remaining time: 0.70 minutes
Epoch #955: train loss = 0.324565, val loss = 0.017409, total loss = 0.170987, Epoch time: 0.94 seconds, remaining time: 0.69 minutes
Epoch #956: train loss = 0.326825, val loss = 0.028968, total loss = 0.177897, Epoch time: 0.94 seconds, remaining time: 0.67 minutes
Epoch #957: train loss = 0.339665, val loss = 0.025159, total loss = 0.182412, Epoch time: 0.94 seconds, remaining time: 0.66 minutes
Epoch #958: train loss = 0.332309, val loss = 0.024286, total loss = 0.178297, Epoch time: 0.94 seconds, remaining time: 0.64 minutes
Epoch #959: train loss = 0.546122, val loss = 0.037460, total loss = 0.291791, Epoch time: 0.94 seconds, remaining time: 0.62 minutes
Epoch #960: train loss = 0.404209, val loss = 0.020254, total loss = 0.212232, Epoch time: 0.94 seconds, remaining time: 0.61 minutes
Epoch #961: train loss = 0.334118, val loss = 0.027938, total loss = 0.181028, Epoch time: 0.94 seconds, remaining time: 0.59 minutes
Epoch #962: train loss = 0.341772, val loss = 0.038841, total loss = 0.190306, Epoch time: 0.94 seconds, remaining time: 0.58 minutes
Epoch #963: train loss = 0.301663, val loss = 0.017043, total loss = 0.159353, Epoch time: 0.94 seconds, remaining time: 0.56 minutes
Epoch #964: train loss = 0.339575, val loss = 0.027613, total loss = 0.183594, Epoch time: 0.94 seconds, remaining time: 0.55 minutes
Epoch #965: train loss = 0.206222, val loss = 0.022609, total loss = 0.114416, Epoch time: 0.94 seconds, remaining time: 0.53 minutes
Epoch #966: train loss = 0.245630, val loss = 0.016099, total loss = 0.130865, Epoch time: 0.94 seconds, remaining time: 0.52 minutes
Epoch #967: train loss = 0.298123, val loss = 0.018289, total loss = 0.158206, Epoch time: 0.94 seconds, remaining time: 0.50 minutes
Epoch #968: train loss = 0.302289, val loss = 0.025604, total loss = 0.163946, Epoch time: 0.94 seconds, remaining time: 0.48 minutes
Epoch #969: train loss = 0.276046, val loss = 0.018568, total loss = 0.147307, Epoch time: 0.94 seconds, remaining time: 0.47 minutes
Epoch #970: train loss = 0.277346, val loss = 0.014538, total loss = 0.145942, Epoch time: 0.94 seconds, remaining time: 0.45 minutes
Epoch #971: train loss = 0.282106, val loss = 0.026520, total loss = 0.154313, Epoch time: 0.94 seconds, remaining time: 0.44 minutes
Epoch #972: train loss = 0.313138, val loss = 0.018965, total loss = 0.166052, Epoch time: 0.94 seconds, remaining time: 0.42 minutes
Epoch #973: train loss = 0.418343, val loss = 0.022721, total loss = 0.220532, Epoch time: 0.94 seconds, remaining time: 0.41 minutes
Epoch #974: train loss = 0.385013, val loss = 0.023822, total loss = 0.204417, Epoch time: 0.94 seconds, remaining time: 0.39 minutes
Epoch #975: train loss = 0.359863, val loss = 0.028315, total loss = 0.194089, Epoch time: 0.94 seconds, remaining time: 0.37 minutes
Epoch #976: train loss = 0.329811, val loss = 0.015646, total loss = 0.172728, Epoch time: 0.94 seconds, remaining time: 0.36 minutes
Epoch #977: train loss = 0.422845, val loss = 0.031797, total loss = 0.227321, Epoch time: 0.94 seconds, remaining time: 0.34 minutes
Epoch #978: train loss = 0.321939, val loss = 0.024518, total loss = 0.173228, Epoch time: 0.94 seconds, remaining time: 0.33 minutes
Epoch #979: train loss = 0.336561, val loss = 0.018671, total loss = 0.177616, Epoch time: 0.94 seconds, remaining time: 0.31 minutes
Epoch #980: train loss = 0.320586, val loss = 0.031429, total loss = 0.176008, Epoch time: 0.94 seconds, remaining time: 0.30 minutes
Epoch #981: train loss = 0.313366, val loss = 0.022013, total loss = 0.167689, Epoch time: 0.94 seconds, remaining time: 0.28 minutes
Epoch #982: train loss = 0.493181, val loss = 0.027903, total loss = 0.260542, Epoch time: 0.94 seconds, remaining time: 0.27 minutes
Epoch #983: train loss = 0.407719, val loss = 0.035028, total loss = 0.221373, Epoch time: 0.94 seconds, remaining time: 0.25 minutes
Epoch #984: train loss = 0.394543, val loss = 0.023251, total loss = 0.208897, Epoch time: 0.94 seconds, remaining time: 0.23 minutes
Epoch #985: train loss = 0.392135, val loss = 0.017875, total loss = 0.205005, Epoch time: 0.94 seconds, remaining time: 0.22 minutes
Epoch #986: train loss = 0.321437, val loss = 0.015883, total loss = 0.168660, Epoch time: 0.94 seconds, remaining time: 0.20 minutes
Epoch #987: train loss = 0.354242, val loss = 0.025366, total loss = 0.189804, Epoch time: 0.94 seconds, remaining time: 0.19 minutes
Epoch #988: train loss = 0.397679, val loss = 0.025370, total loss = 0.211525, Epoch time: 0.94 seconds, remaining time: 0.17 minutes
Epoch #989: train loss = 0.334982, val loss = 0.037830, total loss = 0.186406, Epoch time: 0.94 seconds, remaining time: 0.16 minutes
Epoch #990: train loss = 0.367212, val loss = 0.015795, total loss = 0.191503, Epoch time: 0.94 seconds, remaining time: 0.14 minutes
Epoch #991: train loss = 0.364779, val loss = 0.017320, total loss = 0.191050, Epoch time: 0.94 seconds, remaining time: 0.12 minutes
Epoch #992: train loss = 0.326444, val loss = 0.015900, total loss = 0.171172, Epoch time: 0.94 seconds, remaining time: 0.11 minutes
Epoch #993: train loss = 0.393355, val loss = 0.023815, total loss = 0.208585, Epoch time: 0.94 seconds, remaining time: 0.09 minutes
Epoch #994: train loss = 0.316573, val loss = 0.017008, total loss = 0.166791, Epoch time: 0.94 seconds, remaining time: 0.08 minutes
Epoch #995: train loss = 0.340584, val loss = 0.016583, total loss = 0.178583, Epoch time: 0.94 seconds, remaining time: 0.06 minutes
Epoch #996: train loss = 0.297152, val loss = 0.019766, total loss = 0.158459, Epoch time: 0.94 seconds, remaining time: 0.05 minutes
Epoch #997: train loss = 0.237613, val loss = 0.011870, total loss = 0.124742, Epoch time: 0.94 seconds, remaining time: 0.03 minutes
Epoch #998: train loss = 0.386187, val loss = 0.018963, total loss = 0.202575, Epoch time: 0.94 seconds, remaining time: 0.02 minutes
Epoch #999: train loss = 0.379066, val loss = 0.033787, total loss = 0.206427, Epoch time: 0.94 seconds, remaining time: 0.00 minutes

Training time: 0:15:38.600913

Classification evaluation results:
{'acc': 0.9782608695652174, 'auprc': 0.9950930626237231}
Clustering evaluation results:
{'kmeans': {'acc': 0.8985507246376812, 'ri': 0.9124087591240876, 'nmi': 0.8062938057892896}, 'spectral': {'acc': 0.5869565217391305, 'ri': 0.7334179625515709, 'nmi': 0.5658353723342547}}
Finished.
