Dataset: Libras
Arguments: Namespace(batch_size=8, dataset='Libras', epochs=1000, eval=True, gpu=1, irregular=0, iters=None, loader='UEA', lr=0.001, max_threads=8, max_train_length=3000, repr_dims=320, run_name='UEA', save_every=None, seed=42)
Loading data... done
Epoch #0: train loss = 2.901334, val loss = 1.224532, total loss = 2.062933, Epoch time: 1.71 seconds, remaining time: 28.48 minutes
Epoch #1: train loss = 1.884095, val loss = 0.890911, total loss = 1.387503, Epoch time: 1.37 seconds, remaining time: 22.73 minutes
Epoch #2: train loss = 1.631075, val loss = 0.612856, total loss = 1.121966, Epoch time: 1.26 seconds, remaining time: 20.89 minutes
Epoch #3: train loss = 1.469301, val loss = 0.463159, total loss = 0.966230, Epoch time: 1.20 seconds, remaining time: 19.89 minutes
Epoch #4: train loss = 1.452301, val loss = 0.551203, total loss = 1.001752, Epoch time: 1.16 seconds, remaining time: 19.19 minutes
Epoch #5: train loss = 1.491842, val loss = 0.515246, total loss = 1.003544, Epoch time: 1.13 seconds, remaining time: 18.71 minutes
Epoch #6: train loss = 1.368176, val loss = 0.352860, total loss = 0.860518, Epoch time: 1.11 seconds, remaining time: 18.45 minutes
Epoch #7: train loss = 1.222006, val loss = 0.312836, total loss = 0.767421, Epoch time: 1.10 seconds, remaining time: 18.24 minutes
Epoch #8: train loss = 1.218290, val loss = 0.291763, total loss = 0.755027, Epoch time: 1.10 seconds, remaining time: 18.14 minutes
Epoch #9: train loss = 1.115850, val loss = 0.222846, total loss = 0.669348, Epoch time: 1.09 seconds, remaining time: 18.07 minutes
Epoch #10: train loss = 1.135936, val loss = 0.285104, total loss = 0.710520, Epoch time: 1.09 seconds, remaining time: 17.98 minutes
Epoch #11: train loss = 0.967227, val loss = 0.197694, total loss = 0.582460, Epoch time: 1.09 seconds, remaining time: 17.96 minutes
Epoch #12: train loss = 0.980909, val loss = 0.201231, total loss = 0.591070, Epoch time: 1.09 seconds, remaining time: 17.89 minutes
Epoch #13: train loss = 0.976938, val loss = 0.179896, total loss = 0.578417, Epoch time: 1.09 seconds, remaining time: 17.85 minutes
Epoch #14: train loss = 1.012530, val loss = 0.207840, total loss = 0.610185, Epoch time: 1.08 seconds, remaining time: 17.79 minutes
Epoch #15: train loss = 1.127889, val loss = 0.271470, total loss = 0.699679, Epoch time: 1.08 seconds, remaining time: 17.72 minutes
Epoch #16: train loss = 0.962236, val loss = 0.200756, total loss = 0.581496, Epoch time: 1.08 seconds, remaining time: 17.70 minutes
Epoch #17: train loss = 0.921931, val loss = 0.172038, total loss = 0.546985, Epoch time: 1.08 seconds, remaining time: 17.67 minutes
Epoch #18: train loss = 0.887107, val loss = 0.201894, total loss = 0.544501, Epoch time: 1.08 seconds, remaining time: 17.65 minutes
Epoch #19: train loss = 1.012663, val loss = 0.285669, total loss = 0.649166, Epoch time: 1.08 seconds, remaining time: 17.60 minutes
Epoch #20: train loss = 0.896650, val loss = 0.173058, total loss = 0.534854, Epoch time: 1.08 seconds, remaining time: 17.57 minutes
Epoch #21: train loss = 0.976528, val loss = 0.228080, total loss = 0.602304, Epoch time: 1.08 seconds, remaining time: 17.55 minutes
Epoch #22: train loss = 1.028581, val loss = 0.270268, total loss = 0.649424, Epoch time: 1.08 seconds, remaining time: 17.51 minutes
Epoch #23: train loss = 0.983046, val loss = 0.250433, total loss = 0.616740, Epoch time: 1.08 seconds, remaining time: 17.49 minutes
Epoch #24: train loss = 0.835376, val loss = 0.146813, total loss = 0.491095, Epoch time: 1.08 seconds, remaining time: 17.49 minutes
Epoch #25: train loss = 0.871016, val loss = 0.153985, total loss = 0.512500, Epoch time: 1.08 seconds, remaining time: 17.46 minutes
Epoch #26: train loss = 0.937626, val loss = 0.192578, total loss = 0.565102, Epoch time: 1.07 seconds, remaining time: 17.43 minutes
Epoch #27: train loss = 0.843839, val loss = 0.159994, total loss = 0.501916, Epoch time: 1.07 seconds, remaining time: 17.39 minutes
Epoch #28: train loss = 0.828988, val loss = 0.183180, total loss = 0.506084, Epoch time: 1.07 seconds, remaining time: 17.37 minutes
Epoch #29: train loss = 0.900244, val loss = 0.175157, total loss = 0.537701, Epoch time: 1.07 seconds, remaining time: 17.34 minutes
Epoch #30: train loss = 0.666535, val loss = 0.111797, total loss = 0.389166, Epoch time: 1.07 seconds, remaining time: 17.33 minutes
Epoch #31: train loss = 0.882826, val loss = 0.163301, total loss = 0.523063, Epoch time: 1.07 seconds, remaining time: 17.31 minutes
Epoch #32: train loss = 0.765017, val loss = 0.116589, total loss = 0.440803, Epoch time: 1.07 seconds, remaining time: 17.29 minutes
Epoch #33: train loss = 0.740386, val loss = 0.118228, total loss = 0.429307, Epoch time: 1.07 seconds, remaining time: 17.27 minutes
Epoch #34: train loss = 0.687808, val loss = 0.115054, total loss = 0.401431, Epoch time: 1.07 seconds, remaining time: 17.25 minutes
Epoch #35: train loss = 0.758629, val loss = 0.123657, total loss = 0.441143, Epoch time: 1.07 seconds, remaining time: 17.23 minutes
Epoch #36: train loss = 0.797571, val loss = 0.177182, total loss = 0.487376, Epoch time: 1.07 seconds, remaining time: 17.21 minutes
Epoch #37: train loss = 0.854631, val loss = 0.174723, total loss = 0.514677, Epoch time: 1.07 seconds, remaining time: 17.18 minutes
Epoch #38: train loss = 0.803864, val loss = 0.143740, total loss = 0.473802, Epoch time: 1.07 seconds, remaining time: 17.16 minutes
Epoch #39: train loss = 0.694397, val loss = 0.093236, total loss = 0.393816, Epoch time: 1.07 seconds, remaining time: 17.15 minutes
Epoch #40: train loss = 0.736914, val loss = 0.128119, total loss = 0.432516, Epoch time: 1.07 seconds, remaining time: 17.13 minutes
Epoch #41: train loss = 0.600809, val loss = 0.090760, total loss = 0.345784, Epoch time: 1.07 seconds, remaining time: 17.12 minutes
Epoch #42: train loss = 1.000362, val loss = 0.277563, total loss = 0.638962, Epoch time: 1.07 seconds, remaining time: 17.09 minutes
Epoch #43: train loss = 0.870051, val loss = 0.167254, total loss = 0.518652, Epoch time: 1.07 seconds, remaining time: 17.08 minutes
Epoch #44: train loss = 0.819720, val loss = 0.167130, total loss = 0.493425, Epoch time: 1.07 seconds, remaining time: 17.06 minutes
Epoch #45: train loss = 0.727872, val loss = 0.132983, total loss = 0.430427, Epoch time: 1.07 seconds, remaining time: 17.06 minutes
Epoch #46: train loss = 0.785035, val loss = 0.129567, total loss = 0.457301, Epoch time: 1.07 seconds, remaining time: 17.04 minutes
Epoch #47: train loss = 0.752103, val loss = 0.156031, total loss = 0.454067, Epoch time: 1.07 seconds, remaining time: 17.02 minutes
Epoch #48: train loss = 0.688519, val loss = 0.084983, total loss = 0.386751, Epoch time: 1.07 seconds, remaining time: 17.01 minutes
Epoch #49: train loss = 0.701126, val loss = 0.126955, total loss = 0.414041, Epoch time: 1.07 seconds, remaining time: 16.99 minutes
Epoch #50: train loss = 0.616711, val loss = 0.118685, total loss = 0.367698, Epoch time: 1.07 seconds, remaining time: 16.97 minutes
Epoch #51: train loss = 0.683864, val loss = 0.134047, total loss = 0.408956, Epoch time: 1.07 seconds, remaining time: 16.96 minutes
Epoch #52: train loss = 0.771213, val loss = 0.134753, total loss = 0.452983, Epoch time: 1.07 seconds, remaining time: 16.94 minutes
Epoch #53: train loss = 0.659104, val loss = 0.083321, total loss = 0.371213, Epoch time: 1.07 seconds, remaining time: 16.92 minutes
Epoch #54: train loss = 0.671835, val loss = 0.101318, total loss = 0.386576, Epoch time: 1.07 seconds, remaining time: 16.91 minutes
Epoch #55: train loss = 0.601421, val loss = 0.096461, total loss = 0.348941, Epoch time: 1.07 seconds, remaining time: 16.89 minutes
Epoch #56: train loss = 0.574703, val loss = 0.082574, total loss = 0.328639, Epoch time: 1.07 seconds, remaining time: 16.88 minutes
Epoch #57: train loss = 0.634751, val loss = 0.084727, total loss = 0.359739, Epoch time: 1.07 seconds, remaining time: 16.87 minutes
Epoch #58: train loss = 0.618943, val loss = 0.094151, total loss = 0.356547, Epoch time: 1.07 seconds, remaining time: 16.86 minutes
Epoch #59: train loss = 0.607134, val loss = 0.084705, total loss = 0.345920, Epoch time: 1.07 seconds, remaining time: 16.83 minutes
Epoch #60: train loss = 0.697543, val loss = 0.112566, total loss = 0.405055, Epoch time: 1.07 seconds, remaining time: 16.79 minutes
Epoch #61: train loss = 0.663583, val loss = 0.104593, total loss = 0.384088, Epoch time: 1.07 seconds, remaining time: 16.77 minutes
Epoch #62: train loss = 0.604789, val loss = 0.110316, total loss = 0.357553, Epoch time: 1.07 seconds, remaining time: 16.74 minutes
Epoch #63: train loss = 0.723861, val loss = 0.114202, total loss = 0.419032, Epoch time: 1.07 seconds, remaining time: 16.71 minutes
Epoch #64: train loss = 0.654583, val loss = 0.113120, total loss = 0.383851, Epoch time: 1.07 seconds, remaining time: 16.68 minutes
Epoch #65: train loss = 0.573962, val loss = 0.082221, total loss = 0.328091, Epoch time: 1.07 seconds, remaining time: 16.66 minutes
Epoch #66: train loss = 0.466690, val loss = 0.067152, total loss = 0.266921, Epoch time: 1.07 seconds, remaining time: 16.64 minutes
Epoch #67: train loss = 0.658953, val loss = 0.114651, total loss = 0.386802, Epoch time: 1.07 seconds, remaining time: 16.62 minutes
Epoch #68: train loss = 0.686689, val loss = 0.093519, total loss = 0.390104, Epoch time: 1.07 seconds, remaining time: 16.60 minutes
Epoch #69: train loss = 0.720986, val loss = 0.131533, total loss = 0.426259, Epoch time: 1.07 seconds, remaining time: 16.57 minutes
Epoch #70: train loss = 0.744977, val loss = 0.128297, total loss = 0.436637, Epoch time: 1.07 seconds, remaining time: 16.55 minutes
Epoch #71: train loss = 0.719720, val loss = 0.120892, total loss = 0.420306, Epoch time: 1.07 seconds, remaining time: 16.52 minutes
Epoch #72: train loss = 0.642505, val loss = 0.105525, total loss = 0.374015, Epoch time: 1.07 seconds, remaining time: 16.51 minutes
Epoch #73: train loss = 0.606210, val loss = 0.093649, total loss = 0.349930, Epoch time: 1.07 seconds, remaining time: 16.49 minutes
Epoch #74: train loss = 0.662522, val loss = 0.088922, total loss = 0.375722, Epoch time: 1.07 seconds, remaining time: 16.47 minutes
Epoch #75: train loss = 0.584781, val loss = 0.089952, total loss = 0.337366, Epoch time: 1.07 seconds, remaining time: 16.47 minutes
Epoch #76: train loss = 0.586225, val loss = 0.086583, total loss = 0.336404, Epoch time: 1.07 seconds, remaining time: 16.45 minutes
Epoch #77: train loss = 0.631204, val loss = 0.099340, total loss = 0.365272, Epoch time: 1.07 seconds, remaining time: 16.44 minutes
Epoch #78: train loss = 0.674466, val loss = 0.107115, total loss = 0.390791, Epoch time: 1.07 seconds, remaining time: 16.42 minutes
Epoch #79: train loss = 0.583340, val loss = 0.083588, total loss = 0.333464, Epoch time: 1.07 seconds, remaining time: 16.40 minutes
Epoch #80: train loss = 0.507863, val loss = 0.080321, total loss = 0.294092, Epoch time: 1.07 seconds, remaining time: 16.39 minutes
Epoch #81: train loss = 0.535656, val loss = 0.078326, total loss = 0.306991, Epoch time: 1.07 seconds, remaining time: 16.38 minutes
Epoch #82: train loss = 0.632358, val loss = 0.087419, total loss = 0.359889, Epoch time: 1.07 seconds, remaining time: 16.36 minutes
Epoch #83: train loss = 0.666094, val loss = 0.094061, total loss = 0.380077, Epoch time: 1.07 seconds, remaining time: 16.34 minutes
Epoch #84: train loss = 0.698841, val loss = 0.099151, total loss = 0.398996, Epoch time: 1.07 seconds, remaining time: 16.32 minutes
Epoch #85: train loss = 0.614035, val loss = 0.091060, total loss = 0.352548, Epoch time: 1.07 seconds, remaining time: 16.30 minutes
Epoch #86: train loss = 0.643008, val loss = 0.121423, total loss = 0.382216, Epoch time: 1.07 seconds, remaining time: 16.29 minutes
Epoch #87: train loss = 0.625791, val loss = 0.079446, total loss = 0.352619, Epoch time: 1.07 seconds, remaining time: 16.27 minutes
Epoch #88: train loss = 0.565663, val loss = 0.066957, total loss = 0.316310, Epoch time: 1.07 seconds, remaining time: 16.26 minutes
Epoch #89: train loss = 0.707336, val loss = 0.114994, total loss = 0.411165, Epoch time: 1.07 seconds, remaining time: 16.24 minutes
Epoch #90: train loss = 0.640234, val loss = 0.086528, total loss = 0.363381, Epoch time: 1.07 seconds, remaining time: 16.23 minutes
Epoch #91: train loss = 0.597359, val loss = 0.083858, total loss = 0.340608, Epoch time: 1.07 seconds, remaining time: 16.21 minutes
Epoch #92: train loss = 0.602252, val loss = 0.081893, total loss = 0.342072, Epoch time: 1.07 seconds, remaining time: 16.19 minutes
Epoch #93: train loss = 0.691005, val loss = 0.077256, total loss = 0.384131, Epoch time: 1.07 seconds, remaining time: 16.18 minutes
Epoch #94: train loss = 0.626707, val loss = 0.101255, total loss = 0.363981, Epoch time: 1.07 seconds, remaining time: 16.16 minutes
Epoch #95: train loss = 0.661001, val loss = 0.109530, total loss = 0.385266, Epoch time: 1.07 seconds, remaining time: 16.14 minutes
Epoch #96: train loss = 0.765967, val loss = 0.131272, total loss = 0.448620, Epoch time: 1.07 seconds, remaining time: 16.12 minutes
Epoch #97: train loss = 0.587893, val loss = 0.073504, total loss = 0.330698, Epoch time: 1.07 seconds, remaining time: 16.10 minutes
Epoch #98: train loss = 0.531538, val loss = 0.065477, total loss = 0.298508, Epoch time: 1.07 seconds, remaining time: 16.09 minutes
Epoch #99: train loss = 0.642940, val loss = 0.088071, total loss = 0.365505, Epoch time: 1.07 seconds, remaining time: 16.07 minutes
Epoch #100: train loss = 0.732015, val loss = 0.110350, total loss = 0.421182, Epoch time: 1.07 seconds, remaining time: 16.06 minutes
Epoch #101: train loss = 0.642069, val loss = 0.105805, total loss = 0.373937, Epoch time: 1.07 seconds, remaining time: 16.04 minutes
Epoch #102: train loss = 0.580260, val loss = 0.085794, total loss = 0.333027, Epoch time: 1.07 seconds, remaining time: 16.02 minutes
Epoch #103: train loss = 0.603498, val loss = 0.109847, total loss = 0.356672, Epoch time: 1.07 seconds, remaining time: 16.00 minutes
Epoch #104: train loss = 0.621367, val loss = 0.091251, total loss = 0.356309, Epoch time: 1.07 seconds, remaining time: 15.99 minutes
Epoch #105: train loss = 0.560227, val loss = 0.092507, total loss = 0.326367, Epoch time: 1.07 seconds, remaining time: 15.97 minutes
Epoch #106: train loss = 0.550148, val loss = 0.076771, total loss = 0.313460, Epoch time: 1.07 seconds, remaining time: 15.95 minutes
Epoch #107: train loss = 0.554239, val loss = 0.075997, total loss = 0.315118, Epoch time: 1.07 seconds, remaining time: 15.93 minutes
Epoch #108: train loss = 0.548810, val loss = 0.079088, total loss = 0.313949, Epoch time: 1.07 seconds, remaining time: 15.92 minutes
Epoch #109: train loss = 0.533897, val loss = 0.062309, total loss = 0.298103, Epoch time: 1.07 seconds, remaining time: 15.90 minutes
Epoch #110: train loss = 0.557901, val loss = 0.081827, total loss = 0.319864, Epoch time: 1.07 seconds, remaining time: 15.88 minutes
Epoch #111: train loss = 0.599049, val loss = 0.093977, total loss = 0.346513, Epoch time: 1.07 seconds, remaining time: 15.87 minutes
Epoch #112: train loss = 0.466295, val loss = 0.062570, total loss = 0.264432, Epoch time: 1.07 seconds, remaining time: 15.85 minutes
Epoch #113: train loss = 0.661141, val loss = 0.088679, total loss = 0.374910, Epoch time: 1.07 seconds, remaining time: 15.83 minutes
Epoch #114: train loss = 0.555441, val loss = 0.067113, total loss = 0.311277, Epoch time: 1.07 seconds, remaining time: 15.82 minutes
Epoch #115: train loss = 0.609803, val loss = 0.086215, total loss = 0.348009, Epoch time: 1.07 seconds, remaining time: 15.80 minutes
Epoch #116: train loss = 0.520216, val loss = 0.068080, total loss = 0.294148, Epoch time: 1.07 seconds, remaining time: 15.78 minutes
Epoch #117: train loss = 0.492192, val loss = 0.067859, total loss = 0.280025, Epoch time: 1.07 seconds, remaining time: 15.77 minutes
Epoch #118: train loss = 0.622733, val loss = 0.100996, total loss = 0.361864, Epoch time: 1.07 seconds, remaining time: 15.75 minutes
Epoch #119: train loss = 0.499419, val loss = 0.068228, total loss = 0.283824, Epoch time: 1.07 seconds, remaining time: 15.73 minutes
Epoch #120: train loss = 0.621980, val loss = 0.105721, total loss = 0.363850, Epoch time: 1.07 seconds, remaining time: 15.71 minutes
Epoch #121: train loss = 0.641378, val loss = 0.101700, total loss = 0.371539, Epoch time: 1.07 seconds, remaining time: 15.69 minutes
Epoch #122: train loss = 0.668941, val loss = 0.099766, total loss = 0.384354, Epoch time: 1.07 seconds, remaining time: 15.67 minutes
Epoch #123: train loss = 0.558982, val loss = 0.072869, total loss = 0.315926, Epoch time: 1.07 seconds, remaining time: 15.66 minutes
Epoch #124: train loss = 0.566227, val loss = 0.071063, total loss = 0.318645, Epoch time: 1.07 seconds, remaining time: 15.64 minutes
Epoch #125: train loss = 0.520811, val loss = 0.078158, total loss = 0.299484, Epoch time: 1.07 seconds, remaining time: 15.62 minutes
Epoch #126: train loss = 0.538660, val loss = 0.080872, total loss = 0.309766, Epoch time: 1.07 seconds, remaining time: 15.61 minutes
Epoch #127: train loss = 0.657770, val loss = 0.110188, total loss = 0.383979, Epoch time: 1.07 seconds, remaining time: 15.59 minutes
Epoch #128: train loss = 0.580208, val loss = 0.072693, total loss = 0.326451, Epoch time: 1.07 seconds, remaining time: 15.57 minutes
Epoch #129: train loss = 0.531060, val loss = 0.072326, total loss = 0.301693, Epoch time: 1.07 seconds, remaining time: 15.55 minutes
Epoch #130: train loss = 0.486549, val loss = 0.058915, total loss = 0.272732, Epoch time: 1.07 seconds, remaining time: 15.53 minutes
Epoch #131: train loss = 0.591833, val loss = 0.079056, total loss = 0.335444, Epoch time: 1.07 seconds, remaining time: 15.51 minutes
Epoch #132: train loss = 0.565025, val loss = 0.088231, total loss = 0.326628, Epoch time: 1.07 seconds, remaining time: 15.50 minutes
Epoch #133: train loss = 0.516718, val loss = 0.069439, total loss = 0.293079, Epoch time: 1.07 seconds, remaining time: 15.48 minutes
Epoch #134: train loss = 0.529416, val loss = 0.065124, total loss = 0.297270, Epoch time: 1.07 seconds, remaining time: 15.46 minutes
Epoch #135: train loss = 0.504381, val loss = 0.063334, total loss = 0.283858, Epoch time: 1.07 seconds, remaining time: 15.45 minutes
Epoch #136: train loss = 0.600919, val loss = 0.095121, total loss = 0.348020, Epoch time: 1.07 seconds, remaining time: 15.43 minutes
Epoch #137: train loss = 0.580925, val loss = 0.095594, total loss = 0.338260, Epoch time: 1.07 seconds, remaining time: 15.41 minutes
Epoch #138: train loss = 0.535296, val loss = 0.068797, total loss = 0.302047, Epoch time: 1.07 seconds, remaining time: 15.39 minutes
Epoch #139: train loss = 0.568144, val loss = 0.078938, total loss = 0.323541, Epoch time: 1.07 seconds, remaining time: 15.37 minutes
Epoch #140: train loss = 0.604687, val loss = 0.086277, total loss = 0.345482, Epoch time: 1.07 seconds, remaining time: 15.36 minutes
Epoch #141: train loss = 0.508140, val loss = 0.066466, total loss = 0.287303, Epoch time: 1.07 seconds, remaining time: 15.34 minutes
Epoch #142: train loss = 0.505681, val loss = 0.070984, total loss = 0.288333, Epoch time: 1.07 seconds, remaining time: 15.33 minutes
Epoch #143: train loss = 0.601769, val loss = 0.089503, total loss = 0.345636, Epoch time: 1.07 seconds, remaining time: 15.31 minutes
Epoch #144: train loss = 0.610275, val loss = 0.109622, total loss = 0.359949, Epoch time: 1.07 seconds, remaining time: 15.29 minutes
Epoch #145: train loss = 0.511084, val loss = 0.085225, total loss = 0.298154, Epoch time: 1.07 seconds, remaining time: 15.27 minutes
Epoch #146: train loss = 0.560882, val loss = 0.085887, total loss = 0.323385, Epoch time: 1.07 seconds, remaining time: 15.26 minutes
Epoch #147: train loss = 0.451189, val loss = 0.058384, total loss = 0.254787, Epoch time: 1.07 seconds, remaining time: 15.25 minutes
Epoch #148: train loss = 0.550019, val loss = 0.072693, total loss = 0.311356, Epoch time: 1.07 seconds, remaining time: 15.23 minutes
Epoch #149: train loss = 0.446786, val loss = 0.054428, total loss = 0.250607, Epoch time: 1.07 seconds, remaining time: 15.21 minutes
Epoch #150: train loss = 0.481385, val loss = 0.073857, total loss = 0.277621, Epoch time: 1.07 seconds, remaining time: 15.19 minutes
Epoch #151: train loss = 0.479065, val loss = 0.059326, total loss = 0.269195, Epoch time: 1.07 seconds, remaining time: 15.17 minutes
Epoch #152: train loss = 0.503048, val loss = 0.061648, total loss = 0.282348, Epoch time: 1.07 seconds, remaining time: 15.16 minutes
Epoch #153: train loss = 0.559299, val loss = 0.066759, total loss = 0.313029, Epoch time: 1.07 seconds, remaining time: 15.15 minutes
Epoch #154: train loss = 0.437653, val loss = 0.059742, total loss = 0.248697, Epoch time: 1.07 seconds, remaining time: 15.14 minutes
Epoch #155: train loss = 0.516461, val loss = 0.062603, total loss = 0.289532, Epoch time: 1.08 seconds, remaining time: 15.13 minutes
Epoch #156: train loss = 0.450867, val loss = 0.061731, total loss = 0.256299, Epoch time: 1.08 seconds, remaining time: 15.12 minutes
Epoch #157: train loss = 0.541398, val loss = 0.069231, total loss = 0.305314, Epoch time: 1.08 seconds, remaining time: 15.10 minutes
Epoch #158: train loss = 0.471057, val loss = 0.063798, total loss = 0.267427, Epoch time: 1.08 seconds, remaining time: 15.08 minutes
Epoch #159: train loss = 0.484147, val loss = 0.074069, total loss = 0.279108, Epoch time: 1.08 seconds, remaining time: 15.07 minutes
Epoch #160: train loss = 0.414321, val loss = 0.053853, total loss = 0.234087, Epoch time: 1.08 seconds, remaining time: 15.05 minutes
Epoch #161: train loss = 0.431110, val loss = 0.056577, total loss = 0.243844, Epoch time: 1.08 seconds, remaining time: 15.03 minutes
Epoch #162: train loss = 0.660814, val loss = 0.107740, total loss = 0.384277, Epoch time: 1.08 seconds, remaining time: 15.01 minutes
Epoch #163: train loss = 0.512990, val loss = 0.072871, total loss = 0.292931, Epoch time: 1.08 seconds, remaining time: 14.99 minutes
Epoch #164: train loss = 0.609764, val loss = 0.084247, total loss = 0.347006, Epoch time: 1.08 seconds, remaining time: 14.98 minutes
Epoch #165: train loss = 0.575790, val loss = 0.084555, total loss = 0.330172, Epoch time: 1.08 seconds, remaining time: 14.95 minutes
Epoch #166: train loss = 0.495441, val loss = 0.051546, total loss = 0.273494, Epoch time: 1.08 seconds, remaining time: 14.94 minutes
Epoch #167: train loss = 0.538800, val loss = 0.070934, total loss = 0.304867, Epoch time: 1.08 seconds, remaining time: 14.92 minutes
Epoch #168: train loss = 0.607380, val loss = 0.089680, total loss = 0.348530, Epoch time: 1.08 seconds, remaining time: 14.90 minutes
Epoch #169: train loss = 0.581421, val loss = 0.073077, total loss = 0.327249, Epoch time: 1.08 seconds, remaining time: 14.88 minutes
Epoch #170: train loss = 0.569093, val loss = 0.063265, total loss = 0.316179, Epoch time: 1.08 seconds, remaining time: 14.86 minutes
Epoch #171: train loss = 0.603504, val loss = 0.073418, total loss = 0.338461, Epoch time: 1.08 seconds, remaining time: 14.84 minutes
Epoch #172: train loss = 0.569392, val loss = 0.068896, total loss = 0.319144, Epoch time: 1.08 seconds, remaining time: 14.82 minutes
Epoch #173: train loss = 0.569601, val loss = 0.070971, total loss = 0.320286, Epoch time: 1.08 seconds, remaining time: 14.81 minutes
Epoch #174: train loss = 0.604487, val loss = 0.073682, total loss = 0.339084, Epoch time: 1.08 seconds, remaining time: 14.79 minutes
Epoch #175: train loss = 0.455252, val loss = 0.051354, total loss = 0.253303, Epoch time: 1.08 seconds, remaining time: 14.77 minutes
Epoch #176: train loss = 0.495416, val loss = 0.062697, total loss = 0.279056, Epoch time: 1.08 seconds, remaining time: 14.75 minutes
Epoch #177: train loss = 0.522703, val loss = 0.068314, total loss = 0.295508, Epoch time: 1.08 seconds, remaining time: 14.73 minutes
Epoch #178: train loss = 0.462502, val loss = 0.061521, total loss = 0.262012, Epoch time: 1.08 seconds, remaining time: 14.72 minutes
Epoch #179: train loss = 0.448156, val loss = 0.056623, total loss = 0.252390, Epoch time: 1.08 seconds, remaining time: 14.70 minutes
Epoch #180: train loss = 0.668521, val loss = 0.115224, total loss = 0.391872, Epoch time: 1.08 seconds, remaining time: 14.68 minutes
Epoch #181: train loss = 0.492186, val loss = 0.061909, total loss = 0.277047, Epoch time: 1.08 seconds, remaining time: 14.66 minutes
Epoch #182: train loss = 0.480627, val loss = 0.072536, total loss = 0.276581, Epoch time: 1.08 seconds, remaining time: 14.64 minutes
Epoch #183: train loss = 0.521930, val loss = 0.081443, total loss = 0.301686, Epoch time: 1.08 seconds, remaining time: 14.62 minutes
Epoch #184: train loss = 0.524032, val loss = 0.069895, total loss = 0.296963, Epoch time: 1.08 seconds, remaining time: 14.61 minutes
Epoch #185: train loss = 0.435377, val loss = 0.056762, total loss = 0.246070, Epoch time: 1.08 seconds, remaining time: 14.59 minutes
Epoch #186: train loss = 0.450860, val loss = 0.053148, total loss = 0.252004, Epoch time: 1.08 seconds, remaining time: 14.57 minutes
Epoch #187: train loss = 0.445854, val loss = 0.061393, total loss = 0.253623, Epoch time: 1.08 seconds, remaining time: 14.55 minutes
Epoch #188: train loss = 0.451701, val loss = 0.050740, total loss = 0.251220, Epoch time: 1.08 seconds, remaining time: 14.54 minutes
Epoch #189: train loss = 0.410855, val loss = 0.053500, total loss = 0.232177, Epoch time: 1.08 seconds, remaining time: 14.52 minutes
Epoch #190: train loss = 0.441412, val loss = 0.048509, total loss = 0.244960, Epoch time: 1.08 seconds, remaining time: 14.50 minutes
Epoch #191: train loss = 0.463965, val loss = 0.055786, total loss = 0.259876, Epoch time: 1.08 seconds, remaining time: 14.48 minutes
Epoch #192: train loss = 0.555227, val loss = 0.063541, total loss = 0.309384, Epoch time: 1.08 seconds, remaining time: 14.46 minutes
Epoch #193: train loss = 0.457349, val loss = 0.073512, total loss = 0.265430, Epoch time: 1.08 seconds, remaining time: 14.44 minutes
Epoch #194: train loss = 0.526193, val loss = 0.068757, total loss = 0.297475, Epoch time: 1.08 seconds, remaining time: 14.43 minutes
Epoch #195: train loss = 0.424208, val loss = 0.056074, total loss = 0.240141, Epoch time: 1.08 seconds, remaining time: 14.41 minutes
Epoch #196: train loss = 0.462485, val loss = 0.055751, total loss = 0.259118, Epoch time: 1.08 seconds, remaining time: 14.39 minutes
Epoch #197: train loss = 0.443023, val loss = 0.063891, total loss = 0.253457, Epoch time: 1.08 seconds, remaining time: 14.37 minutes
Epoch #198: train loss = 0.593412, val loss = 0.078017, total loss = 0.335714, Epoch time: 1.07 seconds, remaining time: 14.35 minutes
Epoch #199: train loss = 0.503699, val loss = 0.070956, total loss = 0.287328, Epoch time: 1.07 seconds, remaining time: 14.33 minutes
Epoch #200: train loss = 0.497067, val loss = 0.057605, total loss = 0.277336, Epoch time: 1.07 seconds, remaining time: 14.31 minutes
Epoch #201: train loss = 0.687801, val loss = 0.096180, total loss = 0.391991, Epoch time: 1.07 seconds, remaining time: 14.29 minutes
Epoch #202: train loss = 0.449286, val loss = 0.057434, total loss = 0.253360, Epoch time: 1.07 seconds, remaining time: 14.28 minutes
Epoch #203: train loss = 0.417815, val loss = 0.049419, total loss = 0.233617, Epoch time: 1.07 seconds, remaining time: 14.26 minutes
Epoch #204: train loss = 0.406771, val loss = 0.047924, total loss = 0.227347, Epoch time: 1.07 seconds, remaining time: 14.24 minutes
Epoch #205: train loss = 0.389319, val loss = 0.042462, total loss = 0.215890, Epoch time: 1.07 seconds, remaining time: 14.22 minutes
Epoch #206: train loss = 0.405729, val loss = 0.041028, total loss = 0.223378, Epoch time: 1.08 seconds, remaining time: 14.21 minutes
Epoch #207: train loss = 0.465133, val loss = 0.055987, total loss = 0.260560, Epoch time: 1.07 seconds, remaining time: 14.19 minutes
Epoch #208: train loss = 0.412421, val loss = 0.047345, total loss = 0.229883, Epoch time: 1.08 seconds, remaining time: 14.17 minutes
Epoch #209: train loss = 0.545518, val loss = 0.069072, total loss = 0.307295, Epoch time: 1.08 seconds, remaining time: 14.15 minutes
Epoch #210: train loss = 0.571347, val loss = 0.068383, total loss = 0.319865, Epoch time: 1.08 seconds, remaining time: 14.14 minutes
Epoch #211: train loss = 0.511505, val loss = 0.056380, total loss = 0.283943, Epoch time: 1.08 seconds, remaining time: 14.12 minutes
Epoch #212: train loss = 0.493046, val loss = 0.071160, total loss = 0.282103, Epoch time: 1.08 seconds, remaining time: 14.10 minutes
Epoch #213: train loss = 0.472166, val loss = 0.059428, total loss = 0.265797, Epoch time: 1.08 seconds, remaining time: 14.08 minutes
Epoch #214: train loss = 0.521259, val loss = 0.057893, total loss = 0.289576, Epoch time: 1.07 seconds, remaining time: 14.06 minutes
Epoch #215: train loss = 0.567433, val loss = 0.066217, total loss = 0.316825, Epoch time: 1.07 seconds, remaining time: 14.05 minutes
Epoch #216: train loss = 0.473101, val loss = 0.055818, total loss = 0.264459, Epoch time: 1.07 seconds, remaining time: 14.03 minutes
Epoch #217: train loss = 0.434873, val loss = 0.065718, total loss = 0.250295, Epoch time: 1.08 seconds, remaining time: 14.01 minutes
Epoch #218: train loss = 0.506153, val loss = 0.061690, total loss = 0.283921, Epoch time: 1.07 seconds, remaining time: 13.99 minutes
Epoch #219: train loss = 0.452964, val loss = 0.055354, total loss = 0.254159, Epoch time: 1.08 seconds, remaining time: 13.98 minutes
Epoch #220: train loss = 0.474706, val loss = 0.060921, total loss = 0.267813, Epoch time: 1.08 seconds, remaining time: 13.96 minutes
Epoch #221: train loss = 0.384906, val loss = 0.052694, total loss = 0.218800, Epoch time: 1.08 seconds, remaining time: 13.94 minutes
Epoch #222: train loss = 0.530168, val loss = 0.058173, total loss = 0.294170, Epoch time: 1.08 seconds, remaining time: 13.92 minutes
Epoch #223: train loss = 0.388162, val loss = 0.045480, total loss = 0.216821, Epoch time: 1.08 seconds, remaining time: 13.91 minutes
Epoch #224: train loss = 0.465276, val loss = 0.060172, total loss = 0.262724, Epoch time: 1.08 seconds, remaining time: 13.89 minutes
Epoch #225: train loss = 0.447500, val loss = 0.049091, total loss = 0.248296, Epoch time: 1.08 seconds, remaining time: 13.87 minutes
Epoch #226: train loss = 0.476511, val loss = 0.055733, total loss = 0.266122, Epoch time: 1.08 seconds, remaining time: 13.85 minutes
Epoch #227: train loss = 0.491779, val loss = 0.049335, total loss = 0.270557, Epoch time: 1.08 seconds, remaining time: 13.84 minutes
Epoch #228: train loss = 0.497586, val loss = 0.064966, total loss = 0.281276, Epoch time: 1.08 seconds, remaining time: 13.82 minutes
Epoch #229: train loss = 0.493909, val loss = 0.058372, total loss = 0.276140, Epoch time: 1.08 seconds, remaining time: 13.80 minutes
Epoch #230: train loss = 0.521834, val loss = 0.065156, total loss = 0.293495, Epoch time: 1.08 seconds, remaining time: 13.78 minutes
Epoch #231: train loss = 0.406203, val loss = 0.058020, total loss = 0.232112, Epoch time: 1.08 seconds, remaining time: 13.77 minutes
Epoch #232: train loss = 0.522837, val loss = 0.054895, total loss = 0.288866, Epoch time: 1.08 seconds, remaining time: 13.75 minutes
Epoch #233: train loss = 0.445693, val loss = 0.065797, total loss = 0.255745, Epoch time: 1.08 seconds, remaining time: 13.73 minutes
Epoch #234: train loss = 0.417017, val loss = 0.046318, total loss = 0.231667, Epoch time: 1.08 seconds, remaining time: 13.71 minutes
Epoch #235: train loss = 0.611087, val loss = 0.066186, total loss = 0.338637, Epoch time: 1.08 seconds, remaining time: 13.69 minutes
Epoch #236: train loss = 0.416483, val loss = 0.056193, total loss = 0.236338, Epoch time: 1.08 seconds, remaining time: 13.68 minutes
Epoch #237: train loss = 0.384282, val loss = 0.052199, total loss = 0.218241, Epoch time: 1.08 seconds, remaining time: 13.66 minutes
Epoch #238: train loss = 0.350229, val loss = 0.048044, total loss = 0.199137, Epoch time: 1.08 seconds, remaining time: 13.64 minutes
Epoch #239: train loss = 0.443804, val loss = 0.059008, total loss = 0.251406, Epoch time: 1.08 seconds, remaining time: 13.63 minutes
Epoch #240: train loss = 0.397839, val loss = 0.043230, total loss = 0.220534, Epoch time: 1.08 seconds, remaining time: 13.61 minutes
Epoch #241: train loss = 0.481585, val loss = 0.051413, total loss = 0.266499, Epoch time: 1.08 seconds, remaining time: 13.59 minutes
Epoch #242: train loss = 0.398364, val loss = 0.056844, total loss = 0.227604, Epoch time: 1.08 seconds, remaining time: 13.57 minutes
Epoch #243: train loss = 0.471060, val loss = 0.058082, total loss = 0.264571, Epoch time: 1.08 seconds, remaining time: 13.55 minutes
Epoch #244: train loss = 0.458459, val loss = 0.057925, total loss = 0.258192, Epoch time: 1.08 seconds, remaining time: 13.54 minutes
Epoch #245: train loss = 0.470448, val loss = 0.064611, total loss = 0.267529, Epoch time: 1.08 seconds, remaining time: 13.52 minutes
Epoch #246: train loss = 0.443158, val loss = 0.054938, total loss = 0.249048, Epoch time: 1.08 seconds, remaining time: 13.50 minutes
Epoch #247: train loss = 0.513210, val loss = 0.060299, total loss = 0.286755, Epoch time: 1.08 seconds, remaining time: 13.48 minutes
Epoch #248: train loss = 0.474634, val loss = 0.076603, total loss = 0.275618, Epoch time: 1.08 seconds, remaining time: 13.47 minutes
Epoch #249: train loss = 0.511812, val loss = 0.061972, total loss = 0.286892, Epoch time: 1.08 seconds, remaining time: 13.45 minutes
Epoch #250: train loss = 0.393972, val loss = 0.049617, total loss = 0.221794, Epoch time: 1.08 seconds, remaining time: 13.43 minutes
Epoch #251: train loss = 0.420847, val loss = 0.068145, total loss = 0.244496, Epoch time: 1.08 seconds, remaining time: 13.41 minutes
Epoch #252: train loss = 0.424498, val loss = 0.063864, total loss = 0.244181, Epoch time: 1.08 seconds, remaining time: 13.40 minutes
Epoch #253: train loss = 0.398760, val loss = 0.057829, total loss = 0.228294, Epoch time: 1.08 seconds, remaining time: 13.38 minutes
Epoch #254: train loss = 0.469865, val loss = 0.058797, total loss = 0.264331, Epoch time: 1.08 seconds, remaining time: 13.36 minutes
Epoch #255: train loss = 0.448066, val loss = 0.056943, total loss = 0.252505, Epoch time: 1.08 seconds, remaining time: 13.34 minutes
Epoch #256: train loss = 0.510334, val loss = 0.066705, total loss = 0.288519, Epoch time: 1.08 seconds, remaining time: 13.32 minutes
Epoch #257: train loss = 0.435223, val loss = 0.065043, total loss = 0.250133, Epoch time: 1.08 seconds, remaining time: 13.31 minutes
Epoch #258: train loss = 0.404622, val loss = 0.050255, total loss = 0.227439, Epoch time: 1.08 seconds, remaining time: 13.29 minutes
Epoch #259: train loss = 0.383762, val loss = 0.045594, total loss = 0.214678, Epoch time: 1.08 seconds, remaining time: 13.27 minutes
Epoch #260: train loss = 0.433284, val loss = 0.058778, total loss = 0.246031, Epoch time: 1.08 seconds, remaining time: 13.25 minutes
Epoch #261: train loss = 0.447239, val loss = 0.055200, total loss = 0.251219, Epoch time: 1.08 seconds, remaining time: 13.23 minutes
Epoch #262: train loss = 0.598534, val loss = 0.083289, total loss = 0.340912, Epoch time: 1.08 seconds, remaining time: 13.21 minutes
Epoch #263: train loss = 0.466929, val loss = 0.061201, total loss = 0.264065, Epoch time: 1.08 seconds, remaining time: 13.20 minutes
Epoch #264: train loss = 0.461340, val loss = 0.054295, total loss = 0.257817, Epoch time: 1.08 seconds, remaining time: 13.18 minutes
Epoch #265: train loss = 0.465951, val loss = 0.052569, total loss = 0.259260, Epoch time: 1.08 seconds, remaining time: 13.16 minutes
Epoch #266: train loss = 0.376318, val loss = 0.046301, total loss = 0.211310, Epoch time: 1.08 seconds, remaining time: 13.15 minutes
Epoch #267: train loss = 0.469780, val loss = 0.056224, total loss = 0.263002, Epoch time: 1.08 seconds, remaining time: 13.13 minutes
Epoch #268: train loss = 0.446598, val loss = 0.047562, total loss = 0.247080, Epoch time: 1.08 seconds, remaining time: 13.12 minutes
Epoch #269: train loss = 0.475663, val loss = 0.050640, total loss = 0.263152, Epoch time: 1.08 seconds, remaining time: 13.10 minutes
Epoch #270: train loss = 0.526501, val loss = 0.055279, total loss = 0.290890, Epoch time: 1.08 seconds, remaining time: 13.08 minutes
Epoch #271: train loss = 0.567562, val loss = 0.047495, total loss = 0.307529, Epoch time: 1.08 seconds, remaining time: 13.06 minutes
Epoch #272: train loss = 0.423899, val loss = 0.054975, total loss = 0.239437, Epoch time: 1.08 seconds, remaining time: 13.04 minutes
Epoch #273: train loss = 0.475386, val loss = 0.041772, total loss = 0.258579, Epoch time: 1.08 seconds, remaining time: 13.02 minutes
Epoch #274: train loss = 0.486732, val loss = 0.056499, total loss = 0.271616, Epoch time: 1.08 seconds, remaining time: 13.00 minutes
Epoch #275: train loss = 0.381679, val loss = 0.042341, total loss = 0.212010, Epoch time: 1.08 seconds, remaining time: 12.98 minutes
Epoch #276: train loss = 0.403525, val loss = 0.049109, total loss = 0.226317, Epoch time: 1.08 seconds, remaining time: 12.96 minutes
Epoch #277: train loss = 0.333805, val loss = 0.034980, total loss = 0.184392, Epoch time: 1.08 seconds, remaining time: 12.94 minutes
Epoch #278: train loss = 0.364370, val loss = 0.034056, total loss = 0.199213, Epoch time: 1.08 seconds, remaining time: 12.92 minutes
Epoch #279: train loss = 0.341486, val loss = 0.041389, total loss = 0.191438, Epoch time: 1.08 seconds, remaining time: 12.90 minutes
Epoch #280: train loss = 0.326946, val loss = 0.037675, total loss = 0.182310, Epoch time: 1.08 seconds, remaining time: 12.89 minutes
Epoch #281: train loss = 0.401699, val loss = 0.048759, total loss = 0.225229, Epoch time: 1.08 seconds, remaining time: 12.87 minutes
Epoch #282: train loss = 0.413584, val loss = 0.045044, total loss = 0.229314, Epoch time: 1.08 seconds, remaining time: 12.85 minutes
Epoch #283: train loss = 0.478006, val loss = 0.048250, total loss = 0.263128, Epoch time: 1.07 seconds, remaining time: 12.83 minutes
Epoch #284: train loss = 0.478868, val loss = 0.051183, total loss = 0.265026, Epoch time: 1.07 seconds, remaining time: 12.81 minutes
Epoch #285: train loss = 0.422751, val loss = 0.048301, total loss = 0.235526, Epoch time: 1.07 seconds, remaining time: 12.79 minutes
Epoch #286: train loss = 0.417229, val loss = 0.042022, total loss = 0.229625, Epoch time: 1.07 seconds, remaining time: 12.77 minutes
Epoch #287: train loss = 0.430978, val loss = 0.039137, total loss = 0.235058, Epoch time: 1.07 seconds, remaining time: 12.75 minutes
Epoch #288: train loss = 0.497492, val loss = 0.053072, total loss = 0.275282, Epoch time: 1.07 seconds, remaining time: 12.73 minutes
Epoch #289: train loss = 0.581808, val loss = 0.069070, total loss = 0.325439, Epoch time: 1.07 seconds, remaining time: 12.71 minutes
Epoch #290: train loss = 0.396550, val loss = 0.043310, total loss = 0.219930, Epoch time: 1.07 seconds, remaining time: 12.70 minutes
Epoch #291: train loss = 0.423054, val loss = 0.048796, total loss = 0.235925, Epoch time: 1.07 seconds, remaining time: 12.68 minutes
Epoch #292: train loss = 0.406640, val loss = 0.044228, total loss = 0.225434, Epoch time: 1.07 seconds, remaining time: 12.66 minutes
Epoch #293: train loss = 0.419482, val loss = 0.045350, total loss = 0.232416, Epoch time: 1.07 seconds, remaining time: 12.64 minutes
Epoch #294: train loss = 0.378868, val loss = 0.036613, total loss = 0.207740, Epoch time: 1.07 seconds, remaining time: 12.62 minutes
Epoch #295: train loss = 0.430770, val loss = 0.052813, total loss = 0.241792, Epoch time: 1.07 seconds, remaining time: 12.60 minutes
Epoch #296: train loss = 0.405479, val loss = 0.046733, total loss = 0.226106, Epoch time: 1.07 seconds, remaining time: 12.58 minutes
Epoch #297: train loss = 0.489216, val loss = 0.047816, total loss = 0.268516, Epoch time: 1.07 seconds, remaining time: 12.56 minutes
Epoch #298: train loss = 0.458604, val loss = 0.046164, total loss = 0.252384, Epoch time: 1.07 seconds, remaining time: 12.54 minutes
Epoch #299: train loss = 0.478253, val loss = 0.064489, total loss = 0.271371, Epoch time: 1.07 seconds, remaining time: 12.52 minutes
Epoch #300: train loss = 0.491247, val loss = 0.051998, total loss = 0.271622, Epoch time: 1.07 seconds, remaining time: 12.50 minutes
Epoch #301: train loss = 0.537712, val loss = 0.063641, total loss = 0.300676, Epoch time: 1.07 seconds, remaining time: 12.48 minutes
Epoch #302: train loss = 0.431273, val loss = 0.054010, total loss = 0.242642, Epoch time: 1.07 seconds, remaining time: 12.46 minutes
Epoch #303: train loss = 0.431417, val loss = 0.049121, total loss = 0.240269, Epoch time: 1.07 seconds, remaining time: 12.44 minutes
Epoch #304: train loss = 0.335019, val loss = 0.039700, total loss = 0.187360, Epoch time: 1.07 seconds, remaining time: 12.43 minutes
Epoch #305: train loss = 0.416764, val loss = 0.041993, total loss = 0.229379, Epoch time: 1.07 seconds, remaining time: 12.41 minutes
Epoch #306: train loss = 0.395968, val loss = 0.040535, total loss = 0.218251, Epoch time: 1.07 seconds, remaining time: 12.39 minutes
Epoch #307: train loss = 0.510318, val loss = 0.055640, total loss = 0.282979, Epoch time: 1.07 seconds, remaining time: 12.37 minutes
Epoch #308: train loss = 0.449391, val loss = 0.055420, total loss = 0.252405, Epoch time: 1.07 seconds, remaining time: 12.35 minutes
Epoch #309: train loss = 0.507176, val loss = 0.065739, total loss = 0.286458, Epoch time: 1.07 seconds, remaining time: 12.33 minutes
Epoch #310: train loss = 0.408883, val loss = 0.052116, total loss = 0.230500, Epoch time: 1.07 seconds, remaining time: 12.31 minutes
Epoch #311: train loss = 0.407137, val loss = 0.055196, total loss = 0.231166, Epoch time: 1.07 seconds, remaining time: 12.29 minutes
Epoch #312: train loss = 0.394380, val loss = 0.045534, total loss = 0.219957, Epoch time: 1.07 seconds, remaining time: 12.28 minutes
Epoch #313: train loss = 0.296772, val loss = 0.033689, total loss = 0.165230, Epoch time: 1.07 seconds, remaining time: 12.26 minutes
Epoch #314: train loss = 0.463618, val loss = 0.047596, total loss = 0.255607, Epoch time: 1.07 seconds, remaining time: 12.24 minutes
Epoch #315: train loss = 0.405166, val loss = 0.046761, total loss = 0.225963, Epoch time: 1.07 seconds, remaining time: 12.22 minutes
Epoch #316: train loss = 0.348058, val loss = 0.036774, total loss = 0.192416, Epoch time: 1.07 seconds, remaining time: 12.20 minutes
Epoch #317: train loss = 0.380417, val loss = 0.041269, total loss = 0.210843, Epoch time: 1.07 seconds, remaining time: 12.18 minutes
Epoch #318: train loss = 0.414153, val loss = 0.045308, total loss = 0.229730, Epoch time: 1.07 seconds, remaining time: 12.16 minutes
Epoch #319: train loss = 0.304879, val loss = 0.036681, total loss = 0.170780, Epoch time: 1.07 seconds, remaining time: 12.15 minutes
Epoch #320: train loss = 0.408237, val loss = 0.039121, total loss = 0.223679, Epoch time: 1.07 seconds, remaining time: 12.13 minutes
Epoch #321: train loss = 0.436009, val loss = 0.044758, total loss = 0.240384, Epoch time: 1.07 seconds, remaining time: 12.11 minutes
Epoch #322: train loss = 0.436493, val loss = 0.049294, total loss = 0.242894, Epoch time: 1.07 seconds, remaining time: 12.09 minutes
Epoch #323: train loss = 0.495273, val loss = 0.072079, total loss = 0.283676, Epoch time: 1.07 seconds, remaining time: 12.07 minutes
Epoch #324: train loss = 0.406060, val loss = 0.045891, total loss = 0.225975, Epoch time: 1.07 seconds, remaining time: 12.05 minutes
Epoch #325: train loss = 0.528780, val loss = 0.056774, total loss = 0.292777, Epoch time: 1.07 seconds, remaining time: 12.03 minutes
Epoch #326: train loss = 0.313701, val loss = 0.036744, total loss = 0.175222, Epoch time: 1.07 seconds, remaining time: 12.01 minutes
Epoch #327: train loss = 0.542875, val loss = 0.048354, total loss = 0.295615, Epoch time: 1.07 seconds, remaining time: 11.99 minutes
Epoch #328: train loss = 0.410147, val loss = 0.048900, total loss = 0.229524, Epoch time: 1.07 seconds, remaining time: 11.97 minutes
Epoch #329: train loss = 0.504154, val loss = 0.039585, total loss = 0.271869, Epoch time: 1.07 seconds, remaining time: 11.96 minutes
Epoch #330: train loss = 0.425663, val loss = 0.042223, total loss = 0.233943, Epoch time: 1.07 seconds, remaining time: 11.94 minutes
Epoch #331: train loss = 0.374291, val loss = 0.039643, total loss = 0.206967, Epoch time: 1.07 seconds, remaining time: 11.92 minutes
Epoch #332: train loss = 0.396239, val loss = 0.039722, total loss = 0.217981, Epoch time: 1.07 seconds, remaining time: 11.90 minutes
Epoch #333: train loss = 0.397418, val loss = 0.046826, total loss = 0.222122, Epoch time: 1.07 seconds, remaining time: 11.88 minutes
Epoch #334: train loss = 0.398413, val loss = 0.033752, total loss = 0.216083, Epoch time: 1.07 seconds, remaining time: 11.86 minutes
Epoch #335: train loss = 0.499793, val loss = 0.045020, total loss = 0.272406, Epoch time: 1.07 seconds, remaining time: 11.84 minutes
Epoch #336: train loss = 0.353403, val loss = 0.045198, total loss = 0.199301, Epoch time: 1.07 seconds, remaining time: 11.83 minutes
Epoch #337: train loss = 0.329648, val loss = 0.042171, total loss = 0.185909, Epoch time: 1.07 seconds, remaining time: 11.81 minutes
Epoch #338: train loss = 0.305408, val loss = 0.035031, total loss = 0.170219, Epoch time: 1.07 seconds, remaining time: 11.79 minutes
Epoch #339: train loss = 0.351856, val loss = 0.038845, total loss = 0.195351, Epoch time: 1.07 seconds, remaining time: 11.77 minutes
Epoch #340: train loss = 0.526991, val loss = 0.051840, total loss = 0.289416, Epoch time: 1.07 seconds, remaining time: 11.75 minutes
Epoch #341: train loss = 0.338302, val loss = 0.032968, total loss = 0.185635, Epoch time: 1.07 seconds, remaining time: 11.73 minutes
Epoch #342: train loss = 0.372068, val loss = 0.038467, total loss = 0.205267, Epoch time: 1.07 seconds, remaining time: 11.72 minutes
Epoch #343: train loss = 0.404552, val loss = 0.046368, total loss = 0.225460, Epoch time: 1.07 seconds, remaining time: 11.70 minutes
Epoch #344: train loss = 0.401355, val loss = 0.045709, total loss = 0.223532, Epoch time: 1.07 seconds, remaining time: 11.68 minutes
Epoch #345: train loss = 0.433890, val loss = 0.047197, total loss = 0.240544, Epoch time: 1.07 seconds, remaining time: 11.66 minutes
Epoch #346: train loss = 0.357380, val loss = 0.031354, total loss = 0.194367, Epoch time: 1.07 seconds, remaining time: 11.64 minutes
Epoch #347: train loss = 0.475108, val loss = 0.045956, total loss = 0.260532, Epoch time: 1.07 seconds, remaining time: 11.62 minutes
Epoch #348: train loss = 0.321193, val loss = 0.040535, total loss = 0.180864, Epoch time: 1.07 seconds, remaining time: 11.60 minutes
Epoch #349: train loss = 0.278782, val loss = 0.035012, total loss = 0.156897, Epoch time: 1.07 seconds, remaining time: 11.59 minutes
Epoch #350: train loss = 0.403223, val loss = 0.052375, total loss = 0.227799, Epoch time: 1.07 seconds, remaining time: 11.57 minutes
Epoch #351: train loss = 0.321186, val loss = 0.040593, total loss = 0.180889, Epoch time: 1.07 seconds, remaining time: 11.55 minutes
Epoch #352: train loss = 0.396799, val loss = 0.051595, total loss = 0.224197, Epoch time: 1.07 seconds, remaining time: 11.53 minutes
Epoch #353: train loss = 0.522312, val loss = 0.057084, total loss = 0.289698, Epoch time: 1.07 seconds, remaining time: 11.51 minutes
Epoch #354: train loss = 0.419909, val loss = 0.041420, total loss = 0.230664, Epoch time: 1.07 seconds, remaining time: 11.49 minutes
Epoch #355: train loss = 0.377422, val loss = 0.044295, total loss = 0.210858, Epoch time: 1.07 seconds, remaining time: 11.47 minutes
Epoch #356: train loss = 0.461624, val loss = 0.046130, total loss = 0.253877, Epoch time: 1.07 seconds, remaining time: 11.45 minutes
Epoch #357: train loss = 0.539018, val loss = 0.057068, total loss = 0.298043, Epoch time: 1.07 seconds, remaining time: 11.44 minutes
Epoch #358: train loss = 0.435193, val loss = 0.050653, total loss = 0.242923, Epoch time: 1.07 seconds, remaining time: 11.42 minutes
Epoch #359: train loss = 0.414092, val loss = 0.051339, total loss = 0.232716, Epoch time: 1.07 seconds, remaining time: 11.40 minutes
Epoch #360: train loss = 0.378503, val loss = 0.040214, total loss = 0.209359, Epoch time: 1.07 seconds, remaining time: 11.38 minutes
Epoch #361: train loss = 0.424102, val loss = 0.042613, total loss = 0.233358, Epoch time: 1.07 seconds, remaining time: 11.36 minutes
Epoch #362: train loss = 0.354173, val loss = 0.034109, total loss = 0.194141, Epoch time: 1.07 seconds, remaining time: 11.35 minutes
Epoch #363: train loss = 0.273005, val loss = 0.028053, total loss = 0.150529, Epoch time: 1.07 seconds, remaining time: 11.33 minutes
Epoch #364: train loss = 0.334962, val loss = 0.031813, total loss = 0.183387, Epoch time: 1.07 seconds, remaining time: 11.31 minutes
Epoch #365: train loss = 0.413867, val loss = 0.044711, total loss = 0.229289, Epoch time: 1.07 seconds, remaining time: 11.29 minutes
Epoch #366: train loss = 0.390372, val loss = 0.047907, total loss = 0.219140, Epoch time: 1.07 seconds, remaining time: 11.27 minutes
Epoch #367: train loss = 0.412101, val loss = 0.044026, total loss = 0.228064, Epoch time: 1.07 seconds, remaining time: 11.26 minutes
Epoch #368: train loss = 0.428864, val loss = 0.035450, total loss = 0.232157, Epoch time: 1.07 seconds, remaining time: 11.24 minutes
Epoch #369: train loss = 0.366539, val loss = 0.042145, total loss = 0.204342, Epoch time: 1.07 seconds, remaining time: 11.22 minutes
Epoch #370: train loss = 0.506342, val loss = 0.060509, total loss = 0.283425, Epoch time: 1.07 seconds, remaining time: 11.20 minutes
Epoch #371: train loss = 0.521680, val loss = 0.060307, total loss = 0.290994, Epoch time: 1.07 seconds, remaining time: 11.18 minutes
Epoch #372: train loss = 0.473994, val loss = 0.055597, total loss = 0.264795, Epoch time: 1.07 seconds, remaining time: 11.16 minutes
Epoch #373: train loss = 0.634836, val loss = 0.065751, total loss = 0.350293, Epoch time: 1.07 seconds, remaining time: 11.14 minutes
Epoch #374: train loss = 0.460213, val loss = 0.055719, total loss = 0.257966, Epoch time: 1.07 seconds, remaining time: 11.12 minutes
Epoch #375: train loss = 0.389330, val loss = 0.047663, total loss = 0.218497, Epoch time: 1.07 seconds, remaining time: 11.11 minutes
Epoch #376: train loss = 0.508033, val loss = 0.059563, total loss = 0.283798, Epoch time: 1.07 seconds, remaining time: 11.09 minutes
Epoch #377: train loss = 0.533082, val loss = 0.044776, total loss = 0.288929, Epoch time: 1.07 seconds, remaining time: 11.07 minutes
Epoch #378: train loss = 0.406336, val loss = 0.041417, total loss = 0.223876, Epoch time: 1.07 seconds, remaining time: 11.05 minutes
Epoch #379: train loss = 0.400873, val loss = 0.048331, total loss = 0.224602, Epoch time: 1.07 seconds, remaining time: 11.03 minutes
Epoch #380: train loss = 0.490128, val loss = 0.055767, total loss = 0.272948, Epoch time: 1.07 seconds, remaining time: 11.01 minutes
Epoch #381: train loss = 0.405002, val loss = 0.045782, total loss = 0.225392, Epoch time: 1.07 seconds, remaining time: 11.00 minutes
Epoch #382: train loss = 0.314453, val loss = 0.045191, total loss = 0.179822, Epoch time: 1.07 seconds, remaining time: 10.98 minutes
Epoch #383: train loss = 0.342343, val loss = 0.035566, total loss = 0.188954, Epoch time: 1.07 seconds, remaining time: 10.96 minutes
Epoch #384: train loss = 0.426379, val loss = 0.042297, total loss = 0.234338, Epoch time: 1.07 seconds, remaining time: 10.94 minutes
Epoch #385: train loss = 0.426862, val loss = 0.049277, total loss = 0.238070, Epoch time: 1.07 seconds, remaining time: 10.92 minutes
Epoch #386: train loss = 0.375497, val loss = 0.042367, total loss = 0.208932, Epoch time: 1.07 seconds, remaining time: 10.90 minutes
Epoch #387: train loss = 0.487470, val loss = 0.051473, total loss = 0.269472, Epoch time: 1.07 seconds, remaining time: 10.88 minutes
Epoch #388: train loss = 0.338649, val loss = 0.040780, total loss = 0.189715, Epoch time: 1.07 seconds, remaining time: 10.87 minutes
Epoch #389: train loss = 0.347560, val loss = 0.047864, total loss = 0.197712, Epoch time: 1.07 seconds, remaining time: 10.85 minutes
Epoch #390: train loss = 0.417678, val loss = 0.041856, total loss = 0.229767, Epoch time: 1.07 seconds, remaining time: 10.83 minutes
Epoch #391: train loss = 0.363989, val loss = 0.047349, total loss = 0.205669, Epoch time: 1.07 seconds, remaining time: 10.81 minutes
Epoch #392: train loss = 0.397583, val loss = 0.048129, total loss = 0.222856, Epoch time: 1.07 seconds, remaining time: 10.79 minutes
Epoch #393: train loss = 0.432723, val loss = 0.048681, total loss = 0.240702, Epoch time: 1.07 seconds, remaining time: 10.78 minutes
Epoch #394: train loss = 0.417201, val loss = 0.044797, total loss = 0.230999, Epoch time: 1.07 seconds, remaining time: 10.76 minutes
Epoch #395: train loss = 0.375242, val loss = 0.039315, total loss = 0.207278, Epoch time: 1.07 seconds, remaining time: 10.74 minutes
Epoch #396: train loss = 0.411664, val loss = 0.046722, total loss = 0.229193, Epoch time: 1.07 seconds, remaining time: 10.72 minutes
Epoch #397: train loss = 0.575058, val loss = 0.060619, total loss = 0.317839, Epoch time: 1.07 seconds, remaining time: 10.70 minutes
Epoch #398: train loss = 0.426271, val loss = 0.047300, total loss = 0.236785, Epoch time: 1.07 seconds, remaining time: 10.68 minutes
Epoch #399: train loss = 0.358688, val loss = 0.039117, total loss = 0.198903, Epoch time: 1.07 seconds, remaining time: 10.67 minutes
Epoch #400: train loss = 0.492533, val loss = 0.047721, total loss = 0.270127, Epoch time: 1.07 seconds, remaining time: 10.65 minutes
Epoch #401: train loss = 0.444920, val loss = 0.047301, total loss = 0.246110, Epoch time: 1.07 seconds, remaining time: 10.63 minutes
Epoch #402: train loss = 0.387342, val loss = 0.039324, total loss = 0.213333, Epoch time: 1.07 seconds, remaining time: 10.61 minutes
Epoch #403: train loss = 0.348966, val loss = 0.042955, total loss = 0.195960, Epoch time: 1.07 seconds, remaining time: 10.59 minutes
Epoch #404: train loss = 0.340001, val loss = 0.035032, total loss = 0.187517, Epoch time: 1.07 seconds, remaining time: 10.57 minutes
Epoch #405: train loss = 0.444978, val loss = 0.053730, total loss = 0.249354, Epoch time: 1.07 seconds, remaining time: 10.56 minutes
Epoch #406: train loss = 0.352142, val loss = 0.038284, total loss = 0.195213, Epoch time: 1.07 seconds, remaining time: 10.54 minutes
Epoch #407: train loss = 0.412754, val loss = 0.051177, total loss = 0.231966, Epoch time: 1.07 seconds, remaining time: 10.52 minutes
Epoch #408: train loss = 0.468533, val loss = 0.042949, total loss = 0.255741, Epoch time: 1.07 seconds, remaining time: 10.50 minutes
Epoch #409: train loss = 0.479400, val loss = 0.038006, total loss = 0.258703, Epoch time: 1.07 seconds, remaining time: 10.49 minutes
Epoch #410: train loss = 0.528624, val loss = 0.057169, total loss = 0.292896, Epoch time: 1.07 seconds, remaining time: 10.47 minutes
Epoch #411: train loss = 0.436801, val loss = 0.051249, total loss = 0.244025, Epoch time: 1.07 seconds, remaining time: 10.45 minutes
Epoch #412: train loss = 0.384602, val loss = 0.051285, total loss = 0.217943, Epoch time: 1.07 seconds, remaining time: 10.44 minutes
Epoch #413: train loss = 0.336803, val loss = 0.039219, total loss = 0.188011, Epoch time: 1.07 seconds, remaining time: 10.42 minutes
Epoch #414: train loss = 0.462861, val loss = 0.046445, total loss = 0.254653, Epoch time: 1.07 seconds, remaining time: 10.41 minutes
Epoch #415: train loss = 0.379032, val loss = 0.043254, total loss = 0.211143, Epoch time: 1.07 seconds, remaining time: 10.39 minutes
Epoch #416: train loss = 0.314784, val loss = 0.035259, total loss = 0.175022, Epoch time: 1.07 seconds, remaining time: 10.37 minutes
Epoch #417: train loss = 0.465513, val loss = 0.057093, total loss = 0.261303, Epoch time: 1.07 seconds, remaining time: 10.35 minutes
Epoch #418: train loss = 0.445343, val loss = 0.045065, total loss = 0.245204, Epoch time: 1.07 seconds, remaining time: 10.33 minutes
Epoch #419: train loss = 0.389892, val loss = 0.041111, total loss = 0.215502, Epoch time: 1.07 seconds, remaining time: 10.32 minutes
Epoch #420: train loss = 0.439125, val loss = 0.040010, total loss = 0.239567, Epoch time: 1.07 seconds, remaining time: 10.30 minutes
Epoch #421: train loss = 0.569216, val loss = 0.057461, total loss = 0.313338, Epoch time: 1.07 seconds, remaining time: 10.28 minutes
Epoch #422: train loss = 0.398742, val loss = 0.050588, total loss = 0.224665, Epoch time: 1.07 seconds, remaining time: 10.26 minutes
Epoch #423: train loss = 0.411734, val loss = 0.042254, total loss = 0.226994, Epoch time: 1.07 seconds, remaining time: 10.24 minutes
Epoch #424: train loss = 0.545936, val loss = 0.052009, total loss = 0.298973, Epoch time: 1.07 seconds, remaining time: 10.22 minutes
Epoch #425: train loss = 0.425175, val loss = 0.042887, total loss = 0.234031, Epoch time: 1.07 seconds, remaining time: 10.21 minutes
Epoch #426: train loss = 0.353965, val loss = 0.038316, total loss = 0.196141, Epoch time: 1.07 seconds, remaining time: 10.19 minutes
Epoch #427: train loss = 0.378967, val loss = 0.031715, total loss = 0.205341, Epoch time: 1.07 seconds, remaining time: 10.17 minutes
Epoch #428: train loss = 0.378636, val loss = 0.038387, total loss = 0.208512, Epoch time: 1.07 seconds, remaining time: 10.15 minutes
Epoch #429: train loss = 0.328171, val loss = 0.032073, total loss = 0.180122, Epoch time: 1.07 seconds, remaining time: 10.14 minutes
Epoch #430: train loss = 0.397067, val loss = 0.032922, total loss = 0.214995, Epoch time: 1.07 seconds, remaining time: 10.12 minutes
Epoch #431: train loss = 0.399518, val loss = 0.046648, total loss = 0.223083, Epoch time: 1.07 seconds, remaining time: 10.10 minutes
Epoch #432: train loss = 0.444718, val loss = 0.044302, total loss = 0.244510, Epoch time: 1.07 seconds, remaining time: 10.08 minutes
Epoch #433: train loss = 0.399097, val loss = 0.038279, total loss = 0.218688, Epoch time: 1.07 seconds, remaining time: 10.06 minutes
Epoch #434: train loss = 0.422362, val loss = 0.060494, total loss = 0.241428, Epoch time: 1.07 seconds, remaining time: 10.05 minutes
Epoch #435: train loss = 0.444118, val loss = 0.049398, total loss = 0.246758, Epoch time: 1.07 seconds, remaining time: 10.03 minutes
Epoch #436: train loss = 0.470470, val loss = 0.044275, total loss = 0.257373, Epoch time: 1.07 seconds, remaining time: 10.01 minutes
Epoch #437: train loss = 0.363949, val loss = 0.036180, total loss = 0.200065, Epoch time: 1.07 seconds, remaining time: 9.99 minutes
Epoch #438: train loss = 0.372512, val loss = 0.045230, total loss = 0.208871, Epoch time: 1.07 seconds, remaining time: 9.97 minutes
Epoch #439: train loss = 0.434242, val loss = 0.058615, total loss = 0.246428, Epoch time: 1.07 seconds, remaining time: 9.95 minutes
Epoch #440: train loss = 0.359005, val loss = 0.046846, total loss = 0.202925, Epoch time: 1.07 seconds, remaining time: 9.93 minutes
Epoch #441: train loss = 0.387609, val loss = 0.039516, total loss = 0.213562, Epoch time: 1.07 seconds, remaining time: 9.92 minutes
Epoch #442: train loss = 0.318566, val loss = 0.040583, total loss = 0.179574, Epoch time: 1.07 seconds, remaining time: 9.90 minutes
Epoch #443: train loss = 0.366630, val loss = 0.043263, total loss = 0.204946, Epoch time: 1.07 seconds, remaining time: 9.88 minutes
Epoch #444: train loss = 0.397835, val loss = 0.052105, total loss = 0.224970, Epoch time: 1.07 seconds, remaining time: 9.86 minutes
Epoch #445: train loss = 0.363325, val loss = 0.041869, total loss = 0.202597, Epoch time: 1.07 seconds, remaining time: 9.84 minutes
Epoch #446: train loss = 0.358834, val loss = 0.039841, total loss = 0.199338, Epoch time: 1.07 seconds, remaining time: 9.82 minutes
Epoch #447: train loss = 0.360896, val loss = 0.040442, total loss = 0.200669, Epoch time: 1.07 seconds, remaining time: 9.81 minutes
Epoch #448: train loss = 0.311507, val loss = 0.031232, total loss = 0.171369, Epoch time: 1.07 seconds, remaining time: 9.79 minutes
Epoch #449: train loss = 0.314011, val loss = 0.029831, total loss = 0.171921, Epoch time: 1.07 seconds, remaining time: 9.77 minutes
Epoch #450: train loss = 0.368286, val loss = 0.034383, total loss = 0.201334, Epoch time: 1.07 seconds, remaining time: 9.75 minutes
Epoch #451: train loss = 0.372357, val loss = 0.043114, total loss = 0.207735, Epoch time: 1.07 seconds, remaining time: 9.73 minutes
Epoch #452: train loss = 0.253026, val loss = 0.038421, total loss = 0.145723, Epoch time: 1.07 seconds, remaining time: 9.72 minutes
Epoch #453: train loss = 0.412763, val loss = 0.040117, total loss = 0.226440, Epoch time: 1.07 seconds, remaining time: 9.70 minutes
Epoch #454: train loss = 0.490135, val loss = 0.059103, total loss = 0.274619, Epoch time: 1.07 seconds, remaining time: 9.68 minutes
Epoch #455: train loss = 0.354406, val loss = 0.038522, total loss = 0.196464, Epoch time: 1.07 seconds, remaining time: 9.66 minutes
Epoch #456: train loss = 0.394099, val loss = 0.036347, total loss = 0.215223, Epoch time: 1.07 seconds, remaining time: 9.64 minutes
Epoch #457: train loss = 0.351333, val loss = 0.040378, total loss = 0.195855, Epoch time: 1.07 seconds, remaining time: 9.62 minutes
Epoch #458: train loss = 0.338907, val loss = 0.043524, total loss = 0.191216, Epoch time: 1.07 seconds, remaining time: 9.61 minutes
Epoch #459: train loss = 0.350648, val loss = 0.042547, total loss = 0.196598, Epoch time: 1.07 seconds, remaining time: 9.59 minutes
Epoch #460: train loss = 0.313869, val loss = 0.035993, total loss = 0.174931, Epoch time: 1.07 seconds, remaining time: 9.57 minutes
Epoch #461: train loss = 0.431010, val loss = 0.041272, total loss = 0.236141, Epoch time: 1.07 seconds, remaining time: 9.55 minutes
Epoch #462: train loss = 0.377522, val loss = 0.040638, total loss = 0.209080, Epoch time: 1.07 seconds, remaining time: 9.53 minutes
Epoch #463: train loss = 0.324140, val loss = 0.036340, total loss = 0.180240, Epoch time: 1.07 seconds, remaining time: 9.52 minutes
Epoch #464: train loss = 0.273461, val loss = 0.031292, total loss = 0.152376, Epoch time: 1.07 seconds, remaining time: 9.50 minutes
Epoch #465: train loss = 0.416570, val loss = 0.036661, total loss = 0.226616, Epoch time: 1.07 seconds, remaining time: 9.48 minutes
Epoch #466: train loss = 0.338056, val loss = 0.034160, total loss = 0.186108, Epoch time: 1.07 seconds, remaining time: 9.46 minutes
Epoch #467: train loss = 0.329481, val loss = 0.036617, total loss = 0.183049, Epoch time: 1.07 seconds, remaining time: 9.45 minutes
Epoch #468: train loss = 0.349731, val loss = 0.031804, total loss = 0.190768, Epoch time: 1.07 seconds, remaining time: 9.43 minutes
Epoch #469: train loss = 0.359749, val loss = 0.034131, total loss = 0.196940, Epoch time: 1.07 seconds, remaining time: 9.41 minutes
Epoch #470: train loss = 0.343187, val loss = 0.035028, total loss = 0.189107, Epoch time: 1.07 seconds, remaining time: 9.39 minutes
Epoch #471: train loss = 0.486166, val loss = 0.060281, total loss = 0.273224, Epoch time: 1.07 seconds, remaining time: 9.37 minutes
Epoch #472: train loss = 0.346331, val loss = 0.038753, total loss = 0.192542, Epoch time: 1.07 seconds, remaining time: 9.35 minutes
Epoch #473: train loss = 0.506470, val loss = 0.050481, total loss = 0.278475, Epoch time: 1.06 seconds, remaining time: 9.34 minutes
Epoch #474: train loss = 0.349745, val loss = 0.040596, total loss = 0.195170, Epoch time: 1.06 seconds, remaining time: 9.32 minutes
Epoch #475: train loss = 0.476285, val loss = 0.044318, total loss = 0.260302, Epoch time: 1.06 seconds, remaining time: 9.30 minutes
Epoch #476: train loss = 0.370493, val loss = 0.039766, total loss = 0.205130, Epoch time: 1.06 seconds, remaining time: 9.28 minutes
Epoch #477: train loss = 0.391988, val loss = 0.048471, total loss = 0.220229, Epoch time: 1.06 seconds, remaining time: 9.26 minutes
Epoch #478: train loss = 0.325212, val loss = 0.033605, total loss = 0.179408, Epoch time: 1.06 seconds, remaining time: 9.25 minutes
Epoch #479: train loss = 0.308801, val loss = 0.031412, total loss = 0.170107, Epoch time: 1.06 seconds, remaining time: 9.23 minutes
Epoch #480: train loss = 0.367081, val loss = 0.035773, total loss = 0.201427, Epoch time: 1.06 seconds, remaining time: 9.21 minutes
Epoch #481: train loss = 0.363338, val loss = 0.040992, total loss = 0.202165, Epoch time: 1.06 seconds, remaining time: 9.19 minutes
Epoch #482: train loss = 0.474961, val loss = 0.051268, total loss = 0.263114, Epoch time: 1.06 seconds, remaining time: 9.17 minutes
Epoch #483: train loss = 0.286393, val loss = 0.029460, total loss = 0.157926, Epoch time: 1.06 seconds, remaining time: 9.16 minutes
Epoch #484: train loss = 0.341580, val loss = 0.033288, total loss = 0.187434, Epoch time: 1.06 seconds, remaining time: 9.14 minutes
Epoch #485: train loss = 0.344105, val loss = 0.037244, total loss = 0.190674, Epoch time: 1.06 seconds, remaining time: 9.12 minutes
Epoch #486: train loss = 0.329683, val loss = 0.039242, total loss = 0.184462, Epoch time: 1.06 seconds, remaining time: 9.10 minutes
Epoch #487: train loss = 0.280476, val loss = 0.031134, total loss = 0.155805, Epoch time: 1.06 seconds, remaining time: 9.08 minutes
Epoch #488: train loss = 0.448207, val loss = 0.039007, total loss = 0.243607, Epoch time: 1.06 seconds, remaining time: 9.07 minutes
Epoch #489: train loss = 0.394086, val loss = 0.036470, total loss = 0.215278, Epoch time: 1.06 seconds, remaining time: 9.05 minutes
Epoch #490: train loss = 0.404573, val loss = 0.039016, total loss = 0.221794, Epoch time: 1.06 seconds, remaining time: 9.03 minutes
Epoch #491: train loss = 0.321029, val loss = 0.032742, total loss = 0.176885, Epoch time: 1.06 seconds, remaining time: 9.01 minutes
Epoch #492: train loss = 0.343815, val loss = 0.038043, total loss = 0.190929, Epoch time: 1.06 seconds, remaining time: 8.99 minutes
Epoch #493: train loss = 0.347103, val loss = 0.038530, total loss = 0.192817, Epoch time: 1.06 seconds, remaining time: 8.97 minutes
Epoch #494: train loss = 0.496266, val loss = 0.048728, total loss = 0.272497, Epoch time: 1.06 seconds, remaining time: 8.96 minutes
Epoch #495: train loss = 0.414312, val loss = 0.046903, total loss = 0.230608, Epoch time: 1.06 seconds, remaining time: 8.94 minutes
Epoch #496: train loss = 0.478513, val loss = 0.044946, total loss = 0.261730, Epoch time: 1.06 seconds, remaining time: 8.92 minutes
Epoch #497: train loss = 0.473744, val loss = 0.044897, total loss = 0.259320, Epoch time: 1.06 seconds, remaining time: 8.90 minutes
Epoch #498: train loss = 0.419191, val loss = 0.051007, total loss = 0.235099, Epoch time: 1.06 seconds, remaining time: 8.88 minutes
Epoch #499: train loss = 0.464407, val loss = 0.044082, total loss = 0.254245, Epoch time: 1.06 seconds, remaining time: 8.87 minutes
Epoch #500: train loss = 0.400638, val loss = 0.035348, total loss = 0.217993, Epoch time: 1.06 seconds, remaining time: 8.85 minutes
Epoch #501: train loss = 0.344416, val loss = 0.043401, total loss = 0.193908, Epoch time: 1.06 seconds, remaining time: 8.83 minutes
Epoch #502: train loss = 0.360064, val loss = 0.029248, total loss = 0.194656, Epoch time: 1.06 seconds, remaining time: 8.81 minutes
Epoch #503: train loss = 0.421879, val loss = 0.044226, total loss = 0.233053, Epoch time: 1.06 seconds, remaining time: 8.79 minutes
Epoch #504: train loss = 0.358594, val loss = 0.035724, total loss = 0.197159, Epoch time: 1.06 seconds, remaining time: 8.77 minutes
Epoch #505: train loss = 0.336089, val loss = 0.030181, total loss = 0.183135, Epoch time: 1.06 seconds, remaining time: 8.76 minutes
Epoch #506: train loss = 0.355066, val loss = 0.028013, total loss = 0.191540, Epoch time: 1.06 seconds, remaining time: 8.74 minutes
Epoch #507: train loss = 0.393340, val loss = 0.037038, total loss = 0.215189, Epoch time: 1.06 seconds, remaining time: 8.72 minutes
Epoch #508: train loss = 0.381689, val loss = 0.039282, total loss = 0.210486, Epoch time: 1.06 seconds, remaining time: 8.70 minutes
Epoch #509: train loss = 0.346691, val loss = 0.040713, total loss = 0.193702, Epoch time: 1.06 seconds, remaining time: 8.69 minutes
Epoch #510: train loss = 0.363205, val loss = 0.037247, total loss = 0.200226, Epoch time: 1.06 seconds, remaining time: 8.67 minutes
Epoch #511: train loss = 0.393912, val loss = 0.040333, total loss = 0.217123, Epoch time: 1.06 seconds, remaining time: 8.65 minutes
Epoch #512: train loss = 0.337776, val loss = 0.041217, total loss = 0.189496, Epoch time: 1.06 seconds, remaining time: 8.63 minutes
Epoch #513: train loss = 0.303303, val loss = 0.036090, total loss = 0.169696, Epoch time: 1.06 seconds, remaining time: 8.62 minutes
Epoch #514: train loss = 0.406272, val loss = 0.038732, total loss = 0.222502, Epoch time: 1.06 seconds, remaining time: 8.60 minutes
Epoch #515: train loss = 0.312456, val loss = 0.036585, total loss = 0.174521, Epoch time: 1.06 seconds, remaining time: 8.58 minutes
Epoch #516: train loss = 0.428576, val loss = 0.042853, total loss = 0.235715, Epoch time: 1.06 seconds, remaining time: 8.56 minutes
Epoch #517: train loss = 0.366310, val loss = 0.041409, total loss = 0.203860, Epoch time: 1.06 seconds, remaining time: 8.54 minutes
Epoch #518: train loss = 0.382481, val loss = 0.035751, total loss = 0.209116, Epoch time: 1.06 seconds, remaining time: 8.53 minutes
Epoch #519: train loss = 0.385145, val loss = 0.035406, total loss = 0.210275, Epoch time: 1.06 seconds, remaining time: 8.51 minutes
Epoch #520: train loss = 0.418987, val loss = 0.039394, total loss = 0.229190, Epoch time: 1.06 seconds, remaining time: 8.49 minutes
Epoch #521: train loss = 0.369395, val loss = 0.031759, total loss = 0.200577, Epoch time: 1.06 seconds, remaining time: 8.48 minutes
Epoch #522: train loss = 0.447511, val loss = 0.058487, total loss = 0.252999, Epoch time: 1.06 seconds, remaining time: 8.46 minutes
Epoch #523: train loss = 0.360690, val loss = 0.038462, total loss = 0.199576, Epoch time: 1.06 seconds, remaining time: 8.44 minutes
Epoch #524: train loss = 0.505490, val loss = 0.060580, total loss = 0.283035, Epoch time: 1.06 seconds, remaining time: 8.42 minutes
Epoch #525: train loss = 0.479132, val loss = 0.055796, total loss = 0.267464, Epoch time: 1.06 seconds, remaining time: 8.40 minutes
Epoch #526: train loss = 0.359064, val loss = 0.044795, total loss = 0.201930, Epoch time: 1.06 seconds, remaining time: 8.39 minutes
Epoch #527: train loss = 0.362811, val loss = 0.044772, total loss = 0.203792, Epoch time: 1.06 seconds, remaining time: 8.37 minutes
Epoch #528: train loss = 0.332080, val loss = 0.036320, total loss = 0.184200, Epoch time: 1.06 seconds, remaining time: 8.35 minutes
Epoch #529: train loss = 0.369640, val loss = 0.037837, total loss = 0.203738, Epoch time: 1.06 seconds, remaining time: 8.33 minutes
Epoch #530: train loss = 0.477556, val loss = 0.051634, total loss = 0.264595, Epoch time: 1.06 seconds, remaining time: 8.31 minutes
Epoch #531: train loss = 0.486850, val loss = 0.043147, total loss = 0.264998, Epoch time: 1.06 seconds, remaining time: 8.30 minutes
Epoch #532: train loss = 0.404840, val loss = 0.046238, total loss = 0.225539, Epoch time: 1.06 seconds, remaining time: 8.28 minutes
Epoch #533: train loss = 0.422125, val loss = 0.044711, total loss = 0.233418, Epoch time: 1.06 seconds, remaining time: 8.26 minutes
Epoch #534: train loss = 0.342602, val loss = 0.043847, total loss = 0.193225, Epoch time: 1.06 seconds, remaining time: 8.24 minutes
Epoch #535: train loss = 0.396284, val loss = 0.045937, total loss = 0.221111, Epoch time: 1.06 seconds, remaining time: 8.23 minutes
Epoch #536: train loss = 0.391933, val loss = 0.046693, total loss = 0.219313, Epoch time: 1.06 seconds, remaining time: 8.21 minutes
Epoch #537: train loss = 0.372537, val loss = 0.043606, total loss = 0.208071, Epoch time: 1.06 seconds, remaining time: 8.19 minutes
Epoch #538: train loss = 0.405756, val loss = 0.049678, total loss = 0.227717, Epoch time: 1.06 seconds, remaining time: 8.17 minutes
Epoch #539: train loss = 0.373398, val loss = 0.046886, total loss = 0.210142, Epoch time: 1.06 seconds, remaining time: 8.16 minutes
Epoch #540: train loss = 0.346963, val loss = 0.032417, total loss = 0.189690, Epoch time: 1.06 seconds, remaining time: 8.14 minutes
Epoch #541: train loss = 0.485608, val loss = 0.047516, total loss = 0.266562, Epoch time: 1.06 seconds, remaining time: 8.12 minutes
Epoch #542: train loss = 0.388378, val loss = 0.042833, total loss = 0.215606, Epoch time: 1.06 seconds, remaining time: 8.10 minutes
Epoch #543: train loss = 0.294526, val loss = 0.038653, total loss = 0.166590, Epoch time: 1.06 seconds, remaining time: 8.09 minutes
Epoch #544: train loss = 0.254898, val loss = 0.031091, total loss = 0.142995, Epoch time: 1.06 seconds, remaining time: 8.07 minutes
Epoch #545: train loss = 0.369472, val loss = 0.044128, total loss = 0.206800, Epoch time: 1.06 seconds, remaining time: 8.05 minutes
Epoch #546: train loss = 0.434511, val loss = 0.046563, total loss = 0.240537, Epoch time: 1.06 seconds, remaining time: 8.03 minutes
Epoch #547: train loss = 0.378689, val loss = 0.036776, total loss = 0.207733, Epoch time: 1.06 seconds, remaining time: 8.02 minutes
Epoch #548: train loss = 0.372106, val loss = 0.045130, total loss = 0.208618, Epoch time: 1.06 seconds, remaining time: 8.00 minutes
Epoch #549: train loss = 0.384034, val loss = 0.039435, total loss = 0.211735, Epoch time: 1.06 seconds, remaining time: 7.98 minutes
Epoch #550: train loss = 0.333826, val loss = 0.039957, total loss = 0.186891, Epoch time: 1.06 seconds, remaining time: 7.96 minutes
Epoch #551: train loss = 0.294953, val loss = 0.034836, total loss = 0.164894, Epoch time: 1.06 seconds, remaining time: 7.94 minutes
Epoch #552: train loss = 0.272854, val loss = 0.030670, total loss = 0.151762, Epoch time: 1.06 seconds, remaining time: 7.93 minutes
Epoch #553: train loss = 0.312441, val loss = 0.025688, total loss = 0.169065, Epoch time: 1.06 seconds, remaining time: 7.91 minutes
Epoch #554: train loss = 0.387269, val loss = 0.033318, total loss = 0.210294, Epoch time: 1.06 seconds, remaining time: 7.90 minutes
Epoch #555: train loss = 0.393428, val loss = 0.041460, total loss = 0.217444, Epoch time: 1.07 seconds, remaining time: 7.88 minutes
Epoch #556: train loss = 0.384921, val loss = 0.034212, total loss = 0.209566, Epoch time: 1.07 seconds, remaining time: 7.87 minutes
Epoch #557: train loss = 0.287916, val loss = 0.031625, total loss = 0.159770, Epoch time: 1.07 seconds, remaining time: 7.85 minutes
Epoch #558: train loss = 0.302771, val loss = 0.029799, total loss = 0.166285, Epoch time: 1.07 seconds, remaining time: 7.83 minutes
Epoch #559: train loss = 0.455770, val loss = 0.046886, total loss = 0.251328, Epoch time: 1.07 seconds, remaining time: 7.82 minutes
Epoch #560: train loss = 0.388360, val loss = 0.040524, total loss = 0.214442, Epoch time: 1.07 seconds, remaining time: 7.80 minutes
Epoch #561: train loss = 0.390903, val loss = 0.037290, total loss = 0.214096, Epoch time: 1.07 seconds, remaining time: 7.78 minutes
Epoch #562: train loss = 0.354323, val loss = 0.037725, total loss = 0.196024, Epoch time: 1.07 seconds, remaining time: 7.76 minutes
Epoch #563: train loss = 0.414850, val loss = 0.049536, total loss = 0.232193, Epoch time: 1.07 seconds, remaining time: 7.74 minutes
Epoch #564: train loss = 0.453364, val loss = 0.041736, total loss = 0.247550, Epoch time: 1.07 seconds, remaining time: 7.73 minutes
Epoch #565: train loss = 0.405836, val loss = 0.042762, total loss = 0.224299, Epoch time: 1.07 seconds, remaining time: 7.71 minutes
Epoch #566: train loss = 0.317498, val loss = 0.033987, total loss = 0.175743, Epoch time: 1.07 seconds, remaining time: 7.69 minutes
Epoch #567: train loss = 0.411750, val loss = 0.038422, total loss = 0.225086, Epoch time: 1.07 seconds, remaining time: 7.67 minutes
Epoch #568: train loss = 0.382659, val loss = 0.042589, total loss = 0.212624, Epoch time: 1.07 seconds, remaining time: 7.66 minutes
Epoch #569: train loss = 0.303636, val loss = 0.034089, total loss = 0.168863, Epoch time: 1.07 seconds, remaining time: 7.64 minutes
Epoch #570: train loss = 0.372223, val loss = 0.036657, total loss = 0.204440, Epoch time: 1.07 seconds, remaining time: 7.62 minutes
Epoch #571: train loss = 0.268086, val loss = 0.034226, total loss = 0.151156, Epoch time: 1.07 seconds, remaining time: 7.60 minutes
Epoch #572: train loss = 0.276924, val loss = 0.031718, total loss = 0.154321, Epoch time: 1.07 seconds, remaining time: 7.58 minutes
Epoch #573: train loss = 0.371061, val loss = 0.037187, total loss = 0.204124, Epoch time: 1.07 seconds, remaining time: 7.57 minutes
Epoch #574: train loss = 0.336372, val loss = 0.034058, total loss = 0.185215, Epoch time: 1.07 seconds, remaining time: 7.55 minutes
Epoch #575: train loss = 0.370523, val loss = 0.046986, total loss = 0.208755, Epoch time: 1.07 seconds, remaining time: 7.53 minutes
Epoch #576: train loss = 0.372013, val loss = 0.038161, total loss = 0.205087, Epoch time: 1.07 seconds, remaining time: 7.51 minutes
Epoch #577: train loss = 0.303932, val loss = 0.031624, total loss = 0.167778, Epoch time: 1.07 seconds, remaining time: 7.49 minutes
Epoch #578: train loss = 0.313353, val loss = 0.034150, total loss = 0.173751, Epoch time: 1.07 seconds, remaining time: 7.48 minutes
Epoch #579: train loss = 0.285149, val loss = 0.029405, total loss = 0.157277, Epoch time: 1.07 seconds, remaining time: 7.46 minutes
Epoch #580: train loss = 0.231401, val loss = 0.029326, total loss = 0.130363, Epoch time: 1.07 seconds, remaining time: 7.44 minutes
Epoch #581: train loss = 0.214869, val loss = 0.022427, total loss = 0.118648, Epoch time: 1.07 seconds, remaining time: 7.42 minutes
Epoch #582: train loss = 0.262012, val loss = 0.026819, total loss = 0.144415, Epoch time: 1.07 seconds, remaining time: 7.40 minutes
Epoch #583: train loss = 0.321223, val loss = 0.032424, total loss = 0.176823, Epoch time: 1.07 seconds, remaining time: 7.39 minutes
Epoch #584: train loss = 0.293166, val loss = 0.037397, total loss = 0.165281, Epoch time: 1.07 seconds, remaining time: 7.37 minutes
Epoch #585: train loss = 0.348559, val loss = 0.033126, total loss = 0.190842, Epoch time: 1.07 seconds, remaining time: 7.35 minutes
Epoch #586: train loss = 0.325908, val loss = 0.033417, total loss = 0.179663, Epoch time: 1.07 seconds, remaining time: 7.33 minutes
Epoch #587: train loss = 0.315059, val loss = 0.039305, total loss = 0.177182, Epoch time: 1.07 seconds, remaining time: 7.32 minutes
Epoch #588: train loss = 0.383024, val loss = 0.041962, total loss = 0.212493, Epoch time: 1.07 seconds, remaining time: 7.30 minutes
Epoch #589: train loss = 0.407289, val loss = 0.041128, total loss = 0.224209, Epoch time: 1.07 seconds, remaining time: 7.28 minutes
Epoch #590: train loss = 0.250470, val loss = 0.033736, total loss = 0.142103, Epoch time: 1.07 seconds, remaining time: 7.26 minutes
Epoch #591: train loss = 0.477649, val loss = 0.056733, total loss = 0.267191, Epoch time: 1.07 seconds, remaining time: 7.25 minutes
Epoch #592: train loss = 0.329846, val loss = 0.042698, total loss = 0.186272, Epoch time: 1.07 seconds, remaining time: 7.23 minutes
Epoch #593: train loss = 0.337303, val loss = 0.034308, total loss = 0.185805, Epoch time: 1.07 seconds, remaining time: 7.21 minutes
Epoch #594: train loss = 0.338683, val loss = 0.034609, total loss = 0.186646, Epoch time: 1.07 seconds, remaining time: 7.19 minutes
Epoch #595: train loss = 0.296105, val loss = 0.027037, total loss = 0.161571, Epoch time: 1.07 seconds, remaining time: 7.17 minutes
Epoch #596: train loss = 0.337418, val loss = 0.035077, total loss = 0.186247, Epoch time: 1.07 seconds, remaining time: 7.16 minutes
Epoch #597: train loss = 0.460495, val loss = 0.046669, total loss = 0.253582, Epoch time: 1.07 seconds, remaining time: 7.14 minutes
Epoch #598: train loss = 0.374946, val loss = 0.038426, total loss = 0.206686, Epoch time: 1.07 seconds, remaining time: 7.12 minutes
Epoch #599: train loss = 0.404194, val loss = 0.040884, total loss = 0.222539, Epoch time: 1.07 seconds, remaining time: 7.10 minutes
Epoch #600: train loss = 0.388402, val loss = 0.037379, total loss = 0.212891, Epoch time: 1.07 seconds, remaining time: 7.09 minutes
Epoch #601: train loss = 0.364082, val loss = 0.035042, total loss = 0.199562, Epoch time: 1.07 seconds, remaining time: 7.07 minutes
Epoch #602: train loss = 0.295044, val loss = 0.027975, total loss = 0.161509, Epoch time: 1.07 seconds, remaining time: 7.05 minutes
Epoch #603: train loss = 0.360102, val loss = 0.041504, total loss = 0.200803, Epoch time: 1.07 seconds, remaining time: 7.03 minutes
Epoch #604: train loss = 0.392660, val loss = 0.038626, total loss = 0.215643, Epoch time: 1.07 seconds, remaining time: 7.01 minutes
Epoch #605: train loss = 0.414672, val loss = 0.045211, total loss = 0.229941, Epoch time: 1.07 seconds, remaining time: 7.00 minutes
Epoch #606: train loss = 0.284640, val loss = 0.030647, total loss = 0.157644, Epoch time: 1.07 seconds, remaining time: 6.98 minutes
Epoch #607: train loss = 0.259557, val loss = 0.034640, total loss = 0.147098, Epoch time: 1.07 seconds, remaining time: 6.96 minutes
Epoch #608: train loss = 0.247478, val loss = 0.030747, total loss = 0.139112, Epoch time: 1.07 seconds, remaining time: 6.94 minutes
Epoch #609: train loss = 0.262594, val loss = 0.031831, total loss = 0.147212, Epoch time: 1.07 seconds, remaining time: 6.93 minutes
Epoch #610: train loss = 0.331332, val loss = 0.029656, total loss = 0.180494, Epoch time: 1.07 seconds, remaining time: 6.91 minutes
Epoch #611: train loss = 0.307181, val loss = 0.037509, total loss = 0.172345, Epoch time: 1.07 seconds, remaining time: 6.89 minutes
Epoch #612: train loss = 0.351183, val loss = 0.038896, total loss = 0.195039, Epoch time: 1.07 seconds, remaining time: 6.88 minutes
Epoch #613: train loss = 0.294925, val loss = 0.033163, total loss = 0.164044, Epoch time: 1.07 seconds, remaining time: 6.86 minutes
Epoch #614: train loss = 0.252276, val loss = 0.030317, total loss = 0.141296, Epoch time: 1.07 seconds, remaining time: 6.84 minutes
Epoch #615: train loss = 0.260183, val loss = 0.025486, total loss = 0.142835, Epoch time: 1.07 seconds, remaining time: 6.82 minutes
Epoch #616: train loss = 0.276609, val loss = 0.031052, total loss = 0.153831, Epoch time: 1.07 seconds, remaining time: 6.80 minutes
Epoch #617: train loss = 0.416210, val loss = 0.043586, total loss = 0.229898, Epoch time: 1.07 seconds, remaining time: 6.79 minutes
Epoch #618: train loss = 0.381096, val loss = 0.041950, total loss = 0.211523, Epoch time: 1.07 seconds, remaining time: 6.77 minutes
Epoch #619: train loss = 0.343131, val loss = 0.043204, total loss = 0.193168, Epoch time: 1.07 seconds, remaining time: 6.75 minutes
Epoch #620: train loss = 0.309014, val loss = 0.038383, total loss = 0.173698, Epoch time: 1.07 seconds, remaining time: 6.73 minutes
Epoch #621: train loss = 0.424057, val loss = 0.042667, total loss = 0.233362, Epoch time: 1.07 seconds, remaining time: 6.71 minutes
Epoch #622: train loss = 0.367278, val loss = 0.050545, total loss = 0.208912, Epoch time: 1.07 seconds, remaining time: 6.70 minutes
Epoch #623: train loss = 0.365169, val loss = 0.038781, total loss = 0.201975, Epoch time: 1.07 seconds, remaining time: 6.68 minutes
Epoch #624: train loss = 0.417325, val loss = 0.042391, total loss = 0.229858, Epoch time: 1.07 seconds, remaining time: 6.66 minutes
Epoch #625: train loss = 0.315465, val loss = 0.026827, total loss = 0.171146, Epoch time: 1.07 seconds, remaining time: 6.64 minutes
Epoch #626: train loss = 0.368866, val loss = 0.033228, total loss = 0.201047, Epoch time: 1.07 seconds, remaining time: 6.62 minutes
Epoch #627: train loss = 0.392269, val loss = 0.036822, total loss = 0.214545, Epoch time: 1.07 seconds, remaining time: 6.61 minutes
Epoch #628: train loss = 0.301251, val loss = 0.035091, total loss = 0.168171, Epoch time: 1.07 seconds, remaining time: 6.59 minutes
Epoch #629: train loss = 0.425276, val loss = 0.039852, total loss = 0.232564, Epoch time: 1.07 seconds, remaining time: 6.57 minutes
Epoch #630: train loss = 0.445255, val loss = 0.035962, total loss = 0.240608, Epoch time: 1.07 seconds, remaining time: 6.55 minutes
Epoch #631: train loss = 0.294782, val loss = 0.034555, total loss = 0.164668, Epoch time: 1.07 seconds, remaining time: 6.53 minutes
Epoch #632: train loss = 0.309052, val loss = 0.029211, total loss = 0.169131, Epoch time: 1.07 seconds, remaining time: 6.52 minutes
Epoch #633: train loss = 0.388086, val loss = 0.039059, total loss = 0.213572, Epoch time: 1.07 seconds, remaining time: 6.50 minutes
Epoch #634: train loss = 0.368223, val loss = 0.035116, total loss = 0.201670, Epoch time: 1.07 seconds, remaining time: 6.48 minutes
Epoch #635: train loss = 0.332635, val loss = 0.033830, total loss = 0.183232, Epoch time: 1.07 seconds, remaining time: 6.47 minutes
Epoch #636: train loss = 0.311022, val loss = 0.034623, total loss = 0.172823, Epoch time: 1.07 seconds, remaining time: 6.45 minutes
Epoch #637: train loss = 0.333472, val loss = 0.033227, total loss = 0.183349, Epoch time: 1.07 seconds, remaining time: 6.43 minutes
Epoch #638: train loss = 0.384537, val loss = 0.043608, total loss = 0.214073, Epoch time: 1.07 seconds, remaining time: 6.41 minutes
Epoch #639: train loss = 0.304769, val loss = 0.035855, total loss = 0.170312, Epoch time: 1.07 seconds, remaining time: 6.39 minutes
Epoch #640: train loss = 0.250081, val loss = 0.031148, total loss = 0.140614, Epoch time: 1.07 seconds, remaining time: 6.38 minutes
Epoch #641: train loss = 0.337191, val loss = 0.035521, total loss = 0.186356, Epoch time: 1.07 seconds, remaining time: 6.36 minutes
Epoch #642: train loss = 0.246827, val loss = 0.029594, total loss = 0.138210, Epoch time: 1.07 seconds, remaining time: 6.34 minutes
Epoch #643: train loss = 0.275336, val loss = 0.030313, total loss = 0.152824, Epoch time: 1.07 seconds, remaining time: 6.32 minutes
Epoch #644: train loss = 0.269030, val loss = 0.025841, total loss = 0.147436, Epoch time: 1.07 seconds, remaining time: 6.30 minutes
Epoch #645: train loss = 0.369829, val loss = 0.033762, total loss = 0.201795, Epoch time: 1.07 seconds, remaining time: 6.29 minutes
Epoch #646: train loss = 0.290847, val loss = 0.032587, total loss = 0.161717, Epoch time: 1.07 seconds, remaining time: 6.27 minutes
Epoch #647: train loss = 0.276627, val loss = 0.030534, total loss = 0.153580, Epoch time: 1.07 seconds, remaining time: 6.25 minutes
Epoch #648: train loss = 0.304220, val loss = 0.032535, total loss = 0.168377, Epoch time: 1.07 seconds, remaining time: 6.23 minutes
Epoch #649: train loss = 0.222105, val loss = 0.026840, total loss = 0.124472, Epoch time: 1.07 seconds, remaining time: 6.22 minutes
Epoch #650: train loss = 0.286862, val loss = 0.028840, total loss = 0.157851, Epoch time: 1.07 seconds, remaining time: 6.20 minutes
Epoch #651: train loss = 0.395274, val loss = 0.033024, total loss = 0.214149, Epoch time: 1.07 seconds, remaining time: 6.18 minutes
Epoch #652: train loss = 0.477629, val loss = 0.056936, total loss = 0.267282, Epoch time: 1.07 seconds, remaining time: 6.16 minutes
Epoch #653: train loss = 0.386010, val loss = 0.041509, total loss = 0.213760, Epoch time: 1.07 seconds, remaining time: 6.14 minutes
Epoch #654: train loss = 0.312181, val loss = 0.047318, total loss = 0.179749, Epoch time: 1.07 seconds, remaining time: 6.13 minutes
Epoch #655: train loss = 0.332518, val loss = 0.033939, total loss = 0.183228, Epoch time: 1.07 seconds, remaining time: 6.11 minutes
Epoch #656: train loss = 0.335093, val loss = 0.036689, total loss = 0.185891, Epoch time: 1.07 seconds, remaining time: 6.09 minutes
Epoch #657: train loss = 0.419539, val loss = 0.038705, total loss = 0.229122, Epoch time: 1.07 seconds, remaining time: 6.07 minutes
Epoch #658: train loss = 0.326916, val loss = 0.039300, total loss = 0.183108, Epoch time: 1.07 seconds, remaining time: 6.06 minutes
Epoch #659: train loss = 0.348844, val loss = 0.038106, total loss = 0.193475, Epoch time: 1.07 seconds, remaining time: 6.04 minutes
Epoch #660: train loss = 0.318830, val loss = 0.031695, total loss = 0.175263, Epoch time: 1.07 seconds, remaining time: 6.02 minutes
Epoch #661: train loss = 0.354611, val loss = 0.044778, total loss = 0.199694, Epoch time: 1.07 seconds, remaining time: 6.00 minutes
Epoch #662: train loss = 0.334144, val loss = 0.035685, total loss = 0.184915, Epoch time: 1.07 seconds, remaining time: 5.98 minutes
Epoch #663: train loss = 0.327677, val loss = 0.034590, total loss = 0.181133, Epoch time: 1.07 seconds, remaining time: 5.97 minutes
Epoch #664: train loss = 0.318389, val loss = 0.029109, total loss = 0.173749, Epoch time: 1.07 seconds, remaining time: 5.95 minutes
Epoch #665: train loss = 0.399223, val loss = 0.034592, total loss = 0.216907, Epoch time: 1.07 seconds, remaining time: 5.93 minutes
Epoch #666: train loss = 0.317969, val loss = 0.033706, total loss = 0.175838, Epoch time: 1.07 seconds, remaining time: 5.91 minutes
Epoch #667: train loss = 0.525037, val loss = 0.053174, total loss = 0.289106, Epoch time: 1.07 seconds, remaining time: 5.89 minutes
Epoch #668: train loss = 0.371874, val loss = 0.029273, total loss = 0.200574, Epoch time: 1.07 seconds, remaining time: 5.88 minutes
Epoch #669: train loss = 0.304196, val loss = 0.028935, total loss = 0.166565, Epoch time: 1.07 seconds, remaining time: 5.86 minutes
Epoch #670: train loss = 0.344239, val loss = 0.032326, total loss = 0.188282, Epoch time: 1.06 seconds, remaining time: 5.84 minutes
Epoch #671: train loss = 0.301118, val loss = 0.030940, total loss = 0.166029, Epoch time: 1.06 seconds, remaining time: 5.82 minutes
Epoch #672: train loss = 0.405741, val loss = 0.040604, total loss = 0.223173, Epoch time: 1.06 seconds, remaining time: 5.80 minutes
Epoch #673: train loss = 0.395678, val loss = 0.039784, total loss = 0.217731, Epoch time: 1.06 seconds, remaining time: 5.79 minutes
Epoch #674: train loss = 0.333752, val loss = 0.030280, total loss = 0.182016, Epoch time: 1.06 seconds, remaining time: 5.77 minutes
Epoch #675: train loss = 0.402098, val loss = 0.036482, total loss = 0.219290, Epoch time: 1.06 seconds, remaining time: 5.75 minutes
Epoch #676: train loss = 0.296302, val loss = 0.027106, total loss = 0.161704, Epoch time: 1.06 seconds, remaining time: 5.73 minutes
Epoch #677: train loss = 0.472089, val loss = 0.045230, total loss = 0.258659, Epoch time: 1.06 seconds, remaining time: 5.71 minutes
Epoch #678: train loss = 0.352240, val loss = 0.036844, total loss = 0.194542, Epoch time: 1.06 seconds, remaining time: 5.70 minutes
Epoch #679: train loss = 0.380440, val loss = 0.042455, total loss = 0.211447, Epoch time: 1.06 seconds, remaining time: 5.68 minutes
Epoch #680: train loss = 0.234941, val loss = 0.036641, total loss = 0.135791, Epoch time: 1.07 seconds, remaining time: 5.66 minutes
Epoch #681: train loss = 0.240358, val loss = 0.031850, total loss = 0.136104, Epoch time: 1.07 seconds, remaining time: 5.65 minutes
Epoch #682: train loss = 0.404291, val loss = 0.027616, total loss = 0.215954, Epoch time: 1.07 seconds, remaining time: 5.63 minutes
Epoch #683: train loss = 0.349805, val loss = 0.029128, total loss = 0.189466, Epoch time: 1.07 seconds, remaining time: 5.61 minutes
Epoch #684: train loss = 0.321766, val loss = 0.033577, total loss = 0.177671, Epoch time: 1.07 seconds, remaining time: 5.59 minutes
Epoch #685: train loss = 0.325722, val loss = 0.034683, total loss = 0.180203, Epoch time: 1.07 seconds, remaining time: 5.57 minutes
Epoch #686: train loss = 0.420839, val loss = 0.036901, total loss = 0.228870, Epoch time: 1.07 seconds, remaining time: 5.56 minutes
Epoch #687: train loss = 0.276372, val loss = 0.032657, total loss = 0.154514, Epoch time: 1.07 seconds, remaining time: 5.54 minutes
Epoch #688: train loss = 0.440891, val loss = 0.035767, total loss = 0.238329, Epoch time: 1.07 seconds, remaining time: 5.52 minutes
Epoch #689: train loss = 0.385944, val loss = 0.030253, total loss = 0.208098, Epoch time: 1.07 seconds, remaining time: 5.50 minutes
Epoch #690: train loss = 0.430961, val loss = 0.040099, total loss = 0.235530, Epoch time: 1.07 seconds, remaining time: 5.48 minutes
Epoch #691: train loss = 0.403133, val loss = 0.042832, total loss = 0.222982, Epoch time: 1.06 seconds, remaining time: 5.47 minutes
Epoch #692: train loss = 0.452877, val loss = 0.040260, total loss = 0.246569, Epoch time: 1.06 seconds, remaining time: 5.45 minutes
Epoch #693: train loss = 0.305939, val loss = 0.034007, total loss = 0.169973, Epoch time: 1.06 seconds, remaining time: 5.43 minutes
Epoch #694: train loss = 0.400673, val loss = 0.036418, total loss = 0.218546, Epoch time: 1.06 seconds, remaining time: 5.41 minutes
Epoch #695: train loss = 0.403871, val loss = 0.039499, total loss = 0.221685, Epoch time: 1.06 seconds, remaining time: 5.40 minutes
Epoch #696: train loss = 0.359125, val loss = 0.041147, total loss = 0.200136, Epoch time: 1.06 seconds, remaining time: 5.38 minutes
Epoch #697: train loss = 0.266759, val loss = 0.026002, total loss = 0.146380, Epoch time: 1.06 seconds, remaining time: 5.36 minutes
Epoch #698: train loss = 0.354159, val loss = 0.034665, total loss = 0.194412, Epoch time: 1.06 seconds, remaining time: 5.34 minutes
Epoch #699: train loss = 0.264441, val loss = 0.031206, total loss = 0.147823, Epoch time: 1.06 seconds, remaining time: 5.32 minutes
Epoch #700: train loss = 0.313541, val loss = 0.031070, total loss = 0.172305, Epoch time: 1.06 seconds, remaining time: 5.31 minutes
Epoch #701: train loss = 0.575262, val loss = 0.055812, total loss = 0.315537, Epoch time: 1.06 seconds, remaining time: 5.29 minutes
Epoch #702: train loss = 0.287898, val loss = 0.037138, total loss = 0.162518, Epoch time: 1.06 seconds, remaining time: 5.27 minutes
Epoch #703: train loss = 0.276586, val loss = 0.021400, total loss = 0.148993, Epoch time: 1.07 seconds, remaining time: 5.25 minutes
Epoch #704: train loss = 0.291885, val loss = 0.030515, total loss = 0.161200, Epoch time: 1.07 seconds, remaining time: 5.24 minutes
Epoch #705: train loss = 0.312353, val loss = 0.031810, total loss = 0.172082, Epoch time: 1.07 seconds, remaining time: 5.22 minutes
Epoch #706: train loss = 0.316879, val loss = 0.036560, total loss = 0.176719, Epoch time: 1.07 seconds, remaining time: 5.20 minutes
Epoch #707: train loss = 0.336220, val loss = 0.035401, total loss = 0.185810, Epoch time: 1.07 seconds, remaining time: 5.18 minutes
Epoch #708: train loss = 0.309060, val loss = 0.029527, total loss = 0.169293, Epoch time: 1.07 seconds, remaining time: 5.17 minutes
Epoch #709: train loss = 0.295042, val loss = 0.031231, total loss = 0.163137, Epoch time: 1.07 seconds, remaining time: 5.15 minutes
Epoch #710: train loss = 0.302402, val loss = 0.043700, total loss = 0.173051, Epoch time: 1.07 seconds, remaining time: 5.13 minutes
Epoch #711: train loss = 0.294144, val loss = 0.037395, total loss = 0.165770, Epoch time: 1.06 seconds, remaining time: 5.11 minutes
Epoch #712: train loss = 0.243322, val loss = 0.021714, total loss = 0.132518, Epoch time: 1.06 seconds, remaining time: 5.09 minutes
Epoch #713: train loss = 0.222543, val loss = 0.024302, total loss = 0.123422, Epoch time: 1.06 seconds, remaining time: 5.08 minutes
Epoch #714: train loss = 0.304935, val loss = 0.031784, total loss = 0.168360, Epoch time: 1.07 seconds, remaining time: 5.06 minutes
Epoch #715: train loss = 0.300912, val loss = 0.034031, total loss = 0.167471, Epoch time: 1.06 seconds, remaining time: 5.04 minutes
Epoch #716: train loss = 0.324023, val loss = 0.051515, total loss = 0.187769, Epoch time: 1.06 seconds, remaining time: 5.02 minutes
Epoch #717: train loss = 0.262058, val loss = 0.029059, total loss = 0.145558, Epoch time: 1.06 seconds, remaining time: 5.01 minutes
Epoch #718: train loss = 0.208724, val loss = 0.025553, total loss = 0.117138, Epoch time: 1.06 seconds, remaining time: 4.99 minutes
Epoch #719: train loss = 0.303160, val loss = 0.029560, total loss = 0.166360, Epoch time: 1.06 seconds, remaining time: 4.97 minutes
Epoch #720: train loss = 0.333857, val loss = 0.029644, total loss = 0.181750, Epoch time: 1.06 seconds, remaining time: 4.95 minutes
Epoch #721: train loss = 0.335849, val loss = 0.033820, total loss = 0.184834, Epoch time: 1.06 seconds, remaining time: 4.93 minutes
Epoch #722: train loss = 0.369732, val loss = 0.034507, total loss = 0.202120, Epoch time: 1.06 seconds, remaining time: 4.92 minutes
Epoch #723: train loss = 0.310895, val loss = 0.028304, total loss = 0.169599, Epoch time: 1.06 seconds, remaining time: 4.90 minutes
Epoch #724: train loss = 0.264848, val loss = 0.030861, total loss = 0.147855, Epoch time: 1.06 seconds, remaining time: 4.88 minutes
Epoch #725: train loss = 0.390433, val loss = 0.037911, total loss = 0.214172, Epoch time: 1.06 seconds, remaining time: 4.86 minutes
Epoch #726: train loss = 0.404443, val loss = 0.034911, total loss = 0.219677, Epoch time: 1.06 seconds, remaining time: 4.85 minutes
Epoch #727: train loss = 0.431584, val loss = 0.035001, total loss = 0.233292, Epoch time: 1.06 seconds, remaining time: 4.83 minutes
Epoch #728: train loss = 0.347468, val loss = 0.031119, total loss = 0.189294, Epoch time: 1.06 seconds, remaining time: 4.81 minutes
Epoch #729: train loss = 0.365325, val loss = 0.033005, total loss = 0.199165, Epoch time: 1.06 seconds, remaining time: 4.79 minutes
Epoch #730: train loss = 0.424529, val loss = 0.032492, total loss = 0.228510, Epoch time: 1.06 seconds, remaining time: 4.77 minutes
Epoch #731: train loss = 0.375720, val loss = 0.036557, total loss = 0.206139, Epoch time: 1.06 seconds, remaining time: 4.76 minutes
Epoch #732: train loss = 0.429491, val loss = 0.048989, total loss = 0.239240, Epoch time: 1.06 seconds, remaining time: 4.74 minutes
Epoch #733: train loss = 0.222259, val loss = 0.022903, total loss = 0.122581, Epoch time: 1.06 seconds, remaining time: 4.72 minutes
Epoch #734: train loss = 0.443163, val loss = 0.035218, total loss = 0.239191, Epoch time: 1.06 seconds, remaining time: 4.70 minutes
Epoch #735: train loss = 0.297961, val loss = 0.035704, total loss = 0.166832, Epoch time: 1.06 seconds, remaining time: 4.68 minutes
Epoch #736: train loss = 0.273448, val loss = 0.031426, total loss = 0.152437, Epoch time: 1.06 seconds, remaining time: 4.67 minutes
Epoch #737: train loss = 0.302031, val loss = 0.026742, total loss = 0.164386, Epoch time: 1.06 seconds, remaining time: 4.65 minutes
Epoch #738: train loss = 0.276152, val loss = 0.034321, total loss = 0.155237, Epoch time: 1.06 seconds, remaining time: 4.63 minutes
Epoch #739: train loss = 0.303230, val loss = 0.037939, total loss = 0.170584, Epoch time: 1.06 seconds, remaining time: 4.61 minutes
Epoch #740: train loss = 0.488036, val loss = 0.037128, total loss = 0.262582, Epoch time: 1.06 seconds, remaining time: 4.59 minutes
Epoch #741: train loss = 0.312302, val loss = 0.050109, total loss = 0.181206, Epoch time: 1.06 seconds, remaining time: 4.58 minutes
Epoch #742: train loss = 0.298270, val loss = 0.033488, total loss = 0.165879, Epoch time: 1.06 seconds, remaining time: 4.56 minutes
Epoch #743: train loss = 0.257849, val loss = 0.027584, total loss = 0.142716, Epoch time: 1.06 seconds, remaining time: 4.54 minutes
Epoch #744: train loss = 0.307679, val loss = 0.034105, total loss = 0.170892, Epoch time: 1.06 seconds, remaining time: 4.52 minutes
Epoch #745: train loss = 0.276435, val loss = 0.029406, total loss = 0.152921, Epoch time: 1.06 seconds, remaining time: 4.51 minutes
Epoch #746: train loss = 0.440827, val loss = 0.030902, total loss = 0.235865, Epoch time: 1.06 seconds, remaining time: 4.49 minutes
Epoch #747: train loss = 0.295936, val loss = 0.028087, total loss = 0.162011, Epoch time: 1.06 seconds, remaining time: 4.47 minutes
Epoch #748: train loss = 0.275284, val loss = 0.027068, total loss = 0.151176, Epoch time: 1.06 seconds, remaining time: 4.45 minutes
Epoch #749: train loss = 0.318338, val loss = 0.032670, total loss = 0.175504, Epoch time: 1.06 seconds, remaining time: 4.44 minutes
Epoch #750: train loss = 0.389511, val loss = 0.027370, total loss = 0.208440, Epoch time: 1.06 seconds, remaining time: 4.42 minutes
Epoch #751: train loss = 0.402514, val loss = 0.032614, total loss = 0.217564, Epoch time: 1.06 seconds, remaining time: 4.40 minutes
Epoch #752: train loss = 0.284999, val loss = 0.028352, total loss = 0.156675, Epoch time: 1.06 seconds, remaining time: 4.38 minutes
Epoch #753: train loss = 0.289145, val loss = 0.023867, total loss = 0.156506, Epoch time: 1.06 seconds, remaining time: 4.36 minutes
Epoch #754: train loss = 0.361392, val loss = 0.032631, total loss = 0.197011, Epoch time: 1.06 seconds, remaining time: 4.35 minutes
Epoch #755: train loss = 0.440786, val loss = 0.040362, total loss = 0.240574, Epoch time: 1.06 seconds, remaining time: 4.33 minutes
Epoch #756: train loss = 0.322108, val loss = 0.026772, total loss = 0.174440, Epoch time: 1.06 seconds, remaining time: 4.31 minutes
Epoch #757: train loss = 0.355911, val loss = 0.035857, total loss = 0.195884, Epoch time: 1.06 seconds, remaining time: 4.29 minutes
Epoch #758: train loss = 0.306294, val loss = 0.028378, total loss = 0.167336, Epoch time: 1.06 seconds, remaining time: 4.27 minutes
Epoch #759: train loss = 0.336791, val loss = 0.041351, total loss = 0.189071, Epoch time: 1.06 seconds, remaining time: 4.26 minutes
Epoch #760: train loss = 0.444830, val loss = 0.045495, total loss = 0.245163, Epoch time: 1.06 seconds, remaining time: 4.24 minutes
Epoch #761: train loss = 0.413583, val loss = 0.040042, total loss = 0.226813, Epoch time: 1.06 seconds, remaining time: 4.22 minutes
Epoch #762: train loss = 0.363430, val loss = 0.039710, total loss = 0.201570, Epoch time: 1.06 seconds, remaining time: 4.20 minutes
Epoch #763: train loss = 0.389282, val loss = 0.044848, total loss = 0.217065, Epoch time: 1.06 seconds, remaining time: 4.18 minutes
Epoch #764: train loss = 0.355021, val loss = 0.030847, total loss = 0.192934, Epoch time: 1.06 seconds, remaining time: 4.17 minutes
Epoch #765: train loss = 0.305530, val loss = 0.032523, total loss = 0.169026, Epoch time: 1.06 seconds, remaining time: 4.15 minutes
Epoch #766: train loss = 0.325157, val loss = 0.031405, total loss = 0.178281, Epoch time: 1.06 seconds, remaining time: 4.13 minutes
Epoch #767: train loss = 0.319135, val loss = 0.030435, total loss = 0.174785, Epoch time: 1.06 seconds, remaining time: 4.11 minutes
Epoch #768: train loss = 0.256258, val loss = 0.025384, total loss = 0.140821, Epoch time: 1.06 seconds, remaining time: 4.10 minutes
Epoch #769: train loss = 0.334745, val loss = 0.042144, total loss = 0.188444, Epoch time: 1.06 seconds, remaining time: 4.08 minutes
Epoch #770: train loss = 0.351425, val loss = 0.034751, total loss = 0.193088, Epoch time: 1.06 seconds, remaining time: 4.06 minutes
Epoch #771: train loss = 0.269883, val loss = 0.026475, total loss = 0.148179, Epoch time: 1.06 seconds, remaining time: 4.04 minutes
Epoch #772: train loss = 0.278189, val loss = 0.030618, total loss = 0.154403, Epoch time: 1.06 seconds, remaining time: 4.03 minutes
Epoch #773: train loss = 0.371448, val loss = 0.037532, total loss = 0.204490, Epoch time: 1.06 seconds, remaining time: 4.01 minutes
Epoch #774: train loss = 0.285864, val loss = 0.033425, total loss = 0.159645, Epoch time: 1.06 seconds, remaining time: 3.99 minutes
Epoch #775: train loss = 0.360498, val loss = 0.041256, total loss = 0.200877, Epoch time: 1.06 seconds, remaining time: 3.97 minutes
Epoch #776: train loss = 0.364820, val loss = 0.045891, total loss = 0.205355, Epoch time: 1.06 seconds, remaining time: 3.95 minutes
Epoch #777: train loss = 0.278903, val loss = 0.038520, total loss = 0.158711, Epoch time: 1.06 seconds, remaining time: 3.94 minutes
Epoch #778: train loss = 0.270676, val loss = 0.029318, total loss = 0.149997, Epoch time: 1.06 seconds, remaining time: 3.92 minutes
Epoch #779: train loss = 0.286569, val loss = 0.029872, total loss = 0.158220, Epoch time: 1.06 seconds, remaining time: 3.90 minutes
Epoch #780: train loss = 0.271766, val loss = 0.026754, total loss = 0.149260, Epoch time: 1.06 seconds, remaining time: 3.88 minutes
Epoch #781: train loss = 0.363440, val loss = 0.029341, total loss = 0.196391, Epoch time: 1.06 seconds, remaining time: 3.87 minutes
Epoch #782: train loss = 0.396833, val loss = 0.035568, total loss = 0.216200, Epoch time: 1.06 seconds, remaining time: 3.85 minutes
Epoch #783: train loss = 0.292059, val loss = 0.032867, total loss = 0.162463, Epoch time: 1.06 seconds, remaining time: 3.83 minutes
Epoch #784: train loss = 0.333992, val loss = 0.029798, total loss = 0.181895, Epoch time: 1.06 seconds, remaining time: 3.81 minutes
Epoch #785: train loss = 0.350753, val loss = 0.032246, total loss = 0.191499, Epoch time: 1.06 seconds, remaining time: 3.79 minutes
Epoch #786: train loss = 0.257165, val loss = 0.027615, total loss = 0.142390, Epoch time: 1.06 seconds, remaining time: 3.78 minutes
Epoch #787: train loss = 0.263884, val loss = 0.030556, total loss = 0.147220, Epoch time: 1.06 seconds, remaining time: 3.76 minutes
Epoch #788: train loss = 0.265879, val loss = 0.033658, total loss = 0.149768, Epoch time: 1.06 seconds, remaining time: 3.74 minutes
Epoch #789: train loss = 0.335281, val loss = 0.030642, total loss = 0.182962, Epoch time: 1.06 seconds, remaining time: 3.72 minutes
Epoch #790: train loss = 0.308855, val loss = 0.024201, total loss = 0.166528, Epoch time: 1.06 seconds, remaining time: 3.70 minutes
Epoch #791: train loss = 0.390296, val loss = 0.028726, total loss = 0.209511, Epoch time: 1.06 seconds, remaining time: 3.69 minutes
Epoch #792: train loss = 0.258873, val loss = 0.027961, total loss = 0.143417, Epoch time: 1.06 seconds, remaining time: 3.67 minutes
Epoch #793: train loss = 0.379351, val loss = 0.031615, total loss = 0.205483, Epoch time: 1.06 seconds, remaining time: 3.65 minutes
Epoch #794: train loss = 0.298017, val loss = 0.034983, total loss = 0.166500, Epoch time: 1.06 seconds, remaining time: 3.63 minutes
Epoch #795: train loss = 0.369267, val loss = 0.035257, total loss = 0.202262, Epoch time: 1.06 seconds, remaining time: 3.61 minutes
Epoch #796: train loss = 0.382780, val loss = 0.036406, total loss = 0.209593, Epoch time: 1.06 seconds, remaining time: 3.60 minutes
Epoch #797: train loss = 0.306470, val loss = 0.035200, total loss = 0.170835, Epoch time: 1.06 seconds, remaining time: 3.58 minutes
Epoch #798: train loss = 0.229580, val loss = 0.024902, total loss = 0.127241, Epoch time: 1.06 seconds, remaining time: 3.56 minutes
Epoch #799: train loss = 0.432039, val loss = 0.030532, total loss = 0.231286, Epoch time: 1.06 seconds, remaining time: 3.54 minutes
Epoch #800: train loss = 0.343954, val loss = 0.037744, total loss = 0.190849, Epoch time: 1.06 seconds, remaining time: 3.52 minutes
Epoch #801: train loss = 0.336464, val loss = 0.031698, total loss = 0.184081, Epoch time: 1.06 seconds, remaining time: 3.51 minutes
Epoch #802: train loss = 0.328368, val loss = 0.034395, total loss = 0.181381, Epoch time: 1.06 seconds, remaining time: 3.49 minutes
Epoch #803: train loss = 0.218739, val loss = 0.027950, total loss = 0.123344, Epoch time: 1.06 seconds, remaining time: 3.47 minutes
Epoch #804: train loss = 0.336825, val loss = 0.030653, total loss = 0.183739, Epoch time: 1.06 seconds, remaining time: 3.45 minutes
Epoch #805: train loss = 0.390772, val loss = 0.039659, total loss = 0.215215, Epoch time: 1.06 seconds, remaining time: 3.43 minutes
Epoch #806: train loss = 0.383030, val loss = 0.033688, total loss = 0.208359, Epoch time: 1.06 seconds, remaining time: 3.42 minutes
Epoch #807: train loss = 0.258589, val loss = 0.028635, total loss = 0.143612, Epoch time: 1.06 seconds, remaining time: 3.40 minutes
Epoch #808: train loss = 0.415670, val loss = 0.041644, total loss = 0.228657, Epoch time: 1.06 seconds, remaining time: 3.38 minutes
Epoch #809: train loss = 0.324456, val loss = 0.031348, total loss = 0.177902, Epoch time: 1.06 seconds, remaining time: 3.36 minutes
Epoch #810: train loss = 0.305940, val loss = 0.025498, total loss = 0.165719, Epoch time: 1.06 seconds, remaining time: 3.35 minutes
Epoch #811: train loss = 0.337484, val loss = 0.035163, total loss = 0.186323, Epoch time: 1.06 seconds, remaining time: 3.33 minutes
Epoch #812: train loss = 0.252665, val loss = 0.037150, total loss = 0.144908, Epoch time: 1.06 seconds, remaining time: 3.31 minutes
Epoch #813: train loss = 0.206544, val loss = 0.022371, total loss = 0.114457, Epoch time: 1.06 seconds, remaining time: 3.29 minutes
Epoch #814: train loss = 0.282329, val loss = 0.022221, total loss = 0.152275, Epoch time: 1.06 seconds, remaining time: 3.27 minutes
Epoch #815: train loss = 0.413555, val loss = 0.045534, total loss = 0.229545, Epoch time: 1.06 seconds, remaining time: 3.26 minutes
Epoch #816: train loss = 0.326056, val loss = 0.037891, total loss = 0.181973, Epoch time: 1.06 seconds, remaining time: 3.24 minutes
Epoch #817: train loss = 0.375248, val loss = 0.035898, total loss = 0.205573, Epoch time: 1.06 seconds, remaining time: 3.22 minutes
Epoch #818: train loss = 0.259361, val loss = 0.025452, total loss = 0.142407, Epoch time: 1.06 seconds, remaining time: 3.20 minutes
Epoch #819: train loss = 0.232551, val loss = 0.027306, total loss = 0.129928, Epoch time: 1.06 seconds, remaining time: 3.18 minutes
Epoch #820: train loss = 0.309816, val loss = 0.032748, total loss = 0.171282, Epoch time: 1.06 seconds, remaining time: 3.17 minutes
Epoch #821: train loss = 0.294375, val loss = 0.032554, total loss = 0.163465, Epoch time: 1.06 seconds, remaining time: 3.15 minutes
Epoch #822: train loss = 0.289184, val loss = 0.028065, total loss = 0.158625, Epoch time: 1.06 seconds, remaining time: 3.13 minutes
Epoch #823: train loss = 0.358880, val loss = 0.034739, total loss = 0.196809, Epoch time: 1.06 seconds, remaining time: 3.11 minutes
Epoch #824: train loss = 0.342132, val loss = 0.028411, total loss = 0.185272, Epoch time: 1.06 seconds, remaining time: 3.09 minutes
Epoch #825: train loss = 0.380496, val loss = 0.042872, total loss = 0.211684, Epoch time: 1.06 seconds, remaining time: 3.08 minutes
Epoch #826: train loss = 0.273223, val loss = 0.028727, total loss = 0.150975, Epoch time: 1.06 seconds, remaining time: 3.06 minutes
Epoch #827: train loss = 0.312288, val loss = 0.032924, total loss = 0.172606, Epoch time: 1.06 seconds, remaining time: 3.04 minutes
Epoch #828: train loss = 0.356361, val loss = 0.039186, total loss = 0.197774, Epoch time: 1.06 seconds, remaining time: 3.02 minutes
Epoch #829: train loss = 0.271805, val loss = 0.025997, total loss = 0.148901, Epoch time: 1.06 seconds, remaining time: 3.01 minutes
Epoch #830: train loss = 0.349776, val loss = 0.033153, total loss = 0.191465, Epoch time: 1.06 seconds, remaining time: 2.99 minutes
Epoch #831: train loss = 0.327670, val loss = 0.030668, total loss = 0.179169, Epoch time: 1.06 seconds, remaining time: 2.97 minutes
Epoch #832: train loss = 0.295527, val loss = 0.033518, total loss = 0.164522, Epoch time: 1.06 seconds, remaining time: 2.95 minutes
Epoch #833: train loss = 0.372546, val loss = 0.041418, total loss = 0.206982, Epoch time: 1.06 seconds, remaining time: 2.93 minutes
Epoch #834: train loss = 0.321045, val loss = 0.027955, total loss = 0.174500, Epoch time: 1.06 seconds, remaining time: 2.92 minutes
Epoch #835: train loss = 0.378268, val loss = 0.030018, total loss = 0.204143, Epoch time: 1.06 seconds, remaining time: 2.90 minutes
Epoch #836: train loss = 0.327997, val loss = 0.036561, total loss = 0.182279, Epoch time: 1.06 seconds, remaining time: 2.88 minutes
Epoch #837: train loss = 0.352726, val loss = 0.036420, total loss = 0.194573, Epoch time: 1.06 seconds, remaining time: 2.86 minutes
Epoch #838: train loss = 0.337760, val loss = 0.038471, total loss = 0.188115, Epoch time: 1.06 seconds, remaining time: 2.84 minutes
Epoch #839: train loss = 0.255317, val loss = 0.031236, total loss = 0.143277, Epoch time: 1.06 seconds, remaining time: 2.83 minutes
Epoch #840: train loss = 0.251389, val loss = 0.026555, total loss = 0.138972, Epoch time: 1.06 seconds, remaining time: 2.81 minutes
Epoch #841: train loss = 0.371445, val loss = 0.038294, total loss = 0.204870, Epoch time: 1.06 seconds, remaining time: 2.79 minutes
Epoch #842: train loss = 0.340967, val loss = 0.039974, total loss = 0.190471, Epoch time: 1.06 seconds, remaining time: 2.77 minutes
Epoch #843: train loss = 0.318540, val loss = 0.035589, total loss = 0.177065, Epoch time: 1.06 seconds, remaining time: 2.76 minutes
Epoch #844: train loss = 0.313929, val loss = 0.031207, total loss = 0.172568, Epoch time: 1.06 seconds, remaining time: 2.74 minutes
Epoch #845: train loss = 0.273309, val loss = 0.025492, total loss = 0.149401, Epoch time: 1.06 seconds, remaining time: 2.72 minutes
Epoch #846: train loss = 0.360699, val loss = 0.032982, total loss = 0.196841, Epoch time: 1.06 seconds, remaining time: 2.70 minutes
Epoch #847: train loss = 0.279274, val loss = 0.027083, total loss = 0.153178, Epoch time: 1.06 seconds, remaining time: 2.68 minutes
Epoch #848: train loss = 0.316264, val loss = 0.030042, total loss = 0.173153, Epoch time: 1.06 seconds, remaining time: 2.67 minutes
Epoch #849: train loss = 0.295263, val loss = 0.026887, total loss = 0.161075, Epoch time: 1.06 seconds, remaining time: 2.65 minutes
Epoch #850: train loss = 0.314403, val loss = 0.029173, total loss = 0.171788, Epoch time: 1.06 seconds, remaining time: 2.63 minutes
Epoch #851: train loss = 0.318848, val loss = 0.036593, total loss = 0.177721, Epoch time: 1.06 seconds, remaining time: 2.61 minutes
Epoch #852: train loss = 0.261984, val loss = 0.029190, total loss = 0.145587, Epoch time: 1.06 seconds, remaining time: 2.60 minutes
Epoch #853: train loss = 0.418168, val loss = 0.037985, total loss = 0.228076, Epoch time: 1.06 seconds, remaining time: 2.58 minutes
Epoch #854: train loss = 0.258498, val loss = 0.029409, total loss = 0.143953, Epoch time: 1.06 seconds, remaining time: 2.56 minutes
Epoch #855: train loss = 0.341628, val loss = 0.030019, total loss = 0.185823, Epoch time: 1.06 seconds, remaining time: 2.54 minutes
Epoch #856: train loss = 0.354201, val loss = 0.029463, total loss = 0.191832, Epoch time: 1.06 seconds, remaining time: 2.52 minutes
Epoch #857: train loss = 0.232923, val loss = 0.023398, total loss = 0.128160, Epoch time: 1.06 seconds, remaining time: 2.51 minutes
Epoch #858: train loss = 0.295923, val loss = 0.022636, total loss = 0.159279, Epoch time: 1.06 seconds, remaining time: 2.49 minutes
Epoch #859: train loss = 0.321740, val loss = 0.037594, total loss = 0.179667, Epoch time: 1.06 seconds, remaining time: 2.47 minutes
Epoch #860: train loss = 0.456285, val loss = 0.032585, total loss = 0.244435, Epoch time: 1.06 seconds, remaining time: 2.45 minutes
Epoch #861: train loss = 0.375711, val loss = 0.037340, total loss = 0.206525, Epoch time: 1.06 seconds, remaining time: 2.43 minutes
Epoch #862: train loss = 0.322112, val loss = 0.019967, total loss = 0.171040, Epoch time: 1.06 seconds, remaining time: 2.42 minutes
Epoch #863: train loss = 0.391110, val loss = 0.033068, total loss = 0.212089, Epoch time: 1.06 seconds, remaining time: 2.40 minutes
Epoch #864: train loss = 0.319525, val loss = 0.030042, total loss = 0.174783, Epoch time: 1.06 seconds, remaining time: 2.38 minutes
Epoch #865: train loss = 0.311588, val loss = 0.024629, total loss = 0.168108, Epoch time: 1.06 seconds, remaining time: 2.36 minutes
Epoch #866: train loss = 0.286309, val loss = 0.031065, total loss = 0.158687, Epoch time: 1.06 seconds, remaining time: 2.35 minutes
Epoch #867: train loss = 0.292998, val loss = 0.029327, total loss = 0.161162, Epoch time: 1.06 seconds, remaining time: 2.33 minutes
Epoch #868: train loss = 0.232603, val loss = 0.024488, total loss = 0.128546, Epoch time: 1.06 seconds, remaining time: 2.31 minutes
Epoch #869: train loss = 0.273449, val loss = 0.022697, total loss = 0.148073, Epoch time: 1.06 seconds, remaining time: 2.29 minutes
Epoch #870: train loss = 0.440721, val loss = 0.040839, total loss = 0.240780, Epoch time: 1.06 seconds, remaining time: 2.28 minutes
Epoch #871: train loss = 0.399755, val loss = 0.032311, total loss = 0.216033, Epoch time: 1.06 seconds, remaining time: 2.26 minutes
Epoch #872: train loss = 0.377930, val loss = 0.036408, total loss = 0.207169, Epoch time: 1.06 seconds, remaining time: 2.24 minutes
Epoch #873: train loss = 0.295343, val loss = 0.031125, total loss = 0.163234, Epoch time: 1.06 seconds, remaining time: 2.22 minutes
Epoch #874: train loss = 0.406929, val loss = 0.040982, total loss = 0.223956, Epoch time: 1.06 seconds, remaining time: 2.20 minutes
Epoch #875: train loss = 0.352158, val loss = 0.031012, total loss = 0.191585, Epoch time: 1.06 seconds, remaining time: 2.19 minutes
Epoch #876: train loss = 0.324180, val loss = 0.028590, total loss = 0.176385, Epoch time: 1.06 seconds, remaining time: 2.17 minutes
Epoch #877: train loss = 0.232769, val loss = 0.025672, total loss = 0.129221, Epoch time: 1.06 seconds, remaining time: 2.15 minutes
Epoch #878: train loss = 0.308681, val loss = 0.029031, total loss = 0.168856, Epoch time: 1.06 seconds, remaining time: 2.13 minutes
Epoch #879: train loss = 0.316077, val loss = 0.029879, total loss = 0.172978, Epoch time: 1.06 seconds, remaining time: 2.12 minutes
Epoch #880: train loss = 0.299758, val loss = 0.022531, total loss = 0.161144, Epoch time: 1.06 seconds, remaining time: 2.10 minutes
Epoch #881: train loss = 0.257112, val loss = 0.024955, total loss = 0.141034, Epoch time: 1.06 seconds, remaining time: 2.08 minutes
Epoch #882: train loss = 0.248392, val loss = 0.028001, total loss = 0.138196, Epoch time: 1.06 seconds, remaining time: 2.06 minutes
Epoch #883: train loss = 0.361291, val loss = 0.027447, total loss = 0.194369, Epoch time: 1.06 seconds, remaining time: 2.04 minutes
Epoch #884: train loss = 0.244076, val loss = 0.033833, total loss = 0.138955, Epoch time: 1.06 seconds, remaining time: 2.03 minutes
Epoch #885: train loss = 0.280472, val loss = 0.030019, total loss = 0.155245, Epoch time: 1.06 seconds, remaining time: 2.01 minutes
Epoch #886: train loss = 0.292193, val loss = 0.030403, total loss = 0.161298, Epoch time: 1.06 seconds, remaining time: 1.99 minutes
Epoch #887: train loss = 0.370680, val loss = 0.033167, total loss = 0.201924, Epoch time: 1.06 seconds, remaining time: 1.97 minutes
Epoch #888: train loss = 0.264058, val loss = 0.030901, total loss = 0.147480, Epoch time: 1.06 seconds, remaining time: 1.95 minutes
Epoch #889: train loss = 0.273436, val loss = 0.023555, total loss = 0.148496, Epoch time: 1.06 seconds, remaining time: 1.94 minutes
Epoch #890: train loss = 0.292883, val loss = 0.024841, total loss = 0.158862, Epoch time: 1.06 seconds, remaining time: 1.92 minutes
Epoch #891: train loss = 0.310801, val loss = 0.026670, total loss = 0.168736, Epoch time: 1.05 seconds, remaining time: 1.90 minutes
Epoch #892: train loss = 0.278103, val loss = 0.025869, total loss = 0.151986, Epoch time: 1.05 seconds, remaining time: 1.88 minutes
Epoch #893: train loss = 0.285141, val loss = 0.040958, total loss = 0.163050, Epoch time: 1.05 seconds, remaining time: 1.86 minutes
Epoch #894: train loss = 0.374515, val loss = 0.038717, total loss = 0.206616, Epoch time: 1.05 seconds, remaining time: 1.84 minutes
Epoch #895: train loss = 0.302632, val loss = 0.040531, total loss = 0.171581, Epoch time: 1.05 seconds, remaining time: 1.83 minutes
Epoch #896: train loss = 0.257959, val loss = 0.024154, total loss = 0.141056, Epoch time: 1.05 seconds, remaining time: 1.81 minutes
Epoch #897: train loss = 0.250256, val loss = 0.023902, total loss = 0.137079, Epoch time: 1.05 seconds, remaining time: 1.79 minutes
Epoch #898: train loss = 0.408443, val loss = 0.034351, total loss = 0.221397, Epoch time: 1.05 seconds, remaining time: 1.77 minutes
Epoch #899: train loss = 0.270918, val loss = 0.029936, total loss = 0.150427, Epoch time: 1.05 seconds, remaining time: 1.75 minutes
Epoch #900: train loss = 0.276268, val loss = 0.031761, total loss = 0.154015, Epoch time: 1.05 seconds, remaining time: 1.73 minutes
Epoch #901: train loss = 0.274164, val loss = 0.024290, total loss = 0.149227, Epoch time: 1.05 seconds, remaining time: 1.71 minutes
Epoch #902: train loss = 0.271820, val loss = 0.025794, total loss = 0.148807, Epoch time: 1.05 seconds, remaining time: 1.70 minutes
Epoch #903: train loss = 0.295885, val loss = 0.029522, total loss = 0.162704, Epoch time: 1.05 seconds, remaining time: 1.68 minutes
Epoch #904: train loss = 0.313404, val loss = 0.029394, total loss = 0.171399, Epoch time: 1.05 seconds, remaining time: 1.66 minutes
Epoch #905: train loss = 0.265855, val loss = 0.022979, total loss = 0.144417, Epoch time: 1.05 seconds, remaining time: 1.64 minutes
Epoch #906: train loss = 0.276177, val loss = 0.022355, total loss = 0.149266, Epoch time: 1.05 seconds, remaining time: 1.62 minutes
Epoch #907: train loss = 0.367925, val loss = 0.029460, total loss = 0.198692, Epoch time: 1.05 seconds, remaining time: 1.61 minutes
Epoch #908: train loss = 0.234736, val loss = 0.026328, total loss = 0.130532, Epoch time: 1.05 seconds, remaining time: 1.59 minutes
Epoch #909: train loss = 0.348168, val loss = 0.036082, total loss = 0.192125, Epoch time: 1.05 seconds, remaining time: 1.57 minutes
Epoch #910: train loss = 0.252677, val loss = 0.024829, total loss = 0.138753, Epoch time: 1.05 seconds, remaining time: 1.55 minutes
Epoch #911: train loss = 0.305337, val loss = 0.029998, total loss = 0.167667, Epoch time: 1.05 seconds, remaining time: 1.53 minutes
Epoch #912: train loss = 0.338448, val loss = 0.028241, total loss = 0.183345, Epoch time: 1.04 seconds, remaining time: 1.51 minutes
Epoch #913: train loss = 0.352763, val loss = 0.034996, total loss = 0.193880, Epoch time: 1.04 seconds, remaining time: 1.50 minutes
Epoch #914: train loss = 0.331620, val loss = 0.037645, total loss = 0.184632, Epoch time: 1.04 seconds, remaining time: 1.48 minutes
Epoch #915: train loss = 0.259570, val loss = 0.028817, total loss = 0.144193, Epoch time: 1.04 seconds, remaining time: 1.46 minutes
Epoch #916: train loss = 0.257631, val loss = 0.021894, total loss = 0.139762, Epoch time: 1.04 seconds, remaining time: 1.44 minutes
Epoch #917: train loss = 0.246843, val loss = 0.026968, total loss = 0.136906, Epoch time: 1.04 seconds, remaining time: 1.42 minutes
Epoch #918: train loss = 0.334306, val loss = 0.032252, total loss = 0.183279, Epoch time: 1.04 seconds, remaining time: 1.41 minutes
Epoch #919: train loss = 0.281616, val loss = 0.019583, total loss = 0.150599, Epoch time: 1.04 seconds, remaining time: 1.39 minutes
Epoch #920: train loss = 0.384867, val loss = 0.037003, total loss = 0.210935, Epoch time: 1.04 seconds, remaining time: 1.37 minutes
Epoch #921: train loss = 0.388823, val loss = 0.027052, total loss = 0.207937, Epoch time: 1.04 seconds, remaining time: 1.35 minutes
Epoch #922: train loss = 0.366805, val loss = 0.042414, total loss = 0.204610, Epoch time: 1.04 seconds, remaining time: 1.33 minutes
Epoch #923: train loss = 0.374279, val loss = 0.030507, total loss = 0.202393, Epoch time: 1.04 seconds, remaining time: 1.32 minutes
Epoch #924: train loss = 0.402132, val loss = 0.043046, total loss = 0.222589, Epoch time: 1.04 seconds, remaining time: 1.30 minutes
Epoch #925: train loss = 0.306362, val loss = 0.027218, total loss = 0.166790, Epoch time: 1.04 seconds, remaining time: 1.28 minutes
Epoch #926: train loss = 0.288728, val loss = 0.025947, total loss = 0.157338, Epoch time: 1.04 seconds, remaining time: 1.26 minutes
Epoch #927: train loss = 0.482383, val loss = 0.039953, total loss = 0.261168, Epoch time: 1.04 seconds, remaining time: 1.25 minutes
Epoch #928: train loss = 0.359665, val loss = 0.032244, total loss = 0.195954, Epoch time: 1.04 seconds, remaining time: 1.23 minutes
Epoch #929: train loss = 0.339561, val loss = 0.025127, total loss = 0.182344, Epoch time: 1.04 seconds, remaining time: 1.21 minutes
Epoch #930: train loss = 0.278685, val loss = 0.032026, total loss = 0.155355, Epoch time: 1.04 seconds, remaining time: 1.19 minutes
Epoch #931: train loss = 0.241618, val loss = 0.026528, total loss = 0.134073, Epoch time: 1.04 seconds, remaining time: 1.17 minutes
Epoch #932: train loss = 0.200261, val loss = 0.024484, total loss = 0.112373, Epoch time: 1.04 seconds, remaining time: 1.16 minutes
Epoch #933: train loss = 0.191381, val loss = 0.029089, total loss = 0.110235, Epoch time: 1.04 seconds, remaining time: 1.14 minutes
Epoch #934: train loss = 0.259197, val loss = 0.023436, total loss = 0.141317, Epoch time: 1.03 seconds, remaining time: 1.12 minutes
Epoch #935: train loss = 0.251483, val loss = 0.026816, total loss = 0.139149, Epoch time: 1.03 seconds, remaining time: 1.10 minutes
Epoch #936: train loss = 0.394924, val loss = 0.026873, total loss = 0.210898, Epoch time: 1.03 seconds, remaining time: 1.09 minutes
Epoch #937: train loss = 0.421167, val loss = 0.037110, total loss = 0.229139, Epoch time: 1.03 seconds, remaining time: 1.07 minutes
Epoch #938: train loss = 0.343827, val loss = 0.029689, total loss = 0.186758, Epoch time: 1.03 seconds, remaining time: 1.05 minutes
Epoch #939: train loss = 0.278370, val loss = 0.025687, total loss = 0.152028, Epoch time: 1.03 seconds, remaining time: 1.03 minutes
Epoch #940: train loss = 0.263994, val loss = 0.034233, total loss = 0.149113, Epoch time: 1.03 seconds, remaining time: 1.01 minutes
Epoch #941: train loss = 0.320399, val loss = 0.028146, total loss = 0.174272, Epoch time: 1.03 seconds, remaining time: 1.00 minutes
Epoch #942: train loss = 0.373247, val loss = 0.036529, total loss = 0.204888, Epoch time: 1.03 seconds, remaining time: 0.98 minutes
Epoch #943: train loss = 0.392101, val loss = 0.039295, total loss = 0.215698, Epoch time: 1.03 seconds, remaining time: 0.96 minutes
Epoch #944: train loss = 0.381737, val loss = 0.033588, total loss = 0.207662, Epoch time: 1.03 seconds, remaining time: 0.94 minutes
Epoch #945: train loss = 0.285133, val loss = 0.027638, total loss = 0.156385, Epoch time: 1.03 seconds, remaining time: 0.93 minutes
Epoch #946: train loss = 0.239251, val loss = 0.026724, total loss = 0.132987, Epoch time: 1.03 seconds, remaining time: 0.91 minutes
Epoch #947: train loss = 0.306427, val loss = 0.022763, total loss = 0.164595, Epoch time: 1.03 seconds, remaining time: 0.89 minutes
Epoch #948: train loss = 0.303547, val loss = 0.036663, total loss = 0.170105, Epoch time: 1.03 seconds, remaining time: 0.87 minutes
Epoch #949: train loss = 0.383505, val loss = 0.048548, total loss = 0.216026, Epoch time: 1.03 seconds, remaining time: 0.86 minutes
Epoch #950: train loss = 0.319685, val loss = 0.035206, total loss = 0.177446, Epoch time: 1.03 seconds, remaining time: 0.84 minutes
Epoch #951: train loss = 0.367978, val loss = 0.041150, total loss = 0.204564, Epoch time: 1.03 seconds, remaining time: 0.82 minutes
Epoch #952: train loss = 0.247824, val loss = 0.031798, total loss = 0.139811, Epoch time: 1.03 seconds, remaining time: 0.80 minutes
Epoch #953: train loss = 0.316811, val loss = 0.028914, total loss = 0.172863, Epoch time: 1.03 seconds, remaining time: 0.79 minutes
Epoch #954: train loss = 0.286854, val loss = 0.030657, total loss = 0.158756, Epoch time: 1.03 seconds, remaining time: 0.77 minutes
Epoch #955: train loss = 0.361297, val loss = 0.028735, total loss = 0.195016, Epoch time: 1.03 seconds, remaining time: 0.75 minutes
Epoch #956: train loss = 0.353595, val loss = 0.034498, total loss = 0.194046, Epoch time: 1.03 seconds, remaining time: 0.73 minutes
Epoch #957: train loss = 0.427173, val loss = 0.045292, total loss = 0.236232, Epoch time: 1.02 seconds, remaining time: 0.72 minutes
Epoch #958: train loss = 0.337074, val loss = 0.034558, total loss = 0.185816, Epoch time: 1.02 seconds, remaining time: 0.70 minutes
Epoch #959: train loss = 0.316106, val loss = 0.033576, total loss = 0.174841, Epoch time: 1.02 seconds, remaining time: 0.68 minutes
Epoch #960: train loss = 0.351956, val loss = 0.036205, total loss = 0.194080, Epoch time: 1.02 seconds, remaining time: 0.67 minutes
Epoch #961: train loss = 0.315223, val loss = 0.036635, total loss = 0.175929, Epoch time: 1.02 seconds, remaining time: 0.65 minutes
Epoch #962: train loss = 0.265565, val loss = 0.026232, total loss = 0.145898, Epoch time: 1.02 seconds, remaining time: 0.63 minutes
Epoch #963: train loss = 0.335884, val loss = 0.031353, total loss = 0.183618, Epoch time: 1.02 seconds, remaining time: 0.61 minutes
Epoch #964: train loss = 0.379602, val loss = 0.034405, total loss = 0.207003, Epoch time: 1.02 seconds, remaining time: 0.60 minutes
Epoch #965: train loss = 0.322692, val loss = 0.029379, total loss = 0.176036, Epoch time: 1.02 seconds, remaining time: 0.58 minutes
Epoch #966: train loss = 0.455809, val loss = 0.040064, total loss = 0.247936, Epoch time: 1.02 seconds, remaining time: 0.56 minutes
Epoch #967: train loss = 0.415620, val loss = 0.040910, total loss = 0.228265, Epoch time: 1.02 seconds, remaining time: 0.54 minutes
Epoch #968: train loss = 0.339883, val loss = 0.026782, total loss = 0.183333, Epoch time: 1.02 seconds, remaining time: 0.53 minutes
Epoch #969: train loss = 0.371275, val loss = 0.034935, total loss = 0.203105, Epoch time: 1.02 seconds, remaining time: 0.51 minutes
Epoch #970: train loss = 0.365003, val loss = 0.026211, total loss = 0.195607, Epoch time: 1.02 seconds, remaining time: 0.49 minutes
Epoch #971: train loss = 0.326584, val loss = 0.029327, total loss = 0.177956, Epoch time: 1.02 seconds, remaining time: 0.48 minutes
Epoch #972: train loss = 0.383543, val loss = 0.032221, total loss = 0.207882, Epoch time: 1.02 seconds, remaining time: 0.46 minutes
Epoch #973: train loss = 0.309420, val loss = 0.028510, total loss = 0.168965, Epoch time: 1.02 seconds, remaining time: 0.44 minutes
Epoch #974: train loss = 0.312852, val loss = 0.032029, total loss = 0.172440, Epoch time: 1.02 seconds, remaining time: 0.42 minutes
Epoch #975: train loss = 0.375044, val loss = 0.037383, total loss = 0.206213, Epoch time: 1.02 seconds, remaining time: 0.41 minutes
Epoch #976: train loss = 0.296055, val loss = 0.029266, total loss = 0.162660, Epoch time: 1.02 seconds, remaining time: 0.39 minutes
Epoch #977: train loss = 0.383121, val loss = 0.024534, total loss = 0.203827, Epoch time: 1.02 seconds, remaining time: 0.37 minutes
Epoch #978: train loss = 0.324069, val loss = 0.027581, total loss = 0.175825, Epoch time: 1.02 seconds, remaining time: 0.36 minutes
Epoch #979: train loss = 0.260122, val loss = 0.027970, total loss = 0.144046, Epoch time: 1.02 seconds, remaining time: 0.34 minutes
Epoch #980: train loss = 0.273849, val loss = 0.022099, total loss = 0.147974, Epoch time: 1.02 seconds, remaining time: 0.32 minutes
Epoch #981: train loss = 0.363311, val loss = 0.035482, total loss = 0.199396, Epoch time: 1.01 seconds, remaining time: 0.30 minutes
Epoch #982: train loss = 0.382220, val loss = 0.042219, total loss = 0.212219, Epoch time: 1.01 seconds, remaining time: 0.29 minutes
Epoch #983: train loss = 0.237883, val loss = 0.026101, total loss = 0.131992, Epoch time: 1.01 seconds, remaining time: 0.27 minutes
Epoch #984: train loss = 0.317095, val loss = 0.021765, total loss = 0.169430, Epoch time: 1.01 seconds, remaining time: 0.25 minutes
Epoch #985: train loss = 0.308776, val loss = 0.026965, total loss = 0.167870, Epoch time: 1.01 seconds, remaining time: 0.24 minutes
Epoch #986: train loss = 0.278851, val loss = 0.026612, total loss = 0.152732, Epoch time: 1.01 seconds, remaining time: 0.22 minutes
Epoch #987: train loss = 0.238782, val loss = 0.020276, total loss = 0.129529, Epoch time: 1.01 seconds, remaining time: 0.20 minutes
Epoch #988: train loss = 0.362674, val loss = 0.036669, total loss = 0.199671, Epoch time: 1.01 seconds, remaining time: 0.19 minutes
Epoch #989: train loss = 0.282191, val loss = 0.030317, total loss = 0.156254, Epoch time: 1.01 seconds, remaining time: 0.17 minutes
Epoch #990: train loss = 0.279146, val loss = 0.033060, total loss = 0.156103, Epoch time: 1.01 seconds, remaining time: 0.15 minutes
Epoch #991: train loss = 0.212769, val loss = 0.026306, total loss = 0.119538, Epoch time: 1.01 seconds, remaining time: 0.13 minutes
Epoch #992: train loss = 0.226692, val loss = 0.025291, total loss = 0.125991, Epoch time: 1.01 seconds, remaining time: 0.12 minutes
Epoch #993: train loss = 0.342194, val loss = 0.023926, total loss = 0.183060, Epoch time: 1.01 seconds, remaining time: 0.10 minutes
Epoch #994: train loss = 0.452416, val loss = 0.042177, total loss = 0.247296, Epoch time: 1.01 seconds, remaining time: 0.08 minutes
Epoch #995: train loss = 0.317758, val loss = 0.028051, total loss = 0.172905, Epoch time: 1.01 seconds, remaining time: 0.07 minutes
Epoch #996: train loss = 0.351878, val loss = 0.027845, total loss = 0.189861, Epoch time: 1.01 seconds, remaining time: 0.05 minutes
Epoch #997: train loss = 0.326674, val loss = 0.030006, total loss = 0.178340, Epoch time: 1.01 seconds, remaining time: 0.03 minutes
Epoch #998: train loss = 0.345330, val loss = 0.034370, total loss = 0.189850, Epoch time: 1.01 seconds, remaining time: 0.02 minutes
Epoch #999: train loss = 0.322150, val loss = 0.035667, total loss = 0.178909, Epoch time: 1.01 seconds, remaining time: 0.00 minutes

Training time: 0:16:50.583588

Classification evaluation results:
{'acc': 0.8888888888888888, 'auprc': 0.9271293964991737}
Clustering evaluation results:
{'kmeans': {'acc': 0.5166666666666667, 'ri': 0.9214773432650528, 'nmi': 0.6712667526103545}, 'spectral': {'acc': 0.45555555555555555, 'ri': 0.8960273122284296, 'nmi': 0.6776818575778775}}
Finished.
