Dataset: ArticularyWordRecognition
Arguments: Namespace(batch_size=8, dataset='ArticularyWordRecognition', epochs=1000, eval=True, gpu=0, irregular=0, iters=None, loader='UEA', lr=0.001, max_threads=8, max_train_length=3000, repr_dims=320, run_name='UEA', save_every=None, seed=42)
Loading data... done
Epoch #0: train loss = 2.460374, val loss = 0.906745, total loss = 1.650736, Epoch time: 1.80 seconds, remaining time: 29.89 minutes
Epoch #1: train loss = 1.570446, val loss = 0.538112, total loss = 1.032469, Epoch time: 1.24 seconds, remaining time: 25.26 minutes
Epoch #2: train loss = 1.389639, val loss = 0.401455, total loss = 0.874670, Epoch time: 1.17 seconds, remaining time: 23.31 minutes
Epoch #3: train loss = 1.196078, val loss = 0.328471, total loss = 0.743945, Epoch time: 1.14 seconds, remaining time: 22.18 minutes
Epoch #4: train loss = 1.219780, val loss = 0.381709, total loss = 0.783039, Epoch time: 1.14 seconds, remaining time: 21.49 minutes
Epoch #5: train loss = 1.112211, val loss = 0.293104, total loss = 0.685352, Epoch time: 1.12 seconds, remaining time: 21.00 minutes
Epoch #6: train loss = 1.070827, val loss = 0.266218, total loss = 0.651524, Epoch time: 1.09 seconds, remaining time: 20.55 minutes
Epoch #7: train loss = 0.960758, val loss = 0.206113, total loss = 0.567493, Epoch time: 1.09 seconds, remaining time: 20.21 minutes
Epoch #8: train loss = 0.908595, val loss = 0.170458, total loss = 0.523932, Epoch time: 1.12 seconds, remaining time: 20.00 minutes
Epoch #9: train loss = 0.874514, val loss = 0.171616, total loss = 0.508215, Epoch time: 1.13 seconds, remaining time: 19.85 minutes
Epoch #10: train loss = 0.880153, val loss = 0.168442, total loss = 0.509261, Epoch time: 1.12 seconds, remaining time: 18.72 minutes
Epoch #11: train loss = 0.854790, val loss = 0.166738, total loss = 0.496228, Epoch time: 1.12 seconds, remaining time: 18.51 minutes
Epoch #12: train loss = 0.797375, val loss = 0.153793, total loss = 0.461987, Epoch time: 1.12 seconds, remaining time: 18.41 minutes
Epoch #13: train loss = 0.763970, val loss = 0.159969, total loss = 0.449209, Epoch time: 1.13 seconds, remaining time: 18.38 minutes
Epoch #14: train loss = 0.736020, val loss = 0.149065, total loss = 0.430142, Epoch time: 1.12 seconds, remaining time: 18.34 minutes
Epoch #15: train loss = 0.740644, val loss = 0.152333, total loss = 0.434059, Epoch time: 1.11 seconds, remaining time: 18.30 minutes
Epoch #16: train loss = 0.803345, val loss = 0.130136, total loss = 0.452518, Epoch time: 1.09 seconds, remaining time: 18.30 minutes
Epoch #17: train loss = 0.714427, val loss = 0.134826, total loss = 0.412381, Epoch time: 1.10 seconds, remaining time: 18.30 minutes
Epoch #18: train loss = 0.705624, val loss = 0.128268, total loss = 0.404748, Epoch time: 1.10 seconds, remaining time: 18.26 minutes
Epoch #19: train loss = 0.700802, val loss = 0.149402, total loss = 0.413453, Epoch time: 1.12 seconds, remaining time: 18.21 minutes
Epoch #20: train loss = 0.680062, val loss = 0.137294, total loss = 0.397211, Epoch time: 1.11 seconds, remaining time: 18.18 minutes
Epoch #21: train loss = 0.691300, val loss = 0.110505, total loss = 0.388632, Epoch time: 1.11 seconds, remaining time: 18.14 minutes
Epoch #22: train loss = 0.640217, val loss = 0.137190, total loss = 0.378076, Epoch time: 1.13 seconds, remaining time: 18.13 minutes
Epoch #23: train loss = 0.638289, val loss = 0.086061, total loss = 0.350508, Epoch time: 1.15 seconds, remaining time: 18.15 minutes
Epoch #24: train loss = 0.753991, val loss = 0.171742, total loss = 0.450565, Epoch time: 1.17 seconds, remaining time: 18.21 minutes
Epoch #25: train loss = 0.723620, val loss = 0.112772, total loss = 0.405291, Epoch time: 1.12 seconds, remaining time: 18.21 minutes
Epoch #26: train loss = 0.632347, val loss = 0.097509, total loss = 0.353629, Epoch time: 1.14 seconds, remaining time: 18.27 minutes
Epoch #27: train loss = 0.686885, val loss = 0.135500, total loss = 0.399544, Epoch time: 1.11 seconds, remaining time: 18.26 minutes
Epoch #28: train loss = 0.612604, val loss = 0.131504, total loss = 0.361890, Epoch time: 1.14 seconds, remaining time: 18.30 minutes
Epoch #29: train loss = 0.577545, val loss = 0.086809, total loss = 0.321809, Epoch time: 1.15 seconds, remaining time: 18.33 minutes
Epoch #30: train loss = 0.564843, val loss = 0.084378, total loss = 0.314460, Epoch time: 1.15 seconds, remaining time: 18.37 minutes
Epoch #31: train loss = 0.565722, val loss = 0.078448, total loss = 0.311790, Epoch time: 1.15 seconds, remaining time: 18.41 minutes
Epoch #32: train loss = 0.702194, val loss = 0.130120, total loss = 0.404071, Epoch time: 1.10 seconds, remaining time: 18.34 minutes
Epoch #33: train loss = 0.656747, val loss = 0.111153, total loss = 0.372423, Epoch time: 1.13 seconds, remaining time: 18.28 minutes
Epoch #34: train loss = 0.613804, val loss = 0.104087, total loss = 0.348177, Epoch time: 1.12 seconds, remaining time: 18.19 minutes
Epoch #35: train loss = 0.560695, val loss = 0.086108, total loss = 0.313375, Epoch time: 1.14 seconds, remaining time: 18.19 minutes
Epoch #36: train loss = 0.586198, val loss = 0.088428, total loss = 0.326797, Epoch time: 1.14 seconds, remaining time: 18.16 minutes
Epoch #37: train loss = 0.576948, val loss = 0.083101, total loss = 0.319591, Epoch time: 1.15 seconds, remaining time: 18.21 minutes
Epoch #38: train loss = 0.623748, val loss = 0.090043, total loss = 0.345620, Epoch time: 1.13 seconds, remaining time: 18.18 minutes
Epoch #39: train loss = 0.551714, val loss = 0.067625, total loss = 0.299442, Epoch time: 1.16 seconds, remaining time: 18.18 minutes
Epoch #40: train loss = 0.540398, val loss = 0.067655, total loss = 0.294039, Epoch time: 1.15 seconds, remaining time: 18.17 minutes
Epoch #41: train loss = 0.611122, val loss = 0.084239, total loss = 0.336549, Epoch time: 1.12 seconds, remaining time: 18.10 minutes
Epoch #42: train loss = 0.559324, val loss = 0.077042, total loss = 0.307994, Epoch time: 1.13 seconds, remaining time: 18.15 minutes
Epoch #43: train loss = 0.517380, val loss = 0.096633, total loss = 0.298118, Epoch time: 1.16 seconds, remaining time: 18.18 minutes
Epoch #44: train loss = 0.488866, val loss = 0.077339, total loss = 0.274408, Epoch time: 1.18 seconds, remaining time: 18.24 minutes
Epoch #45: train loss = 0.525455, val loss = 0.077549, total loss = 0.292039, Epoch time: 1.13 seconds, remaining time: 18.21 minutes
Epoch #46: train loss = 0.597380, val loss = 0.086337, total loss = 0.331062, Epoch time: 1.09 seconds, remaining time: 18.11 minutes
Epoch #47: train loss = 0.443646, val loss = 0.055559, total loss = 0.241404, Epoch time: 1.10 seconds, remaining time: 18.02 minutes
Epoch #48: train loss = 0.564148, val loss = 0.074768, total loss = 0.309119, Epoch time: 1.05 seconds, remaining time: 17.87 minutes
Epoch #49: train loss = 0.529576, val loss = 0.077310, total loss = 0.293888, Epoch time: 1.07 seconds, remaining time: 17.71 minutes
Epoch #50: train loss = 0.583581, val loss = 0.085795, total loss = 0.324171, Epoch time: 1.06 seconds, remaining time: 17.54 minutes
Epoch #51: train loss = 0.515805, val loss = 0.064822, total loss = 0.280785, Epoch time: 1.04 seconds, remaining time: 17.39 minutes
Epoch #52: train loss = 0.550589, val loss = 0.078448, total loss = 0.304544, Epoch time: 1.06 seconds, remaining time: 17.26 minutes
Epoch #53: train loss = 0.545897, val loss = 0.057461, total loss = 0.291360, Epoch time: 1.05 seconds, remaining time: 17.06 minutes
Epoch #54: train loss = 0.523859, val loss = 0.076025, total loss = 0.290481, Epoch time: 1.05 seconds, remaining time: 16.85 minutes
Epoch #55: train loss = 0.472285, val loss = 0.055100, total loss = 0.254879, Epoch time: 1.07 seconds, remaining time: 16.74 minutes
Epoch #56: train loss = 0.518358, val loss = 0.084701, total loss = 0.292368, Epoch time: 1.07 seconds, remaining time: 16.69 minutes
Epoch #57: train loss = 0.549354, val loss = 0.092390, total loss = 0.311218, Epoch time: 1.04 seconds, remaining time: 16.57 minutes
Epoch #58: train loss = 0.554024, val loss = 0.066585, total loss = 0.300006, Epoch time: 1.07 seconds, remaining time: 16.59 minutes
Epoch #59: train loss = 0.479545, val loss = 0.063776, total loss = 0.262877, Epoch time: 1.08 seconds, remaining time: 16.59 minutes
Epoch #60: train loss = 0.631484, val loss = 0.119359, total loss = 0.364602, Epoch time: 1.04 seconds, remaining time: 16.54 minutes
Epoch #61: train loss = 0.582304, val loss = 0.063961, total loss = 0.312182, Epoch time: 1.06 seconds, remaining time: 16.55 minutes
Epoch #62: train loss = 0.635340, val loss = 0.112356, total loss = 0.362799, Epoch time: 1.08 seconds, remaining time: 16.56 minutes
Epoch #63: train loss = 0.556342, val loss = 0.070747, total loss = 0.303286, Epoch time: 1.06 seconds, remaining time: 16.56 minutes
Epoch #64: train loss = 0.463835, val loss = 0.058243, total loss = 0.252470, Epoch time: 1.08 seconds, remaining time: 16.59 minutes
Epoch #65: train loss = 0.479987, val loss = 0.061526, total loss = 0.261916, Epoch time: 1.03 seconds, remaining time: 16.52 minutes
Epoch #66: train loss = 0.471062, val loss = 0.045633, total loss = 0.249359, Epoch time: 1.07 seconds, remaining time: 16.51 minutes
Epoch #67: train loss = 0.483042, val loss = 0.068684, total loss = 0.267109, Epoch time: 1.05 seconds, remaining time: 16.51 minutes
Epoch #68: train loss = 0.513172, val loss = 0.060455, total loss = 0.277249, Epoch time: 1.09 seconds, remaining time: 16.52 minutes
Epoch #69: train loss = 0.409419, val loss = 0.047254, total loss = 0.220685, Epoch time: 1.08 seconds, remaining time: 16.50 minutes
Epoch #70: train loss = 0.455303, val loss = 0.061867, total loss = 0.250273, Epoch time: 1.06 seconds, remaining time: 16.51 minutes
Epoch #71: train loss = 0.491357, val loss = 0.072091, total loss = 0.272866, Epoch time: 1.05 seconds, remaining time: 16.47 minutes
Epoch #72: train loss = 0.481930, val loss = 0.067620, total loss = 0.266022, Epoch time: 1.07 seconds, remaining time: 16.44 minutes
Epoch #73: train loss = 0.468423, val loss = 0.070425, total loss = 0.261016, Epoch time: 1.11 seconds, remaining time: 16.50 minutes
Epoch #74: train loss = 0.466918, val loss = 0.042308, total loss = 0.245642, Epoch time: 1.11 seconds, remaining time: 16.52 minutes
Epoch #75: train loss = 0.566706, val loss = 0.069906, total loss = 0.307810, Epoch time: 1.09 seconds, remaining time: 16.59 minutes
Epoch #76: train loss = 0.529835, val loss = 0.069884, total loss = 0.290142, Epoch time: 1.15 seconds, remaining time: 16.69 minutes
Epoch #77: train loss = 0.531165, val loss = 0.072687, total loss = 0.292240, Epoch time: 1.18 seconds, remaining time: 16.86 minutes
Epoch #78: train loss = 0.511743, val loss = 0.050946, total loss = 0.271610, Epoch time: 1.16 seconds, remaining time: 16.95 minutes
Epoch #79: train loss = 0.468589, val loss = 0.048385, total loss = 0.249610, Epoch time: 1.15 seconds, remaining time: 17.04 minutes
Epoch #80: train loss = 0.419795, val loss = 0.037918, total loss = 0.220789, Epoch time: 1.13 seconds, remaining time: 17.13 minutes
Epoch #81: train loss = 0.455928, val loss = 0.065581, total loss = 0.252508, Epoch time: 1.10 seconds, remaining time: 17.20 minutes
Epoch #82: train loss = 0.546842, val loss = 0.078183, total loss = 0.302611, Epoch time: 1.14 seconds, remaining time: 17.30 minutes
Epoch #83: train loss = 0.549647, val loss = 0.078291, total loss = 0.304011, Epoch time: 1.14 seconds, remaining time: 17.32 minutes
Epoch #84: train loss = 0.474542, val loss = 0.050702, total loss = 0.253667, Epoch time: 1.16 seconds, remaining time: 17.38 minutes
Epoch #85: train loss = 0.464223, val loss = 0.064153, total loss = 0.255736, Epoch time: 1.16 seconds, remaining time: 17.46 minutes
Epoch #86: train loss = 0.518026, val loss = 0.054903, total loss = 0.276680, Epoch time: 1.16 seconds, remaining time: 17.46 minutes
Epoch #87: train loss = 0.483977, val loss = 0.059931, total loss = 0.262995, Epoch time: 1.15 seconds, remaining time: 17.40 minutes
Epoch #88: train loss = 0.456608, val loss = 0.037739, total loss = 0.238324, Epoch time: 1.12 seconds, remaining time: 17.33 minutes
Epoch #89: train loss = 0.392156, val loss = 0.047188, total loss = 0.212384, Epoch time: 1.14 seconds, remaining time: 17.29 minutes
Epoch #90: train loss = 0.430587, val loss = 0.048079, total loss = 0.231252, Epoch time: 1.18 seconds, remaining time: 17.35 minutes
Epoch #91: train loss = 0.441996, val loss = 0.052557, total loss = 0.239049, Epoch time: 1.16 seconds, remaining time: 17.42 minutes
Epoch #92: train loss = 0.481894, val loss = 0.044238, total loss = 0.253819, Epoch time: 1.14 seconds, remaining time: 17.40 minutes
Epoch #93: train loss = 0.393566, val loss = 0.040855, total loss = 0.209759, Epoch time: 1.15 seconds, remaining time: 17.40 minutes
Epoch #94: train loss = 0.457593, val loss = 0.042315, total loss = 0.241181, Epoch time: 1.11 seconds, remaining time: 17.32 minutes
Epoch #95: train loss = 0.371761, val loss = 0.032121, total loss = 0.194765, Epoch time: 1.13 seconds, remaining time: 17.25 minutes
Epoch #96: train loss = 0.444533, val loss = 0.041302, total loss = 0.234399, Epoch time: 1.09 seconds, remaining time: 17.12 minutes
Epoch #97: train loss = 0.448721, val loss = 0.036847, total loss = 0.234082, Epoch time: 1.08 seconds, remaining time: 16.99 minutes
Epoch #98: train loss = 0.430614, val loss = 0.039374, total loss = 0.226729, Epoch time: 1.08 seconds, remaining time: 16.91 minutes
Epoch #99: train loss = 0.414634, val loss = 0.050931, total loss = 0.225099, Epoch time: 1.11 seconds, remaining time: 16.85 minutes
Epoch #100: train loss = 0.440413, val loss = 0.049872, total loss = 0.236891, Epoch time: 1.08 seconds, remaining time: 16.68 minutes
Epoch #101: train loss = 0.404487, val loss = 0.035435, total loss = 0.212164, Epoch time: 1.09 seconds, remaining time: 16.55 minutes
Epoch #102: train loss = 0.385091, val loss = 0.033570, total loss = 0.201904, Epoch time: 1.09 seconds, remaining time: 16.46 minutes
Epoch #103: train loss = 0.378532, val loss = 0.033296, total loss = 0.198620, Epoch time: 1.12 seconds, remaining time: 16.39 minutes
Epoch #104: train loss = 0.393150, val loss = 0.029522, total loss = 0.203654, Epoch time: 1.14 seconds, remaining time: 16.41 minutes
Epoch #105: train loss = 0.456427, val loss = 0.045456, total loss = 0.242259, Epoch time: 1.17 seconds, remaining time: 16.45 minutes
Epoch #106: train loss = 0.388006, val loss = 0.033745, total loss = 0.203391, Epoch time: 1.22 seconds, remaining time: 16.63 minutes
Epoch #107: train loss = 0.486953, val loss = 0.036877, total loss = 0.252406, Epoch time: 1.13 seconds, remaining time: 16.68 minutes
Epoch #108: train loss = 0.412154, val loss = 0.033857, total loss = 0.215014, Epoch time: 1.12 seconds, remaining time: 16.73 minutes
Epoch #109: train loss = 0.428196, val loss = 0.046420, total loss = 0.229242, Epoch time: 1.12 seconds, remaining time: 16.72 minutes
Epoch #110: train loss = 0.492333, val loss = 0.034251, total loss = 0.253614, Epoch time: 1.10 seconds, remaining time: 16.74 minutes
Epoch #111: train loss = 0.464971, val loss = 0.040439, total loss = 0.243736, Epoch time: 1.09 seconds, remaining time: 16.72 minutes
Epoch #112: train loss = 0.388643, val loss = 0.039336, total loss = 0.206610, Epoch time: 1.18 seconds, remaining time: 16.84 minutes
Epoch #113: train loss = 0.414167, val loss = 0.029450, total loss = 0.213681, Epoch time: 1.14 seconds, remaining time: 16.85 minutes
Epoch #114: train loss = 0.450762, val loss = 0.044253, total loss = 0.238919, Epoch time: 1.11 seconds, remaining time: 16.78 minutes
Epoch #115: train loss = 0.392493, val loss = 0.039909, total loss = 0.208752, Epoch time: 1.14 seconds, remaining time: 16.71 minutes
Epoch #116: train loss = 0.530132, val loss = 0.035345, total loss = 0.272285, Epoch time: 1.12 seconds, remaining time: 16.54 minutes
Epoch #117: train loss = 0.403838, val loss = 0.040684, total loss = 0.214589, Epoch time: 1.14 seconds, remaining time: 16.54 minutes
Epoch #118: train loss = 0.387582, val loss = 0.035223, total loss = 0.203958, Epoch time: 1.15 seconds, remaining time: 16.56 minutes
Epoch #119: train loss = 0.350154, val loss = 0.028134, total loss = 0.182341, Epoch time: 1.19 seconds, remaining time: 16.65 minutes
Epoch #120: train loss = 0.322128, val loss = 0.022367, total loss = 0.165915, Epoch time: 1.29 seconds, remaining time: 16.91 minutes
Epoch #121: train loss = 0.446794, val loss = 0.034329, total loss = 0.231847, Epoch time: 1.24 seconds, remaining time: 17.12 minutes
Epoch #122: train loss = 0.433517, val loss = 0.076283, total loss = 0.247353, Epoch time: 1.31 seconds, remaining time: 17.27 minutes
Epoch #123: train loss = 0.422740, val loss = 0.031426, total loss = 0.218816, Epoch time: 1.25 seconds, remaining time: 17.42 minutes
Epoch #124: train loss = 0.382068, val loss = 0.024197, total loss = 0.195572, Epoch time: 1.23 seconds, remaining time: 17.58 minutes
Epoch #125: train loss = 0.442146, val loss = 0.030828, total loss = 0.227797, Epoch time: 1.24 seconds, remaining time: 17.71 minutes
Epoch #126: train loss = 0.333078, val loss = 0.022417, total loss = 0.171184, Epoch time: 1.26 seconds, remaining time: 17.90 minutes
Epoch #127: train loss = 0.338479, val loss = 0.024597, total loss = 0.174907, Epoch time: 1.25 seconds, remaining time: 18.03 minutes
Epoch #128: train loss = 0.383083, val loss = 0.026189, total loss = 0.197096, Epoch time: 1.21 seconds, remaining time: 18.10 minutes
Epoch #129: train loss = 0.338353, val loss = 0.022215, total loss = 0.173605, Epoch time: 1.30 seconds, remaining time: 18.23 minutes
Epoch #130: train loss = 0.429835, val loss = 0.031588, total loss = 0.222298, Epoch time: 1.24 seconds, remaining time: 18.13 minutes
Epoch #131: train loss = 0.397413, val loss = 0.043212, total loss = 0.212829, Epoch time: 1.32 seconds, remaining time: 18.22 minutes
Epoch #132: train loss = 0.392933, val loss = 0.029416, total loss = 0.203495, Epoch time: 1.38 seconds, remaining time: 18.31 minutes
Epoch #133: train loss = 0.386523, val loss = 0.027338, total loss = 0.199342, Epoch time: 1.37 seconds, remaining time: 18.45 minutes
Epoch #134: train loss = 0.384498, val loss = 0.028110, total loss = 0.198775, Epoch time: 1.80 seconds, remaining time: 19.26 minutes
Epoch #135: train loss = 0.342818, val loss = 0.032616, total loss = 0.181164, Epoch time: 1.89 seconds, remaining time: 20.17 minutes
Epoch #136: train loss = 0.557207, val loss = 0.038425, total loss = 0.286856, Epoch time: 1.80 seconds, remaining time: 20.93 minutes
Epoch #137: train loss = 0.469142, val loss = 0.045530, total loss = 0.248386, Epoch time: 1.89 seconds, remaining time: 21.81 minutes
Epoch #138: train loss = 0.351989, val loss = 0.022086, total loss = 0.180067, Epoch time: 1.90 seconds, remaining time: 22.78 minutes
Epoch #139: train loss = 0.324405, val loss = 0.020956, total loss = 0.166270, Epoch time: 1.97 seconds, remaining time: 23.72 minutes
Epoch #140: train loss = 0.430172, val loss = 0.049791, total loss = 0.231945, Epoch time: 1.94 seconds, remaining time: 24.70 minutes
Epoch #141: train loss = 0.503268, val loss = 0.048034, total loss = 0.266034, Epoch time: 1.92 seconds, remaining time: 25.53 minutes
Epoch #142: train loss = 0.508514, val loss = 0.037284, total loss = 0.262943, Epoch time: 1.93 seconds, remaining time: 26.29 minutes
Epoch #143: train loss = 0.468898, val loss = 0.035968, total loss = 0.243287, Epoch time: 1.94 seconds, remaining time: 27.08 minutes
Epoch #144: train loss = 0.454306, val loss = 0.044685, total loss = 0.240841, Epoch time: 1.97 seconds, remaining time: 27.29 minutes
Epoch #145: train loss = 0.427902, val loss = 0.034963, total loss = 0.223131, Epoch time: 1.91 seconds, remaining time: 27.28 minutes
Epoch #146: train loss = 0.381507, val loss = 0.021563, total loss = 0.193931, Epoch time: 1.98 seconds, remaining time: 27.50 minutes
Epoch #147: train loss = 0.414749, val loss = 0.025297, total loss = 0.211795, Epoch time: 1.93 seconds, remaining time: 27.53 minutes
Epoch #148: train loss = 0.318550, val loss = 0.027413, total loss = 0.166831, Epoch time: 2.00 seconds, remaining time: 27.64 minutes
Epoch #149: train loss = 0.317812, val loss = 0.018627, total loss = 0.161899, Epoch time: 2.00 seconds, remaining time: 27.65 minutes
Epoch #150: train loss = 0.377721, val loss = 0.021184, total loss = 0.191920, Epoch time: 1.98 seconds, remaining time: 27.67 minutes
Epoch #151: train loss = 0.361783, val loss = 0.020212, total loss = 0.183781, Epoch time: 1.94 seconds, remaining time: 27.67 minutes
Epoch #152: train loss = 0.402926, val loss = 0.023874, total loss = 0.205392, Epoch time: 1.96 seconds, remaining time: 27.68 minutes
Epoch #153: train loss = 0.457006, val loss = 0.023946, total loss = 0.231327, Epoch time: 1.92 seconds, remaining time: 27.62 minutes
Epoch #154: train loss = 0.499056, val loss = 0.041416, total loss = 0.260568, Epoch time: 1.86 seconds, remaining time: 27.43 minutes
Epoch #155: train loss = 0.358340, val loss = 0.028894, total loss = 0.186657, Epoch time: 1.87 seconds, remaining time: 27.35 minutes
Epoch #156: train loss = 0.396350, val loss = 0.021003, total loss = 0.200746, Epoch time: 1.88 seconds, remaining time: 27.17 minutes
Epoch #157: train loss = 0.369071, val loss = 0.022829, total loss = 0.188635, Epoch time: 1.91 seconds, remaining time: 27.11 minutes
Epoch #158: train loss = 0.375992, val loss = 0.024319, total loss = 0.192726, Epoch time: 1.92 seconds, remaining time: 26.96 minutes
Epoch #159: train loss = 0.321122, val loss = 0.017206, total loss = 0.162743, Epoch time: 1.89 seconds, remaining time: 26.77 minutes
Epoch #160: train loss = 0.284784, val loss = 0.011263, total loss = 0.142245, Epoch time: 1.89 seconds, remaining time: 26.62 minutes
Epoch #161: train loss = 0.300873, val loss = 0.013891, total loss = 0.151319, Epoch time: 1.91 seconds, remaining time: 26.54 minutes
Epoch #162: train loss = 0.268919, val loss = 0.011584, total loss = 0.134815, Epoch time: 1.93 seconds, remaining time: 26.48 minutes
Epoch #163: train loss = 0.354633, val loss = 0.021334, total loss = 0.180942, Epoch time: 1.93 seconds, remaining time: 26.45 minutes
Epoch #164: train loss = 0.333937, val loss = 0.025454, total loss = 0.173178, Epoch time: 1.95 seconds, remaining time: 26.54 minutes
Epoch #165: train loss = 0.297008, val loss = 0.017401, total loss = 0.151297, Epoch time: 1.98 seconds, remaining time: 26.67 minutes
Epoch #166: train loss = 0.274201, val loss = 0.014666, total loss = 0.138950, Epoch time: 2.00 seconds, remaining time: 26.80 minutes
Epoch #167: train loss = 0.346675, val loss = 0.021471, total loss = 0.177202, Epoch time: 1.94 seconds, remaining time: 26.82 minutes
Epoch #168: train loss = 0.381540, val loss = 0.014408, total loss = 0.190218, Epoch time: 1.82 seconds, remaining time: 26.65 minutes
Epoch #169: train loss = 0.376947, val loss = 0.021570, total loss = 0.191751, Epoch time: 1.86 seconds, remaining time: 26.58 minutes
Epoch #170: train loss = 0.313247, val loss = 0.010107, total loss = 0.155272, Epoch time: 1.92 seconds, remaining time: 26.59 minutes
Epoch #171: train loss = 0.241013, val loss = 0.011339, total loss = 0.121324, Epoch time: 1.98 seconds, remaining time: 26.66 minutes
Epoch #172: train loss = 0.239508, val loss = 0.011395, total loss = 0.120632, Epoch time: 1.95 seconds, remaining time: 26.64 minutes
Epoch #173: train loss = 0.368404, val loss = 0.026449, total loss = 0.190202, Epoch time: 1.87 seconds, remaining time: 26.54 minutes
Epoch #174: train loss = 0.318583, val loss = 0.015770, total loss = 0.160779, Epoch time: 1.94 seconds, remaining time: 26.51 minutes
Epoch #175: train loss = 0.296337, val loss = 0.014123, total loss = 0.149268, Epoch time: 2.01 seconds, remaining time: 26.51 minutes
Epoch #176: train loss = 0.364427, val loss = 0.020091, total loss = 0.184984, Epoch time: 1.95 seconds, remaining time: 26.41 minutes
Epoch #177: train loss = 0.413443, val loss = 0.049595, total loss = 0.223832, Epoch time: 2.00 seconds, remaining time: 26.46 minutes
Epoch #178: train loss = 0.438580, val loss = 0.021044, total loss = 0.220991, Epoch time: 1.95 seconds, remaining time: 26.60 minutes
Epoch #179: train loss = 0.333561, val loss = 0.027383, total loss = 0.174004, Epoch time: 1.98 seconds, remaining time: 26.73 minutes
Epoch #180: train loss = 0.430443, val loss = 0.023948, total loss = 0.218608, Epoch time: 1.95 seconds, remaining time: 26.73 minutes
Epoch #181: train loss = 0.386696, val loss = 0.025794, total loss = 0.198620, Epoch time: 1.99 seconds, remaining time: 26.72 minutes
Epoch #182: train loss = 0.421483, val loss = 0.024635, total loss = 0.214675, Epoch time: 1.95 seconds, remaining time: 26.69 minutes
Epoch #183: train loss = 0.350281, val loss = 0.017564, total loss = 0.176893, Epoch time: 1.96 seconds, remaining time: 26.76 minutes
Epoch #184: train loss = 0.399046, val loss = 0.028284, total loss = 0.205832, Epoch time: 1.89 seconds, remaining time: 26.66 minutes
Epoch #185: train loss = 0.326832, val loss = 0.021942, total loss = 0.167946, Epoch time: 1.98 seconds, remaining time: 26.59 minutes
Epoch #186: train loss = 0.427525, val loss = 0.034858, total loss = 0.222896, Epoch time: 1.96 seconds, remaining time: 26.57 minutes
Epoch #187: train loss = 0.360638, val loss = 0.014643, total loss = 0.180331, Epoch time: 1.99 seconds, remaining time: 26.52 minutes
Epoch #188: train loss = 0.333529, val loss = 0.020807, total loss = 0.170561, Epoch time: 1.98 seconds, remaining time: 26.54 minutes
Epoch #189: train loss = 0.396565, val loss = 0.017690, total loss = 0.199123, Epoch time: 1.97 seconds, remaining time: 26.49 minutes
Epoch #190: train loss = 0.271711, val loss = 0.016076, total loss = 0.138493, Epoch time: 2.01 seconds, remaining time: 26.55 minutes
Epoch #191: train loss = 0.300210, val loss = 0.019224, total loss = 0.153781, Epoch time: 2.02 seconds, remaining time: 26.56 minutes
Epoch #192: train loss = 0.281823, val loss = 0.008280, total loss = 0.139272, Epoch time: 2.05 seconds, remaining time: 26.67 minutes
Epoch #193: train loss = 0.357139, val loss = 0.013693, total loss = 0.178160, Epoch time: 1.95 seconds, remaining time: 26.63 minutes
Epoch #194: train loss = 0.239354, val loss = 0.011977, total loss = 0.120862, Epoch time: 2.06 seconds, remaining time: 26.82 minutes
Epoch #195: train loss = 0.352784, val loss = 0.014936, total loss = 0.176722, Epoch time: 1.95 seconds, remaining time: 26.75 minutes
Epoch #196: train loss = 0.265410, val loss = 0.011730, total loss = 0.133210, Epoch time: 2.02 seconds, remaining time: 26.81 minutes
Epoch #197: train loss = 0.310167, val loss = 0.017680, total loss = 0.157744, Epoch time: 1.97 seconds, remaining time: 26.75 minutes
Epoch #198: train loss = 0.292100, val loss = 0.017313, total loss = 0.148901, Epoch time: 1.96 seconds, remaining time: 26.68 minutes
Epoch #199: train loss = 0.280886, val loss = 0.009166, total loss = 0.139285, Epoch time: 2.04 seconds, remaining time: 26.73 minutes
Epoch #200: train loss = 0.336559, val loss = 0.013981, total loss = 0.168455, Epoch time: 2.00 seconds, remaining time: 26.68 minutes
Epoch #201: train loss = 0.283750, val loss = 0.010506, total loss = 0.141355, Epoch time: 2.01 seconds, remaining time: 26.63 minutes
Epoch #202: train loss = 0.353636, val loss = 0.013579, total loss = 0.176423, Epoch time: 2.02 seconds, remaining time: 26.55 minutes
Epoch #203: train loss = 0.304908, val loss = 0.014459, total loss = 0.153547, Epoch time: 1.99 seconds, remaining time: 26.57 minutes
Epoch #204: train loss = 0.337609, val loss = 0.017357, total loss = 0.170717, Epoch time: 2.03 seconds, remaining time: 26.49 minutes
Epoch #205: train loss = 0.348747, val loss = 0.011204, total loss = 0.172844, Epoch time: 1.94 seconds, remaining time: 26.43 minutes
Epoch #206: train loss = 0.246876, val loss = 0.011520, total loss = 0.124225, Epoch time: 1.99 seconds, remaining time: 26.36 minutes
Epoch #207: train loss = 0.274245, val loss = 0.009617, total loss = 0.136340, Epoch time: 1.97 seconds, remaining time: 26.33 minutes
Epoch #208: train loss = 0.204741, val loss = 0.010380, total loss = 0.103454, Epoch time: 2.00 seconds, remaining time: 26.35 minutes
Epoch #209: train loss = 0.395834, val loss = 0.017747, total loss = 0.198803, Epoch time: 1.57 seconds, remaining time: 25.70 minutes
Epoch #210: train loss = 0.249340, val loss = 0.010525, total loss = 0.124887, Epoch time: 1.20 seconds, remaining time: 24.63 minutes
Epoch #211: train loss = 0.325663, val loss = 0.009542, total loss = 0.160924, Epoch time: 1.16 seconds, remaining time: 23.47 minutes
Epoch #212: train loss = 0.265918, val loss = 0.010963, total loss = 0.133054, Epoch time: 1.51 seconds, remaining time: 22.78 minutes
Epoch #213: train loss = 0.370455, val loss = 0.013929, total loss = 0.184660, Epoch time: 1.25 seconds, remaining time: 21.78 minutes
Epoch #214: train loss = 0.268358, val loss = 0.013978, total loss = 0.135794, Epoch time: 1.23 seconds, remaining time: 20.71 minutes
Epoch #215: train loss = 0.296255, val loss = 0.012886, total loss = 0.148584, Epoch time: 1.20 seconds, remaining time: 19.72 minutes
Epoch #216: train loss = 0.332904, val loss = 0.014156, total loss = 0.166796, Epoch time: 1.24 seconds, remaining time: 18.71 minutes
Epoch #217: train loss = 0.357550, val loss = 0.011683, total loss = 0.177310, Epoch time: 1.36 seconds, remaining time: 17.88 minutes
Epoch #218: train loss = 0.403514, val loss = 0.018630, total loss = 0.202941, Epoch time: 1.22 seconds, remaining time: 16.85 minutes
Epoch #219: train loss = 0.316887, val loss = 0.017624, total loss = 0.160933, Epoch time: 1.25 seconds, remaining time: 16.41 minutes
Epoch #220: train loss = 0.370185, val loss = 0.011307, total loss = 0.183164, Epoch time: 1.34 seconds, remaining time: 16.56 minutes
Epoch #221: train loss = 0.263134, val loss = 0.012140, total loss = 0.132334, Epoch time: 1.18 seconds, remaining time: 16.58 minutes
Epoch #222: train loss = 0.260573, val loss = 0.011172, total loss = 0.130604, Epoch time: 1.13 seconds, remaining time: 16.06 minutes
Epoch #223: train loss = 0.263517, val loss = 0.010216, total loss = 0.131515, Epoch time: 1.13 seconds, remaining time: 15.89 minutes
Epoch #224: train loss = 0.262896, val loss = 0.013002, total loss = 0.132669, Epoch time: 1.19 seconds, remaining time: 15.81 minutes
Epoch #225: train loss = 0.288483, val loss = 0.011344, total loss = 0.144058, Epoch time: 1.30 seconds, remaining time: 15.93 minutes
Epoch #226: train loss = 0.290379, val loss = 0.009770, total loss = 0.144146, Epoch time: 1.17 seconds, remaining time: 15.82 minutes
Epoch #227: train loss = 0.310637, val loss = 0.012168, total loss = 0.155097, Epoch time: 1.10 seconds, remaining time: 15.46 minutes
Epoch #228: train loss = 0.244847, val loss = 0.010454, total loss = 0.122698, Epoch time: 1.14 seconds, remaining time: 15.34 minutes
Epoch #229: train loss = 0.313842, val loss = 0.010704, total loss = 0.155868, Epoch time: 1.23 seconds, remaining time: 15.29 minutes
Epoch #230: train loss = 0.276040, val loss = 0.009032, total loss = 0.136895, Epoch time: 1.14 seconds, remaining time: 15.02 minutes
Epoch #231: train loss = 0.241678, val loss = 0.012541, total loss = 0.122269, Epoch time: 1.07 seconds, remaining time: 14.85 minutes
Epoch #232: train loss = 0.255657, val loss = 0.009249, total loss = 0.127247, Epoch time: 1.07 seconds, remaining time: 14.75 minutes
Epoch #233: train loss = 0.274897, val loss = 0.009476, total loss = 0.136579, Epoch time: 1.06 seconds, remaining time: 14.64 minutes
Epoch #234: train loss = 0.279698, val loss = 0.007056, total loss = 0.137617, Epoch time: 1.06 seconds, remaining time: 14.46 minutes
Epoch #235: train loss = 0.295240, val loss = 0.013934, total loss = 0.148644, Epoch time: 1.07 seconds, remaining time: 14.13 minutes
Epoch #236: train loss = 0.314736, val loss = 0.007726, total loss = 0.154745, Epoch time: 1.09 seconds, remaining time: 14.01 minutes
Epoch #237: train loss = 0.287414, val loss = 0.006978, total loss = 0.141271, Epoch time: 1.07 seconds, remaining time: 13.96 minutes
Epoch #238: train loss = 0.293491, val loss = 0.012525, total loss = 0.147072, Epoch time: 1.07 seconds, remaining time: 13.85 minutes
Epoch #239: train loss = 0.297858, val loss = 0.013478, total loss = 0.149660, Epoch time: 1.07 seconds, remaining time: 13.63 minutes
Epoch #240: train loss = 0.278828, val loss = 0.010522, total loss = 0.139006, Epoch time: 1.11 seconds, remaining time: 13.57 minutes
Epoch #241: train loss = 0.217996, val loss = 0.010152, total loss = 0.109683, Epoch time: 1.13 seconds, remaining time: 13.63 minutes
Epoch #242: train loss = 0.283292, val loss = 0.019061, total loss = 0.145594, Epoch time: 1.13 seconds, remaining time: 13.69 minutes
Epoch #243: train loss = 0.238542, val loss = 0.011912, total loss = 0.120439, Epoch time: 1.75 seconds, remaining time: 14.55 minutes
Epoch #244: train loss = 0.337734, val loss = 0.009119, total loss = 0.166484, Epoch time: 1.10 seconds, remaining time: 14.57 minutes
Epoch #245: train loss = 0.342490, val loss = 0.022877, total loss = 0.175931, Epoch time: 1.19 seconds, remaining time: 14.71 minutes
Epoch #246: train loss = 0.385080, val loss = 0.015682, total loss = 0.192577, Epoch time: 1.08 seconds, remaining time: 14.68 minutes
Epoch #247: train loss = 0.266507, val loss = 0.007962, total loss = 0.131772, Epoch time: 1.86 seconds, remaining time: 15.66 minutes
Epoch #248: train loss = 0.243991, val loss = 0.009919, total loss = 0.122010, Epoch time: 1.13 seconds, remaining time: 15.72 minutes
Epoch #249: train loss = 0.373049, val loss = 0.025059, total loss = 0.191702, Epoch time: 1.16 seconds, remaining time: 15.81 minutes
Epoch #250: train loss = 0.452259, val loss = 0.018077, total loss = 0.225995, Epoch time: 1.06 seconds, remaining time: 15.73 minutes
Epoch #251: train loss = 0.450420, val loss = 0.021330, total loss = 0.226810, Epoch time: 1.04 seconds, remaining time: 15.60 minutes
Epoch #252: train loss = 0.308358, val loss = 0.009922, total loss = 0.152835, Epoch time: 1.08 seconds, remaining time: 15.51 minutes
Epoch #253: train loss = 0.302811, val loss = 0.010689, total loss = 0.150579, Epoch time: 1.08 seconds, remaining time: 14.65 minutes
Epoch #254: train loss = 0.315696, val loss = 0.012033, total loss = 0.157449, Epoch time: 1.05 seconds, remaining time: 14.58 minutes
Epoch #255: train loss = 0.329000, val loss = 0.009251, total loss = 0.162370, Epoch time: 1.05 seconds, remaining time: 14.39 minutes
Epoch #256: train loss = 0.295293, val loss = 0.009192, total loss = 0.146198, Epoch time: 1.09 seconds, remaining time: 14.38 minutes
Epoch #257: train loss = 0.302695, val loss = 0.009048, total loss = 0.149668, Epoch time: 1.07 seconds, remaining time: 13.39 minutes
Epoch #258: train loss = 0.318347, val loss = 0.013771, total loss = 0.159624, Epoch time: 1.05 seconds, remaining time: 13.26 minutes
Epoch #259: train loss = 0.398117, val loss = 0.028315, total loss = 0.205404, Epoch time: 1.04 seconds, remaining time: 13.10 minutes
Epoch #260: train loss = 0.330403, val loss = 0.011590, total loss = 0.164261, Epoch time: 1.07 seconds, remaining time: 13.08 minutes
Epoch #261: train loss = 0.329898, val loss = 0.010535, total loss = 0.163470, Epoch time: 1.06 seconds, remaining time: 13.09 minutes
Epoch #262: train loss = 0.327738, val loss = 0.010724, total loss = 0.162534, Epoch time: 1.06 seconds, remaining time: 13.05 minutes
Epoch #263: train loss = 0.327718, val loss = 0.014845, total loss = 0.164672, Epoch time: 1.07 seconds, remaining time: 13.02 minutes
Epoch #264: train loss = 0.350683, val loss = 0.016753, total loss = 0.176664, Epoch time: 1.08 seconds, remaining time: 13.03 minutes
Epoch #265: train loss = 0.318393, val loss = 0.008922, total loss = 0.157119, Epoch time: 1.06 seconds, remaining time: 13.02 minutes
Epoch #266: train loss = 0.307662, val loss = 0.010032, total loss = 0.152559, Epoch time: 1.11 seconds, remaining time: 13.03 minutes
Epoch #267: train loss = 0.285268, val loss = 0.011233, total loss = 0.142461, Epoch time: 1.17 seconds, remaining time: 13.14 minutes
Epoch #268: train loss = 0.228164, val loss = 0.008346, total loss = 0.113611, Epoch time: 1.19 seconds, remaining time: 13.29 minutes
Epoch #269: train loss = 0.297242, val loss = 0.009222, total loss = 0.147147, Epoch time: 1.19 seconds, remaining time: 13.46 minutes
Epoch #270: train loss = 0.325036, val loss = 0.012252, total loss = 0.162036, Epoch time: 1.17 seconds, remaining time: 13.56 minutes
Epoch #271: train loss = 0.237410, val loss = 0.006441, total loss = 0.117046, Epoch time: 1.16 seconds, remaining time: 13.66 minutes
Epoch #272: train loss = 0.301721, val loss = 0.009054, total loss = 0.149204, Epoch time: 1.14 seconds, remaining time: 13.74 minutes
Epoch #273: train loss = 0.296980, val loss = 0.009534, total loss = 0.147184, Epoch time: 1.14 seconds, remaining time: 13.81 minutes
Epoch #274: train loss = 0.305169, val loss = 0.008121, total loss = 0.150369, Epoch time: 1.15 seconds, remaining time: 13.88 minutes
Epoch #275: train loss = 0.277393, val loss = 0.008201, total loss = 0.137110, Epoch time: 1.16 seconds, remaining time: 13.98 minutes
Epoch #276: train loss = 0.323666, val loss = 0.010682, total loss = 0.160561, Epoch time: 1.15 seconds, remaining time: 14.00 minutes
Epoch #277: train loss = 0.290349, val loss = 0.008823, total loss = 0.143638, Epoch time: 1.18 seconds, remaining time: 14.00 minutes
Epoch #278: train loss = 0.245611, val loss = 0.009157, total loss = 0.122389, Epoch time: 1.15 seconds, remaining time: 13.93 minutes
Epoch #279: train loss = 0.284342, val loss = 0.010317, total loss = 0.141540, Epoch time: 1.18 seconds, remaining time: 13.90 minutes
Epoch #280: train loss = 0.241302, val loss = 0.005501, total loss = 0.118420, Epoch time: 1.16 seconds, remaining time: 13.88 minutes
Epoch #281: train loss = 0.369847, val loss = 0.012389, total loss = 0.183566, Epoch time: 1.12 seconds, remaining time: 13.81 minutes
Epoch #282: train loss = 0.292182, val loss = 0.009177, total loss = 0.144701, Epoch time: 1.16 seconds, remaining time: 13.81 minutes
Epoch #283: train loss = 0.216438, val loss = 0.008464, total loss = 0.108057, Epoch time: 1.16 seconds, remaining time: 13.81 minutes
Epoch #284: train loss = 0.296293, val loss = 0.009702, total loss = 0.146943, Epoch time: 1.14 seconds, remaining time: 13.79 minutes
Epoch #285: train loss = 0.263634, val loss = 0.009174, total loss = 0.131028, Epoch time: 1.15 seconds, remaining time: 13.76 minutes
Epoch #286: train loss = 0.237888, val loss = 0.015288, total loss = 0.121886, Epoch time: 1.16 seconds, remaining time: 13.75 minutes
Epoch #287: train loss = 0.307586, val loss = 0.012354, total loss = 0.153732, Epoch time: 1.10 seconds, remaining time: 13.63 minutes
Epoch #288: train loss = 0.233650, val loss = 0.009967, total loss = 0.117082, Epoch time: 1.16 seconds, remaining time: 13.63 minutes
Epoch #289: train loss = 0.235982, val loss = 0.005293, total loss = 0.115764, Epoch time: 1.15 seconds, remaining time: 13.57 minutes
Epoch #290: train loss = 0.163968, val loss = 0.003216, total loss = 0.080196, Epoch time: 1.17 seconds, remaining time: 13.56 minutes
Epoch #291: train loss = 0.306945, val loss = 0.005984, total loss = 0.150106, Epoch time: 1.13 seconds, remaining time: 13.55 minutes
Epoch #292: train loss = 0.230583, val loss = 0.006947, total loss = 0.114041, Epoch time: 1.15 seconds, remaining time: 13.53 minutes
Epoch #293: train loss = 0.260285, val loss = 0.009317, total loss = 0.129499, Epoch time: 1.18 seconds, remaining time: 13.54 minutes
Epoch #294: train loss = 0.292516, val loss = 0.009706, total loss = 0.145136, Epoch time: 1.13 seconds, remaining time: 13.51 minutes
Epoch #295: train loss = 0.313242, val loss = 0.011859, total loss = 0.156184, Epoch time: 1.15 seconds, remaining time: 13.48 minutes
Epoch #296: train loss = 0.235347, val loss = 0.011546, total loss = 0.118718, Epoch time: 1.13 seconds, remaining time: 13.43 minutes
Epoch #297: train loss = 0.254403, val loss = 0.010358, total loss = 0.127225, Epoch time: 1.15 seconds, remaining time: 13.47 minutes
Epoch #298: train loss = 0.353377, val loss = 0.010551, total loss = 0.174721, Epoch time: 1.11 seconds, remaining time: 13.39 minutes
Epoch #299: train loss = 0.303765, val loss = 0.009806, total loss = 0.150575, Epoch time: 1.15 seconds, remaining time: 13.37 minutes
Epoch #300: train loss = 0.306597, val loss = 0.009335, total loss = 0.151686, Epoch time: 1.13 seconds, remaining time: 13.31 minutes
Epoch #301: train loss = 0.215242, val loss = 0.005546, total loss = 0.105964, Epoch time: 1.19 seconds, remaining time: 13.36 minutes
Epoch #302: train loss = 0.287828, val loss = 0.006356, total loss = 0.141145, Epoch time: 1.16 seconds, remaining time: 13.35 minutes
Epoch #303: train loss = 0.279046, val loss = 0.008580, total loss = 0.138099, Epoch time: 1.14 seconds, remaining time: 13.27 minutes
Epoch #304: train loss = 0.232677, val loss = 0.006589, total loss = 0.114856, Epoch time: 1.16 seconds, remaining time: 13.29 minutes
Epoch #305: train loss = 0.236397, val loss = 0.007284, total loss = 0.117000, Epoch time: 1.16 seconds, remaining time: 13.28 minutes
Epoch #306: train loss = 0.375219, val loss = 0.008492, total loss = 0.184107, Epoch time: 1.13 seconds, remaining time: 13.27 minutes
Epoch #307: train loss = 0.255134, val loss = 0.006112, total loss = 0.125362, Epoch time: 1.14 seconds, remaining time: 13.24 minutes
Epoch #308: train loss = 0.266826, val loss = 0.007962, total loss = 0.131925, Epoch time: 1.16 seconds, remaining time: 13.27 minutes
Epoch #309: train loss = 0.286154, val loss = 0.006655, total loss = 0.140499, Epoch time: 1.13 seconds, remaining time: 13.23 minutes
Epoch #310: train loss = 0.303947, val loss = 0.008842, total loss = 0.150160, Epoch time: 1.13 seconds, remaining time: 13.22 minutes
Epoch #311: train loss = 0.275200, val loss = 0.012748, total loss = 0.138429, Epoch time: 1.13 seconds, remaining time: 13.13 minutes
Epoch #312: train loss = 0.319862, val loss = 0.014497, total loss = 0.160728, Epoch time: 1.24 seconds, remaining time: 13.20 minutes
Epoch #313: train loss = 0.341291, val loss = 0.011112, total loss = 0.169226, Epoch time: 1.22 seconds, remaining time: 13.27 minutes
Epoch #314: train loss = 0.264255, val loss = 0.010767, total loss = 0.132156, Epoch time: 1.35 seconds, remaining time: 13.47 minutes
Epoch #315: train loss = 0.235038, val loss = 0.008253, total loss = 0.116854, Epoch time: 1.69 seconds, remaining time: 14.05 minutes
Epoch #316: train loss = 0.247174, val loss = 0.006870, total loss = 0.121945, Epoch time: 1.67 seconds, remaining time: 14.64 minutes
Epoch #317: train loss = 0.267704, val loss = 0.012393, total loss = 0.134655, Epoch time: 1.39 seconds, remaining time: 14.90 minutes
Epoch #318: train loss = 0.280135, val loss = 0.015835, total loss = 0.142401, Epoch time: 1.27 seconds, remaining time: 15.01 minutes
Epoch #319: train loss = 0.360591, val loss = 0.015845, total loss = 0.180935, Epoch time: 1.31 seconds, remaining time: 15.19 minutes
Epoch #320: train loss = 0.392125, val loss = 0.017996, total loss = 0.197156, Epoch time: 1.34 seconds, remaining time: 15.40 minutes
Epoch #321: train loss = 0.329130, val loss = 0.012829, total loss = 0.164297, Epoch time: 1.35 seconds, remaining time: 15.63 minutes
Epoch #322: train loss = 0.278213, val loss = 0.013082, total loss = 0.140046, Epoch time: 1.33 seconds, remaining time: 15.71 minutes
Epoch #323: train loss = 0.298543, val loss = 0.013813, total loss = 0.150162, Epoch time: 1.34 seconds, remaining time: 15.83 minutes
Epoch #324: train loss = 0.260778, val loss = 0.010330, total loss = 0.130263, Epoch time: 1.33 seconds, remaining time: 15.78 minutes
Epoch #325: train loss = 0.259900, val loss = 0.011787, total loss = 0.130602, Epoch time: 1.35 seconds, remaining time: 15.38 minutes
Epoch #326: train loss = 0.216260, val loss = 0.004703, total loss = 0.106012, Epoch time: 1.44 seconds, remaining time: 15.09 minutes
Epoch #327: train loss = 0.247920, val loss = 0.007142, total loss = 0.122444, Epoch time: 1.37 seconds, remaining time: 15.05 minutes
Epoch #328: train loss = 0.188857, val loss = 0.006071, total loss = 0.093602, Epoch time: 1.49 seconds, remaining time: 15.28 minutes
Epoch #329: train loss = 0.175594, val loss = 0.005132, total loss = 0.086762, Epoch time: 1.57 seconds, remaining time: 15.54 minutes
Epoch #330: train loss = 0.232517, val loss = 0.009915, total loss = 0.116513, Epoch time: 1.46 seconds, remaining time: 15.65 minutes
Epoch #331: train loss = 0.260399, val loss = 0.006316, total loss = 0.127989, Epoch time: 1.49 seconds, remaining time: 15.78 minutes
Epoch #332: train loss = 0.231997, val loss = 0.008152, total loss = 0.115345, Epoch time: 1.42 seconds, remaining time: 15.86 minutes
Epoch #333: train loss = 0.203375, val loss = 0.008749, total loss = 0.101950, Epoch time: 1.47 seconds, remaining time: 15.98 minutes
Epoch #334: train loss = 0.254791, val loss = 0.004717, total loss = 0.124471, Epoch time: 1.38 seconds, remaining time: 16.01 minutes
Epoch #335: train loss = 0.260374, val loss = 0.006877, total loss = 0.128270, Epoch time: 1.35 seconds, remaining time: 16.00 minutes
Epoch #336: train loss = 0.244341, val loss = 0.008264, total loss = 0.121315, Epoch time: 1.43 seconds, remaining time: 15.96 minutes
Epoch #337: train loss = 0.265122, val loss = 0.007641, total loss = 0.130942, Epoch time: 1.39 seconds, remaining time: 15.96 minutes
Epoch #338: train loss = 0.316166, val loss = 0.010049, total loss = 0.156640, Epoch time: 1.44 seconds, remaining time: 15.88 minutes
Epoch #339: train loss = 0.239535, val loss = 0.007670, total loss = 0.118704, Epoch time: 1.44 seconds, remaining time: 15.71 minutes
Epoch #340: train loss = 0.342438, val loss = 0.009777, total loss = 0.169080, Epoch time: 1.67 seconds, remaining time: 15.91 minutes
Epoch #341: train loss = 0.276690, val loss = 0.010417, total loss = 0.137928, Epoch time: 1.53 seconds, remaining time: 15.93 minutes
Epoch #342: train loss = 0.311369, val loss = 0.007750, total loss = 0.153145, Epoch time: 1.43 seconds, remaining time: 15.92 minutes
Epoch #343: train loss = 0.299129, val loss = 0.007621, total loss = 0.147216, Epoch time: 1.45 seconds, remaining time: 15.87 minutes
Epoch #344: train loss = 0.291703, val loss = 0.006641, total loss = 0.143150, Epoch time: 1.40 seconds, remaining time: 15.88 minutes
Epoch #345: train loss = 0.193576, val loss = 0.005722, total loss = 0.095680, Epoch time: 1.49 seconds, remaining time: 16.00 minutes
Epoch #346: train loss = 0.203426, val loss = 0.008534, total loss = 0.101863, Epoch time: 1.42 seconds, remaining time: 15.96 minutes
Epoch #347: train loss = 0.295532, val loss = 0.009164, total loss = 0.146298, Epoch time: 1.35 seconds, remaining time: 15.89 minutes
Epoch #348: train loss = 0.271827, val loss = 0.008784, total loss = 0.134749, Epoch time: 1.43 seconds, remaining time: 15.85 minutes
Epoch #349: train loss = 0.236640, val loss = 0.009049, total loss = 0.118036, Epoch time: 1.36 seconds, remaining time: 15.74 minutes
Epoch #350: train loss = 0.226548, val loss = 0.006745, total loss = 0.112003, Epoch time: 1.44 seconds, remaining time: 15.47 minutes
Epoch #351: train loss = 0.309396, val loss = 0.012045, total loss = 0.154439, Epoch time: 1.89 seconds, remaining time: 15.84 minutes
Epoch #352: train loss = 0.284187, val loss = 0.009259, total loss = 0.140914, Epoch time: 1.39 seconds, remaining time: 15.77 minutes
Epoch #353: train loss = 0.277878, val loss = 0.010881, total loss = 0.138739, Epoch time: 1.36 seconds, remaining time: 15.65 minutes
Epoch #354: train loss = 0.203412, val loss = 0.007429, total loss = 0.101280, Epoch time: 1.35 seconds, remaining time: 15.57 minutes
Epoch #355: train loss = 0.287884, val loss = 0.006795, total loss = 0.141401, Epoch time: 1.41 seconds, remaining time: 15.46 minutes
Epoch #356: train loss = 0.320047, val loss = 0.010884, total loss = 0.158934, Epoch time: 1.43 seconds, remaining time: 15.45 minutes
Epoch #357: train loss = 0.260457, val loss = 0.003867, total loss = 0.126741, Epoch time: 1.45 seconds, remaining time: 15.53 minutes
Epoch #358: train loss = 0.220164, val loss = 0.006517, total loss = 0.108827, Epoch time: 1.39 seconds, remaining time: 15.46 minutes
Epoch #359: train loss = 0.230836, val loss = 0.005269, total loss = 0.113287, Epoch time: 1.44 seconds, remaining time: 15.52 minutes
Epoch #360: train loss = 0.197229, val loss = 0.003600, total loss = 0.096324, Epoch time: 1.36 seconds, remaining time: 15.41 minutes
Epoch #361: train loss = 0.234123, val loss = 0.007305, total loss = 0.115922, Epoch time: 1.41 seconds, remaining time: 14.87 minutes
Epoch #362: train loss = 0.238952, val loss = 0.007095, total loss = 0.118125, Epoch time: 1.57 seconds, remaining time: 15.04 minutes
Epoch #363: train loss = 0.348826, val loss = 0.008942, total loss = 0.171704, Epoch time: 1.54 seconds, remaining time: 15.21 minutes
Epoch #364: train loss = 0.271882, val loss = 0.012054, total loss = 0.136479, Epoch time: 1.42 seconds, remaining time: 15.25 minutes
Epoch #365: train loss = 0.332060, val loss = 0.006539, total loss = 0.162422, Epoch time: 1.37 seconds, remaining time: 15.18 minutes
Epoch #366: train loss = 0.312817, val loss = 0.007997, total loss = 0.153967, Epoch time: 1.41 seconds, remaining time: 15.13 minutes
Epoch #367: train loss = 0.328780, val loss = 0.011461, total loss = 0.163417, Epoch time: 1.34 seconds, remaining time: 15.00 minutes
Epoch #368: train loss = 0.189844, val loss = 0.006188, total loss = 0.094136, Epoch time: 1.45 seconds, remaining time: 15.04 minutes
Epoch #369: train loss = 0.244969, val loss = 0.009263, total loss = 0.122136, Epoch time: 1.40 seconds, remaining time: 14.98 minutes
Epoch #370: train loss = 0.276807, val loss = 0.006740, total loss = 0.136068, Epoch time: 1.37 seconds, remaining time: 14.97 minutes
Epoch #371: train loss = 0.272988, val loss = 0.007026, total loss = 0.134388, Epoch time: 1.41 seconds, remaining time: 14.94 minutes
Epoch #372: train loss = 0.335998, val loss = 0.010339, total loss = 0.166288, Epoch time: 1.37 seconds, remaining time: 14.72 minutes
Epoch #373: train loss = 0.326273, val loss = 0.010911, total loss = 0.161929, Epoch time: 1.33 seconds, remaining time: 14.47 minutes
Epoch #374: train loss = 0.270944, val loss = 0.006632, total loss = 0.133204, Epoch time: 1.92 seconds, remaining time: 14.97 minutes
Epoch #375: train loss = 0.212431, val loss = 0.002468, total loss = 0.103014, Epoch time: 1.60 seconds, remaining time: 15.19 minutes
Epoch #376: train loss = 0.356695, val loss = 0.007041, total loss = 0.174481, Epoch time: 1.45 seconds, remaining time: 15.20 minutes
Epoch #377: train loss = 0.311992, val loss = 0.006758, total loss = 0.152926, Epoch time: 1.43 seconds, remaining time: 15.27 minutes
Epoch #378: train loss = 0.194522, val loss = 0.005342, total loss = 0.095935, Epoch time: 1.45 seconds, remaining time: 15.24 minutes
Epoch #379: train loss = 0.242414, val loss = 0.005634, total loss = 0.119022, Epoch time: 1.43 seconds, remaining time: 15.24 minutes
Epoch #380: train loss = 0.199204, val loss = 0.003497, total loss = 0.097216, Epoch time: 1.38 seconds, remaining time: 15.22 minutes
Epoch #381: train loss = 0.269793, val loss = 0.004003, total loss = 0.131283, Epoch time: 1.37 seconds, remaining time: 15.16 minutes
Epoch #382: train loss = 0.169888, val loss = 0.004560, total loss = 0.083731, Epoch time: 1.41 seconds, remaining time: 15.18 minutes
Epoch #383: train loss = 0.287747, val loss = 0.005096, total loss = 0.140450, Epoch time: 1.37 seconds, remaining time: 15.20 minutes
Epoch #384: train loss = 0.240679, val loss = 0.008291, total loss = 0.119575, Epoch time: 1.43 seconds, remaining time: 14.67 minutes
Epoch #385: train loss = 0.273524, val loss = 0.007498, total loss = 0.134891, Epoch time: 1.52 seconds, remaining time: 14.56 minutes
Epoch #386: train loss = 0.332364, val loss = 0.009663, total loss = 0.164196, Epoch time: 1.51 seconds, remaining time: 14.61 minutes
Epoch #387: train loss = 0.217189, val loss = 0.006238, total loss = 0.107257, Epoch time: 1.46 seconds, remaining time: 14.62 minutes
Epoch #388: train loss = 0.307970, val loss = 0.008008, total loss = 0.151652, Epoch time: 1.40 seconds, remaining time: 14.55 minutes
Epoch #389: train loss = 0.226430, val loss = 0.005134, total loss = 0.111106, Epoch time: 1.56 seconds, remaining time: 14.66 minutes
Epoch #390: train loss = 0.238047, val loss = 0.003962, total loss = 0.116059, Epoch time: 1.37 seconds, remaining time: 14.63 minutes
Epoch #391: train loss = 0.218165, val loss = 0.003560, total loss = 0.106329, Epoch time: 1.40 seconds, remaining time: 14.63 minutes
Epoch #392: train loss = 0.219518, val loss = 0.002872, total loss = 0.106618, Epoch time: 1.50 seconds, remaining time: 14.70 minutes
Epoch #393: train loss = 0.218613, val loss = 0.006202, total loss = 0.107920, Epoch time: 1.37 seconds, remaining time: 14.67 minutes
Epoch #394: train loss = 0.267513, val loss = 0.008837, total loss = 0.132710, Epoch time: 1.34 seconds, remaining time: 14.56 minutes
Epoch #395: train loss = 0.366989, val loss = 0.022274, total loss = 0.187349, Epoch time: 1.44 seconds, remaining time: 14.45 minutes
Epoch #396: train loss = 0.258046, val loss = 0.009100, total loss = 0.128314, Epoch time: 1.91 seconds, remaining time: 14.82 minutes
Epoch #397: train loss = 0.301418, val loss = 0.008294, total loss = 0.148663, Epoch time: 1.42 seconds, remaining time: 14.75 minutes
Epoch #398: train loss = 0.196711, val loss = 0.006144, total loss = 0.097401, Epoch time: 1.46 seconds, remaining time: 14.79 minutes
Epoch #399: train loss = 0.196129, val loss = 0.005244, total loss = 0.096654, Epoch time: 1.40 seconds, remaining time: 14.60 minutes
Epoch #400: train loss = 0.278813, val loss = 0.009993, total loss = 0.138724, Epoch time: 1.35 seconds, remaining time: 14.56 minutes
Epoch #401: train loss = 0.270613, val loss = 0.006634, total loss = 0.133046, Epoch time: 1.42 seconds, remaining time: 14.56 minutes
Epoch #402: train loss = 0.272873, val loss = 0.005835, total loss = 0.133712, Epoch time: 1.38 seconds, remaining time: 14.42 minutes
Epoch #403: train loss = 0.226651, val loss = 0.005162, total loss = 0.111227, Epoch time: 1.48 seconds, remaining time: 14.50 minutes
Epoch #404: train loss = 0.173884, val loss = 0.003178, total loss = 0.084924, Epoch time: 1.41 seconds, remaining time: 14.55 minutes
Epoch #405: train loss = 0.267175, val loss = 0.006889, total loss = 0.131533, Epoch time: 1.42 seconds, remaining time: 14.50 minutes
Epoch #406: train loss = 0.287819, val loss = 0.011742, total loss = 0.143948, Epoch time: 1.45 seconds, remaining time: 14.02 minutes
Epoch #407: train loss = 0.285953, val loss = 0.007592, total loss = 0.140892, Epoch time: 1.91 seconds, remaining time: 14.48 minutes
Epoch #408: train loss = 0.265315, val loss = 0.006493, total loss = 0.130436, Epoch time: 1.52 seconds, remaining time: 14.51 minutes
Epoch #409: train loss = 0.242052, val loss = 0.004243, total loss = 0.118124, Epoch time: 1.43 seconds, remaining time: 14.51 minutes
Epoch #410: train loss = 0.247996, val loss = 0.005000, total loss = 0.121364, Epoch time: 1.40 seconds, remaining time: 14.54 minutes
Epoch #411: train loss = 0.262110, val loss = 0.004015, total loss = 0.127610, Epoch time: 1.41 seconds, remaining time: 14.51 minutes
Epoch #412: train loss = 0.170859, val loss = 0.002674, total loss = 0.083213, Epoch time: 1.35 seconds, remaining time: 14.45 minutes
Epoch #413: train loss = 0.388494, val loss = 0.006296, total loss = 0.189320, Epoch time: 1.36 seconds, remaining time: 14.31 minutes
Epoch #414: train loss = 0.228516, val loss = 0.005384, total loss = 0.112236, Epoch time: 1.44 seconds, remaining time: 14.32 minutes
Epoch #415: train loss = 0.295328, val loss = 0.004529, total loss = 0.143785, Epoch time: 1.39 seconds, remaining time: 14.27 minutes
Epoch #416: train loss = 0.293011, val loss = 0.008306, total loss = 0.144644, Epoch time: 1.33 seconds, remaining time: 14.13 minutes
Epoch #417: train loss = 0.268584, val loss = 0.007587, total loss = 0.132572, Epoch time: 1.33 seconds, remaining time: 13.54 minutes
Epoch #418: train loss = 0.257526, val loss = 0.007880, total loss = 0.127429, Epoch time: 1.46 seconds, remaining time: 13.45 minutes
Epoch #419: train loss = 0.239149, val loss = 0.006042, total loss = 0.117671, Epoch time: 1.56 seconds, remaining time: 13.56 minutes
Epoch #420: train loss = 0.178212, val loss = 0.004118, total loss = 0.087487, Epoch time: 1.55 seconds, remaining time: 13.69 minutes
Epoch #421: train loss = 0.322124, val loss = 0.007609, total loss = 0.158221, Epoch time: 1.16 seconds, remaining time: 13.41 minutes
Epoch #422: train loss = 0.288738, val loss = 0.007857, total loss = 0.142363, Epoch time: 1.20 seconds, remaining time: 13.25 minutes
Epoch #423: train loss = 0.334943, val loss = 0.009639, total loss = 0.165418, Epoch time: 1.23 seconds, remaining time: 13.10 minutes
Epoch #424: train loss = 0.268881, val loss = 0.004278, total loss = 0.130989, Epoch time: 1.21 seconds, remaining time: 12.86 minutes
Epoch #425: train loss = 0.255867, val loss = 0.003644, total loss = 0.124427, Epoch time: 1.19 seconds, remaining time: 12.65 minutes
Epoch #426: train loss = 0.210072, val loss = 0.003839, total loss = 0.102598, Epoch time: 1.22 seconds, remaining time: 12.52 minutes
Epoch #427: train loss = 0.295990, val loss = 0.005572, total loss = 0.144645, Epoch time: 1.20 seconds, remaining time: 12.38 minutes
Epoch #428: train loss = 0.260126, val loss = 0.003463, total loss = 0.126372, Epoch time: 1.20 seconds, remaining time: 12.11 minutes
Epoch #429: train loss = 0.255143, val loss = 0.005830, total loss = 0.125220, Epoch time: 1.23 seconds, remaining time: 11.77 minutes
Epoch #430: train loss = 0.229086, val loss = 0.006020, total loss = 0.112840, Epoch time: 1.64 seconds, remaining time: 11.83 minutes
Epoch #431: train loss = 0.286000, val loss = 0.008007, total loss = 0.141131, Epoch time: 1.37 seconds, remaining time: 12.02 minutes
Epoch #432: train loss = 0.223030, val loss = 0.002988, total loss = 0.108360, Epoch time: 1.69 seconds, remaining time: 12.46 minutes
Epoch #433: train loss = 0.232312, val loss = 0.004271, total loss = 0.113474, Epoch time: 1.60 seconds, remaining time: 12.79 minutes
Epoch #434: train loss = 0.207144, val loss = 0.002637, total loss = 0.100570, Epoch time: 1.65 seconds, remaining time: 13.18 minutes
Epoch #435: train loss = 0.164963, val loss = 0.002706, total loss = 0.080407, Epoch time: 1.71 seconds, remaining time: 13.64 minutes
Epoch #436: train loss = 0.197440, val loss = 0.004616, total loss = 0.096954, Epoch time: 1.51 seconds, remaining time: 13.89 minutes
Epoch #437: train loss = 0.232893, val loss = 0.005166, total loss = 0.114218, Epoch time: 1.54 seconds, remaining time: 14.19 minutes
Epoch #438: train loss = 0.183808, val loss = 0.003758, total loss = 0.089979, Epoch time: 1.35 seconds, remaining time: 14.30 minutes
Epoch #439: train loss = 0.277018, val loss = 0.004951, total loss = 0.135237, Epoch time: 1.56 seconds, remaining time: 14.58 minutes
Epoch #440: train loss = 0.252900, val loss = 0.003818, total loss = 0.123096, Epoch time: 1.74 seconds, remaining time: 14.65 minutes
Epoch #441: train loss = 0.225989, val loss = 0.007992, total loss = 0.112385, Epoch time: 1.29 seconds, remaining time: 14.55 minutes
Epoch #442: train loss = 0.266135, val loss = 0.007417, total loss = 0.131310, Epoch time: 1.15 seconds, remaining time: 14.01 minutes
Epoch #443: train loss = 0.205628, val loss = 0.006729, total loss = 0.101977, Epoch time: 1.17 seconds, remaining time: 13.59 minutes
Epoch #444: train loss = 0.238123, val loss = 0.005885, total loss = 0.117097, Epoch time: 1.19 seconds, remaining time: 13.14 minutes
Epoch #445: train loss = 0.276026, val loss = 0.007452, total loss = 0.136064, Epoch time: 1.44 seconds, remaining time: 12.86 minutes
Epoch #446: train loss = 0.252492, val loss = 0.008587, total loss = 0.125387, Epoch time: 1.20 seconds, remaining time: 12.55 minutes
Epoch #447: train loss = 0.324434, val loss = 0.006926, total loss = 0.158972, Epoch time: 1.12 seconds, remaining time: 12.14 minutes
Epoch #448: train loss = 0.301790, val loss = 0.009396, total loss = 0.149415, Epoch time: 1.11 seconds, remaining time: 11.90 minutes
Epoch #449: train loss = 0.236670, val loss = 0.005989, total loss = 0.116456, Epoch time: 1.14 seconds, remaining time: 11.50 minutes
Epoch #450: train loss = 0.257862, val loss = 0.005373, total loss = 0.126283, Epoch time: 1.12 seconds, remaining time: 10.91 minutes
Epoch #451: train loss = 0.235872, val loss = 0.005671, total loss = 0.115908, Epoch time: 1.15 seconds, remaining time: 10.76 minutes
Epoch #452: train loss = 0.237742, val loss = 0.008025, total loss = 0.118031, Epoch time: 1.13 seconds, remaining time: 10.72 minutes
Epoch #453: train loss = 0.286679, val loss = 0.006351, total loss = 0.140592, Epoch time: 1.10 seconds, remaining time: 10.63 minutes
Epoch #454: train loss = 0.318880, val loss = 0.009710, total loss = 0.157763, Epoch time: 1.12 seconds, remaining time: 10.55 minutes
Epoch #455: train loss = 0.253400, val loss = 0.010594, total loss = 0.126867, Epoch time: 1.13 seconds, remaining time: 10.25 minutes
Epoch #456: train loss = 0.268989, val loss = 0.006484, total loss = 0.132191, Epoch time: 1.15 seconds, remaining time: 10.20 minutes
Epoch #457: train loss = 0.162291, val loss = 0.004224, total loss = 0.079918, Epoch time: 1.18 seconds, remaining time: 10.23 minutes
Epoch #458: train loss = 0.227278, val loss = 0.003735, total loss = 0.110784, Epoch time: 1.14 seconds, remaining time: 10.24 minutes
Epoch #459: train loss = 0.261870, val loss = 0.006329, total loss = 0.128701, Epoch time: 1.15 seconds, remaining time: 10.23 minutes
Epoch #460: train loss = 0.288217, val loss = 0.007374, total loss = 0.141862, Epoch time: 1.16 seconds, remaining time: 10.25 minutes
Epoch #461: train loss = 0.191781, val loss = 0.005260, total loss = 0.094580, Epoch time: 1.19 seconds, remaining time: 10.27 minutes
Epoch #462: train loss = 0.269623, val loss = 0.007624, total loss = 0.133088, Epoch time: 1.17 seconds, remaining time: 10.29 minutes
Epoch #463: train loss = 0.276178, val loss = 0.004924, total loss = 0.134820, Epoch time: 1.24 seconds, remaining time: 10.39 minutes
Epoch #464: train loss = 0.222516, val loss = 0.005690, total loss = 0.109522, Epoch time: 1.28 seconds, remaining time: 10.51 minutes
Epoch #465: train loss = 0.151971, val loss = 0.005639, total loss = 0.075714, Epoch time: 1.16 seconds, remaining time: 10.52 minutes
Epoch #466: train loss = 0.206951, val loss = 0.003556, total loss = 0.100956, Epoch time: 1.13 seconds, remaining time: 10.48 minutes
Epoch #467: train loss = 0.192912, val loss = 0.004969, total loss = 0.094970, Epoch time: 1.13 seconds, remaining time: 10.42 minutes
Epoch #468: train loss = 0.243533, val loss = 0.005440, total loss = 0.119456, Epoch time: 1.10 seconds, remaining time: 10.35 minutes
Epoch #469: train loss = 0.200386, val loss = 0.005735, total loss = 0.098949, Epoch time: 1.16 seconds, remaining time: 10.34 minutes
Epoch #470: train loss = 0.289653, val loss = 0.009839, total loss = 0.143834, Epoch time: 1.16 seconds, remaining time: 10.32 minutes
Epoch #471: train loss = 0.289263, val loss = 0.004747, total loss = 0.140994, Epoch time: 1.15 seconds, remaining time: 10.27 minutes
Epoch #472: train loss = 0.306653, val loss = 0.005217, total loss = 0.149567, Epoch time: 1.10 seconds, remaining time: 10.19 minutes
Epoch #473: train loss = 0.363648, val loss = 0.011497, total loss = 0.180133, Epoch time: 1.11 seconds, remaining time: 10.05 minutes
Epoch #474: train loss = 0.201099, val loss = 0.007928, total loss = 0.100432, Epoch time: 1.14 seconds, remaining time: 9.91 minutes
Epoch #475: train loss = 0.153778, val loss = 0.007796, total loss = 0.077703, Epoch time: 1.17 seconds, remaining time: 9.90 minutes
Epoch #476: train loss = 0.278835, val loss = 0.005740, total loss = 0.136518, Epoch time: 1.11 seconds, remaining time: 9.86 minutes
Epoch #477: train loss = 0.268757, val loss = 0.004976, total loss = 0.131294, Epoch time: 1.14 seconds, remaining time: 9.85 minutes
Epoch #478: train loss = 0.258152, val loss = 0.004526, total loss = 0.125980, Epoch time: 1.14 seconds, remaining time: 9.88 minutes
Epoch #479: train loss = 0.233941, val loss = 0.003042, total loss = 0.113614, Epoch time: 1.15 seconds, remaining time: 9.85 minutes
Epoch #480: train loss = 0.203385, val loss = 0.004987, total loss = 0.099994, Epoch time: 1.16 seconds, remaining time: 9.83 minutes
Epoch #481: train loss = 0.212798, val loss = 0.008874, total loss = 0.106528, Epoch time: 1.16 seconds, remaining time: 9.82 minutes
Epoch #482: train loss = 0.175606, val loss = 0.004462, total loss = 0.086418, Epoch time: 1.35 seconds, remaining time: 10.02 minutes
Epoch #483: train loss = 0.253766, val loss = 0.007593, total loss = 0.125479, Epoch time: 1.08 seconds, remaining time: 9.98 minutes
Epoch #484: train loss = 0.223071, val loss = 0.006585, total loss = 0.110254, Epoch time: 1.11 seconds, remaining time: 9.94 minutes
Epoch #485: train loss = 0.295320, val loss = 0.012281, total loss = 0.147821, Epoch time: 1.10 seconds, remaining time: 9.86 minutes
Epoch #486: train loss = 0.165458, val loss = 0.018495, total loss = 0.088872, Epoch time: 1.15 seconds, remaining time: 9.87 minutes
Epoch #487: train loss = 0.270543, val loss = 0.005549, total loss = 0.132447, Epoch time: 1.12 seconds, remaining time: 9.83 minutes
Epoch #488: train loss = 0.271352, val loss = 0.007474, total loss = 0.133838, Epoch time: 1.10 seconds, remaining time: 9.78 minutes
Epoch #489: train loss = 0.217434, val loss = 0.011436, total loss = 0.110083, Epoch time: 1.14 seconds, remaining time: 9.75 minutes
Epoch #490: train loss = 0.300514, val loss = 0.013810, total loss = 0.151105, Epoch time: 1.14 seconds, remaining time: 9.71 minutes
Epoch #491: train loss = 0.215768, val loss = 0.008613, total loss = 0.107814, Epoch time: 1.13 seconds, remaining time: 9.67 minutes
Epoch #492: train loss = 0.231817, val loss = 0.002828, total loss = 0.112485, Epoch time: 1.12 seconds, remaining time: 9.46 minutes
Epoch #493: train loss = 0.265660, val loss = 0.005632, total loss = 0.130152, Epoch time: 1.12 seconds, remaining time: 9.47 minutes
Epoch #494: train loss = 0.198023, val loss = 0.004718, total loss = 0.097287, Epoch time: 1.13 seconds, remaining time: 9.47 minutes
Epoch #495: train loss = 0.221430, val loss = 0.005068, total loss = 0.108678, Epoch time: 1.12 seconds, remaining time: 9.46 minutes
Epoch #496: train loss = 0.257657, val loss = 0.005847, total loss = 0.126432, Epoch time: 1.11 seconds, remaining time: 9.42 minutes
Epoch #497: train loss = 0.264314, val loss = 0.006715, total loss = 0.130073, Epoch time: 1.13 seconds, remaining time: 9.41 minutes
Epoch #498: train loss = 0.224059, val loss = 0.005184, total loss = 0.109997, Epoch time: 1.16 seconds, remaining time: 9.43 minutes
Epoch #499: train loss = 0.194844, val loss = 0.006035, total loss = 0.096450, Epoch time: 1.13 seconds, remaining time: 9.41 minutes
Epoch #500: train loss = 0.350895, val loss = 0.015368, total loss = 0.176043, Epoch time: 1.14 seconds, remaining time: 9.39 minutes
Epoch #501: train loss = 0.287551, val loss = 0.009083, total loss = 0.142434, Epoch time: 1.33 seconds, remaining time: 9.54 minutes
Epoch #502: train loss = 0.275549, val loss = 0.011294, total loss = 0.137839, Epoch time: 1.12 seconds, remaining time: 9.52 minutes
Epoch #503: train loss = 0.322516, val loss = 0.011913, total loss = 0.160652, Epoch time: 1.08 seconds, remaining time: 9.47 minutes
Epoch #504: train loss = 0.250445, val loss = 0.009089, total loss = 0.124668, Epoch time: 1.12 seconds, remaining time: 9.45 minutes
Epoch #505: train loss = 0.296302, val loss = 0.005657, total loss = 0.144839, Epoch time: 1.13 seconds, remaining time: 9.43 minutes
Epoch #506: train loss = 0.317526, val loss = 0.005632, total loss = 0.154990, Epoch time: 1.09 seconds, remaining time: 9.40 minutes
Epoch #507: train loss = 0.203633, val loss = 0.003968, total loss = 0.099582, Epoch time: 1.15 seconds, remaining time: 9.39 minutes
Epoch #508: train loss = 0.270951, val loss = 0.005906, total loss = 0.132829, Epoch time: 1.12 seconds, remaining time: 9.35 minutes
Epoch #509: train loss = 0.253646, val loss = 0.007806, total loss = 0.125532, Epoch time: 1.15 seconds, remaining time: 9.34 minutes
Epoch #510: train loss = 0.149171, val loss = 0.003236, total loss = 0.073120, Epoch time: 1.16 seconds, remaining time: 9.34 minutes
Epoch #511: train loss = 0.293971, val loss = 0.010503, total loss = 0.146248, Epoch time: 1.14 seconds, remaining time: 9.16 minutes
Epoch #512: train loss = 0.182555, val loss = 0.003200, total loss = 0.089088, Epoch time: 1.17 seconds, remaining time: 9.19 minutes
Epoch #513: train loss = 0.143810, val loss = 0.002924, total loss = 0.070390, Epoch time: 1.17 seconds, remaining time: 9.23 minutes
Epoch #514: train loss = 0.193520, val loss = 0.005860, total loss = 0.095725, Epoch time: 1.15 seconds, remaining time: 9.24 minutes
Epoch #515: train loss = 0.217195, val loss = 0.003782, total loss = 0.105980, Epoch time: 1.14 seconds, remaining time: 9.23 minutes
Epoch #516: train loss = 0.180046, val loss = 0.002483, total loss = 0.087513, Epoch time: 1.17 seconds, remaining time: 9.27 minutes
Epoch #517: train loss = 0.196435, val loss = 0.003591, total loss = 0.095939, Epoch time: 1.16 seconds, remaining time: 9.26 minutes
Epoch #518: train loss = 0.287274, val loss = 0.012614, total loss = 0.144142, Epoch time: 1.17 seconds, remaining time: 9.28 minutes
Epoch #519: train loss = 0.188593, val loss = 0.005837, total loss = 0.093354, Epoch time: 1.27 seconds, remaining time: 9.36 minutes
Epoch #520: train loss = 0.228119, val loss = 0.003500, total loss = 0.111064, Epoch time: 1.20 seconds, remaining time: 9.37 minutes
Epoch #521: train loss = 0.178615, val loss = 0.003972, total loss = 0.087604, Epoch time: 1.13 seconds, remaining time: 9.34 minutes
Epoch #522: train loss = 0.214384, val loss = 0.004002, total loss = 0.104748, Epoch time: 1.11 seconds, remaining time: 9.28 minutes
Epoch #523: train loss = 0.219421, val loss = 0.005830, total loss = 0.108113, Epoch time: 1.12 seconds, remaining time: 9.21 minutes
Epoch #524: train loss = 0.277775, val loss = 0.005731, total loss = 0.136006, Epoch time: 1.11 seconds, remaining time: 9.16 minutes
Epoch #525: train loss = 0.199634, val loss = 0.005355, total loss = 0.098390, Epoch time: 1.14 seconds, remaining time: 9.14 minutes
Epoch #526: train loss = 0.197722, val loss = 0.005074, total loss = 0.097328, Epoch time: 1.13 seconds, remaining time: 9.08 minutes
Epoch #527: train loss = 0.264256, val loss = 0.005626, total loss = 0.129477, Epoch time: 1.13 seconds, remaining time: 9.04 minutes
Epoch #528: train loss = 0.218749, val loss = 0.005594, total loss = 0.107668, Epoch time: 1.13 seconds, remaining time: 8.99 minutes
Epoch #529: train loss = 0.261265, val loss = 0.007647, total loss = 0.129098, Epoch time: 1.14 seconds, remaining time: 8.87 minutes
Epoch #530: train loss = 0.259045, val loss = 0.007248, total loss = 0.127827, Epoch time: 1.13 seconds, remaining time: 8.79 minutes
Epoch #531: train loss = 0.255788, val loss = 0.005775, total loss = 0.125500, Epoch time: 1.13 seconds, remaining time: 8.77 minutes
Epoch #532: train loss = 0.209731, val loss = 0.005455, total loss = 0.103277, Epoch time: 1.14 seconds, remaining time: 8.77 minutes
Epoch #533: train loss = 0.251622, val loss = 0.004435, total loss = 0.122806, Epoch time: 1.13 seconds, remaining time: 8.77 minutes
Epoch #534: train loss = 0.202327, val loss = 0.006078, total loss = 0.100056, Epoch time: 1.17 seconds, remaining time: 8.80 minutes
Epoch #535: train loss = 0.146664, val loss = 0.002718, total loss = 0.071650, Epoch time: 1.19 seconds, remaining time: 8.82 minutes
Epoch #536: train loss = 0.269716, val loss = 0.007170, total loss = 0.132896, Epoch time: 1.14 seconds, remaining time: 8.82 minutes
Epoch #537: train loss = 0.233825, val loss = 0.006503, total loss = 0.115362, Epoch time: 1.17 seconds, remaining time: 8.83 minutes
Epoch #538: train loss = 0.230026, val loss = 0.004935, total loss = 0.112725, Epoch time: 1.36 seconds, remaining time: 8.99 minutes
Epoch #539: train loss = 0.175876, val loss = 0.002595, total loss = 0.085574, Epoch time: 1.13 seconds, remaining time: 8.96 minutes
Epoch #540: train loss = 0.198683, val loss = 0.004264, total loss = 0.097366, Epoch time: 1.12 seconds, remaining time: 8.94 minutes
Epoch #541: train loss = 0.173851, val loss = 0.003756, total loss = 0.085210, Epoch time: 1.13 seconds, remaining time: 8.92 minutes
Epoch #542: train loss = 0.193204, val loss = 0.002252, total loss = 0.093693, Epoch time: 1.13 seconds, remaining time: 8.90 minutes
Epoch #543: train loss = 0.255600, val loss = 0.005949, total loss = 0.125500, Epoch time: 1.13 seconds, remaining time: 8.87 minutes
Epoch #544: train loss = 0.229560, val loss = 0.004985, total loss = 0.112528, Epoch time: 1.14 seconds, remaining time: 8.83 minutes
Epoch #545: train loss = 0.227251, val loss = 0.006193, total loss = 0.112052, Epoch time: 1.12 seconds, remaining time: 8.76 minutes
Epoch #546: train loss = 0.277991, val loss = 0.009978, total loss = 0.138322, Epoch time: 1.14 seconds, remaining time: 8.74 minutes
Epoch #547: train loss = 0.187688, val loss = 0.003361, total loss = 0.091630, Epoch time: 1.14 seconds, remaining time: 8.70 minutes
Epoch #548: train loss = 0.254887, val loss = 0.005148, total loss = 0.124741, Epoch time: 1.12 seconds, remaining time: 8.50 minutes
Epoch #549: train loss = 0.175705, val loss = 0.006876, total loss = 0.087724, Epoch time: 1.14 seconds, remaining time: 8.49 minutes
Epoch #550: train loss = 0.181106, val loss = 0.006060, total loss = 0.089885, Epoch time: 1.13 seconds, remaining time: 8.47 minutes
Epoch #551: train loss = 0.190710, val loss = 0.004129, total loss = 0.093478, Epoch time: 1.14 seconds, remaining time: 8.46 minutes
Epoch #552: train loss = 0.189500, val loss = 0.003352, total loss = 0.092493, Epoch time: 1.16 seconds, remaining time: 8.46 minutes
Epoch #553: train loss = 0.197201, val loss = 0.003531, total loss = 0.096274, Epoch time: 1.16 seconds, remaining time: 8.46 minutes
Epoch #554: train loss = 0.128563, val loss = 0.003942, total loss = 0.063620, Epoch time: 1.18 seconds, remaining time: 8.47 minutes
Epoch #555: train loss = 0.235968, val loss = 0.004348, total loss = 0.115265, Epoch time: 1.14 seconds, remaining time: 8.46 minutes
Epoch #556: train loss = 0.299656, val loss = 0.005670, total loss = 0.146452, Epoch time: 1.17 seconds, remaining time: 8.46 minutes
Epoch #557: train loss = 0.263431, val loss = 0.005736, total loss = 0.129139, Epoch time: 1.31 seconds, remaining time: 8.57 minutes
Epoch #558: train loss = 0.229571, val loss = 0.006075, total loss = 0.113101, Epoch time: 1.10 seconds, remaining time: 8.53 minutes
Epoch #559: train loss = 0.237497, val loss = 0.005224, total loss = 0.116453, Epoch time: 1.11 seconds, remaining time: 8.50 minutes
Epoch #560: train loss = 0.357928, val loss = 0.012390, total loss = 0.177859, Epoch time: 1.09 seconds, remaining time: 8.45 minutes
Epoch #561: train loss = 0.227476, val loss = 0.008894, total loss = 0.113567, Epoch time: 1.13 seconds, remaining time: 8.42 minutes
Epoch #562: train loss = 0.242384, val loss = 0.007237, total loss = 0.119843, Epoch time: 1.13 seconds, remaining time: 8.39 minutes
Epoch #563: train loss = 0.272239, val loss = 0.005980, total loss = 0.133484, Epoch time: 1.10 seconds, remaining time: 8.32 minutes
Epoch #564: train loss = 0.173695, val loss = 0.004122, total loss = 0.085326, Epoch time: 1.12 seconds, remaining time: 8.26 minutes
Epoch #565: train loss = 0.196911, val loss = 0.003125, total loss = 0.095924, Epoch time: 1.14 seconds, remaining time: 8.24 minutes
Epoch #566: train loss = 0.141409, val loss = 0.003911, total loss = 0.069755, Epoch time: 1.15 seconds, remaining time: 8.21 minutes
Epoch #567: train loss = 0.174475, val loss = 0.003252, total loss = 0.085246, Epoch time: 1.16 seconds, remaining time: 8.08 minutes
Epoch #568: train loss = 0.198396, val loss = 0.004261, total loss = 0.097227, Epoch time: 1.14 seconds, remaining time: 8.09 minutes
Epoch #569: train loss = 0.268971, val loss = 0.007428, total loss = 0.132674, Epoch time: 1.12 seconds, remaining time: 8.08 minutes
Epoch #570: train loss = 0.209456, val loss = 0.004100, total loss = 0.102440, Epoch time: 1.15 seconds, remaining time: 8.10 minutes
Epoch #571: train loss = 0.170614, val loss = 0.004228, total loss = 0.083906, Epoch time: 1.17 seconds, remaining time: 8.10 minutes
Epoch #572: train loss = 0.172792, val loss = 0.005219, total loss = 0.085465, Epoch time: 1.15 seconds, remaining time: 8.10 minutes
Epoch #573: train loss = 0.199876, val loss = 0.004778, total loss = 0.098205, Epoch time: 1.18 seconds, remaining time: 8.14 minutes
Epoch #574: train loss = 0.353279, val loss = 0.019110, total loss = 0.179135, Epoch time: 1.21 seconds, remaining time: 8.18 minutes
Epoch #575: train loss = 0.207628, val loss = 0.005215, total loss = 0.102145, Epoch time: 1.35 seconds, remaining time: 8.31 minutes
Epoch #576: train loss = 0.274958, val loss = 0.006950, total loss = 0.135292, Epoch time: 1.36 seconds, remaining time: 8.44 minutes
Epoch #577: train loss = 0.245411, val loss = 0.007553, total loss = 0.121457, Epoch time: 1.11 seconds, remaining time: 8.39 minutes
Epoch #578: train loss = 0.231602, val loss = 0.006745, total loss = 0.114423, Epoch time: 1.13 seconds, remaining time: 8.36 minutes
Epoch #579: train loss = 0.246948, val loss = 0.008264, total loss = 0.122563, Epoch time: 1.13 seconds, remaining time: 8.34 minutes
Epoch #580: train loss = 0.282623, val loss = 0.006201, total loss = 0.138572, Epoch time: 1.12 seconds, remaining time: 8.31 minutes
Epoch #581: train loss = 0.202812, val loss = 0.007107, total loss = 0.100825, Epoch time: 1.13 seconds, remaining time: 8.27 minutes
Epoch #582: train loss = 0.183223, val loss = 0.002689, total loss = 0.089142, Epoch time: 1.11 seconds, remaining time: 8.22 minutes
Epoch #583: train loss = 0.222187, val loss = 0.004439, total loss = 0.108713, Epoch time: 1.15 seconds, remaining time: 8.18 minutes
Epoch #584: train loss = 0.232942, val loss = 0.005637, total loss = 0.114487, Epoch time: 1.14 seconds, remaining time: 8.11 minutes
Epoch #585: train loss = 0.207160, val loss = 0.004303, total loss = 0.101445, Epoch time: 1.14 seconds, remaining time: 7.95 minutes
Epoch #586: train loss = 0.213113, val loss = 0.003289, total loss = 0.103768, Epoch time: 1.13 seconds, remaining time: 7.78 minutes
Epoch #587: train loss = 0.169028, val loss = 0.002385, total loss = 0.082186, Epoch time: 1.15 seconds, remaining time: 7.79 minutes
Epoch #588: train loss = 0.195988, val loss = 0.002500, total loss = 0.095156, Epoch time: 1.13 seconds, remaining time: 7.77 minutes
Epoch #589: train loss = 0.223560, val loss = 0.005296, total loss = 0.109817, Epoch time: 1.15 seconds, remaining time: 7.77 minutes
Epoch #590: train loss = 0.217909, val loss = 0.004807, total loss = 0.106855, Epoch time: 1.16 seconds, remaining time: 7.77 minutes
Epoch #591: train loss = 0.176148, val loss = 0.003723, total loss = 0.086293, Epoch time: 1.17 seconds, remaining time: 7.78 minutes
Epoch #592: train loss = 0.220149, val loss = 0.005532, total loss = 0.108307, Epoch time: 1.15 seconds, remaining time: 7.78 minutes
Epoch #593: train loss = 0.203111, val loss = 0.003194, total loss = 0.098929, Epoch time: 1.16 seconds, remaining time: 7.77 minutes
Epoch #594: train loss = 0.216857, val loss = 0.009541, total loss = 0.108819, Epoch time: 1.19 seconds, remaining time: 7.78 minutes
Epoch #595: train loss = 0.251576, val loss = 0.007620, total loss = 0.124444, Epoch time: 1.18 seconds, remaining time: 7.78 minutes
Epoch #596: train loss = 0.258497, val loss = 0.006170, total loss = 0.127003, Epoch time: 1.34 seconds, remaining time: 7.91 minutes
Epoch #597: train loss = 0.191510, val loss = 0.005348, total loss = 0.094496, Epoch time: 1.12 seconds, remaining time: 7.87 minutes
Epoch #598: train loss = 0.201008, val loss = 0.003191, total loss = 0.097920, Epoch time: 1.13 seconds, remaining time: 7.85 minutes
Epoch #599: train loss = 0.285251, val loss = 0.007124, total loss = 0.140312, Epoch time: 1.13 seconds, remaining time: 7.82 minutes
Epoch #600: train loss = 0.167874, val loss = 0.004962, total loss = 0.082976, Epoch time: 1.15 seconds, remaining time: 7.79 minutes
Epoch #601: train loss = 0.223380, val loss = 0.003274, total loss = 0.108677, Epoch time: 1.14 seconds, remaining time: 7.75 minutes
Epoch #602: train loss = 0.277960, val loss = 0.013353, total loss = 0.140066, Epoch time: 1.11 seconds, remaining time: 7.71 minutes
Epoch #603: train loss = 0.219446, val loss = 0.003500, total loss = 0.106911, Epoch time: 1.13 seconds, remaining time: 7.67 minutes
Epoch #604: train loss = 0.260443, val loss = 0.006208, total loss = 0.127954, Epoch time: 1.14 seconds, remaining time: 7.62 minutes
Epoch #605: train loss = 0.336412, val loss = 0.008741, total loss = 0.165654, Epoch time: 1.11 seconds, remaining time: 7.56 minutes
Epoch #606: train loss = 0.245167, val loss = 0.008081, total loss = 0.121615, Epoch time: 1.14 seconds, remaining time: 7.41 minutes
Epoch #607: train loss = 0.193966, val loss = 0.003680, total loss = 0.094803, Epoch time: 1.13 seconds, remaining time: 7.40 minutes
Epoch #608: train loss = 0.167712, val loss = 0.004989, total loss = 0.082913, Epoch time: 1.15 seconds, remaining time: 7.39 minutes
Epoch #609: train loss = 0.198282, val loss = 0.004336, total loss = 0.097212, Epoch time: 1.15 seconds, remaining time: 7.39 minutes
Epoch #610: train loss = 0.200020, val loss = 0.004397, total loss = 0.098075, Epoch time: 1.16 seconds, remaining time: 7.38 minutes
Epoch #611: train loss = 0.201338, val loss = 0.004553, total loss = 0.098788, Epoch time: 1.17 seconds, remaining time: 7.38 minutes
Epoch #612: train loss = 0.172944, val loss = 0.004042, total loss = 0.084925, Epoch time: 1.17 seconds, remaining time: 7.40 minutes
Epoch #613: train loss = 0.184668, val loss = 0.003997, total loss = 0.090515, Epoch time: 1.23 seconds, remaining time: 7.44 minutes
Epoch #614: train loss = 0.211918, val loss = 0.004418, total loss = 0.103784, Epoch time: 1.13 seconds, remaining time: 7.41 minutes
Epoch #615: train loss = 0.319127, val loss = 0.009969, total loss = 0.158017, Epoch time: 1.16 seconds, remaining time: 7.43 minutes
Epoch #616: train loss = 0.366933, val loss = 0.011449, total loss = 0.181681, Epoch time: 1.41 seconds, remaining time: 7.58 minutes
Epoch #617: train loss = 0.265937, val loss = 0.007323, total loss = 0.131166, Epoch time: 1.24 seconds, remaining time: 7.63 minutes
Epoch #618: train loss = 0.181441, val loss = 0.006164, total loss = 0.090100, Epoch time: 1.14 seconds, remaining time: 7.60 minutes
Epoch #619: train loss = 0.153288, val loss = 0.002985, total loss = 0.074961, Epoch time: 1.14 seconds, remaining time: 7.57 minutes
Epoch #620: train loss = 0.308123, val loss = 0.013066, total loss = 0.154361, Epoch time: 1.11 seconds, remaining time: 7.52 minutes
Epoch #621: train loss = 0.253903, val loss = 0.005394, total loss = 0.124398, Epoch time: 1.10 seconds, remaining time: 7.46 minutes
Epoch #622: train loss = 0.191124, val loss = 0.003459, total loss = 0.093327, Epoch time: 1.13 seconds, remaining time: 7.41 minutes
Epoch #623: train loss = 0.186477, val loss = 0.005993, total loss = 0.092422, Epoch time: 1.11 seconds, remaining time: 7.31 minutes
Epoch #624: train loss = 0.176993, val loss = 0.003086, total loss = 0.086365, Epoch time: 1.14 seconds, remaining time: 7.30 minutes
Epoch #625: train loss = 0.207403, val loss = 0.003967, total loss = 0.101387, Epoch time: 1.15 seconds, remaining time: 7.27 minutes
Epoch #626: train loss = 0.217894, val loss = 0.004647, total loss = 0.106765, Epoch time: 1.14 seconds, remaining time: 7.08 minutes
Epoch #627: train loss = 0.252583, val loss = 0.004944, total loss = 0.123532, Epoch time: 1.15 seconds, remaining time: 7.01 minutes
Epoch #628: train loss = 0.193293, val loss = 0.005191, total loss = 0.095268, Epoch time: 1.14 seconds, remaining time: 6.99 minutes
Epoch #629: train loss = 0.216875, val loss = 0.003490, total loss = 0.105675, Epoch time: 1.15 seconds, remaining time: 6.98 minutes
Epoch #630: train loss = 0.197085, val loss = 0.003649, total loss = 0.096280, Epoch time: 1.14 seconds, remaining time: 6.98 minutes
Epoch #631: train loss = 0.163123, val loss = 0.003512, total loss = 0.079945, Epoch time: 1.18 seconds, remaining time: 7.01 minutes
Epoch #632: train loss = 0.165543, val loss = 0.004611, total loss = 0.081677, Epoch time: 1.18 seconds, remaining time: 7.03 minutes
Epoch #633: train loss = 0.232957, val loss = 0.009086, total loss = 0.116292, Epoch time: 1.17 seconds, remaining time: 7.05 minutes
Epoch #634: train loss = 0.252841, val loss = 0.004776, total loss = 0.123568, Epoch time: 1.20 seconds, remaining time: 7.06 minutes
Epoch #635: train loss = 0.180866, val loss = 0.003738, total loss = 0.088560, Epoch time: 1.32 seconds, remaining time: 7.15 minutes
Epoch #636: train loss = 0.222682, val loss = 0.005234, total loss = 0.109364, Epoch time: 1.10 seconds, remaining time: 7.11 minutes
Epoch #637: train loss = 0.255206, val loss = 0.003506, total loss = 0.124038, Epoch time: 1.10 seconds, remaining time: 7.06 minutes
Epoch #638: train loss = 0.212610, val loss = 0.005000, total loss = 0.104419, Epoch time: 1.14 seconds, remaining time: 7.04 minutes
Epoch #639: train loss = 0.191759, val loss = 0.003668, total loss = 0.093740, Epoch time: 1.12 seconds, remaining time: 7.00 minutes
Epoch #640: train loss = 0.245550, val loss = 0.012035, total loss = 0.123859, Epoch time: 1.14 seconds, remaining time: 6.98 minutes
Epoch #641: train loss = 0.234634, val loss = 0.007718, total loss = 0.116382, Epoch time: 1.14 seconds, remaining time: 6.94 minutes
Epoch #642: train loss = 0.295259, val loss = 0.007193, total loss = 0.145140, Epoch time: 1.12 seconds, remaining time: 6.88 minutes
Epoch #643: train loss = 0.300566, val loss = 0.013709, total loss = 0.151078, Epoch time: 1.12 seconds, remaining time: 6.83 minutes
Epoch #644: train loss = 0.232297, val loss = 0.005297, total loss = 0.114002, Epoch time: 1.13 seconds, remaining time: 6.77 minutes
Epoch #645: train loss = 0.234285, val loss = 0.007076, total loss = 0.115880, Epoch time: 1.13 seconds, remaining time: 6.64 minutes
Epoch #646: train loss = 0.185954, val loss = 0.006252, total loss = 0.092306, Epoch time: 1.14 seconds, remaining time: 6.65 minutes
Epoch #647: train loss = 0.245227, val loss = 0.007635, total loss = 0.121411, Epoch time: 1.12 seconds, remaining time: 6.63 minutes
Epoch #648: train loss = 0.256592, val loss = 0.004290, total loss = 0.125111, Epoch time: 1.10 seconds, remaining time: 6.59 minutes
Epoch #649: train loss = 0.186751, val loss = 0.004014, total loss = 0.091522, Epoch time: 1.15 seconds, remaining time: 6.59 minutes
Epoch #650: train loss = 0.183124, val loss = 0.005371, total loss = 0.090492, Epoch time: 1.14 seconds, remaining time: 6.57 minutes
Epoch #651: train loss = 0.203050, val loss = 0.005782, total loss = 0.100248, Epoch time: 1.14 seconds, remaining time: 6.55 minutes
Epoch #652: train loss = 0.265143, val loss = 0.004614, total loss = 0.129375, Epoch time: 1.12 seconds, remaining time: 6.53 minutes
Epoch #653: train loss = 0.238472, val loss = 0.007919, total loss = 0.118325, Epoch time: 1.32 seconds, remaining time: 6.63 minutes
Epoch #654: train loss = 0.168948, val loss = 0.005466, total loss = 0.083753, Epoch time: 1.12 seconds, remaining time: 6.60 minutes
Epoch #655: train loss = 0.229608, val loss = 0.006398, total loss = 0.113287, Epoch time: 1.08 seconds, remaining time: 6.56 minutes
Epoch #656: train loss = 0.193222, val loss = 0.007068, total loss = 0.096212, Epoch time: 1.10 seconds, remaining time: 6.51 minutes
Epoch #657: train loss = 0.242952, val loss = 0.005377, total loss = 0.119145, Epoch time: 1.11 seconds, remaining time: 6.49 minutes
Epoch #658: train loss = 0.196758, val loss = 0.006591, total loss = 0.097657, Epoch time: 1.13 seconds, remaining time: 6.49 minutes
Epoch #659: train loss = 0.198410, val loss = 0.004785, total loss = 0.097507, Epoch time: 1.11 seconds, remaining time: 6.45 minutes
Epoch #660: train loss = 0.213712, val loss = 0.004903, total loss = 0.104896, Epoch time: 1.11 seconds, remaining time: 6.41 minutes
Epoch #661: train loss = 0.341946, val loss = 0.008070, total loss = 0.167954, Epoch time: 1.09 seconds, remaining time: 6.37 minutes
Epoch #662: train loss = 0.231379, val loss = 0.004304, total loss = 0.113044, Epoch time: 1.12 seconds, remaining time: 6.35 minutes
Epoch #663: train loss = 0.151176, val loss = 0.005842, total loss = 0.075439, Epoch time: 1.14 seconds, remaining time: 6.23 minutes
Epoch #664: train loss = 0.245486, val loss = 0.008538, total loss = 0.122006, Epoch time: 1.10 seconds, remaining time: 6.20 minutes
Epoch #665: train loss = 0.181993, val loss = 0.004156, total loss = 0.089317, Epoch time: 1.14 seconds, remaining time: 6.21 minutes
Epoch #666: train loss = 0.217797, val loss = 0.008471, total loss = 0.108711, Epoch time: 1.11 seconds, remaining time: 6.20 minutes
Epoch #667: train loss = 0.146226, val loss = 0.002902, total loss = 0.071536, Epoch time: 1.16 seconds, remaining time: 6.21 minutes
Epoch #668: train loss = 0.197533, val loss = 0.004350, total loss = 0.096860, Epoch time: 1.12 seconds, remaining time: 6.18 minutes
Epoch #669: train loss = 0.209219, val loss = 0.004806, total loss = 0.102694, Epoch time: 1.16 seconds, remaining time: 6.19 minutes
Epoch #670: train loss = 0.287684, val loss = 0.010052, total loss = 0.143003, Epoch time: 1.12 seconds, remaining time: 6.18 minutes
Epoch #671: train loss = 0.248093, val loss = 0.008243, total loss = 0.123101, Epoch time: 1.18 seconds, remaining time: 6.20 minutes
Epoch #672: train loss = 0.204471, val loss = 0.005775, total loss = 0.100925, Epoch time: 1.28 seconds, remaining time: 6.27 minutes
Epoch #673: train loss = 0.216254, val loss = 0.004802, total loss = 0.106061, Epoch time: 1.09 seconds, remaining time: 6.23 minutes
Epoch #674: train loss = 0.228955, val loss = 0.003240, total loss = 0.111329, Epoch time: 1.11 seconds, remaining time: 6.22 minutes
Epoch #675: train loss = 0.167373, val loss = 0.004303, total loss = 0.082393, Epoch time: 1.12 seconds, remaining time: 6.18 minutes
Epoch #676: train loss = 0.214772, val loss = 0.002825, total loss = 0.104321, Epoch time: 1.11 seconds, remaining time: 6.17 minutes
Epoch #677: train loss = 0.228445, val loss = 0.007389, total loss = 0.113247, Epoch time: 1.11 seconds, remaining time: 6.12 minutes
Epoch #678: train loss = 0.254159, val loss = 0.008416, total loss = 0.126096, Epoch time: 1.12 seconds, remaining time: 6.10 minutes
Epoch #679: train loss = 0.208903, val loss = 0.003629, total loss = 0.101929, Epoch time: 1.11 seconds, remaining time: 6.06 minutes
Epoch #680: train loss = 0.251376, val loss = 0.005157, total loss = 0.123064, Epoch time: 1.12 seconds, remaining time: 6.04 minutes
Epoch #681: train loss = 0.194964, val loss = 0.005478, total loss = 0.096218, Epoch time: 1.11 seconds, remaining time: 5.99 minutes
Epoch #682: train loss = 0.223882, val loss = 0.003744, total loss = 0.109162, Epoch time: 1.15 seconds, remaining time: 5.90 minutes
Epoch #683: train loss = 0.200473, val loss = 0.003163, total loss = 0.097650, Epoch time: 1.14 seconds, remaining time: 5.90 minutes
Epoch #684: train loss = 0.184221, val loss = 0.002451, total loss = 0.089496, Epoch time: 1.16 seconds, remaining time: 5.91 minutes
Epoch #685: train loss = 0.156938, val loss = 0.004717, total loss = 0.077612, Epoch time: 1.13 seconds, remaining time: 5.90 minutes
Epoch #686: train loss = 0.167197, val loss = 0.004047, total loss = 0.082175, Epoch time: 1.17 seconds, remaining time: 5.91 minutes
Epoch #687: train loss = 0.286712, val loss = 0.014389, total loss = 0.144797, Epoch time: 1.17 seconds, remaining time: 5.92 minutes
Epoch #688: train loss = 0.251687, val loss = 0.004936, total loss = 0.123098, Epoch time: 1.18 seconds, remaining time: 5.93 minutes
Epoch #689: train loss = 0.226577, val loss = 0.009283, total loss = 0.113339, Epoch time: 1.16 seconds, remaining time: 5.93 minutes
Epoch #690: train loss = 0.224956, val loss = 0.005653, total loss = 0.110671, Epoch time: 1.14 seconds, remaining time: 5.93 minutes
Epoch #691: train loss = 0.275949, val loss = 0.007243, total loss = 0.135919, Epoch time: 1.17 seconds, remaining time: 5.94 minutes
Epoch #692: train loss = 0.194130, val loss = 0.003979, total loss = 0.095037, Epoch time: 1.33 seconds, remaining time: 6.01 minutes
Epoch #693: train loss = 0.164612, val loss = 0.002386, total loss = 0.080072, Epoch time: 1.10 seconds, remaining time: 5.97 minutes
Epoch #694: train loss = 0.226029, val loss = 0.005694, total loss = 0.111207, Epoch time: 1.09 seconds, remaining time: 5.91 minutes
Epoch #695: train loss = 0.229913, val loss = 0.004242, total loss = 0.112310, Epoch time: 1.10 seconds, remaining time: 5.88 minutes
Epoch #696: train loss = 0.293109, val loss = 0.015526, total loss = 0.148453, Epoch time: 1.10 seconds, remaining time: 5.82 minutes
Epoch #697: train loss = 0.289379, val loss = 0.008248, total loss = 0.142874, Epoch time: 1.11 seconds, remaining time: 5.78 minutes
Epoch #698: train loss = 0.214393, val loss = 0.003770, total loss = 0.104631, Epoch time: 1.12 seconds, remaining time: 5.73 minutes
Epoch #699: train loss = 0.291586, val loss = 0.005991, total loss = 0.142755, Epoch time: 1.11 seconds, remaining time: 5.68 minutes
Epoch #700: train loss = 0.212838, val loss = 0.006858, total loss = 0.105496, Epoch time: 1.12 seconds, remaining time: 5.65 minutes
Epoch #701: train loss = 0.186200, val loss = 0.004590, total loss = 0.091558, Epoch time: 1.10 seconds, remaining time: 5.60 minutes
Epoch #702: train loss = 0.164212, val loss = 0.007121, total loss = 0.082347, Epoch time: 1.14 seconds, remaining time: 5.49 minutes
Epoch #703: train loss = 0.247420, val loss = 0.006467, total loss = 0.121853, Epoch time: 1.11 seconds, remaining time: 5.47 minutes
Epoch #704: train loss = 0.233714, val loss = 0.009370, total loss = 0.116803, Epoch time: 1.12 seconds, remaining time: 5.47 minutes
Epoch #705: train loss = 0.219466, val loss = 0.003088, total loss = 0.106706, Epoch time: 1.12 seconds, remaining time: 5.46 minutes
Epoch #706: train loss = 0.183834, val loss = 0.003437, total loss = 0.089824, Epoch time: 1.13 seconds, remaining time: 5.46 minutes
Epoch #707: train loss = 0.148631, val loss = 0.004292, total loss = 0.073412, Epoch time: 1.16 seconds, remaining time: 5.46 minutes
Epoch #708: train loss = 0.194497, val loss = 0.002843, total loss = 0.094621, Epoch time: 1.14 seconds, remaining time: 5.45 minutes
Epoch #709: train loss = 0.202981, val loss = 0.002494, total loss = 0.098502, Epoch time: 1.15 seconds, remaining time: 5.46 minutes
Epoch #710: train loss = 0.183664, val loss = 0.005511, total loss = 0.090824, Epoch time: 1.26 seconds, remaining time: 5.51 minutes
Epoch #711: train loss = 0.187197, val loss = 0.004210, total loss = 0.091838, Epoch time: 1.45 seconds, remaining time: 5.65 minutes
Epoch #712: train loss = 0.244378, val loss = 0.005968, total loss = 0.120136, Epoch time: 1.09 seconds, remaining time: 5.61 minutes
Epoch #713: train loss = 0.266312, val loss = 0.007705, total loss = 0.131545, Epoch time: 1.09 seconds, remaining time: 5.58 minutes
Epoch #714: train loss = 0.274007, val loss = 0.008447, total loss = 0.135617, Epoch time: 1.12 seconds, remaining time: 5.56 minutes
Epoch #715: train loss = 0.242843, val loss = 0.004182, total loss = 0.118470, Epoch time: 1.12 seconds, remaining time: 5.54 minutes
Epoch #716: train loss = 0.273445, val loss = 0.004842, total loss = 0.133469, Epoch time: 1.12 seconds, remaining time: 5.52 minutes
Epoch #717: train loss = 0.186090, val loss = 0.002885, total loss = 0.090617, Epoch time: 1.15 seconds, remaining time: 5.49 minutes
Epoch #718: train loss = 0.167576, val loss = 0.003351, total loss = 0.081994, Epoch time: 1.17 seconds, remaining time: 5.49 minutes
Epoch #719: train loss = 0.218378, val loss = 0.003034, total loss = 0.106157, Epoch time: 1.13 seconds, remaining time: 5.46 minutes
Epoch #720: train loss = 0.263811, val loss = 0.002845, total loss = 0.127814, Epoch time: 1.11 seconds, remaining time: 5.37 minutes
Epoch #721: train loss = 0.196989, val loss = 0.002928, total loss = 0.095859, Epoch time: 1.13 seconds, remaining time: 5.20 minutes
Epoch #722: train loss = 0.214026, val loss = 0.005447, total loss = 0.105330, Epoch time: 1.15 seconds, remaining time: 5.21 minutes
Epoch #723: train loss = 0.176833, val loss = 0.002167, total loss = 0.085810, Epoch time: 1.14 seconds, remaining time: 5.21 minutes
Epoch #724: train loss = 0.198370, val loss = 0.002792, total loss = 0.096449, Epoch time: 1.14 seconds, remaining time: 5.21 minutes
Epoch #725: train loss = 0.268118, val loss = 0.007400, total loss = 0.132251, Epoch time: 1.14 seconds, remaining time: 5.20 minutes
Epoch #726: train loss = 0.251353, val loss = 0.004984, total loss = 0.122963, Epoch time: 1.17 seconds, remaining time: 5.20 minutes
Epoch #727: train loss = 0.235878, val loss = 0.007201, total loss = 0.116708, Epoch time: 1.18 seconds, remaining time: 5.20 minutes
Epoch #728: train loss = 0.228380, val loss = 0.003379, total loss = 0.111126, Epoch time: 1.16 seconds, remaining time: 5.18 minutes
Epoch #729: train loss = 0.172229, val loss = 0.003041, total loss = 0.084060, Epoch time: 1.19 seconds, remaining time: 5.18 minutes
Epoch #730: train loss = 0.255088, val loss = 0.003619, total loss = 0.124040, Epoch time: 1.33 seconds, remaining time: 5.26 minutes
Epoch #731: train loss = 0.163029, val loss = 0.003184, total loss = 0.079729, Epoch time: 1.14 seconds, remaining time: 5.25 minutes
Epoch #732: train loss = 0.159737, val loss = 0.002461, total loss = 0.077776, Epoch time: 1.10 seconds, remaining time: 5.21 minutes
Epoch #733: train loss = 0.206623, val loss = 0.004165, total loss = 0.101116, Epoch time: 1.09 seconds, remaining time: 5.17 minutes
Epoch #734: train loss = 0.123734, val loss = 0.002419, total loss = 0.060513, Epoch time: 1.15 seconds, remaining time: 5.15 minutes
Epoch #735: train loss = 0.306180, val loss = 0.007150, total loss = 0.150347, Epoch time: 1.10 seconds, remaining time: 5.11 minutes
Epoch #736: train loss = 0.191620, val loss = 0.002989, total loss = 0.093319, Epoch time: 1.15 seconds, remaining time: 5.08 minutes
Epoch #737: train loss = 0.189083, val loss = 0.002044, total loss = 0.091612, Epoch time: 1.12 seconds, remaining time: 5.03 minutes
Epoch #738: train loss = 0.178260, val loss = 0.002850, total loss = 0.086849, Epoch time: 1.15 seconds, remaining time: 5.01 minutes
Epoch #739: train loss = 0.264529, val loss = 0.005436, total loss = 0.129508, Epoch time: 1.10 seconds, remaining time: 4.95 minutes
Epoch #740: train loss = 0.226260, val loss = 0.003078, total loss = 0.109954, Epoch time: 1.13 seconds, remaining time: 4.85 minutes
Epoch #741: train loss = 0.194989, val loss = 0.003789, total loss = 0.095350, Epoch time: 1.14 seconds, remaining time: 4.83 minutes
Epoch #742: train loss = 0.172311, val loss = 0.001945, total loss = 0.083528, Epoch time: 1.14 seconds, remaining time: 4.83 minutes
Epoch #743: train loss = 0.144824, val loss = 0.003607, total loss = 0.071232, Epoch time: 1.13 seconds, remaining time: 4.82 minutes
Epoch #744: train loss = 0.217651, val loss = 0.003754, total loss = 0.106183, Epoch time: 1.16 seconds, remaining time: 4.81 minutes
Epoch #745: train loss = 0.203646, val loss = 0.004549, total loss = 0.099891, Epoch time: 1.18 seconds, remaining time: 4.82 minutes
Epoch #746: train loss = 0.136901, val loss = 0.003965, total loss = 0.067624, Epoch time: 1.17 seconds, remaining time: 4.81 minutes
Epoch #747: train loss = 0.208778, val loss = 0.006650, total loss = 0.103444, Epoch time: 1.14 seconds, remaining time: 4.80 minutes
Epoch #748: train loss = 0.279747, val loss = 0.004844, total loss = 0.136487, Epoch time: 1.13 seconds, remaining time: 4.78 minutes
Epoch #749: train loss = 0.211459, val loss = 0.003215, total loss = 0.102938, Epoch time: 1.28 seconds, remaining time: 4.83 minutes
Epoch #750: train loss = 0.200242, val loss = 0.003796, total loss = 0.097869, Epoch time: 1.23 seconds, remaining time: 4.86 minutes
Epoch #751: train loss = 0.167290, val loss = 0.002027, total loss = 0.081167, Epoch time: 1.14 seconds, remaining time: 4.84 minutes
Epoch #752: train loss = 0.200977, val loss = 0.003634, total loss = 0.098137, Epoch time: 1.15 seconds, remaining time: 4.82 minutes
Epoch #753: train loss = 0.216497, val loss = 0.002053, total loss = 0.104744, Epoch time: 1.13 seconds, remaining time: 4.80 minutes
Epoch #754: train loss = 0.200534, val loss = 0.002009, total loss = 0.097077, Epoch time: 1.19 seconds, remaining time: 4.80 minutes
Epoch #755: train loss = 0.184069, val loss = 0.003720, total loss = 0.090084, Epoch time: 1.14 seconds, remaining time: 4.76 minutes
Epoch #756: train loss = 0.195305, val loss = 0.003796, total loss = 0.095504, Epoch time: 1.17 seconds, remaining time: 4.74 minutes
Epoch #757: train loss = 0.167800, val loss = 0.002605, total loss = 0.081712, Epoch time: 1.16 seconds, remaining time: 4.73 minutes
Epoch #758: train loss = 0.183792, val loss = 0.002992, total loss = 0.089572, Epoch time: 1.16 seconds, remaining time: 4.72 minutes
Epoch #759: train loss = 0.159233, val loss = 0.003496, total loss = 0.078074, Epoch time: 1.16 seconds, remaining time: 4.65 minutes
Epoch #760: train loss = 0.185513, val loss = 0.001769, total loss = 0.089759, Epoch time: 1.13 seconds, remaining time: 4.59 minutes
Epoch #761: train loss = 0.220879, val loss = 0.002510, total loss = 0.107081, Epoch time: 1.17 seconds, remaining time: 4.58 minutes
Epoch #762: train loss = 0.210444, val loss = 0.004215, total loss = 0.102973, Epoch time: 1.16 seconds, remaining time: 4.57 minutes
Epoch #763: train loss = 0.143941, val loss = 0.002164, total loss = 0.070057, Epoch time: 1.18 seconds, remaining time: 4.57 minutes
Epoch #764: train loss = 0.163020, val loss = 0.001969, total loss = 0.079092, Epoch time: 1.12 seconds, remaining time: 4.52 minutes
Epoch #765: train loss = 0.253045, val loss = 0.005381, total loss = 0.123980, Epoch time: 1.15 seconds, remaining time: 4.51 minutes
Epoch #766: train loss = 0.175195, val loss = 0.003531, total loss = 0.085736, Epoch time: 1.15 seconds, remaining time: 4.48 minutes
Epoch #767: train loss = 0.193049, val loss = 0.007230, total loss = 0.096214, Epoch time: 1.15 seconds, remaining time: 4.46 minutes
Epoch #768: train loss = 0.193111, val loss = 0.003682, total loss = 0.094394, Epoch time: 1.28 seconds, remaining time: 4.49 minutes
Epoch #769: train loss = 0.229995, val loss = 0.003605, total loss = 0.112017, Epoch time: 1.41 seconds, remaining time: 4.57 minutes
Epoch #770: train loss = 0.196011, val loss = 0.004771, total loss = 0.096351, Epoch time: 1.10 seconds, remaining time: 4.53 minutes
Epoch #771: train loss = 0.259153, val loss = 0.005374, total loss = 0.126902, Epoch time: 1.11 seconds, remaining time: 4.49 minutes
Epoch #772: train loss = 0.180367, val loss = 0.004094, total loss = 0.088506, Epoch time: 1.10 seconds, remaining time: 4.45 minutes
Epoch #773: train loss = 0.290197, val loss = 0.003794, total loss = 0.140945, Epoch time: 1.08 seconds, remaining time: 4.39 minutes
Epoch #774: train loss = 0.197133, val loss = 0.006701, total loss = 0.097894, Epoch time: 1.12 seconds, remaining time: 4.37 minutes
Epoch #775: train loss = 0.279812, val loss = 0.008961, total loss = 0.138664, Epoch time: 1.09 seconds, remaining time: 4.33 minutes
Epoch #776: train loss = 0.190982, val loss = 0.006068, total loss = 0.094618, Epoch time: 1.11 seconds, remaining time: 4.29 minutes
Epoch #777: train loss = 0.242744, val loss = 0.005340, total loss = 0.119026, Epoch time: 1.10 seconds, remaining time: 4.26 minutes
Epoch #778: train loss = 0.198282, val loss = 0.004362, total loss = 0.097225, Epoch time: 1.12 seconds, remaining time: 4.18 minutes
Epoch #779: train loss = 0.244833, val loss = 0.006710, total loss = 0.120740, Epoch time: 1.15 seconds, remaining time: 4.06 minutes
Epoch #780: train loss = 0.264716, val loss = 0.005258, total loss = 0.129505, Epoch time: 1.12 seconds, remaining time: 4.05 minutes
Epoch #781: train loss = 0.333802, val loss = 0.006144, total loss = 0.163051, Epoch time: 1.11 seconds, remaining time: 4.04 minutes
Epoch #782: train loss = 0.165757, val loss = 0.003045, total loss = 0.080963, Epoch time: 1.15 seconds, remaining time: 4.03 minutes
Epoch #783: train loss = 0.154994, val loss = 0.008946, total loss = 0.078885, Epoch time: 1.16 seconds, remaining time: 4.04 minutes
Epoch #784: train loss = 0.208304, val loss = 0.003260, total loss = 0.101450, Epoch time: 1.15 seconds, remaining time: 4.03 minutes
Epoch #785: train loss = 0.228699, val loss = 0.003462, total loss = 0.111322, Epoch time: 1.15 seconds, remaining time: 4.04 minutes
Epoch #786: train loss = 0.176197, val loss = 0.003065, total loss = 0.085973, Epoch time: 1.18 seconds, remaining time: 4.04 minutes
Epoch #787: train loss = 0.110000, val loss = 0.002031, total loss = 0.053734, Epoch time: 1.16 seconds, remaining time: 4.04 minutes
Epoch #788: train loss = 0.179950, val loss = 0.003377, total loss = 0.087933, Epoch time: 1.16 seconds, remaining time: 4.04 minutes
Epoch #789: train loss = 0.241639, val loss = 0.003969, total loss = 0.117783, Epoch time: 1.25 seconds, remaining time: 4.06 minutes
Epoch #790: train loss = 0.101281, val loss = 0.002843, total loss = 0.049982, Epoch time: 1.21 seconds, remaining time: 4.07 minutes
Epoch #791: train loss = 0.219144, val loss = 0.003540, total loss = 0.106787, Epoch time: 1.08 seconds, remaining time: 4.04 minutes
Epoch #792: train loss = 0.189864, val loss = 0.003963, total loss = 0.092986, Epoch time: 1.11 seconds, remaining time: 4.01 minutes
Epoch #793: train loss = 0.233658, val loss = 0.004956, total loss = 0.114475, Epoch time: 1.09 seconds, remaining time: 3.96 minutes
Epoch #794: train loss = 0.176676, val loss = 0.003466, total loss = 0.086412, Epoch time: 1.12 seconds, remaining time: 3.93 minutes
Epoch #795: train loss = 0.166425, val loss = 0.003597, total loss = 0.081571, Epoch time: 1.13 seconds, remaining time: 3.91 minutes
Epoch #796: train loss = 0.236855, val loss = 0.003668, total loss = 0.115335, Epoch time: 1.09 seconds, remaining time: 3.86 minutes
Epoch #797: train loss = 0.171118, val loss = 0.002179, total loss = 0.083080, Epoch time: 1.13 seconds, remaining time: 3.83 minutes
Epoch #798: train loss = 0.165433, val loss = 0.003202, total loss = 0.080890, Epoch time: 1.13 seconds, remaining time: 3.80 minutes
Epoch #799: train loss = 0.219904, val loss = 0.002953, total loss = 0.106845, Epoch time: 1.11 seconds, remaining time: 3.74 minutes
Epoch #800: train loss = 0.230359, val loss = 0.003233, total loss = 0.111997, Epoch time: 1.12 seconds, remaining time: 3.69 minutes
Epoch #801: train loss = 0.205238, val loss = 0.001901, total loss = 0.099273, Epoch time: 1.14 seconds, remaining time: 3.69 minutes
Epoch #802: train loss = 0.221788, val loss = 0.002920, total loss = 0.107730, Epoch time: 1.11 seconds, remaining time: 3.67 minutes
Epoch #803: train loss = 0.215628, val loss = 0.003242, total loss = 0.104948, Epoch time: 1.14 seconds, remaining time: 3.67 minutes
Epoch #804: train loss = 0.171694, val loss = 0.002892, total loss = 0.083727, Epoch time: 1.13 seconds, remaining time: 3.66 minutes
Epoch #805: train loss = 0.160528, val loss = 0.002609, total loss = 0.078232, Epoch time: 1.17 seconds, remaining time: 3.65 minutes
Epoch #806: train loss = 0.240478, val loss = 0.002231, total loss = 0.116321, Epoch time: 1.15 seconds, remaining time: 3.65 minutes
Epoch #807: train loss = 0.187363, val loss = 0.003939, total loss = 0.091776, Epoch time: 1.14 seconds, remaining time: 3.63 minutes
Epoch #808: train loss = 0.121292, val loss = 0.003311, total loss = 0.059809, Epoch time: 1.45 seconds, remaining time: 3.72 minutes
Epoch #809: train loss = 0.152107, val loss = 0.002195, total loss = 0.073984, Epoch time: 1.24 seconds, remaining time: 3.74 minutes
Epoch #810: train loss = 0.150345, val loss = 0.002449, total loss = 0.073272, Epoch time: 1.11 seconds, remaining time: 3.71 minutes
Epoch #811: train loss = 0.148661, val loss = 0.002651, total loss = 0.072572, Epoch time: 1.11 seconds, remaining time: 3.68 minutes
Epoch #812: train loss = 0.124436, val loss = 0.004029, total loss = 0.061689, Epoch time: 1.14 seconds, remaining time: 3.67 minutes
Epoch #813: train loss = 0.186269, val loss = 0.001527, total loss = 0.089995, Epoch time: 1.13 seconds, remaining time: 3.65 minutes
Epoch #814: train loss = 0.126486, val loss = 0.002415, total loss = 0.061830, Epoch time: 1.15 seconds, remaining time: 3.63 minutes
Epoch #815: train loss = 0.212054, val loss = 0.003364, total loss = 0.103300, Epoch time: 1.13 seconds, remaining time: 3.60 minutes
Epoch #816: train loss = 0.200490, val loss = 0.002561, total loss = 0.097344, Epoch time: 1.14 seconds, remaining time: 3.58 minutes
Epoch #817: train loss = 0.215870, val loss = 0.003242, total loss = 0.105064, Epoch time: 1.12 seconds, remaining time: 3.55 minutes
Epoch #818: train loss = 0.170421, val loss = 0.003234, total loss = 0.083296, Epoch time: 1.15 seconds, remaining time: 3.44 minutes
Epoch #819: train loss = 0.199995, val loss = 0.003398, total loss = 0.097543, Epoch time: 1.14 seconds, remaining time: 3.39 minutes
Epoch #820: train loss = 0.196534, val loss = 0.003708, total loss = 0.096047, Epoch time: 1.13 seconds, remaining time: 3.38 minutes
Epoch #821: train loss = 0.205766, val loss = 0.005414, total loss = 0.101357, Epoch time: 1.13 seconds, remaining time: 3.37 minutes
Epoch #822: train loss = 0.193433, val loss = 0.001804, total loss = 0.093570, Epoch time: 1.17 seconds, remaining time: 3.36 minutes
Epoch #823: train loss = 0.132175, val loss = 0.004195, total loss = 0.065481, Epoch time: 1.15 seconds, remaining time: 3.35 minutes
Epoch #824: train loss = 0.182831, val loss = 0.003583, total loss = 0.089420, Epoch time: 1.16 seconds, remaining time: 3.33 minutes
Epoch #825: train loss = 0.175737, val loss = 0.002688, total loss = 0.085556, Epoch time: 1.15 seconds, remaining time: 3.32 minutes
Epoch #826: train loss = 0.184651, val loss = 0.004539, total loss = 0.090790, Epoch time: 1.17 seconds, remaining time: 3.31 minutes
Epoch #827: train loss = 0.170728, val loss = 0.002995, total loss = 0.083318, Epoch time: 1.34 seconds, remaining time: 3.35 minutes
Epoch #828: train loss = 0.183347, val loss = 0.002534, total loss = 0.089120, Epoch time: 1.13 seconds, remaining time: 3.33 minutes
Epoch #829: train loss = 0.134915, val loss = 0.002673, total loss = 0.066000, Epoch time: 1.14 seconds, remaining time: 3.31 minutes
Epoch #830: train loss = 0.164317, val loss = 0.002409, total loss = 0.079942, Epoch time: 1.11 seconds, remaining time: 3.28 minutes
Epoch #831: train loss = 0.224314, val loss = 0.003425, total loss = 0.109203, Epoch time: 1.10 seconds, remaining time: 3.26 minutes
Epoch #832: train loss = 0.202249, val loss = 0.002873, total loss = 0.098349, Epoch time: 1.12 seconds, remaining time: 3.22 minutes
Epoch #833: train loss = 0.140384, val loss = 0.003489, total loss = 0.069044, Epoch time: 1.15 seconds, remaining time: 3.20 minutes
Epoch #834: train loss = 0.162537, val loss = 0.001958, total loss = 0.078855, Epoch time: 1.12 seconds, remaining time: 3.17 minutes
Epoch #835: train loss = 0.158375, val loss = 0.002145, total loss = 0.076959, Epoch time: 1.14 seconds, remaining time: 3.15 minutes
Epoch #836: train loss = 0.255233, val loss = 0.003799, total loss = 0.124204, Epoch time: 1.10 seconds, remaining time: 3.11 minutes
Epoch #837: train loss = 0.188542, val loss = 0.002093, total loss = 0.091378, Epoch time: 1.12 seconds, remaining time: 3.03 minutes
Epoch #838: train loss = 0.268266, val loss = 0.006152, total loss = 0.131671, Epoch time: 1.08 seconds, remaining time: 3.00 minutes
Epoch #839: train loss = 0.199946, val loss = 0.001604, total loss = 0.096584, Epoch time: 1.14 seconds, remaining time: 2.99 minutes
Epoch #840: train loss = 0.207876, val loss = 0.001949, total loss = 0.100562, Epoch time: 1.12 seconds, remaining time: 2.97 minutes
Epoch #841: train loss = 0.164488, val loss = 0.002684, total loss = 0.080168, Epoch time: 1.14 seconds, remaining time: 2.96 minutes
Epoch #842: train loss = 0.144678, val loss = 0.003768, total loss = 0.071246, Epoch time: 1.15 seconds, remaining time: 2.95 minutes
Epoch #843: train loss = 0.211846, val loss = 0.004699, total loss = 0.103896, Epoch time: 1.14 seconds, remaining time: 2.93 minutes
Epoch #844: train loss = 0.192053, val loss = 0.003820, total loss = 0.093960, Epoch time: 1.18 seconds, remaining time: 2.92 minutes
Epoch #845: train loss = 0.151632, val loss = 0.001917, total loss = 0.073612, Epoch time: 1.34 seconds, remaining time: 2.96 minutes
Epoch #846: train loss = 0.219762, val loss = 0.003019, total loss = 0.106811, Epoch time: 1.12 seconds, remaining time: 2.94 minutes
Epoch #847: train loss = 0.180940, val loss = 0.003126, total loss = 0.088276, Epoch time: 1.09 seconds, remaining time: 2.91 minutes
Epoch #848: train loss = 0.140419, val loss = 0.003009, total loss = 0.068811, Epoch time: 1.11 seconds, remaining time: 2.90 minutes
Epoch #849: train loss = 0.239773, val loss = 0.011039, total loss = 0.120574, Epoch time: 1.09 seconds, remaining time: 2.87 minutes
Epoch #850: train loss = 0.203504, val loss = 0.002881, total loss = 0.098954, Epoch time: 1.11 seconds, remaining time: 2.85 minutes
Epoch #851: train loss = 0.205035, val loss = 0.004192, total loss = 0.100370, Epoch time: 1.11 seconds, remaining time: 2.82 minutes
Epoch #852: train loss = 0.187510, val loss = 0.002328, total loss = 0.091006, Epoch time: 1.12 seconds, remaining time: 2.80 minutes
Epoch #853: train loss = 0.188610, val loss = 0.004648, total loss = 0.092742, Epoch time: 1.14 seconds, remaining time: 2.77 minutes
Epoch #854: train loss = 0.148120, val loss = 0.002504, total loss = 0.072236, Epoch time: 1.14 seconds, remaining time: 2.75 minutes
Epoch #855: train loss = 0.204276, val loss = 0.002757, total loss = 0.099259, Epoch time: 1.10 seconds, remaining time: 2.67 minutes
Epoch #856: train loss = 0.182195, val loss = 0.003806, total loss = 0.089232, Epoch time: 1.10 seconds, remaining time: 2.65 minutes
Epoch #857: train loss = 0.247091, val loss = 0.004749, total loss = 0.120800, Epoch time: 1.11 seconds, remaining time: 2.63 minutes
Epoch #858: train loss = 0.183277, val loss = 0.004096, total loss = 0.089901, Epoch time: 1.12 seconds, remaining time: 2.62 minutes
Epoch #859: train loss = 0.226857, val loss = 0.008032, total loss = 0.112822, Epoch time: 1.11 seconds, remaining time: 2.61 minutes
Epoch #860: train loss = 0.273208, val loss = 0.007164, total loss = 0.134565, Epoch time: 1.13 seconds, remaining time: 2.59 minutes
Epoch #861: train loss = 0.202104, val loss = 0.006271, total loss = 0.100050, Epoch time: 1.18 seconds, remaining time: 2.59 minutes
Epoch #862: train loss = 0.286889, val loss = 0.008877, total loss = 0.142010, Epoch time: 1.14 seconds, remaining time: 2.57 minutes
Epoch #863: train loss = 0.339809, val loss = 0.009398, total loss = 0.167623, Epoch time: 1.12 seconds, remaining time: 2.55 minutes
Epoch #864: train loss = 0.166014, val loss = 0.004104, total loss = 0.081639, Epoch time: 1.47 seconds, remaining time: 2.61 minutes
Epoch #865: train loss = 0.154728, val loss = 0.005717, total loss = 0.077074, Epoch time: 1.22 seconds, remaining time: 2.61 minutes
Epoch #866: train loss = 0.206916, val loss = 0.004488, total loss = 0.101425, Epoch time: 1.10 seconds, remaining time: 2.59 minutes
Epoch #867: train loss = 0.156377, val loss = 0.003231, total loss = 0.076568, Epoch time: 1.10 seconds, remaining time: 2.57 minutes
Epoch #868: train loss = 0.245764, val loss = 0.003845, total loss = 0.119693, Epoch time: 1.09 seconds, remaining time: 2.55 minutes
Epoch #869: train loss = 0.232811, val loss = 0.003171, total loss = 0.113139, Epoch time: 1.11 seconds, remaining time: 2.53 minutes
Epoch #870: train loss = 0.229591, val loss = 0.007889, total loss = 0.114056, Epoch time: 1.12 seconds, remaining time: 2.50 minutes
Epoch #871: train loss = 0.158668, val loss = 0.005134, total loss = 0.078657, Epoch time: 1.15 seconds, remaining time: 2.48 minutes
Epoch #872: train loss = 0.215079, val loss = 0.003262, total loss = 0.104695, Epoch time: 1.12 seconds, remaining time: 2.45 minutes
Epoch #873: train loss = 0.308652, val loss = 0.004421, total loss = 0.150109, Epoch time: 1.11 seconds, remaining time: 2.43 minutes
Epoch #874: train loss = 0.174259, val loss = 0.003625, total loss = 0.085337, Epoch time: 1.14 seconds, remaining time: 2.35 minutes
Epoch #875: train loss = 0.196066, val loss = 0.003262, total loss = 0.095591, Epoch time: 1.12 seconds, remaining time: 2.31 minutes
Epoch #876: train loss = 0.227470, val loss = 0.004325, total loss = 0.111183, Epoch time: 1.12 seconds, remaining time: 2.29 minutes
Epoch #877: train loss = 0.271492, val loss = 0.005942, total loss = 0.133107, Epoch time: 1.12 seconds, remaining time: 2.28 minutes
Epoch #878: train loss = 0.169574, val loss = 0.003564, total loss = 0.083062, Epoch time: 1.12 seconds, remaining time: 2.27 minutes
Epoch #879: train loss = 0.175412, val loss = 0.005213, total loss = 0.086716, Epoch time: 1.16 seconds, remaining time: 2.26 minutes
Epoch #880: train loss = 0.172418, val loss = 0.003646, total loss = 0.084466, Epoch time: 1.16 seconds, remaining time: 2.24 minutes
Epoch #881: train loss = 0.287559, val loss = 0.004250, total loss = 0.139920, Epoch time: 1.14 seconds, remaining time: 2.22 minutes
Epoch #882: train loss = 0.233606, val loss = 0.004163, total loss = 0.114037, Epoch time: 1.16 seconds, remaining time: 2.21 minutes
Epoch #883: train loss = 0.170881, val loss = 0.007716, total loss = 0.085851, Epoch time: 1.39 seconds, remaining time: 2.25 minutes
Epoch #884: train loss = 0.243027, val loss = 0.007086, total loss = 0.120072, Epoch time: 1.27 seconds, remaining time: 2.25 minutes
Epoch #885: train loss = 0.210382, val loss = 0.004050, total loss = 0.102857, Epoch time: 1.08 seconds, remaining time: 2.23 minutes
Epoch #886: train loss = 0.182703, val loss = 0.003136, total loss = 0.089126, Epoch time: 1.08 seconds, remaining time: 2.20 minutes
Epoch #887: train loss = 0.181565, val loss = 0.003665, total loss = 0.088857, Epoch time: 1.12 seconds, remaining time: 2.18 minutes
Epoch #888: train loss = 0.183505, val loss = 0.004543, total loss = 0.090243, Epoch time: 1.12 seconds, remaining time: 2.16 minutes
Epoch #889: train loss = 0.234512, val loss = 0.005346, total loss = 0.115087, Epoch time: 1.10 seconds, remaining time: 2.13 minutes
Epoch #890: train loss = 0.165455, val loss = 0.002424, total loss = 0.080495, Epoch time: 1.12 seconds, remaining time: 2.10 minutes
Epoch #891: train loss = 0.202872, val loss = 0.002605, total loss = 0.098507, Epoch time: 1.12 seconds, remaining time: 2.08 minutes
Epoch #892: train loss = 0.177085, val loss = 0.004460, total loss = 0.087126, Epoch time: 1.12 seconds, remaining time: 2.05 minutes
Epoch #893: train loss = 0.141690, val loss = 0.002048, total loss = 0.068919, Epoch time: 1.14 seconds, remaining time: 1.99 minutes
Epoch #894: train loss = 0.156873, val loss = 0.002440, total loss = 0.076394, Epoch time: 1.15 seconds, remaining time: 1.95 minutes
Epoch #895: train loss = 0.258020, val loss = 0.002771, total loss = 0.125003, Epoch time: 1.09 seconds, remaining time: 1.94 minutes
Epoch #896: train loss = 0.275642, val loss = 0.004823, total loss = 0.134511, Epoch time: 1.12 seconds, remaining time: 1.92 minutes
Epoch #897: train loss = 0.212249, val loss = 0.005550, total loss = 0.104532, Epoch time: 1.13 seconds, remaining time: 1.91 minutes
Epoch #898: train loss = 0.223309, val loss = 0.002857, total loss = 0.108426, Epoch time: 1.13 seconds, remaining time: 1.89 minutes
Epoch #899: train loss = 0.139976, val loss = 0.003737, total loss = 0.068978, Epoch time: 1.18 seconds, remaining time: 1.89 minutes
Epoch #900: train loss = 0.209653, val loss = 0.003360, total loss = 0.102148, Epoch time: 1.16 seconds, remaining time: 1.87 minutes
Epoch #901: train loss = 0.179863, val loss = 0.004019, total loss = 0.088226, Epoch time: 1.15 seconds, remaining time: 1.86 minutes
Epoch #902: train loss = 0.171067, val loss = 0.003035, total loss = 0.083501, Epoch time: 1.17 seconds, remaining time: 1.85 minutes
Epoch #903: train loss = 0.215577, val loss = 0.008000, total loss = 0.107404, Epoch time: 1.35 seconds, remaining time: 1.86 minutes
Epoch #904: train loss = 0.197215, val loss = 0.006198, total loss = 0.097671, Epoch time: 1.30 seconds, remaining time: 1.87 minutes
Epoch #905: train loss = 0.154738, val loss = 0.003095, total loss = 0.075712, Epoch time: 1.12 seconds, remaining time: 1.85 minutes
Epoch #906: train loss = 0.343613, val loss = 0.006106, total loss = 0.167729, Epoch time: 1.24 seconds, remaining time: 1.85 minutes
Epoch #907: train loss = 0.192871, val loss = 0.002881, total loss = 0.093862, Epoch time: 1.21 seconds, remaining time: 1.84 minutes
Epoch #908: train loss = 0.273441, val loss = 0.005114, total loss = 0.133609, Epoch time: 1.16 seconds, remaining time: 1.83 minutes
Epoch #909: train loss = 0.165636, val loss = 0.003578, total loss = 0.081183, Epoch time: 1.24 seconds, remaining time: 1.82 minutes
Epoch #910: train loss = 0.282434, val loss = 0.006391, total loss = 0.138581, Epoch time: 1.06 seconds, remaining time: 1.78 minutes
Epoch #911: train loss = 0.220905, val loss = 0.004427, total loss = 0.108092, Epoch time: 1.08 seconds, remaining time: 1.75 minutes
Epoch #912: train loss = 0.184788, val loss = 0.002048, total loss = 0.089557, Epoch time: 1.08 seconds, remaining time: 1.72 minutes
Epoch #913: train loss = 0.178765, val loss = 0.002459, total loss = 0.086887, Epoch time: 1.07 seconds, remaining time: 1.66 minutes
Epoch #914: train loss = 0.182441, val loss = 0.003090, total loss = 0.088976, Epoch time: 1.07 seconds, remaining time: 1.61 minutes
Epoch #915: train loss = 0.133346, val loss = 0.003076, total loss = 0.065459, Epoch time: 1.08 seconds, remaining time: 1.58 minutes
Epoch #916: train loss = 0.228204, val loss = 0.007436, total loss = 0.113156, Epoch time: 1.06 seconds, remaining time: 1.54 minutes
Epoch #917: train loss = 0.196825, val loss = 0.004425, total loss = 0.096560, Epoch time: 1.06 seconds, remaining time: 1.50 minutes
Epoch #918: train loss = 0.144088, val loss = 0.005754, total loss = 0.071999, Epoch time: 1.08 seconds, remaining time: 1.47 minutes
Epoch #919: train loss = 0.151277, val loss = 0.006080, total loss = 0.075611, Epoch time: 1.08 seconds, remaining time: 1.43 minutes
Epoch #920: train loss = 0.229659, val loss = 0.005822, total loss = 0.113012, Epoch time: 1.07 seconds, remaining time: 1.41 minutes
Epoch #921: train loss = 0.256633, val loss = 0.006077, total loss = 0.126061, Epoch time: 1.08 seconds, remaining time: 1.39 minutes
Epoch #922: train loss = 0.206783, val loss = 0.003782, total loss = 0.100994, Epoch time: 1.09 seconds, remaining time: 1.38 minutes
Epoch #923: train loss = 0.209675, val loss = 0.003241, total loss = 0.102097, Epoch time: 1.08 seconds, remaining time: 1.36 minutes
Epoch #924: train loss = 0.188223, val loss = 0.004169, total loss = 0.092308, Epoch time: 1.09 seconds, remaining time: 1.35 minutes
Epoch #925: train loss = 0.113564, val loss = 0.002769, total loss = 0.055826, Epoch time: 1.11 seconds, remaining time: 1.33 minutes
Epoch #926: train loss = 0.188473, val loss = 0.003627, total loss = 0.092145, Epoch time: 1.10 seconds, remaining time: 1.32 minutes
Epoch #927: train loss = 0.171623, val loss = 0.003767, total loss = 0.084149, Epoch time: 1.10 seconds, remaining time: 1.31 minutes
Epoch #928: train loss = 0.145121, val loss = 0.002671, total loss = 0.070887, Epoch time: 1.08 seconds, remaining time: 1.29 minutes
Epoch #929: train loss = 0.130355, val loss = 0.003702, total loss = 0.064353, Epoch time: 1.10 seconds, remaining time: 1.27 minutes
Epoch #930: train loss = 0.155404, val loss = 0.002316, total loss = 0.075626, Epoch time: 1.09 seconds, remaining time: 1.26 minutes
Epoch #931: train loss = 0.146441, val loss = 0.002043, total loss = 0.071191, Epoch time: 1.10 seconds, remaining time: 1.24 minutes
Epoch #932: train loss = 0.239645, val loss = 0.006569, total loss = 0.118183, Epoch time: 1.08 seconds, remaining time: 1.22 minutes
Epoch #933: train loss = 0.265920, val loss = 0.004868, total loss = 0.129879, Epoch time: 1.03 seconds, remaining time: 1.20 minutes
Epoch #934: train loss = 0.176793, val loss = 0.005124, total loss = 0.087332, Epoch time: 1.07 seconds, remaining time: 1.18 minutes
Epoch #935: train loss = 0.147781, val loss = 0.004274, total loss = 0.072995, Epoch time: 1.06 seconds, remaining time: 1.15 minutes
Epoch #936: train loss = 0.110937, val loss = 0.003276, total loss = 0.054832, Epoch time: 1.08 seconds, remaining time: 1.13 minutes
Epoch #937: train loss = 0.128882, val loss = 0.002952, total loss = 0.063257, Epoch time: 1.07 seconds, remaining time: 1.11 minutes
Epoch #938: train loss = 0.118082, val loss = 0.001729, total loss = 0.057447, Epoch time: 1.06 seconds, remaining time: 1.09 minutes
Epoch #939: train loss = 0.149015, val loss = 0.003129, total loss = 0.072990, Epoch time: 1.05 seconds, remaining time: 1.07 minutes
Epoch #940: train loss = 0.169155, val loss = 0.002244, total loss = 0.082173, Epoch time: 1.06 seconds, remaining time: 1.05 minutes
Epoch #941: train loss = 0.206278, val loss = 0.006370, total loss = 0.102101, Epoch time: 1.07 seconds, remaining time: 1.03 minutes
Epoch #942: train loss = 0.177472, val loss = 0.003474, total loss = 0.086797, Epoch time: 1.06 seconds, remaining time: 1.01 minutes
Epoch #943: train loss = 0.178115, val loss = 0.003568, total loss = 0.087154, Epoch time: 1.10 seconds, remaining time: 1.00 minutes
Epoch #944: train loss = 0.222543, val loss = 0.003504, total loss = 0.108396, Epoch time: 1.07 seconds, remaining time: 0.98 minutes
Epoch #945: train loss = 0.178312, val loss = 0.002054, total loss = 0.086459, Epoch time: 1.08 seconds, remaining time: 0.96 minutes
Epoch #946: train loss = 0.130806, val loss = 0.002248, total loss = 0.063811, Epoch time: 1.09 seconds, remaining time: 0.95 minutes
Epoch #947: train loss = 0.203305, val loss = 0.002531, total loss = 0.098677, Epoch time: 1.09 seconds, remaining time: 0.93 minutes
Epoch #948: train loss = 0.317370, val loss = 0.006876, total loss = 0.155564, Epoch time: 1.05 seconds, remaining time: 0.91 minutes
Epoch #949: train loss = 0.178870, val loss = 0.002839, total loss = 0.087135, Epoch time: 1.10 seconds, remaining time: 0.90 minutes
Epoch #950: train loss = 0.226731, val loss = 0.004790, total loss = 0.111071, Epoch time: 1.07 seconds, remaining time: 0.88 minutes
Epoch #951: train loss = 0.165130, val loss = 0.003576, total loss = 0.080940, Epoch time: 1.10 seconds, remaining time: 0.87 minutes
Epoch #952: train loss = 0.165016, val loss = 0.003232, total loss = 0.080706, Epoch time: 1.09 seconds, remaining time: 0.85 minutes
Epoch #953: train loss = 0.184398, val loss = 0.002864, total loss = 0.089796, Epoch time: 1.10 seconds, remaining time: 0.83 minutes
Epoch #954: train loss = 0.261342, val loss = 0.008603, total loss = 0.129633, Epoch time: 1.07 seconds, remaining time: 0.81 minutes
Epoch #955: train loss = 0.191672, val loss = 0.005486, total loss = 0.094646, Epoch time: 1.11 seconds, remaining time: 0.80 minutes
Epoch #956: train loss = 0.207997, val loss = 0.004146, total loss = 0.101764, Epoch time: 1.08 seconds, remaining time: 0.78 minutes
Epoch #957: train loss = 0.167518, val loss = 0.002845, total loss = 0.081702, Epoch time: 1.11 seconds, remaining time: 0.76 minutes
Epoch #958: train loss = 0.201163, val loss = 0.004394, total loss = 0.098621, Epoch time: 1.09 seconds, remaining time: 0.75 minutes
Epoch #959: train loss = 0.171250, val loss = 0.003548, total loss = 0.083856, Epoch time: 1.10 seconds, remaining time: 0.73 minutes
Epoch #960: train loss = 0.219041, val loss = 0.005128, total loss = 0.107565, Epoch time: 1.07 seconds, remaining time: 0.71 minutes
Epoch #961: train loss = 0.216914, val loss = 0.002568, total loss = 0.105213, Epoch time: 1.05 seconds, remaining time: 0.69 minutes
Epoch #962: train loss = 0.164048, val loss = 0.002003, total loss = 0.079602, Epoch time: 1.06 seconds, remaining time: 0.67 minutes
Epoch #963: train loss = 0.226558, val loss = 0.004134, total loss = 0.110647, Epoch time: 1.02 seconds, remaining time: 0.65 minutes
Epoch #964: train loss = 0.170295, val loss = 0.003915, total loss = 0.083590, Epoch time: 1.06 seconds, remaining time: 0.63 minutes
Epoch #965: train loss = 0.271880, val loss = 0.009766, total loss = 0.135285, Epoch time: 1.04 seconds, remaining time: 0.61 minutes
Epoch #966: train loss = 0.153144, val loss = 0.003645, total loss = 0.075236, Epoch time: 1.08 seconds, remaining time: 0.59 minutes
Epoch #967: train loss = 0.171782, val loss = 0.002782, total loss = 0.083712, Epoch time: 1.10 seconds, remaining time: 0.57 minutes
Epoch #968: train loss = 0.239880, val loss = 0.002567, total loss = 0.116210, Epoch time: 1.06 seconds, remaining time: 0.55 minutes
Epoch #969: train loss = 0.128355, val loss = 0.006183, total loss = 0.064688, Epoch time: 1.09 seconds, remaining time: 0.53 minutes
Epoch #970: train loss = 0.130387, val loss = 0.002694, total loss = 0.063843, Epoch time: 1.09 seconds, remaining time: 0.51 minutes
Epoch #971: train loss = 0.195954, val loss = 0.003591, total loss = 0.095708, Epoch time: 1.05 seconds, remaining time: 0.50 minutes
Epoch #972: train loss = 0.168929, val loss = 0.001930, total loss = 0.081901, Epoch time: 1.10 seconds, remaining time: 0.48 minutes
Epoch #973: train loss = 0.161194, val loss = 0.004248, total loss = 0.079405, Epoch time: 1.07 seconds, remaining time: 0.47 minutes
Epoch #974: train loss = 0.174770, val loss = 0.005293, total loss = 0.086451, Epoch time: 1.08 seconds, remaining time: 0.45 minutes
Epoch #975: train loss = 0.255680, val loss = 0.004028, total loss = 0.124537, Epoch time: 1.04 seconds, remaining time: 0.43 minutes
Epoch #976: train loss = 0.163624, val loss = 0.002085, total loss = 0.079442, Epoch time: 1.07 seconds, remaining time: 0.41 minutes
Epoch #977: train loss = 0.150550, val loss = 0.002287, total loss = 0.073286, Epoch time: 1.08 seconds, remaining time: 0.39 minutes
Epoch #978: train loss = 0.262275, val loss = 0.005392, total loss = 0.128406, Epoch time: 1.08 seconds, remaining time: 0.38 minutes
Epoch #979: train loss = 0.178093, val loss = 0.003309, total loss = 0.087008, Epoch time: 1.08 seconds, remaining time: 0.36 minutes
Epoch #980: train loss = 0.164546, val loss = 0.005987, total loss = 0.081917, Epoch time: 1.10 seconds, remaining time: 0.34 minutes
Epoch #981: train loss = 0.160051, val loss = 0.003457, total loss = 0.078446, Epoch time: 1.09 seconds, remaining time: 0.32 minutes
Epoch #982: train loss = 0.167780, val loss = 0.005073, total loss = 0.082989, Epoch time: 1.11 seconds, remaining time: 0.31 minutes
Epoch #983: train loss = 0.193821, val loss = 0.003446, total loss = 0.094611, Epoch time: 1.09 seconds, remaining time: 0.29 minutes
Epoch #984: train loss = 0.262704, val loss = 0.003211, total loss = 0.127475, Epoch time: 1.09 seconds, remaining time: 0.27 minutes
Epoch #985: train loss = 0.169472, val loss = 0.004238, total loss = 0.083364, Epoch time: 1.11 seconds, remaining time: 0.25 minutes
Epoch #986: train loss = 0.202848, val loss = 0.004419, total loss = 0.099441, Epoch time: 1.11 seconds, remaining time: 0.24 minutes
Epoch #987: train loss = 0.156945, val loss = 0.005255, total loss = 0.077895, Epoch time: 1.12 seconds, remaining time: 0.22 minutes
Epoch #988: train loss = 0.152397, val loss = 0.003345, total loss = 0.074722, Epoch time: 1.09 seconds, remaining time: 0.20 minutes
Epoch #989: train loss = 0.167687, val loss = 0.004645, total loss = 0.082722, Epoch time: 1.06 seconds, remaining time: 0.18 minutes
Epoch #990: train loss = 0.199363, val loss = 0.004199, total loss = 0.097658, Epoch time: 1.05 seconds, remaining time: 0.16 minutes
Epoch #991: train loss = 0.156073, val loss = 0.001436, total loss = 0.075487, Epoch time: 1.09 seconds, remaining time: 0.15 minutes
Epoch #992: train loss = 0.214274, val loss = 0.004129, total loss = 0.104762, Epoch time: 1.05 seconds, remaining time: 0.13 minutes
Epoch #993: train loss = 0.236148, val loss = 0.002158, total loss = 0.114210, Epoch time: 1.09 seconds, remaining time: 0.11 minutes
Epoch #994: train loss = 0.222952, val loss = 0.004642, total loss = 0.109185, Epoch time: 1.04 seconds, remaining time: 0.09 minutes
Epoch #995: train loss = 0.245632, val loss = 0.005602, total loss = 0.120546, Epoch time: 1.08 seconds, remaining time: 0.07 minutes
Epoch #996: train loss = 0.278016, val loss = 0.005976, total loss = 0.136249, Epoch time: 1.04 seconds, remaining time: 0.05 minutes
Epoch #997: train loss = 0.162753, val loss = 0.003995, total loss = 0.080020, Epoch time: 1.09 seconds, remaining time: 0.04 minutes
Epoch #998: train loss = 0.209749, val loss = 0.002632, total loss = 0.101815, Epoch time: 1.06 seconds, remaining time: 0.02 minutes
Epoch #999: train loss = 0.261773, val loss = 0.004383, total loss = 0.127640, Epoch time: 1.04 seconds, remaining time: 0.00 minutes

Training time: 0:20:41.994771

Classification evaluation results:
{'acc': 0.9766666666666667, 'auprc': 0.9895133110293007}
Clustering evaluation results:
{'kmeans': {'acc': 0.88, 'ri': 0.9857079152731326, 'nmi': 0.9106051686586859}, 'spectral': {'acc': 0.7766666666666666, 'ri': 0.9711928651059086, 'nmi': 0.8883262023379637}}
Finished.
