Dataset: UWaveGestureLibrary
Arguments: Namespace(batch_size=8, dataset='UWaveGestureLibrary', epochs=1000, eval=True, gpu=1, irregular=0, iters=None, loader='UEA', lr=0.001, max_threads=8, max_train_length=3000, repr_dims=320, run_name='UEA', save_every=None, seed=42)
Loading data... done
Epoch #0: train loss = 3.308773, val loss = 1.620165, total loss = 2.080694, Epoch time: 1.38 seconds, remaining time: 23.05 minutes
Epoch #1: train loss = 1.960184, val loss = 1.146148, total loss = 1.368158, Epoch time: 0.82 seconds, remaining time: 18.33 minutes
Epoch #2: train loss = 1.741469, val loss = 0.917996, total loss = 1.142579, Epoch time: 0.82 seconds, remaining time: 16.76 minutes
Epoch #3: train loss = 1.632622, val loss = 0.790656, total loss = 1.020283, Epoch time: 0.80 seconds, remaining time: 15.90 minutes
Epoch #4: train loss = 1.472370, val loss = 0.637776, total loss = 0.865393, Epoch time: 0.81 seconds, remaining time: 15.41 minutes
Epoch #5: train loss = 1.357329, val loss = 0.613352, total loss = 0.816255, Epoch time: 0.78 seconds, remaining time: 14.98 minutes
Epoch #6: train loss = 1.276982, val loss = 0.447711, total loss = 0.673876, Epoch time: 0.78 seconds, remaining time: 14.68 minutes
Epoch #7: train loss = 1.121714, val loss = 0.407109, total loss = 0.602002, Epoch time: 0.78 seconds, remaining time: 14.45 minutes
Epoch #8: train loss = 1.192366, val loss = 0.390979, total loss = 0.609539, Epoch time: 0.77 seconds, remaining time: 14.25 minutes
Epoch #9: train loss = 1.077397, val loss = 0.315464, total loss = 0.523263, Epoch time: 0.79 seconds, remaining time: 14.12 minutes
Epoch #10: train loss = 1.074991, val loss = 0.319169, total loss = 0.525302, Epoch time: 0.78 seconds, remaining time: 13.11 minutes
Epoch #11: train loss = 0.938250, val loss = 0.289129, total loss = 0.466162, Epoch time: 0.78 seconds, remaining time: 13.03 minutes
Epoch #12: train loss = 0.956734, val loss = 0.300627, total loss = 0.479565, Epoch time: 0.76 seconds, remaining time: 12.91 minutes
Epoch #13: train loss = 1.097005, val loss = 0.366520, total loss = 0.565743, Epoch time: 0.75 seconds, remaining time: 12.80 minutes
Epoch #14: train loss = 1.056474, val loss = 0.384992, total loss = 0.568123, Epoch time: 0.79 seconds, remaining time: 12.74 minutes
Epoch #15: train loss = 0.909160, val loss = 0.293827, total loss = 0.461645, Epoch time: 0.75 seconds, remaining time: 12.68 minutes
Epoch #16: train loss = 0.959339, val loss = 0.326970, total loss = 0.499434, Epoch time: 0.74 seconds, remaining time: 12.59 minutes
Epoch #17: train loss = 1.021345, val loss = 0.343310, total loss = 0.528228, Epoch time: 0.74 seconds, remaining time: 12.51 minutes
Epoch #18: train loss = 0.840193, val loss = 0.238901, total loss = 0.402890, Epoch time: 0.75 seconds, remaining time: 12.47 minutes
Epoch #19: train loss = 0.923966, val loss = 0.291603, total loss = 0.464066, Epoch time: 0.74 seconds, remaining time: 12.37 minutes
Epoch #20: train loss = 0.872106, val loss = 0.271598, total loss = 0.435373, Epoch time: 0.75 seconds, remaining time: 12.31 minutes
Epoch #21: train loss = 0.960413, val loss = 0.325964, total loss = 0.498995, Epoch time: 0.74 seconds, remaining time: 12.22 minutes
Epoch #22: train loss = 0.902014, val loss = 0.279952, total loss = 0.449605, Epoch time: 0.76 seconds, remaining time: 12.21 minutes
Epoch #23: train loss = 0.868618, val loss = 0.280950, total loss = 0.441223, Epoch time: 0.74 seconds, remaining time: 12.18 minutes
Epoch #24: train loss = 0.918693, val loss = 0.352521, total loss = 0.506932, Epoch time: 0.72 seconds, remaining time: 12.05 minutes
Epoch #25: train loss = 0.870094, val loss = 0.267116, total loss = 0.431564, Epoch time: 0.75 seconds, remaining time: 12.03 minutes
Epoch #26: train loss = 0.929112, val loss = 0.239782, total loss = 0.427781, Epoch time: 0.72 seconds, remaining time: 11.99 minutes
Epoch #27: train loss = 0.910476, val loss = 0.237150, total loss = 0.420784, Epoch time: 0.73 seconds, remaining time: 11.97 minutes
Epoch #28: train loss = 0.821377, val loss = 0.261706, total loss = 0.414344, Epoch time: 0.74 seconds, remaining time: 11.93 minutes
Epoch #29: train loss = 0.767939, val loss = 0.230966, total loss = 0.377414, Epoch time: 0.74 seconds, remaining time: 11.92 minutes
Epoch #30: train loss = 0.813301, val loss = 0.234844, total loss = 0.392605, Epoch time: 0.75 seconds, remaining time: 11.91 minutes
Epoch #31: train loss = 0.724446, val loss = 0.202958, total loss = 0.345182, Epoch time: 0.73 seconds, remaining time: 11.88 minutes
Epoch #32: train loss = 0.829416, val loss = 0.233269, total loss = 0.395855, Epoch time: 0.71 seconds, remaining time: 11.80 minutes
Epoch #33: train loss = 0.879147, val loss = 0.315811, total loss = 0.469448, Epoch time: 0.70 seconds, remaining time: 11.73 minutes
Epoch #34: train loss = 0.782535, val loss = 0.250551, total loss = 0.395637, Epoch time: 0.73 seconds, remaining time: 11.73 minutes
Epoch #35: train loss = 0.746256, val loss = 0.215159, total loss = 0.360004, Epoch time: 0.74 seconds, remaining time: 11.72 minutes
Epoch #36: train loss = 0.815636, val loss = 0.276785, total loss = 0.423744, Epoch time: 0.74 seconds, remaining time: 11.74 minutes
Epoch #37: train loss = 0.826747, val loss = 0.347442, total loss = 0.478162, Epoch time: 0.71 seconds, remaining time: 11.69 minutes
Epoch #38: train loss = 0.796986, val loss = 0.278602, total loss = 0.419979, Epoch time: 0.73 seconds, remaining time: 11.66 minutes
Epoch #39: train loss = 0.794661, val loss = 0.243723, total loss = 0.393979, Epoch time: 0.73 seconds, remaining time: 11.64 minutes
Epoch #40: train loss = 0.741056, val loss = 0.232712, total loss = 0.371351, Epoch time: 0.73 seconds, remaining time: 11.59 minutes
Epoch #41: train loss = 0.678698, val loss = 0.210341, total loss = 0.338075, Epoch time: 0.74 seconds, remaining time: 11.59 minutes
Epoch #42: train loss = 0.694581, val loss = 0.208070, total loss = 0.340755, Epoch time: 0.74 seconds, remaining time: 11.63 minutes
Epoch #43: train loss = 0.575293, val loss = 0.167353, total loss = 0.278609, Epoch time: 0.74 seconds, remaining time: 11.67 minutes
Epoch #44: train loss = 0.658072, val loss = 0.221962, total loss = 0.340901, Epoch time: 0.75 seconds, remaining time: 11.70 minutes
Epoch #45: train loss = 0.636548, val loss = 0.192616, total loss = 0.313688, Epoch time: 0.74 seconds, remaining time: 11.67 minutes
Epoch #46: train loss = 0.727254, val loss = 0.226173, total loss = 0.362832, Epoch time: 0.72 seconds, remaining time: 11.62 minutes
Epoch #47: train loss = 0.598925, val loss = 0.164263, total loss = 0.282807, Epoch time: 0.74 seconds, remaining time: 11.67 minutes
Epoch #48: train loss = 0.661488, val loss = 0.213990, total loss = 0.336035, Epoch time: 0.73 seconds, remaining time: 11.65 minutes
Epoch #49: train loss = 0.648696, val loss = 0.206928, total loss = 0.327410, Epoch time: 0.73 seconds, remaining time: 11.63 minutes
Epoch #50: train loss = 0.792024, val loss = 0.279096, total loss = 0.418985, Epoch time: 0.72 seconds, remaining time: 11.61 minutes
Epoch #51: train loss = 0.709460, val loss = 0.195809, total loss = 0.335896, Epoch time: 0.73 seconds, remaining time: 11.58 minutes
Epoch #52: train loss = 0.608337, val loss = 0.178308, total loss = 0.295589, Epoch time: 0.74 seconds, remaining time: 11.56 minutes
Epoch #53: train loss = 0.698587, val loss = 0.220844, total loss = 0.351138, Epoch time: 0.72 seconds, remaining time: 11.52 minutes
Epoch #54: train loss = 0.651049, val loss = 0.194542, total loss = 0.319044, Epoch time: 0.72 seconds, remaining time: 11.47 minutes
Epoch #55: train loss = 0.615771, val loss = 0.176988, total loss = 0.296656, Epoch time: 0.75 seconds, remaining time: 11.47 minutes
Epoch #56: train loss = 0.615030, val loss = 0.205492, total loss = 0.317184, Epoch time: 0.74 seconds, remaining time: 11.50 minutes
Epoch #57: train loss = 0.660819, val loss = 0.196638, total loss = 0.323233, Epoch time: 0.72 seconds, remaining time: 11.46 minutes
Epoch #58: train loss = 0.537775, val loss = 0.169501, total loss = 0.269939, Epoch time: 0.74 seconds, remaining time: 11.47 minutes
Epoch #59: train loss = 0.764648, val loss = 0.318912, total loss = 0.440477, Epoch time: 0.73 seconds, remaining time: 11.44 minutes
Epoch #60: train loss = 0.687303, val loss = 0.188975, total loss = 0.324883, Epoch time: 0.73 seconds, remaining time: 11.46 minutes
Epoch #61: train loss = 0.764075, val loss = 0.268242, total loss = 0.403469, Epoch time: 0.73 seconds, remaining time: 11.45 minutes
Epoch #62: train loss = 0.614301, val loss = 0.185631, total loss = 0.302541, Epoch time: 0.75 seconds, remaining time: 11.46 minutes
Epoch #63: train loss = 0.582814, val loss = 0.160170, total loss = 0.275437, Epoch time: 0.74 seconds, remaining time: 11.47 minutes
Epoch #64: train loss = 0.627150, val loss = 0.231791, total loss = 0.339616, Epoch time: 0.75 seconds, remaining time: 11.49 minutes
Epoch #65: train loss = 0.556399, val loss = 0.167371, total loss = 0.273469, Epoch time: 0.83 seconds, remaining time: 11.61 minutes
Epoch #66: train loss = 0.652725, val loss = 0.226279, total loss = 0.342582, Epoch time: 0.76 seconds, remaining time: 11.63 minutes
Epoch #67: train loss = 0.608816, val loss = 0.195232, total loss = 0.308027, Epoch time: 0.78 seconds, remaining time: 11.69 minutes
Epoch #68: train loss = 0.685339, val loss = 0.214043, total loss = 0.342578, Epoch time: 0.75 seconds, remaining time: 11.70 minutes
Epoch #69: train loss = 0.648014, val loss = 0.181546, total loss = 0.308765, Epoch time: 0.79 seconds, remaining time: 11.78 minutes
Epoch #70: train loss = 0.700475, val loss = 0.215968, total loss = 0.348106, Epoch time: 0.75 seconds, remaining time: 11.80 minutes
Epoch #71: train loss = 0.583658, val loss = 0.166390, total loss = 0.280190, Epoch time: 0.74 seconds, remaining time: 11.79 minutes
Epoch #72: train loss = 0.675872, val loss = 0.193095, total loss = 0.324762, Epoch time: 0.74 seconds, remaining time: 11.76 minutes
Epoch #73: train loss = 0.650414, val loss = 0.177075, total loss = 0.306167, Epoch time: 0.74 seconds, remaining time: 11.75 minutes
Epoch #74: train loss = 0.685538, val loss = 0.206826, total loss = 0.337383, Epoch time: 0.73 seconds, remaining time: 11.71 minutes
Epoch #75: train loss = 0.587283, val loss = 0.203917, total loss = 0.308472, Epoch time: 1.17 seconds, remaining time: 12.22 minutes
Epoch #76: train loss = 0.488839, val loss = 0.167666, total loss = 0.255259, Epoch time: 0.84 seconds, remaining time: 12.33 minutes
Epoch #77: train loss = 0.726766, val loss = 0.287205, total loss = 0.407085, Epoch time: 0.80 seconds, remaining time: 12.35 minutes
Epoch #78: train loss = 0.590595, val loss = 0.197923, total loss = 0.305015, Epoch time: 0.80 seconds, remaining time: 12.41 minutes
Epoch #79: train loss = 0.614003, val loss = 0.174978, total loss = 0.294712, Epoch time: 0.78 seconds, remaining time: 12.38 minutes
Epoch #80: train loss = 0.610908, val loss = 0.223134, total loss = 0.328891, Epoch time: 0.90 seconds, remaining time: 12.60 minutes
Epoch #81: train loss = 0.657457, val loss = 0.191452, total loss = 0.318544, Epoch time: 0.85 seconds, remaining time: 12.75 minutes
Epoch #82: train loss = 0.561790, val loss = 0.187901, total loss = 0.289871, Epoch time: 0.87 seconds, remaining time: 12.94 minutes
Epoch #83: train loss = 0.662188, val loss = 0.206719, total loss = 0.330938, Epoch time: 0.81 seconds, remaining time: 13.04 minutes
Epoch #84: train loss = 0.546199, val loss = 0.191731, total loss = 0.288404, Epoch time: 0.80 seconds, remaining time: 13.13 minutes
Epoch #85: train loss = 0.480351, val loss = 0.163828, total loss = 0.250152, Epoch time: 0.83 seconds, remaining time: 12.59 minutes
Epoch #86: train loss = 0.531892, val loss = 0.194261, total loss = 0.286342, Epoch time: 0.80 seconds, remaining time: 12.53 minutes
Epoch #87: train loss = 0.636690, val loss = 0.184373, total loss = 0.307732, Epoch time: 0.84 seconds, remaining time: 12.58 minutes
Epoch #88: train loss = 0.508635, val loss = 0.164243, total loss = 0.258168, Epoch time: 0.93 seconds, remaining time: 12.78 minutes
Epoch #89: train loss = 0.483678, val loss = 0.157225, total loss = 0.246257, Epoch time: 0.89 seconds, remaining time: 12.93 minutes
Epoch #90: train loss = 0.467540, val loss = 0.143429, total loss = 0.231823, Epoch time: 0.88 seconds, remaining time: 12.89 minutes
Epoch #91: train loss = 0.539635, val loss = 0.193428, total loss = 0.287848, Epoch time: 0.95 seconds, remaining time: 13.03 minutes
Epoch #92: train loss = 0.524169, val loss = 0.202647, total loss = 0.290335, Epoch time: 0.92 seconds, remaining time: 13.09 minutes
Epoch #93: train loss = 0.478019, val loss = 0.185974, total loss = 0.265623, Epoch time: 1.23 seconds, remaining time: 13.70 minutes
Epoch #94: train loss = 0.502325, val loss = 0.204272, total loss = 0.285559, Epoch time: 1.00 seconds, remaining time: 13.98 minutes
Epoch #95: train loss = 0.587320, val loss = 0.235732, total loss = 0.331620, Epoch time: 0.90 seconds, remaining time: 14.08 minutes
Epoch #96: train loss = 0.495097, val loss = 0.153112, total loss = 0.246381, Epoch time: 0.87 seconds, remaining time: 14.16 minutes
Epoch #97: train loss = 0.755359, val loss = 0.192833, total loss = 0.346249, Epoch time: 0.95 seconds, remaining time: 14.31 minutes
Epoch #98: train loss = 0.673623, val loss = 0.197808, total loss = 0.327576, Epoch time: 0.87 seconds, remaining time: 14.20 minutes
Epoch #99: train loss = 0.726221, val loss = 0.275964, total loss = 0.398761, Epoch time: 0.88 seconds, remaining time: 14.17 minutes
Epoch #100: train loss = 0.600494, val loss = 0.193292, total loss = 0.304347, Epoch time: 0.94 seconds, remaining time: 14.25 minutes
Epoch #101: train loss = 0.641017, val loss = 0.219863, total loss = 0.334723, Epoch time: 0.87 seconds, remaining time: 14.11 minutes
Epoch #102: train loss = 0.501626, val loss = 0.168787, total loss = 0.259561, Epoch time: 0.96 seconds, remaining time: 14.15 minutes
Epoch #103: train loss = 0.508971, val loss = 0.210571, total loss = 0.291953, Epoch time: 0.84 seconds, remaining time: 13.56 minutes
Epoch #104: train loss = 0.573965, val loss = 0.194890, total loss = 0.298274, Epoch time: 0.86 seconds, remaining time: 13.34 minutes
Epoch #105: train loss = 0.622056, val loss = 0.174801, total loss = 0.296780, Epoch time: 0.91 seconds, remaining time: 13.34 minutes
Epoch #106: train loss = 0.601066, val loss = 0.167041, total loss = 0.285412, Epoch time: 0.90 seconds, remaining time: 13.36 minutes
Epoch #107: train loss = 0.580460, val loss = 0.191850, total loss = 0.297835, Epoch time: 0.97 seconds, remaining time: 13.38 minutes
Epoch #108: train loss = 0.651663, val loss = 0.223267, total loss = 0.340102, Epoch time: 0.90 seconds, remaining time: 13.41 minutes
Epoch #109: train loss = 0.645962, val loss = 0.219750, total loss = 0.335990, Epoch time: 0.86 seconds, remaining time: 13.37 minutes
Epoch #110: train loss = 0.594394, val loss = 0.184167, total loss = 0.296047, Epoch time: 0.92 seconds, remaining time: 13.32 minutes
Epoch #111: train loss = 0.491226, val loss = 0.192051, total loss = 0.273644, Epoch time: 0.95 seconds, remaining time: 13.43 minutes
Epoch #112: train loss = 0.535568, val loss = 0.193204, total loss = 0.286576, Epoch time: 0.96 seconds, remaining time: 13.42 minutes
Epoch #113: train loss = 0.673003, val loss = 0.229090, total loss = 0.350157, Epoch time: 0.83 seconds, remaining time: 13.38 minutes
Epoch #114: train loss = 0.530044, val loss = 0.200951, total loss = 0.290704, Epoch time: 0.87 seconds, remaining time: 13.38 minutes
Epoch #115: train loss = 0.454066, val loss = 0.166444, total loss = 0.244887, Epoch time: 0.90 seconds, remaining time: 13.35 minutes
Epoch #116: train loss = 0.570089, val loss = 0.194400, total loss = 0.296861, Epoch time: 0.85 seconds, remaining time: 13.26 minutes
Epoch #117: train loss = 0.521854, val loss = 0.166125, total loss = 0.263142, Epoch time: 0.88 seconds, remaining time: 13.11 minutes
Epoch #118: train loss = 0.479491, val loss = 0.199931, total loss = 0.276175, Epoch time: 0.90 seconds, remaining time: 13.10 minutes
Epoch #119: train loss = 0.417986, val loss = 0.166447, total loss = 0.235049, Epoch time: 0.90 seconds, remaining time: 13.13 minutes
Epoch #120: train loss = 0.527647, val loss = 0.181903, total loss = 0.276197, Epoch time: 0.90 seconds, remaining time: 13.08 minutes
Epoch #121: train loss = 0.467025, val loss = 0.171402, total loss = 0.252026, Epoch time: 0.89 seconds, remaining time: 12.98 minutes
Epoch #122: train loss = 0.417316, val loss = 0.126498, total loss = 0.205812, Epoch time: 0.91 seconds, remaining time: 12.90 minutes
Epoch #123: train loss = 0.468093, val loss = 0.170523, total loss = 0.251678, Epoch time: 0.89 seconds, remaining time: 12.97 minutes
Epoch #124: train loss = 0.392763, val loss = 0.151146, total loss = 0.217041, Epoch time: 0.87 seconds, remaining time: 12.96 minutes
Epoch #125: train loss = 0.472821, val loss = 0.148799, total loss = 0.237169, Epoch time: 0.89 seconds, remaining time: 12.93 minutes
Epoch #126: train loss = 0.454164, val loss = 0.151744, total loss = 0.234222, Epoch time: 0.93 seconds, remaining time: 13.04 minutes
Epoch #127: train loss = 0.537382, val loss = 0.175241, total loss = 0.274007, Epoch time: 0.89 seconds, remaining time: 13.03 minutes
Epoch #128: train loss = 0.567542, val loss = 0.218046, total loss = 0.313363, Epoch time: 0.96 seconds, remaining time: 13.10 minutes
Epoch #129: train loss = 0.486361, val loss = 0.182717, total loss = 0.265529, Epoch time: 0.96 seconds, remaining time: 13.17 minutes
Epoch #130: train loss = 0.461852, val loss = 0.159889, total loss = 0.242243, Epoch time: 0.93 seconds, remaining time: 13.21 minutes
Epoch #131: train loss = 0.445250, val loss = 0.169352, total loss = 0.244596, Epoch time: 0.91 seconds, remaining time: 13.21 minutes
Epoch #132: train loss = 0.468435, val loss = 0.176835, total loss = 0.256362, Epoch time: 0.86 seconds, remaining time: 13.13 minutes
Epoch #133: train loss = 0.456216, val loss = 0.187165, total loss = 0.260543, Epoch time: 0.90 seconds, remaining time: 13.13 minutes
Epoch #134: train loss = 0.431861, val loss = 0.173087, total loss = 0.243662, Epoch time: 1.00 seconds, remaining time: 13.31 minutes
Epoch #135: train loss = 0.532862, val loss = 0.197445, total loss = 0.288922, Epoch time: 0.88 seconds, remaining time: 13.28 minutes
Epoch #136: train loss = 0.524403, val loss = 0.164876, total loss = 0.262929, Epoch time: 0.90 seconds, remaining time: 13.22 minutes
Epoch #137: train loss = 0.432761, val loss = 0.154855, total loss = 0.230647, Epoch time: 0.92 seconds, remaining time: 13.25 minutes
Epoch #138: train loss = 0.541669, val loss = 0.198336, total loss = 0.291973, Epoch time: 0.86 seconds, remaining time: 13.10 minutes
Epoch #139: train loss = 0.418774, val loss = 0.139365, total loss = 0.215567, Epoch time: 0.90 seconds, remaining time: 13.00 minutes
Epoch #140: train loss = 0.429531, val loss = 0.140925, total loss = 0.219636, Epoch time: 0.89 seconds, remaining time: 12.92 minutes
Epoch #141: train loss = 0.413405, val loss = 0.154783, total loss = 0.225316, Epoch time: 0.91 seconds, remaining time: 12.92 minutes
Epoch #142: train loss = 0.364550, val loss = 0.136804, total loss = 0.198916, Epoch time: 0.95 seconds, remaining time: 13.02 minutes
Epoch #143: train loss = 0.367253, val loss = 0.138403, total loss = 0.200817, Epoch time: 0.91 seconds, remaining time: 13.02 minutes
Epoch #144: train loss = 0.416441, val loss = 0.132098, total loss = 0.209646, Epoch time: 0.89 seconds, remaining time: 12.85 minutes
Epoch #145: train loss = 0.403363, val loss = 0.150511, total loss = 0.219470, Epoch time: 0.86 seconds, remaining time: 12.80 minutes
Epoch #146: train loss = 0.411160, val loss = 0.146872, total loss = 0.218951, Epoch time: 0.97 seconds, remaining time: 12.90 minutes
Epoch #147: train loss = 0.358434, val loss = 0.167456, total loss = 0.219541, Epoch time: 1.08 seconds, remaining time: 13.11 minutes
Epoch #148: train loss = 0.699626, val loss = 0.154552, total loss = 0.303209, Epoch time: 0.89 seconds, remaining time: 13.13 minutes
Epoch #149: train loss = 0.514147, val loss = 0.176060, total loss = 0.268265, Epoch time: 0.89 seconds, remaining time: 13.10 minutes
Epoch #150: train loss = 0.436956, val loss = 0.143294, total loss = 0.223383, Epoch time: 0.93 seconds, remaining time: 13.14 minutes
Epoch #151: train loss = 0.532419, val loss = 0.180393, total loss = 0.276400, Epoch time: 0.90 seconds, remaining time: 13.11 minutes
Epoch #152: train loss = 0.418953, val loss = 0.142951, total loss = 0.218224, Epoch time: 0.92 seconds, remaining time: 13.05 minutes
Epoch #153: train loss = 0.724749, val loss = 0.197369, total loss = 0.341200, Epoch time: 0.88 seconds, remaining time: 12.98 minutes
Epoch #154: train loss = 0.570071, val loss = 0.163252, total loss = 0.274202, Epoch time: 0.86 seconds, remaining time: 12.91 minutes
Epoch #155: train loss = 0.565113, val loss = 0.179629, total loss = 0.284761, Epoch time: 0.86 seconds, remaining time: 12.91 minutes
Epoch #156: train loss = 0.578372, val loss = 0.187115, total loss = 0.293822, Epoch time: 0.86 seconds, remaining time: 12.74 minutes
Epoch #157: train loss = 0.579918, val loss = 0.195196, total loss = 0.300120, Epoch time: 0.83 seconds, remaining time: 12.38 minutes
Epoch #158: train loss = 0.726987, val loss = 0.199049, total loss = 0.343032, Epoch time: 0.88 seconds, remaining time: 12.35 minutes
Epoch #159: train loss = 0.494248, val loss = 0.168111, total loss = 0.257057, Epoch time: 0.91 seconds, remaining time: 12.37 minutes
Epoch #160: train loss = 0.637867, val loss = 0.164306, total loss = 0.293459, Epoch time: 0.86 seconds, remaining time: 12.26 minutes
Epoch #161: train loss = 0.540403, val loss = 0.153557, total loss = 0.259060, Epoch time: 0.90 seconds, remaining time: 12.24 minutes
Epoch #162: train loss = 0.549190, val loss = 0.160059, total loss = 0.266185, Epoch time: 0.86 seconds, remaining time: 12.14 minutes
Epoch #163: train loss = 0.587816, val loss = 0.191704, total loss = 0.299735, Epoch time: 0.87 seconds, remaining time: 12.13 minutes
Epoch #164: train loss = 0.521538, val loss = 0.185688, total loss = 0.277284, Epoch time: 0.95 seconds, remaining time: 12.24 minutes
Epoch #165: train loss = 0.519262, val loss = 0.170744, total loss = 0.265795, Epoch time: 1.40 seconds, remaining time: 12.98 minutes
Epoch #166: train loss = 0.494564, val loss = 0.179486, total loss = 0.265416, Epoch time: 0.98 seconds, remaining time: 13.12 minutes
Epoch #167: train loss = 0.450627, val loss = 0.163469, total loss = 0.241785, Epoch time: 0.92 seconds, remaining time: 13.22 minutes
Epoch #168: train loss = 0.357055, val loss = 0.153003, total loss = 0.208654, Epoch time: 0.91 seconds, remaining time: 13.25 minutes
Epoch #169: train loss = 0.495109, val loss = 0.199477, total loss = 0.280104, Epoch time: 0.91 seconds, remaining time: 13.23 minutes
Epoch #170: train loss = 0.537978, val loss = 0.157021, total loss = 0.260918, Epoch time: 0.89 seconds, remaining time: 13.25 minutes
Epoch #171: train loss = 0.495487, val loss = 0.143768, total loss = 0.239691, Epoch time: 0.90 seconds, remaining time: 13.23 minutes
Epoch #172: train loss = 0.434564, val loss = 0.137183, total loss = 0.218287, Epoch time: 0.91 seconds, remaining time: 13.29 minutes
Epoch #173: train loss = 0.376891, val loss = 0.117119, total loss = 0.187966, Epoch time: 0.93 seconds, remaining time: 13.34 minutes
Epoch #174: train loss = 0.406756, val loss = 0.134057, total loss = 0.208429, Epoch time: 0.92 seconds, remaining time: 13.29 minutes
Epoch #175: train loss = 0.518650, val loss = 0.158009, total loss = 0.256365, Epoch time: 0.92 seconds, remaining time: 12.61 minutes
Epoch #176: train loss = 0.445471, val loss = 0.150458, total loss = 0.230916, Epoch time: 0.87 seconds, remaining time: 12.45 minutes
Epoch #177: train loss = 0.485579, val loss = 0.171209, total loss = 0.256946, Epoch time: 0.86 seconds, remaining time: 12.35 minutes
Epoch #178: train loss = 0.462924, val loss = 0.165575, total loss = 0.246670, Epoch time: 0.90 seconds, remaining time: 12.32 minutes
Epoch #179: train loss = 0.431667, val loss = 0.135661, total loss = 0.216390, Epoch time: 0.89 seconds, remaining time: 12.29 minutes
Epoch #180: train loss = 0.460457, val loss = 0.109043, total loss = 0.204883, Epoch time: 0.88 seconds, remaining time: 12.26 minutes
Epoch #181: train loss = 0.525469, val loss = 0.127338, total loss = 0.235919, Epoch time: 0.92 seconds, remaining time: 12.27 minutes
Epoch #182: train loss = 0.532183, val loss = 0.190827, total loss = 0.283924, Epoch time: 1.31 seconds, remaining time: 12.80 minutes
Epoch #183: train loss = 0.431542, val loss = 0.123519, total loss = 0.207525, Epoch time: 1.06 seconds, remaining time: 12.96 minutes
Epoch #184: train loss = 0.428783, val loss = 0.140943, total loss = 0.219445, Epoch time: 0.88 seconds, remaining time: 12.89 minutes
Epoch #185: train loss = 0.500024, val loss = 0.144464, total loss = 0.241435, Epoch time: 0.92 seconds, remaining time: 12.88 minutes
Epoch #186: train loss = 0.564638, val loss = 0.174938, total loss = 0.281220, Epoch time: 0.85 seconds, remaining time: 12.83 minutes
Epoch #187: train loss = 0.574590, val loss = 0.194600, total loss = 0.298234, Epoch time: 0.89 seconds, remaining time: 12.86 minutes
Epoch #188: train loss = 0.527619, val loss = 0.154753, total loss = 0.256443, Epoch time: 0.87 seconds, remaining time: 12.80 minutes
Epoch #189: train loss = 0.522347, val loss = 0.176649, total loss = 0.270930, Epoch time: 0.86 seconds, remaining time: 12.74 minutes
Epoch #190: train loss = 0.507915, val loss = 0.148939, total loss = 0.246841, Epoch time: 0.94 seconds, remaining time: 12.81 minutes
Epoch #191: train loss = 0.624987, val loss = 0.172579, total loss = 0.295963, Epoch time: 0.89 seconds, remaining time: 12.76 minutes
Epoch #192: train loss = 0.416888, val loss = 0.142563, total loss = 0.217379, Epoch time: 0.86 seconds, remaining time: 12.14 minutes
Epoch #193: train loss = 0.442587, val loss = 0.151742, total loss = 0.231063, Epoch time: 0.89 seconds, remaining time: 11.90 minutes
Epoch #194: train loss = 0.511672, val loss = 0.142145, total loss = 0.242925, Epoch time: 0.88 seconds, remaining time: 11.89 minutes
Epoch #195: train loss = 0.381425, val loss = 0.133708, total loss = 0.201267, Epoch time: 0.88 seconds, remaining time: 11.81 minutes
Epoch #196: train loss = 0.450139, val loss = 0.148584, total loss = 0.230826, Epoch time: 0.88 seconds, remaining time: 11.84 minutes
Epoch #197: train loss = 0.415609, val loss = 0.144434, total loss = 0.218391, Epoch time: 0.89 seconds, remaining time: 11.81 minutes
Epoch #198: train loss = 0.484093, val loss = 0.129070, total loss = 0.225894, Epoch time: 0.85 seconds, remaining time: 11.78 minutes
Epoch #199: train loss = 0.443688, val loss = 0.123954, total loss = 0.211154, Epoch time: 0.87 seconds, remaining time: 11.77 minutes
Epoch #200: train loss = 0.415883, val loss = 0.155328, total loss = 0.226389, Epoch time: 0.90 seconds, remaining time: 11.70 minutes
Epoch #201: train loss = 0.522591, val loss = 0.149575, total loss = 0.251307, Epoch time: 0.98 seconds, remaining time: 11.81 minutes
Epoch #202: train loss = 0.436926, val loss = 0.129723, total loss = 0.213505, Epoch time: 0.92 seconds, remaining time: 11.87 minutes
Epoch #203: train loss = 0.447738, val loss = 0.156174, total loss = 0.235691, Epoch time: 0.93 seconds, remaining time: 11.91 minutes
Epoch #204: train loss = 0.423093, val loss = 0.112439, total loss = 0.197163, Epoch time: 0.88 seconds, remaining time: 11.89 minutes
Epoch #205: train loss = 0.510086, val loss = 0.144785, total loss = 0.244413, Epoch time: 0.91 seconds, remaining time: 11.91 minutes
Epoch #206: train loss = 0.310364, val loss = 0.142212, total loss = 0.188071, Epoch time: 0.90 seconds, remaining time: 11.92 minutes
Epoch #207: train loss = 0.331020, val loss = 0.108270, total loss = 0.169020, Epoch time: 0.87 seconds, remaining time: 11.88 minutes
Epoch #208: train loss = 0.445922, val loss = 0.130297, total loss = 0.216377, Epoch time: 0.92 seconds, remaining time: 11.96 minutes
Epoch #209: train loss = 0.389293, val loss = 0.124367, total loss = 0.196620, Epoch time: 0.87 seconds, remaining time: 11.95 minutes
Epoch #210: train loss = 0.396770, val loss = 0.121884, total loss = 0.196853, Epoch time: 0.96 seconds, remaining time: 12.01 minutes
Epoch #211: train loss = 0.331417, val loss = 0.107905, total loss = 0.168863, Epoch time: 0.89 seconds, remaining time: 11.88 minutes
Epoch #212: train loss = 0.430629, val loss = 0.108267, total loss = 0.196184, Epoch time: 0.85 seconds, remaining time: 11.79 minutes
Epoch #213: train loss = 0.456378, val loss = 0.117047, total loss = 0.209592, Epoch time: 0.95 seconds, remaining time: 11.79 minutes
Epoch #214: train loss = 0.387259, val loss = 0.116164, total loss = 0.190099, Epoch time: 0.94 seconds, remaining time: 11.86 minutes
Epoch #215: train loss = 0.489357, val loss = 0.122068, total loss = 0.222237, Epoch time: 0.85 seconds, remaining time: 11.77 minutes
Epoch #216: train loss = 0.533168, val loss = 0.120974, total loss = 0.233391, Epoch time: 0.87 seconds, remaining time: 11.72 minutes
Epoch #217: train loss = 0.437717, val loss = 0.114740, total loss = 0.202825, Epoch time: 0.90 seconds, remaining time: 11.74 minutes
Epoch #218: train loss = 0.355145, val loss = 0.113436, total loss = 0.179356, Epoch time: 0.91 seconds, remaining time: 11.71 minutes
Epoch #219: train loss = 0.382696, val loss = 0.122946, total loss = 0.193787, Epoch time: 1.14 seconds, remaining time: 12.04 minutes
Epoch #220: train loss = 0.594121, val loss = 0.150959, total loss = 0.271821, Epoch time: 0.87 seconds, remaining time: 11.90 minutes
Epoch #221: train loss = 0.382447, val loss = 0.112584, total loss = 0.186183, Epoch time: 0.87 seconds, remaining time: 11.86 minutes
Epoch #222: train loss = 0.343538, val loss = 0.114475, total loss = 0.176947, Epoch time: 0.89 seconds, remaining time: 11.90 minutes
Epoch #223: train loss = 0.465468, val loss = 0.127586, total loss = 0.219736, Epoch time: 0.86 seconds, remaining time: 11.76 minutes
Epoch #224: train loss = 0.381157, val loss = 0.107819, total loss = 0.182366, Epoch time: 0.89 seconds, remaining time: 11.68 minutes
Epoch #225: train loss = 0.397125, val loss = 0.103971, total loss = 0.183922, Epoch time: 0.94 seconds, remaining time: 11.78 minutes
Epoch #226: train loss = 0.442533, val loss = 0.110193, total loss = 0.200831, Epoch time: 0.92 seconds, remaining time: 11.84 minutes
Epoch #227: train loss = 0.363154, val loss = 0.100574, total loss = 0.172187, Epoch time: 0.90 seconds, remaining time: 11.83 minutes
Epoch #228: train loss = 0.376022, val loss = 0.102699, total loss = 0.177241, Epoch time: 0.89 seconds, remaining time: 11.79 minutes
Epoch #229: train loss = 0.520466, val loss = 0.132700, total loss = 0.238454, Epoch time: 0.81 seconds, remaining time: 11.35 minutes
Epoch #230: train loss = 0.348859, val loss = 0.113330, total loss = 0.177565, Epoch time: 0.99 seconds, remaining time: 11.49 minutes
Epoch #231: train loss = 0.387161, val loss = 0.107802, total loss = 0.183991, Epoch time: 0.85 seconds, remaining time: 11.45 minutes
Epoch #232: train loss = 0.431838, val loss = 0.097286, total loss = 0.188527, Epoch time: 0.84 seconds, remaining time: 11.37 minutes
Epoch #233: train loss = 0.292589, val loss = 0.096521, total loss = 0.149994, Epoch time: 0.85 seconds, remaining time: 11.35 minutes
Epoch #234: train loss = 0.342491, val loss = 0.088942, total loss = 0.158092, Epoch time: 0.85 seconds, remaining time: 11.27 minutes
Epoch #235: train loss = 0.309529, val loss = 0.100869, total loss = 0.157776, Epoch time: 0.83 seconds, remaining time: 11.12 minutes
Epoch #236: train loss = 0.541477, val loss = 0.092764, total loss = 0.215140, Epoch time: 0.78 seconds, remaining time: 10.92 minutes
Epoch #237: train loss = 0.318798, val loss = 0.090034, total loss = 0.152424, Epoch time: 0.97 seconds, remaining time: 10.99 minutes
Epoch #238: train loss = 0.548010, val loss = 0.106507, total loss = 0.226917, Epoch time: 0.89 seconds, remaining time: 10.98 minutes
Epoch #239: train loss = 0.320162, val loss = 0.090519, total loss = 0.153149, Epoch time: 0.91 seconds, remaining time: 11.10 minutes
Epoch #240: train loss = 0.317118, val loss = 0.076819, total loss = 0.142355, Epoch time: 0.76 seconds, remaining time: 10.79 minutes
Epoch #241: train loss = 0.577718, val loss = 0.128655, total loss = 0.251126, Epoch time: 0.72 seconds, remaining time: 10.61 minutes
Epoch #242: train loss = 0.363842, val loss = 0.104919, total loss = 0.175534, Epoch time: 0.77 seconds, remaining time: 10.51 minutes
Epoch #243: train loss = 0.492821, val loss = 0.115791, total loss = 0.218617, Epoch time: 0.76 seconds, remaining time: 10.37 minutes
Epoch #244: train loss = 0.344949, val loss = 0.102233, total loss = 0.168428, Epoch time: 0.78 seconds, remaining time: 10.27 minutes
Epoch #245: train loss = 0.363801, val loss = 0.095243, total loss = 0.168486, Epoch time: 0.76 seconds, remaining time: 10.17 minutes
Epoch #246: train loss = 0.372966, val loss = 0.100355, total loss = 0.174704, Epoch time: 0.74 seconds, remaining time: 10.11 minutes
Epoch #247: train loss = 0.273077, val loss = 0.068232, total loss = 0.124099, Epoch time: 0.79 seconds, remaining time: 9.88 minutes
Epoch #248: train loss = 0.253215, val loss = 0.085135, total loss = 0.130975, Epoch time: 0.76 seconds, remaining time: 9.70 minutes
Epoch #249: train loss = 0.363681, val loss = 0.084995, total loss = 0.161000, Epoch time: 0.74 seconds, remaining time: 9.46 minutes
Epoch #250: train loss = 0.249910, val loss = 0.088047, total loss = 0.132191, Epoch time: 0.76 seconds, remaining time: 9.46 minutes
Epoch #251: train loss = 0.313949, val loss = 0.080173, total loss = 0.143930, Epoch time: 0.76 seconds, remaining time: 9.49 minutes
Epoch #252: train loss = 0.503635, val loss = 0.089833, total loss = 0.202688, Epoch time: 0.74 seconds, remaining time: 9.44 minutes
Epoch #253: train loss = 0.516831, val loss = 0.107220, total loss = 0.218932, Epoch time: 0.79 seconds, remaining time: 9.47 minutes
Epoch #254: train loss = 0.455603, val loss = 0.111831, total loss = 0.205587, Epoch time: 0.93 seconds, remaining time: 9.64 minutes
Epoch #255: train loss = 0.307967, val loss = 0.107472, total loss = 0.162152, Epoch time: 0.78 seconds, remaining time: 9.66 minutes
Epoch #256: train loss = 0.439716, val loss = 0.097512, total loss = 0.190840, Epoch time: 0.77 seconds, remaining time: 9.67 minutes
Epoch #257: train loss = 0.500308, val loss = 0.114216, total loss = 0.219514, Epoch time: 0.75 seconds, remaining time: 9.61 minutes
Epoch #258: train loss = 0.466423, val loss = 0.106914, total loss = 0.204962, Epoch time: 0.75 seconds, remaining time: 9.59 minutes
Epoch #259: train loss = 0.442527, val loss = 0.094214, total loss = 0.189208, Epoch time: 0.76 seconds, remaining time: 9.60 minutes
Epoch #260: train loss = 0.397513, val loss = 0.109070, total loss = 0.187736, Epoch time: 0.75 seconds, remaining time: 9.58 minutes
Epoch #261: train loss = 0.322486, val loss = 0.091778, total loss = 0.154698, Epoch time: 0.76 seconds, remaining time: 9.56 minutes
Epoch #262: train loss = 0.281713, val loss = 0.077979, total loss = 0.133543, Epoch time: 0.82 seconds, remaining time: 9.65 minutes
Epoch #263: train loss = 0.309283, val loss = 0.077195, total loss = 0.140492, Epoch time: 0.87 seconds, remaining time: 9.74 minutes
Epoch #264: train loss = 0.302919, val loss = 0.108273, total loss = 0.161358, Epoch time: 1.07 seconds, remaining time: 9.89 minutes
Epoch #265: train loss = 0.320066, val loss = 0.077852, total loss = 0.143911, Epoch time: 1.12 seconds, remaining time: 10.30 minutes
Epoch #266: train loss = 0.311573, val loss = 0.116498, total loss = 0.169700, Epoch time: 1.02 seconds, remaining time: 10.59 minutes
Epoch #267: train loss = 0.419722, val loss = 0.090050, total loss = 0.179961, Epoch time: 0.89 seconds, remaining time: 10.75 minutes
Epoch #268: train loss = 0.324205, val loss = 0.089545, total loss = 0.153543, Epoch time: 0.91 seconds, remaining time: 10.92 minutes
Epoch #269: train loss = 0.412572, val loss = 0.087464, total loss = 0.176130, Epoch time: 0.96 seconds, remaining time: 11.15 minutes
Epoch #270: train loss = 0.322928, val loss = 0.076816, total loss = 0.143938, Epoch time: 1.17 seconds, remaining time: 11.64 minutes
Epoch #271: train loss = 0.388328, val loss = 0.107681, total loss = 0.184221, Epoch time: 1.09 seconds, remaining time: 12.03 minutes
Epoch #272: train loss = 0.326390, val loss = 0.111234, total loss = 0.169913, Epoch time: 1.06 seconds, remaining time: 12.30 minutes
Epoch #273: train loss = 0.271441, val loss = 0.093197, total loss = 0.141809, Epoch time: 0.93 seconds, remaining time: 12.37 minutes
Epoch #274: train loss = 0.365365, val loss = 0.072699, total loss = 0.152517, Epoch time: 0.77 seconds, remaining time: 11.99 minutes
Epoch #275: train loss = 0.342382, val loss = 0.090627, total loss = 0.159287, Epoch time: 0.75 seconds, remaining time: 11.52 minutes
Epoch #276: train loss = 0.346108, val loss = 0.097967, total loss = 0.165642, Epoch time: 0.76 seconds, remaining time: 11.20 minutes
Epoch #277: train loss = 0.537724, val loss = 0.103950, total loss = 0.222252, Epoch time: 0.74 seconds, remaining time: 11.01 minutes
Epoch #278: train loss = 0.361419, val loss = 0.090540, total loss = 0.164416, Epoch time: 0.76 seconds, remaining time: 10.81 minutes
Epoch #279: train loss = 0.358969, val loss = 0.096853, total loss = 0.168339, Epoch time: 0.91 seconds, remaining time: 10.74 minutes
Epoch #280: train loss = 0.437613, val loss = 0.103531, total loss = 0.194644, Epoch time: 0.88 seconds, remaining time: 10.37 minutes
Epoch #281: train loss = 0.391353, val loss = 0.086907, total loss = 0.169938, Epoch time: 0.74 seconds, remaining time: 9.94 minutes
Epoch #282: train loss = 0.357583, val loss = 0.088010, total loss = 0.161530, Epoch time: 0.70 seconds, remaining time: 9.49 minutes
Epoch #283: train loss = 0.346918, val loss = 0.098153, total loss = 0.165998, Epoch time: 0.70 seconds, remaining time: 9.19 minutes
Epoch #284: train loss = 0.278124, val loss = 0.076393, total loss = 0.131411, Epoch time: 0.71 seconds, remaining time: 9.12 minutes
Epoch #285: train loss = 0.339907, val loss = 0.072524, total loss = 0.145447, Epoch time: 0.71 seconds, remaining time: 9.05 minutes
Epoch #286: train loss = 0.321592, val loss = 0.085134, total loss = 0.149623, Epoch time: 0.71 seconds, remaining time: 8.98 minutes
Epoch #287: train loss = 0.395830, val loss = 0.100221, total loss = 0.180842, Epoch time: 0.70 seconds, remaining time: 8.92 minutes
Epoch #288: train loss = 0.273897, val loss = 0.081959, total loss = 0.134306, Epoch time: 0.72 seconds, remaining time: 8.86 minutes
Epoch #289: train loss = 0.256771, val loss = 0.054353, total loss = 0.109558, Epoch time: 0.72 seconds, remaining time: 8.62 minutes
Epoch #290: train loss = 0.269520, val loss = 0.067405, total loss = 0.122527, Epoch time: 0.72 seconds, remaining time: 8.43 minutes
Epoch #291: train loss = 0.282885, val loss = 0.064466, total loss = 0.124035, Epoch time: 0.71 seconds, remaining time: 8.38 minutes
Epoch #292: train loss = 0.259321, val loss = 0.077794, total loss = 0.127302, Epoch time: 0.72 seconds, remaining time: 8.40 minutes
Epoch #293: train loss = 0.370986, val loss = 0.072236, total loss = 0.153713, Epoch time: 0.72 seconds, remaining time: 8.41 minutes
Epoch #294: train loss = 0.408490, val loss = 0.064393, total loss = 0.158237, Epoch time: 0.71 seconds, remaining time: 8.40 minutes
Epoch #295: train loss = 0.278532, val loss = 0.057321, total loss = 0.117651, Epoch time: 0.73 seconds, remaining time: 8.42 minutes
Epoch #296: train loss = 0.415528, val loss = 0.109674, total loss = 0.193089, Epoch time: 0.71 seconds, remaining time: 8.40 minutes
Epoch #297: train loss = 0.322956, val loss = 0.093789, total loss = 0.156289, Epoch time: 0.72 seconds, remaining time: 8.41 minutes
Epoch #298: train loss = 0.370471, val loss = 0.072576, total loss = 0.153820, Epoch time: 0.72 seconds, remaining time: 8.40 minutes
Epoch #299: train loss = 0.485997, val loss = 0.087153, total loss = 0.195929, Epoch time: 0.70 seconds, remaining time: 8.37 minutes
Epoch #300: train loss = 0.371979, val loss = 0.078199, total loss = 0.158321, Epoch time: 0.71 seconds, remaining time: 8.34 minutes
Epoch #301: train loss = 0.263077, val loss = 0.089529, total loss = 0.136860, Epoch time: 0.74 seconds, remaining time: 8.37 minutes
Epoch #302: train loss = 0.377080, val loss = 0.074725, total loss = 0.157185, Epoch time: 0.72 seconds, remaining time: 8.35 minutes
Epoch #303: train loss = 0.328120, val loss = 0.085651, total loss = 0.151779, Epoch time: 0.72 seconds, remaining time: 8.34 minutes
Epoch #304: train loss = 0.243097, val loss = 0.092277, total loss = 0.133409, Epoch time: 0.75 seconds, remaining time: 8.37 minutes
Epoch #305: train loss = 0.277192, val loss = 0.074134, total loss = 0.129514, Epoch time: 0.74 seconds, remaining time: 8.37 minutes
Epoch #306: train loss = 0.491209, val loss = 0.101940, total loss = 0.208104, Epoch time: 0.72 seconds, remaining time: 8.37 minutes
Epoch #307: train loss = 0.271905, val loss = 0.085255, total loss = 0.136159, Epoch time: 0.74 seconds, remaining time: 8.37 minutes
Epoch #308: train loss = 0.380482, val loss = 0.088353, total loss = 0.168025, Epoch time: 0.73 seconds, remaining time: 8.38 minutes
Epoch #309: train loss = 0.490137, val loss = 0.079739, total loss = 0.191666, Epoch time: 0.87 seconds, remaining time: 8.56 minutes
Epoch #310: train loss = 0.324056, val loss = 0.068533, total loss = 0.138221, Epoch time: 0.75 seconds, remaining time: 8.59 minutes
Epoch #311: train loss = 0.289010, val loss = 0.073119, total loss = 0.131999, Epoch time: 0.70 seconds, remaining time: 8.53 minutes
Epoch #312: train loss = 0.306394, val loss = 0.069864, total loss = 0.134372, Epoch time: 0.70 seconds, remaining time: 8.49 minutes
Epoch #313: train loss = 0.334614, val loss = 0.092337, total loss = 0.158413, Epoch time: 0.71 seconds, remaining time: 8.47 minutes
Epoch #314: train loss = 0.377409, val loss = 0.058636, total loss = 0.145574, Epoch time: 0.70 seconds, remaining time: 8.40 minutes
Epoch #315: train loss = 0.393381, val loss = 0.062852, total loss = 0.152997, Epoch time: 0.70 seconds, remaining time: 8.34 minutes
Epoch #316: train loss = 0.410430, val loss = 0.085234, total loss = 0.173924, Epoch time: 0.70 seconds, remaining time: 8.31 minutes
Epoch #317: train loss = 0.308482, val loss = 0.089260, total loss = 0.149048, Epoch time: 0.71 seconds, remaining time: 8.26 minutes
Epoch #318: train loss = 0.386506, val loss = 0.089529, total loss = 0.170523, Epoch time: 0.71 seconds, remaining time: 8.22 minutes
Epoch #319: train loss = 0.387356, val loss = 0.099827, total loss = 0.178244, Epoch time: 0.73 seconds, remaining time: 8.05 minutes
Epoch #320: train loss = 0.370400, val loss = 0.093354, total loss = 0.168912, Epoch time: 0.74 seconds, remaining time: 8.02 minutes
Epoch #321: train loss = 0.345385, val loss = 0.097229, total loss = 0.164908, Epoch time: 0.71 seconds, remaining time: 8.02 minutes
Epoch #322: train loss = 0.397884, val loss = 0.067696, total loss = 0.157747, Epoch time: 0.70 seconds, remaining time: 8.01 minutes
Epoch #323: train loss = 0.473271, val loss = 0.085824, total loss = 0.191491, Epoch time: 0.70 seconds, remaining time: 7.98 minutes
Epoch #324: train loss = 0.418196, val loss = 0.097958, total loss = 0.185296, Epoch time: 0.72 seconds, remaining time: 7.99 minutes
Epoch #325: train loss = 0.281812, val loss = 0.085770, total loss = 0.139236, Epoch time: 0.72 seconds, remaining time: 8.01 minutes
Epoch #326: train loss = 0.256826, val loss = 0.079360, total loss = 0.127760, Epoch time: 0.72 seconds, remaining time: 8.02 minutes
Epoch #327: train loss = 0.198960, val loss = 0.077729, total loss = 0.110792, Epoch time: 0.74 seconds, remaining time: 8.04 minutes
Epoch #328: train loss = 0.285871, val loss = 0.072281, total loss = 0.130532, Epoch time: 0.75 seconds, remaining time: 8.07 minutes
Epoch #329: train loss = 0.300695, val loss = 0.083568, total loss = 0.142784, Epoch time: 0.74 seconds, remaining time: 8.07 minutes
Epoch #330: train loss = 0.365102, val loss = 0.082990, total loss = 0.159930, Epoch time: 0.73 seconds, remaining time: 8.06 minutes
Epoch #331: train loss = 0.381120, val loss = 0.076635, total loss = 0.159677, Epoch time: 0.73 seconds, remaining time: 8.06 minutes
Epoch #332: train loss = 0.239985, val loss = 0.064525, total loss = 0.112378, Epoch time: 0.75 seconds, remaining time: 8.10 minutes
Epoch #333: train loss = 0.260183, val loss = 0.075099, total loss = 0.125576, Epoch time: 0.75 seconds, remaining time: 8.15 minutes
Epoch #334: train loss = 0.219092, val loss = 0.059594, total loss = 0.103093, Epoch time: 0.73 seconds, remaining time: 8.15 minutes
Epoch #335: train loss = 0.190258, val loss = 0.053591, total loss = 0.090864, Epoch time: 0.77 seconds, remaining time: 8.19 minutes
Epoch #336: train loss = 0.309800, val loss = 0.065317, total loss = 0.131994, Epoch time: 0.75 seconds, remaining time: 8.21 minutes
Epoch #337: train loss = 0.192678, val loss = 0.064935, total loss = 0.099774, Epoch time: 0.78 seconds, remaining time: 8.23 minutes
Epoch #338: train loss = 0.251338, val loss = 0.052164, total loss = 0.106484, Epoch time: 0.93 seconds, remaining time: 8.42 minutes
Epoch #339: train loss = 0.333603, val loss = 0.053494, total loss = 0.129888, Epoch time: 0.70 seconds, remaining time: 8.37 minutes
Epoch #340: train loss = 0.236901, val loss = 0.060877, total loss = 0.108884, Epoch time: 0.72 seconds, remaining time: 8.35 minutes
Epoch #341: train loss = 0.309976, val loss = 0.083256, total loss = 0.145088, Epoch time: 0.72 seconds, remaining time: 8.33 minutes
Epoch #342: train loss = 0.474877, val loss = 0.081334, total loss = 0.188664, Epoch time: 0.70 seconds, remaining time: 8.26 minutes
Epoch #343: train loss = 0.324174, val loss = 0.060696, total loss = 0.132554, Epoch time: 0.73 seconds, remaining time: 8.23 minutes
Epoch #344: train loss = 0.359022, val loss = 0.053694, total loss = 0.136965, Epoch time: 0.72 seconds, remaining time: 8.20 minutes
Epoch #345: train loss = 0.246273, val loss = 0.070998, total loss = 0.118800, Epoch time: 0.73 seconds, remaining time: 8.14 minutes
Epoch #346: train loss = 0.379290, val loss = 0.069328, total loss = 0.153863, Epoch time: 0.73 seconds, remaining time: 8.11 minutes
Epoch #347: train loss = 0.283399, val loss = 0.060206, total loss = 0.121077, Epoch time: 0.74 seconds, remaining time: 8.06 minutes
Epoch #348: train loss = 0.241595, val loss = 0.069610, total loss = 0.116515, Epoch time: 0.74 seconds, remaining time: 7.84 minutes
Epoch #349: train loss = 0.392545, val loss = 0.062449, total loss = 0.152475, Epoch time: 0.74 seconds, remaining time: 7.86 minutes
Epoch #350: train loss = 0.290732, val loss = 0.048045, total loss = 0.114232, Epoch time: 0.74 seconds, remaining time: 7.87 minutes
Epoch #351: train loss = 0.258866, val loss = 0.048449, total loss = 0.105836, Epoch time: 0.74 seconds, remaining time: 7.87 minutes
Epoch #352: train loss = 0.403175, val loss = 0.058322, total loss = 0.152373, Epoch time: 0.73 seconds, remaining time: 7.89 minutes
Epoch #353: train loss = 0.344714, val loss = 0.060735, total loss = 0.138183, Epoch time: 0.73 seconds, remaining time: 7.88 minutes
Epoch #354: train loss = 0.488858, val loss = 0.071323, total loss = 0.185197, Epoch time: 0.71 seconds, remaining time: 7.86 minutes
Epoch #355: train loss = 0.661677, val loss = 0.123153, total loss = 0.270023, Epoch time: 0.71 seconds, remaining time: 7.83 minutes
Epoch #356: train loss = 0.422835, val loss = 0.097169, total loss = 0.185987, Epoch time: 0.74 seconds, remaining time: 7.83 minutes
Epoch #357: train loss = 0.400614, val loss = 0.098615, total loss = 0.180978, Epoch time: 0.72 seconds, remaining time: 7.80 minutes
Epoch #358: train loss = 0.472062, val loss = 0.070541, total loss = 0.180047, Epoch time: 0.72 seconds, remaining time: 7.77 minutes
Epoch #359: train loss = 0.313933, val loss = 0.068904, total loss = 0.135730, Epoch time: 0.74 seconds, remaining time: 7.76 minutes
Epoch #360: train loss = 0.329083, val loss = 0.055258, total loss = 0.129937, Epoch time: 0.73 seconds, remaining time: 7.74 minutes
Epoch #361: train loss = 0.235526, val loss = 0.044102, total loss = 0.096309, Epoch time: 0.76 seconds, remaining time: 7.75 minutes
Epoch #362: train loss = 0.405306, val loss = 0.055536, total loss = 0.150928, Epoch time: 0.72 seconds, remaining time: 7.73 minutes
Epoch #363: train loss = 0.430285, val loss = 0.075534, total loss = 0.172285, Epoch time: 0.73 seconds, remaining time: 7.72 minutes
Epoch #364: train loss = 0.264320, val loss = 0.066434, total loss = 0.120403, Epoch time: 0.75 seconds, remaining time: 7.74 minutes
Epoch #365: train loss = 0.390926, val loss = 0.079782, total loss = 0.164639, Epoch time: 0.73 seconds, remaining time: 7.75 minutes
Epoch #366: train loss = 0.238132, val loss = 0.074276, total loss = 0.118964, Epoch time: 0.75 seconds, remaining time: 7.75 minutes
Epoch #367: train loss = 0.403888, val loss = 0.074501, total loss = 0.164334, Epoch time: 0.76 seconds, remaining time: 7.78 minutes
Epoch #368: train loss = 0.314538, val loss = 0.066272, total loss = 0.133981, Epoch time: 0.89 seconds, remaining time: 7.95 minutes
Epoch #369: train loss = 0.276551, val loss = 0.066317, total loss = 0.123654, Epoch time: 0.71 seconds, remaining time: 7.91 minutes
Epoch #370: train loss = 0.318772, val loss = 0.071065, total loss = 0.138621, Epoch time: 0.71 seconds, remaining time: 7.87 minutes
Epoch #371: train loss = 0.302877, val loss = 0.070334, total loss = 0.133755, Epoch time: 0.71 seconds, remaining time: 7.81 minutes
Epoch #372: train loss = 0.364298, val loss = 0.056735, total loss = 0.140615, Epoch time: 0.70 seconds, remaining time: 7.78 minutes
Epoch #373: train loss = 0.311879, val loss = 0.055918, total loss = 0.125726, Epoch time: 0.71 seconds, remaining time: 7.74 minutes
Epoch #374: train loss = 0.358376, val loss = 0.050228, total loss = 0.134268, Epoch time: 0.72 seconds, remaining time: 7.70 minutes
Epoch #375: train loss = 0.316292, val loss = 0.095268, total loss = 0.155547, Epoch time: 0.73 seconds, remaining time: 7.69 minutes
Epoch #376: train loss = 0.478662, val loss = 0.079208, total loss = 0.188150, Epoch time: 0.71 seconds, remaining time: 7.63 minutes
Epoch #377: train loss = 0.346193, val loss = 0.084577, total loss = 0.155927, Epoch time: 0.73 seconds, remaining time: 7.59 minutes
Epoch #378: train loss = 0.501753, val loss = 0.103263, total loss = 0.211942, Epoch time: 0.71 seconds, remaining time: 7.39 minutes
Epoch #379: train loss = 0.441933, val loss = 0.091602, total loss = 0.187147, Epoch time: 0.72 seconds, remaining time: 7.39 minutes
Epoch #380: train loss = 0.357796, val loss = 0.057598, total loss = 0.139470, Epoch time: 0.73 seconds, remaining time: 7.41 minutes
Epoch #381: train loss = 0.340930, val loss = 0.056782, total loss = 0.134277, Epoch time: 0.72 seconds, remaining time: 7.40 minutes
Epoch #382: train loss = 0.449906, val loss = 0.073060, total loss = 0.175836, Epoch time: 0.71 seconds, remaining time: 7.40 minutes
Epoch #383: train loss = 0.394244, val loss = 0.065933, total loss = 0.155472, Epoch time: 0.71 seconds, remaining time: 7.39 minutes
Epoch #384: train loss = 0.271379, val loss = 0.054624, total loss = 0.113739, Epoch time: 0.73 seconds, remaining time: 7.39 minutes
Epoch #385: train loss = 0.466208, val loss = 0.064737, total loss = 0.174229, Epoch time: 0.70 seconds, remaining time: 7.35 minutes
Epoch #386: train loss = 0.294640, val loss = 0.070365, total loss = 0.131531, Epoch time: 0.72 seconds, remaining time: 7.35 minutes
Epoch #387: train loss = 0.234220, val loss = 0.048858, total loss = 0.099411, Epoch time: 0.72 seconds, remaining time: 7.32 minutes
Epoch #388: train loss = 0.281347, val loss = 0.047913, total loss = 0.111577, Epoch time: 0.71 seconds, remaining time: 7.31 minutes
Epoch #389: train loss = 0.356345, val loss = 0.039857, total loss = 0.126171, Epoch time: 0.72 seconds, remaining time: 7.29 minutes
Epoch #390: train loss = 0.212195, val loss = 0.043917, total loss = 0.089811, Epoch time: 0.73 seconds, remaining time: 7.28 minutes
Epoch #391: train loss = 0.255114, val loss = 0.050878, total loss = 0.106579, Epoch time: 0.73 seconds, remaining time: 7.27 minutes
Epoch #392: train loss = 0.241350, val loss = 0.053317, total loss = 0.104599, Epoch time: 0.73 seconds, remaining time: 7.29 minutes
Epoch #393: train loss = 0.294329, val loss = 0.049456, total loss = 0.116239, Epoch time: 0.73 seconds, remaining time: 7.29 minutes
Epoch #394: train loss = 0.218376, val loss = 0.051341, total loss = 0.096896, Epoch time: 0.74 seconds, remaining time: 7.29 minutes
Epoch #395: train loss = 0.251861, val loss = 0.049046, total loss = 0.104359, Epoch time: 0.73 seconds, remaining time: 7.31 minutes
Epoch #396: train loss = 0.254454, val loss = 0.056236, total loss = 0.110295, Epoch time: 0.77 seconds, remaining time: 7.35 minutes
Epoch #397: train loss = 0.246910, val loss = 0.054233, total loss = 0.106781, Epoch time: 0.87 seconds, remaining time: 7.49 minutes
Epoch #398: train loss = 0.291814, val loss = 0.059794, total loss = 0.123072, Epoch time: 0.70 seconds, remaining time: 7.46 minutes
Epoch #399: train loss = 0.422721, val loss = 0.081111, total loss = 0.174278, Epoch time: 0.68 seconds, remaining time: 7.40 minutes
Epoch #400: train loss = 0.453777, val loss = 0.080419, total loss = 0.182244, Epoch time: 0.68 seconds, remaining time: 7.34 minutes
Epoch #401: train loss = 0.234398, val loss = 0.070763, total loss = 0.115390, Epoch time: 0.72 seconds, remaining time: 7.32 minutes
Epoch #402: train loss = 0.265405, val loss = 0.045494, total loss = 0.105469, Epoch time: 0.70 seconds, remaining time: 7.28 minutes
Epoch #403: train loss = 0.208247, val loss = 0.046511, total loss = 0.090621, Epoch time: 0.73 seconds, remaining time: 7.26 minutes
Epoch #404: train loss = 0.190342, val loss = 0.038326, total loss = 0.079785, Epoch time: 0.72 seconds, remaining time: 7.23 minutes
Epoch #405: train loss = 0.186712, val loss = 0.040280, total loss = 0.080216, Epoch time: 0.71 seconds, remaining time: 7.20 minutes
Epoch #406: train loss = 0.481938, val loss = 0.054924, total loss = 0.171382, Epoch time: 0.69 seconds, remaining time: 7.11 minutes
Epoch #407: train loss = 0.375742, val loss = 0.058421, total loss = 0.144963, Epoch time: 0.71 seconds, remaining time: 6.94 minutes
Epoch #408: train loss = 0.415344, val loss = 0.058094, total loss = 0.155526, Epoch time: 0.70 seconds, remaining time: 6.94 minutes
Epoch #409: train loss = 0.278231, val loss = 0.058897, total loss = 0.118715, Epoch time: 0.72 seconds, remaining time: 6.97 minutes
Epoch #410: train loss = 0.365749, val loss = 0.060943, total loss = 0.144072, Epoch time: 0.71 seconds, remaining time: 6.98 minutes
Epoch #411: train loss = 0.371446, val loss = 0.050311, total loss = 0.137893, Epoch time: 0.71 seconds, remaining time: 6.96 minutes
Epoch #412: train loss = 0.219202, val loss = 0.059137, total loss = 0.102791, Epoch time: 0.72 seconds, remaining time: 6.97 minutes
Epoch #413: train loss = 0.221415, val loss = 0.063561, total loss = 0.106612, Epoch time: 0.73 seconds, remaining time: 6.96 minutes
Epoch #414: train loss = 0.172921, val loss = 0.050174, total loss = 0.083650, Epoch time: 0.73 seconds, remaining time: 6.96 minutes
Epoch #415: train loss = 0.500277, val loss = 0.070371, total loss = 0.187618, Epoch time: 0.71 seconds, remaining time: 6.95 minutes
Epoch #416: train loss = 0.446319, val loss = 0.057752, total loss = 0.163725, Epoch time: 0.71 seconds, remaining time: 6.95 minutes
Epoch #417: train loss = 0.307425, val loss = 0.065980, total loss = 0.131829, Epoch time: 0.71 seconds, remaining time: 6.94 minutes
Epoch #418: train loss = 0.325368, val loss = 0.069695, total loss = 0.139424, Epoch time: 0.74 seconds, remaining time: 6.97 minutes
Epoch #419: train loss = 0.417701, val loss = 0.055802, total loss = 0.154502, Epoch time: 0.71 seconds, remaining time: 6.95 minutes
Epoch #420: train loss = 0.392888, val loss = 0.054660, total loss = 0.146904, Epoch time: 0.74 seconds, remaining time: 6.97 minutes
Epoch #421: train loss = 0.319453, val loss = 0.061856, total loss = 0.132109, Epoch time: 0.75 seconds, remaining time: 6.99 minutes
Epoch #422: train loss = 0.338677, val loss = 0.066817, total loss = 0.140961, Epoch time: 0.73 seconds, remaining time: 6.99 minutes
Epoch #423: train loss = 0.244946, val loss = 0.049941, total loss = 0.103124, Epoch time: 0.76 seconds, remaining time: 7.01 minutes
Epoch #424: train loss = 0.225458, val loss = 0.054893, total loss = 0.101411, Epoch time: 0.73 seconds, remaining time: 7.00 minutes
Epoch #425: train loss = 0.239569, val loss = 0.041900, total loss = 0.095810, Epoch time: 0.78 seconds, remaining time: 7.06 minutes
Epoch #426: train loss = 0.415419, val loss = 0.050024, total loss = 0.149677, Epoch time: 0.86 seconds, remaining time: 7.18 minutes
Epoch #427: train loss = 0.214704, val loss = 0.043111, total loss = 0.089909, Epoch time: 0.71 seconds, remaining time: 7.16 minutes
Epoch #428: train loss = 0.289788, val loss = 0.049589, total loss = 0.115098, Epoch time: 0.70 seconds, remaining time: 7.11 minutes
Epoch #429: train loss = 0.263730, val loss = 0.054908, total loss = 0.111859, Epoch time: 0.71 seconds, remaining time: 7.09 minutes
Epoch #430: train loss = 0.211503, val loss = 0.035669, total loss = 0.083623, Epoch time: 0.72 seconds, remaining time: 7.06 minutes
Epoch #431: train loss = 0.191688, val loss = 0.041681, total loss = 0.082592, Epoch time: 0.72 seconds, remaining time: 7.02 minutes
Epoch #432: train loss = 0.303841, val loss = 0.059788, total loss = 0.126348, Epoch time: 0.72 seconds, remaining time: 7.00 minutes
Epoch #433: train loss = 0.419890, val loss = 0.087068, total loss = 0.177838, Epoch time: 0.70 seconds, remaining time: 6.93 minutes
Epoch #434: train loss = 0.278842, val loss = 0.051188, total loss = 0.113275, Epoch time: 0.71 seconds, remaining time: 6.90 minutes
Epoch #435: train loss = 0.216803, val loss = 0.053254, total loss = 0.097859, Epoch time: 0.73 seconds, remaining time: 6.84 minutes
Epoch #436: train loss = 0.282724, val loss = 0.049767, total loss = 0.113301, Epoch time: 0.71 seconds, remaining time: 6.69 minutes
Epoch #437: train loss = 0.258254, val loss = 0.054735, total loss = 0.110240, Epoch time: 0.72 seconds, remaining time: 6.69 minutes
Epoch #438: train loss = 0.370652, val loss = 0.057170, total loss = 0.142665, Epoch time: 0.71 seconds, remaining time: 6.68 minutes
Epoch #439: train loss = 0.221454, val loss = 0.040700, total loss = 0.089996, Epoch time: 0.73 seconds, remaining time: 6.69 minutes
Epoch #440: train loss = 0.369398, val loss = 0.046556, total loss = 0.134604, Epoch time: 0.70 seconds, remaining time: 6.66 minutes
Epoch #441: train loss = 0.223262, val loss = 0.045641, total loss = 0.094083, Epoch time: 0.73 seconds, remaining time: 6.66 minutes
Epoch #442: train loss = 0.212559, val loss = 0.051212, total loss = 0.095216, Epoch time: 0.72 seconds, remaining time: 6.65 minutes
Epoch #443: train loss = 0.220633, val loss = 0.045284, total loss = 0.093106, Epoch time: 0.73 seconds, remaining time: 6.66 minutes
Epoch #444: train loss = 0.195658, val loss = 0.050011, total loss = 0.089733, Epoch time: 0.73 seconds, remaining time: 6.67 minutes
Epoch #445: train loss = 0.182999, val loss = 0.049851, total loss = 0.086164, Epoch time: 0.72 seconds, remaining time: 6.65 minutes
Epoch #446: train loss = 0.392699, val loss = 0.056393, total loss = 0.148112, Epoch time: 0.72 seconds, remaining time: 6.64 minutes
Epoch #447: train loss = 0.264355, val loss = 0.053005, total loss = 0.110646, Epoch time: 0.72 seconds, remaining time: 6.63 minutes
Epoch #448: train loss = 0.344060, val loss = 0.041415, total loss = 0.123954, Epoch time: 0.71 seconds, remaining time: 6.62 minutes
Epoch #449: train loss = 0.339525, val loss = 0.042065, total loss = 0.123191, Epoch time: 0.74 seconds, remaining time: 6.62 minutes
Epoch #450: train loss = 0.264355, val loss = 0.058670, total loss = 0.114766, Epoch time: 0.73 seconds, remaining time: 6.63 minutes
Epoch #451: train loss = 0.216394, val loss = 0.044876, total loss = 0.091654, Epoch time: 0.73 seconds, remaining time: 6.63 minutes
Epoch #452: train loss = 0.161924, val loss = 0.039847, total loss = 0.073141, Epoch time: 0.75 seconds, remaining time: 6.64 minutes
Epoch #453: train loss = 0.248214, val loss = 0.050362, total loss = 0.104321, Epoch time: 0.72 seconds, remaining time: 6.62 minutes
Epoch #454: train loss = 0.223114, val loss = 0.034134, total loss = 0.085674, Epoch time: 0.75 seconds, remaining time: 6.62 minutes
Epoch #455: train loss = 0.235841, val loss = 0.045459, total loss = 0.097381, Epoch time: 0.78 seconds, remaining time: 6.67 minutes
Epoch #456: train loss = 0.219477, val loss = 0.043355, total loss = 0.091389, Epoch time: 0.91 seconds, remaining time: 6.83 minutes
Epoch #457: train loss = 0.161683, val loss = 0.035600, total loss = 0.069986, Epoch time: 0.71 seconds, remaining time: 6.81 minutes
Epoch #458: train loss = 0.207250, val loss = 0.039180, total loss = 0.085017, Epoch time: 0.70 seconds, remaining time: 6.79 minutes
Epoch #459: train loss = 0.223733, val loss = 0.030523, total loss = 0.083217, Epoch time: 0.70 seconds, remaining time: 6.75 minutes
Epoch #460: train loss = 0.325129, val loss = 0.032553, total loss = 0.112347, Epoch time: 0.70 seconds, remaining time: 6.71 minutes
Epoch #461: train loss = 0.250741, val loss = 0.036169, total loss = 0.094689, Epoch time: 0.71 seconds, remaining time: 6.68 minutes
Epoch #462: train loss = 0.227502, val loss = 0.041493, total loss = 0.092223, Epoch time: 0.72 seconds, remaining time: 6.64 minutes
Epoch #463: train loss = 0.175124, val loss = 0.032394, total loss = 0.071320, Epoch time: 0.72 seconds, remaining time: 6.63 minutes
Epoch #464: train loss = 0.370909, val loss = 0.062671, total loss = 0.146735, Epoch time: 0.69 seconds, remaining time: 6.56 minutes
Epoch #465: train loss = 0.308105, val loss = 0.041550, total loss = 0.114247, Epoch time: 0.71 seconds, remaining time: 6.49 minutes
Epoch #466: train loss = 0.282158, val loss = 0.054897, total loss = 0.116877, Epoch time: 0.72 seconds, remaining time: 6.31 minutes
Epoch #467: train loss = 0.356271, val loss = 0.052082, total loss = 0.135042, Epoch time: 0.69 seconds, remaining time: 6.28 minutes
Epoch #468: train loss = 0.241226, val loss = 0.046123, total loss = 0.099333, Epoch time: 0.73 seconds, remaining time: 6.29 minutes
Epoch #469: train loss = 0.223468, val loss = 0.044741, total loss = 0.093485, Epoch time: 0.72 seconds, remaining time: 6.30 minutes
Epoch #470: train loss = 0.299837, val loss = 0.051417, total loss = 0.119168, Epoch time: 0.71 seconds, remaining time: 6.29 minutes
Epoch #471: train loss = 0.200465, val loss = 0.050810, total loss = 0.091625, Epoch time: 0.73 seconds, remaining time: 6.29 minutes
Epoch #472: train loss = 0.342365, val loss = 0.043731, total loss = 0.125177, Epoch time: 0.70 seconds, remaining time: 6.26 minutes
Epoch #473: train loss = 0.238538, val loss = 0.043971, total loss = 0.097034, Epoch time: 0.72 seconds, remaining time: 6.25 minutes
Epoch #474: train loss = 0.229837, val loss = 0.033164, total loss = 0.086802, Epoch time: 0.72 seconds, remaining time: 6.26 minutes
Epoch #475: train loss = 0.305600, val loss = 0.045154, total loss = 0.116185, Epoch time: 0.72 seconds, remaining time: 6.25 minutes
Epoch #476: train loss = 0.365052, val loss = 0.053362, total loss = 0.138368, Epoch time: 0.70 seconds, remaining time: 6.22 minutes
Epoch #477: train loss = 0.298694, val loss = 0.053042, total loss = 0.120038, Epoch time: 0.73 seconds, remaining time: 6.24 minutes
Epoch #478: train loss = 0.193236, val loss = 0.045180, total loss = 0.085559, Epoch time: 0.73 seconds, remaining time: 6.23 minutes
Epoch #479: train loss = 0.409866, val loss = 0.050434, total loss = 0.148461, Epoch time: 0.71 seconds, remaining time: 6.21 minutes
Epoch #480: train loss = 0.256146, val loss = 0.056083, total loss = 0.110646, Epoch time: 0.74 seconds, remaining time: 6.23 minutes
Epoch #481: train loss = 0.256377, val loss = 0.040569, total loss = 0.099426, Epoch time: 0.75 seconds, remaining time: 6.23 minutes
Epoch #482: train loss = 0.325296, val loss = 0.057514, total loss = 0.130546, Epoch time: 0.73 seconds, remaining time: 6.24 minutes
Epoch #483: train loss = 0.287557, val loss = 0.060025, total loss = 0.122079, Epoch time: 0.78 seconds, remaining time: 6.28 minutes
Epoch #484: train loss = 0.355723, val loss = 0.063462, total loss = 0.143170, Epoch time: 0.77 seconds, remaining time: 6.31 minutes
Epoch #485: train loss = 0.400418, val loss = 0.064811, total loss = 0.156340, Epoch time: 0.89 seconds, remaining time: 6.45 minutes
Epoch #486: train loss = 0.258855, val loss = 0.069275, total loss = 0.120979, Epoch time: 0.91 seconds, remaining time: 6.61 minutes
Epoch #487: train loss = 0.142101, val loss = 0.053618, total loss = 0.077750, Epoch time: 0.73 seconds, remaining time: 6.60 minutes
Epoch #488: train loss = 0.187370, val loss = 0.104813, total loss = 0.127328, Epoch time: 0.71 seconds, remaining time: 6.57 minutes
Epoch #489: train loss = 0.332650, val loss = 0.047959, total loss = 0.125602, Epoch time: 0.69 seconds, remaining time: 6.54 minutes
Epoch #490: train loss = 0.316541, val loss = 0.058918, total loss = 0.129179, Epoch time: 0.70 seconds, remaining time: 6.49 minutes
Epoch #491: train loss = 0.173251, val loss = 0.052973, total loss = 0.085776, Epoch time: 0.71 seconds, remaining time: 6.45 minutes
Epoch #492: train loss = 0.242712, val loss = 0.058926, total loss = 0.109049, Epoch time: 0.70 seconds, remaining time: 6.41 minutes
Epoch #493: train loss = 0.238224, val loss = 0.043118, total loss = 0.096328, Epoch time: 0.71 seconds, remaining time: 6.34 minutes
Epoch #494: train loss = 0.200059, val loss = 0.052111, total loss = 0.092460, Epoch time: 0.72 seconds, remaining time: 6.28 minutes
Epoch #495: train loss = 0.259507, val loss = 0.041374, total loss = 0.100865, Epoch time: 0.71 seconds, remaining time: 6.12 minutes
Epoch #496: train loss = 0.441451, val loss = 0.055307, total loss = 0.160619, Epoch time: 0.69 seconds, remaining time: 5.92 minutes
Epoch #497: train loss = 0.267144, val loss = 0.047302, total loss = 0.107259, Epoch time: 0.72 seconds, remaining time: 5.89 minutes
Epoch #498: train loss = 0.247334, val loss = 0.059716, total loss = 0.110885, Epoch time: 0.71 seconds, remaining time: 5.88 minutes
Epoch #499: train loss = 0.271063, val loss = 0.040965, total loss = 0.103719, Epoch time: 0.71 seconds, remaining time: 5.88 minutes
Epoch #500: train loss = 0.222636, val loss = 0.050736, total loss = 0.097618, Epoch time: 0.72 seconds, remaining time: 5.89 minutes
Epoch #501: train loss = 0.241227, val loss = 0.041905, total loss = 0.096265, Epoch time: 0.71 seconds, remaining time: 5.88 minutes
Epoch #502: train loss = 0.228194, val loss = 0.043659, total loss = 0.093987, Epoch time: 0.72 seconds, remaining time: 5.88 minutes
Epoch #503: train loss = 0.276102, val loss = 0.060871, total loss = 0.119570, Epoch time: 0.72 seconds, remaining time: 5.87 minutes
Epoch #504: train loss = 0.206106, val loss = 0.041116, total loss = 0.086113, Epoch time: 0.72 seconds, remaining time: 5.86 minutes
Epoch #505: train loss = 0.181444, val loss = 0.047200, total loss = 0.083812, Epoch time: 0.72 seconds, remaining time: 5.86 minutes
Epoch #506: train loss = 0.161301, val loss = 0.040252, total loss = 0.073266, Epoch time: 0.73 seconds, remaining time: 5.88 minutes
Epoch #507: train loss = 0.392860, val loss = 0.040905, total loss = 0.136893, Epoch time: 0.71 seconds, remaining time: 5.86 minutes
Epoch #508: train loss = 0.257889, val loss = 0.051093, total loss = 0.107492, Epoch time: 0.73 seconds, remaining time: 5.87 minutes
Epoch #509: train loss = 0.582931, val loss = 0.050701, total loss = 0.195855, Epoch time: 0.68 seconds, remaining time: 5.84 minutes
Epoch #510: train loss = 0.286492, val loss = 0.045581, total loss = 0.111284, Epoch time: 0.73 seconds, remaining time: 5.83 minutes
Epoch #511: train loss = 0.376047, val loss = 0.071239, total loss = 0.154369, Epoch time: 0.73 seconds, remaining time: 5.84 minutes
Epoch #512: train loss = 0.206219, val loss = 0.043187, total loss = 0.087650, Epoch time: 0.75 seconds, remaining time: 5.85 minutes
Epoch #513: train loss = 0.391844, val loss = 0.055929, total loss = 0.147542, Epoch time: 0.72 seconds, remaining time: 5.84 minutes
Epoch #514: train loss = 0.269036, val loss = 0.051464, total loss = 0.110802, Epoch time: 0.74 seconds, remaining time: 5.85 minutes
Epoch #515: train loss = 0.218970, val loss = 0.049967, total loss = 0.096059, Epoch time: 0.73 seconds, remaining time: 5.85 minutes
Epoch #516: train loss = 0.260435, val loss = 0.044872, total loss = 0.103662, Epoch time: 0.73 seconds, remaining time: 5.84 minutes
Epoch #517: train loss = 0.189724, val loss = 0.047450, total loss = 0.086252, Epoch time: 0.77 seconds, remaining time: 5.88 minutes
Epoch #518: train loss = 0.303967, val loss = 0.041889, total loss = 0.113365, Epoch time: 0.88 seconds, remaining time: 5.99 minutes
Epoch #519: train loss = 0.222190, val loss = 0.041458, total loss = 0.090749, Epoch time: 0.70 seconds, remaining time: 5.98 minutes
Epoch #520: train loss = 0.403478, val loss = 0.047475, total loss = 0.144567, Epoch time: 0.68 seconds, remaining time: 5.93 minutes
Epoch #521: train loss = 0.373676, val loss = 0.064146, total loss = 0.148564, Epoch time: 0.68 seconds, remaining time: 5.88 minutes
Epoch #522: train loss = 0.405006, val loss = 0.059976, total loss = 0.154075, Epoch time: 0.69 seconds, remaining time: 5.82 minutes
Epoch #523: train loss = 0.268760, val loss = 0.039362, total loss = 0.101925, Epoch time: 0.72 seconds, remaining time: 5.80 minutes
Epoch #524: train loss = 0.286330, val loss = 0.059420, total loss = 0.121305, Epoch time: 0.71 seconds, remaining time: 5.77 minutes
Epoch #525: train loss = 0.341843, val loss = 0.047108, total loss = 0.127490, Epoch time: 0.69 seconds, remaining time: 5.72 minutes
Epoch #526: train loss = 0.273404, val loss = 0.053633, total loss = 0.113571, Epoch time: 0.72 seconds, remaining time: 5.70 minutes
Epoch #527: train loss = 0.252787, val loss = 0.059035, total loss = 0.111877, Epoch time: 0.71 seconds, remaining time: 5.64 minutes
Epoch #528: train loss = 0.240309, val loss = 0.038962, total loss = 0.093875, Epoch time: 0.73 seconds, remaining time: 5.50 minutes
Epoch #529: train loss = 0.157793, val loss = 0.036960, total loss = 0.069915, Epoch time: 0.73 seconds, remaining time: 5.51 minutes
Epoch #530: train loss = 0.352895, val loss = 0.060217, total loss = 0.140038, Epoch time: 0.70 seconds, remaining time: 5.52 minutes
Epoch #531: train loss = 0.309574, val loss = 0.069569, total loss = 0.135025, Epoch time: 0.71 seconds, remaining time: 5.53 minutes
Epoch #532: train loss = 0.217151, val loss = 0.040040, total loss = 0.088343, Epoch time: 0.73 seconds, remaining time: 5.55 minutes
Epoch #533: train loss = 0.210805, val loss = 0.040748, total loss = 0.087127, Epoch time: 0.72 seconds, remaining time: 5.54 minutes
Epoch #534: train loss = 0.214641, val loss = 0.050031, total loss = 0.094925, Epoch time: 0.72 seconds, remaining time: 5.54 minutes
Epoch #535: train loss = 0.291199, val loss = 0.055636, total loss = 0.119880, Epoch time: 0.71 seconds, remaining time: 5.54 minutes
Epoch #536: train loss = 0.271458, val loss = 0.050938, total loss = 0.111079, Epoch time: 0.70 seconds, remaining time: 5.52 minutes
Epoch #537: train loss = 0.260729, val loss = 0.050625, total loss = 0.107926, Epoch time: 0.71 seconds, remaining time: 5.50 minutes
Epoch #538: train loss = 0.317319, val loss = 0.042435, total loss = 0.117403, Epoch time: 0.71 seconds, remaining time: 5.47 minutes
Epoch #539: train loss = 0.329948, val loss = 0.049044, total loss = 0.125654, Epoch time: 0.70 seconds, remaining time: 5.44 minutes
Epoch #540: train loss = 0.256256, val loss = 0.044237, total loss = 0.102060, Epoch time: 0.73 seconds, remaining time: 5.45 minutes
Epoch #541: train loss = 0.404423, val loss = 0.045693, total loss = 0.143529, Epoch time: 0.72 seconds, remaining time: 5.44 minutes
Epoch #542: train loss = 0.231324, val loss = 0.043551, total loss = 0.094762, Epoch time: 0.73 seconds, remaining time: 5.43 minutes
Epoch #543: train loss = 0.299448, val loss = 0.037487, total loss = 0.108931, Epoch time: 0.73 seconds, remaining time: 5.43 minutes
Epoch #544: train loss = 0.245239, val loss = 0.053935, total loss = 0.106109, Epoch time: 0.73 seconds, remaining time: 5.42 minutes
Epoch #545: train loss = 0.245569, val loss = 0.055341, total loss = 0.107221, Epoch time: 0.72 seconds, remaining time: 5.42 minutes
Epoch #546: train loss = 0.260466, val loss = 0.045808, total loss = 0.104351, Epoch time: 0.79 seconds, remaining time: 5.47 minutes
Epoch #547: train loss = 0.202136, val loss = 0.052685, total loss = 0.093445, Epoch time: 0.73 seconds, remaining time: 5.48 minutes
Epoch #548: train loss = 0.377596, val loss = 0.067099, total loss = 0.151780, Epoch time: 0.73 seconds, remaining time: 5.48 minutes
Epoch #549: train loss = 0.175716, val loss = 0.045576, total loss = 0.081069, Epoch time: 0.81 seconds, remaining time: 5.55 minutes
Epoch #550: train loss = 0.260720, val loss = 0.032322, total loss = 0.094612, Epoch time: 0.91 seconds, remaining time: 5.68 minutes
Epoch #551: train loss = 0.294438, val loss = 0.060331, total loss = 0.124179, Epoch time: 0.89 seconds, remaining time: 5.80 minutes
Epoch #552: train loss = 0.291204, val loss = 0.045089, total loss = 0.112211, Epoch time: 0.69 seconds, remaining time: 5.75 minutes
Epoch #553: train loss = 0.190884, val loss = 0.034720, total loss = 0.077310, Epoch time: 0.71 seconds, remaining time: 5.73 minutes
Epoch #554: train loss = 0.179408, val loss = 0.037482, total loss = 0.076189, Epoch time: 0.71 seconds, remaining time: 5.70 minutes
Epoch #555: train loss = 0.193141, val loss = 0.054326, total loss = 0.092185, Epoch time: 0.70 seconds, remaining time: 5.68 minutes
Epoch #556: train loss = 0.220979, val loss = 0.034896, total loss = 0.085646, Epoch time: 0.71 seconds, remaining time: 5.60 minutes
Epoch #557: train loss = 0.302244, val loss = 0.025965, total loss = 0.101314, Epoch time: 0.71 seconds, remaining time: 5.57 minutes
Epoch #558: train loss = 0.212417, val loss = 0.049876, total loss = 0.094205, Epoch time: 0.71 seconds, remaining time: 5.55 minutes
Epoch #559: train loss = 0.292200, val loss = 0.042021, total loss = 0.110251, Epoch time: 0.70 seconds, remaining time: 5.45 minutes
Epoch #560: train loss = 0.298606, val loss = 0.055246, total loss = 0.121617, Epoch time: 0.70 seconds, remaining time: 5.29 minutes
Epoch #561: train loss = 0.263520, val loss = 0.034154, total loss = 0.096708, Epoch time: 0.71 seconds, remaining time: 5.15 minutes
Epoch #562: train loss = 0.311884, val loss = 0.042190, total loss = 0.115743, Epoch time: 0.71 seconds, remaining time: 5.15 minutes
Epoch #563: train loss = 0.266369, val loss = 0.045924, total loss = 0.106046, Epoch time: 0.70 seconds, remaining time: 5.13 minutes
Epoch #564: train loss = 0.326488, val loss = 0.037581, total loss = 0.116374, Epoch time: 0.70 seconds, remaining time: 5.11 minutes
Epoch #565: train loss = 0.217609, val loss = 0.045780, total loss = 0.092642, Epoch time: 0.72 seconds, remaining time: 5.12 minutes
Epoch #566: train loss = 0.252150, val loss = 0.049637, total loss = 0.104868, Epoch time: 0.72 seconds, remaining time: 5.12 minutes
Epoch #567: train loss = 0.219337, val loss = 0.043172, total loss = 0.091217, Epoch time: 0.72 seconds, remaining time: 5.11 minutes
Epoch #568: train loss = 0.236412, val loss = 0.046732, total loss = 0.098463, Epoch time: 0.72 seconds, remaining time: 5.11 minutes
Epoch #569: train loss = 0.285112, val loss = 0.042003, total loss = 0.108305, Epoch time: 0.71 seconds, remaining time: 5.11 minutes
Epoch #570: train loss = 0.234394, val loss = 0.038462, total loss = 0.091898, Epoch time: 0.72 seconds, remaining time: 5.10 minutes
Epoch #571: train loss = 0.167224, val loss = 0.038042, total loss = 0.073273, Epoch time: 0.73 seconds, remaining time: 5.10 minutes
Epoch #572: train loss = 0.285147, val loss = 0.046189, total loss = 0.111359, Epoch time: 0.71 seconds, remaining time: 5.09 minutes
Epoch #573: train loss = 0.215756, val loss = 0.046474, total loss = 0.092642, Epoch time: 0.72 seconds, remaining time: 5.09 minutes
Epoch #574: train loss = 0.218659, val loss = 0.047373, total loss = 0.094088, Epoch time: 0.72 seconds, remaining time: 5.10 minutes
Epoch #575: train loss = 0.186163, val loss = 0.048114, total loss = 0.085764, Epoch time: 0.74 seconds, remaining time: 5.09 minutes
Epoch #576: train loss = 0.196615, val loss = 0.034262, total loss = 0.078540, Epoch time: 0.72 seconds, remaining time: 5.08 minutes
Epoch #577: train loss = 0.156293, val loss = 0.024899, total loss = 0.060734, Epoch time: 0.75 seconds, remaining time: 5.10 minutes
Epoch #578: train loss = 0.151117, val loss = 0.026969, total loss = 0.060827, Epoch time: 0.73 seconds, remaining time: 5.09 minutes
Epoch #579: train loss = 0.206987, val loss = 0.039555, total loss = 0.085218, Epoch time: 0.74 seconds, remaining time: 5.10 minutes
Epoch #580: train loss = 0.215747, val loss = 0.049902, total loss = 0.095133, Epoch time: 0.89 seconds, remaining time: 5.21 minutes
Epoch #581: train loss = 0.181550, val loss = 0.032801, total loss = 0.073369, Epoch time: 0.71 seconds, remaining time: 5.19 minutes
Epoch #582: train loss = 0.128135, val loss = 0.030147, total loss = 0.056871, Epoch time: 0.70 seconds, remaining time: 5.17 minutes
Epoch #583: train loss = 0.149848, val loss = 0.019296, total loss = 0.054901, Epoch time: 0.70 seconds, remaining time: 5.14 minutes
Epoch #584: train loss = 0.143539, val loss = 0.024748, total loss = 0.057145, Epoch time: 0.71 seconds, remaining time: 5.12 minutes
Epoch #585: train loss = 0.254891, val loss = 0.117811, total loss = 0.155196, Epoch time: 0.72 seconds, remaining time: 5.10 minutes
Epoch #586: train loss = 0.274925, val loss = 0.042307, total loss = 0.105748, Epoch time: 0.70 seconds, remaining time: 5.07 minutes
Epoch #587: train loss = 0.362975, val loss = 0.068414, total loss = 0.148748, Epoch time: 0.70 seconds, remaining time: 5.02 minutes
Epoch #588: train loss = 0.219709, val loss = 0.055595, total loss = 0.100353, Epoch time: 0.71 seconds, remaining time: 4.99 minutes
Epoch #589: train loss = 0.271266, val loss = 0.051563, total loss = 0.111482, Epoch time: 0.71 seconds, remaining time: 4.95 minutes
Epoch #590: train loss = 0.251395, val loss = 0.072954, total loss = 0.121620, Epoch time: 0.70 seconds, remaining time: 4.81 minutes
Epoch #591: train loss = 0.243065, val loss = 0.034960, total loss = 0.091716, Epoch time: 0.72 seconds, remaining time: 4.81 minutes
Epoch #592: train loss = 0.208155, val loss = 0.031331, total loss = 0.079556, Epoch time: 0.72 seconds, remaining time: 4.80 minutes
Epoch #593: train loss = 0.199749, val loss = 0.036313, total loss = 0.080887, Epoch time: 0.71 seconds, remaining time: 4.80 minutes
Epoch #594: train loss = 0.229837, val loss = 0.035051, total loss = 0.088174, Epoch time: 0.72 seconds, remaining time: 4.79 minutes
Epoch #595: train loss = 0.156427, val loss = 0.044979, total loss = 0.075374, Epoch time: 0.72 seconds, remaining time: 4.78 minutes
Epoch #596: train loss = 0.276535, val loss = 0.055665, total loss = 0.115902, Epoch time: 0.71 seconds, remaining time: 4.78 minutes
Epoch #597: train loss = 0.185435, val loss = 0.034989, total loss = 0.076019, Epoch time: 0.74 seconds, remaining time: 4.80 minutes
Epoch #598: train loss = 0.258077, val loss = 0.039327, total loss = 0.098986, Epoch time: 0.71 seconds, remaining time: 4.78 minutes
Epoch #599: train loss = 0.242211, val loss = 0.050778, total loss = 0.102987, Epoch time: 0.71 seconds, remaining time: 4.78 minutes
Epoch #600: train loss = 0.125410, val loss = 0.036465, total loss = 0.060723, Epoch time: 0.76 seconds, remaining time: 4.80 minutes
Epoch #601: train loss = 0.255708, val loss = 0.023575, total loss = 0.086884, Epoch time: 0.74 seconds, remaining time: 4.80 minutes
Epoch #602: train loss = 0.206695, val loss = 0.024342, total loss = 0.074075, Epoch time: 0.75 seconds, remaining time: 4.81 minutes
Epoch #603: train loss = 0.252154, val loss = 0.027900, total loss = 0.089060, Epoch time: 0.74 seconds, remaining time: 4.83 minutes
Epoch #604: train loss = 0.119919, val loss = 0.031451, total loss = 0.055578, Epoch time: 0.77 seconds, remaining time: 4.84 minutes
Epoch #605: train loss = 0.189345, val loss = 0.057988, total loss = 0.093812, Epoch time: 0.75 seconds, remaining time: 4.86 minutes
Epoch #606: train loss = 0.189252, val loss = 0.036535, total loss = 0.078185, Epoch time: 0.77 seconds, remaining time: 4.88 minutes
Epoch #607: train loss = 0.191163, val loss = 0.039137, total loss = 0.080599, Epoch time: 0.75 seconds, remaining time: 4.87 minutes
Epoch #608: train loss = 0.109066, val loss = 0.046965, total loss = 0.063901, Epoch time: 0.86 seconds, remaining time: 4.96 minutes
Epoch #609: train loss = 0.121962, val loss = 0.034741, total loss = 0.058528, Epoch time: 0.88 seconds, remaining time: 5.05 minutes
Epoch #610: train loss = 0.124517, val loss = 0.034274, total loss = 0.058886, Epoch time: 0.72 seconds, remaining time: 5.01 minutes
Epoch #611: train loss = 0.227593, val loss = 0.021281, total loss = 0.077548, Epoch time: 0.72 seconds, remaining time: 4.98 minutes
Epoch #612: train loss = 0.257346, val loss = 0.018720, total loss = 0.083799, Epoch time: 0.70 seconds, remaining time: 4.94 minutes
Epoch #613: train loss = 0.143715, val loss = 0.025500, total loss = 0.057741, Epoch time: 0.71 seconds, remaining time: 4.90 minutes
Epoch #614: train loss = 0.136720, val loss = 0.036121, total loss = 0.063557, Epoch time: 0.72 seconds, remaining time: 4.86 minutes
Epoch #615: train loss = 0.249749, val loss = 0.031359, total loss = 0.090920, Epoch time: 0.71 seconds, remaining time: 4.82 minutes
Epoch #616: train loss = 0.234262, val loss = 0.036245, total loss = 0.090250, Epoch time: 0.72 seconds, remaining time: 4.77 minutes
Epoch #617: train loss = 0.267124, val loss = 0.037568, total loss = 0.100174, Epoch time: 0.72 seconds, remaining time: 4.74 minutes
Epoch #618: train loss = 0.188331, val loss = 0.065934, total loss = 0.099315, Epoch time: 0.72 seconds, remaining time: 4.65 minutes
Epoch #619: train loss = 0.183200, val loss = 0.052300, total loss = 0.088000, Epoch time: 0.73 seconds, remaining time: 4.54 minutes
Epoch #620: train loss = 0.194674, val loss = 0.041036, total loss = 0.082937, Epoch time: 0.72 seconds, remaining time: 4.53 minutes
Epoch #621: train loss = 0.201591, val loss = 0.037789, total loss = 0.082463, Epoch time: 0.72 seconds, remaining time: 4.52 minutes
Epoch #622: train loss = 0.263010, val loss = 0.045950, total loss = 0.105148, Epoch time: 0.71 seconds, remaining time: 4.52 minutes
Epoch #623: train loss = 0.211387, val loss = 0.044505, total loss = 0.090019, Epoch time: 0.73 seconds, remaining time: 4.52 minutes
Epoch #624: train loss = 0.256555, val loss = 0.038666, total loss = 0.098090, Epoch time: 0.71 seconds, remaining time: 4.50 minutes
Epoch #625: train loss = 0.259601, val loss = 0.037216, total loss = 0.097867, Epoch time: 0.72 seconds, remaining time: 4.49 minutes
Epoch #626: train loss = 0.216782, val loss = 0.042331, total loss = 0.089909, Epoch time: 0.72 seconds, remaining time: 4.48 minutes
Epoch #627: train loss = 0.306562, val loss = 0.046851, total loss = 0.117682, Epoch time: 0.70 seconds, remaining time: 4.46 minutes
Epoch #628: train loss = 0.258906, val loss = 0.031401, total loss = 0.093448, Epoch time: 0.72 seconds, remaining time: 4.44 minutes
Epoch #629: train loss = 0.230354, val loss = 0.030840, total loss = 0.085253, Epoch time: 0.71 seconds, remaining time: 4.42 minutes
Epoch #630: train loss = 0.134948, val loss = 0.034436, total loss = 0.061849, Epoch time: 0.73 seconds, remaining time: 4.42 minutes
Epoch #631: train loss = 0.191021, val loss = 0.051167, total loss = 0.089309, Epoch time: 0.75 seconds, remaining time: 4.42 minutes
Epoch #632: train loss = 0.235820, val loss = 0.029926, total loss = 0.086079, Epoch time: 0.74 seconds, remaining time: 4.43 minutes
Epoch #633: train loss = 0.189838, val loss = 0.043065, total loss = 0.083094, Epoch time: 0.75 seconds, remaining time: 4.43 minutes
Epoch #634: train loss = 0.149015, val loss = 0.041703, total loss = 0.070970, Epoch time: 0.76 seconds, remaining time: 4.45 minutes
Epoch #635: train loss = 0.115626, val loss = 0.035301, total loss = 0.057208, Epoch time: 0.75 seconds, remaining time: 4.46 minutes
Epoch #636: train loss = 0.087797, val loss = 0.031868, total loss = 0.047121, Epoch time: 0.76 seconds, remaining time: 4.46 minutes
Epoch #637: train loss = 0.337323, val loss = 0.033113, total loss = 0.116079, Epoch time: 0.85 seconds, remaining time: 4.54 minutes
Epoch #638: train loss = 0.422492, val loss = 0.041146, total loss = 0.145149, Epoch time: 0.76 seconds, remaining time: 4.55 minutes
Epoch #639: train loss = 0.391580, val loss = 0.056427, total loss = 0.147832, Epoch time: 0.70 seconds, remaining time: 4.53 minutes
Epoch #640: train loss = 0.435777, val loss = 0.055490, total loss = 0.159205, Epoch time: 0.68 seconds, remaining time: 4.48 minutes
Epoch #641: train loss = 0.258270, val loss = 0.066446, total loss = 0.118762, Epoch time: 0.70 seconds, remaining time: 4.44 minutes
Epoch #642: train loss = 0.166540, val loss = 0.054922, total loss = 0.085363, Epoch time: 0.71 seconds, remaining time: 4.41 minutes
Epoch #643: train loss = 0.148210, val loss = 0.044861, total loss = 0.073047, Epoch time: 0.70 seconds, remaining time: 4.37 minutes
Epoch #644: train loss = 0.199915, val loss = 0.024403, total loss = 0.072270, Epoch time: 0.70 seconds, remaining time: 4.32 minutes
Epoch #645: train loss = 0.183414, val loss = 0.045413, total loss = 0.083050, Epoch time: 0.73 seconds, remaining time: 4.30 minutes
Epoch #646: train loss = 0.113454, val loss = 0.038494, total loss = 0.058937, Epoch time: 0.72 seconds, remaining time: 4.26 minutes
Epoch #647: train loss = 0.446164, val loss = 0.054223, total loss = 0.161116, Epoch time: 0.69 seconds, remaining time: 4.16 minutes
Epoch #648: train loss = 0.338617, val loss = 0.066967, total loss = 0.141053, Epoch time: 0.72 seconds, remaining time: 4.12 minutes
Epoch #649: train loss = 0.253813, val loss = 0.047363, total loss = 0.103668, Epoch time: 0.70 seconds, remaining time: 4.11 minutes
Epoch #650: train loss = 0.301958, val loss = 0.041387, total loss = 0.112452, Epoch time: 0.71 seconds, remaining time: 4.12 minutes
Epoch #651: train loss = 0.198133, val loss = 0.027047, total loss = 0.073707, Epoch time: 0.72 seconds, remaining time: 4.12 minutes
Epoch #652: train loss = 0.188436, val loss = 0.033442, total loss = 0.075713, Epoch time: 0.72 seconds, remaining time: 4.11 minutes
Epoch #653: train loss = 0.229170, val loss = 0.024996, total loss = 0.080680, Epoch time: 0.74 seconds, remaining time: 4.12 minutes
Epoch #654: train loss = 0.169423, val loss = 0.046125, total loss = 0.079751, Epoch time: 0.73 seconds, remaining time: 4.13 minutes
Epoch #655: train loss = 0.389473, val loss = 0.023326, total loss = 0.123185, Epoch time: 0.72 seconds, remaining time: 4.11 minutes
Epoch #656: train loss = 0.177874, val loss = 0.027953, total loss = 0.068841, Epoch time: 0.73 seconds, remaining time: 4.11 minutes
Epoch #657: train loss = 0.289455, val loss = 0.037628, total loss = 0.106308, Epoch time: 0.71 seconds, remaining time: 4.10 minutes
Epoch #658: train loss = 0.125287, val loss = 0.041459, total loss = 0.064321, Epoch time: 0.73 seconds, remaining time: 4.10 minutes
Epoch #659: train loss = 0.235388, val loss = 0.037330, total loss = 0.091346, Epoch time: 0.73 seconds, remaining time: 4.10 minutes
Epoch #660: train loss = 0.183072, val loss = 0.030234, total loss = 0.071917, Epoch time: 0.72 seconds, remaining time: 4.09 minutes
Epoch #661: train loss = 0.171040, val loss = 0.033278, total loss = 0.070850, Epoch time: 0.72 seconds, remaining time: 4.08 minutes
Epoch #662: train loss = 0.261380, val loss = 0.041362, total loss = 0.101367, Epoch time: 0.74 seconds, remaining time: 4.08 minutes
Epoch #663: train loss = 0.331991, val loss = 0.048836, total loss = 0.126060, Epoch time: 0.71 seconds, remaining time: 4.05 minutes
Epoch #664: train loss = 0.331077, val loss = 0.061832, total loss = 0.135263, Epoch time: 0.72 seconds, remaining time: 4.03 minutes
Epoch #665: train loss = 0.240121, val loss = 0.029829, total loss = 0.087182, Epoch time: 0.76 seconds, remaining time: 4.04 minutes
Epoch #666: train loss = 0.195683, val loss = 0.052831, total loss = 0.091791, Epoch time: 0.74 seconds, remaining time: 4.03 minutes
Epoch #667: train loss = 0.303910, val loss = 0.065219, total loss = 0.130317, Epoch time: 0.73 seconds, remaining time: 4.04 minutes
Epoch #668: train loss = 0.169566, val loss = 0.049650, total loss = 0.082354, Epoch time: 0.76 seconds, remaining time: 4.04 minutes
Epoch #669: train loss = 0.217953, val loss = 0.026301, total loss = 0.078570, Epoch time: 0.92 seconds, remaining time: 4.14 minutes
Epoch #670: train loss = 0.217669, val loss = 0.023248, total loss = 0.076272, Epoch time: 0.73 seconds, remaining time: 4.13 minutes
Epoch #671: train loss = 0.225538, val loss = 0.032781, total loss = 0.085351, Epoch time: 0.70 seconds, remaining time: 4.11 minutes
Epoch #672: train loss = 0.132370, val loss = 0.040644, total loss = 0.065660, Epoch time: 0.71 seconds, remaining time: 4.08 minutes
Epoch #673: train loss = 0.225622, val loss = 0.042582, total loss = 0.092502, Epoch time: 0.73 seconds, remaining time: 4.08 minutes
Epoch #674: train loss = 0.261022, val loss = 0.051511, total loss = 0.108651, Epoch time: 0.72 seconds, remaining time: 4.06 minutes
Epoch #675: train loss = 0.140636, val loss = 0.054504, total loss = 0.077994, Epoch time: 0.73 seconds, remaining time: 4.03 minutes
Epoch #676: train loss = 0.292529, val loss = 0.027571, total loss = 0.099832, Epoch time: 0.71 seconds, remaining time: 4.00 minutes
Epoch #677: train loss = 0.213717, val loss = 0.038145, total loss = 0.086028, Epoch time: 0.71 seconds, remaining time: 3.98 minutes
Epoch #678: train loss = 0.250461, val loss = 0.036904, total loss = 0.095147, Epoch time: 0.70 seconds, remaining time: 3.93 minutes
Epoch #679: train loss = 0.203259, val loss = 0.045591, total loss = 0.088591, Epoch time: 0.72 seconds, remaining time: 3.82 minutes
Epoch #680: train loss = 0.194504, val loss = 0.045970, total loss = 0.086480, Epoch time: 0.72 seconds, remaining time: 3.79 minutes
Epoch #681: train loss = 0.280056, val loss = 0.047217, total loss = 0.110719, Epoch time: 0.72 seconds, remaining time: 3.79 minutes
Epoch #682: train loss = 0.213514, val loss = 0.052911, total loss = 0.096712, Epoch time: 0.74 seconds, remaining time: 3.79 minutes
Epoch #683: train loss = 0.327856, val loss = 0.054258, total loss = 0.128876, Epoch time: 0.71 seconds, remaining time: 3.77 minutes
Epoch #684: train loss = 0.230792, val loss = 0.062167, total loss = 0.108155, Epoch time: 0.73 seconds, remaining time: 3.77 minutes
Epoch #685: train loss = 0.158318, val loss = 0.057091, total loss = 0.084699, Epoch time: 0.74 seconds, remaining time: 3.76 minutes
Epoch #686: train loss = 0.245066, val loss = 0.045587, total loss = 0.099991, Epoch time: 0.72 seconds, remaining time: 3.76 minutes
Epoch #687: train loss = 0.148463, val loss = 0.051441, total loss = 0.077901, Epoch time: 0.74 seconds, remaining time: 3.76 minutes
Epoch #688: train loss = 0.222176, val loss = 0.057115, total loss = 0.102131, Epoch time: 0.73 seconds, remaining time: 3.76 minutes
Epoch #689: train loss = 0.205259, val loss = 0.059842, total loss = 0.099501, Epoch time: 0.73 seconds, remaining time: 3.76 minutes
Epoch #690: train loss = 0.140002, val loss = 0.039065, total loss = 0.066593, Epoch time: 0.75 seconds, remaining time: 3.76 minutes
Epoch #691: train loss = 0.163225, val loss = 0.049521, total loss = 0.080531, Epoch time: 0.74 seconds, remaining time: 3.76 minutes
Epoch #692: train loss = 0.183408, val loss = 0.036386, total loss = 0.076483, Epoch time: 0.73 seconds, remaining time: 3.74 minutes
Epoch #693: train loss = 0.157157, val loss = 0.040852, total loss = 0.072571, Epoch time: 0.77 seconds, remaining time: 3.76 minutes
Epoch #694: train loss = 0.145960, val loss = 0.026871, total loss = 0.059350, Epoch time: 0.75 seconds, remaining time: 3.76 minutes
Epoch #695: train loss = 0.170791, val loss = 0.038353, total loss = 0.074473, Epoch time: 0.73 seconds, remaining time: 3.74 minutes
Epoch #696: train loss = 0.230134, val loss = 0.038322, total loss = 0.090634, Epoch time: 0.74 seconds, remaining time: 3.74 minutes
Epoch #697: train loss = 0.173132, val loss = 0.044538, total loss = 0.079609, Epoch time: 0.79 seconds, remaining time: 3.75 minutes
Epoch #698: train loss = 0.185761, val loss = 0.035491, total loss = 0.076474, Epoch time: 0.90 seconds, remaining time: 3.82 minutes
Epoch #699: train loss = 0.142943, val loss = 0.031226, total loss = 0.061694, Epoch time: 0.88 seconds, remaining time: 3.89 minutes
Epoch #700: train loss = 0.139701, val loss = 0.035346, total loss = 0.063807, Epoch time: 0.70 seconds, remaining time: 3.85 minutes
Epoch #701: train loss = 0.133339, val loss = 0.026541, total loss = 0.055668, Epoch time: 0.71 seconds, remaining time: 3.82 minutes
Epoch #702: train loss = 0.190281, val loss = 0.035127, total loss = 0.077442, Epoch time: 0.69 seconds, remaining time: 3.79 minutes
Epoch #703: train loss = 0.068007, val loss = 0.033762, total loss = 0.043102, Epoch time: 0.73 seconds, remaining time: 3.76 minutes
Epoch #704: train loss = 0.194245, val loss = 0.038308, total loss = 0.080837, Epoch time: 0.71 seconds, remaining time: 3.73 minutes
Epoch #705: train loss = 0.142177, val loss = 0.023124, total loss = 0.055593, Epoch time: 0.71 seconds, remaining time: 3.70 minutes
Epoch #706: train loss = 0.417215, val loss = 0.035681, total loss = 0.139736, Epoch time: 0.69 seconds, remaining time: 3.67 minutes
Epoch #707: train loss = 0.282149, val loss = 0.040943, total loss = 0.106726, Epoch time: 0.71 seconds, remaining time: 3.62 minutes
Epoch #708: train loss = 0.105011, val loss = 0.035896, total loss = 0.054746, Epoch time: 0.73 seconds, remaining time: 3.52 minutes
Epoch #709: train loss = 0.161610, val loss = 0.041673, total loss = 0.074383, Epoch time: 0.71 seconds, remaining time: 3.43 minutes
Epoch #710: train loss = 0.265900, val loss = 0.022950, total loss = 0.089209, Epoch time: 0.71 seconds, remaining time: 3.42 minutes
Epoch #711: train loss = 0.244340, val loss = 0.049923, total loss = 0.102946, Epoch time: 0.71 seconds, remaining time: 3.41 minutes
Epoch #712: train loss = 0.224237, val loss = 0.033867, total loss = 0.085787, Epoch time: 0.72 seconds, remaining time: 3.41 minutes
Epoch #713: train loss = 0.199748, val loss = 0.033488, total loss = 0.078832, Epoch time: 0.73 seconds, remaining time: 3.40 minutes
Epoch #714: train loss = 0.159553, val loss = 0.038108, total loss = 0.071229, Epoch time: 0.74 seconds, remaining time: 3.41 minutes
Epoch #715: train loss = 0.121585, val loss = 0.031285, total loss = 0.055912, Epoch time: 0.76 seconds, remaining time: 3.41 minutes
Epoch #716: train loss = 0.305398, val loss = 0.057878, total loss = 0.125383, Epoch time: 0.72 seconds, remaining time: 3.42 minutes
Epoch #717: train loss = 0.331012, val loss = 0.041403, total loss = 0.120387, Epoch time: 0.71 seconds, remaining time: 3.40 minutes
Epoch #718: train loss = 0.190931, val loss = 0.040752, total loss = 0.081710, Epoch time: 0.74 seconds, remaining time: 3.39 minutes
Epoch #719: train loss = 0.147425, val loss = 0.040029, total loss = 0.069319, Epoch time: 0.74 seconds, remaining time: 3.39 minutes
Epoch #720: train loss = 0.359666, val loss = 0.051787, total loss = 0.135754, Epoch time: 0.72 seconds, remaining time: 3.38 minutes
Epoch #721: train loss = 0.102343, val loss = 0.041814, total loss = 0.058322, Epoch time: 0.76 seconds, remaining time: 3.39 minutes
Epoch #722: train loss = 0.201625, val loss = 0.033577, total loss = 0.079408, Epoch time: 0.74 seconds, remaining time: 3.39 minutes
Epoch #723: train loss = 0.075507, val loss = 0.040996, total loss = 0.050408, Epoch time: 0.75 seconds, remaining time: 3.39 minutes
Epoch #724: train loss = 0.219315, val loss = 0.035009, total loss = 0.085274, Epoch time: 0.74 seconds, remaining time: 3.38 minutes
Epoch #725: train loss = 0.324187, val loss = 0.042326, total loss = 0.119197, Epoch time: 0.73 seconds, remaining time: 3.36 minutes
Epoch #726: train loss = 0.296977, val loss = 0.084877, total loss = 0.142723, Epoch time: 0.74 seconds, remaining time: 3.35 minutes
Epoch #727: train loss = 0.154757, val loss = 0.053431, total loss = 0.081066, Epoch time: 0.75 seconds, remaining time: 3.36 minutes
Epoch #728: train loss = 0.248901, val loss = 0.038668, total loss = 0.096004, Epoch time: 0.76 seconds, remaining time: 3.36 minutes
Epoch #729: train loss = 0.268639, val loss = 0.066726, total loss = 0.121793, Epoch time: 0.91 seconds, remaining time: 3.42 minutes
Epoch #730: train loss = 0.204743, val loss = 0.044061, total loss = 0.087883, Epoch time: 0.71 seconds, remaining time: 3.41 minutes
Epoch #731: train loss = 0.258111, val loss = 0.046607, total loss = 0.104290, Epoch time: 0.71 seconds, remaining time: 3.37 minutes
Epoch #732: train loss = 0.196611, val loss = 0.040952, total loss = 0.083404, Epoch time: 0.72 seconds, remaining time: 3.35 minutes
Epoch #733: train loss = 0.115145, val loss = 0.040731, total loss = 0.061026, Epoch time: 0.72 seconds, remaining time: 3.32 minutes
Epoch #734: train loss = 0.203248, val loss = 0.046524, total loss = 0.089267, Epoch time: 0.72 seconds, remaining time: 3.30 minutes
Epoch #735: train loss = 0.195526, val loss = 0.061360, total loss = 0.097951, Epoch time: 0.72 seconds, remaining time: 3.28 minutes
Epoch #736: train loss = 0.146051, val loss = 0.044261, total loss = 0.072022, Epoch time: 0.73 seconds, remaining time: 3.27 minutes
Epoch #737: train loss = 0.178635, val loss = 0.032114, total loss = 0.072074, Epoch time: 0.72 seconds, remaining time: 3.24 minutes
Epoch #738: train loss = 0.116156, val loss = 0.046908, total loss = 0.065793, Epoch time: 0.74 seconds, remaining time: 3.22 minutes
Epoch #739: train loss = 0.136381, val loss = 0.036707, total loss = 0.063891, Epoch time: 0.74 seconds, remaining time: 3.13 minutes
Epoch #740: train loss = 0.109344, val loss = 0.032157, total loss = 0.053208, Epoch time: 0.75 seconds, remaining time: 3.14 minutes
Epoch #741: train loss = 0.253207, val loss = 0.034706, total loss = 0.094297, Epoch time: 0.73 seconds, remaining time: 3.13 minutes
Epoch #742: train loss = 0.136964, val loss = 0.050020, total loss = 0.073732, Epoch time: 0.74 seconds, remaining time: 3.13 minutes
Epoch #743: train loss = 0.270622, val loss = 0.031400, total loss = 0.096642, Epoch time: 0.73 seconds, remaining time: 3.12 minutes
Epoch #744: train loss = 0.185181, val loss = 0.043258, total loss = 0.081964, Epoch time: 0.72 seconds, remaining time: 3.11 minutes
Epoch #745: train loss = 0.268862, val loss = 0.048006, total loss = 0.108240, Epoch time: 0.72 seconds, remaining time: 3.10 minutes
Epoch #746: train loss = 0.155058, val loss = 0.044852, total loss = 0.074908, Epoch time: 0.75 seconds, remaining time: 3.09 minutes
Epoch #747: train loss = 0.251812, val loss = 0.055117, total loss = 0.108762, Epoch time: 0.73 seconds, remaining time: 3.08 minutes
Epoch #748: train loss = 0.356777, val loss = 0.102667, total loss = 0.171970, Epoch time: 0.73 seconds, remaining time: 3.06 minutes
Epoch #749: train loss = 0.191981, val loss = 0.061072, total loss = 0.096775, Epoch time: 0.75 seconds, remaining time: 3.06 minutes
Epoch #750: train loss = 0.265506, val loss = 0.044794, total loss = 0.104988, Epoch time: 0.74 seconds, remaining time: 3.04 minutes
Epoch #751: train loss = 0.211072, val loss = 0.027450, total loss = 0.077529, Epoch time: 0.74 seconds, remaining time: 3.03 minutes
Epoch #752: train loss = 0.274759, val loss = 0.048722, total loss = 0.110369, Epoch time: 0.75 seconds, remaining time: 3.03 minutes
Epoch #753: train loss = 0.165517, val loss = 0.037712, total loss = 0.072568, Epoch time: 0.74 seconds, remaining time: 3.02 minutes
Epoch #754: train loss = 0.181864, val loss = 0.031931, total loss = 0.072822, Epoch time: 0.74 seconds, remaining time: 3.01 minutes
Epoch #755: train loss = 0.216341, val loss = 0.028250, total loss = 0.079547, Epoch time: 0.74 seconds, remaining time: 3.01 minutes
Epoch #756: train loss = 0.257925, val loss = 0.047556, total loss = 0.104929, Epoch time: 0.72 seconds, remaining time: 2.99 minutes
Epoch #757: train loss = 0.170562, val loss = 0.040340, total loss = 0.075855, Epoch time: 0.76 seconds, remaining time: 2.99 minutes
Epoch #758: train loss = 0.175833, val loss = 0.030805, total loss = 0.070358, Epoch time: 0.81 seconds, remaining time: 3.01 minutes
Epoch #759: train loss = 0.305217, val loss = 0.051328, total loss = 0.120570, Epoch time: 0.87 seconds, remaining time: 3.04 minutes
Epoch #760: train loss = 0.238649, val loss = 0.049076, total loss = 0.100778, Epoch time: 0.71 seconds, remaining time: 3.02 minutes
Epoch #761: train loss = 0.240948, val loss = 0.032342, total loss = 0.089234, Epoch time: 0.70 seconds, remaining time: 2.99 minutes
Epoch #762: train loss = 0.360661, val loss = 0.060752, total loss = 0.142545, Epoch time: 0.69 seconds, remaining time: 2.95 minutes
Epoch #763: train loss = 0.202850, val loss = 0.049898, total loss = 0.091612, Epoch time: 0.72 seconds, remaining time: 2.93 minutes
Epoch #764: train loss = 0.246694, val loss = 0.036046, total loss = 0.093495, Epoch time: 0.70 seconds, remaining time: 2.91 minutes
Epoch #765: train loss = 0.235484, val loss = 0.036261, total loss = 0.090595, Epoch time: 0.71 seconds, remaining time: 2.88 minutes
Epoch #766: train loss = 0.140519, val loss = 0.048769, total loss = 0.073792, Epoch time: 0.75 seconds, remaining time: 2.88 minutes
Epoch #767: train loss = 0.281113, val loss = 0.039603, total loss = 0.105470, Epoch time: 0.71 seconds, remaining time: 2.85 minutes
Epoch #768: train loss = 0.171609, val loss = 0.035783, total loss = 0.072827, Epoch time: 0.72 seconds, remaining time: 2.81 minutes
Epoch #769: train loss = 0.269972, val loss = 0.034797, total loss = 0.098936, Epoch time: 0.71 seconds, remaining time: 2.73 minutes
Epoch #770: train loss = 0.201252, val loss = 0.042424, total loss = 0.085741, Epoch time: 0.72 seconds, remaining time: 2.73 minutes
Epoch #771: train loss = 0.140726, val loss = 0.036100, total loss = 0.064635, Epoch time: 0.72 seconds, remaining time: 2.72 minutes
Epoch #772: train loss = 0.191558, val loss = 0.035089, total loss = 0.077763, Epoch time: 0.73 seconds, remaining time: 2.72 minutes
Epoch #773: train loss = 0.235359, val loss = 0.039466, total loss = 0.092892, Epoch time: 0.70 seconds, remaining time: 2.71 minutes
Epoch #774: train loss = 0.268131, val loss = 0.036803, total loss = 0.099892, Epoch time: 0.72 seconds, remaining time: 2.70 minutes
Epoch #775: train loss = 0.219553, val loss = 0.036150, total loss = 0.086169, Epoch time: 0.72 seconds, remaining time: 2.69 minutes
Epoch #776: train loss = 0.249787, val loss = 0.023682, total loss = 0.085347, Epoch time: 0.71 seconds, remaining time: 2.66 minutes
Epoch #777: train loss = 0.247517, val loss = 0.016753, total loss = 0.079689, Epoch time: 0.75 seconds, remaining time: 2.66 minutes
Epoch #778: train loss = 0.184146, val loss = 0.016057, total loss = 0.061900, Epoch time: 0.75 seconds, remaining time: 2.66 minutes
Epoch #779: train loss = 0.203369, val loss = 0.027847, total loss = 0.075717, Epoch time: 0.73 seconds, remaining time: 2.65 minutes
Epoch #780: train loss = 0.106972, val loss = 0.035728, total loss = 0.055158, Epoch time: 0.76 seconds, remaining time: 2.65 minutes
Epoch #781: train loss = 0.243095, val loss = 0.035354, total loss = 0.092010, Epoch time: 0.72 seconds, remaining time: 2.64 minutes
Epoch #782: train loss = 0.146861, val loss = 0.038581, total loss = 0.068112, Epoch time: 0.74 seconds, remaining time: 2.63 minutes
Epoch #783: train loss = 0.148304, val loss = 0.031639, total loss = 0.063456, Epoch time: 0.76 seconds, remaining time: 2.64 minutes
Epoch #784: train loss = 0.283006, val loss = 0.033719, total loss = 0.101707, Epoch time: 0.73 seconds, remaining time: 2.63 minutes
Epoch #785: train loss = 0.220930, val loss = 0.037486, total loss = 0.087516, Epoch time: 0.74 seconds, remaining time: 2.63 minutes
Epoch #786: train loss = 0.194532, val loss = 0.032872, total loss = 0.076961, Epoch time: 0.76 seconds, remaining time: 2.63 minutes
Epoch #787: train loss = 0.219155, val loss = 0.044449, total loss = 0.092096, Epoch time: 0.74 seconds, remaining time: 2.62 minutes
Epoch #788: train loss = 0.184736, val loss = 0.063070, total loss = 0.096252, Epoch time: 0.80 seconds, remaining time: 2.62 minutes
Epoch #789: train loss = 0.164121, val loss = 0.058392, total loss = 0.087227, Epoch time: 0.92 seconds, remaining time: 2.68 minutes
Epoch #790: train loss = 0.171229, val loss = 0.053825, total loss = 0.085844, Epoch time: 0.90 seconds, remaining time: 2.72 minutes
Epoch #791: train loss = 0.152184, val loss = 0.032576, total loss = 0.065196, Epoch time: 0.72 seconds, remaining time: 2.70 minutes
Epoch #792: train loss = 0.085810, val loss = 0.025765, total loss = 0.042141, Epoch time: 0.72 seconds, remaining time: 2.68 minutes
Epoch #793: train loss = 0.170294, val loss = 0.032483, total loss = 0.070068, Epoch time: 0.70 seconds, remaining time: 2.65 minutes
Epoch #794: train loss = 0.135515, val loss = 0.037636, total loss = 0.064330, Epoch time: 0.72 seconds, remaining time: 2.64 minutes
Epoch #795: train loss = 0.172338, val loss = 0.038220, total loss = 0.074798, Epoch time: 0.71 seconds, remaining time: 2.61 minutes
Epoch #796: train loss = 0.155886, val loss = 0.023939, total loss = 0.059925, Epoch time: 0.71 seconds, remaining time: 2.58 minutes
Epoch #797: train loss = 0.088588, val loss = 0.028210, total loss = 0.044677, Epoch time: 0.74 seconds, remaining time: 2.57 minutes
Epoch #798: train loss = 0.198669, val loss = 0.042800, total loss = 0.085310, Epoch time: 0.72 seconds, remaining time: 2.53 minutes
Epoch #799: train loss = 0.205926, val loss = 0.051851, total loss = 0.093872, Epoch time: 0.72 seconds, remaining time: 2.45 minutes
Epoch #800: train loss = 0.216294, val loss = 0.046295, total loss = 0.092658, Epoch time: 0.74 seconds, remaining time: 2.39 minutes
Epoch #801: train loss = 0.144101, val loss = 0.030134, total loss = 0.061216, Epoch time: 0.74 seconds, remaining time: 2.38 minutes
Epoch #802: train loss = 0.245621, val loss = 0.055690, total loss = 0.107489, Epoch time: 0.73 seconds, remaining time: 2.37 minutes
Epoch #803: train loss = 0.313609, val loss = 0.046181, total loss = 0.119116, Epoch time: 0.73 seconds, remaining time: 2.37 minutes
Epoch #804: train loss = 0.265681, val loss = 0.038448, total loss = 0.100420, Epoch time: 0.72 seconds, remaining time: 2.36 minutes
Epoch #805: train loss = 0.237496, val loss = 0.032431, total loss = 0.088358, Epoch time: 0.73 seconds, remaining time: 2.35 minutes
Epoch #806: train loss = 0.392718, val loss = 0.047689, total loss = 0.141788, Epoch time: 0.71 seconds, remaining time: 2.34 minutes
Epoch #807: train loss = 0.204631, val loss = 0.038644, total loss = 0.083913, Epoch time: 0.73 seconds, remaining time: 2.33 minutes
Epoch #808: train loss = 0.206706, val loss = 0.024841, total loss = 0.074441, Epoch time: 0.74 seconds, remaining time: 2.32 minutes
Epoch #809: train loss = 0.173608, val loss = 0.038922, total loss = 0.075655, Epoch time: 0.74 seconds, remaining time: 2.31 minutes
Epoch #810: train loss = 0.215112, val loss = 0.042850, total loss = 0.089831, Epoch time: 0.74 seconds, remaining time: 2.30 minutes
Epoch #811: train loss = 0.161540, val loss = 0.050258, total loss = 0.080607, Epoch time: 0.77 seconds, remaining time: 2.30 minutes
Epoch #812: train loss = 0.202143, val loss = 0.034853, total loss = 0.080477, Epoch time: 0.75 seconds, remaining time: 2.29 minutes
Epoch #813: train loss = 0.171356, val loss = 0.023728, total loss = 0.063990, Epoch time: 0.77 seconds, remaining time: 2.29 minutes
Epoch #814: train loss = 0.197592, val loss = 0.028541, total loss = 0.074646, Epoch time: 0.77 seconds, remaining time: 2.30 minutes
Epoch #815: train loss = 0.124517, val loss = 0.027485, total loss = 0.053948, Epoch time: 0.77 seconds, remaining time: 2.29 minutes
Epoch #816: train loss = 0.246385, val loss = 0.019623, total loss = 0.081468, Epoch time: 0.77 seconds, remaining time: 2.30 minutes
Epoch #817: train loss = 0.162823, val loss = 0.023736, total loss = 0.061669, Epoch time: 0.76 seconds, remaining time: 2.30 minutes
Epoch #818: train loss = 0.222281, val loss = 0.027710, total loss = 0.080775, Epoch time: 0.76 seconds, remaining time: 2.29 minutes
Epoch #819: train loss = 0.206096, val loss = 0.037859, total loss = 0.083742, Epoch time: 0.78 seconds, remaining time: 2.29 minutes
Epoch #820: train loss = 0.258746, val loss = 0.040658, total loss = 0.100137, Epoch time: 0.80 seconds, remaining time: 2.30 minutes
Epoch #821: train loss = 0.154413, val loss = 0.036840, total loss = 0.068905, Epoch time: 0.90 seconds, remaining time: 2.32 minutes
Epoch #822: train loss = 0.152278, val loss = 0.034040, total loss = 0.066286, Epoch time: 0.73 seconds, remaining time: 2.30 minutes
Epoch #823: train loss = 0.112770, val loss = 0.030291, total loss = 0.052786, Epoch time: 0.73 seconds, remaining time: 2.28 minutes
Epoch #824: train loss = 0.298261, val loss = 0.019681, total loss = 0.095657, Epoch time: 0.72 seconds, remaining time: 2.25 minutes
Epoch #825: train loss = 0.425502, val loss = 0.032551, total loss = 0.139719, Epoch time: 0.72 seconds, remaining time: 2.22 minutes
Epoch #826: train loss = 0.297178, val loss = 0.035217, total loss = 0.106661, Epoch time: 0.72 seconds, remaining time: 2.19 minutes
Epoch #827: train loss = 0.380903, val loss = 0.082526, total loss = 0.163902, Epoch time: 0.73 seconds, remaining time: 2.17 minutes
Epoch #828: train loss = 0.487695, val loss = 0.038088, total loss = 0.160708, Epoch time: 0.72 seconds, remaining time: 2.15 minutes
Epoch #829: train loss = 0.292139, val loss = 0.048418, total loss = 0.114888, Epoch time: 0.74 seconds, remaining time: 2.13 minutes
Epoch #830: train loss = 0.276190, val loss = 0.032439, total loss = 0.098916, Epoch time: 0.75 seconds, remaining time: 2.10 minutes
Epoch #831: train loss = 0.162735, val loss = 0.030230, total loss = 0.066368, Epoch time: 0.75 seconds, remaining time: 2.05 minutes
Epoch #832: train loss = 0.292376, val loss = 0.053784, total loss = 0.118854, Epoch time: 0.72 seconds, remaining time: 2.03 minutes
Epoch #833: train loss = 0.277962, val loss = 0.045761, total loss = 0.109089, Epoch time: 0.73 seconds, remaining time: 2.02 minutes
Epoch #834: train loss = 0.226501, val loss = 0.035201, total loss = 0.087374, Epoch time: 0.73 seconds, remaining time: 2.01 minutes
Epoch #835: train loss = 0.261719, val loss = 0.016115, total loss = 0.083098, Epoch time: 0.73 seconds, remaining time: 2.00 minutes
Epoch #836: train loss = 0.131300, val loss = 0.016092, total loss = 0.047512, Epoch time: 0.76 seconds, remaining time: 2.00 minutes
Epoch #837: train loss = 0.110695, val loss = 0.028456, total loss = 0.050885, Epoch time: 0.74 seconds, remaining time: 1.99 minutes
Epoch #838: train loss = 0.179651, val loss = 0.020903, total loss = 0.064198, Epoch time: 0.73 seconds, remaining time: 1.98 minutes
Epoch #839: train loss = 0.150699, val loss = 0.025927, total loss = 0.059956, Epoch time: 0.73 seconds, remaining time: 1.97 minutes
Epoch #840: train loss = 0.157992, val loss = 0.034730, total loss = 0.068347, Epoch time: 0.73 seconds, remaining time: 1.95 minutes
Epoch #841: train loss = 0.260030, val loss = 0.034524, total loss = 0.096026, Epoch time: 0.75 seconds, remaining time: 1.94 minutes
Epoch #842: train loss = 0.107960, val loss = 0.033253, total loss = 0.053627, Epoch time: 0.75 seconds, remaining time: 1.93 minutes
Epoch #843: train loss = 0.173830, val loss = 0.031481, total loss = 0.070303, Epoch time: 0.74 seconds, remaining time: 1.92 minutes
Epoch #844: train loss = 0.302071, val loss = 0.034380, total loss = 0.107387, Epoch time: 0.74 seconds, remaining time: 1.91 minutes
Epoch #845: train loss = 0.210800, val loss = 0.034693, total loss = 0.082722, Epoch time: 0.74 seconds, remaining time: 1.90 minutes
Epoch #846: train loss = 0.182375, val loss = 0.035624, total loss = 0.075647, Epoch time: 0.75 seconds, remaining time: 1.89 minutes
Epoch #847: train loss = 0.294992, val loss = 0.018642, total loss = 0.094010, Epoch time: 0.76 seconds, remaining time: 1.88 minutes
Epoch #848: train loss = 0.281932, val loss = 0.035161, total loss = 0.102462, Epoch time: 0.73 seconds, remaining time: 1.87 minutes
Epoch #849: train loss = 0.121800, val loss = 0.033583, total loss = 0.057642, Epoch time: 0.93 seconds, remaining time: 1.91 minutes
Epoch #850: train loss = 0.255759, val loss = 0.042829, total loss = 0.100901, Epoch time: 0.91 seconds, remaining time: 1.94 minutes
Epoch #851: train loss = 0.193408, val loss = 0.047275, total loss = 0.087130, Epoch time: 0.75 seconds, remaining time: 1.92 minutes
Epoch #852: train loss = 0.200362, val loss = 0.042502, total loss = 0.085554, Epoch time: 0.72 seconds, remaining time: 1.90 minutes
Epoch #853: train loss = 0.170748, val loss = 0.035723, total loss = 0.072548, Epoch time: 0.72 seconds, remaining time: 1.88 minutes
Epoch #854: train loss = 0.142949, val loss = 0.025164, total loss = 0.057287, Epoch time: 0.72 seconds, remaining time: 1.87 minutes
Epoch #855: train loss = 0.136305, val loss = 0.029443, total loss = 0.058587, Epoch time: 0.73 seconds, remaining time: 1.85 minutes
Epoch #856: train loss = 0.112998, val loss = 0.034420, total loss = 0.055850, Epoch time: 0.72 seconds, remaining time: 1.83 minutes
Epoch #857: train loss = 0.188549, val loss = 0.045731, total loss = 0.084682, Epoch time: 0.71 seconds, remaining time: 1.81 minutes
Epoch #858: train loss = 0.257769, val loss = 0.037662, total loss = 0.097691, Epoch time: 0.71 seconds, remaining time: 1.79 minutes
Epoch #859: train loss = 0.200029, val loss = 0.023104, total loss = 0.071356, Epoch time: 0.71 seconds, remaining time: 1.72 minutes
Epoch #860: train loss = 0.194002, val loss = 0.029653, total loss = 0.074476, Epoch time: 0.72 seconds, remaining time: 1.67 minutes
Epoch #861: train loss = 0.135570, val loss = 0.025787, total loss = 0.055728, Epoch time: 0.73 seconds, remaining time: 1.65 minutes
Epoch #862: train loss = 0.184237, val loss = 0.025449, total loss = 0.068755, Epoch time: 0.74 seconds, remaining time: 1.65 minutes
Epoch #863: train loss = 0.259445, val loss = 0.022967, total loss = 0.087461, Epoch time: 0.74 seconds, remaining time: 1.64 minutes
Epoch #864: train loss = 0.230243, val loss = 0.033005, total loss = 0.086797, Epoch time: 0.72 seconds, remaining time: 1.63 minutes
Epoch #865: train loss = 0.142483, val loss = 0.040289, total loss = 0.068160, Epoch time: 0.73 seconds, remaining time: 1.62 minutes
Epoch #866: train loss = 0.313769, val loss = 0.033175, total loss = 0.109701, Epoch time: 0.72 seconds, remaining time: 1.61 minutes
Epoch #867: train loss = 0.149726, val loss = 0.033576, total loss = 0.065253, Epoch time: 0.74 seconds, remaining time: 1.60 minutes
Epoch #868: train loss = 0.285111, val loss = 0.030314, total loss = 0.099804, Epoch time: 0.72 seconds, remaining time: 1.59 minutes
Epoch #869: train loss = 0.194390, val loss = 0.025738, total loss = 0.071734, Epoch time: 0.73 seconds, remaining time: 1.58 minutes
Epoch #870: train loss = 0.240479, val loss = 0.023759, total loss = 0.082864, Epoch time: 0.70 seconds, remaining time: 1.56 minutes
Epoch #871: train loss = 0.154849, val loss = 0.021175, total loss = 0.057632, Epoch time: 0.71 seconds, remaining time: 1.55 minutes
Epoch #872: train loss = 0.212756, val loss = 0.024436, total loss = 0.075796, Epoch time: 0.73 seconds, remaining time: 1.53 minutes
Epoch #873: train loss = 0.180936, val loss = 0.024704, total loss = 0.067313, Epoch time: 0.72 seconds, remaining time: 1.52 minutes
Epoch #874: train loss = 0.180191, val loss = 0.027031, total loss = 0.068802, Epoch time: 0.72 seconds, remaining time: 1.51 minutes
Epoch #875: train loss = 0.225162, val loss = 0.029590, total loss = 0.082928, Epoch time: 0.74 seconds, remaining time: 1.50 minutes
Epoch #876: train loss = 0.294065, val loss = 0.032939, total loss = 0.104155, Epoch time: 0.71 seconds, remaining time: 1.48 minutes
Epoch #877: train loss = 0.258654, val loss = 0.027738, total loss = 0.090715, Epoch time: 0.72 seconds, remaining time: 1.47 minutes
Epoch #878: train loss = 0.116066, val loss = 0.031355, total loss = 0.054458, Epoch time: 0.79 seconds, remaining time: 1.47 minutes
Epoch #879: train loss = 0.215004, val loss = 0.023267, total loss = 0.075559, Epoch time: 0.89 seconds, remaining time: 1.49 minutes
Epoch #880: train loss = 0.290482, val loss = 0.017102, total loss = 0.091660, Epoch time: 0.70 seconds, remaining time: 1.48 minutes
Epoch #881: train loss = 0.264304, val loss = 0.039332, total loss = 0.100688, Epoch time: 0.69 seconds, remaining time: 1.46 minutes
Epoch #882: train loss = 0.242466, val loss = 0.040779, total loss = 0.095785, Epoch time: 0.69 seconds, remaining time: 1.44 minutes
Epoch #883: train loss = 0.242452, val loss = 0.026166, total loss = 0.085153, Epoch time: 0.71 seconds, remaining time: 1.42 minutes
Epoch #884: train loss = 0.293039, val loss = 0.030805, total loss = 0.102323, Epoch time: 0.71 seconds, remaining time: 1.41 minutes
Epoch #885: train loss = 0.203988, val loss = 0.033717, total loss = 0.080155, Epoch time: 0.72 seconds, remaining time: 1.39 minutes
Epoch #886: train loss = 0.160506, val loss = 0.029381, total loss = 0.065143, Epoch time: 0.73 seconds, remaining time: 1.39 minutes
Epoch #887: train loss = 0.239619, val loss = 0.029099, total loss = 0.086513, Epoch time: 0.71 seconds, remaining time: 1.37 minutes
Epoch #888: train loss = 0.155092, val loss = 0.030779, total loss = 0.064682, Epoch time: 0.73 seconds, remaining time: 1.35 minutes
Epoch #889: train loss = 0.115203, val loss = 0.041648, total loss = 0.061708, Epoch time: 0.74 seconds, remaining time: 1.31 minutes
Epoch #890: train loss = 0.071615, val loss = 0.033113, total loss = 0.043614, Epoch time: 0.73 seconds, remaining time: 1.30 minutes
Epoch #891: train loss = 0.196214, val loss = 0.027629, total loss = 0.073606, Epoch time: 0.74 seconds, remaining time: 1.30 minutes
Epoch #892: train loss = 0.285748, val loss = 0.020583, total loss = 0.092901, Epoch time: 0.73 seconds, remaining time: 1.29 minutes
Epoch #893: train loss = 0.159234, val loss = 0.025615, total loss = 0.062057, Epoch time: 0.73 seconds, remaining time: 1.28 minutes
Epoch #894: train loss = 0.195123, val loss = 0.026344, total loss = 0.072375, Epoch time: 0.72 seconds, remaining time: 1.27 minutes
Epoch #895: train loss = 0.203970, val loss = 0.022528, total loss = 0.072012, Epoch time: 0.72 seconds, remaining time: 1.26 minutes
Epoch #896: train loss = 0.299953, val loss = 0.030061, total loss = 0.103668, Epoch time: 0.70 seconds, remaining time: 1.24 minutes
Epoch #897: train loss = 0.155190, val loss = 0.041535, total loss = 0.072532, Epoch time: 0.74 seconds, remaining time: 1.24 minutes
Epoch #898: train loss = 0.127548, val loss = 0.026180, total loss = 0.053826, Epoch time: 0.74 seconds, remaining time: 1.23 minutes
Epoch #899: train loss = 0.150260, val loss = 0.032500, total loss = 0.064616, Epoch time: 0.74 seconds, remaining time: 1.22 minutes
Epoch #900: train loss = 0.202588, val loss = 0.030186, total loss = 0.077205, Epoch time: 0.75 seconds, remaining time: 1.21 minutes
Epoch #901: train loss = 0.082839, val loss = 0.021755, total loss = 0.038414, Epoch time: 0.77 seconds, remaining time: 1.20 minutes
Epoch #902: train loss = 0.230194, val loss = 0.037647, total loss = 0.090159, Epoch time: 0.75 seconds, remaining time: 1.19 minutes
Epoch #903: train loss = 0.162156, val loss = 0.017424, total loss = 0.056896, Epoch time: 0.77 seconds, remaining time: 1.18 minutes
Epoch #904: train loss = 0.239804, val loss = 0.033900, total loss = 0.090055, Epoch time: 0.74 seconds, remaining time: 1.17 minutes
Epoch #905: train loss = 0.118171, val loss = 0.036510, total loss = 0.058781, Epoch time: 0.76 seconds, remaining time: 1.17 minutes
Epoch #906: train loss = 0.191609, val loss = 0.025916, total loss = 0.071105, Epoch time: 0.80 seconds, remaining time: 1.17 minutes
Epoch #907: train loss = 0.116027, val loss = 0.025695, total loss = 0.050331, Epoch time: 0.88 seconds, remaining time: 1.18 minutes
Epoch #908: train loss = 0.330141, val loss = 0.037276, total loss = 0.117148, Epoch time: 0.78 seconds, remaining time: 1.18 minutes
Epoch #909: train loss = 0.235225, val loss = 0.023300, total loss = 0.081098, Epoch time: 0.71 seconds, remaining time: 1.16 minutes
Epoch #910: train loss = 0.192082, val loss = 0.021050, total loss = 0.067695, Epoch time: 0.71 seconds, remaining time: 1.14 minutes
Epoch #911: train loss = 0.301672, val loss = 0.024367, total loss = 0.099995, Epoch time: 0.71 seconds, remaining time: 1.12 minutes
Epoch #912: train loss = 0.313062, val loss = 0.025934, total loss = 0.104241, Epoch time: 0.71 seconds, remaining time: 1.10 minutes
Epoch #913: train loss = 0.231257, val loss = 0.035187, total loss = 0.088661, Epoch time: 0.72 seconds, remaining time: 1.08 minutes
Epoch #914: train loss = 0.307468, val loss = 0.037341, total loss = 0.111012, Epoch time: 0.72 seconds, remaining time: 1.06 minutes
Epoch #915: train loss = 0.181383, val loss = 0.032250, total loss = 0.072923, Epoch time: 0.73 seconds, remaining time: 1.05 minutes
Epoch #916: train loss = 0.126979, val loss = 0.027186, total loss = 0.054402, Epoch time: 0.72 seconds, remaining time: 1.02 minutes
Epoch #917: train loss = 0.293342, val loss = 0.042798, total loss = 0.111128, Epoch time: 0.72 seconds, remaining time: 0.99 minutes
Epoch #918: train loss = 0.248643, val loss = 0.048251, total loss = 0.102904, Epoch time: 0.72 seconds, remaining time: 0.97 minutes
Epoch #919: train loss = 0.270140, val loss = 0.043234, total loss = 0.105118, Epoch time: 0.71 seconds, remaining time: 0.96 minutes
Epoch #920: train loss = 0.173103, val loss = 0.039021, total loss = 0.075589, Epoch time: 0.74 seconds, remaining time: 0.95 minutes
Epoch #921: train loss = 0.111697, val loss = 0.040203, total loss = 0.059702, Epoch time: 0.74 seconds, remaining time: 0.94 minutes
Epoch #922: train loss = 0.256589, val loss = 0.028078, total loss = 0.090399, Epoch time: 0.73 seconds, remaining time: 0.93 minutes
Epoch #923: train loss = 0.161772, val loss = 0.029284, total loss = 0.065417, Epoch time: 0.75 seconds, remaining time: 0.92 minutes
Epoch #924: train loss = 0.154096, val loss = 0.021763, total loss = 0.057854, Epoch time: 0.75 seconds, remaining time: 0.91 minutes
Epoch #925: train loss = 0.119012, val loss = 0.024016, total loss = 0.049924, Epoch time: 0.74 seconds, remaining time: 0.90 minutes
Epoch #926: train loss = 0.259609, val loss = 0.020764, total loss = 0.085903, Epoch time: 0.74 seconds, remaining time: 0.89 minutes
Epoch #927: train loss = 0.166983, val loss = 0.023280, total loss = 0.062472, Epoch time: 0.75 seconds, remaining time: 0.88 minutes
Epoch #928: train loss = 0.097294, val loss = 0.022576, total loss = 0.042954, Epoch time: 0.74 seconds, remaining time: 0.87 minutes
Epoch #929: train loss = 0.249404, val loss = 0.027293, total loss = 0.087869, Epoch time: 0.73 seconds, remaining time: 0.86 minutes
Epoch #930: train loss = 0.206934, val loss = 0.034228, total loss = 0.081329, Epoch time: 0.74 seconds, remaining time: 0.85 minutes
Epoch #931: train loss = 0.115630, val loss = 0.040137, total loss = 0.060726, Epoch time: 0.77 seconds, remaining time: 0.84 minutes
Epoch #932: train loss = 0.193633, val loss = 0.031137, total loss = 0.075454, Epoch time: 0.75 seconds, remaining time: 0.83 minutes
Epoch #933: train loss = 0.156407, val loss = 0.010757, total loss = 0.050480, Epoch time: 0.75 seconds, remaining time: 0.82 minutes
Epoch #934: train loss = 0.273957, val loss = 0.010849, total loss = 0.082606, Epoch time: 0.75 seconds, remaining time: 0.81 minutes
Epoch #935: train loss = 0.147026, val loss = 0.010931, total loss = 0.048048, Epoch time: 0.81 seconds, remaining time: 0.80 minutes
Epoch #936: train loss = 0.169792, val loss = 0.019921, total loss = 0.060795, Epoch time: 0.92 seconds, remaining time: 0.81 minutes
Epoch #937: train loss = 0.256492, val loss = 0.029704, total loss = 0.091555, Epoch time: 0.89 seconds, remaining time: 0.81 minutes
Epoch #938: train loss = 0.076471, val loss = 0.025069, total loss = 0.039087, Epoch time: 0.73 seconds, remaining time: 0.80 minutes
Epoch #939: train loss = 0.142317, val loss = 0.031217, total loss = 0.061517, Epoch time: 0.71 seconds, remaining time: 0.78 minutes
Epoch #940: train loss = 0.089931, val loss = 0.030454, total loss = 0.046675, Epoch time: 0.72 seconds, remaining time: 0.77 minutes
Epoch #941: train loss = 0.137309, val loss = 0.025491, total loss = 0.055987, Epoch time: 0.72 seconds, remaining time: 0.75 minutes
Epoch #942: train loss = 0.139216, val loss = 0.020684, total loss = 0.053011, Epoch time: 0.73 seconds, remaining time: 0.73 minutes
Epoch #943: train loss = 0.175921, val loss = 0.019532, total loss = 0.062184, Epoch time: 0.72 seconds, remaining time: 0.72 minutes
Epoch #944: train loss = 0.084354, val loss = 0.023376, total loss = 0.040006, Epoch time: 0.74 seconds, remaining time: 0.70 minutes
Epoch #945: train loss = 0.148180, val loss = 0.018587, total loss = 0.053930, Epoch time: 0.73 seconds, remaining time: 0.68 minutes
Epoch #946: train loss = 0.301591, val loss = 0.013400, total loss = 0.091997, Epoch time: 0.71 seconds, remaining time: 0.65 minutes
Epoch #947: train loss = 0.231286, val loss = 0.015084, total loss = 0.074048, Epoch time: 0.75 seconds, remaining time: 0.63 minutes
Epoch #948: train loss = 0.243919, val loss = 0.018506, total loss = 0.079982, Epoch time: 0.73 seconds, remaining time: 0.62 minutes
Epoch #949: train loss = 0.189417, val loss = 0.014986, total loss = 0.062558, Epoch time: 0.73 seconds, remaining time: 0.61 minutes
Epoch #950: train loss = 0.113821, val loss = 0.017156, total loss = 0.043519, Epoch time: 0.75 seconds, remaining time: 0.60 minutes
Epoch #951: train loss = 0.085949, val loss = 0.015896, total loss = 0.035001, Epoch time: 0.73 seconds, remaining time: 0.59 minutes
Epoch #952: train loss = 0.164180, val loss = 0.023442, total loss = 0.061825, Epoch time: 0.72 seconds, remaining time: 0.57 minutes
Epoch #953: train loss = 0.175492, val loss = 0.021065, total loss = 0.063181, Epoch time: 0.74 seconds, remaining time: 0.56 minutes
Epoch #954: train loss = 0.289866, val loss = 0.062658, total loss = 0.124624, Epoch time: 0.72 seconds, remaining time: 0.55 minutes
Epoch #955: train loss = 0.215326, val loss = 0.048931, total loss = 0.094312, Epoch time: 0.73 seconds, remaining time: 0.54 minutes
Epoch #956: train loss = 0.123223, val loss = 0.037501, total loss = 0.060880, Epoch time: 0.74 seconds, remaining time: 0.53 minutes
Epoch #957: train loss = 0.192827, val loss = 0.027325, total loss = 0.072462, Epoch time: 0.74 seconds, remaining time: 0.51 minutes
Epoch #958: train loss = 0.158669, val loss = 0.016373, total loss = 0.055181, Epoch time: 0.76 seconds, remaining time: 0.50 minutes
Epoch #959: train loss = 0.165080, val loss = 0.028846, total loss = 0.066001, Epoch time: 0.75 seconds, remaining time: 0.49 minutes
Epoch #960: train loss = 0.196749, val loss = 0.034801, total loss = 0.078968, Epoch time: 0.75 seconds, remaining time: 0.48 minutes
Epoch #961: train loss = 0.136958, val loss = 0.039565, total loss = 0.066127, Epoch time: 0.76 seconds, remaining time: 0.47 minutes
Epoch #962: train loss = 0.154072, val loss = 0.028100, total loss = 0.062456, Epoch time: 0.75 seconds, remaining time: 0.46 minutes
Epoch #963: train loss = 0.172938, val loss = 0.020590, total loss = 0.062139, Epoch time: 0.74 seconds, remaining time: 0.45 minutes
Epoch #964: train loss = 0.135360, val loss = 0.024268, total loss = 0.054566, Epoch time: 0.77 seconds, remaining time: 0.44 minutes
Epoch #965: train loss = 0.163764, val loss = 0.010010, total loss = 0.051943, Epoch time: 0.92 seconds, remaining time: 0.44 minutes
Epoch #966: train loss = 0.127175, val loss = 0.017084, total loss = 0.047109, Epoch time: 0.94 seconds, remaining time: 0.43 minutes
Epoch #967: train loss = 0.126947, val loss = 0.023185, total loss = 0.051484, Epoch time: 0.75 seconds, remaining time: 0.42 minutes
Epoch #968: train loss = 0.490497, val loss = 0.019485, total loss = 0.147943, Epoch time: 0.68 seconds, remaining time: 0.40 minutes
Epoch #969: train loss = 0.306126, val loss = 0.069279, total loss = 0.133874, Epoch time: 0.71 seconds, remaining time: 0.39 minutes
Epoch #970: train loss = 0.305734, val loss = 0.060403, total loss = 0.127311, Epoch time: 0.71 seconds, remaining time: 0.37 minutes
Epoch #971: train loss = 0.451431, val loss = 0.050021, total loss = 0.159496, Epoch time: 0.70 seconds, remaining time: 0.36 minutes
Epoch #972: train loss = 0.243383, val loss = 0.038309, total loss = 0.094238, Epoch time: 0.73 seconds, remaining time: 0.34 minutes
Epoch #973: train loss = 0.228074, val loss = 0.029616, total loss = 0.083741, Epoch time: 0.73 seconds, remaining time: 0.33 minutes
Epoch #974: train loss = 0.169662, val loss = 0.020607, total loss = 0.061258, Epoch time: 0.72 seconds, remaining time: 0.32 minutes
Epoch #975: train loss = 0.160891, val loss = 0.028772, total loss = 0.064805, Epoch time: 0.75 seconds, remaining time: 0.30 minutes
Epoch #976: train loss = 0.171648, val loss = 0.030005, total loss = 0.068635, Epoch time: 0.72 seconds, remaining time: 0.28 minutes
Epoch #977: train loss = 0.217812, val loss = 0.025007, total loss = 0.077590, Epoch time: 0.72 seconds, remaining time: 0.26 minutes
Epoch #978: train loss = 0.162200, val loss = 0.027424, total loss = 0.064181, Epoch time: 0.75 seconds, remaining time: 0.25 minutes
Epoch #979: train loss = 0.089685, val loss = 0.027736, total loss = 0.044631, Epoch time: 0.74 seconds, remaining time: 0.24 minutes
Epoch #980: train loss = 0.246930, val loss = 0.019771, total loss = 0.081723, Epoch time: 0.73 seconds, remaining time: 0.23 minutes
Epoch #981: train loss = 0.304809, val loss = 0.016913, total loss = 0.095430, Epoch time: 0.72 seconds, remaining time: 0.22 minutes
Epoch #982: train loss = 0.275956, val loss = 0.020159, total loss = 0.089922, Epoch time: 0.71 seconds, remaining time: 0.21 minutes
Epoch #983: train loss = 0.250293, val loss = 0.025400, total loss = 0.086734, Epoch time: 0.73 seconds, remaining time: 0.19 minutes
Epoch #984: train loss = 0.138311, val loss = 0.035107, total loss = 0.063253, Epoch time: 0.74 seconds, remaining time: 0.18 minutes
Epoch #985: train loss = 0.230251, val loss = 0.024762, total loss = 0.080804, Epoch time: 0.73 seconds, remaining time: 0.17 minutes
Epoch #986: train loss = 0.131903, val loss = 0.032568, total loss = 0.059659, Epoch time: 0.75 seconds, remaining time: 0.16 minutes
Epoch #987: train loss = 0.194282, val loss = 0.049033, total loss = 0.088646, Epoch time: 0.75 seconds, remaining time: 0.15 minutes
Epoch #988: train loss = 0.154531, val loss = 0.027087, total loss = 0.061845, Epoch time: 0.75 seconds, remaining time: 0.13 minutes
Epoch #989: train loss = 0.112319, val loss = 0.029897, total loss = 0.052376, Epoch time: 0.78 seconds, remaining time: 0.12 minutes
Epoch #990: train loss = 0.406890, val loss = 0.045063, total loss = 0.143743, Epoch time: 0.74 seconds, remaining time: 0.11 minutes
Epoch #991: train loss = 0.503936, val loss = 0.054448, total loss = 0.177036, Epoch time: 0.73 seconds, remaining time: 0.10 minutes
Epoch #992: train loss = 0.205235, val loss = 0.037450, total loss = 0.083209, Epoch time: 0.76 seconds, remaining time: 0.09 minutes
Epoch #993: train loss = 0.144644, val loss = 0.042061, total loss = 0.070038, Epoch time: 0.74 seconds, remaining time: 0.07 minutes
Epoch #994: train loss = 0.274210, val loss = 0.029737, total loss = 0.096411, Epoch time: 0.75 seconds, remaining time: 0.06 minutes
Epoch #995: train loss = 0.291966, val loss = 0.035721, total loss = 0.105606, Epoch time: 0.76 seconds, remaining time: 0.05 minutes
Epoch #996: train loss = 0.186484, val loss = 0.034764, total loss = 0.076142, Epoch time: 0.93 seconds, remaining time: 0.04 minutes
Epoch #997: train loss = 0.130640, val loss = 0.033276, total loss = 0.059830, Epoch time: 0.94 seconds, remaining time: 0.03 minutes
Epoch #998: train loss = 0.275074, val loss = 0.035663, total loss = 0.100957, Epoch time: 0.70 seconds, remaining time: 0.01 minutes
Epoch #999: train loss = 0.155586, val loss = 0.037737, total loss = 0.069878, Epoch time: 0.71 seconds, remaining time: 0.00 minutes

Training time: 0:12:50.859826

Classification evaluation results:
{'acc': 0.6625, 'auprc': 0.7379137655523553}
Clustering evaluation results:
{'kmeans': {'acc': 0.496875, 'ri': 0.838205329153605, 'nmi': 0.38449512240335787}, 'spectral': {'acc': 0.378125, 'ri': 0.7028017241379311, 'nmi': 0.31503067478449287}}
Finished.
