tsne-1,tsne-2,cluster
8.040791,23.743847,0
7.02916,-7.606955,0
-8.541815,4.412138,3
-7.4629707,4.6257286,3
56.68537,-16.939554,1
50.42213,18.03886,0
-44.60641,12.175995,2
23.974413,-0.9281707,6
40.92776,16.731546,6
49.90955,18.86047,0
24.753607,-48.501926,7
-28.823578,4.9804564,3
7.907661,-40.57017,7
13.496541,-4.019254,0
-9.5542345,-20.899977,7
-50.83707,-37.409294,2
30.273085,7.7371535,6
20.641132,-38.018845,7
-14.231435,22.329584,5
-17.196098,51.52678,4
25.268341,33.688965,0
12.547885,-1.9002975,0
24.486593,-38.772205,7
22.7524,-27.676844,6
51.159637,0.60557747,1
-3.7355578,-24.10114,7
15.746155,29.53946,0
7.6721325,57.82624,4
-37.03516,15.734493,3
-9.45297,-20.959742,7
0.5018826,-60.256207,7
12.970979,-3.9447954,0
-3.5269961,-0.950211,3
-7.092745,40.82495,4
1.2733973,-33.352104,7
22.148008,-37.243057,7
40.5585,16.78954,6
-12.398094,22.82087,3
-32.36017,-25.847761,2
39.709026,37.117725,0
21.037266,-12.814181,0
-51.026558,-20.91042,2
-49.158688,-31.183916,2
15.502123,24.818516,0
43.56601,-28.120586,1
-40.67215,-7.733686,2
-12.247971,64.19954,4
-54.80163,14.879834,2
21.233526,24.468283,4
34.80199,34.384853,0
-8.163089,-15.50346,7
-36.800648,-25.920332,2
39.80429,38.854824,0
18.319818,-40.48123,7
16.667925,-52.713154,7
-4.5113845,41.02043,4
-24.675932,-14.082528,2
-13.914158,-4.8435135,3
52.333973,2.0077164,1
24.272038,-4.2101173,6
49.924335,20.546247,0
13.848338,27.03802,0
-43.189606,-24.941895,2
-21.19583,16.945621,3
29.547527,-1.6579545,6
-9.383702,-38.707855,7
4.1797743,-35.329826,7
43.09408,-28.064444,1
-30.53015,-26.029953,2
30.222399,-18.59008,6
50.20124,-3.7993534,1
-18.431646,37.13584,3
-52.12016,-23.137133,2
28.883215,9.107767,6
30.08155,-11.268505,6
36.33724,1.6272777,6
-9.636655,-20.890991,7
12.506149,-28.809958,7
11.032682,-8.832987,0
9.60691,14.858513,0
24.474482,36.381657,0
-1.3807998,-36.041916,7
-20.170212,1.5394242,3
-4.6454763,56.54048,4
-26.758377,-19.659266,2
32.675835,38.194324,0
5.441756,-9.73571,0
-20.89012,12.607526,3
25.547953,21.620407,0
21.01924,-12.771466,0
-10.545629,12.170424,5
59.370056,15.389804,7
44.842567,-17.640385,6
-67.4445,4.3999877,2
-37.06127,15.775977,3
48.419544,19.985075,0
30.641373,-17.58768,6
-21.28768,-21.755476,2
33.53795,30.939295,0
-29.931957,32.17832,3
-40.789146,45.085247,4
-4.317726,-0.93084806,3
9.943072,18.093977,0
4.3807874,39.9467,0
-15.655646,26.224764,3
22.681217,-27.51448,6
-15.510999,8.249023,3
-6.0689898,17.502815,3
-66.890274,9.42182,2
20.05376,7.6959605,0
-30.967497,6.4707174,3
-1.270487,43.236683,4
-59.930393,2.60483,2
21.780407,-26.694004,6
39.205788,9.369229,6
-38.155594,43.50487,4
-22.334263,-25.286913,2
9.512605,48.52262,0
43.379868,-7.022012,1
17.86491,40.271027,0
33.70188,35.69769,0
-11.119895,55.310898,4
-45.184803,-14.798485,2
21.721025,-37.76158,7
52.6257,25.883068,0
3.4370844,35.40484,0
6.0276566,47.660835,0
-2.7714612,13.28124,3
12.599947,49.83512,0
-53.84408,-4.1691995,2
-40.392345,-20.707153,2
-34.863228,47.508034,4
-7.426032,-44.3469,7
54.423504,-3.083985,1
34.531265,-37.93002,1
15.419562,-39.64316,7
45.435673,-9.903474,1
31.345701,-30.771233,5
47.707726,34.921947,0
47.940006,-25.215862,1
-49.425823,-16.351625,2
3.8745189,36.208336,0
-46.074574,-21.938759,2
-35.76591,3.0448594,3
10.733237,-24.557281,7
9.513584,14.882558,0
-44.161438,38.488567,1
4.594788,-24.034737,7
53.26545,22.046549,0
20.044577,-13.470293,0
57.979286,-2.8534358,1
-8.916323,-3.217287,3
-26.722933,-40.02307,2
-1.5648795,44.870777,4
-11.825011,20.51118,3
55.032658,25.839746,0
-14.430659,6.742185,5
24.242025,28.794268,0
29.596945,40.85826,4
-13.576026,17.807552,5
57.795177,-1.9865265,1
-54.47111,27.28512,6
42.74955,-28.053102,1
24.562202,21.751097,0
23.465721,-25.371742,6
-16.54664,15.575988,3
56.22312,-17.763876,1
33.58922,33.94459,0
-12.436901,63.93028,4
42.38697,-30.17401,1
-29.578934,-0.5725726,3
-36.913124,2.4966373,3
-34.931583,47.55009,4
-42.899746,10.644446,2
35.819912,-10.3172245,6
37.595474,-38.10421,1
-41.807438,10.190789,2
-48.36295,14.389925,2
-33.03236,-19.51669,2
-15.536081,48.84604,4
11.631122,16.548162,0
-3.4151118,-14.871038,7
7.3783526,-41.24301,7
55.097996,20.46185,0
22.300583,41.57863,4
-32.89051,-26.7095,2
-10.751712,44.381138,4
24.458021,-5.518325,6
-64.59573,8.694671,2
-3.4086304,17.631205,3
-25.3934,-44.246647,2
3.1588306,2.443989,3
-16.763012,34.672314,3
-0.62813926,-50.52509,7
25.031776,20.78808,0
30.46739,-3.6561582,6
31.431793,33.8985,0
19.122375,-13.954139,0
50.406998,-13.542966,1
-41.02609,19.551893,3
-65.36429,7.9794846,2
-24.698044,4.1115775,3
26.30776,37.812275,0
-25.017473,6.799719,3
-58.737236,9.7367935,2
-48.90886,34.809486,6
-33.428806,-33.64315,2
-61.59978,1.1956654,2
-11.10728,55.27486,4
15.58243,-16.195082,0
-33.519962,27.990181,3
0.02936517,2.6947002,3
-16.613094,-27.1071,2
-52.574608,-32.140053,2
5.761341,30.850046,0
-44.447063,-6.1647305,2
29.517204,-18.968136,6
-35.194508,-26.328434,2
-6.0993824,17.520655,3
-27.443727,4.4727955,3
-20.693703,18.63883,3
29.628643,-18.953938,6
0.7031438,-0.79291093,3
-12.727064,1.2774817,3
-9.670042,-39.165386,7
-43.442635,-12.016338,2
-13.939105,-48.7908,7
-39.87675,-8.299574,2
-45.360764,-33.00678,2
-8.81915,27.91006,5
42.38602,16.173923,6
-11.779023,12.822824,5
7.9120746,-11.999924,0
8.277673,23.446165,0
0.46101108,-33.581898,7
15.347536,9.44716,0
-48.356182,6.825203,2
-24.580688,6.78205,3
-8.715695,56.515118,4
-14.956673,-57.07412,7
-8.420398,12.364581,5
-54.992825,13.887586,2
-26.099588,24.174114,3
40.53145,20.38335,6
1.4577433,-3.422279,3
-53.42591,27.701303,6
-5.7857947,-54.128452,7
-0.7662481,-61.89611,7
-14.218733,31.331272,3
-62.691475,8.914747,2
-4.421986,29.25019,3
-30.571447,16.234882,3
-29.459963,15.545553,3
40.731396,-36.01731,1
-25.262796,9.98327,3
-11.116841,40.673668,4
1.4959613,10.762439,3
-38.385967,44.39774,4
12.083036,19.29074,0
-66.1924,3.8702693,2
-15.97831,49.33687,4
-36.14547,14.109487,3
-2.8432763,-18.55983,7
-34.88981,-33.881454,2
9.610479,-29.196888,7
14.600153,29.68651,0
24.595943,36.290337,0
24.04821,-19.113636,6
-50.076294,-11.984148,2
-29.826029,32.219208,5
7.500185,-57.77575,7
36.838528,9.496413,6
47.647087,-24.180624,1
58.796303,-23.12715,1
13.513691,1.4784437,0
3.522663,-59.768887,7
-37.291813,6.078615,3
4.0994782,-10.776037,0
4.117819,18.778683,6
-16.34684,15.539254,3
-42.8342,-22.159306,2
-27.003403,-20.25002,2
10.048907,10.474518,0
8.789208,-55.710827,7
28.7506,19.47683,0
-12.005855,-6.8134074,3
-22.396223,35.778267,3
5.2151575,26.971348,0
28.017458,-4.039861,6
-20.560543,-22.509237,2
-3.0899591,13.158314,3
-37.452385,3.2310576,3
-0.7925206,6.6673527,3
24.060226,36.605568,0
-21.812458,-3.9112904,3
30.376808,-18.406792,6
29.930466,34.208782,0
14.679129,-3.1189234,0
44.795357,-17.752165,6
-35.200043,-26.236734,2
45.299755,-11.115186,1
55.644444,-11.891592,1
-44.281967,-11.343507,2
50.12569,11.085284,7
-0.43293858,-54.7282,7
20.798716,-12.99513,0
-5.8003283,-54.221497,7
7.9526052,-39.443077,7
-50.60555,-22.1083,2
-46.72954,34.9833,2
17.386185,19.68724,0
-13.837134,-48.786545,7
-39.824146,43.165417,4
36.869553,-38.138737,1
21.278803,35.010902,0
61.680313,-3.321679,1
-16.421673,36.23805,3
33.631527,-38.918774,1
24.179092,-31.243742,6
53.20613,3.8849924,1
-17.623539,11.940571,3
36.358517,33.976215,0
12.493041,-46.88536,7
24.517212,-4.5371094,6
49.789837,-12.472093,1
-28.480415,4.9050565,3
21.962915,-20.394445,5
7.466413,-23.48241,7
29.798206,34.48705,0
-15.64294,-45.46854,7
-19.80298,51.01886,4
-67.440765,3.6995997,2
19.83824,-43.948364,7
-7.5798073,28.972256,3
60.503742,-1.8141636,1
-3.680004,56.742107,4
-47.515076,3.543115,2
34.676197,23.61043,0
-31.823332,16.956553,3
-8.179974,53.208138,4
15.886359,-15.977858,0
29.40526,-1.5352547,6
10.031807,2.71781,0
50.010265,-36.450108,1
19.439838,26.402569,0
-27.777279,-9.368372,5
-14.918708,15.241624,3
-7.7609534,45.622658,4
0.06319623,-22.936604,7
8.450309,20.810669,0
8.96052,52.680153,0
-36.939663,-44.365234,2
-30.157867,-1.904073,3
15.202124,24.865362,0
-52.083626,12.717196,2
-44.22359,20.658594,3
-48.910954,13.506977,2
-39.4608,51.091774,4
21.834867,13.864434,0
0.010985203,-47.13787,7
2.2463443,-51.44692,7
15.210501,-28.14965,7
-0.37659538,2.6695373,3
-46.83291,1.7897396,2
-27.037392,-1.9722161,5
48.700066,13.029839,7
24.36036,-30.470263,6
-30.350988,16.39048,3
20.613941,-22.056269,5
-20.22685,-57.710037,7
59.006405,-12.321893,1
45.782337,4.209237,6
-10.493042,28.459705,3
58.04684,-23.035948,1
-11.901054,12.511489,5
12.742744,-58.593018,7
-2.999764,-0.94620246,3
-19.967066,-56.00663,7
21.219349,-50.919926,7
35.480713,25.770603,0
-47.244892,3.4597344,2
34.168667,34.149326,0
26.473356,41.27392,0
48.85357,11.723252,7
16.447338,-15.606965,0
-9.483259,-28.457626,7
-18.802544,-20.62227,2
-22.715225,-18.664532,2
-32.785328,-32.088165,2
-0.19033088,-34.618748,7
40.13275,4.787609,1
28.177519,-27.793898,6
23.959805,-22.524855,5
9.846651,18.151981,0
-11.440513,-32.645725,7
-35.037647,47.683506,4
-42.367756,-25.218084,2
55.005806,25.730118,0
-21.19071,-19.861242,2
-48.68338,-6.7187514,2
19.065191,-3.853263,0
30.801538,38.080563,0
-33.620667,-0.5658381,3
-29.377539,49.839798,4
-0.70428264,-50.49342,7
6.699393,-10.474677,3
-26.179127,22.365913,3
19.901197,-13.553011,0
11.427842,44.05893,0
6.2884574,-22.65559,7
-42.714104,-28.985607,2
-34.23556,-26.460289,2
-19.333874,50.710434,4
-3.7343946,4.3948154,3
25.129307,38.471992,0
33.411903,3.5483813,6
1.4374133,-61.405746,7
-45.303246,21.774021,3
-3.9962819,-10.975987,0
49.72194,-37.91061,1
-6.057462,31.643934,3
-45.516556,-13.357755,2
36.027733,34.151566,0
60.497517,-1.7990161,1
16.207596,24.740036,0
-22.671623,-24.934248,2
52.8785,22.063385,0
31.397968,-23.362356,6
32.907543,24.589127,0
-19.027987,7.5492043,3
13.50237,36.070827,0
-26.156624,-44.23722,2
8.036886,-39.079494,7
61.590782,-3.099046,1
-3.216566,5.8270426,3
40.70858,3.4687824,6
7.3812256,-38.345554,7
34.746967,-14.800492,6
24.117968,28.718857,0
31.223433,-29.499023,5
-6.6992545,59.56029,4
58.895184,-12.245223,1
13.602657,-46.479683,7
6.0477695,-16.614248,0
44.02075,-8.423392,1
36.59323,26.106167,0
10.875482,30.359756,0
-8.447355,-37.15208,7
31.369791,-28.898016,5
-46.18182,-33.92381,2
-20.03415,-5.431715,3
23.603157,1.0888515,6
7.253064,-22.748308,7
16.790354,-55.376472,7
49.12672,-37.76198,1
-8.900623,33.39198,3
13.140877,15.504879,0
22.273237,-27.13515,6
-22.272657,28.762203,3
-27.9669,4.1974854,3
16.413143,-31.407938,7
38.529053,-3.7556949,6
11.756948,20.294268,0
-15.269125,-45.83568,7
-45.30427,21.749634,3
-9.821215,52.169167,4
22.209686,11.036779,0
12.648905,-58.65342,7
-6.126508,-16.012877,7
-22.246052,17.8182,3
6.024234,-23.561842,7
50.357704,-36.0642,1
-2.8350935,41.920094,4
15.7759495,-39.550156,7
-23.291697,-14.805463,2
-63.1732,4.8434606,2
12.02071,20.55468,0
9.854161,11.485296,0
5.909803,-23.505182,7
21.545507,15.243208,0
-31.41522,6.9562087,3
-43.829185,-7.0819473,2
16.066824,34.02543,0
-38.88066,28.824278,3
16.542109,-52.283424,7
-45.913383,-27.970137,2
-3.4246507,-20.985674,7
-37.23396,3.245579,3
-14.446977,6.670291,5
-6.712347,59.533966,4
-43.07668,-5.9472494,2
13.67878,52.268238,0
31.05166,-3.1708615,6
4.0998755,35.284595,0
9.895848,51.12498,0
-3.8987277,-58.384045,7
19.178696,54.35301,0
0.058895327,22.092045,3
-2.2054913,42.610344,4
14.603545,16.109632,0
-5.336363,-38.50625,7
-15.106178,-47.25396,7
15.342434,37.993454,0
-17.713602,4.0317655,3
12.841928,28.199383,0
-35.977036,-29.07037,2
-56.22964,8.775743,2
-8.694383,52.82252,4
0.99771583,4.0930696,3
-53.254494,26.729794,6
-44.33075,-7.598306,2
-27.442095,14.716651,3
-21.212269,16.877857,3
13.7143345,-4.284741,0
11.480809,-58.533363,7
-5.6941857,22.717995,3
-37.68143,3.2981825,3
-36.478035,43.31359,4
10.590621,-39.51299,7
-21.256933,-3.7476563,3
0.9332402,-61.109383,7
9.333114,-5.175867,0
54.262417,4.0602407,1
-17.660662,4.8013415,3
42.62042,-40.554783,1
-27.750471,-8.024601,5
21.32774,47.27048,0
33.154953,46.583244,4
15.751624,29.490942,0
50.877045,-7.942052,1
-46.77527,1.7721372,2
14.659291,45.050484,0
-12.299776,8.248438,3
24.39093,43.538822,4
-25.55348,-23.745619,2
-6.533428,41.114693,4
-45.65016,21.78044,3
-32.097244,36.3833,5
3.9793932,-30.673893,7
-42.572563,-22.305119,2
15.215499,29.419823,0
47.853336,-29.117962,1
-49.269596,15.020455,2
-1.338667,-3.412961,3
-48.621895,12.830176,2
-29.040539,50.190727,4
48.897728,-22.838057,1
-26.109045,27.893377,3
54.86653,-26.842136,1
-3.8302882,9.0505705,3
-29.161673,37.180706,3
-11.70396,4.4979134,3
41.377792,-21.038025,6
-21.180292,19.705366,3
45.106632,-34.56544,1
-39.349953,23.579731,3
4.85507,-51.930584,7
-3.3967266,-3.963934,3
-19.454803,6.8109655,3
56.570267,23.793394,0
11.200857,46.08859,0
50.263435,21.384264,0
-3.2190042,-33.728905,7
-61.818436,2.9543211,2
18.098978,7.1676598,0
16.226439,-1.2129171,0
23.33725,-41.342934,7
-8.2791,45.731377,4
-48.89335,14.184644,2
32.90765,-37.453026,1
-53.842007,-4.167283,2
31.559341,15.052363,6
-44.4535,-12.289299,2
52.237415,23.127335,0
-42.989372,-35.053444,2
-14.202962,-56.313946,7
-33.44527,-33.693436,2
59.369987,15.431086,7
-0.48218745,23.309435,3
45.525723,-35.27095,1
-12.555188,63.836857,4
-11.759286,8.569081,3
-22.120644,-25.626932,2
10.844341,33.857872,0
3.556161,-8.723438,3
20.927961,-35.83013,7
-7.7895455,-33.640423,7
9.700954,-52.888313,7
-8.618358,-6.330296,3
35.91173,-11.843033,6
-2.7677498,-43.71,7
27.501108,8.778792,6
2.7479618,-51.565483,7
55.27871,6.2764378,6
6.762213,-46.926575,7
-53.3365,27.655924,6
-8.462698,12.311065,5
-22.120535,17.982344,3
-14.57372,7.9624968,3
33.81804,-37.90751,1
16.780586,-8.771112,0
3.5486898,1.1444622,3
31.474974,-22.882154,6
-21.26125,13.554287,3
15.546255,0.86200976,0
32.923668,11.975443,6
-0.6651063,-0.6798404,3
15.265635,-30.514593,7
-9.955829,52.50683,4
40.3204,-13.730044,1
-30.840364,16.340263,3
30.719547,38.517315,0
-16.645512,4.575278,3
-6.5499215,22.393972,3
31.4073,15.042504,6
7.8904095,44.895676,0
-19.861507,32.342255,3
-58.420124,9.324815,2
-3.3730323,-37.62976,7
7.9093094,57.485596,4
58.874393,-12.83803,1
-5.0151434,17.641489,3
-2.1639829,-52.68453,7
-50.161385,2.6514797,2
-12.925757,-48.797367,7
-16.765884,-21.931015,2
-51.591434,-35.04158,2
60.370438,16.937384,7
50.02237,-37.974342,1
-9.96928,40.41444,4
-29.937328,-46.203888,3
-7.5949736,-44.531864,7
-0.6581612,11.390833,3
4.3475423,35.360706,0
-20.27401,-57.601887,7
-48.90305,12.870228,2
9.859484,-55.937317,7
-10.170735,52.690434,4
-3.8665068,2.157749,3
-8.640302,11.847881,5
16.060362,-12.825507,0
46.03593,-26.175467,1
16.052748,-1.1197261,0
10.045169,18.007679,0
-9.104906,0.21355769,3
36.123257,10.491604,6
-6.058193,42.642807,4
-8.9776,11.2816515,5
9.993522,-12.571329,0
-26.185787,21.094788,3
-3.835563,2.2690618,3
-17.192831,32.450504,3
52.377434,18.81369,0
2.0252824,10.243005,3
-18.417562,37.157696,3
36.223175,-29.444878,5
4.0683794,-10.615554,0
47.34518,-12.304321,1
28.922997,9.089008,6
-15.765014,-38.631134,7
52.656967,-17.367186,1
-36.761894,32.68512,3
52.663635,-17.35585,1
-20.023325,-57.73411,7
36.276146,-29.480715,5
-11.409063,-2.331361,3
-16.370085,46.53887,4
31.999033,47.524586,4
36.67695,-11.019467,6
42.5195,2.5948575,6
-2.87061,23.847214,3
-37.42122,-22.29464,2
-35.23602,-26.185951,2
-47.385155,4.1969805,2
7.540594,-56.04458,7
23.480034,1.0566212,6
29.303068,-1.5078759,6
59.089027,-23.336443,1
-0.48491436,-12.292701,0
2.3002374,-36.775356,7
26.8441,34.011208,0
51.535774,-28.30376,1
-1.5532391,-45.859276,7
27.287516,-42.498386,7
2.084416,4.0184646,3
37.820812,27.424896,0
-19.318253,8.182205,3
34.025734,31.036165,0
-6.822554,54.910374,4
-6.552741,-19.897778,7
22.520103,-19.886635,5
15.537449,12.390397,0
26.203775,-12.574406,6
-42.595795,-11.843005,2
-16.5803,-56.338547,7
30.498875,14.25891,6
-17.698572,23.651735,3
-17.599709,47.37366,4
-40.45475,28.594656,3
40.247402,17.724924,6
-38.28048,-46.20019,3
31.320475,48.18181,4
-1.1128888,-16.104733,7
33.737343,13.226663,6
-29.843874,-48.89498,3
-12.333597,2.5374665,3
37.600395,30.84731,0
-7.6331954,21.072422,3
-1.687754,57.476585,4
31.45902,-23.341135,6
21.406555,34.90282,0
9.766459,-9.664021,0
-12.101131,58.053734,4
22.876678,37.841015,0
29.774593,38.721176,0
9.09915,21.255892,0
22.332703,41.592712,4
-7.706166,34.072784,5
17.830444,40.142666,0
12.815616,28.215672,0
39.36072,37.734463,0
1.8637768,-19.91703,7
-59.780846,2.9458375,2
12.407891,2.3064868,0
14.532374,14.52909,0
22.223228,10.759217,0
11.379227,-34.918823,7
3.045478,2.9104779,3
-46.91613,36.02382,1
16.071243,29.767097,0
-11.012502,40.541615,4
-23.776691,6.7387514,3
32.713097,-37.25258,1
-4.059114,44.760353,4
-1.5895938,-49.54639,7
-11.925802,12.541518,5
-28.291094,-10.223311,5
-52.88189,-31.693758,2
46.908398,35.774338,0
29.808247,48.914978,4
9.429674,48.801224,0
25.318958,15.83903,0
50.202568,-36.25477,1
30.59337,7.6216288,6
-10.678452,3.8386567,3
-26.343958,20.709936,3
-1.5807432,55.476295,4
-26.417387,26.637537,3
-46.726948,34.342953,1
57.083508,-1.6780708,1
-35.869247,21.211836,3
51.026886,22.821373,0
-22.723408,-24.89083,2
29.979477,34.32829,0
20.40257,15.82437,0
15.489773,-40.83736,7
-22.636463,-4.161491,3
-37.301907,25.79813,3
53.325928,-16.734545,1
13.962287,-25.226774,7
-46.701202,1.9105331,2
-19.103527,-23.689224,2
50.719288,-2.4256442,1
24.974323,29.056376,0
39.31681,-10.358412,1
-1.844845,40.93214,4
17.547646,39.535942,0
-5.77,-36.98663,7
-18.443472,37.003067,3
50.526165,-22.69325,1
-36.47265,-30.412903,2
50.43668,-2.5609326,1
24.639492,21.558084,0
-7.0218253,-44.28094,7
7.1147966,-4.6647944,0
21.20143,8.306402,0
34.51495,15.521142,6
-22.257265,17.792154,3
-15.635356,29.437597,3
-32.867245,-27.797276,2
-14.425322,18.693342,3
-19.667564,-33.06853,0
-11.203633,55.95431,4
-12.287137,30.093605,3
54.995846,2.434117,1
8.424609,49.104218,0
41.125244,-40.278122,1
48.038826,-29.933393,1
4.0730386,-10.684108,0
-16.924911,1.6252313,3
21.500187,15.991609,0
-13.624718,25.381098,3
-17.170702,1.5395324,3
32.93495,-37.464012,1
8.430788,13.380997,0
20.204014,18.214825,0
-5.76225,-54.384785,7
-46.84065,11.021986,2
-26.055023,31.210344,3
21.218348,24.563288,4
13.472638,40.2348,0
21.094896,8.277804,0
47.397884,-0.28489646,1
42.61536,-40.623802,1
10.654697,41.591515,0
15.291004,34.072784,0
-27.871494,4.2304726,3
59.351063,15.486866,7
-4.8087454,-23.233377,7
-49.230923,-31.148098,2
7.0389724,-8.491153,0
14.6000395,-41.233658,7
-13.489543,-4.557158,3
6.9710493,-7.2658286,0
-6.6140795,-21.667648,7
18.860973,-3.876829,0
-45.426212,21.737955,3
1.2489904,-33.29731,7
0.6152724,-0.803494,3
-6.418443,41.43006,4
22.229128,0.27836013,6
38.73228,-18.103073,1
21.37055,14.147253,0
35.352924,-15.939956,6
-34.93211,-33.990288,2
9.384575,33.737133,4
-39.338436,50.89808,4
-17.949718,34.41808,3
9.932556,50.130043,0
41.13005,-31.14652,1
-59.83206,2.7691143,2
-50.951534,-11.9619465,2
29.690165,-18.919443,6
-29.025232,-45.50389,2
-3.4330814,28.990303,3
21.492657,14.116578,0
-14.692599,-37.166912,7
35.4097,2.0252056,6
29.795542,37.92818,0
-1.8401212,-16.709602,7
-6.9280396,-49.81884,7
41.485107,1.7571629,6
37.145424,-17.3791,1
46.91492,35.744553,0
-17.216078,1.520799,3
27.08526,1.7784194,6
-3.1367786,-0.9524,3
15.051613,-27.49135,7
8.834088,52.056637,0
-54.065853,26.984459,6
-50.723984,14.116106,2
-4.4635353,-36.817944,7
12.215664,-33.98446,7
-0.8117398,-56.188362,7
-46.726044,1.9170264,2
-46.710323,34.39593,1
-7.967033,-33.76725,7
-38.958595,-22.51503,2
15.20852,-30.489195,7
-31.65382,34.407433,3
21.287022,-12.08483,0
-5.224994,30.199165,5
32.817337,-38.559647,1
-51.62652,-35.21664,2
-55.383728,5.4505935,4
-19.763992,-33.55614,0
16.17715,6.299183,0
12.342,39.604362,0
-1.6058273,44.950874,4
16.491426,6.088959,0
24.680676,21.233925,0
-7.8619056,-3.2520764,3
18.080765,35.063984,0
40.21282,-11.194409,1
-46.612537,2.8841553,2
12.30252,-28.817526,7
24.205082,22.086576,0
-11.773259,49.297325,4
-37.225357,47.092228,4
29.969587,-7.482488,6
40.828117,-41.54079,1
-27.44307,-9.500346,5
56.91038,-21.701069,1
29.523195,50.737614,4
43.48172,-9.181991,1
20.042137,52.328686,0
29.72646,51.8003,0
-45.533916,-33.035915,2
11.780977,-13.461199,0
-67.66648,6.424472,2
-51.691746,-20.94096,2
50.31288,-36.138287,1
-53.29758,27.59935,6
49.48927,18.706703,0
31.48248,2.5902536,6
2.69928,-52.212086,7
1.0310658,-50.72658,7
-8.554299,2.8949347,3
-9.295077,18.519178,3
56.54409,-21.409832,1
-0.78593814,56.593437,4
-10.670315,28.40261,3
1.4566222,-3.40347,3
6.1825237,57.702747,0
12.057474,46.316498,0
20.984604,9.575489,0
54.73613,24.939571,0
30.374542,14.271616,6
-35.5262,24.510155,3
49.039032,-36.989803,1
-10.945298,-7.072516,3
-4.5415845,40.90195,4
45.69778,5.6520176,6
-42.844753,-33.964317,2
-35.1784,42.867973,4
-8.607391,-21.748848,7
-30.617662,-46.78629,3
-53.369007,26.407846,6
60.047558,17.766428,7
17.362335,-15.018003,0
-33.96123,-0.56891805,3
51.1013,-14.124134,1
-8.870815,1.4607673,3
49.881493,23.05888,0
-12.283764,26.799706,3
-0.9252527,-18.835796,7
-33.671654,50.705975,4
19.86012,18.560783,0
18.397339,-40.456062,7
43.93561,-9.52167,1
-25.555826,-9.611913,5
57.088448,-16.912483,1
21.118341,-44.23745,7
44.54098,-6.754657,1
-46.9392,3.4801939,2
10.537062,-24.553421,7
1.6553005,10.8556385,3
37.035686,-17.271385,1
4.5064445,-9.232997,0
30.895538,27.990437,0
-0.94274086,-8.124246,3
-11.398588,51.23301,4
-31.764856,7.2912436,3
31.226484,-7.371339,6
-17.149368,35.372757,3
17.162048,-53.61577,7
10.799226,9.754422,0
-30.276522,35.289104,3
-42.044254,-18.854425,2
-46.813343,-34.221676,2
58.063168,-11.874725,1
-27.120066,21.454456,3
-16.569012,-55.349945,7
-41.94488,-25.99778,2
-17.316166,35.502396,3
-26.133104,24.741959,3
9.478043,23.353294,0
-7.080756,46.436695,4
-9.159881,-46.579636,7
-0.92141587,57.32016,4
32.39246,-26.851631,6
-53.52093,-8.457603,2
-16.22611,35.166393,3
9.1247635,-5.6173105,0
6.905313,-38.437496,7
7.739924,24.188381,0
16.037003,29.754425,0
57.266426,24.719337,0
22.531834,-19.917892,5
38.127575,-44.170082,1
44.147583,-9.311399,1
44.059097,-18.73509,6
-16.195358,-22.79828,2
-45.054974,-11.0207205,2
-65.34829,-0.5045217,2
18.99733,51.425877,0
28.647762,32.511322,0
-42.974342,-28.357359,2
11.830589,20.522274,0
-34.999035,-31.222454,2
39.405586,-18.293146,1
-56.86511,8.309596,2
10.002145,-47.37054,7
16.899334,-11.45626,0
-15.267895,-12.339615,3
-37.21537,-29.78,2
-26.424389,26.512602,3
-0.19309667,44.062347,4
-4.488323,-1.9203887,3
10.33112,30.426737,0
31.248404,-29.997158,6
28.904495,-3.5011258,6
-29.067495,50.386833,4
-19.958504,19.484592,3
1.5717341,-63.793095,7
47.43169,-0.30443597,1
37.872143,-1.0203252,6
3.224377,34.50589,0
-28.67556,-0.08662639,3
22.188734,47.40501,0
21.100384,-12.643379,0
-7.8622303,-33.73,7
-12.372862,53.17447,4
-31.864565,7.365532,3
-15.595202,7.993161,3
34.642307,41.701866,0
-11.662745,55.886395,4
41.502636,1.7515396,6
42.51454,2.5108147,6
-66.05629,7.903541,2
11.719744,-6.7282257,0
31.055204,28.303188,0
-26.40569,26.767935,3
46.86903,-29.086807,1
-26.418259,-8.167905,5
-14.8531885,-56.87167,7
-43.24941,-7.2076917,2
-8.669178,-18.395105,7
-16.819088,34.529976,3
0.15574358,-22.162304,7
-26.984213,7.202878,3
21.562382,15.184756,0
38.542347,-44.321117,1
-28.177599,-9.019696,5
-9.422765,-38.77697,7
-52.250336,9.76977,2
-35.856808,-27.484024,2
19.00735,35.09785,0
-10.516758,-40.467842,7
-31.96428,-27.184084,2
-8.959607,-3.1615684,3
38.747726,-18.08634,1
34.23595,40.50683,0
-2.889755,39.77264,4
7.839922,13.524168,0
13.009532,-3.9515598,0
-5.5824995,-38.879776,7
-24.630009,6.7744007,3
-1.9171648,-21.095852,7
-40.766758,-26.82045,2
17.764437,12.060325,0
43.973858,-8.335666,1
-37.57787,-47.813244,3
9.798261,-53.980556,7
9.461567,26.296066,0
8.424162,44.36751,0
41.294872,16.645271,6
-18.671185,48.65451,4
-1.9222909,-45.63662,7
-20.158775,1.5434493,3
15.150863,-30.471537,7
6.2164717,33.852108,4
-27.974749,35.22309,3
-3.7883859,-0.9808384,3
-57.800426,7.970387,2
-33.550434,-0.621077,3
-19.488737,-24.755093,2
41.49884,1.7507911,6
-19.929834,-5.378466,3
20.142048,18.277851,0
47.755383,25.49496,0
-10.282937,40.323635,4
-6.1230936,-34.1523,7
-11.280364,61.91457,4
-7.394834,-16.07978,7
25.527498,24.64576,1
26.222616,-12.533248,6
19.285305,-5.1768694,0
-36.97299,15.025074,3
28.704815,9.175381,6
-45.98799,-4.3664947,2
34.547985,-39.234608,1
12.329157,37.014027,0
52.09343,-8.686359,1
-41.110065,9.632534,2
22.700012,47.577003,0
-19.46659,50.88817,4
40.17612,4.880934,1
0.8196107,-45.50909,7
10.505061,2.5867722,0
-17.646603,23.650034,3
-31.967892,-25.604877,2
45.53755,-37.762703,1
15.132411,21.235222,0
-0.1976041,-12.423841,0
-9.913711,-39.528645,7
49.667095,-4.4842224,1
-57.56864,7.6060214,2
-1.9535749,-52.98516,7
-47.58097,-8.553339,2
8.183018,29.62287,0
-29.046188,49.819218,4
0.9171587,-45.491898,7
11.3260565,44.050507,0
-14.93998,29.919077,3
-51.579605,-1.7861322,2
1.208853,-33.52383,7
55.028038,25.841879,0
52.58723,-17.351006,1
-48.955692,12.838975,2
-11.850306,12.582105,5
11.067086,-7.7215767,0
-29.998644,-42.500153,3
-46.412323,8.741896,2
28.964617,-27.429365,6
49.144505,10.366288,7
7.8947754,-10.453582,0
35.594326,-9.795846,6
-15.924092,6.8207836,3
13.531615,1.2453287,0
-14.204055,31.32383,3
24.85905,57.36266,0
13.364971,-5.7213035,0
-24.563711,4.0980563,3
-8.651663,11.819431,5
15.3286085,-16.362288,0
2.0758429,-44.490395,7
9.798112,-56.01908,7
-1.2499025,22.367792,3
52.75938,18.90793,0
7.243214,28.612068,0
-27.45534,-17.679941,2
18.413073,-14.286284,0
-11.905011,23.036371,5
-10.871121,44.341503,4
-5.020146,51.88673,4
-26.18142,22.622353,3
9.728681,-11.863425,0
-62.560463,8.816571,2
-2.6704857,39.934532,4
14.970145,-36.59802,7
-26.591396,-39.943825,2
-4.405533,-0.94477576,3
-47.671555,-34.149593,2
-16.712103,-6.1132064,3
-39.896263,-24.969543,2
32.95654,11.957102,6
32.336468,-26.946932,6
0.20126367,-38.749115,7
-66.145134,6.3328686,2
-63.413155,9.181448,2
-15.202712,59.64772,4
-1.8031048,2.5869715,3
-18.523426,23.18791,3
48.67175,-34.187874,1
13.61365,-4.233655,0
18.659027,-43.069878,7
-6.7639832,-19.979263,7
17.88996,-57.001965,7
26.38798,4.305943,6
-11.865204,12.57509,5
13.696714,27.55699,0
-37.587234,25.442417,3
2.0213332,-37.133636,7
-6.4407005,41.24148,4
34.624813,34.298218,0
8.075858,-39.141743,7
-34.920387,-22.66148,2
-3.4145324,49.806786,4
24.903994,-2.665301,6
49.821426,11.091947,7
-6.6876802,59.68323,4
-3.2104132,41.625168,4
-44.31844,-11.318431,2
-14.885441,-56.95833,7
-57.19503,11.793449,2
-2.4777875,42.092205,4
-65.7112,3.0219996,2
-2.6063695,23.76671,3
-13.524792,52.095474,4
47.41919,-0.2970888,1
6.0390124,47.63483,0
30.724712,27.747314,0
5.1645365,-8.806538,0
-46.428345,8.909696,2
8.129013,56.91093,0
-24.770075,-43.864635,2
-45.892727,-4.7741756,2
-7.4296827,-15.412972,7
0.6603749,-53.31394,7
9.566384,14.880134,0
-27.883965,-20.971445,2
-20.140211,1.5503969,3
2.1907043,7.9074674,3
-50.013367,2.728895,2
54.77761,-3.0498452,1
33.67143,13.1972475,6
26.071836,4.6424565,6
50.42893,-2.4627278,1
54.993195,25.587307,0
-53.86904,15.114824,2
4.0869493,-10.731409,0
-25.786482,-46.61916,2
-5.781602,-54.32549,7
39.36998,-18.33931,1
25.76297,20.906445,0
-36.919437,44.547115,4
28.88478,32.70134,0
-4.5650926,-40.167187,7
-8.43988,-6.1522593,3
-6.7412834,22.312868,3
-22.532354,-25.078773,2
-20.825298,31.545153,3
21.716675,39.683857,0
26.000872,4.696851,6
-39.629124,22.992653,3
50.353264,11.201062,7
24.844883,38.572117,0
36.927094,-36.1648,1
29.610542,-19.033012,6
-38.80882,46.88827,4
-34.37031,-30.880156,2
-34.282578,-13.206064,2
-8.941839,-54.445786,7
-23.840416,6.772598,3
31.269678,-30.23646,6
51.41232,27.050728,0
-8.441074,-37.165535,7
34.773487,-39.72807,1
41.901505,-31.226044,1
-23.897581,-10.4443655,5
-6.642306,30.66642,5
16.586508,-53.670025,7
27.057138,-43.252113,7
-27.806517,-23.933094,2
34.848263,-39.59729,1
17.246422,20.673853,0
30.829643,-3.2836554,6
-37.530426,-22.246819,2
7.734087,16.63132,0
-41.086613,-24.66126,2
17.718906,12.205953,0
-26.021595,22.726936,3
-53.84233,-4.1697807,2
-37.645313,-20.413023,2
51.676678,-3.4393435,1
50.243618,-36.260777,1
24.956089,38.562412,0
10.763286,30.403776,0
55.929768,-19.728418,1
-29.80309,-48.693447,3
-3.349392,-18.327911,7
-47.088795,-26.304325,2
8.443294,-29.45031,7
23.550886,1.0719961,6
15.720926,29.499119,0
-3.4326003,30.825314,3
14.720736,-1.8650453,0
51.028687,-8.115684,1
-5.4676747,-54.90254,7
-51.108315,-0.81793076,2
19.436079,22.240757,0
30.110611,33.40501,0
-36.44865,-30.553051,2
-11.798609,33.983406,3
-39.74987,-21.001583,2
-12.528226,22.160578,3
-32.353653,26.21429,3
-43.862614,-14.51688,2
30.029827,-10.907764,6
8.153208,-38.947807,7
18.44824,-40.428894,7
58.884747,-23.417397,1
-28.28497,4.590574,3
5.63835,-23.32156,7
-12.201985,-32.210934,7
-8.113647,29.275051,3
-3.3108144,-3.8530676,3
-8.303298,-28.251608,7
10.339289,-42.93682,7
4.6219277,-23.847797,7
20.460028,-44.77058,7
-22.419647,16.73212,3
20.61042,16.62898,0
29.779501,40.267754,4
11.219853,-55.113068,7
18.305504,-14.3486,0
50.806522,-28.579624,1
20.067797,18.363125,0
-53.858223,-4.1586666,2
9.976964,50.151768,0
0.55663,-0.60215753,3
-42.708893,10.58176,2
8.9351845,15.031366,0
-50.18376,12.5418625,2
1.2340274,-33.478477,7
6.3756557,57.31572,4
-29.548845,-0.56048685,3
-3.700063,57.759342,4
-23.901505,4.0853333,3
-16.81995,15.633498,3
-18.62899,1.9604782,3
1.5504742,12.423403,3
-26.468332,-18.559011,2
-4.0556426,-5.767815,3
-20.610697,-33.125046,0
-54.735905,14.011974,2
30.54363,-24.355972,6
-2.8988268,25.246098,3
32.19239,1.8296591,6
38.406452,-3.7304854,6
-8.942621,-3.250263,3
0.4313017,-59.494102,7
-2.7035184,13.282465,3
10.599109,2.5403419,0
10.417223,-8.75693,0
-14.271135,12.960383,3
-48.08255,3.616234,2
-4.853583,8.000308,3
50.30158,-7.6140585,1
7.8586535,-11.977578,0
-34.53032,49.968483,4
9.483616,36.770473,0
-35.503296,-20.19654,2
8.1996765,-53.343964,7
-19.693077,32.41231,3
30.12014,-4.0723944,6
-0.6581456,-21.995743,7
-14.4246645,6.828787,5
-4.367439,-44.289066,7
36.533928,-30.74278,5
-56.906857,7.6780243,2
8.038699,-48.070435,7
-3.2511246,-16.358164,7
47.59978,34.924427,0
31.176859,29.22229,0
22.11109,10.646299,0
54.6558,17.729578,0
-16.70223,15.607654,3
33.781273,20.560474,0
39.954506,-13.017913,6
4.199868,-10.911879,0
-5.382098,-53.784634,7
-16.396154,36.341675,3
-7.1559706,17.015951,3
2.8117733,-61.651752,7
52.05851,1.6487015,1
6.608542,-46.19499,7
-1.1914916,-15.982178,7
-36.041294,-20.206516,2
20.631512,-22.14405,5
-8.826692,45.2473,4
-25.776901,-9.25653,5
-34.96779,47.631824,4
-10.3664875,-53.67777,7
8.0194,16.899654,0
-37.032944,15.4789295,3
24.450706,15.563678,0
23.459007,-41.067123,7
-1.7493821,22.904627,3
-15.541478,48.82172,4
33.246685,41.442978,0
1.6805485,-30.626331,7
-39.810627,-24.98008,2
-12.363501,2.2426558,3
-13.175296,-35.84976,7
25.767143,4.8262444,6
10.842404,30.374937,0
56.1824,19.34071,0
-37.831123,3.0944011,3
-59.88164,11.256998,2
1.585369,-52.071064,7
-38.013138,20.114176,3
16.006363,-44.1072,7
-36.905502,2.2074358,3
21.4956,-22.65994,5
7.33721,-29.56516,7
-0.5059865,3.6656275,3
19.989553,52.178032,0
55.514046,15.863201,0
22.501745,10.957768,0
-1.8971393,17.36924,3
-3.6215622,56.66915,4
21.299604,-50.220882,7
-40.24373,-20.739851,2
-16.911953,1.6051012,3
34.41862,-0.81465846,6
-58.94023,10.795989,2
-19.424898,50.466038,4
47.593082,-30.99124,1
53.440933,22.057142,0
-15.201731,-12.878425,3
-29.153751,36.554886,3
-23.414995,-38.421658,2
20.77676,-22.52966,5
51.393414,26.499275,0
21.840147,47.25065,0
10.302856,2.720436,0
-40.277084,-20.931568,2
8.768845,-38.802933,7
-11.820449,63.60455,4
48.833515,11.618233,7
-10.690775,-40.66252,7
1.1033007,-33.070587,7
9.061403,-5.7661533,0
7.289122,-2.6544483,0
-27.058609,7.2775965,3
34.56101,-37.91618,1
-3.388,-51.497578,7
-25.708225,-7.900212,5
54.254272,4.045351,1
-33.127308,43.92349,4
8.066662,41.67856,0
-60.734837,1.3662739,2
3.6211288,-0.24729042,3
12.484885,-33.836613,7
-34.878136,47.488667,4
-22.835207,-24.804487,2
61.564674,-2.4338093,1
15.382304,34.080944,0
-36.082542,14.080495,3
47.29553,24.806913,0
-3.2025647,-33.722195,7
10.191638,-48.717705,7
30.10655,-11.4737,6
-14.301894,-45.16398,7
8.1301155,25.276205,0
-1.3531055,-50.332447,7
-59.770607,3.186265,2
8.803691,15.113249,0
-35.804928,43.38679,4
5.2673087,4.9170156,3
-24.946487,-7.8644795,5
-26.523968,-44.2492,2
33.435802,4.278626,6
-7.66282,11.944234,5
-26.853207,-29.396315,2
15.015644,-1.581407,0
2.8611898,3.1082113,3
30.911179,-7.2929173,6
-24.841301,4.1284285,3
-11.563724,-45.872707,7
48.85525,11.551873,7
-14.412749,-8.783412,3
8.687703,13.340799,0
9.709825,-52.86274,7
-46.76652,-28.169235,2
-35.75871,22.393423,3
39.56379,-14.177179,1
59.29407,-22.787863,1
7.2010803,-47.441807,7
37.161926,26.782425,0
-25.586405,-46.301056,2
-33.943882,-0.5099514,3
-54.31539,26.586668,6
51.226177,-35.036163,1
-34.955906,49.85923,4
18.253553,46.77253,0
18.055317,24.808012,0
20.318068,25.914562,0
-26.968079,21.65422,3
24.467321,-4.5333347,6
-21.280216,5.620959,3
55.803066,-11.285361,1
14.556683,29.66816,0
50.361347,10.608657,7
-34.895317,47.525623,4
31.888203,47.68354,4
8.466277,20.697037,0
-40.10579,-24.911118,2
-22.655901,-18.433598,2
26.476116,34.694447,0
-31.947529,-47.641014,3
-0.9012307,22.331009,3
11.556633,-13.072986,0
-35.734016,22.532217,3
-26.606174,-40.016552,2
-31.334719,6.7402787,3
51.630283,-6.54381,1
8.35652,44.44973,0
-26.486614,20.55544,3
3.6501682,-57.836315,7
19.889854,29.991451,0
-1.0364591,49.1934,4
-11.356529,8.967312,3
30.984818,28.154467,0
-35.602467,18.335283,3
-11.776628,30.507015,3
11.6982565,-48.37849,7
-15.067907,59.046997,4
9.330256,12.754999,0
-12.518055,9.734253,3
6.976515,-6.600575,0
7.017699,36.093903,0
27.599718,32.29982,0
15.441978,34.072754,0
-17.544546,52.436672,4
-39.5664,50.910378,4
-9.299649,17.80317,3
11.505189,-58.394543,7
-64.98244,-0.6678822,2
-48.087917,-37.362522,2
-3.9701722,40.880238,4
-11.289846,56.052025,4
-47.46168,8.8607235,2
-28.229572,-40.643925,2
-3.8324838,19.723839,3
-53.460182,8.118465,2
21.958345,-23.207111,5
-22.52993,-39.900703,3
-9.973014,28.3581,3
-1.6688828,-12.179065,0
-27.519405,-44.796307,2
-38.108715,2.3092675,3
5.387699,4.932548,3
7.7196035,44.442627,0
14.178618,26.440826,0
-19.422241,-58.293354,7
14.655881,-26.528135,7
48.79303,11.093363,7
46.760788,-30.095993,1
-26.512133,-48.116943,3
-14.424124,18.623281,3
55.688217,-11.259781,1
-17.265238,1.5094173,3
55.38038,-3.027253,1
45.18334,-2.8710792,1
6.207781,-23.43169,7
-36.106552,-26.943602,2
-5.522784,-22.802803,7
-32.368774,-44.00942,3
37.174667,-3.5462635,6
23.594212,37.194748,0
7.3154364,33.69796,4
33.81864,31.00123,0
-21.166986,32.03387,3
57.28458,24.715136,0
35.33903,-16.369652,6
40.75954,-41.671696,1
-51.713627,14.778279,2
-0.70674783,2.4771504,3
17.656143,-6.3043966,0
-12.410741,53.206474,4
13.442174,13.585142,0
30.740334,14.21581,6
-15.374319,50.158783,4
20.090092,34.99492,0
-4.568931,40.829098,4
-27.653025,-40.45384,2
13.39264,39.947304,0
27.82153,25.709684,0
7.506877,-29.701393,7
28.787539,-28.482592,6
32.886044,24.500084,0
6.3762703,-40.021076,7
-8.696194,53.05087,4
-7.54063,-41.189552,7
-33.161724,43.92165,4
29.825165,-8.214708,6
-0.63752145,-20.896637,7
-3.9990406,-5.540234,3
-14.435664,6.7599163,5
29.747267,38.94185,0
-42.83522,-28.623165,2
-20.01813,21.234596,3
12.415932,2.19099,0
53.606277,-10.305714,1
-4.3787165,-32.84635,7
35.958336,43.931038,0
55.299873,20.94556,0
31.191349,33.871147,0
-21.34585,30.246397,3
22.292963,1.1480843,6
-3.1461082,58.15923,4
-26.73108,34.441456,3
13.12006,-58.551815,7
18.379305,-14.304665,0
61.57197,-3.223079,1
-3.3630376,-15.05909,7
2.4385371,-40.541344,7
-26.381641,27.01483,3
11.691611,20.074135,0
-36.332584,-46.75327,3
25.738295,-14.355119,6
13.577685,-9.291699,0
13.323524,-17.655163,0
21.248514,-20.679562,5
-30.023901,36.288307,5
-7.749639,-19.102087,7
-32.901222,18.195805,3
24.379503,-46.025852,7
52.67734,23.232647,0
-34.392056,-48.438683,3
10.562729,2.5618308,0
9.60471,-40.434364,7
-29.70537,-48.819084,3
-11.173413,52.79797,4
19.668331,35.102077,0
18.376774,-40.454624,7
22.9639,-28.2093,6
56.5999,-21.494865,1
-1.666005,-45.81717,7
-2.9854615,39.71285,4
16.906042,-15.428938,0
14.653554,29.76475,0
6.9750037,-38.451466,7
-62.20952,6.7545385,2
-4.485442,-38.172985,7
-45.976444,-24.320211,2
-47.162464,4.8050594,2
-24.469053,6.796918,3
32.190998,47.44234,4
-13.043212,26.010288,3
-23.11356,6.399778,3
-36.992744,31.924618,3
28.794199,43.94398,0
37.430534,30.936499,0
-35.98999,-46.876266,3
18.555984,35.14177,0
-1.6981798,57.485054,4
39.197117,-8.788602,6
9.188159,1.074898,0
-35.16072,-45.613007,3
2.0265896,-37.32627,7
55.268055,15.763862,0
30.553392,-24.7223,6
-5.5599456,-38.801434,7
-30.010551,10.525469,3
42.705116,-37.992504,1
-26.952166,-18.797785,2
24.926006,-14.584453,6
24.948896,57.389915,0
-3.5010672,31.035637,3
-23.189938,-40.137836,2
-20.623026,31.352253,3
-45.780186,35.39108,2
50.885868,-7.1088367,1
10.288516,52.22051,0
-5.914894,31.76944,3
4.1221175,18.800352,6
-19.333622,-58.311752,7
53.07043,22.015991,0
18.20978,35.030235,0
4.0343523,36.47041,0
11.095394,9.617994,0
-19.566833,21.817179,3
-28.078316,-48.785385,3
48.612854,-23.665716,1
9.807491,-47.21023,7
-12.777809,26.429008,3
-3.7544975,-33.726353,7
-3.7666945,-5.0741253,3
6.096361,-7.018438,0
37.87894,27.484638,0
9.894788,16.69888,0
-30.510487,-26.853554,2
-10.127506,25.54051,3
0.4216936,-19.58529,7
30.650621,3.6239138,6
20.632484,-37.404274,7
11.176477,38.107445,0
-48.60027,-34.97178,2
13.560089,1.6386963,0
-22.147085,-25.472895,2
39.928795,5.276613,1
15.720546,12.374176,0
-3.282725,-15.637019,7
37.422886,-17.575026,1
58.83012,-11.809678,1
-32.118355,-2.3590474,3
19.982452,-39.428753,7
8.273949,16.82655,0
-2.268797,-48.586517,7
18.47081,-14.25768,0
17.73253,-14.7331085,0
7.753359,25.23298,0
-0.45655283,-50.73298,7
17.65437,-56.874897,7
8.147809,40.726147,0
23.22874,-28.968739,6
-7.4874215,33.291645,3
-52.8816,-32.724144,2
-17.523619,52.373993,4
1.1331998,-61.18045,7
-60.675697,0.49278337,2
23.244171,1.0353187,6
31.450415,-23.17027,6
18.091246,-14.4892845,0
31.757912,2.3477767,6
51.624775,15.53794,0
54.772285,1.8264873,1
-13.5174885,52.003784,4
-19.789175,26.970932,3
42.867596,-28.076368,1
-27.82042,14.884473,3
-5.7715983,-49.591644,7
36.192513,-29.472416,5
1.1498672,-1.7594438,3
-39.998894,-20.911459,2
25.504236,35.981415,0
-1.4567465,-10.807073,0
33.123894,35.492268,0
-38.78447,44.44623,4
13.484356,40.054054,0
-30.044954,32.145214,3
-3.4459677,12.943215,3
58.147114,-23.079454,1
34.0844,44.317226,0
-7.0650325,54.423515,4
-20.494698,20.593794,3
-61.83454,1.5842341,2
-51.979923,-34.415306,2
0.35084665,-0.38301462,3
42.598778,-36.581623,1
14.9199705,-16.72024,0
-3.9130602,-1.9461864,3
-34.902912,47.52303,4
28.39716,9.188033,6
42.384537,-36.554867,1
-27.99273,17.726118,3
-26.58857,20.421068,3
19.339787,-3.8931832,0
34.287476,31.021296,0
18.106699,-40.59941,7
-33.266712,-29.892656,2
-12.341971,2.4685967,3
32.822674,12.067012,6
-26.95365,-1.8739098,5
48.70624,13.0655,7
23.45447,-21.093971,5
-25.126753,31.075111,3
-54.51851,27.48552,6
3.2002583,2.2078936,3
-6.5660458,54.983654,4
15.230585,-1.4943388,0
-15.600726,-45.86039,7
50.21673,-38.01199,1
-3.9980981,-10.9749775,0
-6.860353,54.856564,4
31.917995,6.561182,6
-48.360912,-10.902917,2
-13.220326,-14.080085,3
23.365963,-41.14426,7
-9.38152,-22.133434,7
46.222897,34.93507,0
32.75233,-19.119228,6
-19.452393,36.997997,3
38.636852,-44.243492,1
11.236219,46.708492,0
-4.43631,-14.826521,7
19.88645,29.979137,0
-53.51541,-20.91512,2
31.58476,-27.725807,6
34.27383,-35.216614,1
48.95904,-37.093685,1
-3.562376,-58.967533,7
-44.352337,-12.2455435,2
38.250004,-18.178478,1
-37.649967,3.1876245,3
-3.1258967,-0.951878,3
-48.827526,-34.458534,2
22.284748,1.1109848,6
21.323704,24.626398,0
-11.489386,55.82607,4
-26.999334,-44.328186,2
37.866257,39.959396,0
0.10353308,35.3551,0
-16.682169,4.979123,3
-40.058834,-21.74204,2
-1.5749629,22.498344,3
-42.095993,-34.423172,2
-56.47779,13.396039,2
8.277478,13.400163,0
-19.259909,8.57308,3
-38.59224,30.080542,3
-8.916649,-4.3156776,3
-17.383629,35.563663,3
-1.0014644,23.556585,3
29.781223,38.13053,0
-27.216227,-43.135464,2
17.830734,51.127983,0
-10.698175,-7.037681,3
0.32927546,-0.09305288,3
46.923325,35.76927,0
19.521305,-49.43118,7
-0.7969153,7.5369515,3
-60.60585,1.0150065,2
25.772068,20.970394,0
0.9494683,-0.9896579,3
1.08554,18.459183,6
-1.0708114,11.072644,3
28.868683,-28.39033,6
-14.948239,-24.439507,2
1.139375,-50.826664,7
-9.369493,9.132862,3
10.804143,-7.8259344,0
-10.631394,-40.593327,7
-52.806152,-31.575432,2
-10.576911,10.57293,5
-26.953918,-20.138866,2
29.109121,9.008207,6
57.63219,-2.3478425,1
-3.7413008,4.6918063,3
41.105778,18.015331,6
38.193943,39.040382,0
9.825964,-56.03188,7
58.81271,-23.550823,1
-26.075083,-1.70526,3
51.29555,9.885394,2
-50.316315,-22.136156,2
-49.13807,15.2281065,2
-61.657944,1.3322188,2
-31.237207,-25.892744,2
12.531544,-18.484066,0
-19.891817,21.388727,3
33.38032,33.88866,0
-51.417953,-1.3381494,2
-35.420612,-20.014063,2
-20.212067,-5.5036316,3
-5.71117,-22.628162,7
21.556368,15.372415,0
-52.742645,-32.31282,2
38.523552,-18.26522,1
-26.110592,22.561132,3
6.7372413,-10.502608,3
0.23031917,-19.21411,7
7.5953836,-29.66847,7
-38.493332,24.411392,3
17.102413,34.185295,0
-4.309358,-32.75739,7
56.789192,-16.932156,1
26.212376,29.625942,0
39.8022,5.4426045,1
16.163185,34.046944,0
-19.772455,-26.759151,2
-37.821247,-47.592068,3
-50.19584,-36.840256,2
-42.051746,-34.77364,2
-32.152668,17.233225,3
-14.705765,-22.929697,2
-9.83876,63.201202,4
30.36265,-3.8204267,6
-17.822613,15.553591,3
-41.57345,-27.3607,2
-1.8237615,40.746147,4
-15.090173,-36.88676,7
-38.65315,44.435158,4
-39.869823,-8.277166,2
-12.227096,7.3722916,3
-31.68767,36.44726,5
13.378938,40.32294,0
-44.40605,-12.148293,2
33.61761,13.168548,6
-2.816112,-56.845093,7
17.69605,-56.906574,7
60.046673,17.767357,7
61.224922,-1.9793698,1
-14.313943,-55.848705,7
-18.808153,20.61447,3
-2.896067,-53.81175,7
-48.975975,-12.225123,2
52.033577,-28.060497,1
-15.731126,-21.430199,2
-59.781967,3.0787895,2
-52.080914,12.786685,2
-11.583473,-36.923885,7
18.471241,19.252022,0
35.72656,-9.924332,6
-27.346745,-8.099958,5
23.657774,37.116413,0
30.05528,-7.628738,6
40.327072,-11.244145,1
53.195366,3.9417365,1
-19.702833,-32.97697,0
-16.586252,5.2421513,3
11.726555,38.065113,0
-1.9222378,23.498766,3
14.852712,10.801228,0
-41.496506,-24.853394,2
-15.1021805,19.163939,3
21.102507,24.948595,0
48.72421,-23.380163,1
-35.132915,-34.435326,2
29.356844,-1.5172758,6
-14.19718,31.335722,3
-19.274496,9.798491,3
7.1556706,40.984337,0
-33.142483,18.565363,3
50.353973,11.821155,7
40.0977,-10.367804,1
11.206712,46.918682,0
-15.738678,-9.656169,3
-30.97757,30.73451,3
-40.236053,50.636528,4
-20.461649,-5.818621,3
-27.480177,-8.078713,5
8.238282,25.292717,0
7.498183,38.908947,0
53.16645,3.8484287,1
51.141846,1.3941021,1
0.11056361,-17.702097,7
-7.978065,-1.1324835,3
-48.69316,33.995296,6
-53.328976,27.673527,6
30.820324,27.901442,0
-38.97348,46.257435,4
20.557543,-23.428402,5
48.9127,-37.386784,1
10.223789,-39.134335,7
3.5964634,19.571072,6
20.395788,15.9141445,0
12.799219,51.948364,0
-47.09215,-34.04854,2
-29.823162,-41.12755,2
-20.607153,-8.248479,3
47.62106,-24.051569,1
-11.839761,58.13755,4
-26.90427,-20.12744,2
-11.220757,51.363964,4
-1.662354,57.487076,4
16.443989,6.085776,0
-25.030212,-23.773785,2
-1.6753435,-12.163322,0
30.941414,28.078096,0
17.166307,17.63154,0
-11.09871,55.278133,4
24.57334,52.463303,0
-37.004395,2.1989305,3
-30.586058,-46.89685,3
-13.687406,17.850641,5
-8.096453,-22.832088,7
-12.451165,53.19555,4
18.906921,-3.914275,0
23.612339,-29.888556,6
7.0005198,28.378878,0
18.26275,-40.510292,7
40.21162,-7.947739,6
-11.27756,-30.805183,7
-44.031654,-19.694576,2
61.097126,-0.82255524,1
-33.180717,43.920063,4
16.088364,-1.8579803,0
-9.927801,-19.995298,7
-37.250187,-25.887804,2
-7.4799895,-0.86217535,3
31.982565,15.1405945,6
-1.0483272,7.9169965,3
18.006655,7.2638464,0
-29.296362,35.429592,3
-44.839382,-4.1256585,2
-19.467985,-5.278411,3
-45.00088,-6.4520655,2
-20.095419,1.571414,3
-26.688274,-40.00674,2
36.56158,1.6544565,6
17.773754,-56.944492,7
-35.916435,43.443565,4
-0.79027617,-57.06201,7
-64.4931,-0.69496346,2
-20.743603,32.080082,3
59.353397,-7.175658,1
-26.387188,34.496075,3
-16.180218,-46.16388,7
-37.549965,25.486404,3
7.210389,-31.880466,7
-14.500832,-13.552567,3
-33.632927,12.6994505,3
-20.4463,-57.43985,7
-53.383995,26.404331,6
-46.451145,2.8848398,2
-38.582726,30.124092,3
-37.796776,-28.048574,2
-2.7979429,-53.737736,7
38.989124,-43.401367,1
-11.89122,12.560282,5
-6.181848,-37.441223,7
38.518524,-3.7537076,6
38.106846,-17.997803,1
8.752882,-44.06591,7
-54.02539,27.086401,6
6.2604136,28.85237,0
-4.516231,18.108608,3
-41.74301,10.117456,2
7.573272,25.279926,0
-28.897038,35.389297,3
37.411446,-18.044373,1
-1.4218816,44.5919,4
-35.8208,6.4186087,3
-4.9146433,51.798637,4
-42.25104,-33.777893,2
-7.972805,3.5297945,3
9.775945,26.942118,0
11.371587,-60.696556,7
-68.81253,2.6109262,2
7.9611497,25.25267,0
-24.347803,-43.55172,2
4.9597864,-43.83011,7
5.25266,-30.998146,7
11.601643,-8.997433,0
-53.61485,-8.234969,2
-54.27488,-9.781172,2
-35.989357,-27.613272,2
12.628522,49.820663,0
-2.8008118,10.200501,3
-26.42078,-44.281887,2
-56.195385,9.003496,2
35.3295,-30.746582,5
50.7092,-7.9054637,1
-9.069472,56.32419,4
-47.98372,7.343028,2
-49.4779,3.2460792,2
30.776728,-17.136385,6
-47.527897,-8.745235,2
-16.647717,5.085978,3
-63.040718,6.7276425,2
-5.1604905,47.707607,4
10.49372,-8.748595,0
27.311836,-23.32655,6
-44.267376,37.04298,4
-16.089851,-46.045975,7
4.604323,-58.768196,7
-12.652771,63.654556,4
-14.934711,-46.81961,7
33.63725,35.624836,0
-34.529793,-12.812511,2
22.242865,0.9784574,6
28.610031,-1.6205833,6
15.77544,48.346226,0
21.203054,24.583138,0
8.8939085,51.96771,0
0.3941226,-59.464672,7
10.128667,-47.21097,7
-14.327493,12.875829,3
-5.308291,-7.10053,5
17.643711,39.224377,4
-7.487782,-44.83561,7
30.779305,-17.068655,6
-16.939655,1.6277242,3
17.68716,12.311945,0
0.10253353,-19.024067,7
-11.719994,13.167613,5
11.252056,-12.825719,0
50.304058,10.469792,7
34.81097,28.835012,0
24.476599,15.515477,0
-20.267673,-18.438648,2
12.959931,-46.460766,7
19.531662,26.510744,0
-50.93989,-20.22183,2
-9.79163,40.24867,4
-26.80305,-1.6985644,3
-16.287136,32.94455,3
-15.092443,-48.416904,7
-15.253841,-48.102787,7
10.421389,-8.701641,0
60.507828,-1.7550497,1
37.684116,-0.9370961,6
-8.899921,-3.199469,3
6.4968195,29.925056,0
48.703094,13.092722,7
-9.075489,-38.249508,7
-45.77551,35.36411,1
-17.67888,4.864341,3
10.978282,-54.442406,7
32.879574,24.444818,0
5.645085,6.9588556,3
47.435844,-0.30760586,1
-0.1501721,23.110895,3
-26.80973,14.394323,3
-60.302284,-0.16932786,2
11.511386,49.918114,0
12.415695,2.2172744,0
26.230818,-12.485902,6
-22.382942,10.042393,3
40.95552,-17.53749,1
-10.900371,44.359013,4
-63.92406,-0.61676925,2
-51.98707,-23.960762,2
-7.0883403,45.69737,4
9.161718,33.656704,0
55.925705,-19.627596,1
10.40605,42.220436,0
18.571419,51.251743,4
53.11722,-33.631664,1
-3.221067,-33.74797,7
9.481103,48.518475,0
-3.9953423,-1.938429,3
40.226707,-14.068372,1
40.414307,16.86208,6
7.3414426,-29.573513,7
-29.022768,49.935936,4
-14.42685,6.779479,5
-35.058823,-34.295532,2
-12.686324,58.010933,4
24.47104,-30.66761,6
52.279476,21.765831,0
-30.801304,-22.215622,2
-29.432194,35.416534,3
-47.58861,35.408627,1
-4.817753,44.94662,4
25.2497,35.007736,0
8.317374,-45.41669,7
17.052176,17.703907,0
-50.177845,2.7232778,2
31.333385,-30.71115,5
-5.8145475,-33.64464,7
-1.6762297,-29.319084,7
12.318424,-33.250565,7
23.429586,1.0518502,6
1.534776,10.788603,3
50.491734,-22.73715,1
-0.45364976,2.6216116,3
14.618274,-2.289099,0
55.804928,-19.569643,1
-46.693115,35.747375,1
-1.3785026,-51.71597,7
-5.663477,58.833405,4
11.932903,16.678328,0
19.652184,54.21773,0
25.648495,35.56074,0
37.494392,31.158442,0
8.368613,23.362137,0
1.6067829,10.806927,3
39.090866,10.265062,1
-15.543082,48.973278,4
16.144602,-15.773251,0
-46.70642,1.8976485,2
53.32888,-33.032494,1
33.87528,31.02003,0
25.536709,35.92865,0
24.540527,-17.971775,6
-3.3593163,-14.969193,7
57.182625,-1.7405797,1
55.004944,25.659777,0
58.21392,-23.098927,1
33.463303,4.272073,6
12.449646,-33.425385,7
59.446136,15.177531,7
-52.59045,11.355935,2
31.632551,47.92639,4
-22.586388,10.032961,3
6.0563784,33.936443,4
-26.143064,-24.037565,2
-15.925207,29.557737,3
-20.791462,30.261671,3
-17.422333,29.077589,3
16.895868,-51.2285,7
23.564981,46.2154,0
-36.15768,6.3323936,3
-8.003013,29.250202,3
4.1128707,18.748104,6
25.828367,-14.348539,6
48.103477,-29.17883,1
11.119562,41.866222,0
30.16462,-18.628653,6
12.513926,-13.322446,0
-45.422348,21.606602,3
-42.204212,10.371989,2
-44.000427,11.193354,2
-9.56794,-22.070204,7
-15.806439,6.9833436,3
-5.1627812,30.231169,3
22.416954,-27.252008,6
-51.10621,-19.357595,2
-24.895828,-43.94486,2
-35.819042,-19.449574,2
33.71446,30.98214,0
-30.700914,-26.756432,2
34.547123,-4.531811,6
15.222148,-28.157524,7
29.830486,38.14686,0
-1.6886156,-17.247274,7
-3.8115175,-39.950264,7
-20.64013,-7.7025995,3
34.205273,11.716207,6
-14.717781,-12.890416,3
-47.544132,-26.919256,2
-36.914936,32.336246,3
-50.027008,2.762243,2
5.6230288,5.028013,3
23.131851,28.211212,0
-0.6384433,3.6650648,3
-18.000296,34.29509,3
10.077358,-57.512276,7
39.973057,5.1231704,1
-18.27934,-25.854822,2
-39.968456,-24.955357,2
-24.029163,-43.309563,2
-36.41157,-19.36339,2
-21.213152,16.839417,3
39.57299,-14.129236,1
-48.66777,-6.230125,2
-10.899728,-29.409178,7
-2.8084714,-56.862995,7
20.507069,25.762236,0
-36.307915,-46.963722,3
-15.086578,-36.897327,7
7.2527585,-57.28434,7
-11.529263,-60.044643,7
-46.377785,-34.160168,2
21.899996,34.235477,0
-9.431774,-20.978228,7
30.296267,-18.5573,6
-20.11238,-2.481817,3
-35.52232,24.373283,3
11.561589,12.434353,0
-5.510649,22.786919,3
17.572727,8.003117,0
-28.900084,50.307186,4
36.89892,9.371991,6
-18.569103,21.132605,3
-8.749303,56.434776,4
40.992252,-17.523,1
-6.7731605,30.487917,5
-5.3805494,18.527924,3
-48.66028,-6.2131743,2
-19.79284,-55.350754,7
26.517012,34.62421,0
24.070673,-0.9914998,6
-48.30671,-8.303576,2
-3.916641,8.9355955,3
53.504425,20.288239,0
-16.886858,-24.982449,2
26.414618,-14.285884,6
44.87786,-17.591488,6
-23.330797,10.088122,3
-0.25493503,-30.754677,7
-34.93286,-21.097515,2
-11.820891,30.395687,3
-7.9284596,-28.088812,7
-9.10381,-4.3574686,3
9.015985,21.205908,0
-7.661323,-15.34717,7
5.7271295,-55.793808,7
39.93939,-42.734745,1
47.96656,25.704304,0
7.2986336,-53.01822,7
-14.807882,-46.933117,7
18.253666,-40.506935,7
15.178561,9.493513,0
-1.0032486,22.35573,3
-66.843376,9.417823,2
21.299255,-50.521347,7
-12.352927,57.990673,4
10.398057,-47.460804,7
-1.2011796,23.67724,3
36.622562,26.16886,0
-25.57381,-9.605006,5
-61.530712,2.695056,2
7.6061225,-17.275887,0
37.68282,-38.11797,1
-10.484055,-40.39011,7
-23.337448,-14.660255,2
-11.2114315,-30.703817,7
41.005795,-35.87249,1
-17.91821,15.496041,3
-43.80969,-23.053686,2
-4.055438,-23.756674,7
-53.88401,15.104311,2
-42.714977,-22.202888,2
16.801727,6.0405097,0
8.433972,-51.842014,7
-57.98198,9.0573635,2
-8.966672,17.343489,3
25.570099,35.852856,0
-9.794886,52.2954,4
22.128319,-24.582294,5
37.756878,-40.680122,1
41.136803,-31.022007,1
17.05987,55.46422,0
-1.2191329,-51.63399,7
-35.797417,22.247292,3
1.1629794,4.0881977,3
-61.638924,1.312384,2
-27.419357,-40.284992,2
-7.066933,32.95602,3
7.1291437,-22.683628,7
48.70351,13.092355,2
-15.206473,-9.461071,3
3.8299954,-36.22604,7
-10.193599,52.94719,4
-15.359408,49.897564,4
8.908749,-52.278572,7
21.30637,-50.450912,7
11.440268,49.823616,0
5.234485,27.329224,0
-11.822421,20.507967,3
59.76053,17.220726,7
19.856737,29.97899,0
-4.303127,-32.751396,7
-35.879963,-21.49672,2
-66.3196,5.5450873,2
21.518414,34.804173,0
-26.427845,27.472324,3
-47.712944,-17.566776,2
-15.480824,-11.7103195,3
-4.1818695,19.87965,3
26.095825,57.532154,0
57.987507,-2.1873245,1
41.016354,20.373852,6
-26.482738,14.228948,3
-1.6125661,-17.400307,7
-27.11492,7.332937,3
-26.864317,-1.7961729,3
-48.884365,-18.861494,2
-31.897675,36.30325,5
-48.546528,12.8314495,2
-6.8019714,-49.853737,7
10.209885,10.0166025,0
49.84353,-4.163065,1
-22.280785,28.580086,3
4.776617,-46.101284,7
-5.1805615,18.242031,3
-65.23548,2.956503,2
15.183132,-27.999077,7
-2.8224695,-53.75551,7
17.324833,51.598087,0
14.456323,-41.445717,7
5.3985715,-9.742886,0
-5.262218,46.751167,4
11.823117,20.462715,0
10.606957,-58.685223,7
-18.625555,-20.69131,2
-14.836643,58.641006,4
-27.728754,4.323205,3
-10.863019,28.22049,3
40.892815,3.1766787,6
10.619324,2.4855335,0
-16.925644,12.178959,3
-49.485733,-15.965092,2
-14.326479,18.441334,3
-19.839664,32.32043,3
44.020737,-8.4233885,1
-48.66449,-7.1499043,2
-44.37084,-6.416202,2
-38.087868,-30.274223,2
30.602549,14.248757,6
-8.123671,-22.936817,7
-64.51561,8.797699,2
8.775017,52.205624,0
37.94276,-44.162872,1
-46.557903,11.342946,2
-34.85386,47.476494,4
17.614378,19.53628,0
-28.174402,-6.128176,5
-35.17874,-19.571005,2
-29.993406,10.511392,3
-3.8818257,-1.9289774,3
9.28278,30.053423,0
-1.664085,-12.14864,0
-41.79148,-27.413836,2
-42.406414,-11.318868,2
17.448526,19.636759,0
18.304087,46.738693,0
-29.035437,15.4529295,3
-3.4764564,30.9264,5
-44.24509,-7.7337484,2
7.0186872,-8.595994,0
54.105793,-31.071146,1
-14.260104,30.05809,3
-42.05712,-27.682941,2
-6.6888385,4.834133,3
21.273699,-50.80883,7
7.336616,-52.748478,7
-60.782837,1.3977065,2
-29.567,-0.56879467,3
-2.9642458,9.839378,3
50.22425,-38.015972,1
-0.6656641,-21.080248,7
-10.322543,3.8800323,3
-37.76926,-48.147217,3
24.97116,36.069572,0
61.20253,17.447685,7
-11.736637,30.80764,3
24.4387,17.159973,0
-4.0802,42.34486,4
-13.566844,-3.9577405,3
21.535318,-23.437218,5
-41.04394,-11.808334,2
16.403553,-0.6291613,0
6.3535733,-11.576569,0
15.934226,-3.2618408,0
-7.2682123,-18.769463,7
-53.38822,27.63998,6
-25.983295,23.240885,3
20.616407,25.641575,0
15.655954,-46.37383,7
-36.41463,43.369698,4
-16.188541,-23.586939,2
0.1917399,3.9683182,3
17.654268,-9.465341,0
-28.827507,15.342434,3
10.02347,42.59239,0
-10.602124,-40.52669,7
-14.645297,5.5075793,5
-20.59935,-56.283432,7
-41.733482,-10.528664,2
-3.3557913,39.50388,4
12.502934,-33.942814,7
2.0205078,-60.742153,7
12.551855,1.0341679,0
-20.214262,-57.65398,7
61.615177,-3.3867767,1
4.9291825,56.89905,0
37.025692,-25.753115,5
-33.028282,-44.81385,3
29.871485,-1.939386,6
31.931389,2.107636,6
25.64633,21.256165,0
-64.00274,4.77042,2
32.418125,-26.702415,6
1.163406,-50.843525,7
-2.463034,-48.43953,7
11.52805,-57.901436,7
-3.2373726,39.54756,4
-45.57444,-17.175983,2
-5.141162,18.11512,3
38.611965,-18.100199,1
26.557755,34.59201,0
-54.011597,26.51742,6
53.096752,15.63705,0
-5.0304246,51.85285,4
50.648796,-21.636745,1
2.942427,3.9271655,3
-9.66397,-22.002176,7
10.359027,-2.4059339,0
26.53102,41.288673,0
46.934063,-29.921288,1
47.348125,24.898527,0
-3.5122986,44.269287,4
-29.016684,37.34887,3
-28.619827,4.9947233,3
-23.4781,-40.20463,2
-6.518419,-0.29256392,3
-28.04717,4.213196,3
-11.534681,-5.4639807,3
-47.69596,-13.912634,2
49.88284,22.944637,0
-36.31752,-46.583454,3
-43.03301,-23.713055,2
2.139852,-56.723396,7
-27.24141,7.477841,3
31.195417,-7.401816,6
9.87399,-59.37264,7
-22.043562,-20.40261,2
42.991108,-28.059233,1
13.411342,17.604338,0
-11.056487,-32.594727,7
-15.045701,-9.299482,3
-17.459696,-21.458714,2
-13.188784,6.4996147,3
9.169173,12.959172,0
56.262093,-16.981215,1
-65.62809,2.9889843,2
-28.133934,-41.797802,2
-54.347813,27.432005,6
-27.894207,-8.0075245,5
-12.916222,58.03963,4
39.212433,9.255191,6
-62.70045,2.0440319,2
5.6245985,30.417376,0
1.2009407,-44.472443,7
43.381794,-9.255023,1
-30.194916,16.028461,3
21.379532,30.451641,0
-15.210228,-55.7653,7
5.192561,-23.34367,7
-15.168535,59.28916,4
-42.99131,10.68648,2
-3.7018223,-58.196667,7
52.640923,-15.842651,1
50.369015,-38.044926,1
8.0991125,57.041462,4
14.446226,-41.239155,7
-14.980469,-57.12502,7
20.1053,7.720158,0
-9.856205,-6.1622324,3
-30.809175,-22.168636,2
-34.728233,-12.032021,2
52.224342,1.903886,1
56.250515,3.016193,1
29.253555,-26.664724,6
-6.7036395,-4.842458,3
7.394542,25.468342,0
-21.231264,-26.341461,2
32.96268,24.421926,0
-47.591747,-34.267475,2
-48.280376,-37.108734,2
-28.495293,-7.8877597,5
-3.3041637,-15.365977,7
-11.887193,63.799576,4
6.584038,-13.299474,0
-0.8973476,6.3583374,3
-0.76337194,-21.855558,7
-29.095213,-7.810503,5
-31.860083,-2.6012702,5
-3.3405313,16.062542,3
-33.50658,26.847603,3
10.799953,-7.8631315,0
-30.558506,35.385956,3
-62.72978,2.100379,2
-40.150948,-28.689795,2
-34.49348,48.53019,4
30.787315,38.33476,0
7.601508,56.09543,4
58.04616,-11.897912,1
50.465813,-2.4842587,1
23.936615,36.787514,0
-2.9450278,-43.263264,7
-15.324668,-39.863285,7
13.112013,15.513631,0
49.075966,-37.739525,1
43.488487,-9.178361,1
-47.13878,35.31176,1
-16.223217,-22.95927,2
-3.8910809,40.99568,4
11.619022,-6.8384056,0
10.35513,-57.304764,7
2.5970721,-38.16006,7
-65.46951,-0.11795734,2
-53.631107,-8.260578,2
-46.80032,1.7901143,2
2.1380177,3.968165,3
9.145517,-56.995842,7
-53.15868,-10.889585,2
50.526855,-22.74804,1
-33.380287,-33.405952,2
-46.398823,-18.386951,2
-48.434654,-34.747,2
9.212549,0.9687962,0
15.910024,48.288033,0
9.697987,51.900345,0
-1.718435,-49.440044,7
-1.050336,48.675407,4
-19.973305,-3.014837,3
-3.8430564,2.929527,3
-41.862103,-22.687086,2
10.341,-39.154922,7
-34.169575,-48.22557,3
6.5268435,-16.989801,0
-5.600845,58.823505,4
52.651447,-13.525297,1
4.901519,38.47792,0
6.469388,-17.152245,0
50.024826,-3.9918065,1
13.222626,-17.730776,0
43.33392,-7.848884,1
-17.778328,51.408535,4
-46.51977,9.098055,2
31.329176,-30.664858,6
17.6532,-9.467051,0
53.795067,23.769611,0
31.104784,15.13401,6
24.59233,21.68345,0
9.769224,51.807617,0
-34.089504,-12.502037,2
-0.9196955,11.188792,3
-10.456815,12.164928,5
35.995106,-10.556358,6
2.1033552,-37.084766,7
24.801777,-38.844353,7
-12.615422,-3.445991,3
-41.102688,9.633166,2
-1.7619959,-45.75957,7
-26.081789,24.854588,3
25.575466,20.853836,0
-51.192085,13.289764,2
0.01646341,22.1628,3
-3.7500606,-19.593424,7
-3.8042111,2.5683196,3
-30.94596,16.28601,3
-18.544209,-26.330814,2
-36.531094,44.46619,4
39.99269,19.937174,6
8.160885,56.80828,0
-8.354268,14.521103,3
-30.261045,-43.323,3
43.39124,-9.256831,1
-0.7698674,-40.668785,7
28.5976,-1.6207656,6
-44.351982,-13.10871,2
41.434875,-36.17817,1
-50.270046,2.3868434,2
-48.756813,-13.296868,2
55.122063,-3.069403,1
43.472805,-6.1796856,1
26.392561,34.722862,0
-37.97365,2.298211,5
5.2402697,26.840578,0
-11.238029,55.85277,4
-48.625767,14.256998,2
-4.448666,6.4639225,3
1.2616616,-61.370296,7
-50.428066,4.134464,2
32.012917,6.4112754,6
1.3311112,-51.02408,7
-36.403534,-30.0121,2
5.2715063,26.731071,0
38.31032,-18.194397,1
-42.84557,10.620714,2
-38.467506,44.419353,4
-50.901825,-11.986396,2
17.13269,-41.308838,7
12.690168,-46.2518,7
-29.057772,50.540073,4
-15.803306,56.85496,4
47.383636,-10.367151,1
-14.4374695,6.733313,5
-16.574295,-21.114954,2
-37.31254,46.95267,4
-24.512852,4.0964055,3
21.260324,-20.7269,5
10.432164,2.6327698,0
8.451089,25.434078,0
24.937656,16.344393,0
-48.684135,-6.42263,2
6.4258122,-46.393234,7
-3.498857,30.997076,5
9.594058,-52.802536,7
-49.46237,-19.399548,2
-20.319319,-56.605778,7
7.569808,56.06335,4
-21.998182,-8.765777,3
-3.4265363,58.104168,4
-3.698537,-58.89279,7
11.153424,-54.512424,7
16.996962,-41.21039,7
33.34889,-0.39858863,6
-21.47771,-21.57639,2
-13.655141,-48.782795,7
-19.932209,13.877044,3
40.631695,-36.677925,1
50.023262,-22.623167,1
-48.671852,-6.255976,2
-62.94156,-1.1510359,2
-33.487698,-47.474506,3
29.468498,-1.5480348,6
-43.856117,-24.453178,2
35.129704,11.240133,6
31.468004,-23.48648,6
-9.788047,-6.204116,3
-27.472052,-9.580991,5
17.264435,24.449268,0
-56.38236,-9.520679,2
52.63074,-15.000689,1
-6.9889975,22.204325,3
-62.673653,-1.5505861,2
1.9963126,-45.83802,7
-8.515607,-6.2157006,3
41.022057,-17.50189,1
-7.776798,-3.7849982,3
26.109987,29.633848,0
-35.876526,21.396105,3
-15.050352,19.249334,3
-36.110775,-46.9307,3
14.951298,-27.158514,7
58.69277,-22.22663,1
23.972134,-22.457226,5
-13.289766,-44.919983,7
37.062477,-36.177685,1
-33.988194,-32.763508,2
15.527785,-40.873386,7
-21.0935,9.976149,3
-16.366598,22.054014,3
5.5664926,-23.496565,7
-19.6547,-33.131386,0
33.460617,-37.781143,1
-7.7751536,45.76839,4
-9.230267,28.412733,3
-1.9409527,23.83686,3
-47.878662,-26.73705,2
-26.48038,25.715605,3
6.7428303,-46.12841,7
10.302357,-57.30406,7
5.282585,-41.26658,5
16.534052,-0.5689264,0
28.795778,9.144506,6
22.090914,-24.390015,5
0.5158151,-0.3636459,3
10.795371,30.395752,0
-44.31621,11.655035,2
-11.749572,30.591398,3
53.735035,-10.859133,1
24.184978,-21.63109,5
-3.830969,41.042557,4
12.056381,37.92345,0
-46.345146,2.8862975,2
-26.203476,-47.122948,2
29.884201,-25.150873,6
41.353283,-36.174095,1
17.682655,24.502987,0
47.38768,-0.2793833,1
51.854588,-34.681137,1
-35.550114,43.084667,4
54.394222,-11.333291,1
26.304548,-14.29927,6
-19.99216,-23.275755,2
4.3310814,-30.949207,7
-20.60083,-57.112858,7
-19.665308,-8.217441,3
30.069466,27.624475,0
0.56291676,7.013209,3
18.29655,19.50462,0
-39.796192,43.06822,4
14.783371,10.622362,0
11.176116,46.927895,0
-15.066611,59.04961,4
13.232194,53.243656,0
-27.498968,-9.554682,5
18.038338,24.845041,0
-44.541965,-6.9852457,2
14.082668,-43.560265,7
12.3056965,13.50754,0
-26.958702,-43.11581,2
-60.006413,2.4700878,2
-9.006358,11.201291,5
37.55169,-41.027462,1
0.8333061,18.279066,6
12.285225,-30.014784,7
-18.526394,20.916086,3
16.526867,-54.952343,7
55.749767,-11.255221,1
-26.321514,-48.110485,3
50.195305,11.148682,7
53.17658,-33.297375,1
-19.93191,38.82516,5
-3.7796886,-19.539883,7
57.375767,-22.015242,1
0.2515785,3.958316,3
-39.011528,24.065052,3
-19.95426,-8.449516,3
-14.419847,-55.74337,7
-27.960434,-9.152102,5
-8.504712,-21.520744,7
-41.49718,-15.129804,2
-25.15078,-23.722809,2
-11.7513075,-0.88303155,3
-14.276405,58.491905,4
13.42631,43.34736,0
-22.27136,6.142487,3
20.117786,-46.205498,7
-50.119343,-11.755455,2
13.386486,-5.80053,0
-64.490555,9.412583,2
17.286795,-8.003459,0
15.535841,55.24785,0
3.161497,-34.775852,7
-21.21002,17.758837,3
2.773858,12.539579,3
-14.987597,-12.438398,3
0.051471345,-10.894594,3
56.05121,3.110644,1
-28.777964,10.247112,3
-13.72067,-15.570592,3
-53.3424,27.712656,6
-33.112617,18.517242,3
3.1718595,2.9615538,3
-29.765722,30.743584,3
16.726273,-52.83344,7
-30.04663,36.34129,5
-52.166393,12.719315,2
-16.11085,-46.049023,7
17.991821,-57.032776,7
12.84722,54.599472,0
-1.4397398,56.488792,4
52.719128,25.88576,0
-3.1134422,9.675839,3
14.3565645,26.185066,0
-29.662716,15.665383,3
24.808355,28.96183,0
2.9389246,3.3136842,3
-36.570763,-19.39834,2
-37.190754,25.899618,3
-17.661953,-20.237448,2
24.057642,-0.98938286,6
45.88562,5.475267,6
53.240707,19.388023,0
2.8697639,16.278297,3
22.576553,-27.37789,6
8.11088,13.428924,0
-15.498936,20.187073,3
13.332751,-3.7759242,0
2.035958,-45.9363,7
10.352183,-42.999607,7
-29.388182,35.44704,3
44.6459,-9.96586,1
-39.87983,-8.269668,2
-35.53199,-21.208838,2
-19.529005,19.724592,3
10.803918,2.0953972,0
21.460468,16.706553,0
-48.618893,-7.2192535,2
-4.7844086,7.6604238,3
37.494877,-35.910538,1
-10.84453,40.363625,4
33.913914,-11.290213,5
54.702156,24.236713,0
33.465183,46.351254,4
-2.3602526,-48.475803,7
51.80849,22.876204,0
-14.784329,-13.8276,3
2.0351532,37.39834,0
5.734689,-52.657906,7
0.0731997,22.13884,3
-46.198387,-33.85576,2
9.557378,35.575363,4
-8.687416,56.467243,4
-9.04103,-38.179573,7
-49.170395,-31.110256,2
-6.161285,-16.101116,7
40.289005,20.450718,6
-8.702482,11.668221,5
20.735598,53.08535,0
-62.1603,6.7576942,2
12.816033,28.221308,0
-32.403183,33.64365,5
-24.085052,-43.34058,2
6.8176317,46.32899,0
-26.515314,34.400295,3
-28.893347,-48.87075,3
-22.297184,28.544802,3
-17.818756,1.1907777,3
54.647964,1.1133704,1
7.251679,-54.80988,7
-10.94123,-29.490412,7
-4.5055532,-18.341352,7
20.649292,3.533223,6
8.810133,-40.151207,7
-26.977245,-1.9081737,5
37.012497,-25.705612,5
52.861687,22.034248,0
-58.952457,10.263437,2
14.05572,48.928997,0
-18.73384,-25.527472,2
57.116295,21.429895,0
-11.767705,63.55072,4
10.621241,-32.71152,7
-62.23003,6.7412577,2
-61.99844,4.5739665,2
-12.409574,2.0051548,3
18.618322,52.350147,0
14.297343,26.258932,0
9.261567,-5.3283863,0
35.751614,-30.884623,5
17.12051,-1.3242879,0
-67.47802,3.5582151,2
-26.977222,-20.126892,2
7.8439612,16.929167,0
-36.2776,-47.05507,3
-41.847946,-29.65634,2
43.857197,-28.184935,1
-21.34331,-26.18159,2
29.212482,8.792439,6
1.574733,46.97473,0
-37.284554,-19.383184,2
-22.839445,-18.202408,2
-35.429092,25.559305,3
57.390877,22.0472,0
-19.088337,8.031535,3
9.307304,2.3523402,0
29.573393,49.65516,0
10.35075,-7.8011074,0
13.086474,-17.953018,0
7.231057,-14.06574,0
-21.016579,32.09572,3
53.80327,22.839478,0
9.657896,20.001108,0
-23.292751,-40.142647,2
-64.634384,-0.702215,2
2.0189044,-45.997612,7
-5.1891894,51.73724,4
-8.585415,-28.266533,7
-40.04856,-24.9284,2
-19.726625,27.079618,3
-59.75753,2.906358,2
37.3799,38.847065,0
-12.165485,-31.901394,7
-44.92169,-4.026274,2
11.044644,-7.574015,0
41.11067,-35.910835,1
-13.208297,-45.071312,7
-67.46915,3.6412168,2
-26.423286,14.179175,3
-10.334186,33.412807,3
25.240103,38.428467,0
37.909523,-3.6520214,1
20.204533,8.834445,0
12.42016,36.205,0
-21.43711,-3.8070674,3
9.720977,26.676397,0
49.355324,-4.924078,1
-25.138824,10.04897,3
-6.9315686,-49.894062,7
11.383952,-51.488052,7
-11.826699,20.539976,3
-33.953014,-0.55937827,3
-53.55448,-9.682266,2
12.681041,49.73486,0
27.884472,34.19483,0
53.14102,3.8066993,1
39.220768,9.118786,6
7.1983433,36.158676,0
-38.516132,3.5723119,3
-46.906364,36.02654,2
42.58918,-28.039492,1
32.19898,-19.116125,6
4.790942,-23.583174,7
12.376656,-46.416992,7
44.53105,-18.238085,6
-33.610703,12.68836,3
-29.155827,36.483673,3
19.951601,30.066986,0
-15.769953,-55.372322,7
-6.7324834,19.489079,3
-49.52182,4.2152534,2
7.6428313,-37.279182,7
-21.088158,12.219645,3
-16.543463,5.357629,3
29.646578,-8.236832,6
18.9423,41.705765,0
7.7469406,-53.357502,7
41.49516,1.7648203,6
50.276093,-3.714096,1
-46.747684,34.303013,1
-34.35686,-13.330576,2
-3.074394,-3.6417723,3
56.938786,-21.758755,1
0.69793403,-32.07903,7
-4.3782277,19.993368,3
-20.944855,-32.045322,0
45.369278,-38.070126,1
14.645296,-26.533754,7
8.741526,-55.731503,7
39.070084,10.379171,1
-46.467674,9.745951,2
-26.462826,27.017036,3
-35.185772,49.80104,4
24.654257,-4.480611,6
-49.350224,-10.545403,2
-10.18453,52.80267,4
-34.442944,-12.348267,2
48.712296,23.108725,0
-18.414957,37.18146,3
-3.777315,-39.928917,7
28.17135,-5.8326764,6
-6.3086863,31.293491,5
7.2686644,28.625496,0
39.58851,-14.128221,1
-20.043932,-23.076925,2
-50.786366,-20.879902,2
25.438578,21.711931,0
-33.918713,12.911606,3
46.8066,-30.04579,1
50.57446,10.9670725,7
16.41359,-46.262238,7
-22.779879,6.290558,3
18.597223,25.122427,0
-8.773881,33.40098,3
-15.415344,56.150978,4
-13.938865,18.011501,5
-28.46903,-20.90702,2
-52.58656,-32.304756,2
52.752964,24.73265,0
-27.64979,-9.62677,5
-9.554343,-4.6154118,3
-4.425477,-41.50075,7
19.82605,-13.571941,0
31.724974,47.858128,4
-64.22953,6.6772876,2
-64.41434,10.586944,2
-28.253824,-16.159,2
18.388834,-40.45489,7
-26.387413,27.331463,3
40.898697,-41.375343,1
-7.574187,-44.262054,7
14.624532,45.03947,0
-1.3805194,43.460976,4
6.1527147,-47.099922,7
39.03872,-6.188984,6
-29.976313,10.532914,3
-34.03918,-12.719734,2
1.0708269,-1.2745255,3
39.703762,-22.052881,6
-12.41365,-60.001606,7
-6.205931,-16.165306,7
-0.47287875,7.762212,3
-8.376396,45.61975,4
-43.99212,-19.7112,2
16.433447,-53.673325,7
-40.322918,-20.817745,2
-51.667286,-24.167463,2
50.90698,0.75235224,1
4.0990324,18.815804,6
-48.485023,3.476092,2
-7.3203683,45.906338,4
7.759708,-11.8634405,0
9.416725,2.6389687,0
-8.849037,-3.1311505,3
10.079084,-12.819651,0
-4.9556837,-11.094418,3
-9.323324,9.227915,3
-1.5006834,-36.125946,7
-19.210724,28.321892,3
-5.453942,22.804764,3
25.285692,36.010494,0
9.885737,53.981537,0
7.621637,57.79364,4
-14.40102,-0.26404142,3
35.02991,-4.54187,6
-29.821987,-20.201296,2
-29.516743,49.909668,4
36.238785,-29.44189,5
29.21982,-4.670314,6
-13.110167,-35.872097,7
-19.483498,50.908993,4
-29.45615,51.882614,4
15.326448,37.93265,0
49.217937,18.810371,0
-3.758751,4.5808277,3
-46.473537,3.3345082,2
7.0173407,-8.625919,0
10.9425,-39.192123,7
-9.78187,-6.2098703,3
18.331278,15.988897,0
-9.978443,-5.2969084,3
38.687428,-44.060295,1
52.783165,-13.749779,1
-16.337584,36.366676,3
21.729607,39.95085,0
-27.2147,-40.298748,2
32.742886,49.21507,0
-42.688675,10.567189,2
-56.64671,10.947695,2
36.50812,-8.636513,1
1.4548984,-3.386487,3
26.260134,37.826702,0
-49.233658,-31.126282,2
-4.0931883,-39.09802,7
-7.6562514,-43.55788,7
1.2571422,-33.400246,7
-45.274303,21.72657,3
-38.585255,30.109554,3
-3.854067,-58.265274,7
52.56529,20.381767,0
10.240142,2.700505,0
2.3610556,-51.40384,7
-6.2858195,22.474943,3
28.367552,-27.734241,6
47.513004,-23.752684,1
-7.1329546,32.912804,3
46.86813,38.263706,0
-26.796284,-29.431797,2
-31.410217,-27.281416,2
-4.020671,-22.092749,7
17.038723,-32.41346,7
18.131136,17.340921,0
15.691827,12.389748,0
58.67627,-22.28722,1
-26.64782,-24.66434,2
52.663933,-17.306828,1
-3.2147021,-15.821556,7
-20.817425,-56.715366,7
7.462428,-29.768429,7
-3.3788326,49.818565,4
19.589893,-44.754894,7
-44.90805,21.319054,3
3.583702,-29.82645,7
-0.8429447,-16.520067,7
-40.248985,-28.458513,2
-31.013485,6.531022,3
-32.08449,-29.534779,2
-31.669449,16.598562,3
-25.616825,37.47542,3
30.567732,-24.236288,6
-33.888115,-0.52134246,3
-17.14422,-23.845634,2
-12.174391,-31.96562,7
32.488415,-25.028988,6
-26.275023,20.760996,3
-36.312595,-46.18466,3
-13.630887,-15.62194,3
-3.9663286,-50.88041,7
53.222427,22.071104,0
24.544521,52.42258,0
-3.7274518,4.6578717,3
-27.508026,20.678885,3
-14.269009,-56.19961,7
12.543616,54.3362,0
-51.190617,-20.854874,2
-37.00585,26.084631,3
-49.42363,-37.62284,2
54.734375,24.600342,0
-6.6350393,-21.647161,7
56.28995,-17.504932,1
-59.216522,10.983448,2
29.714075,-8.839096,6
-36.21044,43.445,4
26.696589,-12.0258465,6
13.11768,-19.161615,0
9.216105,21.328018,0
39.994236,17.196012,6
47.51841,34.79386,0
16.838558,-55.838367,7
19.421406,51.460007,0
-0.4039397,-12.312007,0
34.52477,24.405,0
-12.178125,-0.6066518,3
-47.05163,-26.942007,2
-33.152176,18.569902,3
0.050291665,-34.44219,7
-26.831892,-44.25753,2
11.923007,-50.21032,7
15.008137,-27.34793,7
16.688435,-57.022675,7
2.583754,-61.442734,7
7.1139936,40.844944,0
15.366097,55.181522,0
-3.502381,31.06873,3
-20.006842,-57.70481,7
10.087081,-12.749177,0
-38.14822,43.3546,4
22.053022,-24.29701,5
-19.752373,51.434353,4
-50.749886,-19.465467,2
3.8436913,36.167427,0
-14.044392,18.15042,3
40.332237,-11.236965,1
-22.473396,-25.121662,2
-50.168213,2.4928706,2
21.644907,34.360085,0
-18.341084,-24.751652,2
-17.21739,-20.49537,2
25.943428,-23.011173,5
-32.035103,-2.4074857,3
-52.6167,-32.282196,2
24.909128,-44.873894,7
-8.720178,56.497494,4
31.860987,41.813457,0
0.1516177,-54.622124,7
-27.533506,36.24249,3
28.868402,40.290688,4
6.314522,-53.717102,7
7.0545306,46.602158,0
13.206568,43.44793,0
-14.189334,58.87892,4
-44.258194,-7.758866,2
-48.91749,14.134363,2
-56.543255,11.639181,2
-16.093517,15.494921,3
42.42843,-28.005245,1
55.005978,20.50119,0
12.873088,-18.409021,0
35.534595,10.929151,6
-58.339268,9.239494,2
15.651688,-38.085457,7
-58.9813,10.201077,2
-19.85656,-5.3468094,3
-1.3496058,-15.678825,7
-36.6223,14.274088,3
6.197689,-53.63743,7
-8.0686865,29.258507,3
32.799335,-38.55087,1
52.661983,-17.279932,1
-51.17863,13.295437,2
32.93276,24.391788,0
52.38257,2.1436713,1
7.514431,49.093884,0
20.145288,21.850868,0
-14.928443,-9.217855,3
-21.1727,17.302025,3
26.051128,37.94789,0
2.0427332,-46.03393,7
-0.13946094,-18.755182,7
-26.755621,34.453876,3
25.785797,57.470573,0
14.40054,14.568835,0
3.4810107,-29.126049,7
-14.36928,30.10098,3
-12.347549,2.3662722,3
10.257881,54.807026,0
-21.203196,16.911163,3
51.882996,-28.12737,1
30.587831,-24.241741,6
-4.164758,42.259808,4
-12.656031,-15.510701,3
15.057905,-27.617788,7
-28.04229,-8.01179,5
12.390787,55.83994,0
1.2068725,-50.90228,7
24.851807,-14.611385,6
3.161454,2.178097,3
-7.6866665,33.997814,5
53.172035,4.002785,1
45.81896,-9.713516,1
2.6768353,16.321255,3
-14.605165,4.6329565,3
43.465096,-9.821865,1
-27.57863,-9.619567,5
-18.535366,48.798683,4
-16.48407,46.63219,4
-3.8518746,44.68059,4
44.89813,-17.566664,6
-31.466703,16.448713,3
44.820972,-17.699696,6
59.271004,-22.766314,1
51.996,-28.14769,1
51.576862,-7.4001436,1
30.1826,14.213776,6
0.77894866,4.123285,3
-7.753451,12.157933,5
32.643024,-4.789264,6
24.433031,-4.36706,6
8.835781,-55.704945,7
-6.2461486,-29.221325,7
-54.74344,-7.8143783,2
-11.841895,57.966904,4
27.620522,32.312424,0
-47.40333,9.81811,2
-11.092834,55.291424,4
9.147637,33.65878,0
-26.129745,24.327215,3
32.857628,12.030824,6
38.558002,39.954235,0
-13.220934,-35.91579,7
-14.969304,-55.562115,7
54.27402,4.098602,1
51.596096,21.568691,0
55.51768,-19.224037,1
-39.312733,43.170017,4
24.875452,-3.6042144,6
32.589626,12.733478,6
-3.6986902,56.829533,4
4.0040936,39.67041,0
-3.2230601,-15.6842,7
-6.1339197,17.514078,3
47.407055,-0.29032624,1
37.9621,39.947723,0
-41.852337,-27.697943,2
59.53501,16.944988,7
-21.293139,16.7694,3
-26.520895,-24.525593,2
4.4044304,39.96096,0
-26.791079,-44.30288,2
28.70072,-28.896824,6
17.148947,55.472305,0
38.46278,-3.7440257,6
6.500211,-11.577177,0
-8.77915,4.4231877,3
-3.055098,-3.6161482,3
10.544914,-24.497166,7
50.58933,-35.725864,1
15.01236,-28.37784,7
27.77016,25.771671,0
-25.147453,-44.189167,2
-43.193462,-22.010248,2
-19.58947,21.34352,3
-35.41525,-21.1506,2
31.617643,-27.672668,6
13.147854,-22.873564,7
48.25598,-30.670189,1
5.311654,-8.5864935,0
-1.0795542,48.20742,4
9.329828,33.717094,0
-8.483789,-21.395222,7
11.541608,16.331867,0
32.425888,-24.935457,6
-35.556534,27.592962,3
-11.572974,58.774326,4
-44.991924,-19.376257,2
4.1258416,18.818123,6
-59.73417,11.087401,2
-40.04727,-8.073842,2
-16.92004,-55.507393,7
25.36752,51.932583,0
-12.68641,-15.685092,3
-20.238571,-22.804096,2
21.559261,-38.20569,7
25.929018,-14.340565,6
-46.526367,-18.481659,2
0.41297358,-59.419254,7
37.681305,-3.6349354,6
46.120728,35.06315,0
-22.215076,14.235009,3
-13.749886,52.98256,4
-33.129993,18.549267,3
-14.202575,31.334892,3
15.117594,48.550957,0
31.342157,-30.752594,5
21.725365,34.240612,0
49.952156,10.963266,7
-47.53907,14.283001,2
31.239443,22.941126,0
-28.781868,-0.0017127655,3
-9.836884,45.215805,4
50.605423,-22.70212,1
2.9684334,16.294634,6
27.05998,-42.173008,7
-31.98407,36.383636,5
-3.8936784,-28.081455,7
61.133663,15.586477,7
48.06703,-29.165487,1
9.792199,-24.264565,7
12.81437,54.68268,0
-13.727537,17.872229,5
52.291927,-34.33745,1
-2.098824,-52.671894,7
-25.981945,-1.4500681,3
2.0815463,-21.399387,2
39.976376,19.67723,6
-53.756733,15.111279,2
-29.099413,50.037426,4
-36.515915,43.302746,4
-37.910915,-22.80455,2
-12.064035,-3.1324224,3
-15.113726,-47.17465,7
23.043943,28.276178,0
-12.901022,-3.474957,3
-15.145205,-48.313766,7
51.575745,-13.09702,1
23.3143,1.0361996,6
23.523653,1.0662439,6
22.798733,47.51401,0
-2.51468,-0.94405633,3
-48.519417,-34.783203,2
47.346897,-12.271984,1
35.306217,-15.742508,6
40.865765,20.359425,6
18.947033,7.305829,0
17.898045,34.557518,0
43.93504,-28.187832,1
59.24701,-22.931345,1
-15.728453,19.183851,3
55.33567,6.3736157,6
46.352074,-12.251954,1
-16.703648,0.5652881,3
37.36677,-30.294252,5
22.34753,47.398117,0
43.35568,-9.273501,1
22.545292,-22.470291,5
53.40224,16.177765,0
44.527122,-9.891249,1
22.243855,10.953382,0
-3.9264116,40.93426,4
6.4741626,-46.325428,7
-10.870744,40.870796,4
19.03304,-39.414684,7
-19.045263,7.971077,3
21.086744,24.964327,0
25.685223,20.886683,0
-30.970602,31.946688,3
-40.2641,20.4445,3
-39.401844,51.178288,4
-16.89857,1.5439401,3
-7.238018,-5.5859404,3
13.136853,-22.879602,7
-40.892857,-20.30535,2
-36.415627,33.05297,3
46.664112,-10.498137,1
-48.21914,-10.233673,2
-4.3047285,-32.762444,7
14.956126,11.253889,0
48.115704,-29.304586,1
18.476652,35.13855,0
-17.890543,34.259903,3
3.9465027,-36.34512,7
20.585478,-22.887625,5
-31.662823,-47.40283,3
-11.886733,63.793823,4
-35.868877,21.293266,3
-17.190361,-20.678665,2
1.4597391,-3.4193084,3
-20.051502,21.319025,3
8.897942,-8.898814,3
-1.1034262,-25.739885,7
29.725607,51.67691,0
-19.440815,6.8457413,3
44.332188,-18.473362,6
31.35077,-23.551699,6
-50.558853,-22.102732,2
25.661915,21.390316,0
-16.028536,-46.01072,7
27.887217,-4.227995,6
8.727511,-55.703766,7
-10.178096,-39.934105,7
-11.807469,12.938296,5
25.202412,33.622986,0
-14.619333,33.009605,3
35.411076,-16.046463,6
-61.249878,2.697709,2
15.030764,48.581905,0
34.072098,34.098557,0
-13.937781,-3.782083,3
-20.207354,-57.679173,7
-20.446318,-57.566036,7
30.43967,-11.536717,6
-53.446793,-6.882152,2
-21.427525,-20.136572,2
-45.488857,-23.29399,2
39.115448,5.4737353,1
40.722755,-13.265627,1
-54.383717,-10.886071,2
-31.122116,6.6058307,3
-3.6281326,-42.2411,7
-9.786719,44.77611,4
21.598677,34.4485,0
-36.698418,-20.321774,2
-10.82796,44.356106,4
-4.067512,-28.043062,7
15.229134,-57.82596,7
39.911545,-21.911926,6
31.434921,-22.42575,6
-39.56958,23.156454,3
5.767847,6.520434,3
-5.7820673,-19.339901,7
37.662796,-38.146263,1
58.464306,22.416162,0
-17.538427,52.40924,4
45.046696,6.5683775,6
34.16055,-4.0102186,6
17.55195,-41.0891,7
-17.809746,11.837534,3
-16.35771,46.56088,4
-38.919624,44.42414,4
12.437029,55.79855,0
56.968746,-1.626105,1
38.17225,-18.171276,1
-12.468101,23.21044,3
-34.04313,-12.709681,2
-47.809883,-10.411594,2
40.01159,16.969389,6
-16.423458,46.60089,4
-40.635685,-11.84761,2
20.07463,-46.178616,7
-16.07727,-10.049876,3
-9.741839,-20.642977,7
-45.316124,-32.94069,2
-11.072161,-32.61534,7
46.87864,38.350574,0
-29.90898,-48.80416,3
4.2213445,-10.957869,0
38.023727,-44.177334,1
-7.641412,32.83605,3
37.778145,-0.9595726,6
-47.610382,3.5666077,2
1.4464328,-3.352415,3
-54.807835,13.907176,2
-11.325043,-2.1249425,3
9.739227,16.717672,0
-26.78707,34.47558,3
32.775887,39.204365,0
8.18026,56.844215,0
45.805176,-9.7496805,1
57.5856,-17.885708,1
0.88438547,6.843771,3
-16.839241,0.9811385,3
-4.0653615,-40.1705,7
39.58021,-22.11766,6
55.001324,19.650984,0
-27.505758,-24.266617,2
-9.57901,8.336538,3
-10.638095,-40.610813,7
-38.96338,24.043829,3
-10.770139,-53.76447,7
48.89442,-37.4561,1
29.388184,8.469795,6
-3.902713,2.0669518,3
-10.943258,40.36863,4
-53.860935,-4.1520405,2
-2.4971466,-59.432224,7
-4.3570547,-41.7756,7
-4.720426,-51.639633,7
30.403782,-18.300858,6
-2.8672218,13.246958,3
19.477026,53.118362,0
39.223705,8.894471,6
23.259129,-29.182415,6
-22.281101,28.47366,3
-10.3546295,62.8156,4
10.100083,16.702658,0
-12.709327,-52.925575,7
10.888379,30.359556,0
-23.59981,-14.783643,2
-37.34514,26.803503,3
37.17592,26.815739,0
-31.784477,11.435993,3
-15.662962,-24.646584,2
-6.588771,-0.36964375,3
-48.67764,-6.4887586,2
-12.710241,63.698215,4
28.841978,-27.510069,6
-57.00549,11.861693,2
-45.72625,-33.16395,2
-36.648796,14.35486,3
-46.150333,-4.71454,2
-56.876663,7.816651,2
-26.039467,-29.788757,2
-6.521821,55.05901,4
27.838394,34.171314,0
-4.916074,30.021345,3
2.210068,-7.650536,3
-39.858456,-8.256606,2
-3.2491505,-3.772772,3
23.640963,-22.78691,5
47.272552,24.824493,0
49.07544,-37.744316,1
20.23088,18.207176,0
-34.41993,-48.570812,3
-27.089249,21.591938,3
59.039562,-23.448204,1
-38.828995,46.668545,4
-26.891436,-18.698462,2
-26.145622,-29.702877,2
26.183577,37.862404,0
19.954712,30.005287,0
-9.525646,8.278515,3
28.876734,-28.457872,6
5.227402,-14.496406,0
-27.51288,34.93385,3
2.7165222,-61.66032,7
-11.796667,23.027548,3
12.416326,-56.920605,7
37.645275,31.040558,0
13.2648945,53.188946,0
-5.9091034,-40.953896,7
36.75019,-38.13104,1
30.791687,27.846657,0
-11.851462,-12.547192,3
-33.740078,-33.77062,2
-15.009412,0.34036303,3
-7.4493294,5.1464934,5
23.409004,-29.533566,6
53.667522,17.811651,0
-11.8157425,63.622417,4
-39.678627,2.0809975,3
-9.151788,-46.62323,7
-45.92697,39.15165,1
14.360134,-17.096022,0
-53.550125,-8.303783,2
-56.14125,-9.628452,2
-7.2590537,-15.537562,7
38.999245,5.4795766,1
-41.630737,-20.485004,2
-15.007885,58.98396,4
-19.448187,22.689482,3
15.765258,29.59181,0
-10.566111,-40.52023,7
-16.317015,35.193157,3
-5.807855,-54.168182,7
1.4510607,-3.367746,3
-15.332705,-9.5476055,3
-0.14370537,-12.4106455,3
-21.484713,52.75206,4
55.070213,24.640919,0
-3.9226334,-58.324516,7
-45.638622,-33.103718,2
33.108356,-37.59906,1
-19.361116,-58.316765,7
-26.297382,-47.33498,2
33.36812,15.386555,6
-35.14479,-21.102768,2
28.796003,9.144024,6
55.950462,2.442507,1
-13.630263,-44.79601,7
16.576277,6.2078323,0
26.422354,34.729786,0
30.023859,28.94099,0
-4.587599,40.85059,4
-16.81331,0.8639243,3
24.39616,-38.852474,7
26.695251,34.27423,0
-25.964123,-44.192066,2
12.669514,49.742588,0
34.228676,3.3806689,6
-53.209965,27.646618,6
54.82154,1.9117361,1
43.44802,-9.790671,1
20.312555,34.983414,0
-31.402231,33.819553,3
23.987875,36.726513,0
-8.519207,-21.291702,7
28.721762,-28.82201,6
-11.045288,40.61719,4
-26.510143,34.38122,3
44.147587,-9.311398,1
12.470989,12.303685,0
41.834038,-36.57152,1
-4.2261124,42.109444,4
-40.61325,45.05404,4
6.092165,28.37035,4
38.020786,39.07851,0
26.142899,4.5759187,6
5.392829,-55.389942,7
-22.39843,35.82095,3
25.26404,-39.239647,7
0.33224133,-0.04201837,3
23.980537,-30.380308,6
-10.866449,40.86825,4
-51.66857,-35.291264,2
-25.880945,9.800815,3
30.319798,-18.073338,6
9.859628,-55.996346,7
-50.830456,-37.404037,2
-46.840675,-28.028254,2
-32.208103,-2.0912504,3
-7.353848,-16.017008,7
43.422134,-9.888224,1
-30.046244,36.214924,5
53.10686,3.74558,1
26.102009,34.789795,0
34.65616,41.723644,0
-2.7928448,-56.880844,7
4.055331,35.26881,0
41.458267,-30.513157,1
-22.29389,28.535355,3
29.79829,34.721405,0
-26.461613,26.32155,3
58.7226,-22.340063,1
24.463123,-4.345448,6
-11.339504,51.32792,4
-36.397552,-30.319113,2
12.360131,-13.324887,0
17.737495,-56.91599,7
-31.7957,11.387725,3
-9.715887,28.471714,3
-63.223263,9.18709,2
-1.3187133,-15.73171,7
40.16084,4.8208666,1
-50.143867,12.634398,2
50.76587,20.282145,0
55.35371,15.80434,0
-62.891384,2.7713132,2
24.47783,43.082367,4
-35.870045,21.894215,3
-46.638035,-27.998009,2
-27.10443,-6.156958,5
-12.943253,18.49242,5
20.03671,18.413956,0
-0.5516009,-12.232042,0
-24.672209,10.325327,3
11.692413,-32.805145,7
-12.809444,-12.648831,3
-20.760857,-6.686788,3
-18.548183,28.40134,3
-8.125244,-15.46728,7
25.993582,-14.33979,6
-15.742866,-38.63406,7
7.3008585,-14.15192,0
45.006126,-10.441789,1
-53.379665,-6.8898435,2
-8.657068,-4.202829,3
-26.103508,-29.989534,2
-39.550526,-21.156477,2
45.253,-11.181427,1
-9.149674,44.841812,4
19.37903,-45.395233,7
53.22836,21.988922,0
-3.7134993,-19.69283,7
-31.77362,11.405768,3
-47.887524,-12.120075,2
12.381828,43.846687,0
-3.890681,-5.3330197,3
21.88922,40.236828,4
-16.665306,4.8521447,3
-36.590683,14.241993,3
-19.282562,50.66985,4
39.809097,-11.253496,1
28.928625,9.09595,6
2.006963,-46.383327,7
-14.297261,58.504692,4
-10.401672,-5.0430417,3
14.176326,48.94898,0
24.708412,21.115862,0
-34.092983,-48.245853,3
-13.749905,-48.798424,7
39.742355,-22.029852,6
34.552265,15.437014,6
39.216515,9.197156,6
19.938667,-39.26259,7
-4.4970546,-14.939141,7
7.6932206,55.398426,0
12.351625,36.98082,0
16.762247,-56.55534,7
56.552082,-21.412125,1
-20.23737,-2.2023938,3
-15.469908,9.977966,3
-4.668848,-15.460289,7
-9.266444,18.517788,3
33.457886,35.55154,0
-1.0215548,49.0432,4
-23.38641,-14.900031,2
10.315683,-47.492622,7
-15.168063,-48.20252,7
-4.526344,-51.282562,7
-42.701107,-22.956932,2
15.642086,-57.643906,7
-23.111116,-21.660822,2
-1.7312412,10.727153,3
13.761878,27.260616,0
15.950745,29.70515,0
-9.37199,17.711683,3
-23.640944,6.6468177,3
42.99155,15.814776,6
60.046043,17.775478,7
33.12637,46.598568,4
-34.868607,47.515045,4
-15.339203,-11.820697,3
-5.742695,20.46434,3
18.11951,40.835175,0
-43.24248,-23.713058,2
9.705437,51.88123,0
48.96495,-37.13184,1
-27.193274,-6.1396503,5
46.34142,35.102085,0
-20.10197,21.256758,3
-35.026047,13.546937,3
55.913296,-19.653318,1
31.320345,-30.645056,6
45.983406,5.421235,6
-24.910793,-9.368738,5
27.465273,-16.323275,6
-5.1142735,51.88228,4
-34.51406,50.035686,4
51.860344,21.631641,0
7.336908,-38.27989,7
-29.889326,10.540408,3
-9.187811,-7.0378947,5
57.320827,-2.151601,1
57.99152,-11.855194,1
15.837264,-39.607986,7
-40.298374,-20.951374,2
-8.054143,-33.72171,7
-22.59676,-25.008717,2
48.53716,22.76136,0
-16.106966,49.446144,4
1.8844023,37.280262,0
30.66196,27.703718,0
-28.622192,-8.768934,5
35.491978,-9.604416,6
-4.5302963,-18.333792,7
-33.1841,-48.84504,3
-3.4902496,19.679375,3
-19.292212,7.037341,3
50.936886,-35.33902,1
-43.141956,-25.076654,2
0.4319097,7.0610304,3
37.203754,-17.441925,1
13.502098,15.184289,0
49.208122,-22.66298,1
19.52155,26.511654,0
36.81778,-38.128872,1
-36.822678,26.170197,3
-16.347643,22.210865,5
-13.676102,-15.615408,3
-8.0693655,-15.40423,7
12.86339,54.53995,0
-9.57884,-28.446196,7
10.390873,2.6353688,0
-14.721562,-37.095448,7
-10.539698,-29.098465,7
-18.468952,36.999367,3
32.494297,-24.909027,6
35.052723,28.551487,0
55.027122,25.783916,0
-19.151697,1.9489994,3
-8.783533,-37.748497,7
-20.181917,-57.587574,7
-36.966263,31.94121,3
32.992085,-38.856133,1
40.86799,-17.581116,1
-2.7888007,58.23217,4
9.428817,-40.43136,7
17.12297,55.467175,0
24.694681,16.364931,0
19.487339,26.499428,0
6.973105,-6.572108,0
-62.26339,6.5905194,2
-10.632772,-6.99708,3
33.215195,36.503002,0
-27.341885,4.5054126,3
47.613884,-31.009031,1
49.0228,-23.746769,1
-41.175514,9.695929,2
-22.27502,28.715134,3
24.458704,-46.831154,7
60.49457,-1.7685659,1
36.885143,-38.079433,1
-34.621555,-45.534683,3
6.230326,46.676895,0
47.729443,34.925037,0
0.02035937,22.146196,3
-39.983894,-21.748571,2
-31.899302,-25.62683,2
36.99897,9.100897,6
31.136957,-3.1604772,6
-11.328558,-32.662445,7
-11.312079,-2.1617954,3
14.001779,-14.356329,5
-36.87138,44.608295,4
-32.130913,15.025922,3
8.18802,-13.293778,0
-4.0592837,-40.302433,7
0.79061466,7.885027,3
14.060704,26.50594,0
20.55708,16.346832,0
15.911513,55.29543,0
3.153858,19.876352,6
43.811504,-28.179667,1
-8.680327,45.594833,4
-37.509327,3.290695,3
-42.784786,-33.973602,2
-18.61928,-19.696905,2
52.378693,18.874804,0
51.010677,0.7715624,1
-27.167797,21.849432,3
-3.477599,30.94117,5
9.486884,36.732162,0
13.062796,-3.95709,0
-23.884455,-14.677709,2
-27.84203,-40.50915,2
37.53001,30.932188,0
-50.05628,2.6373847,2
-9.144362,-46.628254,7
-34.819607,42.4725,4
16.00076,29.662771,0
31.136112,29.26691,0
-11.2607975,-60.0354,7
-40.705814,19.37478,3
-19.891184,-5.3595734,3
15.138805,21.285437,0
17.846731,-3.3104014,0
45.713253,-13.334082,1
12.295799,-33.833984,7
-19.280403,9.742554,3
22.052639,-23.603333,5
-16.125854,-55.44611,7
-5.1766086,54.94102,4
34.032726,-11.107001,5
-24.753082,-13.980854,2
25.211414,-49.400112,7
27.092398,-41.68469,7
16.023186,-1.6962754,0
55.3415,6.1129637,6
-12.249753,-3.2191567,3
33.45797,4.265048,6
-20.069695,19.219397,3
-0.6135925,11.472176,3
9.220469,1.035593,0
-59.927917,3.6163268,2
-21.268253,52.106472,4
50.42717,-2.4430828,1
25.152506,-49.218567,7
-0.4366791,23.341583,3
-48.885918,-35.508965,2
23.579103,1.082175,6
55.09299,20.496513,0
6.200789,-58.002636,7
38.476517,39.95243,0
55.956333,2.3769953,1
46.86994,37.841087,0
-50.942307,-18.312063,2
-38.616646,30.055552,3
-29.653723,5.447165,3
13.558722,-46.4895,7
0.6905431,-19.852524,7
-6.6851892,30.607393,5
-46.06441,35.413612,1
22.085798,47.368885,0
22.82648,28.548714,0
35.98522,-36.84061,1
24.34753,-30.486258,6
12.551277,-58.812878,7
24.389961,-46.750526,7
-15.720149,-38.649227,7
7.7013607,55.42295,0
-34.53051,49.97547,4
-63.034077,6.721043,2
-32.272232,21.771198,3
27.968306,-27.894695,6
30.136072,-7.5354414,6
13.116173,-28.87126,7
56.34359,21.184649,0
8.8873825,-6.0490985,0
52.96187,-33.81117,1
-4.564324,-23.399261,7
3.0879312,-7.6330647,3
-34.74179,-33.93352,2
40.112366,17.724007,6
17.666077,-9.473083,0
-6.611619,19.366056,3
-0.21141456,23.17054,3
-12.631772,30.133545,3
-14.104916,59.212517,4
52.508087,-13.860747,1
21.144802,34.87858,0
8.306306,52.570057,0
56.589687,-2.180795,1
-26.393349,20.662054,3
-30.628735,49.298767,4
27.559725,8.88975,6
-32.29105,17.371202,3
18.50241,41.286057,0
-17.725714,15.627894,3
23.333527,-25.076756,5
17.308237,-1.3726122,0
-35.590553,48.00495,4
12.545896,-1.3706688,0
-40.111847,50.897396,4
7.3884273,47.268337,0
10.278891,-39.28461,7
-35.687634,43.366787,4
14.239615,8.290986,0
0.9377375,-37.50634,7
34.766205,-15.453257,6
37.665836,-38.121643,1
12.283061,13.617069,0
38.164284,39.026985,0
-7.91569,-28.120056,7
-7.3507676,-44.405388,7
-8.955494,-38.04773,7
-3.0987048,24.320856,3
30.728811,-17.29625,6
-15.065954,15.285105,3
37.94218,33.264515,0
22.255577,1.069604,6
-58.862137,9.906406,2
-39.50149,43.248528,4
-39.255276,50.93066,4
-31.147156,6.6352077,3
17.084496,24.254513,0
52.705708,20.584774,0
-21.338688,52.26833,4
-9.159498,-46.59963,7
-34.390385,-13.119393,2
31.807682,41.81912,0
-4.449684,-37.952736,7
21.353607,34.94,0
16.461107,-53.020473,7
31.452759,-23.079773,6
13.62373,-4.31491,0
-33.633526,-33.668465,2
-3.2175324,-0.9428402,3
-15.620092,-38.595055,7
32.998993,11.94079,6
-35.7042,23.048023,3
1.4925073,12.148656,3
-1.0998516,48.25199,4
-15.415374,-9.667581,3
-16.318583,-23.134235,2
-21.456928,53.04649,4
-17.419365,35.640785,3
-45.386368,35.806915,1
-8.453067,-37.161495,7
-30.164223,36.705795,5
32.134583,6.274582,6
9.023705,-38.913334,7
-45.92765,-33.32485,2
-39.367947,23.580742,3
12.373334,-33.292908,7
30.66397,3.5777104,6
13.286081,-5.712541,0
13.405808,12.306241,0
-53.53328,-9.640996,2
1.1438559,-1.7436403,3
-11.922917,-31.668941,7
8.900158,-53.05297,7
15.5609045,-16.209782,0
56.229664,-19.944208,1
1.4570705,-3.4211662,3
-50.86877,-34.30748,2
-32.271416,-47.686718,3
28.189472,-3.8584545,6
-15.45226,-9.665847,3
-13.9269,-44.822838,7
-25.725218,-44.08498,2
55.206623,15.742266,0
23.874523,-30.277756,6
52.2216,-3.2980413,1
-5.882973,55.84748,4
-11.836376,12.646903,5
-15.775717,7.0855,3
-36.22587,-46.372746,3
-19.336136,6.9604435,3
0.45043147,-34.057697,7
-46.76048,35.858894,1
-62.021954,6.7006035,2
-19.290041,-23.81087,2
6.977864,-6.6659527,0
16.446806,-53.676125,7
23.361258,1.0410725,6
-18.079098,-19.986223,2
-22.929747,10.028585,3
7.416205,13.389385,0
33.082436,46.643715,4
-20.027205,-3.0815437,3
10.432111,-47.500732,7
35.349407,29.540512,0
-24.954391,10.145967,3
-42.845245,-22.98916,2
-16.394588,46.591465,4
-4.239888,5.558285,3
-7.5989056,-34.947628,7
-7.7854476,3.458605,3
-8.778561,11.540975,5
-27.545092,-40.408455,2
-62.934494,2.5186532,2
52.081955,-28.034906,1
9.533695,-4.682672,0
-8.220166,29.290491,5
-2.914286,41.826378,4
-5.3037686,-38.260445,7
-6.445188,41.2055,4
-6.6567335,-21.629622,7
-66.90546,9.290486,2
39.588806,37.472702,0
50.95592,-35.263912,1
-48.612125,-19.604939,2
3.5139122,0.3535364,3
2.3428729,8.060324,3
9.680361,19.786917,0
54.292343,-11.26583,1
43.77705,-28.158405,1
43.389374,-9.256619,1
34.837063,34.444817,0
40.218895,-8.935754,6
40.40997,18.098137,6
-42.545116,-33.982166,2
36.594048,-38.108143,1
55.06248,-3.027149,1
-11.496359,-5.433163,3
9.484125,30.152111,0
10.494597,-35.07103,7
-17.907194,-0.38545907,3
-35.625076,6.6068907,3
-35.62587,26.985178,3
-19.990604,-3.0192626,3
56.964836,18.748693,3
43.42419,-9.898662,1
-46.725636,1.8227828,2
57.335976,-17.359972,1
11.60664,-2.8502858,0
38.128746,33.042477,0
-47.922176,7.531077,2
36.46535,30.708748,0
-14.618363,15.125847,3
33.7802,-3.6994486,6
-53.20036,27.662766,6
21.588747,-37.1942,7
30.749823,27.785332,0
2.0254486,-37.271645,7
-11.751365,31.687971,3
32.59449,-25.912888,6
45.074455,6.5268507,6
-21.01292,12.327282,3
31.294985,-30.46584,6
-11.532196,62.427055,4
-26.44524,-8.17773,5
46.69549,-23.24973,1
14.778637,-16.733658,0
-4.6790204,18.057655,3
8.253281,-13.916772,0
-16.357777,46.56863,4
-4.1533976,5.689482,3
59.35816,15.591821,7
34.213123,40.770638,0
-0.8228209,-19.110842,7
18.248585,7.150835,0
6.487633,-40.340813,7
-47.37192,-34.09606,2
-37.925457,20.141205,3
-14.284776,-0.31019348,3
19.634842,-13.665279,0
-16.366903,22.652374,5
46.64561,34.809788,0
41.04946,18.514084,6
27.256018,-42.59567,7
-27.92931,-40.545933,2
-45.68789,35.410583,1
12.049602,-33.022686,7
-4.4890547,29.636972,3
40.707092,20.326782,6
-30.054474,10.489064,3
36.07691,2.6019492,6
-56.315613,11.5365095,2
-38.89706,28.79277,3
7.8566937,-11.948377,0
-35.306732,-45.655655,3
16.48461,-55.109295,7
30.943125,22.585304,0
-17.268248,35.459988,3
-28.665892,4.9139643,3
-43.692986,-3.0330296,2
32.809288,24.43426,0
33.724983,-4.3834033,6
50.136295,-13.24357,1
38.18805,28.383585,0
40.731503,-35.965656,1
17.913155,-40.70204,7
44.990173,-10.040364,1
-21.660404,-3.8658319,3
30.12535,7.838758,6
-29.99244,10.484105,3
51.59815,-6.563454,1
-9.935832,-39.580963,7
-0.53768265,-20.325886,7
-14.24426,-8.770555,3
-14.275869,58.49325,4
-67.44758,3.3237648,2
-29.795773,15.732082,3
-32.101635,-21.328451,2
7.1654863,38.917187,0
15.580105,-57.69574,7
10.1339,-39.147564,7
-39.14365,-22.025713,2
-4.063743,19.822077,3
-4.582293,45.108597,4
-0.364731,23.298656,3
-15.721325,7.2871346,3
-36.954056,3.0043678,3
50.15432,-36.810497,1
50.34329,11.476472,7
-21.163052,17.9284,3
11.098722,-47.371296,7
40.155632,4.778975,1
9.934891,-44.33578,7
0.07337577,22.149647,3
6.241054,46.145508,0
30.933226,-10.952548,6
-7.695074,-15.27014,7
-40.21181,20.503231,3
8.80594,-6.1468625,0
52.85264,3.4798472,1
29.61729,-25.44114,6
-19.92077,-55.419056,7
-12.207786,-32.25026,7
-45.129868,21.467846,3
32.03121,47.51842,4
16.25319,55.339462,0
-3.8492599,-58.604214,7
-53.85222,26.946165,6
-44.423412,-6.050976,2
-2.4272542,-48.44456,7
-50.527527,14.195146,2
16.590597,-53.577866,7
3.0429275,33.885593,0
31.161703,3.0331907,6
28.957064,32.899525,0
-44.4554,21.506222,3
-16.494545,-56.348083,7
-2.5116403,-18.98149,7
36.269436,10.356834,6
52.828125,25.764019,0
-53.12593,-10.9431,2
-15.399378,7.598009,3
2.0864937,3.1339903,3
-35.789608,6.4128823,3
32.898666,39.268845,0
-4.548125,-14.984648,7
21.25516,-12.15257,0
20.606249,-22.073904,5
-36.061073,6.3606067,3
33.909153,34.056755,0
-36.930576,31.957323,3
-28.110706,-5.93731,5
2.822827,16.508926,3
-13.16385,25.912079,3
-37.997116,-48.028015,3
-54.630962,-7.1646676,2
46.140404,34.430252,0
24.222994,-31.031155,6
28.708815,-28.763666,6
-6.8828154,16.168829,3
23.673973,-2.581788,6
31.481813,-22.660744,6
-13.526032,-4.621903,3
55.184433,22.769753,0
-4.384093,18.030767,3
52.155697,21.895191,0
-36.469063,26.570772,3
7.5540166,-17.331451,0
-16.360998,46.554184,4
-26.133627,-29.59064,2
36.76807,9.62375,6
47.34045,34.92417,0
27.546848,8.676037,6
26.083073,34.89025,0
25.134527,-3.1382504,6
38.98034,5.416512,1
1.1113931,4.093589,3
30.649567,3.6131482,6
35.779377,-9.972723,6
7.8937697,-2.541064,0
-35.60159,-20.277657,2
21.951015,-24.10327,5
23.658068,-29.9632,6
18.49292,11.181345,0
31.562382,6.9894533,6
-14.171905,-56.179184,7
10.768824,2.1201818,0
36.377144,-38.084743,1
42.515152,2.5448296,6
-46.119473,-27.973104,2
-23.744116,-14.662696,2
-22.554396,-40.109238,3
-36.1973,14.131091,3
37.092506,-3.5091317,6
1.7128092,-30.645239,7
8.335462,-29.450027,7
34.72232,15.095481,1
48.055943,-30.605076,1
20.434498,-24.307365,6
7.192196,41.09367,0
-6.3787503,-17.556543,7
14.337083,-17.09921,0
-46.67529,-14.417919,2
57.03198,-1.6537066,1
-16.914438,-26.950146,2
-26.674356,17.441572,3
17.210896,20.053774,0
-10.847473,-5.4712095,3
18.602667,46.528526,0
-12.323882,2.5781503,3
16.554174,-53.55244,7
-1.5346731,44.82722,4
-11.534826,62.161346,4
-2.9933405,-28.757935,7
-9.167873,-46.606525,7
12.195846,53.94837,0
39.866325,-21.94095,6
-5.6816726,-54.4807,7
-44.791523,20.957806,3
-8.421624,-32.900063,7
-43.892544,37.157707,4
18.524254,52.261364,0
19.956758,34.9893,0
33.60804,15.471449,6
24.888412,-45.04644,7
48.88353,26.767056,0
-11.132966,-41.463245,7
-46.749065,1.7916837,2
48.83494,23.895475,0
31.996447,6.4875946,6
17.074896,-32.049477,7
9.176024,33.6692,0
12.6919985,-18.592598,0
44.671032,-9.961669,1
-52.723446,-9.378297,2
-25.232979,-23.69773,2
34.30601,15.586276,6
-22.0698,27.581228,3
11.338871,-39.481808,7
40.31094,16.783432,6
-30.96045,30.726257,3
-40.22445,41.80812,4
28.666348,43.921665,0
-0.8565754,-8.145099,5
24.717844,-3.746666,6
-20.138363,-5.474408,3
-0.6761329,-12.16658,0
43.468735,-28.105019,1
50.670242,19.515867,0
-33.74575,12.883703,3
-30.764093,-22.242725,2
45.07821,-8.685803,1
-45.12449,-32.977337,2
15.371561,-30.567717,7
18.344894,46.718708,0
-5.9720383,42.766117,4
17.675085,-56.892635,7
-47.35333,-37.753204,2
-35.636566,24.142971,3
11.909216,39.241287,0
5.9470387,-7.498297,0
22.22675,41.550964,4
1.8730896,-38.82706,7
-5.8495116,26.39548,5
36.58719,26.061037,0
29.792479,37.204273,0
-2.2256284,24.379496,3
14.801198,-26.550957,7
-31.668186,7.2186747,3
-3.498024,31.120838,3
10.317552,54.873703,0
55.80714,-11.327184,1
-10.368063,62.848618,4
17.1712,-15.121518,0
41.00294,-17.523945,1
7.5051227,33.69929,4
-32.98685,50.73365,4
7.182561,38.91436,0
-52.738865,-9.408626,2
-8.9887495,40.93188,4
52.990417,25.527945,0
-2.9338467,-53.859894,7
-52.037476,-34.43866,2
55.816166,15.944186,0
3.479999,-33.27914,7
30.595236,3.675938,6
30.087366,33.42321,0
-17.560875,52.077164,4
-4.441396,-38.158737,7
38.499577,-3.749879,6
-45.884445,-33.258305,2
10.816516,30.369194,0
3.148251,-34.792088,7
-62.480186,4.4222746,2
-9.714763,-28.58288,7
23.956417,42.18414,0
-14.58687,-40.114258,7
-1.6196429,-29.375954,7
-37.0658,15.922284,3
43.43189,-6.2976155,1
-7.9664445,-28.175589,7
23.399038,28.181053,0
35.40682,2.010194,6
53.175583,15.708563,0
-48.48037,3.4904773,2
-44.798607,-6.126688,2
-40.44685,28.64408,3
-30.480593,16.396214,3
-32.975674,50.773323,4
-11.409548,-2.468983,3
-51.941048,-20.301754,2
51.504852,-14.858372,1
51.76964,21.58,0
31.654884,2.4319506,6
-29.995226,9.156843,3
52.807823,25.863409,0
12.11207,39.40541,0
51.835968,21.91521,0
1.0969893,18.458498,6
-14.45673,6.606632,5
3.3527126,-33.859425,7
12.919301,-3.9452212,0
32.839375,-37.39456,1
-19.746735,-5.320098,3
28.49279,-18.700312,6
-24.935663,-44.07483,2
-18.567968,49.087196,4
-16.372269,22.3474,5
7.935886,-10.509445,0
7.0437303,-22.603123,7
-3.7516234,56.96225,4
55.632618,-19.406378,1
16.512327,6.3304453,0
21.049065,-43.93705,7
22.540087,-22.436037,5
-25.878801,-44.42439,2
-30.001062,10.542004,3
55.09733,20.546373,0
7.777111,45.037743,0
-27.119762,4.53832,3
-22.554764,16.677465,3
-35.391747,-34.72731,2
19.67394,-49.700424,7
7.158031,-22.711182,7
56.5402,-21.411678,1
-14.451025,-56.51741,7
17.65824,-9.465753,0
18.50938,-14.237134,0
-51.022892,-21.017876,2
1.3606169,7.0878954,3
31.25941,-10.765623,6
47.43052,-0.30404225,1
-46.378433,10.17033,2
-28.251904,-20.905096,2
-6.9307847,-49.902378,7
15.562218,-30.672298,7
58.06577,-2.9601278,1
-36.964733,31.68371,3
56.516666,-20.922045,1
9.86526,30.327715,0
7.7882004,-11.885046,0
10.328544,2.6804643,0
46.223904,-17.216024,6
-0.5763719,-58.617058,7
30.580107,27.682348,0
3.8076403,-8.690501,0
-7.962883,29.2251,3
-24.602568,-14.118044,2
-14.538891,-23.404562,2
-2.1658943,-48.6913,7
-16.555403,50.074986,4
18.46265,46.64941,0
-45.59665,-10.615904,2
60.225986,-1.4371834,1
7.2036085,28.591618,0
-18.782572,47.986324,4
12.737149,-46.324345,7
19.61527,51.597904,0
-31.861229,36.393867,5
-62.988747,6.6995687,2
-26.494638,-39.99002,2
-25.544111,9.873036,3
-66.11943,6.3591123,2
-45.06352,-32.956524,2
-55.66519,11.845376,2
52.87154,-13.719754,1
-3.6608605,56.741413,4
-35.654785,26.838377,3
-48.476093,-7.2919,2
-32.646492,-19.77538,2
-30.62127,49.30372,4
-29.546108,-0.55759466,3
-36.34694,-46.841503,3
18.583992,7.1820545,0
-17.10527,51.515026,4
10.386383,-52.79277,7
14.5421,-30.237019,7
-46.22889,-34.052044,2
18.238953,46.758038,0
2.0625188,2.8605938,3
-35.67322,33.06149,3
-11.108383,55.30963,4
-6.901865,19.731548,3
-26.480377,26.266624,3
61.628452,-3.4453368,1
29.751379,38.992023,0
-63.999718,-0.60487825,2
-36.555073,43.13156,4
21.57024,15.1573715,0
15.801289,-12.771894,0
-12.215398,26.893534,3
48.797752,11.694626,2
-60.400204,-0.08200471,2
52.36149,-9.712701,1
-42.566986,-34.053318,2
6.6694517,29.673698,0
-12.962245,18.528105,5
-18.911917,28.157633,3
1.4867117,12.196496,3
-38.824715,44.449783,4
-4.0336275,-5.6254387,3
24.700937,38.593643,0
14.208577,-17.205082,0
34.555145,-39.177555,1
-22.284817,13.761328,3
-3.6793103,19.703129,3
17.535803,8.032411,0
7.5464687,20.70237,0
18.10067,-39.761127,7
14.722092,16.095034,0
-10.601756,-29.146965,7
-28.495663,-40.52976,2
14.121509,14.744323,0
-13.882001,-48.79591,7
-5.2311263,47.564545,4
11.539722,-39.26539,7
-45.97339,-4.406379,2
-36.958286,31.966269,3
-7.4365335,12.45448,5
-65.46777,-0.36665988,2
-40.22336,-28.292496,2
-17.084158,1.5693756,3
-3.6027143,-18.20476,7
52.925262,22.032719,0
12.246281,-34.007965,7
-34.831715,-33.92709,2
48.55667,11.564388,7
-11.4863,23.47774,3
-33.33429,-0.6690569,3
21.629513,13.719049,0
6.253905,-22.830757,7
1.5123851,46.984707,0
-26.726904,14.338385,3
-48.822742,-19.184113,2
57.300335,24.696623,0
-21.206896,17.646698,3
8.185849,23.523493,0
-35.621796,43.288532,4
-25.290543,-23.676115,2
-62.516438,10.026564,2
-45.920025,39.154507,1
18.984095,-4.739713,0
-51.89461,-35.32908,2
60.048084,17.789534,0
-29.662224,-48.893623,3
6.9689856,-3.4361756,0
-6.6734667,59.68515,4
39.75886,36.998936,0
14.73462,7.6592703,0
-1.7272421,-17.159063,7
21.299866,-12.04506,0
-12.318225,-52.60533,7
-34.205257,-48.257736,3
-20.07235,38.72206,3
36.533882,10.075415,6
25.646559,21.266394,0
52.921864,4.409076,1
13.149817,-17.82907,0
41.497726,1.7526289,6
-29.158224,37.144695,3
-62.435516,10.045988,2
31.776945,13.246563,6
36.416134,-16.013002,1
-5.036464,51.839024,4
25.269709,-44.320404,7
14.235615,-58.241146,7
-20.187126,1.5385879,3
4.5446606,-24.158495,7
4.4311457,-39.977795,7
-3.5256746,-54.722805,7
-36.85202,44.56874,4
-29.741116,5.5501046,3
30.28956,14.223802,6
10.6435375,2.1923962,0
3.9823523,-30.64544,7
14.998081,-27.249554,7
4.20895,39.822044,0
9.289486,-5.281318,0
9.893336,27.745905,0
7.200468,33.7033,4
55.07585,25.557785,0
50.885838,-2.552217,1
-17.590582,-5.9503894,3
-2.100115,-48.899963,7
-20.594332,-57.15211,7
5.8300123,30.071138,0
-38.699352,24.18455,3
32.493008,-25.001724,6
31.239874,29.003393,0
21.379133,30.478168,0
-36.99646,31.850016,3
-28.425869,48.508144,4
18.27837,46.753826,0
-35.917328,21.58072,3
-28.852245,-48.868805,3
-33.1639,18.588194,3
32.628628,-19.083036,6
-26.394693,7.1178665,3
58.015408,-2.902811,1
-50.52451,14.3121395,2
39.81913,-11.252617,1
9.441309,53.34505,0
-11.64497,63.12654,4
-44.798477,-7.3009973,2
24.847626,57.357758,0
12.264821,13.567943,0
30.748411,-7.261646,6
60.16922,-1.4101036,1
-33.22954,-47.615566,3
-34.30496,49.966576,4
-18.535152,48.771812,4
39.82972,-21.966011,6
13.592111,-4.343222,0
61.090218,15.39304,7
-14.419855,18.739931,3
-8.079341,-1.1292124,3
21.790249,34.143867,0
-34.942184,47.540188,4
1.0591408,-54.065018,7
50.992146,-7.9699025,1
47.121735,-25.881603,1
50.423218,24.056236,0
-17.016108,1.5927842,3
-21.245897,16.814716,3
40.658195,3.526448,6
-17.751337,-27.435629,2
-0.63991827,-12.203784,0
49.696426,26.793268,0
4.550081,-29.660425,7
11.329671,-58.624115,7
-45.395912,1.7011766,2
-47.309097,9.159033,2
-12.962148,26.236485,3
-52.042538,-23.82054,2
-35.984375,6.383924,3
-27.60386,-8.050825,5
3.9443817,36.29253,0
-21.606083,-3.8448524,3
-49.624435,4.2016945,2
31.309986,48.182663,4
-19.799591,-32.13283,0
8.9552765,-52.621643,7
34.255814,15.593649,6
29.11211,-27.232578,6
8.070097,40.681477,0
-4.95034,30.266737,3
9.157965,-5.5357,0
-65.738686,2.7896132,2
-17.762337,51.40845,4
-17.602547,22.992867,3
-30.855774,-42.199276,3
-35.41123,25.708122,3
15.519037,14.693698,0
-7.424665,46.017433,4
-26.529358,-39.968494,2
-26.174362,-47.80317,2
-39.77781,-8.4543495,2
-52.12298,12.717721,2
4.984241,-13.79042,0
54.033916,-3.1566958,1
25.299482,5.0392327,6
-45.972076,-33.956516,2
-38.816143,-22.444616,2
24.735638,28.918146,0
-24.54937,10.332426,3
-20.007147,-3.0451374,3
0.40337655,-33.67238,7
-19.782341,-32.278255,0
40.681458,19.404318,6
-42.630703,-22.249842,2
-46.85121,35.958595,2
-49.433792,-10.476177,2
-51.071606,-20.901194,2
22.920553,37.789986,0
24.425549,52.598133,0
46.27991,4.5740466,6
39.648663,5.495873,1
7.8794656,-38.99785,7
-51.676735,-19.977081,2
6.7966175,-3.6749191,0
-33.458637,26.866425,3
36.58556,26.049978,0
-4.0458035,-5.6664414,3
-26.301489,-23.959122,2
56.17714,-20.85727,1
34.782795,-4.5921717,6
41.520126,-30.43997,1
-58.224453,9.017078,2
-29.338142,15.489031,3
-54.11333,26.532198,6
-28.732016,-49.615967,3
-43.380375,-11.573902,2
-46.465076,9.454188,2
11.707983,20.15931,0
29.229156,-26.959631,6
-32.20275,-2.156081,3
-30.081148,-24.405447,2
-44.319298,-12.203392,2
44.005726,-8.405465,1
-32.12478,17.165308,3
-29.788082,17.928766,3
-28.274128,15.075881,3
14.506777,-16.985048,0
-49.104076,14.097353,2
43.42233,-9.8905325,1
-36.82685,14.3999815,3
57.557404,-22.391598,1
-15.411422,48.9675,4
36.253387,-29.456831,5
-4.2502437,53.313606,4
-45.728226,35.38933,1
1.6534965,10.899508,3
-34.251804,-45.723206,3
34.441574,-37.936966,1
-20.599037,4.6983137,3
11.152767,38.223534,0
21.352476,7.3891187,1
-15.73916,-38.627995,7
-20.274382,-5.5413957,3
20.68114,-49.937508,7
24.030336,-22.193184,5
19.002794,-3.820168,0
-27.395376,33.387646,3
-14.182881,31.331335,3
-51.98692,-20.212772,2
26.59466,34.53243,0
34.526424,45.793377,4
28.568142,-1.6201687,6
40.52455,-36.632355,1
-28.522095,-9.940549,5
-14.025156,-44.928963,7
-27.374905,-17.265581,2
57.162502,21.560892,0
-57.24191,6.188117,2
-11.730974,31.142914,3
6.131031,28.620304,4
15.59156,-7.6409206,0
55.24722,15.759529,0
-19.21323,8.152693,3
-8.723116,11.630264,5
0.7770707,-0.88613987,3
10.477569,9.864846,0
34.258724,-37.95771,1
-19.715668,-26.890503,2
33.95094,24.388458,0
6.6560707,46.21915,0
-26.459831,28.01536,3
-43.720943,-6.4588127,2
-28.085669,-40.62802,2
47.66796,25.38259,0
-22.71439,-41.368565,2
-21.630054,-21.20831,2
-9.481188,-5.175363,3
24.592882,52.41188,0
19.511301,-49.405075,7
-40.038486,50.23992,4
-26.912983,-20.122389,2
11.534564,-6.967825,0
-3.14755,-15.5293255,7
-16.61231,34.76072,3
-19.55979,50.10577,4
-67.65221,6.4620123,2
5.3598266,-43.601025,7
-8.589059,-21.175907,7
9.081013,29.893263,0
13.996657,-17.266857,0
-26.234283,14.439396,3
-0.92700756,-8.121292,3
-3.146109,29.079361,3
27.92905,9.081249,6
-12.345193,2.430424,3
-44.454792,-6.6267056,2
-33.84699,12.752503,3
11.076377,41.694016,0
-9.8057785,-6.1761565,3
14.121703,-17.165277,0
-0.74012,23.437225,3
-27.450878,-9.518303,5
-37.39192,25.695816,3
-10.918487,44.403614,4
16.753643,17.920752,0
-5.2736287,18.397861,3
-10.068785,51.53005,4
43.156067,-28.075441,1
29.569073,-8.6036625,6
57.264385,-17.296993,1
-35.847702,43.37042,4
-1.0754172,49.327778,4
-0.9449676,6.3983865,3
52.900387,21.992228,0
-32.77011,10.899755,3
15.218166,-28.121637,7
-17.196312,-5.0379844,3
58.661804,-22.93209,1
1.7215222,11.347762,3
0.77947503,-20.086098,7
-21.577738,38.084557,5
-15.609811,48.82454,4
17.689632,-9.49273,0
23.040401,-41.98838,7
-37.38257,5.915899,3
31.249388,2.8145356,6
20.51573,52.880146,0
-9.129269,33.416817,3
36.202576,34.07776,0
33.021473,46.70138,4
-20.918877,-26.091803,2
-44.709023,21.13887,3
-40.321587,-27.798658,2
-39.93266,-24.965853,2
28.918755,32.802227,0
-34.922985,-22.746801,2
-0.98859984,-50.408688,7
35.40944,2.028802,6
7.4869676,15.511798,0
58.95264,-12.458551,1
-11.113723,55.30605,4
-18.80005,-2.092594,3
9.2200365,-5.4061594,0
28.53791,24.789904,0
-35.138885,-34.12928,2
-11.177909,-30.649118,7
17.668972,12.812877,0
-0.74527746,-37.942303,7
-14.11638,-45.00134,7
25.1635,-14.43373,6
-62.520092,1.8629184,2
-7.3929067,-44.316628,7
-6.168001,1.5778043,3
-14.704613,-37.14232,7
-46.99721,-18.042269,2
-25.605848,-7.8891687,5
-10.337232,-40.250008,7
8.409709,48.323166,0
51.305004,-35.00937,1
39.580482,-14.12116,1
7.3765826,-38.348526,7
7.3374043,-29.007172,7
42.347347,16.122452,6
-27.811073,4.283854,3
-35.87438,21.126942,3
6.9968452,-7.53949,0
14.706501,48.739086,0
-28.96718,-48.929375,3
28.69409,-27.61346,6
-25.939514,-30.271557,2
-28.324804,-16.03644,2
-9.426814,-4.445409,3
15.770631,6.340578,0
-28.465012,-8.866987,5
16.847181,24.461216,0
-6.804773,19.58191,3
8.08953,41.827263,0
-2.0597262,-16.049454,7
34.425568,15.55813,6
-18.677574,48.017532,4
-29.935356,15.834916,3
14.122833,-17.18327,0
31.035168,14.1646185,6
-1.0867131,48.27818,4
18.426907,-40.439728,7
7.6441464,56.13353,4
40.698853,16.793528,6
18.227835,-40.51779,7
32.678444,-25.54133,6
-26.172049,21.174683,3
60.584938,-1.886185,1
52.804398,24.734491,0
-26.915976,-20.105003,2
15.530842,-17.730694,0
-14.868922,-46.90669,7
38.76782,-4.571903,6
-30.909344,-3.3216732,5
11.004258,-12.926402,0
-3.0626154,-3.6185558,3
13.860988,2.5285962,0
35.38534,-16.321753,6
7.1168694,-31.901972,7
-39.48062,-21.830034,2
-22.145748,17.908579,3
-43.384426,-11.556857,2
37.874,-42.867554,1
-2.002263,23.822891,3
-49.53954,12.69873,2
-46.67753,-34.226032,2
-12.109207,7.544456,3
-22.425852,26.810316,3
-14.626723,4.744139,3
22.139751,-27.043957,6
22.482634,-19.867535,5
-19.872854,-26.87983,2
-58.24751,8.511822,2
-45.984207,-33.850346,2
-3.7096472,19.709156,3
-37.168312,2.9633687,3
34.578835,24.336123,0
-30.425232,16.176235,3
-3.8982327,-58.45019,7
-35.11003,-34.088238,2
-34.91586,47.531948,4
54.178734,-11.147245,1
-33.80112,-0.5021132,3
34.013958,-37.940384,1
-13.786547,54.239468,4
-64.272026,9.264041,2
5.7464476,39.68861,0
2.1536856,3.2510636,3
17.973099,-14.556583,0
-12.35061,30.080347,3
20.132458,18.295156,0
4.6836214,40.11244,0
-5.273849,46.782406,4
50.90554,-7.5035167,1
-15.712431,-24.657146,2
-33.256588,-48.884598,3
-55.916378,-9.8574,2
-14.467876,8.348597,3
19.765217,54.18735,0
20.578074,-38.666927,7
38.625565,-44.276417,1
-29.208773,15.416758,3
34.399223,-37.94108,1
12.440722,-0.9982026,0
-38.151226,-23.63234,2
-33.145065,43.920174,4
-10.46063,51.487404,4
0.31393376,7.2510433,3
-1.662177,17.26708,3
-61.31517,2.70401,2
51.72702,21.417118,0
7.3665204,-38.311695,7
-14.969364,-48.689716,7
25.576582,21.584122,0
49.888657,22.911606,0
-33.109776,18.53381,3
-33.306545,-48.88042,3
38.664104,38.850006,0
-2.9078617,-43.87279,7
6.580296,-47.005436,7
-50.815643,-19.649797,2
7.7453823,-17.41507,0
-34.39105,-12.813422,2
30.53868,-24.30463,6
41.046,-35.878162,1
30.509785,-24.280256,6
-14.684435,-45.3605,7
36.285954,-29.480213,5
31.21177,48.25017,4
16.284023,-57.10149,7
20.083906,7.715016,0
4.3483253,-10.999859,0
-9.019102,-19.751863,7
31.086447,3.5172544,6
-25.444857,36.248352,5
-19.790956,-33.496597,0
-31.561443,-2.7697632,5
7.0492454,36.10649,0
-11.469824,-60.050316,7
-41.096283,-11.339152,2
57.382645,-22.023018,1
-5.1455865,20.30379,3
-27.007498,-1.9313449,5
-5.449305,59.551945,4
19.492102,53.316177,0
-5.11424,22.876272,3
18.822645,7.232651,0
-43.26326,-4.298245,2
11.385858,-39.174694,7
-7.1107388,22.147404,3
-54.136845,11.922325,2
3.5334873,19.658276,6
8.751055,-29.519703,7
-15.034335,58.96656,4
13.281094,-8.962289,0
0.2284984,18.521519,3
-6.2056284,-16.358269,7
50.217556,-36.702774,1
-0.8890743,23.530582,3
3.5653398,-29.63954,7
46.92434,-10.602256,1
13.372862,-17.586157,0
-41.576553,-23.877714,2
-29.084345,5.111703,3
-8.936522,-54.42061,7
-0.32790384,-30.64862,7
-51.94939,-20.141714,2
12.55492,0.96418685,0
-33.26121,-48.869015,3
-10.468977,12.10341,5
18.753794,-14.119586,0
9.861221,27.458067,0
-18.24484,-19.855345,2
-26.92358,-1.8544278,5
52.81535,25.859228,0
-4.396462,-28.096148,7
-51.62291,-20.955315,2
-7.860887,13.159908,3
-4.072929,-39.11067,7
59.33113,16.93071,7
-3.0533981,41.715183,4
-7.4087043,-43.92623,7
-10.4964,10.715433,5
-11.977283,58.07371,4
-35.847122,49.69901,4
43.921646,-28.208603,1
-3.5322447,-28.358112,7
-9.23814,-22.110397,7
-4.3579345,-42.77525,7
10.268971,-24.449497,7
57.142254,-21.862497,1
-44.357513,-8.377778,2
-53.618458,27.76748,6
-10.47606,10.690388,5
46.7026,-23.098148,1
-50.96476,11.919937,2
43.911198,-9.5047655,1
-39.10045,-22.472439,2
9.490494,-8.895413,0
30.159914,-7.3007174,6
21.566917,15.248009,0
14.555606,-16.897923,0
-53.24224,-9.871578,2
16.42572,-47.69222,7
23.879444,-30.255135,6
24.863596,-14.640503,6
30.059975,-18.777487,6
1.4574398,-3.4115448,3
25.92528,50.873196,4
-5.208028,54.931965,4
-12.464713,13.042913,5
32.547043,1.6643306,6
-1.5968014,44.936657,4
9.715257,-3.7072592,0
-19.314812,50.574326,4
55.726227,-11.262009,1
52.74002,-34.04247,1
47.326603,-25.662098,1
-45.645756,35.296505,2
-25.725668,9.8256645,3
36.958263,-17.195875,1
-11.815406,12.649532,5
17.639935,45.004395,0
48.323906,-30.933764,1
-4.2829328,-28.047567,7
-51.181618,11.847549,2
17.657192,44.96527,0
21.307234,-12.010523,0
-10.74558,-7.053672,3
-11.801718,30.436935,3
2.2436664,-7.646391,3
-14.626453,-13.037725,3
7.2699976,-22.86378,7
17.7342,19.472458,0
-26.254831,21.736073,3
52.949818,3.6433756,1
7.567044,24.392931,0
16.5213,-51.366905,7
15.986367,-15.871101,0
-3.0565338,-21.0612,7
55.55233,-18.499985,1
60.044212,18.679415,7
-53.84124,-4.167913,2
-26.51584,-29.627254,2
17.175163,55.475838,0
-6.118796,20.570284,3
-1.3763403,-51.73776,7
57.855843,-2.6616454,1
-2.9669304,-59.174927,7
2.1997828,-37.452007,7
20.374779,20.647367,0
12.873276,17.56713,0
-13.996095,59.559185,4
-33.914566,-0.51024127,3
-14.2230835,13.049932,3
-37.883884,-48.14829,3
40.133003,5.0626197,1
30.785984,3.5309076,6
20.94937,-12.877877,0
-8.173025,-34.359245,7
-3.3904595,-14.933682,7
-13.424889,51.897297,4
-27.59803,-16.997007,2
-44.84015,-4.9944015,2
-62.76633,-1.2951646,2
-10.639658,44.436844,4
-18.799381,27.926441,3
-15.297583,-12.040124,3
49.47712,-22.547316,1
-33.117683,-0.73594457,3
-52.141,11.631652,2
-22.277187,28.664099,3
-20.861504,-33.171104,0
16.981585,-8.670309,0
-49.294765,6.3238263,2
-4.301306,-0.92760074,3
-0.44871378,-60.135384,7
-6.7709103,-19.967049,7
-13.93851,-8.737372,3
-29.079609,37.301224,3
-37.515606,25.61202,3
-3.7171607,56.80704,4
-4.4539804,-15.056689,7
-26.78004,-19.70935,2
-43.38309,-7.534148,2
-30.942034,49.102814,4
0.6782925,6.9898677,3
12.820071,54.64515,0
-27.43603,-9.514022,5
45.031532,6.586646,6
51.139885,-2.4577959,1
30.30316,15.545167,6
-26.558996,14.259019,3
4.47835,-30.905895,7
33.276493,46.470303,4
22.23643,-42.561115,7
-15.597744,8.01727,3
22.105684,-24.496141,5
9.354569,12.692076,0
-3.7831666,-40.0586,7
-35.87092,21.459675,3
23.476595,-29.671808,6
9.899474,-47.093327,7
2.0398002,-45.892914,7
16.533339,-52.53453,7
-53.45708,27.152061,6
11.871055,-10.025989,0
31.747496,2.3174338,6
38.20171,28.407621,0
-19.377098,-58.311676,7
51.357346,26.035755,0
-7.758096,-3.9078476,3
-48.719254,-13.312551,2
-51.66572,14.62047,2
48.664715,-23.219898,1
16.629662,-53.572605,7
10.915348,9.7314005,0
-27.14997,22.078848,3
-0.5287336,-30.247883,7
-3.455147,58.069138,4
56.110126,2.9936936,1
-6.9501963,16.79349,3
18.199043,40.966213,0
9.128764,-30.771574,7
7.3847785,38.935677,0
41.493073,1.760649,6
1.3749505,6.5866,3
10.629614,2.3992941,0
22.669724,38.089844,4
-66.304535,7.980369,2
-6.7566876,-20.004007,7
-21.210762,-20.068335,2
-28.54768,-15.747502,2
55.80317,-11.300582,1
-30.131021,-9.705896,5
36.40412,10.198739,6
21.6559,53.74069,0
2.32001,16.468023,3
5.240479,27.097815,0
33.461285,4.255229,6
57.38372,-22.011671,1
-16.461456,22.872433,3
30.24595,-18.179552,6
-14.505484,12.268685,3
-19.89723,32.304707,3
-18.791615,-19.676867,2
46.926765,35.65529,0
-29.508326,51.241825,4
17.745867,-6.2766585,0
-48.293232,12.838154,2
14.173385,-22.402388,7
32.854958,-38.701885,1
-2.3071542,24.229427,3
56.287468,-17.38426,1
29.563093,40.71644,4
14.664328,14.516646,0
-47.992584,3.6071298,2
42.413116,16.159163,6
7.48716,-57.349506,7
-6.3954096,-0.10487851,3
-27.42609,-9.50094,5
41.062378,17.86912,6
7.611625,-37.29956,7
-25.521694,-44.281345,2
-7.184362,-16.341557,7
-42.611965,-22.252138,2
8.798717,-30.803633,7
47.38742,-0.27883404,1
-11.566774,-45.874317,7
4.9539557,-13.309986,0
19.548912,-40.54143,7
-42.192856,-29.687494,2
50.574623,-22.473759,1
-44.256145,-15.461375,2
-44.054264,11.223254,2
-15.512581,7.322629,3
-36.580246,6.3079605,3
-52.164032,9.851767,2
7.6399045,-44.118004,7
1.5886797,12.4477215,3
-16.763601,-21.014282,2
55.92843,-18.580715,1
-13.188061,-35.797768,7
28.716362,9.1785345,6
14.613097,-41.945995,7
55.45162,-19.034986,1
-18.543713,29.273205,3
16.95134,-15.249503,0
10.109822,-12.686601,0
46.873997,-29.972258,1
21.009668,25.101604,0
-0.58035135,-58.576603,7
-3.1127033,-42.38068,7
-25.312992,6.8556495,3
17.350525,34.248898,0
-26.186785,27.14165,3
-30.061451,15.939876,3
32.923965,24.671206,0
3.9345577,19.106325,6
12.639186,-28.825064,7
-31.223528,-2.840295,5
-47.960575,12.943777,2
15.950271,48.093533,0
32.955154,46.749603,4
12.412573,-13.230827,0
22.426924,41.605392,4
-35.05237,-33.13359,2
-14.752268,-12.976033,3
11.710207,16.591372,0
-8.180966,4.654009,5
-38.40009,24.533617,3
10.294619,-47.222324,7
-8.034889,-28.218075,7
-52.260994,-35.756985,2
-16.918657,-26.25501,2
-29.384037,-40.930496,2
-42.88783,-22.145552,2
56.51161,3.1841373,1
-46.170673,-33.924732,2
14.337985,26.212614,0
-8.878598,-19.740023,7
-3.8938472,19.751183,3
47.17888,-11.486234,1
-51.500355,-1.5441729,2
-20.449009,20.052546,3
59.28564,-22.918716,1
-3.905422,-36.614983,7
16.799805,-8.6256,0
-11.211104,23.861044,3
36.413734,30.438576,0
50.9997,-35.198467,1
34.263203,3.4168365,6
-17.669395,4.7527447,3
6.5741897,-11.55508,0
5.283937,-14.647252,0
17.83973,-3.3622804,0
-38.754257,44.455418,4
24.327961,-31.038633,6
-19.936363,-55.391293,7
37.696762,-38.092667,1
-1.4314185,-36.088814,7
-45.864174,-4.9927006,2
-50.433735,-22.118797,2
-23.611713,-40.25824,2
14.236596,-17.165194,0
-53.249264,-8.430847,2
52.581383,2.4432473,1
-22.4121,35.75279,3
54.73246,17.840008,0
-53.936913,26.795118,6
4.9089055,4.967778,3
48.708897,-23.417002,1
3.8148441,-36.145706,7
-16.601517,29.625101,3
-9.486914,-38.920143,7
-41.26307,-11.133317,2
51.708885,-3.4359555,1
-19.375214,49.846775,4
13.739736,-22.264791,7
16.605911,-57.092243,7
38.83818,-43.80387,1
-46.75528,-14.533375,2
-15.676692,-38.552597,7
-0.5851565,-19.990042,7
-62.864037,6.6882544,2
-11.357501,53.079647,4
8.786894,21.112326,0
29.285612,8.490222,6
2.7351859,-7.5089574,3
56.270294,-17.811764,1
47.342827,-12.38121,1
26.166128,-13.009325,6
-4.263632,-44.049915,7
22.588518,47.669872,0
50.70443,-1.6081133,1
-52.892212,-31.559652,2
-24.262354,6.793878,3
43.770763,-36.401764,1
50.29404,-38.036427,1
48.682972,22.839474,0
9.484,2.5712504,0
30.850851,27.930822,0
-9.155193,-46.618774,7
7.697627,55.38998,0
-33.072735,18.466085,3
17.64893,-9.466067,0
-46.934155,-19.645857,2
10.560432,-47.541798,7
2.5524254,16.317553,3
-0.48404223,18.828491,3
20.100992,-49.772877,7
18.724157,19.25957,0
22.084452,-24.404388,5
-19.418854,6.8720627,3
2.6734545,-38.332787,7
-49.325764,-13.310854,2
-15.310435,50.254192,4
-10.918565,44.382362,4
38.673878,-44.083336,1
-18.26231,-25.761953,2
22.719849,-27.589453,6
34.83657,44.442616,0
-45.75788,35.39842,1
8.500201,20.881876,0
11.235774,-13.439922,0
17.070412,-11.352988,0
-43.641167,-3.1718729,2
7.8273363,-4.424024,0
1.482481,-43.917015,7
-57.733566,8.659115,2
53.691467,20.400242,0
4.1357656,-29.343178,7
20.728334,-43.501328,7
26.62049,34.472256,0
-43.28838,-6.936707,2
6.393606,46.155964,0
-33.465992,-47.61378,3
23.672684,1.0982918,6
15.776984,34.02143,0
11.652135,-13.368643,0
54.22156,-11.202641,1
-2.2199974,-48.527927,7
-40.663746,-7.792979,2
9.818849,27.128359,0
15.665918,12.368381,0
-12.429065,53.24346,4
37.813816,-40.59641,1
-39.916763,-8.27315,2
7.887603,-11.978656,0
-19.31578,50.622066,4
30.370525,7.6988697,6
-34.7608,-46.246902,3
55.925503,-19.65506,1
31.323717,23.055586,0
-53.21157,26.968172,6
-8.684549,56.482204,4
-39.88857,-8.321291,2
-44.12008,20.585869,3
37.381268,-41.294106,1
-20.768208,-6.8405824,3
37.088234,-17.328072,1
33.923214,-38.98352,1
35.47604,34.317146,0
-19.002384,1.9652034,3
44.739803,-17.887472,6
21.238945,-50.006878,7
15.248736,-1.3996364,0
-13.972844,53.311142,4
-16.687225,-23.605585,2
-33.91485,12.853492,3
-30.718664,-22.279284,2
-11.116377,55.29602,4
29.474758,50.216866,0
61.52734,-2.8423882,1
53.82104,23.900913,0
-44.197712,-21.508163,2
-3.379224,-54.5583,7
-38.120796,43.32018,4
-13.714237,-48.79257,7
21.495094,-38.385162,7
-63.068882,6.7401137,2
-16.202274,-22.752863,2
48.808292,11.684305,2
-31.635948,-49.018436,3
28.942488,32.854485,0
-26.068817,-29.493778,2
3.4463947,1.6467994,3
-48.74056,-35.161137,2
-3.745002,56.851486,4
-19.129372,27.756325,3
11.216342,9.565439,0
-22.779121,10.030052,3
19.528738,-13.718323,0
54.6502,20.437597,0
24.85783,-45.33194,7
49.903934,27.660078,0
12.142098,-39.409775,7
28.543518,-1.6319734,6
-60.69462,0.3085634,2
-48.08145,-37.97166,2
34.680565,15.29324,1
-26.935068,-48.262634,3
18.741354,-5.662779,0
25.401583,52.189007,4
-31.43191,-21.697987,2
-17.066639,50.403282,4
54.74529,24.924719,0
-16.577826,34.77064,3
-6.926688,58.53083,4
-53.597565,13.04788,2
-0.5549497,11.6303215,3
39.72139,-10.293221,1
59.323185,-5.475212,1
-11.739114,-60.009853,7
24.502676,36.232166,0
-36.35814,-46.938656,3
50.584602,-35.602787,1
-21.761856,-21.155943,2
14.370952,29.69791,0
50.307423,11.200138,7
32.8877,11.999214,6
-11.777931,-15.494257,3
-46.711555,34.35729,1
-8.818564,-6.498214,3
12.771663,54.641872,0
1.1587622,-1.7075921,3
8.246755,-57.332943,7
45.825146,-13.355159,1
4.3070655,-35.604584,7
-33.476746,12.610971,3
-33.91037,-0.49578476,3
13.488744,-28.564991,7
-37.292885,47.027313,4
-30.454792,-25.90869,2
-26.456963,-39.99547,2
-19.263996,8.142434,3
3.5635326,1.0960411,3
16.574244,-47.33538,7
-16.881056,1.3421471,3
24.441736,42.941204,4
-50.528778,-22.100632,2
18.00011,-43.114513,7
22.53571,-22.469673,5
-14.758389,-45.389107,7
-5.675322,47.89562,4
-30.011553,5.689466,3
35.6866,-9.845836,6
15.753788,-18.61995,0
31.684832,-27.560852,6
-23.717545,4.0510054,3
-61.816147,1.5846225,2
6.981447,-6.880831,0
-42.64971,-34.006596,2
2.0030694,-45.86606,7
-3.689751,-20.716776,7
-5.7990365,47.846916,4
-10.427633,63.36382,4
49.842144,27.65963,0
-40.145977,-20.86422,2
-10.913329,44.369057,4
50.79072,-7.5998716,1
-2.7451441,-21.074493,7
-24.731285,6.793113,3
-36.951035,2.197489,3
-14.184846,-56.36126,7
-8.3956585,-1.1533267,3
-53.427208,-6.6678395,2
13.331366,-28.917343,7
10.970965,16.393656,0
-53.348747,26.40151,6
-11.7611,49.300854,4
51.861794,1.0372674,1
-11.858496,58.171783,4
7.746304,49.058514,0
41.346336,16.598698,6
56.516586,-21.365217,1
-20.59373,-33.085644,0
-26.68772,-19.583206,2
19.403858,25.712343,0
5.7942286,5.8844686,3
7.2159357,41.422676,0
-45.578,-10.616462,2
-4.2796984,41.99353,4
-2.1100247,44.945847,4
2.1510317,16.17703,3
-51.576084,-24.247437,2
-16.761946,-6.1024265,3
-23.489819,-40.34958,2
49.732414,26.79435,0
-34.52162,-28.117908,2
-8.818023,-3.1188264,3
-17.702549,4.9648595,3
-35.516045,27.178064,3
40.31679,16.670462,6
-32.142067,20.445797,3
-37.6685,25.373442,3
9.813926,-44.49458,7
-9.390473,-4.4063725,3
32.67711,12.336312,6
16.736265,24.447401,0
42.912502,-28.062237,1
32.76284,12.1694975,6
17.478415,-6.670507,0
13.306294,40.352253,0
48.905746,-37.450783,1
32.82868,42.11989,0
25.277967,38.398605,0
3.605705,-8.729501,3
20.609898,-37.978683,7
13.730139,-13.393446,5
-9.162665,-46.61986,7
36.55258,1.663954,6
40.854313,-41.4509,1
9.333666,53.20331,0
-35.860874,6.39549,3
-29.525372,51.89689,4
8.162796,42.25785,0
-31.474735,15.167522,3
33.265736,36.414093,0
58.974648,-11.869698,1
-30.132378,31.737364,5
-34.07386,13.013269,3
-26.865704,-40.072796,2
19.99492,-13.506661,0
-29.025383,50.26193,4
21.838194,-20.42042,5
36.25988,-29.48461,5
-0.6665195,-19.689278,7
7.0106874,-38.45466,7
-21.13776,18.027374,3
3.4354348,-59.7464,7
34.24342,24.44257,0
17.657537,-9.466054,0
-33.993717,-0.55285716,3
-44.27581,20.697842,3
8.304986,-28.210796,7
-48.206173,15.471739,2
-31.350412,33.653053,3
-1.3671447,22.40487,3
19.332237,18.89183,0
20.74995,-22.33516,5
-7.374754,3.6360478,3
-12.336036,53.220417,4
20.887749,-20.583328,5
-28.90457,-45.4974,2
-2.8643513,-53.787796,7
-46.04726,-4.939432,2
13.085772,-46.521835,7
15.246647,-28.171066,7
-49.387737,15.069321,2
-10.726007,28.38079,3
34.475685,-37.914455,1
-4.0466857,45.602455,4
10.665369,30.416767,0
-56.537403,9.840983,2
-40.35533,-22.121424,2
12.658342,0.81961596,0
15.900466,29.639952,0
51.61027,-34.873035,1
8.881283,50.985992,0
-11.010044,-29.487946,7
4.2315154,35.317417,0
50.93685,-35.285664,1
-45.591793,-27.436222,2
-31.490997,-2.708456,5
49.078335,-37.740723,1
-8.89644,-37.959015,7
-14.7583275,-55.59636,7
14.278847,-17.168077,0
31.145813,-10.804292,6
31.624434,13.974918,6
12.312751,-34.80131,7
-13.162563,58.575867,4
54.163902,-11.090137,1
37.80557,-40.431694,1
9.736496,51.847534,0
2.2936156,9.828353,3
32.25541,1.478198,6
-29.005405,37.242954,3
-6.8245196,-48.987972,7
-39.013958,44.42427,4
27.643923,8.970962,6
19.742495,8.463802,0
-3.941399,-5.427859,3
37.972122,-44.15544,1
4.09646,-9.314136,3
31.190582,-28.920416,5
-17.955181,-20.027683,2
-26.855371,-6.2495456,5
52.469917,20.31776,0
10.012309,-39.28846,7
-12.440193,-52.880714,7
-7.004508,45.795086,4
39.23021,5.4879627,1
-1.7376941,43.290154,4
0.96548575,-61.21602,7
34.70399,34.3266,0
51.332344,-34.73782,1
-36.307518,-46.4805,3
3.715798,19.355589,6
-10.805161,-29.33163,7
-28.087189,15.005684,3
-7.9772434,-28.199005,7
-65.28374,3.1935809,2
-18.309643,48.789234,4
-23.266819,-14.81218,2
13.406665,-8.978671,0
-45.56044,-27.496199,2
22.165281,10.182913,0
5.2635236,-8.670128,0
12.808396,-58.59024,7
7.164024,38.29028,0
-10.887597,44.348522,4
-20.19343,-19.594252,2
-3.7311358,-28.200628,7
-9.765777,52.299366,4
26.379044,4.310504,6
47.162292,-10.483438,1
-9.262003,9.3201065,5
-45.1499,21.65027,3
7.2615843,-14.119675,0
-14.310017,22.016558,3
-44.595757,-11.202735,2
-59.528275,11.041833,2
-14.919722,-57.01184,7
29.004692,9.060245,6
-35.049675,47.678627,4
-34.304356,-13.488944,2
-26.072731,23.041904,3
16.604015,6.221282,0
41.486675,1.734851,6
-6.5278234,30.870178,5
-11.721774,-12.623215,3
-11.290023,55.879852,4
-27.929594,4.200912,3
-21.537712,-3.823607,3
-8.952012,33.383415,3
19.363005,-45.376694,7
37.933514,-43.996273,1
8.464565,-27.99644,7
-50.01924,-12.183457,2
-26.802628,-19.899977,2
11.264877,38.079475,0
34.463913,15.539712,6
-29.013924,-8.372241,5
12.449522,1.8992814,0
15.946794,-3.2524314,0
7.324034,-48.088913,7
21.38598,24.14708,0
47.030586,35.798626,0
41.483307,1.758903,6
43.91102,-9.505017,1
40.811188,16.766142,6
-33.53552,-33.739517,2
-51.67568,13.054693,2
-44.399185,-7.1354003,2
10.616554,-58.54281,7
-2.7548764,-22.40175,7
15.595282,-1.5533664,0
-22.305782,16.770206,3
24.795572,-48.593807,7
52.675602,23.502619,0
-44.39691,-10.82495,2
53.80829,17.907375,0
-28.204788,35.18128,3
-28.474575,-15.845174,2
-2.2198436,-16.09655,7
-59.732357,3.0190015,2
-11.168739,-44.89671,7
18.391188,52.132713,0
-29.986032,-46.081062,3
45.21188,6.321945,6
60.06193,17.800016,7
34.399277,-16.58738,6
16.863516,17.810562,0
-21.835133,-20.710098,2
35.357624,-15.876997,6
55.51365,-18.559269,1
-39.939465,-8.269952,2
54.679127,21.607756,0
-50.643265,-34.64589,2
-25.673376,-44.128143,2
11.03677,16.245003,0
-5.472451,-54.95836,7
-26.593115,-24.587963,2
-38.593315,30.072714,3
-5.5177627,-54.87092,7
11.744381,-34.01498,7
43.391,-9.256913,1
11.196128,38.070297,0
17.576927,24.204111,0
-6.4707646,41.17955,4
45.62703,-34.347294,1
22.321424,-41.812386,7
19.490767,-49.433117,7
11.895304,16.677555,0
59.30164,-22.839586,1
-12.501175,23.953712,5
-66.32161,6.198352,2
11.436184,38.078262,0
-27.299084,7.550325,3
-52.06401,12.7718525,2
30.83062,38.14735,0
17.697853,12.25389,0
54.011913,18.023396,0
32.839283,-38.625114,1
37.298843,-36.917217,1
-37.22335,-29.780432,2
-49.081253,3.1894739,2
-2.8233829,-56.823097,7
56.453274,20.702284,0
-26.152737,-1.7720898,3
50.91555,-8.217211,1
-47.757618,-12.232381,2
58.071415,-2.2243698,1
-59.889843,3.9081862,2
-35.64006,-29.049725,2
50.22551,-36.269745,1
-33.390255,26.110712,3
-61.61488,1.2354591,2
22.105703,-24.719097,5
-10.830286,62.041416,4
-14.402736,18.529173,3
20.556374,-45.32678,7
-3.4981616,-4.1388083,3
42.644093,-40.54775,1
21.534853,-38.336258,7
-44.44189,-12.284759,2
-23.281048,-14.8055725,2
29.6668,36.56504,0
6.069743,-16.674625,0
-4.306183,-32.74163,7
-6.3569026,-17.659378,7
53.553745,-13.861596,1
-13.470398,-3.9552622,3
-7.3163967,3.8704395,3
11.878897,12.515952,0
12.486032,1.5959837,0
-12.966251,58.075756,4
10.930022,33.91991,0
14.077137,-17.210964,0
15.142803,-27.87689,7
6.540228,57.19035,4
47.554455,-23.878557,1
50.167923,-36.698067,1
12.206461,-33.134098,7
-14.970576,-36.957386,7
-42.477417,10.48723,2
-27.139881,21.96797,3
47.41673,-0.29639414,1
-22.219744,29.246632,3
-5.79998,-54.189236,7
-10.952748,-29.405317,7
-44.741787,-16.745815,2
-53.78359,27.231205,6
-9.074108,-38.23761,7
53.128162,3.9802353,1
58.867393,-12.3880205,1
-9.104024,10.786112,5
7.3481483,-22.919188,7
-2.8696177,-22.271378,7
34.80804,-15.604195,6
10.519539,-47.45896,7
34.17953,15.5942745,6
6.9809666,-7.595717,0
14.7441025,29.692436,0
56.567192,-21.414478,1
17.073467,-32.43011,7
21.704868,34.528435,0
-50.744465,-22.057053,2
55.34694,6.139931,1
30.686258,-24.183664,6
58.679047,-12.171023,1
24.026608,-31.044142,6
52.955578,19.033787,0
-51.860638,-24.019499,2
-40.11008,50.20382,4
-32.03645,36.37168,5
-3.830205,12.72291,3
11.823786,53.855003,0
29.705997,36.819843,0
51.37019,-2.4821873,1
61.094433,-0.8342131,1
22.300535,10.881192,0
42.789223,-19.74594,6
9.189293,29.996233,0
-43.614773,-3.1972795,2
8.537984,-29.500742,7
15.924835,48.31421,0
-10.0741205,25.48531,3
10.792792,2.1397657,0
-21.56695,-21.35461,2
-52.233887,9.798767,2
-43.712578,-6.534464,2
12.883155,40.25246,0
-3.787511,-28.142,7
20.879507,-35.73483,7
18.251053,41.03057,0
-3.005036,24.764725,3
-4.011814,-10.976807,0
-6.411314,20.655807,3
-3.1949074,-3.7265263,3
33.4322,-3.84368,6
-34.383224,47.906628,4
-54.58237,-9.92726,2
-44.63023,-8.074344,2
-36.828014,-30.301651,2
-39.2331,23.833187,3
-62.129322,3.3308043,2
8.520552,-51.893436,7
-40.019295,50.241913,4
20.249645,-49.886948,7
28.159458,-5.8124547,6
36.64721,-38.16016,1
-22.582096,-25.015549,2
4.973361,-13.359593,0
10.660144,-1.897869,0
53.17387,-33.412777,1
-37.514553,-25.431938,2
-29.000444,-43.165085,2
9.290061,12.817321,0
7.178028,-31.97416,7
-39.85933,-8.3601675,2
26.243515,57.553867,0
56.06184,23.997211,0
20.379963,-38.953648,7
4.1216373,35.290733,0
-12.872811,58.023266,4
10.131736,-12.7786045,0
11.812697,-29.207937,7
-46.498356,35.019203,2
56.87855,-1.6693401,1
-37.1611,6.087047,3
-48.99509,-11.601095,2
55.308292,6.2799006,6
8.280234,-30.23833,7
41.49433,-36.29774,1
-40.67025,-24.796417,2
47.59184,34.746315,0
-46.898487,-23.077875,2
-8.385056,-1.156789,3
-53.44003,-6.7622647,2
-8.814754,56.312317,4
57.274475,-21.911572,1
31.09449,3.0388017,6
11.170468,9.564856,0
-13.706772,-15.600404,3
9.818566,-56.06679,7
20.2157,18.21949,0
23.025064,-28.571026,6
-20.712484,-31.801296,2
-29.340363,35.445408,3
-10.9787035,9.819664,3
51.75924,-34.765068,1
-20.02204,-3.0668242,3
32.619873,49.612305,4
31.274342,15.0590515,6
-53.42732,-6.704361,2
7.043465,28.459791,0
1.2667989,-33.325897,7
57.978428,-22.96167,1
-4.908715,7.6032677,3
0.036748834,-10.975341,3
-22.16582,26.730064,3
24.015444,-22.345037,5
-35.709164,23.073383,3
-67.01002,7.586813,2
-39.692062,43.09981,4
-10.763505,3.8699126,3
-49.385197,-10.752197,2
33.560215,-10.318146,6
-8.561478,-21.243841,7
18.068048,-42.985455,7
-33.160576,-0.72564423,3
-14.430813,6.8071957,5
1.9054648,-38.946472,7
39.225067,9.060175,6
-29.075853,-45.565536,2
-14.117048,26.494461,3
56.257847,22.621967,0
8.45372,20.694473,0
-54.131813,27.570522,6
-26.774052,-1.4875,3
-18.789692,1.9781741,3
-45.128376,36.497967,2
-21.197243,31.951668,3
17.007017,-38.593216,7
-52.57328,-31.80928,2
-14.182831,18.244967,3
-9.455791,-22.128878,7
25.216078,33.625847,0
8.750526,-38.693604,7
-25.14967,-44.025867,2
-28.176394,-41.914417,2
49.993702,11.107333,7
-66.16404,7.865972,2
38.767876,-18.198631,1
19.540407,26.515343,0
27.93437,-4.136931,6
-49.295452,3.1980758,2
37.30546,-3.5809982,6
-16.361853,46.56997,4
22.491428,-19.854452,5
30.301151,7.7156734,6
35.19021,34.37329,0
31.32152,2.7445679,6
-11.603677,-12.4655075,3
-31.44157,11.038557,3
8.799921,-52.398235,7
-59.355686,12.031633,2
15.539361,34.057888,0
4.5172954,-32.593006,7
-20.024218,-57.7747,7
-27.635765,-43.31896,2
22.354542,-20.05988,5
-9.166082,-46.587128,7
9.851534,-1.7750893,0
41.118504,-40.639545,1
-47.64234,-34.202927,2
1.4058672,-43.89353,7
33.02226,-37.52198,1
37.74893,39.928738,0
36.555847,1.6825527,6
24.576963,52.419086,0
39.271053,-36.189068,1
0.21650162,-18.179754,7
16.17405,-42.8336,7
27.627594,7.3966694,6
9.339593,12.705308,0
-17.846537,-21.211807,2
14.184797,-17.17805,0
17.534044,34.31959,0
35.281033,-16.448946,6
10.354916,9.93671,0
-4.4603157,-0.9880108,3
-59.785,11.282586,2
-50.95026,-22.012741,2
-1.5451005,-8.096238,3
-13.833955,59.435986,4
61.09039,-0.8444087,1
-12.307829,2.6148434,3
-26.888092,7.1703205,3
-8.574802,2.8858144,3
-1.0921601,48.365623,4
47.97726,21.29865,0
5.361228,-24.460518,7
34.34132,15.581176,6
-36.13616,43.43107,4
-46.568325,-18.493061,2
58.845737,-12.062847,1
-49.447598,-19.176664,2
21.056671,-49.978172,7
-36.575207,26.3751,3
-33.829895,12.922294,3
41.34011,-36.158554,1
22.072502,53.599068,0
-0.07585255,-11.234663,3
-2.1763692,17.016005,3
56.589954,-2.2122977,1
9.2877445,21.348312,0
-9.646097,-20.894505,7
-63.96761,-0.6042084,2
-0.48528507,56.643387,4
4.395814,-30.938599,7
-26.057722,-29.5525,2
34.384636,15.579561,6
-13.826731,17.93436,5
-3.2010977,-33.730984,7
16.707201,24.75124,0
-25.42999,9.914823,3
-6.59618,28.482674,3
40.048904,19.506361,6
-32.21237,17.270905,3
39.061813,-36.43376,1
-18.431664,37.16951,3
-16.371338,22.910067,5
-66.39958,3.6625168,2
-39.50589,2.0785797,3
-26.026226,22.883106,3
-8.920608,-19.727005,7
-15.717618,-45.636017,7
4.376933,-32.923176,7
-25.89193,13.94223,3
7.4886155,-29.784985,7
-21.322441,52.22812,4
5.4272294,-30.612913,7
34.84385,-39.763084,1
45.447987,-33.840267,1
-15.4094925,-11.719887,3
-28.872635,10.3856735,3
24.783085,20.9726,0
39.36012,5.4927797,1
13.204963,13.229808,0
-28.532776,48.50272,4
-6.048445,-15.844991,7
-20.100365,-22.970263,2
-64.158714,4.8498993,2
31.927439,-11.256648,6
24.106028,-31.010334,6
-3.8536072,2.9867525,3
-2.1671267,23.814663,3
39.39756,-10.343801,1
-22.614597,-40.97256,2
50.091522,-3.878231,1
-16.607798,-6.0977726,3
-14.441748,6.6670356,5
-49.051125,-31.24151,2
-1.3887829,42.740005,4
27.928593,9.081176,6
-51.37922,-1.2617431,2
45.260868,-38.069286,1
6.4533653,-11.582895,0
12.024328,46.351402,0
-28.624767,-15.687581,2
36.24812,-10.799531,6
-8.801923,40.17119,4
-7.456146,-44.164845,7
6.85354,-13.573872,0
-1.0292909,-8.113368,5
25.406538,-14.400131,6
-30.059134,36.48095,5
-26.767656,14.359158,3
-32.189777,36.36255,5
10.728057,-0.40500423,0
-28.303272,-40.631023,2
-18.629272,20.915077,3
-33.405846,-0.6476465,3
10.048255,30.388634,0
-3.931187,-23.868708,2
-1.4282578,22.408415,3
-14.272472,58.51446,4
12.293929,17.889252,0
39.992157,19.66252,6
2.4706748,-37.29403,7
-5.6680326,31.750666,3
10.594596,30.434423,0
-19.64973,-20.197449,2
-52.093853,-23.548874,2
21.783838,13.147206,0
18.657375,20.506256,0
-4.2819033,53.3257,4
56.161316,19.615915,0
-44.009052,20.503445,3
-2.6387813,13.255963,3
-8.031018,53.315834,4
-15.687556,30.268736,3
10.215726,17.8869,0
-49.185276,12.8446665,2
50.830036,20.207285,0
39.739597,38.68847,0
-34.79484,47.53599,4
-51.08283,-20.958008,2
-28.160994,-5.9772015,5
-34.566223,-33.875465,2
-7.7457905,-4.1292405,3
-17.540865,15.855055,3
34.166985,11.728652,6
46.092808,5.2476115,6
5.9632616,29.987343,0
1.2224991,-44.0952,7
20.990122,-36.184357,7
18.307646,-40.483265,7
-21.169847,31.98908,3
-40.2889,-27.93067,2
-17.679567,4.9126687,3
-64.150604,9.201564,2
6.9023056,28.095842,0
9.785046,11.406501,0
0.8751216,8.09265,3
-18.574644,-2.083195,3
-2.921096,-42.31789,7
-44.202198,11.427825,2
-54.82304,8.154473,2
-4.846907,-33.53378,7
-18.89987,1.976418,3
30.566906,22.24747,0
-43.647255,-13.114375,2
-13.97061,-44.68905,7
-50.996117,-18.332674,2
19.803778,-40.638542,7
-11.396272,32.028023,5
-15.221028,-48.146454,7
12.273261,12.418882,0
17.56143,19.563967,0
23.725195,-21.1096,5
-1.3421332,-50.232777,7
-1.8362708,2.5020473,3
-11.68268,22.267328,3
-19.46576,4.868386,3
-2.3208818,40.71431,4
-7.976343,-28.211098,7
27.018063,-43.46513,7
24.498436,15.464964,0
10.819651,10.853961,0
-37.822468,-48.160038,3
39.985023,19.768148,6
-24.778864,27.731615,3
10.607475,-1.1926605,0
-17.73387,11.882544,3
30.013994,27.688738,0
-15.515735,-9.695484,3
9.792327,10.954741,0
-62.746456,-1.286815,2
-8.823893,53.048187,4
56.087433,20.321974,0
32.471638,5.831355,6
34.246872,11.6951475,6
9.743758,51.95663,0
29.48896,50.665054,4
42.4502,14.901404,6
-8.274959,-33.967133,7
5.189405,-14.461514,0
-55.544495,10.316971,2
-19.695322,51.146484,4
10.6906805,10.929465,0
-29.027702,37.32511,3
52.8309,22.014568,0
30.133709,27.579456,0
-0.07917332,22.183083,3
-36.215168,-20.280794,2
-27.155622,7.383276,3
7.5636716,29.592262,0
-23.47145,-2.4402537,3
-18.348375,-19.8058,2
22.241371,-20.171007,5
8.9366255,49.642944,0
-11.938783,12.52091,5
30.143328,-11.633325,6
-15.108794,-35.92303,7
-15.43773,48.853584,4
-8.544294,-6.2425885,3
-14.203355,31.40169,3
-45.667355,-17.482162,2
-36.342026,43.416206,4
-36.24318,-19.207634,2
-1.041335,11.121679,3
-1.4493417,-50.101147,7
9.262474,12.884825,0
-44.364586,-6.2112837,2
-31.344666,21.606071,3
20.604431,-23.254658,5
-50.692783,-36.833694,2
20.755526,30.91111,0
21.062208,-12.567276,0
-7.42105,28.886236,3
20.639982,-37.827805,7
-48.718517,3.0936434,2
-25.056993,13.957346,3
1.2271253,4.0774913,3
-50.704964,-34.35932,2
59.234085,-22.648474,1
-60.683727,1.2956072,2
-15.397162,50.086697,4
-10.2282,-40.04504,7
-1.3698999,-51.783752,7
59.03798,-12.726344,1
-26.487265,-8.235769,5
7.2769027,-54.898033,7
-22.119287,-20.298754,2
7.7009473,55.400078,0
7.919843,-12.036103,0
-29.059134,-9.640185,5
-27.192911,21.38148,3
-18.434843,37.0732,3
29.826794,48.9303,4
-7.478953,32.823303,3
-67.47013,3.548845,2
8.084871,-17.676203,0
-37.268326,-29.724869,2
48.524,-23.79826,1
-19.964123,-20.12791,2
29.065067,-18.831573,6
-40.41209,-27.523205,2
0.9768256,6.8183827,3
-8.598525,-6.2809916,3
30.778715,22.410503,0
-27.295988,14.611061,3
-21.558582,-18.377016,2
-6.73814,-0.48801252,3
-43.61989,-24.652567,2
-26.21363,21.657951,3
-1.4303043,23.747377,3
-63.29131,4.8425674,2
13.70539,-4.24463,0
39.331356,-10.368682,1
16.947657,24.414879,0
43.26943,-28.09086,1
-30.024063,-7.998135,5
-26.026352,-1.5978016,3
-26.056454,24.013145,3
-36.30803,49.477104,4
-69.02042,2.5862784,2
46.744183,-29.185196,1
9.775316,-2.3170366,0
8.061007,29.60267,0
-53.42033,27.643976,6
47.929016,-24.963398,1
9.919418,27.86386,0
-4.0669384,-0.94140434,3
-5.6586432,8.2243395,3
-34.520294,-12.594722,2
50.586353,-22.701653,1
-15.987229,-55.576656,7
-39.953613,-8.209395,2
-49.178654,-11.817165,2
55.76652,-18.355917,1
-46.867756,-27.921185,2
49.885635,25.535414,0
-19.829632,-8.374946,3
12.648001,49.77965,0
6.9632597,-7.5313616,0
44.455482,-6.9285655,1
-14.594728,-45.324398,7
-8.012409,20.75253,3
23.829462,-30.219568,6
33.85139,13.296755,6
-37.254917,3.183863,3
-6.896241,-30.518286,7
51.652615,-28.259853,1
-20.074492,-57.606884,7
-3.9410875,-1.9377865,3
54.270115,4.0906205,1
-35.181095,-45.581257,3
55.902122,2.5029767,1
-19.010633,7.8670635,3
-11.434688,-0.9979553,3
34.101414,-37.940796,1
40.451965,17.746164,6
39.795727,-21.990685,6
-17.664862,15.802764,3
31.50853,48.00215,4
-8.338021,-1.1669743,3
-43.911457,36.586796,2
41.047153,2.9706814,6
22.966244,-21.695728,5
13.440423,52.460564,0
29.677118,50.405132,0
10.008399,42.917953,0
25.16761,38.44851,0
-8.913996,-22.015745,7
-20.768898,-6.4772816,3
24.545507,-4.8923707,6
-17.770187,11.866909,3
-26.83573,-42.85928,2
29.745274,50.570038,0
43.452065,-6.268457,1
-28.94193,10.442901,3
-15.955096,6.7399797,3
-5.241311,-7.0849104,3
-46.105778,11.618658,2
15.595511,29.414644,0
32.861355,24.367401,0
9.831829,51.697247,0
39.278217,-6.440244,1
-35.819756,22.11653,3
-28.319416,-20.782803,2
2.2872763,9.852817,3
19.822542,-39.48211,7
9.864485,-39.308414,7
2.7503161,16.330847,3
19.009361,-4.6488,0
50.531475,-22.623856,1
-7.4248886,-6.041772,3
-23.211739,10.0375595,3
-35.55142,27.655714,3
-18.4876,-19.763819,2
54.77065,24.202202,0
6.113453,28.456787,4
-43.48068,10.982615,2
20.491182,54.350925,0
37.442226,-41.18226,1
-28.461681,-9.753649,5
-31.260885,6.7047825,3
-14.490823,18.87247,3
13.43838,-3.811287,0
-8.746968,1.481672,3
21.853188,34.229183,0
31.762697,-27.471312,6
-45.879963,12.602078,2
-2.6341498,-59.386055,7
52.027122,-13.366069,1
-14.842123,-45.46623,7
-29.235014,35.417603,3
47.59864,-23.940727,1
-19.28824,20.575695,3
16.074167,55.327198,0
-63.073063,3.4292395,2
-0.5644732,-20.472303,7
4.887126,-29.7629,7
-0.9527083,6.274887,3
-44.457245,-8.550186,2
54.866795,2.1184602,1
39.838478,5.40492,1
4.991868,38.603035,0
36.476147,-8.646299,6
18.02939,24.80279,0
-56.22695,8.944138,2
17.288778,-38.444443,7
-26.090565,24.063545,3
40.562874,-36.53361,1
11.3196125,9.545723,0
15.952585,-2.2670245,0
-15.330433,-9.594951,3
44.663372,-10.463286,1
17.475843,19.605312,0
-46.365734,-27.953934,2
5.3398924,-29.862896,7
-18.98637,7.738971,3
1.7957451,37.201458,0
-20.602287,-33.049675,0
-19.839653,-55.907417,7
15.855207,-46.328518,7
3.1584647,2.5385094,3
50.68515,-3.5895455,1
12.849577,17.563698,0
-5.2035275,44.500233,4
24.066927,-21.955324,5
-56.25664,8.874277,2
-13.3399725,25.786493,3
-0.6192657,22.296661,3
-45.0075,-8.140051,2
13.069472,-18.000284,0
52.911613,25.68255,0
-22.921011,-3.6181424,3
57.044353,-1.653869,1
8.434765,20.93582,0
-29.433384,5.2786274,3
-26.569069,-24.574322,2
-16.383537,46.5826,4
15.746456,55.271683,0
-46.533638,36.114494,1
-11.319601,-31.55698,7
17.666342,17.447208,0
-2.0172205,-16.210033,7
-66.97256,9.2705965,2
18.496492,11.218307,0
-23.883247,-43.177654,2
8.808762,51.328007,0
-7.589263,-15.515817,7
-4.6125855,-28.63903,7
-31.677475,-2.7551544,5
-35.73199,22.696089,3
20.897211,16.727962,0
-4.553959,-40.435577,7
9.475604,36.7954,0
-53.420944,-6.781432,2
-10.269844,-53.743378,7
-16.193739,-55.39665,7
-42.666527,-28.970715,2
-10.039878,-39.78788,7
6.9649577,-3.4006083,0
-9.343999,9.171835,3
-19.766096,20.162544,5
-19.50611,-24.659237,2
-8.129714,12.574294,5
16.444181,-31.523584,7
-12.328037,2.5826929,3
-10.96476,-29.491901,7
19.517265,-44.79638,7
17.647524,39.23577,0
-12.124088,-31.778908,7
14.389168,26.153658,0
11.823484,-32.866276,7
-38.58834,44.439552,4
-3.3344882,16.040333,3
-64.20667,4.9336267,2
-5.1976256,56.056374,4
-19.445997,50.699112,4
42.519863,2.4908369,6
-3.1001818,-42.32319,7
-61.588997,1.0585537,2
-1.6944414,56.513725,4
1.2516842,-33.441063,7
1.4838743,-51.09734,7
-2.8375375,-53.767853,7
-43.36848,-7.076446,2
40.22166,20.777851,6
12.805015,54.68279,0
-16.033253,6.6349053,3
45.577145,5.919064,6
34.911053,-15.154403,6
-21.460814,-21.680061,2
-54.380207,8.586761,2
9.789712,-52.868473,7
-53.09977,26.369236,6
-36.853592,14.544969,3
25.149109,-21.282734,6
-5.0479207,22.833527,3
56.027256,-3.2717454,1
34.768154,34.34535,0
4.48555,-29.514034,7
-29.728844,-41.07674,2
-3.1479812,-59.124985,7
23.890373,42.209972,0
-32.052975,17.122242,3
-33.696953,-33.724667,2
33.219376,15.324944,6
-15.252387,50.444546,4
-31.973774,30.597109,3
39.85141,17.09526,6
19.380806,-45.435364,7
47.395782,-0.28480527,1
34.694374,41.853382,0
-44.186,-22.330072,2
28.85438,-28.507774,6
44.99896,-38.08227,1
9.231048,0.9848182,0
36.733654,33.683346,0
-41.87708,-34.137352,2
-18.412895,48.786205,4
2.4582176,-36.729298,7
14.544997,-26.233372,7
20.698473,9.104465,0
-14.146215,13.181557,3
9.802063,51.24009,0
18.447702,51.241333,4
-50.77306,-19.53702,2
38.251926,-18.29463,1
-15.876493,-55.493156,7
-11.727879,31.362947,3
19.019182,7.3731008,0
-0.91148,52.474773,3
-31.216927,-2.844355,3
-18.739178,-27.496124,2
-57.492992,7.59653,2
35.831505,-30.86482,5
15.047811,-27.485264,7
-4.366547,-37.86559,7
9.006346,0.5404615,0
21.792923,-37.71983,7
-37.655033,-44.30662,3
-41.081768,-32.890987,2
-27.66636,-9.55706,5
-26.875801,-6.2382383,5
17.754637,-6.263943,0
41.099236,18.19575,6
29.291416,8.283181,6
3.6296601,38.825455,0
-11.244824,-30.751312,7
16.60869,-7.786385,0
23.607985,46.189693,0
2.7940533,16.308636,3
9.914373,-1.7186993,0
-10.193565,52.934174,4
-28.652023,35.20621,3
46.85419,38.25067,0
39.513706,5.505584,1
-8.930233,-54.4393,7
-40.32258,-27.816166,2
30.594776,-11.29078,6
-15.962364,6.661348,3
30.910158,29.384596,0
-29.126741,37.26097,3
23.431143,46.34638,0
56.492912,19.781652,0
32.932835,39.28444,0
-8.990572,-19.717361,7
1.1680579,18.44008,6
32.981056,-37.492794,1
-5.592691,-54.710377,7
40.701103,3.4199653,6
16.522398,-53.692184,7
-29.917025,-46.26915,3
34.207855,40.8775,0
20.585682,-23.16291,5
43.491657,-9.181955,1
2.299012,9.80361,3
-36.53547,43.292225,4
3.561925,1.1114149,3
7.956539,-10.472912,0
35.702366,-9.194356,6
-37.67249,25.415802,3
20.319859,34.977314,0
9.692545,51.933983,0
9.195931,1.0906355,0
-24.480116,-43.665745,2
-49.258373,3.137374,2
33.673565,35.671505,0
-5.4976034,43.674183,4
51.86601,22.944914,0
29.957186,-18.850306,6
29.669538,37.237625,0
-47.950455,14.932227,2
54.22835,4.1073375,1
-1.4832951,41.891865,4
53.427135,23.199743,0
12.353679,55.893482,0
0.18656187,-22.215727,7
22.146896,13.705196,0
-60.009705,11.049734,2
40.300858,4.7281446,1
-27.356482,-40.23675,2
-19.409441,-24.189964,2
-15.0752325,-36.875813,7
-3.3300416,31.160526,3
7.5042267,38.893932,0
15.132997,48.518257,0
-26.246153,14.130495,3
6.9882197,-6.7234993,0
-37.985573,-23.252562,2
52.936707,-33.75383,1
-29.13752,36.525387,3
-28.884815,50.152752,4
-23.704922,6.685889,3
13.715311,27.526157,0
-27.950941,14.955544,3
61.040604,16.523125,7
6.2836547,-11.11143,3
-4.800565,7.7933173,3
-11.319248,23.738163,3
27.507118,8.785095,6
1.1898373,-44.000347,7
-34.55983,-12.319849,2
-16.22849,-21.2609,2
13.347715,-30.13254,7
11.128089,56.707146,0
-26.804537,-19.230991,2
6.029717,-6.808332,0
-6.5327473,-49.897552,7
11.553777,31.9692,0
52.68759,-17.428448,1
-33.173008,18.618034,3
-9.584707,26.356525,5
6.2758265,57.630768,4
-16.787912,23.914228,3
-14.924458,-57.07004,7
-58.705788,9.671272,2
-14.668639,-23.388008,2
-51.800827,-35.328533,2
-59.04504,10.76959,2
-51.751778,-35.30158,2
-60.7606,1.3392402,2
0.8175822,-45.582447,7
-31.91715,-2.517176,5
35.506695,-9.512684,6
-45.14607,-14.719945,2
9.399973,23.25631,0
-7.743613,34.249786,5
31.339767,-30.714949,5
-37.367287,26.786938,3
18.88726,-4.585851,0
61.21264,-2.25349,1
-34.34718,-13.243396,2
25.902252,-14.344257,6
52.449764,-13.5879,1
-24.02918,4.080176,3
22.148298,13.64326,0
-0.38265327,-30.702156,7
-33.305546,-48.89538,3
-3.6605256,-28.275612,7
20.179098,8.670632,0
14.457206,29.633188,0
-67.45483,3.8258533,2
-47.265938,10.711838,2
-39.366535,23.685131,3
12.309024,-60.090004,7
-42.696,-28.932003,2
-11.5910845,58.58505,4
-4.9481783,18.006895,3
-7.5094686,29.063105,3
-1.6725022,2.8402984,3
-18.55899,-19.724579,2
-14.665557,-45.335567,7
50.070164,-2.6161673,1
-29.637115,49.20676,4
-7.666898,33.79584,3
21.631397,34.999176,0
-1.3984638,-51.867172,7
41.005444,20.375267,6
-3.4633372,-14.66963,7
-11.590951,-45.868572,7
20.666994,38.5524,0
38.123795,-18.097246,1
-31.6589,-25.641748,2
12.232318,17.935936,0
9.851399,27.038395,0
-28.683079,-0.06353415,3
-37.344273,-29.758202,2
28.825224,32.674538,0
-34.03589,-26.351578,2
42.106865,-0.9218343,6
-9.348897,-38.63558,7
5.280824,26.709627,0
25.263088,33.615032,0
-0.8803083,-21.825212,7
18.977701,-14.072947,0
43.89543,-28.192587,1
-31.681698,-25.654316,2
46.837193,-10.470929,1
-5.7023263,18.651575,3
22.826256,31.404305,0
1.1915122,-33.172405,7
9.898896,41.408955,0
-8.0684805,-23.033983,7
-8.959943,-4.3131557,3
14.122046,-17.196426,0
12.153264,-33.088177,7
-35.290028,47.966614,4
7.715924,-16.517246,0
55.6707,-18.448334,1
-1.4889559,44.73513,4
-6.225253,-16.209816,7
12.62984,-43.0949,7
-23.481087,6.556921,3
-14.327365,12.908337,3
32.649906,-25.573048,6
-3.2161942,-33.748283,7
-19.78236,19.52136,3
20.32308,15.664541,0
12.320314,-46.962196,7
4.952826,-13.24495,0
22.19108,10.891678,0
-54.50093,26.834152,6
0.16802949,-23.194618,7
-3.3054807,-15.266836,7
-0.9805162,-37.99786,7
0.34685206,-32.7878,7
-8.412314,3.3129313,3
-39.68705,43.16927,4
31.982737,2.1330242,6
-31.249886,47.633354,4
-47.895267,3.6305797,2
12.490874,1.2133551,0
-6.8337903,30.415886,5
19.785656,-39.498337,7
-14.651816,-8.93132,3
-45.78755,21.85559,3
39.767056,-22.011423,6
-35.862568,21.585377,3
28.7916,40.267784,4
-29.599375,-41.007572,2
9.95699,27.954874,0
-8.003477,-28.207188,7
-11.109466,-1.1226604,3
-45.921646,39.155388,1
3.4525332,-33.869743,7
39.984997,-21.854214,6
-44.34212,-7.2847714,2
45.27726,-11.150773,1
-57.409492,7.4762917,2
13.416149,39.881397,0
-6.3646197,55.370262,4
20.189468,15.452907,0
17.953575,-3.371345,0
28.869125,9.113596,6
-44.388428,-6.339113,2
-20.51041,19.933184,3
19.393896,-45.49151,7
-0.9082508,-29.546898,7
-35.674084,23.859245,3
14.225687,26.369902,0
-29.306644,50.470787,4
-29.89821,-1.7908163,5
18.624817,51.271885,4
-34.837627,44.234715,4
30.503883,48.415474,4
-19.02084,35.67705,3
22.985611,1.0349939,6
-48.330196,-8.351604,2
-54.618423,-7.2741356,2
31.184975,-10.79943,6
53.025246,-33.963387,1
9.767104,-40.37169,7
26.24038,-14.312884,6
6.0786834,-23.513313,7
28.097134,-27.815805,6
-27.17527,21.919312,3
-14.466463,-13.250577,3
19.921017,29.996733,0
35.41602,2.0054314,6
-63.948105,4.558699,2
24.619951,-3.887671,6
22.061243,13.508067,0
35.77303,-9.115226,6
25.063612,38.509815,0
42.367744,-30.18557,1
-16.752644,23.755274,3
-7.046298,-5.217396,3
13.093676,32.381233,0
5.91977,-6.630356,0
2.7375863,12.547141,3
53.401638,-15.969629,1
15.9234295,9.196031,0
15.701691,12.369047,0
-53.31233,27.009851,6
9.158525,21.30193,0
-48.098206,-5.0713153,2
34.713074,15.258828,1
21.901228,-26.853008,6
-15.789953,-55.640415,7
-58.072754,8.863381,2
1.2028517,18.476135,6
-45.24432,21.700253,3
-43.0993,-33.657352,2
-11.882831,58.10267,4
9.836907,-56.028767,7
20.094229,18.332642,0
-67.44476,3.4085298,2
61.04584,16.363775,7
58.874794,-11.770565,1
8.580761,-44.802963,7
-39.424667,51.07352,4
-6.5009866,28.457281,3
-36.080482,49.65028,4
-46.675213,-28.261513,2
-2.1997888,25.256844,3
-4.8905835,-11.052273,0
12.247538,39.536354,0
-49.36934,-16.43626,2
42.62136,-40.561253,1
-42.100704,-29.788969,2
57.969715,-2.8266966,1
22.835276,-21.981394,5
-29.866867,-1.7732102,5
23.772615,-30.14484,6
49.736496,25.315502,0
-18.659412,35.266014,3
-29.192616,5.1622148,3
2.9771435,-38.24215,7
51.796497,-34.730946,1
-9.006518,17.474064,3
-11.083897,55.28454,4
16.22518,30.609499,0
-51.619923,-35.381756,2
18.327948,-40.47051,7
-8.702777,-28.262117,7
14.8928585,-36.563602,7
-14.675642,-48.73283,7
50.421326,-35.932808,1
-22.635895,-41.15837,2
19.77068,-36.67488,7
-2.5596693,-59.455395,7
26.022783,-14.33064,6
-3.2822783,-16.713778,7
6.9311175,-38.434853,7
21.72252,24.32499,0
-1.0177219,56.523186,4
52.964924,-33.85963,1
38.04905,33.14249,0
1.9582258,10.932234,3
-38.785812,46.934868,4
-26.677645,-36.798275,2
26.237766,34.75237,0
4.0471344,19.140354,6
19.04586,-4.829376,0
21.368433,30.498203,0
54.959988,-3.016653,1
-36.51562,26.38161,3
49.594105,-12.77187,1
7.80783,-28.916306,7
39.3362,-10.365841,1
7.3610344,-38.27875,7
-16.522762,-56.348328,7
-34.85454,-26.750458,2
23.946169,42.123985,0
-28.417244,-41.64034,2
-28.436897,17.830679,3
5.783612,-23.456083,7
11.520434,-54.986156,7
-3.958619,-28.066383,7
33.348774,4.324671,6
25.509333,21.68735,0
-40.292576,-9.691063,2
59.46696,20.000504,7
51.159378,21.800634,0
23.742937,-31.032108,6
2.8348384,-51.487747,7
-17.858654,1.4351056,3
-42.150547,-26.343658,2
-33.611317,-33.64497,2
25.706964,21.080519,0
39.19419,9.547423,6
4.9896526,-23.341585,7
-17.399757,35.595158,3
-18.46227,36.95231,3
1.0015712,-50.70249,7
60.322285,-1.4241447,1
-26.21844,20.843788,3
42.916508,16.044086,6
-27.752605,-40.50886,2
-55.37442,3.9261627,3
7.589438,56.089962,4
7.2876816,-33.407738,7
3.5646317,1.0889853,3
11.702017,20.112951,0
-46.92123,-23.078196,2
-47.54642,36.12602,1
14.9063425,-43.376755,7
17.846897,40.247547,0
-61.94731,3.2341983,2
-46.678864,34.44349,1
-11.612568,1.0135931,3
50.354237,11.821597,7
30.14356,-22.38258,6
-49.22,-31.075512,2
-29.30497,5.212705,3
-0.57530785,-55.76933,7
16.929102,17.758795,0
-15.681158,-24.888565,2
18.385527,46.693844,0
42.124077,16.14862,6
58.721996,-12.119949,1
28.628462,-1.6169906,6
50.12005,-36.92826,1
-5.4243975,-54.98912,7
-36.121635,-19.420185,2
32.379833,1.1779845,6
-22.206642,29.264893,3
-44.465298,20.869032,3
-30.306059,36.684025,3
-54.684235,-6.2334375,2
-32.33544,26.207897,3
-63.487835,5.0470586,2
-57.55525,7.7128444,2
-16.422161,-21.18338,2
-28.98923,50.515236,4
-19.44769,36.994324,3
-39.991974,-24.943592,2
-45.853664,35.319283,1
17.690193,12.412841,0
-18.447088,37.063465,3
54.923244,2.2750628,1
53.421165,23.203175,0
11.091121,47.2104,0
-19.789457,51.27602,4
-25.533508,19.25908,3
-23.245962,-14.825715,2
18.88165,10.697816,0
17.459164,-50.962044,7
-41.18095,19.64026,3
23.142355,-42.805264,7
-37.04979,15.8461485,3
26.198933,-12.651241,6
-38.801105,46.83103,4
23.37196,40.835793,0
-35.140507,42.792904,4
-43.689842,37.10971,2
-47.533123,-11.55914,2
7.497442,38.899574,0
-0.99961793,-24.564083,7
3.5450237,-32.64017,7
29.972647,-7.207099,6
31.369572,2.7096963,6
0.634342,-44.252895,7
-0.7533568,57.164276,4
47.80317,-10.35658,1
25.658493,34.904022,0
40.655117,-41.86839,1
18.041332,34.94598,0
41.597523,-30.395256,1
7.3201265,-22.968813,7
29.435377,49.93717,0
-37.78021,-22.599394,2
5.7896943,6.399339,3
-29.958769,9.043431,3
-1.3927749,-50.17285,7
23.568838,-29.786917,6
2.4393957,-40.533993,7
-36.464203,-30.557405,2
-1.6957353,57.498844,4
32.31057,6.263022,6
-8.415436,-1.1510559,3
13.170532,15.516115,0
-52.615337,-31.854414,2
-18.410954,-27.647284,2
24.318485,-4.4090743,6
27.723137,34.2597,0
-19.80698,-32.056557,0
-31.738287,17.042084,3
17.714384,-40.980713,7
-4.0048585,40.83121,4
-11.840455,30.395445,3
7.4453673,44.0301,0
9.4533825,-4.833239,0
-11.833366,12.6923275,5
-26.978195,-20.22146,2
-0.60432523,-12.2122,0
31.100756,-7.3340178,6
-44.911358,21.622595,3
-3.9541395,-0.95810866,3
-19.813604,-32.02754,0
48.99169,-37.045,1
-16.147007,-5.056334,3
-20.635895,32.275444,3
7.3466,-23.332882,7
22.787432,-27.817924,6
-11.63909,0.9297485,3
54.92683,22.875092,0
-49.477673,-10.366583,2
48.812527,23.91937,0
39.1759,9.695071,1
21.920084,34.210735,0
14.6149645,-4.7931356,0
18.15638,51.939716,0
-19.619587,27.208792,3
-50.162327,-9.515026,2
-47.528236,36.155823,1
36.955288,9.242888,6
28.822506,32.653572,0
-40.126232,50.874012,4
17.494432,-6.5981064,0
-28.584366,-45.409122,2
48.961647,-37.08985,1
-37.20386,6.0347877,3
-24.851982,6.8000216,3
38.176205,28.366829,0
48.99868,-37.669563,1
-28.51419,48.552315,4
34.17478,3.4082417,6
55.42431,-18.799728,1
61.100044,-0.81642437,1
-48.671204,-6.2806554,2
-13.188687,-12.613433,3
-30.99885,31.909962,3
30.613718,7.554475,6
-35.432686,25.552444,3
13.002924,13.942932,0
-3.8730226,-23.945492,7
-14.86217,-46.865505,7
0.84129524,-20.217024,7
13.669594,-4.380227,0
19.514902,-49.423935,7
37.253582,-37.54069,1
-28.414606,-48.796833,3
-4.8031225,7.941218,3
46.15107,34.979767,0
15.838712,-7.42911,0
15.915825,9.205418,0
9.48549,36.713474,0
-51.659058,-35.125202,2
-49.30384,-11.882252,2
13.22646,-17.89704,0
-28.8269,10.32358,3
-46.16875,-18.403507,2
-19.439375,49.902138,4
1.4395119,-3.2992985,3
-39.905296,-8.430946,2
-33.210453,-0.710672,3
-43.723804,-6.472159,2
-24.27554,-42.384098,2
31.339489,-10.790526,6
-3.0108073,23.984825,3
22.866468,-27.994053,6
30.528135,-17.863974,6
-5.05611,-37.363823,7
-33.010323,-33.515697,2
10.362755,42.332726,0
-51.862854,-35.265995,2
-24.777407,-13.955336,2
-22.576029,-19.09268,2
-1.6176522,56.36135,4
-25.24958,-6.6442175,5
-26.339659,-40.233326,2
17.654802,-9.466314,0
-27.70638,-9.547916,5
-8.89358,40.120857,4
9.199072,30.029604,0
27.892305,-4.188167,6
39.124237,10.079493,1
-6.497551,41.135036,4
-11.866063,63.601376,4
-1.4179933,3.0465288,3
50.2788,21.35668,0
13.729539,-16.820358,0
17.382217,-41.178413,7
-0.9981419,-18.616924,7
-16.509432,-0.119806334,3
12.145395,18.172544,0
10.659574,54.913944,0
-35.37483,-46.73743,3
-2.5791512,41.998665,4
0.3155022,3.9711683,3
17.538857,24.473896,0
17.34511,20.905449,0
-61.74005,1.4648209,2
4.8150873,38.347134,0
-3.465548,-37.75681,7
-5.0215993,17.802563,3
-8.462305,-37.17044,7
17.268803,20.789736,0
-47.140366,4.545503,2
-28.036985,-43.174942,2
-63.83875,5.1878223,2
7.5527773,-53.06085,7
30.061714,14.292902,6
33.556995,-4.4800406,6
20.420822,16.0131,0
37.887806,39.940548,0
1.9215484,-20.138735,2
46.86471,38.252697,0
21.276245,2.9393837,6
-44.01219,11.245232,2
58.13618,-11.87812,1
17.80078,40.079586,0
56.765553,-1.9380524,1
37.238205,-32.152992,5
-31.893621,17.014748,3
38.55254,-18.137598,1
24.440619,-38.823612,7
1.2553564,-44.604088,7
16.058266,-15.675478,0
-22.443113,-19.169802,2
-2.314066,42.259766,4
-11.171499,33.796745,3
22.631874,-27.458223,6
-50.800632,-36.979576,2
-20.541086,-31.937122,0
29.96408,-2.6196055,6
6.3989477,-16.983301,0
-25.548891,-9.612452,5
-24.593336,-43.74453,2
-3.302778,-0.93861115,3
15.00199,-27.249882,7
-54.965603,27.027626,6
41.518562,16.539515,6
-46.40697,8.891378,2
-67.49002,4.825257,2
37.070442,-25.986174,5
-17.193771,12.114669,3
12.36851,2.2753534,0
-14.447032,6.7415376,5
11.246927,-39.523216,7
-6.912334,-30.5854,7
23.846373,-31.058796,6
30.615152,3.6525,6
-39.311935,51.191944,4
-19.139,8.090527,3
11.642285,56.638275,0
-11.112627,40.655025,4
-38.012993,20.114092,3
-28.28994,-16.028929,2
-18.450674,37.006203,3
8.27036,16.869217,0
-1.5322522,1.828277,3
-15.385188,-12.126212,3
-26.900112,-29.322983,2
-23.814163,4.068853,3
-26.175062,20.952354,3
12.911568,-58.557007,7
-31.271198,-27.389008,2
-27.060764,-6.1748495,5
-6.1566114,2.4026515,3
37.705673,33.34906,0
-19.88713,-55.493805,7
-29.537792,5.336166,3
29.439194,-1.5415674,6
-20.298386,27.946367,3
47.63879,34.951237,0
1.4699931,10.746385,3
-28.078005,-16.424343,2
-6.5824623,-21.70874,7
-3.956423,-23.827995,2
-5.473165,-54.886066,7
-47.71793,3.604326,2
3.5215423,0.8407686,3
-66.19363,6.233817,2
56.37635,-20.197187,1
-47.862644,3.6010852,2
26.327145,37.782654,0
2.2871916,9.871457,3
-35.693512,23.275757,3
-26.944632,-6.20785,5
-43.736282,-6.4201593,2
-7.9236913,32.75603,3
-13.292011,-44.758934,7
17.46957,8.221444,0
16.524681,6.055121,0
-51.199043,-34.260235,2
20.11711,-13.422037,0
-25.8529,-1.3895128,3
-26.759872,-42.894222,2
-37.937946,3.0869873,3
11.248715,-13.185946,0
12.826008,14.240206,0
5.4264936,-30.87139,7
-26.449299,28.03391,3
-32.7641,-32.07317,2
55.770195,-11.259868,1
-8.949457,-3.233315,3
-19.266682,9.797397,3
-43.979122,20.480253,3
15.249749,9.48621,0
54.68618,24.185963,0
-8.685896,40.253876,4
9.89311,2.674494,0
6.719627,-22.524235,7
-11.705326,13.232805,5
-55.618286,11.872597,2
-13.656257,-44.716183,7
-48.43394,-36.272015,2
47.348167,-12.292803,1
-45.205353,2.9602659,2
24.688025,16.148123,0
-25.631788,9.8467655,3
-40.15131,-21.824135,2
4.0571303,-36.447285,7
51.07998,-2.4721892,1
12.498851,-1.2079237,0
-33.160282,-0.71829337,3
-20.778439,-22.136295,2
-42.93326,-13.613887,2
-6.255077,-34.09869,7
-33.227238,43.91924,4
-61.92235,3.0553415,2
29.759209,36.395027,0
-14.555207,-55.700542,7
8.091633,42.096024,0
-34.238434,-45.21995,3
54.68065,1.3514862,1
-19.226261,9.799715,3
24.93939,29.033607,0
-15.960457,-21.338346,2
12.817934,52.01269,0
-27.197176,7.435112,3
29.61816,36.44995,0
-11.105595,-41.410503,7
39.70855,37.100574,0
13.337249,40.273598,0
21.763672,40.47571,4
-11.450098,-60.05182,7
25.662722,21.17101,0
-0.10306848,43.008022,4
-3.014341,-0.93376374,3
-36.057716,-46.345768,3
15.651341,-18.69042,0
18.959473,10.820242,0
-2.896682,-56.77532,7
-19.25543,8.713319,3
-19.372728,6.9132,3
51.95499,-3.3859022,1
-22.982046,-3.531714,3
-34.44633,-33.805756,2
-12.670506,-15.450574,3
-19.218105,-23.61277,2
19.506891,26.508976,0
29.861525,-18.883917,6
10.856661,-16.449596,0
-51.4149,-1.3330833,2
34.290337,11.669185,6
-26.446102,27.57173,3
15.055248,9.507798,0
33.81243,-37.91146,1
-11.470683,55.860966,4
-14.189951,31.386585,3
58.93095,-11.738725,1
54.532673,-3.0770772,1
-31.095104,-27.23965,2
40.282413,20.21249,6
-7.811489,53.64488,4
-47.342747,10.032112,2
-26.725424,34.44609,3
-15.853841,-21.362041,2
-1.0011181,11.066091,3
39.207066,9.316603,6
-9.064973,-28.312017,7
-27.091188,-44.39394,2
-55.77043,10.603163,2
-27.252579,-44.541748,2
10.248232,54.801876,0
-29.14147,36.519928,3
61.637615,-3.2292788,1
-5.0172,51.85225,4
-35.614017,-34.919544,2
-46.02648,11.490841,2
16.603209,-55.41469,7
3.5324817,-29.202314,7
-5.3294225,46.74142,4
35.412827,1.9963205,6
-5.8160787,31.8259,3
-7.875388,45.747753,4
12.479133,-33.570328,7
-6.401111,22.458231,3
28.729095,43.92757,0
55.4414,-18.618526,1
-11.855583,22.986116,3
-16.972702,-23.740284,2
-26.501408,-24.47403,2
29.482058,49.434055,0
4.587896,-29.618353,7
-12.991537,18.508244,5
51.787766,21.905283,0
44.535366,-6.918244,1
23.312332,-29.32595,6
17.932384,24.365475,0
-7.8950243,-27.95433,7
42.526836,2.5825343,6
-54.323463,27.47057,6
-20.302011,-20.072989,2
43.314583,12.813804,6
30.569582,-17.79984,6
10.485756,-47.42058,7
-3.0666656,39.674248,4
15.83928,34.01939,0
-40.109207,-21.776072,2
3.3734124,19.690287,6
-16.972828,1.605242,3
16.96909,-31.869957,7
18.003254,40.5829,0
20.608652,-13.109136,0
-26.741093,20.22979,3
-26.12461,22.162075,3
20.75061,-37.03403,7
17.078163,55.46529,0
-5.2582555,44.32226,4
11.378046,-54.57861,7
5.056368,-29.706024,7
1.1832458,-44.25994,7
-35.415356,-21.17502,2
-7.7722597,17.491417,3
16.970398,-1.2131722,0
-3.1688173,42.811924,4
39.86409,37.962257,6
61.10024,16.018764,7
-39.89913,-8.358482,2
4.9981313,-55.242413,7
-16.444147,15.559576,3
30.723894,3.5168035,6
11.000245,9.708018,0
-19.792421,-5.325967,3
45.750385,5.547319,6
-34.699722,-12.0536375,2
-23.05664,-15.895764,2
29.69657,49.862217,0
12.813892,51.980644,0
36.69396,9.750675,6
-29.06165,50.001305,4
3.4225082,35.321922,0
17.376783,-38.49626,7
50.931927,-3.4915853,1
59.367886,15.470659,7
-41.104496,9.667914,2
20.538418,16.188253,0
37.036182,-25.70094,5
-26.872234,14.431946,3
16.53564,-57.12494,7
-28.40458,-10.121039,5
12.656589,49.757473,0
-43.52868,-22.994251,2
-20.559826,-7.2040534,3
0.5200805,-0.42177743,3
-39.920624,-8.688642,2
-12.280385,-59.95971,7
-16.69666,23.592312,3
-40.181877,-21.898619,2
17.498669,8.092978,0
-48.488438,-7.2768297,2
49.386353,-22.575562,1
-9.995785,-48.93183,7
23.848726,22.781324,0
-36.688072,6.295358,3
55.117535,20.441425,0
8.302279,-17.531511,0
24.286915,-4.0217104,6
38.946396,-43.49816,1
10.8874855,33.84312,0
3.8152583,-30.78853,7
-0.09389283,-34.5361,7
5.088272,38.75846,0
-36.320847,-20.306843,2
44.663372,-10.463291,1
-13.23586,18.004274,5
17.760355,40.05536,0
50.915257,-7.9588714,1
-0.16525479,3.8387787,3
30.952723,-3.2148604,6
-24.597672,10.338262,3
27.32971,-42.42535,7
-60.210052,10.993743,2
-14.196394,31.3338,3
-14.212442,-45.07975,7
-16.388159,36.173786,3
13.872404,52.540627,0
-53.841885,-4.1702747,2
-53.649853,-8.383902,2
-9.57004,-28.421824,7
39.863956,5.3412805,1
27.924952,-27.918104,6
6.796014,57.16618,4
-51.404114,-1.3088504,2
11.766319,-39.447063,7
-36.658947,6.2388296,3
58.021835,-2.9110525,1
58.045097,-2.92606,1
-3.3613794,-15.001168,7
-29.519003,49.891224,4
-20.871449,-33.06561,0
-37.815624,2.1670935,3
-46.882607,-27.995947,2
-3.7506304,-45.30001,7
9.019226,49.62987,0
7.015484,-8.514268,0
-50.977848,-19.138336,2
-10.616484,-5.396028,3
7.209373,41.22463,0
-19.247244,8.824211,3
-9.553323,-20.944416,7
20.680761,-22.767227,5
-21.259445,32.04957,3
20.204746,35.002647,0
16.614573,-31.575571,7
-6.1363425,31.537466,5
-62.072216,4.45343,2
-6.634015,59.262646,4
-30.22204,47.78417,4
14.200474,-30.102268,7
-49.8699,-22.602888,2
33.051754,-38.904648,1
46.89392,-36.806282,1
-6.249091,55.353706,4
17.005024,-47.276836,7
-37.04227,15.6186495,3
37.030304,18.879354,6
-19.530256,27.246721,3
-16.313528,51.877903,4
12.167612,39.467422,0
12.785323,-29.006453,7
45.64303,5.6059155,6
-19.236233,9.192765,3
16.396175,55.36631,0
57.928635,-2.774137,1
1.3675555,7.057109,3
-35.532288,27.114107,3
-33.191902,-0.716381,3
51.73367,22.925718,0
-5.334393,-38.377823,7
27.563646,8.911452,6
-30.496616,16.378609,3
-20.37368,1.3781364,3
-41.596085,-10.617536,2
-35.03825,47.587337,4
-38.4895,3.0742807,3
0.41657943,-59.51748,7
-14.033702,59.51733,4
-9.600041,8.476606,3
12.886597,-11.39261,0
-28.514067,-9.688317,5
7.2648535,46.900764,0
13.797324,2.4193728,0
30.951996,34.615047,0
-11.347672,-60.046444,7
-8.460521,45.661556,4
-11.107011,55.284492,4
-1.3740138,-54.70607,7
16.04668,-40.42601,7
4.11316,-10.840502,0
55.18485,19.38876,0
-14.18175,-56.138336,7
-7.743232,-15.248206,7
14.875339,-40.95635,7
-28.830652,-7.592159,5
-17.451002,-20.368704,2
49.79309,20.20728,0
20.47314,-20.621708,5
-30.053883,36.24562,5
5.4311113,-9.711838,0
2.038922,-45.875526,7
-15.08693,-45.629257,7
-21.503347,52.775158,4
21.542078,34.6888,0
-23.321184,6.533608,3
-5.1997123,22.903072,3
33.366394,36.181248,0
-35.92102,-46.846016,3
-31.70885,21.261637,3
24.394867,-30.778547,6
-28.128042,-7.989214,5
-27.433336,-8.09271,5
37.01334,-25.680666,5
-28.925371,10.427158,3
25.070267,-3.3691795,6
39.99081,17.398668,6
-26.067413,9.876073,3
-12.450844,53.193634,4
-5.0655775,51.87175,4
-49.272915,-11.935838,2
37.049362,-38.060978,1
15.190503,-28.12503,7
-12.668692,26.530329,3
-13.154698,26.6986,3
13.289473,-17.695858,0
-26.786367,-42.92645,2
44.98985,-10.040526,1
-7.733189,-3.3636987,3
14.538696,29.62684,0
51.92553,-3.3994603,1
37.548798,-3.5906034,6
9.539907,35.964382,0
5.921028,6.111995,3
25.016436,38.528343,0
9.817254,2.6636102,0
13.516495,1.3723584,0
-31.80001,-25.994978,2
17.250832,24.35674,0
53.948513,-3.1424003,1
-11.964716,-59.992565,7
-19.984516,-3.0347097,3
14.776049,22.694942,0
18.554585,-39.53078,7
48.684944,22.032501,0
-27.267927,-8.113417,5
22.95228,-21.120478,5
31.4938,-22.569822,6
-20.7021,-33.044434,0
-18.56687,48.99746,4
58.763508,-23.732729,1
-43.094692,10.719313,2
-46.160797,-18.484629,2
13.506045,-43.004513,7
-23.037687,-3.4189963,3
-8.483004,23.38296,3
-3.7043397,9.156509,3
16.535383,-53.53384,7
-44.182365,20.628407,3
16.342085,6.436513,0
-25.920237,-44.210308,2
-13.505613,51.97484,4
-13.68793,-15.612707,3
37.813072,-40.625145,1
-36.867653,14.62957,3
-35.044106,47.638084,4
-13.519441,52.06908,4
-13.132669,-35.494637,7
-22.714575,13.934633,3
-52.696095,-32.423676,2
-3.8201756,2.3720336,3
32.79604,12.093975,6
46.923157,-10.490296,1
16.8997,24.339222,0
48.942993,24.16246,0
-6.9051647,-30.573965,7
-40.7832,-23.560791,2
-23.552715,6.6096835,3
17.848606,-14.642031,0
-3.0946515,24.102674,3
57.735836,-22.823742,1
28.398035,-5.9100366,6
-7.1263905,-16.494247,7
-58.020535,8.996384,2
-39.185333,23.878445,3
50.485043,11.623494,7
33.671993,24.582642,0
12.921057,-19.1367,0
-8.129308,-43.39057,7
21.551908,15.223184,0
-8.350094,40.348682,4
3.7301571,-30.88592,7
-31.823257,9.971844,3
-5.308642,44.42587,4
-36.306625,49.486942,4
5.5201073,-53.64385,7
31.861876,47.73644,4
-43.836983,-4.492095,2
-13.711716,-15.588284,3
30.254719,27.594538,0
41.611374,-36.35307,1
-66.86587,7.226268,2
7.3412013,-38.32113,7
-6.69868,59.67493,4
15.962833,-3.2045655,0
2.4304876,9.158542,3
-32.522705,-43.955578,3
-19.77047,1.7158135,3
-31.960096,-2.4422672,3
-25.809515,-7.910726,5
19.557758,18.827526,0
-19.568064,-24.746866,2
0.1418026,-55.698803,7
49.92057,11.060126,7
17.214329,-15.337982,0
15.851328,6.325765,0
-39.388126,23.468605,3
-1.3430719,-15.719453,7
1.1389846,-1.808115,3
-0.54916036,-12.24421,0
11.370479,-47.424,7
-2.4373791,31.083155,3
-53.634113,14.046068,2
12.384816,36.934517,0
24.040636,36.651863,0
22.546434,-19.970999,5
47.39298,-0.2844899,1
10.606372,2.3611398,0
-27.959755,35.209644,3
3.1644495,16.338327,3
-17.58045,15.79489,3
-8.999948,52.67296,4
-34.00039,-33.93755,2
-0.79112566,57.132164,4
-45.960133,-4.540566,2
-29.02148,-48.926476,3
-48.780514,3.1610024,2
-1.6754366,-12.186283,0
46.305035,34.97917,0
-11.740722,23.14548,3
-4.867857,44.81451,4
56.057835,20.195795,0
2.2380166,-20.954739,2
-36.593376,-26.36847,2
17.23917,-15.084981,0
4.7618575,-23.695835,7
9.389801,-5.018959,0
3.4344478,19.669434,6
31.240406,-29.787174,5
-48.669025,-6.3109326,2
-45.24135,-10.392984,2
12.396252,-56.91228,7
-32.011543,17.075033,3
-44.742966,21.8668,3
51.859512,-3.4120395,1
17.047323,-51.400627,7
-8.984357,28.241653,3
-8.123229,29.268332,3
40.538685,-21.486614,6
22.897789,-42.107746,7
43.356457,-9.270542,1
-56.930714,7.43363,2
37.802166,-18.093807,1
47.242966,-29.103788,1
-46.779438,3.5215766,2
-37.29399,47.089775,4
50.776104,-3.5045338,1
30.308037,48.565968,4
17.94173,40.397644,0
18.967693,-3.869886,0
-35.045753,47.660446,4
57.12508,-16.907782,1
-21.515928,-18.30386,2
51.416187,-28.355516,1
-22.652836,-41.132,2
31.29921,33.892857,0
-11.109929,55.286316,4
-15.383982,50.114384,4
2.3345282,9.677849,3
12.415829,36.916016,0
20.44744,-49.907387,7
-14.907655,-55.50974,7
2.0162168,-45.866436,7
-14.650047,-56.62373,7
33.2164,36.54431,0
4.1348543,18.851011,6
-0.49207297,-12.26048,0
-26.973309,-18.15551,2
-3.2066195,-33.711212,7
34.227646,-16.696205,6
-43.197273,-22.037016,2
-5.8069315,-54.267998,7
-51.023827,-20.333906,2
32.059303,-3.41122,6
8.076945,-13.000544,0
-15.810868,29.679098,3
21.97353,-23.597797,5
-27.635063,4.384524,3
-43.943367,20.45206,3
-9.506143,26.523342,3
17.672283,-9.478008,0
30.477083,7.675112,6
15.977463,6.316023,0
61.251686,-2.2816393,1
34.11608,-3.467928,6
-26.97464,-20.203316,2
0.19872716,2.6165705,3
-41.74272,-23.822775,2
-41.896263,10.201648,2
-32.0908,45.182846,4
-26.459742,-24.403862,2
21.386505,30.435911,0
18.159903,-40.57223,7
46.166187,5.1453366,6
-53.37754,-9.506282,2
29.64982,-1.5814118,6
-51.63518,-24.194906,2
28.331022,43.89006,0
-44.99901,-4.1321588,2
-15.415838,7.6264977,3
11.039652,41.866913,0
-43.27967,-16.039944,2
-36.62078,-27.301512,2
24.301561,-30.927254,6
-4.2656884,53.31241,4
-22.655706,-24.948803,2
9.198328,-56.962402,7
-6.339785,28.498417,3
41.069042,-31.103924,1
43.742306,-28.15365,1
8.179708,-13.296291,0
-0.7471145,-54.301567,7
-25.461407,-0.32829666,3
-54.533054,14.433357,2
49.02659,21.05309,0
-1.6706017,1.6795464,3
-16.92046,-55.378452,7
9.361332,21.374508,0
48.6808,20.524658,0
-37.090954,15.951605,3
-45.98876,-33.3208,2
20.844303,-44.557224,7
-41.223534,9.753807,2
-45.813877,12.596459,2
-49.397327,-37.62964,2
10.223478,-8.703309,3
20.723726,38.72594,4
-45.92122,39.156143,1
16.405014,55.37987,0
-9.487208,-4.513074,3
47.420345,-25.60018,1
-56.922855,7.4854007,2
35.91299,-11.839501,6
2.4254823,-40.525284,7
34.243713,3.4030194,6
-33.518826,12.636511,3
-1.3423938,44.484737,4
-4.2992086,-33.628174,7
31.468338,-22.46925,6
-18.651127,33.573277,3
-41.978054,-34.08434,2
-20.291178,-30.394068,2
25.89532,4.7574506,6
40.928055,-17.552553,1
-5.2744656,-22.97208,7
-53.40335,26.413897,6
-51.27005,-1.0979303,2
-30.017572,12.311993,3
18.900263,-5.4475713,0
32.604755,49.515015,0
23.162008,-28.867767,6
-7.1882935,28.73118,3
-46.959007,-33.799625,2
22.272198,41.568157,4
-35.91542,21.643637,3
-2.8519542,5.5816655,3
-20.119202,-56.246895,7
15.895572,-57.479366,7
-3.345886,16.048227,3
-11.17853,55.921547,4
2.7007093,-51.526302,7
53.27406,22.024918,0
-40.15998,20.575464,3
-49.326786,-9.387901,2
30.200254,-11.724602,6
30.90348,15.191662,6
-34.71659,-12.042365,2
18.825232,18.985697,0
-2.8155107,-56.828915,7
-3.3325667,-37.63835,7
-19.398922,32.902096,3
-19.755959,27.02398,3
-26.551134,-24.531906,2
-28.966803,5.0765195,3
42.862183,-28.070248,1
29.988548,-7.797518,6
55.7822,-11.272166,1
28.543623,43.908318,0
-56.466953,-9.542058,2
13.384453,-5.78161,0
21.52783,-22.791006,5
38.00637,39.991043,0
-33.42297,12.566239,3
-15.74329,-55.57224,7
-18.56502,27.952486,3
-3.745416,6.0733933,3
56.282314,21.275833,0
-38.793194,24.107397,3
-36.37979,-30.239964,2
23.32701,28.17945,0
-17.670717,11.918317,3
-7.346537,-16.036783,7
7.2239933,-48.269447,7
-27.437996,20.680182,3
51.055256,-28.402523,1
6.172488,-23.398792,7
-39.625275,2.0834625,3
35.9214,1.0657654,6
28.397158,9.188033,6
-44.575226,-11.209538,2
7.634725,15.382196,0
-27.501696,-24.261738,2
1.4531695,-3.3765712,3
4.1360784,-36.38143,7
-19.573477,50.961906,4
13.186497,-22.863905,7
37.511265,31.317074,0
5.459078,-23.35316,7
-3.7477055,4.707796,3
-22.708548,-41.33831,2
50.876686,-35.381485,1
5.6899266,5.0372868,3
-28.089035,-16.346878,2
35.61123,-9.303553,6
31.865822,4.3297505,6
16.82705,-32.56429,7
-45.92081,39.157482,1
-7.249939,16.187195,3
-15.003675,-57.107277,7
-11.701245,22.271797,3
-0.71990424,57.011543,4
-6.1453485,42.48364,4
-31.621086,7.117848,3
-6.257479,18.671007,3
-3.6887927,7.0583386,3
-14.53157,-13.154059,3
-45.3269,-17.916706,2
-24.24663,-43.46368,2
17.921953,17.38459,0
24.821564,-3.688381,6
31.427328,2.6521826,6
-67.4242,4.1169972,2
-26.347202,34.52389,3
-56.858078,8.044377,2
-43.831257,-14.491859,2
25.591164,34.994576,0
-14.19172,-55.9773,7
-30.472342,-25.74458,2
17.607492,-14.848107,0
-17.259758,35.41098,3
39.836636,-11.245479,1
-16.69607,35.266052,3
-55.350758,5.3844285,4
25.031202,-14.51638,6
6.2081704,28.829893,0
12.229918,43.87659,0
34.801582,11.306075,6
-12.34006,2.4942255,3
16.402765,6.4640083,0
-4.6283135,-28.37786,7
-42.710285,-34.206234,2
-10.96681,1.2234038,3
4.425685,-30.899935,7
-15.754637,49.20957,4
-19.107225,7.3311996,3
-23.712038,10.2357,3
9.879179,-53.66521,7
15.24489,-12.872131,0
-3.3201656,58.12702,4
55.427307,16.433916,0
24.699331,-38.84732,7
25.774387,29.69625,0
-38.498177,24.377382,3
18.88891,-42.986076,7
32.15804,6.2943373,6
37.60481,-40.91013,1
23.250614,-41.925846,7
-17.542707,-21.447548,2
7.1085005,-57.18687,7
46.152637,35.036488,0
18.142916,-14.454157,0
34.471184,-37.93224,1
51.64427,-6.5652695,1
-22.015678,-4.0008354,3
1.2502161,-50.975945,7
-19.79442,51.27328,4
-51.672398,-35.209106,2
3.9583774,-30.652193,7
10.013323,-12.149692,0
-8.701668,11.708529,5
9.75924,-56.112144,7
-10.664473,-7.013971,3
6.1918135,46.142323,0
-26.690798,34.45832,3
-45.73082,-19.76584,2
32.5757,13.153878,6
-1.4480464,44.65963,4
-52.801483,-32.40171,2
-21.121567,-19.862251,2
-20.913822,-31.98689,0
35.96315,10.623558,6
-29.936554,10.539317,3
-8.357441,20.873623,3
9.862683,-56.021267,7
20.94931,-44.601727,7
-35.554417,27.54094,3
46.795315,-26.186386,1
-36.49916,-30.449812,2
-40.21433,-20.90801,2
-50.999218,11.896787,2
-6.5364223,-21.760859,7
16.510502,55.38588,0
9.342676,-9.667314,0
-45.985477,-22.55704,2
-45.93228,39.14799,1
6.450325,57.24072,4
29.048132,-27.344303,6
-8.109486,45.751884,4
3.5538576,-59.72405,7
-34.89285,47.538914,4
-14.649749,-37.18096,7
-37.659657,-22.45115,2
-47.205982,4.4336834,2
13.402584,-17.550282,0
0.093466885,35.171486,0
-31.814163,21.28819,3
-67.47447,3.4146156,2
33.44866,4.2654743,6
39.866432,-11.234228,1
5.558861,39.479313,0
8.284733,-28.682707,7
-23.712547,-14.69819,2
10.544961,-1.3029652,0
-25.941906,13.953745,3
51.512596,-3.45346,1
-33.80121,-32.782085,2
-1.2583195,-15.844679,7
55.3035,6.2871075,6
7.4623547,15.457878,0
6.922426,57.181915,4
-14.672712,33.145676,3
0.4423883,-59.495617,7
35.409153,-16.148188,6
-44.152008,20.603655,3
24.512398,-4.050986,6
14.229071,16.089779,0
31.311123,-30.609175,6
27.643871,8.970923,6
20.614693,-43.96057,7
10.875773,30.312408,0
52.72312,-34.06136,1
38.437973,-18.123451,1
-15.053534,-57.30938,7
4.492812,-35.953796,7
-3.2252429,-16.061256,7
9.560084,30.183315,0
10.212947,-57.458096,7
-45.72497,-33.124214,2
45.05802,-8.726766,1
16.768568,-31.66067,7
-13.379011,-44.618195,7
37.43403,30.42886,0
22.61867,28.790524,0
32.878117,-19.09003,6
53.738083,-10.616816,1
-26.252874,-48.123604,3
-51.09115,-0.8075342,2
11.889023,19.45802,0
-11.99934,-15.509256,3
34.93708,34.405792,0
-30.981897,31.961445,3
7.66384,44.39325,0
32.048595,12.888028,6
34.748497,-39.079025,1
-35.9443,-19.7727,2
-35.608543,-21.245907,2
21.312904,8.100144,0
56.318428,-16.987406,1
-62.45541,10.052219,2
-7.666532,11.887828,5
-1.0892098,-21.80815,7
57.374596,-22.010685,1
42.486107,2.4532235,6
19.932093,18.47086,0
12.2810955,-39.37924,7
34.678356,-37.935177,1
-22.860188,-24.783985,2
13.0408,32.63635,0
-11.6898155,33.928383,3
-19.724773,22.717617,3
59.366974,15.4491205,7
-30.531433,-27.01573,2
-40.226383,-20.9444,2
-38.908993,28.776562,3
-44.756752,-6.937887,2
49.19807,-5.50765,1
-1.1108307,23.6274,3
55.961258,2.340254,1
8.813913,-41.387276,7
-9.086544,-38.274498,7
-7.154347,20.991636,3
6.9784303,-6.9620204,0
-38.90922,28.765347,3
-53.82793,26.869537,6
-13.219968,-35.861187,7
-33.170887,50.742943,4
3.2119555,2.6453767,3
43.937054,-28.211685,1
-31.65539,-25.661354,2
-2.7803223,-53.72036,7
-20.105764,27.75669,3
27.700829,32.52923,0
-27.6709,10.121475,3
-8.516716,-1.1232575,3
-67.313934,2.9965377,2
-20.398045,-22.675404,2
8.053405,-28.910002,7
17.658602,-9.469411,0
-39.669865,22.911913,3
13.645539,0.13090086,0
-22.770199,-24.864933,2
-35.03354,13.600714,3
-4.2691383,-0.9261079,3
21.161707,35.022038,0
31.630276,-3.2345293,6
-10.29035,11.996396,5
9.074455,13.086974,0
-4.198241,28.4756,5
21.306833,-50.585632,7
34.351257,-37.94393,1
35.63407,29.650038,0
9.182072,1.9291676,0
-20.917068,-20.103174,2
-6.7708697,-45.8383,7
46.990448,-10.87457,1
3.5137796,-30.689016,7
-7.747003,12.019072,5
-28.763784,-0.049638905,3
-13.226133,-15.426767,3
36.596027,26.025381,0
50.80435,-2.546538,1
19.741941,-49.85653,7
-35.482166,27.222162,3
-29.952816,-1.807976,3
-16.383806,36.115955,3
38.44555,-44.311626,1
19.559898,35.019157,0
-0.25020242,23.161789,3
-56.88071,7.578405,2
-29.091085,35.42236,3
37.694992,-17.624,1
19.467747,-3.9829457,0
0.23215401,-54.59959,7
30.877361,38.006363,0
-0.6140109,23.365082,3
42.6271,-40.521145,1
21.433039,23.75169,0
20.574652,-23.312635,5
51.83057,22.900526,0
40.033756,19.55005,6
4.0509133,-9.943673,0
-12.914482,57.986954,4
-36.289062,-46.430695,3
0.7514785,-3.7188416,3
-59.371727,12.029026,2
-0.11058013,23.07548,3
19.077658,-1.3343447,0
-1.0632291,-45.86879,7
47.422913,-0.29908955,1
-33.374535,26.071163,3
11.7760315,53.804916,0
56.064133,20.55453,0
-24.33955,4.1001015,3
13.150517,40.24382,0
5.9988785,30.063223,0
9.5916,-4.505648,0
44.146477,-9.30807,1
36.436703,30.640892,0
-46.734283,34.31848,1
-11.574313,-5.4923706,3
-39.55782,43.006046,4
25.598532,35.7337,0
50.66404,-22.162354,1
-26.027357,-30.673275,2
-14.084968,59.428135,4
-3.5776923,57.889942,4
-26.886131,34.52866,3
10.426389,-52.82363,7
18.58113,-14.214502,0
-8.043326,-28.24415,7
-20.142923,-20.09318,2
11.855499,-32.88648,7
36.283955,-29.4836,5
-3.3259149,5.7243223,3
-20.113436,-57.631668,7
-26.884022,34.51506,3
-46.0737,-21.81866,2
1.4864228,12.21951,3
-7.222977,-5.807764,3
31.023497,-10.893893,6
-25.60629,32.572067,3
56.674316,15.913452,0
-53.647846,14.014862,2
39.715187,37.12945,0
29.667717,36.34667,0
-2.7689683,-22.339315,7
45.06696,-8.624221,1
-11.581918,-60.042797,7
6.5047855,-42.209568,7
-33.558357,-33.69653,2
28.51326,24.82463,0
1.2094318,-33.24009,7
-34.703964,-46.74329,3
-36.98724,31.841187,3
17.78442,34.440567,0
-17.044981,-21.848553,2
6.7277107,-10.506454,0
31.768389,41.90621,0
21.09745,-43.78581,7
57.19594,-1.7590026,1
-11.3868475,-60.052666,7
2.763133,-61.565975,7
29.76809,-8.103798,6
12.450104,-33.753124,7
19.050652,19.080452,0
13.292074,-30.146276,7
-36.688873,-25.989594,2
34.552044,34.280834,0
32.989147,37.9055,0
-4.181401,-28.03624,7
-3.007732,-36.801113,7
29.171164,8.986221,6
-31.94658,-27.154692,2
-4.58272,-15.359038,7
5.8515973,5.572742,3
-3.0350828,-53.975323,7
3.0929267,16.41975,6
7.0850487,-52.508167,7
29.727726,51.57758,0
-38.634636,30.00548,3
-38.87611,28.840586,3
23.165815,-42.855213,7
-38.55502,30.110222,3
-40.27957,-28.03215,2
16.718067,-8.540229,0
-9.001668,-38.121044,7
-4.220229,42.2015,4
-8.665571,11.782793,5
-27.515245,-24.236704,2
-29.031649,50.029663,4
49.85639,21.43114,0
0.8952092,18.238102,6
-6.8691583,22.254581,3
12.452161,55.769333,0
0.03921312,22.155819,3
-19.695982,-5.3008714,3
-12.943272,18.593777,3
49.68894,21.63344,0
21.354137,-20.641275,5
21.545319,-38.40942,7
-22.103094,-18.086098,2
32.633774,5.4584,6
-3.8088324,2.4834433,3
21.718872,39.556,0
25.782766,38.081802,0
53.714806,20.404545,0
22.95862,-23.421097,5
-14.344321,-55.83058,7
-27.626408,-24.273119,2
-48.36899,-10.742156,2
-19.264975,9.819284,3
15.661686,6.3520923,0
25.351778,-39.625656,7
-31.185968,16.370588,3
-1.4101758,-50.152958,7
15.485272,34.065617,0
-24.63462,4.104077,3
8.553361,20.833328,0
45.097996,-10.119876,1
25.282917,-39.440018,7
-14.435866,-0.24050179,3
17.92478,51.756634,0
-35.698387,23.341352,3
1.4433509,-3.3397024,3
59.329826,-5.373039,1
3.4452236,0.7163825,3
26.350967,37.76298,0
30.605446,3.675874,6
-8.688588,11.750027,5
-28.092709,-45.159264,2
-50.99559,-19.266481,2
-10.301443,51.53704,4
16.443829,-32.610893,7
49.636005,-22.55744,1
37.510025,-38.055573,1
0.6292832,-57.164692,7
-6.0181284,52.145145,4
21.202494,-44.22264,7
-42.69866,-23.788267,2
-18.407558,37.17101,3
-54.159126,26.46464,6
-40.83359,-9.419938,2
-8.898032,1.4797995,3
-53.311752,27.66607,6
29.464428,-25.668987,6
-7.6396585,-41.144855,7
18.823235,46.19959,0
37.079914,-25.938793,5
-47.727066,-35.47132,2
-54.647232,9.016544,2
15.440863,55.23467,0
9.68499,-3.9120471,0
-18.40326,-20.875484,2
24.918066,29.015741,0
-24.866545,-23.784807,2
-38.08173,43.288418,4
2.0371492,4.02769,3
-34.717754,-12.042246,2
8.399526,44.425137,0
-30.251364,36.762768,3
-11.01712,-29.590162,7
-29.421566,51.71178,4
5.040959,-23.308834,7
39.99543,19.840588,6
-59.23836,1.4646128,2
40.44642,-17.812685,1
7.697045,57.8137,4
38.602505,-18.252207,1
29.68622,36.005898,0
10.337695,-42.9736,7
34.23257,40.862835,0
1.1869282,-44.105724,7
-49.2591,6.381226,2
0.16439213,-17.798979,7
7.1284475,-38.424088,7
-19.230242,7.131716,3
53.327126,-33.097076,1
-46.0925,-4.436609,2
7.089986,36.12606,4
12.119267,37.79655,0
-9.5179,-20.95806,7
0.62987626,-19.70839,7
29.52417,40.21547,4
9.494731,-29.168118,7
14.217753,48.934673,0
18.028973,11.594789,0
-12.407178,9.777258,3
6.4486237,-16.729261,0
-49.200035,-11.803065,2
3.3842528,35.41561,0
-21.05231,32.11371,3
57.35678,-22.018463,1
-27.009914,-44.335514,2
-2.8473563,-53.774937,7
10.463424,-16.340267,0
30.977829,48.260193,4
44.527733,-9.8912945,1
52.874725,22.043364,0
29.583982,49.579884,0
11.711677,20.15479,0
5.181991,-57.85374,7
1.281573,-50.970528,7
-31.115622,6.6319747,3
21.305712,16.366549,0
-48.025658,-38.018333,2
33.20484,36.460835,0
-20.945791,12.5433035,3
16.487268,-46.55086,7
36.577423,26.065586,0
-17.042248,-20.870577,2
17.4885,-6.6364217,0
-17.963755,34.265278,3
-41.976833,10.243832,2
0.48243886,-33.97617,7
-27.017258,-20.220762,2
47.332233,-12.142022,1
38.52112,38.903534,0
-43.75016,-6.8446364,2
-11.496727,-60.048416,7
-1.2743326,-15.787864,7
8.954611,-8.864122,3
0.8131188,18.092468,3
-44.306374,-13.244836,2
14.132652,8.332945,0
10.423584,-47.42819,7
-38.149223,-47.095978,3
41.438557,-36.16275,1
31.730316,15.077634,6
-10.092697,51.503067,4
14.536096,-2.2437098,0
25.121435,-39.03887,7
-25.929777,13.856718,3
31.851364,6.621486,6
-12.216943,-32.285847,7
59.11481,17.698689,7
-48.66537,-6.246757,2
-11.8494005,-3.05107,3
52.629,-17.359869,1
3.3491926,35.198635,0
7.3911924,-38.36862,7
6.9813166,-6.7906556,0
-8.97234,54.881054,4
-27.544636,4.432161,3
10.833829,-47.181023,7
34.095135,-39.067596,1
-42.738636,-15.491523,2
48.81352,11.450164,7
-26.446514,26.349936,3
-27.196985,-20.46721,2
-31.993908,-49.019367,3
-45.927338,39.14902,1
-26.608313,-24.641066,2
-20.780853,31.679358,3
22.24698,41.556755,4
11.687669,12.523059,0
-26.394503,-47.37239,2
-21.443932,19.01526,3
-11.041021,-1.7247777,3
-18.530241,36.792973,3
30.330256,-18.472054,6
-17.331253,-20.490274,2
-46.9242,-34.281357,2
-53.324356,27.661245,6
33.339428,-3.8627164,6
-13.759638,-4.7540803,3
-12.080034,-31.728626,7
37.23064,-32.010464,5
6.084001,-16.70553,0
-0.22693244,3.8544908,3
27.660545,32.4394,0
25.018566,29.072922,0
-45.68803,35.431442,1
-28.963755,35.43779,3
28.385769,-16.423138,6
-36.7011,6.168696,3
30.512863,27.64013,0
8.819404,48.358894,0
-3.293583,-59.05948,7
12.249505,56.055237,0
46.225292,5.034628,6
-5.98097,31.71526,3
-29.024263,50.50982,4
49.874588,22.790716,0
-16.543394,-6.095063,3
-12.450469,53.20822,4
30.663992,-24.198317,6
45.00377,6.604951,6
-61.609104,0.9243338,2
20.911802,53.314304,0
-40.901535,-23.566462,2
30.301111,-18.290348,6
-33.26719,-47.7216,3
-51.984,-34.35849,2
-8.054475,-28.217302,7
-45.37687,-14.986483,2
-19.398329,6.8960714,3
18.460526,7.1587887,0
-16.3541,22.231468,5
-20.355694,31.996798,3
28.225697,-5.866215,6
21.631336,34.39243,0
30.975677,3.2512467,6
46.887547,35.9241,0
24.360813,-2.643345,6
-7.048297,46.301193,4
-16.981714,-24.926683,2
38.785694,-35.869354,1
-42.348457,-34.931477,2
50.35943,23.885105,0
18.82138,41.566154,0
9.3606,33.72074,0
-17.75476,-21.325092,2
-4.3748693,-0.9254013,3
9.416561,-4.927886,0
51.652073,-6.5399632,1
-47.917755,7.5501456,2
-37.554203,42.753773,4
17.662497,44.965,0
-26.049536,22.951239,3
1.8841671,-60.97098,7
-6.6358604,59.656834,4
-11.240643,-32.6937,7
19.420887,-45.560886,7
-6.70223,59.544083,4
10.343129,-42.91255,7
7.367417,-14.246501,0
-31.979702,30.572117,3
-8.970778,-54.422245,7
-26.468784,25.904577,3
-41.035805,19.528673,3
-35.680977,-27.309256,2
7.29618,28.644289,0
2.2852345,-60.785477,7
7.298859,-23.507914,7
55.146896,2.8297436,1
-14.211777,31.330956,3
15.646743,-18.743742,0
11.150016,-54.585762,7
14.933496,-13.50041,0
35.81951,-10.100087,6
19.487345,-45.467518,7
30.80438,-11.031831,6
-45.47117,-33.04482,2
13.380682,-19.283962,0
9.806431,51.763496,0
32.903606,35.355663,0
5.782263,6.4557858,3
12.270399,-39.43974,7
-0.8598658,11.248401,3
41.122078,-40.73039,1
-58.257595,9.25113,2
29.437181,-18.982384,6
-7.547756,4.956715,5
25.193981,33.63113,0
45.56554,-34.391273,1
-48.96125,-19.081657,2
-14.491769,-37.67155,7
-48.66787,-6.214319,2
9.021187,48.45269,0
-38.56068,24.311512,3
22.365927,1.1290413,6
-62.34107,3.773803,2
-6.424745,41.327244,4
29.364582,-19.051414,6
-12.855249,-3.4558353,3
24.832617,-14.65426,6
12.820193,54.72717,0
7.729448,-47.176617,7
-12.950048,18.517178,5
-34.422688,-12.69246,2
-33.24508,-0.70136106,3
12.347891,-34.038918,7
34.22391,40.64154,0
27.627583,7.396678,6
-21.104067,-21.994791,2
-29.811897,-1.769393,5
40.555256,-36.1509,1
-66.01604,4.0968003,2
-42.89161,-33.73533,2
24.806482,20.591223,0
24.489029,-48.07298,7
-15.010131,0.213349,3
6.381569,33.790787,4
-20.137344,32.054382,3
-18.353653,-24.770329,2
-10.253159,33.25697,3
29.511763,-1.5874673,6
28.539557,-27.695356,6
8.494348,48.415565,0
20.604647,-50.02763,7
7.114618,28.516592,0
-7.6464486,13.033303,5
45.34328,-11.274053,1
-3.1062398,42.79277,4
-35.01829,42.652287,4
35.534798,-9.413046,6
-31.06672,6.588824,3
-35.545002,24.549828,3
-11.712416,49.21318,4
-25.718002,-9.373889,5
17.523706,8.01292,0
55.32221,6.3334737,6
-33.061573,11.280234,3
9.324152,12.76015,0
-22.537836,-25.0675,2
25.43076,21.713955,0
-19.845592,-23.467949,2
-8.214353,12.559229,5
-26.90104,-6.2217536,5
40.73423,-13.356145,1
28.8539,-28.517628,6
-46.67762,34.45169,1
-18.44151,21.229073,3
-15.889449,49.222855,4
10.70761,50.03716,0
7.5045624,47.45267,0
34.744953,28.705706,0
-21.736076,-3.8887434,3
-15.156055,15.362838,3
4.269358,-29.428558,7
-26.964262,-6.1933913,5
59.35775,15.393882,7
53.129475,15.664338,0
-15.716015,56.258305,4
40.13247,-11.20562,1
27.547012,8.867953,6
19.738565,8.397893,0
-2.8811166,-57.026554,7
-1.3732088,-51.750423,7
-56.921555,7.574058,2
56.14183,20.027582,0
-26.904514,-18.728075,2
-3.0205677,42.891853,4
56.09683,2.2949257,1
-1.3178115,-3.3747175,3
40.19276,19.432577,6
-12.364463,-52.830532,7
-20.891626,21.285757,3
40.582508,3.671736,6
-3.8430846,2.838948,3
51.774853,-13.195933,1
12.405821,-2.4302523,0
20.787922,54.251232,0
34.553383,-37.908546,1
21.921412,-37.389534,7
24.705301,42.849464,4
51.616795,-14.394458,1
-19.66653,27.149158,3
-25.623281,6.9435973,3
-6.377272,41.677677,4
6.9756336,-6.826566,0
20.584738,-38.553715,7
-7.366104,4.0424066,3
-14.21379,31.324049,3
2.6022508,-51.529095,7
-34.26251,-45.265137,3
-16.952297,-55.40385,7
11.416315,-58.682022,7
-1.097,-18.296364,7
39.15349,9.906613,1
8.030566,40.657253,0
-38.09299,-27.875454,2
-60.083794,2.3923957,2
-8.88301,45.33478,4
-47.66884,8.078766,2
8.468249,23.47889,0
-33.151543,-48.871185,3
9.479987,-4.8490644,0
44.267536,-18.579775,6
-34.38215,-12.624297,2
-30.018328,15.896412,3
-37.19121,-25.991693,2
23.849249,36.875755,0
-22.37576,-25.228296,2
-26.52082,-8.360995,5
1.4980087,6.50494,5
-36.007534,43.462673,4
1.5030049,-61.14616,7
46.177265,34.622684,0
9.43517,-15.373918,0
9.964488,-53.874126,7
23.168354,37.361156,0
32.514904,-4.955241,6
-36.0517,43.45125,4
8.436469,-51.836315,7
-3.798882,44.72914,4
-35.86539,21.62147,3
-60.001915,2.537149,2
26.079805,-14.328274,6
35.829575,10.7205715,6
45.58235,-35.419495,1
29.162848,-27.133793,6
27.932262,-13.773638,6
12.446228,12.328565,0
54.827255,24.585297,0
-14.743947,-23.760244,2
-45.83801,-19.681831,2
8.551392,48.567345,0
-56.634224,10.145204,2
1.4884824,12.244977,3
19.903212,26.298586,0
-28.268652,-7.93289,5
9.406193,30.10123,0
18.240665,-14.391894,0
31.242685,28.679562,0
-15.902927,22.014086,5
48.92981,-37.263107,1
-27.13403,22.017565,3
-36.809994,32.161537,3
-30.939083,49.098366,4
-0.8943914,-24.6191,7
1.4478766,-59.408653,7
9.307235,-56.782642,7
-34.895107,42.5473,4
8.880055,-52.690132,7
-29.878012,15.786685,3
58.25445,-3.127313,1
-46.9016,-27.884823,2
-4.9982195,-28.590458,7
-19.981844,-5.4044876,3
-67.97798,8.614054,2
-11.401418,23.577799,3
-19.512316,49.974823,4
-3.495984,-14.590281,7
28.562338,24.768011,0
-17.450197,12.0302305,3
10.536487,-47.456837,7
-46.377197,8.7809925,2
-40.48541,42.713486,4
0.44519413,-59.54702,7
-19.118013,-20.45029,2
-46.125046,-33.52218,2
-15.732682,-38.651695,7
50.121517,25.664124,0
-22.281221,28.631575,3
-51.98735,-23.895678,2
11.893541,-32.91105,7
-4.123676,1.696779,3
-39.764675,2.0733216,3
-20.636078,-57.009434,7
9.306718,-5.216444,0
-4.270729,9.972905,3
-40.344067,20.36076,3
-56.21934,9.064258,2
-11.781398,13.030042,5
-7.3555927,32.80298,3
3.521156,-32.832493,7
45.575195,-35.56582,1
-37.54053,3.2380614,3
17.407536,17.525938,0
19.96766,-39.360397,7
-34.6631,42.329205,4
-15.120352,-9.383073,3
-52.9111,-31.639093,2
-46.018513,-8.9122505,2
10.306071,-42.90441,7
-6.681764,22.327745,3
39.742,5.4698987,1
-51.0883,11.8842125,2
56.277847,-20.663458,1
7.9290457,-39.455982,7
30.350872,-18.158564,6
10.491675,-53.93802,7
16.82469,-15.308459,0
37.017864,-25.830933,5
-3.2365925,-33.734154,7
-10.898613,40.396427,4
-16.798075,-6.1029806,3
40.759377,19.49592,6
7.273292,-22.807577,7
-26.840586,34.50986,3
-3.847422,-45.741196,7
-19.056034,28.080055,3
-15.440883,-39.576237,7
11.747617,-32.83464,7
-36.61478,-24.919577,2
-36.18274,-46.413277,3
17.505682,-0.49628597,0
7.100069,-13.892069,0
30.612759,3.65844,6
-9.176804,0.24454714,3
44.830067,-17.66418,6
29.571245,50.607605,0
-24.12783,-23.849949,2
-19.379137,-58.31054,7
-37.878033,2.2783878,3
-9.2594,-38.58661,7
-62.30145,10.006064,2
-5.196564,46.81114,4
24.365852,-4.1096334,6
30.127266,-18.71484,6
8.132235,23.61523,0
51.085457,12.233591,7
29.472794,-1.5584062,6
28.832628,43.95645,0
-34.286793,-13.438687,2
11.284688,44.07758,0
-23.54136,-14.559803,2
-29.946129,9.108376,3
-42.007805,-22.762115,2
29.471554,51.166935,4
-52.6382,-31.690548,2
32.872025,24.424278,0
-57.639038,7.8930984,2
-29.945776,9.115843,3
30.367712,27.610662,0
-9.14753,-46.57008,7
53.11199,15.655967,0
-51.33387,-34.180542,2
50.908188,-13.653504,1
18.538527,-14.209646,0
-31.369734,-28.35316,2
-58.63915,9.568841,2
-36.22399,-46.946026,3
-17.327528,-21.643145,2
50.003994,-36.49734,1
-14.851267,-22.912115,2
24.833736,-18.063747,6
-42.2628,10.40851,2
33.938732,31.03119,0
-51.389153,-1.2804416,2
-56.59937,10.122164,2
-30.918102,49.19893,4
29.052969,9.013407,6
20.431978,-38.855022,7
9.305988,12.7813835,0
49.895634,22.88861,0
17.609587,-56.86867,7
-65.49806,3.2525132,2
-12.717314,6.5147724,3
36.01476,-36.96167,1
37.152653,26.81481,0
1.4886416,12.26764,3
-6.7257786,28.525316,3
20.81703,3.385607,6
-46.834957,-28.08478,2
-35.083965,-28.512722,2
-32.246334,-43.90451,3
7.8269424,-57.549797,7
37.74333,-0.93066436,6
-27.110613,34.720554,3
17.39577,24.535975,0
-30.61333,-43.339565,3
31.256975,-3.1460779,6
30.807003,-16.995884,6
-7.9943304,-28.206308,7
57.16552,-1.7054237,1
-45.88144,-19.641464,2
-21.283907,-26.284655,2
23.866022,42.221813,0
56.149895,16.026253,0
-23.812971,-43.11165,2
15.700005,14.704063,0
19.714148,18.71268,0
13.606062,0.6360561,0
6.1980762,46.15636,0
-15.388827,19.43105,3
-64.341545,4.985722,2
12.092403,18.189064,0
-24.889627,-13.858283,2
-1.3852471,-51.844315,7
46.6533,-23.222523,1
-20.546278,-8.3616705,3
-10.421365,-40.284237,7
-51.82114,-20.008425,2
9.48703,36.750374,0
23.77086,36.986988,0
-0.8326815,57.255924,4
-45.088207,-18.402267,2
8.210619,-38.810047,7
-17.353525,35.545715,3
37.27085,-42.18031,1
-1.6981951,-49.520924,7
12.317693,-60.094357,7
-21.69178,-21.344372,2
-35.77077,22.313036,3
32.45636,-26.795465,6
-20.594479,-8.165494,3
-3.760488,9.071196,3
-16.1909,-22.879992,2
-21.945919,-20.921188,2
-58.887478,9.9295025,2
14.182215,-29.096195,7
-53.533646,-8.440038,2
-26.625597,14.2854395,3
-14.893658,-45.5053,7
-13.640071,25.36425,3
51.757153,-28.170734,1
-13.211993,-44.88724,7
41.49368,1.7327902,6
-16.390516,22.114117,3
-35.88427,21.581219,3
-10.000951,45.196,4
32.51498,35.245213,0
-17.734966,4.9933586,3
-7.8184676,-27.357882,7
-8.997322,0.19935176,3
29.823296,-8.052435,6
48.721325,-23.523668,1
-47.26566,10.500835,2
-20.979452,31.876905,3
54.26114,-11.227593,1
19.967758,30.028053,0
-18.072187,51.284454,4
11.543027,31.99549,0
18.686155,46.430935,0
-1.6780149,-12.19587,0
18.860916,-4.5505805,0
12.902735,-9.0309105,0
58.992603,-22.982288,1
-1.2514367,-45.8845,7
-3.5319672,-4.6642156,3
-26.090435,-47.948772,3
-26.308489,14.107299,3
24.795158,-24.101938,5
23.968443,-22.588823,5
48.053017,-30.581549,1
23.336235,-25.001522,6
9.633373,-4.320023,0
-10.425415,-53.6857,7
-33.322296,-29.479565,2
-19.274168,9.799844,3
-21.715841,-21.007086,2
-0.72114503,-24.7372,7
-51.316425,13.254714,2
20.550955,-22.986238,5
-9.837616,45.378773,4
-42.793907,-12.267574,2
54.28878,18.241533,0
-30.106586,12.166971,3
4.3897514,-35.936337,7
29.467632,44.089863,4
-29.14332,-48.932056,3
9.652186,30.230728,0
33.791286,15.544311,6
23.69534,1.1082953,6
-2.1158948,-48.72542,7
15.782367,-57.565865,7
20.632479,47.089478,0
16.032055,-39.619053,7
24.432318,-5.318841,6
0.29576284,-22.095148,7
53.2902,3.9726388,1
-13.762929,-48.80318,7
3.5727675,-29.155388,7
-20.37819,-5.618093,3
-45.44622,-10.254604,2
-22.773687,-41.42396,2
-8.037661,-15.414787,7
-47.34637,-21.850822,2
-37.008995,15.332613,3
-28.134968,-16.309793,2
13.807564,-17.339737,0
12.812072,-46.440903,7
10.700516,-39.24979,7
-14.878134,-48.715816,7
-0.6623687,-54.310276,7
2.7059102,-35.40212,7
-26.033222,-47.713715,2
-39.839928,-24.978247,2
-38.017498,3.0434484,3
7.717473,55.390926,0
20.476955,-38.829636,7
-34.870132,47.48319,4
-22.620136,17.592617,3
30.827467,38.223633,0
24.854212,28.982914,0
-35.4253,25.761759,3
17.844687,19.446632,0
51.217537,-28.440245,1
-42.790543,-22.958866,2
-28.197403,-48.771946,3
36.53665,38.848568,0
50.518764,-22.655159,1
2.7726898,-39.365734,7
6.145355,28.65126,4
32.982643,15.287776,6
-1.0607871,48.55074,4
-11.274858,52.499313,4
-3.793128,19.71714,3
-9.339626,9.19911,3
-47.588547,-26.486862,2
47.407616,-0.2895824,1
19.458242,-3.9736876,0
-19.774603,-24.830961,2
13.445021,39.60663,0
49.92534,-4.076899,1
18.643652,-14.193299,0
1.4464908,-57.72926,7
-32.448025,-26.046638,2
-9.816753,-6.2168317,3
-45.913406,-23.094315,2
-36.397484,6.269071,3
-56.561897,10.027045,2
-27.020977,7.2361426,3
-51.292114,13.247946,2
44.993008,-10.436762,1
-20.865294,-57.324223,7
43.63126,-19.12719,6
11.950056,19.328634,0
-12.974686,18.517097,5
-67.4414,4.244537,2
-23.912622,6.7825437,3
-28.650877,10.258472,3
-10.448348,12.147784,5
-32.759186,-32.06545,2
14.629061,-3.169401,0
27.550352,41.57088,0
28.619217,-1.6156224,6
37.732563,33.519768,0
38.30824,28.287256,0
12.063422,46.31081,0
-30.151548,31.727388,3
-18.527454,-2.1271353,3
-27.647219,-44.929962,2
-2.625995,13.321052,3
-3.662616,42.533485,4
1.5487497,-59.250248,7
17.758942,55.312263,0
25.632235,-14.368114,6
-27.557674,-9.609074,5
9.438768,-23.195793,7
-12.32047,30.103792,3
29.240377,-3.3241878,6
-56.908955,7.5033793,2
47.64773,34.838814,0
-6.130197,-22.183485,7
-19.065504,35.588066,3
-11.909133,-3.072388,3
10.220153,-12.754604,0
-43.427395,-11.953783,2
-22.935112,27.806107,3
-67.43515,3.770805,2
-18.469305,-27.147484,2
38.651127,-44.13054,1
-5.0767245,22.873024,3
-2.003694,-45.62204,7
-28.739594,-15.659001,2
-17.563484,11.974077,3
12.249417,17.91525,0
-32.104183,-20.283134,2
-7.0276136,32.983086,3
-44.996742,21.22688,3
5.24905,-29.806408,7
-3.5915306,-28.325274,7
-44.307873,-13.332905,2
20.654924,34.22576,0
13.647248,1.8922249,0
-1.0779003,49.3551,4
-7.487571,-6.137537,3
31.659275,-27.61881,6
31.284983,-30.35536,6
7.156035,40.908886,0
14.414149,-58.192028,7
-0.4021774,-60.16825,7
-40.33338,42.826824,4
-3.7358613,57.527122,4
34.302536,-39.204094,1
51.04877,-2.278769,1
15.6222315,34.048935,0
-36.743786,-30.192484,2
20.875637,30.821934,0
-35.923138,6.386874,3
-58.61558,9.571766,2
-1.0256771,49.174927,4
-22.28129,28.61667,3
21.3197,-11.958527,0
-14.395413,15.015488,3
58.824818,-11.882562,1
4.383448,39.927868,0
30.424314,-18.088531,6
42.230583,-30.222923,1
-62.722794,1.8379531,2
28.189335,-5.8490252,6
21.405476,33.5681,0
55.559685,-2.8554256,1
28.315283,-3.7464662,6
-44.023087,36.98655,4
16.16843,-1.7922493,0
52.009747,15.932308,0
-31.071812,15.082265,3
-2.81173,-56.924904,7
-22.801615,-18.312632,2
5.6890845,-6.4112616,0
-12.213658,-15.421525,3
-46.88673,35.02456,1
-16.753916,34.57052,3
42.638714,-40.106716,1
-56.635693,10.9265375,2
-21.349735,-3.7824967,3
-42.129704,-34.124893,2
-26.972742,21.624762,3
-10.734268,-29.281351,7
-23.143272,-40.04436,2
7.807661,-11.935605,0
-36.809986,14.555412,3
-14.751635,-48.740772,7
7.3406744,47.136406,0
-29.61962,-42.35897,3
17.595219,-43.159542,7
9.388197,23.264029,0
-15.359459,-41.35144,7
22.594381,41.5896,0
-13.134703,1.0402776,3
7.021101,-22.583858,7
-50.253403,3.1822047,2
-9.475489,8.979978,3
24.848223,-14.657594,6
18.086193,16.565794,0
12.1976595,17.956944,0
-11.479637,51.258488,4
35.89097,-9.02501,6
-65.76919,7.917115,2
-62.773987,2.3065197,2
-41.200603,-13.825526,2
7.5425477,38.82995,0
-29.74018,50.686893,4
-24.100107,-46.25245,2
22.020132,-26.895615,6
40.594524,3.6076567,6
-0.005400896,-47.290085,7
-30.02249,22.120565,3
12.931489,-9.055968,0
61.102844,-0.8122229,1
-60.698105,1.2806104,2
12.459303,-2.5093074,0
-5.355843,-53.77175,7
20.28681,18.191633,0
-38.90361,46.104313,4
-7.1601934,-5.3745975,3
-25.212875,27.8019,3
59.354256,-23.294643,1
40.313133,-13.978317,1
48.700737,13.073797,2
0.9875032,-1.0820524,3
18.676704,52.40266,0
20.7679,30.746193,0
-10.944201,52.739063,4
-43.94697,-7.392726,2
34.181416,-37.95712,1
10.181187,-39.15914,7
21.309298,-50.09295,7
40.825405,20.352505,6
-15.365904,7.928501,3
25.543219,4.92998,6
9.547201,35.487465,4
-15.398973,-11.796503,3
-34.96774,47.57419,4
-37.83936,2.1953983,5
-14.592389,-55.67012,7
33.627,35.84483,0
22.95896,-21.112572,5
-8.892973,40.1093,4
-33.17498,-32.337093,2
-62.890915,2.4058292,2
51.83034,21.80498,0
25.441465,35.993896,0
-21.473333,52.92581,4
18.76586,-4.000866,0
-7.9759564,29.233725,3
-41.90586,10.230057,2
-4.5543756,1.4708961,3
-13.728255,-0.20321248,3
-49.54972,14.962424,2
29.558174,-1.6352361,6
21.49634,2.8719926,6
-6.564985,-30.212605,7
-66.67488,7.4191504,2
-53.133446,26.409063,6
10.340468,-39.35223,7
46.91423,35.822983,0
-16.736528,-6.112934,3
-52.980816,-32.75523,2
7.1562314,13.161707,0
-13.090819,58.09279,4
-3.3041008,39.5147,4
31.320286,14.100744,6
-10.916309,44.393116,4
-25.958239,-29.911283,2
-48.67419,-6.388621,2
-30.460527,-42.531036,3
47.878902,-25.450268,1
7.7073126,55.387966,0
-2.9622862,41.76578,4
5.9738216,-7.7162848,0
34.334904,34.200153,0
-42.94722,10.674913,2
9.448261,-23.995852,7
7.494687,15.447551,0
2.0163136,-45.920544,7
38.771793,-4.5708466,6
-18.971136,-20.52813,2
14.187406,-29.987976,7
-26.43222,34.458668,3
18.536152,46.59536,0
-26.684124,14.314502,3
-20.928457,-19.884567,2
-25.975418,-46.724476,2
-4.4405813,-42.69691,7
-34.712048,-22.398487,2
-7.04665,20.958372,3
-5.6347246,-28.82969,7
4.047579,-36.421894,7
-31.982378,14.940642,3
-14.229811,58.512295,4
-29.7636,30.730087,3
-50.645077,-22.049124,2
-8.515223,12.243199,5
-8.368066,-1.1611185,3
-35.86933,21.260849,3
6.6040955,46.204727,0
35.8976,-10.44668,6
-25.992851,9.862145,3
-45.803936,-8.888505,2
45.081203,-8.697074,1
36.596313,26.048145,0
-10.452062,3.9075978,3
17.787245,40.245575,0
10.287811,-39.237827,7
-47.6919,-26.933311,2
-39.492508,50.975273,4
39.26913,-36.25539,1
-8.500843,53.38841,4
16.380053,-15.459128,0
12.034206,46.334633,0
-6.013224,17.536844,3
5.3866105,-30.764915,7
-9.973338,28.3375,3
-32.094322,45.200684,4
14.180362,-17.170065,0
50.343082,-3.6910658,1
-28.88587,50.21669,4
-51.65154,14.627617,2
-33.54342,28.019846,3
14.750893,-26.557222,7
-27.306576,21.315737,3
34.40197,44.44591,0
-39.69396,43.25757,4
-68.839096,2.4868708,2
8.098703,16.934883,0
-23.540133,4.0223436,3
-36.50889,26.763199,3
9.693716,-3.451721,0
22.92143,-23.207594,5
41.106754,-40.709858,1
11.138865,46.94214,0
-14.769898,-9.03165,3
21.433449,-22.437544,5
12.038057,-11.093064,0
42.01493,-1.0068285,6
36.38408,-15.924816,1
17.930723,-14.590113,0
2.9984803,33.84352,0
22.043564,-26.963144,6
50.068943,-28.674026,1
4.365949,-32.74837,7
34.56218,11.49952,6
-16.642494,46.758274,4
32.21695,-27.131243,6
18.820614,35.0076,0
-54.5113,14.416283,2
-10.095092,-53.848274,7
58.679066,-22.276121,1
-49.509254,4.2274046,2
7.858087,-10.457701,0
-2.7533123,-53.67889,7
8.46,-51.879395,7
-61.6204,0.4759684,2
-40.319405,-20.508648,2
-57.494904,7.4065604,2
-14.866441,-22.926243,2
17.221952,-15.255434,0
-34.460026,-12.621219,2
-35.711117,48.298836,4
3.3206537,1.74431,3
-26.664513,-19.36054,2
-26.191998,-44.174713,2
3.1069062,2.6088564,3
-37.212467,3.054073,3
3.2387567,19.753952,6
-22.326231,17.751848,3
-3.4226785,-28.530712,7
35.414803,1.9981407,6
21.458323,2.949937,6
47.38705,-0.27854535,1
-50.273422,2.4419854,2
36.583324,26.071426,0
-3.1259687,39.63024,4
9.336393,12.720849,0
37.797115,41.711315,0
4.0451555,-9.866916,0
-14.640769,5.9824514,3
49.450466,-36.943817,1
-2.8970022,-24.89358,7
-30.102303,31.719135,3
36.377937,30.414888,0
35.904354,-30.82078,5
-8.882633,-3.1902795,3
4.071328,-10.579339,0
38.82872,5.4185705,1
-29.46641,-45.0634,2
-63.08275,4.308882,2
-8.825756,-28.25807,7
-59.184856,1.4705025,2
-14.5415325,-8.863147,3
41.889454,16.309996,6
-64.16201,6.65121,2
28.796417,32.638275,0
24.222574,-3.898336,6
23.225782,28.18852,0
-37.79329,20.190762,3
24.572117,-38.77657,7
8.823413,51.471806,0
9.818412,30.283386,0
-34.0316,-0.11022969,3
-10.6199,33.49692,5
45.143787,6.435153,6
49.73179,20.463013,0
-34.69897,-12.106166,2
-6.023393,42.695988,4
-4.9080353,7.966915,3
50.983902,-8.005836,1
10.510327,-16.353277,0
15.773177,-30.928782,7
1.4955068,12.367074,3
25.932968,57.492065,0
-5.279688,-7.097408,3
-36.34611,-29.57406,2
4.8043556,-23.4218,7
12.182892,9.357415,0
32.991364,39.32161,0
-4.5205536,-36.968693,7
-45.96985,22.269123,3
15.975995,34.028534,0
-0.6138957,-61.752167,7
41.497585,1.7810204,6
6.647351,57.1724,4
-36.1742,49.610615,4
-33.454365,50.756283,4
13.84983,2.5502183,0
59.407055,17.312477,7
10.21295,17.882065,0
23.181303,-41.91259,7
-1.4210975,-24.366137,7
-0.76348585,-8.181025,3
-0.53736466,-20.187468,7
-22.256516,28.890394,3
-45.53539,2.938753,2
-11.765033,63.650036,4
-34.968456,-33.98922,2
-0.6965157,-45.827003,7
-36.78326,43.26076,4
-14.242101,-55.87824,7
-36.7214,2.6695068,3
-40.22455,42.10398,4
-17.552938,-2.2592874,3
-13.326568,17.847982,5
51.055595,-7.429099,1
-4.778098,-40.49124,7
-46.24722,-27.965195,2
-16.540909,33.845623,3
-54.50906,27.514515,6
14.515974,14.530583,0
-15.891547,-55.267246,7
-16.577242,12.258361,3
8.537784,-51.833294,7
-8.043922,45.737053,4
34.022095,-11.138553,6
-45.84641,35.404396,2
9.853477,51.65855,0
-44.15866,37.413685,4
12.785141,-9.08278,0
15.0826845,-30.460146,7
-54.588074,27.264248,6
10.645433,-39.26655,7
58.830288,-11.875381,1
-47.877872,7.5887012,2
24.407919,-46.212765,7
-22.870377,27.468239,3
-15.254399,15.397892,3
8.702514,20.98228,0
-26.79397,-29.432688,2
-13.649122,17.830257,5
-27.700855,35.150414,3
-2.130771,-2.5667667,3
32.821945,38.066998,0
41.52909,-36.93871,1
29.496992,49.11869,0
-21.308975,52.1987,4
19.616812,-49.455513,7
-28.735157,-0.078729875,3
17.487436,-14.924124,0
54.986473,22.868746,0
-4.9826937,44.38031,4
-29.080812,50.576393,4
-5.309608,-55.011955,7
-19.273367,8.201048,3
-33.886745,12.913878,3
3.4960191,-30.731335,7
49.10996,-23.70358,1
-33.065098,-26.610052,2
-48.959064,-12.951406,2
40.085827,17.566652,6
10.621491,-54.018875,7
-57.956238,8.949505,2
-30.27128,19.349977,3
27.222921,-42.8862,7
20.192343,18.231842,0
-3.7432873,19.712872,3
7.81228,57.67353,4
-53.34515,26.793396,6
-47.09408,-33.97654,2
32.960995,49.835503,4
-10.694459,10.207537,3
4.788457,-61.178402,7
29.9399,51.693703,0
45.092213,6.4922733,6
30.606186,3.659125,6
18.05465,40.69906,0
40.977715,20.362982,6
1.1717699,-44.09641,7
20.692078,25.536144,0
-27.978249,-5.9491253,5
21.011454,16.8309,0
-15.578375,20.059309,3
4.0537834,-9.309474,3
-28.784681,10.184527,3
17.650072,39.226513,4
-25.507034,-44.056633,2
34.425426,34.24203,0
-38.508682,3.0413175,3
-28.518423,-10.137841,5
-10.798968,-7.0499544,3
0.45289665,-33.7003,7
15.903104,-31.078028,7
25.7517,21.009274,0
55.20597,6.191434,1
-33.08703,18.496494,3
-30.923092,6.4378033,3
15.201006,-28.122202,7
21.132267,16.789932,0
32.369507,1.2899706,6
12.153686,43.883892,0
-44.950104,-4.5916877,2
-39.544987,23.190434,3
-1.4119406,-45.865574,7
17.280783,19.862186,0
-27.688477,14.838327,3
34.60623,15.350716,6
9.224865,1.0326271,0
15.082795,48.566704,0
43.431957,-6.2999377,1
9.930086,2.6838741,0
59.281963,-22.875462,1
19.374231,-45.450615,7
9.812074,51.08789,0
-21.022423,-22.13908,2
18.474455,19.406662,0
57.767925,-2.2115846,1
24.564554,52.423325,0
-49.191853,-11.895414,2
22.223158,41.540546,4
31.300781,-30.5505,6
29.578022,50.296402,0
-18.444208,37.014828,3
-27.006748,34.56688,3
4.7115126,38.1611,0
14.938074,37.616764,0
7.527621,-52.179043,7
-32.023182,-21.405893,2
33.565254,13.148053,6
9.342809,12.683323,0
-12.86026,-48.817863,7
-1.0232897,48.919724,4
-10.319381,28.485699,3
-27.043468,-20.3539,2
-28.396492,-20.653547,2
12.518197,1.0967535,0
37.993217,-44.164318,1
-4.0110383,-5.5847034,3
-28.458214,48.506916,4
-12.155121,-31.837212,7
39.94198,-11.220173,1
-26.79754,34.45722,3
40.42529,-42.12451,1
-28.525663,-15.808466,2
21.934708,-23.837254,5
14.425843,8.236147,0
32.21851,12.826042,6
-54.93864,15.009068,2
-34.89172,-22.64416,2
-10.601704,62.15703,4
9.241421,1.0729024,0
40.11922,4.8836446,1
9.676052,19.863766,0
30.002533,-2.9239976,6
-47.566833,8.249006,2
42.399403,-12.884968,6
-14.853643,-9.131721,3
-35.148163,-46.724724,3
51.964825,-34.622158,1
52.933014,25.62196,0
20.03194,44.659443,0
22.300566,-41.7814,7
-53.266777,27.656046,6
45.9843,34.337444,0
36.338913,1.6259675,6
-22.783556,-39.891094,2
26.061209,57.51972,0
24.653229,21.338528,0
55.65132,-19.503714,1
0.022121005,-47.17325,7
8.410082,44.328136,0
13.688288,0.47892553,0
-11.896519,10.525703,3
-43.706985,-6.7184205,2
-29.614101,5.403005,3
24.4315,-47.952534,7
-5.7794065,-38.580353,7
31.680878,13.503285,6
44.98055,6.6278567,6
-45.157448,-14.986946,2
-51.450596,-1.3918817,2
-52.89591,14.514851,2
24.645401,-2.623786,6
-59.51856,11.080648,2
-42.917103,10.643852,2
37.89683,-43.80357,1
11.1872635,-39.22403,7
-3.456894,-18.305315,7
-12.394848,-52.823685,7
-37.33167,3.1517038,3
-3.0085287,29.122404,3
5.395997,-30.596992,7
-61.97872,4.572788,2
12.814633,52.028526,0
13.653084,-4.4293184,0
-46.058342,35.070488,2
-23.158154,-3.0139549,3
21.320486,24.275452,0
17.540028,55.407604,0
-16.257622,-46.589256,7
11.533071,53.61938,0
-62.225445,3.574383,2
16.79002,24.74283,0
-14.651754,5.1352534,5
14.237766,28.995798,0
-37.56006,25.535873,3
16.154976,-57.256763,7
8.343806,25.335829,0
57.300705,24.642923,0
-12.042609,10.327907,3
-41.51611,-27.125605,2
4.862758,-29.725502,7
28.769184,-28.567421,6
-8.730748,57.32053,4
50.350204,-22.697325,1
-4.124534,-43.347553,7
50.543118,-22.601665,1
-4.3494,-0.9212441,3
-11.544404,1.1587054,3
-6.1803856,-37.407745,7
-37.037853,15.56357,3
-4.6015234,20.1227,3
-14.7778425,-56.79328,7
-29.456787,-0.5515036,3
47.34552,-12.340417,1
-17.711353,15.717173,3
18.078712,11.474129,0
43.699665,-28.13674,1
-21.209898,30.310446,3
17.977276,7.4311604,0
16.528654,-52.277767,7
-34.21055,-32.676575,2
-3.2790487,15.754006,3
-11.038714,-41.28595,7
-40.451416,-10.631818,2
-16.18246,-22.809734,2
-43.209793,-10.442878,2
-1.7190462,56.58515,4
-3.2601235,-33.712566,7
-3.8132155,2.6912549,3
2.6872754,4.1626825,3
-18.402275,37.181732,3
-28.988447,49.92579,4
31.862612,2.2036607,6
-12.172832,30.14807,3
25.217354,-25.121952,5
30.188808,-7.4886065,6
-13.800324,-48.80032,7
59.019386,-12.627395,1
46.81212,-4.0194964,6
1.4326732,-43.987118,7
31.917158,-5.421549,6
30.34511,-11.709564,6
22.76661,47.531635,0
16.831795,34.135487,0
-25.940403,0.099887684,3
47.125847,-10.46196,1
12.469935,-33.478073,7
60.156654,-1.4342409,1
-24.884405,10.19139,3
-35.970615,44.482193,4
12.366272,-48.58497,7
13.735328,-17.348804,0
31.172356,-29.058214,5
47.40394,-0.2897509,1
-3.7923865,-58.700897,7
24.338509,52.743664,0
-42.304836,-23.81708,2
36.45183,-8.664212,6
28.979801,40.244663,4
15.691023,12.382337,0
11.042421,56.86223,0
-50.26565,2.4187746,2
-38.627975,-46.975254,3
-16.33993,36.342033,3
7.7608366,-28.827099,7
-20.61103,31.16004,3
12.272774,-33.176846,7
24.625448,24.811401,0
36.08974,-10.676286,6
-6.078261,2.6915944,3
-29.081888,37.17001,3
12.124849,-35.22005,7
-8.839294,1.485316,3
24.903776,20.703062,0
-0.93963253,11.088025,3
-64.21448,-0.6668393,2
-4.4880066,-38.80206,7
-3.9498055,1.9504681,3
-40.242527,-28.213963,2
-1.4781433,-50.061123,7
-35.38732,-29.770573,2
47.667522,-29.119139,1
-35.862614,21.110624,3
3.5700376,-38.21352,7
29.733896,48.817245,4
-13.041138,18.496498,5
37.076103,-38.037003,1
-30.097115,12.124115,3
-16.26291,-46.42474,7
-7.951292,-28.160065,7
-38.273277,24.773119,3
-15.249312,-47.614937,7
-8.115025,3.4742768,3
-53.118584,27.003895,6
19.47216,26.474253,0
-51.94779,-23.966684,2
17.572264,39.405724,0
7.9366503,23.897419,0
30.225208,7.7686625,6
-47.03473,-17.946436,2
39.832584,-36.509785,1
59.813866,17.380075,7
-53.14084,27.146538,6
30.702497,-17.38166,6
-35.624607,49.76905,4
-51.786564,-2.3677185,2
23.250237,-41.449104,7
-43.182476,-25.514082,2
-24.53342,6.7848706,3
29.740145,-1.9297377,6
-33.239918,50.753666,4
57.38188,-22.01462,1
-46.151768,-4.6319575,2
-56.525066,9.941004,2
19.471025,53.084465,0
18.801256,-39.52108,7
-47.31657,9.005255,2
11.967015,-32.95826,7
-4.3028936,-32.757984,7
9.046596,-53.66502,7
10.0514555,-12.770927,0
-8.698681,-18.44248,7
-46.71226,34.39177,1
15.283135,-1.5326756,0
-3.5725482,19.67726,3
-26.141775,21.286114,3
-57.635006,7.8796687,2
-17.523426,52.398617,4
-27.136454,-40.147503,2
20.231531,-13.380837,0
-31.45416,-43.125313,3
7.503275,38.889484,0
-46.80162,35.792625,1
-26.75402,-48.237633,3
37.492043,31.118391,0
-3.3877466,-28.675543,7
-8.861292,-3.1669004,3
-34.345318,50.065987,4
-20.234352,-56.241257,7
-28.182243,-40.628872,2
9.632824,-48.65378,7
57.317497,24.403614,0
56.13731,-26.610271,1
15.203368,-28.09161,7
-44.722076,20.924332,3
-7.4968853,5.062214,5
-37.019577,31.890736,3
28.101505,-3.9351406,6
-53.146854,-11.068766,2
15.316237,24.793911,0
-26.905611,-42.928513,2
-20.848885,-33.231155,0
-51.56513,-1.787621,2
52.8316,25.794275,0
-15.403543,49.988255,4
-0.8219402,2.3744414,3
-26.249418,21.790962,3
-16.399204,15.552582,3
16.195255,-1.8893367,0
0.47291467,7.0363083,3
-16.413322,36.277504,3
-40.37221,-10.385276,2
6.5663414,46.213116,0
23.445715,1.0572692,6
-56.14285,14.520517,2
5.247524,26.779305,0
-64.38137,9.441966,2
-0.27229592,-30.711998,7
-11.03243,-5.4762387,3
13.131718,-49.845413,7
-8.195768,-15.468497,7
-40.515728,-27.370111,2
2.019369,-45.849827,7
14.674463,-3.2913074,0
22.010773,-37.48823,7
2.0177157,-37.23711,7
-3.8240824,2.7715058,3
57.97666,-2.8764846,1
37.43005,30.890985,0
-3.842271,-1.9059577,3
-42.514286,10.50164,2
-36.30815,6.3902693,3
-34.945225,47.558907,4
4.5635657,-24.296886,7
-6.150806,-37.36034,7
-21.29644,52.18348,4
-8.147876,-22.815893,7
-14.661231,5.22413,5
30.778776,39.296436,0
5.260722,-43.611553,7
34.093586,3.4094262,6
-35.26781,-45.596962,3
-5.5963573,22.74876,3
-39.36465,51.245174,4
44.85496,-17.617903,6
23.93437,-30.342432,6
6.136882,-16.778875,0
15.350957,37.946575,0
-46.762787,-15.069876,2
2.1675832,10.0877495,3
-61.583393,2.7001357,2
17.651144,24.700544,0
-4.299827,1.5939127,3
-1.0936826,44.317017,4
45.218315,-11.0586605,1
5.2276416,-14.472506,0
-1.1691014,-55.51798,7
-14.652859,-55.690918,7
-44.064625,20.545567,3
-53.27008,27.068703,6
-8.460626,-1.158321,3
-26.44146,26.989714,3
14.303117,-30.104883,7
55.595364,-19.366535,1
-14.502245,32.869152,3
53.34548,22.148376,0
41.045647,20.396255,6
12.7960205,-3.9126728,0
-36.136654,-20.250324,2
-4.5920906,-15.246005,7
-27.091816,34.6279,3
-14.10513,58.99738,4
-16.624676,-6.1201,3
48.0937,22.08226,0
20.952932,3.1758368,6
49.782394,-4.294731,1
33.99937,40.859974,0
24.635235,28.903738,0
-0.65556616,-12.184812,0
-20.489515,-22.574759,2
-14.704201,-56.69382,7
-52.00349,-34.25845,2
1.0351809,-37.597908,7
-40.27784,-27.977064,2
-21.276426,-26.30675,2
7.0951686,-22.622972,7
47.411808,-0.29386315,1
6.120961,-16.754652,0
-41.673576,-20.2899,2
-40.096233,-28.77544,2
59.050217,18.517889,7
27.551596,8.870296,6
20.333332,-13.291303,0
5.9740405,-43.671097,7
22.614752,-22.334665,5
16.970274,-53.579376,7
-0.6084928,2.5334604,3
35.7842,34.216534,0
-17.534817,22.442394,3
13.197571,-0.3360245,0
-5.2543035,44.297096,4
-38.559544,3.0422752,3
43.447624,-7.1715326,1
29.840424,36.633797,0
1.3955114,36.657814,0
2.441026,-52.24575,7
17.85634,40.27792,0
14.904703,-13.432886,0
54.254074,4.100989,1
-5.951943,-29.045244,7
-64.392105,10.546378,2
34.673164,-16.416367,6
-36.66933,-19.41269,2
52.067276,21.957914,0
-52.98296,-31.279612,2
-26.608784,-48.16222,3
30.02714,27.886213,0
-3.0143733,10.193736,3
-6.4628186,-21.83101,7
-37.99105,-30.560587,2
46.228466,35.01942,0
50.263916,-36.176163,1
49.961613,25.6113,0
25.068943,5.1128697,6
-10.863756,44.33508,4
2.0150077,-37.447247,7
31.794226,2.268475,6
26.142258,34.758476,0
-33.152622,-0.73368084,3
28.076084,43.869026,0
-53.36779,26.393469,6
34.48707,34.260895,0
-19.500643,-24.814413,2
-3.9646893,19.774733,3
36.598557,9.880858,6
30.675936,-17.4898,6
-14.771407,15.183011,3
19.048523,10.609386,0
40.283085,16.818083,6
43.727615,-28.136986,1
19.192894,-39.472744,7
-3.0634215,42.876797,4
0.6236843,-32.735447,7
-6.301746,1.3774395,3
-36.21488,49.593887,4
-45.89281,-13.308011,2
11.151741,55.5627,0
9.589887,26.41904,0
47.23799,-11.594145,1
-0.122634076,3.8331208,3
56.979137,-1.6293828,1
8.929754,21.15244,0
37.79146,32.56636,0
13.467826,35.96337,0
-0.39080766,3.675239,3
-6.357549,-19.755085,7
55.092537,20.464968,0
24.115513,-38.97879,7
-13.089764,-12.579688,3
9.663347,41.64921,0
-33.061775,-0.7665153,3
-39.880207,-8.296365,2
41.691372,-36.554768,1
12.134083,-39.24046,7
-7.8315253,-27.008287,7
0.6593768,-60.4064,7
-21.198406,16.991764,3
-4.1628795,-40.290558,7
48.908405,11.6852665,7
32.85784,15.2879,6
-48.860764,-11.192408,2
25.83325,20.913631,0
-6.372397,55.302677,4
28.006039,-27.856316,6
-20.746252,-57.40575,7
8.760496,15.1631565,0
8.503143,-30.771034,7
56.602253,22.737358,0
21.376127,-37.25889,7
-15.475062,-9.764138,3
-18.659342,33.577446,3
35.662773,-30.90652,5
-45.382305,21.904655,3
12.058654,46.32435,0
30.746187,-17.200768,6
-32.156494,-30.751194,2
-28.811869,10.289123,3
14.782268,48.692528,0
49.758224,26.773003,0
38.86571,-43.639965,1
-0.53212285,2.580364,3
41.085724,16.701464,6
37.609993,30.93754,0
51.416027,26.681017,0
10.943999,-47.231567,7
31.907955,-27.315058,6
30.004652,48.51726,4
15.902604,34.01917,0
-44.44673,-7.526897,2
10.938424,33.96693,0
1.0980085,6.77062,3
-11.0813675,-32.607555,7
7.192626,-48.011883,7
55.470158,-18.587217,1
5.2994895,-8.632459,0
3.9732602,36.36623,0
19.36386,-45.398563,7
51.57601,18.43518,0
-42.801914,10.589468,2
-57.547707,7.4880834,2
1.1953764,-44.096123,7
-10.4574995,-5.2622366,3
6.273557,-43.920933,7
12.460671,-33.61815,7
30.671787,-3.4232192,6
-19.679312,-33.10408,0
-51.043682,-19.300964,2
-30.965477,30.676775,3
-3.8784146,-58.531605,7
0.99188673,-55.625237,7
54.2871,19.58612,0
39.70904,37.129612,0
-9.607883,-28.45826,7
-28.768406,-45.468853,2
-19.820078,-5.336335,3
-20.308542,-31.742702,0
8.822063,-53.043163,7
18.865826,-42.996773,7
31.418322,-23.46806,6
-33.42367,-44.349487,3
-41.640167,10.077028,2
29.411413,49.554504,0
1.1926044,-33.179302,7
-21.585476,-26.104233,2
-16.196457,22.447866,5
-16.371147,46.572884,4
-14.225093,31.322197,3
-19.753424,-32.571667,0
-33.96233,50.6033,4
31.096634,-10.837972,6
10.837076,33.89792,0
-45.072784,21.784477,3
-54.48765,-8.582209,2
12.302701,55.96379,0
36.861107,-38.14928,1
6.01527,-41.03426,7
-67.98391,8.610766,2
-22.451567,-25.121542,2
-4.4541836,6.4202647,3
35.083233,-15.706977,6
29.66866,39.10624,0
-52.24683,-35.66275,2
-35.1093,-26.460533,2
-50.387127,4.1221423,2
51.176094,-3.5421445,1
-4.112368,28.53096,5
-29.181574,-0.39415342,3
-53.420933,26.485645,6
3.566317,-54.331726,7
-29.259739,36.524178,3
45.407326,-8.748342,1
-26.303907,35.297943,3
2.036432,-37.198853,7
8.730362,-3.6275842,0
-4.055253,-5.7003675,3
12.641847,40.270504,0
0.9841411,-20.590105,7
53.695595,24.08916,0
-6.0361705,17.51004,3
42.321594,-30.190807,1
-53.4358,8.102585,2
6.1254706,-23.395887,7
-67.45842,3.9704392,2
61.11115,16.223003,7
-3.9701796,-5.4880095,3
-3.7327316,4.6794868,3
-40.390602,-27.645502,2
-27.643879,34.90746,3
-0.9557671,-21.814735,7
-8.685219,45.467564,4
-0.78178126,-61.882782,7
-30.387407,-26.53801,2
3.6814148,-29.163057,7
-45.664333,-19.662457,2
-2.878344,-53.79409,7
-19.269073,9.811996,3
23.503166,1.0671864,6
6.2942595,28.857962,0
28.462814,24.913797,0
8.958895,-53.511673,7
-17.029503,-24.917082,2
56.26793,3.203765,1
35.492596,25.78092,0
-11.828635,20.614538,3
48.406693,25.913843,0
-52.080193,12.8048115,2
-16.607689,33.98745,3
-7.1481156,-5.295316,3
-17.206875,-2.1783745,3
-22.339634,-19.203428,2
-22.653553,-39.769745,2
-44.453613,-6.5973015,2
28.760744,32.633705,0
-29.599466,15.599845,3
-42.262646,-25.439678,2
-7.764818,13.088629,5
-19.27432,9.770505,3
-26.312346,34.610455,3
-45.963844,-4.3466187,2
-6.8731995,28.582682,3
-10.718232,3.833209,3
15.595936,6.3804293,0
-35.46499,25.204683,3
0.7807031,-53.615036,7
-62.91988,2.8757203,2
-13.204061,-44.920418,7
-12.98193,-15.726434,3
-17.88261,15.540602,3
-45.58847,21.840479,3
-54.128933,26.61761,6
12.470007,-16.656101,0
-35.711647,22.927183,3
-36.33971,14.20642,3
7.4744735,-44.147972,7
10.698699,33.922073,0
-11.817549,20.518381,3
37.66129,33.414894,0
-46.43289,9.010694,2
-8.564892,12.181141,5
-35.465675,25.30697,3
-36.27019,14.160164,3
-3.135399,-42.785538,7
-11.317827,-12.199018,3
-8.1152935,32.726192,3
-24.001852,6.7821665,3
-14.968485,-45.57042,7
-42.02916,10.255848,2
-25.897446,-47.35538,2
-24.936596,-40.104202,2
5.3270426,-8.594788,0
34.13752,-16.73996,6
-35.712307,22.945156,3
41.09346,2.8739724,6
6.7550154,-11.615286,0
31.90128,13.061171,6
-34.910282,-22.6792,2
-13.110015,-44.901623,7
7.2541933,-22.79408,7
21.780117,13.752781,0
17.955935,24.7612,0
-7.840585,-19.274569,7
7.341812,-29.0941,7
-32.078564,45.233524,4
-0.6406503,-53.299057,7
14.992326,29.442741,0
-16.685055,-6.11102,3
12.024354,16.660215,0
6.657646,-17.346703,0
39.0221,-43.358315,1
-5.2897844,-7.036642,3
-7.302263,-16.16888,7
29.832645,34.43848,0
4.0735703,-58.041985,7
1.0739896,-50.769344,7
-9.6946,-20.859531,7
3.6228657,-0.18055937,3
53.39636,-13.872008,1
23.657694,1.0976589,6
-27.479597,-44.749374,2
-3.6577072,56.75314,4
10.2227335,-47.36832,7
-26.839619,34.492958,3
22.507103,-19.876959,5
-2.99703,5.632795,3
-15.167966,59.355106,4
9.090102,30.002155,0
-36.794456,-20.327074,2
29.55936,-19.031002,6
20.163578,-39.101593,7
-34.44207,43.946827,4
-20.82603,-33.158867,0
-14.639199,4.7771044,5
-1.4648318,-10.805765,0
-14.468496,12.433243,3
-31.042713,16.14879,3
47.305267,-11.984081,1
-16.51223,-55.341133,7
12.269243,13.540974,0
9.383695,-29.36968,7
-15.409147,20.048632,3
18.315413,11.235467,0
14.968399,14.54027,0
-32.625134,22.250248,3
50.49278,20.712734,0
33.249615,-4.6139393,6
8.914349,-57.17673,7
-24.547258,-46.487736,2
-22.205038,-19.663021,2
-10.141451,28.507114,3
36.219383,-29.457699,5
46.71519,-30.1337,1
-51.625755,-20.941769,2
9.969431,10.661112,0
-47.224606,9.066135,2
-40.30658,-21.008942,2
6.176718,28.795122,4
-0.9060085,57.304813,4
51.19799,1.4933133,1
21.1123,53.4912,0
-20.62403,-33.1535,0
-40.013233,-8.192417,2
36.374,30.420866,0
-14.22618,-38.61467,7
-26.019077,-29.243086,2
-1.4808135,22.434986,3
42.238724,16.122643,6
25.178595,-3.0378811,6
-19.92421,32.212433,3
59.49929,19.690414,7
20.761131,38.778893,4
-9.954218,-20.378384,7
4.534133,40.048103,0
-37.944,-23.027817,2
52.67043,-34.17218,1
8.081335,-37.95184,7
8.8882475,13.222659,0
1.7198901,4.0361238,3
31.22886,-29.644646,5
53.146282,15.682711,0
23.247856,-29.060799,6
-51.39084,-1.286889,2
22.125797,-24.648237,5
29.68241,40.352303,4
58.78316,-12.658547,1
-4.2007036,45.722523,4
12.870158,-9.064757,0
37.34988,-17.49202,1
-4.8142405,7.770605,3
-54.62726,-9.89768,2
-47.33506,10.374945,2
34.242207,34.17868,0
1.2044302,-44.31702,7
-51.403034,-1.3068966,2
9.6610155,2.5708072,0
4.602219,-24.400555,7
-7.251521,-16.218159,7
36.919666,-3.433773,6
-22.019045,-31.544159,0
12.633611,49.792553,0
-15.058732,-36.87716,7
-14.867478,-47.043697,7
-12.283994,-29.859987,7
-29.99326,-42.76382,3
40.36662,20.99736,6
-17.965006,15.500719,3
8.191265,-44.440697,7
-16.85115,53.225494,4
52.797115,-33.878338,1
-49.3669,-10.725887,2
51.011326,1.1267437,1
-15.338814,15.329666,3
16.407019,-52.19739,7
0.8049183,-32.15913,7
-30.067017,-25.550724,2
-11.587549,-36.92934,7
-26.141045,-29.50403,2
-12.450034,4.23567,3
-7.34613,21.024214,3
-45.24713,-6.413071,2
15.908525,48.26178,0
-1.298533,23.71022,3
21.016628,-44.407696,7
10.774774,-54.24014,7
-8.276741,56.51233,4
-19.197725,-19.602869,2
-1.0793751,48.281033,4
25.21608,-44.45479,7
37.014957,-25.64456,5
30.596872,-17.689318,6
6.822292,27.309772,0
-46.185192,2.8972178,2
46.805313,-10.50329,1
-43.093796,-6.0217,2
22.160131,47.398785,0
-46.29471,-33.664703,2
21.418726,17.279867,0
56.286327,-17.146643,1
-42.796753,-22.201271,2
14.63454,-26.37583,7
-25.181597,-23.704323,2
24.567148,28.88959,0
-11.376481,33.849777,3
39.223843,8.978756,1
46.118412,-10.124411,1
-17.47761,47.487167,4
6.350596,-53.756363,7
-63.624428,5.1355,2
22.51578,1.0936903,6
-47.46483,33.972095,1
-19.40561,37.005943,3
43.89154,-28.197308,1
48.693245,11.536646,7
-4.1598535,-32.327686,7
34.09264,15.58173,6
-10.610604,28.441011,3
51.298275,-3.518415,1
14.26616,26.317125,0
-4.2950935,-33.596138,7
-16.287107,-5.0652175,3
-37.814457,2.1713212,3
-6.6882854,30.547926,5
20.160471,18.256577,0
-11.831352,-12.551348,3
-8.463518,-37.24406,7
34.41948,11.620301,6
19.735113,-13.609564,0
-21.624258,-21.42732,2
-42.886276,-22.10906,2
-46.065865,-33.560295,2
-52.400608,11.651442,2
19.244839,-4.796721,0
57.935246,-2.803202,1
17.149458,-43.154617,7
-31.778753,-2.6741178,5
25.140825,-2.8815107,6
6.010056,47.61002,0
13.097527,-22.902903,7
-4.96133,17.587,3
12.030984,46.337296,0
-13.162664,-3.7141438,3
-18.402908,37.113018,3
22.1166,-25.637358,5
21.469027,17.067429,0
-15.397765,-11.759093,3
-11.356074,-2.2062705,3
53.544563,17.762321,0
-15.896517,6.914162,3
-4.431221,-18.306984,7
23.743086,-30.098284,6
7.1198645,29.598534,0
-2.5308914,-21.211493,7
24.687395,-48.371532,7
-11.76426,49.287422,4
8.449759,30.05941,0
-46.349518,10.559145,2
-12.405323,53.17127,4
7.225039,-4.9572573,0
-16.145426,-46.1229,7
-34.99094,47.633022,4
-38.6402,30.0003,3
40.464855,20.315245,6
-8.552519,40.368275,4
-9.1587305,-46.62564,7
21.355616,29.790192,0
-4.5437894,40.96148,4
7.453955,42.3398,0
14.440032,-17.021536,0
31.784233,47.83268,4
-41.11047,9.612912,2
46.29793,4.783651,6
-5.893334,22.633076,3
15.83049,-1.6770191,0
-3.5374317,19.673746,3
-50.79464,-22.031164,2
-34.738525,49.905785,4
38.23575,39.051918,0
-3.1246204,-3.663848,3
26.157255,-14.318595,6
17.660898,34.377895,0
9.121414,-56.83599,7
25.735693,35.215042,0
10.722196,-47.53488,7
-35.12737,13.569923,3
-53.31207,14.037968,2
-28.308952,-8.94001,5
24.070463,-0.9874313,6
36.67581,-36.82275,1
6.733333,-13.4732685,0
56.020283,2.3001568,1
-46.719227,1.8941209,2
-22.335772,15.266943,3
-57.80534,14.137821,2
5.417884,-30.692394,7
-6.848209,-49.123753,7
-15.952296,6.7813334,3
13.483483,36.010586,0
52.524887,18.942375,0
-28.044333,-48.77749,3
-1.1009367,2.1431322,3
-29.272251,36.50826,3
-6.1167235,-42.49198,7
33.993523,-11.182294,6
-0.7619018,3.6086802,3
-24.749798,-40.436466,2
-6.1017904,1.7795027,3
29.932953,-3.0539944,6
-26.987526,-20.16545,2
-12.969186,18.503977,3
9.340999,14.945913,0
-0.549663,-61.7505,7
34.786034,-39.2885,1
-40.194633,-9.371838,2
-14.8710985,-55.670757,7
-31.969137,30.60806,3
31.394173,-3.1588128,6
40.228966,19.96647,6
17.956167,11.657195,0
4.1597047,35.297115,0
-46.098495,-5.106273,2
-16.043657,-21.293676,2
-33.89827,-29.457056,2
-28.027603,-40.581642,2
57.89793,-2.7236803,1
31.424852,-10.776883,6
26.385998,4.324029,6
44.455482,-6.9285655,1
14.8981085,-13.658746,0
42.980232,15.42455,6
-52.043488,-34.374508,2
-16.623386,5.15385,3
-21.425888,-21.723614,2
-18.617123,48.560005,4
-20.000246,-3.055964,3
15.324536,6.9178953,0
-0.80599755,57.132523,4
-22.279266,28.661043,3
-47.183723,-21.637772,2
-1.6698663,-12.187582,0
-25.570911,-9.61248,5
-27.890295,10.150903,3
50.49581,11.9291935,7
45.655476,-37.288105,1
-4.3220196,9.891279,3
-29.735746,30.716883,3
-54.195873,-10.300253,2
19.965107,7.665958,0
-7.536342,4.6499114,5
-18.988676,35.74558,3
29.70184,48.952404,4
12.476258,39.818672,0
-49.84499,-37.078373,2
-7.7888083,17.496748,3
18.24296,35.094543,0
-1.2589983,22.380224,3
23.387941,1.0444236,6
-20.914446,-31.98161,0
0.8917039,-60.262024,7
0.022956854,-17.63532,7
12.522144,-11.161301,0
-41.65817,-14.894422,2
-22.143845,-20.091473,2
-45.84991,-24.333323,2
27.511433,43.812218,0
20.994165,3.2026372,6
-9.2586775,17.576473,3
-67.50304,5.509012,2
48.017395,-29.1131,1
-26.034487,-30.260769,2
-17.833601,31.11421,3
-28.411009,-41.724194,2
42.620625,-40.280556,1
38.17636,-18.274136,1
24.05649,45.96709,0
-4.255365,28.48316,5
-49.755653,3.2634027,2
-44.514874,-11.358203,2
12.088463,43.926006,0
-7.4892297,-34.06084,7
51.76305,-3.418256,1
39.2018,9.438152,6
28.48301,24.878315,0
-4.023222,1.8272815,3
35.983276,-30.805431,5
-7.9452477,40.291054,4
-53.51772,27.648155,6
13.155274,-13.4124,5
9.334917,12.710821,0
-0.62625164,56.709953,4
-3.613955,19.688828,3
11.502674,-39.41917,7
-16.521872,-5.0753827,3
34.51118,24.40195,0
4.729259,-61.20628,7
10.676649,16.591944,0
-6.7363853,-21.552416,7
8.100472,-39.08659,7
-33.950027,-13.072905,2
-47.010777,-27.554588,2
-14.659543,30.05156,3
45.608345,-34.475834,1
-16.198141,-22.747414,2
-26.865128,4.516404,3
-3.0434592,-43.130733,7
9.256418,-29.391071,7
-37.85106,-30.19405,2
57.474037,-22.170141,1
53.138233,-33.460506,1
-26.176498,-29.67019,2
-13.075259,-15.325904,3
13.918818,26.773436,0
-46.298046,10.751579,2
-16.225513,35.067787,3
-43.41438,-7.143092,2
7.979617,-10.42653,0
-46.743664,35.584515,2
-26.878227,-40.076332,2
-16.360882,33.095913,3
-27.314312,-28.711073,2
25.204075,15.88348,0
-33.09914,43.94134,4
