date,OT1,OT2
0,0.4199,-0.05928
1,0.35568,-0.03952
2,0.25688,-0.01976
3,0.18278,-0.00494
4,0.12844,0.00988
5,0.06916,0.00988
6,0.0247,0.01482
7,0.0,0.01482
8,-0.00494,0.02964
9,-0.00988,0.03458
10,-0.00988,0.02964
11,-0.03458,0.02964
12,-0.03952,0.02964
13,-0.04446,0.03458
14,-0.03952,0.0247
15,-0.05434,0.02964
16,-0.05928,0.03458
17,-0.02964,0.02964
18,-0.05928,0.0247
19,-0.02964,0.0247
20,-0.04446,0.0247
21,-0.02964,0.01482
22,-0.04446,0.0247
23,-0.03952,0.01482
24,-0.00494,0.01482
25,-0.0247,0.0247
26,-0.01976,0.01976
27,-0.01976,0.01482
28,-0.01482,0.01976
29,-0.03458,0.03458
30,-0.0247,0.01976
31,-0.01976,0.01482
32,-0.01976,0.01976
33,-0.0247,0.01976
34,-0.03458,0.01482
35,-0.03458,0.01482
36,-0.03952,0.0247
37,-0.03458,0.01976
38,-0.05434,0.01976
39,-0.05434,0.00988
40,-0.05434,0.01976
41,-0.05434,0.00988
42,-0.05434,0.0247
43,-0.04446,0.00988
44,-0.00988,0.01976
45,-0.03458,0.01482
46,-0.03458,0.00988
47,-0.03458,0.01976
48,-0.05434,0.00494
49,-0.06916,0.03458
50,-0.0741,0.01976
51,-0.0494,0.01976
52,-0.05928,0.01976
53,-0.0741,0.01482
54,-0.08892,0.00988
55,-0.08398,0.00988
56,-0.0988,0.01976
57,-0.08892,0.00988
58,-0.08892,0.00494
59,-0.08892,0.00988
60,-0.07904,0.01482
61,-0.07904,0.01482
62,-0.07904,0.00988
63,-0.07904,0.01482
64,-0.06916,0.00988
65,-0.0494,0.0247
66,-0.06422,0.03458
67,-0.06422,0.0247
68,0.00494,-0.03458
69,0.26676,-0.09386
70,0.81016,-0.15808
71,0.84968,-0.13338
72,0.2964,0.01482
73,-0.04446,0.06422
74,-0.03458,0.0
75,0.00494,-0.01482
76,-0.00494,0.01482
77,-0.03952,0.01482
78,-0.03458,0.00494
79,-0.05928,0.00494
80,-0.05434,0.01482
81,-0.0741,0.00494
82,-0.06422,-0.00494
83,-0.08398,0.01976
84,-0.06916,0.00494
85,-0.0741,0.00988
86,-0.07904,0.00988
87,-0.06916,0.01482
88,-0.05928,0.01482
89,-0.06916,0.0247
90,-0.05928,0.01976
91,-0.03458,0.00988
92,-0.03952,0.01482
93,-0.0247,0.01976
94,-0.0247,0.01482
95,0.0,0.00988
96,-0.01482,0.0247
97,0.0,0.00988
98,0.03458,0.00988
99,0.03952,0.00494
100,0.07904,-0.00494
101,0.09386,-0.01482
102,0.11856,-0.01976
103,0.15314,-0.03458
104,0.21242,-0.04446
105,0.24206,-0.05928
106,0.28652,-0.06422
107,0.31616,-0.0741
108,0.36556,-0.08398
109,0.39026,-0.08398
110,0.46436,-0.0988
111,0.44954,-0.0988
112,0.4199,-0.0741
113,0.38532,-0.05928
114,0.30628,-0.05434
115,0.23218,-0.02964
116,0.15314,-0.01976
117,0.0988,-0.01482
118,0.04446,0.0
119,0.00494,0.0
120,-0.03952,0.00494
121,-0.05434,0.01482
122,-0.06916,0.01482
123,-0.0741,0.00988
124,-0.09386,0.01976
125,-0.09386,0.01482
126,-0.07904,0.00988
127,-0.06916,0.00494
128,-0.08892,0.01482
129,-0.0988,0.01976
130,-0.06916,0.01976
131,-0.08398,0.01482
132,-0.08892,0.0247
133,-0.08398,0.01482
134,-0.0741,0.0247
135,-0.08892,0.01482
136,-0.06422,0.01482
137,-0.0741,0.00988
138,-0.05434,-0.00494
139,-0.07904,0.0
140,-0.07904,-0.00988
141,-0.07904,0.00988
142,-0.07904,-0.00494
143,-0.07904,-0.00988
144,-0.08398,-0.00494
145,-0.0988,0.0
146,-0.09386,-0.00988
147,-0.0988,0.00494
148,-0.07904,0.01482
149,-0.0741,0.00988
150,-0.10374,0.00494
151,-0.09386,0.01482
152,-0.0988,0.00988
153,-0.14326,0.01976
154,-0.14326,0.01482
155,-0.10374,0.00988
156,-0.11362,0.01482
157,-0.0988,0.01976
158,-0.11362,0.0247
159,-0.11856,0.01976
160,-0.08398,-0.01482
161,0.15314,-0.08892
162,0.66196,-0.14326
163,1.0275,-0.16796
164,0.5434,-0.01976
165,0.00988,0.07904
166,-0.0741,0.02964
167,-0.00494,-0.01482
168,-0.00494,-0.00494
169,-0.05434,0.00494
170,-0.05928,0.0
171,-0.08892,0.0
172,-0.11362,0.00988
173,-0.11856,0.00988
174,-0.09386,0.00988
175,-0.11362,0.01482
176,-0.10374,0.01482
177,-0.09386,0.01482
178,-0.08892,0.00988
179,-0.10374,0.01482
180,-0.06422,0.01976
181,-0.0741,0.0247
182,-0.06422,0.01976
183,-0.05434,0.01482
184,-0.04446,0.01976
185,-0.03458,0.02964
186,-0.00494,0.01482
187,-0.00494,0.01482
188,0.00988,0.01482
189,0.00988,0.00494
190,0.0247,-0.00494
191,0.03952,0.0
192,0.08892,-0.00494
193,0.10374,-0.00494
194,0.11856,-0.02964
195,0.16796,-0.02964
196,0.20748,-0.03952
197,0.23712,-0.0494
198,0.28652,-0.0741
199,0.3458,-0.08398
200,0.39026,-0.09386
201,0.43472,-0.0988
202,0.45448,-0.10868
203,0.44954,-0.09386
204,0.44954,-0.07904
205,0.39026,-0.04446
206,0.31122,-0.04446
207,0.22724,-0.01976
208,0.1482,-0.01976
209,0.0741,-0.00988
210,0.0247,-0.00494
211,-0.00988,0.0
212,-0.05434,0.00494
213,-0.0741,0.01482
214,-0.08398,0.00494
215,-0.10374,0.01482
216,-0.09386,0.01482
217,-0.0988,0.01482
218,-0.09386,0.00494
219,-0.09386,0.01976
220,-0.08892,0.01976
221,-0.10374,0.03952
222,-0.06916,0.0247
223,-0.08892,0.0494
224,-0.07904,-0.01482
225,0.13832,-0.0741
226,0.70148,-0.14326
227,1.1214,-0.11362
228,0.76076,-0.03458
229,0.29146,0.00494
230,0.18772,-0.01482
231,0.1482,-0.00988
232,0.08892,-0.00988
233,0.0247,0.00988
234,0.01482,0.00494
235,-0.0247,0.0
236,-0.04446,0.00494
237,-0.05928,0.00988
238,-0.06422,0.00494
239,-0.09386,0.01976
240,-0.05928,0.01482
241,-0.07904,0.02964
242,-0.06422,0.01976
243,-0.07904,0.02964
244,-0.07904,0.02964
245,-0.09386,0.04446
246,-0.06422,0.02964
247,-0.06422,0.03458
248,-0.05434,0.02964
249,-0.0494,0.01976
250,-0.03952,0.01482
251,-0.00988,0.0247
252,0.01976,0.01976
253,0.03458,0.01976
254,0.0494,0.00988
255,0.0741,-0.00494
256,0.0988,0.0
257,0.11856,0.0
258,0.15808,-0.0247
259,0.19266,-0.0247
260,0.23218,-0.0247
261,0.2717,-0.03952
262,0.2964,-0.04446
263,0.3211,-0.05928
264,0.38532,-0.05928
265,0.38532,-0.05928
266,0.38532,-0.04446
267,0.33098,-0.03952
268,0.2717,-0.01482
269,0.1976,-0.00988
270,0.1482,-0.01482
271,0.08398,-0.01482
272,0.03952,-0.00494
273,0.01482,0.00494
274,-0.01482,0.00494
275,-0.00988,0.00988
276,-0.0247,0.01482
277,-0.02964,0.01976
278,-0.0494,0.00494
279,-0.05434,0.01482
280,-0.08398,0.01482
281,-0.03952,0.02964
282,-0.05928,0.01976
283,-0.02964,0.03458
284,-0.05434,0.03458
285,-0.05434,0.04446
286,-0.07904,0.04446
287,-0.03458,0.04446
288,-0.05928,0.03952
289,-0.05434,0.03952
290,-0.05434,0.02964
291,-0.05434,0.03458
292,-0.0494,0.03952
293,-0.04446,0.03952
294,-0.04446,0.03952
295,-0.03952,0.03952
296,-0.04446,0.04446
297,-0.05928,0.05434
298,-0.02964,0.05434
299,-0.03952,0.05434
300,-0.02964,0.06422
301,-0.05928,0.06916
302,-0.0494,0.0741
303,-0.07904,0.0741
304,-0.04446,0.07904
305,-0.06916,0.08398
306,-0.0494,0.08892
307,-0.0494,0.08398
308,-0.05928,0.0988
309,-0.05928,0.09386
310,-0.05434,0.08892
311,-0.06422,0.08892
312,-0.05928,0.08892
313,-0.06422,0.08892
314,-0.0741,0.08892
315,-0.04446,0.08892
316,-0.05928,0.08892
317,-0.04446,0.09386
318,-0.0494,0.08398
319,-0.04446,0.0988
320,-0.04446,0.10374
321,-0.03458,0.10868
322,-0.03952,0.10374
323,-0.03952,0.11362
324,-0.03952,0.11362
325,-0.0494,0.1235
326,-0.04446,0.11856
327,-0.03458,0.11856
328,-0.04446,0.1235
329,-0.03458,0.10868
330,-0.03458,0.10868
331,-0.02964,0.11362
332,-0.00988,0.11856
333,-0.03458,0.11362
334,-0.0247,0.11362
335,-0.0494,0.0988
336,-0.03458,0.10868
337,-0.05434,0.10868
338,-0.00988,0.10374
339,-0.03952,0.11362
340,-0.03458,0.11856
341,-0.0494,0.11362
342,-0.05434,0.11856
343,-0.05434,0.11362
344,-0.02964,0.11362
345,-0.05928,0.13338
346,-0.05928,0.12844
347,-0.06422,0.12844
348,-0.05434,0.13832
349,-0.0494,0.13832
350,-0.02964,0.13338
351,-0.02964,0.13338
352,-0.03458,0.11856
353,-0.02964,0.11856
354,-0.03952,0.11856
355,-0.0247,0.11856
356,-0.0247,0.11856
357,-0.03458,0.11362
358,-0.05434,0.11362
359,-0.05434,0.0988
360,-0.05928,0.11856
361,-0.0741,0.11856
362,-0.0494,0.11362
363,-0.0741,0.11362
364,-0.05434,0.1235
365,-0.07904,0.1235
366,-0.0741,0.1235
367,-0.09386,0.13832
368,-0.06916,0.13338
369,-0.08398,0.13832
370,-0.06916,0.14326
371,-0.06422,0.13338
372,-0.05928,0.13338
373,-0.06422,0.13338
374,-0.0494,0.11856
375,-0.04446,0.11856
376,-0.03952,0.1235
377,-0.05434,0.11362
378,-0.06916,0.11362
379,-0.06916,0.11856
380,-0.05434,0.10374
381,-0.05928,0.10374
382,-0.05928,0.11362
383,-0.10868,0.08892
384,0.02964,0.03458
385,0.34086,-0.01482
386,0.92872,-0.10374
387,1.067,-0.08892
388,0.3952,0.02964
389,0.0741,0.08892
390,0.0741,0.07904
391,0.07904,0.0988
392,0.05434,0.11362
393,0.01482,0.11362
394,-0.00988,0.11362
395,-0.01482,0.1235
396,-0.0247,0.13338
397,-0.04446,0.14326
398,-0.01976,0.13338
399,-0.04446,0.13832
400,-0.04446,0.12844
401,-0.05928,0.1235
402,-0.05434,0.10868
403,-0.06422,0.1235
404,-0.03458,0.11362
405,-0.04446,0.11856
406,-0.05928,0.10868
407,-0.04446,0.10868
408,-0.04446,0.10868
409,-0.05434,0.11856
410,-0.01976,0.11362
411,-0.01482,0.10868
412,0.00494,0.10868
413,0.01482,0.0988
414,0.03952,0.0988
415,0.03952,0.11856
416,0.0741,0.0988
417,0.0988,0.10868
418,0.11362,0.08892
419,0.14326,0.0988
420,0.17784,0.0741
421,0.1976,0.07904
422,0.22724,0.06916
423,0.26182,0.06422
424,0.27664,0.05928
425,0.30628,0.05434
426,0.31616,0.04446
427,0.33098,0.03952
428,0.34086,0.0494
429,0.3458,0.0494
430,0.30628,0.05434
431,0.26676,0.05928
432,0.20748,0.0741
433,0.1482,0.08892
434,0.09386,0.10868
435,0.06916,0.10868
436,0.0247,0.1235
437,0.00494,0.1235
438,-0.00988,0.11362
439,-0.00494,0.10374
440,-0.0494,0.11856
441,-0.00494,0.10868
442,-0.0247,0.11362
443,-0.01482,0.10374
444,-0.01482,0.10868
445,-0.01976,0.11362
446,-0.02964,0.11362
447,-0.01482,0.10868
448,-0.00988,0.10868
449,-0.01976,0.11362
450,-0.01482,0.10374
451,0.0,0.10374
452,0.0,0.11856
453,0.02964,0.11856
454,0.02964,0.11856
455,0.02964,0.11362
456,0.02964,0.11856
457,0.01482,0.11362
458,0.01482,0.12844
459,0.0,0.10868
460,0.02964,0.0988
461,0.00494,0.09386
462,0.01482,0.08892
463,-0.00494,0.08892
464,0.0,0.08892
465,-0.00988,0.0988
466,0.01482,0.0988
467,0.00988,0.0988
468,0.00494,0.10374
469,0.0,0.10374
470,-0.01482,0.0988
471,-0.0247,0.10868
472,-0.00988,0.10868
473,-0.01482,0.11362
474,-0.0247,0.0988
475,-0.0247,0.0988
476,-0.02964,0.10374
477,-0.03952,0.1235
478,-0.03952,0.10868
479,-0.03952,0.10868
480,-0.04446,0.0988
481,-0.02964,0.0988
482,-0.03952,0.07904
483,-0.02964,0.08892
484,-0.03952,0.08892
485,-0.00494,0.08892
486,-0.02964,0.06916
487,-0.01976,0.08398
488,-0.02964,0.08892
489,-0.03952,0.08892
490,-0.03952,0.08892
491,-0.01976,0.08398
492,-0.03952,0.08892
493,-0.04446,0.08892
494,-0.05434,0.08892
495,-0.06422,0.08892
496,-0.08398,0.10374
497,-0.05434,0.10374
498,-0.06916,0.10374
499,-0.05434,0.09386
500,-0.0741,0.0988
501,-0.0494,0.07904
502,-0.05928,0.08892
503,-0.04446,0.07904
504,-0.03952,0.08892
505,-0.03458,0.08398
506,-0.03952,0.07904
507,-0.03952,0.0741
508,-0.03952,0.08398
509,-0.03458,0.08398
510,-0.03458,0.08398
511,-0.03952,0.08398
512,-0.03952,0.08892
513,-0.0247,0.08892
514,-0.0494,0.08892
515,-0.05434,0.0741
516,-0.05928,0.08892
517,-0.06422,0.0741
518,-0.08398,0.0741
519,-0.08892,0.05928
520,-0.08892,0.06916
521,-0.07904,0.06916
522,-0.05434,0.05928
523,-0.0741,0.06422
524,-0.05434,0.06422
525,-0.05434,0.08398
526,-0.0741,0.06916
527,0.00494,0.00988
528,0.2964,-0.05928
529,0.8398,-0.12844
530,1.0127,-0.12844
531,0.41496,0.0
532,0.06422,0.07904
533,0.05434,0.06422
534,0.10374,0.05928
535,0.03952,0.0741
536,0.0247,0.08398
537,0.00988,0.0741
538,-0.00988,0.06916
539,-0.0247,0.0741
540,-0.01976,0.0741
541,-0.03458,0.06916
542,-0.0494,0.06422
543,-0.05928,0.06422
544,-0.0494,0.06422
545,-0.06422,0.06916
546,-0.03952,0.06916
547,-0.03952,0.06422
548,-0.01482,0.06422
549,-0.02964,0.05928
550,-0.01976,0.05434
551,-0.01482,0.06422
552,0.00988,0.06422
553,0.01482,0.06916
554,0.01482,0.06422
555,0.0247,0.06422
556,0.04446,0.05928
557,0.05434,0.05928
558,0.0741,0.0494
559,0.10374,0.04446
560,0.11362,0.04446
561,0.13338,0.03952
562,0.15808,0.01976
563,0.17784,0.01482
564,0.22724,0.00494
565,0.26182,0.0
566,0.2717,-0.0247
567,0.32604,-0.03458
568,0.35568,-0.04446
569,0.41002,-0.03458
570,0.41002,-0.03458
571,0.42978,-0.03458
572,0.40508,-0.01482
573,0.37544,0.0
574,0.30134,0.01482
575,0.21736,0.02964
576,0.13338,0.0494
577,0.09386,0.06422
578,0.05434,0.06422
579,0.0,0.07904
580,-0.0247,0.08398
581,-0.02964,0.08892
582,-0.06422,0.08892
583,-0.02964,0.08892
584,-0.0741,0.0988
585,-0.04446,0.08398
586,-0.06916,0.07904
587,-0.04446,0.0741
588,-0.0494,0.08398
589,-0.0247,0.07904
590,-0.03952,0.0741
591,-0.04446,0.06422
592,-0.03952,0.06422
593,-0.03952,0.06916
594,-0.04446,0.06422
595,-0.02964,0.05928
596,-0.02964,0.06916
597,-0.03458,0.06916
598,-0.03952,0.06422
599,-0.03458,0.06422
600,-0.0494,0.07904
601,-0.0247,0.06916
602,-0.0494,0.07904
603,-0.04446,0.07904
604,-0.05434,0.08398
605,-0.05928,0.07904
606,-0.05928,0.07904
607,-0.03458,0.07904
608,-0.01482,0.08398
609,-0.0247,0.07904
610,-0.0247,0.06916
611,-0.01976,0.06916
612,-0.03952,0.07904
613,-0.02964,0.06916
614,-0.05434,0.06916
615,-0.05928,0.06422
616,-0.0741,0.06422
617,-0.06422,0.0494
618,-0.08892,0.06916
619,-0.06916,0.05434
620,-0.06422,0.06422
621,-0.09386,0.06916
622,-0.08398,0.06916
623,-0.09386,0.06422
624,-0.09386,0.08398
625,-0.08398,0.0741
626,-0.0741,0.06916
627,-0.08398,0.06916
628,-0.07904,0.08398
629,-0.0741,0.0741
630,0.00494,0.00988
631,0.33592,-0.06916
632,0.87932,-0.11362
633,0.85462,-0.08892
634,0.30134,0.05928
635,-0.01482,0.10868
636,0.0,0.05928
637,0.0494,0.04446
638,0.02964,0.0494
639,0.0,0.04446
640,-0.0247,0.06422
641,-0.01976,0.06422
642,-0.03952,0.06422
643,-0.03458,0.06422
644,-0.03458,0.06422
645,-0.03952,0.0741
646,-0.0494,0.08398
647,-0.03458,0.07904
648,-0.03458,0.06916
649,-0.0494,0.05928
650,-0.05928,0.05928
651,-0.05434,0.0494
652,-0.05928,0.0494
653,-0.05928,0.0494
654,-0.05434,0.05928
655,-0.06916,0.05928
656,-0.0741,0.06916
657,-0.08398,0.0741
658,-0.08398,0.07904
659,-0.10868,0.09386
660,-0.08398,0.06916
661,-0.09386,0.08398
662,-0.10374,0.0741
663,-0.10374,0.08892
664,-0.10374,0.06422
665,-0.10374,0.07904
666,-0.1235,0.07904
667,-0.10868,0.08398
668,-0.1235,0.06916
669,-0.11362,0.05434
670,-0.1235,0.05928
671,-0.1235,0.0494
672,-0.11856,0.05434
673,-0.0988,0.0494
674,-0.08892,0.05434
675,-0.08892,0.03952
676,-0.06916,-0.01976
677,-0.02964,-0.08398
678,0.0988,-0.17784
679,0.3705,-0.2964
680,0.63232,-0.37544
681,0.90402,-0.38532
682,1.0868,-0.45942
683,1.2004,-0.5434
684,1.2893,-0.5434
685,1.4721,-0.52858
686,1.5857,-0.45942
687,1.5166,-0.33592
688,1.1164,-0.20254
689,0.65702,-0.12844
690,0.3705,-0.0494
691,0.11362,0.04446
692,-0.03458,0.08398
693,-0.18772,0.10868
694,-0.25194,0.11362
695,-0.30628,0.1235
696,-0.33098,0.1235
697,-0.35568,0.12844
698,-0.3458,0.13338
699,-0.36556,0.12844
700,-0.37544,0.1235
701,-0.40014,0.1235
702,-0.39026,0.12844
703,-0.42484,0.15808
704,-0.3952,0.15314
705,-0.41496,0.15314
706,-0.4199,0.15808
707,-0.42978,0.16796
708,-0.43472,0.15314
709,-0.43966,0.16796
710,-0.4446,0.16796
711,-0.42484,0.1729
712,-0.43966,0.16796
713,-0.43472,0.16796
714,-0.43472,0.16796
715,-0.42978,0.1729
716,-0.4199,0.15314
717,-0.38038,0.14326
718,-0.35568,0.13338
719,-0.31122,0.11856
720,-0.2717,0.10374
721,-0.21242,0.08892
722,-0.16796,0.0988
723,-0.06916,0.0741
724,0.0,0.06916
725,0.04446,0.05928
726,0.08892,0.06422
727,0.09386,0.06422
728,0.10374,0.06916
729,0.06916,0.08398
730,0.06422,0.0741
731,0.03458,0.08398
732,-0.00494,0.0741
733,-0.01482,0.06916
734,-0.03458,0.06916
735,-0.05434,0.0741
736,-0.05928,0.0741
737,-0.0494,0.05928
738,-0.05928,0.05434
739,-0.06422,0.05434
740,-0.07904,0.0494
741,-0.08892,0.05928
742,-0.08892,0.06422
743,-0.08892,0.06916
744,-0.08892,0.07904
745,-0.08892,0.0741
746,-0.08398,0.08892
747,-0.09386,0.08892
748,-0.09386,0.08892
749,-0.10868,0.09386
750,-0.08398,0.0988
751,-0.10374,0.0988
752,-0.0988,0.07904
753,-0.10868,0.08398
754,-0.11362,0.06916
755,-0.10868,0.08398
756,-0.1235,0.06916
757,-0.10374,0.06422
758,-0.1235,0.07904
759,-0.11362,0.0741
760,-0.11362,0.06916
761,-0.10374,0.05928
762,-0.11362,0.06422
763,-0.10374,0.05434
764,-0.08892,0.04446
765,-0.10374,0.03952
766,-0.10868,0.05434
767,-0.11856,0.05928
768,-0.10868,0.06916
769,-0.13338,0.07904
770,-0.10374,0.08398
771,-0.11856,0.09386
772,-0.11856,0.07904
773,-0.10868,0.08892
774,-0.11856,0.06916
775,-0.11362,0.06422
776,-0.11856,0.06916
777,-0.0988,0.05928
778,-0.0988,0.06422
779,-0.09386,0.06422
780,-0.09386,0.05928
781,-0.09386,0.05434
782,-0.10374,0.06422
783,-0.0988,0.06422
784,-0.08398,0.05928
785,-0.10868,0.05434
786,-0.10868,0.06422
787,-0.11856,0.05928
788,-0.11362,0.05434
789,-0.1235,0.06422
790,-0.10868,0.06422
791,-0.11362,0.0741
792,-0.1235,0.0741
793,-0.1235,0.0741
794,-0.1235,0.05928
795,-0.11856,0.06422
796,-0.12844,0.0494
797,-0.10374,0.03952
798,-0.11856,0.03952
799,-0.10374,0.0247
800,-0.0988,0.01976
801,-0.0988,-0.00988
802,-0.05928,-0.05434
803,0.01482,-0.1235
804,0.22724,-0.247
805,0.50388,-0.35568
806,0.75582,-0.3952
807,0.9633,-0.41496
808,1.1016,-0.50388
809,1.1905,-0.55328
810,1.3042,-0.53352
811,1.4721,-0.494
812,1.5413,-0.41002
813,1.4178,-0.2717
814,0.9633,-0.15314
815,0.57304,-0.06916
816,0.28652,0.01482
817,0.06422,0.0741
818,-0.06916,0.11856
819,-0.20748,0.14326
820,-0.25688,0.15314
821,-0.30134,0.15808
822,-0.32604,0.1482
823,-0.34086,0.16796
824,-0.35568,0.15314
825,-0.3458,0.1482
826,-0.3705,0.15314
827,-0.38532,0.16302
828,-0.38532,0.15808
829,-0.40014,0.16302
830,-0.41002,0.16796
831,-0.41496,0.18278
832,-0.40014,0.17784
833,-0.41496,0.18278
834,-0.42484,0.18772
835,-0.42978,0.19266
836,-0.42978,0.18278
837,-0.42978,0.19266
838,-0.43472,0.19266
839,-0.3952,0.19266
840,-0.3952,0.18278
841,-0.38532,0.1729
842,-0.38038,0.16302
843,-0.36062,0.1482
844,-0.32604,0.13832
845,-0.30628,0.13338
846,-0.24206,0.1235
847,-0.18278,0.10374
848,-0.1235,0.08892
849,-0.04446,0.07904
850,0.00988,0.06916
851,0.06916,0.04446
852,0.10374,0.04446
853,0.13338,0.04446
854,0.1482,0.05928
855,0.12844,0.06422
856,0.11362,0.06916
857,0.08892,0.05928
858,0.0741,0.06422
859,0.04446,0.06916
860,0.02964,0.06916
861,0.03458,0.05928
862,0.00988,0.05928
863,0.00988,0.05434
864,-0.00494,0.05434
865,-0.01976,0.0494
866,-0.02964,0.06916
867,-0.03952,0.07904
868,-0.02964,0.07904
869,-0.0494,0.0741
870,-0.05434,0.08398
871,-0.05434,0.07904
872,-0.06422,0.07904
873,-0.06422,0.08398
874,-0.0741,0.09386
875,-0.0494,0.0988
876,-0.0494,0.10868
877,-0.05928,0.10374
878,-0.05928,0.11362
879,-0.06422,0.10868
880,-0.05928,0.09386
881,-0.0741,0.08892
882,-0.05928,0.09386
883,-0.06916,0.09386
884,-0.07904,0.0741
885,-0.08398,0.0741
886,-0.08892,0.05928
887,-0.08398,0.05928
888,-0.10374,0.05434
889,-0.08398,0.03952
890,-0.09386,0.0494
891,-0.11856,0.06422
892,-0.10374,0.06422
893,-0.11362,0.06916
894,-0.11362,0.08398
895,-0.11362,0.09386
896,-0.11362,0.08892
897,-0.0988,0.08892
898,-0.10374,0.09386
899,-0.0988,0.09386
900,-0.10374,0.09386
901,-0.10374,0.09386
902,-0.10374,0.09386
903,-0.0988,0.08398
904,-0.0988,0.0741
905,-0.10868,0.06422
906,-0.10868,0.05928
907,-0.10374,0.06422
908,-0.09386,0.05928
909,-0.09386,0.0741
910,-0.08892,0.06422
911,-0.0741,0.07904
912,-0.08892,0.0741
913,-0.09386,0.06916
914,-0.10374,0.08398
915,-0.0988,0.06916
916,-0.10374,0.08892
917,-0.10868,0.07904
918,-0.07904,0.06916
919,-0.10374,0.08892
920,-0.10374,0.0741
921,-0.0988,0.07904
922,-0.10374,0.06422
923,-0.09386,0.06916
924,-0.0988,0.06916
925,-0.08398,0.05928
926,-0.08398,0.0741
927,-0.08398,0.0741
928,-0.0741,0.0741
929,-0.08398,0.0741
930,-0.08398,0.0741
931,-0.0988,0.08398
932,-0.08398,0.06916
933,-0.08398,0.06422
934,-0.10374,0.06916
935,-0.10868,0.07904
936,-0.11856,0.05928
937,-0.11856,0.05928
938,-0.12844,0.06422
939,-0.1235,0.05928
940,-0.10374,0.06422
941,-0.11362,0.06422
942,-0.0988,0.0741
943,-0.0988,0.0741
944,-0.0988,0.06916
945,-0.11362,0.07904
946,-0.08892,0.0741
947,-0.08892,0.0741
948,-0.09386,0.06422
949,-0.08892,0.06422
950,-0.08398,0.06422
951,-0.08892,0.0741
952,-0.09386,0.07904
953,-0.08892,0.06422
954,-0.08892,0.07904
955,-0.10868,0.06916
956,-0.08892,0.06422
957,-0.0988,0.06916
958,-0.08892,0.07904
959,-0.0988,0.0988
960,-0.06916,0.08398
961,-0.06422,0.08398
962,-0.0741,0.0741
963,-0.07904,0.0741
964,-0.09386,0.06422
965,-0.08892,0.05928
966,-0.10374,0.06916
967,-0.0741,0.06422
968,-0.0741,0.05928
969,-0.08398,0.0494
970,-0.07904,0.05928
971,-0.08892,0.0494
972,-0.08892,0.04446
973,-0.0988,0.04446
974,-0.08398,0.05928
975,-0.08398,0.0741
976,-0.07904,0.06422
977,-0.08398,0.06916
978,-0.08398,0.06422
979,-0.08892,0.06916
980,-0.08398,0.0494
981,-0.0741,0.0494
982,-0.0741,0.03952
983,-0.05928,0.0247
984,-0.04446,-0.0247
985,0.01976,-0.08892
986,0.06916,-0.1482
987,0.33592,-0.30134
988,0.62244,-0.39026
989,0.84474,-0.4199
990,1.0522,-0.43472
991,1.1658,-0.53846
992,1.2597,-0.53846
993,1.4128,-0.51376
994,1.5709,-0.45942
995,1.5709,-0.3458
996,1.3042,-0.21242
997,0.85462,-0.11362
998,0.5187,-0.02964
999,0.25194,0.0494
1000,0.03952,0.0988
1001,-0.08892,0.10868
1002,-0.18772,0.1235
1003,-0.23218,0.12844
1004,-0.27664,0.13338
1005,-0.28652,0.1235
1006,-0.3211,0.1482
1007,-0.31616,0.12844
1008,-0.32604,0.13338
1009,-0.3458,0.13338
1010,-0.3458,0.13832
1011,-0.36556,0.15314
1012,-0.36556,0.16796
1013,-0.39026,0.16796
1014,-0.35568,0.16302
1015,-0.3705,0.1729
1016,-0.38532,0.16302
1017,-0.39026,0.16302
1018,-0.40014,0.16302
1019,-0.3952,0.1729
1020,-0.40508,0.18278
1021,-0.38532,0.17784
1022,-0.38532,0.18278
1023,-0.37544,0.1729
1024,-0.36062,0.16302
1025,-0.36556,0.15314
1026,-0.3458,0.16796
1027,-0.31616,0.15808
1028,-0.27664,0.15314
1029,-0.25194,0.13338
1030,-0.20254,0.12844
1031,-0.1482,0.11856
1032,-0.08398,0.10374
1033,-0.00494,0.08892
1034,0.06916,0.0741
1035,0.11856,0.05928
1036,0.14326,0.0494
1037,0.15808,0.03952
1038,0.15808,0.03952
1039,0.13832,0.05434
1040,0.12844,0.04446
1041,0.10374,0.02964
1042,0.08398,0.02964
1043,0.0494,0.0494
1044,0.03952,0.03458
1045,0.00988,0.05434
1046,0.00988,0.0494
1047,0.00494,0.05434
1048,-0.00494,0.04446
1049,-0.01482,0.04446
1050,-0.03458,0.03952
1051,-0.03458,0.05434
1052,-0.06422,0.06422
1053,-0.02964,0.05928
1054,-0.05928,0.06916
1055,-0.0494,0.08398
1056,-0.06916,0.09386
1057,-0.05434,0.08892
1058,-0.08398,0.0988
1059,-0.05434,0.0741
1060,-0.06916,0.07904
1061,-0.06916,0.08398
1062,-0.06422,0.09386
1063,-0.07904,0.09386
1064,-0.0741,0.10868
1065,-0.06916,0.09386
1066,-0.06916,0.08892
1067,-0.0741,0.09386
1068,-0.07904,0.08892
1069,-0.07904,0.0741
1070,-0.09386,0.08398
1071,-0.07904,0.0741
1072,-0.08892,0.06422
1073,-0.08892,0.06916
1074,-0.10868,0.07904
1075,-0.0988,0.06916
1076,-0.11856,0.06916
1077,-0.08892,0.05434
1078,-0.0988,0.0494
1079,-0.0988,0.05434
1080,-0.08892,0.05928
1081,-0.08892,0.06422
1082,-0.09386,0.08892
1083,-0.09386,0.09386
1084,-0.08398,0.08398
1085,-0.09386,0.07904
1086,-0.0988,0.08398
1087,-0.09386,0.06916
1088,-0.11362,0.06916
1089,-0.08892,0.0741
1090,-0.0988,0.06916
1091,-0.10868,0.06422
1092,-0.11362,0.06422
1093,-0.12844,0.06422
1094,-0.15314,0.08398
1095,-0.11856,0.06916
1096,-0.13832,0.06916
1097,-0.14326,0.0741
1098,-0.1482,0.0741
1099,-0.14326,0.0741
1100,-0.14326,0.08398
1101,-0.1235,0.07904
1102,-0.1235,0.07904
1103,-0.12844,0.07904
1104,-0.12844,0.06916
1105,-0.12844,0.0741
1106,-0.11856,0.0741
1107,-0.11362,0.06422
1108,-0.1235,0.0494
1109,-0.10868,0.03952
1110,-0.10868,0.0247
1111,-0.0988,-0.03458
1112,-0.06422,-0.09386
1113,0.03952,-0.22724
1114,0.30628,-0.36556
1115,0.60762,-0.43966
1116,0.85462,-0.43966
1117,1.0621,-0.4446
1118,1.1905,-0.51376
1119,1.3239,-0.52858
1120,1.4672,-0.49894
1121,1.5956,-0.44954
1122,1.561,-0.33592
1123,1.2449,-0.20748
1124,0.79534,-0.0988
1125,0.4446,-0.01976
1126,0.1729,0.05928
1127,-0.03952,0.1235
1128,-0.18278,0.13338
1129,-0.2717,0.1482
1130,-0.33592,0.16302
1131,-0.33592,0.1482
1132,-0.3705,0.13338
1133,-0.37544,0.12844
1134,-0.37544,0.13832
1135,-0.3705,0.13832
1136,-0.41002,0.16302
1137,-0.38038,0.14326
1138,-0.3952,0.15808
1139,-0.3952,0.15808
1140,-0.4199,0.16796
1141,-0.43472,0.16302
1142,-0.4446,0.18278
1143,-0.43472,0.16796
1144,-0.43472,0.1729
1145,-0.44954,0.16302
1146,-0.44954,0.16796
1147,-0.44954,0.16302
1148,-0.45942,0.15808
1149,-0.4446,0.15808
1150,-0.43472,0.16302
1151,-0.42484,0.16302
1152,-0.40508,0.16796
1153,-0.3705,0.15314
1154,-0.33098,0.15808
1155,-0.29146,0.15314
1156,-0.21736,0.13338
1157,-0.1729,0.11856
1158,-0.10374,0.11856
1159,-0.0247,0.0988
1160,0.04446,0.08398
1161,0.07904,0.07904
1162,0.10868,0.06916
1163,0.10868,0.0741
1164,0.08398,0.06916
1165,0.05928,0.06422
1166,0.0247,0.06916
1167,-0.00494,0.07904
1168,-0.01976,0.07904
1169,-0.02964,0.08892
1170,-0.05434,0.08892
1171,-0.05928,0.09386
1172,-0.05434,0.08398
1173,-0.06422,0.08892
1174,-0.0741,0.09386
1175,-0.04446,0.08398
1176,-0.0741,0.07904
1177,-0.06422,0.06916
1178,-0.07904,0.0741
1179,-0.08398,0.06916
1180,-0.09386,0.06422
1181,-0.08892,0.0494
1182,-0.07904,0.05434
1183,-0.09386,0.0494
1184,-0.09386,0.05434
1185,-0.10374,0.05928
1186,-0.11362,0.0741
1187,-0.11362,0.07904
1188,-0.10374,0.08398
1189,-0.10868,0.08398
1190,-0.10374,0.08892
1191,-0.11362,0.09386
1192,-0.10868,0.08892
1193,-0.13832,0.08892
1194,-0.10374,0.08892
1195,-0.11856,0.09386
1196,-0.11856,0.09386
1197,-0.11856,0.09386
1198,-0.11362,0.07904
1199,-0.1235,0.08398
1200,-0.11856,0.07904
1201,-0.10868,0.06422
1202,-0.12844,0.06422
1203,-0.11856,0.06916
1204,-0.13338,0.05928
1205,-0.12844,0.06422
1206,-0.13338,0.06916
1207,-0.11362,0.06916
1208,-0.1235,0.06422
1209,-0.11362,0.06916
1210,-0.13338,0.0741
1211,-0.1235,0.06916
1212,-0.12844,0.0988
1213,-0.1235,0.08398
1214,-0.10374,0.07904
1215,-0.12844,0.08398
1216,-0.11362,0.06916
1217,-0.11856,0.05434
1218,-0.11856,0.05434
1219,-0.13338,0.06916
1220,-0.11362,0.05434
1221,-0.1235,0.0494
1222,-0.12844,0.05434
1223,-0.11856,0.05928
1224,-0.10868,0.0494
1225,-0.10868,0.05434
1226,-0.10374,0.0494
1227,-0.09386,0.05434
1228,-0.0988,0.05928
1229,-0.0988,0.06916
1230,-0.0988,0.08398
1231,-0.09386,0.08892
1232,-0.11856,0.09386
1233,-0.08398,0.0741
1234,-0.0988,0.08892
1235,-0.10374,0.07904
1236,-0.10868,0.06916
1237,-0.11362,0.05434
1238,-0.11362,0.06422
1239,-0.13338,0.06422
1240,-0.0988,0.06422
1241,-0.11362,0.05928
1242,-0.10868,0.06916
1243,-0.1235,0.07904
1244,-0.12844,0.06422
1245,-0.12844,0.07904
1246,-0.12844,0.0741
1247,-0.10868,0.0741
1248,-0.10868,0.06916
1249,-0.10868,0.06422
1250,-0.10374,0.05434
1251,-0.10868,0.05928
1252,-0.11362,0.05928
1253,-0.07904,0.05434
1254,-0.10374,0.06422
1255,-0.09386,0.06916
1256,-0.10374,0.05928
1257,-0.08892,0.05434
1258,-0.0988,0.06916
1259,-0.0988,0.06916
1260,-0.07904,0.06422
1261,-0.09386,0.05928
1262,-0.08892,0.06422
1263,-0.08892,0.06422
1264,-0.08398,0.05928
1265,-0.08398,0.06422
1266,-0.06916,0.06422
1267,-0.06916,0.06422
1268,-0.0741,0.06422
1269,-0.08892,0.06916
1270,-0.08398,0.06422
1271,-0.09386,0.06916
1272,-0.09386,0.04446
1273,-0.06916,0.04446
1274,-0.0988,0.0494
1275,-0.07904,0.05928
1276,-0.08398,0.05434
1277,-0.07904,0.03458
1278,-0.0988,0.05434
1279,-0.07904,0.05434
1280,-0.02964,0.01976
1281,0.01482,0.03458
1282,0.00988,0.03952
1283,0.04446,0.02964
1284,0.05928,0.03458
1285,0.07904,0.01976
1286,0.09386,0.01482
1287,0.11856,0.00988
1288,0.13338,0.00988
1289,0.1482,-0.00988
1290,0.14326,-0.0247
1291,0.13832,-0.03952
1292,0.10868,-0.01976
1293,0.08892,-0.00988
1294,0.05928,-0.00988
1295,-0.00988,-0.01482
1296,-0.0247,-0.00494
1297,-0.05434,0.00494
1298,-0.06422,0.00988
1299,-0.08892,0.0247
1300,-0.06916,0.03458
1301,-0.08398,0.03458
1302,-0.06916,0.03458
1303,-0.07904,0.04446
1304,-0.06916,0.04446
1305,-0.07904,0.05928
1306,-0.0741,0.0494
1307,-0.0494,0.03952
1308,-0.0741,0.03952
1309,-0.06422,0.01482
1310,-0.06422,0.01482
1311,-0.03952,0.00494
1312,-0.0494,0.0247
1313,-0.00988,0.01482
1314,-0.01482,0.01482
1315,-0.01976,0.00988
1316,-0.02964,0.01482
1317,-0.03458,0.01482
1318,-0.06422,0.01482
1319,-0.04446,0.00988
1320,-0.05434,0.02964
1321,-0.06422,0.03952
1322,-0.06422,0.03458
1323,-0.06916,0.03952
1324,-0.05928,0.04446
1325,-0.08398,0.04446
1326,-0.05434,0.02964
1327,-0.06916,0.03458
1328,-0.05928,0.02964
1329,-0.05434,0.03952
1330,-0.0494,0.0247
1331,-0.06916,0.0247
1332,-0.05434,0.0247
1333,-0.04446,0.03458
1334,-0.04446,0.02964
1335,-0.03458,0.01976
1336,-0.0247,0.01482
1337,-0.0247,0.01976
1338,-0.03952,0.01976
1339,-0.01976,0.00494
1340,-0.05434,0.00494
1341,-0.04446,0.00494
1342,-0.05434,0.01482
1343,-0.05434,0.00494
1344,-0.05928,0.01976
1345,-0.05434,0.01976
1346,-0.04446,0.0247
1347,-0.05434,0.01976
1348,-0.05928,0.03458
1349,-0.06422,0.03952
1350,-0.06916,0.03952
1351,-0.05928,0.03952
1352,-0.03952,0.03952
1353,-0.0494,0.03458
1354,-0.04446,0.0247
1355,-0.05434,0.01482
1356,-0.05434,0.01976
1357,-0.06916,0.0247
1358,-0.03458,0.01482
1359,-0.03458,0.00494
1360,-0.03458,0.00494
1361,-0.03458,0.00494
1362,-0.05434,0.00988
1363,-0.07904,0.00988
1364,-0.07904,0.00988
1365,-0.07904,0.01976
1366,-0.08892,0.0247
1367,-0.0988,0.02964
1368,-0.09386,0.03458
1369,-0.08398,0.04446
1370,-0.0988,0.03458
1371,-0.08398,0.0247
1372,-0.08892,0.03952
1373,-0.08892,0.03458
1374,-0.07904,0.0247
1375,-0.07904,0.00988
1376,-0.0741,0.0247
1377,-0.09386,0.0247
1378,-0.13832,0.01482
1379,-0.07904,0.01976
1380,0.25194,0.02964
1381,0.7904,0.01976
1382,1.1411,-0.09386
1383,1.0819,-0.27664
1384,0.94848,-0.43472
1385,0.6669,-0.3952
1386,0.3952,-0.31122
1387,0.1976,-0.18278
1388,0.07904,-0.1235
1389,0.01482,-0.06916
1390,-0.0247,-0.02964
1391,-0.0247,-0.0247
1392,-0.0494,0.0
1393,-0.06422,0.00494
1394,-0.06422,0.00494
1395,-0.06916,0.00988
1396,-0.08398,0.01976
1397,-0.0741,0.01976
1398,-0.08398,0.00988
1399,-0.08892,0.0
1400,-0.08892,0.00494
1401,-0.08892,0.00988
1402,-0.06916,0.01482
1403,-0.06422,0.01482
1404,-0.01482,0.00988
1405,-0.01976,0.02964
1406,-0.00494,0.0247
1407,0.00494,0.01482
1408,0.00494,0.01976
1409,0.01482,0.02964
1410,0.04446,0.01976
1411,0.06422,0.01482
1412,0.08398,0.00494
1413,0.09386,0.0
1414,0.0988,-0.01976
1415,0.11362,-0.00494
1416,0.11362,-0.01482
1417,0.14326,-0.00988
1418,0.10868,-0.01482
1419,0.08892,-0.02964
1420,0.04446,-0.02964
1421,0.00494,-0.01976
1422,-0.01976,-0.00988
1423,-0.01976,-0.00988
1424,-0.03458,0.00988
1425,-0.03458,0.00494
1426,-0.03458,0.01482
1427,-0.0247,0.00494
1428,-0.03458,0.01976
1429,-0.03952,0.0
1430,-0.02964,-0.00988
1431,-0.06422,-0.00988
1432,-0.04446,-0.00494
1433,-0.05434,-0.00988
1434,-0.05928,-0.00494
1435,-0.0494,0.0
1436,-0.03458,0.0
1437,-0.04446,0.00494
1438,-0.04446,0.00494
1439,-0.03952,0.0
1440,-0.03952,0.01482
1441,-0.0494,0.00494
1442,-0.00494,0.0
1443,-0.03952,0.0
1444,-0.0247,-0.00988
1445,-0.04446,-0.01482
1446,-0.03458,-0.01482
1447,-0.03458,-0.01482
1448,-0.00988,-0.00988
1449,-0.01482,0.0
1450,-0.0247,-0.00988
1451,-0.03952,-0.00988
1452,-0.03952,-0.00494
1453,-0.05928,0.00494
1454,-0.03458,0.00988
1455,-0.05928,0.01976
1456,-0.05434,0.01976
1457,-0.0741,0.01976
1458,-0.05928,-0.00494
1459,-0.09386,0.0
1460,-0.05928,-0.00494
1461,-0.06916,0.0
1462,-0.0741,-0.01482
1463,-0.0741,-0.00494
1464,-0.08398,0.0
1465,-0.08892,0.01482
1466,-0.08398,0.0247
1467,-0.08398,0.02964
1468,-0.08892,0.03952
1469,-0.08398,0.04446
1470,-0.05928,0.02964
1471,-0.06916,0.04446
1472,-0.03458,0.03458
1473,-0.03458,0.02964
1474,-0.04446,0.01976
1475,-0.0988,-0.00494
1476,-0.13338,-0.00988
1477,-0.00494,0.00494
1478,0.40014,0.0247
1479,0.97318,-0.00494
1480,1.2597,-0.1482
1481,1.072,-0.39026
1482,0.90896,-0.49894
1483,0.57798,-0.40014
1484,0.31616,-0.26676
1485,0.12844,-0.14326
1486,0.03952,-0.08892
1487,-0.00494,-0.03952
1488,-0.03952,0.0
1489,-0.04446,0.00494
1490,-0.04446,-0.00494
1491,-0.05928,-0.0247
1492,-0.0494,-0.03458
1493,-0.0494,-0.03458
1494,-0.0494,-0.01482
1495,-0.04446,-0.02964
1496,-0.03458,0.0
1497,-0.05434,0.00988
1498,-0.05434,0.00988
1499,-0.05928,0.01482
1500,-0.05434,0.03458
1501,-0.04446,0.04446
1502,-0.0247,0.03952
1503,-0.00988,0.03952
1504,0.0,0.0494
1505,0.01976,0.02964
1506,0.01976,0.02964
1507,0.06422,0.0
1508,0.0741,-0.00988
1509,0.08892,-0.03458
1510,0.0988,-0.02964
1511,0.11362,-0.0494
1512,0.13338,-0.0247
1513,0.1482,-0.02964
1514,0.15808,-0.03458
1515,0.13338,-0.03458
1516,0.10868,-0.0247
1517,0.08398,-0.01482
1518,0.0494,0.00494
1519,0.02964,-0.00494
1520,-0.00494,-0.00988
1521,-0.01976,-0.00494
1522,-0.03458,-0.00988
1523,-0.03952,0.0
1524,-0.06916,0.00494
1525,-0.0247,-0.00494
1526,-0.05928,-0.00988
1527,-0.03458,-0.00988
1528,-0.05928,-0.00494
1529,-0.05928,0.0
1530,-0.06916,0.00988
1531,-0.04446,0.0
1532,-0.05928,0.0
1533,-0.0494,0.00988
1534,-0.05434,0.0
1535,-0.05434,0.0
1536,-0.03952,-0.00988
1537,-0.02964,-0.00988
1538,-0.01482,-0.01976
1539,-0.03458,-0.01482
1540,-0.02964,-0.00494
1541,-0.06422,0.01482
1542,-0.02964,0.00494
1543,-0.03952,0.00988
1544,-0.03458,0.00494
1545,-0.03952,0.01976
1546,-0.03952,0.01482
1547,-0.03952,0.0247
1548,-0.03458,0.0247
1549,-0.03458,0.01976
1550,-0.03952,0.01482
1551,-0.04446,0.00988
1552,-0.05928,0.00494
1553,-0.06916,0.00988
1554,-0.05928,0.0
1555,-0.06916,-0.00494
1556,-0.08398,-0.00494
1557,-0.07904,-0.01976
1558,-0.0741,-0.01482
1559,-0.05434,-0.00988
1560,-0.0494,0.01482
1561,-0.06422,0.03458
1562,-0.06916,0.03458
1563,-0.06422,0.0247
1564,-0.08398,0.03952
1565,-0.05928,0.03952
1566,-0.06422,0.04446
1567,-0.04446,0.02964
1568,-0.1235,0.01976
1569,-0.1482,0.01482
1570,-0.00988,0.0247
1571,0.46436,0.03952
1572,1.0127,0.00494
1573,1.2202,-0.14326
1574,1.067,-0.35074
1575,0.85462,-0.45448
1576,0.55328,-0.38532
1577,0.30628,-0.25688
1578,0.13832,-0.14326
1579,0.0494,-0.08892
1580,0.00494,-0.03458
1581,-0.03458,-0.00988
1582,-0.01482,-0.00494
1583,-0.03952,0.0
1584,-0.05434,-0.00494
1585,-0.0741,-0.00988
1586,-0.06422,-0.01976
1587,-0.0988,-0.00988
1588,-0.05434,-0.01482
1589,-0.06916,0.0
1590,-0.05434,0.00494
1591,-0.05928,0.01976
1592,-0.05928,0.02964
1593,-0.0494,0.03952
1594,-0.02964,0.04446
1595,-0.03458,0.0494
1596,-0.0247,0.05928
1597,-0.00494,0.05928
1598,0.0,0.0494
1599,0.0247,0.02964
1600,0.04446,0.01976
1601,0.06422,-0.00494
1602,0.0741,-0.01482
1603,0.1235,-0.03458
1604,0.11362,-0.00988
1605,0.16796,-0.01976
1606,0.15808,-0.01482
1607,0.15808,-0.03952
1608,0.1235,-0.02964
1609,0.08892,-0.03458
1610,0.03952,-0.01976
1611,0.0247,-0.02964
1612,-0.01482,-0.01482
1613,-0.03952,0.00988
1614,-0.0494,0.01482
1615,-0.05928,0.03458
1616,-0.06916,0.02964
1617,-0.05928,0.00988
1618,-0.06422,-0.01482
1619,-0.06916,-0.01482
1620,-0.06422,-0.01482
1621,-0.06422,-0.00988
1622,-0.06916,-0.01976
1623,-0.03952,-0.00988
1624,-0.06422,-0.00494
1625,-0.05928,0.00988
1626,-0.06916,0.00494
1627,-0.08398,0.01976
1628,-0.08892,0.02964
1629,-0.06916,0.03952
1630,-0.06916,0.03952
1631,-0.06422,0.03458
1632,-0.05928,0.00494
1633,-0.05434,-0.00494
1634,-0.0494,-0.00494
1635,-0.02964,-0.0247
1636,-0.04446,-0.0247
1637,-0.02964,-0.01482
1638,-0.0494,-0.01482
1639,-0.03458,-0.01976
1640,-0.05928,0.0
1641,-0.02964,0.00494
1642,-0.03458,0.00494
1643,-0.03458,0.01976
1644,-0.03952,0.0247
1645,-0.05928,0.03458
1646,-0.06916,0.03952
1647,-0.07904,0.0247
1648,-0.08892,0.00988
1649,-0.0988,-0.00494
1650,-0.0988,-0.01976
1651,-0.08892,-0.0247
1652,-0.10374,-0.01482
1653,-0.0741,-0.00988
1654,-0.08398,0.00988
1655,-0.07904,0.00494
1656,-0.07904,0.01482
1657,-0.0741,0.00988
1658,-0.07904,0.02964
1659,-0.05928,0.0247
1660,-0.04446,0.03952
1661,-0.0494,0.03952
1662,-0.06422,0.03458
1663,-0.12844,0.01976
1664,-0.10374,0.0247
1665,0.1729,0.03952
1666,0.69654,0.03458
1667,1.1214,-0.04446
1668,1.151,-0.2223
1669,0.99294,-0.40508
1670,0.73606,-0.42978
1671,0.4693,-0.35568
1672,0.23218,-0.21736
1673,0.08398,-0.13832
1674,0.00988,-0.06916
1675,-0.02964,-0.03952
1676,-0.05928,0.00494
1677,-0.07904,0.01482
1678,-0.05434,0.02964
1679,-0.07904,0.02964
1680,-0.06916,0.03952
1681,-0.08398,0.01976
1682,-0.07904,0.01976
1683,-0.0741,0.01482
1684,-0.05928,0.00494
1685,-0.05434,0.00494
1686,-0.03952,-0.00988
1687,-0.03458,-0.01482
1688,-0.0247,-0.00494
1689,-0.01482,0.01482
1690,0.0,0.0
1691,0.0,-0.00494
1692,0.00988,-0.00494
1693,0.0247,0.0
1694,0.03952,0.01482
1695,0.05928,0.02964
1696,0.0741,0.04446
1697,0.06916,0.03952
1698,0.08892,0.0247
1699,0.08892,0.00494
1700,0.11362,-0.00494
1701,0.0988,0.0
1702,0.11856,-0.02964
1703,0.08398,-0.03458
1704,0.05928,-0.03458
1705,0.01482,-0.01482
1706,-0.01482,-0.01976
1707,-0.04446,-0.00988
1708,-0.04446,-0.00988
1709,-0.05928,-0.00494
1710,-0.06916,0.0
1711,-0.06422,0.00494
1712,-0.05928,0.01976
1713,-0.04446,0.02964
1714,-0.01976,0.01976
1715,-0.04446,0.01482
1716,-0.0494,0.01482
1717,-0.0741,-0.00494
1718,-0.05928,-0.01976
1719,-0.09386,-0.00494
1720,-0.05928,-0.01482
1721,-0.08398,0.0
1722,-0.08892,-0.00494
1723,-0.08398,-0.00988
1724,-0.09386,0.00494
1725,-0.08892,0.01482
1726,-0.08892,0.00988
1727,-0.06916,0.01976
1728,-0.08398,0.02964
1729,-0.0741,0.03952
1730,-0.0741,0.03458
1731,-0.06422,0.04446
1732,-0.0741,0.04446
1733,-0.06422,0.0247
1734,-0.06422,-0.00494
1735,-0.05434,-0.01482
1736,-0.05928,-0.00988
1737,-0.05928,-0.01482
1738,-0.05928,-0.01976
1739,-0.03952,-0.0247
1740,-0.0494,-0.01482
1741,-0.0494,-0.00988
1742,-0.06422,-0.01482
1743,-0.05928,-0.01976
1744,-0.0741,-0.00988
1745,-0.05434,0.0
1746,-0.06916,0.01482
1747,-0.06422,0.00988
1748,-0.06916,0.01976
1749,-0.06422,0.01976
1750,-0.06422,0.0247
1751,-0.06916,0.00988
1752,-0.05434,0.0
1753,-0.08398,0.01482
1754,-0.06916,0.00494
1755,-0.08398,0.00988
1756,-0.07904,0.00494
1757,-0.09386,0.02964
1758,-0.08398,0.02964
1759,-0.08892,0.0247
1760,-0.08892,0.02964
1761,-0.07904,0.02964
1762,-0.08892,0.04446
1763,-0.08398,0.06422
1764,-0.0741,0.06422
1765,-0.09386,0.06916
1766,-0.08398,0.06916
1767,-0.08398,0.06916
1768,-0.08398,0.0741
1769,-0.09386,0.08398
1770,-0.06916,0.05928
1771,-0.08892,0.0247
1772,-0.09386,-0.00988
1773,-0.10374,-0.00988
1774,-0.10374,-0.00494
1775,-0.0988,0.00988
1776,-0.08398,0.00988
1777,-0.09386,0.02964
1778,-0.15314,0.0247
1779,-0.1235,0.01976
1780,0.1235,0.04446
1781,0.60762,0.0494
1782,1.0868,-0.0247
1783,1.1658,-0.16796
1784,1.0374,-0.32604
1785,0.79534,-0.35568
1786,0.50882,-0.2964
1787,0.247,-0.1729
1788,0.13338,-0.0988
1789,0.03952,-0.03458
1790,0.00988,-0.00494
1791,-0.03458,-0.01976
1792,-0.05434,-0.04446
1793,-0.08398,-0.0247
1794,-0.06422,-0.01976
1795,-0.06422,0.0
1796,-0.0741,0.01482
1797,-0.07904,0.02964
1798,-0.08398,0.03952
1799,-0.08398,0.05928
1800,-0.0741,0.05928
1801,-0.08398,0.06916
1802,-0.07904,0.06422
1803,-0.05434,0.05928
1804,-0.03458,0.06422
1805,-0.02964,0.07904
1806,0.00494,0.05928
1807,0.0,0.03952
1808,0.0247,0.01482
1809,0.01976,0.00494
1810,0.05434,-0.00494
1811,0.0494,0.01482
1812,0.08892,0.00494
1813,0.09386,0.0247
1814,0.11362,0.03458
1815,0.1235,0.03458
1816,0.13832,0.03952
1817,0.13338,0.0494
1818,0.11362,0.04446
1819,0.09386,0.04446
1820,0.0494,0.04446
1821,0.00494,0.05928
1822,-0.01976,0.05434
1823,-0.06422,0.07904
1824,-0.06422,0.0741
1825,-0.09386,0.07904
1826,-0.0988,0.06916
1827,-0.09386,0.04446
1828,-0.08892,0.0
1829,-0.0988,0.01976
1830,-0.08398,0.00988
1831,-0.06422,0.03458
1832,-0.06422,0.03952
1833,-0.06422,0.06422
1834,-0.06916,0.05928
1835,-0.06916,0.0741
1836,-0.05928,0.08892
1837,-0.03952,0.08892
1838,-0.04446,0.08892
1839,-0.03952,0.09386
1840,-0.03952,0.0988
1841,-0.0494,0.10374
1842,-0.04446,0.11362
1843,-0.03952,0.10374
1844,-0.05434,0.09386
1845,-0.05928,0.09386
1846,-0.06916,0.0741
1847,-0.07904,0.05928
1848,-0.08398,0.0494
1849,-0.05434,0.04446
1850,-0.05928,0.05928
1851,-0.03952,0.05434
1852,-0.03952,0.0741
1853,-0.0247,0.08398
1854,-0.06422,0.10868
1855,-0.0247,0.09386
1856,-0.05434,0.10868
1857,-0.0494,0.10868
1858,-0.06422,0.1235
1859,-0.05928,0.12844
1860,-0.06916,0.13832
1861,-0.05928,0.12844
1862,-0.06422,0.10374
1863,-0.08398,0.06422
1864,-0.08892,0.05434
1865,-0.08398,0.05928
1866,-0.08892,0.0741
1867,-0.06916,0.07904
1868,-0.06916,0.08892
1869,-0.0741,0.10868
1870,-0.08398,0.10868
1871,-0.0741,0.10868
1872,-0.10868,0.13338
1873,-0.05928,0.11856
1874,-0.0741,0.13338
1875,-0.05434,0.1235
1876,-0.05434,0.14326
1877,-0.09386,0.13832
1878,-0.12844,0.1482
1879,0.0,0.14326
1880,0.36062,0.13338
1881,0.84474,0.05928
1882,1.1016,-0.09386
1883,1.0127,-0.26182
1884,0.8151,-0.36062
1885,0.5928,-0.31122
1886,0.3458,-0.19266
1887,0.1729,-0.0741
1888,0.04446,-0.00988
1889,0.0,0.0494
1890,-0.03952,0.06916
1891,-0.03458,0.07904
1892,-0.06422,0.10374
1893,-0.06916,0.11362
1894,-0.08398,0.11362
1895,-0.09386,0.1235
1896,-0.0741,0.11856
1897,-0.06916,0.1235
1898,-0.06422,0.11362
1899,-0.06422,0.0988
1900,-0.05434,0.08892
1901,-0.09386,0.0988
1902,-0.05928,0.0741
1903,-0.0741,0.08398
1904,-0.0494,0.09386
1905,-0.03458,0.10868
1906,-0.02964,0.11856
1907,0.0,0.12844
1908,0.01976,0.13832
1909,0.03952,0.13832
1910,0.05928,0.13832
1911,0.08398,0.12844
1912,0.08892,0.13338
1913,0.12844,0.11856
1914,0.1235,0.08892
1915,0.1235,0.05434
1916,0.10868,0.03952
1917,0.07904,0.03458
1918,0.0494,0.0247
1919,0.0247,0.04446
1920,-0.06422,0.00988
1921,-0.04446,0.01976
1922,-0.06422,0.02964
1923,-0.08398,0.02964
1924,-0.08892,-0.00494
1925,-0.1235,0.05434
1926,-0.08892,0.01482
1927,-0.10374,0.03952
1928,-0.06422,-0.00494
1929,-0.09386,0.04446
1930,-0.06422,-0.00494
1931,-0.0988,0.04446
1932,-0.01482,0.01976
1933,-0.05434,0.03458
1934,-0.0247,0.01482
1935,-0.0247,0.00988
1936,-0.01482,0.01482
1937,-0.03952,0.03952
1938,-0.03458,0.03952
1939,-0.03458,0.03458
1940,-0.02964,0.05434
1941,-0.00988,0.0
1942,-0.0494,0.03458
1943,0.01482,0.00988
1944,-0.03458,0.05434
1945,-0.0247,0.00988
1946,-0.0494,0.06916
1947,0.0,0.0247
1948,-0.06916,0.0741
1949,-0.01976,0.0247
1950,-0.07904,0.03952
1951,-0.05928,0.02964
1952,-0.04446,0.05434
1953,-0.04446,0.05928
1954,-0.06422,0.01482
1955,-0.06422,0.06422
1956,-0.04446,0.0247
1957,-0.08892,0.04446
1958,-0.06422,0.03458
1959,-0.11856,0.0741
1960,-0.06422,0.01976
1961,-0.11362,0.08398
1962,-0.0741,0.02964
1963,-0.11362,0.06916
1964,-0.03458,0.04446
1965,-0.10374,0.06916
1966,-0.07904,0.06422
1967,-0.10374,0.06916
1968,-0.06916,0.06422
1969,-0.08892,0.05434
1970,-0.08398,0.07904
1971,-0.10868,0.06422
1972,-0.09386,0.06422
1973,-0.0741,0.0494
1974,-0.11362,0.06916
1975,-0.09386,0.05434
1976,-0.12844,0.09386
1977,-0.07904,0.0247
1978,-0.1235,0.0741
1979,-0.07904,0.03952
1980,-0.11856,0.08892
1981,-0.08398,0.05928
1982,-0.1235,0.06916
1983,-0.07904,0.06422
1984,-0.10374,0.07904
1985,-0.06422,0.05928
1986,-0.08892,0.05928
1987,-0.09386,0.08398
1988,-0.08892,0.03952
1989,-0.09386,0.08892
1990,-0.07904,0.0494
1991,-0.13338,0.08892
1992,-0.08892,0.04446
1993,-0.11362,0.07904
1994,-0.05928,0.03458
1995,-0.11856,0.08398
1996,-0.08892,0.03458
1997,-0.10374,0.06422
1998,-0.07904,0.06916
1999,-0.0988,0.05928
2000,-0.0741,0.04446
2001,-0.08892,0.04446
2002,-0.08892,0.05928
2003,-0.05928,0.0247
2004,-0.07904,0.07904
2005,-0.05434,0.05928
2006,-0.08398,0.0741
2007,-0.04446,0.02964
2008,-0.0988,0.06422
2009,-0.14326,0.05434
2010,-0.0741,0.06916
2011,-0.12844,0.02964
2012,-0.3705,0.05434
2013,-0.63726,0.04446
2014,-0.92378,0.0247
2015,-1.1115,0.00494
2016,-1.4672,-0.01976
2017,-1.6845,0.01482
2018,-1.7833,-0.01482
2019,-1.8476,-0.00988
2020,-1.7488,-0.10374
2021,-1.5561,-0.11362
2022,-1.3338,-0.16302
2023,-1.0325,-0.11362
2024,-0.59774,-0.11856
2025,-0.2964,-0.01976
2026,-0.0247,0.0247
2027,0.0494,0.10374
2028,0.12844,0.05928
2029,0.07904,0.08398
2030,0.12844,0.05928
2031,0.16796,0.06916
2032,0.19266,0.06916
2033,0.16796,0.06916
2034,0.21242,0.08398
2035,0.22724,0.06916
2036,0.23218,0.07904
2037,0.3211,0.05928
2038,0.3458,0.09386
2039,0.45448,0.05928
2040,0.45942,0.0988
2041,0.55822,0.06422
2042,0.62738,0.10374
2043,0.73112,0.0741
2044,0.85462,0.0988
2045,1.0028,0.07904
2046,1.0868,0.08892
2047,1.2054,0.10374
2048,1.2893,0.0988
2049,1.3585,0.0988
2050,1.3783,0.09386
2051,1.3832,0.09386
2052,1.3042,0.08398
2053,1.2399,0.0988
2054,1.1016,0.07904
2055,0.88426,0.0988
2056,0.75582,0.07904
2057,0.5928,0.11362
2058,0.44954,0.0494
2059,0.26676,0.07904
2060,0.23712,0.06422
2061,0.13832,0.10868
2062,0.1235,0.05928
2063,0.05434,0.08398
2064,0.0741,0.08398
2065,0.06422,0.06422
2066,0.0247,0.06916
2067,0.05434,0.0494
2068,-0.00494,0.08398
2069,0.04446,0.0494
2070,0.05434,0.0741
2071,0.05434,0.0247
2072,0.00988,0.0741
2073,0.08892,0.0247
2074,0.02964,0.0741
2075,0.05434,0.01482
2076,0.03952,0.05434
2077,0.0741,0.0247
2078,0.00988,0.03952
2079,0.05434,0.03458
2080,0.03952,0.03952
2081,0.0494,0.03458
2082,0.04446,0.04446
2083,0.03458,0.04446
2084,0.00494,0.04446
2085,0.03952,0.05928
2086,0.03458,0.0
2087,-0.00494,0.05434
2088,0.03458,0.0
2089,0.02964,0.05928
2090,0.0247,0.03952
2091,-0.01976,0.05928
2092,0.03952,0.00988
2093,-0.05928,0.05928
2094,-0.00494,0.01976
2095,-0.03952,0.03952
2096,-0.01976,0.0494
2097,-0.00494,0.0494
2098,-0.02964,0.02964
2099,-0.01976,0.03458
2100,-0.0494,0.02964
2101,-0.01976,0.01976
2102,-0.00988,0.05928
2103,0.04446,0.0247
2104,-0.02964,0.06422
2105,-0.01976,0.03458
2106,-0.0247,0.0494
2107,0.00494,0.00988
2108,-0.03458,0.05928
2109,-0.00988,0.03458
2110,0.0,0.03952
2111,0.01976,0.03458
2112,-0.01482,0.02964
2113,-0.05434,0.0247
2114,0.2964,0.08398
2115,0.79534,0.07904
2116,1.5709,0.0
2117,0.86944,-0.02964
2118,-0.17784,-0.14326
2119,-0.60762,-0.12844
2120,-0.48906,-0.15808
2121,-0.35074,-0.0247
2122,-0.1482,-0.0494
2123,-0.09386,0.06422
2124,-0.03952,0.01482
2125,-0.06422,0.03952
2126,-0.00988,0.0247
2127,-0.0988,0.03952
2128,-0.02964,0.01976
2129,-0.06422,0.05928
2130,-0.06422,0.04446
2131,-0.01482,0.02964
2132,-0.06916,0.06422
2133,-0.05434,0.00988
2134,-0.08892,0.06422
2135,-0.03458,0.03458
2136,-0.10868,0.0494
2137,-0.0494,0.00988
2138,-0.10868,0.06916
2139,-0.03952,0.00494
2140,-0.0741,0.04446
2141,-0.0494,0.00988
2142,-0.06422,0.06422
2143,0.00494,0.01482
2144,-0.03458,0.0247
2145,-0.01976,0.00988
2146,0.00988,0.01976
2147,0.05928,0.03458
2148,0.06916,-0.01976
2149,0.06422,0.01976
2150,0.06916,-0.00988
2151,0.05928,0.0247
2152,0.0988,-0.00494
2153,0.05434,0.02964
2154,0.0741,-0.01482
2155,0.00988,0.01976
2156,0.04446,-0.00494
2157,-0.01976,0.01976
2158,-0.01482,0.03458
2159,-0.03952,0.0247
2160,-0.02964,0.00494
2161,-0.0741,0.01482
2162,-0.06916,0.0494
2163,-0.0494,0.01976
2164,-0.09386,0.0247
2165,-0.06916,-0.01482
2166,-0.1235,0.05928
2167,-0.09386,0.00494
2168,-0.0988,0.05928
2169,-0.06422,-0.00494
2170,-0.1235,0.04446
2171,-0.0494,0.00988
2172,-0.09386,0.04446
2173,-0.05928,0.0
2174,-0.09386,0.03952
2175,-0.01976,0.02964
2176,-0.05434,0.01976
2177,-0.01482,0.0247
2178,-0.0494,0.03458
2179,-0.00494,0.00988
2180,0.00988,0.00988
2181,-0.12844,0.01482
2182,0.04446,0.01976
2183,0.5434,0.07904
2184,1.3289,-0.01976
2185,1.482,-0.03952
2186,0.15808,-0.16302
2187,-0.60762,-0.16302
2188,-0.5681,-0.2223
2189,-0.4446,-0.14326
2190,-0.20748,-0.0988
2191,-0.1235,-0.01482
2192,-0.11362,0.00494
2193,-0.10868,0.03952
2194,-0.10868,0.03952
2195,-0.0741,0.03458
2196,-0.08892,0.04446
2197,-0.08398,0.00988
2198,-0.11362,0.06422
2199,-0.04446,0.00494
2200,-0.10374,0.04446
2201,-0.08398,-0.00494
2202,-0.12844,0.05928
2203,-0.06422,0.00988
2204,-0.13338,0.02964
2205,-0.08398,0.0
2206,-0.14326,0.06422
2207,-0.07904,0.02964
2208,-0.10374,0.05434
2209,-0.09386,0.02964
2210,-0.09386,0.05434
2211,-0.03458,0.0494
2212,-0.02964,0.01482
2213,-0.00988,0.03458
2214,0.0247,0.01976
2215,0.03458,0.05434
2216,0.0988,-0.01482
2217,0.06422,0.03952
2218,0.08892,-0.00494
2219,0.08398,0.03952
2220,0.08892,-0.01976
2221,-0.00988,0.03458
2222,0.00494,0.01976
2223,-0.02964,0.03952
2224,-0.02964,0.01482
2225,-0.07904,0.01482
2226,-0.06916,0.01482
2227,-0.08398,0.00494
2228,-0.07904,0.01482
2229,-0.10868,0.00494
2230,-0.12844,0.03458
2231,-0.07904,-0.00494
2232,-0.1235,0.02964
2233,-0.0988,0.00988
2234,-0.1482,0.0247
2235,-0.0741,-0.00494
2236,-0.11362,0.02964
2237,-0.05928,-0.01976
2238,-0.11362,0.01482
2239,-0.08398,0.01482
2240,-0.10374,0.01976
2241,-0.05928,0.01482
2242,-0.07904,-0.00494
2243,-0.0741,0.00988
2244,-0.0494,0.0
2245,-0.10868,0.02964
2246,-0.06916,-0.0247
2247,-0.1235,0.05928
2248,-0.05928,-0.00494
2249,-0.0988,0.04446
2250,-0.0741,-0.0247
2251,-0.10374,0.0247
2252,-0.03458,0.00494
2253,-0.0988,0.02964
2254,-0.06422,-0.00494
2255,-0.11856,0.00494
2256,-0.06422,0.00988
2257,-0.10374,0.01976
2258,-0.09386,0.0
2259,-0.08892,0.01482
2260,-0.1235,0.0247
2261,-0.0988,-0.00988
2262,-0.1235,0.03458
2263,-0.07904,-0.02964
2264,-0.13832,0.0247
2265,-0.09386,-0.01976
2266,-0.1482,0.01482
2267,-0.09386,-0.01976
2268,-0.14326,0.02964
2269,-0.07904,0.0
2270,-0.12844,0.01976
2271,-0.17784,0.0
2272,0.15808,0.04446
2273,0.60268,0.05434
2274,1.5857,-0.00494
2275,0.9633,-0.06422
2276,-0.25194,-0.18772
2277,-0.7657,-0.19266
2278,-0.63726,-0.1976
2279,-0.44954,-0.0988
2280,-0.247,-0.10868
2281,-0.20254,-0.00988
2282,-0.16302,-0.03458
2283,-0.20254,0.01976
2284,-0.13338,-0.00988
2285,-0.17784,0.00494
2286,-0.1482,-0.01482
2287,-0.17784,0.01482
2288,-0.16796,0.01482
2289,-0.15808,-0.02964
2290,-0.17784,0.0247
2291,-0.15808,0.0
2292,-0.17784,0.02964
2293,-0.15808,-0.00494
2294,-0.1729,0.03458
2295,-0.13338,-0.0247
2296,-0.16796,0.00988
2297,-0.14326,-0.03952
2298,-0.19266,0.01482
2299,-0.10868,-0.00494
2300,-0.13832,0.00494
2301,-0.11362,-0.03458
2302,-0.11856,-0.00988
2303,-0.06916,0.01976
2304,-0.03952,0.00988
2305,-0.00988,-0.00494
2306,-0.00494,-0.0247
2307,-0.01482,-0.00988
2308,-0.00988,-0.03952
2309,0.01976,-0.00494
2310,0.01976,-0.04446
2311,-0.0247,-0.0247
2312,0.00494,-0.03952
2313,-0.05928,0.0
2314,-0.05434,-0.0494
2315,-0.10868,0.0
2316,-0.06916,-0.04446
2317,-0.1482,-0.00494
2318,-0.07904,-0.0247
2319,-0.1482,-0.00988
2320,-0.09386,-0.02964
2321,-0.11856,-0.01976
2322,-0.1235,-0.02964
2323,-0.1235,-0.02964
2324,-0.11362,-0.01976
2325,-0.1235,-0.03952
2326,-0.16302,-0.00494
2327,-0.08398,-0.02964
2328,-0.11362,-0.00494
2329,-0.06916,-0.05434
2330,-0.0988,-0.00494
2331,-0.03952,-0.03458
2332,-0.06916,-0.01482
2333,-0.0494,-0.02964
2334,-0.10374,0.0
2335,-0.04446,-0.01976
2336,-0.07904,-0.01976
2337,-0.06916,-0.03952
2338,-0.08398,-0.02964
2339,-0.02964,-0.00988
2340,-0.06422,-0.04446
2341,-0.06916,-0.01976
2342,-0.06916,-0.0494
2343,-0.0494,-0.01482
2344,-0.0494,-0.05928
2345,-0.11856,0.00494
2346,-0.03952,-0.05434
2347,-0.0741,-0.00988
2348,-0.03458,-0.03952
2349,-0.08892,0.0
2350,-0.06916,-0.02964
2351,-0.06422,0.00494
2352,-0.02964,-0.0494
2353,-0.06916,-0.03458
2354,-0.07904,-0.00494
2355,-0.02964,-0.02964
2356,-0.05928,-0.02964
2357,-0.10868,-0.06422
2358,0.1729,0.00494
2359,0.63232,-0.00494
2360,1.4178,-0.01482
2361,0.97812,-0.12844
2362,-0.16796,-0.1729
2363,-0.6669,-0.23712
2364,-0.68172,-0.2223
2365,-0.41496,-0.1729
2366,-0.26182,-0.10868
2367,-0.15314,-0.03952
2368,-0.13338,-0.03952
2369,-0.1235,-0.01976
2370,-0.10374,-0.01976
2371,-0.13338,-0.01482
2372,-0.0741,-0.0494
2373,-0.11856,-0.00988
2374,-0.07904,-0.06422
2375,-0.14326,0.01482
2376,-0.06916,-0.02964
2377,-0.13338,-0.0247
2378,-0.0741,-0.05928
2379,-0.14326,0.00988
2380,-0.06422,-0.01976
2381,-0.1482,-0.00988
2382,-0.0741,-0.02964
2383,-0.08892,-0.00988
2384,-0.08398,-0.02964
2385,-0.06422,-0.00988
2386,-0.05928,0.0
2387,-0.03952,-0.02964
2388,0.0,-0.00988
2389,0.06422,-0.00988
2390,0.0247,0.01482
2391,0.0988,-0.05928
2392,0.04446,0.00494
2393,0.08398,-0.06422
2394,0.09386,-0.01976
2395,0.13832,-0.0494
2396,0.04446,-0.00988
2397,0.08398,-0.0494
2398,0.01482,-0.01976
2399,0.02964,-0.03458
2400,-0.06422,-0.03458
2401,-0.05434,-0.01976
2402,-0.06422,-0.01976
2403,-0.0741,0.0
2404,-0.08892,-0.0247
2405,-0.0988,-0.01976
2406,-0.07904,-0.0247
2407,-0.11856,0.00988
2408,-0.08398,-0.03458
2409,-0.08892,0.00988
2410,-0.06422,-0.03458
2411,-0.08892,0.00494
2412,-0.03952,-0.0494
2413,-0.09386,0.0
2414,-0.02964,-0.01976
2415,-0.0741,-0.01482
2416,-0.05928,-0.03952
2417,-0.0741,-0.00494
2418,-0.04446,-0.00988
2419,-0.0494,-0.01976
2420,-0.0494,-0.00494
2421,-0.0494,0.0
2422,-0.02964,0.00988
2423,-0.00988,-0.0247
2424,-0.0494,-0.00494
2425,-0.03458,-0.0494
2426,-0.02964,0.0
2427,0.04446,-0.03952
2428,-0.06422,0.0
2429,-0.01482,-0.02964
2430,0.3952,0.05928
2431,0.89908,0.03952
2432,1.6203,-0.03952
2433,0.77064,-0.10374
2434,-0.33592,-0.17784
2435,-0.71136,-0.20748
2436,-0.5187,-0.2223
2437,-0.31122,-0.1235
2438,-0.10374,-0.10868
2439,-0.0988,-0.00988
2440,-0.08398,-0.06422
2441,-0.11362,0.00988
2442,-0.03952,-0.01976
2443,-0.10374,0.01976
2444,-0.06422,-0.03458
2445,-0.1235,0.01976
2446,-0.06916,0.00494
2447,-0.0494,0.0247
2448,-0.0494,-0.01976
2449,-0.07904,0.0
2450,-0.05434,0.01482
2451,-0.0494,-0.00494
2452,-0.0741,0.01976
2453,-0.05928,-0.00988
2454,-0.03952,0.02964
2455,-0.02964,-0.04446
2456,-0.06916,-0.00988
2457,-0.00494,-0.01976
2458,-0.03458,0.02964
2459,0.02964,-0.01482
2460,0.0,0.00494
2461,0.0741,-0.00988
2462,0.08398,0.0247
2463,0.10868,-0.0247
2464,0.0988,-0.00494
2465,0.12844,0.01482
2466,0.12844,0.00494
2467,0.11856,0.00494
2468,0.10868,-0.01482
2469,0.07904,0.00988
2470,0.0494,-0.03952
2471,-0.0247,0.00494
2472,-0.00988,-0.03952
2473,-0.04446,0.00988
2474,-0.03952,-0.03458
2475,-0.0741,0.0
2476,-0.03952,-0.01482
2477,-0.06916,-0.00988
2478,-0.06422,-0.02964
2479,-0.0988,0.00494
2480,-0.08398,-0.00988
2481,-0.06422,-0.00988
2482,-0.08398,0.01976
2483,-0.06422,-0.0247
2484,-0.0741,0.01976
2485,-0.03458,-0.0247
2486,-0.05928,0.02964
2487,-0.01482,-0.01482
2488,-0.04446,0.0247
2489,0.01976,-0.01482
2490,-0.03952,0.0247
2491,0.00988,-0.01482
2492,-0.03458,0.02964
2493,-0.00494,-0.0247
2494,-0.05928,0.0
2495,-0.02964,-0.00988
2496,-0.05434,0.01976
2497,-0.01482,-0.00988
2498,-0.06916,-0.01482
2499,-0.05928,-0.00494
2500,-0.05928,-0.0247
2501,-0.08398,-0.00494
2502,-0.04446,-0.02964
2503,-0.07904,0.02964
2504,-0.05434,-0.01976
2505,-0.08892,0.00494
2506,-0.05928,-0.02964
2507,-0.10868,0.01976
2508,-0.06916,-0.00494
2509,-0.07904,0.0247
2510,-0.06916,-0.00988
2511,-0.06422,0.0
2512,-0.05434,0.00494
2513,-0.06422,-0.01482
2514,-0.02964,-0.01976
2515,-0.05434,-0.00494
2516,-0.0741,0.00494
2517,-0.05434,-0.01482
2518,-0.07904,0.00988
2519,-0.04446,-0.03952
2520,-0.10374,0.0247
2521,-0.03952,-0.00494
2522,-0.14326,0.0
2523,0.06916,-0.00494
2524,0.4199,0.06916
2525,1.2844,0.00494
2526,1.3733,-0.03952
2527,0.2223,-0.15314
2528,-0.68666,-0.1976
2529,-0.72618,-0.20748
2530,-0.5187,-0.1482
2531,-0.29146,-0.10374
2532,-0.21242,-0.06916
2533,-0.1729,0.01482
2534,-0.14326,-0.03458
2535,-0.15808,0.00988
2536,-0.13832,-0.0247
2537,-0.15808,0.02964
2538,-0.0988,-0.08892
2539,-0.15314,0.01482
2540,-0.16302,-0.0247
2541,-0.18772,0.05434
2542,-0.11362,0.00494
2543,-0.13832,0.00988
2544,-0.14326,-0.00494
2545,-0.19266,-0.01976
2546,-0.15314,0.0247
2547,-0.16796,-0.00988
2548,-0.16796,0.00494
2549,-0.1729,0.00988
2550,-0.18278,0.03952
2551,-0.11856,-0.03458
2552,-0.14326,0.01976
2553,-0.11362,0.0
2554,-0.11856,0.00988
2555,-0.05434,0.01482
2556,-0.08398,0.00988
2557,-0.03952,0.0247
2558,-0.04446,0.02964
2559,0.01976,-0.01482
2560,-0.11264,-0.00699
2561,-0.09152,-0.00699
2562,-0.07744,-0.00699
2563,-0.04224,0.0
2564,-0.00704,0.0
2565,-0.00704,-0.00699
2566,0.0352,0.0
2567,0.0704,0.00699
2568,0.08448,0.0
2569,0.11968,-0.00699
2570,0.13376,-0.00699
2571,0.11968,0.0
2572,0.0704,0.01398
2573,0.04928,-0.01398
2574,-0.0352,0.00699
2575,-0.0704,0.02097
2576,-0.11968,0.01398
2577,-0.12672,0.01398
2578,-0.16192,0.03495
2579,-0.12672,0.03495
2580,-0.13376,0.04194
2581,-0.12672,0.03495
2582,-0.12672,0.02796
2583,-0.13376,0.02796
2584,-0.13376,0.02796
2585,-0.11968,0.02097
2586,-0.12672,0.01398
2587,-0.12672,0.02796
2588,-0.12672,0.02796
2589,-0.13376,0.02796
2590,-0.15488,0.03495
2591,-0.12672,0.03495
2592,-0.16192,0.01398
2593,-0.15488,0.02097
2594,-0.16896,0.02097
2595,-0.1408,0.04194
2596,-0.15488,0.04893
2597,-0.07744,0.02097
2598,-0.16896,0.04194
2599,-0.16192,0.06291
2600,0.01408,0.10485
2601,0.44352,0.16077
2602,1.0208,0.1398
2603,1.3658,0.0699
2604,1.1264,-0.02796
2605,0.30976,-0.12582
2606,-0.11264,-0.0699
2607,-0.16896,-0.02796
2608,-0.13376,0.0
2609,-0.12672,0.01398
2610,-0.13376,0.02097
2611,-0.15488,0.02097
2612,-0.16896,0.02796
2613,-0.176,-0.00699
2614,-0.19008,0.02097
2615,-0.176,0.01398
2616,-0.16192,0.01398
2617,-0.16896,0.0
2618,-0.14784,0.01398
2619,-0.1408,0.02796
2620,-0.13376,0.03495
2621,-0.1408,0.02796
2622,-0.08448,0.02796
2623,-0.1056,0.04194
2624,-0.07744,0.04194
2625,-0.07744,0.02097
2626,-0.05632,0.04194
2627,-0.04224,0.02796
2628,0.00704,0.02796
2629,0.0,0.02097
2630,0.0352,0.02097
2631,0.04224,0.02097
2632,0.06336,0.02097
2633,0.09856,-0.00699
2634,0.13376,-0.01398
2635,0.13376,-0.01398
2636,0.11264,-0.00699
2637,0.07744,-0.00699
2638,0.02816,0.01398
2639,-0.04928,0.02796
2640,-0.04928,0.02097
2641,-0.1056,0.01398
2642,-0.11264,0.02796
2643,-0.13376,0.03495
2644,-0.12672,0.03495
2645,-0.16896,0.03495
2646,-0.11968,0.02097
2647,-0.1408,0.03495
2648,-0.1408,0.02097
2649,-0.14784,0.01398
2650,-0.16192,0.02097
2651,-0.18304,0.04194
2652,-0.16896,0.03495
2653,-0.16896,0.02796
2654,-0.176,0.02097
2655,-0.1408,0.02097
2656,-0.14784,0.02796
2657,-0.15488,0.02796
2658,-0.14784,0.02796
2659,-0.14784,0.03495
2660,-0.13376,0.03495
2661,-0.13376,0.02097
2662,-0.11968,0.03495
2663,-0.1408,0.04194
2664,-0.11264,0.03495
2665,-0.12672,0.02097
2666,-0.12672,0.02097
2667,-0.13376,0.02097
2668,-0.1408,0.01398
2669,-0.16192,0.03495
2670,-0.14784,0.00699
2671,-0.16192,0.02097
2672,-0.19712,-0.00699
2673,-0.18304,-0.01398
2674,-0.19008,-0.01398
2675,-0.19712,0.0
2676,-0.176,0.0
2677,-0.16192,0.0
2678,-0.16192,0.00699
2679,-0.14784,0.02097
2680,-0.1408,0.02796
2681,-0.16192,0.01398
2682,-0.13376,0.00699
2683,-0.14784,0.02097
2684,-0.13376,0.01398
2685,-0.15488,0.00699
2686,-0.15488,0.01398
2687,-0.176,0.04194
2688,-0.15488,0.02097
2689,-0.18304,0.01398
2690,-0.19712,0.01398
2691,-0.16896,0.02097
2692,-0.16896,0.0
2693,-0.18304,0.02097
2694,-0.16192,0.00699
2695,-0.11968,0.02097
2696,-0.15488,0.00699
2697,-0.13376,0.01398
2698,-0.14784,0.00699
2699,-0.14784,0.02097
2700,-0.14784,0.02796
2701,-0.11968,0.00699
2702,-0.13376,0.02097
2703,-0.12672,0.02796
2704,-0.14784,0.02097
2705,-0.16896,0.02097
2706,-0.16896,0.01398
2707,-0.16192,0.01398
2708,-0.16896,0.02097
2709,-0.176,0.00699
2710,-0.16896,0.00699
2711,-0.18304,0.01398
2712,-0.15488,0.01398
2713,-0.15488,0.01398
2714,-0.15488,0.00699
2715,-0.15488,0.02097
2716,-0.1408,0.00699
2717,-0.176,0.03495
2718,-0.11264,0.02097
2719,-0.15488,0.04893
2720,-0.14784,0.04194
2721,-0.18304,0.04893
2722,-0.15488,0.03495
2723,-0.15488,0.06291
2724,-0.11264,0.04194
2725,-0.11968,0.04893
2726,-0.16896,0.04194
2727,-0.20416,0.0699
2728,-0.1056,0.09087
2729,0.20416,0.16077
2730,0.74624,0.1398
2731,1.2742,0.07689
2732,1.3517,0.02097
2733,0.73216,-0.09087
2734,0.0352,-0.0699
2735,-0.18304,-0.01398
2736,-0.19008,0.01398
2737,-0.16896,0.02796
2738,-0.19008,0.04194
2739,-0.18304,0.04893
2740,-0.22528,0.05592
2741,-0.19712,0.04893
2742,-0.19008,0.04893
2743,-0.19712,0.0699
2744,-0.19008,0.06291
2745,-0.19712,0.04893
2746,-0.2112,0.08388
2747,-0.19008,0.08388
2748,-0.176,0.08388
2749,-0.19712,0.06291
2750,-0.19008,0.08388
2751,-0.176,0.07689
2752,-0.19008,0.09786
2753,-0.14784,0.08388
2754,-0.13376,0.09087
2755,-0.11968,0.09087
2756,-0.1056,0.09087
2757,-0.09152,0.08388
2758,-0.05632,0.09087
2759,-0.01408,0.09786
2760,0.02112,0.09087
2761,0.04224,0.08388
2762,0.06336,0.0699
2763,0.09152,0.08388
2764,0.13376,0.08388
2765,0.16896,0.0699
2766,0.13376,0.0699
2767,0.09152,0.07689
2768,0.02816,0.06291
2769,-0.04224,0.06291
2770,-0.06336,0.07689
2771,-0.0704,0.07689
2772,-0.11264,0.06291
2773,-0.11968,0.04194
2774,-0.1408,0.04893
2775,-0.11264,0.05592
2776,-0.15488,0.05592
2777,-0.11264,0.03495
2778,-0.14784,0.02796
2779,-0.1408,0.02796
2780,-0.16896,0.02097
2781,-0.14784,0.01398
2782,-0.16896,0.02796
2783,-0.13376,0.02097
2784,-0.15488,0.02097
2785,-0.15488,0.01398
2786,-0.16192,0.01398
2787,-0.16192,0.02097
2788,-0.15488,0.04194
2789,-0.1408,0.03495
2790,-0.1408,0.03495
2791,-0.1408,0.04194
2792,-0.15488,0.02796
2793,-0.19008,0.02796
2794,-0.18304,0.02097
2795,-0.15488,0.02796
2796,-0.19008,0.01398
2797,-0.16896,-0.00699
2798,-0.19008,-0.00699
2799,-0.176,0.00699
2800,-0.20416,0.02097
2801,-0.1408,0.00699
2802,-0.176,0.0
2803,-0.16192,0.01398
2804,-0.16896,0.00699
2805,-0.15488,-0.00699
2806,-0.176,0.01398
2807,-0.14784,0.02097
2808,-0.176,0.01398
2809,-0.18304,0.0
2810,-0.19008,-0.01398
2811,-0.18304,-0.02097
2812,-0.19008,-0.01398
2813,-0.176,-0.02796
2814,-0.16896,-0.02097
2815,-0.18304,-0.01398
2816,-0.176,-0.02097
2817,-0.16896,-0.02796
2818,-0.19712,-0.00699
2819,-0.176,-0.00699
2820,-0.16192,-0.00699
2821,-0.176,-0.02796
2822,-0.16896,-0.00699
2823,-0.16192,0.0
2824,-0.16192,0.01398
2825,-0.16896,0.00699
2826,-0.11968,0.00699
2827,-0.15488,0.02097
2828,-0.176,0.0
2829,-0.18304,-0.01398
2830,-0.16896,-0.02796
2831,-0.18304,-0.00699
2832,-0.14784,-0.01398
2833,-0.16192,-0.02796
2834,-0.2112,-0.01398
2835,-0.11264,0.02796
2836,0.16192,0.07689
2837,0.65472,0.13281
2838,1.232,0.09087
2839,1.4995,0.04893
2840,0.9504,-0.05592
2841,0.1408,-0.09087
2842,-0.21824,-0.06291
2843,-0.21824,-0.02097
2844,-0.20416,0.01398
2845,-0.16192,0.00699
2846,-0.18304,0.00699
2847,-0.16192,0.00699
2848,-0.19008,-0.00699
2849,-0.19008,-0.03495
2850,-0.23232,-0.00699
2851,-0.19712,-0.02796
2852,-0.18304,-0.03495
2853,-0.2112,-0.04194
2854,-0.19712,-0.02796
2855,-0.19712,-0.02796
2856,-0.19008,-0.02097
2857,-0.18304,-0.01398
2858,-0.16896,-0.02097
2859,-0.16896,-0.00699
2860,-0.15488,-0.01398
2861,-0.1408,-0.02796
2862,-0.13376,-0.03495
2863,-0.12672,0.0
2864,-0.07744,-0.00699
2865,-0.04224,-0.01398
2866,-0.00704,-0.01398
2867,0.02112,-0.00699
2868,0.04928,-0.02097
2869,0.0704,-0.03495
2870,0.1056,-0.02097
2871,0.16192,-0.03495
2872,0.15488,-0.02796
2873,0.1056,-0.03495
2874,0.04224,-0.02097
2875,-0.02112,-0.02097
2876,-0.07744,-0.00699
2877,-0.12672,-0.00699
2878,-0.11264,-0.02097
2879,-0.16192,-0.01398
2880,-0.16192,-0.01398
2881,-0.176,-0.03495
2882,-0.19008,-0.03495
2883,-0.19008,-0.01398
2884,-0.16896,-0.02097
2885,-0.15488,-0.02796
2886,-0.16192,-0.02796
2887,-0.16896,-0.02097
2888,-0.16896,-0.02097
2889,-0.16896,-0.02097
2890,-0.176,-0.01398
2891,-0.14784,-0.01398
2892,-0.16896,-0.01398
2893,-0.15488,-0.02796
2894,-0.19008,-0.02097
2895,-0.16192,-0.02097
2896,-0.19712,-0.00699
2897,-0.15488,-0.02796
2898,-0.16192,-0.02796
2899,-0.18304,-0.02796
2900,-0.18304,-0.03495
2901,-0.19712,-0.04194
2902,-0.16896,-0.02796
2903,-0.19008,-0.01398
2904,-0.15488,-0.02796
2905,-0.16896,-0.02097
2906,-0.16192,-0.02097
2907,-0.14784,-0.02097
2908,-0.15488,-0.02796
2909,-0.16192,-0.02097
2910,-0.14784,-0.02796
2911,-0.14784,-0.02097
2912,-0.14784,-0.02796
2913,-0.15488,-0.04194
2914,-0.16192,-0.04893
2915,-0.16896,-0.03495
2916,-0.176,-0.04893
2917,-0.1408,-0.06291
2918,-0.16896,-0.05592
2919,-0.15488,-0.05592
2920,-0.16896,-0.05592
2921,-0.16896,-0.0699
2922,-0.18304,-0.01398
2923,-0.16192,-0.02796
2924,-0.13376,-0.03495
2925,-0.15488,-0.04893
2926,-0.12672,-0.04893
2927,-0.13376,-0.03495
2928,-0.13376,-0.04194
2929,-0.14784,-0.04194
2930,-0.11968,-0.04893
2931,-0.1408,-0.04194
2932,-0.1408,-0.04893
2933,-0.14784,-0.05592
2934,-0.15488,-0.06291
2935,-0.16896,-0.04194
2936,-0.15488,-0.04893
2937,-0.15488,-0.05592
2938,-0.16896,-0.04893
2939,-0.16192,-0.03495
2940,-0.14784,-0.04893
2941,-0.13376,-0.04893
2942,-0.15488,-0.04194
2943,-0.09152,-0.04893
2944,-0.11968,-0.04893
2945,-0.08448,-0.05592
2946,-0.1056,-0.04893
2947,-0.16192,-0.04194
2948,-0.16896,0.00699
2949,0.06336,0.03495
2950,0.48576,0.10485
2951,1.056,0.06291
2952,1.4573,0.0
2953,1.1616,-0.09786
2954,0.30272,-0.16776
2955,-0.1408,-0.10485
2956,-0.18304,-0.09786
2957,-0.16192,-0.07689
2958,-0.13376,-0.06291
2959,-0.14784,-0.05592
2960,-0.15488,-0.04893
2961,-0.18304,-0.05592
2962,-0.13376,-0.04893
2963,-0.15488,-0.02796
2964,-0.1408,-0.05592
2965,-0.16192,-0.04194
2966,-0.15488,-0.06291
2967,-0.176,-0.02097
2968,-0.19008,-0.03495
2969,-0.16192,-0.04893
2970,-0.19008,-0.05592
2971,-0.176,-0.04194
2972,-0.176,-0.04194
2973,-0.16192,-0.04893
2974,-0.15488,-0.03495
2975,-0.1056,-0.03495
2976,-0.1056,-0.03495
2977,-0.07744,-0.04893
2978,-0.0704,-0.04893
2979,-0.04928,-0.0699
2980,-0.01408,-0.05592
2981,0.06336,-0.05592
2982,0.09856,-0.05592
2983,0.13376,-0.04194
2984,0.176,-0.04893
2985,0.18304,-0.05592
2986,0.1408,-0.05592
2987,0.09152,-0.04194
2988,0.04928,-0.04893
2989,-0.01408,-0.05592
2990,-0.05632,-0.06291
2991,-0.08448,-0.04893
2992,-0.09856,-0.04194
2993,-0.12672,-0.04194
2994,-0.08448,-0.04893
2995,-0.1056,-0.02796
2996,-0.09152,-0.02796
2997,-0.1056,-0.02796
2998,-0.09856,-0.02796
2999,-0.11264,0.00699
3000,-0.1056,-0.02097
3001,-0.08448,-0.05592
3002,-0.11264,-0.0699
3003,-0.11264,-0.0699
3004,-0.11264,-0.0699
3005,-0.12672,-0.07689
3006,-0.12672,-0.0699
3007,-0.09856,-0.06291
3008,-0.12672,-0.0699
3009,-0.11264,-0.06291
3010,-0.12672,-0.06291
3011,-0.1056,-0.06291
3012,-0.13376,-0.04194
3013,-0.1056,-0.06291
3014,-0.1056,-0.05592
3015,-0.12672,-0.03495
3016,-0.11264,-0.02796
3017,-0.1056,-0.02097
3018,-0.08448,0.0
3019,-0.0704,0.02097
3020,-0.04928,0.00699
3021,-0.06336,0.00699
3022,-0.0704,-0.01398
3023,-0.0704,-0.02097
3024,-0.08448,-0.04194
3025,-0.09856,-0.04893
3026,-0.0704,-0.04893
3027,-0.09152,-0.02796
3028,-0.08448,-0.04194
3029,-0.09152,-0.03495
3030,-0.09152,-0.04893
3031,-0.08448,-0.01398
3032,-0.11264,-0.03495
3033,-0.0704,-0.02796
3034,-0.1056,-0.02796
3035,-0.09152,-0.02796
3036,-0.1056,-0.02097
3037,-0.09856,-0.01398
3038,-0.1056,0.01398
3039,-0.06336,0.02796
3040,-0.04928,0.02796
3041,-0.0704,0.00699
3042,-0.05632,-0.01398
3043,-0.05632,-0.02097
3044,-0.06336,-0.01398
3045,-0.0704,-0.01398
3046,-0.05632,-0.02796
3047,-0.0704,-0.00699
3048,-0.0704,0.0
3049,-0.08448,-0.01398
3050,-0.08448,0.0
3051,-0.09152,0.02097
3052,-0.05632,0.02097
3053,-0.0704,0.02097
3054,-0.06336,0.02097
3055,-0.04928,0.02796
3056,-0.0352,0.02097
3057,-0.11968,0.03495
3058,-0.11968,0.0699
3059,0.1408,0.11883
3060,0.49984,0.17475
3061,1.1123,0.14679
3062,1.5418,0.06291
3063,1.3798,-0.00699
3064,0.55616,-0.11883
3065,0.04928,-0.05592
3066,-0.05632,-0.02796
3067,-0.05632,0.01398
3068,-0.04928,0.03495
3069,-0.04928,0.03495
3070,-0.09152,0.05592
3071,-0.0704,0.04893
3072,-0.08448,0.06291
3073,-0.07744,0.04194
3074,-0.07744,0.07689
3075,-0.05632,0.0699
3076,-0.06336,0.09786
3077,-0.0704,0.0699
3078,-0.04928,0.06291
3079,-0.06336,0.0699
3080,-0.05632,0.06291
3081,-0.05632,0.05592
3082,-0.05632,0.06291
3083,-0.04224,0.07689
3084,-0.00704,0.08388
3085,-0.00704,0.0699
3086,0.0,0.0699
3087,0.02816,0.08388
3088,0.04928,0.09087
3089,0.07744,0.09087
3090,0.14784,0.09087
3091,0.16192,0.09786
3092,0.19712,0.09087
3093,0.21824,0.09087
3094,0.2816,0.09786
3095,0.2816,0.1398
3096,0.28864,0.09786
3097,0.22528,0.09786
3098,0.15488,0.09087
3099,0.09152,0.09087
3100,0.0352,0.07689
3101,-0.02112,0.09087
3102,-0.01408,0.08388
3103,-0.01408,0.09786
3104,-0.02816,0.09786
3105,-0.0352,0.10485
3106,-0.0352,0.10485
3107,-0.04224,0.11883
3108,-0.02816,0.11184
3109,-0.02816,0.11184
3110,-0.04928,0.10485
3111,-0.04928,0.12582
3112,-0.06336,0.11184
3113,-0.07744,0.13281
3114,-0.09856,0.13281
3115,-0.04224,0.11883
3116,-0.07744,0.11184
3117,-0.0704,0.09786
3118,-0.09856,0.09786
3119,-0.09152,0.11184
3120,-0.09152,0.11184
3121,-0.06336,0.11184
3122,-0.07744,0.11883
3123,-0.0704,0.11883
3124,-0.0704,0.11184
3125,-0.08448,0.12582
3126,-0.07744,0.11184
3127,-0.06336,0.12582
3128,-0.08448,0.10485
3129,-0.09856,0.11184
3130,-0.11968,0.09786
3131,-0.11968,0.12582
3132,-0.14784,0.11883
3133,-0.07744,0.11883
3134,-0.11968,0.11883
3135,-0.09856,0.13281
3136,-0.1056,0.12582
3137,-0.09152,0.11883
3138,-0.1056,0.11883
3139,-0.0704,0.11883
3140,-0.08448,0.12582
3141,-0.08448,0.11883
3142,-0.09856,0.11184
3143,-0.1056,0.12582
3144,-0.11968,0.13281
3145,-0.09152,0.11184
3146,-0.12672,0.11184
3147,-0.12672,0.12582
3148,-0.14784,0.12582
3149,-0.11968,0.12582
3150,-0.14784,0.13281
3151,-0.09856,0.13281
3152,-0.13376,0.13281
3153,-0.11264,0.11184
3154,-0.13376,0.12582
3155,-0.11968,0.11883
3156,-0.1408,0.1398
3157,-0.1056,0.11184
3158,-0.1056,0.11883
3159,-0.11968,0.11184
3160,-0.11968,0.11184
3161,-0.11968,0.09786
3162,-0.13376,0.11184
3163,-0.13376,0.11184
3164,-0.12672,0.11184
3165,-0.12672,0.11184
3166,-0.11968,0.11184
3167,-0.09856,0.12582
3168,-0.12672,0.13281
3169,-0.09856,0.12582
3170,-0.1056,0.13281
3171,-0.11968,0.12582
3172,-0.12672,0.13281
3173,-0.14784,0.09786
3174,-0.14784,0.11883
3175,-0.16192,0.13281
3176,-0.11264,0.12582
3177,-0.14784,0.11184
3178,-0.13376,0.11184
3179,-0.14784,0.12582
3180,-0.15488,0.12582
3181,-0.15488,0.12582
3182,-0.12672,0.12582
3183,-0.12672,0.13281
3184,-0.13376,0.13281
3185,-0.13376,0.13281
3186,-0.12672,0.13281
3187,-0.14784,0.1398
3188,-0.12672,0.13281
3189,-0.1408,0.13281
3190,-0.13376,0.11883
3191,-0.15488,0.11883
3192,-0.15488,0.09786
3193,-0.16192,0.11184
3194,-0.176,0.11184
3195,-0.11968,0.12582
3196,-0.16192,0.11883
3197,-0.13376,0.12582
3198,-0.14784,0.12582
3199,-0.14784,0.12582
3200,-0.15314,0.00988
3201,-0.10374,0.01482
3202,-0.0494,0.04446
3203,0.03952,0.07904
3204,0.01976,0.12844
3205,0.0494,0.11362
3206,-0.05928,0.08892
3207,-0.00494,0.05434
3208,0.25688,0.00988
3209,0.97812,0.05928
3210,1.5857,0.27664
3211,1.482,0.35074
3212,0.75582,0.06422
3213,0.06422,-0.64714
3214,-0.35074,-1.0473
3215,-0.35568,-0.87438
3216,-0.25688,-0.62244
3217,-0.20254,-0.38038
3218,-0.21736,-0.16302
3219,-0.21242,-0.0741
3220,-0.23218,-0.03458
3221,-0.17784,-0.03952
3222,-0.18278,-0.00988
3223,-0.11362,-0.01482
3224,-0.0494,-0.00494
3225,-0.00988,0.0
3226,0.00494,0.0741
3227,0.03952,0.1235
3228,0.05928,0.15808
3229,0.0494,0.15808
3230,0.01482,0.11856
3231,-0.00988,0.05928
3232,-0.02964,0.02964
3233,-0.03458,-0.00988
3234,-0.03458,-0.02964
3235,-0.0741,-0.03952
3236,-0.0988,-0.03952
3237,-0.0988,-0.06422
3238,-0.1235,-0.06422
3239,-0.14326,-0.05928
3240,-0.13832,-0.06422
3241,-0.20254,-0.06422
3242,-0.247,-0.06422
3243,-0.30134,-0.0494
3244,-0.30628,-0.05434
3245,-0.2717,-0.05434
3246,-0.20748,-0.06422
3247,-0.1482,-0.0494
3248,-0.09386,0.0
3249,-0.06422,0.01976
3250,-0.05928,0.0494
3251,-0.06916,0.06422
3252,-0.02964,0.05928
3253,-0.04446,0.06422
3254,0.00988,0.07904
3255,0.00494,0.1235
3256,0.00494,0.1235
3257,-0.01976,0.10868
3258,-0.0247,0.05434
3259,-0.04446,0.0247
3260,-0.03458,-0.00988
3261,-0.0494,-0.01976
3262,-0.0741,-0.03952
3263,-0.11362,-0.01976
3264,-0.11362,-0.01976
3265,-0.1235,-0.01976
3266,-0.14326,-0.02964
3267,-0.18278,-0.00494
3268,-0.12844,-0.0247
3269,-0.08892,-0.03952
3270,-0.06916,-0.03952
3271,-0.06916,-0.00988
3272,-0.06422,0.00988
3273,-0.05434,0.03458
3274,-0.0494,0.03458
3275,-0.03952,0.05928
3276,-0.03952,0.05928
3277,-0.08398,0.06916
3278,-0.05928,0.0741
3279,0.01482,0.10868
3280,0.04446,0.11856
3281,0.0494,0.12844
3282,0.01482,0.07904
3283,-0.05928,0.0494
3284,-0.0494,0.01976
3285,0.25194,-0.01976
3286,0.97318,0.07904
3287,1.6203,0.30628
3288,1.4277,0.36062
3289,0.6175,-0.06916
3290,-0.0741,-0.94848
3291,-0.48906,-1.1757
3292,-0.47918,-0.89908
3293,-0.31122,-0.6422
3294,-0.19266,-0.41002
3295,-0.12844,-0.20254
3296,-0.1235,-0.09386
3297,-0.10868,-0.04446
3298,-0.11856,-0.03458
3299,-0.0988,-0.00494
3300,0.00494,0.00988
3301,0.06916,0.0494
3302,0.05434,0.08892
3303,0.0741,0.09386
3304,0.06422,0.05928
3305,0.0247,0.02964
3306,0.01482,0.00988
3307,-0.01482,0.01976
3308,-0.03458,0.01482
3309,-0.04446,-0.00494
3310,-0.05434,-0.01482
3311,-0.08892,-0.01482
3312,-0.0741,-0.0247
3313,-0.08398,-0.0247
3314,-0.13832,-0.02964
3315,-0.18278,-0.01482
3316,-0.18772,0.0
3317,-0.2964,0.00494
3318,-0.28158,0.01482
3319,-0.2964,0.01482
3320,-0.26676,0.0
3321,-0.247,0.01482
3322,-0.2223,0.04446
3323,-0.18278,0.08398
3324,-0.13338,0.0988
3325,-0.06422,0.10374
3326,-0.03458,0.0988
3327,-0.02964,0.0988
3328,0.01482,0.10374
3329,0.0,0.10374
3330,0.03458,0.12844
3331,0.05928,0.16796
3332,0.06916,0.18278
3333,0.05434,0.15314
3334,0.02964,0.1235
3335,-0.00494,0.08892
3336,0.0,0.05434
3337,-0.02964,0.01976
3338,-0.0494,0.00988
3339,-0.08398,0.00494
3340,-0.08892,0.0
3341,-0.12844,0.0
3342,-0.11362,-0.01482
3343,-0.1482,0.00494
3344,-0.10374,-0.02964
3345,-0.05434,-0.05434
3346,-0.04446,-0.05928
3347,0.08892,-0.02964
3348,0.55822,-0.04446
3349,1.2251,0.07904
3350,1.6598,0.30628
3351,1.2943,0.3952
3352,0.74594,-0.04446
3353,0.15314,-0.89414
3354,-0.21736,-1.1164
3355,-0.1482,-0.76076
3356,-0.03952,-0.4446
3357,-0.01482,-0.1976
3358,-0.01976,-0.05434
3359,-0.03952,-0.00988
3360,-0.05928,-0.00988
3361,-0.05434,-0.03458
3362,-0.05928,-0.0494
3363,-0.0741,-0.04446
3364,-0.11362,-0.03458
3365,-0.15314,-0.01482
3366,-0.16302,-0.03952
3367,-0.17784,-0.0247
3368,-0.15314,-0.03458
3369,-0.10374,-0.0494
3370,-0.0494,-0.05928
3371,-0.05928,-0.02964
3372,-0.04446,-0.00494
3373,0.04446,0.01482
3374,0.03952,0.05434
3375,0.05434,0.08398
3376,0.05434,0.07904
3377,0.04446,0.0494
3378,0.04446,0.03458
3379,0.0247,0.01976
3380,-0.0247,0.0247
3381,-0.06422,0.02964
3382,-0.11362,0.00494
3383,-0.14326,0.02964
3384,-0.13832,0.01482
3385,-0.16796,0.00988
3386,-0.18772,0.01482
3387,-0.1729,0.00988
3388,-0.19266,0.01482
3389,-0.20254,0.01976
3390,-0.24206,0.01482
3391,-0.25194,0.01976
3392,-0.20254,0.00494
3393,-0.13338,-0.01976
3394,-0.10868,-0.0247
3395,-0.07904,-0.01976
3396,-0.03952,0.00494
3397,0.03952,0.0247
3398,0.0247,0.0494
3399,0.07904,0.09386
3400,0.0988,0.12844
3401,0.11856,0.14326
3402,0.08892,0.12844
3403,0.0988,0.11856
3404,0.08892,0.08892
3405,0.0741,0.04446
3406,0.0494,0.01976
3407,0.02964,0.01482
3408,0.01976,0.00494
3409,0.0,-0.01976
3410,-0.01976,-0.02964
3411,0.00494,-0.03458
3412,-0.01976,-0.03458
3413,-0.0494,-0.0494
3414,-0.09386,-0.01976
3415,-0.17784,-0.03458
3416,-0.10868,-0.06916
3417,0.33592,-0.09386
3418,1.1016,0.04446
3419,1.6154,0.28652
3420,1.3733,0.3211
3421,0.84474,-0.16796
3422,0.30628,-0.9386
3423,-0.17784,-1.1757
3424,-0.25194,-0.88426
3425,-0.1235,-0.60762
3426,-0.03952,-0.33098
3427,0.00988,-0.1235
3428,0.03952,0.01482
3429,0.01482,-0.00494
3430,0.00494,-0.02964
3431,-0.00494,-0.05434
3432,-0.01482,-0.0494
3433,-0.01976,-0.05928
3434,-0.01482,-0.05928
3435,-0.01976,-0.05928
3436,-0.0247,-0.05434
3437,-0.03952,-0.05928
3438,-0.08892,-0.03952
3439,-0.0988,-0.03458
3440,-0.06916,-0.03952
3441,-0.00494,-0.0494
3442,0.00988,-0.05434
3443,-0.00988,-0.04446
3444,0.00988,0.0247
3445,-0.03458,0.01976
3446,0.01482,0.04446
3447,0.03458,0.08398
3448,0.01976,0.11856
3449,0.01976,0.10868
3450,-0.00988,0.0741
3451,-0.04446,0.05928
3452,-0.0247,0.06422
3453,-0.03952,0.05434
3454,-0.05928,0.05434
3455,-0.05434,0.05434
3456,-0.05434,0.06422
3457,-0.0494,0.03952
3458,0.0,0.03458
3459,-0.0247,0.04446
3460,-0.03458,0.03952
3461,-0.05928,0.03458
3462,-0.07904,0.03952
3463,-0.08398,0.03458
3464,-0.01482,0.03952
3465,-0.00988,0.01976
3466,-0.01482,0.0247
3467,-0.00988,0.05434
3468,-0.01976,0.08398
3469,-0.01482,0.07904
3470,0.0,0.06422
3471,-0.0247,0.06916
3472,-0.02964,0.08892
3473,-0.01976,0.09386
3474,-0.0247,0.13832
3475,0.00988,0.15808
3476,0.01976,0.13338
3477,0.00988,0.06916
3478,0.00494,0.0494
3479,0.00988,0.01976
3480,0.00988,0.03952
3481,0.01482,0.01482
3482,0.01976,0.00494
3483,0.01482,0.01482
3484,-0.04446,0.01976
3485,-0.03458,0.01976
3486,0.28158,0.01482
3487,1.0127,0.10374
3488,1.6401,0.30628
3489,1.4079,0.36556
3490,0.85462,0.04446
3491,0.3705,-0.79534
3492,-0.1482,-1.0917
3493,-0.16302,-0.80028
3494,-0.09386,-0.5187
3495,-0.03458,-0.29146
3496,-0.02964,-0.0988
3497,-0.03952,-0.02964
3498,-0.07904,-0.00494
3499,-0.0741,0.00988
3500,-0.0494,0.00988
3501,-0.01482,0.02964
3502,0.00988,0.06916
3503,0.00988,0.09386
3504,0.01482,0.06916
3505,0.0247,0.00988
3506,0.01482,-0.01482
3507,0.01976,-0.00988
3508,-0.00494,-0.0247
3509,-0.03458,-0.01482
3510,-0.03952,-0.00988
3511,-0.04446,0.00494
3512,-0.06916,0.00494
3513,-0.02964,-0.00494
3514,-0.00494,-0.00988
3515,-0.02964,0.01976
3516,-0.01976,0.05434
3517,-0.05434,0.09386
3518,-0.09386,0.10868
3519,-0.11856,0.12844
3520,-0.13338,0.11856
3521,-0.15314,0.12844
3522,-0.14326,0.1235
3523,-0.12844,0.13338
3524,-0.08892,0.12844
3525,-0.0988,0.1235
3526,-0.05434,0.10868
3527,-0.06422,0.1235
3528,-0.01976,0.10868
3529,0.00988,0.10868
3530,0.03458,0.12844
3531,0.03952,0.14326
3532,0.03952,0.14326
3533,0.02964,0.0988
3534,0.0247,0.06422
3535,-0.00988,0.0494
3536,-0.03458,0.05434
3537,-0.06916,0.03458
3538,-0.02964,0.03458
3539,0.00988,0.02964
3540,0.05928,0.00988
3541,0.01482,0.0247
3542,0.00988,0.06916
3543,-0.00988,0.08398
3544,0.01482,0.07904
3545,-0.00988,0.06916
3546,0.0,0.05928
3547,-0.00494,0.05928
3548,-0.01482,0.06422
3549,-0.00988,0.0494
3550,0.0,0.04446
3551,-0.00988,0.04446
3552,-0.0247,0.02964
3553,-0.06422,0.01976
3554,-0.05928,0.0247
3555,-0.00988,0.02964
3556,0.03952,0.0494
3557,0.02964,0.10868
3558,0.02964,0.07904
3559,0.01976,0.04446
3560,0.00494,0.00988
3561,-0.01482,0.01482
3562,-0.06422,0.00494
3563,-0.0741,0.0247
3564,-0.06916,0.00988
3565,0.00494,-0.01976
3566,0.03952,-0.01976
3567,0.03952,0.0
3568,-0.00494,0.01976
3569,0.05434,0.03952
3570,0.45942,0.01976
3571,1.2498,0.17784
3572,1.6845,0.3952
3573,1.2795,0.40508
3574,0.72124,-0.2223
3575,0.18772,-1.1263
3576,-0.25194,-1.1609
3577,-0.17784,-0.80522
3578,-0.10868,-0.50882
3579,-0.0988,-0.28652
3580,-0.09386,-0.11856
3581,-0.0494,-0.04446
3582,-0.0247,0.0247
3583,-0.00988,0.05928
3584,-0.03458,0.05928
3585,-0.05434,0.03458
3586,-0.0988,0.00494
3587,-0.08892,-0.00988
3588,-0.11856,-0.00988
3589,-0.11362,-0.0247
3590,-0.1482,-0.01482
3591,-0.13338,-0.01482
3592,-0.1235,-0.01482
3593,-0.05928,-0.03458
3594,-0.03952,-0.03458
3595,-0.03458,-0.00988
3596,-0.02964,0.0247
3597,-0.04446,0.04446
3598,-0.03458,0.05928
3599,-0.02964,0.07904
3600,-0.03458,0.0988
3601,-0.03952,0.11856
3602,-0.03458,0.11856
3603,-0.0741,0.13832
3604,-0.02964,0.15808
3605,-0.01482,0.18278
3606,0.01482,0.21242
3607,-0.0247,0.21736
3608,0.00494,0.16302
3609,-0.00988,0.09386
3610,-0.03952,0.05928
3611,-0.0247,0.05434
3612,-0.0494,0.02964
3613,-0.06916,0.00494
3614,-0.08892,0.00494
3615,-0.10868,-0.00988
3616,-0.1235,-0.0247
3617,-0.10868,-0.03458
3618,-0.09386,-0.01976
3619,-0.10374,-0.01482
3620,-0.13338,0.00494
3621,-0.11856,0.01482
3622,-0.07904,0.03952
3623,0.01976,0.03952
3624,0.08892,0.0741
3625,0.11362,0.10374
3626,0.12844,0.1482
3627,0.10374,0.13338
3628,0.11856,0.0988
3629,0.0988,0.06916
3630,0.0494,0.04446
3631,0.02964,0.03952
3632,0.02964,0.0247
3633,0.01482,0.00988
3634,0.0,-0.01482
3635,-0.00494,-0.01976
3636,-0.03458,-0.02964
3637,-0.02964,-0.0247
3638,-0.06916,-0.02964
3639,-0.0741,-0.01976
3640,-0.10868,-0.01976
3641,-0.10868,-0.03952
3642,-0.1235,-0.0247
3643,-0.11362,-0.03458
3644,-0.12844,-0.01976
3645,-0.12844,-0.0247
3646,-0.13338,0.0
3647,-0.13832,0.00494
3648,-0.10374,0.01482
3649,-0.07904,0.01482
3650,0.00494,0.03952
3651,0.0741,0.06916
3652,0.11362,0.13832
3653,0.1235,0.16796
3654,0.12844,0.12844
3655,0.11856,0.08892
3656,0.0741,0.0494
3657,0.01976,0.00988
3658,0.10374,-0.0247
3659,0.48412,-0.00988
3660,1.2597,0.11362
3661,1.7438,0.31122
3662,1.235,0.33098
3663,0.58292,-0.23712
3664,-0.01482,-1.0819
3665,-0.3705,-1.2004
3666,-0.33592,-0.8892
3667,-0.1976,-0.6175
3668,-0.1729,-0.38038
3669,-0.1729,-0.18772
3670,-0.1729,-0.09386
3671,-0.20254,-0.05434
3672,-0.20254,-0.03458
3673,-0.16302,-0.03952
3674,-0.07904,-0.03952
3675,-0.03458,-0.01976
3676,-0.02964,0.01976
3677,-0.03952,0.04446
3678,-0.02964,0.07904
3679,-0.06916,0.0988
3680,-0.00988,0.08398
3681,0.02964,0.11362
3682,0.00988,0.13832
3683,-0.00494,0.14326
3684,-0.03458,0.11856
3685,-0.0494,0.06422
3686,-0.05928,0.02964
3687,-0.06916,0.00494
3688,-0.11362,-0.00494
3689,-0.1482,-0.02964
3690,-0.1976,-0.02964
3691,-0.24206,-0.00988
3692,-0.2717,-0.01976
3693,-0.23712,-0.03458
3694,-0.29146,-0.0247
3695,-0.32604,0.0
3696,-0.31616,0.01976
3697,-0.26182,-0.00988
3698,-0.1976,0.00494
3699,-0.13338,0.0
3700,-0.10374,0.01482
3701,-0.08892,0.0494
3702,-0.05928,0.07904
3703,-0.01976,0.10374
3704,0.01482,0.13338
3705,0.01482,0.1729
3706,0.0,0.15808
3707,-0.01482,0.11856
3708,-0.05434,0.08398
3709,-0.06422,0.03952
3710,-0.06916,0.00494
3711,-0.09386,0.0
3712,-0.07904,-0.0247
3713,-0.0988,-0.03458
3714,-0.1235,-0.04446
3715,-0.11362,-0.02964
3716,-0.13338,-0.0247
3717,-0.13338,-0.0247
3718,-0.1729,-0.00988
3719,-0.1729,-0.01482
3720,-0.16796,-0.01976
3721,-0.10868,-0.03458
3722,-0.0494,-0.02964
3723,0.0,0.00988
3724,0.06422,0.08892
3725,0.12844,0.1235
3726,0.12844,0.1235
3727,0.03952,0.0988
3728,0.01976,0.08398
3729,0.26182,0.03952
3730,0.85462,0.08398
3731,1.5413,0.26676
3732,1.4721,0.39026
3733,0.82992,0.17784
3734,0.1729,-0.56316
3735,-0.37544,-1.1313
3736,-0.36062,-0.92872
3737,-0.26182,-0.67184
3738,-0.18772,-0.43966
3739,-0.18278,-0.2223
3740,-0.1729,-0.1235
3741,-0.1729,-0.08398
3742,-0.18278,-0.06916
3743,-0.1976,-0.03952
3744,-0.20748,-0.03952
3745,-0.19266,-0.0494
3746,-0.10374,-0.03952
3747,-0.01482,-0.01482
3748,0.00988,0.01976
3749,0.0247,0.05434
3750,0.04446,0.01976
3751,0.06422,-0.00988
3752,0.06422,-0.01482
3753,0.04446,-0.01976
3754,0.04446,-0.01976
3755,0.0247,-0.00494
3756,0.0,-0.00494
3757,0.01482,-0.01482
3758,-0.03952,-0.00988
3759,-0.04446,0.00988
3760,-0.07904,0.00988
3761,-0.10868,0.00988
3762,-0.14326,0.01976
3763,-0.16796,0.01976
3764,-0.19266,0.00988
3765,-0.20748,0.0
3766,-0.23712,0.00988
3767,-0.25194,0.02964
3768,-0.2717,0.05928
3769,-0.2223,0.06916
3770,-0.13338,0.0988
3771,-0.09386,0.08892
3772,-0.05434,0.04446
3773,-0.04446,0.00494
3774,-0.05434,-0.01482
3775,-0.06422,0.0
3776,-0.02964,-0.01482
3777,-0.03952,-0.02964
3778,-0.02964,-0.0247
3779,-0.03458,-0.01482
3780,-0.06422,-0.01482
3781,-0.07904,0.0
3782,-0.03458,-0.00988
3783,-0.06916,-0.00988
3784,-0.06422,-0.01482
3785,-0.06422,-0.00494
3786,-0.05434,-0.01482
3787,-0.04446,-0.01976
3788,-0.05434,0.0
3789,-0.05928,0.0
3790,-0.05928,0.01976
3791,-0.04446,0.06916
3792,-0.05928,0.10868
3793,-0.05434,0.09386
3794,-0.03458,0.04446
3795,0.00988,-0.00494
3796,-0.04446,-0.01976
3797,-0.06916,-0.01976
3798,0.2223,-0.03458
3799,0.92378,0.03458
3800,1.5907,0.28652
3801,1.4178,0.37544
3802,0.77558,0.01482
3803,0.2223,-0.76076
3804,-0.247,-1.1411
3805,-0.33098,-0.94848
3806,-0.23712,-0.63232
3807,-0.18278,-0.37544
3808,-0.14326,-0.16302
3809,-0.13832,-0.06422
3810,-0.16302,-0.02964
3811,-0.1729,-0.01482
3812,-0.13338,0.00494
3813,-0.11856,0.04446
3814,-0.11362,0.06916
3815,-0.1235,0.04446
3816,-0.0988,-0.01976
3817,-0.06916,-0.05928
3818,-0.04446,-0.06422
3819,-0.03458,-0.03952
3820,-0.00494,-0.03952
3821,-0.01482,-0.0247
3822,0.0,-0.0247
3823,-0.01482,-0.01482
3824,-0.03458,0.00494
3825,-0.05928,0.01976
3826,-0.06916,0.01482
3827,-0.11362,0.02964
3828,-0.11362,0.0247
3829,-0.13338,0.01482
3830,-0.13338,0.04446
3831,-0.20254,0.06916
3832,-0.18772,0.08398
3833,-0.21736,0.07904
3834,-0.17784,0.10374
3835,-0.14326,0.1482
3836,-0.13832,0.19266
3837,-0.1482,0.15314
3838,-0.13338,0.0988
3839,-0.12844,0.03952
3840,-0.05391,0.27166
3841,-0.06589,0.30056
3842,-0.08386,0.3179
3843,-0.04792,0.3468
3844,-0.06589,0.35836
3845,-0.07787,0.35258
3846,-0.07188,0.35836
3847,-0.09584,0.33524
3848,-0.02995,0.30056
3849,-0.05391,0.27744
3850,-0.05391,0.24276
3851,-0.05391,0.20808
3852,-0.09584,0.19652
3853,-0.04792,0.15606
3854,-0.07188,0.15028
3855,-0.08985,0.13294
3856,-0.07787,0.10982
3857,-0.08985,0.10982
3858,-0.05391,0.09248
3859,-0.0599,0.08092
3860,-0.01198,0.06358
3861,0.0,0.06936
3862,0.05391,0.32946
3863,0.45524,0.07514
3864,0.14376,-0.99994
3865,-0.33544,-1.8554
3866,-0.08386,-1.7976
3867,0.20965,-0.94214
3868,0.2995,-0.3468
3869,0.07787,-0.0867
3870,-0.09584,-0.01734
3871,-0.18569,0.02312
3872,-0.22762,0.06358
3873,-0.22762,0.07514
3874,-0.20366,0.10982
3875,-0.20965,0.13294
3876,-0.19168,0.15028
3877,-0.19168,0.1734
3878,-0.16772,0.20808
3879,-0.14376,0.2312
3880,-0.11381,0.27166
3881,-0.10782,0.29478
3882,-0.08985,0.32946
3883,-0.07188,0.3468
3884,-0.0599,0.32368
3885,-0.04193,0.3179
3886,-0.01797,0.29478
3887,0.0,0.289
3888,0.04193,0.27744
3889,0.02995,0.26588
3890,0.04792,0.21386
3891,0.02396,0.1734
3892,-0.01198,0.13872
3893,-0.04193,0.09826
3894,-0.06589,0.06936
3895,-0.07188,0.06358
3896,-0.10782,0.0289
3897,-0.10782,0.00578
3898,-0.10782,0.00578
3899,-0.11381,0.0
3900,-0.13178,-0.00578
3901,-0.1198,0.01156
3902,-0.20965,0.12716
3903,0.01797,0.13294
3904,0.47321,-0.48552
3905,0.13777,-1.341
3906,-0.05391,-2.0057
3907,0.20965,-1.4623
3908,0.26955,-0.64736
3909,0.28153,-0.21964
3910,0.13178,-0.01734
3911,0.00599,0.03468
3912,-0.01198,0.0578
3913,-0.01797,0.10404
3914,0.01797,0.17918
3915,0.01198,0.19652
3916,0.02995,0.19652
3917,0.01797,0.18496
3918,0.03594,0.2023
3919,0.02396,0.21386
3920,0.0,0.2312
3921,-0.00599,0.25432
3922,0.00599,0.289
3923,-0.01198,0.32946
3924,0.02396,0.34102
3925,0.00599,0.34102
3926,0.01198,0.35836
3927,0.01797,0.32946
3928,0.00599,0.30634
3929,0.05391,0.2601
3930,0.04193,0.2312
3931,0.04193,0.21386
3932,0.02396,0.18496
3933,0.00599,0.17918
3934,0.02995,0.16184
3935,-0.00599,0.16184
3936,0.00599,0.12138
3937,0.03594,0.08092
3938,0.05391,0.08092
3939,0.06589,0.09248
3940,0.08985,0.0867
3941,0.08386,0.06936
3942,0.08985,0.06358
3943,0.06589,0.05202
3944,0.02396,0.05202
3945,0.01797,0.04046
3946,0.00599,0.06936
3947,-0.10183,0.12138
3948,-0.13178,0.27166
3949,0.41331,-0.01734
3950,0.3594,-1.1098
3951,-0.08386,-1.8149
3952,0.0599,-1.7745
3953,0.32346,-0.96526
3954,0.42529,-0.28322
3955,0.33544,0.03468
3956,0.13777,0.09826
3957,0.02995,0.12138
3958,0.00599,0.12716
3959,0.0,0.15028
3960,0.0,0.16762
3961,0.01797,0.16762
3962,0.00599,0.2023
3963,0.02396,0.20808
3964,0.01797,0.2312
3965,0.0599,0.26588
3966,0.06589,0.29478
3967,0.06589,0.32946
3968,0.08985,0.36992
3969,0.09584,0.3757
3970,0.07787,0.38148
3971,0.04792,0.39304
3972,0.04792,0.36414
3973,0.00599,0.3468
3974,0.03594,0.3179
3975,0.02995,0.26588
3976,0.01797,0.24276
3977,0.02396,0.21386
3978,0.02995,0.17918
3979,-0.00599,0.16762
3980,0.0,0.15606
3981,0.01198,0.13872
3982,0.0,0.13294
3983,0.03594,0.13294
3984,0.02396,0.13872
3985,0.02995,0.21964
3986,0.18569,0.4335
3987,0.3594,-0.13294
3988,-0.04792,-1.3467
3989,-0.14975,-1.9536
3990,0.24559,-1.4623
3991,0.43727,-0.6358
3992,0.35341,-0.17918
3993,0.1198,-0.04624
3994,0.10782,0.01156
3995,0.09584,0.06936
3996,0.07188,0.10982
3997,0.04193,0.12138
3998,0.02396,0.15028
3999,0.01797,0.17918
4000,0.01797,0.19652
4001,0.01198,0.21386
4002,0.00599,0.25432
4003,0.01198,0.289
4004,0.00599,0.33524
4005,0.02995,0.36992
4006,0.01198,0.38148
4007,0.00599,0.4046
4008,0.00599,0.39882
4009,0.01797,0.38726
4010,0.00599,0.36992
4011,0.03594,0.35258
4012,0.03594,0.289
4013,0.02396,0.2601
4014,0.02396,0.21386
4015,-0.01198,0.2023
4016,0.02396,0.1445
4017,-0.00599,0.10982
4018,0.03594,0.09826
4019,0.07188,0.10404
4020,0.05391,0.1156
4021,0.04792,0.10982
4022,0.08386,0.13872
4023,0.04792,0.1445
4024,0.01797,0.1445
4025,-0.01198,0.12716
4026,-0.05391,0.15028
4027,-0.02995,0.15028
4028,-0.07787,0.15606
4029,-0.08985,0.16184
4030,-0.06589,0.16762
4031,-0.05391,0.19074
4032,-0.08386,0.16762
4033,-0.07188,0.16184
4034,-0.06589,0.16762
4035,-0.07787,0.16762
4036,-0.06589,0.13294
4037,-0.09584,0.16762
4038,-0.10183,0.1445
4039,-0.25158,0.16184
4040,-0.16173,0.20808
4041,0.40133,-0.16184
4042,0.16173,-1.1329
4043,-0.10782,-1.8612
4044,0.13178,-1.5144
4045,0.23361,-0.77452
4046,0.32945,-0.35836
4047,0.32945,-0.06358
4048,0.13777,0.0289
4049,0.07188,0.05202
4050,0.05391,0.07514
4051,0.02995,0.09826
4052,-0.01797,0.10404
4053,-0.04792,0.12716
4054,-0.04792,0.13294
4055,-0.04193,0.16762
4056,-0.04792,0.19074
4057,-0.02995,0.21964
4058,0.01797,0.25432
4059,0.0,0.3179
4060,0.04193,0.33524
4061,0.01797,0.35836
4062,0.02995,0.38148
4063,0.04193,0.3757
4064,0.04193,0.39304
4065,0.04193,0.36992
4066,0.0599,0.34102
4067,0.08386,0.30634
4068,0.05391,0.25432
4069,0.07787,0.2023
4070,0.07188,0.16762
4071,0.08985,0.13294
4072,0.08386,0.13294
4073,0.11381,0.1445
4074,0.1198,0.1445
4075,0.08386,0.1445
4076,0.0599,0.10404
4077,0.04792,0.1156
4078,0.04193,0.1156
4079,0.02995,0.12138
4080,-0.01198,0.12138
4081,-0.01797,0.10982
4082,-0.00599,0.10404
4083,-0.05391,0.13294
4084,-0.07787,0.12716
4085,-0.05391,0.12716
4086,-0.07188,0.13872
4087,-0.07188,0.1445
4088,-0.07188,0.12716
4089,-0.07787,0.1156
4090,-0.10183,0.09826
4091,-0.07787,0.12138
4092,-0.10183,0.13294
4093,-0.19168,0.16762
4094,-0.14376,0.13872
4095,0.38336,-0.21386
4096,0.16173,-1.1213
4097,-0.09584,-1.7687
4098,0.16173,-1.4623
4099,0.28752,-0.77452
4100,0.44326,-0.35836
4101,0.38336,-0.0578
4102,0.21564,0.0289
4103,0.10782,0.04624
4104,0.11381,0.0578
4105,0.08985,0.06936
4106,0.08386,0.0867
4107,0.05391,0.09826
4108,0.02396,0.13294
4109,0.05391,0.12138
4110,0.03594,0.15606
4111,0.02995,0.18496
4112,0.05391,0.21964
4113,0.07787,0.26588
4114,0.07188,0.30634
4115,0.10183,0.34102
4116,0.08985,0.35836
4117,0.09584,0.36992
4118,0.11381,0.36992
4119,0.08386,0.36992
4120,0.11381,0.3179
4121,0.10183,0.289
4122,0.10782,0.25432
4123,0.08985,0.2023
4124,0.08386,0.18496
4125,0.07787,0.15606
4126,0.08985,0.12716
4127,0.10183,0.1156
4128,0.13777,0.09826
4129,0.13178,0.09248
4130,0.12579,0.07514
4131,0.1198,0.09248
4132,0.10782,0.0867
4133,0.09584,0.09248
4134,0.0599,0.09248
4135,0.04193,0.10404
4136,0.04792,0.09826
4137,0.0,0.09826
4138,-0.00599,0.10982
4139,-0.00599,0.10982
4140,-0.02995,0.10982
4141,0.00599,0.09826
4142,-0.04193,0.10982
4143,-0.03594,0.10982
4144,-0.07188,0.12716
4145,-0.23361,0.2023
4146,0.25757,0.05202
4147,0.45524,-0.8381
4148,0.00599,-1.6993
4149,0.02396,-1.8901
4150,0.24559,-1.156
4151,0.34742,-0.47974
4152,0.37138,-0.13294
4153,0.19168,-0.01156
4154,0.1198,0.0289
4155,0.13777,0.10404
4156,0.14376,0.09248
4157,0.13178,0.09248
4158,0.1198,0.10404
4159,0.11381,0.12138
4160,0.11381,0.16184
4161,0.07787,0.16762
4162,0.08985,0.20808
4163,0.0599,0.2312
4164,0.04792,0.26588
4165,0.05391,0.32368
4166,0.07188,0.36414
4167,0.08386,0.38726
4168,0.08386,0.39882
4169,0.07787,0.38726
4170,0.07188,0.39304
4171,0.0599,0.36414
4172,0.08386,0.32368
4173,0.06589,0.28322
4174,0.05391,0.24276
4175,0.04792,0.21964
4176,0.01198,0.18496
4177,0.02396,0.15606
4178,0.02995,0.13872
4179,0.0,0.12716
4180,-0.00599,0.0867
4181,0.01797,0.08092
4182,0.06589,0.06936
4183,0.10183,0.08092
4184,0.09584,0.0867
4185,0.10782,0.0867
4186,0.10782,0.10404
4187,0.10782,0.09826
4188,0.06589,0.09248
4189,0.00599,0.0867
4190,-0.00599,0.09826
4191,-0.01198,0.10982
4192,-0.02396,0.09248
4193,-0.02995,0.07514
4194,-0.05391,0.08092
4195,-0.04193,0.09826
4196,-0.12579,0.15028
4197,-0.26356,0.20808
4198,0.32945,-0.0578
4199,0.36539,-1.0231
4200,-0.09584,-1.8091
4201,0.03594,-1.8438
4202,0.23361,-1.0404
4203,0.35341,-0.39882
4204,0.26356,-0.07514
4205,0.07188,0.01156
4206,0.02396,0.01156
4207,-0.01198,0.02312
4208,0.02396,0.0578
4209,0.08985,0.09826
4210,0.08985,0.10404
4211,0.10183,0.1156
4212,0.08386,0.12138
4213,0.10183,0.13294
4214,0.08386,0.18496
4215,0.06589,0.22542
4216,0.04792,0.27166
4217,0.01797,0.30056
4218,0.02995,0.33524
4219,0.00599,0.36992
4220,0.05391,0.36992
4221,0.03594,0.36992
4222,0.04193,0.35836
4223,0.05391,0.3179
4224,0.02396,0.29478
4225,0.06589,0.24854
4226,0.03594,0.22542
4227,0.01797,0.17918
4228,0.02396,0.1445
4229,0.0,0.13872
4230,0.02396,0.12138
4231,0.01198,0.12138
4232,-0.01198,0.0867
4233,-0.01198,0.06936
4234,0.01198,0.05202
4235,0.06589,0.05202
4236,0.07787,0.06358
4237,0.13178,0.06358
4238,0.10782,0.0867
4239,0.13178,0.09248
4240,0.09584,0.08092
4241,0.07188,0.07514
4242,0.04193,0.07514
4243,-0.01198,0.08092
4244,-0.04193,0.06358
4245,-0.02995,0.07514
4246,-0.12579,0.10404
4247,-0.20366,0.33524
4248,0.2995,-0.09826
4249,0.22762,-1.1329
4250,-0.20965,-1.9421
4251,0.01797,-1.8901
4252,0.21564,-0.9248
4253,0.31148,-0.36992
4254,0.24559,-0.02312
4255,0.03594,0.08092
4256,-0.02995,0.06936
4257,-0.06589,0.08092
4258,-0.0599,0.08092
4259,-0.05391,0.09826
4260,-0.0599,0.10404
4261,-0.01198,0.1156
4262,0.04193,0.15028
4263,0.10183,0.18496
4264,0.11381,0.20808
4265,0.09584,0.22542
4266,0.1198,0.27166
4267,0.10782,0.32368
4268,0.08386,0.35836
4269,0.02995,0.3757
4270,0.02396,0.35836
4271,0.00599,0.36992
4272,0.01198,0.34102
4273,0.03594,0.30056
4274,0.01198,0.2601
4275,-0.00599,0.22542
4276,-0.01797,0.2023
4277,-0.02396,0.16762
4278,-0.0599,0.1445
4279,-0.08985,0.13872
4280,-0.08985,0.10404
4281,-0.10782,0.1156
4282,-0.08985,0.09826
4283,-0.10183,0.09248
4284,-0.13777,0.0867
4285,-0.12579,0.06936
4286,-0.09584,0.0578
4287,-0.03594,0.05202
4288,-0.00599,0.0578
4289,0.02396,0.04624
4290,0.02396,0.06936
4291,-0.01797,0.06936
4292,0.00599,0.04046
4293,-0.02396,0.0289
4294,-0.08985,0.0578
4295,-0.16173,0.05202
4296,-0.21564,0.03468
4297,-0.16173,0.04046
4298,-0.20366,0.05202
4299,-0.24559,0.04046
4300,-0.4193,0.1445
4301,-0.25757,0.18496
4302,0.23361,-0.38726
4303,-0.06589,-1.3178
4304,-0.34143,-1.9536
4305,-0.04792,-1.5201
4306,0.10183,-0.76874
4307,0.15574,-0.32368
4308,0.00599,-0.05202
4309,-0.18569,0.04046
4310,-0.22163,0.02312
4311,-0.25158,0.01734
4312,-0.22762,0.0
4313,-0.20366,0.0289
4314,-0.1797,0.0289
4315,-0.14975,0.04624
4316,-0.10782,0.10982
4317,-0.10782,0.10404
4318,-0.12579,0.13294
4319,-0.12579,0.19074
4320,-0.11381,0.2023
4321,-0.12579,0.24854
4322,-0.2396,0.30056
4323,-0.2396,0.35836
4324,-0.25158,0.32368
4325,-0.24559,0.31212
4326,-0.27554,0.29478
4327,-0.32945,0.3179
4328,-0.28153,0.2601
4329,-0.28153,0.22542
4330,-0.34143,0.17918
4331,-0.30549,0.15028
4332,-0.32945,0.17918
4333,-0.37138,0.13872
4334,-0.36539,0.10404
4335,-0.38336,0.0867
4336,-0.37737,0.07514
4337,-0.35341,0.07514
4338,-0.36539,0.06936
4339,-0.28752,0.06936
4340,-0.25158,0.16762
4341,0.01198,0.38726
4342,0.19767,-0.39304
4343,-0.38336,-1.3814
4344,-0.50316,-1.9825
4345,-0.03594,-1.2716
4346,0.02396,-0.5491
4347,-0.02396,-0.13872
4348,-0.26955,-0.04624
4349,-0.44925,0.0
4350,-0.45524,0.02312
4351,-0.46722,0.06936
4352,-0.44326,0.06358
4353,-0.56905,0.13294
4354,-0.58702,0.13872
4355,-0.55108,0.12138
4356,-0.52113,0.15606
4357,-0.42529,0.1734
4358,-0.50316,0.25432
4359,-0.52113,0.22542
4360,-0.58702,0.2601
4361,-0.54509,0.31212
4362,-0.34143,0.30634
4363,-0.44925,0.24276
4364,-0.4792,0.26588
4365,-0.43128,0.24854
4366,-0.42529,0.21964
4367,-0.2995,0.17918
4368,-0.33544,0.10404
4369,-0.35341,0.12138
4370,-0.41331,0.15028
4371,-0.31747,0.13872
4372,-0.29351,0.06358
4373,-0.40732,0.04046
4374,-0.42529,0.10404
4375,-0.49717,0.0867
4376,-0.5391,0.06358
4377,-0.58702,0.1156
4378,-0.54509,0.06358
4379,-0.61697,0.06936
4380,-0.62895,0.0867
4381,-0.56306,0.09248
4382,-0.44925,0.04046
4383,-0.64093,0.05202
4384,-0.83261,0.13294
4385,-0.74875,0.12138
4386,-0.70083,0.06936
4387,-0.80266,0.0867
4388,-0.64692,0.0578
4389,-0.64692,0.06358
4390,-0.69484,0.10404
4391,-0.72479,0.03468
4392,-0.64093,-0.00578
4393,-0.56905,-0.03468
4394,-0.61697,0.03468
4395,-0.55707,0.01734
4396,-0.60499,-0.00578
4397,-0.64093,0.03468
4398,-0.62296,0.03468
4399,-0.56905,0.01734
4400,-0.72479,0.01156
4401,-0.83261,0.02312
4402,-0.74875,0.01156
4403,-0.70682,0.01156
4404,-0.80266,0.06936
4405,-0.64692,0.0289
4406,-0.82063,0.0578
4407,-0.36539,0.15606
4408,-0.16173,-0.5202
4409,-0.67687,-1.4277
4410,-0.54509,-1.5953
4411,-0.2995,-0.94792
4412,-0.4792,-0.45662
4413,-0.29351,-0.13872
4414,-0.40732,-0.01156
4415,-0.58702,0.01734
4416,-0.53311,0.00578
4417,-0.61098,0.02312
4418,-0.50316,0.05202
4419,-0.44326,0.0289
4420,-0.37138,0.06358
4421,-0.38935,0.06936
4422,-0.4193,0.09826
4423,-0.34742,0.15606
4424,-0.35341,0.1445
4425,-0.30549,0.22542
4426,-0.2995,0.19074
4427,-0.3594,0.26588
4428,-0.44925,0.35836
4429,-0.40732,0.36992
4430,-0.38336,0.39882
4431,-0.40133,0.38148
4432,-0.43727,0.35836
4433,-0.3594,0.35836
4434,-0.35341,0.36414
4435,-0.34143,0.27166
4436,-0.34143,0.22542
4437,-0.46123,0.21964
4438,-0.40133,0.21386
4439,-0.44925,0.16184
4440,-0.38336,0.12716
4441,-0.37737,0.12138
4442,-0.40133,0.13294
4443,-0.39534,0.12138
4444,-0.28153,0.05202
4445,-0.31148,0.0289
4446,-0.24559,0.07514
4447,-0.1797,0.05202
4448,-0.13178,0.06936
4449,-0.1198,0.0867
4450,-0.08386,0.06358
4451,-0.13178,0.09248
4452,-0.19767,0.0867
4453,-0.24559,0.09826
4454,-0.14376,0.0867
4455,-0.20366,0.08092
4456,-0.22762,0.08092
4457,-0.21564,0.04624
4458,-0.17371,0.07514
4459,-0.31747,0.16762
4460,-0.23361,0.22542
4461,0.24559,-0.1734
4462,0.13777,-1.0635
4463,-0.15574,-1.6473
4464,0.09584,-1.4103
4465,0.19767,-0.76296
4466,0.38336,-0.28322
4467,0.25158,-0.06936
4468,0.01797,0.02312
4469,-0.01797,0.0
4470,-0.04193,-0.01734
4471,0.07188,0.0
4472,0.11381,-0.01156
4473,0.1198,0.06358
4474,0.19767,0.07514
4475,0.22163,0.09248
4476,0.10782,0.07514
4477,0.09584,0.15028
4478,0.11381,0.2023
4479,0.09584,0.2312
4480,0.12844,0.05928
4481,0.12844,0.05928
4482,0.16302,0.0494
4483,0.1729,0.03952
4484,0.16796,0.02964
4485,0.15314,0.0494
4486,0.17784,0.03952
4487,0.15314,0.05434
4488,0.12844,0.0494
4489,0.1482,0.05928
4490,0.16302,0.0741
4491,0.10868,0.0741
4492,0.04446,0.05434
4493,0.00494,0.03952
4494,-0.04446,0.05928
4495,-0.05928,0.06422
4496,-0.09386,0.06916
4497,-0.1235,0.06422
4498,-0.1482,0.08892
4499,-0.10868,0.09386
4500,-0.10868,0.09386
4501,-0.10374,0.08892
4502,-0.08892,0.09386
4503,-0.06916,0.0988
4504,-0.06916,0.11362
4505,-0.05434,0.1235
4506,-0.04446,0.11362
4507,-0.04446,0.1235
4508,-0.00988,0.10868
4509,-0.00988,0.11362
4510,-0.00988,0.10374
4511,-0.00494,0.11362
4512,0.01976,0.0988
4513,0.01976,0.10374
4514,-0.01976,0.09386
4515,-0.03952,0.10374
4516,0.0,0.11856
4517,0.03458,0.13832
4518,-0.03458,0.15808
4519,-0.06422,0.12844
4520,-0.0988,0.10374
4521,-0.10374,0.08892
4522,-0.12844,0.09386
4523,-0.14326,0.08892
4524,-0.16302,0.0988
4525,-0.17784,0.0988
4526,-0.1729,0.0988
4527,-0.17784,0.10374
4528,-0.1729,0.0988
4529,-0.13338,0.10374
4530,-0.11856,0.10868
4531,-0.11856,0.10868
4532,-0.11362,0.0988
4533,-0.1235,0.10868
4534,-0.10374,0.11362
4535,-0.1235,0.0988
4536,-0.08398,0.08398
4537,-0.08892,0.10374
4538,-0.14326,0.09386
4539,-0.04446,0.1235
4540,0.41002,0.11856
4541,0.97812,0.01482
4542,1.1411,-0.21242
4543,0.70642,-0.49894
4544,0.27664,-0.40014
4545,0.03458,-0.0988
4546,-0.10374,0.01482
4547,-0.10374,0.0494
4548,-0.16796,0.06422
4549,-0.16796,0.05434
4550,-0.20254,0.08892
4551,-0.16796,0.09386
4552,-0.19266,0.08892
4553,-0.15808,0.08892
4554,-0.16796,0.08398
4555,-0.15808,0.10374
4556,-0.13832,0.11856
4557,-0.14326,0.10868
4558,-0.15808,0.10374
4559,-0.1482,0.11856
4560,-0.08892,0.0988
4561,-0.0741,0.09386
4562,-0.05928,0.0988
4563,-0.04446,0.11856
4564,0.01482,0.12844
4565,0.03952,0.08892
4566,0.01482,0.05434
4567,0.00494,0.0494
4568,0.02964,0.03952
4569,0.01482,0.04446
4570,-0.01482,0.01976
4571,-0.03458,0.04446
4572,-0.01482,0.03952
4573,-0.00494,0.03952
4574,0.0,0.03458
4575,0.0247,0.06422
4576,0.05434,0.03952
4577,0.04446,0.03458
4578,0.08398,0.03458
4579,0.10374,0.03458
4580,0.0988,0.03952
4581,0.11856,0.03952
4582,0.11856,0.03458
4583,0.14326,0.03952
4584,0.1235,0.04446
4585,0.11362,0.0494
4586,0.12844,0.06422
4587,0.11856,0.05928
4588,0.09386,0.0741
4589,0.05928,0.0741
4590,0.02964,0.05434
4591,-0.00494,0.06422
4592,-0.05928,0.05928
4593,-0.07904,0.04446
4594,-0.07904,0.05928
4595,-0.11362,0.06916
4596,-0.10868,0.07904
4597,-0.11856,0.08398
4598,-0.15314,0.07904
4599,-0.16796,0.08892
4600,-0.17784,0.10374
4601,-0.15808,0.11362
4602,-0.1729,0.11856
4603,-0.13832,0.10868
4604,-0.12844,0.0988
4605,-0.10374,0.0988
4606,-0.10374,0.11362
4607,-0.07904,0.11856
4608,-0.0741,0.11362
4609,-0.06422,0.14326
4610,-0.05434,0.1482
4611,-0.00988,0.14326
4612,-0.01482,0.10868
4613,-0.06422,0.09386
4614,-0.04446,0.09386
4615,-0.0494,0.08398
4616,-0.06916,0.06916
4617,-0.13338,0.0741
4618,-0.08892,0.0741
4619,-0.09386,0.08892
4620,-0.08398,0.08398
4621,-0.11856,0.08398
4622,-0.08892,0.09386
4623,-0.11362,0.09386
4624,-0.11856,0.09386
4625,-0.13338,0.0988
4626,-0.10374,0.11362
4627,-0.13832,0.12844
4628,-0.23218,0.0988
4629,-0.2964,0.10868
4630,0.04446,0.12844
4631,0.6916,0.08398
4632,1.2004,-0.06422
4633,0.9386,-0.28158
4634,0.41496,-0.38038
4635,0.11362,-0.06916
4636,-0.07904,0.08398
4637,-0.12844,0.06916
4638,-0.13832,0.08398
4639,-0.14326,0.09386
4640,-0.11362,0.09386
4641,-0.11362,0.09386
4642,-0.11856,0.08398
4643,-0.13338,0.0988
4644,-0.0741,0.09386
4645,-0.08892,0.08892
4646,-0.08398,0.0988
4647,-0.10374,0.0988
4648,-0.10868,0.08892
4649,-0.0988,0.0988
4650,-0.10374,0.10374
4651,-0.08892,0.10374
4652,-0.08398,0.11856
4653,-0.05434,0.11362
4654,-0.09386,0.1235
4655,-0.08398,0.1235
4656,-0.05928,0.10868
4657,-0.02964,0.11362
4658,0.0,0.12844
4659,0.02964,0.11362
4660,0.02964,0.08892
4661,0.0,0.08398
4662,0.03952,0.05928
4663,0.02964,0.04446
4664,0.0494,0.02964
4665,0.06422,0.00988
4666,0.07904,0.00988
4667,0.0988,0.0247
4668,0.11362,0.02964
4669,0.11362,0.00988
4670,0.11362,0.03458
4671,0.1482,0.02964
4672,0.13338,0.00988
4673,0.13832,0.01482
4674,0.10374,0.03458
4675,0.06422,0.03952
4676,0.05928,0.03458
4677,0.01976,0.05434
4678,0.0,0.06422
4679,-0.0247,0.08398
4680,-0.0247,0.09386
4681,-0.06422,0.1235
4682,-0.06422,0.13832
4683,-0.06422,0.15808
4684,-0.05928,0.13338
4685,-0.06422,0.10374
4686,-0.10868,0.10868
4687,-0.1235,0.10374
4688,-0.1235,0.10374
4689,-0.10374,0.0988
4690,-0.1235,0.10374
4691,-0.11362,0.0988
4692,-0.0988,0.08892
4693,-0.10868,0.10374
4694,-0.08892,0.10374
4695,-0.08892,0.10868
4696,-0.09386,0.09386
4697,-0.10868,0.11856
4698,-0.07904,0.10868
4699,-0.0741,0.10868
4700,-0.08398,0.11362
4701,-0.0988,0.10374
4702,-0.10868,0.10868
4703,-0.08892,0.11856
4704,-0.0741,0.10868
4705,-0.0741,0.11856
4706,-0.06916,0.15314
4707,-0.02964,0.1729
4708,-0.05434,0.13832
4709,-0.0741,0.1235
4710,-0.08892,0.10868
4711,-0.12844,0.12844
4712,-0.10868,0.0988
4713,-0.13338,0.10868
4714,-0.13338,0.09386
4715,-0.14326,0.10374
4716,-0.13338,0.10868
4717,-0.12844,0.10868
4718,-0.11856,0.11362
4719,-0.11856,0.11362
4720,-0.11362,0.1235
4721,-0.10868,0.10868
4722,-0.10868,0.11362
4723,-0.11856,0.11856
4724,-0.13338,0.11856
4725,-0.0741,0.11362
4726,-0.11362,0.1235
4727,-0.12844,0.11362
4728,-0.13338,0.11362
4729,-0.14326,0.11362
4730,-0.11856,0.11856
4731,-0.08398,0.13338
4732,-0.0741,0.13832
4733,-0.06916,0.16302
4734,-0.0494,0.1482
4735,-0.0741,0.12844
4736,-0.08398,0.11856
4737,-0.12844,0.1235
4738,-0.08398,0.0988
4739,-0.08398,0.0988
4740,-0.07904,0.0988
4741,-0.09386,0.10868
4742,-0.07904,0.10374
4743,-0.10374,0.1235
4744,-0.10868,0.10868
4745,-0.0988,0.11362
4746,-0.10868,0.1235
4747,-0.10374,0.10374
4748,-0.08892,0.11362
4749,-0.10374,0.11362
4750,-0.10868,0.11362
4751,-0.10868,0.11856
4752,-0.12844,0.11362
4753,-0.13338,0.0988
4754,-0.14326,0.11856
4755,-0.08398,0.10868
4756,-0.07904,0.11856
4757,-0.11362,0.10868
4758,-0.15808,0.14326
4759,0.02964,0.11362
4760,0.55822,0.06916
4761,1.0967,-0.08892
4762,1.0522,-0.3211
4763,0.58786,-0.55822
4764,0.22724,-0.30628
4765,-0.01482,-0.0494
4766,-0.0988,0.02964
4767,-0.08398,0.08398
4768,-0.10868,0.0741
4769,-0.10868,0.08892
4770,-0.10868,0.08398
4771,-0.11856,0.10374
4772,-0.10868,0.10868
4773,-0.11362,0.09386
4774,-0.10374,0.10374
4775,-0.14326,0.1235
4776,-0.11856,0.10868
4777,-0.13832,0.11856
4778,-0.13832,0.11362
4779,-0.14326,0.1235
4780,-0.08398,0.13832
4781,-0.09386,0.1235
4782,-0.10374,0.08892
4783,-0.11362,0.09386
4784,-0.09386,0.0741
4785,-0.10374,0.06422
4786,-0.08892,0.05434
4787,-0.08892,0.06422
4788,-0.0247,0.06422
4789,-0.00988,0.05928
4790,0.00494,0.05928
4791,0.00988,0.05434
4792,0.0494,0.05434
4793,0.07904,0.05928
4794,0.09386,0.0494
4795,0.10868,0.03952
4796,0.13832,0.03952
4797,0.13338,0.03458
4798,0.15314,0.03458
4799,0.1482,0.0494
4800,0.17784,0.05928
4801,0.19266,0.05928
4802,0.18278,0.03952
4803,0.16796,0.02964
4804,0.16796,0.00988
4805,0.11362,0.00494
4806,0.06422,0.00494
4807,0.0247,0.0
4808,-0.00988,0.01976
4809,-0.02964,0.0247
4810,-0.03952,0.0247
4811,-0.05928,0.0494
4812,-0.05928,0.05434
4813,-0.05928,0.07904
4814,-0.06916,0.08892
4815,-0.05928,0.0741
4816,-0.06916,0.09386
4817,-0.0494,0.09386
4818,-0.03458,0.09386
4819,-0.05434,0.09386
4820,-0.0494,0.10374
4821,-0.02964,0.09386
4822,-0.0247,0.10868
4823,-0.03458,0.0988
4824,-0.01976,0.12844
4825,-0.01482,0.13338
4826,0.0247,0.15314
4827,0.01482,0.13338
4828,-0.0247,0.11856
4829,-0.02964,0.0741
4830,-0.08398,0.06916
4831,-0.09386,0.06422
4832,-0.10374,0.07904
4833,-0.0988,0.0741
4834,-0.11856,0.06422
4835,-0.11856,0.06422
4836,-0.1235,0.08398
4837,-0.11362,0.09386
4838,-0.10374,0.09386
4839,-0.11362,0.08398
4840,-0.0988,0.09386
4841,-0.09386,0.0988
4842,-0.06916,0.10374
4843,-0.06422,0.08892
4844,-0.08892,0.10868
4845,-0.03952,0.08892
4846,-0.03458,0.0988
4847,-0.0494,0.0988
4848,-0.01976,0.10374
4849,-0.01482,0.10868
4850,0.00988,0.11856
4851,-0.00494,0.10374
4852,-0.01482,0.08398
4853,-0.02964,0.0741
4854,-0.03952,0.05434
4855,-0.08892,0.05928
4856,-0.11362,0.05928
4857,-0.1482,0.0741
4858,-0.15808,0.07904
4859,-0.1729,0.08398
4860,-0.12844,0.08892
4861,-0.15314,0.0741
4862,-0.15808,0.0741
4863,-0.1976,0.11362
4864,-0.16302,0.10374
4865,-0.13832,0.11856
4866,-0.14326,0.11362
4867,-0.13338,0.10868
4868,-0.11362,0.11362
4869,-0.13338,0.11856
4870,-0.10374,0.10374
4871,-0.09386,0.11856
4872,-0.07904,0.11362
4873,-0.04446,0.11362
4874,-0.06916,0.1235
4875,-0.05928,0.13338
4876,-0.05928,0.1235
4877,-0.08398,0.12844
4878,-0.09386,0.11856
4879,-0.05434,0.07904
4880,-0.11856,0.04446
4881,-0.20254,0.03952
4882,-0.1976,0.05434
4883,0.21736,0.06422
4884,0.79534,-0.00988
4885,1.0967,-0.21736
4886,0.69654,-0.494
4887,0.24206,-0.494
4888,-0.00988,-0.16796
4889,-0.13338,-0.0247
4890,-0.13338,0.02964
4891,-0.10868,0.07904
4892,-0.11362,0.0741
4893,-0.08892,0.0741
4894,-0.08892,0.09386
4895,-0.06422,0.0988
4896,-0.06916,0.08892
4897,-0.08892,0.0988
4898,-0.0741,0.10868
4899,-0.05434,0.11856
4900,-0.08892,0.11856
4901,-0.13338,0.1235
4902,-0.13338,0.11856
4903,-0.11362,0.08892
4904,-0.10868,0.05928
4905,-0.13832,0.07904
4906,-0.1729,0.0741
4907,-0.12844,0.06916
4908,-0.13338,0.07904
4909,-0.16302,0.07904
4910,-0.13338,0.06916
4911,-0.09386,0.08398
4912,-0.05434,0.06916
4913,-0.03952,0.07904
4914,-0.01482,0.06916
4915,0.03458,0.06422
4916,0.06916,0.08398
4917,0.09386,0.05434
4918,0.10868,0.06422
4919,0.12844,0.0741
4920,0.1235,0.0494
4921,0.1482,0.0494
4922,0.15808,0.06422
4923,0.1976,0.0741
4924,0.21736,0.05928
4925,0.1729,0.05928
4926,0.13338,0.05928
4927,0.14326,0.06916
4928,0.12844,0.0494
4929,0.0741,0.01482
4930,0.0,0.00494
4931,-0.00988,0.01976
4932,-0.04446,0.0247
4933,-0.06916,0.0247
4934,-0.1235,0.04446
4935,-0.0988,0.05434
4936,-0.0988,0.05434
4937,-0.10374,0.07904
4938,-0.15808,0.06916
4939,-0.13832,0.08398
4940,-0.1235,0.08892
4941,-0.0988,0.08892
4942,-0.0741,0.09386
4943,-0.06916,0.10868
4944,-0.03952,0.0988
4945,-0.01482,0.10868
4946,-0.04446,0.08398
4947,-0.05434,0.10868
4948,-0.00988,0.11362
4949,-0.0494,0.10374
4950,-0.03458,0.0988
4951,0.00494,0.10868
4952,-0.01976,0.11856
4953,-0.02964,0.11856
4954,-0.04446,0.1482
4955,-0.04446,0.12844
4956,-0.04446,0.11362
4957,-0.08398,0.08892
4958,-0.11362,0.08398
4959,-0.11856,0.08398
4960,-0.13338,0.08892
4961,-0.1482,0.08398
4962,-0.14326,0.08398
4963,-0.11362,0.06916
4964,-0.13832,0.08398
4965,-0.11856,0.08892
4966,-0.12844,0.08398
4967,-0.13832,0.09386
4968,-0.1482,0.08892
4969,-0.13338,0.08398
4970,-0.13338,0.08892
4971,-0.12844,0.09386
4972,-0.11362,0.09386
4973,-0.08892,0.11362
4974,-0.07904,0.10374
4975,-0.05434,0.10868
4976,-0.0494,0.10868
4977,-0.03458,0.11856
4978,-0.01482,0.11856
4979,-0.05434,0.11362
4980,-0.05434,0.11362
4981,-0.06916,0.1235
4982,-0.0494,0.1482
4983,-0.05434,0.15314
4984,-0.06422,0.13832
4985,-0.08892,0.10868
4986,-0.08892,0.09386
4987,-0.08892,0.08892
4988,-0.07904,0.0741
4989,-0.11362,0.07904
4990,-0.11856,0.08398
4991,-0.10868,0.07904
4992,-0.1235,0.08892
4993,-0.12844,0.0741
4994,-0.13832,0.07904
4995,-0.11856,0.08398
4996,-0.11362,0.08892
4997,-0.11362,0.0741
4998,-0.13832,0.10868
4999,-0.1235,0.08892
5000,-0.08892,0.10374
5001,-0.06422,0.09386
5002,-0.0741,0.11362
5003,-0.06422,0.10868
5004,-0.05928,0.10374
5005,-0.0741,0.10374
5006,-0.05434,0.11856
5007,0.00494,0.11362
5008,-0.00494,0.11856
5009,-0.01976,0.11362
5010,-0.03952,0.13338
5011,0.00494,0.15808
5012,0.04446,0.15808
5013,0.00988,0.13832
5014,-0.01976,0.08892
5015,-0.07904,0.0988
5016,-0.08398,0.07904
5017,-0.08892,0.06916
5018,-0.10868,0.08398
5019,-0.14326,0.09386
5020,-0.11856,0.0741
5021,-0.1482,0.07904
5022,-0.15314,0.08398
5023,-0.1482,0.0741
5024,-0.1482,0.07904
5025,-0.16302,0.07904
5026,-0.13832,0.07904
5027,-0.0988,0.08398
5028,-0.17784,0.09386
5029,-0.17784,0.07904
5030,-0.00494,0.10868
5031,0.48906,0.07904
5032,1.0374,-0.00988
5033,1.1757,-0.2223
5034,0.67678,-0.43472
5035,0.23712,-0.28652
5036,0.0,0.01976
5037,0.01976,0.0741
5038,0.01976,0.10868
5039,-0.01976,0.15314
5040,0.0,0.16796
5041,-0.02964,0.15808
5042,-0.03458,0.12844
5043,-0.0494,0.11856
5044,-0.08892,0.09386
5045,-0.1235,0.09386
5046,-0.10868,0.08892
5047,-0.11856,0.09386
5048,-0.13338,0.08398
5049,-0.12844,0.09386
5050,-0.1235,0.09386
5051,-0.13832,0.09386
5052,-0.1235,0.07904
5053,-0.10868,0.08892
5054,-0.0988,0.08892
5055,-0.08398,0.09386
5056,-0.06916,0.08398
5057,-0.06916,0.08398
5058,-0.06422,0.09386
5059,-0.01482,0.08892
5060,-0.00494,0.08398
5061,0.01976,0.07904
5062,0.04446,0.0988
5063,0.08892,0.08892
5064,0.09386,0.06916
5065,0.08892,0.05928
5066,0.10868,0.0741
5067,0.15314,0.08398
5068,0.16796,0.07904
5069,0.1729,0.08398
5070,0.17784,0.06916
5071,0.17784,0.06916
5072,0.21242,0.06422
5073,0.17784,0.05928
5074,0.1729,0.02964
5075,0.13832,0.01976
5076,0.11362,0.0
5077,0.08398,0.00988
5078,0.06422,-0.00494
5079,0.0247,0.00494
5080,-0.00494,0.01976
5081,-0.01482,0.02964
5082,-0.0494,0.05434
5083,-0.05928,0.06422
5084,-0.07904,0.0741
5085,-0.06422,0.08398
5086,-0.06916,0.09386
5087,-0.05928,0.08892
5088,-0.08398,0.11362
5089,-0.03952,0.10868
5090,-0.0494,0.10868
5091,-0.0494,0.0988
5092,-0.05928,0.10868
5093,-0.0494,0.10868
5094,-0.01976,0.1235
5095,0.0,0.13338
5096,0.01976,0.10868
5097,0.0247,0.13338
5098,0.03952,0.12844
5099,0.04446,0.13338
5100,0.03458,0.10374
5101,-0.01976,0.08398
5102,-0.01482,0.06916
5103,-0.01976,0.05928
5104,-0.03458,0.05434
5105,-0.06916,0.06422
5106,-0.03458,0.05928
5107,-0.0494,0.06422
5108,-0.06422,0.06422
5109,-0.06422,0.06422
5110,-0.06422,0.08398
5111,-0.06916,0.0741
5112,-0.06422,0.08398
5113,-0.05928,0.08398
5114,-0.08398,0.09386
5115,-0.07904,0.0988
5116,-0.0988,0.09386
5117,-0.10868,0.08892
5118,-0.09386,0.10374
5119,-0.08398,0.11362
5120,-0.08398,-0.01482
5121,-0.08398,0.0
5122,-0.06916,-0.02964
5123,-0.05928,-0.02964
5124,-0.06422,-0.03458
5125,-0.06916,-0.03952
5126,-0.06916,-0.03952
5127,-0.08398,-0.03952
5128,-0.08892,-0.03458
5129,0.06422,-0.03458
5130,0.31122,-0.03952
5131,0.58786,-0.03458
5132,0.78546,-0.0494
5133,0.68666,-0.08398
5134,0.43472,-0.1235
5135,0.1976,-0.10868
5136,0.05434,-0.09386
5137,-0.03458,-0.05434
5138,-0.09386,-0.0494
5139,-0.11856,-0.03458
5140,-0.14326,-0.01482
5141,-0.12844,-0.01482
5142,-0.14326,-0.00988
5143,-0.11856,-0.01482
5144,-0.09386,-0.00988
5145,-0.0988,0.0
5146,-0.10868,0.0
5147,-0.0988,-0.01976
5148,-0.10868,-0.03458
5149,-0.10374,-0.00494
5150,-0.08892,-0.0247
5151,-0.08398,-0.03458
5152,-0.0988,-0.03952
5153,-0.08892,-0.03952
5154,-0.09386,-0.03952
5155,-0.0988,-0.03952
5156,-0.11856,-0.03952
5157,-0.09386,-0.03458
5158,-0.0988,-0.03458
5159,-0.09386,-0.0247
5160,-0.09386,-0.01976
5161,-0.09386,-0.0247
5162,-0.06916,-0.0247
5163,-0.07904,-0.01976
5164,-0.0247,-0.01482
5165,-0.0247,-0.00988
5166,-0.00494,-0.01976
5167,0.0,-0.03458
5168,0.00494,-0.01482
5169,0.00988,-0.01482
5170,0.00494,-0.00494
5171,0.0494,-0.02964
5172,0.06916,-0.00988
5173,0.06422,-0.01976
5174,0.0741,-0.01482
5175,0.04446,-0.0247
5176,0.02964,-0.03952
5177,-0.00494,-0.01976
5178,-0.00494,-0.03458
5179,-0.02964,-0.03952
5180,-0.05928,-0.0494
5181,-0.06422,-0.03952
5182,-0.08398,-0.04446
5183,-0.10374,-0.03458
5184,-0.10868,-0.02964
5185,-0.08892,-0.0247
5186,-0.08892,-0.0247
5187,-0.08892,-0.01976
5188,-0.08398,-0.01482
5189,-0.0988,-0.01976
5190,-0.0988,-0.00988
5191,-0.10868,-0.00494
5192,-0.09386,-0.01482
5193,-0.09386,0.0
5194,-0.09386,-0.00988
5195,-0.08892,-0.00988
5196,-0.07904,-0.00494
5197,-0.05434,0.01976
5198,-0.05928,0.0
5199,-0.03952,-0.01482
5200,-0.06422,-0.00988
5201,-0.05928,-0.01482
5202,-0.07904,-0.0247
5203,-0.10374,-0.03458
5204,-0.0988,-0.02964
5205,-0.09386,-0.0247
5206,-0.0988,-0.02964
5207,-0.11362,-0.02964
5208,-0.11856,-0.02964
5209,-0.1235,-0.03458
5210,-0.12844,-0.03458
5211,-0.10868,-0.02964
5212,-0.10868,-0.01482
5213,-0.10374,-0.01482
5214,-0.08398,-0.01482
5215,-0.09386,-0.01482
5216,-0.0988,-0.01482
5217,-0.10868,-0.01482
5218,-0.05928,-0.00494
5219,-0.07904,0.0
5220,-0.11362,-0.00494
5221,0.0247,-0.00988
5222,0.28158,-0.00988
5223,0.53352,-0.01976
5224,0.75582,-0.0247
5225,0.7163,-0.06916
5226,0.4199,-0.12844
5227,0.18278,-0.1235
5228,0.05928,-0.08892
5229,-0.06422,-0.05434
5230,-0.10868,-0.03952
5231,-0.14326,-0.01976
5232,-0.14326,-0.01482
5233,-0.14326,-0.00988
5234,-0.13832,-0.01482
5235,-0.1482,-0.01482
5236,-0.1482,-0.01482
5237,-0.1482,0.0
5238,-0.13832,-0.00988
5239,-0.11856,-0.01482
5240,-0.1235,-0.00988
5241,-0.1235,-0.00494
5242,-0.11856,-0.01482
5243,-0.0988,-0.00494
5244,-0.09386,0.01482
5245,-0.07904,0.01976
5246,-0.0988,0.01482
5247,-0.08398,0.00494
5248,-0.11856,-0.00988
5249,-0.11362,-0.01482
5250,-0.09386,-0.00988
5251,-0.0988,-0.00988
5252,-0.05928,-0.01976
5253,-0.0988,-0.01976
5254,-0.06422,-0.03458
5255,-0.0741,-0.03458
5256,-0.06916,-0.0247
5257,-0.05434,-0.01976
5258,-0.01976,-0.02964
5259,-0.00988,-0.02964
5260,0.00494,-0.02964
5261,0.00988,-0.03458
5262,0.01976,-0.03952
5263,0.00494,-0.03458
5264,0.00494,-0.03458
5265,0.02964,-0.02964
5266,0.01482,-0.03458
5267,0.0,-0.0247
5268,-0.01482,-0.03458
5269,-0.0247,-0.0247
5270,-0.0494,-0.00988
5271,-0.04446,-0.01976
5272,-0.06916,0.0
5273,-0.09386,-0.00988
5274,-0.10868,-0.00988
5275,-0.10868,-0.01976
5276,-0.1235,0.0
5277,-0.11362,-0.00988
5278,-0.08398,-0.00494
5279,-0.09386,0.0
5280,-0.09386,-0.00988
5281,-0.11362,-0.00494
5282,-0.11856,-0.00494
5283,-0.10868,0.01482
5284,-0.09386,0.01482
5285,-0.10374,0.00494
5286,-0.10868,0.0
5287,-0.1235,0.0
5288,-0.10868,0.0
5289,-0.14326,0.01976
5290,-0.11362,0.00494
5291,-0.08398,0.01482
5292,-0.07904,0.00988
5293,-0.05928,0.0247
5294,-0.06916,0.01482
5295,-0.07904,0.00494
5296,-0.06916,0.0
5297,-0.05928,0.0
5298,-0.05928,0.0
5299,-0.05928,-0.00494
5300,-0.06422,-0.00988
5301,-0.06422,-0.00494
5302,-0.06916,0.0
5303,-0.06916,0.0
5304,-0.05928,0.00494
5305,-0.07904,0.0
5306,-0.08398,0.0
5307,-0.07904,-0.00988
5308,-0.07904,0.00988
5309,-0.10374,0.01976
5310,-0.0988,0.0
5311,-0.13338,0.0
5312,-0.13832,0.00988
5313,-0.1482,0.00494
5314,-0.11856,0.00988
5315,-0.10374,0.01976
5316,-0.09386,0.00988
5317,-0.0988,0.00988
5318,-0.09386,-0.00988
5319,-0.0988,-0.00494
5320,-0.0988,0.0
5321,-0.0988,0.00988
5322,-0.11362,0.00494
5323,-0.08398,-0.00988
5324,-0.08398,-0.00988
5325,-0.1235,-0.00494
5326,-0.11856,-0.00988
5327,-0.01976,-0.00988
5328,0.18278,0.00494
5329,0.40508,0.00988
5330,0.67678,-0.00988
5331,0.62244,-0.04446
5332,0.40508,-0.06916
5333,0.20254,-0.06422
5334,0.07904,-0.0494
5335,-0.0247,-0.01976
5336,-0.08892,0.00988
5337,-0.08398,0.00988
5338,-0.10374,0.01482
5339,-0.0988,0.01482
5340,-0.0988,0.01482
5341,-0.10374,0.01976
5342,-0.11362,0.01482
5343,-0.10374,0.00494
5344,-0.0988,0.00494
5345,-0.11362,-0.00988
5346,-0.11856,-0.00494
5347,-0.11362,-0.01482
5348,-0.1235,-0.01482
5349,-0.12844,0.00494
5350,-0.12844,-0.00494
5351,-0.08892,-0.00494
5352,-0.1235,0.00494
5353,-0.11362,0.0
5354,-0.10374,-0.00494
5355,-0.0988,0.0
5356,-0.0988,0.00988
5357,-0.10374,0.01482
5358,-0.06916,0.00494
5359,-0.07904,0.00988
5360,-0.05928,0.00988
5361,-0.0494,0.00988
5362,-0.01976,0.00988
5363,0.0,0.01482
5364,0.00988,0.01976
5365,0.01976,0.00988
5366,0.01976,0.0
5367,0.00494,-0.00494
5368,0.00988,-0.00988
5369,-0.01482,-0.00988
5370,0.00988,-0.01482
5371,-0.00494,-0.0247
5372,0.00494,-0.01482
5373,0.00494,-0.00988
5374,-0.02964,-0.01482
5375,-0.03458,-0.0247
5376,-0.06422,-0.01976
5377,-0.05928,-0.01482
5378,-0.08892,-0.00494
5379,-0.08892,-0.00494
5380,-0.08398,0.0
5381,-0.0988,0.00494
5382,-0.11362,0.0
5383,-0.0988,0.00494
5384,-0.10868,0.0
5385,-0.11362,0.00988
5386,-0.11362,0.01482
5387,-0.0988,0.01976
5388,-0.08892,0.0247
5389,-0.08892,0.0247
5390,-0.08398,0.0247
5391,-0.06916,0.01482
5392,-0.06422,0.01976
5393,-0.06422,0.03458
5394,-0.03458,0.01976
5395,-0.03952,0.01976
5396,-0.04446,0.00988
5397,-0.03952,0.00494
5398,-0.06916,0.0
5399,-0.05434,-0.01482
5400,-0.0741,-0.01482
5401,-0.08398,-0.01482
5402,-0.08892,-0.01482
5403,-0.09386,-0.01482
5404,-0.08892,-0.01482
5405,-0.10374,-0.01482
5406,-0.11362,-0.01482
5407,-0.11362,-0.01482
5408,-0.10868,-0.01482
5409,-0.09386,0.0
5410,-0.10868,0.0
5411,-0.10868,0.0
5412,-0.13338,-0.00494
5413,-0.11856,0.00494
5414,-0.12844,0.01482
5415,-0.11362,0.00494
5416,-0.09386,-0.00988
5417,-0.08892,0.01976
5418,-0.08398,0.00494
5419,-0.06422,0.01482
5420,-0.05434,0.01976
5421,-0.0494,0.0247
5422,-0.0494,0.00988
5423,-0.04446,-0.00988
5424,-0.05928,-0.00988
5425,-0.06422,-0.01482
5426,-0.06422,-0.01976
5427,-0.0741,-0.0247
5428,-0.08398,-0.00988
5429,-0.07904,-0.00988
5430,-0.06422,-0.0247
5431,-0.08892,-0.01976
5432,-0.08892,-0.01976
5433,-0.0988,-0.00988
5434,-0.09386,-0.02964
5435,-0.0988,-0.01976
5436,-0.12844,0.0
5437,-0.10374,-0.00988
5438,-0.11856,0.01482
5439,-0.11856,-0.00988
5440,-0.10868,-0.00494
5441,-0.11362,0.00494
5442,-0.10868,-0.00494
5443,-0.10374,0.00988
5444,-0.0741,0.01482
5445,-0.0741,0.01482
5446,-0.05928,0.01482
5447,-0.05434,0.01976
5448,-0.05928,0.00494
5449,-0.05434,0.0
5450,-0.05928,0.0
5451,-0.0494,-0.00988
5452,-0.05928,-0.01976
5453,-0.06422,-0.0247
5454,-0.08398,-0.02964
5455,-0.1235,-0.03952
5456,-0.01976,-0.03458
5457,0.20254,-0.02964
5458,0.49894,-0.03458
5459,0.76076,-0.04446
5460,0.77558,-0.08398
5461,0.50882,-0.0988
5462,0.23218,-0.13832
5463,0.05928,-0.10868
5464,-0.04446,-0.06916
5465,-0.08398,-0.02964
5466,-0.10374,-0.01482
5467,-0.13338,-0.00988
5468,-0.11856,0.0
5469,-0.0988,0.0
5470,-0.09386,0.0
5471,-0.08398,0.00988
5472,-0.06916,0.00494
5473,-0.07904,0.00494
5474,-0.0741,0.00494
5475,-0.08398,0.0
5476,-0.08892,-0.00988
5477,-0.10374,-0.00494
5478,-0.08892,-0.01482
5479,-0.08398,-0.0247
5480,-0.11362,-0.02964
5481,-0.10868,-0.03458
5482,-0.12844,-0.03458
5483,-0.11856,-0.03458
5484,-0.13338,-0.02964
5485,-0.12844,-0.03458
5486,-0.09386,-0.03458
5487,-0.11856,-0.02964
5488,-0.11856,-0.00494
5489,-0.1235,-0.00988
5490,-0.0988,-0.01976
5491,-0.08892,-0.00494
5492,-0.0741,-0.00988
5493,-0.04446,0.00494
5494,-0.04446,-0.00494
5495,-0.01482,-0.01482
5496,0.0,-0.01482
5497,0.01976,-0.00988
5498,0.03952,-0.00988
5499,0.07904,-0.0247
5500,0.08892,-0.01976
5501,0.08892,-0.01482
5502,0.09386,-0.01976
5503,0.08892,-0.0247
5504,0.05434,-0.01976
5505,0.03952,-0.02964
5506,0.01482,-0.03952
5507,-0.00988,-0.04446
5508,-0.02964,-0.04446
5509,-0.05928,-0.0247
5510,-0.0741,-0.0494
5511,-0.08892,-0.02964
5512,-0.0988,-0.02964
5513,-0.08398,-0.02964
5514,-0.0988,-0.02964
5515,-0.10374,-0.03458
5516,-0.10868,-0.02964
5517,-0.10868,-0.01976
5518,-0.1235,-0.01976
5519,-0.11362,-0.0247
5520,-0.10868,-0.01482
5521,-0.10868,-0.00988
5522,-0.0988,-0.01482
5523,-0.09386,-0.01976
5524,-0.0741,-0.00988
5525,-0.05928,-0.01976
5526,-0.03952,-0.01976
5527,-0.0494,-0.0247
5528,-0.03952,-0.01976
5529,-0.03952,-0.00988
5530,-0.0247,-0.01482
5531,-0.05434,-0.00494
5532,-0.0494,-0.03952
5533,-0.06422,-0.01976
5534,-0.07904,-0.03952
5535,-0.06916,-0.03952
5536,-0.09386,-0.03952
5537,-0.0988,-0.03458
5538,-0.0988,-0.03952
5539,-0.09386,-0.03458
5540,-0.11362,-0.03458
5541,-0.1235,-0.03458
5542,-0.10374,-0.04446
5543,-0.10868,-0.03458
5544,-0.1482,-0.02964
5545,-0.11362,-0.02964
5546,-0.11362,-0.01976
5547,-0.11856,-0.03952
5548,-0.0988,-0.0247
5549,-0.08892,-0.03458
5550,-0.07904,-0.0247
5551,-0.09386,-0.03952
5552,-0.05928,-0.0247
5553,-0.06916,-0.02964
5554,-0.06422,-0.02964
5555,-0.05434,-0.0247
5556,-0.0247,-0.01976
5557,-0.05928,-0.00494
5558,-0.03952,-0.01976
5559,-0.03952,-0.01976
5560,-0.06422,-0.03458
5561,-0.0741,-0.03458
5562,-0.0741,-0.03952
5563,-0.08398,-0.03952
5564,-0.10868,-0.03952
5565,-0.07904,-0.03952
5566,-0.10374,-0.03458
5567,-0.11362,-0.04446
5568,-0.11362,-0.04446
5569,-0.10868,-0.03952
5570,-0.1235,-0.02964
5571,-0.10868,-0.0494
5572,-0.11856,-0.04446
5573,-0.11362,-0.03952
5574,-0.1235,-0.03458
5575,-0.11362,-0.04446
5576,-0.11362,-0.04446
5577,-0.11362,-0.03458
5578,-0.09386,-0.0247
5579,-0.11362,-0.03458
5580,-0.0988,-0.01976
5581,-0.08398,-0.0247
5582,-0.05434,-0.01976
5583,-0.08398,-0.00988
5584,-0.04446,-0.00988
5585,-0.06916,-0.01482
5586,-0.05434,-0.03458
5587,-0.07904,-0.0247
5588,-0.08398,-0.03952
5589,-0.0988,-0.03458
5590,-0.0988,-0.02964
5591,-0.06422,-0.04446
5592,-0.12844,-0.02964
5593,-0.12844,-0.03952
5594,-0.04446,-0.03952
5595,0.1976,-0.03458
5596,0.4693,-0.02964
5597,0.72124,-0.03952
5598,0.72124,-0.08398
5599,0.45448,-0.12844
5600,0.21736,-0.12844
5601,0.05434,-0.1235
5602,-0.06422,-0.07904
5603,-0.09386,-0.05434
5604,-0.10868,-0.03458
5605,-0.13832,-0.0247
5606,-0.1482,-0.01976
5607,-0.12844,-0.0247
5608,-0.11856,-0.01482
5609,-0.11856,0.0
5610,-0.08892,-0.00494
5611,-0.08892,-0.00988
5612,-0.09386,0.0
5613,-0.09386,0.00494
5614,-0.07904,-0.00988
5615,-0.12844,0.0
5616,-0.08398,-0.00988
5617,-0.11856,-0.00494
5618,-0.11856,-0.01976
5619,-0.11362,-0.0247
5620,-0.11856,-0.03458
5621,-0.11856,-0.01976
5622,-0.11856,-0.0247
5623,-0.08398,-0.0247
5624,-0.0988,-0.01976
5625,-0.10868,-0.0247
5626,-0.08892,-0.0247
5627,-0.08398,-0.02964
5628,-0.0988,-0.00988
5629,-0.0741,-0.01482
5630,-0.05928,-0.01976
5631,-0.04446,-0.01976
5632,-0.04446,-0.01482
5633,-0.02964,-0.01482
5634,-0.00988,-0.01482
5635,0.02964,-0.00988
5636,0.04446,-0.01482
5637,0.05928,-0.0247
5638,0.06422,-0.01482
5639,0.06916,-0.01976
5640,0.06422,0.0
5641,0.06422,-0.00494
5642,0.03458,-0.01482
5643,0.01482,-0.0247
5644,0.00494,-0.0247
5645,-0.05434,-0.02964
5646,-0.06422,-0.01482
5647,-0.08398,-0.0247
5648,-0.06422,-0.0247
5649,-0.11362,-0.00988
5650,-0.11362,-0.01976
5651,-0.1482,-0.01976
5652,-0.13832,-0.01482
5653,-0.13832,0.01976
5654,-0.12844,-0.00494
5655,-0.11856,0.00988
5656,-0.13338,0.00988
5657,-0.12844,0.01482
5658,-0.14326,0.00988
5659,-0.14326,0.0247
5660,-0.13832,0.0247
5661,-0.11856,0.0247
5662,-0.12844,0.02964
5663,-0.10374,0.01976
5664,-0.08398,0.03458
5665,-0.08398,0.0494
5666,-0.0741,0.03952
5667,-0.05434,0.03458
5668,-0.05434,0.03952
5669,-0.05928,0.02964
5670,-0.0741,0.01482
5671,-0.08892,0.00988
5672,-0.09386,0.01976
5673,-0.08892,0.01976
5674,-0.09386,0.01482
5675,-0.08398,0.01482
5676,-0.10868,0.00988
5677,-0.10374,0.01976
5678,-0.1235,0.01482
5679,-0.10374,0.00494
5680,-0.12844,0.02964
5681,-0.13338,0.0247
5682,-0.11362,0.02964
5683,-0.12844,0.0247
5684,-0.13832,0.03952
5685,-0.1482,0.03952
5686,-0.0988,0.03458
5687,-0.1482,0.03952
5688,-0.12844,0.0494
5689,-0.13338,0.0494
5690,-0.10374,0.03952
5691,-0.10374,0.05434
5692,-0.0741,0.05434
5693,-0.07904,0.05928
5694,-0.07904,0.04446
5695,-0.08892,0.03458
5696,-0.10374,0.02964
5697,-0.11856,0.03458
5698,-0.09386,0.01482
5699,-0.09386,0.01482
5700,-0.11362,0.01482
5701,-0.11856,0.00494
5702,-0.1235,0.0
5703,-0.10868,0.01482
5704,-0.0988,0.01482
5705,-0.09386,0.01482
5706,-0.0988,0.00494
5707,-0.10374,0.00988
5708,-0.11362,0.01976
5709,-0.11856,0.02964
5710,-0.11856,0.0247
5711,-0.11856,0.02964
5712,-0.13832,0.02964
5713,-0.1235,0.03458
5714,-0.11856,0.03458
5715,-0.1235,0.03458
5716,-0.12844,0.04446
5717,-0.08398,0.04446
5718,-0.08398,0.0494
5719,-0.06916,0.03952
5720,-0.08398,0.03952
5721,-0.07904,0.02964
5722,-0.10868,0.0247
5723,-0.13338,0.01482
5724,-0.08892,0.01976
5725,0.06422,0.01482
5726,0.29146,0.0
5727,0.56316,0.0
5728,0.67184,-0.0247
5729,0.50882,-0.06916
5730,0.29146,-0.0741
5731,0.13338,-0.0741
5732,0.0247,-0.03458
5733,-0.05928,-0.01482
5734,-0.11362,-0.01482
5735,-0.13832,0.00494
5736,-0.12844,0.01976
5737,-0.14326,0.02964
5738,-0.16302,0.02964
5739,-0.16796,0.02964
5740,-0.15314,0.02964
5741,-0.13338,0.0494
5742,-0.11856,0.0494
5743,-0.11856,0.03952
5744,-0.10868,0.02964
5745,-0.11856,0.03458
5746,-0.11856,0.00988
5747,-0.12844,0.01482
5748,-0.1235,0.0247
5749,-0.11362,0.01976
5750,-0.11362,0.01482
5751,-0.1235,0.00988
5752,-0.12844,0.01482
5753,-0.10868,0.00988
5754,-0.1235,0.01976
5755,-0.11362,0.01482
5756,-0.06916,0.00988
5757,-0.06422,0.01976
5758,-0.0494,0.00494
5759,-0.01482,0.01482
5760,-0.05928,0.00988
5761,-0.04446,0.00494
5762,-0.05434,0.00988
5763,-0.05928,0.00988
5764,-0.0494,0.00494
5765,-0.03458,0.01482
5766,-0.03458,0.00494
5767,-0.04446,0.0
5768,-0.05928,0.00988
5769,-0.02964,0.00988
5770,-0.0494,0.00494
5771,-0.03458,-0.00494
5772,-0.05928,0.01976
5773,-0.05434,0.0
5774,-0.06916,0.01482
5775,-0.05434,-0.01482
5776,-0.08398,0.01482
5777,-0.08398,-0.00494
5778,-0.0741,-0.00988
5779,-0.06422,-0.01976
5780,-0.0494,0.00494
5781,-0.01976,-0.00494
5782,-0.01976,-0.00494
5783,-0.03458,-0.00988
5784,-0.0247,-0.00494
5785,-0.0247,-0.00494
5786,-0.03952,-0.00494
5787,-0.0247,-0.00988
5788,-0.02964,-0.00494
5789,-0.03952,-0.00494
5790,-0.04446,-0.00988
5791,-0.0247,-0.00988
5792,-0.02964,0.00988
5793,0.00988,-0.00988
5794,-0.00494,-0.00988
5795,-0.01482,-0.00494
5796,-0.03952,0.0
5797,-0.01976,-0.01976
5798,-0.05434,-0.01482
5799,-0.06916,-0.00494
5800,-0.06422,0.0
5801,-0.06916,-0.00494
5802,-0.04446,-0.00988
5803,-0.04446,0.0
5804,-0.05928,0.01482
5805,-0.0494,0.01482
5806,-0.05434,0.01482
5807,-0.0494,0.00494
5808,-0.05434,0.01482
5809,-0.03952,0.01482
5810,-0.05434,0.0247
5811,-0.04446,0.01976
5812,-0.03952,0.03458
5813,-0.06422,0.0247
5814,-0.05434,0.0247
5815,-0.06916,0.01976
5816,-0.0494,0.0247
5817,-0.05434,0.02964
5818,-0.0247,0.00988
5819,-0.0494,0.00988
5820,-0.05928,0.00494
5821,-0.06422,0.00988
5822,-0.0741,-0.00494
5823,-0.0741,0.00988
5824,-0.04446,0.01482
5825,-0.01482,0.01976
5826,-0.04446,0.0
5827,-0.01482,-0.0247
5828,0.43472,-0.05434
5829,1.1066,-0.04446
5830,2.0303,-0.0247
5831,1.0275,0.07904
5832,-0.13338,0.13832
5833,-0.28158,0.0988
5834,-0.18772,0.0741
5835,-0.1729,0.06422
5836,-0.1482,0.0494
5837,-0.08398,0.03458
5838,-0.07904,0.02964
5839,-0.07904,0.01976
5840,-0.08398,0.0247
5841,-0.10374,0.01976
5842,-0.10374,0.01482
5843,-0.09386,0.01482
5844,-0.11362,0.01976
5845,-0.0988,0.01976
5846,-0.10374,0.00988
5847,-0.0988,0.01976
5848,-0.11856,0.03952
5849,-0.08398,0.0247
5850,-0.08892,0.01976
5851,-0.07904,0.02964
5852,-0.06916,0.0247
5853,-0.0741,0.0247
5854,-0.05434,0.0247
5855,-0.04446,0.01482
5856,-0.01482,0.01976
5857,-0.00988,0.00494
5858,0.01482,0.0
5859,0.02964,-0.00494
5860,0.03952,-0.00494
5861,0.06422,-0.01482
5862,0.10374,-0.0247
5863,0.11362,-0.0247
5864,0.1482,-0.03458
5865,0.16796,-0.03952
5866,0.18772,-0.0494
5867,0.1976,-0.03952
5868,0.23712,-0.0494
5869,0.25688,-0.0494
5870,0.26676,-0.05928
5871,0.26182,-0.0494
5872,0.25688,-0.04446
5873,0.2223,-0.02964
5874,0.1976,-0.0247
5875,0.16796,-0.01482
5876,0.13338,0.00494
5877,0.10868,0.00494
5878,0.07904,-0.00988
5879,0.05434,0.0
5880,0.02964,0.00494
5881,0.03458,0.00494
5882,0.00494,-0.01482
5883,0.00988,-0.00988
5884,-0.00988,-0.00988
5885,-0.01482,-0.01482
5886,-0.03458,0.0
5887,-0.02964,0.0
5888,-0.02964,0.00494
5889,-0.02964,0.00494
5890,-0.04446,0.0
5891,-0.05434,0.0
5892,-0.0494,0.00988
5893,-0.03458,0.00494
5894,-0.01482,0.00494
5895,-0.01482,0.00494
5896,-0.00494,0.00988
5897,0.01976,0.00988
5898,0.03458,0.0
5899,0.03458,0.00988
5900,0.0741,0.00494
5901,0.05928,0.00494
5902,0.06422,-0.00494
5903,0.06916,0.0
5904,0.06422,0.00494
5905,0.05928,0.00494
5906,0.05434,0.0
5907,0.04446,-0.00988
5908,0.03458,0.0
5909,0.0247,-0.00494
5910,0.01482,-0.01482
5911,-0.00494,0.0
5912,-0.01976,0.0
5913,-0.00988,0.0
5914,-0.06422,-0.01482
5915,-0.06422,-0.00494
5916,-0.07904,0.0
5917,-0.0741,0.0
5918,-0.0741,-0.00988
5919,-0.05434,-0.00988
5920,-0.05434,-0.00494
5921,-0.05928,-0.00988
5922,-0.05434,-0.00988
5923,-0.04446,-0.00988
5924,-0.03458,0.01482
5925,-0.00988,0.00494
5926,-0.00988,0.0
5927,-0.01482,0.00494
5928,-0.01482,0.00988
5929,-0.01482,-0.00494
5930,-0.0247,0.00494
5931,-0.03952,0.00494
5932,-0.00988,0.0
5933,-0.03952,0.00988
5934,-0.02964,0.0
5935,-0.03458,0.00494
5936,-0.03952,0.0
5937,-0.04446,0.01482
5938,-0.0247,0.00494
5939,-0.05434,0.00494
5940,-0.0494,0.00494
5941,-0.05928,0.00494
5942,-0.06916,-0.01976
5943,-0.09386,-0.00494
5944,-0.07904,-0.00494
5945,-0.05434,0.0
5946,-0.05928,-0.00494
5947,-0.02964,-0.00988
5948,-0.01976,0.0
5949,-0.00988,0.0
5950,-0.00494,0.00494
5951,0.01482,0.00494
5952,0.01482,0.00988
5953,0.0247,0.00494
5954,0.00988,0.0
5955,0.0,0.00988
5956,-0.0247,0.01482
5957,-0.01976,0.01482
5958,-0.05434,0.00494
5959,-0.06422,0.00494
5960,-0.07904,0.01482
5961,-0.08892,0.0
5962,-0.10868,0.01482
5963,-0.1235,0.00988
5964,-0.10374,0.01482
5965,-0.11362,0.01976
5966,-0.08892,0.01482
5967,-0.09386,0.01482
5968,-0.07904,0.01976
5969,-0.07904,0.03458
5970,-0.0494,0.0247
5971,-0.0494,0.0247
5972,-0.03458,0.03458
5973,-0.02964,0.03952
5974,0.00494,0.01976
5975,0.00494,0.03952
5976,0.04446,0.0247
5977,0.01482,0.03458
5978,-0.03458,-0.02964
5979,0.43472,-0.0494
5980,1.2893,-0.0741
5981,1.9809,-0.04446
5982,1.3536,0.01482
5983,0.14326,0.04446
5984,-0.21736,0.05434
5985,-0.1976,0.05434
5986,-0.20748,0.03458
5987,-0.20254,0.02964
5988,-0.1729,0.03458
5989,-0.13338,0.0247
5990,-0.13832,0.01976
5991,-0.13338,0.01976
5992,-0.13832,0.03458
5993,-0.13832,0.01976
5994,-0.13832,0.03458
5995,-0.14326,0.0247
5996,-0.10868,0.02964
5997,-0.10868,0.01482
5998,-0.07904,0.00988
5999,-0.05928,0.00988
6000,-0.04446,0.01482
6001,-0.03458,0.01482
6002,-0.00988,0.01482
6003,-0.01976,0.00988
6004,-0.00494,0.01976
6005,-0.0247,0.01482
6006,-0.01482,0.00988
6007,-0.03458,0.01976
6008,-0.0247,0.00988
6009,-0.00494,0.00988
6010,-0.00494,-0.00494
6011,0.00988,0.0
6012,0.0247,-0.00988
6013,0.03952,-0.00494
6014,0.05434,-0.01976
6015,0.10374,-0.03458
6016,0.1235,-0.03952
6017,0.16302,-0.0494
6018,0.18772,-0.06422
6019,0.21242,-0.06422
6020,0.24206,-0.05928
6021,0.30628,-0.0741
6022,0.30134,-0.06916
6023,0.31616,-0.0741
6024,0.28652,-0.04446
6025,0.27664,-0.05434
6026,0.21736,-0.03458
6027,0.19266,-0.01976
6028,0.16796,-0.00988
6029,0.10868,-0.01482
6030,0.06916,-0.00988
6031,0.02964,-0.00988
6032,0.00494,0.0
6033,-0.00988,0.01482
6034,-0.00988,0.0
6035,-0.03952,0.00494
6036,-0.05928,0.00988
6037,-0.0741,-0.00494
6038,-0.06916,-0.00494
6039,-0.08398,0.0
6040,-0.03952,0.00494
6041,-0.0494,0.0
6042,-0.04446,-0.00494
6043,-0.04446,0.00494
6044,-0.0247,0.0
6045,-0.00494,0.01482
6046,0.00988,0.0
6047,0.03458,0.00494
6048,0.03458,0.00988
6049,0.03952,0.00988
6050,0.03952,0.00988
6051,0.03952,0.00988
6052,0.03952,0.01482
6053,0.0494,0.0
6054,0.0247,-0.00494
6055,0.0247,0.0
6056,0.00494,-0.00494
6057,0.00494,-0.00494
6058,-0.01976,-0.00494
6059,0.0,-0.01482
6060,-0.0247,0.00988
6061,-0.03458,-0.00988
6062,-0.0494,0.0
6063,-0.03952,-0.00494
6064,-0.03952,0.00988
6065,-0.03952,0.01482
6066,-0.03952,0.00494
6067,-0.03458,0.00988
6068,-0.0247,0.01482
6069,-0.0247,0.00988
6070,-0.03952,0.01482
6071,-0.03458,0.01976
6072,-0.01976,0.03458
6073,-0.0247,0.02964
6074,-0.00988,0.02964
6075,-0.01482,0.01976
6076,-0.0247,0.0494
6077,-0.0247,0.03458
6078,0.0,0.01482
6079,-0.02964,0.00494
6080,-0.03952,0.00988
6081,-0.03458,0.01482
6082,-0.03952,0.00494
6083,-0.05434,0.01482
6084,-0.03458,0.01976
6085,-0.0494,0.01482
6086,-0.05434,0.00988
6087,-0.03952,0.00988
6088,-0.0494,0.02964
6089,-0.0494,0.01976
6090,-0.01482,0.00988
6091,-0.04446,0.01482
6092,-0.04446,0.0247
6093,-0.04446,0.02964
6094,-0.02964,0.01482
6095,-0.03952,0.03458
6096,-0.01976,0.0247
6097,-0.0247,0.03458
6098,-0.01976,0.0247
6099,-0.0247,0.0247
6100,-0.04446,0.03458
6101,-0.06422,0.04446
6102,-0.02964,0.0247
6103,-0.04446,0.02964
6104,-0.05434,0.0247
6105,-0.08892,0.0247
6106,-0.08398,0.00988
6107,-0.10374,0.03952
6108,-0.09386,0.02964
6109,-0.07904,0.03458
6110,-0.08398,0.0247
6111,-0.08398,0.0247
6112,-0.09386,0.03458
6113,-0.0741,0.03458
6114,-0.07904,0.02964
6115,-0.0741,0.0247
6116,-0.07904,0.02964
6117,-0.05928,0.03458
6118,-0.03952,0.01976
6119,-0.04446,0.01976
6120,-0.01976,0.01976
6121,-0.00494,0.01976
6122,-0.07904,-0.00988
6123,0.17784,-0.05928
6124,0.76076,-0.08398
6125,1.5956,-0.03952
6126,1.6944,0.03952
6127,0.19266,0.16796
6128,-0.42978,0.14326
6129,-0.30134,0.0988
6130,-0.247,0.05928
6131,-0.20748,0.04446
6132,-0.15314,0.03458
6133,-0.11856,0.0247
6134,-0.11856,0.01482
6135,-0.0988,0.01976
6136,-0.10374,0.01482
6137,-0.10374,0.0247
6138,-0.09386,0.01482
6139,-0.08398,0.01976
6140,-0.08892,0.01976
6141,-0.07904,0.0247
6142,-0.09386,0.00494
6143,-0.09386,0.02964
6144,-0.0988,0.0247
6145,-0.07904,0.01976
6146,-0.11362,0.0
6147,-0.10374,0.00988
6148,-0.11856,0.00494
6149,-0.11362,0.00988
6150,-0.0988,-0.00494
6151,-0.08892,-0.00988
6152,-0.08398,-0.00494
6153,-0.06422,-0.00988
6154,-0.04446,-0.01976
6155,-0.0247,-0.01482
6156,0.00988,-0.01482
6157,0.05434,-0.0247
6158,0.0988,-0.03458
6159,0.13338,-0.03458
6160,0.13832,-0.0494
6161,0.1976,-0.03952
6162,0.22724,-0.05434
6163,0.25688,-0.05928
6164,0.2717,-0.05434
6165,0.30134,-0.06422
6166,0.31616,-0.06916
6167,0.28158,-0.06422
6168,0.25194,-0.05434
6169,0.20748,-0.04446
6170,0.15314,-0.03458
6171,0.09386,-0.01976
6172,0.04446,-0.01976
6173,-0.01482,-0.00494
6174,-0.0494,-0.01482
6175,-0.01976,-0.00494
6176,-0.06916,0.0
6177,-0.05928,0.0
6178,-0.07904,-0.00988
6179,-0.06422,-0.00988
6180,-0.07904,0.00494
6181,-0.06916,0.00494
6182,-0.08398,0.00494
6183,-0.0741,0.0
6184,-0.08892,0.00494
6185,-0.08892,0.00988
6186,-0.0741,0.00988
6187,-0.05434,0.00494
6188,-0.05928,0.00988
6189,-0.06422,0.0
6190,-0.06916,0.0
6191,-0.06422,-0.00494
6192,-0.0741,0.01482
6193,-0.03458,-0.00494
6194,-0.01482,-0.00494
6195,-0.02964,0.0
6196,-0.02964,0.00988
6197,-0.01976,0.01482
6198,-0.01976,0.01482
6199,-0.01482,0.01482
6200,0.00494,0.01482
6201,-0.00494,0.01482
6202,-0.00988,0.00988
6203,-0.01976,0.01482
6204,-0.03458,0.00988
6205,-0.03458,0.01976
6206,-0.03458,0.01482
6207,-0.0494,0.01482
6208,-0.03952,0.01976
6209,-0.03458,0.02964
6210,-0.04446,0.01482
6211,-0.04446,0.03458
6212,-0.06422,0.03458
6213,-0.03952,0.03458
6214,-0.0494,0.0247
6215,-0.05928,0.01976
6216,-0.06916,0.0247
6217,-0.0741,0.01482
6218,-0.08892,0.01976
6219,-0.08892,0.01976
6220,-0.0741,0.01976
6221,-0.08892,0.01976
6222,-0.0988,0.01976
6223,-0.10868,0.01976
6224,-0.0988,0.02964
6225,-0.0988,0.03458
6226,-0.08892,0.03458
6227,-0.10374,0.02964
6228,-0.0988,0.03952
6229,-0.0988,0.03458
6230,-0.10374,0.0247
6231,-0.09386,0.03458
6232,-0.10374,0.03952
6233,-0.05928,0.04446
6234,-0.0741,0.03952
6235,-0.06916,0.03952
6236,-0.06916,0.03952
6237,-0.06422,0.03952
6238,-0.06916,0.03952
6239,-0.06916,0.03952
6240,-0.0494,0.03952
6241,-0.05434,0.03952
6242,-0.05434,0.0247
6243,-0.06422,0.0247
6244,-0.06422,0.03952
6245,-0.07904,0.04446
6246,-0.06916,0.0247
6247,-0.08398,0.03458
6248,-0.09386,0.02964
6249,-0.07904,0.02964
6250,-0.08892,0.0247
6251,-0.0741,0.01976
6252,-0.08398,0.0494
6253,-0.06422,0.0247
6254,-0.06916,0.02964
6255,-0.06916,0.02964
6256,-0.06916,0.03458
6257,-0.11856,0.0247
6258,-0.03458,-0.00494
6259,0.44954,-0.03952
6260,1.156,-0.03952
6261,1.729,0.00494
6262,0.9386,0.10868
6263,-0.13338,0.16796
6264,-0.30134,0.1235
6265,-0.26182,0.10868
6266,-0.2223,0.06916
6267,-0.16302,0.04446
6268,-0.13338,0.03458
6269,-0.11856,0.02964
6270,-0.13338,0.01482
6271,-0.13832,0.01482
6272,-0.1482,0.0247
6273,-0.13338,0.01976
6274,-0.13832,0.00988
6275,-0.1482,0.01482
6276,-0.13338,0.01976
6277,-0.12844,0.00988
6278,-0.13832,0.00988
6279,-0.15314,0.02964
6280,-0.11362,0.02964
6281,-0.1235,0.01976
6282,-0.1235,0.01482
6283,-0.11362,0.0247
6284,-0.10868,0.01976
6285,-0.0988,0.03458
6286,-0.08398,0.02964
6287,-0.04446,0.01976
6288,-0.02964,0.0247
6289,-0.00494,0.01482
6290,0.01976,0.0
6291,0.03952,-0.00494
6292,0.05928,0.00494
6293,0.09386,-0.00988
6294,0.13338,-0.01482
6295,0.1482,-0.02964
6296,0.18278,-0.02964
6297,0.2223,-0.03458
6298,0.24206,-0.0494
6299,0.26182,-0.03458
6300,0.2964,-0.04446
6301,0.30628,-0.03952
6302,0.2964,-0.0494
6303,0.28158,-0.03458
6304,0.22724,-0.01976
6305,0.20254,-0.00988
6306,0.1482,0.0
6307,0.11362,0.00988
6308,0.07904,0.02964
6309,0.03458,0.03952
6310,0.0,0.03458
6311,-0.01976,0.03458
6312,-0.03952,0.05928
6313,-0.0494,0.0494
6314,-0.04446,0.03952
6315,-0.05434,0.03952
6316,-0.05434,0.03952
6317,-0.06422,0.03952
6318,-0.05928,0.01976
6319,-0.08398,0.04446
6320,-0.08398,0.03952
6321,-0.0741,0.03952
6322,-0.08892,0.02964
6323,-0.06422,0.03458
6324,-0.07904,0.03458
6325,-0.06916,0.03458
6326,-0.05928,0.03952
6327,-0.03458,0.03458
6328,-0.01976,0.03952
6329,-0.01482,0.03458
6330,-0.00494,0.02964
6331,0.00494,0.0247
6332,0.01482,0.03952
6333,0.00988,0.03952
6334,0.02964,0.03458
6335,0.00494,0.04446
6336,0.00494,0.03952
6337,-0.01482,0.03952
6338,-0.02964,0.0247
6339,-0.03458,0.03952
6340,-0.0494,0.04446
6341,-0.03952,0.03952
6342,-0.0494,0.03952
6343,-0.06422,0.03952
6344,-0.06422,0.03458
6345,-0.05928,0.03952
6346,-0.07904,0.03952
6347,-0.05928,0.03952
6348,-0.06916,0.0494
6349,-0.06422,0.03952
6350,-0.0494,0.03952
6351,-0.0494,0.02964
6352,-0.04446,0.0494
6353,-0.06422,0.0494
6354,-0.0494,0.03952
6355,-0.06916,0.04446
6356,-0.06422,0.04446
6357,-0.06916,0.04446
6358,-0.05928,0.04446
6359,-0.06916,0.0494
6360,-0.04446,0.03952
6361,-0.05434,0.03952
6362,-0.0494,0.02964
6363,-0.05434,0.03952
6364,-0.05928,0.02964
6365,-0.05928,0.03458
6366,-0.08892,0.02964
6367,-0.06422,0.03458
6368,-0.08398,0.03952
6369,-0.08398,0.04446
6370,-0.08892,0.02964
6371,-0.07904,0.03952
6372,-0.09386,0.04446
6373,-0.05928,0.04446
6374,-0.05434,0.03952
6375,-0.0494,0.03458
6376,-0.0494,0.04446
6377,-0.05434,0.03952
6378,-0.0494,0.03458
6379,-0.05434,0.04446
6380,-0.0247,0.04446
6381,-0.03952,0.0494
6382,-0.09386,0.0247
6383,-0.02964,-0.01482
6384,0.53352,-0.02964
6385,1.3536,-0.05434
6386,1.9464,-0.03458
6387,1.0423,0.02964
6388,0.02964,0.06916
6389,-0.20254,0.06422
6390,-0.20254,0.05434
6391,-0.22724,0.0494
6392,-0.22724,0.0494
6393,-0.13832,0.03952
6394,-0.13832,0.03458
6395,-0.14326,0.03458
6396,-0.12844,0.03952
6397,-0.10868,0.03458
6398,-0.10868,0.03952
6399,-0.09386,0.03458
6400,0.00988,-0.01482
6401,0.0,-0.01482
6402,0.00988,-0.02964
6403,0.01482,-0.0247
6404,0.0247,0.0
6405,0.02964,0.00494
6406,0.03458,-0.00494
6407,0.02964,0.00494
6408,0.0247,0.00494
6409,0.02964,0.01482
6410,0.01482,0.0
6411,0.0,0.01976
6412,-0.00988,0.02964
6413,-0.00988,0.03952
6414,-0.04446,0.02964
6415,-0.03952,0.03458
6416,-0.05434,0.03952
6417,-0.05434,0.01482
6418,-0.0741,0.02964
6419,-0.0741,0.00988
6420,-0.05434,-0.00988
6421,-0.08398,-0.00494
6422,-0.0494,-0.01976
6423,-0.04446,-0.01976
6424,-0.03952,-0.0247
6425,0.00988,-0.00494
6426,0.00988,0.00494
6427,0.01976,0.00988
6428,0.00988,0.01482
6429,0.00988,0.01976
6430,-0.00494,0.01482
6431,0.0,0.0
6432,-0.01482,0.03458
6433,0.00494,0.0247
6434,-0.01482,0.02964
6435,-0.03458,0.01976
6436,-0.02964,0.0247
6437,-0.0494,0.0247
6438,-0.05434,0.0247
6439,-0.06916,0.01976
6440,-0.04446,0.01976
6441,-0.0741,0.01976
6442,-0.10868,-0.00494
6443,0.06916,-0.06422
6444,0.41002,-0.18278
6445,0.72618,-0.1482
6446,0.8398,-0.01976
6447,0.67184,0.05928
6448,0.48412,0.08398
6449,0.38532,0.05434
6450,0.21242,0.01976
6451,0.06422,0.00494
6452,-0.00494,0.01976
6453,-0.01482,0.02964
6454,-0.03952,0.02964
6455,-0.0494,0.0247
6456,-0.0494,0.03952
6457,-0.0494,0.0247
6458,-0.06916,0.02964
6459,-0.06422,0.0247
6460,-0.06916,0.03458
6461,-0.11362,0.01482
6462,-0.11856,0.0
6463,-0.12844,-0.0247
6464,-0.13338,-0.00494
6465,-0.15314,-0.00988
6466,-0.1235,-0.0247
6467,-0.13338,-0.01976
6468,-0.09386,-0.00494
6469,-0.09386,-0.00988
6470,-0.08398,-0.0247
6471,-0.0741,0.0
6472,-0.0494,-0.00494
6473,-0.02964,0.0
6474,-0.0247,-0.02964
6475,-0.00494,-0.0247
6476,0.0,-0.02964
6477,0.00988,-0.01482
6478,0.01976,-0.01482
6479,0.08892,-0.03952
6480,0.06422,-0.02964
6481,0.08398,-0.02964
6482,0.06422,-0.01482
6483,0.06422,-0.01976
6484,0.0247,-0.00494
6485,0.01482,-0.01482
6486,-0.01482,-0.00494
6487,-0.05434,-0.0247
6488,-0.0494,-0.01976
6489,-0.0494,-0.01482
6490,-0.05928,-0.01976
6491,-0.06422,-0.01482
6492,-0.0494,0.0
6493,-0.05928,0.00494
6494,-0.06422,0.0
6495,-0.05434,0.0
6496,-0.04446,0.00988
6497,-0.02964,0.01482
6498,-0.01482,0.00988
6499,-0.01976,0.00988
6500,-0.01976,0.02964
6501,-0.01482,0.03458
6502,-0.01976,0.0247
6503,-0.04446,0.00494
6504,0.10868,-0.05928
6505,0.46436,-0.1729
6506,0.92378,-0.21242
6507,0.99788,-0.01976
6508,0.8151,0.0741
6509,0.76076,0.08892
6510,0.60762,0.03952
6511,0.29146,0.0247
6512,0.06916,0.01482
6513,-0.02964,0.02964
6514,-0.07904,0.0247
6515,-0.11362,0.03458
6516,-0.11856,0.04446
6517,-0.12844,0.04446
6518,-0.13832,0.03952
6519,-0.12844,0.04446
6520,-0.12844,0.03458
6521,-0.13832,0.04446
6522,-0.1482,0.03952
6523,-0.11856,0.03458
6524,-0.13832,0.03458
6525,-0.13338,0.01976
6526,-0.1482,0.00494
6527,-0.1482,0.00494
6528,-0.15314,0.01482
6529,-0.14326,0.00494
6530,-0.13338,-0.00494
6531,-0.11856,-0.00494
6532,-0.10374,-0.00494
6533,-0.07904,-0.00494
6534,-0.0741,-0.00988
6535,-0.03458,-0.01482
6536,0.0,-0.01976
6537,0.01976,-0.02964
6538,0.04446,-0.03458
6539,0.06916,-0.04446
6540,0.07904,-0.04446
6541,0.06916,-0.02964
6542,0.06422,-0.01976
6543,0.04446,-0.01976
6544,0.0247,-0.00494
6545,-0.00494,0.01482
6546,-0.02964,0.00988
6547,-0.03952,0.01976
6548,-0.02964,0.0247
6549,-0.0247,0.00988
6550,-0.04446,-0.00494
6551,-0.03952,-0.01482
6552,-0.03458,-0.01482
6553,-0.02964,-0.0247
6554,-0.04446,-0.01976
6555,-0.0494,-0.0247
6556,-0.03458,-0.01482
6557,-0.04446,-0.00494
6558,-0.0494,-0.00494
6559,-0.0494,0.0
6560,-0.02964,0.00988
6561,-0.03458,0.01976
6562,0.00988,0.01976
6563,-0.06422,0.00988
6564,0.01482,0.01482
6565,0.3211,-0.10868
6566,0.69654,-0.18278
6567,0.95342,-0.06916
6568,0.8398,0.07904
6569,0.66196,0.10868
6570,0.56316,0.08892
6571,0.34086,0.03458
6572,0.10868,0.02964
6573,-0.0247,0.02964
6574,-0.0741,0.03458
6575,-0.0988,0.0494
6576,-0.0988,0.04446
6577,-0.10374,0.06422
6578,-0.10868,0.05928
6579,-0.0988,0.04446
6580,-0.10374,0.03458
6581,-0.10868,0.0247
6582,-0.11856,0.01482
6583,-0.11362,0.0
6584,-0.11856,0.00494
6585,-0.12844,0.00988
6586,-0.13832,0.00494
6587,-0.13338,0.0
6588,-0.12844,0.00988
6589,-0.11362,0.00988
6590,-0.09386,0.0
6591,-0.0988,-0.00494
6592,-0.08398,-0.00494
6593,-0.06422,-0.01482
6594,-0.06916,-0.03458
6595,-0.0741,-0.03952
6596,-0.03952,-0.04446
6597,-0.01976,-0.04446
6598,-0.00988,-0.06916
6599,0.01482,-0.06916
6600,0.03458,-0.05928
6601,0.03458,-0.05434
6602,0.00988,-0.02964
6603,0.00494,-0.0247
6604,-0.01482,-0.00494
6605,-0.05928,0.00988
6606,-0.07904,0.00988
6607,-0.10374,0.01976
6608,-0.0988,0.02964
6609,-0.09386,0.0494
6610,-0.08398,0.0494
6611,-0.03952,0.06422
6612,-0.05928,0.0741
6613,-0.02964,0.03458
6614,-0.0247,0.0
6615,-0.01976,-0.01482
6616,-0.00494,0.0
6617,-0.01976,0.00494
6618,0.01482,-0.00494
6619,0.00988,-0.00988
6620,0.02964,-0.00988
6621,0.02964,-0.01482
6622,0.01482,-0.0247
6623,0.00494,-0.01482
6624,-0.0247,-0.00494
6625,-0.01976,-0.00494
6626,-0.02964,0.0
6627,-0.05434,-0.00988
6628,-0.04446,0.00494
6629,-0.03952,0.01482
6630,-0.1235,0.00494
6631,-0.15808,0.02964
6632,0.07904,-0.06422
6633,0.5187,-0.13832
6634,0.85462,-0.10868
6635,0.78546,0.00494
6636,0.63726,0.01482
6637,0.54834,-0.01976
6638,0.3458,-0.0247
6639,0.09386,-0.04446
6640,-0.03458,-0.02964
6641,-0.10374,-0.01482
6642,-0.0988,-0.00988
6643,-0.08398,0.0
6644,-0.06916,0.00494
6645,-0.06422,0.01482
6646,-0.05928,0.01482
6647,-0.0247,0.00988
6648,-0.0247,0.01976
6649,-0.04446,0.0247
6650,-0.05434,0.02964
6651,-0.08398,0.02964
6652,-0.09386,0.04446
6653,-0.10868,0.0494
6654,-0.10374,0.03952
6655,-0.1235,0.03952
6656,-0.14326,0.04446
6657,-0.15314,0.04446
6658,-0.15314,0.02964
6659,-0.15808,0.02964
6660,-0.15808,0.02964
6661,-0.13832,0.0
6662,-0.13338,-0.0247
6663,-0.1235,-0.03458
6664,-0.10374,-0.05434
6665,-0.08892,-0.06422
6666,-0.05434,-0.07904
6667,-0.01482,-0.07904
6668,0.03952,-0.0741
6669,0.04446,-0.0494
6670,0.03458,-0.0494
6671,0.01976,-0.0247
6672,0.00494,-0.00494
6673,0.00988,0.01482
6674,0.00494,0.00988
6675,0.01976,0.00988
6676,0.01976,0.0247
6677,-0.00494,0.03458
6678,-0.01482,0.02964
6679,-0.01976,0.02964
6680,-0.02964,0.02964
6681,-0.0494,0.04446
6682,-0.03952,0.02964
6683,-0.05434,0.03458
6684,-0.06422,0.02964
6685,-0.0741,0.01976
6686,-0.09386,0.01482
6687,-0.08398,0.00494
6688,-0.08892,0.01482
6689,-0.0741,-0.00494
6690,-0.06916,-0.01482
6691,-0.0494,-0.03458
6692,-0.00988,-0.03952
6693,0.00494,-0.0247
6694,-0.01482,-0.0247
6695,-0.06422,-0.00988
6696,0.1482,-0.07904
6697,0.53846,-0.1729
6698,0.8645,-0.14326
6699,0.87932,0.00494
6700,0.73606,0.0741
6701,0.67184,0.07904
6702,0.54834,0.03952
6703,0.29146,0.02964
6704,0.0988,0.03952
6705,-0.01482,0.04446
6706,-0.06422,0.03458
6707,-0.08398,0.0247
6708,-0.09386,0.03952
6709,-0.11362,0.03458
6710,-0.10868,0.0247
6711,-0.10868,0.0
6712,-0.12844,-0.00494
6713,-0.12844,-0.01976
6714,-0.1235,-0.03458
6715,-0.10868,-0.03952
6716,-0.11856,-0.01976
6717,-0.10868,-0.01976
6718,-0.1235,-0.01482
6719,-0.12844,-0.01482
6720,-0.11856,-0.00988
6721,-0.12844,0.0
6722,-0.11856,0.00988
6723,-0.13338,0.0247
6724,-0.0988,0.0247
6725,-0.08892,0.04446
6726,-0.09386,0.02964
6727,-0.0494,0.0247
6728,-0.0247,0.01976
6729,0.00988,-0.01482
6730,0.02964,-0.00988
6731,0.0494,-0.01976
6732,0.06916,-0.01976
6733,0.0494,-0.00494
6734,0.03458,-0.00494
6735,0.01482,0.00988
6736,-0.00988,0.00988
6737,-0.02964,0.01482
6738,-0.03952,0.0
6739,-0.03458,-0.00988
6740,-0.03952,-0.01976
6741,-0.03458,-0.02964
6742,-0.03952,-0.04446
6743,-0.03952,-0.0494
6744,-0.03952,-0.03458
6745,-0.03952,-0.02964
6746,-0.0247,-0.01482
6747,-0.02964,-0.01482
6748,-0.02964,-0.00988
6749,-0.02964,0.0
6750,-0.00494,0.0
6751,-0.00494,0.01482
6752,0.00988,0.02964
6753,0.02964,0.0247
6754,0.02964,0.02964
6755,0.03952,0.0247
6756,0.03952,0.0247
6757,0.03952,0.01976
6758,0.01482,0.03952
6759,0.0,0.02964
6760,0.00988,0.0247
6761,-0.01482,0.01482
6762,-0.01976,0.0
6763,-0.03458,-0.00988
6764,-0.03952,-0.03458
6765,-0.03952,-0.03458
6766,-0.03952,-0.03952
6767,-0.02964,-0.03952
6768,-0.0494,-0.03952
6769,-0.04446,-0.03952
6770,-0.03952,-0.0247
6771,-0.03952,-0.0247
6772,-0.06422,0.0
6773,-0.06916,0.00494
6774,-0.05434,0.00988
6775,-0.0741,0.01482
6776,-0.04446,0.01482
6777,-0.0494,0.03458
6778,-0.0494,0.02964
6779,-0.0494,0.03952
6780,-0.05434,0.0494
6781,0.0,0.03952
6782,-0.03458,0.03952
6783,-0.03952,0.03458
6784,-0.04446,0.04446
6785,-0.0494,0.03458
6786,-0.05928,0.0247
6787,-0.05434,0.00988
6788,-0.03952,-0.00988
6789,-0.03952,-0.00988
6790,-0.02964,-0.00988
6791,-0.05928,-0.01482
6792,-0.07904,-0.00988
6793,0.11362,-0.08398
6794,0.43472,-0.21242
6795,0.76076,-0.19266
6796,0.85462,-0.0494
6797,0.65702,0.0494
6798,0.49894,0.05928
6799,0.45448,0.03458
6800,0.26676,0.0247
6801,0.09386,0.01976
6802,-0.03458,0.02964
6803,-0.05928,0.03458
6804,-0.07904,0.03952
6805,-0.07904,0.03458
6806,-0.07904,0.03458
6807,-0.10374,0.03952
6808,-0.06422,0.04446
6809,-0.06916,0.04446
6810,-0.09386,0.03458
6811,-0.08398,0.0247
6812,-0.09386,0.01482
6813,-0.08892,0.0247
6814,-0.10374,0.00494
6815,-0.07904,-0.01482
6816,-0.08892,-0.00988
6817,-0.0988,-0.00988
6818,-0.0741,-0.00988
6819,-0.07904,-0.01976
6820,-0.06916,0.0
6821,-0.07904,0.01482
6822,-0.06422,0.00494
6823,-0.06916,0.00988
6824,-0.06422,0.00988
6825,-0.06422,0.00988
6826,-0.05434,-0.00494
6827,-0.03458,-0.00494
6828,-0.0247,-0.00494
6829,0.01482,-0.0247
6830,0.01482,-0.03458
6831,0.01976,-0.03458
6832,0.03458,-0.0247
6833,0.02964,-0.01482
6834,0.00988,-0.00494
6835,-0.00494,0.0
6836,0.0,0.0
6837,-0.00494,-0.00988
6838,-0.0247,-0.00988
6839,-0.01976,-0.03458
6840,-0.01976,-0.03952
6841,-0.02964,-0.03458
6842,-0.01976,-0.04446
6843,0.0,-0.03952
6844,0.0,-0.03952
6845,0.0,-0.03458
6846,-0.00494,-0.02964
6847,-0.00988,-0.01976
6848,-0.01482,0.00988
6849,-0.00988,0.01482
6850,-0.00988,0.01482
6851,-0.0247,0.01976
6852,-0.01976,0.03458
6853,-0.02964,0.01976
6854,-0.0247,0.03458
6855,-0.03952,0.04446
6856,-0.0247,0.03458
6857,-0.02964,0.01976
6858,-0.03458,0.00988
6859,-0.0494,-0.00494
6860,-0.0494,-0.00494
6861,-0.05434,-0.02964
6862,-0.06916,-0.02964
6863,-0.03952,-0.03458
6864,-0.03952,-0.02964
6865,-0.11362,-0.00988
6866,-0.03458,-0.03458
6867,0.26182,-0.16796
6868,0.64714,-0.1976
6869,0.82004,-0.03952
6870,0.72124,0.06916
6871,0.54834,0.14326
6872,0.47424,0.09386
6873,0.30628,0.05434
6874,0.10868,0.02964
6875,0.0,0.02964
6876,-0.05434,0.0494
6877,-0.0741,0.03952
6878,-0.11362,0.0494
6879,-0.0988,0.05928
6880,-0.10374,0.05928
6881,-0.10868,0.06422
6882,-0.1235,0.05928
6883,-0.13338,0.05928
6884,-0.1235,0.0494
6885,-0.13338,0.02964
6886,-0.12844,0.01482
6887,-0.12844,0.0
6888,-0.10374,0.0
6889,-0.09386,0.00494
6890,-0.08398,-0.00988
6891,-0.0494,-0.01976
6892,-0.03952,-0.0247
6893,-0.0247,-0.03458
6894,-0.00988,-0.03952
6895,0.01482,-0.05928
6896,0.01976,-0.03952
6897,0.03952,-0.0494
6898,0.05928,-0.05928
6899,0.05434,-0.06422
6900,0.06422,-0.06422
6901,0.06422,-0.05928
6902,0.0741,-0.06916
6903,0.05434,-0.06422
6904,0.0494,-0.05434
6905,0.04446,-0.04446
6906,0.0247,-0.0247
6907,-0.00494,-0.00988
6908,-0.0247,-0.00494
6909,-0.02964,-0.01482
6910,-0.04446,-0.00494
6911,-0.01976,-0.01482
6912,-0.01482,-0.00988
6913,-0.01976,-0.00988
6914,-0.01482,-0.00494
6915,-0.0247,-0.01976
6916,-0.0247,0.0
6917,-0.03458,0.01482
6918,-0.00988,0.01482
6919,-0.01976,0.00988
6920,-0.01482,0.01482
6921,-0.00494,0.02964
6922,0.00494,0.0247
6923,0.00988,0.02964
6924,0.00988,0.02964
6925,0.00988,0.01976
6926,-0.00988,0.0
6927,-0.01482,-0.00988
6928,-0.01482,-0.01482
6929,-0.0247,-0.02964
6930,-0.03952,-0.00988
6931,-0.0494,-0.00988
6932,-0.0494,-0.00988
6933,0.03458,-0.00494
6934,0.33098,-0.1482
6935,0.65702,-0.21736
6936,0.8645,-0.08398
6937,0.79534,0.03952
6938,0.57798,0.11856
6939,0.50882,0.09386
6940,0.31616,0.05928
6941,0.11856,0.0247
6942,0.01976,0.0247
6943,-0.0247,0.01976
6944,-0.04446,0.03952
6945,-0.0741,0.03952
6946,-0.06916,0.03458
6947,-0.08398,0.03952
6948,-0.09386,0.03458
6949,-0.0988,0.0494
6950,-0.10374,0.02964
6951,-0.10374,0.01976
6952,-0.11362,0.00494
6953,-0.11362,0.00494
6954,-0.11362,0.0
6955,-0.11856,-0.01482
6956,-0.0988,-0.00988
6957,-0.0988,-0.01482
6958,-0.0741,-0.01482
6959,-0.07904,0.0
6960,-0.05434,0.00988
6961,-0.04446,0.01482
6962,-0.0494,0.0
6963,-0.02964,-0.00988
6964,-0.00988,-0.01482
6965,0.00494,-0.01976
6966,0.01482,-0.0247
6967,0.04446,-0.0494
6968,0.08892,-0.06422
6969,0.09386,-0.06916
6970,0.0988,-0.06916
6971,0.0741,-0.05928
6972,0.05928,-0.04446
6973,0.03458,-0.01976
6974,0.0,-0.00494
6975,-0.00494,0.00988
6976,-0.03458,0.01482
6977,-0.03952,-0.00494
6978,-0.04446,-0.02964
6979,-0.02964,-0.03458
6980,-0.00988,-0.03458
6981,-0.01976,-0.0247
6982,-0.00988,-0.03458
6983,-0.00494,-0.0247
6984,-0.00988,-0.01976
6985,-0.00494,-0.01482
6986,-0.00988,-0.00988
6987,0.00494,-0.01976
6988,0.01976,-0.00988
6989,0.03458,0.0
6990,0.03952,0.00988
6991,0.0247,0.01482
6992,0.0247,0.00988
6993,0.01482,0.01976
6994,0.0,0.00988
6995,-0.00494,0.01482
6996,-0.0247,0.02964
6997,-0.01482,0.02964
6998,-0.03458,0.02964
6999,-0.02964,0.01976
7000,-0.03458,0.01976
7001,-0.02964,0.0247
7002,-0.01482,0.00494
7003,-0.01976,-0.00494
7004,-0.01482,0.0
7005,-0.00988,0.0
7006,-0.01482,0.0
7007,-0.00988,0.00988
7008,-0.01482,0.00988
7009,-0.0247,0.00988
7010,-0.01976,0.01976
7011,-0.03952,0.02964
7012,-0.01976,0.03458
7013,-0.0247,0.04446
7014,-0.02964,0.03952
7015,-0.01976,0.03952
7016,-0.00988,0.0247
7017,-0.02964,0.03458
7018,-0.03458,0.03952
7019,-0.01976,0.03458
7020,0.00494,0.04446
7021,-0.0247,0.04446
7022,-0.03458,0.03458
7023,-0.03952,0.02964
7024,-0.04446,0.01976
7025,-0.04446,0.03458
7026,-0.05928,0.04446
7027,-0.04446,0.03458
7028,-0.03952,0.01976
7029,-0.03458,-0.01976
7030,-0.03458,-0.02964
7031,-0.03952,-0.02964
7032,-0.02964,-0.0247
7033,-0.02964,-0.01482
7034,-0.01976,-0.01976
7035,-0.0247,-0.01482
7036,-0.04446,-0.00494
7037,0.10868,-0.04446
7038,0.42484,-0.16302
7039,0.71136,-0.15808
7040,-0.1224,-0.01104
7041,-0.1326,-0.0276
7042,-0.1326,0.01104
7043,-0.1275,0.02208
7044,-0.1479,0.00552
7045,-0.1938,0.0
7046,-0.204,0.01656
7047,-0.2499,0.01104
7048,-0.2856,0.01104
7049,-0.2958,-0.00552
7050,-0.3111,0.0
7051,-0.3264,-0.00552
7052,-0.3366,0.00552
7053,-0.3162,0.01656
7054,-0.3009,0.04968
7055,-0.2397,0.0552
7056,-0.2244,0.06624
7057,-0.1581,0.0828
7058,-0.1071,0.09384
7059,-0.0459,0.1104
7060,0.0051,0.10488
7061,0.0612,0.09936
7062,0.051,0.12144
7063,0.0816,0.14904
7064,0.0918,0.138
7065,0.0561,0.11592
7066,0.0459,0.08832
7067,0.0306,0.07176
7068,0.0051,0.06072
7069,-0.0102,0.0276
7070,-0.0714,0.01656
7071,-0.1173,0.01656
7072,-0.1173,0.00552
7073,-0.1632,0.00552
7074,-0.1887,-0.00552
7075,-0.2193,-0.00552
7076,-0.2244,-0.0276
7077,-0.2295,-0.00552
7078,-0.2244,0.0
7079,-0.2499,0.00552
7080,-0.2295,0.01104
7081,-0.2193,0.0
7082,-0.2091,0.0276
7083,-0.1326,0.03864
7084,-0.2448,0.01656
7085,-0.4335,0.07176
7086,-0.204,0.13248
7087,0.6222,0.1104
7088,1.5912,-0.0276
7089,2.1726,-0.276
7090,1.4382,-0.44712
7091,0.6426,-0.34224
7092,0.1683,-0.32016
7093,0.0255,-0.23184
7094,-0.0459,-0.1104
7095,-0.1122,-0.03312
7096,-0.1734,-0.01104
7097,-0.1989,-0.00552
7098,-0.2448,-0.0276
7099,-0.2754,-0.01104
7100,-0.2805,-0.03312
7101,-0.2805,-0.03864
7102,-0.2958,-0.0276
7103,-0.2907,-0.00552
7104,-0.2856,0.00552
7105,-0.2958,0.01656
7106,-0.306,0.0276
7107,-0.3111,0.03864
7108,-0.306,0.04968
7109,-0.306,0.07176
7110,-0.2958,0.08832
7111,-0.2754,0.12696
7112,-0.2448,0.10488
7113,-0.204,0.07728
7114,-0.1071,0.10488
7115,-0.0561,0.12696
7116,-0.0255,0.12696
7117,0.0612,0.08832
7118,0.0816,0.07728
7119,0.0918,0.06624
7120,0.0561,0.04416
7121,0.0306,0.04416
7122,0.0,0.0552
7123,-0.0255,0.0552
7124,-0.0816,0.04416
7125,-0.102,0.04416
7126,-0.102,0.02208
7127,-0.1224,0.0552
7128,-0.0561,0.04416
7129,-0.0459,0.04968
7130,-0.2244,0.04416
7131,-0.1173,0.12144
7132,0.4896,0.14904
7133,1.4739,-0.01104
7134,2.2236,-0.20976
7135,2.0298,-0.58512
7136,1.1526,-0.66792
7137,0.3876,-0.28704
7138,0.1785,-0.07176
7139,0.0816,-0.00552
7140,-0.0561,0.0276
7141,-0.1377,0.0276
7142,-0.1989,0.06072
7143,-0.2448,0.07176
7144,-0.255,0.07176
7145,-0.2958,0.06072
7146,-0.3009,0.06624
7147,-0.3162,0.06072
7148,-0.3264,0.07728
7149,-0.2958,0.0828
7150,-0.2652,0.09384
7151,-0.2703,0.1104
7152,-0.2346,0.11592
7153,-0.2091,0.10488
7154,-0.2448,0.0828
7155,-0.2142,0.04968
7156,-0.1581,0.06624
7157,-0.0969,0.1104
7158,-0.051,0.13248
7159,-0.0204,0.15456
7160,0.0459,0.16008
7161,0.0867,0.1656
7162,0.1326,0.17112
7163,0.153,0.15456
7164,0.1428,0.14904
7165,0.1173,0.14352
7166,0.0867,0.138
7167,0.0051,0.13248
7168,-0.0561,0.12144
7169,-0.0969,0.11592
7170,-0.1224,0.138
7171,-0.1173,0.12696
7172,-0.1275,0.12696
7173,-0.1683,0.14904
7174,-0.1938,0.13248
7175,-0.1734,0.138
7176,-0.1377,0.11592
7177,-0.0816,0.08832
7178,-0.0408,0.0828
7179,-0.0306,0.0828
7180,-0.0204,0.07728
7181,-0.0357,0.07176
7182,-0.0408,0.06072
7183,-0.0561,0.06624
7184,-0.0663,0.06624
7185,-0.0765,0.06072
7186,-0.0867,0.07728
7187,-0.0765,0.0828
7188,-0.1173,0.06624
7189,-0.1224,0.07728
7190,-0.1326,0.07728
7191,-0.1683,0.09384
7192,-0.1632,0.09384
7193,-0.1989,0.09936
7194,-0.2091,0.09384
7195,-0.2499,0.09384
7196,-0.2499,0.08832
7197,-0.1836,0.07176
7198,-0.1785,0.08832
7199,-0.1785,0.0828
7200,-0.1785,0.0828
7201,-0.1887,0.08832
7202,-0.1632,0.09384
7203,-0.1275,0.08832
7204,-0.1326,0.07176
7205,-0.1122,0.0828
7206,-0.0969,0.07176
7207,-0.0816,0.07728
7208,-0.102,0.0552
7209,-0.3366,0.09384
7210,-0.3162,0.14904
7211,0.408,0.10488
7212,1.5351,0.01656
7213,2.1981,-0.2208
7214,1.6626,-0.38088
7215,0.6834,-0.28704
7216,0.0102,-0.25392
7217,-0.1887,-0.18216
7218,-0.1683,-0.1104
7219,-0.1785,0.0276
7220,-0.2448,0.07176
7221,-0.2754,0.0828
7222,-0.2805,0.08832
7223,-0.2907,0.11592
7224,-0.2856,0.10488
7225,-0.3009,0.1104
7226,-0.2907,0.12144
7227,-0.3162,0.12696
7228,-0.3162,0.15456
7229,-0.2805,0.17664
7230,-0.1887,0.15456
7231,-0.1428,0.12696
7232,-0.1173,0.12144
7233,-0.1122,0.12144
7234,-0.1173,0.12696
7235,-0.1224,0.11592
7236,-0.1377,0.10488
7237,-0.1275,0.09936
7238,-0.1071,0.08832
7239,-0.1071,0.10488
7240,-0.0714,0.07728
7241,-0.0306,0.07176
7242,0.0102,0.06072
7243,0.0357,0.06072
7244,0.0714,0.04968
7245,0.0459,0.06624
7246,0.0561,0.0552
7247,-0.0051,0.0552
7248,-0.0459,0.06072
7249,-0.0612,0.06624
7250,-0.0867,0.08832
7251,-0.1377,0.1104
7252,-0.1479,0.11592
7253,-0.153,0.13248
7254,-0.0918,0.14352
7255,-0.0561,0.14904
7256,-0.0408,0.14904
7257,-0.0357,0.1104
7258,-0.0357,0.09384
7259,-0.0459,0.0828
7260,-0.0357,0.07176
7261,-0.0204,0.06072
7262,-0.0204,0.07176
7263,0.0051,0.07176
7264,0.051,0.07176
7265,-0.1785,0.06624
7266,-0.0867,0.138
7267,0.4488,0.16008
7268,1.275,0.10488
7269,2.0961,-0.138
7270,2.0553,-0.3864
7271,1.1577,-0.51336
7272,0.3774,-0.31464
7273,0.1377,-0.10488
7274,0.0612,-0.02208
7275,-0.0612,0.07728
7276,-0.1836,0.11592
7277,-0.1938,0.16008
7278,-0.1428,0.17112
7279,-0.1479,0.14352
7280,-0.1581,0.09936
7281,-0.153,0.08832
7282,-0.1683,0.0828
7283,-0.1581,0.08832
7284,-0.1683,0.06072
7285,-0.1581,0.0552
7286,-0.1377,0.0552
7287,-0.1377,0.04968
7288,-0.1326,0.04416
7289,-0.1275,0.04416
7290,-0.1122,0.06072
7291,-0.1224,0.07176
7292,-0.0714,0.07176
7293,-0.0561,0.07728
7294,-0.0561,0.08832
7295,-0.0765,0.09936
7296,-0.0612,0.09384
7297,-0.0306,0.10488
7298,0.0918,0.11592
7299,0.0918,0.14352
7300,0.051,0.15456
7301,0.0255,0.14904
7302,-0.0255,0.15456
7303,-0.0714,0.1932
7304,-0.0408,0.20424
7305,-0.0408,0.17664
7306,-0.0306,0.15456
7307,-0.051,0.1104
7308,-0.051,0.0828
7309,-0.0408,0.06624
7310,0.0051,0.06072
7311,0.0459,0.0552
7312,-0.2958,0.04416
7313,-0.4029,0.0828
7314,0.1938,0.04968
7315,1.2903,-0.06072
7316,2.2287,-0.25944
7317,1.9482,-0.54648
7318,1.0608,-0.552
7319,0.3162,-0.34224
7320,0.0357,-0.16008
7321,-0.0255,-0.07176
7322,-0.1071,0.0276
7323,-0.1734,0.06624
7324,-0.1836,0.0828
7325,-0.1989,0.1104
7326,-0.2142,0.1656
7327,-0.204,0.1932
7328,-0.1428,0.21528
7329,-0.102,0.20976
7330,-0.0816,0.18768
7331,-0.0918,0.18216
7332,-0.0969,0.19872
7333,-0.0867,0.17664
7334,-0.1224,0.16008
7335,-0.1479,0.12144
7336,-0.1479,0.10488
7337,-0.1173,0.10488
7338,-0.1122,0.12144
7339,-0.0714,0.09936
7340,-0.0765,0.09936
7341,-0.0153,0.09936
7342,0.0306,0.09936
7343,0.0867,0.10488
7344,0.102,0.09936
7345,0.1326,0.0828
7346,0.0969,0.08832
7347,0.0663,0.09384
7348,0.0255,0.08832
7349,-0.0051,0.09936
7350,-0.0204,0.138
7351,-0.0357,0.17112
7352,0.0,0.18216
7353,0.0459,0.14904
7354,0.0255,0.14904
7355,-0.0408,0.14904
7356,-0.0051,0.138
7357,-0.0102,0.13248
7358,-0.0051,0.13248
7359,-0.0204,0.12696
7360,-0.0357,0.1104
7361,-0.051,0.09936
7362,-0.0153,0.09384
7363,-0.0357,0.09936
7364,-0.0357,0.09936
7365,-0.0459,0.07728
7366,-0.0663,0.09384
7367,-0.0663,0.07728
7368,-0.0612,0.08832
7369,-0.0714,0.09384
7370,-0.0867,0.07176
7371,-0.0714,0.03864
7372,-0.0612,0.03864
7373,-0.051,0.03864
7374,-0.0867,0.04968
7375,-0.102,0.0552
7376,-0.1071,0.04416
7377,-0.0969,0.03864
7378,-0.1275,0.07176
7379,-0.102,0.07176
7380,-0.102,0.0828
7381,-0.1122,0.0828
7382,-0.1173,0.09936
7383,-0.1428,0.09936
7384,-0.1479,0.1104
7385,-0.153,0.08832
7386,-0.1377,0.09936
7387,-0.153,0.08832
7388,-0.153,0.08832
7389,-0.153,0.0828
7390,-0.1326,0.09936
7391,-0.1224,0.09936
7392,-0.0816,0.04968
7393,-0.0459,0.04968
7394,-0.0153,0.04416
7395,-0.0969,0.02208
7396,-0.3315,0.0552
7397,-0.4029,0.10488
7398,0.1785,0.11592
7399,1.3056,-0.01656
7400,2.091,-0.21528
7401,1.7748,-0.51336
7402,0.7752,-0.40848
7403,0.102,-0.39744
7404,-0.1581,-0.3036
7405,-0.1632,-0.22632
7406,-0.1377,-0.07176
7407,-0.1734,0.0276
7408,-0.2142,0.0552
7409,-0.2244,0.06072
7410,-0.2142,0.07728
7411,-0.1683,0.10488
7412,-0.153,0.10488
7413,-0.1275,0.09936
7414,-0.1632,0.09384
7415,-0.1785,0.0828
7416,-0.1632,0.04968
7417,-0.1683,0.04416
7418,-0.1887,0.0552
7419,-0.2193,0.06624
7420,-0.2244,0.06072
7421,-0.255,0.06072
7422,-0.2652,0.07176
7423,-0.2754,0.07176
7424,-0.2754,0.06624
7425,-0.2703,0.07176
7426,-0.2448,0.0828
7427,-0.2142,0.07728
7428,-0.1887,0.07728
7429,-0.1275,0.07176
7430,-0.0561,0.06624
7431,-0.0153,0.07176
7432,0.0408,0.07176
7433,0.0969,0.0828
7434,0.0714,0.08832
7435,0.0255,0.09936
7436,0.0102,0.0828
7437,0.0255,0.08832
7438,0.0408,0.04968
7439,0.0612,0.03864
7440,0.0153,0.0276
7441,-0.0306,0.01656
7442,-0.0663,-0.01104
7443,-0.1275,-0.00552
7444,-0.1173,-0.02208
7445,-0.1122,-0.0276
7446,-0.1173,-0.0276
7447,-0.1326,-0.0276
7448,-0.1326,-0.02208
7449,-0.1581,-0.02208
7450,-0.1377,-0.01656
7451,-0.1377,-0.01104
7452,-0.102,0.01104
7453,-0.0918,0.01104
7454,-0.0867,0.04416
7455,-0.0918,0.04968
7456,-0.1326,0.04968
7457,-0.102,0.04968
7458,-0.1071,0.03312
7459,-0.1071,0.03864
7460,-0.1122,0.02208
7461,-0.0714,0.01104
7462,-0.0255,0.0276
7463,-0.102,0.01104
7464,-0.3621,0.0276
7465,-0.2244,0.09384
7466,0.459,0.0828
7467,1.4178,-0.03864
7468,2.2236,-0.30912
7469,1.7442,-0.51336
7470,0.7701,-0.43608
7471,0.1479,-0.38088
7472,-0.0714,-0.276
7473,-0.1224,-0.20424
7474,-0.1785,-0.07176
7475,-0.2244,-0.0276
7476,-0.2346,-0.00552
7477,-0.2091,-0.00552
7478,-0.2142,0.01656
7479,-0.1632,0.02208
7480,-0.1224,0.01104
7481,-0.1377,-0.01656
7482,-0.1428,-0.02208
7483,-0.1836,-0.01656
7484,-0.1785,-0.00552
7485,-0.1785,-0.01104
7486,-0.1683,0.01656
7487,-0.153,0.01104
7488,-0.1377,0.01104
7489,-0.1224,0.02208
7490,-0.1071,0.03864
7491,-0.0969,0.04968
7492,-0.0969,0.04416
7493,-0.0612,0.04968
7494,-0.051,0.0552
7495,-0.0561,0.0552
7496,0.0153,0.06072
7497,0.0765,0.09936
7498,0.1224,0.08832
7499,0.1122,0.06624
7500,0.0867,0.04968
7501,0.0306,0.0276
7502,-0.0357,0.04416
7503,-0.0714,0.04416
7504,-0.1122,0.03864
7505,-0.1224,0.03312
7506,-0.1377,0.02208
7507,-0.1326,0.02208
7508,-0.0867,0.00552
7509,-0.1122,0.00552
7510,-0.1377,0.00552
7511,-0.1377,0.01656
7512,-0.1377,0.02208
7513,-0.1428,0.0276
7514,-0.1275,0.04416
7515,-0.1377,0.0276
7516,-0.0816,0.03312
7517,-0.0561,0.04968
7518,-0.0255,0.06624
7519,-0.0663,0.0276
7520,-0.2346,0.04968
7521,0.102,0.0828
7522,0.8772,0.08832
7523,1.6422,-0.04416
7524,2.2338,-0.29256
7525,1.4586,-0.54096
7526,0.5967,-0.43608
7527,0.0561,-0.28152
7528,-0.0867,-0.17112
7529,-0.1173,-0.1104
7530,-0.1734,-0.03312
7531,-0.2346,-0.02208
7532,-0.2907,-0.0276
7533,-0.2754,-0.01104
7534,-0.2652,-0.01656
7535,-0.2346,-0.02208
7536,-0.2244,-0.01656
7537,-0.204,0.00552
7538,-0.1785,0.03312
7539,-0.1887,0.04968
7540,-0.1581,0.0276
7541,-0.1428,0.01656
7542,-0.1326,0.03864
7543,-0.0969,0.03864
7544,-0.0816,0.07176
7545,-0.0408,0.0552
7546,-0.0255,0.06072
7547,-0.0153,0.06072
7548,-0.0051,0.04416
7549,0.0204,0.04968
7550,0.0867,0.04968
7551,0.1224,0.0552
7552,0.153,0.03312
7553,0.0918,0.0
7554,0.0306,0.01104
7555,-0.0153,0.01104
7556,-0.0408,-0.0276
7557,-0.0816,-0.0552
7558,-0.1275,-0.06072
7559,-0.1275,-0.04968
7560,-0.1122,-0.01104
7561,-0.0918,0.01104
7562,-0.0969,0.03312
7563,-0.0918,0.03312
7564,-0.0969,0.03864
7565,-0.0969,0.0552
7566,-0.0714,0.04968
7567,-0.0969,0.0552
7568,-0.0867,0.04416
7569,-0.0969,0.03312
7570,-0.0969,0.04968
7571,-0.0969,0.04968
7572,-0.0561,0.0552
7573,-0.0867,0.0552
7574,-0.0918,0.03312
7575,-0.153,0.0276
7576,-0.204,0.0
7577,-0.1887,-0.04416
7578,-0.2142,-0.0552
7579,-0.2652,-0.07176
7580,-0.2346,-0.09384
7581,-0.2091,-0.04968
7582,-0.1938,-0.04968
7583,-0.1887,-0.03864
7584,-0.1938,-0.0276
7585,-0.1938,-0.02208
7586,-0.1734,-0.02208
7587,-0.1836,0.01104
7588,-0.1632,0.01104
7589,-0.1581,0.01656
7590,-0.1428,0.01656
7591,-0.1326,0.0276
7592,-0.0714,0.03312
7593,-0.1071,0.0276
7594,-0.3162,0.0828
7595,-0.3876,0.16008
7596,0.3315,0.13248
7597,1.3923,-0.02208
7598,2.142,-0.21528
7599,1.6779,-0.52992
7600,0.6579,-0.38088
7601,0.0408,-0.42504
7602,-0.1785,-0.3588
7603,-0.1836,-0.25392
7604,-0.2244,-0.12144
7605,-0.2652,-0.08832
7606,-0.3009,-0.07176
7607,-0.3264,-0.07728
7608,-0.3264,-0.07728
7609,-0.3468,-0.06072
7610,-0.3213,-0.0552
7611,-0.3009,-0.04416
7612,-0.2703,-0.0276
7613,-0.2397,-0.00552
7614,-0.1989,0.02208
7615,-0.1887,0.06624
7616,-0.153,0.07176
7617,-0.153,0.08832
7618,-0.1683,0.1104
7619,-0.1683,0.1104
7620,-0.1632,0.10488
7621,-0.1224,0.1104
7622,-0.0816,0.10488
7623,-0.0357,0.0552
7624,0.0,0.00552
7625,0.0306,-0.01104
7626,0.0255,-0.00552
7627,0.0612,-0.00552
7628,0.0408,-0.01104
7629,0.0102,-0.0276
7630,-0.0153,-0.04416
7631,-0.0561,-0.03864
7632,-0.1122,-0.04968
7633,-0.1224,-0.04968
7634,-0.1581,-0.04416
7635,-0.1683,-0.03864
7636,-0.1887,-0.04416
7637,-0.2142,-0.02208
7638,-0.2346,-0.01656
7639,-0.204,0.0
7640,-0.1785,0.00552
7641,-0.1428,0.03312
7642,-0.1326,0.04968
7643,-0.1122,0.0828
7644,-0.0408,0.06072
7645,-0.0357,0.04968
7646,-0.0255,0.02208
7647,-0.0612,0.02208
7648,-0.0765,0.00552
7649,-0.0816,0.0
7650,-0.0765,-0.00552
7651,-0.1122,-0.00552
7652,-0.1071,-0.02208
7653,-0.1071,-0.03312
7654,-0.0969,-0.02208
7655,-0.0816,0.0
7656,-0.0918,-0.01104
7657,-0.1734,-0.00552
7658,-0.1938,0.00552
7659,-0.204,0.0
7660,-0.2295,0.01104
7661,-0.2448,-0.01104
7662,-0.2652,-0.00552
7663,-0.3111,-0.01656
7664,-0.3366,0.00552
7665,-0.2295,0.02208
7666,-0.204,0.03864
7667,-0.1632,0.03312
7668,-0.1581,0.0
7669,-0.1428,-0.01104
7670,-0.1275,-0.02208
7671,-0.1275,-0.01104
7672,-0.1326,-0.01104
7673,-0.1071,-0.03312
7674,-0.1173,-0.01656
7675,-0.1173,-0.02208
7676,-0.1224,-0.03312
7677,-0.1479,-0.03864
7678,-0.1428,-0.04416
7679,-0.1428,-0.06072
7680,-0.03425,-0.04026
7681,-0.03425,-0.03355
7682,-0.02055,-0.04026
7683,-0.0137,-0.03355
7684,-0.0137,-0.04026
7685,-0.0411,-0.06039
7686,-0.02055,-0.04697
7687,-0.0548,-0.02684
7688,0.0,-0.04026
7689,-0.0274,-0.04026
7690,0.02055,-0.04697
7691,0.0137,-0.02684
7692,0.0548,-0.02684
7693,0.02055,0.00671
7694,0.06165,0.02013
7695,0.06165,0.03355
7696,0.04795,-0.00671
7697,0.0274,-0.04026
7698,0.0274,-0.06039
7699,0.0274,-0.05368
7700,0.04795,-0.05368
7701,0.06165,-0.05368
7702,0.0548,-0.06039
7703,0.0274,-0.04697
7704,-0.00685,-0.04026
7705,-0.03425,-0.04697
7706,-0.0411,-0.04697
7707,-0.0137,-0.05368
7708,-0.0548,-0.05368
7709,-0.137,-0.06039
7710,-0.1096,-0.06039
7711,0.3014,-0.00671
7712,1.0892,0.09394
7713,1.3289,-0.01342
7714,0.9453,-0.29524
7715,0.5617,-0.47641
7716,0.33565,-0.45628
7717,0.2192,-0.30866
7718,0.10275,-0.17446
7719,0.04795,-0.09394
7720,-0.03425,-0.08723
7721,-0.06165,-0.07381
7722,-0.08905,-0.04697
7723,-0.0822,-0.04026
7724,-0.1096,-0.02013
7725,-0.07535,-0.02013
7726,-0.0959,-0.01342
7727,-0.0822,-0.01342
7728,-0.10275,-0.01342
7729,-0.0959,-0.02684
7730,-0.1096,0.0
7731,-0.07535,-0.00671
7732,-0.08905,0.0
7733,-0.08905,0.00671
7734,-0.08905,0.00671
7735,-0.08905,0.01342
7736,-0.0959,0.02684
7737,-0.08905,0.04026
7738,-0.0822,0.04026
7739,-0.08905,0.04697
7740,-0.08905,0.0671
7741,-0.08905,0.08052
7742,-0.08905,0.09394
7743,-0.07535,0.11407
7744,-0.0685,0.12078
7745,-0.06165,0.11407
7746,-0.06165,0.10736
7747,-0.0548,0.10736
7748,-0.0685,0.10065
7749,-0.02055,0.0671
7750,-0.0274,0.04026
7751,-0.0137,0.03355
7752,-0.0137,0.01342
7753,-0.00685,-0.02013
7754,-0.0274,-0.01342
7755,0.0,-0.02013
7756,-0.02055,-0.02013
7757,-0.0137,-0.04697
7758,-0.0274,-0.02684
7759,-0.02055,-0.05368
7760,-0.04795,-0.02684
7761,-0.02055,-0.06039
7762,-0.02055,-0.03355
7763,-0.03425,-0.04026
7764,-0.0274,-0.04026
7765,-0.03425,-0.05368
7766,-0.03425,-0.03355
7767,-0.03425,-0.03355
7768,-0.0137,-0.04026
7769,-0.03425,-0.03355
7770,-0.02055,-0.02684
7771,-0.02055,-0.03355
7772,-0.02055,-0.02013
7773,-0.0137,-0.02684
7774,-0.0137,-0.02684
7775,-0.02055,-0.02684
7776,-0.0137,-0.03355
7777,-0.02055,-0.02684
7778,-0.03425,-0.02684
7779,-0.0137,-0.02684
7780,-0.02055,-0.02684
7781,-0.02055,-0.03355
7782,-0.03425,-0.03355
7783,-0.02055,-0.04697
7784,-0.0548,-0.02013
7785,-0.0137,-0.04026
7786,-0.03425,-0.03355
7787,-0.00685,-0.04026
7788,-0.0548,-0.04026
7789,-0.00685,-0.06039
7790,-0.0548,-0.02684
7791,-0.00685,-0.04697
7792,-0.03425,-0.04026
7793,-0.0137,-0.04697
7794,-0.03425,-0.04026
7795,-0.0274,-0.04697
7796,-0.0411,-0.02684
7797,-0.02055,-0.04697
7798,-0.0274,-0.04026
7799,-0.0137,-0.04026
7800,0.0,-0.03355
7801,0.02055,-0.04026
7802,0.0274,-0.01342
7803,0.0548,0.0
7804,0.04795,0.01342
7805,0.0548,0.01342
7806,0.06165,0.0
7807,0.03425,-0.02013
7808,0.0411,-0.05368
7809,0.0411,-0.05368
7810,0.04795,-0.06039
7811,0.0548,-0.04026
7812,0.06165,-0.05368
7813,0.0274,-0.04026
7814,0.0137,-0.04026
7815,-0.0137,-0.03355
7816,-0.0274,-0.04697
7817,-0.02055,-0.05368
7818,-0.02055,-0.06039
7819,-0.1096,-0.04697
7820,-0.137,-0.04697
7821,0.02055,-0.04026
7822,0.8494,0.06039
7823,1.3974,0.11407
7824,1.0618,-0.18117
7825,0.6302,-0.41602
7826,0.41785,-0.48983
7827,0.274,-0.36234
7828,0.1918,-0.20801
7829,0.07535,-0.11407
7830,0.00685,-0.08052
7831,-0.04795,-0.05368
7832,-0.04795,-0.04697
7833,-0.06165,-0.02684
7834,-0.07535,-0.02684
7835,-0.0822,-0.01342
7836,-0.08905,-0.00671
7837,-0.08905,-0.00671
7838,-0.0685,0.00671
7839,-0.07535,0.00671
7840,-0.0822,0.0
7841,-0.07535,0.0
7842,-0.0822,0.02013
7843,-0.0685,0.01342
7844,-0.06165,0.02684
7845,-0.0685,0.00671
7846,-0.07535,0.03355
7847,-0.0685,0.01342
7848,-0.0822,0.05368
7849,-0.0685,0.05368
7850,-0.0548,0.0671
7851,-0.0685,0.08052
7852,-0.0685,0.08723
7853,-0.06165,0.10065
7854,-0.06165,0.12078
7855,-0.06165,0.12078
7856,-0.03425,0.11407
7857,-0.0411,0.10736
7858,-0.0411,0.10065
7859,-0.02055,0.08723
7860,-0.0274,0.0671
7861,0.00685,0.04026
7862,0.0137,0.02684
7863,0.0137,0.01342
7864,-0.00685,0.0
7865,0.0,-0.01342
7866,-0.02055,-0.02013
7867,0.0137,-0.02013
7868,-0.02055,-0.00671
7869,-0.00685,-0.02684
7870,-0.0274,-0.03355
7871,-0.00685,-0.03355
7872,-0.0411,-0.01342
7873,0.00685,-0.02684
7874,-0.02055,-0.03355
7875,-0.0137,-0.02684
7876,-0.0274,-0.02684
7877,-0.0137,-0.03355
7878,-0.0274,-0.02013
7879,0.00685,-0.01342
7880,-0.00685,-0.02013
7881,-0.0137,-0.02013
7882,-0.0137,-0.02013
7883,-0.02055,-0.02684
7884,-0.02055,-0.01342
7885,0.00685,-0.02013
7886,-0.00685,-0.02013
7887,-0.02055,-0.02013
7888,-0.02055,-0.02684
7889,-0.02055,-0.02684
7890,-0.0274,-0.02684
7891,-0.00685,-0.02013
7892,-0.0274,-0.02013
7893,-0.02055,-0.03355
7894,-0.02055,-0.02684
7895,-0.0137,-0.03355
7896,-0.0411,-0.02013
7897,-0.00685,-0.02684
7898,-0.0274,-0.02684
7899,-0.0274,-0.02013
7900,-0.0411,-0.03355
7901,-0.0137,-0.04026
7902,-0.04795,-0.01342
7903,-0.0137,-0.03355
7904,-0.0274,-0.02013
7905,-0.0274,-0.04026
7906,-0.03425,-0.02013
7907,-0.02055,-0.03355
7908,-0.04795,-0.02684
7909,-0.02055,-0.02684
7910,-0.0137,-0.02684
7911,-0.0274,-0.02684
7912,0.00685,-0.02684
7913,0.02055,-0.03355
7914,0.0411,-0.01342
7915,0.0411,0.02013
7916,0.0685,0.02013
7917,0.0411,0.03355
7918,0.0548,0.01342
7919,0.04795,-0.02013
7920,0.0411,-0.03355
7921,0.04795,-0.04026
7922,0.0685,-0.04026
7923,0.0548,-0.04026
7924,0.0685,-0.03355
7925,0.0411,-0.04026
7926,-0.00685,-0.02684
7927,-0.0274,-0.02684
7928,-0.00685,-0.03355
7929,-0.02055,-0.05368
7930,-0.02055,-0.04697
7931,-0.0822,-0.04026
7932,-0.06165,-0.03355
7933,0.18495,-0.02684
7934,0.9453,0.07381
7935,1.1029,0.14762
7936,0.7672,-0.12078
7937,0.43155,-0.32208
7938,0.2877,-0.37576
7939,0.2055,-0.26169
7940,0.15755,-0.15433
7941,0.04795,-0.09394
7942,0.0,-0.08052
7943,-0.04795,-0.0671
7944,-0.04795,-0.03355
7945,-0.0548,-0.02013
7946,-0.04795,-0.02684
7947,-0.0548,-0.00671
7948,-0.06165,-0.02013
7949,-0.06165,-0.02013
7950,-0.0548,-0.00671
7951,-0.0548,0.0
7952,-0.0548,0.0
7953,-0.0411,-0.00671
7954,-0.0548,-0.00671
7955,-0.04795,-0.00671
7956,-0.04795,0.0
7957,-0.04795,0.01342
7958,-0.0411,0.01342
7959,-0.0274,0.02013
7960,-0.03425,0.02684
7961,-0.0274,0.02013
7962,-0.02055,0.03355
7963,-0.0411,0.04697
7964,-0.03425,0.05368
7965,-0.0137,0.06039
7966,0.0,0.05368
7967,-0.0137,0.06039
7968,-0.02055,0.04697
7969,-0.02055,0.04697
7970,-0.02055,0.02013
7971,0.0274,0.01342
7972,0.00685,-0.00671
7973,0.0137,-0.00671
7974,0.02055,-0.02684
7975,0.0274,-0.02684
7976,-0.00685,-0.02684
7977,0.0685,-0.04697
7978,0.0,-0.04026
7979,0.02055,-0.04697
7980,-0.00685,-0.04026
7981,-0.00685,-0.04026
7982,-0.00685,-0.02684
7983,0.0137,-0.04026
7984,0.0,-0.02013
7985,0.00685,-0.03355
7986,-0.0137,-0.03355
7987,-0.0137,-0.03355
7988,-0.0137,-0.02013
7989,0.0137,-0.03355
7990,0.0,-0.02684
7991,-0.00685,-0.02684
7992,0.00685,-0.03355
7993,0.0,-0.02684
7994,0.00685,-0.02684
7995,0.03425,-0.03355
7996,0.02055,-0.02684
7997,0.02055,-0.02013
7998,0.0137,-0.03355
7999,0.0137,-0.02013
8000,0.0137,-0.02013
8001,0.0274,-0.02684
8002,0.0137,-0.03355
8003,0.0274,-0.02684
8004,0.00685,-0.04026
8005,0.00685,-0.03355
8006,-0.0274,-0.02013
8007,0.0274,-0.03355
8008,0.00685,-0.03355
8009,0.0,-0.04026
8010,-0.02055,-0.04026
8011,-0.00685,-0.04026
8012,-0.0411,-0.01342
8013,0.02055,-0.04026
8014,-0.0274,-0.03355
8015,0.00685,-0.02013
8016,-0.02055,-0.03355
8017,-0.02055,-0.04026
8018,-0.0274,-0.02013
8019,0.0,-0.03355
8020,-0.0137,-0.02684
8021,-0.02055,-0.04026
8022,-0.03425,-0.03355
8023,-0.03425,-0.02013
8024,-0.0411,-0.02684
8025,-0.0137,-0.02684
8026,0.00685,-0.02684
8027,0.0137,-0.02013
8028,0.0274,-0.00671
8029,0.0137,0.01342
8030,0.03425,0.02013
8031,0.0411,0.04026
8032,0.03425,0.0
8033,0.0274,-0.02013
8034,0.0411,-0.04026
8035,0.02055,-0.02013
8036,0.0548,-0.02684
8037,0.06165,-0.02013
8038,0.0411,-0.02684
8039,-0.00685,-0.02013
8040,-0.0274,-0.02684
8041,-0.0685,-0.01342
8042,-0.03425,-0.03355
8043,-0.02055,-0.01342
8044,-0.06165,-0.02684
8045,-0.08905,-0.03355
8046,0.0411,-0.03355
8047,0.5891,0.02013
8048,1.1645,0.14091
8049,0.80145,0.08052
8050,0.44525,-0.18788
8051,0.22605,-0.28182
8052,0.14385,-0.29524
8053,0.0822,-0.15433
8054,0.0274,-0.10065
8055,-0.03425,-0.06039
8056,-0.0685,-0.04697
8057,-0.0822,-0.04026
8058,-0.08905,-0.02013
8059,-0.10275,0.00671
8060,-0.07535,0.0
8061,-0.0822,0.00671
8062,-0.07535,0.00671
8063,-0.08905,0.01342
8064,-0.10275,0.01342
8065,-0.0822,0.00671
8066,-0.0685,0.01342
8067,-0.06165,0.02013
8068,-0.0685,0.01342
8069,-0.06165,0.01342
8070,-0.07535,0.02684
8071,-0.06165,0.02013
8072,-0.0548,0.04026
8073,-0.0548,0.04026
8074,-0.0548,0.05368
8075,-0.0548,0.04026
8076,-0.06165,0.08723
8077,-0.03425,0.08723
8078,-0.0411,0.10065
8079,-0.02055,0.11407
8080,-0.04795,0.12078
8081,-0.02055,0.10736
8082,-0.0548,0.12749
8083,-0.00685,0.10065
8084,-0.0137,0.10065
8085,0.00685,0.0671
8086,0.0,0.0671
8087,0.0274,0.03355
8088,-0.00685,0.04697
8089,0.03425,0.02013
8090,0.02055,0.02684
8091,0.02055,0.00671
8092,0.0,0.01342
8093,0.00685,-0.00671
8094,-0.02055,0.02013
8095,0.02055,0.00671
8096,-0.02055,0.02013
8097,-0.00685,0.0
8098,-0.02055,0.00671
8099,-0.0137,0.01342
8100,-0.0274,0.01342
8101,0.00685,0.0
8102,-0.0137,0.00671
8103,0.0,0.01342
8104,0.0,0.01342
8105,0.0,0.00671
8106,0.00685,0.02013
8107,0.0137,0.01342
8108,0.02055,0.01342
8109,0.0137,0.00671
8110,0.0137,0.00671
8111,0.0,0.02013
8112,0.0137,0.02013
8113,0.00685,0.01342
8114,0.0137,0.00671
8115,-0.00685,0.00671
8116,0.00685,0.00671
8117,-0.0274,0.00671
8118,0.0274,0.00671
8119,-0.0137,0.01342
8120,0.0137,0.00671
8121,-0.0274,-0.00671
8122,0.0,0.0
8123,-0.04795,0.02013
8124,0.00685,0.00671
8125,-0.03425,-0.00671
8126,-0.00685,0.0
8127,-0.0411,0.0
8128,-0.03425,0.0
8129,-0.04795,-0.00671
8130,-0.00685,-0.00671
8131,-0.0411,0.0
8132,-0.0137,0.0
8133,-0.00685,-0.02013
8134,0.0137,0.01342
8135,0.00685,0.02684
8136,0.0411,0.06039
8137,0.02055,0.05368
8138,0.0274,0.04026
8139,0.0137,0.0
8140,0.0137,-0.02013
8141,0.02055,-0.02013
8142,0.0411,-0.02684
8143,0.03425,-0.01342
8144,0.0411,-0.01342
8145,0.03425,-0.01342
8146,0.0,-0.01342
8147,-0.00685,-0.00671
8148,-0.0274,-0.01342
8149,-0.0274,-0.02013
8150,-0.03425,-0.03355
8151,-0.13015,-0.02013
8152,-0.137,-0.03355
8153,0.14385,-0.00671
8154,1.0755,0.10736
8155,1.4933,0.09394
8156,1.0686,-0.25498
8157,0.58225,-0.43615
8158,0.3699,-0.4697
8159,0.21235,-0.30195
8160,0.14385,-0.16775
8161,0.0274,-0.08052
8162,-0.02055,-0.0671
8163,-0.07535,-0.02684
8164,-0.0548,-0.02684
8165,-0.0822,-0.01342
8166,-0.08905,0.0
8167,-0.08905,0.00671
8168,-0.08905,0.01342
8169,-0.10275,0.02013
8170,-0.0685,0.02013
8171,-0.0959,0.02013
8172,-0.0822,0.01342
8173,-0.0959,0.02013
8174,-0.0959,0.03355
8175,-0.07535,0.04026
8176,-0.0822,0.04026
8177,-0.0822,0.04026
8178,-0.08905,0.04026
8179,-0.08905,0.06039
8180,-0.08905,0.07381
8181,-0.07535,0.08052
8182,-0.0822,0.10065
8183,-0.08905,0.11407
8184,-0.07535,0.12078
8185,-0.10275,0.14762
8186,-0.06165,0.14762
8187,-0.0685,0.16104
8188,-0.04795,0.14091
8189,-0.0685,0.1342
8190,-0.03425,0.12078
8191,-0.0685,0.12749
8192,0.00685,0.08723
8193,-0.0274,0.0671
8194,0.00685,0.05368
8195,-0.0137,0.04697
8196,-0.0137,0.04026
8197,-0.0137,0.02013
8198,0.00685,0.02013
8199,-0.0137,0.02684
8200,-0.0137,0.01342
8201,-0.02055,0.0
8202,-0.0274,0.02013
8203,-0.02055,0.01342
8204,-0.0137,0.00671
8205,-0.02055,0.00671
8206,-0.0274,0.00671
8207,-0.0411,0.00671
8208,-0.0274,0.00671
8209,-0.02055,0.00671
8210,-0.02055,0.00671
8211,-0.02055,0.00671
8212,-0.0137,0.01342
8213,-0.0274,0.00671
8214,0.0,0.00671
8215,-0.02055,0.01342
8216,-0.02055,0.00671
8217,-0.0137,-0.01342
8218,-0.0274,0.02013
8219,-0.0137,0.01342
8220,-0.0137,0.01342
8221,-0.0137,0.0
8222,-0.03425,0.01342
8223,-0.00685,0.0
8224,-0.04795,0.02013
8225,0.0,-0.00671
8226,-0.03425,0.00671
8227,-0.00685,0.00671
8228,-0.03425,-0.00671
8229,-0.0274,0.0
8230,-0.03425,0.00671
8231,-0.00685,0.0
8232,-0.0274,0.00671
8233,-0.03425,0.00671
8234,-0.03425,0.0
8235,-0.04795,0.00671
8236,-0.02055,-0.00671
8237,-0.0411,0.0
8238,-0.03425,-0.01342
8239,-0.03425,-0.01342
8240,0.0,-0.01342
8241,0.00685,-0.00671
8242,0.0411,0.01342
8243,0.03425,0.04026
8244,0.0274,0.05368
8245,0.03425,0.06039
8246,0.02055,0.02684
8247,0.0274,0.01342
8248,0.0274,-0.00671
8249,0.0274,-0.02013
8250,0.03425,-0.02684
8251,0.0274,0.0
8252,0.0685,-0.00671
8253,0.0137,0.0
8254,0.0,-0.01342
8255,-0.04795,-0.01342
8256,-0.03425,-0.01342
8257,-0.04795,-0.02684
8258,-0.02055,-0.02684
8259,-0.15755,-0.04697
8260,-0.1096,-0.04026
8261,0.3425,-0.02013
8262,1.1919,0.12749
8263,1.3015,0.00671
8264,0.8768,-0.31537
8265,0.5069,-0.48983
8266,0.30825,-0.44286
8267,0.2055,-0.28182
8268,0.0959,-0.1342
8269,0.0274,-0.09394
8270,-0.03425,-0.06039
8271,-0.06165,-0.06039
8272,-0.08905,-0.04697
8273,-0.0959,-0.04026
8274,-0.0959,-0.02013
8275,-0.0822,-0.02013
8276,-0.0959,-0.01342
8277,-0.10275,-0.02013
8278,-0.0959,-0.01342
8279,-0.10275,0.0
8280,-0.08905,-0.00671
8281,-0.0959,0.0
8282,-0.08905,0.0
8283,-0.0959,0.00671
8284,-0.0959,0.02013
8285,-0.0959,0.01342
8286,-0.07535,0.02013
8287,-0.07535,0.03355
8288,-0.08905,0.05368
8289,-0.07535,0.02684
8290,-0.10275,0.08723
8291,-0.0685,0.08723
8292,-0.0685,0.10736
8293,-0.0685,0.10736
8294,-0.07535,0.11407
8295,-0.06165,0.12078
8296,-0.0685,0.1342
8297,-0.04795,0.10065
8298,-0.03425,0.10736
8299,-0.02055,0.07381
8300,-0.02055,0.0671
8301,-0.0137,0.04026
8302,-0.0137,0.03355
8303,0.00685,0.02684
8304,-0.00685,0.02013
8305,-0.0137,0.0
8306,-0.0137,0.00671
8307,-0.02055,0.00671
8308,-0.0274,0.00671
8309,-0.0137,0.0
8310,-0.02055,0.0
8311,-0.0274,0.0
8312,-0.03425,-0.00671
8313,-0.0411,0.0
8314,-0.03425,0.0
8315,-0.0274,0.0
8316,-0.0274,0.0
8317,-0.0274,-0.00671
8318,-0.0137,-0.00671
8319,-0.0274,0.00671
8320,-0.10868,0.05434
8321,-0.11856,0.05928
8322,-0.16302,0.06422
8323,-0.13832,0.06422
8324,-0.10868,0.06422
8325,-0.13338,0.0741
8326,-0.12844,0.0741
8327,-0.11856,0.06916
8328,-0.11856,0.08398
8329,-0.06916,0.0741
8330,-0.03458,0.07904
8331,-0.0494,0.05434
8332,-0.0741,0.07904
8333,-0.0247,0.0741
8334,0.0494,0.06916
8335,0.08892,0.08398
8336,0.06916,0.07904
8337,0.08892,0.05928
8338,0.11856,0.0494
8339,0.14326,0.00988
8340,0.15314,0.0
8341,0.16796,-0.00988
8342,0.15314,-0.01976
8343,0.15808,-0.01976
8344,0.13338,-0.01482
8345,0.13832,-0.01482
8346,0.11856,0.0
8347,0.09386,0.0
8348,0.07904,0.00988
8349,0.0988,-0.01482
8350,0.05434,0.00988
8351,0.03952,0.00988
8352,0.00494,0.0247
8353,-0.0494,0.03458
8354,-0.06916,0.0494
8355,-0.05928,0.05928
8356,-0.08892,0.06916
8357,-0.08398,0.0741
8358,-0.11362,0.09386
8359,-0.05928,0.10868
8360,-0.08398,0.11362
8361,-0.0494,0.12844
8362,-0.06422,0.13338
8363,-0.06422,0.0988
8364,-0.0741,0.05928
8365,-0.05434,0.0741
8366,-0.05928,0.06422
8367,-0.06916,0.05928
8368,-0.09386,0.06422
8369,-0.0494,0.06422
8370,-0.09386,0.06916
8371,-0.07904,0.06422
8372,-0.0988,0.05928
8373,-0.07904,0.06422
8374,-0.08892,0.05928
8375,-0.10868,0.05928
8376,-0.13338,0.06916
8377,-0.1482,0.05434
8378,-0.13832,0.08398
8379,-0.16302,0.06422
8380,-0.1235,0.06916
8381,-0.0988,0.09386
8382,-0.13832,0.11362
8383,-0.10374,0.10868
8384,-0.06916,0.10374
8385,-0.0741,0.0988
8386,-0.0988,0.08398
8387,-0.11856,0.0741
8388,-0.13832,0.0741
8389,-0.16302,0.0741
8390,-0.13832,0.06422
8391,-0.11856,0.07904
8392,-0.12844,0.06422
8393,-0.11362,0.0741
8394,-0.05928,0.06422
8395,-0.0741,0.08892
8396,-0.12844,0.08398
8397,-0.10374,0.0741
8398,-0.10374,0.08892
8399,-0.13832,0.06422
8400,-0.21736,0.08892
8401,0.10868,0.0988
8402,0.72124,0.02964
8403,1.1708,-0.11856
8404,0.84474,-0.32604
8405,0.3705,-0.40014
8406,0.06422,-0.06916
8407,-0.10374,0.04446
8408,-0.10374,0.05928
8409,-0.15314,0.0741
8410,-0.16796,0.05434
8411,-0.15808,0.05434
8412,-0.16796,0.03952
8413,-0.2223,0.06916
8414,-0.18772,0.06916
8415,-0.18772,0.05434
8416,-0.1729,0.05928
8417,-0.1729,0.06422
8418,-0.11856,0.05928
8419,-0.14326,0.0741
8420,-0.13338,0.06916
8421,-0.13832,0.0741
8422,-0.11856,0.08398
8423,-0.11856,0.06916
8424,-0.11362,0.07904
8425,-0.0988,0.09386
8426,-0.03952,0.08892
8427,-0.0247,0.0988
8428,-0.03952,0.07904
8429,-0.0494,0.05434
8430,-0.02964,0.03458
8431,-0.04446,0.03458
8432,-0.03952,0.0247
8433,-0.0741,0.03458
8434,-0.03952,0.03458
8435,-0.00988,0.01482
8436,0.0,0.00494
8437,0.00494,0.01976
8438,0.0,0.02964
8439,0.00988,0.01482
8440,0.02964,0.01482
8441,0.01976,0.01482
8442,0.05928,0.02964
8443,0.05928,0.0247
8444,0.06422,0.02964
8445,0.05928,0.0247
8446,0.07904,0.04446
8447,0.07904,0.03458
8448,0.05928,0.0247
8449,0.02964,0.0247
8450,0.0,0.03458
8451,-0.0247,0.03458
8452,-0.02964,0.0494
8453,-0.03952,0.0494
8454,-0.0494,0.05928
8455,-0.0741,0.06916
8456,-0.13338,0.08892
8457,-0.16302,0.10868
8458,-0.16796,0.11856
8459,-0.1729,0.12844
8460,-0.16302,0.0988
8461,-0.1729,0.0988
8462,-0.17784,0.11856
8463,-0.15314,0.11362
8464,-0.13832,0.11362
8465,-0.12844,0.1235
8466,-0.10374,0.10374
8467,-0.09386,0.0988
8468,-0.10374,0.0741
8469,-0.10374,0.06916
8470,-0.11856,0.08892
8471,-0.09386,0.07904
8472,-0.08398,0.0741
8473,-0.10868,0.0741
8474,-0.11362,0.0988
8475,-0.06916,0.08398
8476,-0.0741,0.08398
8477,-0.08892,0.07904
8478,-0.08892,0.08892
8479,-0.06916,0.09386
8480,-0.06916,0.09386
8481,-0.0494,0.08398
8482,-0.0741,0.08892
8483,-0.08892,0.0988
8484,-0.15314,0.10868
8485,-0.15314,0.1235
8486,-0.16302,0.13338
8487,-0.1235,0.13338
8488,-0.10868,0.14326
8489,-0.13832,0.12844
8490,-0.14326,0.0988
8491,-0.13338,0.0988
8492,-0.1482,0.08892
8493,-0.15314,0.0741
8494,-0.15808,0.0988
8495,-0.15314,0.08892
8496,-0.12844,0.08398
8497,-0.11856,0.08398
8498,-0.1235,0.08892
8499,-0.11362,0.08892
8500,-0.0988,0.09386
8501,-0.10374,0.09386
8502,-0.09386,0.09386
8503,-0.08892,0.10868
8504,-0.08398,0.11856
8505,-0.09386,0.10868
8506,-0.0988,0.10374
8507,-0.11362,0.13338
8508,-0.05928,0.13832
8509,-0.00494,0.14326
8510,-0.00988,0.12844
8511,-0.05434,0.11362
8512,-0.07904,0.08892
8513,-0.1235,0.09386
8514,-0.13832,0.08398
8515,-0.1482,0.10374
8516,-0.12844,0.08398
8517,-0.22724,0.07904
8518,-0.247,0.07904
8519,-0.14326,0.10868
8520,0.40508,0.06422
8521,0.99788,-0.03952
8522,1.0917,-0.31122
8523,0.62244,-0.5187
8524,0.24206,-0.31616
8525,-0.00494,-0.03458
8526,-0.08398,0.01482
8527,-0.0988,0.09386
8528,-0.10374,0.0988
8529,-0.06916,0.11362
8530,-0.04446,0.11362
8531,-0.02964,0.1235
8532,-0.0247,0.1235
8533,-0.03952,0.10868
8534,-0.07904,0.11856
8535,-0.10374,0.09386
8536,-0.10374,0.08892
8537,-0.08398,0.09386
8538,-0.11856,0.08398
8539,-0.11362,0.08398
8540,-0.11856,0.08892
8541,-0.1235,0.0988
8542,-0.11362,0.07904
8543,-0.10868,0.08398
8544,-0.12844,0.08398
8545,-0.07904,0.07904
8546,-0.07904,0.08892
8547,-0.05928,0.08892
8548,-0.03952,0.08892
8549,0.01976,0.0988
8550,0.03952,0.09386
8551,0.08398,0.0741
8552,0.10374,0.05928
8553,0.13338,0.04446
8554,0.14326,0.01976
8555,0.1482,0.01976
8556,0.12844,0.0247
8557,0.16796,0.01976
8558,0.15314,0.02964
8559,0.13832,0.03458
8560,0.1235,0.01482
8561,0.11856,0.0247
8562,0.11362,0.03952
8563,0.08892,0.02964
8564,0.0988,0.0494
8565,0.0741,0.0494
8566,0.0741,0.03952
8567,0.0494,0.06422
8568,0.01976,0.05434
8569,-0.00988,0.0741
8570,0.0,0.08398
8571,0.01482,0.08892
8572,0.0247,0.0988
8573,0.0,0.07904
8574,-0.00988,0.06422
8575,-0.0247,0.05928
8576,-0.05434,0.03952
8577,-0.05434,0.05434
8578,-0.03458,0.05434
8579,-0.03952,0.05434
8580,-0.06422,0.06916
8581,-0.08892,0.0741
8582,-0.08398,0.07904
8583,-0.10374,0.08892
8584,-0.0988,0.0741
8585,-0.11362,0.08892
8586,-0.0494,0.08892
8587,-0.02964,0.0741
8588,-0.07904,0.0741
8589,-0.09386,0.08892
8590,-0.0741,0.0988
8591,-0.08892,0.10374
8592,-0.07904,0.10868
8593,-0.03458,0.12844
8594,-0.02964,0.13338
8595,-0.0494,0.10868
8596,-0.02964,0.06422
8597,-0.04446,0.06422
8598,-0.05928,0.06916
8599,-0.0494,0.0741
8600,-0.09386,0.06916
8601,-0.08398,0.05928
8602,-0.0741,0.0741
8603,-0.10374,0.06916
8604,-0.11856,0.06916
8605,-0.11856,0.0741
8606,-0.10868,0.08398
8607,-0.12844,0.07904
8608,-0.12844,0.06916
8609,-0.1482,0.07904
8610,-0.13832,0.08892
8611,-0.16796,0.08892
8612,-0.16302,0.0988
8613,-0.20254,0.10374
8614,-0.16302,0.08892
8615,-0.11362,0.09386
8616,-0.05434,0.11362
8617,-0.05928,0.11856
8618,-0.06422,0.10374
8619,-0.10374,0.08398
8620,-0.07904,0.05928
8621,-0.06422,0.0741
8622,-0.06916,0.0741
8623,-0.05928,0.06916
8624,-0.07904,0.06422
8625,-0.0988,0.06916
8626,-0.06916,0.06916
8627,-0.11362,0.06422
8628,-0.11362,0.06916
8629,-0.14326,0.07904
8630,-0.10374,0.08398
8631,-0.09386,0.0741
8632,-0.05928,0.06916
8633,-0.1482,0.08398
8634,-0.1729,0.06422
8635,-0.15314,0.09386
8636,0.11362,0.09386
8637,0.6916,0.0247
8638,1.1066,-0.1482
8639,0.77558,-0.41496
8640,0.2717,-0.4446
8641,0.01976,-0.09386
8642,-0.12844,0.00494
8643,-0.08892,0.02964
8644,-0.08892,0.04446
8645,-0.10868,0.03458
8646,-0.09386,0.05928
8647,-0.06916,0.06916
8648,-0.10868,0.06422
8649,-0.11362,0.06916
8650,-0.09386,0.06422
8651,-0.09386,0.05928
8652,-0.08892,0.0741
8653,-0.10868,0.06916
8654,-0.08892,0.06916
8655,-0.09386,0.0741
8656,-0.0988,0.06916
8657,-0.08892,0.06916
8658,-0.10868,0.07904
8659,-0.0741,0.08398
8660,-0.06916,0.0741
8661,-0.08892,0.08398
8662,-0.10868,0.0988
8663,-0.06916,0.08892
8664,-0.05928,0.10374
8665,-0.0494,0.05434
8666,-0.01976,0.02964
8667,0.00494,0.01482
8668,0.00494,0.01976
8669,0.03952,0.00988
8670,0.08398,0.01976
8671,0.0988,0.01482
8672,0.11362,0.01482
8673,0.14326,0.01482
8674,0.13832,0.01482
8675,0.13338,0.0
8676,0.12844,0.01482
8677,0.18278,0.00988
8678,0.16302,0.00988
8679,0.12844,0.0247
8680,0.12844,0.02964
8681,0.10374,0.0247
8682,0.06422,0.01976
8683,0.04446,0.01976
8684,0.00494,0.05928
8685,0.00988,0.06916
8686,-0.03458,0.06916
8687,-0.06916,0.05928
8688,-0.11856,0.06422
8689,-0.14326,0.05928
8690,-0.1482,0.05434
8691,-0.12844,0.04446
8692,-0.18278,0.05928
8693,-0.13832,0.0741
8694,-0.1482,0.05928
8695,-0.1235,0.0741
8696,-0.1235,0.0741
8697,-0.07904,0.06916
8698,-0.08892,0.07904
8699,-0.07904,0.06422
8700,-0.07904,0.08398
8701,-0.06422,0.07904
8702,-0.05434,0.09386
8703,-0.06916,0.08398
8704,-0.07904,0.08398
8705,-0.06422,0.0988
8706,-0.05434,0.0988
8707,-0.06916,0.08398
8708,-0.09386,0.05928
8709,-0.11856,0.05928
8710,-0.11856,0.06916
8711,-0.1482,0.0741
8712,-0.14326,0.06916
8713,-0.1729,0.07904
8714,-0.1729,0.07904
8715,-0.15314,0.06916
8716,-0.12844,0.06422
8717,-0.1482,0.09386
8718,-0.11362,0.08398
8719,-0.1235,0.07904
8720,-0.10868,0.08398
8721,-0.10868,0.08892
8722,-0.07904,0.08892
8723,-0.07904,0.09386
8724,-0.0988,0.09386
8725,-0.08892,0.0988
8726,-0.03952,0.10868
8727,-0.0494,0.11362
8728,-0.03458,0.09386
8729,-0.03952,0.09386
8730,-0.03458,0.08398
8731,-0.06916,0.0741
8732,-0.06916,0.06916
8733,-0.10868,0.0741
8734,-0.13338,0.07904
8735,-0.14326,0.08892
8736,-0.15808,0.0741
8737,-0.18278,0.0741
8738,-0.18772,0.08398
8739,-0.15314,0.09386
8740,-0.1482,0.09386
8741,-0.1482,0.10374
8742,-0.1482,0.10868
8743,-0.11856,0.11362
8744,-0.1235,0.11856
8745,-0.11856,0.10374
8746,-0.11362,0.13338
8747,-0.06916,0.1235
8748,-0.06422,0.12844
8749,-0.06422,0.09386
8750,-0.08892,0.09386
8751,-0.06422,0.07904
8752,-0.07904,0.06916
8753,-0.07904,0.05928
8754,-0.10374,0.08398
8755,-0.08892,0.05928
8756,-0.13832,0.06422
8757,-0.20748,0.06916
8758,-0.0988,0.08892
8759,0.35568,0.0741
8760,0.96824,-0.03458
8761,0.988,-0.24206
8762,0.5187,-0.47918
8763,0.16302,-0.2717
8764,-0.06422,0.01482
8765,-0.10374,0.0494
8766,-0.10374,0.10374
8767,-0.1235,0.11856
8768,-0.06916,0.11362
8769,-0.04446,0.13832
8770,-0.00988,0.13338
8771,-0.03458,0.12844
8772,-0.02964,0.10374
8773,-0.06916,0.09386
8774,-0.07904,0.0741
8775,-0.10374,0.08398
8776,-0.08892,0.09386
8777,-0.10374,0.07904
8778,-0.10868,0.0741
8779,-0.13338,0.09386
8780,-0.10374,0.09386
8781,-0.13832,0.08398
8782,-0.12844,0.09386
8783,-0.13832,0.0988
8784,-0.13832,0.0988
8785,-0.13338,0.10374
8786,-0.13832,0.0988
8787,-0.10374,0.0988
8788,-0.07904,0.10374
8789,-0.01482,0.08892
8790,0.01976,0.10374
8791,0.06916,0.08892
8792,0.09386,0.05434
8793,0.13338,0.04446
8794,0.13832,0.03458
8795,0.13832,0.01976
8796,0.12844,0.01482
8797,0.14326,0.01482
8798,0.13338,0.01482
8799,0.12844,0.01482
8800,0.13832,0.00988
8801,0.1235,0.01976
8802,0.11362,0.01976
8803,0.08892,0.01482
8804,0.0741,0.00988
8805,0.0247,0.03458
8806,0.0247,0.03458
8807,-0.04446,0.04446
8808,-0.06916,0.0741
8809,-0.0741,0.08892
8810,-0.05434,0.11856
8811,-0.0494,0.1235
8812,-0.05928,0.10868
8813,-0.05928,0.09386
8814,-0.06422,0.09386
8815,-0.05928,0.08892
8816,-0.04446,0.08892
8817,-0.03952,0.07904
8818,-0.05928,0.08892
8819,-0.00494,0.09386
8820,-0.01976,0.08398
8821,-0.01976,0.08398
8822,-0.01976,0.08398
8823,-0.00494,0.10374
8824,-0.0247,0.08892
8825,-0.00988,0.07904
8826,-0.03458,0.08892
8827,-0.0247,0.08892
8828,-0.05434,0.09386
8829,-0.06422,0.08892
8830,-0.06422,0.10374
8831,-0.05928,0.14326
8832,-0.03458,0.12844
8833,-0.05928,0.0988
8834,-0.07904,0.08398
8835,-0.11856,0.08892
8836,-0.11362,0.07904
8837,-0.10868,0.06916
8838,-0.1235,0.08398
8839,-0.1235,0.08892
8840,-0.11362,0.08892
8841,-0.13338,0.08892
8842,-0.13338,0.09386
8843,-0.11362,0.08892
8844,-0.08892,0.09386
8845,-0.08892,0.09386
8846,-0.08398,0.0988
8847,-0.0741,0.08892
8848,-0.10374,0.0988
8849,-0.06916,0.08892
8850,-0.06916,0.0988
8851,-0.06916,0.0988
8852,-0.06422,0.11362
8853,0.0,0.13338
8854,-0.02964,0.1235
8855,-0.0494,0.11856
8856,-0.08398,0.10868
8857,-0.08892,0.09386
8858,-0.10868,0.09386
8859,-0.10868,0.09386
8860,-0.11856,0.08892
8861,-0.1235,0.08892
8862,-0.10374,0.08892
8863,-0.09386,0.08892
8864,-0.10374,0.08892
8865,-0.1235,0.08892
8866,-0.0988,0.08398
8867,-0.10374,0.0988
8868,-0.11362,0.0988
8869,-0.11362,0.0988
8870,-0.10374,0.09386
8871,-0.10374,0.10374
8872,-0.06916,0.10374
8873,-0.0494,0.10374
8874,-0.00988,0.12844
8875,0.01482,0.11362
8876,0.0,0.09386
8877,-0.0494,0.06422
8878,-0.11362,0.09386
8879,0.10868,0.09386
8880,0.63232,0.05434
8881,1.1658,-0.09386
8882,1.0028,-0.33592
8883,0.53352,-0.53846
8884,0.1729,-0.24206
8885,-0.04446,-0.0247
8886,-0.08398,0.02964
8887,-0.07904,0.07904
8888,-0.13832,0.0741
8889,-0.11856,0.0741
8890,-0.12844,0.08398
8891,-0.1235,0.11362
8892,-0.13338,0.10868
8893,-0.12844,0.10868
8894,-0.11856,0.1235
8895,-0.08892,0.13832
8896,-0.05928,0.12844
8897,-0.0741,0.10868
8898,-0.07904,0.08398
8899,-0.06916,0.08892
8900,-0.01976,0.08398
8901,-0.03952,0.08398
8902,-0.03458,0.0741
8903,-0.03952,0.08398
8904,-0.01482,0.07904
8905,0.0,0.08398
8906,0.0247,0.07904
8907,0.00988,0.09386
8908,0.0247,0.07904
8909,0.03458,0.08398
8910,0.05928,0.08398
8911,0.05928,0.06916
8912,0.10374,0.06422
8913,0.10868,0.0494
8914,0.10374,0.06422
8915,0.12844,0.06916
8916,0.1729,0.07904
8917,0.16302,0.06422
8918,0.1729,0.0494
8919,0.1729,0.00988
8920,0.15314,0.01976
8921,0.14326,0.00988
8922,0.11362,0.00494
8923,0.09386,0.0
8924,0.06916,0.00494
8925,0.0988,0.0
8926,0.08892,0.01976
8927,0.05928,0.01482
8928,0.0247,0.03458
8929,0.0,0.03458
8930,-0.04446,0.03952
8931,-0.06422,0.05434
8932,-0.0741,0.0741
8933,-0.06422,0.08892
8934,-0.0988,0.0988
8935,-0.08892,0.08892
8936,-0.02964,0.10868
8937,0.01482,0.10374
8938,-0.00988,0.11362
8939,-0.05434,0.0988
8940,-0.06916,0.09386
8941,-0.04446,0.08398
8942,-0.06422,0.0741
8943,-0.07904,0.05434
8944,-0.08398,0.05928
8945,-0.05928,0.06422
8946,-0.09386,0.06916
8947,-0.09386,0.05928
8948,-0.11362,0.06916
8949,-0.0988,0.06422
8950,-0.0988,0.05928
8951,-0.11362,0.05928
8952,-0.1482,0.0741
8953,-0.13338,0.06916
8954,-0.11362,0.08398
8955,-0.10374,0.07904
8956,-0.11856,0.08398
8957,-0.08892,0.08892
8958,-0.08398,0.09386
8959,-0.0988,0.07904
8960,-0.07137,0.10115
8961,-0.01647,0.08925
8962,-0.01098,0.08925
8963,0.01098,0.08925
8964,-0.04392,0.06545
8965,-0.0549,0.0119
8966,-0.06039,0.01785
8967,-0.0549,0.01785
8968,-0.08784,0.04165
8969,-0.04941,0.0476
8970,-0.09333,0.0476
8971,-0.09882,0.0476
8972,-0.13176,0.0476
8973,-0.13176,0.05355
8974,-0.12627,0.0595
8975,-0.1098,0.06545
8976,-0.09333,0.07735
8977,-0.09333,0.07735
8978,-0.07686,0.06545
8979,-0.1098,0.08925
8980,-0.07137,0.0952
8981,-0.02196,0.12495
8982,-0.01098,0.11305
8983,-0.07686,0.16065
8984,-0.07686,0.1547
8985,-0.13176,0.12495
8986,-0.10431,0.04165
8987,-0.14823,0.0119
8988,-0.15372,0.01785
8989,-0.14823,0.01785
8990,-0.17568,0.00595
8991,-0.1647,0.00595
8992,-0.13725,0.0119
8993,-0.13176,0.0357
8994,-0.14823,0.0357
8995,-0.13176,0.02975
8996,-0.15372,0.06545
8997,-0.12078,0.0595
8998,-0.14823,0.07735
8999,-0.09882,0.0714
9000,-0.13176,0.08925
9001,-0.08235,0.11305
9002,-0.07137,0.1309
9003,-0.02196,0.12495
9004,-0.02745,0.1309
9005,-0.02196,0.10115
9006,-0.04941,0.0714
9007,-0.1098,0.06545
9008,-0.13725,0.02975
9009,-0.1647,0.0
9010,-0.15921,-0.0238
9011,-0.23607,-0.0238
9012,-0.1098,0.0119
9013,0.36783,0.04165
9014,1.098,0.0714
9015,1.3066,0.06545
9016,0.51057,-0.0476
9017,-0.03843,-0.18445
9018,-0.08235,-0.08925
9019,-0.08235,0.05355
9020,-0.09882,0.0952
9021,-0.09333,0.1071
9022,-0.09882,0.1428
9023,-0.11529,0.14875
9024,-0.12627,0.11305
9025,-0.12078,0.06545
9026,-0.14823,0.02975
9027,-0.17019,0.02975
9028,-0.19215,0.0238
9029,-0.23607,0.0119
9030,-0.24156,-0.0357
9031,-0.20313,-0.00595
9032,-0.19215,0.00595
9033,-0.19764,0.0357
9034,-0.21411,0.01785
9035,-0.20862,0.05355
9036,-0.14823,0.0595
9037,-0.17019,0.0714
9038,-0.14274,0.0714
9039,-0.10431,0.0714
9040,-0.09333,0.08925
9041,-0.06588,0.1071
9042,0.00549,0.10115
9043,0.00549,0.11305
9044,-0.01647,0.12495
9045,-0.0549,0.14875
9046,-0.1098,0.1309
9047,-0.11529,0.0714
9048,-0.13176,0.04165
9049,-0.13725,0.0238
9050,-0.11529,0.01785
9051,-0.10431,0.04165
9052,-0.1098,0.0595
9053,-0.07686,0.0476
9054,-0.12627,0.04165
9055,-0.12627,0.0476
9056,-0.13725,0.05355
9057,-0.13725,0.06545
9058,-0.11529,0.05355
9059,-0.10431,0.0714
9060,-0.07686,0.0833
9061,-0.07686,0.07735
9062,-0.08235,0.08925
9063,-0.0549,0.08925
9064,-0.0549,0.0952
9065,-0.01647,0.0952
9066,-0.00549,0.11305
9067,0.06039,0.13685
9068,0.0549,0.12495
9069,-0.01098,0.07735
9070,0.06039,0.04165
9071,0.7137,0.02975
9072,1.4823,0.0357
9073,1.8611,0.0238
9074,1.0321,-0.05355
9075,0.39528,-0.238
9076,0.12627,-0.22015
9077,0.00549,-0.0714
9078,-0.1098,-0.0119
9079,-0.11529,0.02975
9080,-0.14274,0.0595
9081,-0.13725,0.06545
9082,-0.19215,0.05355
9083,-0.18117,0.05355
9084,-0.17019,0.07735
9085,-0.18117,0.07735
9086,-0.20313,0.07735
9087,-0.24156,0.07735
9088,-0.21411,0.07735
9089,-0.19215,0.0714
9090,-0.17568,0.08925
9091,-0.1647,0.1071
9092,-0.10431,0.1071
9093,-0.06039,0.11305
9094,0.04941,0.119
9095,0.02745,0.119
9096,0.02745,0.1428
9097,0.07686,0.11305
9098,0.09882,0.0952
9099,0.09333,0.05355
9100,0.04941,0.0595
9101,0.04941,0.02975
9102,0.04392,0.0119
9103,0.03843,0.0119
9104,0.00549,0.01785
9105,-0.01647,0.02975
9106,-0.0549,0.01785
9107,-0.12627,0.0238
9108,-0.13176,0.01785
9109,-0.12078,0.02975
9110,-0.14274,0.0238
9111,-0.1647,0.05355
9112,-0.20313,0.05355
9113,-0.20862,0.07735
9114,-0.14823,0.0714
9115,-0.15372,0.07735
9116,-0.13176,0.0714
9117,-0.09333,0.07735
9118,-0.01098,0.0952
9119,0.04392,0.11305
9120,0.03843,0.13685
9121,0.04392,0.12495
9122,0.04941,0.10115
9123,0.06039,0.05355
9124,0.01098,0.0595
9125,-0.00549,0.0357
9126,-0.06588,0.02975
9127,-0.10431,-0.0357
9128,-0.11529,-0.01785
9129,-0.0549,-0.0238
9130,-0.13176,0.00595
9131,0.02745,-0.00595
9132,0.58743,0.0119
9133,1.2956,0.0357
9134,1.4329,0.01785
9135,0.68076,-0.08925
9136,0.06039,-0.18445
9137,-0.09333,-0.08925
9138,-0.1647,0.0476
9139,-0.23058,0.0833
9140,-0.20313,0.06545
9141,-0.18666,0.10115
9142,-0.12627,0.1547
9143,-0.14274,0.11305
9144,-0.10431,0.07735
9145,-0.12627,0.0714
9146,-0.13176,0.02975
9147,-0.20313,0.0357
9148,-0.23607,0.0238
9149,-0.20862,0.0238
9150,-0.20862,0.00595
9151,-0.19764,0.02975
9152,-0.18666,0.04165
9153,-0.20862,0.06545
9154,-0.20862,0.0595
9155,-0.19215,0.06545
9156,-0.17019,0.07735
9157,-0.15921,0.07735
9158,-0.12627,0.0714
9159,-0.14823,0.0833
9160,-0.1098,0.07735
9161,-0.1098,0.06545
9162,-0.07686,0.0833
9163,-0.03843,0.0595
9164,-0.03294,0.0952
9165,0.01098,0.119
9166,0.06588,0.11305
9167,0.06588,0.0833
9168,0.04941,0.0476
9169,-0.01098,0.02975
9170,-0.06039,0.01785
9171,-0.10431,0.00595
9172,-0.13725,0.0
9173,-0.15372,-0.00595
9174,-0.15921,0.00595
9175,-0.15921,0.0119
9176,-0.18666,0.04165
9177,-0.15372,0.04165
9178,-0.1647,0.0476
9179,-0.13725,0.0476
9180,-0.17568,0.0595
9181,-0.14823,0.0357
9182,-0.13176,0.05355
9183,-0.13176,0.06545
9184,-0.13725,0.06545
9185,-0.11529,0.0595
9186,-0.06588,0.0714
9187,-0.02745,0.05355
9188,-0.01647,0.1071
9189,-0.01647,0.1428
9190,-0.01098,0.1428
9191,0.00549,0.1071
9192,-0.03294,0.06545
9193,-0.06588,0.0595
9194,-0.11529,0.04165
9195,-0.12078,0.0238
9196,-0.14274,0.00595
9197,-0.13725,-0.00595
9198,-0.19215,0.0119
9199,-0.12627,0.02975
9200,-0.18117,0.0357
9201,-0.17568,0.0238
9202,-0.17568,0.02975
9203,-0.15372,0.0357
9204,-0.18666,0.02975
9205,-0.19764,0.04165
9206,-0.14274,0.0476
9207,-0.13176,0.0595
9208,-0.12627,0.06545
9209,-0.12078,0.0714
9210,-0.09882,0.0595
9211,-0.09882,0.0833
9212,-0.04941,0.08925
9213,-0.02196,0.14875
9214,-0.02196,0.17255
9215,-0.04941,0.1309
9216,-0.09333,0.0952
9217,-0.13176,0.07735
9218,-0.15921,0.04165
9219,-0.15372,0.00595
9220,-0.17568,0.0238
9221,-0.19764,0.02975
9222,-0.18117,0.02975
9223,-0.20313,0.0357
9224,-0.23607,0.04165
9225,-0.14823,0.04165
9226,0.35685,0.01785
9227,0.96075,0.0595
9228,1.3615,0.0476
9229,0.52155,-0.0357
9230,-0.0549,-0.1904
9231,-0.10431,-0.1309
9232,-0.09333,0.0357
9233,-0.12078,0.07735
9234,-0.12627,0.0714
9235,-0.12627,0.13685
9236,-0.13176,0.16065
9237,-0.13725,0.1428
9238,-0.12627,0.10115
9239,-0.11529,0.0476
9240,-0.09882,0.04165
9241,-0.18117,0.06545
9242,-0.15372,0.0238
9243,-0.21411,0.00595
9244,-0.15372,0.0238
9245,-0.19215,0.02975
9246,-0.22509,0.0238
9247,-0.20313,0.05355
9248,-0.18666,0.0357
9249,-0.20313,0.04165
9250,-0.19764,0.04165
9251,-0.15921,0.0476
9252,-0.17019,0.0476
9253,-0.15921,0.0714
9254,-0.10431,0.07735
9255,-0.1098,0.0952
9256,-0.07686,0.119
9257,-0.08784,0.10115
9258,-0.09333,0.07735
9259,-0.14823,0.07735
9260,-0.04392,0.0357
9261,-0.02196,0.06545
9262,-0.07137,0.0476
9263,-0.08784,0.04165
9264,-0.04941,0.0476
9265,-0.07137,0.0476
9266,-0.06588,0.04165
9267,-0.0549,0.0476
9268,-0.07686,0.05355
9269,-0.07686,0.0595
9270,-0.0549,0.0595
9271,-0.08784,0.0714
9272,-0.04941,0.0714
9273,-0.04941,0.08925
9274,-0.03294,0.06545
9275,0.0,0.0833
9276,0.0,0.10115
9277,-0.01647,0.13685
9278,0.03294,0.1071
9279,0.02745,0.0833
9280,0.00549,0.05355
9281,-0.00549,0.04165
9282,0.00549,0.0357
9283,-0.01098,0.0238
9284,-0.03843,0.01785
9285,-0.06039,0.01785
9286,-0.06588,0.0238
9287,-0.09333,0.01785
9288,-0.09333,0.0238
9289,-0.09882,0.02975
9290,-0.07686,0.02975
9291,-0.06588,0.04165
9292,-0.0549,0.04165
9293,-0.01098,0.0476
9294,-0.09882,0.0357
9295,-0.07137,0.0714
9296,0.40626,0.0595
9297,1.0651,0.13685
9298,1.4494,0.16065
9299,0.94977,0.01785
9300,0.2196,-0.16065
9301,0.03294,-0.1428
9302,-0.01098,-0.00595
9303,-0.07137,0.0476
9304,-0.13725,0.0119
9305,-0.19764,0.0
9306,-0.20862,-0.00595
9307,-0.24156,0.02975
9308,-0.22509,0.0476
9309,-0.22509,0.0476
9310,-0.23058,0.04165
9311,-0.22509,0.04165
9312,-0.18666,0.06545
9313,-0.24705,0.0833
9314,-0.18117,0.0714
9315,-0.12627,0.0833
9316,-0.14823,0.08925
9317,-0.10431,0.10115
9318,-0.06588,0.0952
9319,-0.03843,0.1071
9320,-0.01647,0.12495
9321,-0.02196,0.10115
9322,-0.03843,0.04165
9323,-0.02196,0.00595
9324,-0.03843,-0.0238
9325,-0.08235,-0.0238
9326,-0.08235,-0.02975
9327,-0.09882,-0.00595
9328,-0.09333,0.0119
9329,-0.1098,0.0357
9330,-0.12078,0.01785
9331,-0.08784,0.0595
9332,-0.0549,0.04165
9333,-0.07137,0.0476
9334,-0.04941,0.04165
9335,-0.06039,0.05355
9336,-0.07137,0.0595
9337,-0.06588,0.07735
9338,-0.04941,0.0714
9339,-0.03294,0.0714
9340,-0.02745,0.0833
9341,0.00549,0.0833
9342,0.0549,0.07735
9343,0.0549,0.1071
9344,0.08784,0.119
9345,0.07137,0.1071
9346,0.09333,0.0595
9347,0.07686,0.04165
9348,0.01098,0.04165
9349,-0.06039,0.06545
9350,-0.02745,0.01785
9351,-0.13176,0.01785
9352,-0.08235,0.0238
9353,0.50508,0.01785
9354,1.356,0.0119
9355,1.7733,0.0357
9356,1.109,-0.0476
9357,0.29646,-0.22015
9358,0.02196,-0.238
9359,-0.06588,-0.10115
9360,-0.13176,-0.00595
9361,-0.14823,0.0238
9362,-0.09882,0.0476
9363,-0.07686,0.0714
9364,-0.09333,0.1071
9365,-0.09882,0.11305
9366,-0.09333,0.10115
9367,-0.1098,0.05355
9368,-0.11529,0.0238
9369,-0.11529,0.01785
9370,-0.11529,0.0119
9371,-0.14823,-0.00595
9372,-0.15921,-0.0119
9373,-0.17568,-0.02975
9374,-0.13725,-0.02975
9375,-0.19764,-0.0119
9376,-0.17568,0.00595
9377,-0.15372,0.0238
9378,-0.1098,0.0357
9379,-0.06039,0.0476
9380,-0.00549,0.0595
9381,0.02196,0.0714
9382,0.07137,0.07735
9383,0.09882,0.1071
9384,0.1098,0.11305
9385,0.13725,0.119
9386,0.09882,0.10115
9387,0.10431,0.07735
9388,0.07686,0.04165
9389,0.06039,0.02975
9390,0.01647,0.01785
9391,0.00549,0.01785
9392,-0.07686,0.0
9393,-0.08784,0.00595
9394,-0.12627,0.00595
9395,-0.13176,0.02975
9396,-0.15921,0.01785
9397,-0.13176,0.01785
9398,-0.14274,0.0119
9399,-0.12627,0.01785
9400,-0.10431,0.02975
9401,-0.1098,0.04165
9402,-0.08235,0.04165
9403,-0.03294,0.0357
9404,0.00549,0.0595
9405,0.01098,0.06545
9406,0.01647,0.08925
9407,0.04941,0.10115
9408,0.07686,0.1071
9409,0.09882,0.1071
9410,0.09333,0.1071
9411,0.07686,0.10115
9412,0.07137,0.10115
9413,0.04941,0.07735
9414,0.0,0.04165
9415,0.3843,0.01785
9416,1.1364,0.02975
9417,1.5592,0.00595
9418,0.84546,-0.0595
9419,0.13725,-0.20825
9420,-0.08784,-0.1904
9421,-0.13176,-0.0476
9422,-0.19215,-0.00595
9423,-0.23607,-0.00595
9424,-0.25803,0.01785
9425,-0.26901,0.0238
9426,-0.2745,0.02975
9427,-0.26352,0.0238
9428,-0.21411,0.02975
9429,-0.19215,0.05355
9430,-0.15921,0.0833
9431,-0.17568,0.119
9432,-0.10431,0.13685
9433,-0.09882,0.08925
9434,-0.10431,0.0833
9435,-0.1098,0.0595
9436,-0.09882,0.05355
9437,-0.09882,0.0357
9438,-0.09333,0.02975
9439,-0.12627,0.00595
9440,-0.15921,0.00595
9441,-0.12627,-0.00595
9442,-0.13176,0.01785
9443,-0.13176,0.0119
9444,-0.15372,0.0357
9445,-0.17019,0.01785
9446,-0.17568,0.0476
9447,-0.15921,0.02975
9448,-0.12078,0.05355
9449,-0.06039,0.05355
9450,-0.03843,0.0595
9451,-0.01647,0.0833
9452,-0.01647,0.12495
9453,0.0,0.1309
9454,-0.03294,0.0952
9455,-0.06039,0.06545
9456,-0.08235,0.05355
9457,-0.10431,0.02975
9458,-0.12078,0.02975
9459,-0.12078,0.0238
9460,-0.1098,0.01785
9461,-0.12627,0.0119
9462,-0.12627,0.01785
9463,-0.09882,0.02975
9464,-0.09882,0.0238
9465,-0.1098,0.0357
9466,-0.07686,0.02975
9467,-0.13176,0.05355
9468,-0.07137,0.0357
9469,-0.08235,0.06545
9470,-0.07686,0.0357
9471,-0.07137,0.04165
9472,-0.02196,0.05355
9473,-0.04392,0.10115
9474,-0.01647,0.13685
9475,-0.00549,0.14875
9476,-0.04392,0.1071
9477,-0.08235,0.06545
9478,-0.08235,0.04165
9479,-0.06039,0.01785
9480,-0.0549,0.02975
9481,-0.07137,0.0238
9482,-0.06588,0.0238
9483,-0.14823,0.0476
9484,-0.03294,0.0595
9485,0.44469,0.0357
9486,1.076,0.06545
9487,1.3451,0.0714
9488,0.53802,0.0
9489,-0.08235,-0.13685
9490,-0.08784,-0.01785
9491,-0.12627,0.1309
9492,-0.12078,0.1428
9493,-0.09882,0.0833
9494,-0.19215,0.07735
9495,-0.19215,0.0595
9496,-0.19764,0.0714
9497,-0.13176,0.06545
9498,-0.13176,0.10115
9499,-0.15921,0.12495
9500,-0.14274,0.119
9501,-0.13176,0.0952
9502,-0.13176,0.0833
9503,-0.13176,0.0714
9504,-0.19215,0.07735
9505,-0.1647,0.0476
9506,-0.23058,0.0357
9507,-0.20862,0.0357
9508,-0.21411,0.04165
9509,-0.2196,0.04165
9510,-0.21411,0.01785
9511,-0.18666,0.02975
9512,-0.20313,0.01785
9513,-0.21411,0.0238
9514,-0.22509,0.01785
9515,-0.26352,0.0357
9516,-0.26352,0.01785
9517,-0.24156,0.02975
9518,-0.2196,0.0357
9519,-0.17568,0.04165
9520,-0.10431,0.04165
9521,-0.03294,0.0595
9522,-0.02745,0.0714
9523,-0.03294,0.07735
9524,-0.01098,0.0595
9525,-0.02196,0.0595
9526,0.0,0.04165
9527,-0.03843,0.0476
9528,-0.04941,0.0476
9529,-0.10431,0.02975
9530,-0.06588,0.01785
9531,-0.08235,0.04165
9532,-0.06588,0.01785
9533,-0.08784,0.01785
9534,-0.08784,0.0238
9535,-0.03294,0.02975
9536,-0.06588,0.04165
9537,-0.04941,0.0357
9538,-0.03294,0.02975
9539,-0.01098,0.0238
9540,-0.03294,0.02975
9541,-0.00549,0.0476
9542,0.52704,0.04165
9543,1.2682,0.02975
9544,1.8337,0.0476
9545,1.2023,0.0
9546,0.41724,-0.1785
9547,0.29646,-0.14875
9548,0.20862,0.00595
9549,0.02196,0.0952
9550,-0.03294,0.0238
9551,-0.09882,0.0476
9552,-0.15372,0.04165
9553,-0.17019,0.0238
9554,-0.15921,0.0
9555,-0.15921,0.0
9556,-0.15921,0.0
9557,-0.15921,0.00595
9558,-0.15921,0.00595
9559,-0.13725,0.0
9560,-0.14274,0.0
9561,-0.15921,0.0119
9562,-0.13176,-0.01785
9563,-0.12627,0.01785
9564,-0.1098,0.0119
9565,-0.08235,0.0238
9566,-0.07686,-0.00595
9567,-0.06588,-0.0238
9568,-0.04392,-0.00595
9569,0.00549,0.0357
9570,0.13176,0.0476
9571,0.1647,0.06545
9572,0.15372,0.0833
9573,0.14274,0.06545
9574,0.12078,0.05355
9575,0.12627,0.02975
9576,0.09333,0.02975
9577,0.0549,0.0
9578,0.02196,-0.0357
9579,-0.00549,-0.02975
9580,-0.02196,-0.01785
9581,-0.01098,-0.0119
9582,-0.03843,-0.02975
9583,-0.03294,-0.01785
9584,-0.0549,-0.02975
9585,-0.06039,0.0119
9586,-0.04941,0.00595
9587,-0.04392,-0.00595
9588,-0.04392,-0.00595
9589,-0.07137,-0.0119
9590,-0.04392,-0.0119
9591,0.04941,0.0238
9592,0.08784,0.0357
9593,0.08784,0.0595
9594,0.06588,0.10115
9595,0.06588,0.0833
9596,0.04941,0.10115
9597,0.07137,0.05355
9598,0.04392,0.0238
9599,0.0,0.01785
