date,OT1,OT2
2023-01-01 00:00:00,0.67892,0.27315
2023-01-01 01:00:00,0.68085,0.27315
2023-01-01 02:00:00,0.68085,0.27315
2023-01-01 03:00:00,0.68085,0.27315
2023-01-01 04:00:00,0.67892,0.26852
2023-01-01 05:00:00,0.66344,0.25694
2023-01-01 06:00:00,0.6383,0.24769
2023-01-01 07:00:00,0.59961,0.24074
2023-01-01 08:00:00,0.54159,0.23843
2023-01-01 09:00:00,0.47195,0.25231
2023-01-01 10:00:00,0.39652,0.28009
2023-01-01 11:00:00,0.33075,0.32407
2023-01-01 12:00:00,0.27079,0.39583
2023-01-01 13:00:00,0.2147,0.48611
2023-01-01 14:00:00,0.18182,0.58796
2023-01-01 15:00:00,0.16248,0.66667
2023-01-01 16:00:00,0.14894,0.72685
2023-01-01 17:00:00,0.14507,0.75694
2023-01-01 18:00:00,0.14894,0.74074
2023-01-01 19:00:00,0.16054,0.68056
2023-01-01 20:00:00,0.18375,0.59491
2023-01-01 21:00:00,0.23404,0.49537
2023-01-01 22:00:00,0.29014,0.40741
2023-01-01 23:00:00,0.3617,0.33565
2023-01-02 00:00:00,0.43907,0.28704
2023-01-02 01:00:00,0.51644,0.25926
2023-01-02 02:00:00,0.59381,0.25
2023-01-02 03:00:00,0.66151,0.26852
2023-01-02 04:00:00,0.706,0.29398
2023-01-02 05:00:00,0.73694,0.31944
2023-01-02 06:00:00,0.74275,0.31944
2023-01-02 07:00:00,0.72921,0.30324
2023-01-02 08:00:00,0.69826,0.27315
2023-01-02 09:00:00,0.64603,0.24769
2023-01-02 10:00:00,0.57447,0.23148
2023-01-02 11:00:00,0.4913,0.2338
2023-01-02 12:00:00,0.41586,0.2662
2023-01-02 13:00:00,0.34623,0.32639
2023-01-02 14:00:00,0.28627,0.40509
2023-01-02 15:00:00,0.23404,0.48843
2023-01-02 16:00:00,0.19536,0.57407
2023-01-02 17:00:00,0.17795,0.63657
2023-01-02 18:00:00,0.17215,0.67361
2023-01-02 19:00:00,0.17021,0.69213
2023-01-02 20:00:00,0.17215,0.69213
2023-01-02 21:00:00,0.72147,0.23611
2023-01-02 22:00:00,0.7234,0.23611
2023-01-02 23:00:00,0.7234,0.23611
2023-01-03 00:00:00,0.7234,0.23611
2023-01-03 01:00:00,0.7234,0.23611
2023-01-03 02:00:00,0.71567,0.2338
2023-01-03 03:00:00,0.67505,0.22685
2023-01-03 04:00:00,0.59188,0.22685
2023-01-03 05:00:00,0.4971,0.25
2023-01-03 06:00:00,0.42747,0.3125
2023-01-03 07:00:00,0.36944,0.38194
2023-01-03 08:00:00,0.30948,0.49306
2023-01-03 09:00:00,0.27853,0.62269
2023-01-03 10:00:00,0.26306,0.71528
2023-01-03 11:00:00,0.26112,0.76389
2023-01-03 12:00:00,0.25919,0.7662
2023-01-03 13:00:00,0.27466,0.69676
2023-01-03 14:00:00,0.30754,0.55787
2023-01-03 15:00:00,0.37718,0.43056
2023-01-03 16:00:00,0.46035,0.35185
2023-01-03 17:00:00,0.55899,0.30556
2023-01-03 18:00:00,0.65377,0.29861
2023-01-03 19:00:00,0.73114,0.2963
2023-01-03 20:00:00,0.79304,0.30556
2023-01-03 21:00:00,0.82012,0.31481
2023-01-03 22:00:00,0.80851,0.30787
2023-01-03 23:00:00,0.75629,0.28704
2023-01-04 00:00:00,0.66538,0.27083
2023-01-04 01:00:00,0.54932,0.26157
2023-01-04 02:00:00,0.45841,0.31481
2023-01-04 03:00:00,0.39458,0.3912
2023-01-04 04:00:00,0.33849,0.48843
2023-01-04 05:00:00,0.30754,0.59722
2023-01-04 06:00:00,0.2882,0.6713
2023-01-04 07:00:00,0.28046,0.71759
2023-01-04 08:00:00,0.28046,0.73148
2023-01-04 09:00:00,0.2882,0.6875
2023-01-04 10:00:00,0.31141,0.58102
2023-01-04 11:00:00,0.3675,0.46759
2023-01-04 12:00:00,0.44101,0.37731
2023-01-04 13:00:00,0.52031,0.30556
2023-01-04 14:00:00,0.59768,0.25926
2023-01-04 15:00:00,0.67118,0.25231
2023-01-04 16:00:00,0.73501,0.2662
2023-01-04 17:00:00,0.78143,0.27778
2023-01-04 18:00:00,0.67118,0.38426
2023-01-04 19:00:00,0.67118,0.38657
2023-01-04 20:00:00,0.67311,0.38657
2023-01-04 21:00:00,0.67311,0.38426
2023-01-04 22:00:00,0.67311,0.37963
2023-01-04 23:00:00,0.65957,0.36574
2023-01-05 00:00:00,0.61702,0.3588
2023-01-05 01:00:00,0.55706,0.38889
2023-01-05 02:00:00,0.49323,0.4537
2023-01-05 03:00:00,0.46615,0.52315
2023-01-05 04:00:00,0.46228,0.62037
2023-01-05 05:00:00,0.47389,0.71759
2023-01-05 06:00:00,0.54545,1.0
2023-01-05 07:00:00,0.47969,0.80556
2023-01-05 08:00:00,0.44874,0.7037
2023-01-05 09:00:00,0.45068,0.59259
2023-01-05 10:00:00,0.46809,0.48611
2023-01-05 11:00:00,0.51064,0.38426
2023-01-05 12:00:00,0.56673,0.2963
2023-01-05 13:00:00,0.64603,0.24306
2023-01-05 14:00:00,0.74662,0.25926
2023-01-05 15:00:00,0.83559,0.34259
2023-01-05 16:00:00,0.87621,0.44676
2023-01-05 17:00:00,0.87234,0.48148
2023-01-05 18:00:00,0.86267,0.44907
2023-01-05 19:00:00,0.84913,0.38657
2023-01-05 20:00:00,0.82785,0.32407
2023-01-05 21:00:00,0.7795,0.25926
2023-01-05 22:00:00,0.69826,0.23611
2023-01-05 23:00:00,0.60348,0.2662
2023-01-06 00:00:00,0.52805,0.32639
2023-01-06 01:00:00,0.47776,0.40046
2023-01-06 02:00:00,0.44874,0.46528
2023-01-06 03:00:00,0.43907,0.53009
2023-01-06 04:00:00,0.4294,0.62269
2023-01-06 05:00:00,0.44487,0.75231
2023-01-06 06:00:00,0.45648,0.84028
2023-01-06 07:00:00,0.51257,0.9838
2023-01-06 08:00:00,0.5087,0.96991
2023-01-06 09:00:00,0.47195,0.81713
2023-01-06 10:00:00,0.46422,0.76389
2023-01-06 11:00:00,0.44101,0.6412
2023-01-06 12:00:00,0.45068,0.54167
2023-01-06 13:00:00,0.47776,0.44213
2023-01-06 14:00:00,0.53191,0.34259
2023-01-06 15:00:00,0.71567,0.68056
2023-01-06 16:00:00,0.71373,0.68056
2023-01-06 17:00:00,0.70986,0.68981
2023-01-06 18:00:00,0.7118,0.68287
2023-01-06 19:00:00,0.71567,0.65741
2023-01-06 20:00:00,0.71373,0.65509
2023-01-06 21:00:00,0.69439,0.58102
2023-01-06 22:00:00,0.6499,0.52083
2023-01-06 23:00:00,0.60348,0.49769
2023-01-07 00:00:00,0.53965,0.50926
2023-01-07 01:00:00,0.45648,0.52083
2023-01-07 02:00:00,0.36557,0.54167
2023-01-07 03:00:00,0.32302,0.63889
2023-01-07 04:00:00,0.25532,0.72917
2023-01-07 05:00:00,0.21857,0.80324
2023-01-07 06:00:00,0.21083,0.8125
2023-01-07 07:00:00,0.22437,0.76389
2023-01-07 08:00:00,0.24758,0.65046
2023-01-07 09:00:00,0.30948,0.59259
2023-01-07 10:00:00,0.34816,0.54861
2023-01-07 11:00:00,0.44294,0.5
2023-01-07 12:00:00,0.54932,0.48843
2023-01-07 13:00:00,0.62476,0.46065
2023-01-07 14:00:00,0.68859,0.49306
2023-01-07 15:00:00,0.73501,0.56481
2023-01-07 16:00:00,0.76983,0.61574
2023-01-07 17:00:00,0.78723,0.63426
2023-01-07 18:00:00,0.77756,0.61111
2023-01-07 19:00:00,0.73888,0.55556
2023-01-07 20:00:00,0.67311,0.45833
2023-01-07 21:00:00,0.59574,0.47222
2023-01-07 22:00:00,0.51064,0.49306
2023-01-07 23:00:00,0.40426,0.51852
2023-01-08 00:00:00,0.33849,0.57407
2023-01-08 01:00:00,0.29594,0.59259
2023-01-08 02:00:00,0.26306,0.68519
2023-01-08 03:00:00,0.23598,0.75231
2023-01-08 04:00:00,0.22437,0.7662
2023-01-08 05:00:00,0.23017,0.74306
2023-01-08 06:00:00,0.24758,0.67824
2023-01-08 07:00:00,0.30174,0.61111
2023-01-08 08:00:00,0.35397,0.57639
2023-01-08 09:00:00,0.41006,0.52315
2023-01-08 10:00:00,0.4913,0.48611
2023-01-08 11:00:00,0.55899,0.4838
2023-01-08 12:00:00,0.77756,0.63426
2023-01-08 13:00:00,0.77563,0.63426
2023-01-08 14:00:00,0.77369,0.61806
2023-01-08 15:00:00,0.75822,0.50694
2023-01-08 16:00:00,0.71373,0.40509
2023-01-08 17:00:00,0.65184,0.38426
2023-01-08 18:00:00,0.56286,0.36574
2023-01-08 19:00:00,0.46228,0.39352
2023-01-08 20:00:00,0.38878,0.43519
2023-01-08 21:00:00,0.34623,0.4838
2023-01-08 22:00:00,0.32882,0.53472
2023-01-08 23:00:00,0.31141,0.57176
2023-01-09 00:00:00,0.29207,0.61806
2023-01-09 01:00:00,0.29594,0.7338
2023-01-09 02:00:00,0.29014,0.72454
2023-01-09 03:00:00,0.29981,0.58796
2023-01-09 04:00:00,0.34236,0.51852
2023-01-09 05:00:00,0.42166,0.45139
2023-01-09 06:00:00,0.51451,0.41667
2023-01-09 07:00:00,0.58994,0.43287
2023-01-09 08:00:00,0.64797,0.44444
2023-01-09 09:00:00,0.69246,0.45602
2023-01-09 10:00:00,0.74662,0.51852
2023-01-09 11:00:00,0.80464,0.56713
2023-01-09 12:00:00,0.84139,0.61574
2023-01-09 13:00:00,0.84526,0.60648
2023-01-09 14:00:00,0.81625,0.55556
2023-01-09 15:00:00,0.75242,0.46991
2023-01-09 16:00:00,0.66731,0.40972
2023-01-09 17:00:00,0.58027,0.43056
2023-01-09 18:00:00,0.49323,0.4213
2023-01-09 19:00:00,0.40619,0.44676
2023-01-09 20:00:00,0.33849,0.51157
2023-01-09 21:00:00,0.29594,0.55787
2023-01-09 22:00:00,0.23017,0.59954
2023-01-09 23:00:00,0.17795,0.68519
2023-01-10 00:00:00,0.16248,0.71759
2023-01-10 01:00:00,0.17408,0.7037
2023-01-10 02:00:00,0.23598,0.58102
2023-01-10 03:00:00,0.32108,0.52778
2023-01-10 04:00:00,0.38298,0.46991
2023-01-10 05:00:00,0.46422,0.4375
2023-01-10 06:00:00,0.55899,0.44213
2023-01-10 07:00:00,0.6325,0.46296
2023-01-10 08:00:00,0.68085,0.4838
2023-01-10 09:00:00,0.74468,0.58565
2023-01-10 10:00:00,0.74468,0.59028
2023-01-10 11:00:00,0.74662,0.58333
2023-01-10 12:00:00,0.73501,0.55787
2023-01-10 13:00:00,0.7118,0.47222
2023-01-10 14:00:00,0.65764,0.43287
2023-01-10 15:00:00,0.59188,0.45139
2023-01-10 16:00:00,0.5029,0.45139
2023-01-10 17:00:00,0.41199,0.47685
2023-01-10 18:00:00,0.36557,0.53704
2023-01-10 19:00:00,0.31528,0.5625
2023-01-10 20:00:00,0.27466,0.67593
2023-01-10 21:00:00,0.24952,0.71759
2023-01-10 22:00:00,0.25145,0.71991
2023-01-10 23:00:00,0.26112,0.6713
2023-01-11 00:00:00,0.30561,0.59028
2023-01-11 01:00:00,0.3559,0.50694
2023-01-11 02:00:00,0.45455,0.46296
2023-01-11 03:00:00,0.53191,0.47222
2023-01-11 04:00:00,0.60542,0.47454
2023-01-11 05:00:00,0.65764,0.46991
2023-01-11 06:00:00,0.70793,0.55324
2023-01-11 07:00:00,0.73888,0.62037
2023-01-11 08:00:00,0.74855,0.64583
2023-01-11 09:00:00,0.74662,0.64352
2023-01-11 10:00:00,0.73308,0.59722
2023-01-11 11:00:00,0.69439,0.49769
2023-01-11 12:00:00,0.62863,0.4537
2023-01-11 13:00:00,0.52998,0.43519
2023-01-11 14:00:00,0.41973,0.44676
2023-01-11 15:00:00,0.32108,0.46296
2023-01-11 16:00:00,0.24371,0.52546
2023-01-11 17:00:00,0.2089,0.63889
2023-01-11 18:00:00,0.17988,0.7338
2023-01-11 19:00:00,0.16634,0.79167
2023-01-11 20:00:00,0.16828,0.78704
2023-01-11 21:00:00,0.18762,0.73611
2023-01-11 22:00:00,0.21857,0.625
2023-01-11 23:00:00,0.27273,0.52778
2023-01-12 00:00:00,0.36557,0.46528
2023-01-12 01:00:00,0.47002,0.45833
2023-01-12 02:00:00,0.56286,0.45602
2023-01-12 03:00:00,0.62282,0.4537
2023-01-12 04:00:00,0.66538,0.48148
2023-01-12 05:00:00,0.71567,0.53935
2023-01-12 06:00:00,0.29014,0.31019
2023-01-12 07:00:00,0.29594,0.30556
2023-01-12 08:00:00,0.30174,0.2963
2023-01-12 09:00:00,0.32108,0.28009
2023-01-12 10:00:00,0.3617,0.25463
2023-01-12 11:00:00,0.4294,0.23148
2023-01-12 12:00:00,0.52998,0.22685
2023-01-12 13:00:00,0.64797,0.25
2023-01-12 14:00:00,0.74855,0.31481
2023-01-12 15:00:00,0.82592,0.41667
2023-01-12 16:00:00,0.87427,0.52315
2023-01-12 17:00:00,0.88395,0.62037
2023-01-12 18:00:00,0.88201,0.65278
2023-01-12 19:00:00,0.86654,0.66898
2023-01-12 20:00:00,0.85687,0.67593
2023-01-12 21:00:00,0.84139,0.66435
2023-01-12 22:00:00,0.80464,0.58565
2023-01-12 23:00:00,0.74275,0.47917
2023-01-13 00:00:00,0.67505,0.38194
2023-01-13 01:00:00,0.58994,0.30093
2023-01-13 02:00:00,0.4971,0.24074
2023-01-13 03:00:00,0.40039,0.22222
2023-01-13 04:00:00,0.294,0.25
2023-01-13 05:00:00,0.2147,0.30787
2023-01-13 06:00:00,0.18375,0.33565
2023-01-13 07:00:00,0.18182,0.33333
2023-01-13 08:00:00,0.18956,0.31713
2023-01-13 09:00:00,0.2205,0.2963
2023-01-13 10:00:00,0.29594,0.25
2023-01-13 11:00:00,0.40426,0.21296
2023-01-13 12:00:00,0.53578,0.20139
2023-01-13 13:00:00,0.67505,0.24769
2023-01-13 14:00:00,0.78143,0.33796
2023-01-13 15:00:00,0.84333,0.44444
2023-01-13 16:00:00,0.8646,0.53935
2023-01-13 17:00:00,0.8588,0.59259
2023-01-13 18:00:00,0.853,0.61806
2023-01-13 19:00:00,0.82592,0.59259
2023-01-13 20:00:00,0.78917,0.50926
2023-01-13 21:00:00,0.73694,0.40509
2023-01-13 22:00:00,0.67118,0.30324
2023-01-13 23:00:00,0.59574,0.22685
2023-01-14 00:00:00,0.49903,0.18287
2023-01-14 01:00:00,0.40039,0.18287
2023-01-14 02:00:00,0.31335,0.22222
2023-01-14 03:00:00,0.2089,0.26157
2023-01-14 04:00:00,0.2147,0.25231
2023-01-14 05:00:00,0.22244,0.26157
2023-01-14 06:00:00,0.26112,0.24306
2023-01-14 07:00:00,0.33656,0.23843
2023-01-14 08:00:00,0.43714,0.25463
2023-01-14 09:00:00,0.53191,0.30093
2023-01-14 10:00:00,0.59961,0.38194
2023-01-14 11:00:00,0.64023,0.48611
2023-01-14 12:00:00,0.65571,0.57639
2023-01-14 13:00:00,0.65957,0.64815
2023-01-14 14:00:00,0.65957,0.68519
2023-01-14 15:00:00,0.65377,0.68981
2023-01-14 16:00:00,0.64217,0.66204
2023-01-14 17:00:00,0.61896,0.59722
2023-01-14 18:00:00,0.5764,0.50926
2023-01-14 19:00:00,0.52031,0.3912
2023-01-14 20:00:00,0.44487,0.28241
2023-01-14 21:00:00,0.36557,0.20833
2023-01-14 22:00:00,0.2766,0.15972
2023-01-14 23:00:00,0.19149,0.14815
2023-01-15 00:00:00,0.13153,0.17593
2023-01-15 01:00:00,0.088975,0.21991
2023-01-15 02:00:00,0.083172,0.21528
2023-01-15 03:00:00,0.10058,0.20139
2023-01-15 04:00:00,0.12959,0.16898
2023-01-15 05:00:00,0.17602,0.15741
2023-01-15 06:00:00,0.2205,0.16204
2023-01-15 07:00:00,0.31528,0.15972
2023-01-15 08:00:00,0.42553,0.18519
2023-01-15 09:00:00,0.52998,0.24306
2023-01-15 10:00:00,0.61122,0.33102
2023-01-15 11:00:00,0.66151,0.42593
2023-01-15 12:00:00,0.68472,0.50926
2023-01-15 13:00:00,0.68859,0.5787
2023-01-15 14:00:00,0.67118,0.61574
2023-01-15 15:00:00,0.64603,0.60185
2023-01-15 16:00:00,0.62669,0.55787
2023-01-15 17:00:00,0.59768,0.4838
2023-01-15 18:00:00,0.54159,0.37963
2023-01-15 19:00:00,0.46422,0.28935
2023-01-15 20:00:00,0.35783,0.24074
2023-01-15 21:00:00,0.25145,0.22222
2023-01-15 22:00:00,0.18375,0.21065
2023-01-15 23:00:00,0.14507,0.21759
2023-01-16 00:00:00,0.21857,0.34722
2023-01-16 01:00:00,0.21857,0.34491
2023-01-16 02:00:00,0.22244,0.34491
2023-01-16 03:00:00,0.23211,0.34028
2023-01-16 04:00:00,0.27273,0.31944
2023-01-16 05:00:00,0.33656,0.30324
2023-01-16 06:00:00,0.42166,0.30787
2023-01-16 07:00:00,0.5029,0.34722
2023-01-16 08:00:00,0.56093,0.43056
2023-01-16 09:00:00,0.61122,0.53009
2023-01-16 10:00:00,0.65377,0.61806
2023-01-16 11:00:00,0.68472,0.67824
2023-01-16 12:00:00,0.69052,0.7037
2023-01-16 13:00:00,0.68085,0.70602
2023-01-16 14:00:00,0.66538,0.69444
2023-01-16 15:00:00,0.64023,0.625
2023-01-16 16:00:00,0.59768,0.52546
2023-01-16 17:00:00,0.52998,0.43519
2023-01-16 18:00:00,0.45068,0.36343
2023-01-16 19:00:00,0.3675,0.32407
2023-01-16 20:00:00,0.27853,0.33796
2023-01-16 21:00:00,0.18569,0.37037
2023-01-16 22:00:00,0.1412,0.38889
2023-01-16 23:00:00,0.13346,0.40741
2023-01-17 00:00:00,0.12959,0.40741
2023-01-17 01:00:00,0.13346,0.40741
2023-01-17 02:00:00,0.13733,0.38657
2023-01-17 03:00:00,0.16054,0.37037
2023-01-17 04:00:00,0.22244,0.34028
2023-01-17 05:00:00,0.30948,0.30556
2023-01-17 06:00:00,0.40812,0.28935
2023-01-17 07:00:00,0.5087,0.32639
2023-01-17 08:00:00,0.58994,0.40972
2023-01-17 09:00:00,0.64603,0.51852
2023-01-17 10:00:00,0.69052,0.61574
2023-01-17 11:00:00,0.70406,0.67361
2023-01-17 12:00:00,0.69246,0.67824
2023-01-17 13:00:00,0.67698,0.64583
2023-01-17 14:00:00,0.6499,0.57407
2023-01-17 15:00:00,0.61702,0.47222
2023-01-17 16:00:00,0.55513,0.37731
2023-01-17 17:00:00,0.47582,0.30556
2023-01-17 18:00:00,0.38104,0.26852
2023-01-17 19:00:00,0.294,0.29398
2023-01-17 20:00:00,0.22824,0.35648
2023-01-17 21:00:00,0.25145,0.29167
2023-01-17 22:00:00,0.25532,0.29398
2023-01-17 23:00:00,0.25532,0.29167
2023-01-18 00:00:00,0.25919,0.28241
2023-01-18 01:00:00,0.30948,0.26852
2023-01-18 02:00:00,0.38685,0.25231
2023-01-18 03:00:00,0.48356,0.26852
2023-01-18 04:00:00,0.58221,0.3287
2023-01-18 05:00:00,0.66151,0.40972
2023-01-18 06:00:00,0.706,0.52083
2023-01-18 07:00:00,0.73501,0.60417
2023-01-18 08:00:00,0.75629,0.65741
2023-01-18 09:00:00,0.74468,0.69907
2023-01-18 10:00:00,0.73308,0.69907
2023-01-18 11:00:00,0.72534,0.69676
2023-01-18 12:00:00,0.72534,0.65509
2023-01-18 13:00:00,0.70793,0.61806
2023-01-18 14:00:00,0.67505,0.52778
2023-01-18 15:00:00,0.61702,0.42361
2023-01-18 16:00:00,0.53191,0.33102
2023-01-18 17:00:00,0.42166,0.27778
2023-01-18 18:00:00,0.30561,0.27778
2023-01-18 19:00:00,0.20696,0.30093
2023-01-18 20:00:00,0.16441,0.3125
2023-01-18 21:00:00,0.15474,0.31944
2023-01-18 22:00:00,0.1528,0.3125
2023-01-18 23:00:00,0.15474,0.31713
2023-01-19 00:00:00,0.17408,0.30324
2023-01-19 01:00:00,0.21857,0.28241
2023-01-19 02:00:00,0.30368,0.25
2023-01-19 03:00:00,0.42166,0.23843
2023-01-19 04:00:00,0.55126,0.2662
2023-01-19 05:00:00,0.66731,0.34259
2023-01-19 06:00:00,0.74855,0.4537
2023-01-19 07:00:00,0.78917,0.5625
2023-01-19 08:00:00,0.80077,0.63194
2023-01-19 09:00:00,0.7911,0.6412
2023-01-19 10:00:00,0.77756,0.64583
2023-01-19 11:00:00,0.76596,0.64583
2023-01-19 12:00:00,0.74275,0.59722
2023-01-19 13:00:00,0.70793,0.50231
2023-01-19 14:00:00,0.64603,0.38657
2023-01-19 15:00:00,0.5648,0.29861
2023-01-19 16:00:00,0.47582,0.24537
2023-01-19 17:00:00,0.37911,0.23148
2023-01-19 18:00:00,0.57447,0.78935
2023-01-19 19:00:00,0.57253,0.78935
2023-01-19 20:00:00,0.57253,0.78935
2023-01-19 21:00:00,0.57253,0.78935
2023-01-19 22:00:00,0.57447,0.78935
2023-01-19 23:00:00,0.56673,0.78009
2023-01-20 00:00:00,0.54739,0.7662
2023-01-20 01:00:00,0.52224,0.74537
2023-01-20 02:00:00,0.48743,0.71991
2023-01-20 03:00:00,0.45455,0.69444
2023-01-20 04:00:00,0.4236,0.68056
2023-01-20 05:00:00,0.39458,0.66667
2023-01-20 06:00:00,0.3675,0.66435
2023-01-20 07:00:00,0.31141,0.68056
2023-01-20 08:00:00,0.24565,0.7037
2023-01-20 09:00:00,0.24371,0.69213
2023-01-20 10:00:00,0.28627,0.65741
2023-01-20 11:00:00,0.33462,0.62731
2023-01-20 12:00:00,0.37911,0.625
2023-01-20 13:00:00,0.4294,0.64352
2023-01-20 14:00:00,0.4913,0.64815
2023-01-20 15:00:00,0.54739,0.6713
2023-01-20 16:00:00,0.59574,0.69444
2023-01-20 17:00:00,0.63056,0.74306
2023-01-20 18:00:00,0.63636,0.74306
2023-01-20 19:00:00,0.63443,0.72222
2023-01-20 20:00:00,0.61896,0.7037
2023-01-20 21:00:00,0.58994,0.67824
2023-01-20 22:00:00,0.54932,0.65509
2023-01-20 23:00:00,0.49323,0.6412
2023-01-21 00:00:00,0.4294,0.64352
2023-01-21 01:00:00,0.37331,0.63889
2023-01-21 02:00:00,0.32689,0.63426
2023-01-21 03:00:00,0.28433,0.65741
2023-01-21 04:00:00,0.24371,0.69213
2023-01-21 05:00:00,0.23404,0.74537
2023-01-21 06:00:00,0.25338,0.72222
2023-01-21 07:00:00,0.26692,0.69444
2023-01-21 08:00:00,0.29787,0.65509
2023-01-21 09:00:00,0.33462,0.64352
2023-01-21 10:00:00,0.35977,0.63889
2023-01-21 11:00:00,0.39652,0.63657
2023-01-21 12:00:00,0.4352,0.63194
2023-01-21 13:00:00,0.47582,0.64815
2023-01-21 14:00:00,0.51644,0.64583
2023-01-21 15:00:00,0.62282,0.65278
2023-01-21 16:00:00,0.62476,0.65046
2023-01-21 17:00:00,0.62669,0.64815
2023-01-21 18:00:00,0.61315,0.63426
2023-01-21 19:00:00,0.55319,0.60185
2023-01-21 20:00:00,0.48356,0.58333
2023-01-21 21:00:00,0.42553,0.58102
2023-01-21 22:00:00,0.37137,0.59722
2023-01-21 23:00:00,0.32108,0.62269
2023-01-22 00:00:00,0.2824,0.65278
2023-01-22 01:00:00,0.24952,0.67361
2023-01-22 02:00:00,0.23211,0.68056
2023-01-22 03:00:00,0.2205,0.69676
2023-01-22 04:00:00,0.23017,0.68056
2023-01-22 05:00:00,0.24565,0.66898
2023-01-22 06:00:00,0.26692,0.6412
2023-01-22 07:00:00,0.29207,0.6088
2023-01-22 08:00:00,0.32495,0.57176
2023-01-22 09:00:00,0.35397,0.5463
2023-01-22 10:00:00,0.38491,0.52315
2023-01-22 11:00:00,0.43133,0.5
2023-01-22 12:00:00,0.4913,0.4838
2023-01-22 13:00:00,0.55126,0.47917
2023-01-22 14:00:00,0.59768,0.49074
2023-01-22 15:00:00,0.6499,0.53704
2023-01-22 16:00:00,0.68859,0.59954
2023-01-22 17:00:00,0.7118,0.62037
2023-01-22 18:00:00,0.70406,0.61343
2023-01-22 19:00:00,0.70019,0.61111
2023-01-22 20:00:00,0.67118,0.56944
2023-01-22 21:00:00,0.61702,0.52546
2023-01-22 22:00:00,0.55706,0.50694
2023-01-22 23:00:00,0.50097,0.50463
2023-01-23 00:00:00,0.43907,0.52315
2023-01-23 01:00:00,0.38491,0.55324
2023-01-23 02:00:00,0.34236,0.59259
2023-01-23 03:00:00,0.30948,0.63426
2023-01-23 04:00:00,0.28627,0.6713
2023-01-23 05:00:00,0.27079,0.69907
2023-01-23 06:00:00,0.27079,0.6875
2023-01-23 07:00:00,0.28433,0.66435
2023-01-23 08:00:00,0.30754,0.63889
2023-01-23 09:00:00,0.33462,0.61574
2023-01-23 10:00:00,0.37331,0.58102
2023-01-23 11:00:00,0.42747,0.54398
2023-01-23 12:00:00,0.71373,0.40741
2023-01-23 13:00:00,0.706,0.40972
2023-01-23 14:00:00,0.70986,0.40972
2023-01-23 15:00:00,0.7176,0.40972
2023-01-23 16:00:00,0.72147,0.40972
2023-01-23 17:00:00,0.706,0.40741
2023-01-23 18:00:00,0.6441,0.39583
2023-01-23 19:00:00,0.56673,0.38657
2023-01-23 20:00:00,0.49903,0.37731
2023-01-23 21:00:00,0.44294,0.37731
2023-01-23 22:00:00,0.39265,0.37963
2023-01-23 23:00:00,0.35397,0.38426
2023-01-24 00:00:00,0.32882,0.39583
2023-01-24 01:00:00,0.32689,0.40278
2023-01-24 02:00:00,0.34043,0.40046
2023-01-24 03:00:00,0.37718,0.39352
2023-01-24 04:00:00,0.43714,0.37963
2023-01-24 05:00:00,0.50677,0.37269
2023-01-24 06:00:00,0.57834,0.36806
2023-01-24 07:00:00,0.6441,0.36806
2023-01-24 08:00:00,0.70793,0.37037
2023-01-24 09:00:00,0.76596,0.37963
2023-01-24 10:00:00,0.81044,0.38426
2023-01-24 11:00:00,0.83559,0.3912
2023-01-24 12:00:00,0.82592,0.3912
2023-01-24 13:00:00,0.7853,0.38657
2023-01-24 14:00:00,0.7176,0.37963
2023-01-24 15:00:00,0.63443,0.37269
2023-01-24 16:00:00,0.54739,0.37269
2023-01-24 17:00:00,0.47002,0.375
2023-01-24 18:00:00,0.40619,0.37963
2023-01-24 19:00:00,0.35783,0.38426
2023-01-24 20:00:00,0.32495,0.39583
2023-01-24 21:00:00,0.30561,0.40509
2023-01-24 22:00:00,0.29981,0.40972
2023-01-24 23:00:00,0.31528,0.40509
2023-01-25 00:00:00,0.3501,0.40278
2023-01-25 01:00:00,0.40232,0.40046
2023-01-25 02:00:00,0.46422,0.39583
2023-01-25 03:00:00,0.52805,0.39352
2023-01-25 04:00:00,0.58801,0.3912
2023-01-25 05:00:00,0.64797,0.39352
2023-01-25 06:00:00,0.70406,0.40046
2023-01-25 07:00:00,0.75048,0.40741
2023-01-25 08:00:00,0.78723,0.41435
2023-01-25 09:00:00,0.83559,0.41898
2023-01-25 10:00:00,0.83752,0.42361
2023-01-25 11:00:00,0.83559,0.4213
2023-01-25 12:00:00,0.82979,0.4213
2023-01-25 13:00:00,0.82785,0.42361
2023-01-25 14:00:00,0.82592,0.4213
2023-01-25 15:00:00,0.80464,0.41435
2023-01-25 16:00:00,0.75822,0.40046
2023-01-25 17:00:00,0.70213,0.3912
2023-01-25 18:00:00,0.65764,0.38194
2023-01-25 19:00:00,0.59961,0.37731
2023-01-25 20:00:00,0.53191,0.37963
2023-01-25 21:00:00,0.46422,0.3912
2023-01-25 22:00:00,0.40426,0.40509
2023-01-25 23:00:00,0.3617,0.41667
2023-01-26 00:00:00,0.33656,0.42361
2023-01-26 01:00:00,0.34043,0.42824
2023-01-26 02:00:00,0.37524,0.42824
2023-01-26 03:00:00,0.42747,0.42361
2023-01-26 04:00:00,0.4971,0.41898
2023-01-26 05:00:00,0.56673,0.41204
2023-01-26 06:00:00,0.6325,0.40972
2023-01-26 07:00:00,0.69246,0.41204
2023-01-26 08:00:00,0.74662,0.41667
2023-01-26 09:00:00,0.79691,0.4213
2023-01-26 10:00:00,0.83946,0.42824
2023-01-26 11:00:00,0.86267,0.43287
2023-01-26 12:00:00,0.8646,0.43287
2023-01-26 13:00:00,0.83172,0.42824
2023-01-26 14:00:00,0.77756,0.42361
2023-01-26 15:00:00,0.70986,0.41667
2023-01-26 16:00:00,0.6383,0.40972
2023-01-26 17:00:00,0.57253,0.40741
2023-01-26 18:00:00,0.51257,0.40509
2023-01-26 19:00:00,0.45455,0.40972
2023-01-26 20:00:00,0.40232,0.41435
2023-01-26 21:00:00,0.35977,0.42593
2023-01-26 22:00:00,0.32495,0.42593
2023-01-26 23:00:00,0.30948,0.42824
2023-01-27 00:00:00,0.31721,0.43287
2023-01-27 01:00:00,0.34623,0.43519
2023-01-27 02:00:00,0.39072,0.42361
2023-01-27 03:00:00,0.44101,0.41435
2023-01-27 04:00:00,0.5029,0.40741
2023-01-27 05:00:00,0.56673,0.40509
2023-01-27 06:00:00,0.82398,0.5625
2023-01-27 07:00:00,0.82398,0.5625
2023-01-27 08:00:00,0.82398,0.5625
2023-01-27 09:00:00,0.82205,0.5625
2023-01-27 10:00:00,0.82398,0.5625
2023-01-27 11:00:00,0.82398,0.56481
2023-01-27 12:00:00,0.82592,0.56481
2023-01-27 13:00:00,0.82398,0.5625
2023-01-27 14:00:00,0.81044,0.56019
2023-01-27 15:00:00,0.77176,0.5463
2023-01-27 16:00:00,0.70986,0.52778
2023-01-27 17:00:00,0.64217,0.51852
2023-01-27 18:00:00,0.58221,0.52083
2023-01-27 19:00:00,0.52031,0.53241
2023-01-27 20:00:00,0.45455,0.53704
2023-01-27 21:00:00,0.39652,0.54861
2023-01-27 22:00:00,0.3675,0.5787
2023-01-27 23:00:00,0.37137,0.59028
2023-01-28 00:00:00,0.39845,0.57639
2023-01-28 01:00:00,0.42747,0.5625
2023-01-28 02:00:00,0.47002,0.55556
2023-01-28 03:00:00,0.53191,0.53935
2023-01-28 04:00:00,0.60155,0.53009
2023-01-28 05:00:00,0.66731,0.52546
2023-01-28 06:00:00,0.72534,0.53009
2023-01-28 07:00:00,0.78337,0.5463
2023-01-28 08:00:00,0.84139,0.57176
2023-01-28 09:00:00,0.87814,0.59259
2023-01-28 10:00:00,0.89749,0.59954
2023-01-28 11:00:00,0.88975,0.59954
2023-01-28 12:00:00,0.85687,0.58796
2023-01-28 13:00:00,0.80271,0.55556
2023-01-28 14:00:00,0.74275,0.52546
2023-01-28 15:00:00,0.67311,0.51157
2023-01-28 16:00:00,0.60155,0.5162
2023-01-28 17:00:00,0.53385,0.52546
2023-01-28 18:00:00,0.46228,0.53935
2023-01-28 19:00:00,0.40426,0.55324
2023-01-28 20:00:00,0.36944,0.57176
2023-01-28 21:00:00,0.34429,0.60185
2023-01-28 22:00:00,0.35203,0.61111
2023-01-28 23:00:00,0.37137,0.59259
2023-01-29 00:00:00,0.40619,0.56481
2023-01-29 01:00:00,0.45261,0.53472
2023-01-29 02:00:00,0.52031,0.50231
2023-01-29 03:00:00,0.76209,0.55787
2023-01-29 04:00:00,0.76983,0.55324
2023-01-29 05:00:00,0.76983,0.55324
2023-01-29 06:00:00,0.76402,0.55556
2023-01-29 07:00:00,0.76209,0.55324
2023-01-29 08:00:00,0.70793,0.54861
2023-01-29 09:00:00,0.64603,0.53704
2023-01-29 10:00:00,0.5764,0.5463
2023-01-29 11:00:00,0.49903,0.55787
2023-01-29 12:00:00,0.42747,0.55324
2023-01-29 13:00:00,0.36557,0.53935
2023-01-29 14:00:00,0.30561,0.54167
2023-01-29 15:00:00,0.26112,0.53935
2023-01-29 16:00:00,0.25145,0.54398
2023-01-29 17:00:00,0.27079,0.54398
2023-01-29 18:00:00,0.33462,0.54861
2023-01-29 19:00:00,0.41586,0.56713
2023-01-29 20:00:00,0.49516,0.58102
2023-01-29 21:00:00,0.57447,0.59259
2023-01-29 22:00:00,0.63636,0.57639
2023-01-29 23:00:00,0.69052,0.56944
2023-01-30 00:00:00,0.74468,0.56481
2023-01-30 01:00:00,0.77563,0.5625
2023-01-30 02:00:00,0.7853,0.5625
2023-01-30 03:00:00,0.7795,0.5625
2023-01-30 04:00:00,0.76789,0.5625
2023-01-30 05:00:00,0.73114,0.5625
2023-01-30 06:00:00,0.68279,0.5625
2023-01-30 07:00:00,0.62863,0.56713
2023-01-30 08:00:00,0.58414,0.59259
2023-01-30 09:00:00,0.52031,0.59028
2023-01-30 10:00:00,0.45648,0.5787
2023-01-30 11:00:00,0.40232,0.56019
2023-01-30 12:00:00,0.3559,0.54167
2023-01-30 13:00:00,0.30561,0.53935
2023-01-30 14:00:00,0.24178,0.52778
2023-01-30 15:00:00,0.19536,0.53009
2023-01-30 16:00:00,0.19536,0.53472
2023-01-30 17:00:00,0.23985,0.52778
2023-01-30 18:00:00,0.30948,0.53009
2023-01-30 19:00:00,0.38104,0.54398
2023-01-30 20:00:00,0.44294,0.56019
2023-01-30 21:00:00,0.50484,0.56481
2023-01-30 22:00:00,0.5706,0.56713
2023-01-30 23:00:00,0.64217,0.56019
2023-01-31 00:00:00,0.79884,0.625
2023-01-31 01:00:00,0.80077,0.62269
2023-01-31 02:00:00,0.79884,0.625
2023-01-31 03:00:00,0.79691,0.625
2023-01-31 04:00:00,0.78917,0.59722
2023-01-31 05:00:00,0.76983,0.49769
2023-01-31 06:00:00,0.71373,0.49769
2023-01-31 07:00:00,0.65184,0.50231
2023-01-31 08:00:00,0.58994,0.50463
2023-01-31 09:00:00,0.52418,0.52778
2023-01-31 10:00:00,0.45068,0.53241
2023-01-31 11:00:00,0.38298,0.53704
2023-01-31 12:00:00,0.31141,0.53009
2023-01-31 13:00:00,0.24565,0.53472
2023-01-31 14:00:00,0.23791,0.53241
2023-01-31 15:00:00,0.26692,0.53472
2023-01-31 16:00:00,0.33849,0.53935
2023-01-31 17:00:00,0.41586,0.55787
2023-01-31 18:00:00,0.48549,0.5625
2023-01-31 19:00:00,0.54932,0.54861
2023-01-31 20:00:00,0.61896,0.5463
2023-01-31 21:00:00,0.68859,0.54861
2023-01-31 22:00:00,0.74275,0.55324
2023-01-31 23:00:00,0.74855,0.55787
2023-02-01 00:00:00,0.75242,0.55324
2023-02-01 01:00:00,0.72147,0.55324
2023-02-01 02:00:00,0.66344,0.55093
2023-02-01 03:00:00,0.59381,0.55324
2023-02-01 04:00:00,0.53385,0.55093
2023-02-01 05:00:00,0.48162,0.54167
2023-02-01 06:00:00,0.42553,0.53935
2023-02-01 07:00:00,0.37524,0.53704
2023-02-01 08:00:00,0.32108,0.53704
2023-02-01 09:00:00,0.2766,0.5463
2023-02-01 10:00:00,0.26306,0.55093
2023-02-01 11:00:00,0.2766,0.5463
2023-02-01 12:00:00,0.31335,0.54861
2023-02-01 13:00:00,0.37718,0.55556
2023-02-01 14:00:00,0.44294,0.5625
2023-02-01 15:00:00,0.51838,0.5625
2023-02-01 16:00:00,0.58221,0.5625
2023-02-01 17:00:00,0.64217,0.56481
2023-02-01 18:00:00,0.68665,0.56944
2023-02-01 19:00:00,0.73694,0.57639
2023-02-01 20:00:00,0.75435,0.5787
2023-02-01 21:00:00,0.80271,0.47685
2023-02-01 22:00:00,0.80077,0.47917
2023-02-01 23:00:00,0.80271,0.47917
2023-02-02 00:00:00,0.79304,0.47917
2023-02-02 01:00:00,0.75435,0.47917
2023-02-02 02:00:00,0.706,0.49306
2023-02-02 03:00:00,0.65377,0.53241
2023-02-02 04:00:00,0.59768,0.53704
2023-02-02 05:00:00,0.54545,0.53935
2023-02-02 06:00:00,0.48936,0.53472
2023-02-02 07:00:00,0.44294,0.50694
2023-02-02 08:00:00,0.39845,0.49769
2023-02-02 09:00:00,0.34623,0.48611
2023-02-02 10:00:00,0.30561,0.48611
2023-02-02 11:00:00,0.31141,0.48611
2023-02-02 12:00:00,0.36364,0.49306
2023-02-02 13:00:00,0.44487,0.50463
2023-02-02 14:00:00,0.52224,0.50231
2023-02-02 15:00:00,0.59574,0.49769
2023-02-02 16:00:00,0.65957,0.49537
2023-02-02 17:00:00,0.72534,0.49306
2023-02-02 18:00:00,0.77563,0.48843
2023-02-02 19:00:00,0.79497,0.49074
2023-02-02 20:00:00,0.79691,0.48843
2023-02-02 21:00:00,0.77563,0.49306
2023-02-02 22:00:00,0.72534,0.50231
2023-02-02 23:00:00,0.66151,0.50463
2023-02-03 00:00:00,0.61702,0.50694
2023-02-03 01:00:00,0.58221,0.50694
2023-02-03 02:00:00,0.54932,0.51389
2023-02-03 03:00:00,0.51451,0.52083
2023-02-03 04:00:00,0.47969,0.52083
2023-02-03 05:00:00,0.44294,0.51389
2023-02-03 06:00:00,0.40619,0.50926
2023-02-03 07:00:00,0.37524,0.50694
2023-02-03 08:00:00,0.34043,0.49074
2023-02-03 09:00:00,0.32495,0.49769
2023-02-03 10:00:00,0.34236,0.50231
2023-02-03 11:00:00,0.39845,0.50231
2023-02-03 12:00:00,0.45648,0.51157
2023-02-03 13:00:00,0.5087,0.51852
2023-02-03 14:00:00,0.56286,0.51852
2023-02-03 15:00:00,0.62476,0.51157
2023-02-03 16:00:00,0.69052,0.50231
2023-02-03 17:00:00,0.74275,0.50231
2023-02-03 18:00:00,0.83366,0.52315
2023-02-03 19:00:00,0.83172,0.52778
2023-02-03 20:00:00,0.83559,0.52546
2023-02-03 21:00:00,0.83366,0.52546
2023-02-03 22:00:00,0.83946,0.52083
2023-02-03 23:00:00,0.83559,0.52315
2023-02-04 00:00:00,0.83559,0.52315
2023-02-04 01:00:00,0.83366,0.52083
2023-02-04 02:00:00,0.83366,0.5162
2023-02-04 03:00:00,0.80464,0.50694
2023-02-04 04:00:00,0.75048,0.50463
2023-02-04 05:00:00,0.68859,0.50926
2023-02-04 06:00:00,0.62476,0.51852
2023-02-04 07:00:00,0.55706,0.52778
2023-02-04 08:00:00,0.49323,0.53935
2023-02-04 09:00:00,0.43133,0.53935
2023-02-04 10:00:00,0.36944,0.54398
2023-02-04 11:00:00,0.30948,0.54861
2023-02-04 12:00:00,0.26306,0.55093
2023-02-04 13:00:00,0.25725,0.55093
2023-02-04 14:00:00,0.29014,0.55324
2023-02-04 15:00:00,0.35397,0.55556
2023-02-04 16:00:00,0.42166,0.56019
2023-02-04 17:00:00,0.4971,0.56481
2023-02-04 18:00:00,0.57253,0.56944
2023-02-04 19:00:00,0.6441,0.56713
2023-02-04 20:00:00,0.69439,0.56481
2023-02-04 21:00:00,0.74081,0.5625
2023-02-04 22:00:00,0.77176,0.5625
2023-02-04 23:00:00,0.77369,0.55556
2023-02-05 00:00:00,0.75435,0.55556
2023-02-05 01:00:00,0.72727,0.54398
2023-02-05 02:00:00,0.65377,0.54398
2023-02-05 03:00:00,0.57253,0.54398
2023-02-05 04:00:00,0.51257,0.5463
2023-02-05 05:00:00,0.46422,0.55556
2023-02-05 06:00:00,0.40232,0.5463
2023-02-05 07:00:00,0.3617,0.54398
2023-02-05 08:00:00,0.31721,0.52778
2023-02-05 09:00:00,0.29014,0.52083
2023-02-05 10:00:00,0.29014,0.52546
2023-02-05 11:00:00,0.32882,0.53704
2023-02-05 12:00:00,0.39458,0.53472
2023-02-05 13:00:00,0.47002,0.54167
2023-02-05 14:00:00,0.55319,0.53704
2023-02-05 15:00:00,0.16248,0.3287
2023-02-05 16:00:00,0.16248,0.33333
2023-02-05 17:00:00,0.16054,0.33565
2023-02-05 18:00:00,0.15861,0.33796
2023-02-05 19:00:00,0.15667,0.33796
2023-02-05 20:00:00,0.15861,0.34259
2023-02-05 21:00:00,0.16828,0.34954
2023-02-05 22:00:00,0.19149,0.39583
2023-02-05 23:00:00,0.26499,0.42361
2023-02-06 00:00:00,0.34236,0.44213
2023-02-06 01:00:00,0.43133,0.44676
2023-02-06 02:00:00,0.51064,0.45139
2023-02-06 03:00:00,0.58221,0.4537
2023-02-06 04:00:00,0.63443,0.46065
2023-02-06 05:00:00,0.67311,0.46528
2023-02-06 06:00:00,0.70213,0.46296
2023-02-06 07:00:00,0.71373,0.46065
2023-02-06 08:00:00,0.69826,0.46065
2023-02-06 09:00:00,0.65184,0.45833
2023-02-06 10:00:00,0.58414,0.44907
2023-02-06 11:00:00,0.48936,0.44907
2023-02-06 12:00:00,0.38491,0.4537
2023-02-06 13:00:00,0.29014,0.4537
2023-02-06 14:00:00,0.22824,0.44444
2023-02-06 15:00:00,0.18762,0.43519
2023-02-06 16:00:00,0.14894,0.43981
2023-02-06 17:00:00,0.12573,0.43287
2023-02-06 18:00:00,0.12186,0.43056
2023-02-06 19:00:00,0.11992,0.43056
2023-02-06 20:00:00,0.12766,0.42824
2023-02-06 21:00:00,0.16054,0.43287
2023-02-06 22:00:00,0.22244,0.43056
2023-02-06 23:00:00,0.29014,0.46065
2023-02-07 00:00:00,0.38298,0.45833
2023-02-07 01:00:00,0.46035,0.4537
2023-02-07 02:00:00,0.51838,0.44676
2023-02-07 03:00:00,0.56093,0.44213
2023-02-07 04:00:00,0.59574,0.43287
2023-02-07 05:00:00,0.62476,0.43287
2023-02-07 06:00:00,0.6499,0.43287
2023-02-07 07:00:00,0.67118,0.43287
2023-02-07 08:00:00,0.67892,0.43519
2023-02-07 09:00:00,0.66538,0.43519
2023-02-07 10:00:00,0.62282,0.43056
2023-02-07 11:00:00,0.55513,0.42361
2023-02-07 12:00:00,0.14313,0.37269
2023-02-07 13:00:00,0.14894,0.375
2023-02-07 14:00:00,0.16054,0.37037
2023-02-07 15:00:00,0.19342,0.37037
2023-02-07 16:00:00,0.25725,0.41898
2023-02-07 17:00:00,0.36364,0.43519
2023-02-07 18:00:00,0.45648,0.43056
2023-02-07 19:00:00,0.52805,0.42824
2023-02-07 20:00:00,0.5764,0.42824
2023-02-07 21:00:00,0.61702,0.43287
2023-02-07 22:00:00,0.6441,0.43056
2023-02-07 23:00:00,0.66731,0.43287
2023-02-08 00:00:00,0.68279,0.43519
2023-02-08 01:00:00,0.69052,0.43981
2023-02-08 02:00:00,0.67698,0.43981
2023-02-08 03:00:00,0.63443,0.43287
2023-02-08 04:00:00,0.57253,0.42593
2023-02-08 05:00:00,0.49516,0.41898
2023-02-08 06:00:00,0.40426,0.42593
2023-02-08 07:00:00,0.31528,0.43056
2023-02-08 08:00:00,0.24178,0.42824
2023-02-08 09:00:00,0.18956,0.38889
2023-02-08 10:00:00,0.147,0.39815
2023-02-08 11:00:00,0.11412,0.41204
2023-02-08 12:00:00,0.098646,0.42361
2023-02-08 13:00:00,0.10445,0.4213
2023-02-08 14:00:00,0.12573,0.42593
2023-02-08 15:00:00,0.17795,0.40046
2023-02-08 16:00:00,0.23211,0.43519
2023-02-08 17:00:00,0.30754,0.43287
2023-02-08 18:00:00,0.39458,0.43519
2023-02-08 19:00:00,0.47582,0.43519
2023-02-08 20:00:00,0.55126,0.4375
2023-02-08 21:00:00,0.61122,0.44676
2023-02-08 22:00:00,0.66344,0.4537
2023-02-08 23:00:00,0.70213,0.45602
2023-02-09 00:00:00,0.7176,0.45602
2023-02-09 01:00:00,0.71373,0.45602
2023-02-09 02:00:00,0.69052,0.45602
2023-02-09 03:00:00,0.6441,0.44907
2023-02-09 04:00:00,0.58607,0.44444
2023-02-09 05:00:00,0.51451,0.44444
2023-02-09 06:00:00,0.4236,0.44907
2023-02-09 07:00:00,0.32302,0.4537
2023-02-09 08:00:00,0.22631,0.44676
2023-02-09 09:00:00,0.53578,0.53472
2023-02-09 10:00:00,0.53578,0.53472
2023-02-09 11:00:00,0.53578,0.53472
2023-02-09 12:00:00,0.53578,0.53704
2023-02-09 13:00:00,0.53191,0.53704
2023-02-09 14:00:00,0.51451,0.53704
2023-02-09 15:00:00,0.48936,0.54167
2023-02-09 16:00:00,0.46422,0.55093
2023-02-09 17:00:00,0.4294,0.55556
2023-02-09 18:00:00,0.39265,0.56019
2023-02-09 19:00:00,0.3617,0.56944
2023-02-09 20:00:00,0.33269,0.58333
2023-02-09 21:00:00,0.30561,0.59491
2023-02-09 22:00:00,0.27853,0.60417
2023-02-09 23:00:00,0.25532,0.60648
2023-02-10 00:00:00,0.24565,0.61343
2023-02-10 01:00:00,0.24758,0.6088
2023-02-10 02:00:00,0.25532,0.60648
2023-02-10 03:00:00,0.26692,0.60417
2023-02-10 04:00:00,0.28433,0.60417
2023-02-10 05:00:00,0.29981,0.59259
2023-02-10 06:00:00,0.32495,0.58333
2023-02-10 07:00:00,0.36364,0.57407
2023-02-10 08:00:00,0.41393,0.56713
2023-02-10 09:00:00,0.46422,0.5625
2023-02-10 10:00:00,0.5087,0.56019
2023-02-10 11:00:00,0.54932,0.56481
2023-02-10 12:00:00,0.58414,0.58102
2023-02-10 13:00:00,0.61122,0.59722
2023-02-10 14:00:00,0.61122,0.59491
2023-02-10 15:00:00,0.60348,0.59028
2023-02-10 16:00:00,0.58994,0.58333
2023-02-10 17:00:00,0.56093,0.57639
2023-02-10 18:00:00,0.51064,0.57407
2023-02-10 19:00:00,0.45261,0.57639
2023-02-10 20:00:00,0.40426,0.58102
2023-02-10 21:00:00,0.36364,0.58565
2023-02-10 22:00:00,0.33075,0.59259
2023-02-10 23:00:00,0.30174,0.59259
2023-02-11 00:00:00,0.2766,0.59028
2023-02-11 01:00:00,0.25532,0.59028
2023-02-11 02:00:00,0.24952,0.59259
2023-02-11 03:00:00,0.25532,0.58333
2023-02-11 04:00:00,0.26692,0.58796
2023-02-11 05:00:00,0.2882,0.58333
2023-02-11 06:00:00,0.58801,0.58796
2023-02-11 07:00:00,0.58801,0.58796
2023-02-11 08:00:00,0.58801,0.58796
2023-02-11 09:00:00,0.58607,0.58796
2023-02-11 10:00:00,0.58027,0.58796
2023-02-11 11:00:00,0.56286,0.58565
2023-02-11 12:00:00,0.52611,0.58796
2023-02-11 13:00:00,0.47582,0.58333
2023-02-11 14:00:00,0.42747,0.58102
2023-02-11 15:00:00,0.37911,0.58333
2023-02-11 16:00:00,0.33462,0.58333
2023-02-11 17:00:00,0.29981,0.58102
2023-02-11 18:00:00,0.2824,0.5787
2023-02-11 19:00:00,0.2824,0.58102
2023-02-11 20:00:00,0.29207,0.57407
2023-02-11 21:00:00,0.30948,0.57176
2023-02-11 22:00:00,0.34236,0.57407
2023-02-11 23:00:00,0.39072,0.5787
2023-02-12 00:00:00,0.43714,0.5787
2023-02-12 01:00:00,0.48356,0.58565
2023-02-12 02:00:00,0.52418,0.59491
2023-02-12 03:00:00,0.55706,0.60417
2023-02-12 04:00:00,0.58027,0.60185
2023-02-12 05:00:00,0.58801,0.60648
2023-02-12 06:00:00,0.58221,0.60648
2023-02-12 07:00:00,0.55126,0.60417
2023-02-12 08:00:00,0.51064,0.59954
2023-02-12 09:00:00,0.45455,0.59259
2023-02-12 10:00:00,0.39458,0.58333
2023-02-12 11:00:00,0.33462,0.57639
2023-02-12 12:00:00,0.28433,0.54861
2023-02-12 13:00:00,0.24178,0.55324
2023-02-12 14:00:00,0.21277,0.56019
2023-02-12 15:00:00,0.21083,0.56713
2023-02-12 16:00:00,0.23598,0.57639
2023-02-12 17:00:00,0.27466,0.58333
2023-02-12 18:00:00,0.32689,0.59722
2023-02-12 19:00:00,0.38878,0.59954
2023-02-12 20:00:00,0.44681,0.60185
2023-02-12 21:00:00,0.5029,0.60648
2023-02-12 22:00:00,0.55319,0.61574
2023-02-12 23:00:00,0.58994,0.62037
2023-02-13 00:00:00,0.60735,0.625
2023-02-13 01:00:00,0.60928,0.62963
2023-02-13 02:00:00,0.60542,0.63657
2023-02-13 03:00:00,0.60155,0.65046
2023-02-13 04:00:00,0.60155,0.65046
2023-02-13 05:00:00,0.60155,0.65278
2023-02-13 06:00:00,0.59768,0.65278
2023-02-13 07:00:00,0.57447,0.64583
2023-02-13 08:00:00,0.52805,0.63194
2023-02-13 09:00:00,0.47195,0.61574
2023-02-13 10:00:00,0.41393,0.61574
2023-02-13 11:00:00,0.35977,0.61806
2023-02-13 12:00:00,0.31528,0.62037
2023-02-13 13:00:00,0.27853,0.625
2023-02-13 14:00:00,0.24758,0.62731
2023-02-13 15:00:00,0.22824,0.63194
2023-02-13 16:00:00,0.21857,0.63657
2023-02-13 17:00:00,0.22244,0.63657
2023-02-13 18:00:00,0.23985,0.63889
2023-02-13 19:00:00,0.27853,0.64583
2023-02-13 20:00:00,0.32689,0.6412
2023-02-13 21:00:00,0.38104,0.62731
2023-02-13 22:00:00,0.44294,0.61806
2023-02-13 23:00:00,0.5029,0.61343
2023-02-14 00:00:00,0.55319,0.61343
2023-02-14 01:00:00,0.59381,0.61806
2023-02-14 02:00:00,0.62669,0.62269
2023-02-14 03:00:00,0.64603,0.62037
2023-02-14 04:00:00,0.65377,0.62037
2023-02-14 05:00:00,0.65184,0.62269
2023-02-14 06:00:00,0.6325,0.62037
2023-02-14 07:00:00,0.59188,0.61111
2023-02-14 08:00:00,0.53578,0.59722
2023-02-14 09:00:00,0.47389,0.58565
2023-02-14 10:00:00,0.41586,0.58565
2023-02-14 11:00:00,0.3617,0.59722
2023-02-14 12:00:00,0.31528,0.60648
2023-02-14 13:00:00,0.27466,0.61574
2023-02-14 14:00:00,0.23985,0.62037
2023-02-14 15:00:00,0.22244,0.62963
2023-02-14 16:00:00,0.22631,0.625
2023-02-14 17:00:00,0.24952,0.62963
2023-02-14 18:00:00,0.29981,0.62269
2023-02-14 19:00:00,0.35783,0.62269
2023-02-14 20:00:00,0.42166,0.61574
2023-02-14 21:00:00,0.48936,0.61111
2023-02-14 22:00:00,0.55319,0.61111
2023-02-14 23:00:00,0.60155,0.61111
2023-02-15 00:00:00,0.80658,0.60648
2023-02-15 01:00:00,0.80464,0.6088
2023-02-15 02:00:00,0.80464,0.61111
2023-02-15 03:00:00,0.80271,0.61111
2023-02-15 04:00:00,0.80271,0.59491
2023-02-15 05:00:00,0.80658,0.55324
2023-02-15 06:00:00,0.81044,0.50694
2023-02-15 07:00:00,0.81238,0.46759
2023-02-15 08:00:00,0.81818,0.42593
2023-02-15 09:00:00,0.82398,0.38426
2023-02-15 10:00:00,0.83366,0.34954
2023-02-15 11:00:00,0.83946,0.31944
2023-02-15 12:00:00,0.84526,0.29167
2023-02-15 13:00:00,0.84526,0.28472
2023-02-15 14:00:00,0.84526,0.30093
2023-02-15 15:00:00,0.84139,0.34028
2023-02-15 16:00:00,0.83559,0.38889
2023-02-15 17:00:00,0.82979,0.43287
2023-02-15 18:00:00,0.82205,0.47222
2023-02-15 19:00:00,0.81625,0.51157
2023-02-15 20:00:00,0.81625,0.53704
2023-02-15 21:00:00,0.81625,0.56481
2023-02-15 22:00:00,0.82205,0.5787
2023-02-15 23:00:00,0.82592,0.59028
2023-02-16 00:00:00,0.82592,0.60417
2023-02-16 01:00:00,0.82785,0.61574
2023-02-16 02:00:00,0.83172,0.60648
2023-02-16 03:00:00,0.83366,0.58565
2023-02-16 04:00:00,0.82205,0.57407
2023-02-16 05:00:00,0.82398,0.54861
2023-02-16 06:00:00,0.82979,0.50694
2023-02-16 07:00:00,0.84139,0.46991
2023-02-16 08:00:00,0.853,0.43287
2023-02-16 09:00:00,0.86267,0.39815
2023-02-16 10:00:00,0.87234,0.36574
2023-02-16 11:00:00,0.88008,0.34028
2023-02-16 12:00:00,0.88975,0.31944
2023-02-16 13:00:00,0.89362,0.30324
2023-02-16 14:00:00,0.89555,0.29398
2023-02-16 15:00:00,0.89168,0.31019
2023-02-16 16:00:00,0.88201,0.34028
2023-02-16 17:00:00,0.86847,0.38426
2023-02-16 18:00:00,0.85493,0.42824
2023-02-16 19:00:00,0.8472,0.46759
2023-02-16 20:00:00,0.83946,0.49537
2023-02-16 21:00:00,0.75242,0.62963
2023-02-16 22:00:00,0.74855,0.63426
2023-02-16 23:00:00,0.74662,0.63657
2023-02-17 00:00:00,0.74468,0.63657
2023-02-17 01:00:00,0.74855,0.62731
2023-02-17 02:00:00,0.75822,0.59954
2023-02-17 03:00:00,0.75822,0.58565
2023-02-17 04:00:00,0.75822,0.57407
2023-02-17 05:00:00,0.76402,0.54861
2023-02-17 06:00:00,0.76596,0.50463
2023-02-17 07:00:00,0.76596,0.46065
2023-02-17 08:00:00,0.76402,0.42361
2023-02-17 09:00:00,0.76209,0.38657
2023-02-17 10:00:00,0.75822,0.34259
2023-02-17 11:00:00,0.74662,0.2963
2023-02-17 12:00:00,0.73308,0.25
2023-02-17 13:00:00,0.7176,0.21528
2023-02-17 14:00:00,0.70019,0.19676
2023-02-17 15:00:00,0.68859,0.20602
2023-02-17 16:00:00,0.68279,0.25
2023-02-17 17:00:00,0.68665,0.31019
2023-02-17 18:00:00,0.69826,0.37963
2023-02-17 19:00:00,0.70793,0.44444
2023-02-17 20:00:00,0.71567,0.49306
2023-02-17 21:00:00,0.7176,0.53241
2023-02-17 22:00:00,0.72147,0.5625
2023-02-17 23:00:00,0.73114,0.57407
2023-02-18 00:00:00,0.73888,0.57407
2023-02-18 01:00:00,0.74081,0.5625
2023-02-18 02:00:00,0.74468,0.53472
2023-02-18 03:00:00,0.74275,0.49074
2023-02-18 04:00:00,0.73501,0.44213
2023-02-18 05:00:00,0.72727,0.39583
2023-02-18 06:00:00,0.71954,0.35648
2023-02-18 07:00:00,0.7118,0.31713
2023-02-18 08:00:00,0.70793,0.27546
2023-02-18 09:00:00,0.70793,0.23148
2023-02-18 10:00:00,0.70793,0.2037
2023-02-18 11:00:00,0.70793,0.2037
2023-02-18 12:00:00,0.70406,0.23148
2023-02-18 13:00:00,0.70406,0.28241
2023-02-18 14:00:00,0.70406,0.33796
2023-02-18 15:00:00,0.70793,0.40046
2023-02-18 16:00:00,0.70793,0.46296
2023-02-18 17:00:00,0.70213,0.5162
2023-02-18 18:00:00,0.72921,0.56481
2023-02-18 19:00:00,0.72921,0.56481
2023-02-18 20:00:00,0.72921,0.56481
2023-02-18 21:00:00,0.72727,0.56713
2023-02-18 22:00:00,0.72727,0.56481
2023-02-18 23:00:00,0.72727,0.56944
2023-02-19 00:00:00,0.72534,0.5787
2023-02-19 01:00:00,0.72147,0.60185
2023-02-19 02:00:00,0.71954,0.58333
2023-02-19 03:00:00,0.72921,0.4838
2023-02-19 04:00:00,0.73694,0.34954
2023-02-19 05:00:00,0.74081,0.21296
2023-02-19 06:00:00,0.73694,0.092593
2023-02-19 07:00:00,0.73114,0.018519
2023-02-19 08:00:00,0.72727,0.018519
2023-02-19 09:00:00,0.72727,0.0625
2023-02-19 10:00:00,0.72727,0.12269
2023-02-19 11:00:00,0.72727,0.21296
2023-02-19 12:00:00,0.72921,0.32176
2023-02-19 13:00:00,0.73114,0.43981
2023-02-19 14:00:00,0.73888,0.55093
2023-02-19 15:00:00,0.74662,0.6412
2023-02-19 16:00:00,0.76209,0.67361
2023-02-19 17:00:00,0.77176,0.68981
2023-02-19 18:00:00,0.76209,0.68056
2023-02-19 19:00:00,0.74662,0.64352
2023-02-19 20:00:00,0.73114,0.53472
2023-02-19 21:00:00,0.71954,0.42361
2023-02-19 22:00:00,0.71567,0.32639
2023-02-19 23:00:00,0.7118,0.22454
2023-02-20 00:00:00,0.7176,0.12269
2023-02-20 01:00:00,0.72727,0.041667
2023-02-20 02:00:00,0.73114,0.0
2023-02-20 03:00:00,0.72921,0.0
2023-02-20 04:00:00,0.73308,0.030093
2023-02-20 05:00:00,0.72921,0.085648
2023-02-20 06:00:00,0.73501,0.16667
2023-02-20 07:00:00,0.73694,0.26389
2023-02-20 08:00:00,0.74081,0.3588
2023-02-20 09:00:00,0.75242,0.45139
2023-02-20 10:00:00,0.75435,0.5463
2023-02-20 11:00:00,0.75629,0.61111
2023-02-20 12:00:00,0.7795,0.66667
2023-02-20 13:00:00,0.80851,0.69907
2023-02-20 14:00:00,0.80464,0.68981
2023-02-20 15:00:00,0.59961,0.72685
2023-02-20 16:00:00,0.60155,0.72917
2023-02-20 17:00:00,0.59768,0.72917
2023-02-20 18:00:00,0.60348,0.71065
2023-02-20 19:00:00,0.60928,0.66898
2023-02-20 20:00:00,0.59381,0.62037
2023-02-20 21:00:00,0.59188,0.55556
2023-02-20 22:00:00,0.59574,0.50926
2023-02-20 23:00:00,0.59381,0.42824
2023-02-21 00:00:00,0.60155,0.35417
2023-02-21 01:00:00,0.60348,0.27778
2023-02-21 02:00:00,0.59961,0.21296
2023-02-21 03:00:00,0.58994,0.18981
2023-02-21 04:00:00,0.58414,0.22454
2023-02-21 05:00:00,0.58994,0.29167
2023-02-21 06:00:00,0.58414,0.35648
2023-02-21 07:00:00,0.58221,0.41898
2023-02-21 08:00:00,0.58027,0.48148
2023-02-21 09:00:00,0.58801,0.53241
2023-02-21 10:00:00,0.59574,0.56019
2023-02-21 11:00:00,0.60542,0.58796
2023-02-21 12:00:00,0.62282,0.62269
2023-02-21 13:00:00,0.62863,0.65509
2023-02-21 14:00:00,0.62669,0.67824
2023-02-21 15:00:00,0.62669,0.68287
2023-02-21 16:00:00,0.6325,0.65972
2023-02-21 17:00:00,0.62282,0.63426
2023-02-21 18:00:00,0.61509,0.62731
2023-02-21 19:00:00,0.61702,0.55093
2023-02-21 20:00:00,0.62282,0.4838
2023-02-21 21:00:00,0.62089,0.41898
2023-02-21 22:00:00,0.60928,0.34722
2023-02-21 23:00:00,0.59381,0.28704
2023-02-22 00:00:00,0.58607,0.24074
2023-02-22 01:00:00,0.5648,0.19907
2023-02-22 02:00:00,0.55126,0.19213
2023-02-22 03:00:00,0.54739,0.21528
2023-02-22 04:00:00,0.54545,0.27546
2023-02-22 05:00:00,0.53578,0.33102
2023-02-22 06:00:00,0.54545,0.38426
2023-02-22 07:00:00,0.5648,0.44444
2023-02-22 08:00:00,0.58221,0.50231
2023-02-22 09:00:00,0.59188,0.5625
2023-02-22 10:00:00,0.58994,0.60417
2023-02-22 11:00:00,0.59381,0.61343
2023-02-22 12:00:00,0.68085,0.73843
2023-02-22 13:00:00,0.68279,0.73843
2023-02-22 14:00:00,0.68085,0.73843
2023-02-22 15:00:00,0.68472,0.73611
2023-02-22 16:00:00,0.68859,0.72685
2023-02-22 17:00:00,0.70019,0.7037
2023-02-22 18:00:00,0.71373,0.66898
2023-02-22 19:00:00,0.70793,0.61343
2023-02-22 20:00:00,0.67311,0.54398
2023-02-22 21:00:00,0.66151,0.5
2023-02-22 22:00:00,0.66538,0.4375
2023-02-22 23:00:00,0.65957,0.375
2023-02-23 00:00:00,0.63443,0.29861
2023-02-23 01:00:00,0.62669,0.22222
2023-02-23 02:00:00,0.60928,0.18519
2023-02-23 03:00:00,0.59574,0.17593
2023-02-23 04:00:00,0.60735,0.20833
2023-02-23 05:00:00,0.61122,0.29398
2023-02-23 06:00:00,0.62476,0.38657
2023-02-23 07:00:00,0.64797,0.47222
2023-02-23 08:00:00,0.65184,0.51389
2023-02-23 09:00:00,0.67118,0.56481
2023-02-23 10:00:00,0.67505,0.59954
2023-02-23 11:00:00,0.67311,0.63657
2023-02-23 12:00:00,0.66538,0.67824
2023-02-23 13:00:00,0.66151,0.69907
2023-02-23 14:00:00,0.65764,0.6875
2023-02-23 15:00:00,0.66538,0.62269
2023-02-23 16:00:00,0.64023,0.5787
2023-02-23 17:00:00,0.64217,0.50231
2023-02-23 18:00:00,0.64023,0.40509
2023-02-23 19:00:00,0.63636,0.31944
2023-02-23 20:00:00,0.63443,0.26389
2023-02-23 21:00:00,0.63443,0.21991
2023-02-23 22:00:00,0.62282,0.18287
2023-02-23 23:00:00,0.61122,0.1875
2023-02-24 00:00:00,0.61315,0.24537
2023-02-24 01:00:00,0.60928,0.31481
2023-02-24 02:00:00,0.61509,0.39583
2023-02-24 03:00:00,0.61122,0.46296
2023-02-24 04:00:00,0.61122,0.51852
2023-02-24 05:00:00,0.62476,0.56713
2023-02-24 06:00:00,0.64603,0.59028
2023-02-24 07:00:00,0.66538,0.62037
2023-02-24 08:00:00,0.66925,0.64583
2023-02-24 09:00:00,0.60155,0.75463
2023-02-24 10:00:00,0.60155,0.75463
2023-02-24 11:00:00,0.59961,0.75694
2023-02-24 12:00:00,0.60155,0.75694
2023-02-24 13:00:00,0.59961,0.75694
2023-02-24 14:00:00,0.59768,0.75694
2023-02-24 15:00:00,0.60155,0.75694
2023-02-24 16:00:00,0.59961,0.75694
2023-02-24 17:00:00,0.59961,0.75694
2023-02-24 18:00:00,0.59961,0.75694
2023-02-24 19:00:00,0.59961,0.75694
2023-02-24 20:00:00,0.59961,0.75694
2023-02-24 21:00:00,0.60155,0.75694
2023-02-24 22:00:00,0.59961,0.75694
2023-02-24 23:00:00,0.59961,0.75694
2023-02-25 00:00:00,0.60155,0.75694
2023-02-25 01:00:00,0.60155,0.75694
2023-02-25 02:00:00,0.60155,0.75694
2023-02-25 03:00:00,0.60155,0.75694
2023-02-25 04:00:00,0.59961,0.75694
2023-02-25 05:00:00,0.59961,0.75926
2023-02-25 06:00:00,0.59961,0.75694
2023-02-25 07:00:00,0.60155,0.75694
2023-02-25 08:00:00,0.59961,0.75694
2023-02-25 09:00:00,0.60542,0.75694
2023-02-25 10:00:00,0.60155,0.75463
2023-02-25 11:00:00,0.60155,0.75463
2023-02-25 12:00:00,0.60348,0.75463
2023-02-25 13:00:00,0.59961,0.75463
2023-02-25 14:00:00,0.60348,0.75463
2023-02-25 15:00:00,0.60348,0.75463
2023-02-25 16:00:00,0.60155,0.75463
2023-02-25 17:00:00,0.60155,0.75463
2023-02-25 18:00:00,0.60155,0.75463
2023-02-25 19:00:00,0.59961,0.75463
2023-02-25 20:00:00,0.60155,0.75463
2023-02-25 21:00:00,0.60348,0.75463
2023-02-25 22:00:00,0.60348,0.75463
2023-02-25 23:00:00,0.60155,0.75463
2023-02-26 00:00:00,0.60348,0.75463
2023-02-26 01:00:00,0.60542,0.75231
2023-02-26 02:00:00,0.60348,0.75463
2023-02-26 03:00:00,0.60348,0.75463
2023-02-26 04:00:00,0.60542,0.75463
2023-02-26 05:00:00,0.60735,0.75463
2023-02-26 06:00:00,0.48936,0.66898
2023-02-26 07:00:00,0.4913,0.6713
2023-02-26 08:00:00,0.48936,0.6713
2023-02-26 09:00:00,0.48743,0.6713
2023-02-26 10:00:00,0.48549,0.66898
2023-02-26 11:00:00,0.46809,0.65741
2023-02-26 12:00:00,0.46035,0.60185
2023-02-26 13:00:00,0.45841,0.52546
2023-02-26 14:00:00,0.46228,0.44213
2023-02-26 15:00:00,0.45455,0.3588
2023-02-26 16:00:00,0.43907,0.29167
2023-02-26 17:00:00,0.42747,0.23611
2023-02-26 18:00:00,0.42166,0.2037
2023-02-26 19:00:00,0.41393,0.19213
2023-02-26 20:00:00,0.41393,0.19213
2023-02-26 21:00:00,0.41006,0.21991
2023-02-26 22:00:00,0.42166,0.26389
2023-02-26 23:00:00,0.44874,0.3287
2023-02-27 00:00:00,0.46615,0.40278
2023-02-27 01:00:00,0.47582,0.48148
2023-02-27 02:00:00,0.48356,0.5625
2023-02-27 03:00:00,0.49516,0.64815
2023-02-27 04:00:00,0.51257,0.6713
2023-02-27 05:00:00,0.52611,0.69444
2023-02-27 06:00:00,0.52611,0.69444
2023-02-27 07:00:00,0.52805,0.69444
2023-02-27 08:00:00,0.52805,0.69444
2023-02-27 09:00:00,0.51644,0.67361
2023-02-27 10:00:00,0.4913,0.63657
2023-02-27 11:00:00,0.47969,0.5625
2023-02-27 12:00:00,0.47002,0.49074
2023-02-27 13:00:00,0.45841,0.4213
2023-02-27 14:00:00,0.44487,0.35648
2023-02-27 15:00:00,0.43327,0.30556
2023-02-27 16:00:00,0.41973,0.26852
2023-02-27 17:00:00,0.41199,0.23148
2023-02-27 18:00:00,0.41006,0.20833
2023-02-27 19:00:00,0.41006,0.19676
2023-02-27 20:00:00,0.41006,0.19444
2023-02-27 21:00:00,0.41393,0.19907
2023-02-27 22:00:00,0.41586,0.21991
2023-02-27 23:00:00,0.4294,0.26157
2023-02-28 00:00:00,0.45455,0.31713
2023-02-28 01:00:00,0.47969,0.39352
2023-02-28 02:00:00,0.49903,0.47685
2023-02-28 03:00:00,0.51064,0.71528
2023-02-28 04:00:00,0.51064,0.71065
2023-02-28 05:00:00,0.51451,0.69907
2023-02-28 06:00:00,0.51064,0.68287
2023-02-28 07:00:00,0.5087,0.63889
2023-02-28 08:00:00,0.5029,0.58102
2023-02-28 09:00:00,0.50677,0.50694
2023-02-28 10:00:00,0.51064,0.43519
2023-02-28 11:00:00,0.50484,0.36574
2023-02-28 12:00:00,0.50097,0.30324
2023-02-28 13:00:00,0.49516,0.25926
2023-02-28 14:00:00,0.48936,0.22685
2023-02-28 15:00:00,0.49516,0.19907
2023-02-28 16:00:00,0.49323,0.18287
2023-02-28 17:00:00,0.48936,0.18519
2023-02-28 18:00:00,0.48936,0.20833
2023-02-28 19:00:00,0.4971,0.23611
2023-02-28 20:00:00,0.50097,0.27546
2023-02-28 21:00:00,0.51064,0.33796
2023-02-28 22:00:00,0.51451,0.41204
2023-02-28 23:00:00,0.51838,0.47454
2023-03-01 00:00:00,0.51064,0.53009
2023-03-01 01:00:00,0.51064,0.59028
2023-03-01 02:00:00,0.51838,0.63426
2023-03-01 03:00:00,0.52031,0.67361
2023-03-01 04:00:00,0.52418,0.70602
2023-03-01 05:00:00,0.52224,0.72917
2023-03-01 06:00:00,0.51838,0.74537
2023-03-01 07:00:00,0.51257,0.75694
2023-03-01 08:00:00,0.50097,0.74769
2023-03-01 09:00:00,0.4971,0.72222
2023-03-01 10:00:00,0.48356,0.68287
2023-03-01 11:00:00,0.46422,0.62963
2023-03-01 12:00:00,0.44874,0.5787
2023-03-01 13:00:00,0.44487,0.52083
2023-03-01 14:00:00,0.44681,0.45602
2023-03-01 15:00:00,0.44874,0.38889
2023-03-01 16:00:00,0.45068,0.3287
2023-03-01 17:00:00,0.45068,0.28009
2023-03-01 18:00:00,0.44681,0.24537
2023-03-01 19:00:00,0.44101,0.22454
2023-03-01 20:00:00,0.44101,0.21065
2023-03-01 21:00:00,0.4352,0.21296
2023-03-01 22:00:00,0.43327,0.21065
2023-03-01 23:00:00,0.43327,0.22685
2023-03-02 00:00:00,0.46422,0.63889
2023-03-02 01:00:00,0.46422,0.63657
2023-03-02 02:00:00,0.46422,0.63657
2023-03-02 03:00:00,0.46615,0.63194
2023-03-02 04:00:00,0.46228,0.63889
2023-03-02 05:00:00,0.46228,0.62963
2023-03-02 06:00:00,0.46228,0.625
2023-03-02 07:00:00,0.46035,0.60185
2023-03-02 08:00:00,0.45455,0.56019
2023-03-02 09:00:00,0.44294,0.50694
2023-03-02 10:00:00,0.4294,0.44676
2023-03-02 11:00:00,0.41779,0.3912
2023-03-02 12:00:00,0.40426,0.34259
2023-03-02 13:00:00,0.39652,0.30556
2023-03-02 14:00:00,0.38491,0.27778
2023-03-02 15:00:00,0.37524,0.25926
2023-03-02 16:00:00,0.36557,0.25463
2023-03-02 17:00:00,0.3559,0.25231
2023-03-02 18:00:00,0.3501,0.26389
2023-03-02 19:00:00,0.34623,0.28009
2023-03-02 20:00:00,0.33656,0.30556
2023-03-02 21:00:00,0.33075,0.35648
2023-03-02 22:00:00,0.33656,0.42593
2023-03-02 23:00:00,0.34816,0.50463
2023-03-03 00:00:00,0.36364,0.55324
2023-03-03 01:00:00,0.38685,0.60185
2023-03-03 02:00:00,0.37911,0.64352
2023-03-03 03:00:00,0.37718,0.66204
2023-03-03 04:00:00,0.38104,0.66667
2023-03-03 05:00:00,0.38491,0.66435
2023-03-03 06:00:00,0.39265,0.65509
2023-03-03 07:00:00,0.40426,0.63889
2023-03-03 08:00:00,0.40812,0.62037
2023-03-03 09:00:00,0.40426,0.60417
2023-03-03 10:00:00,0.39845,0.57407
2023-03-03 11:00:00,0.40039,0.50694
2023-03-03 12:00:00,0.40426,0.43287
2023-03-03 13:00:00,0.40039,0.37269
2023-03-03 14:00:00,0.39265,0.32639
2023-03-03 15:00:00,0.38685,0.29398
2023-03-03 16:00:00,0.38104,0.27778
2023-03-03 17:00:00,0.37524,0.27315
2023-03-03 18:00:00,0.36944,0.28009
2023-03-03 19:00:00,0.36364,0.30093
2023-03-03 20:00:00,0.35977,0.34491
2023-03-03 21:00:00,0.54545,0.7662
2023-03-03 22:00:00,0.54739,0.76389
2023-03-03 23:00:00,0.54545,0.76389
2023-03-04 00:00:00,0.54739,0.76389
2023-03-04 01:00:00,0.54159,0.75694
2023-03-04 02:00:00,0.52611,0.73611
2023-03-04 03:00:00,0.51451,0.69676
2023-03-04 04:00:00,0.50484,0.65046
2023-03-04 05:00:00,0.47389,0.61111
2023-03-04 06:00:00,0.44681,0.58102
2023-03-04 07:00:00,0.43714,0.55324
2023-03-04 08:00:00,0.42553,0.5162
2023-03-04 09:00:00,0.41779,0.48148
2023-03-04 10:00:00,0.41199,0.44907
2023-03-04 11:00:00,0.40619,0.42593
2023-03-04 12:00:00,0.40232,0.40741
2023-03-04 13:00:00,0.40232,0.40741
2023-03-04 14:00:00,0.40039,0.41435
2023-03-04 15:00:00,0.40426,0.4213
2023-03-04 16:00:00,0.40426,0.44213
2023-03-04 17:00:00,0.40232,0.47917
2023-03-04 18:00:00,0.40039,0.51852
2023-03-04 19:00:00,0.40619,0.53241
2023-03-04 20:00:00,0.42553,0.56481
2023-03-04 21:00:00,0.4294,0.61111
2023-03-04 22:00:00,0.4352,0.65278
2023-03-04 23:00:00,0.44294,0.68519
2023-03-05 00:00:00,0.44681,0.71528
2023-03-05 01:00:00,0.45261,0.73611
2023-03-05 02:00:00,0.45261,0.75
2023-03-05 03:00:00,0.44874,0.75231
2023-03-05 04:00:00,0.45068,0.74537
2023-03-05 05:00:00,0.45648,0.74074
2023-03-05 06:00:00,0.45455,0.72222
2023-03-05 07:00:00,0.45261,0.68056
2023-03-05 08:00:00,0.44487,0.61111
2023-03-05 09:00:00,0.40426,0.54861
2023-03-05 10:00:00,0.38685,0.52315
2023-03-05 11:00:00,0.37718,0.48611
2023-03-05 12:00:00,0.36364,0.44444
2023-03-05 13:00:00,0.35203,0.41204
2023-03-05 14:00:00,0.34816,0.40046
2023-03-05 15:00:00,0.34236,0.39583
2023-03-05 16:00:00,0.34623,0.40741
2023-03-05 17:00:00,0.34236,0.41898
2023-03-05 18:00:00,0.48356,0.75926
2023-03-05 19:00:00,0.48356,0.75694
2023-03-05 20:00:00,0.48743,0.75463
2023-03-05 21:00:00,0.48549,0.75694
2023-03-05 22:00:00,0.48549,0.75463
2023-03-05 23:00:00,0.48743,0.74769
2023-03-06 00:00:00,0.48936,0.73611
2023-03-06 01:00:00,0.48743,0.70139
2023-03-06 02:00:00,0.47969,0.64583
2023-03-06 03:00:00,0.4352,0.59259
2023-03-06 04:00:00,0.41973,0.55556
2023-03-06 05:00:00,0.40812,0.50463
2023-03-06 06:00:00,0.40039,0.45602
2023-03-06 07:00:00,0.40232,0.41204
2023-03-06 08:00:00,0.40426,0.36806
2023-03-06 09:00:00,0.40232,0.33565
2023-03-06 10:00:00,0.40619,0.32639
2023-03-06 11:00:00,0.40619,0.3287
2023-03-06 12:00:00,0.40619,0.34491
2023-03-06 13:00:00,0.40039,0.375
2023-03-06 14:00:00,0.40039,0.41435
2023-03-06 15:00:00,0.40619,0.46759
2023-03-06 16:00:00,0.40619,0.51852
2023-03-06 17:00:00,0.39845,0.54167
2023-03-06 18:00:00,0.43133,0.5787
2023-03-06 19:00:00,0.44294,0.62963
2023-03-06 20:00:00,0.44487,0.67824
2023-03-06 21:00:00,0.44681,0.71991
2023-03-06 22:00:00,0.43714,0.74769
2023-03-06 23:00:00,0.43907,0.7662
2023-03-07 00:00:00,0.44294,0.75926
2023-03-07 01:00:00,0.45261,0.74306
2023-03-07 02:00:00,0.45455,0.72454
2023-03-07 03:00:00,0.44487,0.6875
2023-03-07 04:00:00,0.43327,0.61574
2023-03-07 05:00:00,0.41586,0.54398
2023-03-07 06:00:00,0.40039,0.50694
2023-03-07 07:00:00,0.37911,0.46065
2023-03-07 08:00:00,0.35977,0.41898
2023-03-07 09:00:00,0.3617,0.38194
2023-03-07 10:00:00,0.3675,0.36111
2023-03-07 11:00:00,0.36944,0.35185
2023-03-07 12:00:00,0.3675,0.36111
2023-03-07 13:00:00,0.36364,0.37731
2023-03-07 14:00:00,0.35977,0.40278
2023-03-07 15:00:00,0.51257,0.74537
2023-03-07 16:00:00,0.51644,0.74306
2023-03-07 17:00:00,0.51451,0.74306
2023-03-07 18:00:00,0.51257,0.74074
2023-03-07 19:00:00,0.51064,0.72685
2023-03-07 20:00:00,0.50484,0.68287
2023-03-07 21:00:00,0.48162,0.625
2023-03-07 22:00:00,0.45455,0.57639
2023-03-07 23:00:00,0.43714,0.51389
2023-03-08 00:00:00,0.42553,0.45602
2023-03-08 01:00:00,0.42553,0.40509
2023-03-08 02:00:00,0.4352,0.36111
2023-03-08 03:00:00,0.44874,0.33565
2023-03-08 04:00:00,0.45455,0.3287
2023-03-08 05:00:00,0.45068,0.33102
2023-03-08 06:00:00,0.44487,0.33796
2023-03-08 07:00:00,0.44101,0.35648
2023-03-08 08:00:00,0.43714,0.38657
2023-03-08 09:00:00,0.43133,0.4213
2023-03-08 10:00:00,0.41393,0.46759
2023-03-08 11:00:00,0.41006,0.50463
2023-03-08 12:00:00,0.43907,0.53472
2023-03-08 13:00:00,0.46035,0.59259
2023-03-08 14:00:00,0.46422,0.65278
2023-03-08 15:00:00,0.46615,0.7037
2023-03-08 16:00:00,0.46809,0.73611
2023-03-08 17:00:00,0.46615,0.74537
2023-03-08 18:00:00,0.46615,0.73843
2023-03-08 19:00:00,0.46809,0.7338
2023-03-08 20:00:00,0.47002,0.73148
2023-03-08 21:00:00,0.47582,0.71065
2023-03-08 22:00:00,0.47389,0.66898
2023-03-08 23:00:00,0.48162,0.61111
2023-03-09 00:00:00,0.45261,0.56713
2023-03-09 01:00:00,0.43327,0.5162
2023-03-09 02:00:00,0.42747,0.46296
2023-03-09 03:00:00,0.43327,0.43287
2023-03-09 04:00:00,0.4294,0.40509
2023-03-09 05:00:00,0.4236,0.38194
2023-03-09 06:00:00,0.41393,0.36343
2023-03-09 07:00:00,0.41393,0.36343
2023-03-09 08:00:00,0.41199,0.37963
2023-03-09 09:00:00,0.41199,0.41204
2023-03-09 10:00:00,0.40619,0.45833
2023-03-09 11:00:00,0.40812,0.48843
2023-03-09 12:00:00,0.56093,0.19907
2023-03-09 13:00:00,0.56093,0.19907
2023-03-09 14:00:00,0.55899,0.19907
2023-03-09 15:00:00,0.56093,0.19907
2023-03-09 16:00:00,0.56093,0.19907
2023-03-09 17:00:00,0.55899,0.19907
2023-03-09 18:00:00,0.56093,0.19907
2023-03-09 19:00:00,0.56093,0.19907
2023-03-09 20:00:00,0.56093,0.19907
2023-03-09 21:00:00,0.55706,0.19444
2023-03-09 22:00:00,0.55126,0.19213
2023-03-09 23:00:00,0.54159,0.18519
2023-03-10 00:00:00,0.52998,0.18056
2023-03-10 01:00:00,0.51644,0.17824
2023-03-10 02:00:00,0.49903,0.17824
2023-03-10 03:00:00,0.47969,0.1713
2023-03-10 04:00:00,0.45648,0.1713
2023-03-10 05:00:00,0.43133,0.1713
2023-03-10 06:00:00,0.40232,0.17593
2023-03-10 07:00:00,0.37331,0.18519
2023-03-10 08:00:00,0.34236,0.19676
2023-03-10 09:00:00,0.31528,0.20602
2023-03-10 10:00:00,0.29014,0.21991
2023-03-10 11:00:00,0.26886,0.23843
2023-03-10 12:00:00,0.24952,0.26389
2023-03-10 13:00:00,0.23598,0.28704
2023-03-10 14:00:00,0.22631,0.31713
2023-03-10 15:00:00,0.22244,0.35185
2023-03-10 16:00:00,0.22244,0.38657
2023-03-10 17:00:00,0.22244,0.4213
2023-03-10 18:00:00,0.22437,0.4537
2023-03-10 19:00:00,0.23017,0.49537
2023-03-10 20:00:00,0.24178,0.53241
2023-03-10 21:00:00,0.25725,0.56944
2023-03-10 22:00:00,0.27466,0.60417
2023-03-10 23:00:00,0.29594,0.63194
2023-03-11 00:00:00,0.32302,0.65509
2023-03-11 01:00:00,0.34623,0.67361
2023-03-11 02:00:00,0.36944,0.69444
2023-03-11 03:00:00,0.40039,0.71065
2023-03-11 04:00:00,0.43327,0.72454
2023-03-11 05:00:00,0.46615,0.73611
2023-03-11 06:00:00,0.50097,0.74537
2023-03-11 07:00:00,0.53191,0.75
2023-03-11 08:00:00,0.56093,0.75231
2023-03-11 09:00:00,0.51257,0.3287
2023-03-11 10:00:00,0.51257,0.3287
2023-03-11 11:00:00,0.51257,0.3287
2023-03-11 12:00:00,0.51064,0.3287
2023-03-11 13:00:00,0.51064,0.32639
2023-03-11 14:00:00,0.51064,0.3287
2023-03-11 15:00:00,0.5087,0.32639
2023-03-11 16:00:00,0.50677,0.32639
2023-03-11 17:00:00,0.50677,0.32407
2023-03-11 18:00:00,0.50484,0.32176
2023-03-11 19:00:00,0.49903,0.32176
2023-03-11 20:00:00,0.49516,0.31713
2023-03-11 21:00:00,0.48743,0.3125
2023-03-11 22:00:00,0.47776,0.30556
2023-03-11 23:00:00,0.47002,0.2963
2023-03-12 00:00:00,0.45841,0.29167
2023-03-12 01:00:00,0.44681,0.28472
2023-03-12 02:00:00,0.43133,0.28009
2023-03-12 03:00:00,0.41586,0.27546
2023-03-12 04:00:00,0.40039,0.27083
2023-03-12 05:00:00,0.38104,0.2662
2023-03-12 06:00:00,0.3617,0.26852
2023-03-12 07:00:00,0.34236,0.27083
2023-03-12 08:00:00,0.32495,0.27083
2023-03-12 09:00:00,0.31141,0.27315
2023-03-12 10:00:00,0.29787,0.27083
2023-03-12 11:00:00,0.27853,0.28472
2023-03-12 12:00:00,0.25919,0.30093
2023-03-12 13:00:00,0.24178,0.32176
2023-03-12 14:00:00,0.22437,0.34722
2023-03-12 15:00:00,0.20696,0.37963
2023-03-12 16:00:00,0.19342,0.41667
2023-03-12 17:00:00,0.17795,0.43981
2023-03-12 18:00:00,0.16828,0.46991
2023-03-12 19:00:00,0.16248,0.5
2023-03-12 20:00:00,0.15667,0.52546
2023-03-12 21:00:00,0.1528,0.55556
2023-03-12 22:00:00,0.1528,0.58102
2023-03-12 23:00:00,0.15667,0.61574
2023-03-13 00:00:00,0.15861,0.65278
2023-03-13 01:00:00,0.16054,0.67361
2023-03-13 02:00:00,0.17021,0.69444
2023-03-13 03:00:00,0.17795,0.71528
2023-03-13 04:00:00,0.18569,0.72685
2023-03-13 05:00:00,0.19923,0.74769
2023-03-13 06:00:00,0.70986,0.26389
2023-03-13 07:00:00,0.70986,0.2662
2023-03-13 08:00:00,0.70986,0.26389
2023-03-13 09:00:00,0.70793,0.2662
2023-03-13 10:00:00,0.706,0.26852
2023-03-13 11:00:00,0.70406,0.2662
2023-03-13 12:00:00,0.70406,0.26852
2023-03-13 13:00:00,0.70019,0.26852
2023-03-13 14:00:00,0.70019,0.26852
2023-03-13 15:00:00,0.70019,0.27083
2023-03-13 16:00:00,0.69632,0.26157
2023-03-13 17:00:00,0.68472,0.25231
2023-03-13 18:00:00,0.66925,0.24074
2023-03-13 19:00:00,0.64603,0.22222
2023-03-13 20:00:00,0.61702,0.21065
2023-03-13 21:00:00,0.58801,0.2037
2023-03-13 22:00:00,0.55899,0.19907
2023-03-13 23:00:00,0.52611,0.19676
2023-03-14 00:00:00,0.49323,0.19676
2023-03-14 01:00:00,0.45648,0.19907
2023-03-14 02:00:00,0.42553,0.20139
2023-03-14 03:00:00,0.39458,0.21528
2023-03-14 04:00:00,0.3675,0.23611
2023-03-14 05:00:00,0.34236,0.25926
2023-03-14 06:00:00,0.31915,0.28704
2023-03-14 07:00:00,0.29594,0.3125
2023-03-14 08:00:00,0.2766,0.34259
2023-03-14 09:00:00,0.26112,0.375
2023-03-14 10:00:00,0.24952,0.40046
2023-03-14 11:00:00,0.24178,0.43287
2023-03-14 12:00:00,0.23985,0.45833
2023-03-14 13:00:00,0.24178,0.48843
2023-03-14 14:00:00,0.24565,0.5162
2023-03-14 15:00:00,0.25532,0.5463
2023-03-14 16:00:00,0.27466,0.56713
2023-03-14 17:00:00,0.29207,0.59259
2023-03-14 18:00:00,0.30948,0.61574
2023-03-14 19:00:00,0.32689,0.63426
2023-03-14 20:00:00,0.34623,0.65046
2023-03-14 21:00:00,0.36557,0.66898
2023-03-14 22:00:00,0.38878,0.67824
2023-03-14 23:00:00,0.41006,0.69213
2023-03-15 00:00:00,0.43327,0.70139
2023-03-15 01:00:00,0.45455,0.71528
2023-03-15 02:00:00,0.48162,0.71991
2023-03-15 03:00:00,0.73694,0.30324
2023-03-15 04:00:00,0.73501,0.30324
2023-03-15 05:00:00,0.73501,0.30093
2023-03-15 06:00:00,0.73694,0.30093
2023-03-15 07:00:00,0.73501,0.30556
2023-03-15 08:00:00,0.73501,0.30093
2023-03-15 09:00:00,0.73501,0.30093
2023-03-15 10:00:00,0.73308,0.30093
2023-03-15 11:00:00,0.73501,0.30093
2023-03-15 12:00:00,0.73308,0.30093
2023-03-15 13:00:00,0.72921,0.29861
2023-03-15 14:00:00,0.72147,0.29398
2023-03-15 15:00:00,0.70793,0.28704
2023-03-15 16:00:00,0.69439,0.27315
2023-03-15 17:00:00,0.67505,0.2662
2023-03-15 18:00:00,0.65377,0.25463
2023-03-15 19:00:00,0.6325,0.24537
2023-03-15 20:00:00,0.60735,0.24074
2023-03-15 21:00:00,0.58027,0.23611
2023-03-15 22:00:00,0.55319,0.23611
2023-03-15 23:00:00,0.52805,0.23843
2023-03-16 00:00:00,0.5029,0.24769
2023-03-16 01:00:00,0.47776,0.25926
2023-03-16 02:00:00,0.45841,0.27546
2023-03-16 03:00:00,0.44487,0.29167
2023-03-16 04:00:00,0.43327,0.3125
2023-03-16 05:00:00,0.42553,0.33333
2023-03-16 06:00:00,0.41973,0.35417
2023-03-16 07:00:00,0.41779,0.37963
2023-03-16 08:00:00,0.41779,0.40972
2023-03-16 09:00:00,0.41973,0.43981
2023-03-16 10:00:00,0.42553,0.46991
2023-03-16 11:00:00,0.43133,0.49769
2023-03-16 12:00:00,0.43907,0.52778
2023-03-16 13:00:00,0.45068,0.55324
2023-03-16 14:00:00,0.46228,0.57639
2023-03-16 15:00:00,0.47389,0.59954
2023-03-16 16:00:00,0.48743,0.62037
2023-03-16 17:00:00,0.4971,0.6412
2023-03-16 18:00:00,0.50677,0.65972
2023-03-16 19:00:00,0.52224,0.67593
2023-03-16 20:00:00,0.53772,0.6875
2023-03-16 21:00:00,0.55899,0.69213
2023-03-16 22:00:00,0.5764,0.69676
2023-03-16 23:00:00,0.60155,0.69907
2023-03-17 00:00:00,0.70213,0.18981
2023-03-17 01:00:00,0.70406,0.1875
2023-03-17 02:00:00,0.70213,0.1875
2023-03-17 03:00:00,0.70213,0.18981
2023-03-17 04:00:00,0.70019,0.18981
2023-03-17 05:00:00,0.69632,0.1875
2023-03-17 06:00:00,0.68859,0.18056
2023-03-17 07:00:00,0.67311,0.1713
2023-03-17 08:00:00,0.65571,0.16435
2023-03-17 09:00:00,0.6383,0.16204
2023-03-17 10:00:00,0.62089,0.15741
2023-03-17 11:00:00,0.60348,0.15509
2023-03-17 12:00:00,0.58607,0.15509
2023-03-17 13:00:00,0.5706,0.15741
2023-03-17 14:00:00,0.55319,0.16204
2023-03-17 15:00:00,0.53772,0.17361
2023-03-17 16:00:00,0.52418,0.18287
2023-03-17 17:00:00,0.5087,0.19676
2023-03-17 18:00:00,0.49516,0.20833
2023-03-17 19:00:00,0.48162,0.21759
2023-03-17 20:00:00,0.46228,0.22685
2023-03-17 21:00:00,0.44487,0.24074
2023-03-17 22:00:00,0.42747,0.25463
2023-03-17 23:00:00,0.41393,0.27315
2023-03-18 00:00:00,0.39845,0.29167
2023-03-18 01:00:00,0.38878,0.31019
2023-03-18 02:00:00,0.38104,0.3287
2023-03-18 03:00:00,0.37524,0.34722
2023-03-18 04:00:00,0.37331,0.36574
2023-03-18 05:00:00,0.37911,0.38426
2023-03-18 06:00:00,0.38685,0.40741
2023-03-18 07:00:00,0.39458,0.43519
2023-03-18 08:00:00,0.40232,0.46065
2023-03-18 09:00:00,0.41199,0.48843
2023-03-18 10:00:00,0.4236,0.51389
2023-03-18 11:00:00,0.43907,0.53935
2023-03-18 12:00:00,0.45261,0.56481
2023-03-18 13:00:00,0.46615,0.58102
2023-03-18 14:00:00,0.47776,0.59954
2023-03-18 15:00:00,0.48549,0.61111
2023-03-18 16:00:00,0.49323,0.62731
2023-03-18 17:00:00,0.49903,0.6412
2023-03-18 18:00:00,0.51257,0.65509
2023-03-18 19:00:00,0.52031,0.66435
2023-03-18 20:00:00,0.53578,0.67593
2023-03-18 21:00:00,0.56673,0.14815
2023-03-18 22:00:00,0.5648,0.14815
2023-03-18 23:00:00,0.56286,0.14815
2023-03-19 00:00:00,0.55899,0.14583
2023-03-19 01:00:00,0.55319,0.14583
2023-03-19 02:00:00,0.54932,0.14352
2023-03-19 03:00:00,0.54545,0.14352
2023-03-19 04:00:00,0.54159,0.1412
2023-03-19 05:00:00,0.53385,0.1412
2023-03-19 06:00:00,0.52805,0.13657
2023-03-19 07:00:00,0.51838,0.13657
2023-03-19 08:00:00,0.5087,0.13426
2023-03-19 09:00:00,0.49903,0.13426
2023-03-19 10:00:00,0.48356,0.13426
2023-03-19 11:00:00,0.47195,0.13426
2023-03-19 12:00:00,0.45648,0.13657
2023-03-19 13:00:00,0.43907,0.1412
2023-03-19 14:00:00,0.42166,0.14815
2023-03-19 15:00:00,0.40232,0.15278
2023-03-19 16:00:00,0.38298,0.15741
2023-03-19 17:00:00,0.3617,0.16435
2023-03-19 18:00:00,0.34043,0.16898
2023-03-19 19:00:00,0.31721,0.18056
2023-03-19 20:00:00,0.29787,0.1875
2023-03-19 21:00:00,0.2766,0.20139
2023-03-19 22:00:00,0.25532,0.21296
2023-03-19 23:00:00,0.23598,0.22454
2023-03-20 00:00:00,0.21857,0.23611
2023-03-20 01:00:00,0.20116,0.25
2023-03-20 02:00:00,0.18762,0.26157
2023-03-20 03:00:00,0.17988,0.2662
2023-03-20 04:00:00,0.16828,0.28009
2023-03-20 05:00:00,0.16828,0.27315
2023-03-20 06:00:00,0.17215,0.28472
2023-03-20 07:00:00,0.14894,0.29398
2023-03-20 08:00:00,0.147,0.30787
2023-03-20 09:00:00,0.14313,0.32639
2023-03-20 10:00:00,0.14313,0.34028
2023-03-20 11:00:00,0.14313,0.36111
2023-03-20 12:00:00,0.15667,0.36806
2023-03-20 13:00:00,0.16248,0.38889
2023-03-20 14:00:00,0.16634,0.41204
2023-03-20 15:00:00,0.17602,0.43519
2023-03-20 16:00:00,0.18182,0.46296
2023-03-20 17:00:00,0.19342,0.49074
2023-03-20 18:00:00,0.56673,0.21065
2023-03-20 19:00:00,0.56093,0.20833
2023-03-20 20:00:00,0.55126,0.20602
2023-03-20 21:00:00,0.53965,0.19907
2023-03-20 22:00:00,0.52611,0.19213
2023-03-20 23:00:00,0.51064,0.18981
2023-03-21 00:00:00,0.4913,0.1875
2023-03-21 01:00:00,0.46615,0.1875
2023-03-21 02:00:00,0.43907,0.19213
2023-03-21 03:00:00,0.40812,0.19907
2023-03-21 04:00:00,0.37718,0.21759
2023-03-21 05:00:00,0.34623,0.22685
2023-03-21 06:00:00,0.31721,0.24537
2023-03-21 07:00:00,0.294,0.2662
2023-03-21 08:00:00,0.2766,0.28472
2023-03-21 09:00:00,0.26499,0.30556
2023-03-21 10:00:00,0.25919,0.32639
2023-03-21 11:00:00,0.25145,0.34491
2023-03-21 12:00:00,0.24371,0.36574
2023-03-21 13:00:00,0.23598,0.38426
2023-03-21 14:00:00,0.23017,0.40278
2023-03-21 15:00:00,0.24371,0.37963
2023-03-21 16:00:00,0.23791,0.40278
2023-03-21 17:00:00,0.23598,0.4213
2023-03-21 18:00:00,0.24178,0.44444
2023-03-21 19:00:00,0.25338,0.47454
2023-03-21 20:00:00,0.27079,0.50926
2023-03-21 21:00:00,0.29594,0.53935
2023-03-21 22:00:00,0.31915,0.57407
2023-03-21 23:00:00,0.34816,0.6088
2023-03-22 00:00:00,0.37718,0.63889
2023-03-22 01:00:00,0.40039,0.66667
2023-03-22 02:00:00,0.42166,0.69444
2023-03-22 03:00:00,0.45068,0.71991
2023-03-22 04:00:00,0.47969,0.7338
2023-03-22 05:00:00,0.51257,0.74074
2023-03-22 06:00:00,0.54932,0.73843
2023-03-22 07:00:00,0.58994,0.73611
2023-03-22 08:00:00,0.6325,0.73611
2023-03-22 09:00:00,0.66538,0.74074
2023-03-22 10:00:00,0.69246,0.74537
2023-03-22 11:00:00,0.70213,0.75
2023-03-22 12:00:00,0.70986,0.75
2023-03-22 13:00:00,0.7118,0.75
2023-03-22 14:00:00,0.70986,0.75
2023-03-22 15:00:00,0.50677,0.25231
2023-03-22 16:00:00,0.50484,0.24769
2023-03-22 17:00:00,0.5029,0.24306
2023-03-22 18:00:00,0.49903,0.24074
2023-03-22 19:00:00,0.4913,0.23611
2023-03-22 20:00:00,0.48162,0.23148
2023-03-22 21:00:00,0.46809,0.22454
2023-03-22 22:00:00,0.44874,0.21991
2023-03-22 23:00:00,0.42747,0.21759
2023-03-23 00:00:00,0.40426,0.22454
2023-03-23 01:00:00,0.37331,0.22685
2023-03-23 02:00:00,0.34236,0.23611
2023-03-23 03:00:00,0.30948,0.25231
2023-03-23 04:00:00,0.27466,0.2662
2023-03-23 05:00:00,0.24178,0.28241
2023-03-23 06:00:00,0.21277,0.30787
2023-03-23 07:00:00,0.20696,0.31944
2023-03-23 08:00:00,0.19923,0.33102
2023-03-23 09:00:00,0.20116,0.34259
2023-03-23 10:00:00,0.19536,0.35185
2023-03-23 11:00:00,0.19536,0.37037
2023-03-23 12:00:00,0.20116,0.38657
2023-03-23 13:00:00,0.20696,0.40046
2023-03-23 14:00:00,0.21277,0.42593
2023-03-23 15:00:00,0.22244,0.45833
2023-03-23 16:00:00,0.24178,0.49537
2023-03-23 17:00:00,0.26692,0.53472
2023-03-23 18:00:00,0.294,0.57407
2023-03-23 19:00:00,0.32302,0.61343
2023-03-23 20:00:00,0.34816,0.65278
2023-03-23 21:00:00,0.36944,0.68287
2023-03-23 22:00:00,0.38878,0.71065
2023-03-23 23:00:00,0.42166,0.72685
2023-03-24 00:00:00,0.46615,0.74074
2023-03-24 01:00:00,0.51838,0.74537
2023-03-24 02:00:00,0.56867,0.75
2023-03-24 03:00:00,0.60928,0.75463
2023-03-24 04:00:00,0.64217,0.75694
2023-03-24 05:00:00,0.66151,0.75694
2023-03-24 06:00:00,0.67311,0.75926
2023-03-24 07:00:00,0.67505,0.75926
2023-03-24 08:00:00,0.67505,0.75926
2023-03-24 09:00:00,0.67698,0.75926
2023-03-24 10:00:00,0.67311,0.75926
2023-03-24 11:00:00,0.67311,0.75694
2023-03-24 12:00:00,0.3675,0.43287
2023-03-24 13:00:00,0.36557,0.43287
2023-03-24 14:00:00,0.36557,0.43287
2023-03-24 15:00:00,0.36557,0.43287
2023-03-24 16:00:00,0.36557,0.43056
2023-03-24 17:00:00,0.36364,0.42824
2023-03-24 18:00:00,0.3617,0.42593
2023-03-24 19:00:00,0.35977,0.42361
2023-03-24 20:00:00,0.3559,0.4213
2023-03-24 21:00:00,0.35203,0.41898
2023-03-24 22:00:00,0.34623,0.41898
2023-03-24 23:00:00,0.33849,0.41435
2023-03-25 00:00:00,0.33075,0.40972
2023-03-25 01:00:00,0.32108,0.40741
2023-03-25 02:00:00,0.31335,0.40509
2023-03-25 03:00:00,0.30174,0.40509
2023-03-25 04:00:00,0.29207,0.40509
2023-03-25 05:00:00,0.2824,0.40278
2023-03-25 06:00:00,0.27079,0.40046
2023-03-25 07:00:00,0.25919,0.40278
2023-03-25 08:00:00,0.24758,0.40509
2023-03-25 09:00:00,0.23404,0.40741
2023-03-25 10:00:00,0.2205,0.41204
2023-03-25 11:00:00,0.20696,0.41667
2023-03-25 12:00:00,0.19149,0.4213
2023-03-25 13:00:00,0.17795,0.42593
2023-03-25 14:00:00,0.16441,0.43287
2023-03-25 15:00:00,0.1528,0.43519
2023-03-25 16:00:00,0.14313,0.43981
2023-03-25 17:00:00,0.13346,0.44444
2023-03-25 18:00:00,0.12379,0.44907
2023-03-25 19:00:00,0.11219,0.46065
2023-03-25 20:00:00,0.10638,0.46065
2023-03-25 21:00:00,0.10058,0.46528
2023-03-25 22:00:00,0.096712,0.46991
2023-03-25 23:00:00,0.087041,0.4838
2023-03-26 00:00:00,0.083172,0.49769
2023-03-26 01:00:00,0.077369,0.49769
2023-03-26 02:00:00,0.073501,0.51389
2023-03-26 03:00:00,0.069632,0.53009
2023-03-26 04:00:00,0.059961,0.54167
2023-03-26 05:00:00,0.077369,0.56019
2023-03-26 06:00:00,0.065764,0.58102
2023-03-26 07:00:00,0.071567,0.59954
2023-03-26 08:00:00,0.05029,0.61806
2023-03-26 09:00:00,0.44874,0.46065
2023-03-26 10:00:00,0.44874,0.45833
2023-03-26 11:00:00,0.44874,0.45602
2023-03-26 12:00:00,0.44874,0.45833
2023-03-26 13:00:00,0.44874,0.4537
2023-03-26 14:00:00,0.44874,0.4537
2023-03-26 15:00:00,0.44874,0.45139
2023-03-26 16:00:00,0.44681,0.44676
2023-03-26 17:00:00,0.44101,0.43981
2023-03-26 18:00:00,0.43327,0.43287
2023-03-26 19:00:00,0.42166,0.42361
2023-03-26 20:00:00,0.40812,0.41435
2023-03-26 21:00:00,0.38878,0.40741
2023-03-26 22:00:00,0.36364,0.40278
2023-03-26 23:00:00,0.33849,0.40278
2023-03-27 00:00:00,0.30754,0.40741
2023-03-27 01:00:00,0.28046,0.40972
2023-03-27 02:00:00,0.25725,0.39815
2023-03-27 03:00:00,0.22824,0.39815
2023-03-27 04:00:00,0.20116,0.40278
2023-03-27 05:00:00,0.17408,0.4213
2023-03-27 06:00:00,0.147,0.43981
2023-03-27 07:00:00,0.12573,0.45602
2023-03-27 08:00:00,0.10445,0.46991
2023-03-27 09:00:00,0.071567,0.48611
2023-03-27 10:00:00,0.052224,0.51852
2023-03-27 11:00:00,0.046422,0.55093
2023-03-27 12:00:00,0.040619,0.58796
2023-03-27 13:00:00,0.048356,0.62269
2023-03-27 14:00:00,0.067698,0.65278
2023-03-27 15:00:00,0.088975,0.67361
2023-03-27 16:00:00,0.11605,0.68519
2023-03-27 17:00:00,0.1412,0.7037
2023-03-27 18:00:00,0.16634,0.71991
2023-03-27 19:00:00,0.19536,0.72917
2023-03-27 20:00:00,0.2205,0.74537
2023-03-27 21:00:00,0.24952,0.75926
2023-03-27 22:00:00,0.2766,0.76157
2023-03-27 23:00:00,0.31335,0.76389
2023-03-28 00:00:00,0.34623,0.76157
2023-03-28 01:00:00,0.37911,0.75926
2023-03-28 02:00:00,0.40812,0.75694
2023-03-28 03:00:00,0.43327,0.75231
2023-03-28 04:00:00,0.45648,0.75
2023-03-28 05:00:00,0.47776,0.74537
2023-03-28 06:00:00,0.3675,0.43287
2023-03-28 07:00:00,0.36557,0.43287
2023-03-28 08:00:00,0.36557,0.43287
2023-03-28 09:00:00,0.36557,0.43287
2023-03-28 10:00:00,0.36557,0.43056
2023-03-28 11:00:00,0.36364,0.42824
2023-03-28 12:00:00,0.3617,0.42593
2023-03-28 13:00:00,0.35977,0.42361
2023-03-28 14:00:00,0.3559,0.4213
2023-03-28 15:00:00,0.35203,0.41898
2023-03-28 16:00:00,0.34623,0.41898
2023-03-28 17:00:00,0.33849,0.41435
2023-03-28 18:00:00,0.33075,0.40972
2023-03-28 19:00:00,0.32108,0.40741
2023-03-28 20:00:00,0.31335,0.40509
2023-03-28 21:00:00,0.30174,0.40509
2023-03-28 22:00:00,0.29207,0.40509
2023-03-28 23:00:00,0.2824,0.40278
2023-03-29 00:00:00,0.27079,0.40046
2023-03-29 01:00:00,0.25919,0.40278
2023-03-29 02:00:00,0.24758,0.40509
2023-03-29 03:00:00,0.23404,0.40741
2023-03-29 04:00:00,0.2205,0.41204
2023-03-29 05:00:00,0.20696,0.41667
2023-03-29 06:00:00,0.19149,0.4213
2023-03-29 07:00:00,0.17795,0.42593
2023-03-29 08:00:00,0.16441,0.43287
2023-03-29 09:00:00,0.1528,0.43519
2023-03-29 10:00:00,0.14313,0.43981
2023-03-29 11:00:00,0.13346,0.44444
2023-03-29 12:00:00,0.12379,0.44907
2023-03-29 13:00:00,0.11219,0.46065
2023-03-29 14:00:00,0.10638,0.46065
2023-03-29 15:00:00,0.10058,0.46528
2023-03-29 16:00:00,0.096712,0.46991
2023-03-29 17:00:00,0.087041,0.4838
2023-03-29 18:00:00,0.083172,0.49769
2023-03-29 19:00:00,0.077369,0.49769
2023-03-29 20:00:00,0.073501,0.51389
2023-03-29 21:00:00,0.069632,0.53009
2023-03-29 22:00:00,0.059961,0.54167
2023-03-29 23:00:00,0.077369,0.56019
2023-03-30 00:00:00,0.065764,0.58102
2023-03-30 01:00:00,0.071567,0.59954
2023-03-30 02:00:00,0.05029,0.61806
2023-03-30 03:00:00,0.52611,0.40972
2023-03-30 04:00:00,0.52611,0.40972
2023-03-30 05:00:00,0.52611,0.40741
2023-03-30 06:00:00,0.52418,0.40972
2023-03-30 07:00:00,0.52418,0.40972
2023-03-30 08:00:00,0.52224,0.40972
2023-03-30 09:00:00,0.52031,0.40741
2023-03-30 10:00:00,0.51644,0.40741
2023-03-30 11:00:00,0.50677,0.40278
2023-03-30 12:00:00,0.49516,0.39815
2023-03-30 13:00:00,0.48162,0.3912
2023-03-30 14:00:00,0.46422,0.38657
2023-03-30 15:00:00,0.44487,0.38194
2023-03-30 16:00:00,0.42166,0.37731
2023-03-30 17:00:00,0.39652,0.375
2023-03-30 18:00:00,0.3675,0.38426
2023-03-30 19:00:00,0.33849,0.3912
2023-03-30 20:00:00,0.31335,0.40278
2023-03-30 21:00:00,0.28627,0.41898
2023-03-30 22:00:00,0.26112,0.4375
2023-03-30 23:00:00,0.24178,0.4537
2023-03-31 00:00:00,0.22631,0.45833
2023-03-31 01:00:00,0.21277,0.47222
2023-03-31 02:00:00,0.20116,0.49074
2023-03-31 03:00:00,0.19536,0.51157
2023-03-31 04:00:00,0.19342,0.53009
2023-03-31 05:00:00,0.19536,0.5625
2023-03-31 06:00:00,0.20116,0.58796
2023-03-31 07:00:00,0.21277,0.6088
2023-03-31 08:00:00,0.22437,0.63426
2023-03-31 09:00:00,0.24565,0.65741
2023-03-31 10:00:00,0.26692,0.67824
2023-03-31 11:00:00,0.29594,0.69676
2023-03-31 12:00:00,0.32495,0.71528
2023-03-31 13:00:00,0.35977,0.72917
2023-03-31 14:00:00,0.39265,0.73611
2023-03-31 15:00:00,0.41973,0.74306
2023-03-31 16:00:00,0.44874,0.74306
2023-03-31 17:00:00,0.47389,0.73843
2023-03-31 18:00:00,0.5029,0.73148
2023-03-31 19:00:00,0.52418,0.72222
2023-03-31 20:00:00,0.54352,0.71759
2023-03-31 21:00:00,0.55126,0.71065
2023-03-31 22:00:00,0.55513,0.70833
2023-03-31 23:00:00,0.55513,0.70602
2023-04-01 00:00:00,0.35977,0.16667
2023-04-01 01:00:00,0.35977,0.16667
2023-04-01 02:00:00,0.35977,0.16667
2023-04-01 03:00:00,0.35977,0.16667
2023-04-01 04:00:00,0.35977,0.16667
2023-04-01 05:00:00,0.35783,0.16667
2023-04-01 06:00:00,0.35783,0.16898
2023-04-01 07:00:00,0.35783,0.16898
2023-04-01 08:00:00,0.3559,0.16898
2023-04-01 09:00:00,0.35783,0.16667
2023-04-01 10:00:00,0.35783,0.16667
2023-04-01 11:00:00,0.3559,0.16898
2023-04-01 12:00:00,0.35783,0.16667
2023-04-01 13:00:00,0.35783,0.16667
2023-04-01 14:00:00,0.35783,0.16667
2023-04-01 15:00:00,0.35977,0.16435
2023-04-01 16:00:00,0.3617,0.16204
2023-04-01 17:00:00,0.3617,0.16435
2023-04-01 18:00:00,0.36557,0.16204
2023-04-01 19:00:00,0.3675,0.15972
2023-04-01 20:00:00,0.37331,0.15741
2023-04-01 21:00:00,0.38104,0.15046
2023-04-01 22:00:00,0.38878,0.14815
2023-04-01 23:00:00,0.39845,0.14352
2023-04-02 00:00:00,0.41006,0.13889
2023-04-02 01:00:00,0.42166,0.13657
2023-04-02 02:00:00,0.43714,0.13426
2023-04-02 03:00:00,0.45261,0.13194
2023-04-02 04:00:00,0.46809,0.13194
2023-04-02 05:00:00,0.48549,0.13194
2023-04-02 06:00:00,0.50484,0.13194
2023-04-02 07:00:00,0.52224,0.13426
2023-04-02 08:00:00,0.54159,0.13889
2023-04-02 09:00:00,0.55899,0.14583
2023-04-02 10:00:00,0.5764,0.15278
2023-04-02 11:00:00,0.59188,0.15972
2023-04-02 12:00:00,0.60542,0.16898
2023-04-02 13:00:00,0.62282,0.18287
2023-04-02 14:00:00,0.6383,0.19213
2023-04-02 15:00:00,0.65377,0.21065
2023-04-02 16:00:00,0.66538,0.22685
2023-04-02 17:00:00,0.67892,0.24537
2023-04-02 18:00:00,0.69052,0.26389
2023-04-02 19:00:00,0.70213,0.28704
2023-04-02 20:00:00,0.7118,0.30787
2023-04-02 21:00:00,0.38685,0.28009
2023-04-02 22:00:00,0.38878,0.28009
2023-04-02 23:00:00,0.38878,0.28009
2023-04-03 00:00:00,0.38878,0.28009
2023-04-03 01:00:00,0.38685,0.28009
2023-04-03 02:00:00,0.39265,0.27546
2023-04-03 03:00:00,0.40232,0.26157
2023-04-03 04:00:00,0.41586,0.25
2023-04-03 05:00:00,0.43714,0.24537
2023-04-03 06:00:00,0.45841,0.25
2023-04-03 07:00:00,0.48356,0.25231
2023-04-03 08:00:00,0.51064,0.26389
2023-04-03 09:00:00,0.54352,0.27315
2023-04-03 10:00:00,0.57834,0.28935
2023-04-03 11:00:00,0.61122,0.30556
2023-04-03 12:00:00,0.63636,0.32176
2023-04-03 13:00:00,0.66151,0.34259
2023-04-03 14:00:00,0.68279,0.36806
2023-04-03 15:00:00,0.70213,0.39815
2023-04-03 16:00:00,0.71954,0.43287
2023-04-03 17:00:00,0.73501,0.47454
2023-04-03 18:00:00,0.74081,0.52083
2023-04-03 19:00:00,0.73694,0.56481
2023-04-03 20:00:00,0.72534,0.60648
2023-04-03 21:00:00,0.70793,0.63889
2023-04-03 22:00:00,0.68665,0.65972
2023-04-03 23:00:00,0.66731,0.67824
2023-04-04 00:00:00,0.64603,0.68981
2023-04-04 01:00:00,0.62282,0.69676
2023-04-04 02:00:00,0.60348,0.70833
2023-04-04 03:00:00,0.58607,0.71065
2023-04-04 04:00:00,0.56867,0.70833
2023-04-04 05:00:00,0.54932,0.71065
2023-04-04 06:00:00,0.52998,0.71759
2023-04-04 07:00:00,0.51257,0.71528
2023-04-04 08:00:00,0.48936,0.72222
2023-04-04 09:00:00,0.47002,0.72454
2023-04-04 10:00:00,0.44681,0.72685
2023-04-04 11:00:00,0.42747,0.72222
2023-04-04 12:00:00,0.41006,0.71759
2023-04-04 13:00:00,0.39265,0.71065
2023-04-04 14:00:00,0.37718,0.70602
2023-04-04 15:00:00,0.35977,0.7037
2023-04-04 16:00:00,0.3501,0.70139
2023-04-04 17:00:00,0.35203,0.70139
2023-04-04 18:00:00,0.41006,0.27778
2023-04-04 19:00:00,0.41006,0.27546
2023-04-04 20:00:00,0.41006,0.27546
2023-04-04 21:00:00,0.41006,0.27546
2023-04-04 22:00:00,0.41006,0.27546
2023-04-04 23:00:00,0.41199,0.27546
2023-04-05 00:00:00,0.41586,0.27083
2023-04-05 01:00:00,0.42166,0.26852
2023-04-05 02:00:00,0.43327,0.26389
2023-04-05 03:00:00,0.44874,0.25463
2023-04-05 04:00:00,0.46422,0.24769
2023-04-05 05:00:00,0.48356,0.24537
2023-04-05 06:00:00,0.5029,0.24306
2023-04-05 07:00:00,0.52611,0.24306
2023-04-05 08:00:00,0.55513,0.24537
2023-04-05 09:00:00,0.58607,0.25463
2023-04-05 10:00:00,0.61702,0.2662
2023-04-05 11:00:00,0.6441,0.28241
2023-04-05 12:00:00,0.66925,0.30787
2023-04-05 13:00:00,0.68859,0.34028
2023-04-05 14:00:00,0.70793,0.37269
2023-04-05 15:00:00,0.72534,0.40741
2023-04-05 16:00:00,0.73694,0.44676
2023-04-05 17:00:00,0.74468,0.48843
2023-04-05 18:00:00,0.74662,0.52778
2023-04-05 19:00:00,0.74468,0.5625
2023-04-05 20:00:00,0.73694,0.59028
2023-04-05 21:00:00,0.72534,0.6088
2023-04-05 22:00:00,0.70986,0.62963
2023-04-05 23:00:00,0.69439,0.6412
2023-04-06 00:00:00,0.68085,0.65972
2023-04-06 01:00:00,0.66538,0.6713
2023-04-06 02:00:00,0.6499,0.68519
2023-04-06 03:00:00,0.63056,0.69907
2023-04-06 04:00:00,0.60735,0.70602
2023-04-06 05:00:00,0.58607,0.71528
2023-04-06 06:00:00,0.56673,0.71991
2023-04-06 07:00:00,0.54932,0.72454
2023-04-06 08:00:00,0.52998,0.72454
2023-04-06 09:00:00,0.51257,0.72454
2023-04-06 10:00:00,0.49323,0.71991
2023-04-06 11:00:00,0.47582,0.71991
2023-04-06 12:00:00,0.46035,0.71528
2023-04-06 13:00:00,0.44487,0.71296
2023-04-06 14:00:00,0.42747,0.71065
2023-04-06 15:00:00,0.39845,0.21759
2023-04-06 16:00:00,0.39845,0.22222
2023-04-06 17:00:00,0.39652,0.21759
2023-04-06 18:00:00,0.39652,0.21759
2023-04-06 19:00:00,0.39652,0.22454
2023-04-06 20:00:00,0.39652,0.22454
2023-04-06 21:00:00,0.39652,0.22454
2023-04-06 22:00:00,0.39458,0.21991
2023-04-06 23:00:00,0.39652,0.21759
2023-04-07 00:00:00,0.39458,0.21991
2023-04-07 01:00:00,0.40426,0.21759
2023-04-07 02:00:00,0.41199,0.20602
2023-04-07 03:00:00,0.43133,0.19907
2023-04-07 04:00:00,0.45841,0.19213
2023-04-07 05:00:00,0.48936,0.1875
2023-04-07 06:00:00,0.52224,0.19213
2023-04-07 07:00:00,0.55319,0.2037
2023-04-07 08:00:00,0.58027,0.21528
2023-04-07 09:00:00,0.60348,0.23148
2023-04-07 10:00:00,0.62476,0.25
2023-04-07 11:00:00,0.64797,0.26852
2023-04-07 12:00:00,0.67118,0.28935
2023-04-07 13:00:00,0.69246,0.31481
2023-04-07 14:00:00,0.7118,0.33796
2023-04-07 15:00:00,0.72534,0.35417
2023-04-07 16:00:00,0.73501,0.37731
2023-04-07 17:00:00,0.74081,0.40046
2023-04-07 18:00:00,0.74275,0.42824
2023-04-07 19:00:00,0.74081,0.46296
2023-04-07 20:00:00,0.73888,0.49306
2023-04-07 21:00:00,0.73114,0.52083
2023-04-07 22:00:00,0.71954,0.54398
2023-04-07 23:00:00,0.70406,0.56713
2023-04-08 00:00:00,0.68472,0.58565
2023-04-08 01:00:00,0.66731,0.61111
2023-04-08 02:00:00,0.64603,0.63194
2023-04-08 03:00:00,0.62282,0.64583
2023-04-08 04:00:00,0.59961,0.65972
2023-04-08 05:00:00,0.57447,0.6713
2023-04-08 06:00:00,0.54932,0.68056
2023-04-08 07:00:00,0.52418,0.68519
2023-04-08 08:00:00,0.50097,0.68519
2023-04-08 09:00:00,0.48162,0.6875
2023-04-08 10:00:00,0.46422,0.68519
2023-04-08 11:00:00,0.45068,0.68519
2023-04-08 12:00:00,0.40039,0.27778
2023-04-08 13:00:00,0.40039,0.27778
2023-04-08 14:00:00,0.39845,0.27778
2023-04-08 15:00:00,0.39845,0.27778
2023-04-08 16:00:00,0.39845,0.27778
2023-04-08 17:00:00,0.40039,0.27546
2023-04-08 18:00:00,0.40232,0.27315
2023-04-08 19:00:00,0.40812,0.2662
2023-04-08 20:00:00,0.41973,0.25926
2023-04-08 21:00:00,0.43327,0.24769
2023-04-08 22:00:00,0.45261,0.23611
2023-04-08 23:00:00,0.47582,0.22917
2023-04-09 00:00:00,0.50484,0.22454
2023-04-09 01:00:00,0.53578,0.22454
2023-04-09 02:00:00,0.57447,0.22917
2023-04-09 03:00:00,0.61509,0.24074
2023-04-09 04:00:00,0.65377,0.25463
2023-04-09 05:00:00,0.68859,0.27546
2023-04-09 06:00:00,0.71954,0.31019
2023-04-09 07:00:00,0.74275,0.34722
2023-04-09 08:00:00,0.75435,0.38657
2023-04-09 09:00:00,0.76402,0.4213
2023-04-09 10:00:00,0.76789,0.45139
2023-04-09 11:00:00,0.76789,0.47917
2023-04-09 12:00:00,0.76015,0.50694
2023-04-09 13:00:00,0.75048,0.53704
2023-04-09 14:00:00,0.72921,0.5625
2023-04-09 15:00:00,0.71373,0.58796
2023-04-09 16:00:00,0.69439,0.61343
2023-04-09 17:00:00,0.67505,0.62963
2023-04-09 18:00:00,0.65571,0.64352
2023-04-09 19:00:00,0.63443,0.65972
2023-04-09 20:00:00,0.61509,0.68056
2023-04-09 21:00:00,0.59574,0.69676
2023-04-09 22:00:00,0.5706,0.69676
2023-04-09 23:00:00,0.55513,0.70833
2023-04-10 00:00:00,0.52998,0.71759
2023-04-10 01:00:00,0.50677,0.72222
2023-04-10 02:00:00,0.48743,0.72454
2023-04-10 03:00:00,0.46422,0.71991
2023-04-10 04:00:00,0.44874,0.71759
2023-04-10 05:00:00,0.42747,0.71065
2023-04-10 06:00:00,0.41393,0.7037
2023-04-10 07:00:00,0.40039,0.69676
2023-04-10 08:00:00,0.38491,0.68519
2023-04-10 09:00:00,0.46228,0.19907
2023-04-10 10:00:00,0.46615,0.19676
2023-04-10 11:00:00,0.47002,0.19444
2023-04-10 12:00:00,0.47389,0.19213
2023-04-10 13:00:00,0.47969,0.18981
2023-04-10 14:00:00,0.48549,0.1875
2023-04-10 15:00:00,0.49323,0.18287
2023-04-10 16:00:00,0.49903,0.18287
2023-04-10 17:00:00,0.50484,0.17824
2023-04-10 18:00:00,0.51064,0.17593
2023-04-10 19:00:00,0.51644,0.17361
2023-04-10 20:00:00,0.52611,0.1713
2023-04-10 21:00:00,0.53578,0.16898
2023-04-10 22:00:00,0.54739,0.1713
2023-04-10 23:00:00,0.56286,0.1713
2023-04-11 00:00:00,0.57834,0.1713
2023-04-11 01:00:00,0.59381,0.17593
2023-04-11 02:00:00,0.61315,0.18056
2023-04-11 03:00:00,0.63056,0.18519
2023-04-11 04:00:00,0.6499,0.18981
2023-04-11 05:00:00,0.66731,0.19676
2023-04-11 06:00:00,0.68279,0.2037
2023-04-11 07:00:00,0.70019,0.21065
2023-04-11 08:00:00,0.71954,0.22222
2023-04-11 09:00:00,0.73694,0.23148
2023-04-11 10:00:00,0.75629,0.24306
2023-04-11 11:00:00,0.77563,0.25694
2023-04-11 12:00:00,0.79304,0.27083
2023-04-11 13:00:00,0.81238,0.28704
2023-04-11 14:00:00,0.82785,0.30324
2023-04-11 15:00:00,0.83946,0.32176
2023-04-11 16:00:00,0.85493,0.34028
2023-04-11 17:00:00,0.8646,0.3588
2023-04-11 18:00:00,0.87427,0.37963
2023-04-11 19:00:00,0.88395,0.39815
2023-04-11 20:00:00,0.88588,0.41204
2023-04-11 21:00:00,0.89168,0.43519
2023-04-11 22:00:00,0.89942,0.45602
2023-04-11 23:00:00,0.90329,0.47917
2023-04-12 00:00:00,0.90716,0.49769
2023-04-12 01:00:00,0.90716,0.51852
2023-04-12 02:00:00,0.90522,0.53935
2023-04-12 03:00:00,0.90329,0.55787
2023-04-12 04:00:00,0.89942,0.57176
2023-04-12 05:00:00,0.89749,0.58333
2023-04-12 06:00:00,0.49516,0.29398
2023-04-12 07:00:00,0.49323,0.29398
2023-04-12 08:00:00,0.4971,0.28935
2023-04-12 09:00:00,0.4971,0.28704
2023-04-12 10:00:00,0.50097,0.28472
2023-04-12 11:00:00,0.50484,0.28241
2023-04-12 12:00:00,0.5087,0.27778
2023-04-12 13:00:00,0.51064,0.27546
2023-04-12 14:00:00,0.51838,0.27315
2023-04-12 15:00:00,0.52418,0.2662
2023-04-12 16:00:00,0.53385,0.26389
2023-04-12 17:00:00,0.53965,0.25694
2023-04-12 18:00:00,0.54932,0.25231
2023-04-12 19:00:00,0.55899,0.24769
2023-04-12 20:00:00,0.5706,0.24537
2023-04-12 21:00:00,0.58221,0.24306
2023-04-12 22:00:00,0.59381,0.24074
2023-04-12 23:00:00,0.60735,0.24074
2023-04-13 00:00:00,0.62282,0.24074
2023-04-13 01:00:00,0.6383,0.24074
2023-04-13 02:00:00,0.65184,0.24537
2023-04-13 03:00:00,0.66538,0.25
2023-04-13 04:00:00,0.68085,0.25694
2023-04-13 05:00:00,0.69052,0.2662
2023-04-13 06:00:00,0.70019,0.27778
2023-04-13 07:00:00,0.71373,0.28472
2023-04-13 08:00:00,0.72147,0.29861
2023-04-13 09:00:00,0.72727,0.3125
2023-04-13 10:00:00,0.73501,0.3287
2023-04-13 11:00:00,0.74275,0.33565
2023-04-13 12:00:00,0.74662,0.34722
2023-04-13 13:00:00,0.75435,0.36111
2023-04-13 14:00:00,0.76015,0.37037
2023-04-13 15:00:00,0.75822,0.38426
2023-04-13 16:00:00,0.76209,0.39583
2023-04-13 17:00:00,0.76596,0.41204
2023-04-13 18:00:00,0.76983,0.4213
2023-04-13 19:00:00,0.77176,0.43056
2023-04-13 20:00:00,0.77369,0.45139
2023-04-13 21:00:00,0.77369,0.47222
2023-04-13 22:00:00,0.77563,0.48611
2023-04-13 23:00:00,0.7795,0.49306
2023-04-14 00:00:00,0.78143,0.50926
2023-04-14 01:00:00,0.78143,0.52315
2023-04-14 02:00:00,0.7795,0.53704
2023-04-14 03:00:00,0.43327,0.21991
2023-04-14 04:00:00,0.43327,0.21991
2023-04-14 05:00:00,0.43327,0.21991
2023-04-14 06:00:00,0.43714,0.21528
2023-04-14 07:00:00,0.43907,0.21065
2023-04-14 08:00:00,0.44294,0.21065
2023-04-14 09:00:00,0.44681,0.20833
2023-04-14 10:00:00,0.45261,0.2037
2023-04-14 11:00:00,0.46035,0.2037
2023-04-14 12:00:00,0.46615,0.19907
2023-04-14 13:00:00,0.47389,0.19676
2023-04-14 14:00:00,0.48356,0.19444
2023-04-14 15:00:00,0.49323,0.19213
2023-04-14 16:00:00,0.50484,0.18981
2023-04-14 17:00:00,0.51838,0.18981
2023-04-14 18:00:00,0.53385,0.1875
2023-04-14 19:00:00,0.54739,0.19444
2023-04-14 20:00:00,0.5648,0.2037
2023-04-14 21:00:00,0.58414,0.21065
2023-04-14 22:00:00,0.60348,0.21991
2023-04-14 23:00:00,0.62089,0.23148
2023-04-15 00:00:00,0.6383,0.24769
2023-04-15 01:00:00,0.65571,0.25463
2023-04-15 02:00:00,0.66925,0.26852
2023-04-15 03:00:00,0.68665,0.28241
2023-04-15 04:00:00,0.70019,0.29861
2023-04-15 05:00:00,0.7118,0.3125
2023-04-15 06:00:00,0.72147,0.33102
2023-04-15 07:00:00,0.73308,0.34722
2023-04-15 08:00:00,0.74081,0.36343
2023-04-15 09:00:00,0.74855,0.38194
2023-04-15 10:00:00,0.74662,0.39583
2023-04-15 11:00:00,0.75242,0.41435
2023-04-15 12:00:00,0.75629,0.42824
2023-04-15 13:00:00,0.75822,0.4375
2023-04-15 14:00:00,0.76209,0.45139
2023-04-15 15:00:00,0.76789,0.46759
2023-04-15 16:00:00,0.76789,0.49074
2023-04-15 17:00:00,0.77176,0.50463
2023-04-15 18:00:00,0.76983,0.52083
2023-04-15 19:00:00,0.76983,0.53472
2023-04-15 20:00:00,0.76596,0.55324
2023-04-15 21:00:00,0.76402,0.5625
2023-04-15 22:00:00,0.76015,0.56481
2023-04-15 23:00:00,0.75242,0.58333
2023-04-16 00:00:00,0.47389,0.27546
2023-04-16 01:00:00,0.47389,0.27546
2023-04-16 02:00:00,0.47582,0.27315
2023-04-16 03:00:00,0.47776,0.27315
2023-04-16 04:00:00,0.47969,0.27315
2023-04-16 05:00:00,0.48356,0.27083
2023-04-16 06:00:00,0.48549,0.26852
2023-04-16 07:00:00,0.4913,0.2662
2023-04-16 08:00:00,0.4971,0.26389
2023-04-16 09:00:00,0.50484,0.25926
2023-04-16 10:00:00,0.51257,0.25694
2023-04-16 11:00:00,0.52224,0.25463
2023-04-16 12:00:00,0.52998,0.25
2023-04-16 13:00:00,0.54352,0.24769
2023-04-16 14:00:00,0.55513,0.24537
2023-04-16 15:00:00,0.56673,0.24306
2023-04-16 16:00:00,0.58027,0.24306
2023-04-16 17:00:00,0.59381,0.24306
2023-04-16 18:00:00,0.60928,0.24537
2023-04-16 19:00:00,0.62476,0.24769
2023-04-16 20:00:00,0.64217,0.25
2023-04-16 21:00:00,0.65764,0.25694
2023-04-16 22:00:00,0.67311,0.25926
2023-04-16 23:00:00,0.68859,0.26852
2023-04-17 00:00:00,0.70406,0.27546
2023-04-17 01:00:00,0.71567,0.28472
2023-04-17 02:00:00,0.72727,0.2963
2023-04-17 03:00:00,0.73694,0.30787
2023-04-17 04:00:00,0.74855,0.31944
2023-04-17 05:00:00,0.75242,0.33565
2023-04-17 06:00:00,0.76209,0.34722
2023-04-17 07:00:00,0.76789,0.36111
2023-04-17 08:00:00,0.77563,0.37269
2023-04-17 09:00:00,0.77369,0.38426
2023-04-17 10:00:00,0.78143,0.39815
2023-04-17 11:00:00,0.7853,0.41204
2023-04-17 12:00:00,0.78917,0.42824
2023-04-17 13:00:00,0.7911,0.44213
2023-04-17 14:00:00,0.79497,0.4537
2023-04-17 15:00:00,0.79497,0.46991
2023-04-17 16:00:00,0.79884,0.47917
2023-04-17 17:00:00,0.79884,0.50463
2023-04-17 18:00:00,0.79884,0.51852
2023-04-17 19:00:00,0.79884,0.52778
2023-04-17 20:00:00,0.79497,0.5463
2023-04-17 21:00:00,0.40619,0.40509
2023-04-17 22:00:00,0.40619,0.40278
2023-04-17 23:00:00,0.40619,0.40278
2023-04-18 00:00:00,0.40812,0.40509
2023-04-18 01:00:00,0.41006,0.40278
2023-04-18 02:00:00,0.41199,0.40278
2023-04-18 03:00:00,0.41973,0.40046
2023-04-18 04:00:00,0.4294,0.39583
2023-04-18 05:00:00,0.44101,0.39352
2023-04-18 06:00:00,0.45841,0.3912
2023-04-18 07:00:00,0.47582,0.3912
2023-04-18 08:00:00,0.49323,0.39583
2023-04-18 09:00:00,0.51064,0.40509
2023-04-18 10:00:00,0.52998,0.41898
2023-04-18 11:00:00,0.54932,0.4375
2023-04-18 12:00:00,0.56867,0.45602
2023-04-18 13:00:00,0.58607,0.47685
2023-04-18 14:00:00,0.59961,0.50231
2023-04-18 15:00:00,0.61122,0.52315
2023-04-18 16:00:00,0.61896,0.55093
2023-04-18 17:00:00,0.62282,0.5787
2023-04-18 18:00:00,0.62669,0.60417
2023-04-18 19:00:00,0.63056,0.62963
2023-04-18 20:00:00,0.6325,0.65509
2023-04-18 21:00:00,0.6325,0.67593
2023-04-18 22:00:00,0.62669,0.69676
2023-04-18 23:00:00,0.62089,0.71296
2023-04-19 00:00:00,0.61122,0.72454
2023-04-19 01:00:00,0.59768,0.72917
2023-04-19 02:00:00,0.5764,0.73611
2023-04-19 03:00:00,0.55899,0.74074
2023-04-19 04:00:00,0.54159,0.74074
2023-04-19 05:00:00,0.52031,0.74074
2023-04-19 06:00:00,0.49903,0.74306
2023-04-19 07:00:00,0.47776,0.74537
2023-04-19 08:00:00,0.45841,0.74537
2023-04-19 09:00:00,0.43907,0.74074
2023-04-19 10:00:00,0.41973,0.73611
2023-04-19 11:00:00,0.39845,0.73148
2023-04-19 12:00:00,0.37911,0.72685
2023-04-19 13:00:00,0.35977,0.71991
2023-04-19 14:00:00,0.34429,0.71296
2023-04-19 15:00:00,0.33269,0.70833
2023-04-19 16:00:00,0.32689,0.7037
2023-04-19 17:00:00,0.32108,0.69676
2023-04-19 18:00:00,0.31721,0.41435
2023-04-19 19:00:00,0.31528,0.41667
2023-04-19 20:00:00,0.31528,0.41667
2023-04-19 21:00:00,0.31528,0.41667
2023-04-19 22:00:00,0.31528,0.41667
2023-04-19 23:00:00,0.31528,0.41667
2023-04-20 00:00:00,0.31528,0.4213
2023-04-20 01:00:00,0.31528,0.41898
2023-04-20 02:00:00,0.31335,0.4213
2023-04-20 03:00:00,0.31335,0.42361
2023-04-20 04:00:00,0.31528,0.42361
2023-04-20 05:00:00,0.31721,0.4213
2023-04-20 06:00:00,0.32108,0.41898
2023-04-20 07:00:00,0.32689,0.41204
2023-04-20 08:00:00,0.33462,0.40509
2023-04-20 09:00:00,0.34623,0.39583
2023-04-20 10:00:00,0.36364,0.38657
2023-04-20 11:00:00,0.38491,0.37963
2023-04-20 12:00:00,0.40619,0.37963
2023-04-20 13:00:00,0.4294,0.38426
2023-04-20 14:00:00,0.45261,0.39352
2023-04-20 15:00:00,0.47776,0.40509
2023-04-20 16:00:00,0.50484,0.42361
2023-04-20 17:00:00,0.52805,0.44213
2023-04-20 18:00:00,0.54932,0.46759
2023-04-20 19:00:00,0.56286,0.49769
2023-04-20 20:00:00,0.57253,0.52778
2023-04-20 21:00:00,0.5764,0.55787
2023-04-20 22:00:00,0.5764,0.58333
2023-04-20 23:00:00,0.56867,0.60417
2023-04-21 00:00:00,0.56093,0.625
2023-04-21 01:00:00,0.54932,0.6412
2023-04-21 02:00:00,0.53385,0.65741
2023-04-21 03:00:00,0.51451,0.66898
2023-04-21 04:00:00,0.49323,0.68056
2023-04-21 05:00:00,0.47389,0.68519
2023-04-21 06:00:00,0.45261,0.68981
2023-04-21 07:00:00,0.4294,0.69213
2023-04-21 08:00:00,0.40426,0.69676
2023-04-21 09:00:00,0.37524,0.69907
2023-04-21 10:00:00,0.34816,0.69907
2023-04-21 11:00:00,0.32302,0.69676
2023-04-21 12:00:00,0.29981,0.68981
2023-04-21 13:00:00,0.27853,0.67593
2023-04-21 14:00:00,0.26112,0.66435
2023-04-21 15:00:00,0.42553,0.38657
2023-04-21 16:00:00,0.42553,0.38657
2023-04-21 17:00:00,0.42553,0.38657
2023-04-21 18:00:00,0.42553,0.38657
2023-04-21 19:00:00,0.4236,0.38889
2023-04-21 20:00:00,0.42553,0.38889
2023-04-21 21:00:00,0.43133,0.38889
2023-04-21 22:00:00,0.44101,0.3912
2023-04-21 23:00:00,0.45648,0.39583
2023-04-22 00:00:00,0.47389,0.40509
2023-04-22 01:00:00,0.49323,0.41667
2023-04-22 02:00:00,0.5087,0.42824
2023-04-22 03:00:00,0.52611,0.44907
2023-04-22 04:00:00,0.53772,0.47222
2023-04-22 05:00:00,0.54352,0.49537
2023-04-22 06:00:00,0.54739,0.51389
2023-04-22 07:00:00,0.54932,0.53241
2023-04-22 08:00:00,0.54545,0.55093
2023-04-22 09:00:00,0.54159,0.56481
2023-04-22 10:00:00,0.53578,0.57639
2023-04-22 11:00:00,0.52998,0.59259
2023-04-22 12:00:00,0.52805,0.60648
2023-04-22 13:00:00,0.52224,0.62269
2023-04-22 14:00:00,0.52031,0.63426
2023-04-22 15:00:00,0.53965,0.64352
2023-04-22 16:00:00,0.53772,0.66435
2023-04-22 17:00:00,0.53385,0.68056
2023-04-22 18:00:00,0.53191,0.69676
2023-04-22 19:00:00,0.52805,0.70833
2023-04-22 20:00:00,0.51451,0.71759
2023-04-22 21:00:00,0.4971,0.72222
2023-04-22 22:00:00,0.47582,0.72454
2023-04-22 23:00:00,0.46035,0.72454
2023-04-23 00:00:00,0.44101,0.71991
2023-04-23 01:00:00,0.42553,0.70833
2023-04-23 02:00:00,0.40426,0.68981
2023-04-23 03:00:00,0.38298,0.6713
2023-04-23 04:00:00,0.35783,0.65046
2023-04-23 05:00:00,0.33656,0.63194
2023-04-23 06:00:00,0.31335,0.61111
2023-04-23 07:00:00,0.29594,0.59028
2023-04-23 08:00:00,0.28046,0.57407
2023-04-23 09:00:00,0.26692,0.5625
2023-04-23 10:00:00,0.25338,0.55324
2023-04-23 11:00:00,0.24371,0.5463
2023-04-23 12:00:00,0.69826,0.43981
2023-04-23 13:00:00,0.69632,0.43981
2023-04-23 14:00:00,0.69632,0.43981
2023-04-23 15:00:00,0.69632,0.43981
2023-04-23 16:00:00,0.69826,0.43056
2023-04-23 17:00:00,0.69439,0.40509
2023-04-23 18:00:00,0.69052,0.37037
2023-04-23 19:00:00,0.68279,0.34259
2023-04-23 20:00:00,0.67118,0.31481
2023-04-23 21:00:00,0.65184,0.28241
2023-04-23 22:00:00,0.63056,0.25231
2023-04-23 23:00:00,0.60542,0.22454
2023-04-24 00:00:00,0.5764,0.20602
2023-04-24 01:00:00,0.54545,0.19444
2023-04-24 02:00:00,0.51257,0.18981
2023-04-24 03:00:00,0.48549,0.1875
2023-04-24 04:00:00,0.45841,0.18981
2023-04-24 05:00:00,0.42553,0.2037
2023-04-24 06:00:00,0.38685,0.22454
2023-04-24 07:00:00,0.35397,0.25463
2023-04-24 08:00:00,0.33462,0.29167
2023-04-24 09:00:00,0.32495,0.33333
2023-04-24 10:00:00,0.31915,0.37963
2023-04-24 11:00:00,0.31915,0.43519
2023-04-24 12:00:00,0.32302,0.48843
2023-04-24 13:00:00,0.33462,0.53935
2023-04-24 14:00:00,0.3559,0.59028
2023-04-24 15:00:00,0.38878,0.63194
2023-04-24 16:00:00,0.42553,0.6713
2023-04-24 17:00:00,0.46422,0.71065
2023-04-24 18:00:00,0.50677,0.74074
2023-04-24 19:00:00,0.55126,0.75463
2023-04-24 20:00:00,0.59574,0.75926
2023-04-24 21:00:00,0.64217,0.75
2023-04-24 22:00:00,0.68472,0.7338
2023-04-24 23:00:00,0.72147,0.71065
2023-04-25 00:00:00,0.74662,0.68519
2023-04-25 01:00:00,0.75822,0.65972
2023-04-25 02:00:00,0.76789,0.63657
2023-04-25 03:00:00,0.76789,0.61343
2023-04-25 04:00:00,0.76596,0.58796
2023-04-25 05:00:00,0.76015,0.56019
2023-04-25 06:00:00,0.75048,0.53009
2023-04-25 07:00:00,0.73694,0.50231
2023-04-25 08:00:00,0.72534,0.46991
2023-04-25 09:00:00,0.45068,0.33102
2023-04-25 10:00:00,0.45068,0.33102
2023-04-25 11:00:00,0.44874,0.33102
2023-04-25 12:00:00,0.45068,0.33102
2023-04-25 13:00:00,0.45068,0.33102
2023-04-25 14:00:00,0.45068,0.33102
2023-04-25 15:00:00,0.44874,0.32639
2023-04-25 16:00:00,0.44681,0.31713
2023-04-25 17:00:00,0.44294,0.30324
2023-04-25 18:00:00,0.4352,0.28704
2023-04-25 19:00:00,0.41973,0.27778
2023-04-25 20:00:00,0.40039,0.26852
2023-04-25 21:00:00,0.37331,0.26157
2023-04-25 22:00:00,0.34429,0.25926
2023-04-25 23:00:00,0.31915,0.24537
2023-04-26 00:00:00,0.2882,0.2662
2023-04-26 01:00:00,0.26112,0.29167
2023-04-26 02:00:00,0.23598,0.32176
2023-04-26 03:00:00,0.21663,0.36111
2023-04-26 04:00:00,0.20116,0.40046
2023-04-26 05:00:00,0.19729,0.43056
2023-04-26 06:00:00,0.20309,0.46759
2023-04-26 07:00:00,0.2147,0.49306
2023-04-26 08:00:00,0.23017,0.5162
2023-04-26 09:00:00,0.24758,0.53935
2023-04-26 10:00:00,0.26306,0.56481
2023-04-26 11:00:00,0.27853,0.58333
2023-04-26 12:00:00,0.29594,0.60648
2023-04-26 13:00:00,0.31528,0.625
2023-04-26 14:00:00,0.33656,0.6412
2023-04-26 15:00:00,0.35977,0.65741
2023-04-26 16:00:00,0.39265,0.68287
2023-04-26 17:00:00,0.43133,0.70139
2023-04-26 18:00:00,0.47002,0.71065
2023-04-26 19:00:00,0.51451,0.70602
2023-04-26 20:00:00,0.55706,0.69213
2023-04-26 21:00:00,0.59574,0.67361
2023-04-26 22:00:00,0.61896,0.66204
2023-04-26 23:00:00,0.64023,0.64583
2023-04-27 00:00:00,0.65571,0.62731
2023-04-27 01:00:00,0.66538,0.6088
2023-04-27 02:00:00,0.67118,0.5787
2023-04-27 03:00:00,0.66925,0.55093
2023-04-27 04:00:00,0.66538,0.51852
2023-04-27 05:00:00,0.66151,0.47917
2023-04-27 06:00:00,0.40426,0.43981
2023-04-27 07:00:00,0.40232,0.43981
2023-04-27 08:00:00,0.40232,0.44213
2023-04-27 09:00:00,0.39845,0.44907
2023-04-27 10:00:00,0.40039,0.44213
2023-04-27 11:00:00,0.40232,0.43287
2023-04-27 12:00:00,0.40619,0.42361
2023-04-27 13:00:00,0.41973,0.40972
2023-04-27 14:00:00,0.43907,0.40741
2023-04-27 15:00:00,0.46615,0.39583
2023-04-27 16:00:00,0.49903,0.38657
2023-04-27 17:00:00,0.54159,0.37269
2023-04-27 18:00:00,0.59188,0.36806
2023-04-27 19:00:00,0.64023,0.37269
2023-04-27 20:00:00,0.68279,0.38889
2023-04-27 21:00:00,0.72147,0.41435
2023-04-27 22:00:00,0.74855,0.45139
2023-04-27 23:00:00,0.76209,0.49769
2023-04-28 00:00:00,0.76015,0.54398
2023-04-28 01:00:00,0.74662,0.5787
2023-04-28 02:00:00,0.73308,0.59722
2023-04-28 03:00:00,0.7118,0.60185
2023-04-28 04:00:00,0.68665,0.6088
2023-04-28 05:00:00,0.65184,0.62269
2023-04-28 06:00:00,0.61315,0.63426
2023-04-28 07:00:00,0.5706,0.6412
2023-04-28 08:00:00,0.53191,0.6412
2023-04-28 09:00:00,0.4971,0.63889
2023-04-28 10:00:00,0.46809,0.62963
2023-04-28 11:00:00,0.44294,0.62037
2023-04-28 12:00:00,0.41973,0.59722
2023-04-28 13:00:00,0.40039,0.57176
2023-04-28 14:00:00,0.38104,0.54398
2023-04-28 15:00:00,0.36557,0.5162
2023-04-28 16:00:00,0.3559,0.49537
2023-04-28 17:00:00,0.35203,0.47685
2023-04-28 18:00:00,0.35397,0.46065
2023-04-28 19:00:00,0.3617,0.43981
2023-04-28 20:00:00,0.37137,0.42361
2023-04-28 21:00:00,0.38298,0.40972
2023-04-28 22:00:00,0.39458,0.40278
2023-04-28 23:00:00,0.40619,0.40509
2023-04-29 00:00:00,0.41973,0.40046
2023-04-29 01:00:00,0.43907,0.39815
2023-04-29 02:00:00,0.46035,0.39352
2023-04-29 03:00:00,0.4971,0.26389
2023-04-29 04:00:00,0.49903,0.26389
2023-04-29 05:00:00,0.49903,0.26157
2023-04-29 06:00:00,0.49903,0.26157
2023-04-29 07:00:00,0.50097,0.26157
2023-04-29 08:00:00,0.50097,0.26389
2023-04-29 09:00:00,0.49903,0.26389
2023-04-29 10:00:00,0.49903,0.27083
2023-04-29 11:00:00,0.49903,0.27315
2023-04-29 12:00:00,0.50097,0.27546
2023-04-29 13:00:00,0.50097,0.27315
2023-04-29 14:00:00,0.50097,0.2662
2023-04-29 15:00:00,0.49516,0.25
2023-04-29 16:00:00,0.47969,0.21759
2023-04-29 17:00:00,0.44874,0.19444
2023-04-29 18:00:00,0.41199,0.18519
2023-04-29 19:00:00,0.36557,0.19907
2023-04-29 20:00:00,0.30561,0.23843
2023-04-29 21:00:00,0.24952,0.31713
2023-04-29 22:00:00,0.2205,0.40972
2023-04-29 23:00:00,0.21083,0.54167
2023-04-30 00:00:00,0.2205,0.66667
2023-04-30 01:00:00,0.24952,0.7662
2023-04-30 02:00:00,0.29787,0.87037
2023-04-30 03:00:00,0.37524,0.95833
2023-04-30 04:00:00,0.44487,0.9838
2023-04-30 05:00:00,0.40039,0.84259
2023-04-30 06:00:00,0.46809,0.77778
2023-04-30 07:00:00,0.54352,0.72685
2023-04-30 08:00:00,0.57834,0.66667
2023-04-30 09:00:00,0.59961,0.61806
2023-04-30 10:00:00,0.61509,0.57176
2023-04-30 11:00:00,0.6383,0.50926
2023-04-30 12:00:00,0.66151,0.45139
2023-04-30 13:00:00,0.68085,0.40278
2023-04-30 14:00:00,0.69246,0.35648
2023-04-30 15:00:00,0.69632,0.31019
2023-04-30 16:00:00,0.69439,0.2662
2023-04-30 17:00:00,0.67505,0.22917
2023-04-30 18:00:00,0.6383,0.20139
2023-04-30 19:00:00,0.58607,0.18287
2023-04-30 20:00:00,0.52418,0.18056
2023-04-30 21:00:00,0.47195,0.19676
2023-04-30 22:00:00,0.45648,0.22222
2023-04-30 23:00:00,0.46035,0.23148
2023-05-01 00:00:00,0.66151,0.26852
2023-05-01 01:00:00,0.66344,0.26852
2023-05-01 02:00:00,0.66344,0.27083
2023-05-01 03:00:00,0.66151,0.27083
2023-05-01 04:00:00,0.66151,0.26852
2023-05-01 05:00:00,0.65957,0.26852
2023-05-01 06:00:00,0.65184,0.25926
2023-05-01 07:00:00,0.62863,0.23843
2023-05-01 08:00:00,0.59381,0.21759
2023-05-01 09:00:00,0.55126,0.2037
2023-05-01 10:00:00,0.49903,0.2037
2023-05-01 11:00:00,0.44681,0.22454
2023-05-01 12:00:00,0.40232,0.25231
2023-05-01 13:00:00,0.3675,0.28241
2023-05-01 14:00:00,0.34623,0.32176
2023-05-01 15:00:00,0.32882,0.36574
2023-05-01 16:00:00,0.32495,0.41204
2023-05-01 17:00:00,0.33462,0.46759
2023-05-01 18:00:00,0.3559,0.52083
2023-05-01 19:00:00,0.37911,0.56944
2023-05-01 20:00:00,0.40426,0.6088
2023-05-01 21:00:00,0.4352,0.64352
2023-05-01 22:00:00,0.46615,0.67361
2023-05-01 23:00:00,0.5029,0.69213
2023-05-02 00:00:00,0.54739,0.7037
2023-05-02 01:00:00,0.58994,0.71296
2023-05-02 02:00:00,0.63056,0.70833
2023-05-02 03:00:00,0.66538,0.6875
2023-05-02 04:00:00,0.69439,0.66204
2023-05-02 05:00:00,0.72147,0.63889
2023-05-02 06:00:00,0.74275,0.6088
2023-05-02 07:00:00,0.75242,0.58102
2023-05-02 08:00:00,0.75629,0.53935
2023-05-02 09:00:00,0.75435,0.49769
2023-05-02 10:00:00,0.74468,0.4537
2023-05-02 11:00:00,0.73694,0.41204
2023-05-02 12:00:00,0.72534,0.37269
2023-05-02 13:00:00,0.7118,0.33565
2023-05-02 14:00:00,0.69439,0.30556
2023-05-02 15:00:00,0.66731,0.28241
2023-05-02 16:00:00,0.63636,0.27083
2023-05-02 17:00:00,0.60542,0.2662
2023-05-02 18:00:00,0.58221,0.2662
2023-05-02 19:00:00,0.57447,0.26852
2023-05-02 20:00:00,0.57253,0.27083
2023-05-02 21:00:00,0.706,0.3125
2023-05-02 22:00:00,0.70406,0.31481
2023-05-02 23:00:00,0.70406,0.31481
2023-05-03 00:00:00,0.706,0.3125
2023-05-03 01:00:00,0.70793,0.31019
2023-05-03 02:00:00,0.70793,0.30324
2023-05-03 03:00:00,0.70213,0.28241
2023-05-03 04:00:00,0.69439,0.25926
2023-05-03 05:00:00,0.67892,0.23148
2023-05-03 06:00:00,0.65184,0.21296
2023-05-03 07:00:00,0.61315,0.20139
2023-05-03 08:00:00,0.57253,0.19444
2023-05-03 09:00:00,0.52998,0.19213
2023-05-03 10:00:00,0.48936,0.2037
2023-05-03 11:00:00,0.45261,0.21759
2023-05-03 12:00:00,0.42166,0.23843
2023-05-03 13:00:00,0.40232,0.27778
2023-05-03 14:00:00,0.38298,0.32639
2023-05-03 15:00:00,0.37137,0.37037
2023-05-03 16:00:00,0.36944,0.41435
2023-05-03 17:00:00,0.37331,0.46528
2023-05-03 18:00:00,0.37524,0.5162
2023-05-03 19:00:00,0.38685,0.5625
2023-05-03 20:00:00,0.40426,0.60185
2023-05-03 21:00:00,0.4352,0.63426
2023-05-03 22:00:00,0.47389,0.66435
2023-05-03 23:00:00,0.51257,0.68981
2023-05-04 00:00:00,0.55126,0.7037
2023-05-04 01:00:00,0.58221,0.69213
2023-05-04 02:00:00,0.63056,0.68519
2023-05-04 03:00:00,0.68085,0.66667
2023-05-04 04:00:00,0.72921,0.64815
2023-05-04 05:00:00,0.76209,0.62269
2023-05-04 06:00:00,0.7795,0.59028
2023-05-04 07:00:00,0.79497,0.55324
2023-05-04 08:00:00,0.80464,0.50926
2023-05-04 09:00:00,0.80851,0.47454
2023-05-04 10:00:00,0.81431,0.4375
2023-05-04 11:00:00,0.82012,0.40509
2023-05-04 12:00:00,0.81818,0.375
2023-05-04 13:00:00,0.81625,0.34491
2023-05-04 14:00:00,0.80658,0.31713
2023-05-04 15:00:00,0.79304,0.29167
2023-05-04 16:00:00,0.77176,0.27546
2023-05-04 17:00:00,0.74855,0.2662
2023-05-04 18:00:00,0.75822,0.36574
2023-05-04 19:00:00,0.76015,0.36806
2023-05-04 20:00:00,0.75822,0.36806
2023-05-04 21:00:00,0.75822,0.36806
2023-05-04 22:00:00,0.75822,0.36806
2023-05-04 23:00:00,0.75822,0.36806
2023-05-05 00:00:00,0.75822,0.36343
2023-05-05 01:00:00,0.75629,0.34491
2023-05-05 02:00:00,0.75048,0.32639
2023-05-05 03:00:00,0.74275,0.30093
2023-05-05 04:00:00,0.72921,0.26852
2023-05-05 05:00:00,0.70986,0.23611
2023-05-05 06:00:00,0.68279,0.20139
2023-05-05 07:00:00,0.6499,0.1713
2023-05-05 08:00:00,0.61896,0.15278
2023-05-05 09:00:00,0.58027,0.14583
2023-05-05 10:00:00,0.54159,0.14815
2023-05-05 11:00:00,0.50097,0.15972
2023-05-05 12:00:00,0.46809,0.18287
2023-05-05 13:00:00,0.43133,0.20833
2023-05-05 14:00:00,0.39845,0.24306
2023-05-05 15:00:00,0.36944,0.28935
2023-05-05 16:00:00,0.35203,0.34491
2023-05-05 17:00:00,0.34623,0.40046
2023-05-05 18:00:00,0.3559,0.45602
2023-05-05 19:00:00,0.37911,0.50463
2023-05-05 20:00:00,0.41393,0.55093
2023-05-05 21:00:00,0.44874,0.58796
2023-05-05 22:00:00,0.48162,0.61574
2023-05-05 23:00:00,0.51838,0.64352
2023-05-06 00:00:00,0.55319,0.66204
2023-05-06 01:00:00,0.58994,0.6713
2023-05-06 02:00:00,0.63056,0.66667
2023-05-06 03:00:00,0.67118,0.65278
2023-05-06 04:00:00,0.70406,0.62963
2023-05-06 05:00:00,0.73888,0.59954
2023-05-06 06:00:00,0.76596,0.56944
2023-05-06 07:00:00,0.7795,0.53472
2023-05-06 08:00:00,0.7853,0.49769
2023-05-06 09:00:00,0.78917,0.46528
2023-05-06 10:00:00,0.7911,0.43056
2023-05-06 11:00:00,0.79497,0.39815
2023-05-06 12:00:00,0.79497,0.36806
2023-05-06 13:00:00,0.79304,0.34028
2023-05-06 14:00:00,0.78917,0.32176
2023-05-06 15:00:00,0.47582,0.25231
2023-05-06 16:00:00,0.47776,0.25
2023-05-06 17:00:00,0.47969,0.24537
2023-05-06 18:00:00,0.47969,0.24074
2023-05-06 19:00:00,0.47195,0.23148
2023-05-06 20:00:00,0.44874,0.21759
2023-05-06 21:00:00,0.40812,0.19907
2023-05-06 22:00:00,0.36557,0.19444
2023-05-06 23:00:00,0.32882,0.2037
2023-05-07 00:00:00,0.294,0.21759
2023-05-07 01:00:00,0.25145,0.23843
2023-05-07 02:00:00,0.19536,0.28241
2023-05-07 03:00:00,0.14507,0.32176
2023-05-07 04:00:00,0.1528,0.31713
2023-05-07 05:00:00,0.13346,0.35417
2023-05-07 06:00:00,0.10638,0.40046
2023-05-07 07:00:00,0.17988,0.67361
2023-05-07 08:00:00,0.21277,0.72222
2023-05-07 09:00:00,0.25725,0.76389
2023-05-07 10:00:00,0.32108,0.78935
2023-05-07 11:00:00,0.39265,0.79861
2023-05-07 12:00:00,0.44874,0.80093
2023-05-07 13:00:00,0.51644,0.79398
2023-05-07 14:00:00,0.57834,0.78009
2023-05-07 15:00:00,0.63636,0.7662
2023-05-07 16:00:00,0.68665,0.74537
2023-05-07 17:00:00,0.7176,0.71528
2023-05-07 18:00:00,0.72534,0.68519
2023-05-07 19:00:00,0.74468,0.6412
2023-05-07 20:00:00,0.76983,0.59954
2023-05-07 21:00:00,0.78917,0.55787
2023-05-07 22:00:00,0.80271,0.50926
2023-05-07 23:00:00,0.80658,0.45602
2023-05-08 00:00:00,0.79884,0.40046
2023-05-08 01:00:00,0.78723,0.34954
2023-05-08 02:00:00,0.77563,0.29861
2023-05-08 03:00:00,0.75242,0.24306
2023-05-08 04:00:00,0.72534,0.19213
2023-05-08 05:00:00,0.67892,0.14583
2023-05-08 06:00:00,0.62089,0.12269
2023-05-08 07:00:00,0.56286,0.11806
2023-05-08 08:00:00,0.50097,0.12037
2023-05-08 09:00:00,0.46809,0.12963
2023-05-08 10:00:00,0.45455,0.14352
2023-05-08 11:00:00,0.44681,0.14583
2023-05-08 12:00:00,0.54739,0.27315
2023-05-08 13:00:00,0.54545,0.27083
2023-05-08 14:00:00,0.54545,0.2662
2023-05-08 15:00:00,0.54352,0.2662
2023-05-08 16:00:00,0.53385,0.25926
2023-05-08 17:00:00,0.51838,0.24074
2023-05-08 18:00:00,0.4913,0.22454
2023-05-08 19:00:00,0.45455,0.21759
2023-05-08 20:00:00,0.41586,0.21759
2023-05-08 21:00:00,0.37718,0.22454
2023-05-08 22:00:00,0.33269,0.24074
2023-05-08 23:00:00,0.2882,0.27083
2023-05-09 00:00:00,0.23791,0.3125
2023-05-09 01:00:00,0.19729,0.36111
2023-05-09 02:00:00,0.17795,0.38889
2023-05-09 03:00:00,0.17988,0.40509
2023-05-09 04:00:00,0.18182,0.40278
2023-05-09 05:00:00,0.18762,0.44213
2023-05-09 06:00:00,0.17021,0.49074
2023-05-09 07:00:00,0.17988,0.55093
2023-05-09 08:00:00,0.20116,0.6088
2023-05-09 09:00:00,0.24371,0.65972
2023-05-09 10:00:00,0.29981,0.68981
2023-05-09 11:00:00,0.34623,0.72685
2023-05-09 12:00:00,0.39265,0.76852
2023-05-09 13:00:00,0.43714,0.8125
2023-05-09 14:00:00,0.4913,0.85185
2023-05-09 15:00:00,0.54739,0.86806
2023-05-09 16:00:00,0.59381,0.87037
2023-05-09 17:00:00,0.64023,0.86111
2023-05-09 18:00:00,0.68472,0.85417
2023-05-09 19:00:00,0.72534,0.83565
2023-05-09 20:00:00,0.76596,0.79861
2023-05-09 21:00:00,0.79691,0.76389
2023-05-09 22:00:00,0.82979,0.73148
2023-05-09 23:00:00,0.85493,0.69676
2023-05-10 00:00:00,0.87814,0.65741
2023-05-10 01:00:00,0.86654,0.61806
2023-05-10 02:00:00,0.86654,0.57407
2023-05-10 03:00:00,0.86074,0.54398
2023-05-10 04:00:00,0.8646,0.46528
2023-05-10 05:00:00,0.86267,0.41898
2023-05-10 06:00:00,0.853,0.36806
2023-05-10 07:00:00,0.83946,0.30556
2023-05-10 08:00:00,0.81625,0.25926
2023-05-10 09:00:00,0.55899,0.25694
2023-05-10 10:00:00,0.55899,0.25694
2023-05-10 11:00:00,0.55706,0.25694
2023-05-10 12:00:00,0.55513,0.25463
2023-05-10 13:00:00,0.55126,0.25231
2023-05-10 14:00:00,0.53965,0.24306
2023-05-10 15:00:00,0.51451,0.22917
2023-05-10 16:00:00,0.46422,0.21759
2023-05-10 17:00:00,0.40619,0.21296
2023-05-10 18:00:00,0.3501,0.21759
2023-05-10 19:00:00,0.294,0.24074
2023-05-10 20:00:00,0.23791,0.27315
2023-05-10 21:00:00,0.17795,0.32176
2023-05-10 22:00:00,0.14894,0.31713
2023-05-10 23:00:00,0.1412,0.35417
2023-05-11 00:00:00,0.1354,0.39352
2023-05-11 01:00:00,0.13926,0.44907
2023-05-11 02:00:00,0.15667,0.50231
2023-05-11 03:00:00,0.17988,0.55324
2023-05-11 04:00:00,0.20309,0.59722
2023-05-11 05:00:00,0.2147,0.63194
2023-05-11 06:00:00,0.24952,0.68287
2023-05-11 07:00:00,0.29787,0.72917
2023-05-11 08:00:00,0.35783,0.76852
2023-05-11 09:00:00,0.43133,0.7963
2023-05-11 10:00:00,0.51064,0.82176
2023-05-11 11:00:00,0.58027,0.83333
2023-05-11 12:00:00,0.64023,0.8287
2023-05-11 13:00:00,0.70019,0.81019
2023-05-11 14:00:00,0.75629,0.78472
2023-05-11 15:00:00,0.80271,0.75231
2023-05-11 16:00:00,0.84333,0.71065
2023-05-11 17:00:00,0.87427,0.66204
2023-05-11 18:00:00,0.89168,0.6088
2023-05-11 19:00:00,0.87621,0.5463
2023-05-11 20:00:00,0.87041,0.47917
2023-05-11 21:00:00,0.86074,0.43519
2023-05-11 22:00:00,0.84913,0.39815
2023-05-11 23:00:00,0.82592,0.34491
2023-05-12 00:00:00,0.78723,0.28241
2023-05-12 01:00:00,0.73888,0.23611
2023-05-12 02:00:00,0.67505,0.18981
2023-05-12 03:00:00,0.60348,0.16898
2023-05-12 04:00:00,0.52805,0.16667
2023-05-12 05:00:00,0.46228,0.17361
2023-05-12 06:00:00,0.41779,0.5463
2023-05-12 07:00:00,0.41779,0.54398
2023-05-12 08:00:00,0.41779,0.5463
2023-05-12 09:00:00,0.41779,0.54398
2023-05-12 10:00:00,0.41779,0.54398
2023-05-12 11:00:00,0.41779,0.5463
2023-05-12 12:00:00,0.41779,0.5463
2023-05-12 13:00:00,0.41779,0.54398
2023-05-12 14:00:00,0.41779,0.53935
2023-05-12 15:00:00,0.41586,0.53009
2023-05-12 16:00:00,0.41199,0.52083
2023-05-12 17:00:00,0.40426,0.50926
2023-05-12 18:00:00,0.39265,0.5
2023-05-12 19:00:00,0.37911,0.49074
2023-05-12 20:00:00,0.3617,0.4838
2023-05-12 21:00:00,0.34236,0.47685
2023-05-12 22:00:00,0.31915,0.47454
2023-05-12 23:00:00,0.29787,0.47222
2023-05-13 00:00:00,0.27466,0.47454
2023-05-13 01:00:00,0.25145,0.47685
2023-05-13 02:00:00,0.22824,0.48611
2023-05-13 03:00:00,0.21083,0.50231
2023-05-13 04:00:00,0.19923,0.51852
2023-05-13 05:00:00,0.18956,0.53704
2023-05-13 06:00:00,0.18569,0.55556
2023-05-13 07:00:00,0.17988,0.57407
2023-05-13 08:00:00,0.17795,0.60648
2023-05-13 09:00:00,0.18569,0.6412
2023-05-13 10:00:00,0.20116,0.66667
2023-05-13 11:00:00,0.28046,0.7662
2023-05-13 12:00:00,0.31721,0.77083
2023-05-13 13:00:00,0.35783,0.76852
2023-05-13 14:00:00,0.39845,0.77083
2023-05-13 15:00:00,0.4352,0.7662
2023-05-13 16:00:00,0.47195,0.75231
2023-05-13 17:00:00,0.4971,0.7338
2023-05-13 18:00:00,0.51644,0.71065
2023-05-13 19:00:00,0.52998,0.68056
2023-05-13 20:00:00,0.52611,0.65509
2023-05-13 21:00:00,0.52418,0.63426
2023-05-13 22:00:00,0.52224,0.6088
2023-05-13 23:00:00,0.51644,0.58796
2023-05-14 00:00:00,0.50677,0.57176
2023-05-14 01:00:00,0.49516,0.56019
2023-05-14 02:00:00,0.48356,0.55093
2023-05-14 03:00:00,0.36944,0.63426
2023-05-14 04:00:00,0.36944,0.63426
2023-05-14 05:00:00,0.36944,0.63426
2023-05-14 06:00:00,0.36944,0.63194
2023-05-14 07:00:00,0.36944,0.63426
2023-05-14 08:00:00,0.37137,0.63426
2023-05-14 09:00:00,0.36944,0.63426
2023-05-14 10:00:00,0.37137,0.63194
2023-05-14 11:00:00,0.37137,0.62963
2023-05-14 12:00:00,0.37331,0.625
2023-05-14 13:00:00,0.37524,0.61574
2023-05-14 14:00:00,0.37718,0.6088
2023-05-14 15:00:00,0.37524,0.60185
2023-05-14 16:00:00,0.36557,0.56944
2023-05-14 17:00:00,0.3559,0.55093
2023-05-14 18:00:00,0.34429,0.53009
2023-05-14 19:00:00,0.32882,0.51157
2023-05-14 20:00:00,0.30948,0.49306
2023-05-14 21:00:00,0.29014,0.47917
2023-05-14 22:00:00,0.26886,0.46991
2023-05-14 23:00:00,0.24758,0.46759
2023-05-15 00:00:00,0.22437,0.46759
2023-05-15 01:00:00,0.20309,0.46991
2023-05-15 02:00:00,0.18375,0.47685
2023-05-15 03:00:00,0.16248,0.4838
2023-05-15 04:00:00,0.14313,0.49537
2023-05-15 05:00:00,0.13153,0.51157
2023-05-15 06:00:00,0.12766,0.52546
2023-05-15 07:00:00,0.12186,0.55556
2023-05-15 08:00:00,0.11412,0.59028
2023-05-15 09:00:00,0.10832,0.625
2023-05-15 10:00:00,0.094778,0.65972
2023-05-15 11:00:00,0.092843,0.68981
2023-05-15 12:00:00,0.11412,0.72454
2023-05-15 13:00:00,0.12959,0.74537
2023-05-15 14:00:00,0.147,0.76157
2023-05-15 15:00:00,0.1528,0.77083
2023-05-15 16:00:00,0.17215,0.78241
2023-05-15 17:00:00,0.19536,0.79398
2023-05-15 18:00:00,0.21857,0.79861
2023-05-15 19:00:00,0.24371,0.80093
2023-05-15 20:00:00,0.26692,0.7963
2023-05-15 21:00:00,0.294,0.78935
2023-05-15 22:00:00,0.31528,0.78241
2023-05-15 23:00:00,0.33849,0.77083
2023-05-16 00:00:00,0.79691,0.44676
2023-05-16 01:00:00,0.79691,0.44676
2023-05-16 02:00:00,0.79691,0.44676
2023-05-16 03:00:00,0.79691,0.44676
2023-05-16 04:00:00,0.79691,0.44676
2023-05-16 05:00:00,0.79691,0.44676
2023-05-16 06:00:00,0.79691,0.44676
2023-05-16 07:00:00,0.79691,0.44676
2023-05-16 08:00:00,0.79497,0.44676
2023-05-16 09:00:00,0.7911,0.44444
2023-05-16 10:00:00,0.78337,0.44213
2023-05-16 11:00:00,0.77176,0.4375
2023-05-16 12:00:00,0.75822,0.43287
2023-05-16 13:00:00,0.74468,0.42593
2023-05-16 14:00:00,0.72921,0.4213
2023-05-16 15:00:00,0.71373,0.41435
2023-05-16 16:00:00,0.69632,0.40972
2023-05-16 17:00:00,0.68085,0.40741
2023-05-16 18:00:00,0.66731,0.40509
2023-05-16 19:00:00,0.6499,0.40046
2023-05-16 20:00:00,0.63443,0.40046
2023-05-16 21:00:00,0.61509,0.39815
2023-05-16 22:00:00,0.59768,0.39352
2023-05-16 23:00:00,0.5764,0.39352
2023-05-17 00:00:00,0.55513,0.3912
2023-05-17 01:00:00,0.53578,0.3912
2023-05-17 02:00:00,0.51451,0.3912
2023-05-17 03:00:00,0.49516,0.38889
2023-05-17 04:00:00,0.47582,0.38889
2023-05-17 05:00:00,0.45648,0.38657
2023-05-17 06:00:00,0.43714,0.38889
2023-05-17 07:00:00,0.41973,0.3912
2023-05-17 08:00:00,0.40232,0.38889
2023-05-17 09:00:00,0.38685,0.38889
2023-05-17 10:00:00,0.37331,0.38889
2023-05-17 11:00:00,0.35783,0.38889
2023-05-17 12:00:00,0.34429,0.3912
2023-05-17 13:00:00,0.33075,0.39352
2023-05-17 14:00:00,0.31915,0.39583
2023-05-17 15:00:00,0.30754,0.39352
2023-05-17 16:00:00,0.29594,0.3912
2023-05-17 17:00:00,0.28433,0.38889
2023-05-17 18:00:00,0.27079,0.38889
2023-05-17 19:00:00,0.25919,0.38657
2023-05-17 20:00:00,0.24565,0.38426
2023-05-17 21:00:00,0.88588,0.42824
2023-05-17 22:00:00,0.88395,0.42593
2023-05-17 23:00:00,0.88395,0.42593
2023-05-18 00:00:00,0.88588,0.42824
2023-05-18 01:00:00,0.88395,0.42824
2023-05-18 02:00:00,0.88201,0.42593
2023-05-18 03:00:00,0.88395,0.42593
2023-05-18 04:00:00,0.88395,0.42593
2023-05-18 05:00:00,0.88201,0.42824
2023-05-18 06:00:00,0.88201,0.42824
2023-05-18 07:00:00,0.88201,0.42824
2023-05-18 08:00:00,0.88201,0.42824
2023-05-18 09:00:00,0.88201,0.42593
2023-05-18 10:00:00,0.88201,0.42593
2023-05-18 11:00:00,0.88201,0.42593
2023-05-18 12:00:00,0.88008,0.42824
2023-05-18 13:00:00,0.88201,0.42824
2023-05-18 14:00:00,0.88201,0.42824
2023-05-18 15:00:00,0.88008,0.42593
2023-05-18 16:00:00,0.88008,0.42593
2023-05-18 17:00:00,0.88008,0.42593
2023-05-18 18:00:00,0.88008,0.42824
2023-05-18 19:00:00,0.88008,0.43056
2023-05-18 20:00:00,0.88008,0.42593
2023-05-18 21:00:00,0.87814,0.42824
2023-05-18 22:00:00,0.87814,0.42593
2023-05-18 23:00:00,0.87814,0.43056
2023-05-19 00:00:00,0.87621,0.43056
2023-05-19 01:00:00,0.87814,0.42824
2023-05-19 02:00:00,0.87621,0.42824
2023-05-19 03:00:00,0.87234,0.42593
2023-05-19 04:00:00,0.86847,0.42593
2023-05-19 05:00:00,0.86074,0.42593
2023-05-19 06:00:00,0.84913,0.42361
2023-05-19 07:00:00,0.83752,0.4213
2023-05-19 08:00:00,0.82398,0.41204
2023-05-19 09:00:00,0.80658,0.40741
2023-05-19 10:00:00,0.78917,0.40278
2023-05-19 11:00:00,0.77176,0.39815
2023-05-19 12:00:00,0.75435,0.39583
2023-05-19 13:00:00,0.73694,0.39352
2023-05-19 14:00:00,0.7176,0.3912
2023-05-19 15:00:00,0.70019,0.3912
2023-05-19 16:00:00,0.68279,0.38889
2023-05-19 17:00:00,0.66538,0.3912
2023-05-19 18:00:00,0.78917,0.59028
2023-05-19 19:00:00,0.7911,0.59028
2023-05-19 20:00:00,0.7911,0.59028
2023-05-19 21:00:00,0.79304,0.59028
2023-05-19 22:00:00,0.7911,0.59028
2023-05-19 23:00:00,0.7911,0.59028
2023-05-20 00:00:00,0.7911,0.59028
2023-05-20 01:00:00,0.78917,0.59028
2023-05-20 02:00:00,0.78143,0.59259
2023-05-20 03:00:00,0.77176,0.59722
2023-05-20 04:00:00,0.76209,0.59722
2023-05-20 05:00:00,0.75048,0.59722
2023-05-20 06:00:00,0.73694,0.59722
2023-05-20 07:00:00,0.71954,0.59722
2023-05-20 08:00:00,0.70406,0.59722
2023-05-20 09:00:00,0.68472,0.59722
2023-05-20 10:00:00,0.66925,0.59722
2023-05-20 11:00:00,0.65184,0.59722
2023-05-20 12:00:00,0.6325,0.59722
2023-05-20 13:00:00,0.61509,0.59722
2023-05-20 14:00:00,0.59574,0.59491
2023-05-20 15:00:00,0.5764,0.59491
2023-05-20 16:00:00,0.55513,0.59722
2023-05-20 17:00:00,0.53578,0.59722
2023-05-20 18:00:00,0.51838,0.59954
2023-05-20 19:00:00,0.4971,0.59722
2023-05-20 20:00:00,0.47776,0.59491
2023-05-20 21:00:00,0.45261,0.59491
2023-05-20 22:00:00,0.4294,0.59259
2023-05-20 23:00:00,0.40619,0.59259
2023-05-21 00:00:00,0.38491,0.58565
2023-05-21 01:00:00,0.3617,0.58565
2023-05-21 02:00:00,0.34429,0.57407
2023-05-21 03:00:00,0.32302,0.56944
2023-05-21 04:00:00,0.30174,0.56713
2023-05-21 05:00:00,0.28627,0.5625
2023-05-21 06:00:00,0.26886,0.56481
2023-05-21 07:00:00,0.25532,0.56481
2023-05-21 08:00:00,0.23791,0.56481
2023-05-21 09:00:00,0.2205,0.56944
2023-05-21 10:00:00,0.20503,0.57407
2023-05-21 11:00:00,0.19149,0.57176
2023-05-21 12:00:00,0.18569,0.57407
2023-05-21 13:00:00,0.18956,0.57639
2023-05-21 14:00:00,0.19149,0.56944
2023-05-21 15:00:00,0.79304,0.59954
2023-05-21 16:00:00,0.79304,0.59954
2023-05-21 17:00:00,0.79497,0.59954
2023-05-21 18:00:00,0.79497,0.59722
2023-05-21 19:00:00,0.79304,0.59954
2023-05-21 20:00:00,0.7911,0.59954
2023-05-21 21:00:00,0.78917,0.59954
2023-05-21 22:00:00,0.78723,0.60185
2023-05-21 23:00:00,0.78143,0.60185
2023-05-22 00:00:00,0.77369,0.60185
2023-05-22 01:00:00,0.76596,0.60185
2023-05-22 02:00:00,0.75629,0.60185
2023-05-22 03:00:00,0.74468,0.60417
2023-05-22 04:00:00,0.73308,0.60648
2023-05-22 05:00:00,0.72147,0.6088
2023-05-22 06:00:00,0.706,0.61343
2023-05-22 07:00:00,0.69246,0.61574
2023-05-22 08:00:00,0.67698,0.61806
2023-05-22 09:00:00,0.65957,0.625
2023-05-22 10:00:00,0.64217,0.62731
2023-05-22 11:00:00,0.62476,0.63194
2023-05-22 12:00:00,0.60348,0.63194
2023-05-22 13:00:00,0.58607,0.63657
2023-05-22 14:00:00,0.5706,0.63426
2023-05-22 15:00:00,0.55319,0.63194
2023-05-22 16:00:00,0.53385,0.63194
2023-05-22 17:00:00,0.51451,0.62963
2023-05-22 18:00:00,0.49516,0.62963
2023-05-22 19:00:00,0.47582,0.63194
2023-05-22 20:00:00,0.45648,0.62963
2023-05-22 21:00:00,0.43714,0.625
2023-05-22 22:00:00,0.41779,0.62037
2023-05-22 23:00:00,0.40039,0.61574
2023-05-23 00:00:00,0.38298,0.61343
2023-05-23 01:00:00,0.3617,0.61111
2023-05-23 02:00:00,0.34236,0.60648
2023-05-23 03:00:00,0.32302,0.59722
2023-05-23 04:00:00,0.30368,0.58796
2023-05-23 05:00:00,0.2882,0.58333
2023-05-23 06:00:00,0.28046,0.58102
2023-05-23 07:00:00,0.26886,0.58333
2023-05-23 08:00:00,0.25145,0.58333
2023-05-23 09:00:00,0.23211,0.58333
2023-05-23 10:00:00,0.21663,0.58102
2023-05-23 11:00:00,0.2089,0.58102
2023-05-23 12:00:00,0.78337,0.56713
2023-05-23 13:00:00,0.78337,0.56713
2023-05-23 14:00:00,0.7853,0.56944
2023-05-23 15:00:00,0.7853,0.56713
2023-05-23 16:00:00,0.78723,0.56481
2023-05-23 17:00:00,0.78723,0.56481
2023-05-23 18:00:00,0.78917,0.5625
2023-05-23 19:00:00,0.79304,0.56019
2023-05-23 20:00:00,0.7911,0.5625
2023-05-23 21:00:00,0.78143,0.56713
2023-05-23 22:00:00,0.76789,0.57176
2023-05-23 23:00:00,0.75048,0.57407
2023-05-24 00:00:00,0.73501,0.5787
2023-05-24 01:00:00,0.7234,0.5787
2023-05-24 02:00:00,0.7118,0.58333
2023-05-24 03:00:00,0.70019,0.58565
2023-05-24 04:00:00,0.68279,0.58796
2023-05-24 05:00:00,0.66925,0.58796
2023-05-24 06:00:00,0.65377,0.58796
2023-05-24 07:00:00,0.6383,0.58796
2023-05-24 08:00:00,0.62282,0.59028
2023-05-24 09:00:00,0.60735,0.59259
2023-05-24 10:00:00,0.58801,0.59259
2023-05-24 11:00:00,0.5706,0.59722
2023-05-24 12:00:00,0.55319,0.59954
2023-05-24 13:00:00,0.53772,0.60185
2023-05-24 14:00:00,0.52031,0.60417
2023-05-24 15:00:00,0.50097,0.60417
2023-05-24 16:00:00,0.47969,0.6088
2023-05-24 17:00:00,0.45455,0.6088
2023-05-24 18:00:00,0.43327,0.61111
2023-05-24 19:00:00,0.41393,0.6088
2023-05-24 20:00:00,0.39652,0.60648
2023-05-24 21:00:00,0.37331,0.6088
2023-05-24 22:00:00,0.35397,0.60648
2023-05-24 23:00:00,0.32882,0.60417
2023-05-25 00:00:00,0.30561,0.60185
2023-05-25 01:00:00,0.2824,0.60648
2023-05-25 02:00:00,0.25919,0.61343
2023-05-25 03:00:00,0.23211,0.62037
2023-05-25 04:00:00,0.20696,0.625
2023-05-25 05:00:00,0.18762,0.62731
2023-05-25 06:00:00,0.17795,0.62963
2023-05-25 07:00:00,0.17602,0.62963
2023-05-25 08:00:00,0.17795,0.62731
2023-05-25 09:00:00,0.81625,0.53241
2023-05-25 10:00:00,0.81431,0.53241
2023-05-25 11:00:00,0.81625,0.53241
2023-05-25 12:00:00,0.81431,0.53241
2023-05-25 13:00:00,0.81431,0.53472
2023-05-25 14:00:00,0.81431,0.53472
2023-05-25 15:00:00,0.81431,0.53009
2023-05-25 16:00:00,0.81625,0.53472
2023-05-25 17:00:00,0.81044,0.53704
2023-05-25 18:00:00,0.80464,0.53472
2023-05-25 19:00:00,0.80271,0.54398
2023-05-25 20:00:00,0.79497,0.54861
2023-05-25 21:00:00,0.78723,0.55324
2023-05-25 22:00:00,0.7795,0.55556
2023-05-25 23:00:00,0.77176,0.55556
2023-05-26 00:00:00,0.76209,0.55556
2023-05-26 01:00:00,0.75242,0.56019
2023-05-26 02:00:00,0.73888,0.56019
2023-05-26 03:00:00,0.72727,0.56481
2023-05-26 04:00:00,0.71567,0.5625
2023-05-26 05:00:00,0.70406,0.56481
2023-05-26 06:00:00,0.69246,0.5625
2023-05-26 07:00:00,0.68085,0.56481
2023-05-26 08:00:00,0.66731,0.5625
2023-05-26 09:00:00,0.65377,0.5625
2023-05-26 10:00:00,0.64023,0.5625
2023-05-26 11:00:00,0.62863,0.56019
2023-05-26 12:00:00,0.61509,0.5625
2023-05-26 13:00:00,0.60155,0.56481
2023-05-26 14:00:00,0.58994,0.5625
2023-05-26 15:00:00,0.5764,0.56713
2023-05-26 16:00:00,0.55899,0.56944
2023-05-26 17:00:00,0.54159,0.56944
2023-05-26 18:00:00,0.52611,0.57176
2023-05-26 19:00:00,0.5087,0.56713
2023-05-26 20:00:00,0.4913,0.56481
2023-05-26 21:00:00,0.47195,0.56481
2023-05-26 22:00:00,0.45261,0.56481
2023-05-26 23:00:00,0.4352,0.56713
2023-05-27 00:00:00,0.41779,0.56944
2023-05-27 01:00:00,0.40232,0.56713
2023-05-27 02:00:00,0.39072,0.56481
2023-05-27 03:00:00,0.37718,0.5625
2023-05-27 04:00:00,0.35977,0.56481
2023-05-27 05:00:00,0.34043,0.56481
2023-05-27 06:00:00,0.82205,0.51852
2023-05-27 07:00:00,0.82205,0.5162
2023-05-27 08:00:00,0.82205,0.51389
2023-05-27 09:00:00,0.82205,0.51852
2023-05-27 10:00:00,0.82205,0.5162
2023-05-27 11:00:00,0.82205,0.51852
2023-05-27 12:00:00,0.82012,0.5162
2023-05-27 13:00:00,0.81818,0.5162
2023-05-27 14:00:00,0.81625,0.52083
2023-05-27 15:00:00,0.81238,0.52315
2023-05-27 16:00:00,0.80658,0.52546
2023-05-27 17:00:00,0.80464,0.52778
2023-05-27 18:00:00,0.79497,0.53009
2023-05-27 19:00:00,0.78723,0.53009
2023-05-27 20:00:00,0.7795,0.53472
2023-05-27 21:00:00,0.76789,0.53704
2023-05-27 22:00:00,0.75629,0.53472
2023-05-27 23:00:00,0.74468,0.54167
2023-05-28 00:00:00,0.73308,0.53935
2023-05-28 01:00:00,0.72147,0.53935
2023-05-28 02:00:00,0.70986,0.54398
2023-05-28 03:00:00,0.69439,0.54398
2023-05-28 04:00:00,0.67892,0.54398
2023-05-28 05:00:00,0.66538,0.54398
2023-05-28 06:00:00,0.65377,0.54861
2023-05-28 07:00:00,0.6383,0.55093
2023-05-28 08:00:00,0.62282,0.55324
2023-05-28 09:00:00,0.60348,0.55556
2023-05-28 10:00:00,0.58414,0.55556
2023-05-28 11:00:00,0.56286,0.55787
2023-05-28 12:00:00,0.54352,0.55556
2023-05-28 13:00:00,0.52611,0.55324
2023-05-28 14:00:00,0.50677,0.55324
2023-05-28 15:00:00,0.48936,0.55556
2023-05-28 16:00:00,0.47195,0.56019
2023-05-28 17:00:00,0.45648,0.5625
2023-05-28 18:00:00,0.44101,0.5625
2023-05-28 19:00:00,0.42747,0.5625
2023-05-28 20:00:00,0.41393,0.56019
2023-05-28 21:00:00,0.40232,0.55787
2023-05-28 22:00:00,0.38878,0.55556
2023-05-28 23:00:00,0.37331,0.55324
2023-05-29 00:00:00,0.35783,0.55324
2023-05-29 01:00:00,0.34043,0.55324
2023-05-29 02:00:00,0.32302,0.55324
2023-05-29 03:00:00,0.70406,0.53009
2023-05-29 04:00:00,0.70406,0.53009
2023-05-29 05:00:00,0.70213,0.53241
2023-05-29 06:00:00,0.70019,0.53009
2023-05-29 07:00:00,0.69826,0.53009
2023-05-29 08:00:00,0.69826,0.53009
2023-05-29 09:00:00,0.69439,0.53009
2023-05-29 10:00:00,0.69246,0.53009
2023-05-29 11:00:00,0.68859,0.52778
2023-05-29 12:00:00,0.68472,0.52778
2023-05-29 13:00:00,0.68279,0.52546
2023-05-29 14:00:00,0.67698,0.52083
2023-05-29 15:00:00,0.66731,0.51852
2023-05-29 16:00:00,0.66151,0.5162
2023-05-29 17:00:00,0.65184,0.51157
2023-05-29 18:00:00,0.6441,0.50694
2023-05-29 19:00:00,0.63443,0.50231
2023-05-29 20:00:00,0.62282,0.5
2023-05-29 21:00:00,0.61122,0.49769
2023-05-29 22:00:00,0.59768,0.49537
2023-05-29 23:00:00,0.58221,0.49306
2023-05-30 00:00:00,0.56673,0.49306
2023-05-30 01:00:00,0.54932,0.49074
2023-05-30 02:00:00,0.53191,0.49074
2023-05-30 03:00:00,0.51257,0.48611
2023-05-30 04:00:00,0.49323,0.48843
2023-05-30 05:00:00,0.47195,0.48611
2023-05-30 06:00:00,0.45068,0.48611
2023-05-30 07:00:00,0.42747,0.48843
2023-05-30 08:00:00,0.40426,0.48843
2023-05-30 09:00:00,0.38104,0.48843
2023-05-30 10:00:00,0.35783,0.49074
2023-05-30 11:00:00,0.33462,0.49074
2023-05-30 12:00:00,0.30948,0.49074
2023-05-30 13:00:00,0.2882,0.48843
2023-05-30 14:00:00,0.26692,0.4838
2023-05-30 15:00:00,0.24758,0.46759
2023-05-30 16:00:00,0.23404,0.45833
2023-05-30 17:00:00,0.23211,0.44444
2023-05-30 18:00:00,0.21857,0.44444
2023-05-30 19:00:00,0.20696,0.44444
2023-05-30 20:00:00,0.19342,0.44213
2023-05-30 21:00:00,0.17988,0.43981
2023-05-30 22:00:00,0.17021,0.44444
2023-05-30 23:00:00,0.15474,0.44444
2023-05-31 00:00:00,0.73501,0.53472
2023-05-31 01:00:00,0.73308,0.53704
2023-05-31 02:00:00,0.73114,0.53704
2023-05-31 03:00:00,0.72921,0.53704
2023-05-31 04:00:00,0.72727,0.53704
2023-05-31 05:00:00,0.7234,0.53704
2023-05-31 06:00:00,0.72147,0.53472
2023-05-31 07:00:00,0.71567,0.53472
2023-05-31 08:00:00,0.7118,0.53472
2023-05-31 09:00:00,0.70793,0.53241
2023-05-31 10:00:00,0.70019,0.53241
2023-05-31 11:00:00,0.69439,0.53009
2023-05-31 12:00:00,0.68665,0.52778
2023-05-31 13:00:00,0.67698,0.52546
2023-05-31 14:00:00,0.66731,0.52315
2023-05-31 15:00:00,0.65571,0.52083
2023-05-31 16:00:00,0.6441,0.5162
2023-05-31 17:00:00,0.6325,0.51389
2023-05-31 18:00:00,0.61896,0.51157
2023-05-31 19:00:00,0.60542,0.50694
2023-05-31 20:00:00,0.58994,0.50463
2023-05-31 21:00:00,0.57447,0.50231
2023-05-31 22:00:00,0.55899,0.5
2023-05-31 23:00:00,0.54159,0.49769
2023-06-01 00:00:00,0.52418,0.49769
2023-06-01 01:00:00,0.50677,0.49769
2023-06-01 02:00:00,0.48743,0.49769
2023-06-01 03:00:00,0.46809,0.49769
2023-06-01 04:00:00,0.45068,0.49537
2023-06-01 05:00:00,0.43327,0.49306
2023-06-01 06:00:00,0.41586,0.49306
2023-06-01 07:00:00,0.40232,0.49306
2023-06-01 08:00:00,0.38685,0.49306
2023-06-01 09:00:00,0.37331,0.49074
2023-06-01 10:00:00,0.3559,0.48843
2023-06-01 11:00:00,0.33849,0.48843
2023-06-01 12:00:00,0.32302,0.48843
2023-06-01 13:00:00,0.30561,0.48843
2023-06-01 14:00:00,0.2882,0.48843
2023-06-01 15:00:00,0.27466,0.49074
2023-06-01 16:00:00,0.26306,0.48611
2023-06-01 17:00:00,0.25145,0.48148
2023-06-01 18:00:00,0.24371,0.47685
2023-06-01 19:00:00,0.23404,0.46759
2023-06-01 20:00:00,0.22244,0.46528
2023-06-01 21:00:00,0.73888,0.55556
2023-06-01 22:00:00,0.73888,0.55556
2023-06-01 23:00:00,0.73694,0.55556
2023-06-02 00:00:00,0.73694,0.55787
2023-06-02 01:00:00,0.73501,0.55556
2023-06-02 02:00:00,0.73501,0.55556
2023-06-02 03:00:00,0.73114,0.55556
2023-06-02 04:00:00,0.73114,0.55324
2023-06-02 05:00:00,0.72534,0.55556
2023-06-02 06:00:00,0.72147,0.55324
2023-06-02 07:00:00,0.71567,0.55093
2023-06-02 08:00:00,0.70793,0.55093
2023-06-02 09:00:00,0.70213,0.54861
2023-06-02 10:00:00,0.69246,0.5463
2023-06-02 11:00:00,0.68472,0.5463
2023-06-02 12:00:00,0.67505,0.54167
2023-06-02 13:00:00,0.66538,0.53935
2023-06-02 14:00:00,0.65377,0.53935
2023-06-02 15:00:00,0.64217,0.53935
2023-06-02 16:00:00,0.62863,0.53704
2023-06-02 17:00:00,0.61509,0.53472
2023-06-02 18:00:00,0.60155,0.53241
2023-06-02 19:00:00,0.58414,0.53009
2023-06-02 20:00:00,0.56867,0.52778
2023-06-02 21:00:00,0.54932,0.52778
2023-06-02 22:00:00,0.52998,0.52778
2023-06-02 23:00:00,0.5087,0.52778
2023-06-03 00:00:00,0.48549,0.52546
2023-06-03 01:00:00,0.46228,0.52546
2023-06-03 02:00:00,0.44101,0.52546
2023-06-03 03:00:00,0.41779,0.52546
2023-06-03 04:00:00,0.39652,0.52315
2023-06-03 05:00:00,0.37524,0.52083
2023-06-03 06:00:00,0.3559,0.51852
2023-06-03 07:00:00,0.33656,0.52083
2023-06-03 08:00:00,0.31915,0.51389
2023-06-03 09:00:00,0.30561,0.50926
2023-06-03 10:00:00,0.29014,0.50694
2023-06-03 11:00:00,0.2766,0.49769
2023-06-03 12:00:00,0.26306,0.49537
2023-06-03 13:00:00,0.25532,0.49074
2023-06-03 14:00:00,0.25145,0.4838
2023-06-03 15:00:00,0.24758,0.47917
2023-06-03 16:00:00,0.24371,0.47917
2023-06-03 17:00:00,0.23791,0.47917
2023-06-03 18:00:00,0.5029,0.67824
2023-06-03 19:00:00,0.50484,0.68287
2023-06-03 20:00:00,0.50484,0.68287
2023-06-03 21:00:00,0.50484,0.67824
2023-06-03 22:00:00,0.5029,0.67824
2023-06-03 23:00:00,0.50484,0.68056
2023-06-04 00:00:00,0.50484,0.67824
2023-06-04 01:00:00,0.5029,0.67824
2023-06-04 02:00:00,0.5029,0.68056
2023-06-04 03:00:00,0.5029,0.67824
2023-06-04 04:00:00,0.5029,0.68056
2023-06-04 05:00:00,0.50097,0.68056
2023-06-04 06:00:00,0.5029,0.68056
2023-06-04 07:00:00,0.5029,0.68287
2023-06-04 08:00:00,0.50097,0.68056
2023-06-04 09:00:00,0.49903,0.68287
2023-06-04 10:00:00,0.4971,0.68056
2023-06-04 11:00:00,0.49323,0.68056
2023-06-04 12:00:00,0.48743,0.6875
2023-06-04 13:00:00,0.47969,0.68519
2023-06-04 14:00:00,0.47195,0.68519
2023-06-04 15:00:00,0.46615,0.68287
2023-06-04 16:00:00,0.45841,0.68287
2023-06-04 17:00:00,0.44874,0.68056
2023-06-04 18:00:00,0.43907,0.68056
2023-06-04 19:00:00,0.42747,0.68056
2023-06-04 20:00:00,0.41779,0.68056
2023-06-04 21:00:00,0.40619,0.67824
2023-06-04 22:00:00,0.39652,0.67593
2023-06-04 23:00:00,0.38298,0.67361
2023-06-05 00:00:00,0.37137,0.67361
2023-06-05 01:00:00,0.35783,0.67361
2023-06-05 02:00:00,0.34429,0.66667
2023-06-05 03:00:00,0.33075,0.65972
2023-06-05 04:00:00,0.31721,0.65972
2023-06-05 05:00:00,0.30174,0.65046
2023-06-05 06:00:00,0.294,0.6412
2023-06-05 07:00:00,0.2766,0.63889
2023-06-05 08:00:00,0.26692,0.63194
2023-06-05 09:00:00,0.25338,0.62269
2023-06-05 10:00:00,0.24178,0.61574
2023-06-05 11:00:00,0.23791,0.60648
2023-06-05 12:00:00,0.22437,0.60417
2023-06-05 13:00:00,0.2089,0.60417
2023-06-05 14:00:00,0.19729,0.60648
2023-06-05 15:00:00,0.52031,0.68287
2023-06-05 16:00:00,0.52031,0.68287
2023-06-05 17:00:00,0.51838,0.68287
2023-06-05 18:00:00,0.51838,0.68287
2023-06-05 19:00:00,0.51838,0.68519
2023-06-05 20:00:00,0.51838,0.68287
2023-06-05 21:00:00,0.51644,0.68287
2023-06-05 22:00:00,0.51838,0.68519
2023-06-05 23:00:00,0.51838,0.68519
2023-06-06 00:00:00,0.51644,0.68519
2023-06-06 01:00:00,0.51838,0.68287
2023-06-06 02:00:00,0.51644,0.68287
2023-06-06 03:00:00,0.51451,0.68519
2023-06-06 04:00:00,0.51064,0.68519
2023-06-06 05:00:00,0.50677,0.6875
2023-06-06 06:00:00,0.50097,0.68981
2023-06-06 07:00:00,0.49323,0.6875
2023-06-06 08:00:00,0.48162,0.6875
2023-06-06 09:00:00,0.47389,0.68519
2023-06-06 10:00:00,0.46422,0.68519
2023-06-06 11:00:00,0.45648,0.68287
2023-06-06 12:00:00,0.44294,0.68287
2023-06-06 13:00:00,0.42747,0.68056
2023-06-06 14:00:00,0.41199,0.68056
2023-06-06 15:00:00,0.40039,0.68056
2023-06-06 16:00:00,0.39458,0.68287
2023-06-06 17:00:00,0.38685,0.68519
2023-06-06 18:00:00,0.36944,0.68519
2023-06-06 19:00:00,0.35397,0.68056
2023-06-06 20:00:00,0.33656,0.67824
2023-06-06 21:00:00,0.32108,0.67593
2023-06-06 22:00:00,0.30561,0.66898
2023-06-06 23:00:00,0.2882,0.6713
2023-06-07 00:00:00,0.27466,0.66667
2023-06-07 01:00:00,0.26499,0.65972
2023-06-07 02:00:00,0.25145,0.65741
2023-06-07 03:00:00,0.24178,0.65046
2023-06-07 04:00:00,0.22824,0.65046
2023-06-07 05:00:00,0.21857,0.64583
2023-06-07 06:00:00,0.20503,0.6412
2023-06-07 07:00:00,0.19729,0.63889
2023-06-07 08:00:00,0.18375,0.63657
2023-06-07 09:00:00,0.17215,0.63657
2023-06-07 10:00:00,0.16248,0.63426
2023-06-07 11:00:00,0.15087,0.63426
2023-06-07 12:00:00,0.74275,0.6875
2023-06-07 13:00:00,0.74275,0.6875
2023-06-07 14:00:00,0.74275,0.65972
2023-06-07 15:00:00,0.74275,0.69444
2023-06-07 16:00:00,0.74275,0.65278
2023-06-07 17:00:00,0.74275,0.68981
2023-06-07 18:00:00,0.74275,0.65046
2023-06-07 19:00:00,0.74081,0.65278
2023-06-07 20:00:00,0.74275,0.65046
2023-06-07 21:00:00,0.74275,0.64583
2023-06-07 22:00:00,0.74275,0.65509
2023-06-07 23:00:00,0.74275,0.65046
2023-06-08 00:00:00,0.74081,0.68519
2023-06-08 01:00:00,0.74275,0.68981
2023-06-08 02:00:00,0.74081,0.6875
2023-06-08 03:00:00,0.74275,0.6875
2023-06-08 04:00:00,0.74081,0.68981
2023-06-08 05:00:00,0.74081,0.69213
2023-06-08 06:00:00,0.74081,0.68981
2023-06-08 07:00:00,0.74081,0.6875
2023-06-08 08:00:00,0.73888,0.68287
2023-06-08 09:00:00,0.73888,0.67593
2023-06-08 10:00:00,0.73694,0.66667
2023-06-08 11:00:00,0.73694,0.65741
2023-06-08 12:00:00,0.73501,0.64583
2023-06-08 13:00:00,0.73501,0.63657
2023-06-08 14:00:00,0.73308,0.62269
2023-06-08 15:00:00,0.73308,0.61111
2023-06-08 16:00:00,0.73114,0.59491
2023-06-08 17:00:00,0.73114,0.58102
2023-06-08 18:00:00,0.72921,0.5625
2023-06-08 19:00:00,0.72727,0.5463
2023-06-08 20:00:00,0.72727,0.53009
2023-06-08 21:00:00,0.72534,0.51157
2023-06-08 22:00:00,0.7234,0.49074
2023-06-08 23:00:00,0.72147,0.46991
2023-06-09 00:00:00,0.72147,0.44907
2023-06-09 01:00:00,0.71954,0.42824
2023-06-09 02:00:00,0.71954,0.40741
2023-06-09 03:00:00,0.7176,0.38657
2023-06-09 04:00:00,0.71567,0.36574
2023-06-09 05:00:00,0.7176,0.34491
2023-06-09 06:00:00,0.7176,0.32407
2023-06-09 07:00:00,0.7176,0.30556
2023-06-09 08:00:00,0.7176,0.28704
2023-06-09 09:00:00,0.43133,0.69907
2023-06-09 10:00:00,0.43327,0.69676
2023-06-09 11:00:00,0.43327,0.69676
2023-06-09 12:00:00,0.43327,0.69907
2023-06-09 13:00:00,0.43133,0.69907
2023-06-09 14:00:00,0.43133,0.69907
2023-06-09 15:00:00,0.43327,0.69676
2023-06-09 16:00:00,0.4294,0.69444
2023-06-09 17:00:00,0.4294,0.68981
2023-06-09 18:00:00,0.4294,0.6875
2023-06-09 19:00:00,0.4294,0.68519
2023-06-09 20:00:00,0.4294,0.67824
2023-06-09 21:00:00,0.4352,0.6713
2023-06-09 22:00:00,0.44681,0.66435
2023-06-09 23:00:00,0.44487,0.64815
2023-06-10 00:00:00,0.44487,0.63194
2023-06-10 01:00:00,0.44101,0.61806
2023-06-10 02:00:00,0.44294,0.60648
2023-06-10 03:00:00,0.43907,0.59491
2023-06-10 04:00:00,0.43327,0.58333
2023-06-10 05:00:00,0.4294,0.5787
2023-06-10 06:00:00,0.42553,0.56019
2023-06-10 07:00:00,0.42166,0.54167
2023-06-10 08:00:00,0.41779,0.52083
2023-06-10 09:00:00,0.41586,0.49769
2023-06-10 10:00:00,0.41199,0.47222
2023-06-10 11:00:00,0.40812,0.44676
2023-06-10 12:00:00,0.40619,0.4213
2023-06-10 13:00:00,0.40232,0.39583
2023-06-10 14:00:00,0.40039,0.375
2023-06-10 15:00:00,0.39845,0.35417
2023-06-10 16:00:00,0.39652,0.33333
2023-06-10 17:00:00,0.39458,0.3125
2023-06-10 18:00:00,0.38878,0.2963
2023-06-10 19:00:00,0.38685,0.27778
2023-06-10 20:00:00,0.38298,0.26389
2023-06-10 21:00:00,0.38298,0.25231
2023-06-10 22:00:00,0.38104,0.24074
2023-06-10 23:00:00,0.38104,0.22917
2023-06-11 00:00:00,0.37911,0.22454
2023-06-11 01:00:00,0.37911,0.21991
2023-06-11 02:00:00,0.37911,0.21759
2023-06-11 03:00:00,0.37718,0.21759
2023-06-11 04:00:00,0.37524,0.21991
2023-06-11 05:00:00,0.37524,0.21991
2023-06-11 06:00:00,0.74855,0.72685
2023-06-11 07:00:00,0.74855,0.72685
2023-06-11 08:00:00,0.74855,0.72454
2023-06-11 09:00:00,0.74855,0.72454
2023-06-11 10:00:00,0.74855,0.72454
2023-06-11 11:00:00,0.74855,0.72454
2023-06-11 12:00:00,0.74855,0.72685
2023-06-11 13:00:00,0.74662,0.72685
2023-06-11 14:00:00,0.75048,0.72454
2023-06-11 15:00:00,0.74855,0.72454
2023-06-11 16:00:00,0.74855,0.72454
2023-06-11 17:00:00,0.74855,0.72454
2023-06-11 18:00:00,0.74855,0.72685
2023-06-11 19:00:00,0.74855,0.72685
2023-06-11 20:00:00,0.74855,0.72685
2023-06-11 21:00:00,0.74855,0.72685
2023-06-11 22:00:00,0.74855,0.72685
2023-06-11 23:00:00,0.74855,0.72685
2023-06-12 00:00:00,0.74855,0.72454
2023-06-12 01:00:00,0.74855,0.72454
2023-06-12 02:00:00,0.74855,0.72454
2023-06-12 03:00:00,0.74855,0.72454
2023-06-12 04:00:00,0.74855,0.72454
2023-06-12 05:00:00,0.74855,0.72685
2023-06-12 06:00:00,0.74855,0.72917
2023-06-12 07:00:00,0.74855,0.72917
2023-06-12 08:00:00,0.74855,0.72685
2023-06-12 09:00:00,0.74662,0.72685
2023-06-12 10:00:00,0.74855,0.72685
2023-06-12 11:00:00,0.74855,0.72917
2023-06-12 12:00:00,0.74855,0.7338
2023-06-12 13:00:00,0.74662,0.7338
2023-06-12 14:00:00,0.74855,0.73148
2023-06-12 15:00:00,0.74662,0.73148
2023-06-12 16:00:00,0.74468,0.73148
2023-06-12 17:00:00,0.74662,0.72917
2023-06-12 18:00:00,0.74468,0.72917
2023-06-12 19:00:00,0.74468,0.72685
2023-06-12 20:00:00,0.74468,0.71991
2023-06-12 21:00:00,0.74275,0.71296
2023-06-12 22:00:00,0.74081,0.7037
2023-06-12 23:00:00,0.74081,0.69444
2023-06-13 00:00:00,0.74275,0.68981
2023-06-13 01:00:00,0.73694,0.68287
2023-06-13 02:00:00,0.73308,0.67361
2023-06-13 03:00:00,0.69826,0.72685
2023-06-13 04:00:00,0.69826,0.72685
2023-06-13 05:00:00,0.69826,0.72685
2023-06-13 06:00:00,0.69826,0.72685
2023-06-13 07:00:00,0.69826,0.72685
2023-06-13 08:00:00,0.69826,0.72685
2023-06-13 09:00:00,0.69826,0.72685
2023-06-13 10:00:00,0.69826,0.72685
2023-06-13 11:00:00,0.69826,0.72454
2023-06-13 12:00:00,0.69826,0.72685
2023-06-13 13:00:00,0.69826,0.72685
2023-06-13 14:00:00,0.69826,0.72685
2023-06-13 15:00:00,0.69826,0.72454
2023-06-13 16:00:00,0.69826,0.71991
2023-06-13 17:00:00,0.69826,0.71528
2023-06-13 18:00:00,0.69632,0.70833
2023-06-13 19:00:00,0.69632,0.69907
2023-06-13 20:00:00,0.69439,0.6875
2023-06-13 21:00:00,0.69439,0.6713
2023-06-13 22:00:00,0.69439,0.65741
2023-06-13 23:00:00,0.69632,0.6412
2023-06-14 00:00:00,0.69826,0.62731
2023-06-14 01:00:00,0.69826,0.61111
2023-06-14 02:00:00,0.70019,0.59491
2023-06-14 03:00:00,0.70019,0.58102
2023-06-14 04:00:00,0.70019,0.56481
2023-06-14 05:00:00,0.70019,0.55093
2023-06-14 06:00:00,0.69826,0.53935
2023-06-14 07:00:00,0.69826,0.52315
2023-06-14 08:00:00,0.69826,0.50231
2023-06-14 09:00:00,0.69826,0.47917
2023-06-14 10:00:00,0.70019,0.45602
2023-06-14 11:00:00,0.70019,0.43519
2023-06-14 12:00:00,0.70213,0.41435
2023-06-14 13:00:00,0.70406,0.39583
2023-06-14 14:00:00,0.70406,0.375
2023-06-14 15:00:00,0.706,0.35417
2023-06-14 16:00:00,0.706,0.33565
2023-06-14 17:00:00,0.706,0.31713
2023-06-14 18:00:00,0.706,0.29861
2023-06-14 19:00:00,0.706,0.28241
2023-06-14 20:00:00,0.70406,0.2662
2023-06-14 21:00:00,0.70406,0.25
2023-06-14 22:00:00,0.70213,0.23148
2023-06-14 23:00:00,0.70213,0.21759
2023-06-15 00:00:00,0.58414,0.78241
2023-06-15 01:00:00,0.58414,0.78241
2023-06-15 02:00:00,0.58414,0.78241
2023-06-15 03:00:00,0.58414,0.78241
2023-06-15 04:00:00,0.58607,0.78241
2023-06-15 05:00:00,0.58607,0.78009
2023-06-15 06:00:00,0.58994,0.77083
2023-06-15 07:00:00,0.59768,0.76157
2023-06-15 08:00:00,0.60155,0.75
2023-06-15 09:00:00,0.60155,0.73611
2023-06-15 10:00:00,0.58414,0.72685
2023-06-15 11:00:00,0.58221,0.71065
2023-06-15 12:00:00,0.58221,0.69444
2023-06-15 13:00:00,0.58994,0.67593
2023-06-15 14:00:00,0.59574,0.65509
2023-06-15 15:00:00,0.59961,0.63426
2023-06-15 16:00:00,0.60155,0.61343
2023-06-15 17:00:00,0.60348,0.59722
2023-06-15 18:00:00,0.60348,0.58102
2023-06-15 19:00:00,0.59961,0.56713
2023-06-15 20:00:00,0.59768,0.55324
2023-06-15 21:00:00,0.59574,0.53935
2023-06-15 22:00:00,0.59188,0.52546
2023-06-15 23:00:00,0.58607,0.50926
2023-06-16 00:00:00,0.58607,0.49074
2023-06-16 01:00:00,0.58607,0.46991
2023-06-16 02:00:00,0.58801,0.45139
2023-06-16 03:00:00,0.59188,0.42593
2023-06-16 04:00:00,0.59381,0.40509
2023-06-16 05:00:00,0.59381,0.38426
2023-06-16 06:00:00,0.59188,0.36343
2023-06-16 07:00:00,0.59188,0.34491
2023-06-16 08:00:00,0.59188,0.32176
2023-06-16 09:00:00,0.59188,0.30093
2023-06-16 10:00:00,0.58994,0.28009
2023-06-16 11:00:00,0.58801,0.25694
2023-06-16 12:00:00,0.58801,0.23611
2023-06-16 13:00:00,0.59188,0.21759
2023-06-16 14:00:00,0.59574,0.19676
2023-06-16 15:00:00,0.59574,0.17593
2023-06-16 16:00:00,0.59768,0.15741
2023-06-16 17:00:00,0.59574,0.14815
2023-06-16 18:00:00,0.59188,0.14815
2023-06-16 19:00:00,0.59188,0.15278
2023-06-16 20:00:00,0.59188,0.15046
2023-06-16 21:00:00,0.62476,0.78009
2023-06-16 22:00:00,0.62476,0.78009
2023-06-16 23:00:00,0.62863,0.77778
2023-06-17 00:00:00,0.62476,0.78009
2023-06-17 01:00:00,0.62282,0.78241
2023-06-17 02:00:00,0.62669,0.77778
2023-06-17 03:00:00,0.61315,0.77778
2023-06-17 04:00:00,0.61509,0.77083
2023-06-17 05:00:00,0.61315,0.7662
2023-06-17 06:00:00,0.61122,0.75463
2023-06-17 07:00:00,0.61702,0.74537
2023-06-17 08:00:00,0.61509,0.7338
2023-06-17 09:00:00,0.61702,0.72222
2023-06-17 10:00:00,0.61702,0.70833
2023-06-17 11:00:00,0.61509,0.69444
2023-06-17 12:00:00,0.61315,0.67593
2023-06-17 13:00:00,0.61315,0.66204
2023-06-17 14:00:00,0.61315,0.64815
2023-06-17 15:00:00,0.61315,0.63657
2023-06-17 16:00:00,0.61315,0.62037
2023-06-17 17:00:00,0.61702,0.60417
2023-06-17 18:00:00,0.61896,0.58796
2023-06-17 19:00:00,0.62282,0.56713
2023-06-17 20:00:00,0.62476,0.55324
2023-06-17 21:00:00,0.62669,0.53704
2023-06-17 22:00:00,0.63056,0.5162
2023-06-17 23:00:00,0.63056,0.49537
2023-06-18 00:00:00,0.63056,0.47454
2023-06-18 01:00:00,0.62863,0.4537
2023-06-18 02:00:00,0.62669,0.4375
2023-06-18 03:00:00,0.62476,0.41667
2023-06-18 04:00:00,0.62282,0.39583
2023-06-18 05:00:00,0.62089,0.37269
2023-06-18 06:00:00,0.62282,0.34491
2023-06-18 07:00:00,0.62282,0.32176
2023-06-18 08:00:00,0.62282,0.30787
2023-06-18 09:00:00,0.62282,0.28935
2023-06-18 10:00:00,0.62476,0.26852
2023-06-18 11:00:00,0.62476,0.24769
2023-06-18 12:00:00,0.62476,0.22685
2023-06-18 13:00:00,0.62089,0.20602
2023-06-18 14:00:00,0.61896,0.1875
2023-06-18 15:00:00,0.61702,0.16898
2023-06-18 16:00:00,0.61509,0.15046
2023-06-18 17:00:00,0.61315,0.13194
2023-06-18 18:00:00,0.67311,0.77315
2023-06-18 19:00:00,0.67311,0.77315
2023-06-18 20:00:00,0.67505,0.77315
2023-06-18 21:00:00,0.67505,0.77315
2023-06-18 22:00:00,0.67311,0.77315
2023-06-18 23:00:00,0.67311,0.77315
2023-06-19 00:00:00,0.67505,0.77315
2023-06-19 01:00:00,0.67698,0.76852
2023-06-19 02:00:00,0.67892,0.76389
2023-06-19 03:00:00,0.68085,0.75463
2023-06-19 04:00:00,0.68472,0.74074
2023-06-19 05:00:00,0.67118,0.7338
2023-06-19 06:00:00,0.66344,0.72222
2023-06-19 07:00:00,0.66151,0.70602
2023-06-19 08:00:00,0.66151,0.69213
2023-06-19 09:00:00,0.66538,0.68056
2023-06-19 10:00:00,0.66538,0.66898
2023-06-19 11:00:00,0.66538,0.65509
2023-06-19 12:00:00,0.66731,0.6412
2023-06-19 13:00:00,0.66731,0.625
2023-06-19 14:00:00,0.66925,0.61111
2023-06-19 15:00:00,0.66925,0.59954
2023-06-19 16:00:00,0.66731,0.58102
2023-06-19 17:00:00,0.66538,0.56713
2023-06-19 18:00:00,0.66151,0.55093
2023-06-19 19:00:00,0.66151,0.53472
2023-06-19 20:00:00,0.66151,0.51852
2023-06-19 21:00:00,0.66151,0.50463
2023-06-19 22:00:00,0.66151,0.48611
2023-06-19 23:00:00,0.66344,0.46759
2023-06-20 00:00:00,0.66925,0.44213
2023-06-20 01:00:00,0.67311,0.42361
2023-06-20 02:00:00,0.67698,0.39815
2023-06-20 03:00:00,0.68085,0.37963
2023-06-20 04:00:00,0.68279,0.3588
2023-06-20 05:00:00,0.68279,0.33796
2023-06-20 06:00:00,0.68279,0.32639
2023-06-20 07:00:00,0.68085,0.30556
2023-06-20 08:00:00,0.67698,0.28472
2023-06-20 09:00:00,0.67505,0.26852
2023-06-20 10:00:00,0.67118,0.25
2023-06-20 11:00:00,0.66925,0.2338
2023-06-20 12:00:00,0.66731,0.21759
2023-06-20 13:00:00,0.66731,0.20139
2023-06-20 14:00:00,0.66344,0.18519
2023-06-20 15:00:00,0.61315,0.75
2023-06-20 16:00:00,0.61509,0.74769
2023-06-20 17:00:00,0.61702,0.74306
2023-06-20 18:00:00,0.61509,0.73611
2023-06-20 19:00:00,0.61315,0.72917
2023-06-20 20:00:00,0.61509,0.72454
2023-06-20 21:00:00,0.59188,0.72454
2023-06-20 22:00:00,0.58994,0.72454
2023-06-20 23:00:00,0.58414,0.71528
2023-06-21 00:00:00,0.57834,0.70833
2023-06-21 01:00:00,0.57447,0.67824
2023-06-21 02:00:00,0.56867,0.65509
2023-06-21 03:00:00,0.56286,0.62963
2023-06-21 04:00:00,0.56093,0.60648
2023-06-21 05:00:00,0.55706,0.58796
2023-06-21 06:00:00,0.55513,0.56713
2023-06-21 07:00:00,0.54932,0.5463
2023-06-21 08:00:00,0.54352,0.52546
2023-06-21 09:00:00,0.53772,0.50463
2023-06-21 10:00:00,0.53385,0.48148
2023-06-21 11:00:00,0.53191,0.46296
2023-06-21 12:00:00,0.53385,0.44213
2023-06-21 13:00:00,0.53578,0.42361
2023-06-21 14:00:00,0.53772,0.40509
2023-06-21 15:00:00,0.54545,0.38426
2023-06-21 16:00:00,0.54739,0.36574
2023-06-21 17:00:00,0.55319,0.34722
2023-06-21 18:00:00,0.55706,0.33102
2023-06-21 19:00:00,0.56093,0.31481
2023-06-21 20:00:00,0.56673,0.2963
2023-06-21 21:00:00,0.57253,0.27778
2023-06-21 22:00:00,0.57447,0.26157
2023-06-21 23:00:00,0.58027,0.24537
2023-06-22 00:00:00,0.58414,0.23148
2023-06-22 01:00:00,0.58607,0.21528
2023-06-22 02:00:00,0.59188,0.19907
2023-06-22 03:00:00,0.59188,0.18287
2023-06-22 04:00:00,0.59188,0.16667
2023-06-22 05:00:00,0.59381,0.15046
2023-06-22 06:00:00,0.59188,0.13426
2023-06-22 07:00:00,0.59188,0.125
2023-06-22 08:00:00,0.58994,0.11574
2023-06-22 09:00:00,0.58994,0.11111
2023-06-22 10:00:00,0.58994,0.1088
2023-06-22 11:00:00,0.58607,0.1088
2023-06-22 12:00:00,0.52031,0.75
2023-06-22 13:00:00,0.52611,0.75231
2023-06-22 14:00:00,0.53385,0.75
2023-06-22 15:00:00,0.52805,0.75463
2023-06-22 16:00:00,0.53191,0.74537
2023-06-22 17:00:00,0.52611,0.75
2023-06-22 18:00:00,0.52611,0.74306
2023-06-22 19:00:00,0.52611,0.73843
2023-06-22 20:00:00,0.52224,0.73611
2023-06-22 21:00:00,0.52031,0.72917
2023-06-22 22:00:00,0.52031,0.72222
2023-06-22 23:00:00,0.51838,0.71528
2023-06-23 00:00:00,0.51838,0.70833
2023-06-23 01:00:00,0.52031,0.7037
2023-06-23 02:00:00,0.52224,0.70139
2023-06-23 03:00:00,0.52418,0.68981
2023-06-23 04:00:00,0.52611,0.68287
2023-06-23 05:00:00,0.52805,0.67361
2023-06-23 06:00:00,0.52611,0.66667
2023-06-23 07:00:00,0.52805,0.65509
2023-06-23 08:00:00,0.52611,0.64583
2023-06-23 09:00:00,0.52611,0.63426
2023-06-23 10:00:00,0.52611,0.62037
2023-06-23 11:00:00,0.52611,0.6088
2023-06-23 12:00:00,0.52805,0.59722
2023-06-23 13:00:00,0.52998,0.58333
2023-06-23 14:00:00,0.53385,0.56944
2023-06-23 15:00:00,0.53578,0.55787
2023-06-23 16:00:00,0.53772,0.54398
2023-06-23 17:00:00,0.53965,0.53009
2023-06-23 18:00:00,0.53965,0.51852
2023-06-23 19:00:00,0.54159,0.50463
2023-06-23 20:00:00,0.54159,0.49306
2023-06-23 21:00:00,0.54159,0.47685
2023-06-23 22:00:00,0.54159,0.46065
2023-06-23 23:00:00,0.53965,0.44676
2023-06-24 00:00:00,0.53965,0.43056
2023-06-24 01:00:00,0.53965,0.41435
2023-06-24 02:00:00,0.53965,0.39815
2023-06-24 03:00:00,0.53965,0.37963
2023-06-24 04:00:00,0.53772,0.36806
2023-06-24 05:00:00,0.53772,0.34954
2023-06-24 06:00:00,0.53578,0.33565
2023-06-24 07:00:00,0.53578,0.31944
2023-06-24 08:00:00,0.53385,0.30324
2023-06-24 09:00:00,0.41199,0.80324
2023-06-24 10:00:00,0.41006,0.80324
2023-06-24 11:00:00,0.40812,0.80556
2023-06-24 12:00:00,0.41006,0.80324
2023-06-24 13:00:00,0.41006,0.80324
2023-06-24 14:00:00,0.40812,0.80324
2023-06-24 15:00:00,0.40812,0.80093
2023-06-24 16:00:00,0.40619,0.79398
2023-06-24 17:00:00,0.40039,0.77546
2023-06-24 18:00:00,0.38491,0.75694
2023-06-24 19:00:00,0.37331,0.72454
2023-06-24 20:00:00,0.3559,0.69676
2023-06-24 21:00:00,0.34043,0.66898
2023-06-24 22:00:00,0.32689,0.64815
2023-06-24 23:00:00,0.31915,0.63194
2023-06-25 00:00:00,0.31335,0.61111
2023-06-25 01:00:00,0.31141,0.58565
2023-06-25 02:00:00,0.30561,0.56481
2023-06-25 03:00:00,0.30368,0.54398
2023-06-25 04:00:00,0.29787,0.52778
2023-06-25 05:00:00,0.294,0.50694
2023-06-25 06:00:00,0.29014,0.4838
2023-06-25 07:00:00,0.28627,0.46759
2023-06-25 08:00:00,0.28433,0.44676
2023-06-25 09:00:00,0.2824,0.43287
2023-06-25 10:00:00,0.28046,0.4213
2023-06-25 11:00:00,0.2766,0.40741
2023-06-25 12:00:00,0.27273,0.3912
2023-06-25 13:00:00,0.27079,0.37269
2023-06-25 14:00:00,0.26692,0.35648
2023-06-25 15:00:00,0.26306,0.34028
2023-06-25 16:00:00,0.26112,0.33102
2023-06-25 17:00:00,0.25919,0.31713
2023-06-25 18:00:00,0.25532,0.30787
2023-06-25 19:00:00,0.24952,0.29861
2023-06-25 20:00:00,0.25145,0.28704
2023-06-25 21:00:00,0.24952,0.28472
2023-06-25 22:00:00,0.24952,0.27778
2023-06-25 23:00:00,0.24952,0.27315
2023-06-26 00:00:00,0.24565,0.27315
2023-06-26 01:00:00,0.24565,0.27315
2023-06-26 02:00:00,0.24565,0.27778
2023-06-26 03:00:00,0.24565,0.28009
2023-06-26 04:00:00,0.24758,0.27778
2023-06-26 05:00:00,0.24758,0.27778
2023-06-26 06:00:00,0.40426,0.83333
2023-06-26 07:00:00,0.40426,0.83333
2023-06-26 08:00:00,0.40426,0.83333
2023-06-26 09:00:00,0.40426,0.83333
2023-06-26 10:00:00,0.40619,0.83102
2023-06-26 11:00:00,0.40619,0.83102
2023-06-26 12:00:00,0.40619,0.83102
2023-06-26 13:00:00,0.40619,0.83102
2023-06-26 14:00:00,0.40426,0.83102
2023-06-26 15:00:00,0.40426,0.83102
2023-06-26 16:00:00,0.40426,0.83102
2023-06-26 17:00:00,0.40426,0.83102
2023-06-26 18:00:00,0.40426,0.83102
2023-06-26 19:00:00,0.40426,0.8287
2023-06-26 20:00:00,0.40426,0.82639
2023-06-26 21:00:00,0.40426,0.82407
2023-06-26 22:00:00,0.40426,0.81944
2023-06-26 23:00:00,0.40619,0.81713
2023-06-27 00:00:00,0.40426,0.81019
2023-06-27 01:00:00,0.40039,0.80324
2023-06-27 02:00:00,0.40039,0.79398
2023-06-27 03:00:00,0.40039,0.78472
2023-06-27 04:00:00,0.39652,0.77546
2023-06-27 05:00:00,0.39652,0.76157
2023-06-27 06:00:00,0.39458,0.75
2023-06-27 07:00:00,0.39265,0.73611
2023-06-27 08:00:00,0.39072,0.72222
2023-06-27 09:00:00,0.38878,0.70833
2023-06-27 10:00:00,0.37911,0.69907
2023-06-27 11:00:00,0.37331,0.68287
2023-06-27 12:00:00,0.36364,0.67361
2023-06-27 13:00:00,0.35783,0.66204
2023-06-27 14:00:00,0.3501,0.65046
2023-06-27 15:00:00,0.34429,0.63889
2023-06-27 16:00:00,0.33849,0.63194
2023-06-27 17:00:00,0.33075,0.625
2023-06-27 18:00:00,0.32882,0.62037
2023-06-27 19:00:00,0.32689,0.6088
2023-06-27 20:00:00,0.32495,0.59722
2023-06-27 21:00:00,0.32689,0.58333
2023-06-27 22:00:00,0.32882,0.57176
2023-06-27 23:00:00,0.32882,0.55787
2023-06-28 00:00:00,0.33075,0.54398
2023-06-28 01:00:00,0.33075,0.53009
2023-06-28 02:00:00,0.33075,0.5162
2023-06-28 03:00:00,0.39845,0.80324
2023-06-28 04:00:00,0.39652,0.80324
2023-06-28 05:00:00,0.39652,0.80324
2023-06-28 06:00:00,0.39458,0.80324
2023-06-28 07:00:00,0.39652,0.80324
2023-06-28 08:00:00,0.39652,0.80324
2023-06-28 09:00:00,0.39652,0.80324
2023-06-28 10:00:00,0.39652,0.80324
2023-06-28 11:00:00,0.39652,0.80093
2023-06-28 12:00:00,0.39652,0.80093
2023-06-28 13:00:00,0.39652,0.80093
2023-06-28 14:00:00,0.39652,0.80093
2023-06-28 15:00:00,0.39652,0.80093
2023-06-28 16:00:00,0.39652,0.79861
2023-06-28 17:00:00,0.39652,0.79861
2023-06-28 18:00:00,0.39458,0.79398
2023-06-28 19:00:00,0.39072,0.78935
2023-06-28 20:00:00,0.38491,0.78472
2023-06-28 21:00:00,0.37911,0.77778
2023-06-28 22:00:00,0.37331,0.77083
2023-06-28 23:00:00,0.3675,0.76157
2023-06-29 00:00:00,0.36944,0.75463
2023-06-29 01:00:00,0.37524,0.74537
2023-06-29 02:00:00,0.37137,0.7338
2023-06-29 03:00:00,0.36944,0.72222
2023-06-29 04:00:00,0.3559,0.71759
2023-06-29 05:00:00,0.3501,0.70833
2023-06-29 06:00:00,0.34236,0.69676
2023-06-29 07:00:00,0.33656,0.68519
2023-06-29 08:00:00,0.33269,0.6713
2023-06-29 09:00:00,0.32689,0.65972
2023-06-29 10:00:00,0.32302,0.64583
2023-06-29 11:00:00,0.31528,0.63657
2023-06-29 12:00:00,0.31141,0.62269
2023-06-29 13:00:00,0.30368,0.61343
2023-06-29 14:00:00,0.29787,0.59954
2023-06-29 15:00:00,0.29014,0.58796
2023-06-29 16:00:00,0.2824,0.5787
2023-06-29 17:00:00,0.27466,0.57639
2023-06-29 18:00:00,0.26886,0.56481
2023-06-29 19:00:00,0.26499,0.55093
2023-06-29 20:00:00,0.25919,0.54167
2023-06-29 21:00:00,0.25532,0.53241
2023-06-29 22:00:00,0.25145,0.51852
2023-06-29 23:00:00,0.24758,0.50231
2023-06-30 00:00:00,0.69439,0.39352
2023-06-30 01:00:00,0.69246,0.39352
2023-06-30 02:00:00,0.69246,0.39352
2023-06-30 03:00:00,0.69246,0.3912
2023-06-30 04:00:00,0.69246,0.39352
2023-06-30 05:00:00,0.69246,0.3912
2023-06-30 06:00:00,0.69052,0.38657
2023-06-30 07:00:00,0.69246,0.38657
2023-06-30 08:00:00,0.69826,0.38426
2023-06-30 09:00:00,0.69246,0.38426
2023-06-30 10:00:00,0.68472,0.37963
2023-06-30 11:00:00,0.68665,0.38194
2023-06-30 12:00:00,0.68859,0.37731
2023-06-30 13:00:00,0.68085,0.37731
2023-06-30 14:00:00,0.68279,0.37963
2023-06-30 15:00:00,0.68665,0.37731
2023-06-30 16:00:00,0.67698,0.37731
2023-06-30 17:00:00,0.67118,0.37269
2023-06-30 18:00:00,0.67698,0.375
2023-06-30 19:00:00,0.67892,0.375
2023-06-30 20:00:00,0.67311,0.37269
2023-06-30 21:00:00,0.67118,0.37269
2023-06-30 22:00:00,0.67892,0.375
2023-06-30 23:00:00,0.67698,0.375
2023-07-01 00:00:00,0.66731,0.37037
2023-07-01 01:00:00,0.67118,0.37269
2023-07-01 02:00:00,0.67698,0.37269
2023-07-01 03:00:00,0.67118,0.37269
2023-07-01 04:00:00,0.66344,0.37037
2023-07-01 05:00:00,0.66925,0.37037
2023-07-01 06:00:00,0.66731,0.36574
2023-07-01 07:00:00,0.65957,0.36574
2023-07-01 08:00:00,0.65764,0.36806
2023-07-01 09:00:00,0.66731,0.37269
2023-07-01 10:00:00,0.66538,0.37037
2023-07-01 11:00:00,0.65571,0.36574
2023-07-01 12:00:00,0.66344,0.37037
2023-07-01 13:00:00,0.66925,0.36806
2023-07-01 14:00:00,0.66151,0.36806
2023-07-01 15:00:00,0.65764,0.36574
2023-07-01 16:00:00,0.66731,0.36806
2023-07-01 17:00:00,0.66538,0.37037
2023-07-01 18:00:00,0.65571,0.36574
2023-07-01 19:00:00,0.66151,0.37037
2023-07-01 20:00:00,0.66344,0.36574
2023-07-01 21:00:00,0.74662,0.38889
2023-07-01 22:00:00,0.73888,0.38426
2023-07-01 23:00:00,0.73308,0.37963
2023-07-02 00:00:00,0.73694,0.37963
2023-07-02 01:00:00,0.74275,0.38889
2023-07-02 02:00:00,0.73888,0.38889
2023-07-02 03:00:00,0.72921,0.38426
2023-07-02 04:00:00,0.72727,0.38889
2023-07-02 05:00:00,0.73308,0.3912
2023-07-02 06:00:00,0.72727,0.38657
2023-07-02 07:00:00,0.7234,0.38657
2023-07-02 08:00:00,0.73308,0.3912
2023-07-02 09:00:00,0.73501,0.3912
2023-07-02 10:00:00,0.7234,0.38657
2023-07-02 11:00:00,0.72921,0.3912
2023-07-02 12:00:00,0.73114,0.3912
2023-07-02 13:00:00,0.71954,0.38194
2023-07-02 14:00:00,0.7176,0.38194
2023-07-02 15:00:00,0.72727,0.3912
2023-07-02 16:00:00,0.72727,0.3912
2023-07-02 17:00:00,0.71954,0.38426
2023-07-02 18:00:00,0.71954,0.38426
2023-07-02 19:00:00,0.73308,0.3912
2023-07-02 20:00:00,0.72727,0.38889
2023-07-02 21:00:00,0.7176,0.38194
2023-07-02 22:00:00,0.7234,0.38889
2023-07-02 23:00:00,0.72727,0.3912
2023-07-03 00:00:00,0.7176,0.38657
2023-07-03 01:00:00,0.71373,0.38657
2023-07-03 02:00:00,0.72534,0.39352
2023-07-03 03:00:00,0.7234,0.39352
2023-07-03 04:00:00,0.71373,0.38657
2023-07-03 05:00:00,0.7176,0.3912
2023-07-03 06:00:00,0.72727,0.39583
2023-07-03 07:00:00,0.72534,0.39352
2023-07-03 08:00:00,0.71954,0.38657
2023-07-03 09:00:00,0.72727,0.39352
2023-07-03 10:00:00,0.72921,0.39352
2023-07-03 11:00:00,0.71954,0.38657
2023-07-03 12:00:00,0.7176,0.38657
2023-07-03 13:00:00,0.72727,0.39352
2023-07-03 14:00:00,0.72147,0.38889
2023-07-03 15:00:00,0.70986,0.37963
2023-07-03 16:00:00,0.71373,0.38194
2023-07-03 17:00:00,0.7234,0.38889
2023-07-03 18:00:00,0.65957,0.46991
2023-07-03 19:00:00,0.65571,0.46991
2023-07-03 20:00:00,0.66151,0.47222
2023-07-03 21:00:00,0.66344,0.46991
2023-07-03 22:00:00,0.65957,0.46759
2023-07-03 23:00:00,0.66151,0.46991
2023-07-04 00:00:00,0.66731,0.46991
2023-07-04 01:00:00,0.66344,0.46991
2023-07-04 02:00:00,0.66151,0.46991
2023-07-04 03:00:00,0.66731,0.46991
2023-07-04 04:00:00,0.67118,0.46991
2023-07-04 05:00:00,0.66538,0.46759
2023-07-04 06:00:00,0.66925,0.46759
2023-07-04 07:00:00,0.67311,0.46528
2023-07-04 08:00:00,0.66538,0.46528
2023-07-04 09:00:00,0.66344,0.46528
2023-07-04 10:00:00,0.66731,0.46759
2023-07-04 11:00:00,0.66731,0.46991
2023-07-04 12:00:00,0.66731,0.46991
2023-07-04 13:00:00,0.67311,0.46991
2023-07-04 14:00:00,0.67311,0.46991
2023-07-04 15:00:00,0.66731,0.46991
2023-07-04 16:00:00,0.67311,0.47222
2023-07-04 17:00:00,0.67698,0.47222
2023-07-04 18:00:00,0.67118,0.46991
2023-07-04 19:00:00,0.67311,0.47222
2023-07-04 20:00:00,0.67698,0.47454
2023-07-04 21:00:00,0.67311,0.46991
2023-07-04 22:00:00,0.66538,0.46759
2023-07-04 23:00:00,0.67118,0.47222
2023-07-05 00:00:00,0.67118,0.46991
2023-07-05 01:00:00,0.66538,0.46759
2023-07-05 02:00:00,0.66731,0.46991
2023-07-05 03:00:00,0.66925,0.46991
2023-07-05 04:00:00,0.66344,0.46528
2023-07-05 05:00:00,0.66151,0.46759
2023-07-05 06:00:00,0.66925,0.46991
2023-07-05 07:00:00,0.66925,0.46759
2023-07-05 08:00:00,0.66344,0.46759
2023-07-05 09:00:00,0.66538,0.47222
2023-07-05 10:00:00,0.66925,0.46991
2023-07-05 11:00:00,0.66151,0.46759
2023-07-05 12:00:00,0.65957,0.46528
2023-07-05 13:00:00,0.66344,0.46759
2023-07-05 14:00:00,0.66731,0.46759
2023-07-05 15:00:00,0.71954,0.39583
2023-07-05 16:00:00,0.71954,0.39583
2023-07-05 17:00:00,0.71954,0.39352
2023-07-05 18:00:00,0.71954,0.39583
2023-07-05 19:00:00,0.71954,0.39352
2023-07-05 20:00:00,0.71954,0.39352
2023-07-05 21:00:00,0.71954,0.39583
2023-07-05 22:00:00,0.72147,0.39583
2023-07-05 23:00:00,0.71954,0.39583
2023-07-06 00:00:00,0.71954,0.39352
2023-07-06 01:00:00,0.71954,0.39583
2023-07-06 02:00:00,0.71954,0.39583
2023-07-06 03:00:00,0.71954,0.39352
2023-07-06 04:00:00,0.71954,0.39583
2023-07-06 05:00:00,0.71954,0.39583
2023-07-06 06:00:00,0.7176,0.39352
2023-07-06 07:00:00,0.71954,0.39352
2023-07-06 08:00:00,0.7234,0.39352
2023-07-06 09:00:00,0.70793,0.37269
2023-07-06 10:00:00,0.70019,0.37731
2023-07-06 11:00:00,0.7118,0.38194
2023-07-06 12:00:00,0.7234,0.38194
2023-07-06 13:00:00,0.73114,0.37731
2023-07-06 14:00:00,0.72147,0.36574
2023-07-06 15:00:00,0.70986,0.36343
2023-07-06 16:00:00,0.71954,0.37269
2023-07-06 17:00:00,0.73114,0.37269
2023-07-06 18:00:00,0.73694,0.375
2023-07-06 19:00:00,0.7234,0.36343
2023-07-06 20:00:00,0.70986,0.35648
2023-07-06 21:00:00,0.7176,0.37037
2023-07-06 22:00:00,0.73694,0.37269
2023-07-06 23:00:00,0.74275,0.37269
2023-07-07 00:00:00,0.73114,0.3588
2023-07-07 01:00:00,0.71954,0.35648
2023-07-07 02:00:00,0.72534,0.36806
2023-07-07 03:00:00,0.73501,0.37037
2023-07-07 04:00:00,0.73888,0.37269
2023-07-07 05:00:00,0.72921,0.36806
2023-07-07 06:00:00,0.71567,0.35648
2023-07-07 07:00:00,0.7176,0.36343
2023-07-07 08:00:00,0.73501,0.37269
2023-07-07 09:00:00,0.74468,0.37037
2023-07-07 10:00:00,0.74468,0.36574
2023-07-07 11:00:00,0.73114,0.34954
2023-07-07 12:00:00,0.73501,0.47685
2023-07-07 13:00:00,0.73501,0.47454
2023-07-07 14:00:00,0.72921,0.47685
2023-07-07 15:00:00,0.70213,0.47222
2023-07-07 16:00:00,0.68279,0.46991
2023-07-07 17:00:00,0.70213,0.47222
2023-07-07 18:00:00,0.71373,0.47222
2023-07-07 19:00:00,0.69052,0.46296
2023-07-07 20:00:00,0.65957,0.46296
2023-07-07 21:00:00,0.66925,0.45833
2023-07-07 22:00:00,0.70793,0.45833
2023-07-07 23:00:00,0.7176,0.46065
2023-07-08 00:00:00,0.68472,0.4537
2023-07-08 01:00:00,0.66538,0.45139
2023-07-08 02:00:00,0.69439,0.4537
2023-07-08 03:00:00,0.72534,0.45602
2023-07-08 04:00:00,0.7118,0.44907
2023-07-08 05:00:00,0.67698,0.44907
2023-07-08 06:00:00,0.67311,0.4537
2023-07-08 07:00:00,0.706,0.45602
2023-07-08 08:00:00,0.71954,0.45833
2023-07-08 09:00:00,0.69246,0.4537
2023-07-08 10:00:00,0.66151,0.4537
2023-07-08 11:00:00,0.68279,0.4537
2023-07-08 12:00:00,0.71954,0.4537
2023-07-08 13:00:00,0.7118,0.45139
2023-07-08 14:00:00,0.67311,0.44907
2023-07-08 15:00:00,0.66731,0.44907
2023-07-08 16:00:00,0.70793,0.4537
2023-07-08 17:00:00,0.72534,0.45602
2023-07-08 18:00:00,0.69246,0.45139
2023-07-08 19:00:00,0.65764,0.4537
2023-07-08 20:00:00,0.66925,0.45602
2023-07-08 21:00:00,0.70406,0.45602
2023-07-08 22:00:00,0.706,0.45602
2023-07-08 23:00:00,0.67698,0.45139
2023-07-09 00:00:00,0.66344,0.45139
2023-07-09 01:00:00,0.69246,0.45139
2023-07-09 02:00:00,0.7176,0.45602
2023-07-09 03:00:00,0.706,0.4537
2023-07-09 04:00:00,0.67311,0.44907
2023-07-09 05:00:00,0.67505,0.45139
2023-07-09 06:00:00,0.70793,0.45139
2023-07-09 07:00:00,0.7234,0.4537
2023-07-09 08:00:00,0.70019,0.44907
2023-07-09 09:00:00,0.65571,0.61806
2023-07-09 10:00:00,0.65571,0.61806
2023-07-09 11:00:00,0.65571,0.61806
2023-07-09 12:00:00,0.65571,0.61806
2023-07-09 13:00:00,0.65571,0.61806
2023-07-09 14:00:00,0.65571,0.61806
2023-07-09 15:00:00,0.65571,0.61574
2023-07-09 16:00:00,0.65571,0.61574
2023-07-09 17:00:00,0.65571,0.61806
2023-07-09 18:00:00,0.65377,0.61806
2023-07-09 19:00:00,0.65184,0.6088
2023-07-09 20:00:00,0.65377,0.60185
2023-07-09 21:00:00,0.65764,0.59491
2023-07-09 22:00:00,0.65571,0.59491
2023-07-09 23:00:00,0.65184,0.59722
2023-07-10 00:00:00,0.64797,0.59722
2023-07-10 01:00:00,0.6499,0.60648
2023-07-10 02:00:00,0.64797,0.6088
2023-07-10 03:00:00,0.65184,0.60648
2023-07-10 04:00:00,0.65571,0.6088
2023-07-10 05:00:00,0.65957,0.60417
2023-07-10 06:00:00,0.66344,0.59028
2023-07-10 07:00:00,0.66925,0.58333
2023-07-10 08:00:00,0.66925,0.58565
2023-07-10 09:00:00,0.66538,0.59028
2023-07-10 10:00:00,0.66538,0.59954
2023-07-10 11:00:00,0.66344,0.60417
2023-07-10 12:00:00,0.66538,0.60417
2023-07-10 13:00:00,0.66731,0.60185
2023-07-10 14:00:00,0.66925,0.59028
2023-07-10 15:00:00,0.67505,0.58102
2023-07-10 16:00:00,0.66925,0.57407
2023-07-10 17:00:00,0.67118,0.57407
2023-07-10 18:00:00,0.67892,0.58102
2023-07-10 19:00:00,0.66925,0.58796
2023-07-10 20:00:00,0.67118,0.60417
2023-07-10 21:00:00,0.67311,0.60648
2023-07-10 22:00:00,0.67505,0.60417
2023-07-10 23:00:00,0.67505,0.59491
2023-07-11 00:00:00,0.68085,0.58333
2023-07-11 01:00:00,0.68859,0.5787
2023-07-11 02:00:00,0.68859,0.57639
2023-07-11 03:00:00,0.68665,0.58102
2023-07-11 04:00:00,0.68279,0.59028
2023-07-11 05:00:00,0.68665,0.60185
2023-07-11 06:00:00,0.70793,0.53472
2023-07-11 07:00:00,0.70793,0.53472
2023-07-11 08:00:00,0.70793,0.53241
2023-07-11 09:00:00,0.70793,0.53472
2023-07-11 10:00:00,0.70793,0.53472
2023-07-11 11:00:00,0.70793,0.53704
2023-07-11 12:00:00,0.70406,0.51852
2023-07-11 13:00:00,0.70019,0.50231
2023-07-11 14:00:00,0.68665,0.5
2023-07-11 15:00:00,0.67311,0.52315
2023-07-11 16:00:00,0.67505,0.50463
2023-07-11 17:00:00,0.69052,0.48611
2023-07-11 18:00:00,0.68665,0.5
2023-07-11 19:00:00,0.69439,0.53241
2023-07-11 20:00:00,0.69246,0.50926
2023-07-11 21:00:00,0.70793,0.49074
2023-07-11 22:00:00,0.69826,0.48843
2023-07-11 23:00:00,0.68665,0.51852
2023-07-12 00:00:00,0.68085,0.52315
2023-07-12 01:00:00,0.66925,0.49537
2023-07-12 02:00:00,0.68665,0.48611
2023-07-12 03:00:00,0.67118,0.48611
2023-07-12 04:00:00,0.67505,0.52315
2023-07-12 05:00:00,0.67118,0.51389
2023-07-12 06:00:00,0.67311,0.48843
2023-07-12 07:00:00,0.68085,0.4838
2023-07-12 08:00:00,0.67698,0.51157
2023-07-12 09:00:00,0.67311,0.51389
2023-07-12 10:00:00,0.66925,0.49306
2023-07-12 11:00:00,0.67311,0.4838
2023-07-12 12:00:00,0.66731,0.5
2023-07-12 13:00:00,0.66925,0.51157
2023-07-12 14:00:00,0.66731,0.4838
2023-07-12 15:00:00,0.68279,0.47685
2023-07-12 16:00:00,0.67505,0.48843
2023-07-12 17:00:00,0.68085,0.51852
2023-07-12 18:00:00,0.67892,0.50463
2023-07-12 19:00:00,0.67505,0.48843
2023-07-12 20:00:00,0.67698,0.49537
2023-07-12 21:00:00,0.68085,0.51852
2023-07-12 22:00:00,0.67698,0.50694
2023-07-12 23:00:00,0.68085,0.48611
2023-07-13 00:00:00,0.67892,0.49074
2023-07-13 01:00:00,0.68665,0.51852
2023-07-13 02:00:00,0.68472,0.51389
2023-07-13 03:00:00,0.67311,0.53009
2023-07-13 04:00:00,0.67311,0.53009
2023-07-13 05:00:00,0.67505,0.53009
2023-07-13 06:00:00,0.67311,0.52778
2023-07-13 07:00:00,0.67311,0.52778
2023-07-13 08:00:00,0.67505,0.52778
2023-07-13 09:00:00,0.67505,0.52778
2023-07-13 10:00:00,0.67118,0.5162
2023-07-13 11:00:00,0.66731,0.50926
2023-07-13 12:00:00,0.66538,0.5162
2023-07-13 13:00:00,0.66538,0.52778
2023-07-13 14:00:00,0.66731,0.52083
2023-07-13 15:00:00,0.66344,0.5
2023-07-13 16:00:00,0.66538,0.50231
2023-07-13 17:00:00,0.66925,0.52546
2023-07-13 18:00:00,0.66731,0.50694
2023-07-13 19:00:00,0.66538,0.5
2023-07-13 20:00:00,0.66731,0.50694
2023-07-13 21:00:00,0.66925,0.52778
2023-07-13 22:00:00,0.66731,0.51389
2023-07-13 23:00:00,0.66538,0.50231
2023-07-14 00:00:00,0.66925,0.5
2023-07-14 01:00:00,0.67311,0.52083
2023-07-14 02:00:00,0.67311,0.52546
2023-07-14 03:00:00,0.66731,0.50694
2023-07-14 04:00:00,0.67118,0.50926
2023-07-14 05:00:00,0.67698,0.53241
2023-07-14 06:00:00,0.67505,0.52778
2023-07-14 07:00:00,0.66731,0.50694
2023-07-14 08:00:00,0.66731,0.50463
2023-07-14 09:00:00,0.66925,0.52315
2023-07-14 10:00:00,0.66925,0.52778
2023-07-14 11:00:00,0.66538,0.50463
2023-07-14 12:00:00,0.66925,0.50231
2023-07-14 13:00:00,0.66925,0.50463
2023-07-14 14:00:00,0.67505,0.52778
2023-07-14 15:00:00,0.67311,0.52778
2023-07-14 16:00:00,0.66925,0.50231
2023-07-14 17:00:00,0.66925,0.50231
2023-07-14 18:00:00,0.67505,0.52546
2023-07-14 19:00:00,0.67505,0.52778
2023-07-14 20:00:00,0.67311,0.50463
2023-07-14 21:00:00,0.67892,0.49769
2023-07-14 22:00:00,0.67698,0.5
2023-07-14 23:00:00,0.68085,0.52315
2023-07-15 00:00:00,0.38491,0.5162
2023-07-15 01:00:00,0.38491,0.51852
2023-07-15 02:00:00,0.38491,0.51852
2023-07-15 03:00:00,0.38491,0.51852
2023-07-15 04:00:00,0.38491,0.52083
2023-07-15 05:00:00,0.38491,0.51852
2023-07-15 06:00:00,0.38491,0.51852
2023-07-15 07:00:00,0.38298,0.51852
2023-07-15 08:00:00,0.38298,0.51852
2023-07-15 09:00:00,0.38298,0.51852
2023-07-15 10:00:00,0.38491,0.51852
2023-07-15 11:00:00,0.38298,0.5162
2023-07-15 12:00:00,0.38491,0.51852
2023-07-15 13:00:00,0.38298,0.51852
2023-07-15 14:00:00,0.38491,0.5162
2023-07-15 15:00:00,0.38878,0.51157
2023-07-15 16:00:00,0.38685,0.50463
2023-07-15 17:00:00,0.38298,0.50694
2023-07-15 18:00:00,0.37524,0.50926
2023-07-15 19:00:00,0.36944,0.47917
2023-07-15 20:00:00,0.37137,0.46759
2023-07-15 21:00:00,0.37524,0.53009
2023-07-15 22:00:00,0.37331,0.5162
2023-07-15 23:00:00,0.37524,0.51157
2023-07-16 00:00:00,0.36944,0.51389
2023-07-16 01:00:00,0.36557,0.52083
2023-07-16 02:00:00,0.37137,0.52546
2023-07-16 03:00:00,0.36557,0.53472
2023-07-16 04:00:00,0.35783,0.51389
2023-07-16 05:00:00,0.35203,0.50694
2023-07-16 06:00:00,0.34043,0.50231
2023-07-16 07:00:00,0.32689,0.50463
2023-07-16 08:00:00,0.31915,0.5162
2023-07-16 09:00:00,0.33462,0.4537
2023-07-16 10:00:00,0.32689,0.5
2023-07-16 11:00:00,0.31915,0.51852
2023-07-16 12:00:00,0.32689,0.50926
2023-07-16 13:00:00,0.32302,0.51389
2023-07-16 14:00:00,0.31335,0.52083
2023-07-16 15:00:00,0.31141,0.53704
2023-07-16 16:00:00,0.32689,0.48148
2023-07-16 17:00:00,0.30368,0.52546
2023-07-16 18:00:00,0.31141,0.49306
2023-07-16 19:00:00,0.31141,0.49769
2023-07-16 20:00:00,0.30754,0.50231
2023-07-16 21:00:00,0.52805,0.47917
2023-07-16 22:00:00,0.52611,0.47917
2023-07-16 23:00:00,0.52805,0.47685
2023-07-17 00:00:00,0.52611,0.47917
2023-07-17 01:00:00,0.52611,0.47917
2023-07-17 02:00:00,0.52418,0.47917
2023-07-17 03:00:00,0.52418,0.47917
2023-07-17 04:00:00,0.52418,0.47685
2023-07-17 05:00:00,0.52224,0.47917
2023-07-17 06:00:00,0.52224,0.47685
2023-07-17 07:00:00,0.52224,0.47454
2023-07-17 08:00:00,0.52611,0.46991
2023-07-17 09:00:00,0.52611,0.46528
2023-07-17 10:00:00,0.53191,0.46528
2023-07-17 11:00:00,0.53191,0.46759
2023-07-17 12:00:00,0.52805,0.46759
2023-07-17 13:00:00,0.51644,0.47917
2023-07-17 14:00:00,0.50677,0.42824
2023-07-17 15:00:00,0.50677,0.43056
2023-07-17 16:00:00,0.50677,0.47917
2023-07-17 17:00:00,0.51644,0.46759
2023-07-17 18:00:00,0.51257,0.46528
2023-07-17 19:00:00,0.49903,0.47917
2023-07-17 20:00:00,0.48936,0.4213
2023-07-17 21:00:00,0.48743,0.42593
2023-07-17 22:00:00,0.4971,0.48611
2023-07-17 23:00:00,0.51064,0.47454
2023-07-18 00:00:00,0.51064,0.47454
2023-07-18 01:00:00,0.50097,0.46991
2023-07-18 02:00:00,0.47582,0.44907
2023-07-18 03:00:00,0.47389,0.41898
2023-07-18 04:00:00,0.46422,0.4213
2023-07-18 05:00:00,0.47389,0.47685
2023-07-18 06:00:00,0.47776,0.46991
2023-07-18 07:00:00,0.47389,0.46759
2023-07-18 08:00:00,0.46422,0.46759
2023-07-18 09:00:00,0.45261,0.46759
2023-07-18 10:00:00,0.44101,0.44444
2023-07-18 11:00:00,0.44101,0.48148
2023-07-18 12:00:00,0.44874,0.46759
2023-07-18 13:00:00,0.44874,0.46991
2023-07-18 14:00:00,0.44101,0.46759
2023-07-18 15:00:00,0.4352,0.46759
2023-07-18 16:00:00,0.43133,0.47685
2023-07-18 17:00:00,0.4236,0.41667
2023-07-18 18:00:00,0.41393,0.625
2023-07-18 19:00:00,0.41586,0.625
2023-07-18 20:00:00,0.41586,0.62269
2023-07-18 21:00:00,0.41779,0.62269
2023-07-18 22:00:00,0.41586,0.62269
2023-07-18 23:00:00,0.41779,0.62269
2023-07-19 00:00:00,0.41779,0.62269
2023-07-19 01:00:00,0.41779,0.62269
2023-07-19 02:00:00,0.41779,0.62269
2023-07-19 03:00:00,0.41779,0.62269
2023-07-19 04:00:00,0.41973,0.62037
2023-07-19 05:00:00,0.41779,0.62037
2023-07-19 06:00:00,0.41779,0.62037
2023-07-19 07:00:00,0.41779,0.62037
2023-07-19 08:00:00,0.41586,0.62037
2023-07-19 09:00:00,0.41006,0.62037
2023-07-19 10:00:00,0.39652,0.61806
2023-07-19 11:00:00,0.39265,0.61111
2023-07-19 12:00:00,0.38878,0.60185
2023-07-19 13:00:00,0.38298,0.59722
2023-07-19 14:00:00,0.37524,0.62269
2023-07-19 15:00:00,0.37524,0.62037
2023-07-19 16:00:00,0.37524,0.59954
2023-07-19 17:00:00,0.36944,0.60185
2023-07-19 18:00:00,0.35783,0.6088
2023-07-19 19:00:00,0.34816,0.60185
2023-07-19 20:00:00,0.34429,0.58565
2023-07-19 21:00:00,0.34043,0.5787
2023-07-19 22:00:00,0.34043,0.58102
2023-07-19 23:00:00,0.34623,0.58565
2023-07-20 00:00:00,0.34043,0.60185
2023-07-20 01:00:00,0.34236,0.61111
2023-07-20 02:00:00,0.34043,0.60648
2023-07-20 03:00:00,0.35397,0.58565
2023-07-20 04:00:00,0.35203,0.58333
2023-07-20 05:00:00,0.35397,0.58565
2023-07-20 06:00:00,0.35783,0.59259
2023-07-20 07:00:00,0.34816,0.6088
2023-07-20 08:00:00,0.34816,0.61111
2023-07-20 09:00:00,0.34429,0.59954
2023-07-20 10:00:00,0.34429,0.58333
2023-07-20 11:00:00,0.34816,0.58102
2023-07-20 12:00:00,0.34816,0.59028
2023-07-20 13:00:00,0.33849,0.6088
2023-07-20 14:00:00,0.34429,0.61574
2023-07-20 15:00:00,0.37524,0.6412
2023-07-20 16:00:00,0.37524,0.64352
2023-07-20 17:00:00,0.37524,0.6412
2023-07-20 18:00:00,0.37524,0.6412
2023-07-20 19:00:00,0.37524,0.64352
2023-07-20 20:00:00,0.37524,0.6412
2023-07-20 21:00:00,0.37524,0.6412
2023-07-20 22:00:00,0.37524,0.6412
2023-07-20 23:00:00,0.37524,0.6412
2023-07-21 00:00:00,0.37524,0.6412
2023-07-21 01:00:00,0.37524,0.6412
2023-07-21 02:00:00,0.37524,0.63889
2023-07-21 03:00:00,0.38685,0.62269
2023-07-21 04:00:00,0.38685,0.60417
2023-07-21 05:00:00,0.37911,0.60417
2023-07-21 06:00:00,0.36944,0.6088
2023-07-21 07:00:00,0.36557,0.60417
2023-07-21 08:00:00,0.36557,0.58796
2023-07-21 09:00:00,0.36557,0.59028
2023-07-21 10:00:00,0.34429,0.61111
2023-07-21 11:00:00,0.35397,0.59954
2023-07-21 12:00:00,0.3559,0.5787
2023-07-21 13:00:00,0.35397,0.58796
2023-07-21 14:00:00,0.35783,0.58796
2023-07-21 15:00:00,0.3501,0.5787
2023-07-21 16:00:00,0.34623,0.58102
2023-07-21 17:00:00,0.33849,0.5787
2023-07-21 18:00:00,0.34043,0.57639
2023-07-21 19:00:00,0.33269,0.59259
2023-07-21 20:00:00,0.34236,0.58565
2023-07-21 21:00:00,0.33656,0.57407
2023-07-21 22:00:00,0.33269,0.57639
2023-07-21 23:00:00,0.33462,0.57639
2023-07-22 00:00:00,0.33656,0.57407
2023-07-22 01:00:00,0.34043,0.58796
2023-07-22 02:00:00,0.34236,0.58333
2023-07-22 03:00:00,0.33462,0.57639
2023-07-22 04:00:00,0.33269,0.58102
2023-07-22 05:00:00,0.33269,0.58102
2023-07-22 06:00:00,0.33462,0.58102
2023-07-22 07:00:00,0.33269,0.59722
2023-07-22 08:00:00,0.34043,0.59491
2023-07-22 09:00:00,0.33656,0.58102
2023-07-22 10:00:00,0.32882,0.58333
2023-07-22 11:00:00,0.33075,0.58333
2023-07-22 12:00:00,0.77176,0.58796
2023-07-22 13:00:00,0.76983,0.59028
2023-07-22 14:00:00,0.77369,0.58565
2023-07-22 15:00:00,0.77369,0.58796
2023-07-22 16:00:00,0.77369,0.58796
2023-07-22 17:00:00,0.77176,0.58796
2023-07-22 18:00:00,0.77176,0.58565
2023-07-22 19:00:00,0.76789,0.58333
2023-07-22 20:00:00,0.75242,0.5787
2023-07-22 21:00:00,0.73501,0.56944
2023-07-22 22:00:00,0.7118,0.55324
2023-07-22 23:00:00,0.69246,0.52546
2023-07-23 00:00:00,0.67505,0.49537
2023-07-23 01:00:00,0.66151,0.46991
2023-07-23 02:00:00,0.65184,0.44907
2023-07-23 03:00:00,0.64797,0.43519
2023-07-23 04:00:00,0.64217,0.43056
2023-07-23 05:00:00,0.64023,0.43519
2023-07-23 06:00:00,0.63443,0.44444
2023-07-23 07:00:00,0.62282,0.46065
2023-07-23 08:00:00,0.60542,0.4838
2023-07-23 09:00:00,0.58607,0.51157
2023-07-23 10:00:00,0.56867,0.54167
2023-07-23 11:00:00,0.55513,0.56481
2023-07-23 12:00:00,0.54545,0.58333
2023-07-23 13:00:00,0.53772,0.60185
2023-07-23 14:00:00,0.53191,0.61574
2023-07-23 15:00:00,0.52805,0.62269
2023-07-23 16:00:00,0.52418,0.62963
2023-07-23 17:00:00,0.52224,0.62963
2023-07-23 18:00:00,0.51451,0.625
2023-07-23 19:00:00,0.5029,0.61111
2023-07-23 20:00:00,0.47776,0.58796
2023-07-23 21:00:00,0.45068,0.55556
2023-07-23 22:00:00,0.4236,0.52315
2023-07-23 23:00:00,0.40039,0.49306
2023-07-24 00:00:00,0.38298,0.46528
2023-07-24 01:00:00,0.36944,0.44444
2023-07-24 02:00:00,0.35977,0.42824
2023-07-24 03:00:00,0.3559,0.42593
2023-07-24 04:00:00,0.35397,0.42593
2023-07-24 05:00:00,0.3501,0.43287
2023-07-24 06:00:00,0.34043,0.44444
2023-07-24 07:00:00,0.32302,0.46528
2023-07-24 08:00:00,0.30174,0.4838
2023-07-24 09:00:00,0.19342,0.54861
2023-07-24 10:00:00,0.20116,0.53704
2023-07-24 11:00:00,0.2147,0.52083
2023-07-24 12:00:00,0.22244,0.48843
2023-07-24 13:00:00,0.23404,0.47222
2023-07-24 14:00:00,0.24565,0.43519
2023-07-24 15:00:00,0.26112,0.40741
2023-07-24 16:00:00,0.2766,0.37269
2023-07-24 17:00:00,0.29207,0.34491
2023-07-24 18:00:00,0.30368,0.33102
2023-07-24 19:00:00,0.31141,0.31713
2023-07-24 20:00:00,0.31721,0.31481
2023-07-24 21:00:00,0.32302,0.32639
2023-07-24 22:00:00,0.33462,0.34722
2023-07-24 23:00:00,0.35203,0.37731
2023-07-25 00:00:00,0.37911,0.41898
2023-07-25 01:00:00,0.41199,0.44907
2023-07-25 02:00:00,0.44487,0.46296
2023-07-25 03:00:00,0.47776,0.48843
2023-07-25 04:00:00,0.50097,0.50694
2023-07-25 05:00:00,0.51451,0.51157
2023-07-25 06:00:00,0.52611,0.50926
2023-07-25 07:00:00,0.53385,0.49537
2023-07-25 08:00:00,0.53772,0.48843
2023-07-25 09:00:00,0.53578,0.49074
2023-07-25 10:00:00,0.55706,0.4537
2023-07-25 11:00:00,0.5764,0.40972
2023-07-25 12:00:00,0.59381,0.36806
2023-07-25 13:00:00,0.60735,0.33565
2023-07-25 14:00:00,0.61509,0.31713
2023-07-25 15:00:00,0.62476,0.31713
2023-07-25 16:00:00,0.63636,0.33333
2023-07-25 17:00:00,0.65764,0.35417
2023-07-25 18:00:00,0.69246,0.38194
2023-07-25 19:00:00,0.72921,0.4213
2023-07-25 20:00:00,0.76015,0.38889
2023-07-25 21:00:00,0.79691,0.41204
2023-07-25 22:00:00,0.87041,0.4375
2023-07-25 23:00:00,0.90329,0.46065
2023-07-26 00:00:00,0.92263,0.47222
2023-07-26 01:00:00,0.93424,0.47454
2023-07-26 02:00:00,0.94391,0.46759
2023-07-26 03:00:00,0.95358,0.44676
2023-07-26 04:00:00,0.97292,0.41204
2023-07-26 05:00:00,0.98259,0.36574
2023-07-26 06:00:00,0.90329,0.68056
2023-07-26 07:00:00,0.90135,0.68056
2023-07-26 08:00:00,0.90135,0.68287
2023-07-26 09:00:00,0.89749,0.67824
2023-07-26 10:00:00,0.85493,0.64815
2023-07-26 11:00:00,0.83172,0.60648
2023-07-26 12:00:00,0.81625,0.55556
2023-07-26 13:00:00,0.80851,0.49769
2023-07-26 14:00:00,0.80464,0.46991
2023-07-26 15:00:00,0.80077,0.46759
2023-07-26 16:00:00,0.78917,0.47917
2023-07-26 17:00:00,0.75822,0.52546
2023-07-26 18:00:00,0.71567,0.59028
2023-07-26 19:00:00,0.67698,0.65509
2023-07-26 20:00:00,0.6441,0.7037
2023-07-26 21:00:00,0.63056,0.71991
2023-07-26 22:00:00,0.62863,0.72222
2023-07-26 23:00:00,0.62089,0.72454
2023-07-27 00:00:00,0.59961,0.68981
2023-07-27 01:00:00,0.56286,0.63889
2023-07-27 02:00:00,0.52998,0.55787
2023-07-27 03:00:00,0.4971,0.49074
2023-07-27 04:00:00,0.47582,0.44213
2023-07-27 05:00:00,0.46422,0.43519
2023-07-27 06:00:00,0.46035,0.4375
2023-07-27 07:00:00,0.45261,0.44444
2023-07-27 08:00:00,0.42553,0.49769
2023-07-27 09:00:00,0.39072,0.58102
2023-07-27 10:00:00,0.36364,0.65741
2023-07-27 11:00:00,0.35397,0.71065
2023-07-27 12:00:00,0.34623,0.74074
2023-07-27 13:00:00,0.33849,0.76157
2023-07-27 14:00:00,0.33269,0.76389
2023-07-27 15:00:00,0.32495,0.75694
2023-07-27 16:00:00,0.29787,0.70139
2023-07-27 17:00:00,0.26692,0.6088
2023-07-27 18:00:00,0.25145,0.53704
2023-07-27 19:00:00,0.22824,0.48843
2023-07-27 20:00:00,0.20309,0.46991
2023-07-27 21:00:00,0.20116,0.47454
2023-07-27 22:00:00,0.19729,0.48148
2023-07-27 23:00:00,0.17988,0.50231
2023-07-28 00:00:00,0.15861,0.56019
2023-07-28 01:00:00,0.13346,0.65278
2023-07-28 02:00:00,0.11992,0.72685
2023-07-28 03:00:00,0.91876,0.65278
2023-07-28 04:00:00,0.9207,0.65278
2023-07-28 05:00:00,0.92456,0.64815
2023-07-28 06:00:00,0.90522,0.64583
2023-07-28 07:00:00,0.86847,0.59954
2023-07-28 08:00:00,0.84333,0.54861
2023-07-28 09:00:00,0.82012,0.4838
2023-07-28 10:00:00,0.80077,0.42361
2023-07-28 11:00:00,0.78917,0.39352
2023-07-28 12:00:00,0.78337,0.39583
2023-07-28 13:00:00,0.77756,0.39352
2023-07-28 14:00:00,0.75822,0.42361
2023-07-28 15:00:00,0.70986,0.51389
2023-07-28 16:00:00,0.66925,0.59954
2023-07-28 17:00:00,0.64603,0.65741
2023-07-28 18:00:00,0.6383,0.68981
2023-07-28 19:00:00,0.6383,0.69907
2023-07-28 20:00:00,0.63056,0.69676
2023-07-28 21:00:00,0.60348,0.66667
2023-07-28 22:00:00,0.5648,0.60648
2023-07-28 23:00:00,0.52805,0.53009
2023-07-29 00:00:00,0.49903,0.46065
2023-07-29 01:00:00,0.48936,0.40278
2023-07-29 02:00:00,0.49516,0.38889
2023-07-29 03:00:00,0.49323,0.3912
2023-07-29 04:00:00,0.48549,0.41667
2023-07-29 05:00:00,0.44874,0.48611
2023-07-29 06:00:00,0.39265,0.58102
2023-07-29 07:00:00,0.33849,0.65741
2023-07-29 08:00:00,0.29207,0.71991
2023-07-29 09:00:00,0.2824,0.74769
2023-07-29 10:00:00,0.2824,0.74306
2023-07-29 11:00:00,0.27079,0.69676
2023-07-29 12:00:00,0.23791,0.61111
2023-07-29 13:00:00,0.2205,0.52778
2023-07-29 14:00:00,0.21857,0.46991
2023-07-29 15:00:00,0.2147,0.4213
2023-07-29 16:00:00,0.2205,0.41898
2023-07-29 17:00:00,0.22437,0.42361
2023-07-29 18:00:00,0.21083,0.43519
2023-07-29 19:00:00,0.18762,0.45833
2023-07-29 20:00:00,0.147,0.51389
2023-07-29 21:00:00,0.11219,0.58333
2023-07-29 22:00:00,0.088975,0.64815
2023-07-29 23:00:00,0.077369,0.68519
2023-07-30 00:00:00,0.90522,0.71528
2023-07-30 01:00:00,0.90135,0.71991
2023-07-30 02:00:00,0.90135,0.72222
2023-07-30 03:00:00,0.90522,0.71759
2023-07-30 04:00:00,0.90716,0.72222
2023-07-30 05:00:00,0.89942,0.72222
2023-07-30 06:00:00,0.86654,0.70602
2023-07-30 07:00:00,0.853,0.66204
2023-07-30 08:00:00,0.82979,0.58565
2023-07-30 09:00:00,0.80851,0.51389
2023-07-30 10:00:00,0.80077,0.48843
2023-07-30 11:00:00,0.79691,0.48843
2023-07-30 12:00:00,0.79304,0.49074
2023-07-30 13:00:00,0.77756,0.51852
2023-07-30 14:00:00,0.74855,0.59954
2023-07-30 15:00:00,0.7176,0.66435
2023-07-30 16:00:00,0.68859,0.71528
2023-07-30 17:00:00,0.67118,0.72685
2023-07-30 18:00:00,0.66925,0.73148
2023-07-30 19:00:00,0.66925,0.73148
2023-07-30 20:00:00,0.66151,0.7338
2023-07-30 21:00:00,0.63636,0.71528
2023-07-30 22:00:00,0.59188,0.63657
2023-07-30 23:00:00,0.55126,0.54398
2023-07-31 00:00:00,0.52418,0.49306
2023-07-31 01:00:00,0.51451,0.48843
2023-07-31 02:00:00,0.51451,0.49074
2023-07-31 03:00:00,0.51257,0.49537
2023-07-31 04:00:00,0.49903,0.53935
2023-07-31 05:00:00,0.47389,0.60648
2023-07-31 06:00:00,0.44874,0.67593
2023-07-31 07:00:00,0.43133,0.72917
2023-07-31 08:00:00,0.41973,0.75463
2023-07-31 09:00:00,0.41779,0.75926
2023-07-31 10:00:00,0.41586,0.75926
2023-07-31 11:00:00,0.39845,0.74074
2023-07-31 12:00:00,0.3559,0.6713
2023-07-31 13:00:00,0.30948,0.59028
2023-07-31 14:00:00,0.27466,0.53009
2023-07-31 15:00:00,0.25725,0.49537
2023-07-31 16:00:00,0.25725,0.49537
2023-07-31 17:00:00,0.26112,0.49769
2023-07-31 18:00:00,0.26499,0.50463
2023-07-31 19:00:00,0.25145,0.54398
2023-07-31 20:00:00,0.2089,0.6088
2023-07-31 21:00:00,0.11219,0.5162
2023-07-31 22:00:00,0.11219,0.45833
2023-07-31 23:00:00,0.11219,0.43519
2023-08-01 00:00:00,0.11219,0.43287
2023-08-01 01:00:00,0.12573,0.4375
2023-08-01 02:00:00,0.1412,0.45833
2023-08-01 03:00:00,0.16441,0.48843
2023-08-01 04:00:00,0.19536,0.52778
2023-08-01 05:00:00,0.22631,0.56944
2023-08-01 06:00:00,0.24758,0.60185
2023-08-01 07:00:00,0.26886,0.63657
2023-08-01 08:00:00,0.28627,0.65046
2023-08-01 09:00:00,0.29207,0.65278
2023-08-01 10:00:00,0.2882,0.64815
2023-08-01 11:00:00,0.29014,0.63426
2023-08-01 12:00:00,0.30368,0.61574
2023-08-01 13:00:00,0.32495,0.59028
2023-08-01 14:00:00,0.35203,0.56481
2023-08-01 15:00:00,0.37911,0.52546
2023-08-01 16:00:00,0.40232,0.48611
2023-08-01 17:00:00,0.41973,0.45602
2023-08-01 18:00:00,0.4352,0.43056
2023-08-01 19:00:00,0.44681,0.41898
2023-08-01 20:00:00,0.45455,0.41435
2023-08-01 21:00:00,0.45841,0.42361
2023-08-01 22:00:00,0.47002,0.44213
2023-08-01 23:00:00,0.49323,0.47222
2023-08-02 00:00:00,0.52418,0.50926
2023-08-02 01:00:00,0.55319,0.55093
2023-08-02 02:00:00,0.58027,0.59722
2023-08-02 03:00:00,0.60348,0.63657
2023-08-02 04:00:00,0.62282,0.66667
2023-08-02 05:00:00,0.6325,0.6875
2023-08-02 06:00:00,0.6325,0.68981
2023-08-02 07:00:00,0.63443,0.68519
2023-08-02 08:00:00,0.64217,0.67593
2023-08-02 09:00:00,0.65957,0.65509
2023-08-02 10:00:00,0.67698,0.62269
2023-08-02 11:00:00,0.70213,0.59028
2023-08-02 12:00:00,0.72727,0.55787
2023-08-02 13:00:00,0.75242,0.52546
2023-08-02 14:00:00,0.77369,0.49306
2023-08-02 15:00:00,0.7911,0.46528
2023-08-02 16:00:00,0.80077,0.44676
2023-08-02 17:00:00,0.80851,0.43287
2023-08-02 18:00:00,0.15087,0.41204
2023-08-02 19:00:00,0.15861,0.43287
2023-08-02 20:00:00,0.17021,0.4537
2023-08-02 21:00:00,0.18956,0.48611
2023-08-02 22:00:00,0.21277,0.51852
2023-08-02 23:00:00,0.22631,0.54167
2023-08-03 00:00:00,0.24371,0.56713
2023-08-03 01:00:00,0.26306,0.59028
2023-08-03 02:00:00,0.2766,0.60185
2023-08-03 03:00:00,0.2882,0.61806
2023-08-03 04:00:00,0.294,0.62269
2023-08-03 05:00:00,0.29207,0.62269
2023-08-03 06:00:00,0.29594,0.61343
2023-08-03 07:00:00,0.30754,0.60417
2023-08-03 08:00:00,0.33269,0.58333
2023-08-03 09:00:00,0.3501,0.54861
2023-08-03 10:00:00,0.3675,0.50231
2023-08-03 11:00:00,0.38491,0.46296
2023-08-03 12:00:00,0.40232,0.42824
2023-08-03 13:00:00,0.41586,0.39583
2023-08-03 14:00:00,0.4236,0.37731
2023-08-03 15:00:00,0.43327,0.36574
2023-08-03 16:00:00,0.43907,0.36343
2023-08-03 17:00:00,0.45068,0.37037
2023-08-03 18:00:00,0.47002,0.3912
2023-08-03 19:00:00,0.49323,0.41898
2023-08-03 20:00:00,0.51838,0.45139
2023-08-03 21:00:00,0.54159,0.48611
2023-08-03 22:00:00,0.56286,0.52778
2023-08-03 23:00:00,0.58414,0.57176
2023-08-04 00:00:00,0.60155,0.62269
2023-08-04 01:00:00,0.62089,0.66435
2023-08-04 02:00:00,0.63636,0.6875
2023-08-04 03:00:00,0.65184,0.69907
2023-08-04 04:00:00,0.66731,0.70139
2023-08-04 05:00:00,0.68859,0.7037
2023-08-04 06:00:00,0.7118,0.69213
2023-08-04 07:00:00,0.73308,0.66204
2023-08-04 08:00:00,0.75048,0.62037
2023-08-04 09:00:00,0.76596,0.57639
2023-08-04 10:00:00,0.77176,0.53241
2023-08-04 11:00:00,0.77176,0.48843
2023-08-04 12:00:00,0.76983,0.44907
2023-08-04 13:00:00,0.76789,0.41667
2023-08-04 14:00:00,0.76402,0.39583
2023-08-04 15:00:00,0.17215,0.38194
2023-08-04 16:00:00,0.17215,0.38194
2023-08-04 17:00:00,0.17408,0.38194
2023-08-04 18:00:00,0.17408,0.38426
2023-08-04 19:00:00,0.17988,0.38889
2023-08-04 20:00:00,0.17988,0.41898
2023-08-04 21:00:00,0.17795,0.44907
2023-08-04 22:00:00,0.19149,0.46991
2023-08-04 23:00:00,0.23017,0.51157
2023-08-05 00:00:00,0.27466,0.56019
2023-08-05 01:00:00,0.31335,0.59722
2023-08-05 02:00:00,0.33849,0.63657
2023-08-05 03:00:00,0.35203,0.66435
2023-08-05 04:00:00,0.35783,0.67361
2023-08-05 05:00:00,0.3617,0.6713
2023-08-05 06:00:00,0.37137,0.66435
2023-08-05 07:00:00,0.38298,0.64815
2023-08-05 08:00:00,0.40426,0.61111
2023-08-05 09:00:00,0.43327,0.56944
2023-08-05 10:00:00,0.45841,0.52083
2023-08-05 11:00:00,0.47969,0.46759
2023-08-05 12:00:00,0.50097,0.4213
2023-08-05 13:00:00,0.52031,0.38657
2023-08-05 14:00:00,0.53772,0.36574
2023-08-05 15:00:00,0.54739,0.3588
2023-08-05 16:00:00,0.55319,0.35648
2023-08-05 17:00:00,0.55706,0.36111
2023-08-05 18:00:00,0.56867,0.38194
2023-08-05 19:00:00,0.59188,0.41667
2023-08-05 20:00:00,0.61896,0.45602
2023-08-05 21:00:00,0.64603,0.49769
2023-08-05 22:00:00,0.67118,0.53704
2023-08-05 23:00:00,0.69246,0.58565
2023-08-06 00:00:00,0.71373,0.62269
2023-08-06 01:00:00,0.72921,0.64583
2023-08-06 02:00:00,0.74275,0.65509
2023-08-06 03:00:00,0.74468,0.65741
2023-08-06 04:00:00,0.74662,0.64815
2023-08-06 05:00:00,0.75242,0.63426
2023-08-06 06:00:00,0.76402,0.61111
2023-08-06 07:00:00,0.78143,0.58565
2023-08-06 08:00:00,0.80077,0.55787
2023-08-06 09:00:00,0.82205,0.52546
2023-08-06 10:00:00,0.84139,0.49769
2023-08-06 11:00:00,0.8588,0.46759
2023-08-06 12:00:00,0.15474,0.43287
2023-08-06 13:00:00,0.15861,0.43519
2023-08-06 14:00:00,0.16634,0.43981
2023-08-06 15:00:00,0.17795,0.44676
2023-08-06 16:00:00,0.19149,0.45139
2023-08-06 17:00:00,0.21277,0.47454
2023-08-06 18:00:00,0.22437,0.52315
2023-08-06 19:00:00,0.25532,0.57176
2023-08-06 20:00:00,0.29594,0.62269
2023-08-06 21:00:00,0.33462,0.6713
2023-08-06 22:00:00,0.35977,0.69676
2023-08-06 23:00:00,0.36944,0.70139
2023-08-07 00:00:00,0.37331,0.7037
2023-08-07 01:00:00,0.38104,0.70833
2023-08-07 02:00:00,0.40426,0.70139
2023-08-07 03:00:00,0.4294,0.6713
2023-08-07 04:00:00,0.44874,0.62731
2023-08-07 05:00:00,0.46422,0.58796
2023-08-07 06:00:00,0.48162,0.54861
2023-08-07 07:00:00,0.49903,0.51157
2023-08-07 08:00:00,0.51644,0.48148
2023-08-07 09:00:00,0.53385,0.45602
2023-08-07 10:00:00,0.54352,0.43981
2023-08-07 11:00:00,0.54739,0.42824
2023-08-07 12:00:00,0.54545,0.42361
2023-08-07 13:00:00,0.54739,0.42593
2023-08-07 14:00:00,0.55899,0.44213
2023-08-07 15:00:00,0.5764,0.47454
2023-08-07 16:00:00,0.59381,0.52083
2023-08-07 17:00:00,0.61315,0.56944
2023-08-07 18:00:00,0.64217,0.61343
2023-08-07 19:00:00,0.67698,0.64815
2023-08-07 20:00:00,0.71373,0.6713
2023-08-07 21:00:00,0.73888,0.6875
2023-08-07 22:00:00,0.75242,0.69213
2023-08-07 23:00:00,0.75629,0.68981
2023-08-08 00:00:00,0.75822,0.68519
2023-08-08 01:00:00,0.76209,0.67824
2023-08-08 02:00:00,0.76983,0.66667
2023-08-08 03:00:00,0.78337,0.65046
2023-08-08 04:00:00,0.80077,0.62963
2023-08-08 05:00:00,0.81625,0.60185
2023-08-08 06:00:00,0.83946,0.56019
2023-08-08 07:00:00,0.86267,0.56019
2023-08-08 08:00:00,0.88395,0.52778
2023-08-08 09:00:00,0.090909,0.40509
2023-08-08 10:00:00,0.085106,0.40741
2023-08-08 11:00:00,0.085106,0.40741
2023-08-08 12:00:00,0.088975,0.40509
2023-08-08 13:00:00,0.092843,0.40972
2023-08-08 14:00:00,0.10058,0.43056
2023-08-08 15:00:00,0.12186,0.46759
2023-08-08 16:00:00,0.15861,0.50694
2023-08-08 17:00:00,0.19536,0.56019
2023-08-08 18:00:00,0.23791,0.62037
2023-08-08 19:00:00,0.2766,0.6713
2023-08-08 20:00:00,0.29207,0.69907
2023-08-08 21:00:00,0.30561,0.70602
2023-08-08 22:00:00,0.30368,0.69444
2023-08-08 23:00:00,0.29787,0.6713
2023-08-09 00:00:00,0.30561,0.64815
2023-08-09 01:00:00,0.32689,0.61111
2023-08-09 02:00:00,0.35397,0.57176
2023-08-09 03:00:00,0.38491,0.53009
2023-08-09 04:00:00,0.42553,0.48843
2023-08-09 05:00:00,0.46035,0.45139
2023-08-09 06:00:00,0.48743,0.42593
2023-08-09 07:00:00,0.50484,0.40741
2023-08-09 08:00:00,0.51257,0.40278
2023-08-09 09:00:00,0.51257,0.41435
2023-08-09 10:00:00,0.51451,0.4375
2023-08-09 11:00:00,0.52224,0.47222
2023-08-09 12:00:00,0.53772,0.51157
2023-08-09 13:00:00,0.55899,0.55324
2023-08-09 14:00:00,0.58414,0.59259
2023-08-09 15:00:00,0.60735,0.6412
2023-08-09 16:00:00,0.62669,0.6875
2023-08-09 17:00:00,0.6441,0.71528
2023-08-09 18:00:00,0.65377,0.71528
2023-08-09 19:00:00,0.66151,0.70602
2023-08-09 20:00:00,0.67505,0.7037
2023-08-09 21:00:00,0.68859,0.68287
2023-08-09 22:00:00,0.70213,0.64815
2023-08-09 23:00:00,0.72147,0.625
2023-08-10 00:00:00,0.73694,0.59491
2023-08-10 01:00:00,0.75048,0.56019
2023-08-10 02:00:00,0.76789,0.52778
2023-08-10 03:00:00,0.78723,0.49074
2023-08-10 04:00:00,0.79497,0.45139
2023-08-10 05:00:00,0.80658,0.42361
2023-08-10 06:00:00,0.51838,0.64352
2023-08-10 07:00:00,0.52031,0.6412
2023-08-10 08:00:00,0.51644,0.64352
2023-08-10 09:00:00,0.51064,0.64815
2023-08-10 10:00:00,0.51644,0.64352
2023-08-10 11:00:00,0.51257,0.64815
2023-08-10 12:00:00,0.51451,0.64815
2023-08-10 13:00:00,0.51064,0.64815
2023-08-10 14:00:00,0.5087,0.64583
2023-08-10 15:00:00,0.50677,0.64352
2023-08-10 16:00:00,0.4913,0.63889
2023-08-10 17:00:00,0.47969,0.62731
2023-08-10 18:00:00,0.47002,0.61806
2023-08-10 19:00:00,0.46422,0.60185
2023-08-10 20:00:00,0.45648,0.59259
2023-08-10 21:00:00,0.44294,0.56944
2023-08-10 22:00:00,0.4236,0.53935
2023-08-10 23:00:00,0.40426,0.52083
2023-08-11 00:00:00,0.38878,0.49769
2023-08-11 01:00:00,0.37331,0.47917
2023-08-11 02:00:00,0.35977,0.46759
2023-08-11 03:00:00,0.34816,0.46528
2023-08-11 04:00:00,0.34043,0.47222
2023-08-11 05:00:00,0.33462,0.48611
2023-08-11 06:00:00,0.32882,0.50694
2023-08-11 07:00:00,0.32495,0.5162
2023-08-11 08:00:00,0.33269,0.52083
2023-08-11 09:00:00,0.34236,0.54861
2023-08-11 10:00:00,0.33462,0.58796
2023-08-11 11:00:00,0.33075,0.62963
2023-08-11 12:00:00,0.32495,0.67593
2023-08-11 13:00:00,0.32108,0.71528
2023-08-11 14:00:00,0.32302,0.73843
2023-08-11 15:00:00,0.32689,0.75
2023-08-11 16:00:00,0.33269,0.74074
2023-08-11 17:00:00,0.33656,0.72222
2023-08-11 18:00:00,0.34236,0.69444
2023-08-11 19:00:00,0.34816,0.65972
2023-08-11 20:00:00,0.35397,0.625
2023-08-11 21:00:00,0.34043,0.59954
2023-08-11 22:00:00,0.33075,0.58102
2023-08-11 23:00:00,0.32882,0.56019
2023-08-12 00:00:00,0.32689,0.53241
2023-08-12 01:00:00,0.32108,0.51157
2023-08-12 02:00:00,0.31335,0.49537
2023-08-12 03:00:00,0.58607,0.72917
2023-08-12 04:00:00,0.58607,0.72222
2023-08-12 05:00:00,0.58607,0.72454
2023-08-12 06:00:00,0.58994,0.72454
2023-08-12 07:00:00,0.58994,0.72454
2023-08-12 08:00:00,0.58607,0.71528
2023-08-12 09:00:00,0.57447,0.7037
2023-08-12 10:00:00,0.56093,0.67824
2023-08-12 11:00:00,0.54545,0.64352
2023-08-12 12:00:00,0.53191,0.59722
2023-08-12 13:00:00,0.52224,0.55787
2023-08-12 14:00:00,0.50484,0.52083
2023-08-12 15:00:00,0.47969,0.5
2023-08-12 16:00:00,0.45068,0.50694
2023-08-12 17:00:00,0.42553,0.53935
2023-08-12 18:00:00,0.40426,0.5787
2023-08-12 19:00:00,0.39072,0.60417
2023-08-12 20:00:00,0.37911,0.62963
2023-08-12 21:00:00,0.34623,0.6713
2023-08-12 22:00:00,0.31915,0.70139
2023-08-12 23:00:00,0.30754,0.72222
2023-08-13 00:00:00,0.29787,0.7338
2023-08-13 01:00:00,0.30368,0.72454
2023-08-13 02:00:00,0.31335,0.7037
2023-08-13 03:00:00,0.33269,0.67361
2023-08-13 04:00:00,0.33656,0.63426
2023-08-13 05:00:00,0.32882,0.59259
2023-08-13 06:00:00,0.30754,0.56019
2023-08-13 07:00:00,0.29787,0.54398
2023-08-13 08:00:00,0.29594,0.52778
2023-08-13 09:00:00,0.29594,0.51389
2023-08-13 10:00:00,0.29207,0.50694
2023-08-13 11:00:00,0.28046,0.51389
2023-08-13 12:00:00,0.25919,0.52083
2023-08-13 13:00:00,0.24178,0.55093
2023-08-13 14:00:00,0.22437,0.60648
2023-08-13 15:00:00,0.18762,0.64583
2023-08-13 16:00:00,0.17988,0.68056
2023-08-13 17:00:00,0.16828,0.65972
2023-08-13 18:00:00,0.18762,0.61111
2023-08-13 19:00:00,0.19342,0.56713
2023-08-13 20:00:00,0.19729,0.52083
2023-08-13 21:00:00,0.19342,0.4838
2023-08-13 22:00:00,0.18956,0.46065
2023-08-13 23:00:00,0.18182,0.44444
2023-08-14 00:00:00,0.61509,0.70602
2023-08-14 01:00:00,0.61702,0.70602
2023-08-14 02:00:00,0.61702,0.70602
2023-08-14 03:00:00,0.61702,0.70602
2023-08-14 04:00:00,0.61702,0.70602
2023-08-14 05:00:00,0.61702,0.70602
2023-08-14 06:00:00,0.61702,0.70602
2023-08-14 07:00:00,0.61509,0.7037
2023-08-14 08:00:00,0.60928,0.7037
2023-08-14 09:00:00,0.59188,0.69213
2023-08-14 10:00:00,0.55513,0.6713
2023-08-14 11:00:00,0.51644,0.65741
2023-08-14 12:00:00,0.46422,0.6412
2023-08-14 13:00:00,0.41779,0.63657
2023-08-14 14:00:00,0.40232,0.63194
2023-08-14 15:00:00,0.40812,0.63194
2023-08-14 16:00:00,0.41199,0.62731
2023-08-14 17:00:00,0.41973,0.61806
2023-08-14 18:00:00,0.44294,0.59722
2023-08-14 19:00:00,0.48356,0.57176
2023-08-14 20:00:00,0.53385,0.54861
2023-08-14 21:00:00,0.58994,0.53241
2023-08-14 22:00:00,0.6325,0.52315
2023-08-14 23:00:00,0.6499,0.51852
2023-08-15 00:00:00,0.65184,0.5162
2023-08-15 01:00:00,0.6499,0.51852
2023-08-15 02:00:00,0.6441,0.5162
2023-08-15 03:00:00,0.6325,0.50926
2023-08-15 04:00:00,0.60542,0.49306
2023-08-15 05:00:00,0.56867,0.47222
2023-08-15 06:00:00,0.52418,0.44907
2023-08-15 07:00:00,0.47969,0.42824
2023-08-15 08:00:00,0.4352,0.40972
2023-08-15 09:00:00,0.39652,0.39583
2023-08-15 10:00:00,0.37331,0.38657
2023-08-15 11:00:00,0.36557,0.37963
2023-08-15 12:00:00,0.37137,0.37963
2023-08-15 13:00:00,0.39072,0.37963
2023-08-15 14:00:00,0.42553,0.36343
2023-08-15 15:00:00,0.47002,0.34722
2023-08-15 16:00:00,0.52224,0.32407
2023-08-15 17:00:00,0.5706,0.2963
2023-08-15 18:00:00,0.61702,0.27778
2023-08-15 19:00:00,0.65377,0.26157
2023-08-15 20:00:00,0.67892,0.25231
2023-08-15 21:00:00,0.67892,0.73148
2023-08-15 22:00:00,0.67892,0.72917
2023-08-15 23:00:00,0.67892,0.73148
2023-08-16 00:00:00,0.67698,0.72917
2023-08-16 01:00:00,0.67698,0.72917
2023-08-16 02:00:00,0.66151,0.72222
2023-08-16 03:00:00,0.62863,0.7037
2023-08-16 04:00:00,0.58994,0.68519
2023-08-16 05:00:00,0.54545,0.67593
2023-08-16 06:00:00,0.50097,0.6713
2023-08-16 07:00:00,0.46035,0.67824
2023-08-16 08:00:00,0.43133,0.68287
2023-08-16 09:00:00,0.4294,0.68287
2023-08-16 10:00:00,0.44487,0.67361
2023-08-16 11:00:00,0.47776,0.64815
2023-08-16 12:00:00,0.53191,0.60185
2023-08-16 13:00:00,0.5706,0.57407
2023-08-16 14:00:00,0.61702,0.5463
2023-08-16 15:00:00,0.6499,0.53009
2023-08-16 16:00:00,0.67118,0.52546
2023-08-16 17:00:00,0.68085,0.51852
2023-08-16 18:00:00,0.67892,0.52083
2023-08-16 19:00:00,0.66151,0.52083
2023-08-16 20:00:00,0.62282,0.51389
2023-08-16 21:00:00,0.56673,0.5
2023-08-16 22:00:00,0.51064,0.47917
2023-08-16 23:00:00,0.46035,0.45602
2023-08-17 00:00:00,0.41973,0.43287
2023-08-17 01:00:00,0.38878,0.41435
2023-08-17 02:00:00,0.37524,0.40741
2023-08-17 03:00:00,0.37718,0.40972
2023-08-17 04:00:00,0.40039,0.41204
2023-08-17 05:00:00,0.44487,0.39352
2023-08-17 06:00:00,0.5029,0.34259
2023-08-17 07:00:00,0.55706,0.30787
2023-08-17 08:00:00,0.60155,0.29167
2023-08-17 09:00:00,0.63636,0.28472
2023-08-17 10:00:00,0.66344,0.28472
2023-08-17 11:00:00,0.67505,0.28241
2023-08-17 12:00:00,0.66925,0.28009
2023-08-17 13:00:00,0.64023,0.26157
2023-08-17 14:00:00,0.59188,0.23843
2023-08-17 15:00:00,0.53965,0.21296
2023-08-17 16:00:00,0.49323,0.19676
2023-08-17 17:00:00,0.45455,0.1875
2023-08-17 18:00:00,0.60348,0.86111
2023-08-17 19:00:00,0.60348,0.86111
2023-08-17 20:00:00,0.59961,0.86111
2023-08-17 21:00:00,0.60155,0.86111
2023-08-17 22:00:00,0.60155,0.86111
2023-08-17 23:00:00,0.60735,0.84954
2023-08-18 00:00:00,0.62476,0.8125
2023-08-18 01:00:00,0.64603,0.77778
2023-08-18 02:00:00,0.69439,0.7338
2023-08-18 03:00:00,0.73501,0.70139
2023-08-18 04:00:00,0.74855,0.69907
2023-08-18 05:00:00,0.74855,0.69907
2023-08-18 06:00:00,0.74081,0.69907
2023-08-18 07:00:00,0.7176,0.69907
2023-08-18 08:00:00,0.67118,0.67824
2023-08-18 09:00:00,0.63056,0.65509
2023-08-18 10:00:00,0.59188,0.63194
2023-08-18 11:00:00,0.55706,0.62037
2023-08-18 12:00:00,0.54545,0.62037
2023-08-18 13:00:00,0.55126,0.62037
2023-08-18 14:00:00,0.55899,0.61574
2023-08-18 15:00:00,0.57834,0.59954
2023-08-18 16:00:00,0.62863,0.55324
2023-08-18 17:00:00,0.66925,0.51389
2023-08-18 18:00:00,0.69826,0.48843
2023-08-18 19:00:00,0.7176,0.47222
2023-08-18 20:00:00,0.72727,0.46991
2023-08-18 21:00:00,0.7234,0.47454
2023-08-18 22:00:00,0.71373,0.47222
2023-08-18 23:00:00,0.68665,0.4537
2023-08-19 00:00:00,0.64603,0.43056
2023-08-19 01:00:00,0.60542,0.40972
2023-08-19 02:00:00,0.56673,0.38426
2023-08-19 03:00:00,0.53191,0.36574
2023-08-19 04:00:00,0.5087,0.35417
2023-08-19 05:00:00,0.5029,0.35417
2023-08-19 06:00:00,0.51064,0.35185
2023-08-19 07:00:00,0.53772,0.33565
2023-08-19 08:00:00,0.58221,0.2963
2023-08-19 09:00:00,0.62669,0.26157
2023-08-19 10:00:00,0.66538,0.24306
2023-08-19 11:00:00,0.69439,0.2338
2023-08-19 12:00:00,0.70986,0.2338
2023-08-19 13:00:00,0.7118,0.23611
2023-08-19 14:00:00,0.69632,0.22917
2023-08-19 15:00:00,0.706,0.81713
2023-08-19 16:00:00,0.706,0.81481
2023-08-19 17:00:00,0.70406,0.81481
2023-08-19 18:00:00,0.706,0.81713
2023-08-19 19:00:00,0.69439,0.81481
2023-08-19 20:00:00,0.66538,0.80093
2023-08-19 21:00:00,0.60542,0.79167
2023-08-19 22:00:00,0.54932,0.77778
2023-08-19 23:00:00,0.5029,0.7662
2023-08-20 00:00:00,0.47389,0.75926
2023-08-20 01:00:00,0.47002,0.75926
2023-08-20 02:00:00,0.47002,0.75926
2023-08-20 03:00:00,0.49516,0.74074
2023-08-20 04:00:00,0.55513,0.7037
2023-08-20 05:00:00,0.61896,0.66204
2023-08-20 06:00:00,0.67505,0.62731
2023-08-20 07:00:00,0.70986,0.61111
2023-08-20 08:00:00,0.71373,0.60648
2023-08-20 09:00:00,0.70406,0.60185
2023-08-20 10:00:00,0.66731,0.59028
2023-08-20 11:00:00,0.61702,0.55787
2023-08-20 12:00:00,0.57253,0.52315
2023-08-20 13:00:00,0.52805,0.49306
2023-08-20 14:00:00,0.48356,0.46991
2023-08-20 15:00:00,0.46228,0.46528
2023-08-20 16:00:00,0.46615,0.46296
2023-08-20 17:00:00,0.49323,0.45602
2023-08-20 18:00:00,0.55513,0.43287
2023-08-20 19:00:00,0.61896,0.40278
2023-08-20 20:00:00,0.67118,0.375
2023-08-20 21:00:00,0.71373,0.35417
2023-08-20 22:00:00,0.73501,0.34491
2023-08-20 23:00:00,0.73501,0.34491
2023-08-21 00:00:00,0.71954,0.33796
2023-08-21 01:00:00,0.66538,0.30093
2023-08-21 02:00:00,0.60348,0.27083
2023-08-21 03:00:00,0.56093,0.25
2023-08-21 04:00:00,0.52998,0.21991
2023-08-21 05:00:00,0.49903,0.19444
2023-08-21 06:00:00,0.48549,0.18519
2023-08-21 07:00:00,0.48549,0.18519
2023-08-21 08:00:00,0.5029,0.17824
2023-08-21 09:00:00,0.55513,0.15046
2023-08-21 10:00:00,0.60735,0.11574
2023-08-21 11:00:00,0.65764,0.087963
2023-08-21 12:00:00,0.53772,0.7662
2023-08-21 13:00:00,0.53772,0.7662
2023-08-21 14:00:00,0.53772,0.7662
2023-08-21 15:00:00,0.53385,0.76852
2023-08-21 16:00:00,0.53772,0.76852
2023-08-21 17:00:00,0.53385,0.7662
2023-08-21 18:00:00,0.52611,0.7662
2023-08-21 19:00:00,0.51451,0.76157
2023-08-21 20:00:00,0.47776,0.74769
2023-08-21 21:00:00,0.4236,0.72685
2023-08-21 22:00:00,0.35977,0.6875
2023-08-21 23:00:00,0.30174,0.64815
2023-08-22 00:00:00,0.25725,0.62037
2023-08-22 01:00:00,0.23017,0.60648
2023-08-22 02:00:00,0.22437,0.60185
2023-08-22 03:00:00,0.22631,0.59954
2023-08-22 04:00:00,0.23211,0.59722
2023-08-22 05:00:00,0.25725,0.59954
2023-08-22 06:00:00,0.294,0.60417
2023-08-22 07:00:00,0.33656,0.59028
2023-08-22 08:00:00,0.37331,0.57407
2023-08-22 09:00:00,0.41586,0.55093
2023-08-22 10:00:00,0.46228,0.53009
2023-08-22 11:00:00,0.4971,0.5162
2023-08-22 12:00:00,0.51644,0.50463
2023-08-22 13:00:00,0.52224,0.5
2023-08-22 14:00:00,0.51451,0.49537
2023-08-22 15:00:00,0.49903,0.49074
2023-08-22 16:00:00,0.47969,0.47917
2023-08-22 17:00:00,0.45455,0.46528
2023-08-22 18:00:00,0.4236,0.4537
2023-08-22 19:00:00,0.38491,0.4375
2023-08-22 20:00:00,0.33656,0.41898
2023-08-22 21:00:00,0.29594,0.39352
2023-08-22 22:00:00,0.24758,0.38426
2023-08-22 23:00:00,0.19149,0.39352
2023-08-23 00:00:00,0.15667,0.41204
2023-08-23 01:00:00,0.15474,0.36806
2023-08-23 02:00:00,0.16441,0.3912
2023-08-23 03:00:00,0.21663,0.35648
2023-08-23 04:00:00,0.26886,0.33565
2023-08-23 05:00:00,0.31915,0.30556
2023-08-23 06:00:00,0.3617,0.26852
2023-08-23 07:00:00,0.41973,0.22222
2023-08-23 08:00:00,0.46035,0.18287
2023-08-23 09:00:00,0.44874,0.76157
2023-08-23 10:00:00,0.44681,0.76157
2023-08-23 11:00:00,0.43907,0.75926
2023-08-23 12:00:00,0.42747,0.75
2023-08-23 13:00:00,0.40039,0.72917
2023-08-23 14:00:00,0.36364,0.69213
2023-08-23 15:00:00,0.30174,0.64583
2023-08-23 16:00:00,0.25145,0.60648
2023-08-23 17:00:00,0.22437,0.56944
2023-08-23 18:00:00,0.19536,0.55093
2023-08-23 19:00:00,0.18375,0.54167
2023-08-23 20:00:00,0.19149,0.53704
2023-08-23 21:00:00,0.2147,0.53472
2023-08-23 22:00:00,0.24758,0.54167
2023-08-23 23:00:00,0.28433,0.55324
2023-08-24 00:00:00,0.33269,0.56019
2023-08-24 01:00:00,0.38298,0.54861
2023-08-24 02:00:00,0.43327,0.53241
2023-08-24 03:00:00,0.47582,0.51852
2023-08-24 04:00:00,0.51064,0.51852
2023-08-24 05:00:00,0.52418,0.5162
2023-08-24 06:00:00,0.51838,0.50694
2023-08-24 07:00:00,0.50097,0.49769
2023-08-24 08:00:00,0.47389,0.48148
2023-08-24 09:00:00,0.4352,0.46759
2023-08-24 10:00:00,0.38685,0.45139
2023-08-24 11:00:00,0.33462,0.4375
2023-08-24 12:00:00,0.2882,0.41435
2023-08-24 13:00:00,0.24178,0.39352
2023-08-24 14:00:00,0.20116,0.37731
2023-08-24 15:00:00,0.15474,0.37963
2023-08-24 16:00:00,0.11412,0.38657
2023-08-24 17:00:00,0.11799,0.34722
2023-08-24 18:00:00,0.10251,0.35648
2023-08-24 19:00:00,0.16054,0.33565
2023-08-24 20:00:00,0.22824,0.31944
2023-08-24 21:00:00,0.29207,0.2963
2023-08-24 22:00:00,0.34623,0.26157
2023-08-24 23:00:00,0.40232,0.22454
2023-08-25 00:00:00,0.44294,0.19444
2023-08-25 01:00:00,0.46809,0.18056
2023-08-25 02:00:00,0.48162,0.17593
2023-08-25 03:00:00,0.47776,0.17361
2023-08-25 04:00:00,0.46615,0.16435
2023-08-25 05:00:00,0.43907,0.15741
2023-08-25 06:00:00,0.53772,0.84259
2023-08-25 07:00:00,0.53772,0.84259
2023-08-25 08:00:00,0.53772,0.84259
2023-08-25 09:00:00,0.53578,0.84259
2023-08-25 10:00:00,0.53772,0.84259
2023-08-25 11:00:00,0.54545,0.84259
2023-08-25 12:00:00,0.56867,0.83565
2023-08-25 13:00:00,0.59574,0.81713
2023-08-25 14:00:00,0.63056,0.78704
2023-08-25 15:00:00,0.66344,0.75
2023-08-25 16:00:00,0.70986,0.72222
2023-08-25 17:00:00,0.70986,0.7037
2023-08-25 18:00:00,0.7234,0.68981
2023-08-25 19:00:00,0.71954,0.67824
2023-08-25 20:00:00,0.69246,0.66435
2023-08-25 21:00:00,0.6441,0.65278
2023-08-25 22:00:00,0.60348,0.66204
2023-08-25 23:00:00,0.55899,0.65972
2023-08-26 00:00:00,0.51064,0.64352
2023-08-26 01:00:00,0.46422,0.61111
2023-08-26 02:00:00,0.40619,0.58796
2023-08-26 03:00:00,0.34816,0.55787
2023-08-26 04:00:00,0.29787,0.54398
2023-08-26 05:00:00,0.27273,0.53472
2023-08-26 06:00:00,0.27079,0.52546
2023-08-26 07:00:00,0.29014,0.50463
2023-08-26 08:00:00,0.31528,0.4838
2023-08-26 09:00:00,0.35203,0.46528
2023-08-26 10:00:00,0.39458,0.44676
2023-08-26 11:00:00,0.43907,0.42593
2023-08-26 12:00:00,0.48936,0.40972
2023-08-26 13:00:00,0.54159,0.39815
2023-08-26 14:00:00,0.59768,0.38194
2023-08-26 15:00:00,0.6383,0.36343
2023-08-26 16:00:00,0.65764,0.34028
2023-08-26 17:00:00,0.66344,0.32407
2023-08-26 18:00:00,0.65571,0.31019
2023-08-26 19:00:00,0.62669,0.2963
2023-08-26 20:00:00,0.58221,0.28009
2023-08-26 21:00:00,0.52998,0.26157
2023-08-26 22:00:00,0.47776,0.23843
2023-08-26 23:00:00,0.42553,0.21759
2023-08-27 00:00:00,0.36944,0.20833
2023-08-27 01:00:00,0.30948,0.20602
2023-08-27 02:00:00,0.25919,0.20139
2023-08-27 03:00:00,0.58221,0.72917
2023-08-27 04:00:00,0.58027,0.72917
2023-08-27 05:00:00,0.57834,0.72454
2023-08-27 06:00:00,0.59188,0.73148
2023-08-27 07:00:00,0.61509,0.72685
2023-08-27 08:00:00,0.64797,0.71991
2023-08-27 09:00:00,0.68085,0.71759
2023-08-27 10:00:00,0.68472,0.71528
2023-08-27 11:00:00,0.66151,0.70139
2023-08-27 12:00:00,0.62282,0.67593
2023-08-27 13:00:00,0.5706,0.64352
2023-08-27 14:00:00,0.51257,0.6088
2023-08-27 15:00:00,0.45648,0.58333
2023-08-27 16:00:00,0.40426,0.5625
2023-08-27 17:00:00,0.39652,0.55787
2023-08-27 18:00:00,0.42166,0.56019
2023-08-27 19:00:00,0.47002,0.57176
2023-08-27 20:00:00,0.51451,0.57639
2023-08-27 21:00:00,0.5648,0.57407
2023-08-27 22:00:00,0.60542,0.57176
2023-08-27 23:00:00,0.64023,0.58333
2023-08-28 00:00:00,0.6441,0.58333
2023-08-28 01:00:00,0.63443,0.57639
2023-08-28 02:00:00,0.61122,0.56481
2023-08-28 03:00:00,0.57253,0.53704
2023-08-28 04:00:00,0.52224,0.50694
2023-08-28 05:00:00,0.47389,0.48148
2023-08-28 06:00:00,0.42747,0.46528
2023-08-28 07:00:00,0.39458,0.46528
2023-08-28 08:00:00,0.39458,0.46991
2023-08-28 09:00:00,0.41973,0.46759
2023-08-28 10:00:00,0.46035,0.46296
2023-08-28 11:00:00,0.49323,0.44676
2023-08-28 12:00:00,0.52418,0.4375
2023-08-28 13:00:00,0.56673,0.44213
2023-08-28 14:00:00,0.61122,0.46065
2023-08-28 15:00:00,0.64023,0.47685
2023-08-28 16:00:00,0.64023,0.47222
2023-08-28 17:00:00,0.62863,0.46065
2023-08-28 18:00:00,0.60155,0.43056
2023-08-28 19:00:00,0.55706,0.39352
2023-08-28 20:00:00,0.5087,0.36343
2023-08-28 21:00:00,0.46035,0.35185
2023-08-28 22:00:00,0.4294,0.35648
2023-08-28 23:00:00,0.4352,0.35648
2023-08-29 00:00:00,0.54932,0.71528
2023-08-29 01:00:00,0.54739,0.71991
2023-08-29 02:00:00,0.55126,0.71991
2023-08-29 03:00:00,0.54932,0.71759
2023-08-29 04:00:00,0.55126,0.71991
2023-08-29 05:00:00,0.54932,0.71759
2023-08-29 06:00:00,0.55706,0.71991
2023-08-29 07:00:00,0.58027,0.72222
2023-08-29 08:00:00,0.61896,0.7338
2023-08-29 09:00:00,0.66538,0.71528
2023-08-29 10:00:00,0.70793,0.69907
2023-08-29 11:00:00,0.73114,0.7037
2023-08-29 12:00:00,0.73114,0.69907
2023-08-29 13:00:00,0.71567,0.68981
2023-08-29 14:00:00,0.69052,0.66667
2023-08-29 15:00:00,0.65571,0.63426
2023-08-29 16:00:00,0.61122,0.59722
2023-08-29 17:00:00,0.56093,0.56481
2023-08-29 18:00:00,0.51064,0.53935
2023-08-29 19:00:00,0.46809,0.52546
2023-08-29 20:00:00,0.46035,0.52778
2023-08-29 21:00:00,0.46809,0.53241
2023-08-29 22:00:00,0.47582,0.53472
2023-08-29 23:00:00,0.51064,0.53472
2023-08-30 00:00:00,0.55319,0.52315
2023-08-30 01:00:00,0.59574,0.50694
2023-08-30 02:00:00,0.6383,0.50231
2023-08-30 03:00:00,0.67311,0.5
2023-08-30 04:00:00,0.69246,0.50694
2023-08-30 05:00:00,0.68859,0.50463
2023-08-30 06:00:00,0.68279,0.49537
2023-08-30 07:00:00,0.65957,0.47222
2023-08-30 08:00:00,0.63056,0.43519
2023-08-30 09:00:00,0.59381,0.40046
2023-08-30 10:00:00,0.55319,0.37731
2023-08-30 11:00:00,0.50677,0.36574
2023-08-30 12:00:00,0.45841,0.36806
2023-08-30 13:00:00,0.43327,0.37731
2023-08-30 14:00:00,0.43133,0.37731
2023-08-30 15:00:00,0.44487,0.37269
2023-08-30 16:00:00,0.47389,0.36111
2023-08-30 17:00:00,0.5087,0.34722
2023-08-30 18:00:00,0.54932,0.33102
2023-08-30 19:00:00,0.58221,0.32176
2023-08-30 20:00:00,0.61509,0.32176
2023-08-30 21:00:00,0.6383,0.77778
2023-08-30 22:00:00,0.6383,0.77546
2023-08-30 23:00:00,0.63636,0.78009
2023-08-31 00:00:00,0.63636,0.77778
2023-08-31 01:00:00,0.63636,0.77778
2023-08-31 02:00:00,0.6325,0.77778
2023-08-31 03:00:00,0.61122,0.7662
2023-08-31 04:00:00,0.55319,0.72685
2023-08-31 05:00:00,0.48936,0.68519
2023-08-31 06:00:00,0.41973,0.63889
2023-08-31 07:00:00,0.37331,0.60185
2023-08-31 08:00:00,0.34236,0.59259
2023-08-31 09:00:00,0.3501,0.59722
2023-08-31 10:00:00,0.3617,0.59491
2023-08-31 11:00:00,0.39265,0.60185
2023-08-31 12:00:00,0.4352,0.61806
2023-08-31 13:00:00,0.49323,0.60417
2023-08-31 14:00:00,0.54352,0.58565
2023-08-31 15:00:00,0.58414,0.57407
2023-08-31 16:00:00,0.62282,0.57407
2023-08-31 17:00:00,0.64603,0.58565
2023-08-31 18:00:00,0.64217,0.58333
2023-08-31 19:00:00,0.63636,0.58102
2023-08-31 20:00:00,0.61702,0.56481
2023-08-31 21:00:00,0.59574,0.54167
2023-08-31 22:00:00,0.56673,0.51157
2023-08-31 23:00:00,0.52418,0.48611
2023-09-01 00:00:00,0.48162,0.47222
2023-09-01 01:00:00,0.44681,0.45833
2023-09-01 02:00:00,0.41393,0.45139
2023-09-01 03:00:00,0.40426,0.45602
2023-09-01 04:00:00,0.40619,0.45139
2023-09-01 05:00:00,0.42747,0.44213
2023-09-01 06:00:00,0.46228,0.43519
2023-09-01 07:00:00,0.49903,0.4213
2023-09-01 08:00:00,0.53385,0.40741
2023-09-01 09:00:00,0.5764,0.40046
2023-09-01 10:00:00,0.60542,0.38889
2023-09-01 11:00:00,0.6441,0.38657
2023-09-01 12:00:00,0.65377,0.38426
2023-09-01 13:00:00,0.64797,0.38194
2023-09-01 14:00:00,0.6383,0.37963
2023-09-01 15:00:00,0.61122,0.36806
2023-09-01 16:00:00,0.56673,0.3588
2023-09-01 17:00:00,0.52998,0.35185
2023-09-01 18:00:00,0.58221,0.72917
2023-09-01 19:00:00,0.58027,0.72917
2023-09-01 20:00:00,0.57834,0.72454
2023-09-01 21:00:00,0.59188,0.73148
2023-09-01 22:00:00,0.61509,0.72685
2023-09-01 23:00:00,0.64797,0.71991
2023-09-02 00:00:00,0.68085,0.71759
2023-09-02 01:00:00,0.68472,0.71528
2023-09-02 02:00:00,0.66151,0.70139
2023-09-02 03:00:00,0.62282,0.67593
2023-09-02 04:00:00,0.5706,0.64352
2023-09-02 05:00:00,0.51257,0.6088
2023-09-02 06:00:00,0.45648,0.58333
2023-09-02 07:00:00,0.40426,0.5625
2023-09-02 08:00:00,0.39652,0.55787
2023-09-02 09:00:00,0.42166,0.56019
2023-09-02 10:00:00,0.47002,0.57176
2023-09-02 11:00:00,0.51451,0.57639
2023-09-02 12:00:00,0.5648,0.57407
2023-09-02 13:00:00,0.60542,0.57176
2023-09-02 14:00:00,0.64023,0.58333
2023-09-02 15:00:00,0.6441,0.58333
2023-09-02 16:00:00,0.63443,0.57639
2023-09-02 17:00:00,0.61122,0.56481
2023-09-02 18:00:00,0.57253,0.53704
2023-09-02 19:00:00,0.52224,0.50694
2023-09-02 20:00:00,0.47389,0.48148
2023-09-02 21:00:00,0.42747,0.46528
2023-09-02 22:00:00,0.39458,0.46528
2023-09-02 23:00:00,0.39458,0.46991
2023-09-03 00:00:00,0.41973,0.46759
2023-09-03 01:00:00,0.46035,0.46296
2023-09-03 02:00:00,0.49323,0.44676
2023-09-03 03:00:00,0.52418,0.4375
2023-09-03 04:00:00,0.56673,0.44213
2023-09-03 05:00:00,0.61122,0.46065
2023-09-03 06:00:00,0.64023,0.47685
2023-09-03 07:00:00,0.64023,0.47222
2023-09-03 08:00:00,0.62863,0.46065
2023-09-03 09:00:00,0.60155,0.43056
2023-09-03 10:00:00,0.55706,0.39352
2023-09-03 11:00:00,0.5087,0.36343
2023-09-03 12:00:00,0.46035,0.35185
2023-09-03 13:00:00,0.4294,0.35648
2023-09-03 14:00:00,0.4352,0.35648
2023-09-03 15:00:00,0.54932,0.71528
2023-09-03 16:00:00,0.54739,0.71991
2023-09-03 17:00:00,0.55126,0.71991
2023-09-03 18:00:00,0.54932,0.71759
2023-09-03 19:00:00,0.55126,0.71991
2023-09-03 20:00:00,0.54932,0.71759
2023-09-03 21:00:00,0.55706,0.71991
2023-09-03 22:00:00,0.58027,0.72222
2023-09-03 23:00:00,0.61896,0.7338
2023-09-04 00:00:00,0.66538,0.71528
2023-09-04 01:00:00,0.70793,0.69907
2023-09-04 02:00:00,0.73114,0.7037
2023-09-04 03:00:00,0.73114,0.69907
2023-09-04 04:00:00,0.71567,0.68981
2023-09-04 05:00:00,0.69052,0.66667
2023-09-04 06:00:00,0.65571,0.63426
2023-09-04 07:00:00,0.61122,0.59722
2023-09-04 08:00:00,0.56093,0.56481
2023-09-04 09:00:00,0.51064,0.53935
2023-09-04 10:00:00,0.46809,0.52546
2023-09-04 11:00:00,0.46035,0.52778
2023-09-04 12:00:00,0.46809,0.53241
2023-09-04 13:00:00,0.47582,0.53472
2023-09-04 14:00:00,0.51064,0.53472
2023-09-04 15:00:00,0.55319,0.52315
2023-09-04 16:00:00,0.59574,0.50694
2023-09-04 17:00:00,0.6383,0.50231
2023-09-04 18:00:00,0.67311,0.5
2023-09-04 19:00:00,0.69246,0.50694
2023-09-04 20:00:00,0.68859,0.50463
2023-09-04 21:00:00,0.68279,0.49537
2023-09-04 22:00:00,0.65957,0.47222
2023-09-04 23:00:00,0.63056,0.43519
2023-09-05 00:00:00,0.59381,0.40046
2023-09-05 01:00:00,0.55319,0.37731
2023-09-05 02:00:00,0.50677,0.36574
2023-09-05 03:00:00,0.45841,0.36806
2023-09-05 04:00:00,0.43327,0.37731
2023-09-05 05:00:00,0.43133,0.37731
2023-09-05 06:00:00,0.44487,0.37269
2023-09-05 07:00:00,0.47389,0.36111
2023-09-05 08:00:00,0.5087,0.34722
2023-09-05 09:00:00,0.54932,0.33102
2023-09-05 10:00:00,0.58221,0.32176
2023-09-05 11:00:00,0.61509,0.32176
2023-09-05 12:00:00,0.9323,0.55556
2023-09-05 13:00:00,0.93037,0.55556
2023-09-05 14:00:00,0.9323,0.55787
2023-09-05 15:00:00,0.9323,0.55556
2023-09-05 16:00:00,0.9323,0.55787
2023-09-05 17:00:00,0.9323,0.55556
2023-09-05 18:00:00,0.93424,0.55324
2023-09-05 19:00:00,0.94197,0.55093
2023-09-05 20:00:00,0.94391,0.54861
2023-09-05 21:00:00,0.94391,0.53935
2023-09-05 22:00:00,0.94197,0.52778
2023-09-05 23:00:00,0.94197,0.50694
2023-09-06 00:00:00,0.9381,0.48148
2023-09-06 01:00:00,0.9265,0.5
2023-09-06 02:00:00,0.90522,0.47685
2023-09-06 03:00:00,0.88395,0.45139
2023-09-06 04:00:00,0.853,0.41667
2023-09-06 05:00:00,0.81238,0.40509
2023-09-06 06:00:00,0.78143,0.42361
2023-09-06 07:00:00,0.75629,0.45833
2023-09-06 08:00:00,0.73501,0.48611
2023-09-06 09:00:00,0.7176,0.50926
2023-09-06 10:00:00,0.706,0.53241
2023-09-06 11:00:00,0.69052,0.55324
2023-09-06 12:00:00,0.68085,0.57407
2023-09-06 13:00:00,0.68279,0.59722
2023-09-06 14:00:00,0.66538,0.61111
2023-09-06 15:00:00,0.63056,0.61806
2023-09-06 16:00:00,0.60928,0.62269
2023-09-06 17:00:00,0.58994,0.61806
2023-09-06 18:00:00,0.54932,0.61574
2023-09-06 19:00:00,0.53385,0.59491
2023-09-06 20:00:00,0.52224,0.57176
2023-09-06 21:00:00,0.5087,0.5463
2023-09-06 22:00:00,0.49903,0.50694
2023-09-06 23:00:00,0.49516,0.46296
2023-09-07 00:00:00,0.48936,0.4213
2023-09-07 01:00:00,0.48162,0.37963
2023-09-07 02:00:00,0.46615,0.34259
2023-09-07 03:00:00,0.43714,0.32176
2023-09-07 04:00:00,0.40232,0.31481
2023-09-07 05:00:00,0.3675,0.31713
2023-09-07 06:00:00,0.33462,0.32407
2023-09-07 07:00:00,0.30754,0.33796
2023-09-07 08:00:00,0.2882,0.37037
2023-09-07 09:00:00,0.8646,0.50926
2023-09-07 10:00:00,0.86074,0.50926
2023-09-07 11:00:00,0.86267,0.50926
2023-09-07 12:00:00,0.8646,0.50694
2023-09-07 13:00:00,0.86074,0.50926
2023-09-07 14:00:00,0.8646,0.50694
2023-09-07 15:00:00,0.86267,0.50463
2023-09-07 16:00:00,0.86267,0.49074
2023-09-07 17:00:00,0.8588,0.47454
2023-09-07 18:00:00,0.85493,0.47222
2023-09-07 19:00:00,0.85106,0.46296
2023-09-07 20:00:00,0.84526,0.4375
2023-09-07 21:00:00,0.83946,0.40046
2023-09-07 22:00:00,0.82979,0.36806
2023-09-07 23:00:00,0.81044,0.34028
2023-09-08 00:00:00,0.78917,0.32407
2023-09-08 01:00:00,0.76209,0.31481
2023-09-08 02:00:00,0.72921,0.31019
2023-09-08 03:00:00,0.69826,0.31481
2023-09-08 04:00:00,0.67118,0.32176
2023-09-08 05:00:00,0.64603,0.34028
2023-09-08 06:00:00,0.62669,0.37037
2023-09-08 07:00:00,0.61315,0.40741
2023-09-08 08:00:00,0.61122,0.44907
2023-09-08 09:00:00,0.60928,0.49074
2023-09-08 10:00:00,0.61122,0.51852
2023-09-08 11:00:00,0.60735,0.54398
2023-09-08 12:00:00,0.60542,0.56019
2023-09-08 13:00:00,0.59768,0.57407
2023-09-08 14:00:00,0.57253,0.59259
2023-09-08 15:00:00,0.54352,0.6088
2023-09-08 16:00:00,0.51644,0.61574
2023-09-08 17:00:00,0.48549,0.61574
2023-09-08 18:00:00,0.45841,0.60185
2023-09-08 19:00:00,0.43907,0.58565
2023-09-08 20:00:00,0.41586,0.56944
2023-09-08 21:00:00,0.40232,0.55324
2023-09-08 22:00:00,0.39845,0.53009
2023-09-08 23:00:00,0.39265,0.50463
2023-09-09 00:00:00,0.38491,0.47685
2023-09-09 01:00:00,0.37718,0.44213
2023-09-09 02:00:00,0.37137,0.40509
2023-09-09 03:00:00,0.35783,0.36806
2023-09-09 04:00:00,0.33849,0.33333
2023-09-09 05:00:00,0.30948,0.30093
2023-09-09 06:00:00,0.85106,0.60417
2023-09-09 07:00:00,0.85106,0.60417
2023-09-09 08:00:00,0.85106,0.60417
2023-09-09 09:00:00,0.85106,0.60417
2023-09-09 10:00:00,0.85493,0.58102
2023-09-09 11:00:00,0.85687,0.55787
2023-09-09 12:00:00,0.8588,0.53472
2023-09-09 13:00:00,0.85106,0.50926
2023-09-09 14:00:00,0.83752,0.47222
2023-09-09 15:00:00,0.82012,0.43519
2023-09-09 16:00:00,0.80077,0.40509
2023-09-09 17:00:00,0.76983,0.38426
2023-09-09 18:00:00,0.73114,0.36574
2023-09-09 19:00:00,0.68859,0.35648
2023-09-09 20:00:00,0.64603,0.37037
2023-09-09 21:00:00,0.60928,0.40741
2023-09-09 22:00:00,0.58414,0.45139
2023-09-09 23:00:00,0.57253,0.49769
2023-09-10 00:00:00,0.58221,0.5463
2023-09-10 01:00:00,0.60735,0.5787
2023-09-10 02:00:00,0.63056,0.60648
2023-09-10 03:00:00,0.63443,0.62037
2023-09-10 04:00:00,0.61509,0.63426
2023-09-10 05:00:00,0.5706,0.65278
2023-09-10 06:00:00,0.52805,0.65972
2023-09-10 07:00:00,0.48936,0.66667
2023-09-10 08:00:00,0.46035,0.65741
2023-09-10 09:00:00,0.44101,0.63194
2023-09-10 10:00:00,0.41779,0.59491
2023-09-10 11:00:00,0.38298,0.56019
2023-09-10 12:00:00,0.3501,0.52083
2023-09-10 13:00:00,0.33269,0.47917
2023-09-10 14:00:00,0.32882,0.42824
2023-09-10 15:00:00,0.30948,0.37963
2023-09-10 16:00:00,0.27079,0.34491
2023-09-10 17:00:00,0.22437,0.3287
2023-09-10 18:00:00,0.18569,0.34722
2023-09-10 19:00:00,0.15861,0.40046
2023-09-10 20:00:00,0.15861,0.46759
2023-09-10 21:00:00,0.17215,0.53241
2023-09-10 22:00:00,0.19149,0.59491
2023-09-10 23:00:00,0.20309,0.65741
2023-09-11 00:00:00,0.18375,0.72454
2023-09-11 01:00:00,0.15861,0.8125
2023-09-11 02:00:00,0.11605,0.86343
2023-09-11 03:00:00,0.87621,0.55324
2023-09-11 04:00:00,0.87427,0.5463
2023-09-11 05:00:00,0.87621,0.55093
2023-09-11 06:00:00,0.87621,0.54861
2023-09-11 07:00:00,0.87621,0.55093
2023-09-11 08:00:00,0.87621,0.55093
2023-09-11 09:00:00,0.87621,0.54861
2023-09-11 10:00:00,0.87621,0.55093
2023-09-11 11:00:00,0.87621,0.55093
2023-09-11 12:00:00,0.87427,0.54861
2023-09-11 13:00:00,0.87621,0.55556
2023-09-11 14:00:00,0.87621,0.56019
2023-09-11 15:00:00,0.87621,0.56481
2023-09-11 16:00:00,0.87621,0.55093
2023-09-11 17:00:00,0.87041,0.50231
2023-09-11 18:00:00,0.86074,0.43056
2023-09-11 19:00:00,0.83752,0.3588
2023-09-11 20:00:00,0.81044,0.29398
2023-09-11 21:00:00,0.77756,0.25231
2023-09-11 22:00:00,0.73694,0.22917
2023-09-11 23:00:00,0.68859,0.23843
2023-09-12 00:00:00,0.6383,0.28935
2023-09-12 01:00:00,0.60735,0.37037
2023-09-12 02:00:00,0.60155,0.47454
2023-09-12 03:00:00,0.60348,0.55556
2023-09-12 04:00:00,0.59381,0.6088
2023-09-12 05:00:00,0.56867,0.64815
2023-09-12 06:00:00,0.54159,0.65509
2023-09-12 07:00:00,0.52224,0.625
2023-09-12 08:00:00,0.50484,0.57407
2023-09-12 09:00:00,0.48936,0.50694
2023-09-12 10:00:00,0.47389,0.43287
2023-09-12 11:00:00,0.46035,0.36111
2023-09-12 12:00:00,0.44487,0.30093
2023-09-12 13:00:00,0.42553,0.24306
2023-09-12 14:00:00,0.40039,0.20833
2023-09-12 15:00:00,0.3675,0.19444
2023-09-12 16:00:00,0.32882,0.22685
2023-09-12 17:00:00,0.2882,0.28009
2023-09-12 18:00:00,0.26112,0.3588
2023-09-12 19:00:00,0.24565,0.43519
2023-09-12 20:00:00,0.22824,0.52083
2023-09-12 21:00:00,0.21857,0.58565
2023-09-12 22:00:00,0.20503,0.66667
2023-09-12 23:00:00,0.18569,0.69213
2023-09-13 00:00:00,0.83172,0.7338
2023-09-13 01:00:00,0.83366,0.73148
2023-09-13 02:00:00,0.82979,0.73611
2023-09-13 03:00:00,0.82979,0.72454
2023-09-13 04:00:00,0.82979,0.72222
2023-09-13 05:00:00,0.83172,0.72222
2023-09-13 06:00:00,0.83172,0.71991
2023-09-13 07:00:00,0.82785,0.69676
2023-09-13 08:00:00,0.82205,0.65741
2023-09-13 09:00:00,0.81625,0.61574
2023-09-13 10:00:00,0.81044,0.57407
2023-09-13 11:00:00,0.80077,0.52546
2023-09-13 12:00:00,0.7795,0.47685
2023-09-13 13:00:00,0.74855,0.43981
2023-09-13 14:00:00,0.7118,0.43981
2023-09-13 15:00:00,0.67698,0.47454
2023-09-13 16:00:00,0.65764,0.5162
2023-09-13 17:00:00,0.64797,0.55787
2023-09-13 18:00:00,0.64603,0.60417
2023-09-13 19:00:00,0.6383,0.65046
2023-09-13 20:00:00,0.62089,0.6875
2023-09-13 21:00:00,0.59574,0.71759
2023-09-13 22:00:00,0.5648,0.74074
2023-09-13 23:00:00,0.53191,0.74537
2023-09-14 00:00:00,0.5029,0.72222
2023-09-14 01:00:00,0.48356,0.67824
2023-09-14 02:00:00,0.45648,0.62037
2023-09-14 03:00:00,0.45841,0.57407
2023-09-14 04:00:00,0.47195,0.52083
2023-09-14 05:00:00,0.47002,0.46296
2023-09-14 06:00:00,0.44487,0.41898
2023-09-14 07:00:00,0.39652,0.39815
2023-09-14 08:00:00,0.33462,0.39815
2023-09-14 09:00:00,0.29014,0.41435
2023-09-14 10:00:00,0.26112,0.47685
2023-09-14 11:00:00,0.25919,0.53704
2023-09-14 12:00:00,0.26499,0.59491
2023-09-14 13:00:00,0.26306,0.64815
2023-09-14 14:00:00,0.24758,0.69213
2023-09-14 15:00:00,0.19342,0.73148
2023-09-14 16:00:00,0.16634,0.75694
2023-09-14 17:00:00,0.12766,0.74537
2023-09-14 18:00:00,0.096712,0.71759
2023-09-14 19:00:00,0.077369,0.67361
2023-09-14 20:00:00,0.056093,0.64583
2023-09-14 21:00:00,0.78337,0.71991
2023-09-14 22:00:00,0.78337,0.71759
2023-09-14 23:00:00,0.78143,0.72222
2023-09-15 00:00:00,0.78143,0.71991
2023-09-15 01:00:00,0.78143,0.7037
2023-09-15 02:00:00,0.77756,0.67824
2023-09-15 03:00:00,0.77369,0.6412
2023-09-15 04:00:00,0.77176,0.6088
2023-09-15 05:00:00,0.77756,0.55787
2023-09-15 06:00:00,0.77563,0.51389
2023-09-15 07:00:00,0.76402,0.47917
2023-09-15 08:00:00,0.73308,0.45602
2023-09-15 09:00:00,0.69246,0.45139
2023-09-15 10:00:00,0.6499,0.45833
2023-09-15 11:00:00,0.61896,0.48843
2023-09-15 12:00:00,0.59574,0.52315
2023-09-15 13:00:00,0.58027,0.5625
2023-09-15 14:00:00,0.5764,0.59259
2023-09-15 15:00:00,0.57447,0.62963
2023-09-15 16:00:00,0.56093,0.66435
2023-09-15 17:00:00,0.53965,0.69213
2023-09-15 18:00:00,0.51838,0.69907
2023-09-15 19:00:00,0.48356,0.69444
2023-09-15 20:00:00,0.45648,0.68519
2023-09-15 21:00:00,0.44101,0.66667
2023-09-15 22:00:00,0.4294,0.63889
2023-09-15 23:00:00,0.4236,0.60185
2023-09-16 00:00:00,0.43327,0.5625
2023-09-16 01:00:00,0.4352,0.51852
2023-09-16 02:00:00,0.42553,0.47454
2023-09-16 03:00:00,0.39652,0.43981
2023-09-16 04:00:00,0.35977,0.42361
2023-09-16 05:00:00,0.32689,0.43056
2023-09-16 06:00:00,0.30948,0.46296
2023-09-16 07:00:00,0.294,0.51157
2023-09-16 08:00:00,0.28433,0.55093
2023-09-16 09:00:00,0.27853,0.60417
2023-09-16 10:00:00,0.28046,0.64815
2023-09-16 11:00:00,0.25532,0.67361
2023-09-16 12:00:00,0.21663,0.6875
2023-09-16 13:00:00,0.20696,0.70602
2023-09-16 14:00:00,0.12959,0.71528
2023-09-16 15:00:00,0.11025,0.6713
2023-09-16 16:00:00,0.098646,0.62731
2023-09-16 17:00:00,0.090909,0.61111
2023-09-16 18:00:00,0.83752,0.59722
2023-09-16 19:00:00,0.83559,0.59954
2023-09-16 20:00:00,0.83946,0.59954
2023-09-16 21:00:00,0.83366,0.60185
2023-09-16 22:00:00,0.83559,0.60648
2023-09-16 23:00:00,0.83559,0.60648
2023-09-17 00:00:00,0.84139,0.59954
2023-09-17 01:00:00,0.82979,0.60185
2023-09-17 02:00:00,0.82979,0.59491
2023-09-17 03:00:00,0.78723,0.58102
2023-09-17 04:00:00,0.7795,0.56481
2023-09-17 05:00:00,0.76789,0.54167
2023-09-17 06:00:00,0.75822,0.51852
2023-09-17 07:00:00,0.75435,0.51157
2023-09-17 08:00:00,0.74468,0.49074
2023-09-17 09:00:00,0.72921,0.47454
2023-09-17 10:00:00,0.70986,0.46528
2023-09-17 11:00:00,0.69052,0.46528
2023-09-17 12:00:00,0.67118,0.47222
2023-09-17 13:00:00,0.65377,0.4838
2023-09-17 14:00:00,0.64023,0.5
2023-09-17 15:00:00,0.62863,0.51852
2023-09-17 16:00:00,0.61702,0.54167
2023-09-17 17:00:00,0.60735,0.56019
2023-09-17 18:00:00,0.59574,0.58796
2023-09-17 19:00:00,0.59188,0.60648
2023-09-17 20:00:00,0.58607,0.63426
2023-09-17 21:00:00,0.57834,0.65046
2023-09-17 22:00:00,0.5706,0.66667
2023-09-17 23:00:00,0.56093,0.68056
2023-09-18 00:00:00,0.55126,0.6875
2023-09-18 01:00:00,0.52224,0.69676
2023-09-18 02:00:00,0.4971,0.71296
2023-09-18 03:00:00,0.47002,0.71759
2023-09-18 04:00:00,0.4352,0.72222
2023-09-18 05:00:00,0.40426,0.71759
2023-09-18 06:00:00,0.38104,0.71296
2023-09-18 07:00:00,0.36364,0.70139
2023-09-18 08:00:00,0.35203,0.69213
2023-09-18 09:00:00,0.3617,0.6875
2023-09-18 10:00:00,0.3617,0.66667
2023-09-18 11:00:00,0.3559,0.64815
2023-09-18 12:00:00,0.3501,0.625
2023-09-18 13:00:00,0.33075,0.60648
2023-09-18 14:00:00,0.31915,0.58102
2023-09-18 15:00:00,0.82398,0.64815
2023-09-18 16:00:00,0.78917,0.64583
2023-09-18 17:00:00,0.77563,0.63194
2023-09-18 18:00:00,0.76402,0.64352
2023-09-18 19:00:00,0.75822,0.63426
2023-09-18 20:00:00,0.75048,0.6088
2023-09-18 21:00:00,0.73888,0.58102
2023-09-18 22:00:00,0.72727,0.55556
2023-09-18 23:00:00,0.7118,0.52315
2023-09-19 00:00:00,0.68859,0.49769
2023-09-19 01:00:00,0.66344,0.48148
2023-09-19 02:00:00,0.63636,0.47917
2023-09-19 03:00:00,0.60928,0.49074
2023-09-19 04:00:00,0.58607,0.50694
2023-09-19 05:00:00,0.5648,0.53009
2023-09-19 06:00:00,0.54932,0.55324
2023-09-19 07:00:00,0.53965,0.5787
2023-09-19 08:00:00,0.53385,0.59954
2023-09-19 09:00:00,0.52998,0.63194
2023-09-19 10:00:00,0.52031,0.6713
2023-09-19 11:00:00,0.51257,0.69907
2023-09-19 12:00:00,0.5029,0.71528
2023-09-19 13:00:00,0.48356,0.71991
2023-09-19 14:00:00,0.46228,0.74537
2023-09-19 15:00:00,0.4352,0.7662
2023-09-19 16:00:00,0.41779,0.78009
2023-09-19 17:00:00,0.40232,0.78704
2023-09-19 18:00:00,0.38298,0.78009
2023-09-19 19:00:00,0.36364,0.77083
2023-09-19 20:00:00,0.34623,0.75926
2023-09-19 21:00:00,0.33075,0.74306
2023-09-19 22:00:00,0.31528,0.72685
2023-09-19 23:00:00,0.30561,0.70833
2023-09-20 00:00:00,0.29014,0.6875
2023-09-20 01:00:00,0.27853,0.66667
2023-09-20 02:00:00,0.27853,0.65046
2023-09-20 03:00:00,0.2766,0.625
2023-09-20 04:00:00,0.26692,0.60417
2023-09-20 05:00:00,0.25919,0.57639
2023-09-20 06:00:00,0.24758,0.5463
2023-09-20 07:00:00,0.23791,0.51852
2023-09-20 08:00:00,0.22437,0.50463
2023-09-20 09:00:00,0.22631,0.47917
2023-09-20 10:00:00,0.2147,0.46759
2023-09-20 11:00:00,0.20696,0.44213
2023-09-20 12:00:00,0.8646,0.67593
2023-09-20 13:00:00,0.87234,0.66667
2023-09-20 14:00:00,0.8646,0.65741
2023-09-20 15:00:00,0.853,0.64352
2023-09-20 16:00:00,0.82012,0.63889
2023-09-20 17:00:00,0.80851,0.64352
2023-09-20 18:00:00,0.79497,0.59954
2023-09-20 19:00:00,0.76983,0.55324
2023-09-20 20:00:00,0.74662,0.51389
2023-09-20 21:00:00,0.7176,0.49306
2023-09-20 22:00:00,0.68279,0.48843
2023-09-20 23:00:00,0.6441,0.49306
2023-09-21 00:00:00,0.61315,0.50926
2023-09-21 01:00:00,0.59381,0.53472
2023-09-21 02:00:00,0.5764,0.56481
2023-09-21 03:00:00,0.55899,0.59491
2023-09-21 04:00:00,0.54739,0.625
2023-09-21 05:00:00,0.53578,0.66898
2023-09-21 06:00:00,0.52805,0.70139
2023-09-21 07:00:00,0.4913,0.71065
2023-09-21 08:00:00,0.48162,0.74074
2023-09-21 09:00:00,0.46422,0.75926
2023-09-21 10:00:00,0.43907,0.77083
2023-09-21 11:00:00,0.40039,0.77546
2023-09-21 12:00:00,0.3675,0.7662
2023-09-21 13:00:00,0.34429,0.75231
2023-09-21 14:00:00,0.32302,0.73148
2023-09-21 15:00:00,0.31335,0.70139
2023-09-21 16:00:00,0.31141,0.66898
2023-09-21 17:00:00,0.30948,0.63194
2023-09-21 18:00:00,0.30368,0.59722
2023-09-21 19:00:00,0.29594,0.57176
2023-09-21 20:00:00,0.28433,0.54167
2023-09-21 21:00:00,0.28046,0.53241
2023-09-21 22:00:00,0.27273,0.5162
2023-09-21 23:00:00,0.25145,0.51157
2023-09-22 00:00:00,0.22824,0.52083
2023-09-22 01:00:00,0.19923,0.55093
2023-09-22 02:00:00,0.16828,0.58796
2023-09-22 03:00:00,0.13346,0.63889
2023-09-22 04:00:00,0.094778,0.6875
2023-09-22 05:00:00,0.059961,0.75463
2023-09-22 06:00:00,0.029014,0.82407
2023-09-22 07:00:00,0.011605,0.87269
2023-09-22 08:00:00,0.005803,0.88426
2023-09-22 09:00:00,0.80464,0.625
2023-09-22 10:00:00,0.80077,0.62269
2023-09-22 11:00:00,0.78723,0.62037
2023-09-22 12:00:00,0.76983,0.61806
2023-09-22 13:00:00,0.76402,0.62963
2023-09-22 14:00:00,0.74855,0.62269
2023-09-22 15:00:00,0.73308,0.60185
2023-09-22 16:00:00,0.71567,0.58565
2023-09-22 17:00:00,0.70406,0.56481
2023-09-22 18:00:00,0.68665,0.53935
2023-09-22 19:00:00,0.66925,0.51852
2023-09-22 20:00:00,0.64023,0.50463
2023-09-22 21:00:00,0.61122,0.50694
2023-09-22 22:00:00,0.5764,0.51852
2023-09-22 23:00:00,0.54739,0.53704
2023-09-23 00:00:00,0.52418,0.56019
2023-09-23 01:00:00,0.51257,0.5787
2023-09-23 02:00:00,0.5087,0.59491
2023-09-23 03:00:00,0.5087,0.61806
2023-09-23 04:00:00,0.50677,0.64815
2023-09-23 05:00:00,0.50484,0.67824
2023-09-23 06:00:00,0.49323,0.70139
2023-09-23 07:00:00,0.47969,0.71528
2023-09-23 08:00:00,0.43907,0.71991
2023-09-23 09:00:00,0.42747,0.72917
2023-09-23 10:00:00,0.40619,0.7338
2023-09-23 11:00:00,0.39072,0.72917
2023-09-23 12:00:00,0.38491,0.71991
2023-09-23 13:00:00,0.37524,0.71065
2023-09-23 14:00:00,0.3559,0.68287
2023-09-23 15:00:00,0.34236,0.65278
2023-09-23 16:00:00,0.33075,0.62269
2023-09-23 17:00:00,0.32302,0.59954
2023-09-23 18:00:00,0.31335,0.5787
2023-09-23 19:00:00,0.30368,0.55787
2023-09-23 20:00:00,0.29207,0.5463
2023-09-23 21:00:00,0.27853,0.52315
2023-09-23 22:00:00,0.26112,0.50231
2023-09-23 23:00:00,0.24952,0.4838
2023-09-24 00:00:00,0.23985,0.47685
2023-09-24 01:00:00,0.22824,0.47917
2023-09-24 02:00:00,0.2147,0.49537
2023-09-24 03:00:00,0.19923,0.52083
2023-09-24 04:00:00,0.18569,0.55324
2023-09-24 05:00:00,0.17021,0.58333
2023-09-24 06:00:00,0.68472,0.58102
2023-09-24 07:00:00,0.68472,0.58102
2023-09-24 08:00:00,0.68472,0.5787
2023-09-24 09:00:00,0.68472,0.58102
2023-09-24 10:00:00,0.68472,0.5787
2023-09-24 11:00:00,0.68472,0.57639
2023-09-24 12:00:00,0.68279,0.55787
2023-09-24 13:00:00,0.67311,0.52546
2023-09-24 14:00:00,0.65571,0.4838
2023-09-24 15:00:00,0.6325,0.44444
2023-09-24 16:00:00,0.60348,0.41204
2023-09-24 17:00:00,0.57253,0.3912
2023-09-24 18:00:00,0.53772,0.37963
2023-09-24 19:00:00,0.50677,0.37963
2023-09-24 20:00:00,0.48162,0.3912
2023-09-24 21:00:00,0.46809,0.41435
2023-09-24 22:00:00,0.45648,0.44213
2023-09-24 23:00:00,0.45068,0.47685
2023-09-25 00:00:00,0.44874,0.50926
2023-09-25 01:00:00,0.44681,0.54167
2023-09-25 02:00:00,0.43327,0.56944
2023-09-25 03:00:00,0.41973,0.59259
2023-09-25 04:00:00,0.41006,0.61111
2023-09-25 05:00:00,0.40039,0.63657
2023-09-25 06:00:00,0.38878,0.65278
2023-09-25 07:00:00,0.37137,0.65741
2023-09-25 08:00:00,0.35203,0.65509
2023-09-25 09:00:00,0.33462,0.64583
2023-09-25 10:00:00,0.32108,0.63426
2023-09-25 11:00:00,0.30948,0.61111
2023-09-25 12:00:00,0.30368,0.57407
2023-09-25 13:00:00,0.30368,0.53009
2023-09-25 14:00:00,0.30368,0.47917
2023-09-25 15:00:00,0.30174,0.43519
2023-09-25 16:00:00,0.29594,0.39815
2023-09-25 17:00:00,0.29014,0.36806
2023-09-25 18:00:00,0.28433,0.35185
2023-09-25 19:00:00,0.27079,0.33796
2023-09-25 20:00:00,0.23985,0.32639
2023-09-25 21:00:00,0.20116,0.3287
2023-09-25 22:00:00,0.17215,0.33796
2023-09-25 23:00:00,0.15087,0.34954
2023-09-26 00:00:00,0.13926,0.34491
2023-09-26 01:00:00,0.13153,0.35185
2023-09-26 02:00:00,0.12766,0.38194
2023-09-26 03:00:00,0.66925,0.62269
2023-09-26 04:00:00,0.66731,0.61574
2023-09-26 05:00:00,0.65957,0.59722
2023-09-26 06:00:00,0.64603,0.56019
2023-09-26 07:00:00,0.61896,0.51157
2023-09-26 08:00:00,0.58801,0.46759
2023-09-26 09:00:00,0.55706,0.4375
2023-09-26 10:00:00,0.52418,0.4213
2023-09-26 11:00:00,0.49516,0.41435
2023-09-26 12:00:00,0.47002,0.41667
2023-09-26 13:00:00,0.44487,0.42824
2023-09-26 14:00:00,0.42553,0.44444
2023-09-26 15:00:00,0.40619,0.46759
2023-09-26 16:00:00,0.39072,0.49537
2023-09-26 17:00:00,0.38298,0.52315
2023-09-26 18:00:00,0.38491,0.55324
2023-09-26 19:00:00,0.39265,0.58565
2023-09-26 20:00:00,0.39845,0.60648
2023-09-26 21:00:00,0.39845,0.625
2023-09-26 22:00:00,0.39458,0.65046
2023-09-26 23:00:00,0.39072,0.67361
2023-09-27 00:00:00,0.38491,0.6875
2023-09-27 01:00:00,0.37137,0.70139
2023-09-27 02:00:00,0.36364,0.7037
2023-09-27 03:00:00,0.33849,0.71065
2023-09-27 04:00:00,0.31335,0.70139
2023-09-27 05:00:00,0.2882,0.67361
2023-09-27 06:00:00,0.26112,0.63657
2023-09-27 07:00:00,0.24178,0.59722
2023-09-27 08:00:00,0.22631,0.56019
2023-09-27 09:00:00,0.22244,0.51852
2023-09-27 10:00:00,0.21857,0.47454
2023-09-27 11:00:00,0.2147,0.4375
2023-09-27 12:00:00,0.20309,0.40509
2023-09-27 13:00:00,0.18762,0.38194
2023-09-27 14:00:00,0.16441,0.36343
2023-09-27 15:00:00,0.13346,0.34954
2023-09-27 16:00:00,0.10638,0.33333
2023-09-27 17:00:00,0.090909,0.34491
2023-09-27 18:00:00,0.083172,0.37037
2023-09-27 19:00:00,0.079304,0.40509
2023-09-27 20:00:00,0.067698,0.44907
2023-09-27 21:00:00,0.046422,0.5
2023-09-27 22:00:00,0.030948,0.54167
2023-09-27 23:00:00,0.021277,0.58565
2023-09-28 00:00:00,0.67505,0.69444
2023-09-28 01:00:00,0.67505,0.69444
2023-09-28 02:00:00,0.67118,0.69444
2023-09-28 03:00:00,0.67118,0.69444
2023-09-28 04:00:00,0.66925,0.69444
2023-09-28 05:00:00,0.67118,0.69444
2023-09-28 06:00:00,0.66925,0.69213
2023-09-28 07:00:00,0.66925,0.69213
2023-09-28 08:00:00,0.67311,0.69213
2023-09-28 09:00:00,0.68279,0.69213
2023-09-28 10:00:00,0.69439,0.68981
2023-09-28 11:00:00,0.7118,0.68981
2023-09-28 12:00:00,0.72921,0.68519
2023-09-28 13:00:00,0.75048,0.67824
2023-09-28 14:00:00,0.77369,0.66898
2023-09-28 15:00:00,0.7911,0.65509
2023-09-28 16:00:00,0.80077,0.64352
2023-09-28 17:00:00,0.81238,0.62963
2023-09-28 18:00:00,0.81431,0.61806
2023-09-28 19:00:00,0.80851,0.60417
2023-09-28 20:00:00,0.79497,0.60648
2023-09-28 21:00:00,0.77756,0.61343
2023-09-28 22:00:00,0.75048,0.61574
2023-09-28 23:00:00,0.7234,0.61806
2023-09-29 00:00:00,0.69246,0.625
2023-09-29 01:00:00,0.66151,0.63657
2023-09-29 02:00:00,0.63056,0.6412
2023-09-29 03:00:00,0.59961,0.63657
2023-09-29 04:00:00,0.57253,0.62269
2023-09-29 05:00:00,0.55319,0.60185
2023-09-29 06:00:00,0.54159,0.57639
2023-09-29 07:00:00,0.53772,0.55324
2023-09-29 08:00:00,0.54545,0.52083
2023-09-29 09:00:00,0.56286,0.48843
2023-09-29 10:00:00,0.58994,0.46528
2023-09-29 11:00:00,0.62089,0.4537
2023-09-29 12:00:00,0.65571,0.44907
2023-09-29 13:00:00,0.69439,0.44907
2023-09-29 14:00:00,0.73501,0.44907
2023-09-29 15:00:00,0.77563,0.44444
2023-09-29 16:00:00,0.81238,0.43519
2023-09-29 17:00:00,0.83946,0.41667
2023-09-29 18:00:00,0.85493,0.39352
2023-09-29 19:00:00,0.86267,0.36343
2023-09-29 20:00:00,0.86074,0.33565
2023-09-29 21:00:00,0.59768,0.84491
2023-09-29 22:00:00,0.59961,0.84491
2023-09-29 23:00:00,0.58994,0.85417
2023-09-30 00:00:00,0.55899,0.8588
2023-09-30 01:00:00,0.51257,0.84954
2023-09-30 02:00:00,0.46035,0.83565
2023-09-30 03:00:00,0.4236,0.80556
2023-09-30 04:00:00,0.39652,0.77315
2023-09-30 05:00:00,0.40619,0.75231
2023-09-30 06:00:00,0.41973,0.7338
2023-09-30 07:00:00,0.44681,0.72454
2023-09-30 08:00:00,0.48743,0.72222
2023-09-30 09:00:00,0.52805,0.72454
2023-09-30 10:00:00,0.56867,0.72685
2023-09-30 11:00:00,0.60735,0.71065
2023-09-30 12:00:00,0.62669,0.68287
2023-09-30 13:00:00,0.63443,0.64815
2023-09-30 14:00:00,0.6325,0.61111
2023-09-30 15:00:00,0.60542,0.5787
2023-09-30 16:00:00,0.56673,0.56713
2023-09-30 17:00:00,0.52611,0.58333
2023-09-30 18:00:00,0.47969,0.59491
2023-09-30 19:00:00,0.42553,0.59259
2023-09-30 20:00:00,0.37331,0.57407
2023-09-30 21:00:00,0.34043,0.53704
2023-09-30 22:00:00,0.33462,0.49537
2023-09-30 23:00:00,0.35397,0.45602
2023-10-01 00:00:00,0.38491,0.41898
2023-10-01 01:00:00,0.42166,0.40972
2023-10-01 02:00:00,0.45648,0.41898
2023-10-01 03:00:00,0.5029,0.41898
2023-10-01 04:00:00,0.55706,0.41204
2023-10-01 05:00:00,0.60348,0.39352
2023-10-01 06:00:00,0.64023,0.36343
2023-10-01 07:00:00,0.66538,0.32176
2023-10-01 08:00:00,0.67118,0.27083
2023-10-01 09:00:00,0.66151,0.23148
2023-10-01 10:00:00,0.62089,0.20139
2023-10-01 11:00:00,0.56673,0.1875
2023-10-01 12:00:00,0.51064,0.19213
2023-10-01 13:00:00,0.46035,0.19213
2023-10-01 14:00:00,0.41586,0.18056
2023-10-01 15:00:00,0.38491,0.16435
2023-10-01 16:00:00,0.37331,0.13657
2023-10-01 17:00:00,0.38104,0.11111
2023-10-01 18:00:00,0.67892,0.77546
2023-10-01 19:00:00,0.67892,0.77546
2023-10-01 20:00:00,0.67698,0.77546
2023-10-01 21:00:00,0.66344,0.77778
2023-10-01 22:00:00,0.63443,0.78241
2023-10-01 23:00:00,0.59381,0.78935
2023-10-02 00:00:00,0.54352,0.77546
2023-10-02 01:00:00,0.5087,0.75926
2023-10-02 02:00:00,0.48549,0.73611
2023-10-02 03:00:00,0.47582,0.71759
2023-10-02 04:00:00,0.48743,0.68981
2023-10-02 05:00:00,0.51451,0.66204
2023-10-02 06:00:00,0.54352,0.65278
2023-10-02 07:00:00,0.5764,0.65046
2023-10-02 08:00:00,0.61702,0.63889
2023-10-02 09:00:00,0.65184,0.62037
2023-10-02 10:00:00,0.66538,0.59491
2023-10-02 11:00:00,0.66731,0.56944
2023-10-02 12:00:00,0.66151,0.53704
2023-10-02 13:00:00,0.64217,0.5162
2023-10-02 14:00:00,0.60735,0.51157
2023-10-02 15:00:00,0.56867,0.51852
2023-10-02 16:00:00,0.52224,0.51157
2023-10-02 17:00:00,0.47776,0.4838
2023-10-02 18:00:00,0.45455,0.44213
2023-10-02 19:00:00,0.45455,0.40046
2023-10-02 20:00:00,0.46809,0.375
2023-10-02 21:00:00,0.49516,0.35185
2023-10-02 22:00:00,0.53191,0.33565
2023-10-02 23:00:00,0.57253,0.33796
2023-10-03 00:00:00,0.61896,0.34259
2023-10-03 01:00:00,0.67311,0.32407
2023-10-03 02:00:00,0.71567,0.28009
2023-10-03 03:00:00,0.73308,0.22917
2023-10-03 04:00:00,0.72147,0.1875
2023-10-03 05:00:00,0.68279,0.16435
2023-10-03 06:00:00,0.62476,0.15741
2023-10-03 07:00:00,0.5706,0.15509
2023-10-03 08:00:00,0.51644,0.13889
2023-10-03 09:00:00,0.47195,0.11111
2023-10-03 10:00:00,0.45648,0.081019
2023-10-03 11:00:00,0.46615,0.050926
2023-10-03 12:00:00,0.47776,0.037037
2023-10-03 13:00:00,0.4913,0.034722
2023-10-03 14:00:00,0.50097,0.032407
2023-10-03 15:00:00,0.7118,0.74306
2023-10-03 16:00:00,0.7118,0.74074
2023-10-03 17:00:00,0.70986,0.74306
2023-10-03 18:00:00,0.70793,0.74306
2023-10-03 19:00:00,0.706,0.74306
2023-10-03 20:00:00,0.70793,0.74306
2023-10-03 21:00:00,0.706,0.74306
2023-10-03 22:00:00,0.68472,0.74537
2023-10-03 23:00:00,0.63056,0.75463
2023-10-04 00:00:00,0.58607,0.74769
2023-10-04 01:00:00,0.54932,0.7338
2023-10-04 02:00:00,0.53578,0.71528
2023-10-04 03:00:00,0.53965,0.68519
2023-10-04 04:00:00,0.56093,0.66898
2023-10-04 05:00:00,0.58801,0.65972
2023-10-04 06:00:00,0.61315,0.65278
2023-10-04 07:00:00,0.65184,0.65046
2023-10-04 08:00:00,0.69632,0.63889
2023-10-04 09:00:00,0.7234,0.61111
2023-10-04 10:00:00,0.73308,0.56481
2023-10-04 11:00:00,0.73114,0.51852
2023-10-04 12:00:00,0.71373,0.50231
2023-10-04 13:00:00,0.67892,0.50463
2023-10-04 14:00:00,0.63636,0.5
2023-10-04 15:00:00,0.58801,0.49769
2023-10-04 16:00:00,0.54739,0.47917
2023-10-04 17:00:00,0.51644,0.43056
2023-10-04 18:00:00,0.5087,0.38889
2023-10-04 19:00:00,0.51838,0.3588
2023-10-04 20:00:00,0.54739,0.34028
2023-10-04 21:00:00,0.58994,0.32639
2023-10-04 22:00:00,0.62863,0.33102
2023-10-04 23:00:00,0.67311,0.3287
2023-10-05 00:00:00,0.7118,0.29861
2023-10-05 01:00:00,0.72727,0.24769
2023-10-05 02:00:00,0.72921,0.19213
2023-10-05 03:00:00,0.71373,0.15278
2023-10-05 04:00:00,0.67311,0.13889
2023-10-05 05:00:00,0.62282,0.13657
2023-10-05 06:00:00,0.58027,0.14583
2023-10-05 07:00:00,0.53191,0.15046
2023-10-05 08:00:00,0.48162,0.13426
2023-10-05 09:00:00,0.45455,0.1088
2023-10-05 10:00:00,0.45261,0.078704
2023-10-05 11:00:00,0.45648,0.053241
2023-10-05 12:00:00,0.5087,0.84491
2023-10-05 13:00:00,0.5087,0.84491
2023-10-05 14:00:00,0.5087,0.84028
2023-10-05 15:00:00,0.5087,0.83565
2023-10-05 16:00:00,0.50484,0.83796
2023-10-05 17:00:00,0.4913,0.84028
2023-10-05 18:00:00,0.46422,0.84028
2023-10-05 19:00:00,0.44101,0.84028
2023-10-05 20:00:00,0.41779,0.83333
2023-10-05 21:00:00,0.39652,0.8125
2023-10-05 22:00:00,0.38491,0.78704
2023-10-05 23:00:00,0.38491,0.75694
2023-10-06 00:00:00,0.39845,0.7338
2023-10-06 01:00:00,0.42166,0.72222
2023-10-06 02:00:00,0.45261,0.73148
2023-10-06 03:00:00,0.48743,0.73611
2023-10-06 04:00:00,0.52805,0.72454
2023-10-06 05:00:00,0.5648,0.7037
2023-10-06 06:00:00,0.58414,0.66667
2023-10-06 07:00:00,0.58994,0.62269
2023-10-06 08:00:00,0.58801,0.58333
2023-10-06 09:00:00,0.5764,0.56944
2023-10-06 10:00:00,0.54739,0.57176
2023-10-06 11:00:00,0.51257,0.57407
2023-10-06 12:00:00,0.47582,0.57176
2023-10-06 13:00:00,0.44294,0.54861
2023-10-06 14:00:00,0.41393,0.5162
2023-10-06 15:00:00,0.40426,0.47917
2023-10-06 16:00:00,0.40812,0.45139
2023-10-06 17:00:00,0.42166,0.42593
2023-10-06 18:00:00,0.44681,0.40278
2023-10-06 19:00:00,0.48162,0.38889
2023-10-06 20:00:00,0.51257,0.39352
2023-10-06 21:00:00,0.54739,0.3912
2023-10-06 22:00:00,0.58414,0.36343
2023-10-06 23:00:00,0.61702,0.31481
2023-10-07 00:00:00,0.63636,0.26157
2023-10-07 01:00:00,0.6325,0.21991
2023-10-07 02:00:00,0.60735,0.19907
2023-10-07 03:00:00,0.56286,0.18287
2023-10-07 04:00:00,0.51838,0.17593
2023-10-07 05:00:00,0.47969,0.17824
2023-10-07 06:00:00,0.44101,0.17361
2023-10-07 07:00:00,0.41199,0.15509
2023-10-07 08:00:00,0.39458,0.13194
2023-10-07 09:00:00,0.65184,0.7662
2023-10-07 10:00:00,0.65184,0.7662
2023-10-07 11:00:00,0.64603,0.76389
2023-10-07 12:00:00,0.6499,0.76389
2023-10-07 13:00:00,0.64023,0.76852
2023-10-07 14:00:00,0.62089,0.77778
2023-10-07 15:00:00,0.58414,0.77778
2023-10-07 16:00:00,0.54545,0.77778
2023-10-07 17:00:00,0.50677,0.76389
2023-10-07 18:00:00,0.47389,0.75
2023-10-07 19:00:00,0.45841,0.71991
2023-10-07 20:00:00,0.47389,0.70139
2023-10-07 21:00:00,0.51451,0.68056
2023-10-07 22:00:00,0.5706,0.66898
2023-10-07 23:00:00,0.61896,0.66898
2023-10-08 00:00:00,0.65764,0.65509
2023-10-08 01:00:00,0.67698,0.63426
2023-10-08 02:00:00,0.67505,0.59954
2023-10-08 03:00:00,0.6499,0.57407
2023-10-08 04:00:00,0.61509,0.5625
2023-10-08 05:00:00,0.5764,0.56944
2023-10-08 06:00:00,0.53385,0.5787
2023-10-08 07:00:00,0.49516,0.5625
2023-10-08 08:00:00,0.46422,0.53472
2023-10-08 09:00:00,0.44874,0.49769
2023-10-08 10:00:00,0.45261,0.45602
2023-10-08 11:00:00,0.47195,0.4213
2023-10-08 12:00:00,0.50097,0.40972
2023-10-08 13:00:00,0.52611,0.41204
2023-10-08 14:00:00,0.56093,0.42824
2023-10-08 15:00:00,0.60348,0.40972
2023-10-08 16:00:00,0.6499,0.375
2023-10-08 17:00:00,0.67892,0.33565
2023-10-08 18:00:00,0.68279,0.27546
2023-10-08 19:00:00,0.65571,0.23148
2023-10-08 20:00:00,0.60735,0.22454
2023-10-08 21:00:00,0.55319,0.23148
2023-10-08 22:00:00,0.4913,0.22917
2023-10-08 23:00:00,0.4352,0.21296
2023-10-09 00:00:00,0.40619,0.18519
2023-10-09 01:00:00,0.40619,0.15046
2023-10-09 02:00:00,0.42747,0.12731
2023-10-09 03:00:00,0.45841,0.1088
2023-10-09 04:00:00,0.48936,0.10648
2023-10-09 05:00:00,0.52224,0.097222
2023-10-09 06:00:00,0.58801,0.75463
2023-10-09 07:00:00,0.58994,0.75694
2023-10-09 08:00:00,0.58994,0.75926
2023-10-09 09:00:00,0.58607,0.75231
2023-10-09 10:00:00,0.55319,0.76389
2023-10-09 11:00:00,0.51064,0.76852
2023-10-09 12:00:00,0.46422,0.77083
2023-10-09 13:00:00,0.41586,0.7662
2023-10-09 14:00:00,0.3675,0.75231
2023-10-09 15:00:00,0.31915,0.72917
2023-10-09 16:00:00,0.2824,0.70139
2023-10-09 17:00:00,0.25145,0.6713
2023-10-09 18:00:00,0.23404,0.63889
2023-10-09 19:00:00,0.22824,0.6088
2023-10-09 20:00:00,0.22631,0.58333
2023-10-09 21:00:00,0.23017,0.55787
2023-10-09 22:00:00,0.24371,0.53935
2023-10-09 23:00:00,0.26499,0.52546
2023-10-10 00:00:00,0.29207,0.52546
2023-10-10 01:00:00,0.33462,0.52315
2023-10-10 02:00:00,0.38685,0.5162
2023-10-10 03:00:00,0.4352,0.50463
2023-10-10 04:00:00,0.47776,0.49769
2023-10-10 05:00:00,0.51451,0.48843
2023-10-10 06:00:00,0.54932,0.46991
2023-10-10 07:00:00,0.58414,0.44676
2023-10-10 08:00:00,0.61122,0.41435
2023-10-10 09:00:00,0.62863,0.37731
2023-10-10 10:00:00,0.6441,0.33796
2023-10-10 11:00:00,0.6499,0.30556
2023-10-10 12:00:00,0.64217,0.28241
2023-10-10 13:00:00,0.61509,0.27083
2023-10-10 14:00:00,0.57834,0.26157
2023-10-10 15:00:00,0.53578,0.25926
2023-10-10 16:00:00,0.4913,0.25926
2023-10-10 17:00:00,0.45068,0.26157
2023-10-10 18:00:00,0.41779,0.25694
2023-10-10 19:00:00,0.38878,0.24537
2023-10-10 20:00:00,0.3675,0.22917
2023-10-10 21:00:00,0.3501,0.21065
2023-10-10 22:00:00,0.33269,0.19213
2023-10-10 23:00:00,0.31721,0.17361
2023-10-11 00:00:00,0.30948,0.15509
2023-10-11 01:00:00,0.31141,0.13657
2023-10-11 02:00:00,0.31915,0.1088
2023-10-11 03:00:00,0.51064,0.77315
2023-10-11 04:00:00,0.48356,0.77083
2023-10-11 05:00:00,0.43907,0.75463
2023-10-11 06:00:00,0.39265,0.74537
2023-10-11 07:00:00,0.3559,0.73148
2023-10-11 08:00:00,0.32495,0.71296
2023-10-11 09:00:00,0.294,0.6875
2023-10-11 10:00:00,0.27466,0.65972
2023-10-11 11:00:00,0.26499,0.63889
2023-10-11 12:00:00,0.25919,0.62731
2023-10-11 13:00:00,0.26499,0.61111
2023-10-11 14:00:00,0.27853,0.59028
2023-10-11 15:00:00,0.29787,0.56944
2023-10-11 16:00:00,0.31915,0.55324
2023-10-11 17:00:00,0.34236,0.5463
2023-10-11 18:00:00,0.37331,0.53935
2023-10-11 19:00:00,0.41199,0.5463
2023-10-11 20:00:00,0.45841,0.54861
2023-10-11 21:00:00,0.50484,0.5463
2023-10-11 22:00:00,0.54932,0.53704
2023-10-11 23:00:00,0.59574,0.52546
2023-10-12 00:00:00,0.63443,0.51389
2023-10-12 01:00:00,0.67505,0.5
2023-10-12 02:00:00,0.7118,0.47917
2023-10-12 03:00:00,0.73888,0.43981
2023-10-12 04:00:00,0.75629,0.38657
2023-10-12 05:00:00,0.76015,0.33565
2023-10-12 06:00:00,0.75242,0.28935
2023-10-12 07:00:00,0.73694,0.25694
2023-10-12 08:00:00,0.70793,0.2338
2023-10-12 09:00:00,0.67311,0.21528
2023-10-12 10:00:00,0.6325,0.20139
2023-10-12 11:00:00,0.59188,0.19907
2023-10-12 12:00:00,0.54932,0.20139
2023-10-12 13:00:00,0.50484,0.20602
2023-10-12 14:00:00,0.46228,0.21759
2023-10-12 15:00:00,0.42166,0.22222
2023-10-12 16:00:00,0.38685,0.22917
2023-10-12 17:00:00,0.3559,0.22685
2023-10-12 18:00:00,0.33269,0.22222
2023-10-12 19:00:00,0.31141,0.21296
2023-10-12 20:00:00,0.29981,0.20602
2023-10-12 21:00:00,0.28627,0.18981
2023-10-12 22:00:00,0.28046,0.17824
2023-10-12 23:00:00,0.27466,0.15509
2023-10-13 00:00:00,0.4352,0.80787
2023-10-13 01:00:00,0.41586,0.81019
2023-10-13 02:00:00,0.37331,0.79167
2023-10-13 03:00:00,0.33462,0.76157
2023-10-13 04:00:00,0.30174,0.72685
2023-10-13 05:00:00,0.2824,0.70833
2023-10-13 06:00:00,0.29207,0.66204
2023-10-13 07:00:00,0.33849,0.61111
2023-10-13 08:00:00,0.39458,0.59259
2023-10-13 09:00:00,0.45455,0.61111
2023-10-13 10:00:00,0.52031,0.64352
2023-10-13 11:00:00,0.5648,0.65046
2023-10-13 12:00:00,0.58027,0.62037
2023-10-13 13:00:00,0.58414,0.59722
2023-10-13 14:00:00,0.56093,0.53935
2023-10-13 15:00:00,0.53191,0.49769
2023-10-13 16:00:00,0.50484,0.4838
2023-10-13 17:00:00,0.47002,0.47222
2023-10-13 18:00:00,0.44101,0.47222
2023-10-13 19:00:00,0.41199,0.47917
2023-10-13 20:00:00,0.38685,0.49537
2023-10-13 21:00:00,0.3501,0.49074
2023-10-13 22:00:00,0.31721,0.48148
2023-10-13 23:00:00,0.29207,0.47222
2023-10-14 00:00:00,0.27853,0.44676
2023-10-14 01:00:00,0.27273,0.40509
2023-10-14 02:00:00,0.28627,0.36806
2023-10-14 03:00:00,0.32302,0.34491
2023-10-14 04:00:00,0.37331,0.33565
2023-10-14 05:00:00,0.4294,0.34722
2023-10-14 06:00:00,0.47776,0.37731
2023-10-14 07:00:00,0.52611,0.39815
2023-10-14 08:00:00,0.5648,0.41667
2023-10-14 09:00:00,0.56867,0.40046
2023-10-14 10:00:00,0.54739,0.35185
2023-10-14 11:00:00,0.52418,0.3125
2023-10-14 12:00:00,0.49516,0.27083
2023-10-14 13:00:00,0.44874,0.22685
2023-10-14 14:00:00,0.39458,0.19676
2023-10-14 15:00:00,0.34236,0.18519
2023-10-14 16:00:00,0.294,0.16898
2023-10-14 17:00:00,0.25532,0.15046
2023-10-14 18:00:00,0.24178,0.11343
2023-10-14 19:00:00,0.26692,0.083333
2023-10-14 20:00:00,0.30561,0.074074
2023-10-14 21:00:00,0.4971,0.83333
2023-10-14 22:00:00,0.49516,0.83333
2023-10-14 23:00:00,0.4971,0.83565
2023-10-15 00:00:00,0.4971,0.83565
2023-10-15 01:00:00,0.4971,0.83796
2023-10-15 02:00:00,0.49516,0.83796
2023-10-15 03:00:00,0.48936,0.84259
2023-10-15 04:00:00,0.46615,0.84028
2023-10-15 05:00:00,0.4352,0.84028
2023-10-15 06:00:00,0.38298,0.83796
2023-10-15 07:00:00,0.33849,0.82407
2023-10-15 08:00:00,0.31335,0.81019
2023-10-15 09:00:00,0.30754,0.75463
2023-10-15 10:00:00,0.32302,0.71759
2023-10-15 11:00:00,0.3675,0.68519
2023-10-15 12:00:00,0.41973,0.66435
2023-10-15 13:00:00,0.46809,0.67593
2023-10-15 14:00:00,0.51838,0.71991
2023-10-15 15:00:00,0.55319,0.71759
2023-10-15 16:00:00,0.57447,0.68519
2023-10-15 17:00:00,0.58607,0.63889
2023-10-15 18:00:00,0.57834,0.58565
2023-10-15 19:00:00,0.53965,0.53472
2023-10-15 20:00:00,0.4913,0.51389
2023-10-15 21:00:00,0.44874,0.51852
2023-10-15 22:00:00,0.41973,0.53241
2023-10-15 23:00:00,0.38878,0.53009
2023-10-16 00:00:00,0.37137,0.50463
2023-10-16 01:00:00,0.37911,0.45833
2023-10-16 02:00:00,0.40812,0.41204
2023-10-16 03:00:00,0.44874,0.39583
2023-10-16 04:00:00,0.48549,0.40741
2023-10-16 05:00:00,0.52611,0.42361
2023-10-16 06:00:00,0.55899,0.42361
2023-10-16 07:00:00,0.58607,0.39815
2023-10-16 08:00:00,0.59188,0.35417
2023-10-16 09:00:00,0.57447,0.31944
2023-10-16 10:00:00,0.53965,0.30787
2023-10-16 11:00:00,0.48936,0.3125
2023-10-16 12:00:00,0.44101,0.32176
2023-10-16 13:00:00,0.41199,0.31481
2023-10-16 14:00:00,0.40812,0.28241
2023-10-16 15:00:00,0.4352,0.25
2023-10-16 16:00:00,0.47389,0.22685
2023-10-16 17:00:00,0.51064,0.21296
2023-10-16 18:00:00,0.5648,0.8588
2023-10-16 19:00:00,0.5648,0.86111
2023-10-16 20:00:00,0.55899,0.86111
2023-10-16 21:00:00,0.55126,0.8588
2023-10-16 22:00:00,0.52224,0.84954
2023-10-16 23:00:00,0.47389,0.83565
2023-10-17 00:00:00,0.43133,0.80787
2023-10-17 01:00:00,0.40426,0.78472
2023-10-17 02:00:00,0.39072,0.75463
2023-10-17 03:00:00,0.36944,0.71759
2023-10-17 04:00:00,0.35977,0.66667
2023-10-17 05:00:00,0.37331,0.61806
2023-10-17 06:00:00,0.41779,0.58333
2023-10-17 07:00:00,0.47776,0.5787
2023-10-17 08:00:00,0.53578,0.59028
2023-10-17 09:00:00,0.58801,0.60185
2023-10-17 10:00:00,0.63636,0.60648
2023-10-17 11:00:00,0.66731,0.59722
2023-10-17 12:00:00,0.67505,0.56019
2023-10-17 13:00:00,0.66731,0.50463
2023-10-17 14:00:00,0.65184,0.45833
2023-10-17 15:00:00,0.62669,0.43287
2023-10-17 16:00:00,0.59381,0.40972
2023-10-17 17:00:00,0.55126,0.39352
2023-10-17 18:00:00,0.5029,0.38889
2023-10-17 19:00:00,0.45261,0.40278
2023-10-17 20:00:00,0.40426,0.40972
2023-10-17 21:00:00,0.35977,0.41898
2023-10-17 22:00:00,0.32302,0.41898
2023-10-17 23:00:00,0.29594,0.39583
2023-10-18 00:00:00,0.29207,0.35417
2023-10-18 01:00:00,0.31528,0.31481
2023-10-18 02:00:00,0.35783,0.28472
2023-10-18 03:00:00,0.40619,0.27083
2023-10-18 04:00:00,0.45261,0.26852
2023-10-18 05:00:00,0.49516,0.27778
2023-10-18 06:00:00,0.52998,0.29398
2023-10-18 07:00:00,0.56093,0.31944
2023-10-18 08:00:00,0.58027,0.32176
2023-10-18 09:00:00,0.58994,0.30556
2023-10-18 10:00:00,0.58027,0.28009
2023-10-18 11:00:00,0.55126,0.25231
2023-10-18 12:00:00,0.52418,0.2338
2023-10-18 13:00:00,0.4971,0.21296
2023-10-18 14:00:00,0.47002,0.19444
2023-10-18 15:00:00,0.5648,0.8588
2023-10-18 16:00:00,0.5648,0.86111
2023-10-18 17:00:00,0.55899,0.86111
2023-10-18 18:00:00,0.55126,0.8588
2023-10-18 19:00:00,0.52224,0.84954
2023-10-18 20:00:00,0.47389,0.83565
2023-10-18 21:00:00,0.43133,0.80787
2023-10-18 22:00:00,0.40426,0.78472
2023-10-18 23:00:00,0.39072,0.75463
2023-10-19 00:00:00,0.36944,0.71759
2023-10-19 01:00:00,0.35977,0.66667
2023-10-19 02:00:00,0.37331,0.61806
2023-10-19 03:00:00,0.41779,0.58333
2023-10-19 04:00:00,0.47776,0.5787
2023-10-19 05:00:00,0.53578,0.59028
2023-10-19 06:00:00,0.58801,0.60185
2023-10-19 07:00:00,0.63636,0.60648
2023-10-19 08:00:00,0.66731,0.59722
2023-10-19 09:00:00,0.67505,0.56019
2023-10-19 10:00:00,0.66731,0.50463
2023-10-19 11:00:00,0.65184,0.45833
2023-10-19 12:00:00,0.62669,0.43287
2023-10-19 13:00:00,0.59381,0.40972
2023-10-19 14:00:00,0.55126,0.39352
2023-10-19 15:00:00,0.5029,0.38889
2023-10-19 16:00:00,0.45261,0.40278
2023-10-19 17:00:00,0.40426,0.40972
2023-10-19 18:00:00,0.35977,0.41898
2023-10-19 19:00:00,0.32302,0.41898
2023-10-19 20:00:00,0.29594,0.39583
2023-10-19 21:00:00,0.29207,0.35417
2023-10-19 22:00:00,0.31528,0.31481
2023-10-19 23:00:00,0.35783,0.28472
2023-10-20 00:00:00,0.40619,0.27083
2023-10-20 01:00:00,0.45261,0.26852
2023-10-20 02:00:00,0.49516,0.27778
2023-10-20 03:00:00,0.52998,0.29398
2023-10-20 04:00:00,0.56093,0.31944
2023-10-20 05:00:00,0.58027,0.32176
2023-10-20 06:00:00,0.58994,0.30556
2023-10-20 07:00:00,0.58027,0.28009
2023-10-20 08:00:00,0.55126,0.25231
2023-10-20 09:00:00,0.52418,0.2338
2023-10-20 10:00:00,0.4971,0.21296
2023-10-20 11:00:00,0.47002,0.19444
2023-10-20 12:00:00,0.83559,0.29167
2023-10-20 13:00:00,0.83559,0.29398
2023-10-20 14:00:00,0.83559,0.2963
2023-10-20 15:00:00,0.83559,0.29398
2023-10-20 16:00:00,0.83559,0.29398
2023-10-20 17:00:00,0.83366,0.29861
2023-10-20 18:00:00,0.82979,0.31481
2023-10-20 19:00:00,0.82592,0.33333
2023-10-20 20:00:00,0.82012,0.35185
2023-10-20 21:00:00,0.81238,0.37731
2023-10-20 22:00:00,0.80271,0.39815
2023-10-20 23:00:00,0.7911,0.42593
2023-10-21 00:00:00,0.77563,0.45139
2023-10-21 01:00:00,0.76015,0.48611
2023-10-21 02:00:00,0.74662,0.5162
2023-10-21 03:00:00,0.73501,0.55093
2023-10-21 04:00:00,0.72147,0.5787
2023-10-21 05:00:00,0.70986,0.60417
2023-10-21 06:00:00,0.69632,0.625
2023-10-21 07:00:00,0.66538,0.64352
2023-10-21 08:00:00,0.62863,0.66898
2023-10-21 09:00:00,0.60155,0.68981
2023-10-21 10:00:00,0.58221,0.7037
2023-10-21 11:00:00,0.56286,0.71065
2023-10-21 12:00:00,0.53965,0.71991
2023-10-21 13:00:00,0.51257,0.72685
2023-10-21 14:00:00,0.48162,0.73148
2023-10-21 15:00:00,0.44487,0.72917
2023-10-21 16:00:00,0.40812,0.72222
2023-10-21 17:00:00,0.37331,0.71065
2023-10-21 18:00:00,0.33849,0.70139
2023-10-21 19:00:00,0.30561,0.69676
2023-10-21 20:00:00,0.27853,0.6875
2023-10-21 21:00:00,0.25725,0.6713
2023-10-21 22:00:00,0.23985,0.64815
2023-10-21 23:00:00,0.22631,0.62037
2023-10-22 00:00:00,0.21277,0.59259
2023-10-22 01:00:00,0.19729,0.56713
2023-10-22 02:00:00,0.18182,0.53935
2023-10-22 03:00:00,0.17215,0.50463
2023-10-22 04:00:00,0.17021,0.46296
2023-10-22 05:00:00,0.17408,0.41435
2023-10-22 06:00:00,0.18375,0.36806
2023-10-22 07:00:00,0.19342,0.33102
2023-10-22 08:00:00,0.20309,0.30324
2023-10-22 09:00:00,0.81818,0.31019
2023-10-22 10:00:00,0.81818,0.31019
2023-10-22 11:00:00,0.81818,0.31019
2023-10-22 12:00:00,0.81818,0.31019
2023-10-22 13:00:00,0.81818,0.31481
2023-10-22 14:00:00,0.81431,0.32639
2023-10-22 15:00:00,0.81238,0.34954
2023-10-22 16:00:00,0.80271,0.375
2023-10-22 17:00:00,0.79304,0.39815
2023-10-22 18:00:00,0.78143,0.4213
2023-10-22 19:00:00,0.76789,0.44213
2023-10-22 20:00:00,0.75435,0.47222
2023-10-22 21:00:00,0.74081,0.50694
2023-10-22 22:00:00,0.72921,0.53704
2023-10-22 23:00:00,0.7176,0.5625
2023-10-23 00:00:00,0.70213,0.59491
2023-10-23 01:00:00,0.68859,0.61806
2023-10-23 02:00:00,0.67118,0.64815
2023-10-23 03:00:00,0.66151,0.65972
2023-10-23 04:00:00,0.65377,0.6713
2023-10-23 05:00:00,0.64023,0.68519
2023-10-23 06:00:00,0.61315,0.69907
2023-10-23 07:00:00,0.59188,0.71296
2023-10-23 08:00:00,0.57447,0.72222
2023-10-23 09:00:00,0.55513,0.72917
2023-10-23 10:00:00,0.53385,0.72917
2023-10-23 11:00:00,0.51451,0.72454
2023-10-23 12:00:00,0.4913,0.71759
2023-10-23 13:00:00,0.46615,0.71065
2023-10-23 14:00:00,0.43907,0.70602
2023-10-23 15:00:00,0.40812,0.70602
2023-10-23 16:00:00,0.37524,0.7037
2023-10-23 17:00:00,0.34236,0.69213
2023-10-23 18:00:00,0.32108,0.68056
2023-10-23 19:00:00,0.30754,0.66435
2023-10-23 20:00:00,0.294,0.6412
2023-10-23 21:00:00,0.27853,0.61343
2023-10-23 22:00:00,0.26499,0.58333
2023-10-23 23:00:00,0.25338,0.55324
2023-10-24 00:00:00,0.24565,0.52546
2023-10-24 01:00:00,0.23791,0.49769
2023-10-24 02:00:00,0.23404,0.46528
2023-10-24 03:00:00,0.23017,0.43981
2023-10-24 04:00:00,0.22824,0.41667
2023-10-24 05:00:00,0.22631,0.39583
2023-10-24 06:00:00,0.25145,0.54398
2023-10-24 07:00:00,0.25145,0.54398
2023-10-24 08:00:00,0.25145,0.54398
2023-10-24 09:00:00,0.25145,0.54167
2023-10-24 10:00:00,0.25145,0.54398
2023-10-24 11:00:00,0.25145,0.54167
2023-10-24 12:00:00,0.25145,0.54398
2023-10-24 13:00:00,0.24952,0.53935
2023-10-24 14:00:00,0.25145,0.54398
2023-10-24 15:00:00,0.24952,0.53935
2023-10-24 16:00:00,0.24952,0.54167
2023-10-24 17:00:00,0.24952,0.54167
2023-10-24 18:00:00,0.24952,0.5463
2023-10-24 19:00:00,0.25145,0.55324
2023-10-24 20:00:00,0.25145,0.5625
2023-10-24 21:00:00,0.25145,0.57176
2023-10-24 22:00:00,0.24952,0.57407
2023-10-24 23:00:00,0.24952,0.58333
2023-10-25 00:00:00,0.24952,0.59491
2023-10-25 01:00:00,0.25145,0.60185
2023-10-25 02:00:00,0.25338,0.58333
2023-10-25 03:00:00,0.25919,0.66435
2023-10-25 04:00:00,0.26306,0.59954
2023-10-25 05:00:00,0.27079,0.60648
2023-10-25 06:00:00,0.2766,0.62037
2023-10-25 07:00:00,0.2824,0.63426
2023-10-25 08:00:00,0.2882,0.65046
2023-10-25 09:00:00,0.294,0.66204
2023-10-25 10:00:00,0.29787,0.67361
2023-10-25 11:00:00,0.29981,0.68056
2023-10-25 12:00:00,0.31141,0.69213
2023-10-25 13:00:00,0.32882,0.7037
2023-10-25 14:00:00,0.34816,0.71296
2023-10-25 15:00:00,0.3675,0.72222
2023-10-25 16:00:00,0.38491,0.72454
2023-10-25 17:00:00,0.40426,0.72917
2023-10-25 18:00:00,0.42747,0.73148
2023-10-25 19:00:00,0.44874,0.7338
2023-10-25 20:00:00,0.46809,0.7338
2023-10-25 21:00:00,0.48936,0.73611
2023-10-25 22:00:00,0.51064,0.73611
2023-10-25 23:00:00,0.53385,0.73843
2023-10-26 00:00:00,0.55513,0.73843
2023-10-26 01:00:00,0.57447,0.74074
2023-10-26 02:00:00,0.59574,0.74306
2023-10-26 03:00:00,0.75242,0.38194
2023-10-26 04:00:00,0.75435,0.38194
2023-10-26 05:00:00,0.75629,0.38426
2023-10-26 06:00:00,0.75822,0.38657
2023-10-26 07:00:00,0.75822,0.38426
2023-10-26 08:00:00,0.75822,0.38426
2023-10-26 09:00:00,0.75822,0.38657
2023-10-26 10:00:00,0.75822,0.38657
2023-10-26 11:00:00,0.75822,0.38657
2023-10-26 12:00:00,0.75822,0.38657
2023-10-26 13:00:00,0.75822,0.38426
2023-10-26 14:00:00,0.75822,0.38426
2023-10-26 15:00:00,0.75629,0.38657
2023-10-26 16:00:00,0.75629,0.38426
2023-10-26 17:00:00,0.75629,0.38426
2023-10-26 18:00:00,0.75629,0.38657
2023-10-26 19:00:00,0.75822,0.38194
2023-10-26 20:00:00,0.75822,0.38194
2023-10-26 21:00:00,0.75629,0.38426
2023-10-26 22:00:00,0.75822,0.38194
2023-10-26 23:00:00,0.75822,0.38194
2023-10-27 00:00:00,0.75629,0.38194
2023-10-27 01:00:00,0.75435,0.37963
2023-10-27 02:00:00,0.75435,0.37731
2023-10-27 03:00:00,0.75435,0.37731
2023-10-27 04:00:00,0.75435,0.375
2023-10-27 05:00:00,0.75242,0.375
2023-10-27 06:00:00,0.75048,0.38889
2023-10-27 07:00:00,0.74468,0.40509
2023-10-27 08:00:00,0.73308,0.43519
2023-10-27 09:00:00,0.72147,0.47454
2023-10-27 10:00:00,0.7118,0.52315
2023-10-27 11:00:00,0.70406,0.57407
2023-10-27 12:00:00,0.69826,0.625
2023-10-27 13:00:00,0.68279,0.67361
2023-10-27 14:00:00,0.65571,0.73148
2023-10-27 15:00:00,0.62282,0.77778
2023-10-27 16:00:00,0.58607,0.80787
2023-10-27 17:00:00,0.55126,0.83102
2023-10-27 18:00:00,0.51838,0.83565
2023-10-27 19:00:00,0.48936,0.83102
2023-10-27 20:00:00,0.46035,0.81944
2023-10-27 21:00:00,0.43133,0.7963
2023-10-27 22:00:00,0.40039,0.77083
2023-10-27 23:00:00,0.36944,0.74306
2023-10-28 00:00:00,0.3675,0.34259
2023-10-28 01:00:00,0.36944,0.34028
2023-10-28 02:00:00,0.36944,0.34028
2023-10-28 03:00:00,0.36944,0.34028
2023-10-28 04:00:00,0.36944,0.34491
2023-10-28 05:00:00,0.3675,0.34722
2023-10-28 06:00:00,0.36364,0.3588
2023-10-28 07:00:00,0.35783,0.37963
2023-10-28 08:00:00,0.35203,0.40278
2023-10-28 09:00:00,0.35203,0.43287
2023-10-28 10:00:00,0.3559,0.46296
2023-10-28 11:00:00,0.3675,0.49537
2023-10-28 12:00:00,0.38685,0.52546
2023-10-28 13:00:00,0.41199,0.55093
2023-10-28 14:00:00,0.43327,0.58102
2023-10-28 15:00:00,0.45455,0.60185
2023-10-28 16:00:00,0.48162,0.62037
2023-10-28 17:00:00,0.50484,0.6412
2023-10-28 18:00:00,0.53385,0.65741
2023-10-28 19:00:00,0.5648,0.66898
2023-10-28 20:00:00,0.59381,0.68056
2023-10-28 21:00:00,0.62476,0.67361
2023-10-28 22:00:00,0.66344,0.6713
2023-10-28 23:00:00,0.69826,0.66204
2023-10-29 00:00:00,0.73694,0.65278
2023-10-29 01:00:00,0.76983,0.63657
2023-10-29 02:00:00,0.79884,0.625
2023-10-29 03:00:00,0.83172,0.60417
2023-10-29 04:00:00,0.8646,0.57639
2023-10-29 05:00:00,0.88395,0.5463
2023-10-29 06:00:00,0.89749,0.5162
2023-10-29 07:00:00,0.89942,0.48843
2023-10-29 08:00:00,0.90329,0.46065
2023-10-29 09:00:00,0.90135,0.43981
2023-10-29 10:00:00,0.90716,0.41435
2023-10-29 11:00:00,0.91683,0.38194
2023-10-29 12:00:00,0.9207,0.35417
2023-10-29 13:00:00,0.92456,0.3287
2023-10-29 14:00:00,0.9265,0.30556
2023-10-29 15:00:00,0.9265,0.37037
2023-10-29 16:00:00,0.92456,0.35417
2023-10-29 17:00:00,0.92263,0.34028
2023-10-29 18:00:00,0.91876,0.32639
2023-10-29 19:00:00,0.91683,0.32407
2023-10-29 20:00:00,0.91296,0.32407
2023-10-29 21:00:00,0.15861,0.36806
2023-10-29 22:00:00,0.16634,0.375
2023-10-29 23:00:00,0.16441,0.36806
2023-10-30 00:00:00,0.16441,0.375
2023-10-30 01:00:00,0.16248,0.37963
2023-10-30 02:00:00,0.16441,0.38426
2023-10-30 03:00:00,0.16054,0.38426
2023-10-30 04:00:00,0.16441,0.39815
2023-10-30 05:00:00,0.16634,0.40972
2023-10-30 06:00:00,0.17602,0.42824
2023-10-30 07:00:00,0.18569,0.44907
2023-10-30 08:00:00,0.19149,0.47454
2023-10-30 09:00:00,0.20309,0.5
2023-10-30 10:00:00,0.2205,0.52083
2023-10-30 11:00:00,0.23985,0.54167
2023-10-30 12:00:00,0.26306,0.56481
2023-10-30 13:00:00,0.29014,0.58565
2023-10-30 14:00:00,0.31915,0.6088
2023-10-30 15:00:00,0.34816,0.63657
2023-10-30 16:00:00,0.37911,0.65972
2023-10-30 17:00:00,0.41006,0.68056
2023-10-30 18:00:00,0.44487,0.69907
2023-10-30 19:00:00,0.48356,0.71065
2023-10-30 20:00:00,0.52805,0.72454
2023-10-30 21:00:00,0.5706,0.73843
2023-10-30 22:00:00,0.61315,0.73843
2023-10-30 23:00:00,0.65764,0.73148
2023-10-31 00:00:00,0.70213,0.71991
2023-10-31 01:00:00,0.74468,0.69907
2023-10-31 02:00:00,0.78337,0.6713
2023-10-31 03:00:00,0.81818,0.63889
2023-10-31 04:00:00,0.84139,0.60648
2023-10-31 05:00:00,0.8588,0.54861
2023-10-31 06:00:00,0.87814,0.52083
2023-10-31 07:00:00,0.88781,0.49769
2023-10-31 08:00:00,0.89749,0.49074
2023-10-31 09:00:00,0.90329,0.48843
2023-10-31 10:00:00,0.90909,0.46296
2023-10-31 11:00:00,0.90909,0.44907
2023-10-31 12:00:00,0.90716,0.43519
2023-10-31 13:00:00,0.90522,0.42593
2023-10-31 14:00:00,0.89942,0.41667
2023-10-31 15:00:00,0.89555,0.41204
2023-10-31 16:00:00,0.89168,0.40972
2023-10-31 17:00:00,0.89362,0.41435
2023-10-31 18:00:00,0.19536,0.36111
2023-10-31 19:00:00,0.19729,0.36111
2023-10-31 20:00:00,0.19342,0.36343
2023-10-31 21:00:00,0.19536,0.36111
2023-10-31 22:00:00,0.19342,0.36343
2023-10-31 23:00:00,0.19729,0.36806
2023-11-01 00:00:00,0.19536,0.37731
2023-11-01 01:00:00,0.19729,0.39352
2023-11-01 02:00:00,0.20116,0.40278
2023-11-01 03:00:00,0.19729,0.41898
2023-11-01 04:00:00,0.20696,0.44444
2023-11-01 05:00:00,0.2205,0.46759
2023-11-01 06:00:00,0.23985,0.49537
2023-11-01 07:00:00,0.25725,0.52546
2023-11-01 08:00:00,0.2824,0.55324
2023-11-01 09:00:00,0.30174,0.58102
2023-11-01 10:00:00,0.32882,0.6088
2023-11-01 11:00:00,0.35977,0.63657
2023-11-01 12:00:00,0.39458,0.66204
2023-11-01 13:00:00,0.42747,0.68056
2023-11-01 14:00:00,0.46035,0.69444
2023-11-01 15:00:00,0.4913,0.70139
2023-11-01 16:00:00,0.52418,0.7037
2023-11-01 17:00:00,0.55126,0.69676
2023-11-01 18:00:00,0.58027,0.69213
2023-11-01 19:00:00,0.60542,0.68056
2023-11-01 20:00:00,0.62669,0.65509
2023-11-01 21:00:00,0.65571,0.64352
2023-11-01 22:00:00,0.68472,0.62963
2023-11-01 23:00:00,0.706,0.61343
2023-11-02 00:00:00,0.72534,0.59491
2023-11-02 01:00:00,0.74468,0.5625
2023-11-02 02:00:00,0.75822,0.54167
2023-11-02 03:00:00,0.77563,0.5162
2023-11-02 04:00:00,0.78917,0.49306
2023-11-02 05:00:00,0.79884,0.47222
2023-11-02 06:00:00,0.80851,0.4537
2023-11-02 07:00:00,0.81625,0.44444
2023-11-02 08:00:00,0.82205,0.44907
2023-11-02 09:00:00,0.82785,0.42824
2023-11-02 10:00:00,0.82979,0.4213
2023-11-02 11:00:00,0.83172,0.39815
2023-11-02 12:00:00,0.82979,0.37731
2023-11-02 13:00:00,0.82979,0.36111
2023-11-02 14:00:00,0.82785,0.35185
2023-11-02 15:00:00,0.20116,0.4213
2023-11-02 16:00:00,0.19923,0.41898
2023-11-02 17:00:00,0.19536,0.43287
2023-11-02 18:00:00,0.20309,0.4375
2023-11-02 19:00:00,0.20309,0.44444
2023-11-02 20:00:00,0.20116,0.44444
2023-11-02 21:00:00,0.20309,0.47454
2023-11-02 22:00:00,0.19923,0.47917
2023-11-02 23:00:00,0.20116,0.49537
2023-11-03 00:00:00,0.2147,0.50926
2023-11-03 01:00:00,0.22824,0.53009
2023-11-03 02:00:00,0.24565,0.55556
2023-11-03 03:00:00,0.26306,0.58333
2023-11-03 04:00:00,0.294,0.60648
2023-11-03 05:00:00,0.32108,0.63426
2023-11-03 06:00:00,0.3501,0.65741
2023-11-03 07:00:00,0.38104,0.67593
2023-11-03 08:00:00,0.41393,0.69444
2023-11-03 09:00:00,0.45455,0.70602
2023-11-03 10:00:00,0.4913,0.71759
2023-11-03 11:00:00,0.53578,0.71528
2023-11-03 12:00:00,0.5706,0.71065
2023-11-03 13:00:00,0.59188,0.70833
2023-11-03 14:00:00,0.63056,0.68981
2023-11-03 15:00:00,0.66151,0.68287
2023-11-03 16:00:00,0.706,0.66667
2023-11-03 17:00:00,0.74275,0.65046
2023-11-03 18:00:00,0.76402,0.63657
2023-11-03 19:00:00,0.7795,0.61806
2023-11-03 20:00:00,0.7911,0.59722
2023-11-03 21:00:00,0.80271,0.56713
2023-11-03 22:00:00,0.80851,0.54167
2023-11-03 23:00:00,0.82012,0.5162
2023-11-04 00:00:00,0.82979,0.49074
2023-11-04 01:00:00,0.83366,0.46759
2023-11-04 02:00:00,0.83366,0.45139
2023-11-04 03:00:00,0.83366,0.43981
2023-11-04 04:00:00,0.83559,0.42361
2023-11-04 05:00:00,0.83559,0.38889
2023-11-04 06:00:00,0.83559,0.37037
2023-11-04 07:00:00,0.83559,0.35417
2023-11-04 08:00:00,0.83559,0.35185
2023-11-04 09:00:00,0.83366,0.34722
2023-11-04 10:00:00,0.83172,0.35648
2023-11-04 11:00:00,0.82979,0.36111
2023-11-04 12:00:00,0.15087,0.38194
2023-11-04 13:00:00,0.1528,0.38889
2023-11-04 14:00:00,0.15667,0.39352
2023-11-04 15:00:00,0.16248,0.39815
2023-11-04 16:00:00,0.17215,0.40741
2023-11-04 17:00:00,0.17988,0.42593
2023-11-04 18:00:00,0.19342,0.44676
2023-11-04 19:00:00,0.20696,0.47222
2023-11-04 20:00:00,0.2147,0.50926
2023-11-04 21:00:00,0.24178,0.53935
2023-11-04 22:00:00,0.26499,0.57407
2023-11-04 23:00:00,0.29207,0.60648
2023-11-05 00:00:00,0.32302,0.63657
2023-11-05 01:00:00,0.3559,0.66435
2023-11-05 02:00:00,0.39072,0.68519
2023-11-05 03:00:00,0.41973,0.69676
2023-11-05 04:00:00,0.45455,0.70602
2023-11-05 05:00:00,0.4913,0.71528
2023-11-05 06:00:00,0.52611,0.71759
2023-11-05 07:00:00,0.5706,0.72685
2023-11-05 08:00:00,0.61896,0.72685
2023-11-05 09:00:00,0.66344,0.72685
2023-11-05 10:00:00,0.70019,0.72222
2023-11-05 11:00:00,0.72921,0.71296
2023-11-05 12:00:00,0.75629,0.70139
2023-11-05 13:00:00,0.7795,0.6875
2023-11-05 14:00:00,0.80464,0.66667
2023-11-05 15:00:00,0.82398,0.64352
2023-11-05 16:00:00,0.83366,0.61806
2023-11-05 17:00:00,0.8472,0.58796
2023-11-05 18:00:00,0.85106,0.56481
2023-11-05 19:00:00,0.86267,0.53935
2023-11-05 20:00:00,0.8588,0.52083
2023-11-05 21:00:00,0.86074,0.49769
2023-11-05 22:00:00,0.86847,0.47917
2023-11-05 23:00:00,0.87234,0.46296
2023-11-06 00:00:00,0.87427,0.44444
2023-11-06 01:00:00,0.87427,0.43056
2023-11-06 02:00:00,0.88008,0.39583
2023-11-06 03:00:00,0.88201,0.38194
2023-11-06 04:00:00,0.87621,0.38426
2023-11-06 05:00:00,0.87427,0.36574
2023-11-06 06:00:00,0.87041,0.36111
2023-11-06 07:00:00,0.86267,0.36343
2023-11-06 08:00:00,0.86074,0.3588
2023-11-06 09:00:00,0.19536,0.32407
2023-11-06 10:00:00,0.19342,0.32407
2023-11-06 11:00:00,0.19342,0.32407
2023-11-06 12:00:00,0.19149,0.3287
2023-11-06 13:00:00,0.19536,0.32639
2023-11-06 14:00:00,0.19536,0.3287
2023-11-06 15:00:00,0.19729,0.32407
2023-11-06 16:00:00,0.19923,0.32407
2023-11-06 17:00:00,0.20116,0.31944
2023-11-06 18:00:00,0.20116,0.32639
2023-11-06 19:00:00,0.19923,0.34028
2023-11-06 20:00:00,0.20116,0.36111
2023-11-06 21:00:00,0.20503,0.38889
2023-11-06 22:00:00,0.20696,0.41898
2023-11-06 23:00:00,0.2205,0.4537
2023-11-07 00:00:00,0.23985,0.49537
2023-11-07 01:00:00,0.26306,0.53009
2023-11-07 02:00:00,0.29014,0.56481
2023-11-07 03:00:00,0.32302,0.59954
2023-11-07 04:00:00,0.3559,0.63194
2023-11-07 05:00:00,0.38878,0.66435
2023-11-07 06:00:00,0.42166,0.68981
2023-11-07 07:00:00,0.45841,0.7037
2023-11-07 08:00:00,0.49323,0.71528
2023-11-07 09:00:00,0.53191,0.72222
2023-11-07 10:00:00,0.57253,0.72454
2023-11-07 11:00:00,0.61122,0.71759
2023-11-07 12:00:00,0.6383,0.7037
2023-11-07 13:00:00,0.68665,0.69213
2023-11-07 14:00:00,0.73501,0.68287
2023-11-07 15:00:00,0.77176,0.6713
2023-11-07 16:00:00,0.80464,0.65278
2023-11-07 17:00:00,0.82979,0.62963
2023-11-07 18:00:00,0.84139,0.60185
2023-11-07 19:00:00,0.8472,0.58333
2023-11-07 20:00:00,0.86074,0.57639
2023-11-07 21:00:00,0.87621,0.53704
2023-11-07 22:00:00,0.88395,0.49537
2023-11-07 23:00:00,0.88588,0.45139
2023-11-08 00:00:00,0.88008,0.40509
2023-11-08 01:00:00,0.87234,0.37037
2023-11-08 02:00:00,0.8646,0.35648
2023-11-08 03:00:00,0.86074,0.35185
2023-11-08 04:00:00,0.85493,0.35417
2023-11-08 05:00:00,0.853,0.35185
2023-11-08 06:00:00,0.23404,0.50231
2023-11-08 07:00:00,0.23211,0.50694
2023-11-08 08:00:00,0.23017,0.50926
2023-11-08 09:00:00,0.23211,0.5162
2023-11-08 10:00:00,0.23017,0.52315
2023-11-08 11:00:00,0.22437,0.52315
2023-11-08 12:00:00,0.22244,0.52546
2023-11-08 13:00:00,0.22244,0.53009
2023-11-08 14:00:00,0.2205,0.53241
2023-11-08 15:00:00,0.21857,0.53704
2023-11-08 16:00:00,0.21857,0.54167
2023-11-08 17:00:00,0.21857,0.54861
2023-11-08 18:00:00,0.21857,0.55556
2023-11-08 19:00:00,0.2205,0.56481
2023-11-08 20:00:00,0.22437,0.57407
2023-11-08 21:00:00,0.22631,0.58333
2023-11-08 22:00:00,0.22824,0.59491
2023-11-08 23:00:00,0.23211,0.60417
2023-11-09 00:00:00,0.23598,0.61343
2023-11-09 01:00:00,0.23985,0.625
2023-11-09 02:00:00,0.24565,0.63426
2023-11-09 03:00:00,0.25145,0.64583
2023-11-09 04:00:00,0.25725,0.65509
2023-11-09 05:00:00,0.26306,0.66435
2023-11-09 06:00:00,0.27079,0.6713
2023-11-09 07:00:00,0.27853,0.68056
2023-11-09 08:00:00,0.28627,0.68981
2023-11-09 09:00:00,0.294,0.69907
2023-11-09 10:00:00,0.30368,0.70602
2023-11-09 11:00:00,0.31141,0.71528
2023-11-09 12:00:00,0.32302,0.71991
2023-11-09 13:00:00,0.33269,0.72685
2023-11-09 14:00:00,0.34623,0.72917
2023-11-09 15:00:00,0.35783,0.7338
2023-11-09 16:00:00,0.37137,0.7338
2023-11-09 17:00:00,0.38298,0.7338
2023-11-09 18:00:00,0.39652,0.73148
2023-11-09 19:00:00,0.41006,0.73148
2023-11-09 20:00:00,0.42553,0.72917
2023-11-09 21:00:00,0.43907,0.72685
2023-11-09 22:00:00,0.45261,0.72685
2023-11-09 23:00:00,0.46422,0.72454
2023-11-10 00:00:00,0.47582,0.72222
2023-11-10 01:00:00,0.48743,0.71991
2023-11-10 02:00:00,0.5029,0.71759
2023-11-10 03:00:00,0.31141,0.45833
2023-11-10 04:00:00,0.31141,0.45833
2023-11-10 05:00:00,0.31141,0.45833
2023-11-10 06:00:00,0.31141,0.46065
2023-11-10 07:00:00,0.31335,0.45833
2023-11-10 08:00:00,0.31335,0.45833
2023-11-10 09:00:00,0.31335,0.45833
2023-11-10 10:00:00,0.31335,0.45602
2023-11-10 11:00:00,0.31335,0.45833
2023-11-10 12:00:00,0.31335,0.46065
2023-11-10 13:00:00,0.31141,0.46296
2023-11-10 14:00:00,0.30754,0.46528
2023-11-10 15:00:00,0.30754,0.46528
2023-11-10 16:00:00,0.30754,0.46528
2023-11-10 17:00:00,0.30948,0.46528
2023-11-10 18:00:00,0.31141,0.46528
2023-11-10 19:00:00,0.30948,0.46528
2023-11-10 20:00:00,0.31141,0.46528
2023-11-10 21:00:00,0.31141,0.46528
2023-11-10 22:00:00,0.31335,0.46528
2023-11-10 23:00:00,0.31335,0.46759
2023-11-11 00:00:00,0.31528,0.47454
2023-11-11 01:00:00,0.31528,0.48611
2023-11-11 02:00:00,0.31721,0.49537
2023-11-11 03:00:00,0.31915,0.50926
2023-11-11 04:00:00,0.32302,0.52546
2023-11-11 05:00:00,0.32882,0.53935
2023-11-11 06:00:00,0.33462,0.55324
2023-11-11 07:00:00,0.34623,0.57176
2023-11-11 08:00:00,0.35783,0.58796
2023-11-11 09:00:00,0.37137,0.6088
2023-11-11 10:00:00,0.38298,0.62269
2023-11-11 11:00:00,0.40039,0.64352
2023-11-11 12:00:00,0.4236,0.66667
2023-11-11 13:00:00,0.45068,0.69213
2023-11-11 14:00:00,0.47776,0.71296
2023-11-11 15:00:00,0.50677,0.72454
2023-11-11 16:00:00,0.54159,0.73148
2023-11-11 17:00:00,0.57253,0.72917
2023-11-11 18:00:00,0.60542,0.72222
2023-11-11 19:00:00,0.63443,0.71759
2023-11-11 20:00:00,0.65764,0.70833
2023-11-11 21:00:00,0.67892,0.69907
2023-11-11 22:00:00,0.69439,0.6875
2023-11-11 23:00:00,0.70019,0.67824
2023-11-12 00:00:00,0.80271,0.5463
2023-11-12 01:00:00,0.80077,0.54398
2023-11-12 02:00:00,0.80271,0.54398
2023-11-12 03:00:00,0.80271,0.5463
2023-11-12 04:00:00,0.80271,0.54398
2023-11-12 05:00:00,0.80077,0.54167
2023-11-12 06:00:00,0.80077,0.53704
2023-11-12 07:00:00,0.79497,0.52778
2023-11-12 08:00:00,0.78917,0.51389
2023-11-12 09:00:00,0.78143,0.49537
2023-11-12 10:00:00,0.77369,0.47685
2023-11-12 11:00:00,0.76789,0.45833
2023-11-12 12:00:00,0.75822,0.43519
2023-11-12 13:00:00,0.74855,0.41204
2023-11-12 14:00:00,0.73694,0.38426
2023-11-12 15:00:00,0.7234,0.3588
2023-11-12 16:00:00,0.70986,0.3287
2023-11-12 17:00:00,0.69246,0.30093
2023-11-12 18:00:00,0.67118,0.27546
2023-11-12 19:00:00,0.64603,0.25231
2023-11-12 20:00:00,0.61896,0.23148
2023-11-12 21:00:00,0.59381,0.21759
2023-11-12 22:00:00,0.56867,0.20833
2023-11-12 23:00:00,0.54159,0.2037
2023-11-13 00:00:00,0.51257,0.2037
2023-11-13 01:00:00,0.47776,0.20833
2023-11-13 02:00:00,0.43714,0.21528
2023-11-13 03:00:00,0.39652,0.22917
2023-11-13 04:00:00,0.3559,0.25
2023-11-13 05:00:00,0.31721,0.28241
2023-11-13 06:00:00,0.28433,0.32176
2023-11-13 07:00:00,0.25919,0.36111
2023-11-13 08:00:00,0.24371,0.39583
2023-11-13 09:00:00,0.23404,0.42593
2023-11-13 10:00:00,0.22631,0.45602
2023-11-13 11:00:00,0.21857,0.49306
2023-11-13 12:00:00,0.2147,0.52778
2023-11-13 13:00:00,0.21083,0.55787
2023-11-13 14:00:00,0.2089,0.58796
2023-11-13 15:00:00,0.20696,0.61574
2023-11-13 16:00:00,0.20503,0.64583
2023-11-13 17:00:00,0.20503,0.68056
2023-11-13 18:00:00,0.20696,0.71296
2023-11-13 19:00:00,0.21083,0.74537
2023-11-13 20:00:00,0.21277,0.77315
2023-11-13 21:00:00,0.80271,0.55324
2023-11-13 22:00:00,0.80271,0.55324
2023-11-13 23:00:00,0.80271,0.55093
2023-11-14 00:00:00,0.80271,0.55093
2023-11-14 01:00:00,0.80271,0.55324
2023-11-14 02:00:00,0.80271,0.5463
2023-11-14 03:00:00,0.80077,0.54398
2023-11-14 04:00:00,0.79884,0.53472
2023-11-14 05:00:00,0.79497,0.51852
2023-11-14 06:00:00,0.7911,0.50694
2023-11-14 07:00:00,0.7853,0.48843
2023-11-14 08:00:00,0.7795,0.46759
2023-11-14 09:00:00,0.77563,0.45139
2023-11-14 10:00:00,0.76789,0.43519
2023-11-14 11:00:00,0.76015,0.41435
2023-11-14 12:00:00,0.75048,0.39815
2023-11-14 13:00:00,0.74081,0.37963
2023-11-14 14:00:00,0.72921,0.3588
2023-11-14 15:00:00,0.71567,0.33796
2023-11-14 16:00:00,0.70019,0.31713
2023-11-14 17:00:00,0.68279,0.29861
2023-11-14 18:00:00,0.66344,0.27778
2023-11-14 19:00:00,0.6441,0.26157
2023-11-14 20:00:00,0.62282,0.24769
2023-11-14 21:00:00,0.60348,0.2338
2023-11-14 22:00:00,0.58414,0.22454
2023-11-14 23:00:00,0.56673,0.21528
2023-11-15 00:00:00,0.54739,0.21065
2023-11-15 01:00:00,0.52611,0.2037
2023-11-15 02:00:00,0.5029,0.2037
2023-11-15 03:00:00,0.47969,0.19907
2023-11-15 04:00:00,0.45261,0.20139
2023-11-15 05:00:00,0.42553,0.20602
2023-11-15 06:00:00,0.40426,0.21528
2023-11-15 07:00:00,0.38298,0.22685
2023-11-15 08:00:00,0.3617,0.24306
2023-11-15 09:00:00,0.34236,0.25926
2023-11-15 10:00:00,0.32689,0.27778
2023-11-15 11:00:00,0.31141,0.2963
2023-11-15 12:00:00,0.29594,0.31713
2023-11-15 13:00:00,0.28046,0.34028
2023-11-15 14:00:00,0.26886,0.36574
2023-11-15 15:00:00,0.25725,0.39352
2023-11-15 16:00:00,0.24565,0.4213
2023-11-15 17:00:00,0.23598,0.45139
2023-11-15 18:00:00,0.30561,0.58102
2023-11-15 19:00:00,0.30561,0.58333
2023-11-15 20:00:00,0.30561,0.58333
2023-11-15 21:00:00,0.30561,0.58102
2023-11-15 22:00:00,0.30754,0.58102
2023-11-15 23:00:00,0.30561,0.5787
2023-11-16 00:00:00,0.30754,0.58102
2023-11-16 01:00:00,0.30561,0.58333
2023-11-16 02:00:00,0.30754,0.58565
2023-11-16 03:00:00,0.30754,0.58102
2023-11-16 04:00:00,0.30561,0.57639
2023-11-16 05:00:00,0.30561,0.56713
2023-11-16 06:00:00,0.30754,0.56019
2023-11-16 07:00:00,0.30948,0.5463
2023-11-16 08:00:00,0.31141,0.53241
2023-11-16 09:00:00,0.31721,0.51852
2023-11-16 10:00:00,0.32108,0.50231
2023-11-16 11:00:00,0.32495,0.4838
2023-11-16 12:00:00,0.33075,0.46759
2023-11-16 13:00:00,0.33849,0.45139
2023-11-16 14:00:00,0.34429,0.43519
2023-11-16 15:00:00,0.35203,0.4213
2023-11-16 16:00:00,0.3617,0.40741
2023-11-16 17:00:00,0.37137,0.39583
2023-11-16 18:00:00,0.38104,0.38426
2023-11-16 19:00:00,0.39072,0.37731
2023-11-16 20:00:00,0.40426,0.36574
2023-11-16 21:00:00,0.41586,0.36574
2023-11-16 22:00:00,0.42747,0.36574
2023-11-16 23:00:00,0.44294,0.36111
2023-11-17 00:00:00,0.46035,0.35417
2023-11-17 01:00:00,0.47776,0.34491
2023-11-17 02:00:00,0.49516,0.34259
2023-11-17 03:00:00,0.51451,0.33333
2023-11-17 04:00:00,0.53191,0.33102
2023-11-17 05:00:00,0.55319,0.32407
2023-11-17 06:00:00,0.57253,0.32407
2023-11-17 07:00:00,0.58994,0.32176
2023-11-17 08:00:00,0.60928,0.32407
2023-11-17 09:00:00,0.62863,0.32407
2023-11-17 10:00:00,0.64603,0.3287
2023-11-17 11:00:00,0.66151,0.33333
2023-11-17 12:00:00,0.67892,0.33796
2023-11-17 13:00:00,0.69246,0.34491
2023-11-17 14:00:00,0.70986,0.35417
2023-11-17 15:00:00,0.76209,0.68981
2023-11-17 16:00:00,0.76402,0.6875
2023-11-17 17:00:00,0.76209,0.68981
2023-11-17 18:00:00,0.76209,0.68981
2023-11-17 19:00:00,0.76402,0.68519
2023-11-17 20:00:00,0.76402,0.68056
2023-11-17 21:00:00,0.76402,0.67361
2023-11-17 22:00:00,0.76596,0.66898
2023-11-17 23:00:00,0.76596,0.66435
2023-11-18 00:00:00,0.76789,0.65278
2023-11-18 01:00:00,0.76789,0.63426
2023-11-18 02:00:00,0.76789,0.61111
2023-11-18 03:00:00,0.76596,0.58333
2023-11-18 04:00:00,0.76209,0.55093
2023-11-18 05:00:00,0.75629,0.5162
2023-11-18 06:00:00,0.74468,0.47917
2023-11-18 07:00:00,0.72921,0.4375
2023-11-18 08:00:00,0.7118,0.39583
2023-11-18 09:00:00,0.68859,0.35417
2023-11-18 10:00:00,0.66151,0.31481
2023-11-18 11:00:00,0.6325,0.28241
2023-11-18 12:00:00,0.59961,0.25463
2023-11-18 13:00:00,0.56286,0.2338
2023-11-18 14:00:00,0.52418,0.21296
2023-11-18 15:00:00,0.48356,0.20139
2023-11-18 16:00:00,0.43907,0.19444
2023-11-18 17:00:00,0.39652,0.19676
2023-11-18 18:00:00,0.3559,0.20602
2023-11-18 19:00:00,0.31915,0.22222
2023-11-18 20:00:00,0.2882,0.24074
2023-11-18 21:00:00,0.26692,0.26389
2023-11-18 22:00:00,0.24758,0.2963
2023-11-18 23:00:00,0.23598,0.32639
2023-11-19 00:00:00,0.22631,0.35648
2023-11-19 01:00:00,0.22437,0.38889
2023-11-19 02:00:00,0.22244,0.41667
2023-11-19 03:00:00,0.22437,0.44213
2023-11-19 04:00:00,0.22631,0.46759
2023-11-19 05:00:00,0.23211,0.49306
2023-11-19 06:00:00,0.23598,0.5162
2023-11-19 07:00:00,0.24371,0.54167
2023-11-19 08:00:00,0.25338,0.57176
2023-11-19 09:00:00,0.26306,0.60185
2023-11-19 10:00:00,0.2766,0.63657
2023-11-19 11:00:00,0.294,0.6713
2023-11-19 12:00:00,0.147,0.67361
2023-11-19 13:00:00,0.1528,0.67593
2023-11-19 14:00:00,0.14894,0.67361
2023-11-19 15:00:00,0.1528,0.67361
2023-11-19 16:00:00,0.14507,0.6713
2023-11-19 17:00:00,0.14894,0.66898
2023-11-19 18:00:00,0.147,0.66204
2023-11-19 19:00:00,0.147,0.64583
2023-11-19 20:00:00,0.15087,0.62037
2023-11-19 21:00:00,0.15667,0.59028
2023-11-19 22:00:00,0.16248,0.55556
2023-11-19 23:00:00,0.17408,0.52546
2023-11-20 00:00:00,0.18375,0.49769
2023-11-20 01:00:00,0.19342,0.46759
2023-11-20 02:00:00,0.19923,0.44213
2023-11-20 03:00:00,0.2089,0.42824
2023-11-20 04:00:00,0.22437,0.40509
2023-11-20 05:00:00,0.24178,0.3912
2023-11-20 06:00:00,0.26499,0.36806
2023-11-20 07:00:00,0.294,0.34259
2023-11-20 08:00:00,0.32495,0.3125
2023-11-20 09:00:00,0.3617,0.28704
2023-11-20 10:00:00,0.39845,0.27083
2023-11-20 11:00:00,0.4352,0.26157
2023-11-20 12:00:00,0.47002,0.25694
2023-11-20 13:00:00,0.5087,0.26157
2023-11-20 14:00:00,0.53965,0.26852
2023-11-20 15:00:00,0.5648,0.27778
2023-11-20 16:00:00,0.58994,0.29398
2023-11-20 17:00:00,0.61315,0.31019
2023-11-20 18:00:00,0.63636,0.3287
2023-11-20 19:00:00,0.66151,0.34259
2023-11-20 20:00:00,0.68472,0.36806
2023-11-20 21:00:00,0.70406,0.38194
2023-11-20 22:00:00,0.7234,0.39583
2023-11-20 23:00:00,0.74275,0.42593
2023-11-21 00:00:00,0.76015,0.4537
2023-11-21 01:00:00,0.7795,0.47685
2023-11-21 02:00:00,0.79691,0.51157
2023-11-21 03:00:00,0.81044,0.53935
2023-11-21 04:00:00,0.82592,0.56481
2023-11-21 05:00:00,0.83946,0.58796
2023-11-21 06:00:00,0.84913,0.60648
2023-11-21 07:00:00,0.8588,0.625
2023-11-21 08:00:00,0.86267,0.63889
2023-11-21 09:00:00,0.17408,0.50463
2023-11-21 10:00:00,0.17602,0.50694
2023-11-21 11:00:00,0.17602,0.5
2023-11-21 12:00:00,0.17988,0.48843
2023-11-21 13:00:00,0.18762,0.47917
2023-11-21 14:00:00,0.19342,0.46759
2023-11-21 15:00:00,0.19536,0.46065
2023-11-21 16:00:00,0.19729,0.4537
2023-11-21 17:00:00,0.19729,0.42593
2023-11-21 18:00:00,0.19536,0.41435
2023-11-21 19:00:00,0.20116,0.40046
2023-11-21 20:00:00,0.20116,0.38657
2023-11-21 21:00:00,0.21663,0.35417
2023-11-21 22:00:00,0.23017,0.33102
2023-11-21 23:00:00,0.25145,0.31019
2023-11-22 00:00:00,0.27853,0.28704
2023-11-22 01:00:00,0.30368,0.26852
2023-11-22 02:00:00,0.33075,0.25
2023-11-22 03:00:00,0.3617,0.23148
2023-11-22 04:00:00,0.39072,0.21296
2023-11-22 05:00:00,0.42747,0.19907
2023-11-22 06:00:00,0.46035,0.18519
2023-11-22 07:00:00,0.49903,0.17361
2023-11-22 08:00:00,0.53578,0.16435
2023-11-22 09:00:00,0.57447,0.15972
2023-11-22 10:00:00,0.61122,0.16204
2023-11-22 11:00:00,0.64603,0.16898
2023-11-22 12:00:00,0.68085,0.18287
2023-11-22 13:00:00,0.71567,0.20602
2023-11-22 14:00:00,0.75242,0.23148
2023-11-22 15:00:00,0.7853,0.25926
2023-11-22 16:00:00,0.82012,0.29167
2023-11-22 17:00:00,0.8472,0.32176
2023-11-22 18:00:00,0.87041,0.3588
2023-11-22 19:00:00,0.88781,0.3912
2023-11-22 20:00:00,0.90329,0.43287
2023-11-22 21:00:00,0.91489,0.46296
2023-11-22 22:00:00,0.92263,0.49769
2023-11-22 23:00:00,0.92263,0.5463
2023-11-23 00:00:00,0.9207,0.57176
2023-11-23 01:00:00,0.91103,0.59028
2023-11-23 02:00:00,0.90329,0.60185
2023-11-23 03:00:00,0.89749,0.60648
2023-11-23 04:00:00,0.88975,0.60185
2023-11-23 05:00:00,0.88395,0.59954
2023-11-23 06:00:00,0.16828,0.52083
2023-11-23 07:00:00,0.17215,0.5162
2023-11-23 08:00:00,0.17215,0.51157
2023-11-23 09:00:00,0.17408,0.50463
2023-11-23 10:00:00,0.17602,0.50463
2023-11-23 11:00:00,0.17795,0.49769
2023-11-23 12:00:00,0.17795,0.49306
2023-11-23 13:00:00,0.18375,0.4838
2023-11-23 14:00:00,0.18569,0.47917
2023-11-23 15:00:00,0.18762,0.47917
2023-11-23 16:00:00,0.19149,0.46759
2023-11-23 17:00:00,0.18956,0.4537
2023-11-23 18:00:00,0.18762,0.44213
2023-11-23 19:00:00,0.18569,0.43056
2023-11-23 20:00:00,0.19536,0.4213
2023-11-23 21:00:00,0.19342,0.41435
2023-11-23 22:00:00,0.19149,0.40278
2023-11-23 23:00:00,0.20309,0.39583
2023-11-24 00:00:00,0.21277,0.38889
2023-11-24 01:00:00,0.2205,0.38194
2023-11-24 02:00:00,0.23017,0.38426
2023-11-24 03:00:00,0.24565,0.38194
2023-11-24 04:00:00,0.26112,0.375
2023-11-24 05:00:00,0.27853,0.36574
2023-11-24 06:00:00,0.294,0.3588
2023-11-24 07:00:00,0.31335,0.35185
2023-11-24 08:00:00,0.33462,0.34491
2023-11-24 09:00:00,0.3559,0.34028
2023-11-24 10:00:00,0.37718,0.33333
2023-11-24 11:00:00,0.40039,0.3287
2023-11-24 12:00:00,0.4236,0.32407
2023-11-24 13:00:00,0.44487,0.31713
2023-11-24 14:00:00,0.46809,0.31481
2023-11-24 15:00:00,0.48743,0.3125
2023-11-24 16:00:00,0.5087,0.3125
2023-11-24 17:00:00,0.52805,0.31019
2023-11-24 18:00:00,0.54545,0.3125
2023-11-24 19:00:00,0.56093,0.31713
2023-11-24 20:00:00,0.5764,0.32176
2023-11-24 21:00:00,0.59188,0.32407
2023-11-24 22:00:00,0.60928,0.3287
2023-11-24 23:00:00,0.62282,0.33565
2023-11-25 00:00:00,0.64023,0.34259
2023-11-25 01:00:00,0.65377,0.35185
2023-11-25 02:00:00,0.67118,0.36111
2023-11-25 03:00:00,0.61122,0.75926
2023-11-25 04:00:00,0.61122,0.75694
2023-11-25 05:00:00,0.61315,0.75694
2023-11-25 06:00:00,0.61122,0.75694
2023-11-25 07:00:00,0.61122,0.75926
2023-11-25 08:00:00,0.61315,0.75926
2023-11-25 09:00:00,0.61315,0.75926
2023-11-25 10:00:00,0.61122,0.75694
2023-11-25 11:00:00,0.61315,0.75926
2023-11-25 12:00:00,0.61315,0.75694
2023-11-25 13:00:00,0.61315,0.75926
2023-11-25 14:00:00,0.61315,0.75926
2023-11-25 15:00:00,0.61315,0.75926
2023-11-25 16:00:00,0.61315,0.75926
2023-11-25 17:00:00,0.61315,0.75926
2023-11-25 18:00:00,0.61315,0.75926
2023-11-25 19:00:00,0.61315,0.75926
2023-11-25 20:00:00,0.61315,0.75926
2023-11-25 21:00:00,0.61509,0.75926
2023-11-25 22:00:00,0.61315,0.75926
2023-11-25 23:00:00,0.61315,0.75926
2023-11-26 00:00:00,0.61509,0.75463
2023-11-26 01:00:00,0.61315,0.75231
2023-11-26 02:00:00,0.61315,0.74537
2023-11-26 03:00:00,0.61315,0.74306
2023-11-26 04:00:00,0.61122,0.73611
2023-11-26 05:00:00,0.61122,0.72917
2023-11-26 06:00:00,0.60928,0.71759
2023-11-26 07:00:00,0.60542,0.7037
2023-11-26 08:00:00,0.60155,0.69213
2023-11-26 09:00:00,0.59574,0.67361
2023-11-26 10:00:00,0.58801,0.65741
2023-11-26 11:00:00,0.57834,0.64352
2023-11-26 12:00:00,0.5706,0.625
2023-11-26 13:00:00,0.56093,0.61111
2023-11-26 14:00:00,0.55126,0.59491
2023-11-26 15:00:00,0.54352,0.58333
2023-11-26 16:00:00,0.53191,0.57407
2023-11-26 17:00:00,0.52031,0.5625
2023-11-26 18:00:00,0.51064,0.55093
2023-11-26 19:00:00,0.4971,0.54167
2023-11-26 20:00:00,0.48549,0.53472
2023-11-26 21:00:00,0.47195,0.52546
2023-11-26 22:00:00,0.45841,0.52083
2023-11-26 23:00:00,0.44487,0.5162
2023-11-27 00:00:00,0.65957,0.79167
2023-11-27 01:00:00,0.65764,0.78704
2023-11-27 02:00:00,0.65957,0.78935
2023-11-27 03:00:00,0.65957,0.78704
2023-11-27 04:00:00,0.65764,0.78241
2023-11-27 05:00:00,0.65571,0.78704
2023-11-27 06:00:00,0.65957,0.78472
2023-11-27 07:00:00,0.65764,0.78935
2023-11-27 08:00:00,0.65957,0.78472
2023-11-27 09:00:00,0.65957,0.78704
2023-11-27 10:00:00,0.65764,0.78704
2023-11-27 11:00:00,0.65957,0.78241
2023-11-27 12:00:00,0.66151,0.78009
2023-11-27 13:00:00,0.66151,0.78009
2023-11-27 14:00:00,0.65957,0.78009
2023-11-27 15:00:00,0.66151,0.78472
2023-11-27 16:00:00,0.65957,0.78241
2023-11-27 17:00:00,0.66538,0.78704
2023-11-27 18:00:00,0.66538,0.78241
2023-11-27 19:00:00,0.66538,0.78009
2023-11-27 20:00:00,0.66344,0.78241
2023-11-27 21:00:00,0.66151,0.79861
2023-11-27 22:00:00,0.66151,0.79167
2023-11-27 23:00:00,0.65957,0.78704
2023-11-28 00:00:00,0.65377,0.77546
2023-11-28 01:00:00,0.6499,0.76157
2023-11-28 02:00:00,0.64603,0.74769
2023-11-28 03:00:00,0.64217,0.73148
2023-11-28 04:00:00,0.6383,0.71296
2023-11-28 05:00:00,0.63443,0.69676
2023-11-28 06:00:00,0.63056,0.68056
2023-11-28 07:00:00,0.62669,0.66435
2023-11-28 08:00:00,0.62476,0.65046
2023-11-28 09:00:00,0.62089,0.63426
2023-11-28 10:00:00,0.61702,0.62037
2023-11-28 11:00:00,0.61315,0.6088
2023-11-28 12:00:00,0.60928,0.59491
2023-11-28 13:00:00,0.60348,0.58102
2023-11-28 14:00:00,0.59768,0.57176
2023-11-28 15:00:00,0.58994,0.56019
2023-11-28 16:00:00,0.58221,0.55093
2023-11-28 17:00:00,0.57253,0.53935
2023-11-28 18:00:00,0.56286,0.53241
2023-11-28 19:00:00,0.55126,0.52546
2023-11-28 20:00:00,0.54159,0.52083
2023-11-28 21:00:00,0.64023,0.71991
2023-11-28 22:00:00,0.64217,0.71759
2023-11-28 23:00:00,0.64217,0.71759
2023-11-29 00:00:00,0.64217,0.71759
2023-11-29 01:00:00,0.64217,0.71991
2023-11-29 02:00:00,0.64217,0.71991
2023-11-29 03:00:00,0.64023,0.71991
2023-11-29 04:00:00,0.64217,0.71991
2023-11-29 05:00:00,0.64217,0.71759
2023-11-29 06:00:00,0.64023,0.71991
2023-11-29 07:00:00,0.64023,0.71991
2023-11-29 08:00:00,0.64023,0.71991
2023-11-29 09:00:00,0.64023,0.71759
2023-11-29 10:00:00,0.64023,0.71759
2023-11-29 11:00:00,0.64217,0.71759
2023-11-29 12:00:00,0.64217,0.71528
2023-11-29 13:00:00,0.64217,0.71528
2023-11-29 14:00:00,0.6441,0.71065
2023-11-29 15:00:00,0.6441,0.70833
2023-11-29 16:00:00,0.64603,0.70602
2023-11-29 17:00:00,0.64603,0.70139
2023-11-29 18:00:00,0.64603,0.69213
2023-11-29 19:00:00,0.6441,0.6875
2023-11-29 20:00:00,0.6441,0.68056
2023-11-29 21:00:00,0.64217,0.6713
2023-11-29 22:00:00,0.64023,0.66204
2023-11-29 23:00:00,0.6383,0.65046
2023-11-30 00:00:00,0.63636,0.63889
2023-11-30 01:00:00,0.63443,0.62731
2023-11-30 02:00:00,0.63056,0.61574
2023-11-30 03:00:00,0.62863,0.60417
2023-11-30 04:00:00,0.62476,0.59259
2023-11-30 05:00:00,0.62089,0.5787
2023-11-30 06:00:00,0.61702,0.56713
2023-11-30 07:00:00,0.61122,0.55787
2023-11-30 08:00:00,0.60542,0.54398
2023-11-30 09:00:00,0.59961,0.53472
2023-11-30 10:00:00,0.59381,0.52546
2023-11-30 11:00:00,0.58414,0.51852
2023-11-30 12:00:00,0.5764,0.51157
2023-11-30 13:00:00,0.5648,0.50463
2023-11-30 14:00:00,0.55513,0.50231
2023-11-30 15:00:00,0.54352,0.49769
2023-11-30 16:00:00,0.53191,0.49537
2023-11-30 17:00:00,0.52031,0.49306
2023-11-30 18:00:00,0.65957,0.79167
2023-11-30 19:00:00,0.65764,0.78704
2023-11-30 20:00:00,0.65957,0.78935
2023-11-30 21:00:00,0.65957,0.78704
2023-11-30 22:00:00,0.65764,0.78241
2023-11-30 23:00:00,0.65571,0.78704
2023-12-01 00:00:00,0.65957,0.78472
2023-12-01 01:00:00,0.65764,0.78935
2023-12-01 02:00:00,0.65957,0.78472
2023-12-01 03:00:00,0.65957,0.78704
2023-12-01 04:00:00,0.65764,0.78704
2023-12-01 05:00:00,0.65957,0.78241
2023-12-01 06:00:00,0.66151,0.78009
2023-12-01 07:00:00,0.66151,0.78009
2023-12-01 08:00:00,0.65957,0.78009
2023-12-01 09:00:00,0.66151,0.78472
2023-12-01 10:00:00,0.65957,0.78241
2023-12-01 11:00:00,0.66538,0.78704
2023-12-01 12:00:00,0.66538,0.78241
2023-12-01 13:00:00,0.66538,0.78009
2023-12-01 14:00:00,0.66344,0.78241
2023-12-01 15:00:00,0.66151,0.79861
2023-12-01 16:00:00,0.66151,0.79167
2023-12-01 17:00:00,0.65957,0.78704
2023-12-01 18:00:00,0.65377,0.77546
2023-12-01 19:00:00,0.6499,0.76157
2023-12-01 20:00:00,0.64603,0.74769
2023-12-01 21:00:00,0.64217,0.73148
2023-12-01 22:00:00,0.6383,0.71296
2023-12-01 23:00:00,0.63443,0.69676
2023-12-02 00:00:00,0.63056,0.68056
2023-12-02 01:00:00,0.62669,0.66435
2023-12-02 02:00:00,0.62476,0.65046
2023-12-02 03:00:00,0.62089,0.63426
2023-12-02 04:00:00,0.61702,0.62037
2023-12-02 05:00:00,0.61315,0.6088
2023-12-02 06:00:00,0.60928,0.59491
2023-12-02 07:00:00,0.60348,0.58102
2023-12-02 08:00:00,0.59768,0.57176
2023-12-02 09:00:00,0.58994,0.56019
2023-12-02 10:00:00,0.58221,0.55093
2023-12-02 11:00:00,0.57253,0.53935
2023-12-02 12:00:00,0.56286,0.53241
2023-12-02 13:00:00,0.55126,0.52546
2023-12-02 14:00:00,0.54159,0.52083
2023-12-02 15:00:00,0.64023,0.71991
2023-12-02 16:00:00,0.64217,0.71759
2023-12-02 17:00:00,0.64217,0.71759
2023-12-02 18:00:00,0.64217,0.71759
2023-12-02 19:00:00,0.64217,0.71991
2023-12-02 20:00:00,0.64217,0.71991
2023-12-02 21:00:00,0.64023,0.71991
2023-12-02 22:00:00,0.64217,0.71991
2023-12-02 23:00:00,0.64217,0.71759
2023-12-03 00:00:00,0.64023,0.71991
2023-12-03 01:00:00,0.64023,0.71991
2023-12-03 02:00:00,0.64023,0.71991
2023-12-03 03:00:00,0.64023,0.71759
2023-12-03 04:00:00,0.64023,0.71759
2023-12-03 05:00:00,0.64217,0.71759
2023-12-03 06:00:00,0.64217,0.71528
2023-12-03 07:00:00,0.64217,0.71528
2023-12-03 08:00:00,0.6441,0.71065
2023-12-03 09:00:00,0.6441,0.70833
2023-12-03 10:00:00,0.64603,0.70602
2023-12-03 11:00:00,0.64603,0.70139
2023-12-03 12:00:00,0.64603,0.69213
2023-12-03 13:00:00,0.6441,0.6875
2023-12-03 14:00:00,0.6441,0.68056
2023-12-03 15:00:00,0.64217,0.6713
2023-12-03 16:00:00,0.64023,0.66204
2023-12-03 17:00:00,0.6383,0.65046
2023-12-03 18:00:00,0.63636,0.63889
2023-12-03 19:00:00,0.63443,0.62731
2023-12-03 20:00:00,0.63056,0.61574
2023-12-03 21:00:00,0.62863,0.60417
2023-12-03 22:00:00,0.62476,0.59259
2023-12-03 23:00:00,0.62089,0.5787
2023-12-04 00:00:00,0.61702,0.56713
2023-12-04 01:00:00,0.61122,0.55787
2023-12-04 02:00:00,0.60542,0.54398
2023-12-04 03:00:00,0.59961,0.53472
2023-12-04 04:00:00,0.59381,0.52546
2023-12-04 05:00:00,0.58414,0.51852
2023-12-04 06:00:00,0.5764,0.51157
2023-12-04 07:00:00,0.5648,0.50463
2023-12-04 08:00:00,0.55513,0.50231
2023-12-04 09:00:00,0.54352,0.49769
2023-12-04 10:00:00,0.53191,0.49537
2023-12-04 11:00:00,0.52031,0.49306
2023-12-04 12:00:00,0.79691,0.38194
2023-12-04 13:00:00,0.79691,0.37731
2023-12-04 14:00:00,0.79884,0.37731
2023-12-04 15:00:00,0.79497,0.37731
2023-12-04 16:00:00,0.77563,0.35417
2023-12-04 17:00:00,0.73501,0.32639
2023-12-04 18:00:00,0.67505,0.30093
2023-12-04 19:00:00,0.59381,0.29398
2023-12-04 20:00:00,0.4971,0.32407
2023-12-04 21:00:00,0.41586,0.38426
2023-12-04 22:00:00,0.34816,0.45833
2023-12-04 23:00:00,0.2882,0.57639
2023-12-05 00:00:00,0.26499,0.72685
2023-12-05 01:00:00,0.26112,0.82639
2023-12-05 02:00:00,0.26306,0.81944
2023-12-05 03:00:00,0.27079,0.72685
2023-12-05 04:00:00,0.2882,0.60648
2023-12-05 05:00:00,0.33075,0.50694
2023-12-05 06:00:00,0.38685,0.42593
2023-12-05 07:00:00,0.45261,0.37037
2023-12-05 08:00:00,0.53965,0.3287
2023-12-05 09:00:00,0.62089,0.31481
2023-12-05 10:00:00,0.68472,0.32176
2023-12-05 11:00:00,0.73308,0.34028
2023-12-05 12:00:00,0.76402,0.37037
2023-12-05 13:00:00,0.77756,0.37963
2023-12-05 14:00:00,0.76015,0.36806
2023-12-05 15:00:00,0.70793,0.32407
2023-12-05 16:00:00,0.62863,0.29861
2023-12-05 17:00:00,0.53965,0.30787
2023-12-05 18:00:00,0.44487,0.35185
2023-12-05 19:00:00,0.3617,0.4213
2023-12-05 20:00:00,0.29787,0.53241
2023-12-05 21:00:00,0.2824,0.64815
2023-12-05 22:00:00,0.294,0.74537
2023-12-05 23:00:00,0.31141,0.83565
2023-12-06 00:00:00,0.31335,0.87963
2023-12-06 01:00:00,0.30561,0.83796
2023-12-06 02:00:00,0.29594,0.74074
2023-12-06 03:00:00,0.30368,0.62269
2023-12-06 04:00:00,0.34043,0.51389
2023-12-06 05:00:00,0.39845,0.42593
2023-12-06 06:00:00,0.47389,0.36111
2023-12-06 07:00:00,0.55899,0.3125
2023-12-06 08:00:00,0.6383,0.29398
2023-12-06 09:00:00,0.5648,0.32407
2023-12-06 10:00:00,0.56286,0.32407
2023-12-06 11:00:00,0.56093,0.32407
2023-12-06 12:00:00,0.55899,0.32407
2023-12-06 13:00:00,0.55899,0.32407
2023-12-06 14:00:00,0.55126,0.31019
2023-12-06 15:00:00,0.52224,0.28472
2023-12-06 16:00:00,0.46615,0.26852
2023-12-06 17:00:00,0.39072,0.28241
2023-12-06 18:00:00,0.31141,0.32176
2023-12-06 19:00:00,0.24371,0.38657
2023-12-06 20:00:00,0.17795,0.44676
2023-12-06 21:00:00,0.12186,0.55787
2023-12-06 22:00:00,0.10251,0.67824
2023-12-06 23:00:00,0.098646,0.75694
2023-12-07 00:00:00,0.096712,0.75
2023-12-07 01:00:00,0.092843,0.6875
2023-12-07 02:00:00,0.10832,0.59722
2023-12-07 03:00:00,0.13926,0.50694
2023-12-07 04:00:00,0.17988,0.42361
2023-12-07 05:00:00,0.23598,0.36111
2023-12-07 06:00:00,0.30754,0.30556
2023-12-07 07:00:00,0.39845,0.25926
2023-12-07 08:00:00,0.48936,0.23843
2023-12-07 09:00:00,0.56867,0.25231
2023-12-07 10:00:00,0.62282,0.28472
2023-12-07 11:00:00,0.6499,0.29861
2023-12-07 12:00:00,0.64797,0.28935
2023-12-07 13:00:00,0.62089,0.2662
2023-12-07 14:00:00,0.56286,0.25231
2023-12-07 15:00:00,0.47969,0.25231
2023-12-07 16:00:00,0.38491,0.28241
2023-12-07 17:00:00,0.30368,0.33565
2023-12-07 18:00:00,0.24565,0.40046
2023-12-07 19:00:00,0.20503,0.45139
2023-12-07 20:00:00,0.17602,0.50694
2023-12-07 21:00:00,0.15667,0.5787
2023-12-07 22:00:00,0.1412,0.63194
2023-12-07 23:00:00,0.13926,0.62037
2023-12-08 00:00:00,0.16054,0.55556
2023-12-08 01:00:00,0.20503,0.49074
2023-12-08 02:00:00,0.26306,0.42361
2023-12-08 03:00:00,0.33269,0.34722
2023-12-08 04:00:00,0.41006,0.28009
2023-12-08 05:00:00,0.4913,0.24306
2023-12-08 06:00:00,0.83366,0.3588
2023-12-08 07:00:00,0.83752,0.37731
2023-12-08 08:00:00,0.82979,0.38426
2023-12-08 09:00:00,0.83172,0.37731
2023-12-08 10:00:00,0.83172,0.41667
2023-12-08 11:00:00,0.80077,0.50231
2023-12-08 12:00:00,0.73114,0.57639
2023-12-08 13:00:00,0.63636,0.63426
2023-12-08 14:00:00,0.54545,0.66667
2023-12-08 15:00:00,0.47195,0.65278
2023-12-08 16:00:00,0.42553,0.61111
2023-12-08 17:00:00,0.41006,0.55093
2023-12-08 18:00:00,0.41393,0.47685
2023-12-08 19:00:00,0.42747,0.40046
2023-12-08 20:00:00,0.44681,0.34028
2023-12-08 21:00:00,0.46035,0.32639
2023-12-08 22:00:00,0.45841,0.36806
2023-12-08 23:00:00,0.46422,0.43519
2023-12-09 00:00:00,0.49323,0.49769
2023-12-09 01:00:00,0.53965,0.5463
2023-12-09 02:00:00,0.61315,0.57176
2023-12-09 03:00:00,0.70406,0.56944
2023-12-09 04:00:00,0.78723,0.54398
2023-12-09 05:00:00,0.84139,0.48611
2023-12-09 06:00:00,0.8646,0.39815
2023-12-09 07:00:00,0.8646,0.31713
2023-12-09 08:00:00,0.86654,0.26852
2023-12-09 09:00:00,0.87234,0.30093
2023-12-09 10:00:00,0.87041,0.38426
2023-12-09 11:00:00,0.8472,0.46759
2023-12-09 12:00:00,0.78917,0.52546
2023-12-09 13:00:00,0.706,0.57407
2023-12-09 14:00:00,0.60542,0.61343
2023-12-09 15:00:00,0.5029,0.61574
2023-12-09 16:00:00,0.43714,0.55324
2023-12-09 17:00:00,0.41586,0.45833
2023-12-09 18:00:00,0.42553,0.37037
2023-12-09 19:00:00,0.44681,0.32176
2023-12-09 20:00:00,0.45455,0.35185
2023-12-09 21:00:00,0.46035,0.43519
2023-12-09 22:00:00,0.4913,0.51157
2023-12-09 23:00:00,0.55706,0.56019
2023-12-10 00:00:00,0.64603,0.5787
2023-12-10 01:00:00,0.74662,0.56713
2023-12-10 02:00:00,0.83752,0.52546
2023-12-10 03:00:00,0.77563,0.60417
2023-12-10 04:00:00,0.77563,0.60417
2023-12-10 05:00:00,0.7795,0.59722
2023-12-10 06:00:00,0.75629,0.53935
2023-12-10 07:00:00,0.70793,0.44444
2023-12-10 08:00:00,0.64217,0.39815
2023-12-10 09:00:00,0.54352,0.43519
2023-12-10 10:00:00,0.4294,0.4838
2023-12-10 11:00:00,0.37524,0.53935
2023-12-10 12:00:00,0.32882,0.6088
2023-12-10 13:00:00,0.31721,0.73148
2023-12-10 14:00:00,0.31335,0.75694
2023-12-10 15:00:00,0.31335,0.75
2023-12-10 16:00:00,0.31141,0.64352
2023-12-10 17:00:00,0.34816,0.56713
2023-12-10 18:00:00,0.37718,0.51852
2023-12-10 19:00:00,0.44101,0.48148
2023-12-10 20:00:00,0.52998,0.45833
2023-12-10 21:00:00,0.61122,0.45602
2023-12-10 22:00:00,0.65957,0.43981
2023-12-10 23:00:00,0.70019,0.49537
2023-12-11 00:00:00,0.72921,0.53009
2023-12-11 01:00:00,0.73308,0.64352
2023-12-11 02:00:00,0.74662,0.64583
2023-12-11 03:00:00,0.74468,0.60185
2023-12-11 04:00:00,0.73308,0.50231
2023-12-11 05:00:00,0.70213,0.48148
2023-12-11 06:00:00,0.6499,0.44676
2023-12-11 07:00:00,0.58607,0.44213
2023-12-11 08:00:00,0.5087,0.43056
2023-12-11 09:00:00,0.43133,0.4537
2023-12-11 10:00:00,0.35977,0.49306
2023-12-11 11:00:00,0.33075,0.54861
2023-12-11 12:00:00,0.30368,0.60185
2023-12-11 13:00:00,0.28627,0.69907
2023-12-11 14:00:00,0.29207,0.78704
2023-12-11 15:00:00,0.28433,0.74306
2023-12-11 16:00:00,0.29207,0.62963
2023-12-11 17:00:00,0.32689,0.56481
2023-12-11 18:00:00,0.3675,0.51852
2023-12-11 19:00:00,0.45648,0.45833
2023-12-11 20:00:00,0.54545,0.4537
2023-12-11 21:00:00,0.61509,0.47685
2023-12-11 22:00:00,0.66344,0.46759
2023-12-11 23:00:00,0.7118,0.53472
2023-12-12 00:00:00,0.78917,0.53935
2023-12-12 01:00:00,0.78723,0.55093
2023-12-12 02:00:00,0.78723,0.53704
2023-12-12 03:00:00,0.78723,0.55787
2023-12-12 04:00:00,0.78337,0.51389
2023-12-12 05:00:00,0.76015,0.45833
2023-12-12 06:00:00,0.71567,0.41667
2023-12-12 07:00:00,0.64603,0.39815
2023-12-12 08:00:00,0.5648,0.41204
2023-12-12 09:00:00,0.47195,0.43519
2023-12-12 10:00:00,0.41779,0.46528
2023-12-12 11:00:00,0.35977,0.52315
2023-12-12 12:00:00,0.32108,0.58102
2023-12-12 13:00:00,0.29014,0.65741
2023-12-12 14:00:00,0.28627,0.68287
2023-12-12 15:00:00,0.28627,0.65046
2023-12-12 16:00:00,0.28433,0.51852
2023-12-12 17:00:00,0.37331,0.41435
2023-12-12 18:00:00,0.4971,0.36343
2023-12-12 19:00:00,0.61122,0.38426
2023-12-12 20:00:00,0.68665,0.31481
2023-12-12 21:00:00,0.73694,0.42824
2023-12-12 22:00:00,0.76209,0.5162
2023-12-12 23:00:00,0.79304,0.57176
2023-12-13 00:00:00,0.80851,0.60417
2023-12-13 01:00:00,0.81238,0.60417
2023-12-13 02:00:00,0.80271,0.58102
2023-12-13 03:00:00,0.76789,0.46528
2023-12-13 04:00:00,0.7118,0.37269
2023-12-13 05:00:00,0.63443,0.33796
2023-12-13 06:00:00,0.52611,0.34028
2023-12-13 07:00:00,0.42747,0.35185
2023-12-13 08:00:00,0.33849,0.37269
2023-12-13 09:00:00,0.28046,0.42593
2023-12-13 10:00:00,0.24758,0.51389
2023-12-13 11:00:00,0.23211,0.61574
2023-12-13 12:00:00,0.21663,0.69444
2023-12-13 13:00:00,0.20696,0.73148
2023-12-13 14:00:00,0.2089,0.72454
2023-12-13 15:00:00,0.21083,0.7037
2023-12-13 16:00:00,0.22824,0.62963
2023-12-13 17:00:00,0.25532,0.52083
2023-12-13 18:00:00,0.32689,0.4537
2023-12-13 19:00:00,0.43714,0.41435
2023-12-13 20:00:00,0.53191,0.40741
2023-12-13 21:00:00,0.83752,0.59491
2023-12-13 22:00:00,0.83752,0.59259
2023-12-13 23:00:00,0.84139,0.58565
2023-12-14 00:00:00,0.83946,0.57639
2023-12-14 01:00:00,0.82979,0.55093
2023-12-14 02:00:00,0.81625,0.51852
2023-12-14 03:00:00,0.7795,0.4838
2023-12-14 04:00:00,0.70986,0.41204
2023-12-14 05:00:00,0.65377,0.45833
2023-12-14 06:00:00,0.59188,0.45602
2023-12-14 07:00:00,0.52224,0.46528
2023-12-14 08:00:00,0.45648,0.48611
2023-12-14 09:00:00,0.41006,0.53472
2023-12-14 10:00:00,0.37331,0.57639
2023-12-14 11:00:00,0.35203,0.62269
2023-12-14 12:00:00,0.32882,0.68056
2023-12-14 13:00:00,0.32302,0.69907
2023-12-14 14:00:00,0.33269,0.64815
2023-12-14 15:00:00,0.37524,0.5787
2023-12-14 16:00:00,0.44294,0.49537
2023-12-14 17:00:00,0.53191,0.47454
2023-12-14 18:00:00,0.61315,0.47222
2023-12-14 19:00:00,0.67311,0.47222
2023-12-14 20:00:00,0.73114,0.46528
2023-12-14 21:00:00,0.78917,0.52546
2023-12-14 22:00:00,0.82205,0.57639
2023-12-14 23:00:00,0.83559,0.60648
2023-12-15 00:00:00,0.83366,0.61111
2023-12-15 01:00:00,0.82592,0.58333
2023-12-15 02:00:00,0.79884,0.52315
2023-12-15 03:00:00,0.75048,0.45833
2023-12-15 04:00:00,0.68472,0.42593
2023-12-15 05:00:00,0.61896,0.44213
2023-12-15 06:00:00,0.53578,0.43981
2023-12-15 07:00:00,0.45068,0.45833
2023-12-15 08:00:00,0.38491,0.49074
2023-12-15 09:00:00,0.34043,0.55093
2023-12-15 10:00:00,0.30368,0.59259
2023-12-15 11:00:00,0.27466,0.63426
2023-12-15 12:00:00,0.26112,0.6713
2023-12-15 13:00:00,0.26112,0.6875
2023-12-15 14:00:00,0.28433,0.65046
2023-12-15 15:00:00,0.33462,0.59491
2023-12-15 16:00:00,0.40039,0.49074
2023-12-15 17:00:00,0.51064,0.46065
2023-12-15 18:00:00,0.19923,0.30324
2023-12-15 19:00:00,0.19536,0.30093
2023-12-15 20:00:00,0.19729,0.30324
2023-12-15 21:00:00,0.19536,0.30093
2023-12-15 22:00:00,0.20696,0.28704
2023-12-15 23:00:00,0.27853,0.27315
2023-12-16 00:00:00,0.37911,0.26157
2023-12-16 01:00:00,0.47389,0.28704
2023-12-16 02:00:00,0.55126,0.34954
2023-12-16 03:00:00,0.62089,0.43287
2023-12-16 04:00:00,0.66925,0.53241
2023-12-16 05:00:00,0.70406,0.61806
2023-12-16 06:00:00,0.70986,0.66204
2023-12-16 07:00:00,0.706,0.6713
2023-12-16 08:00:00,0.70019,0.68981
2023-12-16 09:00:00,0.69246,0.68519
2023-12-16 10:00:00,0.68085,0.625
2023-12-16 11:00:00,0.6441,0.5
2023-12-16 12:00:00,0.58414,0.375
2023-12-16 13:00:00,0.49516,0.29167
2023-12-16 14:00:00,0.38491,0.25
2023-12-16 15:00:00,0.26306,0.25
2023-12-16 16:00:00,0.18569,0.28241
2023-12-16 17:00:00,0.15474,0.30093
2023-12-16 18:00:00,0.12766,0.30324
2023-12-16 19:00:00,0.12573,0.30093
2023-12-16 20:00:00,0.13153,0.2963
2023-12-16 21:00:00,0.14313,0.30093
2023-12-16 22:00:00,0.18569,0.28241
2023-12-16 23:00:00,0.26692,0.25463
2023-12-17 00:00:00,0.38878,0.24074
2023-12-17 01:00:00,0.51257,0.2662
2023-12-17 02:00:00,0.61702,0.34028
2023-12-17 03:00:00,0.67505,0.42824
2023-12-17 04:00:00,0.70986,0.52778
2023-12-17 05:00:00,0.73501,0.61574
2023-12-17 06:00:00,0.74081,0.64583
2023-12-17 07:00:00,0.73694,0.65972
2023-12-17 08:00:00,0.73114,0.65509
2023-12-17 09:00:00,0.7234,0.59722
2023-12-17 10:00:00,0.69439,0.49769
2023-12-17 11:00:00,0.65184,0.39352
2023-12-17 12:00:00,0.58607,0.30556
2023-12-17 13:00:00,0.48356,0.24769
2023-12-17 14:00:00,0.37137,0.24074
2023-12-17 15:00:00,0.24565,0.31713
2023-12-17 16:00:00,0.24371,0.31481
2023-12-17 17:00:00,0.24178,0.31713
2023-12-17 18:00:00,0.25532,0.30093
2023-12-17 19:00:00,0.2882,0.28241
2023-12-17 20:00:00,0.34043,0.26389
2023-12-17 21:00:00,0.40812,0.26389
2023-12-17 22:00:00,0.47389,0.28704
2023-12-17 23:00:00,0.53772,0.32407
2023-12-18 00:00:00,0.59768,0.38426
2023-12-18 01:00:00,0.64603,0.46065
2023-12-18 02:00:00,0.68279,0.54861
2023-12-18 03:00:00,0.70019,0.62269
2023-12-18 04:00:00,0.70019,0.67361
2023-12-18 05:00:00,0.69632,0.69213
2023-12-18 06:00:00,0.69052,0.6875
2023-12-18 07:00:00,0.67892,0.65741
2023-12-18 08:00:00,0.6499,0.58565
2023-12-18 09:00:00,0.60928,0.48843
2023-12-18 10:00:00,0.55126,0.3912
2023-12-18 11:00:00,0.47389,0.31713
2023-12-18 12:00:00,0.3675,0.28241
2023-12-18 13:00:00,0.25725,0.28241
2023-12-18 14:00:00,0.18182,0.30556
2023-12-18 15:00:00,0.15087,0.3125
2023-12-18 16:00:00,0.1412,0.31713
2023-12-18 17:00:00,0.13733,0.32176
2023-12-18 18:00:00,0.1412,0.3125
2023-12-18 19:00:00,0.15667,0.29861
2023-12-18 20:00:00,0.19342,0.28704
2023-12-18 21:00:00,0.25145,0.26389
2023-12-18 22:00:00,0.34236,0.25231
2023-12-18 23:00:00,0.43714,0.25694
2023-12-19 00:00:00,0.52418,0.29861
2023-12-19 01:00:00,0.59574,0.3912
2023-12-19 02:00:00,0.66344,0.49306
2023-12-19 03:00:00,0.71373,0.57407
2023-12-19 04:00:00,0.72534,0.59722
2023-12-19 05:00:00,0.71954,0.60417
2023-12-19 06:00:00,0.7118,0.62037
2023-12-19 07:00:00,0.69246,0.57176
2023-12-19 08:00:00,0.64217,0.47222
2023-12-19 09:00:00,0.57834,0.37269
2023-12-19 10:00:00,0.49903,0.30324
2023-12-19 11:00:00,0.40812,0.27778
2023-12-19 12:00:00,0.69246,0.72685
2023-12-19 13:00:00,0.67505,0.71991
2023-12-19 14:00:00,0.65764,0.70833
2023-12-19 15:00:00,0.63636,0.69676
2023-12-19 16:00:00,0.58801,0.66667
2023-12-19 17:00:00,0.52418,0.64352
2023-12-19 18:00:00,0.44681,0.6412
2023-12-19 19:00:00,0.37331,0.65741
2023-12-19 20:00:00,0.33462,0.66435
2023-12-19 21:00:00,0.30368,0.6875
2023-12-19 22:00:00,0.27079,0.72222
2023-12-19 23:00:00,0.26692,0.72685
2023-12-20 00:00:00,0.28046,0.70602
2023-12-20 01:00:00,0.30174,0.68056
2023-12-20 02:00:00,0.32302,0.65741
2023-12-20 03:00:00,0.35783,0.6412
2023-12-20 04:00:00,0.41006,0.61343
2023-12-20 05:00:00,0.46615,0.60185
2023-12-20 06:00:00,0.52031,0.60185
2023-12-20 07:00:00,0.56867,0.61806
2023-12-20 08:00:00,0.60928,0.63889
2023-12-20 09:00:00,0.6499,0.66898
2023-12-20 10:00:00,0.68085,0.67361
2023-12-20 11:00:00,0.70019,0.73148
2023-12-20 12:00:00,0.69632,0.7338
2023-12-20 13:00:00,0.69439,0.70139
2023-12-20 14:00:00,0.67892,0.66898
2023-12-20 15:00:00,0.64023,0.65046
2023-12-20 16:00:00,0.58994,0.62731
2023-12-20 17:00:00,0.53191,0.61111
2023-12-20 18:00:00,0.46809,0.61343
2023-12-20 19:00:00,0.40812,0.62731
2023-12-20 20:00:00,0.35783,0.64352
2023-12-20 21:00:00,0.32302,0.65741
2023-12-20 22:00:00,0.29014,0.68287
2023-12-20 23:00:00,0.26692,0.71065
2023-12-21 00:00:00,0.26499,0.71528
2023-12-21 01:00:00,0.28046,0.69444
2023-12-21 02:00:00,0.30561,0.67593
2023-12-21 03:00:00,0.34236,0.6412
2023-12-21 04:00:00,0.40039,0.59491
2023-12-21 05:00:00,0.46228,0.56944
2023-12-21 06:00:00,0.52998,0.56944
2023-12-21 07:00:00,0.59961,0.60417
2023-12-21 08:00:00,0.64603,0.62731
2023-12-21 09:00:00,0.4971,0.67361
2023-12-21 10:00:00,0.4971,0.6713
2023-12-21 11:00:00,0.4971,0.67361
2023-12-21 12:00:00,0.49323,0.66898
2023-12-21 13:00:00,0.47582,0.65509
2023-12-21 14:00:00,0.44487,0.64583
2023-12-21 15:00:00,0.40232,0.63657
2023-12-21 16:00:00,0.34236,0.63426
2023-12-21 17:00:00,0.27853,0.64352
2023-12-21 18:00:00,0.22244,0.62269
2023-12-21 19:00:00,0.18569,0.63426
2023-12-21 20:00:00,0.12379,0.7037
2023-12-21 21:00:00,0.12959,0.69676
2023-12-21 22:00:00,0.15667,0.64815
2023-12-21 23:00:00,0.17795,0.61111
2023-12-22 00:00:00,0.2147,0.58796
2023-12-22 01:00:00,0.27273,0.53935
2023-12-22 02:00:00,0.34429,0.4838
2023-12-22 03:00:00,0.41973,0.44213
2023-12-22 04:00:00,0.48743,0.42361
2023-12-22 05:00:00,0.55513,0.4213
2023-12-22 06:00:00,0.62476,0.46065
2023-12-22 07:00:00,0.66925,0.53935
2023-12-22 08:00:00,0.67892,0.56019
2023-12-22 09:00:00,0.67311,0.54398
2023-12-22 10:00:00,0.65184,0.50231
2023-12-22 11:00:00,0.60735,0.46528
2023-12-22 12:00:00,0.54739,0.45139
2023-12-22 13:00:00,0.47969,0.45602
2023-12-22 14:00:00,0.41973,0.47917
2023-12-22 15:00:00,0.36557,0.5162
2023-12-22 16:00:00,0.32495,0.56481
2023-12-22 17:00:00,0.2882,0.61806
2023-12-22 18:00:00,0.24371,0.65972
2023-12-22 19:00:00,0.22244,0.6713
2023-12-22 20:00:00,0.23404,0.66435
2023-12-22 21:00:00,0.25725,0.6412
2023-12-22 22:00:00,0.29207,0.59722
2023-12-22 23:00:00,0.33075,0.53241
2023-12-23 00:00:00,0.37718,0.4838
2023-12-23 01:00:00,0.43133,0.44676
2023-12-23 02:00:00,0.4971,0.42361
2023-12-23 03:00:00,0.56093,0.42361
2023-12-23 04:00:00,0.61509,0.46528
2023-12-23 05:00:00,0.65377,0.55556
2023-12-23 06:00:00,0.58801,0.72454
2023-12-23 07:00:00,0.58801,0.72685
2023-12-23 08:00:00,0.58801,0.72222
2023-12-23 09:00:00,0.58801,0.72222
2023-12-23 10:00:00,0.58801,0.71991
2023-12-23 11:00:00,0.55899,0.6875
2023-12-23 12:00:00,0.5087,0.62269
2023-12-23 13:00:00,0.43133,0.57407
2023-12-23 14:00:00,0.34236,0.55093
2023-12-23 15:00:00,0.25338,0.54861
2023-12-23 16:00:00,0.17602,0.55324
2023-12-23 17:00:00,0.10638,0.6088
2023-12-23 18:00:00,0.040619,0.70833
2023-12-23 19:00:00,0.015474,0.73611
2023-12-23 20:00:00,0.017408,0.72917
2023-12-23 21:00:00,0.023211,0.69213
2023-12-23 22:00:00,0.052224,0.59259
2023-12-23 23:00:00,0.11025,0.47454
2023-12-24 00:00:00,0.17795,0.39583
2023-12-24 01:00:00,0.24952,0.40046
2023-12-24 02:00:00,0.33269,0.40278
2023-12-24 03:00:00,0.43714,0.42824
2023-12-24 04:00:00,0.51838,0.48611
2023-12-24 05:00:00,0.58801,0.54861
2023-12-24 06:00:00,0.6383,0.66435
2023-12-24 07:00:00,0.6499,0.68287
2023-12-24 08:00:00,0.64217,0.67361
2023-12-24 09:00:00,0.62669,0.63657
2023-12-24 10:00:00,0.59961,0.54398
2023-12-24 11:00:00,0.54545,0.49074
2023-12-24 12:00:00,0.46035,0.43056
2023-12-24 13:00:00,0.37718,0.41667
2023-12-24 14:00:00,0.30561,0.43519
2023-12-24 15:00:00,0.23404,0.48843
2023-12-24 16:00:00,0.15667,0.55324
2023-12-24 17:00:00,0.081238,0.60185
2023-12-24 18:00:00,0.017408,0.67824
2023-12-24 19:00:00,0.0,0.70139
2023-12-24 20:00:00,0.005803,0.67824
2023-12-24 21:00:00,0.025145,0.63194
2023-12-24 22:00:00,0.065764,0.57176
2023-12-24 23:00:00,0.12186,0.45833
2023-12-25 00:00:00,0.20309,0.36343
2023-12-25 01:00:00,0.29787,0.34491
2023-12-25 02:00:00,0.40812,0.36806
2023-12-25 03:00:00,0.61896,0.7037
2023-12-25 04:00:00,0.61896,0.7037
2023-12-25 05:00:00,0.61896,0.70602
2023-12-25 06:00:00,0.61702,0.70602
2023-12-25 07:00:00,0.61315,0.69444
2023-12-25 08:00:00,0.59574,0.67593
2023-12-25 09:00:00,0.56286,0.62731
2023-12-25 10:00:00,0.50677,0.5787
2023-12-25 11:00:00,0.43327,0.55093
2023-12-25 12:00:00,0.35203,0.54861
2023-12-25 13:00:00,0.27853,0.57176
2023-12-25 14:00:00,0.2147,0.59954
2023-12-25 15:00:00,0.15087,0.6412
2023-12-25 16:00:00,0.071567,0.72222
2023-12-25 17:00:00,0.052224,0.79167
2023-12-25 18:00:00,0.067698,0.76157
2023-12-25 19:00:00,0.094778,0.69907
2023-12-25 20:00:00,0.1412,0.61111
2023-12-25 21:00:00,0.2089,0.53241
2023-12-25 22:00:00,0.28046,0.46759
2023-12-25 23:00:00,0.34429,0.4213
2023-12-26 00:00:00,0.43714,0.43287
2023-12-26 01:00:00,0.53191,0.47454
2023-12-26 02:00:00,0.60928,0.53704
2023-12-26 03:00:00,0.65957,0.66435
2023-12-26 04:00:00,0.67505,0.69676
2023-12-26 05:00:00,0.66538,0.68519
2023-12-26 06:00:00,0.64023,0.66204
2023-12-26 07:00:00,0.61702,0.61574
2023-12-26 08:00:00,0.58221,0.56481
2023-12-26 09:00:00,0.52998,0.52083
2023-12-26 10:00:00,0.48356,0.52083
2023-12-26 11:00:00,0.4352,0.52315
2023-12-26 12:00:00,0.37911,0.5162
2023-12-26 13:00:00,0.32689,0.52546
2023-12-26 14:00:00,0.2766,0.55093
2023-12-26 15:00:00,0.23404,0.58796
2023-12-26 16:00:00,0.20116,0.6412
2023-12-26 17:00:00,0.17021,0.68519
2023-12-26 18:00:00,0.15667,0.70833
2023-12-26 19:00:00,0.16634,0.69444
2023-12-26 20:00:00,0.19149,0.65278
2023-12-26 21:00:00,0.23791,0.58333
2023-12-26 22:00:00,0.28627,0.50926
2023-12-26 23:00:00,0.33849,0.46991
2023-12-27 00:00:00,0.84526,0.44213
2023-12-27 01:00:00,0.84526,0.44444
2023-12-27 02:00:00,0.8472,0.44213
2023-12-27 03:00:00,0.84913,0.43981
2023-12-27 04:00:00,0.84913,0.43981
2023-12-27 05:00:00,0.84913,0.43981
2023-12-27 06:00:00,0.83559,0.4375
2023-12-27 07:00:00,0.79691,0.42824
2023-12-27 08:00:00,0.74081,0.41667
2023-12-27 09:00:00,0.67892,0.40741
2023-12-27 10:00:00,0.61509,0.40741
2023-12-27 11:00:00,0.54932,0.41204
2023-12-27 12:00:00,0.48549,0.41898
2023-12-27 13:00:00,0.41973,0.42593
2023-12-27 14:00:00,0.37137,0.43287
2023-12-27 15:00:00,0.34623,0.43287
2023-12-27 16:00:00,0.35397,0.4375
2023-12-27 17:00:00,0.39458,0.43056
2023-12-27 18:00:00,0.45648,0.42824
2023-12-27 19:00:00,0.52805,0.42593
2023-12-27 20:00:00,0.59961,0.42593
2023-12-27 21:00:00,0.66925,0.42593
2023-12-27 22:00:00,0.73308,0.42593
2023-12-27 23:00:00,0.79304,0.43287
2023-12-28 00:00:00,0.84526,0.44213
2023-12-28 01:00:00,0.88201,0.44907
2023-12-28 02:00:00,0.89168,0.45139
2023-12-28 03:00:00,0.87041,0.44907
2023-12-28 04:00:00,0.82205,0.44676
2023-12-28 05:00:00,0.76209,0.43287
2023-12-28 06:00:00,0.69439,0.42361
2023-12-28 07:00:00,0.62282,0.4213
2023-12-28 08:00:00,0.55319,0.42593
2023-12-28 09:00:00,0.48549,0.43056
2023-12-28 10:00:00,0.41973,0.43519
2023-12-28 11:00:00,0.36557,0.43981
2023-12-28 12:00:00,0.32689,0.44444
2023-12-28 13:00:00,0.31335,0.44213
2023-12-28 14:00:00,0.32882,0.45139
2023-12-28 15:00:00,0.36557,0.45139
2023-12-28 16:00:00,0.41973,0.44907
2023-12-28 17:00:00,0.48743,0.44444
2023-12-28 18:00:00,0.55319,0.44213
2023-12-28 19:00:00,0.61509,0.43981
2023-12-28 20:00:00,0.67505,0.43981
2023-12-28 21:00:00,0.59768,0.54398
2023-12-28 22:00:00,0.59574,0.54398
2023-12-28 23:00:00,0.58027,0.54167
2023-12-29 00:00:00,0.55319,0.54167
2023-12-29 01:00:00,0.51451,0.54167
2023-12-29 02:00:00,0.47389,0.54167
2023-12-29 03:00:00,0.43714,0.54167
2023-12-29 04:00:00,0.39845,0.53935
2023-12-29 05:00:00,0.35977,0.53935
2023-12-29 06:00:00,0.32882,0.53241
2023-12-29 07:00:00,0.30174,0.52546
2023-12-29 08:00:00,0.26886,0.52546
2023-12-29 09:00:00,0.23791,0.53704
2023-12-29 10:00:00,0.2205,0.55556
2023-12-29 11:00:00,0.22437,0.5625
2023-12-29 12:00:00,0.24371,0.5625
2023-12-29 13:00:00,0.27273,0.56019
2023-12-29 14:00:00,0.30754,0.5625
2023-12-29 15:00:00,0.35203,0.57407
2023-12-29 16:00:00,0.40812,0.56481
2023-12-29 17:00:00,0.47389,0.55093
2023-12-29 18:00:00,0.54159,0.53935
2023-12-29 19:00:00,0.60542,0.53241
2023-12-29 20:00:00,0.6499,0.52546
2023-12-29 21:00:00,0.67311,0.52083
2023-12-29 22:00:00,0.69439,0.52083
2023-12-29 23:00:00,0.70793,0.52546
2023-12-30 00:00:00,0.69052,0.52083
2023-12-30 01:00:00,0.63056,0.5162
2023-12-30 02:00:00,0.55319,0.52083
2023-12-30 03:00:00,0.48356,0.53009
2023-12-30 04:00:00,0.4236,0.53009
2023-12-30 05:00:00,0.37331,0.52315
2023-12-30 06:00:00,0.32108,0.52546
2023-12-30 07:00:00,0.27466,0.52546
2023-12-30 08:00:00,0.25919,0.52546
2023-12-30 09:00:00,0.26692,0.52546
2023-12-30 10:00:00,0.2882,0.53009
2023-12-30 11:00:00,0.32882,0.53704
2023-12-30 12:00:00,0.39845,0.52546
2023-12-30 13:00:00,0.47582,0.51389
2023-12-30 14:00:00,0.55899,0.50463
2023-12-30 15:00:00,0.62282,0.49306
2023-12-30 16:00:00,0.66731,0.48611
2023-12-30 17:00:00,0.69632,0.48843
2023-12-30 18:00:00,0.7234,0.37963
2023-12-30 19:00:00,0.7234,0.37731
2023-12-30 20:00:00,0.7234,0.37731
2023-12-30 21:00:00,0.7234,0.37731
2023-12-30 22:00:00,0.72534,0.37731
2023-12-30 23:00:00,0.72534,0.375
2023-12-31 00:00:00,0.7234,0.37963
2023-12-31 01:00:00,0.71567,0.37963
2023-12-31 02:00:00,0.69632,0.375
2023-12-31 03:00:00,0.66731,0.37731
2023-12-31 04:00:00,0.63443,0.37731
2023-12-31 05:00:00,0.59961,0.37731
2023-12-31 06:00:00,0.5648,0.37963
2023-12-31 07:00:00,0.52805,0.38426
2023-12-31 08:00:00,0.48743,0.38194
2023-12-31 09:00:00,0.44681,0.38657
2023-12-31 10:00:00,0.41006,0.38194
2023-12-31 11:00:00,0.38298,0.375
2023-12-31 12:00:00,0.36557,0.38194
2023-12-31 13:00:00,0.36364,0.38657
2023-12-31 14:00:00,0.37331,0.38657
2023-12-31 15:00:00,0.39652,0.39352
2023-12-31 16:00:00,0.4294,0.40046
2023-12-31 17:00:00,0.46809,0.40278
2023-12-31 18:00:00,0.51257,0.40278
2023-12-31 19:00:00,0.55706,0.39815
2023-12-31 20:00:00,0.59961,0.39583
2023-12-31 21:00:00,0.64217,0.39352
2023-12-31 22:00:00,0.68279,0.3912
2023-12-31 23:00:00,0.7234,0.39352
2024-01-01 00:00:00,0.75822,0.39815
2024-01-01 01:00:00,0.78337,0.40046
2024-01-01 02:00:00,0.79884,0.40278
2024-01-01 03:00:00,0.80851,0.40741
2024-01-01 04:00:00,0.80851,0.40741
2024-01-01 05:00:00,0.79884,0.41204
2024-01-01 06:00:00,0.7795,0.41204
2024-01-01 07:00:00,0.74855,0.40741
2024-01-01 08:00:00,0.706,0.40741
2024-01-01 09:00:00,0.65957,0.40741
2024-01-01 10:00:00,0.61315,0.40278
2024-01-01 11:00:00,0.5706,0.40046
2024-01-01 12:00:00,0.53191,0.40046
2024-01-01 13:00:00,0.49516,0.40046
2024-01-01 14:00:00,0.46228,0.40046
2024-01-01 15:00:00,0.83559,0.61111
2024-01-01 16:00:00,0.83559,0.61111
2024-01-01 17:00:00,0.83366,0.61111
2024-01-01 18:00:00,0.82785,0.61111
2024-01-01 19:00:00,0.82979,0.52778
2024-01-01 20:00:00,0.78337,0.52778
2024-01-01 21:00:00,0.73694,0.50926
2024-01-01 22:00:00,0.65957,0.5162
2024-01-01 23:00:00,0.59188,0.5162
2024-01-02 00:00:00,0.52031,0.52315
2024-01-02 01:00:00,0.45841,0.52315
2024-01-02 02:00:00,0.41006,0.52315
2024-01-02 03:00:00,0.36944,0.52315
2024-01-02 04:00:00,0.33849,0.52778
2024-01-02 05:00:00,0.34816,0.52778
2024-01-02 06:00:00,0.39652,0.53009
2024-01-02 07:00:00,0.46228,0.53241
2024-01-02 08:00:00,0.53191,0.53935
2024-01-02 09:00:00,0.59768,0.53472
2024-01-02 10:00:00,0.67311,0.52778
2024-01-02 11:00:00,0.73114,0.53241
2024-01-02 12:00:00,0.77756,0.53241
2024-01-02 13:00:00,0.80658,0.52778
2024-01-02 14:00:00,0.80658,0.53009
2024-01-02 15:00:00,0.79884,0.52546
2024-01-02 16:00:00,0.77369,0.51389
2024-01-02 17:00:00,0.71373,0.51157
2024-01-02 18:00:00,0.63443,0.52083
2024-01-02 19:00:00,0.56673,0.53241
2024-01-02 20:00:00,0.51838,0.53241
2024-01-02 21:00:00,0.47195,0.53241
2024-01-02 22:00:00,0.43907,0.54167
2024-01-02 23:00:00,0.41006,0.54861
2024-01-03 00:00:00,0.37137,0.54861
2024-01-03 01:00:00,0.33462,0.54167
2024-01-03 02:00:00,0.29787,0.53472
2024-01-03 03:00:00,0.2882,0.53935
2024-01-03 04:00:00,0.30754,0.53472
2024-01-03 05:00:00,0.3559,0.53472
2024-01-03 06:00:00,0.41586,0.54167
2024-01-03 07:00:00,0.46809,0.54398
2024-01-03 08:00:00,0.52418,0.54398
2024-01-03 09:00:00,0.57253,0.54398
2024-01-03 10:00:00,0.6383,0.53009
2024-01-03 11:00:00,0.70793,0.52315
2024-01-03 12:00:00,0.78143,0.60185
2024-01-03 13:00:00,0.7795,0.60185
2024-01-03 14:00:00,0.78143,0.60417
2024-01-03 15:00:00,0.78143,0.60185
2024-01-03 16:00:00,0.77176,0.59954
2024-01-03 17:00:00,0.79884,0.49769
2024-01-03 18:00:00,0.75048,0.49769
2024-01-03 19:00:00,0.68665,0.51157
2024-01-03 20:00:00,0.61896,0.52546
2024-01-03 21:00:00,0.54545,0.52778
2024-01-03 22:00:00,0.50097,0.51389
2024-01-03 23:00:00,0.4294,0.51157
2024-01-04 00:00:00,0.35977,0.50694
2024-01-04 01:00:00,0.29787,0.5162
2024-01-04 02:00:00,0.23791,0.51389
2024-01-04 03:00:00,0.25919,0.52546
2024-01-04 04:00:00,0.33269,0.52083
2024-01-04 05:00:00,0.40812,0.51157
2024-01-04 06:00:00,0.47969,0.50463
2024-01-04 07:00:00,0.54739,0.50926
2024-01-04 08:00:00,0.60928,0.51157
2024-01-04 09:00:00,0.67311,0.51389
2024-01-04 10:00:00,0.72727,0.51157
2024-01-04 11:00:00,0.76402,0.49769
2024-01-04 12:00:00,0.77369,0.48843
2024-01-04 13:00:00,0.76015,0.49769
2024-01-04 14:00:00,0.71373,0.50463
2024-01-04 15:00:00,0.66151,0.50694
2024-01-04 16:00:00,0.60348,0.51389
2024-01-04 17:00:00,0.54932,0.51157
2024-01-04 18:00:00,0.50097,0.50926
2024-01-04 19:00:00,0.43133,0.51852
2024-01-04 20:00:00,0.3559,0.52778
2024-01-04 21:00:00,0.28433,0.53009
2024-01-04 22:00:00,0.23404,0.53009
2024-01-04 23:00:00,0.2089,0.52315
2024-01-05 00:00:00,0.24565,0.52778
2024-01-05 01:00:00,0.31141,0.53009
2024-01-05 02:00:00,0.37911,0.52778
2024-01-05 03:00:00,0.44294,0.52315
2024-01-05 04:00:00,0.5029,0.52315
2024-01-05 05:00:00,0.56286,0.52778
2024-01-05 06:00:00,0.61896,0.53009
2024-01-05 07:00:00,0.67892,0.52778
2024-01-05 08:00:00,0.72921,0.53009
2024-01-05 09:00:00,0.23211,0.45139
2024-01-05 10:00:00,0.23598,0.44907
2024-01-05 11:00:00,0.23791,0.44907
2024-01-05 12:00:00,0.24371,0.45139
2024-01-05 13:00:00,0.28046,0.46759
2024-01-05 14:00:00,0.3559,0.48611
2024-01-05 15:00:00,0.44101,0.48148
2024-01-05 16:00:00,0.51838,0.47454
2024-01-05 17:00:00,0.58801,0.46528
2024-01-05 18:00:00,0.64603,0.46296
2024-01-05 19:00:00,0.69052,0.46528
2024-01-05 20:00:00,0.7176,0.46759
2024-01-05 21:00:00,0.73114,0.46528
2024-01-05 22:00:00,0.72921,0.47222
2024-01-05 23:00:00,0.70019,0.46991
2024-01-06 00:00:00,0.65184,0.46759
2024-01-06 01:00:00,0.59381,0.46296
2024-01-06 02:00:00,0.51838,0.46759
2024-01-06 03:00:00,0.43327,0.47685
2024-01-06 04:00:00,0.35397,0.4838
2024-01-06 05:00:00,0.28433,0.48148
2024-01-06 06:00:00,0.22824,0.46528
2024-01-06 07:00:00,0.19149,0.45602
2024-01-06 08:00:00,0.16634,0.46065
2024-01-06 09:00:00,0.17408,0.43981
2024-01-06 10:00:00,0.17408,0.43519
2024-01-06 11:00:00,0.17408,0.43287
2024-01-06 12:00:00,0.19149,0.44213
2024-01-06 13:00:00,0.23985,0.45602
2024-01-06 14:00:00,0.32882,0.45833
2024-01-06 15:00:00,0.42747,0.44444
2024-01-06 16:00:00,0.51064,0.43519
2024-01-06 17:00:00,0.5706,0.42361
2024-01-06 18:00:00,0.61509,0.41667
2024-01-06 19:00:00,0.65184,0.41667
2024-01-06 20:00:00,0.67892,0.41435
2024-01-06 21:00:00,0.69052,0.41898
2024-01-06 22:00:00,0.69439,0.42593
2024-01-06 23:00:00,0.68279,0.43056
2024-01-07 00:00:00,0.64603,0.43519
2024-01-07 01:00:00,0.59188,0.43519
2024-01-07 02:00:00,0.52031,0.43519
2024-01-07 03:00:00,0.44101,0.44213
2024-01-07 04:00:00,0.36364,0.44907
2024-01-07 05:00:00,0.29981,0.44676
2024-01-07 06:00:00,0.23598,0.43519
2024-01-07 07:00:00,0.23791,0.43287
2024-01-07 08:00:00,0.23791,0.44213
2024-01-07 09:00:00,0.25338,0.4537
2024-01-07 10:00:00,0.30174,0.47222
2024-01-07 11:00:00,0.38491,0.47685
2024-01-07 12:00:00,0.47195,0.47917
2024-01-07 13:00:00,0.55319,0.48148
2024-01-07 14:00:00,0.62089,0.4838
2024-01-07 15:00:00,0.66538,0.49074
2024-01-07 16:00:00,0.69052,0.48843
2024-01-07 17:00:00,0.70406,0.4838
2024-01-07 18:00:00,0.70406,0.48148
2024-01-07 19:00:00,0.69052,0.48148
2024-01-07 20:00:00,0.65764,0.47685
2024-01-07 21:00:00,0.61315,0.47222
2024-01-07 22:00:00,0.55706,0.46991
2024-01-07 23:00:00,0.48162,0.47454
2024-01-08 00:00:00,0.39458,0.47454
2024-01-08 01:00:00,0.30368,0.47454
2024-01-08 02:00:00,0.23791,0.46759
2024-01-08 03:00:00,0.20696,0.46065
2024-01-08 04:00:00,0.19342,0.45602
2024-01-08 05:00:00,0.17795,0.45833
2024-01-08 06:00:00,0.16441,0.46296
2024-01-08 07:00:00,0.17408,0.46065
2024-01-08 08:00:00,0.20116,0.45833
2024-01-08 09:00:00,0.24758,0.47685
2024-01-08 10:00:00,0.31335,0.48148
2024-01-08 11:00:00,0.38878,0.47685
2024-01-08 12:00:00,0.46422,0.47222
2024-01-08 13:00:00,0.53965,0.47222
2024-01-08 14:00:00,0.60542,0.47685
2024-01-08 15:00:00,0.66151,0.4838
2024-01-08 16:00:00,0.70406,0.48611
2024-01-08 17:00:00,0.73501,0.48843
2024-01-08 18:00:00,0.75048,0.48843
2024-01-08 19:00:00,0.75435,0.48843
2024-01-08 20:00:00,0.74468,0.48843
2024-01-08 21:00:00,0.7176,0.48843
2024-01-08 22:00:00,0.66925,0.4838
2024-01-08 23:00:00,0.60348,0.48611
2024-01-09 00:00:00,0.52418,0.48611
2024-01-09 01:00:00,0.44101,0.4838
2024-01-09 02:00:00,0.3617,0.4838
2024-01-09 03:00:00,0.147,0.47917
2024-01-09 04:00:00,0.17602,0.47917
2024-01-09 05:00:00,0.22244,0.4838
2024-01-09 06:00:00,0.27853,0.50463
2024-01-09 07:00:00,0.35783,0.50694
2024-01-09 08:00:00,0.44101,0.50463
2024-01-09 09:00:00,0.51451,0.50694
2024-01-09 10:00:00,0.57253,0.50926
2024-01-09 11:00:00,0.61702,0.51389
2024-01-09 12:00:00,0.6499,0.51389
2024-01-09 13:00:00,0.67311,0.50926
2024-01-09 14:00:00,0.68085,0.50926
2024-01-09 15:00:00,0.66538,0.50926
2024-01-09 16:00:00,0.6325,0.50926
2024-01-09 17:00:00,0.58027,0.50694
2024-01-09 18:00:00,0.5087,0.49769
2024-01-09 19:00:00,0.41973,0.49537
2024-01-09 20:00:00,0.33269,0.49769
2024-01-09 21:00:00,0.25532,0.49769
2024-01-09 22:00:00,0.20116,0.48611
2024-01-09 23:00:00,0.147,0.49074
2024-01-10 00:00:00,0.11219,0.49769
2024-01-10 01:00:00,0.098646,0.49769
2024-01-10 02:00:00,0.10638,0.49769
2024-01-10 03:00:00,0.10832,0.49306
2024-01-10 04:00:00,0.10832,0.50694
2024-01-10 05:00:00,0.15474,0.49306
2024-01-10 06:00:00,0.21663,0.49306
2024-01-10 07:00:00,0.28046,0.50694
2024-01-10 08:00:00,0.3617,0.50926
2024-01-10 09:00:00,0.43714,0.50694
2024-01-10 10:00:00,0.5029,0.50926
2024-01-10 11:00:00,0.55319,0.51157
2024-01-10 12:00:00,0.59381,0.51389
2024-01-10 13:00:00,0.62476,0.51389
2024-01-10 14:00:00,0.64603,0.51157
2024-01-10 15:00:00,0.65184,0.50926
2024-01-10 16:00:00,0.64023,0.50694
2024-01-10 17:00:00,0.60928,0.50231
2024-01-10 18:00:00,0.55706,0.49537
2024-01-10 19:00:00,0.4913,0.49769
2024-01-10 20:00:00,0.41779,0.50231
2024-01-10 21:00:00,0.33656,0.50463
2024-01-10 22:00:00,0.26306,0.49306
2024-01-10 23:00:00,0.19729,0.48843
2024-01-11 00:00:00,0.25338,0.4213
2024-01-11 01:00:00,0.26886,0.41898
2024-01-11 02:00:00,0.29594,0.43287
2024-01-11 03:00:00,0.34043,0.44213
2024-01-11 04:00:00,0.40812,0.45139
2024-01-11 05:00:00,0.48743,0.45833
2024-01-11 06:00:00,0.56093,0.46296
2024-01-11 07:00:00,0.61122,0.46991
2024-01-11 08:00:00,0.6499,0.46991
2024-01-11 09:00:00,0.68279,0.47222
2024-01-11 10:00:00,0.70793,0.47222
2024-01-11 11:00:00,0.71567,0.47222
2024-01-11 12:00:00,0.69826,0.46991
2024-01-11 13:00:00,0.66151,0.46528
2024-01-11 14:00:00,0.60735,0.45833
2024-01-11 15:00:00,0.54739,0.4537
2024-01-11 16:00:00,0.47969,0.4537
2024-01-11 17:00:00,0.40619,0.45602
2024-01-11 18:00:00,0.34043,0.45833
2024-01-11 19:00:00,0.29014,0.45833
2024-01-11 20:00:00,0.24371,0.45139
2024-01-11 21:00:00,0.21277,0.44444
2024-01-11 22:00:00,0.18762,0.4375
2024-01-11 23:00:00,0.16634,0.43519
2024-01-12 00:00:00,0.16828,0.44444
2024-01-12 01:00:00,0.19923,0.43981
2024-01-12 02:00:00,0.22824,0.45602
2024-01-12 03:00:00,0.29787,0.46065
2024-01-12 04:00:00,0.37911,0.45833
2024-01-12 05:00:00,0.45841,0.45833
2024-01-12 06:00:00,0.52998,0.45139
2024-01-12 07:00:00,0.59381,0.44907
2024-01-12 08:00:00,0.64797,0.4537
2024-01-12 09:00:00,0.69246,0.46528
2024-01-12 10:00:00,0.70793,0.46528
2024-01-12 11:00:00,0.706,0.46296
2024-01-12 12:00:00,0.68085,0.45833
2024-01-12 13:00:00,0.6325,0.45139
2024-01-12 14:00:00,0.57253,0.44907
2024-01-12 15:00:00,0.48936,0.45139
2024-01-12 16:00:00,0.38878,0.45139
2024-01-12 17:00:00,0.28046,0.44907
2024-01-12 18:00:00,0.2147,0.43519
2024-01-12 19:00:00,0.18182,0.4375
2024-01-12 20:00:00,0.16441,0.4375
2024-01-12 21:00:00,0.54159,0.61806
2024-01-12 22:00:00,0.54159,0.61806
2024-01-12 23:00:00,0.54159,0.62037
2024-01-13 00:00:00,0.53772,0.62037
2024-01-13 01:00:00,0.52418,0.61806
2024-01-13 02:00:00,0.5087,0.62037
2024-01-13 03:00:00,0.50097,0.625
2024-01-13 04:00:00,0.48936,0.62963
2024-01-13 05:00:00,0.46422,0.63194
2024-01-13 06:00:00,0.43714,0.63657
2024-01-13 07:00:00,0.41973,0.6412
2024-01-13 08:00:00,0.40426,0.63889
2024-01-13 09:00:00,0.38298,0.63889
2024-01-13 10:00:00,0.36364,0.63194
2024-01-13 11:00:00,0.34236,0.62963
2024-01-13 12:00:00,0.33075,0.62731
2024-01-13 13:00:00,0.33656,0.62731
2024-01-13 14:00:00,0.3501,0.62269
2024-01-13 15:00:00,0.37331,0.62269
2024-01-13 16:00:00,0.39072,0.62731
2024-01-13 17:00:00,0.41006,0.62269
2024-01-13 18:00:00,0.43714,0.61806
2024-01-13 19:00:00,0.46809,0.61343
2024-01-13 20:00:00,0.50677,0.61343
2024-01-13 21:00:00,0.54352,0.61111
2024-01-13 22:00:00,0.57253,0.61806
2024-01-13 23:00:00,0.58221,0.62037
2024-01-14 00:00:00,0.59188,0.62731
2024-01-14 01:00:00,0.58027,0.62269
2024-01-14 02:00:00,0.54932,0.62037
2024-01-14 03:00:00,0.50484,0.61343
2024-01-14 04:00:00,0.45261,0.61111
2024-01-14 05:00:00,0.40619,0.61574
2024-01-14 06:00:00,0.37524,0.6088
2024-01-14 07:00:00,0.34816,0.60648
2024-01-14 08:00:00,0.32495,0.59722
2024-01-14 09:00:00,0.30561,0.59954
2024-01-14 10:00:00,0.2882,0.59954
2024-01-14 11:00:00,0.28046,0.59954
2024-01-14 12:00:00,0.29207,0.59259
2024-01-14 13:00:00,0.33075,0.5787
2024-01-14 14:00:00,0.37718,0.56481
2024-01-14 15:00:00,0.41973,0.56944
2024-01-14 16:00:00,0.47582,0.57639
2024-01-14 17:00:00,0.52418,0.59028
2024-01-14 18:00:00,0.51644,0.65741
2024-01-14 19:00:00,0.51644,0.65741
2024-01-14 20:00:00,0.51644,0.65741
2024-01-14 21:00:00,0.51644,0.65972
2024-01-14 22:00:00,0.5029,0.65509
2024-01-14 23:00:00,0.48356,0.65278
2024-01-15 00:00:00,0.44874,0.64583
2024-01-15 01:00:00,0.40812,0.64352
2024-01-15 02:00:00,0.3617,0.63657
2024-01-15 03:00:00,0.31335,0.62731
2024-01-15 04:00:00,0.26499,0.61574
2024-01-15 05:00:00,0.21663,0.62037
2024-01-15 06:00:00,0.18569,0.62731
2024-01-15 07:00:00,0.17215,0.63657
2024-01-15 08:00:00,0.18762,0.64352
2024-01-15 09:00:00,0.22244,0.65278
2024-01-15 10:00:00,0.27466,0.65741
2024-01-15 11:00:00,0.32689,0.65741
2024-01-15 12:00:00,0.37911,0.65278
2024-01-15 13:00:00,0.43133,0.65278
2024-01-15 14:00:00,0.48549,0.65509
2024-01-15 15:00:00,0.52031,0.65741
2024-01-15 16:00:00,0.55899,0.66435
2024-01-15 17:00:00,0.59381,0.67593
2024-01-15 18:00:00,0.60928,0.68287
2024-01-15 19:00:00,0.60542,0.68056
2024-01-15 20:00:00,0.59188,0.67361
2024-01-15 21:00:00,0.56093,0.66435
2024-01-15 22:00:00,0.51257,0.65509
2024-01-15 23:00:00,0.45068,0.64583
2024-01-16 00:00:00,0.38878,0.6412
2024-01-16 01:00:00,0.32689,0.63889
2024-01-16 02:00:00,0.27079,0.63657
2024-01-16 03:00:00,0.2205,0.65046
2024-01-16 04:00:00,0.17215,0.67361
2024-01-16 05:00:00,0.16054,0.6875
2024-01-16 06:00:00,0.16634,0.68519
2024-01-16 07:00:00,0.17988,0.68519
2024-01-16 08:00:00,0.21277,0.68519
2024-01-16 09:00:00,0.26112,0.66898
2024-01-16 10:00:00,0.31528,0.65741
2024-01-16 11:00:00,0.3675,0.65046
2024-01-16 12:00:00,0.42166,0.64815
2024-01-16 13:00:00,0.46809,0.64815
2024-01-16 14:00:00,0.51451,0.65509
2024-01-16 15:00:00,0.5706,0.65741
2024-01-16 16:00:00,0.5706,0.65741
2024-01-16 17:00:00,0.5706,0.65509
2024-01-16 18:00:00,0.56867,0.65046
2024-01-16 19:00:00,0.54739,0.6412
2024-01-16 20:00:00,0.51064,0.63194
2024-01-16 21:00:00,0.46422,0.625
2024-01-16 22:00:00,0.41393,0.61574
2024-01-16 23:00:00,0.35977,0.61343
2024-01-17 00:00:00,0.31721,0.60648
2024-01-17 01:00:00,0.27466,0.61111
2024-01-17 02:00:00,0.24371,0.59954
2024-01-17 03:00:00,0.22631,0.60648
2024-01-17 04:00:00,0.23017,0.60648
2024-01-17 05:00:00,0.24952,0.61111
2024-01-17 06:00:00,0.28627,0.61343
2024-01-17 07:00:00,0.33269,0.61806
2024-01-17 08:00:00,0.37911,0.61806
2024-01-17 09:00:00,0.4236,0.61574
2024-01-17 10:00:00,0.47389,0.61574
2024-01-17 11:00:00,0.51838,0.62037
2024-01-17 12:00:00,0.55706,0.625
2024-01-17 13:00:00,0.59381,0.62963
2024-01-17 14:00:00,0.61896,0.63657
2024-01-17 15:00:00,0.62089,0.63657
2024-01-17 16:00:00,0.62089,0.63657
2024-01-17 17:00:00,0.60155,0.63426
2024-01-17 18:00:00,0.56093,0.62731
2024-01-17 19:00:00,0.50677,0.61806
2024-01-17 20:00:00,0.44874,0.61111
2024-01-17 21:00:00,0.39072,0.61111
2024-01-17 22:00:00,0.33849,0.6088
2024-01-17 23:00:00,0.29787,0.61111
2024-01-18 00:00:00,0.26692,0.60648
2024-01-18 01:00:00,0.23985,0.61574
2024-01-18 02:00:00,0.23211,0.62037
2024-01-18 03:00:00,0.23985,0.62269
2024-01-18 04:00:00,0.25145,0.62963
2024-01-18 05:00:00,0.28046,0.63889
2024-01-18 06:00:00,0.32302,0.63194
2024-01-18 07:00:00,0.36944,0.625
2024-01-18 08:00:00,0.42166,0.62269
2024-01-18 09:00:00,0.47389,0.62269
2024-01-18 10:00:00,0.52418,0.63194
2024-01-18 11:00:00,0.56286,0.6412
2024-01-18 12:00:00,0.73501,0.60648
2024-01-18 13:00:00,0.73501,0.6088
2024-01-18 14:00:00,0.73501,0.6088
2024-01-18 15:00:00,0.73501,0.60648
2024-01-18 16:00:00,0.73694,0.59491
2024-01-18 17:00:00,0.73694,0.57176
2024-01-18 18:00:00,0.73114,0.55324
2024-01-18 19:00:00,0.7234,0.53241
2024-01-18 20:00:00,0.72147,0.49306
2024-01-18 21:00:00,0.71567,0.43519
2024-01-18 22:00:00,0.70793,0.37037
2024-01-18 23:00:00,0.70406,0.3125
2024-01-19 00:00:00,0.70406,0.26389
2024-01-19 01:00:00,0.69826,0.22222
2024-01-19 02:00:00,0.69632,0.19907
2024-01-19 03:00:00,0.69826,0.21296
2024-01-19 04:00:00,0.69826,0.26157
2024-01-19 05:00:00,0.69632,0.31944
2024-01-19 06:00:00,0.70019,0.37269
2024-01-19 07:00:00,0.706,0.43287
2024-01-19 08:00:00,0.70793,0.48148
2024-01-19 09:00:00,0.71373,0.52546
2024-01-19 10:00:00,0.72147,0.55556
2024-01-19 11:00:00,0.7234,0.58102
2024-01-19 12:00:00,0.70986,0.6088
2024-01-19 13:00:00,0.706,0.625
2024-01-19 14:00:00,0.70793,0.62731
2024-01-19 15:00:00,0.71373,0.61806
2024-01-19 16:00:00,0.72534,0.59491
2024-01-19 17:00:00,0.73308,0.56713
2024-01-19 18:00:00,0.72921,0.53935
2024-01-19 19:00:00,0.72534,0.49537
2024-01-19 20:00:00,0.7176,0.44444
2024-01-19 21:00:00,0.70986,0.38657
2024-01-19 22:00:00,0.70019,0.33102
2024-01-19 23:00:00,0.69052,0.27546
2024-01-20 00:00:00,0.68472,0.22454
2024-01-20 01:00:00,0.67505,0.18287
2024-01-20 02:00:00,0.66731,0.16667
2024-01-20 03:00:00,0.66925,0.18519
2024-01-20 04:00:00,0.67698,0.23611
2024-01-20 05:00:00,0.68472,0.30093
2024-01-20 06:00:00,0.69439,0.37037
2024-01-20 07:00:00,0.70406,0.44676
2024-01-20 08:00:00,0.7118,0.50926
2024-01-20 09:00:00,0.46035,0.68287
2024-01-20 10:00:00,0.46035,0.68287
2024-01-20 11:00:00,0.46228,0.68287
2024-01-20 12:00:00,0.45841,0.67593
2024-01-20 13:00:00,0.44874,0.625
2024-01-20 14:00:00,0.44487,0.56019
2024-01-20 15:00:00,0.43714,0.48611
2024-01-20 16:00:00,0.42747,0.41898
2024-01-20 17:00:00,0.41199,0.3588
2024-01-20 18:00:00,0.40232,0.30787
2024-01-20 19:00:00,0.39845,0.27083
2024-01-20 20:00:00,0.40039,0.24537
2024-01-20 21:00:00,0.40039,0.23843
2024-01-20 22:00:00,0.39845,0.25926
2024-01-20 23:00:00,0.39458,0.30556
2024-01-21 00:00:00,0.39458,0.37269
2024-01-21 01:00:00,0.39845,0.44907
2024-01-21 02:00:00,0.40426,0.51852
2024-01-21 03:00:00,0.41779,0.5787
2024-01-21 04:00:00,0.4294,0.63657
2024-01-21 05:00:00,0.43907,0.67824
2024-01-21 06:00:00,0.45455,0.70833
2024-01-21 07:00:00,0.45841,0.71991
2024-01-21 08:00:00,0.46422,0.72454
2024-01-21 09:00:00,0.46422,0.71991
2024-01-21 10:00:00,0.45068,0.69676
2024-01-21 11:00:00,0.44487,0.63426
2024-01-21 12:00:00,0.44101,0.5625
2024-01-21 13:00:00,0.43133,0.47454
2024-01-21 14:00:00,0.41973,0.3912
2024-01-21 15:00:00,0.41006,0.32176
2024-01-21 16:00:00,0.40039,0.27315
2024-01-21 17:00:00,0.39072,0.23843
2024-01-21 18:00:00,0.38878,0.21759
2024-01-21 19:00:00,0.38685,0.20833
2024-01-21 20:00:00,0.38104,0.20833
2024-01-21 21:00:00,0.38104,0.22222
2024-01-21 22:00:00,0.38491,0.25463
2024-01-21 23:00:00,0.38878,0.31713
2024-01-22 00:00:00,0.39652,0.40046
2024-01-22 01:00:00,0.40619,0.49306
2024-01-22 02:00:00,0.41973,0.57639
2024-01-22 03:00:00,0.4236,0.65278
2024-01-22 04:00:00,0.42166,0.68519
2024-01-22 05:00:00,0.42166,0.6875
2024-01-22 06:00:00,0.78917,0.65509
2024-01-22 07:00:00,0.78917,0.65972
2024-01-22 08:00:00,0.78917,0.65741
2024-01-22 09:00:00,0.78917,0.65741
2024-01-22 10:00:00,0.7911,0.65741
2024-01-22 11:00:00,0.7911,0.65278
2024-01-22 12:00:00,0.7911,0.65046
2024-01-22 13:00:00,0.7853,0.63889
2024-01-22 14:00:00,0.77756,0.60417
2024-01-22 15:00:00,0.77369,0.54398
2024-01-22 16:00:00,0.77176,0.47454
2024-01-22 17:00:00,0.77176,0.40741
2024-01-22 18:00:00,0.77563,0.35185
2024-01-22 19:00:00,0.77563,0.30324
2024-01-22 20:00:00,0.77756,0.26389
2024-01-22 21:00:00,0.7795,0.22917
2024-01-22 22:00:00,0.78143,0.21065
2024-01-22 23:00:00,0.78143,0.2037
2024-01-23 00:00:00,0.7795,0.21296
2024-01-23 01:00:00,0.77563,0.23843
2024-01-23 02:00:00,0.76983,0.28241
2024-01-23 03:00:00,0.76209,0.33333
2024-01-23 04:00:00,0.76015,0.39815
2024-01-23 05:00:00,0.75822,0.46759
2024-01-23 06:00:00,0.75435,0.53009
2024-01-23 07:00:00,0.75629,0.58796
2024-01-23 08:00:00,0.76402,0.62269
2024-01-23 09:00:00,0.76789,0.65972
2024-01-23 10:00:00,0.76402,0.69676
2024-01-23 11:00:00,0.75822,0.71991
2024-01-23 12:00:00,0.75629,0.72917
2024-01-23 13:00:00,0.75435,0.73148
2024-01-23 14:00:00,0.75629,0.7338
2024-01-23 15:00:00,0.76015,0.71991
2024-01-23 16:00:00,0.76596,0.69907
2024-01-23 17:00:00,0.76983,0.65972
2024-01-23 18:00:00,0.76789,0.62037
2024-01-23 19:00:00,0.76596,0.5787
2024-01-23 20:00:00,0.77176,0.5162
2024-01-23 21:00:00,0.7795,0.44907
2024-01-23 22:00:00,0.7853,0.39583
2024-01-23 23:00:00,0.7911,0.34259
2024-01-24 00:00:00,0.79884,0.29861
2024-01-24 01:00:00,0.80271,0.2662
2024-01-24 02:00:00,0.80464,0.23611
2024-01-24 03:00:00,0.61702,0.75
2024-01-24 04:00:00,0.62089,0.74537
2024-01-24 05:00:00,0.61896,0.74769
2024-01-24 06:00:00,0.61702,0.75
2024-01-24 07:00:00,0.61509,0.75
2024-01-24 08:00:00,0.61509,0.7338
2024-01-24 09:00:00,0.62282,0.68287
2024-01-24 10:00:00,0.61702,0.61343
2024-01-24 11:00:00,0.60928,0.53704
2024-01-24 12:00:00,0.59381,0.4537
2024-01-24 13:00:00,0.58607,0.36574
2024-01-24 14:00:00,0.59768,0.2662
2024-01-24 15:00:00,0.61315,0.17824
2024-01-24 16:00:00,0.62282,0.15046
2024-01-24 17:00:00,0.61509,0.20139
2024-01-24 18:00:00,0.60542,0.25463
2024-01-24 19:00:00,0.59574,0.30556
2024-01-24 20:00:00,0.60155,0.34954
2024-01-24 21:00:00,0.60542,0.3912
2024-01-24 22:00:00,0.60348,0.43519
2024-01-24 23:00:00,0.59961,0.48611
2024-01-25 00:00:00,0.60348,0.53241
2024-01-25 01:00:00,0.60348,0.56481
2024-01-25 02:00:00,0.61509,0.60185
2024-01-25 03:00:00,0.62863,0.64815
2024-01-25 04:00:00,0.6499,0.67593
2024-01-25 05:00:00,0.65764,0.69907
2024-01-25 06:00:00,0.65184,0.67824
2024-01-25 07:00:00,0.6325,0.63657
2024-01-25 08:00:00,0.62476,0.58102
2024-01-25 09:00:00,0.61509,0.52083
2024-01-25 10:00:00,0.60542,0.46759
2024-01-25 11:00:00,0.59381,0.41204
2024-01-25 12:00:00,0.58221,0.34722
2024-01-25 13:00:00,0.5706,0.28704
2024-01-25 14:00:00,0.56867,0.22685
2024-01-25 15:00:00,0.55899,0.19907
2024-01-25 16:00:00,0.55319,0.23611
2024-01-25 17:00:00,0.54352,0.31019
2024-01-25 18:00:00,0.54932,0.36574
2024-01-25 19:00:00,0.5706,0.41898
2024-01-25 20:00:00,0.58027,0.46065
2024-01-25 21:00:00,0.57834,0.50463
2024-01-25 22:00:00,0.58221,0.55556
2024-01-25 23:00:00,0.58801,0.58102
2024-01-26 00:00:00,0.58607,0.74537
2024-01-26 01:00:00,0.58607,0.74537
2024-01-26 02:00:00,0.58414,0.74306
2024-01-26 03:00:00,0.58414,0.74306
2024-01-26 04:00:00,0.58414,0.74306
2024-01-26 05:00:00,0.58414,0.74537
2024-01-26 06:00:00,0.58414,0.74537
2024-01-26 07:00:00,0.57834,0.72454
2024-01-26 08:00:00,0.57834,0.65972
2024-01-26 09:00:00,0.58221,0.5787
2024-01-26 10:00:00,0.5764,0.4838
2024-01-26 11:00:00,0.56673,0.3912
2024-01-26 12:00:00,0.55899,0.30093
2024-01-26 13:00:00,0.55126,0.20602
2024-01-26 14:00:00,0.54352,0.17361
2024-01-26 15:00:00,0.53578,0.18519
2024-01-26 16:00:00,0.54352,0.25463
2024-01-26 17:00:00,0.55126,0.35417
2024-01-26 18:00:00,0.56286,0.44676
2024-01-26 19:00:00,0.57253,0.53241
2024-01-26 20:00:00,0.5764,0.59722
2024-01-26 21:00:00,0.57834,0.64583
2024-01-26 22:00:00,0.58607,0.69213
2024-01-26 23:00:00,0.59381,0.71991
2024-01-27 00:00:00,0.60542,0.73843
2024-01-27 01:00:00,0.60735,0.7338
2024-01-27 02:00:00,0.59574,0.71991
2024-01-27 03:00:00,0.59381,0.67593
2024-01-27 04:00:00,0.59768,0.61806
2024-01-27 05:00:00,0.59768,0.55324
2024-01-27 06:00:00,0.59574,0.47222
2024-01-27 07:00:00,0.58414,0.40278
2024-01-27 08:00:00,0.56867,0.34028
2024-01-27 09:00:00,0.54739,0.27778
2024-01-27 10:00:00,0.53191,0.25
2024-01-27 11:00:00,0.53191,0.25231
2024-01-27 12:00:00,0.53772,0.28009
2024-01-27 13:00:00,0.53965,0.3588
2024-01-27 14:00:00,0.54739,0.43519
2024-01-27 15:00:00,0.56867,0.50926
2024-01-27 16:00:00,0.5764,0.58102
2024-01-27 17:00:00,0.5764,0.63426
2024-01-27 18:00:00,0.58994,0.68056
2024-01-27 19:00:00,0.60735,0.71528
2024-01-27 20:00:00,0.61509,0.75926
2024-01-27 21:00:00,0.60155,0.77315
2024-01-27 22:00:00,0.59768,0.77315
2024-01-27 23:00:00,0.59961,0.77315
2024-01-28 00:00:00,0.59381,0.77083
2024-01-28 01:00:00,0.58801,0.75
2024-01-28 02:00:00,0.59188,0.7037
2024-01-28 03:00:00,0.58607,0.63426
2024-01-28 04:00:00,0.58994,0.55556
2024-01-28 05:00:00,0.59574,0.46528
2024-01-28 06:00:00,0.60348,0.37037
2024-01-28 07:00:00,0.60348,0.28472
2024-01-28 08:00:00,0.59574,0.20602
2024-01-28 09:00:00,0.58994,0.17593
2024-01-28 10:00:00,0.58607,0.17824
2024-01-28 11:00:00,0.58607,0.21528
2024-01-28 12:00:00,0.58801,0.29398
2024-01-28 13:00:00,0.59768,0.37731
2024-01-28 14:00:00,0.61122,0.43981
2024-01-28 15:00:00,0.62089,0.50231
2024-01-28 16:00:00,0.61896,0.55787
2024-01-28 17:00:00,0.61702,0.60648
2024-01-28 18:00:00,0.61702,0.65046
2024-01-28 19:00:00,0.61509,0.69444
2024-01-28 20:00:00,0.64217,0.72685
2024-01-28 21:00:00,0.6499,0.74074
2024-01-28 22:00:00,0.6499,0.7338
2024-01-28 23:00:00,0.61896,0.7037
2024-01-29 00:00:00,0.62476,0.64815
2024-01-29 01:00:00,0.62863,0.59028
2024-01-29 02:00:00,0.6325,0.52546
2024-01-29 03:00:00,0.63636,0.4537
2024-01-29 04:00:00,0.6383,0.37963
2024-01-29 05:00:00,0.64023,0.30093
2024-01-29 06:00:00,0.6325,0.22917
2024-01-29 07:00:00,0.62476,0.16435
2024-01-29 08:00:00,0.62282,0.15046
2024-01-29 09:00:00,0.62282,0.15741
2024-01-29 10:00:00,0.62282,0.21759
2024-01-29 11:00:00,0.6325,0.30556
2024-01-29 12:00:00,0.64217,0.39815
2024-01-29 13:00:00,0.6383,0.47917
2024-01-29 14:00:00,0.6325,0.52778
2024-01-29 15:00:00,0.6383,0.57407
2024-01-29 16:00:00,0.6383,0.63194
2024-01-29 17:00:00,0.6383,0.6875
2024-01-29 18:00:00,0.47002,0.67824
2024-01-29 19:00:00,0.47776,0.67361
2024-01-29 20:00:00,0.46228,0.67361
2024-01-29 21:00:00,0.46422,0.66667
2024-01-29 22:00:00,0.46228,0.66204
2024-01-29 23:00:00,0.46228,0.6412
2024-01-30 00:00:00,0.4294,0.62269
2024-01-30 01:00:00,0.41393,0.57407
2024-01-30 02:00:00,0.38491,0.51157
2024-01-30 03:00:00,0.35977,0.4537
2024-01-30 04:00:00,0.32882,0.40741
2024-01-30 05:00:00,0.29981,0.36806
2024-01-30 06:00:00,0.27079,0.32176
2024-01-30 07:00:00,0.26112,0.28704
2024-01-30 08:00:00,0.23017,0.28935
2024-01-30 09:00:00,0.2147,0.30324
2024-01-30 10:00:00,0.30754,0.25926
2024-01-30 11:00:00,0.2766,0.29167
2024-01-30 12:00:00,0.28433,0.37037
2024-01-30 13:00:00,0.30948,0.42361
2024-01-30 14:00:00,0.32495,0.48148
2024-01-30 15:00:00,0.36557,0.53935
2024-01-30 16:00:00,0.38878,0.59491
2024-01-30 17:00:00,0.4236,0.625
2024-01-30 18:00:00,0.44294,0.66204
2024-01-30 19:00:00,0.47389,0.71296
2024-01-30 20:00:00,0.49323,0.75231
2024-01-30 21:00:00,0.4913,0.77083
2024-01-30 22:00:00,0.4913,0.76852
2024-01-30 23:00:00,0.48743,0.76852
2024-01-31 00:00:00,0.48356,0.75694
2024-01-31 01:00:00,0.46035,0.71296
2024-01-31 02:00:00,0.43133,0.65278
2024-01-31 03:00:00,0.38685,0.60648
2024-01-31 04:00:00,0.3501,0.56019
2024-01-31 05:00:00,0.31141,0.50231
2024-01-31 06:00:00,0.29594,0.44444
2024-01-31 07:00:00,0.25532,0.38657
2024-01-31 08:00:00,0.27079,0.31713
2024-01-31 09:00:00,0.27079,0.29167
2024-01-31 10:00:00,0.27273,0.375
2024-01-31 11:00:00,0.294,0.44444
2024-01-31 12:00:00,0.32689,0.52546
2024-01-31 13:00:00,0.36557,0.59028
2024-01-31 14:00:00,0.40039,0.62269
2024-01-31 15:00:00,0.5087,0.68981
2024-01-31 16:00:00,0.50484,0.69213
2024-01-31 17:00:00,0.50677,0.68981
2024-01-31 18:00:00,0.51064,0.68981
2024-01-31 19:00:00,0.50097,0.68519
2024-01-31 20:00:00,0.49516,0.66435
2024-01-31 21:00:00,0.47002,0.63194
2024-01-31 22:00:00,0.45841,0.59954
2024-01-31 23:00:00,0.43133,0.54167
2024-02-01 00:00:00,0.41199,0.47222
2024-02-01 01:00:00,0.39265,0.40046
2024-02-01 02:00:00,0.3617,0.36574
2024-02-01 03:00:00,0.34236,0.30787
2024-02-01 04:00:00,0.33075,0.25926
2024-02-01 05:00:00,0.31335,0.27546
2024-02-01 06:00:00,0.30174,0.26852
2024-02-01 07:00:00,0.30561,0.26157
2024-02-01 08:00:00,0.31721,0.29861
2024-02-01 09:00:00,0.33849,0.36343
2024-02-01 10:00:00,0.3559,0.4213
2024-02-01 11:00:00,0.36944,0.49769
2024-02-01 12:00:00,0.40232,0.56713
2024-02-01 13:00:00,0.4352,0.63194
2024-02-01 14:00:00,0.47002,0.67361
2024-02-01 15:00:00,0.5029,0.71065
2024-02-01 16:00:00,0.52805,0.74306
2024-02-01 17:00:00,0.54159,0.76852
2024-02-01 18:00:00,0.53772,0.76852
2024-02-01 19:00:00,0.51257,0.72685
2024-02-01 20:00:00,0.46228,0.66898
2024-02-01 21:00:00,0.42553,0.61806
2024-02-01 22:00:00,0.37911,0.56019
2024-02-01 23:00:00,0.34429,0.49306
2024-02-02 00:00:00,0.32882,0.43287
2024-02-02 01:00:00,0.27853,0.37731
2024-02-02 02:00:00,0.24371,0.32407
2024-02-02 03:00:00,0.29207,0.24074
2024-02-02 04:00:00,0.20116,0.30787
2024-02-02 05:00:00,0.26886,0.24074
2024-02-02 06:00:00,0.27273,0.31944
2024-02-02 07:00:00,0.32495,0.39815
2024-02-02 08:00:00,0.35783,0.46296
2024-02-02 09:00:00,0.38104,0.55787
2024-02-02 10:00:00,0.41006,0.625
2024-02-02 11:00:00,0.44101,0.66667
2024-02-02 12:00:00,0.44681,0.69907
2024-02-02 13:00:00,0.44101,0.7037
2024-02-02 14:00:00,0.43907,0.7037
2024-02-02 15:00:00,0.43714,0.70139
2024-02-02 16:00:00,0.44101,0.68519
2024-02-02 17:00:00,0.45068,0.6412
2024-02-02 18:00:00,0.45841,0.5787
2024-02-02 19:00:00,0.47002,0.50463
2024-02-02 20:00:00,0.47582,0.42361
2024-02-02 21:00:00,0.48743,0.34491
2024-02-02 22:00:00,0.4971,0.27778
2024-02-02 23:00:00,0.4913,0.22685
2024-02-03 00:00:00,0.48936,0.1875
2024-02-03 01:00:00,0.48936,0.15972
2024-02-03 02:00:00,0.4913,0.15509
2024-02-03 03:00:00,0.49323,0.15972
2024-02-03 04:00:00,0.49323,0.18519
2024-02-03 05:00:00,0.4971,0.24074
2024-02-03 06:00:00,0.50677,0.30556
2024-02-03 07:00:00,0.4971,0.38194
2024-02-03 08:00:00,0.47776,0.46296
2024-02-03 09:00:00,0.46422,0.54398
2024-02-03 10:00:00,0.45841,0.62269
2024-02-03 11:00:00,0.46615,0.68056
2024-02-03 12:00:00,0.45841,0.72685
2024-02-03 13:00:00,0.45068,0.74537
2024-02-03 14:00:00,0.44874,0.75231
2024-02-03 15:00:00,0.45648,0.75694
2024-02-03 16:00:00,0.44681,0.75926
2024-02-03 17:00:00,0.43907,0.72685
2024-02-03 18:00:00,0.4294,0.66204
2024-02-03 19:00:00,0.41973,0.59028
2024-02-03 20:00:00,0.41973,0.5162
2024-02-03 21:00:00,0.4236,0.44444
2024-02-03 22:00:00,0.41973,0.37269
2024-02-03 23:00:00,0.41586,0.31019
2024-02-04 00:00:00,0.41393,0.26157
2024-02-04 01:00:00,0.41006,0.23148
2024-02-04 02:00:00,0.41006,0.2037
2024-02-04 03:00:00,0.41006,0.18056
2024-02-04 04:00:00,0.41199,0.1713
2024-02-04 05:00:00,0.41779,0.17593
2024-02-04 06:00:00,0.42166,0.20139
2024-02-04 07:00:00,0.43327,0.24769
2024-02-04 08:00:00,0.44681,0.31713
2024-02-04 09:00:00,0.51257,0.71296
2024-02-04 10:00:00,0.51064,0.71296
2024-02-04 11:00:00,0.49903,0.71065
2024-02-04 12:00:00,0.4971,0.69213
2024-02-04 13:00:00,0.48743,0.64815
2024-02-04 14:00:00,0.46035,0.57407
2024-02-04 15:00:00,0.44487,0.45833
2024-02-04 16:00:00,0.42553,0.33796
2024-02-04 17:00:00,0.39845,0.24537
2024-02-04 18:00:00,0.38491,0.19444
2024-02-04 19:00:00,0.36364,0.15046
2024-02-04 20:00:00,0.36557,0.14352
2024-02-04 21:00:00,0.36944,0.16204
2024-02-04 22:00:00,0.37524,0.19444
2024-02-04 23:00:00,0.38685,0.25926
2024-02-05 00:00:00,0.40426,0.35417
2024-02-05 01:00:00,0.41779,0.4537
2024-02-05 02:00:00,0.42166,0.53472
2024-02-05 03:00:00,0.44101,0.59722
2024-02-05 04:00:00,0.47002,0.67361
2024-02-05 05:00:00,0.48162,0.72222
2024-02-05 06:00:00,0.50677,0.7338
2024-02-05 07:00:00,0.50677,0.73611
2024-02-05 08:00:00,0.50097,0.72917
2024-02-05 09:00:00,0.49516,0.71991
2024-02-05 10:00:00,0.47776,0.71991
2024-02-05 11:00:00,0.45841,0.69213
2024-02-05 12:00:00,0.43327,0.63889
2024-02-05 13:00:00,0.40619,0.57639
2024-02-05 14:00:00,0.37718,0.5162
2024-02-05 15:00:00,0.3501,0.44444
2024-02-05 16:00:00,0.31915,0.375
2024-02-05 17:00:00,0.29207,0.31944
2024-02-05 18:00:00,0.27466,0.28009
2024-02-05 19:00:00,0.26499,0.24769
2024-02-05 20:00:00,0.25532,0.22222
2024-02-05 21:00:00,0.24758,0.20602
2024-02-05 22:00:00,0.25532,0.2037
2024-02-05 23:00:00,0.26112,0.22685
2024-02-06 00:00:00,0.28046,0.27778
2024-02-06 01:00:00,0.30368,0.32407
2024-02-06 02:00:00,0.34429,0.38889
2024-02-06 03:00:00,0.37911,0.45833
2024-02-06 04:00:00,0.40426,0.53241
2024-02-06 05:00:00,0.42166,0.58796
2024-02-06 06:00:00,0.4971,0.74074
2024-02-06 07:00:00,0.49903,0.73843
2024-02-06 08:00:00,0.49903,0.73843
2024-02-06 09:00:00,0.49903,0.73843
2024-02-06 10:00:00,0.4971,0.7338
2024-02-06 11:00:00,0.49323,0.71991
2024-02-06 12:00:00,0.48356,0.6875
2024-02-06 13:00:00,0.46809,0.62963
2024-02-06 14:00:00,0.41779,0.58565
2024-02-06 15:00:00,0.39458,0.54167
2024-02-06 16:00:00,0.36944,0.49074
2024-02-06 17:00:00,0.35977,0.43519
2024-02-06 18:00:00,0.35977,0.37731
2024-02-06 19:00:00,0.3559,0.33333
2024-02-06 20:00:00,0.34816,0.30093
2024-02-06 21:00:00,0.34429,0.29861
2024-02-06 22:00:00,0.33269,0.30324
2024-02-06 23:00:00,0.32495,0.31944
2024-02-07 00:00:00,0.32495,0.34259
2024-02-07 01:00:00,0.32108,0.40046
2024-02-07 02:00:00,0.30754,0.45139
2024-02-07 03:00:00,0.31915,0.4838
2024-02-07 04:00:00,0.34429,0.52083
2024-02-07 05:00:00,0.3559,0.5787
2024-02-07 06:00:00,0.37718,0.63657
2024-02-07 07:00:00,0.38878,0.6875
2024-02-07 08:00:00,0.41393,0.73148
2024-02-07 09:00:00,0.41973,0.75231
2024-02-07 10:00:00,0.42166,0.75
2024-02-07 11:00:00,0.42166,0.74306
2024-02-07 12:00:00,0.4294,0.7338
2024-02-07 13:00:00,0.43133,0.71991
2024-02-07 14:00:00,0.4352,0.68519
2024-02-07 15:00:00,0.43714,0.63194
2024-02-07 16:00:00,0.41393,0.58796
2024-02-07 17:00:00,0.39265,0.5463
2024-02-07 18:00:00,0.39072,0.50231
2024-02-07 19:00:00,0.39845,0.44676
2024-02-07 20:00:00,0.40039,0.39583
2024-02-07 21:00:00,0.38104,0.35185
2024-02-07 22:00:00,0.3675,0.33333
2024-02-07 23:00:00,0.3559,0.33333
2024-02-08 00:00:00,0.35397,0.34954
2024-02-08 01:00:00,0.35203,0.37269
2024-02-08 02:00:00,0.35977,0.43287
2024-02-08 03:00:00,0.52418,0.76389
2024-02-08 04:00:00,0.52418,0.7662
2024-02-08 05:00:00,0.52418,0.76389
2024-02-08 06:00:00,0.52224,0.7662
2024-02-08 07:00:00,0.52224,0.75
2024-02-08 08:00:00,0.51257,0.71759
2024-02-08 09:00:00,0.48356,0.65046
2024-02-08 10:00:00,0.45841,0.56481
2024-02-08 11:00:00,0.42747,0.49074
2024-02-08 12:00:00,0.39072,0.45602
2024-02-08 13:00:00,0.37911,0.4213
2024-02-08 14:00:00,0.37331,0.37037
2024-02-08 15:00:00,0.35397,0.33565
2024-02-08 16:00:00,0.33462,0.31481
2024-02-08 17:00:00,0.32302,0.32176
2024-02-08 18:00:00,0.31335,0.33565
2024-02-08 19:00:00,0.31141,0.34491
2024-02-08 20:00:00,0.30368,0.36574
2024-02-08 21:00:00,0.31141,0.39815
2024-02-08 22:00:00,0.32302,0.40509
2024-02-08 23:00:00,0.32689,0.44907
2024-02-09 00:00:00,0.33656,0.51389
2024-02-09 01:00:00,0.34043,0.5787
2024-02-09 02:00:00,0.34623,0.64583
2024-02-09 03:00:00,0.3501,0.71065
2024-02-09 04:00:00,0.36944,0.76157
2024-02-09 05:00:00,0.37524,0.77546
2024-02-09 06:00:00,0.37524,0.7662
2024-02-09 07:00:00,0.37911,0.72685
2024-02-09 08:00:00,0.39072,0.64815
2024-02-09 09:00:00,0.39845,0.55324
2024-02-09 10:00:00,0.40619,0.48611
2024-02-09 11:00:00,0.39072,0.47222
2024-02-09 12:00:00,0.38104,0.43981
2024-02-09 13:00:00,0.37718,0.38889
2024-02-09 14:00:00,0.36944,0.3588
2024-02-09 15:00:00,0.3559,0.34954
2024-02-09 16:00:00,0.35397,0.3588
2024-02-09 17:00:00,0.35397,0.37731
2024-02-09 18:00:00,0.3501,0.39815
2024-02-09 19:00:00,0.34816,0.3912
2024-02-09 20:00:00,0.3501,0.45833
2024-02-09 21:00:00,0.35397,0.55093
2024-02-09 22:00:00,0.34623,0.63194
2024-02-09 23:00:00,0.34236,0.7037
2024-02-10 00:00:00,0.45455,0.19213
2024-02-10 01:00:00,0.45068,0.19444
2024-02-10 02:00:00,0.44874,0.19444
2024-02-10 03:00:00,0.44874,0.19444
2024-02-10 04:00:00,0.44874,0.19676
2024-02-10 05:00:00,0.45068,0.19444
2024-02-10 06:00:00,0.44874,0.19213
2024-02-10 07:00:00,0.44101,0.18981
2024-02-10 08:00:00,0.4236,0.18056
2024-02-10 09:00:00,0.40039,0.17361
2024-02-10 10:00:00,0.37911,0.16898
2024-02-10 11:00:00,0.35397,0.1713
2024-02-10 12:00:00,0.33075,0.1713
2024-02-10 13:00:00,0.30561,0.17593
2024-02-10 14:00:00,0.2824,0.18519
2024-02-10 15:00:00,0.25919,0.20139
2024-02-10 16:00:00,0.23404,0.22454
2024-02-10 17:00:00,0.21277,0.25231
2024-02-10 18:00:00,0.19342,0.28472
2024-02-10 19:00:00,0.17795,0.31481
2024-02-10 20:00:00,0.16441,0.35185
2024-02-10 21:00:00,0.15667,0.38889
2024-02-10 22:00:00,0.15667,0.42361
2024-02-10 23:00:00,0.16054,0.46528
2024-02-11 00:00:00,0.16828,0.50463
2024-02-11 01:00:00,0.18375,0.53935
2024-02-11 02:00:00,0.20503,0.56713
2024-02-11 03:00:00,0.22631,0.59028
2024-02-11 04:00:00,0.25338,0.61343
2024-02-11 05:00:00,0.28046,0.63889
2024-02-11 06:00:00,0.30754,0.65972
2024-02-11 07:00:00,0.33462,0.68056
2024-02-11 08:00:00,0.36364,0.69444
2024-02-11 09:00:00,0.39072,0.70602
2024-02-11 10:00:00,0.42166,0.71065
2024-02-11 11:00:00,0.45068,0.70833
2024-02-11 12:00:00,0.47582,0.70139
2024-02-11 13:00:00,0.5029,0.69213
2024-02-11 14:00:00,0.52418,0.68519
2024-02-11 15:00:00,0.54739,0.67593
2024-02-11 16:00:00,0.56867,0.66204
2024-02-11 17:00:00,0.58607,0.65509
2024-02-11 18:00:00,0.59574,0.65046
2024-02-11 19:00:00,0.60348,0.64352
2024-02-11 20:00:00,0.60542,0.64352
2024-02-11 21:00:00,0.5706,0.19444
2024-02-11 22:00:00,0.5706,0.19444
2024-02-11 23:00:00,0.5706,0.19444
2024-02-12 00:00:00,0.5706,0.19213
2024-02-12 01:00:00,0.5706,0.19444
2024-02-12 02:00:00,0.56867,0.19213
2024-02-12 03:00:00,0.56867,0.19213
2024-02-12 04:00:00,0.56673,0.19213
2024-02-12 05:00:00,0.56093,0.1875
2024-02-12 06:00:00,0.55319,0.18287
2024-02-12 07:00:00,0.54159,0.17824
2024-02-12 08:00:00,0.52224,0.1713
2024-02-12 09:00:00,0.49903,0.16898
2024-02-12 10:00:00,0.47195,0.16667
2024-02-12 11:00:00,0.44487,0.16667
2024-02-12 12:00:00,0.41393,0.17593
2024-02-12 13:00:00,0.38298,0.18981
2024-02-12 14:00:00,0.35203,0.20833
2024-02-12 15:00:00,0.32882,0.22917
2024-02-12 16:00:00,0.30561,0.25463
2024-02-12 17:00:00,0.28627,0.28009
2024-02-12 18:00:00,0.27273,0.31481
2024-02-12 19:00:00,0.26499,0.35417
2024-02-12 20:00:00,0.26112,0.39583
2024-02-12 21:00:00,0.25919,0.43981
2024-02-12 22:00:00,0.26112,0.48148
2024-02-12 23:00:00,0.26692,0.52083
2024-02-13 00:00:00,0.27273,0.55787
2024-02-13 01:00:00,0.28433,0.58796
2024-02-13 02:00:00,0.29981,0.61574
2024-02-13 03:00:00,0.31915,0.63889
2024-02-13 04:00:00,0.33849,0.65741
2024-02-13 05:00:00,0.35977,0.67593
2024-02-13 06:00:00,0.38298,0.69213
2024-02-13 07:00:00,0.41006,0.7037
2024-02-13 08:00:00,0.43907,0.70833
2024-02-13 09:00:00,0.46809,0.71065
2024-02-13 10:00:00,0.4971,0.71528
2024-02-13 11:00:00,0.52611,0.71759
2024-02-13 12:00:00,0.55513,0.71528
2024-02-13 13:00:00,0.58414,0.71065
2024-02-13 14:00:00,0.61122,0.70139
2024-02-13 15:00:00,0.63443,0.69213
2024-02-13 16:00:00,0.65571,0.68056
2024-02-13 17:00:00,0.67505,0.67361
2024-02-13 18:00:00,0.64217,0.32639
2024-02-13 19:00:00,0.64217,0.32639
2024-02-13 20:00:00,0.64217,0.32639
2024-02-13 21:00:00,0.64217,0.32639
2024-02-13 22:00:00,0.64217,0.32639
2024-02-13 23:00:00,0.64217,0.32639
2024-02-14 00:00:00,0.64217,0.32639
2024-02-14 01:00:00,0.64217,0.32407
2024-02-14 02:00:00,0.64217,0.32639
2024-02-14 03:00:00,0.64217,0.32639
2024-02-14 04:00:00,0.64217,0.32639
2024-02-14 05:00:00,0.64217,0.32639
2024-02-14 06:00:00,0.64217,0.32639
2024-02-14 07:00:00,0.64217,0.32639
2024-02-14 08:00:00,0.64217,0.32639
2024-02-14 09:00:00,0.64217,0.3287
2024-02-14 10:00:00,0.64217,0.3287
2024-02-14 11:00:00,0.64217,0.32639
2024-02-14 12:00:00,0.64217,0.32639
2024-02-14 13:00:00,0.64217,0.32639
2024-02-14 14:00:00,0.64217,0.3287
2024-02-14 15:00:00,0.64217,0.33102
2024-02-14 16:00:00,0.64217,0.3287
2024-02-14 17:00:00,0.64217,0.32407
2024-02-14 18:00:00,0.64023,0.32176
2024-02-14 19:00:00,0.6383,0.31713
2024-02-14 20:00:00,0.6383,0.31019
2024-02-14 21:00:00,0.63443,0.30324
2024-02-14 22:00:00,0.63056,0.29167
2024-02-14 23:00:00,0.62282,0.28009
2024-02-15 00:00:00,0.61509,0.26852
2024-02-15 01:00:00,0.60542,0.25926
2024-02-15 02:00:00,0.59381,0.25
2024-02-15 03:00:00,0.58414,0.24306
2024-02-15 04:00:00,0.56867,0.23843
2024-02-15 05:00:00,0.55706,0.23148
2024-02-15 06:00:00,0.54159,0.23148
2024-02-15 07:00:00,0.52805,0.23611
2024-02-15 08:00:00,0.51257,0.24074
2024-02-15 09:00:00,0.4971,0.25
2024-02-15 10:00:00,0.47969,0.26157
2024-02-15 11:00:00,0.46422,0.27546
2024-02-15 12:00:00,0.44874,0.29167
2024-02-15 13:00:00,0.43133,0.31019
2024-02-15 14:00:00,0.41586,0.3287
2024-02-15 15:00:00,0.62089,0.23148
2024-02-15 16:00:00,0.62089,0.23148
2024-02-15 17:00:00,0.62282,0.22917
2024-02-15 18:00:00,0.62476,0.22917
2024-02-15 19:00:00,0.62476,0.22917
2024-02-15 20:00:00,0.62476,0.22917
2024-02-15 21:00:00,0.62282,0.22917
2024-02-15 22:00:00,0.62476,0.22917
2024-02-15 23:00:00,0.62476,0.23148
2024-02-16 00:00:00,0.62282,0.23148
2024-02-16 01:00:00,0.62282,0.23148
2024-02-16 02:00:00,0.62089,0.22917
2024-02-16 03:00:00,0.61896,0.22917
2024-02-16 04:00:00,0.61509,0.22454
2024-02-16 05:00:00,0.60928,0.22222
2024-02-16 06:00:00,0.59961,0.21528
2024-02-16 07:00:00,0.58607,0.21296
2024-02-16 08:00:00,0.56867,0.21065
2024-02-16 09:00:00,0.54739,0.21296
2024-02-16 10:00:00,0.52418,0.21991
2024-02-16 11:00:00,0.49903,0.23611
2024-02-16 12:00:00,0.47195,0.25463
2024-02-16 13:00:00,0.44487,0.27546
2024-02-16 14:00:00,0.41779,0.29861
2024-02-16 15:00:00,0.39265,0.32176
2024-02-16 16:00:00,0.37137,0.34491
2024-02-16 17:00:00,0.3559,0.37269
2024-02-16 18:00:00,0.34816,0.39583
2024-02-16 19:00:00,0.34623,0.42824
2024-02-16 20:00:00,0.3501,0.46296
2024-02-16 21:00:00,0.35977,0.49769
2024-02-16 22:00:00,0.37331,0.53009
2024-02-16 23:00:00,0.38685,0.5625
2024-02-17 00:00:00,0.40426,0.59259
2024-02-17 01:00:00,0.42553,0.61806
2024-02-17 02:00:00,0.44874,0.6412
2024-02-17 03:00:00,0.47389,0.66204
2024-02-17 04:00:00,0.49903,0.6875
2024-02-17 05:00:00,0.52805,0.70833
2024-02-17 06:00:00,0.55513,0.72685
2024-02-17 07:00:00,0.58221,0.73843
2024-02-17 08:00:00,0.61122,0.74769
2024-02-17 09:00:00,0.64217,0.75694
2024-02-17 10:00:00,0.67118,0.75694
2024-02-17 11:00:00,0.70213,0.75463
2024-02-17 12:00:00,0.70213,0.2662
2024-02-17 13:00:00,0.70213,0.2662
2024-02-17 14:00:00,0.70213,0.2662
2024-02-17 15:00:00,0.70406,0.2662
2024-02-17 16:00:00,0.70406,0.2662
2024-02-17 17:00:00,0.70213,0.26389
2024-02-17 18:00:00,0.69826,0.26157
2024-02-17 19:00:00,0.68859,0.25694
2024-02-17 20:00:00,0.67698,0.25231
2024-02-17 21:00:00,0.65957,0.24074
2024-02-17 22:00:00,0.64217,0.23611
2024-02-17 23:00:00,0.62089,0.22917
2024-02-18 00:00:00,0.59961,0.21991
2024-02-18 01:00:00,0.57834,0.21991
2024-02-18 02:00:00,0.55319,0.21528
2024-02-18 03:00:00,0.52611,0.21528
2024-02-18 04:00:00,0.49903,0.21991
2024-02-18 05:00:00,0.47002,0.22222
2024-02-18 06:00:00,0.44101,0.23148
2024-02-18 07:00:00,0.41586,0.23843
2024-02-18 08:00:00,0.39265,0.25
2024-02-18 09:00:00,0.36944,0.26389
2024-02-18 10:00:00,0.35203,0.27778
2024-02-18 11:00:00,0.33849,0.29861
2024-02-18 12:00:00,0.33075,0.31944
2024-02-18 13:00:00,0.32108,0.34028
2024-02-18 14:00:00,0.31528,0.36574
2024-02-18 15:00:00,0.31335,0.38889
2024-02-18 16:00:00,0.31141,0.41204
2024-02-18 17:00:00,0.31141,0.43519
2024-02-18 18:00:00,0.31335,0.45602
2024-02-18 19:00:00,0.31721,0.47454
2024-02-18 20:00:00,0.32302,0.49537
2024-02-18 21:00:00,0.32882,0.5162
2024-02-18 22:00:00,0.34236,0.53935
2024-02-18 23:00:00,0.35783,0.5625
2024-02-19 00:00:00,0.37718,0.58333
2024-02-19 01:00:00,0.39652,0.60417
2024-02-19 02:00:00,0.41199,0.625
2024-02-19 03:00:00,0.42553,0.64583
2024-02-19 04:00:00,0.43714,0.66204
2024-02-19 05:00:00,0.44874,0.67824
2024-02-19 06:00:00,0.45648,0.69444
2024-02-19 07:00:00,0.46809,0.7037
2024-02-19 08:00:00,0.48356,0.71296
2024-02-19 09:00:00,0.68665,0.2037
2024-02-19 10:00:00,0.68665,0.20602
2024-02-19 11:00:00,0.68472,0.20602
2024-02-19 12:00:00,0.68665,0.2037
2024-02-19 13:00:00,0.68472,0.2037
2024-02-19 14:00:00,0.68472,0.20602
2024-02-19 15:00:00,0.68085,0.20139
2024-02-19 16:00:00,0.66925,0.19444
2024-02-19 17:00:00,0.64797,0.17824
2024-02-19 18:00:00,0.61509,0.16667
2024-02-19 19:00:00,0.58607,0.15046
2024-02-19 20:00:00,0.55319,0.14815
2024-02-19 21:00:00,0.51644,0.15046
2024-02-19 22:00:00,0.48356,0.16204
2024-02-19 23:00:00,0.45648,0.18056
2024-02-20 00:00:00,0.43327,0.20602
2024-02-20 01:00:00,0.41006,0.23843
2024-02-20 02:00:00,0.38878,0.26852
2024-02-20 03:00:00,0.36557,0.30093
2024-02-20 04:00:00,0.34816,0.33333
2024-02-20 05:00:00,0.34623,0.375
2024-02-20 06:00:00,0.35397,0.41667
2024-02-20 07:00:00,0.37137,0.45833
2024-02-20 08:00:00,0.39072,0.5
2024-02-20 09:00:00,0.41199,0.53704
2024-02-20 10:00:00,0.43133,0.56713
2024-02-20 11:00:00,0.45068,0.59722
2024-02-20 12:00:00,0.47002,0.62731
2024-02-20 13:00:00,0.49516,0.65741
2024-02-20 14:00:00,0.52418,0.67824
2024-02-20 15:00:00,0.55513,0.69213
2024-02-20 16:00:00,0.58414,0.69213
2024-02-20 17:00:00,0.61509,0.69444
2024-02-20 18:00:00,0.64603,0.69213
2024-02-20 19:00:00,0.69439,0.68981
2024-02-20 20:00:00,0.73114,0.69213
2024-02-20 21:00:00,0.76209,0.6875
2024-02-20 22:00:00,0.7853,0.68287
2024-02-20 23:00:00,0.80658,0.68056
2024-02-21 00:00:00,0.81431,0.68519
2024-02-21 01:00:00,0.81238,0.6875
2024-02-21 02:00:00,0.81044,0.6875
2024-02-21 03:00:00,0.81238,0.68287
2024-02-21 04:00:00,0.81431,0.68287
2024-02-21 05:00:00,0.81625,0.68056
2024-02-21 06:00:00,0.69632,0.25463
2024-02-21 07:00:00,0.69632,0.25463
2024-02-21 08:00:00,0.69632,0.25463
2024-02-21 09:00:00,0.69632,0.25463
2024-02-21 10:00:00,0.69632,0.25231
2024-02-21 11:00:00,0.69439,0.25231
2024-02-21 12:00:00,0.69246,0.25231
2024-02-21 13:00:00,0.68859,0.25
2024-02-21 14:00:00,0.68472,0.24769
2024-02-21 15:00:00,0.67505,0.24074
2024-02-21 16:00:00,0.65764,0.22917
2024-02-21 17:00:00,0.63636,0.21991
2024-02-21 18:00:00,0.61315,0.20833
2024-02-21 19:00:00,0.58801,0.20139
2024-02-21 20:00:00,0.56093,0.19213
2024-02-21 21:00:00,0.52998,0.18981
2024-02-21 22:00:00,0.50097,0.19907
2024-02-21 23:00:00,0.47195,0.20602
2024-02-22 00:00:00,0.44101,0.21991
2024-02-22 01:00:00,0.41586,0.24074
2024-02-22 02:00:00,0.39458,0.2662
2024-02-22 03:00:00,0.37911,0.2963
2024-02-22 04:00:00,0.36364,0.3287
2024-02-22 05:00:00,0.35203,0.36574
2024-02-22 06:00:00,0.34623,0.40278
2024-02-22 07:00:00,0.34236,0.44213
2024-02-22 08:00:00,0.34236,0.48611
2024-02-22 09:00:00,0.34816,0.52315
2024-02-22 10:00:00,0.36557,0.56019
2024-02-22 11:00:00,0.39072,0.59028
2024-02-22 12:00:00,0.42166,0.62037
2024-02-22 13:00:00,0.45068,0.6412
2024-02-22 14:00:00,0.47582,0.66435
2024-02-22 15:00:00,0.4971,0.68056
2024-02-22 16:00:00,0.52031,0.68056
2024-02-22 17:00:00,0.55319,0.6875
2024-02-22 18:00:00,0.58221,0.69444
2024-02-22 19:00:00,0.59961,0.69213
2024-02-22 20:00:00,0.62863,0.69907
2024-02-22 21:00:00,0.67311,0.69907
2024-02-22 22:00:00,0.70986,0.69907
2024-02-22 23:00:00,0.73501,0.7037
2024-02-23 00:00:00,0.75822,0.70833
2024-02-23 01:00:00,0.76789,0.71065
2024-02-23 02:00:00,0.77176,0.71065
2024-02-23 03:00:00,0.50677,0.25463
2024-02-23 04:00:00,0.50484,0.25231
2024-02-23 05:00:00,0.50484,0.25463
2024-02-23 06:00:00,0.5029,0.25
2024-02-23 07:00:00,0.4971,0.24537
2024-02-23 08:00:00,0.48356,0.24074
2024-02-23 09:00:00,0.46228,0.23148
2024-02-23 10:00:00,0.43327,0.22222
2024-02-23 11:00:00,0.40039,0.22454
2024-02-23 12:00:00,0.36364,0.23611
2024-02-23 13:00:00,0.32495,0.25
2024-02-23 14:00:00,0.2824,0.26852
2024-02-23 15:00:00,0.24178,0.2963
2024-02-23 16:00:00,0.21277,0.3287
2024-02-23 17:00:00,0.19923,0.35417
2024-02-23 18:00:00,0.19923,0.37731
2024-02-23 19:00:00,0.19729,0.39815
2024-02-23 20:00:00,0.2089,0.41204
2024-02-23 21:00:00,0.22244,0.43287
2024-02-23 22:00:00,0.23211,0.45833
2024-02-23 23:00:00,0.24952,0.49306
2024-02-24 00:00:00,0.2882,0.52083
2024-02-24 01:00:00,0.32495,0.55787
2024-02-24 02:00:00,0.37137,0.59491
2024-02-24 03:00:00,0.41973,0.625
2024-02-24 04:00:00,0.46228,0.65046
2024-02-24 05:00:00,0.50484,0.66667
2024-02-24 06:00:00,0.53578,0.67361
2024-02-24 07:00:00,0.5706,0.67824
2024-02-24 08:00:00,0.60348,0.6875
2024-02-24 09:00:00,0.63443,0.6875
2024-02-24 10:00:00,0.65377,0.68981
2024-02-24 11:00:00,0.66344,0.69213
2024-02-24 12:00:00,0.66344,0.69444
2024-02-24 13:00:00,0.65764,0.69444
2024-02-24 14:00:00,0.64797,0.69907
2024-02-24 15:00:00,0.64023,0.70139
2024-02-24 16:00:00,0.63636,0.70139
2024-02-24 17:00:00,0.63443,0.70139
2024-02-24 18:00:00,0.6325,0.7037
2024-02-24 19:00:00,0.62863,0.70139
2024-02-24 20:00:00,0.62863,0.7037
2024-02-24 21:00:00,0.62863,0.70139
2024-02-24 22:00:00,0.6325,0.70139
2024-02-24 23:00:00,0.6325,0.70139
2024-02-25 00:00:00,0.52998,0.28704
2024-02-25 01:00:00,0.52998,0.28935
2024-02-25 02:00:00,0.52805,0.28472
2024-02-25 03:00:00,0.52611,0.28009
2024-02-25 04:00:00,0.52418,0.27778
2024-02-25 05:00:00,0.52031,0.27546
2024-02-25 06:00:00,0.51257,0.26852
2024-02-25 07:00:00,0.5029,0.2662
2024-02-25 08:00:00,0.49516,0.26389
2024-02-25 09:00:00,0.48356,0.26389
2024-02-25 10:00:00,0.47002,0.26389
2024-02-25 11:00:00,0.45455,0.26389
2024-02-25 12:00:00,0.44101,0.2662
2024-02-25 13:00:00,0.42553,0.26852
2024-02-25 14:00:00,0.40812,0.27546
2024-02-25 15:00:00,0.39072,0.28009
2024-02-25 16:00:00,0.37137,0.28704
2024-02-25 17:00:00,0.35203,0.2963
2024-02-25 18:00:00,0.33269,0.30556
2024-02-25 19:00:00,0.31335,0.31944
2024-02-25 20:00:00,0.294,0.33565
2024-02-25 21:00:00,0.2766,0.34722
2024-02-25 22:00:00,0.26306,0.36111
2024-02-25 23:00:00,0.24952,0.37037
2024-02-26 00:00:00,0.23985,0.37963
2024-02-26 01:00:00,0.23791,0.37731
2024-02-26 02:00:00,0.23598,0.38426
2024-02-26 03:00:00,0.23791,0.38426
2024-02-26 04:00:00,0.23598,0.39815
2024-02-26 05:00:00,0.23211,0.40509
2024-02-26 06:00:00,0.23791,0.40972
2024-02-26 07:00:00,0.23791,0.4213
2024-02-26 08:00:00,0.23985,0.42361
2024-02-26 09:00:00,0.24758,0.44213
2024-02-26 10:00:00,0.24952,0.46065
2024-02-26 11:00:00,0.26499,0.47454
2024-02-26 12:00:00,0.27466,0.48843
2024-02-26 13:00:00,0.28433,0.50463
2024-02-26 14:00:00,0.29787,0.52083
2024-02-26 15:00:00,0.30754,0.53935
2024-02-26 16:00:00,0.32302,0.55093
2024-02-26 17:00:00,0.34043,0.56481
2024-02-26 18:00:00,0.35397,0.5787
2024-02-26 19:00:00,0.37137,0.59259
2024-02-26 20:00:00,0.38685,0.60417
2024-02-26 21:00:00,0.61896,0.21759
2024-02-26 22:00:00,0.61896,0.21759
2024-02-26 23:00:00,0.61509,0.21528
2024-02-27 00:00:00,0.61509,0.21296
2024-02-27 01:00:00,0.60928,0.21296
2024-02-27 02:00:00,0.60155,0.21065
2024-02-27 03:00:00,0.58801,0.20833
2024-02-27 04:00:00,0.5706,0.2037
2024-02-27 05:00:00,0.54739,0.19907
2024-02-27 06:00:00,0.52418,0.19907
2024-02-27 07:00:00,0.49323,0.19676
2024-02-27 08:00:00,0.46035,0.19444
2024-02-27 09:00:00,0.4294,0.19444
2024-02-27 10:00:00,0.39265,0.20833
2024-02-27 11:00:00,0.3559,0.22454
2024-02-27 12:00:00,0.32108,0.25
2024-02-27 13:00:00,0.2882,0.27778
2024-02-27 14:00:00,0.26692,0.30787
2024-02-27 15:00:00,0.25532,0.33333
2024-02-27 16:00:00,0.25338,0.3588
2024-02-27 17:00:00,0.25919,0.38426
2024-02-27 18:00:00,0.26886,0.40972
2024-02-27 19:00:00,0.2766,0.43287
2024-02-27 20:00:00,0.28433,0.4537
2024-02-27 21:00:00,0.294,0.44907
2024-02-27 22:00:00,0.30561,0.47454
2024-02-27 23:00:00,0.31915,0.50463
2024-02-28 00:00:00,0.33462,0.54167
2024-02-28 01:00:00,0.35203,0.57407
2024-02-28 02:00:00,0.37524,0.60648
2024-02-28 03:00:00,0.40619,0.62731
2024-02-28 04:00:00,0.4352,0.65278
2024-02-28 05:00:00,0.46228,0.67593
2024-02-28 06:00:00,0.48743,0.69444
2024-02-28 07:00:00,0.50677,0.70602
2024-02-28 08:00:00,0.54932,0.72222
2024-02-28 09:00:00,0.59188,0.73611
2024-02-28 10:00:00,0.63056,0.74769
2024-02-28 11:00:00,0.66538,0.75694
2024-02-28 12:00:00,0.69826,0.76389
2024-02-28 13:00:00,0.71954,0.77315
2024-02-28 14:00:00,0.73308,0.77778
2024-02-28 15:00:00,0.74275,0.77778
2024-02-28 16:00:00,0.74468,0.77778
2024-02-28 17:00:00,0.73888,0.77778
2024-02-28 18:00:00,0.52611,0.40972
2024-02-28 19:00:00,0.52611,0.40972
2024-02-28 20:00:00,0.52611,0.40741
2024-02-28 21:00:00,0.52418,0.40972
2024-02-28 22:00:00,0.52418,0.40972
2024-02-28 23:00:00,0.52224,0.40972
2024-02-29 00:00:00,0.52031,0.40741
2024-02-29 01:00:00,0.51644,0.40741
2024-02-29 02:00:00,0.50677,0.40278
2024-02-29 03:00:00,0.49516,0.39815
2024-02-29 04:00:00,0.48162,0.3912
2024-02-29 05:00:00,0.46422,0.38657
2024-02-29 06:00:00,0.44487,0.38194
2024-02-29 07:00:00,0.42166,0.37731
2024-02-29 08:00:00,0.39652,0.375
2024-02-29 09:00:00,0.3675,0.38426
2024-02-29 10:00:00,0.33849,0.3912
2024-02-29 11:00:00,0.31335,0.40278
2024-02-29 12:00:00,0.28627,0.41898
2024-02-29 13:00:00,0.26112,0.4375
2024-02-29 14:00:00,0.24178,0.4537
2024-02-29 15:00:00,0.22631,0.45833
2024-02-29 16:00:00,0.21277,0.47222
2024-02-29 17:00:00,0.20116,0.49074
2024-02-29 18:00:00,0.19536,0.51157
2024-02-29 19:00:00,0.19342,0.53009
2024-02-29 20:00:00,0.19536,0.5625
2024-02-29 21:00:00,0.20116,0.58796
2024-02-29 22:00:00,0.21277,0.6088
2024-02-29 23:00:00,0.22437,0.63426
2024-03-01 00:00:00,0.24565,0.65741
2024-03-01 01:00:00,0.26692,0.67824
2024-03-01 02:00:00,0.29594,0.69676
2024-03-01 03:00:00,0.32495,0.71528
2024-03-01 04:00:00,0.35977,0.72917
2024-03-01 05:00:00,0.39265,0.73611
2024-03-01 06:00:00,0.41973,0.74306
2024-03-01 07:00:00,0.44874,0.74306
2024-03-01 08:00:00,0.47389,0.73843
2024-03-01 09:00:00,0.5029,0.73148
2024-03-01 10:00:00,0.52418,0.72222
2024-03-01 11:00:00,0.54352,0.71759
2024-03-01 12:00:00,0.55126,0.71065
2024-03-01 13:00:00,0.55513,0.70833
2024-03-01 14:00:00,0.55513,0.70602
2024-03-01 15:00:00,0.44874,0.46065
2024-03-01 16:00:00,0.44874,0.45833
2024-03-01 17:00:00,0.44874,0.45602
2024-03-01 18:00:00,0.44874,0.45833
2024-03-01 19:00:00,0.44874,0.4537
2024-03-01 20:00:00,0.44874,0.4537
2024-03-01 21:00:00,0.44874,0.45139
2024-03-01 22:00:00,0.44681,0.44676
2024-03-01 23:00:00,0.44101,0.43981
2024-03-02 00:00:00,0.43327,0.43287
2024-03-02 01:00:00,0.42166,0.42361
2024-03-02 02:00:00,0.40812,0.41435
2024-03-02 03:00:00,0.38878,0.40741
2024-03-02 04:00:00,0.36364,0.40278
2024-03-02 05:00:00,0.33849,0.40278
2024-03-02 06:00:00,0.30754,0.40741
2024-03-02 07:00:00,0.28046,0.40972
2024-03-02 08:00:00,0.25725,0.39815
2024-03-02 09:00:00,0.22824,0.39815
2024-03-02 10:00:00,0.20116,0.40278
2024-03-02 11:00:00,0.17408,0.4213
2024-03-02 12:00:00,0.147,0.43981
2024-03-02 13:00:00,0.12573,0.45602
2024-03-02 14:00:00,0.10445,0.46991
2024-03-02 15:00:00,0.071567,0.48611
2024-03-02 16:00:00,0.052224,0.51852
2024-03-02 17:00:00,0.046422,0.55093
2024-03-02 18:00:00,0.040619,0.58796
2024-03-02 19:00:00,0.048356,0.62269
2024-03-02 20:00:00,0.067698,0.65278
2024-03-02 21:00:00,0.088975,0.67361
2024-03-02 22:00:00,0.11605,0.68519
2024-03-02 23:00:00,0.1412,0.7037
2024-03-03 00:00:00,0.16634,0.71991
2024-03-03 01:00:00,0.19536,0.72917
2024-03-03 02:00:00,0.2205,0.74537
2024-03-03 03:00:00,0.24952,0.75926
2024-03-03 04:00:00,0.2766,0.76157
2024-03-03 05:00:00,0.31335,0.76389
2024-03-03 06:00:00,0.34623,0.76157
2024-03-03 07:00:00,0.37911,0.75926
2024-03-03 08:00:00,0.40812,0.75694
2024-03-03 09:00:00,0.43327,0.75231
2024-03-03 10:00:00,0.45648,0.75
2024-03-03 11:00:00,0.47776,0.74537
2024-03-03 12:00:00,0.49903,0.21065
2024-03-03 13:00:00,0.49903,0.21065
2024-03-03 14:00:00,0.49903,0.21065
2024-03-03 15:00:00,0.49903,0.21065
2024-03-03 16:00:00,0.49903,0.21065
2024-03-03 17:00:00,0.49903,0.20833
2024-03-03 18:00:00,0.5029,0.20602
2024-03-03 19:00:00,0.50484,0.2037
2024-03-03 20:00:00,0.51257,0.19907
2024-03-03 21:00:00,0.52418,0.19213
2024-03-03 22:00:00,0.53965,0.18981
2024-03-03 23:00:00,0.55899,0.18287
2024-03-04 00:00:00,0.58221,0.17593
2024-03-04 01:00:00,0.60735,0.17361
2024-03-04 02:00:00,0.63636,0.17824
2024-03-04 03:00:00,0.66538,0.18519
2024-03-04 04:00:00,0.69632,0.19907
2024-03-04 05:00:00,0.72727,0.21528
2024-03-04 06:00:00,0.75822,0.23611
2024-03-04 07:00:00,0.78917,0.26157
2024-03-04 08:00:00,0.81625,0.29398
2024-03-04 09:00:00,0.83946,0.3287
2024-03-04 10:00:00,0.8588,0.36806
2024-03-04 11:00:00,0.87427,0.41204
2024-03-04 12:00:00,0.88588,0.45139
2024-03-04 13:00:00,0.89362,0.49074
2024-03-04 14:00:00,0.89555,0.53241
2024-03-04 15:00:00,0.88975,0.56713
2024-03-04 16:00:00,0.88008,0.59028
2024-03-04 17:00:00,0.86847,0.59491
2024-03-04 18:00:00,0.85493,0.6088
2024-03-04 19:00:00,0.84913,0.62731
2024-03-04 20:00:00,0.83946,0.6412
2024-03-04 21:00:00,0.82012,0.65741
2024-03-04 22:00:00,0.80077,0.66435
2024-03-04 23:00:00,0.77176,0.67361
2024-03-05 00:00:00,0.75822,0.67593
2024-03-05 01:00:00,0.73308,0.67593
2024-03-05 02:00:00,0.7176,0.67361
2024-03-05 03:00:00,0.70406,0.6713
2024-03-05 04:00:00,0.69246,0.66898
2024-03-05 05:00:00,0.66925,0.6713
2024-03-05 06:00:00,0.6441,0.67593
2024-03-05 07:00:00,0.62282,0.67361
2024-03-05 08:00:00,0.60348,0.66667
2024-03-05 09:00:00,0.60928,0.20602
2024-03-05 10:00:00,0.60928,0.2037
2024-03-05 11:00:00,0.61122,0.20139
2024-03-05 12:00:00,0.61509,0.19907
2024-03-05 13:00:00,0.61896,0.19676
2024-03-05 14:00:00,0.62669,0.19213
2024-03-05 15:00:00,0.63636,0.18981
2024-03-05 16:00:00,0.65571,0.18519
2024-03-05 17:00:00,0.67892,0.18519
2024-03-05 18:00:00,0.70406,0.18981
2024-03-05 19:00:00,0.73114,0.19676
2024-03-05 20:00:00,0.75822,0.21065
2024-03-05 21:00:00,0.78723,0.22454
2024-03-05 22:00:00,0.81431,0.24537
2024-03-05 23:00:00,0.83946,0.27083
2024-03-06 00:00:00,0.86267,0.30324
2024-03-06 01:00:00,0.87814,0.33565
2024-03-06 02:00:00,0.88781,0.375
2024-03-06 03:00:00,0.88781,0.40741
2024-03-06 04:00:00,0.88588,0.43981
2024-03-06 05:00:00,0.88008,0.47222
2024-03-06 06:00:00,0.86847,0.49074
2024-03-06 07:00:00,0.853,0.50231
2024-03-06 08:00:00,0.83172,0.52083
2024-03-06 09:00:00,0.81044,0.5463
2024-03-06 10:00:00,0.78917,0.57176
2024-03-06 11:00:00,0.76402,0.59491
2024-03-06 12:00:00,0.74081,0.61343
2024-03-06 13:00:00,0.71954,0.62731
2024-03-06 14:00:00,0.69826,0.63657
2024-03-06 15:00:00,0.67311,0.64815
2024-03-06 16:00:00,0.65957,0.65046
2024-03-06 17:00:00,0.63056,0.65741
2024-03-06 18:00:00,0.60542,0.65741
2024-03-06 19:00:00,0.58027,0.65741
2024-03-06 20:00:00,0.55706,0.65509
2024-03-06 21:00:00,0.53385,0.64815
2024-03-06 22:00:00,0.51257,0.63889
2024-03-06 23:00:00,0.4971,0.62963
2024-03-07 00:00:00,0.48936,0.62037
2024-03-07 01:00:00,0.48549,0.61806
2024-03-07 02:00:00,0.48743,0.61806
2024-03-07 03:00:00,0.48743,0.62037
2024-03-07 04:00:00,0.48743,0.62037
2024-03-07 05:00:00,0.48743,0.62269
2024-03-07 06:00:00,0.53385,0.40741
2024-03-07 07:00:00,0.53385,0.40972
2024-03-07 08:00:00,0.53578,0.40741
2024-03-07 09:00:00,0.53385,0.40972
2024-03-07 10:00:00,0.53385,0.40741
2024-03-07 11:00:00,0.53191,0.41435
2024-03-07 12:00:00,0.53191,0.41204
2024-03-07 13:00:00,0.53385,0.41204
2024-03-07 14:00:00,0.53385,0.40972
2024-03-07 15:00:00,0.53385,0.40972
2024-03-07 16:00:00,0.53385,0.40972
2024-03-07 17:00:00,0.53578,0.40741
2024-03-07 18:00:00,0.53772,0.40509
2024-03-07 19:00:00,0.54352,0.39583
2024-03-07 20:00:00,0.54739,0.39352
2024-03-07 21:00:00,0.55513,0.38657
2024-03-07 22:00:00,0.56286,0.38194
2024-03-07 23:00:00,0.57253,0.37269
2024-03-08 00:00:00,0.58221,0.36806
2024-03-08 01:00:00,0.59574,0.3588
2024-03-08 02:00:00,0.60928,0.34954
2024-03-08 03:00:00,0.61896,0.34491
2024-03-08 04:00:00,0.63443,0.33796
2024-03-08 05:00:00,0.64797,0.33565
2024-03-08 06:00:00,0.66538,0.33333
2024-03-08 07:00:00,0.68085,0.33333
2024-03-08 08:00:00,0.69826,0.33333
2024-03-08 09:00:00,0.7176,0.33102
2024-03-08 10:00:00,0.73694,0.33102
2024-03-08 11:00:00,0.75629,0.3287
2024-03-08 12:00:00,0.77563,0.33102
2024-03-08 13:00:00,0.79497,0.33333
2024-03-08 14:00:00,0.81431,0.33565
2024-03-08 15:00:00,0.83559,0.34259
2024-03-08 16:00:00,0.85687,0.34722
2024-03-08 17:00:00,0.87427,0.3588
2024-03-08 18:00:00,0.89555,0.36806
2024-03-08 19:00:00,0.91296,0.37963
2024-03-08 20:00:00,0.92843,0.38657
2024-03-08 21:00:00,0.94391,0.39815
2024-03-08 22:00:00,0.96132,0.38194
2024-03-08 23:00:00,0.97099,0.38426
2024-03-09 00:00:00,0.97872,0.40278
2024-03-09 01:00:00,0.98839,0.41204
2024-03-09 02:00:00,1.0,0.4213
2024-03-09 03:00:00,0.5648,0.38194
2024-03-09 04:00:00,0.5648,0.37963
2024-03-09 05:00:00,0.56673,0.37731
2024-03-09 06:00:00,0.56673,0.37963
2024-03-09 07:00:00,0.56673,0.37731
2024-03-09 08:00:00,0.56673,0.37731
2024-03-09 09:00:00,0.56673,0.37963
2024-03-09 10:00:00,0.56673,0.37963
2024-03-09 11:00:00,0.5648,0.37731
2024-03-09 12:00:00,0.5648,0.37731
2024-03-09 13:00:00,0.5648,0.37963
2024-03-09 14:00:00,0.5648,0.38426
2024-03-09 15:00:00,0.56286,0.38194
2024-03-09 16:00:00,0.55899,0.39352
2024-03-09 17:00:00,0.55706,0.39583
2024-03-09 18:00:00,0.55899,0.38194
2024-03-09 19:00:00,0.5648,0.36574
2024-03-09 20:00:00,0.57834,0.34259
2024-03-09 21:00:00,0.59768,0.31019
2024-03-09 22:00:00,0.62476,0.28704
2024-03-09 23:00:00,0.65184,0.26852
2024-03-10 00:00:00,0.68472,0.25463
2024-03-10 01:00:00,0.7176,0.25926
2024-03-10 02:00:00,0.75242,0.27778
2024-03-10 03:00:00,0.7853,0.30556
2024-03-10 04:00:00,0.81431,0.34954
2024-03-10 05:00:00,0.83752,0.39815
2024-03-10 06:00:00,0.853,0.45139
2024-03-10 07:00:00,0.86267,0.49306
2024-03-10 08:00:00,0.86654,0.5162
2024-03-10 09:00:00,0.88201,0.54861
2024-03-10 10:00:00,0.90522,0.58565
2024-03-10 11:00:00,0.91876,0.62731
2024-03-10 12:00:00,0.90716,0.67824
2024-03-10 13:00:00,0.88781,0.72454
2024-03-10 14:00:00,0.86074,0.77315
2024-03-10 15:00:00,0.82592,0.80787
2024-03-10 16:00:00,0.7853,0.82407
2024-03-10 17:00:00,0.73694,0.82407
2024-03-10 18:00:00,0.68859,0.81019
2024-03-10 19:00:00,0.64603,0.77778
2024-03-10 20:00:00,0.61122,0.73611
2024-03-10 21:00:00,0.58607,0.68981
2024-03-10 22:00:00,0.5764,0.63426
2024-03-10 23:00:00,0.58027,0.6088
2024-03-11 00:00:00,0.55126,0.23148
2024-03-11 01:00:00,0.54932,0.2338
2024-03-11 02:00:00,0.54932,0.23148
2024-03-11 03:00:00,0.55126,0.23148
2024-03-11 04:00:00,0.55126,0.23148
2024-03-11 05:00:00,0.55126,0.23148
2024-03-11 06:00:00,0.55319,0.22917
2024-03-11 07:00:00,0.55513,0.22917
2024-03-11 08:00:00,0.55513,0.22917
2024-03-11 09:00:00,0.55513,0.22685
2024-03-11 10:00:00,0.56093,0.22454
2024-03-11 11:00:00,0.56673,0.21991
2024-03-11 12:00:00,0.57253,0.21759
2024-03-11 13:00:00,0.58027,0.21759
2024-03-11 14:00:00,0.59574,0.21528
2024-03-11 15:00:00,0.61896,0.21528
2024-03-11 16:00:00,0.6499,0.21991
2024-03-11 17:00:00,0.68472,0.22685
2024-03-11 18:00:00,0.72147,0.24306
2024-03-11 19:00:00,0.75822,0.26389
2024-03-11 20:00:00,0.7911,0.29167
2024-03-11 21:00:00,0.82012,0.32639
2024-03-11 22:00:00,0.84139,0.36343
2024-03-11 23:00:00,0.85687,0.40509
2024-03-12 00:00:00,0.8646,0.4537
2024-03-12 01:00:00,0.87041,0.50231
2024-03-12 02:00:00,0.87234,0.54861
2024-03-12 03:00:00,0.87041,0.60185
2024-03-12 04:00:00,0.86847,0.55787
2024-03-12 05:00:00,0.8646,0.57639
2024-03-12 06:00:00,0.8588,0.60648
2024-03-12 07:00:00,0.84333,0.63426
2024-03-12 08:00:00,0.81044,0.65741
2024-03-12 09:00:00,0.76789,0.68056
2024-03-12 10:00:00,0.72921,0.69907
2024-03-12 11:00:00,0.69052,0.71296
2024-03-12 12:00:00,0.64603,0.72222
2024-03-12 13:00:00,0.60348,0.72685
2024-03-12 14:00:00,0.56286,0.72222
2024-03-12 15:00:00,0.52998,0.71296
2024-03-12 16:00:00,0.5029,0.70139
2024-03-12 17:00:00,0.48162,0.68519
2024-03-12 18:00:00,0.46615,0.6713
2024-03-12 19:00:00,0.45261,0.66667
2024-03-12 20:00:00,0.44681,0.65972
2024-03-12 21:00:00,0.40039,0.19676
2024-03-12 22:00:00,0.40039,0.19676
2024-03-12 23:00:00,0.39845,0.19676
2024-03-13 00:00:00,0.39845,0.19676
2024-03-13 01:00:00,0.40039,0.19907
2024-03-13 02:00:00,0.40039,0.19676
2024-03-13 03:00:00,0.40039,0.19676
2024-03-13 04:00:00,0.40039,0.19676
2024-03-13 05:00:00,0.40039,0.19444
2024-03-13 06:00:00,0.40426,0.19444
2024-03-13 07:00:00,0.41973,0.18287
2024-03-13 08:00:00,0.45455,0.16898
2024-03-13 09:00:00,0.50097,0.15509
2024-03-13 10:00:00,0.55126,0.15046
2024-03-13 11:00:00,0.60155,0.15741
2024-03-13 12:00:00,0.65377,0.18056
2024-03-13 13:00:00,0.69632,0.21065
2024-03-13 14:00:00,0.73501,0.25463
2024-03-13 15:00:00,0.76209,0.30324
2024-03-13 16:00:00,0.78337,0.34954
2024-03-13 17:00:00,0.80077,0.39583
2024-03-13 18:00:00,0.80851,0.4375
2024-03-13 19:00:00,0.81238,0.47222
2024-03-13 20:00:00,0.80464,0.50694
2024-03-13 21:00:00,0.7911,0.53472
2024-03-13 22:00:00,0.77369,0.55787
2024-03-13 23:00:00,0.75242,0.58565
2024-03-14 00:00:00,0.72921,0.6088
2024-03-14 01:00:00,0.706,0.62731
2024-03-14 02:00:00,0.68472,0.63889
2024-03-14 03:00:00,0.66151,0.65278
2024-03-14 04:00:00,0.63636,0.66667
2024-03-14 05:00:00,0.61122,0.67593
2024-03-14 06:00:00,0.58607,0.68519
2024-03-14 07:00:00,0.56286,0.69213
2024-03-14 08:00:00,0.54739,0.68981
2024-03-14 09:00:00,0.52998,0.68981
2024-03-14 10:00:00,0.51064,0.69444
2024-03-14 11:00:00,0.48936,0.69676
2024-03-14 12:00:00,0.47195,0.69213
2024-03-14 13:00:00,0.45261,0.68981
2024-03-14 14:00:00,0.43327,0.68519
2024-03-14 15:00:00,0.41393,0.68056
2024-03-14 16:00:00,0.39652,0.67361
2024-03-14 17:00:00,0.38104,0.66667
2024-03-14 18:00:00,0.43907,0.20602
2024-03-14 19:00:00,0.43714,0.20602
2024-03-14 20:00:00,0.43714,0.20602
2024-03-14 21:00:00,0.43714,0.20602
2024-03-14 22:00:00,0.43714,0.20833
2024-03-14 23:00:00,0.4352,0.20833
2024-03-15 00:00:00,0.4352,0.20833
2024-03-15 01:00:00,0.4352,0.20833
2024-03-15 02:00:00,0.4352,0.20833
2024-03-15 03:00:00,0.4352,0.20833
2024-03-15 04:00:00,0.43327,0.21065
2024-03-15 05:00:00,0.43133,0.21296
2024-03-15 06:00:00,0.43133,0.21065
2024-03-15 07:00:00,0.43327,0.21065
2024-03-15 08:00:00,0.43327,0.21065
2024-03-15 09:00:00,0.4294,0.21065
2024-03-15 10:00:00,0.4294,0.21065
2024-03-15 11:00:00,0.4294,0.21296
2024-03-15 12:00:00,0.4294,0.21065
2024-03-15 13:00:00,0.44101,0.20602
2024-03-15 14:00:00,0.48356,0.19444
2024-03-15 15:00:00,0.52998,0.18287
2024-03-15 16:00:00,0.57253,0.18056
2024-03-15 17:00:00,0.61509,0.19213
2024-03-15 18:00:00,0.65764,0.21528
2024-03-15 19:00:00,0.69246,0.25
2024-03-15 20:00:00,0.72147,0.29398
2024-03-15 21:00:00,0.74662,0.34028
2024-03-15 22:00:00,0.76402,0.38657
2024-03-15 23:00:00,0.77176,0.43287
2024-03-16 00:00:00,0.76596,0.47917
2024-03-16 01:00:00,0.74662,0.52083
2024-03-16 02:00:00,0.7234,0.56019
2024-03-16 03:00:00,0.69439,0.59259
2024-03-16 04:00:00,0.66538,0.61111
2024-03-16 05:00:00,0.64217,0.63194
2024-03-16 06:00:00,0.60928,0.65509
2024-03-16 07:00:00,0.57834,0.68519
2024-03-16 08:00:00,0.54352,0.70833
2024-03-16 09:00:00,0.51064,0.71296
2024-03-16 10:00:00,0.47969,0.71528
2024-03-16 11:00:00,0.44487,0.71296
2024-03-16 12:00:00,0.41973,0.71296
2024-03-16 13:00:00,0.39845,0.70602
2024-03-16 14:00:00,0.38298,0.69676
2024-03-16 15:00:00,0.43327,0.30556
2024-03-16 16:00:00,0.4352,0.30556
2024-03-16 17:00:00,0.4352,0.30324
2024-03-16 18:00:00,0.43714,0.30324
2024-03-16 19:00:00,0.43714,0.30556
2024-03-16 20:00:00,0.44294,0.29861
2024-03-16 21:00:00,0.44487,0.29398
2024-03-16 22:00:00,0.44874,0.29167
2024-03-16 23:00:00,0.45648,0.28472
2024-03-17 00:00:00,0.46035,0.27778
2024-03-17 01:00:00,0.47002,0.27315
2024-03-17 02:00:00,0.47582,0.2662
2024-03-17 03:00:00,0.48549,0.26157
2024-03-17 04:00:00,0.4971,0.25694
2024-03-17 05:00:00,0.50677,0.25
2024-03-17 06:00:00,0.51838,0.24537
2024-03-17 07:00:00,0.52998,0.24074
2024-03-17 08:00:00,0.54352,0.24074
2024-03-17 09:00:00,0.55319,0.23843
2024-03-17 10:00:00,0.56673,0.24074
2024-03-17 11:00:00,0.58027,0.24537
2024-03-17 12:00:00,0.59574,0.24769
2024-03-17 13:00:00,0.60735,0.25231
2024-03-17 14:00:00,0.62089,0.26389
2024-03-17 15:00:00,0.63636,0.27083
2024-03-17 16:00:00,0.65184,0.28241
2024-03-17 17:00:00,0.66538,0.28935
2024-03-17 18:00:00,0.67892,0.30093
2024-03-17 19:00:00,0.69246,0.3125
2024-03-17 20:00:00,0.70213,0.32639
2024-03-17 21:00:00,0.71567,0.34028
2024-03-17 22:00:00,0.72727,0.35417
2024-03-17 23:00:00,0.73694,0.36574
2024-03-18 00:00:00,0.74468,0.38194
2024-03-18 01:00:00,0.75242,0.39352
2024-03-18 02:00:00,0.75629,0.40741
2024-03-18 03:00:00,0.76015,0.42361
2024-03-18 04:00:00,0.76209,0.43981
2024-03-18 05:00:00,0.76596,0.4537
2024-03-18 06:00:00,0.76789,0.47222
2024-03-18 07:00:00,0.76983,0.48148
2024-03-18 08:00:00,0.76983,0.49537
2024-03-18 09:00:00,0.77369,0.50463
2024-03-18 10:00:00,0.77563,0.52315
2024-03-18 11:00:00,0.77756,0.53472
2024-03-18 12:00:00,0.44874,0.26852
2024-03-18 13:00:00,0.45068,0.27083
2024-03-18 14:00:00,0.44874,0.26852
2024-03-18 15:00:00,0.44874,0.27083
2024-03-18 16:00:00,0.44874,0.27083
2024-03-18 17:00:00,0.44681,0.27083
2024-03-18 18:00:00,0.44874,0.26852
2024-03-18 19:00:00,0.45455,0.26389
2024-03-18 20:00:00,0.46228,0.25694
2024-03-18 21:00:00,0.47969,0.25231
2024-03-18 22:00:00,0.4971,0.24769
2024-03-18 23:00:00,0.51838,0.24537
2024-03-19 00:00:00,0.54352,0.24769
2024-03-19 01:00:00,0.57447,0.24769
2024-03-19 02:00:00,0.60735,0.25694
2024-03-19 03:00:00,0.64023,0.27083
2024-03-19 04:00:00,0.66925,0.28704
2024-03-19 05:00:00,0.69632,0.30556
2024-03-19 06:00:00,0.71567,0.32639
2024-03-19 07:00:00,0.73114,0.35185
2024-03-19 08:00:00,0.74275,0.37963
2024-03-19 09:00:00,0.74662,0.40741
2024-03-19 10:00:00,0.74275,0.43287
2024-03-19 11:00:00,0.74855,0.44676
2024-03-19 12:00:00,0.75435,0.46991
2024-03-19 13:00:00,0.76015,0.49769
2024-03-19 14:00:00,0.76596,0.5162
2024-03-19 15:00:00,0.76596,0.53472
2024-03-19 16:00:00,0.76402,0.55324
2024-03-19 17:00:00,0.75822,0.5625
2024-03-19 18:00:00,0.74468,0.5787
2024-03-19 19:00:00,0.73114,0.58565
2024-03-19 20:00:00,0.71373,0.59954
2024-03-19 21:00:00,0.69439,0.62269
2024-03-19 22:00:00,0.68665,0.63657
2024-03-19 23:00:00,0.67311,0.65741
2024-03-20 00:00:00,0.6499,0.6713
2024-03-20 01:00:00,0.62476,0.67593
2024-03-20 02:00:00,0.59574,0.68287
2024-03-20 03:00:00,0.5706,0.68519
2024-03-20 04:00:00,0.54352,0.68519
2024-03-20 05:00:00,0.52418,0.68519
2024-03-20 06:00:00,0.50677,0.6875
2024-03-20 07:00:00,0.49516,0.68981
2024-03-20 08:00:00,0.48743,0.69213
2024-03-20 09:00:00,0.42553,0.38657
2024-03-20 10:00:00,0.42553,0.38657
2024-03-20 11:00:00,0.42553,0.38657
2024-03-20 12:00:00,0.42553,0.38657
2024-03-20 13:00:00,0.4236,0.38889
2024-03-20 14:00:00,0.42553,0.38889
2024-03-20 15:00:00,0.43133,0.38889
2024-03-20 16:00:00,0.44101,0.3912
2024-03-20 17:00:00,0.45648,0.39583
2024-03-20 18:00:00,0.47389,0.40509
2024-03-20 19:00:00,0.49323,0.41667
2024-03-20 20:00:00,0.5087,0.42824
2024-03-20 21:00:00,0.52611,0.44907
2024-03-20 22:00:00,0.53772,0.47222
2024-03-20 23:00:00,0.54352,0.49537
2024-03-21 00:00:00,0.54739,0.51389
2024-03-21 01:00:00,0.54932,0.53241
2024-03-21 02:00:00,0.54545,0.55093
2024-03-21 03:00:00,0.54159,0.56481
2024-03-21 04:00:00,0.53578,0.57639
2024-03-21 05:00:00,0.52998,0.59259
2024-03-21 06:00:00,0.52805,0.60648
2024-03-21 07:00:00,0.52224,0.62269
2024-03-21 08:00:00,0.52031,0.63426
2024-03-21 09:00:00,0.53965,0.64352
2024-03-21 10:00:00,0.53772,0.66435
2024-03-21 11:00:00,0.53385,0.68056
2024-03-21 12:00:00,0.53191,0.69676
2024-03-21 13:00:00,0.52805,0.70833
2024-03-21 14:00:00,0.51451,0.71759
2024-03-21 15:00:00,0.4971,0.72222
2024-03-21 16:00:00,0.47582,0.72454
2024-03-21 17:00:00,0.46035,0.72454
2024-03-21 18:00:00,0.44101,0.71991
2024-03-21 19:00:00,0.42553,0.70833
2024-03-21 20:00:00,0.40426,0.68981
2024-03-21 21:00:00,0.38298,0.6713
2024-03-21 22:00:00,0.35783,0.65046
2024-03-21 23:00:00,0.33656,0.63194
2024-03-22 00:00:00,0.31335,0.61111
2024-03-22 01:00:00,0.29594,0.59028
2024-03-22 02:00:00,0.28046,0.57407
2024-03-22 03:00:00,0.26692,0.5625
2024-03-22 04:00:00,0.25338,0.55324
2024-03-22 05:00:00,0.24371,0.5463
2024-03-22 06:00:00,0.40619,0.40509
2024-03-22 07:00:00,0.40619,0.40278
2024-03-22 08:00:00,0.40619,0.40278
2024-03-22 09:00:00,0.40812,0.40509
2024-03-22 10:00:00,0.41006,0.40278
2024-03-22 11:00:00,0.41199,0.40278
2024-03-22 12:00:00,0.41973,0.40046
2024-03-22 13:00:00,0.4294,0.39583
2024-03-22 14:00:00,0.44101,0.39352
2024-03-22 15:00:00,0.45841,0.3912
2024-03-22 16:00:00,0.47582,0.3912
2024-03-22 17:00:00,0.49323,0.39583
2024-03-22 18:00:00,0.51064,0.40509
2024-03-22 19:00:00,0.52998,0.41898
2024-03-22 20:00:00,0.54932,0.4375
2024-03-22 21:00:00,0.56867,0.45602
2024-03-22 22:00:00,0.58607,0.47685
2024-03-22 23:00:00,0.59961,0.50231
2024-03-23 00:00:00,0.61122,0.52315
2024-03-23 01:00:00,0.61896,0.55093
2024-03-23 02:00:00,0.62282,0.5787
2024-03-23 03:00:00,0.62669,0.60417
2024-03-23 04:00:00,0.63056,0.62963
2024-03-23 05:00:00,0.6325,0.65509
2024-03-23 06:00:00,0.6325,0.67593
2024-03-23 07:00:00,0.62669,0.69676
2024-03-23 08:00:00,0.62089,0.71296
2024-03-23 09:00:00,0.61122,0.72454
2024-03-23 10:00:00,0.59768,0.72917
2024-03-23 11:00:00,0.5764,0.73611
2024-03-23 12:00:00,0.55899,0.74074
2024-03-23 13:00:00,0.54159,0.74074
2024-03-23 14:00:00,0.52031,0.74074
2024-03-23 15:00:00,0.49903,0.74306
2024-03-23 16:00:00,0.47776,0.74537
2024-03-23 17:00:00,0.45841,0.74537
2024-03-23 18:00:00,0.43907,0.74074
2024-03-23 19:00:00,0.41973,0.73611
2024-03-23 20:00:00,0.39845,0.73148
2024-03-23 21:00:00,0.37911,0.72685
2024-03-23 22:00:00,0.35977,0.71991
2024-03-23 23:00:00,0.34429,0.71296
2024-03-24 00:00:00,0.33269,0.70833
2024-03-24 01:00:00,0.32689,0.7037
2024-03-24 02:00:00,0.32108,0.69676
2024-03-24 03:00:00,0.31721,0.41435
2024-03-24 04:00:00,0.31528,0.41667
2024-03-24 05:00:00,0.31528,0.41667
2024-03-24 06:00:00,0.31528,0.41667
2024-03-24 07:00:00,0.31528,0.41667
2024-03-24 08:00:00,0.31528,0.41667
2024-03-24 09:00:00,0.31528,0.4213
2024-03-24 10:00:00,0.31528,0.41898
2024-03-24 11:00:00,0.31335,0.4213
2024-03-24 12:00:00,0.31335,0.42361
2024-03-24 13:00:00,0.31528,0.42361
2024-03-24 14:00:00,0.31721,0.4213
2024-03-24 15:00:00,0.32108,0.41898
2024-03-24 16:00:00,0.32689,0.41204
2024-03-24 17:00:00,0.33462,0.40509
2024-03-24 18:00:00,0.34623,0.39583
2024-03-24 19:00:00,0.36364,0.38657
2024-03-24 20:00:00,0.38491,0.37963
2024-03-24 21:00:00,0.40619,0.37963
2024-03-24 22:00:00,0.4294,0.38426
2024-03-24 23:00:00,0.45261,0.39352
2024-03-25 00:00:00,0.47776,0.40509
2024-03-25 01:00:00,0.50484,0.42361
2024-03-25 02:00:00,0.52805,0.44213
2024-03-25 03:00:00,0.54932,0.46759
2024-03-25 04:00:00,0.56286,0.49769
2024-03-25 05:00:00,0.57253,0.52778
2024-03-25 06:00:00,0.5764,0.55787
2024-03-25 07:00:00,0.5764,0.58333
2024-03-25 08:00:00,0.56867,0.60417
2024-03-25 09:00:00,0.56093,0.625
2024-03-25 10:00:00,0.54932,0.6412
2024-03-25 11:00:00,0.53385,0.65741
2024-03-25 12:00:00,0.51451,0.66898
2024-03-25 13:00:00,0.49323,0.68056
2024-03-25 14:00:00,0.47389,0.68519
2024-03-25 15:00:00,0.45261,0.68981
2024-03-25 16:00:00,0.4294,0.69213
2024-03-25 17:00:00,0.40426,0.69676
2024-03-25 18:00:00,0.37524,0.69907
2024-03-25 19:00:00,0.34816,0.69907
2024-03-25 20:00:00,0.32302,0.69676
2024-03-25 21:00:00,0.29981,0.68981
2024-03-25 22:00:00,0.27853,0.67593
2024-03-25 23:00:00,0.26112,0.66435
2024-03-26 00:00:00,0.74275,0.5
2024-03-26 01:00:00,0.74275,0.5
2024-03-26 02:00:00,0.74275,0.50231
2024-03-26 03:00:00,0.74275,0.5
2024-03-26 04:00:00,0.74081,0.49306
2024-03-26 05:00:00,0.73888,0.47917
2024-03-26 06:00:00,0.73501,0.4537
2024-03-26 07:00:00,0.73114,0.42593
2024-03-26 08:00:00,0.72534,0.39352
2024-03-26 09:00:00,0.71954,0.36343
2024-03-26 10:00:00,0.70793,0.3287
2024-03-26 11:00:00,0.69439,0.29398
2024-03-26 12:00:00,0.67118,0.26157
2024-03-26 13:00:00,0.6383,0.2338
2024-03-26 14:00:00,0.59768,0.21065
2024-03-26 15:00:00,0.55706,0.19444
2024-03-26 16:00:00,0.51451,0.18519
2024-03-26 17:00:00,0.47195,0.18056
2024-03-26 18:00:00,0.4294,0.1875
2024-03-26 19:00:00,0.39458,0.20602
2024-03-26 20:00:00,0.37718,0.23148
2024-03-26 21:00:00,0.35783,0.25694
2024-03-26 22:00:00,0.33075,0.28704
2024-03-26 23:00:00,0.30948,0.3287
2024-03-27 00:00:00,0.294,0.375
2024-03-27 01:00:00,0.28046,0.42593
2024-03-27 02:00:00,0.26499,0.48843
2024-03-27 03:00:00,0.25532,0.55324
2024-03-27 04:00:00,0.25725,0.61343
2024-03-27 05:00:00,0.27079,0.66667
2024-03-27 06:00:00,0.29981,0.71065
2024-03-27 07:00:00,0.33656,0.75
2024-03-27 08:00:00,0.37524,0.79398
2024-03-27 09:00:00,0.41393,0.82639
2024-03-27 10:00:00,0.45648,0.83333
2024-03-27 11:00:00,0.5029,0.81944
2024-03-27 12:00:00,0.55319,0.78704
2024-03-27 13:00:00,0.59768,0.74769
2024-03-27 14:00:00,0.63636,0.70833
2024-03-27 15:00:00,0.66731,0.67361
2024-03-27 16:00:00,0.68665,0.6412
2024-03-27 17:00:00,0.69052,0.60648
2024-03-27 18:00:00,0.68859,0.56713
2024-03-27 19:00:00,0.68472,0.53009
2024-03-27 20:00:00,0.67698,0.49306
2024-03-27 21:00:00,0.74081,0.45833
2024-03-27 22:00:00,0.74081,0.46065
2024-03-27 23:00:00,0.74081,0.45833
2024-03-28 00:00:00,0.74081,0.46065
2024-03-28 01:00:00,0.74081,0.45833
2024-03-28 02:00:00,0.74081,0.45602
2024-03-28 03:00:00,0.73888,0.43981
2024-03-28 04:00:00,0.73308,0.41435
2024-03-28 05:00:00,0.72727,0.38657
2024-03-28 06:00:00,0.71954,0.3588
2024-03-28 07:00:00,0.706,0.3287
2024-03-28 08:00:00,0.68665,0.29861
2024-03-28 09:00:00,0.66344,0.27546
2024-03-28 10:00:00,0.63443,0.25231
2024-03-28 11:00:00,0.60155,0.2338
2024-03-28 12:00:00,0.56673,0.21528
2024-03-28 13:00:00,0.52805,0.21065
2024-03-28 14:00:00,0.4913,0.20602
2024-03-28 15:00:00,0.45455,0.21296
2024-03-28 16:00:00,0.41199,0.21991
2024-03-28 17:00:00,0.3675,0.24537
2024-03-28 18:00:00,0.32882,0.28009
2024-03-28 19:00:00,0.30174,0.32407
2024-03-28 20:00:00,0.28433,0.36806
2024-03-28 21:00:00,0.27466,0.41435
2024-03-28 22:00:00,0.26886,0.46065
2024-03-28 23:00:00,0.26886,0.51389
2024-03-29 00:00:00,0.27466,0.56713
2024-03-29 01:00:00,0.29594,0.61111
2024-03-29 02:00:00,0.32689,0.64352
2024-03-29 03:00:00,0.3617,0.67361
2024-03-29 04:00:00,0.39458,0.69676
2024-03-29 05:00:00,0.42553,0.71065
2024-03-29 06:00:00,0.46035,0.72454
2024-03-29 07:00:00,0.49323,0.73843
2024-03-29 08:00:00,0.52224,0.74074
2024-03-29 09:00:00,0.55513,0.7338
2024-03-29 10:00:00,0.59381,0.71296
2024-03-29 11:00:00,0.63056,0.6875
2024-03-29 12:00:00,0.65184,0.66667
2024-03-29 13:00:00,0.69439,0.62963
2024-03-29 14:00:00,0.71567,0.60417
2024-03-29 15:00:00,0.71954,0.5787
2024-03-29 16:00:00,0.72147,0.55787
2024-03-29 17:00:00,0.7234,0.53472
2024-03-29 18:00:00,0.706,0.25694
2024-03-29 19:00:00,0.70406,0.25463
2024-03-29 20:00:00,0.70213,0.25694
2024-03-29 21:00:00,0.70213,0.25694
2024-03-29 22:00:00,0.70019,0.25
2024-03-29 23:00:00,0.69246,0.23611
2024-03-30 00:00:00,0.67892,0.21528
2024-03-30 01:00:00,0.65571,0.1875
2024-03-30 02:00:00,0.62863,0.1713
2024-03-30 03:00:00,0.60348,0.15972
2024-03-30 04:00:00,0.57447,0.14815
2024-03-30 05:00:00,0.54352,0.14583
2024-03-30 06:00:00,0.5087,0.15278
2024-03-30 07:00:00,0.46422,0.15509
2024-03-30 08:00:00,0.42166,0.16898
2024-03-30 09:00:00,0.38685,0.19213
2024-03-30 10:00:00,0.3617,0.22685
2024-03-30 11:00:00,0.34043,0.26389
2024-03-30 12:00:00,0.32302,0.31019
2024-03-30 13:00:00,0.30754,0.35648
2024-03-30 14:00:00,0.30174,0.40046
2024-03-30 15:00:00,0.30561,0.44444
2024-03-30 16:00:00,0.32302,0.49074
2024-03-30 17:00:00,0.34816,0.52546
2024-03-30 18:00:00,0.37524,0.56019
2024-03-30 19:00:00,0.39652,0.59259
2024-03-30 20:00:00,0.41393,0.61806
2024-03-30 21:00:00,0.4294,0.64352
2024-03-30 22:00:00,0.44874,0.66204
2024-03-30 23:00:00,0.47776,0.67593
2024-03-31 00:00:00,0.51838,0.67824
2024-03-31 01:00:00,0.56867,0.67593
2024-03-31 02:00:00,0.61315,0.67361
2024-03-31 03:00:00,0.6499,0.66204
2024-03-31 04:00:00,0.68472,0.64352
2024-03-31 05:00:00,0.70986,0.61806
2024-03-31 06:00:00,0.73308,0.59028
2024-03-31 07:00:00,0.74855,0.57176
2024-03-31 08:00:00,0.76402,0.54167
2024-03-31 09:00:00,0.77563,0.51157
2024-03-31 10:00:00,0.78143,0.48611
2024-03-31 11:00:00,0.78723,0.45833
2024-03-31 12:00:00,0.78917,0.42824
2024-03-31 13:00:00,0.7911,0.40741
2024-03-31 14:00:00,0.7911,0.38194
2024-03-31 15:00:00,0.68859,0.30324
2024-03-31 16:00:00,0.68859,0.30324
2024-03-31 17:00:00,0.69052,0.30324
2024-03-31 18:00:00,0.68859,0.30324
2024-03-31 19:00:00,0.68859,0.30093
2024-03-31 20:00:00,0.69052,0.29861
2024-03-31 21:00:00,0.69246,0.2963
2024-03-31 22:00:00,0.69052,0.28704
2024-03-31 23:00:00,0.68279,0.27546
2024-04-01 00:00:00,0.67311,0.26157
2024-04-01 01:00:00,0.65764,0.24769
2024-04-01 02:00:00,0.6383,0.2338
2024-04-01 03:00:00,0.61509,0.22222
2024-04-01 04:00:00,0.58994,0.21296
2024-04-01 05:00:00,0.56286,0.20602
2024-04-01 06:00:00,0.53385,0.20139
2024-04-01 07:00:00,0.50097,0.19676
2024-04-01 08:00:00,0.47002,0.19907
2024-04-01 09:00:00,0.43714,0.21065
2024-04-01 10:00:00,0.41006,0.23843
2024-04-01 11:00:00,0.38685,0.2662
2024-04-01 12:00:00,0.37331,0.30093
2024-04-01 13:00:00,0.36364,0.34028
2024-04-01 14:00:00,0.3559,0.375
2024-04-01 15:00:00,0.35783,0.41204
2024-04-01 16:00:00,0.36944,0.44907
2024-04-01 17:00:00,0.39265,0.4838
2024-04-01 18:00:00,0.4236,0.5162
2024-04-01 19:00:00,0.45648,0.54167
2024-04-01 20:00:00,0.48549,0.56481
2024-04-01 21:00:00,0.5087,0.58565
2024-04-01 22:00:00,0.52611,0.60417
2024-04-01 23:00:00,0.54932,0.61343
2024-04-02 00:00:00,0.57447,0.61343
2024-04-02 01:00:00,0.60735,0.6088
2024-04-02 02:00:00,0.6383,0.60185
2024-04-02 03:00:00,0.66731,0.58333
2024-04-02 04:00:00,0.69052,0.56713
2024-04-02 05:00:00,0.70986,0.54398
2024-04-02 06:00:00,0.7234,0.52083
2024-04-02 07:00:00,0.73114,0.49769
2024-04-02 08:00:00,0.73888,0.47222
2024-04-02 09:00:00,0.74081,0.45139
2024-04-02 10:00:00,0.74081,0.43287
2024-04-02 11:00:00,0.74275,0.41667
2024-04-02 12:00:00,0.84526,0.51157
2024-04-02 13:00:00,0.84526,0.51157
2024-04-02 14:00:00,0.84526,0.51157
2024-04-02 15:00:00,0.84333,0.51157
2024-04-02 16:00:00,0.84526,0.51157
2024-04-02 17:00:00,0.84526,0.51157
2024-04-02 18:00:00,0.84526,0.50926
2024-04-02 19:00:00,0.8472,0.50463
2024-04-02 20:00:00,0.84913,0.49306
2024-04-02 21:00:00,0.85106,0.47222
2024-04-02 22:00:00,0.8472,0.44444
2024-04-02 23:00:00,0.84333,0.40972
2024-04-03 00:00:00,0.83366,0.36806
2024-04-03 01:00:00,0.82012,0.33102
2024-04-03 02:00:00,0.80464,0.2963
2024-04-03 03:00:00,0.7795,0.25694
2024-04-03 04:00:00,0.75822,0.21065
2024-04-03 05:00:00,0.72147,0.17593
2024-04-03 06:00:00,0.67892,0.14583
2024-04-03 07:00:00,0.63056,0.12963
2024-04-03 08:00:00,0.5764,0.13194
2024-04-03 09:00:00,0.51064,0.15278
2024-04-03 10:00:00,0.44294,0.1875
2024-04-03 11:00:00,0.38491,0.23611
2024-04-03 12:00:00,0.3501,0.29167
2024-04-03 13:00:00,0.33849,0.35648
2024-04-03 14:00:00,0.33075,0.42593
2024-04-03 15:00:00,0.33462,0.49306
2024-04-03 16:00:00,0.34429,0.55324
2024-04-03 17:00:00,0.36364,0.60648
2024-04-03 18:00:00,0.39265,0.65278
2024-04-03 19:00:00,0.4352,0.68519
2024-04-03 20:00:00,0.47582,0.71528
2024-04-03 21:00:00,0.51257,0.71759
2024-04-03 22:00:00,0.55706,0.72222
2024-04-03 23:00:00,0.61122,0.7338
2024-04-04 00:00:00,0.67118,0.72454
2024-04-04 01:00:00,0.72727,0.70602
2024-04-04 02:00:00,0.77756,0.68056
2024-04-04 03:00:00,0.81238,0.65278
2024-04-04 04:00:00,0.83559,0.62037
2024-04-04 05:00:00,0.83366,0.59954
2024-04-04 06:00:00,0.83752,0.57176
2024-04-04 07:00:00,0.83752,0.5463
2024-04-04 08:00:00,0.83366,0.5162
2024-04-04 09:00:00,0.57834,0.24769
2024-04-04 10:00:00,0.57834,0.24769
2024-04-04 11:00:00,0.57834,0.25
2024-04-04 12:00:00,0.57447,0.24306
2024-04-04 13:00:00,0.55126,0.22917
2024-04-04 14:00:00,0.51064,0.21296
2024-04-04 15:00:00,0.46228,0.21065
2024-04-04 16:00:00,0.40812,0.22685
2024-04-04 17:00:00,0.35977,0.25463
2024-04-04 18:00:00,0.30948,0.30093
2024-04-04 19:00:00,0.26886,0.34722
2024-04-04 20:00:00,0.24371,0.38889
2024-04-04 21:00:00,0.23404,0.41204
2024-04-04 22:00:00,0.23791,0.44444
2024-04-04 23:00:00,0.24371,0.48843
2024-04-05 00:00:00,0.25919,0.53009
2024-04-05 01:00:00,0.27853,0.56713
2024-04-05 02:00:00,0.30754,0.60417
2024-04-05 03:00:00,0.34236,0.6412
2024-04-05 04:00:00,0.37718,0.67824
2024-04-05 05:00:00,0.41586,0.70602
2024-04-05 06:00:00,0.45261,0.72685
2024-04-05 07:00:00,0.49323,0.7338
2024-04-05 08:00:00,0.52998,0.72917
2024-04-05 09:00:00,0.56093,0.72917
2024-04-05 10:00:00,0.59188,0.72454
2024-04-05 11:00:00,0.62669,0.71759
2024-04-05 12:00:00,0.66151,0.69907
2024-04-05 13:00:00,0.69826,0.68056
2024-04-05 14:00:00,0.72534,0.66435
2024-04-05 15:00:00,0.74468,0.65972
2024-04-05 16:00:00,0.76015,0.64352
2024-04-05 17:00:00,0.77369,0.62037
2024-04-05 18:00:00,0.79497,0.59028
2024-04-05 19:00:00,0.81431,0.55556
2024-04-05 20:00:00,0.82785,0.50463
2024-04-05 21:00:00,0.83946,0.44676
2024-04-05 22:00:00,0.84913,0.39583
2024-04-05 23:00:00,0.84526,0.34491
2024-04-06 00:00:00,0.83172,0.30093
2024-04-06 01:00:00,0.81044,0.2662
2024-04-06 02:00:00,0.78143,0.23843
2024-04-06 03:00:00,0.74081,0.21065
2024-04-06 04:00:00,0.69826,0.19213
2024-04-06 05:00:00,0.65571,0.18287
2024-04-06 06:00:00,0.52418,0.25231
2024-04-06 07:00:00,0.52418,0.25
2024-04-06 08:00:00,0.52224,0.25
2024-04-06 09:00:00,0.52224,0.24537
2024-04-06 10:00:00,0.52224,0.24306
2024-04-06 11:00:00,0.51838,0.24074
2024-04-06 12:00:00,0.51451,0.23611
2024-04-06 13:00:00,0.50097,0.22454
2024-04-06 14:00:00,0.47776,0.21759
2024-04-06 15:00:00,0.45261,0.2037
2024-04-06 16:00:00,0.42166,0.2037
2024-04-06 17:00:00,0.39072,0.20833
2024-04-06 18:00:00,0.35783,0.21759
2024-04-06 19:00:00,0.32302,0.23148
2024-04-06 20:00:00,0.29014,0.24537
2024-04-06 21:00:00,0.25532,0.27315
2024-04-06 22:00:00,0.22244,0.29861
2024-04-06 23:00:00,0.19149,0.33102
2024-04-07 00:00:00,0.17795,0.35417
2024-04-07 01:00:00,0.17408,0.3588
2024-04-07 02:00:00,0.17021,0.37963
2024-04-07 03:00:00,0.17215,0.38194
2024-04-07 04:00:00,0.17988,0.42593
2024-04-07 05:00:00,0.18569,0.45602
2024-04-07 06:00:00,0.19342,0.44444
2024-04-07 07:00:00,0.19923,0.48148
2024-04-07 08:00:00,0.20309,0.52083
2024-04-07 09:00:00,0.23017,0.56481
2024-04-07 10:00:00,0.24952,0.6088
2024-04-07 11:00:00,0.28433,0.64583
2024-04-07 12:00:00,0.30948,0.68519
2024-04-07 13:00:00,0.34429,0.71991
2024-04-07 14:00:00,0.37911,0.75231
2024-04-07 15:00:00,0.42166,0.77778
2024-04-07 16:00:00,0.46809,0.80093
2024-04-07 17:00:00,0.51257,0.82176
2024-04-07 18:00:00,0.55513,0.83796
2024-04-07 19:00:00,0.59188,0.84954
2024-04-07 20:00:00,0.63056,0.85417
2024-04-07 21:00:00,0.66925,0.84722
2024-04-07 22:00:00,0.70986,0.8287
2024-04-07 23:00:00,0.74662,0.80324
2024-04-08 00:00:00,0.78723,0.77778
2024-04-08 01:00:00,0.82012,0.74537
2024-04-08 02:00:00,0.84333,0.71296
2024-04-08 03:00:00,0.51064,0.26157
2024-04-08 04:00:00,0.5087,0.26157
2024-04-08 05:00:00,0.50484,0.26157
2024-04-08 06:00:00,0.49516,0.25694
2024-04-08 07:00:00,0.47776,0.24074
2024-04-08 08:00:00,0.44294,0.21528
2024-04-08 09:00:00,0.39458,0.20833
2024-04-08 10:00:00,0.34236,0.21528
2024-04-08 11:00:00,0.28433,0.24306
2024-04-08 12:00:00,0.23598,0.28241
2024-04-08 13:00:00,0.20309,0.31713
2024-04-08 14:00:00,0.18375,0.33333
2024-04-08 15:00:00,0.18182,0.35417
2024-04-08 16:00:00,0.18956,0.39583
2024-04-08 17:00:00,0.20696,0.44907
2024-04-08 18:00:00,0.23404,0.50926
2024-04-08 19:00:00,0.26886,0.55787
2024-04-08 20:00:00,0.29981,0.60185
2024-04-08 21:00:00,0.33849,0.63426
2024-04-08 22:00:00,0.38685,0.66435
2024-04-08 23:00:00,0.44294,0.68981
2024-04-09 00:00:00,0.50097,0.70602
2024-04-09 01:00:00,0.55513,0.71759
2024-04-09 02:00:00,0.61702,0.72685
2024-04-09 03:00:00,0.67698,0.7338
2024-04-09 04:00:00,0.73114,0.72917
2024-04-09 05:00:00,0.77756,0.71528
2024-04-09 06:00:00,0.82205,0.6875
2024-04-09 07:00:00,0.8588,0.65046
2024-04-09 08:00:00,0.85687,0.61111
2024-04-09 09:00:00,0.87427,0.56713
2024-04-09 10:00:00,0.87234,0.53935
2024-04-09 11:00:00,0.86847,0.48148
2024-04-09 12:00:00,0.86267,0.42361
2024-04-09 13:00:00,0.853,0.35648
2024-04-09 14:00:00,0.83172,0.30093
2024-04-09 15:00:00,0.80077,0.25694
2024-04-09 16:00:00,0.76789,0.21528
2024-04-09 17:00:00,0.73308,0.19444
2024-04-09 18:00:00,0.67118,0.16898
2024-04-09 19:00:00,0.60155,0.15509
2024-04-09 20:00:00,0.52611,0.15509
2024-04-09 21:00:00,0.45455,0.16435
2024-04-09 22:00:00,0.4294,0.18056
2024-04-09 23:00:00,0.43327,0.18519
2024-04-10 00:00:00,0.44681,0.69907
2024-04-10 01:00:00,0.44681,0.69676
2024-04-10 02:00:00,0.44681,0.69444
2024-04-10 03:00:00,0.44874,0.69444
2024-04-10 04:00:00,0.44874,0.69444
2024-04-10 05:00:00,0.44874,0.69213
2024-04-10 06:00:00,0.45068,0.68981
2024-04-10 07:00:00,0.45261,0.6875
2024-04-10 08:00:00,0.45261,0.67824
2024-04-10 09:00:00,0.45261,0.66898
2024-04-10 10:00:00,0.45068,0.65741
2024-04-10 11:00:00,0.44874,0.63426
2024-04-10 12:00:00,0.44681,0.6088
2024-04-10 13:00:00,0.44294,0.58333
2024-04-10 14:00:00,0.43714,0.55324
2024-04-10 15:00:00,0.42553,0.52546
2024-04-10 16:00:00,0.41006,0.5
2024-04-10 17:00:00,0.38685,0.47685
2024-04-10 18:00:00,0.36364,0.46296
2024-04-10 19:00:00,0.33462,0.4537
2024-04-10 20:00:00,0.30368,0.4537
2024-04-10 21:00:00,0.27273,0.46065
2024-04-10 22:00:00,0.24565,0.47454
2024-04-10 23:00:00,0.21857,0.49537
2024-04-11 00:00:00,0.19536,0.51157
2024-04-11 01:00:00,0.17408,0.52778
2024-04-11 02:00:00,0.15861,0.54398
2024-04-11 03:00:00,0.1528,0.55556
2024-04-11 04:00:00,0.14313,0.59028
2024-04-11 05:00:00,0.1412,0.62963
2024-04-11 06:00:00,0.14507,0.66898
2024-04-11 07:00:00,0.1528,0.70602
2024-04-11 08:00:00,0.17021,0.73843
2024-04-11 09:00:00,0.18762,0.76389
2024-04-11 10:00:00,0.2147,0.77778
2024-04-11 11:00:00,0.24758,0.78704
2024-04-11 12:00:00,0.2766,0.79861
2024-04-11 13:00:00,0.31335,0.80324
2024-04-11 14:00:00,0.34816,0.80324
2024-04-11 15:00:00,0.38104,0.7963
2024-04-11 16:00:00,0.41006,0.78704
2024-04-11 17:00:00,0.4352,0.77315
2024-04-11 18:00:00,0.45841,0.75463
2024-04-11 19:00:00,0.47776,0.7338
2024-04-11 20:00:00,0.48743,0.71528
2024-04-11 21:00:00,0.41779,0.5463
2024-04-11 22:00:00,0.41779,0.54398
2024-04-11 23:00:00,0.41779,0.5463
2024-04-12 00:00:00,0.41779,0.54398
2024-04-12 01:00:00,0.41779,0.54398
2024-04-12 02:00:00,0.41779,0.5463
2024-04-12 03:00:00,0.41779,0.5463
2024-04-12 04:00:00,0.41779,0.54398
2024-04-12 05:00:00,0.41779,0.53935
2024-04-12 06:00:00,0.41586,0.53009
2024-04-12 07:00:00,0.41199,0.52083
2024-04-12 08:00:00,0.40426,0.50926
2024-04-12 09:00:00,0.39265,0.5
2024-04-12 10:00:00,0.37911,0.49074
2024-04-12 11:00:00,0.3617,0.4838
2024-04-12 12:00:00,0.34236,0.47685
2024-04-12 13:00:00,0.31915,0.47454
2024-04-12 14:00:00,0.29787,0.47222
2024-04-12 15:00:00,0.27466,0.47454
2024-04-12 16:00:00,0.25145,0.47685
2024-04-12 17:00:00,0.22824,0.48611
2024-04-12 18:00:00,0.21083,0.50231
2024-04-12 19:00:00,0.19923,0.51852
2024-04-12 20:00:00,0.18956,0.53704
2024-04-12 21:00:00,0.18569,0.55556
2024-04-12 22:00:00,0.17988,0.57407
2024-04-12 23:00:00,0.17795,0.60648
2024-04-13 00:00:00,0.18569,0.6412
2024-04-13 01:00:00,0.20116,0.66667
2024-04-13 02:00:00,0.28046,0.7662
2024-04-13 03:00:00,0.31721,0.77083
2024-04-13 04:00:00,0.35783,0.76852
2024-04-13 05:00:00,0.39845,0.77083
2024-04-13 06:00:00,0.4352,0.7662
2024-04-13 07:00:00,0.47195,0.75231
2024-04-13 08:00:00,0.4971,0.7338
2024-04-13 09:00:00,0.51644,0.71065
2024-04-13 10:00:00,0.52998,0.68056
2024-04-13 11:00:00,0.52611,0.65509
2024-04-13 12:00:00,0.52418,0.63426
2024-04-13 13:00:00,0.52224,0.6088
2024-04-13 14:00:00,0.51644,0.58796
2024-04-13 15:00:00,0.50677,0.57176
2024-04-13 16:00:00,0.49516,0.56019
2024-04-13 17:00:00,0.48356,0.55093
2024-04-13 18:00:00,0.44681,0.69907
2024-04-13 19:00:00,0.44681,0.69676
2024-04-13 20:00:00,0.44681,0.69444
2024-04-13 21:00:00,0.44874,0.69444
2024-04-13 22:00:00,0.44874,0.69444
2024-04-13 23:00:00,0.44874,0.69213
2024-04-14 00:00:00,0.45068,0.68981
2024-04-14 01:00:00,0.45261,0.6875
2024-04-14 02:00:00,0.45261,0.67824
2024-04-14 03:00:00,0.45261,0.66898
2024-04-14 04:00:00,0.45068,0.65741
2024-04-14 05:00:00,0.44874,0.63426
2024-04-14 06:00:00,0.44681,0.6088
2024-04-14 07:00:00,0.44294,0.58333
2024-04-14 08:00:00,0.43714,0.55324
2024-04-14 09:00:00,0.42553,0.52546
2024-04-14 10:00:00,0.41006,0.5
2024-04-14 11:00:00,0.38685,0.47685
2024-04-14 12:00:00,0.36364,0.46296
2024-04-14 13:00:00,0.33462,0.4537
2024-04-14 14:00:00,0.30368,0.4537
2024-04-14 15:00:00,0.27273,0.46065
2024-04-14 16:00:00,0.24565,0.47454
2024-04-14 17:00:00,0.21857,0.49537
2024-04-14 18:00:00,0.19536,0.51157
2024-04-14 19:00:00,0.17408,0.52778
2024-04-14 20:00:00,0.15861,0.54398
2024-04-14 21:00:00,0.1528,0.55556
2024-04-14 22:00:00,0.14313,0.59028
2024-04-14 23:00:00,0.1412,0.62963
2024-04-15 00:00:00,0.14507,0.66898
2024-04-15 01:00:00,0.1528,0.70602
2024-04-15 02:00:00,0.17021,0.73843
2024-04-15 03:00:00,0.18762,0.76389
2024-04-15 04:00:00,0.2147,0.77778
2024-04-15 05:00:00,0.24758,0.78704
2024-04-15 06:00:00,0.2766,0.79861
2024-04-15 07:00:00,0.31335,0.80324
2024-04-15 08:00:00,0.34816,0.80324
2024-04-15 09:00:00,0.38104,0.7963
2024-04-15 10:00:00,0.41006,0.78704
2024-04-15 11:00:00,0.4352,0.77315
2024-04-15 12:00:00,0.45841,0.75463
2024-04-15 13:00:00,0.47776,0.7338
2024-04-15 14:00:00,0.48743,0.71528
2024-04-15 15:00:00,0.36944,0.63426
2024-04-15 16:00:00,0.36944,0.63426
2024-04-15 17:00:00,0.36944,0.63426
2024-04-15 18:00:00,0.36944,0.63194
2024-04-15 19:00:00,0.36944,0.63426
2024-04-15 20:00:00,0.37137,0.63426
2024-04-15 21:00:00,0.36944,0.63426
2024-04-15 22:00:00,0.37137,0.63194
2024-04-15 23:00:00,0.37137,0.62963
2024-04-16 00:00:00,0.37331,0.625
2024-04-16 01:00:00,0.37524,0.61574
2024-04-16 02:00:00,0.37718,0.6088
2024-04-16 03:00:00,0.37524,0.60185
2024-04-16 04:00:00,0.36557,0.56944
2024-04-16 05:00:00,0.3559,0.55093
2024-04-16 06:00:00,0.34429,0.53009
2024-04-16 07:00:00,0.32882,0.51157
2024-04-16 08:00:00,0.30948,0.49306
2024-04-16 09:00:00,0.29014,0.47917
2024-04-16 10:00:00,0.26886,0.46991
2024-04-16 11:00:00,0.24758,0.46759
2024-04-16 12:00:00,0.22437,0.46759
2024-04-16 13:00:00,0.20309,0.46991
2024-04-16 14:00:00,0.18375,0.47685
2024-04-16 15:00:00,0.16248,0.4838
2024-04-16 16:00:00,0.14313,0.49537
2024-04-16 17:00:00,0.13153,0.51157
2024-04-16 18:00:00,0.12766,0.52546
2024-04-16 19:00:00,0.12186,0.55556
2024-04-16 20:00:00,0.11412,0.59028
2024-04-16 21:00:00,0.10832,0.625
2024-04-16 22:00:00,0.094778,0.65972
2024-04-16 23:00:00,0.092843,0.68981
2024-04-17 00:00:00,0.11412,0.72454
2024-04-17 01:00:00,0.12959,0.74537
2024-04-17 02:00:00,0.147,0.76157
2024-04-17 03:00:00,0.1528,0.77083
2024-04-17 04:00:00,0.17215,0.78241
2024-04-17 05:00:00,0.19536,0.79398
2024-04-17 06:00:00,0.21857,0.79861
2024-04-17 07:00:00,0.24371,0.80093
2024-04-17 08:00:00,0.26692,0.7963
2024-04-17 09:00:00,0.294,0.78935
2024-04-17 10:00:00,0.31528,0.78241
2024-04-17 11:00:00,0.33849,0.77083
2024-04-17 12:00:00,0.83559,0.44213
2024-04-17 13:00:00,0.83559,0.44444
2024-04-17 14:00:00,0.83559,0.44213
2024-04-17 15:00:00,0.83752,0.44213
2024-04-17 16:00:00,0.83752,0.44213
2024-04-17 17:00:00,0.83752,0.44213
2024-04-17 18:00:00,0.83752,0.44213
2024-04-17 19:00:00,0.83946,0.44444
2024-04-17 20:00:00,0.83946,0.44213
2024-04-17 21:00:00,0.83752,0.44444
2024-04-17 22:00:00,0.83559,0.44444
2024-04-17 23:00:00,0.83172,0.44444
2024-04-18 00:00:00,0.82592,0.44444
2024-04-18 01:00:00,0.81625,0.44213
2024-04-18 02:00:00,0.80464,0.43981
2024-04-18 03:00:00,0.79304,0.4375
2024-04-18 04:00:00,0.7795,0.43519
2024-04-18 05:00:00,0.76402,0.43287
2024-04-18 06:00:00,0.74662,0.42824
2024-04-18 07:00:00,0.72921,0.42361
2024-04-18 08:00:00,0.70986,0.41898
2024-04-18 09:00:00,0.69052,0.41667
2024-04-18 10:00:00,0.67118,0.41204
2024-04-18 11:00:00,0.65184,0.40972
2024-04-18 12:00:00,0.63056,0.40741
2024-04-18 13:00:00,0.61122,0.40509
2024-04-18 14:00:00,0.59188,0.40278
2024-04-18 15:00:00,0.5706,0.40046
2024-04-18 16:00:00,0.54932,0.39815
2024-04-18 17:00:00,0.52611,0.39583
2024-04-18 18:00:00,0.50484,0.39583
2024-04-18 19:00:00,0.48549,0.39815
2024-04-18 20:00:00,0.46422,0.40046
2024-04-18 21:00:00,0.44487,0.40278
2024-04-18 22:00:00,0.42747,0.40509
2024-04-18 23:00:00,0.41199,0.40741
2024-04-19 00:00:00,0.39652,0.40509
2024-04-19 01:00:00,0.38104,0.40046
2024-04-19 02:00:00,0.3617,0.39583
2024-04-19 03:00:00,0.34429,0.3912
2024-04-19 04:00:00,0.32689,0.38426
2024-04-19 05:00:00,0.30948,0.38426
2024-04-19 06:00:00,0.29207,0.38657
2024-04-19 07:00:00,0.27466,0.38889
2024-04-19 08:00:00,0.25725,0.3912
2024-04-19 09:00:00,0.82979,0.47685
2024-04-19 10:00:00,0.82979,0.47685
2024-04-19 11:00:00,0.82979,0.47685
2024-04-19 12:00:00,0.82785,0.47685
2024-04-19 13:00:00,0.82785,0.47685
2024-04-19 14:00:00,0.82785,0.47685
2024-04-19 15:00:00,0.82785,0.47685
2024-04-19 16:00:00,0.82592,0.47685
2024-04-19 17:00:00,0.82205,0.47454
2024-04-19 18:00:00,0.81431,0.46991
2024-04-19 19:00:00,0.80271,0.46528
2024-04-19 20:00:00,0.78917,0.46065
2024-04-19 21:00:00,0.77369,0.45602
2024-04-19 22:00:00,0.75822,0.45139
2024-04-19 23:00:00,0.74081,0.44676
2024-04-20 00:00:00,0.72147,0.44213
2024-04-20 01:00:00,0.70019,0.4375
2024-04-20 02:00:00,0.67892,0.43056
2024-04-20 03:00:00,0.65377,0.42593
2024-04-20 04:00:00,0.62863,0.42361
2024-04-20 05:00:00,0.60155,0.4213
2024-04-20 06:00:00,0.57834,0.42361
2024-04-20 07:00:00,0.55513,0.42361
2024-04-20 08:00:00,0.53191,0.42361
2024-04-20 09:00:00,0.5087,0.42593
2024-04-20 10:00:00,0.48549,0.42593
2024-04-20 11:00:00,0.46615,0.42824
2024-04-20 12:00:00,0.44487,0.42824
2024-04-20 13:00:00,0.4236,0.42593
2024-04-20 14:00:00,0.40619,0.42824
2024-04-20 15:00:00,0.38298,0.42593
2024-04-20 16:00:00,0.36557,0.42593
2024-04-20 17:00:00,0.34623,0.42361
2024-04-20 18:00:00,0.32689,0.42361
2024-04-20 19:00:00,0.30561,0.4213
2024-04-20 20:00:00,0.2882,0.41898
2024-04-20 21:00:00,0.26886,0.41667
2024-04-20 22:00:00,0.25145,0.40972
2024-04-20 23:00:00,0.23404,0.40972
2024-04-21 00:00:00,0.21857,0.40509
2024-04-21 01:00:00,0.20503,0.39352
2024-04-21 02:00:00,0.18956,0.3912
2024-04-21 03:00:00,0.17988,0.3912
2024-04-21 04:00:00,0.17602,0.3912
2024-04-21 05:00:00,0.17408,0.3912
2024-04-21 06:00:00,0.80077,0.52546
2024-04-21 07:00:00,0.80077,0.52778
2024-04-21 08:00:00,0.80077,0.52778
2024-04-21 09:00:00,0.80077,0.53009
2024-04-21 10:00:00,0.79884,0.53241
2024-04-21 11:00:00,0.79884,0.53241
2024-04-21 12:00:00,0.79691,0.53472
2024-04-21 13:00:00,0.79497,0.53241
2024-04-21 14:00:00,0.79304,0.53241
2024-04-21 15:00:00,0.7911,0.53241
2024-04-21 16:00:00,0.78917,0.53241
2024-04-21 17:00:00,0.78723,0.53472
2024-04-21 18:00:00,0.78143,0.53241
2024-04-21 19:00:00,0.77369,0.53241
2024-04-21 20:00:00,0.76789,0.53241
2024-04-21 21:00:00,0.75435,0.53009
2024-04-21 22:00:00,0.74081,0.53009
2024-04-21 23:00:00,0.72534,0.53241
2024-04-22 00:00:00,0.70793,0.53241
2024-04-22 01:00:00,0.68859,0.52778
2024-04-22 02:00:00,0.66731,0.53009
2024-04-22 03:00:00,0.64797,0.52546
2024-04-22 04:00:00,0.62669,0.52315
2024-04-22 05:00:00,0.60542,0.51852
2024-04-22 06:00:00,0.58221,0.51157
2024-04-22 07:00:00,0.56093,0.50463
2024-04-22 08:00:00,0.54159,0.5
2024-04-22 09:00:00,0.52031,0.49537
2024-04-22 10:00:00,0.49903,0.49306
2024-04-22 11:00:00,0.47969,0.49074
2024-04-22 12:00:00,0.45841,0.49074
2024-04-22 13:00:00,0.43907,0.48843
2024-04-22 14:00:00,0.41973,0.48843
2024-04-22 15:00:00,0.40039,0.49074
2024-04-22 16:00:00,0.38298,0.49306
2024-04-22 17:00:00,0.36557,0.50694
2024-04-22 18:00:00,0.34816,0.50463
2024-04-22 19:00:00,0.32882,0.49537
2024-04-22 20:00:00,0.31141,0.5625
2024-04-22 21:00:00,0.294,0.57407
2024-04-22 22:00:00,0.27853,0.58102
2024-04-22 23:00:00,0.26499,0.56713
2024-04-23 00:00:00,0.25532,0.55324
2024-04-23 01:00:00,0.24565,0.55093
2024-04-23 02:00:00,0.23985,0.55556
2024-04-23 03:00:00,0.79884,0.47685
2024-04-23 04:00:00,0.79884,0.47685
2024-04-23 05:00:00,0.79884,0.47454
2024-04-23 06:00:00,0.79884,0.47222
2024-04-23 07:00:00,0.79884,0.47454
2024-04-23 08:00:00,0.79884,0.47454
2024-04-23 09:00:00,0.79884,0.47685
2024-04-23 10:00:00,0.79884,0.47685
2024-04-23 11:00:00,0.79884,0.47454
2024-04-23 12:00:00,0.79884,0.47454
2024-04-23 13:00:00,0.79691,0.47454
2024-04-23 14:00:00,0.79691,0.47685
2024-04-23 15:00:00,0.79691,0.47685
2024-04-23 16:00:00,0.79884,0.47685
2024-04-23 17:00:00,0.79691,0.47685
2024-04-23 18:00:00,0.79691,0.47454
2024-04-23 19:00:00,0.79884,0.47685
2024-04-23 20:00:00,0.79884,0.47917
2024-04-23 21:00:00,0.79691,0.47917
2024-04-23 22:00:00,0.79691,0.47917
2024-04-23 23:00:00,0.79884,0.47685
2024-04-24 00:00:00,0.79691,0.47685
2024-04-24 01:00:00,0.79691,0.47685
2024-04-24 02:00:00,0.79691,0.47685
2024-04-24 03:00:00,0.79691,0.47917
2024-04-24 04:00:00,0.79691,0.47685
2024-04-24 05:00:00,0.79691,0.47685
2024-04-24 06:00:00,0.79497,0.47685
2024-04-24 07:00:00,0.79497,0.47685
2024-04-24 08:00:00,0.79304,0.47685
2024-04-24 09:00:00,0.79304,0.47685
2024-04-24 10:00:00,0.7911,0.47917
2024-04-24 11:00:00,0.78723,0.47685
2024-04-24 12:00:00,0.7853,0.47685
2024-04-24 13:00:00,0.78143,0.47685
2024-04-24 14:00:00,0.77756,0.47685
2024-04-24 15:00:00,0.77176,0.47454
2024-04-24 16:00:00,0.76209,0.47454
2024-04-24 17:00:00,0.75435,0.47222
2024-04-24 18:00:00,0.74275,0.46759
2024-04-24 19:00:00,0.72727,0.46296
2024-04-24 20:00:00,0.7118,0.45833
2024-04-24 21:00:00,0.69246,0.45602
2024-04-24 22:00:00,0.67311,0.44907
2024-04-24 23:00:00,0.65184,0.44444
2024-04-25 00:00:00,0.77563,0.59954
2024-04-25 01:00:00,0.77563,0.59954
2024-04-25 02:00:00,0.77563,0.60185
2024-04-25 03:00:00,0.77563,0.60185
2024-04-25 04:00:00,0.77563,0.60185
2024-04-25 05:00:00,0.77756,0.60417
2024-04-25 06:00:00,0.77563,0.60417
2024-04-25 07:00:00,0.77563,0.60185
2024-04-25 08:00:00,0.77563,0.60417
2024-04-25 09:00:00,0.77563,0.60185
2024-04-25 10:00:00,0.77563,0.60417
2024-04-25 11:00:00,0.77563,0.60417
2024-04-25 12:00:00,0.77563,0.60185
2024-04-25 13:00:00,0.77369,0.60185
2024-04-25 14:00:00,0.77369,0.60185
2024-04-25 15:00:00,0.77176,0.60185
2024-04-25 16:00:00,0.76789,0.60185
2024-04-25 17:00:00,0.76209,0.60185
2024-04-25 18:00:00,0.75242,0.59954
2024-04-25 19:00:00,0.74275,0.60185
2024-04-25 20:00:00,0.72921,0.59954
2024-04-25 21:00:00,0.71567,0.59954
2024-04-25 22:00:00,0.70406,0.59954
2024-04-25 23:00:00,0.68859,0.60185
2024-04-26 00:00:00,0.67505,0.60185
2024-04-26 01:00:00,0.65957,0.60185
2024-04-26 02:00:00,0.64023,0.59954
2024-04-26 03:00:00,0.62282,0.59722
2024-04-26 04:00:00,0.60155,0.59722
2024-04-26 05:00:00,0.58221,0.59722
2024-04-26 06:00:00,0.5648,0.59722
2024-04-26 07:00:00,0.54545,0.59722
2024-04-26 08:00:00,0.52611,0.59491
2024-04-26 09:00:00,0.5087,0.59491
2024-04-26 10:00:00,0.48936,0.59954
2024-04-26 11:00:00,0.47002,0.59954
2024-04-26 12:00:00,0.45261,0.59954
2024-04-26 13:00:00,0.43714,0.60417
2024-04-26 14:00:00,0.41973,0.61111
2024-04-26 15:00:00,0.40232,0.61111
2024-04-26 16:00:00,0.38298,0.61574
2024-04-26 17:00:00,0.36557,0.61343
2024-04-26 18:00:00,0.3501,0.61343
2024-04-26 19:00:00,0.33656,0.61111
2024-04-26 20:00:00,0.32689,0.60417
2024-04-26 21:00:00,0.80851,0.53241
2024-04-26 22:00:00,0.80658,0.53472
2024-04-26 23:00:00,0.80658,0.53472
2024-04-27 00:00:00,0.80271,0.53241
2024-04-27 01:00:00,0.80077,0.53472
2024-04-27 02:00:00,0.79691,0.53472
2024-04-27 03:00:00,0.79304,0.53472
2024-04-27 04:00:00,0.78917,0.53241
2024-04-27 05:00:00,0.7853,0.53241
2024-04-27 06:00:00,0.77756,0.53009
2024-04-27 07:00:00,0.77369,0.53009
2024-04-27 08:00:00,0.76596,0.53009
2024-04-27 09:00:00,0.75629,0.53009
2024-04-27 10:00:00,0.74662,0.52778
2024-04-27 11:00:00,0.73308,0.52778
2024-04-27 12:00:00,0.72147,0.52546
2024-04-27 13:00:00,0.70793,0.52315
2024-04-27 14:00:00,0.69246,0.52315
2024-04-27 15:00:00,0.67892,0.52315
2024-04-27 16:00:00,0.66344,0.52315
2024-04-27 17:00:00,0.6499,0.52083
2024-04-27 18:00:00,0.63636,0.51852
2024-04-27 19:00:00,0.62089,0.51852
2024-04-27 20:00:00,0.60542,0.51852
2024-04-27 21:00:00,0.58994,0.51852
2024-04-27 22:00:00,0.57447,0.51852
2024-04-27 23:00:00,0.55899,0.51852
2024-04-28 00:00:00,0.54352,0.51852
2024-04-28 01:00:00,0.52805,0.51852
2024-04-28 02:00:00,0.51257,0.52083
2024-04-28 03:00:00,0.4971,0.52315
2024-04-28 04:00:00,0.48162,0.52546
2024-04-28 05:00:00,0.46615,0.52778
2024-04-28 06:00:00,0.44874,0.52546
2024-04-28 07:00:00,0.43133,0.52546
2024-04-28 08:00:00,0.41586,0.52546
2024-04-28 09:00:00,0.39652,0.52315
2024-04-28 10:00:00,0.37911,0.51852
2024-04-28 11:00:00,0.36364,0.5162
2024-04-28 12:00:00,0.34623,0.51157
2024-04-28 13:00:00,0.32882,0.50694
2024-04-28 14:00:00,0.31335,0.50463
2024-04-28 15:00:00,0.294,0.50231
2024-04-28 16:00:00,0.27853,0.49769
2024-04-28 17:00:00,0.26499,0.49537
2024-04-28 18:00:00,0.79304,0.52546
2024-04-28 19:00:00,0.79497,0.52546
2024-04-28 20:00:00,0.79497,0.52546
2024-04-28 21:00:00,0.79497,0.52778
2024-04-28 22:00:00,0.79691,0.52778
2024-04-28 23:00:00,0.79691,0.52778
2024-04-29 00:00:00,0.79884,0.52546
2024-04-29 01:00:00,0.79884,0.52546
2024-04-29 02:00:00,0.79884,0.52778
2024-04-29 03:00:00,0.79884,0.52546
2024-04-29 04:00:00,0.79884,0.52546
2024-04-29 05:00:00,0.79884,0.52546
2024-04-29 06:00:00,0.79884,0.52778
2024-04-29 07:00:00,0.79884,0.52778
2024-04-29 08:00:00,0.79691,0.52778
2024-04-29 09:00:00,0.79691,0.52778
2024-04-29 10:00:00,0.79497,0.52778
2024-04-29 11:00:00,0.79304,0.53009
2024-04-29 12:00:00,0.7911,0.52778
2024-04-29 13:00:00,0.78917,0.53009
2024-04-29 14:00:00,0.78337,0.53009
2024-04-29 15:00:00,0.7795,0.53009
2024-04-29 16:00:00,0.77369,0.53009
2024-04-29 17:00:00,0.76596,0.53009
2024-04-29 18:00:00,0.75629,0.52778
2024-04-29 19:00:00,0.74468,0.52546
2024-04-29 20:00:00,0.73308,0.52315
2024-04-29 21:00:00,0.71954,0.52083
2024-04-29 22:00:00,0.706,0.5162
2024-04-29 23:00:00,0.69052,0.5162
2024-04-30 00:00:00,0.67311,0.51389
2024-04-30 01:00:00,0.65764,0.51389
2024-04-30 02:00:00,0.64023,0.51157
2024-04-30 03:00:00,0.62282,0.51157
2024-04-30 04:00:00,0.60735,0.51157
2024-04-30 05:00:00,0.58994,0.51389
2024-04-30 06:00:00,0.57447,0.5162
2024-04-30 07:00:00,0.55899,0.5162
2024-04-30 08:00:00,0.54159,0.51852
2024-04-30 09:00:00,0.52611,0.52083
2024-04-30 10:00:00,0.50677,0.52315
2024-04-30 11:00:00,0.48936,0.52315
2024-04-30 12:00:00,0.47195,0.52546
2024-04-30 13:00:00,0.45455,0.52778
2024-04-30 14:00:00,0.43714,0.52546
2024-04-30 15:00:00,0.81818,0.50694
2024-04-30 16:00:00,0.81625,0.50694
2024-04-30 17:00:00,0.81238,0.50694
2024-04-30 18:00:00,0.80851,0.50694
2024-04-30 19:00:00,0.80658,0.50694
2024-04-30 20:00:00,0.80077,0.50694
2024-04-30 21:00:00,0.79304,0.50694
2024-04-30 22:00:00,0.7853,0.50694
2024-04-30 23:00:00,0.7795,0.50694
2024-05-01 00:00:00,0.76983,0.50463
2024-05-01 01:00:00,0.76015,0.50231
2024-05-01 02:00:00,0.75048,0.50231
2024-05-01 03:00:00,0.73888,0.50231
2024-05-01 04:00:00,0.72534,0.5
2024-05-01 05:00:00,0.7118,0.5
2024-05-01 06:00:00,0.69439,0.5
2024-05-01 07:00:00,0.67698,0.5
2024-05-01 08:00:00,0.65957,0.5
2024-05-01 09:00:00,0.64217,0.5
2024-05-01 10:00:00,0.62282,0.50231
2024-05-01 11:00:00,0.60348,0.50231
2024-05-01 12:00:00,0.58607,0.50231
2024-05-01 13:00:00,0.56673,0.50231
2024-05-01 14:00:00,0.54932,0.50231
2024-05-01 15:00:00,0.53191,0.50231
2024-05-01 16:00:00,0.51451,0.50231
2024-05-01 17:00:00,0.4971,0.5
2024-05-01 18:00:00,0.47969,0.49769
2024-05-01 19:00:00,0.46422,0.49769
2024-05-01 20:00:00,0.44681,0.49769
2024-05-01 21:00:00,0.43133,0.49769
2024-05-01 22:00:00,0.41586,0.49769
2024-05-01 23:00:00,0.39845,0.49769
2024-05-02 00:00:00,0.38298,0.5
2024-05-02 01:00:00,0.3675,0.49537
2024-05-02 02:00:00,0.35203,0.49306
2024-05-02 03:00:00,0.33849,0.49074
2024-05-02 04:00:00,0.32495,0.48843
2024-05-02 05:00:00,0.30948,0.48611
2024-05-02 06:00:00,0.29787,0.48611
2024-05-02 07:00:00,0.28627,0.4838
2024-05-02 08:00:00,0.2766,0.48148
2024-05-02 09:00:00,0.2766,0.47222
2024-05-02 10:00:00,0.26886,0.46991
2024-05-02 11:00:00,0.25725,0.46759
2024-05-02 12:00:00,0.50677,0.64583
2024-05-02 13:00:00,0.50677,0.6412
2024-05-02 14:00:00,0.50484,0.64815
2024-05-02 15:00:00,0.50677,0.64583
2024-05-02 16:00:00,0.50677,0.64352
2024-05-02 17:00:00,0.50677,0.64583
2024-05-02 18:00:00,0.50677,0.64352
2024-05-02 19:00:00,0.50484,0.64352
2024-05-02 20:00:00,0.5029,0.64583
2024-05-02 21:00:00,0.4971,0.64583
2024-05-02 22:00:00,0.4971,0.6412
2024-05-02 23:00:00,0.4913,0.64583
2024-05-03 00:00:00,0.48356,0.64583
2024-05-03 01:00:00,0.47969,0.64815
2024-05-03 02:00:00,0.47195,0.64352
2024-05-03 03:00:00,0.46035,0.64352
2024-05-03 04:00:00,0.45261,0.6412
2024-05-03 05:00:00,0.43714,0.6412
2024-05-03 06:00:00,0.42553,0.63194
2024-05-03 07:00:00,0.41393,0.62731
2024-05-03 08:00:00,0.40039,0.625
2024-05-03 09:00:00,0.38878,0.62037
2024-05-03 10:00:00,0.37524,0.61574
2024-05-03 11:00:00,0.36364,0.61343
2024-05-03 12:00:00,0.34816,0.61343
2024-05-03 13:00:00,0.33269,0.61111
2024-05-03 14:00:00,0.32108,0.60648
2024-05-03 15:00:00,0.30561,0.60185
2024-05-03 16:00:00,0.29014,0.59722
2024-05-03 17:00:00,0.2766,0.59259
2024-05-03 18:00:00,0.26306,0.59259
2024-05-03 19:00:00,0.24758,0.59028
2024-05-03 20:00:00,0.23404,0.58565
2024-05-03 21:00:00,0.21857,0.58565
2024-05-03 22:00:00,0.20116,0.58565
2024-05-03 23:00:00,0.18762,0.58796
2024-05-04 00:00:00,0.17215,0.59028
2024-05-04 01:00:00,0.15861,0.59028
2024-05-04 02:00:00,0.14507,0.59028
2024-05-04 03:00:00,0.13733,0.58796
2024-05-04 04:00:00,0.12573,0.59028
2024-05-04 05:00:00,0.11412,0.59028
2024-05-04 06:00:00,0.10445,0.59259
2024-05-04 07:00:00,0.094778,0.59028
2024-05-04 08:00:00,0.090909,0.58565
2024-05-04 09:00:00,0.4971,0.74537
2024-05-04 10:00:00,0.49516,0.74537
2024-05-04 11:00:00,0.4971,0.74537
2024-05-04 12:00:00,0.49516,0.74537
2024-05-04 13:00:00,0.49516,0.74769
2024-05-04 14:00:00,0.48936,0.75
2024-05-04 15:00:00,0.48549,0.74769
2024-05-04 16:00:00,0.47776,0.74769
2024-05-04 17:00:00,0.46615,0.74769
2024-05-04 18:00:00,0.45455,0.75
2024-05-04 19:00:00,0.44487,0.74537
2024-05-04 20:00:00,0.4294,0.74306
2024-05-04 21:00:00,0.41779,0.74306
2024-05-04 22:00:00,0.40426,0.73148
2024-05-04 23:00:00,0.38878,0.72917
2024-05-05 00:00:00,0.37718,0.71296
2024-05-05 01:00:00,0.3617,0.71528
2024-05-05 02:00:00,0.34623,0.70833
2024-05-05 03:00:00,0.32689,0.70833
2024-05-05 04:00:00,0.31528,0.70139
2024-05-05 05:00:00,0.29981,0.70139
2024-05-05 06:00:00,0.2882,0.70139
2024-05-05 07:00:00,0.27466,0.70139
2024-05-05 08:00:00,0.26692,0.7037
2024-05-05 09:00:00,0.25338,0.70602
2024-05-05 10:00:00,0.23985,0.70833
2024-05-05 11:00:00,0.21857,0.70833
2024-05-05 12:00:00,0.20309,0.71065
2024-05-05 13:00:00,0.17988,0.71528
2024-05-05 14:00:00,0.17215,0.71759
2024-05-05 15:00:00,0.16441,0.71991
2024-05-05 16:00:00,0.16441,0.72685
2024-05-05 17:00:00,0.16441,0.72222
2024-05-05 18:00:00,0.17021,0.72222
2024-05-05 19:00:00,0.16248,0.72222
2024-05-05 20:00:00,0.16054,0.72222
2024-05-05 21:00:00,0.16828,0.71759
2024-05-05 22:00:00,0.16054,0.71759
2024-05-05 23:00:00,0.16248,0.71528
2024-05-06 00:00:00,0.16634,0.71296
2024-05-06 01:00:00,0.16441,0.71296
2024-05-06 02:00:00,0.16248,0.71296
2024-05-06 03:00:00,0.16248,0.71296
2024-05-06 04:00:00,0.16634,0.71065
2024-05-06 05:00:00,0.17021,0.71065
2024-05-06 06:00:00,0.40426,0.72454
2024-05-06 07:00:00,0.40426,0.72917
2024-05-06 08:00:00,0.40232,0.72454
2024-05-06 09:00:00,0.40426,0.72222
2024-05-06 10:00:00,0.40039,0.72917
2024-05-06 11:00:00,0.40039,0.72685
2024-05-06 12:00:00,0.40039,0.72454
2024-05-06 13:00:00,0.40039,0.71991
2024-05-06 14:00:00,0.39652,0.71759
2024-05-06 15:00:00,0.39265,0.71528
2024-05-06 16:00:00,0.39072,0.71991
2024-05-06 17:00:00,0.38685,0.71759
2024-05-06 18:00:00,0.38298,0.71296
2024-05-06 19:00:00,0.37911,0.71296
2024-05-06 20:00:00,0.37524,0.70833
2024-05-06 21:00:00,0.36944,0.70602
2024-05-06 22:00:00,0.36557,0.70139
2024-05-06 23:00:00,0.35977,0.69907
2024-05-07 00:00:00,0.3501,0.69444
2024-05-07 01:00:00,0.34429,0.69213
2024-05-07 02:00:00,0.33849,0.6875
2024-05-07 03:00:00,0.33075,0.68519
2024-05-07 04:00:00,0.32495,0.68287
2024-05-07 05:00:00,0.31915,0.67593
2024-05-07 06:00:00,0.31335,0.67361
2024-05-07 07:00:00,0.30754,0.66898
2024-05-07 08:00:00,0.30174,0.66435
2024-05-07 09:00:00,0.294,0.66204
2024-05-07 10:00:00,0.29207,0.65972
2024-05-07 11:00:00,0.28627,0.65741
2024-05-07 12:00:00,0.28046,0.65278
2024-05-07 13:00:00,0.27273,0.65278
2024-05-07 14:00:00,0.26499,0.65046
2024-05-07 15:00:00,0.25919,0.65278
2024-05-07 16:00:00,0.24952,0.64815
2024-05-07 17:00:00,0.24371,0.64583
2024-05-07 18:00:00,0.23211,0.63889
2024-05-07 19:00:00,0.22244,0.63889
2024-05-07 20:00:00,0.2089,0.63657
2024-05-07 21:00:00,0.19536,0.63657
2024-05-07 22:00:00,0.18569,0.63426
2024-05-07 23:00:00,0.17602,0.63426
2024-05-08 00:00:00,0.16634,0.63194
2024-05-08 01:00:00,0.15861,0.62963
2024-05-08 02:00:00,0.14894,0.62963
2024-05-08 03:00:00,0.60155,0.71528
2024-05-08 04:00:00,0.60348,0.72222
2024-05-08 05:00:00,0.60348,0.71759
2024-05-08 06:00:00,0.60542,0.71296
2024-05-08 07:00:00,0.60348,0.72454
2024-05-08 08:00:00,0.60155,0.72222
2024-05-08 09:00:00,0.59961,0.71528
2024-05-08 10:00:00,0.59768,0.71759
2024-05-08 11:00:00,0.58607,0.71991
2024-05-08 12:00:00,0.58027,0.71528
2024-05-08 13:00:00,0.5706,0.70833
2024-05-08 14:00:00,0.56093,0.71528
2024-05-08 15:00:00,0.55126,0.71065
2024-05-08 16:00:00,0.54739,0.70833
2024-05-08 17:00:00,0.53385,0.70833
2024-05-08 18:00:00,0.52611,0.70833
2024-05-08 19:00:00,0.52031,0.69907
2024-05-08 20:00:00,0.5087,0.69213
2024-05-08 21:00:00,0.49903,0.69213
2024-05-08 22:00:00,0.4913,0.69444
2024-05-08 23:00:00,0.47969,0.68981
2024-05-09 00:00:00,0.47002,0.6875
2024-05-09 01:00:00,0.46035,0.68287
2024-05-09 02:00:00,0.44681,0.68056
2024-05-09 03:00:00,0.43714,0.67593
2024-05-09 04:00:00,0.42747,0.67361
2024-05-09 05:00:00,0.41586,0.66898
2024-05-09 06:00:00,0.39845,0.66667
2024-05-09 07:00:00,0.38491,0.65972
2024-05-09 08:00:00,0.37331,0.65741
2024-05-09 09:00:00,0.3675,0.65972
2024-05-09 10:00:00,0.35977,0.65972
2024-05-09 11:00:00,0.35203,0.65278
2024-05-09 12:00:00,0.34236,0.64352
2024-05-09 13:00:00,0.33656,0.63889
2024-05-09 14:00:00,0.32689,0.62963
2024-05-09 15:00:00,0.32302,0.625
2024-05-09 16:00:00,0.31528,0.61806
2024-05-09 17:00:00,0.30948,0.61574
2024-05-09 18:00:00,0.29207,0.60648
2024-05-09 19:00:00,0.27466,0.59954
2024-05-09 20:00:00,0.2766,0.60185
2024-05-09 21:00:00,0.27466,0.59954
2024-05-09 22:00:00,0.27273,0.59954
2024-05-09 23:00:00,0.27273,0.59954
2024-05-10 00:00:00,0.74275,0.57176
2024-05-10 01:00:00,0.74275,0.57176
2024-05-10 02:00:00,0.74081,0.57176
2024-05-10 03:00:00,0.74081,0.57176
2024-05-10 04:00:00,0.74081,0.57176
2024-05-10 05:00:00,0.74081,0.57176
2024-05-10 06:00:00,0.74081,0.57176
2024-05-10 07:00:00,0.74081,0.57407
2024-05-10 08:00:00,0.74081,0.57176
2024-05-10 09:00:00,0.74081,0.57176
2024-05-10 10:00:00,0.74081,0.57176
2024-05-10 11:00:00,0.74081,0.57176
2024-05-10 12:00:00,0.73888,0.57176
2024-05-10 13:00:00,0.73888,0.56713
2024-05-10 14:00:00,0.73888,0.56481
2024-05-10 15:00:00,0.73694,0.56019
2024-05-10 16:00:00,0.73694,0.55556
2024-05-10 17:00:00,0.73501,0.54861
2024-05-10 18:00:00,0.73694,0.54167
2024-05-10 19:00:00,0.73694,0.53241
2024-05-10 20:00:00,0.73694,0.52546
2024-05-10 21:00:00,0.73694,0.5162
2024-05-10 22:00:00,0.73694,0.50694
2024-05-10 23:00:00,0.73694,0.49769
2024-05-11 00:00:00,0.73694,0.48611
2024-05-11 01:00:00,0.73694,0.47685
2024-05-11 02:00:00,0.73694,0.46759
2024-05-11 03:00:00,0.73888,0.45602
2024-05-11 04:00:00,0.73888,0.44676
2024-05-11 05:00:00,0.73888,0.43519
2024-05-11 06:00:00,0.73888,0.42361
2024-05-11 07:00:00,0.73888,0.41435
2024-05-11 08:00:00,0.73888,0.40509
2024-05-11 09:00:00,0.74081,0.39352
2024-05-11 10:00:00,0.74081,0.38657
2024-05-11 11:00:00,0.74081,0.375
2024-05-11 12:00:00,0.74275,0.36343
2024-05-11 13:00:00,0.74275,0.35417
2024-05-11 14:00:00,0.74468,0.34491
2024-05-11 15:00:00,0.74468,0.33565
2024-05-11 16:00:00,0.74662,0.32407
2024-05-11 17:00:00,0.74855,0.31481
2024-05-11 18:00:00,0.75242,0.30556
2024-05-11 19:00:00,0.75435,0.2963
2024-05-11 20:00:00,0.75629,0.28704
2024-05-11 21:00:00,0.65377,0.69444
2024-05-11 22:00:00,0.65571,0.69213
2024-05-11 23:00:00,0.65571,0.69213
2024-05-12 00:00:00,0.65957,0.69213
2024-05-12 01:00:00,0.65571,0.69213
2024-05-12 02:00:00,0.65764,0.69213
2024-05-12 03:00:00,0.65764,0.69213
2024-05-12 04:00:00,0.65764,0.69213
2024-05-12 05:00:00,0.65571,0.69213
2024-05-12 06:00:00,0.65571,0.69444
2024-05-12 07:00:00,0.65571,0.69444
2024-05-12 08:00:00,0.65571,0.69213
2024-05-12 09:00:00,0.65571,0.68981
2024-05-12 10:00:00,0.65571,0.6875
2024-05-12 11:00:00,0.65957,0.68056
2024-05-12 12:00:00,0.64797,0.68056
2024-05-12 13:00:00,0.6441,0.67824
2024-05-12 14:00:00,0.64603,0.67361
2024-05-12 15:00:00,0.64217,0.66898
2024-05-12 16:00:00,0.64023,0.66435
2024-05-12 17:00:00,0.64217,0.65741
2024-05-12 18:00:00,0.64217,0.6412
2024-05-12 19:00:00,0.64217,0.625
2024-05-12 20:00:00,0.64023,0.6088
2024-05-12 21:00:00,0.6383,0.58796
2024-05-12 22:00:00,0.63636,0.56944
2024-05-12 23:00:00,0.63443,0.54861
2024-05-13 00:00:00,0.6325,0.52778
2024-05-13 01:00:00,0.63056,0.50231
2024-05-13 02:00:00,0.62863,0.48148
2024-05-13 03:00:00,0.62476,0.45833
2024-05-13 04:00:00,0.62476,0.43519
2024-05-13 05:00:00,0.62476,0.41435
2024-05-13 06:00:00,0.62669,0.39583
2024-05-13 07:00:00,0.62669,0.375
2024-05-13 08:00:00,0.62669,0.35417
2024-05-13 09:00:00,0.62476,0.33102
2024-05-13 10:00:00,0.62476,0.30787
2024-05-13 11:00:00,0.62282,0.28241
2024-05-13 12:00:00,0.62282,0.25926
2024-05-13 13:00:00,0.62476,0.23843
2024-05-13 14:00:00,0.62476,0.21991
2024-05-13 15:00:00,0.62669,0.2037
2024-05-13 16:00:00,0.62863,0.1875
2024-05-13 17:00:00,0.62863,0.16898
2024-05-13 18:00:00,0.65764,0.77778
2024-05-13 19:00:00,0.65957,0.78009
2024-05-13 20:00:00,0.66151,0.77778
2024-05-13 21:00:00,0.66151,0.77778
2024-05-13 22:00:00,0.65957,0.77778
2024-05-13 23:00:00,0.65184,0.77778
2024-05-14 00:00:00,0.65571,0.77315
2024-05-14 01:00:00,0.65957,0.76852
2024-05-14 02:00:00,0.65957,0.76389
2024-05-14 03:00:00,0.65571,0.75926
2024-05-14 04:00:00,0.65377,0.75231
2024-05-14 05:00:00,0.65571,0.74306
2024-05-14 06:00:00,0.65571,0.73843
2024-05-14 07:00:00,0.65571,0.72917
2024-05-14 08:00:00,0.65957,0.72222
2024-05-14 09:00:00,0.66151,0.71528
2024-05-14 10:00:00,0.66151,0.70833
2024-05-14 11:00:00,0.66344,0.69907
2024-05-14 12:00:00,0.66344,0.69213
2024-05-14 13:00:00,0.66731,0.68519
2024-05-14 14:00:00,0.66925,0.67593
2024-05-14 15:00:00,0.66925,0.66667
2024-05-14 16:00:00,0.67118,0.65972
2024-05-14 17:00:00,0.66925,0.65046
2024-05-14 18:00:00,0.66925,0.6412
2024-05-14 19:00:00,0.66731,0.62963
2024-05-14 20:00:00,0.66731,0.62269
2024-05-14 21:00:00,0.66731,0.61574
2024-05-14 22:00:00,0.66731,0.60417
2024-05-14 23:00:00,0.66731,0.59491
2024-05-15 00:00:00,0.66538,0.58333
2024-05-15 01:00:00,0.66538,0.57407
2024-05-15 02:00:00,0.66731,0.56019
2024-05-15 03:00:00,0.66925,0.5463
2024-05-15 04:00:00,0.66925,0.53472
2024-05-15 05:00:00,0.67311,0.51852
2024-05-15 06:00:00,0.67311,0.50231
2024-05-15 07:00:00,0.67505,0.48611
2024-05-15 08:00:00,0.67698,0.46759
2024-05-15 09:00:00,0.67892,0.44907
2024-05-15 10:00:00,0.68085,0.43287
2024-05-15 11:00:00,0.68279,0.41667
2024-05-15 12:00:00,0.68279,0.40046
2024-05-15 13:00:00,0.68279,0.38426
2024-05-15 14:00:00,0.68472,0.37037
2024-05-15 15:00:00,0.66925,0.78009
2024-05-15 16:00:00,0.66925,0.78009
2024-05-15 17:00:00,0.66925,0.78009
2024-05-15 18:00:00,0.67118,0.78009
2024-05-15 19:00:00,0.66925,0.78009
2024-05-15 20:00:00,0.66925,0.78009
2024-05-15 21:00:00,0.66925,0.78009
2024-05-15 22:00:00,0.67118,0.78009
2024-05-15 23:00:00,0.67118,0.77778
2024-05-16 00:00:00,0.67118,0.77778
2024-05-16 01:00:00,0.67311,0.77315
2024-05-16 02:00:00,0.67698,0.7662
2024-05-16 03:00:00,0.68085,0.75694
2024-05-16 04:00:00,0.67311,0.75
2024-05-16 05:00:00,0.66731,0.73843
2024-05-16 06:00:00,0.66151,0.73148
2024-05-16 07:00:00,0.65957,0.71991
2024-05-16 08:00:00,0.65957,0.70833
2024-05-16 09:00:00,0.65957,0.69444
2024-05-16 10:00:00,0.65957,0.68519
2024-05-16 11:00:00,0.65957,0.67593
2024-05-16 12:00:00,0.65764,0.65972
2024-05-16 13:00:00,0.65571,0.65046
2024-05-16 14:00:00,0.65571,0.62731
2024-05-16 15:00:00,0.65764,0.6088
2024-05-16 16:00:00,0.66151,0.59028
2024-05-16 17:00:00,0.66538,0.56713
2024-05-16 18:00:00,0.67118,0.54167
2024-05-16 19:00:00,0.67698,0.52315
2024-05-16 20:00:00,0.67892,0.50463
2024-05-16 21:00:00,0.67892,0.48611
2024-05-16 22:00:00,0.68085,0.46528
2024-05-16 23:00:00,0.68085,0.44444
2024-05-17 00:00:00,0.68279,0.42824
2024-05-17 01:00:00,0.68085,0.40972
2024-05-17 02:00:00,0.67892,0.38657
2024-05-17 03:00:00,0.67892,0.36574
2024-05-17 04:00:00,0.67698,0.34259
2024-05-17 05:00:00,0.67698,0.32176
2024-05-17 06:00:00,0.67505,0.30556
2024-05-17 07:00:00,0.67311,0.28704
2024-05-17 08:00:00,0.66925,0.26389
2024-05-17 09:00:00,0.66731,0.24306
2024-05-17 10:00:00,0.66731,0.22454
2024-05-17 11:00:00,0.66538,0.20602
2024-05-17 12:00:00,0.63636,0.77778
2024-05-17 13:00:00,0.63636,0.77546
2024-05-17 14:00:00,0.63636,0.77778
2024-05-17 15:00:00,0.63636,0.77546
2024-05-17 16:00:00,0.63636,0.77546
2024-05-17 17:00:00,0.63636,0.77546
2024-05-17 18:00:00,0.6383,0.77546
2024-05-17 19:00:00,0.6383,0.77546
2024-05-17 20:00:00,0.6383,0.77083
2024-05-17 21:00:00,0.6441,0.76389
2024-05-17 22:00:00,0.64603,0.75926
2024-05-17 23:00:00,0.6499,0.75
2024-05-18 00:00:00,0.6383,0.74537
2024-05-18 01:00:00,0.62863,0.7338
2024-05-18 02:00:00,0.62863,0.71991
2024-05-18 03:00:00,0.63056,0.71065
2024-05-18 04:00:00,0.6325,0.69444
2024-05-18 05:00:00,0.6383,0.68287
2024-05-18 06:00:00,0.6383,0.66898
2024-05-18 07:00:00,0.64023,0.65509
2024-05-18 08:00:00,0.64217,0.6412
2024-05-18 09:00:00,0.64217,0.625
2024-05-18 10:00:00,0.6441,0.6088
2024-05-18 11:00:00,0.6441,0.59028
2024-05-18 12:00:00,0.64603,0.57407
2024-05-18 13:00:00,0.64797,0.55556
2024-05-18 14:00:00,0.6499,0.53935
2024-05-18 15:00:00,0.65184,0.52315
2024-05-18 16:00:00,0.65377,0.50694
2024-05-18 17:00:00,0.65571,0.48843
2024-05-18 18:00:00,0.65571,0.47685
2024-05-18 19:00:00,0.65571,0.46759
2024-05-18 20:00:00,0.6499,0.45602
2024-05-18 21:00:00,0.64603,0.43981
2024-05-18 22:00:00,0.6441,0.4213
2024-05-18 23:00:00,0.6441,0.40741
2024-05-19 00:00:00,0.64023,0.3912
2024-05-19 01:00:00,0.6383,0.37037
2024-05-19 02:00:00,0.6383,0.35185
2024-05-19 03:00:00,0.63636,0.33102
2024-05-19 04:00:00,0.6383,0.31019
2024-05-19 05:00:00,0.64023,0.28935
2024-05-19 06:00:00,0.64023,0.26852
2024-05-19 07:00:00,0.64217,0.24769
2024-05-19 08:00:00,0.64603,0.22454
2024-05-19 09:00:00,0.58221,0.74769
2024-05-19 10:00:00,0.58414,0.74769
2024-05-19 11:00:00,0.57253,0.75463
2024-05-19 12:00:00,0.57253,0.75231
2024-05-19 13:00:00,0.56867,0.75
2024-05-19 14:00:00,0.56673,0.74769
2024-05-19 15:00:00,0.56673,0.74074
2024-05-19 16:00:00,0.56673,0.73148
2024-05-19 17:00:00,0.56867,0.71528
2024-05-19 18:00:00,0.56673,0.69907
2024-05-19 19:00:00,0.56093,0.6875
2024-05-19 20:00:00,0.55899,0.6713
2024-05-19 21:00:00,0.55513,0.65278
2024-05-19 22:00:00,0.55513,0.63194
2024-05-19 23:00:00,0.54739,0.61111
2024-05-20 00:00:00,0.54159,0.58565
2024-05-20 01:00:00,0.53191,0.56019
2024-05-20 02:00:00,0.52418,0.53472
2024-05-20 03:00:00,0.51644,0.50926
2024-05-20 04:00:00,0.51064,0.4838
2024-05-20 05:00:00,0.50484,0.46065
2024-05-20 06:00:00,0.5029,0.43287
2024-05-20 07:00:00,0.50097,0.40972
2024-05-20 08:00:00,0.49903,0.38657
2024-05-20 09:00:00,0.49903,0.36111
2024-05-20 10:00:00,0.49903,0.33796
2024-05-20 11:00:00,0.49903,0.31481
2024-05-20 12:00:00,0.49903,0.29398
2024-05-20 13:00:00,0.49903,0.27315
2024-05-20 14:00:00,0.49903,0.25463
2024-05-20 15:00:00,0.49903,0.23611
2024-05-20 16:00:00,0.49516,0.21991
2024-05-20 17:00:00,0.49323,0.20139
2024-05-20 18:00:00,0.49323,0.18287
2024-05-20 19:00:00,0.4913,0.16435
2024-05-20 20:00:00,0.48936,0.15046
2024-05-20 21:00:00,0.48549,0.13889
2024-05-20 22:00:00,0.48356,0.12963
2024-05-20 23:00:00,0.48356,0.11806
2024-05-21 00:00:00,0.48356,0.11111
2024-05-21 01:00:00,0.48549,0.10648
2024-05-21 02:00:00,0.48936,0.10417
2024-05-21 03:00:00,0.48936,0.10185
2024-05-21 04:00:00,0.48549,0.094907
2024-05-21 05:00:00,0.48356,0.094907
2024-05-21 06:00:00,0.62282,0.76389
2024-05-21 07:00:00,0.62476,0.76389
2024-05-21 08:00:00,0.62282,0.76389
2024-05-21 09:00:00,0.62476,0.76389
2024-05-21 10:00:00,0.62476,0.76389
2024-05-21 11:00:00,0.62476,0.75926
2024-05-21 12:00:00,0.62282,0.75463
2024-05-21 13:00:00,0.62089,0.74306
2024-05-21 14:00:00,0.61702,0.73148
2024-05-21 15:00:00,0.59768,0.71991
2024-05-21 16:00:00,0.58801,0.71528
2024-05-21 17:00:00,0.58221,0.71296
2024-05-21 18:00:00,0.5706,0.70139
2024-05-21 19:00:00,0.55899,0.67824
2024-05-21 20:00:00,0.54739,0.64352
2024-05-21 21:00:00,0.54352,0.61111
2024-05-21 22:00:00,0.53965,0.58333
2024-05-21 23:00:00,0.53772,0.55324
2024-05-22 00:00:00,0.54159,0.52546
2024-05-22 01:00:00,0.54352,0.5
2024-05-22 02:00:00,0.54739,0.47917
2024-05-22 03:00:00,0.55319,0.4537
2024-05-22 04:00:00,0.55706,0.43056
2024-05-22 05:00:00,0.56093,0.40741
2024-05-22 06:00:00,0.56286,0.38426
2024-05-22 07:00:00,0.5648,0.3588
2024-05-22 08:00:00,0.56867,0.33333
2024-05-22 09:00:00,0.57447,0.30787
2024-05-22 10:00:00,0.57834,0.28241
2024-05-22 11:00:00,0.58221,0.26157
2024-05-22 12:00:00,0.58221,0.24306
2024-05-22 13:00:00,0.58027,0.22454
2024-05-22 14:00:00,0.57834,0.2037
2024-05-22 15:00:00,0.57447,0.1875
2024-05-22 16:00:00,0.57253,0.16667
2024-05-22 17:00:00,0.5706,0.15046
2024-05-22 18:00:00,0.56867,0.13194
2024-05-22 19:00:00,0.56286,0.11574
2024-05-22 20:00:00,0.55899,0.097222
2024-05-22 21:00:00,0.55513,0.085648
2024-05-22 22:00:00,0.55126,0.076389
2024-05-22 23:00:00,0.55126,0.074074
2024-05-23 00:00:00,0.54932,0.076389
2024-05-23 01:00:00,0.54932,0.085648
2024-05-23 02:00:00,0.54545,0.085648
2024-05-23 03:00:00,0.5648,0.75463
2024-05-23 04:00:00,0.5648,0.75231
2024-05-23 05:00:00,0.56673,0.75231
2024-05-23 06:00:00,0.56673,0.75
2024-05-23 07:00:00,0.5648,0.75231
2024-05-23 08:00:00,0.56867,0.74769
2024-05-23 09:00:00,0.56673,0.74769
2024-05-23 10:00:00,0.5648,0.74769
2024-05-23 11:00:00,0.56673,0.74306
2024-05-23 12:00:00,0.56673,0.73843
2024-05-23 13:00:00,0.5648,0.7338
2024-05-23 14:00:00,0.56286,0.72685
2024-05-23 15:00:00,0.55706,0.72685
2024-05-23 16:00:00,0.55513,0.73148
2024-05-23 17:00:00,0.55706,0.72685
2024-05-23 18:00:00,0.55513,0.71759
2024-05-23 19:00:00,0.55126,0.70833
2024-05-23 20:00:00,0.54739,0.70139
2024-05-23 21:00:00,0.54352,0.68981
2024-05-23 22:00:00,0.53772,0.6875
2024-05-23 23:00:00,0.53385,0.67824
2024-05-24 00:00:00,0.52998,0.66435
2024-05-24 01:00:00,0.52805,0.64815
2024-05-24 02:00:00,0.52611,0.62963
2024-05-24 03:00:00,0.52224,0.61343
2024-05-24 04:00:00,0.51838,0.59722
2024-05-24 05:00:00,0.51451,0.58102
2024-05-24 06:00:00,0.51257,0.56713
2024-05-24 07:00:00,0.51064,0.55093
2024-05-24 08:00:00,0.50677,0.53472
2024-05-24 09:00:00,0.5029,0.52315
2024-05-24 10:00:00,0.50097,0.50926
2024-05-24 11:00:00,0.4971,0.49306
2024-05-24 12:00:00,0.4971,0.47454
2024-05-24 13:00:00,0.49323,0.46065
2024-05-24 14:00:00,0.4913,0.44676
2024-05-24 15:00:00,0.48743,0.43287
2024-05-24 16:00:00,0.48549,0.41898
2024-05-24 17:00:00,0.48549,0.40509
2024-05-24 18:00:00,0.48356,0.3912
2024-05-24 19:00:00,0.48162,0.37731
2024-05-24 20:00:00,0.48162,0.36574
2024-05-24 21:00:00,0.47969,0.34954
2024-05-24 22:00:00,0.47969,0.33796
2024-05-24 23:00:00,0.47969,0.32639
2024-05-25 00:00:00,0.52805,0.78935
2024-05-25 01:00:00,0.52805,0.78704
2024-05-25 02:00:00,0.52805,0.78241
2024-05-25 03:00:00,0.52805,0.78241
2024-05-25 04:00:00,0.52611,0.77546
2024-05-25 05:00:00,0.52611,0.76852
2024-05-25 06:00:00,0.52418,0.76157
2024-05-25 07:00:00,0.52611,0.75231
2024-05-25 08:00:00,0.52611,0.75463
2024-05-25 09:00:00,0.52611,0.74769
2024-05-25 10:00:00,0.52611,0.74074
2024-05-25 11:00:00,0.52611,0.73148
2024-05-25 12:00:00,0.52805,0.72222
2024-05-25 13:00:00,0.52805,0.70833
2024-05-25 14:00:00,0.52998,0.69676
2024-05-25 15:00:00,0.53385,0.6875
2024-05-25 16:00:00,0.53385,0.67361
2024-05-25 17:00:00,0.53578,0.66204
2024-05-25 18:00:00,0.53772,0.64583
2024-05-25 19:00:00,0.53772,0.63194
2024-05-25 20:00:00,0.53965,0.61574
2024-05-25 21:00:00,0.53965,0.60185
2024-05-25 22:00:00,0.53965,0.58565
2024-05-25 23:00:00,0.53965,0.57176
2024-05-26 00:00:00,0.53772,0.55787
2024-05-26 01:00:00,0.53772,0.54167
2024-05-26 02:00:00,0.53578,0.52546
2024-05-26 03:00:00,0.53385,0.51157
2024-05-26 04:00:00,0.53191,0.49537
2024-05-26 05:00:00,0.52805,0.4838
2024-05-26 06:00:00,0.52418,0.46991
2024-05-26 07:00:00,0.52224,0.45602
2024-05-26 08:00:00,0.51838,0.44213
2024-05-26 09:00:00,0.51644,0.43056
2024-05-26 10:00:00,0.51451,0.41898
2024-05-26 11:00:00,0.51257,0.40509
2024-05-26 12:00:00,0.5087,0.3912
2024-05-26 13:00:00,0.50677,0.37963
2024-05-26 14:00:00,0.50484,0.36574
2024-05-26 15:00:00,0.50097,0.35185
2024-05-26 16:00:00,0.49903,0.34028
2024-05-26 17:00:00,0.4971,0.32639
2024-05-26 18:00:00,0.49323,0.31481
2024-05-26 19:00:00,0.4913,0.30324
2024-05-26 20:00:00,0.48936,0.28935
2024-05-26 21:00:00,0.60928,0.76157
2024-05-26 22:00:00,0.60928,0.76157
2024-05-26 23:00:00,0.60928,0.76157
2024-05-27 00:00:00,0.60928,0.76157
2024-05-27 01:00:00,0.60928,0.76157
2024-05-27 02:00:00,0.60928,0.76157
2024-05-27 03:00:00,0.60928,0.76157
2024-05-27 04:00:00,0.61122,0.76157
2024-05-27 05:00:00,0.60928,0.76157
2024-05-27 06:00:00,0.60928,0.76157
2024-05-27 07:00:00,0.60928,0.76157
2024-05-27 08:00:00,0.60928,0.76389
2024-05-27 09:00:00,0.60735,0.76389
2024-05-27 10:00:00,0.60735,0.76389
2024-05-27 11:00:00,0.60735,0.76389
2024-05-27 12:00:00,0.60928,0.76389
2024-05-27 13:00:00,0.60735,0.76157
2024-05-27 14:00:00,0.60735,0.75926
2024-05-27 15:00:00,0.60735,0.75694
2024-05-27 16:00:00,0.60542,0.75463
2024-05-27 17:00:00,0.60348,0.75
2024-05-27 18:00:00,0.60155,0.74537
2024-05-27 19:00:00,0.60155,0.74074
2024-05-27 20:00:00,0.59961,0.7338
2024-05-27 21:00:00,0.59768,0.72685
2024-05-27 22:00:00,0.59381,0.71991
2024-05-27 23:00:00,0.59188,0.71296
2024-05-28 00:00:00,0.58607,0.7037
2024-05-28 01:00:00,0.58414,0.69444
2024-05-28 02:00:00,0.58027,0.68287
2024-05-28 03:00:00,0.57834,0.67361
2024-05-28 04:00:00,0.57447,0.66435
2024-05-28 05:00:00,0.57253,0.65278
2024-05-28 06:00:00,0.56867,0.63889
2024-05-28 07:00:00,0.56867,0.62731
2024-05-28 08:00:00,0.5648,0.61343
2024-05-28 09:00:00,0.55513,0.60417
2024-05-28 10:00:00,0.54739,0.59259
2024-05-28 11:00:00,0.53965,0.58102
2024-05-28 12:00:00,0.53191,0.57407
2024-05-28 13:00:00,0.52805,0.56713
2024-05-28 14:00:00,0.52611,0.56481
2024-05-28 15:00:00,0.52418,0.55787
2024-05-28 16:00:00,0.51838,0.55324
2024-05-28 17:00:00,0.51644,0.54861
2024-05-28 18:00:00,0.46035,0.84491
2024-05-28 19:00:00,0.45841,0.84491
2024-05-28 20:00:00,0.46035,0.84259
2024-05-28 21:00:00,0.46228,0.84259
2024-05-28 22:00:00,0.46228,0.84259
2024-05-28 23:00:00,0.46228,0.84259
2024-05-29 00:00:00,0.46228,0.84259
2024-05-29 01:00:00,0.46035,0.84259
2024-05-29 02:00:00,0.46228,0.84259
2024-05-29 03:00:00,0.46228,0.84028
2024-05-29 04:00:00,0.46228,0.84028
2024-05-29 05:00:00,0.46228,0.84028
2024-05-29 06:00:00,0.46035,0.84028
2024-05-29 07:00:00,0.46228,0.84028
2024-05-29 08:00:00,0.46228,0.84028
2024-05-29 09:00:00,0.46035,0.84028
2024-05-29 10:00:00,0.46035,0.84028
2024-05-29 11:00:00,0.46035,0.84028
2024-05-29 12:00:00,0.46228,0.84028
2024-05-29 13:00:00,0.46228,0.84028
2024-05-29 14:00:00,0.46228,0.84028
2024-05-29 15:00:00,0.46035,0.84028
2024-05-29 16:00:00,0.46035,0.83796
2024-05-29 17:00:00,0.45841,0.83565
2024-05-29 18:00:00,0.45455,0.83102
2024-05-29 19:00:00,0.45261,0.82407
2024-05-29 20:00:00,0.45261,0.81713
2024-05-29 21:00:00,0.44874,0.80556
2024-05-29 22:00:00,0.44487,0.79398
2024-05-29 23:00:00,0.43907,0.78241
2024-05-30 00:00:00,0.4352,0.7662
2024-05-30 01:00:00,0.43327,0.75
2024-05-30 02:00:00,0.4294,0.73611
2024-05-30 03:00:00,0.42747,0.71759
2024-05-30 04:00:00,0.42553,0.70139
2024-05-30 05:00:00,0.42166,0.68287
2024-05-30 06:00:00,0.40619,0.6713
2024-05-30 07:00:00,0.38878,0.65972
2024-05-30 08:00:00,0.37911,0.65046
2024-05-30 09:00:00,0.37718,0.63657
2024-05-30 10:00:00,0.37524,0.62269
2024-05-30 11:00:00,0.36944,0.61574
2024-05-30 12:00:00,0.36557,0.60648
2024-05-30 13:00:00,0.3617,0.59954
2024-05-30 14:00:00,0.35783,0.58796
2024-05-30 15:00:00,0.47389,0.83333
2024-05-30 16:00:00,0.47389,0.83565
2024-05-30 17:00:00,0.47195,0.83333
2024-05-30 18:00:00,0.47195,0.83333
2024-05-30 19:00:00,0.47389,0.83333
2024-05-30 20:00:00,0.47582,0.83333
2024-05-30 21:00:00,0.47582,0.83333
2024-05-30 22:00:00,0.47582,0.83333
2024-05-30 23:00:00,0.47582,0.83333
2024-05-31 00:00:00,0.47389,0.8287
2024-05-31 01:00:00,0.47389,0.82176
2024-05-31 02:00:00,0.47389,0.81019
2024-05-31 03:00:00,0.47002,0.79398
2024-05-31 04:00:00,0.45841,0.77315
2024-05-31 05:00:00,0.44487,0.74769
2024-05-31 06:00:00,0.43714,0.71991
2024-05-31 07:00:00,0.4236,0.69907
2024-05-31 08:00:00,0.41006,0.67824
2024-05-31 09:00:00,0.39845,0.65741
2024-05-31 10:00:00,0.38878,0.63657
2024-05-31 11:00:00,0.37911,0.62731
2024-05-31 12:00:00,0.36944,0.60648
2024-05-31 13:00:00,0.36364,0.58796
2024-05-31 14:00:00,0.35977,0.55787
2024-05-31 15:00:00,0.3559,0.52546
2024-05-31 16:00:00,0.3501,0.49074
2024-05-31 17:00:00,0.34429,0.45833
2024-05-31 18:00:00,0.33656,0.42593
2024-05-31 19:00:00,0.32882,0.39583
2024-05-31 20:00:00,0.32302,0.36806
2024-05-31 21:00:00,0.31915,0.34722
2024-05-31 22:00:00,0.31335,0.31944
2024-05-31 23:00:00,0.30948,0.29861
2024-06-01 00:00:00,0.30368,0.28241
2024-06-01 01:00:00,0.29787,0.27315
2024-06-01 02:00:00,0.29014,0.2662
2024-06-01 03:00:00,0.28433,0.26852
2024-06-01 04:00:00,0.28046,0.27546
2024-06-01 05:00:00,0.27853,0.27546
2024-06-01 06:00:00,0.27853,0.28009
2024-06-01 07:00:00,0.27853,0.27778
2024-06-01 08:00:00,0.28046,0.28009
2024-06-01 09:00:00,0.2824,0.27778
2024-06-01 10:00:00,0.28433,0.27546
2024-06-01 11:00:00,0.27853,0.28704
2024-06-01 12:00:00,0.55126,0.49074
2024-06-01 13:00:00,0.55126,0.49074
2024-06-01 14:00:00,0.55126,0.49306
2024-06-01 15:00:00,0.55126,0.49306
2024-06-01 16:00:00,0.54932,0.49537
2024-06-01 17:00:00,0.54932,0.49537
2024-06-01 18:00:00,0.55126,0.49537
2024-06-01 19:00:00,0.54932,0.49537
2024-06-01 20:00:00,0.55126,0.49537
2024-06-01 21:00:00,0.55319,0.49769
2024-06-01 22:00:00,0.55513,0.49537
2024-06-01 23:00:00,0.55513,0.49306
2024-06-02 00:00:00,0.55126,0.49306
2024-06-02 01:00:00,0.55126,0.49074
2024-06-02 02:00:00,0.55126,0.5
2024-06-02 03:00:00,0.55513,0.50231
2024-06-02 04:00:00,0.56093,0.50694
2024-06-02 05:00:00,0.56286,0.49537
2024-06-02 06:00:00,0.55513,0.49306
2024-06-02 07:00:00,0.54739,0.49769
2024-06-02 08:00:00,0.54739,0.49769
2024-06-02 09:00:00,0.55126,0.5
2024-06-02 10:00:00,0.55513,0.48843
2024-06-02 11:00:00,0.54932,0.48148
2024-06-02 12:00:00,0.54159,0.48148
2024-06-02 13:00:00,0.53772,0.48843
2024-06-02 14:00:00,0.53578,0.49306
2024-06-02 15:00:00,0.53578,0.49537
2024-06-02 16:00:00,0.53578,0.48843
2024-06-02 17:00:00,0.52998,0.46296
2024-06-02 18:00:00,0.51644,0.47685
2024-06-02 19:00:00,0.51257,0.47685
2024-06-02 20:00:00,0.51064,0.48611
2024-06-02 21:00:00,0.51451,0.48843
2024-06-02 22:00:00,0.51644,0.46759
2024-06-02 23:00:00,0.5029,0.48611
2024-06-03 00:00:00,0.49903,0.48611
2024-06-03 01:00:00,0.50677,0.47917
2024-06-03 02:00:00,0.5087,0.4838
2024-06-03 03:00:00,0.51257,0.4838
2024-06-03 04:00:00,0.51644,0.46065
2024-06-03 05:00:00,0.51257,0.45833
2024-06-03 06:00:00,0.49903,0.48611
2024-06-03 07:00:00,0.50484,0.47222
2024-06-03 08:00:00,0.5087,0.4838
2024-06-03 09:00:00,0.67892,0.5
2024-06-03 10:00:00,0.67505,0.5
2024-06-03 11:00:00,0.67311,0.5
2024-06-03 12:00:00,0.66925,0.50231
2024-06-03 13:00:00,0.66925,0.50463
2024-06-03 14:00:00,0.66538,0.50463
2024-06-03 15:00:00,0.66731,0.50231
2024-06-03 16:00:00,0.66344,0.48148
2024-06-03 17:00:00,0.66344,0.4838
2024-06-03 18:00:00,0.66925,0.50231
2024-06-03 19:00:00,0.67118,0.50231
2024-06-03 20:00:00,0.66925,0.47917
2024-06-03 21:00:00,0.66925,0.47917
2024-06-03 22:00:00,0.67311,0.50463
2024-06-03 23:00:00,0.67118,0.49074
2024-06-04 00:00:00,0.66731,0.46991
2024-06-04 01:00:00,0.66538,0.47685
2024-06-04 02:00:00,0.67311,0.50231
2024-06-04 03:00:00,0.67311,0.48148
2024-06-04 04:00:00,0.68085,0.46991
2024-06-04 05:00:00,0.67698,0.47685
2024-06-04 06:00:00,0.68085,0.50231
2024-06-04 07:00:00,0.67698,0.48843
2024-06-04 08:00:00,0.66925,0.47222
2024-06-04 09:00:00,0.66538,0.47917
2024-06-04 10:00:00,0.66538,0.5
2024-06-04 11:00:00,0.66344,0.49306
2024-06-04 12:00:00,0.65764,0.47454
2024-06-04 13:00:00,0.65764,0.47454
2024-06-04 14:00:00,0.66731,0.5
2024-06-04 15:00:00,0.66731,0.50231
2024-06-04 16:00:00,0.66538,0.47917
2024-06-04 17:00:00,0.67505,0.47454
2024-06-04 18:00:00,0.67311,0.47917
2024-06-04 19:00:00,0.67505,0.5
2024-06-04 20:00:00,0.67118,0.47685
2024-06-04 21:00:00,0.67118,0.47222
2024-06-04 22:00:00,0.67505,0.48148
2024-06-04 23:00:00,0.67892,0.50231
2024-06-05 00:00:00,0.67505,0.4838
2024-06-05 01:00:00,0.67311,0.47222
2024-06-05 02:00:00,0.67118,0.47454
2024-06-05 03:00:00,0.67698,0.49537
2024-06-05 04:00:00,0.67505,0.49074
2024-06-05 05:00:00,0.66925,0.47222
2024-06-05 06:00:00,0.65571,0.51157
2024-06-05 07:00:00,0.65571,0.51389
2024-06-05 08:00:00,0.65571,0.51157
2024-06-05 09:00:00,0.65571,0.51389
2024-06-05 10:00:00,0.65571,0.51157
2024-06-05 11:00:00,0.65571,0.51389
2024-06-05 12:00:00,0.65571,0.51157
2024-06-05 13:00:00,0.65571,0.51389
2024-06-05 14:00:00,0.65571,0.51389
2024-06-05 15:00:00,0.65571,0.51157
2024-06-05 16:00:00,0.65571,0.51389
2024-06-05 17:00:00,0.65571,0.51389
2024-06-05 18:00:00,0.65571,0.51157
2024-06-05 19:00:00,0.65571,0.50694
2024-06-05 20:00:00,0.65571,0.50694
2024-06-05 21:00:00,0.65571,0.50231
2024-06-05 22:00:00,0.65377,0.4838
2024-06-05 23:00:00,0.6499,0.47917
2024-06-06 00:00:00,0.65377,0.49074
2024-06-06 01:00:00,0.65571,0.50231
2024-06-06 02:00:00,0.65764,0.50463
2024-06-06 03:00:00,0.65571,0.48611
2024-06-06 04:00:00,0.65377,0.48611
2024-06-06 05:00:00,0.65571,0.50231
2024-06-06 06:00:00,0.65184,0.5
2024-06-06 07:00:00,0.64603,0.47685
2024-06-06 08:00:00,0.64217,0.46759
2024-06-06 09:00:00,0.64603,0.48611
2024-06-06 10:00:00,0.6499,0.49537
2024-06-06 11:00:00,0.6499,0.48148
2024-06-06 12:00:00,0.64603,0.46528
2024-06-06 13:00:00,0.64603,0.46528
2024-06-06 14:00:00,0.65377,0.49074
2024-06-06 15:00:00,0.65571,0.49306
2024-06-06 16:00:00,0.6499,0.46991
2024-06-06 17:00:00,0.64603,0.46296
2024-06-06 18:00:00,0.6499,0.47454
2024-06-06 19:00:00,0.65377,0.49074
2024-06-06 20:00:00,0.64797,0.48148
2024-06-06 21:00:00,0.6441,0.46065
2024-06-06 22:00:00,0.64603,0.46296
2024-06-06 23:00:00,0.65377,0.48843
2024-06-07 00:00:00,0.65571,0.49074
2024-06-07 01:00:00,0.6499,0.46296
2024-06-07 02:00:00,0.65377,0.45833
2024-06-07 03:00:00,0.66538,0.53935
2024-06-07 04:00:00,0.66344,0.53704
2024-06-07 05:00:00,0.66538,0.53704
2024-06-07 06:00:00,0.66538,0.53704
2024-06-07 07:00:00,0.66538,0.53704
2024-06-07 08:00:00,0.66538,0.53704
2024-06-07 09:00:00,0.66538,0.53704
2024-06-07 10:00:00,0.66538,0.53704
2024-06-07 11:00:00,0.66344,0.53472
2024-06-07 12:00:00,0.6499,0.50694
2024-06-07 13:00:00,0.6441,0.50926
2024-06-07 14:00:00,0.6383,0.52315
2024-06-07 15:00:00,0.6325,0.52546
2024-06-07 16:00:00,0.62282,0.49537
2024-06-07 17:00:00,0.62669,0.48843
2024-06-07 18:00:00,0.62669,0.49306
2024-06-07 19:00:00,0.63443,0.52315
2024-06-07 20:00:00,0.63443,0.51852
2024-06-07 21:00:00,0.63443,0.48611
2024-06-07 22:00:00,0.64217,0.4838
2024-06-07 23:00:00,0.64217,0.50463
2024-06-08 00:00:00,0.64797,0.51157
2024-06-08 01:00:00,0.64023,0.4838
2024-06-08 02:00:00,0.6499,0.47685
2024-06-08 03:00:00,0.64603,0.48148
2024-06-08 04:00:00,0.65571,0.50926
2024-06-08 05:00:00,0.65184,0.49537
2024-06-08 06:00:00,0.65377,0.47454
2024-06-08 07:00:00,0.65377,0.47685
2024-06-08 08:00:00,0.65957,0.50694
2024-06-08 09:00:00,0.65957,0.51157
2024-06-08 10:00:00,0.64797,0.48148
2024-06-08 11:00:00,0.65377,0.47454
2024-06-08 12:00:00,0.6499,0.47454
2024-06-08 13:00:00,0.65764,0.50463
2024-06-08 14:00:00,0.65764,0.5
2024-06-08 15:00:00,0.6499,0.46991
2024-06-08 16:00:00,0.65764,0.46991
2024-06-08 17:00:00,0.65764,0.47685
2024-06-08 18:00:00,0.66925,0.50231
2024-06-08 19:00:00,0.67311,0.50231
2024-06-08 20:00:00,0.66925,0.47454
2024-06-08 21:00:00,0.66925,0.46991
2024-06-08 22:00:00,0.66151,0.46991
2024-06-08 23:00:00,0.65957,0.46528
2024-06-09 00:00:00,0.49516,0.50694
2024-06-09 01:00:00,0.4971,0.50463
2024-06-09 02:00:00,0.4971,0.50231
2024-06-09 03:00:00,0.49516,0.50463
2024-06-09 04:00:00,0.5029,0.48843
2024-06-09 05:00:00,0.50484,0.4838
2024-06-09 06:00:00,0.48549,0.49769
2024-06-09 07:00:00,0.47582,0.45602
2024-06-09 08:00:00,0.4913,0.48148
2024-06-09 09:00:00,0.47195,0.49074
2024-06-09 10:00:00,0.45455,0.44213
2024-06-09 11:00:00,0.46809,0.46759
2024-06-09 12:00:00,0.45068,0.46296
2024-06-09 13:00:00,0.43133,0.43981
2024-06-09 14:00:00,0.43714,0.44213
2024-06-09 15:00:00,0.42166,0.44676
2024-06-09 16:00:00,0.40812,0.40278
2024-06-09 17:00:00,0.41973,0.44444
2024-06-09 18:00:00,0.40812,0.44444
2024-06-09 19:00:00,0.40232,0.4213
2024-06-09 20:00:00,0.40232,0.42824
2024-06-09 21:00:00,0.40039,0.42361
2024-06-09 22:00:00,0.37911,0.43519
2024-06-09 23:00:00,0.37718,0.43287
2024-06-10 00:00:00,0.39265,0.41667
2024-06-10 01:00:00,0.37137,0.43056
2024-06-10 02:00:00,0.37137,0.39352
2024-06-10 03:00:00,0.37718,0.41667
2024-06-10 04:00:00,0.36944,0.42361
2024-06-10 05:00:00,0.36557,0.39815
2024-06-10 06:00:00,0.35977,0.43287
2024-06-10 07:00:00,0.37718,0.41898
2024-06-10 08:00:00,0.3675,0.42824
2024-06-10 09:00:00,0.36944,0.37963
2024-06-10 10:00:00,0.37718,0.4213
2024-06-10 11:00:00,0.36944,0.42361
2024-06-10 12:00:00,0.3617,0.44213
2024-06-10 13:00:00,0.3617,0.43056
2024-06-10 14:00:00,0.36557,0.43056
2024-06-10 15:00:00,0.3559,0.42593
2024-06-10 16:00:00,0.35203,0.43981
2024-06-10 17:00:00,0.35203,0.43981
2024-06-10 18:00:00,0.34816,0.38889
2024-06-10 19:00:00,0.34816,0.4375
2024-06-10 20:00:00,0.35203,0.43519
2024-06-10 21:00:00,0.47776,0.4537
2024-06-10 22:00:00,0.47582,0.45602
2024-06-10 23:00:00,0.47776,0.4537
2024-06-11 00:00:00,0.47776,0.45139
2024-06-11 01:00:00,0.47582,0.4537
2024-06-11 02:00:00,0.47776,0.45139
2024-06-11 03:00:00,0.47776,0.4537
2024-06-11 04:00:00,0.47776,0.45139
2024-06-11 05:00:00,0.47969,0.44444
2024-06-11 06:00:00,0.47969,0.43981
2024-06-11 07:00:00,0.48162,0.4375
2024-06-11 08:00:00,0.48162,0.4375
2024-06-11 09:00:00,0.47582,0.43981
2024-06-11 10:00:00,0.47002,0.45602
2024-06-11 11:00:00,0.47195,0.41667
2024-06-11 12:00:00,0.47582,0.44444
2024-06-11 13:00:00,0.47195,0.46065
2024-06-11 14:00:00,0.47776,0.44676
2024-06-11 15:00:00,0.47776,0.44444
2024-06-11 16:00:00,0.47582,0.44676
2024-06-11 17:00:00,0.47195,0.45602
2024-06-11 18:00:00,0.45841,0.40046
2024-06-11 19:00:00,0.46615,0.46296
2024-06-11 20:00:00,0.47969,0.44444
2024-06-11 21:00:00,0.48356,0.44444
2024-06-11 22:00:00,0.47969,0.44213
2024-06-11 23:00:00,0.47195,0.4375
2024-06-12 00:00:00,0.46228,0.45139
2024-06-12 01:00:00,0.45648,0.41204
2024-06-12 02:00:00,0.45261,0.43981
2024-06-12 03:00:00,0.46035,0.43287
2024-06-12 04:00:00,0.46422,0.43287
2024-06-12 05:00:00,0.45841,0.43519
2024-06-12 06:00:00,0.45261,0.4375
2024-06-12 07:00:00,0.44874,0.4375
2024-06-12 08:00:00,0.44874,0.44907
2024-06-12 09:00:00,0.45841,0.4375
2024-06-12 10:00:00,0.46228,0.4375
2024-06-12 11:00:00,0.45841,0.4375
2024-06-12 12:00:00,0.45261,0.4375
2024-06-12 13:00:00,0.44681,0.44676
2024-06-12 14:00:00,0.43907,0.40046
2024-06-12 15:00:00,0.44101,0.40741
2024-06-12 16:00:00,0.44681,0.46296
2024-06-12 17:00:00,0.45648,0.44676
2024-06-12 18:00:00,0.51451,0.52546
2024-06-12 19:00:00,0.51451,0.52546
2024-06-12 20:00:00,0.51257,0.52778
2024-06-12 21:00:00,0.52031,0.51157
2024-06-12 22:00:00,0.52418,0.50694
2024-06-12 23:00:00,0.52418,0.50926
2024-06-13 00:00:00,0.52224,0.50694
2024-06-13 01:00:00,0.51644,0.5
2024-06-13 02:00:00,0.50484,0.50694
2024-06-13 03:00:00,0.49323,0.46296
2024-06-13 04:00:00,0.49323,0.49537
2024-06-13 05:00:00,0.4971,0.49537
2024-06-13 06:00:00,0.50097,0.49306
2024-06-13 07:00:00,0.50097,0.49306
2024-06-13 08:00:00,0.49516,0.5
2024-06-13 09:00:00,0.48549,0.45602
2024-06-13 10:00:00,0.4913,0.50463
2024-06-13 11:00:00,0.50484,0.49537
2024-06-13 12:00:00,0.51064,0.49769
2024-06-13 13:00:00,0.51064,0.49537
2024-06-13 14:00:00,0.50484,0.49074
2024-06-13 15:00:00,0.49323,0.49537
2024-06-13 16:00:00,0.48162,0.44676
2024-06-13 17:00:00,0.48356,0.46528
2024-06-13 18:00:00,0.48743,0.49537
2024-06-13 19:00:00,0.4913,0.48843
2024-06-13 20:00:00,0.4913,0.48843
2024-06-13 21:00:00,0.48356,0.48611
2024-06-13 22:00:00,0.47389,0.48148
2024-06-13 23:00:00,0.47002,0.49074
2024-06-14 00:00:00,0.46228,0.46759
2024-06-14 01:00:00,0.46228,0.49769
2024-06-14 02:00:00,0.46615,0.48611
2024-06-14 03:00:00,0.47002,0.48611
2024-06-14 04:00:00,0.46422,0.4838
2024-06-14 05:00:00,0.46035,0.47917
2024-06-14 06:00:00,0.46035,0.4838
2024-06-14 07:00:00,0.45648,0.46296
2024-06-14 08:00:00,0.45648,0.47917
2024-06-14 09:00:00,0.46422,0.4838
2024-06-14 10:00:00,0.46809,0.48611
2024-06-14 11:00:00,0.46809,0.4838
2024-06-14 12:00:00,0.46228,0.47917
2024-06-14 13:00:00,0.45841,0.4838
2024-06-14 14:00:00,0.44681,0.44676
2024-06-14 15:00:00,0.5706,0.51852
2024-06-14 16:00:00,0.56867,0.51852
2024-06-14 17:00:00,0.56867,0.52083
2024-06-14 18:00:00,0.56093,0.52546
2024-06-14 19:00:00,0.55126,0.47685
2024-06-14 20:00:00,0.55126,0.47685
2024-06-14 21:00:00,0.55899,0.52315
2024-06-14 22:00:00,0.5706,0.51852
2024-06-14 23:00:00,0.57253,0.51389
2024-06-15 00:00:00,0.56673,0.51157
2024-06-15 01:00:00,0.55899,0.50926
2024-06-15 02:00:00,0.54352,0.51157
2024-06-15 03:00:00,0.53385,0.46759
2024-06-15 04:00:00,0.54352,0.51852
2024-06-15 05:00:00,0.55126,0.50231
2024-06-15 06:00:00,0.54932,0.49769
2024-06-15 07:00:00,0.54352,0.49306
2024-06-15 08:00:00,0.53385,0.49769
2024-06-15 09:00:00,0.51838,0.46065
2024-06-15 10:00:00,0.52224,0.4537
2024-06-15 11:00:00,0.52418,0.46991
2024-06-15 12:00:00,0.53578,0.51389
2024-06-15 13:00:00,0.54739,0.5
2024-06-15 14:00:00,0.54932,0.5
2024-06-15 15:00:00,0.54739,0.49769
2024-06-15 16:00:00,0.54352,0.5
2024-06-15 17:00:00,0.53191,0.51389
2024-06-15 18:00:00,0.53385,0.5162
2024-06-15 19:00:00,0.53965,0.50694
2024-06-15 20:00:00,0.54545,0.50231
2024-06-15 21:00:00,0.54352,0.50231
2024-06-15 22:00:00,0.53772,0.5
2024-06-15 23:00:00,0.52224,0.50926
2024-06-16 00:00:00,0.51644,0.45602
2024-06-16 01:00:00,0.51451,0.46065
2024-06-16 02:00:00,0.52224,0.51389
2024-06-16 03:00:00,0.52611,0.5
2024-06-16 04:00:00,0.52224,0.49769
2024-06-16 05:00:00,0.51257,0.49537
2024-06-16 06:00:00,0.50484,0.49074
2024-06-16 07:00:00,0.49903,0.49537
2024-06-16 08:00:00,0.49323,0.49769
2024-06-16 09:00:00,0.48549,0.46065
2024-06-16 10:00:00,0.4913,0.51389
2024-06-16 11:00:00,0.50097,0.49537
2024-06-16 12:00:00,0.39845,0.63426
2024-06-16 13:00:00,0.39845,0.63426
2024-06-16 14:00:00,0.40039,0.63426
2024-06-16 15:00:00,0.40039,0.63426
2024-06-16 16:00:00,0.40039,0.63426
2024-06-16 17:00:00,0.40039,0.63194
2024-06-16 18:00:00,0.40232,0.63194
2024-06-16 19:00:00,0.40039,0.63194
2024-06-16 20:00:00,0.40039,0.63194
2024-06-16 21:00:00,0.40232,0.63194
2024-06-16 22:00:00,0.40232,0.63194
2024-06-16 23:00:00,0.40232,0.63194
2024-06-17 00:00:00,0.40426,0.63194
2024-06-17 01:00:00,0.40232,0.62963
2024-06-17 02:00:00,0.40232,0.62963
2024-06-17 03:00:00,0.40232,0.63194
2024-06-17 04:00:00,0.40232,0.62963
2024-06-17 05:00:00,0.40232,0.62963
2024-06-17 06:00:00,0.39072,0.64815
2024-06-17 07:00:00,0.38878,0.65972
2024-06-17 08:00:00,0.38878,0.65972
2024-06-17 09:00:00,0.39072,0.64583
2024-06-17 10:00:00,0.40039,0.62731
2024-06-17 11:00:00,0.39652,0.62963
2024-06-17 12:00:00,0.38491,0.63194
2024-06-17 13:00:00,0.37911,0.62963
2024-06-17 14:00:00,0.37911,0.62269
2024-06-17 15:00:00,0.38298,0.61574
2024-06-17 16:00:00,0.37718,0.61343
2024-06-17 17:00:00,0.37911,0.61574
2024-06-17 18:00:00,0.38298,0.62037
2024-06-17 19:00:00,0.37137,0.62963
2024-06-17 20:00:00,0.36364,0.63426
2024-06-17 21:00:00,0.3559,0.62963
2024-06-17 22:00:00,0.3617,0.61574
2024-06-17 23:00:00,0.34623,0.6088
2024-06-18 00:00:00,0.34429,0.61111
2024-06-18 01:00:00,0.3559,0.61574
2024-06-18 02:00:00,0.34623,0.62963
2024-06-18 03:00:00,0.34429,0.63657
2024-06-18 04:00:00,0.34429,0.63194
2024-06-18 05:00:00,0.34816,0.61806
2024-06-18 06:00:00,0.33656,0.61111
2024-06-18 07:00:00,0.34623,0.61343
2024-06-18 08:00:00,0.34236,0.62731
2024-06-18 09:00:00,0.37524,0.6412
2024-06-18 10:00:00,0.37524,0.64352
2024-06-18 11:00:00,0.37524,0.6412
2024-06-18 12:00:00,0.37524,0.6412
2024-06-18 13:00:00,0.37524,0.64352
2024-06-18 14:00:00,0.37524,0.6412
2024-06-18 15:00:00,0.37524,0.6412
2024-06-18 16:00:00,0.37524,0.6412
2024-06-18 17:00:00,0.37524,0.6412
2024-06-18 18:00:00,0.37524,0.6412
2024-06-18 19:00:00,0.37524,0.6412
2024-06-18 20:00:00,0.37524,0.63889
2024-06-18 21:00:00,0.38685,0.62269
2024-06-18 22:00:00,0.38685,0.60417
2024-06-18 23:00:00,0.37911,0.60417
2024-06-19 00:00:00,0.36944,0.6088
2024-06-19 01:00:00,0.36557,0.60417
2024-06-19 02:00:00,0.36557,0.58796
2024-06-19 03:00:00,0.36557,0.59028
2024-06-19 04:00:00,0.34429,0.61111
2024-06-19 05:00:00,0.35397,0.59954
2024-06-19 06:00:00,0.3559,0.5787
2024-06-19 07:00:00,0.35397,0.58796
2024-06-19 08:00:00,0.35783,0.58796
2024-06-19 09:00:00,0.3501,0.5787
2024-06-19 10:00:00,0.34623,0.58102
2024-06-19 11:00:00,0.33849,0.5787
2024-06-19 12:00:00,0.34043,0.57639
2024-06-19 13:00:00,0.33269,0.59259
2024-06-19 14:00:00,0.34236,0.58565
2024-06-19 15:00:00,0.33656,0.57407
2024-06-19 16:00:00,0.33269,0.57639
2024-06-19 17:00:00,0.33462,0.57639
2024-06-19 18:00:00,0.33656,0.57407
2024-06-19 19:00:00,0.34043,0.58796
2024-06-19 20:00:00,0.34236,0.58333
2024-06-19 21:00:00,0.33462,0.57639
2024-06-19 22:00:00,0.33269,0.58102
2024-06-19 23:00:00,0.33269,0.58102
2024-06-20 00:00:00,0.33462,0.58102
2024-06-20 01:00:00,0.33269,0.59722
2024-06-20 02:00:00,0.34043,0.59491
2024-06-20 03:00:00,0.33656,0.58102
2024-06-20 04:00:00,0.32882,0.58333
2024-06-20 05:00:00,0.33075,0.58333
2024-06-20 06:00:00,0.39845,0.63426
2024-06-20 07:00:00,0.39845,0.63426
2024-06-20 08:00:00,0.40039,0.63426
2024-06-20 09:00:00,0.40039,0.63426
2024-06-20 10:00:00,0.40039,0.63426
2024-06-20 11:00:00,0.40039,0.63194
2024-06-20 12:00:00,0.40232,0.63194
2024-06-20 13:00:00,0.40039,0.63194
2024-06-20 14:00:00,0.40039,0.63194
2024-06-20 15:00:00,0.40232,0.63194
2024-06-20 16:00:00,0.40232,0.63194
2024-06-20 17:00:00,0.40232,0.63194
2024-06-20 18:00:00,0.40426,0.63194
2024-06-20 19:00:00,0.40232,0.62963
2024-06-20 20:00:00,0.40232,0.62963
2024-06-20 21:00:00,0.40232,0.63194
2024-06-20 22:00:00,0.40232,0.62963
2024-06-20 23:00:00,0.40232,0.62963
2024-06-21 00:00:00,0.39072,0.64815
2024-06-21 01:00:00,0.38878,0.65972
2024-06-21 02:00:00,0.38878,0.65972
2024-06-21 03:00:00,0.39072,0.64583
2024-06-21 04:00:00,0.40039,0.62731
2024-06-21 05:00:00,0.39652,0.62963
2024-06-21 06:00:00,0.38491,0.63194
2024-06-21 07:00:00,0.37911,0.62963
2024-06-21 08:00:00,0.37911,0.62269
2024-06-21 09:00:00,0.38298,0.61574
2024-06-21 10:00:00,0.37718,0.61343
2024-06-21 11:00:00,0.37911,0.61574
2024-06-21 12:00:00,0.38298,0.62037
2024-06-21 13:00:00,0.37137,0.62963
2024-06-21 14:00:00,0.36364,0.63426
2024-06-21 15:00:00,0.3559,0.62963
2024-06-21 16:00:00,0.3617,0.61574
2024-06-21 17:00:00,0.34623,0.6088
2024-06-21 18:00:00,0.34429,0.61111
2024-06-21 19:00:00,0.3559,0.61574
2024-06-21 20:00:00,0.34623,0.62963
2024-06-21 21:00:00,0.34429,0.63657
2024-06-21 22:00:00,0.34429,0.63194
2024-06-21 23:00:00,0.34816,0.61806
2024-06-22 00:00:00,0.33656,0.61111
2024-06-22 01:00:00,0.34623,0.61343
2024-06-22 02:00:00,0.34236,0.62731
2024-06-22 03:00:00,0.41393,0.625
2024-06-22 04:00:00,0.41586,0.625
2024-06-22 05:00:00,0.41586,0.62269
2024-06-22 06:00:00,0.41779,0.62269
2024-06-22 07:00:00,0.41586,0.62269
2024-06-22 08:00:00,0.41779,0.62269
2024-06-22 09:00:00,0.41779,0.62269
2024-06-22 10:00:00,0.41779,0.62269
2024-06-22 11:00:00,0.41779,0.62269
2024-06-22 12:00:00,0.41779,0.62269
2024-06-22 13:00:00,0.41973,0.62037
2024-06-22 14:00:00,0.41779,0.62037
2024-06-22 15:00:00,0.41779,0.62037
2024-06-22 16:00:00,0.41779,0.62037
2024-06-22 17:00:00,0.41586,0.62037
2024-06-22 18:00:00,0.41006,0.62037
2024-06-22 19:00:00,0.39652,0.61806
2024-06-22 20:00:00,0.39265,0.61111
2024-06-22 21:00:00,0.38878,0.60185
2024-06-22 22:00:00,0.38298,0.59722
2024-06-22 23:00:00,0.37524,0.62269
2024-06-23 00:00:00,0.37524,0.62037
2024-06-23 01:00:00,0.37524,0.59954
2024-06-23 02:00:00,0.36944,0.60185
2024-06-23 03:00:00,0.35783,0.6088
2024-06-23 04:00:00,0.34816,0.60185
2024-06-23 05:00:00,0.34429,0.58565
2024-06-23 06:00:00,0.34043,0.5787
2024-06-23 07:00:00,0.34043,0.58102
2024-06-23 08:00:00,0.34623,0.58565
2024-06-23 09:00:00,0.34043,0.60185
2024-06-23 10:00:00,0.34236,0.61111
2024-06-23 11:00:00,0.34043,0.60648
2024-06-23 12:00:00,0.35397,0.58565
2024-06-23 13:00:00,0.35203,0.58333
2024-06-23 14:00:00,0.35397,0.58565
2024-06-23 15:00:00,0.35783,0.59259
2024-06-23 16:00:00,0.34816,0.6088
2024-06-23 17:00:00,0.34816,0.61111
2024-06-23 18:00:00,0.34429,0.59954
2024-06-23 19:00:00,0.34429,0.58333
2024-06-23 20:00:00,0.34816,0.58102
2024-06-23 21:00:00,0.34816,0.59028
2024-06-23 22:00:00,0.33849,0.6088
2024-06-23 23:00:00,0.34429,0.61574
2024-06-24 00:00:00,0.83752,0.58102
2024-06-24 01:00:00,0.83752,0.58102
2024-06-24 02:00:00,0.83559,0.58102
2024-06-24 03:00:00,0.83752,0.58333
2024-06-24 04:00:00,0.83752,0.58333
2024-06-24 05:00:00,0.83559,0.58102
2024-06-24 06:00:00,0.81044,0.56713
2024-06-24 07:00:00,0.7853,0.55093
2024-06-24 08:00:00,0.76402,0.53704
2024-06-24 09:00:00,0.74081,0.52083
2024-06-24 10:00:00,0.72147,0.50231
2024-06-24 11:00:00,0.70406,0.4838
2024-06-24 12:00:00,0.69826,0.48148
2024-06-24 13:00:00,0.69246,0.49306
2024-06-24 14:00:00,0.67505,0.51157
2024-06-24 15:00:00,0.6499,0.54167
2024-06-24 16:00:00,0.61896,0.56713
2024-06-24 17:00:00,0.58801,0.58796
2024-06-24 18:00:00,0.56093,0.6088
2024-06-24 19:00:00,0.54739,0.62963
2024-06-24 20:00:00,0.53191,0.63657
2024-06-24 21:00:00,0.52418,0.63194
2024-06-24 22:00:00,0.51451,0.61343
2024-06-24 23:00:00,0.4971,0.58333
2024-06-25 00:00:00,0.47776,0.55093
2024-06-25 01:00:00,0.45648,0.51852
2024-06-25 02:00:00,0.43327,0.49306
2024-06-25 03:00:00,0.41393,0.46065
2024-06-25 04:00:00,0.39845,0.4375
2024-06-25 05:00:00,0.38685,0.43056
2024-06-25 06:00:00,0.38104,0.43519
2024-06-25 07:00:00,0.36944,0.45139
2024-06-25 08:00:00,0.35397,0.47917
2024-06-25 09:00:00,0.33462,0.51389
2024-06-25 10:00:00,0.30948,0.56713
2024-06-25 11:00:00,0.27853,0.62269
2024-06-25 12:00:00,0.25532,0.69213
2024-06-25 13:00:00,0.23985,0.7338
2024-06-25 14:00:00,0.23598,0.75
2024-06-25 15:00:00,0.23017,0.74306
2024-06-25 16:00:00,0.21277,0.71991
2024-06-25 17:00:00,0.18569,0.68519
2024-06-25 18:00:00,0.15861,0.65278
2024-06-25 19:00:00,0.13733,0.62963
2024-06-25 20:00:00,0.11799,0.60648
2024-06-25 21:00:00,0.75822,0.62731
2024-06-25 22:00:00,0.75822,0.63194
2024-06-25 23:00:00,0.75822,0.63194
2024-06-26 00:00:00,0.75822,0.61574
2024-06-26 01:00:00,0.75822,0.62963
2024-06-26 02:00:00,0.75822,0.625
2024-06-26 03:00:00,0.76015,0.63426
2024-06-26 04:00:00,0.75629,0.625
2024-06-26 05:00:00,0.74855,0.62269
2024-06-26 06:00:00,0.73694,0.61111
2024-06-26 07:00:00,0.72727,0.58565
2024-06-26 08:00:00,0.71567,0.55556
2024-06-26 09:00:00,0.70019,0.52315
2024-06-26 10:00:00,0.68859,0.49537
2024-06-26 11:00:00,0.67892,0.47222
2024-06-26 12:00:00,0.66731,0.4537
2024-06-26 13:00:00,0.65764,0.44444
2024-06-26 14:00:00,0.64797,0.44907
2024-06-26 15:00:00,0.63636,0.45833
2024-06-26 16:00:00,0.62282,0.47917
2024-06-26 17:00:00,0.60542,0.50926
2024-06-26 18:00:00,0.58221,0.54398
2024-06-26 19:00:00,0.55513,0.57639
2024-06-26 20:00:00,0.53772,0.60185
2024-06-26 21:00:00,0.52418,0.62037
2024-06-26 22:00:00,0.51257,0.63889
2024-06-26 23:00:00,0.51064,0.64815
2024-06-27 00:00:00,0.50484,0.65741
2024-06-27 01:00:00,0.50097,0.66435
2024-06-27 02:00:00,0.4971,0.65972
2024-06-27 03:00:00,0.48549,0.64583
2024-06-27 04:00:00,0.47002,0.62269
2024-06-27 05:00:00,0.45841,0.59028
2024-06-27 06:00:00,0.44487,0.5625
2024-06-27 07:00:00,0.42747,0.53472
2024-06-27 08:00:00,0.41199,0.50926
2024-06-27 09:00:00,0.39652,0.48611
2024-06-27 10:00:00,0.38491,0.46528
2024-06-27 11:00:00,0.37524,0.4537
2024-06-27 12:00:00,0.3675,0.44676
2024-06-27 13:00:00,0.36364,0.44444
2024-06-27 14:00:00,0.35977,0.44907
2024-06-27 15:00:00,0.35397,0.45833
2024-06-27 16:00:00,0.34043,0.47454
2024-06-27 17:00:00,0.32302,0.49769
2024-06-27 18:00:00,0.83559,0.61806
2024-06-27 19:00:00,0.83559,0.61806
2024-06-27 20:00:00,0.83559,0.62037
2024-06-27 21:00:00,0.83559,0.61806
2024-06-27 22:00:00,0.83559,0.62037
2024-06-27 23:00:00,0.83559,0.62037
2024-06-28 00:00:00,0.83559,0.62037
2024-06-28 01:00:00,0.83559,0.62037
2024-06-28 02:00:00,0.83559,0.62269
2024-06-28 03:00:00,0.83559,0.62963
2024-06-28 04:00:00,0.83172,0.61806
2024-06-28 05:00:00,0.80271,0.58796
2024-06-28 06:00:00,0.76402,0.47222
2024-06-28 07:00:00,0.73888,0.42824
2024-06-28 08:00:00,0.71567,0.47917
2024-06-28 09:00:00,0.69632,0.61574
2024-06-28 10:00:00,0.67892,0.69907
2024-06-28 11:00:00,0.66151,0.70602
2024-06-28 12:00:00,0.63056,0.64352
2024-06-28 13:00:00,0.58221,0.53704
2024-06-28 14:00:00,0.55126,0.44213
2024-06-28 15:00:00,0.52998,0.40741
2024-06-28 16:00:00,0.52224,0.46065
2024-06-28 17:00:00,0.50677,0.56713
2024-06-28 18:00:00,0.48162,0.65046
2024-06-28 19:00:00,0.45648,0.68287
2024-06-28 20:00:00,0.44101,0.64352
2024-06-28 21:00:00,0.4236,0.55787
2024-06-28 22:00:00,0.40232,0.44676
2024-06-28 23:00:00,0.38104,0.37037
2024-06-29 00:00:00,0.35783,0.34722
2024-06-29 01:00:00,0.33269,0.37963
2024-06-29 02:00:00,0.30754,0.46991
2024-06-29 03:00:00,0.27079,0.59259
2024-06-29 04:00:00,0.24758,0.70139
2024-06-29 05:00:00,0.23985,0.7338
2024-06-29 06:00:00,0.23211,0.66898
2024-06-29 07:00:00,0.22631,0.54398
2024-06-29 08:00:00,0.2147,0.41898
2024-06-29 09:00:00,0.18956,0.32407
2024-06-29 10:00:00,0.16634,0.29398
2024-06-29 11:00:00,0.147,0.32407
2024-06-29 12:00:00,0.11412,0.40741
2024-06-29 13:00:00,0.087041,0.53009
2024-06-29 14:00:00,0.061896,0.69444
2024-06-29 15:00:00,0.86074,0.59028
2024-06-29 16:00:00,0.86074,0.59028
2024-06-29 17:00:00,0.86074,0.58796
2024-06-29 18:00:00,0.8588,0.58565
2024-06-29 19:00:00,0.8588,0.58796
2024-06-29 20:00:00,0.86074,0.58796
2024-06-29 21:00:00,0.86267,0.59028
2024-06-29 22:00:00,0.86267,0.59028
2024-06-29 23:00:00,0.86074,0.59259
2024-06-30 00:00:00,0.86074,0.59028
2024-06-30 01:00:00,0.8588,0.59259
2024-06-30 02:00:00,0.86074,0.59259
2024-06-30 03:00:00,0.86074,0.59491
2024-06-30 04:00:00,0.8588,0.59259
2024-06-30 05:00:00,0.8588,0.59028
2024-06-30 06:00:00,0.85687,0.58102
2024-06-30 07:00:00,0.8472,0.58565
2024-06-30 08:00:00,0.81431,0.54167
2024-06-30 09:00:00,0.77756,0.44213
2024-06-30 10:00:00,0.75242,0.375
2024-06-30 11:00:00,0.73308,0.33796
2024-06-30 12:00:00,0.72147,0.32407
2024-06-30 13:00:00,0.706,0.35185
2024-06-30 14:00:00,0.67892,0.40741
2024-06-30 15:00:00,0.64023,0.49537
2024-06-30 16:00:00,0.60155,0.56481
2024-06-30 17:00:00,0.57253,0.625
2024-06-30 18:00:00,0.54545,0.66898
2024-06-30 19:00:00,0.53385,0.68519
2024-06-30 20:00:00,0.52805,0.6713
2024-06-30 21:00:00,0.52224,0.62731
2024-06-30 22:00:00,0.51064,0.57176
2024-06-30 23:00:00,0.4971,0.50694
2024-07-01 00:00:00,0.47776,0.44444
2024-07-01 01:00:00,0.45261,0.3912
2024-07-01 02:00:00,0.4294,0.35417
2024-07-01 03:00:00,0.41393,0.33102
2024-07-01 04:00:00,0.40039,0.3287
2024-07-01 05:00:00,0.38878,0.34722
2024-07-01 06:00:00,0.35977,0.39815
2024-07-01 07:00:00,0.30754,0.46296
2024-07-01 08:00:00,0.24952,0.54398
2024-07-01 09:00:00,0.19923,0.66667
2024-07-01 10:00:00,0.16054,0.73611
2024-07-01 11:00:00,0.14894,0.76852
2024-07-01 12:00:00,0.83752,0.69213
2024-07-01 13:00:00,0.83946,0.68287
2024-07-01 14:00:00,0.83946,0.67824
2024-07-01 15:00:00,0.83752,0.6875
2024-07-01 16:00:00,0.83559,0.69444
2024-07-01 17:00:00,0.83172,0.66898
2024-07-01 18:00:00,0.81818,0.64583
2024-07-01 19:00:00,0.80271,0.61574
2024-07-01 20:00:00,0.78143,0.57407
2024-07-01 21:00:00,0.75822,0.53472
2024-07-01 22:00:00,0.73888,0.4838
2024-07-01 23:00:00,0.72147,0.4537
2024-07-02 00:00:00,0.70793,0.44676
2024-07-02 01:00:00,0.69246,0.4537
2024-07-02 02:00:00,0.67311,0.46528
2024-07-02 03:00:00,0.65377,0.49306
2024-07-02 04:00:00,0.61702,0.53704
2024-07-02 05:00:00,0.57834,0.58796
2024-07-02 06:00:00,0.54545,0.63657
2024-07-02 07:00:00,0.52224,0.6713
2024-07-02 08:00:00,0.50677,0.69907
2024-07-02 09:00:00,0.50097,0.70833
2024-07-02 10:00:00,0.49903,0.71296
2024-07-02 11:00:00,0.50097,0.71065
2024-07-02 12:00:00,0.50097,0.70833
2024-07-02 13:00:00,0.49516,0.69444
2024-07-02 14:00:00,0.47969,0.66435
2024-07-02 15:00:00,0.45841,0.62037
2024-07-02 16:00:00,0.43327,0.57639
2024-07-02 17:00:00,0.40619,0.53241
2024-07-02 18:00:00,0.38104,0.49537
2024-07-02 19:00:00,0.35783,0.46296
2024-07-02 20:00:00,0.34043,0.44444
2024-07-02 21:00:00,0.32882,0.43287
2024-07-02 22:00:00,0.31915,0.42593
2024-07-02 23:00:00,0.31335,0.43056
2024-07-03 00:00:00,0.31141,0.44444
2024-07-03 01:00:00,0.30754,0.45139
2024-07-03 02:00:00,0.29207,0.46759
2024-07-03 03:00:00,0.26499,0.49537
2024-07-03 04:00:00,0.23211,0.52546
2024-07-03 05:00:00,0.20503,0.56481
2024-07-03 06:00:00,0.18569,0.61806
2024-07-03 07:00:00,0.17602,0.67361
2024-07-03 08:00:00,0.17021,0.71065
2024-07-03 09:00:00,0.89555,0.7037
2024-07-03 10:00:00,0.89749,0.69676
2024-07-03 11:00:00,0.89362,0.70139
2024-07-03 12:00:00,0.89555,0.70602
2024-07-03 13:00:00,0.89555,0.70139
2024-07-03 14:00:00,0.88588,0.67593
2024-07-03 15:00:00,0.86654,0.62963
2024-07-03 16:00:00,0.84139,0.57407
2024-07-03 17:00:00,0.82398,0.52083
2024-07-03 18:00:00,0.81044,0.46759
2024-07-03 19:00:00,0.80077,0.43519
2024-07-03 20:00:00,0.79691,0.43519
2024-07-03 21:00:00,0.79691,0.44444
2024-07-03 22:00:00,0.7795,0.47454
2024-07-03 23:00:00,0.74081,0.53935
2024-07-04 00:00:00,0.69052,0.60417
2024-07-04 01:00:00,0.65571,0.65741
2024-07-04 02:00:00,0.63443,0.7037
2024-07-04 03:00:00,0.62476,0.72917
2024-07-04 04:00:00,0.61896,0.73843
2024-07-04 05:00:00,0.62089,0.74306
2024-07-04 06:00:00,0.61702,0.72917
2024-07-04 07:00:00,0.60542,0.67824
2024-07-04 08:00:00,0.58994,0.60648
2024-07-04 09:00:00,0.57253,0.53935
2024-07-04 10:00:00,0.55706,0.48843
2024-07-04 11:00:00,0.54545,0.45833
2024-07-04 12:00:00,0.54159,0.44676
2024-07-04 13:00:00,0.54159,0.44907
2024-07-04 14:00:00,0.53965,0.44907
2024-07-04 15:00:00,0.52805,0.47222
2024-07-04 16:00:00,0.49516,0.52546
2024-07-04 17:00:00,0.45068,0.5787
2024-07-04 18:00:00,0.41586,0.62731
2024-07-04 19:00:00,0.39072,0.67824
2024-07-04 20:00:00,0.37718,0.71759
2024-07-04 21:00:00,0.37331,0.72917
2024-07-04 22:00:00,0.37524,0.72917
2024-07-04 23:00:00,0.37524,0.71991
2024-07-05 00:00:00,0.35397,0.68287
2024-07-05 01:00:00,0.33075,0.61111
2024-07-05 02:00:00,0.31915,0.53935
2024-07-05 03:00:00,0.31141,0.47917
2024-07-05 04:00:00,0.30368,0.43981
2024-07-05 05:00:00,0.29981,0.43287
2024-07-05 06:00:00,0.91876,0.72454
2024-07-05 07:00:00,0.92263,0.71991
2024-07-05 08:00:00,0.91876,0.72222
2024-07-05 09:00:00,0.9207,0.72222
2024-07-05 10:00:00,0.92456,0.71528
2024-07-05 11:00:00,0.91489,0.72222
2024-07-05 12:00:00,0.88008,0.6875
2024-07-05 13:00:00,0.853,0.63426
2024-07-05 14:00:00,0.83172,0.60185
2024-07-05 15:00:00,0.81238,0.55787
2024-07-05 16:00:00,0.79884,0.49306
2024-07-05 17:00:00,0.78723,0.44907
2024-07-05 18:00:00,0.7795,0.44213
2024-07-05 19:00:00,0.77176,0.44907
2024-07-05 20:00:00,0.75048,0.49074
2024-07-05 21:00:00,0.70986,0.57176
2024-07-05 22:00:00,0.67892,0.64815
2024-07-05 23:00:00,0.65184,0.69676
2024-07-06 00:00:00,0.63443,0.72685
2024-07-06 01:00:00,0.62282,0.74769
2024-07-06 02:00:00,0.61702,0.75463
2024-07-06 03:00:00,0.61315,0.75926
2024-07-06 04:00:00,0.59768,0.75463
2024-07-06 05:00:00,0.55899,0.71528
2024-07-06 06:00:00,0.52611,0.61806
2024-07-06 07:00:00,0.50484,0.53009
2024-07-06 08:00:00,0.4913,0.46065
2024-07-06 09:00:00,0.48356,0.41898
2024-07-06 10:00:00,0.48162,0.41667
2024-07-06 11:00:00,0.48162,0.4213
2024-07-06 12:00:00,0.46228,0.44213
2024-07-06 13:00:00,0.41006,0.50926
2024-07-06 14:00:00,0.3559,0.59491
2024-07-06 15:00:00,0.32108,0.65509
2024-07-06 16:00:00,0.30561,0.70833
2024-07-06 17:00:00,0.30174,0.72685
2024-07-06 18:00:00,0.30174,0.72917
2024-07-06 19:00:00,0.294,0.71991
2024-07-06 20:00:00,0.26499,0.66898
2024-07-06 21:00:00,0.23017,0.59491
2024-07-06 22:00:00,0.20696,0.52315
2024-07-06 23:00:00,0.18569,0.46528
2024-07-07 00:00:00,0.18762,0.42824
2024-07-07 01:00:00,0.19536,0.42361
2024-07-07 02:00:00,0.19923,0.42593
2024-07-07 03:00:00,0.11412,0.35185
2024-07-07 04:00:00,0.11605,0.35417
2024-07-07 05:00:00,0.11605,0.35648
2024-07-07 06:00:00,0.12573,0.36343
2024-07-07 07:00:00,0.14894,0.37963
2024-07-07 08:00:00,0.1412,0.41204
2024-07-07 09:00:00,0.16248,0.47222
2024-07-07 10:00:00,0.20309,0.52083
2024-07-07 11:00:00,0.23404,0.56944
2024-07-07 12:00:00,0.26112,0.6088
2024-07-07 13:00:00,0.27853,0.62963
2024-07-07 14:00:00,0.28433,0.63426
2024-07-07 15:00:00,0.28627,0.62731
2024-07-07 16:00:00,0.29014,0.61806
2024-07-07 17:00:00,0.30561,0.59722
2024-07-07 18:00:00,0.32882,0.56944
2024-07-07 19:00:00,0.3559,0.52778
2024-07-07 20:00:00,0.38491,0.4838
2024-07-07 21:00:00,0.41586,0.43519
2024-07-07 22:00:00,0.44294,0.39583
2024-07-07 23:00:00,0.46228,0.36574
2024-07-08 00:00:00,0.47389,0.35417
2024-07-08 01:00:00,0.47969,0.35185
2024-07-08 02:00:00,0.48549,0.35417
2024-07-08 03:00:00,0.4971,0.3588
2024-07-08 04:00:00,0.51257,0.375
2024-07-08 05:00:00,0.53191,0.40741
2024-07-08 06:00:00,0.55126,0.44444
2024-07-08 07:00:00,0.5764,0.48611
2024-07-08 08:00:00,0.60542,0.53009
2024-07-08 09:00:00,0.6441,0.57407
2024-07-08 10:00:00,0.68279,0.6088
2024-07-08 11:00:00,0.70213,0.62731
2024-07-08 12:00:00,0.71373,0.63657
2024-07-08 13:00:00,0.71567,0.62037
2024-07-08 14:00:00,0.71567,0.61806
2024-07-08 15:00:00,0.72534,0.61111
2024-07-08 16:00:00,0.74081,0.58796
2024-07-08 17:00:00,0.76015,0.5625
2024-07-08 18:00:00,0.7795,0.52315
2024-07-08 19:00:00,0.79884,0.49306
2024-07-08 20:00:00,0.82205,0.45602
2024-07-08 21:00:00,0.84333,0.41667
2024-07-08 22:00:00,0.86267,0.38194
2024-07-08 23:00:00,0.87234,0.36574
2024-07-09 00:00:00,0.6499,0.65972
2024-07-09 01:00:00,0.63056,0.62269
2024-07-09 02:00:00,0.61122,0.58333
2024-07-09 03:00:00,0.59381,0.54167
2024-07-09 04:00:00,0.57447,0.50231
2024-07-09 05:00:00,0.55513,0.46991
2024-07-09 06:00:00,0.53385,0.45833
2024-07-09 07:00:00,0.51451,0.47222
2024-07-09 08:00:00,0.50097,0.51157
2024-07-09 09:00:00,0.48162,0.55324
2024-07-09 10:00:00,0.45648,0.59954
2024-07-09 11:00:00,0.43133,0.64352
2024-07-09 12:00:00,0.41393,0.66435
2024-07-09 13:00:00,0.41006,0.67824
2024-07-09 14:00:00,0.41006,0.69444
2024-07-09 15:00:00,0.40426,0.7037
2024-07-09 16:00:00,0.40232,0.69907
2024-07-09 17:00:00,0.40426,0.6875
2024-07-09 18:00:00,0.39458,0.66204
2024-07-09 19:00:00,0.37524,0.63889
2024-07-09 20:00:00,0.36557,0.61574
2024-07-09 21:00:00,0.3675,0.57407
2024-07-09 22:00:00,0.37331,0.53009
2024-07-09 23:00:00,0.37137,0.49306
2024-07-10 00:00:00,0.36557,0.46759
2024-07-10 01:00:00,0.35397,0.46296
2024-07-10 02:00:00,0.34236,0.47454
2024-07-10 03:00:00,0.32495,0.50463
2024-07-10 04:00:00,0.30174,0.53241
2024-07-10 05:00:00,0.28627,0.5463
2024-07-10 06:00:00,0.27853,0.55324
2024-07-10 07:00:00,0.25919,0.59259
2024-07-10 08:00:00,0.23211,0.63426
2024-07-10 09:00:00,0.21277,0.67824
2024-07-10 10:00:00,0.19536,0.70139
2024-07-10 11:00:00,0.18182,0.69907
2024-07-10 12:00:00,0.18569,0.67824
2024-07-10 13:00:00,0.20309,0.65509
2024-07-10 14:00:00,0.2205,0.60648
2024-07-10 15:00:00,0.23404,0.57407
2024-07-10 16:00:00,0.23791,0.55556
2024-07-10 17:00:00,0.23791,0.52315
2024-07-10 18:00:00,0.23598,0.50231
2024-07-10 19:00:00,0.22824,0.49074
2024-07-10 20:00:00,0.21857,0.49306
2024-07-10 21:00:00,0.51838,0.64352
2024-07-10 22:00:00,0.52031,0.6412
2024-07-10 23:00:00,0.51644,0.64352
2024-07-11 00:00:00,0.51064,0.64815
2024-07-11 01:00:00,0.51644,0.64352
2024-07-11 02:00:00,0.51257,0.64815
2024-07-11 03:00:00,0.51451,0.64815
2024-07-11 04:00:00,0.51064,0.64815
2024-07-11 05:00:00,0.5087,0.64583
2024-07-11 06:00:00,0.50677,0.64352
2024-07-11 07:00:00,0.4913,0.63889
2024-07-11 08:00:00,0.47969,0.62731
2024-07-11 09:00:00,0.47002,0.61806
2024-07-11 10:00:00,0.46422,0.60185
2024-07-11 11:00:00,0.45648,0.59259
2024-07-11 12:00:00,0.44294,0.56944
2024-07-11 13:00:00,0.4236,0.53935
2024-07-11 14:00:00,0.40426,0.52083
2024-07-11 15:00:00,0.38878,0.49769
2024-07-11 16:00:00,0.37331,0.47917
2024-07-11 17:00:00,0.35977,0.46759
2024-07-11 18:00:00,0.34816,0.46528
2024-07-11 19:00:00,0.34043,0.47222
2024-07-11 20:00:00,0.33462,0.48611
2024-07-11 21:00:00,0.32882,0.50694
2024-07-11 22:00:00,0.32495,0.5162
2024-07-11 23:00:00,0.33269,0.52083
2024-07-12 00:00:00,0.34236,0.54861
2024-07-12 01:00:00,0.33462,0.58796
2024-07-12 02:00:00,0.33075,0.62963
2024-07-12 03:00:00,0.32495,0.67593
2024-07-12 04:00:00,0.32108,0.71528
2024-07-12 05:00:00,0.32302,0.73843
2024-07-12 06:00:00,0.32689,0.75
2024-07-12 07:00:00,0.33269,0.74074
2024-07-12 08:00:00,0.33656,0.72222
2024-07-12 09:00:00,0.34236,0.69444
2024-07-12 10:00:00,0.34816,0.65972
2024-07-12 11:00:00,0.35397,0.625
2024-07-12 12:00:00,0.34043,0.59954
2024-07-12 13:00:00,0.33075,0.58102
2024-07-12 14:00:00,0.32882,0.56019
2024-07-12 15:00:00,0.32689,0.53241
2024-07-12 16:00:00,0.32108,0.51157
2024-07-12 17:00:00,0.31335,0.49537
2024-07-12 18:00:00,0.6499,0.65972
2024-07-12 19:00:00,0.63056,0.62269
2024-07-12 20:00:00,0.61122,0.58333
2024-07-12 21:00:00,0.59381,0.54167
2024-07-12 22:00:00,0.57447,0.50231
2024-07-12 23:00:00,0.55513,0.46991
2024-07-13 00:00:00,0.53385,0.45833
2024-07-13 01:00:00,0.51451,0.47222
2024-07-13 02:00:00,0.50097,0.51157
2024-07-13 03:00:00,0.48162,0.55324
2024-07-13 04:00:00,0.45648,0.59954
2024-07-13 05:00:00,0.43133,0.64352
2024-07-13 06:00:00,0.41393,0.66435
2024-07-13 07:00:00,0.41006,0.67824
2024-07-13 08:00:00,0.41006,0.69444
2024-07-13 09:00:00,0.40426,0.7037
2024-07-13 10:00:00,0.40232,0.69907
2024-07-13 11:00:00,0.40426,0.6875
2024-07-13 12:00:00,0.39458,0.66204
2024-07-13 13:00:00,0.37524,0.63889
2024-07-13 14:00:00,0.36557,0.61574
2024-07-13 15:00:00,0.3675,0.57407
2024-07-13 16:00:00,0.37331,0.53009
2024-07-13 17:00:00,0.37137,0.49306
2024-07-13 18:00:00,0.36557,0.46759
2024-07-13 19:00:00,0.35397,0.46296
2024-07-13 20:00:00,0.34236,0.47454
2024-07-13 21:00:00,0.32495,0.50463
2024-07-13 22:00:00,0.30174,0.53241
2024-07-13 23:00:00,0.28627,0.5463
2024-07-14 00:00:00,0.27853,0.55324
2024-07-14 01:00:00,0.25919,0.59259
2024-07-14 02:00:00,0.23211,0.63426
2024-07-14 03:00:00,0.21277,0.67824
2024-07-14 04:00:00,0.19536,0.70139
2024-07-14 05:00:00,0.18182,0.69907
2024-07-14 06:00:00,0.18569,0.67824
2024-07-14 07:00:00,0.20309,0.65509
2024-07-14 08:00:00,0.2205,0.60648
2024-07-14 09:00:00,0.23404,0.57407
2024-07-14 10:00:00,0.23791,0.55556
2024-07-14 11:00:00,0.23791,0.52315
2024-07-14 12:00:00,0.23598,0.50231
2024-07-14 13:00:00,0.22824,0.49074
2024-07-14 14:00:00,0.21857,0.49306
2024-07-14 15:00:00,0.58607,0.72917
2024-07-14 16:00:00,0.58607,0.72222
2024-07-14 17:00:00,0.58607,0.72454
2024-07-14 18:00:00,0.58994,0.72454
2024-07-14 19:00:00,0.58994,0.72454
2024-07-14 20:00:00,0.58607,0.71528
2024-07-14 21:00:00,0.57447,0.7037
2024-07-14 22:00:00,0.56093,0.67824
2024-07-14 23:00:00,0.54545,0.64352
2024-07-15 00:00:00,0.53191,0.59722
2024-07-15 01:00:00,0.52224,0.55787
2024-07-15 02:00:00,0.50484,0.52083
2024-07-15 03:00:00,0.47969,0.5
2024-07-15 04:00:00,0.45068,0.50694
2024-07-15 05:00:00,0.42553,0.53935
2024-07-15 06:00:00,0.40426,0.5787
2024-07-15 07:00:00,0.39072,0.60417
2024-07-15 08:00:00,0.37911,0.62963
2024-07-15 09:00:00,0.34623,0.6713
2024-07-15 10:00:00,0.31915,0.70139
2024-07-15 11:00:00,0.30754,0.72222
2024-07-15 12:00:00,0.29787,0.7338
2024-07-15 13:00:00,0.30368,0.72454
2024-07-15 14:00:00,0.31335,0.7037
2024-07-15 15:00:00,0.33269,0.67361
2024-07-15 16:00:00,0.33656,0.63426
2024-07-15 17:00:00,0.32882,0.59259
2024-07-15 18:00:00,0.30754,0.56019
2024-07-15 19:00:00,0.29787,0.54398
2024-07-15 20:00:00,0.29594,0.52778
2024-07-15 21:00:00,0.29594,0.51389
2024-07-15 22:00:00,0.29207,0.50694
2024-07-15 23:00:00,0.28046,0.51389
2024-07-16 00:00:00,0.25919,0.52083
2024-07-16 01:00:00,0.24178,0.55093
2024-07-16 02:00:00,0.22437,0.60648
2024-07-16 03:00:00,0.18762,0.64583
2024-07-16 04:00:00,0.17988,0.68056
2024-07-16 05:00:00,0.16828,0.65972
2024-07-16 06:00:00,0.18762,0.61111
2024-07-16 07:00:00,0.19342,0.56713
2024-07-16 08:00:00,0.19729,0.52083
2024-07-16 09:00:00,0.19342,0.4838
2024-07-16 10:00:00,0.18956,0.46065
2024-07-16 11:00:00,0.18182,0.44444
2024-07-16 12:00:00,0.61702,0.75
2024-07-16 13:00:00,0.61702,0.75
2024-07-16 14:00:00,0.61702,0.75
2024-07-16 15:00:00,0.61702,0.75
2024-07-16 16:00:00,0.61896,0.75
2024-07-16 17:00:00,0.61702,0.75
2024-07-16 18:00:00,0.61896,0.75
2024-07-16 19:00:00,0.61702,0.74769
2024-07-16 20:00:00,0.61122,0.73843
2024-07-16 21:00:00,0.59768,0.72685
2024-07-16 22:00:00,0.56867,0.70833
2024-07-16 23:00:00,0.54159,0.69444
2024-07-17 00:00:00,0.51064,0.68287
2024-07-17 01:00:00,0.48356,0.67824
2024-07-17 02:00:00,0.46615,0.67361
2024-07-17 03:00:00,0.46035,0.67361
2024-07-17 04:00:00,0.46615,0.6713
2024-07-17 05:00:00,0.47969,0.66204
2024-07-17 06:00:00,0.50484,0.64815
2024-07-17 07:00:00,0.54545,0.61806
2024-07-17 08:00:00,0.57253,0.60417
2024-07-17 09:00:00,0.60348,0.58565
2024-07-17 10:00:00,0.63636,0.57176
2024-07-17 11:00:00,0.66151,0.56481
2024-07-17 12:00:00,0.68279,0.55324
2024-07-17 13:00:00,0.69052,0.55556
2024-07-17 14:00:00,0.69052,0.55324
2024-07-17 15:00:00,0.68085,0.54861
2024-07-17 16:00:00,0.65764,0.53935
2024-07-17 17:00:00,0.62282,0.52315
2024-07-17 18:00:00,0.58221,0.49769
2024-07-17 19:00:00,0.53965,0.47685
2024-07-17 20:00:00,0.49903,0.46065
2024-07-17 21:00:00,0.46809,0.44676
2024-07-17 22:00:00,0.44101,0.44213
2024-07-17 23:00:00,0.42553,0.43519
2024-07-18 00:00:00,0.42166,0.43056
2024-07-18 01:00:00,0.4294,0.43287
2024-07-18 02:00:00,0.44487,0.4213
2024-07-18 03:00:00,0.47195,0.39815
2024-07-18 04:00:00,0.51064,0.36806
2024-07-18 05:00:00,0.55513,0.34028
2024-07-18 06:00:00,0.59768,0.31713
2024-07-18 07:00:00,0.6325,0.29861
2024-07-18 08:00:00,0.66151,0.28472
2024-07-18 09:00:00,0.45261,0.75694
2024-07-18 10:00:00,0.45068,0.75926
2024-07-18 11:00:00,0.45455,0.75926
2024-07-18 12:00:00,0.45455,0.75694
2024-07-18 13:00:00,0.46809,0.74769
2024-07-18 14:00:00,0.4971,0.72454
2024-07-18 15:00:00,0.53772,0.68981
2024-07-18 16:00:00,0.58027,0.65046
2024-07-18 17:00:00,0.62282,0.61806
2024-07-18 18:00:00,0.6441,0.60185
2024-07-18 19:00:00,0.6441,0.59954
2024-07-18 20:00:00,0.62089,0.60185
2024-07-18 21:00:00,0.58221,0.59954
2024-07-18 22:00:00,0.53578,0.59954
2024-07-18 23:00:00,0.48356,0.57639
2024-07-19 00:00:00,0.43327,0.5463
2024-07-19 01:00:00,0.38104,0.50463
2024-07-19 02:00:00,0.35783,0.47454
2024-07-19 03:00:00,0.3501,0.4838
2024-07-19 04:00:00,0.34623,0.49074
2024-07-19 05:00:00,0.3617,0.48148
2024-07-19 06:00:00,0.39845,0.47917
2024-07-19 07:00:00,0.43133,0.46991
2024-07-19 08:00:00,0.47389,0.44213
2024-07-19 09:00:00,0.51451,0.40509
2024-07-19 10:00:00,0.54739,0.36806
2024-07-19 11:00:00,0.5706,0.34491
2024-07-19 12:00:00,0.58414,0.33796
2024-07-19 13:00:00,0.58414,0.33796
2024-07-19 14:00:00,0.57253,0.33565
2024-07-19 15:00:00,0.55126,0.33565
2024-07-19 16:00:00,0.51644,0.33102
2024-07-19 17:00:00,0.47002,0.32176
2024-07-19 18:00:00,0.42747,0.30556
2024-07-19 19:00:00,0.39652,0.26389
2024-07-19 20:00:00,0.3675,0.24537
2024-07-19 21:00:00,0.33656,0.21991
2024-07-19 22:00:00,0.32108,0.21296
2024-07-19 23:00:00,0.31721,0.22222
2024-07-20 00:00:00,0.31335,0.23148
2024-07-20 01:00:00,0.31335,0.23611
2024-07-20 02:00:00,0.33075,0.2338
2024-07-20 03:00:00,0.37137,0.2338
2024-07-20 04:00:00,0.41973,0.2037
2024-07-20 05:00:00,0.46422,0.19213
2024-07-20 06:00:00,0.72534,0.74074
2024-07-20 07:00:00,0.72534,0.74074
2024-07-20 08:00:00,0.72534,0.74074
2024-07-20 09:00:00,0.72534,0.74074
2024-07-20 10:00:00,0.72534,0.74074
2024-07-20 11:00:00,0.72534,0.74074
2024-07-20 12:00:00,0.72534,0.74074
2024-07-20 13:00:00,0.72534,0.74074
2024-07-20 14:00:00,0.72147,0.74306
2024-07-20 15:00:00,0.72147,0.74074
2024-07-20 16:00:00,0.71954,0.7338
2024-07-20 17:00:00,0.70019,0.72454
2024-07-20 18:00:00,0.6499,0.71759
2024-07-20 19:00:00,0.58801,0.71065
2024-07-20 20:00:00,0.53385,0.71065
2024-07-20 21:00:00,0.53578,0.69676
2024-07-20 22:00:00,0.55899,0.67593
2024-07-20 23:00:00,0.58414,0.64815
2024-07-21 00:00:00,0.61122,0.61806
2024-07-21 01:00:00,0.64603,0.60185
2024-07-21 02:00:00,0.69826,0.58565
2024-07-21 03:00:00,0.75822,0.56944
2024-07-21 04:00:00,0.80271,0.5625
2024-07-21 05:00:00,0.80464,0.55787
2024-07-21 06:00:00,0.78143,0.55556
2024-07-21 07:00:00,0.73114,0.55787
2024-07-21 08:00:00,0.66344,0.53935
2024-07-21 09:00:00,0.59381,0.52315
2024-07-21 10:00:00,0.53772,0.49074
2024-07-21 11:00:00,0.50484,0.46065
2024-07-21 12:00:00,0.48162,0.43519
2024-07-21 13:00:00,0.47776,0.43056
2024-07-21 14:00:00,0.49516,0.4213
2024-07-21 15:00:00,0.52611,0.41435
2024-07-21 16:00:00,0.58027,0.38426
2024-07-21 17:00:00,0.64797,0.34722
2024-07-21 18:00:00,0.71567,0.30787
2024-07-21 19:00:00,0.76789,0.28009
2024-07-21 20:00:00,0.79304,0.25463
2024-07-21 21:00:00,0.78917,0.24306
2024-07-21 22:00:00,0.75822,0.23148
2024-07-21 23:00:00,0.70793,0.21759
2024-07-22 00:00:00,0.6441,0.19213
2024-07-22 01:00:00,0.57834,0.16667
2024-07-22 02:00:00,0.51838,0.14352
2024-07-22 03:00:00,0.68859,0.71296
2024-07-22 04:00:00,0.69246,0.71065
2024-07-22 05:00:00,0.69052,0.71528
2024-07-22 06:00:00,0.68859,0.71528
2024-07-22 07:00:00,0.69052,0.71296
2024-07-22 08:00:00,0.68665,0.71528
2024-07-22 09:00:00,0.69052,0.71065
2024-07-22 10:00:00,0.70019,0.70602
2024-07-22 11:00:00,0.7234,0.69676
2024-07-22 12:00:00,0.75629,0.67824
2024-07-22 13:00:00,0.79884,0.66204
2024-07-22 14:00:00,0.84333,0.66898
2024-07-22 15:00:00,0.88201,0.66667
2024-07-22 16:00:00,0.90522,0.65509
2024-07-22 17:00:00,0.91489,0.65741
2024-07-22 18:00:00,0.91103,0.66204
2024-07-22 19:00:00,0.88781,0.65278
2024-07-22 20:00:00,0.84526,0.62731
2024-07-22 21:00:00,0.7853,0.60417
2024-07-22 22:00:00,0.71954,0.57407
2024-07-22 23:00:00,0.65764,0.54861
2024-07-23 00:00:00,0.60735,0.52546
2024-07-23 01:00:00,0.56867,0.50926
2024-07-23 02:00:00,0.53965,0.5
2024-07-23 03:00:00,0.52805,0.49769
2024-07-23 04:00:00,0.52805,0.49537
2024-07-23 05:00:00,0.54159,0.48843
2024-07-23 06:00:00,0.56673,0.47222
2024-07-23 07:00:00,0.60735,0.43981
2024-07-23 08:00:00,0.65957,0.39815
2024-07-23 09:00:00,0.70986,0.36111
2024-07-23 10:00:00,0.75435,0.33333
2024-07-23 11:00:00,0.78917,0.31944
2024-07-23 12:00:00,0.81238,0.30556
2024-07-23 13:00:00,0.82398,0.29861
2024-07-23 14:00:00,0.82592,0.2963
2024-07-23 15:00:00,0.81818,0.29398
2024-07-23 16:00:00,0.79691,0.29167
2024-07-23 17:00:00,0.75435,0.27778
2024-07-23 18:00:00,0.69826,0.25694
2024-07-23 19:00:00,0.6383,0.23843
2024-07-23 20:00:00,0.58221,0.22454
2024-07-23 21:00:00,0.53191,0.21296
2024-07-23 22:00:00,0.49903,0.21065
2024-07-23 23:00:00,0.47969,0.21759
2024-07-24 00:00:00,0.54932,0.875
2024-07-24 01:00:00,0.55126,0.875
2024-07-24 02:00:00,0.55319,0.875
2024-07-24 03:00:00,0.55513,0.875
2024-07-24 04:00:00,0.55319,0.875
2024-07-24 05:00:00,0.55126,0.875
2024-07-24 06:00:00,0.54739,0.87037
2024-07-24 07:00:00,0.54545,0.86343
2024-07-24 08:00:00,0.54739,0.86343
2024-07-24 09:00:00,0.53772,0.86111
2024-07-24 10:00:00,0.50484,0.84722
2024-07-24 11:00:00,0.44294,0.8125
2024-07-24 12:00:00,0.38491,0.79167
2024-07-24 13:00:00,0.32108,0.77546
2024-07-24 14:00:00,0.31335,0.78472
2024-07-24 15:00:00,0.31528,0.78241
2024-07-24 16:00:00,0.35783,0.77778
2024-07-24 17:00:00,0.44487,0.75463
2024-07-24 18:00:00,0.54739,0.71759
2024-07-24 19:00:00,0.62476,0.67593
2024-07-24 20:00:00,0.64603,0.6713
2024-07-24 21:00:00,0.6441,0.66898
2024-07-24 22:00:00,0.62282,0.66667
2024-07-24 23:00:00,0.55319,0.65046
2024-07-25 00:00:00,0.46809,0.62963
2024-07-25 01:00:00,0.40426,0.60648
2024-07-25 02:00:00,0.35203,0.59491
2024-07-25 03:00:00,0.32882,0.59722
2024-07-25 04:00:00,0.33656,0.59954
2024-07-25 05:00:00,0.37718,0.58565
2024-07-25 06:00:00,0.46422,0.54398
2024-07-25 07:00:00,0.55126,0.49074
2024-07-25 08:00:00,0.62476,0.44213
2024-07-25 09:00:00,0.67505,0.41435
2024-07-25 10:00:00,0.68472,0.41435
2024-07-25 11:00:00,0.66731,0.40972
2024-07-25 12:00:00,0.61896,0.37963
2024-07-25 13:00:00,0.54545,0.3287
2024-07-25 14:00:00,0.47195,0.27778
2024-07-25 15:00:00,0.41006,0.24769
2024-07-25 16:00:00,0.35783,0.23611
2024-07-25 17:00:00,0.32302,0.23611
2024-07-25 18:00:00,0.31721,0.24074
2024-07-25 19:00:00,0.33849,0.22454
2024-07-25 20:00:00,0.40812,0.16435
2024-07-25 21:00:00,0.6499,0.7963
2024-07-25 22:00:00,0.65184,0.7963
2024-07-25 23:00:00,0.6499,0.79398
2024-07-26 00:00:00,0.6499,0.79398
2024-07-26 01:00:00,0.64797,0.79398
2024-07-26 02:00:00,0.62476,0.78009
2024-07-26 03:00:00,0.58414,0.76157
2024-07-26 04:00:00,0.53965,0.74306
2024-07-26 05:00:00,0.5029,0.73611
2024-07-26 06:00:00,0.47002,0.73148
2024-07-26 07:00:00,0.45648,0.73148
2024-07-26 08:00:00,0.45841,0.72917
2024-07-26 09:00:00,0.48162,0.71759
2024-07-26 10:00:00,0.54159,0.68981
2024-07-26 11:00:00,0.60155,0.66667
2024-07-26 12:00:00,0.65377,0.64352
2024-07-26 13:00:00,0.69246,0.61806
2024-07-26 14:00:00,0.70793,0.61111
2024-07-26 15:00:00,0.70406,0.61111
2024-07-26 16:00:00,0.67698,0.6088
2024-07-26 17:00:00,0.62282,0.60185
2024-07-26 18:00:00,0.5706,0.59259
2024-07-26 19:00:00,0.52805,0.56944
2024-07-26 20:00:00,0.49903,0.55324
2024-07-26 21:00:00,0.47195,0.54167
2024-07-26 22:00:00,0.46228,0.54167
2024-07-26 23:00:00,0.47969,0.53472
2024-07-27 00:00:00,0.53965,0.5162
2024-07-27 01:00:00,0.61122,0.48843
2024-07-27 02:00:00,0.66731,0.46065
2024-07-27 03:00:00,0.70213,0.43519
2024-07-27 04:00:00,0.7176,0.4213
2024-07-27 05:00:00,0.72147,0.42361
2024-07-27 06:00:00,0.70019,0.41435
2024-07-27 07:00:00,0.6499,0.38657
2024-07-27 08:00:00,0.59574,0.35648
2024-07-27 09:00:00,0.54545,0.32639
2024-07-27 10:00:00,0.5029,0.29861
2024-07-27 11:00:00,0.46809,0.28472
2024-07-27 12:00:00,0.44487,0.27778
2024-07-27 13:00:00,0.44681,0.27546
2024-07-27 14:00:00,0.48162,0.26852
2024-07-27 15:00:00,0.54352,0.24074
2024-07-27 16:00:00,0.59768,0.20139
2024-07-27 17:00:00,0.64023,0.16667
2024-07-27 18:00:00,0.72921,0.78472
2024-07-27 19:00:00,0.73114,0.78241
2024-07-27 20:00:00,0.72727,0.78472
2024-07-27 21:00:00,0.72727,0.78241
2024-07-27 22:00:00,0.71567,0.77778
2024-07-27 23:00:00,0.66151,0.77315
2024-07-28 00:00:00,0.61702,0.76852
2024-07-28 01:00:00,0.56093,0.76157
2024-07-28 02:00:00,0.51451,0.75231
2024-07-28 03:00:00,0.49516,0.75
2024-07-28 04:00:00,0.49516,0.74769
2024-07-28 05:00:00,0.5087,0.74074
2024-07-28 06:00:00,0.55513,0.71065
2024-07-28 07:00:00,0.61509,0.65972
2024-07-28 08:00:00,0.67118,0.625
2024-07-28 09:00:00,0.70986,0.59954
2024-07-28 10:00:00,0.72534,0.59259
2024-07-28 11:00:00,0.7234,0.59259
2024-07-28 12:00:00,0.70213,0.58796
2024-07-28 13:00:00,0.66151,0.56481
2024-07-28 14:00:00,0.61896,0.51852
2024-07-28 15:00:00,0.57834,0.4838
2024-07-28 16:00:00,0.53772,0.46296
2024-07-28 17:00:00,0.4971,0.44444
2024-07-28 18:00:00,0.48356,0.44444
2024-07-28 19:00:00,0.48936,0.44213
2024-07-28 20:00:00,0.52224,0.42593
2024-07-28 21:00:00,0.58027,0.39583
2024-07-28 22:00:00,0.63443,0.35648
2024-07-28 23:00:00,0.68472,0.31713
2024-07-29 00:00:00,0.72921,0.28704
2024-07-29 01:00:00,0.74855,0.27778
2024-07-29 02:00:00,0.74662,0.27778
2024-07-29 03:00:00,0.73114,0.27083
2024-07-29 04:00:00,0.69632,0.24306
2024-07-29 05:00:00,0.6499,0.20833
2024-07-29 06:00:00,0.60155,0.17824
2024-07-29 07:00:00,0.55706,0.15972
2024-07-29 08:00:00,0.5087,0.15741
2024-07-29 09:00:00,0.47389,0.15509
2024-07-29 10:00:00,0.47582,0.15509
2024-07-29 11:00:00,0.4913,0.14352
2024-07-29 12:00:00,0.53385,0.10417
2024-07-29 13:00:00,0.59768,0.060185
2024-07-29 14:00:00,0.65184,0.034722
2024-07-29 15:00:00,0.65184,0.82407
2024-07-29 16:00:00,0.65184,0.82639
2024-07-29 17:00:00,0.65184,0.82639
2024-07-29 18:00:00,0.65184,0.82639
2024-07-29 19:00:00,0.65184,0.82639
2024-07-29 20:00:00,0.6499,0.82407
2024-07-29 21:00:00,0.62863,0.81019
2024-07-29 22:00:00,0.56867,0.79167
2024-07-29 23:00:00,0.50484,0.7662
2024-07-30 00:00:00,0.45455,0.74769
2024-07-30 01:00:00,0.44294,0.74769
2024-07-30 02:00:00,0.44874,0.74306
2024-07-30 03:00:00,0.47582,0.73611
2024-07-30 04:00:00,0.54545,0.68287
2024-07-30 05:00:00,0.62476,0.62269
2024-07-30 06:00:00,0.68472,0.58102
2024-07-30 07:00:00,0.69826,0.57639
2024-07-30 08:00:00,0.68665,0.57639
2024-07-30 09:00:00,0.66151,0.56481
2024-07-30 10:00:00,0.61122,0.5162
2024-07-30 11:00:00,0.54932,0.47454
2024-07-30 12:00:00,0.49323,0.4537
2024-07-30 13:00:00,0.44294,0.43519
2024-07-30 14:00:00,0.43714,0.43287
2024-07-30 15:00:00,0.43907,0.43287
2024-07-30 16:00:00,0.47195,0.42361
2024-07-30 17:00:00,0.55899,0.38426
2024-07-30 18:00:00,0.63056,0.34028
2024-07-30 19:00:00,0.67698,0.29398
2024-07-30 20:00:00,0.71567,0.26157
2024-07-30 21:00:00,0.72534,0.25463
2024-07-30 22:00:00,0.71373,0.25231
2024-07-30 23:00:00,0.67892,0.21991
2024-07-31 00:00:00,0.62282,0.17824
2024-07-31 01:00:00,0.5648,0.14815
2024-07-31 02:00:00,0.51451,0.12963
2024-07-31 03:00:00,0.47195,0.11806
2024-07-31 04:00:00,0.44874,0.12037
2024-07-31 05:00:00,0.45068,0.11574
2024-07-31 06:00:00,0.46809,0.10417
2024-07-31 07:00:00,0.53191,0.081019
2024-07-31 08:00:00,0.61315,0.050926
2024-07-31 09:00:00,0.68279,0.030093
2024-07-31 10:00:00,0.73308,0.009259
2024-07-31 11:00:00,0.74275,0.006944
2024-07-31 12:00:00,0.45455,0.84954
2024-07-31 13:00:00,0.45261,0.85185
2024-07-31 14:00:00,0.45068,0.85417
2024-07-31 15:00:00,0.45455,0.85417
2024-07-31 16:00:00,0.44101,0.84491
2024-07-31 17:00:00,0.40619,0.81713
2024-07-31 18:00:00,0.3501,0.78241
2024-07-31 19:00:00,0.29787,0.74074
2024-07-31 20:00:00,0.23211,0.69676
2024-07-31 21:00:00,0.17602,0.66435
2024-07-31 22:00:00,0.1354,0.64815
2024-07-31 23:00:00,0.15667,0.62963
2024-08-01 00:00:00,0.16248,0.62037
2024-08-01 01:00:00,0.15474,0.61574
2024-08-01 02:00:00,0.18956,0.61343
2024-08-01 03:00:00,0.21857,0.63194
2024-08-01 04:00:00,0.26499,0.63194
2024-08-01 05:00:00,0.31915,0.62037
2024-08-01 06:00:00,0.36944,0.59722
2024-08-01 07:00:00,0.41006,0.56713
2024-08-01 08:00:00,0.44101,0.54398
2024-08-01 09:00:00,0.46615,0.52546
2024-08-01 10:00:00,0.48356,0.50926
2024-08-01 11:00:00,0.4913,0.49537
2024-08-01 12:00:00,0.47776,0.47917
2024-08-01 13:00:00,0.44874,0.46528
2024-08-01 14:00:00,0.41393,0.44444
2024-08-01 15:00:00,0.37524,0.41898
2024-08-01 16:00:00,0.33849,0.38889
2024-08-01 17:00:00,0.30174,0.35417
2024-08-01 18:00:00,0.26692,0.32407
2024-08-01 19:00:00,0.23211,0.29861
2024-08-01 20:00:00,0.18182,0.27315
2024-08-01 21:00:00,0.14894,0.25
2024-08-01 22:00:00,0.12959,0.25463
2024-08-01 23:00:00,0.12573,0.25
2024-08-02 00:00:00,0.13926,0.25463
2024-08-02 01:00:00,0.16248,0.24306
2024-08-02 02:00:00,0.19149,0.22917
2024-08-02 03:00:00,0.23404,0.21528
2024-08-02 04:00:00,0.28433,0.19907
2024-08-02 05:00:00,0.32302,0.17361
2024-08-02 06:00:00,0.35977,0.1412
2024-08-02 07:00:00,0.38878,0.11343
2024-08-02 08:00:00,0.41586,0.094907
2024-08-02 09:00:00,0.43714,0.75694
2024-08-02 10:00:00,0.4352,0.75694
2024-08-02 11:00:00,0.43133,0.75463
2024-08-02 12:00:00,0.4294,0.75
2024-08-02 13:00:00,0.40812,0.74074
2024-08-02 14:00:00,0.37137,0.71528
2024-08-02 15:00:00,0.32495,0.67593
2024-08-02 16:00:00,0.2766,0.63889
2024-08-02 17:00:00,0.22824,0.59954
2024-08-02 18:00:00,0.19729,0.57176
2024-08-02 19:00:00,0.17988,0.55787
2024-08-02 20:00:00,0.18182,0.55556
2024-08-02 21:00:00,0.18762,0.55787
2024-08-02 22:00:00,0.21083,0.56481
2024-08-02 23:00:00,0.23598,0.57407
2024-08-03 00:00:00,0.27853,0.5625
2024-08-03 01:00:00,0.31915,0.54398
2024-08-03 02:00:00,0.35977,0.5162
2024-08-03 03:00:00,0.40426,0.49537
2024-08-03 04:00:00,0.45455,0.47685
2024-08-03 05:00:00,0.49516,0.46528
2024-08-03 06:00:00,0.52224,0.45602
2024-08-03 07:00:00,0.52805,0.44676
2024-08-03 08:00:00,0.52031,0.4375
2024-08-03 09:00:00,0.4971,0.4213
2024-08-03 10:00:00,0.46615,0.40278
2024-08-03 11:00:00,0.42553,0.38426
2024-08-03 12:00:00,0.37911,0.36111
2024-08-03 13:00:00,0.32495,0.34028
2024-08-03 14:00:00,0.27466,0.31713
2024-08-03 15:00:00,0.22824,0.29167
2024-08-03 16:00:00,0.17795,0.27083
2024-08-03 17:00:00,0.13733,0.26157
2024-08-03 18:00:00,0.10251,0.2662
2024-08-03 19:00:00,0.071567,0.27083
2024-08-03 20:00:00,0.065764,0.27778
2024-08-03 21:00:00,0.094778,0.26389
2024-08-03 22:00:00,0.13346,0.25463
2024-08-03 23:00:00,0.17021,0.23843
2024-08-04 00:00:00,0.22631,0.22222
2024-08-04 01:00:00,0.2882,0.20602
2024-08-04 02:00:00,0.34623,0.18056
2024-08-04 03:00:00,0.39845,0.15046
2024-08-04 04:00:00,0.4352,0.11574
2024-08-04 05:00:00,0.47002,0.085648
2024-08-04 06:00:00,0.49903,0.77546
2024-08-04 07:00:00,0.4971,0.77546
2024-08-04 08:00:00,0.48936,0.76852
2024-08-04 09:00:00,0.46422,0.76389
2024-08-04 10:00:00,0.41199,0.75
2024-08-04 11:00:00,0.34816,0.72454
2024-08-04 12:00:00,0.29207,0.6875
2024-08-04 13:00:00,0.24565,0.64815
2024-08-04 14:00:00,0.21083,0.60185
2024-08-04 15:00:00,0.17021,0.57176
2024-08-04 16:00:00,0.16054,0.56944
2024-08-04 17:00:00,0.16441,0.57407
2024-08-04 18:00:00,0.17795,0.57407
2024-08-04 19:00:00,0.19923,0.58796
2024-08-04 20:00:00,0.23598,0.59259
2024-08-04 21:00:00,0.29207,0.58102
2024-08-04 22:00:00,0.35203,0.57407
2024-08-04 23:00:00,0.41199,0.55787
2024-08-05 00:00:00,0.46615,0.54167
2024-08-05 01:00:00,0.51644,0.51852
2024-08-05 02:00:00,0.56093,0.50231
2024-08-05 03:00:00,0.58414,0.49769
2024-08-05 04:00:00,0.58994,0.49769
2024-08-05 05:00:00,0.58994,0.49074
2024-08-05 06:00:00,0.58027,0.4838
2024-08-05 07:00:00,0.55899,0.46759
2024-08-05 08:00:00,0.52805,0.45602
2024-08-05 09:00:00,0.48356,0.43519
2024-08-05 10:00:00,0.43327,0.41204
2024-08-05 11:00:00,0.37718,0.38194
2024-08-05 12:00:00,0.31915,0.3588
2024-08-05 13:00:00,0.26692,0.34491
2024-08-05 14:00:00,0.2205,0.32176
2024-08-05 15:00:00,0.17988,0.30093
2024-08-05 16:00:00,0.1528,0.28241
2024-08-05 17:00:00,0.14313,0.27315
2024-08-05 18:00:00,0.13926,0.26389
2024-08-05 19:00:00,0.147,0.2662
2024-08-05 20:00:00,0.16248,0.26852
2024-08-05 21:00:00,0.19729,0.27083
2024-08-05 22:00:00,0.24565,0.26157
2024-08-05 23:00:00,0.30948,0.24537
2024-08-06 00:00:00,0.37718,0.22685
2024-08-06 01:00:00,0.43907,0.19907
2024-08-06 02:00:00,0.49323,0.17361
2024-08-06 03:00:00,0.6383,0.77778
2024-08-06 04:00:00,0.6383,0.77546
2024-08-06 05:00:00,0.63636,0.78009
2024-08-06 06:00:00,0.63636,0.77778
2024-08-06 07:00:00,0.63636,0.77778
2024-08-06 08:00:00,0.6325,0.77778
2024-08-06 09:00:00,0.61122,0.7662
2024-08-06 10:00:00,0.55319,0.72685
2024-08-06 11:00:00,0.48936,0.68519
2024-08-06 12:00:00,0.41973,0.63889
2024-08-06 13:00:00,0.37331,0.60185
2024-08-06 14:00:00,0.34236,0.59259
2024-08-06 15:00:00,0.3501,0.59722
2024-08-06 16:00:00,0.3617,0.59491
2024-08-06 17:00:00,0.39265,0.60185
2024-08-06 18:00:00,0.4352,0.61806
2024-08-06 19:00:00,0.49323,0.60417
2024-08-06 20:00:00,0.54352,0.58565
2024-08-06 21:00:00,0.58414,0.57407
2024-08-06 22:00:00,0.62282,0.57407
2024-08-06 23:00:00,0.64603,0.58565
2024-08-07 00:00:00,0.64217,0.58333
2024-08-07 01:00:00,0.63636,0.58102
2024-08-07 02:00:00,0.61702,0.56481
2024-08-07 03:00:00,0.59574,0.54167
2024-08-07 04:00:00,0.56673,0.51157
2024-08-07 05:00:00,0.52418,0.48611
2024-08-07 06:00:00,0.48162,0.47222
2024-08-07 07:00:00,0.44681,0.45833
2024-08-07 08:00:00,0.41393,0.45139
2024-08-07 09:00:00,0.40426,0.45602
2024-08-07 10:00:00,0.40619,0.45139
2024-08-07 11:00:00,0.42747,0.44213
2024-08-07 12:00:00,0.46228,0.43519
2024-08-07 13:00:00,0.49903,0.4213
2024-08-07 14:00:00,0.53385,0.40741
2024-08-07 15:00:00,0.5764,0.40046
2024-08-07 16:00:00,0.60542,0.38889
2024-08-07 17:00:00,0.6441,0.38657
2024-08-07 18:00:00,0.65377,0.38426
2024-08-07 19:00:00,0.64797,0.38194
2024-08-07 20:00:00,0.6383,0.37963
2024-08-07 21:00:00,0.61122,0.36806
2024-08-07 22:00:00,0.56673,0.3588
2024-08-07 23:00:00,0.52998,0.35185
2024-08-08 00:00:00,0.81625,0.51852
2024-08-08 01:00:00,0.81625,0.51852
2024-08-08 02:00:00,0.81625,0.5162
2024-08-08 03:00:00,0.81431,0.5162
2024-08-08 04:00:00,0.81238,0.5162
2024-08-08 05:00:00,0.81238,0.51852
2024-08-08 06:00:00,0.80851,0.51157
2024-08-08 07:00:00,0.80271,0.50231
2024-08-08 08:00:00,0.79497,0.49769
2024-08-08 09:00:00,0.7911,0.5162
2024-08-08 10:00:00,0.77756,0.48611
2024-08-08 11:00:00,0.75822,0.45833
2024-08-08 12:00:00,0.73308,0.43519
2024-08-08 13:00:00,0.70406,0.42824
2024-08-08 14:00:00,0.67311,0.43287
2024-08-08 15:00:00,0.65184,0.44444
2024-08-08 16:00:00,0.6383,0.46296
2024-08-08 17:00:00,0.63443,0.48611
2024-08-08 18:00:00,0.63443,0.50231
2024-08-08 19:00:00,0.63443,0.53472
2024-08-08 20:00:00,0.63636,0.5463
2024-08-08 21:00:00,0.62282,0.56713
2024-08-08 22:00:00,0.60542,0.59028
2024-08-08 23:00:00,0.58994,0.60648
2024-08-09 00:00:00,0.57253,0.61806
2024-08-09 01:00:00,0.55126,0.61806
2024-08-09 02:00:00,0.53191,0.61806
2024-08-09 03:00:00,0.50677,0.60417
2024-08-09 04:00:00,0.48356,0.58333
2024-08-09 05:00:00,0.46615,0.55324
2024-08-09 06:00:00,0.45068,0.51852
2024-08-09 07:00:00,0.43327,0.48843
2024-08-09 08:00:00,0.41006,0.46296
2024-08-09 09:00:00,0.37911,0.4537
2024-08-09 10:00:00,0.34816,0.46991
2024-08-09 11:00:00,0.32108,0.50231
2024-08-09 12:00:00,0.30174,0.53704
2024-08-09 13:00:00,0.28433,0.57639
2024-08-09 14:00:00,0.27079,0.62037
2024-08-09 15:00:00,0.25532,0.64815
2024-08-09 16:00:00,0.23598,0.68287
2024-08-09 17:00:00,0.2147,0.70602
2024-08-09 18:00:00,0.19342,0.72454
2024-08-09 19:00:00,0.17602,0.7338
2024-08-09 20:00:00,0.15861,0.72917
2024-08-09 21:00:00,0.853,0.57639
2024-08-09 22:00:00,0.85493,0.57407
2024-08-09 23:00:00,0.853,0.57639
2024-08-10 00:00:00,0.853,0.57407
2024-08-10 01:00:00,0.85493,0.56944
2024-08-10 02:00:00,0.8588,0.55787
2024-08-10 03:00:00,0.85493,0.5463
2024-08-10 04:00:00,0.853,0.54398
2024-08-10 05:00:00,0.84139,0.49769
2024-08-10 06:00:00,0.82012,0.4375
2024-08-10 07:00:00,0.7911,0.39583
2024-08-10 08:00:00,0.75435,0.375
2024-08-10 09:00:00,0.7118,0.37731
2024-08-10 10:00:00,0.66731,0.40278
2024-08-10 11:00:00,0.62863,0.44907
2024-08-10 12:00:00,0.61122,0.50694
2024-08-10 13:00:00,0.61702,0.55556
2024-08-10 14:00:00,0.61896,0.60185
2024-08-10 15:00:00,0.59961,0.64352
2024-08-10 16:00:00,0.56093,0.66898
2024-08-10 17:00:00,0.52031,0.68056
2024-08-10 18:00:00,0.47969,0.68287
2024-08-10 19:00:00,0.45455,0.65972
2024-08-10 20:00:00,0.44101,0.62269
2024-08-10 21:00:00,0.44294,0.56481
2024-08-10 22:00:00,0.44681,0.50694
2024-08-10 23:00:00,0.44874,0.45833
2024-08-11 00:00:00,0.44294,0.40972
2024-08-11 01:00:00,0.42553,0.36574
2024-08-11 02:00:00,0.39458,0.33565
2024-08-11 03:00:00,0.35783,0.31944
2024-08-11 04:00:00,0.31721,0.32407
2024-08-11 05:00:00,0.2824,0.35417
2024-08-11 06:00:00,0.25532,0.39815
2024-08-11 07:00:00,0.23791,0.44907
2024-08-11 08:00:00,0.23017,0.51389
2024-08-11 09:00:00,0.23211,0.58333
2024-08-11 10:00:00,0.23598,0.65046
2024-08-11 11:00:00,0.23791,0.71296
2024-08-11 12:00:00,0.22631,0.77778
2024-08-11 13:00:00,0.19923,0.80787
2024-08-11 14:00:00,0.17021,0.7963
2024-08-11 15:00:00,0.14313,0.75231
2024-08-11 16:00:00,0.12959,0.69213
2024-08-11 17:00:00,0.12959,0.62037
2024-08-11 18:00:00,0.853,0.74537
2024-08-11 19:00:00,0.8588,0.74074
2024-08-11 20:00:00,0.8588,0.74074
2024-08-11 21:00:00,0.85687,0.74074
2024-08-11 22:00:00,0.853,0.74537
2024-08-11 23:00:00,0.83946,0.77315
2024-08-12 00:00:00,0.84139,0.74537
2024-08-12 01:00:00,0.8472,0.6875
2024-08-12 02:00:00,0.8472,0.63426
2024-08-12 03:00:00,0.8472,0.59722
2024-08-12 04:00:00,0.84139,0.55556
2024-08-12 05:00:00,0.82785,0.52083
2024-08-12 06:00:00,0.81238,0.48843
2024-08-12 07:00:00,0.78723,0.46528
2024-08-12 08:00:00,0.75435,0.44907
2024-08-12 09:00:00,0.71373,0.44444
2024-08-12 10:00:00,0.67892,0.44676
2024-08-12 11:00:00,0.65377,0.46065
2024-08-12 12:00:00,0.63636,0.47685
2024-08-12 13:00:00,0.61896,0.50463
2024-08-12 14:00:00,0.61122,0.53935
2024-08-12 15:00:00,0.60735,0.58333
2024-08-12 16:00:00,0.60735,0.62269
2024-08-12 17:00:00,0.60155,0.65741
2024-08-12 18:00:00,0.59381,0.68056
2024-08-12 19:00:00,0.58027,0.70833
2024-08-12 20:00:00,0.55899,0.72454
2024-08-12 21:00:00,0.53385,0.74074
2024-08-12 22:00:00,0.51838,0.74537
2024-08-12 23:00:00,0.49903,0.74769
2024-08-13 00:00:00,0.47776,0.74306
2024-08-13 01:00:00,0.45068,0.73611
2024-08-13 02:00:00,0.41973,0.72454
2024-08-13 03:00:00,0.39652,0.70602
2024-08-13 04:00:00,0.38491,0.67593
2024-08-13 05:00:00,0.37911,0.6412
2024-08-13 06:00:00,0.37524,0.59954
2024-08-13 07:00:00,0.35977,0.5625
2024-08-13 08:00:00,0.34623,0.52315
2024-08-13 09:00:00,0.33462,0.49074
2024-08-13 10:00:00,0.32302,0.46296
2024-08-13 11:00:00,0.29981,0.44676
2024-08-13 12:00:00,0.27466,0.44444
2024-08-13 13:00:00,0.24565,0.44444
2024-08-13 14:00:00,0.2147,0.46528
2024-08-13 15:00:00,0.82979,0.7662
2024-08-13 16:00:00,0.82979,0.7662
2024-08-13 17:00:00,0.82979,0.77083
2024-08-13 18:00:00,0.82785,0.77083
2024-08-13 19:00:00,0.82979,0.7662
2024-08-13 20:00:00,0.83366,0.75
2024-08-13 21:00:00,0.83366,0.72685
2024-08-13 22:00:00,0.83366,0.70833
2024-08-13 23:00:00,0.83172,0.69444
2024-08-14 00:00:00,0.82979,0.66204
2024-08-14 01:00:00,0.82592,0.62963
2024-08-14 02:00:00,0.82205,0.59722
2024-08-14 03:00:00,0.81818,0.56481
2024-08-14 04:00:00,0.80851,0.53935
2024-08-14 05:00:00,0.79691,0.51157
2024-08-14 06:00:00,0.77756,0.49074
2024-08-14 07:00:00,0.75435,0.4838
2024-08-14 08:00:00,0.73114,0.49074
2024-08-14 09:00:00,0.70986,0.50463
2024-08-14 10:00:00,0.69052,0.52315
2024-08-14 11:00:00,0.67698,0.54861
2024-08-14 12:00:00,0.67118,0.57407
2024-08-14 13:00:00,0.66925,0.60185
2024-08-14 14:00:00,0.66925,0.63194
2024-08-14 15:00:00,0.66731,0.65741
2024-08-14 16:00:00,0.66151,0.67824
2024-08-14 17:00:00,0.64603,0.70139
2024-08-14 18:00:00,0.62282,0.72454
2024-08-14 19:00:00,0.59574,0.73611
2024-08-14 20:00:00,0.56673,0.75926
2024-08-14 21:00:00,0.52998,0.75463
2024-08-14 22:00:00,0.50097,0.74306
2024-08-14 23:00:00,0.47969,0.71528
2024-08-15 00:00:00,0.47002,0.68056
2024-08-15 01:00:00,0.46809,0.65046
2024-08-15 02:00:00,0.46809,0.62037
2024-08-15 03:00:00,0.46422,0.58565
2024-08-15 04:00:00,0.46228,0.5463
2024-08-15 05:00:00,0.45455,0.51157
2024-08-15 06:00:00,0.44101,0.47685
2024-08-15 07:00:00,0.41199,0.4537
2024-08-15 08:00:00,0.37524,0.4375
2024-08-15 09:00:00,0.33269,0.43056
2024-08-15 10:00:00,0.29787,0.44213
2024-08-15 11:00:00,0.26886,0.47222
2024-08-15 12:00:00,0.79304,0.74769
2024-08-15 13:00:00,0.79304,0.74306
2024-08-15 14:00:00,0.7911,0.74306
2024-08-15 15:00:00,0.78917,0.73843
2024-08-15 16:00:00,0.78723,0.72222
2024-08-15 17:00:00,0.7853,0.70602
2024-08-15 18:00:00,0.7853,0.68287
2024-08-15 19:00:00,0.78917,0.65741
2024-08-15 20:00:00,0.79304,0.62731
2024-08-15 21:00:00,0.79304,0.59722
2024-08-15 22:00:00,0.7911,0.56713
2024-08-15 23:00:00,0.78917,0.53704
2024-08-16 00:00:00,0.78337,0.51389
2024-08-16 01:00:00,0.77176,0.50231
2024-08-16 02:00:00,0.75048,0.48611
2024-08-16 03:00:00,0.72534,0.47454
2024-08-16 04:00:00,0.69439,0.47222
2024-08-16 05:00:00,0.66925,0.47917
2024-08-16 06:00:00,0.65571,0.5
2024-08-16 07:00:00,0.6441,0.52778
2024-08-16 08:00:00,0.6383,0.55556
2024-08-16 09:00:00,0.63636,0.58565
2024-08-16 10:00:00,0.63056,0.61343
2024-08-16 11:00:00,0.62089,0.6412
2024-08-16 12:00:00,0.61315,0.66667
2024-08-16 13:00:00,0.60735,0.69213
2024-08-16 14:00:00,0.59574,0.71991
2024-08-16 15:00:00,0.57253,0.74074
2024-08-16 16:00:00,0.54545,0.75231
2024-08-16 17:00:00,0.52031,0.75463
2024-08-16 18:00:00,0.47969,0.75926
2024-08-16 19:00:00,0.44681,0.75231
2024-08-16 20:00:00,0.43327,0.73611
2024-08-16 21:00:00,0.41973,0.71065
2024-08-16 22:00:00,0.41586,0.67824
2024-08-16 23:00:00,0.41199,0.63889
2024-08-17 00:00:00,0.41006,0.60185
2024-08-17 01:00:00,0.41006,0.56713
2024-08-17 02:00:00,0.40232,0.53241
2024-08-17 03:00:00,0.38491,0.50231
2024-08-17 04:00:00,0.36364,0.47222
2024-08-17 05:00:00,0.33656,0.4537
2024-08-17 06:00:00,0.30561,0.44676
2024-08-17 07:00:00,0.2766,0.46065
2024-08-17 08:00:00,0.24371,0.49537
2024-08-17 09:00:00,0.75629,0.75
2024-08-17 10:00:00,0.75242,0.76389
2024-08-17 11:00:00,0.75435,0.75926
2024-08-17 12:00:00,0.75435,0.75231
2024-08-17 13:00:00,0.74855,0.74537
2024-08-17 14:00:00,0.74662,0.71528
2024-08-17 15:00:00,0.75048,0.68056
2024-08-17 16:00:00,0.75048,0.64352
2024-08-17 17:00:00,0.74662,0.60417
2024-08-17 18:00:00,0.74081,0.5625
2024-08-17 19:00:00,0.73308,0.53009
2024-08-17 20:00:00,0.7176,0.50926
2024-08-17 21:00:00,0.69439,0.49074
2024-08-17 22:00:00,0.66538,0.48611
2024-08-17 23:00:00,0.6383,0.49306
2024-08-18 00:00:00,0.61896,0.52315
2024-08-18 01:00:00,0.60542,0.55324
2024-08-18 02:00:00,0.59768,0.59028
2024-08-18 03:00:00,0.58607,0.62731
2024-08-18 04:00:00,0.57834,0.66667
2024-08-18 05:00:00,0.5706,0.69676
2024-08-18 06:00:00,0.55706,0.71759
2024-08-18 07:00:00,0.52998,0.74074
2024-08-18 08:00:00,0.5029,0.75
2024-08-18 09:00:00,0.47969,0.75694
2024-08-18 10:00:00,0.45455,0.75694
2024-08-18 11:00:00,0.42553,0.74306
2024-08-18 12:00:00,0.40426,0.71759
2024-08-18 13:00:00,0.40039,0.67824
2024-08-18 14:00:00,0.40039,0.62963
2024-08-18 15:00:00,0.40232,0.58796
2024-08-18 16:00:00,0.40619,0.5463
2024-08-18 17:00:00,0.39458,0.50694
2024-08-18 18:00:00,0.36944,0.47454
2024-08-18 19:00:00,0.33075,0.46296
2024-08-18 20:00:00,0.28433,0.46296
2024-08-18 21:00:00,0.24371,0.4838
2024-08-18 22:00:00,0.23404,0.51852
2024-08-18 23:00:00,0.22631,0.5625
2024-08-19 00:00:00,0.2205,0.60648
2024-08-19 01:00:00,0.2147,0.65278
2024-08-19 02:00:00,0.21277,0.69444
2024-08-19 03:00:00,0.20503,0.69907
2024-08-19 04:00:00,0.1528,0.72917
2024-08-19 05:00:00,0.098646,0.87963
2024-08-19 06:00:00,0.82592,0.69213
2024-08-19 07:00:00,0.83366,0.69213
2024-08-19 08:00:00,0.83559,0.68981
2024-08-19 09:00:00,0.82398,0.69444
2024-08-19 10:00:00,0.83946,0.69213
2024-08-19 11:00:00,0.82979,0.69444
2024-08-19 12:00:00,0.84139,0.68056
2024-08-19 13:00:00,0.84913,0.65509
2024-08-19 14:00:00,0.82205,0.6412
2024-08-19 15:00:00,0.80658,0.63889
2024-08-19 16:00:00,0.80271,0.63426
2024-08-19 17:00:00,0.79497,0.59954
2024-08-19 18:00:00,0.7795,0.56481
2024-08-19 19:00:00,0.76209,0.53472
2024-08-19 20:00:00,0.74275,0.50926
2024-08-19 21:00:00,0.71954,0.49537
2024-08-19 22:00:00,0.69439,0.49074
2024-08-19 23:00:00,0.66538,0.49537
2024-08-20 00:00:00,0.63636,0.50926
2024-08-20 01:00:00,0.61315,0.53009
2024-08-20 02:00:00,0.59574,0.56019
2024-08-20 03:00:00,0.58027,0.59028
2024-08-20 04:00:00,0.57447,0.61111
2024-08-20 05:00:00,0.56673,0.6412
2024-08-20 06:00:00,0.55513,0.65741
2024-08-20 07:00:00,0.53772,0.67824
2024-08-20 08:00:00,0.53772,0.71528
2024-08-20 09:00:00,0.52805,0.74306
2024-08-20 10:00:00,0.50677,0.77546
2024-08-20 11:00:00,0.48356,0.79861
2024-08-20 12:00:00,0.46228,0.81019
2024-08-20 13:00:00,0.44101,0.81944
2024-08-20 14:00:00,0.41779,0.82407
2024-08-20 15:00:00,0.40039,0.82639
2024-08-20 16:00:00,0.38491,0.82639
2024-08-20 17:00:00,0.36944,0.82176
2024-08-20 18:00:00,0.3501,0.81019
2024-08-20 19:00:00,0.33462,0.79398
2024-08-20 20:00:00,0.32108,0.7662
2024-08-20 21:00:00,0.31335,0.7338
2024-08-20 22:00:00,0.30561,0.69907
2024-08-20 23:00:00,0.294,0.66898
2024-08-21 00:00:00,0.294,0.65509
2024-08-21 01:00:00,0.294,0.63889
2024-08-21 02:00:00,0.29207,0.61806
2024-08-21 03:00:00,0.88395,0.61574
2024-08-21 04:00:00,0.88201,0.61806
2024-08-21 05:00:00,0.87234,0.62037
2024-08-21 06:00:00,0.87041,0.61574
2024-08-21 07:00:00,0.84526,0.61574
2024-08-21 08:00:00,0.83559,0.6088
2024-08-21 09:00:00,0.82205,0.60417
2024-08-21 10:00:00,0.80851,0.60648
2024-08-21 11:00:00,0.80658,0.58796
2024-08-21 12:00:00,0.79884,0.59954
2024-08-21 13:00:00,0.7853,0.57176
2024-08-21 14:00:00,0.77369,0.5463
2024-08-21 15:00:00,0.76015,0.5162
2024-08-21 16:00:00,0.74081,0.49537
2024-08-21 17:00:00,0.7176,0.47685
2024-08-21 18:00:00,0.69052,0.46759
2024-08-21 19:00:00,0.66151,0.46528
2024-08-21 20:00:00,0.62669,0.47454
2024-08-21 21:00:00,0.59381,0.49306
2024-08-21 22:00:00,0.56673,0.52083
2024-08-21 23:00:00,0.54545,0.54861
2024-08-22 00:00:00,0.53191,0.57639
2024-08-22 01:00:00,0.52224,0.6088
2024-08-22 02:00:00,0.52224,0.62731
2024-08-22 03:00:00,0.52224,0.65741
2024-08-22 04:00:00,0.51838,0.68981
2024-08-22 05:00:00,0.52224,0.70602
2024-08-22 06:00:00,0.5087,0.71991
2024-08-22 07:00:00,0.48356,0.74306
2024-08-22 08:00:00,0.46228,0.76157
2024-08-22 09:00:00,0.44294,0.78009
2024-08-22 10:00:00,0.41199,0.7963
2024-08-22 11:00:00,0.38685,0.80324
2024-08-22 12:00:00,0.36944,0.80324
2024-08-22 13:00:00,0.35203,0.79167
2024-08-22 14:00:00,0.33849,0.77315
2024-08-22 15:00:00,0.32108,0.75231
2024-08-22 16:00:00,0.30561,0.7338
2024-08-22 17:00:00,0.29207,0.71065
2024-08-22 18:00:00,0.28046,0.68519
2024-08-22 19:00:00,0.27079,0.65972
2024-08-22 20:00:00,0.26886,0.62731
2024-08-22 21:00:00,0.2766,0.59259
2024-08-22 22:00:00,0.2766,0.5625
2024-08-22 23:00:00,0.27853,0.53009
2024-08-23 00:00:00,0.66925,0.62269
2024-08-23 01:00:00,0.66731,0.61574
2024-08-23 02:00:00,0.65957,0.59722
2024-08-23 03:00:00,0.64603,0.56019
2024-08-23 04:00:00,0.61896,0.51157
2024-08-23 05:00:00,0.58801,0.46759
2024-08-23 06:00:00,0.55706,0.4375
2024-08-23 07:00:00,0.52418,0.4213
2024-08-23 08:00:00,0.49516,0.41435
2024-08-23 09:00:00,0.47002,0.41667
2024-08-23 10:00:00,0.44487,0.42824
2024-08-23 11:00:00,0.42553,0.44444
2024-08-23 12:00:00,0.40619,0.46759
2024-08-23 13:00:00,0.39072,0.49537
2024-08-23 14:00:00,0.38298,0.52315
2024-08-23 15:00:00,0.38491,0.55324
2024-08-23 16:00:00,0.39265,0.58565
2024-08-23 17:00:00,0.39845,0.60648
2024-08-23 18:00:00,0.39845,0.625
2024-08-23 19:00:00,0.39458,0.65046
2024-08-23 20:00:00,0.39072,0.67361
2024-08-23 21:00:00,0.38491,0.6875
2024-08-23 22:00:00,0.37137,0.70139
2024-08-23 23:00:00,0.36364,0.7037
2024-08-24 00:00:00,0.33849,0.71065
2024-08-24 01:00:00,0.31335,0.70139
2024-08-24 02:00:00,0.2882,0.67361
2024-08-24 03:00:00,0.26112,0.63657
2024-08-24 04:00:00,0.24178,0.59722
2024-08-24 05:00:00,0.22631,0.56019
2024-08-24 06:00:00,0.22244,0.51852
2024-08-24 07:00:00,0.21857,0.47454
2024-08-24 08:00:00,0.2147,0.4375
2024-08-24 09:00:00,0.20309,0.40509
2024-08-24 10:00:00,0.18762,0.38194
2024-08-24 11:00:00,0.16441,0.36343
2024-08-24 12:00:00,0.13346,0.34954
2024-08-24 13:00:00,0.10638,0.33333
2024-08-24 14:00:00,0.090909,0.34491
2024-08-24 15:00:00,0.083172,0.37037
2024-08-24 16:00:00,0.079304,0.40509
2024-08-24 17:00:00,0.067698,0.44907
2024-08-24 18:00:00,0.046422,0.5
2024-08-24 19:00:00,0.030948,0.54167
2024-08-24 20:00:00,0.021277,0.58565
2024-08-24 21:00:00,0.60542,0.63657
2024-08-24 22:00:00,0.60542,0.63426
2024-08-24 23:00:00,0.60542,0.63426
2024-08-25 00:00:00,0.60542,0.63194
2024-08-25 01:00:00,0.60735,0.62269
2024-08-25 02:00:00,0.59768,0.59954
2024-08-25 03:00:00,0.58027,0.5625
2024-08-25 04:00:00,0.55899,0.52546
2024-08-25 05:00:00,0.53578,0.49537
2024-08-25 06:00:00,0.51064,0.46991
2024-08-25 07:00:00,0.48549,0.45833
2024-08-25 08:00:00,0.46035,0.45833
2024-08-25 09:00:00,0.4352,0.47222
2024-08-25 10:00:00,0.41779,0.49074
2024-08-25 11:00:00,0.40232,0.50694
2024-08-25 12:00:00,0.39265,0.53241
2024-08-25 13:00:00,0.38878,0.56944
2024-08-25 14:00:00,0.39458,0.61574
2024-08-25 15:00:00,0.39458,0.64583
2024-08-25 16:00:00,0.38878,0.67361
2024-08-25 17:00:00,0.38104,0.68519
2024-08-25 18:00:00,0.37524,0.69444
2024-08-25 19:00:00,0.3617,0.69444
2024-08-25 20:00:00,0.34816,0.69213
2024-08-25 21:00:00,0.33269,0.68519
2024-08-25 22:00:00,0.31528,0.66898
2024-08-25 23:00:00,0.30174,0.6412
2024-08-26 00:00:00,0.29207,0.61343
2024-08-26 01:00:00,0.294,0.57407
2024-08-26 02:00:00,0.29787,0.53241
2024-08-26 03:00:00,0.29594,0.48611
2024-08-26 04:00:00,0.28627,0.44676
2024-08-26 05:00:00,0.27273,0.41435
2024-08-26 06:00:00,0.24952,0.39352
2024-08-26 07:00:00,0.21277,0.38657
2024-08-26 08:00:00,0.18182,0.39815
2024-08-26 09:00:00,0.16441,0.40972
2024-08-26 10:00:00,0.15861,0.4213
2024-08-26 11:00:00,0.16441,0.45833
2024-08-26 12:00:00,0.18375,0.5
2024-08-26 13:00:00,0.19729,0.53472
2024-08-26 14:00:00,0.20116,0.56481
2024-08-26 15:00:00,0.19342,0.59259
2024-08-26 16:00:00,0.17795,0.61574
2024-08-26 17:00:00,0.16054,0.63657
2024-08-26 18:00:00,0.60542,0.63657
2024-08-26 19:00:00,0.60542,0.63426
2024-08-26 20:00:00,0.60542,0.63426
2024-08-26 21:00:00,0.60542,0.63194
2024-08-26 22:00:00,0.60735,0.62269
2024-08-26 23:00:00,0.59768,0.59954
2024-08-27 00:00:00,0.58027,0.5625
2024-08-27 01:00:00,0.55899,0.52546
2024-08-27 02:00:00,0.53578,0.49537
2024-08-27 03:00:00,0.51064,0.46991
2024-08-27 04:00:00,0.48549,0.45833
2024-08-27 05:00:00,0.46035,0.45833
2024-08-27 06:00:00,0.4352,0.47222
2024-08-27 07:00:00,0.41779,0.49074
2024-08-27 08:00:00,0.40232,0.50694
2024-08-27 09:00:00,0.39265,0.53241
2024-08-27 10:00:00,0.38878,0.56944
2024-08-27 11:00:00,0.39458,0.61574
2024-08-27 12:00:00,0.39458,0.64583
2024-08-27 13:00:00,0.38878,0.67361
2024-08-27 14:00:00,0.38104,0.68519
2024-08-27 15:00:00,0.37524,0.69444
2024-08-27 16:00:00,0.3617,0.69444
2024-08-27 17:00:00,0.34816,0.69213
2024-08-27 18:00:00,0.33269,0.68519
2024-08-27 19:00:00,0.31528,0.66898
2024-08-27 20:00:00,0.30174,0.6412
2024-08-27 21:00:00,0.29207,0.61343
2024-08-27 22:00:00,0.294,0.57407
2024-08-27 23:00:00,0.29787,0.53241
2024-08-28 00:00:00,0.29594,0.48611
2024-08-28 01:00:00,0.28627,0.44676
2024-08-28 02:00:00,0.27273,0.41435
2024-08-28 03:00:00,0.24952,0.39352
2024-08-28 04:00:00,0.21277,0.38657
2024-08-28 05:00:00,0.18182,0.39815
2024-08-28 06:00:00,0.16441,0.40972
2024-08-28 07:00:00,0.15861,0.4213
2024-08-28 08:00:00,0.16441,0.45833
2024-08-28 09:00:00,0.18375,0.5
2024-08-28 10:00:00,0.19729,0.53472
2024-08-28 11:00:00,0.20116,0.56481
2024-08-28 12:00:00,0.19342,0.59259
2024-08-28 13:00:00,0.17795,0.61574
2024-08-28 14:00:00,0.16054,0.63657
2024-08-28 15:00:00,0.68472,0.58102
2024-08-28 16:00:00,0.68472,0.58102
2024-08-28 17:00:00,0.68472,0.5787
2024-08-28 18:00:00,0.68472,0.58102
2024-08-28 19:00:00,0.68472,0.5787
2024-08-28 20:00:00,0.68472,0.57639
2024-08-28 21:00:00,0.68279,0.55787
2024-08-28 22:00:00,0.67311,0.52546
2024-08-28 23:00:00,0.65571,0.4838
2024-08-29 00:00:00,0.6325,0.44444
2024-08-29 01:00:00,0.60348,0.41204
2024-08-29 02:00:00,0.57253,0.3912
2024-08-29 03:00:00,0.53772,0.37963
2024-08-29 04:00:00,0.50677,0.37963
2024-08-29 05:00:00,0.48162,0.3912
2024-08-29 06:00:00,0.46809,0.41435
2024-08-29 07:00:00,0.45648,0.44213
2024-08-29 08:00:00,0.45068,0.47685
2024-08-29 09:00:00,0.44874,0.50926
2024-08-29 10:00:00,0.44681,0.54167
2024-08-29 11:00:00,0.43327,0.56944
2024-08-29 12:00:00,0.41973,0.59259
2024-08-29 13:00:00,0.41006,0.61111
2024-08-29 14:00:00,0.40039,0.63657
2024-08-29 15:00:00,0.38878,0.65278
2024-08-29 16:00:00,0.37137,0.65741
2024-08-29 17:00:00,0.35203,0.65509
2024-08-29 18:00:00,0.33462,0.64583
2024-08-29 19:00:00,0.32108,0.63426
2024-08-29 20:00:00,0.30948,0.61111
2024-08-29 21:00:00,0.30368,0.57407
2024-08-29 22:00:00,0.30368,0.53009
2024-08-29 23:00:00,0.30368,0.47917
2024-08-30 00:00:00,0.30174,0.43519
2024-08-30 01:00:00,0.29594,0.39815
2024-08-30 02:00:00,0.29014,0.36806
2024-08-30 03:00:00,0.28433,0.35185
2024-08-30 04:00:00,0.27079,0.33796
2024-08-30 05:00:00,0.23985,0.32639
2024-08-30 06:00:00,0.20116,0.3287
2024-08-30 07:00:00,0.17215,0.33796
2024-08-30 08:00:00,0.15087,0.34954
2024-08-30 09:00:00,0.13926,0.34491
2024-08-30 10:00:00,0.13153,0.35185
2024-08-30 11:00:00,0.12766,0.38194
2024-08-30 12:00:00,0.7176,0.72917
2024-08-30 13:00:00,0.71567,0.72917
2024-08-30 14:00:00,0.7176,0.72917
2024-08-30 15:00:00,0.71567,0.73148
2024-08-30 16:00:00,0.70986,0.7338
2024-08-30 17:00:00,0.69632,0.7338
2024-08-30 18:00:00,0.67118,0.73611
2024-08-30 19:00:00,0.64217,0.7338
2024-08-30 20:00:00,0.60735,0.72685
2024-08-30 21:00:00,0.58027,0.71528
2024-08-30 22:00:00,0.55899,0.7037
2024-08-30 23:00:00,0.54352,0.68287
2024-08-31 00:00:00,0.53965,0.66435
2024-08-31 01:00:00,0.53965,0.64815
2024-08-31 02:00:00,0.54739,0.62731
2024-08-31 03:00:00,0.56093,0.61806
2024-08-31 04:00:00,0.58414,0.61574
2024-08-31 05:00:00,0.60928,0.61111
2024-08-31 06:00:00,0.63636,0.60648
2024-08-31 07:00:00,0.66731,0.60648
2024-08-31 08:00:00,0.69439,0.59954
2024-08-31 09:00:00,0.7176,0.58796
2024-08-31 10:00:00,0.73501,0.56944
2024-08-31 11:00:00,0.74468,0.5463
2024-08-31 12:00:00,0.74275,0.51389
2024-08-31 13:00:00,0.72534,0.47222
2024-08-31 14:00:00,0.69632,0.43287
2024-08-31 15:00:00,0.66538,0.41667
2024-08-31 16:00:00,0.63636,0.4213
2024-08-31 17:00:00,0.60542,0.4375
2024-08-31 18:00:00,0.5706,0.45602
2024-08-31 19:00:00,0.52805,0.46759
2024-08-31 20:00:00,0.48743,0.46065
2024-08-31 21:00:00,0.45068,0.44213
2024-08-31 22:00:00,0.42553,0.41435
2024-08-31 23:00:00,0.41006,0.37731
2024-09-01 00:00:00,0.40812,0.33796
2024-09-01 01:00:00,0.41779,0.30324
2024-09-01 02:00:00,0.44101,0.27778
2024-09-01 03:00:00,0.46809,0.25926
2024-09-01 04:00:00,0.50484,0.25231
2024-09-01 05:00:00,0.53965,0.25
2024-09-01 06:00:00,0.57447,0.24306
2024-09-01 07:00:00,0.60928,0.22917
2024-09-01 08:00:00,0.6383,0.21065
2024-09-01 09:00:00,0.66538,0.71065
2024-09-01 10:00:00,0.66151,0.70833
2024-09-01 11:00:00,0.66538,0.71065
2024-09-01 12:00:00,0.65957,0.71296
2024-09-01 13:00:00,0.64603,0.71759
2024-09-01 14:00:00,0.62476,0.72222
2024-09-01 15:00:00,0.60155,0.71991
2024-09-01 16:00:00,0.57834,0.71065
2024-09-01 17:00:00,0.56286,0.69444
2024-09-01 18:00:00,0.55319,0.67593
2024-09-01 19:00:00,0.54545,0.65046
2024-09-01 20:00:00,0.52418,0.63426
2024-09-01 21:00:00,0.51644,0.60417
2024-09-01 22:00:00,0.51838,0.58333
2024-09-01 23:00:00,0.53191,0.56713
2024-09-02 00:00:00,0.55513,0.56019
2024-09-02 01:00:00,0.58414,0.55556
2024-09-02 02:00:00,0.62089,0.55787
2024-09-02 03:00:00,0.65764,0.55324
2024-09-02 04:00:00,0.69052,0.55093
2024-09-02 05:00:00,0.71567,0.53704
2024-09-02 06:00:00,0.73888,0.52778
2024-09-02 07:00:00,0.74468,0.5162
2024-09-02 08:00:00,0.74662,0.49074
2024-09-02 09:00:00,0.74081,0.46296
2024-09-02 10:00:00,0.72921,0.43287
2024-09-02 11:00:00,0.70986,0.41898
2024-09-02 12:00:00,0.67892,0.41204
2024-09-02 13:00:00,0.64603,0.40972
2024-09-02 14:00:00,0.60928,0.41435
2024-09-02 15:00:00,0.5706,0.4213
2024-09-02 16:00:00,0.53191,0.4213
2024-09-02 17:00:00,0.4913,0.41435
2024-09-02 18:00:00,0.45841,0.39583
2024-09-02 19:00:00,0.43327,0.37269
2024-09-02 20:00:00,0.41973,0.34491
2024-09-02 21:00:00,0.41393,0.31481
2024-09-02 22:00:00,0.41586,0.29167
2024-09-02 23:00:00,0.4294,0.27083
2024-09-03 00:00:00,0.45068,0.25694
2024-09-03 01:00:00,0.48356,0.24769
2024-09-03 02:00:00,0.51838,0.25
2024-09-03 03:00:00,0.55513,0.25463
2024-09-03 04:00:00,0.58994,0.25231
2024-09-03 05:00:00,0.62863,0.24769
2024-09-03 06:00:00,0.65957,0.73148
2024-09-03 07:00:00,0.65957,0.73148
2024-09-03 08:00:00,0.65957,0.73148
2024-09-03 09:00:00,0.65571,0.73611
2024-09-03 10:00:00,0.6383,0.74306
2024-09-03 11:00:00,0.60348,0.75463
2024-09-03 12:00:00,0.5648,0.75463
2024-09-03 13:00:00,0.52611,0.73611
2024-09-03 14:00:00,0.50677,0.71991
2024-09-03 15:00:00,0.4971,0.69213
2024-09-03 16:00:00,0.4971,0.65972
2024-09-03 17:00:00,0.49903,0.62731
2024-09-03 18:00:00,0.50097,0.60417
2024-09-03 19:00:00,0.51064,0.58796
2024-09-03 20:00:00,0.52418,0.58565
2024-09-03 21:00:00,0.55319,0.5787
2024-09-03 22:00:00,0.58994,0.57639
2024-09-03 23:00:00,0.62863,0.5787
2024-09-04 00:00:00,0.66344,0.56944
2024-09-04 01:00:00,0.69052,0.55556
2024-09-04 02:00:00,0.71373,0.52778
2024-09-04 03:00:00,0.72727,0.49537
2024-09-04 04:00:00,0.73308,0.46065
2024-09-04 05:00:00,0.73114,0.43287
2024-09-04 06:00:00,0.71567,0.40741
2024-09-04 07:00:00,0.68859,0.38426
2024-09-04 08:00:00,0.65571,0.37037
2024-09-04 09:00:00,0.61896,0.37037
2024-09-04 10:00:00,0.5764,0.37731
2024-09-04 11:00:00,0.52998,0.38426
2024-09-04 12:00:00,0.47969,0.37963
2024-09-04 13:00:00,0.43907,0.36574
2024-09-04 14:00:00,0.41779,0.33565
2024-09-04 15:00:00,0.41586,0.2963
2024-09-04 16:00:00,0.4294,0.25694
2024-09-04 17:00:00,0.45068,0.22685
2024-09-04 18:00:00,0.47776,0.2037
2024-09-04 19:00:00,0.51064,0.19213
2024-09-04 20:00:00,0.54932,0.18287
2024-09-04 21:00:00,0.58994,0.18287
2024-09-04 22:00:00,0.6325,0.18287
2024-09-04 23:00:00,0.67118,0.17361
2024-09-05 00:00:00,0.70406,0.15278
2024-09-05 01:00:00,0.72921,0.13194
2024-09-05 02:00:00,0.74662,0.11111
2024-09-05 03:00:00,0.38491,0.67361
2024-09-05 04:00:00,0.37137,0.67593
2024-09-05 05:00:00,0.35783,0.66667
2024-09-05 06:00:00,0.34043,0.65046
2024-09-05 07:00:00,0.32495,0.62963
2024-09-05 08:00:00,0.30948,0.6088
2024-09-05 09:00:00,0.30174,0.58565
2024-09-05 10:00:00,0.30561,0.5625
2024-09-05 11:00:00,0.32302,0.54167
2024-09-05 12:00:00,0.34429,0.52083
2024-09-05 13:00:00,0.36944,0.50694
2024-09-05 14:00:00,0.40426,0.50694
2024-09-05 15:00:00,0.43907,0.50926
2024-09-05 16:00:00,0.46809,0.50926
2024-09-05 17:00:00,0.49323,0.50926
2024-09-05 18:00:00,0.50484,0.53009
2024-09-05 19:00:00,0.52224,0.52778
2024-09-05 20:00:00,0.52998,0.51852
2024-09-05 21:00:00,0.53191,0.49769
2024-09-05 22:00:00,0.52611,0.4838
2024-09-05 23:00:00,0.51257,0.47222
2024-09-06 00:00:00,0.4913,0.46528
2024-09-06 01:00:00,0.46615,0.46296
2024-09-06 02:00:00,0.43907,0.45602
2024-09-06 03:00:00,0.41393,0.44676
2024-09-06 04:00:00,0.39458,0.4213
2024-09-06 05:00:00,0.37331,0.4213
2024-09-06 06:00:00,0.3559,0.41667
2024-09-06 07:00:00,0.34816,0.40972
2024-09-06 08:00:00,0.35203,0.39352
2024-09-06 09:00:00,0.36364,0.37269
2024-09-06 10:00:00,0.38298,0.36111
2024-09-06 11:00:00,0.40812,0.36111
2024-09-06 12:00:00,0.43714,0.36806
2024-09-06 13:00:00,0.47195,0.37037
2024-09-06 14:00:00,0.5029,0.36574
2024-09-06 15:00:00,0.53385,0.35417
2024-09-06 16:00:00,0.55706,0.34028
2024-09-06 17:00:00,0.56673,0.31713
2024-09-06 18:00:00,0.56867,0.29167
2024-09-06 19:00:00,0.55706,0.26852
2024-09-06 20:00:00,0.54159,0.24769
2024-09-06 21:00:00,0.52224,0.22917
2024-09-06 22:00:00,0.49903,0.22454
2024-09-06 23:00:00,0.47389,0.22454
2024-09-07 00:00:00,0.71954,0.71759
2024-09-07 01:00:00,0.72147,0.71528
2024-09-07 02:00:00,0.71954,0.71528
2024-09-07 03:00:00,0.72147,0.71528
2024-09-07 04:00:00,0.71954,0.71528
2024-09-07 05:00:00,0.72147,0.71528
2024-09-07 06:00:00,0.71954,0.71528
2024-09-07 07:00:00,0.71954,0.71759
2024-09-07 08:00:00,0.71954,0.71759
2024-09-07 09:00:00,0.7176,0.71759
2024-09-07 10:00:00,0.7234,0.71528
2024-09-07 11:00:00,0.74468,0.69676
2024-09-07 12:00:00,0.74662,0.68056
2024-09-07 13:00:00,0.75048,0.66204
2024-09-07 14:00:00,0.73308,0.65509
2024-09-07 15:00:00,0.70019,0.65509
2024-09-07 16:00:00,0.65571,0.65972
2024-09-07 17:00:00,0.60348,0.65972
2024-09-07 18:00:00,0.5648,0.65046
2024-09-07 19:00:00,0.54159,0.62037
2024-09-07 20:00:00,0.53578,0.5787
2024-09-07 21:00:00,0.55706,0.52083
2024-09-07 22:00:00,0.58801,0.49074
2024-09-07 23:00:00,0.62282,0.46991
2024-09-08 00:00:00,0.65571,0.44676
2024-09-08 01:00:00,0.68279,0.42361
2024-09-08 02:00:00,0.70019,0.3912
2024-09-08 03:00:00,0.70793,0.3588
2024-09-08 04:00:00,0.706,0.32407
2024-09-08 05:00:00,0.68279,0.2963
2024-09-08 06:00:00,0.64217,0.26852
2024-09-08 07:00:00,0.60348,0.25926
2024-09-08 08:00:00,0.56673,0.26157
2024-09-08 09:00:00,0.52611,0.25694
2024-09-08 10:00:00,0.4913,0.23843
2024-09-08 11:00:00,0.46809,0.21065
2024-09-08 12:00:00,0.45841,0.18287
2024-09-08 13:00:00,0.46809,0.15741
2024-09-08 14:00:00,0.4913,0.12963
2024-09-08 15:00:00,0.51838,0.10648
2024-09-08 16:00:00,0.54932,0.085648
2024-09-08 17:00:00,0.58414,0.069444
2024-09-08 18:00:00,0.62089,0.064815
2024-09-08 19:00:00,0.65377,0.053241
2024-09-08 20:00:00,0.67118,0.006944
2024-09-08 21:00:00,0.6383,0.78472
2024-09-08 22:00:00,0.64023,0.78472
2024-09-08 23:00:00,0.64023,0.78472
2024-09-09 00:00:00,0.63443,0.78472
2024-09-09 01:00:00,0.62089,0.78935
2024-09-09 02:00:00,0.59574,0.79167
2024-09-09 03:00:00,0.56867,0.78704
2024-09-09 04:00:00,0.54352,0.77546
2024-09-09 05:00:00,0.51451,0.76157
2024-09-09 06:00:00,0.48743,0.74306
2024-09-09 07:00:00,0.46809,0.7338
2024-09-09 08:00:00,0.46228,0.71991
2024-09-09 09:00:00,0.47195,0.69907
2024-09-09 10:00:00,0.49516,0.68287
2024-09-09 11:00:00,0.52031,0.68056
2024-09-09 12:00:00,0.55513,0.67824
2024-09-09 13:00:00,0.58994,0.66898
2024-09-09 14:00:00,0.62669,0.65278
2024-09-09 15:00:00,0.64797,0.62037
2024-09-09 16:00:00,0.66344,0.58333
2024-09-09 17:00:00,0.66151,0.54861
2024-09-09 18:00:00,0.64217,0.53009
2024-09-09 19:00:00,0.61702,0.52315
2024-09-09 20:00:00,0.58801,0.52083
2024-09-09 21:00:00,0.55899,0.52083
2024-09-09 22:00:00,0.53385,0.52083
2024-09-09 23:00:00,0.50484,0.51389
2024-09-10 00:00:00,0.47776,0.49306
2024-09-10 01:00:00,0.45841,0.46065
2024-09-10 02:00:00,0.45068,0.4213
2024-09-10 03:00:00,0.46035,0.38657
2024-09-10 04:00:00,0.48549,0.36343
2024-09-10 05:00:00,0.52418,0.34954
2024-09-10 06:00:00,0.5648,0.34491
2024-09-10 07:00:00,0.60155,0.34722
2024-09-10 08:00:00,0.6441,0.3287
2024-09-10 09:00:00,0.68085,0.28704
2024-09-10 10:00:00,0.70019,0.24537
2024-09-10 11:00:00,0.69439,0.20139
2024-09-10 12:00:00,0.66538,0.17361
2024-09-10 13:00:00,0.62089,0.15741
2024-09-10 14:00:00,0.5706,0.15278
2024-09-10 15:00:00,0.52611,0.15741
2024-09-10 16:00:00,0.48162,0.15972
2024-09-10 17:00:00,0.44681,0.15972
2024-09-10 18:00:00,0.51451,0.88657
2024-09-10 19:00:00,0.52224,0.88889
2024-09-10 20:00:00,0.54352,0.88426
2024-09-10 21:00:00,0.5648,0.88194
2024-09-10 22:00:00,0.58994,0.87037
2024-09-10 23:00:00,0.62476,0.84722
2024-09-11 00:00:00,0.65957,0.80324
2024-09-11 01:00:00,0.67892,0.76157
2024-09-11 02:00:00,0.64023,0.73148
2024-09-11 03:00:00,0.61509,0.71065
2024-09-11 04:00:00,0.5764,0.69444
2024-09-11 05:00:00,0.53385,0.68287
2024-09-11 06:00:00,0.48549,0.68056
2024-09-11 07:00:00,0.44101,0.67361
2024-09-11 08:00:00,0.40426,0.65278
2024-09-11 09:00:00,0.37331,0.63889
2024-09-11 10:00:00,0.35397,0.62037
2024-09-11 11:00:00,0.34429,0.59954
2024-09-11 12:00:00,0.35203,0.56713
2024-09-11 13:00:00,0.36944,0.54398
2024-09-11 14:00:00,0.39845,0.52546
2024-09-11 15:00:00,0.4352,0.5162
2024-09-11 16:00:00,0.47776,0.51157
2024-09-11 17:00:00,0.52418,0.50694
2024-09-11 18:00:00,0.56673,0.49074
2024-09-11 19:00:00,0.59961,0.46296
2024-09-11 20:00:00,0.62476,0.43056
2024-09-11 21:00:00,0.6441,0.40046
2024-09-11 22:00:00,0.65377,0.36806
2024-09-11 23:00:00,0.64603,0.34259
2024-09-12 00:00:00,0.62476,0.32407
2024-09-12 01:00:00,0.58414,0.31019
2024-09-12 02:00:00,0.53772,0.30787
2024-09-12 03:00:00,0.48936,0.31019
2024-09-12 04:00:00,0.44487,0.31713
2024-09-12 05:00:00,0.40812,0.32407
2024-09-12 06:00:00,0.38104,0.31481
2024-09-12 07:00:00,0.37137,0.2963
2024-09-12 08:00:00,0.36944,0.27315
2024-09-12 09:00:00,0.37524,0.24537
2024-09-12 10:00:00,0.38685,0.21759
2024-09-12 11:00:00,0.40619,0.19676
2024-09-12 12:00:00,0.43133,0.1875
2024-09-12 13:00:00,0.46035,0.18287
2024-09-12 14:00:00,0.49323,0.1713
2024-09-12 15:00:00,0.57253,0.74074
2024-09-12 16:00:00,0.56867,0.74306
2024-09-12 17:00:00,0.5648,0.74769
2024-09-12 18:00:00,0.56093,0.75231
2024-09-12 19:00:00,0.53965,0.75926
2024-09-12 20:00:00,0.5087,0.76389
2024-09-12 21:00:00,0.47969,0.76852
2024-09-12 22:00:00,0.43907,0.77083
2024-09-12 23:00:00,0.40039,0.75926
2024-09-13 00:00:00,0.35977,0.73611
2024-09-13 01:00:00,0.33075,0.71991
2024-09-13 02:00:00,0.31335,0.69444
2024-09-13 03:00:00,0.29787,0.66898
2024-09-13 04:00:00,0.29207,0.6412
2024-09-13 05:00:00,0.29981,0.625
2024-09-13 06:00:00,0.31915,0.6088
2024-09-13 07:00:00,0.34236,0.58796
2024-09-13 08:00:00,0.36944,0.58102
2024-09-13 09:00:00,0.41006,0.58796
2024-09-13 10:00:00,0.45648,0.59722
2024-09-13 11:00:00,0.5087,0.59491
2024-09-13 12:00:00,0.55706,0.58796
2024-09-13 13:00:00,0.60155,0.57407
2024-09-13 14:00:00,0.6441,0.56019
2024-09-13 15:00:00,0.68472,0.53704
2024-09-13 16:00:00,0.72147,0.50463
2024-09-13 17:00:00,0.75048,0.46991
2024-09-13 18:00:00,0.77369,0.43519
2024-09-13 19:00:00,0.7853,0.40278
2024-09-13 20:00:00,0.78337,0.37037
2024-09-13 21:00:00,0.76015,0.33565
2024-09-13 22:00:00,0.72534,0.30787
2024-09-13 23:00:00,0.68279,0.28704
2024-09-14 00:00:00,0.64023,0.27546
2024-09-14 01:00:00,0.59768,0.27546
2024-09-14 02:00:00,0.55706,0.28935
2024-09-14 03:00:00,0.51257,0.30787
2024-09-14 04:00:00,0.46615,0.32639
2024-09-14 05:00:00,0.4236,0.34259
2024-09-14 06:00:00,0.38878,0.35185
2024-09-14 07:00:00,0.35783,0.35648
2024-09-14 08:00:00,0.33462,0.35185
2024-09-14 09:00:00,0.31528,0.34259
2024-09-14 10:00:00,0.30754,0.33333
2024-09-14 11:00:00,0.30561,0.31713
2024-09-14 12:00:00,0.59188,0.83565
2024-09-14 13:00:00,0.58994,0.83565
2024-09-14 14:00:00,0.58607,0.83565
2024-09-14 15:00:00,0.55899,0.84491
2024-09-14 16:00:00,0.51064,0.85417
2024-09-14 17:00:00,0.46035,0.86574
2024-09-14 18:00:00,0.40812,0.86574
2024-09-14 19:00:00,0.36364,0.84722
2024-09-14 20:00:00,0.32302,0.81481
2024-09-14 21:00:00,0.29014,0.78704
2024-09-14 22:00:00,0.26886,0.75926
2024-09-14 23:00:00,0.26306,0.72222
2024-09-15 00:00:00,0.25919,0.68981
2024-09-15 01:00:00,0.26112,0.65972
2024-09-15 02:00:00,0.2766,0.63657
2024-09-15 03:00:00,0.30754,0.61574
2024-09-15 04:00:00,0.34429,0.60417
2024-09-15 05:00:00,0.38491,0.60185
2024-09-15 06:00:00,0.42747,0.60417
2024-09-15 07:00:00,0.47002,0.60648
2024-09-15 08:00:00,0.51257,0.6088
2024-09-15 09:00:00,0.55706,0.60648
2024-09-15 10:00:00,0.59768,0.59722
2024-09-15 11:00:00,0.63056,0.5787
2024-09-15 12:00:00,0.65764,0.55556
2024-09-15 13:00:00,0.67892,0.52778
2024-09-15 14:00:00,0.68665,0.49537
2024-09-15 15:00:00,0.67505,0.46296
2024-09-15 16:00:00,0.64603,0.4375
2024-09-15 17:00:00,0.61315,0.4213
2024-09-15 18:00:00,0.5764,0.41435
2024-09-15 19:00:00,0.53965,0.41435
2024-09-15 20:00:00,0.49903,0.41898
2024-09-15 21:00:00,0.46035,0.4213
2024-09-15 22:00:00,0.41779,0.41667
2024-09-15 23:00:00,0.37331,0.41435
2024-09-16 00:00:00,0.33656,0.40509
2024-09-16 01:00:00,0.30174,0.38889
2024-09-16 02:00:00,0.27273,0.37037
2024-09-16 03:00:00,0.25145,0.34722
2024-09-16 04:00:00,0.23598,0.32176
2024-09-16 05:00:00,0.23404,0.29398
2024-09-16 06:00:00,0.24952,0.26157
2024-09-16 07:00:00,0.27079,0.22222
2024-09-16 08:00:00,0.29981,0.18519
2024-09-16 09:00:00,0.51644,0.72454
2024-09-16 10:00:00,0.51644,0.72685
2024-09-16 11:00:00,0.51644,0.72454
2024-09-16 12:00:00,0.52224,0.72685
2024-09-16 13:00:00,0.54352,0.72685
2024-09-16 14:00:00,0.56093,0.72222
2024-09-16 15:00:00,0.59768,0.70833
2024-09-16 16:00:00,0.62476,0.68981
2024-09-16 17:00:00,0.63443,0.65972
2024-09-16 18:00:00,0.64217,0.625
2024-09-16 19:00:00,0.66151,0.61806
2024-09-16 20:00:00,0.66151,0.58796
2024-09-16 21:00:00,0.65377,0.54398
2024-09-16 22:00:00,0.6325,0.50694
2024-09-16 23:00:00,0.59961,0.47222
2024-09-17 00:00:00,0.56286,0.45833
2024-09-17 01:00:00,0.51451,0.45833
2024-09-17 02:00:00,0.46422,0.46991
2024-09-17 03:00:00,0.41586,0.47917
2024-09-17 04:00:00,0.37331,0.48148
2024-09-17 05:00:00,0.33849,0.46759
2024-09-17 06:00:00,0.30754,0.45139
2024-09-17 07:00:00,0.28046,0.43287
2024-09-17 08:00:00,0.25145,0.4213
2024-09-17 09:00:00,0.23211,0.40278
2024-09-17 10:00:00,0.22244,0.38889
2024-09-17 11:00:00,0.22244,0.38426
2024-09-17 12:00:00,0.23017,0.34954
2024-09-17 13:00:00,0.23985,0.31944
2024-09-17 14:00:00,0.25725,0.29167
2024-09-17 15:00:00,0.2882,0.25926
2024-09-17 16:00:00,0.31141,0.2338
2024-09-17 17:00:00,0.33462,0.22222
2024-09-17 18:00:00,0.36557,0.21759
2024-09-17 19:00:00,0.41393,0.21528
2024-09-17 20:00:00,0.46228,0.20602
2024-09-17 21:00:00,0.50097,0.18287
2024-09-17 22:00:00,0.53191,0.15741
2024-09-17 23:00:00,0.55513,0.13194
2024-09-18 00:00:00,0.57253,0.11574
2024-09-18 01:00:00,0.57834,0.090278
2024-09-18 02:00:00,0.5648,0.071759
2024-09-18 03:00:00,0.54739,0.069444
2024-09-18 04:00:00,0.52418,0.053241
2024-09-18 05:00:00,0.49903,0.043981
2024-09-18 06:00:00,0.4352,0.80787
2024-09-18 07:00:00,0.41586,0.81019
2024-09-18 08:00:00,0.37331,0.79167
2024-09-18 09:00:00,0.33462,0.76157
2024-09-18 10:00:00,0.30174,0.72685
2024-09-18 11:00:00,0.2824,0.70833
2024-09-18 12:00:00,0.29207,0.66204
2024-09-18 13:00:00,0.33849,0.61111
2024-09-18 14:00:00,0.39458,0.59259
2024-09-18 15:00:00,0.45455,0.61111
2024-09-18 16:00:00,0.52031,0.64352
2024-09-18 17:00:00,0.5648,0.65046
2024-09-18 18:00:00,0.58027,0.62037
2024-09-18 19:00:00,0.58414,0.59722
2024-09-18 20:00:00,0.56093,0.53935
2024-09-18 21:00:00,0.53191,0.49769
2024-09-18 22:00:00,0.50484,0.4838
2024-09-18 23:00:00,0.47002,0.47222
2024-09-19 00:00:00,0.44101,0.47222
2024-09-19 01:00:00,0.41199,0.47917
2024-09-19 02:00:00,0.38685,0.49537
2024-09-19 03:00:00,0.3501,0.49074
2024-09-19 04:00:00,0.31721,0.48148
2024-09-19 05:00:00,0.29207,0.47222
2024-09-19 06:00:00,0.27853,0.44676
2024-09-19 07:00:00,0.27273,0.40509
2024-09-19 08:00:00,0.28627,0.36806
2024-09-19 09:00:00,0.32302,0.34491
2024-09-19 10:00:00,0.37331,0.33565
2024-09-19 11:00:00,0.4294,0.34722
2024-09-19 12:00:00,0.47776,0.37731
2024-09-19 13:00:00,0.52611,0.39815
2024-09-19 14:00:00,0.5648,0.41667
2024-09-19 15:00:00,0.56867,0.40046
2024-09-19 16:00:00,0.54739,0.35185
2024-09-19 17:00:00,0.52418,0.3125
2024-09-19 18:00:00,0.49516,0.27083
2024-09-19 19:00:00,0.44874,0.22685
2024-09-19 20:00:00,0.39458,0.19676
2024-09-19 21:00:00,0.34236,0.18519
2024-09-19 22:00:00,0.294,0.16898
2024-09-19 23:00:00,0.25532,0.15046
2024-09-20 00:00:00,0.24178,0.11343
2024-09-20 01:00:00,0.26692,0.083333
2024-09-20 02:00:00,0.30561,0.074074
2024-09-20 03:00:00,0.4971,0.83333
2024-09-20 04:00:00,0.49516,0.83333
2024-09-20 05:00:00,0.4971,0.83565
2024-09-20 06:00:00,0.4971,0.83565
2024-09-20 07:00:00,0.4971,0.83796
2024-09-20 08:00:00,0.49516,0.83796
2024-09-20 09:00:00,0.48936,0.84259
2024-09-20 10:00:00,0.46615,0.84028
2024-09-20 11:00:00,0.4352,0.84028
2024-09-20 12:00:00,0.38298,0.83796
2024-09-20 13:00:00,0.33849,0.82407
2024-09-20 14:00:00,0.31335,0.81019
2024-09-20 15:00:00,0.30754,0.75463
2024-09-20 16:00:00,0.32302,0.71759
2024-09-20 17:00:00,0.3675,0.68519
2024-09-20 18:00:00,0.41973,0.66435
2024-09-20 19:00:00,0.46809,0.67593
2024-09-20 20:00:00,0.51838,0.71991
2024-09-20 21:00:00,0.55319,0.71759
2024-09-20 22:00:00,0.57447,0.68519
2024-09-20 23:00:00,0.58607,0.63889
2024-09-21 00:00:00,0.57834,0.58565
2024-09-21 01:00:00,0.53965,0.53472
2024-09-21 02:00:00,0.4913,0.51389
2024-09-21 03:00:00,0.44874,0.51852
2024-09-21 04:00:00,0.41973,0.53241
2024-09-21 05:00:00,0.38878,0.53009
2024-09-21 06:00:00,0.37137,0.50463
2024-09-21 07:00:00,0.37911,0.45833
2024-09-21 08:00:00,0.40812,0.41204
2024-09-21 09:00:00,0.44874,0.39583
2024-09-21 10:00:00,0.48549,0.40741
2024-09-21 11:00:00,0.52611,0.42361
2024-09-21 12:00:00,0.55899,0.42361
2024-09-21 13:00:00,0.58607,0.39815
2024-09-21 14:00:00,0.59188,0.35417
2024-09-21 15:00:00,0.57447,0.31944
2024-09-21 16:00:00,0.53965,0.30787
2024-09-21 17:00:00,0.48936,0.3125
2024-09-21 18:00:00,0.44101,0.32176
2024-09-21 19:00:00,0.41199,0.31481
2024-09-21 20:00:00,0.40812,0.28241
2024-09-21 21:00:00,0.4352,0.25
2024-09-21 22:00:00,0.47389,0.22685
2024-09-21 23:00:00,0.51064,0.21296
2024-09-22 00:00:00,0.74662,0.25694
2024-09-22 01:00:00,0.74662,0.25463
2024-09-22 02:00:00,0.74662,0.25694
2024-09-22 03:00:00,0.74662,0.25463
2024-09-22 04:00:00,0.74662,0.25926
2024-09-22 05:00:00,0.74468,0.2662
2024-09-22 06:00:00,0.74275,0.27546
2024-09-22 07:00:00,0.73888,0.29398
2024-09-22 08:00:00,0.73308,0.31481
2024-09-22 09:00:00,0.72727,0.34954
2024-09-22 10:00:00,0.71954,0.375
2024-09-22 11:00:00,0.71373,0.40972
2024-09-22 12:00:00,0.70793,0.4375
2024-09-22 13:00:00,0.70019,0.47222
2024-09-22 14:00:00,0.69246,0.50694
2024-09-22 15:00:00,0.68472,0.53935
2024-09-22 16:00:00,0.67311,0.57407
2024-09-22 17:00:00,0.66344,0.60648
2024-09-22 18:00:00,0.6499,0.62963
2024-09-22 19:00:00,0.63443,0.64583
2024-09-22 20:00:00,0.61315,0.65972
2024-09-22 21:00:00,0.59381,0.6713
2024-09-22 22:00:00,0.57253,0.67824
2024-09-22 23:00:00,0.54932,0.67361
2024-09-23 00:00:00,0.52224,0.67824
2024-09-23 01:00:00,0.4913,0.67824
2024-09-23 02:00:00,0.46035,0.67824
2024-09-23 03:00:00,0.43327,0.67593
2024-09-23 04:00:00,0.40232,0.67824
2024-09-23 05:00:00,0.36944,0.67824
2024-09-23 06:00:00,0.34043,0.67593
2024-09-23 07:00:00,0.31721,0.66435
2024-09-23 08:00:00,0.29787,0.64583
2024-09-23 09:00:00,0.28046,0.62963
2024-09-23 10:00:00,0.26112,0.59954
2024-09-23 11:00:00,0.24758,0.56944
2024-09-23 12:00:00,0.23404,0.53241
2024-09-23 13:00:00,0.22244,0.49769
2024-09-23 14:00:00,0.21277,0.45139
2024-09-23 15:00:00,0.20503,0.40509
2024-09-23 16:00:00,0.20116,0.36343
2024-09-23 17:00:00,0.20309,0.3287
2024-09-23 18:00:00,0.21083,0.2963
2024-09-23 19:00:00,0.21857,0.26852
2024-09-23 20:00:00,0.22631,0.24074
2024-09-23 21:00:00,0.37718,0.20602
2024-09-23 22:00:00,0.37718,0.2037
2024-09-23 23:00:00,0.37718,0.2037
2024-09-24 00:00:00,0.37911,0.2037
2024-09-24 01:00:00,0.37911,0.2037
2024-09-24 02:00:00,0.37718,0.20602
2024-09-24 03:00:00,0.37718,0.21296
2024-09-24 04:00:00,0.37331,0.22222
2024-09-24 05:00:00,0.3675,0.24074
2024-09-24 06:00:00,0.36364,0.26157
2024-09-24 07:00:00,0.36364,0.28241
2024-09-24 08:00:00,0.36557,0.30787
2024-09-24 09:00:00,0.37524,0.33565
2024-09-24 10:00:00,0.38491,0.36806
2024-09-24 11:00:00,0.39845,0.40046
2024-09-24 12:00:00,0.41199,0.43287
2024-09-24 13:00:00,0.4294,0.46759
2024-09-24 14:00:00,0.44681,0.49769
2024-09-24 15:00:00,0.46422,0.52083
2024-09-24 16:00:00,0.48549,0.54398
2024-09-24 17:00:00,0.5087,0.5625
2024-09-24 18:00:00,0.53385,0.57407
2024-09-24 19:00:00,0.5648,0.58565
2024-09-24 20:00:00,0.59961,0.59491
2024-09-24 21:00:00,0.6325,0.59491
2024-09-24 22:00:00,0.66344,0.59259
2024-09-24 23:00:00,0.69439,0.58796
2024-09-25 00:00:00,0.7234,0.57639
2024-09-25 01:00:00,0.75048,0.55787
2024-09-25 02:00:00,0.76789,0.53704
2024-09-25 03:00:00,0.78143,0.50926
2024-09-25 04:00:00,0.7911,0.47685
2024-09-25 05:00:00,0.80077,0.44213
2024-09-25 06:00:00,0.80658,0.41435
2024-09-25 07:00:00,0.81238,0.38194
2024-09-25 08:00:00,0.81625,0.35648
2024-09-25 09:00:00,0.81818,0.33565
2024-09-25 10:00:00,0.81818,0.31481
2024-09-25 11:00:00,0.82012,0.2963
2024-09-25 12:00:00,0.82012,0.27546
2024-09-25 13:00:00,0.81818,0.25694
2024-09-25 14:00:00,0.81431,0.24074
2024-09-25 15:00:00,0.81044,0.22685
2024-09-25 16:00:00,0.80851,0.21296
2024-09-25 17:00:00,0.80464,0.2037
2024-09-25 18:00:00,0.31721,0.35417
2024-09-25 19:00:00,0.31721,0.35417
2024-09-25 20:00:00,0.31915,0.35417
2024-09-25 21:00:00,0.31915,0.35417
2024-09-25 22:00:00,0.31915,0.35417
2024-09-25 23:00:00,0.31721,0.35417
2024-09-26 00:00:00,0.31915,0.35417
2024-09-26 01:00:00,0.31915,0.35185
2024-09-26 02:00:00,0.32108,0.35417
2024-09-26 03:00:00,0.31528,0.3588
2024-09-26 04:00:00,0.31335,0.36806
2024-09-26 05:00:00,0.30561,0.38194
2024-09-26 06:00:00,0.30174,0.40046
2024-09-26 07:00:00,0.30174,0.41898
2024-09-26 08:00:00,0.30561,0.43981
2024-09-26 09:00:00,0.30948,0.46296
2024-09-26 10:00:00,0.31528,0.48148
2024-09-26 11:00:00,0.32108,0.50231
2024-09-26 12:00:00,0.33075,0.52083
2024-09-26 13:00:00,0.34236,0.53704
2024-09-26 14:00:00,0.3559,0.55787
2024-09-26 15:00:00,0.36944,0.57407
2024-09-26 16:00:00,0.38104,0.59259
2024-09-26 17:00:00,0.39652,0.61343
2024-09-26 18:00:00,0.41199,0.63426
2024-09-26 19:00:00,0.42747,0.65278
2024-09-26 20:00:00,0.44294,0.6713
2024-09-26 21:00:00,0.45841,0.68287
2024-09-26 22:00:00,0.47582,0.68981
2024-09-26 23:00:00,0.5029,0.6875
2024-09-27 00:00:00,0.52418,0.68056
2024-09-27 01:00:00,0.55706,0.6875
2024-09-27 02:00:00,0.59188,0.69213
2024-09-27 03:00:00,0.62476,0.69676
2024-09-27 04:00:00,0.65377,0.70139
2024-09-27 05:00:00,0.68665,0.70139
2024-09-27 06:00:00,0.71567,0.70139
2024-09-27 07:00:00,0.75048,0.69444
2024-09-27 08:00:00,0.7795,0.6875
2024-09-27 09:00:00,0.80658,0.67824
2024-09-27 10:00:00,0.82785,0.66435
2024-09-27 11:00:00,0.84526,0.65046
2024-09-27 12:00:00,0.8588,0.63426
2024-09-27 13:00:00,0.87041,0.61574
2024-09-27 14:00:00,0.88008,0.59259
2024-09-27 15:00:00,0.30754,0.3588
2024-09-27 16:00:00,0.30948,0.3588
2024-09-27 17:00:00,0.30948,0.35648
2024-09-27 18:00:00,0.30948,0.35648
2024-09-27 19:00:00,0.31141,0.35417
2024-09-27 20:00:00,0.30948,0.35185
2024-09-27 21:00:00,0.30948,0.35185
2024-09-27 22:00:00,0.31335,0.34954
2024-09-27 23:00:00,0.31335,0.35185
2024-09-28 00:00:00,0.30754,0.36111
2024-09-28 01:00:00,0.30174,0.37731
2024-09-28 02:00:00,0.294,0.39583
2024-09-28 03:00:00,0.29014,0.4213
2024-09-28 04:00:00,0.29014,0.45139
2024-09-28 05:00:00,0.29787,0.47917
2024-09-28 06:00:00,0.30948,0.50463
2024-09-28 07:00:00,0.32689,0.51852
2024-09-28 08:00:00,0.34816,0.54167
2024-09-28 09:00:00,0.36944,0.56713
2024-09-28 10:00:00,0.39072,0.58565
2024-09-28 11:00:00,0.41199,0.6088
2024-09-28 12:00:00,0.4294,0.62963
2024-09-28 13:00:00,0.45455,0.65046
2024-09-28 14:00:00,0.48162,0.66898
2024-09-28 15:00:00,0.52805,0.67824
2024-09-28 16:00:00,0.57253,0.69444
2024-09-28 17:00:00,0.61509,0.70139
2024-09-28 18:00:00,0.65377,0.7037
2024-09-28 19:00:00,0.68859,0.69907
2024-09-28 20:00:00,0.72147,0.68981
2024-09-28 21:00:00,0.75435,0.67593
2024-09-28 22:00:00,0.78337,0.65046
2024-09-28 23:00:00,0.81238,0.62269
2024-09-29 00:00:00,0.83172,0.59491
2024-09-29 01:00:00,0.84913,0.56713
2024-09-29 02:00:00,0.8588,0.53935
2024-09-29 03:00:00,0.86654,0.51157
2024-09-29 04:00:00,0.87621,0.48148
2024-09-29 05:00:00,0.88588,0.45139
2024-09-29 06:00:00,0.89168,0.4213
2024-09-29 07:00:00,0.89362,0.39583
2024-09-29 08:00:00,0.89749,0.38426
2024-09-29 09:00:00,0.90135,0.3588
2024-09-29 10:00:00,0.90329,0.34722
2024-09-29 11:00:00,0.90329,0.34028
2024-09-29 12:00:00,0.33075,0.2963
2024-09-29 13:00:00,0.33269,0.29167
2024-09-29 14:00:00,0.33269,0.29167
2024-09-29 15:00:00,0.33462,0.29167
2024-09-29 16:00:00,0.33269,0.28935
2024-09-29 17:00:00,0.33075,0.2963
2024-09-29 18:00:00,0.32495,0.30787
2024-09-29 19:00:00,0.31915,0.3287
2024-09-29 20:00:00,0.31528,0.34954
2024-09-29 21:00:00,0.31915,0.37037
2024-09-29 22:00:00,0.33075,0.3912
2024-09-29 23:00:00,0.34236,0.41667
2024-09-30 00:00:00,0.35203,0.44444
2024-09-30 01:00:00,0.35977,0.48148
2024-09-30 02:00:00,0.37137,0.51389
2024-09-30 03:00:00,0.38104,0.54398
2024-09-30 04:00:00,0.39265,0.56713
2024-09-30 05:00:00,0.40619,0.59491
2024-09-30 06:00:00,0.42553,0.62037
2024-09-30 07:00:00,0.43907,0.64815
2024-09-30 08:00:00,0.45455,0.66435
2024-09-30 09:00:00,0.47776,0.66898
2024-09-30 10:00:00,0.50677,0.67593
2024-09-30 11:00:00,0.53965,0.67824
2024-09-30 12:00:00,0.56867,0.67824
2024-09-30 13:00:00,0.59574,0.68287
2024-09-30 14:00:00,0.63056,0.6875
2024-09-30 15:00:00,0.66731,0.68056
2024-09-30 16:00:00,0.70406,0.66435
2024-09-30 17:00:00,0.73308,0.6412
2024-09-30 18:00:00,0.76209,0.61806
2024-09-30 19:00:00,0.7795,0.60185
2024-09-30 20:00:00,0.79691,0.5787
2024-09-30 21:00:00,0.81044,0.56481
2024-09-30 22:00:00,0.82785,0.54167
2024-09-30 23:00:00,0.84333,0.51852
2024-10-01 00:00:00,0.85106,0.49769
2024-10-01 01:00:00,0.8588,0.47454
2024-10-01 02:00:00,0.86654,0.48843
2024-10-01 03:00:00,0.87041,0.47454
2024-10-01 04:00:00,0.88201,0.44213
2024-10-01 05:00:00,0.88975,0.42593
2024-10-01 06:00:00,0.89555,0.40509
2024-10-01 07:00:00,0.89942,0.3912
2024-10-01 08:00:00,0.90135,0.37963
2024-10-01 09:00:00,0.35977,0.27083
2024-10-01 10:00:00,0.35977,0.26852
2024-10-01 11:00:00,0.35977,0.2662
2024-10-01 12:00:00,0.35977,0.26852
2024-10-01 13:00:00,0.3617,0.2662
2024-10-01 14:00:00,0.36364,0.26389
2024-10-01 15:00:00,0.36557,0.26157
2024-10-01 16:00:00,0.36557,0.26389
2024-10-01 17:00:00,0.35977,0.27083
2024-10-01 18:00:00,0.3501,0.28704
2024-10-01 19:00:00,0.33849,0.3125
2024-10-01 20:00:00,0.32882,0.34028
2024-10-01 21:00:00,0.32882,0.375
2024-10-01 22:00:00,0.33269,0.40741
2024-10-01 23:00:00,0.33849,0.44213
2024-10-02 00:00:00,0.3501,0.46991
2024-10-02 01:00:00,0.3675,0.50231
2024-10-02 02:00:00,0.38491,0.53472
2024-10-02 03:00:00,0.40619,0.56713
2024-10-02 04:00:00,0.4236,0.59491
2024-10-02 05:00:00,0.4352,0.625
2024-10-02 06:00:00,0.44681,0.65278
2024-10-02 07:00:00,0.46809,0.67593
2024-10-02 08:00:00,0.49903,0.69444
2024-10-02 09:00:00,0.53772,0.7037
2024-10-02 10:00:00,0.58414,0.71296
2024-10-02 11:00:00,0.62863,0.71528
2024-10-02 12:00:00,0.67892,0.71065
2024-10-02 13:00:00,0.7234,0.69907
2024-10-02 14:00:00,0.76209,0.67593
2024-10-02 15:00:00,0.79497,0.64352
2024-10-02 16:00:00,0.82398,0.6088
2024-10-02 17:00:00,0.8472,0.57176
2024-10-02 18:00:00,0.86654,0.53009
2024-10-02 19:00:00,0.86654,0.49537
2024-10-02 20:00:00,0.86847,0.46065
2024-10-02 21:00:00,0.86267,0.43287
2024-10-02 22:00:00,0.86074,0.41435
2024-10-02 23:00:00,0.85493,0.38889
2024-10-03 00:00:00,0.84526,0.37269
2024-10-03 01:00:00,0.83946,0.35185
2024-10-03 02:00:00,0.83752,0.32639
2024-10-03 03:00:00,0.83752,0.31944
2024-10-03 04:00:00,0.83946,0.30787
2024-10-03 05:00:00,0.84139,0.2963
2024-10-03 06:00:00,0.40426,0.23843
2024-10-03 07:00:00,0.40619,0.23843
2024-10-03 08:00:00,0.40426,0.24074
2024-10-03 09:00:00,0.40619,0.23843
2024-10-03 10:00:00,0.40426,0.23843
2024-10-03 11:00:00,0.40619,0.23843
2024-10-03 12:00:00,0.40619,0.23611
2024-10-03 13:00:00,0.40812,0.2338
2024-10-03 14:00:00,0.40619,0.23843
2024-10-03 15:00:00,0.39845,0.25463
2024-10-03 16:00:00,0.39072,0.26852
2024-10-03 17:00:00,0.38298,0.2963
2024-10-03 18:00:00,0.37911,0.31944
2024-10-03 19:00:00,0.37911,0.34954
2024-10-03 20:00:00,0.38491,0.375
2024-10-03 21:00:00,0.39458,0.40046
2024-10-03 22:00:00,0.40619,0.43287
2024-10-03 23:00:00,0.41586,0.46296
2024-10-04 00:00:00,0.43133,0.49074
2024-10-04 01:00:00,0.44874,0.5162
2024-10-04 02:00:00,0.46809,0.54167
2024-10-04 03:00:00,0.4913,0.55787
2024-10-04 04:00:00,0.51064,0.5787
2024-10-04 05:00:00,0.52998,0.59954
2024-10-04 06:00:00,0.55513,0.61574
2024-10-04 07:00:00,0.58801,0.625
2024-10-04 08:00:00,0.62476,0.62269
2024-10-04 09:00:00,0.66151,0.6088
2024-10-04 10:00:00,0.69632,0.59491
2024-10-04 11:00:00,0.72534,0.5787
2024-10-04 12:00:00,0.74468,0.55093
2024-10-04 13:00:00,0.76015,0.52778
2024-10-04 14:00:00,0.77369,0.50231
2024-10-04 15:00:00,0.78337,0.47917
2024-10-04 16:00:00,0.79497,0.45833
2024-10-04 17:00:00,0.80658,0.4375
2024-10-04 18:00:00,0.81818,0.41667
2024-10-04 19:00:00,0.83172,0.40046
2024-10-04 20:00:00,0.83752,0.37731
2024-10-04 21:00:00,0.84526,0.3588
2024-10-04 22:00:00,0.853,0.34491
2024-10-04 23:00:00,0.8588,0.33333
2024-10-05 00:00:00,0.8588,0.30787
2024-10-05 01:00:00,0.86267,0.29167
2024-10-05 02:00:00,0.86267,0.28241
2024-10-05 03:00:00,0.14507,0.40278
2024-10-05 04:00:00,0.14507,0.39583
2024-10-05 05:00:00,0.14313,0.39583
2024-10-05 06:00:00,0.14313,0.39352
2024-10-05 07:00:00,0.14507,0.39583
2024-10-05 08:00:00,0.14507,0.39815
2024-10-05 09:00:00,0.14507,0.41204
2024-10-05 10:00:00,0.1412,0.42593
2024-10-05 11:00:00,0.13733,0.44907
2024-10-05 12:00:00,0.1412,0.47454
2024-10-05 13:00:00,0.15087,0.49537
2024-10-05 14:00:00,0.17021,0.52083
2024-10-05 15:00:00,0.18956,0.55787
2024-10-05 16:00:00,0.21277,0.5787
2024-10-05 17:00:00,0.23017,0.61343
2024-10-05 18:00:00,0.25338,0.63889
2024-10-05 19:00:00,0.2766,0.66898
2024-10-05 20:00:00,0.30368,0.69213
2024-10-05 21:00:00,0.33075,0.71991
2024-10-05 22:00:00,0.35783,0.73611
2024-10-05 23:00:00,0.38878,0.75
2024-10-06 00:00:00,0.43907,0.75463
2024-10-06 01:00:00,0.48356,0.75694
2024-10-06 02:00:00,0.53191,0.75694
2024-10-06 03:00:00,0.5706,0.75463
2024-10-06 04:00:00,0.60348,0.75
2024-10-06 05:00:00,0.62282,0.73843
2024-10-06 06:00:00,0.64603,0.73148
2024-10-06 07:00:00,0.66538,0.72454
2024-10-06 08:00:00,0.69052,0.71528
2024-10-06 09:00:00,0.7176,0.70602
2024-10-06 10:00:00,0.74662,0.69444
2024-10-06 11:00:00,0.77756,0.68056
2024-10-06 12:00:00,0.80271,0.66667
2024-10-06 13:00:00,0.81625,0.65046
2024-10-06 14:00:00,0.82205,0.63426
2024-10-06 15:00:00,0.83559,0.61111
2024-10-06 16:00:00,0.84526,0.58796
2024-10-06 17:00:00,0.85106,0.56481
2024-10-06 18:00:00,0.85687,0.54398
2024-10-06 19:00:00,0.86074,0.52315
2024-10-06 20:00:00,0.8588,0.50926
2024-10-06 21:00:00,0.85493,0.49074
2024-10-06 22:00:00,0.8472,0.48148
2024-10-06 23:00:00,0.84333,0.46759
2024-10-07 00:00:00,0.23404,0.50231
2024-10-07 01:00:00,0.23211,0.50694
2024-10-07 02:00:00,0.23017,0.50926
2024-10-07 03:00:00,0.23211,0.5162
2024-10-07 04:00:00,0.23017,0.52315
2024-10-07 05:00:00,0.22437,0.52315
2024-10-07 06:00:00,0.22244,0.52546
2024-10-07 07:00:00,0.22244,0.53009
2024-10-07 08:00:00,0.2205,0.53241
2024-10-07 09:00:00,0.21857,0.53704
2024-10-07 10:00:00,0.21857,0.54167
2024-10-07 11:00:00,0.21857,0.54861
2024-10-07 12:00:00,0.21857,0.55556
2024-10-07 13:00:00,0.2205,0.56481
2024-10-07 14:00:00,0.22437,0.57407
2024-10-07 15:00:00,0.22631,0.58333
2024-10-07 16:00:00,0.22824,0.59491
2024-10-07 17:00:00,0.23211,0.60417
2024-10-07 18:00:00,0.23598,0.61343
2024-10-07 19:00:00,0.23985,0.625
2024-10-07 20:00:00,0.24565,0.63426
2024-10-07 21:00:00,0.25145,0.64583
2024-10-07 22:00:00,0.25725,0.65509
2024-10-07 23:00:00,0.26306,0.66435
2024-10-08 00:00:00,0.27079,0.6713
2024-10-08 01:00:00,0.27853,0.68056
2024-10-08 02:00:00,0.28627,0.68981
2024-10-08 03:00:00,0.294,0.69907
2024-10-08 04:00:00,0.30368,0.70602
2024-10-08 05:00:00,0.31141,0.71528
2024-10-08 06:00:00,0.32302,0.71991
2024-10-08 07:00:00,0.33269,0.72685
2024-10-08 08:00:00,0.34623,0.72917
2024-10-08 09:00:00,0.35783,0.7338
2024-10-08 10:00:00,0.37137,0.7338
2024-10-08 11:00:00,0.38298,0.7338
2024-10-08 12:00:00,0.39652,0.73148
2024-10-08 13:00:00,0.41006,0.73148
2024-10-08 14:00:00,0.42553,0.72917
2024-10-08 15:00:00,0.43907,0.72685
2024-10-08 16:00:00,0.45261,0.72685
2024-10-08 17:00:00,0.46422,0.72454
2024-10-08 18:00:00,0.47582,0.72222
2024-10-08 19:00:00,0.48743,0.71991
2024-10-08 20:00:00,0.5029,0.71759
2024-10-08 21:00:00,0.26112,0.4838
2024-10-08 22:00:00,0.26306,0.4838
2024-10-08 23:00:00,0.26306,0.4838
2024-10-09 00:00:00,0.26306,0.4838
2024-10-09 01:00:00,0.26306,0.48148
2024-10-09 02:00:00,0.26112,0.48611
2024-10-09 03:00:00,0.26306,0.48611
2024-10-09 04:00:00,0.26112,0.48843
2024-10-09 05:00:00,0.26112,0.49074
2024-10-09 06:00:00,0.25919,0.49769
2024-10-09 07:00:00,0.25725,0.50694
2024-10-09 08:00:00,0.25532,0.5162
2024-10-09 09:00:00,0.25338,0.52546
2024-10-09 10:00:00,0.25532,0.53241
2024-10-09 11:00:00,0.25725,0.55093
2024-10-09 12:00:00,0.26112,0.57176
2024-10-09 13:00:00,0.27079,0.59028
2024-10-09 14:00:00,0.28046,0.61111
2024-10-09 15:00:00,0.28433,0.62731
2024-10-09 16:00:00,0.29787,0.64815
2024-10-09 17:00:00,0.31721,0.66898
2024-10-09 18:00:00,0.34043,0.68056
2024-10-09 19:00:00,0.37137,0.68519
2024-10-09 20:00:00,0.40812,0.68981
2024-10-09 21:00:00,0.44101,0.68981
2024-10-09 22:00:00,0.47002,0.69213
2024-10-09 23:00:00,0.49903,0.69676
2024-10-10 00:00:00,0.52611,0.69676
2024-10-10 01:00:00,0.55706,0.69907
2024-10-10 02:00:00,0.58414,0.69444
2024-10-10 03:00:00,0.60928,0.68287
2024-10-10 04:00:00,0.63056,0.66204
2024-10-10 05:00:00,0.64797,0.63889
2024-10-10 06:00:00,0.64797,0.61806
2024-10-10 07:00:00,0.65377,0.59722
2024-10-10 08:00:00,0.66344,0.57407
2024-10-10 09:00:00,0.67118,0.55556
2024-10-10 10:00:00,0.67311,0.53935
2024-10-10 11:00:00,0.67505,0.53241
2024-10-10 12:00:00,0.67505,0.52083
2024-10-10 13:00:00,0.67311,0.51157
2024-10-10 14:00:00,0.67118,0.50463
2024-10-10 15:00:00,0.66925,0.49769
2024-10-10 16:00:00,0.66925,0.49306
2024-10-10 17:00:00,0.66925,0.48843
2024-10-10 18:00:00,0.31141,0.45833
2024-10-10 19:00:00,0.31141,0.45833
2024-10-10 20:00:00,0.31141,0.45833
2024-10-10 21:00:00,0.31141,0.46065
2024-10-10 22:00:00,0.31335,0.45833
2024-10-10 23:00:00,0.31335,0.45833
2024-10-11 00:00:00,0.31335,0.45833
2024-10-11 01:00:00,0.31335,0.45602
2024-10-11 02:00:00,0.31335,0.45833
2024-10-11 03:00:00,0.31335,0.46065
2024-10-11 04:00:00,0.31141,0.46296
2024-10-11 05:00:00,0.30754,0.46528
2024-10-11 06:00:00,0.30754,0.46528
2024-10-11 07:00:00,0.30754,0.46528
2024-10-11 08:00:00,0.30948,0.46528
2024-10-11 09:00:00,0.31141,0.46528
2024-10-11 10:00:00,0.30948,0.46528
2024-10-11 11:00:00,0.31141,0.46528
2024-10-11 12:00:00,0.31141,0.46528
2024-10-11 13:00:00,0.31335,0.46528
2024-10-11 14:00:00,0.31335,0.46759
2024-10-11 15:00:00,0.31528,0.47454
2024-10-11 16:00:00,0.31528,0.48611
2024-10-11 17:00:00,0.31721,0.49537
2024-10-11 18:00:00,0.31915,0.50926
2024-10-11 19:00:00,0.32302,0.52546
2024-10-11 20:00:00,0.32882,0.53935
2024-10-11 21:00:00,0.33462,0.55324
2024-10-11 22:00:00,0.34623,0.57176
2024-10-11 23:00:00,0.35783,0.58796
2024-10-12 00:00:00,0.37137,0.6088
2024-10-12 01:00:00,0.38298,0.62269
2024-10-12 02:00:00,0.40039,0.64352
2024-10-12 03:00:00,0.4236,0.66667
2024-10-12 04:00:00,0.45068,0.69213
2024-10-12 05:00:00,0.47776,0.71296
2024-10-12 06:00:00,0.50677,0.72454
2024-10-12 07:00:00,0.54159,0.73148
2024-10-12 08:00:00,0.57253,0.72917
2024-10-12 09:00:00,0.60542,0.72222
2024-10-12 10:00:00,0.63443,0.71759
2024-10-12 11:00:00,0.65764,0.70833
2024-10-12 12:00:00,0.67892,0.69907
2024-10-12 13:00:00,0.69439,0.6875
2024-10-12 14:00:00,0.70019,0.67824
2024-10-12 15:00:00,0.26112,0.4838
2024-10-12 16:00:00,0.26306,0.4838
2024-10-12 17:00:00,0.26306,0.4838
2024-10-12 18:00:00,0.26306,0.4838
2024-10-12 19:00:00,0.26306,0.48148
2024-10-12 20:00:00,0.26112,0.48611
2024-10-12 21:00:00,0.26306,0.48611
2024-10-12 22:00:00,0.26112,0.48843
2024-10-12 23:00:00,0.26112,0.49074
2024-10-13 00:00:00,0.25919,0.49769
2024-10-13 01:00:00,0.25725,0.50694
2024-10-13 02:00:00,0.25532,0.5162
2024-10-13 03:00:00,0.25338,0.52546
2024-10-13 04:00:00,0.25532,0.53241
2024-10-13 05:00:00,0.25725,0.55093
2024-10-13 06:00:00,0.26112,0.57176
2024-10-13 07:00:00,0.27079,0.59028
2024-10-13 08:00:00,0.28046,0.61111
2024-10-13 09:00:00,0.28433,0.62731
2024-10-13 10:00:00,0.29787,0.64815
2024-10-13 11:00:00,0.31721,0.66898
2024-10-13 12:00:00,0.34043,0.68056
2024-10-13 13:00:00,0.37137,0.68519
2024-10-13 14:00:00,0.40812,0.68981
2024-10-13 15:00:00,0.44101,0.68981
2024-10-13 16:00:00,0.47002,0.69213
2024-10-13 17:00:00,0.49903,0.69676
2024-10-13 18:00:00,0.52611,0.69676
2024-10-13 19:00:00,0.55706,0.69907
2024-10-13 20:00:00,0.58414,0.69444
2024-10-13 21:00:00,0.60928,0.68287
2024-10-13 22:00:00,0.63056,0.66204
2024-10-13 23:00:00,0.64797,0.63889
2024-10-14 00:00:00,0.64797,0.61806
2024-10-14 01:00:00,0.65377,0.59722
2024-10-14 02:00:00,0.66344,0.57407
2024-10-14 03:00:00,0.67118,0.55556
2024-10-14 04:00:00,0.67311,0.53935
2024-10-14 05:00:00,0.67505,0.53241
2024-10-14 06:00:00,0.67505,0.52083
2024-10-14 07:00:00,0.67311,0.51157
2024-10-14 08:00:00,0.67118,0.50463
2024-10-14 09:00:00,0.66925,0.49769
2024-10-14 10:00:00,0.66925,0.49306
2024-10-14 11:00:00,0.66925,0.48843
2024-10-14 12:00:00,0.79691,0.5463
2024-10-14 13:00:00,0.79691,0.5463
2024-10-14 14:00:00,0.79691,0.5463
2024-10-14 15:00:00,0.79691,0.54861
2024-10-14 16:00:00,0.79691,0.54861
2024-10-14 17:00:00,0.79691,0.54861
2024-10-14 18:00:00,0.79691,0.5463
2024-10-14 19:00:00,0.79691,0.5463
2024-10-14 20:00:00,0.79691,0.54167
2024-10-14 21:00:00,0.79497,0.53472
2024-10-14 22:00:00,0.79304,0.52546
2024-10-14 23:00:00,0.78917,0.51389
2024-10-15 00:00:00,0.78337,0.49769
2024-10-15 01:00:00,0.77756,0.47917
2024-10-15 02:00:00,0.76983,0.46065
2024-10-15 03:00:00,0.76209,0.43981
2024-10-15 04:00:00,0.75048,0.4213
2024-10-15 05:00:00,0.73888,0.40046
2024-10-15 06:00:00,0.72727,0.37731
2024-10-15 07:00:00,0.71373,0.35417
2024-10-15 08:00:00,0.69826,0.3287
2024-10-15 09:00:00,0.68085,0.30093
2024-10-15 10:00:00,0.66151,0.27315
2024-10-15 11:00:00,0.64023,0.24537
2024-10-15 12:00:00,0.61702,0.21991
2024-10-15 13:00:00,0.59574,0.19213
2024-10-15 14:00:00,0.57253,0.16667
2024-10-15 15:00:00,0.55319,0.14815
2024-10-15 16:00:00,0.53191,0.12731
2024-10-15 17:00:00,0.51064,0.11111
2024-10-15 18:00:00,0.48549,0.10185
2024-10-15 19:00:00,0.46035,0.097222
2024-10-15 20:00:00,0.43327,0.094907
2024-10-15 21:00:00,0.40232,0.097222
2024-10-15 22:00:00,0.36944,0.1088
2024-10-15 23:00:00,0.33462,0.12731
2024-10-16 00:00:00,0.30174,0.15509
2024-10-16 01:00:00,0.27273,0.18519
2024-10-16 02:00:00,0.24758,0.21991
2024-10-16 03:00:00,0.22631,0.25694
2024-10-16 04:00:00,0.2089,0.28935
2024-10-16 05:00:00,0.19536,0.32639
2024-10-16 06:00:00,0.18182,0.36343
2024-10-16 07:00:00,0.17021,0.40278
2024-10-16 08:00:00,0.16248,0.44444
2024-10-16 09:00:00,0.78143,0.48148
2024-10-16 10:00:00,0.78143,0.48148
2024-10-16 11:00:00,0.78143,0.48148
2024-10-16 12:00:00,0.78143,0.48148
2024-10-16 13:00:00,0.78143,0.48148
2024-10-16 14:00:00,0.78143,0.48148
2024-10-16 15:00:00,0.78337,0.48148
2024-10-16 16:00:00,0.78143,0.48148
2024-10-16 17:00:00,0.78337,0.48148
2024-10-16 18:00:00,0.78143,0.48148
2024-10-16 19:00:00,0.78143,0.48148
2024-10-16 20:00:00,0.78143,0.48148
2024-10-16 21:00:00,0.78143,0.48148
2024-10-16 22:00:00,0.78143,0.48148
2024-10-16 23:00:00,0.78143,0.4838
2024-10-17 00:00:00,0.78143,0.48148
2024-10-17 01:00:00,0.78143,0.4838
2024-10-17 02:00:00,0.78143,0.48611
2024-10-17 03:00:00,0.78143,0.48843
2024-10-17 04:00:00,0.7795,0.48843
2024-10-17 05:00:00,0.78143,0.49306
2024-10-17 06:00:00,0.7795,0.49306
2024-10-17 07:00:00,0.7795,0.48611
2024-10-17 08:00:00,0.77756,0.47685
2024-10-17 09:00:00,0.77756,0.46296
2024-10-17 10:00:00,0.7795,0.44676
2024-10-17 11:00:00,0.78143,0.42824
2024-10-17 12:00:00,0.77756,0.40509
2024-10-17 13:00:00,0.76596,0.37037
2024-10-17 14:00:00,0.75048,0.33565
2024-10-17 15:00:00,0.73114,0.30324
2024-10-17 16:00:00,0.70986,0.2662
2024-10-17 17:00:00,0.68859,0.22917
2024-10-17 18:00:00,0.66151,0.19676
2024-10-17 19:00:00,0.63443,0.16667
2024-10-17 20:00:00,0.60542,0.13426
2024-10-17 21:00:00,0.56867,0.11111
2024-10-17 22:00:00,0.52998,0.099537
2024-10-17 23:00:00,0.48356,0.094907
2024-10-18 00:00:00,0.43327,0.10648
2024-10-18 01:00:00,0.38298,0.13426
2024-10-18 02:00:00,0.34043,0.16898
2024-10-18 03:00:00,0.29594,0.22222
2024-10-18 04:00:00,0.25725,0.28935
2024-10-18 05:00:00,0.23404,0.3588
2024-10-18 06:00:00,0.1354,0.71065
2024-10-18 07:00:00,0.13346,0.71065
2024-10-18 08:00:00,0.1354,0.71065
2024-10-18 09:00:00,0.1354,0.71065
2024-10-18 10:00:00,0.1354,0.71065
2024-10-18 11:00:00,0.1354,0.71065
2024-10-18 12:00:00,0.13346,0.70833
2024-10-18 13:00:00,0.13346,0.69907
2024-10-18 14:00:00,0.13153,0.68287
2024-10-18 15:00:00,0.12959,0.66204
2024-10-18 16:00:00,0.13153,0.64583
2024-10-18 17:00:00,0.13346,0.62963
2024-10-18 18:00:00,0.1354,0.6088
2024-10-18 19:00:00,0.13926,0.59028
2024-10-18 20:00:00,0.14313,0.57176
2024-10-18 21:00:00,0.147,0.54861
2024-10-18 22:00:00,0.15087,0.57639
2024-10-18 23:00:00,0.15474,0.55093
2024-10-19 00:00:00,0.16248,0.50231
2024-10-19 01:00:00,0.17021,0.47685
2024-10-19 02:00:00,0.18182,0.45139
2024-10-19 03:00:00,0.19729,0.43056
2024-10-19 04:00:00,0.2147,0.40278
2024-10-19 05:00:00,0.23211,0.38889
2024-10-19 06:00:00,0.25338,0.36806
2024-10-19 07:00:00,0.27853,0.34491
2024-10-19 08:00:00,0.30561,0.31944
2024-10-19 09:00:00,0.33656,0.29398
2024-10-19 10:00:00,0.36557,0.27315
2024-10-19 11:00:00,0.39458,0.25926
2024-10-19 12:00:00,0.42553,0.25
2024-10-19 13:00:00,0.45648,0.24537
2024-10-19 14:00:00,0.48549,0.24537
2024-10-19 15:00:00,0.51257,0.25
2024-10-19 16:00:00,0.53578,0.25463
2024-10-19 17:00:00,0.55899,0.25926
2024-10-19 18:00:00,0.5764,0.2662
2024-10-19 19:00:00,0.59574,0.27083
2024-10-19 20:00:00,0.61122,0.28241
2024-10-19 21:00:00,0.62863,0.29398
2024-10-19 22:00:00,0.6441,0.30787
2024-10-19 23:00:00,0.65957,0.32176
2024-10-20 00:00:00,0.67311,0.34028
2024-10-20 01:00:00,0.68859,0.35185
2024-10-20 02:00:00,0.70213,0.37269
2024-10-20 03:00:00,0.18956,0.77546
2024-10-20 04:00:00,0.19149,0.77315
2024-10-20 05:00:00,0.18956,0.77546
2024-10-20 06:00:00,0.18956,0.77546
2024-10-20 07:00:00,0.18956,0.77778
2024-10-20 08:00:00,0.18956,0.77778
2024-10-20 09:00:00,0.18956,0.77546
2024-10-20 10:00:00,0.18956,0.77546
2024-10-20 11:00:00,0.18956,0.77546
2024-10-20 12:00:00,0.18956,0.76852
2024-10-20 13:00:00,0.18956,0.75463
2024-10-20 14:00:00,0.19149,0.73611
2024-10-20 15:00:00,0.18956,0.71296
2024-10-20 16:00:00,0.18956,0.6875
2024-10-20 17:00:00,0.18956,0.65741
2024-10-20 18:00:00,0.19149,0.62037
2024-10-20 19:00:00,0.20116,0.5787
2024-10-20 20:00:00,0.21277,0.54167
2024-10-20 21:00:00,0.22437,0.50463
2024-10-20 22:00:00,0.23791,0.47222
2024-10-20 23:00:00,0.25145,0.44907
2024-10-21 00:00:00,0.26306,0.43056
2024-10-21 01:00:00,0.2824,0.40741
2024-10-21 02:00:00,0.30754,0.38426
2024-10-21 03:00:00,0.33462,0.36111
2024-10-21 04:00:00,0.3675,0.34028
2024-10-21 05:00:00,0.40619,0.3287
2024-10-21 06:00:00,0.44874,0.32407
2024-10-21 07:00:00,0.4913,0.32407
2024-10-21 08:00:00,0.53385,0.33102
2024-10-21 09:00:00,0.5764,0.34259
2024-10-21 10:00:00,0.61315,0.3588
2024-10-21 11:00:00,0.64603,0.375
2024-10-21 12:00:00,0.66925,0.39352
2024-10-21 13:00:00,0.69052,0.40972
2024-10-21 14:00:00,0.7118,0.42593
2024-10-21 15:00:00,0.73114,0.44444
2024-10-21 16:00:00,0.74662,0.4537
2024-10-21 17:00:00,0.75629,0.47685
2024-10-21 18:00:00,0.76789,0.50231
2024-10-21 19:00:00,0.77369,0.52778
2024-10-21 20:00:00,0.78143,0.55324
2024-10-21 21:00:00,0.78337,0.5787
2024-10-21 22:00:00,0.78917,0.59491
2024-10-21 23:00:00,0.80271,0.62037
2024-10-22 00:00:00,0.20503,0.72685
2024-10-22 01:00:00,0.2089,0.72454
2024-10-22 02:00:00,0.21083,0.72454
2024-10-22 03:00:00,0.20696,0.72454
2024-10-22 04:00:00,0.2089,0.72685
2024-10-22 05:00:00,0.2089,0.72454
2024-10-22 06:00:00,0.2089,0.72685
2024-10-22 07:00:00,0.2089,0.72917
2024-10-22 08:00:00,0.20696,0.72917
2024-10-22 09:00:00,0.21083,0.72685
2024-10-22 10:00:00,0.21277,0.72222
2024-10-22 11:00:00,0.2089,0.71065
2024-10-22 12:00:00,0.20503,0.69676
2024-10-22 13:00:00,0.20503,0.68056
2024-10-22 14:00:00,0.20503,0.65278
2024-10-22 15:00:00,0.20309,0.62731
2024-10-22 16:00:00,0.20503,0.59259
2024-10-22 17:00:00,0.21857,0.55787
2024-10-22 18:00:00,0.23211,0.52083
2024-10-22 19:00:00,0.23985,0.48611
2024-10-22 20:00:00,0.25145,0.4537
2024-10-22 21:00:00,0.26306,0.42361
2024-10-22 22:00:00,0.2766,0.41204
2024-10-22 23:00:00,0.2882,0.40046
2024-10-23 00:00:00,0.30561,0.37269
2024-10-23 01:00:00,0.32882,0.34954
2024-10-23 02:00:00,0.35203,0.33102
2024-10-23 03:00:00,0.37911,0.29861
2024-10-23 04:00:00,0.41393,0.28009
2024-10-23 05:00:00,0.45068,0.27083
2024-10-23 06:00:00,0.4913,0.26389
2024-10-23 07:00:00,0.53385,0.26389
2024-10-23 08:00:00,0.5764,0.27315
2024-10-23 09:00:00,0.61122,0.28472
2024-10-23 10:00:00,0.64217,0.2963
2024-10-23 11:00:00,0.66731,0.31019
2024-10-23 12:00:00,0.69052,0.32407
2024-10-23 13:00:00,0.70986,0.34259
2024-10-23 14:00:00,0.72921,0.3588
2024-10-23 15:00:00,0.74855,0.37963
2024-10-23 16:00:00,0.76402,0.40278
2024-10-23 17:00:00,0.77756,0.43056
2024-10-23 18:00:00,0.78917,0.46528
2024-10-23 19:00:00,0.79691,0.50694
2024-10-23 20:00:00,0.80464,0.54167
2024-10-23 21:00:00,0.16634,0.73843
2024-10-23 22:00:00,0.16634,0.73611
2024-10-23 23:00:00,0.16634,0.73843
2024-10-24 00:00:00,0.16634,0.73843
2024-10-24 01:00:00,0.16828,0.73843
2024-10-24 02:00:00,0.16634,0.73843
2024-10-24 03:00:00,0.16634,0.74074
2024-10-24 04:00:00,0.16441,0.73148
2024-10-24 05:00:00,0.16441,0.70833
2024-10-24 06:00:00,0.16828,0.68056
2024-10-24 07:00:00,0.17215,0.65278
2024-10-24 08:00:00,0.17988,0.62037
2024-10-24 09:00:00,0.18375,0.58565
2024-10-24 10:00:00,0.18762,0.54398
2024-10-24 11:00:00,0.20116,0.5
2024-10-24 12:00:00,0.2205,0.45602
2024-10-24 13:00:00,0.23211,0.4213
2024-10-24 14:00:00,0.25532,0.3912
2024-10-24 15:00:00,0.27079,0.39583
2024-10-24 16:00:00,0.29594,0.37731
2024-10-24 17:00:00,0.32689,0.35185
2024-10-24 18:00:00,0.36364,0.33102
2024-10-24 19:00:00,0.40039,0.3125
2024-10-24 20:00:00,0.43907,0.29861
2024-10-24 21:00:00,0.47776,0.2963
2024-10-24 22:00:00,0.51838,0.30556
2024-10-24 23:00:00,0.55319,0.31944
2024-10-25 00:00:00,0.58801,0.33565
2024-10-25 01:00:00,0.61896,0.34954
2024-10-25 02:00:00,0.64797,0.3588
2024-10-25 03:00:00,0.67118,0.37963
2024-10-25 04:00:00,0.68859,0.39815
2024-10-25 05:00:00,0.706,0.42593
2024-10-25 06:00:00,0.72147,0.46296
2024-10-25 07:00:00,0.73308,0.49306
2024-10-25 08:00:00,0.74275,0.52778
2024-10-25 09:00:00,0.74468,0.5625
2024-10-25 10:00:00,0.75048,0.59722
2024-10-25 11:00:00,0.75435,0.62963
2024-10-25 12:00:00,0.76209,0.65046
2024-10-25 13:00:00,0.76596,0.6713
2024-10-25 14:00:00,0.77369,0.68519
2024-10-25 15:00:00,0.76983,0.69213
2024-10-25 16:00:00,0.77176,0.68981
2024-10-25 17:00:00,0.77369,0.6875
2024-10-25 18:00:00,0.23017,0.70602
2024-10-25 19:00:00,0.23017,0.70833
2024-10-25 20:00:00,0.23017,0.70833
2024-10-25 21:00:00,0.23017,0.70833
2024-10-25 22:00:00,0.23017,0.70602
2024-10-25 23:00:00,0.23211,0.70602
2024-10-26 00:00:00,0.23211,0.70602
2024-10-26 01:00:00,0.23404,0.70602
2024-10-26 02:00:00,0.23404,0.7037
2024-10-26 03:00:00,0.23791,0.70602
2024-10-26 04:00:00,0.23598,0.70602
2024-10-26 05:00:00,0.23404,0.70602
2024-10-26 06:00:00,0.23017,0.71065
2024-10-26 07:00:00,0.23211,0.71065
2024-10-26 08:00:00,0.22631,0.70139
2024-10-26 09:00:00,0.22437,0.67361
2024-10-26 10:00:00,0.22244,0.63194
2024-10-26 11:00:00,0.2205,0.59028
2024-10-26 12:00:00,0.21857,0.55324
2024-10-26 13:00:00,0.21857,0.50694
2024-10-26 14:00:00,0.22437,0.46065
2024-10-26 15:00:00,0.23791,0.42593
2024-10-26 16:00:00,0.25532,0.39815
2024-10-26 17:00:00,0.27853,0.38194
2024-10-26 18:00:00,0.31141,0.34722
2024-10-26 19:00:00,0.35397,0.31019
2024-10-26 20:00:00,0.40232,0.28472
2024-10-26 21:00:00,0.46422,0.27546
2024-10-26 22:00:00,0.52031,0.27778
2024-10-26 23:00:00,0.56867,0.28472
2024-10-27 00:00:00,0.60928,0.2963
2024-10-27 01:00:00,0.64603,0.31481
2024-10-27 02:00:00,0.67505,0.32407
2024-10-27 03:00:00,0.70213,0.33796
2024-10-27 04:00:00,0.73114,0.36574
2024-10-27 05:00:00,0.75242,0.39815
2024-10-27 06:00:00,0.76789,0.42824
2024-10-27 07:00:00,0.77563,0.46528
2024-10-27 08:00:00,0.78143,0.50231
2024-10-27 09:00:00,0.7795,0.53472
2024-10-27 10:00:00,0.77756,0.56481
2024-10-27 11:00:00,0.7795,0.59722
2024-10-27 12:00:00,0.78337,0.62269
2024-10-27 13:00:00,0.7853,0.63426
2024-10-27 14:00:00,0.7853,0.6412
2024-10-27 15:00:00,0.10058,0.46528
2024-10-27 16:00:00,0.10058,0.46296
2024-10-27 17:00:00,0.098646,0.46296
2024-10-27 18:00:00,0.096712,0.46528
2024-10-27 19:00:00,0.098646,0.46528
2024-10-27 20:00:00,0.10058,0.46065
2024-10-27 21:00:00,0.10445,0.44676
2024-10-27 22:00:00,0.11025,0.43519
2024-10-27 23:00:00,0.11992,0.41435
2024-10-28 00:00:00,0.12766,0.39815
2024-10-28 01:00:00,0.1412,0.37963
2024-10-28 02:00:00,0.1528,0.36111
2024-10-28 03:00:00,0.16248,0.34954
2024-10-28 04:00:00,0.17602,0.33102
2024-10-28 05:00:00,0.19342,0.30556
2024-10-28 06:00:00,0.21277,0.28472
2024-10-28 07:00:00,0.23598,0.25926
2024-10-28 08:00:00,0.26112,0.23611
2024-10-28 09:00:00,0.29014,0.21759
2024-10-28 10:00:00,0.31915,0.2037
2024-10-28 11:00:00,0.3501,0.19444
2024-10-28 12:00:00,0.38104,0.1875
2024-10-28 13:00:00,0.41393,0.18287
2024-10-28 14:00:00,0.44874,0.17593
2024-10-28 15:00:00,0.48936,0.17361
2024-10-28 16:00:00,0.52805,0.17593
2024-10-28 17:00:00,0.56867,0.18056
2024-10-28 18:00:00,0.60542,0.19213
2024-10-28 19:00:00,0.64217,0.20602
2024-10-28 20:00:00,0.67892,0.22685
2024-10-28 21:00:00,0.71373,0.25
2024-10-28 22:00:00,0.74662,0.27778
2024-10-28 23:00:00,0.77756,0.31019
2024-10-29 00:00:00,0.80658,0.34954
2024-10-29 01:00:00,0.82785,0.3912
2024-10-29 02:00:00,0.84913,0.43519
2024-10-29 03:00:00,0.85687,0.45139
2024-10-29 04:00:00,0.87621,0.46759
2024-10-29 05:00:00,0.89555,0.51389
2024-10-29 06:00:00,0.91683,0.55093
2024-10-29 07:00:00,0.9381,0.57639
2024-10-29 08:00:00,0.94391,0.58796
2024-10-29 09:00:00,0.9381,0.59259
2024-10-29 10:00:00,0.93424,0.59028
2024-10-29 11:00:00,0.93037,0.59028
2024-10-29 12:00:00,0.20116,0.53241
2024-10-29 13:00:00,0.19923,0.53704
2024-10-29 14:00:00,0.19923,0.53241
2024-10-29 15:00:00,0.20503,0.53704
2024-10-29 16:00:00,0.20116,0.53472
2024-10-29 17:00:00,0.19729,0.52778
2024-10-29 18:00:00,0.20116,0.52546
2024-10-29 19:00:00,0.19536,0.50694
2024-10-29 20:00:00,0.19729,0.49074
2024-10-29 21:00:00,0.19536,0.46991
2024-10-29 22:00:00,0.19536,0.45139
2024-10-29 23:00:00,0.19536,0.43519
2024-10-30 00:00:00,0.20116,0.41204
2024-10-30 01:00:00,0.21277,0.40278
2024-10-30 02:00:00,0.22631,0.38426
2024-10-30 03:00:00,0.24758,0.3588
2024-10-30 04:00:00,0.26886,0.33333
2024-10-30 05:00:00,0.29981,0.30556
2024-10-30 06:00:00,0.33462,0.28241
2024-10-30 07:00:00,0.36944,0.25463
2024-10-30 08:00:00,0.41006,0.2338
2024-10-30 09:00:00,0.44681,0.21528
2024-10-30 10:00:00,0.48743,0.20139
2024-10-30 11:00:00,0.52998,0.18981
2024-10-30 12:00:00,0.57253,0.18287
2024-10-30 13:00:00,0.61896,0.18056
2024-10-30 14:00:00,0.65957,0.18981
2024-10-30 15:00:00,0.69826,0.20833
2024-10-30 16:00:00,0.73888,0.23611
2024-10-30 17:00:00,0.77563,0.27315
2024-10-30 18:00:00,0.81044,0.31481
2024-10-30 19:00:00,0.83946,0.3588
2024-10-30 20:00:00,0.85493,0.40509
2024-10-30 21:00:00,0.87041,0.44213
2024-10-30 22:00:00,0.88588,0.4838
2024-10-30 23:00:00,0.89942,0.52778
2024-10-31 00:00:00,0.91103,0.56713
2024-10-31 01:00:00,0.91296,0.58796
2024-10-31 02:00:00,0.91103,0.59259
2024-10-31 03:00:00,0.90135,0.59722
2024-10-31 04:00:00,0.89749,0.59259
2024-10-31 05:00:00,0.89168,0.5787
2024-10-31 06:00:00,0.88588,0.56944
2024-10-31 07:00:00,0.88201,0.56481
2024-10-31 08:00:00,0.88201,0.55324
2024-10-31 09:00:00,0.12959,0.4213
2024-10-31 10:00:00,0.13346,0.42361
2024-10-31 11:00:00,0.12379,0.4213
2024-10-31 12:00:00,0.1412,0.42824
2024-10-31 13:00:00,0.12379,0.4213
2024-10-31 14:00:00,0.12766,0.42593
2024-10-31 15:00:00,0.12573,0.4213
2024-10-31 16:00:00,0.12959,0.42361
2024-10-31 17:00:00,0.13153,0.41898
2024-10-31 18:00:00,0.13153,0.41898
2024-10-31 19:00:00,0.13733,0.41667
2024-10-31 20:00:00,0.1528,0.4213
2024-10-31 21:00:00,0.13926,0.41204
2024-10-31 22:00:00,0.14894,0.41204
2024-10-31 23:00:00,0.15087,0.40741
2024-11-01 00:00:00,0.16634,0.40741
2024-11-01 01:00:00,0.17021,0.39815
2024-11-01 02:00:00,0.17602,0.40509
2024-11-01 03:00:00,0.18182,0.39583
2024-11-01 04:00:00,0.18762,0.39583
2024-11-01 05:00:00,0.19536,0.39583
2024-11-01 06:00:00,0.20116,0.3912
2024-11-01 07:00:00,0.20503,0.38657
2024-11-01 08:00:00,0.21083,0.38194
2024-11-01 09:00:00,0.22244,0.37037
2024-11-01 10:00:00,0.23017,0.36574
2024-11-01 11:00:00,0.23985,0.35417
2024-11-01 12:00:00,0.24952,0.34491
2024-11-01 13:00:00,0.25919,0.34028
2024-11-01 14:00:00,0.27079,0.3287
2024-11-01 15:00:00,0.2824,0.32407
2024-11-01 16:00:00,0.29594,0.31944
2024-11-01 17:00:00,0.30174,0.31944
2024-11-01 18:00:00,0.31721,0.30787
2024-11-01 19:00:00,0.33075,0.30093
2024-11-01 20:00:00,0.34816,0.29398
2024-11-01 21:00:00,0.36364,0.28704
2024-11-01 22:00:00,0.38104,0.28009
2024-11-01 23:00:00,0.40039,0.27315
2024-11-02 00:00:00,0.41973,0.26852
2024-11-02 01:00:00,0.43907,0.25926
2024-11-02 02:00:00,0.46035,0.25231
2024-11-02 03:00:00,0.47776,0.25
2024-11-02 04:00:00,0.4971,0.24306
2024-11-02 05:00:00,0.51838,0.24074
2024-11-02 06:00:00,0.2147,0.52546
2024-11-02 07:00:00,0.21663,0.53009
2024-11-02 08:00:00,0.21083,0.52778
2024-11-02 09:00:00,0.20696,0.53241
2024-11-02 10:00:00,0.2089,0.54167
2024-11-02 11:00:00,0.20309,0.53935
2024-11-02 12:00:00,0.19536,0.53704
2024-11-02 13:00:00,0.19923,0.53241
2024-11-02 14:00:00,0.21083,0.53009
2024-11-02 15:00:00,0.2147,0.51157
2024-11-02 16:00:00,0.22631,0.51852
2024-11-02 17:00:00,0.23017,0.5
2024-11-02 18:00:00,0.23017,0.47454
2024-11-02 19:00:00,0.23791,0.45602
2024-11-02 20:00:00,0.24178,0.43981
2024-11-02 21:00:00,0.25145,0.43287
2024-11-02 22:00:00,0.26306,0.42593
2024-11-02 23:00:00,0.28046,0.41667
2024-11-03 00:00:00,0.30368,0.38889
2024-11-03 01:00:00,0.33075,0.36574
2024-11-03 02:00:00,0.35977,0.33565
2024-11-03 03:00:00,0.38685,0.30787
2024-11-03 04:00:00,0.41199,0.28241
2024-11-03 05:00:00,0.4352,0.25926
2024-11-03 06:00:00,0.45841,0.23843
2024-11-03 07:00:00,0.47776,0.21991
2024-11-03 08:00:00,0.5029,0.2037
2024-11-03 09:00:00,0.52998,0.19213
2024-11-03 10:00:00,0.56093,0.1875
2024-11-03 11:00:00,0.59381,0.18519
2024-11-03 12:00:00,0.62863,0.19213
2024-11-03 13:00:00,0.65957,0.19907
2024-11-03 14:00:00,0.69246,0.21065
2024-11-03 15:00:00,0.72534,0.22454
2024-11-03 16:00:00,0.75435,0.24074
2024-11-03 17:00:00,0.78337,0.25694
2024-11-03 18:00:00,0.81044,0.27778
2024-11-03 19:00:00,0.83559,0.30093
2024-11-03 20:00:00,0.85493,0.3287
2024-11-03 21:00:00,0.87041,0.35417
2024-11-03 22:00:00,0.88395,0.38889
2024-11-03 23:00:00,0.89749,0.43056
2024-11-04 00:00:00,0.91103,0.46759
2024-11-04 01:00:00,0.9207,0.50694
2024-11-04 02:00:00,0.92843,0.53241
2024-11-04 03:00:00,0.61122,0.75926
2024-11-04 04:00:00,0.61122,0.75694
2024-11-04 05:00:00,0.61315,0.75694
2024-11-04 06:00:00,0.61122,0.75694
2024-11-04 07:00:00,0.61122,0.75926
2024-11-04 08:00:00,0.61315,0.75926
2024-11-04 09:00:00,0.61315,0.75926
2024-11-04 10:00:00,0.61122,0.75694
2024-11-04 11:00:00,0.61315,0.75926
2024-11-04 12:00:00,0.61315,0.75694
2024-11-04 13:00:00,0.61315,0.75926
2024-11-04 14:00:00,0.61315,0.75926
2024-11-04 15:00:00,0.61315,0.75926
2024-11-04 16:00:00,0.61315,0.75926
2024-11-04 17:00:00,0.61315,0.75926
2024-11-04 18:00:00,0.61315,0.75926
2024-11-04 19:00:00,0.61315,0.75926
2024-11-04 20:00:00,0.61315,0.75926
2024-11-04 21:00:00,0.61509,0.75926
2024-11-04 22:00:00,0.61315,0.75926
2024-11-04 23:00:00,0.61315,0.75926
2024-11-05 00:00:00,0.61509,0.75463
2024-11-05 01:00:00,0.61315,0.75231
2024-11-05 02:00:00,0.61315,0.74537
2024-11-05 03:00:00,0.61315,0.74306
2024-11-05 04:00:00,0.61122,0.73611
2024-11-05 05:00:00,0.61122,0.72917
2024-11-05 06:00:00,0.60928,0.71759
2024-11-05 07:00:00,0.60542,0.7037
2024-11-05 08:00:00,0.60155,0.69213
2024-11-05 09:00:00,0.59574,0.67361
2024-11-05 10:00:00,0.58801,0.65741
2024-11-05 11:00:00,0.57834,0.64352
2024-11-05 12:00:00,0.5706,0.625
2024-11-05 13:00:00,0.56093,0.61111
2024-11-05 14:00:00,0.55126,0.59491
2024-11-05 15:00:00,0.54352,0.58333
2024-11-05 16:00:00,0.53191,0.57407
2024-11-05 17:00:00,0.52031,0.5625
2024-11-05 18:00:00,0.51064,0.55093
2024-11-05 19:00:00,0.4971,0.54167
2024-11-05 20:00:00,0.48549,0.53472
2024-11-05 21:00:00,0.47195,0.52546
2024-11-05 22:00:00,0.45841,0.52083
2024-11-05 23:00:00,0.44487,0.5162
