Dataset: AtrialFibrillation
Arguments: Namespace(batch_size=8, dataset='AtrialFibrillation', epochs=1000, eval=True, gpu=1, irregular=0, iters=None, loader='UEA', lr=0.001, max_threads=8, max_train_length=3000, repr_dims=320, run_name='UEA', save_every=None, seed=42)
Loading data... done
Epoch #0: train loss = 67.286110, val loss = 29.229715, total loss = 48.257913, Epoch time: 0.61 seconds, remaining time: 10.16 minutes
Epoch #1: train loss = 33.146484, val loss = 23.203632, total loss = 28.175058, Epoch time: 0.05 seconds, remaining time: 5.49 minutes
Epoch #2: train loss = 26.862898, val loss = 13.815167, total loss = 20.339033, Epoch time: 0.06 seconds, remaining time: 3.97 minutes
Epoch #3: train loss = 29.239996, val loss = 11.219120, total loss = 20.229558, Epoch time: 0.06 seconds, remaining time: 3.22 minutes
Epoch #4: train loss = 15.421999, val loss = 9.678975, total loss = 12.550487, Epoch time: 0.05 seconds, remaining time: 2.74 minutes
Epoch #5: train loss = 6.776708, val loss = 7.440254, total loss = 7.108481, Epoch time: 0.05 seconds, remaining time: 2.42 minutes
Epoch #6: train loss = 8.099053, val loss = 5.398803, total loss = 6.748928, Epoch time: 0.05 seconds, remaining time: 2.20 minutes
Epoch #7: train loss = 4.076652, val loss = 6.383701, total loss = 5.230176, Epoch time: 0.05 seconds, remaining time: 2.02 minutes
Epoch #8: train loss = 6.034717, val loss = 4.226631, total loss = 5.130674, Epoch time: 0.07 seconds, remaining time: 1.93 minutes
Epoch #9: train loss = 4.065711, val loss = 4.768297, total loss = 4.417004, Epoch time: 0.05 seconds, remaining time: 1.82 minutes
Epoch #10: train loss = 3.293538, val loss = 3.962099, total loss = 3.627819, Epoch time: 0.05 seconds, remaining time: 0.89 minutes
Epoch #11: train loss = 4.903934, val loss = 3.584020, total loss = 4.243977, Epoch time: 0.06 seconds, remaining time: 0.90 minutes
Epoch #12: train loss = 3.419289, val loss = 3.826777, total loss = 3.623033, Epoch time: 0.05 seconds, remaining time: 0.88 minutes
Epoch #13: train loss = 3.398544, val loss = 4.199368, total loss = 3.798956, Epoch time: 0.05 seconds, remaining time: 0.86 minutes
Epoch #14: train loss = 3.937982, val loss = 3.067865, total loss = 3.502923, Epoch time: 0.05 seconds, remaining time: 0.87 minutes
Epoch #15: train loss = 3.293532, val loss = 2.953251, total loss = 3.123392, Epoch time: 0.05 seconds, remaining time: 0.87 minutes
Epoch #16: train loss = 3.470680, val loss = 3.466654, total loss = 3.468667, Epoch time: 0.05 seconds, remaining time: 0.86 minutes
Epoch #17: train loss = 2.944848, val loss = 3.390038, total loss = 3.167443, Epoch time: 0.05 seconds, remaining time: 0.86 minutes
Epoch #18: train loss = 2.645108, val loss = 3.349602, total loss = 2.997355, Epoch time: 0.05 seconds, remaining time: 0.82 minutes
Epoch #19: train loss = 3.333126, val loss = 2.673532, total loss = 3.003329, Epoch time: 0.06 seconds, remaining time: 0.83 minutes
Epoch #20: train loss = 3.541642, val loss = 2.586947, total loss = 3.064295, Epoch time: 0.05 seconds, remaining time: 0.83 minutes
Epoch #21: train loss = 3.458330, val loss = 2.610616, total loss = 3.034473, Epoch time: 0.06 seconds, remaining time: 0.83 minutes
Epoch #22: train loss = 3.324745, val loss = 2.646083, total loss = 2.985414, Epoch time: 0.05 seconds, remaining time: 0.84 minutes
Epoch #23: train loss = 2.213563, val loss = 2.535735, total loss = 2.374649, Epoch time: 0.04 seconds, remaining time: 0.84 minutes
Epoch #24: train loss = 3.089237, val loss = 2.445925, total loss = 2.767581, Epoch time: 0.05 seconds, remaining time: 0.83 minutes
Epoch #25: train loss = 3.201433, val loss = 2.972821, total loss = 3.087127, Epoch time: 0.05 seconds, remaining time: 0.83 minutes
Epoch #26: train loss = 2.642002, val loss = 2.430392, total loss = 2.536197, Epoch time: 0.05 seconds, remaining time: 0.82 minutes
Epoch #27: train loss = 3.027061, val loss = 2.543047, total loss = 2.785054, Epoch time: 0.05 seconds, remaining time: 0.82 minutes
Epoch #28: train loss = 2.568825, val loss = 2.527185, total loss = 2.548005, Epoch time: 0.05 seconds, remaining time: 0.82 minutes
Epoch #29: train loss = 3.137587, val loss = 2.492182, total loss = 2.814884, Epoch time: 0.06 seconds, remaining time: 0.82 minutes
Epoch #30: train loss = 3.061700, val loss = 2.824965, total loss = 2.943333, Epoch time: 0.05 seconds, remaining time: 0.83 minutes
Epoch #31: train loss = 2.444195, val loss = 2.739249, total loss = 2.591722, Epoch time: 0.04 seconds, remaining time: 0.80 minutes
Epoch #32: train loss = 2.896943, val loss = 2.380419, total loss = 2.638681, Epoch time: 0.05 seconds, remaining time: 0.80 minutes
Epoch #33: train loss = 3.122524, val loss = 2.424946, total loss = 2.773735, Epoch time: 0.06 seconds, remaining time: 0.82 minutes
Epoch #34: train loss = 3.107789, val loss = 2.370173, total loss = 2.738981, Epoch time: 0.05 seconds, remaining time: 0.83 minutes
Epoch #35: train loss = 1.737256, val loss = 2.386820, total loss = 2.062038, Epoch time: 0.04 seconds, remaining time: 0.80 minutes
Epoch #36: train loss = 3.137044, val loss = 2.667242, total loss = 2.902143, Epoch time: 0.06 seconds, remaining time: 0.82 minutes
Epoch #37: train loss = 2.576406, val loss = 2.423491, total loss = 2.499948, Epoch time: 0.05 seconds, remaining time: 0.81 minutes
Epoch #38: train loss = 2.894230, val loss = 2.456756, total loss = 2.675493, Epoch time: 0.05 seconds, remaining time: 0.81 minutes
Epoch #39: train loss = 2.938302, val loss = 2.773504, total loss = 2.855903, Epoch time: 0.05 seconds, remaining time: 0.81 minutes
Epoch #40: train loss = 2.667807, val loss = 2.442514, total loss = 2.555160, Epoch time: 0.05 seconds, remaining time: 0.80 minutes
Epoch #41: train loss = 3.033130, val loss = 2.360038, total loss = 2.696584, Epoch time: 0.05 seconds, remaining time: 0.82 minutes
Epoch #42: train loss = 2.766948, val loss = 2.341477, total loss = 2.554212, Epoch time: 0.05 seconds, remaining time: 0.81 minutes
Epoch #43: train loss = 3.005931, val loss = 2.388814, total loss = 2.697373, Epoch time: 0.05 seconds, remaining time: 0.80 minutes
Epoch #44: train loss = 2.983616, val loss = 2.600945, total loss = 2.792281, Epoch time: 0.06 seconds, remaining time: 0.80 minutes
Epoch #45: train loss = 2.445747, val loss = 2.283648, total loss = 2.364697, Epoch time: 0.05 seconds, remaining time: 0.82 minutes
Epoch #46: train loss = 2.924606, val loss = 2.366514, total loss = 2.645560, Epoch time: 0.05 seconds, remaining time: 0.81 minutes
Epoch #47: train loss = 2.759268, val loss = 2.825999, total loss = 2.792634, Epoch time: 0.05 seconds, remaining time: 0.81 minutes
Epoch #48: train loss = 2.833559, val loss = 2.337029, total loss = 2.585294, Epoch time: 0.05 seconds, remaining time: 0.81 minutes
Epoch #49: train loss = 2.607697, val loss = 2.649463, total loss = 2.628580, Epoch time: 0.05 seconds, remaining time: 0.80 minutes
Epoch #50: train loss = 2.796968, val loss = 2.801426, total loss = 2.799197, Epoch time: 0.05 seconds, remaining time: 0.80 minutes
Epoch #51: train loss = 2.995572, val loss = 2.396690, total loss = 2.696131, Epoch time: 0.05 seconds, remaining time: 0.80 minutes
Epoch #52: train loss = 3.063810, val loss = 3.005601, total loss = 3.034705, Epoch time: 0.05 seconds, remaining time: 0.81 minutes
Epoch #53: train loss = 2.944153, val loss = 2.816442, total loss = 2.880298, Epoch time: 0.06 seconds, remaining time: 0.82 minutes
Epoch #54: train loss = 2.929274, val loss = 2.294092, total loss = 2.611683, Epoch time: 0.05 seconds, remaining time: 0.81 minutes
Epoch #55: train loss = 2.928428, val loss = 2.834191, total loss = 2.881310, Epoch time: 0.06 seconds, remaining time: 0.82 minutes
Epoch #56: train loss = 2.973176, val loss = 2.347845, total loss = 2.660511, Epoch time: 0.05 seconds, remaining time: 0.82 minutes
Epoch #57: train loss = 2.258566, val loss = 2.860053, total loss = 2.559309, Epoch time: 0.04 seconds, remaining time: 0.81 minutes
Epoch #58: train loss = 2.919497, val loss = 2.776462, total loss = 2.847979, Epoch time: 0.05 seconds, remaining time: 0.82 minutes
Epoch #59: train loss = 2.656592, val loss = 2.345812, total loss = 2.501202, Epoch time: 0.05 seconds, remaining time: 0.82 minutes
Epoch #60: train loss = 2.894888, val loss = 2.865540, total loss = 2.880214, Epoch time: 0.05 seconds, remaining time: 0.82 minutes
Epoch #61: train loss = 2.901417, val loss = 2.655801, total loss = 2.778609, Epoch time: 0.05 seconds, remaining time: 0.82 minutes
Epoch #62: train loss = 2.903112, val loss = 2.723722, total loss = 2.813417, Epoch time: 0.05 seconds, remaining time: 0.82 minutes
Epoch #63: train loss = 2.393307, val loss = 2.184499, total loss = 2.288903, Epoch time: 0.04 seconds, remaining time: 0.80 minutes
Epoch #64: train loss = 2.997242, val loss = 3.071838, total loss = 3.034540, Epoch time: 0.05 seconds, remaining time: 0.79 minutes
Epoch #65: train loss = 2.663808, val loss = 2.507173, total loss = 2.585490, Epoch time: 0.05 seconds, remaining time: 0.78 minutes
Epoch #66: train loss = 2.773576, val loss = 2.848031, total loss = 2.810803, Epoch time: 0.05 seconds, remaining time: 0.78 minutes
Epoch #67: train loss = 2.732919, val loss = 3.027028, total loss = 2.879974, Epoch time: 0.05 seconds, remaining time: 0.79 minutes
Epoch #68: train loss = 2.170410, val loss = 3.055279, total loss = 2.612844, Epoch time: 0.05 seconds, remaining time: 0.78 minutes
Epoch #69: train loss = 2.425172, val loss = 2.564594, total loss = 2.494883, Epoch time: 0.05 seconds, remaining time: 0.77 minutes
Epoch #70: train loss = 2.950198, val loss = 2.697214, total loss = 2.823706, Epoch time: 0.05 seconds, remaining time: 0.77 minutes
Epoch #71: train loss = 2.867249, val loss = 2.923161, total loss = 2.895205, Epoch time: 0.05 seconds, remaining time: 0.77 minutes
Epoch #72: train loss = 2.896598, val loss = 2.889452, total loss = 2.893025, Epoch time: 0.05 seconds, remaining time: 0.77 minutes
Epoch #73: train loss = 2.852318, val loss = 2.228344, total loss = 2.540331, Epoch time: 0.05 seconds, remaining time: 0.77 minutes
Epoch #74: train loss = 2.495399, val loss = 2.761164, total loss = 2.628281, Epoch time: 0.05 seconds, remaining time: 0.77 minutes
Epoch #75: train loss = 2.844431, val loss = 3.158545, total loss = 3.001488, Epoch time: 0.06 seconds, remaining time: 0.78 minutes
Epoch #76: train loss = 2.489131, val loss = 2.736202, total loss = 2.612667, Epoch time: 0.05 seconds, remaining time: 0.78 minutes
Epoch #77: train loss = 2.472530, val loss = 2.722022, total loss = 2.597276, Epoch time: 0.05 seconds, remaining time: 0.77 minutes
Epoch #78: train loss = 2.689668, val loss = 2.225947, total loss = 2.457807, Epoch time: 0.05 seconds, remaining time: 0.78 minutes
Epoch #79: train loss = 2.593700, val loss = 2.670097, total loss = 2.631899, Epoch time: 0.05 seconds, remaining time: 0.77 minutes
Epoch #80: train loss = 2.817725, val loss = 2.322573, total loss = 2.570149, Epoch time: 0.05 seconds, remaining time: 0.78 minutes
Epoch #81: train loss = 2.290442, val loss = 2.247999, total loss = 2.269220, Epoch time: 0.04 seconds, remaining time: 0.76 minutes
Epoch #82: train loss = 2.861699, val loss = 2.236262, total loss = 2.548981, Epoch time: 0.05 seconds, remaining time: 0.76 minutes
Epoch #83: train loss = 2.427869, val loss = 2.719638, total loss = 2.573754, Epoch time: 0.05 seconds, remaining time: 0.76 minutes
Epoch #84: train loss = 2.443774, val loss = 2.273268, total loss = 2.358521, Epoch time: 0.05 seconds, remaining time: 0.76 minutes
Epoch #85: train loss = 2.673620, val loss = 2.203602, total loss = 2.438611, Epoch time: 0.05 seconds, remaining time: 0.75 minutes
Epoch #86: train loss = 2.953824, val loss = 2.733021, total loss = 2.843423, Epoch time: 0.05 seconds, remaining time: 0.76 minutes
Epoch #87: train loss = 2.703121, val loss = 3.037577, total loss = 2.870349, Epoch time: 0.05 seconds, remaining time: 0.76 minutes
Epoch #88: train loss = 2.598266, val loss = 2.718513, total loss = 2.658389, Epoch time: 0.05 seconds, remaining time: 0.76 minutes
Epoch #89: train loss = 2.935924, val loss = 2.177785, total loss = 2.556854, Epoch time: 0.05 seconds, remaining time: 0.77 minutes
Epoch #90: train loss = 2.616500, val loss = 2.475169, total loss = 2.545834, Epoch time: 0.05 seconds, remaining time: 0.77 minutes
Epoch #91: train loss = 1.988871, val loss = 3.071910, total loss = 2.530391, Epoch time: 0.04 seconds, remaining time: 0.77 minutes
Epoch #92: train loss = 2.782936, val loss = 2.173821, total loss = 2.478378, Epoch time: 0.05 seconds, remaining time: 0.77 minutes
Epoch #93: train loss = 2.298653, val loss = 2.682272, total loss = 2.490462, Epoch time: 0.05 seconds, remaining time: 0.77 minutes
Epoch #94: train loss = 2.395932, val loss = 2.799850, total loss = 2.597891, Epoch time: 0.05 seconds, remaining time: 0.77 minutes
Epoch #95: train loss = 2.567114, val loss = 2.183417, total loss = 2.375265, Epoch time: 0.05 seconds, remaining time: 0.76 minutes
Epoch #96: train loss = 2.028666, val loss = 2.138413, total loss = 2.083539, Epoch time: 0.05 seconds, remaining time: 0.75 minutes
Epoch #97: train loss = 2.398573, val loss = 3.134627, total loss = 2.766600, Epoch time: 0.05 seconds, remaining time: 0.74 minutes
Epoch #98: train loss = 2.348840, val loss = 3.005789, total loss = 2.677315, Epoch time: 0.05 seconds, remaining time: 0.74 minutes
Epoch #99: train loss = 2.421713, val loss = 2.272967, total loss = 2.347340, Epoch time: 0.05 seconds, remaining time: 0.73 minutes
Epoch #100: train loss = 2.876055, val loss = 3.026691, total loss = 2.951373, Epoch time: 0.05 seconds, remaining time: 0.73 minutes
Epoch #101: train loss = 2.592870, val loss = 2.600413, total loss = 2.596641, Epoch time: 0.05 seconds, remaining time: 0.75 minutes
Epoch #102: train loss = 2.523532, val loss = 2.169157, total loss = 2.346344, Epoch time: 0.05 seconds, remaining time: 0.74 minutes
Epoch #103: train loss = 2.774311, val loss = 2.071760, total loss = 2.423035, Epoch time: 0.05 seconds, remaining time: 0.75 minutes
Epoch #104: train loss = 2.320951, val loss = 2.562515, total loss = 2.441733, Epoch time: 0.05 seconds, remaining time: 0.75 minutes
Epoch #105: train loss = 2.576658, val loss = 2.155819, total loss = 2.366239, Epoch time: 0.05 seconds, remaining time: 0.74 minutes
Epoch #106: train loss = 2.239848, val loss = 2.234243, total loss = 2.237046, Epoch time: 0.04 seconds, remaining time: 0.73 minutes
Epoch #107: train loss = 2.548503, val loss = 2.988318, total loss = 2.768411, Epoch time: 0.06 seconds, remaining time: 0.74 minutes
Epoch #108: train loss = 2.319890, val loss = 2.210928, total loss = 2.265409, Epoch time: 0.04 seconds, remaining time: 0.74 minutes
Epoch #109: train loss = 2.519502, val loss = 2.324545, total loss = 2.422023, Epoch time: 0.05 seconds, remaining time: 0.74 minutes
Epoch #110: train loss = 2.267354, val loss = 2.077372, total loss = 2.172363, Epoch time: 0.05 seconds, remaining time: 0.73 minutes
Epoch #111: train loss = 2.199687, val loss = 2.262894, total loss = 2.231290, Epoch time: 0.05 seconds, remaining time: 0.72 minutes
Epoch #112: train loss = 2.514805, val loss = 2.563493, total loss = 2.539149, Epoch time: 0.05 seconds, remaining time: 0.72 minutes
Epoch #113: train loss = 2.575771, val loss = 3.274897, total loss = 2.925334, Epoch time: 0.06 seconds, remaining time: 0.72 minutes
Epoch #114: train loss = 2.629343, val loss = 2.033850, total loss = 2.331596, Epoch time: 0.06 seconds, remaining time: 0.73 minutes
Epoch #115: train loss = 2.313825, val loss = 2.011386, total loss = 2.162606, Epoch time: 0.05 seconds, remaining time: 0.74 minutes
Epoch #116: train loss = 2.599063, val loss = 2.278260, total loss = 2.438661, Epoch time: 0.05 seconds, remaining time: 0.74 minutes
Epoch #117: train loss = 2.118057, val loss = 2.476285, total loss = 2.297171, Epoch time: 0.05 seconds, remaining time: 0.73 minutes
Epoch #118: train loss = 2.446395, val loss = 2.592424, total loss = 2.519409, Epoch time: 0.06 seconds, remaining time: 0.75 minutes
Epoch #119: train loss = 2.623474, val loss = 2.451576, total loss = 2.537525, Epoch time: 0.05 seconds, remaining time: 0.75 minutes
Epoch #120: train loss = 2.598782, val loss = 1.986246, total loss = 2.292514, Epoch time: 0.05 seconds, remaining time: 0.75 minutes
Epoch #121: train loss = 2.137119, val loss = 2.429303, total loss = 2.283211, Epoch time: 0.04 seconds, remaining time: 0.75 minutes
Epoch #122: train loss = 2.396681, val loss = 2.558079, total loss = 2.477380, Epoch time: 0.05 seconds, remaining time: 0.75 minutes
Epoch #123: train loss = 2.494722, val loss = 2.575072, total loss = 2.534897, Epoch time: 0.05 seconds, remaining time: 0.73 minutes
Epoch #124: train loss = 2.249793, val loss = 1.885031, total loss = 2.067412, Epoch time: 0.05 seconds, remaining time: 0.72 minutes
Epoch #125: train loss = 2.323653, val loss = 1.841771, total loss = 2.082712, Epoch time: 0.05 seconds, remaining time: 0.72 minutes
Epoch #126: train loss = 2.365384, val loss = 1.812578, total loss = 2.088981, Epoch time: 0.04 seconds, remaining time: 0.71 minutes
Epoch #127: train loss = 2.402248, val loss = 2.436447, total loss = 2.419348, Epoch time: 0.05 seconds, remaining time: 0.72 minutes
Epoch #128: train loss = 2.488268, val loss = 1.916487, total loss = 2.202378, Epoch time: 0.05 seconds, remaining time: 0.71 minutes
Epoch #129: train loss = 2.222970, val loss = 1.813015, total loss = 2.017993, Epoch time: 0.05 seconds, remaining time: 0.69 minutes
Epoch #130: train loss = 2.288195, val loss = 2.121891, total loss = 2.205043, Epoch time: 0.04 seconds, remaining time: 0.68 minutes
Epoch #131: train loss = 2.208847, val loss = 2.414676, total loss = 2.311762, Epoch time: 0.05 seconds, remaining time: 0.68 minutes
Epoch #132: train loss = 2.346308, val loss = 2.534904, total loss = 2.440606, Epoch time: 0.05 seconds, remaining time: 0.68 minutes
Epoch #133: train loss = 2.369048, val loss = 2.580059, total loss = 2.474554, Epoch time: 0.06 seconds, remaining time: 0.70 minutes
Epoch #134: train loss = 2.356900, val loss = 1.817228, total loss = 2.087064, Epoch time: 0.05 seconds, remaining time: 0.69 minutes
Epoch #135: train loss = 2.213075, val loss = 1.894582, total loss = 2.053828, Epoch time: 0.05 seconds, remaining time: 0.70 minutes
Epoch #136: train loss = 2.390286, val loss = 1.831233, total loss = 2.110760, Epoch time: 0.05 seconds, remaining time: 0.71 minutes
Epoch #137: train loss = 2.423907, val loss = 1.731289, total loss = 2.077598, Epoch time: 0.05 seconds, remaining time: 0.70 minutes
Epoch #138: train loss = 2.331985, val loss = 1.918430, total loss = 2.125207, Epoch time: 0.05 seconds, remaining time: 0.70 minutes
Epoch #139: train loss = 2.249223, val loss = 1.754770, total loss = 2.001997, Epoch time: 0.05 seconds, remaining time: 0.70 minutes
Epoch #140: train loss = 2.365170, val loss = 2.390207, total loss = 2.377689, Epoch time: 0.05 seconds, remaining time: 0.71 minutes
Epoch #141: train loss = 2.215283, val loss = 2.442689, total loss = 2.328986, Epoch time: 0.05 seconds, remaining time: 0.71 minutes
Epoch #142: train loss = 2.080065, val loss = 2.585395, total loss = 2.332730, Epoch time: 0.05 seconds, remaining time: 0.71 minutes
Epoch #143: train loss = 2.254773, val loss = 1.753626, total loss = 2.004200, Epoch time: 0.05 seconds, remaining time: 0.70 minutes
Epoch #144: train loss = 2.185284, val loss = 2.530469, total loss = 2.357876, Epoch time: 0.05 seconds, remaining time: 0.70 minutes
Epoch #145: train loss = 2.247902, val loss = 2.972688, total loss = 2.610295, Epoch time: 0.06 seconds, remaining time: 0.71 minutes
Epoch #146: train loss = 1.937223, val loss = 1.758102, total loss = 1.847662, Epoch time: 0.05 seconds, remaining time: 0.70 minutes
Epoch #147: train loss = 1.920950, val loss = 2.899666, total loss = 2.410308, Epoch time: 0.04 seconds, remaining time: 0.69 minutes
Epoch #148: train loss = 2.134833, val loss = 1.520216, total loss = 1.827524, Epoch time: 0.05 seconds, remaining time: 0.69 minutes
Epoch #149: train loss = 2.143741, val loss = 2.968562, total loss = 2.556151, Epoch time: 0.05 seconds, remaining time: 0.69 minutes
Epoch #150: train loss = 2.248198, val loss = 1.610575, total loss = 1.929387, Epoch time: 0.05 seconds, remaining time: 0.68 minutes
Epoch #151: train loss = 2.023074, val loss = 3.228801, total loss = 2.625937, Epoch time: 0.04 seconds, remaining time: 0.68 minutes
Epoch #152: train loss = 2.235973, val loss = 1.713571, total loss = 1.974772, Epoch time: 0.05 seconds, remaining time: 0.67 minutes
Epoch #153: train loss = 2.039098, val loss = 3.219482, total loss = 2.629290, Epoch time: 0.05 seconds, remaining time: 0.67 minutes
Epoch #154: train loss = 1.946583, val loss = 1.542447, total loss = 1.744515, Epoch time: 0.04 seconds, remaining time: 0.67 minutes
Epoch #155: train loss = 2.025623, val loss = 2.692134, total loss = 2.358879, Epoch time: 0.05 seconds, remaining time: 0.66 minutes
Epoch #156: train loss = 2.042283, val loss = 1.526427, total loss = 1.784355, Epoch time: 0.05 seconds, remaining time: 0.67 minutes
Epoch #157: train loss = 2.103481, val loss = 2.389205, total loss = 2.246343, Epoch time: 0.06 seconds, remaining time: 0.69 minutes
Epoch #158: train loss = 2.147556, val loss = 2.722072, total loss = 2.434814, Epoch time: 0.05 seconds, remaining time: 0.69 minutes
Epoch #159: train loss = 2.075398, val loss = 1.304431, total loss = 1.689915, Epoch time: 0.05 seconds, remaining time: 0.70 minutes
Epoch #160: train loss = 1.941409, val loss = 2.204983, total loss = 2.073196, Epoch time: 0.05 seconds, remaining time: 0.70 minutes
Epoch #161: train loss = 1.902533, val loss = 1.388579, total loss = 1.645556, Epoch time: 0.04 seconds, remaining time: 0.70 minutes
Epoch #162: train loss = 2.110524, val loss = 1.327200, total loss = 1.718862, Epoch time: 0.05 seconds, remaining time: 0.70 minutes
Epoch #163: train loss = 2.103302, val loss = 1.405361, total loss = 1.754331, Epoch time: 0.05 seconds, remaining time: 0.69 minutes
Epoch #164: train loss = 1.839546, val loss = 2.600815, total loss = 2.220181, Epoch time: 0.05 seconds, remaining time: 0.70 minutes
Epoch #165: train loss = 1.737188, val loss = 2.720923, total loss = 2.229055, Epoch time: 0.04 seconds, remaining time: 0.68 minutes
Epoch #166: train loss = 1.924666, val loss = 2.235054, total loss = 2.079860, Epoch time: 0.04 seconds, remaining time: 0.67 minutes
Epoch #167: train loss = 1.963062, val loss = 2.201915, total loss = 2.082488, Epoch time: 0.05 seconds, remaining time: 0.65 minutes
Epoch #168: train loss = 2.043066, val loss = 2.734895, total loss = 2.388980, Epoch time: 0.06 seconds, remaining time: 0.66 minutes
Epoch #169: train loss = 1.721434, val loss = 2.379077, total loss = 2.050255, Epoch time: 0.05 seconds, remaining time: 0.66 minutes
Epoch #170: train loss = 1.966605, val loss = 1.230090, total loss = 1.598348, Epoch time: 0.05 seconds, remaining time: 0.66 minutes
Epoch #171: train loss = 1.869145, val loss = 2.839345, total loss = 2.354245, Epoch time: 0.05 seconds, remaining time: 0.67 minutes
Epoch #172: train loss = 1.896445, val loss = 1.265894, total loss = 1.581169, Epoch time: 0.05 seconds, remaining time: 0.67 minutes
Epoch #173: train loss = 1.947392, val loss = 2.372496, total loss = 2.159944, Epoch time: 0.05 seconds, remaining time: 0.67 minutes
Epoch #174: train loss = 1.911289, val loss = 1.149646, total loss = 1.530467, Epoch time: 0.05 seconds, remaining time: 0.68 minutes
Epoch #175: train loss = 1.701720, val loss = 1.211946, total loss = 1.456833, Epoch time: 0.05 seconds, remaining time: 0.68 minutes
Epoch #176: train loss = 1.852985, val loss = 2.924386, total loss = 2.388686, Epoch time: 0.05 seconds, remaining time: 0.69 minutes
Epoch #177: train loss = 1.698446, val loss = 3.922097, total loss = 2.810272, Epoch time: 0.05 seconds, remaining time: 0.70 minutes
Epoch #178: train loss = 1.780004, val loss = 2.651549, total loss = 2.215776, Epoch time: 0.05 seconds, remaining time: 0.69 minutes
Epoch #179: train loss = 1.683690, val loss = 1.213584, total loss = 1.448637, Epoch time: 0.05 seconds, remaining time: 0.69 minutes
Epoch #180: train loss = 1.953303, val loss = 1.221327, total loss = 1.587315, Epoch time: 0.05 seconds, remaining time: 0.69 minutes
Epoch #181: train loss = 1.768494, val loss = 3.069599, total loss = 2.419046, Epoch time: 0.05 seconds, remaining time: 0.69 minutes
Epoch #182: train loss = 1.749490, val loss = 2.912465, total loss = 2.330977, Epoch time: 0.05 seconds, remaining time: 0.68 minutes
Epoch #183: train loss = 1.626854, val loss = 3.178851, total loss = 2.402852, Epoch time: 0.04 seconds, remaining time: 0.67 minutes
Epoch #184: train loss = 1.772140, val loss = 1.265156, total loss = 1.518648, Epoch time: 0.05 seconds, remaining time: 0.67 minutes
Epoch #185: train loss = 1.596734, val loss = 3.990574, total loss = 2.793654, Epoch time: 0.05 seconds, remaining time: 0.68 minutes
Epoch #186: train loss = 1.599572, val loss = 3.453237, total loss = 2.526405, Epoch time: 0.05 seconds, remaining time: 0.69 minutes
Epoch #187: train loss = 1.891765, val loss = 2.176923, total loss = 2.034344, Epoch time: 0.05 seconds, remaining time: 0.68 minutes
Epoch #188: train loss = 1.467694, val loss = 2.101589, total loss = 1.784642, Epoch time: 0.04 seconds, remaining time: 0.67 minutes
Epoch #189: train loss = 1.743150, val loss = 0.909134, total loss = 1.326142, Epoch time: 0.05 seconds, remaining time: 0.66 minutes
Epoch #190: train loss = 1.632765, val loss = 1.263351, total loss = 1.448058, Epoch time: 0.05 seconds, remaining time: 0.65 minutes
Epoch #191: train loss = 1.410118, val loss = 3.628474, total loss = 2.519296, Epoch time: 0.05 seconds, remaining time: 0.66 minutes
Epoch #192: train loss = 1.473878, val loss = 2.951503, total loss = 2.212690, Epoch time: 0.05 seconds, remaining time: 0.66 minutes
Epoch #193: train loss = 2.357811, val loss = 2.127287, total loss = 2.242549, Epoch time: 0.04 seconds, remaining time: 0.65 minutes
Epoch #194: train loss = 1.499538, val loss = 3.110391, total loss = 2.304965, Epoch time: 0.05 seconds, remaining time: 0.65 minutes
Epoch #195: train loss = 1.697790, val loss = 2.517120, total loss = 2.107455, Epoch time: 0.05 seconds, remaining time: 0.64 minutes
Epoch #196: train loss = 1.480678, val loss = 2.662348, total loss = 2.071513, Epoch time: 0.05 seconds, remaining time: 0.64 minutes
Epoch #197: train loss = 1.687879, val loss = 1.251655, total loss = 1.469767, Epoch time: 0.06 seconds, remaining time: 0.64 minutes
Epoch #198: train loss = 1.593737, val loss = 0.882202, total loss = 1.237969, Epoch time: 0.05 seconds, remaining time: 0.65 minutes
Epoch #199: train loss = 1.529643, val loss = 2.775851, total loss = 2.152747, Epoch time: 0.05 seconds, remaining time: 0.65 minutes
Epoch #200: train loss = 1.570279, val loss = 0.763814, total loss = 1.167047, Epoch time: 0.05 seconds, remaining time: 0.66 minutes
Epoch #201: train loss = 1.493319, val loss = 0.656673, total loss = 1.074996, Epoch time: 0.05 seconds, remaining time: 0.66 minutes
Epoch #202: train loss = 1.475823, val loss = 0.732781, total loss = 1.104302, Epoch time: 0.05 seconds, remaining time: 0.66 minutes
Epoch #203: train loss = 1.413479, val loss = 0.686201, total loss = 1.049840, Epoch time: 0.04 seconds, remaining time: 0.66 minutes
Epoch #204: train loss = 1.505068, val loss = 0.609804, total loss = 1.057436, Epoch time: 0.05 seconds, remaining time: 0.65 minutes
Epoch #205: train loss = 1.474810, val loss = 0.674294, total loss = 1.074552, Epoch time: 0.05 seconds, remaining time: 0.66 minutes
Epoch #206: train loss = 1.577697, val loss = 2.224605, total loss = 1.901151, Epoch time: 0.04 seconds, remaining time: 0.65 minutes
Epoch #207: train loss = 1.239877, val loss = 2.775903, total loss = 2.007890, Epoch time: 0.05 seconds, remaining time: 0.64 minutes
Epoch #208: train loss = 1.314089, val loss = 0.619326, total loss = 0.966708, Epoch time: 0.05 seconds, remaining time: 0.64 minutes
Epoch #209: train loss = 1.523585, val loss = 0.618724, total loss = 1.071155, Epoch time: 0.05 seconds, remaining time: 0.64 minutes
Epoch #210: train loss = 1.492241, val loss = 2.787865, total loss = 2.140053, Epoch time: 0.04 seconds, remaining time: 0.63 minutes
Epoch #211: train loss = 1.263238, val loss = 1.884861, total loss = 1.574049, Epoch time: 0.06 seconds, remaining time: 0.63 minutes
Epoch #212: train loss = 1.862272, val loss = 2.445705, total loss = 2.153988, Epoch time: 0.04 seconds, remaining time: 0.63 minutes
Epoch #213: train loss = 1.105293, val loss = 4.269975, total loss = 2.687634, Epoch time: 0.05 seconds, remaining time: 0.64 minutes
Epoch #214: train loss = 1.562528, val loss = 2.491818, total loss = 2.027173, Epoch time: 0.05 seconds, remaining time: 0.64 minutes
Epoch #215: train loss = 1.446966, val loss = 3.942055, total loss = 2.694510, Epoch time: 0.05 seconds, remaining time: 0.64 minutes
Epoch #216: train loss = 1.277268, val loss = 4.438187, total loss = 2.857728, Epoch time: 0.06 seconds, remaining time: 0.66 minutes
Epoch #217: train loss = 1.316635, val loss = 0.508363, total loss = 0.912499, Epoch time: 0.05 seconds, remaining time: 0.66 minutes
Epoch #218: train loss = 1.429187, val loss = 3.272144, total loss = 2.350665, Epoch time: 0.05 seconds, remaining time: 0.66 minutes
Epoch #219: train loss = 1.507041, val loss = 2.702209, total loss = 2.104625, Epoch time: 0.04 seconds, remaining time: 0.65 minutes
Epoch #220: train loss = 1.299938, val loss = 3.696388, total loss = 2.498163, Epoch time: 0.04 seconds, remaining time: 0.64 minutes
Epoch #221: train loss = 1.268632, val loss = 0.655239, total loss = 0.961935, Epoch time: 0.05 seconds, remaining time: 0.63 minutes
Epoch #222: train loss = 1.120613, val loss = 0.611493, total loss = 0.866053, Epoch time: 0.05 seconds, remaining time: 0.64 minutes
Epoch #223: train loss = 1.208392, val loss = 0.609930, total loss = 0.909161, Epoch time: 0.05 seconds, remaining time: 0.64 minutes
Epoch #224: train loss = 1.108928, val loss = 3.922608, total loss = 2.515768, Epoch time: 0.05 seconds, remaining time: 0.63 minutes
Epoch #225: train loss = 1.261911, val loss = 0.408834, total loss = 0.835373, Epoch time: 0.04 seconds, remaining time: 0.62 minutes
Epoch #226: train loss = 1.125189, val loss = 0.672482, total loss = 0.898835, Epoch time: 0.05 seconds, remaining time: 0.60 minutes
Epoch #227: train loss = 1.126246, val loss = 0.406421, total loss = 0.766333, Epoch time: 0.04 seconds, remaining time: 0.60 minutes
Epoch #228: train loss = 1.180233, val loss = 4.479913, total loss = 2.830073, Epoch time: 0.05 seconds, remaining time: 0.60 minutes
Epoch #229: train loss = 1.041582, val loss = 0.365263, total loss = 0.703422, Epoch time: 0.05 seconds, remaining time: 0.61 minutes
Epoch #230: train loss = 1.128176, val loss = 0.468409, total loss = 0.798293, Epoch time: 0.05 seconds, remaining time: 0.61 minutes
Epoch #231: train loss = 1.085260, val loss = 4.131072, total loss = 2.608166, Epoch time: 0.06 seconds, remaining time: 0.63 minutes
Epoch #232: train loss = 2.016980, val loss = 0.347817, total loss = 1.182398, Epoch time: 0.04 seconds, remaining time: 0.61 minutes
Epoch #233: train loss = 1.189427, val loss = 0.433159, total loss = 0.811293, Epoch time: 0.05 seconds, remaining time: 0.61 minutes
Epoch #234: train loss = 1.198547, val loss = 3.266397, total loss = 2.232472, Epoch time: 0.04 seconds, remaining time: 0.60 minutes
Epoch #235: train loss = 0.993763, val loss = 0.456951, total loss = 0.725357, Epoch time: 0.06 seconds, remaining time: 0.63 minutes
Epoch #236: train loss = 1.336075, val loss = 4.451142, total loss = 2.893609, Epoch time: 0.05 seconds, remaining time: 0.62 minutes
Epoch #237: train loss = 1.063663, val loss = 4.786128, total loss = 2.924895, Epoch time: 0.05 seconds, remaining time: 0.63 minutes
Epoch #238: train loss = 2.179677, val loss = 3.060601, total loss = 2.620139, Epoch time: 0.04 seconds, remaining time: 0.61 minutes
Epoch #239: train loss = 1.099536, val loss = 0.372154, total loss = 0.735845, Epoch time: 0.06 seconds, remaining time: 0.62 minutes
Epoch #240: train loss = 0.922623, val loss = 0.975127, total loss = 0.948875, Epoch time: 0.06 seconds, remaining time: 0.63 minutes
Epoch #241: train loss = 1.070454, val loss = 0.396931, total loss = 0.733692, Epoch time: 0.05 seconds, remaining time: 0.61 minutes
Epoch #242: train loss = 1.790627, val loss = 0.325345, total loss = 1.057986, Epoch time: 0.04 seconds, remaining time: 0.62 minutes
Epoch #243: train loss = 1.080681, val loss = 0.373868, total loss = 0.727275, Epoch time: 0.05 seconds, remaining time: 0.62 minutes
Epoch #244: train loss = 1.371450, val loss = 4.094295, total loss = 2.732872, Epoch time: 0.04 seconds, remaining time: 0.61 minutes
Epoch #245: train loss = 1.017926, val loss = 0.994070, total loss = 1.005998, Epoch time: 0.05 seconds, remaining time: 0.60 minutes
Epoch #246: train loss = 0.923805, val loss = 0.909792, total loss = 0.916799, Epoch time: 0.05 seconds, remaining time: 0.60 minutes
Epoch #247: train loss = 1.255069, val loss = 0.297715, total loss = 0.776392, Epoch time: 0.05 seconds, remaining time: 0.60 minutes
Epoch #248: train loss = 1.033367, val loss = 1.976745, total loss = 1.505056, Epoch time: 0.05 seconds, remaining time: 0.61 minutes
Epoch #249: train loss = 1.159512, val loss = 4.796074, total loss = 2.977793, Epoch time: 0.05 seconds, remaining time: 0.59 minutes
Epoch #250: train loss = 1.539679, val loss = 2.383878, total loss = 1.961778, Epoch time: 0.04 seconds, remaining time: 0.58 minutes
Epoch #251: train loss = 0.915370, val loss = 0.334676, total loss = 0.625023, Epoch time: 0.05 seconds, remaining time: 0.59 minutes
Epoch #252: train loss = 0.958812, val loss = 2.415421, total loss = 1.687116, Epoch time: 0.05 seconds, remaining time: 0.60 minutes
Epoch #253: train loss = 1.202317, val loss = 1.489307, total loss = 1.345812, Epoch time: 0.05 seconds, remaining time: 0.60 minutes
Epoch #254: train loss = 1.072375, val loss = 0.303862, total loss = 0.688119, Epoch time: 0.05 seconds, remaining time: 0.61 minutes
Epoch #255: train loss = 0.984061, val loss = 0.398281, total loss = 0.691171, Epoch time: 0.05 seconds, remaining time: 0.61 minutes
Epoch #256: train loss = 0.909580, val loss = 0.365745, total loss = 0.637662, Epoch time: 0.05 seconds, remaining time: 0.61 minutes
Epoch #257: train loss = 0.941406, val loss = 0.312434, total loss = 0.626920, Epoch time: 0.05 seconds, remaining time: 0.61 minutes
Epoch #258: train loss = 1.219317, val loss = 3.033243, total loss = 2.126280, Epoch time: 0.04 seconds, remaining time: 0.61 minutes
Epoch #259: train loss = 1.026950, val loss = 0.475731, total loss = 0.751341, Epoch time: 0.05 seconds, remaining time: 0.61 minutes
Epoch #260: train loss = 0.871253, val loss = 4.647851, total loss = 2.759552, Epoch time: 0.05 seconds, remaining time: 0.61 minutes
Epoch #261: train loss = 0.777818, val loss = 6.265902, total loss = 3.521860, Epoch time: 0.05 seconds, remaining time: 0.61 minutes
Epoch #262: train loss = 1.088497, val loss = 1.497482, total loss = 1.292989, Epoch time: 0.05 seconds, remaining time: 0.61 minutes
Epoch #263: train loss = 0.908851, val loss = 0.211145, total loss = 0.559998, Epoch time: 0.05 seconds, remaining time: 0.61 minutes
Epoch #264: train loss = 0.789244, val loss = 0.192809, total loss = 0.491026, Epoch time: 0.05 seconds, remaining time: 0.61 minutes
Epoch #265: train loss = 0.722290, val loss = 0.197562, total loss = 0.459926, Epoch time: 0.05 seconds, remaining time: 0.60 minutes
Epoch #266: train loss = 0.927763, val loss = 0.220377, total loss = 0.574070, Epoch time: 0.05 seconds, remaining time: 0.60 minutes
Epoch #267: train loss = 1.078208, val loss = 2.546184, total loss = 1.812196, Epoch time: 0.05 seconds, remaining time: 0.60 minutes
Epoch #268: train loss = 1.059939, val loss = 3.183367, total loss = 2.121653, Epoch time: 0.05 seconds, remaining time: 0.60 minutes
Epoch #269: train loss = 0.862589, val loss = 2.569287, total loss = 1.715938, Epoch time: 0.05 seconds, remaining time: 0.60 minutes
Epoch #270: train loss = 1.324729, val loss = 0.258315, total loss = 0.791522, Epoch time: 0.05 seconds, remaining time: 0.60 minutes
Epoch #271: train loss = 0.895816, val loss = 0.248948, total loss = 0.572382, Epoch time: 0.05 seconds, remaining time: 0.59 minutes
Epoch #272: train loss = 1.075023, val loss = 2.869356, total loss = 1.972190, Epoch time: 0.05 seconds, remaining time: 0.59 minutes
Epoch #273: train loss = 0.994099, val loss = 2.744665, total loss = 1.869382, Epoch time: 0.05 seconds, remaining time: 0.58 minutes
Epoch #274: train loss = 0.838024, val loss = 1.887665, total loss = 1.362845, Epoch time: 0.05 seconds, remaining time: 0.57 minutes
Epoch #275: train loss = 0.884765, val loss = 0.224354, total loss = 0.554559, Epoch time: 0.04 seconds, remaining time: 0.57 minutes
Epoch #276: train loss = 0.971130, val loss = 0.226056, total loss = 0.598593, Epoch time: 0.04 seconds, remaining time: 0.56 minutes
Epoch #277: train loss = 0.746496, val loss = 0.220745, total loss = 0.483620, Epoch time: 0.05 seconds, remaining time: 0.56 minutes
Epoch #278: train loss = 0.871544, val loss = 0.209742, total loss = 0.540643, Epoch time: 0.05 seconds, remaining time: 0.56 minutes
Epoch #279: train loss = 0.987598, val loss = 0.222474, total loss = 0.605036, Epoch time: 0.05 seconds, remaining time: 0.56 minutes
Epoch #280: train loss = 0.999685, val loss = 3.795150, total loss = 2.397417, Epoch time: 0.05 seconds, remaining time: 0.56 minutes
Epoch #281: train loss = 0.645965, val loss = 2.306589, total loss = 1.476277, Epoch time: 0.05 seconds, remaining time: 0.56 minutes
Epoch #282: train loss = 1.131942, val loss = 0.330450, total loss = 0.731196, Epoch time: 0.05 seconds, remaining time: 0.56 minutes
Epoch #283: train loss = 0.896658, val loss = 3.325559, total loss = 2.111109, Epoch time: 0.05 seconds, remaining time: 0.56 minutes
Epoch #284: train loss = 1.017045, val loss = 2.400853, total loss = 1.708949, Epoch time: 0.05 seconds, remaining time: 0.57 minutes
Epoch #285: train loss = 0.841176, val loss = 0.279654, total loss = 0.560415, Epoch time: 0.06 seconds, remaining time: 0.58 minutes
Epoch #286: train loss = 0.766253, val loss = 0.276177, total loss = 0.521215, Epoch time: 0.05 seconds, remaining time: 0.58 minutes
Epoch #287: train loss = 0.814285, val loss = 3.893710, total loss = 2.353998, Epoch time: 0.05 seconds, remaining time: 0.58 minutes
Epoch #288: train loss = 0.838937, val loss = 3.883687, total loss = 2.361312, Epoch time: 0.05 seconds, remaining time: 0.58 minutes
Epoch #289: train loss = 1.455975, val loss = 3.789128, total loss = 2.622552, Epoch time: 0.04 seconds, remaining time: 0.57 minutes
Epoch #290: train loss = 0.824866, val loss = 2.088666, total loss = 1.456766, Epoch time: 0.05 seconds, remaining time: 0.57 minutes
Epoch #291: train loss = 0.824284, val loss = 2.592749, total loss = 1.708516, Epoch time: 0.05 seconds, remaining time: 0.56 minutes
Epoch #292: train loss = 1.004807, val loss = 0.383795, total loss = 0.694301, Epoch time: 0.05 seconds, remaining time: 0.56 minutes
Epoch #293: train loss = 2.190700, val loss = 0.332088, total loss = 1.261394, Epoch time: 0.04 seconds, remaining time: 0.55 minutes
Epoch #294: train loss = 0.803708, val loss = 4.236612, total loss = 2.520160, Epoch time: 0.06 seconds, remaining time: 0.55 minutes
Epoch #295: train loss = 0.816227, val loss = 0.415734, total loss = 0.615980, Epoch time: 0.05 seconds, remaining time: 0.55 minutes
Epoch #296: train loss = 0.849515, val loss = 4.930270, total loss = 2.889893, Epoch time: 0.05 seconds, remaining time: 0.55 minutes
Epoch #297: train loss = 0.941278, val loss = 3.923858, total loss = 2.432568, Epoch time: 0.05 seconds, remaining time: 0.55 minutes
Epoch #298: train loss = 0.792281, val loss = 1.162699, total loss = 0.977490, Epoch time: 0.05 seconds, remaining time: 0.55 minutes
Epoch #299: train loss = 0.684120, val loss = 2.971702, total loss = 1.827911, Epoch time: 0.05 seconds, remaining time: 0.56 minutes
Epoch #300: train loss = 0.668017, val loss = 0.245302, total loss = 0.456659, Epoch time: 0.05 seconds, remaining time: 0.56 minutes
Epoch #301: train loss = 1.042615, val loss = 2.070379, total loss = 1.556497, Epoch time: 0.04 seconds, remaining time: 0.55 minutes
Epoch #302: train loss = 1.265023, val loss = 4.268961, total loss = 2.766992, Epoch time: 0.05 seconds, remaining time: 0.55 minutes
Epoch #303: train loss = 0.759078, val loss = 4.531174, total loss = 2.645126, Epoch time: 0.05 seconds, remaining time: 0.56 minutes
Epoch #304: train loss = 0.564483, val loss = 5.124509, total loss = 2.844496, Epoch time: 0.05 seconds, remaining time: 0.56 minutes
Epoch #305: train loss = 0.751392, val loss = 1.649758, total loss = 1.200575, Epoch time: 0.05 seconds, remaining time: 0.56 minutes
Epoch #306: train loss = 0.666431, val loss = 2.948313, total loss = 1.807372, Epoch time: 0.06 seconds, remaining time: 0.57 minutes
Epoch #307: train loss = 0.715769, val loss = 3.160743, total loss = 1.938256, Epoch time: 0.05 seconds, remaining time: 0.57 minutes
Epoch #308: train loss = 4.300199, val loss = 1.730419, total loss = 3.015309, Epoch time: 0.04 seconds, remaining time: 0.56 minutes
Epoch #309: train loss = 0.978899, val loss = 1.737057, total loss = 1.357978, Epoch time: 0.05 seconds, remaining time: 0.56 minutes
Epoch #310: train loss = 1.030071, val loss = 0.473599, total loss = 0.751835, Epoch time: 0.05 seconds, remaining time: 0.56 minutes
Epoch #311: train loss = 0.980045, val loss = 0.498280, total loss = 0.739163, Epoch time: 0.05 seconds, remaining time: 0.56 minutes
Epoch #312: train loss = 1.003197, val loss = 2.539016, total loss = 1.771107, Epoch time: 0.04 seconds, remaining time: 0.55 minutes
Epoch #313: train loss = 1.166852, val loss = 2.691220, total loss = 1.929036, Epoch time: 0.05 seconds, remaining time: 0.56 minutes
Epoch #314: train loss = 1.174654, val loss = 0.373463, total loss = 0.774059, Epoch time: 0.04 seconds, remaining time: 0.55 minutes
Epoch #315: train loss = 0.905105, val loss = 1.253505, total loss = 1.079305, Epoch time: 0.06 seconds, remaining time: 0.56 minutes
Epoch #316: train loss = 0.896499, val loss = 0.385738, total loss = 0.641119, Epoch time: 0.05 seconds, remaining time: 0.55 minutes
Epoch #317: train loss = 0.924813, val loss = 0.837011, total loss = 0.880912, Epoch time: 0.05 seconds, remaining time: 0.54 minutes
Epoch #318: train loss = 0.875583, val loss = 1.097236, total loss = 0.986410, Epoch time: 0.05 seconds, remaining time: 0.56 minutes
Epoch #319: train loss = 0.811661, val loss = 2.143589, total loss = 1.477625, Epoch time: 0.05 seconds, remaining time: 0.56 minutes
Epoch #320: train loss = 0.945227, val loss = 0.263418, total loss = 0.604322, Epoch time: 0.05 seconds, remaining time: 0.56 minutes
Epoch #321: train loss = 1.164041, val loss = 2.053544, total loss = 1.608792, Epoch time: 0.06 seconds, remaining time: 0.57 minutes
Epoch #322: train loss = 0.899845, val loss = 4.195062, total loss = 2.547454, Epoch time: 0.04 seconds, remaining time: 0.57 minutes
Epoch #323: train loss = 0.801557, val loss = 5.185398, total loss = 2.993477, Epoch time: 0.05 seconds, remaining time: 0.56 minutes
Epoch #324: train loss = 0.771996, val loss = 0.352320, total loss = 0.562158, Epoch time: 0.05 seconds, remaining time: 0.56 minutes
Epoch #325: train loss = 0.881212, val loss = 0.310065, total loss = 0.595638, Epoch time: 0.05 seconds, remaining time: 0.55 minutes
Epoch #326: train loss = 2.784574, val loss = 4.874166, total loss = 3.829370, Epoch time: 0.04 seconds, remaining time: 0.55 minutes
Epoch #327: train loss = 3.007003, val loss = 0.404517, total loss = 1.705760, Epoch time: 0.04 seconds, remaining time: 0.54 minutes
Epoch #328: train loss = 0.808634, val loss = 1.833933, total loss = 1.321283, Epoch time: 0.05 seconds, remaining time: 0.54 minutes
Epoch #329: train loss = 0.954113, val loss = 2.058835, total loss = 1.506474, Epoch time: 0.05 seconds, remaining time: 0.53 minutes
Epoch #330: train loss = 1.104149, val loss = 0.580888, total loss = 0.842518, Epoch time: 0.05 seconds, remaining time: 0.53 minutes
Epoch #331: train loss = 0.888818, val loss = 0.669783, total loss = 0.779301, Epoch time: 0.05 seconds, remaining time: 0.52 minutes
Epoch #332: train loss = 0.828150, val loss = 0.435875, total loss = 0.632012, Epoch time: 0.05 seconds, remaining time: 0.53 minutes
Epoch #333: train loss = 0.881609, val loss = 0.437060, total loss = 0.659335, Epoch time: 0.05 seconds, remaining time: 0.53 minutes
Epoch #334: train loss = 0.841972, val loss = 0.520569, total loss = 0.681270, Epoch time: 0.05 seconds, remaining time: 0.53 minutes
Epoch #335: train loss = 0.797559, val loss = 0.431233, total loss = 0.614396, Epoch time: 0.05 seconds, remaining time: 0.53 minutes
Epoch #336: train loss = 1.095876, val loss = 3.086120, total loss = 2.090998, Epoch time: 0.05 seconds, remaining time: 0.54 minutes
Epoch #337: train loss = 0.932580, val loss = 3.432002, total loss = 2.182291, Epoch time: 0.04 seconds, remaining time: 0.54 minutes
Epoch #338: train loss = 0.782335, val loss = 0.339143, total loss = 0.560739, Epoch time: 0.05 seconds, remaining time: 0.53 minutes
Epoch #339: train loss = 0.871465, val loss = 2.683679, total loss = 1.777572, Epoch time: 0.05 seconds, remaining time: 0.53 minutes
Epoch #340: train loss = 0.795935, val loss = 3.778990, total loss = 2.287463, Epoch time: 0.05 seconds, remaining time: 0.53 minutes
Epoch #341: train loss = 1.555849, val loss = 3.242408, total loss = 2.399128, Epoch time: 0.04 seconds, remaining time: 0.52 minutes
Epoch #342: train loss = 1.073205, val loss = 0.433307, total loss = 0.753256, Epoch time: 0.05 seconds, remaining time: 0.51 minutes
Epoch #343: train loss = 1.032509, val loss = 0.394534, total loss = 0.713522, Epoch time: 0.05 seconds, remaining time: 0.51 minutes
Epoch #344: train loss = 0.790537, val loss = 4.369248, total loss = 2.579893, Epoch time: 0.05 seconds, remaining time: 0.51 minutes
Epoch #345: train loss = 0.682515, val loss = 0.353358, total loss = 0.517936, Epoch time: 0.05 seconds, remaining time: 0.52 minutes
Epoch #346: train loss = 0.857329, val loss = 3.739915, total loss = 2.298622, Epoch time: 0.05 seconds, remaining time: 0.51 minutes
Epoch #347: train loss = 0.689548, val loss = 0.279019, total loss = 0.484283, Epoch time: 0.05 seconds, remaining time: 0.52 minutes
Epoch #348: train loss = 0.628635, val loss = 0.348436, total loss = 0.488536, Epoch time: 0.05 seconds, remaining time: 0.51 minutes
Epoch #349: train loss = 0.856913, val loss = 4.774114, total loss = 2.815514, Epoch time: 0.05 seconds, remaining time: 0.51 minutes
Epoch #350: train loss = 0.701357, val loss = 2.692852, total loss = 1.697105, Epoch time: 0.05 seconds, remaining time: 0.51 minutes
Epoch #351: train loss = 0.796400, val loss = 4.387464, total loss = 2.591932, Epoch time: 0.04 seconds, remaining time: 0.52 minutes
Epoch #352: train loss = 0.602035, val loss = 4.474507, total loss = 2.538271, Epoch time: 0.05 seconds, remaining time: 0.52 minutes
Epoch #353: train loss = 0.620509, val loss = 5.703826, total loss = 3.162168, Epoch time: 0.05 seconds, remaining time: 0.52 minutes
Epoch #354: train loss = 0.649020, val loss = 6.062382, total loss = 3.355701, Epoch time: 0.05 seconds, remaining time: 0.53 minutes
Epoch #355: train loss = 0.896759, val loss = 0.401432, total loss = 0.649095, Epoch time: 0.04 seconds, remaining time: 0.52 minutes
Epoch #356: train loss = 0.891205, val loss = 0.352149, total loss = 0.621677, Epoch time: 0.04 seconds, remaining time: 0.51 minutes
Epoch #357: train loss = 0.559090, val loss = 0.230461, total loss = 0.394776, Epoch time: 0.05 seconds, remaining time: 0.51 minutes
Epoch #358: train loss = 1.003385, val loss = 2.319000, total loss = 1.661193, Epoch time: 0.05 seconds, remaining time: 0.51 minutes
Epoch #359: train loss = 0.918233, val loss = 0.388827, total loss = 0.653530, Epoch time: 0.05 seconds, remaining time: 0.51 minutes
Epoch #360: train loss = 0.948883, val loss = 0.632067, total loss = 0.790475, Epoch time: 0.04 seconds, remaining time: 0.50 minutes
Epoch #361: train loss = 0.618064, val loss = 0.595536, total loss = 0.606800, Epoch time: 0.05 seconds, remaining time: 0.50 minutes
Epoch #362: train loss = 1.296557, val loss = 0.374397, total loss = 0.835477, Epoch time: 0.05 seconds, remaining time: 0.50 minutes
Epoch #363: train loss = 0.738444, val loss = 0.294650, total loss = 0.516547, Epoch time: 0.04 seconds, remaining time: 0.49 minutes
Epoch #364: train loss = 0.555811, val loss = 5.729618, total loss = 3.142714, Epoch time: 0.05 seconds, remaining time: 0.49 minutes
Epoch #365: train loss = 0.954679, val loss = 0.266845, total loss = 0.610762, Epoch time: 0.05 seconds, remaining time: 0.50 minutes
Epoch #366: train loss = 0.642588, val loss = 3.703606, total loss = 2.173097, Epoch time: 0.05 seconds, remaining time: 0.50 minutes
Epoch #367: train loss = 0.672897, val loss = 0.336002, total loss = 0.504450, Epoch time: 0.04 seconds, remaining time: 0.50 minutes
Epoch #368: train loss = 0.667196, val loss = 0.206057, total loss = 0.436627, Epoch time: 0.05 seconds, remaining time: 0.49 minutes
Epoch #369: train loss = 0.686226, val loss = 0.304739, total loss = 0.495482, Epoch time: 0.06 seconds, remaining time: 0.50 minutes
Epoch #370: train loss = 1.109712, val loss = 0.374893, total loss = 0.742302, Epoch time: 0.04 seconds, remaining time: 0.50 minutes
Epoch #371: train loss = 0.590977, val loss = 0.281698, total loss = 0.436338, Epoch time: 0.05 seconds, remaining time: 0.50 minutes
Epoch #372: train loss = 0.670954, val loss = 0.313946, total loss = 0.492450, Epoch time: 0.05 seconds, remaining time: 0.50 minutes
Epoch #373: train loss = 0.641025, val loss = 0.262005, total loss = 0.451515, Epoch time: 0.05 seconds, remaining time: 0.50 minutes
Epoch #374: train loss = 0.793030, val loss = 0.325922, total loss = 0.559476, Epoch time: 0.05 seconds, remaining time: 0.49 minutes
Epoch #375: train loss = 0.577931, val loss = 3.301714, total loss = 1.939823, Epoch time: 0.05 seconds, remaining time: 0.49 minutes
Epoch #376: train loss = 2.062869, val loss = 2.015657, total loss = 2.039263, Epoch time: 0.04 seconds, remaining time: 0.48 minutes
Epoch #377: train loss = 0.594660, val loss = 0.284274, total loss = 0.439467, Epoch time: 0.05 seconds, remaining time: 0.49 minutes
Epoch #378: train loss = 0.809923, val loss = 0.342279, total loss = 0.576101, Epoch time: 0.05 seconds, remaining time: 0.49 minutes
Epoch #379: train loss = 0.644126, val loss = 4.085777, total loss = 2.364951, Epoch time: 0.05 seconds, remaining time: 0.48 minutes
Epoch #380: train loss = 0.692752, val loss = 4.130767, total loss = 2.411760, Epoch time: 0.05 seconds, remaining time: 0.48 minutes
Epoch #381: train loss = 0.655924, val loss = 1.413843, total loss = 1.034884, Epoch time: 0.05 seconds, remaining time: 0.48 minutes
Epoch #382: train loss = 0.624491, val loss = 4.091660, total loss = 2.358075, Epoch time: 0.05 seconds, remaining time: 0.49 minutes
Epoch #383: train loss = 0.574023, val loss = 3.742718, total loss = 2.158370, Epoch time: 0.05 seconds, remaining time: 0.49 minutes
Epoch #384: train loss = 0.614726, val loss = 0.291956, total loss = 0.453341, Epoch time: 0.05 seconds, remaining time: 0.49 minutes
Epoch #385: train loss = 0.594199, val loss = 0.271312, total loss = 0.432755, Epoch time: 0.05 seconds, remaining time: 0.49 minutes
Epoch #386: train loss = 0.680167, val loss = 1.717676, total loss = 1.198922, Epoch time: 0.05 seconds, remaining time: 0.50 minutes
Epoch #387: train loss = 3.656480, val loss = 0.306264, total loss = 1.981372, Epoch time: 0.04 seconds, remaining time: 0.49 minutes
Epoch #388: train loss = 1.050890, val loss = 3.456284, total loss = 2.253587, Epoch time: 0.04 seconds, remaining time: 0.48 minutes
Epoch #389: train loss = 0.595582, val loss = 0.457076, total loss = 0.526329, Epoch time: 0.05 seconds, remaining time: 0.48 minutes
Epoch #390: train loss = 0.710850, val loss = 3.171616, total loss = 1.941233, Epoch time: 0.05 seconds, remaining time: 0.48 minutes
Epoch #391: train loss = 0.679396, val loss = 4.185707, total loss = 2.432552, Epoch time: 0.05 seconds, remaining time: 0.48 minutes
Epoch #392: train loss = 0.745575, val loss = 0.403982, total loss = 0.574778, Epoch time: 0.05 seconds, remaining time: 0.47 minutes
Epoch #393: train loss = 1.082373, val loss = 3.549824, total loss = 2.316099, Epoch time: 0.04 seconds, remaining time: 0.46 minutes
Epoch #394: train loss = 0.894877, val loss = 1.114600, total loss = 1.004738, Epoch time: 0.05 seconds, remaining time: 0.46 minutes
Epoch #395: train loss = 0.691492, val loss = 0.365466, total loss = 0.528479, Epoch time: 0.05 seconds, remaining time: 0.47 minutes
Epoch #396: train loss = 0.923488, val loss = 0.375998, total loss = 0.649743, Epoch time: 0.05 seconds, remaining time: 0.46 minutes
Epoch #397: train loss = 0.881374, val loss = 1.322687, total loss = 1.102031, Epoch time: 0.04 seconds, remaining time: 0.47 minutes
Epoch #398: train loss = 1.754165, val loss = 1.596409, total loss = 1.675287, Epoch time: 0.04 seconds, remaining time: 0.46 minutes
Epoch #399: train loss = 0.830376, val loss = 0.378959, total loss = 0.604667, Epoch time: 0.04 seconds, remaining time: 0.46 minutes
Epoch #400: train loss = 0.959663, val loss = 1.968776, total loss = 1.464219, Epoch time: 0.04 seconds, remaining time: 0.45 minutes
Epoch #401: train loss = 0.722516, val loss = 2.470535, total loss = 1.596525, Epoch time: 0.05 seconds, remaining time: 0.46 minutes
Epoch #402: train loss = 0.911515, val loss = 1.689301, total loss = 1.300408, Epoch time: 0.04 seconds, remaining time: 0.45 minutes
Epoch #403: train loss = 0.991518, val loss = 1.499573, total loss = 1.245546, Epoch time: 0.04 seconds, remaining time: 0.44 minutes
Epoch #404: train loss = 0.721898, val loss = 0.424720, total loss = 0.573309, Epoch time: 0.05 seconds, remaining time: 0.44 minutes
Epoch #405: train loss = 0.716209, val loss = 0.488603, total loss = 0.602406, Epoch time: 0.05 seconds, remaining time: 0.45 minutes
Epoch #406: train loss = 0.789761, val loss = 2.624658, total loss = 1.707209, Epoch time: 0.04 seconds, remaining time: 0.44 minutes
Epoch #407: train loss = 0.647643, val loss = 1.338476, total loss = 0.993060, Epoch time: 0.05 seconds, remaining time: 0.44 minutes
Epoch #408: train loss = 0.738019, val loss = 0.320685, total loss = 0.529352, Epoch time: 0.04 seconds, remaining time: 0.45 minutes
Epoch #409: train loss = 0.702021, val loss = 3.089556, total loss = 1.895789, Epoch time: 0.05 seconds, remaining time: 0.45 minutes
Epoch #410: train loss = 0.979428, val loss = 2.471517, total loss = 1.725473, Epoch time: 0.04 seconds, remaining time: 0.45 minutes
Epoch #411: train loss = 2.029353, val loss = 0.396118, total loss = 1.212735, Epoch time: 0.04 seconds, remaining time: 0.44 minutes
Epoch #412: train loss = 0.581866, val loss = 0.340615, total loss = 0.461241, Epoch time: 0.05 seconds, remaining time: 0.45 minutes
Epoch #413: train loss = 0.672641, val loss = 1.987584, total loss = 1.330112, Epoch time: 0.05 seconds, remaining time: 0.46 minutes
Epoch #414: train loss = 0.633921, val loss = 3.482101, total loss = 2.058011, Epoch time: 0.05 seconds, remaining time: 0.46 minutes
Epoch #415: train loss = 0.630085, val loss = 2.281913, total loss = 1.455999, Epoch time: 0.05 seconds, remaining time: 0.45 minutes
Epoch #416: train loss = 0.823140, val loss = 1.795859, total loss = 1.309500, Epoch time: 0.05 seconds, remaining time: 0.46 minutes
Epoch #417: train loss = 0.583939, val loss = 2.593167, total loss = 1.588553, Epoch time: 0.05 seconds, remaining time: 0.46 minutes
Epoch #418: train loss = 0.991783, val loss = 3.205936, total loss = 2.098860, Epoch time: 0.04 seconds, remaining time: 0.46 minutes
Epoch #419: train loss = 0.621521, val loss = 3.807051, total loss = 2.214286, Epoch time: 0.05 seconds, remaining time: 0.46 minutes
Epoch #420: train loss = 0.807584, val loss = 2.967002, total loss = 1.887293, Epoch time: 0.04 seconds, remaining time: 0.46 minutes
Epoch #421: train loss = 0.578625, val loss = 1.103988, total loss = 0.841307, Epoch time: 0.05 seconds, remaining time: 0.47 minutes
Epoch #422: train loss = 0.651662, val loss = 0.285068, total loss = 0.468365, Epoch time: 0.05 seconds, remaining time: 0.46 minutes
Epoch #423: train loss = 0.591853, val loss = 1.070119, total loss = 0.830986, Epoch time: 0.05 seconds, remaining time: 0.46 minutes
Epoch #424: train loss = 0.623858, val loss = 0.298612, total loss = 0.461235, Epoch time: 0.04 seconds, remaining time: 0.45 minutes
Epoch #425: train loss = 0.738968, val loss = 2.470852, total loss = 1.604910, Epoch time: 0.05 seconds, remaining time: 0.45 minutes
Epoch #426: train loss = 0.794747, val loss = 1.303259, total loss = 1.049003, Epoch time: 0.05 seconds, remaining time: 0.44 minutes
Epoch #427: train loss = 0.592419, val loss = 0.300086, total loss = 0.446252, Epoch time: 0.05 seconds, remaining time: 0.45 minutes
Epoch #428: train loss = 0.561384, val loss = 0.325314, total loss = 0.443349, Epoch time: 0.05 seconds, remaining time: 0.45 minutes
Epoch #429: train loss = 0.968221, val loss = 0.215071, total loss = 0.591646, Epoch time: 0.04 seconds, remaining time: 0.44 minutes
Epoch #430: train loss = 0.618354, val loss = 0.229140, total loss = 0.423747, Epoch time: 0.04 seconds, remaining time: 0.44 minutes
Epoch #431: train loss = 0.579928, val loss = 2.899327, total loss = 1.739627, Epoch time: 0.05 seconds, remaining time: 0.44 minutes
Epoch #432: train loss = 0.612945, val loss = 0.293060, total loss = 0.453002, Epoch time: 0.05 seconds, remaining time: 0.44 minutes
Epoch #433: train loss = 3.857439, val loss = 0.324311, total loss = 2.090875, Epoch time: 0.04 seconds, remaining time: 0.43 minutes
Epoch #434: train loss = 0.549986, val loss = 0.350264, total loss = 0.450125, Epoch time: 0.05 seconds, remaining time: 0.43 minutes
Epoch #435: train loss = 0.586544, val loss = 2.909777, total loss = 1.748161, Epoch time: 0.05 seconds, remaining time: 0.43 minutes
Epoch #436: train loss = 0.592074, val loss = 4.453976, total loss = 2.523025, Epoch time: 0.05 seconds, remaining time: 0.44 minutes
Epoch #437: train loss = 0.702658, val loss = 3.135276, total loss = 1.918967, Epoch time: 0.06 seconds, remaining time: 0.44 minutes
Epoch #438: train loss = 0.622473, val loss = 2.773521, total loss = 1.697997, Epoch time: 0.05 seconds, remaining time: 0.44 minutes
Epoch #439: train loss = 0.748039, val loss = 0.293284, total loss = 0.520662, Epoch time: 0.04 seconds, remaining time: 0.44 minutes
Epoch #440: train loss = 0.723045, val loss = 3.881299, total loss = 2.302172, Epoch time: 0.05 seconds, remaining time: 0.45 minutes
Epoch #441: train loss = 0.526042, val loss = 0.997214, total loss = 0.761628, Epoch time: 0.05 seconds, remaining time: 0.45 minutes
Epoch #442: train loss = 0.897012, val loss = 0.463514, total loss = 0.680263, Epoch time: 0.04 seconds, remaining time: 0.44 minutes
Epoch #443: train loss = 0.583120, val loss = 0.322274, total loss = 0.452697, Epoch time: 0.05 seconds, remaining time: 0.45 minutes
Epoch #444: train loss = 0.502462, val loss = 0.286972, total loss = 0.394717, Epoch time: 0.05 seconds, remaining time: 0.45 minutes
Epoch #445: train loss = 0.722152, val loss = 0.451088, total loss = 0.586620, Epoch time: 0.04 seconds, remaining time: 0.44 minutes
Epoch #446: train loss = 0.629887, val loss = 2.531628, total loss = 1.580758, Epoch time: 0.04 seconds, remaining time: 0.44 minutes
Epoch #447: train loss = 1.464456, val loss = 0.306667, total loss = 0.885562, Epoch time: 0.05 seconds, remaining time: 0.43 minutes
Epoch #448: train loss = 1.676869, val loss = 1.996024, total loss = 1.836446, Epoch time: 0.04 seconds, remaining time: 0.41 minutes
Epoch #449: train loss = 1.109659, val loss = 3.627537, total loss = 2.368598, Epoch time: 0.04 seconds, remaining time: 0.41 minutes
Epoch #450: train loss = 0.739246, val loss = 0.476482, total loss = 0.607864, Epoch time: 0.05 seconds, remaining time: 0.41 minutes
Epoch #451: train loss = 0.690555, val loss = 5.302306, total loss = 2.996430, Epoch time: 0.05 seconds, remaining time: 0.41 minutes
Epoch #452: train loss = 0.769900, val loss = 2.047108, total loss = 1.408504, Epoch time: 0.05 seconds, remaining time: 0.42 minutes
Epoch #453: train loss = 0.815136, val loss = 2.401956, total loss = 1.608546, Epoch time: 0.05 seconds, remaining time: 0.41 minutes
Epoch #454: train loss = 0.828463, val loss = 2.690197, total loss = 1.759330, Epoch time: 0.04 seconds, remaining time: 0.41 minutes
Epoch #455: train loss = 1.590282, val loss = 0.378101, total loss = 0.984191, Epoch time: 0.04 seconds, remaining time: 0.40 minutes
Epoch #456: train loss = 0.734501, val loss = 3.252137, total loss = 1.993319, Epoch time: 0.05 seconds, remaining time: 0.40 minutes
Epoch #457: train loss = 1.978658, val loss = 1.600249, total loss = 1.789454, Epoch time: 0.04 seconds, remaining time: 0.40 minutes
Epoch #458: train loss = 0.730121, val loss = 2.184580, total loss = 1.457350, Epoch time: 0.05 seconds, remaining time: 0.41 minutes
Epoch #459: train loss = 0.708087, val loss = 0.375877, total loss = 0.541982, Epoch time: 0.05 seconds, remaining time: 0.41 minutes
Epoch #460: train loss = 0.718359, val loss = 1.363068, total loss = 1.040713, Epoch time: 0.05 seconds, remaining time: 0.41 minutes
Epoch #461: train loss = 0.652808, val loss = 0.644162, total loss = 0.648485, Epoch time: 0.05 seconds, remaining time: 0.42 minutes
Epoch #462: train loss = 0.701589, val loss = 0.279218, total loss = 0.490403, Epoch time: 0.05 seconds, remaining time: 0.41 minutes
Epoch #463: train loss = 0.641589, val loss = 0.463321, total loss = 0.552455, Epoch time: 0.04 seconds, remaining time: 0.41 minutes
Epoch #464: train loss = 0.581079, val loss = 0.385588, total loss = 0.483334, Epoch time: 0.05 seconds, remaining time: 0.41 minutes
Epoch #465: train loss = 2.171680, val loss = 4.475959, total loss = 3.323820, Epoch time: 0.04 seconds, remaining time: 0.41 minutes
Epoch #466: train loss = 0.799053, val loss = 0.328567, total loss = 0.563810, Epoch time: 0.04 seconds, remaining time: 0.41 minutes
Epoch #467: train loss = 0.698073, val loss = 1.969226, total loss = 1.333649, Epoch time: 0.05 seconds, remaining time: 0.42 minutes
Epoch #468: train loss = 0.602597, val loss = 2.073983, total loss = 1.338290, Epoch time: 0.05 seconds, remaining time: 0.41 minutes
Epoch #469: train loss = 0.856148, val loss = 0.258151, total loss = 0.557149, Epoch time: 0.05 seconds, remaining time: 0.40 minutes
Epoch #470: train loss = 0.498464, val loss = 0.385076, total loss = 0.441770, Epoch time: 0.05 seconds, remaining time: 0.40 minutes
Epoch #471: train loss = 0.752564, val loss = 0.533370, total loss = 0.642967, Epoch time: 0.05 seconds, remaining time: 0.40 minutes
Epoch #472: train loss = 0.619293, val loss = 0.291825, total loss = 0.455559, Epoch time: 0.05 seconds, remaining time: 0.40 minutes
Epoch #473: train loss = 0.590523, val loss = 1.930338, total loss = 1.260430, Epoch time: 0.05 seconds, remaining time: 0.40 minutes
Epoch #474: train loss = 0.579075, val loss = 0.365375, total loss = 0.472225, Epoch time: 0.05 seconds, remaining time: 0.41 minutes
Epoch #475: train loss = 0.581442, val loss = 0.329807, total loss = 0.455625, Epoch time: 0.05 seconds, remaining time: 0.41 minutes
Epoch #476: train loss = 0.890834, val loss = 0.345751, total loss = 0.618292, Epoch time: 0.04 seconds, remaining time: 0.41 minutes
Epoch #477: train loss = 0.570358, val loss = 0.384338, total loss = 0.477348, Epoch time: 0.05 seconds, remaining time: 0.41 minutes
Epoch #478: train loss = 0.710574, val loss = 0.337686, total loss = 0.524130, Epoch time: 0.04 seconds, remaining time: 0.41 minutes
Epoch #479: train loss = 2.504069, val loss = 2.456055, total loss = 2.480062, Epoch time: 0.04 seconds, remaining time: 0.40 minutes
Epoch #480: train loss = 1.200383, val loss = 1.587177, total loss = 1.393780, Epoch time: 0.04 seconds, remaining time: 0.40 minutes
Epoch #481: train loss = 0.605789, val loss = 0.398379, total loss = 0.502084, Epoch time: 0.05 seconds, remaining time: 0.39 minutes
Epoch #482: train loss = 0.545195, val loss = 2.860903, total loss = 1.703049, Epoch time: 0.05 seconds, remaining time: 0.40 minutes
Epoch #483: train loss = 0.564049, val loss = 1.188792, total loss = 0.876421, Epoch time: 0.05 seconds, remaining time: 0.40 minutes
Epoch #484: train loss = 0.599728, val loss = 4.299893, total loss = 2.449811, Epoch time: 0.04 seconds, remaining time: 0.39 minutes
Epoch #485: train loss = 0.587733, val loss = 0.294266, total loss = 0.440999, Epoch time: 0.05 seconds, remaining time: 0.40 minutes
Epoch #486: train loss = 0.529429, val loss = 3.378977, total loss = 1.954203, Epoch time: 0.05 seconds, remaining time: 0.40 minutes
Epoch #487: train loss = 0.709206, val loss = 1.245705, total loss = 0.977456, Epoch time: 0.04 seconds, remaining time: 0.39 minutes
Epoch #488: train loss = 0.492440, val loss = 1.347352, total loss = 0.919896, Epoch time: 0.05 seconds, remaining time: 0.40 minutes
Epoch #489: train loss = 0.754914, val loss = 2.388457, total loss = 1.571686, Epoch time: 0.04 seconds, remaining time: 0.40 minutes
Epoch #490: train loss = 0.534021, val loss = 1.707877, total loss = 1.120949, Epoch time: 0.05 seconds, remaining time: 0.41 minutes
Epoch #491: train loss = 0.685266, val loss = 0.254189, total loss = 0.469728, Epoch time: 0.04 seconds, remaining time: 0.40 minutes
Epoch #492: train loss = 0.877717, val loss = 3.383386, total loss = 2.130552, Epoch time: 0.04 seconds, remaining time: 0.39 minutes
Epoch #493: train loss = 2.554649, val loss = 2.567518, total loss = 2.561083, Epoch time: 0.04 seconds, remaining time: 0.38 minutes
Epoch #494: train loss = 0.600582, val loss = 0.225749, total loss = 0.413166, Epoch time: 0.04 seconds, remaining time: 0.38 minutes
Epoch #495: train loss = 0.582125, val loss = 1.973910, total loss = 1.278018, Epoch time: 0.05 seconds, remaining time: 0.37 minutes
Epoch #496: train loss = 0.573215, val loss = 0.331649, total loss = 0.452432, Epoch time: 0.05 seconds, remaining time: 0.37 minutes
Epoch #497: train loss = 0.536891, val loss = 5.445944, total loss = 2.991418, Epoch time: 0.05 seconds, remaining time: 0.38 minutes
Epoch #498: train loss = 0.659957, val loss = 3.675323, total loss = 2.167640, Epoch time: 0.04 seconds, remaining time: 0.37 minutes
Epoch #499: train loss = 0.516732, val loss = 4.442602, total loss = 2.479667, Epoch time: 0.05 seconds, remaining time: 0.37 minutes
Epoch #500: train loss = 0.587906, val loss = 2.642070, total loss = 1.614988, Epoch time: 0.05 seconds, remaining time: 0.38 minutes
Epoch #501: train loss = 0.519600, val loss = 0.311824, total loss = 0.415712, Epoch time: 0.05 seconds, remaining time: 0.38 minutes
Epoch #502: train loss = 0.715296, val loss = 3.720702, total loss = 2.217999, Epoch time: 0.05 seconds, remaining time: 0.38 minutes
Epoch #503: train loss = 0.459428, val loss = 0.330458, total loss = 0.394943, Epoch time: 0.05 seconds, remaining time: 0.39 minutes
Epoch #504: train loss = 0.622370, val loss = 6.497002, total loss = 3.559686, Epoch time: 0.04 seconds, remaining time: 0.39 minutes
Epoch #505: train loss = 0.522737, val loss = 2.343293, total loss = 1.433015, Epoch time: 0.05 seconds, remaining time: 0.40 minutes
Epoch #506: train loss = 0.627392, val loss = 0.278939, total loss = 0.453165, Epoch time: 0.04 seconds, remaining time: 0.39 minutes
Epoch #507: train loss = 0.819457, val loss = 0.270429, total loss = 0.544943, Epoch time: 0.04 seconds, remaining time: 0.39 minutes
Epoch #508: train loss = 0.537831, val loss = 0.300258, total loss = 0.419044, Epoch time: 0.05 seconds, remaining time: 0.39 minutes
Epoch #509: train loss = 0.738761, val loss = 0.338789, total loss = 0.538775, Epoch time: 0.05 seconds, remaining time: 0.39 minutes
Epoch #510: train loss = 0.703366, val loss = 2.434759, total loss = 1.569063, Epoch time: 0.05 seconds, remaining time: 0.38 minutes
Epoch #511: train loss = 0.497062, val loss = 0.216098, total loss = 0.356580, Epoch time: 0.05 seconds, remaining time: 0.38 minutes
Epoch #512: train loss = 0.465839, val loss = 0.285984, total loss = 0.375912, Epoch time: 0.06 seconds, remaining time: 0.39 minutes
Epoch #513: train loss = 0.471632, val loss = 0.243580, total loss = 0.357606, Epoch time: 0.05 seconds, remaining time: 0.38 minutes
Epoch #514: train loss = 0.581426, val loss = 0.350343, total loss = 0.465884, Epoch time: 0.05 seconds, remaining time: 0.39 minutes
Epoch #515: train loss = 0.454704, val loss = 0.311238, total loss = 0.382971, Epoch time: 0.05 seconds, remaining time: 0.39 minutes
Epoch #516: train loss = 0.587052, val loss = 0.315296, total loss = 0.451174, Epoch time: 0.05 seconds, remaining time: 0.39 minutes
Epoch #517: train loss = 0.479908, val loss = 0.333548, total loss = 0.406728, Epoch time: 0.04 seconds, remaining time: 0.39 minutes
Epoch #518: train loss = 0.823032, val loss = 0.654575, total loss = 0.738803, Epoch time: 0.04 seconds, remaining time: 0.39 minutes
Epoch #519: train loss = 0.702852, val loss = 0.297814, total loss = 0.500333, Epoch time: 0.04 seconds, remaining time: 0.38 minutes
Epoch #520: train loss = 0.588162, val loss = 0.276852, total loss = 0.432507, Epoch time: 0.05 seconds, remaining time: 0.38 minutes
Epoch #521: train loss = 0.439359, val loss = 5.262964, total loss = 2.851162, Epoch time: 0.05 seconds, remaining time: 0.39 minutes
Epoch #522: train loss = 0.608758, val loss = 0.268880, total loss = 0.438819, Epoch time: 0.04 seconds, remaining time: 0.37 minutes
Epoch #523: train loss = 0.515873, val loss = 4.393963, total loss = 2.454918, Epoch time: 0.05 seconds, remaining time: 0.37 minutes
Epoch #524: train loss = 0.452317, val loss = 0.200713, total loss = 0.326515, Epoch time: 0.05 seconds, remaining time: 0.37 minutes
Epoch #525: train loss = 0.449201, val loss = 0.331136, total loss = 0.390168, Epoch time: 0.05 seconds, remaining time: 0.37 minutes
Epoch #526: train loss = 0.549117, val loss = 4.131667, total loss = 2.340392, Epoch time: 0.05 seconds, remaining time: 0.36 minutes
Epoch #527: train loss = 0.418630, val loss = 0.400215, total loss = 0.409423, Epoch time: 0.05 seconds, remaining time: 0.37 minutes
Epoch #528: train loss = 0.403630, val loss = 2.374091, total loss = 1.388861, Epoch time: 0.05 seconds, remaining time: 0.38 minutes
Epoch #529: train loss = 0.432122, val loss = 0.221064, total loss = 0.326593, Epoch time: 0.05 seconds, remaining time: 0.38 minutes
Epoch #530: train loss = 0.367146, val loss = 1.853780, total loss = 1.110463, Epoch time: 0.05 seconds, remaining time: 0.38 minutes
Epoch #531: train loss = 0.502623, val loss = 0.261327, total loss = 0.381975, Epoch time: 0.05 seconds, remaining time: 0.38 minutes
Epoch #532: train loss = 0.637353, val loss = 1.900918, total loss = 1.269136, Epoch time: 0.05 seconds, remaining time: 0.38 minutes
Epoch #533: train loss = 0.359577, val loss = 4.524500, total loss = 2.442039, Epoch time: 0.05 seconds, remaining time: 0.39 minutes
Epoch #534: train loss = 0.336975, val loss = 0.246705, total loss = 0.291840, Epoch time: 0.05 seconds, remaining time: 0.39 minutes
Epoch #535: train loss = 0.407363, val loss = 6.106486, total loss = 3.256924, Epoch time: 0.05 seconds, remaining time: 0.38 minutes
Epoch #536: train loss = 0.710825, val loss = 4.055444, total loss = 2.383134, Epoch time: 0.04 seconds, remaining time: 0.38 minutes
Epoch #537: train loss = 0.898136, val loss = 0.183154, total loss = 0.540645, Epoch time: 0.05 seconds, remaining time: 0.38 minutes
Epoch #538: train loss = 0.617891, val loss = 0.186494, total loss = 0.402193, Epoch time: 0.04 seconds, remaining time: 0.37 minutes
Epoch #539: train loss = 0.852221, val loss = 0.237803, total loss = 0.545012, Epoch time: 0.05 seconds, remaining time: 0.37 minutes
Epoch #540: train loss = 0.414407, val loss = 0.156486, total loss = 0.285446, Epoch time: 0.05 seconds, remaining time: 0.37 minutes
Epoch #541: train loss = 0.473390, val loss = 0.256286, total loss = 0.364838, Epoch time: 0.04 seconds, remaining time: 0.36 minutes
Epoch #542: train loss = 0.323558, val loss = 2.209530, total loss = 1.266544, Epoch time: 0.05 seconds, remaining time: 0.37 minutes
Epoch #543: train loss = 0.617232, val loss = 0.279672, total loss = 0.448452, Epoch time: 0.04 seconds, remaining time: 0.36 minutes
Epoch #544: train loss = 0.974233, val loss = 4.926931, total loss = 2.950582, Epoch time: 0.04 seconds, remaining time: 0.35 minutes
Epoch #545: train loss = 0.757199, val loss = 0.268570, total loss = 0.512884, Epoch time: 0.05 seconds, remaining time: 0.35 minutes
Epoch #546: train loss = 0.584607, val loss = 0.338027, total loss = 0.461317, Epoch time: 0.05 seconds, remaining time: 0.35 minutes
Epoch #547: train loss = 0.499817, val loss = 0.275087, total loss = 0.387452, Epoch time: 0.05 seconds, remaining time: 0.35 minutes
Epoch #548: train loss = 0.477521, val loss = 0.530029, total loss = 0.503775, Epoch time: 0.05 seconds, remaining time: 0.36 minutes
Epoch #549: train loss = 0.372278, val loss = 4.959706, total loss = 2.665992, Epoch time: 0.05 seconds, remaining time: 0.36 minutes
Epoch #550: train loss = 0.392878, val loss = 3.152893, total loss = 1.772885, Epoch time: 0.05 seconds, remaining time: 0.36 minutes
Epoch #551: train loss = 0.749512, val loss = 3.349652, total loss = 2.049582, Epoch time: 0.05 seconds, remaining time: 0.36 minutes
Epoch #552: train loss = 0.474628, val loss = 1.248555, total loss = 0.861592, Epoch time: 0.05 seconds, remaining time: 0.35 minutes
Epoch #553: train loss = 0.420884, val loss = 0.219131, total loss = 0.320008, Epoch time: 0.05 seconds, remaining time: 0.35 minutes
Epoch #554: train loss = 0.366647, val loss = 0.320508, total loss = 0.343577, Epoch time: 0.05 seconds, remaining time: 0.36 minutes
Epoch #555: train loss = 0.477790, val loss = 0.221009, total loss = 0.349399, Epoch time: 0.05 seconds, remaining time: 0.36 minutes
Epoch #556: train loss = 0.504988, val loss = 0.268205, total loss = 0.386597, Epoch time: 0.05 seconds, remaining time: 0.35 minutes
Epoch #557: train loss = 0.443319, val loss = 1.263127, total loss = 0.853223, Epoch time: 0.05 seconds, remaining time: 0.35 minutes
Epoch #558: train loss = 0.402074, val loss = 3.721094, total loss = 2.061584, Epoch time: 0.05 seconds, remaining time: 0.35 minutes
Epoch #559: train loss = 0.371612, val loss = 0.158486, total loss = 0.265049, Epoch time: 0.05 seconds, remaining time: 0.35 minutes
Epoch #560: train loss = 1.030062, val loss = 0.216561, total loss = 0.623312, Epoch time: 0.04 seconds, remaining time: 0.35 minutes
Epoch #561: train loss = 0.374644, val loss = 3.350959, total loss = 1.862802, Epoch time: 0.05 seconds, remaining time: 0.35 minutes
Epoch #562: train loss = 0.379977, val loss = 0.275714, total loss = 0.327846, Epoch time: 0.05 seconds, remaining time: 0.36 minutes
Epoch #563: train loss = 0.587277, val loss = 0.234814, total loss = 0.411046, Epoch time: 0.04 seconds, remaining time: 0.35 minutes
Epoch #564: train loss = 0.364551, val loss = 0.341676, total loss = 0.353113, Epoch time: 0.05 seconds, remaining time: 0.35 minutes
Epoch #565: train loss = 0.680473, val loss = 2.685955, total loss = 1.683214, Epoch time: 0.04 seconds, remaining time: 0.35 minutes
Epoch #566: train loss = 0.346644, val loss = 4.227161, total loss = 2.286903, Epoch time: 0.05 seconds, remaining time: 0.35 minutes
Epoch #567: train loss = 3.521468, val loss = 2.390814, total loss = 2.956141, Epoch time: 0.04 seconds, remaining time: 0.35 minutes
Epoch #568: train loss = 0.403755, val loss = 0.431856, total loss = 0.417806, Epoch time: 0.05 seconds, remaining time: 0.35 minutes
Epoch #569: train loss = 1.118916, val loss = 1.878739, total loss = 1.498828, Epoch time: 0.05 seconds, remaining time: 0.34 minutes
Epoch #570: train loss = 0.524336, val loss = 4.486997, total loss = 2.505666, Epoch time: 0.05 seconds, remaining time: 0.34 minutes
Epoch #571: train loss = 0.905049, val loss = 3.298308, total loss = 2.101678, Epoch time: 0.05 seconds, remaining time: 0.34 minutes
Epoch #572: train loss = 0.524713, val loss = 0.375193, total loss = 0.449953, Epoch time: 0.05 seconds, remaining time: 0.33 minutes
Epoch #573: train loss = 0.494330, val loss = 2.653894, total loss = 1.574112, Epoch time: 0.06 seconds, remaining time: 0.34 minutes
Epoch #574: train loss = 0.520811, val loss = 1.679878, total loss = 1.100345, Epoch time: 0.05 seconds, remaining time: 0.33 minutes
Epoch #575: train loss = 0.678048, val loss = 5.734848, total loss = 3.206448, Epoch time: 0.04 seconds, remaining time: 0.33 minutes
Epoch #576: train loss = 0.632055, val loss = 0.220106, total loss = 0.426080, Epoch time: 0.04 seconds, remaining time: 0.33 minutes
Epoch #577: train loss = 0.504216, val loss = 0.325965, total loss = 0.415090, Epoch time: 0.05 seconds, remaining time: 0.33 minutes
Epoch #578: train loss = 0.656864, val loss = 4.780533, total loss = 2.718699, Epoch time: 0.05 seconds, remaining time: 0.33 minutes
Epoch #579: train loss = 0.786599, val loss = 0.288281, total loss = 0.537440, Epoch time: 0.04 seconds, remaining time: 0.33 minutes
Epoch #580: train loss = 0.444365, val loss = 0.223035, total loss = 0.333700, Epoch time: 0.05 seconds, remaining time: 0.33 minutes
Epoch #581: train loss = 0.534644, val loss = 0.281985, total loss = 0.408315, Epoch time: 0.05 seconds, remaining time: 0.33 minutes
Epoch #582: train loss = 0.485323, val loss = 4.925594, total loss = 2.705458, Epoch time: 0.05 seconds, remaining time: 0.33 minutes
Epoch #583: train loss = 0.648760, val loss = 0.246288, total loss = 0.447524, Epoch time: 0.05 seconds, remaining time: 0.32 minutes
Epoch #584: train loss = 0.394548, val loss = 3.326310, total loss = 1.860429, Epoch time: 0.05 seconds, remaining time: 0.33 minutes
Epoch #585: train loss = 0.493643, val loss = 0.144613, total loss = 0.319128, Epoch time: 0.05 seconds, remaining time: 0.33 minutes
Epoch #586: train loss = 0.471799, val loss = 4.305039, total loss = 2.388419, Epoch time: 0.05 seconds, remaining time: 0.33 minutes
Epoch #587: train loss = 0.519679, val loss = 0.274970, total loss = 0.397324, Epoch time: 0.05 seconds, remaining time: 0.33 minutes
Epoch #588: train loss = 0.727379, val loss = 0.319549, total loss = 0.523464, Epoch time: 0.05 seconds, remaining time: 0.33 minutes
Epoch #589: train loss = 0.551833, val loss = 3.629271, total loss = 2.090552, Epoch time: 0.06 seconds, remaining time: 0.34 minutes
Epoch #590: train loss = 0.369708, val loss = 5.858661, total loss = 3.114184, Epoch time: 0.07 seconds, remaining time: 0.35 minutes
Epoch #591: train loss = 0.486263, val loss = 0.195721, total loss = 0.340992, Epoch time: 0.06 seconds, remaining time: 0.36 minutes
Epoch #592: train loss = 0.721193, val loss = 0.243100, total loss = 0.482147, Epoch time: 0.06 seconds, remaining time: 0.37 minutes
Epoch #593: train loss = 0.415596, val loss = 0.345581, total loss = 0.380588, Epoch time: 0.05 seconds, remaining time: 0.37 minutes
Epoch #594: train loss = 0.638695, val loss = 4.653394, total loss = 2.646045, Epoch time: 0.05 seconds, remaining time: 0.37 minutes
Epoch #595: train loss = 0.455406, val loss = 3.557889, total loss = 2.006647, Epoch time: 0.05 seconds, remaining time: 0.36 minutes
Epoch #596: train loss = 1.172656, val loss = 0.285792, total loss = 0.729224, Epoch time: 0.04 seconds, remaining time: 0.36 minutes
Epoch #597: train loss = 0.660907, val loss = 0.247188, total loss = 0.454048, Epoch time: 0.05 seconds, remaining time: 0.36 minutes
Epoch #598: train loss = 0.824802, val loss = 2.142277, total loss = 1.483540, Epoch time: 0.05 seconds, remaining time: 0.35 minutes
Epoch #599: train loss = 0.511061, val loss = 0.308093, total loss = 0.409577, Epoch time: 0.05 seconds, remaining time: 0.34 minutes
Epoch #600: train loss = 0.621987, val loss = 4.154452, total loss = 2.388220, Epoch time: 0.05 seconds, remaining time: 0.33 minutes
Epoch #601: train loss = 0.825029, val loss = 0.243922, total loss = 0.534476, Epoch time: 0.05 seconds, remaining time: 0.32 minutes
Epoch #602: train loss = 0.462015, val loss = 0.246452, total loss = 0.354234, Epoch time: 0.05 seconds, remaining time: 0.32 minutes
Epoch #603: train loss = 0.525535, val loss = 2.466644, total loss = 1.496089, Epoch time: 0.05 seconds, remaining time: 0.31 minutes
Epoch #604: train loss = 0.448147, val loss = 0.359388, total loss = 0.403767, Epoch time: 0.05 seconds, remaining time: 0.31 minutes
Epoch #605: train loss = 0.501771, val loss = 0.271500, total loss = 0.386636, Epoch time: 0.05 seconds, remaining time: 0.32 minutes
Epoch #606: train loss = 0.382407, val loss = 0.189276, total loss = 0.285842, Epoch time: 0.05 seconds, remaining time: 0.32 minutes
Epoch #607: train loss = 0.451802, val loss = 0.258311, total loss = 0.355056, Epoch time: 0.05 seconds, remaining time: 0.32 minutes
Epoch #608: train loss = 0.359050, val loss = 0.286821, total loss = 0.322936, Epoch time: 0.05 seconds, remaining time: 0.33 minutes
Epoch #609: train loss = 0.376344, val loss = 4.158765, total loss = 2.267555, Epoch time: 0.05 seconds, remaining time: 0.33 minutes
Epoch #610: train loss = 0.564959, val loss = 3.187987, total loss = 1.876473, Epoch time: 0.04 seconds, remaining time: 0.32 minutes
Epoch #611: train loss = 0.931459, val loss = 5.556554, total loss = 3.244006, Epoch time: 0.04 seconds, remaining time: 0.32 minutes
Epoch #612: train loss = 0.806832, val loss = 3.068517, total loss = 1.937674, Epoch time: 0.05 seconds, remaining time: 0.32 minutes
Epoch #613: train loss = 0.459334, val loss = 0.225413, total loss = 0.342374, Epoch time: 0.05 seconds, remaining time: 0.31 minutes
Epoch #614: train loss = 0.402702, val loss = 0.189799, total loss = 0.296251, Epoch time: 0.05 seconds, remaining time: 0.32 minutes
Epoch #615: train loss = 0.930398, val loss = 2.002325, total loss = 1.466362, Epoch time: 0.05 seconds, remaining time: 0.31 minutes
Epoch #616: train loss = 0.437476, val loss = 3.695239, total loss = 2.066357, Epoch time: 0.05 seconds, remaining time: 0.31 minutes
Epoch #617: train loss = 1.725371, val loss = 2.215898, total loss = 1.970635, Epoch time: 0.04 seconds, remaining time: 0.30 minutes
Epoch #618: train loss = 0.388926, val loss = 0.155408, total loss = 0.272167, Epoch time: 0.05 seconds, remaining time: 0.30 minutes
Epoch #619: train loss = 0.886098, val loss = 0.290072, total loss = 0.588085, Epoch time: 0.05 seconds, remaining time: 0.29 minutes
Epoch #620: train loss = 0.685988, val loss = 0.228766, total loss = 0.457377, Epoch time: 0.05 seconds, remaining time: 0.29 minutes
Epoch #621: train loss = 0.414659, val loss = 0.211678, total loss = 0.313169, Epoch time: 0.05 seconds, remaining time: 0.30 minutes
Epoch #622: train loss = 0.858522, val loss = 1.217819, total loss = 1.038171, Epoch time: 0.04 seconds, remaining time: 0.29 minutes
Epoch #623: train loss = 0.438918, val loss = 0.252111, total loss = 0.345515, Epoch time: 0.05 seconds, remaining time: 0.30 minutes
Epoch #624: train loss = 0.537920, val loss = 1.315387, total loss = 0.926654, Epoch time: 0.04 seconds, remaining time: 0.29 minutes
Epoch #625: train loss = 0.568649, val loss = 0.250750, total loss = 0.409699, Epoch time: 0.04 seconds, remaining time: 0.29 minutes
Epoch #626: train loss = 0.495717, val loss = 0.266364, total loss = 0.381040, Epoch time: 0.05 seconds, remaining time: 0.29 minutes
Epoch #627: train loss = 0.558898, val loss = 0.328426, total loss = 0.443662, Epoch time: 0.04 seconds, remaining time: 0.29 minutes
Epoch #628: train loss = 0.386095, val loss = 0.254324, total loss = 0.320210, Epoch time: 0.05 seconds, remaining time: 0.29 minutes
Epoch #629: train loss = 0.408368, val loss = 1.404325, total loss = 0.906347, Epoch time: 0.05 seconds, remaining time: 0.29 minutes
Epoch #630: train loss = 0.399718, val loss = 0.197961, total loss = 0.298839, Epoch time: 0.05 seconds, remaining time: 0.29 minutes
Epoch #631: train loss = 0.494115, val loss = 3.765503, total loss = 2.129809, Epoch time: 0.05 seconds, remaining time: 0.29 minutes
Epoch #632: train loss = 0.403916, val loss = 3.832904, total loss = 2.118410, Epoch time: 0.05 seconds, remaining time: 0.30 minutes
Epoch #633: train loss = 0.840599, val loss = 3.620383, total loss = 2.230491, Epoch time: 0.04 seconds, remaining time: 0.29 minutes
Epoch #634: train loss = 0.500737, val loss = 4.268639, total loss = 2.384688, Epoch time: 0.04 seconds, remaining time: 0.29 minutes
Epoch #635: train loss = 0.547548, val loss = 0.220756, total loss = 0.384152, Epoch time: 0.04 seconds, remaining time: 0.29 minutes
Epoch #636: train loss = 0.396497, val loss = 0.228525, total loss = 0.312511, Epoch time: 0.05 seconds, remaining time: 0.29 minutes
Epoch #637: train loss = 0.367616, val loss = 2.883683, total loss = 1.625650, Epoch time: 0.06 seconds, remaining time: 0.30 minutes
Epoch #638: train loss = 0.404745, val loss = 3.472212, total loss = 1.938478, Epoch time: 0.05 seconds, remaining time: 0.30 minutes
Epoch #639: train loss = 0.382237, val loss = 0.275387, total loss = 0.328812, Epoch time: 0.05 seconds, remaining time: 0.30 minutes
Epoch #640: train loss = 0.317236, val loss = 3.533990, total loss = 1.925613, Epoch time: 0.05 seconds, remaining time: 0.30 minutes
Epoch #641: train loss = 0.476425, val loss = 3.621602, total loss = 2.049013, Epoch time: 0.05 seconds, remaining time: 0.29 minutes
Epoch #642: train loss = 0.930321, val loss = 3.949152, total loss = 2.439736, Epoch time: 0.04 seconds, remaining time: 0.28 minutes
Epoch #643: train loss = 0.481023, val loss = 3.474637, total loss = 1.977830, Epoch time: 0.05 seconds, remaining time: 0.28 minutes
Epoch #644: train loss = 0.357008, val loss = 2.937183, total loss = 1.647095, Epoch time: 0.05 seconds, remaining time: 0.29 minutes
Epoch #645: train loss = 1.089450, val loss = 0.176786, total loss = 0.633118, Epoch time: 0.04 seconds, remaining time: 0.29 minutes
Epoch #646: train loss = 0.552030, val loss = 0.279449, total loss = 0.415739, Epoch time: 0.04 seconds, remaining time: 0.28 minutes
Epoch #647: train loss = 0.439361, val loss = 4.457315, total loss = 2.448338, Epoch time: 0.05 seconds, remaining time: 0.27 minutes
Epoch #648: train loss = 0.377952, val loss = 0.250545, total loss = 0.314248, Epoch time: 0.05 seconds, remaining time: 0.27 minutes
Epoch #649: train loss = 0.865729, val loss = 0.263061, total loss = 0.564395, Epoch time: 0.04 seconds, remaining time: 0.27 minutes
Epoch #650: train loss = 0.469088, val loss = 4.873647, total loss = 2.671368, Epoch time: 0.05 seconds, remaining time: 0.26 minutes
Epoch #651: train loss = 0.417787, val loss = 0.296702, total loss = 0.357245, Epoch time: 0.05 seconds, remaining time: 0.26 minutes
Epoch #652: train loss = 0.473655, val loss = 0.331167, total loss = 0.402411, Epoch time: 0.04 seconds, remaining time: 0.27 minutes
Epoch #653: train loss = 0.410696, val loss = 0.344290, total loss = 0.377493, Epoch time: 0.05 seconds, remaining time: 0.27 minutes
Epoch #654: train loss = 0.361545, val loss = 2.235249, total loss = 1.298397, Epoch time: 0.05 seconds, remaining time: 0.26 minutes
Epoch #655: train loss = 0.387521, val loss = 0.268586, total loss = 0.328053, Epoch time: 0.05 seconds, remaining time: 0.27 minutes
Epoch #656: train loss = 0.336124, val loss = 5.324677, total loss = 2.830400, Epoch time: 0.05 seconds, remaining time: 0.27 minutes
Epoch #657: train loss = 0.570745, val loss = 1.667848, total loss = 1.119296, Epoch time: 0.04 seconds, remaining time: 0.27 minutes
Epoch #658: train loss = 0.307073, val loss = 0.245619, total loss = 0.276346, Epoch time: 0.05 seconds, remaining time: 0.27 minutes
Epoch #659: train loss = 0.530707, val loss = 4.592062, total loss = 2.561385, Epoch time: 0.05 seconds, remaining time: 0.27 minutes
Epoch #660: train loss = 0.610060, val loss = 0.220580, total loss = 0.415320, Epoch time: 0.05 seconds, remaining time: 0.27 minutes
Epoch #661: train loss = 0.324435, val loss = 3.013906, total loss = 1.669171, Epoch time: 0.05 seconds, remaining time: 0.27 minutes
Epoch #662: train loss = 0.507012, val loss = 3.337701, total loss = 1.922356, Epoch time: 0.04 seconds, remaining time: 0.27 minutes
Epoch #663: train loss = 0.553113, val loss = 0.895808, total loss = 0.724460, Epoch time: 0.04 seconds, remaining time: 0.27 minutes
Epoch #664: train loss = 0.405859, val loss = 0.181983, total loss = 0.293921, Epoch time: 0.05 seconds, remaining time: 0.26 minutes
Epoch #665: train loss = 0.546150, val loss = 0.253543, total loss = 0.399847, Epoch time: 0.05 seconds, remaining time: 0.26 minutes
Epoch #666: train loss = 0.508589, val loss = 3.711945, total loss = 2.110267, Epoch time: 0.04 seconds, remaining time: 0.25 minutes
Epoch #667: train loss = 0.320218, val loss = 5.185585, total loss = 2.752902, Epoch time: 0.05 seconds, remaining time: 0.26 minutes
Epoch #668: train loss = 1.387629, val loss = 5.419185, total loss = 3.403407, Epoch time: 0.04 seconds, remaining time: 0.25 minutes
Epoch #669: train loss = 0.348604, val loss = 2.102268, total loss = 1.225436, Epoch time: 0.05 seconds, remaining time: 0.25 minutes
Epoch #670: train loss = 0.305710, val loss = 0.311106, total loss = 0.308408, Epoch time: 0.05 seconds, remaining time: 0.25 minutes
Epoch #671: train loss = 2.313492, val loss = 3.565155, total loss = 2.939323, Epoch time: 0.04 seconds, remaining time: 0.24 minutes
Epoch #672: train loss = 1.654293, val loss = 5.629567, total loss = 3.641930, Epoch time: 0.04 seconds, remaining time: 0.24 minutes
Epoch #673: train loss = 0.501912, val loss = 0.330287, total loss = 0.416100, Epoch time: 0.05 seconds, remaining time: 0.24 minutes
Epoch #674: train loss = 0.618279, val loss = 2.445762, total loss = 1.532021, Epoch time: 0.04 seconds, remaining time: 0.24 minutes
Epoch #675: train loss = 0.542320, val loss = 4.200916, total loss = 2.371618, Epoch time: 0.05 seconds, remaining time: 0.24 minutes
Epoch #676: train loss = 0.573288, val loss = 2.128191, total loss = 1.350739, Epoch time: 0.05 seconds, remaining time: 0.24 minutes
Epoch #677: train loss = 0.543217, val loss = 0.324146, total loss = 0.433681, Epoch time: 0.05 seconds, remaining time: 0.24 minutes
Epoch #678: train loss = 0.441738, val loss = 4.637233, total loss = 2.539486, Epoch time: 0.05 seconds, remaining time: 0.24 minutes
Epoch #679: train loss = 0.469378, val loss = 0.360333, total loss = 0.414856, Epoch time: 0.05 seconds, remaining time: 0.25 minutes
Epoch #680: train loss = 0.467418, val loss = 0.358898, total loss = 0.413158, Epoch time: 0.05 seconds, remaining time: 0.24 minutes
Epoch #681: train loss = 0.422565, val loss = 0.211808, total loss = 0.317187, Epoch time: 0.05 seconds, remaining time: 0.25 minutes
Epoch #682: train loss = 0.451606, val loss = 0.217295, total loss = 0.334450, Epoch time: 0.05 seconds, remaining time: 0.26 minutes
Epoch #683: train loss = 0.488338, val loss = 0.239580, total loss = 0.363959, Epoch time: 0.05 seconds, remaining time: 0.26 minutes
Epoch #684: train loss = 0.420615, val loss = 4.634164, total loss = 2.527389, Epoch time: 0.05 seconds, remaining time: 0.26 minutes
Epoch #685: train loss = 0.919983, val loss = 2.374349, total loss = 1.647166, Epoch time: 0.04 seconds, remaining time: 0.25 minutes
Epoch #686: train loss = 0.339770, val loss = 3.674101, total loss = 2.006935, Epoch time: 0.05 seconds, remaining time: 0.25 minutes
Epoch #687: train loss = 0.391070, val loss = 0.339704, total loss = 0.365387, Epoch time: 0.05 seconds, remaining time: 0.26 minutes
Epoch #688: train loss = 0.546631, val loss = 0.294139, total loss = 0.420385, Epoch time: 0.05 seconds, remaining time: 0.25 minutes
Epoch #689: train loss = 0.671838, val loss = 0.304295, total loss = 0.488066, Epoch time: 0.04 seconds, remaining time: 0.25 minutes
Epoch #690: train loss = 0.575697, val loss = 0.360285, total loss = 0.467991, Epoch time: 0.04 seconds, remaining time: 0.24 minutes
Epoch #691: train loss = 0.438189, val loss = 3.443160, total loss = 1.940675, Epoch time: 0.05 seconds, remaining time: 0.24 minutes
Epoch #692: train loss = 0.351874, val loss = 3.735138, total loss = 2.043506, Epoch time: 0.05 seconds, remaining time: 0.24 minutes
Epoch #693: train loss = 0.993517, val loss = 0.182290, total loss = 0.587903, Epoch time: 0.04 seconds, remaining time: 0.23 minutes
Epoch #694: train loss = 0.428462, val loss = 0.251766, total loss = 0.340114, Epoch time: 0.05 seconds, remaining time: 0.23 minutes
Epoch #695: train loss = 0.370854, val loss = 0.907104, total loss = 0.638979, Epoch time: 0.05 seconds, remaining time: 0.24 minutes
Epoch #696: train loss = 0.451634, val loss = 1.041870, total loss = 0.746752, Epoch time: 0.05 seconds, remaining time: 0.23 minutes
Epoch #697: train loss = 0.984224, val loss = 0.197129, total loss = 0.590677, Epoch time: 0.04 seconds, remaining time: 0.23 minutes
Epoch #698: train loss = 1.200571, val loss = 0.327346, total loss = 0.763959, Epoch time: 0.04 seconds, remaining time: 0.22 minutes
Epoch #699: train loss = 1.412089, val loss = 0.291070, total loss = 0.851580, Epoch time: 0.04 seconds, remaining time: 0.22 minutes
Epoch #700: train loss = 0.564937, val loss = 2.801564, total loss = 1.683250, Epoch time: 0.05 seconds, remaining time: 0.22 minutes
Epoch #701: train loss = 0.441778, val loss = 3.196215, total loss = 1.818997, Epoch time: 0.05 seconds, remaining time: 0.22 minutes
Epoch #702: train loss = 0.447110, val loss = 5.029541, total loss = 2.738326, Epoch time: 0.05 seconds, remaining time: 0.22 minutes
Epoch #703: train loss = 0.617010, val loss = 0.320116, total loss = 0.468563, Epoch time: 0.05 seconds, remaining time: 0.22 minutes
Epoch #704: train loss = 0.406661, val loss = 0.250087, total loss = 0.328374, Epoch time: 0.05 seconds, remaining time: 0.22 minutes
Epoch #705: train loss = 0.594505, val loss = 0.252975, total loss = 0.423740, Epoch time: 0.04 seconds, remaining time: 0.22 minutes
Epoch #706: train loss = 0.619906, val loss = 0.285148, total loss = 0.452527, Epoch time: 0.04 seconds, remaining time: 0.22 minutes
Epoch #707: train loss = 0.436373, val loss = 0.325933, total loss = 0.381153, Epoch time: 0.05 seconds, remaining time: 0.22 minutes
Epoch #708: train loss = 1.202666, val loss = 3.533523, total loss = 2.368095, Epoch time: 0.04 seconds, remaining time: 0.22 minutes
Epoch #709: train loss = 0.459720, val loss = 0.727617, total loss = 0.593669, Epoch time: 0.05 seconds, remaining time: 0.22 minutes
Epoch #710: train loss = 0.451494, val loss = 0.180633, total loss = 0.316064, Epoch time: 0.05 seconds, remaining time: 0.22 minutes
Epoch #711: train loss = 0.506631, val loss = 0.281826, total loss = 0.394228, Epoch time: 0.05 seconds, remaining time: 0.22 minutes
Epoch #712: train loss = 1.356626, val loss = 0.237118, total loss = 0.796872, Epoch time: 0.04 seconds, remaining time: 0.22 minutes
Epoch #713: train loss = 0.802066, val loss = 0.289251, total loss = 0.545658, Epoch time: 0.04 seconds, remaining time: 0.22 minutes
Epoch #714: train loss = 0.632063, val loss = 2.059528, total loss = 1.345796, Epoch time: 0.04 seconds, remaining time: 0.21 minutes
Epoch #715: train loss = 0.397086, val loss = 3.887315, total loss = 2.142200, Epoch time: 0.05 seconds, remaining time: 0.21 minutes
Epoch #716: train loss = 0.478069, val loss = 3.455173, total loss = 1.966621, Epoch time: 0.04 seconds, remaining time: 0.21 minutes
Epoch #717: train loss = 0.376498, val loss = 2.761938, total loss = 1.569218, Epoch time: 0.05 seconds, remaining time: 0.22 minutes
Epoch #718: train loss = 0.426505, val loss = 2.628315, total loss = 1.527410, Epoch time: 0.05 seconds, remaining time: 0.22 minutes
Epoch #719: train loss = 0.410238, val loss = 2.642421, total loss = 1.526330, Epoch time: 0.05 seconds, remaining time: 0.22 minutes
Epoch #720: train loss = 2.190402, val loss = 0.331819, total loss = 1.261110, Epoch time: 0.04 seconds, remaining time: 0.21 minutes
Epoch #721: train loss = 0.403553, val loss = 3.279217, total loss = 1.841385, Epoch time: 0.05 seconds, remaining time: 0.21 minutes
Epoch #722: train loss = 0.460786, val loss = 0.229536, total loss = 0.345161, Epoch time: 0.05 seconds, remaining time: 0.21 minutes
Epoch #723: train loss = 0.489485, val loss = 5.706835, total loss = 3.098160, Epoch time: 0.05 seconds, remaining time: 0.21 minutes
Epoch #724: train loss = 0.522604, val loss = 3.720241, total loss = 2.121422, Epoch time: 0.04 seconds, remaining time: 0.21 minutes
Epoch #725: train loss = 0.441328, val loss = 4.201467, total loss = 2.321398, Epoch time: 0.05 seconds, remaining time: 0.21 minutes
Epoch #726: train loss = 0.425939, val loss = 3.946099, total loss = 2.186019, Epoch time: 0.05 seconds, remaining time: 0.21 minutes
Epoch #727: train loss = 0.504655, val loss = 0.245104, total loss = 0.374879, Epoch time: 0.04 seconds, remaining time: 0.21 minutes
Epoch #728: train loss = 0.625431, val loss = 0.219209, total loss = 0.422320, Epoch time: 0.04 seconds, remaining time: 0.21 minutes
Epoch #729: train loss = 0.369459, val loss = 6.102599, total loss = 3.236029, Epoch time: 0.05 seconds, remaining time: 0.21 minutes
Epoch #730: train loss = 0.591008, val loss = 1.363994, total loss = 0.977501, Epoch time: 0.04 seconds, remaining time: 0.21 minutes
Epoch #731: train loss = 0.422225, val loss = 0.307582, total loss = 0.364903, Epoch time: 0.05 seconds, remaining time: 0.21 minutes
Epoch #732: train loss = 0.750690, val loss = 0.357195, total loss = 0.553943, Epoch time: 0.05 seconds, remaining time: 0.21 minutes
Epoch #733: train loss = 0.426823, val loss = 0.215621, total loss = 0.321222, Epoch time: 0.05 seconds, remaining time: 0.21 minutes
Epoch #734: train loss = 0.336107, val loss = 0.242065, total loss = 0.289086, Epoch time: 0.05 seconds, remaining time: 0.21 minutes
Epoch #735: train loss = 0.546500, val loss = 2.527392, total loss = 1.536946, Epoch time: 0.04 seconds, remaining time: 0.20 minutes
Epoch #736: train loss = 0.358703, val loss = 0.194433, total loss = 0.276568, Epoch time: 0.05 seconds, remaining time: 0.20 minutes
Epoch #737: train loss = 0.512036, val loss = 3.543807, total loss = 2.027921, Epoch time: 0.05 seconds, remaining time: 0.20 minutes
Epoch #738: train loss = 0.366310, val loss = 3.462776, total loss = 1.914543, Epoch time: 0.05 seconds, remaining time: 0.21 minutes
Epoch #739: train loss = 0.426684, val loss = 0.173673, total loss = 0.300179, Epoch time: 0.05 seconds, remaining time: 0.20 minutes
Epoch #740: train loss = 3.122247, val loss = 0.275185, total loss = 1.698716, Epoch time: 0.04 seconds, remaining time: 0.20 minutes
Epoch #741: train loss = 0.919234, val loss = 0.301714, total loss = 0.610474, Epoch time: 0.04 seconds, remaining time: 0.20 minutes
Epoch #742: train loss = 0.967412, val loss = 0.306486, total loss = 0.636949, Epoch time: 0.04 seconds, remaining time: 0.19 minutes
Epoch #743: train loss = 1.193602, val loss = 2.624085, total loss = 1.908844, Epoch time: 0.04 seconds, remaining time: 0.19 minutes
Epoch #744: train loss = 0.586679, val loss = 0.377078, total loss = 0.481878, Epoch time: 0.04 seconds, remaining time: 0.19 minutes
Epoch #745: train loss = 1.365865, val loss = 0.430702, total loss = 0.898283, Epoch time: 0.04 seconds, remaining time: 0.18 minutes
Epoch #746: train loss = 0.478068, val loss = 2.944344, total loss = 1.711206, Epoch time: 0.05 seconds, remaining time: 0.18 minutes
Epoch #747: train loss = 0.645312, val loss = 0.407675, total loss = 0.526493, Epoch time: 0.04 seconds, remaining time: 0.18 minutes
Epoch #748: train loss = 0.524082, val loss = 0.389250, total loss = 0.456666, Epoch time: 0.05 seconds, remaining time: 0.18 minutes
Epoch #749: train loss = 0.522704, val loss = 0.321649, total loss = 0.422176, Epoch time: 0.05 seconds, remaining time: 0.18 minutes
Epoch #750: train loss = 0.518613, val loss = 4.632226, total loss = 2.575420, Epoch time: 0.05 seconds, remaining time: 0.18 minutes
Epoch #751: train loss = 0.746216, val loss = 1.995388, total loss = 1.370802, Epoch time: 0.05 seconds, remaining time: 0.19 minutes
Epoch #752: train loss = 0.596383, val loss = 0.338536, total loss = 0.467460, Epoch time: 0.04 seconds, remaining time: 0.19 minutes
Epoch #753: train loss = 0.745409, val loss = 0.274006, total loss = 0.509708, Epoch time: 0.05 seconds, remaining time: 0.19 minutes
Epoch #754: train loss = 0.410203, val loss = 3.791850, total loss = 2.101027, Epoch time: 0.05 seconds, remaining time: 0.19 minutes
Epoch #755: train loss = 0.481867, val loss = 4.508315, total loss = 2.495091, Epoch time: 0.04 seconds, remaining time: 0.19 minutes
Epoch #756: train loss = 0.398901, val loss = 0.333664, total loss = 0.366282, Epoch time: 0.05 seconds, remaining time: 0.19 minutes
Epoch #757: train loss = 0.434540, val loss = 0.228368, total loss = 0.331454, Epoch time: 0.05 seconds, remaining time: 0.19 minutes
Epoch #758: train loss = 0.568721, val loss = 0.332931, total loss = 0.450826, Epoch time: 0.04 seconds, remaining time: 0.19 minutes
Epoch #759: train loss = 0.400648, val loss = 1.925313, total loss = 1.162981, Epoch time: 0.05 seconds, remaining time: 0.19 minutes
Epoch #760: train loss = 0.426517, val loss = 2.762927, total loss = 1.594722, Epoch time: 0.05 seconds, remaining time: 0.19 minutes
Epoch #761: train loss = 0.455030, val loss = 2.079436, total loss = 1.267233, Epoch time: 0.05 seconds, remaining time: 0.19 minutes
Epoch #762: train loss = 0.554579, val loss = 0.266636, total loss = 0.410608, Epoch time: 0.04 seconds, remaining time: 0.19 minutes
Epoch #763: train loss = 0.355048, val loss = 0.834869, total loss = 0.594958, Epoch time: 0.05 seconds, remaining time: 0.19 minutes
Epoch #764: train loss = 0.417714, val loss = 0.192085, total loss = 0.304899, Epoch time: 0.05 seconds, remaining time: 0.18 minutes
Epoch #765: train loss = 0.559004, val loss = 3.891783, total loss = 2.225393, Epoch time: 0.05 seconds, remaining time: 0.18 minutes
Epoch #766: train loss = 0.410011, val loss = 4.185598, total loss = 2.297805, Epoch time: 0.05 seconds, remaining time: 0.18 minutes
Epoch #767: train loss = 0.313754, val loss = 0.307204, total loss = 0.310479, Epoch time: 0.05 seconds, remaining time: 0.18 minutes
Epoch #768: train loss = 0.446238, val loss = 0.190155, total loss = 0.318196, Epoch time: 0.04 seconds, remaining time: 0.18 minutes
Epoch #769: train loss = 0.278938, val loss = 3.259383, total loss = 1.769161, Epoch time: 0.05 seconds, remaining time: 0.18 minutes
Epoch #770: train loss = 0.312605, val loss = 0.273221, total loss = 0.292913, Epoch time: 0.05 seconds, remaining time: 0.18 minutes
Epoch #771: train loss = 0.539829, val loss = 3.948327, total loss = 2.244078, Epoch time: 0.04 seconds, remaining time: 0.18 minutes
Epoch #772: train loss = 0.421357, val loss = 0.301837, total loss = 0.361597, Epoch time: 0.05 seconds, remaining time: 0.18 minutes
Epoch #773: train loss = 0.378882, val loss = 1.002612, total loss = 0.690747, Epoch time: 0.04 seconds, remaining time: 0.18 minutes
Epoch #774: train loss = 0.375717, val loss = 0.162429, total loss = 0.269073, Epoch time: 0.05 seconds, remaining time: 0.18 minutes
Epoch #775: train loss = 3.332304, val loss = 1.268387, total loss = 2.300346, Epoch time: 0.04 seconds, remaining time: 0.17 minutes
Epoch #776: train loss = 0.299394, val loss = 2.523672, total loss = 1.411533, Epoch time: 0.05 seconds, remaining time: 0.17 minutes
Epoch #777: train loss = 0.870702, val loss = 0.273983, total loss = 0.572343, Epoch time: 0.04 seconds, remaining time: 0.17 minutes
Epoch #778: train loss = 0.498984, val loss = 3.043319, total loss = 1.771151, Epoch time: 0.05 seconds, remaining time: 0.17 minutes
Epoch #779: train loss = 3.656397, val loss = 0.443208, total loss = 2.049802, Epoch time: 0.03 seconds, remaining time: 0.16 minutes
Epoch #780: train loss = 0.494542, val loss = 3.883664, total loss = 2.189103, Epoch time: 0.05 seconds, remaining time: 0.16 minutes
Epoch #781: train loss = 0.650271, val loss = 5.264075, total loss = 2.957173, Epoch time: 0.05 seconds, remaining time: 0.16 minutes
Epoch #782: train loss = 0.649973, val loss = 3.150613, total loss = 1.900293, Epoch time: 0.05 seconds, remaining time: 0.16 minutes
Epoch #783: train loss = 0.724323, val loss = 2.765361, total loss = 1.744842, Epoch time: 0.04 seconds, remaining time: 0.16 minutes
Epoch #784: train loss = 0.639350, val loss = 4.232278, total loss = 2.435814, Epoch time: 0.05 seconds, remaining time: 0.16 minutes
Epoch #785: train loss = 0.506024, val loss = 2.118211, total loss = 1.312118, Epoch time: 0.05 seconds, remaining time: 0.16 minutes
Epoch #786: train loss = 0.770583, val loss = 0.378022, total loss = 0.574302, Epoch time: 0.04 seconds, remaining time: 0.16 minutes
Epoch #787: train loss = 0.628793, val loss = 4.708662, total loss = 2.668727, Epoch time: 0.05 seconds, remaining time: 0.16 minutes
Epoch #788: train loss = 0.497589, val loss = 6.482517, total loss = 3.490053, Epoch time: 0.05 seconds, remaining time: 0.16 minutes
Epoch #789: train loss = 0.561529, val loss = 4.830902, total loss = 2.696215, Epoch time: 0.05 seconds, remaining time: 0.16 minutes
Epoch #790: train loss = 0.493071, val loss = 0.312607, total loss = 0.402839, Epoch time: 0.04 seconds, remaining time: 0.16 minutes
Epoch #791: train loss = 0.381181, val loss = 3.327926, total loss = 1.854554, Epoch time: 0.05 seconds, remaining time: 0.16 minutes
Epoch #792: train loss = 1.802263, val loss = 7.742307, total loss = 4.772285, Epoch time: 0.04 seconds, remaining time: 0.16 minutes
Epoch #793: train loss = 0.772744, val loss = 1.696501, total loss = 1.234623, Epoch time: 0.04 seconds, remaining time: 0.16 minutes
Epoch #794: train loss = 0.897139, val loss = 0.304883, total loss = 0.601011, Epoch time: 0.04 seconds, remaining time: 0.16 minutes
Epoch #795: train loss = 0.432135, val loss = 0.393799, total loss = 0.412967, Epoch time: 0.05 seconds, remaining time: 0.16 minutes
Epoch #796: train loss = 0.586351, val loss = 5.253118, total loss = 2.919734, Epoch time: 0.04 seconds, remaining time: 0.15 minutes
Epoch #797: train loss = 0.659844, val loss = 2.856217, total loss = 1.758030, Epoch time: 0.04 seconds, remaining time: 0.15 minutes
Epoch #798: train loss = 0.624571, val loss = 0.332502, total loss = 0.478536, Epoch time: 0.04 seconds, remaining time: 0.15 minutes
Epoch #799: train loss = 0.877426, val loss = 0.273866, total loss = 0.575646, Epoch time: 0.04 seconds, remaining time: 0.15 minutes
Epoch #800: train loss = 0.428873, val loss = 0.324958, total loss = 0.376915, Epoch time: 0.05 seconds, remaining time: 0.15 minutes
Epoch #801: train loss = 0.563318, val loss = 0.237737, total loss = 0.400528, Epoch time: 0.04 seconds, remaining time: 0.14 minutes
Epoch #802: train loss = 0.575767, val loss = 4.688927, total loss = 2.632347, Epoch time: 0.05 seconds, remaining time: 0.15 minutes
Epoch #803: train loss = 0.460426, val loss = 3.573134, total loss = 2.016780, Epoch time: 0.05 seconds, remaining time: 0.15 minutes
Epoch #804: train loss = 0.430797, val loss = 0.252404, total loss = 0.341601, Epoch time: 0.05 seconds, remaining time: 0.15 minutes
Epoch #805: train loss = 0.565573, val loss = 0.248685, total loss = 0.407129, Epoch time: 0.05 seconds, remaining time: 0.14 minutes
Epoch #806: train loss = 0.861702, val loss = 0.275988, total loss = 0.568845, Epoch time: 0.04 seconds, remaining time: 0.14 minutes
Epoch #807: train loss = 0.427404, val loss = 5.551823, total loss = 2.989613, Epoch time: 0.05 seconds, remaining time: 0.15 minutes
Epoch #808: train loss = 2.746700, val loss = 0.293109, total loss = 1.519904, Epoch time: 0.04 seconds, remaining time: 0.14 minutes
Epoch #809: train loss = 0.386310, val loss = 0.221335, total loss = 0.303822, Epoch time: 0.06 seconds, remaining time: 0.15 minutes
Epoch #810: train loss = 0.559699, val loss = 1.725377, total loss = 1.142538, Epoch time: 0.05 seconds, remaining time: 0.14 minutes
Epoch #811: train loss = 0.446582, val loss = 4.622448, total loss = 2.534515, Epoch time: 0.05 seconds, remaining time: 0.15 minutes
Epoch #812: train loss = 0.488073, val loss = 0.313997, total loss = 0.401035, Epoch time: 0.04 seconds, remaining time: 0.14 minutes
Epoch #813: train loss = 0.564773, val loss = 5.558748, total loss = 3.061760, Epoch time: 0.04 seconds, remaining time: 0.14 minutes
Epoch #814: train loss = 0.527111, val loss = 0.312542, total loss = 0.419827, Epoch time: 0.04 seconds, remaining time: 0.14 minutes
Epoch #815: train loss = 0.435470, val loss = 0.295675, total loss = 0.365573, Epoch time: 0.05 seconds, remaining time: 0.14 minutes
Epoch #816: train loss = 1.292568, val loss = 0.960365, total loss = 1.126467, Epoch time: 0.04 seconds, remaining time: 0.14 minutes
Epoch #817: train loss = 0.434294, val loss = 3.975253, total loss = 2.204774, Epoch time: 0.05 seconds, remaining time: 0.14 minutes
Epoch #818: train loss = 0.400259, val loss = 0.322876, total loss = 0.361568, Epoch time: 0.05 seconds, remaining time: 0.14 minutes
Epoch #819: train loss = 0.602232, val loss = 0.286832, total loss = 0.444532, Epoch time: 0.04 seconds, remaining time: 0.13 minutes
Epoch #820: train loss = 0.513286, val loss = 4.965407, total loss = 2.739346, Epoch time: 0.04 seconds, remaining time: 0.13 minutes
Epoch #821: train loss = 0.369211, val loss = 0.309988, total loss = 0.339600, Epoch time: 0.05 seconds, remaining time: 0.13 minutes
Epoch #822: train loss = 0.507117, val loss = 0.177806, total loss = 0.342462, Epoch time: 0.05 seconds, remaining time: 0.13 minutes
Epoch #823: train loss = 0.428705, val loss = 6.236680, total loss = 3.332693, Epoch time: 0.05 seconds, remaining time: 0.13 minutes
Epoch #824: train loss = 0.463513, val loss = 0.352252, total loss = 0.407882, Epoch time: 0.05 seconds, remaining time: 0.13 minutes
Epoch #825: train loss = 0.413593, val loss = 2.446925, total loss = 1.430259, Epoch time: 0.05 seconds, remaining time: 0.13 minutes
Epoch #826: train loss = 0.401293, val loss = 0.180783, total loss = 0.291038, Epoch time: 0.05 seconds, remaining time: 0.13 minutes
Epoch #827: train loss = 0.440283, val loss = 0.234982, total loss = 0.337632, Epoch time: 0.04 seconds, remaining time: 0.13 minutes
Epoch #828: train loss = 1.325986, val loss = 2.550316, total loss = 1.938151, Epoch time: 0.04 seconds, remaining time: 0.13 minutes
Epoch #829: train loss = 0.356938, val loss = 1.474103, total loss = 0.915521, Epoch time: 0.05 seconds, remaining time: 0.13 minutes
Epoch #830: train loss = 0.349825, val loss = 2.661128, total loss = 1.505476, Epoch time: 0.05 seconds, remaining time: 0.13 minutes
Epoch #831: train loss = 0.385577, val loss = 3.813337, total loss = 2.099457, Epoch time: 0.05 seconds, remaining time: 0.13 minutes
Epoch #832: train loss = 0.397529, val loss = 0.203903, total loss = 0.300716, Epoch time: 0.05 seconds, remaining time: 0.13 minutes
Epoch #833: train loss = 0.450037, val loss = 0.309457, total loss = 0.379747, Epoch time: 0.04 seconds, remaining time: 0.13 minutes
Epoch #834: train loss = 0.487198, val loss = 0.288981, total loss = 0.388090, Epoch time: 0.05 seconds, remaining time: 0.13 minutes
Epoch #835: train loss = 0.317348, val loss = 0.341586, total loss = 0.329467, Epoch time: 0.05 seconds, remaining time: 0.13 minutes
Epoch #836: train loss = 0.379140, val loss = 3.278761, total loss = 1.828951, Epoch time: 0.05 seconds, remaining time: 0.13 minutes
Epoch #837: train loss = 0.593292, val loss = 1.911513, total loss = 1.252402, Epoch time: 0.04 seconds, remaining time: 0.12 minutes
Epoch #838: train loss = 0.447183, val loss = 0.270239, total loss = 0.358711, Epoch time: 0.04 seconds, remaining time: 0.12 minutes
Epoch #839: train loss = 0.401422, val loss = 0.330958, total loss = 0.366190, Epoch time: 0.05 seconds, remaining time: 0.12 minutes
Epoch #840: train loss = 0.444457, val loss = 0.278257, total loss = 0.361357, Epoch time: 0.05 seconds, remaining time: 0.12 minutes
Epoch #841: train loss = 0.728795, val loss = 3.054995, total loss = 1.891895, Epoch time: 0.04 seconds, remaining time: 0.12 minutes
Epoch #842: train loss = 0.863813, val loss = 1.213178, total loss = 1.038495, Epoch time: 0.04 seconds, remaining time: 0.12 minutes
Epoch #843: train loss = 0.445633, val loss = 4.082253, total loss = 2.263943, Epoch time: 0.05 seconds, remaining time: 0.12 minutes
Epoch #844: train loss = 1.359689, val loss = 0.265134, total loss = 0.812412, Epoch time: 0.04 seconds, remaining time: 0.11 minutes
Epoch #845: train loss = 0.490046, val loss = 4.338552, total loss = 2.414299, Epoch time: 0.04 seconds, remaining time: 0.11 minutes
Epoch #846: train loss = 1.916915, val loss = 0.255691, total loss = 1.086303, Epoch time: 0.04 seconds, remaining time: 0.11 minutes
Epoch #847: train loss = 0.363091, val loss = 0.249000, total loss = 0.306046, Epoch time: 0.05 seconds, remaining time: 0.11 minutes
Epoch #848: train loss = 0.394760, val loss = 0.629258, total loss = 0.512009, Epoch time: 0.05 seconds, remaining time: 0.11 minutes
Epoch #849: train loss = 0.709551, val loss = 4.497286, total loss = 2.603419, Epoch time: 0.04 seconds, remaining time: 0.11 minutes
Epoch #850: train loss = 0.444068, val loss = 0.279665, total loss = 0.361867, Epoch time: 0.05 seconds, remaining time: 0.11 minutes
Epoch #851: train loss = 1.863716, val loss = 2.532405, total loss = 2.198061, Epoch time: 0.04 seconds, remaining time: 0.11 minutes
Epoch #852: train loss = 0.354643, val loss = 0.450598, total loss = 0.402621, Epoch time: 0.05 seconds, remaining time: 0.11 minutes
Epoch #853: train loss = 0.886854, val loss = 1.890074, total loss = 1.388464, Epoch time: 0.04 seconds, remaining time: 0.11 minutes
Epoch #854: train loss = 0.401759, val loss = 0.443664, total loss = 0.422712, Epoch time: 0.05 seconds, remaining time: 0.11 minutes
Epoch #855: train loss = 0.442606, val loss = 3.193319, total loss = 1.817962, Epoch time: 0.05 seconds, remaining time: 0.11 minutes
Epoch #856: train loss = 0.404796, val loss = 3.695157, total loss = 2.049976, Epoch time: 0.05 seconds, remaining time: 0.11 minutes
Epoch #857: train loss = 0.582960, val loss = 2.382308, total loss = 1.482634, Epoch time: 0.04 seconds, remaining time: 0.11 minutes
Epoch #858: train loss = 0.879900, val loss = 2.875931, total loss = 1.877916, Epoch time: 0.04 seconds, remaining time: 0.11 minutes
Epoch #859: train loss = 0.578768, val loss = 3.690048, total loss = 2.134408, Epoch time: 0.04 seconds, remaining time: 0.11 minutes
Epoch #860: train loss = 0.536271, val loss = 0.241028, total loss = 0.388649, Epoch time: 0.04 seconds, remaining time: 0.10 minutes
Epoch #861: train loss = 0.395808, val loss = 0.911487, total loss = 0.653647, Epoch time: 0.05 seconds, remaining time: 0.11 minutes
Epoch #862: train loss = 0.554362, val loss = 0.258912, total loss = 0.406637, Epoch time: 0.05 seconds, remaining time: 0.10 minutes
Epoch #863: train loss = 0.407263, val loss = 1.449373, total loss = 0.928318, Epoch time: 0.05 seconds, remaining time: 0.11 minutes
Epoch #864: train loss = 0.543913, val loss = 0.245959, total loss = 0.394936, Epoch time: 0.04 seconds, remaining time: 0.10 minutes
Epoch #865: train loss = 0.328122, val loss = 0.273895, total loss = 0.301008, Epoch time: 0.05 seconds, remaining time: 0.10 minutes
Epoch #866: train loss = 0.460867, val loss = 0.194769, total loss = 0.327818, Epoch time: 0.05 seconds, remaining time: 0.10 minutes
Epoch #867: train loss = 0.354768, val loss = 0.280368, total loss = 0.317568, Epoch time: 0.05 seconds, remaining time: 0.10 minutes
Epoch #868: train loss = 0.487263, val loss = 0.257404, total loss = 0.372333, Epoch time: 0.04 seconds, remaining time: 0.10 minutes
Epoch #869: train loss = 0.355656, val loss = 1.755415, total loss = 1.055536, Epoch time: 0.05 seconds, remaining time: 0.10 minutes
Epoch #870: train loss = 0.755535, val loss = 0.278139, total loss = 0.516837, Epoch time: 0.04 seconds, remaining time: 0.10 minutes
Epoch #871: train loss = 0.328702, val loss = 0.211456, total loss = 0.270079, Epoch time: 0.05 seconds, remaining time: 0.10 minutes
Epoch #872: train loss = 0.438288, val loss = 0.232904, total loss = 0.335596, Epoch time: 0.04 seconds, remaining time: 0.10 minutes
Epoch #873: train loss = 0.433425, val loss = 0.268766, total loss = 0.351095, Epoch time: 0.04 seconds, remaining time: 0.10 minutes
Epoch #874: train loss = 0.390972, val loss = 0.236829, total loss = 0.313901, Epoch time: 0.05 seconds, remaining time: 0.10 minutes
Epoch #875: train loss = 0.388442, val loss = 0.279639, total loss = 0.334041, Epoch time: 0.05 seconds, remaining time: 0.10 minutes
Epoch #876: train loss = 0.741074, val loss = 0.250691, total loss = 0.495883, Epoch time: 0.04 seconds, remaining time: 0.09 minutes
Epoch #877: train loss = 0.386247, val loss = 0.230529, total loss = 0.308388, Epoch time: 0.04 seconds, remaining time: 0.09 minutes
Epoch #878: train loss = 0.260200, val loss = 3.605869, total loss = 1.933035, Epoch time: 0.05 seconds, remaining time: 0.09 minutes
Epoch #879: train loss = 0.293897, val loss = 0.253698, total loss = 0.273798, Epoch time: 0.05 seconds, remaining time: 0.09 minutes
Epoch #880: train loss = 0.341757, val loss = 0.238641, total loss = 0.290199, Epoch time: 0.05 seconds, remaining time: 0.09 minutes
Epoch #881: train loss = 0.607487, val loss = 4.530725, total loss = 2.569106, Epoch time: 0.04 seconds, remaining time: 0.09 minutes
Epoch #882: train loss = 0.292804, val loss = 4.745624, total loss = 2.519214, Epoch time: 0.05 seconds, remaining time: 0.09 minutes
Epoch #883: train loss = 0.477891, val loss = 2.348391, total loss = 1.413141, Epoch time: 0.04 seconds, remaining time: 0.09 minutes
Epoch #884: train loss = 0.432019, val loss = 0.313836, total loss = 0.372928, Epoch time: 0.04 seconds, remaining time: 0.09 minutes
Epoch #885: train loss = 0.282148, val loss = 0.250924, total loss = 0.266536, Epoch time: 0.05 seconds, remaining time: 0.09 minutes
Epoch #886: train loss = 0.358386, val loss = 1.581792, total loss = 0.970089, Epoch time: 0.05 seconds, remaining time: 0.09 minutes
Epoch #887: train loss = 0.666023, val loss = 0.300178, total loss = 0.483100, Epoch time: 0.04 seconds, remaining time: 0.09 minutes
Epoch #888: train loss = 0.389497, val loss = 2.146631, total loss = 1.268064, Epoch time: 0.05 seconds, remaining time: 0.09 minutes
Epoch #889: train loss = 0.423198, val loss = 0.218557, total loss = 0.320878, Epoch time: 0.04 seconds, remaining time: 0.08 minutes
Epoch #890: train loss = 0.442043, val loss = 0.234723, total loss = 0.338383, Epoch time: 0.04 seconds, remaining time: 0.08 minutes
Epoch #891: train loss = 0.465772, val loss = 3.477529, total loss = 1.971651, Epoch time: 0.04 seconds, remaining time: 0.08 minutes
Epoch #892: train loss = 0.674840, val loss = 2.287791, total loss = 1.481315, Epoch time: 0.04 seconds, remaining time: 0.08 minutes
Epoch #893: train loss = 0.361351, val loss = 0.181712, total loss = 0.271532, Epoch time: 0.05 seconds, remaining time: 0.08 minutes
Epoch #894: train loss = 0.285632, val loss = 0.940588, total loss = 0.613110, Epoch time: 0.05 seconds, remaining time: 0.08 minutes
Epoch #895: train loss = 0.321024, val loss = 0.289936, total loss = 0.305480, Epoch time: 0.05 seconds, remaining time: 0.08 minutes
Epoch #896: train loss = 0.619882, val loss = 3.497225, total loss = 2.058553, Epoch time: 0.04 seconds, remaining time: 0.08 minutes
Epoch #897: train loss = 0.512857, val loss = 0.386156, total loss = 0.449507, Epoch time: 0.04 seconds, remaining time: 0.08 minutes
Epoch #898: train loss = 0.314376, val loss = 0.293940, total loss = 0.304158, Epoch time: 0.05 seconds, remaining time: 0.08 minutes
Epoch #899: train loss = 0.504844, val loss = 0.153540, total loss = 0.329192, Epoch time: 0.04 seconds, remaining time: 0.08 minutes
Epoch #900: train loss = 0.432165, val loss = 1.425783, total loss = 0.928974, Epoch time: 0.05 seconds, remaining time: 0.07 minutes
Epoch #901: train loss = 0.297776, val loss = 2.846701, total loss = 1.572239, Epoch time: 0.05 seconds, remaining time: 0.08 minutes
Epoch #902: train loss = 0.476296, val loss = 4.730648, total loss = 2.603472, Epoch time: 0.04 seconds, remaining time: 0.08 minutes
Epoch #903: train loss = 0.314373, val loss = 0.164981, total loss = 0.239677, Epoch time: 0.05 seconds, remaining time: 0.07 minutes
Epoch #904: train loss = 0.281490, val loss = 3.237844, total loss = 1.759667, Epoch time: 0.05 seconds, remaining time: 0.07 minutes
Epoch #905: train loss = 0.312131, val loss = 3.330972, total loss = 1.821551, Epoch time: 0.05 seconds, remaining time: 0.07 minutes
Epoch #906: train loss = 0.440463, val loss = 3.681271, total loss = 2.060867, Epoch time: 0.04 seconds, remaining time: 0.07 minutes
Epoch #907: train loss = 0.363448, val loss = 1.417187, total loss = 0.890318, Epoch time: 0.04 seconds, remaining time: 0.07 minutes
Epoch #908: train loss = 0.322284, val loss = 0.304342, total loss = 0.313313, Epoch time: 0.05 seconds, remaining time: 0.07 minutes
Epoch #909: train loss = 0.319720, val loss = 0.564736, total loss = 0.442228, Epoch time: 0.05 seconds, remaining time: 0.07 minutes
Epoch #910: train loss = 0.378236, val loss = 0.225532, total loss = 0.301884, Epoch time: 0.04 seconds, remaining time: 0.07 minutes
Epoch #911: train loss = 0.353576, val loss = 3.092867, total loss = 1.723221, Epoch time: 0.05 seconds, remaining time: 0.07 minutes
Epoch #912: train loss = 0.266742, val loss = 2.794419, total loss = 1.530580, Epoch time: 0.05 seconds, remaining time: 0.07 minutes
Epoch #913: train loss = 0.574476, val loss = 0.169397, total loss = 0.371936, Epoch time: 0.04 seconds, remaining time: 0.07 minutes
Epoch #914: train loss = 0.556441, val loss = 2.191515, total loss = 1.373978, Epoch time: 0.05 seconds, remaining time: 0.07 minutes
Epoch #915: train loss = 0.387830, val loss = 3.370195, total loss = 1.879013, Epoch time: 0.05 seconds, remaining time: 0.06 minutes
Epoch #916: train loss = 0.314742, val loss = 0.310564, total loss = 0.312653, Epoch time: 0.05 seconds, remaining time: 0.06 minutes
Epoch #917: train loss = 0.396701, val loss = 1.047352, total loss = 0.722027, Epoch time: 0.04 seconds, remaining time: 0.06 minutes
Epoch #918: train loss = 0.510428, val loss = 0.297500, total loss = 0.403964, Epoch time: 0.04 seconds, remaining time: 0.06 minutes
Epoch #919: train loss = 0.393381, val loss = 0.161153, total loss = 0.277267, Epoch time: 0.04 seconds, remaining time: 0.06 minutes
Epoch #920: train loss = 0.326776, val loss = 1.249478, total loss = 0.788127, Epoch time: 0.05 seconds, remaining time: 0.06 minutes
Epoch #921: train loss = 0.446870, val loss = 3.672735, total loss = 2.059803, Epoch time: 0.04 seconds, remaining time: 0.06 minutes
Epoch #922: train loss = 0.310134, val loss = 2.035876, total loss = 1.173005, Epoch time: 0.05 seconds, remaining time: 0.06 minutes
Epoch #923: train loss = 0.300383, val loss = 0.357043, total loss = 0.328713, Epoch time: 0.05 seconds, remaining time: 0.06 minutes
Epoch #924: train loss = 0.265182, val loss = 0.287456, total loss = 0.276319, Epoch time: 0.05 seconds, remaining time: 0.06 minutes
Epoch #925: train loss = 0.442007, val loss = 0.216690, total loss = 0.329348, Epoch time: 0.04 seconds, remaining time: 0.06 minutes
Epoch #926: train loss = 0.401864, val loss = 1.011595, total loss = 0.706729, Epoch time: 0.04 seconds, remaining time: 0.06 minutes
Epoch #927: train loss = 0.215241, val loss = 3.719946, total loss = 1.967594, Epoch time: 0.05 seconds, remaining time: 0.06 minutes
Epoch #928: train loss = 0.350178, val loss = 0.313737, total loss = 0.331957, Epoch time: 0.04 seconds, remaining time: 0.05 minutes
Epoch #929: train loss = 0.247768, val loss = 0.200254, total loss = 0.224011, Epoch time: 0.05 seconds, remaining time: 0.05 minutes
Epoch #930: train loss = 0.276719, val loss = 1.494915, total loss = 0.885817, Epoch time: 0.05 seconds, remaining time: 0.05 minutes
Epoch #931: train loss = 0.673463, val loss = 0.181884, total loss = 0.427674, Epoch time: 0.04 seconds, remaining time: 0.05 minutes
Epoch #932: train loss = 0.308680, val loss = 0.562159, total loss = 0.435419, Epoch time: 0.05 seconds, remaining time: 0.05 minutes
Epoch #933: train loss = 0.530326, val loss = 0.205300, total loss = 0.367813, Epoch time: 0.04 seconds, remaining time: 0.05 minutes
Epoch #934: train loss = 0.337478, val loss = 0.258842, total loss = 0.298160, Epoch time: 0.05 seconds, remaining time: 0.05 minutes
Epoch #935: train loss = 0.311287, val loss = 0.162369, total loss = 0.236828, Epoch time: 0.05 seconds, remaining time: 0.05 minutes
Epoch #936: train loss = 0.322736, val loss = 0.582851, total loss = 0.452793, Epoch time: 0.05 seconds, remaining time: 0.05 minutes
Epoch #937: train loss = 0.404125, val loss = 3.166796, total loss = 1.785461, Epoch time: 0.04 seconds, remaining time: 0.05 minutes
Epoch #938: train loss = 0.281222, val loss = 2.167346, total loss = 1.224284, Epoch time: 0.05 seconds, remaining time: 0.05 minutes
Epoch #939: train loss = 0.220144, val loss = 0.328352, total loss = 0.274248, Epoch time: 0.05 seconds, remaining time: 0.05 minutes
Epoch #940: train loss = 0.266612, val loss = 1.758283, total loss = 1.012447, Epoch time: 0.05 seconds, remaining time: 0.05 minutes
Epoch #941: train loss = 0.470863, val loss = 0.225723, total loss = 0.348293, Epoch time: 0.04 seconds, remaining time: 0.05 minutes
Epoch #942: train loss = 0.335929, val loss = 4.782153, total loss = 2.559041, Epoch time: 0.05 seconds, remaining time: 0.04 minutes
Epoch #943: train loss = 0.390927, val loss = 1.690767, total loss = 1.040847, Epoch time: 0.04 seconds, remaining time: 0.04 minutes
Epoch #944: train loss = 0.297834, val loss = 0.697562, total loss = 0.497698, Epoch time: 0.05 seconds, remaining time: 0.04 minutes
Epoch #945: train loss = 0.366696, val loss = 4.006962, total loss = 2.186829, Epoch time: 0.05 seconds, remaining time: 0.04 minutes
Epoch #946: train loss = 0.272115, val loss = 0.393337, total loss = 0.332726, Epoch time: 0.05 seconds, remaining time: 0.04 minutes
Epoch #947: train loss = 0.621539, val loss = 1.307843, total loss = 0.964691, Epoch time: 0.05 seconds, remaining time: 0.04 minutes
Epoch #948: train loss = 0.428924, val loss = 0.317886, total loss = 0.373405, Epoch time: 0.04 seconds, remaining time: 0.04 minutes
Epoch #949: train loss = 0.281123, val loss = 0.375084, total loss = 0.328103, Epoch time: 0.05 seconds, remaining time: 0.04 minutes
Epoch #950: train loss = 0.266564, val loss = 0.510270, total loss = 0.388417, Epoch time: 0.05 seconds, remaining time: 0.04 minutes
Epoch #951: train loss = 0.309768, val loss = 2.667237, total loss = 1.488502, Epoch time: 0.05 seconds, remaining time: 0.04 minutes
Epoch #952: train loss = 0.312536, val loss = 0.299275, total loss = 0.305905, Epoch time: 0.05 seconds, remaining time: 0.04 minutes
Epoch #953: train loss = 0.252883, val loss = 2.297219, total loss = 1.275051, Epoch time: 0.05 seconds, remaining time: 0.04 minutes
Epoch #954: train loss = 0.262176, val loss = 0.395651, total loss = 0.328914, Epoch time: 0.05 seconds, remaining time: 0.04 minutes
Epoch #955: train loss = 0.270851, val loss = 1.211127, total loss = 0.740989, Epoch time: 0.05 seconds, remaining time: 0.04 minutes
Epoch #956: train loss = 0.357755, val loss = 1.733566, total loss = 1.045660, Epoch time: 0.04 seconds, remaining time: 0.03 minutes
Epoch #957: train loss = 0.353444, val loss = 0.346029, total loss = 0.349737, Epoch time: 0.05 seconds, remaining time: 0.03 minutes
Epoch #958: train loss = 0.385412, val loss = 1.328798, total loss = 0.857105, Epoch time: 0.05 seconds, remaining time: 0.03 minutes
Epoch #959: train loss = 0.646676, val loss = 0.377299, total loss = 0.511988, Epoch time: 0.04 seconds, remaining time: 0.03 minutes
Epoch #960: train loss = 0.275678, val loss = 0.299141, total loss = 0.287409, Epoch time: 0.05 seconds, remaining time: 0.03 minutes
Epoch #961: train loss = 0.336741, val loss = 0.285567, total loss = 0.311154, Epoch time: 0.05 seconds, remaining time: 0.03 minutes
Epoch #962: train loss = 0.659428, val loss = 0.343298, total loss = 0.501363, Epoch time: 0.04 seconds, remaining time: 0.03 minutes
Epoch #963: train loss = 0.297001, val loss = 0.409277, total loss = 0.353139, Epoch time: 0.04 seconds, remaining time: 0.03 minutes
Epoch #964: train loss = 0.349124, val loss = 1.418598, total loss = 0.883861, Epoch time: 0.05 seconds, remaining time: 0.03 minutes
Epoch #965: train loss = 0.250250, val loss = 0.260791, total loss = 0.255521, Epoch time: 0.05 seconds, remaining time: 0.03 minutes
Epoch #966: train loss = 0.405467, val loss = 2.904865, total loss = 1.655166, Epoch time: 0.05 seconds, remaining time: 0.03 minutes
Epoch #967: train loss = 2.410383, val loss = 0.170324, total loss = 1.290353, Epoch time: 0.04 seconds, remaining time: 0.02 minutes
Epoch #968: train loss = 0.239051, val loss = 0.294318, total loss = 0.266684, Epoch time: 0.05 seconds, remaining time: 0.02 minutes
Epoch #969: train loss = 0.501328, val loss = 0.303127, total loss = 0.402228, Epoch time: 0.04 seconds, remaining time: 0.02 minutes
Epoch #970: train loss = 0.323564, val loss = 0.278787, total loss = 0.301175, Epoch time: 0.05 seconds, remaining time: 0.02 minutes
Epoch #971: train loss = 0.314800, val loss = 1.042977, total loss = 0.678888, Epoch time: 0.05 seconds, remaining time: 0.02 minutes
Epoch #972: train loss = 0.384581, val loss = 1.760461, total loss = 1.072521, Epoch time: 0.04 seconds, remaining time: 0.02 minutes
Epoch #973: train loss = 0.442649, val loss = 0.267881, total loss = 0.355265, Epoch time: 0.04 seconds, remaining time: 0.02 minutes
Epoch #974: train loss = 0.320454, val loss = 0.266236, total loss = 0.293345, Epoch time: 0.05 seconds, remaining time: 0.02 minutes
Epoch #975: train loss = 0.279936, val loss = 0.316486, total loss = 0.298211, Epoch time: 0.05 seconds, remaining time: 0.02 minutes
Epoch #976: train loss = 0.451319, val loss = 1.306588, total loss = 0.878954, Epoch time: 0.04 seconds, remaining time: 0.02 minutes
Epoch #977: train loss = 0.433214, val loss = 0.325283, total loss = 0.379249, Epoch time: 0.04 seconds, remaining time: 0.02 minutes
Epoch #978: train loss = 0.277900, val loss = 2.453084, total loss = 1.365492, Epoch time: 0.05 seconds, remaining time: 0.02 minutes
Epoch #979: train loss = 0.336955, val loss = 0.282797, total loss = 0.309876, Epoch time: 0.05 seconds, remaining time: 0.02 minutes
Epoch #980: train loss = 0.321603, val loss = 3.269986, total loss = 1.795795, Epoch time: 0.05 seconds, remaining time: 0.02 minutes
Epoch #981: train loss = 0.284163, val loss = 0.859854, total loss = 0.572009, Epoch time: 0.05 seconds, remaining time: 0.01 minutes
Epoch #982: train loss = 0.662499, val loss = 0.301464, total loss = 0.481981, Epoch time: 0.05 seconds, remaining time: 0.01 minutes
Epoch #983: train loss = 0.569002, val loss = 0.343301, total loss = 0.456151, Epoch time: 0.04 seconds, remaining time: 0.01 minutes
Epoch #984: train loss = 2.161609, val loss = 2.956110, total loss = 2.558859, Epoch time: 0.04 seconds, remaining time: 0.01 minutes
Epoch #985: train loss = 0.294085, val loss = 0.192095, total loss = 0.243090, Epoch time: 0.05 seconds, remaining time: 0.01 minutes
Epoch #986: train loss = 0.399243, val loss = 1.537132, total loss = 0.968187, Epoch time: 0.04 seconds, remaining time: 0.01 minutes
Epoch #987: train loss = 0.372430, val loss = 0.263157, total loss = 0.317793, Epoch time: 0.05 seconds, remaining time: 0.01 minutes
Epoch #988: train loss = 0.299543, val loss = 2.428652, total loss = 1.364097, Epoch time: 0.05 seconds, remaining time: 0.01 minutes
Epoch #989: train loss = 0.563172, val loss = 0.203340, total loss = 0.383256, Epoch time: 0.05 seconds, remaining time: 0.01 minutes
Epoch #990: train loss = 0.437257, val loss = 0.450020, total loss = 0.443639, Epoch time: 0.05 seconds, remaining time: 0.01 minutes
Epoch #991: train loss = 0.389628, val loss = 0.331306, total loss = 0.360467, Epoch time: 0.05 seconds, remaining time: 0.01 minutes
Epoch #992: train loss = 0.431753, val loss = 0.423264, total loss = 0.427509, Epoch time: 0.04 seconds, remaining time: 0.01 minutes
Epoch #993: train loss = 0.366226, val loss = 3.927409, total loss = 2.146818, Epoch time: 0.05 seconds, remaining time: 0.00 minutes
Epoch #994: train loss = 0.358065, val loss = 3.259258, total loss = 1.808662, Epoch time: 0.04 seconds, remaining time: 0.00 minutes
Epoch #995: train loss = 0.404231, val loss = 0.383540, total loss = 0.393886, Epoch time: 0.05 seconds, remaining time: 0.00 minutes
Epoch #996: train loss = 0.428787, val loss = 4.002777, total loss = 2.215782, Epoch time: 0.04 seconds, remaining time: 0.00 minutes
Epoch #997: train loss = 2.030752, val loss = 0.762083, total loss = 1.396418, Epoch time: 0.04 seconds, remaining time: 0.00 minutes
Epoch #998: train loss = 0.362377, val loss = 4.741043, total loss = 2.551710, Epoch time: 0.05 seconds, remaining time: 0.00 minutes
Epoch #999: train loss = 0.338420, val loss = 3.915490, total loss = 2.126955, Epoch time: 0.05 seconds, remaining time: 0.00 minutes

Training time: 0:00:51.052155

Classification evaluation results:
{'acc': 0.2, 'auprc': 0.33990435490435483}
Clustering evaluation results:
{'kmeans': {'acc': 0.4666666666666667, 'ri': 0.5142857142857142, 'nmi': 0.11800521358255328}, 'spectral': {'acc': 0.3333333333333333, 'ri': 0.5142857142857142, 'nmi': 0.0}}
Finished.
